ao_link,lat,lon,itemLabel,description
https://www.atlasobscura.com/places/city-hall-station,40.712628,-74.006822,Old City Hall Station,"A beautiful and abandoned New York subway station from 1904, complete with chandelier."
https://www.atlasobscura.com/places/wave-organ,37.808549,-122.440131,The Wave Organ,A huge musical instrument played by the ocean.
https://www.atlasobscura.com/places/evolution-store,40.728138,-73.9948,The Evolution Store,A terrific purveyor of natural history objects and curios.
https://www.atlasobscura.com/places/magowans-infinite-mirror-maze,37.810024,-122.410356,Magowan's Infinite Mirror Maze,A psychedelic labyrinth on the San Francisco bay.
https://www.atlasobscura.com/places/secret-tiled-staircase,37.75625,-122.473451,Secret Tiled Staircase,An artsy hidden staircase leads to breathtaking views of San Francisco.
https://www.atlasobscura.com/places/dream-house,40.718463,-74.004784,Dream House,"La Monte Young and Marian Zazeela's ""Dream House"" will immerse you in an ever changing world of sound and light."
https://www.atlasobscura.com/places/echo-park-time-travel-mart,34.076812,-118.259261,The Echo Park Time Travel Mart,Non-profit time travel mart sells goods you would need for a trip through the fourth dimension.
https://www.atlasobscura.com/places/last-bookstore,34.047738,-118.249422,The Last Bookstore,This iconic L.A. bookshop is housed in an abandoned bank—both symbolic and chic.
https://www.atlasobscura.com/places/the-museum-of-death-los-angeles-california,34.099971,-118.328998,,
https://www.atlasobscura.com/places/roosevelt-island-smallpox-hospital-ruins,40.751528,-73.959623,,
https://www.atlasobscura.com/places/the-elevated-acre-new-york-new-york,40.703192,-74.009368,,
https://www.atlasobscura.com/places/wave-rock,36.996067,-112.006083,,
https://www.atlasobscura.com/places/eastern-state-penitentiary,39.967314,-75.173693,,
https://www.atlasobscura.com/places/mmuseumm-2,40.717457,-74.002675,,
https://www.atlasobscura.com/places/new-orleans-historic-voodoo-museum,29.959791,-90.063944,,
https://www.atlasobscura.com/places/winchester-mystery-house,37.318946,-121.9506,,
https://www.atlasobscura.com/places/mutter-museum,39.953451,-75.176799,Mütter Museum,America's most famous museum of medical oddities is home to the remains of Albert Einstein's brain.
https://www.atlasobscura.com/places/the-lexington-candy-shop-new-york-new-york,40.777495,-73.957301,Lexington Candy Shop,"The oldest family-run luncheonette in New York, last renovated in 1948, still serves food and drinks the old-fashioned way."
https://www.atlasobscura.com/places/neon-boneyard,36.17696,-115.135324,The Neon Museum,The neon signs from Las Vegas' past find their final resting place at this unusual graveyard.
https://www.atlasobscura.com/places/antelope-canyon,36.86182,-111.374288,Antelope Canyon,Most-visited and most-photographed slot canyon in the American Southwest.
https://www.atlasobscura.com/places/explorers-club-headquarters,40.769891,-73.965614,Explorers Club Headquarters,"A treasure trove of artifacts, books, and artwork from the ""golden age"" of exploration."
https://www.atlasobscura.com/places/mapparium-globe-boston,42.345455,-71.086848,Mapparium Globe,"An enormous, inside-out glass globe built in 1935."
https://www.atlasobscura.com/places/the-witches-castle-portland-oregon,45.528574,-122.724465,The Witch's Castle,These old stone ruins in the Oregon wilderness were once bathrooms and are steeped in legends of murder.
https://www.atlasobscura.com/places/seward-street-slides,37.757643,-122.440046,Seward Street Slides,Bring your own cardboard to the slippery slopes of concrete hidden in a neighborhood park.
https://www.atlasobscura.com/places/thor-s-well,44.27843,-124.113525,,
https://www.atlasobscura.com/places/mount-moriah-cemetery,39.931055,-75.23583,,
https://www.atlasobscura.com/places/mysterious-bookshop,40.714892,-74.009241,,
https://www.atlasobscura.com/places/fly-ranch-geyser,40.859444,-119.331944,,
https://www.atlasobscura.com/places/six-flags-abandoned-amusement-park,30.053058,-89.934018,,
https://www.atlasobscura.com/places/witch-house-salem,42.521507,-70.898894,,
https://www.atlasobscura.com/places/paint-mines-interpretive-park,39.014671,-104.271937,,
https://www.atlasobscura.com/places/house-of-eternal-return,35.654647,-105.99652,,
https://www.atlasobscura.com/places/5-beekman-street,40.711357,-74.006659,5 Beekman Street,This beautiful building in the heart of Manhattan's Financial District was empty for decades.
https://www.atlasobscura.com/places/alcatraz-island,37.826664,-122.423012,Alcatraz Island,"In all of the 29 years it was in operation, no prisoners ever escaped successfully... or so they claim."
https://www.atlasobscura.com/places/havasupai-falls,36.25513,-112.697864,Havasupai Falls,"This secluded aqua waterfall in the Grand Canyon is the perfect swimming hole, and the Havasupai tribe's fiercely protected natural wonder."
https://www.atlasobscura.com/places/ghostbusters-firehouse,40.719681,-74.006631,The 'Ghostbusters' Firehouse,Try not to get slimed in Tribeca.
https://www.atlasobscura.com/places/museum-of-death-new-orleans,29.955945,-90.069841,Museum of Death,"A collection of oddities including Dr. Kevorkian's suicide device, the Thanatron."
https://www.atlasobscura.com/places/yayoi-kusama-firefly-infinity-mirror-room,33.466727,-112.072698,Yayoi Kusama Firefly Infinity Mirror Room,"The installation’s official name, “You Who Are Getting Obliterated in the Dancing Swarm of Fireflies,” says it all."
https://www.atlasobscura.com/places/please-don-t-tell,40.727112,-73.983715,Please Don't Tell,Dodge prohibitionists and slide through the telephone booth in Crif Dogs.
https://www.atlasobscura.com/places/dry-tortugas,24.628611,-82.873333,Dry Tortugas,"These remote Florida islands have a history of sea turtles and sunken treasures, and one of the world's largest coastal brick fortresses."
https://www.atlasobscura.com/places/hamilton-pool,30.342329,-98.127114,,
https://www.atlasobscura.com/places/the-seaglass-carousel-new-york-new-york,40.70215,-74.014991,,
https://www.atlasobscura.com/places/sunken-city,33.705833,-118.288889,,
https://www.atlasobscura.com/places/track-61,40.756337,-73.973509,,
https://www.atlasobscura.com/places/horseshoe-bend,36.878068,-111.511623,,
https://www.atlasobscura.com/places/fremont-troll,47.651246,-122.347681,,
https://www.atlasobscura.com/places/house-rock,43.097018,-90.134876,,
https://www.atlasobscura.com/places/new-york-s-hidden-tropical-forest,40.749924,-73.971132,,
https://www.atlasobscura.com/places/peephole-cinema,37.749234,-122.419913,Peephole Cinema,A tiny theater hidden in an alley plays a constant stream of short silent films for anyone willing to peer through the peephole.
https://www.atlasobscura.com/places/trinity-place-bank-vault-bar,40.708882,-74.011433,Trinity Place Bank Vault Bar,This lower Manhattan bar is set up in an old bank vault that rests beneath a skyscraper that hides even more historic splendor.
https://www.atlasobscura.com/places/seattle-underground,47.601518,-122.334297,Seattle Underground,"A walk through the historic city center, under the streets of Seattle."
https://www.atlasobscura.com/places/hanging-lake-waterfall,39.601393,-107.19179,Hanging Lake,Crystal clear lake with a shoreline of travertine located in a Colorado canyon.
https://www.atlasobscura.com/places/bradbury-building,34.050544,-118.247843,Bradbury Building,The legendary building that needed ghostly approval before being built.
https://www.atlasobscura.com/places/griffith-observatory-s-tesla-coil,34.118378,-118.300352,Griffith Observatory's Tesla Coil,"High on a hill overlooking Los Angeles lives a world famous, high power conical Tesla Coil."
https://www.atlasobscura.com/places/fireflies-of-the-great-smoky-mountains,35.677011,-83.48307,Synchronous Fireflies of the Great Smoky Mountains,"For two weeks every June, fireflies in the Smoky Mountains perform an astonishing light show."
https://www.atlasobscura.com/places/albion-castle,37.731537,-122.375558,Albion Castle,A 140-year-old castle with underground caves hidden in San Francisco.
https://www.atlasobscura.com/places/tannen-s-magic-store,40.749715,-73.986926,,
https://www.atlasobscura.com/places/highline,40.739236,-74.008254,,
https://www.atlasobscura.com/places/old-zoo-picnic-area,34.133889,-118.288611,,
https://www.atlasobscura.com/places/philadelphias-magic-gardens,39.942859,-75.159296,,
https://www.atlasobscura.com/places/oz-park,41.920895,-87.645661,,
https://www.atlasobscura.com/places/ye-olde-curiosity-shop,47.604201,-122.339039,,
https://www.atlasobscura.com/places/ahshislepah-wilderness-study-area,36.166677,-107.917268,,
https://www.atlasobscura.com/places/venetian-pool,25.745695,-80.273233,,
https://www.atlasobscura.com/places/jean-lafitte-s-old-absinthe-house,29.955428,-90.06841,Jean Lafitte's Old Absinthe House,"A 200-year-old bar in the historic French Quarter refuses to give up its place in history, nor its role in securing ours."
https://www.atlasobscura.com/places/bronson-cave,34.123417,-118.314733,Bronson Cave,It should come as no surprise that the best view of the Hollywood sign is from Batman's lair.
https://www.atlasobscura.com/places/international-church-of-cannabis,39.709144,-104.982318,International Church of Cannabis,A technicolor place of worship for Elevationists.
https://www.atlasobscura.com/places/white-sands-national-park,32.78724,-106.325682,White Sands National Park,"Explore the largest pure gypsum deposit in the world, and go dune sledding while you're at it."
https://www.atlasobscura.com/places/marie-laveaus-tomb,29.959076,-90.07139,Marie Laveau's Tomb,The final resting place of New Orleans' most famous voodoo priestess.
https://www.atlasobscura.com/places/woolly-mammoth-antiques-and-oddities,41.976082,-87.668979,Woolly Mammoth Antiques and Oddities,"This morbid, delightful curiosity shop offers everything from animal bones to human teeth."
https://www.atlasobscura.com/places/marie-lavaus-house-of-voodoo,29.958241,-90.065747,Marie Laveau's House of Voodoo,A museum and shop on Bourbon Street located in the French Quarter.
https://www.atlasobscura.com/places/the-stanley-hotel-estes-park-colorado,40.382955,-105.518995,The Stanley Hotel,"Paranormal experiences in this hotel's room 217 led Stephen King to write ""The Shining."""
https://www.atlasobscura.com/places/museum-sex,40.744153,-73.987657,,
https://www.atlasobscura.com/places/roosevelt-island-cat-sanctuary,40.751956,-73.958747,,
https://www.atlasobscura.com/places/le-boudoir-subway-tunnel-speakeasy,40.690809,-73.995645,,
https://www.atlasobscura.com/places/tiffany-dome,41.884162,-87.624962,,
https://www.atlasobscura.com/places/museum-weird,30.267022,-97.738744,,
https://www.atlasobscura.com/places/hollywood-forever-cemetery,34.088745,-118.319,,
https://www.atlasobscura.com/places/president-heads,37.382583,-76.754306,,
https://www.atlasobscura.com/places/brattle-book-shop,42.354663,-71.062057,Brattle Book Shop,One of the oldest used bookstores in the U.S. has been selling antiquarian treasures since 1825.
https://www.atlasobscura.com/places/the-museum-of-interesting-things-new-york-new-york,40.730603,-73.993017,The Museum of Interesting Things,A hands-on traveling collection of the innovative devices of yesteryear.
https://www.atlasobscura.com/places/chinatown-ice-cream-factory,40.715387,-73.998156,Chinatown Ice Cream Factory,"Order scoops of pandan, lychee, and black sesame at this family-run institution."
https://www.atlasobscura.com/places/forest-hills-cemetery,42.294871,-71.105659,Forest Hills Cemetery,"A beautiful Victorian-era cemetery, complete with a miniature village."
https://www.atlasobscura.com/places/the-lost-sea-sweetwater-tennessee,35.534925,-84.431981,Lost Sea,Enormous lake at the bottom of a unique cave system.
https://www.atlasobscura.com/places/galcos-soda-pop-stop,34.118564,-118.193528,Galco's Soda Pop Stop,Shop selling 500 flavors of soda has something for everyone.
https://www.atlasobscura.com/places/multnomah-falls,45.57616,-122.115776,Multnomah Falls,"A roaring, awe-inspiring double cascade of icy water flows through woodland Oregon like something out of a Tolkien novel."
https://www.atlasobscura.com/places/mesa-verde-national-park,37.183784,-108.488687,Mesa Verde National Park,"The ancient dwellings of the Puebloans, located in the cliffs of majestic mesas."
https://www.atlasobscura.com/places/horsetail-falls-fire-fall,37.729124,-119.628476,,
https://www.atlasobscura.com/places/shofuso-japanese-house-and-garden,39.981441,-75.21293,,
https://www.atlasobscura.com/places/catacombs-washington-dc,38.93755,-76.984551,,
https://www.atlasobscura.com/places/wood-line,37.793189,-122.448393,,
https://www.atlasobscura.com/places/the-ramble-cave-new-york-new-york,40.777365,-73.969506,,
https://www.atlasobscura.com/places/garden-of-oz,34.124716,-118.32191,,
https://www.atlasobscura.com/places/museum-of-pop-culture,47.621597,-122.348149,,
https://www.atlasobscura.com/places/national-atomic-testing-museum,36.114064,-115.148354,,
https://www.atlasobscura.com/places/the-treasures-in-the-trash-collection-new-york-new-york,40.785314,-73.943589,The Treasures in the Trash Collection,A New York garbage depot holds a secret collection of weird and wonderful refuse.
https://www.atlasobscura.com/places/watts-towers,33.93892,-118.241857,Watts Towers,America's most famous piece of self-built architecture.
https://www.atlasobscura.com/places/phantasma-gloria,34.083594,-118.255695,Phantasma Gloria,One man's homage to the sun continues to grow like a glass fractal.
https://www.atlasobscura.com/places/the-singing-oak-new-orleans-louisiana,29.985938,-90.090188,The Singing Oak,This New Orleans tree is filled with hidden chimes that produce a carefully tuned melody.
https://www.atlasobscura.com/places/garfield-park-conservatory,41.886496,-87.717822,Garfield Park Conservatory,A lush green oasis in the middle of Chicago.
https://www.atlasobscura.com/places/hall-of-mosses,47.872108,-123.929284,Hall of Mosses,Stroll through a wonderland of stupendous moss-covered trees.
https://www.atlasobscura.com/places/carousel-bar,29.954347,-90.067868,Carousel Bar,The only rotating bar in New Orleans has been slowly spinning since 1949.
https://www.atlasobscura.com/places/fifty-two-80s,39.68265,-104.987498,Fifty-Two 80's,This modern antique shop is a museum for 1980's Saturday morning cartoon culture.
https://www.atlasobscura.com/places/international-cryptozoology-museum,43.651443,-70.290602,,
https://www.atlasobscura.com/places/brooklyn-superhero-supply-store,40.671362,-73.984594,,
https://www.atlasobscura.com/places/the-bell-witch-cave-adams-tennessee,36.589965,-87.060679,,
https://www.atlasobscura.com/places/cave-of-kelpius,40.023761,-75.201553,,
https://www.atlasobscura.com/places/dolls-head-trail-atlanta,33.68269,-84.344796,,
https://www.atlasobscura.com/places/portland-s-shanghai-tunnels,45.523986,-122.673413,,
https://www.atlasobscura.com/places/nine-mile-canyon,39.776213,-110.496353,,
https://www.atlasobscura.com/places/edgar-allan-poe-national-historic-site,39.96163,-75.149811,,
https://www.atlasobscura.com/places/hollywood-sign,34.13473,-118.32091,Hollywood Sign,"Hollywood's most famous landmark, the ""temporary"" sign that has stood for decades longer than intended."
https://www.atlasobscura.com/places/audium-theatre-of-sound,37.788258,-122.423881,Audium Theatre of Sound-Sculptured Space,The only theatre in the world constructed specifically for sound movement.
https://www.atlasobscura.com/places/abandoned-virginia-renaissance-faire,38.259928,-77.385883,Abandoned Virginia Renaissance Faire,The remains of a failed attempt at medieval nerdery are hidden deep in the woods of Virginia.
https://www.atlasobscura.com/places/saint-louis-cemetery-one,29.959364,-90.071443,Saint Louis Cemetery No. 1,"The oldest cemetery in New Orleans, resting peacefully for over 200 years now."
https://www.atlasobscura.com/places/ennis-house,34.116178,-118.293008,Ennis House,"This weird abode has inspired everything from the ""House on Haunted Hill"" to a robot hunter's pad."
https://www.atlasobscura.com/places/the-freakybuttrue-peculiarium-portland-oregon,45.535496,-122.697435,The Freakybuttrue Peculiarium,"An emporium for the weird, creepy, rare, and just plain gross."
https://www.atlasobscura.com/places/crater-lake,42.933117,-122.195641,Crater Lake,"The deepest lake in the United States, and once the site of epic destruction that lives on in legends."
https://www.atlasobscura.com/places/japanese-tea-garden,37.770192,-122.470173,Japanese Tea Garden,Relics of the 1894 Midwinter Exposition continue to delight visitors today.
https://www.atlasobscura.com/places/international-spy-museum,38.883873,-77.025459,,
https://www.atlasobscura.com/places/the-exorcist-stairs-washington-dc,38.905481,-77.07018,,
https://www.atlasobscura.com/places/san-francisco-conservatory-flowers,37.772614,-122.460265,,
https://www.atlasobscura.com/places/momath-the-museum-of-mathematics,40.743214,-73.987389,,
https://www.atlasobscura.com/places/montezuma-castle-national-monument,34.611602,-111.835103,,
https://www.atlasobscura.com/places/new-york-transit-museum,40.690505,-73.989988,,
https://www.atlasobscura.com/places/mansion-o-street,38.908397,-77.045749,,
https://www.atlasobscura.com/places/preserved-remnants-of-17th-century-new-york,40.703751,-74.010758,,
https://www.atlasobscura.com/places/the-nutshell-studies-of-unexplained-death-baltimore-maryland,39.289109,-76.632638,Nutshell Studies of Unexplained Death,Eighteen miniature death-scene dioramas.
https://www.atlasobscura.com/places/centralia,40.804244,-76.340884,Centralia,A toxic ghost town sitting atop a massive coal fire.
https://www.atlasobscura.com/places/national-capitol-columns,38.910399,-76.967557,National Capitol Columns,The United States Capitol's former columns still stand.
https://www.atlasobscura.com/places/toms-restaurant,40.805478,-73.965224,Tom's Restaurant,"The ""Seinfeld"" diner."
https://www.atlasobscura.com/places/mosaic-tile-house,34.000021,-118.456818,Mosaic Tile House,Rainbow-hued local gem in Venice.
https://www.atlasobscura.com/places/brooklyn-botanic-garden,40.6687,-73.9647,Brooklyn Botanic Garden,Sniff the Titan Arum's rotting flesh.
https://www.atlasobscura.com/places/the-grotto-portland-oregon,45.553264,-122.573579,The Grotto,A beautiful 62-acre Catholic shrine and botanical garden.
https://www.atlasobscura.com/places/casa-bonita-lakewood-colorado,39.741946,-105.070906,Casa Bonita,"At this Denver landmark, the meals are compulsory, the sopapillas are complimentary, and the insanity is everywhere."
https://www.atlasobscura.com/places/good-vibrations-antique-vibrator-museum,37.791912,-122.420674,,
https://www.atlasobscura.com/places/manatee-springs,29.496884,-82.966825,,
https://www.atlasobscura.com/places/isabella-stewart-gardner-museum,42.338227,-71.098913,,
https://www.atlasobscura.com/places/no-vacancy,34.10237,-118.332183,,
https://www.atlasobscura.com/places/institute-illegal-images,37.758877,-122.418471,,
https://www.atlasobscura.com/places/american-sign-museum,39.14347,-84.539942,,
https://www.atlasobscura.com/places/the-warrens-occult-museum-monroe-connecticut,41.31602,-73.259343,,
https://www.atlasobscura.com/places/narrows,37.286692,-112.947679,,
https://www.atlasobscura.com/places/pier-54-titanics-destination,40.7414,-74.009901,Pier 54: The Titanic's Arrival Destination,A dilapidated dock tells the story of Titanic's missed arrival.
https://www.atlasobscura.com/places/sears-tower-glass-platform,41.8789,-87.636287,Willis Tower Glass Platform,"Four glass boxes hover over 1,000 feet in the air to give visitors an unparalleled view of Chicago."
https://www.atlasobscura.com/places/devils-tower,44.590375,-104.714684,Devils Tower,The first declared National Monument in the United States.
https://www.atlasobscura.com/places/tiki-ti,34.097488,-118.285774,Tiki-Ti,"Established in the '60s, a family-owned tropical drink bar founded by Ray Buhen, bartender to the stars."
https://www.atlasobscura.com/places/sonorous-stones-ringing-rocks-park,40.562473,-75.134251,The Sonorous Stones of Ringing Rocks Park,Mysterious rocks that ring musically when struck.
https://www.atlasobscura.com/places/wagner-free-institute,39.980861,-75.162417,Wagner Free Institute,A rare view of a preserved Victorian science museum.
https://www.atlasobscura.com/places/shit-fountain,41.899721,-87.674424,Shit Fountain,A giant bronze coil of feces is both a tribute to doggie defecation and a reminder to pick it up.
https://www.atlasobscura.com/places/dupont-underground,38.910246,-77.042747,The Dupont Underground,Long-abandoned trolley tunnels just a mile away from the White House are turning into an art space.
https://www.atlasobscura.com/places/lake-shawnee-amusement-park,37.405477,-81.143817,,
https://www.atlasobscura.com/places/cryptozoology-paranomal-museum,36.433258,-77.916317,,
https://www.atlasobscura.com/places/bisti-badlands,36.304454,-108.118681,,
https://www.atlasobscura.com/places/linger-eatuaries,39.759456,-105.011358,,
https://www.atlasobscura.com/places/cathedral-junk-austin-texas,30.218617,-97.771443,,
https://www.atlasobscura.com/places/philosophical-research-society,34.113612,-118.277448,,
https://www.atlasobscura.com/places/pinball-hall-of-fame-2,36.084652,-115.171546,,
https://www.atlasobscura.com/places/mystery-castle,33.356791,-112.061915,,
https://www.atlasobscura.com/places/glass-beach,39.453029,-123.813643,Glass Beach,A trash dump made beautiful by nature's power.
https://www.atlasobscura.com/places/sunshine-laundromat,40.729329,-73.953573,Sunshine Laundromat,One of New York's best collections of pinball is hidden in a secret bar in the back of this laundromat.
https://www.atlasobscura.com/places/la-brea-tar-pits-dragonfly-fossils,34.063788,-118.355434,La Brea Tar Pits Dragonfly Fossils,These delicate buggers are some of the rarest fossils that have bubbled up from the Tar Pits.
https://www.atlasobscura.com/places/crystal-cave,41.646609,-82.826722,Crystal Cave,Take a drunken tour inside the world's largest known geode.
https://www.atlasobscura.com/places/seattle-meowtropolitan-cat-cafe,47.661224,-122.342916,Seattle Meowtropolitan Cat Café,Make your reservation to have coffee with some kitties.
https://www.atlasobscura.com/places/a-sound-garden,47.685537,-122.249921,'A Sound Garden',A huge musical sculpture and other art installations on the National Oceanic and Atmospheric Administration grounds.
https://www.atlasobscura.com/places/grand-central-terminal-whispering-gallery,40.752726,-73.977229,Grand Central Terminal Whispering Gallery,Whisper secrets in a busy station only to be heard on the other side of this acoustic arch.
https://www.atlasobscura.com/places/desert-reef-hot-springs,38.368596,-105.049001,Desert Reef Hot Springs,This naturally-sourced hot spring is now home to a clothing-optional resort.
https://www.atlasobscura.com/places/winfield-street-slides,37.743445,-122.417999,,
https://www.atlasobscura.com/places/canyons-of-the-ancients,37.476311,-108.54589,,
https://www.atlasobscura.com/places/cathedral-our-lady-angels,34.05765,-118.244944,,
https://www.atlasobscura.com/places/salvador-dali-museum,27.765971,-82.631391,,
https://www.atlasobscura.com/places/bok-tower-gardens,27.915721,-81.566009,,
https://www.atlasobscura.com/places/nonnas-of-the-world,40.642054,-74.077347,,
https://www.atlasobscura.com/places/morning-glory-pool,44.475047,-110.843645,,
https://www.atlasobscura.com/places/greenacre-park,40.756144,-73.969327,,
https://www.atlasobscura.com/places/museum-neon-art,34.143754,-118.25466,Museum of Neon Art,A one-of-a-kind collection of a unique medium.
https://www.atlasobscura.com/places/buckland-gallery-of-witchcraft-magick,41.43805,-81.699824,Buckland Museum of Witchcraft and Magick,A collection of witchcraft artifacts and occult paraphernalia started by the leader of the Long Island Coven.
https://www.atlasobscura.com/places/muriels-ghost-at-jackson-square,29.958426,-90.063102,Séance Room at Muriel's Jackson Square,The restaurant keeps a hidden séance room on the second floor and reserves a table for the spirit of the former owner each night.
https://www.atlasobscura.com/places/the-violet-hour-chicago-illinois,41.908901,-87.677415,The Violet Hour,A speakeasy takes on Chicago's drinking culture.
https://www.atlasobscura.com/places/the-tonga-room-san-francisco-california,37.792496,-122.410035,The Tonga Room,Tiki luxury on Nob Hill.
https://www.atlasobscura.com/places/grotto-at-grand-canyon-caverns,35.517976,-113.219175,Caverns Grotto,"In a 345-million-year-old cave that's 200 feet underground, dinner awaits."
https://www.atlasobscura.com/places/pinks-hot-dogs,34.084031,-118.344366,Pink's Hot Dogs,"World-famous, Pink's still manages to keep its prized cult fetish status."
https://www.atlasobscura.com/places/uncommon-objects,30.229086,-97.783036,Uncommon Objects,"One part antique store, one part curiosities hodge-podge."
https://www.atlasobscura.com/places/roosevelt-island-tramway,40.757303,-73.954103,,
https://www.atlasobscura.com/places/mescaline-grove,37.771364,-122.461429,,
https://www.atlasobscura.com/places/patent-pending,40.745314,-73.990226,,
https://www.atlasobscura.com/places/myopic-books,41.909914,-87.676873,,
https://www.atlasobscura.com/places/market-street-catacombs,39.768581,-86.153444,,
https://www.atlasobscura.com/places/carlsbad-caverns,32.175278,-104.4438,,
https://www.atlasobscura.com/places/garden-of-fragrance,37.768111,-122.468483,,
https://www.atlasobscura.com/places/unclaimed-baggage-center,34.673177,-86.04459,,
https://www.atlasobscura.com/places/mammoth-cave,37.213598,-86.154827,Mammoth Cave,The world's longest known cave system.
https://www.atlasobscura.com/places/garden-of-the-gods,38.878398,-104.869793,Garden of the Gods,Strange red rock formations that have been attributed to a higher power for hundreds of years.
https://www.atlasobscura.com/places/the-tree-of-life-2-new-orleans-louisiana,29.921028,-90.129354,The Tree of Life,"This knobby, drooping New Orleans oak is a favorite place both for climbing and for meeting giraffes."
https://www.atlasobscura.com/places/proxy-falls,44.161807,-121.927815,Proxy Falls,This frequently-photographed waterfall takes only a short hike to visit.
https://www.atlasobscura.com/places/national-bonsai-museum,38.912019,-76.968713,National Bonsai Museum,One of the dwarven trees dates back to 1625 and survived the Hiroshima bombing.
https://www.atlasobscura.com/places/the-haserot-angel-cleveland-ohio,41.513022,-81.590375,The Haserot Angel,The angel of death appears to weep black tears at this grave marker.
https://www.atlasobscura.com/places/international-museum-surgical-science,41.910112,-87.626763,International Museum of Surgical Science,A monument to the art of slicing people open.
https://www.atlasobscura.com/places/george-peabody-library,39.297203,-76.615017,George Peabody Library,"It's not hard to see why the historic Peabody Conservatory of Music's library has been described as a ""cathedral of books."""
https://www.atlasobscura.com/places/alice-in-wonderland-statue,40.775051,-73.96654,,
https://www.atlasobscura.com/places/sunny-jim-cave-store,32.849183,-117.270255,,
https://www.atlasobscura.com/places/linda-vista-hospital,34.038164,-118.217227,,
https://www.atlasobscura.com/places/forbidden-caverns,35.904199,-83.346804,,
https://www.atlasobscura.com/places/cathedral-park,45.588619,-122.758037,,
https://www.atlasobscura.com/places/meteor-crater,35.028072,-111.023197,,
https://www.atlasobscura.com/places/homestead-crater,40.523889,-111.485,,
https://www.atlasobscura.com/places/the-natural-bridge-natural-bridge-virginia,37.6282,-79.544653,,
https://www.atlasobscura.com/places/kubota-gardens,47.512832,-122.265026,Kubota Garden,This semi-secret garden in south Seattle emulates a traditional Japanese garden using the plants of the Pacific Northwest.
https://www.atlasobscura.com/places/junkmans-daughter,33.767029,-84.349068,Junkman's Daughter,"This massive store is home to an eccentric collection of vintage, retro, and peculiar goods."
https://www.atlasobscura.com/places/trinity-churchyard,40.708277,-74.012757,Trinity Churchyard,"This cemetery has graves dating back to the 17th century, including the city's oldest carved tombstone and an ominous cryptogram."
https://www.atlasobscura.com/places/fallingwater,39.906008,-79.466349,Fallingwater,Frank Lloyd Wright's most iconic home dangles over a Pennsylvania waterfall.
https://www.atlasobscura.com/places/the-evil-dead-cabin-morristown-tennessee,36.222633,-83.376586,The 'Evil Dead' Cabin,"All that's left of the quintessential ""cabin in the woods."""
https://www.atlasobscura.com/places/trundle-manor,40.422796,-79.880504,Trundle Manor: House of Oddities,House of vintage taxidermy and Steampunk sculptures in a quiet Pittsburgh neighborhood.
https://www.atlasobscura.com/places/neptune-memorial-reef,25.6902,-80.09075,Neptune Memorial Reef,An underwater city for the dead.
https://www.atlasobscura.com/places/blind-whino,38.880441,-77.011966,Culture House,A historic neighborhood church is reborn as a psychedelic arts collective.
https://www.atlasobscura.com/places/seattle-pinball-museum,47.598108,-122.325011,,
https://www.atlasobscura.com/places/new-orleans-pharmacy-museum,29.955924,-90.065139,,
https://www.atlasobscura.com/places/camera-obscura-holograph,37.778296,-122.514217,,
https://www.atlasobscura.com/places/lafayette-cemetery-new-orleans,29.928633,-90.084279,,
https://www.atlasobscura.com/places/blue-ghost-fireflies,35.197023,-82.594307,,
https://www.atlasobscura.com/places/fort-worth-water-gardens,32.747749,-97.32663,,
https://www.atlasobscura.com/places/neversink-pit,34.804149,-86.007029,,
https://www.atlasobscura.com/places/court-of-mysteries,36.954939,-122.045296,,
https://www.atlasobscura.com/places/urban-light,34.062763,-118.359419,Urban Light,Scores of vintage street lamps shine along L.A.’s Miracle Mile.
https://www.atlasobscura.com/places/bishop-castle,38.061034,-105.094228,Bishop Castle,"The largest self-built castle in the U.S., six decades in the making."
https://www.atlasobscura.com/places/treehouse-point,47.538133,-121.910375,Treehouse Point,A whimsical village of unique treehouses resides in a Washington forest.
https://www.atlasobscura.com/places/campbell-apartment,40.752562,-73.977818,Campbell Apartment,A very classy 1920s-era bar right in Grand Central Station.
https://www.atlasobscura.com/places/bagby-hot-springs,44.9354,-122.173659,Bagby Hot Springs,Hollowed out cedar log tubs set in an ancient towering forest.
https://www.atlasobscura.com/places/the-real-winnie-the-pooh-and-pals-new-york-new-york,40.753223,-73.982259,The Real Winnie the Pooh & Pals,The original toys that inspired the beloved children's stories are on display at the New York Public Library.
https://www.atlasobscura.com/places/ruby-falls-tennessee,35.019099,-85.339397,Ruby Falls,The mysterious wonder of an underground waterfall is illuminated by multicolored lights.
https://www.atlasobscura.com/places/kaaterskill-falls,42.192384,-74.069902,Kaaterskill Falls and the Bayard of Dogs,"A stunning, two-tiered waterfall made famous by poets, artists and the legend of a ghost dog."
https://www.atlasobscura.com/places/the-ape-caves-skamania-washington,46.109656,-122.211369,,
https://www.atlasobscura.com/places/octopus-tree-of-oregon,45.4863,-123.978,,
https://www.atlasobscura.com/places/cdc-museum,33.798989,-84.329715,,
https://www.atlasobscura.com/places/devils-postpile-national-monument,37.650075,-119.073992,,
https://www.atlasobscura.com/places/psychiatry-industry-death-museum,34.097974,-118.333882,,
https://www.atlasobscura.com/places/c-o-bigelow-apothecary,40.733872,-73.999178,,
https://www.atlasobscura.com/places/merz-apothecary,41.966989,-87.687915,,
https://www.atlasobscura.com/places/yoda-fountain,37.798825,-122.450486,,
https://www.atlasobscura.com/places/the-center-of-the-universe-tulsa-oklahoma,36.156924,-95.991527,The Center of the Universe,An acoustic anomaly with a mysterious cause sits in the heart of Tulsa.
https://www.atlasobscura.com/places/grand-prismatic-spring,44.525125,-110.83901,Grand Prismatic Spring,"The largest hot spring in the United States is, as the name suggests, a stunning show of natural color."
https://www.atlasobscura.com/places/flourescent-rocks-of-sterling-hill-mine,41.082811,-74.604351,Fluorescent Rocks of Sterling Hill Mine,Hundreds of glow-in-the-dark objects light up a museum in a historic zinc mine.
https://www.atlasobscura.com/places/keith-harings-once-upon-a-time-bathroom-mural,40.738038,-74.001044,Keith Haring's 'Once Upon a Time' Bathroom Mural,A masterpiece of LGBT art has been restored in what may now be the most valuable restroom in America.
https://www.atlasobscura.com/places/neskowin-ghost-forest,45.09773,-123.98917,Neskowin Ghost Forest,The eerie remnants of an ancient forest were hidden under the sand for centuries.
https://www.atlasobscura.com/places/hess-triangle,40.7335,-74.003093,Hess Triangle,New York City's smallest piece of private property.
https://www.atlasobscura.com/places/great-channels-of-virginia,36.865534,-81.950839,Great Channels of Virginia,This maze-like slot canyon is a unique gem within an already fascinating geological area.
https://www.atlasobscura.com/places/caffe-vittoria,42.363966,-71.05429,Caffe Vittoria,"The oldest Italian café in Boston, this spot also serves as a veritable museum of vintage coffee ephemera."
https://www.atlasobscura.com/places/steves-weird-house,47.603127,-122.330086,,
https://www.atlasobscura.com/places/edgar-allan-poe-square,42.352303,-71.067313,,
https://www.atlasobscura.com/places/lalaurie-mansion,29.961832,-90.061176,,
https://www.atlasobscura.com/places/salvation-mountain,33.254174,-115.472735,,
https://www.atlasobscura.com/places/unicorn-tapestries-at-the-cloisters,40.864848,-73.931808,,
https://www.atlasobscura.com/places/edgar-allan-poe-s-grave,39.290243,-76.62316,,
https://www.atlasobscura.com/places/lafittes-blacksmith-shop,29.96058,-90.063898,,
https://www.atlasobscura.com/places/the-brewmasters-castle-washington-dc,38.908053,-77.044505,,
https://www.atlasobscura.com/places/rhyolite-ghost-town,36.901158,-116.828914,Rhyolite Ghost Town,Odd outsider art installations surround a Gold Rush-era ghost town.
https://www.atlasobscura.com/places/pando-the-trembling-giant,38.532034,-111.752278,"Pando, the Trembling Giant",One of the world's oldest and most massive living organisms is a grove of quaking aspens.
https://www.atlasobscura.com/places/the-sailing-stones-of-racetrack-playa-inyo-california,36.681636,-117.563324,Sailing Stones of Racetrack Playa,The rocks in this arid basin leave trails of movement behind them.
https://www.atlasobscura.com/places/the-gates-of-guinee-new-orleans-louisiana,29.956117,-90.073638,The Gates of Guinee,"According to one local tradition, the entrance to the Voodoo underworld can be found in New Orleans through seven gates scattered throughout the city's French Quarter."
https://www.atlasobscura.com/places/los-feliz-murder-mansion,34.115713,-118.293387,Los Feliz Murder Mansion,"Left untouched since a double murder-suicide in the 1960s, Los Feliz murder mansion remains a neighborhood mystery."
https://www.atlasobscura.com/places/hocking-hills-state-park,39.424012,-82.539292,The Caves of Hocking Hills State Park,Rare recess caves fill this unbelievably beautiful Ohio park.
https://www.atlasobscura.com/places/tiffany-glass-mural-the-dream-garden,39.947804,-75.151194,"Tiffany Glass Mural ""The Dream Garden""","Mural made of 100,000 pieces of hand blown glass, and until recently, the largest glass mural in the US."
https://www.atlasobscura.com/places/the-red-hall-at-seattles-central-library-seattle-washington,47.6066,-122.332984,The Red Hall at Seattle's Central Library,A colorful architectural gem in Seattle's uniquely modern Central Library.
https://www.atlasobscura.com/places/valley-relics-museum,34.213821,-118.500492,,
https://www.atlasobscura.com/places/marilyn-monroe-s-subway-grate,40.757749,-73.971466,,
https://www.atlasobscura.com/places/venice-of-america-canals,33.985765,-118.467608,,
https://www.atlasobscura.com/places/orfield-labs-quiet-chamber,44.957044,-93.232677,,
https://www.atlasobscura.com/places/lummis-home-architecture,34.09372,-118.207117,,
https://www.atlasobscura.com/places/the-magic-castle-los-angeles-california,34.104478,-118.341875,,
https://www.atlasobscura.com/places/green-mill,41.9692,-87.659898,,
https://www.atlasobscura.com/places/ruins-of-the-sutro-baths,37.779946,-122.513716,,
https://www.atlasobscura.com/places/exploratorium,37.801665,-122.397348,Exploratorium,San Francisco's newly reopened hands-on science museum.
https://www.atlasobscura.com/places/rimsky-korsakoffee-house-skb,45.519278,-122.653599,Rimsky-Korsakoffee House,Featuring a casually threatening atmosphere along with dessert and coffee to die for.
https://www.atlasobscura.com/places/new-york-federal-gold-vault,40.708428,-74.008667,New York Federal Gold Vault,"More gold than anywhere else, ever."
https://www.atlasobscura.com/places/one-square-inch-of-silence,47.865983,-123.87035,One Square Inch of Silence,A tiny red pebble marks what may be the quietest outdoor spot in the United States.
https://www.atlasobscura.com/places/graceland-cemetery,41.954424,-87.66222,Graceland Cemetery,"An enormous park-like oasis, full of famous Chicagoans' graves."
https://www.atlasobscura.com/places/santa-cruz-mystery-spot,37.017279,-122.003778,Santa Cruz Mystery Spot,"A ""gravitational anomaly"" located in the redwood forests just outside of Santa Cruz, California."
https://www.atlasobscura.com/places/bazaar,39.330847,-76.629653,Bazaar,Crammed into a Baltimore row house is an oddities shop that sells everything from skulls to dead insects.
https://www.atlasobscura.com/places/paxton-gate,37.759618,-122.421696,Paxton Gate,"A shop full of natural curiosities, carnivorous plants, and costumed taxidermied mice."
https://www.atlasobscura.com/places/voodoo-doughnut-and-wedding-chapel,45.522721,-122.6732,,
https://www.atlasobscura.com/places/zymoglyphic-museum,45.517703,-122.599776,,
https://www.atlasobscura.com/places/house-of-wax,40.6907,-73.983479,,
https://www.atlasobscura.com/places/victoria-beachs-pirate-tower,33.521485,-117.764544,,
https://www.atlasobscura.com/places/surreal-elevator,40.742863,-73.936332,,
https://www.atlasobscura.com/places/gimbel-s-bridge,40.748882,-73.989527,,
https://www.atlasobscura.com/places/spectre-set-ruins,32.448046,-86.331612,,
https://www.atlasobscura.com/places/lower-east-side-toy-company-back-room,40.71851,-73.987169,,
https://www.atlasobscura.com/places/the-great-serpent-mound-peebles-ohio,39.025241,-83.430198,The Great Serpent Mound,The largest earthwork effigy in the world.
https://www.atlasobscura.com/places/bluespring-caverns,38.79618,-86.546027,Bluespring Caverns,The longest navigable underground river in the United States is home to countless blind and albino animals.
https://www.atlasobscura.com/places/paris-market,32.079188,-81.09292,The Paris Market,This quirky curiosity shop takes its cues from the world's bazaars.
https://www.atlasobscura.com/places/stephen-kings-house,44.802305,-68.785043,Stephen King's Former House,The eccentric mansion of one of the most popular horror authors of modern times.
https://www.atlasobscura.com/places/avenue-of-the-giants,40.181901,-123.774588,Avenue of the Giants,One of the most scenic stretches of road in America winds between some of the country's oldest trees.
https://www.atlasobscura.com/places/international-ufo-museum-and-research-center,33.39355,-104.522795,International UFO Museum and Research Center,A museum dedicated to the alleged Roswell Incident.
https://www.atlasobscura.com/places/ha-ha-tonka-castle-ruins,37.976027,-92.769777,Ha Ha Tonka Castle Ruins,European castle ruins in an American state park are actually the product of death and grief.
https://www.atlasobscura.com/places/olympic-hot-springs,47.977,-123.762,Olympic Hot Springs,Rustic natural hot springs in the deciduous rain forest.
https://www.atlasobscura.com/places/screen-novelties,34.068272,-118.262824,,
https://www.atlasobscura.com/places/hobbit-house-at-brothers-greenhouses,47.516534,-122.732206,,
https://www.atlasobscura.com/places/ferndell-griffith-park,34.112811,-118.307715,,
https://www.atlasobscura.com/places/the-new-york-earth-room-new-york-new-york,40.726014,-73.999938,,
https://www.atlasobscura.com/places/devils-den,29.407806,-82.476196,,
https://www.atlasobscura.com/places/forestiere-underground-gardens,36.807564,-119.881842,,
https://www.atlasobscura.com/places/the-weeping-glass-pittsburgh-pennsylvania,40.421624,-79.993999,,
https://www.atlasobscura.com/places/madame-sherris-castle,42.864743,-72.519087,,
https://www.atlasobscura.com/places/weeki-wachee-city-live-mermaids,28.516707,-82.57392,Weeki Wachee: City of Live Mermaids,"Welcome to old Florida, where a 1940s mermaid show is still enchanting visitors."
https://www.atlasobscura.com/places/madonna-inn,35.266029,-120.673677,Madonna Inn,A hotel and restaurant serving as the mecca of kitsch.
https://www.atlasobscura.com/places/petrified-forest-national-park,35.003694,-109.788923,Petrified Forest National Park,See massive fossils that are over 200 million years old in northeastern Arizona.
https://www.atlasobscura.com/places/santa-rosa-blue-hole,34.940447,-104.673239,Santa Rosa Blue Hole,"A clear blue swimming hole with hidden caves, still unexplored."
https://www.atlasobscura.com/places/general-sherman,36.581706,-118.751442,General Sherman,Quite simply the largest tree in the world (by volume).
https://www.atlasobscura.com/places/waverly-hills-sanitorium,38.130725,-85.84142,Waverly Hills Sanatorium,This former tuberculosis research hospital endeavored to cure the dreaded disease with fresh air and positive attitudes.
https://www.atlasobscura.com/places/berlin-wall-section,40.711713,-74.016719,Berlin Wall Section,A celebration of capitalism in Midtown.
https://www.atlasobscura.com/places/the-road-to-nowhere-bryson-city-north-carolina,35.459071,-83.537915,The Road to Nowhere,"This road in the Great Smoky Mountains was supposed to assuage a displaced community, but ended up a $52 million dead end."
https://www.atlasobscura.com/places/musee-mecanique-san-francisco,37.80925,-122.415926,,
https://www.atlasobscura.com/places/rock-city,34.974047,-85.350404,,
https://www.atlasobscura.com/places/parrots-telegraph-hill,37.802077,-122.403932,,
https://www.atlasobscura.com/places/beacon-food-forest,47.567239,-122.313476,,
https://www.atlasobscura.com/places/painted-hills,44.648838,-120.259545,,
https://www.atlasobscura.com/places/edgar-allan-poe-museum,37.532282,-77.425975,,
https://www.atlasobscura.com/places/cloud-chamber-for-the-trees-and-sky,35.80605,-78.699015,,
https://www.atlasobscura.com/places/rainbow-falls,38.868089,-104.924234,,
https://www.atlasobscura.com/places/nicolas-cage-s-pyramid-tomb,29.959026,-90.071155,Nicolas Cage's Pyramid Tomb,"In 2010, Nicolas Cage purchased two plots in this cemetery using one to construct this strange pyramid mausoleum."
https://www.atlasobscura.com/places/the-luling-mansion-new-orleans-louisiana,29.982608,-90.086206,The Luling Mansion,Despite the ever pressing encroachment of urban sprawl this grand New Orleans manse still stands.
https://www.atlasobscura.com/places/bannermans-castle,41.455314,-73.98887,Bannerman's Castle,Collapsing castle on the Hudson river was once the storage site of military surplus business.
https://www.atlasobscura.com/places/the-book-thing-baltimore-maryland,39.325185,-76.610096,The Book Thing,"This free, take-a-book shop seems like a trick but isn't."
https://www.atlasobscura.com/places/frankies-tiki,36.159168,-115.164637,Frankie's Tiki Room,The best Tiki bar in Las Vegas.
https://www.atlasobscura.com/places/coconino-lava-river-cave,35.342152,-111.835575,Coconino Lava River Cave,"Eons ago, a rushing lava river formed this pristine passage through solid rock."
https://www.atlasobscura.com/places/thorncrown-chapel,36.41475,-93.771795,Thorncrown Chapel,This futuristically sylvan church is a glass-enclosed marvel of modern architecture.
https://www.atlasobscura.com/places/salton-sea,33.503656,-115.914854,Salton Sea,The ghostly remains of an accidental sea.
https://www.atlasobscura.com/places/artomat,36.109946,-115.175391,,
https://www.atlasobscura.com/places/austin-congress-bridge-bats,30.26169,-97.74517,,
https://www.atlasobscura.com/places/high-bridge,40.842355,-73.930312,,
https://www.atlasobscura.com/places/fearless-girl-statue,40.70679,-74.010831,,
https://www.atlasobscura.com/places/cheyenne-mountain-nuclear-bunker,38.742475,-104.848444,,
https://www.atlasobscura.com/places/velaslavasay-panorama,34.034364,-118.284731,,
https://www.atlasobscura.com/places/boston-athenaeum-skin-book,42.358078,-71.062336,,
https://www.atlasobscura.com/places/bryce-canyon,37.596784,-112.2085,,
https://www.atlasobscura.com/places/cadillac-ranch,35.187226,-101.987087,Cadillac Ranch,"A sculpture made of 10 Cadillacs as a monument to the ""Golden Age"" of the American automobile."
https://www.atlasobscura.com/places/city-museum,38.633036,-90.200136,City Museum,Less a museum than a bizarre fantasy world created by artists and engineers.
https://www.atlasobscura.com/places/ed-leedskalnins-coral-castle,25.500508,-80.444552,Ed Leedskalnin's Coral Castle,A mysterious castle built as a monument to lost love.
https://www.atlasobscura.com/places/encryption-lava-lamps,37.780223,-122.390587,Encryption Lava Lamps,The randomness of this wall of lava lamps helps encrypt up to 10 percent of the internet.
https://www.atlasobscura.com/places/biosphere-2,32.579817,-110.850678,Biosphere 2,A reproduction of earth's many biomes.
https://www.atlasobscura.com/places/the-secret-mermaid-chicago-illinois,41.821025,-87.595492,The Secret Mermaid,This unauthorized stone mermaid was secretly carved out of public stone before being permanently preserved.
https://www.atlasobscura.com/places/cloisters-ancient-spanish-monastery,25.93041,-80.154422,The Cloisters of the Ancient Spanish Monastery,"St Bernard de Clairvaux Episcopal Church, better known as one of the oldest European buildings in the Western Hemisphere."
https://www.atlasobscura.com/places/the-mar-vista-time-travel-mart-los-angeles-california,34.003285,-118.435135,The Mar Vista Time Travel Mart,Sister store to the Echo Park Time Travel Store.
https://www.atlasobscura.com/places/robotic-church,40.678237,-74.010607,,
https://www.atlasobscura.com/places/pirate-shop-826-valencia,37.759602,-122.421382,,
https://www.atlasobscura.com/places/holy-land-usa,41.549251,-73.029814,,
https://www.atlasobscura.com/places/transallegheny-lunatic-asylum,39.038842,-80.471221,,
https://www.atlasobscura.com/places/craig-e-clair-castle,41.965918,-74.87603,,
https://www.atlasobscura.com/places/north-brother-island,40.80072,-73.898137,,
https://www.atlasobscura.com/places/red-rock-canyon-national-conservation-area,36.135718,-115.42789,,
https://www.atlasobscura.com/places/royal-gorge-bridge,38.462125,-105.324513,,
https://www.atlasobscura.com/places/great-sand-dunes-national-park-and-preserve,37.735969,-105.639038,Great Sand Dunes National Park and Preserve,When ecosystems collide in the arid Southwest.
https://www.atlasobscura.com/places/antelope-valley-california-poppy-reserve,34.734901,-118.395949,Antelope Valley Poppy Reserve,Each year these high desert hills are absolutely covered with poppy flowers in a surreal show of nature.
https://www.atlasobscura.com/places/angel-orensanz-foundation,40.721258,-73.985839,Angel Orensanz Foundation,The oldest surviving synagogue in New York City is now a soaring art space.
https://www.atlasobscura.com/places/st-vincent-court,34.046019,-118.253489,St. Vincent Court,A faux European lane smack dab in downtown L.A.
https://www.atlasobscura.com/places/spruce-street-suspension-bridge,32.738737,-117.165428,Spruce Street Suspension Bridge,An inconspicuous footbridge beloved by San Diego locals.
https://www.atlasobscura.com/places/virginias-natural-tunnel,36.701729,-82.744642,Virginia's Natural Tunnel,A 300-yard long natural tunnel runs through a ridge deep in the Appalachian Mountains.
https://www.atlasobscura.com/places/angels-flight,34.050939,-118.249776,Angels Flight,"Historic funicular railway, believed to be the shortest railroad in the world."
https://www.atlasobscura.com/places/randyland,40.457924,-80.009755,Randyland,Found art has transformed this Pittsburgh neighborhood into a psychedelic dream.
https://www.atlasobscura.com/places/self-realization-fellowship-lake-shrine,34.042689,-118.552263,,
https://www.atlasobscura.com/places/rookwood-ice-cream-parlor,39.110186,-84.537282,,
https://www.atlasobscura.com/places/yonah-schimmels-knish-bakery,40.723144,-73.990126,,
https://www.atlasobscura.com/places/palace-of-fine-arts,37.802935,-122.448249,,
https://www.atlasobscura.com/places/harry-andrews-chateau-laroche,39.283713,-84.265672,,
https://www.atlasobscura.com/places/roswell-mcdonalds,33.400453,-104.52324,,
https://www.atlasobscura.com/places/fort-totten,40.792743,-73.776613,,
https://www.atlasobscura.com/places/united-palace-theatre,40.846477,-73.937893,,
https://www.atlasobscura.com/places/bemelmans-bar,40.774299,-73.962994,Bemelmans Bar,The walls are decorated with whimsical murals painted by the creator of the Madeline franchise.
https://www.atlasobscura.com/places/abandoned-pennsylvania-turnpike-2,39.99997,-78.228033,Abandoned Pennsylvania Turnpike,"An abandoned stretch of highway, deteriorating next to the operational one."
https://www.atlasobscura.com/places/museum-bad-art,42.322167,-71.062128,Museum of Bad Art,Museum dedicated to awful artwork.
https://www.atlasobscura.com/places/bourbon-branch,37.785797,-122.412991,Bourbon & Branch,A nondescript building that's been functioning as a speakeasy for nearly a century and a half.
https://www.atlasobscura.com/places/riggs-library,38.907281,-77.072721,Riggs Library,A wondrous old library overlooking the nation's capital.
https://www.atlasobscura.com/places/george-glazer-gallery,40.782465,-73.947511,George Glazer Gallery,"Unique antiquarian shop specializing in globes, maps, and prints."
https://www.atlasobscura.com/places/empire-or-emperors-garden-restaurant,42.351474,-71.062809,Empire Garden Restaurant,"Dim sum, served in a grand old theater."
https://www.atlasobscura.com/places/westview-cemetery,33.747348,-84.431816,Westview Cemetery,The largest cemetery in the American Southeast is a hidden gem near the heart of Atlanta.
https://www.atlasobscura.com/places/enchanted-forest,44.831292,-123.007636,,
https://www.atlasobscura.com/places/erotic-heritage-museum,36.129967,-115.174415,,
https://www.atlasobscura.com/places/peace-awareness-labyrinth-gardens,34.031808,-118.322447,,
https://www.atlasobscura.com/places/whimzeyland,27.992154,-82.700933,,
https://www.atlasobscura.com/places/uw-book-arts-rare-book-collections,47.654266,-122.308669,,
https://www.atlasobscura.com/places/eternal-silence,41.95875,-87.661513,,
https://www.atlasobscura.com/places/houdinis-grave,40.693468,-73.884771,,
https://www.atlasobscura.com/places/ruins-of-schoolmaster-hill,42.303054,-71.095715,,
https://www.atlasobscura.com/places/house-of-yes,40.706817,-73.9236,House of Yes,A band of aerialists and circus performers putting on incredible shows in East Williamsburg.
https://www.atlasobscura.com/places/zaffis-museum-paranormal,41.184542,-73.133165,Zaffis Museum of the Paranormal,The intriguing personal collection of a professional demon-chaser.
https://www.atlasobscura.com/places/the-devil-s-millhopper-gainesville-florida,29.706944,-82.395,The Devil's Millhopper,This Florida sinkhole hides a rainforest-like micro-environment in its depths.
https://www.atlasobscura.com/places/area-51,37.276675,-115.798936,Area 51,In the middle of an extremely unforgiving and desolate high desert is the most secret military facility in the world.
https://www.atlasobscura.com/places/the-masque-los-angeles-california,34.100725,-118.33503,The Masque,The remains of the first punk club in L.A.
https://www.atlasobscura.com/places/cairo-illinois,37.005329,-89.176461,"Abandoned Town of Cairo, Illinois",A once-booming Mississippi River town with a history of racial violence is now eerie and mostly abandoned.
https://www.atlasobscura.com/places/the-body-farm-knoxville-tennessee,35.940051,-83.942608,William M. Bass Forensic Anthropology Center,"Better known as the ""Body Farm,"" this unique research facility has been studying how human bodies break down since the 1980s."
https://www.atlasobscura.com/places/lizzie-borden-bed-and-breakfast-and-museum,41.699222,-71.156129,Lizzie Borden Bed and Breakfast and Museum,Enjoy an overnight at an old haunted B&B site of the Borden family murders.
https://www.atlasobscura.com/places/boston-s-old-burying-grounds,42.357323,-71.061319,,
https://www.atlasobscura.com/places/city-reliquary,40.713952,-73.955775,,
https://www.atlasobscura.com/places/fountain-of-youth,40.599934,-80.020945,,
https://www.atlasobscura.com/places/the-el-segundo-butterfly-preserve-los-angeles-california,33.930876,-118.432338,,
https://www.atlasobscura.com/places/lands-end-octagon-house-point-lobos-marine-exchange-lookout-station,37.782748,-122.510058,,
https://www.atlasobscura.com/places/clown-motel,38.072289,-117.237654,,
https://www.atlasobscura.com/places/the-capitol-stones-washington-dc,38.957683,-77.051018,,
https://www.atlasobscura.com/places/devils-hole-ruins,41.1403,-75.336,,
https://www.atlasobscura.com/places/fern-canyon,41.402622,-124.068406,Fern Canyon,Canyon walls shrouded in ferns.
https://www.atlasobscura.com/places/heart-rock-falls,34.262219,-117.304697,Heart Rock Falls,"Carved by a waterfall in a hard-to-reach rock formation, this heart-shaped rock has inspired romantics for decades."
https://www.atlasobscura.com/places/the-fountain-of-time-chicago-illinois,41.786778,-87.607474,The Fountain of Time,A hollow cement depiction of time's inexorable effect on the human body.
https://www.atlasobscura.com/places/central-state-hospital,33.051846,-83.221052,Central State Hospital,"One of the largest-ever mental hospitals now sits abandoned, surrounded by 25,000 unmarked graves."
https://www.atlasobscura.com/places/union-station,47.598595,-122.328423,Union Station,"Though strikingly beautiful, Seattle's other railway station is now largely forgotten."
https://www.atlasobscura.com/places/bellevue-hospital,40.739409,-73.975624,Bellevue Hospital,The name of this famed hospital was once a byword for the horrors of medical and psychiatric care.
https://www.atlasobscura.com/places/dark-matter-oddities-artisan-collective,29.958714,-90.062617,Dark Matter Oddities & Artisan Collective,"This macabre shop, filled with art, oddities, and taxidermy is hidden in the heart of the French Quarter."
https://www.atlasobscura.com/places/count-orlok-s-nightmare-gallery,42.521424,-70.894854,Count Orlok’s Nightmare Gallery,A collection of full-size movie monsters opened to the public.
https://www.atlasobscura.com/places/morikami-museum-japanese-gardens,26.429758,-80.156782,,
https://www.atlasobscura.com/places/zelda-fitzgerald-s-abandoned-sanatorium,41.488777,-73.967917,,
https://www.atlasobscura.com/places/penn-s-cave,40.882552,-77.612317,,
https://www.atlasobscura.com/places/gas-works-park,47.64623,-122.3337,,
https://www.atlasobscura.com/places/lost-lake,44.434013,-121.905185,,
https://www.atlasobscura.com/places/rosehill-cemetery,41.986494,-87.675177,,
https://www.atlasobscura.com/places/alinea-restaurant,41.913419,-87.648291,,
https://www.atlasobscura.com/places/hole-rock,38.390464,-109.454635,,
https://www.atlasobscura.com/places/flintstones-bedrock-city,35.653607,-112.138499,Flintstones Bedrock City,An homage to everyone's favorite prehistoric cartoon family.
https://www.atlasobscura.com/places/natural-bridge,34.093611,-87.615278,Alabama's Natural Bridge,148 feet long and in the middle of a verdant forest.
https://www.atlasobscura.com/places/the-times-square-hum-new-york-new-york,40.75857,-73.985509,Times Square Hum,A pedestrian island in the middle of world-famous Times Square emits a strange (and purposeful) humming noise.
https://www.atlasobscura.com/places/virgin-falls-pocket-wilderness,35.846761,-85.311584,Virgin Falls Pocket Wilderness,"Visit this playground of waterfalls, caves and sinkholes."
https://www.atlasobscura.com/places/bryant-park-bathroom,40.753597,-73.983233,Bryant Park Bathroom,"The fanciest public restroom in New York City boasts fresh flowers, art, and a classical music soundtrack."
https://www.atlasobscura.com/places/the-cats-of-jackson-square-new-orleans-louisiana,29.956701,-90.062763,The Cats of Jackson Square,"By day this New Orleans square is for pedestrians, but by night it is a kingdom of kittens."
https://www.atlasobscura.com/places/metairie-cemetery-new-orleans,29.985833,-90.117778,Metairie Cemetery,"New Orleans' famous cemetery, located on the site of a former race track."
https://www.atlasobscura.com/places/concrete-parthenon,36.149747,-86.813164,Concrete Parthenon,This replica of the Greek structure is in the heart of Nashville.
https://www.atlasobscura.com/places/wordens-ledges,41.203616,-81.718821,,
https://www.atlasobscura.com/places/zak-bagans-haunted-museum,36.158382,-115.145681,,
https://www.atlasobscura.com/places/pirate-treasure-museum,29.896944,-81.312984,,
https://www.atlasobscura.com/places/traveler-restaurant,42.025325,-72.139914,,
https://www.atlasobscura.com/places/mothman-museum-point-pleasant-west-virginia,38.842756,-82.13863,,
https://www.atlasobscura.com/places/long-now-orrery,37.806632,-122.432152,,
https://www.atlasobscura.com/places/the-angel-oak-tree-johns-island-south-carolina,32.721438,-80.082388,,
https://www.atlasobscura.com/places/abandoned-henry-river-mill-village,35.696521,-81.428422,,
https://www.atlasobscura.com/places/abandoned-henry-river-mill-village,35.696521,-81.428422,Abandoned Henry River Mill Village,"An abandoned village that doubled as ""The Hunger Games""' post-apocalyptic wasteland is up for grabs."
https://www.atlasobscura.com/places/rosenheim-mansion,34.050038,-118.317353,Rosenheim Mansion,This grand mansion has starred in everything from Bones to Buffy.
https://www.atlasobscura.com/places/castle-mont-rouge,36.239727,-78.912991,Castle Mont Rouge,A sculptor's dream castle turned fantastical ruin.
https://www.atlasobscura.com/places/6-1-2-avenue-manhattan-s-secret-street,40.763145,-73.980294,6 1/2 Avenue: Manhattan's Secret Street,Tucked away amidst some of the most famous addresses in the world is New York's only fraction of a street.
https://www.atlasobscura.com/places/a-christmas-story-house-and-museum,41.468747,-81.687339,A Christmas Story House and Museum,The home made famous by the 1983 holiday classic is now a perfectly preserved shrine to the movie.
https://www.atlasobscura.com/places/space-window-at-the-washington-national-cathedral,38.931122,-77.071627,Space Window at the Washington National Cathedral,A tiny piece of the Moon is embedded in this stained glass masterpiece.
https://www.atlasobscura.com/places/the-ponce-de-leon-hotel-st-augustine-florida,29.892887,-81.314788,The Ponce de León Hotel,"A luxurious 1880s hotel with its fair share of Tiffany stained glass, Edison electricity, and of course, ghosts."
https://www.atlasobscura.com/places/lava-beds-national-monument,41.713889,-121.508333,Lava Beds National Monument,Trails through lava-carved tube-caves display sparkling bacteria and a rich history.
https://www.atlasobscura.com/places/the-flower-fields-carlsbad-california,33.124658,-117.317592,,
https://www.atlasobscura.com/places/donner-pass-summit-tunnels,39.315563,-120.320657,,
https://www.atlasobscura.com/places/kreischer-mansion,40.532558,-74.237806,,
https://www.atlasobscura.com/places/john-sowden-house,34.105515,-118.301216,,
https://www.atlasobscura.com/places/buffalo-bayou-park-cistern,29.762381,-95.376423,,
https://www.atlasobscura.com/places/beacon-rock,45.628593,-122.022196,,
https://www.atlasobscura.com/places/prehistoric-forest-amusement-park,42.056207,-84.151691,,
https://www.atlasobscura.com/places/helen-s-bridge,35.595467,-82.538061,,
https://www.atlasobscura.com/places/durango-silverton-narrow-gauge-railroad,37.269127,-107.882516,Durango and Silverton Narrow Gauge Railroad,This spectacular track has run continuously since 1882.
https://www.atlasobscura.com/places/spook-hill,27.908587,-81.581189,Spook Hill,A haunted hill that supposedly defied gravity.
https://www.atlasobscura.com/places/craggy-gardens-rhododendron-tunnels,35.700611,-82.379539,Craggy Gardens Rhododendron Tunnels,Gnarled canopies of pink and purple wildflowers arch over the trail to the summit.
https://www.atlasobscura.com/places/mcway-falls-and-waterfall-house-ruins,36.160083,-121.673246,McWay Falls and Waterfall House Ruins,"This Big Sur waterfall drops 80 feet directly into the Pacific Ocean, and inspired the hillside house up top."
https://www.atlasobscura.com/places/maroon-bells,39.071062,-106.989069,Maroon Bells,"Despite being one of the most photographed vistas in the Rockies these twin peaks are rightfully known as the ""Deadly Bells."""
https://www.atlasobscura.com/places/aquatic-park-tombstones,37.807567,-122.426223,Aquatic Park Tombstones,Visible below the waves are memorials to the city's Gold Rush dead.
https://www.atlasobscura.com/places/blue-moon-tavern,47.661469,-122.319912,Blue Moon Tavern,This popular bar has been blurring the line between normal and edgy for more than 75 years.
https://www.atlasobscura.com/places/pikes-peak-summit-house,38.840832,-105.042786,Pikes Peak Summit House,Thanks to a quirk of elevation this gift shop produces magic doughnuts that are found nowhere else on Earth.
https://www.atlasobscura.com/places/sculptured-rocks-natural-area,43.706964,-71.856817,,
https://www.atlasobscura.com/places/ballyhoo-curiosity-shop,47.667995,-122.385382,,
https://www.atlasobscura.com/places/raccoon-mountain-caverns,35.021223,-85.407925,,
https://www.atlasobscura.com/places/grand-staircase-escalante-national-monument,37.4,-111.683333,,
https://www.atlasobscura.com/places/dinosaurland,39.055356,-78.141353,,
https://www.atlasobscura.com/places/biltmore-secret-doors-hidden-passages,35.567032,-82.544252,,
https://www.atlasobscura.com/places/the-satanic-temple-salem-massachusetts,42.531378,-70.889133,,
https://www.atlasobscura.com/places/marilyn-monroes-crypt,34.058414,-118.44198,,
https://www.atlasobscura.com/places/goonie-trails,46.186268,-123.823187,Goonie Trails,The lush coastal city of Astoria is riddled with forgotten secret sidewalks.
https://www.atlasobscura.com/places/elfreths-alley,39.952767,-75.142397,Elfreth's Alley,This charming colonial alleyway is one of the oldest continuously used residential streets in the U.S.
https://www.atlasobscura.com/places/idle-hour,34.158363,-118.369987,Idle Hour,The programmatic glory of LA's giant whiskey barrel building has become an upscale reminder of the city's kitschy roadside past.
https://www.atlasobscura.com/places/gum-wall,47.608056,-122.340278,Gum Wall,A wall of chewing gum moonlights as collective art.
https://www.atlasobscura.com/places/dr-glooms-crypt-of-curiosities,39.547729,-76.08732,Dr. Gloom's Crypt of Curiosities,"Fiji mermaids, mummified remains, and recreated cryptids are among the morbid oddities at this Maryland museum."
https://www.atlasobscura.com/places/halloween-house,34.099257,-118.360792,Halloween House,"Everyone remembers Laurie Strode from Halloween, but this is the house where most of the blood was shed."
https://www.atlasobscura.com/places/pegasus-and-dragon,25.978065,-80.139573,Pegasus and Dragon,The behemoth beasts engaged in an epic battle is the second-tallest statue in the contiguous United States.
https://www.atlasobscura.com/places/palouse-falls,46.663493,-118.223798,Palouse Falls,An obscure waterfall that looks like something out of a fantasy novel.
https://www.atlasobscura.com/places/seven-magic-mountains,35.841341,-115.269453,,
https://www.atlasobscura.com/places/hobbit-cafe,29.733858,-95.414845,,
https://www.atlasobscura.com/places/stay-on-main-hotel,34.044277,-118.25063,,
https://www.atlasobscura.com/places/museum-of-the-bizarre,34.23263,-77.949022,,
https://www.atlasobscura.com/places/hammond-castle-museum,42.585985,-70.692565,,
https://www.atlasobscura.com/places/crowley-lake-columns,37.609,-118.721669,,
https://www.atlasobscura.com/places/sliding-rock,35.31147,-82.787575,,
https://www.atlasobscura.com/places/napoleon-house,29.955823,-90.065255,,
https://www.atlasobscura.com/places/dapper-cadaver,43.030386,-89.401044,Dapper Cadaver,"""Looks so real, it's scary!"""
https://www.atlasobscura.com/places/gates-of-hell,40.018387,-83.011987,Gates of Hell,The entrance to this sinisterly named tunnel hides behind a Tim Hortons.
https://www.atlasobscura.com/places/saint-albans-sanatorium,37.139267,-80.580045,St. Albans Sanatorium,Paranormal investigators claim this abandoned asylum is the most haunted spot in the eastern U.S.
https://www.atlasobscura.com/places/monongahela-incline,40.431426,-80.005808,Monongahela Incline,The United States’s oldest funicular railway glides up and down a steep Pittsburgh street.
https://www.atlasobscura.com/places/bob-baker-marionette-theater,34.121813,-118.207202,Bob Baker Marionette Theater,Historic marionette theater features thousands of handmade puppets and free cups of ice cream.
https://www.atlasobscura.com/places/washington-mini-monument,38.889098,-77.035246,Washington Mini Monument,There's a 12-foot-tall replica of the Washington Monument hidden under a manhole nearby.
https://www.atlasobscura.com/places/archive-of-the-afterlife,39.826309,-80.568528,Archive of the Afterlife,"The museum calls itself the ""National Museum of the Paranormal"" and is full of eerie oddities."
https://www.atlasobscura.com/places/papermoon-diner,39.322435,-76.621229,Papermoon Diner,"This beloved Baltimore spot features caged dolls, a giant Pez collection, and many, many mannequins."
https://www.atlasobscura.com/places/crater-of-diamonds,34.033132,-93.670694,,
https://www.atlasobscura.com/places/mystery-valley,36.908612,-110.186796,,
https://www.atlasobscura.com/places/the-secret-entrance-to-the-knickerbocker-hotel-new-york-new-york,40.755583,-73.987917,,
https://www.atlasobscura.com/places/maryhill-museum-and-stonehenge,45.677458,-120.864771,,
https://www.atlasobscura.com/places/antoines-restaurant,29.956737,-90.066392,,
https://www.atlasobscura.com/places/methuselah-tree-bristlecone-pine,37.385562,-118.178843,,
https://www.atlasobscura.com/places/smith-mansion,44.461163,-109.494181,,
https://www.atlasobscura.com/places/edgar-allen-poes-site-of-death,39.292926,-76.594212,,
https://www.atlasobscura.com/places/grip-raven,39.959085,-75.170333,Grip the Raven,"The taxidermied remains of Charles Dickens' pet raven, which helped inspire one of Edgar Allan Poe's most famous poems."
https://www.atlasobscura.com/places/world-erotic-art-museum,25.783027,-80.132211,World Erotic Art Museum,"12,000 sq. ft. museum tracing erotic art from antiquity to modern times."
https://www.atlasobscura.com/places/san-diego-museum-of-us,32.7314,-117.1517,San Diego Museum of Us,An extraordinarily ornate museum in San Diego holds wondrous anthropological treasures.
https://www.atlasobscura.com/places/robo-lights,33.831792,-116.535039,Robo Lights,An outdoor sculpture park of giant pink robots and post-apocalyptic Christmas scenes.
https://www.atlasobscura.com/places/fbi-spy-house,38.924238,-77.072798,FBI Spy House,A painfully obvious spy house sits right across the street from the Russian Embassy.
https://www.atlasobscura.com/places/chaco-culture-national-historical-park,36.030481,-107.910392,Chaco Culture National Historical Park,A phenomenal assembly of pueblos in New Mexico is the most complete example of ancient ruins north of the border.
https://www.atlasobscura.com/places/the-woolworth-building-new-york-new-york,40.712486,-74.008266,The Woolworth Building,"Once the tallest building in the world and the site of ""the highest dinner ever held in New York"" this building now holds the most expensive penthouse in the city."
https://www.atlasobscura.com/places/orient-express-restaurant,47.575836,-122.329554,Orient Express Restaurant,This Seattle joint serves food inside an old train car once used by FDR.
https://www.atlasobscura.com/places/grand-falls,35.425622,-111.195638,,
https://www.atlasobscura.com/places/lucent,41.898642,-87.622746,,
https://www.atlasobscura.com/places/hillandale-bridge,41.590972,-81.491167,,
https://www.atlasobscura.com/places/seacrest-wolf-preserve,30.593361,-85.629894,,
https://www.atlasobscura.com/places/fantasy-canyon,40.057357,-109.393219,,
https://www.atlasobscura.com/places/willamette-falls,45.351557,-122.619041,,
https://www.atlasobscura.com/places/pumpkin-spring-pool,36.231719,-113.030911,,
https://www.atlasobscura.com/places/dysfunctional-grace-art-co,27.960501,-82.440207,,
https://www.atlasobscura.com/places/dysfunctional-grace-art-co,27.960501,-82.440207,Dysfunctional Grace Art Co.,An oddities shop that dabbles in the deathly and beautiful.
https://www.atlasobscura.com/places/shipwrecks-lands-end,37.784368,-122.508545,The Shipwrecks at Land's End,"A 300-ship graveyard, with a few still visible at low tide."
https://www.atlasobscura.com/places/blockhouse-no-1,40.797528,-73.95582,Blockhouse No. 1,This ruined fort hidden at the top of Central Park can't seem to keep from losing its historical plaques.
https://www.atlasobscura.com/places/quimbys-bookstore,41.910598,-87.674778,Quimby's Bookstore,"The beloved home to all publications indie, erotic, and punky."
https://www.atlasobscura.com/places/ernest-hemingway-home-museum,24.551149,-81.800545,Ernest Hemingway Home & Museum,The former home of the Nobel Prize-winning American writer is now home to dozens of six-toed cats.
https://www.atlasobscura.com/places/toccoa-river-swinging-bridge,34.73612,-84.167268,Toccoa River Swinging Bridge,"They call this long foot bridge a swinging bridge, but really it's the bouncing you have to watch out for."
https://www.atlasobscura.com/places/magic-mushroom-house,39.191098,-106.817539,Magic Mushroom House,An architect in Aspen used psychedelics as his muse while building this mushroom masterpiece.
https://www.atlasobscura.com/places/elijah-bond-s-ouija-board-grave,39.310362,-76.606743,Elijah Bond's Ouija Board Grave,The man who first patented the Ouija board rests in peace beneath a headstone that playfully reflects that achievement.
https://www.atlasobscura.com/places/golden-gate-park-bison,37.769817,-122.498375,,
https://www.atlasobscura.com/places/the-music-box-village,29.96337,-90.0294,,
https://www.atlasobscura.com/places/eternal-flame-falls-2,42.713949,-78.762808,,
https://www.atlasobscura.com/places/kitch-iti-kipi,46.004166,-86.381953,,
https://www.atlasobscura.com/places/cassadaga,28.965173,-81.236144,,
https://www.atlasobscura.com/places/john-k-king-used-rare-books,42.327427,-83.056903,,
https://www.atlasobscura.com/places/goblin-valley-state-park,38.564127,-110.704832,,
https://www.atlasobscura.com/places/the-hidden-art-deco-tunnel-underneath-the-new-yorker-hotel-new-york-new-york,40.752722,-73.993605,,
https://www.atlasobscura.com/places/palo-duro-canyon,34.984557,-101.701126,Palo Duro Canyon,The Grand Canyon of Texas.
https://www.atlasobscura.com/places/the-sazerac-bar-new-orleans-louisiana,29.953873,-90.071702,The Sazerac Bar,This bar named after the world's first mixed cocktail was home to one of New Orleans' most notorious politicians.
https://www.atlasobscura.com/places/national-museum-funeral-history,29.989533,-95.430586,National Museum of Funeral History,Fantastic collection celebrating the final send-off.
https://www.atlasobscura.com/places/newmans-castle,29.948962,-96.253069,Newman's Castle,A medieval castle in the middle of rural Texas.
https://www.atlasobscura.com/places/damen-silos,41.840787,-87.673892,Damen Silos,These abandoned grain silos and tunnels are an urban exploration dream.
https://www.atlasobscura.com/places/robert-doll,24.552931,-81.754946,Robert the Doll,"This legendary ""evil"" doll has been haunting the citizens of Key West for over 100 years."
https://www.atlasobscura.com/places/providence-canyon-state-outdoor-recreation-area,32.071678,-84.911165,Providence Canyon State Outdoor Recreation Area,Bad farming practices caused this unnatural natural wonder.
https://www.atlasobscura.com/places/the-basin-lincoln-new-hampshire,44.10362,-71.67658,The Basin,Even Henry David Thoreau found this glacial pothole irresistible.
https://www.atlasobscura.com/places/lincoln-memorial-undercroft,38.889126,-77.049844,,
https://www.atlasobscura.com/places/kuwohi-clingmans-dome,35.562933,-83.49845,,
https://www.atlasobscura.com/places/jacob-s-well,30.039092,-98.126351,,
https://www.atlasobscura.com/places/kinzua-bridge,41.75979,-78.587131,,
https://www.atlasobscura.com/places/taos-pueblo,36.438638,-105.544455,,
https://www.atlasobscura.com/places/the-secret-city-oak-ridge-tennessee,36.00888,-84.257149,,
https://www.atlasobscura.com/places/the-white-horse-tavern-new-york-new-york,40.735686,-74.006224,,
https://www.atlasobscura.com/places/underwater-hotel-in-key-largo,25.133115,-80.399311,,
https://www.atlasobscura.com/places/land-of-oz-theme-park,36.210958,-81.889003,Land of Oz Theme Park,"A former Oz-themed attraction that has fallen into disrepair, but still holds some of the original magic."
https://www.atlasobscura.com/places/earthships,36.495334,-105.752974,Earthships,These aggressively sustainable art homes look like something out of 1970's science fiction.
https://www.atlasobscura.com/places/the-sunken-gardens-st-petersburg-florida,27.789584,-82.638426,Sunken Gardens,A luxuriant botanical garden below sea level.
https://www.atlasobscura.com/places/holiday-nostalgia-train,40.723917,-73.991294,Holiday Nostalgia Train,"During the holidays, a vintage subway train whisks New Yorkers back in time."
https://www.atlasobscura.com/places/albertine,40.77656,-73.96365,Albertine,"Though its celestial ceiling is impressive, the true star is the vast collection of French books."
https://www.atlasobscura.com/places/hollywood-tower-apartments,34.104939,-118.324294,Hollywood Tower Apartments,This glamorous old building is said to have inspired the Tower of Terror.
https://www.atlasobscura.com/places/clam-pass-beach,26.21725,-81.81758,Clam Pass Beach,A hidden beach at the end of a tunnel of mangrove trees.
https://www.atlasobscura.com/places/la-cieneguilla-petroglyph-site,35.605279,-106.121369,La Cieneguilla Petroglyph Site,"These Pre-Columbian petroglyphs contain representations of birds, deer, hunters, and even some early Native flute players."
https://www.atlasobscura.com/places/edgar-allen-poe-cottage,40.865567,-73.894251,,
https://www.atlasobscura.com/places/leather-archives-museum-2,41.998622,-87.668318,,
https://www.atlasobscura.com/places/ohio-state-reformatory,40.783726,-82.502754,,
https://www.atlasobscura.com/places/church-of-8-wheels,37.774702,-122.430913,,
https://www.atlasobscura.com/places/alamere-falls,37.953731,-122.783412,,
https://www.atlasobscura.com/places/fort-miley-batteries-lands-end,37.78268,-122.508824,,
https://www.atlasobscura.com/places/vindicator-valley-trail,38.723044,-105.125813,,
https://www.atlasobscura.com/places/apostle-island-sea-caves,46.965278,-90.664167,,
https://www.atlasobscura.com/places/intuit-the-center-for-intuitive-and-outsider-art,41.895355,-87.654615,Intuit: The Center for Intuitive and Outsider Art,"Nonprofit art center that promotes outsider, intuitive, and self-taught art."
https://www.atlasobscura.com/places/17-room-ruin,37.274802,-109.510232,17 Room Ruin,A well-preserved Ancestral Puebloan ruin tucked beneath a desert cliff.
https://www.atlasobscura.com/places/the-topiary-park-columbus-ohio,39.961149,-82.987617,The Topiary Park,Georges Seurat’s pointillist masterpiece has been recreated in Ohio in topiary form.
https://www.atlasobscura.com/places/graffiti-hall-of-fame,40.792986,-73.948009,Graffiti Hall of Fame,"For over 30 years the walls of this Harlem schoolyard have been a gallery of street art by ""Kings and better."""
https://www.atlasobscura.com/places/apache-death-cave,35.117706,-111.09578,Apache Death Cave,A stealthy Apache hideaway that became the haunting site of a mass grave.
https://www.atlasobscura.com/places/frozen-cleveland-lighthouse,41.509005,-81.717733,Frozen Cleveland Lighthouse,An unoccupied lighthouse encased in layers of ice from the waters of Lake Erie.
https://www.atlasobscura.com/places/house-seven-gables,42.521757,-70.883512,House of the Seven Gables,The 340-year-old house that inspired the classic Nathaniel Hawthorne novel.
https://www.atlasobscura.com/places/overlook-mountain-house-ruins,42.084908,-74.099652,Overlook Mountain House Ruins,A once grand hotel is being retaken by the wilderness it once capitalized on.
https://www.atlasobscura.com/places/lucky-cat-museum,39.127222,-84.499167,,
https://www.atlasobscura.com/places/the-crystal-shrine-grotto-memphis-tennessee,35.110436,-89.873996,,
https://www.atlasobscura.com/places/mono-lake,38.0165,-119.0093,,
https://www.atlasobscura.com/places/cherry-springs-state-park,41.662675,-77.8227,,
https://www.atlasobscura.com/places/binoculars-building,33.995458,-118.476718,,
https://www.atlasobscura.com/places/paranormal-museum,40.215958,-74.011422,,
https://www.atlasobscura.com/places/old-faithful-geyser,44.460908,-110.828115,,
https://www.atlasobscura.com/places/indian-echo-caverns,40.2529,-76.7168,,
https://www.atlasobscura.com/places/statue-of-libertys-original-torch,40.69095,-74.04606,Statue of Liberty's Original Torch,Lady Liberty's first beacon of enlightenment is now displayed in a museum near the statue.
https://www.atlasobscura.com/places/palmer-house-hilton,41.880312,-87.626939,Palmer House Hilton,This historic hotel invented the chocolate brownie.
https://www.atlasobscura.com/places/honey-island-swamp,30.217222,-89.649722,Honey Island Swamp,Legend says a primate-like cryptid prowls this otherworldy sliver of the Louisiana bayou.
https://www.atlasobscura.com/places/kenilworth-aquatic-gardens,38.912775,-76.943326,Kenilworth Aquatic Gardens,A lovely aquatic park built by a one-armed Civil War veteran who made a fortune from lotuses.
https://www.atlasobscura.com/places/kansas-city-workhouse,39.087137,-94.563536,Kansas City Workhouse,This abandoned prison castle has become an imposing gallery of graffiti art.
https://www.atlasobscura.com/places/chicago-temple,41.88222,-87.628291,Chicago Temple,"A gothic church spire sits atop this skyscraper, the tallest church in the world."
https://www.atlasobscura.com/places/burlesque-hall-of-fame,36.160056,-115.153021,Burlesque Hall of Fame,This institution collects the history of burlesque dancing with a titillating collection of ephemera and pasties.
https://www.atlasobscura.com/places/brooklyn-bridge-love-locks,40.706086,-73.996864,Brooklyn Bridge Love Locks,A popular European tradition makes its way to the states on one of America's most famous bridges.
https://www.atlasobscura.com/places/japanese-tea-garden-san-antonio,29.460873,-98.476995,,
https://www.atlasobscura.com/places/the-fountain-of-youth-st-augustine-florida,29.906753,-81.314917,,
https://www.atlasobscura.com/places/space-shuttle-endeavour,34.015388,-118.286254,,
https://www.atlasobscura.com/places/saltair,40.747208,-112.188194,,
https://www.atlasobscura.com/places/the-last-shell-oil-clamshell-station-2-winston-salem-north-carolina,36.067692,-80.214106,,
https://www.atlasobscura.com/places/bat-bar-in-lost-canyon-cave,36.53459,-93.249082,,
https://www.atlasobscura.com/places/pecan-pie-vending-machine,30.166755,-97.511084,,
https://www.atlasobscura.com/places/freeway-park,47.609117,-122.33235,,
https://www.atlasobscura.com/places/the-bristlecone-pines-of-the-great-basin-baker-nevada,39.005845,-114.218122,The Bristlecone Pines of the Great Basin,The longest living non-clonal organisms on Earth.
https://www.atlasobscura.com/places/museum-of-natural-and-artificial-ephemerata,30.280202,-97.715219,Museum of Natural and Artificial Ephemerata,DIY collection of eclectic holdings.
https://www.atlasobscura.com/places/national-building-museum,38.897795,-77.017523,National Building Museum,"Fittingly, America's museum of architecture is itself a magnificently designed old building."
https://www.atlasobscura.com/places/graveface-museum-2,32.080296,-81.086451,Graveface Museum,Hidden amid the old-world charm of Savannah is a museum dedicated to the world of oddities and criminal history.
https://www.atlasobscura.com/places/museum-american-cocktail,29.940948,-90.07914,Museum of the American Cocktail,"If New Orleans is the birthplace of the ""cocktail,"" why does their own museum of cocktail memorabilia beg to differ?"
https://www.atlasobscura.com/places/the-black-veil-shoppe-of-drear-wonder,42.521535,-70.914752,Black Veil Shoppe of Drear & Wonder,"Like stepping into a spooky fairy-tale, this shop carries the dark ideas of artists and other makers."
https://www.atlasobscura.com/places/glenrio-ghost-town,35.17842,-103.043038,Glenrio Ghost Town,The old Route 66 town straddling Texas and New Mexico died along with the Main Street of America.
https://www.atlasobscura.com/places/bahai-temple,42.074433,-87.684241,Bahá'í Temple,The only Bahá'í house of worship in North America and one of only a handful worldwide.
https://www.atlasobscura.com/places/macalpines-soda-fountain,33.473236,-112.06482,,
https://www.atlasobscura.com/places/strawberry-fields-memorial,40.775556,-73.974722,,
https://www.atlasobscura.com/places/pac-man-park,47.618855,-122.324915,,
https://www.atlasobscura.com/places/crazy-horse-memorial,43.836789,-103.624386,,
https://www.atlasobscura.com/places/dwan-light-sanctuary,35.6556,-105.283567,,
https://www.atlasobscura.com/places/moonville-tunnel,39.288504,-82.424711,,
https://www.atlasobscura.com/places/munster-mansion,32.436125,-96.810724,,
https://www.atlasobscura.com/places/atomic-liquors,36.166782,-115.13551,,
https://www.atlasobscura.com/places/daniels,39.316771,-76.817411,Daniels,"An eerie, decaying ghost town destined to fade into the forest."
https://www.atlasobscura.com/places/tomb-of-the-unknown-slave,29.965326,-90.066283,Tomb of the Unknown Slave,"Made of giant chains and hung with shackles, this iron cross honors those unknowns who perished under American slavery."
https://www.atlasobscura.com/places/ice-castles,44.034382,-71.698838,Ice Castles,These towering spires and glowing walls are carefully crafted from hundreds of thousands of icicles.
https://www.atlasobscura.com/places/33-thomas-street,40.716437,-74.00613,Long Lines Building,"An uber-secure, windowless tower of doom in the center of Manhattan is an NSA spyscraper."
https://www.atlasobscura.com/places/the-conjuring-arts-research-center-new-york-new-york,40.746516,-73.987214,The Conjuring Arts Research Center,Unlock the secrets of the conjuring arts.
https://www.atlasobscura.com/places/driftwood-beach,31.103388,-81.40404,Driftwood Beach,Constant erosion has created a surreal landscape of bleached and preserved fallen trees.
https://www.atlasobscura.com/places/denos-wonder-wheel,40.574279,-73.978787,Deno's Wonder Wheel,One of the most enjoyable bits of history at Coney Island and “the most romantic ride in the world.”
https://www.atlasobscura.com/places/manhattan-well-murder,40.724047,-74.000399,The Manhattan Well Murder,"A dark, dank room in subterranean Manhattan was the site of a ghastly murder."
https://www.atlasobscura.com/places/book-club-of-california,37.789862,-122.405862,,
https://www.atlasobscura.com/places/toy-joy-vintage-weird-toys,30.265362,-97.747948,,
https://www.atlasobscura.com/places/unsinkable-molly-brown-house,39.737503,-104.980755,,
https://www.atlasobscura.com/places/niagara-cave-1,43.513982,-92.055137,,
https://www.atlasobscura.com/places/james-turrell-skyspace-light-reign,47.656298,-122.311631,,
https://www.atlasobscura.com/places/wonderville,40.692392,-73.927463,,
https://www.atlasobscura.com/places/bronx-zoo-bug-carousel,40.850782,-73.879593,,
https://www.atlasobscura.com/places/the-fugitive-train-wreck-sylva-north-carolina,35.370434,-83.26325,,
https://www.atlasobscura.com/places/the-fugitive-train-wreck-sylva-north-carolina,35.370434,-83.26325,The Fugitive Train Wreck,The remains of the iconic train crash from the movie 'The Fugitive' can still be found rusting along the Great Smoky Railroad.
https://www.atlasobscura.com/places/addaball-bar-arcade-pinball-retro,47.652067,-122.354906,Add-a-Ball Bar and Arcade,A (slightly) grownup take on the classic retro arcade.
https://www.atlasobscura.com/places/zero-milestone,38.895109,-77.036571,Zero Milestone,A monument in Washington D.C. marks the spot from which all other roads were supposed to stem.
https://www.atlasobscura.com/places/mayfield-park,30.314512,-97.769076,Mayfield Park,Free public park and gardens filled with peacocks and peahens.
https://www.atlasobscura.com/places/stanley-rehder-carnivorous-plant-garden,34.205779,-77.90728,Stanley Rehder Carnivorous Plant Garden,Garden dedicated to native carnivorous plants and site of huge flytrap heist.
https://www.atlasobscura.com/places/wooden-block-alley,41.91031,-87.62771,Wooden Block Alley,All of Chicago's wood-paved streets are long gone but two alleys remain.
https://www.atlasobscura.com/places/lake-view-cemetery,47.633896,-122.312607,Lake View Cemetery,A beautiful final resting place for some of the noteworthy deceased.
https://www.atlasobscura.com/places/lincoln-book-tower,38.896767,-77.026294,Lincoln Book Tower,A three-story tower of books about Abraham Lincoln is one of the more unusual monuments to the president.
https://www.atlasobscura.com/places/dusty-groove,41.902215,-87.667663,,
https://www.atlasobscura.com/places/warm-mineral-springs,27.058889,-82.260833,,
https://www.atlasobscura.com/places/chemosphere,34.127555,-118.368931,,
https://www.atlasobscura.com/places/chandelier-tree,39.8588,-123.719216,,
https://www.atlasobscura.com/places/snow-white-cottages,34.108478,-118.27381,,
https://www.atlasobscura.com/places/faery-door,37.770104,-122.470286,,
https://www.atlasobscura.com/places/storyville,29.959081,-90.073814,,
https://www.atlasobscura.com/places/short-story-vending-machine,37.79656,-122.405017,,
https://www.atlasobscura.com/places/valley-of-the-moon,32.275029,-110.933962,Valley of the Moon,The Magical World of George Phar Legler.
https://www.atlasobscura.com/places/franklin-parks-overlook-shelter-ruins,42.308004,-71.097161,Franklin Park's Overlook Shelter Ruins,The often-overlooked ruins of one of the first buildings designed by famous landscape architect Frederick Olmsted.
https://www.atlasobscura.com/places/slab-city-california,33.258889,-115.466389,Slab City,This abandoned Navy base was transformed into an off-grid alternative living community for thousands of people.
https://www.atlasobscura.com/places/ether-dome,42.362429,-71.069779,The Ether Dome,"19th-century operating theatre in which the use of ether was first demonstrated - plus, a skeleton and a mummy!"
https://www.atlasobscura.com/places/thorne-miniature-rooms,41.879582,-87.623715,Thorne Miniature Rooms,"Each of these gorgeous, intricately decorated rooms is painstakingly crafted to the scale of 1 inch: 1 foot."
https://www.atlasobscura.com/places/rosenbach-of-the-free-library-of-philadelphia,39.947426,-75.174667,Rosenbach of the Free Library of Philadelphia,"This little-known collection holds everything from ""Dracula"" notes, to the manuscript of ""Ulysses,"" to the forged works of Shakespeare."
https://www.atlasobscura.com/places/dr-evermores-forevertron,43.363889,-89.771667,Dr. Evermor's Forevertron,"""World's largest scrap metal sculpture"" stands in an outdoor sculpture garden in the middle of Wisconsin."
https://www.atlasobscura.com/places/bash-bish-falls,42.114813,-73.492897,Bash Bish Falls,One of the most scenic falls in Massachusetts has a history of death and grim legend.
https://www.atlasobscura.com/places/portland-wishing-tree,45.54449,-122.658264,,
https://www.atlasobscura.com/places/fraunces-tavern,40.703372,-74.011373,,
https://www.atlasobscura.com/places/welch-spring-hospital-ruins,37.394591,-91.576282,,
https://www.atlasobscura.com/places/center-for-postnatural-history-2,40.465446,-79.944644,,
https://www.atlasobscura.com/places/the-light-of-truth-universal-shrine-lotus-buckingham-virginia,37.670386,-78.698403,,
https://www.atlasobscura.com/places/fantastic-pit,34.664862,-85.364118,,
https://www.atlasobscura.com/places/steve-s-authentic-key-lime-pies,40.677578,-74.018435,,
https://www.atlasobscura.com/places/dinosaur-world,37.135796,-85.983042,,
https://www.atlasobscura.com/places/museum-natural-other-curiosities,41.765848,-72.673295,Museum of Natural and Other Curiosities,A wunderkammer hidden on the top floor of the Hartford statehouse.
https://www.atlasobscura.com/places/shiprock,36.68667,-108.836438,Shiprock,Legends surround this jagged rock formation in the New Mexico desert.
https://www.atlasobscura.com/places/the-rattlesnake-saloon,34.648163,-87.910913,Rattlesnake Saloon,You'll need cowboy boots to trek to this old-fashioned saloon nestled in a giant natural cave.
https://www.atlasobscura.com/places/el-sabroso,40.75419,-73.991748,El Sabroso,This semi-hidden Manhattan restaurant is based out of a loading dock.
https://www.atlasobscura.com/places/noah-purifoy-s-outdoor-desert-art-museum,34.196067,-116.294687,The Noah Purifoy Desert Art Museum,Explore 10 acres of environmental sculptures.
https://www.atlasobscura.com/places/indiana-medical-history-museum,39.772382,-86.209881,Indiana Medical History Museum,A medical facility that has been kept frozen in time.
https://www.atlasobscura.com/places/high-trestle-trail-bridge,41.866882,-93.868619,High Trestle Trail Bridge,"A half-mile long and three stories high, this bridge over the Des Moines River Valley mimics a descent into a mine shaft."
https://www.atlasobscura.com/places/afterglow-vista,48.616158,-123.151873,Afterglow Vista,This family mausoleum is steeped in symbolism and looks more like a fantasy location than a grave.
https://www.atlasobscura.com/places/museum-quackery,44.943492,-93.095661,,
https://www.atlasobscura.com/places/ohio-caverns,40.23853,-83.699222,,
https://www.atlasobscura.com/places/the-church-brew-works-pittsburgh-pennsylvania,40.462206,-79.964425,,
https://www.atlasobscura.com/places/escape-my-room-2,29.940028,-90.07178,,
https://www.atlasobscura.com/places/old-car-city-usa,34.26958,-84.751747,,
https://www.atlasobscura.com/places/four-corners-monument,36.998979,-109.045182,,
https://www.atlasobscura.com/places/the-house-of-mugs-collettsville-north-carolina,35.958504,-81.71102,,
https://www.atlasobscura.com/places/amazon-spheres,47.616108,-122.339854,,
https://www.atlasobscura.com/places/musso-and-frank,34.10183,-118.335408,Musso and Frank Grill,This star-studded Old Hollywood restaurant is where fettuccine Alfredo made its United States debut.
https://www.atlasobscura.com/places/portals-past,37.77077,-122.48249,Portals of the Past,The remains of a ruined mansion memorialize the 1906 earthquake.
https://www.atlasobscura.com/places/castle-otttis,29.955877,-81.306293,Castle Otttis,Two men built this castle on the Florida coast as an artistic “landscape sculpture.”
https://www.atlasobscura.com/places/integratron,34.293199,-116.403806,The Integratron,"Experience a quartz crystal sound bath inside a storied, all-wood sound-chamber."
https://www.atlasobscura.com/places/origami-in-the-garden,35.441139,-106.080134,Origami in the Garden,Giant origami sculptures tucked into desert scenery beckon passers-by to explore further.
https://www.atlasobscura.com/places/sea-lion-caves,44.121429,-124.125617,Sea Lion Caves,Only known mainland rookery of the threatened Stellar sea lion.
https://www.atlasobscura.com/places/lisa-frank-factory,32.129142,-110.923344,Lisa Frank Factory,"The fading, forgotten remains of a once bright and booming factory."
https://www.atlasobscura.com/places/grande-ballroom,42.364578,-83.128625,Grande Ballroom,Abandoned concert venue legendary for its rock counterculture.
https://www.atlasobscura.com/places/monopoly-in-the-park,37.328244,-121.893194,,
https://www.atlasobscura.com/places/columbian-exhibition,41.779872,-87.580555,,
https://www.atlasobscura.com/places/ethyl-the-whale,35.607164,-105.995599,,
https://www.atlasobscura.com/places/wayfarers-chapel,33.744088,-118.377825,,
https://www.atlasobscura.com/places/thurmond-west-virginia,37.961502,-81.082322,,
https://www.atlasobscura.com/places/japanese-garden-at-the-donald-c-tillman-water-reclamation-plant,34.182753,-118.480946,,
https://www.atlasobscura.com/places/devils-kettle,47.797223,-90.113708,,
https://www.atlasobscura.com/places/hart-island,40.853553,-73.770447,,
https://www.atlasobscura.com/places/hart-island,40.853553,-73.770447,Hart Island,The loneliest island in New York.
https://www.atlasobscura.com/places/eckley-miners-village,40.993522,-75.862612,Eckley Miners' Village,This eerily well-preserved coal town was saved from destruction by a Sean Connery movie.
https://www.atlasobscura.com/places/mothman-statue,38.842573,-82.138546,Mothman Statue,This red-eyed chrome beast pays homage to the popular modern myth of West Virginia's insectoid monster.
https://www.atlasobscura.com/places/dungeness-ruins,30.851069,-81.448427,Dungeness Ruins,Ruins of a Carnegie family mansion on Cumberland Island.
https://www.atlasobscura.com/places/mission-dolores-cemetery,37.764382,-122.426821,Mission Dolores Cemetery,"The oldest burial ground in the city, final resting place of city founders, Ohlone natives and murderers alike."
https://www.atlasobscura.com/places/new-river-gorge-bridge,38.068333,-81.083333,New River Gorge Bridge,One day a year it is legal to jump off of this astoundingly tall bridge that spans an Appalachian gorge.
https://www.atlasobscura.com/places/rock-a-hoola-waterpark-2,34.948234,-116.687481,Rock-A-Hoola Waterpark,"The ""Fun Spot of the Desert"" is now a haunting ruin, and a reminder that putting a water park in a desert is a bad idea."
https://www.atlasobscura.com/places/national-civil-rights-museum,35.134694,-90.057697,National Civil Rights Museum,The hotel where Martin Luther King Jr. was shot is now a museum dedicated to his work.
https://www.atlasobscura.com/places/beinecke-rare-book-manuscript-library,41.311525,-72.927139,,
https://www.atlasobscura.com/places/saint-roch-chapel,29.975421,-90.052488,,
https://www.atlasobscura.com/places/hatch-show-print,36.15804,-86.775964,,
https://www.atlasobscura.com/places/the-old-patent-model-museum-washington-dc,38.898099,-77.022525,,
https://www.atlasobscura.com/places/the-cincinnati-mushroom-house-cincinnati-ohio,39.141132,-84.423699,,
https://www.atlasobscura.com/places/trader-vics,33.76161,-84.383296,,
https://www.atlasobscura.com/places/wonder-house,27.874432,-81.833898,,
https://www.atlasobscura.com/places/grounds-for-sculpture,40.235462,-74.717927,,
https://www.atlasobscura.com/places/haystack-rock,45.903073,-123.960967,Haystack Rock,A massive sea stack famous for its appearance in The Goonies.
https://www.atlasobscura.com/places/gowanus-batcave,40.676407,-73.988391,Gowanus Batcave,"Abandoned power station once home to a squatter community, now being developed into an arts center."
https://www.atlasobscura.com/places/krog-street-tunnel,33.752348,-84.363365,Krog Street Tunnel,An underground magnet for ever-changing street art.
https://www.atlasobscura.com/places/salem-witch-board-museum,42.522224,-70.890891,Salem Witch Board Museum,A museum dedicated exclusively to the lore and history of ouija boards.
https://www.atlasobscura.com/places/phoenix-bat-cave,33.514739,-112.001205,Phoenix Bat Cave,Thousands of Mexican Free-Tailed Bats soar around an abandoned storm drain at sunset each summer.
https://www.atlasobscura.com/places/san-francisco-botanical-gardens,37.767017,-122.466724,San Francisco Botanical Garden,Golden Gate Park's historic collection of plants.
https://www.atlasobscura.com/places/ponyhenge,42.401928,-71.328785,Ponyhenge,"No one really knows how these old hobby horses got here, but the herd keeps growing."
https://www.atlasobscura.com/places/wahweap-hoodoos,37.160124,-111.710639,The Wahweap Hoodoos,"Giant pinnacles in the sun-scorched lands of Southern Utah have been nicknamed ""white ghosts."""
https://www.atlasobscura.com/places/dig-this,35.94809,-115.17593,,
https://www.atlasobscura.com/places/la-belle-nouvelle-orleans-antiques,29.929897,-90.075971,,
https://www.atlasobscura.com/places/frank-lloyd-wright-gas-station,46.721773,-92.461183,,
https://www.atlasobscura.com/places/ethel-m-botanical-cactus-garden,36.073904,-115.071898,,
https://www.atlasobscura.com/places/chicken-boy,34.10851,-118.194306,,
https://www.atlasobscura.com/places/daredevil-tattoo,40.714353,-73.990865,,
https://www.atlasobscura.com/places/reach-new-york,40.750382,-73.987624,,
https://www.atlasobscura.com/places/los-angeles-science-fantasy-society,34.179492,-118.444326,,
https://www.atlasobscura.com/places/the-secret-chamber-house-of-oddities-and-artwork,39.821787,-84.021968,The Secret Chamber House of Oddities and Artwork,"Inside this wonderland of weird, visitors are treated to a collection ranging from skeletons to haunted artifacts."
https://www.atlasobscura.com/places/the-living-dead-museum-evans-city-pennsylvania,40.429157,-79.795361,The Living Dead Museum,This little museum in the town where zombies were born celebrates the living dead.
https://www.atlasobscura.com/places/tuckaleechee-caverns,35.65835,-83.776648,Tuckaleechee Caverns,Mile-long cave system near Great Smoky Mountains.
https://www.atlasobscura.com/places/thornewood-castle,47.130346,-122.551233,Thornewood Castle,"""The House That Love Built"" is shying away from ""The House That Ghosts Love."""
https://www.atlasobscura.com/places/soap-plant-wacko,34.100286,-118.290029,Soap Plant / Wacko,"An expansive book store, art gallery, and curio shop with wares ranging from tarot cards to novelty socks."
https://www.atlasobscura.com/places/singing-beach-at-manchester-by-the-sea,42.570578,-70.760652,Singing Beach at Manchester-By-The-Sea,"Friction between grains of sand cause a curious ""singing"" sound."
https://www.atlasobscura.com/places/wiggly-bridge,43.136445,-70.647683,Wiggly Bridge,"True to its name, this bouncy walkway may be the world’s smallest suspension bridge."
https://www.atlasobscura.com/places/batsto-village,39.641667,-74.647778,Batsto Village,This historic iron-working village is now a ghost town so immaculate that it looks as though it was recently built.
https://www.atlasobscura.com/places/trilobite-quarry,39.347357,-112.567591,,
https://www.atlasobscura.com/places/manitou-cliff-dwellings,38.862919,-104.912235,,
https://www.atlasobscura.com/places/worlds-largest-collection-of-smallest-versions-of-largest-things,39.057585,-98.537792,,
https://www.atlasobscura.com/places/judaculla-rock,35.301246,-83.110122,,
https://www.atlasobscura.com/places/twedes-cafe,47.495169,-121.786851,,
https://www.atlasobscura.com/places/macys-wooden-escalators,40.750792,-73.989526,,
https://www.atlasobscura.com/places/fry-bread-house,33.503684,-112.082266,,
https://www.atlasobscura.com/places/atlanta-glass-treehouse-loft,33.736256,-84.359113,,
https://www.atlasobscura.com/places/buckhorn-exchange,39.732379,-105.004941,Buckhorn Exchange,Wall to wall taxidermy at Denver's oldest and most exotic steakhouse.
https://www.atlasobscura.com/places/windber-trolley-grave-yard,40.237114,-78.816605,Windber Trolley Graveyard,Collection of trolley cars in the woods represent one man's attempt to preserve transportation history.
https://www.atlasobscura.com/places/royse-city-futuro-house,32.897896,-96.300046,Royse City Futuro House,"This crumbling UFO is one of only a few remaining ""moveable ski chalets"" of its kind."
https://www.atlasobscura.com/places/the-drivethru-museum-seale-alabama,32.329262,-85.168195,The Drive-Thru Museum,"A wealth of local folk art, antiques, and curios, without ever leaving your car."
https://www.atlasobscura.com/places/her-secret-is-patience,33.453361,-112.074588,'Her Secret Is Patience',"This striking public art installation is suspended above a public park, designed to gently move in the breeze."
https://www.atlasobscura.com/places/crystal-springs-rhododendron-garden,45.479925,-122.635518,Crystal Springs Rhododendron Garden,"Nestled between a college and a golf course, the garden is home to more than 2,500 rhododendrons."
https://www.atlasobscura.com/places/geyser-springs-trail,37.757174,-108.12873,Geyser Spring Trail,Colorado's only true geyser is hidden within the San Juan National Forest.
https://www.atlasobscura.com/places/kelleher-rose-garden,42.341932,-71.094884,Kelleher Rose Garden,"One of the now-less-hidden floral gems of the ""Emerald Necklace."""
https://www.atlasobscura.com/places/crozet-tunnel,38.030086,-78.85297,,
https://www.atlasobscura.com/places/holyland-exhibition,34.096518,-118.254314,,
https://www.atlasobscura.com/places/peabody-hotel-duck-march,35.142665,-90.05181,,
https://www.atlasobscura.com/places/site-of-the-boston-massacre,42.358055,-71.057814,,
https://www.atlasobscura.com/places/abandoned-fairy-village,41.539158,-73.08517,,
https://www.atlasobscura.com/places/lehigh-millennium-folk-arch-and-art-enclave,40.599683,-75.376265,,
https://www.atlasobscura.com/places/thompson-home,34.097081,-118.357854,,
https://www.atlasobscura.com/places/lucha-libre-tacos,32.743413,-117.181583,,
https://www.atlasobscura.com/places/the-sisyphus-stones-new-york-new-york,40.848334,-73.946413,The Sisyphus Stones,Hordes of precariously balanced stone figures crowd the shores of the Hudson River.
https://www.atlasobscura.com/places/flutter,45.551589,-122.675509,Flutter,Delightful disarray of found objects and clutter.
https://www.atlasobscura.com/places/the-ganesh-temple-of-queens-queens-new-york,40.752809,-73.81691,The Ganesh Temple of Queens,This enormous Hindu temple in Queens serves incredible dosas in its basement canteen.
https://www.atlasobscura.com/places/florida-caverns-state-park,30.806634,-85.213247,Florida Caverns State Park,The only Florida state park with publicly accessible caves.
https://www.atlasobscura.com/places/bunnyhenge,33.6112,-117.87111,Bunnyhenge,Fourteen curious and controversial white bunnies sit in a circle near Newport Beach City Hall.
https://www.atlasobscura.com/places/san-francisco-center-for-the-book,37.765357,-122.402331,San Francisco Center for the Book,"This shop and studio is dedicated to the art of the book, from letterpress to bookbinding."
https://www.atlasobscura.com/places/titan-missile-museum,31.902875,-110.998759,Titan Missile Museum,America's only nuclear missile silo open to the public.
https://www.atlasobscura.com/places/hotel-vertigo,37.788444,-122.415885,Hotel Vertigo,A historic hotel that made a cameo in Hitchcock's classic film has no intention of letting guests forget its fame.
https://www.atlasobscura.com/places/mardi-gras-world,29.934829,-90.061393,,
https://www.atlasobscura.com/places/franklin-castle,41.485813,-81.716564,,
https://www.atlasobscura.com/places/atomic-survival-town,37.068842,-116.044203,,
https://www.atlasobscura.com/places/couch-place-the-alley-of-death,41.8847,-87.628685,,
https://www.atlasobscura.com/places/lucy-parsons-center,42.322241,-71.107654,,
https://www.atlasobscura.com/places/providence-athenaeum,41.825799,-71.406298,,
https://www.atlasobscura.com/places/grand-canyon-caverns-underground-suite,35.529853,-113.240324,,
https://www.atlasobscura.com/places/bartrams-garden,39.932859,-75.21247,,
https://www.atlasobscura.com/places/penny-hot-springs,39.231824,-107.227224,Penny Hot Springs,A little-known hot spring haven right below the highway.
https://www.atlasobscura.com/places/monkey-jungle,25.565326,-80.470149,Monkey Jungle,Where monkeys run wild and the humans are caged.
https://www.atlasobscura.com/places/hot-creek-geological-site,37.673445,-118.811874,Hot Creek Geological Site,This naturally heated mountainous creek has created a group of neon blue pools of potentially deadly boiling water.
https://www.atlasobscura.com/places/great-boston-molasses-flood-plaque,42.368344,-71.055851,Great Boston Molasses Flood Plaque,The site of one of the strangest disasters in history—a wave of deadly molasses traveling at 35 mph.
https://www.atlasobscura.com/places/eyrie-house-ruins,42.280152,-72.62048,Eyrie House Ruins,"The walkable ruins of an 19th century hotel, destroyed in a horse cremation gone wrong."
https://www.atlasobscura.com/places/cedar-lakes-woods,29.404319,-82.478391,Cedar Lakes Woods,"A peaceful, unique botanical garden complete with waterfalls, mini islands, and swans."
https://www.atlasobscura.com/places/hindu-temple-of-florida,28.044201,-82.536198,Hindu Temple of Florida,A gleaming white tower in ornate Indian style soars above the low-slung bungalows of north Tampa.
https://www.atlasobscura.com/places/flushing-meadows,40.746179,-73.844478,Flushing Meadows-Corona Park,"The remnants of two World's Fairs are here, complete with a 12-story globe, a mini-Manhattan, and a UFO-shaped pavilion."
https://www.atlasobscura.com/places/treaty-oak,30.317,-81.6581,,
https://www.atlasobscura.com/places/prometheus-esoterica,28.623762,-81.300846,,
https://www.atlasobscura.com/places/full-tilt-ice-cream-and-pinball-arcade,47.556,-122.284519,,
https://www.atlasobscura.com/places/civic-musical-road,34.733211,-118.192337,,
https://www.atlasobscura.com/places/american-science-and-surplus,42.012119,-87.83049,,
https://www.atlasobscura.com/places/lava-river-cave,43.894617,-121.368782,,
https://www.atlasobscura.com/places/dave-s-down-to-earth-rock-shop-and-prehistoric-life-museum,42.034162,-87.681096,,
https://www.atlasobscura.com/places/off-the-rez-cafe,47.660263,-122.311556,,
https://www.atlasobscura.com/places/money-museum,41.878699,-87.632287,Money Museum,This museum celebrating the almighty dollar lets visitors literally stand in the shadow of a million bucks.
https://www.atlasobscura.com/places/fort-proctor,29.867306,-89.678283,Fort Proctor,This abandoned Civil War fortress is slowly being swallowed by the waters of Lake Borgne.
https://www.atlasobscura.com/places/fort-pike,30.166111,-89.736944,Fort Pike,"Once defending the city of New Orleans from invasion by sea, this fort faces an uncertain future."
https://www.atlasobscura.com/places/abandoned-silver-mine,39.248008,-106.259251,Leadville's Abandoned Silver Mine,Abandoned silver mine strewn with wrecked and twisted structures.
https://www.atlasobscura.com/places/mystic-hot-springs,38.633764,-112.111481,Mystic Hot Springs,One man has installed bathtubs into the Utah desert floor to harness the powers of a natural hot spring.
https://www.atlasobscura.com/places/the-desert-of-maine-freeport-maine,43.858955,-70.15615,The Desert of Maine,This tiny patch of arid sand sits in one of the greenest states in the United States.
https://www.atlasobscura.com/places/crystal-cave-2,40.527554,-75.842402,Crystal Cave,In which a local geological marvel becomes a quaint roadside attraction.
https://www.atlasobscura.com/places/rubber-chicken-museum-archie-mcphees,47.661609,-122.341697,Rubber Chicken Museum,The flock of plastic poultry is an ode to the classic comedy staple.
https://www.atlasobscura.com/places/the-ruins-indianapolis-indiana,39.870816,-86.16339,,
https://www.atlasobscura.com/places/hallett-nature-sanctuary,40.766509,-73.974959,,
https://www.atlasobscura.com/places/los-angeles-zoo-botanical-gardens,34.148874,-118.283976,,
https://www.atlasobscura.com/places/waco-mammoth-site,31.607691,-97.169965,,
https://www.atlasobscura.com/places/the-secret-room-at-ms-rau-antiques-new-orleans-louisiana,29.957664,-90.064769,,
https://www.atlasobscura.com/places/burger-joint,40.763836,-73.978329,,
https://www.atlasobscura.com/places/the-morris-jumel-mansion-new-york-new-york,40.834472,-73.938516,,
https://www.atlasobscura.com/places/bulow-plantation-ruins,29.435145,-81.142258,,
https://www.atlasobscura.com/places/bulow-plantation-ruins,29.435145,-81.142258,Bulow Plantation Ruins,The ruins of this antebellum sugar plantation are the end result of a Seminole attack during the Florida Wars of 1836.
https://www.atlasobscura.com/places/the-whaley-house-san-diego-california,32.752515,-117.19445,Whaley House,San Diego's most historic and haunted home.
https://www.atlasobscura.com/places/wheeler-geologic-area,37.883888,-106.783654,Wheeler Geologic Area,This once-popular otherworldly landscape was formed by one of the largest volcanic eruptions in history.
https://www.atlasobscura.com/places/fonthill,40.306903,-75.128278,Mercer Museum and Fonthill Castle,Eccentric concrete mansion and museum designed and built by hand from the inside out.
https://www.atlasobscura.com/places/st-agnes-church-and-school,42.366781,-83.093415,St. Agnes Church and School,"Once a bastion of its community, this gothic cathedral now stands as a haunting ruin."
https://www.atlasobscura.com/places/kiss-by-monster-mini-golf,36.116787,-115.185945,KISS by Monster Mini Golf,A blacklight mini-golf fever dream pays tribute to the iconic rock band.
https://www.atlasobscura.com/places/trinity-atomic-bomb-site,33.677313,-106.475313,Trinity Atomic Bomb Site,"Twice a year, visitors can tour the desolate site that birthed the Atomic Age."
https://www.atlasobscura.com/places/obama-kissing-rock,41.799489,-87.591781,Obama Kissing Rock,The site of the first couple's first kiss is commemorated by the most adorable presidential monument ever.
https://www.atlasobscura.com/places/lost-cove-settlement,36.07083,-82.4025,,
https://www.atlasobscura.com/places/black-star-canyon,33.788152,-117.660663,,
https://www.atlasobscura.com/places/bodie-state-historical-park,38.208804,-119.014163,,
https://www.atlasobscura.com/places/badwater-basin,36.250278,-116.825833,,
https://www.atlasobscura.com/places/uss-constitution,42.372718,-71.053149,,
https://www.atlasobscura.com/places/cornhenge,40.085535,-83.122838,,
https://www.atlasobscura.com/places/san-francisco-columbarium,37.780637,-122.457066,,
https://www.atlasobscura.com/places/lookout-mountain-incline-railway,35.006044,-85.342866,,
https://www.atlasobscura.com/places/lookout-mountain-incline-railway,35.006044,-85.342866,Lookout Mountain Incline Railway,This funicular railway rumbles along for a mile up the nearly vertical face of Chattanooga’s Lookout Mountain.
https://www.atlasobscura.com/places/bracken-cave,29.68715,-98.352606,Bracken Cave,The summer home of the largest colony of bats in the world.
https://www.atlasobscura.com/places/american-treasure-tour,40.13311,-75.45548,American Treasure Tour,"Delicate Wurlitzers, creepy clowns, and The Noid all share space in this insane explosion of kitsch history."
https://www.atlasobscura.com/places/feral-cat-colonies-of-hollywood-forever-cemetery,34.090025,-118.317365,Feral Cat Colonies of Hollywood Forever Cemetery,Dozens of feral felines rule a segment of Hollywood's only graveyard.
https://www.atlasobscura.com/places/roden-crater,35.425828,-111.258805,Roden Crater,The artist James Turrell is repurposing an extinct volcano crater as an observatory to experience the cosmos.
https://www.atlasobscura.com/places/harvard-museum-of-natural-history,42.378936,-71.115227,Harvard Museum of Natural History,Three prestigious academic collections come together to create a world-class natural history museum.
https://www.atlasobscura.com/places/cabazon-dinosaurs,33.9229,-116.77434,Cabazon Dinosaurs,"The ""world's biggest dinosaur"" once housed a creationist museum in its abdomen."
https://www.atlasobscura.com/places/dr-pepper-museum,31.555056,-97.129398,Dr Pepper Museum,"Housed in a century-old building, this museum's dedicated not just to soft drinks, but to the free enterprise system."
https://www.atlasobscura.com/places/the-grand-kugel-richmond-virginia,37.561083,-77.465793,,
https://www.atlasobscura.com/places/barnsdall-art-park,34.101528,-118.294334,,
https://www.atlasobscura.com/places/mystery-hole,38.12399,-81.141112,,
https://www.atlasobscura.com/places/medfield-state-hospital,42.207218,-71.331287,,
https://www.atlasobscura.com/places/denver-s-dinosaur-hotel,39.654455,-105.079498,,
https://www.atlasobscura.com/places/elkmont-historic-district,35.654289,-83.580567,,
https://www.atlasobscura.com/places/out-about-treehouse-treesort,42.031923,-123.621754,,
https://www.atlasobscura.com/places/hearst-castle,35.650136,-121.186563,,
https://www.atlasobscura.com/places/neukom-vivarium-olympic-sculpture-park,47.616282,-122.353717,Neukom Vivarium,A rotting tree in the middle of Seattle doubles as an elaborately-controlled art piece.
https://www.atlasobscura.com/places/museum-of-tolerance-2,34.053785,-118.401732,Museum of Tolerance,A multimedia experience that chronicles the atrocities of racism.
https://www.atlasobscura.com/places/stonehenge-ii,30.071656,-99.247439,Stonehenge II,"A recreated Stonehenge stands in a country field, complete with Easter Island moai heads standing as sentries."
https://www.atlasobscura.com/places/the-american-visionary-art-museum-baltimore-maryland,39.28013,-76.606768,The American Visionary Art Museum,A museum dedicated to exhibiting remarkable outsider art.
https://www.atlasobscura.com/places/riot-grrrl-collection-at-nyu,40.729423,-73.997214,Riot Grrrl Collection at NYU,"A collection of fanzines, recordings, and documents detailing the rise and influence of the feminist punk movement."
https://www.atlasobscura.com/places/hell-michigan,42.434722,-83.985,"Hell, Michigan",Hell on Earth is actually a small town in Michigan where anyone can be mayor for a day.
https://www.atlasobscura.com/places/abandoned-18th-street-subway-station,40.737177,-73.988593,Abandoned 18th Street Subway Station,This abandoned subway station can still be seen on regular commuter trips.
https://www.atlasobscura.com/places/prada-marfa,30.603437,-104.518476,Prada Marfa,A Prada store in the West Texas desert that is never open for business.
https://www.atlasobscura.com/places/ben-jerry-s-flavor-graveyard,44.352923,-72.740192,,
https://www.atlasobscura.com/places/museum-of-modern-renaissance,42.399914,-71.118034,,
https://www.atlasobscura.com/places/devils-stomping-ground,35.584317,-79.487017,,
https://www.atlasobscura.com/places/terlingua-ghost-town,29.337012,-103.59576,,
https://www.atlasobscura.com/places/devil-s-gate,34.184658,-118.174886,,
https://www.atlasobscura.com/places/titanic-museum,35.820634,-83.578888,,
https://www.atlasobscura.com/places/summerhouse,38.891446,-77.010633,,
https://www.atlasobscura.com/places/bellocq-tea,40.730318,-73.959342,,
https://www.atlasobscura.com/places/remington-hot-springs,35.576733,-118.552882,Remington Hot Springs,One of the last free public hot springs is decorated with hippie art.
https://www.atlasobscura.com/places/americas-stonehenge-mystery-hill,42.842166,-71.209755,Mystery Hill: America's Stonehenge,America's oldest archaeological site or a muddled case of wishful thinking.
https://www.atlasobscura.com/places/cave-of-the-mounds-2,43.018111,-89.814652,Cave of the Mounds,This cave holds a surprisingly colorful variety of geological oddities.
https://www.atlasobscura.com/places/the-full-house-house-san-francisco-california,37.786344,-122.44198,The 'Full House' House,This private residence was the template for one of the most beloved television homes of all time.
https://www.atlasobscura.com/places/vaillancourt-fountain,37.79512,-122.395201,Vaillancourt Fountain,This concrete tangle of square pipes has stood as a proud thorn in the city's side since the '70s.
https://www.atlasobscura.com/places/silky-osullivans,35.139567,-90.051988,Silky O'Sullivan's,Home to drunken tower-climbing goats... seriously.
https://www.atlasobscura.com/places/second-beach,47.885197,-124.620746,Second Beach,A surreal landscape where fanged rocks rise from the ground and the ocean feels like a great mystery.
https://www.atlasobscura.com/places/camlann-village,47.688391,-121.902999,Camlann Village,This medieval village/restaurant perpetually celebrates the year 1376.
https://www.atlasobscura.com/places/frick-s-lock,40.223091,-75.597378,,
https://www.atlasobscura.com/places/glore-psychiatric-museum,39.776906,-94.814689,,
https://www.atlasobscura.com/places/mud-island-river-park,35.152893,-90.05746,,
https://www.atlasobscura.com/places/expedition-bigfoot-the-sasquatch-museum,34.802164,-84.375889,,
https://www.atlasobscura.com/places/wabasha-street-caves,44.935916,-93.086991,,
https://www.atlasobscura.com/places/faulkner-house-books,29.957991,-90.064212,,
https://www.atlasobscura.com/places/templo-santa-muerte,34.083389,-118.307135,,
https://www.atlasobscura.com/places/whirligig-park-formerly-acid-park,35.722569,-77.912819,,
https://www.atlasobscura.com/places/monkey-island-of-homosassa,28.785831,-82.61688,Monkey Island of Homosassa,"In Florida, these naughty monkeys live on their own mini-monkey Alcatraz."
https://www.atlasobscura.com/places/new-jerseys-abandoned-hospitals,40.692681,-74.919493,Abandoned Hagedorn Psychiatric Hospital,A recently abandoned psych ward at the end of Sanatorium Road.
https://www.atlasobscura.com/places/tiny-doors-atl,33.773621,-84.364385,Tiny Doors ATL,Scattered around Atlanta are little doors with big charm.
https://www.atlasobscura.com/places/the-wreck-of-the-peter-iredale-warrenton-oregon,46.178361,-123.981003,The Wreck of the Peter Iredale,100-year-old shipwreck you can walk up to at low tide.
https://www.atlasobscura.com/places/great-train-story-diorama,41.790958,-87.582945,Great Train Story Diorama,"This $3 million model train takes you through Chicago, Seattle, and the thousands of miles in between."
https://www.atlasobscura.com/places/hat-n-boots-oxbow,47.544965,-122.321602,Hat 'n' Boots,Seattle's super-sized cowboy apparel once belonged to a themed gas station that wrangled in herds of tourists.
https://www.atlasobscura.com/places/worlds-largest-carnivore-sanctuary,40.043768,-104.56648,The Wild Animal Sanctuary,The world's largest carnivore sanctuary is home to over 450 meat-eating rescues.
https://www.atlasobscura.com/places/bridge-nowhere-san-gabriel-mountains,34.283279,-117.747015,Bridge to Nowhere,Abandoned bridge hidden deep in the San Gabriel Mountains.
https://www.atlasobscura.com/places/busy-beaver-button-co,41.917335,-87.714448,,
https://www.atlasobscura.com/places/blue-mustang,39.834223,-104.675916,,
https://www.atlasobscura.com/places/rainbo-club,41.902806,-87.677379,,
https://www.atlasobscura.com/places/curia-arcanum,30.20083,-97.776351,,
https://www.atlasobscura.com/places/west-virginia-state-penitentiary,39.917543,-80.743161,,
https://www.atlasobscura.com/places/pecos-pueblo,35.55,-105.689444,,
https://www.atlasobscura.com/places/glacial-potholes,42.603666,-72.738086,,
https://www.atlasobscura.com/places/american-science-surplus,42.987747,-87.999041,,
https://www.atlasobscura.com/places/dooky-chases-restaurant,29.96813,-90.078547,Dooky Chase's Restaurant,"Parts of the civil rights movement unfolded in this historic eatery, helmed by the ""Queen of Creole Cuisine."""
https://www.atlasobscura.com/places/world-s-largest-pistachio,32.996153,-105.989611,PistachioLand: World's Largest Pistachio,This is one really big nut.
https://www.atlasobscura.com/places/coney-island-museum,40.575329,-73.979783,Coney Island Museum,"An oasis of calm amid the chaos of the boardwalk, the museum traces the heritage of this beloved beachside amusement park."
https://www.atlasobscura.com/places/gila-cliff-dwellings,33.229476,-108.264952,Gila Cliff Dwellings,These ruins of a pre-Columbian cliff village are among the most beautiful and well preserved in New Mexico.
https://www.atlasobscura.com/places/cia-museum,38.952208,-77.144481,CIA Museum,A secretive collection featuring objects that were designed specifically for U.S. intelligence operations.
https://www.atlasobscura.com/places/curious-nature,33.500135,-112.082915,Curious Nature,"In this small Phoenix taxidermy emporium, you can find everything from a squid in a jar to a freeze-dried toad."
https://www.atlasobscura.com/places/the-wall-of-death-seattle-washington,47.655148,-122.318493,The Wall of Death,"A ""sinister, whimsical, tacky, and really orange"" public art installation hidden under a Seattle bridge."
https://www.atlasobscura.com/places/unofficial-mcdonald-s-museum,34.12549,-117.294466,Unofficial McDonald's Museum,This unlicensed collection of fast-food memorabilia sits on the site of the first ever McDonald's restaurant.
https://www.atlasobscura.com/places/pneumatic-system-new-york-public-library,40.753314,-73.98231,,
https://www.atlasobscura.com/places/japanese-cultural-village,34.041794,-118.237302,,
https://www.atlasobscura.com/places/the-kampong-miami-florida,25.715276,-80.250404,,
https://www.atlasobscura.com/places/brook-farm,42.291361,-71.174086,,
https://www.atlasobscura.com/places/maillardets-automaton,39.958211,-75.173135,,
https://www.atlasobscura.com/places/boulder-teahouse,40.015728,-105.277018,,
https://www.atlasobscura.com/places/fast-fiberglass-mold-graveyard,43.969106,-90.78233,,
https://www.atlasobscura.com/places/bonneville-salt-flats-bonneville-speedway,40.799722,-113.8,,
https://www.atlasobscura.com/places/bonneville-salt-flats-bonneville-speedway,40.799722,-113.8,Bonneville Salt Flats / Bonneville Speedway,"Come for the speed, leave in love with the desert."
https://www.atlasobscura.com/places/kurt-cobains-bench,47.619238,-122.282161,Kurt Cobain's Benches,A sliver of nostalgia in Seattle's Viretta Park.
https://www.atlasobscura.com/places/the-ruins-of-rosewell-plantation-gloucester-courthouse-virginia,37.328358,-76.576741,The Rosewell Plantation Ruins,This once-palatial plantation may have been the site where a draft of the Declaration of Independence was written.
https://www.atlasobscura.com/places/longwood-gardens,39.8712,-75.6747,Longwood Gardens,"This palatial botanical garden is home to one of the largest pipe organs ever installed in a private residence, and a piece of Wood's cycad."
https://www.atlasobscura.com/places/hamilton-grange,40.821507,-73.946683,Hamilton Grange,The only home that Alexander Hamilton ever owned has a history almost as troubled as his own.
https://www.atlasobscura.com/places/the-simpsons-house-henderson-nevada,36.077389,-115.015364,The Simpsons House,"Originally built as a promotional giveaway, this suburban house was designed to be an IRL version of the Simpson home."
https://www.atlasobscura.com/places/mojave-lava-tube,35.216324,-115.751493,Mojave Lava Tube,A volcanic tunnel illuminated by natural skylights offers a shaded respite from the desert sun.
https://www.atlasobscura.com/places/punaluu-black-sand-beach,19.135758,-155.504787,Punalu'u Black Sand Beach,This black shoreline is made up of exploded lava particles.
https://www.atlasobscura.com/places/mosaic-facade,40.685356,-73.989784,,
https://www.atlasobscura.com/places/collins-beach-ufo-boat,45.78431,-122.784909,,
https://www.atlasobscura.com/places/the-cumberland-falls-williamsburg-kentucky,36.836772,-84.248953,,
https://www.atlasobscura.com/places/castello-di-amorosa,38.558395,-122.542618,,
https://www.atlasobscura.com/places/panama-hotel-and-tea-shop,47.59984,-122.325959,,
https://www.atlasobscura.com/places/dr-seuss-house-aka-the-goose-creek-tower,62.039283,-150.085847,,
https://www.atlasobscura.com/places/the-bunker-hill-covered-bridge-claremont-north-carolina,35.721546,-81.115251,,
https://www.atlasobscura.com/places/rats-restaurant,40.237707,-74.71624,,
https://www.atlasobscura.com/places/lightning-field,34.342945,-108.495147,The Lightning Field,"In the remote high desert of New Mexico, a strange array of poles beckon fury from above."
https://www.atlasobscura.com/places/amboy-ghost-town,34.557772,-115.744441,Amboy Ghost Town,The ghost town that ended up on Ebay.
https://www.atlasobscura.com/places/amatol-ghost-town,39.601275,-74.743639,Amatol Ghost Town,In the woods of New Jersey lie the ruins of a munitions village abandoned after World War I and the remnants of a 1920s wooden racetrack.
https://www.atlasobscura.com/places/the-ghost-town-of-ellaville-madison-florida,30.38679,-83.176041,The Ghost Town of Ellaville,This picturesque ghost town is located on the banks of the Suwannee River.
https://www.atlasobscura.com/places/the-grave-of-mr-rogers-latrobe-pennsylvania,40.309139,-79.419435,The Grave of Mister Rogers,The universally beloved children's television figure is interred on a high hilltop in one of western Pennsylvania's oldest cemeteries.
https://www.atlasobscura.com/places/gravity-hill-washington,46.361852,-119.724214,Gravity Hill,"The strange phenomenon causing gravity to ""work backwards"" on this hill has been blamed on the paranormal."
https://www.atlasobscura.com/places/st-valentines-day-massacre-wall,36.172994,-115.141252,St. Valentine's Day Massacre Wall,"The bullet-riddled wall from the St. Valentine's Day Massacre, bloodstains enhanced for your viewing pleasure."
https://www.atlasobscura.com/places/georgetown-trailer-park-mall,47.550639,-122.31833,The Georgetown Trailer Park Mall,"This offbeat trailer park is home to vintage peddlers, local artists, indie makers, and more."
https://www.atlasobscura.com/places/marfa-lights,30.275128,-103.882758,,
https://www.atlasobscura.com/places/mount-rogers,36.659841,-81.544558,,
https://www.atlasobscura.com/places/texas-chainsaw-massacre-gas-station,30.048085,-97.338934,,
https://www.atlasobscura.com/places/cascade-park-new-castle,40.978321,-80.319825,,
https://www.atlasobscura.com/places/new-york-society-library,40.77634,-73.96144,,
https://www.atlasobscura.com/places/foundry-branch-trolley-trestle-ruins,38.906758,-77.079224,,
https://www.atlasobscura.com/places/zeum-carousel,37.783426,-122.402139,,
https://www.atlasobscura.com/places/the-devils-sinkhole-rocksprings-texas,30.05754,-100.109133,,
https://www.atlasobscura.com/places/zeum-carousel,37.783426,-122.402139,Leroy King Carousel,A still functioning vaudeville carousel that has operated for over a century boasts a colorful menagerie and past.
https://www.atlasobscura.com/places/tree-graveyard,47.917349,-124.639378,Rialto Beach Tree Graveyard,Shoreline strewn with the remains of ghostly fallen trees.
https://www.atlasobscura.com/places/mitsitam-native-foods-cafe,38.888348,-77.016503,Mitsitam Native Foods Cafe,A museum cafe showcases Native American dishes and indigenous ingredients from across the Western Hemisphere.
https://www.atlasobscura.com/places/hidden-egyptian-temple-in-field-museum-break-room,41.866261,-87.616981,Hidden Egyptian Temple in Field Museum Break Room,"Years of archaeology, just chillin' by the water cooler."
https://www.atlasobscura.com/places/new-harmony-labyrinth,38.122435,-87.935909,New Harmony Labyrinth,Symbolic attempt to overcome the issues of life.
https://www.atlasobscura.com/places/frick-bowling-alley,40.771181,-73.96735,Frick Bowling Alley,"Bowl in splendor, if you're lucky."
https://www.atlasobscura.com/places/bunkers-of-alvira,41.148927,-76.959581,Bunkers of Alvira,Over 100 concrete munitions bunkers are all that remain of a Pennsylvanian village seized by the US government.
https://www.atlasobscura.com/places/thornburg-village,37.877108,-122.265631,Thornburg Village,A storybook European village in Berkeley.
https://www.atlasobscura.com/places/cherry-point-farm-and-market-lavender-labyrinth,43.632453,-86.517582,,
https://www.atlasobscura.com/places/national-ice-core-lab,39.722412,-105.123884,,
https://www.atlasobscura.com/places/delgadillo-s-snow-cap-drive-in,35.327865,-112.881146,,
https://www.atlasobscura.com/places/wild-blueberry-land,44.648674,-67.706924,,
https://www.atlasobscura.com/places/schoolhouse-beach,45.398325,-86.928232,,
https://www.atlasobscura.com/places/bongoland-ruins,29.141608,-81.006656,,
https://www.atlasobscura.com/places/corolla-wild-horses,36.378909,-75.832187,,
https://www.atlasobscura.com/places/high-roller,36.117661,-115.172788,,
https://www.atlasobscura.com/places/high-roller,36.117661,-115.172788,High Roller,One of the world's tallest Ferris wheels takes visitors high above Las Vegas in a spinning party room.
https://www.atlasobscura.com/places/foamhenge,38.881615,-77.486298,Foamhenge,"Exact replica of the ancient monument, but much, much lighter."
https://www.atlasobscura.com/places/city-west-ghost-town,41.663196,-87.063147,City West Ghost Town,"The site of a 19th century ""dream city"" that almost rivaled Chicago before being swallowed by the Indiana sand dunes."
https://www.atlasobscura.com/places/box-canyon,34.249353,-118.650386,Box Canyon,The quiet canyon has a tumultuous history involving a doomsday cult.
https://www.atlasobscura.com/places/manitou-incline,38.856696,-104.930877,Manitou Incline,"This super steep hike ascends 2,000 feet in less than a mile."
https://www.atlasobscura.com/places/monticello-dam,38.512365,-122.104905,Monticello Dam Morning Glory Spillway,The largest drain hole in the world.
https://www.atlasobscura.com/places/the-adventurers-club-of-los-angeles-los-angeles-california,34.073788,-118.215941,The Adventurers' Club of Los Angeles,Hidden above a drug store on a nondescript corner of Lincoln Heights is a private clubhouse for intrepid explorers.
https://www.atlasobscura.com/places/abandoned-knox-coal-distribution-center,41.310022,-75.802487,Abandoned Knox Coal Distribution Center,The graffitied ruins stand hidden within the Pennsylvania woods.
https://www.atlasobscura.com/places/chapel-of-the-holy-cross,34.832119,-111.766743,,
https://www.atlasobscura.com/places/roots-of-knowledge-stained-glass,40.277458,-111.712931,,
https://www.atlasobscura.com/places/center-of-the-universe-sign,47.650399,-122.350208,,
https://www.atlasobscura.com/places/elwood-the-worlds-tallest-concrete-gnome,42.011363,-93.638142,,
https://www.atlasobscura.com/places/the-raven-room-charlottesville-virginia,38.035565,-78.504899,,
https://www.atlasobscura.com/places/eye-sculpture,32.781098,-96.798246,,
https://www.atlasobscura.com/places/valley-of-fire,36.438889,-114.5325,,
https://www.atlasobscura.com/places/bonne-terre-mines,37.923357,-90.550773,,
https://www.atlasobscura.com/places/mount-evans-scenic-byway,39.588301,-105.643829,Mount Blue Sky Scenic Byway,"The highest paved road in North America winds its way up Mount Blue Sky in Colorado to an altitude of 14,130 feet above sea level."
https://www.atlasobscura.com/places/ps-186,40.826233,-73.948598,P.S. 186,From scholastic to sepulchral - now under reconstruction.
https://www.atlasobscura.com/places/central-railroad-of-new-jersey-terminal,40.706994,-74.034959,Central Railroad of New Jersey Terminal,Hidden in plain sight on the Hudson River is an abandoned train station where nature has taken over.
https://www.atlasobscura.com/places/korner-s-folly,36.115101,-80.078686,Körner’s Folly,Jule Körner's house full of bizarre architectural details.
https://www.atlasobscura.com/places/saint-louis-cemetery-two,29.960556,-90.075556,Saint Louis Cemetery No. 2,"This ""second"" cemetery represents New Orleans' attempt to keep cholera at bay."
https://www.atlasobscura.com/places/cascade-nature-preserve,33.725753,-84.499062,Cascade Springs Nature Preserve,Healing Springs that once ran red with soldiers' blood.
https://www.atlasobscura.com/places/villisca-axe-murder-house,40.927644,-94.978706,Villisca Axe Murder House,This seemingly charming home memorializes and honors the victims of a century-old unsolved murder.
https://www.atlasobscura.com/places/wat-thai-temple-food-market,34.22053,-118.414736,Wat Thai Temple Food Market,"Every weekend, the parking lot of this Buddhist temple turns into a Thai street-food paradise."
https://www.atlasobscura.com/places/baps-shri-swaminarayan-mandir-atlanta-2,33.885,-84.164644,,
https://www.atlasobscura.com/places/townhouse-bar-speakeasy,33.987201,-118.472582,,
https://www.atlasobscura.com/places/witch-dungeon-museum,42.522566,-70.897185,,
https://www.atlasobscura.com/places/church-of-centralia-ghost-town,40.808758,-76.342373,,
https://www.atlasobscura.com/places/murphy-ranch,34.06825,-118.510482,,
https://www.atlasobscura.com/places/captain-tony-s-saloon,24.55876,-81.805434,,
https://www.atlasobscura.com/places/city-salvage,45.008595,-93.281426,,
https://www.atlasobscura.com/places/belle-isle-aquarium,42.337941,-82.985608,,
https://www.atlasobscura.com/places/ludlow-california-route-66,34.7211,-116.160012,Ludlow,One of the ghostly stops along Route 66.
https://www.atlasobscura.com/places/fall-creek-falls,35.656459,-85.350037,Fall Creek Falls State Park,"Labor provided by Great Depression-era programs restored these 25,000 acres in Tennessee."
https://www.atlasobscura.com/places/york-witch-grave,43.143884,-70.652444,York Witch Grave,The grave of Mary Nasson is shrouded by witchy legends.
https://www.atlasobscura.com/places/the-great-stalacpipe-organ-luray-virginia,38.661432,-78.485041,The Great Stalacpipe Organ,"An organ located deep within a cave, whose ""pipes"" are the geological features of the cave itself."
https://www.atlasobscura.com/places/laurel-hill-cemetery,40.004196,-75.187555,Laurel Hill Cemetery,"This Philly cemetery is the eternal home of many famous area residents, including Rocky Balboa's wife."
https://www.atlasobscura.com/places/institute-study-ancient-cultures-chicago,41.789242,-87.59749,Institute for the Study of Ancient Cultures,This surprising gem is a world-class archeological museum hidden at the University of Chicago.
https://www.atlasobscura.com/places/frederick-r-weisman-art-museum,44.971836,-93.237445,Frederick R. Weisman Art Museum,"20,000 pieces in a Frank Gehry-designed building."
https://www.atlasobscura.com/places/graffiti-pier-pier-no-18,39.972125,-75.113863,Graffiti Pier (Pier 18),The abandoned coal loading dock is a canvas for unsanctioned art.
https://www.atlasobscura.com/places/wall-drug,43.993266,-102.241773,,
https://www.atlasobscura.com/places/the-up-house-herriman-utah,40.51205,-112.019343,,
https://www.atlasobscura.com/places/bohemian-national-cemetery,41.976329,-87.72821,,
https://www.atlasobscura.com/places/solomons-castle,27.372044,-81.977749,,
https://www.atlasobscura.com/places/the-tonga-hut-los-angeles-california,34.186429,-118.412171,,
https://www.atlasobscura.com/places/dumbarton-oaks,38.91418,-77.063866,,
https://www.atlasobscura.com/places/landscape-arch,38.790812,-109.607527,,
https://www.atlasobscura.com/places/canton-avenue,40.410451,-80.030134,,
https://www.atlasobscura.com/places/canton-avenue,40.410451,-80.030134,Canton Avenue,One of the steepest streets in the United States makes an intriguing challenge for cyclists.
https://www.atlasobscura.com/places/leroys-place,40.66602,-73.982027,Leroy's Place,This interactive gallery makes you feel like you've stepped into a fantasy world filled with whimsical monsters.
https://www.atlasobscura.com/places/entrance-to-the-chamber-of-secrets,37.805529,-122.419,Chamber of Secrets Door,This residential door allows San Francisco muggles a glimpse at the wizarding world.
https://www.atlasobscura.com/places/the-zenith,40.426835,-79.968985,The Zenith,"This restaurant offers a side of antiques, curios, and a bathroom chock full of owls."
https://www.atlasobscura.com/places/crystal-grottoes-caverns,39.498875,-77.676333,Crystal Grottoes Caverns,Bizarre Cavern.
https://www.atlasobscura.com/places/the-grolier-club-new-york-new-york,40.763829,-73.96999,The Grolier Club,"The oldest bibliophilia club in America, with exhibitions on historic books and graphic arts."
https://www.atlasobscura.com/places/the-rocks-washington-oaks-state-park-palm-coast-florida,29.633124,-81.207483,The Rocks - Washington Oaks State Park,"A secret, rocky playground hidden amongst the plain white beaches of the Florida coast."
https://www.atlasobscura.com/places/three-gems,37.771207,-122.469677,Three Gems,A hidden subterranean installation offers a view of the sky.
https://www.atlasobscura.com/places/dangling-legs-at-the-piedmont-boutique,37.770263,-122.44629,,
https://www.atlasobscura.com/places/love-letter-murals,39.975709,-75.2129,,
https://www.atlasobscura.com/places/international-rose-test-garden,45.5191,-122.7054,,
https://www.atlasobscura.com/places/overgrown-ship-hulk,48.510517,-122.644763,,
https://www.atlasobscura.com/places/wieners-circle-mro,41.930189,-87.643604,,
https://www.atlasobscura.com/places/center-for-puppetry-arts,33.792744,-84.389603,,
https://www.atlasobscura.com/places/jfk-twa-flight-center,40.645805,-73.777614,,
https://www.atlasobscura.com/places/rodef-shalom-biblical-botanical-garden,40.447904,-79.943368,,
https://www.atlasobscura.com/places/rodef-shalom-biblical-botanical-garden,40.447904,-79.943368,Rodef Shalom Biblical Botanical Garden,This Old Testament garden features 100 plants from biblical times.
https://www.atlasobscura.com/places/asheville-pinball-museum,35.596463,-82.556943,Asheville Pinball Museum,"This North Carolina museum is keeping the pinball craze alive, with a little Space Invaders on the side."
https://www.atlasobscura.com/places/the-nervous-system-of-harriet-cole-philadelphia-pennsylvania,40.019495,-75.179576,The Nervous System of 'Harriet Cole',This meticulously extracted nervous system allegedly came from a 19th-century custodian who donated her body to science.
https://www.atlasobscura.com/places/oregon-state-hospital-museum-of-mental-health,44.939329,-123.00277,Oregon State Hospital Museum of Mental Health,An institution that preserves the history of institutionalization.
https://www.atlasobscura.com/places/santas-village-2,34.232653,-117.169401,SkyPark at Santa's Village,Costumed elves and mountain bikers co-exist peacefully at this abandoned Christmas-themed adventure park.
https://www.atlasobscura.com/places/belle-isle-state-park,37.534245,-77.449573,Ruins of Belle Isle,A small Richmond island dotted with the remnants of hundreds of years of history.
https://www.atlasobscura.com/places/catacombs-of-old-st-patricks-cathedral,40.723562,-73.994906,Catacombs of Old St. Patrick's Cathedral,Historical figures from New York City's Catholic community reside in Midtown.
https://www.atlasobscura.com/places/the-gardens-at-st-luke-in-the-fields-new-york-new-york,40.73262,-74.006803,The Gardens at St. Luke in the Fields,A quiet and contemplative oasis in the middle of New York's bustle and riot.
https://www.atlasobscura.com/places/venice-cafe,38.599342,-90.217435,,
https://www.atlasobscura.com/places/harper-s-topiary-garden,32.741166,-117.176105,,
https://www.atlasobscura.com/places/bubes-brewery-and-catacombs,40.11184,-76.50296,,
https://www.atlasobscura.com/places/lotusland,34.442982,-119.657362,,
https://www.atlasobscura.com/places/alki-flower-houses,47.590641,-122.392397,,
https://www.atlasobscura.com/places/louis-lunch,41.306483,-72.930334,,
https://www.atlasobscura.com/places/the-deserted-village-of-feltville-berkeley-heights-new-jersey,40.681759,-74.38742,,
https://www.atlasobscura.com/places/carhenge,42.138587,-102.859055,,
https://www.atlasobscura.com/places/calico-ghost-town-2,34.947452,-116.863945,Calico Ghost Town,A desert ghost town—occupied for only 12 years—was once home to more than 500 silver mines.
https://www.atlasobscura.com/places/pearl-fryar-topiary-garden,34.20577,-80.271013,Pearl Fryar Topiary Garden,One man's extraordinary topiary garden in a small South Carolina town.
https://www.atlasobscura.com/places/peacock-room,38.887983,-77.026446,Peacock Room,This stunning blue and gold room changed cities twice before becoming part of the Smithsonian.
https://www.atlasobscura.com/places/titanic-memorial,40.707603,-74.003663,Titanic Memorial,"Manhattan's lighthouse, erected at the insistence of the unsinkable Molly Brown."
https://www.atlasobscura.com/places/the-sphere-by-fritz-koenig-new-york-new-york,40.710652,-74.013747,'The Sphere',This sculpture by artist Fritz Keonig survived the 9/11 attacks and now stands as a monument to the victims.
https://www.atlasobscura.com/places/walker-library-of-the-history-of-human-imagination,41.05343,-73.538734,Walker Library of The History of Human Imagination,"An Escher-inspired library dedicated to the wonders of the human mind, yet closed to the public."
https://www.atlasobscura.com/places/denver-zine-library,39.771054,-104.980201,Denver Zine Library,"A collection of over 15,000 zines works to preserve DIY publishing culture."
https://www.atlasobscura.com/places/cave-in-rock,37.468611,-88.155833,Cave-In-Rock,"River pirates, murderous bandits, and serial killers used this Illinois cave as their debauched hideout."
https://www.atlasobscura.com/places/factory-obscura-oklahoma-city-oklahoma,35.477258,-97.513318,,
https://www.atlasobscura.com/places/palace-diner,43.492671,-70.454698,,
https://www.atlasobscura.com/places/pueblo-indian-kitchen,35.110262,-106.658974,,
https://www.atlasobscura.com/places/garnet-montana,46.82528,-113.33806,,
https://www.atlasobscura.com/places/pomander-walk,40.794324,-73.973074,,
https://www.atlasobscura.com/places/beat-museum,37.798126,-122.406225,,
https://www.atlasobscura.com/places/mueller-sunflowers,30.306613,-97.712682,,
https://www.atlasobscura.com/places/colorado-airplane-restaurant,38.80667,-104.726345,,
https://www.atlasobscura.com/places/the-school-bus-graveyard-alto-georgia,34.450943,-83.616997,The School Bus Graveyard,Where school buses go to die and be reborn as whimsical works of art.
https://www.atlasobscura.com/places/the-cleveland-arcade-cleveland-ohio,41.500002,-81.690311,The Cleveland Arcade,"Funded by John D. Rockefeller, this is one of the earliest, and most beautiful, shopping arcades in America."
https://www.atlasobscura.com/places/grafton-ghost-town,37.167205,-113.079943,Grafton Ghost Town,"Settled by the Church of Jesus Christ of Latter-day Saints in 1859, this abandoned frontier town has appeared in several films."
https://www.atlasobscura.com/places/casa-neverlandia,30.247481,-97.753581,Casa Neverlandia,"This eclectic, mosaic-clad home includes a bamboo ping-pong loft and a ""Whispermaphones"" intercom."
https://www.atlasobscura.com/places/cushing-brain-collection,41.303184,-72.933476,The Cushing Center,"An archival collection of over 2,200 case studies which includes human brain specimens and tumor specimens."
https://www.atlasobscura.com/places/kiptopeke-s-concrete-fleet,37.164627,-75.978254,Kiptopeke's Concrete Fleet,Nine of the very few concrete ships ever made in the U.S. are beautifully decaying off a Virginia pier.
https://www.atlasobscura.com/places/the-horse-you-came-in-on-saloon-baltimore-maryland,39.281535,-76.594104,The Horse You Came In On Saloon,A 200-year-old bar with a cheeky name claims to have served Edgar Allan Poe his final drink.
https://www.atlasobscura.com/places/jungle-jims-international-market,39.335078,-84.524247,Jungle Jim's International Market,"An unusual, super-sized grocery adventure awaits in an Ohio suburb."
https://www.atlasobscura.com/places/the-hidden-holocaust-memorial-of-madison-park-new-york-new-york,40.742182,-73.986551,,
https://www.atlasobscura.com/places/walnut-canyon,35.169019,-111.504337,,
https://www.atlasobscura.com/places/museum-of-reclaimed-urban-space,40.725767,-73.977968,,
https://www.atlasobscura.com/places/spiral-jetty,41.437704,-112.668832,,
https://www.atlasobscura.com/places/interference-archive,40.670388,-73.985844,,
https://www.atlasobscura.com/places/turnip-rock,44.06847,-82.919311,,
https://www.atlasobscura.com/places/point-sur-lightstation,36.306326,-121.901636,,
https://www.atlasobscura.com/places/worlds-largest-cowboy-boots,29.518007,-98.4975,,
https://www.atlasobscura.com/places/chicago-municipal-tuberculosis-sanitarium,41.985787,-87.722743,Chicago Municipal Tuberculosis Sanitarium,Chicago's North Park Village was once the largest municipal sanatorium in the country.
https://www.atlasobscura.com/places/american-museum-of-the-house-cat,35.314075,-83.260595,American Museum of the House Cat,This vast kitty-themed collection illustrates the history of human-cat interaction.
https://www.atlasobscura.com/places/lichgate-on-high-road,30.460845,-84.312712,Lichgate on High Road,This fairytale-inspired cottage was created by a university literature professor.
https://www.atlasobscura.com/places/west-side-market,41.484686,-81.703062,West Side Market,"This spectacular public market has got meat, fish, vegetables, baked goods, and enough kielbasa for a lifetime."
https://www.atlasobscura.com/places/house-of-balls,44.9684,-93.2513,House of Balls,Funhouse of found art and participatory sculpture.
https://www.atlasobscura.com/places/westcave-outdoor-discovery-center,30.339045,-98.140838,Westcave Outdoor Discovery Center,This beautiful grotto is one of those places where you can't believe you're just outside Austin.
https://www.atlasobscura.com/places/450-sutter-street,37.789657,-122.407834,450 Sutter Street,Nestled in the heart of San Francisco’s bustling Financial District stands a unique homage to the Mayan and Beaux Arts.
https://www.atlasobscura.com/places/mile-high-comics-megastore,39.7803,-104.999143,Mile High Comics Megastore,"While comics are the main attraction at this megastore, the second floor plays host to an exhibit fit for a museum."
https://www.atlasobscura.com/places/woodlawn-cemetery,40.888795,-73.873879,,
https://www.atlasobscura.com/places/gurdon-light,33.952768,-93.178973,,
https://www.atlasobscura.com/places/graffiti-alley,39.311527,-76.618806,,
https://www.atlasobscura.com/places/morris-arboretum,40.088121,-75.221963,,
https://www.atlasobscura.com/places/crabs-of-cleopatra-s-needle,40.779771,-73.965341,,
https://www.atlasobscura.com/places/jefferson-market-library,40.734582,-73.999095,,
https://www.atlasobscura.com/places/salem-village-witchcraft-victims-memorial,42.565316,-70.959402,,
https://www.atlasobscura.com/places/burr-trail-switchbacks,37.84893,-111.026471,,
https://www.atlasobscura.com/places/seaside-sanitorium,41.301545,-72.129569,Seaside Sanatorium,Ruins of a historic medical facility sits eerily by the water.
https://www.atlasobscura.com/places/ufo-watchtower,37.788547,-105.887212,UFO Watchtower,"One woman's UFO-themed campground, complete with self-built energy vortexes, UFO-themed weddings, and magic bushes."
https://www.atlasobscura.com/places/devils-kitchen-at-caesars-head,35.105859,-82.626111,Devils Kitchen at Caesars Head State Park,"According to local lore, this narrow passageway through two large rocks was accidentally created by the devil himself."
https://www.atlasobscura.com/places/dinosaur-valley-state-park-texas,32.241228,-97.808663,Dinosaur Valley State Park,Tracks near this Texas nature site were once thought to support the Creationist belief that man and dino coexisted.
https://www.atlasobscura.com/places/hidden-elves-at-the-denver-museum-of-nature-and-science,39.747526,-104.942808,Hidden Elves at the Denver Museum of Nature and Science,A small horde of mythical creatures lurk almost imperceptibly within the museum's wildlife dioramas.
https://www.atlasobscura.com/places/ladder-creek-falls-and-gardens,48.674994,-121.241562,Ladder Creek Falls and Gardens,The illuminated falls are a gem in North Cascades National Park.
https://www.atlasobscura.com/places/skyspace-the-color-inside,30.28491,-97.736006,Skyspace: The Color Inside,A view-altering observatory at the University of Texas.
https://www.atlasobscura.com/places/mineral-wells-fossil-park,32.825762,-98.190393,Mineral Wells Fossil Park,"This former Texas landfill is flush with 300 million-year-old fossils, all fit for the taking."
https://www.atlasobscura.com/places/the-carson-mansion-eureka-california,40.805347,-124.158366,,
https://www.atlasobscura.com/places/enchanted-rock,30.50658,-98.81893,,
https://www.atlasobscura.com/places/swedish-seamens-church-new-york-cafe,40.757213,-73.977378,,
https://www.atlasobscura.com/places/sun-studio,35.139293,-90.037712,,
https://www.atlasobscura.com/places/lotta-s-fountain,37.787932,-122.403292,,
https://www.atlasobscura.com/places/fort-wadsworth,40.603592,-74.058809,,
https://www.atlasobscura.com/places/sun-tunnels,41.3035,-113.863789,,
https://www.atlasobscura.com/places/mount-katahdin,45.904491,-68.922267,,
https://www.atlasobscura.com/places/mount-katahdin,45.904491,-68.922267,Mount Katahdin,The highest point in Maine is a grand gift to the state citizens that also happens to be one end of the Appalachian Trail.
https://www.atlasobscura.com/places/glowing-millipedes-of-sequoia-national-park,36.490439,-118.824865,Glowing Millipedes of Sequoia National Park,"These millipedes glow not out of attraction, but as a not-too-subtle warning."
https://www.atlasobscura.com/places/pet-sematary-filming-sites,44.508385,-68.25453,Pet Sematary Filming Sites,The house and graveyard used in the Stephen King spine-chiller.
https://www.atlasobscura.com/places/fairy-houses-on-a-new-jersey-trail,40.726571,-74.304783,South Mountain Fairy Trail,These mystical miniature houses bring a touch of magic to the New Jersey woods.
https://www.atlasobscura.com/places/skeleton-man-walking-skeleton-dinosaur,43.887064,-101.131811,Skeleton Man Walking Skeleton Dinosaur,Just a man taking his prehistoric pet for a stroll.
https://www.atlasobscura.com/places/bigfoot-discovery-museum,37.041504,-122.072625,Bigfoot Discovery Museum,This quirky roadside attraction dives into the many theories surrounding North America's most infamous hairy cryptid.
https://www.atlasobscura.com/places/salem-village-parsonage,42.565931,-70.962496,Salem Village Parsonage,"Located just behind a quiet residential neighborhood, this is ground zero for the Salem witchcraft hysteria of 1692."
https://www.atlasobscura.com/places/purgatory-falls,42.886712,-71.708557,Purgatory Falls,Beautiful natural falls where Satan once ruined a pot of beans.
https://www.atlasobscura.com/places/crown-fountain,41.883435,-87.621842,,
https://www.atlasobscura.com/places/lechuguilla-cave,32.177719,-104.442558,,
https://www.atlasobscura.com/places/clifton-s-gates-of-hell,40.858433,-74.163755,,
https://www.atlasobscura.com/places/goatmans-bridge,33.129736,-97.105979,,
https://www.atlasobscura.com/places/atlanta-botanical-garden,33.790468,-84.373619,,
https://www.atlasobscura.com/places/tudor-place-1,38.911493,-77.062901,,
https://www.atlasobscura.com/places/neverland-ranch,34.745421,-120.088264,,
https://www.atlasobscura.com/places/metropolitan-waterworks-museum,42.332974,-71.154599,,
https://www.atlasobscura.com/places/metropolitan-waterworks-museum,42.332974,-71.154599,Metropolitan Waterworks Museum,Beautiful steampunk ghosts of early Massachusetts.
https://www.atlasobscura.com/places/witchs-hat-pavilion,40.322224,-75.896294,Witch's Hat Pavilion,This semi-spooky remnant of an abandoned hotel provides fantastic views.
https://www.atlasobscura.com/places/thanks-giving-square,32.782955,-96.798243,Thanks-Giving Square,A serene temple with stunning stained glass hides in downtown Dallas.
https://www.atlasobscura.com/places/hollywood-cemetery,37.539473,-77.452876,Hollywood Cemetery,"The final resting place of two (or three) presidents, one vampire, and 18,000 Confederate soldiers."
https://www.atlasobscura.com/places/wanamaker-building,39.951402,-75.162148,Wanamaker Building,"The first American department store, and home to the largest operating musical instrument in the world."
https://www.atlasobscura.com/places/brooklyn-ice-cream-factory,40.737736,-73.956051,Brooklyn Ice Cream Factory,"The factory for the popular Dumbo location, the Greenpoint shop is a quiet gem."
https://www.atlasobscura.com/places/backstreet-cultural-museum,29.965837,-90.070133,Backstreet Cultural Museum,The greatest collection of New Orleans masking and processional traditions covering everything from Baby Dolls to Skull and Bone gangs.
https://www.atlasobscura.com/places/alpaca-treehouse,33.722666,-84.327751,Alpaca Treehouse,This wondrous hideaway is suspended in a bamboo forest above a sanctuary for rescued llamas and alpacas.
https://www.atlasobscura.com/places/paxton-gate-pdx,45.553933,-122.675302,,
https://www.atlasobscura.com/places/dinosaur-kingdom,37.648994,-79.524831,,
https://www.atlasobscura.com/places/drawbridge,37.462502,-121.97347,,
https://www.atlasobscura.com/places/enchanted-forest-pine-tree-maze,39.237514,-76.875514,,
https://www.atlasobscura.com/places/whale-house,34.449918,-119.70996,,
https://www.atlasobscura.com/places/shopsins,40.718039,-73.988191,,
https://www.atlasobscura.com/places/mummers-museum,39.933564,-75.14735,,
https://www.atlasobscura.com/places/location-of-the-microsoft-windows-xp-wallpaper,38.249165,-122.410087,,
https://www.atlasobscura.com/places/two-bit-circus-micro-amusement-park,34.037175,-118.231921,Two Bit Circus Micro-Amusement Park,A beloved carnival gets a modern makeover in Los Angeles.
https://www.atlasobscura.com/places/eros-bendato,38.626506,-90.193286,Eros Bendato,A creepy sculpture of a decapitated head invites viewers to see St. Louis through its empty eyes.
https://www.atlasobscura.com/places/worlds-largest-airinsulated-van-de-graaff-generator,42.367617,-71.070729,World's Largest Air-Insulated Van de Graaff Generator,The massive machine creates cracking displays of indoor lightning.
https://www.atlasobscura.com/places/mount-rainier-2,46.853704,-121.75895,Mount Rainier,The highest point in Washington state is a volcano covered in glaciers.
https://www.atlasobscura.com/places/international-car-forest-of-the-last-church,37.698195,-117.228574,International Car Forest of the Last Church,"Graffiti, cars, and religion combine to create this jungle of scrap in the Nevada desert."
https://www.atlasobscura.com/places/fenway-victory-gardens,42.345862,-71.094264,Fenway Victory Gardens,One of the last remaining World War II Victory Gardens in the U.S. is quietly growing across from Fenway Park.
https://www.atlasobscura.com/places/two-guns,35.11545,-111.091948,Two Guns,"The story of Two Guns, Arizona could easily be described as a Shakespearian tragedy on Route 66."
https://www.atlasobscura.com/places/museum-health-and-medical-science,29.721714,-95.385885,Museum of Health and Medical Science,A health museum containing a 27’’½-foot intestine.
https://www.atlasobscura.com/places/brooklyn-townhouse-secret-subway-exit,40.693475,-73.997352,,
https://www.atlasobscura.com/places/thompson-falls,44.264789,-71.24051,,
https://www.atlasobscura.com/places/air-hollywood,34.441857,-118.595637,,
https://www.atlasobscura.com/places/ashcroft-townsite,39.053601,-106.79976,,
https://www.atlasobscura.com/places/the-arctic-club-seattle-washington,47.603852,-122.331843,,
https://www.atlasobscura.com/places/greystone-mansion,34.091944,-118.401667,,
https://www.atlasobscura.com/places/the-faerie-playhouse-new-orleans-louisiana,29.967465,-90.066404,,
https://www.atlasobscura.com/places/nevadaville-ghost-town,39.795957,-105.529628,,
https://www.atlasobscura.com/places/rhododendron-species-botanical-garden,47.302176,-122.299928,Rhododendron Species Botanical Garden,This 22-acre botanical garden is home to the largest collection of rhododendrons in the world.
https://www.atlasobscura.com/places/free-gold-watch,37.768286,-122.452725,Free Gold Watch,This print shop boasts one of the largest pinball arcades in San Francisco.
https://www.atlasobscura.com/places/mildred-e-mathias-botanical-garden,34.066694,-118.441533,Mildred E. Mathias Botanical Garden,This “living museum” at UCLA exhibits thousands of plant species from all over the world.
https://www.atlasobscura.com/places/rugby-colony,36.361076,-84.702424,Rugby Colony,A failed utopian experiment for British expats in the American South is now a Victorian village frozen in time.
https://www.atlasobscura.com/places/washington-island-stave-church,45.377137,-86.924069,Washington Island Stave Church,Vikings and Evangelicals have both had a hand in this replica medieval church.
https://www.atlasobscura.com/places/ms-pearl-the-worlds-largest-squirrel-statue,30.166509,-97.510834,Ms. Pearl,The world's largest squirrel statue clutches a pecan bigger than your head.
https://www.atlasobscura.com/places/the-national-museum-of-nuclear-science-history-albuquerque-new-mexico,35.066068,-106.533821,The National Museum of Nuclear Science & History,The official atomic museum of the United States explores the explosive and productive history of a much maligned energy source.
https://www.atlasobscura.com/places/howe-street-stairs,47.635942,-122.32055,Howe Street Stairs,"Spanning an elevation of 160 feet and containing 388 steps, this is Seattle's longest staircase."
https://www.atlasobscura.com/places/bighorn-medicine-wheel,44.826189,-107.921591,,
https://www.atlasobscura.com/places/chihuly-collection,27.770749,-82.644246,,
https://www.atlasobscura.com/places/highland-park-bowl,34.109577,-118.193676,,
https://www.atlasobscura.com/places/grand-central-oyster-bar,40.752728,-73.977235,,
https://www.atlasobscura.com/places/kelleys-island-glacial-grooves,41.613634,-82.705391,,
https://www.atlasobscura.com/places/transcendence,45.518036,-122.68238,,
https://www.atlasobscura.com/places/wigwam-village-2,37.144936,-85.945207,,
https://www.atlasobscura.com/places/ghost-church-at-polegreen,37.645203,-77.329272,,
https://www.atlasobscura.com/places/ghost-church-at-polegreen,37.645203,-77.329272,The Ghost Church,The skeletal white beams stand as a monument to religious dissent.
https://www.atlasobscura.com/places/wigwam-village-2,37.144936,-85.945207,Wigwam Village #2,"One of the few surviving ""Wigwam""-themed motels."
https://www.atlasobscura.com/places/george-boedeckers-dinosaur-sculpture-garden,36.056976,-86.956768,George Boedecker's Sculpture Garden,Dinosaurs invade a suburban Nashville neighborhood.
https://www.atlasobscura.com/places/abandoned-jerome-post-office,34.758484,-112.123943,Abandoned Jerome Post Office,"On the outskirts of a reborn ghost town, a decaying post office remembers the bad old days."
https://www.atlasobscura.com/places/the-lodge-at-hot-lake-springs,45.241792,-117.939867,The Lodge at Hot Lake Springs,A haunted hot springs hotel that went from healing retreat to asylum before it was restored.
https://www.atlasobscura.com/places/mini-time-machine-museum-of-miniatures,32.265448,-110.895591,Mini Time Machine Museum of Miniatures,Miniature art that tells an enormous story.
https://www.atlasobscura.com/places/west-end-overlook,40.444764,-80.037005,West End Overlook,"The only way to see Pittsburgh is from the top of this lookout point, just like the ancient members of the native peoples did."
https://www.atlasobscura.com/places/barron-ghost-town,48.753191,-120.716498,Barron Ghost Town,"Hundreds of hopeful gold miners came here to get rich, but only two years later the small town was deserted."
https://www.atlasobscura.com/places/castle-post,38.044788,-84.656564,,
https://www.atlasobscura.com/places/the-home-alone-house-winnetka-illinois,42.109687,-87.733971,,
https://www.atlasobscura.com/places/homewood-cemetery,40.440154,-79.91269,,
https://www.atlasobscura.com/places/spaceship-house,35.106303,-85.348406,,
https://www.atlasobscura.com/places/the-dna-discovery-center-chicago-illinois,41.866173,-87.616986,,
https://www.atlasobscura.com/places/a-panorama-view-of-new-york-city,40.745789,-73.846708,,
https://www.atlasobscura.com/places/77-water-street,40.704446,-74.008247,,
https://www.atlasobscura.com/places/colonel-sanders-grave,38.246896,-85.710789,,
https://www.atlasobscura.com/places/golden-gate-park-vintage-carousel,37.767904,-122.458023,Golden Gate Park Vintage Carousel,This turn of the century masterpiece has a mysterious goaty interloper.
https://www.atlasobscura.com/places/rock-garden-calhoun,34.46289,-84.982655,Rock Garden Calhoun,Incredible miniature towns and buildings created and decorated with thousands of tiny rocks.
https://www.atlasobscura.com/places/kalaloch-tree-of-life,47.613175,-124.376701,Kalaloch Tree of Life,"This large Sitka spruce that appears to be floating in mid-air, has defied logic for years."
https://www.atlasobscura.com/places/national-museum-of-health-and-medicine,39.008685,-77.053101,National Museum of Health and Medicine,"An astounding collection of medical specimens, including bits of President Lincoln."
https://www.atlasobscura.com/places/area-66,34.859973,-114.145935,Area 66,This golf ball–shaped former desert real estate office now houses a UFO museum.
https://www.atlasobscura.com/places/the-new-manchester-manufacturing-company-lithia-springs-georgia,33.757206,-84.63863,The New Manchester Manufacturing Company,The ruins of a cotton mill that was burned in the Civil War are still hidden in a Georgia forest.
https://www.atlasobscura.com/places/burke-museum-ichthyology-collection,47.661017,-122.31206,Burke Museum Ichthyology Collection,This remarkable collection devoted to the study of fish includes 1 million preserved specimens from all around the world.
https://www.atlasobscura.com/places/rutland-prison-camp,42.403184,-72.002304,Rutland Prison Camp,The ruins of a Massachusetts prison farm can still be found crumbling the woods of a state park.
https://www.atlasobscura.com/places/golden-gate-fortune-cookie-company,37.795704,-122.407293,,
https://www.atlasobscura.com/places/wilkes-barre-abandoned-train-station,41.241754,-75.879377,,
https://www.atlasobscura.com/places/old-north-church,42.366251,-71.054321,,
https://www.atlasobscura.com/places/miniature-garden-of-whimsy,34.10576,-118.342093,,
https://www.atlasobscura.com/places/national-world-war-ii-museum,29.942968,-90.070391,,
https://www.atlasobscura.com/places/barbie-pond,38.910868,-77.034078,,
https://www.atlasobscura.com/places/mount-zion-cemeterys-underground-railroad-shelter,38.91114,-77.05407,,
https://www.atlasobscura.com/places/kentuck-knob,39.869167,-79.519722,,
https://www.atlasobscura.com/places/rose-tree-museum,31.711983,-110.067498,Rose Tree Museum,The world's largest rose bush has literally outgrown the pioneer museum it was planted behind.
https://www.atlasobscura.com/places/port-angeles-underground,48.120609,-123.431528,Port Angeles Underground,"Tour the original street level of Port Angeles, buried underground in 1914."
https://www.atlasobscura.com/places/zion-evangelical-lutheran-ghost-church,41.856988,-87.647978,Zion Evangelical Lutheran 'Ghost Church',One-of-a-kind preserved ruins of an abandoned 1880s church in Chicago's Pilsen neighborhood.
https://www.atlasobscura.com/places/the-barnes-foundation-philadelphia-pennsylvania,39.960519,-75.17259,The Barnes Foundation,Dr Barnes' $25 billion private collection of art and arboretum.
https://www.atlasobscura.com/places/assateague-island,38.227513,-75.145782,Assateague Island,The land is home to swimming ponies and a legendary 18th-century treasure.
https://www.atlasobscura.com/places/old-slave-mart,32.777837,-79.928401,Old Slave Mart,South Carolina's last remaining slavery auction house is now a museum devoted to its own tragic history.
https://www.atlasobscura.com/places/picture-canyon,35.227075,-111.557156,Picture Canyon,A nature and cultural preserve named for its multitude of petroglyphs carved by the Northern Sinagua people.
https://www.atlasobscura.com/places/dandelion-botanicals,48.142261,-123.123972,Dandelion Botanical Company,"Essence of hound's tongue and tincture of bloodroot are just the tip of the herbalist iceberg at this beautiful, impressively-stocked apothecary."
https://www.atlasobscura.com/places/marvins-marvelous-mechanical-museum-0,42.525366,-83.359957,,
https://www.atlasobscura.com/places/jefferson-pools,38.053611,-79.780833,,
https://www.atlasobscura.com/places/hotel-alex-johnson,44.080393,-103.227528,,
https://www.atlasobscura.com/places/american-classic-arcade-museum,43.612983,-71.477483,,
https://www.atlasobscura.com/places/historic-west-baden-springs-hotel,38.56707,-86.618518,,
https://www.atlasobscura.com/places/witches-tree,38.231788,-85.764268,,
https://www.atlasobscura.com/places/dittrick-medical-museum,41.505896,-81.608957,,
https://www.atlasobscura.com/places/bandalier-national-monument,35.779104,-106.270896,,
https://www.atlasobscura.com/places/ionas-beach,47.169678,-91.421021,Iona's Beach,"When waves crash onto this section of beach, the rocks sing a song."
https://www.atlasobscura.com/places/flamingo-habitat,36.116566,-115.171163,Flamingo Habitat,An exotic wildlife habitat right off The Strip.
https://www.atlasobscura.com/places/san-francisco-cable-car-museum,37.79453,-122.411384,San Francisco's Cable Car Museum,Not merely a museum – but a whirring powerhouse that offers a subterranean peek into the heart and soul of cable car operations.
https://www.atlasobscura.com/places/snoqualmie-tunnel,47.395327,-121.444594,Snoqualmie Tunnel,"This long, dark tunnel is open to hikers, but those without lights are known to get confused even on the straight path."
https://www.atlasobscura.com/places/dog-chapel,44.435529,-71.981853,Dog Chapel,A small chapel celebrating the spiritual bond between dogs and humans.
https://www.atlasobscura.com/places/st-anthony-s-chapel,40.464929,-79.983736,St. Anthony's Chapel,This church in Pittsburgh is home to the largest collection of religious relics in North America.
https://www.atlasobscura.com/places/national-cryptologic-museum,39.111714,-76.771135,National Cryptologic Museum,A priceless collection of the Nation's cryptologic history.
https://www.atlasobscura.com/places/salt-pepper-shaker-museum,35.71623,-83.502474,Salt & Pepper Shaker Museum,"Over 20,000 sets of spice shakers reveal the surprisingly telling history of our most basic spices."
https://www.atlasobscura.com/places/the-tombstone-house-petersburg-virginia,37.202092,-77.427032,,
https://www.atlasobscura.com/places/central-market,40.038621,-76.306838,,
https://www.atlasobscura.com/places/rocky-statue,39.965023,-75.179151,,
https://www.atlasobscura.com/places/lowell-observatory,35.203024,-111.664653,,
https://www.atlasobscura.com/places/the-dwarf-castle-alpharetta-georgia,34.088828,-84.360704,,
https://www.atlasobscura.com/places/hole-in-the-wall-outlaw-hideout,43.76316,-106.962891,,
https://www.atlasobscura.com/places/eclectic-menagerie-park,29.670941,-95.392524,,
https://www.atlasobscura.com/places/the-gingerbread-castle-franklin-new-jersey,41.149394,-74.574778,,
https://www.atlasobscura.com/places/the-mark-twain-house-museum-hartford-connecticut,41.766348,-72.700988,The Mark Twain House & Museum,The former home of Samuel Clemens and family remembers the happiest period of the author's life.
https://www.atlasobscura.com/places/the-gingerbread-castle-franklin-new-jersey,41.149394,-74.574778,The Gingerbread Castle,"Once in a state of dilapidation, this candy-inspired fortress is now being revived."
https://www.atlasobscura.com/places/burke-ghost-town,47.520903,-115.816669,Burke Ghost Town,"A mining town, now abandoned, was built in a canyon so narrow that the railroad ran right through the hotel lobby."
https://www.atlasobscura.com/places/prehistoric-gardens,42.611826,-124.392239,Prehistoric Gardens,A collection of colorful dinosaurs hidden in an actual rainforest.
https://www.atlasobscura.com/places/monument-rocks,38.793265,-100.76254,Monument Rocks,One of the Eight Wonders of Kansas and the first official National Natural Monument these stark formations look like nature's Stonehenge.
https://www.atlasobscura.com/places/the-old-headquarters-of-murder-inc-brooklyn-new-york,40.661568,-73.915482,"The Old Headquarters of Murder, Inc.",This otherwise innocuous bodega was once the headquarters of the most feared assassin's guild in American history.
https://www.atlasobscura.com/places/warner-and-swasey-observatory,41.535967,-81.568402,Warner and Swasey Observatory,This lovely university observatory continues to sit abandoned since its potential savior was sent to jail for fraud.
https://www.atlasobscura.com/places/florissant-fossil-beds-national-monument,38.913617,-105.285408,Florissant Fossil Beds National Monument,The largest source of fossilized insects anywhere.
https://www.atlasobscura.com/places/lehman-caves,39.005799,-114.219164,,
https://www.atlasobscura.com/places/the-underground-home-2-queens-new-york,40.744078,-73.859269,,
https://www.atlasobscura.com/places/the-old-ship-saloon-san-francisco-california,37.79783,-122.400772,,
https://www.atlasobscura.com/places/echo-bridge,42.314782,-71.226983,,
https://www.atlasobscura.com/places/eye-of-god-rapid-chattooga-river,34.85428,-83.258311,,
https://www.atlasobscura.com/places/letterform-archive,37.760134,-122.388261,,
https://www.atlasobscura.com/places/sakagura-midtown,40.751281,-73.973158,,
https://www.atlasobscura.com/places/baldpate-inn-key-collection,40.308549,-105.534113,,
https://www.atlasobscura.com/places/kansas-city-library-s-giant-bookshelf,39.102274,-94.583919,Kansas City Library's Community Bookshelf,Community bookshelf of 25-foot-tall book spines.
https://www.atlasobscura.com/places/vanadu-art-house,38.960735,-76.954067,Vanadu Art House,An intricately designed junk art house with four extravagant junk art cars hidden in the suburbs.
https://www.atlasobscura.com/places/buena-vista-park-tombstones,37.768793,-122.44196,Buena Vista Park Tombstones,Gold Rush-era tombstones line the park's paths.
https://www.atlasobscura.com/places/edith-macefield-house-seattle,47.662385,-122.375362,Edith Macefield's House,The tale of a strong-willed woman who stood her ground when the commercial world came rumbling in.
https://www.atlasobscura.com/places/fork-in-the-road,34.128291,-118.157358,Fork in the Road,A bigger-than-life pun that has become a beacon of altruism.
https://www.atlasobscura.com/places/old-sheldon-church-ruins,32.618526,-80.780439,Old Sheldon Church Ruins,"Despite being burnt down multiple times, the ruins of this South Carolina church are still standing."
https://www.atlasobscura.com/places/hidden-treasures,34.089584,-118.602604,Hidden Treasures,An unreal vintage shop that wears its dadaist influence on its zombie fish.
https://www.atlasobscura.com/places/sparky-park,30.299035,-97.732193,Sparky Park,A former electrical substation is now home to an eccentric junk art masterpiece.
https://www.atlasobscura.com/places/rosicrucian-egyptian-museum,37.334019,-121.922603,,
https://www.atlasobscura.com/places/the-pirates-house-savannah-georgia,32.078075,-81.083885,,
https://www.atlasobscura.com/places/crow-canyon-petroglyphs,36.547125,-107.629007,,
https://www.atlasobscura.com/places/nickajack-cave,34.992511,-85.612822,,
https://www.atlasobscura.com/places/tonto-natural-bridge,34.319722,-111.456667,,
https://www.atlasobscura.com/places/history-colorado-center,39.735847,-104.986731,,
https://www.atlasobscura.com/places/skunk-ape-research-headquarters,25.892578,-81.27976,,
https://www.atlasobscura.com/places/devil-s-icebox,38.881912,-92.328942,,
https://www.atlasobscura.com/places/golden-gate-park-druid-circles,37.769154,-122.464428,Golden Gate Park Druid Circles,The stones that traveled from Spain to eventually become a holy place for San Francisco's nature worshippers.
https://www.atlasobscura.com/places/tinkertown,35.168899,-106.365866,TinkerTown,"""I did this all while you were watching TV."""
https://www.atlasobscura.com/places/frank-lloyd-wright-samuel-freeman-house,34.105667,-118.338611,Samuel Freeman House,This forgotten Frank Lloyd Wright house is an architectural marvel at the end of a sleepy residential street.
https://www.atlasobscura.com/places/canos-castle,37.081279,-106.006105,Cano's Castle,"Gleaming self-built castle towers made from beer cans and inspired by ""Vitamin Mary Jane."""
https://www.atlasobscura.com/places/radio-city-music-hall-s-secret-apartment,40.760551,-73.982268,Radio City Music Hall's Secret Apartment,"Built as a gift to the hottest tastemaker of the time, these hidden quarters remain an Art Deco showpiece."
https://www.atlasobscura.com/places/hollywood-heritage-museum,34.108565,-118.336081,Hollywood Heritage Museum,A little barn in the middle of the city preserving Hollywood treasures since 1985.
https://www.atlasobscura.com/places/the-plant-chicago-illinois,41.81585,-87.661343,The Plant,Former meatpacking facility turned vertical farm and sustainable business complex.
https://www.atlasobscura.com/places/frank-lloyd-wrights-burnham-block,43.010598,-87.948548,Frank Lloyd Wright's Burnham Block,Six tiny houses built for working class people form the largest intentional cluster of Wright homes anywhere.
https://www.atlasobscura.com/places/dr-seuss-sculpture-garden,42.104547,-72.587314,,
https://www.atlasobscura.com/places/dismals-canyon,34.328567,-87.780004,,
https://www.atlasobscura.com/places/the-last-yogi-bear-honey-fried-chicken-restaurant,34.369175,-80.070853,,
https://www.atlasobscura.com/places/meramec-caverns,38.274495,-91.105698,,
https://www.atlasobscura.com/places/mill-ends-park,45.516196,-122.673221,,
https://www.atlasobscura.com/places/eureka-dunes,37.113627,-117.688379,,
https://www.atlasobscura.com/places/salada-tea-doors,42.349684,-71.07159,,
https://www.atlasobscura.com/places/albert-einstein-bronze-statue,38.892395,-77.048446,,
https://www.atlasobscura.com/places/southernmost-point-of-the-continental-us,24.546517,-81.797484,Southernmost Point of the Continental U.S.,A monument celebrating the idea of reaching inaccessible places.
https://www.atlasobscura.com/places/mount-wood-castle-and-cemetery,40.080423,-80.722266,Mount Wood Castle and Cemetery,This abandoned dream castle and its cemetery look out over the city that once inspired their creation.
https://www.atlasobscura.com/places/east-potomac-park-mini-golf,38.874583,-77.026297,East Potomac Park Mini Golf,"The country's oldest continually-operated mini golf course lies hidden in plain sight, eclipsed by one of D.C.'s most popular tourist attractions."
https://www.atlasobscura.com/places/mcgill-rose-garden,35.229941,-80.827876,McGill Rose Garden,This scented city oasis was a labor of love.
https://www.atlasobscura.com/places/duquesne-incline,40.439317,-80.018175,Duquesne Incline,"There aren't too many operational funiculars around, but Pittsburgh has two!"
https://www.atlasobscura.com/places/titanic-memorial-washington-dc,38.87196,-77.019329,Titanic Memorial,"This lonely waterfront memorial to the men of the Titanic was erected by the ""Women of America."""
https://www.atlasobscura.com/places/subtropolis,39.161213,-94.476242,SubTropolis,"The ""World's Largest Underground Business Complex,"" a 55,000,000-square-foot city underneath Missouri."
https://www.atlasobscura.com/places/tunnel-number-3,40.714353,-74.005973,Tunnel Number 3,"Deep under Manhattan is the largest construction project in city history. So far, the project has taken the lives of 23 workers, or ""a man a mile."""
https://www.atlasobscura.com/places/janis-joplins-hotel-room,34.104387,-118.343198,,
https://www.atlasobscura.com/places/van-slyke-castle-ruins-2,41.044777,-74.262645,,
https://www.atlasobscura.com/places/painted-dunes,40.545643,-121.312755,,
https://www.atlasobscura.com/places/colorows-cave,39.607949,-105.174926,,
https://www.atlasobscura.com/places/shangri-la-stone-village-2,36.299677,-79.21458,,
https://www.atlasobscura.com/places/life-underground,40.739753,-74.002523,,
https://www.atlasobscura.com/places/cheesman-park,39.732062,-104.966631,,
https://www.atlasobscura.com/places/spring-grove-cemetery,39.16462,-84.522892,,
https://www.atlasobscura.com/places/tonto-national-monument-upper-cliff-dwelling,33.640401,-111.116624,Tonto National Monument Upper Cliff Dwelling,This 40-room dwelling tucked within a cliff was built by the basin's prehistoric residents.
https://www.atlasobscura.com/places/hidden-jrr-tolkien-quote-carved-in-stone,37.628887,-79.545158,Hidden J.R.R. Tolkien Quote,Lines from a walking song are etched into a rock in Natural Bridge State Park.
https://www.atlasobscura.com/places/grave-of-john-wilkes-booth,39.307109,-76.605997,Grave of John Wilkes Booth,A blank headstone topped with a pile of pennies marks the final resting place of the infamous assassin.
https://www.atlasobscura.com/places/original-puppets-from-mister-rogers-neighborhood,40.452835,-80.006416,Original Puppets from 'Mister Rogers' Neighborhood',The residents of the Neighborhood of Make-Believe live without much fanfare within the Pittsburgh Children's Museum.
https://www.atlasobscura.com/places/paul-bunyan-statue,45.583832,-122.686622,Paul Bunyan Statue,"This stoic, if derpy, giant stands as a monument to Oregon's statehood and the novelty culture of yesteryear."
https://www.atlasobscura.com/places/hicksville-trailer-palace,34.134728,-116.313066,Hicksville Trailer Palace,An eclectic trailer park retreat in the middle of the California desert.
https://www.atlasobscura.com/places/alvord-lake-bridge,37.769047,-122.454673,Alvord Lake Bridge,An overlooked and unassuming engineering marvel.
https://www.atlasobscura.com/places/pops,35.65822,-97.335455,Pops,The future of roadside attractions is this sci-fi soda mecca that is home to a 66-foot tall neon pop bottle.
https://www.atlasobscura.com/places/santarella,42.254664,-73.214224,,
https://www.atlasobscura.com/places/old-tennessee-state-prison,36.177808,-86.86597,,
https://www.atlasobscura.com/places/giant-ants,39.941772,-75.149457,,
https://www.atlasobscura.com/places/hartmans-rock-garden,39.904838,-83.832391,,
https://www.atlasobscura.com/places/musee-patamecanique,41.67711,-71.266202,,
https://www.atlasobscura.com/places/union-oyster-house,42.361288,-71.056908,,
https://www.atlasobscura.com/places/americas-oldest-operating-theater,39.9456,-75.155606,,
https://www.atlasobscura.com/places/traverse-city-state-hospital-tunnels,44.75679,-85.643661,,
https://www.atlasobscura.com/places/rush-ghost-town,36.132564,-92.57106,Rush Ghost Town,The final remnant of the Arkansas zinc industry is this historically protected ghost town.
https://www.atlasobscura.com/places/lite-brite-neon-studio,41.931318,-74.006164,Lite Brite Neon Studio,Neon signs that grace the windows of Bergdorf Goodman's and Tiffany & Co. come from this studio in Brooklyn.
https://www.atlasobscura.com/places/waldo-farmer-s-and-flea-market,29.818583,-82.165409,Waldo Farmer's and Flea Market,North Central Florida's largest flea market and a weekend roadtripper's dream.
https://www.atlasobscura.com/places/lovers-leap-swinging-bridge,41.277812,-91.362903,Lover's Leap Swinging Bridge,A warning to the weak-kneed: This narrow bridge does its swinging eight stories high.
https://www.atlasobscura.com/places/a-trail-through-time,39.193449,-109.020681,A Trail Through Time,This interpretive path lets you get up close and personal with dinosaur bones.
https://www.atlasobscura.com/places/the-museum-of-wonder-seale-alabama,32.31928,-85.164886,The Museum Of Wonder,A former taxidermist has turned his old shop into a folk art mecca.
https://www.atlasobscura.com/places/devils-slide-trestles,39.936541,-105.665411,Devil's Slide Trestles,"These decaying bridges 1,000 feet high are a reminder of the skill it took to cross the Colorado Rockies by rail."
https://www.atlasobscura.com/places/timberline-lodge,45.331111,-121.71,Timberline Lodge,"You might know it as the Overlook Hotel, but the inside is not going to be familiar."
https://www.atlasobscura.com/places/the-cuban-embassys-hemingway-bar-washington-dc,38.92419,-77.036888,,
https://www.atlasobscura.com/places/mcdonalds-freeport-mansion,43.860317,-70.101671,,
https://www.atlasobscura.com/places/mile-high-steps-at-the-colorado-state-capitol,39.739233,-104.984805,,
https://www.atlasobscura.com/places/oklahoma-city-underground,35.467077,-97.515468,,
https://www.atlasobscura.com/places/hamtramck-disneyland,42.407203,-83.058636,,
https://www.atlasobscura.com/places/athens-lunatic-asylum,39.323669,-82.112726,,
https://www.atlasobscura.com/places/craters-of-the-moon-national-monument-and-preserve,43.41665,-113.51665,,
https://www.atlasobscura.com/places/georgia-nuclear-aircraft-laboratory,34.351175,-84.144058,,
https://www.atlasobscura.com/places/mount-elbert,39.117769,-106.445305,Mount Elbert,"At the tallest peak in Colorado, an electrifying mix of thin air, lightning, and rivalry."
https://www.atlasobscura.com/places/magnuson-park-fin-art,47.681629,-122.246922,Magnuson Park Fin Art,Old submarine parts have been converted into faux whale fins.
https://www.atlasobscura.com/places/first-spiritualist-temple,42.350577,-71.079858,First Spiritualist Temple,"America's original house of worship for Spiritualism, the religious movement based on communing with the dead."
https://www.atlasobscura.com/places/carroll-avenue,41.888505,-87.632516,Carroll Avenue,A little-known subterranean street runs under some of the best-known buildings in Chicago's River North.
https://www.atlasobscura.com/places/new-york-academy-of-medicine-rare-book-library,40.792292,-73.952421,New York Academy of Medicine Rare Book Library,This hidden library of physiological ephemera contains centuries worth of knowledge on the vim and viscera of the human body.
https://www.atlasobscura.com/places/casa-grande-ruins,32.995303,-111.536228,Casa Grande Ruins,Some of the tallest ancient American ruins continue to inspire awe and curiosity.
https://www.atlasobscura.com/places/body-farm-pennsylvania,40.082511,-79.614979,Body Farm in Pennsylvania,"A macabre farm reserved part of its 222-acres for dead bodies, all in the name of science."
https://www.atlasobscura.com/places/boston-bricks,42.355,-71.057977,Boston Bricks,These whimsical works of art tell the story of the city's past and present.
https://www.atlasobscura.com/places/governor-s-island,40.690433,-74.016352,,
https://www.atlasobscura.com/places/barthman-s-sidewalk-clock,40.709807,-74.009486,,
https://www.atlasobscura.com/places/fort-mifflin-3,39.877434,-75.213589,,
https://www.atlasobscura.com/places/walt-disney-s-carolwood-barn,34.155035,-118.3012,,
https://www.atlasobscura.com/places/the-carousel-in-prospect-park-brooklyn-new-york,40.663712,-73.964222,,
https://www.atlasobscura.com/places/hole-ground,43.412156,-121.197052,,
https://www.atlasobscura.com/places/gold-camp-road-tunnels,38.790202,-104.903757,,
https://www.atlasobscura.com/places/hermitage-hotel-mens-bathroom,36.163679,-86.782314,,
https://www.atlasobscura.com/places/the-reading-pagoda-reading-pennsylvania,40.336063,-75.905576,The Reading Pagoda,A failed piece of Orientalism has become the proud symbol of a community.
https://www.atlasobscura.com/places/forbes-pigment-collection,42.374177,-71.114083,Forbes Pigment Collection,"The thousands of shades on display — some toxic, others impossibly rare — are a library of more than just color."
https://www.atlasobscura.com/places/east-corinth-vermont-beetlejuice,44.063978,-72.222232,East Corinth,"The quaint little Vermont town played a quaint little Connecticut town in Tim Burton's ""Beetlejuice."""
https://www.atlasobscura.com/places/private-passage,40.770968,-73.99535,Private Passage,Wine bottle sculpture with a ship's stateroom inside.
https://www.atlasobscura.com/places/old-franklin-park-zoo-bear-pens,42.302481,-71.086999,Old Franklin Park Zoo Bear Pens,"The bears may be gone, but their old cages can still be found."
https://www.atlasobscura.com/places/b17-bomber-crash-site-pingree-park,40.636232,-105.524025,B-17 Bomber Crash Site,The wreckage of a World War II bomber is hidden high in the Colorado wilderness.
https://www.atlasobscura.com/places/fort-armistead,39.209288,-76.53368,Fort Armistead,"An eerie, abandoned military base engulfed by nature and graffiti is now home to a local park."
https://www.atlasobscura.com/places/painted-churches-of-texas,29.717426,-96.927652,Painted Churches of Texas,Twenty churches beautifully painted by 19th-century Czech and German immigrants in Texas.
https://www.atlasobscura.com/places/broadway-flea-market-and-grand-auction,40.757825,-73.987177,,
https://www.atlasobscura.com/places/bernheim-forest-giants,37.902091,-85.62184,,
https://www.atlasobscura.com/places/davids-brisket-house,40.679135,-73.949416,,
https://www.atlasobscura.com/places/balmy-alley-murals-skb,37.750833,-122.412307,,
https://www.atlasobscura.com/places/bluestockings-bookstore,40.718932,-73.985917,,
https://www.atlasobscura.com/places/authors-ridge,42.465904,-71.340985,,
https://www.atlasobscura.com/places/the-hangmans-elm-new-york-new-york,40.732107,-73.998628,,
https://www.atlasobscura.com/places/ann-arbor-s-fairy-doors,42.278563,-83.750188,,
https://www.atlasobscura.com/places/ann-arbor-s-fairy-doors,42.278563,-83.750188,Ann Arbor’s Fairy Doors,The city is full of whimsical portals to another world.
https://www.atlasobscura.com/places/greenwood-cemetery-brooklyn,40.659004,-73.995602,Green-Wood Cemetery,A Victorian cemetery in the heart of Brooklyn remains a popular mecca of morbid curiosity.
https://www.atlasobscura.com/places/stan-mansion,41.925075,-87.708147,Stan Mansion,"Built to house a chapter of the Knights Templar, this grandiose building is a relic of Freemasonry in Chicago a century ago."
https://www.atlasobscura.com/places/international-independent-showmen-s-museum,27.865002,-82.377514,International Independent Showmen’s Museum,"The history of the traveling carnival is remembered by this sprawling collection of vintage wagons, games, and rides."
https://www.atlasobscura.com/places/phyllis-musical-inn,41.903417,-87.672551,Phyllis' Musical Inn,Combination beer garden and music venue in the heart of Wicker Park.
https://www.atlasobscura.com/places/the-bubble-room-captiva-florida,26.52229,-82.189484,The Bubble Room,This kitsch eatery is chock-a-block with bric-a-brac.
https://www.atlasobscura.com/places/giant-rock,34.332813,-116.388723,Giant Rock,A regular looking rock with an unbelievable history.
https://www.atlasobscura.com/places/buckhorn-saloon-and-museum,29.426205,-98.488951,Buckhorn Saloon and Museum,A 131-year-old wunderkammer of Texas history.
https://www.atlasobscura.com/places/ludlow-massacre-site,37.339167,-104.583889,,
https://www.atlasobscura.com/places/shark-girl,42.878537,-78.877989,,
https://www.atlasobscura.com/places/rosicrucian-pyramids,40.439349,-75.270364,,
https://www.atlasobscura.com/places/thing,32.042807,-110.041718,,
https://www.atlasobscura.com/places/last-resort,29.110709,-80.973478,,
https://www.atlasobscura.com/places/twisted-house-sculpture,39.877783,-86.143787,,
https://www.atlasobscura.com/places/mat-bevels-museum-of-kinetic-art,32.173807,-110.925945,,
https://www.atlasobscura.com/places/okanogan-highland-ghost-towns,48.981111,-119.199444,,
https://www.atlasobscura.com/places/twisted-house-sculpture,39.877783,-86.143787,'Twisted House',Nature and art meet in this curvy creation
https://www.atlasobscura.com/places/indiana-jones-home,37.07604,-106.007208,Indiana Jones Home,The childhood home of Henry Jones Jr. is now an adventure-themed bed and breakfast.
https://www.atlasobscura.com/places/the-crow-s-nest-at-the-old-faithful-inn-yellowstone-national-park-wyoming,44.45973,-110.830293,The Crow's Nest at the Old Faithful Inn,An architect's childhood fantasy treehouse made real.
https://www.atlasobscura.com/places/maine-avenue-fish-market,38.880963,-77.028331,Maine Avenue Fish Market,The oldest continuously operating fish market in the United States.
https://www.atlasobscura.com/places/nuttallburg,38.053904,-81.041515,Nuttallburg,Hikers can still stroll beneath the long conveyer of this abandoned mining facility hidden in a West Virginia river gorge.
https://www.atlasobscura.com/places/steinert-hall,42.352274,-71.06682,Steinert Hall,The former locus of Boston's high culture has been shuttered and buried for over 70 years.
https://www.atlasobscura.com/places/wigwam-motel-6,34.902712,-110.168849,The Wigwam Village #6,A motel dedicated to Southwestern nostalgia.
https://www.atlasobscura.com/places/elandan-gardens,47.526743,-122.688587,Elandan Gardens,Bonsai trees that are up to a thousand years old.
https://www.atlasobscura.com/places/zion-mount-carmel-tunnel,37.211305,-112.958228,,
https://www.atlasobscura.com/places/exotic-feline-rescue-center-2,39.395387,-87.069048,,
https://www.atlasobscura.com/places/delaware-water-gap-national-recreation-area,41.077182,-75.026362,,
https://www.atlasobscura.com/places/swannanoa-palace,38.028106,-78.868932,,
https://www.atlasobscura.com/places/russian-and-turkish-baths-cafe,40.728145,-73.983623,,
https://www.atlasobscura.com/places/ladew-topiary-gardens,39.580604,-76.513317,,
https://www.atlasobscura.com/places/st-ignace-mystery-spot,45.875804,-84.808028,,
https://www.atlasobscura.com/places/oz-museum,39.202698,-96.305312,,
https://www.atlasobscura.com/places/no-name-lake,44.081449,-121.686442,No Name Lake,"Unknown to many, this sparkling turquoise lake hides amid Oregon's snowcapped mountains."
https://www.atlasobscura.com/places/oz-museum,39.202698,-96.305312,Oz Museum,A wonderful collection of all things Oz is nestled in the heart of Kansas.
https://www.atlasobscura.com/places/moqui-cave,37.121149,-112.563962,Moqui Cave,"This ancient cave is home to a museum, bar, and is filled with fluorescent minerals."
https://www.atlasobscura.com/places/the-1886-crescent-hotel-and-spa-eureka-springs-arkansas,36.408478,-93.737441,The 1886 Crescent Hotel and Spa,This haunted hotel built on natural springs once served as a hospital for a quack doctor promising a cure for cancer.
https://www.atlasobscura.com/places/mechanical-riverfront-kingdom,33.813085,-84.30314,Mechanical Riverfront Kingdom on Druid Hill,An unusual art exhibition in a suburban yard is designed to awaken the souls of those flowing by.
https://www.atlasobscura.com/places/valley-view-hot-springs,38.191913,-105.815365,Valley View Hot Springs,"Community owned and operated, this property is home to a diverse set of nudists."
https://www.atlasobscura.com/places/batterysteele-peaksisland,43.657649,-70.182805,Battery Steele,Explore the dark underground corridors of this graffiti-covered former military fortification.
https://www.atlasobscura.com/places/museum-jurassic-technology,34.025686,-118.395349,The Museum of Jurassic Technology,A modern day curiosity cabinet.
https://www.atlasobscura.com/places/vegan-strip-club,45.542882,-122.721327,,
https://www.atlasobscura.com/places/american-prohibition-museum,32.080559,-81.094624,,
https://www.atlasobscura.com/places/fort-matanzas-national-monument,29.717445,-81.230936,,
https://www.atlasobscura.com/places/skinny-house,42.366865,-71.056211,,
https://www.atlasobscura.com/places/chinatown-s-bloody-angle,40.714427,-73.998102,,
https://www.atlasobscura.com/places/bancroft-castle,42.608537,-71.559767,,
https://www.atlasobscura.com/places/congressional-fallout-shelter-at-the-greenbrier-resort,37.786116,-80.307526,,
https://www.atlasobscura.com/places/spoonbridge-and-cherry,44.970331,-93.289055,,
https://www.atlasobscura.com/places/sleeping-bear-dunes-national-lakeshore,44.882514,-86.041103,Sleeping Bear Dunes National Lakeshore,This national park on the shore of Lake Michigan features remarkable dunes that lie at the heart of a Chippewa legend.
https://www.atlasobscura.com/places/congressional-fallout-shelter-at-the-greenbrier-resort,37.786116,-80.307526,Congressional Fallout Shelter at the Greenbrier Resort,America's post-nuclear-attack chambers of Congress.
https://www.atlasobscura.com/places/lost-city-museum,36.5315,-114.440894,Lost City Museum,Preserving the remains of Native American cultures which otherwise would have been submerged behind Hoover Dam.
https://www.atlasobscura.com/places/mount-mitchell,35.764979,-82.265063,Mount Mitchell,"The highest point in North Carolina and the United States east of the Mississippi River, Mount Mitchell is named after argumentative explorer Elisha Mitchell."
https://www.atlasobscura.com/places/jack-rabbit-trading-post,34.968185,-110.430483,Jack Rabbit Trading Post,This Route 66 classic sports a giant fiberglass rabbit that you can ride.
https://www.atlasobscura.com/places/tree-climbing-planet,45.310257,-122.626123,Tree Climbing Planet,This Oregon farm is dedicated to teaching people the professional art of tree climbing.
https://www.atlasobscura.com/places/hells-backbone-scenic-road,37.970024,-111.598866,Hell's Backbone Scenic Road,"Despite its name, this route in southern Utah offers a heavenly day trip."
https://www.atlasobscura.com/places/annie-lytle-elementary-school,30.318805,-81.680021,Abandoned Annie Lytle Elementary School,Jacksonville's highways rendered this century-old grammar school unusable.
https://www.atlasobscura.com/places/poster-house-museum,40.743498,-73.99343,,
https://www.atlasobscura.com/places/six-mile-creek,42.437702,-76.497809,,
https://www.atlasobscura.com/places/the-wreck-of-the-king-philip-san-francisco-california,37.759375,-122.510806,,
https://www.atlasobscura.com/places/cator-woolford-gardens,33.769995,-84.327222,,
https://www.atlasobscura.com/places/ars-obscura,47.586836,-122.305112,,
https://www.atlasobscura.com/places/cafe-turko,47.649503,-122.348083,,
https://www.atlasobscura.com/places/institute-mentalphysics,34.134889,-116.360829,,
https://www.atlasobscura.com/places/porter-creek-bridge-ruins,41.48764,-81.936488,,
https://www.atlasobscura.com/places/cafe-turko,47.649503,-122.348083,Piece of the Berlin Wall at Cafe Turko,A nondescript Seattle restaurant inherited a piece of European history.
https://www.atlasobscura.com/places/confusion-hill,39.960906,-123.785243,Confusion Hill,An optical illusion found amid a logged redwood forest.
https://www.atlasobscura.com/places/diamondback-bridge,32.22116,-110.96128,Rattlesnake Bridge,In Tucson a giant metal snake helps pedestrians cross a busy highway.
https://www.atlasobscura.com/places/the-baked-potato-jazz-club,34.136633,-118.363124,The Baked Potato Jazz Club,"From sax to spuds, get 'em all at this landmark music establishment."
https://www.atlasobscura.com/places/hana-lava-tube,20.787508,-156.027526,Hana Lava Tube,A tunnel of hardened lava along Maui’s famous Road to Hana.
https://www.atlasobscura.com/places/house-of-broel,29.933601,-90.080875,House of Broel,An impressive collection of dollhouses and an homage to the frog-leg canning industry.
https://www.atlasobscura.com/places/natural-bridge-state-park,42.706589,-73.090472,Natural Bridge State Park,Naturally formed white marble arch housed in an abandoned marble quarry from the 1800s.
https://www.atlasobscura.com/places/brushy-mountain-state-penitentiary,36.104517,-84.448653,Brushy Mountain State Penitentiary,"This former maximum-security prison is creepy, sobering, and supposedly haunted."
https://www.atlasobscura.com/places/gnome-road,40.806656,-105.593682,,
https://www.atlasobscura.com/places/chloride-ghost-town,35.413959,-114.198592,,
https://www.atlasobscura.com/places/hood-milk-bottle,42.351653,-71.050169,,
https://www.atlasobscura.com/places/hidden-sculpture-garden-hollywood,34.11395,-118.323593,,
https://www.atlasobscura.com/places/mission-san-jose,29.361394,-98.478347,,
https://www.atlasobscura.com/places/elsewhere-artist-collaborative,36.065669,-79.791063,,
https://www.atlasobscura.com/places/mauna-kea,19.824444,-155.473333,,
https://www.atlasobscura.com/places/the-unmarked-grave-of-hh-holmes-yeadon-pennsylvania,39.927616,-75.257411,,
https://www.atlasobscura.com/places/the-daily-news-building-globe-new-york-new-york,40.749886,-73.97322,The Daily News Building Globe,Spinning silently in the lobby of an Art Deco masterwork is a massive vintage model of the Earth.
https://www.atlasobscura.com/places/doumar-s-barbecue,36.866164,-76.284848,Doumar's Barbecue,This old-fashioned carhop restaurant gave the world the waffle cone.
https://www.atlasobscura.com/places/mantle-rock,37.355831,-88.427238,Mantle Rock,An enormous natural sandstone bridge in Kentucky.
https://www.atlasobscura.com/places/scarecrow-video,47.665942,-122.317064,Scarecrow Video,"Browse through roughly 130,000 titles in the world's largest independent video rental store."
https://www.atlasobscura.com/places/cass-scenic-railroad,38.396667,-79.914722,Cass Scenic Railroad,Take a steam-powered ride straight out of the past on this Appalachian rail line.
https://www.atlasobscura.com/places/montgomery-bell-tunnel,36.146986,-87.123464,Montgomery Bell Tunnel,The first full-scale tunnel built in America is short but scenic.
https://www.atlasobscura.com/places/enchanted-forest-candelabra-redwoods,39.835498,-123.843641,Enchanted Forest,"A grove of ""candelabra redwoods"" deep in California's Lost Coast."
https://www.atlasobscura.com/places/stabler-leadbeater-apothecary-museum,38.804207,-77.042723,Stabler-Leadbeater Apothecary Museum,An original apothecary from 1792.
https://www.atlasobscura.com/places/site-of-the-woolworth-lunch-counter-sitin,36.071742,-79.790685,,
https://www.atlasobscura.com/places/gillettes-castle,41.422983,-72.428414,,
https://www.atlasobscura.com/places/elmer-longs-bottle-tree-ranch,34.690309,-117.339423,,
https://www.atlasobscura.com/places/evergreen-memorial-park-crematory,34.041953,-118.20124,,
https://www.atlasobscura.com/places/rubulad,40.704603,-73.9273,,
https://www.atlasobscura.com/places/northern-state-hospital-farm,48.533421,-122.193002,,
https://www.atlasobscura.com/places/fremont-bridge,47.647627,-122.349766,,
https://www.atlasobscura.com/places/connections-museum,47.540853,-122.323181,,
https://www.atlasobscura.com/places/connections-museum,47.540853,-122.323181,Connections Museum,This Seattle museum displays the history of the telephone through an impressive collection of telecom equipment.
https://www.atlasobscura.com/places/the-747-experience,33.656209,-84.422303,The 747 Experience,One-of-a-kind museum inside the first Boeing 747-400 ever made.
https://www.atlasobscura.com/places/duke-lemur-center,35.999341,-78.96398,Duke Lemur Center,This research center for rare prosimians is studying how they sleep to help prolong human life.
https://www.atlasobscura.com/places/ruins-of-the-mcmillan-sand-filtration-site,38.924627,-77.010593,Ruins of the McMillan Sand Filtration Site at Reservoir Park,An Industrial Revolution-era public work that purified water using nothing but sand.
https://www.atlasobscura.com/places/mother-vine-oldest-north-america-wine,35.92503,-75.668381,The Mother Vine,"Perhaps the oldest vine in North America, this sprawling plant helps make a sweet wine."
https://www.atlasobscura.com/places/sutro-egyptian-collection-skb,37.722749,-122.480071,The Sutro Egyptian Collection,"Tenacious mummies survived dental problems, eternal entombment, and more than their fair share of devastating fires."
https://www.atlasobscura.com/places/mars-cheese-castle,42.615017,-87.952811,Mars Cheese Castle,Wisconsin's most celebrated export gets the royal treatment on I-94.
https://www.atlasobscura.com/places/the-mantis,36.16802,-115.138277,'The Mantis',Las Vegas's very own 40-foot-tall fire-spewing praying mantis.
https://www.atlasobscura.com/places/columcille-megalith-park,40.926918,-75.202266,,
https://www.atlasobscura.com/places/roanoke-pinball-museum,37.271471,-79.939477,,
https://www.atlasobscura.com/places/elkhorn-ghost-town,46.274788,-111.946213,,
https://www.atlasobscura.com/places/the-jungle-room-at-graceland-memphis-tennessee,35.045953,-90.022954,,
https://www.atlasobscura.com/places/letchworth-village-2,41.212429,-74.023462,,
https://www.atlasobscura.com/places/the-monroe-moosnick-medical-and-science-museum-lexington-kentucky,38.052722,-84.494032,,
https://www.atlasobscura.com/places/worlds-largest-rubber-stamp,41.505438,-81.692456,,
https://www.atlasobscura.com/places/hot-wells-hotel-and-spa,29.36496,-98.470189,,
https://www.atlasobscura.com/places/dinosaur-tracks-at-government-canyon,29.582425,-98.765633,Dinosaur Tracks at Government Canyon,"Over 100 million years ago, beach-bound dinosaurs left permanent marks on San Antonio's landscape."
https://www.atlasobscura.com/places/mitchell-domes,43.025764,-87.947436,Mitchell Park Domes,A unique botanical garden housed in three giant geodesic domes.
https://www.atlasobscura.com/places/atlanta-rainbow-crosswalks,33.781662,-84.380302,Atlanta Rainbow Crosswalks,A colorful square marks the heart of the city's LGBTQ community.
https://www.atlasobscura.com/places/the-wedding-cake-house-kennebunk-maine,43.381446,-70.517195,The Wedding Cake House,The most photographed house in Maine looks good enough to eat.
https://www.atlasobscura.com/places/echo-amphitheatre,36.358923,-106.522975,Echo Amphitheater,Natural sonic phenomenon comes with a grisly legend of murder and blood.
https://www.atlasobscura.com/places/the-junk-castle-pullman-washington,46.757733,-117.232127,The Junk Castle,"A home made entirely from scrapped, reclaimed and recycled material in Whitman County, Washington."
https://www.atlasobscura.com/places/bancroft-tower,42.275507,-71.817335,Bancroft Tower,This miniature feudal castle was built on a whim to honor a US Navy pioneer.
https://www.atlasobscura.com/places/johnson-s-shut-ins,37.54451,-90.84649,Johnson's Shut-Ins,Erosion and time have created a naturally-formed water park.
https://www.atlasobscura.com/places/rotary-jail-museum,40.04278,-86.901456,,
https://www.atlasobscura.com/places/shane-confectionery,39.949547,-75.142704,,
https://www.atlasobscura.com/places/pasaquan,32.346287,-84.581438,,
https://www.atlasobscura.com/places/the-houdini-estate,34.114295,-118.37353,,
https://www.atlasobscura.com/places/el-bordello-alexandra,33.988728,-118.474287,,
https://www.atlasobscura.com/places/tio-s-tacos,33.984319,-117.376808,,
https://www.atlasobscura.com/places/ringing-rocks-of-montana,45.9433,-112.2375,,
https://www.atlasobscura.com/places/zzyzx-mineral-springs-and-healing-center,35.143056,-116.104167,,
https://www.atlasobscura.com/places/udrop-inn,35.22671,-100.248604,U-Drop Inn,"Once in disrepair, this popular Texas stop along iconic Route 66 has been restored to its past glory."
https://www.atlasobscura.com/places/crugerdepeyster-sugar-mill-ruins,29.009196,-80.940641,Cruger-dePeyster Sugar Mill Ruins,"Despite being made of a seashell mortar, the crumbling remains of this historic Florida mill are still standing."
https://www.atlasobscura.com/places/gates-hell,37.43292,-122.170213,Gates of Hell Sculpture,"Rodin's famous depiction of Dante's 'Inferno', amidst a sculpture garden of many of his other works."
https://www.atlasobscura.com/places/54-columns,33.76155,-84.367513,54 Columns,"Atlanta's strange assortment of concrete pillars inspires reflection in some, confusion in others."
https://www.atlasobscura.com/places/gay-city-state-park,41.722508,-72.436209,Gay City State Park,The ruins of an abandoned 18th-century town that is slowly being reclaimed by the forest.
https://www.atlasobscura.com/places/wehrum,40.470833,-78.949722,Wehrum,The ruined remains of a coal mining ghost town are hidden within the woods.
https://www.atlasobscura.com/places/cafe-lafitte-in-exile,29.960386,-90.064236,Café Lafitte in Exile,One of the oldest continuously-operated gay bars in the United States is allegedly haunted by Truman Capote and Tennessee Williams.
https://www.atlasobscura.com/places/ruins-of-the-cornish-estate,41.437714,-73.970001,Ruins of the Cornish Estate,"A ruined mansion hidden in the woods of the Hudson Valley, home of a tragically doomed romance."
https://www.atlasobscura.com/places/labyrinth-at-audubon-park,29.92205,-90.128383,,
https://www.atlasobscura.com/places/crypt-civilization,33.875119,-84.331913,,
https://www.atlasobscura.com/places/rose-island,38.449753,-85.645563,,
https://www.atlasobscura.com/places/irish-hunger-memorial,40.714461,-74.015496,,
https://www.atlasobscura.com/places/cheaha-mountain,33.485664,-85.80913,,
https://www.atlasobscura.com/places/barboursville,38.162462,-78.280679,,
https://www.atlasobscura.com/places/road-island-diner,40.716147,-111.299829,,
https://www.atlasobscura.com/places/porter-sculpture-park-2,43.662853,-97.180377,,
https://www.atlasobscura.com/places/li-po-cocktail-lounge,37.795424,-122.406434,Li Po Cocktail Lounge,One of the last remnants of the city's Chinese nightclub scene is now a dive bar selling killer mai tais.
https://www.atlasobscura.com/places/musical-parking-garage,35.227808,-80.837812,Musical Parking Garage,This nine-story building can be played like an instrument.
https://www.atlasobscura.com/places/gungywamp,41.383475,-72.060804,Gungywamp,The kind of mixed-up place that drives archaeologists crazy.
https://www.atlasobscura.com/places/center-for-lost-objects,44.928015,-93.126705,Center for Lost Objects,"An unusual assortment of art, furniture, and other curiosities."
https://www.atlasobscura.com/places/catoosa-whale,36.193873,-95.732933,Blue Whale of Catoosa,Nature's biggest mammal swims in landlocked Oklahoma.
https://www.atlasobscura.com/places/hp-lovecraft-house,41.828556,-71.405196,H.P. Lovecraft House,"Last residence of H.P. Lovecraft featured in his story ""The Haunter of the Dark."""
https://www.atlasobscura.com/places/elfin-forest,33.073793,-117.16385,Elfin Forest,"This dark, quiet forest on the outskirts of San Diego is dense with rumor and lore."
https://www.atlasobscura.com/places/dungeon-under-the-stairs-of-the-oldest-wooden-schoolhouse-in-the-us,29.897333,-81.313578,Dungeon Under the Stairs at the Oldest Wooden Schoolhouse,It's a pretty creepy lock-up.
https://www.atlasobscura.com/places/preston-castle,38.361111,-120.935833,,
https://www.atlasobscura.com/places/austin-dam,41.653056,-78.085556,,
https://www.atlasobscura.com/places/world-famous-crochet-museum,34.134911,-116.313784,,
https://www.atlasobscura.com/places/lemp-mansion,38.593217,-90.215784,,
https://www.atlasobscura.com/places/grant-s-tomb,40.813395,-73.963094,,
https://www.atlasobscura.com/places/world-famous-giant-shoe-museum,47.608386,-122.341403,,
https://www.atlasobscura.com/places/freedlyville-quarry,43.287263,-73.016818,,
https://www.atlasobscura.com/places/ministry-of-brewing,39.290667,-76.590388,,
https://www.atlasobscura.com/places/grave-of-walter-white,35.160571,-106.637669,Grave of Walter White,"The fictional star of ""Breaking Bad"" is memorialized with a real-life gravestone in his hometown."
https://www.atlasobscura.com/places/kilroy-was-here,38.889519,-77.040973,Kilroy Was Here,There’s a hidden military meme engraved on the World War II Memorial.
https://www.atlasobscura.com/places/mammoth-site,43.424803,-103.48327,Mammoth Site,"This prehistoric sinkhole lured exclusively male mammoths to their death, much to the delight of science."
https://www.atlasobscura.com/places/twin-rocks,45.597421,-123.959697,Twin Rocks,Two massive rock outcroppings on the Oregon coastline.
https://www.atlasobscura.com/places/basilica-of-saint-lawrence-asheville,35.59737,-82.556329,"Basilica of Saint Lawrence, Asheville","This rare basilica nestled right in downtown Asheville is an architectural marvel, inside and out."
https://www.atlasobscura.com/places/abita-mystery-house,30.477409,-90.036269,Abita Mystery House,"A museum of unusual collections, mini-towns, and a half-dog, half-alligator."
https://www.atlasobscura.com/places/gandinis-circus,35.6591,-97.497905,Gandini's Circus,Tucked away on an empty wooded lot in suburban Oklahoma City lie the remnants of an abandoned circus camp.
https://www.atlasobscura.com/places/urbano-sundial,37.72467,-122.468742,Urbano Sundial,A promotional sun clock on the site of San Francisco's great raceway.
https://www.atlasobscura.com/places/book-barn,41.321835,-72.208238,,
https://www.atlasobscura.com/places/presidio-pet-cemetery,37.80258,-122.467093,,
https://www.atlasobscura.com/places/copps-hill-burying-ground,42.366986,-71.056102,,
https://www.atlasobscura.com/places/webb-gallery,32.385325,-96.848969,,
https://www.atlasobscura.com/places/jack-kerouac-house,28.564592,-81.391666,,
https://www.atlasobscura.com/places/millennium-biltmore-hotel,34.049813,-118.253938,,
https://www.atlasobscura.com/places/the-kansas-underground-salt-museum-hutchinson-kansas,38.043462,-97.867657,,
https://www.atlasobscura.com/places/metolius-balancing-rocks,44.581084,-121.412337,,
https://www.atlasobscura.com/places/hoovermason-trestle,40.61404,-75.367591,Hoover-Mason Trestle,The internal railway of one of the biggest steel plants in America has been transformed into a linear park with unique industrial views.
https://www.atlasobscura.com/places/tree-owns-itself,33.955131,-83.382335,The Tree That Owns Itself,A white oak with property rights.
https://www.atlasobscura.com/places/route-66-end-trail,34.009372,-118.497336,Route 66 End of the Trail Sign,A sign at the end of the Santa Monica Pier marks the traditional end of the legendary American highway.
https://www.atlasobscura.com/places/24-hour-sprinkles,34.069591,-118.406071,24-Hour-Sprinkles,Ingenious bakery opens up the first Cupcake ATM at their flagship location in Beverly Hills.
https://www.atlasobscura.com/places/jones-bar-b-q-diner,34.768433,-90.765041,Jones Bar-B-Q Diner,One of the most acclaimed eateries in Arkansas is a two-table diner on the ground floor of a family home.
https://www.atlasobscura.com/places/kentuckys-stonehenge,37.277179,-85.899836,Kentucky's Stonehenge,"A local scoured more than 1,000 acres for stone to create his masterpiece."
https://www.atlasobscura.com/places/berlin-wall-urinal,36.17432,-115.14526,Berlin Wall Urinal,A piece of the iconic wall found an unlikely new home in a Vegas bathroom.
https://www.atlasobscura.com/places/mysterious-witch-bonney,42.628536,-71.292657,The Mysterious Witch Bonney,"The Mysterious Witch Bonney, a haunted statue in an old industrial city."
https://www.atlasobscura.com/places/mystic-falls-park,36.112808,-115.062289,,
https://www.atlasobscura.com/places/birdcage-theatre,31.711799,-110.06534,,
https://www.atlasobscura.com/places/home-of-truth,38.060773,-109.384104,,
https://www.atlasobscura.com/places/salt-river-wild-horses,33.561691,-111.535884,,
https://www.atlasobscura.com/places/etowah-indian-mounds,34.125131,-84.807664,,
https://www.atlasobscura.com/places/parowan-gap-petroglyphs,37.901085,-112.959393,,
https://www.atlasobscura.com/places/turtle-playground,38.631469,-90.292414,,
https://www.atlasobscura.com/places/leavenworths-bavarian-village,47.579846,-120.658123,,
https://www.atlasobscura.com/places/leavenworths-bavarian-village,47.579846,-120.658123,Leavenworth's Bavarian Village,One small town in the Pacific Northwest transformed itself into a Bavarian-themed tourist destination.
https://www.atlasobscura.com/places/world-s-tallest-filing-cabinet,44.455741,-73.216918,Tallest Filing Cabinet on Earth,"This 38-drawer structure claims the superlative title, but it isn't the world's only giant filing cabinet."
https://www.atlasobscura.com/places/tinglewood-carvings,33.097782,-86.856539,Tinglewood Carvings,Orr Park's dead trees have been carved into a menagerie of whimsical visages.
https://www.atlasobscura.com/places/manitou-springs-penny-arcade,38.858937,-104.917965,Manitou Springs Penny Arcade,"While most of the games in this arcade take quarters, that would have been a small fortune when they were made."
https://www.atlasobscura.com/places/dinosaur-state-park,41.651179,-72.658514,Dinosaur State Park,The ancient past meets the retro-future at these dinosaur tracks that are protected by a geodesic dome.
https://www.atlasobscura.com/places/lily-e-gray-victim-of-the-beast-666-gravestone,40.777326,-111.854068,Victim of the Beast Gravestone,"Here lies Lilly E. Gray, an alleged ""victim of the beast,"" but the reason long remained a mystery."
https://www.atlasobscura.com/places/poinsett-bridge,35.131505,-82.395914,Poinsett Bridge,The oldest bridge in South Carolina may have been designed by the same man who created the Washington Monument.
https://www.atlasobscura.com/places/vortex-spring,30.770359,-85.948964,Vortex Spring,A humid oasis combines recreation with exploration in a unique underwater cavern.
https://www.atlasobscura.com/places/wolfsonian-florida,25.780982,-80.132401,,
https://www.atlasobscura.com/places/united-record-pressing,36.143083,-86.769878,,
https://www.atlasobscura.com/places/museum-of-ancient-life,40.424255,-111.886149,,
https://www.atlasobscura.com/places/hindenburg-crash-site,40.031713,-74.322354,,
https://www.atlasobscura.com/places/mount-hood,45.373575,-121.695966,,
https://www.atlasobscura.com/places/nancy-forresters-secret-garden-2,24.556788,-81.800128,,
https://www.atlasobscura.com/places/wupatki-spirit-totem,35.550697,-111.536465,,
https://www.atlasobscura.com/places/dungeon-rock,42.475051,-70.986113,,
https://www.atlasobscura.com/places/englewood-post-office,41.779468,-87.640433,Englewood Post Office,This modest post office sits on the site of H.H. Holmes' famous murder castle.
https://www.atlasobscura.com/places/luna-parc,41.251192,-74.786751,Luna Parc,Whimsical artist house in the New Jersey woods.
https://www.atlasobscura.com/places/safe-house,43.040446,-87.910062,SafeHouse,A place to eat for on-the-run agents and espionage enthusiasts.
https://www.atlasobscura.com/places/the-day-the-music-died-memorial-clear-lake-iowa,43.223822,-93.375133,The Day The Music Died Memorial,A giant pair of thick black glasses mark the tragic demise of a trio of rock and roll legends.
https://www.atlasobscura.com/places/akaka-falls,19.853052,-155.156477,'Akaka Falls,These picturesque Hawaiian falls are home to a rare species of fish that uses a special sucker to climb up cliffs.
https://www.atlasobscura.com/places/st-peter-s-spiritual-temple,35.020531,-90.117908,St. Peter’s Spiritual Temple (Voodoo Village),A reclusive Memphis neighborhood is home to decades worth of misunderstood Masonic folk art.
https://www.atlasobscura.com/places/edward-gorey-house,41.7054,-70.2422,The Edward Gorey House,"Eclectic collections, artwork, and some feline friends fill the writer's former home."
https://www.atlasobscura.com/places/loretto-chapel,35.685771,-105.937675,Loretto Chapel,Wedding chapel's mysterious spiral staircase said to be miraculously constructed.
https://www.atlasobscura.com/places/underground-railroad-experience-trail,39.128441,-77.026139,,
https://www.atlasobscura.com/places/trona-pinnacles,35.676431,-117.379882,,
https://www.atlasobscura.com/places/ouray-alchemist,38.022228,-107.671424,,
https://www.atlasobscura.com/places/the-shady-dell-bisbee-arizona,31.429792,-109.89193,,
https://www.atlasobscura.com/places/inside-the-capitol-dome,38.889795,-77.00896,,
https://www.atlasobscura.com/places/bellows-falls-petroglyphs,43.135278,-72.440278,,
https://www.atlasobscura.com/places/penndot-road-sign-sculpture-garden,41.620861,-80.167035,,
https://www.atlasobscura.com/places/pabst-mansion,43.039222,-87.937987,,
https://www.atlasobscura.com/places/no-scum-allowed-saloon,33.750017,-105.736396,No Scum Allowed Saloon,"In a largely deserted ghost town, a little brick building recalls its history as a gold rush hub and haven for outlaws."
https://www.atlasobscura.com/places/starr-kempf-s-kinetic-sculptures,38.789263,-104.86351,Starr Kempf's Kinetic Sculptures,The moving metal works of one troubled artist can still be viewed on his front lawn... for now.
https://www.atlasobscura.com/places/mount-pleasant-cemetery-seattle,47.643292,-122.366077,Mount Pleasant Cemetery,This graveyard contains markers and monuments dedicated to some of the darkest chapters in Washington's history.
https://www.atlasobscura.com/places/rubel-castle,34.150127,-117.854375,Rubel Castle,"The most unique castle in all of Southern California, entirely constructed from repurposed materials."
https://www.atlasobscura.com/places/ota-tofu-oldest-tofu-shop-united-states,45.519113,-122.65729,Ota Tofu,The oldest tofu shop in the United States is a firm favorite with locals.
https://www.atlasobscura.com/places/american-museum-of-western-art,39.744742,-104.988094,American Museum of Western Art,The huge collection of paintings of the American West is one of Denver's best-kept secrets.
https://www.atlasobscura.com/places/kasha-katuwe-tent-rocks-national-monument,35.656735,-106.41112,Kasha-Katuwe Tent Rocks National Monument,A unique geological area spiked with wind-carved rocks that resemble teepees.
https://www.atlasobscura.com/places/koontz-coffee-pot,40.022899,-78.517347,Koontz Coffee Pot,This titanic java kettle is one of the many kitschy landmarks located along America's OTHER famous highway.
https://www.atlasobscura.com/places/pix-o-matic,45.523123,-122.642843,,
https://www.atlasobscura.com/places/truth-or-consequences,33.128405,-107.252807,,
https://www.atlasobscura.com/places/pine-creek-gorge,41.696304,-77.454679,,
https://www.atlasobscura.com/places/jack-daniel-s-distillery-tour,35.285283,-86.368344,,
https://www.atlasobscura.com/places/kings-chapel-crypt,42.358063,-71.060014,,
https://www.atlasobscura.com/places/early-television-museum,40.034508,-83.161607,,
https://www.atlasobscura.com/places/truckhenge,39.079444,-95.601629,,
https://www.atlasobscura.com/places/the-national-museum-of-toys-and-miniatures-2-kansas-city-missouri,39.03115,-94.581928,,
