,itemLabel,lat,lon,address,url,thingLabel,description,fetched_coordinates,tier,color
0,Hauptkirche St. Michaelis ,53.548333,9.978889, ,http://www.st-michaelis.de/ ,See,"The youngest and most famous of the five is also the only baroque church. This building is not the original St. Michaelis - that one (built 1647-1669) was destroyed by a lightning strike in 1750. It was not until 1786 that the present church was erected on the site. From the tower (450 steps, or take the elevator) you'll have a great view over the city. Entry to the church is free, but the tower and the crypt cost extra (around €5/person).","(53.548333, 9.978889)",wikivoyage,red
1,Hauptkirche St. Jacobi ,53.550278,10.000556,Jakobikirkhof , ,See,"St. Jacobi has been a parish since the 12th century, when it was not even within Hamburg's then city walls. The present-day church is a reconstruction of the late medieval one from the 15th century, which was destroyed during the Second World War. The reconstruction afforded St. Jacobi with a visibly modern roof and steeple.","(53.550278, 10.000556)",wikivoyage,red
2,Hauptkirche St. Petri ,53.550278,9.996389,Bergstraße , ,See,"St. Petri was a cathedral as early as the 12th century or possibly even earlier. As with other ''Hauptkirchen'', the present version is one of many successive, and was only completed in 1878 after the great fire in 1842 consumed its predecessor. In turn, however, St. Petri survived the Second World War relatively intact. Of note are the large ornate door handles in the shape of lion heads, which have survived both the fire and the war, and the bells, several of which date back to the 16th century. The tower can be climbed for a fee and offers a great view of Hamburg, but the climb is long and not recommended for people suffering from high anxiety.","(53.550278, 9.996389)",wikivoyage,red
3,Hauptkirche St. Nikolai ,53.5475,9.990556, , ,See,"All five main churches of Hamburg were damaged in World War II. But in contrast to the other four, St. Nikolai has not been re-erected making it a memorial against war. The steeple is still standing and visitors can take an elevator to the top for a view of the city","(53.5475, 9.990556)",wikivoyage,red
4,Hauptkirche St. Katharinen ,53.546,9.994375, , ,See,"Situated on an island, it traditionally served as the church of the seamen. The base of its spire, dating from the 13th century, is the second oldest building preserved in the city. The church is also famous for its centuries-old organ, played by Bach when he was visiting the city. The instrument was actually destroyed to a large extent by the wartime bombings, but has been meticulously rebuilt and is playable again.","(53.546, 9.994375)",wikivoyage,red
0,Hulbe-Haus ,53.5505,9.99752, , ,See,"Dating from the beginning of the 20th century as most buildings around, but looking much older.","(53.5505, 9.99752)",wikivoyage,red
1,Radio Hamburg ,53.5522,10.0027, , ,See,"Under the building you can visit the remains of the bishops tower, from the 11th century. On the other side of the road, you can see excavations in progress, seeking the remains of the small fortress Hammaburg, which was erected in the 9th century giving Hamburg its name.","(53.5522, 10.0027)",wikivoyage,red
0,Rathaus ,53.55049,9.99245,Rathausmarkt 1 , ,See,"Hamburg's impressive city hall was built in 1897 out of sandstone in neo-Renaissance style, including a 112-m tower. The square in front of the city hall is the Rathausmarkt, hosting many events especially in summer. Inside there are several magnificent halls used for representative purposes and sittings of government and parliament. These can be visited in guided tours (M-Th 10:00-15:15, F-Su 10:00-13:15, half-hourly in German, hourly in English and French.","(53.55049, 9.99245)",wikivoyage,red
1,Hamburger Börse ,53.54996,9.99156, , ,See,"Between the buildings, there is a little courtyard called Rathaushof with its fountain, Hygieia-Brunnen.","(53.54996, 9.99156)",wikivoyage,red
0,Wall-Anlagen ,53.5571,9.981, , ,See,"The western part of the former city wall is nowadays a park area surrounding the inner city as a semicircle, ranging from the Landungsbrücken (Helgoländer Allee) up to Binnenalster. In the Wallanlagen there's a big playground and in the winter an ice rink. There also the impressive Hanseatic Courthouse building.","(53.5571, 9.981)",wikivoyage,red
1,Patriotische Gesellschaft ,53.54853,9.99229, , ,See,"The building of the Patriotic Society was erected following the great fire of 1842 on the former site of the old town hall of Hamburg. Built using the most modern technology at that time, including concrete substructure, and featuring modern techology such as flush toilets, it was nevertheless kept in a style that was an interpretation of the surrounding medieval architectural heritage. Of note inside is the large hanging clock by Aloys Denoth.","(53.54853, 9.99229)",wikivoyage,red
2,Trostbrücke ,53.54815,9.99225, , ,See,It has statues of Graf Adolf III and Bishop Ansgar on both sides.,"(53.54815, 9.99225)",wikivoyage,red
3,Zollenbrücke ,53.54772,9.99362, , ,See,Hamburg's oldest remaining bridge from the 17th century,"(53.54772, 9.99362)",wikivoyage,red
0,Chilehaus ,53.5483,10.003, , ,See,"The house, depicting the form of a ship, is probably the best example of the 1920s style of ""Kontorhaus"" architecture. Large office buildings are displayed in the typical, northern red brick style.","(53.5483, 10.003)",wikivoyage,red
1,Hopfenmarkt ,53.54763,9.98951, , ,See,The hop market with its fountain Vierländerinbrunnen,"(53.54763, 9.98951)",wikivoyage,red
2,Alte Deichstraße ,53.5457,9.9871, , ,See,Ensemble of traditional half-timbered merchant houses.,"(53.5457, 9.9871)",wikivoyage,red
0,Nicolai Fleet ,53.54512,9.98758, , ,See,This is the site where Hamburg's harbour was some centuries ago.,"(53.54512, 9.98758)",wikivoyage,red
1,Kleiner Michel ,53.5491193,9.9830436, ,http://www.kleiner-michel.de/ ,See,"Built after the reformation, it's functioned as a Catholic church since the 19th century.","(53.5491193, 9.9830436)",wikivoyage,red
0,The Hamburg Dungeon ,53.543871,9.989404,Kehrwieder 2 ,http://www.the-dungeons.de/hamburg/en/index.htm ,See,"A live-action presentation of the ""darker times"" of Hamburg. It is probably mostly suited for a younger, easily impressed audience. But it might not be suitable for young children.","(53.543871, 9.989404)",wikivoyage,red
1,The Miniatur Wunderland ,53.543846,9.988999,Kehrwieder 2 ,http://www.miniatur-wunderland.de/ ,See,"The world's largest model railway layout. The panoramas include parts of Hamburg, the Alps, the American west, and a Scandinavian exhibit which features automated ships on a body of water. It also has an airport exhibit with automated planes which taxi and fly.","(53.543846, 9.988999)",wikivoyage,red
0,Viewpoint towards the water castle ,53.5460808,10.0021302, , ,See,One of the more famous photo spots in Hamburg on Poggenmühle bridge.,"(53.5460808, 10.0021302)",wikivoyage,red
1,Kaffeemuseum Burg ,0.0,0.0,St Annenufer 2 , ,See,At its heart this is a cafe serving good coffee set up to show aspects of the coffee trade however the point of going there is to see inside one of the famous warehouses of Speicherstadt. It is popular with tourists and deservedly so. The main timbers of the warehouse are massive and plainly built with a view to longevity.,"(0, 0)",wikivoyage,red
0,visitor's centre instead. Normally there are very few people.,53.54143,9.98586, ,http://www.elbphilharmonie.de ,See,"New 'architectural lighthouse' of Hamburg. On the top of a huge old warehouse a 110 metres tall modern philharmonic hall with glass façade and wave-shaped roof. It also includes a fancy hotel, restaurant, as well as private apartments. Access to the observation deck (called ""Plaza"") is free (although you need to get a ticket to prevent overcrowding), and offers a great view of Hamburg. On days of long queues in front of the ticket booth for the Plaza get your ticket at the {{Marker","(53.54143, 9.98586)",wikivoyage,red
1,HafenCity Kesselhaus InfoCenter ,53.54315,9.9904,Am Sandtorkai 30 ,http://www.hafencity.com/en/infocenter/the-hafencity-kesselhaus-infocenter.html ,See,Here you can find information about the new buildings and the whole district. The InfoCenter also provides free guided tours.,"(53.54315, 9.9904)",wikivoyage,red
2,HafenCity View Point ,53.5386,10.0081, ,http://www.hafencity.com/en/infocenter/viewpoint-in-hafencity.html ,See,"Look at the erecting process from an orange observation tower, which allows nice views on the HafenCity, the harbour, and the river.","(53.5386, 10.0081)",wikivoyage,red
3,Magellan-Terrasse ,53.54246,9.99245, , ,See,,"(53.54246, 9.99245)",wikivoyage,red
4,Hanseatic Trade Centre ,53.5423,9.9835,Am Sandtorkai 74-77 (Kehrwiederspitze) , ,See,,"(53.5423, 9.9835)",wikivoyage,red
0,City und Sportboothafen ,53.5433,9.98024, , ,See,Hamburg's city and yacht harbour..,"(53.5433, 9.98024)",wikivoyage,red
1,Feuerschiff LV 13 ,53.54348,9.97877, , ,See,The big red lighthouse ship hosts a restaurant today.,"(53.54348, 9.97877)",wikivoyage,red
2,Überseebrücke ,53.54377,9.97765, , ,See,This is where big cruise liners used to dock when coming to Hamburg.,"(53.54377, 9.97765)",wikivoyage,red
3,Gruner + Jahr ,53.5453982,9.9791636, , ,See,Hyper-modern building of the publishers.,"(53.5453982, 9.9791636)",wikivoyage,red
4,Krameramtswohnungen ,53.54804,9.98039, , ,See,The shopkeeper-office-flats are the last example of a typical 17th-century housing estate.,"(53.54804, 9.98039)",wikivoyage,red
5,Flussschifferkirche ,53.54462,9.98527, ,http://www.flussschifferkirche.de/home.html ,See,Germany's only floating church in Rothenburgsort.,"(53.54462, 9.98527)",wikivoyage,red
6,Alter Botanischer Garten ,53.5593,9.9861, ,http://www.bghamburg.de/ ,See,,"(53.5593, 9.9861)",wikivoyage,red
7,Tropengewächshaus ,53.56,9.9855, ,,See, ,"(53.56, 9.9855)",wikivoyage,red
8,Portugiesenviertel ,53.545889,9.975083, , ,See,Especially during the warmer months the area around Ditmar-Koel-Straße has a very special flair. Lots of restaurants and shops invite one to linger.,"(53.545889, 9.975083)",wikivoyage,red
0,Kunsthalle ,53.5552,10.0031, ,http://www.hamburger-kunsthalle.de/en ,See,"Glockengießerwall north of Hauptbahnhof. The museum houses an important collection of paintings from the 19th century with works from Max Liebermann, Lovis Corinth, Philipp Otto Runge, Caspar David Friedrich, Adolf Menzel, and modern arts. It rises on both sides of a paved court. The Baroque building on one side has the older works. The areas under the courtyard and the other, modern looking building house an extensive collection of very modern art. There are some extremely fine pieces, but the quality is uneven and the curacy curious at times. For instance, in a far back corner with minimal climate control and no observation are four or five gorgeous French Impressionist paintings which are among the finest in the museum.","(53.5552, 10.0031)",wikivoyage,red
1,Deichtorhallen ,53.54724,10.00674, ,http://www.deichtorhallen.de/index.php?id,See,"The Deichtorhallen is one of the best known exhibition galleries worldwide. The historical buildings are divided into an exhibition hall for contemporary art and the ""House of Photography"". Together the two buildings organize a highly diverse program of changing exhibitions.","(53.54724, 10.00674)",wikivoyage,red
0,Hamburg Museum ,53.55107,9.97325, ,http://www.hamburgmuseum.de/index2.html ,See,"Holstenwall, close to Underground station ""St. Pauli"". This is the museum of city history, bringing the past to life with a lot of models showing the development of the harbour and the city. The club ""MEHEV"" is showing a 40-year-old and one of the largest scale model railroads here.","(53.55107, 9.97325)",wikivoyage,red
1,Internationales Maritimes Museum ,53.54341,9.99993,"Koreastraße 1, HafenCity ",https://www.imm-hamburg.de/ ,See,"This private museum in near the Speicherstadt district houses Peter Tamm's collection of model ships, construction plans, uniforms, and maritime art,. It opened in 2008 in the refurbished Kaispeicher B (quay warehouse B), which is the oldest preserved warehouse in Hamburg, having been built in 1879. Covering ten floors it is one of the most comprehensive maritime museums in the world with 1,000 large and 36,000 miniature models, 50,000 construction plans, 5,000 paintings and graphics, more than 2,000 films, 1.5 million photos, 120,000 books and numerous nautical devices, historic uniforms, militaria and maritime objects. About two thirds of the collection is on permanent display.","(53.54341, 9.99993)",wikivoyage,red
2,Speicherstadtmuseum ,53.54311,9.98758, ,http://www.speicherstadtmuseum.de/# ,See,Branch of Museum of Labour in docklands warehouse. History of the district and tea and coffee trade.,"(53.54311, 9.98758)",wikivoyage,red
3,Traditionsschiffhafen ,53.54239,9.99003, , ,See,,"(53.54239, 9.99003)",wikivoyage,red
4,Cap San Diego ,53.5432,9.9763, ,http://www.capsandiego.de/ ,See,"One of the last generation of pre-containerisation cargo ships (built in the 1960s), now semi-permanently moored halfway between Landungsbrücken and the Speicherstadt, and is the largest functional cargo museum ship in the world. The ship has been restored and is maintained in full working order by volunteers (who take it out a few times a year, notably during the Hafengeburtstag celebration). You can visit the ship and walk around most areas, including the crew quarters, cargo compartments, and engine room. The ship also hosts a number of other minor attractions, including an exhibit on emigration and an escape room. The ship also has a few guest rooms for overnight stays.","(53.5432, 9.9763)",wikivoyage,red
5,Automuseum Prototyp ,53.54325,10.00265,Shanghaiallee 7 ,http://www.prototyp-hamburg.de ,See,"Museum of car prototypes, nice shop inside.","(53.54325, 10.00265)",wikivoyage,red
0,Deutsches Zollmuseum ,53.5459,9.99752, ,http://www.zoll.de/DE/Der-Zoll/Zollmuseum/zollmuseum_node.html ,See,,"(53.5459, 9.99752)",wikivoyage,red
1,Bucerius Kunst Forum ,53.55112,9.99166,Rathausmarkt 2 ,http://www.buceriuskunstforum.de/en/ ,See,,"(53.55112, 9.99166)",wikivoyage,red
2,Spicey's Gewürzmuseum ,53.5432,9.9883, ,http://www.spicys.de/ ,See,Located in the Speicherstadt. They claim to be the world's only spice museum.,"(53.5432, 9.9883)",wikivoyage,red
3,Chocoversum Hachez Schokoladen-Museum ,53.5477,10.0022,Meßberg 1 ,http://www.chocoversum.de/en.html ,See,"The Chocoversum is a ""museum"" run by chocolate manufacturer Hachez from Hamburg's fellow ''Hansestadt'' [[Bremen]]. Rather than focus on exhibiting historic artifacts, it presents the process of making chocolate from the plantation up to the finished confection. There is also a studio where visitors can try their hands at being a chocolatier. 90-minute guided tours are provided everyday.","(53.5477, 10.0022)",wikivoyage,red
4,Rickmer Rickmers ,53.54473,9.97247, ,http://www.rickmer-rickmers.de/ ,See,"A museum sailing ship (three-masted bark) from 1896, permanently moored off the Landungsbrücken. On board is a museum, a small restaurant, and an escape room.","(53.54473, 9.97247)",wikivoyage,red
5,Dialog im Dunkeln ,0.0,0.0,Alter Wandrahm 4 ,http://www.dialog-im-dunkeln.de/ ,See,Sighted people get to experience the everyday life of blind people. In completely dark rooms blind people guide the sighted through the exhibition.,"(0, 0)",wikivoyage,red
0,Hauptkirche St. Michaelis ,53.548333,9.978889, ,http://www.st-michaelis.de/ ,See_The five main churches of Hamburg,"The youngest and most famous of the five is also the only baroque church. This building is not the original St. Michaelis - that one (built 1647-1669) was destroyed by a lightning strike in 1750. It was not until 1786 that the present church was erected on the site. From the tower (450 steps, or take the elevator) you'll have a great view over the city. Entry to the church is free, but the tower and the crypt cost extra (around €5/person).","(53.548333, 9.978889)",wikivoyage,red
1,Hauptkirche St. Jacobi ,53.550278,10.000556,Jakobikirkhof , ,See_The five main churches of Hamburg,"St. Jacobi has been a parish since the 12th century, when it was not even within Hamburg's then city walls. The present-day church is a reconstruction of the late medieval one from the 15th century, which was destroyed during the Second World War. The reconstruction afforded St. Jacobi with a visibly modern roof and steeple.","(53.550278, 10.000556)",wikivoyage,red
2,Hauptkirche St. Petri ,53.550278,9.996389,Bergstraße , ,See_The five main churches of Hamburg,"St. Petri was a cathedral as early as the 12th century or possibly even earlier. As with other ''Hauptkirchen'', the present version is one of many successive, and was only completed in 1878 after the great fire in 1842 consumed its predecessor. In turn, however, St. Petri survived the Second World War relatively intact. Of note are the large ornate door handles in the shape of lion heads, which have survived both the fire and the war, and the bells, several of which date back to the 16th century. The tower can be climbed for a fee and offers a great view of Hamburg, but the climb is long and not recommended for people suffering from high anxiety.","(53.550278, 9.996389)",wikivoyage,red
3,Hauptkirche St. Nikolai ,53.5475,9.990556, , ,See_The five main churches of Hamburg,"All five main churches of Hamburg were damaged in World War II. But in contrast to the other four, St. Nikolai has not been re-erected making it a memorial against war. The steeple is still standing and visitors can take an elevator to the top for a view of the city","(53.5475, 9.990556)",wikivoyage,red
4,Hauptkirche St. Katharinen ,53.546,9.994375, , ,See_The five main churches of Hamburg,"Situated on an island, it traditionally served as the church of the seamen. The base of its spire, dating from the 13th century, is the second oldest building preserved in the city. The church is also famous for its centuries-old organ, played by Bach when he was visiting the city. The instrument was actually destroyed to a large extent by the wartime bombings, but has been meticulously rebuilt and is playable again.","(53.546, 9.994375)",wikivoyage,red
0,Hulbe-Haus ,53.5505,9.99752, , ,See_Around Mönckebergstraße,"Dating from the beginning of the 20th century as most buildings around, but looking much older.","(53.5505, 9.99752)",wikivoyage,red
1,Radio Hamburg ,53.5522,10.0027, , ,See_Around Mönckebergstraße,"Under the building you can visit the remains of the bishops tower, from the 11th century. On the other side of the road, you can see excavations in progress, seeking the remains of the small fortress Hammaburg, which was erected in the 9th century giving Hamburg its name.","(53.5522, 10.0027)",wikivoyage,red
0,Rathaus ,53.55049,9.99245,Rathausmarkt 1 , ,See_Around city hall,"Hamburg's impressive city hall was built in 1897 out of sandstone in neo-Renaissance style, including a 112-m tower. The square in front of the city hall is the Rathausmarkt, hosting many events especially in summer. Inside there are several magnificent halls used for representative purposes and sittings of government and parliament. These can be visited in guided tours (M-Th 10:00-15:15, F-Su 10:00-13:15, half-hourly in German, hourly in English and French.","(53.55049, 9.99245)",wikivoyage,red
1,Hamburger Börse ,53.54996,9.99156, , ,See_Around city hall,"Between the buildings, there is a little courtyard called Rathaushof with its fountain, Hygieia-Brunnen.","(53.54996, 9.99156)",wikivoyage,red
0,Wall-Anlagen ,53.5571,9.981, , ,See_Around St. Nikolai,"The western part of the former city wall is nowadays a park area surrounding the inner city as a semicircle, ranging from the Landungsbrücken (Helgoländer Allee) up to Binnenalster. In the Wallanlagen there's a big playground and in the winter an ice rink. There also the impressive Hanseatic Courthouse building.","(53.5571, 9.981)",wikivoyage,red
1,Patriotische Gesellschaft ,53.54853,9.99229, , ,See_Around St. Nikolai,"The building of the Patriotic Society was erected following the great fire of 1842 on the former site of the old town hall of Hamburg. Built using the most modern technology at that time, including concrete substructure, and featuring modern techology such as flush toilets, it was nevertheless kept in a style that was an interpretation of the surrounding medieval architectural heritage. Of note inside is the large hanging clock by Aloys Denoth.","(53.54853, 9.99229)",wikivoyage,red
2,Trostbrücke ,53.54815,9.99225, , ,See_Around St. Nikolai,It has statues of Graf Adolf III and Bishop Ansgar on both sides.,"(53.54815, 9.99225)",wikivoyage,red
3,Zollenbrücke ,53.54772,9.99362, , ,See_Around St. Nikolai,Hamburg's oldest remaining bridge from the 17th century,"(53.54772, 9.99362)",wikivoyage,red
0,Chilehaus ,53.5483,10.003, , ,See_Around St. Nikolai,"The house, depicting the form of a ship, is probably the best example of the 1920s style of ""Kontorhaus"" architecture. Large office buildings are displayed in the typical, northern red brick style.","(53.5483, 10.003)",wikivoyage,red
1,Hopfenmarkt ,53.54763,9.98951, , ,See_Around St. Nikolai,The hop market with its fountain Vierländerinbrunnen,"(53.54763, 9.98951)",wikivoyage,red
2,Alte Deichstraße ,53.5457,9.9871, , ,See_Around St. Nikolai,Ensemble of traditional half-timbered merchant houses.,"(53.5457, 9.9871)",wikivoyage,red
0,Nicolai Fleet ,53.54512,9.98758, , ,See_Around St. Nikolai,This is the site where Hamburg's harbour was some centuries ago.,"(53.54512, 9.98758)",wikivoyage,red
1,Kleiner Michel ,53.5491193,9.9830436, ,http://www.kleiner-michel.de/ ,See_Around St. Nikolai,"Built after the reformation, it's functioned as a Catholic church since the 19th century.","(53.5491193, 9.9830436)",wikivoyage,red
0,The Hamburg Dungeon ,53.543871,9.989404,Kehrwieder 2 ,http://www.the-dungeons.de/hamburg/en/index.htm ,See_Speicherstadt,"A live-action presentation of the ""darker times"" of Hamburg. It is probably mostly suited for a younger, easily impressed audience. But it might not be suitable for young children.","(53.543871, 9.989404)",wikivoyage,red
1,The Miniatur Wunderland ,53.543846,9.988999,Kehrwieder 2 ,http://www.miniatur-wunderland.de/ ,See_Speicherstadt,"The world's largest model railway layout. The panoramas include parts of Hamburg, the Alps, the American west, and a Scandinavian exhibit which features automated ships on a body of water. It also has an airport exhibit with automated planes which taxi and fly.","(53.543846, 9.988999)",wikivoyage,red
0,Viewpoint towards the water castle ,53.5460808,10.0021302, , ,See_Speicherstadt,One of the more famous photo spots in Hamburg on Poggenmühle bridge.,"(53.5460808, 10.0021302)",wikivoyage,red
1,Kaffeemuseum Burg ,0.0,0.0,St Annenufer 2 , ,See_Speicherstadt,At its heart this is a cafe serving good coffee set up to show aspects of the coffee trade however the point of going there is to see inside one of the famous warehouses of Speicherstadt. It is popular with tourists and deservedly so. The main timbers of the warehouse are massive and plainly built with a view to longevity.,"(0, 0)",wikivoyage,red
0,visitor's centre instead. Normally there are very few people.,53.54143,9.98586, ,http://www.elbphilharmonie.de ,See_HafenCity,"New 'architectural lighthouse' of Hamburg. On the top of a huge old warehouse a 110 metres tall modern philharmonic hall with glass façade and wave-shaped roof. It also includes a fancy hotel, restaurant, as well as private apartments. Access to the observation deck (called ""Plaza"") is free (although you need to get a ticket to prevent overcrowding), and offers a great view of Hamburg. On days of long queues in front of the ticket booth for the Plaza get your ticket at the {{Marker","(53.54143, 9.98586)",wikivoyage,red
1,HafenCity Kesselhaus InfoCenter ,53.54315,9.9904,Am Sandtorkai 30 ,http://www.hafencity.com/en/infocenter/the-hafencity-kesselhaus-infocenter.html ,See_HafenCity,Here you can find information about the new buildings and the whole district. The InfoCenter also provides free guided tours.,"(53.54315, 9.9904)",wikivoyage,red
2,HafenCity View Point ,53.5386,10.0081, ,http://www.hafencity.com/en/infocenter/viewpoint-in-hafencity.html ,See_HafenCity,"Look at the erecting process from an orange observation tower, which allows nice views on the HafenCity, the harbour, and the river.","(53.5386, 10.0081)",wikivoyage,red
3,Magellan-Terrasse ,53.54246,9.99245, , ,See_HafenCity,,"(53.54246, 9.99245)",wikivoyage,red
4,Hanseatic Trade Centre ,53.5423,9.9835,Am Sandtorkai 74-77 (Kehrwiederspitze) , ,See_HafenCity,,"(53.5423, 9.9835)",wikivoyage,red
0,City und Sportboothafen ,53.5433,9.98024, , ,See_Old harbour,Hamburg's city and yacht harbour..,"(53.5433, 9.98024)",wikivoyage,red
1,Feuerschiff LV 13 ,53.54348,9.97877, , ,See_Old harbour,The big red lighthouse ship hosts a restaurant today.,"(53.54348, 9.97877)",wikivoyage,red
2,Überseebrücke ,53.54377,9.97765, , ,See_Old harbour,This is where big cruise liners used to dock when coming to Hamburg.,"(53.54377, 9.97765)",wikivoyage,red
3,Gruner + Jahr ,53.5453982,9.9791636, , ,See_Old harbour,Hyper-modern building of the publishers.,"(53.5453982, 9.9791636)",wikivoyage,red
4,Krameramtswohnungen ,53.54804,9.98039, , ,See_Old harbour,The shopkeeper-office-flats are the last example of a typical 17th-century housing estate.,"(53.54804, 9.98039)",wikivoyage,red
5,Flussschifferkirche ,53.54462,9.98527, ,http://www.flussschifferkirche.de/home.html ,See_Old harbour,Germany's only floating church in Rothenburgsort.,"(53.54462, 9.98527)",wikivoyage,red
6,Alter Botanischer Garten ,53.5593,9.9861, ,http://www.bghamburg.de/ ,See_Old harbour,,"(53.5593, 9.9861)",wikivoyage,red
7,Tropengewächshaus ,53.56,9.9855, ,,See_Old harbour, ,"(53.56, 9.9855)",wikivoyage,red
8,Portugiesenviertel ,53.545889,9.975083, , ,See_Old harbour,Especially during the warmer months the area around Ditmar-Koel-Straße has a very special flair. Lots of restaurants and shops invite one to linger.,"(53.545889, 9.975083)",wikivoyage,red
0,Kunsthalle ,53.5552,10.0031, ,http://www.hamburger-kunsthalle.de/en ,See_Museums,"Glockengießerwall north of Hauptbahnhof. The museum houses an important collection of paintings from the 19th century with works from Max Liebermann, Lovis Corinth, Philipp Otto Runge, Caspar David Friedrich, Adolf Menzel, and modern arts. It rises on both sides of a paved court. The Baroque building on one side has the older works. The areas under the courtyard and the other, modern looking building house an extensive collection of very modern art. There are some extremely fine pieces, but the quality is uneven and the curacy curious at times. For instance, in a far back corner with minimal climate control and no observation are four or five gorgeous French Impressionist paintings which are among the finest in the museum.","(53.5552, 10.0031)",wikivoyage,red
1,Deichtorhallen ,53.54724,10.00674, ,http://www.deichtorhallen.de/index.php?id,See_Museums,"The Deichtorhallen is one of the best known exhibition galleries worldwide. The historical buildings are divided into an exhibition hall for contemporary art and the ""House of Photography"". Together the two buildings organize a highly diverse program of changing exhibitions.","(53.54724, 10.00674)",wikivoyage,red
0,Hamburg Museum ,53.55107,9.97325, ,http://www.hamburgmuseum.de/index2.html ,See_Museums,"Holstenwall, close to Underground station ""St. Pauli"". This is the museum of city history, bringing the past to life with a lot of models showing the development of the harbour and the city. The club ""MEHEV"" is showing a 40-year-old and one of the largest scale model railroads here.","(53.55107, 9.97325)",wikivoyage,red
1,Internationales Maritimes Museum ,53.54341,9.99993,"Koreastraße 1, HafenCity ",https://www.imm-hamburg.de/ ,See_Museums,"This private museum in near the Speicherstadt district houses Peter Tamm's collection of model ships, construction plans, uniforms, and maritime art,. It opened in 2008 in the refurbished Kaispeicher B (quay warehouse B), which is the oldest preserved warehouse in Hamburg, having been built in 1879. Covering ten floors it is one of the most comprehensive maritime museums in the world with 1,000 large and 36,000 miniature models, 50,000 construction plans, 5,000 paintings and graphics, more than 2,000 films, 1.5 million photos, 120,000 books and numerous nautical devices, historic uniforms, militaria and maritime objects. About two thirds of the collection is on permanent display.","(53.54341, 9.99993)",wikivoyage,red
2,Speicherstadtmuseum ,53.54311,9.98758, ,http://www.speicherstadtmuseum.de/# ,See_Museums,Branch of Museum of Labour in docklands warehouse. History of the district and tea and coffee trade.,"(53.54311, 9.98758)",wikivoyage,red
3,Traditionsschiffhafen ,53.54239,9.99003, , ,See_Museums,,"(53.54239, 9.99003)",wikivoyage,red
4,Cap San Diego ,53.5432,9.9763, ,http://www.capsandiego.de/ ,See_Museums,"One of the last generation of pre-containerisation cargo ships (built in the 1960s), now semi-permanently moored halfway between Landungsbrücken and the Speicherstadt, and is the largest functional cargo museum ship in the world. The ship has been restored and is maintained in full working order by volunteers (who take it out a few times a year, notably during the Hafengeburtstag celebration). You can visit the ship and walk around most areas, including the crew quarters, cargo compartments, and engine room. The ship also hosts a number of other minor attractions, including an exhibit on emigration and an escape room. The ship also has a few guest rooms for overnight stays.","(53.5432, 9.9763)",wikivoyage,red
5,Automuseum Prototyp ,53.54325,10.00265,Shanghaiallee 7 ,http://www.prototyp-hamburg.de ,See_Museums,"Museum of car prototypes, nice shop inside.","(53.54325, 10.00265)",wikivoyage,red
0,Deutsches Zollmuseum ,53.5459,9.99752, ,http://www.zoll.de/DE/Der-Zoll/Zollmuseum/zollmuseum_node.html ,See_Museums,,"(53.5459, 9.99752)",wikivoyage,red
1,Bucerius Kunst Forum ,53.55112,9.99166,Rathausmarkt 2 ,http://www.buceriuskunstforum.de/en/ ,See_Museums,,"(53.55112, 9.99166)",wikivoyage,red
2,Spicey's Gewürzmuseum ,53.5432,9.9883, ,http://www.spicys.de/ ,See_Museums,Located in the Speicherstadt. They claim to be the world's only spice museum.,"(53.5432, 9.9883)",wikivoyage,red
3,Chocoversum Hachez Schokoladen-Museum ,53.5477,10.0022,Meßberg 1 ,http://www.chocoversum.de/en.html ,See_Museums,"The Chocoversum is a ""museum"" run by chocolate manufacturer Hachez from Hamburg's fellow ''Hansestadt'' [[Bremen]]. Rather than focus on exhibiting historic artifacts, it presents the process of making chocolate from the plantation up to the finished confection. There is also a studio where visitors can try their hands at being a chocolatier. 90-minute guided tours are provided everyday.","(53.5477, 10.0022)",wikivoyage,red
4,Rickmer Rickmers ,53.54473,9.97247, ,http://www.rickmer-rickmers.de/ ,See_Museums,"A museum sailing ship (three-masted bark) from 1896, permanently moored off the Landungsbrücken. On board is a museum, a small restaurant, and an escape room.","(53.54473, 9.97247)",wikivoyage,red
5,Dialog im Dunkeln ,0.0,0.0,Alter Wandrahm 4 ,http://www.dialog-im-dunkeln.de/ ,See_Museums,Sighted people get to experience the everyday life of blind people. In completely dark rooms blind people guide the sighted through the exhibition.,"(0, 0)",wikivoyage,red
0,Hamburgische Staatsoper ,53.556667,9.988889, ,http://www.staatsoper-hamburg.de/ ,Do,"Hamburg is home to the Hamburg State Opera House, one of the leading opera houses in Germany. It holds great historical significance, as in 1678 the first public opera house in Germany was built in Hamburg at Gänsemarkt Square, which is where the opera house is still today.","(53.556667, 9.988889)",wikivoyage,red
1,Laeiszhalle ,53.55577,9.98058, ,https://www.elbphilharmonie.de/en/laeiszhalle ,Do,"The Laeiszhalle is the main classical music hall in Hamburg, with two halls: the kleiner Saal and großer Saal. You can see the schedule on their website. For online ticket purchases, use [http://www.ticketonline.de Ticket Online].","(53.55577, 9.98058)",wikivoyage,red
2,The Rover Rep Theatre ,53.55071,9.98097,Großneumarkt 8 ,http://www.roverrep.net/ ,Do,At the Irish Rover. English language pub theatre under the Irish Rover at the Großneumarkt. High class professional productions in a special atmosphere.,"(53.55071, 9.98097)",wikivoyage,red
3,Thalia Theater ,53.551972,9.998278,Alstertor 1 ,http://www.thalia-theater.de/ ,Do,New directors and the continuing cooperation with young important writers based on the confidence in a strong and vital company lead to international acknowledgment.,"(53.551972, 9.998278)",wikivoyage,red
0,Club Olympus Spa & Fitness ,53.5508,10.0028,"Park Hyatt Hamburg Hotel, Bugenhagenstraße 8 ",https://hamburg.park.hyatt.com/hyatt/pure/spas/ ,Do,,"(53.5508, 10.0028)",wikivoyage,red
0,Hamburgische Staatsoper ,53.556667,9.988889, ,http://www.staatsoper-hamburg.de/ ,Do_Performance art,"Hamburg is home to the Hamburg State Opera House, one of the leading opera houses in Germany. It holds great historical significance, as in 1678 the first public opera house in Germany was built in Hamburg at Gänsemarkt Square, which is where the opera house is still today.","(53.556667, 9.988889)",wikivoyage,red
1,Laeiszhalle ,53.55577,9.98058, ,https://www.elbphilharmonie.de/en/laeiszhalle ,Do_Performance art,"The Laeiszhalle is the main classical music hall in Hamburg, with two halls: the kleiner Saal and großer Saal. You can see the schedule on their website. For online ticket purchases, use [http://www.ticketonline.de Ticket Online].","(53.55577, 9.98058)",wikivoyage,red
2,The Rover Rep Theatre ,53.55071,9.98097,Großneumarkt 8 ,http://www.roverrep.net/ ,Do_Performance art,At the Irish Rover. English language pub theatre under the Irish Rover at the Großneumarkt. High class professional productions in a special atmosphere.,"(53.55071, 9.98097)",wikivoyage,red
3,Thalia Theater ,53.551972,9.998278,Alstertor 1 ,http://www.thalia-theater.de/ ,Do_Performance art,New directors and the continuing cooperation with young important writers based on the confidence in a strong and vital company lead to international acknowledgment.,"(53.551972, 9.998278)",wikivoyage,red
0,Club Olympus Spa & Fitness ,53.5508,10.0028,"Park Hyatt Hamburg Hotel, Bugenhagenstraße 8 ",https://hamburg.park.hyatt.com/hyatt/pure/spas/ ,Do_Spa and fitness,,"(53.5508, 10.0028)",wikivoyage,red
0,Alsterarkaden ,53.551944,9.992222, , ,Buy,The white arcades over the canal are Hamburg's prime shopping location,"(53.551944, 9.992222)",wikivoyage,red
1,Europa Passage ,53.55136,9.99638,Ballindamm 40 ,http://europa-passage.de ,Buy,"The most frequented shopping complex in downtown Hamburg, near the town hall at the Alster lake.","(53.55136, 9.99638)",wikivoyage,red
2,Hanse Viertel ,53.553355,9.989585, , ,Buy,"A large shopping centre, erected in early 20th century","(53.553355, 9.989585)",wikivoyage,red
0,Alsterhaus ,53.553131,9.991414,Jungfernstieg 16–20 ,https://www.alsterhaus.de/ ,Buy,One of the oldest department stores in Hamburg.,"(53.553131, 9.991414)",wikivoyage,red
1,Spitaler Straße / Mönckebergstraße ,53.5511,10.001, , ,Buy,The area west of Hamburg's central railway station is mainly a shopping district.,"(53.5511, 10.001)",wikivoyage,red
0,Souvenirs ,53.55078,9.99311, , ,Buy,"A good and not-overpriced souvenir shop is on the town hall square under the glass roofage. Typical souvenirs are statues of the Michel Church or the town hall, the water-carrying dogsbody ''Hummel hummel Mors mors'', blue road signs like Reeperbahn, and a post card of the red light district.","(53.55078, 9.99311)",wikivoyage,red
0,--,0.0,0.0,,,Eat,,"(0, 0)",wikivoyage,red
1,--,0.0,0.0,,,Eat,,"(0, 0)",wikivoyage,red
2,Altstädter Stube Willig ,53.5493362,10.0021056,Altstädter Str. 17 , ,Eat,,"(53.5493362, 10.0021056)",wikivoyage,red
3,Fischfeinkost Delikatessen des Meeres ,53.5575868,9.990035,Colonnaden 104 , ,Eat,,"(53.5575868, 9.990035)",wikivoyage,red
4,Erdapfel Hamburg ,53.5486253,10.0028278,Burchardstraße 10 , ,Eat,,"(53.5486253, 10.0028278)",wikivoyage,red
5,Soup & Friends ,53.5555527,9.985783,Valentinskamp 18 , ,Eat,,"(53.5555527, 9.985783)",wikivoyage,red
6,La Croque ,53.5509349,9.9793397,Markusstraße 17 , ,Eat,,"(53.5509349, 9.9793397)",wikivoyage,red
7,Nasch ,53.5552496,9.9838807,Caffamacherreihe 49 , ,Eat,,"(53.5552496, 9.9838807)",wikivoyage,red
8,Casa Rita ,53.547885,9.9827169,Herrengraben 72 , ,Eat,,"(53.547885, 9.9827169)",wikivoyage,red
0,Kartoffelkeller ,53.54622,9.98756,Deichstraße 21 ,http://kartoffelkeller-hamburg.de/ ,Eat,"Large range of dishes with potatoes at their heart, including lots of traditional German dishes, e.g. Herring and Potatoes.","(53.54622, 9.98756)",wikivoyage,red
1,Parlament ,53.5501,9.9931,Rathausmarkt 1 ,http://www.parlament-hamburg.de/ ,Eat,Traditional local food in the amazing basement of the Rathaus.,"(53.5501, 9.9931)",wikivoyage,red
2,Cafe Paris ,53.5499,9.99436,Rathausstraße 4 , ,Eat,"Classic French bistro in a beautiful historical building. Good place to get a coffee and pastry, or enjoy a leisurely lunch. Ground floor is very loud, crowded and busy. Upstairs (when entering turn right) is a quiet restaurant with a small bar (all food is also served at the bar). ""Tartar"" and ""steak frites"" can be strongly recommended.","(53.5499, 9.99436)",wikivoyage,red
3,Vapiano ,0.0,0.0, ,http://de.vapiano.com/en/home/ ,Eat,"A chain, Vapiano serves Italian food, in a trendy, friendly atmosphere. By the entrance you will get a ""credit card"", you show when you order food in the different kitchens. You pay when you leave.","(0, 0)",wikivoyage,red
0,--,0.0,0.0,,,Eat,,"(0, 0)",wikivoyage,red
0,Fleetschlösschen ,53.54447,9.99792,Brooktorkai 17 ,http://www.fleetschloesschen.de/ ,Eat,"Fish dishes, frikadellen and labskaus on the menu, in other words local cuisine.","(53.54447, 9.99792)",wikivoyage,red
0,Old Commercial Room ,53.548248,9.977875,Englische Planke 10 ,http://www.oldcommercialroom.de/ ,Eat,"Founded in 1795, this upscale restaurant is best known for fish dishes and labskaus (Northern German variant of hash).","(53.548248, 9.977875)",wikivoyage,red
0,--,0.0,0.0,,,Eat_Budget,,"(0, 0)",wikivoyage,red
1,--,0.0,0.0,,,Eat_Budget,,"(0, 0)",wikivoyage,red
2,Altstädter Stube Willig ,53.5493362,10.0021056,Altstädter Str. 17 , ,Eat_Budget,,"(53.5493362, 10.0021056)",wikivoyage,red
3,Fischfeinkost Delikatessen des Meeres ,53.5575868,9.990035,Colonnaden 104 , ,Eat_Budget,,"(53.5575868, 9.990035)",wikivoyage,red
4,Erdapfel Hamburg ,53.5486253,10.0028278,Burchardstraße 10 , ,Eat_Budget,,"(53.5486253, 10.0028278)",wikivoyage,red
5,Soup & Friends ,53.5555527,9.985783,Valentinskamp 18 , ,Eat_Budget,,"(53.5555527, 9.985783)",wikivoyage,red
6,La Croque ,53.5509349,9.9793397,Markusstraße 17 , ,Eat_Budget,,"(53.5509349, 9.9793397)",wikivoyage,red
7,Nasch ,53.5552496,9.9838807,Caffamacherreihe 49 , ,Eat_Budget,,"(53.5552496, 9.9838807)",wikivoyage,red
8,Casa Rita ,53.547885,9.9827169,Herrengraben 72 , ,Eat_Budget,,"(53.547885, 9.9827169)",wikivoyage,red
0,Kartoffelkeller ,53.54622,9.98756,Deichstraße 21 ,http://kartoffelkeller-hamburg.de/ ,Eat_Mid-range,"Large range of dishes with potatoes at their heart, including lots of traditional German dishes, e.g. Herring and Potatoes.","(53.54622, 9.98756)",wikivoyage,red
1,Parlament ,53.5501,9.9931,Rathausmarkt 1 ,http://www.parlament-hamburg.de/ ,Eat_Mid-range,Traditional local food in the amazing basement of the Rathaus.,"(53.5501, 9.9931)",wikivoyage,red
2,Cafe Paris ,53.5499,9.99436,Rathausstraße 4 , ,Eat_Mid-range,"Classic French bistro in a beautiful historical building. Good place to get a coffee and pastry, or enjoy a leisurely lunch. Ground floor is very loud, crowded and busy. Upstairs (when entering turn right) is a quiet restaurant with a small bar (all food is also served at the bar). ""Tartar"" and ""steak frites"" can be strongly recommended.","(53.5499, 9.99436)",wikivoyage,red
3,Vapiano ,0.0,0.0, ,http://de.vapiano.com/en/home/ ,Eat_Mid-range,"A chain, Vapiano serves Italian food, in a trendy, friendly atmosphere. By the entrance you will get a ""credit card"", you show when you order food in the different kitchens. You pay when you leave.","(0, 0)",wikivoyage,red
0,--,0.0,0.0,,,Eat_Mid-range,,"(0, 0)",wikivoyage,red
0,Fleetschlösschen ,53.54447,9.99792,Brooktorkai 17 ,http://www.fleetschloesschen.de/ ,Eat_Mid-range,"Fish dishes, frikadellen and labskaus on the menu, in other words local cuisine.","(53.54447, 9.99792)",wikivoyage,red
0,Old Commercial Room ,53.548248,9.977875,Englische Planke 10 ,http://www.oldcommercialroom.de/ ,Eat_Splurge,"Founded in 1795, this upscale restaurant is best known for fish dishes and labskaus (Northern German variant of hash).","(53.548248, 9.977875)",wikivoyage,red
0,Brauhaus Joh. Albrecht ,53.55049,9.98971,Adolphsbrücke 7 ,http://hamburg.brauhaus-joh-albrecht.de/ ,Drink,Cosy brewpub with good beers and food.,"(53.55049, 9.98971)",wikivoyage,red
1,Chaplin's Pub ,53.553737,10.010026,Bremer Reihe 15 , ,Drink,Cosy dive pub near the station - cash only.,"(53.553737, 10.010026)",wikivoyage,red
0,Jugendherberge Hamburg - Auf dem Stintfang ,53.5467,9.9717,Alfred-Wegener-Weg 5 ,http://www.jugendherberge.de/jh/hamburg-stintfang/ ,Sleep,Priceless river/harbour view and in walking distance to the Reeperbahn.,"(53.5467, 9.9717)",wikivoyage,red
0,Barceló Hamburg ,53.55432,10.00081,Ferdinandstraße 15 ,https://www.barcelo.com/de/barcelo-hotels/hotels/deutschland/hamburg/barcelo-hamburg/ ,Sleep,"Thoroughly modern business hotel in the second row of buildings to Binnenalster, which is visible over the rooftops of neighbouring buildings from the hotel's top floor. All the facilities you may expect, but the gym is an extremely small and narrow room.","(53.55432, 10.00081)",wikivoyage,red
1,AMERON Hotel Speicherstadt ,53.5438,9.9954,Am Sandtorkai 4 ,https://ameronhotels.com/de/hamburg-hotel-speicherstadt/ ,Sleep,"A comfortable, modern hotel with interesting interior appointments right within Speicherstadt","(53.5438, 9.9954)",wikivoyage,red
2,Lindner Hotel Am Michel ,53.551,9.978,Neanderstraße 20 ,https://www.lindner.de/hamburg-hotel-am-michel/ankommen.html ,Sleep,"Lindner is a chain of German upscale'ish hotels with nothing particularly special, but solid service standards and well-appointed rooms. The hotel's name is a bit of a stretch, as it is not immediately next to St. Michaelis church.","(53.551, 9.978)",wikivoyage,red
3,Scandic Hamburg Emporio ,53.55601,9.98211,Dammtorwall 19 ,https://www.scandichotels.de/hamburgemporio ,Sleep,"One of the Swedish chain's southernmost outposts is an all-new hotel opened in 2014, with an architecturally interesting building and Scandinavian flair throughout, meaning minimalist but tasteful appointments and lots of wood. Relatively large rooms, but most with views of opposite walls. Location on the edge of Neustadt is quite convenient for those visiting the CCH.","(53.55601, 9.98211)",wikivoyage,red
0,JUFA Hotel Hamburg HafenCity ,53.54015,10.00937,Versmannstraße 12-14 ,https://www.jufa.eu/deutschland/hamburg/ ,Sleep,Child-friendly hotel with family rooms of different sizes and playgrounds both indoors and outdoors.,"(53.54015, 10.00937)",wikivoyage,red
1,Hotel Baseler Hof ,53.557626,9.991289,Esplanade 11 ,http://www.baselerhof.de/ ,Sleep,"Opened in 1907, the hotel was remodeled in 2000 to its current form. Wi-Fi is available. The hotels has many conference rooms for up to 200 persons, a sauna and a fitness studio. There's also a restaurant; [http://www.weinrestaurant-kleinhuis.de/ Kaffee- und Weinhaus Kleinhuis].","(53.557626, 9.991289)",wikivoyage,red
0,Fairmont Hotel Vier Jahreszeiten ,53.555611,9.991614,Neuer Jungfernstieg 9-14 ,http://www.fairmont.com/vier-jahreszeiten-hamburg/ ,Sleep,"Complementing the Atlantic on the other side of the Kennedybruecke as one of Hamburg's finest and oldest hotels, Vier Jahreszeiten has been overlooking the Binnenalster since the early 20th century, expanded and refurbished many times since. Today it is managed by Fairmont Hotels and Resorts and provides most comforts and amenities a contemporary luxury hotel can, but be aware that it has no swimming pool and the fitness/wellness offering is limited in comparison to its competitors.","(53.555611, 9.991614)",wikivoyage,red
1,Park Hyatt Hamburg ,53.5508,10.00318,Bugenhagenstr. 8 ,https://www.hyatt.com/en-US/hotel/germany/park-hyatt-hamburg/hamph?src,Sleep,"The Hyatt took residence in an exquisitely-decorated historic building, and provides an oasis of relaxed tranquility in the busy area neighbouring the Hauptbahnhof. Rising to the challenge of fellow luxury hotels in Hamburg, the Park Hyatt offers no less than 1000&nbsp;sqm of spa and fitness facilities.","(53.5508, 10.00318)",wikivoyage,red
2,Marriott ,53.55462,9.98734,ABC Straße 52 ,https://www.marriott.com/hotels/travel/hamdt-hamburg-marriott-hotel/ ,Sleep,"4-Star hotel with 270 guest rooms and 8 suites, also has a Body Care Centre with indoor pool and whirlpool as well as 416 m² conference facilities. Restaurant and piano bar with live music.","(53.55462, 9.98734)",wikivoyage,red
3,SIDE ,53.55673,9.98673,Drehbahn 49 ,https://www.side-hamburg.de/ ,Sleep,"Under the unassuming name you will find one of Hamburg's finest design hotels, rivaled perhaps only by the Sofitel. Rooms are kept in minimalist white and are protected from any outside interference by a double facade. The SkyLounge on the 8th floor features a unique view of the city.","(53.55673, 9.98673)",wikivoyage,red
4,Sofitel Hamburg Alter Wall ,53.54975,9.98816,Alter Wall 40 ,https://all.accor.com/hotel/5395/index.en.shtml ,Sleep,"Quite nondescript on the outside, the Sofitel shines inside with perfectly balanced and tasteful minimalist design, and of course great service standards.","(53.54975, 9.98816)",wikivoyage,red
5,Steigenberger Hotel Hamburg ,53.54922,9.9857,Heiligengeistbrücke 4 ,https://www.steigenberger.com/en/hotels/all-hotels/germany/hamburg/steigenberger-hotel-hamburg ,Sleep,"Situated right on the Alsterfleet, the Steigenberger is housed in a building made to look in line with Hamburg's traditional canal architecture. Inside you will find the usual German idea of ''Gemuetlichkeit'' combined with the chain's usual high standards of service. Of note is the gym and spa area with views over the neighbourhood.","(53.54922, 9.9857)",wikivoyage,red
6,Renaissance Hamburg Hotel ,53.55253,9.98779,Grosse Bleichen ,https://www.marriott.com/hotels/travel/hamrn-renaissance-hamburg-hotel/?scid,Sleep,"The Renaissance is located in an interesting early 20th century building, which is a part of the Hanseviertel. Inside a bit dated, but with the usual Marriott quality.","(53.55253, 9.98779)",wikivoyage,red
0,Jugendherberge Hamburg - Auf dem Stintfang ,53.5467,9.9717,Alfred-Wegener-Weg 5 ,http://www.jugendherberge.de/jh/hamburg-stintfang/ ,Sleep_Budget,Priceless river/harbour view and in walking distance to the Reeperbahn.,"(53.5467, 9.9717)",wikivoyage,red
0,Barceló Hamburg ,53.55432,10.00081,Ferdinandstraße 15 ,https://www.barcelo.com/de/barcelo-hotels/hotels/deutschland/hamburg/barcelo-hamburg/ ,Sleep_Mid-range,"Thoroughly modern business hotel in the second row of buildings to Binnenalster, which is visible over the rooftops of neighbouring buildings from the hotel's top floor. All the facilities you may expect, but the gym is an extremely small and narrow room.","(53.55432, 10.00081)",wikivoyage,red
1,AMERON Hotel Speicherstadt ,53.5438,9.9954,Am Sandtorkai 4 ,https://ameronhotels.com/de/hamburg-hotel-speicherstadt/ ,Sleep_Mid-range,"A comfortable, modern hotel with interesting interior appointments right within Speicherstadt","(53.5438, 9.9954)",wikivoyage,red
2,Lindner Hotel Am Michel ,53.551,9.978,Neanderstraße 20 ,https://www.lindner.de/hamburg-hotel-am-michel/ankommen.html ,Sleep_Mid-range,"Lindner is a chain of German upscale'ish hotels with nothing particularly special, but solid service standards and well-appointed rooms. The hotel's name is a bit of a stretch, as it is not immediately next to St. Michaelis church.","(53.551, 9.978)",wikivoyage,red
3,Scandic Hamburg Emporio ,53.55601,9.98211,Dammtorwall 19 ,https://www.scandichotels.de/hamburgemporio ,Sleep_Mid-range,"One of the Swedish chain's southernmost outposts is an all-new hotel opened in 2014, with an architecturally interesting building and Scandinavian flair throughout, meaning minimalist but tasteful appointments and lots of wood. Relatively large rooms, but most with views of opposite walls. Location on the edge of Neustadt is quite convenient for those visiting the CCH.","(53.55601, 9.98211)",wikivoyage,red
0,JUFA Hotel Hamburg HafenCity ,53.54015,10.00937,Versmannstraße 12-14 ,https://www.jufa.eu/deutschland/hamburg/ ,Sleep_Mid-range,Child-friendly hotel with family rooms of different sizes and playgrounds both indoors and outdoors.,"(53.54015, 10.00937)",wikivoyage,red
1,Hotel Baseler Hof ,53.557626,9.991289,Esplanade 11 ,http://www.baselerhof.de/ ,Sleep_Mid-range,"Opened in 1907, the hotel was remodeled in 2000 to its current form. Wi-Fi is available. The hotels has many conference rooms for up to 200 persons, a sauna and a fitness studio. There's also a restaurant; [http://www.weinrestaurant-kleinhuis.de/ Kaffee- und Weinhaus Kleinhuis].","(53.557626, 9.991289)",wikivoyage,red
0,Fairmont Hotel Vier Jahreszeiten ,53.555611,9.991614,Neuer Jungfernstieg 9-14 ,http://www.fairmont.com/vier-jahreszeiten-hamburg/ ,Sleep_Splurge,"Complementing the Atlantic on the other side of the Kennedybruecke as one of Hamburg's finest and oldest hotels, Vier Jahreszeiten has been overlooking the Binnenalster since the early 20th century, expanded and refurbished many times since. Today it is managed by Fairmont Hotels and Resorts and provides most comforts and amenities a contemporary luxury hotel can, but be aware that it has no swimming pool and the fitness/wellness offering is limited in comparison to its competitors.","(53.555611, 9.991614)",wikivoyage,red
1,Park Hyatt Hamburg ,53.5508,10.00318,Bugenhagenstr. 8 ,https://www.hyatt.com/en-US/hotel/germany/park-hyatt-hamburg/hamph?src,Sleep_Splurge,"The Hyatt took residence in an exquisitely-decorated historic building, and provides an oasis of relaxed tranquility in the busy area neighbouring the Hauptbahnhof. Rising to the challenge of fellow luxury hotels in Hamburg, the Park Hyatt offers no less than 1000&nbsp;sqm of spa and fitness facilities.","(53.5508, 10.00318)",wikivoyage,red
2,Marriott ,53.55462,9.98734,ABC Straße 52 ,https://www.marriott.com/hotels/travel/hamdt-hamburg-marriott-hotel/ ,Sleep_Splurge,"4-Star hotel with 270 guest rooms and 8 suites, also has a Body Care Centre with indoor pool and whirlpool as well as 416 m² conference facilities. Restaurant and piano bar with live music.","(53.55462, 9.98734)",wikivoyage,red
3,SIDE ,53.55673,9.98673,Drehbahn 49 ,https://www.side-hamburg.de/ ,Sleep_Splurge,"Under the unassuming name you will find one of Hamburg's finest design hotels, rivaled perhaps only by the Sofitel. Rooms are kept in minimalist white and are protected from any outside interference by a double facade. The SkyLounge on the 8th floor features a unique view of the city.","(53.55673, 9.98673)",wikivoyage,red
4,Sofitel Hamburg Alter Wall ,53.54975,9.98816,Alter Wall 40 ,https://all.accor.com/hotel/5395/index.en.shtml ,Sleep_Splurge,"Quite nondescript on the outside, the Sofitel shines inside with perfectly balanced and tasteful minimalist design, and of course great service standards.","(53.54975, 9.98816)",wikivoyage,red
5,Steigenberger Hotel Hamburg ,53.54922,9.9857,Heiligengeistbrücke 4 ,https://www.steigenberger.com/en/hotels/all-hotels/germany/hamburg/steigenberger-hotel-hamburg ,Sleep_Splurge,"Situated right on the Alsterfleet, the Steigenberger is housed in a building made to look in line with Hamburg's traditional canal architecture. Inside you will find the usual German idea of ''Gemuetlichkeit'' combined with the chain's usual high standards of service. Of note is the gym and spa area with views over the neighbourhood.","(53.54922, 9.9857)",wikivoyage,red
6,Renaissance Hamburg Hotel ,53.55253,9.98779,Grosse Bleichen ,https://www.marriott.com/hotels/travel/hamrn-renaissance-hamburg-hotel/?scid,Sleep_Splurge,"The Renaissance is located in an interesting early 20th century building, which is a part of the Hanseviertel. Inside a bit dated, but with the usual Marriott quality.","(53.55253, 9.98779)",wikivoyage,red
0,Hamburg Stadtpark ,53.595278,10.016389, ,https://www.hamburg.de/tourismus/sehenswuerdigkeiten/parks/stadtpark-306002 ,See,Has a pretty good Planetarium situated in an old water tower in the middle of the park.,"(53.595278, 10.016389)",wikivoyage,red
1,Alsterpark ,53.574444,10.000833, , ,See,"Inaugurated in 1952. The part west of the Alster is called ''Alstervorland'', the one east ''Alterpark''.","(53.574444, 10.000833)",wikivoyage,red
2,Eimsbüttler Park ,53.5778,9.96, ,http://www.hamburg.de/parkanlagen/3055736/eimsbuetteler-park.html ,See,"Also known as ""Weiher"", this former forest and current park has survived both world wars and still offers green pastures around the Weiher lake together with a playground, swimming pool and a café.","(53.5778, 9.96)",wikivoyage,red
3,Tierpark Hagenbeck ,53.5949659,9.9416136,Lokstedter Grenzstraße 2 ,http://www.hagenbeck.de/ ,See,"Hamburg's Zoo. The collection began in 1863 with animals that belonged to Carl Hagenbeck Sr. (1810–1887), a fishmonger who became an amateur animal collector. The park itself was founded by Carl Hagenbeck Jr. in 1907. It is known for being the first zoo to use open enclosures surrounded by moats, rather than barred cages, to better approximate animals' natural environments.","(53.5949659, 9.9416136)",wikivoyage,red
4,Friedhof Ohlsdorf ,53.624722,10.061667, ,https://www.friedhof-hamburg.de/die-friedhoefe/ohlsdorf/ ,See,One of the world's biggest graveyards.,"(53.624722, 10.061667)",wikivoyage,red
5,Imam-Ali-Mosque ,53.574569,10.008417, ,http://izhamburg.de/ ,See,Biggest of all mosques in Hamburg. Centre of the religious and cultural life of the huge Iranian community. The Imams of Hamburg happen to have played important roles in Iran's religious and political everyday life since their installation in the 1950s.,"(53.574569, 10.008417)",wikivoyage,red
0,Museum am Rothenbaum - Kulturen und Kunste der Welt ,53.568333,9.989167,Rothenbaumchaussee 64 ,http://www.voelkerkundemuseum.com/ ,See,Formerly known as the Museum of Ethnology. The museum has ethnographic objects from around the world.,"(53.568333, 9.989167)",wikivoyage,red
0,Alster Cruise ,53.56722,10.00224, ,http://www.alstertouristik.de/English/classics/alster-cruise.html? ,Do,The obvious thing to do is to take a ride around the Alster on one of the leisure boats and enjoy the greenery and elegant buildings around it.,"(53.56722, 10.00224)",wikivoyage,red
1,Ernst-Deutsch-Theater ,53.569322,10.026275, , ,Do,"The Ernst-Deutsch-Theater has been an established part of the Hamburg theatre scene since 1951. Today, it is the largest privately operated playhouse in Germany.","(53.569322, 10.026275)",wikivoyage,red
2,The English Theatre of Hamburg ,53.569306,10.028639, ,http://www.englishtheatre.de/ ,Do,"The English Theatre of Hamburg performs from September through June, giving eight performances per week.","(53.569306, 10.028639)",wikivoyage,red
3,The Hamburg Players ,53.573728,10.040164, ,http://www.hamburgplayers.de/ ,Do,Hamburg's oldest English-language theatre group giving three shows a year at the Theater in der Marschnerstraße.,"(53.573728, 10.040164)",wikivoyage,red
4,Supper Club ,0.0,0.0,Isekai 13 , ,Do,"Supper Club's name doesn't give you any clues about this business. It hires canoes and all manner of other unpowered water craft by the hour. When you have finished paddling you can eat at the outdoor cafe if you wish. A 2 hour paddle using one of their suggested itineraries through small canals and lakes takes you past some of Hamburg's most elegant homes, You will definitely want to move there after this paddle (whether you have the money to buy a mansion in northern Hamburg is beyond the scope of this entry)!<br />The canoe hire side of the operation only takes cash and requires a passport or photo ID to be left with them as security.<br />The ferries from the city centre to Winterhuder Fahrhaus offer great views of the Alster lakes but the Supper Club paddle is superior so you could probably skip the ferry trip if you plan to do the paddle.","(0, 0)",wikivoyage,red
0,--,0.0,0.0,,,Buy,,"(0, 0)",wikivoyage,red
0,Der Etrusker ,53.56927,9.98371,Grindelhof 45 ,http://www.der-etrusker.de ,Eat,"Small and quite crowded Italian restaurant in the ""Grindel"" district near the university. Excellent Italian classics (pizza, pasta, etc.) for reasonable money. A lot of Italian restaurants as alternative to the left and right if you don't get a table. For dinner: make sure your are early (before 7pm) or make a reservation (only by phone).","(53.56927, 9.98371)",wikivoyage,red
1,La Monella ,53.57203,9.98609,Hallerplatz 12 ,http://www.lamonella.de ,Eat,Hamburg's first vegetarian Italian restaurant. Small menu with Italian standards. Daily menu with dishes made of regional ingredients. Good place for a very delicious vegetarian lunch on a budget. Dinner slightly overpriced.,"(53.57203, 9.98609)",wikivoyage,red
0,Alster Cliff ,53.574,10.0024,Fährdamm 13 ,http://alster-cliff.de ,Eat,"Nice place to stop for coffee and cake or a meal with a good view on the Alster lake. Lunch food (salad, pizza, pasta) are of average quality and above average price.","(53.574, 10.0024)",wikivoyage,red
1,Restaurant Kalliopea ,53.59823,10.03797,Neue Wöhr 14 ,http://www.kalliopea.de/ ,Eat,Traditional Greek food.,"(53.59823, 10.03797)",wikivoyage,red
0,Der Etrusker ,53.56927,9.98371,Grindelhof 45 ,http://www.der-etrusker.de ,Eat_Budget,"Small and quite crowded Italian restaurant in the ""Grindel"" district near the university. Excellent Italian classics (pizza, pasta, etc.) for reasonable money. A lot of Italian restaurants as alternative to the left and right if you don't get a table. For dinner: make sure your are early (before 7pm) or make a reservation (only by phone).","(53.56927, 9.98371)",wikivoyage,red
1,La Monella ,53.57203,9.98609,Hallerplatz 12 ,http://www.lamonella.de ,Eat_Budget,Hamburg's first vegetarian Italian restaurant. Small menu with Italian standards. Daily menu with dishes made of regional ingredients. Good place for a very delicious vegetarian lunch on a budget. Dinner slightly overpriced.,"(53.57203, 9.98609)",wikivoyage,red
0,Alster Cliff ,53.574,10.0024,Fährdamm 13 ,http://alster-cliff.de ,Eat_Mid-range,"Nice place to stop for coffee and cake or a meal with a good view on the Alster lake. Lunch food (salad, pizza, pasta) are of average quality and above average price.","(53.574, 10.0024)",wikivoyage,red
1,Restaurant Kalliopea ,53.59823,10.03797,Neue Wöhr 14 ,http://www.kalliopea.de/ ,Eat_Mid-range,Traditional Greek food.,"(53.59823, 10.03797)",wikivoyage,red
0,ZaZa-Bar ,53.58051,10.01264,Mühlenkamp 10 ,http://www.zazabar.de/ ,Drink,"Small bar in a trendy neighbourhood that serves good drinks and has an interesting crowd of customers: some shoppers that celebrate their latest fashions, office workers that cool down, night owls that warm up, and quite few people who live in the area and just drop in for a drink. Has chairs outside. Happy Hour from 5PM-9PM and all night on Mondays.","(53.58051, 10.01264)",wikivoyage,red
1,Logo ,53.56451,9.98363,Grindelallee 5 ,https://www.logohamburg.de ,Drink,Concert location.,"(53.56451, 9.98363)",wikivoyage,red
2,Down Under ,53.5642,9.98403,Rindellallee 1 ,http://www.down-under-hamburg.de/ ,Drink,"Australian-themed bar with lots of cocktails (€5-10), burgers (chicken burger €6, beef burger €8, ostrich burger €9.50), chicken wings (also all you can eat on Tuesdays).","(53.5642, 9.98403)",wikivoyage,red
0,Camping Buchholz ,53.59,9.932,Kieler Straße 374 ,http://www.camping-buchholz.de/ ,Sleep,All year round.,"(53.59, 9.932)",wikivoyage,red
1,Knaus Campingpark,53.6513,9.9292,Wunderbrunnen 2 ,http://www.knauscamp.de/hamburg.html ,Sleep,From April to October.,"(53.6513, 9.9292)",wikivoyage,red
0,Courtyard Hamburg Airport ,53.6402,10.0122,Flughafenstraße 47 ,https://www.marriott.com/hotels/travel/hamcy-courtyard-hamburg-airport/ ,Sleep,The traditional country manor-style Courtyard close to the airport.,"(53.6402, 10.0122)",wikivoyage,red
1,Lindner Park Hotel Hagenbeck ,53.5937,9.9408,Hagenbeckstr. 150 ,https://lindnerhotels.com/hotels/lindner-hotel-hamburg-am-michel ,Sleep,"A 4-star hotel less than 3 km from the Hamburger Sportveiren. A comfortable hotel, convenient for football fans, featuring a fitness room and sauna.","(53.5937, 9.9408)",wikivoyage,red
2,Dorint Hotel Hamburg Eppendorf ,53.58829520506481,9.973955453073131,"Martinistrasse 72, 20251 Hamburg ",https://hotel-hamburg-eppendorf.dorint.com/en/ ,Sleep,The hotel offers 195 rooms including 14 suites and has direct connection to the adjoining university hospital.,"(53.58829520506481, 9.973955453073131)",wikivoyage,red
0,Grand Elysee ,53.5634,9.9906,Rothenbaumchaussee 10 ,https://www.grand-elysee.com/ ,Sleep,"Despite not being affiliated with any of the American hotel chains, Hamburg's largest hotel of over 500 rooms tries to emulate the 1990s American idea of a luxury hotel. The hotel serves a large on-site conference centre and features extensive spa and wellness facilities.","(53.5634, 9.9906)",wikivoyage,red
0,The Fontenay ,53.565407,9.998041,Fontenay 10 ,https://www.thefontenay.de/ ,Sleep,Upscale hotel opened in 2018.,"(53.565407, 9.998041)",wikivoyage,red
0,Camping Buchholz ,53.59,9.932,Kieler Straße 374 ,http://www.camping-buchholz.de/ ,Sleep_Budget,All year round.,"(53.59, 9.932)",wikivoyage,red
1,Knaus Campingpark,53.6513,9.9292,Wunderbrunnen 2 ,http://www.knauscamp.de/hamburg.html ,Sleep_Budget,From April to October.,"(53.6513, 9.9292)",wikivoyage,red
0,Camping Buchholz ,53.59,9.932,Kieler Straße 374 ,http://www.camping-buchholz.de/ ,Sleep_Budget_Camping,All year round.,"(53.59, 9.932)",wikivoyage,red
1,Knaus Campingpark,53.6513,9.9292,Wunderbrunnen 2 ,http://www.knauscamp.de/hamburg.html ,Sleep_Budget_Camping,From April to October.,"(53.6513, 9.9292)",wikivoyage,red
0,Courtyard Hamburg Airport ,53.6402,10.0122,Flughafenstraße 47 ,https://www.marriott.com/hotels/travel/hamcy-courtyard-hamburg-airport/ ,Sleep_Mid-range,The traditional country manor-style Courtyard close to the airport.,"(53.6402, 10.0122)",wikivoyage,red
1,Lindner Park Hotel Hagenbeck ,53.5937,9.9408,Hagenbeckstr. 150 ,https://lindnerhotels.com/hotels/lindner-hotel-hamburg-am-michel ,Sleep_Mid-range,"A 4-star hotel less than 3 km from the Hamburger Sportveiren. A comfortable hotel, convenient for football fans, featuring a fitness room and sauna.","(53.5937, 9.9408)",wikivoyage,red
2,Dorint Hotel Hamburg Eppendorf ,53.58829520506481,9.973955453073131,"Martinistrasse 72, 20251 Hamburg ",https://hotel-hamburg-eppendorf.dorint.com/en/ ,Sleep_Mid-range,The hotel offers 195 rooms including 14 suites and has direct connection to the adjoining university hospital.,"(53.58829520506481, 9.973955453073131)",wikivoyage,red
0,Grand Elysee ,53.5634,9.9906,Rothenbaumchaussee 10 ,https://www.grand-elysee.com/ ,Sleep_Splurge,"Despite not being affiliated with any of the American hotel chains, Hamburg's largest hotel of over 500 rooms tries to emulate the 1990s American idea of a luxury hotel. The hotel serves a large on-site conference centre and features extensive spa and wellness facilities.","(53.5634, 9.9906)",wikivoyage,red
0,The Fontenay ,53.565407,9.998041,Fontenay 10 ,https://www.thefontenay.de/ ,Sleep_Splurge,Upscale hotel opened in 2018.,"(53.565407, 9.998041)",wikivoyage,red
0,Fitness Studio City Nord ,53.60236,10.02476,Überseering 5-15 ,http://fitness-city-nord.de/ ,Cope,One of the oldest fitness centres in Hamburg (in business since 1986).,"(53.60236, 10.02476)",wikivoyage,red
0,Altonaer Museum ,53.54902,9.9347, ,http://www.altonaermuseum.de/ ,See,"Dedicated to Altona's, Hamburg's and northern Germany's cultural history.","(53.54902, 9.9347)",wikivoyage,red
1,Altona City Hall ,53.547,9.9354, , ,See,"Built in 1898, when Altona still was a separate city. It's an impressive building with influcences of Italian renaissance.","(53.547, 9.9354)",wikivoyage,red
0,Dockland ,53.5433,9.9341, , ,See,Walk 136 steps to the roof of this building to get a wonderful view of the harbour. The six-storey glass and steel building has the shape of a parallelogram and is reminiscent of a ship bow.,"(53.5433, 9.9341)",wikivoyage,red
0,Altonaer Volkspark ,53.581,9.8972, , ,See,"This used to be the city park of the independent town of Altona. Unlike Hamburger Stadtpark, this park has been left in a more natural state. On the northern edge of the park is Volksparkstadion, the home stadium of the football team HSV, as well as the multi-purpose Barclaycard Arena.","(53.581, 9.8972)",wikivoyage,red
0,Landungsbrücken ,53.546111,9.966667, , ,See,"The most touristy part of Hamburg's harbour, close to the metro station with the same name. Piers connected with several bridges swim on the water adapting to the tide. There tourist boats land and you will find souvenir shops, restaurants, and snack bars. The sailing ship Rickmer Rickmers can be visited. The old passenger docks, from which (among many others) many of the emigrants to the Americas from eastern Europe left in the 19th century. Today they are a tourist hotspot, as the departure point for harbour tours and many public transport ferries. The stroll eastwards along the water from the S-Bahn station ""Landungsbrücken"" all the way to the HafenCity is very pleasant.","(53.546111, 9.966667)",wikivoyage,red
0,U-434 ,53.544941,9.955217,St. Pauli Fischmarkt 10 ,http://www.u-434.de/ ,See,"One of the biggest non-nuclear Soviet submarines, moored near to the Fischmarkt. Guided tours are possible.","(53.544941, 9.955217)",wikivoyage,red
0,Alter Elbtunnel ,53.544,9.9665, , ,See,"Completed in 1911, it links both sides of the river Elbe. A lift or stairs bring you the 24 m down into the tunnel. You then walk through one of its two 427-m-long pipes having 12 m of water over your head. At the other side, you again walk up the stairs or take a lift. The tunnel is decorated with ceramic arts of maritime motifs (e.g. fish, mussels, seals, old boots). For pedestrians and bicycles it is free and open all day and night, every day. Even cars can pass though the tunnel (only M-F 05:30-20:00 for €2) being brought down with four lifts.","(53.544, 9.9665)",wikivoyage,red
0,Museumshafen Oevelgönne ,53.543611,9.914167, ,http://www.museumshafen-oevelgoenne.de/ ,See,Historical boats.,"(53.543611, 9.914167)",wikivoyage,red
0,Hamburger Dom ,53.553889,9.970833, ,http://www.hamburger-dom.de/ ,See,"A large fair held at Heiligengeistfeld fair ground. With three fairs (spring, summer and winter) per year it is the biggest and the longest fair throughout Germany and attracts every one approximately ten million visitors per year.","(53.553889, 9.970833)",wikivoyage,red
0,Reeperbahn ,53.549444,9.962278, , ,See,"A street and entertainment district in Hamburg's St. Pauli district, one of the two centres of Hamburg's nightlife (with [[Hamburg/Altona-St._Pauli#Schanzenviertel","(53.549444, 9.962278)",wikivoyage,red
1,Panoptikum ,53.5494,9.967,Spielbudenplatz 3 ,http://www.panoptikum.de ,See,"A wax cabinet with a history of over 125 years and as such the oldest in Germany, though it has been in its current location since the 1950s. Not as big and famous as Madame Tussauds in London, nevertheless the figures have been created with love for details. Some of the older figures aren't as detailed, though that's because there were less tools and knowledge about working with wax figures back then.","(53.5494, 9.967)",wikivoyage,red
0,Flakturm IV ,53.55643,9.96984,Feldstraße , ,See,"Right at the Heiligengeistfeld is a World War II bunker, visible from far away due to its size. Nowadays the building houses different media companies and agentures, and there's a dance club on the upper floor.","(53.55643, 9.96984)",wikivoyage,red
0,Sankt Pauli Museum ,0.0,0.0,Davidstraße 17 ,http://st-pauli-museum.com ,See,,"(0, 0)",wikivoyage,red
1,St. Pauli Archiv ,53.5533,9.95753,Paul Roosen Straße 30 ,http://www.st-pauli-archiv.de ,See,Archive for the city district and history workshop. Arranges very interesting themed walks around St. Pauli.,"(53.5533, 9.95753)",wikivoyage,red
0,Hafenstraße ,53.546389,9.959444, , ,See,"The street was a place for squatters in the 1980s and was well known by the media when there were ""battles"" between the Autonomous movement and the police. Some squats still exist there, though the ""80s-Myth"" is dead. You can go to the Punksbar ""onkel otto"" or eat at the ""VoKü"" (""Volxküche"" - a group cooking event, at which the meal is served free of charge or at cost).","(53.546389, 9.959444)",wikivoyage,red
1,Beatles-Platz ,53.549838,9.957293, , ,See,"There is a sculpture honouring the Beatles. Also in the Reeperbahn area are clubs where the Beatles played at various times from 1960 to 1962, including the Indra club and Star Club.","(53.549838, 9.957293)",wikivoyage,red
2,Grosse Freiheit ,53.550556,9.9575, , ,See,"In the pedestrian street there are a lot of bars and clubs - a great place to go in the evening, although it's very crowded and it may get a bit dangerous in the weekend. On weekdays, it is harmless here - a low-budget tip is, 99 Cent Bar, which offers really many drinks for basically €1. On the weekend, you will have to pay an entrance fee of €1 but it's still the best place to go drinking on a budget. The street was named in 1610 after the fact that Count Ernest of Schaumburg and Holstein-Pinneberg had granted religious freedom to non-Lutherans such as Mennonites and Roman Catholics to practice their faith here and commercial freedom for handcrafters not enrolled in the else compelling guilds. Today it is part of the red light district.","(53.550556, 9.9575)",wikivoyage,red
3,Hans-Albers-Platz ,53.54867,9.96087, , ,See,Between Reeperbahn and Herbertstraße there's a memorial for an actor who was advertising the Kiez (Reeperbahn). Especially the movie ''Große Freiheit Nummer 7'' helped making the Kiez famous.,"(53.54867, 9.96087)",wikivoyage,red
0,Herbertstraße ,53.54807,9.96162, , ,See,"The epicenter of the red-light district, this short street runs parallel to Reeperbahn is closed off by gates from both ends. Adults only and photography is strictly banned.","(53.54807, 9.96162)",wikivoyage,red
0,Spielbudenplatz ,53.54956,9.9649, , ,See,"The place got its name from the entertainers putting up shows here for sailors from all over the world back in the day. For example Mr. Hagenback (who opened the zoo park in the city) showcased his sea lions here. Today it is surrounded by several venues including '''St. Pauli theater''', '''Schmidt's Tivoli''' , '''Schmidt's Theater''' and '''Operettenhaus'''.","(53.54956, 9.9649)",wikivoyage,red
0,Rote Flora ,53.56199,9.9615, ,https://www.nadir.org/nadir/initiativ/roteflora/ ,See,"This building used to be the last squatted house in Hamburg, it's now left to the squatters for free by the owner. During the week, it is turned into a café, concerts of various styles or other events may also take place. On some days there is cheap (mostly vegan) food available. You can sometimes find fantastic parties for small prices on Friday and Saturday.","(53.56199, 9.9615)",wikivoyage,red
0,Christianskirche ,53.546944,9.932778, , ,See,Baroque church in Ottensen.,"(53.546944, 9.932778)",wikivoyage,red
1,Zeise Hallen ,53.5543,9.9267,Friedensallee 7-9 ,https://www.hamburg.de/altona/baudenkmaeler/2847142/zeisehallen/ ,See,"The halls were built in 1857 for the Zeise company manufacturing ship parts. The company went bust in 1979, and nowadays the cultural heritage building is used as a cultural center with a movie theater.","(53.5543, 9.9267)",wikivoyage,red
0,Planten un Blomen ,53.561111,9.983333, ,http://www.plantenunblomen.hamburg.de/ ,See,"This park is partially on the old city wall of Hamburg. Already in the 1930s the former zoological park was remodeled into a bird and entertainment park for the Lower German Garden Exhibition (Niederdeutsche Gartenschau). Afterwards it was rebuilt for three international garden shows in 1953, 1963 and 1973. The botanical garden was turned into a park landscape, and was moved to Klein Flottbek in [[Hamburg/Altona-St. Pauli","(53.561111, 9.983333)",wikivoyage,red
1,Jenisch park ,53.5525,9.865556, , ,See,"The oldest landscaped park in Hamburg. Two museums, Jenisch House and Ernst Barlach House, are in the park. Flottbek River flows through the park and into the Elbe at Teufelsbrück.","(53.5525, 9.865556)",wikivoyage,red
2,Baurs Park ,53.556389,9.814167, , ,See,Nice park with views to the Elbe river.,"(53.556389, 9.814167)",wikivoyage,red
3,Loki Schmidt Garten ,53.562222,9.861111,Ohnhorststraße ,https://www.biologie.uni-hamburg.de/loki-schmidt-garten.html ,See,"For a century and a half, the botanical garden was situated in the current Planten un Blomen park, where the tropical greenhouses still remain. In 1979, the botanical garden was relocated to its current place in the Klein Flottbek district. In the southern part of the park there are several themed gardens with medical plants, farm plants, plants featured in the Bible, conifers, fragnant plants, poisonous plants, threatened plants, crops, roses and a desert garden. The central part is dedicated to the science categorizing plants. There you can see plants from temperate parts of the world; Eurasia, North America and far southern South America. In the Alpinium there are plants from the high mountain areas of Europe. The park is named Loki Schmidt garden after the biologist Loki Schmidt, wife of the former German federal chancellor Helmut Schmidt.","(53.562222, 9.861111)",wikivoyage,red
0,Altonaer Museum ,53.54902,9.9347, ,http://www.altonaermuseum.de/ ,See_Altona,"Dedicated to Altona's, Hamburg's and northern Germany's cultural history.","(53.54902, 9.9347)",wikivoyage,red
1,Altona City Hall ,53.547,9.9354, , ,See_Altona,"Built in 1898, when Altona still was a separate city. It's an impressive building with influcences of Italian renaissance.","(53.547, 9.9354)",wikivoyage,red
0,Dockland ,53.5433,9.9341, , ,See_Altona,Walk 136 steps to the roof of this building to get a wonderful view of the harbour. The six-storey glass and steel building has the shape of a parallelogram and is reminiscent of a ship bow.,"(53.5433, 9.9341)",wikivoyage,red
0,Altonaer Volkspark ,53.581,9.8972, , ,See_Altona,"This used to be the city park of the independent town of Altona. Unlike Hamburger Stadtpark, this park has been left in a more natural state. On the northern edge of the park is Volksparkstadion, the home stadium of the football team HSV, as well as the multi-purpose Barclaycard Arena.","(53.581, 9.8972)",wikivoyage,red
0,Landungsbrücken ,53.546111,9.966667, , ,See_Harbour area,"The most touristy part of Hamburg's harbour, close to the metro station with the same name. Piers connected with several bridges swim on the water adapting to the tide. There tourist boats land and you will find souvenir shops, restaurants, and snack bars. The sailing ship Rickmer Rickmers can be visited. The old passenger docks, from which (among many others) many of the emigrants to the Americas from eastern Europe left in the 19th century. Today they are a tourist hotspot, as the departure point for harbour tours and many public transport ferries. The stroll eastwards along the water from the S-Bahn station ""Landungsbrücken"" all the way to the HafenCity is very pleasant.","(53.546111, 9.966667)",wikivoyage,red
0,U-434 ,53.544941,9.955217,St. Pauli Fischmarkt 10 ,http://www.u-434.de/ ,See_Harbour area,"One of the biggest non-nuclear Soviet submarines, moored near to the Fischmarkt. Guided tours are possible.","(53.544941, 9.955217)",wikivoyage,red
0,Alter Elbtunnel ,53.544,9.9665, , ,See_Harbour area,"Completed in 1911, it links both sides of the river Elbe. A lift or stairs bring you the 24 m down into the tunnel. You then walk through one of its two 427-m-long pipes having 12 m of water over your head. At the other side, you again walk up the stairs or take a lift. The tunnel is decorated with ceramic arts of maritime motifs (e.g. fish, mussels, seals, old boots). For pedestrians and bicycles it is free and open all day and night, every day. Even cars can pass though the tunnel (only M-F 05:30-20:00 for €2) being brought down with four lifts.","(53.544, 9.9665)",wikivoyage,red
0,Museumshafen Oevelgönne ,53.543611,9.914167, ,http://www.museumshafen-oevelgoenne.de/ ,See_Harbour area,Historical boats.,"(53.543611, 9.914167)",wikivoyage,red
0,Hamburger Dom ,53.553889,9.970833, ,http://www.hamburger-dom.de/ ,See_Sankt Pauli,"A large fair held at Heiligengeistfeld fair ground. With three fairs (spring, summer and winter) per year it is the biggest and the longest fair throughout Germany and attracts every one approximately ten million visitors per year.","(53.553889, 9.970833)",wikivoyage,red
0,Reeperbahn ,53.549444,9.962278, , ,See_Sankt Pauli,"A street and entertainment district in Hamburg's St. Pauli district, one of the two centres of Hamburg's nightlife (with [[Hamburg/Altona-St._Pauli#Schanzenviertel","(53.549444, 9.962278)",wikivoyage,red
1,Panoptikum ,53.5494,9.967,Spielbudenplatz 3 ,http://www.panoptikum.de ,See_Sankt Pauli,"A wax cabinet with a history of over 125 years and as such the oldest in Germany, though it has been in its current location since the 1950s. Not as big and famous as Madame Tussauds in London, nevertheless the figures have been created with love for details. Some of the older figures aren't as detailed, though that's because there were less tools and knowledge about working with wax figures back then.","(53.5494, 9.967)",wikivoyage,red
0,Flakturm IV ,53.55643,9.96984,Feldstraße , ,See_Sankt Pauli,"Right at the Heiligengeistfeld is a World War II bunker, visible from far away due to its size. Nowadays the building houses different media companies and agentures, and there's a dance club on the upper floor.","(53.55643, 9.96984)",wikivoyage,red
0,Sankt Pauli Museum ,0.0,0.0,Davidstraße 17 ,http://st-pauli-museum.com ,See_Sankt Pauli,,"(0, 0)",wikivoyage,red
1,St. Pauli Archiv ,53.5533,9.95753,Paul Roosen Straße 30 ,http://www.st-pauli-archiv.de ,See_Sankt Pauli,Archive for the city district and history workshop. Arranges very interesting themed walks around St. Pauli.,"(53.5533, 9.95753)",wikivoyage,red
0,Hafenstraße ,53.546389,9.959444, , ,See_Sankt Pauli,"The street was a place for squatters in the 1980s and was well known by the media when there were ""battles"" between the Autonomous movement and the police. Some squats still exist there, though the ""80s-Myth"" is dead. You can go to the Punksbar ""onkel otto"" or eat at the ""VoKü"" (""Volxküche"" - a group cooking event, at which the meal is served free of charge or at cost).","(53.546389, 9.959444)",wikivoyage,red
1,Beatles-Platz ,53.549838,9.957293, , ,See_Sankt Pauli,"There is a sculpture honouring the Beatles. Also in the Reeperbahn area are clubs where the Beatles played at various times from 1960 to 1962, including the Indra club and Star Club.","(53.549838, 9.957293)",wikivoyage,red
2,Grosse Freiheit ,53.550556,9.9575, , ,See_Sankt Pauli,"In the pedestrian street there are a lot of bars and clubs - a great place to go in the evening, although it's very crowded and it may get a bit dangerous in the weekend. On weekdays, it is harmless here - a low-budget tip is, 99 Cent Bar, which offers really many drinks for basically €1. On the weekend, you will have to pay an entrance fee of €1 but it's still the best place to go drinking on a budget. The street was named in 1610 after the fact that Count Ernest of Schaumburg and Holstein-Pinneberg had granted religious freedom to non-Lutherans such as Mennonites and Roman Catholics to practice their faith here and commercial freedom for handcrafters not enrolled in the else compelling guilds. Today it is part of the red light district.","(53.550556, 9.9575)",wikivoyage,red
3,Hans-Albers-Platz ,53.54867,9.96087, , ,See_Sankt Pauli,Between Reeperbahn and Herbertstraße there's a memorial for an actor who was advertising the Kiez (Reeperbahn). Especially the movie ''Große Freiheit Nummer 7'' helped making the Kiez famous.,"(53.54867, 9.96087)",wikivoyage,red
0,Herbertstraße ,53.54807,9.96162, , ,See_Sankt Pauli,"The epicenter of the red-light district, this short street runs parallel to Reeperbahn is closed off by gates from both ends. Adults only and photography is strictly banned.","(53.54807, 9.96162)",wikivoyage,red
0,Spielbudenplatz ,53.54956,9.9649, , ,See_Sankt Pauli,"The place got its name from the entertainers putting up shows here for sailors from all over the world back in the day. For example Mr. Hagenback (who opened the zoo park in the city) showcased his sea lions here. Today it is surrounded by several venues including '''St. Pauli theater''', '''Schmidt's Tivoli''' , '''Schmidt's Theater''' and '''Operettenhaus'''.","(53.54956, 9.9649)",wikivoyage,red
0,Hafenstraße ,53.546389,9.959444, , ,See_Sankt Pauli_Streets and squares,"The street was a place for squatters in the 1980s and was well known by the media when there were ""battles"" between the Autonomous movement and the police. Some squats still exist there, though the ""80s-Myth"" is dead. You can go to the Punksbar ""onkel otto"" or eat at the ""VoKü"" (""Volxküche"" - a group cooking event, at which the meal is served free of charge or at cost).","(53.546389, 9.959444)",wikivoyage,red
1,Beatles-Platz ,53.549838,9.957293, , ,See_Sankt Pauli_Streets and squares,"There is a sculpture honouring the Beatles. Also in the Reeperbahn area are clubs where the Beatles played at various times from 1960 to 1962, including the Indra club and Star Club.","(53.549838, 9.957293)",wikivoyage,red
2,Grosse Freiheit ,53.550556,9.9575, , ,See_Sankt Pauli_Streets and squares,"In the pedestrian street there are a lot of bars and clubs - a great place to go in the evening, although it's very crowded and it may get a bit dangerous in the weekend. On weekdays, it is harmless here - a low-budget tip is, 99 Cent Bar, which offers really many drinks for basically €1. On the weekend, you will have to pay an entrance fee of €1 but it's still the best place to go drinking on a budget. The street was named in 1610 after the fact that Count Ernest of Schaumburg and Holstein-Pinneberg had granted religious freedom to non-Lutherans such as Mennonites and Roman Catholics to practice their faith here and commercial freedom for handcrafters not enrolled in the else compelling guilds. Today it is part of the red light district.","(53.550556, 9.9575)",wikivoyage,red
3,Hans-Albers-Platz ,53.54867,9.96087, , ,See_Sankt Pauli_Streets and squares,Between Reeperbahn and Herbertstraße there's a memorial for an actor who was advertising the Kiez (Reeperbahn). Especially the movie ''Große Freiheit Nummer 7'' helped making the Kiez famous.,"(53.54867, 9.96087)",wikivoyage,red
0,Herbertstraße ,53.54807,9.96162, , ,See_Sankt Pauli_Streets and squares,"The epicenter of the red-light district, this short street runs parallel to Reeperbahn is closed off by gates from both ends. Adults only and photography is strictly banned.","(53.54807, 9.96162)",wikivoyage,red
0,Spielbudenplatz ,53.54956,9.9649, , ,See_Sankt Pauli_Streets and squares,"The place got its name from the entertainers putting up shows here for sailors from all over the world back in the day. For example Mr. Hagenback (who opened the zoo park in the city) showcased his sea lions here. Today it is surrounded by several venues including '''St. Pauli theater''', '''Schmidt's Tivoli''' , '''Schmidt's Theater''' and '''Operettenhaus'''.","(53.54956, 9.9649)",wikivoyage,red
0,Rote Flora ,53.56199,9.9615, ,https://www.nadir.org/nadir/initiativ/roteflora/ ,See_Schanzenviertel,"This building used to be the last squatted house in Hamburg, it's now left to the squatters for free by the owner. During the week, it is turned into a café, concerts of various styles or other events may also take place. On some days there is cheap (mostly vegan) food available. You can sometimes find fantastic parties for small prices on Friday and Saturday.","(53.56199, 9.9615)",wikivoyage,red
0,Christianskirche ,53.546944,9.932778, , ,See_Ottensen,Baroque church in Ottensen.,"(53.546944, 9.932778)",wikivoyage,red
1,Zeise Hallen ,53.5543,9.9267,Friedensallee 7-9 ,https://www.hamburg.de/altona/baudenkmaeler/2847142/zeisehallen/ ,See_Ottensen,"The halls were built in 1857 for the Zeise company manufacturing ship parts. The company went bust in 1979, and nowadays the cultural heritage building is used as a cultural center with a movie theater.","(53.5543, 9.9267)",wikivoyage,red
0,Planten un Blomen ,53.561111,9.983333, ,http://www.plantenunblomen.hamburg.de/ ,See_Parks,"This park is partially on the old city wall of Hamburg. Already in the 1930s the former zoological park was remodeled into a bird and entertainment park for the Lower German Garden Exhibition (Niederdeutsche Gartenschau). Afterwards it was rebuilt for three international garden shows in 1953, 1963 and 1973. The botanical garden was turned into a park landscape, and was moved to Klein Flottbek in [[Hamburg/Altona-St. Pauli","(53.561111, 9.983333)",wikivoyage,red
1,Jenisch park ,53.5525,9.865556, , ,See_Parks,"The oldest landscaped park in Hamburg. Two museums, Jenisch House and Ernst Barlach House, are in the park. Flottbek River flows through the park and into the Elbe at Teufelsbrück.","(53.5525, 9.865556)",wikivoyage,red
2,Baurs Park ,53.556389,9.814167, , ,See_Parks,Nice park with views to the Elbe river.,"(53.556389, 9.814167)",wikivoyage,red
3,Loki Schmidt Garten ,53.562222,9.861111,Ohnhorststraße ,https://www.biologie.uni-hamburg.de/loki-schmidt-garten.html ,See_Parks,"For a century and a half, the botanical garden was situated in the current Planten un Blomen park, where the tropical greenhouses still remain. In 1979, the botanical garden was relocated to its current place in the Klein Flottbek district. In the southern part of the park there are several themed gardens with medical plants, farm plants, plants featured in the Bible, conifers, fragnant plants, poisonous plants, threatened plants, crops, roses and a desert garden. The central part is dedicated to the science categorizing plants. There you can see plants from temperate parts of the world; Eurasia, North America and far southern South America. In the Alpinium there are plants from the high mountain areas of Europe. The park is named Loki Schmidt garden after the biologist Loki Schmidt, wife of the former German federal chancellor Helmut Schmidt.","(53.562222, 9.861111)",wikivoyage,red
0,St. Pauli Theater ,53.54915,9.96297, ,http://www.st-pauli-theater.de ,Do,It opened in 1841 as the Urania Theater and took its present name in 1941.,"(53.54915, 9.96297)",wikivoyage,red
1,Schmidt Theater ,53.5491358,9.9638746, ,https://www.tivoli.de/ ,Do,"Schmidt Theater is a private theater at Spielbudenplatz. It consists of two venues, the ''Schmidt Theater'' itself and the ''Schmidts Tivoli'' (also known as ''Grosses Haus''), which is just a stone's throw away.","(53.5491358, 9.9638746)",wikivoyage,red
0,--,53.5460882,9.9608881,,,Do,,"(53.5460882, 9.9608881)",wikivoyage,red
0,--,53.5460882,9.9608881,,,Do,,"(53.5460882, 9.9608881)",wikivoyage,red
0,--,53.5460882,9.9608881,,,Do, Travestieshow ,"(53.5460882, 9.9608881)",wikivoyage,red
0,--,53.5460882,9.9608881,,,Do,,"(53.5460882, 9.9608881)",wikivoyage,red
0,Hafenrundfahrten,53.5454199,9.9640059,,,Do,"From Landungsbrücken, you can make boat tours into the harbour, available from various companies and take around an hour. Big ships provide more comfort, but smaller ships also go through the Speicherstadt. Both are well worth the money. Inquire about English language tours.","(53.5454199, 9.9640059)",wikivoyage,red
0,HADAG Ferries ,0.0,0.0, , ,Do,"A low-budget alternative for a boat tour on the river Elbe. A part of Hamburg's public transport system (HVV). If you have already bought a HVV day ticket, the ride is free. Most tourists take ferry 62 from Landungsbrücken to Finkenwerder, via Neumühlen with the museum harbour Oevelgönne. The whole ride to Finkenwerder and return takes about an hour, and on weekends with good weather this ferry will be very full. In Finkenwerder, you can continue with another ferry to Teufelsbrück (Line 64 which is also part of the HVV) or just walk around on this island, which is a quarter of Hamburg. It has nice old houses, some places to eat and a great view of the harbor business as it is close to the container terminal. Another route from Landungsbrücken is the ferry line number 72 in the Hafencity to the station Elbphilharmonie. You have a good view to the harbour with the Überseebrücke and Sandtorhöft.","(0, 0)",wikivoyage,red
0,On Stage ,53.55055,9.93321,Am Felde 56 ,http://www.on-stage.de/ ,Do,Fitness center and dance studio.,"(53.55055, 9.93321)",wikivoyage,red
0,--,53.5460882,9.9608881,,,Do,,"(53.5460882, 9.9608881)",wikivoyage,red
1,--,53.5460882,9.9608881,,,Do,,"(53.5460882, 9.9608881)",wikivoyage,red
0,St. Pauli Theater ,53.54915,9.96297, ,http://www.st-pauli-theater.de ,Do_Theater,It opened in 1841 as the Urania Theater and took its present name in 1941.,"(53.54915, 9.96297)",wikivoyage,red
1,Schmidt Theater ,53.5491358,9.9638746, ,https://www.tivoli.de/ ,Do_Theater,"Schmidt Theater is a private theater at Spielbudenplatz. It consists of two venues, the ''Schmidt Theater'' itself and the ''Schmidts Tivoli'' (also known as ''Grosses Haus''), which is just a stone's throw away.","(53.5491358, 9.9638746)",wikivoyage,red
0,--,53.5460882,9.9608881,,,Do_Theater,,"(53.5460882, 9.9608881)",wikivoyage,red
0,--,53.5460882,9.9608881,,,Do_Theater,,"(53.5460882, 9.9608881)",wikivoyage,red
0,--,53.5460882,9.9608881,,,Do_Theater, Travestieshow ,"(53.5460882, 9.9608881)",wikivoyage,red
0,--,53.5460882,9.9608881,,,Do_Theater,,"(53.5460882, 9.9608881)",wikivoyage,red
0,Hafenrundfahrten,53.5454199,9.9640059,,,Do_Harbour cruises,"From Landungsbrücken, you can make boat tours into the harbour, available from various companies and take around an hour. Big ships provide more comfort, but smaller ships also go through the Speicherstadt. Both are well worth the money. Inquire about English language tours.","(53.5454199, 9.9640059)",wikivoyage,red
0,HADAG Ferries ,0.0,0.0, , ,Do_Harbour cruises,"A low-budget alternative for a boat tour on the river Elbe. A part of Hamburg's public transport system (HVV). If you have already bought a HVV day ticket, the ride is free. Most tourists take ferry 62 from Landungsbrücken to Finkenwerder, via Neumühlen with the museum harbour Oevelgönne. The whole ride to Finkenwerder and return takes about an hour, and on weekends with good weather this ferry will be very full. In Finkenwerder, you can continue with another ferry to Teufelsbrück (Line 64 which is also part of the HVV) or just walk around on this island, which is a quarter of Hamburg. It has nice old houses, some places to eat and a great view of the harbor business as it is close to the container terminal. Another route from Landungsbrücken is the ferry line number 72 in the Hafencity to the station Elbphilharmonie. You have a good view to the harbour with the Überseebrücke and Sandtorhöft.","(0, 0)",wikivoyage,red
0,On Stage ,53.55055,9.93321,Am Felde 56 ,http://www.on-stage.de/ ,Do_Fitness,Fitness center and dance studio.,"(53.55055, 9.93321)",wikivoyage,red
0,--,53.5460882,9.9608881,,,Do_Sports,,"(53.5460882, 9.9608881)",wikivoyage,red
1,--,53.5460882,9.9608881,,,Do_Sports,,"(53.5460882, 9.9608881)",wikivoyage,red
0,Hot Dogs ,53.55822,9.97055,Marktstraße 38 , ,Buy,Best assorted true vintage and deadstock clothing of the past 15 to 90 years you will be able to find at Hot Dogs.,"(53.55822, 9.97055)",wikivoyage,red
1,Kleidermarkt ,53.55851,9.9499,Max-Brauer-Allee 174 , ,Buy,New and second-hand.,"(53.55851, 9.9499)",wikivoyage,red
0,Hot Dogs ,53.55822,9.97055,Marktstraße 38 , ,Buy_Vintage and second-hand fashion,Best assorted true vintage and deadstock clothing of the past 15 to 90 years you will be able to find at Hot Dogs.,"(53.55822, 9.97055)",wikivoyage,red
1,Kleidermarkt ,53.55851,9.9499,Max-Brauer-Allee 174 , ,Buy_Vintage and second-hand fashion,New and second-hand.,"(53.55851, 9.9499)",wikivoyage,red
0,St. Pauli Fischmarkt ,53.54578,9.95219,,,Eat,"For Germans, it's a classic to eat bread with fish on St. Pauli Fischmarkt, especially very early in the Sunday morning (meaning 05:00 - 09:30) when visiting Hamburg. If for breakfast or as an after-party snack may depend on your inner clock, but if you are a fresh fish lover it is absolutely worth it since this fish was just fished during the night in Nordsee.","(53.54578, 9.95219)",wikivoyage,red
1,Joker ,53.54946,9.95767,Reeperbahn 153 , ,Eat,Great for a quick bite before going out in the area. Try the Oriental Chicken!,"(53.54946, 9.95767)",wikivoyage,red
2,Lühmanns Teestube ,53.5637,9.8082,Blankeneser Landstraße 29 ,http://www.luehmanns-teestube.de/ ,Eat,"Friendly local café. Light fare and local specialties, wonderful pies, and baked goods. Their Cornish tea with fresh scones is worth trying.","(53.5637, 9.8082)",wikivoyage,red
3,Feldstern ,53.558,9.9674,Sternstraße 2 , ,Eat,Cozy pub/restaurant with affordable German food and outside seating in the summer. Nice lunch menu from 12:00-16:00 on weekdays.,"(53.558, 9.9674)",wikivoyage,red
4,Ristorante Borsalino ,53.56222,9.96783, ,http://www.ristorante-borsalino.de ,Eat,"Sternstraße 125, three minutes from S-Bahn station Sternschanze in the trendy neighbourhood of Schanzenviertel. Pizzas start from €6, fresh pasta is around €7-10 (try Pasta Mista), the meat dishes are delicious (it is right next to the ""Schlachthof""-Slaughterhouse) and the four course menu is at €19.50. From 12:00-15:00 they serve a lunch menu for €6.50. Reservations recommended.","(53.56222, 9.96783)",wikivoyage,red
5,Kombüse ,53.546871,9.960631,Bernhard Nocht Str 51 ,https://www.facebook.com/BurritoHamburg ,Eat,"Mexican meets Hamburg punk/alternative. Excellent fresh ingredients. Vegan & veggie options (but also meat for the carnivores), with a huge range of hot sauces. Prices are low (€10.50 or less as of April 2015) and portions are huge.","(53.546871, 9.960631)",wikivoyage,red
0,Köz Urfa ,53.5526,9.9363,Paul-Nevermann-Platz 2-4 ,http://www.kozurfa.de ,Eat,,"(53.5526, 9.9363)",wikivoyage,red
1,Lokmam ,53.56239,9.96399,Susannenstraße 16 , ,Eat,It is not without reason that a lot of Turkish people love this place. Take the S11/S31 subway and get out at Sternschanze. From there Lokmam is seven minutes away.,"(53.56239, 9.96399)",wikivoyage,red
2,Pamukkale Grill and Restaurant ,53.56245,9.96348,Susannenstraße 34-35 , ,Eat,One of the oldest Doener stores in Hamburg. Operates a takeaway bistro and a restaurant.,"(53.56245, 9.96348)",wikivoyage,red
0,Falafel factory ,53.56402,9.96525,Schanzenstraße 101 , ,Eat,,"(53.56402, 9.96525)",wikivoyage,red
1, Azeitona ,53.55881,9.96532,Beckstraße 17-19 , ,Eat,There you can also get other great oriental food and smoke a shisha.,"(53.55881, 9.96532)",wikivoyage,red
2,Falafelstern ,53.56441,9.96535,Schanzenstraße 111 , ,Eat,,"(53.56441, 9.96535)",wikivoyage,red
0,Bullerei ,53.56313,9.96614,"Lagerstraße 34, B ",http://www.bullerei.com/ ,Eat,Modern and cool steak restaurant.,"(53.56313, 9.96614)",wikivoyage,red
1,Delta Bistro ,53.56201,9.97156,Lagerstraße 11 ,http://www.delta-hamburg.de/en/bistro-start.php ,Eat,"Surprisingly cozy atmosphere. High quality meat and fish, but the menu offers some vegetarian dishes, too. Dishes are huge and the preparation quality comes close to star-awarded locations. It is advisable to reserve a table in advance, especially on Fridays and Saturdays in the autumn and winter months.","(53.56201, 9.97156)",wikivoyage,red
0,Fischereihafen-Restaurant ,53.54449,9.93589,Große Elbstraße 143 ,http://www.fischereihafen-restaurant-hamburg.de/ ,Eat,"Große Elbstraße 143. Excellent view of parts of the port and the river Elbe. Many celebs have dined here, including English royals.","(53.54449, 9.93589)",wikivoyage,red
0,St. Pauli Fischmarkt ,53.54578,9.95219,,,Eat_Budget,"For Germans, it's a classic to eat bread with fish on St. Pauli Fischmarkt, especially very early in the Sunday morning (meaning 05:00 - 09:30) when visiting Hamburg. If for breakfast or as an after-party snack may depend on your inner clock, but if you are a fresh fish lover it is absolutely worth it since this fish was just fished during the night in Nordsee.","(53.54578, 9.95219)",wikivoyage,red
1,Joker ,53.54946,9.95767,Reeperbahn 153 , ,Eat_Budget,Great for a quick bite before going out in the area. Try the Oriental Chicken!,"(53.54946, 9.95767)",wikivoyage,red
2,Lühmanns Teestube ,53.5637,9.8082,Blankeneser Landstraße 29 ,http://www.luehmanns-teestube.de/ ,Eat_Budget,"Friendly local café. Light fare and local specialties, wonderful pies, and baked goods. Their Cornish tea with fresh scones is worth trying.","(53.5637, 9.8082)",wikivoyage,red
3,Feldstern ,53.558,9.9674,Sternstraße 2 , ,Eat_Budget,Cozy pub/restaurant with affordable German food and outside seating in the summer. Nice lunch menu from 12:00-16:00 on weekdays.,"(53.558, 9.9674)",wikivoyage,red
4,Ristorante Borsalino ,53.56222,9.96783, ,http://www.ristorante-borsalino.de ,Eat_Budget,"Sternstraße 125, three minutes from S-Bahn station Sternschanze in the trendy neighbourhood of Schanzenviertel. Pizzas start from €6, fresh pasta is around €7-10 (try Pasta Mista), the meat dishes are delicious (it is right next to the ""Schlachthof""-Slaughterhouse) and the four course menu is at €19.50. From 12:00-15:00 they serve a lunch menu for €6.50. Reservations recommended.","(53.56222, 9.96783)",wikivoyage,red
5,Kombüse ,53.546871,9.960631,Bernhard Nocht Str 51 ,https://www.facebook.com/BurritoHamburg ,Eat_Budget,"Mexican meets Hamburg punk/alternative. Excellent fresh ingredients. Vegan & veggie options (but also meat for the carnivores), with a huge range of hot sauces. Prices are low (€10.50 or less as of April 2015) and portions are huge.","(53.546871, 9.960631)",wikivoyage,red
0,Köz Urfa ,53.5526,9.9363,Paul-Nevermann-Platz 2-4 ,http://www.kozurfa.de ,Eat_Budget,,"(53.5526, 9.9363)",wikivoyage,red
1,Lokmam ,53.56239,9.96399,Susannenstraße 16 , ,Eat_Budget,It is not without reason that a lot of Turkish people love this place. Take the S11/S31 subway and get out at Sternschanze. From there Lokmam is seven minutes away.,"(53.56239, 9.96399)",wikivoyage,red
2,Pamukkale Grill and Restaurant ,53.56245,9.96348,Susannenstraße 34-35 , ,Eat_Budget,One of the oldest Doener stores in Hamburg. Operates a takeaway bistro and a restaurant.,"(53.56245, 9.96348)",wikivoyage,red
0,Falafel factory ,53.56402,9.96525,Schanzenstraße 101 , ,Eat_Budget,,"(53.56402, 9.96525)",wikivoyage,red
1, Azeitona ,53.55881,9.96532,Beckstraße 17-19 , ,Eat_Budget,There you can also get other great oriental food and smoke a shisha.,"(53.55881, 9.96532)",wikivoyage,red
2,Falafelstern ,53.56441,9.96535,Schanzenstraße 111 , ,Eat_Budget,,"(53.56441, 9.96535)",wikivoyage,red
0,Köz Urfa ,53.5526,9.9363,Paul-Nevermann-Platz 2-4 ,http://www.kozurfa.de ,Eat_Budget_Döner,,"(53.5526, 9.9363)",wikivoyage,red
1,Lokmam ,53.56239,9.96399,Susannenstraße 16 , ,Eat_Budget_Döner,It is not without reason that a lot of Turkish people love this place. Take the S11/S31 subway and get out at Sternschanze. From there Lokmam is seven minutes away.,"(53.56239, 9.96399)",wikivoyage,red
2,Pamukkale Grill and Restaurant ,53.56245,9.96348,Susannenstraße 34-35 , ,Eat_Budget_Döner,One of the oldest Doener stores in Hamburg. Operates a takeaway bistro and a restaurant.,"(53.56245, 9.96348)",wikivoyage,red
0,Falafel factory ,53.56402,9.96525,Schanzenstraße 101 , ,Eat_Budget_Falafel,,"(53.56402, 9.96525)",wikivoyage,red
1, Azeitona ,53.55881,9.96532,Beckstraße 17-19 , ,Eat_Budget_Falafel,There you can also get other great oriental food and smoke a shisha.,"(53.55881, 9.96532)",wikivoyage,red
2,Falafelstern ,53.56441,9.96535,Schanzenstraße 111 , ,Eat_Budget_Falafel,,"(53.56441, 9.96535)",wikivoyage,red
0,Bullerei ,53.56313,9.96614,"Lagerstraße 34, B ",http://www.bullerei.com/ ,Eat_Mid-range,Modern and cool steak restaurant.,"(53.56313, 9.96614)",wikivoyage,red
1,Delta Bistro ,53.56201,9.97156,Lagerstraße 11 ,http://www.delta-hamburg.de/en/bistro-start.php ,Eat_Mid-range,"Surprisingly cozy atmosphere. High quality meat and fish, but the menu offers some vegetarian dishes, too. Dishes are huge and the preparation quality comes close to star-awarded locations. It is advisable to reserve a table in advance, especially on Fridays and Saturdays in the autumn and winter months.","(53.56201, 9.97156)",wikivoyage,red
0,Fischereihafen-Restaurant ,53.54449,9.93589,Große Elbstraße 143 ,http://www.fischereihafen-restaurant-hamburg.de/ ,Eat_Splurge,"Große Elbstraße 143. Excellent view of parts of the port and the river Elbe. Many celebs have dined here, including English royals.","(53.54449, 9.93589)",wikivoyage,red
0,The Academy ,53.54893,9.96114,Hans-Albers-Platz 16 ,http://theacademy-hh.de ,Drink,People in wheelchairs not always welcome.,"(53.54893, 9.96114)",wikivoyage,red
1,Molly Malone ,53.54861,9.96111,Hans-Albers-Platz 20 ,http://www.molly-malone-hh.de/ ,Drink,,"(53.54861, 9.96111)",wikivoyage,red
2,Lehmitz ,53.55006,9.96629,Reeperbahn 17 , ,Drink,,"(53.55006, 9.96629)",wikivoyage,red
3,Thomas Read ,53.55011,9.95673,Nobistor 10 ,https://www.thomasread.de,Drink,Irish pub.,"(53.55011, 9.95673)",wikivoyage,red
4,Molotow/Top Ten Bar ,53.5497,9.95946,Reeperbahn 136 ,http://www.molotowclub.com ,Drink,Concert location and club.,"(53.5497, 9.95946)",wikivoyage,red
5,Knust ,53.5581,9.968,Neuer Kamp 30 ,https://www.knusthamburg.de ,Drink,Concert location and club,"(53.5581, 9.968)",wikivoyage,red
6,Headcrash ,53.55079,9.96114,Hamburger Berg 13 ,http://www.headcrash-hamburg.com/ ,Drink,Concert location and club.,"(53.55079, 9.96114)",wikivoyage,red
0,Baalsaal ,53.55006,9.96612,Reeperbahn 25 ,http://www.baalsaal.com ,Drink,"St. Pauli, ext to the Spielbudenplatz. Usually house and electro, sometimes drum'n'bass.","(53.55006, 9.96612)",wikivoyage,red
1,Uebel und Gefährlich ,53.5565,9.9702,Feldstraße 66 ,http://www.uebelundgefaehrlich.com ,Drink,"In a former bunker from World War II, it can be found near St. Pauli in Feldstraße. Easy to reach with the metro U3. Music used to be more hard house and electro but is changing nowadays from day to day.","(53.5565, 9.9702)",wikivoyage,red
2,Tunnel ,53.55037,9.95764,Große Freiheit 10 ,http://www.tunnel.de ,Drink,"If you are more into Trance, Techno and Schranz the Tunnel might be a good place.","(53.55037, 9.95764)",wikivoyage,red
3,--,53.5460882,9.9608881,,,Drink,,"(53.5460882, 9.9608881)",wikivoyage,red
0,Cafe Klatsch ,53.5586,9.9726,Glashüttenstraße 17 , ,Drink,A small cafe serving breakfast and other tidbits in a very cozy environment with friendly staff.,"(53.5586, 9.9726)",wikivoyage,red
1,La Tazza d'oro ,53.55165,9.92743,Ottenser Hauptstraße 53 , ,Drink,,"(53.55165, 9.92743)",wikivoyage,red
2,MarYSol ,53.55208,9.9291,Ottenser Hauptstraße 36 , ,Drink,A tapas bar.,"(53.55208, 9.9291)",wikivoyage,red
3,Piazza ,53.56239,9.96184, , ,Drink,"You will find a lot of bars and cafés here, many of Portuguese or Spanish background.","(53.56239, 9.96184)",wikivoyage,red
0,Christiansen's Fine Drinks & Cocktails ,53.54635,9.95437,Pinnasberg 60 ,http://www.christiansens.de/ ,Drink,"Award-winning bar (Playboy Bar of the Year 1998, Best Bartender 2000, Marcellinos Top 10, etc.), open M-Sa at 20:00.","(53.54635, 9.95437)",wikivoyage,red
1,BPSchanzen1 ,53.56208,9.96223, ,http://www.myspace.com/barprojekt1 ,Drink,"A tiny bar that houses many different DJs. The atmosphere is very friendly and good music is played. It's opposite the house that is occupied by various leftist fractions. (The yellow building with all the graffiti, named 'rote Flora'.)","(53.56208, 9.96223)",wikivoyage,red
2,Gun Club ,53.5481381,9.9633364,Hopfenstraße 32 ,https://www.facebook.com/gunclubstpauli ,Drink,"Grungy but friendly punk bar in a cellar just off the Davidstraße. Came second in Hamburg Mexikanercontest (Mexikaner is a shot drink very similar to a bloody mary), and it shows - definitely the recommended drink here.","(53.5481381, 9.9633364)",wikivoyage,red
3,Komet ,53.5475732,9.9618858,Erichstraße 11 ,http://www.komet-st-pauli.de/ ,Drink,"1950s, 60s and 70s rock, soul, R&B and similar in an entirely appropriate setting with cinema couches, pulp film posters and a (rather decrepit) Wurlitzer.","(53.5475732, 9.9618858)",wikivoyage,red
4,Eldorado ,53.55589,9.962842,Wohlwillstraße 50 ,http://www.eldoradostpauli.de/ ,Drink,"1960s and 1970s music in entirely period setting, with wallpaper and ceiling that seem to be completely original and at least 40 years old, and furniture to match.","(53.55589, 9.962842)",wikivoyage,red
5,Shebeen ,53.5537997,9.9631893,Hein-Hoyer-Straße 78 ,https://www.facebook.com/ShebeenSanktPauli/ ,Drink,"Cheap & cheerful bar with minimalist decoration celebrating St.Pauli FC and other friendly clubs. It's a hangout of the St.Pauli Ultras. Outsiders very welcome, but if you don't agree with what St.Pauli stands for, this is not the place to be. After matches it can get a bit rough if the competition decides to come visit.","(53.5537997, 9.9631893)",wikivoyage,red
6,Washington-Bar ,53.54711,9.96159,Bernhard-Nocht Str. 79 ,http://www.washingtonbar.de/ ,Drink,Relaxed bar covered in Hunter S. Thompson quotes with atmosphere to match. Small dance floor with DJ who plays everything from psychedelic jazz to German hip-hop. Excellent selection of gin&tonics.,"(53.54711, 9.96159)",wikivoyage,red
7,Zur Ritze ,53.54984,9.9594,Reeperbahn 140 ,https://www.zurritze.com/ ,Drink,"Zur Ritze is fairly easy to find. It's near the Beatlesplatz at Reeperbahn; follow the signage down a small alley to the almost legendary door. The bar is almost always open, and it's a beautiful place to sit and talk all night. Having a nice night here won't break the bank, and it's a place to meet people who have made the Kiez the place it is today. The walls are full of photos, and in the basement there's a boxing ring where you can see local boxers training, and sometimes there are matches.","(53.54984, 9.9594)",wikivoyage,red
8,Pampa ,0.0,0.0,Cnr of Laeiszstrasse and Marktstrasse , ,Drink,The outdoor bars and cafes of Karolinenviertel merge with those of the southern part of the Schanzenviertel neighbourhood making one of Europe's great outdoor dining areas (at least in Summer). <br />Pampa Bar is a great example. Plenty of relaxed lounging under the trees. Friendly table service so you don't even have to stumble to the bar to order your next drink and a good range of tasty bar meals.,"(0, 0)",wikivoyage,red
0,kir ,53.5573,9.9317,Barnerstr. 16 ,http://www.kir-hamburg.de ,Drink,"Gay party called ""Love Pop"" on Wednesdays and every 2nd Friday in the month from 23:00.","(53.5573, 9.9317)",wikivoyage,red
0,Strandperle,53.5446,9.9053,Oevelgönne 60,https://www.strandperle-hamburg.de/,Drink,"Considered the only ""true"" beach club right at the Elbe river bank with undisturbed views of the passing ships.","(53.5446, 9.9053)",wikivoyage,red
0,Karo Beach,53.55701,9.96697,Neuer Kamp 31,http://www.karo-beach.de/,Drink,"Beachclub in Karo-Viertel. Big sand beach but no water, also family friendly.","(53.55701, 9.96697)",wikivoyage,red
0,Strand Pauli,53.546,9.9622,Hafenstraße 89,http://strandpauli.de/,Drink,"Beachclub on different floors right at Elbe, hence great views of the river from almost all places.","(53.546, 9.9622)",wikivoyage,red
0,Hamburg del Mar,53.546,9.9649,St.-Pauli-Landungsbrücken/Parkdeck,http://hamburg-del-mar.de/,Drink,"Beach club right at the Elbe bank, next to Dock 3. View to Elbe just from the front row.","(53.546, 9.9649)",wikivoyage,red
0,Dock 3,53.5459,9.9659,St.-Pauli-Landungsbrücken/Parkdeck,http://www.dock3beachclub.de/,Drink,"Beach club right at the Elbe bank, next to Hamburg del Mar. View to Elbe just from the front row.","(53.5459, 9.9659)",wikivoyage,red
0,The Academy ,53.54893,9.96114,Hans-Albers-Platz 16 ,http://theacademy-hh.de ,Drink_Live music (Rock),People in wheelchairs not always welcome.,"(53.54893, 9.96114)",wikivoyage,red
1,Molly Malone ,53.54861,9.96111,Hans-Albers-Platz 20 ,http://www.molly-malone-hh.de/ ,Drink_Live music (Rock),,"(53.54861, 9.96111)",wikivoyage,red
2,Lehmitz ,53.55006,9.96629,Reeperbahn 17 , ,Drink_Live music (Rock),,"(53.55006, 9.96629)",wikivoyage,red
3,Thomas Read ,53.55011,9.95673,Nobistor 10 ,https://www.thomasread.de,Drink_Live music (Rock),Irish pub.,"(53.55011, 9.95673)",wikivoyage,red
4,Molotow/Top Ten Bar ,53.5497,9.95946,Reeperbahn 136 ,http://www.molotowclub.com ,Drink_Live music (Rock),Concert location and club.,"(53.5497, 9.95946)",wikivoyage,red
5,Knust ,53.5581,9.968,Neuer Kamp 30 ,https://www.knusthamburg.de ,Drink_Live music (Rock),Concert location and club,"(53.5581, 9.968)",wikivoyage,red
6,Headcrash ,53.55079,9.96114,Hamburger Berg 13 ,http://www.headcrash-hamburg.com/ ,Drink_Live music (Rock),Concert location and club.,"(53.55079, 9.96114)",wikivoyage,red
0,Baalsaal ,53.55006,9.96612,Reeperbahn 25 ,http://www.baalsaal.com ,Drink_Party,"St. Pauli, ext to the Spielbudenplatz. Usually house and electro, sometimes drum'n'bass.","(53.55006, 9.96612)",wikivoyage,red
1,Uebel und Gefährlich ,53.5565,9.9702,Feldstraße 66 ,http://www.uebelundgefaehrlich.com ,Drink_Party,"In a former bunker from World War II, it can be found near St. Pauli in Feldstraße. Easy to reach with the metro U3. Music used to be more hard house and electro but is changing nowadays from day to day.","(53.5565, 9.9702)",wikivoyage,red
2,Tunnel ,53.55037,9.95764,Große Freiheit 10 ,http://www.tunnel.de ,Drink_Party,"If you are more into Trance, Techno and Schranz the Tunnel might be a good place.","(53.55037, 9.95764)",wikivoyage,red
3,--,53.5460882,9.9608881,,,Drink_Party,,"(53.5460882, 9.9608881)",wikivoyage,red
0,Cafe Klatsch ,53.5586,9.9726,Glashüttenstraße 17 , ,Drink_Cafes,A small cafe serving breakfast and other tidbits in a very cozy environment with friendly staff.,"(53.5586, 9.9726)",wikivoyage,red
1,La Tazza d'oro ,53.55165,9.92743,Ottenser Hauptstraße 53 , ,Drink_Cafes,,"(53.55165, 9.92743)",wikivoyage,red
2,MarYSol ,53.55208,9.9291,Ottenser Hauptstraße 36 , ,Drink_Cafes,A tapas bar.,"(53.55208, 9.9291)",wikivoyage,red
3,Piazza ,53.56239,9.96184, , ,Drink_Cafes,"You will find a lot of bars and cafés here, many of Portuguese or Spanish background.","(53.56239, 9.96184)",wikivoyage,red
0,Christiansen's Fine Drinks & Cocktails ,53.54635,9.95437,Pinnasberg 60 ,http://www.christiansens.de/ ,Drink_Bars,"Award-winning bar (Playboy Bar of the Year 1998, Best Bartender 2000, Marcellinos Top 10, etc.), open M-Sa at 20:00.","(53.54635, 9.95437)",wikivoyage,red
1,BPSchanzen1 ,53.56208,9.96223, ,http://www.myspace.com/barprojekt1 ,Drink_Bars,"A tiny bar that houses many different DJs. The atmosphere is very friendly and good music is played. It's opposite the house that is occupied by various leftist fractions. (The yellow building with all the graffiti, named 'rote Flora'.)","(53.56208, 9.96223)",wikivoyage,red
2,Gun Club ,53.5481381,9.9633364,Hopfenstraße 32 ,https://www.facebook.com/gunclubstpauli ,Drink_Bars,"Grungy but friendly punk bar in a cellar just off the Davidstraße. Came second in Hamburg Mexikanercontest (Mexikaner is a shot drink very similar to a bloody mary), and it shows - definitely the recommended drink here.","(53.5481381, 9.9633364)",wikivoyage,red
3,Komet ,53.5475732,9.9618858,Erichstraße 11 ,http://www.komet-st-pauli.de/ ,Drink_Bars,"1950s, 60s and 70s rock, soul, R&B and similar in an entirely appropriate setting with cinema couches, pulp film posters and a (rather decrepit) Wurlitzer.","(53.5475732, 9.9618858)",wikivoyage,red
4,Eldorado ,53.55589,9.962842,Wohlwillstraße 50 ,http://www.eldoradostpauli.de/ ,Drink_Bars,"1960s and 1970s music in entirely period setting, with wallpaper and ceiling that seem to be completely original and at least 40 years old, and furniture to match.","(53.55589, 9.962842)",wikivoyage,red
5,Shebeen ,53.5537997,9.9631893,Hein-Hoyer-Straße 78 ,https://www.facebook.com/ShebeenSanktPauli/ ,Drink_Bars,"Cheap & cheerful bar with minimalist decoration celebrating St.Pauli FC and other friendly clubs. It's a hangout of the St.Pauli Ultras. Outsiders very welcome, but if you don't agree with what St.Pauli stands for, this is not the place to be. After matches it can get a bit rough if the competition decides to come visit.","(53.5537997, 9.9631893)",wikivoyage,red
6,Washington-Bar ,53.54711,9.96159,Bernhard-Nocht Str. 79 ,http://www.washingtonbar.de/ ,Drink_Bars,Relaxed bar covered in Hunter S. Thompson quotes with atmosphere to match. Small dance floor with DJ who plays everything from psychedelic jazz to German hip-hop. Excellent selection of gin&tonics.,"(53.54711, 9.96159)",wikivoyage,red
7,Zur Ritze ,53.54984,9.9594,Reeperbahn 140 ,https://www.zurritze.com/ ,Drink_Bars,"Zur Ritze is fairly easy to find. It's near the Beatlesplatz at Reeperbahn; follow the signage down a small alley to the almost legendary door. The bar is almost always open, and it's a beautiful place to sit and talk all night. Having a nice night here won't break the bank, and it's a place to meet people who have made the Kiez the place it is today. The walls are full of photos, and in the basement there's a boxing ring where you can see local boxers training, and sometimes there are matches.","(53.54984, 9.9594)",wikivoyage,red
8,Pampa ,0.0,0.0,Cnr of Laeiszstrasse and Marktstrasse , ,Drink_Bars,The outdoor bars and cafes of Karolinenviertel merge with those of the southern part of the Schanzenviertel neighbourhood making one of Europe's great outdoor dining areas (at least in Summer). <br />Pampa Bar is a great example. Plenty of relaxed lounging under the trees. Friendly table service so you don't even have to stumble to the bar to order your next drink and a good range of tasty bar meals.,"(0, 0)",wikivoyage,red
0,kir ,53.5573,9.9317,Barnerstr. 16 ,http://www.kir-hamburg.de ,Drink_LGBT,"Gay party called ""Love Pop"" on Wednesdays and every 2nd Friday in the month from 23:00.","(53.5573, 9.9317)",wikivoyage,red
0,Strandperle,53.5446,9.9053,Oevelgönne 60,https://www.strandperle-hamburg.de/,Drink_Beach clubs,"Considered the only ""true"" beach club right at the Elbe river bank with undisturbed views of the passing ships.","(53.5446, 9.9053)",wikivoyage,red
0,Karo Beach,53.55701,9.96697,Neuer Kamp 31,http://www.karo-beach.de/,Drink_Beach clubs,"Beachclub in Karo-Viertel. Big sand beach but no water, also family friendly.","(53.55701, 9.96697)",wikivoyage,red
0,Strand Pauli,53.546,9.9622,Hafenstraße 89,http://strandpauli.de/,Drink_Beach clubs,"Beachclub on different floors right at Elbe, hence great views of the river from almost all places.","(53.546, 9.9622)",wikivoyage,red
0,Hamburg del Mar,53.546,9.9649,St.-Pauli-Landungsbrücken/Parkdeck,http://hamburg-del-mar.de/,Drink_Beach clubs,"Beach club right at the Elbe bank, next to Dock 3. View to Elbe just from the front row.","(53.546, 9.9649)",wikivoyage,red
0,Dock 3,53.5459,9.9659,St.-Pauli-Landungsbrücken/Parkdeck,http://www.dock3beachclub.de/,Drink_Beach clubs,"Beach club right at the Elbe bank, next to Hamburg del Mar. View to Elbe just from the front row.","(53.5459, 9.9659)",wikivoyage,red
0,AO Hostel Reeperbahn ,53.5501,9.9583,Reeperbahn 154 ,http://www.aohostels.com/en/hamburg/ ,Sleep,,"(53.5501, 9.9583)",wikivoyage,red
1,Backpackers St. Pauli ,53.5572,9.9587,Bernstorffstr. 98 ,http://www.backpackers-stpauli.de ,Sleep,,"(53.5572, 9.9587)",wikivoyage,red
2,Schanzenstern ,53.562,9.9649,Bartelsstraße 12 ,http://www.schanzenstern.de ,Sleep,"In the middle of the trendy quarter of Schanzenviertel, 50 beds.","(53.562, 9.9649)",wikivoyage,red
3,Instant Sleep Backpacker Hostel ,53.5637,9.9593,Max-Brauer-Allee 277 ,http://www.instantsleep.de/ ,Sleep,"45 beds, provides a kitchen. Also in Schanzenviertel.","(53.5637, 9.9593)",wikivoyage,red
4,Kiezbude ,53.5494,9.958,Lincolnstraße 2 ,http://www.kiezbude.com/ ,Sleep,"Peter, the owner has done a tremendous job of turning an old brothel into a very unique hostel. The rooms might remind you of their former purpose but are very clean and convenient.","(53.5494, 9.958)",wikivoyage,red
5,Schanzenstern Altona ,53.5537,9.9301,Kleine Rainstraße 24-26 ,http://www.schanzenstern-altona.de/ ,Sleep,70 beds.,"(53.5537, 9.9301)",wikivoyage,red
6,Superbude St. Pauli ,53.56042,9.96007,Juliusstraße 1 - 7 ,http://www.superbude.de/hostel-hamburg-st-pauli/ ,Sleep,"Cool area with lots of hip shops, bars and near the football stadium. Large and clean, safe neighborhood.","(53.56042, 9.96007)",wikivoyage,red
0,Meininger Hotel ,53.5545,9.9381,Goetheallee 11 ,http://www.meininger-hotels.com/en/hotels/hamburg/ ,Sleep,"Double rooms start at €45 per person, dormitory starts at €18. Breakfast €5.90. Distances: 0.5&nbsp;km Bahnhof Altona.","(53.5545, 9.9381)",wikivoyage,red
0,Elbe Camp ,0.0,0.0,Falkensteiner Ufer 101 ,http://www.elbecamp.de ,Sleep,One of few options in Hamburg for campers. Beautifully located right at the Elbe river. Great for ship spotters.,"(0, 0)",wikivoyage,red
0,NH Hamburg City ,53.557,9.9738,Feldstraße 53-58 ,http://www.nh-hotels.com/nh/en/hotels/germany/hamburg/nh-hamburg-city.html ,Sleep,119 suites available in a modern style.,"(53.557, 9.9738)",wikivoyage,red
0,--,53.5460882,9.9608881,,,Sleep, 13 rooms.,"(53.5460882, 9.9608881)",wikivoyage,red
0, Egon Hotel Hamburg City ,53.54999,9.954067, Königstraße 4 , https://www.egonhotel.com/,Sleep,,"(53.54999, 9.954067)",wikivoyage,red
0, Hotel-Hamburg-Altona,53.55374,9.93334, Hahnenkamp 8, http://www.hotel-hamburg-altona.de/ ,Sleep,,"(53.55374, 9.93334)",wikivoyage,red
0,East Hotel ,53.5513,9.9657,Simon-von-Utrecht Str. 31 ,http://www.east-hamburg.de ,Sleep,Designer hotel with one of the best lounges/bars in town. Very trendy and stylish.,"(53.5513, 9.9657)",wikivoyage,red
1,Empire Riverside Hotel ,53.5473,9.9632,Bernhard-Nocht-Straße 97 ,http://www.empire-riverside.de/ ,Sleep,A hotel in St. Pauli designed by David Chipperfield near ''Reeperbahn'' and the harbour. Each room is designed with a floor-length panoramic window that allow for a great view from any point in the room.,"(53.5473, 9.9632)",wikivoyage,red
2,Radisson Blu ,53.56151,9.9873,"Marseiller Straße, 2 ",https://www.radissonhotels.com/en-us/hotels/radisson-blu-hamburg ,Sleep,"4-star hotel next to the Botanical Gardens by Dammtor station, the upper floors have stunning views of the city and gardens. Connected to Conference Center Hamburg (CCH) and through it to the fairgrounds. Prices skyrocket during trade fairs.","(53.56151, 9.9873)",wikivoyage,red
0,AO Hostel Reeperbahn ,53.5501,9.9583,Reeperbahn 154 ,http://www.aohostels.com/en/hamburg/ ,Sleep_Budget,,"(53.5501, 9.9583)",wikivoyage,red
1,Backpackers St. Pauli ,53.5572,9.9587,Bernstorffstr. 98 ,http://www.backpackers-stpauli.de ,Sleep_Budget,,"(53.5572, 9.9587)",wikivoyage,red
2,Schanzenstern ,53.562,9.9649,Bartelsstraße 12 ,http://www.schanzenstern.de ,Sleep_Budget,"In the middle of the trendy quarter of Schanzenviertel, 50 beds.","(53.562, 9.9649)",wikivoyage,red
3,Instant Sleep Backpacker Hostel ,53.5637,9.9593,Max-Brauer-Allee 277 ,http://www.instantsleep.de/ ,Sleep_Budget,"45 beds, provides a kitchen. Also in Schanzenviertel.","(53.5637, 9.9593)",wikivoyage,red
4,Kiezbude ,53.5494,9.958,Lincolnstraße 2 ,http://www.kiezbude.com/ ,Sleep_Budget,"Peter, the owner has done a tremendous job of turning an old brothel into a very unique hostel. The rooms might remind you of their former purpose but are very clean and convenient.","(53.5494, 9.958)",wikivoyage,red
5,Schanzenstern Altona ,53.5537,9.9301,Kleine Rainstraße 24-26 ,http://www.schanzenstern-altona.de/ ,Sleep_Budget,70 beds.,"(53.5537, 9.9301)",wikivoyage,red
6,Superbude St. Pauli ,53.56042,9.96007,Juliusstraße 1 - 7 ,http://www.superbude.de/hostel-hamburg-st-pauli/ ,Sleep_Budget,"Cool area with lots of hip shops, bars and near the football stadium. Large and clean, safe neighborhood.","(53.56042, 9.96007)",wikivoyage,red
0,Meininger Hotel ,53.5545,9.9381,Goetheallee 11 ,http://www.meininger-hotels.com/en/hotels/hamburg/ ,Sleep_Budget,"Double rooms start at €45 per person, dormitory starts at €18. Breakfast €5.90. Distances: 0.5&nbsp;km Bahnhof Altona.","(53.5545, 9.9381)",wikivoyage,red
0,Elbe Camp ,0.0,0.0,Falkensteiner Ufer 101 ,http://www.elbecamp.de ,Sleep_Budget,One of few options in Hamburg for campers. Beautifully located right at the Elbe river. Great for ship spotters.,"(0, 0)",wikivoyage,red
0,AO Hostel Reeperbahn ,53.5501,9.9583,Reeperbahn 154 ,http://www.aohostels.com/en/hamburg/ ,Sleep_Budget_Hostels,,"(53.5501, 9.9583)",wikivoyage,red
1,Backpackers St. Pauli ,53.5572,9.9587,Bernstorffstr. 98 ,http://www.backpackers-stpauli.de ,Sleep_Budget_Hostels,,"(53.5572, 9.9587)",wikivoyage,red
2,Schanzenstern ,53.562,9.9649,Bartelsstraße 12 ,http://www.schanzenstern.de ,Sleep_Budget_Hostels,"In the middle of the trendy quarter of Schanzenviertel, 50 beds.","(53.562, 9.9649)",wikivoyage,red
3,Instant Sleep Backpacker Hostel ,53.5637,9.9593,Max-Brauer-Allee 277 ,http://www.instantsleep.de/ ,Sleep_Budget_Hostels,"45 beds, provides a kitchen. Also in Schanzenviertel.","(53.5637, 9.9593)",wikivoyage,red
4,Kiezbude ,53.5494,9.958,Lincolnstraße 2 ,http://www.kiezbude.com/ ,Sleep_Budget_Hostels,"Peter, the owner has done a tremendous job of turning an old brothel into a very unique hostel. The rooms might remind you of their former purpose but are very clean and convenient.","(53.5494, 9.958)",wikivoyage,red
5,Schanzenstern Altona ,53.5537,9.9301,Kleine Rainstraße 24-26 ,http://www.schanzenstern-altona.de/ ,Sleep_Budget_Hostels,70 beds.,"(53.5537, 9.9301)",wikivoyage,red
6,Superbude St. Pauli ,53.56042,9.96007,Juliusstraße 1 - 7 ,http://www.superbude.de/hostel-hamburg-st-pauli/ ,Sleep_Budget_Hostels,"Cool area with lots of hip shops, bars and near the football stadium. Large and clean, safe neighborhood.","(53.56042, 9.96007)",wikivoyage,red
0,Meininger Hotel ,53.5545,9.9381,Goetheallee 11 ,http://www.meininger-hotels.com/en/hotels/hamburg/ ,Sleep_Budget_Economy hotels,"Double rooms start at €45 per person, dormitory starts at €18. Breakfast €5.90. Distances: 0.5&nbsp;km Bahnhof Altona.","(53.5545, 9.9381)",wikivoyage,red
0,Elbe Camp ,0.0,0.0,Falkensteiner Ufer 101 ,http://www.elbecamp.de ,Sleep_Budget_Camping,One of few options in Hamburg for campers. Beautifully located right at the Elbe river. Great for ship spotters.,"(0, 0)",wikivoyage,red
0,NH Hamburg City ,53.557,9.9738,Feldstraße 53-58 ,http://www.nh-hotels.com/nh/en/hotels/germany/hamburg/nh-hamburg-city.html ,Sleep_Mid-range,119 suites available in a modern style.,"(53.557, 9.9738)",wikivoyage,red
0,--,53.5460882,9.9608881,,,Sleep_Mid-range, 13 rooms.,"(53.5460882, 9.9608881)",wikivoyage,red
0, Egon Hotel Hamburg City ,53.54999,9.954067, Königstraße 4 , https://www.egonhotel.com/,Sleep_Mid-range,,"(53.54999, 9.954067)",wikivoyage,red
0, Hotel-Hamburg-Altona,53.55374,9.93334, Hahnenkamp 8, http://www.hotel-hamburg-altona.de/ ,Sleep_Mid-range,,"(53.55374, 9.93334)",wikivoyage,red
0,East Hotel ,53.5513,9.9657,Simon-von-Utrecht Str. 31 ,http://www.east-hamburg.de ,Sleep_Splurge,Designer hotel with one of the best lounges/bars in town. Very trendy and stylish.,"(53.5513, 9.9657)",wikivoyage,red
1,Empire Riverside Hotel ,53.5473,9.9632,Bernhard-Nocht-Straße 97 ,http://www.empire-riverside.de/ ,Sleep_Splurge,A hotel in St. Pauli designed by David Chipperfield near ''Reeperbahn'' and the harbour. Each room is designed with a floor-length panoramic window that allow for a great view from any point in the room.,"(53.5473, 9.9632)",wikivoyage,red
2,Radisson Blu ,53.56151,9.9873,"Marseiller Straße, 2 ",https://www.radissonhotels.com/en-us/hotels/radisson-blu-hamburg ,Sleep_Splurge,"4-star hotel next to the Botanical Gardens by Dammtor station, the upper floors have stunning views of the city and gardens. Connected to Conference Center Hamburg (CCH) and through it to the fairgrounds. Prices skyrocket during trade fairs.","(53.56151, 9.9873)",wikivoyage,red
0,Museum für Kunst und Gewerbe ,53.551111,10.009444,"Steintorplatz, just to the southeast of Hauptbahnhof ",http://www.mkg-hamburg.de/en/home.html ,See,"The museum is a leading centre for art, applied art, and design. Its collections of work from Europe and the Middle and the Far East are of the finest-quality and span all epochs from the Ancient World to the present day. They also have many activities and concerts (see the Classical Music section). The museum is housed in an 18th-century palace, which has the original roofs and ceilings.","(53.551111, 10.009444)",wikivoyage,red
0,Dreieinigkeitskirche St. Georg ,53.556389,10.007778, , ,See,Baroque church in Sankt Georg.,"(53.556389, 10.007778)",wikivoyage,red
1,St.-Marien-Dom St. Georg ,53.557656,10.013669, ,https://www.mariendomhamburg.de/ ,See,"Since 1995, this neo-romanesque church is the cathedral of the youngest Roman Catholic archbishop of Germany. Though the church has not the splendor one might expect, next to it you may find the first statue world wide of the late pope, John-Paul II.","(53.557656, 10.013669)",wikivoyage,red
0,Bergedorf Castle ,0.0,0.0,Bergedorfer Schloßstraße 4 ,https://www.bergedorfer-museumslandschaft.de/ ,See,"This is the only preserved castle inside the city borders of Hamburg, and it has been mentioned in documents in the 14th century. Since 1953 it houses a museum of Bergedorf and the Vierlande region. The idyllic castle park has been protected since 1926.","(0, 0)",wikivoyage,red
0,Bergedorf City Hall ,0.0,0.0,Wentorfer Str. 38 ,http://www.hamburg.de/sehenswuerdigkeiten/4366012/rathaus-bergedorf/ ,See,"This castle-like villa was built in 1898-99 and has hosted the city government of Bergedorf since 1927. It is also open to visitors, as is the 35 m high city hall tower (Rathausturm). There is a park (Rathauspark) behind the city hall with a scene, playground, stream and garden artworks.","(0, 0)",wikivoyage,red
0,Hamburger Sternwarte ,0.0,0.0, ,http://www.hs.uni-hamburg.de/ ,See,The astrophysics faculty of the Universität Hamburg is spread over a big park with protected neobaroque buildings with historical equipment for astronomy science including different telescopes. There's a visitor center with a café and tours every Sunday or by appointment.,"(0, 0)",wikivoyage,red
0,Petri und Pauli Kirche ,0.0,0.0, ,https://stpetriundpauli-bergedorf.de/joomla3/ ,See,"A Lutheran church, and together with the castle the most important historical building in Bergedorf. The first church was built here in 1162, the current one was opened in 1502.","(0, 0)",wikivoyage,red
0,Kirche St. Michael ,0.0,0.0, , ,See,"Built in 1955 in the form of a white cube extended in the east by the altar room, in the north by the sacristy and in the west by the lobby. The church is in the middle of the old graveyard.","(0, 0)",wikivoyage,red
0,Catholic church St.Mary ,0.0,0.0, ,http://www.katholische-kirchen-bergedorf.de/ ,See,,"(0, 0)",wikivoyage,red
0,Franz-von-Assisi-Kirche ,53.483056,10.174472, ,http://www.bergedorfer-marschen.de/franzvonassisi.0.html ,See,"One of the newest churches in the region, this Lutheran church was inaugurated in 1993. The 40-m-high church tower is visible from far away.","(53.483056, 10.174472)",wikivoyage,red
0,Edith-Stein-Kirche ,53.48647,10.18055, ,http://www.katholische-kirchen-bergedorf.de/ ,See,A modern Catholic church building inaugurated in 1993. It is a round church with a flat roof rising up towards the altar.,"(53.48647, 10.18055)",wikivoyage,red
0,Rieck Haus - Vierländer Freilichtmuseum ,0.0,0.0,Curlsacker Deich 284 ,http://www.bergedorfer-museumslandschaft.de/ueber-uns/freilichtmuseum-rieck-haus/ ,See,"Open-air museum showcasing the rural life in the Vierlanden before the industrial revolution. The premises was an active farm operated by the Rieck family up until WWII. There are still farm animals there, and several hands-on experiences for visitors such as milking cows.","(0, 0)",wikivoyage,red
0,Riepenburger Mühle ,0.0,0.0, ,http://www.riepenburger-muehle.com/ ,See,"Windmill built in 1828, though the first windmill at this place was already built in 1318. It has a [https://www.riepenburger-mühlenladen.de/ shop and café], and in the nearby former warehouse there's an interesting [https://www.kunsthandwerkerei.de/ shop with local art].","(0, 0)",wikivoyage,red
0,Hof Eggers ,0.0,0.0, ,http://www.hof-eggers.de/neuigkeiten.html ,See,"Farm open to visitors with a café, shop, and four cottages.","(0, 0)",wikivoyage,red
0,Reitbrooker Mühle ,53.4671862,10.1719143, , ,See,"Built in 1870, this windmill is next to the Reitbrooker Mühlenbrücke (""mill bridge""). This is a so-called ""Galerieholländer"" windmill; a square two-story stone building with a wooden octagon building on the top. It was used until as a windmill 1938 or 1939, and became a protected building in 1942. It still functions as a mill, albeit not a wind powered one. When the fodder shop is open, you can also see the mill from the inside.","(53.4671862, 10.1719143)",wikivoyage,red
0,Kirche St. Severini ,0.0,0.0, , ,See,"The biggest church in the Vierlande region. First built as a stone church in 1319, and thoroughly renovated in the late 18th century.","(0, 0)",wikivoyage,red
0,Kirche St. Johannis ,0.0,0.0, , ,See,"After an earlier church, presumably made of rocks, was destroyed by flooding, this timber-framed one was built in 1599-1603. It is an open church and as such can generally be visited anytime (during daytime).","(0, 0)",wikivoyage,red
0,Kirche St. Nicolai ,0.0,0.0, , ,See,"First mentioned in documents from 1247, this is the oldest of the village churches in the Vierlande.","(0, 0)",wikivoyage,red
0,Kirche St. Johannis,0.0,0.0, , ,See,"The oldest major church in Hamburg, mentioned in documents from 1261. It has been remodeled and expanded several times, though part of the walls are still from the 13th century. The wooden 26.2-m-high church tower was constructed in 1630.","(0, 0)",wikivoyage,red
0,St. Pankratius ,53.47591,10.08511, , ,See,"This 17th-century church features carvings depicting scenes from the Old and New Testaments, and an organ by the famous organ builder Arp Schnitger.","(53.47591, 10.08511)",wikivoyage,red
0,Museum für Kunst und Gewerbe ,53.551111,10.009444,"Steintorplatz, just to the southeast of Hauptbahnhof ",http://www.mkg-hamburg.de/en/home.html ,See_East of the railway,"The museum is a leading centre for art, applied art, and design. Its collections of work from Europe and the Middle and the Far East are of the finest-quality and span all epochs from the Ancient World to the present day. They also have many activities and concerts (see the Classical Music section). The museum is housed in an 18th-century palace, which has the original roofs and ceilings.","(53.551111, 10.009444)",wikivoyage,red
0,Dreieinigkeitskirche St. Georg ,53.556389,10.007778, , ,See_Sankt Georg,Baroque church in Sankt Georg.,"(53.556389, 10.007778)",wikivoyage,red
1,St.-Marien-Dom St. Georg ,53.557656,10.013669, ,https://www.mariendomhamburg.de/ ,See_Sankt Georg,"Since 1995, this neo-romanesque church is the cathedral of the youngest Roman Catholic archbishop of Germany. Though the church has not the splendor one might expect, next to it you may find the first statue world wide of the late pope, John-Paul II.","(53.557656, 10.013669)",wikivoyage,red
0,Bergedorf Castle ,0.0,0.0,Bergedorfer Schloßstraße 4 ,https://www.bergedorfer-museumslandschaft.de/ ,See_Bergedorf town,"This is the only preserved castle inside the city borders of Hamburg, and it has been mentioned in documents in the 14th century. Since 1953 it houses a museum of Bergedorf and the Vierlande region. The idyllic castle park has been protected since 1926.","(0, 0)",wikivoyage,red
0,Bergedorf City Hall ,0.0,0.0,Wentorfer Str. 38 ,http://www.hamburg.de/sehenswuerdigkeiten/4366012/rathaus-bergedorf/ ,See_Bergedorf town,"This castle-like villa was built in 1898-99 and has hosted the city government of Bergedorf since 1927. It is also open to visitors, as is the 35 m high city hall tower (Rathausturm). There is a park (Rathauspark) behind the city hall with a scene, playground, stream and garden artworks.","(0, 0)",wikivoyage,red
0,Hamburger Sternwarte ,0.0,0.0, ,http://www.hs.uni-hamburg.de/ ,See_Bergedorf town,The astrophysics faculty of the Universität Hamburg is spread over a big park with protected neobaroque buildings with historical equipment for astronomy science including different telescopes. There's a visitor center with a café and tours every Sunday or by appointment.,"(0, 0)",wikivoyage,red
0,Petri und Pauli Kirche ,0.0,0.0, ,https://stpetriundpauli-bergedorf.de/joomla3/ ,See_Bergedorf town,"A Lutheran church, and together with the castle the most important historical building in Bergedorf. The first church was built here in 1162, the current one was opened in 1502.","(0, 0)",wikivoyage,red
0,Kirche St. Michael ,0.0,0.0, , ,See_Bergedorf town,"Built in 1955 in the form of a white cube extended in the east by the altar room, in the north by the sacristy and in the west by the lobby. The church is in the middle of the old graveyard.","(0, 0)",wikivoyage,red
0,Catholic church St.Mary ,0.0,0.0, ,http://www.katholische-kirchen-bergedorf.de/ ,See_Bergedorf town,,"(0, 0)",wikivoyage,red
0,Franz-von-Assisi-Kirche ,53.483056,10.174472, ,http://www.bergedorfer-marschen.de/franzvonassisi.0.html ,See_Bergedorf town,"One of the newest churches in the region, this Lutheran church was inaugurated in 1993. The 40-m-high church tower is visible from far away.","(53.483056, 10.174472)",wikivoyage,red
0,Edith-Stein-Kirche ,53.48647,10.18055, ,http://www.katholische-kirchen-bergedorf.de/ ,See_Bergedorf town,A modern Catholic church building inaugurated in 1993. It is a round church with a flat roof rising up towards the altar.,"(53.48647, 10.18055)",wikivoyage,red
0,Rieck Haus - Vierländer Freilichtmuseum ,0.0,0.0,Curlsacker Deich 284 ,http://www.bergedorfer-museumslandschaft.de/ueber-uns/freilichtmuseum-rieck-haus/ ,See_Vierland and the marshes,"Open-air museum showcasing the rural life in the Vierlanden before the industrial revolution. The premises was an active farm operated by the Rieck family up until WWII. There are still farm animals there, and several hands-on experiences for visitors such as milking cows.","(0, 0)",wikivoyage,red
0,Riepenburger Mühle ,0.0,0.0, ,http://www.riepenburger-muehle.com/ ,See_Vierland and the marshes,"Windmill built in 1828, though the first windmill at this place was already built in 1318. It has a [https://www.riepenburger-mühlenladen.de/ shop and café], and in the nearby former warehouse there's an interesting [https://www.kunsthandwerkerei.de/ shop with local art].","(0, 0)",wikivoyage,red
0,Hof Eggers ,0.0,0.0, ,http://www.hof-eggers.de/neuigkeiten.html ,See_Vierland and the marshes,"Farm open to visitors with a café, shop, and four cottages.","(0, 0)",wikivoyage,red
0,Reitbrooker Mühle ,53.4671862,10.1719143, , ,See_Vierland and the marshes,"Built in 1870, this windmill is next to the Reitbrooker Mühlenbrücke (""mill bridge""). This is a so-called ""Galerieholländer"" windmill; a square two-story stone building with a wooden octagon building on the top. It was used until as a windmill 1938 or 1939, and became a protected building in 1942. It still functions as a mill, albeit not a wind powered one. When the fodder shop is open, you can also see the mill from the inside.","(53.4671862, 10.1719143)",wikivoyage,red
0,Kirche St. Severini ,0.0,0.0, , ,See_Vierland and the marshes,"The biggest church in the Vierlande region. First built as a stone church in 1319, and thoroughly renovated in the late 18th century.","(0, 0)",wikivoyage,red
0,Kirche St. Johannis ,0.0,0.0, , ,See_Vierland and the marshes,"After an earlier church, presumably made of rocks, was destroyed by flooding, this timber-framed one was built in 1599-1603. It is an open church and as such can generally be visited anytime (during daytime).","(0, 0)",wikivoyage,red
0,Kirche St. Nicolai ,0.0,0.0, , ,See_Vierland and the marshes,"First mentioned in documents from 1247, this is the oldest of the village churches in the Vierlande.","(0, 0)",wikivoyage,red
0,Kirche St. Johannis,0.0,0.0, , ,See_Vierland and the marshes,"The oldest major church in Hamburg, mentioned in documents from 1261. It has been remodeled and expanded several times, though part of the walls are still from the 13th century. The wooden 26.2-m-high church tower was constructed in 1630.","(0, 0)",wikivoyage,red
0,St. Pankratius ,53.47591,10.08511, , ,See_Vierland and the marshes,"This 17th-century church features carvings depicting scenes from the Old and New Testaments, and an organ by the famous organ builder Arp Schnitger.","(53.47591, 10.08511)",wikivoyage,red
0,Museum für Kunst und Gewerbe ,53.55136,10.00949, ,http://mkg-hamburg.de ,Do,The Museum für Kunst und Gewerbe Hamburg has many smaller concerts — something almost every day — and is much cheaper than the Laeiszhalle. The programs range from the curator of their early keyboard instrument collection playing them and giving a spiel on the music and the instruments (in German only!) to formal concerts of renditions of Schubert's ''Die Winterreise''. Pick up a schedule at the desk of the museum (down the street from Hamburg Hauptbahnhof).,"(53.55136, 10.00949)",wikivoyage,red
0,Deutsches Schauspielhaus ,53.55444,10.00897, , ,Do,"The biggest German speech theatre looks back on a famous tradition. Gustav Gründgens, Ivan Nagel, and Peter Zadek staged highlights in German theatre history here.","(53.55444, 10.00897)",wikivoyage,red
0,Museum für Kunst und Gewerbe ,53.55136,10.00949, ,http://mkg-hamburg.de ,Do_Classical Music,The Museum für Kunst und Gewerbe Hamburg has many smaller concerts — something almost every day — and is much cheaper than the Laeiszhalle. The programs range from the curator of their early keyboard instrument collection playing them and giving a spiel on the music and the instruments (in German only!) to formal concerts of renditions of Schubert's ''Die Winterreise''. Pick up a schedule at the desk of the museum (down the street from Hamburg Hauptbahnhof).,"(53.55136, 10.00949)",wikivoyage,red
0,Deutsches Schauspielhaus ,53.55444,10.00897, , ,Do_Theatres,"The biggest German speech theatre looks back on a famous tradition. Gustav Gründgens, Ivan Nagel, and Peter Zadek staged highlights in German theatre history here.","(53.55444, 10.00897)",wikivoyage,red
0,Geelhaus ,53.5588,10.0116,Koppel 76 , ,Eat,"Menu changes frequently, fresh food, creativity.","(53.5588, 10.0116)",wikivoyage,red
1,Batman Döner ,53.55425,10.0145,Steindamm 58 , ,Eat,,"(53.55425, 10.0145)",wikivoyage,red
2,McBoat ,53.5518,10.04643,20537 Hamburg , ,Eat,The only McDonald's that you can order your meal (on its app) and have it delivered to the shores while paddling along the canal. The meal is prepared fresh in the restaurant right next to the shoreline.,"(53.5518, 10.04643)",wikivoyage,red
0,Al Lido ,53.54212,10.02618,Amsinckstraße 70 , ,Eat,Excellent Italian and Pizzeria,"(53.54212, 10.02618)",wikivoyage,red
1,Restaurant Cox ,53.55744,10.01183,Greifswalder Str. 43 ,http://www.restaurant-cox.de ,Eat,"Trendy restaurant with consistently good international cuisine, often local German dishes","(53.55744, 10.01183)",wikivoyage,red
2,Vasco da Gama ,53.55788,10.01165,Lange Reihe 67 , ,Eat,Good Portuguese and German food.,"(53.55788, 10.01165)",wikivoyage,red
0,Bergedorfer Schlosscafé ,0.0,0.0, ,http://www.bergedorfer-museumslandschaft.de/service/schlosscafe/ ,Eat,Castle café on the inner yard of Bergedorf Castle.,"(0, 0)",wikivoyage,red
0,Block Haus ,0.0,0.0,Sachsentor 2 ,https://www.block-house.de/restaurants/hamburg/bergedorf/ ,Eat,Steak restaurant in a timber-framed house where there have been hospitality businesses for several decades.,"(0, 0)",wikivoyage,red
0,Café Chrysander ,0.0,0.0,Chrysanderstr. 61 ,http://cafe-chrysander.de ,Eat,"Cafe and restaurant at the edge of Bergedorf Castle Park with lunch, breakfast buffet, home made cakes and a range of special coffees. In the evening the place becomes a cultural club with regular concerts, movie presentations and lectures.","(0, 0)",wikivoyage,red
0,Zollenspieker Fährhaus ,0.0,0.0,Zollenspieker-Hauptdeich 141 ,http://www.zollenspieker-faehrhaus.de/gastronomie/ ,Eat,Big restaurant with indoor and outdoor seating and a bar. They have many different menus to choose from; mainly Mediterranean and Northern German cuisine. The complex also includes a hotel and a spa.,"(0, 0)",wikivoyage,red
0,Geelhaus ,53.5588,10.0116,Koppel 76 , ,Eat_Budget,"Menu changes frequently, fresh food, creativity.","(53.5588, 10.0116)",wikivoyage,red
1,Batman Döner ,53.55425,10.0145,Steindamm 58 , ,Eat_Budget,,"(53.55425, 10.0145)",wikivoyage,red
2,McBoat ,53.5518,10.04643,20537 Hamburg , ,Eat_Budget,The only McDonald's that you can order your meal (on its app) and have it delivered to the shores while paddling along the canal. The meal is prepared fresh in the restaurant right next to the shoreline.,"(53.5518, 10.04643)",wikivoyage,red
0,Al Lido ,53.54212,10.02618,Amsinckstraße 70 , ,Eat_Mid-range,Excellent Italian and Pizzeria,"(53.54212, 10.02618)",wikivoyage,red
1,Restaurant Cox ,53.55744,10.01183,Greifswalder Str. 43 ,http://www.restaurant-cox.de ,Eat_Mid-range,"Trendy restaurant with consistently good international cuisine, often local German dishes","(53.55744, 10.01183)",wikivoyage,red
2,Vasco da Gama ,53.55788,10.01165,Lange Reihe 67 , ,Eat_Mid-range,Good Portuguese and German food.,"(53.55788, 10.01165)",wikivoyage,red
0,Bergedorfer Schlosscafé ,0.0,0.0, ,http://www.bergedorfer-museumslandschaft.de/service/schlosscafe/ ,Eat_Mid-range,Castle café on the inner yard of Bergedorf Castle.,"(0, 0)",wikivoyage,red
0,Block Haus ,0.0,0.0,Sachsentor 2 ,https://www.block-house.de/restaurants/hamburg/bergedorf/ ,Eat_Mid-range,Steak restaurant in a timber-framed house where there have been hospitality businesses for several decades.,"(0, 0)",wikivoyage,red
0,Café Chrysander ,0.0,0.0,Chrysanderstr. 61 ,http://cafe-chrysander.de ,Eat_Mid-range,"Cafe and restaurant at the edge of Bergedorf Castle Park with lunch, breakfast buffet, home made cakes and a range of special coffees. In the evening the place becomes a cultural club with regular concerts, movie presentations and lectures.","(0, 0)",wikivoyage,red
0,Zollenspieker Fährhaus ,0.0,0.0,Zollenspieker-Hauptdeich 141 ,http://www.zollenspieker-faehrhaus.de/gastronomie/ ,Eat_Splurge,Big restaurant with indoor and outdoor seating and a bar. They have many different menus to choose from; mainly Mediterranean and Northern German cuisine. The complex also includes a hotel and a spa.,"(0, 0)",wikivoyage,red
0,Cafe Gnosa ,53.55876,10.0128,Lange Reihe 93 ,http://www.gnosa.de/ ,Drink,"Coffeehouse with wide range of delicious self-made cakes and pastries. Famous for its cake buffet, also a great place to have breakfast or lunch. Gay-owned. Customers mixed by straight and gay people of any age. May not be easy to catch a table during rush-hours. For sugar- and caffeine-addicts.","(53.55876, 10.0128)",wikivoyage,red
0,Cafe Gnosa ,53.55876,10.0128,Lange Reihe 93 ,http://www.gnosa.de/ ,Drink_Cafes,"Coffeehouse with wide range of delicious self-made cakes and pastries. Famous for its cake buffet, also a great place to have breakfast or lunch. Gay-owned. Customers mixed by straight and gay people of any age. May not be easy to catch a table during rush-hours. For sugar- and caffeine-addicts.","(53.55876, 10.0128)",wikivoyage,red
0,Jugendherberge Hamburg - Horner Rennbahn ,53.5613,10.0811,Rennbahnstraße 10 ,http://www.jugendherberge.de/jh/hamburg-horn/ ,Sleep,,"(53.5613, 10.0811)",wikivoyage,red
1,A&O Hostel and Hostel ,53.5475,10.01114,Amsinckstraße 6-10 ,http://www.aohostels.com/en/hamburg/ ,Sleep,,"(53.5475, 10.01114)",wikivoyage,red
2,--,0.0,0.0,,,Sleep,,"(0, 0)",wikivoyage,red
0,Holiday Inn Hamburg ,53.535407,10.030074,Billwerder Neuer Deich 14 ,http://www.ihg.com/holidayinn/hotels/us/en/hamburg/hamhb/hoteldetail ,Sleep,"Outdated, worn and quite out of the way, with limited transit options. Pluses include breakfast and proximity to Elbpark for a walk or jog in the morning. Free soft drinks in minibar.","(53.535407, 10.030074)",wikivoyage,red
1,Ibis Hamburg Alster Centrum ,53.55679,10.0043,Holzdamm 4-12 ,https://all.accor.com/hotel/1395/index.en.shtml ,Sleep,"This is just like any other hotel in the Ibis chain — clean basic rooms with bathroom, TV and Wi-Fi. They have a bar and a restaurant too.","(53.55679, 10.0043)",wikivoyage,red
2,Suite Novotel Hamburg City ,53.55702,10.02118,Lübeckertordamm 2 ,https://all.accor.com/hotel/3756/index.en.shtml ,Sleep,"A large midscale hotel aimed at travellers staying for longer periods. Rooms have a small kitchenette and many come with extra sofa-beds. Unfortunately, the old Suite Novotel standards are far behind what more modern hotels offer. That said, the hotel is in a tall tower, so if you manage to get a room in one of the upper floors, you can enjoy a nice view of Hamburg.","(53.55702, 10.02118)",wikivoyage,red
3,Mercure Hamburg City ,53.5453,10.0183,Amsinckstraße 53 ,https://all.accor.com/hotel/1163/index.en.shtml ,Sleep,"The hotel's slightly offside location makes it accessible by car and quite cosy. The neighbourhood consists of late 20th century development over canals, which may not be the most interesting in Hamburg, but the Hammerbrook S-Bahn station is a short walk away. The hotel's highlight is the floating event space ''Kai 10'', unfortunately as of 2015 only available for special events. The hotel is easily accessibly by car.","(53.5453, 10.0183)",wikivoyage,red
0,Le Royal Meridien ,53.55834,10.0079,An der Alster 52-56 ,http://www.leroyalmeridienhamburg.com ,Sleep,"One of the best hotels overlooking the Alster lake. Each room is designed in the ""Art & Tech"" design. Restaurant with nice view over the lake and spa.","(53.55834, 10.0079)",wikivoyage,red
1,Hotel Atlantic Kempinski ,53.55703,10.00501,An der Alster 72-79 ,https://www.kempinski.com/en/hamburg/hotel-atlantic/ ,Sleep,The ''grande dame'' of Hamburg has grown to be an internationally recognized paragon of luxury hospitality.,"(53.55703, 10.00501)",wikivoyage,red
2,--,0.0,0.0,,,Sleep,,"(0, 0)",wikivoyage,red
3,"Reichshof Hamburg, Curio Collection by Hilton ",53.554832,10.008394,Kirchenallee 34-36 ,https://www.reichshof-hotel-hamburg.de ,Sleep,"4-star hotel that provides various dining options, gym, business centre, parking and free Wi-Fi.","(53.554832, 10.008394)",wikivoyage,red
0,Jugendherberge Hamburg - Horner Rennbahn ,53.5613,10.0811,Rennbahnstraße 10 ,http://www.jugendherberge.de/jh/hamburg-horn/ ,Sleep_Budget,,"(53.5613, 10.0811)",wikivoyage,red
1,A&O Hostel and Hostel ,53.5475,10.01114,Amsinckstraße 6-10 ,http://www.aohostels.com/en/hamburg/ ,Sleep_Budget,,"(53.5475, 10.01114)",wikivoyage,red
2,--,0.0,0.0,,,Sleep_Budget,,"(0, 0)",wikivoyage,red
0,Jugendherberge Hamburg - Horner Rennbahn ,53.5613,10.0811,Rennbahnstraße 10 ,http://www.jugendherberge.de/jh/hamburg-horn/ ,Sleep_Budget_Youth hostels,,"(53.5613, 10.0811)",wikivoyage,red
1,A&O Hostel and Hostel ,53.5475,10.01114,Amsinckstraße 6-10 ,http://www.aohostels.com/en/hamburg/ ,Sleep_Budget_Youth hostels,,"(53.5475, 10.01114)",wikivoyage,red
2,--,0.0,0.0,,,Sleep_Budget_Youth hostels,,"(0, 0)",wikivoyage,red
0,Holiday Inn Hamburg ,53.535407,10.030074,Billwerder Neuer Deich 14 ,http://www.ihg.com/holidayinn/hotels/us/en/hamburg/hamhb/hoteldetail ,Sleep_Mid-range,"Outdated, worn and quite out of the way, with limited transit options. Pluses include breakfast and proximity to Elbpark for a walk or jog in the morning. Free soft drinks in minibar.","(53.535407, 10.030074)",wikivoyage,red
1,Ibis Hamburg Alster Centrum ,53.55679,10.0043,Holzdamm 4-12 ,https://all.accor.com/hotel/1395/index.en.shtml ,Sleep_Mid-range,"This is just like any other hotel in the Ibis chain — clean basic rooms with bathroom, TV and Wi-Fi. They have a bar and a restaurant too.","(53.55679, 10.0043)",wikivoyage,red
2,Suite Novotel Hamburg City ,53.55702,10.02118,Lübeckertordamm 2 ,https://all.accor.com/hotel/3756/index.en.shtml ,Sleep_Mid-range,"A large midscale hotel aimed at travellers staying for longer periods. Rooms have a small kitchenette and many come with extra sofa-beds. Unfortunately, the old Suite Novotel standards are far behind what more modern hotels offer. That said, the hotel is in a tall tower, so if you manage to get a room in one of the upper floors, you can enjoy a nice view of Hamburg.","(53.55702, 10.02118)",wikivoyage,red
3,Mercure Hamburg City ,53.5453,10.0183,Amsinckstraße 53 ,https://all.accor.com/hotel/1163/index.en.shtml ,Sleep_Mid-range,"The hotel's slightly offside location makes it accessible by car and quite cosy. The neighbourhood consists of late 20th century development over canals, which may not be the most interesting in Hamburg, but the Hammerbrook S-Bahn station is a short walk away. The hotel's highlight is the floating event space ''Kai 10'', unfortunately as of 2015 only available for special events. The hotel is easily accessibly by car.","(53.5453, 10.0183)",wikivoyage,red
0,Le Royal Meridien ,53.55834,10.0079,An der Alster 52-56 ,http://www.leroyalmeridienhamburg.com ,Sleep_Splurge,"One of the best hotels overlooking the Alster lake. Each room is designed in the ""Art & Tech"" design. Restaurant with nice view over the lake and spa.","(53.55834, 10.0079)",wikivoyage,red
1,Hotel Atlantic Kempinski ,53.55703,10.00501,An der Alster 72-79 ,https://www.kempinski.com/en/hamburg/hotel-atlantic/ ,Sleep_Splurge,The ''grande dame'' of Hamburg has grown to be an internationally recognized paragon of luxury hospitality.,"(53.55703, 10.00501)",wikivoyage,red
2,--,0.0,0.0,,,Sleep_Splurge,,"(0, 0)",wikivoyage,red
3,"Reichshof Hamburg, Curio Collection by Hilton ",53.554832,10.008394,Kirchenallee 34-36 ,https://www.reichshof-hotel-hamburg.de ,Sleep_Splurge,"4-star hotel that provides various dining options, gym, business centre, parking and free Wi-Fi.","(53.554832, 10.008394)",wikivoyage,red
0,Container port ,53.5288,9.9121, ,https://www.hafen-hamburg.de/de ,See,"Hamburg's massive container ports line the southern bank of the river Elbe. They are most spectacular at night, and the best place to view them from is by driving north along the A7 highway (heading into the Elbtunnel tunnel). They are not freely accessible to the public, but there are [https://jasper.de/touren/hafentour.html bus tours] (only in German, about €35 per person, must be booked in advance) which depart from Hamburg's city centre and, over the course of several hours, drive through the container terminals, with informative commentary.","(53.5288, 9.9121)",wikivoyage,red
1,Aussichtspunkt Steinwerder ,53.5423,9.96754,Schanzenweg 12, ,See,"A viewing platform at the southern end of the Alter Elbtunnel, with great views on Landungsbrücken, the Elbphilharmonie, and Hamburg's harbourfront.","(53.5423, 9.96754)",wikivoyage,red
0,Pfarrkirche St. Pankratius in Neuenfelde ,53.52075,9.81093,Organistenweg 6 ,https://www.schnitgerorgel.de/ ,See,"17th century church, famous for the biggest organ Arp Schnitger built.","(53.52075, 9.81093)",wikivoyage,red
0,Archaeological Museum Hamburg,53.45912,9.9773,Museumsplatz 2 ,https://amh.de/ ,See,Museum presenting prehistorical and early historical northern Germany as well as the history of the city of Harburg.,"(53.45912, 9.9773)",wikivoyage,red
0,Sammlung Falckenberg ,53.455,9.9876,Wilstorfer Strasse 71 ,http://www.sammlung-falckenberg.de/ ,See,"The Falckenberg Collection of the Cultural Foundation Phönix Art is a notable collection of modern art. Public tours Saturday on afternoons, you can also visit other times by calling ahead.","(53.455, 9.9876)",wikivoyage,red
0,Freilichtmuseum am Kiekeberg ,53.4395,9.9041,Am Kiekeberg 1 ,http://www.kiekeberg-museum.de/ ,See,"Open air museum showcasing rural life with a historical alcohol distillery, teaching kitchen, museum shop.","(53.4395, 9.9041)",wikivoyage,red
1,Wildpark Schwarze Berge ,53.445,9.8844, ,https://www.wildpark-schwarze-berge.de/ ,See,"This spacious wildlife zoo can be a more relaxed alternative to Hagenbeck's Tierpark and is a favourite for families. It showcases mainly local fauna in large enclosures, set in a beautiful landscape.","(53.445, 9.8844)",wikivoyage,red
0,Archaeological Museum Hamburg,53.45912,9.9773,Museumsplatz 2 ,https://amh.de/ ,See_Harburg,Museum presenting prehistorical and early historical northern Germany as well as the history of the city of Harburg.,"(53.45912, 9.9773)",wikivoyage,red
0,Sammlung Falckenberg ,53.455,9.9876,Wilstorfer Strasse 71 ,http://www.sammlung-falckenberg.de/ ,See_Harburg,"The Falckenberg Collection of the Cultural Foundation Phönix Art is a notable collection of modern art. Public tours Saturday on afternoons, you can also visit other times by calling ahead.","(53.455, 9.9876)",wikivoyage,red
0,Freilichtmuseum am Kiekeberg ,53.4395,9.9041,Am Kiekeberg 1 ,http://www.kiekeberg-museum.de/ ,See_Rosengarten-Ehestorf,"Open air museum showcasing rural life with a historical alcohol distillery, teaching kitchen, museum shop.","(53.4395, 9.9041)",wikivoyage,red
1,Wildpark Schwarze Berge ,53.445,9.8844, ,https://www.wildpark-schwarze-berge.de/ ,See_Rosengarten-Ehestorf,"This spacious wildlife zoo can be a more relaxed alternative to Hagenbeck's Tierpark and is a favourite for families. It showcases mainly local fauna in large enclosures, set in a beautiful landscape.","(53.445, 9.8844)",wikivoyage,red
0,Theater im Hafen Hamburg ,53.53995,9.973226,Norderelbstraße 6 ,https://www.stage-entertainment.de/unternehmen/theater-vermietung/stage-theater-im-hafen.html ,Do,Watch ''The Lion King'' here. For many Germans this is the must-do when visiting Hamburg.,"(53.53995, 9.973226)",wikivoyage,red
1,Stage Theater an der Elbe ,53.539778,9.974779, ,https://www.stage-entertainment.de/unternehmen/theater-vermietung/stage-theater-an-der-elbe.html ,Do,"Another musical venue. ''Mary Poppins'' is showing here until Aug 2019, then ''Pretty Woman'' will take the stage in Sep 2019.","(53.539778, 9.974779)",wikivoyage,red
2,CinemaxX Hamburg-Harburg ,53.45707,9.98518,Moorstraße 1 ,,Do,,"(53.45707, 9.98518)",wikivoyage,red
0,Harburger Berge ,53.4395,9.9294, , ,Do,"At the city (state) border and continue in to Lower Saxony, the part in Hamburg is classified as a natural park. Viewpoints offer good views over the Elbe valley all the way to Altona. One of them is at Opferberg, where according to a legend a treasure is hidden.","(53.4395, 9.9294)",wikivoyage,red
0,Fischbeker Heide ,53.4596,9.837, ,http://www.fischbeker-heide.de/ ,Do,Nature reserve.,"(53.4596, 9.837)",wikivoyage,red
0,Atmos ,53.457328,10.008537,Großmoorring 1,http://atmos-fkk.de/en ,Do,"Wellness with bio sauna (75°C), Finnish sauna (90°C) and outdoor sauna, indoor and outdoor pool, hot tub, etc. Drinks except alcohol are included in the entrance fee. In line with the German sauna culture, facilities are to be used naked for hygiene reasons, and swimwear is not allowed. Towels, bathrobes, and slippers are provided and included in the entrance fee. With a focus on relaxation and quietness, children are not permitted.","(53.457328, 10.008537)",wikivoyage,red
0,Harburger Berge ,53.4395,9.9294, , ,Do_Nature,"At the city (state) border and continue in to Lower Saxony, the part in Hamburg is classified as a natural park. Viewpoints offer good views over the Elbe valley all the way to Altona. One of them is at Opferberg, where according to a legend a treasure is hidden.","(53.4395, 9.9294)",wikivoyage,red
0,Fischbeker Heide ,53.4596,9.837, ,http://www.fischbeker-heide.de/ ,Do_Nature,Nature reserve.,"(53.4596, 9.837)",wikivoyage,red
0,Atmos ,53.457328,10.008537,Großmoorring 1,http://atmos-fkk.de/en ,Do_Wellness,"Wellness with bio sauna (75°C), Finnish sauna (90°C) and outdoor sauna, indoor and outdoor pool, hot tub, etc. Drinks except alcohol are included in the entrance fee. In line with the German sauna culture, facilities are to be used naked for hygiene reasons, and swimwear is not allowed. Towels, bathrobes, and slippers are provided and included in the entrance fee. With a focus on relaxation and quietness, children are not permitted.","(53.457328, 10.008537)",wikivoyage,red
0,Rollercoaster Restaurant ,53.4644477,9.9847191,Harburger Schloßstraße 22 ,http://www.rollercoaster-hamburg.de/english/ ,Eat,"This ""Rollercoaster-Restaurant"" is somewhat of a gimmicky place. Your food arrives through a ""rollercoaster"" in a closed pot. Some of it even does a loop in front of you. Portion size is on the small side and prices are normal.","(53.4644477, 9.9847191)",wikivoyage,red
1,La Patina ,0.0,0.0,Veringstraße 24 ,https://la-patina.de/ ,Eat,"Good Italian style pizza, many vegetarian and vegan options. ","(0, 0)",wikivoyage,red
2,Aomame ,0.0,0.0,Veringstraße 155 ,https://www.aomame-restaurant.de/ ,Eat,"Asian fusion-kitchen, tapas and bowls, many vegan options, decent prices, good food.","(0, 0)",wikivoyage,red
0,B&B Hotel Hamburg Harburg ,53.46195,9.98682,Theodor-Yorck-Straße 1 ,https://www.hotelbb.de/de/hamburg-harburg ,Sleep,,"(53.46195, 9.98682)",wikivoyage,red
1,Privathotel Lindtner Hamburg ,53.46027,9.94011,Heimfelder Str. 123 ,https://www.lindtner.com/ ,Sleep,,"(53.46027, 9.94011)",wikivoyage,red
2,Panorama Hamburg Harburg ,53.459,9.9849,Harburger Ring 8 - 10 ,http://panorama-harburg.de/ ,Sleep,,"(53.459, 9.9849)",wikivoyage,red
3,Hotel Jeta ,53.461807,9.984325,Großer Schippsee 31 ,http://www.hotel-jeta.de/ ,Sleep,A modern hotel on a 3-minute walk from the {{station,"(53.461807, 9.984325)",wikivoyage,red
0,--,53.550341,10.000654,,,Understand,,"(53.550341, 10.000654)",wikivoyage,red
0,--,53.550341,10.000654,,,Understand_Tourist information,,"(53.550341, 10.000654)",wikivoyage,red
0,Hamburg Airport ,53.6299,10.0054, ,http://www.hamburg-airport.de/ ,Get in,"It is the fifth largest international airport in Germany, so arrival by plane is an obvious choice for those visiting from far away. There are plenty of connections within Europe, although only a few intercontinental direct services are offered.","(53.6299, 10.0054)",wikivoyage,red
0,Berlin,53.5534401,10.0260449,,,Get in,"ICE (Inter City Express) high speed train service to or from most major German cities, including Berlin, Cologne ''(Köln)'', Düsseldorf, Frankfurt, Munich ''(München)'' also to Basel and Zürich Switzerland. There are usually hourly services to most destinations during the daytime.","(53.5534401, 10.0260449)",wikivoyage,red
1,--,53.550341,10.000654,,,Get in,,"(53.550341, 10.000654)",wikivoyage,red
3,Stockholm,0.0,0.0,,,Get in,An overnight train runs from Stockholm taking 12 hours.,"(0, 0)",wikivoyage,red
0,Lübeck,53.5815935,10.1082642,,,Get in,"A1 to/from Lübeck (north-east) — To get to the city change to the A24 at ""Autobahnkreuz Ost"".","(53.5815935, 10.1082642)",wikivoyage,red
1,Bremen,53.5565323,9.9776028,,,Get in,"A1 to/from Bremen, Cologne (Köln) (south/south-west) — To get to the city change to A255.","(53.5565323, 9.9776028)",wikivoyage,red
2,Kiel,0.0,0.0,,,Get in,"A7 to/from Kiel, Flensburg (north) — To get to the city exit at ""Bahrenfeld"".","(0, 0)",wikivoyage,red
3,Hanover,0.0,0.0,,,Get in,"A7 to/from Hanover, Kassel (south)— To get to the city exit right after the ""Elbtunnel"" at ""Othmarschen"" or ""Bahrenfeld"".  Use the rightmost pipe of the ""Elbtunnel"" to exit at ""Othmarschen"".","(0, 0)",wikivoyage,red
4,Husum,0.0,0.0,,,Get in,A23 to/from Husum.,"(0, 0)",wikivoyage,red
5,Berlin,53.5534401,10.0260449,,,Get in,A24 to/from Berlin.,"(53.5534401, 10.0260449)",wikivoyage,red
0,Intercity bus station ,53.5518799,10.0114786, , ,Get in,,"(53.5518799, 10.0114786)",wikivoyage,red
0,Hamburg Cruise Center HafenCity ,53.53861,9.99551,Chicagokai ,http://www.hafencity.com/en/infocenter/the-cruise-center-hafencity.html ,Get in,,"(53.53861, 9.99551)",wikivoyage,red
1,Hamburg Cruise Center Altona (Dockland),53.5436,9.9375,Van-der-Smissen-Straße 5,http://www.hamburgcruisecenter.eu/en/terminal/hamburg-cruise-center-altona,Get in,"This cruise terminal was inaugurated in 2011. With its glass facade, the single-storey terminal building blends perfectly into the architectural “string of pearls” along the Elbe.","(53.5436, 9.9375)",wikivoyage,red
0,Hamburg Airport ,53.6299,10.0054, ,http://www.hamburg-airport.de/ ,Get in_By plane,"It is the fifth largest international airport in Germany, so arrival by plane is an obvious choice for those visiting from far away. There are plenty of connections within Europe, although only a few intercontinental direct services are offered.","(53.6299, 10.0054)",wikivoyage,red
0,Hamburg Airport ,53.6299,10.0054, ,http://www.hamburg-airport.de/ ,Get in_By plane_Airport Hamburg-Fuhlsbüttel,"It is the fifth largest international airport in Germany, so arrival by plane is an obvious choice for those visiting from far away. There are plenty of connections within Europe, although only a few intercontinental direct services are offered.","(53.6299, 10.0054)",wikivoyage,red
0,Berlin,53.5534401,10.0260449,,,Get in_By train,"ICE (Inter City Express) high speed train service to or from most major German cities, including Berlin, Cologne ''(Köln)'', Düsseldorf, Frankfurt, Munich ''(München)'' also to Basel and Zürich Switzerland. There are usually hourly services to most destinations during the daytime.","(53.5534401, 10.0260449)",wikivoyage,red
1,--,53.550341,10.000654,,,Get in_By train,,"(53.550341, 10.000654)",wikivoyage,red
3,Stockholm,0.0,0.0,,,Get in_By train,An overnight train runs from Stockholm taking 12 hours.,"(0, 0)",wikivoyage,red
0,Lübeck,53.5815935,10.1082642,,,Get in_By car,"A1 to/from Lübeck (north-east) — To get to the city change to the A24 at ""Autobahnkreuz Ost"".","(53.5815935, 10.1082642)",wikivoyage,red
1,Bremen,53.5565323,9.9776028,,,Get in_By car,"A1 to/from Bremen, Cologne (Köln) (south/south-west) — To get to the city change to A255.","(53.5565323, 9.9776028)",wikivoyage,red
2,Kiel,0.0,0.0,,,Get in_By car,"A7 to/from Kiel, Flensburg (north) — To get to the city exit at ""Bahrenfeld"".","(0, 0)",wikivoyage,red
3,Hanover,0.0,0.0,,,Get in_By car,"A7 to/from Hanover, Kassel (south)— To get to the city exit right after the ""Elbtunnel"" at ""Othmarschen"" or ""Bahrenfeld"".  Use the rightmost pipe of the ""Elbtunnel"" to exit at ""Othmarschen"".","(0, 0)",wikivoyage,red
4,Husum,0.0,0.0,,,Get in_By car,A23 to/from Husum.,"(0, 0)",wikivoyage,red
5,Berlin,53.5534401,10.0260449,,,Get in_By car,A24 to/from Berlin.,"(53.5534401, 10.0260449)",wikivoyage,red
0,Intercity bus station ,53.5518799,10.0114786, , ,Get in_By bus,,"(53.5518799, 10.0114786)",wikivoyage,red
0,Hamburg Cruise Center HafenCity ,53.53861,9.99551,Chicagokai ,http://www.hafencity.com/en/infocenter/the-cruise-center-hafencity.html ,Get in_By boat,,"(53.53861, 9.99551)",wikivoyage,red
1,Hamburg Cruise Center Altona (Dockland),53.5436,9.9375,Van-der-Smissen-Straße 5,http://www.hamburgcruisecenter.eu/en/terminal/hamburg-cruise-center-altona,Get in_By boat,"This cruise terminal was inaugurated in 2011. With its glass facade, the single-storey terminal building blends perfectly into the architectural “string of pearls” along the Elbe.","(53.5436, 9.9375)",wikivoyage,red
0,--,53.550341,10.000654,,,Get around,,"(53.550341, 10.000654)",wikivoyage,red
1,--,53.550341,10.000654,,,Get around,,"(53.550341, 10.000654)",wikivoyage,red
2,--,53.550341,10.000654,,,Get around,,"(53.550341, 10.000654)",wikivoyage,red
3,--,53.550341,10.000654,,,Get around,,"(53.550341, 10.000654)",wikivoyage,red
4,--,53.550341,10.000654,,,Get around,,"(53.550341, 10.000654)",wikivoyage,red
5,--,53.550341,10.000654,,,Get around,,"(53.550341, 10.000654)",wikivoyage,red
0,--,53.550341,10.000654,,,Get around,,"(53.550341, 10.000654)",wikivoyage,red
1,--,53.550341,10.000654,,,Get around,,"(53.550341, 10.000654)",wikivoyage,red
0,Schleswig-Holstein,0.0,0.0,,,Get around,"'''S1''' links the far westward Wedel in Schleswig-Holstein and the neighbourhood of '''Blankenese''' with '''Poppenbüttel''' in the far north. In an unusual and potentially confusing arrangement, the first three cars of every train go to Hamburg Airport instead of '''Poppenbüttel''', the division occurs at the station of Ohldorf. Note that the train reverses direction in Blankenese, so if you get on west of Blankenese, you have to take the last three cars to be in the front after the change of direction. There is, however, an announcement made on the train (also in English) before the trains are separated to let you know if you are in a car going to the airport or not.","(0, 0)",wikivoyage,red
1,--,53.550341,10.000654,,,Get around,,"(53.550341, 10.000654)",wikivoyage,red
2,--,53.550341,10.000654,,,Get around,,"(53.550341, 10.000654)",wikivoyage,red
3,--,53.550341,10.000654,,,Get around,,"(53.550341, 10.000654)",wikivoyage,red
0,--,53.550341,10.000654,,,Get around,,"(53.550341, 10.000654)",wikivoyage,red
1,--,53.550341,10.000654,,,Get around,,"(53.550341, 10.000654)",wikivoyage,red
2,--,53.550341,10.000654,,,Get around,,"(53.550341, 10.000654)",wikivoyage,red
3,--,53.550341,10.000654,,,Get around,,"(53.550341, 10.000654)",wikivoyage,red
0,--,53.550341,10.000654,,,Get around,,"(53.550341, 10.000654)",wikivoyage,red
1,--,53.550341,10.000654,,,Get around,,"(53.550341, 10.000654)",wikivoyage,red
0,--,53.550341,10.000654,,,Get around_Public transport,,"(53.550341, 10.000654)",wikivoyage,red
1,--,53.550341,10.000654,,,Get around_Public transport,,"(53.550341, 10.000654)",wikivoyage,red
2,--,53.550341,10.000654,,,Get around_Public transport,,"(53.550341, 10.000654)",wikivoyage,red
3,--,53.550341,10.000654,,,Get around_Public transport,,"(53.550341, 10.000654)",wikivoyage,red
4,--,53.550341,10.000654,,,Get around_Public transport,,"(53.550341, 10.000654)",wikivoyage,red
5,--,53.550341,10.000654,,,Get around_Public transport,,"(53.550341, 10.000654)",wikivoyage,red
0,--,53.550341,10.000654,,,Get around_Public transport,,"(53.550341, 10.000654)",wikivoyage,red
1,--,53.550341,10.000654,,,Get around_Public transport,,"(53.550341, 10.000654)",wikivoyage,red
0,Schleswig-Holstein,0.0,0.0,,,Get around_Public transport,"'''S1''' links the far westward Wedel in Schleswig-Holstein and the neighbourhood of '''Blankenese''' with '''Poppenbüttel''' in the far north. In an unusual and potentially confusing arrangement, the first three cars of every train go to Hamburg Airport instead of '''Poppenbüttel''', the division occurs at the station of Ohldorf. Note that the train reverses direction in Blankenese, so if you get on west of Blankenese, you have to take the last three cars to be in the front after the change of direction. There is, however, an announcement made on the train (also in English) before the trains are separated to let you know if you are in a car going to the airport or not.","(0, 0)",wikivoyage,red
1,--,53.550341,10.000654,,,Get around_Public transport,,"(53.550341, 10.000654)",wikivoyage,red
2,--,53.550341,10.000654,,,Get around_Public transport,,"(53.550341, 10.000654)",wikivoyage,red
3,--,53.550341,10.000654,,,Get around_Public transport,,"(53.550341, 10.000654)",wikivoyage,red
0,--,53.550341,10.000654,,,Get around_Public transport,,"(53.550341, 10.000654)",wikivoyage,red
1,--,53.550341,10.000654,,,Get around_Public transport,,"(53.550341, 10.000654)",wikivoyage,red
2,--,53.550341,10.000654,,,Get around_Public transport,,"(53.550341, 10.000654)",wikivoyage,red
3,--,53.550341,10.000654,,,Get around_Public transport,,"(53.550341, 10.000654)",wikivoyage,red
0,--,53.550341,10.000654,,,Get around_Public transport_S-Bahn,,"(53.550341, 10.000654)",wikivoyage,red
1,--,53.550341,10.000654,,,Get around_Public transport_S-Bahn,,"(53.550341, 10.000654)",wikivoyage,red
0,Schleswig-Holstein,0.0,0.0,,,Get around_Public transport_S-Bahn,"'''S1''' links the far westward Wedel in Schleswig-Holstein and the neighbourhood of '''Blankenese''' with '''Poppenbüttel''' in the far north. In an unusual and potentially confusing arrangement, the first three cars of every train go to Hamburg Airport instead of '''Poppenbüttel''', the division occurs at the station of Ohldorf. Note that the train reverses direction in Blankenese, so if you get on west of Blankenese, you have to take the last three cars to be in the front after the change of direction. There is, however, an announcement made on the train (also in English) before the trains are separated to let you know if you are in a car going to the airport or not.","(0, 0)",wikivoyage,red
1,--,53.550341,10.000654,,,Get around_Public transport_S-Bahn,,"(53.550341, 10.000654)",wikivoyage,red
2,--,53.550341,10.000654,,,Get around_Public transport_S-Bahn,,"(53.550341, 10.000654)",wikivoyage,red
3,--,53.550341,10.000654,,,Get around_Public transport_S-Bahn,,"(53.550341, 10.000654)",wikivoyage,red
0,--,53.550341,10.000654,,,Get around_Public transport_U-Bahn,,"(53.550341, 10.000654)",wikivoyage,red
1,--,53.550341,10.000654,,,Get around_Public transport_U-Bahn,,"(53.550341, 10.000654)",wikivoyage,red
2,--,53.550341,10.000654,,,Get around_Public transport_U-Bahn,,"(53.550341, 10.000654)",wikivoyage,red
3,--,53.550341,10.000654,,,Get around_Public transport_U-Bahn,,"(53.550341, 10.000654)",wikivoyage,red
0,--,53.550341,10.000654,,,Get around_Parking,,"(53.550341, 10.000654)",wikivoyage,red
1,--,53.550341,10.000654,,,Get around_Parking,,"(53.550341, 10.000654)",wikivoyage,red
0,--,53.550341,10.000654,,,Do,,"(53.550341, 10.000654)",wikivoyage,red
1,--,53.550341,10.000654,,,Do,,"(53.550341, 10.000654)",wikivoyage,red
2,--,53.550341,10.000654,,,Do,,"(53.550341, 10.000654)",wikivoyage,red
0,Hamburg/Altona-St. Pauli | St Pauli,53.5567673,9.9585474,,,Do,'''Football:''' Hamburger SV and FC St Pauli soccer teams are both based in the Hamburg/Altona-St. Pauli | St Pauli district.,"(53.5567673, 9.9585474)",wikivoyage,red
1,--,53.550341,10.000654,,,Do,,"(53.550341, 10.000654)",wikivoyage,red
2,--,53.550341,10.000654,,,Do,,"(53.550341, 10.000654)",wikivoyage,red
3,--,53.550341,10.000654,,,Do,,"(53.550341, 10.000654)",wikivoyage,red
4,--,53.550341,10.000654,,,Do,,"(53.550341, 10.000654)",wikivoyage,red
5,--,53.550341,10.000654,,,Do,,"(53.550341, 10.000654)",wikivoyage,red
6,--,53.550341,10.000654,,,Do,,"(53.550341, 10.000654)",wikivoyage,red
7,--,53.550341,10.000654,,,Do,,"(53.550341, 10.000654)",wikivoyage,red
8,--,53.550341,10.000654,,,Do,,"(53.550341, 10.000654)",wikivoyage,red
9,--,53.550341,10.000654,,,Do,,"(53.550341, 10.000654)",wikivoyage,red
10,--,53.550341,10.000654,,,Do,,"(53.550341, 10.000654)",wikivoyage,red
11,--,53.550341,10.000654,,,Do,,"(53.550341, 10.000654)",wikivoyage,red
12,--,53.550341,10.000654,,,Do,,"(53.550341, 10.000654)",wikivoyage,red
0,--,53.550341,10.000654,,,Do,,"(53.550341, 10.000654)",wikivoyage,red
1,--,53.550341,10.000654,,,Do,,"(53.550341, 10.000654)",wikivoyage,red
2,--,53.550341,10.000654,,,Do,,"(53.550341, 10.000654)",wikivoyage,red
3,Hafengeburtstag ,0.0,0.0, ,http://www.hamburg.de/hafengeburtstag-english/ ,Do,"Every year in May the harbour birthday attracts millions of people. Dozens of stands and stages, a ship parade, and changing events are organised to celebrate the cities spring of wealth. The harbour dates from 1189. Since then, the Harbour Birthday has grown into the greatest harbour party in the world. It is generally in early May.","(0, 0)",wikivoyage,red
4,Kirschblütenfest ,0.0,0.0, ,http://www.hamburg.de/kirschbluetenfest-hamburg/ ,Do,"On May 19, the Japanese community of Hamburg celebrates the Japanese Cherry Blossom Festival by the Lake Alster. Enormous fireworks and a peaceful atmosphere are characteristics of this event.","(0, 0)",wikivoyage,red
5,Hamburger Dom ,53.5534324,9.9701087, ,http://hamburgerdom.de/ ,Do,"The Dom is one of the largest fairs in Germany. The streets of the fairground, lined on both sides with rides, amusements and food and drink stalls, are some 3.3&nbsp;km long. It takes place for three separate months in spring, summer, and early winter.","(53.5534324, 9.9701087)",wikivoyage,red
0,--,53.550341,10.000654,,,Do,,"(53.550341, 10.000654)",wikivoyage,red
1,--,53.550341,10.000654,,,Do,,"(53.550341, 10.000654)",wikivoyage,red
2,--,53.550341,10.000654,,,Do,,"(53.550341, 10.000654)",wikivoyage,red
3,--,53.550341,10.000654,,,Do,,"(53.550341, 10.000654)",wikivoyage,red
4,--,53.550341,10.000654,,,Do,,"(53.550341, 10.000654)",wikivoyage,red
0,--,53.550341,10.000654,,,Do,,"(53.550341, 10.000654)",wikivoyage,red
1,--,53.550341,10.000654,,,Do,,"(53.550341, 10.000654)",wikivoyage,red
0,--,53.550341,10.000654,,,Do,,"(53.550341, 10.000654)",wikivoyage,red
1,Wacken Open Air ,0.0,0.0, ,http://www.wacken.com/ ,Do,,"(0, 0)",wikivoyage,red
0,--,53.550341,10.000654,,,"Do_Theatre, opera and musicals",,"(53.550341, 10.000654)",wikivoyage,red
1,--,53.550341,10.000654,,,"Do_Theatre, opera and musicals",,"(53.550341, 10.000654)",wikivoyage,red
2,--,53.550341,10.000654,,,"Do_Theatre, opera and musicals",,"(53.550341, 10.000654)",wikivoyage,red
0,--,53.550341,10.000654,,,"Do_Theatre, opera and musicals_Musicals",,"(53.550341, 10.000654)",wikivoyage,red
1,--,53.550341,10.000654,,,"Do_Theatre, opera and musicals_Musicals",,"(53.550341, 10.000654)",wikivoyage,red
2,--,53.550341,10.000654,,,"Do_Theatre, opera and musicals_Musicals",,"(53.550341, 10.000654)",wikivoyage,red
0,Hamburg/Altona-St. Pauli | St Pauli,53.5567673,9.9585474,,,Do_Sports,'''Football:''' Hamburger SV and FC St Pauli soccer teams are both based in the Hamburg/Altona-St. Pauli | St Pauli district.,"(53.5567673, 9.9585474)",wikivoyage,red
1,--,53.550341,10.000654,,,Do_Sports,,"(53.550341, 10.000654)",wikivoyage,red
2,--,53.550341,10.000654,,,Do_Sports,,"(53.550341, 10.000654)",wikivoyage,red
3,--,53.550341,10.000654,,,Do_Sports,,"(53.550341, 10.000654)",wikivoyage,red
4,--,53.550341,10.000654,,,Do_Sports,,"(53.550341, 10.000654)",wikivoyage,red
5,--,53.550341,10.000654,,,Do_Sports,,"(53.550341, 10.000654)",wikivoyage,red
6,--,53.550341,10.000654,,,Do_Sports,,"(53.550341, 10.000654)",wikivoyage,red
7,--,53.550341,10.000654,,,Do_Sports,,"(53.550341, 10.000654)",wikivoyage,red
8,--,53.550341,10.000654,,,Do_Sports,,"(53.550341, 10.000654)",wikivoyage,red
9,--,53.550341,10.000654,,,Do_Sports,,"(53.550341, 10.000654)",wikivoyage,red
10,--,53.550341,10.000654,,,Do_Sports,,"(53.550341, 10.000654)",wikivoyage,red
11,--,53.550341,10.000654,,,Do_Sports,,"(53.550341, 10.000654)",wikivoyage,red
12,--,53.550341,10.000654,,,Do_Sports,,"(53.550341, 10.000654)",wikivoyage,red
0,--,53.550341,10.000654,,,Do_Events,,"(53.550341, 10.000654)",wikivoyage,red
1,--,53.550341,10.000654,,,Do_Events,,"(53.550341, 10.000654)",wikivoyage,red
2,--,53.550341,10.000654,,,Do_Events,,"(53.550341, 10.000654)",wikivoyage,red
3,Hafengeburtstag ,0.0,0.0, ,http://www.hamburg.de/hafengeburtstag-english/ ,Do_Events,"Every year in May the harbour birthday attracts millions of people. Dozens of stands and stages, a ship parade, and changing events are organised to celebrate the cities spring of wealth. The harbour dates from 1189. Since then, the Harbour Birthday has grown into the greatest harbour party in the world. It is generally in early May.","(0, 0)",wikivoyage,red
4,Kirschblütenfest ,0.0,0.0, ,http://www.hamburg.de/kirschbluetenfest-hamburg/ ,Do_Events,"On May 19, the Japanese community of Hamburg celebrates the Japanese Cherry Blossom Festival by the Lake Alster. Enormous fireworks and a peaceful atmosphere are characteristics of this event.","(0, 0)",wikivoyage,red
5,Hamburger Dom ,53.5534324,9.9701087, ,http://hamburgerdom.de/ ,Do_Events,"The Dom is one of the largest fairs in Germany. The streets of the fairground, lined on both sides with rides, amusements and food and drink stalls, are some 3.3&nbsp;km long. It takes place for three separate months in spring, summer, and early winter.","(53.5534324, 9.9701087)",wikivoyage,red
0,--,53.550341,10.000654,,,Do_Events,,"(53.550341, 10.000654)",wikivoyage,red
1,--,53.550341,10.000654,,,Do_Events,,"(53.550341, 10.000654)",wikivoyage,red
2,--,53.550341,10.000654,,,Do_Events,,"(53.550341, 10.000654)",wikivoyage,red
3,--,53.550341,10.000654,,,Do_Events,,"(53.550341, 10.000654)",wikivoyage,red
4,--,53.550341,10.000654,,,Do_Events,,"(53.550341, 10.000654)",wikivoyage,red
0,--,53.550341,10.000654,,,Do_Events,,"(53.550341, 10.000654)",wikivoyage,red
1,--,53.550341,10.000654,,,Do_Events,,"(53.550341, 10.000654)",wikivoyage,red
0,--,53.550341,10.000654,,,Do_Events_Street parties,,"(53.550341, 10.000654)",wikivoyage,red
1,--,53.550341,10.000654,,,Do_Events_Street parties,,"(53.550341, 10.000654)",wikivoyage,red
2,--,53.550341,10.000654,,,Do_Events_Street parties,,"(53.550341, 10.000654)",wikivoyage,red
3,--,53.550341,10.000654,,,Do_Events_Street parties,,"(53.550341, 10.000654)",wikivoyage,red
4,--,53.550341,10.000654,,,Do_Events_Street parties,,"(53.550341, 10.000654)",wikivoyage,red
0,--,53.550341,10.000654,,,Do_Events_Street parades,,"(53.550341, 10.000654)",wikivoyage,red
1,--,53.550341,10.000654,,,Do_Events_Street parades,,"(53.550341, 10.000654)",wikivoyage,red
0,--,53.550341,10.000654,,,Do_Open Air,,"(53.550341, 10.000654)",wikivoyage,red
1,Wacken Open Air ,0.0,0.0, ,http://www.wacken.com/ ,Do_Open Air,,"(0, 0)",wikivoyage,red
0,Universitätsklinikum Hamburg-Eppendorf ,53.59005,9.97859,Martinistr. 52 ,https://www.uke.de/english/index.html ,Stay healthy,The main hospital of Hamburg.,"(53.59005, 9.97859)",wikivoyage,red
0,Universitätsklinikum Hamburg-Eppendorf ,53.59005,9.97859,Martinistr. 52 ,https://www.uke.de/english/index.html ,Stay healthy_Hospitals,The main hospital of Hamburg.,"(53.59005, 9.97859)",wikivoyage,red
0,St. Marien ,53.5575,10.0135,Danziger Str. 60 ,http://www.domgemeinde-hamburg.de/gottesdienste.htm ,Cope,Catholic cathedral,"(53.5575, 10.0135)",wikivoyage,red
1,St. Elisabeth ,53.5779,9.9853,Oberstr. 65 ,http://www.st-elisabeth-hh.de/ ,Cope,,"(53.5779, 9.9853)",wikivoyage,red
2,St. Ansgar ,53.54917,9.98308,Michaelisstr. 5 ,http://www.kleiner-michel.de ,Cope,,"(53.54917, 9.98308)",wikivoyage,red
0,St. Marien ,53.5575,10.0135,Danziger Str. 60 ,http://www.domgemeinde-hamburg.de/gottesdienste.htm ,Cope_Religious services,Catholic cathedral,"(53.5575, 10.0135)",wikivoyage,red
1,St. Elisabeth ,53.5779,9.9853,Oberstr. 65 ,http://www.st-elisabeth-hh.de/ ,Cope_Religious services,,"(53.5779, 9.9853)",wikivoyage,red
2,St. Ansgar ,53.54917,9.98308,Michaelisstr. 5 ,http://www.kleiner-michel.de ,Cope_Religious services,,"(53.54917, 9.98308)",wikivoyage,red
0,Bremen,53.0758196,8.8071646,,,Go next,"'''Bremen''' — A hanseatic city 95 km away, famous for the ''Bremer Stadtmusikanten'' (Town Musicians of Bremen).","(53.0758196, 8.8071646)",wikivoyage,red
1,Buxtehude,53.4767351,9.7003941,,,Go next,'''Buxtehude''',"(53.4767351, 9.7003941)",wikivoyage,red
2,Helgoland,54.1820608,7.8876314,,,Go next,'''Helgoland''' — Germany's most off-shore North Sea island. Reachable by [http://www.helgoline.de express ferry] from St. Pauli Landungsbrücken.,"(54.1820608, 7.8876314)",wikivoyage,red
3,Itzehoe,53.919448,9.5172441,,,Go next,'''Itzehoe''',"(53.919448, 9.5172441)",wikivoyage,red
4,Kiel,54.3227085,10.135555,,,Go next,"'''Kiel''' — Kiel's main tourist attraction is the ""Kieler Woche"" (Kiel Week) at the end of June, the largest sailing event of the world and one of Germany's largest festivals. Kiel is also notable as one of the most important historic bases of the German Navy as well as its U-Boats, and several sights related to this history can be viewed in Kiel and the suburb of Laboe. Trains to Kiel leave at least once per hour [http://reiseauskunft.bahn.de/bin/query.exe/en?S=Hamburg&Z=Kiel from Hamburg main station]{{Dead link|date=January 2025 |bot=InternetArchiveBot }} and the trip takes about an hour. A trip to Kiel on the Autobahn (A7) takes about an hour, too.","(54.3227085, 10.135555)",wikivoyage,red
5,Lübeck,53.866444,10.684738,,,Go next,"'''Lübeck''' — The city is connected to the Baltic Sea by the Trave river. The old city (Altstadt) survived from medieval times and is part of the UNESCO World Heritage List. About 60&nbsp;km northeast of Hamburg, direct trains [http://reiseauskunft.bahn.de/bin/query.exe/en?S=Hamburg&Z=L%FCbeck leave from main station]{{Dead link|date=January 2025 |bot=InternetArchiveBot }} every hour.","(53.866444, 10.684738)",wikivoyage,red
6,Lüneburg,53.248706,10.407855,,,Go next,"'''Lüneburg''' — A city in Lower Saxony, about 50&nbsp;km southeast of Hamburg. Like Lübeck, Lüneburg's old town has kept a medieval look with old buildings and narrow streets. The town is situated in the beautiful Lüneburger Heide. South of Hamburg, direct trains [http://reiseauskunft.bahn.de/bin/query.exe/en?S=Hamburg&Z=L%FCneburg leave from main station]{{Dead link|date=January 2025 |bot=InternetArchiveBot }} every hour.","(53.248706, 10.407855)",wikivoyage,red
7,Travemünde,53.939609,10.8587192,,,Go next,"'''Travemünde''' – The old town at the Baltic Sea maintained its sleepy character despite the fact that at weekends there are loads of tourists. It also serves as the port of Lübeck and has done so since the Middle Ages. There are various connections throughout the Baltic, as well as cruises that leave from this port","(53.939609, 10.8587192)",wikivoyage,red
8,Stade,53.599794,9.475438,,,Go next,"'''Altes Land''' — The region is the biggest connected fruit growing area of Central Europe and one of the furthest north in the world. The main product grown in this area is apples in astounding variety. Altes Land is an area of marshland south of the river Elbe in Hamburg and Lower Saxony around the old towns of Stade, Buxtehude, and Jork. A characteristic feature is the richly-decorated farmhouses with their elaborate gateways.","(53.599794, 9.475438)",wikivoyage,red
9,Ahrensburg,53.6736529,10.2358999,,,Go next,"'''Ahrensburg''' — Northeastern suburb <!--that being the operative term, I wonder if we can't better deal with this place within Hamburg or as a district of the city...--> of Hamburg, situated in Stormarn district. Its outstanding sight is the Renaissance castle dating from 1595. Ahrensburg is easily accessible by car and train (Hamburg public transport).","(53.6736529, 10.2358999)",wikivoyage,red
10,Sankt Peter-Ording,54.3172664,8.6254937,,,Go next,"'''Sankt Peter-Ording''' — Germany's most popular tourist destination by the sea. Features a broad surfer's beach and stilt houses. Easily accessible by car (Autobahn 23, about 120&nbsp;km) and [http://reiseauskunft.bahn.de/bin/query.exe/en?S=Hamburg&Z=Bad%20St%20Peter-Ording train]{{Dead link|date=January 2025 |bot=InternetArchiveBot }}.","(54.3172664, 8.6254937)",wikivoyage,red
