,ao_link,lat,lon,itemLabel,description,tier,color,address,url,thingLabel,fetched_coordinates,location,distance,item,sitelinks,placeLabel,articleDE,articleEN,thing,to_drop_key
1,https://www.atlasobscura.com/places/basilica-cisterns-istanbul,41.008382,28.977883,Basilica Cisterns of Istanbul,A marvel of Byzantine engineering under the streets of Istanbul.,atlas_obscura,gold,,,,,,,,,,,,,"(41.008382, 28.977883)"
4,https://www.atlasobscura.com/places/ottoman-bird-palaces,41.024593,29.015021,Ottoman Bird Palaces,The ornate miniature mansions were built for Istanbul's feathered residents.,atlas_obscura,gold,,,,,,,,,,,,,"(41.024593, 29.015021)"
6,https://www.atlasobscura.com/places/tombili,40.989004,29.041673,Tombili,"A meow-velous tribute to a beloved street cat, made famous on the internet.",atlas_obscura,gold,,,,,,,,,,,,,"(40.989004, 29.041673)"
7,https://www.atlasobscura.com/places/viking-runes-at-hagia-sophia,41.008583,28.980175,Viking Runes at Hagia Sophia,A small etching on the white marble parapet was written in runic script by a Viking mercenary.,atlas_obscura,gold,,,,,,,,,,,,,"(41.008583, 28.980175)"
9,https://www.atlasobscura.com/places/tombs-of-the-sultans,41.008566,28.980169,Tombs of the Sultans,"Five sultans and their families rest in eternal splendor, teeming with overlooked beauty and drama.",atlas_obscura,gold,,,,,,,,,,,,,"(41.008566, 28.980169)"
12,https://www.atlasobscura.com/places/obelisk-of-theodosius,41.005887,28.975423,Obelisk of Theodosius,This remarkably well-preserved Egyptian plinth is pretty well traveled for a giant piece of stone.,atlas_obscura,gold,,,,,,,,,,,,,"(41.005887, 28.975423)"
14,https://www.atlasobscura.com/places/hagia-sophia-wishing-column,41.00836,28.979376,Hagia Sophia Wishing Column,"Legend says if you stick your thumb in the hole and it gets wet, your wish will be granted.",atlas_obscura,gold,,,,,,,,,,,,,"(41.00836, 28.979376)"
15,https://www.atlasobscura.com/places/camondo-stairs,41.023959,28.973743,Camondo Stairs,"A gorgeous, Gaudí-esque stairway constructed in the city of Istanbul by a prominent Jewish family.",atlas_obscura,gold,,,,,,,,,,,,,"(41.023959, 28.973743)"
16,https://www.atlasobscura.com/places/minyat-r-s-nautical-instruments,41.010822,28.968451,Minyatür’s Nautical Instruments,Turkish adventurer antiques in the heart of the Grand Bazaar.,atlas_obscura,gold,,,,,,,,,,,,,"(41.010822, 28.968451)"
18,https://www.atlasobscura.com/places/nakilbent-cistern,41.004113,28.975099,Nakilbent Cistern,A sixth-century Byzantine cistern hidden below a modern carpet store.,atlas_obscura,gold,,,,,,,,,,,,,"(41.004113, 28.975099)"
22,https://www.atlasobscura.com/places/piri-reis-map-at-topkapi-palace,41.011495,28.983334,Piri Reis Map at Topkapi Palace,"1513 Turkish world map, full of European state secrets and snarky commentary.",atlas_obscura,gold,,,,,,,,,,,,,"(41.011495, 28.983334)"
23,https://www.atlasobscura.com/places/flora-han,41.014429,28.974718,Vlora Hanı,An Art Nouveau gem hides beneath the layers of city grime obscuring this once-magnificent building.,atlas_obscura,gold,,,,,,,,,,,,,"(41.014429, 28.974718)"
24,https://www.atlasobscura.com/places/pudding-shop-lale-restaurant,41.008103,28.977192,Pudding Shop (Lale Restaurant),"This crucial gathering spot along the ""hippie trail"" still displays old notes between traveling beatniks and backpackers.",atlas_obscura,gold,,,,,,,,,,,,,"(41.008103, 28.977192)"
28,https://www.atlasobscura.com/places/panorama-1453-museum,41.017994,28.920393,Panorama 1453 Museum,Step back in time and witness the fall of Constantinople.,atlas_obscura,gold,,,,,,,,,,,,,"(41.017994, 28.920393)"
30,https://www.atlasobscura.com/places/st-stephen-bulgarian-iron-church,41.031944,28.949722,St. Stephen Bulgarian Iron Church,"The most metal church of all time was built in record time because of an international, pious pissing contest.",atlas_obscura,gold,,,,,,,,,,,,,"(41.031944, 28.949722)"
31,https://www.atlasobscura.com/places/tunel,41.02276,28.97369,Tünel,Climb a steep hill in 90 seconds on the second-oldest urban subway in the world.,atlas_obscura,gold,,,,,,,,,,,,,"(41.02276, 28.97369)"
32,https://www.atlasobscura.com/places/the-museum-of-innocence-2-istanbul-turkey,41.030724,28.979736,The Museum of Innocence,This museum was invented in a novel before being made real by the author.,atlas_obscura,gold,,,,,,,,,,,,,"(41.030724, 28.979736)"
36,https://www.atlasobscura.com/places/rumeli-hisari,41.084822,29.056698,Rumeli Hisari,This half-forgotten fortress was constructed by the Ottoman conqueror of Constantinople.,atlas_obscura,gold,,,,,,,,,,,,,"(41.084822, 29.056698)"
38,https://www.atlasobscura.com/places/miniaturk,41.059388,28.948883,Miniaturk,Large miniature theme park with 100-plus models.,atlas_obscura,gold,,,,,,,,,,,,,"(41.059388, 28.948883)"
40,https://www.atlasobscura.com/places/kaiser-wilhelm-fountain,41.007075,28.976676,Kaiser Wilhelm Fountain,A fountain standing as a testament to a doomed alliance.,atlas_obscura,gold,,,,,,,,,,,,,"(41.007075, 28.976676)"
41,https://www.atlasobscura.com/places/pierre-loti-hill,41.054438,28.933372,Pierre Loti Hill,Have tea in a cemetery with a dazzling view of Istanbul.,atlas_obscura,gold,,,,,,,,,,,,,"(41.054438, 28.933372)"
43,https://www.atlasobscura.com/places/column-of-the-goths,41.01449,28.985463,Column of the Goths,"This column celebrates Rome's victory over the Goths, and may be the oldest Roman monument in Istanbul.",atlas_obscura,gold,,,,,,,,,,,,,"(41.01449, 28.985463)"
47,https://www.atlasobscura.com/places/the-spoonmakers-diamond-istanbul-turkey,41.011543,28.983378,The Spoonmaker's Diamond,No one is sure if the world's fourth-largest diamond had been found in a rubbish heap or was pawned by Napoleon's mom.,atlas_obscura,gold,,,,,,,,,,,,,"(41.011543, 28.983378)"
48,https://www.atlasobscura.com/places/serpent-column,41.005639,28.975132,Serpent Column,Ancient serpentine sacrifice holder that has stood the test of time.,atlas_obscura,gold,,,,,,,,,,,,,"(41.005639, 28.975132)"
49,https://www.atlasobscura.com/places/istanbul-2461,41.011343,28.98031,Istanbul 2461,Quite possibly the oldest love poem known to humankind.,atlas_obscura,gold,,,,,,,,,,,,,"(41.011343, 28.98031)"
51,https://www.atlasobscura.com/places/vedat-tek-house,41.050401,28.989358,Vedat Tek House,The eclectic home of a leading Turkish architect is a gorgeous piece of eye candy.,atlas_obscura,gold,,,,,,,,,,,,,"(41.050401, 28.989358)"
54,https://www.atlasobscura.com/places/orient-express-museum-at-sirkeci-terminal,41.015237,28.977123,Istanbul Railway Museum at Sirkeci Terminal,The legendary luxury train passage is commemorated with a charming museum inside its former eastern terminus.,atlas_obscura,gold,,,,,,,,,,,,,"(41.015237, 28.977123)"
55,https://www.atlasobscura.com/places/beylerbeyi-palace,41.043,29.04,Beylerbeyi Palace,This former Imperial summer home was the venue for a royal slap that once echoed 'round the world.,atlas_obscura,gold,,,,,,,,,,,,,"(41.043, 29.04)"
57,https://www.atlasobscura.com/places/museum-of-energy,41.066406,28.94668,Museum of Energy,This shuttered power plant is now Turkey's first industrial archaeology museum.,atlas_obscura,gold,,,,,,,,,,,,,"(41.066406, 28.94668)"
59,https://www.atlasobscura.com/places/theodosian-wall-stone-ladder,41.031442,28.933987,Theodosian Wall Stone Ladder,Climb a set of vertiginous stone steps to the top of this impressive ancient edifice.,atlas_obscura,gold,,,,,,,,,,,,,"(41.031442, 28.933987)"
61,https://www.atlasobscura.com/places/pera-palace-hotel,41.03114,28.973635,Pera Palace Hotel,This historic hotel preserves many treasures from its heyday hosting passengers on the Orient Express.,atlas_obscura,gold,,,,,,,,,,,,,"(41.03114, 28.973635)"
67,https://www.atlasobscura.com/places/yeralti-camii-underground-mosque,41.022533,28.976539,Yeralti Camii (Underground Mosque),A surprising and unconventional mosque hidden in the subsoil of Istanbul.,atlas_obscura,gold,,,,,,,,,,,,,"(41.022533, 28.976539)"
79,https://www.atlasobscura.com/places/bar-at-biz-istanbul,41.036636,28.987797,Bar at Biz Istanbul,Eat your way through history.,atlas_obscura,gold,,,,,,,,,,,,,"(41.036636, 28.987797)"
81,https://www.atlasobscura.com/places/kanaat-lokantasi-istanbul,41.025849,29.01651,Kanaat Lokantasi,This family-owned canteen has been selling goat milk ice cream since 1933.,atlas_obscura,gold,,,,,,,,,,,,,"(41.025849, 29.01651)"
83,https://www.atlasobscura.com/places/taksim-mosque,41.036949,28.984136,Taksim Mosque,One of the newest mosques in a city filled with thousands.,atlas_obscura,gold,,,,,,,,,,,,,"(41.036949, 28.984136)"
84,https://www.atlasobscura.com/places/siirt-seref-buryan-istanbul,41.017211,28.95338,Siirt Şeref Büryan,"Come for the whole sides of slow-roasted lamb, stay for the regional Kurdish specialties.",atlas_obscura,gold,,,,,,,,,,,,,"(41.017211, 28.95338)"
85,https://www.atlasobscura.com/places/baris-manco-house-and-museum,40.981824,29.024992,Baris Manco House and Museum,"The home-turned-museum of Barış Manço, the mustachioed Turkish Elvis for children.",atlas_obscura,gold,,,,,,,,,,,,,"(40.981824, 29.024992)"
87,https://www.atlasobscura.com/places/isa-yusuf-alptekin-park,41.005052,28.975042,Isa Yusuf Alptekin Park,A tiny park in the middle of some big power politics.,atlas_obscura,gold,,,,,,,,,,,,,"(41.005052, 28.975042)"
88,https://www.atlasobscura.com/places/meryem-ana-rum-ortodoks-kilesesi,41.029633,28.949228,Meryem Ana Rum Ortodoks Kilesesi,It's believed that this small church was connected to the Hagia Sophia via a secret tunnel.,atlas_obscura,gold,,,,,,,,,,,,,"(41.029633, 28.949228)"
90,https://www.atlasobscura.com/places/buuzecedi-istanbul,41.020745,28.94244,Buuzecedi,Homesick Syrian refugees head to this restaurant for a taste of Damascus.,atlas_obscura,gold,,,,,,,,,,,,,"(41.020745, 28.94244)"
94,https://www.atlasobscura.com/places/golden-horn-metro-bridge,41.022543,28.966706,Haliç Metro Bridge,Taking the subway here means doing so over a bridge located in the middle of an estuary.,atlas_obscura,gold,,,,,,,,,,,,,"(41.022543, 28.966706)"
98,https://www.atlasobscura.com/places/palace-of-the-porphyrogenitus-tekfur-sarayi-muzesi-istanbul-turkey,41.035439,28.942675,Palace of the Porphyrogenitus,"Byzantine emperors ruled, lived, and died in this 13th-century palace-turned-museum.",atlas_obscura,gold,,,,,,,,,,,,,"(41.035439, 28.942675)"
99,https://www.atlasobscura.com/places/inciralti-meyhanesi-istanbul,41.044896,29.044675,Inciralti Meyhanesi,Wash down heaping platters of meze with raki at one of the city's best taverns.,atlas_obscura,gold,,,,,,,,,,,,,"(41.044896, 29.044675)"
103,https://www.atlasobscura.com/places/lacivert-istanbul,41.091349,29.066516,Lacivert,Feast on the freshest of fish by the Bosphorus.,atlas_obscura,gold,,,,,,,,,,,,,"(41.091349, 29.066516)"
108,https://www.atlasobscura.com/places/column-of-marcian,41.012191,28.951409,Column of Marcian,The only Roman honorific column in Istanbul.,atlas_obscura,gold,,,,,,,,,,,,,"(41.012191, 28.951409)"
112,https://www.atlasobscura.com/places/column-of-arcadius,41.007796,28.943003,Base of the Column of Arcadius,A massive marble pedestal is all that remains of a column that towered over Constantinople for 1300 years.,atlas_obscura,gold,,,,,,,,,,,,,"(41.007796, 28.943003)"
119,https://www.atlasobscura.com/places/semsi-pasha-mosque,41.025005,29.029263,Şemsi Pasha Mosque,An Ottoman-era mosque looking over the Black Sea.,atlas_obscura,gold,,,,,,,,,,,,,"(41.025005, 29.029263)"
130,https://www.atlasobscura.com/places/sakirin-mosque-istanbul,41.013309,29.024329,Şakirin Mosque,A mosque with distinctive modern features.,atlas_obscura,gold,,,,,,,,,,,,,"(41.013309, 29.024329)"
139,https://www.atlasobscura.com/places/asitane-restaurant,41.031043,28.938893,Asitane Restaurant,This eatery re-creates dishes from the Ottoman Empire so you can dine like a sultan.,atlas_obscura,gold,,,,,,,,,,,,,"(41.031043, 28.938893)"
140,https://www.atlasobscura.com/places/galata-house-restaurant,41.024837,28.973396,Galata House Restaurant,"Housed in an old British jail, this spot serves up Georgian, Russian, and Ukrainian specialities with a side of Turkish history.",atlas_obscura,gold,,,,,,,,,,,,,"(41.024837, 28.973396)"
2,,38.23166,27.02997,Izmir,"A scenic route towards Izmir is to head west then south into the Gallipoli peninsula, with its World War I sites, cross the Dardanelles to Çanakkale, then past ancient Troy (Turkey)|Troy and Bergama|Pergamon (Bergama). A short ferry-ride brings you to the charming island of Bozcaada. For more detailed descriptions, see Istanbul to Izmir.",wikivoyage,red,,,Go next_South,"(38.23166, 27.02997)",,,,,,,,,"(38.23166, 27.02997)"
1,,39.9895878,28.8944669,Bursa,"Bursa to the southeast is a former Ottoman capital with many historical sights plus Uludağ|Uludağ National Park just south. İznik, rich in Byzantine, Seljuk, and early Ottoman heritage, is worth a detour on the way.",wikivoyage,red,,,Go next_South,"(39.9895878, 28.8944669)",,,,,,,,,"(39.9895878, 28.8944669)"
0,,40.6216407,27.6294272,Marmara Islands,"The Marmara Islands are across the sea, much further away and less urban than the Princes Islands just offshore of the city.",wikivoyage,red,,,Go next_South,"(40.6216407, 27.6294272)",,,,,,,,,"(40.6216407, 27.6294272)"
2,,41.118499,16.8861634,Via Egnatia,Or perhaps you can follow the ancient Via Egnatia all the way to the Adriatic and across to Rome.,wikivoyage,red,,,Go next_West,"(41.118499, 16.8861634)",,,,,,,,,"(41.118499, 16.8861634)"
1,,42.6977028,23.3217359,Sofia,Head into Western Europe either via Sofia in Bulgaria or Bucharest in Romania.,wikivoyage,red,,,Go next_West,"(42.6977028, 23.3217359)",,,,,,,,,"(42.6977028, 23.3217359)"
0,,41.6759327,26.5587225,Edirne,"Edirne, two hours to the northwest, is a beautiful historic city, and was the Ottoman capital before power moved to Istanbul. You need at least a day here. A slow scenic route winds north via Kıyıköy, ancient Medea, a fisherman's village on the Black Sea with some traditional architecture, partially rebuilt ancient city walls and a nearby rock-cut monastery. The next town on that route is Vize, an old town with a well preserved Byzantine cathedral.",wikivoyage,red,,,Go next_West,"(41.6759327, 26.5587225)",,,,,,,,,"(41.6759327, 26.5587225)"
16,,0.0,0.0,United States ,,wikivoyage,red,"İstinye Mh, Kaplıcalar Mevkii 2, İstinye ",https://tr.usembassy.gov/embassy-consulates/istanbul/ ,Cope_Consulates,"(0, 0)",,,,,,,,,"(0.0, 0.0)"
12,,41.0286238,28.9755845,Sweden ,,wikivoyage,red,"İstiklal Cd 247, Beyoğlu ",http://swedenabroad.com/Start____9208.aspx ,Cope_Consulates,"(41.0286238, 28.9755845)",,,,,,,,,"(41.0286238, 28.9755845)"
10,,41.033865,28.9781765,Russia ,,wikivoyage,red,"İstiklal Cd 443, Beyoğlu ", ,Cope_Consulates,"(41.033865, 28.9781765)",,,,,,,,,"(41.033865, 28.9781765)"
4,,41.0360566,28.9872228,New Zealand ,,wikivoyage,red,"İnönü Cd 48/3, Taksim ",http://www.nzembassy.com/turkey ,Cope_Consulates,"(41.0360566, 28.9872228)",,,,,,,,,"(41.0360566, 28.9872228)"
3,,41.0308296,28.9762384,Netherlands ,,wikivoyage,red,"İstiklal Cd 197, Beyoğlu ",https://www.netherlandsandyou.nl/your-country-and-the-netherlands/turkey/about-us/consulate-general-in-istanbul ,Cope_Consulates,"(41.0308296, 28.9762384)",,,,,,,,,"(41.0308296, 28.9762384)"
13,,41.0330901,28.9805858,Greece ,,wikivoyage,red,"Turnacıbaşı Sk 22, Beyoğlu ",http://www.mfa.gr/turkey/tr/consulate-general-in-istanbul,Cope_Consulates,"(41.0330901, 28.9805858)",,,,,,,,,"(41.0330901, 28.9805858)"
12,,41.0354115,28.9893423,Germany ,,wikivoyage,red,"İnönü Cd 10, Gümüşsuyu-Taksim ",http://istanbul.diplo.de/ ,Cope_Consulates,"(41.0354115, 28.9893423)",,,,,,,,,"(41.0354115, 28.9893423)"
4,,41.0360297,28.9848607,Belgium ,,wikivoyage,red,"Sıraselviler Cd 39, Taksim ",http://diplomatie.be/istanbul/ ,Cope_Consulates,"(41.0360297, 28.9848607)",,,,,,,,,"(41.0360297, 28.9848607)"
3,,41.0857834,29.0265402,Azerbaijan ,,wikivoyage,red,"Zeytinoğlu Cd 65, Akatlar ",https://istanbul.mfa.gov.az ,Cope_Consulates,"(41.0857834, 29.0265402)",,,,,,,,,"(41.0857834, 29.0265402)"
1,,41.0406727,28.9916999,Australia ,,wikivoyage,red,"Asker Ocağı Cd 15, Elmadağ ", ,Cope_Consulates,"(41.0406727, 28.9916999)",,,,,,,,,"(41.0406727, 28.9916999)"
0,,41.0851674,29.032866,Argentina ,,wikivoyage,red,"Tepecik Yolu 58, Etiler ", ,Cope_Consulates,"(41.0851674, 29.032866)",,,,,,,,,"(41.0851674, 29.032866)"
0,,41.00774,28.97703,Tourism Police ,,wikivoyage,red,Divan Yolu Cd ,https://www.instagram.com/istanbultourismpolice/?hl,Stay safe_Tourism Police,"(41.00774, 28.97703)",,,,,,,,,"(41.00774, 28.97703)"
1,,41.006381,28.9758715,--,,wikivoyage,red,,,Stay safe_Stalking,"(41.006381, 28.9758715)",,,,,,,,,"(41.006381, 28.9758715)"
4,,41.0234354,28.9772166,Karaköy,"'''Karaköy''' is the rising star of the city, with its underground parties with views over the Marmara Sea.",wikivoyage,red,,,Drink,"(41.0234354, 28.9772166)",,,,,,,,,"(41.0234354, 28.9772166)"
3,,40.9807198,29.0787763,Istanbul/Kadikoy|Kadıköy,"'''Istanbul/Kadikoy|Kadıköy''' also has a compact nightlife scene, serving mostly locals of this part of the city. It's easy-going, with local pubs and wine houses.",wikivoyage,red,,,Drink,"(40.9807198, 29.0787763)",,,,,,,,,"(40.9807198, 29.0787763)"
2,,41.0254422,28.9741861,Istanbul/Galata|Beyoğlu,"'''Istanbul/Galata|Beyoğlu''' has lively night life, with cafes and bars with live music.",wikivoyage,red,,,Drink,"(41.0254422, 28.9741861)",,,,,,,,,"(41.0254422, 28.9741861)"
1,,40.98115,29.10087,Istanbul Marriott Hotel Asia ,,wikivoyage,red,"Küçükbakkalköy, Kayışdağı Cd. No:3, Ataşehir ",https://www.marriott.com/en-us/hotels/istmc-istanbul-marriott-hotel-asia/overview/ ,Sleep,"(40.98115, 29.10087)",,,,,,,,,"(40.98115, 29.10087)"
0,,41.03004,29.10842,Crowne Plaza Istanbul - Oryapark ,,wikivoyage,red,"İnkılap, Küçüksu Cd. No58, Ümraniye ",https://www.ihg.com/crowneplaza/hotels/en/en/istanbul/istur/hoteldetail ,Sleep,"(41.03004, 29.10842)",,,,,,,,,"(41.03004, 29.10842)"
1,,40.94013,29.11214,Süreyya Plajı ,Clusters of 'meyhane' taverns and 'nargile' shisha cafes on the causeway. ,wikivoyage,red, , ,Drink,"(40.94013, 29.11214)",,,,,,,,,"(40.94013, 29.11214)"
0,,40.9943,29.11055,Bulvar 216 ,"A gastro-center with numerous cafes, cocktail bars, pubs and restaurants offering international food.",wikivoyage,red,"Barbaros, Gelincik Sk No:4, Ataşehir ",https://www.bulvar216.com/tr/ ,Drink,"(40.9943, 29.11055)",,,,,,,,,"(40.9943, 29.11055)"
3,,40.93645,29.11468,Idealtepe Sahil,Wide selection of restaurants thruought the causeway. ,wikivoyage,red,Maltepe , ,Eat,"(40.93645, 29.11468)",,,,,,,,,"(40.93645, 29.11468)"
2,,40.97988,29.09906,City's Istanbul ,A shopping & restaurant centre.,wikivoyage,red, , ,Eat,"(40.97988, 29.09906)",,,,,,,,,"(40.97988, 29.09906)"
1,,40.99388,29.12005,Metropol ,A shopping & restaurant centre. Also houses the tallest building in all of Turkey with 301-m height.,wikivoyage,red,"Ataşehir Bulvarı, Ataşehir ", ,Eat,"(40.99388, 29.12005)",,,,,,,,,"(40.99388, 29.12005)"
0,,41.02074,29.12841,Tepeüstü Kavşağı,Cluster of restaurants in Ümraniye offering classic Turkish cuisine.,wikivoyage,red,Ümraniye , ,Eat,"(41.02074, 29.12841)",,,,,,,,,"(41.02074, 29.12841)"
2,,40.95295,29.12158,Hilltown ,,wikivoyage,red,"Aydınevler, Siteler Yolu No:28, Maltepe",https://hilltownkucukyali.com/tr ,Buy,"(40.95295, 29.12158)",,,,,,,,,"(40.95295, 29.12158)"
1,,40.99802,29.09981,Watergarden ,,wikivoyage,red,"Barbaros, Kızılbegonya Sok 10/1, Ataşehir ",https://watergarden.com.tr/ ,Buy,"(40.99802, 29.09981)",,,,,,,,,"(40.99802, 29.09981)"
0,,41.02458,29.126,Meydan AVM ,,wikivoyage,red,"Fatih Sultan Mehmet, Balkan Cd. No 62, Ümraniye ",https://meydan-istanbul.com/ ,Buy,"(41.02458, 29.126)",,,,,,,,,"(41.02458, 29.126)"
3,,40.9266,29.11848,Maltepe Beach Parks ,"Hotspot for the youth and families alike. You could either grab a couple of beers to relax in greenery or participate in watersports such as sailing and rowing, or rent a bike to enjoy the fresh air.",wikivoyage,red,"Yalı, Turgut Özal Blv. No:223, Maltepe", ,Do,"(40.9266, 29.11848)",,,,,,,,,"(40.9266, 29.11848)"
1,,40.99149,29.14142,Ataşehir Golf Club ,One of the few golf clubs in the city.,wikivoyage,red,"Atatürk, Atapark Cd, Ataşehir ",https://atasehirgolf.com/ ,Do,"(40.99149, 29.14142)",,,,,,,,,"(40.99149, 29.14142)"
0,,40.99282,29.10501,Ülker Arena ,"A multi-purpose arena for sports and concerts, homecourt of EuroLeague powerhouse Fenerbahçe and to its basketball museum.",wikivoyage,red,"Barbaros, Ihlamur Bv, Ataşehir ",https://www.instagram.com/ulkersportsarena/ ,Do,"(40.99282, 29.10501)",,,,,,,,,"(40.99282, 29.10501)"
6,,40.94363,29.11533,Küçükyalı Archeopark ,An archeological park run by Koç University.,wikivoyage,red,"Çınar, Gürkan Sk. No:4, Maltepe ",https://kyap.ku.edu.tr/ ,See,"(40.94363, 29.11533)",,,,,,,,,"(40.94363, 29.11533)"
5,,40.95319,29.0963,Bostancıbaşı Bridge ,Rumored to be built by Mimar Sinan in XVI. century.,wikivoyage,red,"Altıntepe, Bağdat Cad. No:3, Maltepe ", ,See,"(40.95319, 29.0963)",,,,,,,,,"(40.95319, 29.0963)"
4,,40.9823,29.1143,Gallery 11.17 ,A boutique art museum.,wikivoyage,red,"Küçükbakkalköy, Fırın Cd. No:29 Ataşehir ",https://www.instagram.com/gallery11.17/ ,See,"(40.9823, 29.1143)",,,,,,,,,"(40.9823, 29.1143)"
3,,40.98504,29.135,Sustainable Art House ,,wikivoyage,red,"Atatürk, Sülün Cd. No:19, Ataşehir ", ,See,"(40.98504, 29.135)",,,,,,,,,"(40.98504, 29.135)"
2,,40.99405,29.12513,DasDas ,"A cultural complex for various art forms and events. Also home to X Media Art Museum, Turkey's first digital art and new media museum.",wikivoyage,red,"Atatürk, Ataşehir Blv., Ataşehir ",https://xmediaartmuseum.com/ ,See,"(40.99405, 29.12513)",,,,,,,,,"(40.99405, 29.12513)"
1,,40.99701,29.11946,Nezahat Gökyiğit Botanical Garden ," The herbarium, which contains about 8,500 plant specimens, contains living records of hundreds of different species from dozens of genera.",wikivoyage,red,"Yan Yol, Ataşehir, Rıfat Danışman Sok., Ataşehir ",https://www.ngbb.org.tr/ ,See,"(40.99701, 29.11946)",,,,,,,,,"(40.99701, 29.11946)"
0,,41.06226,29.09405,Hekimbaşı Hunting Lodge , It was built for Hekimbaşı Küçük Hayrullah Efendi (1817-1866) by the renowned architect Sarkis Balyan.,wikivoyage,red,"Hekimbaşı, Okul Cd. No:12, Ümraniye ",http://www.umraniye.gov.tr/hekimbasi-av-kosku ,See,"(41.06226, 29.09405)",,,,,,,,,"(41.06226, 29.09405)"
2,,40.99758,29.14095,Dudullu Terminal ,Second main bus terminal of the Asian side of the city.,wikivoyage,red, , ,Get in,"(40.99758, 29.14095)",,,,,,,,,"(40.99758, 29.14095)"
1,,40.90990059275762,29.049983158322245,Kınalıada ,"This was the island most used as a place of exile in Byzantine times (the most notable exile being the former emperors Romanos I Lekapenos from 944, and Romanos IV Diogenes. Christos Greek Monastery and the Ada Public Beach are noteworthy sites.",wikivoyage,red, , ,Do,"(40.90990059275762, 29.049983158322245)",,,,,,,,,"(40.90990059275762, 29.049983158322245)"
1,,40.98687037618238,29.028484266637555,Kadıköy Halk Eğitim ,State-run course center,wikivoyage,red,"Caferağa, Asım Gündüz Caddesi, Bahariye Cd. No: 39 ", ,Learn,"(40.98687037618238, 29.028484266637555)",,,,,,,,,"(40.98687037618238, 29.028484266637555)"
0,,40.98684,29.0524,Marmara University ,One of the leading public schools in Turkey.,wikivoyage,red,"Eğitim, Fahrettin Kerim Gökay Cd. ", ,Learn,"(40.98684, 29.0524)",,,,,,,,,"(40.98684, 29.0524)"
7,,41.1031,29.0669,Ajia Hotel ,"Boutique waterfront hotel. Rooms include air-con, TV, safe, Wi-Fi.",wikivoyage,red,"Çubuklu Cad. Ahmet Rasim Paşa Yalısı No:27, 34810 Beykoz ",http://www.ajiahotel.com ,Sleep,"(41.1031, 29.0669)",,,,,,,,,"(41.1031, 29.0669)"
6,,40.992736,29.0268958,Emirtimes Hotel ,"3-star hotel. All rooms have cable TV, wireless internet and are comfortable lodgings at a good price.",wikivoyage,red,"Osmanağa Neighborhood, Reşit Efendi Street, No: 38", https://www.emirtimeshotelkadikoy.com.tr/ ,Sleep,"(40.992736, 29.0268958)",,,,,,,,,"(40.992736, 29.0268958)"
5,,40.996,29.0268,Hush Hostel ,"Rooms are generously spacious, bright, clean & cosy. Bathrooms are typically shared, Wi-Fi is very slow. They also run Hush Moda nearby.",wikivoyage,red,"Lounge: İskele Sk No:46, Moda: Caferağa Mah. Güneşli Bahçe Sok. 50/B ",http://www.hushhostels.com/ ,Sleep,"(40.996, 29.0268)",,,,,,,,,"(40.996, 29.0268)"
4,,40.9622,29.11071,Dedeman Bostancı ,,wikivoyage,red,"İçerenköy, Değirmen Yolu Cd. ",https://www.dedeman.com/oteller/dedeman-bostanci ,Sleep,"(40.9622, 29.11071)",,,,,,,,,"(40.9622, 29.11071)"
3,,40.98695,29.086,Hilton Istanbul Kozyatagi,,wikivoyage,red,"Sahrayı Cedit, Batman Sk. No:4 ",https://www.hilton.com/en/hotels/istkohi-hilton-istanbul-kozyatagi/ ,Sleep,"(40.98695, 29.086)",,,,,,,,,"(40.98695, 29.086)"
2,,40.95663,29.08064,Hotel Suadiye ,"4-star hotel, rooms include air-con, TV, safe, Wi-Fi.",wikivoyage,red,"Suadiye Mh., Plaj Yolu Sk. No:27 ",http://www.hotelsuadiye.com/ ,Sleep,"(40.95663, 29.08064)",,,,,,,,,"(40.95663, 29.08064)"
1,,40.97733,29.04163,Wyndham Grand Istanbul Kalamis Marina ,,wikivoyage,red,"Fenerbahçe, Fener Kalamış Cd. No:38 ",https://www.wyndhamhotels.com/tr-tr/wyndham-grand/istanbul-turkey/wyndham-grand-istanbul-kalamis-marina/ ,Sleep,"(40.97733, 29.04163)",,,,,,,,,"(40.97733, 29.04163)"
0,,40.9882,29.0211,DoubleTree by Hilton ,,wikivoyage,red,"Caferağa, Albay Faik Sözdener Cd. No:31 ",https://www.hilton.com/en/hotels/istimdi-doubletree-istanbul-moda/ ,Sleep,"(40.9882, 29.0211)",,,,,,,,,"(40.9882, 29.0211)"
2,,40.9912955,29.0245631,--,,wikivoyage,red,,,Drink_Clubs,"(40.9912955, 29.0245631)",,,,,,,,,"(40.9912955, 29.0245631)"
4,,40.9866707,29.0265291,Karga ,A finely decorated bar situated in a three-storey old building with wooden ceilings and floors. Also has a small yard at the back.,wikivoyage,red,"Kadife Sk 16, Kadıköy ",http://www.karga.com.tr/ ,Drink,"(40.9866707, 29.0265291)",,,,,,,,,"(40.9866707, 29.0265291)"
3,,40.96296,29.07421,Şaşkınbakkal ,"An upper-class area with dozens of options for bars (like ''Old English Pub''), cocktail bars (like ''Ferida'') cafes (like ''Leaf Co.''), pubs (''Draft Gastropub'') and restaurants (like ''Ocakbaşı'').",wikivoyage,red, , ,Drink,"(40.96296, 29.07421)",,,,,,,,,"(40.96296, 29.07421)"
2,,41.00912,29.04012,Koşuyolu ,"Hosting multiple, mostly family-friendly cafe options such as ''Kirpi'' and ''Kronotrop'' as well as pubs, right in front of the central park.",wikivoyage,red, , ,Drink,"(41.00912, 29.04012)",,,,,,,,,"(41.00912, 29.04012)"
1,,40.98115,29.021003,Moda Tea Garden ,,wikivoyage,red, , ,Drink,"(40.98115, 29.021003)",,,,,,,,,"(40.98115, 29.021003)"
0,,40.98736,29.02667,Caferağa ,"This area is home to dozens if not hundreds of bars, cafes, pubs and restaurants. Some of the most prominent streets are; Karanfil Street (a.k.a. 'bars street'), Moda St., Sarraf Ali St., Sakız Gülü St. and Arayıcıbaşı St. Some bars in this area are interestingly named after animals such as ''Ayı'', ''Fil'' and ''Karga''. Staple clubs like ''Arkaoda'' and ''Dorock XL'' are also in this area. Favorites include ''Bina'', ''Revolte'' and ''Muhit''.",wikivoyage,red, , ,Drink,"(40.98736, 29.02667)",,,,,,,,,"(40.98736, 29.02667)"
1,,40.9576253,29.0863707,Hatay Restaurant ,A traditional restaurant for tasting ''Rakı'' with ''meze''s. Famous amongst Turkish poets.,wikivoyage,red,"Bağdat Caddesi 526, Bostancı ",https://m.facebook.com/HATAY-RESTAURANT-177704158961314/ ,Eat_Mid-range,"(40.9576253, 29.0863707)",,,,,,,,,"(40.9576253, 29.0863707)"
0,,40.9892475,29.0241296,Çiya Sofrası ,"Regional tastes ranging from Balkans to Asia, Caucasus to Mesopotamia, with much delicious kebabs.",wikivoyage,red,"Caferağa Mah. Güneşlibahçe Sk. 43, Kadıköy ",https://www.ciya.com.tr/ ,Eat_Mid-range,"(40.9892475, 29.0241296)",,,,,,,,,"(40.9892475, 29.0241296)"
0,,40.9938,29.03817,Haçapuri ,"A place to try Turkish pide, which is flatbread with meat or eggs or other such things (even preserves, etc) in the center.",wikivoyage,red,"Hasanpaşa, Fahrettin Kerim Gökay Cd. No:11, 34722 Kadıköy ",http://www.hacapuripide.net/ ,Eat_Budget,"(40.9938, 29.03817)",,,,,,,,,"(40.9938, 29.03817)"
3,,40.95336,29.09593,Bostancı Sahil,Both budget (like ''Balıkçılar Çarşısı'') and full-course options (like ''Günaydın'') as well as taverns/meyhane (like ''Hatay Restaurant'') could be found. Remember to visit the Succulent Museum in the vicinity.,wikivoyage,red, , ,Eat,"(40.95336, 29.09593)",,,,,,,,,"(40.95336, 29.09593)"
2,,40.97109,29.03861,Fenerbahçe Marina ,"Fenerbahçe translates to Lighthouse Garden, in reference to a historic lighthouse built in 1562. The neighborhood gives its name to the Fenerbahçe Sports Club. The marina and the trailing street are home to some solid restaurant choices (''Midpoint'', Happy ''Moon's'' etc.).",wikivoyage,red, , ,Eat,"(40.97109, 29.03861)",,,,,,,,,"(40.97109, 29.03861)"
1,,40.99923,29.03819,Acıbadem St.,Multiple choices ranging from kebabs (''Sahra'') to pastry (''Görgülü'') to sushis (''Konoha'').,wikivoyage,red, , ,Eat,"(40.99923, 29.03819)",,,,,,,,,"(40.99923, 29.03819)"
0,,40.98939,29.0299,Sanatkarlar St. ,"Literally the ""artists' street"", it hosts selection of pubs (like ''Küff'') and restaurants (mostly meyhanes) plus cultural places like ''Nazım Hikmet Center''.",wikivoyage,red, , ,Eat,"(40.98939, 29.0299)",,,,,,,,,"(40.98939, 29.0299)"
6,,40.96938,29.09168,Kozzy ,A shopping and cultural center.,wikivoyage,red,"Kozyatağı, Buket Sk. No:14 ",http://www.kozzyavm.com/ ,Buy,"(40.96938, 29.09168)",,,,,,,,,"(40.96938, 29.09168)"
5,,40.96374,29.07441,Bağdat Avenue ,"The avenue has little in common with [[Baghdad]], except it was the beginning of the Ottoman-era route to that city followed by many, including Ottoman sultan Murat IV during his march upon Persia, after which he captured Baghdad. In fact, with its sidewalk cafés and Western restaurants, Bağdat Caddesi is usually considered as one of Istanbul's most western-flavoured streets, ironically located in [[Asia]]. This street is not completely pedestrianized unlike [[Istanbul/Galata",wikivoyage,red, , ,Buy,"(40.96374, 29.07441)",,,,,,,,,"(40.96374, 29.07441)"
4,,40.99993,29.03112,Tepe Nautilus ,One of the first shopping centers in Istanbul.,wikivoyage,red,"Acıbadem, Fatih Sk. No:1 ",http://www.tepenautilus.com/ ,Buy,"(40.99993, 29.03112)",,,,,,,,,"(40.99993, 29.03112)"
3,,40.98918,29.02332,Akmar Pasaj ,"Once a stronghold for the alt-youth and metalheads, now turned into a passage for second-hand books and basically anything else.",wikivoyage,red,"Caferağa, Mühürdar Cd. ", ,Buy,"(40.98918, 29.02332)",,,,,,,,,"(40.98918, 29.02332)"
2,,40.98723,29.028403,Bahariye Avenue ,"A pedestrianized street with nostalgic tram in the middle, contains various shops, restaurants, cafes and historical buildings.",wikivoyage,red, , ,Buy,"(40.98723, 29.028403)",,,,,,,,,"(40.98723, 29.028403)"
1,,40.99766,29.05034,Salı Pazarı ," Locals do a lot of their shopping at the Salı Pazarı or '''Tuesday Bazaar''', located in Hasanpaşa not far from the Gazhane Museum. You can get good deals here on everything from produce to clothes to housewares. This is a less touristy bazaar experience than what many see at the Grand Bazaar on the European side. There is an antique sale on every Sunday.",wikivoyage,red,"Hasanpaşa, Uzunçayır Cd. ", ,Buy,"(40.99766, 29.05034)",,,,,,,,,"(40.99766, 29.05034)"
0,,40.99047,29.025235,Balık Pazarı ,"The '''fish bazaar''' in the Kadıköy market area is where the locals go for fresh fish and seafood. Fish shops are open all week long; most of them will clean the fish for you (though not necessarily the ''hamsi'', or delicious local anchovies). Keep an eye out for stray cats sneaking off with bits of abandoned fish. In the upper streets, you can find anything from herbal stores to secondhand bookshops (which often have English language material in their stock).",wikivoyage,red,"Osmanağa, Güneşli Bahçe Sk. ", ,Buy,"(40.99047, 29.025235)",,,,,,,,,"(40.99047, 29.025235)"
4,,40.95682,29.10176,Bostancı Amusement Park and Show Center ,,wikivoyage,red,"Bostancı, Mehmet Şevki Paşa Cd. No:8 ",https://www.bgmonline.net/ ,Do,"(40.95682, 29.10176)",,,,,,,,,"(40.95682, 29.10176)"
3,,40.96487,29.0661,Caddebostan ,Another upscale neighborhood which is a youth-favorite of sunny days. Grab a couple of beers and lay down on grass. Three tiny swimmable sandy beaches are nearby but beware of the overcrowding. The seaside strip regularly hosts events such as rowing and sailing competitions or Red Bull Flight Day. Other sights include; Caddebostan Cultural Center (CKM) and the Seaside Mansions of Tevhide Hanım and Ragıp Paşa (locally known as 'Perili Köşk' which translates to 'haunted house'),wikivoyage,red, , ,Do,"(40.96487, 29.0661)",,,,,,,,,"(40.96487, 29.0661)"
2,,40.97334,29.05629,Çiftehavuzlar,"A luxurious neighborhood with calming streets and fine restaurants. Notable sights include; Göztepe 60. Yıl Park, Özgürlük Park, Kemal Sunal House, Büyük Kulüp and Cemil Topuzlu Mansion.",wikivoyage,red, , ,Do,"(40.97334, 29.05629)",,,,,,,,,"(40.97334, 29.05629)"
1,,40.97534,29.04068,Kalamış ,"The upscale Kalamış neighborhood, which takes its name from the Greek word kalami (καλάμι) meaning reed. Notable places include; Jean Botter Pavilion, Kalamış Park, Fenerbahçe Mosque, Fenerbahçe Park, St. Augustine Catholic Church and St. John Chrysostom Greek Orthodox Church. ",wikivoyage,red, , ,Do,"(40.97534, 29.04068)",,,,,,,,,"(40.97534, 29.04068)"
0,,40.98763,29.03622,Şükrü Saraçoğlu Stadium ,"Home court of Fenerbahçe - one of the leading clubs in European football, competing regularly in both UEFA and Champions League. Also hosts a museum of the sports club. Just across the stadium, the Yoğurtçu Park is a staple option for relaxation, running or dog-walking. ",wikivoyage,red, , ,Do,"(40.98763, 29.03622)",,,,,,,,,"(40.98763, 29.03622)"
2,,40.95934,29.08548,DeCollage Art Space ,,wikivoyage,red,"Suadiye, Müzeyyen Sok. No:4/1 ",https://decollageartspace.com/ ,See,"(40.95934, 29.08548)",,,,,,,,,"(40.95934, 29.08548)"
1,,40.97593,29.07073,Toy Museum ,"Dedicated to toys, this is a museum which adults can enjoy as much as kids. It's founded by poet Sunay Akın, and is housed in a historical mansion in the Göztepe neighbourhood east of Kadıköy. Among the 2,000 pieces of toys from around the world in exhibition, the oldest are a French-made violin from 1817 and a U.S.-made doll from 1820.",wikivoyage,red,"Ömerpaşa Cd, Dr. Zeki Zeren Sk 17, Göztepe ",https://istanbuloyuncakmuzesi.com/ ,See,"(40.97593, 29.07073)",,,,,,,,,"(40.97593, 29.07073)"
0,,40.981169,29.025471,Moda ,"A neighbourhood on the peninsula just south of Kadıköy, Moda features countless neo-classical architectured mansions like the Tubini and churches. The neighbourhood is a favourite place for people of Kadıköy of all ages to take a short stroll on a summer evening, and for the youth to enjoy a few beers against the skyline of the [[Istanbul/Sultanahmet-Old City",wikivoyage,red, , ,See,"(40.981169, 29.025471)",,,,,,,,,"(40.981169, 29.025471)"
12,,40.9962,29.0425,Müze Gazhane ,"A cultural centre converted from a late 19th century town gas plant. Includes a climate museum, a museum of cartoon and humour, theatre stages, art galleries and exhibition space, and a restaurant/cafe with vegan and gluten-free options.",wikivoyage,red,"Kurbağalıdere Cd 125, Hasanpaşa ",https://muzegazhane.istanbul/ ,See,"(40.9962, 29.0425)",,,,,,,,,"(40.9962, 29.0425)"
11,,40.99479,29.02742,Hemdat İsrael Synagogue ,,wikivoyage,red,"Rasimpaşa, İzzettin Sk. No:61 ", ,See,"(40.99479, 29.02742)",,,,,,,,,"(40.99479, 29.02742)"
10,,40.98174,29.02491,Barış Manço Museum ,,wikivoyage,red,"Caferağa, Nailbey Sk. ",http://barismanco.kadikoy.bel.tr/ ,See,"(40.98174, 29.02491)",,,,,,,,,"(40.98174, 29.02491)"
9,,40.98425,29.025508,French Catholic 'Assumption' Church ,,wikivoyage,red,"Caferağa, Cem Sk. ", ,See,"(40.98425, 29.025508)",,,,,,,,,"(40.98425, 29.025508)"
8,,40.9861,29.02754,Hagia Triada Greek Orthodox Church ,,wikivoyage,red,"No:, Caferağa, Hacı Şükrü Sk. No:17 ", ,See,"(40.9861, 29.02754)",,,,,,,,,"(40.9861, 29.02754)"
7,,40.987996,29.0290267,Süreyya Opera House ,"This is a 1927 Beaux Arts building named after its patron Süreyya İlmen Pasha, then a deputy of Istanbul who was impressed by theatres in Europe during his visits. It became the first opera house in the Asian side of Istanbul, but due to deficiencies in its interior design, it barely staged any opera and was converted to a cinema soon afterwards. It underwent a significant restoration and reverted to its original purpose in 2007, so now houses performances of ballet, opera, and [[European classical music",wikivoyage,red,"Bahariye Cd 29, Kadıköy ",https://sureyyaoperasi.kadikoy.bel.tr/ ,See,"(40.987996, 29.0290267)",,,,,,,,,"(40.987996, 29.0290267)"
6,,40.98965,29.02949,Surp Levon Armenian Catholic Church ,,wikivoyage,red,"Osmanağa, Ali Suavi Sk. No 1 ", ,See,"(40.98965, 29.02949)",,,,,,,,,"(40.98965, 29.02949)"
5,,40.99184,29.023446,Haldun Taner Theatre ,Under renovation until kate 2026.,wikivoyage,red,"Caferağa, Rıhtım Cd. ",https://sehirtiyatrolari.ibb.istanbul/ ,See,"(40.99184, 29.023446)",,,,,,,,,"(40.99184, 29.023446)"
3,,40.99641,29.028032,Yeldeğirmeni Art House ,,wikivoyage,red,"Rasimpaşa, İskele Sk. No:43/1 ",https://yelsanat.kadikoy.bel.tr/ ,See,"(40.99641, 29.028032)",,,,,,,,,"(40.99641, 29.028032)"
2,,40.9953,29.0292,Yeldeğirmeni ,"Before the 1850s, this was a rural area with windmills giving its name. Later a massive Jewish settlement formed the roots of its urban fabric. In the following decades the population was further boosted by the Germans working in the construction of Haydarpaşa and it became one of the first quarters of Istanbul with apartment buildings; several beautiful historic buildings still dot the area. Today it's an artsy, bohemian neighbourhood with much street art and many [[murals]], and cafes lining its streets.",wikivoyage,red, , ,See,"(40.9953, 29.0292)",,,,,,,,,"(40.9953, 29.0292)"
1,,40.996228,29.018636,Haydarpaşa Station ,"Istanbul's Asia-side railway station nowadays under a renovation until the und of 2026. It was built by the Germans in 1908 in a distinctive Teutonic-castle style - to make an impact on travellers from Asia about to step into Europe, and a counterpoint to Sirkeci station on the European side which is modelled in Oriental style. There is an archaeological open-air museum right next to it.",wikivoyage,red, , ,See,"(40.996228, 29.018636)",,,,,,,,,"(40.996228, 29.018636)"
0,,40.99045,29.02917,Bull Statue ,"The bronze statue was made by famous-French sculptor Isidore Bonheur in 1864 and erected in a square in the French territory of Alsace-Lorraine commemorating the French victory against the Germans. However, several years later Alsace-Lorraine territory was taken by the Germans in the early 1870s and the statue was moved to the capital of the German Empire. During the First World War (1914-1918) the German Empire and Ottoman Empire were allies and German Kaiser Wilhelm II sent the Bull Statue to Ottoman general Enver Paşa as a gift in 1917.",wikivoyage,red, , ,See,"(40.99045, 29.02917)",,,,,,,,,"(40.99045, 29.02917)"
2,,41.0471342,29.0094576,Istanbul/Bosphorus|Beşiktaş,Kadıköy - Istanbul/Bosphorus|Beşiktaş,wikivoyage,red,,,Get in,"(41.0471342, 29.0094576)",,,,,,,,,"(41.0471342, 29.0094576)"
1,,41.0240157,28.9751425,Istanbul/Galata|Karaköy,Kadıköy - Istanbul/Galata|Karaköy via Haydarpaşa,wikivoyage,red,,,Get in,"(41.0240157, 28.9751425)",,,,,,,,,"(41.0240157, 28.9751425)"
2,,41.091869339677615,29.097534930688383,Limak Eurasia Luxury Hotel ,,wikivoyage,red, , ,Sleep,"(41.091869339677615, 29.097534930688383)",,,,,,,,,"(41.091869339677615, 29.097534930688383)"
1,,41.053887273093046,29.05195715520488,Vakko Hotel Sumahan Bosphorus ,,wikivoyage,red, , ,Sleep,"(41.053887273093046, 29.05195715520488)",,,,,,,,,"(41.053887273093046, 29.05195715520488)"
0,,41.02506506874059,29.041447933075045,Mercure Istanbul Altunizade ,,wikivoyage,red, , ,Sleep,"(41.02506506874059, 29.041447933075045)",,,,,,,,,"(41.02506506874059, 29.041447933075045)"
1,,41.02024,29.03078,İmren Restaurant ,Serves traditional Turkish food. You could try kelle paca soup or doner here.,wikivoyage,red,"Validei Atik mah, Miroğlu Sk. 10/A, 34664 Üsküdar ", ,Eat_Mid-range,"(41.02024, 29.03078)",,,,,,,,,"(41.02024, 29.03078)"
2,,41.002178999840325,29.054532965991395,Akasya ,,wikivoyage,red, , ,Buy,"(41.002178999840325, 29.054532965991395)",,,,,,,,,"(41.002178999840325, 29.054532965991395)"
1,,41.02097422722374,29.038935951990947,Capitol ,,wikivoyage,red, , ,Buy,"(41.02097422722374, 29.038935951990947)",,,,,,,,,"(41.02097422722374, 29.038935951990947)"
0,,41.02057420764948,29.02050619502143,Nevçarşı ,,wikivoyage,red, , ,Buy,"(41.02057420764948, 29.02050619502143)",,,,,,,,,"(41.02057420764948, 29.02050619502143)"
6,,41.108291874894185,29.08270783046593,Çubuklu Silos ,,wikivoyage,red, , ,Do,"(41.108291874894185, 29.08270783046593)",,,,,,,,,"(41.108291874894185, 29.08270783046593)"
5,,41.0149801765653,29.046002609157622,Validebağ Park ,Also Sultan Abdülaziz Hunting Lodge and Hababam Museum.,wikivoyage,red, , ,Do,"(41.0149801765653, 29.046002609157622)",,,,,,,,,"(41.0149801765653, 29.046002609157622)"
4,,41.104399760308596,29.076661565486837,Hıdiv Kasrı ,,wikivoyage,red, , ,Do,"(41.104399760308596, 29.076661565486837)",,,,,,,,,"(41.104399760308596, 29.076661565486837)"
3,,41.03628474825521,29.038878945227427,Nakkaştepe ,A park right next to the Bosphorus Bridge. Comes with an unforgettable zipline experience.,wikivoyage,red, , ,Do,"(41.03628474825521, 29.038878945227427)",,,,,,,,,"(41.03628474825521, 29.038878945227427)"
2,,41.01993,29.0156,Üsküdar Musical Society ,"Founded in 1918, the society is often considered the most respected of the social clubs offering classes in the classical Ottoman music, and catching up with their frequent public concerts is certainly a good way of entering the vast world of this genre.",wikivoyage,red,"Halk Cd Emin Ongan Sk 10, Üsküdar ",http://www.uskudarmusikicemiyeti.com/ ,Do,"(41.01993, 29.0156)",,,,,,,,,"(41.01993, 29.0156)"
1,,41.01983,29.02819,Tarihi Çinili Hamamı ,Turkish bath cheaper than the more touristy ones in the European side.,wikivoyage,red,"Çavuşdere Cd 204, Selamsız-Üsküdar ",https://www.cinilihamam.com/en/ ,Do,"(41.01983, 29.02819)",,,,,,,,,"(41.01983, 29.02819)"
0,,41.00319604666837,29.07073600249444,Emaar Square ,"Complex with a shopping centre, a skydeck and an aquarium.",wikivoyage,red, , ,Do,"(41.00319604666837, 29.07073600249444)",,,,,,,,,"(41.00319604666837, 29.07073600249444)"
6,,41.00384330327569,29.065380949161934,IMOGA Graphic Arts Museum ,,wikivoyage,red, , ,See,"(41.00384330327569, 29.065380949161934)",,,,,,,,,"(41.00384330327569, 29.065380949161934)"
7,,41.0784102,29.0648834,Küçüksu Palace ,"If you are already in the area, it's worth considering to visit this waterside neo-Baroque manor, built in the 19th century for the countryside and hunting excursions of the Ottoman dynasty. The area, where the Göksu River flows into the Bosphorus, was known as ""the Sweet Waters of Asia"" by the pioneer European travellers of the epoch (as opposed to ""[[Istanbul/Golden Horn#History",wikivoyage,red, ,https://www.millisaraylar.gov.tr/kasirlar/kucuksu-kasri ,See,"(41.0784102, 29.0648834)",,,,,,,,,"(41.0784102, 29.0648834)"
6,,41.082,29.067,Anadolu Citadel ,"A medieval citadel on the Bosphorus at the mouth of the Göksu creek. It was built in the late 14th century to control (polite word for ""choke off"") shipping along the Bosphorus, which narrows to 660 m at this point. It worked in tandem with Rumeli Citadel, built some 50 years later on the European bank. It fell into disrepair but was restored in the 1990s. You can't go in, but it's a pleasant setting; the entire village is named Anadolu Hisarı after the fort and has many traditional wooden houses (''yalı''). Ferries along the Bosphorus call here.",wikivoyage,red, , ,See,"(41.082, 29.067)",,,,,,,,,"(41.082, 29.067)"
5,,41.02752,29.06837,Çamlıca Hill ,"One of the highest hills of Istanbul, at 288 m asl. Since it dominates a great part of the city, it is the site of [https://camlicakule.istanbul/ Çamlıca Tower], a 2021-built telecommunications tower and the highest structure of Istanbul, with observation decks (daily 10:00-22:00, 450 TL, discount for domestic visitors). The rest of the summit is a public park dotted by cafes with an Ottoman-themed decor. The park is sponsored by the government, so expect lower prices on food and drink than usual. The cafe in a building at the very top of the hill is moderately expensive, but you'll get excellent food and service.",wikivoyage,red, , ,See,"(41.02752, 29.06837)",,,,,,,,,"(41.02752, 29.06837)"
4,,41.05850291892891,29.054084493527156,Kuleli Military Academy ,One of the oldest functioning academies.,wikivoyage,red, , ,See,"(41.05850291892891, 29.054084493527156)",,,,,,,,,"(41.05850291892891, 29.054084493527156)"
3,,41.0507,29.0538,Çengelköy ,"About 15 minutes walking north of Beylerbeyi lies the historical fishing village Çengelköy. Its long history is attested by an 800-year-old sycamore tree on one of the two main terraced squares, and the Byzantine Aya Yorgi church. The restaurants and piers of Çengelköy offer some of the best panoramas along the Bosphorus, including a view on the old city under the first bridge. The neighborhood was popular amongst TV directors during the 1970s and it has become a (possibly the most) popular location to have lunch or dinner on the eastern side of Istanbul. Many historic mansions have been restored and multiple boutique chocolatiers were opened. Most restaurants in Çengelköy don't offer alcoholic beverages. Exceptions include the restaurant at the main pier (Iskele), and Tapasuma, the restaurant of hotel 'Sumahan on the Water', located in a former Ottoman Raki distillery. You can get there by taking bus 15 or 15F from Üsküdar, it is just a few stops further than Beylerbeyi. Going to Çengelköy by car is not advised; traffic can be very intense on the narrow road along this side of the Bosphorus.",wikivoyage,red, , ,See,"(41.0507, 29.0538)",,,,,,,,,"(41.0507, 29.0538)"
1,,41.045,29.045,Beylerbeyi ,"is a small port with a popular fishing dock. There are many restaurants: those on the port-side serve alcohol and are moderately expensive, those down the side-streets are cheaper. Notable buildings include the 18th-century Hamid-i Evvel mosque, and the 19th-century highway tunnel (which is closed as of Dec 2018). But the standout attraction is the palace.",wikivoyage,red, , ,See,"(41.045, 29.045)",,,,,,,,,"(41.045, 29.045)"
0,,41.036667,29.029722,Kuzguncuk ,"This attractive neighbourhood was home to a large Christian and Jewish population until some decades ago and still has a number of sights like two synagogues, some churches among which the Armenian Surp Krikor Lusavoriç, dozens of wooden houses and a Jewish and Christian cemetery.",wikivoyage,red, , ,See,"(41.036667, 29.029722)",,,,,,,,,"(41.036667, 29.029722)"
1,,41.00787694445489,29.016324794857535,Selimiye Barracks ,Also Florence Nightingale Museum.,wikivoyage,red, , ,See,"(41.00787694445489, 29.016324794857535)",,,,,,,,,"(41.00787694445489, 29.016324794857535)"
0,,41.021111,29.004167,Maiden's Tower ,"One of the icons of the city is also called the '''Leander's Tower''', on a Bosphorus islet off Salacak. The local myth ascribes its name to a princess, whose father wanted to protect her in this offshore tower from a prophecy that she would be killed by a snakebite on her birthday, but the snake found its way inside a basket of fruits — ironically a birthday present from her father — and you've probably already guessed the rest of the story. In actual timeline, it served as a defensive structure (there was a wall connecting it to the Asian mainland, and the Byzantines used to stretch a chain from here to the European mainland across the mouth of the Bosphorus to shut it to adversary shipping in times of conflict, but they didn't during the final Ottoman siege in 1453), as a customs and quarantine station, as a lighthouse, as a warehouse of various sorts of goods, and as a high-end restaurant before the last restoration finished in 2023 dedicated it as a museum. There is a light show viewable from the mainland every day at 21:00.",wikivoyage,red,off Salacak ,https://kizkulesi.gov.tr/en/ ,See,"(41.021111, 29.004167)",,,,,,,,,"(41.021111, 29.004167)"
7,,41.107287461956076,29.08040566256635,Çubuklu Pier ,,wikivoyage,red, , ,Get in_By boat,"(41.107287461956076, 29.08040566256635)",,,,,,,,,"(41.107287461956076, 29.08040566256635)"
6,,41.100207222061435,29.065386028194286,Kanlıca Pier ,,wikivoyage,red, , ,Get in_By boat,"(41.100207222061435, 29.065386028194286)",,,,,,,,,"(41.100207222061435, 29.065386028194286)"
5,,41.08326518533331,29.066713201928426,Anadolu Hisarı Pier ,,wikivoyage,red, , ,Get in_By boat,"(41.08326518533331, 29.066713201928426)",,,,,,,,,"(41.08326518533331, 29.066713201928426)"
4,,41.0744492812451,29.058314265620524,Kandilli Pier ,,wikivoyage,red, , ,Get in_By boat,"(41.0744492812451, 29.058314265620524)",,,,,,,,,"(41.0744492812451, 29.058314265620524)"
3,,41.05104543443838,29.051526168625074,Çengelköy Pier ,,wikivoyage,red, , ,Get in_By boat,"(41.05104543443838, 29.051526168625074)",,,,,,,,,"(41.05104543443838, 29.051526168625074)"
2,,41.04499349963253,29.044588485037988,Beylerbeyi Pier ,,wikivoyage,red, , ,Get in_By boat,"(41.04499349963253, 29.044588485037988)",,,,,,,,,"(41.04499349963253, 29.044588485037988)"
1,,41.03680633214607,29.02975989893084,Kuzguncuk Pier ,,wikivoyage,red, , ,Get in_By boat,"(41.03680633214607, 29.02975989893084)",,,,,,,,,"(41.03680633214607, 29.02975989893084)"
3,,40.8548793,26.6303057,Keşan,"Keşan – West of Tekirdağ. Either carry on west to the Greek border, or turn south down the Gallipoli peninsula.",wikivoyage,red,,,Go next,"(40.8548793, 26.6303057)",,,,,,,,,"(40.8548793, 26.6303057)"
2,,41.0731403,27.4102013,Tekirdağ,"Tekirdağ – The provincial capital to the west, a large coastal town noted for its meatballs and ''rakı''.",wikivoyage,red,,,Go next,"(41.0731403, 27.4102013)",,,,,,,,,"(41.0731403, 27.4102013)"
1,,41.1007876,25.1056763,Eastern Thrace,"Regional transport runs into Eastern Thrace, notably Saray, Vize, and Kıyıköy on the Black Sea coast.",wikivoyage,red,,,Go next,"(41.1007876, 25.1056763)",,,,,,,,,"(41.1007876, 25.1056763)"
2,,41.1125259,29.0718601,Istanbul/Bosphorus,"There's a string of '''small resorts and beaches''' along the Black Sea coast. Those furthest east, Rumelifeneri and Kilyos, are described under Istanbul/Bosphorus. These continue west along the coast to Arnavutköy. This formerly quiet area (not to be confused with the downtown district of the same name) now hosts Istanbul's new airport, so it's likely to become rapidly industrialised.",wikivoyage,red,,,See,"(41.1125259, 29.0718601)",,,,,,,,,"(41.1125259, 29.0718601)"
4,,40.981105,28.897488,"Radisson Blu Hotel, Istanbul Ottomare ",,wikivoyage,red,"Ataköy 2-5-6. Kısım, Rauf Orbay Caddesi, Kennedy Cad. No:2/1, Bakırköy ", ,Sleep,"(40.981105, 28.897488)",,,,,,,,,"(40.981105, 28.897488)"
3,,40.975507,28.855398,Hyatt Regency Istanbul Ataköy ,,wikivoyage,red,"Ataköy 2-5-6. Kısım, Rauf Orbay Caddesi, Kennedy Cad. No:2/1, Bakırköy ", ,Sleep,"(40.975507, 28.855398)",,,,,,,,,"(40.975507, 28.855398)"
2,,40.979562,28.854258,Mantar Ataköy ,,wikivoyage,red,"Ataköy 2-5-6, Güney Çarşısı No:47, Bakırköy ", ,Drink,"(40.979562, 28.854258)",,,,,,,,,"(40.979562, 28.854258)"
1,,40.95661,28.82129,Yüksel Balık Lokantası ,Steep prices but great seafood. They'll advise on what is the best fish for the season and other dishes.,wikivoyage,red,"Liman Sk 3, Yeşilköy ",http://www.yukselbalik.com/ ,Eat_Splurge,"(40.95661, 28.82129)",,,,,,,,,"(40.95661, 28.82129)"
3,,40.978056,28.873889,Carousel ,Shopping mall in Bakırköy. Another one called 'Capacity' is next door.,wikivoyage,red,"Halit Ziya Uşaklığil Cad. 1, Bakırköy ",http://www.carousel.com.tr/ ,Buy_Shops,"(40.978056, 28.873889)",,,,,,,,,"(40.978056, 28.873889)"
2,,41.046402,28.896501,Forum Istanbul ,,wikivoyage,red,"Kocatepe, Bayrampaşa ", ,Buy_Shops,"(41.046402, 28.896501)",,,,,,,,,"(41.046402, 28.896501)"
0,,40.974444,28.869722,Galleria ,"The first modern shopping mall of Turkey, opened in the 1980s.",wikivoyage,red,Ataköy ,https://www.galleria.com.tr/ ,Buy_Shops,"(40.974444, 28.869722)",,,,,,,,,"(40.974444, 28.869722)"
0,,40.962923,28.812531,Yeşilköy (Green Village) Market ,"Far less chaotic market in the west with about 2,000 stalls to be explored.",wikivoyage,red, , ,Buy_Bazaars,"(40.962923, 28.812531)",,,,,,,,,"(40.962923, 28.812531)"
3,,40.987288,28.888412,Veliefendi Hippodrom ,,wikivoyage,red,"Osmaniye, Ekrem Kurt Blv, Bakırköy ", ,Do,"(40.987288, 28.888412)",,,,,,,,,"(40.987288, 28.888412)"
0,,40.963862,28.825765,Aviation Museum ,"A military-based museum with various warplanes, helicopters, and weapons used by Turkish Air Force, and also civilian air transport and examples of Turkish aeronautics from Ottoman era onward.",wikivoyage,red,"Eski Havalimanı Cd, Yeşilköy ",https://istanbulhavamuze.hvkk.tsk.tr/ ,See,"(40.963862, 28.825765)",,,,,,,,,"(40.963862, 28.825765)"
1,,41.0456,28.8963,Sea Life Istanbul ,"Aquarium where you walk through transparent tunnels underwater. It's small compared to Istanbul Aquarium in Yeşilköy, an hour will be plenty, and their combi-tickets with [[Istanbul/Galata#Q110538685",wikivoyage,red,"Forum İstanbul 3, Kocatepe ",https://www.visitsealife.com/istanbul/en/ ,See,"(41.0456, 28.8963)",,,,,,,,,"(41.0456, 28.8963)"
0,,40.96,28.824,Yeşilköy ,"A mostly upscale suburb on the coast of the Sea of Marmara, just south of the former airport. It was a multicultural village during the Ottoman period — the legacy of which still lives on in numerous churches of different Christian denominations dotting its streets — and later a seaside resort. Town centre has colourful wooden houses with highly decorative exteriors from the turn of the 20th century, especially around the railway station (itself a historic building) and the main street leading to it (which has many restaurants and cafes.) One mansion was where the Treaty of San Stefano was signed in 1878, ending the war with Russia — the frontline had extended this close to Constantinople. Town's main sights are the Aviation Museum and Istanbul Aquarium (not related to Sea Life). Get here on the Marmaray. Traffic in Yeşilköy is often congested, and parking is very hard to find.",wikivoyage,red, , ,See,"(40.96, 28.824)",,,,,,,,,"(40.96, 28.824)"
0,,41.0402173,28.894419,Esenler Bus Terminal ,"Buses from Europe, Thrace and Gallipoli terminate here.",wikivoyage,red, , ,Get in_By bus,"(41.0402173, 28.894419)",,,,,,,,,"(41.0402173, 28.894419)"
3,,41.04007,28.99217,Ritz-Carlton ,"Standing tall near the Bosphorus, this 5-star hotel overlooks the Bosphorus and Dolmabahce Palace.",wikivoyage,red,"Süzer Plaza, Askerocağı Cd 15, Elmadağ ",http://www.RitzCarlton.com/Istanbul ,Sleep_Splurge,"(41.04007, 28.99217)",,,,,,,,,"(41.04007, 28.99217)"
2,,41.047355,28.993587,Park Hyatt Istanbul - Maçka Palas ,"5-star hotel in the residential and shopping district of Nisantasi. Rooms have wi-fi and combine Art Deco style and historic Turkish decor. The hotel also has a spa, swimming pool and restaurants.",wikivoyage,red,"Teşvikiye, Bronz Sk 4, Şişli ",https://istanbul.park.hyatt.com/ ,Sleep_Splurge,"(41.047355, 28.993587)",,,,,,,,,"(41.047355, 28.993587)"
1,,41.04477,28.98937,Hilton Istanbul Bosphorus ,"Family-friendly hotel offers a business center, child-friendly restaurants, fitness facilities with massage parlour, pool and Turkish baths. Rooms have private balconies with views of the Bosphorus and high speed internet access. Opened to service in 1955, this has the distinction of being the oldest Hilton outside the US.",wikivoyage,red,"Cumhuriyet Cd 50, Harbiye ",http://www.istanbul.hilton.com ,Sleep_Splurge,"(41.04477, 28.98937)",,,,,,,,,"(41.04477, 28.98937)"
0,,41.0406321,28.9882748,Grand Hyatt Istanbul ,"5-star with 360 rooms and suites overlooking the city and the Bosphorus. Hotel has formal dining, outdoor pool, Turkish bath, fitness center and business center.",wikivoyage,red,"Taşkışla Cd, Taksim ",https://istanbul.grand.hyatt.com/ ,Sleep_Splurge,"(41.0406321, 28.9882748)",,,,,,,,,"(41.0406321, 28.9882748)"
3,,41.0484882,28.9872674,Arts Hotel ,Modern and elegant hotel.,wikivoyage,red, ,http://www.artshotelistanbul.com/ ,Sleep_Mid-range,"(41.0484882, 28.9872674)",,,,,,,,,"(41.0484882, 28.9872674)"
2,,41.0515732,28.9891853,Jazz Hotel ,3-star jazz-themed hotel with 12 rooms named after famous jazz artists. Free wi-fi and breakfast.,wikivoyage,red,"Bahtiyar Sk 1, Nişantaşı ",http://www.jazzhotel.com.tr ,Sleep_Mid-range,"(41.0515732, 28.9891853)",,,,,,,,,"(41.0515732, 28.9891853)"
2,,41.0058083,29.0625134,--,,wikivoyage,red,,,Drink,"(41.0058083, 29.0625134)",,,,,,,,,"(41.0058083, 29.0625134)"
0,,41.08575,29.00826,Levent ,A neighborhood which is just across the Sapphire of Istanbul and hosts nice bars.,wikivoyage,red, , ,Drink,"(41.08575, 29.00826)",,,,,,,,,"(41.08575, 29.00826)"
0,,41.11236,29.02009,Maslak ,"A neighborhood with dozens of luxury eateries, both in local and international fashion.",wikivoyage,red, , ,Eat_Splurge,"(41.11236, 29.02009)",,,,,,,,,"(41.11236, 29.02009)"
4,,41.052274,28.9864223,Kristal Ocakbaşı ,Classic Turkish steak-house.,wikivoyage,red,Eşref Efendi Sokak 14 , ,Eat_Mid-range,"(41.052274, 28.9864223)",,,,,,,,,"(41.052274, 28.9864223)"
4,,41.078333,29.011111,Kanyon ,"one of the most exclusive shopping malls in Istanbul with sophisticated, modernistic architecture, has a conncection to Levent subway station and to Metrocity by an underground passage.",wikivoyage,red, ,http://www.kanyon.com.tr/ ,Buy,"(41.078333, 29.011111)",,,,,,,,,"(41.078333, 29.011111)"
3,,41.0762,29.013,Metrocity ,Levent metro station has a direct exit to the mall.,wikivoyage,red, ,http://www.metrocity.com.tr/ ,Buy,"(41.0762, 29.013)",,,,,,,,,"(41.0762, 29.013)"
2,,41.070278,29.001944,Profilo ,Located a bit away from main street (about 10 min walk) at Mecidiyeköy. Metro: Şişli-Mecidiyeköy. Also accessible from Mecidiyeköy Metrobus Station.,wikivoyage,red, ,http://www.pam.com.tr ,Buy,"(41.070278, 29.001944)",,,,,,,,,"(41.070278, 29.001944)"
1,,41.062778,28.993056,Cevahir ,The newest one of malls in Istanbul. At Şişli. Metro: Şişli-Mecidiyeköy. Also accessible from Mecidiyeköy Metrobus Station.,wikivoyage,red, ,http://www.istanbulcevahir.com/en-EN/en_KatPlanlari.aspx?kat,Buy,"(41.062778, 28.993056)",,,,,,,,,"(41.062778, 28.993056)"
3,,41.10320495121659,28.99103617917791,Ali Sami Yen Complex ,Homecourt of Galatasaray SK,wikivoyage,red,"Huzur, Metin Oktay Caddesi, Sarıyer ", ,Do,"(41.10320495121659, 28.99103617917791)",,,,,,,,,"(41.10320495121659, 28.99103617917791)"
2,,41.074789697966025,28.96647429992917,Hasbahçe Park ,,wikivoyage,red, , ,Do,"(41.074789697966025, 28.96647429992917)",,,,,,,,,"(41.074789697966025, 28.96647429992917)"
1,,41.04406,28.99367,Maçka Park ,"This park occupies the sides of a valley of this ""city of seven hills"", with an avenue in the bottom. A 4-person gondola lift line is strung over it, offering a shortcut when walking between [[Istanbul/Bosphorus",wikivoyage,red, , ,Do,"(41.04406, 28.99367)",,,,,,,,,"(41.04406, 28.99367)"
7,,41.06528090194343,28.99068891688332,"Armenian, Greek and Jewish Cemeteries ",,wikivoyage,red, , ,See,"(41.06528090194343, 28.99068891688332)",,,,,,,,,"(41.06528090194343, 28.99068891688332)"
6,,41.068152632720654,28.982065912457116,WW1 Monument ,Next to the Court of Istanbul.,wikivoyage,red, , ,See,"(41.068152632720654, 28.982065912457116)",,,,,,,,,"(41.068152632720654, 28.982065912457116)"
5,,41.07119489165968,28.982795083636148,HISART Museum ,,wikivoyage,red,"Hürriyet, Dr. Cemil Bengü Cd. No:21 ", ,See,"(41.07119489165968, 28.982795083636148)",,,,,,,,,"(41.07119489165968, 28.982795083636148)"
4,,41.05110898246619,29.00267599587044,Ihlamur Palace ,,wikivoyage,red,"Teşvikiye, Nişantaşı Ihlamur Yolu Sk. ", ,See,"(41.05110898246619, 29.00267599587044)",,,,,,,,,"(41.05110898246619, 29.00267599587044)"
3,,41.051667,28.991389,Nişantaşı ,"A neighbourhood east of Şişli known for its Art Nouveau apartment buildings, the ground floors of many of which are upmarket restaurants, cafes, pubs, and garment stores lining the sidewalks. Nobel laureate Orhan Pamuk, well-known Turkish novelist, is a lifelong resident of the neighbourhood which formed the background of several of his novels.",wikivoyage,red, , ,See,"(41.051667, 28.991389)",,,,,,,,,"(41.051667, 28.991389)"
2,,41.044506,28.987297,Radio Building ,"This building dating back to 1945 houses the local radio branch of the state radio and television corporation of Turkey (''TRT''). Not exactly an architectural pearl (although fans of the 1940s' totalitarian architecture will likely find its stately façade interesting), but it is prominent for the part it played in the political history of Turkey: It was occupied three times by the Army, in 1960, 1971, and most recently in 1980, when the radio was decidedly the broadcast type ranging most wide and far, to announce that they had launched a coup and taken over the governance of the country.",wikivoyage,red,"Cumhuriyet Cd, Harbiye ", ,See,"(41.044506, 28.987297)",,,,,,,,,"(41.044506, 28.987297)"
1,,41.0484,28.9883,Military Museum ,"Among the exhibition of this museum are five thousand pieces from the Ottoman era through WWII, with the most prominent piece possibly being the huge chain that the Byzantines stretched across the mouth of the Golden Horn to keep out the Sultan's navy in 1453 during the siege of Constantinople. In the yard of the museum, the Janissary Band (''Mehter Takımı''), the world’s oldest military band gives concerts of march music in traditional uniforms each afternoon, at 15:00.",wikivoyage,red,"Cumhuriyet Cd, Harbiye ",https://askerimuze.msb.gov.tr/ ,See,"(41.0484, 28.9883)",,,,,,,,,"(41.0484, 28.9883)"
0,,41.056397,28.987212,Atatürk Museum ,"A historic 3-storey house, easily distinguishable among the modern apartment buildings thanks to its brightly coloured and gracefully decorated exterior. This is where the future founder of the Turkish Republic, Kemal Atatürk rented in 1919 while staying in Istanbul before setting sail to [[Samsun]] on the Black Sea coast to start the Turkish War of Independence. Hosts Atatürk-related paraphernalia and photos.",wikivoyage,red,"Halaskargazi Cd 250, Şişli ", ,See,"(41.056397, 28.987212)",,,,,,,,,"(41.056397, 28.987212)"
1,,41.053868,28.949804,Hilton Garden Inn Istanbul Golden Horn Turkey ,Near the banks of the Horn.,wikivoyage,red, ,https://www.hilton.com.tr/oteller/turkiye/istanbul/hilton-garden-inn-istanbul-golden-horn-turkey ,Sleep,"(41.053868, 28.949804)",,,,,,,,,"(41.053868, 28.949804)"
0,,41.05456,28.93337,Turquhouse Boutique Hotel ,"A boutique hotel housed in 7 separate buildings in the same yard. Rooms with en-suite bathrooms, air-con, satellite TV, and wireless internet access.",wikivoyage,red,"Merkez Mah. İdris Köşkü Caddesi, Eyüp ",http://www.turquhouse.com/index2.asp ,Sleep,"(41.05456, 28.93337)",,,,,,,,,"(41.05456, 28.93337)"
0,,41.05416,28.93378,Pierre Loti ,An open air café on a hill overlooking the Golden Horn in Eyüp. It’s rumored that the French writer the place is named after used to love visiting this café during his residence in Istanbul. The cable car up here offers some nice views. It’s also possible to walk uphill or to take a taxi.,wikivoyage,red, , ,Drink,"(41.05416, 28.93378)",,,,,,,,,"(41.05416, 28.93378)"
2,,41.07225473281501,28.94968493637677,La Mekan ,"Also a grill restaurant next door, Çınaraltı.",wikivoyage,red,"Emniyettepe, Mareşal Fevzi Çakmak Cd. No:60 D:1 ", ,Eat,"(41.07225473281501, 28.94968493637677)",,,,,,,,,"(41.07225473281501, 28.94968493637677)"
0,,41.0475,28.932827,Akmanoğlu Fırını ,"This is the bakery where ''halka''s mentioned in the ""See"" section, as well as a number of other traditional cookies, both sweet and salty, are produced and sold.",wikivoyage,red, ,http://www.akmanoglu.com.tr ,Eat,"(41.0475, 28.932827)",,,,,,,,,"(41.0475, 28.932827)"
1,,41.035881131496716,28.92157080326002,Axis Istanbul ,,wikivoyage,red,"Topçular, Osman Gazi Cd. No:2 ", ,Buy,"(41.035881131496716, 28.92157080326002)",,,,,,,,,"(41.035881131496716, 28.92157080326002)"
0,,41.0411549,28.9457854,--,,wikivoyage,red,,,Buy,"(41.0411549, 28.9457854)",,,,,,,,,"(41.0411549, 28.9457854)"
8,,41.04973415128241,28.91629067919275,Rami Library ,19th century barracks serving as municipality library.,wikivoyage,red,"Yeni Rami Mahallesi, Rami Kışla Cd. 98/1 ", ,Do,"(41.04973415128241, 28.91629067919275)",,,,,,,,,"(41.04973415128241, 28.91629067919275)"
7,,41.05025480686098,28.940413800907205,Haliç Congess Center ,,wikivoyage,red,"Sütlüce, Karaağaç. Cad. No:48 ", ,Do,"(41.05025480686098, 28.940413800907205)",,,,,,,,,"(41.05025480686098, 28.940413800907205)"
6,,41.06001522929036,28.944174089971483,Eyüpsultan Cultural Center ,,wikivoyage,red,"Merkez, Silahtarağa Cd. no:18 ", ,Do,"(41.06001522929036, 28.944174089971483)",,,,,,,,,"(41.06001522929036, 28.944174089971483)"
5,,41.061721962670426,28.943148848047958,Istanbul Dolphinarium ,,wikivoyage,red,"Silahtarağa Mh, Silahtarağa Cd. No:20 ", ,Do,"(41.061721962670426, 28.943148848047958)",,,,,,,,,"(41.061721962670426, 28.943148848047958)"
3,,41.04975,28.93442,Cable car,Offers a very short ride (3 min) up the nearby hill. And it can get very crowded during summer.,wikivoyage,red, , ,Do,"(41.04975, 28.93442)",,,,,,,,,"(41.04975, 28.93442)"
2,,41.056008553904675,28.93938975827832,Bahariye Mevlevihanesi ,,wikivoyage,red, , ,See,"(41.056008553904675, 28.93938975827832)",,,,,,,,,"(41.056008553904675, 28.93938975827832)"
1,,41.0665,28.9461,Santral İstanbul ,"A contemporary art museum in a building converted from an old power plant: 1914-built and coal-fired, this was the oldest in Istanbul and the Ottoman Empire. Part of the plant was kept in almost exact original condition and now serves as the ""Energy Museum"".",wikivoyage,red,"Silahtar Mh Kazım Karabekir Cd 1, Eyüp ",https://www.santralistanbul.org/en/ ,See,"(41.0665, 28.9461)",,,,,,,,,"(41.0665, 28.9461)"
0,,41.04405,28.93754,Artistanbul Feshane ,"Feshane began as a factory producing '''fezzes''' (''fes''), the red hats made of felt adopted by the Ottomans in the early 19th century as a part of westernizing efforts in lieu of much more traditional turbans. However, the fez was scrapped in favour of western garments during Atatürk's reforms of the 1920s and 30s as it was thought to symbolize the old, decidedly oriental regime. A restoration in 1998 made it a cultural and exhibition center, and after another in 2023, it was reopened as a culture and art center under the name Artistanbul Feshane.<!---->[[File:Santralistanbul campus (9).jpg",wikivoyage,red,"Eski Feshane Cd, Eyüpsultan ", ,See,"(41.04405, 28.93754)",,,,,,,,,"(41.04405, 28.93754)"
0,,41.047947,28.933786,Eyüp Mosque Complex ,"This is the main attraction around this part of the city. The holiest Islamic shrine in the city, the complex includes, right next to the mosque, the tomb of Abu Ayyub al-Ansari (''Eyüp Ensari Türbesi''), the standard bearer of Prophet Mohammad, died and buried here during the first Muslim siege of Constantinople (674-678 AD). The neighbourhood was named after him. Muslims flock here (in such huge numbers that sometimes you have to queue for a few minutes before entering the tomb) also to see a rather uninteresting plaque made of plastic, which is purported to be Mohammad's footprint. The interior of the tomb, covered with fine tiles/faience, is nonetheless well worth a look, however. It is also interesting to see the devout Muslims leaving the place by walking backwards through its exit hallway, as not to turn their backs to al-Ansari's catafalque, though obviously no one expects everyone to quit the place in the same manner.",wikivoyage,red,Eyüp , ,See,"(41.047947, 28.933786)",,,,,,,,,"(41.047947, 28.933786)"
6,,41.046849716992185,28.937818659824785,Eyüp Pier ,,wikivoyage,red, , ,Get in,"(41.046849716992185, 28.937818659824785)",,,,,,,,,"(41.046849716992185, 28.937818659824785)"
3,,41.04757,29.02458,"Radisson Blu Bosphorus Hotel, Istanbul ","120 rooms and 7 meeting rooms with technical equipment, wellness center, and underground parking. The hotel has one all day dining restaurant, one bar and a private venue that highlight the city as Starboard Restaurant offers a spectacular Bosphorus view; ""Cruise Lounge & Bar"", with its scenery; and ""Pupa Terrace"", a venue for private events, dinners, or cocktails.",wikivoyage,red,"Çırağan Cd 46, Ortaköy ",https://www.radissonhotels.com/en-us/hotels/radisson-blu-istanbul-bosphorus ,Sleep,"(41.04757, 29.02458)",,,,,,,,,"(41.04757, 29.02458)"
2,,41.04103,28.99762,Swissôtel The Bosphorus ,A 5-star hotel near Taksim Square with four restaurants and two bars.,wikivoyage,red,"Bayıldım Cd 2, Maçka ",https://www.swissotel.com/hotels/istanbul/ ,Sleep,"(41.04103, 28.99762)",,,,,,,,,"(41.04103, 28.99762)"
1,,41.04241,29.00232,W Istanbul ,"WiFi, Fitness center and business center onsite as well as a fine dining restaurant.",wikivoyage,red,"Süleyman Seba Cd 2, Akaretler, Beşiktaş ",https://www.marriott.com/hotels/travel/istwh-w-istanbul/ ,Sleep,"(41.04241, 29.00232)",,,,,,,,,"(41.04241, 29.00232)"
0,,41.04458,29.01697,Ciragan Palace Kempinski ,"This hotel is in a residence of the last Sultan. Rooms come with air-con, TV, minibar and safety deposit box. Hotel has several restaurants and lounges, pools, jacuzzi, Turkish baths, gym and other amenities.",wikivoyage,red,"Çırağan Cd 32, Beşiktaş ",https://www.kempinski.com/en/istanbul/ciragan-palace/ ,Sleep,"(41.04458, 29.01697)",,,,,,,,,"(41.04458, 29.01697)"
3,,41.0645058,29.0319893,Ulus 29 ,Upscale restaurant with an amazing view over the Bosporus.,wikivoyage,red,Ahmet Adnan Saygun Caddesi 71 ,http://www.ulus29.com/ ,Eat_Splurge,"(41.0645058, 29.0319893)",,,,,,,,,"(41.0645058, 29.0319893)"
2,,41.0777351,29.044104,Divan Brasserie Bebek ,"At first sight it may seem like a mere patisserie, but walk downstairs and you will find a lovely restaurant with the waters of the Bosporus right next to you. The food is simply first-class and the service is very good, too.",wikivoyage,red,"Bebek, Cevdet Paşa Cd. No: 28/A, 34342 Beşiktaş ",https://www.divan.com.tr/restoran/divan-brasserie-bebek ,Eat_Splurge,"(41.0777351, 29.044104)",,,,,,,,,"(41.0777351, 29.044104)"
1,,41.0539812,29.0349231,Park Fora ,"Great seafood, located in Kuruçeşme park right on the edge of the sea, it has a very nice view of the Bosphorus and Bosphorus Bridge. The waiters know English.",wikivoyage,red,"Muallim Naci Caddesi, Cemil Topuzlu Parkı ",http://parkfora.com/ ,Eat_Splurge,"(41.0539812, 29.0349231)",,,,,,,,,"(41.0539812, 29.0349231)"
3,,41.0816113,29.0145792,Sans,Nice restaurant in a small garden serving Turkish and Mediterranean food.,wikivoyage,red,Palmiye Sokak 1.,http://www.sansrestaurant.com/,Eat_Mid-range,"(41.0816113, 29.0145792)",,,,,,,,,"(41.0816113, 29.0145792)"
0,,41.049581,29.000517,Beşiktaş Market ,"This is where locals go shopping. If you are keen to buy fruits, vegetables, walnuts or olives at local prices, this is where you should head. It is always a good idea to bring rome walnuts or olives back home. Otherwise it is just nice to visit and soak in the atmosphere. This is an authentic market not to be missed.",wikivoyage,red, , ,Buy_Bazaars,"(41.049581, 29.000517)",,,,,,,,,"(41.049581, 29.000517)"
1,,41.1104,29.0329,İstinye Park ,"Beautiful upscale mall with 300 stores, many good restaurants and cafes.",wikivoyage,red, ,http://www.istinyepark.com ,Buy,"(41.1104, 29.0329)",,,,,,,,,"(41.1104, 29.0329)"
0,,41.076944,29.026944,Akmerkez ,At Etiler. Nearest metro station is Gayrettepe/Zincirlikuyu. The mall is about 25-min walk or 10-min taxi ride away from that station.,wikivoyage,red, ,http://www.akmerkez.com.tr ,Buy,"(41.076944, 29.026944)",,,,,,,,,"(41.076944, 29.026944)"
2,,41.03948843991982,28.994291823279045,Beşiktaş Stadium ,Homecourt of Beşiktaş JK,wikivoyage,red,"Vişnezade, Dolmabahçe Cd. No:1, Beşiktaş ", ,Do,"(41.03948843991982, 28.994291823279045)",,,,,,,,,"(41.03948843991982, 28.994291823279045)"
0,,41.08912990773445,29.056555050745292,Yusuf Ziya Mansion ," It houses the headquarters of Borusan Holding and the Borusan Contemporary art museum. The popular nickname of the mansion, ''Perili Köşk'' (meaning the ""Haunted Mansion"") refers to its construction remaining partially unfinished for a long period (its second and third floors remained empty for decades.)",wikivoyage,red,"Rumeli Hisarı, Balta Limanı Hisar Cd. No:5, Sarıyer ", https://www.borusancontemporary.com/,See,"(41.08912990773445, 29.056555050745292)",,,,,,,,,"(41.08912990773445, 29.056555050745292)"
0,,41.108333,29.0525,Emirgan Park ,"Situated on the gentle hill overlooking the neighbourhood of Emirgan and the Bosphorus, Emirgan Park was for long the only place in the city where Istanbulites can admire the beauty of tulips. Having lost that distinction since the first decade of the 2000s as tulips are now everywhere, this is still a beautiful park with artificial ponds, small waterfalls, and impressive views of the Bosphorus. There are also cafes with open-air sections housed in pleasant former imperial hunting manors. Squirrels are there, too, in the middle of this metropolis of more than 15 million people, though you may have to look a bit deeper (or a bit upper on the branches!) to spot them.",wikivoyage,red, , ,See,"(41.108333, 29.0525)",,,,,,,,,"(41.108333, 29.0525)"
3,,41.128078506849675,29.047759190721585,Ural Ataman Classic Car Museum ,,wikivoyage,red,"Ferahevler, Nuri Paşa Cd. No:107, Sarıyer ",https://www.atamanmuseum.com/tr/ ,See,"(41.128078506849675, 29.047759190721585)",,,,,,,,,"(41.128078506849675, 29.047759190721585)"
2,,41.099116,29.053704,Sakıp Sabancı Museum ,Museum with a rich collection of calligraphy and paintings. It also hosts temporary exhibitions of works by some world-class artists such as Pablo Picasso from time to time.,wikivoyage,red,"Sakıp Sabancı Cd 42, Emirgan ",http://www.sakipsabancimuzesi.org/ ,See,"(41.099116, 29.053704)",,,,,,,,,"(41.099116, 29.053704)"
1,,41.0971,29.05222,Baltalimanı Japanese Garden ,"Built with support of [[Shimonoseki]], one of Istanbul's sister cities, the garden features a tea room, ponds, waterfalls, as well as a cherry lane.",wikivoyage,red, ,https://www.istanbul.tr.emb-japan.go.jp/japonbahcesi/index.html ,See,"(41.0971, 29.05222)",,,,,,,,,"(41.0971, 29.05222)"
0,,41.084722,29.056111,Rumeli Fortress ,"Built in first half of the 15th century, this is the large medieval castle under the Second Bosphorus Bridge. Its former name ''Boğazkesen'' (Turkish)/''Laimokopia'' (Greek) means both ""strait-blocker"" and ""throat-cutter"" in both languages and denotes the reason of its building&mdash;to shut the supply routes from the Black Sea in the north into the slowly falling apart [[Byzantine Empire]] through the Bosphorus. ''Rumeli'', literally ""the Roman land"", was the name of the European half of the Ottoman Empire, and as is usual with some other structures and villages along the Bosphorus, used as a prefix to differentiate ''Rumeli Hisarı'' from its counterpart in the [[Istanbul/Asian Side",wikivoyage,red, ,https://muze.gov.tr/muze-detay?DistId,See,"(41.084722, 29.056111)",,,,,,,,,"(41.084722, 29.056111)"
0,,41.068024,29.041125,Arnavutköy ,"The neighbourhood of Arnavutköy (literally ""[[Albania]]n village"", paying homage to its founders in the 16th century) features impressive ''yalı''s, multiple-storey wooden mansions lining the waterfront, and all bearing significant artwork on their facades. Beware there are two areas called Arnavutköy - the other is the site of the [[Istanbul Airport",wikivoyage,red, , ,See,"(41.068024, 29.041125)",,,,,,,,,"(41.068024, 29.041125)"
4,,41.048056,29.023611,Ortaköy ,"A neighbourhood on the bank of Bosphorus with the Ortaköy Mosque&mdash;the baroque mosque under the Bosphorus Bridge, combination of which are one of the most iconic images of Istanbul. This artsy neighbourhood is filled with nice cafes, some of which offer ''kumpir''&mdash;a baked potato with various fillings such as mayonnaise, ketchup, pickles, sweetcorn, sausage slices, carrots, mushrooms, Russian salad among others&mdash;which the neighbourhood is well-known for, and a perfect view crowded and fun. The way from Beşiktaş takes around 25 minutes on foot and is along an avenue shaded by huge plane trees, though the usually-heavy traffic may take some of its peacefulness away.",wikivoyage,red, , ,See,"(41.048056, 29.023611)",,,,,,,,,"(41.048056, 29.023611)"
3,,41.0494,29.0111,Yıldız Palace ,"A vast complex of former imperial Ottoman pavilions and villas in Istanbul, Turkey, built in the 19th and early 20th centuries. It was used as a residence by the Sultan and his court in the late 19th century.",wikivoyage,red, ,https://millisaraylar.gov.tr/en/palaces/yildiz-palace ,See,"(41.0494, 29.0111)",,,,,,,,,"(41.0494, 29.0111)"
1,,41.04226,29.00088,Akaretler Street ,"Akaretler Caddesi, or officially Süleyman Seba Caddesi features upscale garment boutiques, restaurants, and sidewalk cafés housed in renovated late Ottoman-era rowhouses built for the state elite, given their proximity to Dolmabahçe Palace, imperial headquarters then.",wikivoyage,red, , ,See,"(41.04226, 29.00088)",,,,,,,,,"(41.04226, 29.00088)"
0,,41.039444,29.001667,Dolmabahce Palace ,"This lavish palace with 285 rooms and 43 halls was the admin centre for the Ottoman Empire in its last 60 years. The palace government block (''Selamlık'') includes the Imperial Mabeyn (State Apartments) and Muayede Hall (Ceremonial Hall), while the Imperial Harem was the sultan's private quarters. Also here are the Painting Gallery, Music Museum, Clock Museum and Museum of Palace Collections. Free audio guide in several languages available by the ticket office. No photography inside, no backpacks but you can leave them in the cloakroom. Allow 3 hours to see everything.",wikivoyage,red,"Dolmabahçe Cd, Beşiktaş ",https://www.millisaraylar.gov.tr/Lokasyon/3/Dolmabahce-Sarayi ,See,"(41.039444, 29.001667)",,,,,,,,,"(41.039444, 29.001667)"
5,,41.11346399496243,29.06101968627901,İstinye Pier ,,wikivoyage,red, , ,Get in_By boat,"(41.11346399496243, 29.06101968627901)",,,,,,,,,"(41.11346399496243, 29.06101968627901)"
4,,41.103098691201986,29.056191253347016,Emirgan Pier ,,wikivoyage,red, , ,Get in_By boat,"(41.103098691201986, 29.056191253347016)",,,,,,,,,"(41.103098691201986, 29.056191253347016)"
2,,41.06697316431354,29.043450687003467,Arnavutköy Pier ,,wikivoyage,red, , ,Get in_By boat,"(41.06697316431354, 29.043450687003467)",,,,,,,,,"(41.06697316431354, 29.043450687003467)"
1,,41.0472753,29.0256249,Ortaköy Pier ,,wikivoyage,red, , ,Get in_By boat,"(41.0472753, 29.0256249)",,,,,,,,,"(41.0472753, 29.0256249)"
0,,41.0442274,29.0011827,Beşiktaş Pier ,,wikivoyage,red, , ,Get in_By boat,"(41.0442274, 29.0011827)",,,,,,,,,"(41.0442274, 29.0011827)"
4,,41.0303,28.9778,Tomtom Suites ,"Wonderful hotel with spacious luxury suites in the 1850s home of the Soeurs Gardes Malades, a Franciscan order. Tomtom was a captain in the Ottoman navy.",wikivoyage,red,"Tomtom Kaptan Sk 18, off Boğazkesen Cd ",https://www.tomtomsuites.com ,Sleep_Splurge,"(41.0303, 28.9778)",,,,,,,,,"(41.0303, 28.9778)"
3,,41.0291,28.9821,Witt Istanbul Hotel ,Modern hotel with 17 suites in Scandi style. It's up a steep hill from the tram stop.,wikivoyage,red,Defterdar Yokuşu 26 ,https://www.wittistanbul.com ,Sleep_Splurge,"(41.0291, 28.9821)",,,,,,,,,"(41.0291, 28.9821)"
2,,41.0364,28.9863,Marmara Taksim ,"Occasion lapses, but mostly glowing reviews for this upscale hotel with great views over the Bosphorus.",wikivoyage,red,"Osmanlı Sk 1, Taksim Meydanı ",https://www.themarmarahotels.com/taksim ,Sleep_Splurge,"(41.0364, 28.9863)",,,,,,,,,"(41.0364, 28.9863)"
1,,41.031,28.9735,Pera Palace ,"Opened in 1892 and sitting on a hill overlooking the Golden Horn. They make much of their history, and a stellar cast of celebs have stayed here, including Agatha Christie. They claim she wrote ''Murder on the Orient Express'' in room 411, though she probably wrote the first draft in Arpachiyah in Iraq. Atatürk often used Room 101 in the early days of the Republic, and that's now a museum.",wikivoyage,red,Meşrutiyet Cd 52 ,https://perapalace.com ,Sleep_Splurge,"(41.031, 28.9735)",,,,,,,,,"(41.031, 28.9735)"
0,,41.0399,28.9883,Intercontinental Istanbul ,"Smart efficient hotel, the bar has stunning views in the evening. Mixed reviews for the restaurants.",wikivoyage,red,Asker Ocağı Cd 1 ,https://www.ihg.com/ ,Sleep_Splurge,"(41.0399, 28.9883)",,,,,,,,,"(41.0399, 28.9883)"
5,,41.0343,28.9809,Misafir Suites ,"Huge chic modern rooms, but poor soundproofing for such a busy central spot.",wikivoyage,red,Gazeteci Erol Dernek Sk 1 ,https://8istanbul.com/ ,Sleep_Mid-range,"(41.0343, 28.9809)",,,,,,,,,"(41.0343, 28.9809)"
4,,41.0298,28.9756,Richmond Istanbul ,Pleasant hotel in Beyoğlu district. ,wikivoyage,red,İstiklal Cd 227 ,https://www.richmondhotels.com.tr/richmond-istanbul-taksim-beyoglu-oteli/ ,Sleep_Mid-range,"(41.0298, 28.9756)",,,,,,,,,"(41.0298, 28.9756)"
3,,41.0252857,28.9727922,--,,wikivoyage,red,,,Sleep_Mid-range,"(41.0252857, 28.9727922)",,,,,,,,,"(41.0252857, 28.9727922)"
2,,41.0305,28.9719,Radisson Blu ,Slick welcoming hotel. ,wikivoyage,red,Refik Saydam Cd 19 ,https://www.radissonhotels.com/en-us/hotels/radisson-blu-istanbul-pera ,Sleep_Mid-range,"(41.0305, 28.9719)",,,,,,,,,"(41.0305, 28.9719)"
1,,41.0389,28.9849,Midtown Hotel Istanbul ,Smart business hotel.,wikivoyage,red,Lamartin Cd 13 ,https://www.midtown-hotel.com ,Sleep_Mid-range,"(41.0389, 28.9849)",,,,,,,,,"(41.0389, 28.9849)"
0,,41.0265,28.9747,World House Hotel ,"Clean friendly hotel, no longer a hostel. No catering but there's a coffee shop below.",wikivoyage,red,Galip Dede Cd 85 ,https://www.worldhousebh.com/ ,Sleep_Mid-range,"(41.0265, 28.9747)",,,,,,,,,"(41.0265, 28.9747)"
0,,41.0339,28.9789,Hotel Mara ,Central but tatty.,wikivoyage,red,"Turnacıbaşı Cd 4, off Istikal Cd ",https://www.hotelmaraistanbul.com/ ,Sleep_Budget,"(41.0339, 28.9789)",,,,,,,,,"(41.0339, 28.9789)"
5,,41.0265013,28.9744533,Snog Rooftop Bar,Good bar. But the attraction here is the stunning view.,wikivoyage,red,Galip Dede Cd 56,https://www.snogroofbar.com/,Drink,"(41.0265013, 28.9744533)",,,,,,,,,"(41.0265013, 28.9744533)"
0,,41.0327,28.9767,360 Istanbul ,Great reviews for this rooftop restaurant with panoramic views.,wikivoyage,red,"Istiklal Cd 163, Mısır Apartmanı, floor 8 ",https://www.360istanbul.com/ ,Eat_Splurge,"(41.0327, 28.9767)",,,,,,,,,"(41.0327, 28.9767)"
8,,41.03181,28.97943, Zeytuna ,"Lebanese kitchen, from familiar, like falafel and hummus, to offbeat, like mutabal eggplant or mousaka chicken. Alcohol includes signature cocktails, named after Lebanon cities. There is a main hall and a bar, and the latter regularly hosts tango and salsa lessons, live blues, sometimes theatrical performances and film screenings.",wikivoyage,red,Hayriye Cd. 12,http://zeytuna-cezayirde.business.site/,Eat_Mid-range,"(41.03181, 28.97943)",,,,,,,,,"(41.03181, 28.97943)"
7,,41.0268623,28.9740831,Privato,Traditional Turkish food with a focus on vegetarian dishes. Great for breakfast. Has a small patio in the back with a view of the Galata tower.,wikivoyage,red,Tımarcı Sokak 3B,http://privatocafe.com/,Eat_Mid-range,"(41.0268623, 28.9740831)",,,,,,,,,"(41.0268623, 28.9740831)"
6,,41.028618,28.973056,Miss Pizza Sishane ,"Very cozy Italian restaurant run by three women serving pizza, pasta, and salads.",wikivoyage,red,Meşrutiyet Caddesi 86A ,http://www.misspizza.com.tr/ ,Eat_Mid-range,"(41.028618, 28.973056)",,,,,,,,,"(41.028618, 28.973056)"
5,,41.032826,28.976665,The House Café ,"They serve giant salads, main dishes and pizzas pleasing even to the gourmets. The menu is seasonal which allows them to use only the freshest ingredients.",wikivoyage,red,Istiklal Caddesi Mısır Apt. No:163 ,http://www.thehousecafe.com/ ,Eat_Mid-range,"(41.032826, 28.976665)",,,,,,,,,"(41.032826, 28.976665)"
4,,41.028669,28.976346,Leb-i Derya ,"A nice cafe-restaurant with a splendid view of the Bosphorus and the Topkapi Palace in Tunel, Beyoglu.",wikivoyage,red, ,http://www.lebiderya.com/ ,Eat_Mid-range,"(41.028669, 28.976346)",,,,,,,,,"(41.028669, 28.976346)"
3,,41.035313,28.980245,Haci Abdullah Lokantası ,One of the best Ottoman restaurants in the country. You can find very traditional foods there. No alcohol.,wikivoyage,red,"Ağa Camii, Atıf Yılmaz Caddesi (Eski Sakizagaci Caddesi) No: 9/A ",http://haciabdullah.com.tr/ ,Eat_Mid-range,"(41.035313, 28.980245)",,,,,,,,,"(41.035313, 28.980245)"
2,,41.03481,28.97783,Nevizade Street,"One of the most famous streets in Istiklal boulevard. It's narrow, and is mostly known for its meyhane style restaurants, where lively conversation is the main dish on every table, next to fish and Rakı that is.",wikivoyage,red, , ,Eat_Mid-range,"(41.03481, 28.97783)",,,,,,,,,"(41.03481, 28.97783)"
1,,41.0325552,28.9757155,Ficcin ,"The restaurant offers an exceptional value lunch, but is also pleasantly busy at night. Several of the staff speak English and foreign tourists are welcome alongside the many locals who eat there regularly. Fıccın is unusual in being a Circassian restaurant, which also serves Turkish food. Seats are available on the street and in several rooms inside. Alcohol is also served.",wikivoyage,red,Kallavi Sokağı 13 ,http://www.ficcin.com ,Eat_Mid-range,"(41.0325552, 28.9757155)",,,,,,,,,"(41.0325552, 28.9757155)"
0,,41.03473,28.97703,Degustasyon Restaurant ,"The restaurant is meyhane style, where lively conversation is the main dish on every table, next to fish and Rakı. A lot of negative reviews.",wikivoyage,red,Balık Pazarı S. 25 ,http://www.degustasyon.com {{dead link,Eat_Mid-range,"(41.03473, 28.97703)",,,,,,,,,"(41.03473, 28.97703)"
4,,41.024212,28.97612,İbrahim Hakkı Uğrak Börek ,"A bit off the tourist track, the stone oven of this börek shop gives its products a distinctive flavour.  Good value and friendly staff.  Opens early, but not all varieties of börek will be ready first thing in the morning—the peynirli böreği is usually amongst the first out of the oven.",wikivoyage,red,"Müeyyedzade, Necatibey Cd. No:45 ", ,Eat_Budget,"(41.024212, 28.97612)",,,,,,,,,"(41.024212, 28.97612)"
3,,41.03403,28.97771,Şampiyon Kokoreç ,A restaurant mostly focused in ''kokoreç'' — roasted and finely minced lamb intestines (yeap). It tastes great and is very budget-friendly: only 10 TL/wrap. Try stuffed mussels as well.,wikivoyage,red,"Hüseyinağa, Sahne Sk 21, Beyoğlu ",http://www.sampiyonkokorec.com.tr/ ,Eat_Budget,"(41.03403, 28.97771)",,,,,,,,,"(41.03403, 28.97771)"
0,,41.03463,28.98075,Bereket Döner ,"A quite good value restaurant featuring ''döner'' (also on the plate as opposed to the usual wrap/sandwich variety; dipped in tomato sauce to the point of swimming) and traditional Turkish cuisine. The restaurant is a self-service one, i.e., you take a tray, and order your food by pointing at the entrance, and pay at the cash register right next to the food display (take your tableware and bread at this point as you won't be served any at the table), and then take your food to a table—there are two more floors upstairs. No alcohol is served.",wikivoyage,red,"İstiklal Cd, Sadri Alışık Sk 5 ",http://bereketdoner.com/ ,Eat_Budget,"(41.03463, 28.98075)",,,,,,,,,"(41.03463, 28.98075)"
4,,41.02516,28.97438,Seyahan Jewelry ,,wikivoyage,red,Camekan Sokak , ,Buy_Shops,"(41.02516, 28.97438)",,,,,,,,,"(41.02516, 28.97438)"
2,,41.025111,28.972152,Paristexas Concept Store ,"Sertaç Haznedaroğlu, the fashion-forward owner, stocks quirky Japanese labels and rare collections created for an Eastern market by designers such as Marc Jacobs, Vivienne Westwood and Chloé. Also check out custom-made leather bags and shoes by Turkish designer Ahmet Baytar.",wikivoyage,red,"Buyukhendek Cad. 4/A Galata, Beyoglu ", ,Buy_Shops,"(41.025111, 28.972152)",,,,,,,,,"(41.025111, 28.972152)"
2,,41.03457107052878,28.957262428727464,Haliçport ,"Also known as 'Tersane İstanbul'. Combines historic landmarks, blend of unique lifestyles and gastronomical delights, luxury homes and hotels, and a vibrant cultural calendar.",wikivoyage,red,Donanma Cd. ,https://www.instagram.com/tersaneistanbul/ ,Do,"(41.03457107052878, 28.957262428727464)",,,,,,,,,"(41.03457107052878, 28.957262428727464)"
1,,41.027776708880175,28.985005548280704,Galataport ," It includes the city's cruise ship terminal, around 250 shops, pubs and restaurants, a Peninsula hotel, the Istanbul Modern art museum, and other cultural and entertainment facilities; the complex also hosts festivals.",wikivoyage,red,"Kılıçali Paşa, Meclis-i Mebusan Cd. No:8",https://www.instagram.com/galataportistanbul ,Do,"(41.027776708880175, 28.985005548280704)",,,,,,,,,"(41.027776708880175, 28.985005548280704)"
5,,41.04227,28.94926,Rahmi M. Koç Industrial Museum ,"This is an industry museum showcasing the evolution of machines. Many transport related items including a submarine, classic cars, railway carriages, an out-of-service Bosphorus ferry and a Douglas DC-3 aircraft (possible to board) are on display, among others. Also houses a typical Istanbul streetscape with its shops and all as how it would look in the past.",wikivoyage,red,"Hasköy Cd 5, Hasköy ",https://rmk-museum.org.tr/istanbul/en ,See_Elsewhere,"(41.04227, 28.94926)",,,,,,,,,"(41.04227, 28.94926)"
4,,41.037917,28.955319,Aynalıkavak Pavilion ,"Started in 1613 by the Ottoman sultan Ahmet I (r. 1603–1617, who also had the Blue Mosque in the [[Istanbul/Sultanahmet-Old City",wikivoyage,red,"Aynalıkavak Cd, Hasköy ",https://www.millisaraylar.gov.tr/Lokasyon/9/Aynalikavak-Pavilions ,See_Elsewhere,"(41.037917, 28.955319)",,,,,,,,,"(41.037917, 28.955319)"
3,,41.06,28.948611,Miniaturk ,"It was built in 2001 and is the first miniature park in Istanbul (the world's largest miniature park in respect to its model area). The park hosts icons of many cultures and civilizations. Models vary from the Hagia Sophia to Galata Tower, from Safranbolu Houses to the Sumela Monastery in Trabzon, from Qubbat As-Sakhrah to the ruins of Mount Nemrut. In addition, some works that have not survived into the present, such as the Temple of Artemis, the Halicarnassus Mausoleum and Ajyad Castle, were recreated. All former Ottoman Empire in one place.<!---->[[File:Aynalikavak Pavilion DSCF3310.jpg",wikivoyage,red,"İmrahor Cd 7, Sütlüce ",https://www.miniaturk.com.tr/en/ ,See_Elsewhere,"(41.06, 28.948611)",,,,,,,,,"(41.06, 28.948611)"
2,,41.038777,28.9771,Adam Mickiewicz Museum ,"A historic house museum dedicated to the life of Adam Mickiewicz, renowned Polish poet. This is where he lived while in Turkey from September 1855 to 26 November 1855, when he died of illness.",wikivoyage,red,"Tatlı Badem Sk 23, Tarlabaşı ",https://muze.gov.tr/muze-detay?sectionId,See_Elsewhere,"(41.038777, 28.9771)",,,,,,,,,"(41.038777, 28.9771)"
1,,41.03055,28.98357,Orhan Kemal Museum ,Tiny house museum on the life of Turkish novelist Orhan Kemal (1914–1970).,wikivoyage,red,"Akarsu Cd 30, Cihangir ",http://www.orhankemal.org/ ,See_Elsewhere,"(41.03055, 28.98357)",,,,,,,,,"(41.03055, 28.98357)"
5,,41.030931,28.979822,Museum of Innocence ,"Opened in 2012, this museum is unique and a must-see when you are in the Beyoğlu area. It was created by Turkish Nobel laureate Orhan Pamuk alongside a novel of the same name. It tells the love story of the two main characters from the novel, and represents life in Istanbul during the late 1970s to early 1980s, as it exhibits thousands of objects from that era.",wikivoyage,red,"Çukurcuma Cd, Dalgıç Çıkmazı, 2 ",http://en.masumiyetmuzesi.org/ ,See_Along İstiklal Caddesi,"(41.030931, 28.979822)",,,,,,,,,"(41.030931, 28.979822)"
4,,41.03135,28.97917,Cezayir Street ,"Better known as '''Fransız Sokağı''' or ''La Rue Française'', i.e. ""French Street"", is an alley of statues and geraniums hanging from windows, featuring [[France]]-themed restaurants, cafes, and pubs housed in renovated and brightly-painted neo-classical buildings. Upon its inauguration in its present form in 2005, there was a brief debate on how politically correct it would be to rename the street from ''Cezayir'' ([[Algeria]]) to ''Fransız'', who fought a bitter war against Algerian independence in the 1960s, which led the city council to abandon the idea of renaming the street.",wikivoyage,red, , ,See_Along İstiklal Caddesi,"(41.03135, 28.97917)",,,,,,,,,"(41.03135, 28.97917)"
3,,41.032317,28.977234,S. Antonio di Padova Catholic Church ,Although not at the size of [[Istanbul/Sultanahmet-Old_City#See,wikivoyage,red,Istiklal Cd 171 A , ,See_Along İstiklal Caddesi,"(41.032317, 28.977234)",,,,,,,,,"(41.032317, 28.977234)"
2,,41.0355,28.9842,Hagia Triada Greek Orthodox Church ,"A charming domed church built in 1880 at the side of Taksim Square, now uneasily contesting with Taksim Mosque for being the main landmark of the southern edge of the square.<!---->[[Image:Istanbul asv2021-11 img71 StAnthony of Padua Church.jpg",wikivoyage,red,Taksim Square , ,See_Along İstiklal Caddesi,"(41.0355, 28.9842)",,,,,,,,,"(41.0355, 28.9842)"
1,,41.0362358,28.9839866,French Institute ,They have good art exhibits for free and sometimes have French films in the cinema.,wikivoyage,red,İstiklal Cd 4 ,http://www.ifturquie.org/ ,See_Along İstiklal Caddesi,"(41.0362358, 28.9839866)",,,,,,,,,"(41.0362358, 28.9839866)"
0,,41.031833,28.975139,Pera Museum ,A private museum with a large painting collection and archaeological collections of measurement units and tools used in Asia Minor since antiquity and faiences of [[Kütahya]].,wikivoyage,red,Meşrutiyet Cd 65 ,http://en.peramuzesi.org.tr/ ,See_Along İstiklal Caddesi,"(41.031833, 28.975139)",,,,,,,,,"(41.031833, 28.975139)"
4,,41.02411637715728,28.974002326991922,Schneidertempel ,"This former synagogue of Ashkenazi Jews (many of German or French origin) now hosts an art gallery downstairs. Upstairs, there is an exhibition about the arrival and the lives of Ashkenazi Jews in Istanbul, with many original exhibits, including a letter from Albert Einstein. All explanations are in both Turkish and English.",wikivoyage,red,"Bereketzade, Bankalar Cad./felek Sok. No:1 ",http://www.schneidertempel.org/,See_Around Galata Tower_Jewish heritage,"(41.02411637715728, 28.974002326991922)",,,,,,,,,"(41.02411637715728, 28.974002326991922)"
3,,41.02397,28.97378,Camondo Stairs ,"An attractive stairway mixing the Neo-Baroque and early Art Nouveau styles, climbing up from Bankalar St towards the Galata Tower. It was built in the 1870s by Abraham Salomon Camondo, who belonged to a prominent Ottoman-Venetian Jewish family of financiers and philanthropists.",wikivoyage,red, , ,See_Around Galata Tower_Jewish heritage,"(41.02397, 28.97378)",,,,,,,,,"(41.02397, 28.97378)"
2,,41.0267866,28.9727283,The Jewish Museum of Turkey ,"A former synagogue, the museum's exhibit details how the cultures mixed with and influenced each other in the past 500+ years since the Spanish expulsion.",wikivoyage,red,"Bereketzade Mh, Büyük Hendek Cd 39, Beyoğlu ",http://www.muze500.com/ ,See_Around Galata Tower_Jewish heritage,"(41.0267866, 28.9727283)",,,,,,,,,"(41.0267866, 28.9727283)"
1,,41.0244956,28.975083,Ashkenazi Synagogue ,The only active Ashkenazi Synagogue open to visits and prayers.,wikivoyage,red, , ,See_Around Galata Tower_Jewish heritage,"(41.0244956, 28.975083)",,,,,,,,,"(41.0244956, 28.975083)"
0,,41.026694,28.972417,Neve Shalom Synagogue ,"The most beautiful and the largest in the city where most of the religious ceremonies like bar-mitzvahs, weddings and funerals are held.",wikivoyage,red, ,http://www.nevesalom.org/ ,See_Around Galata Tower_Jewish heritage,"(41.026694, 28.972417)",,,,,,,,,"(41.026694, 28.972417)"
0,,41.024444,28.970833,Arap Camii ,"The building was erected as a Roman Catholic church in 1325 by the friars of the Dominican Order, near or above an earlier chapel dedicated to Saint Paul (Italian: San Paolo) in 1233. In 1299, the Dominican Friar Guillaume Bernard de Sévérac bought a house near the church, where he established a monastery with 12 friars. A new, much larger church was built near or above the chapel of San Paolo in 1325. Thereafter the church was officially dedicated to San Domenico. After the Fall of Constantinople, according to the Capitulations of the Ottoman Empire with the Republic of Genoa, the church, which by that time was known by the Turks under the name of Mesa Domenico, remained in Genoese hands, but between 1475 and 1478 it was transformed, with minor modifications, into a mosque by the Ottoman Sultan Mehmed II and became known as Galata Camii (""Galata Mosque"") or Cami-i Kebir (""Great Mosque""). Towards the end of the century Sultan Bayezid II assigned the building to those Muslims of Spain (Andalusia) who had fled the Spanish Inquisition and migrated to Istanbul; hence the present name Arap Camii (Arab Mosque). Today, Arap Camii is the largest mosque on the Galata side of the Golden Horn. It is one of the most interesting mosques in the city due to its early Italian [[Gothic architecture",wikivoyage,red,Galata Mahkemesi Sk , ,See_Around Galata Tower,"(41.024444, 28.970833)",,,,,,,,,"(41.024444, 28.970833)"
2,,41.0277,28.9771,Crimean Memorial Church ,"A neo-gothic Anglican cathedral which would not be out of place in northwestern Europe, the Crimean Memorial Church was built for the Protestant community of the city by [[United Kingdom",wikivoyage,red,Kumbaracıbaşı Yokuşu ,http://anglicansistanbul.blogspot.com ,See_Around Galata Tower,"(41.0277, 28.9771)",,,,,,,,,"(41.0277, 28.9771)"
1,,41.036213,28.97069,Kasimpaşa Mevlevihanesi ,"a Mevlevi cultural center opened in 2024 which regularly offers Dervish sema ceremonies. There are also some posters with information in Turkish about the Mevlevi movement and a gift shop, but not much else to be seen.",wikivoyage,red,Keramet Sk. No: 17 ,https://kasimpasamevlevihanesi.com/ ,See_Around Galata Tower,"(41.036213, 28.97069)",,,,,,,,,"(41.036213, 28.97069)"
0,,41.028028,28.975125,Galata Convent of Whirling Dervishes ,"A ritual dancing hall of the mystical Mevlevi order, the followers of the teachings of Mewlānā Rumi. The quiet and peaceful garden is a welcome escape from the hustle and bustle of Beyoğlu. The oldest Mevlevi lodge in Istanbul, the convent was started in 1491, when the surrounding area was, hard to believe today but, pure wilderness beyond the city walls of Galata, although the current building dates back to 1855, as the older versions succumbed to repairs, rebuildings, and fires. However, the lodge was shut down in the early years of the republic (in 1925) along with all other 'reactionary' movements in Turkey, and the building has been serving as a museum dedicated to the Mevlevi order since 2010. Downstairs is a series of rooms dealing with the daily life of an average dervish, with informational signs in Turkish and English about the history of Islam and the Mevlevi order (also notice the original wooden pillars that support the building on this floor). On the upper floor is a dancing hall, a perfect example of 19th century Ottoman Baroque. Pre-Covid, this was where the ''sema'' whirling ceremonies were held every weekend evenings (admission by an extra ticket costing around 100 TL); check if they resumed. On the third floor is a display of various traditional Turkish/Islamic arts, including paper marbling (''ebru''), and calligraphy. After exiting the building, check out the small graveyard (or the ""silent house"" as the sign at its entrance says) on one side of the building, shaded by a number of hackberry trees, which Ottomans favoured to plant in the yards of mosques and graves to sign holiness. Here, the carved fez, or the basket of flowers in case of women, perched upon the highly detailed marble gravestone indicates the occupant's rank in the dervish hierarchy. At one corner of the necropolis is the grave of '''İbrahim Müteferrika''', a converted Hungarian who was the first to start automated publishing in Ottoman Turkish in the 18th century, and served as the translator of Hungarian revolutionaries who sought asylum in Turkey, such as Kossuth, who stayed for a year in [[Kütahya]], or Ferenc Rakoczi, who lived his last years in [[Tekirdağ]].",wikivoyage,red,"Galip Dede Cd 15, Tünel ",https://muze.gov.tr/muze-detay?sectionId,See_Around Galata Tower,"(41.028028, 28.975125)",,,,,,,,,"(41.028028, 28.975125)"
0,,41.025556,28.974167,Galata Tower ,"It was built by the Genoese in the 14th century on the city walls of Galata, marking the highest point of their territory. Ride an elevator and take two flights of stairs to the top, then walk the parapet for a 360°-view of Istanbul, including the entire Sultanahmet peninsula: crowned by Topkapı Palace, the Blue Mosque and Hagia Sophia. A beautiful spot worthy of a lot of pictures.",wikivoyage,red, ,https://muze.gov.tr/muze-detay?SectionId,See_Around Galata Tower,"(41.025556, 28.974167)",,,,,,,,,"(41.025556, 28.974167)"
1,,40.9928996,29.0231657,Kabataş Pier ,,wikivoyage,red, , ,Get in_By ferry,"(40.9928996, 29.0231657)",,,,,,,,,"(40.9928996, 29.0231657)"
0,,41.0183004,28.9731036,Istanbul/Galata | Galata,"Istanbul/Galata | Galata, reached by the bridge over the Golden Horn, is the city's downtown.",wikivoyage,red,,,Go next,"(41.0183004, 28.9731036)",,,,,,,,,"(41.0183004, 28.9731036)"
4,,41.0092,28.9603,Doubletree by Hilton Old Town ,Clean welcoming modern hotel.,wikivoyage,red,Ordu Cd 31 ,https://doubletree3.hilton.com ,Sleep_Splurge,"(41.0092, 28.9603)",,,,,,,,,"(41.0092, 28.9603)"
3,,41.0124,28.9584,Wyndham Old City Hotel ,87 rooms with spa and pool. Dreadful reviews in late 2024 but they've since much improved.,wikivoyage,red,Şehzadebaşı Cd 1 ,https://www.wyndhamhotels.com/wyndham/istanbul-turkiye/wyndham-istanbul-old-city/overview ,Sleep_Splurge,"(41.0124, 28.9584)",,,,,,,,,"(41.0124, 28.9584)"
2,,41.0067,28.9802,Four Seasons at Sultanahmet ,"A converted prison built in 1918 near Sultanahmet mosque, great reviews for comfort and service. Their sister hotel is further up the Bosphorus.",wikivoyage,red,Tevkifhane Sk 1 ,https://www.fourseasons.com/istanbul/ ,Sleep_Splurge,"(41.0067, 28.9802)",,,,,,,,,"(41.0067, 28.9802)"
0,,41.0125,28.9774,Hotel Sultania ,"Charming hotel with 42 rooms, each dedicated to a wife of the sultan.",wikivoyage,red,Mehmet Murat Sk 4 ,https://www.hotelsultania.com ,Sleep_Splurge,"(41.0125, 28.9774)",,,,,,,,,"(41.0125, 28.9774)"
4,,41.0154,28.9584,Vefa Bozacısı ,"Established in 1876, this cafe specializes in ''boza'', a ferment of bulgur wheat with a sweetish tart taste. A favourite of the Ottomans, it's still popular in the Balkans and Central Asia. It's less than 1% alcohol, but it was the closest you got to being off your head in Neolithic times.",wikivoyage,red,Vefa Cd 66 ,https://www.vefa.com.tr/ ,Drink,"(41.0154, 28.9584)",,,,,,,,,"(41.0154, 28.9584)"
3,,41.0089,28.968,Anadolu Nargile ,"Shisha / hookah cafe in the courtyard of the former Çorlulu Ali Paşa Medrese, so plenty of Ottoman ambience.",wikivoyage,red,Yeniçeriler Cd 32 , ,Drink,"(41.0089, 28.968)",,,,,,,,,"(41.0089, 28.968)"
2,,41.0175,28.986,Sarayburnu Aile Çay Bahçesi ,"Open-air cafe on the coast with great views, though the park is grubby. Tea, coffee and many flavours of hubble-bubble.",wikivoyage,red,"Sarayburnu Point, off Kennedy Cd ", ,Drink,"(41.0175, 28.986)",,,,,,,,,"(41.0175, 28.986)"
1,,41.000679,28.9326654,Samatya ,,wikivoyage,red,,,Drink,"(41.000679, 28.9326654)",,,,,,,,,"(41.000679, 28.9326654)"
0,,41.0033651,28.9629002,Kumkapı ,,wikivoyage,red,,,Drink,"(41.0033651, 28.9629002)",,,,,,,,,"(41.0033651, 28.9629002)"
0,,41.01478197782489,28.97428582310056,Olden 1772 ,A trip in both history and gastronomy. ,wikivoyage,red,"Hobyar, Mimar Vedat Sk. No:3 ",https://www.instagram.com/olden1772 ,Eat_Splurge,"(41.01478197782489, 28.97428582310056)",,,,,,,,,"(41.01478197782489, 28.97428582310056)"
4,,41.0159,28.9677,Virginia Angus Steakhouse ,"Steaks, burgers and similar.",wikivoyage,red,Uzun Çarşı Cd 2 ,https://virginiaangus.eatbu.com/ ,Eat_Mid-range_Other cuisine,"(41.0159, 28.9677)",,,,,,,,,"(41.0159, 28.9677)"
2,,41.0053,28.9817,Korecan ,Good Korean cuisine.,wikivoyage,red,Cankurtaran Meydanı Sk 10 , ,Eat_Mid-range_Other cuisine,"(41.0053, 28.9817)",,,,,,,,,"(41.0053, 28.9817)"
4,,41.0083,28.9765,Rumeli Restaurant ,"Not cheap, but good value for its Ottoman and Turkish cuisine, service and vibe.",wikivoyage,red,Ticarethane Sk 11 , ,Eat_Mid-range,"(41.0083, 28.9765)",,,,,,,,,"(41.0083, 28.9765)"
3,,41.0083,28.9739,Cafe Amedros ,Good Ottoman cuisine with veggie and GF choices.,wikivoyage,red,Hoca Rüstem Sk 7 ,https://www.amedroscafe.com/ ,Eat_Mid-range,"(41.0083, 28.9739)",,,,,,,,,"(41.0083, 28.9739)"
2,,41.0058,28.98,Palatium Cafe & Restaurant ,"Decent trad food and ice cold beer. Lounge in the comfy bean-bag chairs, and backgammon and Nargileh are available. The restaurant looks down into the foundations of a Roman-era palace.",wikivoyage,red,Kutlugün Sk 33 ,https://www.palatiumcafeandrestaurant.com/ ,Eat_Mid-range,"(41.0058, 28.98)",,,,,,,,,"(41.0058, 28.98)"
6,,41.013843,28.976062,Buyruk Esnaf Lokantası ,"A place that serves home-made style foods (""ev yemekleri"") which you can order from the counter. Great variety.",wikivoyage,red,Hoca Paşa Sk. 12 ,https://www.sirkecilokanta.com.tr/ ,Eat_Budget,"(41.013843, 28.976062)",,,,,,,,,"(41.013843, 28.976062)"
5,,41.0187,28.9662,Efsane Kahvaltı ,Great place for breakfast in a non-touristy area.,wikivoyage,red,Ragıp Gümüşpala Cd , ,Eat_Budget,"(41.0187, 28.9662)",,,,,,,,,"(41.0187, 28.9662)"
4,,41.014734,28.975121,Ali Usta Çiğ Köfte ,"Good value Çiǧ köfte (spicy wrap with a vegan tatar) takeaway. Ali the owner is an instagram celeb for his videos jibing customers, so you may be in a long line.",wikivoyage,red,Muhzirbaşı Sk 6 , ,Eat_Budget,"(41.014734, 28.975121)",,,,,,,,,"(41.014734, 28.975121)"
3,,41.0145,28.968,Pak Pide Pizza Salonu ,Relaxing place for traditional pide.,wikivoyage,red,Paşa Cami Sk 27 , ,Eat_Budget,"(41.0145, 28.968)",,,,,,,,,"(41.0145, 28.968)"
2,,41.0137,28.9705,Meşhur Pideci Orhan Usta ,"Welcoming small restaurant, good value.",wikivoyage,red,Macuncu Sk 5A , ,Eat_Budget,"(41.0137, 28.9705)",,,,,,,,,"(41.0137, 28.9705)"
1,,41.0085,28.975,Karadeniz Aile Pide ve Kebap Salonu ,Their specialty is pide. ,wikivoyage,red,Hacı Tahsinbey Sk ,http://www.karadenizpide.net/ ,Eat_Budget,"(41.0085, 28.975)",,,,,,,,,"(41.0085, 28.975)"
6,,41.0143,28.9454,Historia AVM ,"AVM (''alışveriş merkezi'') means a shopping mall, and Historia is the only one in the Old City. Usual selections of garments, electronics, furniture, a large supermarket, plus a bowling alley, fast food and a cinema. Across the alley, Fenari İsa Mosque was an early Byzantine church, renovated as a mosque in the 1970s.",wikivoyage,red,Adnan Menderes Blv 2 ,https://www.historia.com.tr/ ,Buy,"(41.0143, 28.9454)",,,,,,,,,"(41.0143, 28.9454)"
4,,41.003616,28.973562,Ilmek Antika Carpet & Textile ,"Sells rugs and kilims as well as pillowcases (all produced in Uzbekistan). Pillowcases are between €10 and 60, depending on the material.",wikivoyage,red,"Küçük Ayasofya, Kaleci Sk. No:6 ", ,Buy,"(41.003616, 28.973562)",,,,,,,,,"(41.003616, 28.973562)"
1,,41.0164,28.9706,Egyptian Bazaar ,"Smaller than Grand Bazaar, it specialises in herbs and spices. Very touristy, but prices (even after haggling) are twice those in the rest of the city.",wikivoyage,red, , ,Buy,"(41.0164, 28.9706)",,,,,,,,,"(41.0164, 28.9706)"
0,,41.0106,28.9685,Grand Bazaar ,"Vast historic covered bazaar with over 4400 shops. These are organized around their wares, so the silver jewellers are clustered together, shoe shops are together in another alley, and so on. Prices are double those elsewhere and locals don't shop here, but it's an atmospheric place with a vast selection. ",wikivoyage,red, ,http://www.grandbazaaristanbul.org ,Buy,"(41.0106, 28.9685)",,,,,,,,,"(41.0106, 28.9685)"
4,,41.0159,28.9658,Süleymaniye Hamamı ,"Commissioned by Süleyman the Magnificent and built by Mimar Sinan in 1550, at the east edge of Süleymaniye mosque complex. It had private cubicles for distinguished visitors such as the sultan, but was mostly a standard working-class bathhouse. It was restored in 2001 and is nowadays touristy. It's the only mixed hamam in Istanbul, but mixed sessions are only for couples and families.",wikivoyage,red,Mimar Sinan Cd 20 ,https://www.suleymaniyehamami.com.tr ,Do_Hamams,"(41.0159, 28.9658)",,,,,,,,,"(41.0159, 28.9658)"
3,,41.0041,28.9757,Şifa Hamamı ,"Established in 1777, this is one of the cheaper options. It's marble throughout and the fittings could be original. It has a mixed main section and a separate female section for the scrubbing.",wikivoyage,red,Şifa Hamamı Sk 12 ,https://www.sifahamami.com/ ,Do_Hamams,"(41.0041, 28.9757)",,,,,,,,,"(41.0041, 28.9757)"
2,,41.0106,28.9756,Cağaloğlu Hamamı ,"Built in 1741, the last major hamam opened in the Ottoman era. It has ornate architecture, great service and a stellar cast of famous visitors. Prices to match, and only tourists now use it.",wikivoyage,red,Prof Kazım İsmail Gürkan Cd 24 ,https://www.cagalogluhamami.com.tr ,Do_Hamams,"(41.0106, 28.9756)",,,,,,,,,"(41.0106, 28.9756)"
0,,41.0073,28.9791,Hürrem Sultan Hamamı ,"Bathhouse built in 1556 by Mimar Sinan, the chief Ottoman architect, at the request of Hürrem Sultan (Roxelana), wife of Suleiman the Magnificent. It was built over the former public baths of Zeuxippus, abandoned around 713. Restored in 2011, it's now an upmarket spa.",wikivoyage,red,Aya Sofya Meydanı ,https://www.hurremsultanhamami.com/ ,Do_Hamams,"(41.0073, 28.9791)",,,,,,,,,"(41.0073, 28.9791)"
1,,41.03009018958418,28.948000754054558,Balat ,A neighborhood with colorful houses and stairs all along.,wikivoyage,red, , ,Do,"(41.03009018958418, 28.948000754054558)",,,,,,,,,"(41.03009018958418, 28.948000754054558)"
0,,40.9929,28.9227,Yedikule Fortress ,"The Golden Gate was the ceremonial entrance through the Theodosian city walls. After the Ottomans captured the city in 1453, Mehmed II needed a stronghold for his treasures and documents. The gate was therefore bricked up and the walls reinforced into a fortress, with valuables stored in its seven towers, hence ''yedi kule''. In the following century the treasury moved to Topkapi Palace and the fort became a prison for high-level detainees - Osman II was strangled here in 1622. It remained in use until 1837, whereupon the Golden Gate was re-opened.",wikivoyage,red,Yedikule Meydanı Sk 9 ,https://www.yedikulehisari.com/en/ ,See_Southwest,"(40.9929, 28.9227)",,,,,,,,,"(40.9929, 28.9227)"
3,,41.0034,28.9286,Koca Mustafa Pasha Mosque ,"Built in the early 5th century as a monastery dedicated to Saint Andrew the Apostle, in 766 it was the burial place of Saint Andrew of Crete and was later re-dedicated to him. It was rebuilt in the late 9th century and again in the 13th, then around 1490 converted into a mosque. From the 16th century it was occupied by the Dervishes, when the legend arose that a chain hung to a cypress tree in the courtyard was a truth diviner. The chain was swung between rival witnesses and the one it hit was telling the truth. The cypress stump is still standing.",wikivoyage,red,Koca Mustafapaşa Cd 183 , ,See_Southwest,"(41.0034, 28.9286)",,,,,,,,,"(41.0034, 28.9286)"
1,,41.0182,28.9204,Panorama 1453 History Museum ,"This is a circular indoor space enclosed by a 3D depiction of the Ottomans breaching the Walls of Constantinople on 29 May 1453, with sound effects. It's over-priced, unhistorical and tourist-trappy. ",wikivoyage,red,Topkapı Kültür Park ,https://www.panoramikmuze.com/ ,See_Southwest,"(41.0182, 28.9204)",,,,,,,,,"(41.0182, 28.9204)"
0,,41.0328,28.9456,Ahrida Synagogue ,"This was built in the 1430s by Grecian Jews (""Romaniotes"") from the city of [[Ohrid]], now in North Macedonia. The district of Balat was a Jewish quarter, swelled from 1492 by those expelled from Spain. The synagogue is only open for pre-arranged tours.",wikivoyage,red,Kürkçü Çeşmesi Sk 7 , ,See_Golden Horn,"(41.0328, 28.9456)",,,,,,,,,"(41.0328, 28.9456)"
0,,41.0319,28.9497,St Stephen Church ,"A remarkable Bulgarian Orthodox church better known as ''Demir Kilise'', ""Iron Church"", as it's a cast iron prefab. The Bulgarians split from the Greek Orthodox and established their own wooden church in 1870, which burned down. The ground was too weak for a masonry or concrete structure so they opted for cast iron. The sections were cast in Vienna, shipped here and assembled, to open in 1898. The church was renovated in 2018, but the archpatriarchate building across the street remains a gaunt shell. ",wikivoyage,red,Mürselpaşa Cd , ,See_Golden Horn,"(41.0319, 28.9497)",,,,,,,,,"(41.0319, 28.9497)"
1,,41.0292,28.9464,Fethiye Mosque ,"The Church of Theotokos Pammakaristos (""All-Blessed Mother of God"") was built between the 11th and 12th centuries. The ''parekklesion'' or side-chapel was added maybe 1300, with rich mosaics. The main building became a mosque in 1591, named for Sultan Murad III's conquest (''fetih'', hence Fethiye) of Georgia and Azerbaijan: the interior was opened up, but the chapel was undisturbed and in modern times became a museum. In 2020 the entire building was proclaimed a mosque, and every scrap of Byzantine artistry was covered up, so now there's nothing worth seeing.",wikivoyage,red,Draman Cd , ,See_Golden Horn,"(41.0292, 28.9464)",,,,,,,,,"(41.0292, 28.9464)"
0,,41.0291107,28.9490685,Phanar Greek Orthodox College ,"This is the red-brick castle seen south of St George. Built 1881/83, it teaches the standard Turkish curriculum plus Greek language and culture, and the tower houses an observatory. No visits.",wikivoyage,red,,,See_Golden Horn,"(41.0291107, 28.9490685)",,,,,,,,,"(41.0291107, 28.9490685)"
0,,41.0292,28.9517,St George's Cathedral ,"This is modest from the outside, as the Ottomans would not permit non-Muslim religious buildings to rival the mosques. The interior is lavish but its chief importance is as the senior Eastern Orthodox church. Their Patriarchate has been housed here since 1586 when they were ejected from Agia Sophia. ",wikivoyage,red,Dr Sadık Ahmet Cd 19 ,https://www.ec-patr.org/ ,See_Golden Horn,"(41.0292, 28.9517)",,,,,,,,,"(41.0292, 28.9517)"
1,,41.0197,28.9497,Fatih Mosque ,"The original mosque was built between 1463-1470 by the Greek architect Atik Sinan, by order of Sultan Mehmet II the Conqueror, on the site of the former Church of the Holy Apostles, which had served as Byzantine Imperial burial place for a thousand years. The grand complex with eight medreses, a library, hospital, hospice, caravanserai, market, hamam, primary school and public soup kitchen was smashed again and again by earthquakes, and the present building is from 1771 to a different design. The interior is lavish, and outside is the ornate tomb of Mehmet II and his wife Gülbahar Hatun.",wikivoyage,red,Hattat Nafiz Cd 6 , ,See_Fatih,"(41.0197, 28.9497)",,,,,,,,,"(41.0197, 28.9497)"
0,,41.0154411,28.9502846,Column of Marcian ,,wikivoyage,red,,,See_Fatih,"(41.0154411, 28.9502846)",,,,,,,,,"(41.0154411, 28.9502846)"
2,,41.0161,28.9639,Süleymaniye Mosque ,"On top of a hill overlooking the Golden Horn, this is a magnificent mosque built by Sinan in the 1550s. It was centrepiece of a large ''külliye'', a religious complex which included madrasas, a public kitchen and a hospital.. The small cemetery east has the mausoleums of Suleiman the Magnificent and of his wife Hurrem Sultan or Roxelana.",wikivoyage,red,Prof Sıddık Sami Onar Cd 1 ,http://www.suleymaniyecamii.org/ ,See_Süleymaniye,"(41.0161, 28.9639)",,,,,,,,,"(41.0161, 28.9639)"
0,,41.0197,28.9572,Molla Zeyrek Mosque ,"This is a triple structure: the church of the Monastery of Pantokrator built 1118, then a public church circa 1136 plus a chapel that served as a royal mausoleum. It became a mosque and medresse in Ottoman times, but without massive alteration so it's a prime example of middle-Byzantine architecture. It's nowadays again a mosque, photogenic by day or dusk but the area should be avoided at night.",wikivoyage,red,İbadethane Sk 2 , ,See_Süleymaniye,"(41.0197, 28.9572)",,,,,,,,,"(41.0197, 28.9572)"
0,,41.0162933,28.9549684,Valens Aqueduct ,,wikivoyage,red,,,See_Süleymaniye,"(41.0162933, 28.9549684)",,,,,,,,,"(41.0162933, 28.9549684)"
1,,41.008553,28.9712828,Column of Constantine ,,wikivoyage,red,,,See_Beyazıt,"(41.008553, 28.9712828)",,,,,,,,,"(41.008553, 28.9712828)"
0,,41.0073,28.9726,Theodosius Cistern ,"This was rediscovered in 2010 when an overlying building was demolished. It was built circa 430 AD to store water brought in by Valens Aqueduct. It's smaller than the better-known Basilica Cistern, but better lit, more atmospheric and less touristy.",wikivoyage,red,Piyer Loti Cd 2/1 ,https://www.serefiyesarnici.istanbul/en/ ,See_Beyazıt,"(41.0073, 28.9726)",,,,,,,,,"(41.0073, 28.9726)"
3,,41.0028,28.9719,Little Hagia Sophia ,"Built as the Church of Saints Sergius and Bacchus around 530 AD, the same time as Hagia Sophia, but their styles differ. Transformed into a mosque in the early 1500s, it's beautifully decorated, with fine marble details, and has a pleasanter atmosphere than the larger busy mosques. The adjoining madrasa houses craft shops.",wikivoyage,red,Küçük Ayasofya Cd 78 ,https://littlehagiasophia.com/ ,See_Cankurtaran,"(41.0028, 28.9719)",,,,,,,,,"(41.0028, 28.9719)"
2,,41.0048,28.9721,Sokollu Mehmet Pasha Mosque ,"Sokollu Mehmet Pasha was the grand vizier and ''de facto'' ruler of the Ottoman Empire during its 16th century golden age. He commissioned this mosque, one of three in the city to bear his name, but the sloping site was a challenge. He hired the best, [[Architecture#Mimar Sinan ",wikivoyage,red,Suterazisi Sk , ,See_Cankurtaran,"(41.0048, 28.9721)",,,,,,,,,"(41.0048, 28.9721)"
4,,41.0103,28.9653,Beyazit II Mosque ,Imposing mosque built 1500/05. The other parts of the religious complex have found secular use. ,wikivoyage,red,Yeniçeriler Cd , ,See_Eminönü,"(41.0103, 28.9653)",,,,,,,,,"(41.0103, 28.9653)"
3,,41.0176,28.9688,Rüstem Pasha Mosque ,"Built in 1564 by Mimar Sinan for Rüstem Pasha, Grand Vizier of Suleiman the Magnificent, this small mosque has an interior covered by beautiful Iznik pottery, then at its zenith.",wikivoyage,red,Hasırcılar Cd 62 , ,See_Eminönü,"(41.0176, 28.9688)",,,,,,,,,"(41.0176, 28.9688)"
1,,41.0138,28.9796,Museum of the History of Science and Technology in Islam ,"Museum in a restored building that was the stables for Topkapı Palace. It exhibits various instruments for astronomy, clocks, pumps, weaponry and so on developed in Islamic realms down the centuries, but these are modern repro, and explanations of their context are skimpy. Islamic science and technology preceded that of Europe, as they insist, but they get the tone wrong, as if that was the triumphal culmination rather than the springboard for further advance.",wikivoyage,red,Taya Hatun Sk 8A ,https://muze.gov.tr/muze-detay?SectionId,See_Eminönü,"(41.0138, 28.9796)",,,,,,,,,"(41.0138, 28.9796)"
0,,41.0107,28.9812,Museum of Archaeology ,"Turkey was slow to protect its antiquities and to display them properly, but in 1867 Sultan Abdülaziz toured the museums of Paris, London and Vienna and saw what was needed. The main collection is in a grand neo-classical building of 1891, with two annexes for ancient art and Islamic art. Exhibits include Sumerian tablets, pieces of the wall of Babylon, Roman statues, and the Alexander Sarcophagus. There are very detailed historical explanations in both Turkish and English. There is also quite an accurate exhibition about the historical layers and epochs of the city of [[Troy (Turkey)",wikivoyage,red,Osman Hamdi Bey Yokuşu ,https://muze.gov.tr/muze-detay?SectionId,See_Eminönü,"(41.0107, 28.9812)",,,,,,,,,"(41.0107, 28.9812)"
0,,41.0081,28.9778,Basilica Cistern ,"Vast underground cistern built by Justinian in 532 to store the city's water, the largest and best-known of the hundreds constructed. It's a cathedral-like space with 336 richly decorated columns. Time was you explored in a little rowing boat, but tourist numbers have soared and water levels have dropped, so now you follow a boardwalk, with lights, piped music and art installations. It's sometimes a film location, and stages concerts. But the crowds rob it of atmosphere and you might prefer to seek out one of the less-visited cisterns. ",wikivoyage,red,Yerebatan Cd 1/3 ,https://www.yerebatan.com/en ,See_Sultanahmet,"(41.0081, 28.9778)",,,,,,,,,"(41.0081, 28.9778)"
0,,41.013,28.984,Topkapı Palace ,"The imperial enclave of the Ottoman emperors for four centuries. Lavishly decorated, with exhibitions of fine craftmanship and four courts of increasing grandeur. The second court has the Harem and the State Treasury, housing a weaponry display. On the right, towards the Bosphorus, there is the kitchen exhibition, also with a collection of coffee cups throughout the centuries. The third court has the Imperial Treasury on the right (also with a great view over the Bosphorus) and a collection of  Islamic and Christian relics on the left. The views from the Fourth Court over the Bosphorus are spectacular. Reckon on spending several hours here and bring water as the museum kiosk is overpriced. The museum kiosk is in the kitchen section, on the right-hand side of the second court. Toilets can also be found there, towards the beginning of the second court. These have a shorter line than those in the second court, towards the third court.",wikivoyage,red,Babı Hümayun Cd 1 ,https://www.millisaraylar.gov.tr/Lokasyon/2/topkapi-sarayi ,See_Sultanahmet,"(41.013, 28.984)",,,,,,,,,"(41.013, 28.984)"
0,,41.0085,28.9799,Hagia Sophia ,"The third and grandest of the churches on this site, completed in 537 AD. The 30-m diameter dome covers what was for over 1000 years the largest enclosed space in the world, only surpassed in 1520 by [[Seville]] cathedral. It used ""pendentive"" architecture to throw the dome's weight onto four stout pillars, a design that inspired many Eastern Orthodox churches and Ottoman mosques. It became a mosque after the Ottoman conquest in 1453, remaining so until 1931. It was then a museum until 2020 when it was again proclaimed a mosque. That means you must work around prayer times and dress appropriately.",wikivoyage,red,Ayasofya Meydanı ,https://ayasofyacamii.gov.tr/ ,See_Sultanahmet,"(41.0085, 28.9799)",,,,,,,,,"(41.0085, 28.9799)"
0,,41.0054,28.9768,Sultanahmet Mosque ,"The defining image of Istanbul, dominating the skyline with its great dome and six minarets. Completed in 1617 for Sultan Ahmed I, it's still a working mosque, so dress appropriately and avoid prayer times. Enter via the courtyard on the SW side. You step (shoeless) into the blue-tiled prayer hall beneath the main dome and its semi-domes. The mihrab is of finely carved marble, well-lit, and the minbar (pulpit) next to it is visible from almost all parts. ",wikivoyage,red,At Meydani Cd 10 ,http://www.sultanahmetcami.org/ ,See_Sultanahmet,"(41.0054, 28.9768)",,,,,,,,,"(41.0054, 28.9768)"
0,,41.019722222222,28.949722222222,Constantine the Great,,graves,black,,,,,Point(28.949722222 41.019722222),2.648,http://www.wikidata.org/entity/Q8413,153.0,Church of the Holy Apostles,,,,"('41.019722222222', '28.949722222222')"
1,,41.01569,28.964469,Suleiman the Magnificent,,graves,black,,,,,Point(28.964469 41.01569),1.409,http://www.wikidata.org/entity/Q8474,151.0,Tomb of Suleiman the Magnificent,,,,"('41.01569', '28.964469')"
2,,41.0125,28.98,Mimar Sinan,,graves,black,,,,,Point(28.98 41.0125),0.763,http://www.wikidata.org/entity/Q5600,133.0,Constantinople,,,,"('41.0125', '28.98')"
3,,41.0192788,28.9502674,Mehmed II,,graves,black,,,,,Point(28.9502674 41.0192788),2.583,http://www.wikidata.org/entity/Q34503,120.0,Tomb of Mehmed the Conqueror,,,,"('41.0192788', '28.9502674')"
8,,41.0085,28.9725,Abdul Hamid II,,graves,black,,,,,Point(28.9725 41.0085),0.368,http://www.wikidata.org/entity/Q134817,101.0,Mausoleum of Mahmud II,,,,"('41.0085', '28.9725')"
11,,41.0266,28.9513,Selim I,,graves,black,,,,,Point(28.9513 41.0266),3.05,http://www.wikidata.org/entity/Q494660,91.0,Yavuz Selim Mosque,,,,"('41.0266', '28.9513')"
13,,41.015643,28.964833,Hürrem Sultan,,graves,black,,,,,Point(28.964833 41.015643),1.385,http://www.wikidata.org/entity/Q255809,85.0,Hurrem Sultan Tomb,,,,"('41.015643', '28.964833')"
14,,41.026698,28.925211,Turgut Özal,,graves,black,,,,,Point(28.925211 41.026698),4.813,http://www.wikidata.org/entity/Q180280,81.0,Mausoleum of Turgut Özal,,,,"('41.026698', '28.925211')"
16,,41.01,28.960277777778,Bayezid II,,graves,black,,,,,Point(28.960277777 41.01),1.369,http://www.wikidata.org/entity/Q165983,78.0,Istanbul,,,,"('41.01', '28.960277777778')"
17,,41.008333333333,28.98,Selim II,,graves,black,,,,,Point(28.98 41.008333333),0.409,http://www.wikidata.org/entity/Q161872,78.0,Hagia Sophia,,,,"('41.008333333333', '28.98')"
18,,41.0097344,28.9559644,Selim III,,graves,black,,,,,Point(28.9559644 41.0097344),1.711,http://www.wikidata.org/entity/Q199633,76.0,III. Tomb of Mustafa,,,,"('41.0097344', '28.9559644')"
23,,41.015522,28.974138,Abdul Hamid I,,graves,black,,,,,Point(28.974138 41.015522),1.027,http://www.wikidata.org/entity/Q170707,74.0,Tomb of Abdulhamid I,,,,"('41.015522', '28.974138')"
24,,41.00779,28.979887,Mehmed III,,graves,black,,,,,Point(28.979887 41.00779),0.372,http://www.wikidata.org/entity/Q171465,74.0,Tomb of Mehmed III,,,,"('41.00779', '28.979887')"
25,,41.0479,28.9358,Mehmed V,,graves,black,,,,,Point(28.9358 41.0479),5.711,http://www.wikidata.org/entity/Q151494,74.0,Tomb of Mehmed V,,,,"('41.0479', '28.9358')"
26,,41.04166667,29.00666667,Hayreddin Barbarossa,,graves,black,,,,,Point(29.00666667 41.04166667),4.697,http://www.wikidata.org/entity/Q200582,74.0,Tomb of Hayreddin Barbarossa,,,,"('41.04166667', '29.00666667')"
35,,41.016875,28.972141,Murad V,,graves,black,,,,,Point(28.972141 41.016875),1.208,http://www.wikidata.org/entity/Q199827,67.0,New Mosque,,,,"('41.016875', '28.972141')"
40,,41.068138888889,28.982083333333,Enver Pasha,,graves,black,,,,,Point(28.982083333 41.068138888),6.887,http://www.wikidata.org/entity/Q153899,66.0,"Monument of Liberty, Istanbul",,,,"('41.068138888889', '28.982083333333')"
47,,41.0253,28.9269,Adnan Menderes,,graves,black,,,,,Point(28.9269 41.0253),4.616,http://www.wikidata.org/entity/Q238745,60.0,Mausoleum of Adnan Menderes,,,,"('41.0253', '28.9269')"
49,,41.01537,28.92084,Necmettin Erbakan,,graves,black,,,,,Point(28.92084 41.01537),4.724,http://www.wikidata.org/entity/Q243550,59.0,Merkezefendi Cemetery,,,,"('41.01537', '28.92084')"
50,,41.01972222,28.95722222,John II Komnenos,,graves,black,,,,,Point(28.95722222 41.01972222),2.156,http://www.wikidata.org/entity/Q41628,57.0,Zeyrek Mosque,,,,"('41.01972222', '28.95722222')"
57,,40.913055555556,29.05,Michael I Rangabe,,graves,black,,,,,Point(29.05 40.913055555),12.1,http://www.wikidata.org/entity/Q41652,53.0,Kınalıada,,,,"('40.913055555556', '29.05')"
58,,41.0738,29.0079,Yaşar Kemal,,graves,black,,,,,Point(29.0079 41.0738),7.963,http://www.wikidata.org/entity/Q327142,53.0,Zincirlikuyu Cemetery,,,,"('41.0738', '29.0079')"
59,,41.00861111,28.95555556,Romanos I Lekapenos,,graves,black,,,,,Point(28.95555556 41.00861111),1.723,http://www.wikidata.org/entity/Q41646,52.0,Bodrum Mosque,,,,"('41.00861111', '28.95555556')"
62,,41.00775,28.91346,Hrant Dink,,graves,black,,,,,Point(28.91346 41.00775),5.239,http://www.wikidata.org/entity/Q110126,51.0,Balıklı Armenian Cemetery,,,,"('41.00775', '28.91346')"
77,,41.032194,28.930575,Mehmet Akif Ersoy,,graves,black,,,,,Point(28.930575 41.032194),4.762,http://www.wikidata.org/entity/Q316443,44.0,Edirnekapı Martyr's Cemetery,,,,"('41.032194', '28.930575')"
78,,41.016166666667,28.971888888889,Turhan Sultan,,graves,black,,,,,Point(28.971888888 41.016166666),1.138,http://www.wikidata.org/entity/Q621548,43.0,Tomb of Turhan Hatice Sultan,,,,"('41.016166666667', '28.971888888889')"
79,,41.00888889,28.97111111,Ziya Gökalp,,graves,black,,,,,Point(28.97111111 41.00888889),0.487,http://www.wikidata.org/entity/Q83275,41.0,Çemberlitaş,,,,"('41.00888889', '28.97111111')"
84,,41.09726,29.06602,Mesut Yılmaz,,graves,black,,,,,Point(29.06602 41.09726),12.619,http://www.wikidata.org/entity/Q366692,39.0,Kanlıca Cemetery,,,,"('41.09726', '29.06602')"
85,,41.0065,28.9157,Patriarch Athenagoras I of Constantinople,,graves,black,,,,,Point(28.9157 41.0065),5.049,http://www.wikidata.org/entity/Q68359,38.0,Church of St. Mary of the Spring,,,,"('41.0065', '28.9157')"
86,,41.013794444444,28.957175,Rüstem Paşa,,graves,black,,,,,Point(28.957175 41.013794444),1.772,http://www.wikidata.org/entity/Q642614,38.0,Şehzade Mosque,,,,"('41.013794444444', '28.957175')"
88,,41.0106,29.0261,Reşat Nuri Güntekin,,graves,black,,,,,Point(29.0261 41.0106),4.24,http://www.wikidata.org/entity/Q379595,38.0,Karacaahmet Cemetery,,,,"('41.0106', '29.0261')"
90,,41.047947222222,28.933786111111,Abu Ayyub al-Ansari,,graves,black,,,,,Point(28.933786111 41.047947222),5.816,http://www.wikidata.org/entity/Q334813,37.0,Eyüp Sultan Mosque,,,,"('41.047947222222', '28.933786111111')"
93,,41.048333333333,28.971666666667,Fatma Aliye Topuz,,graves,black,,,,,Point(28.971666666 41.048333333),4.678,http://www.wikidata.org/entity/Q1136761,36.0,Feriköy Cemetery,,,,"('41.048333333333', '28.971666666667')"
100,,41.018955,28.9505759,Osman Nuri Pasha,,graves,black,,,,,Point(28.9505759 41.018955),2.541,http://www.wikidata.org/entity/Q546595,32.0,Gazi Osman Pasha Tomb,,,,"('41.018955', '28.9505759')"
106,,41.05219,28.93329,Mahfiruz Sultan,,graves,black,,,,,Point(28.93329 41.05219),6.221,http://www.wikidata.org/entity/Q2682717,32.0,Eyüpsultan Cemetery,,,,"('41.05219', '28.93329')"
116,,41.0825,29.055277777778,Ahmet Hamdi Tanpınar,,graves,black,,,,,Point(29.055277777 41.0825),10.769,http://www.wikidata.org/entity/Q401875,30.0,Aşiyan Asri Cemetery,,,,"('41.0825', '29.055277777778')"
118,,41.018934,28.950562,Halil İnalcık,,graves,black,,,,,Point(28.950562 41.018934),2.541,http://www.wikidata.org/entity/Q739524,29.0,Fatih Mosque Cemetery,,,,"('41.018934', '28.950562')"
120,,41.031111,28.939167,Germanus I of Constantinople,,graves,black,,,,,Point(28.939167 41.031111),4.128,http://www.wikidata.org/entity/Q441464,29.0,Chora Church,,,,"('41.031111', '28.939167')"
123,,41.11841,29.05784,Ferdi Tayfur,,graves,black,,,,,Point(29.05784 41.11841),14.226,http://www.wikidata.org/entity/Q709859,29.0,Yeniköy Cemetery,,,,"('41.11841', '29.05784')"
125,,41.0191331,28.9505866,Gülbahar Hatun,,graves,black,,,,,Point(28.9505866 41.0191331),2.552,http://www.wikidata.org/entity/Q2690022,28.0,Gulbahar Hatun Tomb,,,,"('41.0191331', '28.9505866')"
131,,40.984169444444,29.076669444444,Rauf Orbay,,graves,black,,,,,Point(29.076669444 40.984169444),8.812,http://www.wikidata.org/entity/Q282179,28.0,Sahrayıcedid Cemetery,,,,"('40.984169444444', '29.076669444444')"
140,,41.0446,28.966,Piyale Pasha,,graves,black,,,,,Point(28.966 41.0446),4.329,http://www.wikidata.org/entity/Q949051,26.0,Piyale Pasha Mosque,,,,"('41.0446', '28.966')"
144,,40.9817,28.87241,Halid Ziya Uşaklıgil,,graves,black,,,,,Point(28.87241 40.9817),9.106,http://www.wikidata.org/entity/Q1366693,25.0,Bakırköy Cemetery,,,,"('40.9817', '28.87241')"
145,,41.01,28.953055555556,Pertevniyal Sultan,,graves,black,,,,,Point(28.953055555 41.01),1.956,http://www.wikidata.org/entity/Q434159,25.0,Pertevniyal Mosque,,,,"('41.01', '28.953055555556')"
148,,41.03111111,28.93916667,Kemalpaşazade,,graves,black,,,,,Point(28.93916667 41.03111111),4.128,http://www.wikidata.org/entity/Q449254,25.0,"Edirnekapı, Istanbul",,,,"('41.03111111', '28.93916667')"
149,,41.010277777778,28.970277777778,Şehsuvar Sultan,,graves,black,,,,,Point(28.970277777 41.010277777),0.639,http://www.wikidata.org/entity/Q623087,25.0,Nuruosmaniye Mosque,,,,"('41.010277777778', '28.970277777778')"
155,,41.026373,28.980928,Kılıç Ali Paşa,,graves,black,,,,,Point(28.980928 41.026373),2.263,http://www.wikidata.org/entity/Q465269,25.0,Kılıç Ali Pasha Mosque,,,,"('41.026373', '28.980928')"
157,,41.08,28.937777777778,Mihrişah Sultan,,graves,black,,,,,Point(28.937777777 41.08),8.787,http://www.wikidata.org/entity/Q2999351,25.0,Eyüp,,,,"('41.08', '28.937777777778')"
162,,41.06518,28.99032,Ara Güler,,graves,black,,,,,Point(28.99032 41.06518),6.649,http://www.wikidata.org/entity/Q623586,24.0,Şişli Armenian Cemetery,,,,"('41.06518', '28.99032')"
169,,41.009796601953,28.920564587562,Serif Gören,,graves,black,,,,,Point(28.920564587 41.009796601),4.656,http://www.wikidata.org/entity/Q388991,23.0,Kozlu Cemetery,,,,"('41.009796601953', '28.920564587562')"
200,,41.0053851,28.9768247,Fatma Sultan,,graves,black,,,,,Point(28.9768247 41.0053851),0.137,http://www.wikidata.org/entity/Q16911421,21.0,Sultan Ahmed Mosque,,,,"('41.0053851', '28.9768247')"
202,,41.037694444444,28.959388888889,Cemal Süreya,,graves,black,,,,,Point(28.959388888 41.037694444),3.746,http://www.wikidata.org/entity/Q982905,21.0,Kulaksız Cemetery,,,,"('41.037694444444', '28.959388888889')"
8,,41.012222222222,28.976111111111,Istanbul Province,,S,orange,,,province of Turkey,,Point(28.976111111 41.012222222),0.65,http://www.wikidata.org/entity/Q534799,87.0,,https://de.wikipedia.org/wiki/Istanbul_(Provinz),https://en.wikipedia.org/wiki/Istanbul_Province,http://www.wikidata.org/entity/Q48336,"('41.012222222222', '28.976111111111')"
9,,41.03,28.935,Fall of Constantinople,,S,orange,,,battle,,Point(28.935 41.03),4.319,http://www.wikidata.org/entity/Q160077,78.0,,https://de.wikipedia.org/wiki/Eroberung_von_Konstantinopel_(1453),https://en.wikipedia.org/wiki/Fall_of_Constantinople,http://www.wikidata.org/entity/Q178561,"('41.03', '28.935')"
12,,41.013,28.984,Topkapı Palace,,S,orange,,,tourist attraction,,Point(28.984 41.013),1.003,http://www.wikidata.org/entity/Q170495,76.0,,https://de.wikipedia.org/wiki/Topkap%C4%B1-Palast,https://en.wikipedia.org/wiki/Topkap%C4%B1_Palace,http://www.wikidata.org/entity/Q570116,"('41.013', '28.984')"
16,,40.976111111111,28.814166666667,Atatürk Airport,,S,orange,,,aerodrome,,Point(28.814166666 40.976111111),13.983,http://www.wikidata.org/entity/Q86473,73.0,,https://de.wikipedia.org/wiki/Flughafen_Istanbul-Atat%C3%BCrk,https://en.wikipedia.org/wiki/Atat%C3%BCrk_Airport,http://www.wikidata.org/entity/Q62447,"('40.976111111111', '28.814166666667')"
17,,41.103388888889,28.991,Rams Park,,S,orange,,,association football venue,,Point(28.991 41.103388888),10.861,http://www.wikidata.org/entity/Q81492,71.0,,https://de.wikipedia.org/wiki/Rams_Park,https://en.wikipedia.org/wiki/Rams_Park,http://www.wikidata.org/entity/Q1154710,"('41.103388888889', '28.991')"
18,,41.016111111111,28.963888888889,Süleymaniye Mosque,,S,orange,,,tourist attraction,,Point(28.963888888 41.016111111),1.477,http://www.wikidata.org/entity/Q178643,69.0,,https://de.wikipedia.org/wiki/S%C3%BCleymaniye-Moschee,https://en.wikipedia.org/wiki/S%C3%BCleymaniye_Mosque,http://www.wikidata.org/entity/Q570116,"('41.016111111111', '28.963888888889')"
22,,41.029222,28.951675,Ecumenical Patriarchate of Constantinople,,S,orange,,,Eastern Orthodox patriarchate,,Point(28.951675 41.029222),3.251,http://www.wikidata.org/entity/Q211004,69.0,,https://de.wikipedia.org/wiki/%C3%96kumenisches_Patriarchat_von_Konstantinopel,https://en.wikipedia.org/wiki/Ecumenical_Patriarchate_of_Constantinople,http://www.wikidata.org/entity/Q44301618,"('41.029222', '28.951675')"
23,,40.98,29.03,Council of Chalcedon,,S,orange,,,ecumenical council,,Point(29.03 40.98),5.407,http://www.wikidata.org/entity/Q170531,66.0,,https://de.wikipedia.org/wiki/Konzil_von_Chalcedon,https://en.wikipedia.org/wiki/Council_of_Chalcedon,http://www.wikidata.org/entity/Q51645,"('40.98', '29.03')"
24,,41.013036111111,28.963875,Istanbul University,,S,orange,,,public university,,Point(28.963875 41.013036111),1.249,http://www.wikidata.org/entity/Q192964,61.0,,https://de.wikipedia.org/wiki/Universit%C3%A4t_Istanbul,https://en.wikipedia.org/wiki/Istanbul_University,http://www.wikidata.org/entity/Q875538,"('41.013036111111', '28.963875')"
26,,41.01666667,29.01666667,Üsküdar,,S,orange,,,municipality of Turkey,,Point(29.01666667 41.01666667),3.609,http://www.wikidata.org/entity/Q326339,60.0,,https://de.wikipedia.org/wiki/%C3%9Csk%C3%BCdar,https://en.wikipedia.org/wiki/%C3%9Csk%C3%BCdar,http://www.wikidata.org/entity/Q2460358,"('41.01666667', '29.01666667')"
28,,41.029166666667,28.961111111111,Golden Horn,,S,orange,,,ria,,Point(28.961111111 41.029166666),2.82,http://www.wikidata.org/entity/Q179839,60.0,,https://de.wikipedia.org/wiki/Goldenes_Horn_(T%C3%BCrkei),https://en.wikipedia.org/wiki/Golden_Horn,http://www.wikidata.org/entity/Q554394,"('41.029166666667', '28.961111111111')"
29,,40.986944444444,29.036666666667,Kadıköy,,S,orange,,,municipality of Turkey,,Point(29.036666666 40.986944444),5.541,http://www.wikidata.org/entity/Q932886,59.0,,https://de.wikipedia.org/wiki/Kad%C4%B1k%C3%B6y,https://en.wikipedia.org/wiki/Kad%C4%B1k%C3%B6y,http://www.wikidata.org/entity/Q2460358,"('40.986944444444', '29.036666666667')"
31,,41.011388888889,28.950277777778,Fatih,,S,orange,,,municipality of Turkey,,Point(28.950277777 41.011388888),2.218,http://www.wikidata.org/entity/Q732923,58.0,,https://de.wikipedia.org/wiki/Fatih_(Istanbul),https://en.wikipedia.org/wiki/Fatih,http://www.wikidata.org/entity/Q2460358,"('41.011388888889', '28.950277777778')"
33,,41.045277777778,29.034444444444,15 July Martyrs Bridge,,S,orange,,,road bridge,,Point(29.034444444 41.045277777),6.546,http://www.wikidata.org/entity/Q4484,58.0,,https://de.wikipedia.org/wiki/Br%C3%BCcke_der_M%C3%A4rtyrer_des_15._Juli,https://en.wikipedia.org/wiki/Bosphorus_Bridge,http://www.wikidata.org/entity/Q537127,"('41.045277777778', '29.034444444444')"
39,,41.075277777778,29.0275,Beşiktaş,,S,orange,,,municipality of Turkey,,Point(29.0275 41.075277777),8.8,http://www.wikidata.org/entity/Q459495,57.0,,https://de.wikipedia.org/wiki/Be%C5%9Fikta%C5%9F,https://en.wikipedia.org/wiki/Be%C5%9Fikta%C5%9F,http://www.wikidata.org/entity/Q2460358,"('41.075277777778', '29.0275')"
41,,41.025632324866,28.974153190723,Galata Tower,,S,orange,,,tourist attraction,,Point(28.97415319 41.025632324),2.145,http://www.wikidata.org/entity/Q91274,56.0,,https://de.wikipedia.org/wiki/Galataturm,https://en.wikipedia.org/wiki/Galata_Tower,http://www.wikidata.org/entity/Q570116,"('41.025632324866', '28.974153190723')"
46,,41.0078815,28.9726015,Organization of Turkic States,,S,orange,,,intergovernmental organization,,Point(28.9726015 41.0078815),0.321,http://www.wikidata.org/entity/Q596850,55.0,,https://de.wikipedia.org/wiki/Organisation_der_Turkstaaten,https://en.wikipedia.org/wiki/Organization_of_Turkic_States,http://www.wikidata.org/entity/Q245065,"('41.0078815', '28.9726015')"
49,,41.039444444444,29.001666666667,Dolmabahçe Palace,,S,orange,,,palace,,Point(29.001666666 41.039444444),4.266,http://www.wikidata.org/entity/Q274141,53.0,,https://de.wikipedia.org/wiki/Dolmabah%C3%A7e-Palast,https://en.wikipedia.org/wiki/Dolmabah%C3%A7e_Palace,http://www.wikidata.org/entity/Q16560,"('41.039444444444', '29.001666666667')"
52,,41.049922,29.03262,2017 Istanbul nightclub attack,,S,orange,,,terrorist attack,,Point(29.03262 41.049922),6.789,http://www.wikidata.org/entity/Q28094271,52.0,,https://de.wikipedia.org/wiki/Terroranschlag_in_Istanbul_am_1._Januar_2017,https://en.wikipedia.org/wiki/Istanbul_nightclub_shooting,http://www.wikidata.org/entity/Q2223653,"('41.049922', '29.03262')"
55,,41.01,28.9603,Convention on preventing and combating violence against women and domestic violence,,S,orange,,,international human rights instrument,,Point(28.9603 41.01),1.367,http://www.wikidata.org/entity/Q1697391,51.0,,https://de.wikipedia.org/wiki/%C3%9Cbereinkommen_des_Europarats_zur_Verh%C3%BCtung_und_Bek%C3%A4mpfung_von_Gewalt_gegen_Frauen_und_h%C3%A4uslicher_Gewalt,https://en.wikipedia.org/wiki/Istanbul_Convention,http://www.wikidata.org/entity/Q1414472,"('41.01', '28.9603')"
57,,40.978,28.82,2016 Istanbul airport attack,,S,orange,,,terrorist attack,,Point(28.82 40.978),13.457,http://www.wikidata.org/entity/Q25007917,50.0,,https://de.wikipedia.org/wiki/Terroranschlag_in_Istanbul_am_28._Juni_2016,https://en.wikipedia.org/wiki/2016_Atat%C3%BCrk_Airport_attack,http://www.wikidata.org/entity/Q2223653,"('40.978', '28.82')"
59,,41.01111111,28.97805556,Sublime Porte,,S,orange,,,synecdoche,,Point(28.97805556 41.01111111),0.557,http://www.wikidata.org/entity/Q18871,49.0,,https://de.wikipedia.org/wiki/Hohe_Pforte,https://en.wikipedia.org/wiki/Sublime_Porte,http://www.wikidata.org/entity/Q190068,"('41.01111111', '28.97805556')"
61,,41.036944444444,28.985833333333,Taksim Square,,S,orange,,,square,,Point(28.985833333 41.036944444),3.5,http://www.wikidata.org/entity/Q736072,49.0,,https://de.wikipedia.org/wiki/Taksim-Platz,https://en.wikipedia.org/wiki/Taksim_Square,http://www.wikidata.org/entity/Q174782,"('41.036944444444', '28.985833333333')"
63,,41.02111111,29.00416667,Maiden's Tower,,S,orange,,,tourist attraction,,Point(29.00416667 41.02111111),2.884,http://www.wikidata.org/entity/Q848397,45.0,,https://de.wikipedia.org/wiki/Leanderturm,https://en.wikipedia.org/wiki/Maiden%27s_Tower,http://www.wikidata.org/entity/Q570116,"('41.02111111', '29.00416667')"
69,,41.010580555556,28.967933333333,Grand Bazaar,,S,orange,,,bazaar,,Point(28.967933333 41.010580555),0.813,http://www.wikidata.org/entity/Q505954,45.0,,https://de.wikipedia.org/wiki/Kapal%C4%B1_%C3%87ar%C5%9F%C4%B1,"https://en.wikipedia.org/wiki/Grand_Bazaar,_Istanbul",http://www.wikidata.org/entity/Q219760,"('41.010580555556', '28.967933333333')"
72,,41.006388888889,28.975555555556,Hippodrome of Constantinople,,S,orange,,,hippodrome,,Point(28.975555555 41.006388888),0.027,http://www.wikidata.org/entity/Q387548,45.0,,https://de.wikipedia.org/wiki/Hippodrom_(Konstantinopel),https://en.wikipedia.org/wiki/Hippodrome_of_Constantinople,http://www.wikidata.org/entity/Q184949,"('41.006388888889', '28.975555555556')"
76,,40.9875,29.036666666667,Şükrü Saracoğlu Stadium,,S,orange,,,association football venue,,Point(29.036666666 40.9875),5.517,http://www.wikidata.org/entity/Q222865,44.0,,https://de.wikipedia.org/wiki/%C5%9E%C3%BCkr%C3%BC_Saraco%C4%9Flu_Stad%C4%B1,https://en.wikipedia.org/wiki/%C5%9E%C3%BCkr%C3%BC_Saraco%C4%9Flu_Stadium,http://www.wikidata.org/entity/Q1154710,"('40.9875', '29.036666666667')"
78,,41.0193,28.9967,Marmaray,,S,orange,,,railway line,,Point(28.9967 41.0193),2.262,http://www.wikidata.org/entity/Q497844,44.0,,https://de.wikipedia.org/wiki/Marmaray,https://en.wikipedia.org/wiki/Marmaray,http://www.wikidata.org/entity/Q728937,"('41.0193', '28.9967')"
81,,41.0125,28.975,Siege of Constantinople,,S,orange,,,battle,,Point(28.975 41.0125),0.684,http://www.wikidata.org/entity/Q27900,44.0,,https://de.wikipedia.org/wiki/Belagerung_von_Konstantinopel_(717%E2%80%93718),https://en.wikipedia.org/wiki/Siege_of_Constantinople_(717%E2%80%93718),http://www.wikidata.org/entity/Q178561,"('41.0125', '28.975')"
86,,41.048055555556,28.900277777778,Bayrampaşa,,S,orange,,,municipality of Turkey,,Point(28.900277777 41.048055555),7.854,http://www.wikidata.org/entity/Q791567,42.0,,https://de.wikipedia.org/wiki/Bayrampa%C5%9Fa,https://en.wikipedia.org/wiki/Bayrampa%C5%9Fa,http://www.wikidata.org/entity/Q2460358,"('41.048055555556', '28.900277777778')"
88,,41.091111111111,29.061388888889,Fatih Sultan Mehmet Bridge,,S,orange,,,road bridge,,Point(29.061388888 41.091111111),11.84,http://www.wikidata.org/entity/Q369967,42.0,,https://de.wikipedia.org/wiki/Fatih-Sultan-Mehmet-Br%C3%BCcke,https://en.wikipedia.org/wiki/Fatih_Sultan_Mehmet_Bridge,http://www.wikidata.org/entity/Q537127,"('41.091111111111', '29.061388888889')"
98,,41.053611111111,28.871666666667,Esenler,,S,orange,,,municipality of Turkey,,Point(28.871666666 41.053611111),10.197,http://www.wikidata.org/entity/Q378714,41.0,,https://de.wikipedia.org/wiki/Esenler,https://en.wikipedia.org/wiki/Esenler,http://www.wikidata.org/entity/Q2460358,"('41.053611111111', '28.871666666667')"
100,,41.059444444444,28.986944444444,Şişli,,S,orange,,,municipality of Turkey,,Point(28.986944444 41.059444444),5.973,http://www.wikidata.org/entity/Q390637,41.0,,https://de.wikipedia.org/wiki/%C5%9Ei%C5%9Fli,https://en.wikipedia.org/wiki/%C5%9Ei%C5%9Fli,http://www.wikidata.org/entity/Q2460358,"('41.059444444444', '28.986944444444')"
102,,40.983055555556,28.853611111111,Bakırköy,,S,orange,,,municipality of Turkey,,Point(28.853611111 40.983055555),10.583,http://www.wikidata.org/entity/Q752528,41.0,,https://de.wikipedia.org/wiki/Bak%C4%B1rk%C3%B6y,https://en.wikipedia.org/wiki/Bak%C4%B1rk%C3%B6y,http://www.wikidata.org/entity/Q2460358,"('40.983055555556', '28.853611111111')"
104,,40.983333333333,29.127777777778,Ataşehir,,S,orange,,,municipality of Turkey,,Point(29.127777777 40.983333333),13.003,http://www.wikidata.org/entity/Q753882,40.0,,https://de.wikipedia.org/wiki/Ata%C5%9Fehir,https://en.wikipedia.org/wiki/Ata%C5%9Fehir,http://www.wikidata.org/entity/Q2460358,"('40.983333333333', '29.127777777778')"
106,,41.105,29.025,Istanbul Technical University,,S,orange,,,public university,,Point(29.025 41.105),11.714,http://www.wikidata.org/entity/Q344334,40.0,,https://de.wikipedia.org/wiki/Technische_Universit%C3%A4t_Istanbul,https://en.wikipedia.org/wiki/Istanbul_Technical_University,http://www.wikidata.org/entity/Q875538,"('41.105', '29.025')"
108,,41.0084038,28.9779209,Basilica Cistern,,S,orange,,,architectural structure,,Point(28.9779209 41.0084038),0.283,http://www.wikidata.org/entity/Q216511,40.0,,https://de.wikipedia.org/wiki/Yerebatan-Zisterne,https://en.wikipedia.org/wiki/Basilica_Cistern,http://www.wikidata.org/entity/Q811979,"('41.0084038', '28.9779209')"
111,,41.01805556,28.92333333,Walls of Constantinople,,S,orange,,,city walls,,Point(28.92333333 41.01805556),4.595,http://www.wikidata.org/entity/Q89917,40.0,,https://de.wikipedia.org/wiki/Theodosianische_Mauer,https://en.wikipedia.org/wiki/Walls_of_Constantinople,http://www.wikidata.org/entity/Q16748868,"('41.01805556', '28.92333333')"
113,,41.073333333333,28.904722222222,Gaziosmanpaşa,,S,orange,,,municipality of Turkey,,Point(28.904722222 41.073333333),9.541,http://www.wikidata.org/entity/Q570826,40.0,,https://de.wikipedia.org/wiki/Gaziosmanpa%C5%9Fa,https://en.wikipedia.org/wiki/Gaziosmanpa%C5%9Fa,http://www.wikidata.org/entity/Q2460358,"('41.073333333333', '28.904722222222')"
115,,41.00972,28.98111,Hagia Irene,,S,orange,,,tourist attraction,,Point(28.98111 41.00972),0.575,http://www.wikidata.org/entity/Q736676,39.0,,https://de.wikipedia.org/wiki/Hagia_Irene,https://en.wikipedia.org/wiki/Hagia_Irene,http://www.wikidata.org/entity/Q570116,"('41.00972', '28.98111')"
119,,41.047330729015,29.026808738806,Ortaköy Mosque,,S,orange,,,tourist attraction,,Point(29.026808738 41.047330729),6.244,http://www.wikidata.org/entity/Q176380,38.0,,https://de.wikipedia.org/wiki/Ortak%C3%B6y-Moschee,https://en.wikipedia.org/wiki/Ortak%C3%B6y_Mosque,http://www.wikidata.org/entity/Q570116,"('41.047330729015', '29.026808738806')"
123,,41.019722,28.949722,Fatih Istanbul Mosque,,S,orange,,,tourist attraction,,Point(28.949722 41.019722),2.648,http://www.wikidata.org/entity/Q756189,38.0,,https://de.wikipedia.org/wiki/Fatih-Moschee,"https://en.wikipedia.org/wiki/Fatih_Mosque,_Istanbul",http://www.wikidata.org/entity/Q570116,"('41.019722', '28.949722')"
127,,41.036944444444,28.985,Istanbul pogrom,,S,orange,,,pogrom,,Point(28.985 41.036944444),3.484,http://www.wikidata.org/entity/Q934470,38.0,,https://de.wikipedia.org/wiki/Pogrom_von_Istanbul,https://en.wikipedia.org/wiki/Istanbul_pogrom,http://www.wikidata.org/entity/Q177716,"('41.036944444444', '28.985')"
128,,41.022777777778,28.973611111111,Galata,,S,orange,,,quarter,,Point(28.973611111 41.022777777),1.833,http://www.wikidata.org/entity/Q501817,38.0,,https://de.wikipedia.org/wiki/Galata_(Istanbul),https://en.wikipedia.org/wiki/Galata,http://www.wikidata.org/entity/Q2983893,"('41.022777777778', '28.973611111111')"
129,,41.02,28.973055555556,Galata Bridge,,S,orange,,,road bridge,,Point(28.973055555 41.02),1.533,http://www.wikidata.org/entity/Q81523,38.0,,https://de.wikipedia.org/wiki/Galatabr%C3%BCcke,https://en.wikipedia.org/wiki/Galata_Bridge,http://www.wikidata.org/entity/Q537127,"('41.02', '28.973055555556')"
132,,41.0167,28.9667,2010 FIBA World Championship,,S,orange,,,sports season,,Point(28.9667 41.0167),1.382,http://www.wikidata.org/entity/Q211438,38.0,,https://de.wikipedia.org/wiki/Basketball-Weltmeisterschaft_2010,https://en.wikipedia.org/wiki/2010_FIBA_World_Championship,http://www.wikidata.org/entity/Q27020041,"('41.0167', '28.9667')"
133,,41.005277777778,28.909722222222,Zeytinburnu,,S,orange,,,municipality of Turkey,,Point(28.909722222 41.005277777),5.552,http://www.wikidata.org/entity/Q197095,37.0,,https://de.wikipedia.org/wiki/Zeytinburnu,https://en.wikipedia.org/wiki/Zeytinburnu,http://www.wikidata.org/entity/Q2460358,"('41.005277777778', '28.909722222222')"
135,,41.083555555556,29.050597222222,Boğaziçi University,,S,orange,,,public university,,Point(29.050597222 41.083555555),10.626,http://www.wikidata.org/entity/Q896267,37.0,,https://de.wikipedia.org/wiki/Bo%C4%9Fazi%C3%A7i_%C3%9Cniversitesi,https://en.wikipedia.org/wiki/Bo%C4%9Fazi%C3%A7i_University,http://www.wikidata.org/entity/Q875538,"('41.083555555556', '29.050597222222')"
136,,41.01224,28.976018,Siege of Constantinople,,S,orange,,,siege,,Point(28.976018 41.01224),0.652,http://www.wikidata.org/entity/Q399482,37.0,,https://de.wikipedia.org/wiki/Belagerung_von_Konstantinopel_(674%E2%80%93678),https://en.wikipedia.org/wiki/Siege_of_Constantinople_(674%E2%80%93678),http://www.wikidata.org/entity/Q188055,"('41.01224', '28.976018')"
137,,41.0375,28.945,Siege of Constantinople,,S,orange,,,siege,,Point(28.945 41.0375),4.322,http://www.wikidata.org/entity/Q1750892,37.0,,https://de.wikipedia.org/wiki/Eroberung_von_Konstantinopel_(1204),https://en.wikipedia.org/wiki/Sack_of_Constantinople,http://www.wikidata.org/entity/Q188055,"('41.0375', '28.945')"
138,,41.039166666667,28.994166666667,Beşiktaş Stadium,,S,orange,,,association football venue,,Point(28.994166666 41.039166666),3.955,http://www.wikidata.org/entity/Q14914703,37.0,,https://de.wikipedia.org/wiki/T%C3%BCpra%C5%9F_Stadyumu,https://en.wikipedia.org/wiki/Be%C5%9Fikta%C5%9F_Stadium,http://www.wikidata.org/entity/Q1154710,"('41.039166666667', '28.994166666667')"
139,,40.9975,28.850555555556,Bahçelievler,,S,orange,,,municipality of Turkey,,Point(28.850555555 40.9975),10.562,http://www.wikidata.org/entity/Q788634,36.0,,https://de.wikipedia.org/wiki/Bah%C3%A7elievler,https://en.wikipedia.org/wiki/Bah%C3%A7elievler,http://www.wikidata.org/entity/Q2460358,"('40.9975', '28.850555555556')"
141,,41.02083,29.12042,Ümraniye,,S,orange,,,municipality of Turkey,,Point(29.12042 41.02083),12.233,http://www.wikidata.org/entity/Q334924,36.0,,https://de.wikipedia.org/wiki/%C3%9Cmraniye,https://en.wikipedia.org/wiki/%C3%9Cmraniye,http://www.wikidata.org/entity/Q2460358,"('41.02083', '29.12042')"
143,,41.03416667,28.97888889,İstiklal Avenue,,S,orange,,,street,,Point(28.97888889 41.03416667),3.1,http://www.wikidata.org/entity/Q344348,36.0,,https://de.wikipedia.org/wiki/%C4%B0stiklal_Caddesi,https://en.wikipedia.org/wiki/%C4%B0stiklal_Avenue,http://www.wikidata.org/entity/Q79007,"('41.03416667', '28.97888889')"
145,,41.021111111111,28.878055555556,Güngören,,S,orange,,,municipality of Turkey,,Point(28.878055555 41.021111111),8.368,http://www.wikidata.org/entity/Q932166,36.0,,https://de.wikipedia.org/wiki/G%C3%BCng%C3%B6ren,https://en.wikipedia.org/wiki/G%C3%BCng%C3%B6ren,http://www.wikidata.org/entity/Q2460358,"('41.021111111111', '28.878055555556')"
148,,41.011669444444,28.981388888889,Istanbul Archaeology Museums,,S,orange,,,archaeological museum,,Point(28.981388888 41.011669444),0.748,http://www.wikidata.org/entity/Q636978,36.0,,https://de.wikipedia.org/wiki/Arch%C3%A4ologisches_Museum_Istanbul,https://en.wikipedia.org/wiki/Istanbul_Archaeology_Museums,http://www.wikidata.org/entity/Q3329412,"('41.011669444444', '28.981388888889')"
150,,41.035,28.981388888889,2022 Istanbul bombing,,S,orange,,,bomb attack,,Point(28.981388888 41.035),3.216,http://www.wikidata.org/entity/Q115193912,36.0,,https://de.wikipedia.org/wiki/Bombenanschlag_in_Istanbul_am_13._November_2022,https://en.wikipedia.org/wiki/2022_Istanbul_bombing,http://www.wikidata.org/entity/Q891854,"('41.035', '28.981388888889')"
152,,41.017222222222,28.971111111111,Eminönü,,S,orange,,,quarter,,Point(28.971111111 41.017222222),1.27,http://www.wikidata.org/entity/Q1767191,36.0,,,https://en.wikipedia.org/wiki/Emin%C3%B6n%C3%BC,http://www.wikidata.org/entity/Q2983893,"('41.017222222222', '28.971111111111')"
153,,41.086111111111,28.980555555556,Kağıthane,,S,orange,,,municipality of Turkey,,Point(28.980555555 41.086111111),8.874,http://www.wikidata.org/entity/Q284489,35.0,,https://de.wikipedia.org/wiki/Ka%C4%9F%C4%B1thane,https://en.wikipedia.org/wiki/Ka%C4%9F%C4%B1thane,http://www.wikidata.org/entity/Q2460358,"('41.086111111111', '28.980555555556')"
155,,41.002778,28.971944,Little Hagia Sophia,,S,orange,,,külliye,,Point(28.971944 41.002778),0.519,http://www.wikidata.org/entity/Q1144576,35.0,,https://de.wikipedia.org/wiki/Kleine_Hagia_Sophia,https://en.wikipedia.org/wiki/Little_Hagia_Sophia,http://www.wikidata.org/entity/Q71974,"('41.002778', '28.971944')"
159,,40.986111111111,29.053611111111,Marmara University,,S,orange,,,public university,,Point(29.053611111 40.986111111),6.902,http://www.wikidata.org/entity/Q1424081,34.0,,https://de.wikipedia.org/wiki/Marmara-Universit%C3%A4t,https://en.wikipedia.org/wiki/Marmara_University,http://www.wikidata.org/entity/Q875538,"('40.986111111111', '29.053611111111')"
162,,41.084722222222,29.056111111111,Rumelihisarı,,S,orange,,,tourist attraction,,Point(29.056111111 41.084722222),11.007,http://www.wikidata.org/entity/Q90801,34.0,,https://de.wikipedia.org/wiki/Rumeli_Hisar%C4%B1,https://en.wikipedia.org/wiki/Rumelihisar%C4%B1,http://www.wikidata.org/entity/Q570116,"('41.084722222222', '29.056111111111')"
166,,41.034444444444,28.856944444444,Bağcılar,,S,orange,,,municipality of Turkey,,Point(28.856944444 41.034444444),10.453,http://www.wikidata.org/entity/Q746516,34.0,,https://de.wikipedia.org/wiki/Ba%C4%9Fc%C4%B1lar,https://en.wikipedia.org/wiki/Ba%C4%9Fc%C4%B1lar,http://www.wikidata.org/entity/Q2460358,"('41.034444444444', '28.856944444444')"
168,,41.016389,28.970556,Spice Bazaar,,S,orange,,,bazaar,,Point(28.970556 41.016389),1.199,http://www.wikidata.org/entity/Q668641,34.0,,https://de.wikipedia.org/wiki/M%C4%B1s%C4%B1r_%C3%87ar%C5%9F%C4%B1s%C4%B1,https://en.wikipedia.org/wiki/Spice_Bazaar,http://www.wikidata.org/entity/Q219760,"('41.016389', '28.970556')"
170,,41.004722222222,28.971944444444,Sokollu Mehmed Pasha I Mosque,,S,orange,,,külliye,,Point(28.971944444 41.004722222),0.378,http://www.wikidata.org/entity/Q1572472,33.0,,https://de.wikipedia.org/wiki/Sokollu-Mehmed-Pascha-Moschee,"https://en.wikipedia.org/wiki/Sokollu_Mehmed_Pasha_Mosque,_Kad%C4%B1rga",http://www.wikidata.org/entity/Q71974,"('41.004722222222', '28.971944444444')"
175,,41.01759104,28.96874786,Rüstem Pasha Mosque,,S,orange,,,tourist attraction,,Point(28.96874786 41.01759104),1.382,http://www.wikidata.org/entity/Q1137511,33.0,,https://de.wikipedia.org/wiki/R%C3%BCstem-Pascha-Moschee,https://en.wikipedia.org/wiki/R%C3%BCstem_Pasha_Mosque,http://www.wikidata.org/entity/Q570116,"('41.01759104', '28.96874786')"
180,,41.006163888889,28.977405555556,2016 Istanbul bombing,,S,orange,,,mass murder,,Point(28.977405555 41.006163888),0.131,http://www.wikidata.org/entity/Q22039066,33.0,,https://de.wikipedia.org/wiki/Terroranschlag_in_Istanbul_am_12._Januar_2016,https://en.wikipedia.org/wiki/January_2016_Istanbul_bombing,http://www.wikidata.org/entity/Q750215,"('41.006163888889', '28.977405555556')"
182,,41.01599,28.95557,Aqueduct of Valens,,S,orange,,,tourist attraction,,Point(28.95557 41.01599),2.011,http://www.wikidata.org/entity/Q952924,32.0,,https://de.wikipedia.org/wiki/Valens-Aqu%C3%A4dukt,https://en.wikipedia.org/wiki/Aqueduct_of_Valens,http://www.wikidata.org/entity/Q570116,"('41.01599', '28.95557')"
185,,41.10371,28.87217,Sultangazi,,S,orange,,,municipality of Turkey,,Point(28.87217 41.10371),13.882,http://www.wikidata.org/entity/Q268747,32.0,,https://de.wikipedia.org/wiki/Sultangazi,https://en.wikipedia.org/wiki/Sultangazi,http://www.wikidata.org/entity/Q2460358,"('41.10371', '28.87217')"
187,,41.043444444444,29.015388888889,Çırağan Palace,,S,orange,,,palace,,Point(29.015388888 41.043444444),5.289,http://www.wikidata.org/entity/Q273225,32.0,,https://de.wikipedia.org/wiki/%C3%87%C4%B1ra%C4%9Fan-Palast,https://en.wikipedia.org/wiki/%C3%87%C4%B1ra%C4%9Fan_Palace,http://www.wikidata.org/entity/Q16560,"('41.043444444444', '29.015388888889')"
188,,41.0494,29.0111,Yıldız Palace,,S,orange,,,tourist attraction,,Point(29.0111 41.0494),5.622,http://www.wikidata.org/entity/Q911734,32.0,,https://de.wikipedia.org/wiki/Y%C4%B1ld%C4%B1z-Palast,https://en.wikipedia.org/wiki/Y%C4%B1ld%C4%B1z_Palace,http://www.wikidata.org/entity/Q570116,"('41.0494', '29.0111')"
190,,41.005,28.997,Eurasia Tunnel,,S,orange,,,undersea tunnel,,Point(28.997 41.005),1.78,http://www.wikidata.org/entity/Q5411040,32.0,,https://de.wikipedia.org/wiki/Eurasien-Tunnel,https://en.wikipedia.org/wiki/Eurasia_Tunnel,http://www.wikidata.org/entity/Q1317590,"('41.005', '28.997')"
192,,41.082138888889,29.067027777778,Anadoluhisarı,,S,orange,,,tourist attraction,,Point(29.067027777 41.082138888),11.375,http://www.wikidata.org/entity/Q81650,32.0,,https://de.wikipedia.org/wiki/Anadolu_Hisar%C4%B1,https://en.wikipedia.org/wiki/Anadoluhisar%C4%B1,http://www.wikidata.org/entity/Q570116,"('41.082138888889', '29.067027777778')"
195,,40.99611111,28.92861111,Monastery of Stoudios,,S,orange,,,monastery ruins,,Point(28.92861111 40.99611111),4.127,http://www.wikidata.org/entity/Q1551419,32.0,,https://de.wikipedia.org/wiki/Studionkloster,https://en.wikipedia.org/wiki/Monastery_of_Stoudios,http://www.wikidata.org/entity/Q1701174,"('40.99611111', '28.92861111')"
196,,41.010277777778,28.965277777778,Bayezid II Mosque,,S,orange,,,külliye,,Point(28.965277777 41.010277777),0.989,http://www.wikidata.org/entity/Q853064,32.0,,https://de.wikipedia.org/wiki/Beyaz%C4%B1t-Moschee,"https://en.wikipedia.org/wiki/Bayezid_II_Mosque,_Istanbul",http://www.wikidata.org/entity/Q71974,"('41.010277777778', '28.965277777778')"
200,,41.006055555556,28.975388888889,Obelisk of Theodosius,,S,orange,,,obelisk,,Point(28.975388888 41.006055555),0.054,http://www.wikidata.org/entity/Q763854,31.0,,https://de.wikipedia.org/wiki/Obelisk_des_Theodosius,https://en.wikipedia.org/wiki/Obelisk_of_Theodosius,http://www.wikidata.org/entity/Q170980,"('41.006055555556', '28.975388888889')"
205,,41.029166666667,28.935833333333,Mihrimah Edirnekapı Mosque,,S,orange,,,külliye,,Point(28.935833333 41.029166666),4.207,http://www.wikidata.org/entity/Q1581190,31.0,,https://de.wikipedia.org/wiki/Mihrimah-Sultan-Moschee_(Edirnekap%C4%B1),"https://en.wikipedia.org/wiki/Mihrimah_Sultan_Mosque,_Edirnekap%C4%B1",http://www.wikidata.org/entity/Q71974,"('41.029166666667', '28.935833333333')"
210,,41.01,28.956666666667,Laleli Mosque,,S,orange,,,architectural structure,,Point(28.956666666 41.01),1.661,http://www.wikidata.org/entity/Q590900,31.0,,https://de.wikipedia.org/wiki/Laleli-Moschee,https://en.wikipedia.org/wiki/Laleli_Mosque,http://www.wikidata.org/entity/Q811979,"('41.01', '28.956666666667')"
213,,41.085,29.005833333333,Istanbul Sapphire,,S,orange,,,skyscraper,,Point(29.005833333 41.085),9.096,http://www.wikidata.org/entity/Q166882,30.0,,https://de.wikipedia.org/wiki/Sapphire_of_Istanbul,https://en.wikipedia.org/wiki/Istanbul_Sapphire,http://www.wikidata.org/entity/Q11303,"('41.085', '29.005833333333')"
214,,41.0426,29.0399,Beylerbeyi Palace,,S,orange,,,tourist attraction,,Point(29.0399 41.0426),6.713,http://www.wikidata.org/entity/Q794349,30.0,,https://de.wikipedia.org/wiki/Beylerbeyi-Palast,https://en.wikipedia.org/wiki/Beylerbeyi_Palace,http://www.wikidata.org/entity/Q570116,"('41.0426', '29.0399')"
221,,41.0546272,29.0281901,Ortaköy,,S,orange,,,tourist attraction,,Point(29.0281901 41.0546272),6.931,http://www.wikidata.org/entity/Q2249546,30.0,,https://de.wikipedia.org/wiki/Ortak%C3%B6y_(Istanbul),https://en.wikipedia.org/wiki/Ortak%C3%B6y,http://www.wikidata.org/entity/Q570116,"('41.0546272', '29.0281901')"
223,,41.029166666667,28.946388888889,Pammakaristos Church,,S,orange,,,abbey church,,Point(28.946388888 41.029166666),3.541,http://www.wikidata.org/entity/Q1420984,29.0,,https://de.wikipedia.org/wiki/Pammakaristos-Kirche,https://en.wikipedia.org/wiki/Pammakaristos_Church,http://www.wikidata.org/entity/Q334383,"('41.029166666667', '28.946388888889')"
234,,41.03361111,28.9775,Tünel,,S,orange,,,historic building,,Point(28.9775 41.03361111),3.031,http://www.wikidata.org/entity/Q387264,29.0,,https://de.wikipedia.org/wiki/T%C3%BCnel,https://en.wikipedia.org/wiki/T%C3%BCnel,http://www.wikidata.org/entity/Q35112127,"('41.03361111', '28.9775')"
239,,41.03672778,28.99528889,Dolmabahçe Mosque,,S,orange,,,architectural structure,,Point(28.99528889 41.03672778),3.747,http://www.wikidata.org/entity/Q2086068,29.0,,,https://en.wikipedia.org/wiki/Dolmabah%C3%A7e_Mosque,http://www.wikidata.org/entity/Q811979,"('41.03672778', '28.99528889')"
242,,41.00638889,28.97777778,Great Palace of Constantinople,,S,orange,,,destroyed building or structure,,Point(28.97777778 41.00638889),0.16,http://www.wikidata.org/entity/Q475338,28.0,,https://de.wikipedia.org/wiki/Gro%C3%9Fer_Palast_(Konstantinopel),https://en.wikipedia.org/wiki/Great_Palace_of_Constantinople,http://www.wikidata.org/entity/Q19860854,"('41.00638889', '28.97777778')"
244,,40.996137956916,29.018601863888,Haydarpaşa railway station,,S,orange,,,harbour railway station,,Point(29.018601863 40.996137956),3.762,http://www.wikidata.org/entity/Q800973,28.0,,https://de.wikipedia.org/wiki/Bahnhof_Istanbul_Haydarpa%C5%9Fa,https://en.wikipedia.org/wiki/Haydarpa%C5%9Fa_railway_station,http://www.wikidata.org/entity/Q1567913,"('40.996137956916', '29.018601863888')"
251,,41.00562,28.975122,Serpent Column,,S,orange,,,sculpture,,Point(28.975122 41.00562),0.105,http://www.wikidata.org/entity/Q588892,28.0,,https://de.wikipedia.org/wiki/Schlangens%C3%A4ule,https://en.wikipedia.org/wiki/Serpent_Column,http://www.wikidata.org/entity/Q860861,"('41.00562', '28.975122')"
254,,41.008611,28.971111,Column of Constantine,,S,orange,,,tourist attraction,,Point(28.971111 41.008611),0.47,http://www.wikidata.org/entity/Q1247287,28.0,,https://de.wikipedia.org/wiki/Konstantinss%C3%A4ule,https://en.wikipedia.org/wiki/Column_of_Constantine,http://www.wikidata.org/entity/Q570116,"('41.008611', '28.971111')"
256,,41.029091666667,28.951822222222,Church of St. George,,S,orange,,,Eastern Orthodox cathedral,,Point(28.951822222 41.029091666),3.232,http://www.wikidata.org/entity/Q1346546,28.0,,https://de.wikipedia.org/wiki/Georgskathedrale_(Istanbul),"https://en.wikipedia.org/wiki/St._George%27s_Cathedral,_Istanbul",http://www.wikidata.org/entity/Q56242225,"('41.029091666667', '28.951822222222')"
257,,40.996944,28.919444,Abdi İpekçi Arena,,S,orange,,,multi-purpose hall,,Point(28.919444 40.996944),4.85,http://www.wikidata.org/entity/Q308162,27.0,,https://de.wikipedia.org/wiki/Abdi_%C4%B0pek%C3%A7i_Arena,https://en.wikipedia.org/wiki/Abdi_%C4%B0pek%C3%A7i_Arena,http://www.wikidata.org/entity/Q1763828,"('40.996944', '28.919444')"
258,,41.006278,28.974556,Turkish and Islamic Arts Museum,,S,orange,,,national museum,,Point(28.974556 41.006278),0.111,http://www.wikidata.org/entity/Q525939,27.0,,https://de.wikipedia.org/wiki/Museum_f%C3%BCr_t%C3%BCrkische_und_islamische_Kunst,https://en.wikipedia.org/wiki/Turkish_and_Islamic_Arts_Museum,http://www.wikidata.org/entity/Q17431399,"('41.006278', '28.974556')"
262,,40.987167,28.855577,2012 IAAF World Indoor Championships,,S,orange,,,World Athletics Indoor Championships,,Point(28.855577 40.987167),10.319,http://www.wikidata.org/entity/Q746504,27.0,,https://de.wikipedia.org/wiki/Leichtathletik-Hallenweltmeisterschaften_2012,https://en.wikipedia.org/wiki/2012_IAAF_World_Indoor_Championships,http://www.wikidata.org/entity/Q725169,"('40.987167', '28.855577')"
263,,41.039205555556,28.994741666667,BJK İnönü Stadium,,S,orange,,,association football venue,,Point(28.994741666 41.039205555),3.978,http://www.wikidata.org/entity/Q751820,27.0,,https://de.wikipedia.org/wiki/%C4%B0n%C3%B6n%C3%BC_Stad%C4%B1,https://en.wikipedia.org/wiki/BJK_%C4%B0n%C3%B6n%C3%BC_Stadium,http://www.wikidata.org/entity/Q1154710,"('41.039205555556', '28.994741666667')"
266,,41.01222222,28.98,Gülhane Park,,S,orange,,,tourist attraction,,Point(28.98 41.01222222),0.736,http://www.wikidata.org/entity/Q1560106,27.0,,https://de.wikipedia.org/wiki/G%C3%BClhane-Park,https://en.wikipedia.org/wiki/G%C3%BClhane_Park,http://www.wikidata.org/entity/Q570116,"('41.01222222', '28.98')"
268,,40.99305556,28.92333333,Yedikule Fortress,,S,orange,,,fortress,,Point(28.92333333 40.99305556),4.651,http://www.wikidata.org/entity/Q632795,27.0,,https://de.wikipedia.org/wiki/Yedikule,https://en.wikipedia.org/wiki/Yedikule_Fortress,http://www.wikidata.org/entity/Q57831,"('40.99305556', '28.92333333')"
269,,41.0343,29.0704,Çamlıca Mosque,,S,orange,,,mosque,,Point(29.0704 41.0343),8.516,http://www.wikidata.org/entity/Q18341384,27.0,,https://de.wikipedia.org/wiki/%C3%87aml%C4%B1ca-Moschee,https://en.wikipedia.org/wiki/%C3%87aml%C4%B1ca_Mosque,http://www.wikidata.org/entity/Q32815,"('41.0343', '29.0704')"
270,,41.041944,28.994444,December 2016 Istanbul bombings,,S,orange,,,suicide bombing,,Point(28.994444 41.041944),4.25,http://www.wikidata.org/entity/Q27988528,27.0,,https://de.wikipedia.org/wiki/Bombenanschl%C3%A4ge_in_Istanbul_am_10._Dezember_2016,https://en.wikipedia.org/wiki/December_2016_Istanbul_bombings,http://www.wikidata.org/entity/Q18493502,"('41.041944', '28.994444')"
272,,41.0,28.9,Siege of Constantinople,,S,orange,,,siege,,Point(28.9 41.0),6.406,http://www.wikidata.org/entity/Q815167,26.0,,https://de.wikipedia.org/wiki/Belagerung_von_Konstantinopel_(860),https://en.wikipedia.org/wiki/Siege_of_Constantinople_(860),http://www.wikidata.org/entity/Q188055,"('41.0', '28.9')"
275,,40.9885,28.8539,2012 FINA World Swimming Championships,,S,orange,,,sports season,,Point(28.8539 40.9885),10.427,http://www.wikidata.org/entity/Q115978,26.0,,https://de.wikipedia.org/wiki/Kurzbahnweltmeisterschaften_2012,https://en.wikipedia.org/wiki/2012_FINA_World_Swimming_Championships_(25_m),http://www.wikidata.org/entity/Q27020041,"('40.9885', '28.8539')"
276,,41.0167,28.9769,Siege of Constantinople,,S,orange,,,siege,,Point(28.976018 41.01224),0.652,http://www.wikidata.org/entity/Q700886,26.0,,https://de.wikipedia.org/wiki/Belagerung_von_Konstantinopel_(1422),https://en.wikipedia.org/wiki/Siege_of_Constantinople_(1422),http://www.wikidata.org/entity/Q188055,"('41.0167', '28.9769')"
280,,41.03093056,28.97982222,The Museum of Innocence,,S,orange,,,tourist attraction,,Point(28.97982222 41.03093056),2.75,http://www.wikidata.org/entity/Q15961492,26.0,,,https://en.wikipedia.org/wiki/The_Museum_of_Innocence_(museum),http://www.wikidata.org/entity/Q570116,"('41.03093056', '28.97982222')"
283,,41.028888888889,28.951944444444,Fener,,S,orange,,,quarter,,Point(28.951944444 41.028888888),3.208,http://www.wikidata.org/entity/Q985842,25.0,,https://de.wikipedia.org/wiki/Fener,https://en.wikipedia.org/wiki/Fener,http://www.wikidata.org/entity/Q2983893,"('41.028888888889', '28.951944444444')"
284,,40.959,28.8224,Yeşilköy,,S,orange,,,mahalle,,Point(28.8224 40.959),13.918,http://www.wikidata.org/entity/Q1010949,25.0,,https://de.wikipedia.org/wiki/Ye%C5%9Filk%C3%B6y,https://en.wikipedia.org/wiki/Ye%C5%9Filk%C3%B6y,http://www.wikidata.org/entity/Q17051044,"('40.959', '28.8224')"
286,,41.0517,29.0104,Yıldız Technical University,,S,orange,,,public university,,Point(29.0104 41.0517),5.812,http://www.wikidata.org/entity/Q1093258,25.0,,https://de.wikipedia.org/wiki/Technische_Universit%C3%A4t_Y%C4%B1ld%C4%B1z,https://en.wikipedia.org/wiki/Y%C4%B1ld%C4%B1z_Technical_University,http://www.wikidata.org/entity/Q875538,"('41.0517', '29.0104')"
289,,41.08181,29.01584,Levent,,S,orange,,,mahalle,,Point(29.01584 41.08181),9.032,http://www.wikidata.org/entity/Q48898,25.0,,https://de.wikipedia.org/wiki/Levent_(Istanbul),https://en.wikipedia.org/wiki/Levent,http://www.wikidata.org/entity/Q17051044,"('41.08181', '29.01584')"
291,,41.0025,28.97555556,Boukoleon Palace,,S,orange,,,palace,,Point(28.97555556 41.0025),0.432,http://www.wikidata.org/entity/Q1003322,24.0,,https://de.wikipedia.org/wiki/Bukoleon-Palast,https://en.wikipedia.org/wiki/Boukoleon_Palace,http://www.wikidata.org/entity/Q16560,"('41.0025', '28.97555556')"
292,,41.04941111,29.00993611,Yıldız Hamidi Mosque,,S,orange,,,tourist attraction,,Point(29.00993611 41.04941111),5.573,http://www.wikidata.org/entity/Q1573438,24.0,,https://de.wikipedia.org/wiki/Hamidiye-Moschee,https://en.wikipedia.org/wiki/Y%C4%B1ld%C4%B1z_Hamidiye_Mosque,http://www.wikidata.org/entity/Q570116,"('41.04941111', '29.00993611')"
296,,40.97297222,29.04352778,Council of Hieria,,S,orange,,,synod,,Point(29.04352778 40.97297222),6.785,http://www.wikidata.org/entity/Q519139,24.0,,https://de.wikipedia.org/wiki/Konzil_von_Hiereia,https://en.wikipedia.org/wiki/Council_of_Hieria,http://www.wikidata.org/entity/Q111161,"('40.97297222', '29.04352778')"
297,,40.98855,28.853931,Sinan Erdem Dome,,S,orange,,,architectural structure,,Point(28.853931 40.98855),10.423,http://www.wikidata.org/entity/Q1140926,24.0,,https://de.wikipedia.org/wiki/Sinan_Erdem_Dome,https://en.wikipedia.org/wiki/Sinan_Erdem_Dome,http://www.wikidata.org/entity/Q811979,"('40.98855', '28.853931')"
298,,41.01538056,28.944,Fenari Isa Mosque,,S,orange,,,church building,,Point(28.944 41.01538056),2.855,http://www.wikidata.org/entity/Q2424612,24.0,,https://de.wikipedia.org/wiki/Fen%C3%A2r%C3%AE-%C3%8Es%C3%A2-Moschee,https://en.wikipedia.org/wiki/Fenari_Isa_Mosque,http://www.wikidata.org/entity/Q16970,"('41.01538056', '28.944')"
300,,41.024787,29.015107,Yeni Üsküdar Mosque,,S,orange,,,architectural structure,,Point(29.015107 41.024787),3.876,http://www.wikidata.org/entity/Q2334567,24.0,,https://de.wikipedia.org/wiki/Yeni-Valide-Moschee,https://en.wikipedia.org/wiki/Yeni_Valide_Mosque,http://www.wikidata.org/entity/Q811979,"('41.024787', '29.015107')"
303,,41.014966928207,28.976456571173,Sirkeci railway station,,S,orange,,,interchange station,,Point(28.976456571 41.014966928),0.956,http://www.wikidata.org/entity/Q800974,24.0,,https://de.wikipedia.org/wiki/Bahnhof_Istanbul_Sirkeci,https://en.wikipedia.org/wiki/Sirkeci_railway_station,http://www.wikidata.org/entity/Q1147171,"('41.014966928207', '28.976456571173')"
310,,41.0137863,28.9835491,Kafes,,S,orange,,,palace,,Point(28.9835491 41.0137863),1.045,http://www.wikidata.org/entity/Q1721042,24.0,,https://de.wikipedia.org/wiki/Kafes,https://en.wikipedia.org/wiki/Kafes,http://www.wikidata.org/entity/Q16560,"('41.0137863', '28.9835491')"
311,,41.02444444,28.97083333,Arab Istanbul Mosque,,S,orange,,,mosque,,Point(28.97083333 41.02444444),2.052,http://www.wikidata.org/entity/Q642478,24.0,,https://de.wikipedia.org/wiki/Arap_Camii,https://en.wikipedia.org/wiki/Arap_Mosque,http://www.wikidata.org/entity/Q32815,"('41.02444444', '28.97083333')"
312,,41.0045,28.9612,Armenian Patriarchate of Constantinople,,S,orange,,,patriarchate,,Point(28.9612 41.0045),1.249,http://www.wikidata.org/entity/Q545383,24.0,,https://de.wikipedia.org/wiki/Patriarchat_von_Konstantinopel_der_Armenischen_Apostolischen_Kirche,https://en.wikipedia.org/wiki/Armenian_Patriarchate_of_Constantinople,http://www.wikidata.org/entity/Q1282276,"('41.0045', '28.9612')"
314,,41.015,29.03,Battle of Chrysopolis,,S,orange,,,battle,,Point(29.03 41.015),4.642,http://www.wikidata.org/entity/Q1264908,24.0,,https://de.wikipedia.org/wiki/Schlacht_von_Chrysopolis,https://en.wikipedia.org/wiki/Battle_of_Chrysopolis,http://www.wikidata.org/entity/Q178561,"('41.015', '29.03')"
315,,41.110039,29.038413,Borsa Istanbul,,S,orange,,,stock exchange,,Point(29.038413 41.110039),12.662,http://www.wikidata.org/entity/Q1407995,24.0,,https://de.wikipedia.org/wiki/Borsa_Istanbul,https://en.wikipedia.org/wiki/Borsa_Istanbul,http://www.wikidata.org/entity/Q11691,"('41.110039', '29.038413')"
316,,41.038333333333,28.986944444444,Gezi Park,,S,orange,,,urban park,,Point(28.986944444 41.038333333),3.672,http://www.wikidata.org/entity/Q6048634,24.0,,https://de.wikipedia.org/wiki/Gezi-Park,https://en.wikipedia.org/wiki/Gezi_Park,http://www.wikidata.org/entity/Q22746,"('41.038333333333', '28.986944444444')"
317,,41.0320032,28.9482931,Balat,,S,orange,,,neighborhood,,Point(28.9482931 41.0320032),3.67,http://www.wikidata.org/entity/Q48796,24.0,,https://de.wikipedia.org/wiki/Balat_(Istanbul),"https://en.wikipedia.org/wiki/Balat,_Fatih",http://www.wikidata.org/entity/Q123705,"('41.0320032', '28.9482931')"
319,,41.026,28.982944,İstanbul Modern,,S,orange,,,art museum,,Point(28.982944 41.026),2.261,http://www.wikidata.org/entity/Q1463961,23.0,,https://de.wikipedia.org/wiki/%C4%B0stanbul_Modern,https://en.wikipedia.org/wiki/Istanbul_Modern,http://www.wikidata.org/entity/Q207694,"('41.026', '28.982944')"
321,,41.033889,28.940278,Palace of the Porphyrogenitus,,S,orange,,,architectural structure,,Point(28.940278 41.033889),4.274,http://www.wikidata.org/entity/Q1472490,23.0,,https://de.wikipedia.org/wiki/Porphyrogennetos-Palast,https://en.wikipedia.org/wiki/Palace_of_the_Porphyrogenitus,http://www.wikidata.org/entity/Q811979,"('41.033889', '28.940278')"
323,,41.01,29.1503,Battle of Pelekanon,,S,orange,,,battle,,Point(29.1503 41.01),14.641,http://www.wikidata.org/entity/Q964226,23.0,,https://de.wikipedia.org/wiki/Schlacht_von_Pelekanon,https://en.wikipedia.org/wiki/Battle_of_Pelekanon,http://www.wikidata.org/entity/Q178561,"('41.01', '29.1503')"
324,,41.0075,28.974444444444,Cistern of Philoxenos,,S,orange,,,ancient Roman cistern,,Point(28.974444444 41.0075),0.173,http://www.wikidata.org/entity/Q2728644,23.0,,https://de.wikipedia.org/wiki/Philoxenos-Zisterne,https://en.wikipedia.org/wiki/Cistern_of_Philoxenos,http://www.wikidata.org/entity/Q93429857,"('41.0075', '28.974444444444')"
325,,41.02166667,28.955,Eski Imaret Mosque,,S,orange,,,architectural structure,,Point(28.955 41.02166667),2.44,http://www.wikidata.org/entity/Q2410449,23.0,,https://de.wikipedia.org/wiki/Eski-%C4%B0maret-Moschee,https://en.wikipedia.org/wiki/Eski_Imaret_Mosque,http://www.wikidata.org/entity/Q811979,"('41.02166667', '28.955')"
328,,41.00847,28.97993,Historic Areas of Istanbul,,S,orange,,,urban area,,Point(28.97993 41.00847),0.412,http://www.wikidata.org/entity/Q5773394,23.0,,https://de.wikipedia.org/wiki/Historische_Bereiche_von_Istanbul,https://en.wikipedia.org/wiki/Historic_Areas_of_Istanbul,http://www.wikidata.org/entity/Q702492,"('41.00847', '28.97993')"
330,,41.02046944,29.11950278,Ergenekon,,S,orange,,,terrorist organization,,Point(29.11950278 41.02046944),12.152,http://www.wikidata.org/entity/Q388577,23.0,,https://de.wikipedia.org/wiki/Ergenekon-Prozess,https://en.wikipedia.org/wiki/Ergenekon_(organization),http://www.wikidata.org/entity/Q17127659,"('41.02046944', '29.11950278')"
331,,41.02682452179,28.956179985075,Gül Mosque,,S,orange,,,church building,,Point(28.956179985 41.026824521),2.81,http://www.wikidata.org/entity/Q2334536,23.0,,https://de.wikipedia.org/wiki/G%C3%BCl-Moschee,https://en.wikipedia.org/wiki/G%C3%BCl_Mosque,http://www.wikidata.org/entity/Q16970,"('41.02682452179', '28.956179985075')"
333,,41.042343,29.006245,Sinan Pasha Mosque,,S,orange,,,architectural structure,,Point(29.006245 41.042343),4.741,http://www.wikidata.org/entity/Q1572395,23.0,,https://de.wikipedia.org/wiki/Sinan-Pascha-Moschee_(Istanbul),https://en.wikipedia.org/wiki/Sinan_Pasha_Mosque_(Istanbul),http://www.wikidata.org/entity/Q811979,"('41.042343', '29.006245')"
338,,41.032317,28.977234,Church of St. Anthony of Padua,,S,orange,,,church building,,Point(28.977234 41.032317),2.886,http://www.wikidata.org/entity/Q810122,23.0,,https://de.wikipedia.org/wiki/Basilika_St._Antonius_(Istanbul),"https://en.wikipedia.org/wiki/Church_of_St._Anthony_of_Padua,_Istanbul",http://www.wikidata.org/entity/Q16970,"('41.032317', '28.977234')"
339,,41.013132,28.960304,Kalenderhane Mosque,,S,orange,,,mosque,,Point(28.960304 41.013132),1.506,http://www.wikidata.org/entity/Q1758501,23.0,,https://de.wikipedia.org/wiki/Kalenderhane-Moschee,https://en.wikipedia.org/wiki/Kalenderhane_Mosque,http://www.wikidata.org/entity/Q32815,"('41.013132', '28.960304')"
356,,41.031805555556,28.975194444444,Pera Museum,,S,orange,,,art museum,,Point(28.975194444 41.031805555),2.828,http://www.wikidata.org/entity/Q1662392,22.0,,https://de.wikipedia.org/wiki/Pera-Museum,https://en.wikipedia.org/wiki/Pera_Museum,http://www.wikidata.org/entity/Q207694,"('41.031805555556', '28.975194444444')"
358,,41.026792,29.01598,Mihrimah Üsküdar Mosque,,S,orange,,,külliye,,Point(29.01598 41.026792),4.059,http://www.wikidata.org/entity/Q2537376,22.0,,https://de.wikipedia.org/wiki/Mihrimah-Sultan-Moschee_(%C3%9Csk%C3%BCdar),"https://en.wikipedia.org/wiki/Mihrimah_Sultan_Mosque,_%C3%9Csk%C3%BCdar",http://www.wikidata.org/entity/Q71974,"('41.026792', '29.01598')"
363,,41.0339,28.9403,Palace of Blachernae,,S,orange,,,palace,,Point(28.9403 41.0339),4.274,http://www.wikidata.org/entity/Q879941,22.0,,https://de.wikipedia.org/wiki/Blachernen-Palast,https://en.wikipedia.org/wiki/Palace_of_Blachernae,http://www.wikidata.org/entity/Q16560,"('41.0339', '28.9403')"
364,,41.02424,28.96531,Atatürk Bridge,,S,orange,,,highway bridge,,Point(28.96531 41.02424),2.174,http://www.wikidata.org/entity/Q4812886,22.0,,https://de.wikipedia.org/wiki/Atat%C3%BCrk-Br%C3%BCcke,https://en.wikipedia.org/wiki/Atat%C3%BCrk_Bridge,http://www.wikidata.org/entity/Q43514341,"('41.02424', '28.96531')"
365,,41.01666667,28.97694444,Reconquest of Constantinople,,S,orange,,,battle,,Point(28.97694444 41.01666667),1.147,http://www.wikidata.org/entity/Q1400402,22.0,,https://de.wikipedia.org/wiki/R%C3%BCckeroberung_von_Konstantinopel_1261,https://en.wikipedia.org/wiki/Reconquest_of_Constantinople,http://www.wikidata.org/entity/Q178561,"('41.01666667', '28.97694444')"
366,,41.0034,28.9286,Koça Mustafa Pasha Mosque,,S,orange,,,külliye,,Point(28.9286 41.0034),3.98,http://www.wikidata.org/entity/Q608787,22.0,,https://de.wikipedia.org/wiki/Koca-Mustafa-Pascha-Moschee,https://en.wikipedia.org/wiki/Koca_Mustafa_Pasha_Mosque,http://www.wikidata.org/entity/Q71974,"('41.0034', '28.9286')"
370,,41.035,28.981111111111,2016 March Istanbul bombing,,S,orange,,,suicide bombing,,Point(28.981111111 41.035),3.212,http://www.wikidata.org/entity/Q23288674,22.0,,https://de.wikipedia.org/wiki/Bombenanschlag_in_Istanbul_am_19._M%C3%A4rz_2016,https://en.wikipedia.org/wiki/March_2016_Istanbul_bombing,http://www.wikidata.org/entity/Q18493502,"('41.035', '28.981111111111')"
371,,41.033944444444,28.977916666667,Çiçek Pasajı,,S,orange,,,commercial gallery,,Point(28.977916666 41.033944444),3.07,http://www.wikidata.org/entity/Q595289,22.0,,,https://en.wikipedia.org/wiki/%C3%87i%C3%A7ek_Pasaj%C4%B1,http://www.wikidata.org/entity/Q597052,"('41.033944444444', '28.977916666667')"
372,,41.0054,28.9748,Walled Obelisk,,S,orange,,,monument,,Point(28.9748 41.0054),0.141,http://www.wikidata.org/entity/Q742474,22.0,,,https://en.wikipedia.org/wiki/Walled_Obelisk,http://www.wikidata.org/entity/Q4989906,"('41.0054', '28.9748')"
373,,41.022777777778,28.975,Karaköy,,S,orange,,,quarter,,Point(28.975 41.022777777),1.825,http://www.wikidata.org/entity/Q2706262,22.0,,,https://en.wikipedia.org/wiki/Karak%C3%B6y,http://www.wikidata.org/entity/Q2983893,"('41.022777777778', '28.975')"
374,,41.004177,28.95042,Aksaray,,S,orange,,,mahalle,,Point(28.95042 41.004177),2.15,http://www.wikidata.org/entity/Q123751,21.0,,https://de.wikipedia.org/wiki/Aksaray_(Istanbul),"https://en.wikipedia.org/wiki/Aksaray,_Fatih",http://www.wikidata.org/entity/Q17051044,"('41.004177', '28.95042')"
375,,40.993056,29.104444,Ülker Sports and Event Hall,,S,orange,,,sports venue,,Point(29.104444 40.993056),10.891,http://www.wikidata.org/entity/Q334778,21.0,,https://de.wikipedia.org/wiki/%C3%9Clker_Spor_ve_Etkinlik_Salonu,https://en.wikipedia.org/wiki/%C3%9Clker_Sports_and_Event_Hall,http://www.wikidata.org/entity/Q1076486,"('40.993056', '29.104444')"
376,,41.02785556,28.94578889,Hirami Ahmed Pasha Mosque,,S,orange,,,church building,,Point(28.94578889 41.02785556),3.474,http://www.wikidata.org/entity/Q1572506,21.0,,https://de.wikipedia.org/wiki/H%C4%B1rami-Ahmet-Pascha-Moschee,https://en.wikipedia.org/wiki/Hirami_Ahmet_Pasha_Mosque,http://www.wikidata.org/entity/Q16970,"('41.02785556', '28.94578889')"
378,,41.008043,28.978066,The Stone of Million,,S,orange,,,ruins,,Point(28.978066 41.008043),0.261,http://www.wikidata.org/entity/Q1187329,21.0,,https://de.wikipedia.org/wiki/Milion,https://en.wikipedia.org/wiki/Milion,http://www.wikidata.org/entity/Q109607,"('41.008043', '28.978066')"
382,,41.009,28.971,Forum of Constantine,,S,orange,,,forum,,Point(28.971 41.009),0.502,http://www.wikidata.org/entity/Q1231380,21.0,,https://de.wikipedia.org/wiki/Konstantinsforum,https://en.wikipedia.org/wiki/Forum_of_Constantine,http://www.wikidata.org/entity/Q1062780,"('41.009', '28.971')"
384,,41.0383,28.9425,Church of St. Mary of Blachernae,,S,orange,,,holy well,,Point(28.9425 41.0383),4.52,http://www.wikidata.org/entity/Q1069807,21.0,,https://de.wikipedia.org/wiki/Blachernen-Kirche,https://en.wikipedia.org/wiki/Church_of_St._Mary_of_Blachernae,http://www.wikidata.org/entity/Q1371047,"('41.0383', '28.9425')"
387,,41.06,28.948611111111,Miniatürk,,S,orange,,,tourist attraction,,Point(28.948611111 41.06),6.385,http://www.wikidata.org/entity/Q1085952,21.0,,https://de.wikipedia.org/wiki/Miniat%C3%BCrk,https://en.wikipedia.org/wiki/Miniat%C3%BCrk,http://www.wikidata.org/entity/Q570116,"('41.06', '28.948611111111')"
396,,41.007876,28.977829,Sultan Ahmet,,S,orange,,,neighborhood,,Point(28.977829 41.007876),0.234,http://www.wikidata.org/entity/Q2147870,21.0,,,"https://en.wikipedia.org/wiki/Sultanahmet,_Fatih",http://www.wikidata.org/entity/Q123705,"('41.007876', '28.977829')"
398,,41.080904,29.043903,Bebek,,S,orange,,,mahalle,,Point(29.043903 41.080904),10.06,http://www.wikidata.org/entity/Q813531,20.0,,https://de.wikipedia.org/wiki/Bebek,"https://en.wikipedia.org/wiki/Bebek,_Be%C5%9Fikta%C5%9F",http://www.wikidata.org/entity/Q17051044,"('41.080904', '29.043903')"
399,,41.044777777778,28.935822222222,Zal Mahmud Pasha Mosque,,S,orange,,,architectural structure,,Point(28.935822222 41.044777777),5.433,http://www.wikidata.org/entity/Q1572457,20.0,,https://de.wikipedia.org/wiki/Zal-Mahmud-Pascha-Moschee,https://en.wikipedia.org/wiki/Zal_Mahmud_Pasha_Mosque,http://www.wikidata.org/entity/Q811979,"('41.044777777778', '28.935822222222')"
403,,41.0309944,28.9735947,Pera Palace Hotel,,S,orange,,,hotel,,Point(28.9735947 41.0309944),2.743,http://www.wikidata.org/entity/Q924603,20.0,,https://de.wikipedia.org/wiki/Pera_Palas,https://en.wikipedia.org/wiki/Pera_Palace_Hotel,http://www.wikidata.org/entity/Q27686,"('41.0309944', '28.9735947')"
404,,41.00275,28.93466667,Sancaktar Hayrettin Mosque,,S,orange,,,church building,,Point(28.93466667 41.00275),3.481,http://www.wikidata.org/entity/Q514563,20.0,,https://de.wikipedia.org/wiki/Sancaktar-Hayrettin-Moschee,https://en.wikipedia.org/wiki/Sancaktar_Hayrettin_Mosque,http://www.wikidata.org/entity/Q16970,"('41.00275', '28.93466667')"
406,,41.036944,28.985,Republic Monument,,S,orange,,,monument,,Point(28.985 41.036944),3.483,http://www.wikidata.org/entity/Q1143790,20.0,,https://de.wikipedia.org/wiki/Cumhuriyet_An%C4%B1t%C4%B1,https://en.wikipedia.org/wiki/Republic_Monument,http://www.wikidata.org/entity/Q4989906,"('41.036944', '28.985')"
407,,41.026694444444,28.972416666667,Neve Shalom Synagogue,,S,orange,,,synagogue,,Point(28.972416666 41.026694444),2.277,http://www.wikidata.org/entity/Q747244,20.0,,https://de.wikipedia.org/wiki/Neve-Schalom-Synagoge_(Istanbul),https://en.wikipedia.org/wiki/Neve_Shalom_Synagogue,http://www.wikidata.org/entity/Q34627,"('41.026694444444', '28.972416666667')"
410,,41.032777777778,28.972222222222,Recep Tayyip Erdoğan Stadium,,S,orange,,,association football venue,,Point(28.972222222 41.032777777),2.951,http://www.wikidata.org/entity/Q1770357,20.0,,https://de.wikipedia.org/wiki/Recep_Tayyip_Erdo%C4%9Fan_Stad%C4%B1,https://en.wikipedia.org/wiki/Recep_Tayyip_Erdo%C4%9Fan_Stadium,http://www.wikidata.org/entity/Q1154710,"('41.032777777778', '28.972222222222')"
413,,41.1104,29.0199,Maslak,,S,orange,,,mahalle,,Point(29.0199 41.1104),12.141,http://www.wikidata.org/entity/Q1050148,20.0,,,https://en.wikipedia.org/wiki/Maslak,http://www.wikidata.org/entity/Q17051044,"('41.1104', '29.0199')"
414,,41.068056,29.043056,Arnavutköy,,S,orange,,,mahalle,,Point(29.043056 41.068056),8.876,http://www.wikidata.org/entity/Q1095321,20.0,,,https://en.wikipedia.org/wiki/Arnavutk%C3%B6y,http://www.wikidata.org/entity/Q17051044,"('41.068056', '29.043056')"
415,,41.032778,28.978611,Galatasaray High School,,A,green,,,secondary school,,Point(28.978611 41.032778),2.944,http://www.wikidata.org/entity/Q1007545,19.0,,https://de.wikipedia.org/wiki/Galatasaray_Lisesi,https://en.wikipedia.org/wiki/Galatasaray_High_School,http://www.wikidata.org/entity/Q159334,"('41.032778', '28.978611')"
418,,41.007916666667,28.978638888889,Column of Justinian,,A,green,,,equestrian statue,,Point(28.978638888 41.007916666),0.288,http://www.wikidata.org/entity/Q1231440,19.0,,https://de.wikipedia.org/wiki/Justinian-S%C3%A4ule,https://en.wikipedia.org/wiki/Column_of_Justinian,http://www.wikidata.org/entity/Q659396,"('41.007916666667', '28.978638888889')"
420,,41.0447,28.9857,Cathedral of the Holy Spirit,,A,green,,,minor basilica,,Point(28.9857 41.0447),4.34,http://www.wikidata.org/entity/Q79154,19.0,,https://de.wikipedia.org/wiki/Kathedrale_des_Heiligen_Geistes_(Istanbul),https://en.wikipedia.org/wiki/Cathedral_of_the_Holy_Spirit,http://www.wikidata.org/entity/Q120560,"('41.0447', '28.9857')"
423,,41.0131,29.0244,Şakirin Mosque,,A,green,,,mosque,,Point(29.0244 41.0131),4.14,http://www.wikidata.org/entity/Q2705343,19.0,,https://de.wikipedia.org/wiki/%C5%9Eakirin-Moschee,https://en.wikipedia.org/wiki/%C5%9Eakirin_Mosque,http://www.wikidata.org/entity/Q32815,"('41.0131', '29.0244')"
424,,41.00725,28.9726,Theodosius Cistern,,A,green,,,ancient Roman cistern,,Point(28.9726 41.00725),0.291,http://www.wikidata.org/entity/Q3150393,19.0,,https://de.wikipedia.org/wiki/Theodosius-Zisterne,https://en.wikipedia.org/wiki/Theodosius_Cistern,http://www.wikidata.org/entity/Q93429857,"('41.00725', '28.9726')"
425,,41.07833333,29.06472222,Küçüksu Palace,,A,green,,,building,,Point(29.06472222 41.07833333),10.933,http://www.wikidata.org/entity/Q1755906,19.0,,https://de.wikipedia.org/wiki/K%C3%BC%C3%A7%C3%BCksu-Palast,https://en.wikipedia.org/wiki/K%C3%BC%C3%A7%C3%BCksu_Pavilion,http://www.wikidata.org/entity/Q41176,"('41.07833333', '29.06472222')"
426,,41.02732778,28.98316111,Nusretiye Mosque,,A,green,,,architectural structure,,Point(28.98316111 41.02732778),2.408,http://www.wikidata.org/entity/Q614237,19.0,,,https://en.wikipedia.org/wiki/Nusretiye_Mosque,http://www.wikidata.org/entity/Q811979,"('41.02732778', '28.98316111')"
429,,41.0078,28.9431,Column of Arcadius,,A,green,,,victory column,,Point(28.9431 41.0078),2.754,http://www.wikidata.org/entity/Q776353,19.0,,,https://en.wikipedia.org/wiki/Column_of_Arcadius,http://www.wikidata.org/entity/Q1930585,"('41.0078', '28.9431')"
430,,41.009694444444,28.979,Zeynep Sultan Mosque,,A,green,,,architectural structure,,Point(28.979 41.009694444),0.452,http://www.wikidata.org/entity/Q1153320,19.0,,,https://en.wikipedia.org/wiki/Zeynep_Sultan_Mosque,http://www.wikidata.org/entity/Q811979,"('41.009694444444', '28.979')"
433,,40.875638888889,28.971722222222,Sivriada,,A,green,,,island,,Point(28.971722222 40.875638888),14.541,http://www.wikidata.org/entity/Q1972153,18.0,,https://de.wikipedia.org/wiki/Sivriada,https://en.wikipedia.org/wiki/Sivriada,http://www.wikidata.org/entity/Q23442,"('40.875638888889', '28.971722222222')"
434,,41.012763888889,28.964861111111,Beyazıt Tower,,A,green,,,tourist attraction,,Point(28.964861111 41.012763888),1.165,http://www.wikidata.org/entity/Q853029,18.0,,https://de.wikipedia.org/wiki/Beyaz%C4%B1t-Turm,https://en.wikipedia.org/wiki/Beyaz%C4%B1t_Tower,http://www.wikidata.org/entity/Q570116,"('41.012763888889', '28.964861111111')"
436,,41.0162818,28.96030388,Molla Gürani Mosque,,A,green,,,church building,,Point(28.96030388 41.0162818),1.708,http://www.wikidata.org/entity/Q246275,18.0,,https://de.wikipedia.org/wiki/Kirchenmoschee_(Vefa),https://en.wikipedia.org/wiki/Church-Mosque_of_Vefa,http://www.wikidata.org/entity/Q16970,"('41.0162818', '28.96030388')"
438,,41.051666666667,28.991388888889,Nişantaşı,,A,green,,,tourist attraction,,Point(28.991388888 41.051666666),5.201,http://www.wikidata.org/entity/Q251601,18.0,,https://de.wikipedia.org/wiki/Ni%C5%9Fanta%C5%9F%C4%B1,https://en.wikipedia.org/wiki/Ni%C5%9Fanta%C5%9F%C4%B1,http://www.wikidata.org/entity/Q570116,"('41.051666666667', '28.991388888889')"
439,,41.06545,28.998967,Ali Sami Yen Stadium,,A,green,,,association football venue,,Point(28.998967 41.06545),6.848,http://www.wikidata.org/entity/Q1070800,18.0,,https://de.wikipedia.org/wiki/Ali_Sami_Yen_Stadyumu,https://en.wikipedia.org/wiki/Ali_Sami_Yen_Stadium,http://www.wikidata.org/entity/Q1154710,"('41.06545', '28.998967')"
441,,41.04833333,29.01555556,Yıldız Park,,A,green,,,tourist attraction,,Point(29.01555556 41.04833333),5.731,http://www.wikidata.org/entity/Q1818005,18.0,,https://de.wikipedia.org/wiki/Y%C4%B1ld%C4%B1z-Park,https://en.wikipedia.org/wiki/Y%C4%B1ld%C4%B1z_Park,http://www.wikidata.org/entity/Q570116,"('41.04833333', '29.01555556')"
443,,41.03666667,28.98777778,Atatürk Cultural Center,,A,green,,,cultural center,,Point(28.98777778 41.03666667),3.512,http://www.wikidata.org/entity/Q551685,18.0,,https://de.wikipedia.org/wiki/Atat%C3%BCrk-Kulturzentrum_(Istanbul),https://en.wikipedia.org/wiki/Atat%C3%BCrk_Cultural_Center,http://www.wikidata.org/entity/Q1329623,"('41.03666667', '28.98777778')"
444,,40.9969,28.9194,2009 European Short Course Swimming Championships,,A,green,,,sports season,,Point(28.9194 40.9969),4.855,http://www.wikidata.org/entity/Q581465,18.0,,https://de.wikipedia.org/wiki/Kurzbahneuropameisterschaften_2009,https://en.wikipedia.org/wiki/2009_European_Short_Course_Swimming_Championships,http://www.wikidata.org/entity/Q27020041,"('40.9969', '28.9194')"
445,,41.0086,28.9418,Haseki Sultan Mosque,,A,green,,,külliye,,Point(28.9418 41.0086),2.869,http://www.wikidata.org/entity/Q19363506,18.0,,https://de.wikipedia.org/wiki/Haseki-Sultan-Komplex,https://en.wikipedia.org/wiki/Haseki_Sultan_Complex,http://www.wikidata.org/entity/Q71974,"('41.0086', '28.9418')"
446,,41.00872,28.97055,Gazi Atik Ali Pasha Mosque,,A,green,,,architectural structure,,Point(28.97055 41.00872),0.517,http://www.wikidata.org/entity/Q1572481,18.0,,,https://en.wikipedia.org/wiki/Gazi_Atik_Ali_Pasha_Mosque,http://www.wikidata.org/entity/Q811979,"('41.00872', '28.97055')"
449,,41.007708,28.97629,Firuz Ağa Mosque,,A,green,,,mosque,,Point(28.97629 41.007708),0.152,http://www.wikidata.org/entity/Q2565317,18.0,,,https://en.wikipedia.org/wiki/Firuz_Agha_Mosque,http://www.wikidata.org/entity/Q32815,"('41.007708', '28.97629')"
450,,41.03,28.9892,Mimar Sinan Fine Arts University,,A,green,,,art academy,,Point(28.9892 41.03),2.854,http://www.wikidata.org/entity/Q1936057,17.0,,https://de.wikipedia.org/wiki/Mimar_Sinan_%C3%9Cniversitesi,https://en.wikipedia.org/wiki/Mimar_Sinan_Fine_Arts_University,http://www.wikidata.org/entity/Q383092,"('41.03', '28.9892')"
452,,41.04555556,29.02027778,Feriye Palace,,A,green,,,architectural structure,,Point(29.02027778 41.04555556),5.731,http://www.wikidata.org/entity/Q3663028,17.0,,https://de.wikipedia.org/wiki/Feriye-Palast,https://en.wikipedia.org/wiki/Feriye_Palace,http://www.wikidata.org/entity/Q811979,"('41.04555556', '29.02027778')"
453,,41.02390833,28.97372222,Bankalar Caddesi,,A,green,,,street,,Point(28.97372222 41.02390833),1.957,http://www.wikidata.org/entity/Q806711,17.0,,https://de.wikipedia.org/wiki/Bankalar_Caddesi,https://en.wikipedia.org/wiki/Bankalar_Caddesi,http://www.wikidata.org/entity/Q79007,"('41.02390833', '28.97372222')"
454,,41.033888888889,28.940277777778,Blachernae,,A,green,,,human settlement,,Point(28.940277777 41.033888888),4.274,http://www.wikidata.org/entity/Q1749015,17.0,,https://de.wikipedia.org/wiki/Blachernai,https://en.wikipedia.org/wiki/Blachernae,http://www.wikidata.org/entity/Q486972,"('41.033888888889', '28.940277777778')"
456,,41.003638888889,28.9775,Nea Ekklesia,,A,green,,,destroyed building or structure,,Point(28.9775 41.003638888),0.334,http://www.wikidata.org/entity/Q3119702,17.0,,https://de.wikipedia.org/wiki/Nea_Ekkl%C4%93sia,https://en.wikipedia.org/wiki/Nea_Ekklesia,http://www.wikidata.org/entity/Q19860854,"('41.003638888889', '28.9775')"
459,,41.037,28.984111111111,Taksim Mosque,,A,green,,,mosque,,Point(28.984111111 41.037),3.474,http://www.wikidata.org/entity/Q31190329,17.0,,https://de.wikipedia.org/wiki/Taksim-Moschee,https://en.wikipedia.org/wiki/Taksim_Mosque,http://www.wikidata.org/entity/Q32815,"('41.037', '28.984111111111')"
460,,41.012447,28.958723,June 2016 Istanbul bombing,,A,green,,,suicide bombing,,Point(28.958723 41.012447),1.589,http://www.wikidata.org/entity/Q24391822,17.0,,https://de.wikipedia.org/wiki/Bombenanschlag_in_Istanbul_am_7._Juni_2016,https://en.wikipedia.org/wiki/June_2016_Istanbul_bombing,http://www.wikidata.org/entity/Q18493502,"('41.012447', '28.958723')"
461,,41.004242,28.964708,Kumkapı,,A,green,,,quarter,,Point(28.964708 41.004242),0.966,http://www.wikidata.org/entity/Q2152551,17.0,,,https://en.wikipedia.org/wiki/Kumkap%C4%B1,http://www.wikidata.org/entity/Q2983893,"('41.004242', '28.964708')"
462,,41.0452,29.0191,Galatasaray University,,A,green,,,public university,,Point(29.0191 41.0452),5.637,http://www.wikidata.org/entity/Q1491731,16.0,,https://de.wikipedia.org/wiki/Galatasaray_%C3%9Cniversitesi,https://en.wikipedia.org/wiki/Galatasaray_University,http://www.wikidata.org/entity/Q875538,"('41.0452', '29.0191')"
464,,41.029722222222,28.948888888889,Church of St. Mary of the Mongols,,A,green,,,Eastern Orthodox church building,,Point(28.948888888 41.029722222),3.444,http://www.wikidata.org/entity/Q1950180,16.0,,https://de.wikipedia.org/wiki/Theotokos_Mouchliotissa,https://en.wikipedia.org/wiki/Church_of_Saint_Mary_of_the_Mongols,http://www.wikidata.org/entity/Q2031836,"('41.029722222222', '28.948888888889')"
465,,41.031805555556,28.949694444444,Bulgarian St. Stephen Church,,A,green,,,architectural structure,,Point(28.949694444 41.031805555),3.58,http://www.wikidata.org/entity/Q2094950,16.0,,https://de.wikipedia.org/wiki/St._Stefan_(Istanbul),https://en.wikipedia.org/wiki/Bulgarian_St._Stephen_Church,http://www.wikidata.org/entity/Q811979,"('41.031805555556', '28.949694444444')"
468,,41.099116,29.053704,Sakıp Sabancı Museum,,A,green,,,art museum,,Point(29.053704 41.099116),12.203,http://www.wikidata.org/entity/Q3395851,16.0,,https://de.wikipedia.org/wiki/Sak%C4%B1p_Sabanc%C4%B1_M%C3%BCzesi,https://en.wikipedia.org/wiki/Sak%C4%B1p_Sabanc%C4%B1_Museum,http://www.wikidata.org/entity/Q207694,"('41.099116', '29.053704')"
472,,41.025944444444,29.011369444444,Şemsi Pasha Mosque,,A,green,,,architectural structure,,Point(29.011369444 41.025944444),3.688,http://www.wikidata.org/entity/Q1572431,16.0,,https://de.wikipedia.org/wiki/%C5%9Eemsi-Pascha-Moschee,https://en.wikipedia.org/wiki/%C5%9Eemsi_Pasha_Mosque,http://www.wikidata.org/entity/Q811979,"('41.025944444444', '29.011369444444')"
476,,41.0155,28.9502,Column of Marcian,,A,green,,,architectural structure,,Point(28.9502 41.0155),2.381,http://www.wikidata.org/entity/Q285236,16.0,,https://de.wikipedia.org/wiki/Markian-S%C3%A4ule,https://en.wikipedia.org/wiki/Column_of_Marcian,http://www.wikidata.org/entity/Q811979,"('41.0155', '28.9502')"
479,,41.008,28.979,Augustaion,,A,green,,,square,,Point(28.979 41.008),0.318,http://www.wikidata.org/entity/Q1187380,16.0,,https://de.wikipedia.org/wiki/Augustaion,https://en.wikipedia.org/wiki/Augustaion,http://www.wikidata.org/entity/Q174782,"('41.008', '28.979')"
480,,41.0189416667,29.0236444444,Atik Valide Mosque,,A,green,,,architectural structure,,Point(29.023644444 41.018941666),4.244,http://www.wikidata.org/entity/Q2483550,16.0,,https://de.wikipedia.org/wiki/Atik-Valide-Moschee,https://en.wikipedia.org/wiki/Atik_Valide_Mosque,http://www.wikidata.org/entity/Q811979,"('41.0189416667', '29.0236444444')"
484,,41.0267555,28.9727457,Jewish Museum of Turkey,,A,green,,,Jewish museum,,Point(28.9727457 41.0267555),2.281,http://www.wikidata.org/entity/Q1059699,16.0,,https://de.wikipedia.org/wiki/J%C3%BCdisches_Museum_der_T%C3%BCrkei,https://en.wikipedia.org/wiki/Jewish_Museum_of_Turkey,http://www.wikidata.org/entity/Q1307560,"('41.0267555', '28.9727457')"
488,,41.029206,28.949363,Phanar Greek Orthodox College,,A,green,,,architectural structure,,Point(28.949363 41.029206),3.374,http://www.wikidata.org/entity/Q3555000,16.0,,https://de.wikipedia.org/wiki/Griechisches_Gymnasium_Fener,https://en.wikipedia.org/wiki/Phanar_Greek_Orthodox_College,http://www.wikidata.org/entity/Q811979,"('41.029206', '28.949363')"
491,,41.0386,28.944,Atik Mustafa Pasha Mosque,,A,green,,,church building,,Point(28.944 41.0386),4.47,http://www.wikidata.org/entity/Q2706762,16.0,,https://de.wikipedia.org/wiki/Atik-Mustafa-Pascha-Moschee,https://en.wikipedia.org/wiki/Atik_Mustafa_Pasha_Mosque,http://www.wikidata.org/entity/Q16970,"('41.0386', '28.944')"
493,,41.01203,28.981198,Tiled Kiosk,,A,green,,,pavilion,,Point(28.981198 41.01203),0.771,http://www.wikidata.org/entity/Q3294735,16.0,,https://de.wikipedia.org/wiki/%C3%87inili_K%C3%B6%C5%9Fk,https://en.wikipedia.org/wiki/Tiled_Kiosk,http://www.wikidata.org/entity/Q276173,"('41.01203', '28.981198')"
495,,41.00972222,28.96361111,Forum of Theodosius,,A,green,,,forum,,Point(28.96361111 41.00972222),1.094,http://www.wikidata.org/entity/Q1247291,16.0,,https://de.wikipedia.org/wiki/Theodosius-Forum,https://en.wikipedia.org/wiki/Forum_of_Theodosius,http://www.wikidata.org/entity/Q1062780,"('41.00972222', '28.96361111')"
497,,41.067,29.034833333333,Robert College,,A,green,,,boarding school,,Point(29.034833333 41.067),8.36,http://www.wikidata.org/entity/Q1342484,16.0,,https://de.wikipedia.org/wiki/Robert_College,https://en.wikipedia.org/wiki/Robert_College,http://www.wikidata.org/entity/Q269770,"('41.067', '29.034833333333')"
500,,41.02944444,28.94166667,Kefeli Mosque,,A,green,,,mosque,,Point(28.94166667 41.02944444),3.848,http://www.wikidata.org/entity/Q2565343,16.0,,https://de.wikipedia.org/wiki/Kefeli-Moschee,https://en.wikipedia.org/wiki/Kefeli_Mosque,http://www.wikidata.org/entity/Q32815,"('41.02944444', '28.94166667')"
501,,41.0035,28.8937,M1,,A,green,,,airport rail link,,Point(28.8937 41.0035),6.902,http://www.wikidata.org/entity/Q6048705,16.0,,https://de.wikipedia.org/wiki/M1_(Metro_Istanbul),https://en.wikipedia.org/wiki/M1_(Istanbul_Metro),http://www.wikidata.org/entity/Q1192191,"('41.0035', '28.8937')"
503,,41.0087,28.9791,Runic inscriptions in Hagia Sophia,,A,green,,,runic inscription,,Point(28.9791 41.0087),0.374,http://www.wikidata.org/entity/Q2656937,16.0,,,https://en.wikipedia.org/wiki/Runic_inscriptions_in_Hagia_Sophia,http://www.wikidata.org/entity/Q7379880,"('41.0087', '28.9791')"
504,,41.0321,28.9906,Molla Çelebi Mosque,,A,green,,,külliye,,Point(28.9906 41.0321),3.115,http://www.wikidata.org/entity/Q2719788,16.0,,,https://en.wikipedia.org/wiki/Molla_%C3%87elebi_Mosque,http://www.wikidata.org/entity/Q71974,"('41.0321', '28.9906')"
506,,41.008333,28.975,Siege of Constantinople,,A,green,,,siege,,Point(28.976018 41.01224),0.652,http://www.wikidata.org/entity/Q2742323,16.0,,,https://en.wikipedia.org/wiki/Siege_of_Constantinople_(1235%E2%80%931236),http://www.wikidata.org/entity/Q188055,"('41.008333', '28.975')"
510,,41.061388888889,28.987777777778,Şişli Mosque,,A,green,,,mosque,,Point(28.987777777 41.061388888),6.197,http://www.wikidata.org/entity/Q6061170,16.0,,,https://en.wikipedia.org/wiki/%C5%9Ei%C5%9Fli_Mosque,http://www.wikidata.org/entity/Q32815,"('41.061388888889', '28.987777777778')"
511,,40.974444444444,29.043611111111,Fenerbahçe,,A,green,,,Wikimedia disambiguation page,,Point(29.043611111 40.974444444),6.703,http://www.wikidata.org/entity/Q6603434,16.0,,https://de.wikipedia.org/wiki/Fenerbah%C3%A7e,https://en.wikipedia.org/wiki/Fenerbah%C3%A7e_(disambiguation),http://www.wikidata.org/entity/Q4167410,"('40.974444444444', '29.043611111111')"
512,,41.00638889,28.97583333,Haseki Hürrem Sultan Hamamı,,A,green,,,hammam,,Point(28.97583333 41.00638889),0.003,http://www.wikidata.org/entity/Q2712287,15.0,,https://de.wikipedia.org/wiki/Badehaus_der_Haseki_H%C3%BCrrem_Sultan,https://en.wikipedia.org/wiki/Hagia_Sophia_Hurrem_Sultan_Bathhouse,http://www.wikidata.org/entity/Q28077,"('41.00638889', '28.97583333')"
513,,41.00444444,28.97666667,Great Palace Mosaic Museum,,A,green,,,national museum,,Point(28.97666667 41.00444444),0.225,http://www.wikidata.org/entity/Q2719230,15.0,,https://de.wikipedia.org/wiki/Mosaikenmuseum_(Istanbul),https://en.wikipedia.org/wiki/Great_Palace_Mosaic_Museum,http://www.wikidata.org/entity/Q17431399,"('41.00444444', '28.97666667')"
515,,41.04944444,28.99416667,Teşviki Mosque,,A,green,,,architectural structure,,Point(28.99416667 41.04944444),5.028,http://www.wikidata.org/entity/Q2719784,15.0,,https://de.wikipedia.org/wiki/Te%C5%9Fvikiye-Moschee,https://en.wikipedia.org/wiki/Te%C5%9Fvikiye_Mosque,http://www.wikidata.org/entity/Q811979,"('41.04944444', '28.99416667')"
518,,40.9889,28.8556,2012 WTA Tour Championships,,A,green,,,WTA Finals,,Point(28.8556 40.9889),10.278,http://www.wikidata.org/entity/Q368454,15.0,,https://de.wikipedia.org/wiki/WTA_Championships_2012,https://en.wikipedia.org/wiki/2012_WTA_Tour_Championships,http://www.wikidata.org/entity/Q220347,"('40.9889', '28.8556')"
520,,41.062778,28.993056,Istanbul Cevahir,,A,green,,,shopping center,,Point(28.993056 41.062778),6.434,http://www.wikidata.org/entity/Q1057835,15.0,,https://de.wikipedia.org/wiki/Cevahir_Al%C4%B1%C5%9Fveri%C5%9F_Merkezi,https://en.wikipedia.org/wiki/Istanbul_Cevahir,http://www.wikidata.org/entity/Q11315,"('41.062778', '28.993056')"
521,,41.021116490454,28.929223436128,Kara Ahmed Pasha Mosque,,A,green,,,congregational mosque,,Point(28.929223436 41.02111649),4.243,http://www.wikidata.org/entity/Q1572049,15.0,,https://de.wikipedia.org/wiki/Kara-Ahmed-Pascha-Moschee,https://en.wikipedia.org/wiki/Kara_Ahmed_Pasha_Mosque,http://www.wikidata.org/entity/Q1454820,"('41.021116490454', '28.929223436128')"
522,,41.0145,28.98544444,Column of the Goths,,A,green,,,architectural structure,,Point(28.98544444 41.0145),1.208,http://www.wikidata.org/entity/Q2887370,15.0,,https://de.wikipedia.org/wiki/Gotens%C3%A4ule,https://en.wikipedia.org/wiki/Column_of_the_Goths,http://www.wikidata.org/entity/Q811979,"('41.0145', '28.98544444')"
524,,41.05,28.98333333,Kasımpaşa,,A,green,,,quarter,,Point(28.98333333 41.05),4.89,http://www.wikidata.org/entity/Q1775820,15.0,,https://de.wikipedia.org/wiki/Kas%C4%B1mpa%C5%9Fa_(Beyo%C4%9Flu),"https://en.wikipedia.org/wiki/Kas%C4%B1mpa%C5%9Fa,_Beyo%C4%9Flu",http://www.wikidata.org/entity/Q2983893,"('41.05', '28.98333333')"
525,,40.987963,29.028985,Süreyya Opera House,,A,green,,,opera house,,Point(29.028985 40.987963),4.905,http://www.wikidata.org/entity/Q551616,15.0,,https://de.wikipedia.org/wiki/S%C3%BCreyya-Opernhaus,https://en.wikipedia.org/wiki/S%C3%BCreyya_Opera_House,http://www.wikidata.org/entity/Q153562,"('40.987963', '29.028985')"
530,,40.974166666667,29.043333333333,Fenerbahçe,,A,green,,,mahalle,,Point(29.043333333 40.974166666),6.7,http://www.wikidata.org/entity/Q726288,15.0,,,"https://en.wikipedia.org/wiki/Fenerbah%C3%A7e,_Kad%C4%B1k%C3%B6y",http://www.wikidata.org/entity/Q17051044,"('40.974166666667', '29.043333333333')"
531,,41.042,28.9376,Defterdar Mosque,,A,green,,,architectural structure,,Point(28.9376 41.042),5.098,http://www.wikidata.org/entity/Q2058733,15.0,,,https://en.wikipedia.org/wiki/Defterdar_Mosque,http://www.wikidata.org/entity/Q811979,"('41.042', '28.9376')"
535,,41.006012,28.9803619,Magnaura,,A,green,,,architectural structure,,Point(28.9803619 41.006012),0.379,http://www.wikidata.org/entity/Q2630180,15.0,,,https://en.wikipedia.org/wiki/Magnaura,http://www.wikidata.org/entity/Q811979,"('41.006012', '28.9803619')"
536,,41.04528,29.017017,Küçük Mecidi Mosque,,A,green,,,architectural structure,,Point(29.017017 41.04528),5.533,http://www.wikidata.org/entity/Q2719794,15.0,,,https://en.wikipedia.org/wiki/K%C3%BC%C3%A7%C3%BCk_Mecidiye_Mosque,http://www.wikidata.org/entity/Q811979,"('41.04528', '29.017017')"
539,,41.010519444444,28.9677,Beyazıt Square,,A,green,,,square,,Point(28.9677 41.010519444),0.826,http://www.wikidata.org/entity/Q6043077,15.0,,,https://en.wikipedia.org/wiki/Beyaz%C4%B1t_Square,http://www.wikidata.org/entity/Q174782,"('41.010519444444', '28.9677')"
540,,41.04166667,29.00555556,Istanbul Naval Museum,,A,green,,,maritime museum,,Point(29.00555556 41.04166667),4.647,http://www.wikidata.org/entity/Q11787082,15.0,,,https://en.wikipedia.org/wiki/Istanbul_Naval_Museum,http://www.wikidata.org/entity/Q1863818,"('41.04166667', '29.00555556')"
544,,41.012461111111,28.984938888889,Enderun School,,A,green,,,educational institution,,Point(28.984938888 41.012461111),1.018,http://www.wikidata.org/entity/Q21582166,15.0,,,https://en.wikipedia.org/wiki/Enderun_School,http://www.wikidata.org/entity/Q2385804,"('41.012461111111', '28.984938888889')"
545,,41.1019,28.9876,Skyland Istanbul,,A,green,,,building complex,,Point(28.9876 41.1019),10.666,http://www.wikidata.org/entity/Q28221132,15.0,,,https://en.wikipedia.org/wiki/Skyland_%C4%B0stanbul,http://www.wikidata.org/entity/Q1497364,"('41.1019', '28.9876')"
547,,41.0225,28.966527777778,Golden Horn Metro Bridge,,A,green,,,cable-stayed bridge,,Point(28.966527777 41.0225),1.956,http://www.wikidata.org/entity/Q6076527,15.0,,https://de.wikipedia.org/wiki/Metrobr%C3%BCcke_%C3%BCber_das_Goldene_Horn,https://en.wikipedia.org/wiki/Golden_Horn_Metro_Bridge,http://www.wikidata.org/entity/Q158555,"('41.0225', '28.966527777778')"
549,,41.082898,29.011407,Isbank Tower 1,,A,green,,,architectural structure,,Point(29.011407 41.082898),9.015,http://www.wikidata.org/entity/Q344564,14.0,,https://de.wikipedia.org/wiki/%C4%B0%C5%9F_Kuleleri,https://en.wikipedia.org/wiki/Isbank_Tower_1,http://www.wikidata.org/entity/Q811979,"('41.082898', '29.011407')"
550,,41.037612,28.996368,Dolmabahçe Clock Tower,,A,green,,,clock tower,,Point(28.996368 41.037612),3.875,http://www.wikidata.org/entity/Q1818013,14.0,,https://de.wikipedia.org/wiki/Uhrturm_von_Dolmabah%C3%A7e,https://en.wikipedia.org/wiki/Dolmabah%C3%A7e_Clock_Tower,http://www.wikidata.org/entity/Q853854,"('41.037612', '28.996368')"
551,,41.031527,28.949319,Bulgarian Exarchate,,A,green,,,religious organization,,Point(28.949319 41.031527),3.575,http://www.wikidata.org/entity/Q2042945,14.0,,https://de.wikipedia.org/wiki/Bulgarisches_Exarchat,https://en.wikipedia.org/wiki/Bulgarian_Exarchate,http://www.wikidata.org/entity/Q1530022,"('41.031527', '28.949319')"
552,,41.02521,28.97509,Ashkenazi Synagogue of Istanbul,,A,green,,,Ashkenazi synagogue,,Point(28.97509 41.02521),2.095,http://www.wikidata.org/entity/Q2079847,14.0,,https://de.wikipedia.org/wiki/Aschkenasische_Synagoge_(Istanbul),https://en.wikipedia.org/wiki/Ashkenazi_Synagogue_of_Istanbul,http://www.wikidata.org/entity/Q109310261,"('41.02521', '28.97509')"
554,,40.95344,29.09517,Bağdat Avenue,,A,green,,,street,,Point(29.09517 40.95344),11.616,http://www.wikidata.org/entity/Q2873544,14.0,,https://de.wikipedia.org/wiki/Ba%C4%9Fdat_Caddesi,https://en.wikipedia.org/wiki/Ba%C4%9Fdat_Avenue,http://www.wikidata.org/entity/Q79007,"('40.95344', '29.09517')"
555,,41.00825278,28.98121111,Fountain of Ahmed III,,A,green,,,fountain,,Point(28.98121111 41.00825278),0.494,http://www.wikidata.org/entity/Q3076126,14.0,,https://de.wikipedia.org/wiki/Brunnen_Ahmets_III.,https://en.wikipedia.org/wiki/Fountain_of_Ahmed_III,http://www.wikidata.org/entity/Q483453,"('41.00825278', '28.98121111')"
556,,41.006944444444,28.978611111111,Baths of Zeuxippus,,A,green,,,bathhouse,,Point(28.978611111 41.006944444),0.238,http://www.wikidata.org/entity/Q1756200,14.0,,https://de.wikipedia.org/wiki/Zeuxippus-Thermen,https://en.wikipedia.org/wiki/Baths_of_Zeuxippus,http://www.wikidata.org/entity/Q785952,"('41.006944444444', '28.978611111111')"
557,,41.032897,28.945513,Ahrida Synagogue of Istanbul,,A,green,,,synagogue,,Point(28.945513 41.032897),3.896,http://www.wikidata.org/entity/Q3393562,14.0,,https://de.wikipedia.org/wiki/Ahrida-Synagoge_(Istanbul),https://en.wikipedia.org/wiki/Ahrida_Synagogue_of_Istanbul,http://www.wikidata.org/entity/Q34627,"('41.032897', '28.945513')"
560,,41.0077,28.943,Forum of Arcadius,,A,green,,,square,,Point(28.943 41.0077),2.762,http://www.wikidata.org/entity/Q1247271,14.0,,https://de.wikipedia.org/wiki/Arcadius-Forum,https://en.wikipedia.org/wiki/Forum_of_Arcadius,http://www.wikidata.org/entity/Q174782,"('41.0077', '28.943')"
561,,41.0146,28.9563,Burmalı Mosque,,A,green,,,architectural structure,,Point(28.9563 41.0146),1.879,http://www.wikidata.org/entity/Q1590626,14.0,,,https://en.wikipedia.org/wiki/Burmal%C4%B1_Mosque,http://www.wikidata.org/entity/Q811979,"('41.0146', '28.9563')"
564,,41.049130555556,29.062011111111,Çengelköy,,A,green,,,mahalle,,Point(29.062011111 41.049130555),8.649,http://www.wikidata.org/entity/Q2921300,14.0,,,https://en.wikipedia.org/wiki/%C3%87engelk%C3%B6y,http://www.wikidata.org/entity/Q17051044,"('41.049130555556', '29.062011111111')"
565,,41.076666666667,29.043888888889,Bebek Mosque,,A,green,,,architectural structure,,Point(29.043888888 41.076666666),9.675,http://www.wikidata.org/entity/Q6049880,14.0,,,https://en.wikipedia.org/wiki/Bebek_Mosque,http://www.wikidata.org/entity/Q811979,"('41.076666666667', '29.043888888889')"
568,,41.086,29.0121,assassination of Jamal Khashoggi,,A,green,,,political murder,,Point(29.0121 41.086),9.36,http://www.wikidata.org/entity/Q57527214,14.0,,,https://en.wikipedia.org/wiki/Assassination_of_Jamal_Khashoggi,http://www.wikidata.org/entity/Q1139665,"('41.086', '29.0121')"
570,,41.03791667,28.95531944,Aynalıkavak Palace,,A,green,,,palace,,Point(28.95531944 41.03791667),3.907,http://www.wikidata.org/entity/Q793169,13.0,,https://de.wikipedia.org/wiki/Aynal%C4%B1kavak-Palast,https://en.wikipedia.org/wiki/Aynal%C4%B1kavak_Pavilion,http://www.wikidata.org/entity/Q16560,"('41.03791667', '28.95531944')"
572,,41.008,29.016,Selimiye Barracks,,A,green,,,barracks,,Point(29.016 41.008),3.372,http://www.wikidata.org/entity/Q1627463,13.0,,https://de.wikipedia.org/wiki/Selimiye-Kaserne,https://en.wikipedia.org/wiki/Selimiye_Barracks,http://www.wikidata.org/entity/Q131263,"('41.008', '29.016')"
577,,41.041911,29.047685,Beylerbeyi,,A,green,,,mahalle,,Point(29.047685 41.041911),7.204,http://www.wikidata.org/entity/Q853184,13.0,,https://de.wikipedia.org/wiki/Beylerbeyi_(%C3%9Csk%C3%BCdar),https://en.wikipedia.org/wiki/Beylerbeyi,http://www.wikidata.org/entity/Q17051044,"('41.041911', '29.047685')"
578,,41.014086,28.956892,Philadelphion,,A,green,,,Roman road,,Point(28.956892 41.014086),1.808,http://www.wikidata.org/entity/Q548109,13.0,,https://de.wikipedia.org/wiki/Philadelphion,https://en.wikipedia.org/wiki/Philadelphion,http://www.wikidata.org/entity/Q194029,"('41.014086', '28.956892')"
579,,41.0084,28.9713,Mese,,A,green,,,street,,Point(28.9713 41.0084),0.444,http://www.wikidata.org/entity/Q1247312,13.0,,https://de.wikipedia.org/wiki/Mese_(Konstantinopel),https://en.wikipedia.org/wiki/Mese_(Constantinople),http://www.wikidata.org/entity/Q79007,"('41.0084', '28.9713')"
581,,41.014847,28.975504,Sirkeci,,A,green,,,quarter,,Point(28.975504 41.014847),0.942,http://www.wikidata.org/entity/Q935953,13.0,,,https://en.wikipedia.org/wiki/Sirkeci,http://www.wikidata.org/entity/Q2983893,"('41.014847', '28.975504')"
586,,41.050747,29.001175,Ihlamur Palace,,A,green,,,pavilion,,Point(29.001175 41.050747),5.37,http://www.wikidata.org/entity/Q2330055,13.0,,,https://en.wikipedia.org/wiki/Ihlamur_Pavilion,http://www.wikidata.org/entity/Q276173,"('41.050747', '29.001175')"
590,,41.0479707,29.0145236,Yıldız,,A,green,,,mahalle,,Point(29.0145236 41.0479707),5.648,http://www.wikidata.org/entity/Q3100907,13.0,,,"https://en.wikipedia.org/wiki/Y%C4%B1ld%C4%B1z,_Be%C5%9Fikta%C5%9F",http://www.wikidata.org/entity/Q17051044,"('41.0479707', '29.0145236')"
592,,41.022657,29.008882,Ayazma Mosque,,A,green,,,architectural structure,,Point(29.008882 41.022657),3.308,http://www.wikidata.org/entity/Q3324894,13.0,,,https://en.wikipedia.org/wiki/Ayazma_Mosque,http://www.wikidata.org/entity/Q811979,"('41.022657', '29.008882')"
596,,41.08265,29.05345,Aşiyan Museum,,A,green,,,historic house museum,,Point(29.05345 41.08265),10.688,http://www.wikidata.org/entity/Q4833521,13.0,,,https://en.wikipedia.org/wiki/A%C5%9Fiyan_Museum,http://www.wikidata.org/entity/Q2087181,"('41.08265', '29.05345')"
598,,41.0355,28.9842,Hagia Triada Greek Orthodox Church,,A,green,,,architectural structure,,Point(28.9842 41.0355),3.312,http://www.wikidata.org/entity/Q5638730,13.0,,,"https://en.wikipedia.org/wiki/Hagia_Triada_Church,_Istanbul",http://www.wikidata.org/entity/Q811979,"('41.0355', '28.9842')"
600,,41.0356,28.9798,Armenian Catholic Archeparchy of Istanbul,,A,green,,,Catholic Archieparchy,,Point(28.9798 41.0356),3.266,http://www.wikidata.org/entity/Q784328,12.0,,https://de.wikipedia.org/wiki/Erzeparchie_Istanbul,https://en.wikipedia.org/wiki/Armenian_Catholic_Archeparchy_of_Istanbul,http://www.wikidata.org/entity/Q108822950,"('41.0356', '28.9798')"
601,,41.007111111111,28.976694444444,German Fountain,,A,green,,,fountain,,Point(28.976694444 41.007111111),0.107,http://www.wikidata.org/entity/Q322920,12.0,,https://de.wikipedia.org/wiki/Deutscher_Brunnen_(Istanbul),https://en.wikipedia.org/wiki/German_Fountain,http://www.wikidata.org/entity/Q483453,"('41.007111111111', '28.976694444444')"
602,,41.066796785824,28.945870514208,Istanbul Bilgi University,,A,green,,,private university,,Point(28.945870514 41.066796785),7.173,http://www.wikidata.org/entity/Q344262,12.0,,https://de.wikipedia.org/wiki/%C4%B0stanbul_Bilgi_%C3%9Cniversitesi,https://en.wikipedia.org/wiki/Istanbul_Bilgi_University,http://www.wikidata.org/entity/Q902104,"('41.066796785824', '28.945870514208')"
603,,41.01,28.95305556,Forum of the Ox,,A,green,,,square,,Point(28.95305556 41.01),1.956,http://www.wikidata.org/entity/Q4845769,12.0,,https://de.wikipedia.org/wiki/Forum_Bovis,https://en.wikipedia.org/wiki/Forum_of_the_Ox,http://www.wikidata.org/entity/Q174782,"('41.01', '28.95305556')"
604,,41.01444444,28.95305556,Church of St. Polyeuctus,,A,green,,,church ruin,,Point(28.95305556 41.01444444),2.114,http://www.wikidata.org/entity/Q1578614,12.0,,https://de.wikipedia.org/wiki/Polyeuktoskirche,https://en.wikipedia.org/wiki/Church_of_St._Polyeuctus,http://www.wikidata.org/entity/Q17485079,"('41.01444444', '28.95305556')"
605,,41.02739,28.98228,Tophane,,A,green,,,quarter,,Point(28.98228 41.02739),2.397,http://www.wikidata.org/entity/Q2443264,12.0,,https://de.wikipedia.org/wiki/Tophane,https://en.wikipedia.org/wiki/Tophane,http://www.wikidata.org/entity/Q2983893,"('41.02739', '28.98228')"
606,,41.036666666667,29.029722222222,Kuzguncuk,,A,green,,,mahalle,,Point(29.029722222 41.036666666),5.634,http://www.wikidata.org/entity/Q2555555,12.0,,https://de.wikipedia.org/wiki/Kuzguncuk,https://en.wikipedia.org/wiki/Kuzguncuk,http://www.wikidata.org/entity/Q17051044,"('41.036666666667', '29.029722222222')"
607,,41.108333333333,29.0525,Emirgan Park,,A,green,,,architectural structure,,Point(29.0525 41.108333333),13.03,http://www.wikidata.org/entity/Q5185642,12.0,,https://de.wikipedia.org/wiki/Emirgan-Park,https://en.wikipedia.org/wiki/Emirgan_Park,http://www.wikidata.org/entity/Q811979,"('41.108333333333', '29.0525')"
610,,41.017370503738,28.928407260193,Manastır Mosque,,A,green,,,church building,,Point(28.92840726 41.017370503),4.166,http://www.wikidata.org/entity/Q3561109,12.0,,https://de.wikipedia.org/wiki/Manast%C4%B1r-Moschee,"https://en.wikipedia.org/wiki/Manast%C4%B1r_Mosque,_Istanbul",http://www.wikidata.org/entity/Q16970,"('41.017370503738', '28.928407260193')"
612,,41.00583333,28.97722222,Church of the Virgin of the Pharos,,A,green,,,church building,,Point(28.97722222 41.00583333),0.129,http://www.wikidata.org/entity/Q3082387,12.0,,https://de.wikipedia.org/wiki/Pharos-Palastkapelle,https://en.wikipedia.org/wiki/Church_of_the_Virgin_of_the_Pharos,http://www.wikidata.org/entity/Q16970,"('41.00583333', '28.97722222')"
613,,41.038459,28.986818,Taksim Stadium,,A,green,,,association football venue,,Point(28.986818 41.038459),3.683,http://www.wikidata.org/entity/Q4450209,12.0,,https://de.wikipedia.org/wiki/Taksim-Stadion,https://en.wikipedia.org/wiki/Taksim_Stadium,http://www.wikidata.org/entity/Q1154710,"('41.038459', '28.986818')"
615,,41.00466667,28.95222222,Harbour of Eleutherios,,A,green,,,archaeological site,,Point(28.95222222 41.00466667),1.994,http://www.wikidata.org/entity/Q3288771,12.0,,https://de.wikipedia.org/wiki/Theodosius-Hafen,https://en.wikipedia.org/wiki/Harbour_of_Eleutherios,http://www.wikidata.org/entity/Q839954,"('41.00466667', '28.95222222')"
617,,41.03972222,28.94972222,Hasköy,,A,green,,,neighborhood,,Point(28.94972222 41.03972222),4.308,http://www.wikidata.org/entity/Q3302981,12.0,,https://de.wikipedia.org/wiki/Hask%C3%B6y_(Istanbul),"https://en.wikipedia.org/wiki/Hask%C3%B6y,_Beyo%C4%9Flu",http://www.wikidata.org/entity/Q123705,"('41.03972222', '28.94972222')"
618,,41.0447,28.9854,Apostolic Vicariate of Istanbul,,A,green,,,apostolic vicariate,,Point(28.9854 41.0447),4.335,http://www.wikidata.org/entity/Q620346,12.0,,https://de.wikipedia.org/wiki/Apostolisches_Vikariat_Istanbul,https://en.wikipedia.org/wiki/Apostolic_Vicariate_of_Istanbul,http://www.wikidata.org/entity/Q620225,"('41.0447', '28.9854')"
619,,41.02666667,28.9725,2003 Istanbul bombings,,A,green,,,suicide attack,,Point(28.9725 41.02666667),2.273,http://www.wikidata.org/entity/Q1254917,12.0,,https://de.wikipedia.org/wiki/Terroranschl%C3%A4ge_in_Istanbul_2003,https://en.wikipedia.org/wiki/2003_Istanbul_bombings,http://www.wikidata.org/entity/Q217327,"('41.02666667', '28.9725')"
621,,41.0478,28.9894,Istanbul Lütfi Kırdar Convention and Exhibition Center,,A,green,,,convention center,,Point(28.9894 41.0478),4.743,http://www.wikidata.org/entity/Q12810669,12.0,,https://de.wikipedia.org/wiki/Istanbul_L%C3%BCtfi_K%C4%B1rdar_Uluslararas%C4%B1_Kongre_ve_Sergi_Saray%C4%B1,https://en.wikipedia.org/wiki/Istanbul_L%C3%BCtfi_K%C4%B1rdar_International_Convention_and_Exhibition_Center,http://www.wikidata.org/entity/Q1378975,"('41.0478', '28.9894')"
622,,41.001,28.971,Kontoskalion,,A,green,,,port,,Point(28.971 41.001),0.725,http://www.wikidata.org/entity/Q12907220,12.0,,https://de.wikipedia.org/wiki/Kontoskalion,https://en.wikipedia.org/wiki/Kontoskalion,http://www.wikidata.org/entity/Q44782,"('41.001', '28.971')"
623,,41.03416667,28.99222222,Kabataş,,A,green,,,quarter,,Point(28.99222222 41.03416667),3.38,http://www.wikidata.org/entity/Q1775810,12.0,,,"https://en.wikipedia.org/wiki/Kabata%C5%9F,_Beyo%C4%9Flu",http://www.wikidata.org/entity/Q2983893,"('41.03416667', '28.99222222')"
625,,40.9811687,29.0254706,Moda,,A,green,,,neighborhood,,Point(29.0254706 40.9811687),5.019,http://www.wikidata.org/entity/Q2700998,12.0,,,"https://en.wikipedia.org/wiki/Moda,_Kad%C4%B1k%C3%B6y",http://www.wikidata.org/entity/Q123705,"('40.9811687', '29.0254706')"
627,,41.0665,28.9461,santralistanbul,,A,green,,,art museum,,Point(28.9461 41.0665),7.136,http://www.wikidata.org/entity/Q2797197,12.0,,,https://en.wikipedia.org/wiki/SantralIstanbul,http://www.wikidata.org/entity/Q207694,"('41.0665', '28.9461')"
629,,41.070044,28.996251,Mecidiyeköy,,A,green,,,mahalle,,Point(28.996251 41.070044),7.282,http://www.wikidata.org/entity/Q3132368,12.0,,,https://en.wikipedia.org/wiki/Mecidiyek%C3%B6y,http://www.wikidata.org/entity/Q17051044,"('41.070044', '28.996251')"
630,,41.115049,29.055485,İstinye,,A,green,,,mahalle,,Point(29.055485 41.115049),13.804,http://www.wikidata.org/entity/Q3298451,12.0,,,https://en.wikipedia.org/wiki/%C4%B0stinye,http://www.wikidata.org/entity/Q17051044,"('41.115049', '29.055485')"
631,,41.118,29.066,Yeniköy,,A,green,,,mahalle,,Point(29.066 41.118),14.53,http://www.wikidata.org/entity/Q3395754,12.0,,,"https://en.wikipedia.org/wiki/Yenik%C3%B6y,_Sar%C4%B1yer",http://www.wikidata.org/entity/Q17051044,"('41.118', '29.066')"
632,,41.008157,28.972541,Köprülü Library,,A,green,,,library,,Point(28.972541 41.008157),0.342,http://www.wikidata.org/entity/Q4118811,12.0,,,https://en.wikipedia.org/wiki/K%C3%B6pr%C3%BCl%C3%BC_Library,http://www.wikidata.org/entity/Q7075,"('41.008157', '28.972541')"
633,,41.00472222,28.96083333,Holy Mother of God cathedral,,A,green,,,church building,,Point(28.96083333 41.00472222),1.275,http://www.wikidata.org/entity/Q4793210,12.0,,,https://en.wikipedia.org/wiki/Surp_Asdvadzadzin_Patriarchal_Church,http://www.wikidata.org/entity/Q16970,"('41.00472222', '28.96083333')"
634,,41.0,28.95,Yenikapı,,A,green,,,neighborhood,,Point(28.95 41.0),2.284,http://www.wikidata.org/entity/Q4824801,12.0,,,https://en.wikipedia.org/wiki/Yenikap%C4%B1,http://www.wikidata.org/entity/Q123705,"('41.0', '28.95')"
635,,41.025,28.9766,"Church of Saint Benoit, Istanbul",,A,green,,,Catholic church building,,Point(28.9766 41.025),2.071,http://www.wikidata.org/entity/Q5117030,12.0,,,"https://en.wikipedia.org/wiki/Church_of_Saint_Benoit,_Istanbul",http://www.wikidata.org/entity/Q1088552,"('41.025', '28.9766')"
637,,40.993,28.923,Yedikule,,A,green,,,mahalle,,Point(28.923 40.993),4.68,http://www.wikidata.org/entity/Q5991829,12.0,,,https://en.wikipedia.org/wiki/Yedikule,http://www.wikidata.org/entity/Q17051044,"('40.993', '28.923')"
638,,41.098669,29.071076,Kanlıca,,A,green,,,mahalle,,Point(29.071076 41.098669),13.001,http://www.wikidata.org/entity/Q6645927,12.0,,,https://en.wikipedia.org/wiki/Kanl%C4%B1ca,http://www.wikidata.org/entity/Q17051044,"('41.098669', '29.071076')"
639,,41.00333333,29.01388889,Port of Haydarpaşa,,A,green,,,pier,,Point(29.01388889 41.00333333),3.208,http://www.wikidata.org/entity/Q7231152,12.0,,,https://en.wikipedia.org/wiki/Port_of_Haydarpa%C5%9Fa,http://www.wikidata.org/entity/Q863454,"('41.00333333', '29.01388889')"
641,,41.0675,28.9925,Trump Towers Istanbul,,A,green,,,skyscraper,,Point(28.9925 41.0675),6.937,http://www.wikidata.org/entity/Q7847787,12.0,,,https://en.wikipedia.org/wiki/Trump_Towers_Istanbul,http://www.wikidata.org/entity/Q11303,"('41.0675', '28.9925')"
642,,41.0484,28.9883,Istanbul Military Museum,,A,green,,,military museum,,Point(28.9883 41.0484),4.787,http://www.wikidata.org/entity/Q12808583,12.0,,,https://en.wikipedia.org/wiki/Istanbul_Military_Museum,http://www.wikidata.org/entity/Q2772772,"('41.0484', '28.9883')"
645,,40.9975,29.043333333333,Museum Gazhane,,A,green,,,museum,,Point(29.043333333 40.9975),5.746,http://www.wikidata.org/entity/Q107475211,12.0,,,https://en.wikipedia.org/wiki/Hasanpa%C5%9Fa_Gasworks,http://www.wikidata.org/entity/Q33506,"('40.9975', '29.043333333333')"
646,,41.105,29.0738,Khedive Palace,,A,green,,,tourist attraction,,Point(29.0738 41.105),13.699,http://www.wikidata.org/entity/Q6401196,12.0,,https://de.wikipedia.org/wiki/Khedivenpalast,https://en.wikipedia.org/wiki/Khedive%27s_Palace,http://www.wikidata.org/entity/Q570116,"('41.105', '29.0738')"
649,,41.05,29.029722222222,Motorway 1,,A,green,,,toll road,,Point(29.029722222 41.05),6.628,http://www.wikidata.org/entity/Q1548026,11.0,,https://de.wikipedia.org/wiki/Otoyol_1,https://en.wikipedia.org/wiki/Otoyol_1,http://www.wikidata.org/entity/Q16939396,"('41.05', '29.029722222222')"
651,,41.08400556,29.03535833,Etiler,,A,green,,,mahalle,,Point(29.03535833 41.08400556),9.969,http://www.wikidata.org/entity/Q951063,11.0,,https://de.wikipedia.org/wiki/Etiler,https://en.wikipedia.org/wiki/Etiler,http://www.wikidata.org/entity/Q17051044,"('41.08400556', '29.03535833')"
652,,41.04763,29.027435,Esma Sultan Mansion,,A,green,,,mansion,,Point(29.027435 41.04763),6.304,http://www.wikidata.org/entity/Q2073624,11.0,,https://de.wikipedia.org/wiki/Esma_Sultan_Yal%C4%B1s%C4%B1,https://en.wikipedia.org/wiki/Esma_Sultan_Mansion,http://www.wikidata.org/entity/Q1802963,"('41.04763', '29.027435')"
664,,41.094444444444,29.048333333333,Baltalimanı,,A,green,,,mahalle,,Point(29.048333333 41.094444444),11.524,http://www.wikidata.org/entity/Q4852587,11.0,,https://de.wikipedia.org/wiki/Baltaliman%C4%B1,https://en.wikipedia.org/wiki/Baltaliman%C4%B1,http://www.wikidata.org/entity/Q17051044,"('41.094444444444', '29.048333333333')"
665,,41.045277777778,28.990833333333,Harbiye,,A,green,,,mahalle,,Point(28.990833333 41.045277777),4.503,http://www.wikidata.org/entity/Q1592273,11.0,,https://de.wikipedia.org/wiki/Harbiye_(%C5%9Ei%C5%9Fli),"https://en.wikipedia.org/wiki/Harbiye,_%C5%9Ei%C5%9Fli",http://www.wikidata.org/entity/Q17051044,"('41.045277777778', '28.990833333333')"
666,,41.056397,28.987212,Atatürk Museum,,A,green,,,architectural structure,,Point(28.987212 41.056397),5.642,http://www.wikidata.org/entity/Q3701681,11.0,,https://de.wikipedia.org/wiki/Atat%C3%BCrk-Museum,"https://en.wikipedia.org/wiki/Atat%C3%BCrk_Museum,_%C5%9Ei%C5%9Fli",http://www.wikidata.org/entity/Q811979,"('41.056397', '28.987212')"
669,,41.007222222222,29.0175,First Army,,A,green,,,military unit,,Point(29.0175 41.007222222),3.494,http://www.wikidata.org/entity/Q2464648,11.0,,https://de.wikipedia.org/wiki/1._Armee_(T%C3%BCrkei),https://en.wikipedia.org/wiki/First_Army_(Turkey),http://www.wikidata.org/entity/Q176799,"('41.007222222222', '29.0175')"
670,,41.1172784,29.0036883,Istanbul Beykent University,,A,green,,,private university,,Point(29.0036883 41.1172784),12.549,http://www.wikidata.org/entity/Q853151,11.0,,https://de.wikipedia.org/wiki/Beykent_%C3%9Cniversitesi,https://en.wikipedia.org/wiki/Istanbul_Beykent_University,http://www.wikidata.org/entity/Q902104,"('41.1172784', '29.0036883')"
671,,41.03848,28.94083,Prison of Anemas,,A,green,,,architectural structure,,Point(28.94083 41.03848),4.624,http://www.wikidata.org/entity/Q3081830,11.0,,https://de.wikipedia.org/wiki/Gef%C3%A4ngnis_des_Anemas,https://en.wikipedia.org/wiki/Prison_of_Anemas,http://www.wikidata.org/entity/Q811979,"('41.03848', '28.94083')"
672,,41.0369,28.9775,Apostolic Exarchate of Istanbul,,A,green,,,apostolic exarchate,,Point(28.9775 41.0369),3.396,http://www.wikidata.org/entity/Q620190,11.0,,https://de.wikipedia.org/wiki/Apostolisches_Exarchat_Istanbul,https://en.wikipedia.org/wiki/Greek_Catholic_Apostolic_Exarchate_of_Istanbul,http://www.wikidata.org/entity/Q3732788,"('41.0369', '28.9775')"
673,,41.02027778,29.04555556,Altunizade Mosque,,A,green,,,architectural structure,,Point(29.04555556 41.02027778),6.047,http://www.wikidata.org/entity/Q6051512,11.0,,https://de.wikipedia.org/wiki/Altunizade-Moschee,https://en.wikipedia.org/wiki/Altunizade_Mosque,http://www.wikidata.org/entity/Q811979,"('41.02027778', '29.04555556')"
677,,41.0103,28.9347,Cistern of Mocius,,A,green,,,ancient Roman cistern,,Point(28.9347 41.0103),3.482,http://www.wikidata.org/entity/Q18210713,11.0,,https://de.wikipedia.org/wiki/Mocius-Zisterne,https://en.wikipedia.org/wiki/Cistern_of_Mocius,http://www.wikidata.org/entity/Q93429857,"('41.0103', '28.9347')"
678,,41.025,28.96777778,Sokollu Mehmed Pasha II Mosque,,A,green,,,architectural structure,,Point(28.96777778 41.025),2.179,http://www.wikidata.org/entity/Q6071846,11.0,,https://de.wikipedia.org/wiki/Sokollu-Mehmed-Pascha-Moschee_(Azapkap%C4%B1),"https://en.wikipedia.org/wiki/Sokollu_Mehmed_Pasha_Mosque,_Azapkap%C4%B1",http://www.wikidata.org/entity/Q811979,"('41.025', '28.96777778')"
682,,41.024651,29.010859,Rum Mehmed Pasha Mosque,,A,green,,,architectural structure,,Point(29.010859 41.024651),3.57,http://www.wikidata.org/entity/Q1572444,11.0,,,https://en.wikipedia.org/wiki/Rum_Mehmed_Pasha_Mosque,http://www.wikidata.org/entity/Q811979,"('41.024651', '29.010859')"
685,,41.02555556,28.9725,Italian Synagogue,,A,green,,,synagogue,,Point(28.9725 41.02555556),2.151,http://www.wikidata.org/entity/Q2574448,11.0,,,https://en.wikipedia.org/wiki/Italian_Synagogue_(Istanbul),http://www.wikidata.org/entity/Q34627,"('41.02555556', '28.9725')"
686,,41.0,29.016666666667,Haydarpaşa,,A,green,,,mahalle,,Point(29.016666666 41.0),3.496,http://www.wikidata.org/entity/Q2634867,11.0,,,https://en.wikipedia.org/wiki/Haydarpa%C5%9Fa,http://www.wikidata.org/entity/Q17051044,"('41.0', '29.016666666667')"
687,,41.049888888889,29.009833333333,Yıldız Clock Tower,,A,green,,,tourist attraction,,Point(29.009833333 41.049888888),5.614,http://www.wikidata.org/entity/Q3394745,11.0,,,https://en.wikipedia.org/wiki/Y%C4%B1ld%C4%B1z_Clock_Tower,http://www.wikidata.org/entity/Q570116,"('41.049888888889', '29.009833333333')"
689,,41.04227,28.94926,Rahmi M. Koç Museum,,A,green,,,private museum,,Point(28.94926 41.04227),4.572,http://www.wikidata.org/entity/Q3404565,11.0,,,https://en.wikipedia.org/wiki/Rahmi_M._Ko%C3%A7_Museum,http://www.wikidata.org/entity/Q614316,"('41.04227', '28.94926')"
693,,41.02472222,28.97305556,"Church of SS Peter and Paul, Istanbul",,A,green,,,church building,,Point(28.97305556 41.02472222),2.053,http://www.wikidata.org/entity/Q3671773,11.0,,,"https://en.wikipedia.org/wiki/Church_of_SS_Peter_and_Paul,_Istanbul",http://www.wikidata.org/entity/Q16970,"('41.02472222', '28.97305556')"
694,,41.0,28.93333333,Samatya,,A,green,,,human settlement,,Point(28.93333333 41.0),3.639,http://www.wikidata.org/entity/Q3946429,11.0,,,https://en.wikipedia.org/wiki/Samatya,http://www.wikidata.org/entity/Q486972,"('41.0', '28.93333333')"
695,,41.015732790372,28.962860595103,Suleymaniye Library (Istanbul),,A,green,,,library,,Point(28.962860595 41.01573279),1.508,http://www.wikidata.org/entity/Q4086354,11.0,,,https://en.wikipedia.org/wiki/S%C3%BCleymaniye_Library,http://www.wikidata.org/entity/Q7075,"('41.015732790372', '28.962860595103')"
696,,41.00633056,28.98543056,Ahırkapı Feneri,,A,green,,,lighthouse,,Point(28.98543056 41.00633056),0.802,http://www.wikidata.org/entity/Q4696460,11.0,,,https://en.wikipedia.org/wiki/Ah%C4%B1rkap%C4%B1_Lighthouse,http://www.wikidata.org/entity/Q39715,"('41.00633056', '28.98543056')"
697,,41.059738888889,29.039577777778,Galatasaray Islet,,A,green,,,islet,,Point(29.039577777 41.059738888),7.984,http://www.wikidata.org/entity/Q4811146,11.0,,,https://en.wikipedia.org/wiki/Galatasaray_Islet,http://www.wikidata.org/entity/Q207524,"('41.059738888889', '29.039577777778')"
699,,41.011131524968,28.96424427493,Old Palace,,A,green,,,destroyed building or structure,,Point(28.964244274 41.011131524),1.109,http://www.wikidata.org/entity/Q6000313,11.0,,,https://en.wikipedia.org/wiki/Eski_Saray,http://www.wikidata.org/entity/Q19860854,"('41.011131524968', '28.96424427493')"
701,,41.104444444444,29.056111111111,Emirgan Mosque,,A,green,,,architectural structure,,Point(29.056111111 41.104444444),12.812,http://www.wikidata.org/entity/Q6063292,11.0,,,https://en.wikipedia.org/wiki/Emirgan_Mosque,http://www.wikidata.org/entity/Q811979,"('41.104444444444', '29.056111111111')"
704,,41.066666666667,29.016944444444,Zorlu Center,,A,green,,,building complex,,Point(29.016944444 41.066666666),7.536,http://www.wikidata.org/entity/Q6066268,11.0,,,https://en.wikipedia.org/wiki/Zorlu_Center,http://www.wikidata.org/entity/Q1497364,"('41.066666666667', '29.016944444444')"
705,,41.02181944,28.94177778,Hirka-i Serif Mosque,,A,green,,,architectural structure,,Point(28.94177778 41.02181944),3.336,http://www.wikidata.org/entity/Q6097353,11.0,,,https://en.wikipedia.org/wiki/H%C4%B1rka-i_%C5%9Eerif_Mosque,http://www.wikidata.org/entity/Q811979,"('41.02181944', '28.94177778')"
708,,41.032777777778,28.976527777778,Church of St. Mary Draperis,,A,green,,,Catholic church building,,Point(28.976527777 41.032777777),2.936,http://www.wikidata.org/entity/Q32239,11.0,,,"https://en.wikipedia.org/wiki/Church_of_St._Mary_Draperis,_Istanbul",http://www.wikidata.org/entity/Q1088552,"('41.032777777778', '28.976527777778')"
709,,41.03833333,28.97027778,Taksim Military Barracks,,A,green,,,barracks,,Point(28.97027778 41.03833333),3.584,http://www.wikidata.org/entity/Q7678510,11.0,,https://de.wikipedia.org/wiki/Top%C3%A7u-Kaserne,https://en.wikipedia.org/wiki/Taksim_Military_Barracks,http://www.wikidata.org/entity/Q131263,"('41.03833333', '28.97027778')"
713,,41.012084,28.973657,Ottoman Public Debt Administration,,A,green,,,public administration,,Point(28.973657 41.012084),0.661,http://www.wikidata.org/entity/Q358779,10.0,,https://de.wikipedia.org/wiki/Administration_de_la_Dette_Publique_Ottomane,https://en.wikipedia.org/wiki/Ottoman_Public_Debt_Administration,http://www.wikidata.org/entity/Q31728,"('41.012084', '28.973657')"
714,,41.026388888889,28.933888888889,Sulukule,,A,green,,,human settlement,,Point(28.933888888 41.026388888),4.166,http://www.wikidata.org/entity/Q995179,10.0,,https://de.wikipedia.org/wiki/Sulukule,https://en.wikipedia.org/wiki/Sulukule,http://www.wikidata.org/entity/Q486972,"('41.026388888889', '28.933888888889')"
715,,41.0074,28.9751,Palace of Antiochos,,A,green,,,palace,,Point(28.9751 41.0074),0.13,http://www.wikidata.org/entity/Q1997570,10.0,,https://de.wikipedia.org/wiki/Antiochos-Palast,https://en.wikipedia.org/wiki/Palace_of_Antiochos,http://www.wikidata.org/entity/Q16560,"('41.0074', '28.9751')"
716,,41.006,28.976,Palace of Daphne,,A,green,,,palace,,Point(28.976 41.006),0.044,http://www.wikidata.org/entity/Q1152384,10.0,,https://de.wikipedia.org/wiki/Daphne-Palast,https://en.wikipedia.org/wiki/Palace_of_Daphne,http://www.wikidata.org/entity/Q16560,"('41.006', '28.976')"
717,,41.00188,28.93302,Church of St. George of Samatya,,A,green,,,church building,,Point(28.93302 41.00188),3.63,http://www.wikidata.org/entity/Q5117225,10.0,,https://de.wikipedia.org/wiki/St.-Georgs-Kirche_von_Samatya,https://en.wikipedia.org/wiki/Church_of_St._George_of_Samatya,http://www.wikidata.org/entity/Q16970,"('41.00188', '28.93302')"
718,,41.004819888592,28.936759205178,Ese Kapi Mosque,,A,green,,,mosque,,Point(28.936759205 41.004819888),3.286,http://www.wikidata.org/entity/Q5397556,10.0,,https://de.wikipedia.org/wiki/Ese-Kap%C4%B1-Moschee,https://en.wikipedia.org/wiki/Ese_Kapi_Mosque,http://www.wikidata.org/entity/Q32815,"('41.004819888592', '28.936759205178')"
719,,41.0256,28.9783,Getronagan Armenian High School,,A,green,,,high school,,Point(28.9783 41.0256),2.147,http://www.wikidata.org/entity/Q5554506,10.0,,https://de.wikipedia.org/wiki/Getronagan-Gymnasium,https://en.wikipedia.org/wiki/Getronagan_Armenian_High_School,http://www.wikidata.org/entity/Q9826,"('41.0256', '28.9783')"
720,,41.04362,28.94178,Haliç Bridge,,A,green,,,bridge,,Point(28.94178 41.04362),5.032,http://www.wikidata.org/entity/Q5642498,10.0,,https://de.wikipedia.org/wiki/Hali%C3%A7-Br%C3%BCcke,https://en.wikipedia.org/wiki/Hali%C3%A7_Bridge,http://www.wikidata.org/entity/Q12280,"('41.04362', '28.94178')"
721,,41.041667,29.009444,Bahçeşehir University,,A,green,,,private university,,Point(29.009444 41.041667),4.83,http://www.wikidata.org/entity/Q3409570,10.0,,https://de.wikipedia.org/wiki/Bah%C3%A7e%C5%9Fehir_%C3%9Cniversitesi,https://en.wikipedia.org/wiki/Bah%C3%A7e%C5%9Fehir_University,http://www.wikidata.org/entity/Q902104,"('41.041667', '29.009444')"
723,,40.97694444,29.0625,Göztepe,,A,green,,,mahalle,,Point(29.0625 40.97694444),7.973,http://www.wikidata.org/entity/Q1559987,10.0,,https://de.wikipedia.org/wiki/G%C3%B6ztepe_(Istanbul),"https://en.wikipedia.org/wiki/G%C3%B6ztepe,_Kad%C4%B1k%C3%B6y",http://www.wikidata.org/entity/Q17051044,"('40.97694444', '29.0625')"
724,,41.00972222,28.95611111,Laleli,,A,green,,,neighborhood,,Point(28.95611111 41.00972222),1.699,http://www.wikidata.org/entity/Q4253400,10.0,,https://de.wikipedia.org/wiki/L%C3%A2leli,"https://en.wikipedia.org/wiki/Laleli,_Fatih",http://www.wikidata.org/entity/Q123705,"('41.00972222', '28.95611111')"
725,,40.9928,28.9225,Golden Gate,,A,green,,,city gate,,Point(28.9225 40.9928),4.726,http://www.wikidata.org/entity/Q592270,10.0,,https://de.wikipedia.org/wiki/Goldenes_Tor_(Konstantinopel),,http://www.wikidata.org/entity/Q82117,"('40.9928', '28.9225')"
729,,41.01666667,28.96666667,Chaldean Catholic Archeparchy of Diyarbakir,,A,green,,,Catholic Archieparchy,,Point(28.96666667 41.01666667),1.38,http://www.wikidata.org/entity/Q1366011,10.0,,https://de.wikipedia.org/wiki/Erzeparchie_Diyarbak%C4%B1r,https://en.wikipedia.org/wiki/Chaldean_Catholic_Archeparchy_of_Amida,http://www.wikidata.org/entity/Q108822950,"('41.01666667', '28.96666667')"
730,,41.016444444444,29.065472222222,Çamlıca Tower,,A,green,,,tourist attraction,,Point(29.065472222 41.016444444),7.6,http://www.wikidata.org/entity/Q28657490,10.0,,https://de.wikipedia.org/wiki/Fernsehturm_K%C3%BC%C3%A7%C3%BCk_%C3%87aml%C4%B1ca,https://en.wikipedia.org/wiki/%C3%87aml%C4%B1ca_Tower,http://www.wikidata.org/entity/Q570116,"('41.016444444444', '29.065472222222')"
734,,41.088055555556,29.088333333333,Istanbul Medipol University,,A,green,,,private university,,Point(29.088333333 41.088055555),13.092,http://www.wikidata.org/entity/Q30253989,10.0,,https://de.wikipedia.org/wiki/%C4%B0stanbul_Medipol_%C3%9Cniversitesi,https://en.wikipedia.org/wiki/Istanbul_Medipol_University,http://www.wikidata.org/entity/Q902104,"('41.088055555556', '29.088333333333')"
735,,41.02752,29.06837,Camlica Hill,,A,green,,,hill,,Point(29.06837 41.02752),8.108,http://www.wikidata.org/entity/Q2414579,10.0,,,https://en.wikipedia.org/wiki/%C3%87aml%C4%B1ca_Hill,http://www.wikidata.org/entity/Q54050,"('41.02752', '29.06837')"
736,,41.03305556,28.98527778,Cihangir,,A,green,,,mahalle,,Point(28.98527778 41.03305556),3.069,http://www.wikidata.org/entity/Q3300867,10.0,,,https://en.wikipedia.org/wiki/Cihangir,http://www.wikidata.org/entity/Q17051044,"('41.03305556', '28.98527778')"
737,,41.009632,28.97889,Caferağa Medresseh,,A,green,,,madrasa,,Point(28.97889 41.009632),0.441,http://www.wikidata.org/entity/Q3301243,10.0,,,https://en.wikipedia.org/wiki/Cafera%C4%9Fa_Medrese,http://www.wikidata.org/entity/Q132834,"('41.009632', '28.97889')"
741,,40.963862,28.825765,Istanbul Aviation Museum,,A,green,,,military museum,,Point(28.825765 40.963862),13.457,http://www.wikidata.org/entity/Q3394116,10.0,,,https://en.wikipedia.org/wiki/Istanbul_Aviation_Museum,http://www.wikidata.org/entity/Q2772772,"('40.963862', '28.825765')"
744,,41.0399,28.9944,Beşiktaş J.K.,,A,green,,,multisports club,,Point(28.9944 41.0399),4.038,http://www.wikidata.org/entity/Q4086096,10.0,,,,http://www.wikidata.org/entity/Q13580678,"('41.0399', '28.9944')"
745,,41.0125,28.96555556,Istanbul University Observatory,,A,green,,,astronomical observatory,,Point(28.96555556 41.0125),1.101,http://www.wikidata.org/entity/Q4329995,10.0,,,https://en.wikipedia.org/wiki/Istanbul_University_Observatory,http://www.wikidata.org/entity/Q1254933,"('41.0125', '28.96555556')"
746,,41.04991,28.99168,Abdi İpekçi Street,,A,green,,,street,,Point(28.99168 41.04991),5.018,http://www.wikidata.org/entity/Q4471126,10.0,,,https://en.wikipedia.org/wiki/Abdi_%C4%B0pek%C3%A7i_Street,http://www.wikidata.org/entity/Q79007,"('41.04991', '28.99168')"
747,,41.052666666667,28.987555555556,assassination of Hrant Dink,,A,green,,,political murder,,Point(28.987555555 41.052666666),5.239,http://www.wikidata.org/entity/Q4808511,10.0,,,https://en.wikipedia.org/wiki/Assassination_of_Hrant_Dink,http://www.wikidata.org/entity/Q1139665,"('41.052666666667', '28.987555555556')"
749,,41.0184,28.9335,Topkapı,,A,green,,,mahalle,,Point(28.9335 41.0184),3.798,http://www.wikidata.org/entity/Q6080282,10.0,,,"https://en.wikipedia.org/wiki/Topkap%C4%B1,_Fatih",http://www.wikidata.org/entity/Q17051044,"('41.0184', '28.9335')"
750,,40.987092,28.842436,Ataköy,,A,green,,,neighborhood,,Point(28.842436 40.987092),11.401,http://www.wikidata.org/entity/Q6087586,10.0,,,"https://en.wikipedia.org/wiki/Atak%C3%B6y,_Bak%C4%B1rk%C3%B6y",http://www.wikidata.org/entity/Q123705,"('40.987092', '28.842436')"
751,,41.026711,28.982875,Nusretiye Clock Tower,,A,green,,,clock tower,,Point(28.982875 41.026711),2.336,http://www.wikidata.org/entity/Q7070378,10.0,,,https://en.wikipedia.org/wiki/Nusretiye_Clock_Tower,http://www.wikidata.org/entity/Q853854,"('41.026711', '28.982875')"
756,,41.0197,28.9572,Zeyrek,,A,green,,,mahalle,,Point(28.9572 41.0197),2.156,http://www.wikidata.org/entity/Q8069961,10.0,,,https://en.wikipedia.org/wiki/Zeyrek,http://www.wikidata.org/entity/Q17051044,"('41.0197', '28.9572')"
757,,41.0192,28.9554,Şeyh Süleyman Mosque,,A,green,,,mosque,,Point(28.9554 41.0192),2.232,http://www.wikidata.org/entity/Q8082507,10.0,,,https://en.wikipedia.org/wiki/%C5%9Eeyh_S%C3%BCleyman_Mosque,http://www.wikidata.org/entity/Q32815,"('41.0192', '28.9554')"
758,,41.073055555556,29.057777777778,Kandilli,,A,green,,,mahalle,,Point(29.057777777 41.073055555),10.107,http://www.wikidata.org/entity/Q12810206,10.0,,,"https://en.wikipedia.org/wiki/Kandilli,_%C3%9Csk%C3%BCdar",http://www.wikidata.org/entity/Q17051044,"('41.073055555556', '29.057777777778')"
759,,41.015277777778,28.977222222222,Istanbul Railway Museum,,A,green,,,railway museum,,Point(28.977222222 41.015277777),0.996,http://www.wikidata.org/entity/Q15228897,10.0,,,https://en.wikipedia.org/wiki/Istanbul_Railway_Museum,http://www.wikidata.org/entity/Q18704634,"('41.015277777778', '28.977222222222')"
762,,41.021948,28.943427,Mesih Mehmed Pasha Mosque,,A,green,,,külliye,,Point(28.943427 41.021948),3.226,http://www.wikidata.org/entity/Q56907,10.0,,,https://en.wikipedia.org/wiki/Mesih_Mehmed_Pasha_Mosque,http://www.wikidata.org/entity/Q71974,"('41.021948', '28.943427')"
767,,41.029,28.939,"Kasım Ağa Mosque, Istanbul",,A,green,,,mosque,,Point(28.939 41.029),3.987,http://www.wikidata.org/entity/Q6374536,10.0,,https://de.wikipedia.org/wiki/Kas%C4%B1m-A%C4%9Fa-Moschee,https://en.wikipedia.org/wiki/Kas%C4%B1m_Agha_Mosque,http://www.wikidata.org/entity/Q32815,"('41.029', '28.939')"
769,,41.02595,28.94986,Cistern of Aspar,,A,green,,,ancient Roman cistern,,Point(28.94986 41.02595),3.082,http://www.wikidata.org/entity/Q6076508,10.0,,https://de.wikipedia.org/wiki/Aspar-Zisterne,https://en.wikipedia.org/wiki/Cistern_of_Aspar,http://www.wikidata.org/entity/Q93429857,"('41.02595', '28.94986')"
770,,41.019722222222,28.996666666667,Marmaray Tunnel,,A,green,,,immersed tube,,Point(28.996666666 41.019722222),2.29,http://www.wikidata.org/entity/Q48768542,10.0,,https://de.wikipedia.org/wiki/Marmaray-Tunnel,https://en.wikipedia.org/wiki/Marmaray_Tunnel,http://www.wikidata.org/entity/Q332257,"('41.019722222222', '28.996666666667')"
772,,41.0078,28.9754,Palace of Lausus,,B,violet,,,palace,,Point(28.9754 41.0078),0.163,http://www.wikidata.org/entity/Q1997580,9.0,,https://de.wikipedia.org/wiki/Lausos-Palast,https://en.wikipedia.org/wiki/Palace_of_Lausus,http://www.wikidata.org/entity/Q16560,"('41.0078', '28.9754')"
773,,41.07216111,29.05796944,Adile Sultan Palace,,B,violet,,,architectural structure,,Point(29.05796944 41.07216111),10.045,http://www.wikidata.org/entity/Q3397413,9.0,,https://de.wikipedia.org/wiki/Adile-Sultan-Palast,https://en.wikipedia.org/wiki/Adile_Sultan_Palace,http://www.wikidata.org/entity/Q811979,"('41.07216111', '29.05796944')"
775,,41.00903056,28.98503333,Hodegon Monastery,,B,violet,,,monastery,,Point(28.98503333 41.00903056),0.823,http://www.wikidata.org/entity/Q3407358,9.0,,https://de.wikipedia.org/wiki/Hodegonkloster,https://en.wikipedia.org/wiki/Hodegon_Monastery,http://www.wikidata.org/entity/Q44613,"('41.00903056', '28.98503333')"
776,,41.0063,28.97456,Ibrahim Pasha Palace,,B,violet,,,seraglio,,Point(28.97456 41.0063),0.11,http://www.wikidata.org/entity/Q1655940,9.0,,https://de.wikipedia.org/wiki/Ibrahim-Pascha-Palast,https://en.wikipedia.org/wiki/Ibrahim_Pasha_Palace,http://www.wikidata.org/entity/Q1170287,"('41.0063', '28.97456')"
777,,41.035211,28.989851,F1,,B,violet,,,funicular line,,Point(28.989851 41.035211),3.413,http://www.wikidata.org/entity/Q503503,9.0,,https://de.wikipedia.org/wiki/F%C3%BCnik%C3%BCler_Kabata%C5%9F%E2%80%93Taksim,https://en.wikipedia.org/wiki/F1_Taksim%E2%80%93Kabata%C5%9F_funicular_line,http://www.wikidata.org/entity/Q106542031,"('41.035211', '28.989851')"
778,,41.006,28.923,Hadim Ibrahim Pasha Mosque,,B,violet,,,architectural structure,,Point(28.923 41.006),4.437,http://www.wikidata.org/entity/Q5637873,9.0,,https://de.wikipedia.org/wiki/Had%C4%B1m-%C4%B0brahim-Pascha-Moschee,https://en.wikipedia.org/wiki/Hadim_Ibrahim_Pasha_Mosque,http://www.wikidata.org/entity/Q811979,"('41.006', '28.923')"
782,,41.04555556,29.00861111,Ertuğrul Tekke Mosque,,B,violet,,,architectural structure,,Point(29.00861111 41.04555556),5.149,http://www.wikidata.org/entity/Q1137517,9.0,,https://de.wikipedia.org/wiki/Ertu%C4%9Frul-Tekke-Moschee,https://en.wikipedia.org/wiki/Ertu%C4%9Frul_Tekke_Mosque,http://www.wikidata.org/entity/Q811979,"('41.04555556', '29.00861111')"
785,,41.06333333,29.06222222,Kandilli Observatory,,B,violet,,,observatory,,Point(29.06222222 41.06333333),9.62,http://www.wikidata.org/entity/Q3565414,9.0,,https://de.wikipedia.org/wiki/Kandilli-Observatorium,https://en.wikipedia.org/wiki/Kandilli_Observatory,http://www.wikidata.org/entity/Q62832,"('41.06333333', '29.06222222')"
786,,41.000417,28.931897,Church of Saint Menas of Samatya,,B,violet,,,Eastern Orthodox church building,,Point(28.931897 41.000417),3.749,http://www.wikidata.org/entity/Q5117051,9.0,,https://de.wikipedia.org/wiki/St._Menas_(Istanbul),https://en.wikipedia.org/wiki/Church_of_Saint_Menas_of_Samatya,http://www.wikidata.org/entity/Q2031836,"('41.000417', '28.931897')"
788,,41.04,28.952666666667,Karaite Synagogue,,B,violet,,,synagogue,,Point(28.952666666 41.04),4.215,http://www.wikidata.org/entity/Q4219319,9.0,,"https://de.wikipedia.org/wiki/Kar%C3%A4ische_Synagoge_(Hask%C3%B6y,_Istanbul)",https://en.wikipedia.org/wiki/Karaite_Synagogue_(Istanbul),http://www.wikidata.org/entity/Q34627,"('41.04', '28.952666666667')"
789,,41.016,28.98,Prosphorion Harbour,,B,violet,,,harbor,,Point(28.98 41.016),1.124,http://www.wikidata.org/entity/Q18210845,9.0,,https://de.wikipedia.org/wiki/Prosphorion-Hafen,https://en.wikipedia.org/wiki/Prosphorion_Harbour,http://www.wikidata.org/entity/Q283202,"('41.016', '28.98')"
790,,41.081349,29.066136,Psilis,,B,violet,,,watercourse,,Point(29.066136 41.081349),11.26,http://www.wikidata.org/entity/Q735550,9.0,,,https://en.wikipedia.org/wiki/Psilis,http://www.wikidata.org/entity/Q355304,"('41.081349', '29.066136')"
791,,41.05,28.933333333333,Alibey Deresi,,B,violet,,,river,,Point(28.933333333 41.05),6.021,http://www.wikidata.org/entity/Q1226625,9.0,,,,http://www.wikidata.org/entity/Q4022,"('41.05', '28.933333333333')"
797,,41.0159277778,28.9528333333,Aviation Martyrs' Monument,,B,violet,,,cenotaph,,Point(28.952833333 41.015927777),2.205,http://www.wikidata.org/entity/Q1447350,9.0,,,https://en.wikipedia.org/wiki/Aviation_Martyrs%27_Monument,http://www.wikidata.org/entity/Q321053,"('41.0159277778', '28.9528333333')"
799,,40.9,27.6,Constantinople earthquake of 557,,B,violet,,,earthquake,,Point(28.95 41.03),3.407,http://www.wikidata.org/entity/Q1491406,9.0,,,https://en.wikipedia.org/wiki/557_Constantinople_earthquake,http://www.wikidata.org/entity/Q7944,"('40.9', '27.6')"
801,,40.983333,29.033333,Battle of Chalcedon,,B,violet,,,battle,,Point(29.033333 40.983333),5.461,http://www.wikidata.org/entity/Q2331925,9.0,,,https://en.wikipedia.org/wiki/Battle_of_Chalcedon_(74_BC),http://www.wikidata.org/entity/Q178561,"('40.983333', '29.033333')"
802,,41.0073,29.0533,Acıbadem,,B,violet,,,mahalle,,Point(29.0533 41.0073),6.498,http://www.wikidata.org/entity/Q2756264,9.0,,,"https://en.wikipedia.org/wiki/Ac%C4%B1badem,_%C3%9Csk%C3%BCdar",http://www.wikidata.org/entity/Q17051044,"('41.0073', '29.0533')"
803,,41.001667,29.038611,Acıbadem,,B,violet,,,mahalle,,Point(29.038611 41.001667),5.291,http://www.wikidata.org/entity/Q2823844,9.0,,,"https://en.wikipedia.org/wiki/Ac%C4%B1badem,_Kad%C4%B1k%C3%B6y",http://www.wikidata.org/entity/Q17051044,"('41.001667', '29.038611')"
805,,41.03376,28.97749,Galatasaray Museum,,B,violet,,,art museum,,Point(28.97749 41.03376),3.047,http://www.wikidata.org/entity/Q3329724,9.0,,,https://en.wikipedia.org/wiki/Galatasaray_Museum,http://www.wikidata.org/entity/Q207694,"('41.03376', '28.97749')"
808,,41.03833333,28.9425,Ayvansaray,,B,violet,,,mahalle,,Point(28.9425 41.03833333),4.523,http://www.wikidata.org/entity/Q3631397,9.0,,,https://en.wikipedia.org/wiki/Ayvansaray,http://www.wikidata.org/entity/Q17051044,"('41.03833333', '28.9425')"
809,,41.030556,28.890278,Battle of Katasyrtai,,B,violet,,,battle,,Point(28.890278 41.030556),7.667,http://www.wikidata.org/entity/Q3656916,9.0,,,https://en.wikipedia.org/wiki/Battle_of_Katasyrtai,http://www.wikidata.org/entity/Q178561,"('41.030556', '28.890278')"
812,,41.038777,28.9771,Adam Mickiewicz Museum,,B,violet,,,historic house museum,,Point(28.9771 41.038777),3.604,http://www.wikidata.org/entity/Q4679495,9.0,,,"https://en.wikipedia.org/wiki/Adam_Mickiewicz_Museum,_Istanbul",http://www.wikidata.org/entity/Q2087181,"('41.038777', '28.9771')"
815,,41.0315,29.0255,Fethi Paşa Korusu,,B,violet,,,grove,,Point(29.0255 41.0315),5.013,http://www.wikidata.org/entity/Q5182750,9.0,,,https://en.wikipedia.org/wiki/Fethi_Pa%C5%9Fa_Korusu,http://www.wikidata.org/entity/Q1510380,"('41.0315', '29.0255')"
816,,41.049,29.0296,Hatice Sultan Palace,,B,violet,,,yalı,,Point(29.0296 41.049),6.54,http://www.wikidata.org/entity/Q5681606,9.0,,,https://en.wikipedia.org/wiki/Hatice_Sultan_Mansion,http://www.wikidata.org/entity/Q2142647,"('41.049', '29.0296')"
817,,41.024969,28.941674,Vasat Atik Ali Pasha Mosque,,B,violet,,,architectural structure,,Point(28.941674 41.024969),3.536,http://www.wikidata.org/entity/Q6022200,9.0,,,https://en.wikipedia.org/wiki/Vasat_Atik_Ali_Pasha_Mosque,http://www.wikidata.org/entity/Q811979,"('41.024969', '28.941674')"
820,,40.96861111,29.09555556,Kozyatağı,,B,violet,,,mahalle,,Point(29.09555556 40.96861111),10.888,http://www.wikidata.org/entity/Q6059115,9.0,,,https://en.wikipedia.org/wiki/Kozyata%C4%9F%C4%B1,http://www.wikidata.org/entity/Q17051044,"('40.96861111', '29.09555556')"
822,,41.025687664805,28.935414130038,Karagümrük,,B,violet,,,mahalle,,Point(28.93541413 41.025687664),4.016,http://www.wikidata.org/entity/Q6102963,9.0,,,https://en.wikipedia.org/wiki/Karag%C3%BCmr%C3%BCk,http://www.wikidata.org/entity/Q17051044,"('41.025687664805', '28.935414130038')"
823,,41.063253,28.947183,Kâğıthane Creek,,B,violet,,,river,,Point(28.9473 41.0631),6.746,http://www.wikidata.org/entity/Q6597997,9.0,,,https://en.wikipedia.org/wiki/K%C3%A2%C4%9F%C4%B1thane_Creek,http://www.wikidata.org/entity/Q4022,"('41.063253', '28.947183')"
829,,41.060909,29.035375,Kuruçeşme,,B,violet,,,mahalle,,Point(29.035375 41.060909),7.853,http://www.wikidata.org/entity/Q6601541,9.0,,,https://en.wikipedia.org/wiki/Kuru%C3%A7e%C5%9Fme,http://www.wikidata.org/entity/Q17051044,"('41.060909', '29.035375')"
830,,41.0228,28.97834,Port of Istanbul,,B,violet,,,port,,Point(28.97834 41.0228),1.837,http://www.wikidata.org/entity/Q7231163,9.0,,,https://en.wikipedia.org/wiki/Port_of_Istanbul,http://www.wikidata.org/entity/Q44782,"('41.0228', '28.97834')"
831,,41.0097,29.0166,Selim Üsküdar Mosque,,B,violet,,,külliye,,Point(29.0166 41.0097),3.437,http://www.wikidata.org/entity/Q16825097,9.0,,,"https://en.wikipedia.org/wiki/Selimiye_Mosque,_%C3%9Csk%C3%BCdar",http://www.wikidata.org/entity/Q71974,"('41.0097', '29.0166')"
835,,41.0331204,28.9771208,Akdeniz,,B,violet,,,statue,,Point(28.9771208 41.0331204),2.975,http://www.wikidata.org/entity/Q17379799,9.0,,,https://en.wikipedia.org/wiki/Akdeniz_(sculpture),http://www.wikidata.org/entity/Q179700,"('41.0331204', '28.9771208')"
836,,41.047459,29.007426,Istanbul Region (statistical),,B,violet,,,statistical territorial entity,,Point(29.007426 41.047459),5.279,http://www.wikidata.org/entity/Q19838826,9.0,,,https://en.wikipedia.org/wiki/Istanbul_region_(statistical),http://www.wikidata.org/entity/Q15042037,"('41.047459', '29.007426')"
837,,41.025666666667,28.978416666667,Saint Gregory the Illuminator Church of Galata,,B,violet,,,church building,,Point(28.978416666 41.025666666),2.155,http://www.wikidata.org/entity/Q20472836,9.0,,,https://en.wikipedia.org/wiki/Saint_Gregory_the_Illuminator_Church_of_Galata,http://www.wikidata.org/entity/Q16970,"('41.025666666667', '28.978416666667')"
838,,41.010266,28.949001,Murat Pasha Mosque,,B,violet,,,architectural structure,,Point(28.949001 41.010266),2.296,http://www.wikidata.org/entity/Q60785191,9.0,,,"https://en.wikipedia.org/wiki/Murat_Pasha_Mosque,_Aksaray",http://www.wikidata.org/entity/Q811979,"('41.010266', '28.949001')"
841,,40.96805556,29.03194444,Fenerbahçe Lighthouse,,B,violet,,,lighthouse,,Point(29.03194444 40.96805556),6.349,http://www.wikidata.org/entity/Q6085777,9.0,,https://de.wikipedia.org/wiki/Leuchtturm_Fenerbah%C3%A7e,https://en.wikipedia.org/wiki/Fenerbah%C3%A7e_Lighthouse,http://www.wikidata.org/entity/Q39715,"('40.96805556', '29.03194444')"
842,,41.029071,28.939828,Odalar Mosque,,B,violet,,,architectural structure,,Point(28.939828 41.029071),3.938,http://www.wikidata.org/entity/Q7077254,9.0,,https://de.wikipedia.org/wiki/Odalar-Moschee,https://en.wikipedia.org/wiki/Odalar_Mosque,http://www.wikidata.org/entity/Q811979,"('41.029071', '28.939828')"
843,,41.039527777778,28.942472222222,Toklu Dede Mosque,,B,violet,,,mosque,,Point(28.942472222 41.039527777),4.63,http://www.wikidata.org/entity/Q7813639,9.0,,https://de.wikipedia.org/wiki/Toklu-Dede-Moschee,https://en.wikipedia.org/wiki/Toklu_Dede_Mosque,http://www.wikidata.org/entity/Q32815,"('41.039527777778', '28.942472222222')"
844,,41.04111099,28.98555565,Yedikule Surp Pırgiç Armenian Hospital,,B,violet,,,private hospital,,Point(28.98555565 41.04111099),3.946,http://www.wikidata.org/entity/Q8051082,9.0,,https://de.wikipedia.org/wiki/Yedikule_Surp_P%C4%B1rgi%C3%A7_Ermeni_Hastanesi,https://en.wikipedia.org/wiki/Surp_P%C4%B1rgi%C3%A7_Armenian_Hospital,http://www.wikidata.org/entity/Q4284971,"('41.04111099', '28.98555565')"
845,,40.9931,28.8861,Cistern of the Hebdomon,,B,violet,,,archaeological site,,Point(28.8861 40.9931),7.677,http://www.wikidata.org/entity/Q6078807,9.0,,https://de.wikipedia.org/wiki/Zisterne_von_Hebdomon,https://en.wikipedia.org/wiki/Cistern_of_the_Hebdomon,http://www.wikidata.org/entity/Q839954,"('40.9931', '28.8861')"
847,,40.986944444444,28.889166666667,Veliefendi Race Course,,B,violet,,,horse racing venue,,Point(28.889166666 40.986944444),7.59,http://www.wikidata.org/entity/Q2512389,8.0,,https://de.wikipedia.org/wiki/Veliefendi_Hipodromu,https://en.wikipedia.org/wiki/Veliefendi_Race_Course,http://www.wikidata.org/entity/Q11822917,"('40.986944444444', '28.889166666667')"
848,,41.0277,28.9771,Crimea Memorial Church,,B,violet,,,architectural structure,,Point(28.9771 41.0277),2.373,http://www.wikidata.org/entity/Q5185447,8.0,,https://de.wikipedia.org/wiki/Krim-Gedenkkirche,https://en.wikipedia.org/wiki/Crimea_Memorial_Church,http://www.wikidata.org/entity/Q811979,"('41.0277', '28.9771')"
851,,41.0604,28.9912,Şişli Plaza,,B,violet,,,skyscraper,,Point(28.9912 41.0604),6.142,http://www.wikidata.org/entity/Q3485327,8.0,,https://de.wikipedia.org/wiki/%C5%9Ei%C5%9Fli_Plaza,https://en.wikipedia.org/wiki/%C5%9Ei%C5%9Fli_Plaza,http://www.wikidata.org/entity/Q11303,"('41.0604', '28.9912')"
852,,41.05,29.05,Great Istanbul Tunnel,,B,violet,,,railway tunnel,,Point(29.05 41.05),7.886,http://www.wikidata.org/entity/Q19610870,8.0,,https://de.wikipedia.org/wiki/Gro%C3%9Fer_Istanbul-Tunnel,https://en.wikipedia.org/wiki/Great_Istanbul_Tunnel,http://www.wikidata.org/entity/Q1311958,"('41.05', '29.05')"
855,,41.053627,29.05492,Vahdettin Pavilion,,B,violet,,,pavilion,,Point(29.05492 41.053627),8.459,http://www.wikidata.org/entity/Q19613348,8.0,,https://de.wikipedia.org/wiki/Vahdettin-Pavillon,https://en.wikipedia.org/wiki/Vahdettin_Pavilion,http://www.wikidata.org/entity/Q276173,"('41.053627', '29.05492')"
857,,41.0278,28.9392,Cistern of Aetius,,B,violet,,,stadium,,Point(28.9392 41.0278),3.891,http://www.wikidata.org/entity/Q17989029,8.0,,https://de.wikipedia.org/wiki/Aetius-Zisterne,https://en.wikipedia.org/wiki/Cistern_of_Aetius,http://www.wikidata.org/entity/Q483110,"('41.0278', '28.9392')"
859,,41.01667,28.975,Neorion Harbour,,B,violet,,,harbor,,Point(28.975 41.01667),1.146,http://www.wikidata.org/entity/Q18123476,8.0,,https://de.wikipedia.org/wiki/Neorion-Hafen,https://en.wikipedia.org/wiki/Neorion_Harbour,http://www.wikidata.org/entity/Q283202,"('41.01667', '28.975')"
861,,40.97593,29.07073,İstanbul Toy Museum,,B,violet,,,toy museum,,Point(29.07073 40.97593),8.651,http://www.wikidata.org/entity/Q2743371,8.0,,,https://en.wikipedia.org/wiki/Istanbul_Toy_Museum,http://www.wikidata.org/entity/Q2310465,"('40.97593', '29.07073')"
862,,41.05694444,28.82027778,Altınbaş University,,B,violet,,,private university,,Point(28.82027778 41.05694444),14.21,http://www.wikidata.org/entity/Q2756518,8.0,,,https://en.wikipedia.org/wiki/Alt%C4%B1nba%C5%9F_University,http://www.wikidata.org/entity/Q902104,"('41.05694444', '28.82027778')"
863,,41.0093,28.9802,Soğukçeşme Sokağı,,B,violet,,,street,,Point(28.9802 41.0093),0.487,http://www.wikidata.org/entity/Q3300856,8.0,,,https://en.wikipedia.org/wiki/So%C4%9Fuk%C3%A7e%C5%9Fme_Soka%C4%9F%C4%B1,http://www.wikidata.org/entity/Q79007,"('41.0093', '28.9802')"
864,,41.1182,29.0663,Yeniköy Synagogue,,B,violet,,,synagogue,,Point(29.0663 41.1182),14.562,http://www.wikidata.org/entity/Q3404711,8.0,,,https://en.wikipedia.org/wiki/Yenik%C3%B6y_Synagogue,http://www.wikidata.org/entity/Q34627,"('41.1182', '29.0663')"
865,,41.0456,28.8963,Sea Life İstanbul,,B,violet,,,public aquarium,,Point(28.8963 41.0456),7.973,http://www.wikidata.org/entity/Q4809463,8.0,,,https://en.wikipedia.org/wiki/TurkuaZoo,http://www.wikidata.org/entity/Q2281788,"('41.0456', '28.8963')"
867,,41.0486,28.9944,Teşvikiye,,B,violet,,,mahalle,,Point(28.9944 41.0486),4.945,http://www.wikidata.org/entity/Q5274738,8.0,,,https://en.wikipedia.org/wiki/Te%C5%9Fvikiye,http://www.wikidata.org/entity/Q17051044,"('41.0486', '28.9944')"
869,,41.01667,28.94788,İskender Pasha Mosque,,B,violet,,,architectural structure,,Point(28.94788 41.01667),2.612,http://www.wikidata.org/entity/Q6045782,8.0,,,"https://en.wikipedia.org/wiki/%C4%B0skender_Pasha_Mosque,_Fatih",http://www.wikidata.org/entity/Q811979,"('41.01667', '28.94788')"
871,,40.96666667,29.06277778,Caddebostan,,B,violet,,,mahalle,,Point(29.06277778 40.96666667),8.527,http://www.wikidata.org/entity/Q6058785,8.0,,,https://en.wikipedia.org/wiki/Caddebostan,http://www.wikidata.org/entity/Q17051044,"('40.96666667', '29.06277778')"
872,,41.006929,29.035457,Koşuyolu,,B,violet,,,mahalle,,Point(29.035457 41.006929),5.0,http://www.wikidata.org/entity/Q6059322,8.0,,,"https://en.wikipedia.org/wiki/Ko%C5%9Fuyolu,_Kad%C4%B1k%C3%B6y",http://www.wikidata.org/entity/Q17051044,"('41.006929', '29.035457')"
873,,41.01111944,28.97133056,Mahmut Pasha Mosque,,B,violet,,,külliye,,Point(28.97133056 41.01111944),0.65,http://www.wikidata.org/entity/Q6070291,8.0,,,"https://en.wikipedia.org/wiki/Mahmut_Pasha_Mosque,_Emin%C3%B6n%C3%BC",http://www.wikidata.org/entity/Q71974,"('41.01111944', '28.97133056')"
877,,41.106819,29.082879,Çubuklu,,B,violet,,,mahalle,,Point(29.082879 41.106819),14.325,http://www.wikidata.org/entity/Q6074264,8.0,,,https://en.wikipedia.org/wiki/%C3%87ubuklu,http://www.wikidata.org/entity/Q17051044,"('41.106819', '29.082879')"
878,,41.04916667,28.91555556,Rami Barracks,,B,violet,,,barracks,,Point(28.91555556 41.04916667),6.945,http://www.wikidata.org/entity/Q6074552,8.0,,,https://en.wikipedia.org/wiki/Rami_Barracks,http://www.wikidata.org/entity/Q131263,"('41.04916667', '28.91555556')"
880,,41.02666667,28.98111111,Tophane Fountain,,B,violet,,,architectural structure,,Point(28.98111111 41.02666667),2.298,http://www.wikidata.org/entity/Q6077177,8.0,,,https://en.wikipedia.org/wiki/Tophane_Fountain,http://www.wikidata.org/entity/Q811979,"('41.02666667', '28.98111111')"
881,,41.04472222,28.99388889,Maçka Gondola,,B,violet,,,gondola lift,,Point(28.99388889 41.04472222),4.523,http://www.wikidata.org/entity/Q6077189,8.0,,,https://en.wikipedia.org/wiki/Ma%C3%A7ka_Gondola,http://www.wikidata.org/entity/Q1576693,"('41.04472222', '28.99388889')"
883,,41.0864,29.0713,Anadolu Hisarı,,B,violet,,,mahalle,,Point(29.0713 41.0864),11.967,http://www.wikidata.org/entity/Q6087412,8.0,,,"https://en.wikipedia.org/wiki/Anadoluhisar%C4%B1,_Beykoz",http://www.wikidata.org/entity/Q17051044,"('41.0864', '29.0713')"
884,,41.02,29.02,murder of Ahmet Yıldız,,B,violet,,,murder,,Point(29.02 41.02),4.0,http://www.wikidata.org/entity/Q6098423,8.0,,,https://en.wikipedia.org/wiki/Murder_of_Ahmet_Y%C4%B1ld%C4%B1z,http://www.wikidata.org/entity/Q132821,"('41.02', '29.02')"
885,,41.10002,29.06587,"İskender Pasha Mosque, Kanlıca",,B,violet,,,külliye,,Point(29.06587 41.10002),12.859,http://www.wikidata.org/entity/Q6104328,8.0,,,"https://en.wikipedia.org/wiki/%C4%B0skender_Pasha_Mosque,_Kanl%C4%B1ca",http://www.wikidata.org/entity/Q71974,"('41.10002', '29.06587')"
890,,40.9951,28.9309,Kennedy Avenue,,B,violet,,,avenue,,Point(28.9309 40.9951),3.977,http://www.wikidata.org/entity/Q6389586,8.0,,,https://en.wikipedia.org/wiki/Kennedy_Avenue,http://www.wikidata.org/entity/Q7543083,"('40.9951', '28.9309')"
891,,41.027851,28.9842993,Istanbul Painting and Sculpture Museum,,B,violet,,,art museum,,Point(28.9842993 41.027851),2.49,http://www.wikidata.org/entity/Q6447963,8.0,,,https://en.wikipedia.org/wiki/Istanbul_Museum_of_Painting_and_Sculpture,http://www.wikidata.org/entity/Q207694,"('41.027851', '28.9842993')"
892,,41.01,28.9632,Museum of Turkish Calligraphy Art,,B,violet,,,calligraphy museum,,Point(28.9632 41.01),1.137,http://www.wikidata.org/entity/Q6549659,8.0,,,https://en.wikipedia.org/wiki/Museum_of_Turkish_Calligraphy_Art,http://www.wikidata.org/entity/Q132718497,"('41.01', '28.9632')"
893,,41.04972222,28.93416667,Eyüp Gondola,,B,violet,,,gondola lift,,Point(28.93416667 41.04972222),5.955,http://www.wikidata.org/entity/Q6741671,8.0,,,https://en.wikipedia.org/wiki/Ey%C3%BCp_Gondola,http://www.wikidata.org/entity/Q1576693,"('41.04972222', '28.93416667')"
895,,41.0065,28.9506,Lycus,,B,violet,,,former river,,Point(28.9506 41.0065),2.121,http://www.wikidata.org/entity/Q6857272,8.0,,,https://en.wikipedia.org/wiki/Lycus_(river_of_Constantinople),http://www.wikidata.org/entity/Q27067659,"('41.0065', '28.9506')"
899,,40.963333333333,28.839444444444,Yeşilyurt,,B,violet,,,mahalle,,Point(28.839444444 40.963333333),12.411,http://www.wikidata.org/entity/Q8053388,8.0,,,"https://en.wikipedia.org/wiki/Ye%C5%9Filyurt,_Bak%C4%B1rk%C3%B6y",http://www.wikidata.org/entity/Q17051044,"('40.963333333333', '28.839444444444')"
900,,41.009272,28.81495,Yenibosna Merkez,,B,violet,,,mahalle,,Point(28.81495 41.009272),13.506,http://www.wikidata.org/entity/Q12812591,8.0,,,https://en.wikipedia.org/wiki/Yenibosna,http://www.wikidata.org/entity/Q17051044,"('41.009272', '28.81495')"
901,,41.037139597414,28.985724898077,Taksim Transfer Center,,B,violet,,,interchange station,,Point(28.985724898 41.037139597),3.519,http://www.wikidata.org/entity/Q16952987,8.0,,,https://en.wikipedia.org/wiki/Taksim_(Istanbul_Metro),http://www.wikidata.org/entity/Q1147171,"('41.037139597414', '28.985724898077')"
902,,41.0199,29.0292,Çinili Mosque,,B,violet,,,architectural structure,,Point(29.0292 41.0199),4.72,http://www.wikidata.org/entity/Q18515442,8.0,,,https://en.wikipedia.org/wiki/%C3%87inili_Mosque,http://www.wikidata.org/entity/Q811979,"('41.0199', '29.0292')"
905,,41.004027777778,29.019861111111,University of Health Sciences,,B,violet,,,public university,,Point(29.019861111 41.004027777),3.7,http://www.wikidata.org/entity/Q19612850,8.0,,,https://en.wikipedia.org/wiki/University_of_Health_Sciences_(Turkey),http://www.wikidata.org/entity/Q875538,"('41.004027777778', '29.019861111111')"
906,,41.035566296454,28.979656123367,St. Mary of Sakızağaç Cathedral,,B,violet,,,Catholic cathedral,,Point(28.979656123 41.035566296),3.261,http://www.wikidata.org/entity/Q27925126,8.0,,,"https://en.wikipedia.org/wiki/St._Mary_of_Sak%C4%B1za%C4%9Fa%C3%A7_Cathedral,_Istanbul",http://www.wikidata.org/entity/Q56242215,"('41.035566296454', '28.979656123367')"
907,,41.0113182,28.9804363,Museum of the Ancient Orient,,B,violet,,,museum,,Point(28.9804363 41.0113182),0.669,http://www.wikidata.org/entity/Q99397898,8.0,,,https://en.wikipedia.org/wiki/Museum_of_the_Ancient_Orient,http://www.wikidata.org/entity/Q33506,"('41.0113182', '28.9804363')"
909,,41.109444444444,29.023888888889,Diamond of Istanbul,,B,violet,,,skyscraper,,Point(29.023888888 41.109444444),12.146,http://www.wikidata.org/entity/Q1208733,7.0,,https://de.wikipedia.org/wiki/Diamond_of_Istanbul,https://en.wikipedia.org/wiki/Rams_Beyond,http://www.wikidata.org/entity/Q11303,"('41.109444444444', '29.023888888889')"
911,,41.053889,28.983889,Feriköy Protestant Cemetery,,B,violet,,,Commonwealth War Graves Commission maintained cemetery,,Point(28.983889 41.053889),5.325,http://www.wikidata.org/entity/Q5444318,7.0,,https://de.wikipedia.org/wiki/Protestantischer_Friedhof_Ferik%C3%B6y,https://en.wikipedia.org/wiki/Ferik%C3%B6y_Protestant_Cemetery,http://www.wikidata.org/entity/Q14750991,"('41.053889', '28.983889')"
913,,41.0363777778,29.0295944444,Bet Yaakov Synagogue,,B,violet,,,synagogue,,Point(29.029594444 41.036377777),5.607,http://www.wikidata.org/entity/Q4897165,7.0,,https://de.wikipedia.org/wiki/Beit-Yaakov-Synagoge,https://en.wikipedia.org/wiki/Bet_Yaakov_Synagogue,http://www.wikidata.org/entity/Q34627,"('41.0363777778', '29.0295944444')"
914,,41.02975,28.94212,Bogdan Saray,,B,violet,,,palace,,Point(28.94212 41.02975),3.843,http://www.wikidata.org/entity/Q4937471,7.0,,https://de.wikipedia.org/wiki/Bo%C4%9Fdan_Saray%C4%B1,https://en.wikipedia.org/wiki/Bogdan_Saray,http://www.wikidata.org/entity/Q16560,"('41.02975', '28.94212')"
916,,40.999722,28.918056,Balıklı Greek Hospital,,B,violet,,,private hospital,,Point(28.918056 40.999722),4.908,http://www.wikidata.org/entity/Q2857801,7.0,,https://de.wikipedia.org/wiki/Bal%C4%B1kl%C4%B1_Rum_Hastanesi,https://en.wikipedia.org/wiki/Bal%C4%B1kl%C4%B1_Greek_Hospital,http://www.wikidata.org/entity/Q4284971,"('40.999722', '28.918056')"
917,,41.070317,28.922099,Vialand,,B,violet,,,amusement park,,Point(28.922099 41.070317),8.419,http://www.wikidata.org/entity/Q15078111,7.0,,https://de.wikipedia.org/wiki/%C4%B0sfanbul,,http://www.wikidata.org/entity/Q194195,"('41.070317', '28.922099')"
920,,41.1199036,29.0249233,Mabeyn-i hümayun,,B,violet,,,architectural structure,,Point(29.0249233 41.1199036),13.276,http://www.wikidata.org/entity/Q6050975,7.0,,https://de.wikipedia.org/wiki/Mabeyn,https://en.wikipedia.org/wiki/Mabeyn-i_h%C3%BCmayun,http://www.wikidata.org/entity/Q811979,"('41.1199036', '29.0249233')"
922,,41.0458,28.9883,Istanbul Congress Center,,B,violet,,,convention center,,Point(28.9883 41.0458),4.505,http://www.wikidata.org/entity/Q16850265,7.0,,https://de.wikipedia.org/wiki/Istanbul_Congress_Center,https://en.wikipedia.org/wiki/Istanbul_Congress_Center,http://www.wikidata.org/entity/Q1378975,"('41.0458', '28.9883')"
923,,41.026787,29.015355,Fountain of Ahmed III (Üsküdar),,B,violet,,,fountain,,Point(29.015362 41.026829),4.018,http://www.wikidata.org/entity/Q16947921,7.0,,https://de.wikipedia.org/wiki/Brunnen_vor_der_Iskele-Moschee_in_%C3%9Csk%C3%BCdar,https://en.wikipedia.org/wiki/Fountain_of_Ahmed_III_(%C3%9Csk%C3%BCdar),http://www.wikidata.org/entity/Q483453,"('41.026787', '29.015355')"
931,,41.109018,29.007814,Volkswagen Arena Istanbul,,B,violet,,,sports venue,,Point(29.007814 41.109018),11.722,http://www.wikidata.org/entity/Q24298851,7.0,,https://de.wikipedia.org/wiki/Volkswagen_Arena_Istanbul,https://en.wikipedia.org/wiki/Volkswagen_Arena_(Istanbul),http://www.wikidata.org/entity/Q1076486,"('41.109018', '29.007814')"
932,,41.0159,28.9658,Süleymaniye Hamam,,B,violet,,,hammam,,Point(28.9658 41.0159),1.354,http://www.wikidata.org/entity/Q749094,7.0,,,https://en.wikipedia.org/wiki/S%C3%BCleymaniye_Hamam,http://www.wikidata.org/entity/Q28077,"('41.0159', '28.9658')"
934,,41.010916666667,28.871666666667,2008 Istanbul bombings,,B,violet,,,bomb attack,,Point(28.871666666 41.010916666),8.758,http://www.wikidata.org/entity/Q1653835,7.0,,,https://en.wikipedia.org/wiki/2008_Istanbul_bombings,http://www.wikidata.org/entity/Q891854,"('41.010916666667', '28.871666666667')"
936,,41.038216,28.951102,Handan Agha Mosque,,B,violet,,,architectural structure,,Point(28.951102 41.038216),4.105,http://www.wikidata.org/entity/Q3397455,7.0,,,https://en.wikipedia.org/wiki/Handan_Agha_Mosque,http://www.wikidata.org/entity/Q811979,"('41.038216', '28.951102')"
939,,40.9948,29.0273,Hemdat Israel Synagogue,,B,violet,,,synagogue,,Point(29.0273 40.9948),4.504,http://www.wikidata.org/entity/Q3409173,7.0,,,https://en.wikipedia.org/wiki/Hemdat_Israel_Synagogue,http://www.wikidata.org/entity/Q34627,"('40.9948', '29.0273')"
940,,41.048305555556,29.025416666667,Etz Ahayim Synagogue,,B,violet,,,synagogue,,Point(29.025416666 41.048305555),6.245,http://www.wikidata.org/entity/Q3409797,7.0,,,https://en.wikipedia.org/wiki/Etz_Ahayim_Synagogue,http://www.wikidata.org/entity/Q34627,"('41.048305555556', '29.025416666667')"
941,,40.95833333,29.09555556,Bostancı,,B,violet,,,mahalle,,Point(29.09555556 40.95833333),11.378,http://www.wikidata.org/entity/Q3564169,7.0,,,https://en.wikipedia.org/wiki/Bostanc%C4%B1,http://www.wikidata.org/entity/Q17051044,"('40.95833333', '29.09555556')"
942,,41.015277777778,28.984722222222,Siege of Byzantium,,B,violet,,,siege,,Point(28.984722222 41.015277777),1.237,http://www.wikidata.org/entity/Q3625453,7.0,,,https://en.wikipedia.org/wiki/Siege_of_Byzantium_(324),http://www.wikidata.org/entity/Q188055,"('41.015277777778', '28.984722222222')"
943,,41.0415,28.9478,USS Thornback,,B,violet,,,preserved watercraft,,Point(28.9478 41.0415),4.56,http://www.wikidata.org/entity/Q4817294,7.0,,,https://en.wikipedia.org/wiki/USS_Thornback,http://www.wikidata.org/entity/Q130326199,"('41.0415', '28.9478')"
945,,41.011,28.9583,Balaban Aga Mosque,,B,violet,,,architectural structure,,Point(28.9583 41.011),1.561,http://www.wikidata.org/entity/Q4849720,7.0,,,https://en.wikipedia.org/wiki/Balaban_Aga_Mosque,http://www.wikidata.org/entity/Q811979,"('41.011', '28.9583')"
947,,41.0106,28.9756,Cağaloğlu Hamam,,B,violet,,,hammam,,Point(28.9756 41.0106),0.47,http://www.wikidata.org/entity/Q5055609,7.0,,,https://en.wikipedia.org/wiki/Ca%C4%9Falo%C4%9Flu_Hamam,http://www.wikidata.org/entity/Q28077,"('41.0106', '28.9756')"
949,,41.04583333,28.99027778,Cemil Topuzlu Open-Air Theatre,,B,violet,,,concert hall,,Point(28.99027778 41.04583333),4.55,http://www.wikidata.org/entity/Q5058732,7.0,,,https://en.wikipedia.org/wiki/Cemil_Topuzlu_Open-Air_Theatre,http://www.wikidata.org/entity/Q1060829,"('41.04583333', '28.99027778')"
951,,41.0579,28.99,Etfal Hospital Clock Tower,,B,violet,,,clock tower,,Point(28.99 41.0579),5.85,http://www.wikidata.org/entity/Q5402823,7.0,,,https://en.wikipedia.org/wiki/Etfal_Hospital_Clock_Tower,http://www.wikidata.org/entity/Q853854,"('41.0579', '28.99')"
952,,41.0145341,28.9489921,İskenderpaşa,,B,violet,,,mahalle,,Point(28.9489921 41.0145341),2.431,http://www.wikidata.org/entity/Q5998229,7.0,,,https://en.wikipedia.org/wiki/%C4%B0skenderpa%C5%9Fa,http://www.wikidata.org/entity/Q17051044,"('41.0145341', '28.9489921')"
953,,41.030138888889,28.987083333333,Şehzade Cihangir Mosque,,B,violet,,,architectural structure,,Point(28.987083333 41.030138888),2.804,http://www.wikidata.org/entity/Q6071980,7.0,,,,http://www.wikidata.org/entity/Q811979,"('41.030138888889', '28.987083333333')"
957,,41.051743,28.89217583,Kocatepe,,B,violet,,,mahalle,,Point(28.89217583 41.051743),8.644,http://www.wikidata.org/entity/Q6073426,7.0,,,,http://www.wikidata.org/entity/Q17051044,"('41.051743', '28.89217583')"
958,,41.013333,28.963611,Istanbul Zoology Museum,,B,violet,,,university museum,,Point(28.963611 41.013333),1.287,http://www.wikidata.org/entity/Q6088683,7.0,,,https://en.wikipedia.org/wiki/Istanbul_Zoology_Museum,http://www.wikidata.org/entity/Q866133,"('41.013333', '28.963611')"
960,,41.00615833,28.93497222,Hekimoğlu Ali Pasha Mosque,,B,violet,,,architectural structure,,Point(28.93497222 41.00615833),3.432,http://www.wikidata.org/entity/Q6095391,7.0,,,https://en.wikipedia.org/wiki/Hekimo%C4%9Flu_Ali_Pasha_Mosque,http://www.wikidata.org/entity/Q811979,"('41.00615833', '28.93497222')"
963,,41.10419,29.05183,Emirgan,,B,violet,,,mahalle,,Point(29.05183 41.10419),12.603,http://www.wikidata.org/entity/Q6097190,7.0,,,https://en.wikipedia.org/wiki/Emirgan,http://www.wikidata.org/entity/Q17051044,"('41.10419', '29.05183')"
964,,41.04406,28.99367,Maçka Park,,B,violet,,,urban park,,Point(28.99367 41.04406),4.448,http://www.wikidata.org/entity/Q6098591,7.0,,,https://en.wikipedia.org/wiki/Ma%C3%A7ka_Park,http://www.wikidata.org/entity/Q22746,"('41.04406', '28.99367')"
965,,41.010864,28.9634843,Beyazıt State Library,,B,violet,,,architectural structure,,Point(28.9634843 41.010864),1.153,http://www.wikidata.org/entity/Q6099217,7.0,,,https://en.wikipedia.org/wiki/Beyaz%C4%B1t_State_Library,http://www.wikidata.org/entity/Q811979,"('41.010864', '28.9634843')"
967,,41.0112953,28.9772778,Ottoman Department of Foreign Affairs,,B,violet,,,foreign affairs ministry,,Point(28.9772778 41.0112953),0.559,http://www.wikidata.org/entity/Q6099832,7.0,,,https://en.wikipedia.org/wiki/Ministry_of_Foreign_Affairs_(Ottoman_Empire),http://www.wikidata.org/entity/Q20901295,"('41.0112953', '28.9772778')"
969,,41.04516944,29.04573333,Beylerbeyi Mosque,,B,violet,,,architectural structure,,Point(29.04573333 41.04516944),7.276,http://www.wikidata.org/entity/Q6845681,7.0,,,https://en.wikipedia.org/wiki/Beylerbeyi_Mosque,http://www.wikidata.org/entity/Q811979,"('41.04516944', '29.04573333')"
972,,41.0533,28.985280555556,Pangaltı Catholic Cemetery,,B,violet,,,Catholic cemetery,,Point(28.985280555 41.0533),5.276,http://www.wikidata.org/entity/Q7130905,7.0,,,https://en.wikipedia.org/wiki/Pangalt%C4%B1_Catholic_Cemetery,http://www.wikidata.org/entity/Q21554881,"('41.0533', '28.985280555556')"
974,,41.02401,28.95969,Rezan Has Museum,,B,violet,,,private museum,,Point(28.95969 41.02401),2.384,http://www.wikidata.org/entity/Q7319839,7.0,,,https://en.wikipedia.org/wiki/Rezan_Has_Museum,http://www.wikidata.org/entity/Q614316,"('41.02401', '28.95969')"
976,,41.0281,29.0211,Sultantepe,,B,violet,,,mahalle,,Point(29.0211 41.0281),4.498,http://www.wikidata.org/entity/Q7636823,7.0,,,"https://en.wikipedia.org/wiki/Sultantepe,_%C3%9Csk%C3%BCdar",http://www.wikidata.org/entity/Q17051044,"('41.0281', '29.0211')"
977,,41.0509,28.9401,Sütlüce,,B,violet,,,mahalle,,Point(28.9401 41.0509),5.788,http://www.wikidata.org/entity/Q7666785,7.0,,,"https://en.wikipedia.org/wiki/S%C3%BCtl%C3%BCce,_Beyo%C4%9Flu",http://www.wikidata.org/entity/Q17051044,"('41.0509', '28.9401')"
978,,41.027855555556,28.945788888889,Çarşamba,,B,violet,,,quarter,,Point(28.945788888 41.027855555),3.474,http://www.wikidata.org/entity/Q8077543,7.0,,,"https://en.wikipedia.org/wiki/%C3%87ar%C5%9Famba,_Fatih",http://www.wikidata.org/entity/Q2983893,"('41.027855555556', '28.945788888889')"
980,,41.01098,28.97827,Ahmet Hamdi Tanpınar Literature Museum Library,,B,violet,,,archive,,Point(28.97827 41.01098),0.55,http://www.wikidata.org/entity/Q15961666,7.0,,,https://en.wikipedia.org/wiki/Ahmet_Hamdi_Tanp%C4%B1nar_Literature_Museum_Library,http://www.wikidata.org/entity/Q166118,"('41.01098', '28.97827')"
984,,41.016527777778,28.955805555556,Sekbanbaşı Mosque,,B,violet,,,architectural structure,,Point(28.955805555 41.016527777),2.027,http://www.wikidata.org/entity/Q16331062,7.0,,,https://en.wikipedia.org/wiki/Sekbanba%C5%9F%C4%B1_Mosque,http://www.wikidata.org/entity/Q811979,"('41.016527777778', '28.955805555556')"
988,,40.990200730041,29.021499236528,Kadıköy,,B,violet,,,interchange station,,Point(29.021499236 40.99020073),4.231,http://www.wikidata.org/entity/Q18712376,7.0,,,https://en.wikipedia.org/wiki/Kad%C4%B1k%C3%B6y_(Istanbul_Metro),http://www.wikidata.org/entity/Q1147171,"('40.990200730041', '29.021499236528')"
992,,41.012150694276,28.947930940132,Aksaray,,B,violet,,,interchange station,,Point(28.94793094 41.012150694),2.431,http://www.wikidata.org/entity/Q19610449,7.0,,,https://en.wikipedia.org/wiki/Aksaray_(Istanbul_Metro),http://www.wikidata.org/entity/Q1147171,"('41.012150694276', '28.947930940132')"
995,,41.064362741904,28.992563269634,Şişli—Mecidiyeköy,,B,violet,,,interchange station,,Point(28.992563269 41.064362741),6.597,http://www.wikidata.org/entity/Q19613989,7.0,,,https://en.wikipedia.org/wiki/%C5%9Ei%C5%9Fli%E2%80%94Mecidiyek%C3%B6y_(Istanbul_Metro),http://www.wikidata.org/entity/Q1147171,"('41.064362741904', '28.992563269634')"
997,,40.989913,29.024315,Surp Takavor Church,,B,violet,,,church building,,Point(29.024315 40.989913),4.459,http://www.wikidata.org/entity/Q20471319,7.0,,,https://en.wikipedia.org/wiki/Surp_Takavor_Church,http://www.wikidata.org/entity/Q16970,"('40.989913', '29.024315')"
999,,41.024297626408,28.929993951694,Topkapı—Ulubatlı,,B,violet,,,interchange station,,Point(28.929993951 41.024297626),4.334,http://www.wikidata.org/entity/Q20718167,7.0,,,https://en.wikipedia.org/wiki/Topkap%C4%B1-Ulubatl%C4%B1_(Istanbul_Metro),http://www.wikidata.org/entity/Q1147171,"('41.024297626408', '28.929993951694')"
1003,,41.034157607833,28.992451236484,Kabataş Transfer Center,,B,violet,,,interchange station,,Point(28.992451236 41.034157607),3.387,http://www.wikidata.org/entity/Q25472474,7.0,,,https://en.wikipedia.org/wiki/Kabata%C5%9F_(Istanbul_Metro),http://www.wikidata.org/entity/Q1147171,"('41.034157607833', '28.992451236484')"
1004,,41.001666666667,29.109722222222,Istanbul Financial Center,,B,violet,,,building complex,,Point(29.109722222 41.001666666),11.244,http://www.wikidata.org/entity/Q6101566,7.0,,https://de.wikipedia.org/wiki/%C4%B0stanbul_Finans_Merkezi,https://en.wikipedia.org/wiki/Istanbul_Financial_Center,http://www.wikidata.org/entity/Q1497364,"('41.001666666667', '29.109722222222')"
1005,,41.05861111,29.05472222,Kuleli Military High School,,B,violet,,,architectural structure,,Point(29.05472222 41.05861111),8.801,http://www.wikidata.org/entity/Q6442920,7.0,,https://de.wikipedia.org/wiki/Kuleli_Asker%C3%AE_Lisesi,https://en.wikipedia.org/wiki/Kuleli_Military_High_School,http://www.wikidata.org/entity/Q811979,"('41.05861111', '29.05472222')"
1008,,41.03,28.9786,Liceo Italiano,,B,violet,,,international school,,Point(28.9786 41.03),2.636,http://www.wikidata.org/entity/Q6543110,7.0,,https://de.wikipedia.org/wiki/Liceo_Italiano,https://en.wikipedia.org/wiki/Liceo_Italiano_di_Istanbul,http://www.wikidata.org/entity/Q572835,"('41.03', '28.9786')"
1010,,41.042305555556,28.988305555556,Pangaltı Armenian Cemetery,,B,violet,,,destroyed building or structure,,Point(28.988305555 41.042305555),4.128,http://www.wikidata.org/entity/Q7130904,7.0,,https://de.wikipedia.org/wiki/Armenischer_Friedhof_(Pangalt%C4%B1),https://en.wikipedia.org/wiki/Pangalt%C4%B1_Armenian_Cemetery,http://www.wikidata.org/entity/Q19860854,"('41.042305555556', '28.988305555556')"
1012,,41.016724,29.010502,Salacak,,B,violet,,,mahalle,,Point(29.010502 41.016724),3.125,http://www.wikidata.org/entity/Q7403368,7.0,,https://de.wikipedia.org/wiki/Salacak,https://en.wikipedia.org/wiki/Salacak,http://www.wikidata.org/entity/Q17051044,"('41.016724', '29.010502')"
1013,,40.9910017,29.0376538,Söğütlüçeşme railway station,,B,violet,,,interchange station,,Point(29.0376538 40.9910017),5.459,http://www.wikidata.org/entity/Q7666457,7.0,,https://de.wikipedia.org/wiki/Bahnhof_Istanbul_S%C3%B6%C4%9F%C3%BCtl%C3%BC%C3%A7e%C5%9Fme,https://en.wikipedia.org/wiki/S%C3%B6%C4%9F%C3%BCtl%C3%BC%C3%A7e%C5%9Fme_railway_station,http://www.wikidata.org/entity/Q1147171,"('40.9910017', '29.0376538')"
1016,,41.10983333,29.02044444,Proje4L / Elgiz Museum of Contemporary Art,,B,violet,,,art museum,,Point(29.02044444 41.10983333),12.095,http://www.wikidata.org/entity/Q2112323,6.0,,https://de.wikipedia.org/wiki/Proje4L/Elgiz_Museum_of_Contemporary_Art,https://en.wikipedia.org/wiki/Elgiz_Museum,http://www.wikidata.org/entity/Q207694,"('41.10983333', '29.02044444')"
1018,,41.06722222,28.94583333,Silahtarağa Power Station,,B,violet,,,power station,,Point(28.94583333 41.06722222),7.219,http://www.wikidata.org/entity/Q4817892,6.0,,https://de.wikipedia.org/wiki/Silahtara%C4%9Fa_Elektrik_Santral%C4%B1,https://en.wikipedia.org/wiki/Silahtara%C4%9Fa_Power_Station,http://www.wikidata.org/entity/Q159719,"('41.06722222', '28.94583333')"
1019,,41.02777778,28.97555556,Deutsche Schule Istanbul,,B,violet,,,private school,,Point(28.97555556 41.02777778),2.379,http://www.wikidata.org/entity/Q831926,6.0,,https://de.wikipedia.org/wiki/Deutsche_Schule_Istanbul,https://en.wikipedia.org/wiki/Deutsche_Schule_Istanbul,http://www.wikidata.org/entity/Q423208,"('41.02777778', '28.97555556')"
1021,,41.006387,28.979952,Sultanahmet Jail,,B,violet,,,hotel building,,Point(28.979952 41.006387),0.342,http://www.wikidata.org/entity/Q851710,6.0,,https://de.wikipedia.org/wiki/Sultan-Ahmed-Gef%C3%A4ngnis,https://en.wikipedia.org/wiki/Sultanahmet_Jail,http://www.wikidata.org/entity/Q63099748,"('41.006387', '28.979952')"
1023,,40.994166666667,29.007777777778,MT Independenţa,,B,violet,,,ship,,Point(29.007777777 40.994166666),3.002,http://www.wikidata.org/entity/Q1661139,6.0,,https://de.wikipedia.org/wiki/Independen%C8%9Ba_(Schiff),https://en.wikipedia.org/wiki/MT_Independen%C8%9Ba,http://www.wikidata.org/entity/Q11446,"('40.994166666667', '29.007777777778')"
1024,,41.03527778,28.98916667,"Consulate General of Germany, Istanbul",,B,violet,,,consulate general,,Point(28.98916667 41.03527778),3.401,http://www.wikidata.org/entity/Q1205651,6.0,,https://de.wikipedia.org/wiki/Deutsches_Generalkonsulat_Istanbul,,http://www.wikidata.org/entity/Q372690,"('41.03527778', '28.98916667')"
1025,,41.0355759,28.9917393,Mekteb-i Aşiret-i Humayun,,B,violet,,,historic building,,Point(28.9917393 41.0355759),3.508,http://www.wikidata.org/entity/Q2329610,6.0,,https://de.wikipedia.org/wiki/Stammesschule_(Osmanisches_Reich),https://en.wikipedia.org/wiki/Mekteb-i_A%C5%9Firet-i_Humayun,http://www.wikidata.org/entity/Q35112127,"('41.0355759', '28.9917393')"
1027,,41.01638889,28.98111111,Basketmakers' Kiosk,,B,violet,,,tourist attraction,,Point(28.98111111 41.01638889),1.196,http://www.wikidata.org/entity/Q4867763,6.0,,https://de.wikipedia.org/wiki/Sepet%C3%A7iler_K%C3%B6%C5%9Fk%C3%BC,https://en.wikipedia.org/wiki/Basketmakers%27_Kiosk,http://www.wikidata.org/entity/Q570116,"('41.01638889', '28.98111111')"
1029,,41.02444444,28.97333333,St. George's Austrian High School,,B,violet,,,Academy of Commerce,,Point(28.97333333 41.02444444),2.02,http://www.wikidata.org/entity/Q877179,6.0,,https://de.wikipedia.org/wiki/St._Georgs-Kolleg,https://en.wikipedia.org/wiki/St._George%27s_Austrian_High_School,http://www.wikidata.org/entity/Q1574810,"('41.02444444', '28.97333333')"
1033,,41.052166666667,29.033638888889,Kuruçeşme Arena,,B,violet,,,concert hall,,Point(29.033638888 41.052166666),7.028,http://www.wikidata.org/entity/Q2811614,6.0,,https://de.wikipedia.org/wiki/Turkcell_Kuru%C3%A7e%C5%9Fme_Arena,https://en.wikipedia.org/wiki/Kuru%C3%A7e%C5%9Fme_Arena,http://www.wikidata.org/entity/Q1060829,"('41.052166666667', '29.033638888889')"
1035,,41.0341797,28.9783478,Tokatliyan Hotels,,B,violet,,,inn,,Point(28.9783478 41.0341797),3.098,http://www.wikidata.org/entity/Q2656330,6.0,,https://de.wikipedia.org/wiki/Tokatl%C4%B1yan-Hotel,https://en.wikipedia.org/wiki/Tokatl%C4%B1yan_Hotels,http://www.wikidata.org/entity/Q256020,"('41.0341797', '28.9783478')"
1038,,41.03972222,28.95138889,"Mayor Synagogue, Istanbul",,B,violet,,,synagogue,,Point(28.95138889 41.03972222),4.238,http://www.wikidata.org/entity/Q12810764,6.0,,https://de.wikipedia.org/wiki/Mayor-Synagoge_(Istanbul),"https://en.wikipedia.org/wiki/Mayor_Synagogue,_Istanbul",http://www.wikidata.org/entity/Q34627,"('41.03972222', '28.95138889')"
1039,,41.041694444444,28.987666666667,Istanbul Armenian Genocide memorial,,B,violet,,,monument,,Point(28.987666666 41.041694444),4.049,http://www.wikidata.org/entity/Q19840235,6.0,,https://de.wikipedia.org/wiki/Denkmal_f%C3%BCr_den_V%C3%B6lkermord_an_den_Armeniern_in_Istanbul,https://en.wikipedia.org/wiki/Istanbul_Armenian_Genocide_memorial,http://www.wikidata.org/entity/Q4989906,"('41.041694444444', '28.987666666667')"
1041,,40.995833333333,28.919166666667,Basketball Development Center,,B,violet,,,multi-purpose hall,,Point(28.919166666 40.995833333),4.901,http://www.wikidata.org/entity/Q130384910,6.0,,https://de.wikipedia.org/wiki/Basketbol_Geli%C5%9Fim_Merkezi,https://en.wikipedia.org/wiki/Basketball_Development_Center,http://www.wikidata.org/entity/Q1763828,"('40.995833333333', '28.919166666667')"
1042,,41.011638888889,28.981369444444,Women's Museum Istanbul,,B,violet,,,virtual museum,,Point(28.981369444 41.011638888),0.745,http://www.wikidata.org/entity/Q20855697,6.0,,https://de.wikipedia.org/wiki/Frauenmuseum_Istanbul,https://en.wikipedia.org/wiki/Women%27s_Museum_Istanbul,http://www.wikidata.org/entity/Q1225034,"('41.011638888889', '28.981369444444')"
1045,,41.07625,29.11718,Elmalı-2 Dam,,B,violet,,,dam,,Point(29.11718 41.07625),14.17,http://www.wikidata.org/entity/Q1089455,6.0,,,https://en.wikipedia.org/wiki/Elmal%C4%B1-2_Dam,http://www.wikidata.org/entity/Q12323,"('41.07625', '29.11718')"
1046,,41.078888888889,28.993888888889,Gültepe,,B,violet,,,mahalle,,Point(28.993888888 41.078888888),8.202,http://www.wikidata.org/entity/Q1447450,6.0,,,"https://en.wikipedia.org/wiki/G%C3%BCltepe,_Ka%C4%9F%C4%B1thane",http://www.wikidata.org/entity/Q17051044,"('41.078888888889', '28.993888888889')"
1047,,41.054376808832,28.9857229217,Bet Israel Synagogue,,B,violet,,,synagogue,,Point(28.985722921 41.054376808),5.4,http://www.wikidata.org/entity/Q1593224,6.0,,,https://en.wikipedia.org/wiki/Bet_Israel_Synagogue_(Istanbul),http://www.wikidata.org/entity/Q34627,"('41.054376808832', '28.9857229217')"
1048,,41.085,29.01,Sabancı Center,,B,violet,,,building complex,,Point(29.01 41.085),9.198,http://www.wikidata.org/entity/Q2747928,6.0,,,https://en.wikipedia.org/wiki/Sabanc%C4%B1_Center,http://www.wikidata.org/entity/Q1497364,"('41.085', '29.01')"
1049,,41.076944444444,28.981944444444,Çağlayan,,B,violet,,,mahalle,,Point(28.981944444 41.076944444),7.862,http://www.wikidata.org/entity/Q2791622,6.0,,,"https://en.wikipedia.org/wiki/%C3%87a%C4%9Flayan,_Ka%C4%9F%C4%B1thane",http://www.wikidata.org/entity/Q17051044,"('41.076944444444', '28.981944444444')"
1050,,41.10098,28.92039,Alibey Dam,,B,violet,,,dam,,Point(28.92039 41.10098),11.501,http://www.wikidata.org/entity/Q2885011,6.0,,,https://en.wikipedia.org/wiki/Alibey_Dam,http://www.wikidata.org/entity/Q12323,"('41.10098', '28.92039')"
1051,,41.033972222222,28.978083333333,Naum Theatre,,B,violet,,,opera house,,Point(28.978083333 41.033972222),3.073,http://www.wikidata.org/entity/Q3072276,6.0,,,https://en.wikipedia.org/wiki/Naum_Theatre,http://www.wikidata.org/entity/Q153562,"('41.033972222222', '28.978083333333')"
1053,,41.0466,29.0227,Kabataş Boys High School,,B,violet,,,high school,,Point(29.0227 41.0466),5.952,http://www.wikidata.org/entity/Q3191643,6.0,,,https://en.wikipedia.org/wiki/Kabata%C5%9F_Boys_High_School,http://www.wikidata.org/entity/Q9826,"('41.0466', '29.0227')"
1054,,41.04472222,28.98602222,Lycée Notre Dame de Sion Istanbul,,B,violet,,,lycée,,Point(28.98602222 41.04472222),4.347,http://www.wikidata.org/entity/Q3268867,6.0,,,https://en.wikipedia.org/wiki/Lyc%C3%A9e_Notre_Dame_de_Sion_Istanbul,http://www.wikidata.org/entity/Q2511322,"('41.04472222', '28.98602222')"
1057,,41.033333333333,28.948333333333,Yanbol Synagogue,,B,violet,,,synagogue,,Point(28.948333333 41.033333333),3.784,http://www.wikidata.org/entity/Q3409182,6.0,,,https://en.wikipedia.org/wiki/Yanbol_Synagogue,http://www.wikidata.org/entity/Q34627,"('41.033333333333', '28.948333333333')"
1058,,41.04194444,28.95083333,Kırmızı Beyoğlu Mosque,,B,violet,,,architectural structure,,Point(28.95083333 41.04194444),4.477,http://www.wikidata.org/entity/Q3866036,6.0,,,https://en.wikipedia.org/wiki/K%C4%B1rm%C4%B1z%C4%B1_Minare_Mosque,http://www.wikidata.org/entity/Q811979,"('41.04194444', '28.95083333')"
1061,,41.0868,29.02341,BJK Akatlar Arena,,B,violet,,,sports venue,,Point(29.02341 41.0868),9.79,http://www.wikidata.org/entity/Q4835770,6.0,,,https://en.wikipedia.org/wiki/BJK_Akatlar_Arena,http://www.wikidata.org/entity/Q1076486,"('41.0868', '29.02341')"
1062,,41.0283,29.0534,Burhaniye,,B,violet,,,mahalle,,Point(29.0534 41.0283),6.946,http://www.wikidata.org/entity/Q4998766,6.0,,,"https://en.wikipedia.org/wiki/Burhaniye,_%C3%9Csk%C3%BCdar",http://www.wikidata.org/entity/Q17051044,"('41.0283', '29.0534')"
1063,,41.010688888889,29.010338888889,Harem,,B,violet,,,quarter,,Point(29.010338888 41.010688888),2.931,http://www.wikidata.org/entity/Q5656849,6.0,,,"https://en.wikipedia.org/wiki/Harem,_%C3%9Csk%C3%BCdar",http://www.wikidata.org/entity/Q2983893,"('41.010688888889', '29.010338888889')"
1065,,41.02397,28.97378,Camondo stairs,,B,violet,,,stairs,,Point(28.97378 41.02397),1.964,http://www.wikidata.org/entity/Q6027749,6.0,,,https://en.wikipedia.org/wiki/Camondo_Stairs,http://www.wikidata.org/entity/Q12511,"('41.02397', '28.97378')"
1066,,41.053444444444,28.935916666667,Q6031340,,B,violet,,,külliye,,Point(28.935916666 41.053444444),6.214,http://www.wikidata.org/entity/Q6031340,6.0,,,,http://www.wikidata.org/entity/Q71974,"('41.053444444444', '28.935916666667')"
1068,,40.985039,29.02575,Caferağa,,B,violet,,,mahalle,,Point(29.02575 40.985039),4.812,http://www.wikidata.org/entity/Q6040926,6.0,,,"https://en.wikipedia.org/wiki/Cafera%C4%9Fa,_Kad%C4%B1k%C3%B6y",http://www.wikidata.org/entity/Q17051044,"('40.985039', '29.02575')"
1069,,41.013611111111,29.041666666667,Adile Sultan Pavilion,,B,violet,,,architectural structure,,Point(29.041666666 41.013611111),5.579,http://www.wikidata.org/entity/Q6043105,6.0,,,https://en.wikipedia.org/wiki/Adile_Sultan_Pavilion,http://www.wikidata.org/entity/Q811979,"('41.013611111111', '29.041666666667')"
1071,,40.9969,29.0251,Rasimpaşa,,B,violet,,,mahalle,,Point(29.0251 40.9969),4.263,http://www.wikidata.org/entity/Q6044131,6.0,,,"https://en.wikipedia.org/wiki/Rasimpa%C5%9Fa,_Kad%C4%B1k%C3%B6y",http://www.wikidata.org/entity/Q17051044,"('40.9969', '29.0251')"
1072,,40.983086,29.115448,Küçükbakkalköy,,B,violet,,,mahalle,,Point(29.115448 40.983086),11.997,http://www.wikidata.org/entity/Q6049646,6.0,,,https://en.wikipedia.org/wiki/K%C3%BC%C3%A7%C3%BCkbakkalk%C3%B6y,http://www.wikidata.org/entity/Q17051044,"('40.983086', '29.115448')"
1073,,41.0388737,28.9015865,Altıntepsi,,B,violet,,,mahalle,,Point(28.9015865 41.0388737),7.203,http://www.wikidata.org/entity/Q6053705,6.0,,,,http://www.wikidata.org/entity/Q17051044,"('41.0388737', '28.9015865')"
1074,,41.020495010346,29.016603576914,Ahmediye Mosque,,B,violet,,,architectural structure,,Point(29.016603576 41.02049501),3.76,http://www.wikidata.org/entity/Q6056835,6.0,,,,http://www.wikidata.org/entity/Q811979,"('41.020495010346', '29.016603576914')"
1077,,40.9875,29.06888889,Merdivenköy,,B,violet,,,mahalle,,Point(29.06888889 40.9875),8.083,http://www.wikidata.org/entity/Q6059075,6.0,,,"https://en.wikipedia.org/wiki/Merdivenk%C3%B6y,_Kad%C4%B1k%C3%B6y",http://www.wikidata.org/entity/Q17051044,"('40.9875', '29.06888889')"
1078,,41.0547,29.0094,Barbaros Boulevard,,B,violet,,,boulevard,,Point(29.0094 41.0547),6.064,http://www.wikidata.org/entity/Q6065577,6.0,,,https://en.wikipedia.org/wiki/Barbaros_Boulevard,http://www.wikidata.org/entity/Q54114,"('41.0547', '29.0094')"
1079,,41.01295783,28.941835,Molla Gürani,,B,violet,,,mahalle,,Point(28.941835 41.01295783),2.948,http://www.wikidata.org/entity/Q6068533,6.0,,,https://en.wikipedia.org/wiki/Mollag%C3%BCrani,http://www.wikidata.org/entity/Q17051044,"('41.01295783', '28.941835')"
1080,,41.057794,28.86994583,Havaalanı,,B,violet,,,mahalle,,Point(28.86994583 41.057794),10.565,http://www.wikidata.org/entity/Q6068740,6.0,,,,http://www.wikidata.org/entity/Q17051044,"('41.057794', '28.86994583')"
1081,,41.042222222222,28.999166666667,Vişnezade,,B,violet,,,mahalle,,Point(28.999166666 41.042222222),4.438,http://www.wikidata.org/entity/Q6068748,6.0,,,https://en.wikipedia.org/wiki/Vi%C5%9Fnezade,http://www.wikidata.org/entity/Q17051044,"('41.042222222222', '28.999166666667')"
1082,,41.03275,28.90141,Terazidere,,B,violet,,,mahalle,,Point(28.90141 41.03275),6.901,http://www.wikidata.org/entity/Q6070552,6.0,,,https://en.wikipedia.org/wiki/Terazidere,http://www.wikidata.org/entity/Q17051044,"('41.03275', '28.90141')"
1083,,41.078884,29.073552,Göksu,,B,violet,,,mahalle,,Point(29.073552 41.078884),11.493,http://www.wikidata.org/entity/Q6071817,6.0,,,,http://www.wikidata.org/entity/Q17051044,"('41.078884', '29.073552')"
1084,,41.018694444444,28.953194444444,Sanki Yedim Mosque,,B,violet,,,architectural structure,,Point(28.953194444 41.018694444),2.344,http://www.wikidata.org/entity/Q6074143,6.0,,,https://en.wikipedia.org/wiki/Sanki_Yedim_Mosque,http://www.wikidata.org/entity/Q811979,"('41.018694444444', '28.953194444444')"
1087,,40.98194444,29.04944444,Feneryolu,,B,violet,,,mahalle,,Point(29.04944444 40.98194444),6.746,http://www.wikidata.org/entity/Q6075419,6.0,,,https://en.wikipedia.org/wiki/Feneryolu,http://www.wikidata.org/entity/Q17051044,"('40.98194444', '29.04944444')"
1088,,40.988055555556,28.876666666667,Kartaltepe,,B,violet,,,mahalle,,Point(28.876666666 40.988055555),8.571,http://www.wikidata.org/entity/Q6077928,6.0,,,,http://www.wikidata.org/entity/Q17051044,"('40.988055555556', '28.876666666667')"
1090,,41.0154,28.9676,Tahtakale,,B,violet,,,mahalle,,Point(28.9676 41.0154),1.22,http://www.wikidata.org/entity/Q6083776,6.0,,,,http://www.wikidata.org/entity/Q17051044,"('41.0154', '28.9676')"
1091,,41.014444444444,28.973888888889,Istanbul Main Post Office,,B,violet,,,architectural structure,,Point(28.973888888 41.014444444),0.912,http://www.wikidata.org/entity/Q6084421,6.0,,,https://en.wikipedia.org/wiki/Grand_Post_Office,http://www.wikidata.org/entity/Q811979,"('41.014444444444', '28.973888888889')"
1092,,41.0167237,29.076846,Bulgurlu,,B,violet,,,mahalle,,Point(29.076846 41.0167237),8.55,http://www.wikidata.org/entity/Q6085494,6.0,,,"https://en.wikipedia.org/wiki/Bulgurlu,_%C3%9Csk%C3%BCdar",http://www.wikidata.org/entity/Q17051044,"('41.0167237', '29.076846')"
1093,,40.98722222,28.91,Kazlıçeşme,,B,violet,,,mahalle,,Point(28.91 40.98722222),5.924,http://www.wikidata.org/entity/Q6089952,6.0,,,"https://en.wikipedia.org/wiki/Kazl%C4%B1%C3%A7e%C5%9Fme,_Zeytinburnu",http://www.wikidata.org/entity/Q17051044,"('40.98722222', '28.91')"
1094,,40.97277778,29.07527778,Erenköy,,B,violet,,,mahalle,,Point(29.07527778 40.97277778),9.142,http://www.wikidata.org/entity/Q6090788,6.0,,,"https://en.wikipedia.org/wiki/Erenk%C3%B6y,_Kad%C4%B1k%C3%B6y",http://www.wikidata.org/entity/Q17051044,"('40.97277778', '29.07527778')"
1095,,41.019268,29.046217,Altunizade,,B,violet,,,mahalle,,Point(29.046217 41.019268),6.073,http://www.wikidata.org/entity/Q6101487,6.0,,,https://en.wikipedia.org/wiki/Altunizade,http://www.wikidata.org/entity/Q17051044,"('41.019268', '29.046217')"
1096,,40.99256111,29.01488056,Kadıköy İnciburnu Feneri,,B,violet,,,lighthouse,,Point(29.01488056 40.99256111),3.616,http://www.wikidata.org/entity/Q6345873,6.0,,,https://en.wikipedia.org/wiki/Kad%C4%B1k%C3%B6y_%C4%B0nciburnu_Lighthouse,http://www.wikidata.org/entity/Q39715,"('40.99256111', '29.01488056')"
1098,,40.988728,29.090681,Yenisahra,,B,violet,,,mahalle,,Point(29.090681 40.988728),9.833,http://www.wikidata.org/entity/Q8052347,6.0,,,https://en.wikipedia.org/wiki/Yenisahra,http://www.wikidata.org/entity/Q17051044,"('40.988728', '29.090681')"
1099,,41.0269,29.0339,İcadiye,,B,violet,,,mahalle,,Point(29.0339 41.0269),5.376,http://www.wikidata.org/entity/Q8080040,6.0,,,https://en.wikipedia.org/wiki/%C4%B0cadiye,http://www.wikidata.org/entity/Q17051044,"('41.0269', '29.0339')"
1100,,41.1104,29.0329,İstinye Park,,B,violet,,,shopping mall,,Point(29.0329 41.1104),12.515,http://www.wikidata.org/entity/Q8080241,6.0,,,https://en.wikipedia.org/wiki/%C4%B0stinye_Park,http://www.wikidata.org/entity/Q31374404,"('41.1104', '29.0329')"
1101,,41.0278,28.939,Vefa Stadium,,B,violet,,,association football venue,,Point(28.939 41.0278),3.904,http://www.wikidata.org/entity/Q11173914,6.0,,,https://en.wikipedia.org/wiki/Vefa_Stadium,http://www.wikidata.org/entity/Q1154710,"('41.0278', '28.939')"
1103,,41.010131,28.971215,Molla Fenari,,B,violet,,,mahalle,,Point(28.971215 41.010131),0.571,http://www.wikidata.org/entity/Q12810910,6.0,,,"https://en.wikipedia.org/wiki/Mollafenari,_Fatih",http://www.wikidata.org/entity/Q17051044,"('41.010131', '28.971215')"
1104,,41.08907,29.05657,Perili Köşk,,B,violet,,,mansion,,Point(29.05657 41.08907),11.416,http://www.wikidata.org/entity/Q12811372,6.0,,,https://en.wikipedia.org/wiki/Perili_K%C3%B6%C5%9Fk,http://www.wikidata.org/entity/Q1802963,"('41.08907', '29.05657')"
1107,,41.003857,29.019806,Selimiye,,B,violet,,,mahalle,,Point(29.019806 41.003857),3.697,http://www.wikidata.org/entity/Q12811767,6.0,,,"https://en.wikipedia.org/wiki/Selimiye,_%C3%9Csk%C3%BCdar",http://www.wikidata.org/entity/Q17051044,"('41.003857', '29.019806')"
1108,,41.01485,28.97361,Istanbul Postal Museum,,B,violet,,,postal museum,,Point(28.97361 41.01485),0.961,http://www.wikidata.org/entity/Q15228896,6.0,,,https://en.wikipedia.org/wiki/Istanbul_Postal_Museum,http://www.wikidata.org/entity/Q2106220,"('41.01485', '28.97361')"
1110,,40.9918,29.0232,Kadıköy Haldun Taner Stage,,B,violet,,,theatre building,,Point(29.0232 40.9918),4.29,http://www.wikidata.org/entity/Q15533769,6.0,,,https://en.wikipedia.org/wiki/Kad%C4%B1k%C3%B6y_Haldun_Taner_Stage,http://www.wikidata.org/entity/Q24354,"('40.9918', '29.0232')"
1111,,41.0138,28.9796,Istanbul Museum of the History of Science and Technology in Islam,,B,violet,,,science museum,,Point(28.9796 41.0138),0.882,http://www.wikidata.org/entity/Q16850295,6.0,,,https://en.wikipedia.org/wiki/Istanbul_Museum_of_the_History_of_Science_and_Technology_in_Islam,http://www.wikidata.org/entity/Q588140,"('41.0138', '28.9796')"
1114,,41.005599763556,28.951458999108,Yenikapı Transfer Center,,B,violet,,,interchange station,,Point(28.951458999 41.005599763),2.05,http://www.wikidata.org/entity/Q18712646,6.0,,,https://en.wikipedia.org/wiki/Yenikap%C4%B1_Transfer_Center,http://www.wikidata.org/entity/Q1147171,"('41.005599763556', '28.951458999108')"
1116,,40.9794281017,28.821192488419,Atatürk Havalimanı,,B,violet,,,interchange station,,Point(28.821192488 40.979428101),13.323,http://www.wikidata.org/entity/Q18712770,6.0,,,https://en.wikipedia.org/wiki/Atat%C3%BCrk_Havaliman%C4%B1_(Istanbul_Metro),http://www.wikidata.org/entity/Q1147171,"('40.9794281017', '28.821192488419')"
1121,,41.022822594411,28.966835590506,Haliç,,B,violet,,,interchange station,,Point(28.96683559 41.022822594),1.979,http://www.wikidata.org/entity/Q18786563,6.0,,,https://en.wikipedia.org/wiki/Hali%C3%A7_(Istanbul_Metro),http://www.wikidata.org/entity/Q1147171,"('41.022822594411', '28.966835590506')"
1124,,41.031900478612,28.842283404778,Kirazlı (M1),,B,violet,,,interchange station,,Point(28.842283404 41.031900478),11.561,http://www.wikidata.org/entity/Q18787706,6.0,,,https://en.wikipedia.org/wiki/Kirazl%C4%B1_(Istanbul_Metro),http://www.wikidata.org/entity/Q1147171,"('41.031900478612', '28.842283404778')"
1128,,41.04010362794,28.894566783744,Otogar,,B,violet,,,interchange station,,Point(28.894566783 41.040103627),7.783,http://www.wikidata.org/entity/Q18809273,6.0,,,https://en.wikipedia.org/wiki/Otogar_(Istanbul_Metro),http://www.wikidata.org/entity/Q1147171,"('41.04010362794', '28.894566783744')"
1131,,41.028368078426,28.972939168239,Şişhane-Zemin İstanbul,,B,violet,,,interchange station,,Point(28.972939168 41.028368078),2.457,http://www.wikidata.org/entity/Q19613987,6.0,,,https://en.wikipedia.org/wiki/%C5%9Ei%C5%9Fhane_(Istanbul_Metro),http://www.wikidata.org/entity/Q1147171,"('41.028368078426', '28.972939168239')"
1138,,41.076909469645,29.013796155425,Levent (M2),,B,violet,,,interchange station,,Point(29.013796155 41.076909469),8.462,http://www.wikidata.org/entity/Q20470914,6.0,,,https://en.wikipedia.org/wiki/Levent_(Istanbul_Metro),http://www.wikidata.org/entity/Q1147171,"('41.076909469645', '29.013796155425')"
1143,,41.069136778731,29.011378147328,Gayrettepe (M2),,B,violet,,,interchange station,,Point(29.011378147 41.069136778),7.587,http://www.wikidata.org/entity/Q20717398,6.0,,,https://en.wikipedia.org/wiki/Gayrettepe_(Istanbul_Metro),http://www.wikidata.org/entity/Q1147171,"('41.069136778731', '29.011378147328')"
1150,,41.007452142865,28.896208911539,Merter,,B,violet,,,interchange station,,Point(28.896208911 41.007452142),6.685,http://www.wikidata.org/entity/Q21526619,6.0,,,https://en.wikipedia.org/wiki/Merter_(Istanbul_Metro),http://www.wikidata.org/entity/Q1147171,"('41.007452142865', '28.896208911539')"
1152,,41.002350885284,28.889582726666,Zeytinburnu Transfer Center,,B,violet,,,interchange station,,Point(28.889582726 41.002350885),7.254,http://www.wikidata.org/entity/Q21527390,6.0,,,https://en.wikipedia.org/wiki/Zeytinburnu_(Istanbul_Metro),http://www.wikidata.org/entity/Q1147171,"('41.002350885284', '28.889582726666')"
1155,,41.013182,28.972428,Rüstem Pasha Medrese,,B,violet,,,madrasa,,Point(28.972428 41.013182),0.81,http://www.wikidata.org/entity/Q31193235,6.0,,,https://en.wikipedia.org/wiki/R%C3%BCstem_Pasha_Medrese,http://www.wikidata.org/entity/Q132834,"('41.013182', '28.972428')"
1162,,41.017694444444,28.968,Tahtakale Hamam,,B,violet,,,hammam,,Point(28.968 41.017694444),1.421,http://www.wikidata.org/entity/Q100320010,6.0,,,https://en.wikipedia.org/wiki/Tahtakale_Hamam,http://www.wikidata.org/entity/Q28077,"('41.017694444444', '28.968')"
1163,,41.008,28.978,Constantinople earthquake of 447,,B,violet,,,earthquake,,Point(29.0 41.0),2.145,http://www.wikidata.org/entity/Q101279639,6.0,,,https://en.wikipedia.org/wiki/447_Constantinople_earthquake,http://www.wikidata.org/entity/Q7944,"('41.008', '28.978')"
1169,,40.995666666667,29.11225,Mimar Sinan Mosque,,B,violet,,,mosque,,Point(29.11225 40.995666666),11.506,http://www.wikidata.org/entity/Q108000657,6.0,,,https://en.wikipedia.org/wiki/Mimar_Sinan_Mosque,http://www.wikidata.org/entity/Q32815,"('40.995666666667', '29.11225')"
1170,,41.006944444444,28.943888888889,Bulgur Palace,,B,violet,,,cultural center,,Point(28.943888888 41.006944444),2.684,http://www.wikidata.org/entity/Q111988445,6.0,,,https://en.wikipedia.org/wiki/Bulgur_Palas,http://www.wikidata.org/entity/Q1329623,"('41.006944444444', '28.943888888889')"
1173,,41.078527777778,29.014472222222,Barbaros Hayrettin Pasha Mosque,,B,violet,,,mosque,,Point(29.014472222 41.078527777),8.65,http://www.wikidata.org/entity/Q118946730,6.0,,,https://en.wikipedia.org/wiki/Barbaros_Hayrettin_Pasha_Mosque,http://www.wikidata.org/entity/Q32815,"('41.078527777778', '29.014472222222')"
1174,,40.95975,28.824638888889,Mor Ephrem Syriac Orthodox Church,,B,violet,,,church building,,Point(28.824638888 40.95975),13.712,http://www.wikidata.org/entity/Q122950173,6.0,,,https://en.wikipedia.org/wiki/Mor_Ephrem_Syriac_Orthodox_Church,http://www.wikidata.org/entity/Q16970,"('40.95975', '28.824638888889')"
1175,,41.025,28.95,Cistern of Pulcheria,,B,violet,,,ancient Roman cistern,,Point(28.95 41.025),3.0,http://www.wikidata.org/entity/Q124952951,6.0,,,https://en.wikipedia.org/wiki/Cistern_of_Pulcheria,http://www.wikidata.org/entity/Q93429857,"('41.025', '28.95')"
1176,,41.012134,28.973825,Istanbul High School,,B,violet,,,secondary school,,Point(28.973825 41.012134),0.662,http://www.wikidata.org/entity/Q344292,5.0,,https://de.wikipedia.org/wiki/%C4%B0stanbul_Erkek_Lisesi,https://en.wikipedia.org/wiki/Istanbul_High_School,http://www.wikidata.org/entity/Q159334,"('41.012134', '28.973825')"
1178,,40.99993,29.01957,Haydarpaşa Cemetery,,B,violet,,,cemetery,,Point(29.01957 40.99993),3.736,http://www.wikidata.org/entity/Q5686262,5.0,,https://de.wikipedia.org/wiki/Englischer_Friedhof_Haydarpa%C5%9Fa,https://en.wikipedia.org/wiki/Haydarpa%C5%9Fa_Cemetery,http://www.wikidata.org/entity/Q39614,"('40.99993', '29.01957')"
1179,,41.00922,28.973517,Cağaloğlu Anatolian High School,,B,violet,,,public school,,Point(28.973517 41.00922),0.372,http://www.wikidata.org/entity/Q1052134,5.0,,https://de.wikipedia.org/wiki/Ca%C4%9Falo%C4%9Flu_Anadolu_Lisesi,https://en.wikipedia.org/wiki/Ca%C4%9Falo%C4%9Flu_Anatolian_High_School,http://www.wikidata.org/entity/Q1080794,"('41.00922', '28.973517')"
1181,,41.0333,28.9797,Zografeion Lyceum,,B,violet,,,private school,,Point(28.9797 41.0333),3.01,http://www.wikidata.org/entity/Q3564223,5.0,,https://de.wikipedia.org/wiki/Zo%C4%9Frafyon-Gymnasium,https://en.wikipedia.org/wiki/Zografeion_Lyceum,http://www.wikidata.org/entity/Q423208,"('41.0333', '28.9797')"
1182,,41.003506,28.8936624,Hafif Metro Istanbul,,B,violet,,,light rail system,,Point(28.8936624 41.003506),6.906,http://www.wikidata.org/entity/Q26929,5.0,,https://de.wikipedia.org/wiki/Hafif_Metro_Istanbul,,http://www.wikidata.org/entity/Q1268865,"('41.003506', '28.8936624')"
1183,,41.05861111,28.98277778,"Our Lady of Lourdes Church, Istanbul",,B,violet,,,church building,,Point(28.98277778 41.05861111),5.836,http://www.wikidata.org/entity/Q6040087,5.0,,https://de.wikipedia.org/wiki/Georgisch-Katholische_Kirche_Bomonti,"https://en.wikipedia.org/wiki/Our_Lady_of_Lourdes_Church,_Istanbul",http://www.wikidata.org/entity/Q16970,"('41.05861111', '28.98277778')"
1184,,41.029722222222,28.977222222222,Venetian Palace,,B,violet,,,official residence,,Point(28.977222222 41.029722222),2.598,http://www.wikidata.org/entity/Q28530450,5.0,,https://de.wikipedia.org/wiki/Venedik_Saray%C4%B1,,http://www.wikidata.org/entity/Q481289,"('41.029722222222', '28.977222222222')"
1186,,41.106,28.98933,F3,,B,violet,,,funicular line,,Point(28.98933 41.106),11.134,http://www.wikidata.org/entity/Q31193173,5.0,,https://de.wikipedia.org/wiki/F%C3%BCnik%C3%BCler_Vadistanbul%E2%80%93Seyrantepe,https://en.wikipedia.org/wiki/F3_(Istanbul_funicular),http://www.wikidata.org/entity/Q106542031,"('41.106', '28.98933')"
1187,,41.0506,29.0248,F4,,B,violet,,,funicular line,,Point(29.0248 41.0506),6.404,http://www.wikidata.org/entity/Q31193345,5.0,,https://de.wikipedia.org/wiki/F%C3%BCnik%C3%BCler_Bo%C4%9Fazi%C3%A7i_%C3%9Cni./Hisar%C3%BCst%C3%BC%E2%80%93A%C5%9Fiyan,https://en.wikipedia.org/wiki/F4_(Istanbul_funicular),http://www.wikidata.org/entity/Q106542031,"('41.0506', '29.0248')"
1188,,41.0686,28.8642,Tekstilkent Plaza,,B,violet,,,building,,Point(28.8642 41.0686),11.644,http://www.wikidata.org/entity/Q550321,5.0,,,https://en.wikipedia.org/wiki/Tekstilkent_Koza_Plaza,http://www.wikidata.org/entity/Q41176,"('41.0686', '28.8642')"
1189,,41.02192,28.92579,Gate of St. Romanus,,B,violet,,,city gate,,Point(28.92579 41.02192),4.543,http://www.wikidata.org/entity/Q980626,5.0,,,,http://www.wikidata.org/entity/Q82117,"('41.02192', '28.92579')"
1192,,41.04939,28.97999,Feriköy,,B,violet,,,mahalle,,Point(28.97999 41.04939),4.795,http://www.wikidata.org/entity/Q2690028,5.0,,,https://en.wikipedia.org/wiki/Ferik%C3%B6y,http://www.wikidata.org/entity/Q17051044,"('41.04939', '28.97999')"
1193,,41.011176,28.969815,Mahmutpasha Bazaar,,B,violet,,,bazaar,,Point(28.969815 41.011176),0.737,http://www.wikidata.org/entity/Q3404592,5.0,,,"https://en.wikipedia.org/wiki/Mahmutpasha_Bazaar,_Istanbul",http://www.wikidata.org/entity/Q219760,"('41.011176', '28.969815')"
1194,,41.0369,28.9846,2010 Istanbul bomb blast,,B,violet,,,suicide bombing,,Point(28.9846 41.0369),3.471,http://www.wikidata.org/entity/Q3408926,5.0,,,https://en.wikipedia.org/wiki/2010_Istanbul_bombing,http://www.wikidata.org/entity/Q18493502,"('41.0369', '28.9846')"
1196,,41.06383,29.05991,Kandilli Earthquake Museum,,B,violet,,,museum,,Point(29.05991 41.06383),9.512,http://www.wikidata.org/entity/Q3663033,5.0,,,https://en.wikipedia.org/wiki/Kandilli_Earthquake_Museum,http://www.wikidata.org/entity/Q33506,"('41.06383', '29.05991')"
1197,,41.0325,28.97666667,Mısır Apartment,,B,violet,,,architectural structure,,Point(28.97666667 41.0325),2.905,http://www.wikidata.org/entity/Q3739364,5.0,,,https://en.wikipedia.org/wiki/M%C4%B1s%C4%B1r_Apartment,http://www.wikidata.org/entity/Q811979,"('41.0325', '28.97666667')"
1199,,41.0446,28.9899,Hilton Istanbul Bosphorus,,B,violet,,,tower block,,Point(28.9899 41.0446),4.409,http://www.wikidata.org/entity/Q4806513,5.0,,,https://en.wikipedia.org/wiki/Hilton_Istanbul_Bosphorus,http://www.wikidata.org/entity/Q18142,"('41.0446', '28.9899')"
1201,,40.980310292037,28.872555086412,Bakırköy railway station,,B,violet,,,interchange station,,Point(28.872555086 40.980310292),9.142,http://www.wikidata.org/entity/Q4849621,5.0,,,https://en.wikipedia.org/wiki/Bak%C4%B1rk%C3%B6y_railway_station,http://www.wikidata.org/entity/Q1147171,"('40.980310292037', '28.872555086412')"
1205,,41.04805556,28.99,Cemal Reşit Rey Concert Hall,,B,violet,,,concert hall,,Point(28.99 41.04805556),4.783,http://www.wikidata.org/entity/Q5058633,5.0,,,https://en.wikipedia.org/wiki/Cemal_Re%C5%9Fit_Rey_Concert_Hall,http://www.wikidata.org/entity/Q1060829,"('41.04805556', '28.99')"
1208,,41.005246,28.9362529,Cerrahpaşa,,B,violet,,,mahalle,,Point(28.9362529 41.005246),3.327,http://www.wikidata.org/entity/Q6002804,5.0,,,,http://www.wikidata.org/entity/Q17051044,"('41.005246', '28.9362529')"
1209,,41.04163889,29.00636111,Barbaros Monument,,B,violet,,,statue,,Point(29.00636111 41.04163889),4.681,http://www.wikidata.org/entity/Q6033590,5.0,,,https://en.wikipedia.org/wiki/Barbaros_Monument,http://www.wikidata.org/entity/Q179700,"('41.04163889', '29.00636111')"
1211,,41.01777778,28.84194444,Kocasinan Merkez,,B,violet,,,mahalle,,Point(28.84194444 41.01777778),11.308,http://www.wikidata.org/entity/Q6034911,5.0,,,,http://www.wikidata.org/entity/Q17051044,"('41.01777778', '28.84194444')"
1212,,41.0954,29.036,Fatih Sultan Mehmet,,B,violet,,,mahalle,,Point(29.036 41.0954),11.108,http://www.wikidata.org/entity/Q6036441,5.0,,,"https://en.wikipedia.org/wiki/Fatih_Sultan_Mehmet,_Sar%C4%B1yer",http://www.wikidata.org/entity/Q17051044,"('41.0954', '29.036')"
1213,,41.0059977,28.8885447,Abdurrahman Nafiz Gürman,,B,violet,,,mahalle,,Point(28.8885447 41.0059977),7.328,http://www.wikidata.org/entity/Q6038467,5.0,,,,http://www.wikidata.org/entity/Q17051044,"('41.0059977', '28.8885447')"
1214,,40.989259,29.03039,Osmanağa,,B,violet,,,mahalle,,Point(29.03039 40.989259),4.955,http://www.wikidata.org/entity/Q6040355,5.0,,,https://en.wikipedia.org/wiki/Osmana%C4%9Fa,http://www.wikidata.org/entity/Q17051044,"('40.989259', '29.03039')"
1215,,40.996213,29.041588,Hasanpaşa,,B,violet,,,mahalle,,Point(29.041588 40.996213),5.629,http://www.wikidata.org/entity/Q6041223,5.0,,,"https://en.wikipedia.org/wiki/Hasanpa%C5%9Fa,_Kad%C4%B1k%C3%B6y",http://www.wikidata.org/entity/Q17051044,"('40.996213', '29.041588')"
1216,,41.03,28.88,Gençosman,,B,violet,,,mahalle,,Point(28.88 41.03),8.461,http://www.wikidata.org/entity/Q6041617,5.0,,,,http://www.wikidata.org/entity/Q17051044,"('41.03', '28.88')"
1217,,40.97333333,29.08861111,19 Mayıs,,B,violet,,,mahalle,,Point(29.08861111 40.97333333),10.151,http://www.wikidata.org/entity/Q6042681,5.0,,,"https://en.wikipedia.org/wiki/19_May%C4%B1s,_Kad%C4%B1k%C3%B6y",http://www.wikidata.org/entity/Q17051044,"('40.97333333', '29.08861111')"
1218,,40.986344,29.0389261,Zühtüpaşa,,B,violet,,,mahalle,,Point(29.0389261 40.986344),5.741,http://www.wikidata.org/entity/Q6042885,5.0,,,https://en.wikipedia.org/wiki/Z%C3%BCht%C3%BCpa%C5%9Fa,http://www.wikidata.org/entity/Q17051044,"('40.986344', '29.0389261')"
1219,,40.96111111,29.08138889,Suadiye,,B,violet,,,mahalle,,Point(29.08138889 40.96111111),10.187,http://www.wikidata.org/entity/Q6047095,5.0,,,"https://en.wikipedia.org/wiki/Suadiye,_Kad%C4%B1k%C3%B6y",http://www.wikidata.org/entity/Q17051044,"('40.96111111', '29.08138889')"
1220,,41.015965,28.9727863,Türkiye İş Bankası Museum,,B,violet,,,bank building,,Point(28.9727863 41.015965),1.097,http://www.wikidata.org/entity/Q6053818,5.0,,,https://en.wikipedia.org/wiki/%C4%B0%C5%9Fbank_Museum,http://www.wikidata.org/entity/Q18761864,"('41.015965', '28.9727863')"
1223,,41.04574,29.01781,Tomb of Yahya Efendi,,B,violet,,,türbe,,Point(29.01781 41.04574),5.615,http://www.wikidata.org/entity/Q6059842,5.0,,,,http://www.wikidata.org/entity/Q838159,"('41.04574', '29.01781')"
1225,,41.001533,29.0952356,Mustafa Kemal,,B,violet,,,mahalle,,Point(29.0952356 41.001533),10.03,http://www.wikidata.org/entity/Q6062593,5.0,,,"https://en.wikipedia.org/wiki/Mustafa_Kemal,_Ata%C5%9Fehir",http://www.wikidata.org/entity/Q17051044,"('41.001533', '29.0952356')"
1226,,40.99472222,28.84638889,Şirinevler,,B,violet,,,mahalle,,Point(28.84638889 40.99472222),10.943,http://www.wikidata.org/entity/Q6064726,5.0,,,,http://www.wikidata.org/entity/Q17051044,"('40.99472222', '28.84638889')"
1227,,41.0718,29.0222,Nisbetiye,,B,violet,,,mahalle,,Point(29.0222 41.0718),8.247,http://www.wikidata.org/entity/Q6065844,5.0,,,,http://www.wikidata.org/entity/Q17051044,"('41.0718', '29.0222')"
1228,,41.0477,29.0023,Türkali,,B,violet,,,mahalle,,Point(29.0023 41.0477),5.101,http://www.wikidata.org/entity/Q6066337,5.0,,,,http://www.wikidata.org/entity/Q17051044,"('41.0477', '29.0023')"
1229,,41.02426483,28.945187,Atikali,,B,violet,,,mahalle,,Point(28.945187 41.02426483),3.253,http://www.wikidata.org/entity/Q6067948,5.0,,,https://en.wikipedia.org/wiki/Atikali,http://www.wikidata.org/entity/Q17051044,"('41.02426483', '28.945187')"
1230,,40.98,28.879166666667,Yenimahalle,,B,violet,,,mahalle,,Point(28.879166666 40.98),8.63,http://www.wikidata.org/entity/Q6068139,5.0,,,,http://www.wikidata.org/entity/Q17051044,"('40.98', '28.879166666667')"
1231,,41.08270683,28.93629283,Çırçır,,B,violet,,,mahalle,,Point(28.93629283 41.08270683),9.113,http://www.wikidata.org/entity/Q6069204,5.0,,,"https://en.wikipedia.org/wiki/%C3%87%C4%B1r%C3%A7%C4%B1r,_Ey%C3%BCpsultan",http://www.wikidata.org/entity/Q17051044,"('41.08270683', '28.93629283')"
1232,,41.0554,29.0049,Dikilitaş,,B,violet,,,mahalle,,Point(29.0049 41.0554),5.97,http://www.wikidata.org/entity/Q6069543,5.0,,,,http://www.wikidata.org/entity/Q17051044,"('41.0554', '29.0049')"
1233,,41.079407,29.08851383,Göztepe,,B,violet,,,mahalle,,Point(29.08851383 41.079407),12.456,http://www.wikidata.org/entity/Q6070239,5.0,,,,http://www.wikidata.org/entity/Q17051044,"('41.079407', '29.08851383')"
1234,,41.01790183,28.94452183,Akşemsettin,,B,violet,,,mahalle,,Point(28.94452183 41.01790183),2.926,http://www.wikidata.org/entity/Q6070452,5.0,,,,http://www.wikidata.org/entity/Q17051044,"('41.01790183', '28.94452183')"
1235,,41.037184,28.9885081,Gümüşsuyu,,B,violet,,,mahalle,,Point(28.9885081 41.037184),3.585,http://www.wikidata.org/entity/Q6070865,5.0,,,,http://www.wikidata.org/entity/Q17051044,"('41.037184', '28.9885081')"
1236,,41.049047,28.963678,Piyalepaşa,,B,violet,,,mahalle,,Point(28.963678 41.049047),4.853,http://www.wikidata.org/entity/Q6072012,5.0,,,"https://en.wikipedia.org/wiki/Piyalepa%C5%9Fa,_Beyo%C4%9Flu",http://www.wikidata.org/entity/Q17051044,"('41.049047', '28.963678')"
1237,,41.08843183,29.049461,Rumelihisarı,,B,violet,,,mahalle,,Point(29.049461 41.08843183),11.014,http://www.wikidata.org/entity/Q6073442,5.0,,,"https://en.wikipedia.org/wiki/Rumelihisar%C4%B1,_Sar%C4%B1yer",http://www.wikidata.org/entity/Q17051044,"('41.08843183', '29.049461')"
1238,,41.01111383,28.98379983,Cankurtaran,,B,violet,,,mahalle,,Point(28.98379983 41.01111383),0.848,http://www.wikidata.org/entity/Q6073520,5.0,,,,http://www.wikidata.org/entity/Q17051044,"('41.01111383', '28.98379983')"
1239,,41.074587,28.93534883,Karadolap,,B,violet,,,mahalle,,Point(28.93534883 41.074587),8.31,http://www.wikidata.org/entity/Q6074146,5.0,,,https://en.wikipedia.org/wiki/Karadolap,http://www.wikidata.org/entity/Q17051044,"('41.074587', '28.93534883')"
1240,,40.9825,29.08472222,Sahrayıcedit,,B,violet,,,mahalle,,Point(29.08472222 40.9825),9.513,http://www.wikidata.org/entity/Q6074272,5.0,,,https://en.wikipedia.org/wiki/Sahray%C4%B1cedit,http://www.wikidata.org/entity/Q17051044,"('40.9825', '29.08472222')"
1241,,41.06248583,28.94019783,Silahtarağa,,B,violet,,,mahalle,,Point(28.94019783 41.06248583),6.919,http://www.wikidata.org/entity/Q6075082,5.0,,,,http://www.wikidata.org/entity/Q17051044,"('41.06248583', '28.94019783')"
1242,,41.006,28.91,Seyitnizam,,B,violet,,,mahalle,,Point(28.91 41.006),5.527,http://www.wikidata.org/entity/Q6076076,5.0,,,,http://www.wikidata.org/entity/Q17051044,"('41.006', '28.91')"
1243,,40.989722222222,28.863888888889,Zuhuratbaba,,B,violet,,,mahalle,,Point(28.863888888 40.989722222),9.578,http://www.wikidata.org/entity/Q6076497,5.0,,,,http://www.wikidata.org/entity/Q17051044,"('40.989722222222', '28.863888888889')"
1244,,41.063178,29.005263,Gayrettepe,,B,violet,,,mahalle,,Point(29.005263 41.063178),6.779,http://www.wikidata.org/entity/Q6078425,5.0,,,,http://www.wikidata.org/entity/Q17051044,"('41.063178', '29.005263')"
1245,,40.977222222222,28.873333333333,Zeytinlik,,B,violet,,,mahalle,,Point(28.873333333 40.977222222),9.196,http://www.wikidata.org/entity/Q6082990,5.0,,,,http://www.wikidata.org/entity/Q17051044,"('40.977222222222', '28.873333333333')"
1246,,41.06376,28.89146,Yıldırım,,B,violet,,,mahalle,,Point(28.89146 41.06376),9.53,http://www.wikidata.org/entity/Q6085666,5.0,,,,http://www.wikidata.org/entity/Q17051044,"('41.06376', '28.89146')"
1248,,40.994166666667,28.885833333333,Osmaniye,,B,violet,,,mahalle,,Point(28.885833333 40.994166666),7.677,http://www.wikidata.org/entity/Q6088764,5.0,,,,http://www.wikidata.org/entity/Q17051044,"('40.994166666667', '28.885833333333')"
1249,,41.018182,28.920525,Panorama 1453 History Museum,,B,violet,,,museum,,Point(28.920525 41.018182),4.825,http://www.wikidata.org/entity/Q6090202,5.0,,,https://en.wikipedia.org/wiki/Panorama_1453_History_Museum,http://www.wikidata.org/entity/Q33506,"('41.018182', '28.920525')"
1250,,41.000688,28.931892,Koca Mustafapaşa,,B,violet,,,mahalle,,Point(28.931892 41.000688),3.744,http://www.wikidata.org/entity/Q6090390,5.0,,,,http://www.wikidata.org/entity/Q17051044,"('41.000688', '28.931892')"
1251,,41.014380507973,28.984524671181,Baghdad Kiosk,,B,violet,,,pavilion,,Point(28.984524671 41.014380507),1.148,http://www.wikidata.org/entity/Q6096486,5.0,,,,http://www.wikidata.org/entity/Q276173,"('41.014380507973', '28.984524671181')"
1253,,40.993215,29.052562,Fikirtepe,,B,violet,,,mahalle,,Point(29.052562 40.993215),6.6,http://www.wikidata.org/entity/Q6100531,5.0,,,"https://en.wikipedia.org/wiki/Fikirtepe,_Kad%C4%B1k%C3%B6y",http://www.wikidata.org/entity/Q17051044,"('40.993215', '29.052562')"
1254,,40.99722222,28.85722222,Soğanlı,,B,violet,,,mahalle,,Point(28.85722222 40.99722222),10.008,http://www.wikidata.org/entity/Q6104757,5.0,,,,http://www.wikidata.org/entity/Q17051044,"('40.99722222', '28.85722222')"
1256,,41.011020624714,28.978282947115,Procession Kiosk,,B,violet,,,pavilion,,Point(28.978282947 41.011020624),0.554,http://www.wikidata.org/entity/Q7247329,5.0,,,https://en.wikipedia.org/wiki/Procession_Kiosk,http://www.wikidata.org/entity/Q276173,"('41.011020624714', '28.978282947115')"
1258,,41.014603,29.029387,TVF Burhan Felek Sport Hall,,B,violet,,,sports venue,,Point(29.029387 41.014603),4.582,http://www.wikidata.org/entity/Q7672183,5.0,,,https://en.wikipedia.org/wiki/TVF_Burhan_Felek_Sport_Hall,http://www.wikidata.org/entity/Q1076486,"('41.014603', '29.029387')"
1259,,41.030777777778,28.9505,Women's Library and Information Centre Foundation,,B,violet,,,library,,Point(28.9505 41.030777777),3.448,http://www.wikidata.org/entity/Q8030968,5.0,,,https://en.wikipedia.org/wiki/Women%27s_Library_and_Information_Centre_Foundation,http://www.wikidata.org/entity/Q7075,"('41.030777777778', '28.9505')"
1260,,40.958333333333,28.839166666667,Yeşilköy Feneri,,B,violet,,,lighthouse,,Point(28.839166666 40.958333333),12.657,http://www.wikidata.org/entity/Q8053369,5.0,,,https://en.wikipedia.org/wiki/Ye%C5%9Filk%C3%B6y_Feneri,http://www.wikidata.org/entity/Q39715,"('40.958333333333', '28.839166666667')"
1262,,41.0097793,28.976421,Alemdar,,B,violet,,,mahalle,,Point(28.976421 41.0097793),0.381,http://www.wikidata.org/entity/Q11957285,5.0,,,,http://www.wikidata.org/entity/Q17051044,"('41.0097793', '28.976421')"
1263,,41.0171555556,28.9599638889,Atıf Efendi Library,,B,violet,,,architectural structure,,Point(28.959963888 41.017155555),1.793,http://www.wikidata.org/entity/Q12244808,5.0,,,,http://www.wikidata.org/entity/Q811979,"('41.0171555556', '28.9599638889')"
1265,,41.026666666667,28.9565,Ayakapı,,B,violet,,,quarter,,Point(28.9565 41.026666666),2.78,http://www.wikidata.org/entity/Q12808635,5.0,,,https://en.wikipedia.org/wiki/Ayakap%C4%B1,http://www.wikidata.org/entity/Q2983893,"('41.026666666667', '28.9565')"
1266,,40.9890334,29.0490887,Eğitim,,B,violet,,,mahalle,,Point(29.0490887 40.9890334),6.44,http://www.wikidata.org/entity/Q12809497,5.0,,,"https://en.wikipedia.org/wiki/E%C4%9Fitim,_Kad%C4%B1k%C3%B6y",http://www.wikidata.org/entity/Q17051044,"('40.9890334', '29.0490887')"
1267,,40.9692,29.1164,İçerenköy,,B,violet,,,mahalle,,Point(29.1164 40.9692),12.498,http://www.wikidata.org/entity/Q12813027,5.0,,,https://en.wikipedia.org/wiki/%C4%B0%C3%A7erenk%C3%B6y,http://www.wikidata.org/entity/Q17051044,"('40.9692', '29.1164')"
1268,,41.02253333,28.97648333,Yeraltı Camii,,B,violet,,,architectural structure,,Point(28.97648333 41.02253333),1.797,http://www.wikidata.org/entity/Q12885210,5.0,,,https://en.wikipedia.org/wiki/Yeralt%C4%B1_Mosque,http://www.wikidata.org/entity/Q811979,"('41.02253333', '28.97648333')"
1275,,41.0136,28.955,timeline of Istanbul history,,B,violet,,,Wikimedia timeline,,Point(28.955 41.0136),1.926,http://www.wikidata.org/entity/Q16152390,5.0,,,https://en.wikipedia.org/wiki/Timeline_of_Istanbul,http://www.wikidata.org/entity/Q18340550,"('41.0136', '28.955')"
1280,,41.00018660935,29.030124739384,Ayrılık Çeşmesi railway station,,B,violet,,,interchange station,,Point(29.030124739 41.000186609),4.604,http://www.wikidata.org/entity/Q18712120,5.0,,,https://en.wikipedia.org/wiki/Ayr%C4%B1l%C4%B1k_%C3%87e%C5%9Fmesi_railway_station,http://www.wikidata.org/entity/Q1147171,"('41.00018660935', '29.030124739384')"
1283,,41.025797394145,29.01404541037,Üsküdar railway station,,B,violet,,,interchange station,,Point(29.01404541 41.025797394),3.862,http://www.wikidata.org/entity/Q18712605,5.0,,,https://en.wikipedia.org/wiki/%C3%9Csk%C3%BCdar_railway_station,http://www.wikidata.org/entity/Q1147171,"('41.025797394145', '29.01404541037')"
1287,,41.012168074569,28.959415170088,Vezneciler—İstanbul Üniversitesi,,B,violet,,,interchange station,,Point(28.95941517 41.012168074),1.523,http://www.wikidata.org/entity/Q18712611,5.0,,,https://en.wikipedia.org/wiki/Vezneciler_(Istanbul_Metro),http://www.wikidata.org/entity/Q1147171,"('41.012168074569', '28.959415170088')"
1290,,41.00024958097,29.030174090417,Ayrılık Çeşmesi,,B,violet,,,interchange station,,Point(29.03017409 41.00024958),4.607,http://www.wikidata.org/entity/Q18787562,5.0,,,https://en.wikipedia.org/wiki/Ayr%C4%B1l%C4%B1k_%C3%87e%C5%9Fmesi_(Istanbul_Metro),http://www.wikidata.org/entity/Q1147171,"('41.00024958097', '29.030174090417')"
1296,,41.034245,28.97758,Surp Yerrortutyun Armenian Church,,B,violet,,,church building,,Point(28.97758 41.034245),3.101,http://www.wikidata.org/entity/Q20471350,5.0,,,https://en.wikipedia.org/wiki/Surp_Yerrortutyun_Armenian_Church,http://www.wikidata.org/entity/Q16970,"('41.034245', '28.97758')"
1297,,41.035057,28.984126,Taksim Surp Harutyun Church,,B,violet,,,church building,,Point(28.984126 41.035057),3.263,http://www.wikidata.org/entity/Q20471609,5.0,,,https://en.wikipedia.org/wiki/Taksim_Surp_Harutyun_Church,http://www.wikidata.org/entity/Q16970,"('41.035057', '28.984126')"
1298,,41.00591,28.967398,Gedikpaşa Surp Hovhannes Church,,B,violet,,,church building,,Point(28.967398 41.00591),0.713,http://www.wikidata.org/entity/Q20473177,5.0,,,https://en.wikipedia.org/wiki/Gedikpa%C5%9Fa_Surp_Hovhannes_Church,http://www.wikidata.org/entity/Q16970,"('41.00591', '28.967398')"
1302,,41.108079787508,29.020987663246,İTÜ—Ayazağa,,B,violet,,,interchange station,,Point(29.020987663 41.108079787),11.924,http://www.wikidata.org/entity/Q20717475,5.0,,,https://en.wikipedia.org/wiki/%C4%B0.T.%C3%9C.%E2%80%94Ayaza%C4%9Fa_(Istanbul_Metro),http://www.wikidata.org/entity/Q1147171,"('41.108079787508', '29.020987663246')"
1305,,41.094190830953,29.005303121193,Sanayi Mahallesi,,B,violet,,,interchange station,,Point(29.005303121 41.09419083),10.071,http://www.wikidata.org/entity/Q20718122,5.0,,,https://en.wikipedia.org/wiki/Sanayi_(Istanbul_Metro),http://www.wikidata.org/entity/Q1147171,"('41.094190830953', '29.005303121193')"
1308,,41.03055,28.98357,Orhan Kemal Literature Museum,,B,violet,,,living museum,,Point(28.98357 41.03055),2.764,http://www.wikidata.org/entity/Q20949672,5.0,,,https://en.wikipedia.org/wiki/Orhan_Kemal_Literature_Museum,http://www.wikidata.org/entity/Q6659501,"('41.03055', '28.98357')"
1311,,40.996585977762,28.874667745908,Bakırköy—İncirli,,B,violet,,,interchange station,,Point(28.874667745 40.996585977),8.562,http://www.wikidata.org/entity/Q20988314,5.0,,,https://en.wikipedia.org/wiki/Bak%C4%B1rk%C3%B6y%E2%80%94%C4%B0ncirli_(Istanbul_Metro),http://www.wikidata.org/entity/Q1147171,"('40.996585977762', '28.874667745908')"
1322,,40.989705072221,28.837380322981,Yenibosna (M1),,B,violet,,,interchange station,,Point(28.837380322 40.989705072),11.769,http://www.wikidata.org/entity/Q21527336,5.0,,,https://en.wikipedia.org/wiki/Yenibosna_(Istanbul_Metro),http://www.wikidata.org/entity/Q1147171,"('40.989705072221', '28.837380322981')"
1328,,41.013276,28.984825,Column of Leo,,B,violet,,,victory column,,Point(28.984825 41.013276),1.073,http://www.wikidata.org/entity/Q24934913,5.0,,,https://en.wikipedia.org/wiki/Column_of_Leo,http://www.wikidata.org/entity/Q1930585,"('41.013276', '28.984825')"
1331,,40.995653719796,28.863589696419,Bahçelievler,,B,violet,,,interchange station,,Point(28.863589696 40.995653719),9.497,http://www.wikidata.org/entity/Q25352377,5.0,,,https://en.wikipedia.org/wiki/Bah%C3%A7elievler_(Istanbul_Metro),http://www.wikidata.org/entity/Q1147171,"('40.995653719796', '28.863589696419')"
1333,,41.031667,28.975472,Surp Yerrortutyun Armenian Catholic Church,,B,violet,,,Eastern Catholic church,,Point(28.975472 41.031667),2.812,http://www.wikidata.org/entity/Q25474174,5.0,,,https://en.wikipedia.org/wiki/Surp_Yerrortutyun_Armenian_Catholic_Church,http://www.wikidata.org/entity/Q12825271,"('41.031667', '28.975472')"
1335,,41.034695867845,28.856407176373,Bağcılar Meydan,,B,violet,,,interchange station,,Point(28.856407176 41.034695867),10.505,http://www.wikidata.org/entity/Q28197516,5.0,,,https://en.wikipedia.org/wiki/Ba%C4%9Fc%C4%B1lar_Meydan_(Istanbul_Metro),http://www.wikidata.org/entity/Q1147171,"('41.034695867845', '28.856407176373')"
1337,,41.101,29.0135,National Defense University,,B,violet,,,public university,,Point(29.0135 41.101),10.984,http://www.wikidata.org/entity/Q28846425,5.0,,,https://en.wikipedia.org/wiki/National_Defense_University_(Turkey),http://www.wikidata.org/entity/Q875538,"('41.101', '29.0135')"
1340,,41.049444444444,28.991666666667,Abdi İpekçi Peace Monument,,B,violet,,,statue,,Point(28.991666666 41.049444444),4.968,http://www.wikidata.org/entity/Q42789078,5.0,,,https://en.wikipedia.org/wiki/Abdi_%C4%B0pek%C3%A7i_Peace_Monument,http://www.wikidata.org/entity/Q179700,"('41.049444444444', '28.991666666667')"
1343,,41.021924872514,29.048302946978,Altunizade (M5),,B,violet,,,interchange station,,Point(29.048302946 41.021924872),6.318,http://www.wikidata.org/entity/Q46602031,5.0,,,https://en.wikipedia.org/wiki/Altunizade_(Istanbul_Metro),http://www.wikidata.org/entity/Q1147171,"('41.021924872514', '29.048302946978')"
1352,,40.984581467146,29.090465059564,Yenisahra (M4),,B,violet,,,interchange station,,Point(29.090465059 40.984581467),9.918,http://www.wikidata.org/entity/Q46696116,5.0,,,https://en.wikipedia.org/wiki/Yenisahra_(Istanbul_Metro),http://www.wikidata.org/entity/Q1147171,"('40.984581467146', '29.090465059564')"
1357,,40.991382696864,28.845744904767,Ataköy—Şirinevler,,B,violet,,,interchange station,,Point(28.845744904 40.991382696),11.046,http://www.wikidata.org/entity/Q46811073,5.0,,,https://en.wikipedia.org/wiki/Atak%C3%B6y%E2%80%94%C5%9Eirinevler_(Istanbul_Metro),http://www.wikidata.org/entity/Q1147171,"('40.991382696864', '28.845744904767')"
1360,,41.055234561728,28.83059423519,Mahmutbey (M3),,B,violet,,,interchange station,,Point(28.830594235 41.055234561),13.341,http://www.wikidata.org/entity/Q47004328,5.0,,,https://en.wikipedia.org/wiki/Mahmutbey_(Istanbul_Metro),http://www.wikidata.org/entity/Q1147171,"('41.055234561728', '28.83059423519')"
1365,,41.101159652799,28.995702990986,Seyrantepe,,B,violet,,,interchange station,,Point(28.99570299 41.101159652),10.669,http://www.wikidata.org/entity/Q47004751,5.0,,,https://en.wikipedia.org/wiki/Seyrantepe_(Istanbul_Metro),http://www.wikidata.org/entity/Q1147171,"('41.101159652799', '28.995702990986')"
1370,,41.081378040332,29.055126027081,Aşiyan,,B,violet,,,interchange station,,Point(29.055126027 41.08137804),10.663,http://www.wikidata.org/entity/Q48966872,5.0,,,https://en.wikipedia.org/wiki/A%C5%9Fiyan_(Istanbul_Metro),http://www.wikidata.org/entity/Q1147171,"('41.081378040332', '29.055126027081')"
1378,,41.079630680556,28.973120669444,Kağıthane (M7),,B,violet,,,interchange station,,Point(28.973120669 41.07963068),8.148,http://www.wikidata.org/entity/Q55887158,5.0,,,https://en.wikipedia.org/wiki/Ka%C4%9F%C4%B1thane_(Istanbul_Metro),http://www.wikidata.org/entity/Q1147171,"('41.079630680556', '28.973120669444')"
1380,,41.0092,28.9667,Beyazıt,,B,violet,,,mahalle,,Point(28.9667 41.0092),0.831,http://www.wikidata.org/entity/Q61071388,5.0,,,,http://www.wikidata.org/entity/Q17051044,"('41.0092', '28.9667')"
1381,,41.016808,29.131365,Tepeüstü,,B,violet,,,mahalle,,Point(29.131365 41.016808),13.097,http://www.wikidata.org/entity/Q61071454,5.0,,,https://en.wikipedia.org/wiki/Tepe%C3%BCst%C3%BC,http://www.wikidata.org/entity/Q17051044,"('41.016808', '29.131365')"
1382,,41.0035,29.0851,Esatpaşa,,B,violet,,,mahalle,,Point(29.0851 41.0035),9.171,http://www.wikidata.org/entity/Q61071463,5.0,,,"https://en.wikipedia.org/wiki/Esatpa%C5%9Fa,_Ata%C5%9Fehir",http://www.wikidata.org/entity/Q17051044,"('41.0035', '29.0851')"
1383,,41.0125,28.975555555556,Nallı Masjid,,B,violet,,,mosque,,Point(28.975555555 41.0125),0.681,http://www.wikidata.org/entity/Q65054289,5.0,,,https://en.wikipedia.org/wiki/Nall%C4%B1_Masjid,http://www.wikidata.org/entity/Q32815,"('41.0125', '28.975555555556')"
1385,,41.009792,28.961555,"Bayezid II, Turkish Bath Culture Museum",,B,violet,,,hammam,,Point(28.961555 41.009792),1.26,http://www.wikidata.org/entity/Q68217803,5.0,,,https://en.wikipedia.org/wiki/Bayezid_II_Hamam,http://www.wikidata.org/entity/Q28077,"('41.009792', '28.961555')"
1387,,41.03028,28.97513,Suriye Pasajı,,B,violet,,,historic building,,Point(28.97513 41.03028),2.658,http://www.wikidata.org/entity/Q73529219,5.0,,,https://en.wikipedia.org/wiki/Suriye_Pasaj%C4%B1,http://www.wikidata.org/entity/Q35112127,"('41.03028', '28.97513')"
1388,,41.013805555556,28.968416666667,Büyük Valide Han,,B,violet,,,caravanserai,,Point(28.968416666 41.013805555),1.036,http://www.wikidata.org/entity/Q96417932,5.0,,,https://en.wikipedia.org/wiki/B%C3%BCy%C3%BCk_Valide_Han,http://www.wikidata.org/entity/Q186347,"('41.013805555556', '28.968416666667')"
1389,,41.036666666667,29.030277777778,"Surp Krikor Lusavoriç Armenian Church, Kuzguncuk",,B,violet,,,church building,,Point(29.030277777 41.036666666),5.672,http://www.wikidata.org/entity/Q97162737,5.0,,,"https://en.wikipedia.org/wiki/Surp_Krikor_Lusavori%C3%A7_Armenian_Church,_Kuzguncuk",http://www.wikidata.org/entity/Q16970,"('41.036666666667', '29.030277777778')"
1390,,41.058950253409,29.10953328215,Ümraniye Belediyesi Şehir Stadium,,B,violet,,,stadium,,Point(29.109533282 41.058950253),12.643,http://www.wikidata.org/entity/Q98091637,5.0,,,https://en.wikipedia.org/wiki/%C3%9Cmraniye_Municipality_City_Stadium,http://www.wikidata.org/entity/Q483110,"('41.058950253409', '29.10953328215')"
1391,,41.034342,28.946921,Yusuf Şucaeddin Camii Çeşmesi,,B,violet,,,fountain,,Point(28.946921 41.034342),3.945,http://www.wikidata.org/entity/Q112080881,5.0,,,https://en.wikipedia.org/wiki/Balat_Fountain,http://www.wikidata.org/entity/Q483453,"('41.034342', '28.946921')"
1392,,40.999180555556,29.047630555556,"St. Ignatius Greek Orthodox Cemetery, Kadıköy",,B,violet,,,cemetery,,Point(29.047630555 40.999180555),6.074,http://www.wikidata.org/entity/Q115694614,5.0,,,"https://en.wikipedia.org/wiki/St._Ignatius_Greek_Orthodox_Cemetery,_Kad%C4%B1k%C3%B6y",http://www.wikidata.org/entity/Q39614,"('40.999180555556', '29.047630555556')"
1393,,41.051424,28.988448,Private Armenian School of Pangaltı,,B,violet,,,high school,,Point(28.988448 41.051424),5.118,http://www.wikidata.org/entity/Q7246046,5.0,,https://de.wikipedia.org/wiki/Armenische_Privatschule_Pangalt%C4%B1,https://en.wikipedia.org/wiki/Pangalt%C4%B1_Mkhitaryan_School,http://www.wikidata.org/entity/Q9826,"('41.051424', '28.988448')"
1395,,40.9682,28.8404,Turkish Air Force Academy,,B,violet,,,public university,,Point(28.8404 40.9682),12.137,http://www.wikidata.org/entity/Q7855223,5.0,,https://de.wikipedia.org/wiki/T%C3%BCrkische_Luftwaffenakademie,https://en.wikipedia.org/wiki/Turkish_Air_Force_Academy,http://www.wikidata.org/entity/Q875538,"('40.9682', '28.8404')"
1397,,41.0243,29.03105,Surp Haç Ermeni Lisesi,,C,yellow,,,high school,,Point(29.03105 41.0243),5.04,http://www.wikidata.org/entity/Q2368617,4.0,,https://de.wikipedia.org/wiki/Surp_Ha%C3%A7_Ermeni_Lisesi,,http://www.wikidata.org/entity/Q9826,"('41.0243', '29.03105')"
1399,,40.98888889,29.02777778,Monastery of Rufinianus,,C,yellow,,,abbey,,Point(29.02777778 40.98888889),4.77,http://www.wikidata.org/entity/Q1775931,4.0,,https://de.wikipedia.org/wiki/Kloster_Sanctus_Angelus_in_Rufiniano,,http://www.wikidata.org/entity/Q160742,"('40.98888889', '29.02777778')"
1400,,41.026078,29.068462,Çamlıca TRT Television Tower,,C,yellow,,,architectural structure,,Point(29.068462 41.026078),8.071,http://www.wikidata.org/entity/Q1407350,4.0,,https://de.wikipedia.org/wiki/Fernsehturm_%C3%87aml%C4%B1ca,https://en.wikipedia.org/wiki/%C3%87aml%C4%B1ca_TRT_Television_Tower,http://www.wikidata.org/entity/Q811979,"('41.026078', '29.068462')"
1403,,41.0359661,28.9830674,Akbank Sanat,,C,yellow,,,arts center,,Point(28.9830674 41.0359661),3.344,http://www.wikidata.org/entity/Q6011303,4.0,,https://de.wikipedia.org/wiki/Akbank_Sanat,https://en.wikipedia.org/wiki/Akbank_Sanat,http://www.wikidata.org/entity/Q2190251,"('41.0359661', '28.9830674')"
1405,,41.0350609,28.9840088,Esayan Armenian School,,C,yellow,,,secondary school,,Point(28.984046 41.035078),3.264,http://www.wikidata.org/entity/Q20471632,4.0,,https://de.wikipedia.org/wiki/Esayan_Ermeni_Okulu,,http://www.wikidata.org/entity/Q159334,"('41.0350609', '28.9840088')"
1409,,41.03915,28.9894666667,Atatürk Library,,C,yellow,,,architectural structure,,Point(28.989466666 41.03915),3.818,http://www.wikidata.org/entity/Q28836336,4.0,,https://de.wikipedia.org/wiki/Atat%C3%BCrk-Bibliothek,,http://www.wikidata.org/entity/Q811979,"('41.03915', '28.9894666667')"
1412,,41.05165,28.987566,Elmadağ,,C,yellow,,,quarter,,Point(28.987566 41.05165),5.128,http://www.wikidata.org/entity/Q1592283,4.0,,,"https://en.wikipedia.org/wiki/Elmada%C4%9F,_%C5%9Ei%C5%9Fli",http://www.wikidata.org/entity/Q2983893,"('41.05165', '28.987566')"
1414,,41.023918,28.973487,SALT,,C,yellow,,,art museum,,Point(28.973487 41.023918),1.96,http://www.wikidata.org/entity/Q3169139,4.0,,,https://en.wikipedia.org/wiki/Salt_Research,http://www.wikidata.org/entity/Q207694,"('41.023918', '28.973487')"
1416,,41.0301704,28.9771481,Lycée Français Pierre Loti d'Istanbul,,C,yellow,,,lycée,,Point(28.9771481 41.0301704),2.647,http://www.wikidata.org/entity/Q3269074,4.0,,,https://en.wikipedia.org/wiki/Lyc%C3%A9e_Fran%C3%A7ais_Pierre_Loti_d%27Istanbul,http://www.wikidata.org/entity/Q2511322,"('41.0301704', '28.9771481')"
1417,,41.01063143182,28.987436209725,Q3320401,,C,yellow,,,monastery,,Point(28.987436209 41.010631431),1.079,http://www.wikidata.org/entity/Q3320401,4.0,,,,http://www.wikidata.org/entity/Q44613,"('41.01063143182', '28.987436209725')"
1418,,41.014583333333,28.97725,Bet Avraam Synagogue,,C,yellow,,,synagogue,,Point(28.97725 41.014583333),0.919,http://www.wikidata.org/entity/Q3404698,4.0,,,https://en.wikipedia.org/wiki/Bet_Avraam_Synagogue,http://www.wikidata.org/entity/Q34627,"('41.014583333333', '28.97725')"
1419,,41.04055556,28.95361111,Maalem Synagogue,,C,yellow,,,synagogue,,Point(28.95361111 41.04055556),4.234,http://www.wikidata.org/entity/Q3409157,4.0,,,https://en.wikipedia.org/wiki/Maalem_Synagogue,http://www.wikidata.org/entity/Q34627,"('41.04055556', '28.95361111')"
1420,,40.978284715549,28.87092245377,Bakırköy Synagogue,,C,yellow,,,synagogue,,Point(28.870922453 40.978284715),9.346,http://www.wikidata.org/entity/Q3409161,4.0,,,https://en.wikipedia.org/wiki/Bak%C4%B1rk%C3%B6y_Synagogue,http://www.wikidata.org/entity/Q34627,"('40.978284715549', '28.87092245377')"
1421,,40.9741,29.0634,Caddebostan Synagogue,,C,yellow,,,synagogue,,Point(29.0634 40.9741),8.176,http://www.wikidata.org/entity/Q3409196,4.0,,,https://en.wikipedia.org/wiki/Caddebostan_Synagogue,http://www.wikidata.org/entity/Q34627,"('40.9741', '29.0634')"
1422,,41.032929,29.0314597,Bet Nissim Synagogue,,C,yellow,,,synagogue,,Point(29.0314597 41.032929),5.519,http://www.wikidata.org/entity/Q3409200,4.0,,,https://en.wikipedia.org/wiki/Bet_Nissim_Synagogue,http://www.wikidata.org/entity/Q34627,"('41.032929', '29.0314597')"
1425,,40.9785,29.1103,Acıbadem University,,C,yellow,,,private university,,Point(29.1103 40.9785),11.7,http://www.wikidata.org/entity/Q4678047,4.0,,,https://en.wikipedia.org/wiki/Ac%C4%B1badem_Mehmet_Ali_Ayd%C4%B1nlar_University,http://www.wikidata.org/entity/Q902104,"('40.9785', '29.1103')"
1426,,41.082444444444,29.054111111111,Aşiyan,,C,yellow,,,quarter,,Point(29.054111111 41.082444444),10.704,http://www.wikidata.org/entity/Q4833523,4.0,,,https://en.wikipedia.org/wiki/A%C5%9Fiyan,http://www.wikidata.org/entity/Q2983893,"('41.082444444444', '29.054111111111')"
1427,,41.076,29.045,Bebek Bay,,C,yellow,,,bay,,Point(29.045 41.076),9.671,http://www.wikidata.org/entity/Q4878431,4.0,,,https://en.wikipedia.org/wiki/Bebek_Bay,http://www.wikidata.org/entity/Q39594,"('41.076', '29.045')"
1428,,40.954155468824,29.094114819621,Bostancı railway station,,C,yellow,,,interchange station,,Point(29.094114819 40.954155468),11.499,http://www.wikidata.org/entity/Q4947652,4.0,,,https://en.wikipedia.org/wiki/Bostanc%C4%B1_railway_station,http://www.wikidata.org/entity/Q1147171,"('40.954155468824', '29.094114819621')"
1435,,41.035805555556,28.978444444444,Doğançay Museum,,C,yellow,,,art museum,,Point(28.978444444 41.035805555),3.279,http://www.wikidata.org/entity/Q5303887,4.0,,,https://en.wikipedia.org/wiki/Do%C4%9Fan%C3%A7ay_Museum,http://www.wikidata.org/entity/Q207694,"('41.035805555556', '28.978444444444')"
1437,,40.979153424085,29.062626093773,Göztepe railway station,,C,yellow,,,interchange station,,Point(29.062626093 40.979153424),7.885,http://www.wikidata.org/entity/Q5626765,4.0,,,https://en.wikipedia.org/wiki/G%C3%B6ztepe_railway_station,http://www.wikidata.org/entity/Q1147171,"('40.979153424085', '29.062626093773')"
1441,,41.0235835,28.9593551,Cibali,,C,yellow,,,mahalle,,Point(28.9593551 41.0235835),2.362,http://www.wikidata.org/entity/Q5991448,4.0,,,,http://www.wikidata.org/entity/Q17051044,"('41.0235835', '28.9593551')"
1443,,41.049057,29.052298,Sadullah Pasha Yalı,,C,yellow,,,yalı,,Point(29.052298 41.049057),7.976,http://www.wikidata.org/entity/Q6020259,4.0,,,,http://www.wikidata.org/entity/Q2142647,"('41.049057', '29.052298')"
1444,,40.965972222222,29.069583333333,Galip Paşa Mosque,,C,yellow,,,architectural structure,,Point(29.069583333 40.965972222),9.058,http://www.wikidata.org/entity/Q6025368,4.0,,,https://en.wikipedia.org/wiki/Galib_Pasha_Mosque,http://www.wikidata.org/entity/Q811979,"('40.965972222222', '29.069583333333')"
1447,,41.03337,28.97695,T2,,C,yellow,,,tram service,,Point(28.97695 41.03337),3.002,http://www.wikidata.org/entity/Q6027425,4.0,,,,http://www.wikidata.org/entity/Q15145593,"('41.03337', '28.97695')"
1450,,40.99415,28.84117,Hürriyet,,C,yellow,,,mahalle,,Point(28.84117 40.99415),11.385,http://www.wikidata.org/entity/Q6035375,4.0,,,,http://www.wikidata.org/entity/Q17051044,"('40.99415', '28.84117')"
1451,,41.0160064,28.8710186,Akıncılar,,C,yellow,,,mahalle,,Point(28.8710186 41.0160064),8.862,http://www.wikidata.org/entity/Q6036205,4.0,,,,http://www.wikidata.org/entity/Q17051044,"('41.0160064', '28.8710186')"
1452,,41.0016533,28.8329435,Fevzi Çakmak,,C,yellow,,,mahalle,,Point(28.8329435 41.0016533),12.005,http://www.wikidata.org/entity/Q6038224,4.0,,,,http://www.wikidata.org/entity/Q17051044,"('41.0016533', '28.8329435')"
1453,,41.0259668,28.8649183,Güneştepe,,C,yellow,,,mahalle,,Point(28.8649183 41.0259668),9.56,http://www.wikidata.org/entity/Q6038308,4.0,,,,http://www.wikidata.org/entity/Q17051044,"('41.0259668', '28.8649183')"
1454,,41.0131171,28.8909499,Mehmet Nesih Özmen,,C,yellow,,,mahalle,,Point(28.8909499 41.0131171),7.164,http://www.wikidata.org/entity/Q6040090,4.0,,,,http://www.wikidata.org/entity/Q17051044,"('41.0131171', '28.8909499')"
1455,,41.013897,28.984489,Yerevan Kiosk,,C,yellow,,,pavilion,,Point(28.984489 41.013897),1.105,http://www.wikidata.org/entity/Q6040439,4.0,,,,http://www.wikidata.org/entity/Q276173,"('41.013897', '28.984489')"
1457,,40.99297,29.05974,Dumlupınar,,C,yellow,,,mahalle,,Point(29.05974 40.99297),7.194,http://www.wikidata.org/entity/Q6041243,4.0,,,"https://en.wikipedia.org/wiki/Dumlup%C4%B1nar,_Kad%C4%B1k%C3%B6y",http://www.wikidata.org/entity/Q17051044,"('40.99297', '29.05974')"
1458,,41.0656,29.0709,Küçüksu,,C,yellow,,,mahalle,,Point(29.0709 41.0656),10.338,http://www.wikidata.org/entity/Q6045413,4.0,,,,http://www.wikidata.org/entity/Q17051044,"('41.0656', '29.0709')"
1459,,41.100393,28.860902,Sultançiftliği,,C,yellow,,,mahalle,,Point(28.860902 41.100393),14.22,http://www.wikidata.org/entity/Q6046539,4.0,,,,http://www.wikidata.org/entity/Q17051044,"('41.100393', '28.860902')"
1460,,41.024138888889,28.944916666667,Nişancı Mehmed Pasha Mosque,,C,yellow,,,architectural structure,,Point(28.944916666 41.024138888),3.262,http://www.wikidata.org/entity/Q6056382,4.0,,,https://en.wikipedia.org/wiki/N%C4%B1%C5%9Fan%C3%A7%C4%B1_Mehmed_Pasha_Mosque,http://www.wikidata.org/entity/Q811979,"('41.024138888889', '28.944916666667')"
1464,,41.0257301,28.9824276,Türkiye Denizcilik İşletmeleri,,C,yellow,,,organization,,Point(28.9824276 41.0257301),2.221,http://www.wikidata.org/entity/Q6061455,4.0,,,https://en.wikipedia.org/wiki/Turkish_Maritime_Organization,http://www.wikidata.org/entity/Q43229,"('41.0257301', '28.9824276')"
1465,,40.990838,29.126553,Atatürk,,C,yellow,,,mahalle,,Point(29.126553 40.990838),12.762,http://www.wikidata.org/entity/Q6062357,4.0,,,,http://www.wikidata.org/entity/Q17051044,"('40.990838', '29.126553')"
1466,,41.0045725,29.091795,Aşıkveysel,,C,yellow,,,mahalle,,Point(29.091795 41.0045725),9.729,http://www.wikidata.org/entity/Q6062626,4.0,,,,http://www.wikidata.org/entity/Q17051044,"('41.0045725', '29.091795')"
1467,,41.025335,28.973318,Bereketzade,,C,yellow,,,mahalle,,Point(28.973318 41.025335),2.118,http://www.wikidata.org/entity/Q6062659,4.0,,,,http://www.wikidata.org/entity/Q17051044,"('41.025335', '28.973318')"
1468,,41.0043769,28.826637,Çobançeşme,,C,yellow,,,mahalle,,Point(28.826637 41.0043769),12.524,http://www.wikidata.org/entity/Q6066022,4.0,,,,http://www.wikidata.org/entity/Q17051044,"('41.0043769', '28.826637')"
1469,,41.030944444444,28.974916666667,Asmalı Mescit,,C,yellow,,,mahalle,,Point(28.974916666 41.030944444),2.732,http://www.wikidata.org/entity/Q6066222,4.0,,,,http://www.wikidata.org/entity/Q17051044,"('41.030944444444', '28.974916666667')"
1470,,41.007861111111,28.966361111111,Gedikpaşa Tiyatrosu,,C,yellow,,,theatre building,,Point(28.966361111 41.007861111),0.815,http://www.wikidata.org/entity/Q6066514,4.0,,,https://en.wikipedia.org/wiki/Gedikpa%C5%9Fa_Tiyatrosu,http://www.wikidata.org/entity/Q24354,"('41.007861111111', '28.966361111111')"
1471,,41.0246237,28.9404275,Hırka-i Şerif,,C,yellow,,,mahalle,,Point(28.9404275 41.0246237),3.6,http://www.wikidata.org/entity/Q6066952,4.0,,,,http://www.wikidata.org/entity/Q17051044,"('41.0246237', '28.9404275')"
1472,,41.085023,29.025658,Akat,,C,yellow,,,mahalle,,Point(29.025658 41.085023),9.69,http://www.wikidata.org/entity/Q6067617,4.0,,,,http://www.wikidata.org/entity/Q17051044,"('41.085023', '29.025658')"
1473,,41.069,28.979,Istanbul Courthouse,,C,yellow,,,courthouse,,Point(28.979 41.069),6.968,http://www.wikidata.org/entity/Q6068701,4.0,,,https://en.wikipedia.org/wiki/Istanbul_Justice_Palace,http://www.wikidata.org/entity/Q1137809,"('41.069', '28.979')"
1474,,41.0154966,28.9744019,Hobyar,,C,yellow,,,mahalle,,Point(28.9744019 41.0154966),1.021,http://www.wikidata.org/entity/Q6068720,4.0,,,,http://www.wikidata.org/entity/Q17051044,"('41.0154966', '28.9744019')"
1475,,40.977777777778,28.883611111111,Sakızağacı,,C,yellow,,,mahalle,,Point(28.883611111 40.977777777),8.371,http://www.wikidata.org/entity/Q6068839,4.0,,,,http://www.wikidata.org/entity/Q17051044,"('40.977777777778', '28.883611111111')"
1476,,41.0728,29.0324,Kültür,,C,yellow,,,mahalle,,Point(29.0324 41.0728),8.776,http://www.wikidata.org/entity/Q6068892,4.0,,,,http://www.wikidata.org/entity/Q17051044,"('41.0728', '29.0324')"
1477,,41.0104658,28.8707783,Haznedar,,C,yellow,,,mahalle,,Point(28.8707783 41.0104658),8.83,http://www.wikidata.org/entity/Q6069192,4.0,,,,http://www.wikidata.org/entity/Q17051044,"('41.0104658', '28.8707783')"
1478,,41.06466,28.931,Yıldıztabya,,C,yellow,,,mahalle,,Point(28.931 41.06466),7.494,http://www.wikidata.org/entity/Q6069239,4.0,,,https://en.wikipedia.org/wiki/Y%C4%B1ld%C4%B1ztabya,http://www.wikidata.org/entity/Q17051044,"('41.06466', '28.931')"
1479,,41.07422183,28.92077883,Yeşilpınar,,C,yellow,,,mahalle,,Point(28.92077883 41.07422183),8.846,http://www.wikidata.org/entity/Q6069329,4.0,,,,http://www.wikidata.org/entity/Q17051044,"('41.07422183', '28.92077883')"
1480,,41.04562583,28.871963,Kazım Karabekir,,C,yellow,,,mahalle,,Point(28.871963 41.04562583),9.747,http://www.wikidata.org/entity/Q6069349,4.0,,,,http://www.wikidata.org/entity/Q17051044,"('41.04562583', '28.871963')"
1481,,41.016755,28.958797,Molla Hüsrev,,C,yellow,,,mahalle,,Point(28.958797 41.016755),1.839,http://www.wikidata.org/entity/Q6069363,4.0,,,,http://www.wikidata.org/entity/Q17051044,"('41.016755', '28.958797')"
1482,,41.042583,28.932731,Nişancı,,C,yellow,,,mahalle,,Point(28.932731 41.042583),5.413,http://www.wikidata.org/entity/Q6069381,4.0,,,,http://www.wikidata.org/entity/Q17051044,"('41.042583', '28.932731')"
1483,,41.0062654,28.9551397,Katip Kasım,,C,yellow,,,mahalle,,Point(28.9551397 41.0062654),1.74,http://www.wikidata.org/entity/Q6069393,4.0,,,,http://www.wikidata.org/entity/Q17051044,"('41.0062654', '28.9551397')"
1484,,40.9775,28.876388888889,Cevizlik,,C,yellow,,,mahalle,,Point(28.876388888 40.9775),8.945,http://www.wikidata.org/entity/Q6069421,4.0,,,,http://www.wikidata.org/entity/Q17051044,"('40.9775', '28.876388888889')"
1485,,41.1194264,29.009045,Istanbul Nişantaşı University,,C,yellow,,,private university,,Point(29.009045 41.1194264),12.873,http://www.wikidata.org/entity/Q6069457,4.0,,,https://en.wikipedia.org/wiki/Istanbul_Ni%C5%9Fanta%C5%9F%C4%B1_University,http://www.wikidata.org/entity/Q902104,"('41.1194264', '29.009045')"
1486,,41.032904,28.90668183,Vatan,,C,yellow,,,mahalle,,Point(28.90668183 41.032904),6.511,http://www.wikidata.org/entity/Q6069610,4.0,,,,http://www.wikidata.org/entity/Q17051044,"('41.032904', '28.90668183')"
1487,,41.06742783,28.93751583,Sakarya,,C,yellow,,,mahalle,,Point(28.93751583 41.06742783),7.511,http://www.wikidata.org/entity/Q6069781,4.0,,,,http://www.wikidata.org/entity/Q17051044,"('41.06742783', '28.93751583')"
1488,,41.07198,28.99097,Kuştepe,,C,yellow,,,mahalle,,Point(28.99097 41.07198),7.403,http://www.wikidata.org/entity/Q6069898,4.0,,,,http://www.wikidata.org/entity/Q17051044,"('41.07198', '28.99097')"
1489,,41.0047129,28.9672109,Şehsuvar Bey,,C,yellow,,,mahalle,,Point(28.9672109 41.0047129),0.75,http://www.wikidata.org/entity/Q6069929,4.0,,,,http://www.wikidata.org/entity/Q17051044,"('41.0047129', '28.9672109')"
1490,,41.03847183,28.85608383,Sancaktepe,,C,yellow,,,mahalle,,Point(28.85608383 41.03847183),10.663,http://www.wikidata.org/entity/Q6069933,4.0,,,,http://www.wikidata.org/entity/Q17051044,"('41.03847183', '28.85608383')"
1491,,41.05578783,29.13644983,Baklacı,,C,yellow,,,mahalle,,Point(29.13644983 41.05578783),14.546,http://www.wikidata.org/entity/Q6069976,4.0,,,,http://www.wikidata.org/entity/Q17051044,"('41.05578783', '29.13644983')"
1492,,41.04958,29.00517,Abbasağa,,C,yellow,,,mahalle,,Point(29.00517 41.04958),5.395,http://www.wikidata.org/entity/Q6070443,4.0,,,,http://www.wikidata.org/entity/Q17051044,"('41.04958', '29.00517')"
1493,,41.047,29.0081,Cihannüma,,C,yellow,,,mahalle,,Point(29.0081 41.047),5.264,http://www.wikidata.org/entity/Q6070605,4.0,,,,http://www.wikidata.org/entity/Q17051044,"('41.047', '29.0081')"
1494,,41.06839583,28.939394,Esentepe,,C,yellow,,,mahalle,,Point(28.939394 41.06839583),7.544,http://www.wikidata.org/entity/Q6070651,4.0,,,,http://www.wikidata.org/entity/Q17051044,"('41.06839583', '28.939394')"
1495,,41.033168,28.887917,Davutpaşa,,C,yellow,,,mahalle,,Point(28.887917 41.033168),7.957,http://www.wikidata.org/entity/Q6070661,4.0,,,,http://www.wikidata.org/entity/Q17051044,"('41.033168', '28.887917')"
1496,,41.0948,29.0154,Konaklar,,C,yellow,,,mahalle,,Point(29.0154 41.0948),10.375,http://www.wikidata.org/entity/Q6070763,4.0,,,,http://www.wikidata.org/entity/Q17051044,"('41.0948', '29.0154')"
1497,,41.058118,28.92706583,Karlıtepe,,C,yellow,,,mahalle,,Point(28.92706583 41.058118),7.06,http://www.wikidata.org/entity/Q6070854,4.0,,,,http://www.wikidata.org/entity/Q17051044,"('41.058118', '28.92706583')"
1498,,41.01317683,28.92339183,Mevlanakapı,,C,yellow,,,mahalle,,Point(28.92339183 41.01317683),4.468,http://www.wikidata.org/entity/Q6071018,4.0,,,,http://www.wikidata.org/entity/Q17051044,"('41.01317683', '28.92339183')"
1499,,41.011865,28.86992483,Güven,,C,yellow,,,mahalle,,Point(28.8733841 41.0116141),8.619,http://www.wikidata.org/entity/Q6071161,4.0,,,,http://www.wikidata.org/entity/Q17051044,"('41.011865', '28.86992483')"
1503,,41.042324,28.91376283,Yenidoğan,,C,yellow,,,mahalle,,Point(28.91376283 41.042324),6.566,http://www.wikidata.org/entity/Q6071186,4.0,,,,http://www.wikidata.org/entity/Q17051044,"('41.042324', '28.91376283')"
1504,,41.0070824,28.9697509,Emin Sinan,,C,yellow,,,mahalle,,Point(28.9697509 41.0070824),0.519,http://www.wikidata.org/entity/Q6071189,4.0,,,,http://www.wikidata.org/entity/Q17051044,"('41.0070824', '28.9697509')"
1505,,41.035833333333,28.840555555556,Kirazlı,,C,yellow,,,mahalle,,Point(28.840555555 41.035833333),11.814,http://www.wikidata.org/entity/Q6071224,4.0,,,,http://www.wikidata.org/entity/Q17051044,"('41.035833333333', '28.840555555556')"
1506,,41.03235383,28.915565,Orta,,C,yellow,,,mahalle,,Point(28.915565 41.03235383),5.825,http://www.wikidata.org/entity/Q6071400,4.0,,,,http://www.wikidata.org/entity/Q17051044,"('41.03235383', '28.915565')"
1507,,41.05595,28.90161783,Kartaltepe,,C,yellow,,,mahalle,,Point(28.90161783 41.05595),8.317,http://www.wikidata.org/entity/Q6071421,4.0,,,,http://www.wikidata.org/entity/Q17051044,"('41.05595', '28.90161783')"
1508,,41.06820483,28.953309,Emniyettepe,,C,yellow,,,mahalle,,Point(28.953309 41.06820483),7.13,http://www.wikidata.org/entity/Q6071751,4.0,,,,http://www.wikidata.org/entity/Q17051044,"('41.06820483', '28.953309')"
1509,,41.04809,28.99887,Muradiye,,C,yellow,,,mahalle,,Point(28.99887 41.04809),5.023,http://www.wikidata.org/entity/Q6071773,4.0,,,,http://www.wikidata.org/entity/Q17051044,"('41.04809', '28.99887')"
1510,,41.0035865,28.9723346,Küçük Ayasofya,,C,yellow,,,mahalle,,Point(28.9723346 41.0035865),0.43,http://www.wikidata.org/entity/Q6071887,4.0,,,,http://www.wikidata.org/entity/Q17051044,"('41.0035865', '28.9723346')"
1511,,41.04852983,28.838553,Demirkapı,,C,yellow,,,mahalle,,Point(28.838553 41.04852983),12.435,http://www.wikidata.org/entity/Q6072187,4.0,,,,http://www.wikidata.org/entity/Q17051044,"('41.04852983', '28.838553')"
1512,,41.0070922,28.9721964,Binbirdirek,,C,yellow,,,mahalle,,Point(28.9721964 41.0070922),0.318,http://www.wikidata.org/entity/Q6072340,4.0,,,,http://www.wikidata.org/entity/Q17051044,"('41.0070922', '28.9721964')"
1513,,41.0473,28.90629,Muratpaşa,,C,yellow,,,mahalle,,Point(28.90629 41.0473),7.4,http://www.wikidata.org/entity/Q6072698,4.0,,,,http://www.wikidata.org/entity/Q17051044,"('41.0473', '28.90629')"
1514,,41.0054068,28.9268933,Silivrikapı,,C,yellow,,,mahalle,,Point(28.9268933 41.0054068),4.111,http://www.wikidata.org/entity/Q6073055,4.0,,,,http://www.wikidata.org/entity/Q17051044,"('41.0054068', '28.9268933')"
1515,,41.07001,28.88486,Cevatpaşa,,C,yellow,,,mahalle,,Point(28.88486 41.07001),10.407,http://www.wikidata.org/entity/Q6073335,4.0,,,,http://www.wikidata.org/entity/Q17051044,"('41.07001', '28.88486')"
1516,,41.014371,28.9189855,Merkezefendi,,C,yellow,,,mahalle,,Point(28.9189855 41.014371),4.855,http://www.wikidata.org/entity/Q6073669,4.0,,,,http://www.wikidata.org/entity/Q17051044,"('41.014371', '28.9189855')"
1517,,41.010758,28.800809,Tevfikbey,,C,yellow,,,mahalle,,Point(28.800809 41.010758),14.697,http://www.wikidata.org/entity/Q6073733,4.0,,,,http://www.wikidata.org/entity/Q17051044,"('41.010758', '28.800809')"
1518,,41.02237383,28.872285,Merkez,,C,yellow,,,mahalle,,Point(28.8719813 41.0243935),8.943,http://www.wikidata.org/entity/Q6073873,4.0,,,,http://www.wikidata.org/entity/Q17051044,"('41.02237383', '28.872285')"
1522,,41.03717683,28.93401883,Defterdar,,C,yellow,,,mahalle,,Point(28.93401883 41.03717683),4.904,http://www.wikidata.org/entity/Q6073885,4.0,,,,http://www.wikidata.org/entity/Q17051044,"('41.03717683', '28.93401883')"
1523,,41.0521,29.0204,Mecidiye,,C,yellow,,,mahalle,,Point(29.0204 41.0521),6.308,http://www.wikidata.org/entity/Q6073998,4.0,,,,http://www.wikidata.org/entity/Q17051044,"('41.0521', '29.0204')"
1524,,41.0046423,29.0762052,Fetih,,C,yellow,,,mahalle,,Point(29.0762052 41.0046423),8.421,http://www.wikidata.org/entity/Q6074085,4.0,,,,http://www.wikidata.org/entity/Q17051044,"('41.0046423', '29.0762052')"
1525,,41.079278,28.911746,Kazım Karabekir,,C,yellow,,,mahalle,,Point(28.911746 41.079278),9.727,http://www.wikidata.org/entity/Q6074167,4.0,,,,http://www.wikidata.org/entity/Q17051044,"('41.079278', '28.911746')"
1526,,41.02315983,28.893077,Çifte Havuzlar,,C,yellow,,,mahalle,,Point(28.893077 41.02315983),7.192,http://www.wikidata.org/entity/Q6074371,4.0,,,,http://www.wikidata.org/entity/Q17051044,"('41.02315983', '28.893077')"
1527,,40.9864053,28.8954719,Sümer,,C,yellow,,,mahalle,,Point(28.8954719 40.9864053),7.103,http://www.wikidata.org/entity/Q6074750,4.0,,,,http://www.wikidata.org/entity/Q17051044,"('40.9864053', '28.8954719')"
1528,,41.05493783,28.934169,Merkez,,C,yellow,,,mahalle,,Point(28.9356137 41.0474069),5.676,http://www.wikidata.org/entity/Q6074847,4.0,,,,http://www.wikidata.org/entity/Q17051044,"('41.05493783', '28.934169')"
1532,,41.086362,28.92796783,Akşemsettin,,C,yellow,,,mahalle,,Point(28.92796783 41.086362),9.758,http://www.wikidata.org/entity/Q6074904,4.0,,,,http://www.wikidata.org/entity/Q17051044,"('41.086362', '28.92796783')"
1533,,41.021191,28.87541783,Sanayi,,C,yellow,,,mahalle,,Point(28.87541783 41.021191),8.587,http://www.wikidata.org/entity/Q6075378,4.0,,,,http://www.wikidata.org/entity/Q17051044,"('41.021191', '28.87541783')"
1534,,41.06047983,28.838875,Göztepe,,C,yellow,,,mahalle,,Point(28.838875 41.06047983),12.97,http://www.wikidata.org/entity/Q6075547,4.0,,,,http://www.wikidata.org/entity/Q17051044,"('41.06047983', '28.838875')"
1536,,41.034376,28.85674383,Merkez,,C,yellow,,,mahalle,,Point(28.8633027 41.0323551),9.875,http://www.wikidata.org/entity/Q6076973,4.0,,,,http://www.wikidata.org/entity/Q17051044,"('41.034376', '28.85674383')"
1540,,41.0819,29.0089,Tekfen Tower,,C,yellow,,,skyscraper,,Point(29.0089 41.0819),8.842,http://www.wikidata.org/entity/Q6077513,4.0,,,https://en.wikipedia.org/wiki/Tekfen_Tower,http://www.wikidata.org/entity/Q11303,"('41.0819', '29.0089')"
1541,,41.089748,29.085186,Kavacık,,C,yellow,,,mahalle,,Point(29.085186 41.089748),13.036,http://www.wikidata.org/entity/Q6078350,4.0,,,,http://www.wikidata.org/entity/Q17051044,"('41.089748', '29.085186')"
1542,,41.01638889,28.96444444,Süleymaniye,,C,yellow,,,mahalle,,Point(28.96444444 41.01638889),1.469,http://www.wikidata.org/entity/Q6078414,4.0,,,,http://www.wikidata.org/entity/Q17051044,"('41.01638889', '28.96444444')"
1543,,41.053611111111,28.825555555556,Mahmutbey,,C,yellow,,,mahalle,,Point(28.825555555 41.053611111),13.658,http://www.wikidata.org/entity/Q6078951,4.0,,,,http://www.wikidata.org/entity/Q17051044,"('41.053611111111', '28.825555555556')"
1544,,41.063581,29.027078,Ulus,,C,yellow,,,mahalle,,Point(29.027078 41.063581),7.674,http://www.wikidata.org/entity/Q6079063,4.0,,,,http://www.wikidata.org/entity/Q17051044,"('41.063581', '29.027078')"
1545,,41.0277775,28.9096922,Maltepe,,C,yellow,,,mahalle,,Point(28.9096922 41.0277775),6.04,http://www.wikidata.org/entity/Q6080113,4.0,,,,http://www.wikidata.org/entity/Q17051044,"('41.0277775', '28.9096922')"
1546,,41.04165,28.90662,İsmet Paşa,,C,yellow,,,mahalle,,Point(28.90662 41.04165),7.009,http://www.wikidata.org/entity/Q6080429,4.0,,,,http://www.wikidata.org/entity/Q17051044,"('41.04165', '28.90662')"
1547,,41.014823,28.8966072,Tozkoparan,,C,yellow,,,mahalle,,Point(28.8966072 41.014823),6.716,http://www.wikidata.org/entity/Q6080667,4.0,,,,http://www.wikidata.org/entity/Q17051044,"('41.014823', '28.8966072')"
1548,,41.06377,28.98669,Merkez,,C,yellow,,,mahalle,,Point(28.98669 41.06377),6.445,http://www.wikidata.org/entity/Q6080743,4.0,,,,http://www.wikidata.org/entity/Q17051044,"('41.06377', '28.98669')"
1552,,41.0629,29.0194,Levazım,,C,yellow,,,mahalle,,Point(29.0194 41.0629),7.268,http://www.wikidata.org/entity/Q6080917,4.0,,,,http://www.wikidata.org/entity/Q17051044,"('41.0629', '29.0194')"
1553,,41.0584,28.998,Fulya,,C,yellow,,,mahalle,,Point(28.998 41.0584),6.074,http://www.wikidata.org/entity/Q6081146,4.0,,,,http://www.wikidata.org/entity/Q17051044,"('41.0584', '28.998')"
1554,,41.0428,29.00476,Sinanpaşa,,C,yellow,,,mahalle,,Point(29.00476 41.0428),4.719,http://www.wikidata.org/entity/Q6081972,4.0,,,,http://www.wikidata.org/entity/Q17051044,"('41.0428', '29.00476')"
1555,,41.07027778,29.01111111,Esentepe,,C,yellow,,,mahalle,,Point(29.01111111 41.07027778),7.695,http://www.wikidata.org/entity/Q6083561,4.0,,,,http://www.wikidata.org/entity/Q17051044,"('41.07027778', '29.01111111')"
1556,,40.9894,28.8619,Bakırköy Psychiatric Hospital,,C,yellow,,,psychiatric hospital,,Point(28.8619 40.9894),9.749,http://www.wikidata.org/entity/Q6084116,4.0,,,https://en.wikipedia.org/wiki/Bak%C4%B1rk%C3%B6y_Psychiatric_Hospital,http://www.wikidata.org/entity/Q210999,"('40.9894', '28.8619')"
1558,,41.007277777778,28.980055555556,Old Darülfünun building,,C,yellow,,,architectural structure,,Point(28.980055555 41.007277777),0.365,http://www.wikidata.org/entity/Q6085776,4.0,,,https://en.wikipedia.org/wiki/Old_Dar%C3%BClf%C3%BCnun_building,http://www.wikidata.org/entity/Q811979,"('41.007277777778', '28.980055555556')"
1560,,41.0127,28.9307,Şehremini,,C,yellow,,,mahalle,,Point(28.9307 41.0127),3.855,http://www.wikidata.org/entity/Q6086735,4.0,,,,http://www.wikidata.org/entity/Q17051044,"('41.0127', '28.9307')"
1561,,41.00844,28.97211,TGC Press Media Museum,,C,yellow,,,library,,Point(28.97211 41.00844),0.39,http://www.wikidata.org/entity/Q6087315,4.0,,,https://en.wikipedia.org/wiki/TGC_Press_Media_Museum,http://www.wikidata.org/entity/Q7075,"('41.00844', '28.97211')"
1563,,41.01898611,28.943975,Bali Pasha Mosque,,C,yellow,,,architectural structure,,Point(28.943975 41.01898611),3.021,http://www.wikidata.org/entity/Q6089785,4.0,,,,http://www.wikidata.org/entity/Q811979,"('41.01898611', '28.943975')"
1567,,41.079478,28.94678,Alibeyköy,,C,yellow,,,mahalle,,Point(28.94678 41.079478),8.486,http://www.wikidata.org/entity/Q6090062,4.0,,,,http://www.wikidata.org/entity/Q17051044,"('41.079478', '28.94678')"
1568,,40.96156,28.81106,Russian Monument of San Stefano,,C,yellow,,,cautionary memorial,,Point(28.81106 40.96156),14.704,http://www.wikidata.org/entity/Q6091148,4.0,,,https://en.wikipedia.org/wiki/Russian_Monument_at_San_Stefano,http://www.wikidata.org/entity/Q1885014,"('40.96156', '28.81106')"
1570,,41.04111111,28.99,Taşkışla,,C,yellow,,,architectural structure,,Point(28.99 41.04111111),4.039,http://www.wikidata.org/entity/Q6092580,4.0,,,https://en.wikipedia.org/wiki/Ta%C5%9Fk%C4%B1%C5%9Fla,http://www.wikidata.org/entity/Q811979,"('41.04111111', '28.99')"
1571,,41.059925,29.013838,Balmumcu,,C,yellow,,,mahalle,,Point(29.013838 41.059925),6.752,http://www.wikidata.org/entity/Q6093871,4.0,,,,http://www.wikidata.org/entity/Q17051044,"('41.059925', '29.013838')"
1572,,41.024111111111,28.974083333333,Tofre Begadim Synagogue,,C,yellow,,,synagogue,,Point(28.974083333 41.024111111),1.977,http://www.wikidata.org/entity/Q6095042,4.0,,,,http://www.wikidata.org/entity/Q34627,"('41.024111111111', '28.974083333333')"
1573,,41.02583333,28.88916667,Davutpaşa Barracks,,C,yellow,,,building,,Point(28.88916667 41.02583333),7.589,http://www.wikidata.org/entity/Q6095594,4.0,,,https://en.wikipedia.org/wiki/Davutpa%C5%9Fa_Barracks,http://www.wikidata.org/entity/Q41176,"('41.02583333', '28.88916667')"
1574,,40.983699,29.143199,Kayışdağı,,C,yellow,,,mahalle,,Point(29.143199 40.983699),14.267,http://www.wikidata.org/entity/Q6096345,4.0,,,,http://www.wikidata.org/entity/Q17051044,"('40.983699', '29.143199')"
1575,,41.0416128,28.8397196,Yenimahalle,,C,yellow,,,mahalle,,Point(28.8397196 41.0416128),12.074,http://www.wikidata.org/entity/Q6097835,4.0,,,,http://www.wikidata.org/entity/Q17051044,"('41.0416128', '28.8397196')"
1576,,41.01388889,28.85722222,Cumhuriyet,,C,yellow,,,mahalle,,Point(28.85722222 41.01388889),9.99,http://www.wikidata.org/entity/Q6099876,4.0,,,,http://www.wikidata.org/entity/Q17051044,"('41.01388889', '28.85722222')"
1577,,41.010809,28.952918,Pertevniyal High School,,C,yellow,,,school building,,Point(28.952918 41.010809),1.988,http://www.wikidata.org/entity/Q6100801,4.0,,,https://en.wikipedia.org/wiki/Pertevniyal_High_School,http://www.wikidata.org/entity/Q1244442,"('41.010809', '28.952918')"
1579,,41.045833333333,28.985833333333,Istanbul City Theatres,,C,yellow,,,theatre building,,Point(28.985833333 41.045833333),4.466,http://www.wikidata.org/entity/Q6104243,4.0,,,https://en.wikipedia.org/wiki/Istanbul_City_Theatres,http://www.wikidata.org/entity/Q24354,"('41.045833333333', '28.985833333333')"
1581,,40.950833333333,29.108888888889,Küçükyalı Merkez,,C,yellow,,,mahalle,,Point(29.108888888 40.950833333),12.76,http://www.wikidata.org/entity/Q6454259,4.0,,,https://en.wikipedia.org/wiki/K%C3%BC%C3%A7%C3%BCkyal%C4%B1,http://www.wikidata.org/entity/Q17051044,"('40.950833333333', '29.108888888889')"
1582,,41.0541666667,28.9358333333,Pierre Loti Hill,,C,yellow,,,architectural structure,,Point(28.935833333 41.054166666),6.286,http://www.wikidata.org/entity/Q6581129,4.0,,,,http://www.wikidata.org/entity/Q811979,"('41.0541666667', '28.9358333333')"
1584,,41.037945,28.960469,Kulaksız,,C,yellow,,,mahalle,,Point(28.960469 41.037945),3.74,http://www.wikidata.org/entity/Q6604956,4.0,,,"https://en.wikipedia.org/wiki/Kulaks%C4%B1z,_Beyo%C4%9Flu",http://www.wikidata.org/entity/Q17051044,"('41.037945', '28.960469')"
1585,,41.013588,28.984352,Hırka-i Saadet,,C,yellow,,,historic building,,Point(28.984352 41.013588),1.072,http://www.wikidata.org/entity/Q6659612,4.0,,,,http://www.wikidata.org/entity/Q35112127,"('41.013588', '28.984352')"
1586,,41.0513,29.0159,Malta Kiosk,,C,yellow,,,pavilion,,Point(29.0159 41.0513),6.018,http://www.wikidata.org/entity/Q6744675,4.0,,,https://en.wikipedia.org/wiki/Malta_Kiosk,http://www.wikidata.org/entity/Q276173,"('41.0513', '29.0159')"
1590,,41.037920194444,28.946041388889,Balat Or-Ahayim Hastanesi,,C,yellow,,,private hospital,,Point(28.946041388 41.037920194),4.308,http://www.wikidata.org/entity/Q6867698,4.0,,,,http://www.wikidata.org/entity/Q4284971,"('41.037920194444', '28.946041388889')"
1592,,40.9864,28.8319,World Trade Center Istanbul,,C,yellow,,,convention center,,Point(28.8319 40.9864),12.285,http://www.wikidata.org/entity/Q8036341,4.0,,,https://en.wikipedia.org/wiki/World_Trade_Center_Istanbul,http://www.wikidata.org/entity/Q1378975,"('40.9864', '28.8319')"
1595,,40.994,28.912,Zeytinburnu Stadium,,C,yellow,,,stadium,,Point(28.912 40.994),5.534,http://www.wikidata.org/entity/Q8069966,4.0,,,https://en.wikipedia.org/wiki/Zeytinburnu_Stadium,http://www.wikidata.org/entity/Q483110,"('40.994', '28.912')"
1598,,41.0085972,28.9716495,Cemberlitas Hammam,,C,yellow,,,hammam,,Point(28.9716495 41.0085972),0.432,http://www.wikidata.org/entity/Q8077658,4.0,,,https://en.wikipedia.org/wiki/%C3%87emberlita%C5%9F_Hamam%C4%B1,http://www.wikidata.org/entity/Q28077,"('41.0085972', '28.9716495')"
1602,,41.0621,28.9904,Şişli Greek Orthodox Cemetery,,C,yellow,,,cemetery,,Point(28.9904 41.0621),6.314,http://www.wikidata.org/entity/Q8082558,4.0,,,https://en.wikipedia.org/wiki/%C5%9Ei%C5%9Fli_Greek_Orthodox_Cemetery,http://www.wikidata.org/entity/Q39614,"('41.0621', '28.9904')"
1605,,40.9902522,29.1035997,Barbaros,,C,yellow,,,mahalle,,Point(29.1035997 40.9902522),10.868,http://www.wikidata.org/entity/Q12808742,4.0,,,,http://www.wikidata.org/entity/Q17051044,"('40.9902522', '29.1035997')"
1606,,41.09182783,29.10186083,Rüzgarlıbahçe,,C,yellow,,,mahalle,,Point(29.10186083 41.09182783),14.208,http://www.wikidata.org/entity/Q12811599,4.0,,,,http://www.wikidata.org/entity/Q17051044,"('41.09182783', '29.10186083')"
1607,,41.00075,28.83758,Zafer,,C,yellow,,,mahalle,,Point(28.83758 41.00075),11.621,http://www.wikidata.org/entity/Q12812688,4.0,,,,http://www.wikidata.org/entity/Q17051044,"('41.00075', '28.83758')"
1609,,40.978835576056,29.048638542337,Feneryolu railway station,,C,yellow,,,historic building,,Point(29.048638542 40.978835576),6.832,http://www.wikidata.org/entity/Q15136719,4.0,,,https://en.wikipedia.org/wiki/Feneryolu_railway_station,http://www.wikidata.org/entity/Q35112127,"('40.978835576056', '29.048638542337')"
1611,,41.01104,28.96269,Beyazıt Massacre,,C,yellow,,,occurrence,,Point(28.96269 41.01104),1.221,http://www.wikidata.org/entity/Q16254529,4.0,,,https://en.wikipedia.org/wiki/Beyaz%C4%B1t_massacre,http://www.wikidata.org/entity/Q1190554,"('41.01104', '28.96269')"
1612,,41.0299568,28.9491138,Ioakeimeion Girls' High School,,C,yellow,,,school building,,Point(28.9491138 41.0299568),3.451,http://www.wikidata.org/entity/Q16331008,4.0,,,https://en.wikipedia.org/wiki/Ioakeimeion_Girls%27_High_School,http://www.wikidata.org/entity/Q1244442,"('41.0299568', '28.9491138')"
1614,,41.0461,28.9883,Harbiye Muhsin Ertuğrul Stage,,C,yellow,,,theatre building,,Point(28.9883 41.0461),4.538,http://www.wikidata.org/entity/Q16892078,4.0,,,https://en.wikipedia.org/wiki/Harbiye_Muhsin_Ertu%C4%9Frul_Stage,http://www.wikidata.org/entity/Q24354,"('41.0461', '28.9883')"
1615,,41.0742,29.0275,Ulus Sephardi Jewish Cemetery,,C,yellow,,,cemetery,,Point(29.0275 41.0742),8.695,http://www.wikidata.org/entity/Q16902302,4.0,,,https://en.wikipedia.org/wiki/Ulus_Sephardi_Jewish_Cemetery,http://www.wikidata.org/entity/Q39614,"('41.0742', '29.0275')"
1616,,41.04878,29.026885,Ortaköy Hamam,,C,yellow,,,hammam,,Point(29.026885 41.04878),6.367,http://www.wikidata.org/entity/Q18674546,4.0,,,,http://www.wikidata.org/entity/Q28077,"('41.04878', '29.026885')"
1617,,40.992681542239,28.916892896139,Kazlıçeşme railway station,,C,yellow,,,interchange station,,Point(28.916892896 40.992681542),5.178,http://www.wikidata.org/entity/Q19611659,4.0,,,https://en.wikipedia.org/wiki/Kazl%C4%B1%C3%A7e%C5%9Fme_railway_station,http://www.wikidata.org/entity/Q1147171,"('40.992681542239', '28.916892896139')"
1620,,41.0283,28.9739,Beyoğlu (Tünel),,C,yellow,,,interchange station,,Point(28.9739 41.0283),2.443,http://www.wikidata.org/entity/Q20313271,4.0,,,https://en.wikipedia.org/wiki/Beyo%C4%9Flu_(T%C3%BCnel),http://www.wikidata.org/entity/Q1147171,"('41.0283', '28.9739')"
1625,,41.047792516813,28.986336131238,Hrant Dink Foundation,,C,yellow,,,foundation,,Point(28.986336131 41.047792516),4.687,http://www.wikidata.org/entity/Q20470525,4.0,,,https://en.wikipedia.org/wiki/Hrant_Dink_Foundation,http://www.wikidata.org/entity/Q157031,"('41.047792516813', '28.986336131238')"
1626,,41.033867,28.945486,Surp Hreshdagabet Church,,C,yellow,,,church building,,Point(28.945486 41.033867),3.98,http://www.wikidata.org/entity/Q20471287,4.0,,,,http://www.wikidata.org/entity/Q16970,"('41.033867', '28.945486')"
1627,,41.007111111111,28.915305555556,Surp Sarkis,,C,yellow,,,chapel,,Point(28.915305555 41.007111111),5.083,http://www.wikidata.org/entity/Q20471314,4.0,,,,http://www.wikidata.org/entity/Q108325,"('41.007111111111', '28.915305555556')"
1628,,41.042989,28.93124,Q20471356,,C,yellow,,,church building,,Point(28.93124 41.042989),5.53,http://www.wikidata.org/entity/Q20471356,4.0,,,,http://www.wikidata.org/entity/Q16970,"('41.042989', '28.93124')"
1632,,41.085348043857,29.04576867039,Boğaziçi Üniversitesi/Hisarüstü,,C,yellow,,,interchange station,,Point(29.04576867 41.085348043),10.557,http://www.wikidata.org/entity/Q20646948,4.0,,,https://en.wikipedia.org/wiki/Bo%C4%9Fazi%C3%A7i_%C3%9Cniversitesi_(Istanbul_Metro),http://www.wikidata.org/entity/Q1147171,"('41.085348043857', '29.04576867039')"
1636,,41.01625,28.986111111111,Atatürk Monument,,C,yellow,,,building,,Point(28.986111111 41.01625),1.394,http://www.wikidata.org/entity/Q21523731,4.0,,,https://en.wikipedia.org/wiki/Statue_of_Atat%C3%BCrk_(Sarayburnu),http://www.wikidata.org/entity/Q41176,"('41.01625', '28.986111111111')"
1637,,41.095,29.07,Mihrabat Nature Park,,C,yellow,,,nature park,,Point(29.07 41.095),12.625,http://www.wikidata.org/entity/Q24884410,4.0,,,https://en.wikipedia.org/wiki/Mihrabat_Nature_Park,http://www.wikidata.org/entity/Q108060572,"('41.095', '29.07')"
1638,,41.0409,28.9787,Arter,,C,yellow,,,arts center,,Point(28.9787 41.0409),3.845,http://www.wikidata.org/entity/Q25338955,4.0,,,https://en.wikipedia.org/wiki/Arter_(art_center),http://www.wikidata.org/entity/Q2190251,"('41.0409', '28.9787')"
1640,,41.02461111,28.97608333,Surp Pirgiç Catholic Church,,C,yellow,,,Catholic church building,,Point(28.97608333 41.02461111),2.027,http://www.wikidata.org/entity/Q25474010,4.0,,,,http://www.wikidata.org/entity/Q1088552,"('41.02461111', '28.97608333')"
1641,,40.98944444,29.02888889,Surp Levon Church,,C,yellow,,,church building,,Point(29.02888889 40.98944444),4.831,http://www.wikidata.org/entity/Q25474039,4.0,,,,http://www.wikidata.org/entity/Q16970,"('40.98944444', '29.02888889')"
1642,,40.985833333333,29.027777777778,"Hagia Triada Greek Orthodox Church, Kadıköy",,C,yellow,,,church building,,Point(29.027777777 40.985833333),4.919,http://www.wikidata.org/entity/Q25474792,4.0,,,,http://www.wikidata.org/entity/Q16970,"('40.985833333333', '29.027777777778')"
1643,,41.09573,29.091554,Beykoz University,,C,yellow,,,private university,,Point(29.091554 41.09573),13.885,http://www.wikidata.org/entity/Q28159696,4.0,,,https://en.wikipedia.org/wiki/Beykoz_University,http://www.wikidata.org/entity/Q902104,"('41.09573', '29.091554')"
1644,,41.024027777778,28.934277777778,Fatih Vatan Spor,,C,yellow,,,association football club,,Point(28.934277777 41.024027777),4.003,http://www.wikidata.org/entity/Q30115931,4.0,,,https://en.wikipedia.org/wiki/Fatih_Vatan_S.K.,http://www.wikidata.org/entity/Q476028,"('41.024027777778', '28.934277777778')"
1645,,40.99266667,29.08864167,Yeni Sahra Stadium,,C,yellow,,,stadium,,Point(29.08864167 40.99266667),9.585,http://www.wikidata.org/entity/Q30621953,4.0,,,https://en.wikipedia.org/wiki/Yeni_Sahra_Stadium,http://www.wikidata.org/entity/Q483110,"('40.99266667', '29.08864167')"
1646,,41.05444444,28.93416667,Piyer Loti Museum,,C,yellow,,,museum,,Point(28.93416667 41.05444444),6.387,http://www.wikidata.org/entity/Q30682582,4.0,,,https://en.wikipedia.org/wiki/Piyer_Loti_Museum,http://www.wikidata.org/entity/Q33506,"('41.05444444', '28.93416667')"
1647,,41.081215705259,29.010104210325,Istanbul Tower 205,,C,yellow,,,skyscraper,,Point(29.01010421 41.081215705),8.802,http://www.wikidata.org/entity/Q30738712,4.0,,,https://en.wikipedia.org/wiki/Istanbul_Tower_205,http://www.wikidata.org/entity/Q11303,"('41.081215705259', '29.010104210325')"
1648,,40.98433333,29.02552778,Kadıköy French Catholic Church,,C,yellow,,,Catholic church building,,Point(29.02552778 40.98433333),4.835,http://www.wikidata.org/entity/Q31188348,4.0,,,,http://www.wikidata.org/entity/Q1088552,"('40.98433333', '29.02552778')"
1650,,41.025074979348,28.97418708273,Bereketzade Ali Efendi Mosque,,C,yellow,,,architectural structure,,Point(28.974187082 41.025074979),2.083,http://www.wikidata.org/entity/Q31189160,4.0,,,https://en.wikipedia.org/wiki/Bereketzade_Ali_Efendi_Mosque,http://www.wikidata.org/entity/Q811979,"('41.025074979348', '28.97418708273')"
1653,,41.06917,28.94336,Fil Bridge,,C,yellow,,,bridge,,Point(28.94336 41.06917),7.495,http://www.wikidata.org/entity/Q38251504,4.0,,,https://en.wikipedia.org/wiki/Fil_Bridge,http://www.wikidata.org/entity/Q12280,"('41.06917', '28.94336')"
1657,,40.971627215145,29.076368598174,Erenköy railway station,,C,yellow,,,historic building,,Point(29.076368598 40.971627215),9.278,http://www.wikidata.org/entity/Q43398833,4.0,,,https://en.wikipedia.org/wiki/Erenk%C3%B6y_railway_station,http://www.wikidata.org/entity/Q35112127,"('40.971627215145', '29.076368598174')"
1660,,41.025328779319,29.012762277383,Üsküdar,,C,yellow,,,interchange station,,Point(29.012762277 41.025328779),3.744,http://www.wikidata.org/entity/Q46593284,4.0,,,https://en.wikipedia.org/wiki/%C3%9Csk%C3%BCdar_(Istanbul_Metro),http://www.wikidata.org/entity/Q1147171,"('41.025328779319', '29.012762277383')"
1674,,41.02591719641,29.097061632104,Çarşı (M5),,C,yellow,,,interchange station,,Point(29.097061632 41.025917196),10.397,http://www.wikidata.org/entity/Q46614136,4.0,,,https://en.wikipedia.org/wiki/%C3%87ar%C5%9F%C4%B1_(Istanbul_Metro),http://www.wikidata.org/entity/Q1147171,"('41.02591719641', '29.097061632104')"
1678,,41.107528695705,28.988453028953,Vadistanbul,,C,yellow,,,last station,,Point(28.988453028 41.107528695),11.296,http://www.wikidata.org/entity/Q48702993,4.0,,,https://en.wikipedia.org/wiki/Vadistanbul_(Istanbul_Metro),http://www.wikidata.org/entity/Q11606300,"('41.107528695705', '28.988453028953')"
1684,,41.027027777778,28.979972222222,Tophane Park,,C,yellow,,,park,,Point(28.979972222 41.027027777),2.321,http://www.wikidata.org/entity/Q49571240,4.0,,,https://en.wikipedia.org/wiki/Tophane_Park,http://www.wikidata.org/entity/Q22698,"('41.027027777778', '28.979972222222')"
1689,,40.988611111111,28.823055555556,Istanbul Fair Center Yeşilköy,,C,yellow,,,architectural structure,,Point(28.824962 40.98741),12.839,http://www.wikidata.org/entity/Q60743788,4.0,,,https://en.wikipedia.org/wiki/Istanbul_Fair_Center_Ye%C5%9Filk%C3%B6y,http://www.wikidata.org/entity/Q811979,"('40.988611111111', '28.823055555556')"
1697,,41.036504653047,29.043243314767,15 Temmuz Şehitler Köprüsü,,C,yellow,,,bus stop,,Point(29.043243314 41.036504653),6.57,http://www.wikidata.org/entity/Q60753052,4.0,,,https://en.wikipedia.org/wiki/Bo%C4%9Fazi%C3%A7i_K%C3%B6pr%C3%BCs%C3%BC_(Metrobus),http://www.wikidata.org/entity/Q953806,"('41.036504653047', '29.043243314767')"
1699,,41.0273781,28.9672356,Haliç Shipyards,,C,yellow,,,shipyard,,Point(28.9672356 41.0273781),2.444,http://www.wikidata.org/entity/Q61071109,4.0,,,,http://www.wikidata.org/entity/Q190928,"('41.0273781', '28.9672356')"
1701,,41.08174,28.99118,Harmantepe,,C,yellow,,,mahalle,,Point(28.99118 41.08174),8.477,http://www.wikidata.org/entity/Q61071410,4.0,,,,http://www.wikidata.org/entity/Q17051044,"('41.08174', '28.99118')"
1702,,40.993,29.144,Yenişehir,,C,yellow,,,mahalle,,Point(29.144 40.993),14.187,http://www.wikidata.org/entity/Q61071469,4.0,,,,http://www.wikidata.org/entity/Q17051044,"('40.993', '29.144')"
1711,,41.05035,28.989323,Vedat Tek House,,C,yellow,,,home,,Point(28.989323 41.05035),5.017,http://www.wikidata.org/entity/Q65053468,4.0,,,https://en.wikipedia.org/wiki/Vedat_Tek_House,http://www.wikidata.org/entity/Q7743,"('41.05035', '28.989323')"
1713,,41.013888888889,28.955555555556,Battle of Constantinople,,C,yellow,,,battle,,Point(28.955555555 41.013888888),1.898,http://www.wikidata.org/entity/Q65059780,4.0,,,https://en.wikipedia.org/wiki/Battle_of_Constantinople_(1241),http://www.wikidata.org/entity/Q178561,"('41.013888888889', '28.955555555556')"
1714,,40.969722222222,29.057777777778,Göztepe 60. Yıl Park,,C,yellow,,,park,,Point(29.057777777 40.969722222),7.992,http://www.wikidata.org/entity/Q65219354,4.0,,,https://en.wikipedia.org/wiki/G%C3%B6ztepe_Park,http://www.wikidata.org/entity/Q22698,"('40.969722222222', '29.057777777778')"
1716,,40.962649775773,28.824916922507,Yeşilköy railway station,,C,yellow,,,historic building,,Point(28.824916922 40.962649775),13.571,http://www.wikidata.org/entity/Q71677527,4.0,,,,http://www.wikidata.org/entity/Q35112127,"('40.962649775773', '28.824916922507')"
1718,,41.0338821,28.9771423,Avrupa Pasajı,,C,yellow,,,shopping arcade,,Point(28.9771423 41.0338821),3.06,http://www.wikidata.org/entity/Q73524111,4.0,,,https://en.wikipedia.org/wiki/Avrupa_Pasaj%C4%B1,http://www.wikidata.org/entity/Q97495053,"('41.0338821', '28.9771423')"
1720,,41.058995,28.8572785,Oruçreis,,C,yellow,,,mahalle,,Point(28.8572785 41.058995),11.54,http://www.wikidata.org/entity/Q97227665,4.0,,,,http://www.wikidata.org/entity/Q17051044,"('41.058995', '28.8572785')"
1721,,40.9988,28.8543,Siyavuşpaşa,,C,yellow,,,mahalle,,Point(28.8543 40.9988),10.236,http://www.wikidata.org/entity/Q97228065,4.0,,,,http://www.wikidata.org/entity/Q17051044,"('40.9988', '28.8543')"
1722,,41.0527884,28.86062,Tuna,,C,yellow,,,mahalle,,Point(28.86062 41.0527884),10.958,http://www.wikidata.org/entity/Q97232511,4.0,,,,http://www.wikidata.org/entity/Q17051044,"('41.0527884', '28.86062')"
1725,,41.114472222222,29.062666666667,Ahmed Afif Paşa Yalısı,,C,yellow,,,yalı,,Point(29.062679 41.114479),14.051,http://www.wikidata.org/entity/Q97648638,4.0,,,,http://www.wikidata.org/entity/Q2142647,"('41.114472222222', '29.062666666667')"
1729,,41.029219,28.975403,Botter appartements,,C,yellow,,,architectural structure,,Point(28.975403 41.029219),2.54,http://www.wikidata.org/entity/Q99852364,4.0,,,,http://www.wikidata.org/entity/Q811979,"('41.029219', '28.975403')"
1732,,41.013388888889,28.969277777778,Büyük Yeni Han,,C,yellow,,,caravanserai,,Point(28.969277777 41.013388888),0.956,http://www.wikidata.org/entity/Q101041805,4.0,,,https://en.wikipedia.org/wiki/B%C3%BCy%C3%BCk_Yeni_Han,http://www.wikidata.org/entity/Q186347,"('41.013388888889', '28.969277777778')"
1734,,41.012111111111,28.970222222222,Mahmut Pasha Hamam,,C,yellow,,,building,,Point(28.970222222 41.012111111),0.794,http://www.wikidata.org/entity/Q101049516,4.0,,,https://en.wikipedia.org/wiki/Mahmut_Pasha_Hamam,http://www.wikidata.org/entity/Q41176,"('41.012111111111', '28.970222222222')"
1737,,40.994527777778,29.121861111111,Metropol Istanbul,,C,yellow,,,skyscraper,,Point(29.121861111 40.994527777),12.321,http://www.wikidata.org/entity/Q104804875,4.0,,,https://en.wikipedia.org/wiki/Metropol_Istanbul,http://www.wikidata.org/entity/Q11303,"('40.994527777778', '29.121861111111')"
1745,,40.983613,29.033245,Yoğurtçu Fountain,,C,yellow,,,fountain,,Point(29.033245 40.983613),5.44,http://www.wikidata.org/entity/Q105982169,4.0,,,https://en.wikipedia.org/wiki/Yo%C4%9Furt%C3%A7u_Fountain,http://www.wikidata.org/entity/Q483453,"('40.983613', '29.033245')"
1773,,40.992183942939,29.153381072628,Mevlana,,C,yellow,,,interchange station,,Point(29.153381072 40.992183942),14.979,http://www.wikidata.org/entity/Q107050625,4.0,,,https://en.wikipedia.org/wiki/Mevlana_(Istanbul_Metro),http://www.wikidata.org/entity/Q1147171,"('40.992183942939', '29.153381072628')"
1776,,40.951762016283,29.09661611343,Bostancı (M8),,C,yellow,,,interchange station,,Point(29.096616113 40.951762016),11.816,http://www.wikidata.org/entity/Q107050647,4.0,,,"https://en.wikipedia.org/wiki/Bostanc%C4%B1_(M8,_Istanbul_Metro)",http://www.wikidata.org/entity/Q1147171,"('40.951762016283', '29.09661611343')"
1780,,40.9773,28.86758,Ataköy 1. Kısım,,C,yellow,,,mahalle,,Point(28.86758 40.9773),9.647,http://www.wikidata.org/entity/Q109393578,4.0,,,,http://www.wikidata.org/entity/Q17051044,"('40.9773', '28.86758')"
1781,,40.9863878,28.8464657,Ataköy 7-8-9-10. Kısım,,C,yellow,,,mahalle,,Point(28.8464657 40.9863878),11.085,http://www.wikidata.org/entity/Q109393582,4.0,,,,http://www.wikidata.org/entity/Q17051044,"('40.9863878', '28.8464657')"
1782,,40.97762,28.85779,Ataköy 2-5-6. Kısım,,C,yellow,,,mahalle,,Point(28.85779 40.97762),10.413,http://www.wikidata.org/entity/Q109393580,4.0,,,,http://www.wikidata.org/entity/Q17051044,"('40.97762', '28.85779')"
1783,,40.9812802,28.8594558,Ataköy 3-4-11. Kısım,,C,yellow,,,mahalle,,Point(28.8594558 40.9812802),10.161,http://www.wikidata.org/entity/Q109393581,4.0,,,,http://www.wikidata.org/entity/Q17051044,"('40.9812802', '28.8594558')"
1784,,41.034531,28.979717,Madame Tussauds Istanbul,,C,yellow,,,wax museum,,Point(28.979717 41.034531),3.147,http://www.wikidata.org/entity/Q110538685,4.0,,,https://en.wikipedia.org/wiki/Madame_Tussauds_Istanbul,http://www.wikidata.org/entity/Q667018,"('41.034531', '28.979717')"
1785,,40.963128,29.062169,Ragıp Pasha Mansion,,C,yellow,,,pavilion,,Point(29.062169 40.963128),8.695,http://www.wikidata.org/entity/Q111327320,4.0,,,https://en.wikipedia.org/wiki/Rag%C4%B1p_Pasha_Mansion,http://www.wikidata.org/entity/Q276173,"('40.963128', '29.062169')"
1788,,41.048555555556,28.934694444444,Mihrişah Sultan Complex,,C,yellow,,,külliye,,Point(28.934694444 41.048555555),5.824,http://www.wikidata.org/entity/Q111940451,4.0,,,https://en.wikipedia.org/wiki/Mihri%C5%9Fah_Sultan_Complex,http://www.wikidata.org/entity/Q71974,"('41.048555555556', '28.934694444444')"
1791,,41.005718072383,28.950511807359,Yenikapı (M1),,C,yellow,,,interchange station,,Point(28.950511807 41.005718072),2.129,http://www.wikidata.org/entity/Q113496765,4.0,,,,http://www.wikidata.org/entity/Q1147171,"('41.005718072383', '28.950511807359')"
1794,,40.98169,29.02336,Arif Sarıca Mansion,,C,yellow,,,historic building,,Point(29.02336 40.98169),4.839,http://www.wikidata.org/entity/Q114044062,4.0,,,https://en.wikipedia.org/wiki/Arif_Sar%C4%B1ca_Mansion,http://www.wikidata.org/entity/Q35112127,"('40.98169', '29.02336')"
1796,,41.048916175044,28.915566728839,Rami Library,,C,yellow,,,library,,Point(28.915624306 41.049054651),6.932,http://www.wikidata.org/entity/Q116189093,4.0,,,https://en.wikipedia.org/wiki/Rami_Library,http://www.wikidata.org/entity/Q7075,"('41.048916175044', '28.915566728839')"
1800,,41.031148,28.947604,Çorbacı Fountain,,C,yellow,,,fountain,,Point(28.947604 41.031148),3.634,http://www.wikidata.org/entity/Q116207483,4.0,,,https://en.wikipedia.org/wiki/%C3%87orbac%C4%B1_Fountain,http://www.wikidata.org/entity/Q483453,"('41.031148', '28.947604')"
1801,,41.032341,28.9767818,Statue of Pope John XXIII,,C,yellow,,,portrait statue,,Point(28.9767818 41.032341),2.887,http://www.wikidata.org/entity/Q123521005,4.0,,,https://en.wikipedia.org/wiki/Statue_of_Pope_John_XXIII,http://www.wikidata.org/entity/Q12873675,"('41.032341', '28.9767818')"
1802,,41.01812,28.95644,Zeyrek Çinili Hamam,,C,yellow,,,hammam,,Point(28.95644 41.01812),2.088,http://www.wikidata.org/entity/Q128412143,4.0,,,https://en.wikipedia.org/wiki/Zeyrek_%C3%87inili_Hamam,http://www.wikidata.org/entity/Q28077,"('41.01812', '28.95644')"
1806,,41.0411,28.9856,Surp Agop Hospital,,C,yellow,,,private hospital,,Point(28.9856 41.0411),3.946,http://www.wikidata.org/entity/Q7646517,4.0,,https://de.wikipedia.org/wiki/Surp-Agop-Krankenhaus,https://en.wikipedia.org/wiki/Surp_Agop_Hospital,http://www.wikidata.org/entity/Q4284971,"('41.0411', '28.9856')"
1807,,41.04944444,29.01111111,Jasim An-Najafi,,C,yellow,,,research center,,Point(29.01111111 41.04944444),5.627,http://www.wikidata.org/entity/Q1438176,3.0,,"https://de.wikipedia.org/wiki/Forschungszentrum_f%C3%BCr_islamische_Geschichte,_Kunst_und_Kultur",,http://www.wikidata.org/entity/Q7315155,"('41.04944444', '29.01111111')"
1809,,41.03038,28.97567,Borusan Istanbul Philharmonic Orchestra,,C,yellow,,,symphony orchestra,,Point(28.97567 41.03038),2.668,http://www.wikidata.org/entity/Q894268,3.0,,https://de.wikipedia.org/wiki/Borusan_Istanbul_Philharmonic_Orchestra,https://en.wikipedia.org/wiki/Borusan_Istanbul_Philharmonic_Orchestra,http://www.wikidata.org/entity/Q239582,"('41.03038', '28.97567')"
1811,,41.1173,29.0469,2008 United States consulate in Istanbul attack,,C,yellow,,,shooting attack,,Point(29.0469 41.1173),13.695,http://www.wikidata.org/entity/Q4612173,3.0,,https://de.wikipedia.org/wiki/Anschlag_in_Istanbul_am_9._Juli_2008,https://en.wikipedia.org/wiki/2008_United_States_consulate_in_Istanbul_attack,http://www.wikidata.org/entity/Q109217482,"('41.1173', '29.0469')"
1812,,41.019722222222,28.957222222222,Sanctus Angelus Monastery in Petra,,C,yellow,,,abbey,,Point(28.957222222 41.019722222),2.156,http://www.wikidata.org/entity/Q1775929,3.0,,https://de.wikipedia.org/wiki/Kloster_Sanctus_Angelus_in_Petra,,http://www.wikidata.org/entity/Q160742,"('41.019722222222', '28.957222222222')"
1813,,41.02729167,28.97611111,Doğan apartments,,C,yellow,,,architectural structure,,Point(28.97611111 41.02729167),2.325,http://www.wikidata.org/entity/Q1253624,3.0,,https://de.wikipedia.org/wiki/Do%C4%9Fan_Apartman%C4%B1,,http://www.wikidata.org/entity/Q811979,"('41.02729167', '28.97611111')"
1814,,41.042956,29.008044,list of ambassadors of Turkey to Algeria,,C,yellow,,,Wikimedia list article,,Point(29.008044 41.042956),4.881,http://www.wikidata.org/entity/Q19391163,3.0,,https://de.wikipedia.org/wiki/Liste_der_t%C3%BCrkischen_Botschafter_in_Algerien,https://en.wikipedia.org/wiki/List_of_ambassadors_of_Turkey_to_Algeria,http://www.wikidata.org/entity/Q13406463,"('41.042956', '29.008044')"
1815,,41.027077024775,28.974594431306,Orient-Institut Istanbul,,C,yellow,,,research institute,,Point(28.974594431 41.027077024),2.304,http://www.wikidata.org/entity/Q15837722,3.0,,https://de.wikipedia.org/wiki/Orient-Institut_Istanbul,https://en.wikipedia.org/wiki/Orient-Institut_Istanbul,http://www.wikidata.org/entity/Q31855,"('41.027077024775', '28.974594431306')"
1816,,41.100046770329,29.013720761486,Army War Institute,,C,yellow,,,military school,,Point(29.013720761 41.10004677),10.887,http://www.wikidata.org/entity/Q16825499,3.0,,https://de.wikipedia.org/wiki/Kara_Harp_Akademisi,https://en.wikipedia.org/wiki/Army_War_Institute,http://www.wikidata.org/entity/Q1935049,"('41.100046770329', '29.013720761486')"
1817,,41.01875,29.017166666667,İskender Baba Lodge,,C,yellow,,,Sufi lodge,,Point(29.017166666 41.01875),3.728,http://www.wikidata.org/entity/Q18087897,3.0,,https://de.wikipedia.org/wiki/Kaymak%C3%A7%C4%B1-Tekke,,http://www.wikidata.org/entity/Q833913,"('41.01875', '29.017166666667')"
1818,,41.040583333333,28.951138888889,Hasköy Fountain,,C,yellow,,,fountain,,Point(28.951138888 41.040583333),4.332,http://www.wikidata.org/entity/Q119362246,3.0,,https://de.wikipedia.org/wiki/Hask%C3%B6y_%C3%87e%C5%9Fmesi,,http://www.wikidata.org/entity/Q483453,"('41.040583333333', '28.951138888889')"
1819,,41.03135,28.97917,Cezayir Sokağı,,C,yellow,,,dead end street,,Point(28.97917 41.03135),2.79,http://www.wikidata.org/entity/Q6061491,3.0,,https://de.wikipedia.org/wiki/Cezayir_Soka%C4%9F%C4%B1,,http://www.wikidata.org/entity/Q12731,"('41.03135', '28.97917')"
1820,,41.020977777778,29.007969444444,Salacak Fatih Mosque,,C,yellow,,,architectural structure,,Point(29.007969444 41.020977777),3.144,http://www.wikidata.org/entity/Q20476395,3.0,,https://de.wikipedia.org/wiki/Fatih-Moschee_(Salacak),,http://www.wikidata.org/entity/Q811979,"('41.020977777778', '29.007969444444')"
1823,,41.04694444,29.02694444,Cantemir Palace in Istanbul,,C,yellow,,,building,,Point(29.02694444 41.04694444),6.221,http://www.wikidata.org/entity/Q24895521,3.0,,https://de.wikipedia.org/wiki/Cantemir-Palast_in_Istanbul,https://en.wikipedia.org/wiki/Cantemir_Palace_in_Istanbul,http://www.wikidata.org/entity/Q41176,"('41.04694444', '29.02694444')"
1824,,41.031519936826,28.977293393653,Institut français d'études anatoliennes,,C,yellow,,,laboratory,,Point(28.977293393 41.031519936),2.798,http://www.wikidata.org/entity/Q1246531,3.0,,,,http://www.wikidata.org/entity/Q483242,"('41.031519936826', '28.977293393653')"
1828,,41.091252777778,29.013594444444,Beşiktaş Atatürk Anadolu Lisesi,,C,yellow,,,academic institution,,Point(29.013594444 41.091252777),9.953,http://www.wikidata.org/entity/Q2900590,3.0,,,https://en.wikipedia.org/wiki/Be%C5%9Fikta%C5%9F_Atat%C3%BCrk_Anatolian_High_School,http://www.wikidata.org/entity/Q4671277,"('41.091252777778', '29.013594444444')"
1829,,40.97722222,29.07333333,Erenköy Girls High School,,C,yellow,,,high school,,Point(29.07333333 40.97722222),8.799,http://www.wikidata.org/entity/Q3210868,3.0,,,https://en.wikipedia.org/wiki/Erenk%C3%B6y_Girls_High_School,http://www.wikidata.org/entity/Q9826,"('40.97722222', '29.07333333')"
1830,,41.0249,28.9765,Lycée Saint-Benoît d'Istanbul,,C,yellow,,,lycée,,Point(28.9765 41.0249),2.06,http://www.wikidata.org/entity/Q3268912,3.0,,,,http://www.wikidata.org/entity/Q2511322,"('41.0249', '28.9765')"
1831,,41.011812,28.986332,Monastery of St. George of Manganes,,C,yellow,,,monastery,,Point(28.986332 41.011812),1.065,http://www.wikidata.org/entity/Q3320332,3.0,,,,http://www.wikidata.org/entity/Q44613,"('41.011812', '28.986332')"
1832,,41.030833333333,28.977222222222,Palais de France,,C,yellow,,,legation,,Point(28.977222222 41.030833333),2.721,http://www.wikidata.org/entity/Q3360967,3.0,,,,http://www.wikidata.org/entity/Q2737008,"('41.030833333333', '28.977222222222')"
1834,,41.014333333333,28.969861111111,"Kal Kados, Corapci Han Synagogue",,C,yellow,,,synagogue,,Point(28.969861111 41.014333333),1.018,http://www.wikidata.org/entity/Q3404724,3.0,,,"https://en.wikipedia.org/wiki/Kal_Kados,_Corapci_Han_Synagogue",http://www.wikidata.org/entity/Q34627,"('41.014333333333', '28.969861111111')"
1835,,41.00805,28.97719,Pudding Shop,,C,yellow,,,shop,,Point(28.97719 41.00805),0.216,http://www.wikidata.org/entity/Q3410532,3.0,,,https://en.wikipedia.org/wiki/Pudding_Shop,http://www.wikidata.org/entity/Q213441,"('41.00805', '28.97719')"
1838,,41.0402,28.9922,Süzer Plaza,,C,yellow,,,skyscraper,,Point(28.9922 41.0402),4.002,http://www.wikidata.org/entity/Q3511624,3.0,,,,http://www.wikidata.org/entity/Q11303,"('41.0402', '28.9922')"
1839,,40.99982,28.92067,Second Military Gate,,C,yellow,,,city gate,,Point(28.92067 40.99982),4.689,http://www.wikidata.org/entity/Q3908912,3.0,,,,http://www.wikidata.org/entity/Q82117,"('40.99982', '28.92067')"
1840,,41.023775,28.87981389,Güngören M.Yahya Baş Stadium,,C,yellow,,,stadium,,Point(28.87981389 41.023775),8.288,http://www.wikidata.org/entity/Q4026180,3.0,,,https://en.wikipedia.org/wiki/G%C3%BCng%C3%B6ren_M.Yahya_Ba%C5%9F_Stadium,http://www.wikidata.org/entity/Q483110,"('41.023775', '28.87981389')"
1843,,41.0369,28.9858,2012 Istanbul rally to commemorate the Khojaly massacre,,C,yellow,,,demonstration,,Point(28.9858 41.0369),3.494,http://www.wikidata.org/entity/Q4625883,3.0,,,https://en.wikipedia.org/wiki/2012_Istanbul_rally_to_commemorate_the_Khojaly_massacre,http://www.wikidata.org/entity/Q175331,"('41.0369', '28.9858')"
1844,,40.98714,28.85548,Ahmet Cömert Sport Hall,,C,yellow,,,sports venue,,Point(28.85548 40.98714),10.327,http://www.wikidata.org/entity/Q4696159,3.0,,,https://en.wikipedia.org/wiki/Ahmet_C%C3%B6mert_Sport_Hall,http://www.wikidata.org/entity/Q1076486,"('40.98714', '28.85548')"
1845,,40.98888889,29.0525,"Atatürk High School of Science, Istanbul",,C,yellow,,,high school,,Point(29.0525 40.98888889),6.718,http://www.wikidata.org/entity/Q4812889,3.0,,,"https://en.wikipedia.org/wiki/Atat%C3%BCrk_High_School_of_Science,_Istanbul",http://www.wikidata.org/entity/Q9826,"('40.98888889', '29.0525')"
1846,,41.126389,29.028889,Ayhan Şahenk Arena,,C,yellow,,,sports venue,,Point(29.028889 41.126389),14.064,http://www.wikidata.org/entity/Q4831241,3.0,,,https://en.wikipedia.org/wiki/Dar%C3%BC%C5%9F%C5%9Fafaka_Ayhan_%C5%9Eahenk_Sports_Hall,http://www.wikidata.org/entity/Q1076486,"('41.126389', '29.028889')"
1847,,41.03333333,28.98333333,Massacre of the Genoese,,C,yellow,,,massacre,,Point(28.98333333 41.03333333),3.061,http://www.wikidata.org/entity/Q4889659,3.0,,,,http://www.wikidata.org/entity/Q3199915,"('41.03333333', '28.98333333')"
1848,,41.031695,28.976215,Beyoğlu Anatolian High School,,C,yellow,,,high school,,Point(28.9762 41.0319),2.838,http://www.wikidata.org/entity/Q4900216,3.0,,,https://en.wikipedia.org/wiki/Beyo%C4%9Flu_Anatolian_High_School,http://www.wikidata.org/entity/Q9826,"('41.031695', '28.976215')"
1853,,41.055555555556,28.9375,Beşiktaş Mevlevihanesi,,C,yellow,,,mevlevihane,,Point(28.9375 41.055555555),6.345,http://www.wikidata.org/entity/Q4900443,3.0,,,https://en.wikipedia.org/wiki/Be%C5%9Fikta%C5%9F_Mevlevihanesi,http://www.wikidata.org/entity/Q12810851,"('41.055555555556', '28.9375')"
1854,,40.988333,29.025833,Caferağa Sports Hall,,C,yellow,,,sports venue,,Point(29.025833 40.988333),4.648,http://www.wikidata.org/entity/Q5017128,3.0,,,https://en.wikipedia.org/wiki/Cafera%C4%9Fa_Sports_Hall,http://www.wikidata.org/entity/Q1076486,"('40.988333', '29.025833')"
1855,,41.12613611,29.02764722,Darüşşafaka High School,,C,yellow,,,high school,,Point(29.02764722 41.12613611),14.005,http://www.wikidata.org/entity/Q5226327,3.0,,,https://en.wikipedia.org/wiki/Dar%C3%BC%C5%9F%C5%9Fafaka_High_School,http://www.wikidata.org/entity/Q9826,"('41.12613611', '29.02764722')"
1856,,41.042083055556,28.992583055556,Dolmabahçe-Bomonti Tunnel,,C,yellow,,,road tunnel,,Point(28.992583055 41.042083055),4.21,http://www.wikidata.org/entity/Q5289382,3.0,,,https://en.wikipedia.org/wiki/Dolmabah%C3%A7e%E2%80%93Bomonti_Tunnel,http://www.wikidata.org/entity/Q2354973,"('41.042083055556', '28.992583055556')"
1857,,40.9822,29.0349,Fenerbahçe Rowing,,C,yellow,,,rowing club,,Point(29.0349 40.9822),5.636,http://www.wikidata.org/entity/Q5443323,3.0,,,https://en.wikipedia.org/wiki/Fenerbah%C3%A7e_S.K._(rowing),http://www.wikidata.org/entity/Q7372078,"('40.9822', '29.0349')"
1858,,41.0252,29.10466,Haldun Alagaş Sports Hall,,C,yellow,,,sports venue,,Point(29.10466 41.0252),11.006,http://www.wikidata.org/entity/Q5641328,3.0,,,https://en.wikipedia.org/wiki/Haldun_Alaga%C5%9F_Sports_Hall,http://www.wikidata.org/entity/Q1076486,"('41.0252', '29.10466')"
1859,,41.0138222,29.0387696,Hüseyin Avni Sözen Anadolu Lisesi,,C,yellow,,,Anatolian High School,,Point(29.0387696 41.0138222),5.342,http://www.wikidata.org/entity/Q5964962,3.0,,,https://en.wikipedia.org/wiki/H%C3%BCseyin_Avni_S%C3%B6zen_Anatolian_High_School,http://www.wikidata.org/entity/Q4752140,"('41.0138222', '29.0387696')"
1861,,41.103694444444,29.021,İstanbul Institute of Technology Mustafa İnan Library,,C,yellow,,,architectural structure,,Point(29.021 41.103694444),11.463,http://www.wikidata.org/entity/Q5974966,3.0,,,https://en.wikipedia.org/wiki/Mustafa_Inan_Library,http://www.wikidata.org/entity/Q811979,"('41.103694444444', '29.021')"
1864,,41.107111111111,29.023027777778,ITU Suleyman Demirel Cultural Center,,C,yellow,,,building,,Point(29.023027777 41.107111111),11.878,http://www.wikidata.org/entity/Q5975007,3.0,,,https://en.wikipedia.org/wiki/Istanbul_Technical_University_S%C3%BCleyman_Demirel_Cultural_Center,http://www.wikidata.org/entity/Q41176,"('41.107111111111', '29.023027777778')"
1865,,41.01416183,28.958791,Kalenderhane,,C,yellow,,,mahalle,,Point(28.958791 41.01416183),1.674,http://www.wikidata.org/entity/Q5991754,3.0,,,,http://www.wikidata.org/entity/Q17051044,"('41.01416183', '28.958791')"
1866,,41.01713683,28.97015283,Rüstempaşa,,C,yellow,,,mahalle,,Point(28.97015283 41.01713683),1.289,http://www.wikidata.org/entity/Q5994228,3.0,,,,http://www.wikidata.org/entity/Q17051044,"('41.01713683', '28.97015283')"
1869,,41.06291,29.0399699,Ali Vafi Mansion,,C,yellow,,,pavilion,,Point(29.0399699 41.06291),8.271,http://www.wikidata.org/entity/Q6005220,3.0,,,,http://www.wikidata.org/entity/Q276173,"('41.06291', '29.0399699')"
1874,,41.074444444444,29.044166666667,Consulate General of Egypt in Istanbul,,C,yellow,,,consulate general,,Point(29.044166666 41.074444444),9.491,http://www.wikidata.org/entity/Q6008675,3.0,,,,http://www.wikidata.org/entity/Q372690,"('41.074444444444', '29.044166666667')"
1875,,41.090797,29.056896,Mansion of Zeki Pasha,,C,yellow,,,mansion,,Point(29.056896 41.090797),11.587,http://www.wikidata.org/entity/Q6010375,3.0,,,,http://www.wikidata.org/entity/Q1802963,"('41.090797', '29.056896')"
1877,,40.983194444444,29.036194444444,Fenerbahçe Lefter Küçükandonyadis Sports Complex,,C,yellow,,,association football training venue,,Point(29.036194444 40.983194444),5.681,http://www.wikidata.org/entity/Q6012401,3.0,,,https://en.wikipedia.org/wiki/Fenerbah%C3%A7e_Lefter_K%C3%BC%C3%A7%C3%BCkandonyadis_Sports_Complex,http://www.wikidata.org/entity/Q124017602,"('40.983194444444', '29.036194444444')"
1878,,41.075444444444,29.061416666667,Count Ostroróg Yalı,,C,yellow,,,yalı,,Point(29.061416666 41.075444444),10.509,http://www.wikidata.org/entity/Q6012501,3.0,,,,http://www.wikidata.org/entity/Q2142647,"('41.075444444444', '29.061416666667')"
1880,,40.99625,29.026666666667,Valpreda Apartment,,C,yellow,,,apartment,,Point(29.026666666 40.99625),4.409,http://www.wikidata.org/entity/Q6018810,3.0,,,,http://www.wikidata.org/entity/Q188507,"('40.99625', '29.026666666667')"
1881,,40.98399,29.04013,Zühtü Pacha mosque,,C,yellow,,,architectural structure,,Point(29.04013 40.98399),5.94,http://www.wikidata.org/entity/Q6019534,3.0,,,,http://www.wikidata.org/entity/Q811979,"('40.98399', '29.04013')"
1884,,41.03527778,28.97944444,Surp Hovhan Vosgeperan Church,,C,yellow,,,church building,,Point(28.97944444 41.03527778),3.227,http://www.wikidata.org/entity/Q6019728,3.0,,,,http://www.wikidata.org/entity/Q16970,"('41.03527778', '28.97944444')"
1885,,41.013055555556,28.957972222222,Damat İbrahim Pasha Mosque,,C,yellow,,,külliye,,Point(28.957972222 41.013055555),1.675,http://www.wikidata.org/entity/Q6021363,3.0,,,,http://www.wikidata.org/entity/Q71974,"('41.013055555556', '28.957972222222')"
1889,,40.916835,29.092682,Vordonos Islands,,C,yellow,,,island group,,Point(29.092682 40.916835),13.976,http://www.wikidata.org/entity/Q6022272,3.0,,,,http://www.wikidata.org/entity/Q1402592,"('40.916835', '29.092682')"
1890,,40.9772942,29.1385217,İnönü,,C,yellow,,,mahalle,,Point(29.1385217 40.9772942),14.029,http://www.wikidata.org/entity/Q6025118,3.0,,,,http://www.wikidata.org/entity/Q17051044,"('40.9772942', '29.1385217')"
1891,,41.013111111111,28.970083333333,Kürkçü Han,,C,yellow,,,caravanserai,,Point(28.970083333 41.013111111),0.892,http://www.wikidata.org/entity/Q6025313,3.0,,,https://en.wikipedia.org/wiki/K%C3%BCrk%C3%A7%C3%BC_Han,http://www.wikidata.org/entity/Q186347,"('41.013111111111', '28.970083333333')"
1893,,41.0675597,28.9080246,Şemsipaşa,,C,yellow,,,mahalle,,Point(28.9080246 41.0675597),8.869,http://www.wikidata.org/entity/Q6032403,3.0,,,,http://www.wikidata.org/entity/Q17051044,"('41.0675597', '28.9080246')"
1894,,41.05546,28.98705,Halâskârgazi Street,,C,yellow,,,building,,Point(28.98705 41.05546),5.537,http://www.wikidata.org/entity/Q6033748,3.0,,,,http://www.wikidata.org/entity/Q41176,"('41.05546', '28.98705')"
1895,,41.05885,28.91794,Sarıgöl,,C,yellow,,,mahalle,,Point(28.91794 41.05885),7.592,http://www.wikidata.org/entity/Q6035088,3.0,,,,http://www.wikidata.org/entity/Q17051044,"('41.05885', '28.91794')"
1896,,41.02191,29.02959,Muratreis,,C,yellow,,,mahalle,,Point(29.02959 41.02191),4.826,http://www.wikidata.org/entity/Q6035454,3.0,,,,http://www.wikidata.org/entity/Q17051044,"('41.02191', '29.02959')"
1897,,41.02713,28.982342,Q6035786,,C,yellow,,,historic building,,Point(28.982342 41.02713),2.37,http://www.wikidata.org/entity/Q6035786,3.0,,,,http://www.wikidata.org/entity/Q35112127,"('41.02713', '28.982342')"
1898,,41.02549,29.02913,Selami Ali,,C,yellow,,,mahalle,,Point(29.02913 41.02549),4.948,http://www.wikidata.org/entity/Q6039085,3.0,,,,http://www.wikidata.org/entity/Q17051044,"('41.02549', '29.02913')"
1899,,41.029203264171,28.974941909702,Narmanlı Han,,C,yellow,,,building,,Point(28.974941909 41.029203264),2.539,http://www.wikidata.org/entity/Q6039786,3.0,,,https://en.wikipedia.org/wiki/Narmanl%C4%B1_Han,http://www.wikidata.org/entity/Q41176,"('41.029203264171', '28.974941909702')"
1900,,40.9956672,29.0784307,Örnek,,C,yellow,,,mahalle,,Point(29.08111111 40.99666667),8.897,http://www.wikidata.org/entity/Q6040700,3.0,,,,http://www.wikidata.org/entity/Q17051044,"('40.9956672', '29.0784307')"
1904,,41.01844,29.02705,Valide-i Atik,,C,yellow,,,mahalle,,Point(29.02705 41.01844),4.498,http://www.wikidata.org/entity/Q6041030,3.0,,,,http://www.wikidata.org/entity/Q17051044,"('41.01844', '29.02705')"
1905,,41.02904183,28.94417283,Dragoman Yunus Beg Mosque,,C,yellow,,,architectural structure,,Point(28.94417283 41.02904183),3.663,http://www.wikidata.org/entity/Q6042026,3.0,,,,http://www.wikidata.org/entity/Q811979,"('41.02904183', '28.94417283')"
1909,,41.0631149,28.9143839,Bağlarbaşı,,C,yellow,,,mahalle,,Point(28.9143839 41.0631149),8.148,http://www.wikidata.org/entity/Q6042072,3.0,,,,http://www.wikidata.org/entity/Q17051044,"('41.0631149', '28.9143839')"
1910,,41.00191,29.06493,Ünalan,,C,yellow,,,mahalle,,Point(29.06493 41.00191),7.489,http://www.wikidata.org/entity/Q6042506,3.0,,,,http://www.wikidata.org/entity/Q17051044,"('41.00191', '29.06493')"
1911,,41.018782,28.864446,Mareşal Çakmak,,C,yellow,,,mahalle,,Point(28.864446 41.018782),9.45,http://www.wikidata.org/entity/Q6044911,3.0,,,,http://www.wikidata.org/entity/Q17051044,"('41.018782', '28.864446')"
1912,,41.0593,29.0589,Kuleli,,C,yellow,,,mahalle,,Point(29.0589 41.0593),9.117,http://www.wikidata.org/entity/Q6046548,3.0,,,,http://www.wikidata.org/entity/Q17051044,"('41.0593', '29.0589')"
1913,,41.015504,29.066335,Küçük Çamlıca,,C,yellow,,,mahalle,,Point(29.066335 41.015504),7.658,http://www.wikidata.org/entity/Q6047027,3.0,,,,http://www.wikidata.org/entity/Q17051044,"('41.015504', '29.066335')"
1914,,41.068333333333,29.010277777778,Banking Regulation and Supervision Agency,,C,yellow,,,government agency,,Point(29.010277777 41.068333333),7.468,http://www.wikidata.org/entity/Q6047532,3.0,,,https://en.wikipedia.org/wiki/Banking_Regulation_and_Supervision_Agency,http://www.wikidata.org/entity/Q327333,"('41.068333333333', '29.010277777778')"
1915,,41.121977,28.898761,Q6048738,,C,yellow,,,aqueduct,,Point(28.898761 41.121977),14.387,http://www.wikidata.org/entity/Q6048738,3.0,,,,http://www.wikidata.org/entity/Q474,"('41.121977', '28.898761')"
1916,,41.0236,29.0184,Mimar Sinan,,C,yellow,,,mahalle,,Point(29.0184 41.0236),4.049,http://www.wikidata.org/entity/Q6049446,3.0,,,,http://www.wikidata.org/entity/Q17051044,"('41.0236', '29.0184')"
1917,,41.0598488,28.9666348,Darülaceze,,C,yellow,,,nursing home,,Point(28.9666348 41.0598488),5.995,http://www.wikidata.org/entity/Q6049524,3.0,,,,http://www.wikidata.org/entity/Q837142,"('41.0598488', '28.9666348')"
1918,,41.025,29.071111111111,Kısıklı,,C,yellow,,,mahalle,,Point(29.071111111 41.025),8.254,http://www.wikidata.org/entity/Q6052058,3.0,,,,http://www.wikidata.org/entity/Q17051044,"('41.025', '29.071111111111')"
1919,,41.012059,28.931118,Has Odabaşı Mosque,,C,yellow,,,architectural structure,,Point(28.931118 41.012059),3.808,http://www.wikidata.org/entity/Q6052881,3.0,,,,http://www.wikidata.org/entity/Q811979,"('41.012059', '28.931118')"
1923,,41.10722222,28.89805556,Gazi,,C,yellow,,,mahalle,,Point(28.89805556 41.10722222),12.973,http://www.wikidata.org/entity/Q6053436,3.0,,,,http://www.wikidata.org/entity/Q17051044,"('41.10722222', '28.89805556')"
1924,,41.04416667,28.90347222,Bayrampaşa Cezaevi,,C,yellow,,,prison,,Point(28.90347222 41.04416667),7.385,http://www.wikidata.org/entity/Q6056811,3.0,,,https://en.wikipedia.org/wiki/Bayrampa%C5%9Fa_Prison,http://www.wikidata.org/entity/Q40357,"('41.04416667', '28.90347222')"
1925,,41.04463889,28.99520556,Maçka Armory,,C,yellow,,,building,,Point(28.99520556 41.04463889),4.553,http://www.wikidata.org/entity/Q6057518,3.0,,,,http://www.wikidata.org/entity/Q41176,"('41.04463889', '28.99520556')"
1926,,41.026880818536,28.945266095545,Mehmed Ağa Mosque,,C,yellow,,,architectural structure,,Point(28.945266095 41.026880818),3.433,http://www.wikidata.org/entity/Q6057580,3.0,,,,http://www.wikidata.org/entity/Q811979,"('41.026880818536', '28.945266095545')"
1929,,41.0794,28.96924,Merkez,,C,yellow,,,mahalle,,Point(28.96924 41.0794),8.138,http://www.wikidata.org/entity/Q6060523,3.0,,,,http://www.wikidata.org/entity/Q17051044,"('41.0794', '28.96924')"
1930,,41.09681,28.98921,Seyrantepe,,C,yellow,,,mahalle,,Point(28.98921 41.09681),10.117,http://www.wikidata.org/entity/Q6060780,3.0,,,,http://www.wikidata.org/entity/Q17051044,"('41.09681', '28.98921')"
1931,,41.086388888889,29.004166666667,Emniyet Evleri,,C,yellow,,,mahalle,,Point(29.004166666 41.086388888),9.207,http://www.wikidata.org/entity/Q6060887,3.0,,,,http://www.wikidata.org/entity/Q17051044,"('41.086388888889', '29.004166666667')"
1932,,41.05912,28.93447,Pazariçi,,C,yellow,,,mahalle,,Point(28.93447 41.05912),6.815,http://www.wikidata.org/entity/Q6061013,3.0,,,,http://www.wikidata.org/entity/Q17051044,"('41.05912', '28.93447')"
1933,,41.08524,28.98721,Yahya Kemal,,C,yellow,,,mahalle,,Point(28.98721 41.08524),8.82,http://www.wikidata.org/entity/Q6061440,3.0,,,,http://www.wikidata.org/entity/Q17051044,"('41.08524', '28.98721')"
1934,,41.0741,28.89036,Barbaros Hayrettin Paşa,,C,yellow,,,mahalle,,Point(28.89036 41.0741),10.398,http://www.wikidata.org/entity/Q6062025,3.0,,,,http://www.wikidata.org/entity/Q17051044,"('41.0741', '28.89036')"
1935,,41.0211006,29.0919519,Namık Kemal,,C,yellow,,,mahalle,,Point(29.0919519 41.0211006),9.876,http://www.wikidata.org/entity/Q6062178,3.0,,,,http://www.wikidata.org/entity/Q17051044,"('41.0211006', '29.0919519')"
1936,,41.008666666667,28.941944444444,Haseki Mosque (İstanbul),,C,yellow,,,architectural structure,,Point(28.941944444 41.008666666),2.858,http://www.wikidata.org/entity/Q6062573,3.0,,,,http://www.wikidata.org/entity/Q811979,"('41.008666666667', '28.941944444444')"
1940,,41.0268054,28.9782783,Hacımimi,,C,yellow,,,mahalle,,Point(28.9782783 41.0268054),2.28,http://www.wikidata.org/entity/Q6062666,3.0,,,,http://www.wikidata.org/entity/Q17051044,"('41.0268054', '28.9782783')"
1941,,41.042188,28.9739405,Hacıahmet,,C,yellow,,,mahalle,,Point(28.9739405 41.042188),3.985,http://www.wikidata.org/entity/Q6062730,3.0,,,,http://www.wikidata.org/entity/Q17051044,"('41.042188', '28.9739405')"
1942,,41.0488286,28.9496751,Halıcıoğlu,,C,yellow,,,mahalle,,Point(28.9496751 41.0488286),5.206,http://www.wikidata.org/entity/Q6062820,3.0,,,,http://www.wikidata.org/entity/Q17051044,"('41.0488286', '28.9496751')"
1943,,41.0304,28.973,Evliya Çelebi,,C,yellow,,,mahalle,,Point(28.973 41.0304),2.682,http://www.wikidata.org/entity/Q6062876,3.0,,,,http://www.wikidata.org/entity/Q17051044,"('41.0304', '28.973')"
1944,,41.113611111111,29.031944444444,Pınar,,C,yellow,,,mahalle,,Point(29.031944444 41.113611111),12.816,http://www.wikidata.org/entity/Q6062991,3.0,,,,http://www.wikidata.org/entity/Q17051044,"('41.113611111111', '29.031944444444')"
1945,,41.116944444444,29.041388888889,Poligon,,C,yellow,,,mahalle,,Point(29.041388888 41.116944444),13.465,http://www.wikidata.org/entity/Q6063029,3.0,,,,http://www.wikidata.org/entity/Q17051044,"('41.116944444444', '29.041388888889')"
1946,,41.0780937,29.0039886,Ortabayır,,C,yellow,,,mahalle,,Point(29.0039886 41.0780937),8.315,http://www.wikidata.org/entity/Q6063143,3.0,,,,http://www.wikidata.org/entity/Q17051044,"('41.0780937', '29.0039886')"
1947,,41.10687,29.04112,Reşitpaşa,,C,yellow,,,mahalle,,Point(29.04112 41.10687),12.441,http://www.wikidata.org/entity/Q6063243,3.0,,,,http://www.wikidata.org/entity/Q17051044,"('41.10687', '29.04112')"
1948,,41.0096545,29.1174872,Site,,C,yellow,,,mahalle,,Point(29.1174872 41.0096545),11.888,http://www.wikidata.org/entity/Q6063336,3.0,,,,http://www.wikidata.org/entity/Q17051044,"('41.0096545', '29.1174872')"
1949,,41.1265,29.02903,Darüşşafaka,,C,yellow,,,mahalle,,Point(29.02903 41.1265),14.08,http://www.wikidata.org/entity/Q6063368,3.0,,,,http://www.wikidata.org/entity/Q17051044,"('41.1265', '29.02903')"
1950,,41.003259,29.124332,Çamlık,,C,yellow,,,mahalle,,Point(29.124332 41.003259),12.462,http://www.wikidata.org/entity/Q6063481,3.0,,,,http://www.wikidata.org/entity/Q17051044,"('41.003259', '29.124332')"
1951,,41.0235391,29.1017524,İstiklal,,C,yellow,,,mahalle,,Point(29.1017524 41.0235391),10.732,http://www.wikidata.org/entity/Q6063582,3.0,,,,http://www.wikidata.org/entity/Q17051044,"('41.0235391', '29.1017524')"
1952,,41.0004717,29.1458001,Şerifali,,C,yellow,,,mahalle,,Point(29.1458001 41.0004717),14.274,http://www.wikidata.org/entity/Q6063588,3.0,,,,http://www.wikidata.org/entity/Q17051044,"('41.0004717', '29.1458001')"
1953,,41.0191243,29.1351889,Ihlamurkuyu,,C,yellow,,,mahalle,,Point(29.1351889 41.0191243),13.442,http://www.wikidata.org/entity/Q6063684,3.0,,,https://en.wikipedia.org/wiki/Ihlamurkuyu,http://www.wikidata.org/entity/Q17051044,"('41.0191243', '29.1351889')"
1954,,41.0200554,29.1425904,Cemil Meriç,,C,yellow,,,mahalle,,Point(29.1425904 41.0200554),14.07,http://www.wikidata.org/entity/Q6063793,3.0,,,"https://en.wikipedia.org/wiki/Cemil_Meri%C3%A7,_%C3%9Cmraniye",http://www.wikidata.org/entity/Q17051044,"('41.0200554', '29.1425904')"
1955,,41.0110683,29.1525726,Yukarı Dudullu,,C,yellow,,,mahalle,,Point(29.1525726 41.0110683),14.835,http://www.wikidata.org/entity/Q6063863,3.0,,,,http://www.wikidata.org/entity/Q17051044,"('41.0110683', '29.1525726')"
1956,,41.043888888889,28.984444444444,İnönü,,C,yellow,,,mahalle,,Point(28.984444444 41.043888888),4.232,http://www.wikidata.org/entity/Q6064152,3.0,,,,http://www.wikidata.org/entity/Q17051044,"('41.043888888889', '28.984444444444')"
1957,,41.0476467,29.1014982,Topağacı,,C,yellow,,,mahalle,,Point(29.1014982 41.0476467),11.493,http://www.wikidata.org/entity/Q6064324,3.0,,,,http://www.wikidata.org/entity/Q17051044,"('41.0476467', '29.1014982')"
1958,,41.0782105,28.9982061,Telsizler,,C,yellow,,,mahalle,,Point(28.9982061 41.0782105),8.203,http://www.wikidata.org/entity/Q6065000,3.0,,,,http://www.wikidata.org/entity/Q17051044,"('41.0782105', '28.9982061')"
1959,,41.033888888889,28.979583333333,Atlas Cinema,,C,yellow,,,movie theater,,Point(28.979583333 41.033888888),3.074,http://www.wikidata.org/entity/Q6065720,3.0,,,https://en.wikipedia.org/wiki/Atlas_Cinema,http://www.wikidata.org/entity/Q41253,"('41.033888888889', '28.979583333333')"
1960,,41.0576,28.9687,Halil Rıfat Paşa,,C,yellow,,,mahalle,,Point(28.9687 41.0576),5.727,http://www.wikidata.org/entity/Q6066426,3.0,,,,http://www.wikidata.org/entity/Q17051044,"('41.0576', '28.9687')"
1961,,41.104444444444,28.996944444444,Huzur,,C,yellow,,,mahalle,,Point(28.996944444 41.104444444),11.046,http://www.wikidata.org/entity/Q6067045,3.0,,,,http://www.wikidata.org/entity/Q17051044,"('41.104444444444', '28.996944444444')"
1962,,41.045237,28.92552083,Düğmeciler,,C,yellow,,,mahalle,,Point(28.92552083 41.045237),6.042,http://www.wikidata.org/entity/Q6068003,3.0,,,,http://www.wikidata.org/entity/Q17051044,"('41.045237', '28.92552083')"
1963,,41.020893,28.96212783,Yavuz Sinan,,C,yellow,,,mahalle,,Point(28.96212783 41.020893),1.983,http://www.wikidata.org/entity/Q6068318,3.0,,,,http://www.wikidata.org/entity/Q17051044,"('41.020893', '28.96212783')"
1964,,41.048765,28.922775,Rami Cuma,,C,yellow,,,mahalle,,Point(28.922775 41.048765),6.484,http://www.wikidata.org/entity/Q6068689,3.0,,,,http://www.wikidata.org/entity/Q17051044,"('41.048765', '28.922775')"
1965,,41.050189,28.87046083,Birlik,,C,yellow,,,mahalle,,Point(28.87046083 41.050189),10.095,http://www.wikidata.org/entity/Q6068769,3.0,,,,http://www.wikidata.org/entity/Q17051044,"('41.050189', '28.87046083')"
1966,,41.05112783,28.851879,Kemalpaşa,,C,yellow,,,mahalle,,Point(28.851879 41.05112783),11.529,http://www.wikidata.org/entity/Q6068801,3.0,,,,http://www.wikidata.org/entity/Q17051044,"('41.05112783', '28.851879')"
1967,,41.00656,28.96464,Saraç İshak,,C,yellow,,,mahalle,,Point(28.96464 41.00656),0.943,http://www.wikidata.org/entity/Q6069009,3.0,,,,http://www.wikidata.org/entity/Q17051044,"('41.00656', '28.96464')"
1968,,41.05229283,28.880417,Kemer,,C,yellow,,,mahalle,,Point(28.880417 41.05229283),9.496,http://www.wikidata.org/entity/Q6069026,3.0,,,,http://www.wikidata.org/entity/Q17051044,"('41.05229283', '28.880417')"
1969,,41.01777283,28.96529283,Demirtaş,,C,yellow,,,mahalle,,Point(28.96529283 41.01777283),1.547,http://www.wikidata.org/entity/Q6069201,3.0,,,,http://www.wikidata.org/entity/Q17051044,"('41.01777283', '28.96529283')"
1970,,41.041094,28.87694083,Menderes,,C,yellow,,,mahalle,,Point(28.87694083 41.041094),9.153,http://www.wikidata.org/entity/Q6069249,3.0,,,,http://www.wikidata.org/entity/Q17051044,"('41.041094', '28.87694083')"
1971,,41.0082394,28.9546142,Mesihpaşa,,C,yellow,,,mahalle,,Point(28.9546142 41.0082394),1.796,http://www.wikidata.org/entity/Q6069429,3.0,,,,http://www.wikidata.org/entity/Q17051044,"('41.0082394', '28.9546142')"
1972,,41.099193,28.878856,Esentepe,,C,yellow,,,mahalle,,Point(28.878856 41.099193),13.14,http://www.wikidata.org/entity/Q6069462,3.0,,,,http://www.wikidata.org/entity/Q17051044,"('41.099193', '28.878856')"
1973,,41.01154983,28.955503,Kemalpaşa,,C,yellow,,,mahalle,,Point(28.955503 41.01154983),1.803,http://www.wikidata.org/entity/Q6069500,3.0,,,,http://www.wikidata.org/entity/Q17051044,"('41.01154983', '28.955503')"
1974,,41.0518502,28.8450387,Fatih,,C,yellow,,,mahalle,,Point(28.8450387 41.0518502),12.083,http://www.wikidata.org/entity/Q6069537,3.0,,,,http://www.wikidata.org/entity/Q17051044,"('41.0518502', '28.8450387')"
1975,,41.00473,28.96253,Muhsine Hatun,,C,yellow,,,mahalle,,Point(28.96253 41.00473),1.134,http://www.wikidata.org/entity/Q6069664,3.0,,,,http://www.wikidata.org/entity/Q17051044,"('41.00473', '28.96253')"
1976,,41.012863,28.97075383,Taya Hatun,,C,yellow,,,mahalle,,Point(28.97075383 41.012863),0.839,http://www.wikidata.org/entity/Q6069715,3.0,,,,http://www.wikidata.org/entity/Q17051044,"('41.012863', '28.97075383')"
1977,,41.010147,28.962032,Balabanağa,,C,yellow,,,mahalle,,Point(28.962032 41.010147),1.234,http://www.wikidata.org/entity/Q6069713,3.0,,,,http://www.wikidata.org/entity/Q17051044,"('41.010147', '28.962032')"
1978,,41.01839983,28.961957,Hoca Gıyasettin,,C,yellow,,,mahalle,,Point(28.961957 41.01839983),1.774,http://www.wikidata.org/entity/Q6069735,3.0,,,,http://www.wikidata.org/entity/Q17051044,"('41.01839983', '28.961957')"
1979,,41.01421283,28.967423,Mercan,,C,yellow,,,mahalle,,Point(28.967423 41.01421283),1.123,http://www.wikidata.org/entity/Q6069759,3.0,,,,http://www.wikidata.org/entity/Q17051044,"('41.01421283', '28.967423')"
1980,,41.021286,28.950423,Ali Kuşçu,,C,yellow,,,mahalle,,Point(28.950423 41.021286),2.703,http://www.wikidata.org/entity/Q6069801,3.0,,,,http://www.wikidata.org/entity/Q17051044,"('41.021286', '28.950423')"
1981,,41.072,29.0001,Gülbahar,,C,yellow,,,mahalle,,Point(29.0001 41.072),7.574,http://www.wikidata.org/entity/Q6069927,3.0,,,,http://www.wikidata.org/entity/Q17051044,"('41.072', '29.0001')"
1982,,41.00171,28.92678,Sümbül Efendi,,C,yellow,,,mahalle,,Point(28.92678 41.00171),4.152,http://www.wikidata.org/entity/Q6069961,3.0,,,,http://www.wikidata.org/entity/Q17051044,"('41.00171', '28.92678')"
1983,,41.06203283,28.924277,Yenidoğan,,C,yellow,,,mahalle,,Point(28.924277 41.06203283),7.551,http://www.wikidata.org/entity/Q6069966,3.0,,,,http://www.wikidata.org/entity/Q17051044,"('41.06203283', '28.924277')"
1984,,41.0094787,28.9313786,Seyyid Ömer,,C,yellow,,,mahalle,,Point(28.9313786 41.0094787),3.749,http://www.wikidata.org/entity/Q6070052,3.0,,,,http://www.wikidata.org/entity/Q17051044,"('41.0094787', '28.9313786')"
1985,,41.026712,28.83160083,Hürriyet,,C,yellow,,,mahalle,,Point(28.83160083 41.026712),12.313,http://www.wikidata.org/entity/Q6070057,3.0,,,,http://www.wikidata.org/entity/Q17051044,"('41.026712', '28.83160083')"
1986,,41.024559,28.97625,Müeyyetzade,,C,yellow,,,mahalle,,Point(28.97625 41.024559),2.021,http://www.wikidata.org/entity/Q6070086,3.0,,,,http://www.wikidata.org/entity/Q17051044,"('41.024559', '28.97625')"
1987,,41.0328836,28.8541921,İnönü,,C,yellow,,,mahalle,,Point(28.86232033 41.028987),9.852,http://www.wikidata.org/entity/Q6070193,3.0,,,,http://www.wikidata.org/entity/Q17051044,"('41.0328836', '28.8541921')"
1991,,41.13430483,28.94524083,Mimar Sinan,,C,yellow,,,mahalle,,Point(28.94524083 41.13430483),14.454,http://www.wikidata.org/entity/Q6070242,3.0,,,,http://www.wikidata.org/entity/Q17051044,"('41.13430483', '28.94524083')"
1993,,41.096680555556,28.864875,Uğur Mumcu,,C,yellow,,,mahalle,,Point(28.864875 41.096680555),13.691,http://www.wikidata.org/entity/Q6070275,3.0,,,,http://www.wikidata.org/entity/Q17051044,"('41.096680555556', '28.864875')"
1994,,41.02710783,28.954988,Yavuz Sultan Selim,,C,yellow,,,mahalle,,Point(28.954988 41.02710783),2.895,http://www.wikidata.org/entity/Q6070316,3.0,,,,http://www.wikidata.org/entity/Q17051044,"('41.02710783', '28.954988')"
1995,,41.02562,28.82080783,Bağlar,,C,yellow,,,mahalle,,Point(28.82080783 41.02562),13.184,http://www.wikidata.org/entity/Q6070343,3.0,,,,http://www.wikidata.org/entity/Q17051044,"('41.02562', '28.82080783')"
1996,,41.023989,28.979313,Kemankeş Karamustafapaşa,,C,yellow,,,mahalle,,Point(28.979313 41.023989),1.979,http://www.wikidata.org/entity/Q6070557,3.0,,,,http://www.wikidata.org/entity/Q17051044,"('41.023989', '28.979313')"
1997,,41.021888888889,28.936555555556,Hürrem Çavuş Mosque,,C,yellow,,,architectural structure,,Point(28.936555555 41.021888888),3.722,http://www.wikidata.org/entity/Q6070623,3.0,,,,http://www.wikidata.org/entity/Q811979,"('41.021888888889', '28.936555555556')"
2001,,41.031001,28.98775383,Pürtelaş Hasan Efendi,,C,yellow,,,mahalle,,Point(28.98775383 41.031001),2.913,http://www.wikidata.org/entity/Q6070689,3.0,,,,http://www.wikidata.org/entity/Q17051044,"('41.031001', '28.98775383')"
2002,,41.039895,28.98290483,Kocatepe,,C,yellow,,,mahalle,,Point(28.98290483 41.039895),3.773,http://www.wikidata.org/entity/Q6070711,3.0,,,,http://www.wikidata.org/entity/Q17051044,"('41.039895', '28.98290483')"
2003,,41.033065,28.979911,Kuloğlu,,C,yellow,,,mahalle,,Point(28.979911 41.033065),2.986,http://www.wikidata.org/entity/Q6070880,3.0,,,,http://www.wikidata.org/entity/Q17051044,"('41.033065', '28.979911')"
2004,,41.01542883,28.97051483,Sururi,,C,yellow,,,mahalle,,Point(28.97051483 41.01542883),1.102,http://www.wikidata.org/entity/Q6070953,3.0,,,,http://www.wikidata.org/entity/Q17051044,"('41.01542883', '28.97051483')"
2005,,41.08979,28.87029,50. Yıl,,C,yellow,,,mahalle,,Point(28.87029 41.08979),12.822,http://www.wikidata.org/entity/Q6070990,3.0,,,,http://www.wikidata.org/entity/Q17051044,"('41.08979', '28.87029')"
2006,,41.02470483,28.853145,Yıldıztepe,,C,yellow,,,mahalle,,Point(28.853145 41.02470483),10.496,http://www.wikidata.org/entity/Q6071001,3.0,,,,http://www.wikidata.org/entity/Q17051044,"('41.02470483', '28.853145')"
2007,,41.026259,28.847394,Kazım Karabekir,,C,yellow,,,mahalle,,Point(28.847394 41.026259),11.003,http://www.wikidata.org/entity/Q6071089,3.0,,,,http://www.wikidata.org/entity/Q17051044,"('41.026259', '28.847394')"
2008,,41.00874,28.96328,Mimar Kemalettin,,C,yellow,,,mahalle,,Point(28.96328 41.00874),1.089,http://www.wikidata.org/entity/Q6071220,3.0,,,,http://www.wikidata.org/entity/Q17051044,"('41.00874', '28.96328')"
2009,,41.09667983,28.89792683,Yunus Emre,,C,yellow,,,mahalle,,Point(28.89792683 41.09667983),11.98,http://www.wikidata.org/entity/Q6071269,3.0,,,,http://www.wikidata.org/entity/Q17051044,"('41.09667983', '28.89792683')"
2010,,41.036239,28.81668783,15 Temmuz,,C,yellow,,,mahalle,,Point(28.81668783 41.036239),13.76,http://www.wikidata.org/entity/Q6071402,3.0,,,,http://www.wikidata.org/entity/Q17051044,"('41.036239', '28.81668783')"
2011,,41.05170183,28.928504,İslambey,,C,yellow,,,mahalle,,Point(28.928504 41.05170183),6.417,http://www.wikidata.org/entity/Q6071635,3.0,,,,http://www.wikidata.org/entity/Q17051044,"('41.05170183', '28.928504')"
2012,,41.03585,28.921959,Topçular,,C,yellow,,,mahalle,,Point(28.921959 41.03585),5.585,http://www.wikidata.org/entity/Q6071754,3.0,,,,http://www.wikidata.org/entity/Q17051044,"('41.03585', '28.921959')"
2013,,41.06319783,28.85286583,100. Yıl,,C,yellow,,,mahalle,,Point(28.85286583 41.06319783),12.097,http://www.wikidata.org/entity/Q6071781,3.0,,,,http://www.wikidata.org/entity/Q17051044,"('41.06319783', '28.85286583')"
2014,,40.999444444444,28.904722222222,Beştelsiz,,C,yellow,,,mahalle,,Point(28.904722222 40.999444444),6.02,http://www.wikidata.org/entity/Q6071875,3.0,,,,http://www.wikidata.org/entity/Q17051044,"('40.999444444444', '28.904722222222')"
2015,,41.03821283,28.850977,Yavuz Selim,,C,yellow,,,mahalle,,Point(28.850977 41.03821283),11.059,http://www.wikidata.org/entity/Q6072090,3.0,,,,http://www.wikidata.org/entity/Q17051044,"('41.03821283', '28.850977')"
2016,,41.085489,28.897583,Karayolları,,C,yellow,,,mahalle,,Point(28.897583 41.085489),10.976,http://www.wikidata.org/entity/Q6072274,3.0,,,,http://www.wikidata.org/entity/Q17051044,"('41.085489', '28.897583')"
2017,,41.026389,28.83941183,Barbaros,,C,yellow,,,mahalle,,Point(28.83941183 41.026389),11.662,http://www.wikidata.org/entity/Q6072587,3.0,,,,http://www.wikidata.org/entity/Q17051044,"('41.026389', '28.83941183')"
2018,,41.047114,28.85380983,Fevzi Çakmak,,C,yellow,,,mahalle,,Point(28.8556182 41.0457899),10.998,http://www.wikidata.org/entity/Q6072615,3.0,,,,http://www.wikidata.org/entity/Q17051044,"('41.047114', '28.85380983')"
2023,,41.029367,28.98521383,Kılıçali Paşa,,C,yellow,,,mahalle,,Point(28.98521383 41.029367),2.673,http://www.wikidata.org/entity/Q6072958,3.0,,,,http://www.wikidata.org/entity/Q17051044,"('41.029367', '28.98521383')"
2024,,41.02738,28.97437183,Şahkulu,,C,yellow,,,mahalle,,Point(28.97437183 41.02738),2.338,http://www.wikidata.org/entity/Q6073023,3.0,,,,http://www.wikidata.org/entity/Q17051044,"('41.02738', '28.97437183')"
2025,,41.067816,28.899322,Hürriyet,,C,yellow,,,mahalle,,Point(28.899322 41.067816),9.374,http://www.wikidata.org/entity/Q6073206,3.0,,,,http://www.wikidata.org/entity/Q17051044,"('41.067816', '28.899322')"
2026,,40.9881236,28.9025258,Nuripaşa,,C,yellow,,,mahalle,,Point(28.9025258 40.9881236),6.481,http://www.wikidata.org/entity/Q6073326,3.0,,,,http://www.wikidata.org/entity/Q17051044,"('40.9881236', '28.9025258')"
2027,,41.1002781,28.907478,Zübeyde Hanım,,C,yellow,,,mahalle,,Point(28.907478 41.1002781),11.912,http://www.wikidata.org/entity/Q6073328,3.0,,,,http://www.wikidata.org/entity/Q17051044,"('41.1002781', '28.907478')"
2028,,41.03942583,28.951297,Keçeci Piri,,C,yellow,,,mahalle,,Point(28.951297 41.03942583),4.213,http://www.wikidata.org/entity/Q6073400,3.0,,,,http://www.wikidata.org/entity/Q17051044,"('41.03942583', '28.951297')"
2029,,41.089888,28.91457783,Mevlana,,C,yellow,,,mahalle,,Point(28.91457783 41.089888),10.613,http://www.wikidata.org/entity/Q6073466,3.0,,,,http://www.wikidata.org/entity/Q17051044,"('41.089888', '28.91457783')"
2030,,41.02243883,28.86018283,Yenigün,,C,yellow,,,mahalle,,Point(28.86018283 41.02243883),9.869,http://www.wikidata.org/entity/Q6073469,3.0,,,,http://www.wikidata.org/entity/Q17051044,"('41.02243883', '28.86018283')"
2031,,41.077272,28.90007283,Yeni Mahalle,,C,yellow,,,mahalle,,Point(28.90007283 41.077272),10.126,http://www.wikidata.org/entity/Q6073522,3.0,,,,http://www.wikidata.org/entity/Q17051044,"('41.077272', '28.90007283')"
2032,,41.034717,28.975217,Kamer Hatun,,C,yellow,,,mahalle,,Point(28.975 41.035),3.183,http://www.wikidata.org/entity/Q6073635,3.0,,,,http://www.wikidata.org/entity/Q17051044,"('41.034717', '28.975217')"
2036,,41.02868383,28.940681,Derviş Ali,,C,yellow,,,mahalle,,Point(28.940681 41.02868383),3.856,http://www.wikidata.org/entity/Q6073935,3.0,,,,http://www.wikidata.org/entity/Q17051044,"('41.02868383', '28.940681')"
2037,,40.9934935,28.9054676,Gökalp,,C,yellow,,,mahalle,,Point(28.9054676 40.9934935),6.079,http://www.wikidata.org/entity/Q6074049,3.0,,,,http://www.wikidata.org/entity/Q17051044,"('40.9934935', '28.9054676')"
2038,,40.9912492,28.902307,Yeşiltepe,,C,yellow,,,mahalle,,Point(28.902307 40.9912492),6.399,http://www.wikidata.org/entity/Q6074158,3.0,,,,http://www.wikidata.org/entity/Q17051044,"('40.9912492', '28.902307')"
2039,,41.020694,28.95971,Unkapanı,,C,yellow,,,quarter,,Point(28.95971 41.020694),2.091,http://www.wikidata.org/entity/Q6074230,3.0,,,,http://www.wikidata.org/entity/Q2983893,"('41.020694', '28.95971')"
2040,,41.07422183,28.908849,Fevzi Çakmak,,C,yellow,,,mahalle,,Point(28.908849 41.07422183),9.407,http://www.wikidata.org/entity/Q6074312,3.0,,,,http://www.wikidata.org/entity/Q17051044,"('41.07422183', '28.908849')"
2041,,40.988254,28.904702,Yenidoğan,,C,yellow,,,mahalle,,Point(28.904702 40.988254),6.303,http://www.wikidata.org/entity/Q6074505,3.0,,,,http://www.wikidata.org/entity/Q17051044,"('40.988254', '28.904702')"
2042,,41.08891,28.99098,Şirintepe,,C,yellow,,,mahalle,,Point(28.99098 41.08891),9.263,http://www.wikidata.org/entity/Q6074620,3.0,,,,http://www.wikidata.org/entity/Q17051044,"('41.08891', '28.99098')"
2044,,41.047583333333,28.994222222222,Q6074856,,C,yellow,,,building,,Point(28.994222222 41.047583333),4.833,http://www.wikidata.org/entity/Q6074856,3.0,,,,http://www.wikidata.org/entity/Q41176,"('41.047583333333', '28.994222222222')"
2045,,41.05048,28.916595,Rami Yeni,,C,yellow,,,mahalle,,Point(28.916595 41.05048),6.983,http://www.wikidata.org/entity/Q6074881,3.0,,,,http://www.wikidata.org/entity/Q17051044,"('41.05048', '28.916595')"
2046,,40.9962,29.01796,Haydarpaşa ferry terminal,,C,yellow,,,transport infrastructure,,Point(29.01796 40.9962),3.709,http://www.wikidata.org/entity/Q6074986,3.0,,,,http://www.wikidata.org/entity/Q376799,"('40.9962', '29.01796')"
2049,,41.0092592,28.9451769,Haseki Sultan,,C,yellow,,,mahalle,,Point(28.9451769 41.0092592),2.595,http://www.wikidata.org/entity/Q6076365,3.0,,,,http://www.wikidata.org/entity/Q17051044,"('41.0092592', '28.9451769')"
2050,,41.083086,28.883786,Karadeniz,,C,yellow,,,mahalle,,Point(28.883786 41.083086),11.505,http://www.wikidata.org/entity/Q6076454,3.0,,,,http://www.wikidata.org/entity/Q17051044,"('41.083086', '28.883786')"
2051,,41.07630183,28.951743,Güzeltepe,,C,yellow,,,mahalle,,Point(28.951743 41.07630183),8.033,http://www.wikidata.org/entity/Q6076661,3.0,,,,http://www.wikidata.org/entity/Q17051044,"('41.07630183', '28.951743')"
2055,,41.097003,28.908269,75. Yıl,,C,yellow,,,mahalle,,Point(28.908269 41.097003),11.561,http://www.wikidata.org/entity/Q6077422,3.0,,,,http://www.wikidata.org/entity/Q17051044,"('41.097003', '28.908269')"
2056,,40.9994553,28.9121132,Telsiz,,C,yellow,,,mahalle,,Point(28.9121132 40.9994553),5.405,http://www.wikidata.org/entity/Q6077464,3.0,,,,http://www.wikidata.org/entity/Q17051044,"('40.9994553', '28.9121132')"
2057,,41.0283611111,29.0244611111,Uzbek Dervish Lodge,,C,yellow,,,architectural structure,,Point(29.024461111 41.028361111),4.753,http://www.wikidata.org/entity/Q6078142,3.0,,,,http://www.wikidata.org/entity/Q811979,"('41.0283611111', '29.0244611111')"
2061,,40.9959417,28.8978934,Veliefendi,,C,yellow,,,mahalle,,Point(28.8978934 40.9959417),6.646,http://www.wikidata.org/entity/Q6078238,3.0,,,,http://www.wikidata.org/entity/Q17051044,"('40.9959417', '28.8978934')"
2062,,41.0683149,29.0822276,Yeni Mahalle,,C,yellow,,,mahalle,,Point(29.0822276 41.0683149),11.269,http://www.wikidata.org/entity/Q6078633,3.0,,,,http://www.wikidata.org/entity/Q17051044,"('41.0683149', '29.0822276')"
2063,,41.0330866,28.8305182,Güneşli,,C,yellow,,,mahalle,,Point(28.8305182 41.0330866),12.55,http://www.wikidata.org/entity/Q6078956,3.0,,,,http://www.wikidata.org/entity/Q17051044,"('41.0330866', '28.8305182')"
2064,,41.0002245,28.8962437,Çırpıcı,,C,yellow,,,mahalle,,Point(28.8962437 41.0002245),6.717,http://www.wikidata.org/entity/Q6079531,3.0,,,,http://www.wikidata.org/entity/Q17051044,"('41.0002245', '28.8962437')"
2065,,41.0069,28.9603,Nişanca,,C,yellow,,,mahalle,,Point(28.9603 41.0069),1.308,http://www.wikidata.org/entity/Q6081044,3.0,,,,http://www.wikidata.org/entity/Q17051044,"('41.0069', '28.9603')"
2066,,41.01833333,28.93611111,Bezmiâlem Foundation University,,C,yellow,,,nonprofit organization,,Point(28.93611111 41.01833333),3.591,http://www.wikidata.org/entity/Q6082806,3.0,,,https://en.wikipedia.org/wiki/Bezmialem_Vak%C4%B1f_University,http://www.wikidata.org/entity/Q163740,"('41.01833333', '28.93611111')"
2068,,41.083673,28.9997851,Çeliktepe,,C,yellow,,,mahalle,,Point(28.9997851 41.083673),8.825,http://www.wikidata.org/entity/Q6085892,3.0,,,,http://www.wikidata.org/entity/Q17051044,"('41.083673', '28.9997851')"
2069,,41.05732,28.9118,Merkez,,C,yellow,,,mahalle,,Point(28.9118 41.05732),7.808,http://www.wikidata.org/entity/Q6086259,3.0,,,,http://www.wikidata.org/entity/Q17051044,"('41.05732', '28.9118')"
2070,,41.0368162,28.8605304,Çınar,,C,yellow,,,mahalle,,Point(28.8605304 41.0368162),10.25,http://www.wikidata.org/entity/Q6086589,3.0,,,,http://www.wikidata.org/entity/Q17051044,"('41.0368162', '28.8605304')"
2071,,41.052457415669,28.937397104551,Bahariye Islands,,C,yellow,,,archipelago,,Point(28.937397104 41.052457415),6.055,http://www.wikidata.org/entity/Q6087362,3.0,,,,http://www.wikidata.org/entity/Q33837,"('41.052457415669', '28.937397104551')"
2072,,41.0168076,28.9741917,Istanbul Chamber of Commerce,,C,yellow,,,historic building,,Point(28.9741917 41.0168076),1.168,http://www.wikidata.org/entity/Q6088611,3.0,,,https://en.wikipedia.org/wiki/Istanbul_Chamber_of_Commerce,http://www.wikidata.org/entity/Q35112127,"('41.0168076', '28.9741917')"
2074,,41.06934,28.98632,İzzet Paşa,,C,yellow,,,mahalle,,Point(28.98632 41.06934),7.055,http://www.wikidata.org/entity/Q6089001,3.0,,,,http://www.wikidata.org/entity/Q17051044,"('41.06934', '28.98632')"
2075,,41.02802778,28.975125,Galata Mevlevihanesi,,C,yellow,,,mevlevihane,,Point(28.975125 41.02802778),2.408,http://www.wikidata.org/entity/Q6090478,3.0,,,,http://www.wikidata.org/entity/Q12810851,"('41.02802778', '28.975125')"
2077,,41.120388888889,29.070194444444,Sait Halim Paşa Yalısı,,C,yellow,,,yalı,,Point(29.070194444 41.120388888),14.941,http://www.wikidata.org/entity/Q6090543,3.0,,,,http://www.wikidata.org/entity/Q2142647,"('41.120388888889', '29.070194444444')"
2080,,41.0296611111,28.9888638889,Çifte Palace,,C,yellow,,,architectural structure,,Point(28.988863888 41.029661111),2.809,http://www.wikidata.org/entity/Q6096766,3.0,,,,http://www.wikidata.org/entity/Q811979,"('41.0296611111', '28.9888638889')"
2082,,41.063141,28.9635226,Talatpaşa,,C,yellow,,,mahalle,,Point(28.9635226 41.063141),6.396,http://www.wikidata.org/entity/Q6096888,3.0,,,,http://www.wikidata.org/entity/Q17051044,"('41.063141', '28.9635226')"
2083,,41.014337,28.958404,Vefa High School,,C,yellow,,,school building,,Point(28.958404 41.014337),1.712,http://www.wikidata.org/entity/Q6098789,3.0,,,https://en.wikipedia.org/wiki/Vefa_High_School,http://www.wikidata.org/entity/Q1244442,"('41.014337', '28.958404')"
2085,,41.05441667,28.96947222,Kağıthane-Piyalepaşa Tunnel,,C,yellow,,,road tunnel,,Point(28.96947222 41.05441667),5.368,http://www.wikidata.org/entity/Q6381864,3.0,,,https://en.wikipedia.org/wiki/Ka%C4%9F%C4%B1thane%E2%80%93Piyalepa%C5%9Fa_Tunnel,http://www.wikidata.org/entity/Q2354973,"('41.05441667', '28.96947222')"
2088,,41.010772946362,28.965774267961,Topkapı Palace Museum Library,,C,yellow,,,library,,Point(28.965774267 41.010772946),0.978,http://www.wikidata.org/entity/Q6554520,3.0,,,,http://www.wikidata.org/entity/Q7075,"('41.010772946362', '28.965774267961')"
2090,,41.0091305556,28.9586416667,Ragip Pasa Library,,C,yellow,,,architectural structure,,Point(28.958641666 41.009130555),1.478,http://www.wikidata.org/entity/Q6580698,3.0,,,,http://www.wikidata.org/entity/Q811979,"('41.0091305556', '28.9586416667')"
2092,,41.01744719355,28.949849397583,Millet Library,,C,yellow,,,library,,Point(28.949849397 41.017447193),2.506,http://www.wikidata.org/entity/Q6585222,3.0,,,,http://www.wikidata.org/entity/Q7075,"('41.01744719355', '28.949849397583')"
2093,,41.018993,28.968372,Ahi Çelebi Mosque,,C,yellow,,,architectural structure,,Point(28.968372 41.018993),1.537,http://www.wikidata.org/entity/Q6957244,3.0,,,,http://www.wikidata.org/entity/Q811979,"('41.018993', '28.968372')"
2097,,41.043067,28.886908,Ora arena,,C,yellow,,,theatre building,,Point(28.886908 41.043067),8.505,http://www.wikidata.org/entity/Q7099206,3.0,,,https://en.wikipedia.org/wiki/Ora_Arena,http://www.wikidata.org/entity/Q24354,"('41.043067', '28.886908')"
2099,,41.00344,28.92208,Silivrikapı Ice Rink and Sport Facility,,C,yellow,,,sports venue,,Point(28.92208 41.00344),4.525,http://www.wikidata.org/entity/Q7515106,3.0,,,https://en.wikipedia.org/wiki/Silivrikap%C4%B1_Ice_Skating_Hall,http://www.wikidata.org/entity/Q1076486,"('41.00344', '28.92208')"
2101,,41.032,29.0372,Vehbi Koç Foundation,,C,yellow,,,foundation,,Point(29.0372 41.032),5.881,http://www.wikidata.org/entity/Q7918404,3.0,,,https://en.wikipedia.org/wiki/Vehbi_Ko%C3%A7_Foundation,http://www.wikidata.org/entity/Q157031,"('41.032', '29.0372')"
2103,,41.016784691766,28.942137128552,Yavuz Sultan Selim Madras,,C,yellow,,,madrasa,,Point(28.942137128 41.016784691),3.058,http://www.wikidata.org/entity/Q8050419,3.0,,,https://en.wikipedia.org/wiki/Yavuz_Sultan_Selim_Medrese,http://www.wikidata.org/entity/Q132834,"('41.016784691766', '28.942137128552')"
2115,,41.060214,28.950214,Istanbul Commerce University Faculty of Law,,C,yellow,,,faculty,,Point(28.950214 41.060214),6.361,http://www.wikidata.org/entity/Q9206655,3.0,,,https://en.wikipedia.org/wiki/Istanbul_Commerce_University_Faculty_of_Law,http://www.wikidata.org/entity/Q180958,"('41.060214', '28.950214')"
2117,,41.05987,28.99144,19 Mayıs,,C,yellow,,,mahalle,,Point(28.99144 41.05987),6.089,http://www.wikidata.org/entity/Q12808133,3.0,,,,http://www.wikidata.org/entity/Q17051044,"('41.05987', '28.99144')"
2118,,41.025466833333,28.906299,European Side,,C,yellow,,,territory,,Point(28.906299 41.025466833),6.211,http://www.wikidata.org/entity/Q12808623,3.0,,,,http://www.wikidata.org/entity/Q4835091,"('41.025466833333', '28.906299')"
2119,,40.998179613663,28.816821420106,Ayamama River,,C,yellow,,,brook,,Point(28.81682142 40.998179613),13.377,http://www.wikidata.org/entity/Q12808634,3.0,,,,http://www.wikidata.org/entity/Q63565252,"('40.998179613663', '28.816821420106')"
2120,,41.0874877,28.875977,Cumhuriyet,,C,yellow,,,mahalle,,Point(28.875977 41.0874877),12.308,http://www.wikidata.org/entity/Q12809103,3.0,,,,http://www.wikidata.org/entity/Q17051044,"('41.0874877', '28.875977')"
2121,,41.074226,29.055969,Edib Efendi Yalısı,,C,yellow,,,yalı,,Point(29.055969 41.074226),10.101,http://www.wikidata.org/entity/Q12809334,3.0,,,,http://www.wikidata.org/entity/Q2142647,"('41.074226', '29.055969')"
2123,,41.01377,28.977363,Hocapaşa,,C,yellow,,,mahalle,,Point(28.977363 41.01377),0.831,http://www.wikidata.org/entity/Q12809982,3.0,,,,http://www.wikidata.org/entity/Q17051044,"('41.01377', '28.977363')"
2124,,41.016534119584,28.970207614604,Kurukahveci Mehmet Efendi,,C,yellow,,,shop,,Point(28.970207614 41.016534119),1.225,http://www.wikidata.org/entity/Q12810467,3.0,,,,http://www.wikidata.org/entity/Q213441,"('41.016534119584', '28.970207614604')"
2126,,41.0075488,28.9672073,Mimar Hayrettin,,C,yellow,,,mahalle,,Point(28.9672073 41.0075488),0.738,http://www.wikidata.org/entity/Q12810880,3.0,,,,http://www.wikidata.org/entity/Q17051044,"('41.0075488', '28.9672073')"
2127,,41.05361111,28.99388889,Nişantaşı Anadolu Lisesi,,C,yellow,,,school building,,Point(28.99388889 41.05361111),5.465,http://www.wikidata.org/entity/Q12811176,3.0,,,https://en.wikipedia.org/wiki/Ni%C5%9Fanta%C5%9F%C4%B1_Anatolian_High_School,http://www.wikidata.org/entity/Q1244442,"('41.05361111', '28.99388889')"
2129,,41.04213,29.00039,Şairler Sofası,,C,yellow,,,building,,Point(29.00039 41.04213),4.476,http://www.wikidata.org/entity/Q12813039,3.0,,,https://en.wikipedia.org/wiki/%C5%9Eairler_Sofas%C4%B1,http://www.wikidata.org/entity/Q41176,"('41.04213', '29.00039')"
2139,,40.905869,29.050243,"Monastery of the Transfiguration, Kinaliada",,C,yellow,,,monastery,,Point(29.050243 40.905869),12.802,http://www.wikidata.org/entity/Q15255059,3.0,,,"https://en.wikipedia.org/wiki/Monastery_of_the_Transfiguration,_Kinaliada",http://www.wikidata.org/entity/Q44613,"('40.905869', '29.050243')"
2140,,41.0445,29.0053,Surp Asdvadzadzin Church,,C,yellow,,,church building,,Point(29.0053 41.0445),4.905,http://www.wikidata.org/entity/Q16008767,3.0,,,,http://www.wikidata.org/entity/Q16970,"('41.0445', '29.0053')"
2142,,41.0769548,29.0300571,Istanbul Japanese School,,C,yellow,,,nihonjin gakkō,,Point(29.0300571 41.0769548),9.068,http://www.wikidata.org/entity/Q16850285,3.0,,,https://en.wikipedia.org/wiki/Istanbul_Japanese_School,http://www.wikidata.org/entity/Q8287445,"('41.0769548', '29.0300571')"
2143,,41.1079,28.8757,Cebeci Sport Hall,,C,yellow,,,sports venue,,Point(28.8757 41.1079),14.07,http://www.wikidata.org/entity/Q18712153,3.0,,,https://en.wikipedia.org/wiki/Cebeci_Sport_Hall,http://www.wikidata.org/entity/Q1076486,"('41.1079', '28.8757')"
2144,,41.041379,29.045475,Badawi Tekke of Beylerbeyi,,C,yellow,,,Sufi lodge,,Point(29.045475 41.041379),7.017,http://www.wikidata.org/entity/Q18979885,3.0,,,https://en.wikipedia.org/wiki/Badawi_Tekke_of_Beylerbeyi,http://www.wikidata.org/entity/Q833913,"('41.041379', '29.045475')"
2146,,41.075583333333,29.027638888889,Ilhan Selçuk and the Enlightenment Instigators of the Republic Monument,,C,yellow,,,monument,,Point(29.027638888 41.075583333),8.835,http://www.wikidata.org/entity/Q19613704,3.0,,,https://en.wikipedia.org/wiki/Ilhan_Sel%C3%A7uk_and_the_Enlightenment_Instigators_of_the_Republic_Monument,http://www.wikidata.org/entity/Q4989906,"('41.075583333333', '29.027638888889')"
2147,,41.0123787,28.9832592,Tower of Justice,,C,yellow,,,tower,,Point(28.9832592 41.0123787),0.91,http://www.wikidata.org/entity/Q20470393,3.0,,,,http://www.wikidata.org/entity/Q12518,"('41.0123787', '28.9832592')"
2148,,41.024862,29.0390278,The Feeler,,C,yellow,,,sculpture,,Point(29.0390278 41.024862),5.683,http://www.wikidata.org/entity/Q20470443,3.0,,,https://en.wikipedia.org/wiki/The_Feeler,http://www.wikidata.org/entity/Q860861,"('41.024862', '29.0390278')"
2149,,41.12,28.999444444444,Ayazağa,,C,yellow,,,mahalle,,Point(28.999444444 41.12),12.787,http://www.wikidata.org/entity/Q20470934,3.0,,,,http://www.wikidata.org/entity/Q17051044,"('41.12', '28.999444444444')"
2150,,41.020897,29.031081,Surp Garabet Church,,C,yellow,,,church building,,Point(29.031081 41.020897),4.905,http://www.wikidata.org/entity/Q20471257,3.0,,,,http://www.wikidata.org/entity/Q16970,"('41.020897', '29.031081')"
2151,,41.024812,29.030601,Surp Haç Church,,C,yellow,,,church building,,Point(29.030601 41.024812),5.028,http://www.wikidata.org/entity/Q20471279,3.0,,,,http://www.wikidata.org/entity/Q16970,"('41.024812', '29.030601')"
2152,,41.089583333333,29.055638888889,Surp Santuht Church,,C,yellow,,,church building,,Point(29.055638888 41.089583333),11.416,http://www.wikidata.org/entity/Q20471308,3.0,,,,http://www.wikidata.org/entity/Q16970,"('41.089583333333', '29.055638888889')"
2153,,40.99,28.857,Bakırköy Women's Prison,,C,yellow,,,prison,,Point(28.857 40.99),10.14,http://www.wikidata.org/entity/Q20471518,3.0,,,https://en.wikipedia.org/wiki/Bak%C4%B1rk%C3%B6y_Women%27s_Prison,http://www.wikidata.org/entity/Q40357,"('40.99', '28.857')"
2154,,41.022027777778,28.975194444444,Karaköy Mosque,,C,yellow,,,mosque,,Point(28.975194444 41.022027777),1.741,http://www.wikidata.org/entity/Q20471723,3.0,,,,http://www.wikidata.org/entity/Q32815,"('41.022027777778', '28.975194444444')"
2155,,41.049944444444,28.927611111111,Q20471968,,C,yellow,,,church building,,Point(28.927611111 41.049944444),6.313,http://www.wikidata.org/entity/Q20471968,3.0,,,,http://www.wikidata.org/entity/Q16970,"('41.049944444444', '28.927611111111')"
2156,,41.021777777778,28.926861111111,Saint Nicholas Armenian Church,,C,yellow,,,church building,,Point(28.926861111 41.021777777),4.454,http://www.wikidata.org/entity/Q20472922,3.0,,,,http://www.wikidata.org/entity/Q16970,"('41.021777777778', '28.926861111111')"
2157,,40.994735,28.929765,Surp Hovhannes Ermeni Kilisesi (Narlıkapı),,C,yellow,,,church building,,Point(28.929765 40.994735),4.08,http://www.wikidata.org/entity/Q20473393,3.0,,,,http://www.wikidata.org/entity/Q16970,"('40.994735', '28.929765')"
2158,,41.003666666667,28.966055555556,Surp Harutyun Ermeni Kilisesi (Fatih),,C,yellow,,,church building,,Point(28.966055555 41.003666666),0.877,http://www.wikidata.org/entity/Q20473505,3.0,,,,http://www.wikidata.org/entity/Q16970,"('41.003666666667', '28.966055555556')"
2159,,41.02825,29.0415,Abdülmecid Efendi Köşkü,,C,yellow,,,pavilion,,Point(29.0415 41.02825),6.019,http://www.wikidata.org/entity/Q20474003,3.0,,,,http://www.wikidata.org/entity/Q276173,"('41.02825', '29.0415')"
2161,,41.049796,29.023031,Q20474293,,C,yellow,,,church building,,Point(29.023031 41.049796),6.241,http://www.wikidata.org/entity/Q20474293,3.0,,,,http://www.wikidata.org/entity/Q16970,"('41.049796', '29.023031')"
2162,,41.016695372012,28.973883959742,Hidayet Mosque,,C,yellow,,,architectural structure,,Point(28.973883959 41.016695372),1.159,http://www.wikidata.org/entity/Q20474894,3.0,,,https://en.wikipedia.org/wiki/Hidayet_Mosque,http://www.wikidata.org/entity/Q811979,"('41.016695372012', '28.973883959742')"
2165,,40.98194444,29.025,All Saints Church,,C,yellow,,,church building,,Point(29.025 40.98194444),4.938,http://www.wikidata.org/entity/Q20476315,3.0,,,,http://www.wikidata.org/entity/Q16970,"('40.98194444', '29.025')"
2166,,41.053338888889,28.995,American Hospital,,C,yellow,,,private hospital,,Point(28.995 41.053338888),5.462,http://www.wikidata.org/entity/Q20476459,3.0,,,https://en.wikipedia.org/wiki/American_Hospital_(Istanbul),http://www.wikidata.org/entity/Q4284971,"('41.053338888889', '28.995')"
2167,,40.976805555556,28.87475,Dzınunt Surp Asdvadzadzni Armenian Church,,C,yellow,,,church building,,Point(28.87475 40.976805555),9.102,http://www.wikidata.org/entity/Q20476828,3.0,,,,http://www.wikidata.org/entity/Q16970,"('40.976805555556', '28.87475')"
2168,,41.117167,29.062207,Q20476970,,C,yellow,,,church building,,Point(29.062207 41.117167),14.287,http://www.wikidata.org/entity/Q20476970,3.0,,,,http://www.wikidata.org/entity/Q16970,"('41.117167', '29.062207')"
2169,,40.956916666667,28.820527777778,Yeşilköy Surp Stepanos Church,,C,yellow,,,church building,,Point(28.820527777 40.956916666),14.152,http://www.wikidata.org/entity/Q20477010,3.0,,,,http://www.wikidata.org/entity/Q16970,"('40.956916666667', '28.820527777778')"
2170,,41.118055555556,29.046944444444,"Consulate General of the United States, Istanbul",,C,yellow,,,consulate general,,Point(29.046944444 41.118055555),13.773,http://www.wikidata.org/entity/Q20988546,3.0,,,"https://en.wikipedia.org/wiki/Consulate_General_of_the_United_States,_Istanbul",http://www.wikidata.org/entity/Q372690,"('41.118055555556', '29.046944444444')"
2171,,41.008606,28.98147,Q21097852,,C,yellow,,,city gate,,Point(28.98147 41.008606),0.531,http://www.wikidata.org/entity/Q21097852,3.0,,,,http://www.wikidata.org/entity/Q82117,"('41.008606', '28.98147')"
2173,,41.02318,28.97542,Karaköy Palas,,C,yellow,,,building,,Point(28.97542 41.02318),1.868,http://www.wikidata.org/entity/Q21278766,3.0,,,,http://www.wikidata.org/entity/Q41176,"('41.02318', '28.97542')"
2176,,41.0208532,29.0376002,Marmara İlahiyat Mosque,,C,yellow,,,mosque,,Point(29.0376002 41.0208532),5.423,http://www.wikidata.org/entity/Q21526567,3.0,,,,http://www.wikidata.org/entity/Q32815,"('41.0208532', '29.0376002')"
2177,,41.108055555556,28.893333333333,2012 Sultangazi attack,,C,yellow,,,suicide attack,,Point(28.893333333 41.108055555),13.255,http://www.wikidata.org/entity/Q21682476,3.0,,,https://en.wikipedia.org/wiki/2012_Istanbul_suicide_bombing,http://www.wikidata.org/entity/Q217327,"('41.108055555556', '28.893333333333')"
2179,,41.030556,28.803056,Yahya Kemal Beyatli Performance Center,,C,yellow,,,event venue,,Point(28.803056 41.030556),14.745,http://www.wikidata.org/entity/Q23902800,3.0,,,,http://www.wikidata.org/entity/Q18674739,"('41.030556', '28.803056')"
2180,,41.01069,28.97727,Hacı Beşir Ağa Mosque,,C,yellow,,,mosque,,Point(28.97727 41.01069),0.493,http://www.wikidata.org/entity/Q24897657,3.0,,,https://en.wikipedia.org/wiki/Hac%C4%B1_Be%C5%9Fir_A%C4%9Fa_Mosque,http://www.wikidata.org/entity/Q32815,"('41.01069', '28.97727')"
2181,,40.9907767,29.0250907,Agia Efimia church (Turkey),,C,yellow,,,cathedral,,Point(29.0250907 40.9907767),4.48,http://www.wikidata.org/entity/Q25404984,3.0,,,,http://www.wikidata.org/entity/Q2977,"('40.9907767', '29.0250907')"
2183,,41.025166666667,29.034583333333,Vakıfbank Spor Sarayı,,C,yellow,,,sports venue,,Point(29.034583333 41.025166666),5.35,http://www.wikidata.org/entity/Q25472492,3.0,,,https://en.wikipedia.org/wiki/Vak%C4%B1fBank_Sports_Palace,http://www.wikidata.org/entity/Q1076486,"('41.025166666667', '29.034583333333')"
2184,,41.02721944,28.980475,Karabaş Mustafa Ağa Mosque,,C,yellow,,,building,,Point(28.980475 41.02721944),2.349,http://www.wikidata.org/entity/Q25472930,3.0,,,,http://www.wikidata.org/entity/Q41176,"('41.02721944', '28.980475')"
2185,,41.042277777778,28.980222222222,Panayia Evangelistria Greek Orthodox Church,,C,yellow,,,church building,,Point(28.980222222 41.042277777),4.008,http://www.wikidata.org/entity/Q25474081,3.0,,,,http://www.wikidata.org/entity/Q16970,"('41.042277777778', '28.980222222222')"
2186,,41.052111,29.024194,Q25474126,,C,yellow,,,church building,,Point(29.024194 41.052111),6.503,http://www.wikidata.org/entity/Q25474126,3.0,,,,http://www.wikidata.org/entity/Q16970,"('41.052111', '29.024194')"
2187,,41.06805556,29.04333333,Arnavutköy Tahsiarhis Greek Church,,C,yellow,,,architectural structure,,Point(29.04333333 41.06805556),8.89,http://www.wikidata.org/entity/Q25474782,3.0,,,,http://www.wikidata.org/entity/Q811979,"('41.06805556', '29.04333333')"
2189,,41.042027777778,29.039527777778,Beylerbeyi Palace Tunnel,,C,yellow,,,tunnel,,Point(29.039527777 41.042027777),6.65,http://www.wikidata.org/entity/Q26944905,3.0,,,https://en.wikipedia.org/wiki/Beylerbeyi_Palace_Tunnel,http://www.wikidata.org/entity/Q44377,"('41.042027777778', '29.039527777778')"
2190,,41.10303,29.05607,Emirgan Pier,,C,yellow,,,pier,,Point(29.05607 41.10303),12.677,http://www.wikidata.org/entity/Q28220050,3.0,,,https://en.wikipedia.org/wiki/Emirgan_Pier,http://www.wikidata.org/entity/Q863454,"('41.10303', '29.05607')"
2191,,41.08817,29.01819,İsmet İnönü Stadium,,C,yellow,,,venue,,Point(29.01819 41.08817),9.762,http://www.wikidata.org/entity/Q28222110,3.0,,,https://en.wikipedia.org/wiki/%C4%B0smet_%C4%B0n%C3%B6n%C3%BC_Stadium,http://www.wikidata.org/entity/Q17350442,"('41.08817', '29.01819')"
2192,,41.104722222222,29.026111111111,Natural History Museum of İhsan Ketin,,C,yellow,,,natural history museum,,Point(29.026111111 41.104722222),11.718,http://www.wikidata.org/entity/Q28222180,3.0,,,https://en.wikipedia.org/wiki/Natural_History_Museum_of_%C4%B0hsan_Ketin,http://www.wikidata.org/entity/Q1970365,"('41.104722222222', '29.026111111111')"
2193,,41.019355,28.958868,Şepsefa Hatun Mosque,,C,yellow,,,architectural structure,,Point(28.958868 41.019355),2.029,http://www.wikidata.org/entity/Q31190650,3.0,,,,http://www.wikidata.org/entity/Q811979,"('41.019355', '28.958868')"
2196,,40.984915074261,29.042121658884,Kızıltoprak railway station,,C,yellow,,,former railway station,,Point(29.042121658 40.984915074),6.05,http://www.wikidata.org/entity/Q43398831,3.0,,,https://en.wikipedia.org/wiki/K%C4%B1z%C4%B1ltoprak_railway_station,http://www.wikidata.org/entity/Q4663385,"('40.984915074261', '29.042121658884')"
2199,,41.0661,29.013,Zincirlikuyu,,C,yellow,,,bus stop,,Point(29.013 41.0661),7.334,http://www.wikidata.org/entity/Q48802632,3.0,,,https://en.wikipedia.org/wiki/Zincirlikuyu_(Metrobus),http://www.wikidata.org/entity/Q953806,"('41.0661', '29.013')"
2202,,40.991425657111,29.037872777345,Söğütlüçeşme,,C,yellow,,,bus stop,,Point(29.037872777 40.991425657),5.462,http://www.wikidata.org/entity/Q48802642,3.0,,,https://en.wikipedia.org/wiki/S%C3%B6%C4%9F%C3%BCtl%C3%BC%C3%A7e%C5%9Fme_(Metrobus),http://www.wikidata.org/entity/Q953806,"('40.991425657111', '29.037872777345')"
2206,,41.016263628133,28.910661361217,Cevizlibağ,,C,yellow,,,bus stop,,Point(28.910661361 41.016263628),5.58,http://www.wikidata.org/entity/Q48802659,3.0,,,https://en.wikipedia.org/wiki/Cevizliba%C4%9F_(Metrobus),http://www.wikidata.org/entity/Q953806,"('41.016263628133', '28.910661361217')"
2209,,41.06692321342,28.991043714618,Mecidiyeköy,,C,yellow,,,bus stop,,Point(28.991043714 41.066923213),6.851,http://www.wikidata.org/entity/Q48802674,3.0,,,https://en.wikipedia.org/wiki/Mecidiyek%C3%B6y_(Metrobus),http://www.wikidata.org/entity/Q953806,"('41.06692321342', '28.991043714618')"
2212,,40.997890038803,28.872674350312,İncirli,,C,yellow,,,bus stop,,Point(28.87267435 40.997890038),8.711,http://www.wikidata.org/entity/Q48802714,3.0,,,https://en.wikipedia.org/wiki/%C4%B0ncirli_(Metrobus),http://www.wikidata.org/entity/Q953806,"('40.997890038803', '28.872674350312')"
2215,,41.067339427752,28.980866363851,Çağlayan,,C,yellow,,,bus stop,,Point(28.980866363 41.067339427),6.791,http://www.wikidata.org/entity/Q48802722,3.0,,,https://en.wikipedia.org/wiki/%C3%87a%C4%9Flayan_(Metrobus),http://www.wikidata.org/entity/Q953806,"('41.067339427752', '28.980866363851')"
2218,,41.021588857252,29.048532997593,Altunizade,,C,yellow,,,bus stop,,Point(29.048532997 41.021588857),6.326,http://www.wikidata.org/entity/Q48802746,3.0,,,https://en.wikipedia.org/wiki/Altunizade_(Metrobus),http://www.wikidata.org/entity/Q953806,"('41.021588857252', '29.048532997593')"
2221,,41.015107111735,29.056430669696,Acıbadem,,C,yellow,,,bus stop,,Point(29.056430669 41.015107111),6.828,http://www.wikidata.org/entity/Q48802815,3.0,,,https://en.wikipedia.org/wiki/Ac%C4%B1badem_(Metrobus),http://www.wikidata.org/entity/Q953806,"('41.015107111735', '29.056430669696')"
2223,,41.002186735372,28.956353019013,İDO Yenikapı Terminal,,C,yellow,,,pier,,Point(28.956353019 41.002186735),1.703,http://www.wikidata.org/entity/Q48803980,3.0,,,https://en.wikipedia.org/wiki/Yenikap%C4%B1_Ferry_Terminal,http://www.wikidata.org/entity/Q863454,"('41.002186735372', '28.956353019013')"
2225,,41.0228,28.974,Karaköy (Tünel),,C,yellow,,,interchange station,,Point(28.974 41.0228),1.832,http://www.wikidata.org/entity/Q48805491,3.0,,,https://en.wikipedia.org/wiki/Karak%C3%B6y_(T%C3%BCnel),http://www.wikidata.org/entity/Q1147171,"('41.0228', '28.974')"
2230,,41.029973140716,28.973360993474,Palazzo Corpi,,C,yellow,,,architectural structure,,Point(28.973360993 41.02997314),2.632,http://www.wikidata.org/entity/Q48814467,3.0,,,https://en.wikipedia.org/wiki/Palazzo_Corpi,http://www.wikidata.org/entity/Q811979,"('41.029973140716', '28.973360993474')"
2232,,41.034889,28.9761204,"Melkite Greek Catholic Cathedral, Istanbul",,C,yellow,,,church building,,Point(28.9761204 41.034889),3.17,http://www.wikidata.org/entity/Q48969579,3.0,,,"https://en.wikipedia.org/wiki/Holy_Trinity_Greek_Catholic_Cathedral,_Istanbul",http://www.wikidata.org/entity/Q16970,"('41.034889', '28.9761204')"
2233,,41.0472,28.9375,Eyüpsultan Pier,,C,yellow,,,pier,,Point(28.9375 41.0472),5.564,http://www.wikidata.org/entity/Q48989383,3.0,,,https://en.wikipedia.org/wiki/Ey%C3%BCp_Pier,http://www.wikidata.org/entity/Q863454,"('41.0472', '28.9375')"
2234,,41.0276,29.0152,Üsküdar Ferry Terminal,,C,yellow,,,pier,,Point(29.0152 41.0276),4.056,http://www.wikidata.org/entity/Q48989380,3.0,,,https://en.wikipedia.org/wiki/%C3%9Csk%C3%BCdar_Ferry_Terminal,http://www.wikidata.org/entity/Q863454,"('41.0276', '29.0152')"
2236,,41.0466,28.9407,Sütlüce Pier,,C,yellow,,,pier,,Point(28.9407 41.0466),5.357,http://www.wikidata.org/entity/Q48989385,3.0,,,https://en.wikipedia.org/wiki/S%C3%BCtl%C3%BCce_Pier,http://www.wikidata.org/entity/Q863454,"('41.0466', '28.9407')"
2237,,41.0217,28.9767,Karaköy Pier,,C,yellow,,,pier,,Point(28.9767 41.0217),1.705,http://www.wikidata.org/entity/Q48989410,3.0,,,https://en.wikipedia.org/wiki/Karak%C3%B6y_Pier,http://www.wikidata.org/entity/Q863454,"('41.0217', '28.9767')"
2238,,40.990918496216,29.018706931104,İDO Kadıköy Terminal,,C,yellow,,,pier,,Point(29.018706931 40.990918496),3.985,http://www.wikidata.org/entity/Q48989448,3.0,,,https://en.wikipedia.org/wiki/Kad%C4%B1k%C3%B6y_Ferry_Terminal,http://www.wikidata.org/entity/Q863454,"('40.990918496216', '29.018706931104')"
2240,,41.081777777778,29.008861111111,Consulate-General of Japan in Istanbul,,C,yellow,,,consulate general,,Point(29.008861111 41.081777777),8.828,http://www.wikidata.org/entity/Q49572471,3.0,,,,http://www.wikidata.org/entity/Q372690,"('41.081777777778', '29.008861111111')"
2241,,41.03206591339,29.046951884801,Burhaniye,,C,yellow,,,bus stop,,Point(29.046951884 41.032065913),6.612,http://www.wikidata.org/entity/Q60753015,3.0,,,https://en.wikipedia.org/wiki/Burhaniye_(Metrobus),http://www.wikidata.org/entity/Q953806,"('41.03206591339', '29.046951884801')"
2243,,40.99434,28.878777,"Camera Museum, İstanbul",,C,yellow,,,tourist attraction,,Point(28.878777 40.99434),8.257,http://www.wikidata.org/entity/Q61852762,3.0,,,"https://en.wikipedia.org/wiki/Camera_Museum,_Istanbul",http://www.wikidata.org/entity/Q570116,"('40.99434', '28.878777')"
2245,,41.028916666667,28.974972222222,Consulate General of Sweden in Istanbul,,C,yellow,,,consulate general,,Point(28.974972222 41.028916666),2.507,http://www.wikidata.org/entity/Q64868083,3.0,,,,http://www.wikidata.org/entity/Q372690,"('41.028916666667', '28.974972222222')"
2247,,40.9853787,29.0337,Yoğurtçu Park,,C,yellow,,,park,,Point(29.0337 40.9853787),5.386,http://www.wikidata.org/entity/Q65219450,3.0,,,https://en.wikipedia.org/wiki/Yo%C4%9Furt%C3%A7u_Park,http://www.wikidata.org/entity/Q22698,"('40.9853787', '29.0337')"
2248,,41.053887873165,28.880007021754,Esenler Stadium,,C,yellow,,,stadium,,Point(28.880007021 41.053887873),9.621,http://www.wikidata.org/entity/Q72284933,3.0,,,https://en.wikipedia.org/wiki/Esenler_Stadium,http://www.wikidata.org/entity/Q483110,"('41.053887873165', '28.880007021754')"
2251,,41.05292,29.00128,Fulya Hakkı Yeten Facility,,C,yellow,,,association football venue,,Point(29.00128 41.05292),5.596,http://www.wikidata.org/entity/Q85116968,3.0,,,https://en.wikipedia.org/wiki/Fulya_Hakk%C4%B1_Yeten_Facility,http://www.wikidata.org/entity/Q1154710,"('41.05292', '29.00128')"
2252,,40.980219297387,28.856188156606,Ataköy railway station,,C,yellow,,,interchange station,,Point(28.856188156 40.980219297),10.457,http://www.wikidata.org/entity/Q92214307,3.0,,,,http://www.wikidata.org/entity/Q1147171,"('40.980219297387', '28.856188156606')"
2255,,41.058194444444,28.98075,Ara Güler Museum,,C,yellow,,,museum,,Point(28.98075 41.058194444),5.776,http://www.wikidata.org/entity/Q96756361,3.0,,,https://en.wikipedia.org/wiki/Ara_G%C3%BCler_Museum,http://www.wikidata.org/entity/Q33506,"('41.058194444444', '28.98075')"
2256,,41.012068119217,28.978393712262,Gülhane,,C,yellow,,,tram stop,,Point(28.978393712 41.012068119),0.667,http://www.wikidata.org/entity/Q97218410,3.0,,,,http://www.wikidata.org/entity/Q2175765,"('41.012068119217', '28.978393712262')"
2258,,41.0564788,28.9515536,Istanbul Health and Technology University,,C,yellow,,,university,,Point(28.9515536 41.0564788),5.932,http://www.wikidata.org/entity/Q97320401,3.0,,,https://en.wikipedia.org/wiki/Istanbul_Health_and_Technology_University,http://www.wikidata.org/entity/Q3918,"('41.0564788', '28.9515536')"
2259,,40.991211111111,29.028025111111,Halid Ağa Çeşmesi,,C,yellow,,,fountain,,Point(29.028025111 40.991211111),4.69,http://www.wikidata.org/entity/Q97368741,3.0,,,,http://www.wikidata.org/entity/Q483453,"('40.991211111111', '29.028025111111')"
2260,,41.097182771343,29.052237268223,Baltalimanı Japanese Garden,,C,yellow,,,park,,Point(29.052237268 41.097182771),11.956,http://www.wikidata.org/entity/Q97387997,3.0,,,,http://www.wikidata.org/entity/Q22698,"('41.097182771343', '29.052237268223')"
2261,,41.03444444,29.03027778,"Agios Panteleimonas Greek Orthodox Church, Kuzguncuk",,C,yellow,,,church building,,Point(29.03027778 41.03444444),5.529,http://www.wikidata.org/entity/Q97403030,3.0,,,"https://en.wikipedia.org/wiki/Agios_Panteleimonas_Greek_Orthodox_Church,_Kuzguncuk",http://www.wikidata.org/entity/Q16970,"('41.03444444', '29.03027778')"
2262,,40.990446,29.029167,Kadıköy Bull Statue,,C,yellow,,,statue,,Point(29.029167 40.990446),4.811,http://www.wikidata.org/entity/Q97709411,3.0,,,https://en.wikipedia.org/wiki/Kad%C4%B1k%C3%B6y_bull_statue,http://www.wikidata.org/entity/Q179700,"('40.990446', '29.029167')"
2263,,41.024965023042,28.968932066802,Walls of Galata,,C,yellow,,,defensive wall,,Point(28.968932066 41.024965023),2.147,http://www.wikidata.org/entity/Q105078358,3.0,,,,http://www.wikidata.org/entity/Q57346,"('41.024965023042', '28.968932066802')"
2271,,41.043503630556,29.007342538889,Beşiktaş,,C,yellow,,,interchange station,,Point(29.007342538 41.04350363),4.9,http://www.wikidata.org/entity/Q107050619,3.0,,,https://en.wikipedia.org/wiki/Be%C5%9Fikta%C5%9F_(Istanbul_Metro),http://www.wikidata.org/entity/Q1147171,"('41.043503630556', '29.007342538889')"
2278,,40.979932574085,28.856216652268,Ataköy,,C,yellow,,,interchange station,,Point(28.856216652 40.979932574),10.464,http://www.wikidata.org/entity/Q107050646,3.0,,,https://en.wikipedia.org/wiki/Atak%C3%B6y_(Istanbul_Metro),http://www.wikidata.org/entity/Q1147171,"('40.979932574085', '28.856216652268')"
2282,,40.981695249149,28.874094470388,Özgürlük Meydanı,,C,yellow,,,interchange station,,Point(28.87409447 40.981695249),8.972,http://www.wikidata.org/entity/Q107050644,3.0,,,https://en.wikipedia.org/wiki/%C3%96zg%C3%BCrl%C3%BCk_Meydan%C4%B1_(Istanbul_Metro),http://www.wikidata.org/entity/Q1147171,"('40.981695249149', '28.874094470388')"
2285,,40.973642513838,28.867774157493,Bakırköy Sahil,,C,yellow,,,interchange station,,Point(28.867774157 40.973642513),9.775,http://www.wikidata.org/entity/Q107050645,3.0,,,https://en.wikipedia.org/wiki/Bak%C4%B1rk%C3%B6y_Sahil_(Istanbul_Metro),http://www.wikidata.org/entity/Q1147171,"('40.973642513838', '28.867774157493')"
2288,,41.028332,28.80854,Papaz Bridge,,C,yellow,,,bridge,,Point(28.80854 41.028332),14.249,http://www.wikidata.org/entity/Q109182686,3.0,,,,http://www.wikidata.org/entity/Q12280,"('41.028332', '28.80854')"
2289,,41.06216,28.87771,15 Temmuz,,C,yellow,,,mahalle,,Point(28.87771 41.06216),10.308,http://www.wikidata.org/entity/Q109386148,3.0,,,,http://www.wikidata.org/entity/Q17051044,"('41.06216', '28.87771')"
2290,,41.0370239,28.8802419,Nine Hatun,,C,yellow,,,mahalle,,Point(28.8802419 41.0370239),8.716,http://www.wikidata.org/entity/Q109386362,3.0,,,,http://www.wikidata.org/entity/Q17051044,"('41.0370239', '28.8802419')"
2291,,41.0352866,28.8925614,Yavuz Selim,,C,yellow,,,mahalle,,Point(28.8925614 41.0352866),7.692,http://www.wikidata.org/entity/Q109386363,3.0,,,,http://www.wikidata.org/entity/Q17051044,"('41.0352866', '28.8925614')"
2292,,41.0311027,28.8955728,Namık Kemal,,C,yellow,,,mahalle,,Point(28.8955728 41.0311027),7.276,http://www.wikidata.org/entity/Q109386360,3.0,,,,http://www.wikidata.org/entity/Q17051044,"('41.0311027', '28.8955728')"
2293,,41.0614133,28.8642849,Turgut Reis,,C,yellow,,,mahalle,,Point(28.8642849 41.0614133),11.182,http://www.wikidata.org/entity/Q109387108,3.0,,,,http://www.wikidata.org/entity/Q17051044,"('41.0614133', '28.8642849')"
2294,,41.0387523,28.883188,Fevzi Çakmak,,C,yellow,,,mahalle,,Point(28.883188 41.0387523),8.568,http://www.wikidata.org/entity/Q109962022,3.0,,,,http://www.wikidata.org/entity/Q17051044,"('41.0387523', '28.883188')"
2295,,41.043386,28.8674705,Fatih,,C,yellow,,,mahalle,,Point(28.8674705 41.043386),9.981,http://www.wikidata.org/entity/Q109962021,3.0,,,,http://www.wikidata.org/entity/Q17051044,"('41.043386', '28.8674705')"
2296,,41.0358974,28.8848756,Mimar Sinan,,C,yellow,,,mahalle,,Point(28.8848756 41.0358974),8.309,http://www.wikidata.org/entity/Q109962024,3.0,,,,http://www.wikidata.org/entity/Q17051044,"('41.0358974', '28.8848756')"
2299,,41.0325409,28.9752498,Grand Hotel de Londres,,C,yellow,,,building,,Point(28.9752498 41.0325409),2.909,http://www.wikidata.org/entity/Q111811874,3.0,,,,http://www.wikidata.org/entity/Q41176,"('41.0325409', '28.9752498')"
2300,,40.996943245723,29.011501977744,Haydarpaşa Breakwater,,C,yellow,,,obelisk,,Point(29.011501977 40.996943245),3.169,http://www.wikidata.org/entity/Q111978995,3.0,,,https://en.wikipedia.org/wiki/Haydarpa%C5%9Fa_Breakwater,http://www.wikidata.org/entity/Q170980,"('40.996943245723', '29.011501977744')"
2303,,41.027416666667,28.971472222222,Frej Apartment,,C,yellow,,,apartment,,Point(28.971472222 41.027416666),2.368,http://www.wikidata.org/entity/Q112845251,3.0,,,,http://www.wikidata.org/entity/Q188507,"('41.027416666667', '28.971472222222')"
2313,,41.025062397186,28.81661756976,Mimar Sinan (M1),,C,yellow,,,interchange station,,Point(28.816617569 41.025062397),13.521,http://www.wikidata.org/entity/Q113518794,3.0,,,https://en.wikipedia.org/wiki/Mimar_Sinan_(Istanbul_Metro),http://www.wikidata.org/entity/Q1147171,"('41.025062397186', '28.81661756976')"
2315,,40.978953244183,29.025058198598,Moda Pier,,C,yellow,,,wharf,,Point(29.0251396 40.9788767),5.143,http://www.wikidata.org/entity/Q114871544,3.0,,,,http://www.wikidata.org/entity/Q828909,"('40.978953244183', '29.025058198598')"
2323,,40.987416666667,29.028527777778,Q115630149,,C,yellow,,,hammam,,Point(29.028527777 40.987416666),4.896,http://www.wikidata.org/entity/Q115630149,3.0,,,,http://www.wikidata.org/entity/Q28077,"('40.987416666667', '29.028527777778')"
2324,,41.0170135,28.9596119,Shaykh Ebu'l Vefa Mosque,,C,yellow,,,külliye,,Point(28.9596119 41.0170135),1.805,http://www.wikidata.org/entity/Q115943747,3.0,,,,http://www.wikidata.org/entity/Q71974,"('41.0170135', '28.9596119')"
2328,,41.009861111111,28.987222222222,Pearl Kiosk,,C,yellow,,,pavilion,,Point(28.987222222 41.009861111),1.028,http://www.wikidata.org/entity/Q116701696,3.0,,,https://en.wikipedia.org/wiki/Pearl_Kiosk,http://www.wikidata.org/entity/Q276173,"('41.009861111111', '28.987222222222')"
2333,,41.017863515819,28.971836634788,Eminönü Transfer Center,,C,yellow,,,interchange station,,Point(28.971836634 41.017863515),1.321,http://www.wikidata.org/entity/Q117459634,3.0,,,,http://www.wikidata.org/entity/Q1147171,"('41.017863515819', '28.971836634788')"
2334,,41.028132981107,28.935711648281,Q118496035,,C,yellow,,,church building,,Point(28.935711648 41.028132981),4.147,http://www.wikidata.org/entity/Q118496035,3.0,,,,http://www.wikidata.org/entity/Q16970,"('41.028132981107', '28.935711648281')"
2335,,41.0160735,28.9535594,Istanbul Fire Department,,C,yellow,,,fire department,,Point(28.9535594 41.0160735),2.16,http://www.wikidata.org/entity/Q118946594,3.0,,,https://en.wikipedia.org/wiki/Istanbul_Fire_Department,http://www.wikidata.org/entity/Q6498663,"('41.0160735', '28.9535594')"
2336,,41.006477,28.975341,Hagia Sophia History and Experience Museum,,C,yellow,,,architectural structure,,Point(28.975341 41.006477),0.046,http://www.wikidata.org/entity/Q118955710,3.0,,,,http://www.wikidata.org/entity/Q811979,"('41.006477', '28.975341')"
2337,,41.027844323135,28.956346641149,Aya kapi,,C,yellow,,,city gate,,Point(28.956346641 41.027844323),2.895,http://www.wikidata.org/entity/Q121423111,3.0,,,,http://www.wikidata.org/entity/Q82117,"('41.027844323135', '28.956346641149')"
2338,,41.03906,29.04592,Pendik Çamlık Spor,,C,yellow,,,women's association football club,,Point(29.04592 41.03906),6.909,http://www.wikidata.org/entity/Q121717636,3.0,,,https://en.wikipedia.org/wiki/Beylerbeyi_S.K._(women%27s_football),http://www.wikidata.org/entity/Q51481377,"('41.03906', '29.04592')"
2339,,40.96055,28.83131,Yeşilköy Mecidiye Mosque,,C,yellow,,,architectural structure,,Point(28.83131 40.96055),13.161,http://www.wikidata.org/entity/Q123247735,3.0,,,,http://www.wikidata.org/entity/Q811979,"('40.96055', '28.83131')"
2342,,40.9854,29.0337,Statue of Alex,,C,yellow,,,statue,,Point(29.0337 40.9854),5.385,http://www.wikidata.org/entity/Q123583238,3.0,,,https://en.wikipedia.org/wiki/Statue_of_Alex,http://www.wikidata.org/entity/Q179700,"('40.9854', '29.0337')"
2343,,41.00387420516,28.970121130682,Cundi Park,,C,yellow,,,park,,Point(28.97012113 41.003874205),0.557,http://www.wikidata.org/entity/Q123594731,3.0,,,https://en.wikipedia.org/wiki/Cundi_Park,http://www.wikidata.org/entity/Q22698,"('41.00387420516', '28.970121130682')"
2344,,41.0141,28.9756,Hodjapasha Culture Center,,C,yellow,,,venue,,Point(28.9756 41.0141),0.859,http://www.wikidata.org/entity/Q123614320,3.0,,,https://en.wikipedia.org/wiki/Hodjapasha_Culture_Center,http://www.wikidata.org/entity/Q17350442,"('41.0141', '28.9756')"
2345,,41.0146,28.90991,Tercüman Building,,C,yellow,,,architectural structure,,Point(28.90991 41.0146),5.609,http://www.wikidata.org/entity/Q123700141,3.0,,,https://en.wikipedia.org/wiki/Terc%C3%BCman_Building,http://www.wikidata.org/entity/Q811979,"('41.0146', '28.90991')"
2346,,41.016388888889,28.975,Liman Han,,C,yellow,,,architectural structure,,Point(28.975 41.016388888),1.115,http://www.wikidata.org/entity/Q124259402,3.0,,,,http://www.wikidata.org/entity/Q811979,"('41.016388888889', '28.975')"
2348,,41.036416666667,28.99025,Gümüşsuyu Palas,,C,yellow,,,apartment,,Point(28.99025 41.036416666),3.551,http://www.wikidata.org/entity/Q125913197,3.0,,,,http://www.wikidata.org/entity/Q188507,"('41.036416666667', '28.99025')"
2349,,41.043361111111,29.040638888889,Beylerbeyi Palace Sea kiosk,,C,yellow,,,pavilion,,Point(29.040638888 41.043361111),6.814,http://www.wikidata.org/entity/Q126863504,3.0,,,,http://www.wikidata.org/entity/Q276173,"('41.043361111111', '29.040638888889')"
2350,,40.978524,29.084481,Böcekli Mosque,,C,yellow,,,architectural structure,,Point(29.084481 40.978524),9.627,http://www.wikidata.org/entity/Q127418594,3.0,,,https://en.wikipedia.org/wiki/B%C3%B6cekli_Mosque,http://www.wikidata.org/entity/Q811979,"('40.978524', '29.084481')"
2352,,41.023956546145,28.945679610135,Ebezâde Abdullah Efendi Fountain,,C,yellow,,,fountain,,Point(28.94567961 41.023956546),3.199,http://www.wikidata.org/entity/Q131368423,3.0,,,https://en.wikipedia.org/wiki/Ebez%C3%A2de_Abdullah_Efendi_Fountain,http://www.wikidata.org/entity/Q483453,"('41.023956546145', '28.945679610135')"
2353,,41.002,29.11048,CBRT Tower,,C,yellow,,,building,,Point(29.11048 41.002),11.306,http://www.wikidata.org/entity/Q131388493,3.0,,,https://en.wikipedia.org/wiki/CBRT_Tower,http://www.wikidata.org/entity/Q41176,"('41.002', '29.11048')"
2356,,41.010357073819,28.976665552191,Balıkesir Han,,C,yellow,,,building,,Point(28.976665552 41.010357073),0.447,http://www.wikidata.org/entity/Q131920740,3.0,,,,http://www.wikidata.org/entity/Q41176,"('41.010357073819', '28.976665552191')"
2357,,41.106322,29.030619,Abdulhakim Sanjak Mosque,,C,yellow,,,mosque,,Point(29.030619 41.106322),12.023,http://www.wikidata.org/entity/Q132745503,3.0,,,https://en.wikipedia.org/wiki/Abdulhakim_Sanjak_Mosque,http://www.wikidata.org/entity/Q32815,"('41.106322', '29.030619')"
2358,,41.0178,28.963608,Istanbul University Alfred Heilbronn Botanical Garden,,C,yellow,,,botanical garden,,Point(28.963608 41.0178),1.634,http://www.wikidata.org/entity/Q55594541,3.0,,https://de.wikipedia.org/wiki/Botanischer_Garten_Istanbul,,http://www.wikidata.org/entity/Q167346,"('41.0178', '28.963608')"
2359,,41.086,29.012083333333,Consulate General of Saudi Arabia in Istanbul,,C,yellow,,,consulate general,,Point(29.012083333 41.086),9.359,http://www.wikidata.org/entity/Q58498104,3.0,,https://de.wikipedia.org/wiki/Generalkonsulat_des_K%C3%B6nigreichs_Saudi-Arabien_in_Istanbul,,http://www.wikidata.org/entity/Q372690,"('41.086', '29.012083333333')"
2360,,41.0335922,28.9895916,German Archaeological Institute at Istanbul,,C,yellow,,,home,,Point(28.9895916 41.0335922),3.237,http://www.wikidata.org/entity/Q1205539,2.0,,https://de.wikipedia.org/wiki/Deutsches_Arch%C3%A4ologisches_Institut_Istanbul,,http://www.wikidata.org/entity/Q7743,"('41.0335922', '28.9895916')"
2362,,41.03491,28.979697,Emek Sineması,,C,yellow,,,movie theater,,Point(28.979697 41.03491),3.188,http://www.wikidata.org/entity/Q1335287,2.0,,https://de.wikipedia.org/wiki/Emek-Kino_(Istanbul),,http://www.wikidata.org/entity/Q41253,"('41.03491', '28.979697')"
2363,,41.031972222222,28.981111111111,Muhyiddin Çelebi Mosque,,C,yellow,,,architectural structure,,Point(28.981111111 41.031972222),2.879,http://www.wikidata.org/entity/Q6024164,2.0,,https://de.wikipedia.org/wiki/Muhyiddin-Molla-Fenari-Moschee,,http://www.wikidata.org/entity/Q811979,"('41.031972222222', '28.981111111111')"
2367,,41.0335,28.9842,Taksim German Hospital,,C,yellow,,,private hospital,,Point(28.9842 41.0335),3.095,http://www.wikidata.org/entity/Q14956865,2.0,,https://de.wikipedia.org/wiki/Alman_Hastanesi,https://en.wikipedia.org/wiki/Taksim_German_Hospital,http://www.wikidata.org/entity/Q4284971,"('41.0335', '28.9842')"
2370,,41.05,29.0325,Reina,,C,yellow,,,nightclub,,Point(29.0325 41.05),6.789,http://www.wikidata.org/entity/Q28098273,2.0,,https://de.wikipedia.org/wiki/Reina_(Nachtclub),,http://www.wikidata.org/entity/Q622425,"('41.05', '29.0325')"
2371,,40.983333333333,29.033333333333,Siege of Chalcedon,,C,yellow,,,siege,,Point(29.033333333 40.983333333),5.461,http://www.wikidata.org/entity/Q26697102,2.0,,https://de.wikipedia.org/wiki/Schlacht_von_Chalkedon,,http://www.wikidata.org/entity/Q188055,"('40.983333333333', '29.033333333333')"
2372,,41.0341,28.983,Q653070,,C,yellow,,,school building,,Point(28.983 41.0341),3.14,http://www.wikidata.org/entity/Q653070,2.0,,,,http://www.wikidata.org/entity/Q1244442,"('41.0341', '28.983')"
2374,,41.084166666667,29.006388888889,Dubai Towers Istanbul,,C,yellow,,,building,,Point(29.006388888 41.084166666),9.02,http://www.wikidata.org/entity/Q1262932,2.0,,,https://en.wikipedia.org/wiki/Dubai_Towers_Istanbul,http://www.wikidata.org/entity/Q41176,"('41.084166666667', '29.006388888889')"
2375,,41.12696,29.026984,Darüşşafaka,,C,yellow,,,non-governmental organization,,Point(29.026984 41.12696),14.075,http://www.wikidata.org/entity/Q2676582,2.0,,,https://en.wikipedia.org/wiki/Dar%C3%BC%C5%9F%C5%9Fafaka_Society,http://www.wikidata.org/entity/Q79913,"('41.12696', '29.026984')"
2379,,41.000197,28.921859,Q3580499,,C,yellow,,,church building,,Point(28.921859 41.000197),4.584,http://www.wikidata.org/entity/Q3580499,2.0,,,,http://www.wikidata.org/entity/Q16970,"('41.000197', '28.921859')"
2380,,41.058255,28.979834,Babylon Istanbul,,C,yellow,,,concert hall,,Point(28.979834 41.058255),5.777,http://www.wikidata.org/entity/Q4838511,2.0,,,https://en.wikipedia.org/wiki/Babylon_Istanbul,http://www.wikidata.org/entity/Q1060829,"('41.058255', '28.979834')"
2381,,40.99656667,28.83211944,Bahçelievler Stadium,,C,yellow,,,stadium,,Point(28.83211944 40.99656667),12.112,http://www.wikidata.org/entity/Q4843094,2.0,,,https://en.wikipedia.org/wiki/Bah%C3%A7elievler_Stadium,http://www.wikidata.org/entity/Q483110,"('40.99656667', '28.83211944')"
2383,,41.03583333,28.98480556,Changa,,C,yellow,,,restaurant,,Point(28.98480556 41.03583333),3.359,http://www.wikidata.org/entity/Q5071703,2.0,,,https://en.wikipedia.org/wiki/Changa_(restaurant),http://www.wikidata.org/entity/Q11707,"('41.03583333', '28.98480556')"
2384,,41.081306,29.036267,Hünkar,,C,yellow,,,tourist attraction,,Point(28.99306 41.04694),4.735,http://www.wikidata.org/entity/Q5964936,2.0,,,https://en.wikipedia.org/wiki/H%C3%BCnkar_(restaurant),http://www.wikidata.org/entity/Q570116,"('41.081306', '29.036267')"
2392,,41.090777777778,29.06625,Hekimbaşı Salih Efendi Yalısı,,C,yellow,,,yalı,,Point(29.06625 41.090777777),12.062,http://www.wikidata.org/entity/Q6005543,2.0,,,,http://www.wikidata.org/entity/Q2142647,"('41.090777777778', '29.06625')"
2393,,41.082249,29.066183,Komodor Remzi Bey Yalısı,,C,yellow,,,yalı,,Point(29.066183 41.082249),11.337,http://www.wikidata.org/entity/Q6005606,2.0,,,,http://www.wikidata.org/entity/Q2142647,"('41.082249', '29.066183')"
2395,,41.04625,29.047694444444,Hasip Pasha Yalı,,C,yellow,,,yalı,,Point(29.047694444 41.04625),7.48,http://www.wikidata.org/entity/Q6011581,2.0,,,,http://www.wikidata.org/entity/Q2142647,"('41.04625', '29.047694444444')"
2397,,41.012782,28.984476,Audience Chamber,,C,yellow,,,building,,Point(28.984476 41.012782),1.014,http://www.wikidata.org/entity/Q6016576,2.0,,,,http://www.wikidata.org/entity/Q41176,"('41.012782', '28.984476')"
2398,,41.0225,28.972416666667,Kurşunlu Han,,C,yellow,,,caravanserai,,Point(28.972416666 41.0225),1.816,http://www.wikidata.org/entity/Q6017935,2.0,,,,http://www.wikidata.org/entity/Q186347,"('41.0225', '28.972416666667')"
2399,,41.02025,28.963388888889,Mosque with Three Mihrabs,,C,yellow,,,architectural structure,,Point(28.963388888 41.02025),1.864,http://www.wikidata.org/entity/Q6019417,2.0,,,,http://www.wikidata.org/entity/Q811979,"('41.02025', '28.963388888889')"
2402,,40.984583333333,29.047777777778,Tuğlacı Mosque,,C,yellow,,,mosque,,Point(29.047777777 40.984583333),6.503,http://www.wikidata.org/entity/Q6019725,2.0,,,,http://www.wikidata.org/entity/Q32815,"('40.984583333333', '29.047777777778')"
2403,,40.969972222222,29.111277777778,İçerenköy Mosque,,C,yellow,,,architectural structure,,Point(29.111277777 40.969972222),12.064,http://www.wikidata.org/entity/Q6019974,2.0,,,,http://www.wikidata.org/entity/Q811979,"('40.969972222222', '29.111277777778')"
2406,,41.078,28.875,Metris Prison,,C,yellow,,,military prison,,Point(28.875 41.078),11.618,http://www.wikidata.org/entity/Q6020588,2.0,,,https://en.wikipedia.org/wiki/Metris_Prison,http://www.wikidata.org/entity/Q683992,"('41.078', '28.875')"
2407,,40.981040970922,28.873884791298,Bakırköy Özgürlük Square,,C,yellow,,,square,,Point(28.873884791 40.98104097),9.011,http://www.wikidata.org/entity/Q6020788,2.0,,,,http://www.wikidata.org/entity/Q174782,"('40.981040970922', '28.873884791298')"
2408,,41.010811,28.956608,Laleli Çukurçeşme Hanı,,C,yellow,,,building,,Point(28.956608 41.010811),1.69,http://www.wikidata.org/entity/Q6021272,2.0,,,,http://www.wikidata.org/entity/Q41176,"('41.010811', '28.956608')"
2409,,41.010011,28.963256,Bayezid Medresesi,,C,yellow,,,madrasa,,Point(28.963256 41.010011),1.133,http://www.wikidata.org/entity/Q6022084,2.0,,,,http://www.wikidata.org/entity/Q132834,"('41.010011', '28.963256')"
2410,,40.968249,29.078587,Kâzım Karabekir Museum,,C,yellow,,,architectural structure,,Point(29.078587 40.968249),9.607,http://www.wikidata.org/entity/Q6022598,2.0,,,,http://www.wikidata.org/entity/Q811979,"('40.968249', '29.078587')"
2413,,41.0474,28.9299,Eyüp Stadium,,C,yellow,,,association football venue,,Point(28.9299 41.0474),5.973,http://www.wikidata.org/entity/Q6022634,2.0,,,,http://www.wikidata.org/entity/Q1154710,"('41.0474', '28.9299')"
2414,,41.019249,28.935062,Bezmialem Foundation University Faculty of Medicine Hospital,,C,yellow,,,university hospital,,Point(28.935062 41.019249),3.711,http://www.wikidata.org/entity/Q6023719,2.0,,,,http://www.wikidata.org/entity/Q1059324,"('41.019249', '28.935062')"
2416,,41.077844,29.064403,Küçüksu River,,C,yellow,,,river,,Point(29.064403 41.077844),10.875,http://www.wikidata.org/entity/Q6024016,2.0,,,,http://www.wikidata.org/entity/Q4022,"('41.077844', '29.064403')"
2417,,41.0132713,28.9833298,Q6024229,,C,yellow,,,historic building,,Point(28.9833298 41.0132713),0.989,http://www.wikidata.org/entity/Q6024229,2.0,,,,http://www.wikidata.org/entity/Q35112127,"('41.0132713', '28.9833298')"
2418,,41.007911111111,28.944888888889,Cerrah Pasha Mosque,,C,yellow,,,külliye,,Point(28.944888888 41.007911111),2.605,http://www.wikidata.org/entity/Q6024409,2.0,,,,http://www.wikidata.org/entity/Q71974,"('41.007911111111', '28.944888888889')"
2422,,41.001361111111,29.029638888889,İbrahim Ağa Mosque,,C,yellow,,,architectural structure,,Point(29.029638888 41.001361111),4.546,http://www.wikidata.org/entity/Q6024694,2.0,,,,http://www.wikidata.org/entity/Q811979,"('41.001361111111', '29.029638888889')"
2425,,41.035467412398,28.985946288646,Kazancı Mosque,,C,yellow,,,architectural structure,,Point(28.985946288 41.035467412),3.343,http://www.wikidata.org/entity/Q6024844,2.0,,,,http://www.wikidata.org/entity/Q811979,"('41.035467412398', '28.985946288646')"
2429,,41.016,28.951555555556,Dülgerzade Mosque,,C,yellow,,,architectural structure,,Point(28.951555555 41.016),2.303,http://www.wikidata.org/entity/Q6025870,2.0,,,,http://www.wikidata.org/entity/Q811979,"('41.016', '28.951555555556')"
2432,,41.083843,29.066799,Rıza Bey Yalısı,,C,yellow,,,yalı,,Point(29.066799 41.083843),11.503,http://www.wikidata.org/entity/Q6025910,2.0,,,,http://www.wikidata.org/entity/Q2142647,"('41.083843', '29.066799')"
2434,,40.97666667,29.08277778,Ziverbey Villa,,C,yellow,,,pavilion,,Point(29.08277778 40.97666667),9.561,http://www.wikidata.org/entity/Q6026726,2.0,,,https://en.wikipedia.org/wiki/Ziverbey_Villa,http://www.wikidata.org/entity/Q276173,"('40.97666667', '29.08277778')"
2436,,41.020083333333,28.946361111111,Emir Buhari Mosque,,C,yellow,,,architectural structure,,Point(28.946361111 41.020083333),2.907,http://www.wikidata.org/entity/Q6027114,2.0,,,,http://www.wikidata.org/entity/Q811979,"('41.020083333333', '28.946361111111')"
2439,,41.02615,29.024819444444,Bülbüldere Cemetery,,C,yellow,,,cemetery,,Point(29.024819444 41.02615),4.658,http://www.wikidata.org/entity/Q6028021,2.0,,,,http://www.wikidata.org/entity/Q39614,"('41.02615', '29.024819444444')"
2440,,41.01166667,28.95527778,Kemalpasha Mosque,,C,yellow,,,architectural structure,,Point(28.95527778 41.01166667),1.825,http://www.wikidata.org/entity/Q6028049,2.0,,,,http://www.wikidata.org/entity/Q811979,"('41.01166667', '28.95527778')"
2443,,41.018611111111,28.92825,Q6028102,,C,yellow,,,architectural structure,,Point(28.92825 41.018611111),4.221,http://www.wikidata.org/entity/Q6028102,2.0,,,,http://www.wikidata.org/entity/Q811979,"('41.018611111111', '28.92825')"
2446,,41.075888888889,29.061944444444,Abud Efendi Yalı,,C,yellow,,,yalı,,Point(29.061944444 41.075888888),10.575,http://www.wikidata.org/entity/Q6028404,2.0,,,,http://www.wikidata.org/entity/Q2142647,"('41.075888888889', '29.061944444444')"
2447,,41.0066452,28.9330995,Hekimoğlu Ali Paşa Library,,C,yellow,,,architectural structure,,Point(28.9330995 41.0066452),3.589,http://www.wikidata.org/entity/Q6028602,2.0,,,,http://www.wikidata.org/entity/Q811979,"('41.0066452', '28.9330995')"
2449,,40.99086,29.02618,Osman ağa Mosque,,C,yellow,,,architectural structure,,Point(29.02618 40.99086),4.561,http://www.wikidata.org/entity/Q6029146,2.0,,,,http://www.wikidata.org/entity/Q811979,"('40.99086', '29.02618')"
2452,,41.000711864885,28.851495675878,Siyavuşpaşa Pavilion,,C,yellow,,,pavilion,,Point(28.851495675 41.000711864),10.456,http://www.wikidata.org/entity/Q6029742,2.0,,,,http://www.wikidata.org/entity/Q276173,"('41.000711864885', '28.851495675878')"
2454,,41.118759,29.068354,Şehzade Burhaneddin Efendi Yalısı,,C,yellow,,,yalı,,Point(29.068354 41.118759),14.705,http://www.wikidata.org/entity/Q6029950,2.0,,,,http://www.wikidata.org/entity/Q2142647,"('41.118759', '29.068354')"
2455,,41.015247,28.958351,Vefa Bozacısı,,C,yellow,,,shop,,Point(28.958351 41.015247),1.77,http://www.wikidata.org/entity/Q6030568,2.0,,,,http://www.wikidata.org/entity/Q213441,"('41.015247', '28.958351')"
2456,,41.069944444444,28.962888888889,Kâğıthane Mosque,,C,yellow,,,architectural structure,,Point(28.962888888 41.069944444),7.151,http://www.wikidata.org/entity/Q6030600,2.0,,,,http://www.wikidata.org/entity/Q811979,"('41.069944444444', '28.962888888889')"
2459,,41.028611111111,28.982027777778,Q6031050,,C,yellow,,,architectural structure,,Point(28.982027777 41.028611111),2.525,http://www.wikidata.org/entity/Q6031050,2.0,,,,http://www.wikidata.org/entity/Q811979,"('41.028611111111', '28.982027777778')"
2463,,41.07909722,29.01763889,Levent Mosque,,C,yellow,,,mosque,,Point(29.01763889 41.07909722),8.811,http://www.wikidata.org/entity/Q6031201,2.0,,,,http://www.wikidata.org/entity/Q32815,"('41.07909722', '29.01763889')"
2464,,41.03525,29.026944444444,Ahmet Fethi Paşa Yalısı,,C,yellow,,,yalı,,Point(29.026944444 41.03525),5.354,http://www.wikidata.org/entity/Q6031765,2.0,,,,http://www.wikidata.org/entity/Q2142647,"('41.03525', '29.026944444444')"
2465,,41.047194444444,28.936611111111,Kaptanpaşa Mosque,,C,yellow,,,architectural structure,,Point(28.936611111 41.047194444),5.607,http://www.wikidata.org/entity/Q6032732,2.0,,,,http://www.wikidata.org/entity/Q811979,"('41.047194444444', '28.936611111111')"
2468,,41.0349,29.0566,Küplüce,,C,yellow,,,mahalle,,Point(29.0566 41.0349),7.478,http://www.wikidata.org/entity/Q6035378,2.0,,,,http://www.wikidata.org/entity/Q17051044,"('41.0349', '29.0566')"
2469,,41.035135112551,28.974957639126,Kamer Hatun Mosque,,C,yellow,,,mosque,,Point(28.974957639 41.035135112),3.198,http://www.wikidata.org/entity/Q6036660,2.0,,,,http://www.wikidata.org/entity/Q32815,"('41.035135112551', '28.974957639126')"
2470,,41.020583333333,28.927777777778,Bayezid Ağa Mosque,,C,yellow,,,architectural structure,,Point(28.927777777 41.020583333),4.333,http://www.wikidata.org/entity/Q6036888,2.0,,,,http://www.wikidata.org/entity/Q811979,"('41.020583333333', '28.927777777778')"
2473,,41.035277777778,28.980277777778,Hacı Abdullah Restaurant,,C,yellow,,,shop,,Point(28.980277777 41.035277777),3.234,http://www.wikidata.org/entity/Q6037571,2.0,,,https://en.wikipedia.org/wiki/Hac%C4%B1_Abdullah_Restaurant,http://www.wikidata.org/entity/Q213441,"('41.035277777778', '28.980277777778')"
2475,,41.0498,29.0699,Güzeltepe,,C,yellow,,,mahalle,,Point(29.0699 41.0498),9.247,http://www.wikidata.org/entity/Q6038138,2.0,,,,http://www.wikidata.org/entity/Q17051044,"('41.0498', '29.0699')"
2476,,41.0412,29.0717,Mehmet Akif Ersoy,,C,yellow,,,mahalle,,Point(29.0717135 41.0413151),8.929,http://www.wikidata.org/entity/Q6039218,2.0,,,,http://www.wikidata.org/entity/Q17051044,"('41.0412', '29.0717')"
2480,,41.0108,29.0808,Cumhuriyet,,C,yellow,,,mahalle,,Point(29.0808 41.0108),8.818,http://www.wikidata.org/entity/Q6039430,2.0,,,,http://www.wikidata.org/entity/Q17051044,"('41.0108', '29.0808')"
2481,,41.0391,29.0615,Kirazlıtepe,,C,yellow,,,mahalle,,Point(29.0615 41.0391),8.052,http://www.wikidata.org/entity/Q6039497,2.0,,,,http://www.wikidata.org/entity/Q17051044,"('41.0391', '29.0615')"
2482,,41.024388888889,28.958722222222,Uskubi Cakiraga Mosque,,C,yellow,,,architectural structure,,Point(28.958722222 41.024388888),2.466,http://www.wikidata.org/entity/Q6039515,2.0,,,,http://www.wikidata.org/entity/Q811979,"('41.024388888889', '28.958722222222')"
2486,,41.019465,28.940804,Mimar Sinan Mescidi,,C,yellow,,,architectural structure,,Point(28.940804 41.019465),3.282,http://www.wikidata.org/entity/Q6039725,2.0,,,,http://www.wikidata.org/entity/Q811979,"('41.019465', '28.940804')"
2489,,41.010761,28.970873,Nuruosmaniye Library,,C,yellow,,,library,,Point(28.970873 41.010761),0.643,http://www.wikidata.org/entity/Q6039907,2.0,,,,http://www.wikidata.org/entity/Q7075,"('41.010761', '28.970873')"
2490,,41.010952,28.962719,Q6041472,,C,yellow,,,konak,,Point(28.962719 41.010952),1.215,http://www.wikidata.org/entity/Q6041472,2.0,,,,http://www.wikidata.org/entity/Q522124,"('41.010952', '28.962719')"
2493,,41.0125,28.984305555556,Gate of Felicity,,C,yellow,,,building,,Point(28.984305555 41.0125),0.982,http://www.wikidata.org/entity/Q6041550,2.0,,,,http://www.wikidata.org/entity/Q41176,"('41.0125', '28.984305555556')"
2494,,41.04124,29.08493,Yavuztürk,,C,yellow,,,mahalle,,Point(29.08493 41.04124),9.936,http://www.wikidata.org/entity/Q6043401,2.0,,,,http://www.wikidata.org/entity/Q17051044,"('41.04124', '29.08493')"
2495,,41.0126978,29.031529,Barbaros,,C,yellow,,,mahalle,,Point(29.031529 41.0126978),4.722,http://www.wikidata.org/entity/Q6044237,2.0,,,,http://www.wikidata.org/entity/Q17051044,"('41.0126978', '29.031529')"
2496,,41.010153264136,28.974267069281,Cezeri Kasım Pasha Mosque,,C,yellow,,,architectural structure,,Point(28.974267069 41.010153264),0.441,http://www.wikidata.org/entity/Q6045784,2.0,,,,http://www.wikidata.org/entity/Q811979,"('41.010153264136', '28.974267069281')"
2499,,41.058888888889,29.036222222222,Muhsinzade Mehmed Pasha Yalı,,C,yellow,,,yalı,,Point(29.036222222 41.058888888),7.727,http://www.wikidata.org/entity/Q6046106,2.0,,,,http://www.wikidata.org/entity/Q2142647,"('41.058888888889', '29.036222222222')"
2500,,41.010129408573,28.962062924585,İstanbul University Central Library,,C,yellow,,,academic library,,Point(28.962062924 41.010129408),1.231,http://www.wikidata.org/entity/Q6046191,2.0,,,,http://www.wikidata.org/entity/Q856234,"('41.010129408573', '28.962062924585')"
2502,,41.03299,29.07244,Ferah,,C,yellow,,,mahalle,,Point(29.07244 41.03299),8.625,http://www.wikidata.org/entity/Q6046482,2.0,,,,http://www.wikidata.org/entity/Q17051044,"('41.03299', '29.07244')"
2503,,41.021716666667,29.013463888889,Ahmet Çelebi Mosque,,C,yellow,,,architectural structure,,Point(29.013463888 41.021716666),3.585,http://www.wikidata.org/entity/Q6047829,2.0,,,,http://www.wikidata.org/entity/Q811979,"('41.021716666667', '29.013463888889')"
2506,,41.019555555556,29.018194444444,Hayrettin Çavuş Türbesi,,C,yellow,,,türbe,,Point(29.018194444 41.019555555),3.841,http://www.wikidata.org/entity/Q6048021,2.0,,,,http://www.wikidata.org/entity/Q838159,"('41.019555555556', '29.018194444444')"
2507,,41.05,29.08,Bahçelievler,,C,yellow,,,mahalle,,Point(29.08 41.05),9.991,http://www.wikidata.org/entity/Q6048331,2.0,,,,http://www.wikidata.org/entity/Q17051044,"('41.05', '29.08')"
2508,,41.019611111111,29.018305555556,Şehzade Numan Fountain,,C,yellow,,,fountain,,Point(29.018305555 41.019611111),3.852,http://www.wikidata.org/entity/Q6048639,2.0,,,,http://www.wikidata.org/entity/Q483453,"('41.019611111111', '29.018305555556')"
2510,,41.04,29.0056,Barbaros Hayrettin Pasha Pier,,C,yellow,,,wharf,,Point(29.0056 41.04),4.494,http://www.wikidata.org/entity/Q6049093,2.0,,,,http://www.wikidata.org/entity/Q828909,"('41.04', '29.0056')"
2511,,41.021416666667,29.010305555556,İmrahor Mosque,,C,yellow,,,architectural structure,,Point(29.010305555 41.021416666),3.338,http://www.wikidata.org/entity/Q6049169,2.0,,,,http://www.wikidata.org/entity/Q811979,"('41.021416666667', '29.010305555556')"
2514,,41.02241,29.01177,Aziz Mahmut Hüdayi,,C,yellow,,,mahalle,,Point(29.01177 41.02241),3.5,http://www.wikidata.org/entity/Q6049495,2.0,,,,http://www.wikidata.org/entity/Q17051044,"('41.02241', '29.01177')"
2515,,41.054568,29.001874,Süleyman Seba Fitness Center,,C,yellow,,,gym,,Point(29.001874 41.054568),5.785,http://www.wikidata.org/entity/Q6050423,2.0,,,,http://www.wikidata.org/entity/Q14092,"('41.054568', '29.001874')"
2516,,41.00583,28.937376,Davutpaşa High School,,C,yellow,,,Anatolian High School,,Point(28.937376 41.00583),3.231,http://www.wikidata.org/entity/Q6051066,2.0,,,,http://www.wikidata.org/entity/Q4752140,"('41.00583', '28.937376')"
2517,,41.044861111111,29.005833333333,Abbas Ağa Mosque,,C,yellow,,,architectural structure,,Point(29.005833333 41.044861111),4.962,http://www.wikidata.org/entity/Q6051336,2.0,,,,http://www.wikidata.org/entity/Q811979,"('41.044861111111', '29.005833333333')"
2520,,41.038190515006,28.905310605212,Çetin Emeç Stadium,,C,yellow,,,stadium,,Point(28.905310605 41.038190515),6.895,http://www.wikidata.org/entity/Q6052650,2.0,,,,http://www.wikidata.org/entity/Q483110,"('41.038190515006', '28.905310605212')"
2523,,41.024623044064,29.00909038519,"Sultan III. Mustafa Fountain, Üsküdar",,C,yellow,,,fountain,,Point(29.009090385 41.024623044),3.447,http://www.wikidata.org/entity/Q6052827,2.0,,,,http://www.wikidata.org/entity/Q483453,"('41.024623044064', '29.00909038519')"
2525,,41.0137523,29.0205895,Aşçıbaşı Mosque (Üsküdar),,C,yellow,,,mosque,,Point(29.0205895 41.0137523),3.84,http://www.wikidata.org/entity/Q6053967,2.0,,,,http://www.wikidata.org/entity/Q32815,"('41.0137523', '29.0205895')"
2526,,41.018638888889,29.016833333333,Malatyalı İsmail Ağa Mosque,,C,yellow,,,architectural structure,,Point(29.016833333 41.018638888),3.697,http://www.wikidata.org/entity/Q6054045,2.0,,,,http://www.wikidata.org/entity/Q811979,"('41.018638888889', '29.016833333333')"
2529,,41.0422471,29.0025967,Q6054280,,C,yellow,,,house,,Point(29.0025967 41.0422471),4.575,http://www.wikidata.org/entity/Q6054280,2.0,,,,http://www.wikidata.org/entity/Q3947,"('41.0422471', '29.0025967')"
2530,,41.03157,29.022347,Abdurrahman Ağa Mosque,,C,yellow,,,architectural structure,,Point(29.022347 41.03157),4.801,http://www.wikidata.org/entity/Q6054560,2.0,,,,http://www.wikidata.org/entity/Q811979,"('41.03157', '29.022347')"
2533,,41.038166666667,28.940888888889,Kazasker İvaz Efendi Mosque,,C,yellow,,,congregational mosque,,Point(28.940888888 41.038166666),4.594,http://www.wikidata.org/entity/Q6055349,2.0,,,,http://www.wikidata.org/entity/Q1454820,"('41.038166666667', '28.940888888889')"
2535,,41.01761309284,29.020488711559,Tabaklar Mosque,,C,yellow,,,architectural structure,,Point(29.020488711 41.017613092),3.946,http://www.wikidata.org/entity/Q6055439,2.0,,,,http://www.wikidata.org/entity/Q811979,"('41.01761309284', '29.020488711559')"
2538,,41.057780555556,28.990561111111,Şişli Etfal Eğitim ve Araştırma Hastanesi,,C,yellow,,,public hospital,,Point(28.990561111 41.057780555),5.846,http://www.wikidata.org/entity/Q6055935,2.0,,,,http://www.wikidata.org/entity/Q7257872,"('41.057780555556', '28.990561111111')"
2539,,41.054111111111,29.000694444444,Selenium Twins,,C,yellow,,,building,,Point(29.000694444 41.054111111),5.701,http://www.wikidata.org/entity/Q6056507,2.0,,,,http://www.wikidata.org/entity/Q41176,"('41.054111111111', '29.000694444444')"
2540,,41.025606,29.015978,Selman Ağa Mosque,,C,yellow,,,architectural structure,,Point(29.015978 41.025606),3.986,http://www.wikidata.org/entity/Q6056669,2.0,,,,http://www.wikidata.org/entity/Q811979,"('41.025606', '29.015978')"
2543,,41.0274381,29.0203367,Müderris Abdülbaki Efendi Mosque,,C,yellow,,,architectural structure,,Point(29.0203367 41.0274381),4.404,http://www.wikidata.org/entity/Q6056837,2.0,,,,http://www.wikidata.org/entity/Q811979,"('41.0274381', '29.0203367')"
2546,,41.025277777778,29.013972222222,Balaban Tekkesi Musjid,,C,yellow,,,architectural structure,,Point(29.013972222 41.025277777),3.825,http://www.wikidata.org/entity/Q6056856,2.0,,,,http://www.wikidata.org/entity/Q811979,"('41.025277777778', '29.013972222222')"
2549,,41.018666666667,29.016861111111,Malatya İsmail Ağa Fountain,,C,yellow,,,fountain,,Point(29.016861111 41.018666666),3.7,http://www.wikidata.org/entity/Q6058464,2.0,,,,http://www.wikidata.org/entity/Q483453,"('41.018666666667', '29.016861111111')"
2550,,41.027945570493,29.019184112242,Hacı Hesna Hatun Camii,,C,yellow,,,architectural structure,,Point(29.019184112 41.02794557),4.353,http://www.wikidata.org/entity/Q6059840,2.0,,,,http://www.wikidata.org/entity/Q811979,"('41.027945570493', '29.019184112242')"
2553,,41.070833333333,28.972777777778,Gürsel,,C,yellow,,,mahalle,,Point(28.972777777 41.070833333),7.171,http://www.wikidata.org/entity/Q6060574,2.0,,,,http://www.wikidata.org/entity/Q17051044,"('41.070833333333', '28.972777777778')"
2554,,41.0909671,28.9978422,Sultan Selim,,C,yellow,,,mahalle,,Point(28.9978422 41.0909671),9.584,http://www.wikidata.org/entity/Q6060577,2.0,,,,http://www.wikidata.org/entity/Q17051044,"('41.0909671', '28.9978422')"
2555,,41.018754481647,29.019744798041,Kurban Nasuh Baba Mosque,,C,yellow,,,architectural structure,,Point(29.019744798 41.018754481),3.93,http://www.wikidata.org/entity/Q6060925,2.0,,,,http://www.wikidata.org/entity/Q811979,"('41.018754481647', '29.019744798041')"
2558,,41.016472222222,29.019861111111,Nalçacı Halil Mosque,,C,yellow,,,architectural structure,,Point(29.019861111 41.016472222),3.858,http://www.wikidata.org/entity/Q6061020,2.0,,,,http://www.wikidata.org/entity/Q811979,"('41.016472222222', '29.019861111111')"
2561,,41.017916666667,29.017722222222,Q6061261,,C,yellow,,,fountain,,Point(29.017722222 41.017916666),3.738,http://www.wikidata.org/entity/Q6061261,2.0,,,,http://www.wikidata.org/entity/Q483453,"('41.017916666667', '29.017722222222')"
2562,,41.09562,29.0006,Yeşilce,,C,yellow,,,mahalle,,Point(29.0006 41.09562),10.137,http://www.wikidata.org/entity/Q6061295,2.0,,,,http://www.wikidata.org/entity/Q17051044,"('41.09562', '29.0006')"
2563,,41.064111111111,29.055222222222,Vanî Mehmed Efendi Mosque,,C,yellow,,,architectural structure,,Point(29.055222222 41.064111111),9.246,http://www.wikidata.org/entity/Q6061966,2.0,,,,http://www.wikidata.org/entity/Q811979,"('41.064111111111', '29.055222222222')"
2566,,41.0371981,28.9780949,Çukur,,C,yellow,,,mahalle,,Point(28.9780949 41.0371981),3.432,http://www.wikidata.org/entity/Q6062469,2.0,,,,http://www.wikidata.org/entity/Q17051044,"('41.0371981', '28.9780949')"
2567,,41.088472222222,29.065666666667,Amcazade Hüseyin Paşa Yalı,,C,yellow,,,architectural structure,,Point(29.065666666 41.088472222),11.833,http://www.wikidata.org/entity/Q6062531,2.0,,,,http://www.wikidata.org/entity/Q811979,"('41.088472222222', '29.065666666667')"
2570,,41.0391626,28.9798827,Bülbül,,C,yellow,,,mahalle,,Point(28.9798827 41.0391626),3.66,http://www.wikidata.org/entity/Q6062555,2.0,,,,http://www.wikidata.org/entity/Q17051044,"('41.0391626', '28.9798827')"
2571,,41.0289,28.9689,Bedrettin,,C,yellow,,,mahalle,,Point(28.9689 41.0289),2.571,http://www.wikidata.org/entity/Q6062618,2.0,,,,http://www.wikidata.org/entity/Q17051044,"('41.0289', '28.9689')"
2572,,41.0482932,28.9568753,Fetihtepe,,C,yellow,,,mahalle,,Point(28.9568753 41.0482932),4.925,http://www.wikidata.org/entity/Q6062622,2.0,,,,http://www.wikidata.org/entity/Q17051044,"('41.0482932', '28.9568753')"
2573,,41.030196,28.9806703,Firuzağa,,C,yellow,,,mahalle,,Point(28.9806703 41.030196),2.678,http://www.wikidata.org/entity/Q6062624,2.0,,,,http://www.wikidata.org/entity/Q17051044,"('41.030196', '28.9806703')"
2574,,41.0260034,28.9703855,Emekyemez,,C,yellow,,,mahalle,,Point(28.9703855 41.0260034),2.23,http://www.wikidata.org/entity/Q6062663,2.0,,,,http://www.wikidata.org/entity/Q17051044,"('41.0260034', '28.9703855')"
2575,,41.0349693,28.9593139,Camiikebir,,C,yellow,,,mahalle,,Point(28.9593139 41.0349693),3.469,http://www.wikidata.org/entity/Q6062727,2.0,,,,http://www.wikidata.org/entity/Q17051044,"('41.0349693', '28.9593139')"
2576,,41.02352,28.97122,Arap Cami,,C,yellow,,,mahalle,,Point(28.97122 41.02352),1.945,http://www.wikidata.org/entity/Q6062724,2.0,,,,http://www.wikidata.org/entity/Q17051044,"('41.02352', '28.97122')"
2577,,41.0349849,28.9784671,Hüseyinağa,,C,yellow,,,mahalle,,Point(28.9784671 41.0349849),3.188,http://www.wikidata.org/entity/Q6062787,2.0,,,,http://www.wikidata.org/entity/Q17051044,"('41.0349849', '28.9784671')"
2578,,41.0321707,28.9717998,Çatma Mescit,,C,yellow,,,mahalle,,Point(28.9717998 41.0321707),2.888,http://www.wikidata.org/entity/Q6062784,2.0,,,,http://www.wikidata.org/entity/Q17051044,"('41.0321707', '28.9717998')"
2579,,41.021811505673,29.018139385903,"Abbas Ağa Fountain, Ahmediye",,C,yellow,,,fountain,,Point(29.018139385 41.021811505),3.939,http://www.wikidata.org/entity/Q6063427,2.0,,,,http://www.wikidata.org/entity/Q483453,"('41.021811505673', '29.018139385903')"
2581,,41.0387892,28.9762524,Bostan,,C,yellow,,,mahalle,,Point(28.9762524 41.0387892),3.604,http://www.wikidata.org/entity/Q6063455,2.0,,,,http://www.wikidata.org/entity/Q17051044,"('41.0387892', '28.9762524')"
2582,,41.020714,29.108738,Atakent,,C,yellow,,,mahalle,,Point(29.108738 41.020714),11.261,http://www.wikidata.org/entity/Q6063515,2.0,,,,http://www.wikidata.org/entity/Q17051044,"('41.020714', '29.108738')"
2583,,41.0142622,29.1284385,Çakmak,,C,yellow,,,mahalle,,Point(29.1284385 41.0142622),12.831,http://www.wikidata.org/entity/Q6063517,2.0,,,,http://www.wikidata.org/entity/Q17051044,"('41.0142622', '29.1284385')"
2584,,41.004235,29.133961,Tatlısu,,C,yellow,,,mahalle,,Point(29.133961 41.004235),13.267,http://www.wikidata.org/entity/Q6063523,2.0,,,,http://www.wikidata.org/entity/Q17051044,"('41.004235', '29.133961')"
2585,,41.0121877,29.0922465,Esenevler,,C,yellow,,,mahalle,,Point(29.0922465 41.0121877),9.786,http://www.wikidata.org/entity/Q6063534,2.0,,,,http://www.wikidata.org/entity/Q17051044,"('41.0121877', '29.0922465')"
2586,,41.0252686,29.0920104,Atatürk,,C,yellow,,,mahalle,,Point(29.0920104 41.0252686),9.967,http://www.wikidata.org/entity/Q6063577,2.0,,,,http://www.wikidata.org/entity/Q17051044,"('41.0252686', '29.0920104')"
2587,,41.0330664,29.1058909,İnkılap,,C,yellow,,,mahalle,,Point(29.1058909 41.0330664),11.304,http://www.wikidata.org/entity/Q6063580,2.0,,,,http://www.wikidata.org/entity/Q17051044,"('41.0330664', '29.1058909')"
2588,,41.1296,29.0442,Ferahevler,,C,yellow,,,mahalle,,Point(29.0442 41.1296),14.85,http://www.wikidata.org/entity/Q6063603,2.0,,,,http://www.wikidata.org/entity/Q17051044,"('41.1296', '29.0442')"
2589,,41.0262888,29.1017527,Yamanevler,,C,yellow,,,mahalle,,Point(29.1017527 41.0262888),10.79,http://www.wikidata.org/entity/Q6063630,2.0,,,,http://www.wikidata.org/entity/Q17051044,"('41.0262888', '29.1017527')"
2590,,41.0352657,29.0977305,Elmalıkent,,C,yellow,,,mahalle,,Point(29.0977305 41.0352657),10.715,http://www.wikidata.org/entity/Q6063663,2.0,,,,http://www.wikidata.org/entity/Q17051044,"('41.0352657', '29.0977305')"
2591,,41.049047,29.094222,Dumlupınar,,C,yellow,,,mahalle,,Point(29.094222 41.049047),11.003,http://www.wikidata.org/entity/Q6063660,2.0,,,,http://www.wikidata.org/entity/Q17051044,"('41.049047', '29.094222')"
2592,,41.007465,29.13799,Mehmet Akif,,C,yellow,,,mahalle,,Point(29.13799 41.007465),13.603,http://www.wikidata.org/entity/Q6063687,2.0,,,,http://www.wikidata.org/entity/Q17051044,"('41.007465', '29.13799')"
2593,,41.0139675,29.1425432,Altınşehir,,C,yellow,,,mahalle,,Point(29.1425432 41.0139675),14.01,http://www.wikidata.org/entity/Q6063838,2.0,,,,http://www.wikidata.org/entity/Q17051044,"('41.0139675', '29.1425432')"
2594,,41.0181477,29.1155959,Armağanevler,,C,yellow,,,mahalle,,Point(29.1155959 41.0181477),11.796,http://www.wikidata.org/entity/Q6063841,2.0,,,,http://www.wikidata.org/entity/Q17051044,"('41.0181477', '29.1155959')"
2595,,41.0593001,28.9564044,Mehmet Akif Ersoy,,C,yellow,,,mahalle,,Point(28.9564044 41.0593001),6.106,http://www.wikidata.org/entity/Q6063928,2.0,,,,http://www.wikidata.org/entity/Q17051044,"('41.0593001', '28.9564044')"
2596,,41.039155,29.102569,Kazım Karabekir,,C,yellow,,,mahalle,,Point(29.102569 41.039155),11.236,http://www.wikidata.org/entity/Q6063970,2.0,,,,http://www.wikidata.org/entity/Q17051044,"('41.039155', '29.102569')"
2597,,41.0484,28.9754,Yayla,,C,yellow,,,mahalle,,Point(28.9754 41.0484),4.672,http://www.wikidata.org/entity/Q6064086,2.0,,,,http://www.wikidata.org/entity/Q17051044,"('41.0484', '28.9754')"
2598,,41.04989,28.98412,Bozkurt,,C,yellow,,,mahalle,,Point(28.98412 41.04989),4.887,http://www.wikidata.org/entity/Q6064593,2.0,,,,http://www.wikidata.org/entity/Q17051044,"('41.04989', '28.98412')"
2599,,41.0534185,28.9807907,Duatepe,,C,yellow,,,mahalle,,Point(28.9807907 41.0534185),5.246,http://www.wikidata.org/entity/Q6064702,2.0,,,,http://www.wikidata.org/entity/Q17051044,"('41.0534185', '28.9807907')"
2600,,40.9922063,29.0335814,Söğütlüçeşme Mosque,,C,yellow,,,mosque,,Point(29.0335814 40.9922063),5.093,http://www.wikidata.org/entity/Q6064751,2.0,,,,http://www.wikidata.org/entity/Q32815,"('40.9922063', '29.0335814')"
2601,,41.054,28.973,Paşa,,C,yellow,,,mahalle,,Point(28.973 41.054),5.3,http://www.wikidata.org/entity/Q6065257,2.0,,,,http://www.wikidata.org/entity/Q17051044,"('41.054', '28.973')"
2602,,41.0525,28.9655,Mahmut Şevket Paşa,,C,yellow,,,mahalle,,Point(28.9655 41.0525),5.201,http://www.wikidata.org/entity/Q6065319,2.0,,,,http://www.wikidata.org/entity/Q17051044,"('41.0525', '28.9655')"
2603,,41.04898,28.98641,Ergenekon,,C,yellow,,,mahalle,,Point(28.98641 41.04898),4.818,http://www.wikidata.org/entity/Q6065429,2.0,,,,http://www.wikidata.org/entity/Q17051044,"('41.04898', '28.98641')"
2604,,41.016099,28.932831,Istanbul Faculty of Medicine,,C,yellow,,,medical school,,Point(28.932831 41.016099),3.769,http://www.wikidata.org/entity/Q6065437,2.0,,,https://en.wikipedia.org/wiki/Istanbul_Faculty_of_Medicine,http://www.wikidata.org/entity/Q494230,"('41.016099', '28.932831')"
2606,,41.01849,29.01646,Ahmediye,,C,yellow,,,mahalle,,Point(29.01646 41.01849),3.662,http://www.wikidata.org/entity/Q6065883,2.0,,,,http://www.wikidata.org/entity/Q17051044,"('41.01849', '29.01646')"
2607,,41.0514835,28.9888479,Halaskargazi,,C,yellow,,,mahalle,,Point(28.98888 41.05149),5.133,http://www.wikidata.org/entity/Q6066290,2.0,,,,http://www.wikidata.org/entity/Q17051044,"('41.0514835', '28.9888479')"
2611,,41.045689,28.980773,Eskişehir,,C,yellow,,,mahalle,,Point(28.980773 41.045689),4.39,http://www.wikidata.org/entity/Q6066795,2.0,,,,http://www.wikidata.org/entity/Q17051044,"('41.045689', '28.980773')"
2612,,41.0616,28.9771,Halide Edip Adıvar,,C,yellow,,,mahalle,,Point(28.9771 41.0616),6.141,http://www.wikidata.org/entity/Q6067095,2.0,,,,http://www.wikidata.org/entity/Q17051044,"('41.0616', '28.9771')"
2614,,41.03405683,28.96383083,Kadımehmet Efendi,,C,yellow,,,mahalle,,Point(28.96383083 41.03405683),3.239,http://www.wikidata.org/entity/Q6068912,2.0,,,,http://www.wikidata.org/entity/Q17051044,"('41.03405683', '28.96383083')"
2615,,41.0192279,28.9597045,Hacı Kadın,,C,yellow,,,mahalle,,Point(28.9597045 41.0192279),1.97,http://www.wikidata.org/entity/Q6068949,2.0,,,,http://www.wikidata.org/entity/Q17051044,"('41.0192279', '28.9597045')"
2616,,41.0249644,29.1225993,Fatih Sultan Mehmet,,C,yellow,,,mahalle,,Point(29.1225993 41.0249644),12.482,http://www.wikidata.org/entity/Q6068953,2.0,,,,http://www.wikidata.org/entity/Q17051044,"('41.0249644', '29.1225993')"
2617,,41.043837,28.951149,Piripaşa,,C,yellow,,,mahalle,,Point(28.951149 41.043837),4.652,http://www.wikidata.org/entity/Q6069361,2.0,,,,http://www.wikidata.org/entity/Q17051044,"('41.043837', '28.951149')"
2618,,41.055,28.99,Meşrutiyet,,C,yellow,,,mahalle,,Point(28.99 41.055),5.534,http://www.wikidata.org/entity/Q6069498,2.0,,,,http://www.wikidata.org/entity/Q17051044,"('41.055', '28.99')"
2619,,41.0558,28.982,Cumhuriyet,,C,yellow,,,mahalle,,Point(28.982 41.0558),5.519,http://www.wikidata.org/entity/Q6069550,2.0,,,,http://www.wikidata.org/entity/Q17051044,"('41.0558', '28.982')"
2620,,41.03399183,28.983288,Katipmustafa Çelebi,,C,yellow,,,mahalle,,Point(28.983288 41.03399183),3.132,http://www.wikidata.org/entity/Q6069640,2.0,,,,http://www.wikidata.org/entity/Q17051044,"('41.03399183', '28.983288')"
2621,,41.03805583,28.97548183,Kalyoncu Kulluğu,,C,yellow,,,mahalle,,Point(28.97548183 41.03805583),3.522,http://www.wikidata.org/entity/Q6070474,2.0,,,,http://www.wikidata.org/entity/Q17051044,"('41.03805583', '28.97548183')"
2622,,41.033746,28.971612,Yahya Kahya,,C,yellow,,,mahalle,,Point(28.971612 41.033746),3.064,http://www.wikidata.org/entity/Q6070576,2.0,,,,http://www.wikidata.org/entity/Q17051044,"('41.033746', '28.971612')"
2623,,41.03492,28.9919227,Ömer Avni,,C,yellow,,,mahalle,,Point(28.9919227 41.03492),3.447,http://www.wikidata.org/entity/Q6071015,2.0,,,,http://www.wikidata.org/entity/Q17051044,"('41.03492', '28.9919227')"
2624,,41.03009083,28.977575,Tomtom,,C,yellow,,,mahalle,,Point(28.977575 41.03009083),2.64,http://www.wikidata.org/entity/Q6071083,2.0,,,,http://www.wikidata.org/entity/Q17051044,"('41.03009083', '28.977575')"
2625,,41.04161883,28.962337,Kaptanpaşa,,C,yellow,,,mahalle,,Point(28.962337 41.04161883),4.079,http://www.wikidata.org/entity/Q6071138,2.0,,,,http://www.wikidata.org/entity/Q17051044,"('41.04161883', '28.962337')"
2626,,41.034466,28.945724,Ferruh Kethüda Mosque,,C,yellow,,,architectural structure,,Point(28.945724 41.034466),4.018,http://www.wikidata.org/entity/Q6071493,2.0,,,,http://www.wikidata.org/entity/Q811979,"('41.034466', '28.945724')"
2631,,41.03673583,28.981863,Şehit Muhtar,,C,yellow,,,mahalle,,Point(28.981863 41.03673583),3.412,http://www.wikidata.org/entity/Q6071935,2.0,,,,http://www.wikidata.org/entity/Q17051044,"('41.03673583', '28.981863')"
2632,,40.95386783,29.105637,Altıntepe,,C,yellow,,,mahalle,,Point(29.105637 40.95386783),12.359,http://www.wikidata.org/entity/Q6072015,2.0,,,,http://www.wikidata.org/entity/Q17051044,"('40.95386783', '29.105637')"
2633,,41.010027777778,28.960361111111,Zeynep Hanım Mansion,,C,yellow,,,konak,,Point(28.960361111 41.010027777),1.363,http://www.wikidata.org/entity/Q6072745,2.0,,,,http://www.wikidata.org/entity/Q522124,"('41.010027777778', '28.960361111111')"
2636,,41.03805583,28.96681683,Küçük Piyale,,C,yellow,,,mahalle,,Point(28.96681683 41.03805583),3.603,http://www.wikidata.org/entity/Q6073688,2.0,,,,http://www.wikidata.org/entity/Q17051044,"('41.03805583', '28.96681683')"
2637,,41.05682983,28.95292783,Örnektepe,,C,yellow,,,mahalle,,Point(28.95292783 41.05682983),5.93,http://www.wikidata.org/entity/Q6073836,2.0,,,,http://www.wikidata.org/entity/Q17051044,"('41.05682983', '28.95292783')"
2638,,41.030805555556,28.94075,İştipol Synagogue,,C,yellow,,,synagogue,,Point(28.94075 41.030805555),4.007,http://www.wikidata.org/entity/Q6073925,2.0,,,,http://www.wikidata.org/entity/Q34627,"('41.030805555556', '28.94075')"
2639,,41.03675483,28.97244383,Sururi Mehmet Efendi,,C,yellow,,,mahalle,,Point(28.97244383 41.03675483),3.389,http://www.wikidata.org/entity/Q6074031,2.0,,,,http://www.wikidata.org/entity/Q17051044,"('41.03675483', '28.97244383')"
2640,,41.04298,28.977674,Yenişehir,,C,yellow,,,mahalle,,Point(28.977674 41.04298),4.072,http://www.wikidata.org/entity/Q6074405,2.0,,,,http://www.wikidata.org/entity/Q17051044,"('41.04298', '28.977674')"
2642,,41.0595591,29.0979066,Hekimbaşı,,C,yellow,,,mahalle,,Point(29.0979066 41.0595591),11.821,http://www.wikidata.org/entity/Q6077191,2.0,,,,http://www.wikidata.org/entity/Q17051044,"('41.0595591', '29.0979066')"
2643,,41.014972222222,28.946694444444,"Ahmediye Mosque, Fatih",,C,yellow,,,architectural structure,,Point(28.946694444 41.014972222),2.628,http://www.wikidata.org/entity/Q6077822,2.0,,,,http://www.wikidata.org/entity/Q811979,"('41.014972222222', '28.946694444444')"
2646,,41.07369,28.9853,Hürriyet,,C,yellow,,,mahalle,,Point(28.9853 41.07369),7.526,http://www.wikidata.org/entity/Q6078048,2.0,,,,http://www.wikidata.org/entity/Q17051044,"('41.07369', '28.9853')"
2647,,41.074985,28.9618782,Nurtepe,,C,yellow,,,mahalle,,Point(28.9618782 41.074985),7.718,http://www.wikidata.org/entity/Q6078460,2.0,,,,http://www.wikidata.org/entity/Q17051044,"('41.074985', '28.9618782')"
2648,,41.024837000709,28.975699087386,Or Hodesh Synagogue,,C,yellow,,,synagogue,,Point(28.975699087 41.024837),2.052,http://www.wikidata.org/entity/Q6078929,2.0,,,,http://www.wikidata.org/entity/Q34627,"('41.024837000709', '28.975699087386')"
2649,,41.09658,28.97199,Hamidiye,,C,yellow,,,mahalle,,Point(28.97199 41.09658),10.034,http://www.wikidata.org/entity/Q6080244,2.0,,,,http://www.wikidata.org/entity/Q17051044,"('41.09658', '28.97199')"
2650,,40.970214613139,29.052124271164,Cemil Topuzlu Köşkü,,C,yellow,,,pavilion,,Point(29.052124271 40.970214613),7.558,http://www.wikidata.org/entity/Q6080321,2.0,,,,http://www.wikidata.org/entity/Q276173,"('40.970214613139', '29.052124271164')"
2653,,41.080805555556,29.010138888889,Levent Loft,,C,yellow,,,building,,Point(29.010138888 41.080805555),8.76,http://www.wikidata.org/entity/Q6080677,2.0,,,,http://www.wikidata.org/entity/Q41176,"('41.080805555556', '29.010138888889')"
2654,,41.045721,29.017977,Yahya Efendi Tekkesi,,C,yellow,,,Sufi lodge,,Point(29.017977 41.045721),5.622,http://www.wikidata.org/entity/Q6080791,2.0,,,,http://www.wikidata.org/entity/Q833913,"('41.045721', '29.017977')"
2655,,41.04805556,29.01852778,Yıldız Porcelain Factory,,C,yellow,,,factory,,Point(29.01852778 41.04805556),5.854,http://www.wikidata.org/entity/Q6082521,2.0,,,,http://www.wikidata.org/entity/Q83405,"('41.04805556', '29.01852778')"
2658,,41.023416666667,28.974638888889,Zülfaris Sinagogu,,C,yellow,,,museum building,,Point(28.974638888 41.023416666),1.897,http://www.wikidata.org/entity/Q6085630,2.0,,,,http://www.wikidata.org/entity/Q24699794,"('41.023416666667', '28.974638888889')"
2660,,40.9880981,29.0364914,Q6086300,,C,yellow,,,association football venue,,Point(29.0364914 40.9880981),5.478,http://www.wikidata.org/entity/Q6086300,2.0,,,,http://www.wikidata.org/entity/Q1154710,"('40.9880981', '29.0364914')"
2662,,41.0095,28.80109,Sefaköy,,C,yellow,,,quarter,,Point(28.80109 41.0095),14.669,http://www.wikidata.org/entity/Q6086772,2.0,,,,http://www.wikidata.org/entity/Q2983893,"('41.0095', '28.80109')"
2663,,41.01508,29.02139,Zeynep Kamil,,C,yellow,,,mahalle,,Point(29.02139 41.01508),3.94,http://www.wikidata.org/entity/Q6087375,2.0,,,,http://www.wikidata.org/entity/Q17051044,"('41.01508', '29.02139')"
2664,,41.07625,29.06291,Kıbrıslı Mehmed Emin Pasha Yalı,,C,yellow,,,yalı,,Point(29.06291 41.07625),10.66,http://www.wikidata.org/entity/Q6087372,2.0,,,,http://www.wikidata.org/entity/Q2142647,"('41.07625', '29.06291')"
2666,,41.085444444444,29.04425,Aptullah Kuran Library,,C,yellow,,,academic library,,Point(29.04425 41.085444444),10.496,http://www.wikidata.org/entity/Q6088377,2.0,,,,http://www.wikidata.org/entity/Q856234,"('41.085444444444', '29.04425')"
2668,,41.069166666667,29.012222222222,Istanbul Bilim University,,C,yellow,,,private university,,Point(29.012222222 41.069166666),7.618,http://www.wikidata.org/entity/Q6088590,2.0,,,https://en.wikipedia.org/wiki/Demiro%C4%9Flu_Bilim_University,http://www.wikidata.org/entity/Q902104,"('41.069166666667', '29.012222222222')"
2669,,40.99111111,28.83166667,Istanbul Kültür University,,C,yellow,,,private university,,Point(28.83166667 40.99111111),12.22,http://www.wikidata.org/entity/Q6088633,2.0,,,https://en.wikipedia.org/wiki/Istanbul_K%C3%BClt%C3%BCr_University,http://www.wikidata.org/entity/Q902104,"('40.99111111', '28.83166667')"
2670,,41.018447,28.958733,Q6089529,,C,yellow,,,building,,Point(28.958733 41.018447),1.967,http://www.wikidata.org/entity/Q6089529,2.0,,,,http://www.wikidata.org/entity/Q41176,"('41.018447', '28.958733')"
2671,,41.015833333333,28.92025,Merkez Efendi Mosque,,C,yellow,,,külliye,,Point(28.92025 41.015833333),4.784,http://www.wikidata.org/entity/Q6089537,2.0,,,,http://www.wikidata.org/entity/Q71974,"('41.015833333333', '28.92025')"
2675,,41.008225,28.975266,The Health Museum,,C,yellow,,,yalı,,Point(28.975266 41.008225),0.211,http://www.wikidata.org/entity/Q6090051,2.0,,,https://en.wikipedia.org/wiki/The_Health_Museum_(Istanbul),http://www.wikidata.org/entity/Q2142647,"('41.008225', '28.975266')"
2677,,41.025447,28.901835,Samiha Ayverdi Anatolian High School,,C,yellow,,,Anatolian High School,,Point(28.901835 41.025447),6.563,http://www.wikidata.org/entity/Q6093144,2.0,,,,http://www.wikidata.org/entity/Q4752140,"('41.025447', '28.901835')"
2678,,41.06496,28.97276,Kaptanpaşa,,C,yellow,,,mahalle,,Point(28.97276 41.06496),6.519,http://www.wikidata.org/entity/Q6097054,2.0,,,,http://www.wikidata.org/entity/Q17051044,"('41.06496', '28.97276')"
2679,,41.046388888889,28.8975,Forum İstanbul,,C,yellow,,,brick and mortar,,Point(28.8975 41.046388888),7.938,http://www.wikidata.org/entity/Q6097672,2.0,,,,http://www.wikidata.org/entity/Q726870,"('41.046388888889', '28.8975')"
2682,,41.025819444444,28.974222222222,Bereketzade Fountain,,C,yellow,,,fountain,,Point(28.974222222 41.025819444),2.166,http://www.wikidata.org/entity/Q6097714,2.0,,,,http://www.wikidata.org/entity/Q483453,"('41.025819444444', '28.974222222222')"
2683,,41.003311,28.937733,T C Saglık Bakanlığı İstanbul Eğitim ve Araştırma Hastanesi,,C,yellow,,,public hospital,,Point(28.937733 41.003311),3.218,http://www.wikidata.org/entity/Q6098740,2.0,,,,http://www.wikidata.org/entity/Q7257872,"('41.003311', '28.937733')"
2685,,41.055,28.98444444,Saint-Michel Highschool,,C,yellow,,,secondary school,,Point(28.98444444 41.055),5.454,http://www.wikidata.org/entity/Q6100138,2.0,,,https://en.wikipedia.org/wiki/Lyc%C3%A9e_Fran%C3%A7ais_Saint-Michel,http://www.wikidata.org/entity/Q159334,"('41.055', '28.98444444')"
2688,,41.047583333333,29.013361111111,Çadır Villa,,C,yellow,,,pavilion,,Point(29.013361111 41.047583333),5.557,http://www.wikidata.org/entity/Q6100184,2.0,,,,http://www.wikidata.org/entity/Q276173,"('41.047583333333', '29.013361111111')"
2692,,40.9763889,29.0800334,Çevre College,,C,yellow,,,secondary school,,Point(29.0800334 40.9763889),9.356,http://www.wikidata.org/entity/Q6102097,2.0,,,,http://www.wikidata.org/entity/Q159334,"('40.9763889', '29.0800334')"
2693,,40.988073,29.037444,Fenerbahçe Museum,,C,yellow,,,sports museum,,Point(29.037444 40.988073),5.554,http://www.wikidata.org/entity/Q6102514,2.0,,,,http://www.wikidata.org/entity/Q17000324,"('40.988073', '29.037444')"
2695,,40.996137,29.109264,Removing Barriers Movement,,C,yellow,,,organization,,Point(29.109264 40.996137),11.251,http://www.wikidata.org/entity/Q6102881,2.0,,,https://en.wikipedia.org/wiki/Removing_Barriers_Movement,http://www.wikidata.org/entity/Q43229,"('40.996137', '29.109264')"
2697,,41.03105,28.9741,Mikla Restaurant,,C,yellow,,,restaurant,,Point(28.9741 41.03105),2.747,http://www.wikidata.org/entity/Q6849999,2.0,,,https://en.wikipedia.org/wiki/Mikla,http://www.wikidata.org/entity/Q11707,"('41.03105', '28.9741')"
2699,,41.017305,29.014192,Paşakapısı Prison,,C,yellow,,,architectural structure,,Point(29.014192 41.017305),3.437,http://www.wikidata.org/entity/Q7157107,2.0,,,https://en.wikipedia.org/wiki/Pa%C5%9Fakap%C4%B1s%C4%B1_Prison,http://www.wikidata.org/entity/Q811979,"('41.017305', '29.014192')"
2701,,41.104088,29.02461,Radio ITU,,C,yellow,,,radio station,,Point(29.02461 41.104088),11.607,http://www.wikidata.org/entity/Q7280846,2.0,,,https://en.wikipedia.org/wiki/Radio_ITU,http://www.wikidata.org/entity/Q14350,"('41.104088', '29.02461')"
2702,,40.983035,29.028677,St. Joseph High School,,C,yellow,,,high school,,Point(29.028677 40.983035),5.136,http://www.wikidata.org/entity/Q7589318,2.0,,,"https://en.wikipedia.org/wiki/Lyc%C3%A9e_Saint-Joseph,_Istanbul",http://www.wikidata.org/entity/Q9826,"('40.983035', '29.028677')"
2703,,41.014085,29.029292,TVF 50th Anniversary Sport Hall,,C,yellow,,,sports venue,,Point(29.029292 41.014085),4.563,http://www.wikidata.org/entity/Q7672179,2.0,,,https://en.wikipedia.org/wiki/TVF_50th_Anniversary_Sport_Hall,http://www.wikidata.org/entity/Q1076486,"('41.014085', '29.029292')"
2704,,41.0006,29.1008,Varyap Meridian Grand Tower 1,,C,yellow,,,building,,Point(29.1008 41.0006),10.503,http://www.wikidata.org/entity/Q7916261,2.0,,,https://en.wikipedia.org/wiki/Varyap_Meridian_A_Block,http://www.wikidata.org/entity/Q41176,"('41.0006', '29.1008')"
2705,,41.022438888889,29.009230555556,Şemsipaşa İlköğretim Okulu,,C,yellow,,,architectural structure,,Point(29.009230555 41.022438888),3.32,http://www.wikidata.org/entity/Q8082469,2.0,,,https://en.wikipedia.org/wiki/%C5%9Eemsipa%C5%9Fa_Primary_School,http://www.wikidata.org/entity/Q811979,"('41.022438888889', '29.009230555556')"
2709,,41.04416667,29.01704722,Şeref Stadium,,C,yellow,,,stadium,,Point(29.01704722 41.04416667),5.439,http://www.wikidata.org/entity/Q8082488,2.0,,,https://en.wikipedia.org/wiki/%C5%9Eeref_Stadium,http://www.wikidata.org/entity/Q483110,"('41.04416667', '29.01704722')"
2711,,41.013138888889,28.9845,Library of Ahmet III,,C,yellow,,,historic building,,Point(28.9845 41.013138888),1.043,http://www.wikidata.org/entity/Q9170745,2.0,,,,http://www.wikidata.org/entity/Q35112127,"('41.013138888889', '28.9845')"
2713,,40.9952823,29.0646536,Istanbul Medeniyet University,,C,yellow,,,public university,,Point(29.0646536 40.9952823),7.552,http://www.wikidata.org/entity/Q11158752,2.0,,,https://en.wikipedia.org/wiki/Istanbul_Medeniyet_University,http://www.wikidata.org/entity/Q875538,"('40.9952823', '29.0646536')"
2714,,41.05,29.038333333333,Battle of the Bosporus,,C,yellow,,,naval battle,,Point(29.038333333 41.05),7.14,http://www.wikidata.org/entity/Q11908797,2.0,,,https://en.wikipedia.org/wiki/Battle_of_the_Bosporus,http://www.wikidata.org/entity/Q1261499,"('41.05', '29.038333333333')"
2715,,41.048778,28.97379,St. Demetrius,,C,yellow,,,church building,,Point(28.97379 41.048778),4.717,http://www.wikidata.org/entity/Q12293161,2.0,,,,http://www.wikidata.org/entity/Q16970,"('41.048778', '28.97379')"
2717,,41.044944444444,29.045944444444,Beylerbeyi Hamam,,C,yellow,,,hammam,,Point(29.045944444 41.044944444),7.276,http://www.wikidata.org/entity/Q12808839,2.0,,,,http://www.wikidata.org/entity/Q28077,"('41.044944444444', '29.045944444444')"
2718,,41.012867,28.9583511,Direklerarası,,C,yellow,,,shop,,Point(28.9583511 41.012867),1.637,http://www.wikidata.org/entity/Q12809227,2.0,,,,http://www.wikidata.org/entity/Q213441,"('41.012867', '28.9583511')"
2720,,41.012138888889,28.972805555556,Pembe Konak,,C,yellow,,,konak,,Point(28.972805555 41.012138888),0.69,http://www.wikidata.org/entity/Q12811358,2.0,,,,http://www.wikidata.org/entity/Q522124,"('41.012138888889', '28.972805555556')"
2722,,41.004901063862,28.931510351368,Ramazan Efendi Mosque,,C,yellow,,,architectural structure,,Point(28.931510351 41.004901063),3.726,http://www.wikidata.org/entity/Q12811487,2.0,,,,http://www.wikidata.org/entity/Q811979,"('41.004901063862', '28.931510351368')"
2725,,41.043327,28.935932,Semiz Ali Paşa Fountain,,C,yellow,,,building,,Point(28.935932 41.043327),5.301,http://www.wikidata.org/entity/Q12811628,2.0,,,,http://www.wikidata.org/entity/Q41176,"('41.043327', '28.935932')"
2726,,41.0305352,29.0870195,Tantavi,,C,yellow,,,mahalle,,Point(29.0870195 41.0305352),9.704,http://www.wikidata.org/entity/Q12812073,2.0,,,,http://www.wikidata.org/entity/Q17051044,"('41.0305352', '29.0870195')"
2727,,41.009468331597,28.972000708314,Vezir Hanı,,C,yellow,,,caravanserai,,Point(28.972000708 41.009468331),0.473,http://www.wikidata.org/entity/Q12812452,2.0,,,,http://www.wikidata.org/entity/Q186347,"('41.009468331597', '28.972000708314')"
2729,,41.049027777778,28.9415,Çavuşbaşı Mosque,,C,yellow,,,architectural structure,,Point(28.9415 41.049027777),5.55,http://www.wikidata.org/entity/Q12812755,2.0,,,,http://www.wikidata.org/entity/Q811979,"('41.049027777778', '28.9415')"
2733,,41.039093,28.9909401,ITU Fuat Kulunk High Voltage Laboratory,,C,yellow,,,factory,,Point(28.9909401 41.039093),3.851,http://www.wikidata.org/entity/Q12812885,2.0,,,https://en.wikipedia.org/wiki/Istanbul_Technical_University_Fuat_Kulunk_High_Voltage_Laboratory,http://www.wikidata.org/entity/Q83405,"('41.039093', '28.9909401')"
2737,,41.02755624077,28.954696991134,Sinan Pasha Mosque,,C,yellow,,,mescit,,Point(28.954696991 41.02755624),2.949,http://www.wikidata.org/entity/Q12884478,2.0,,,,http://www.wikidata.org/entity/Q1238457,"('41.02755624077', '28.954696991134')"
2739,,41.004777007816,28.952489546434,Yenikapı railway station,,C,yellow,,,interchange station,,Point(28.952489546 41.004777007),1.97,http://www.wikidata.org/entity/Q15136731,2.0,,,https://en.wikipedia.org/wiki/Yenikap%C4%B1_railway_station,http://www.wikidata.org/entity/Q1147171,"('41.004777007816', '28.952489546434')"
2743,,41.0703,29.0294,Ulus Ashkenazi Jewish Cemetery,,C,yellow,,,Jewish cemetery,,Point(29.0294 41.0703),8.406,http://www.wikidata.org/entity/Q16902303,2.0,,,https://en.wikipedia.org/wiki/Ulus_Ashkenazi_Jewish_Cemetery,http://www.wikidata.org/entity/Q846659,"('41.0703', '29.0294')"
2744,,41.1087746,29.0085455,MEF University,,C,yellow,,,university,,Point(29.0085455 41.1087746),11.71,http://www.wikidata.org/entity/Q16951274,2.0,,,https://en.wikipedia.org/wiki/MEF_University,http://www.wikidata.org/entity/Q3918,"('41.1087746', '29.0085455')"
2745,,41.08166667,29.06972222,Marmara Üniversitesi Spor,,C,yellow,,,women's association football team,,Point(29.06972222 41.08166667),11.49,http://www.wikidata.org/entity/Q17000884,2.0,,,https://en.wikipedia.org/wiki/Marmara_%C3%9Cniversitesi_Spor,http://www.wikidata.org/entity/Q28140340,"('41.08166667', '29.06972222')"
2746,,41.0676385,29.0166373,Zorlu PSM,,C,yellow,,,performing arts center,,Point(29.0166373 41.0676385),7.621,http://www.wikidata.org/entity/Q18385664,2.0,,,https://en.wikipedia.org/wiki/Zorlu_PSM,http://www.wikidata.org/entity/Q3469910,"('41.0676385', '29.0166373')"
2751,,41.03316,28.98184,Ağa hamamı,,C,yellow,,,hammam,,Point(28.98184 41.03316),3.019,http://www.wikidata.org/entity/Q18694451,2.0,,,,http://www.wikidata.org/entity/Q28077,"('41.03316', '28.98184')"
2752,,40.9829636,29.0213833,Istanbul Kadıkoy High School,,C,yellow,,,pavilion,,Point(29.0213833 40.9829636),4.623,http://www.wikidata.org/entity/Q19361472,2.0,,,,http://www.wikidata.org/entity/Q276173,"('40.9829636', '29.0213833')"
2756,,40.9567666,29.1023139,Bostancı Show Center,,C,yellow,,,concert hall,,Point(29.1023139 40.9567666),11.962,http://www.wikidata.org/entity/Q19610826,2.0,,,https://en.wikipedia.org/wiki/Bostanc%C4%B1_Show_Center,http://www.wikidata.org/entity/Q1060829,"('40.9567666', '29.1023139')"
2758,,40.9948,29.0392,Kaptan Hasan Paşa Mosque,,C,yellow,,,mosque,,Point(29.0392 40.9948),5.468,http://www.wikidata.org/entity/Q19611609,2.0,,,,http://www.wikidata.org/entity/Q32815,"('40.9948', '29.0392')"
2759,,41.026027777778,28.976555555556,Papadopulos Apartmanı,,C,yellow,,,building,,Point(28.976555555 41.026027777),2.185,http://www.wikidata.org/entity/Q19612242,2.0,,,,http://www.wikidata.org/entity/Q41176,"('41.026027777778', '28.976555555556')"
2760,,41.067888888889,29.04525,Tevfikiye Mosque,,C,yellow,,,architectural structure,,Point(29.04525 41.067888888),8.979,http://www.wikidata.org/entity/Q19612704,2.0,,,,http://www.wikidata.org/entity/Q811979,"('41.067888888889', '29.04525')"
2763,,41.01973261216,28.920614729988,Topkapı (T4),,C,yellow,,,interchange station,,Point(28.920614729 41.019732612),4.868,http://www.wikidata.org/entity/Q19612761,2.0,,,,http://www.wikidata.org/entity/Q1147171,"('41.01973261216', '28.920614729988')"
2766,,41.03626,28.971351,Kasımpaşa Mevlevihanesi,,C,yellow,,,Mevlevi Order,,Point(28.971351 41.03626),3.344,http://www.wikidata.org/entity/Q19737696,2.0,,,,http://www.wikidata.org/entity/Q659567,"('41.03626', '28.971351')"
2768,,41.028939293567,29.114189134259,Npistanbul Brain Hospital,,C,yellow,,,private hospital,,Point(29.114189134 41.028939293),11.872,http://www.wikidata.org/entity/Q20047274,2.0,,,https://en.wikipedia.org/wiki/Npistanbul_Brain_Hospital,http://www.wikidata.org/entity/Q4284971,"('41.028939293567', '29.114189134259')"
2769,,41.005157771294,28.951504010859,Yenikapı railway station,,C,yellow,,,interchange station,,Point(28.95150401 41.005157771),2.049,http://www.wikidata.org/entity/Q20050316,2.0,,,,http://www.wikidata.org/entity/Q1147171,"('41.005157771294', '28.951504010859')"
2772,,41.0222667,29.0144308,Aziz Mahmud Hüdayi Mosque,,C,yellow,,,architectural structure,,Point(29.0144308 41.0222667),3.686,http://www.wikidata.org/entity/Q20471234,2.0,,,,http://www.wikidata.org/entity/Q811979,"('41.0222667', '29.0144308')"
2775,,41.0081,28.9347,Surp Hagop Church,,C,yellow,,,church building,,Point(28.9347 41.0081),3.46,http://www.wikidata.org/entity/Q20471265,2.0,,,,http://www.wikidata.org/entity/Q16970,"('41.0081', '28.9347')"
2776,,41.003361111111,28.951444444444,Q20471328,,C,yellow,,,church building,,Point(28.951444444 41.003361111),2.077,http://www.wikidata.org/entity/Q20471328,2.0,,,,http://www.wikidata.org/entity/Q16970,"('41.003361111111', '28.951444444444')"
2777,,41.05375,28.981027777778,Surp Vartanants Church,,C,yellow,,,church building,,Point(28.981027777 41.05375),5.285,http://www.wikidata.org/entity/Q20471335,2.0,,,,http://www.wikidata.org/entity/Q16970,"('41.05375', '28.981027777778')"
2778,,41.071861,29.060313,Q20471341,,C,yellow,,,church building,,Point(29.060313 41.071861),10.157,http://www.wikidata.org/entity/Q20471341,2.0,,,,http://www.wikidata.org/entity/Q16970,"('41.071861', '29.060313')"
2779,,41.1023,29.0512,Surp Yerits Mangants Church,,C,yellow,,,church building,,Point(29.0512 41.1023),12.395,http://www.wikidata.org/entity/Q20471345,2.0,,,,http://www.wikidata.org/entity/Q16970,"('41.1023', '29.0512')"
2780,,41.037027,28.978555,Tarlabaşı Meryemana Metropolitan Church,,C,yellow,,,architectural structure,,Point(28.978555 41.037027),3.415,http://www.wikidata.org/entity/Q20471688,2.0,,,,http://www.wikidata.org/entity/Q811979,"('41.037027', '28.978555')"
2782,,41.013775,28.985647,Grand Kiosk,,C,yellow,,,pavilion,,Point(28.985647 41.013775),1.161,http://www.wikidata.org/entity/Q20471823,2.0,,,,http://www.wikidata.org/entity/Q276173,"('41.013775', '28.985647')"
2784,,41.039,29.0459,Beylerbeyi 75. Yıl Stadium,,C,yellow,,,stadium,,Point(29.0459 41.039),6.904,http://www.wikidata.org/entity/Q20472213,2.0,,,https://en.wikipedia.org/wiki/Beylerbeyi_75._Y%C4%B1l_Stadium,http://www.wikidata.org/entity/Q483110,"('41.039', '29.0459')"
2785,,40.909305555556,29.053027777778,Kınalıada Surp Krikor Lusavoriç Church,,C,yellow,,,church building,,Point(29.053027777 40.909305555),12.589,http://www.wikidata.org/entity/Q20472605,2.0,,,,http://www.wikidata.org/entity/Q16970,"('40.909305555556', '29.053027777778')"
2786,,41.0347328,28.9796486,Cercle d'Orient,,C,yellow,,,historic building,,Point(28.9796486 41.0347328),3.168,http://www.wikidata.org/entity/Q20473809,2.0,,,,http://www.wikidata.org/entity/Q35112127,"('41.0347328', '28.9796486')"
2787,,41.05125,28.947416666667,Q20474279,,C,yellow,,,church building,,Point(28.947416666 41.05125),5.53,http://www.wikidata.org/entity/Q20474279,2.0,,,,http://www.wikidata.org/entity/Q16970,"('41.05125', '28.947416666667')"
2788,,41.017024,29.046546,Haydarpaşa High School,,C,yellow,,,secondary school,,Point(29.046546 41.017024),6.047,http://www.wikidata.org/entity/Q20474745,2.0,,,https://en.wikipedia.org/wiki/Haydarpa%C5%9Fa_High_School,http://www.wikidata.org/entity/Q159334,"('41.017024', '29.046546')"
2789,,41.00834,28.973294,Divanyolu Fountain,,C,yellow,,,fountain,,Point(28.973349639 41.008266972),0.298,http://www.wikidata.org/entity/Q20474865,2.0,,,,http://www.wikidata.org/entity/Q483453,"('41.00834', '28.973294')"
2793,,41.022583333333,29.010694444444,Üsküdar Mevlevihanesi,,C,yellow,,,mevlevihane,,Point(29.010694444 41.022583333),3.432,http://www.wikidata.org/entity/Q20476952,2.0,,,,http://www.wikidata.org/entity/Q12810851,"('41.022583333333', '29.010694444444')"
2794,,41.014527777778,28.917055555556,Yenikapı Mevlevihanesi,,C,yellow,,,Sufi lodge,,Point(28.917055555 41.014527777),5.017,http://www.wikidata.org/entity/Q20476965,2.0,,,,http://www.wikidata.org/entity/Q833913,"('41.014527777778', '28.917055555556')"
2796,,41.060498,29.035557,Q20476987,,C,yellow,,,church building,,Point(29.035557 41.060498),7.827,http://www.wikidata.org/entity/Q20476987,2.0,,,,http://www.wikidata.org/entity/Q16970,"('41.060498', '29.035557')"
2797,,40.958232980605,28.820277405179,Yeşilköy Greek School,,C,yellow,,,primary school,,Point(28.820277405 40.95823298),14.115,http://www.wikidata.org/entity/Q20477007,2.0,,,,http://www.wikidata.org/entity/Q9842,"('40.958232980605', '28.820277405179')"
2798,,41.030460377935,28.976251332249,The Union Church of Istanbul,,C,yellow,,,Protestant church,,Point(28.976251332 41.030460377),2.678,http://www.wikidata.org/entity/Q20949744,2.0,,,https://en.wikipedia.org/wiki/The_Union_Church_of_Istanbul,http://www.wikidata.org/entity/Q346575,"('41.030460377935', '28.976251332249')"
2800,,41.046111111111,28.943,Mihrişah Valide Sultan Mosque (Beyoğlu),,C,yellow,,,barracks,,Point(28.943 41.046111111),5.207,http://www.wikidata.org/entity/Q21523706,2.0,,,,http://www.wikidata.org/entity/Q131263,"('41.046111111111', '28.943')"
2804,,41.03777778,28.97666667,Agios Konstantinos and Agia Eleni Church,,C,yellow,,,church building,,Point(28.97666667 41.03777778),3.492,http://www.wikidata.org/entity/Q21524121,2.0,,,,http://www.wikidata.org/entity/Q16970,"('41.03777778', '28.97666667')"
2805,,41.0829914,29.0525186,Albert Long Hall,,C,yellow,,,school building,,Point(29.0525186 41.0829914),10.671,http://www.wikidata.org/entity/Q21524500,2.0,,,,http://www.wikidata.org/entity/Q1244442,"('41.0829914', '29.0525186')"
2806,,41.0373619,28.9833498,Tarlabaşı Boulevard,,C,yellow,,,boulevard,,Point(28.9833498 41.0373619),3.501,http://www.wikidata.org/entity/Q21524505,2.0,,,,http://www.wikidata.org/entity/Q54114,"('41.0373619', '28.9833498')"
2807,,41.008166666667,28.971194444444,Q21526486,,C,yellow,,,caravanserai,,Point(28.971194444 41.008166666),0.44,http://www.wikidata.org/entity/Q21526486,2.0,,,https://en.wikipedia.org/wiki/El%C3%A7i_Han,http://www.wikidata.org/entity/Q186347,"('41.008166666667', '28.971194444444')"
2810,,41.035111111111,28.980694444444,Hüseyin Ağa Mosque,,C,yellow,,,architectural structure,,Point(28.980694444 41.035111111),3.22,http://www.wikidata.org/entity/Q21600692,2.0,,,,http://www.wikidata.org/entity/Q811979,"('41.035111111111', '28.980694444444')"
2813,,41.071583330556,28.963722219444,Sa'dabad Pavilion,,C,yellow,,,palace,,Point(28.963722219 41.07158333),7.321,http://www.wikidata.org/entity/Q25212994,2.0,,,https://en.wikipedia.org/wiki/Sa%27dabad_Pavilion,http://www.wikidata.org/entity/Q16560,"('41.071583330556', '28.963722219444')"
2815,,41.02264722,28.97671111,Kemankeş Mosque,,C,yellow,,,historic building,,Point(28.97671111 41.02264722),1.81,http://www.wikidata.org/entity/Q25472937,2.0,,,,http://www.wikidata.org/entity/Q35112127,"('41.02264722', '28.97671111')"
2817,,41.12027778,29.06805556,Aya Nikola Rum Ortodoks Kilisesi,,C,yellow,,,church building,,Point(29.06805556 41.12027778),14.836,http://www.wikidata.org/entity/Q25474880,2.0,,,,http://www.wikidata.org/entity/Q16970,"('41.12027778', '29.06805556')"
2818,,41.03706942744,28.944651611118,Aya Dimitri Kilisesi,,C,yellow,,,church building,,Point(28.944651611 41.037069427),4.301,http://www.wikidata.org/entity/Q25475109,2.0,,,,http://www.wikidata.org/entity/Q16970,"('41.03706942744', '28.944651611118')"
2819,,41.034166666667,28.975833333333,Consulate General of the United Kingdom in Istanbul,,C,yellow,,,consulate general,,Point(28.975833333 41.034166666),3.089,http://www.wikidata.org/entity/Q25476710,2.0,,,,http://www.wikidata.org/entity/Q372690,"('41.034166666667', '28.975833333333')"
2820,,40.998611111111,28.945555555556,Yenikapı Square,,C,yellow,,,square,,Point(28.945555555 40.998611111),2.687,http://www.wikidata.org/entity/Q25477354,2.0,,,,http://www.wikidata.org/entity/Q174782,"('40.998611111111', '28.945555555556')"
2822,,41.00444444,28.96333333,Kumkapı Ayia Panayia Elpida Greek Orthodox Church,,C,yellow,,,church building,,Point(28.96333333 41.00444444),1.074,http://www.wikidata.org/entity/Q25477508,2.0,,,,http://www.wikidata.org/entity/Q16970,"('41.00444444', '28.96333333')"
2823,,41.025194444444,28.978138888889,Karaköy Aya Nikola Church,,C,yellow,,,church building,,Point(28.978138888 41.025194444),2.1,http://www.wikidata.org/entity/Q25477759,2.0,,,,http://www.wikidata.org/entity/Q16970,"('41.025194444444', '28.978138888889')"
2824,,41.03027778,28.93583333,Edirnekapı Agios Georgios Church,,C,yellow,,,church building,,Point(28.93583333 41.03027778),4.283,http://www.wikidata.org/entity/Q25477760,2.0,,,,http://www.wikidata.org/entity/Q16970,"('41.03027778', '28.93583333')"
2825,,41.00487,28.96619,"Church of St Kyriaki, Kumkapı",,C,yellow,,,church building,,Point(28.96619 41.00487),0.83,http://www.wikidata.org/entity/Q25477928,2.0,,,,http://www.wikidata.org/entity/Q16970,"('41.00487', '28.96619')"
2826,,41.047043,29.009089,Conrad Istanbul Bosphorus,,C,yellow,,,architectural structure,,Point(29.009089 41.047043),5.311,http://www.wikidata.org/entity/Q26734729,2.0,,,,http://www.wikidata.org/entity/Q811979,"('41.047043', '29.009089')"
2838,,40.99563,28.83149,October 2016 Istanbul bombing,,C,yellow,,,terrorist attack,,Point(28.83149 40.99563),12.175,http://www.wikidata.org/entity/Q27628600,2.0,,,https://en.wikipedia.org/wiki/October_2016_Istanbul_bombing,http://www.wikidata.org/entity/Q2223653,"('40.99563', '28.83149')"
2839,,41.005108,28.941742,Haydarpaşa Numune Eğitim ve Araştırma Hastanesi,,C,yellow,,,medical organization,,Point(28.941742 41.005108),2.867,http://www.wikidata.org/entity/Q30279740,2.0,,,,http://www.wikidata.org/entity/Q4287745,"('41.005108', '28.941742')"
2841,,41.033583333333,28.984305555556,Istanbul Kent University,,C,yellow,,,foundation,,Point(28.984305555 41.033583333),3.106,http://www.wikidata.org/entity/Q30312829,2.0,,,,http://www.wikidata.org/entity/Q157031,"('41.033583333333', '28.984305555556')"
2843,,41.108611111111,29.015,"Polish Consulate General, Istanbul",,C,yellow,,,consulate general,,Point(29.015 41.108611111),11.831,http://www.wikidata.org/entity/Q30909265,2.0,,,,http://www.wikidata.org/entity/Q372690,"('41.108611111111', '29.015')"
2844,,41.058472222222,28.980083333333,Bomonti Brewing Company,,C,yellow,,,brewery,,Point(28.980083333 41.058472222),5.803,http://www.wikidata.org/entity/Q31187693,2.0,,,,http://www.wikidata.org/entity/Q131734,"('41.058472222222', '28.980083333333')"
2845,,41.048611111111,29.028694444444,Naime Sultan Yalısı,,C,yellow,,,yalı,,Point(29.028694444 41.048611111),6.456,http://www.wikidata.org/entity/Q31187732,2.0,,,,http://www.wikidata.org/entity/Q2142647,"('41.048611111111', '29.028694444444')"
2846,,41.0416191,28.9692374,İstiklal,,C,yellow,,,mahalle,,Point(28.9692374 41.0416191),3.957,http://www.wikidata.org/entity/Q31187763,2.0,,,,http://www.wikidata.org/entity/Q17051044,"('41.0416191', '28.9692374')"
2847,,41.061666666667,28.994444444444,"Consulate General of Northern Cyprus, Istanbul",,C,yellow,,,consulate general,,Point(28.994444444 41.061666666),6.341,http://www.wikidata.org/entity/Q31188633,2.0,,,,http://www.wikidata.org/entity/Q372690,"('41.061666666667', '28.994444444444')"
2848,,41.041111111111,28.951138888889,Hasköy Agia Paraskevi Church,,C,yellow,,,church building,,Point(28.951138888 41.041111111),4.384,http://www.wikidata.org/entity/Q31188745,2.0,,,,http://www.wikidata.org/entity/Q16970,"('41.041111111111', '28.951138888889')"
2849,,41.035816,28.945261,Ayvansaray Panayia Balino Church,,C,yellow,,,architectural structure,,Point(28.945261 41.035816),4.16,http://www.wikidata.org/entity/Q31188778,2.0,,,,http://www.wikidata.org/entity/Q811979,"('41.035816', '28.945261')"
2851,,41.051916666667,28.931944444444,Kaşgari Murtaza Efendi Mosque,,C,yellow,,,architectural structure,,Point(28.931944444 41.051916666),6.262,http://www.wikidata.org/entity/Q31189264,2.0,,,,http://www.wikidata.org/entity/Q811979,"('41.051916666667', '28.931944444444')"
2855,,41.047027777778,28.933555555556,Saçlı Abdülkadir Efendi Mosque,,C,yellow,,,architectural structure,,Point(28.933555555 41.047027777),5.747,http://www.wikidata.org/entity/Q31189278,2.0,,,,http://www.wikidata.org/entity/Q811979,"('41.047027777778', '28.933555555556')"
2858,,41.0162201,28.9553509,Gazanfer Ağa Medresesi,,C,yellow,,,madrasa,,Point(28.9553509 41.0162201),2.04,http://www.wikidata.org/entity/Q31189333,2.0,,,,http://www.wikidata.org/entity/Q132834,"('41.0162201', '28.9553509')"
2859,,41.045944444444,28.934694444444,Kızıl Mosque,,C,yellow,,,architectural structure,,Point(28.934694444 41.045944444),5.593,http://www.wikidata.org/entity/Q31189480,2.0,,,,http://www.wikidata.org/entity/Q811979,"('41.045944444444', '28.934694444444')"
2862,,41.0480881,28.9352455,Izzet Efendi Tomb,,C,yellow,,,türbe,,Point(28.9352455 41.0480881),5.755,http://www.wikidata.org/entity/Q31189535,2.0,,,,http://www.wikidata.org/entity/Q838159,"('41.0480881', '28.9352455')"
2863,,41.025388888889,28.968638888889,Saliha Sultan Fountain,,C,yellow,,,fountain,,Point(28.968638888 41.025388888),2.199,http://www.wikidata.org/entity/Q31189993,2.0,,,,http://www.wikidata.org/entity/Q483453,"('41.025388888889', '28.968638888889')"
2865,,41.008444444444,28.969111111111,Mimar Hayreddin Mosque,,C,yellow,,,architectural structure,,Point(28.969111111 41.008444444),0.612,http://www.wikidata.org/entity/Q31190453,2.0,,,,http://www.wikidata.org/entity/Q811979,"('41.008444444444', '28.969111111111')"
2868,,41.044555555556,28.9355,Selahi Mehmet Efendi Mosque,,C,yellow,,,architectural structure,,Point(28.9355 41.044555555),5.43,http://www.wikidata.org/entity/Q31190593,2.0,,,,http://www.wikidata.org/entity/Q811979,"('41.044555555556', '28.9355')"
2871,,41.043666666667,29.008527777778,Serhazin Suleiman Amber Agha Mosque,,C,yellow,,,architectural structure,,Point(29.008527777 41.043666666),4.969,http://www.wikidata.org/entity/Q31190970,2.0,,,,http://www.wikidata.org/entity/Q811979,"('41.043666666667', '29.008527777778')"
2874,,41.042888888889,29.003,Kaptan İbrahim Ağa Mosque,,C,yellow,,,architectural structure,,Point(29.003 41.042888888),4.654,http://www.wikidata.org/entity/Q31190969,2.0,,,,http://www.wikidata.org/entity/Q811979,"('41.042888888889', '29.003')"
2877,,41.046138888889,29.006027777778,Abbasağa Park,,C,yellow,,,urban park,,Point(29.006027777 41.046138888),5.093,http://www.wikidata.org/entity/Q31190981,2.0,,,,http://www.wikidata.org/entity/Q22746,"('41.046138888889', '29.006027777778')"
2878,,41.031888888889,28.975555555556,Odakule,,C,yellow,,,building,,Point(28.975555555 41.031888888),2.836,http://www.wikidata.org/entity/Q31190998,2.0,,,,http://www.wikidata.org/entity/Q41176,"('41.031888888889', '28.975555555556')"
2879,,41.050408618679,29.011006700012,Great Mabeyn Pavilion,,C,yellow,,,pavilion,,Point(29.0110067 41.050408618),5.714,http://www.wikidata.org/entity/Q31191094,2.0,,,,http://www.wikidata.org/entity/Q276173,"('41.050408618679', '29.011006700012')"
2882,,41.023651702729,28.948685767869,Q31191536,,C,yellow,,,building,,Point(28.948685767 41.023651702),2.982,http://www.wikidata.org/entity/Q31191536,2.0,,,,http://www.wikidata.org/entity/Q41176,"('41.023651702729', '28.948685767869')"
2883,,41.026794411565,28.947861387724,İsmailağa Mosque,,C,yellow,,,architectural structure,,Point(28.947861387 41.026794411),3.267,http://www.wikidata.org/entity/Q31192524,2.0,,,,http://www.wikidata.org/entity/Q811979,"('41.026794411565', '28.947861387724')"
2886,,41.117666666667,28.993555555556,Mehmet Rıfat Evyap Vocational and Technical Anatolian High School,,C,yellow,,,secondary school,,Point(28.993555555 41.117666666),12.462,http://www.wikidata.org/entity/Q31192547,2.0,,,,http://www.wikidata.org/entity/Q159334,"('41.117666666667', '28.993555555556')"
2887,,41.0435,28.936194444444,Cezeri Kasım Pasha Mosque,,C,yellow,,,architectural structure,,Point(28.936194444 41.0435),5.302,http://www.wikidata.org/entity/Q31193307,2.0,,,,http://www.wikidata.org/entity/Q811979,"('41.0435', '28.936194444444')"
2890,,40.969001046269,29.038198943207,Fenerbahçe railway station,,C,yellow,,,former railway station,,Point(29.038198943 40.969001046),6.681,http://www.wikidata.org/entity/Q43398836,2.0,,,https://en.wikipedia.org/wiki/Fenerbah%C3%A7e_railway_station,http://www.wikidata.org/entity/Q4663385,"('40.969001046269', '29.038198943207')"
2892,,40.9936626347,29.047099739351,Fikirtepe,,C,yellow,,,bus stop,,Point(29.047099739 40.993662634),6.142,http://www.wikidata.org/entity/Q48802661,2.0,,,https://en.wikipedia.org/wiki/Fikirtepe_(Metrobus),http://www.wikidata.org/entity/Q953806,"('40.9936626347', '29.047099739351')"
2894,,40.999094835329,29.056751403337,Uzunçayır,,C,yellow,,,bus stop,,Point(29.056751403 40.999094835),6.835,http://www.wikidata.org/entity/Q48802664,2.0,,,https://en.wikipedia.org/wiki/Uzun%C3%A7ay%C4%B1r_(Metrobus),http://www.wikidata.org/entity/Q953806,"('40.999094835329', '29.056751403337')"
2897,,41.02388889,28.93416667,Fatih Mimar Sinan Stadium,,C,yellow,,,stadium,,Point(28.93416667 41.02388889),4.004,http://www.wikidata.org/entity/Q48805199,2.0,,,https://en.wikipedia.org/wiki/Fatih_Mimar_Sinan_Stadium,http://www.wikidata.org/entity/Q483110,"('41.02388889', '28.93416667')"
2898,,41.028377710041,28.97411493205,Metrohan Building,,C,yellow,,,shopping arcade,,Point(28.974114932 41.02837771),2.45,http://www.wikidata.org/entity/Q48805625,2.0,,,https://en.wikipedia.org/wiki/Metrohan_Building,http://www.wikidata.org/entity/Q97495053,"('41.028377710041', '28.97411493205')"
2900,,40.952278017911,29.092536253173,İDO Bostancı Terminal,,C,yellow,,,pier,,Point(29.092536253 40.952278017),11.493,http://www.wikidata.org/entity/Q48989391,2.0,,,https://en.wikipedia.org/wiki/Bostanc%C4%B1_Ferry_Terminal,http://www.wikidata.org/entity/Q863454,"('40.952278017911', '29.092536253173')"
2902,,41.0068194444,28.9545138889,Yenikapı Ayios Teodoros Greek Orthodox Church,,C,yellow,,,architectural structure,,Point(28.954513888 41.006819444),1.793,http://www.wikidata.org/entity/Q55222127,2.0,,,,http://www.wikidata.org/entity/Q811979,"('41.0068194444', '28.9545138889')"
2908,,41.048333333333,29.0265,Ayios Fokas Church,,C,yellow,,,architectural structure,,Point(29.0265 41.048333333),6.308,http://www.wikidata.org/entity/Q59238241,2.0,,,,http://www.wikidata.org/entity/Q811979,"('41.048333333333', '29.0265')"
2910,,40.998416666667,29.03,Ayrılık Çeşmesi,,C,yellow,,,fountain,,Point(29.03 40.998416666),4.628,http://www.wikidata.org/entity/Q61071689,2.0,,,,http://www.wikidata.org/entity/Q483453,"('40.998416666667', '29.03')"
2912,,41.103072597394,28.994672702975,Seyrantepe,,C,yellow,,,interchange station,,Point(28.994672702 41.103072597),10.866,http://www.wikidata.org/entity/Q61072932,2.0,,,,http://www.wikidata.org/entity/Q1147171,"('41.103072597394', '28.994672702975')"
2917,,41.0102272,28.9661446,Used-Book Bazaar,,C,yellow,,,bazaar,,Point(28.9661446 41.0102272),0.921,http://www.wikidata.org/entity/Q61073240,2.0,,,,http://www.wikidata.org/entity/Q219760,"('41.0102272', '28.9661446')"
2919,,41.015699,28.974676,Sanasaryan Han,,C,yellow,,,inn,,Point(28.974676 41.015699),1.041,http://www.wikidata.org/entity/Q61074631,2.0,,,,http://www.wikidata.org/entity/Q256020,"('41.015699', '28.974676')"
2920,,41.08858,29.05674,Ali Pertek Mosque,,C,yellow,,,historic building,,Point(29.05674 41.08858),11.381,http://www.wikidata.org/entity/Q64517880,2.0,,,,http://www.wikidata.org/entity/Q35112127,"('41.08858', '29.05674')"
2922,,41.026411,28.980152,Argyropolis (Thrace),,C,yellow,,,Aquis griseinigra,,Point(28.980152 41.026411),2.256,http://www.wikidata.org/entity/Q65051580,2.0,,,https://en.wikipedia.org/wiki/Argyropolis_(Thrace),http://www.wikidata.org/entity/Q15661341,"('41.026411', '28.980152')"
2923,,41.01194444,28.97611111,Istanbul Governor's Office,,C,yellow,,,building,,Point(28.97611111 41.01194444),0.619,http://www.wikidata.org/entity/Q65054435,2.0,,,https://en.wikipedia.org/wiki/Istanbul_Governor%27s_Office,http://www.wikidata.org/entity/Q41176,"('41.01194444', '28.97611111')"
2924,,41.009536,28.959835,İstanbul Üniversitesi Rıdvan Çelikel Arkeoloji Müzesi,,C,yellow,,,museum,,Point(28.959835 41.009536),1.391,http://www.wikidata.org/entity/Q68219486,2.0,,,,http://www.wikidata.org/entity/Q33506,"('41.009536', '28.959835')"
2925,,41.015222222222,28.972361111111,Germanya Han,,C,yellow,,,office building,,Point(28.972361111 41.015222222),1.026,http://www.wikidata.org/entity/Q85970750,2.0,,,,http://www.wikidata.org/entity/Q1021645,"('41.015222222222', '28.972361111111')"
2927,,41.012805555556,28.962305555556,Kaptan-ı Derya Basmacızade İbrahim Paşa Mosque,,C,yellow,,,külliye,,Point(28.962305555 41.012805555),1.344,http://www.wikidata.org/entity/Q85971804,2.0,,,,http://www.wikidata.org/entity/Q71974,"('41.012805555556', '28.962305555556')"
2931,,41.02225,28.9715,Makbul İbrahim Pasha Mosque,,C,yellow,,,architectural structure,,Point(28.9715 41.02225),1.802,http://www.wikidata.org/entity/Q85972749,2.0,,,,http://www.wikidata.org/entity/Q811979,"('41.02225', '28.9715')"
2936,,41.05055,28.93519,Eyüpsultan Teleferik,,C,yellow,,,tram stop,,Point(28.93519 41.05055),5.98,http://www.wikidata.org/entity/Q97204948,2.0,,,,http://www.wikidata.org/entity/Q2175765,"('41.05055', '28.93519')"
2937,,41.045,28.994083333333,Q97205150,,C,yellow,,,fountain,,Point(28.994083333 41.045),4.558,http://www.wikidata.org/entity/Q97205150,2.0,,,,http://www.wikidata.org/entity/Q483453,"('41.045', '28.994083333333')"
2938,,41.05343,28.93332,Piyer Loti,,C,yellow,,,aerial tramway station,,Point(28.93332 41.05343),6.333,http://www.wikidata.org/entity/Q97205912,2.0,,,,http://www.wikidata.org/entity/Q44696264,"('41.05343', '28.93332')"
2940,,41.08781,28.86693,50. Yıl - Baştabya,,C,yellow,,,tram stop,,Point(28.86693 41.08781),12.862,http://www.wikidata.org/entity/Q97206991,2.0,,,,http://www.wikidata.org/entity/Q2175765,"('41.08781', '28.86693')"
2941,,40.98939,29.02882,Altıyol,,C,yellow,,,tram stop,,Point(29.02882 40.98939),4.828,http://www.wikidata.org/entity/Q97207105,2.0,,,,http://www.wikidata.org/entity/Q2175765,"('40.98939', '29.02882')"
2943,,40.98783,29.02862,Bahariye,,C,yellow,,,tram stop,,Point(29.02862 40.98783),4.884,http://www.wikidata.org/entity/Q97207273,2.0,,,,http://www.wikidata.org/entity/Q2175765,"('40.98783', '29.02862')"
2945,,40.98878,29.02059,Damga Sokak,,C,yellow,,,tram stop,,Point(29.02059 40.98878),4.232,http://www.wikidata.org/entity/Q97207525,2.0,,,,http://www.wikidata.org/entity/Q2175765,"('40.98878', '29.02059')"
2947,,41.033569444444,28.977519444444,Galatasaray Lisesi,,C,yellow,,,tram stop,,Point(28.977519444 41.033569444),3.026,http://www.wikidata.org/entity/Q97207798,2.0,,,,http://www.wikidata.org/entity/Q2175765,"('41.033569444444', '28.977519444444')"
2948,,41.034888888889,28.980619444444,Hüseyin Ağa Camii,,C,yellow,,,tram stop,,Point(28.980619444 41.034888888),3.195,http://www.wikidata.org/entity/Q97207928,2.0,,,,http://www.wikidata.org/entity/Q2175765,"('41.034888888889', '28.980619444444')"
2949,,40.98599,29.02792,Kilise,,C,yellow,,,tram stop,,Point(29.02792 40.98599),4.921,http://www.wikidata.org/entity/Q97208029,2.0,,,,http://www.wikidata.org/entity/Q2175765,"('40.98599', '29.02792')"
2951,,41.08126,28.87467,Kiptaş - Venezia,,C,yellow,,,tram stop,,Point(28.87467 41.08126),11.889,http://www.wikidata.org/entity/Q97208036,2.0,,,,http://www.wikidata.org/entity/Q2175765,"('41.08126', '28.87467')"
2952,,40.9839,29.02496,Moda Caddesi,,C,yellow,,,tram stop,,Point(29.02496 40.9839),4.819,http://www.wikidata.org/entity/Q97208278,2.0,,,,http://www.wikidata.org/entity/Q2175765,"('40.9839', '29.02496')"
2954,,40.98406,29.02667,Moda İlkokulu,,C,yellow,,,tram stop,,Point(29.02667 40.98406),4.933,http://www.wikidata.org/entity/Q97208287,2.0,,,,http://www.wikidata.org/entity/Q2175765,"('40.98406', '29.02667')"
2956,,40.98553,29.02102,Mühürdar,,C,yellow,,,tram stop,,Point(29.02102 40.98553),4.442,http://www.wikidata.org/entity/Q97208326,2.0,,,,http://www.wikidata.org/entity/Q2175765,"('40.98553', '29.02102')"
2958,,41.031619444444,28.97605,Odakule,,C,yellow,,,tram stop,,Point(28.97605 41.031619444),2.806,http://www.wikidata.org/entity/Q97208387,2.0,,,,http://www.wikidata.org/entity/Q2175765,"('41.031619444444', '28.97605')"
2959,,41.04164,28.91956,Topçular,,C,yellow,,,tram stop,,Point(28.91956 41.04164),6.139,http://www.wikidata.org/entity/Q97209033,2.0,,,,http://www.wikidata.org/entity/Q2175765,"('41.04164', '28.91956')"
2961,,41.05413,28.91024,Uluyol - Bereç,,C,yellow,,,tram stop,,Point(28.91024 41.05413),7.648,http://www.wikidata.org/entity/Q97209114,2.0,,,,http://www.wikidata.org/entity/Q2175765,"('41.05413', '28.91024')"
2963,,40.99102,29.0254,Çarşı,,C,yellow,,,tram stop,,Point(29.0254 40.99102),4.494,http://www.wikidata.org/entity/Q97209335,2.0,,,,http://www.wikidata.org/entity/Q2175765,"('40.99102', '29.0254')"
2965,,40.99066,29.02312,İskele Camii,,C,yellow,,,interchange station,,Point(29.02312 40.99066),4.333,http://www.wikidata.org/entity/Q97210171,2.0,,,,http://www.wikidata.org/entity/Q1147171,"('40.99066', '29.02312')"
2968,,41.03117,28.93421,Edirnekapı,,C,yellow,,,tram stop,,Point(28.93421 41.03117),4.451,http://www.wikidata.org/entity/Q97215798,2.0,,,,http://www.wikidata.org/entity/Q2175765,"('41.03117', '28.93421')"
2970,,41.02556,28.92926,Vatan,,C,yellow,,,tram stop,,Point(28.92926 41.02556),4.454,http://www.wikidata.org/entity/Q97217108,2.0,,,,http://www.wikidata.org/entity/Q2175765,"('41.02556', '28.92926')"
2971,,41.03415,28.92834,Şehitlik,,C,yellow,,,tram stop,,Point(28.92834 41.03415),5.043,http://www.wikidata.org/entity/Q97217446,2.0,,,,http://www.wikidata.org/entity/Q2175765,"('41.03415', '28.92834')"
2972,,41.017130437859,28.871287058556,Akıncılar,,C,yellow,,,tram stop,,Point(28.871287058 41.017130437),8.856,http://www.wikidata.org/entity/Q97217642,2.0,,,,http://www.wikidata.org/entity/Q2175765,"('41.017130437859', '28.871287058556')"
2974,,41.009003240171,28.966689025636,Beyazıt - Kapalıçarşı,,C,yellow,,,tram stop,,Point(28.966689025 41.00900324),0.824,http://www.wikidata.org/entity/Q97217894,2.0,,,,http://www.wikidata.org/entity/Q2175765,"('41.009003240171', '28.966689025636')"
2976,,41.015915018928,28.91152089321,Cevizlibağ - Atatürk Öğrenci Yurdu,,C,yellow,,,interchange station,,Point(28.911520893 41.015915018),5.502,http://www.wikidata.org/entity/Q97218064,2.0,,,,http://www.wikidata.org/entity/Q1147171,"('41.015915018928', '28.91152089321')"
2979,,41.017495501252,28.973307728231,Eminönü (T1),,C,yellow,,,interchange station,,Point(28.973307728 41.017495501),1.254,http://www.wikidata.org/entity/Q97218160,2.0,,,,http://www.wikidata.org/entity/Q1147171,"('41.017495501252', '28.973307728231')"
2982,,41.031411496111,28.989331123206,Fındıklı - Mimar Sinan Üniversitesi,,C,yellow,,,tram stop,,Point(28.989331123 41.031411496),3.003,http://www.wikidata.org/entity/Q97218296,2.0,,,,http://www.wikidata.org/entity/Q2175765,"('41.031411496111', '28.989331123206')"
2984,,41.01167963716,28.940655000721,Fındıkzade,,C,yellow,,,tram stop,,Point(28.940655 41.011679637),3.013,http://www.wikidata.org/entity/Q97218308,2.0,,,,http://www.wikidata.org/entity/Q2175765,"('41.01167963716', '28.940655000721')"
2986,,41.028976041877,28.860973494288,Güneştepe,,C,yellow,,,tram stop,,Point(28.860973494 41.028976041),9.961,http://www.wikidata.org/entity/Q97218439,2.0,,,,http://www.wikidata.org/entity/Q2175765,"('41.028976041877', '28.860973494288')"
2988,,41.015204877592,28.877443492429,Güngören,,C,yellow,,,tram stop,,Point(28.877443492 41.015204877),8.316,http://www.wikidata.org/entity/Q97218452,2.0,,,,http://www.wikidata.org/entity/Q2175765,"('41.015204877592', '28.877443492429')"
2990,,41.010924763289,28.943335188827,Haseki,,C,yellow,,,tram stop,,Point(28.943335188 41.010924763),2.776,http://www.wikidata.org/entity/Q97218494,2.0,,,,http://www.wikidata.org/entity/Q2175765,"('41.010924763289', '28.943335188827')"
2992,,41.022100712918,28.974730566179,Karaköy,,C,yellow,,,interchange station,,Point(28.974730566 41.022100712),1.75,http://www.wikidata.org/entity/Q97218582,2.0,,,,http://www.wikidata.org/entity/Q1147171,"('41.022100712918', '28.974730566179')"
2995,,41.009619360112,28.959724411027,Laleli - İstanbul Üniversitesi,,C,yellow,,,interchange station,,Point(28.959724411 41.00961936),1.402,http://www.wikidata.org/entity/Q97218668,2.0,,,,http://www.wikidata.org/entity/Q1147171,"('41.009619360112', '28.959724411027')"
2998,,41.005793521872,28.881659315585,Mehmet Akif,,C,yellow,,,tram stop,,Point(28.881659315 41.005793521),7.905,http://www.wikidata.org/entity/Q97218730,2.0,,,,http://www.wikidata.org/entity/Q2175765,"('41.005793521872', '28.881659315585')"
3000,,41.010489696372,28.909505679009,Merkez Efendi,,C,yellow,,,tram stop,,Point(28.909505679 41.010489696),5.587,http://www.wikidata.org/entity/Q97218755,2.0,,,,http://www.wikidata.org/entity/Q2175765,"('41.010489696372', '28.909505679009')"
3002,,41.01155802124,28.880736713266,Merter Tekstil Merkezi,,C,yellow,,,tram stop,,Point(28.880736713 41.011558021),8.003,http://www.wikidata.org/entity/Q97218775,2.0,,,,http://www.wikidata.org/entity/Q2175765,"('41.01155802124', '28.880736713266')"
3004,,41.003462054774,28.901194936853,Mithatpaşa,,C,yellow,,,tram stop,,Point(28.901194936 41.003462054),6.274,http://www.wikidata.org/entity/Q97218786,2.0,,,,http://www.wikidata.org/entity/Q2175765,"('41.003462054774', '28.901194936853')"
3006,,41.018297707449,28.927145654921,Pazartekke,,C,yellow,,,tram stop,,Point(28.927145654 41.018297707),4.297,http://www.wikidata.org/entity/Q97218909,2.0,,,,http://www.wikidata.org/entity/Q2175765,"('41.018297707449', '28.927145654921')"
3008,,41.004205912196,28.907368506675,Seyitnizam - Akşemsettin,,C,yellow,,,tram stop,,Point(28.907368506 41.004205912),5.753,http://www.wikidata.org/entity/Q97219045,2.0,,,,http://www.wikidata.org/entity/Q2175765,"('41.004205912196', '28.907368506675')"
3010,,41.020673699727,28.867355556627,Soğanlı,,C,yellow,,,tram stop,,Point(28.867355556 41.020673699),9.242,http://www.wikidata.org/entity/Q97219087,2.0,,,,http://www.wikidata.org/entity/Q2175765,"('41.020673699727', '28.867355556627')"
3012,,41.008082892629,28.975557957328,Sultanahmet,,C,yellow,,,tram stop,,Point(28.975557957 41.008082892),0.191,http://www.wikidata.org/entity/Q97219112,2.0,,,,http://www.wikidata.org/entity/Q2175765,"('41.008082892629', '28.975557957328')"
3014,,41.026738033097,28.980199300316,Tophane,,C,yellow,,,tram stop,,Point(28.9801993 41.026738033),2.292,http://www.wikidata.org/entity/Q97219240,2.0,,,,http://www.wikidata.org/entity/Q2175765,"('41.026738033097', '28.980199300316')"
3016,,41.023615353639,28.863856624653,Yavuz Selim,,C,yellow,,,tram stop,,Point(28.863856624 41.023615353),9.591,http://www.wikidata.org/entity/Q97219482,2.0,,,,http://www.wikidata.org/entity/Q2175765,"('41.023615353639', '28.863856624653')"
3018,,41.010080555556,28.946638888889,Yusufpaşa,,C,yellow,,,interchange station,,Point(28.946638888 41.010080555),2.487,http://www.wikidata.org/entity/Q97219522,2.0,,,,http://www.wikidata.org/entity/Q1147171,"('41.010080555556', '28.946638888889')"
3021,,41.015275038059,28.933333707301,Çapa - Şehremini,,C,yellow,,,tram stop,,Point(28.933333707 41.015275038),3.703,http://www.wikidata.org/entity/Q97219590,2.0,,,,http://www.wikidata.org/entity/Q2175765,"('41.015275038059', '28.933333707301')"
3023,,41.008480130641,28.971031515858,Çemberlitaş,,C,yellow,,,tram stop,,Point(28.971031515 41.00848013),0.468,http://www.wikidata.org/entity/Q97219598,2.0,,,,http://www.wikidata.org/entity/Q2175765,"('41.008480130641', '28.971031515858')"
3025,,41.077111111111,29.041055555556,Kavafyan Konağı,,C,yellow,,,konak,,Point(29.041055555 41.077111111),9.578,http://www.wikidata.org/entity/Q97226543,2.0,,,,http://www.wikidata.org/entity/Q522124,"('41.077111111111', '29.041055555556')"
3027,,41.051578530556,28.94277185,Sütlüce Cemetery,,C,yellow,,,cemetery,,Point(28.94277185 41.05157853),5.741,http://www.wikidata.org/entity/Q97232399,2.0,,,,http://www.wikidata.org/entity/Q39614,"('41.051578530556', '28.94277185')"
3028,,41.006929,28.938239,Davud Pasha Complex,,C,yellow,,,külliye,,Point(28.938239 41.006929),3.158,http://www.wikidata.org/entity/Q97320266,2.0,,,,http://www.wikidata.org/entity/Q71974,"('41.006929', '28.938239')"
3036,,41.082719,29.029704,Sanatçılar Park,,C,yellow,,,urban park,,Point(29.029704 41.082719),9.614,http://www.wikidata.org/entity/Q97321014,2.0,,,https://en.wikipedia.org/wiki/Sanat%C3%A7%C4%B1lar_Park,http://www.wikidata.org/entity/Q22746,"('41.082719', '29.029704')"
3037,,41.0383835,28.9418182,Emir Buhari Khanqah,,C,yellow,,,Sufi lodge,,Point(28.9418182 41.0383835),4.563,http://www.wikidata.org/entity/Q97386940,2.0,,,,http://www.wikidata.org/entity/Q833913,"('41.0383835', '28.9418182')"
3038,,41.040722222222,28.940666666667,Ya Vedud Mosque,,C,yellow,,,architectural structure,,Point(28.940666666 41.040722222),4.827,http://www.wikidata.org/entity/Q97387344,2.0,,,,http://www.wikidata.org/entity/Q811979,"('41.040722222222', '28.940666666667')"
3044,,41.014555555556,28.954277777778,Baths of İbrahim Paşa,,C,yellow,,,hammam,,Point(28.954277777 41.014555555),2.027,http://www.wikidata.org/entity/Q97648776,2.0,,,,http://www.wikidata.org/entity/Q28077,"('41.014555555556', '28.954277777778')"
3045,,41.0134,28.9551,Q97648780,,C,yellow,,,Rathaus,,Point(28.9551 41.0134),1.91,http://www.wikidata.org/entity/Q97648780,2.0,,,,http://www.wikidata.org/entity/Q543654,"('41.0134', '28.9551')"
3046,,41.066166666667,29.000277777778,Mecidiyeköy Liquor Factory,,C,yellow,,,liquor factory,,Point(29.000277777 41.066166666),6.956,http://www.wikidata.org/entity/Q97725334,2.0,,,,http://www.wikidata.org/entity/Q128184882,"('41.066166666667', '29.000277777778')"
3048,,41.0122,28.9761,Q100332365,,C,yellow,,,Wikimedia list of persons by position held,,Point(28.9761 41.0122),0.647,http://www.wikidata.org/entity/Q100332365,2.0,,,,http://www.wikidata.org/entity/Q66715753,"('41.0122', '28.9761')"
3049,,41.024246807811,28.960308695938,Cibali,,C,yellow,,,tram stop,,Point(28.960308695 41.024246807),2.377,http://www.wikidata.org/entity/Q104618744,2.0,,,,http://www.wikidata.org/entity/Q2175765,"('41.024246807811', '28.960308695938')"
3050,,41.028637928992,28.954452204305,Fener,,C,yellow,,,tram stop,,Point(28.954452204 41.028637928),3.058,http://www.wikidata.org/entity/Q104618833,2.0,,,,http://www.wikidata.org/entity/Q2175765,"('41.028637928992', '28.954452204305')"
3051,,41.03403633765,28.948064064934,Balat,,C,yellow,,,tram stop,,Point(28.948064064 41.034036337),3.86,http://www.wikidata.org/entity/Q104618875,2.0,,,,http://www.wikidata.org/entity/Q2175765,"('41.03403633765', '28.948064064934')"
3053,,41.039632678385,28.943853968725,Ayvansaray,,C,yellow,,,tram stop,,Point(28.943853968 41.039632678),4.57,http://www.wikidata.org/entity/Q104618918,2.0,,,,http://www.wikidata.org/entity/Q2175765,"('41.039632678385', '28.943853968725')"
3054,,41.045535442207,28.938006537402,Feshane,,C,yellow,,,tram stop,,Point(28.938006537 41.045535442),5.389,http://www.wikidata.org/entity/Q104618955,2.0,,,,http://www.wikidata.org/entity/Q2175765,"('41.045535442207', '28.938006537402')"
3055,,41.056752727309,28.941141579319,Eyüpsultan Devlet Hastanesi,,C,yellow,,,tram stop,,Point(28.941141579 41.056752727),6.313,http://www.wikidata.org/entity/Q104619212,2.0,,,,http://www.wikidata.org/entity/Q2175765,"('41.056752727309', '28.941141579319')"
3056,,41.064796915232,28.942923625162,Silahtarağa Mahallesi,,C,yellow,,,tram stop,,Point(28.942923625 41.064796915),7.059,http://www.wikidata.org/entity/Q104619285,2.0,,,,http://www.wikidata.org/entity/Q2175765,"('41.064796915232', '28.942923625162')"
3057,,41.069810609416,28.942852281259,Üniversite,,C,yellow,,,tram stop,,Point(28.942852281 41.069810609),7.577,http://www.wikidata.org/entity/Q104619325,2.0,,,,http://www.wikidata.org/entity/Q2175765,"('41.069810609416', '28.942852281259')"
3058,,41.07368,28.94595,Alibeyköy Merkez,,C,yellow,,,tram stop,,Point(28.94595 41.07368),7.892,http://www.wikidata.org/entity/Q104619361,2.0,,,,http://www.wikidata.org/entity/Q2175765,"('41.07368', '28.94595')"
3059,,41.08689,28.94393,Alibeyköy Cep Otogarı,,C,yellow,,,tram stop,,Point(28.94393 41.08689),9.344,http://www.wikidata.org/entity/Q104619481,2.0,,,,http://www.wikidata.org/entity/Q2175765,"('41.08689', '28.94393')"
3060,,40.992904194444,29.034562,Söğütlüçeşme Hammam,,C,yellow,,,hammam,,Point(29.034562 40.992904194),5.148,http://www.wikidata.org/entity/Q105671926,2.0,,,,http://www.wikidata.org/entity/Q28077,"('40.992904194444', '29.034562')"
3061,,41.023111805556,28.941252,Sineperver Valide Sultan Fountain,,C,yellow,,,fountain,,Point(28.941252 41.023111805),3.449,http://www.wikidata.org/entity/Q105702718,2.0,,,,http://www.wikidata.org/entity/Q483453,"('41.023111805556', '28.941252')"
3062,,40.989516,29.027828,Hasan Rıza Pasha Fountain,,C,yellow,,,fountain,,Point(29.027828 40.989516),4.746,http://www.wikidata.org/entity/Q105758760,2.0,,,,http://www.wikidata.org/entity/Q483453,"('40.989516', '29.027828')"
3063,,41.013196,28.951019,Horhor Fountain,,C,yellow,,,fountain,,Point(28.951019 41.013196),2.219,http://www.wikidata.org/entity/Q105814877,2.0,,,,http://www.wikidata.org/entity/Q483453,"('41.013196', '28.951019')"
3064,,41.011280305556,28.947746,Horhor Fountain (Simitçi Şakir Street),,C,yellow,,,fountain,,Point(28.947746 41.011280305),2.422,http://www.wikidata.org/entity/Q105819804,2.0,,,,http://www.wikidata.org/entity/Q483453,"('41.011280305556', '28.947746')"
3065,,40.991074111111,29.026736111111,Mısırlı Osman Ağa Fountain,,C,yellow,,,fountain,,Point(29.026736111 40.991074111),4.595,http://www.wikidata.org/entity/Q105840441,2.0,,,,http://www.wikidata.org/entity/Q483453,"('40.991074111111', '29.026736111111')"
3066,,40.993777777778,28.866777777778,Sağlık Çalışanlarına Saygı Anıtı,,C,yellow,,,monument,,Point(28.866777777 40.993777777),9.261,http://www.wikidata.org/entity/Q105959570,2.0,,,,http://www.wikidata.org/entity/Q4989906,"('40.993777777778', '28.866777777778')"
3068,,40.974000694444,29.074988805556,Erenköy Station Fountain,,C,yellow,,,fountain,,Point(29.074988805 40.974000694),9.064,http://www.wikidata.org/entity/Q106009519,2.0,,,,http://www.wikidata.org/entity/Q483453,"('40.974000694444', '29.074988805556')"
3069,,40.9725,29.040305555556,Fenerbahçe Mosque,,C,yellow,,,mosque,,Point(29.040305555 40.9725),6.591,http://www.wikidata.org/entity/Q106063151,2.0,,,,http://www.wikidata.org/entity/Q32815,"('40.9725', '29.040305555556')"
3070,,41.0011509,29.0295373,"İbrahim Ağa Çeşmesi, Koşuyolu",,C,yellow,,,fountain,,Point(29.0295373 41.0011509),4.541,http://www.wikidata.org/entity/Q106090932,2.0,,,,http://www.wikidata.org/entity/Q483453,"('41.0011509', '29.0295373')"
3071,,41.02021,28.94815,Sekerci Han,,C,yellow,,,caravanserai,,Point(28.94815 41.02021),2.788,http://www.wikidata.org/entity/Q106141315,2.0,,,,http://www.wikidata.org/entity/Q186347,"('41.02021', '28.94815')"
3072,,40.9958385,29.0239745,Ladikli Ahmed Ağa Fountain,,C,yellow,,,fountain,,Point(29.0239745 40.9958385),4.203,http://www.wikidata.org/entity/Q106151902,2.0,,,,http://www.wikidata.org/entity/Q483453,"('40.9958385', '29.0239745')"
3073,,40.953143888889,29.095584888889,"II. Mahmut Han Çeşmesi, Bostancı",,C,yellow,,,fountain,,Point(29.095584888 40.953143888),11.663,http://www.wikidata.org/entity/Q106152643,2.0,,,,http://www.wikidata.org/entity/Q483453,"('40.953143888889', '29.095584888889')"
3074,,40.995546930426,29.043349031816,"Osman Ağa Çeşmesi, Hasanpaşa",,C,yellow,,,fountain,,Point(29.043349031 40.99554693),5.789,http://www.wikidata.org/entity/Q106175113,2.0,,,,http://www.wikidata.org/entity/Q483453,"('40.995546930426', '29.043349031816')"
3075,,40.986176561,29.077867551517,"Emine Hanım Fountain, Kadıköy",,C,yellow,,,fountain,,Point(29.077867551 40.986176561),8.849,http://www.wikidata.org/entity/Q106179307,2.0,,,,http://www.wikidata.org/entity/Q483453,"('40.986176561', '29.077867551517')"
3076,,41.018134305556,28.964946694444,Kepenekçi Sinan Madrasa,,C,yellow,,,madrasa,,Point(28.965398 41.018202),1.581,http://www.wikidata.org/entity/Q106223671,2.0,,,,http://www.wikidata.org/entity/Q132834,"('41.018134305556', '28.964946694444')"
3080,,40.978620273952,29.052766455863,Freedom Park,,C,yellow,,,urban park,,Point(29.052766455 40.978620273),7.154,http://www.wikidata.org/entity/Q106333372,2.0,,,,http://www.wikidata.org/entity/Q22746,"('40.978620273952', '29.052766455863')"
3082,,41.028825019757,28.974852783156,Tünel,,C,yellow,,,interchange station,,Point(28.974852783 41.028825019),2.497,http://www.wikidata.org/entity/Q106937080,2.0,,,,http://www.wikidata.org/entity/Q1147171,"('41.028825019757', '28.974852783156')"
3085,,41.040306,28.973542694444,Hoşyar Kadın Fountain,,C,yellow,,,fountain,,Point(28.973542694 41.040306),3.777,http://www.wikidata.org/entity/Q107008652,2.0,,,,http://www.wikidata.org/entity/Q483453,"('41.040306', '28.973542694444')"
3086,,41.01464,29.02953,Galatasaray Judo,,C,yellow,,,sports team,,Point(29.02953 41.01464),4.595,http://www.wikidata.org/entity/Q107141116,2.0,,,https://en.wikipedia.org/wiki/Galatasaray_Judo,http://www.wikidata.org/entity/Q12973014,"('41.01464', '29.02953')"
3087,,40.98995,29.02216,Kadıköy İDO,,C,yellow,,,interchange station,,Point(29.02216 40.98995),4.293,http://www.wikidata.org/entity/Q107352145,2.0,,,,http://www.wikidata.org/entity/Q1147171,"('40.98995', '29.02216')"
3091,,41.033269936377,28.860748497556,Bağcılar,,C,yellow,,,interchange station,,Point(28.860748497 41.033269936),10.11,http://www.wikidata.org/entity/Q107362987,2.0,,,,http://www.wikidata.org/entity/Q1147171,"('41.033269936377', '28.860748497556')"
3094,,41.009584965799,28.953889385898,Aksaray,,C,yellow,,,interchange station,,Point(28.953889385 41.009584965),1.879,http://www.wikidata.org/entity/Q107364067,2.0,,,,http://www.wikidata.org/entity/Q1147171,"('41.009584965799', '28.953889385898')"
3097,,41.015176904472,28.975880906669,Sirkeci (T1),,C,yellow,,,interchange station,,Point(28.975880906 41.015176904),0.978,http://www.wikidata.org/entity/Q107368951,2.0,,,,http://www.wikidata.org/entity/Q1147171,"('41.015176904472', '28.975880906669')"
3100,,41.009,28.968,Koca Sinan Paşa Külliyesi,,C,yellow,,,külliye,,Point(28.969088 41.008774),0.628,http://www.wikidata.org/entity/Q107442950,2.0,,,,http://www.wikidata.org/entity/Q71974,"('41.009', '28.968')"
3108,,41.041138888889,29.004833333333,Shangri-La Bosphorus,,C,yellow,,,building,,Point(29.004833333 41.041138888),4.565,http://www.wikidata.org/entity/Q107473817,2.0,,,,http://www.wikidata.org/entity/Q41176,"('41.041138888889', '29.004833333333')"
3109,,41.041111111111,29.007222222222,Beşiktaş Pier,,C,yellow,,,wharf,,Point(29.007222222 41.041111111),4.672,http://www.wikidata.org/entity/Q108057220,2.0,,,,http://www.wikidata.org/entity/Q828909,"('41.041111111111', '29.007222222222')"
3111,,40.951997714908,29.094428107294,Bostancı Pier,,C,yellow,,,wharf,,Point(29.094428107 40.951997714),11.645,http://www.wikidata.org/entity/Q108123015,2.0,,,,http://www.wikidata.org/entity/Q828909,"('40.951997714908', '29.094428107294')"
3113,,41.033256580796,28.993685541181,Kabataş Pier,,C,yellow,,,wharf,,Point(28.993685541 41.03325658),3.341,http://www.wikidata.org/entity/Q108132621,2.0,,,,http://www.wikidata.org/entity/Q828909,"('41.033256580796', '28.993685541181')"
3114,,41.021419444444,28.963088888889,Küçükpazar,,C,yellow,,,interchange station,,Point(28.963088888 41.021419444),1.986,http://www.wikidata.org/entity/Q108476246,2.0,,,,http://www.wikidata.org/entity/Q1147171,"('41.021419444444', '28.963088888889')"
3118,,40.98469,29.02261,Rızapaşa,,C,yellow,,,tram stop,,Point(29.02261 40.98469),4.605,http://www.wikidata.org/entity/Q109265161,2.0,,,,http://www.wikidata.org/entity/Q2175765,"('40.98469', '29.02261')"
3120,,41.0248108,28.9591293,Q109385567,,C,yellow,,,factory,,Point(28.9591293 41.0248108),2.484,http://www.wikidata.org/entity/Q109385567,2.0,,,,http://www.wikidata.org/entity/Q83405,"('41.0248108', '28.9591293')"
3121,,41.058239,28.880289,Esenler 15 Temmuz Millet Bahçesi,,C,yellow,,,urban park,,Point(28.880289 41.058239),9.875,http://www.wikidata.org/entity/Q109389737,2.0,,,,http://www.wikidata.org/entity/Q22746,"('41.058239', '28.880289')"
3122,,40.996694444444,28.923861111111,Haci Evhad Mosque,,C,yellow,,,architectural structure,,Point(28.923861111 40.996694444),4.495,http://www.wikidata.org/entity/Q109391500,2.0,,,,http://www.wikidata.org/entity/Q811979,"('40.996694444444', '28.923861111111')"
3127,,41.018138888889,28.972888888889,Eminönü Pier,,C,yellow,,,pier,,Point(28.972888888 41.018138888),1.331,http://www.wikidata.org/entity/Q109392674,2.0,,,,http://www.wikidata.org/entity/Q863454,"('41.018138888889', '28.972888888889')"
3128,,41.016687761819,28.977504188002,İDO Sirkeci Terminal,,C,yellow,,,pier,,Point(28.977504188 41.016687761),1.154,http://www.wikidata.org/entity/Q109392673,2.0,,,,http://www.wikidata.org/entity/Q863454,"('41.016687761819', '28.977504188002')"
3130,,41.007856038274,28.960705876686,Katip Sinan Mosque,,C,yellow,,,architectural structure,,Point(28.960705876 41.007856038),1.283,http://www.wikidata.org/entity/Q109664046,2.0,,,,http://www.wikidata.org/entity/Q811979,"('41.007856038274', '28.960705876686')"
3133,,41.038890774737,28.937745257626,Ayvansaray-Eyüpsultan,,C,yellow,,,bus stop,,Point(28.937745257 41.038890774),4.827,http://www.wikidata.org/entity/Q109673176,2.0,,,,http://www.wikidata.org/entity/Q953806,"('41.038890774737', '28.937745257626')"
3135,,41.049838888889,28.934338888889,Eyüp,,C,yellow,,,bottom station,,Point(28.934338888 41.049838888),5.957,http://www.wikidata.org/entity/Q109673508,2.0,,,,http://www.wikidata.org/entity/Q2391004,"('41.049838888889', '28.934338888889')"
3137,,41.020310540783,28.917297504705,Topkapı-Şehit Mustafa Cambaz,,C,yellow,,,bus stop,,Point(28.917297504 41.02031054),5.153,http://www.wikidata.org/entity/Q109675438,2.0,,,,http://www.wikidata.org/entity/Q953806,"('41.020310540783', '28.917297504705')"
3140,,41.019240706621,28.919448183086,Topkapı (T1),,C,yellow,,,interchange station,,Point(28.919448183 41.019240706),4.945,http://www.wikidata.org/entity/Q109675773,2.0,,,,http://www.wikidata.org/entity/Q1147171,"('41.019240706621', '28.919448183086')"
3143,,41.018286132175,28.970041544545,Eminönü (T5),,C,yellow,,,interchange station,,Point(28.970041544 41.018286132),1.411,http://www.wikidata.org/entity/Q109676150,2.0,,,,http://www.wikidata.org/entity/Q1147171,"('41.018286132175', '28.970041544545')"
3146,,41.07842869728,28.949463801198,Alibeyköy Metro,,C,yellow,,,tram stop,,Point(28.949463801 41.078428697),8.311,http://www.wikidata.org/entity/Q109676292,2.0,,,,http://www.wikidata.org/entity/Q2175765,"('41.07842869728', '28.949463801198')"
3147,,41.033277768489,28.92937280652,Edirnekapı,,C,yellow,,,bus stop,,Point(28.929372806 41.033277768),4.915,http://www.wikidata.org/entity/Q109676371,2.0,,,,http://www.wikidata.org/entity/Q953806,"('41.033277768489', '28.92937280652')"
3150,,41.06742169,28.97600873,Okmeydanı Hastane,,C,yellow,,,bus stop,,Point(28.97600873 41.06742169),6.787,http://www.wikidata.org/entity/Q109684408,2.0,,,,http://www.wikidata.org/entity/Q953806,"('41.06742169', '28.97600873')"
3152,,40.992353277533,28.834733254131,Yenibosna,,C,yellow,,,bus stop,,Point(28.834733254 40.992353277),11.946,http://www.wikidata.org/entity/Q109778983,2.0,,,,http://www.wikidata.org/entity/Q953806,"('40.992353277533', '28.834733254131')"
3154,,40.998650517243,28.7986025991,Sefaköy,,C,yellow,,,bus stop,,Point(28.798602599 40.998650517),14.9,http://www.wikidata.org/entity/Q109778981,2.0,,,,http://www.wikidata.org/entity/Q953806,"('40.998650517243', '28.7986025991')"
3156,,40.991731000542,28.846013149997,Şirinevler,,C,yellow,,,bus stop,,Point(28.846013149 40.991731),11.018,http://www.wikidata.org/entity/Q109778984,2.0,,,,http://www.wikidata.org/entity/Q953806,"('40.991731000542', '28.846013149997')"
3159,,41.013609854944,28.976993789824,Sirkeci railway station,,C,yellow,,,interchange station,,Point(28.976993789 41.013609854),0.809,http://www.wikidata.org/entity/Q109803831,2.0,,,,http://www.wikidata.org/entity/Q1147171,"('41.013609854944', '28.976993789824')"
3162,,41.13014,29.02697,Çamlıtepe,,C,yellow,,,mahalle,,Point(29.02697 41.13014),14.412,http://www.wikidata.org/entity/Q109962085,2.0,,,,http://www.wikidata.org/entity/Q17051044,"('41.13014', '29.02697')"
3163,,41.0708,28.8718,Giyimkent,,C,yellow,,,architectural ensemble,,Point(28.8718 41.0708),11.291,http://www.wikidata.org/entity/Q110008822,2.0,,,,http://www.wikidata.org/entity/Q1497375,"('41.0708', '28.8718')"
3165,,41.05669616,28.96148841,Okmeydanı,,C,yellow,,,bus stop,,Point(28.96148841 41.05669616),5.723,http://www.wikidata.org/entity/Q110044008,2.0,,,,http://www.wikidata.org/entity/Q953806,"('41.05669616', '28.96148841')"
3167,,41.04901177,28.94656849,Halıcıoğlu,,C,yellow,,,bus stop,,Point(28.94656849 41.04901177),5.339,http://www.wikidata.org/entity/Q110044009,2.0,,,,http://www.wikidata.org/entity/Q953806,"('41.04901177', '28.94656849')"
3169,,41.00763885,28.89737257,Merter,,C,yellow,,,bus stop,,Point(28.89737257 41.00763885),6.588,http://www.wikidata.org/entity/Q110074325,2.0,,,,http://www.wikidata.org/entity/Q953806,"('41.00763885', '28.89737257')"
3172,,40.995187424292,28.863935892845,Bahçelievler,,C,yellow,,,bus stop,,Point(28.863935892 40.995187424),9.475,http://www.wikidata.org/entity/Q110086980,2.0,,,,http://www.wikidata.org/entity/Q953806,"('40.995187424292', '28.863935892845')"
3175,,41.085234164346,29.04585835982,Boğaziçi Üniversitesi/Hisarüstü,,C,yellow,,,interchange station,,Point(29.045858359 41.085234164),10.551,http://www.wikidata.org/entity/Q110228398,2.0,,,,http://www.wikidata.org/entity/Q1147171,"('41.085234164346', '29.04585835982')"
3180,,41.008715395129,28.962847377077,Antik Otel Cistern,,C,yellow,,,cistern,,Point(28.962847377 41.008715395),1.123,http://www.wikidata.org/entity/Q110255752,2.0,,,,http://www.wikidata.org/entity/Q838858,"('41.008715395129', '28.962847377077')"
3181,,41.066337570213,28.995224194264,Mecidiyeköy Square,,C,yellow,,,square,,Point(28.995224194 41.06633757),6.861,http://www.wikidata.org/entity/Q110272113,2.0,,,,http://www.wikidata.org/entity/Q174782,"('41.066337570213', '28.995224194264')"
3183,,41.01086,29.01006,Harem Pier,,C,yellow,,,pier,,Point(29.01006 41.01086),2.911,http://www.wikidata.org/entity/Q110701663,2.0,,,,http://www.wikidata.org/entity/Q863454,"('41.01086', '29.01006')"
3185,,41.008694444444,28.955388888889,Myrelaion Rotundası,,C,yellow,,,cistern,,Point(28.955388888 41.008694444),1.738,http://www.wikidata.org/entity/Q110744303,2.0,,,,http://www.wikidata.org/entity/Q838858,"('41.008694444444', '28.955388888889')"
3186,,41.0103798,28.9695892,Sandal Bedesten,,C,yellow,,,bedesten,,Point(28.9695892 41.0103798),0.69,http://www.wikidata.org/entity/Q110762885,2.0,,,,http://www.wikidata.org/entity/Q829896,"('41.0103798', '28.9695892')"
3187,,41.076823947464,28.946949317553,Hatice Sultan Mosque,,C,yellow,,,mosque,,Point(28.946949317 41.076823947),8.199,http://www.wikidata.org/entity/Q110815323,2.0,,,,http://www.wikidata.org/entity/Q32815,"('41.076823947464', '28.946949317553')"
3188,,41.011946778964,28.961810298112,Kütüphane Troleybüs,,C,yellow,,,historic building,,Point(28.961810298 41.011946778),1.332,http://www.wikidata.org/entity/Q111047654,2.0,,,,http://www.wikidata.org/entity/Q35112127,"('41.011946778964', '28.961810298112')"
3190,,40.9865615,29.032226,Sinematek/Sinemaevi,,C,yellow,,,movie theater,,Point(29.032226 40.9865615),5.218,http://www.wikidata.org/entity/Q111525180,2.0,,,,http://www.wikidata.org/entity/Q41253,"('40.9865615', '29.032226')"
3191,,41.029722222222,28.976111111111,Consulate-General of Russia in Istanbul,,C,yellow,,,consulate general,,Point(28.976111111 41.029722222),2.595,http://www.wikidata.org/entity/Q111580504,2.0,,,,http://www.wikidata.org/entity/Q372690,"('41.029722222222', '28.976111111111')"
3193,,41.003212,28.972051,Mehmet Efendi Fountain,,C,yellow,,,fountain,,Point(28.972051 41.003212),0.476,http://www.wikidata.org/entity/Q111697638,2.0,,,,http://www.wikidata.org/entity/Q483453,"('41.003212', '28.972051')"
3194,,40.9960966,28.894618,Zeytinburnu Buz Adası,,C,yellow,,,tourist attraction,,Point(28.894618 40.9960966),6.914,http://www.wikidata.org/entity/Q111987824,2.0,,,https://en.wikipedia.org/wiki/Zeytinburnu_Ice_Rink,http://www.wikidata.org/entity/Q570116,"('40.9960966', '28.894618')"
3197,,41.008603,28.937652,Beşikçizade Çeşmesi,,C,yellow,,,fountain,,Point(28.937652 41.008603),3.216,http://www.wikidata.org/entity/Q111993288,2.0,,,,http://www.wikidata.org/entity/Q483453,"('41.008603', '28.937652')"
3198,,41.002409,28.971278,French Prison,,C,yellow,,,prison,,Point(28.971278 41.002409),0.586,http://www.wikidata.org/entity/Q112020737,2.0,,,,http://www.wikidata.org/entity/Q40357,"('41.002409', '28.971278')"
3199,,41.004204,28.972586,Tevfik Bey Fountain,,C,yellow,,,fountain,,Point(28.972586 41.004204),0.367,http://www.wikidata.org/entity/Q112024386,2.0,,,,http://www.wikidata.org/entity/Q483453,"('41.004204', '28.972586')"
3200,,41.005085,28.945257,Hazinedar Usta Çeşmesi,,C,yellow,,,fountain,,Point(28.945257 41.005085),2.573,http://www.wikidata.org/entity/Q112032441,2.0,,,,http://www.wikidata.org/entity/Q483453,"('41.005085', '28.945257')"
3201,,41.007282,28.943327,Kazım Bey Fountain,,C,yellow,,,fountain,,Point(28.943327 41.007282),2.733,http://www.wikidata.org/entity/Q112033501,2.0,,,,http://www.wikidata.org/entity/Q483453,"('41.007282', '28.943327')"
3202,,41.0043106,28.9693031,Sultan Süleyman Fountain,,C,yellow,,,fountain,,Point(28.9693031 41.0043106),0.597,http://www.wikidata.org/entity/Q112034268,2.0,,,,http://www.wikidata.org/entity/Q483453,"('41.0043106', '28.9693031')"
3203,,41.005188,28.970127,Üsküplü Yahya Efendi Ottoman School,,C,yellow,,,sibyan maktab,,Point(28.970127 41.005188),0.5,http://www.wikidata.org/entity/Q112035109,2.0,,,,http://www.wikidata.org/entity/Q61073315,"('41.005188', '28.970127')"
3204,,41.005603,28.970416,Mehmet Ağa Fountain (Eminsinan),,C,yellow,,,fountain,,Point(28.970416 41.005603),0.466,http://www.wikidata.org/entity/Q112035812,2.0,,,,http://www.wikidata.org/entity/Q483453,"('41.005603', '28.970416')"
3205,,41.0033,28.941753,Nefise Hanım Fountain (Cerrahpaşa),,C,yellow,,,fountain,,Point(28.941753 41.0033),2.883,http://www.wikidata.org/entity/Q112036478,2.0,,,,http://www.wikidata.org/entity/Q483453,"('41.0033', '28.941753')"
3206,,41.0071907,28.9455967,Kürkçübaşı Mosque,,C,yellow,,,architectural structure,,Point(28.9455967 41.0071907),2.542,http://www.wikidata.org/entity/Q112055561,2.0,,,,http://www.wikidata.org/entity/Q811979,"('41.0071907', '28.9455967')"
3209,,41.007336,28.945547,Cerrahpaşa Mosque Fountain,,C,yellow,,,fountain,,Point(28.945547 41.007336),2.547,http://www.wikidata.org/entity/Q112055676,2.0,,,,http://www.wikidata.org/entity/Q483453,"('41.007336', '28.945547')"
3210,,41.039826,28.942657,Tomb of Muhammad Al-Ansari,,C,yellow,,,türbe,,Point(28.942657 41.039826),4.647,http://www.wikidata.org/entity/Q112055971,2.0,,,,http://www.wikidata.org/entity/Q838159,"('41.039826', '28.942657')"
3211,,41.03989,28.942532,"Hatice Sultan Sıbyan Mektebi, Ayvansaray",,C,yellow,,,elementary school,,Point(28.942532 41.03989),4.659,http://www.wikidata.org/entity/Q112056426,2.0,,,,http://www.wikidata.org/entity/Q20950067,"('41.03989', '28.942532')"
3212,,41.0339928,28.945158,Balat Horenyan Armenian School,,C,yellow,,,primary school,,Point(28.945158 41.0339928),4.008,http://www.wikidata.org/entity/Q112056660,2.0,,,,http://www.wikidata.org/entity/Q9842,"('41.0339928', '28.945158')"
3213,,41.034592,28.945479,Ferruh Kethüda Fountain,,C,yellow,,,fountain,,Point(28.945479 41.034592),4.042,http://www.wikidata.org/entity/Q112065331,2.0,,,,http://www.wikidata.org/entity/Q483453,"('41.034592', '28.945479')"
3214,,41.0355606,28.9448738,Yukarı Sinan Ağa Çeşmesi,,C,yellow,,,fountain,,Point(28.9448738 41.0355606),4.158,http://www.wikidata.org/entity/Q112065537,2.0,,,,http://www.wikidata.org/entity/Q483453,"('41.0355606', '28.9448738')"
3215,,41.036177,28.944882,Aşağı Sinan Ağa Çeşmesi,,C,yellow,,,fountain,,Point(28.944882 41.036177),4.211,http://www.wikidata.org/entity/Q112065936,2.0,,,,http://www.wikidata.org/entity/Q483453,"('41.036177', '28.944882')"
3216,,41.033264,28.944849,Hacı İsa Mosque,,C,yellow,,,architectural structure,,Point(28.944849 41.033264),3.963,http://www.wikidata.org/entity/Q112066290,2.0,,,,http://www.wikidata.org/entity/Q811979,"('41.033264', '28.944849')"
3219,,41.03336,28.944695,Hacı İsa Mosque Fountain,,C,yellow,,,fountain,,Point(28.944695 41.03336),3.98,http://www.wikidata.org/entity/Q112066672,2.0,,,,http://www.wikidata.org/entity/Q483453,"('41.03336', '28.944695')"
3220,,41.03458,28.9468,Yusuf Şucaeddin Mosque,,C,yellow,,,architectural structure,,Point(28.9468 41.03458),3.972,http://www.wikidata.org/entity/Q112069154,2.0,,,,http://www.wikidata.org/entity/Q811979,"('41.03458', '28.9468')"
3223,,41.0344696,28.9468613,Hafize Hanım Fountain,,C,yellow,,,fountain,,Point(28.9468613 41.0344696),3.959,http://www.wikidata.org/entity/Q112080709,2.0,,,,http://www.wikidata.org/entity/Q483453,"('41.0344696', '28.9468613')"
3224,,41.0191154,28.9647942,Ali Pasha Inn,,C,yellow,,,caravanserai,,Point(28.9647942 41.0191154),1.694,http://www.wikidata.org/entity/Q112106266,2.0,,,,http://www.wikidata.org/entity/Q186347,"('41.0191154', '28.9647942')"
3226,,41.031804,28.94501,"Taksiarhes Rum Kilisesi, Balat",,C,yellow,,,church building,,Point(28.94501 41.031804),3.833,http://www.wikidata.org/entity/Q112111971,2.0,,,,http://www.wikidata.org/entity/Q16970,"('41.031804', '28.94501')"
3227,,41.031833,28.946286,Hızır Çavuş Mosque,,C,yellow,,,architectural structure,,Point(28.946286 41.031833),3.764,http://www.wikidata.org/entity/Q112112038,2.0,,,,http://www.wikidata.org/entity/Q811979,"('41.031833', '28.946286')"
3230,,41.0178452,28.9628315,Katip Şemseddin Mosque,,C,yellow,,,architectural structure,,Point(28.9628315 41.0178452),1.68,http://www.wikidata.org/entity/Q112112542,2.0,,,,http://www.wikidata.org/entity/Q811979,"('41.0178452', '28.9628315')"
3233,,41.0192146,28.963604,Softa Hatip Mosque,,C,yellow,,,architectural structure,,Point(28.963604 41.0192146),1.759,http://www.wikidata.org/entity/Q112112736,2.0,,,,http://www.wikidata.org/entity/Q811979,"('41.0192146', '28.963604')"
3236,,41.0305939,28.9456596,Katip Muslihiddin Yazıcı Mosque,,C,yellow,,,architectural structure,,Point(28.9456596 41.0305939),3.698,http://www.wikidata.org/entity/Q112112914,2.0,,,,http://www.wikidata.org/entity/Q811979,"('41.0305939', '28.9456596')"
3239,,41.013294,28.957298,Emine Hanım Fountain,,C,yellow,,,fountain,,Point(28.957298 41.013294),1.738,http://www.wikidata.org/entity/Q112123303,2.0,,,,http://www.wikidata.org/entity/Q483453,"('41.013294', '28.957298')"
3240,,41.034196,28.945748,"Çavuşbaşı Hamamı, Balat",,C,yellow,,,hammam,,Point(28.945748 41.034196),3.994,http://www.wikidata.org/entity/Q112123359,2.0,,,,http://www.wikidata.org/entity/Q28077,"('41.034196', '28.945748')"
3241,,41.039391,28.943319,İskender Bey Fountain,,C,yellow,,,fountain,,Point(28.943319 41.039391),4.575,http://www.wikidata.org/entity/Q112147683,2.0,,,,http://www.wikidata.org/entity/Q483453,"('41.039391', '28.943319')"
3242,,41.037111111111,29.041444444444,Hafıza 15 Temmuz,,C,yellow,,,museum,,Point(29.041444444 41.037111111),6.476,http://www.wikidata.org/entity/Q112231038,2.0,,,,http://www.wikidata.org/entity/Q33506,"('41.037111111111', '29.041444444444')"
3243,,41.0307083,28.9484234,Panagia Paramythia Church,,C,yellow,,,church building,,Point(28.9484234 41.0307083),3.552,http://www.wikidata.org/entity/Q112242322,2.0,,,,http://www.wikidata.org/entity/Q16970,"('41.0307083', '28.9484234')"
3244,,41.0307922,28.949358,Q112246368,,C,yellow,,,church building,,Point(28.949358 41.0307922),3.509,http://www.wikidata.org/entity/Q112246368,2.0,,,,http://www.wikidata.org/entity/Q16970,"('41.0307922', '28.949358')"
3245,,41.036796507564,28.986896377727,Bayonet Statue,,C,yellow,,,monument,,Point(28.986896377 41.036796507),3.506,http://www.wikidata.org/entity/Q112533147,2.0,,,,http://www.wikidata.org/entity/Q4989906,"('41.036796507564', '28.986896377727')"
3246,,41.047503873087,28.933445938966,Eyüpsultan Square,,C,yellow,,,square,,Point(28.933445938 41.047503873),5.794,http://www.wikidata.org/entity/Q112575255,2.0,,,,http://www.wikidata.org/entity/Q174782,"('41.047503873087', '28.933445938966')"
3247,,41.020664826236,28.947641979471,Yedi Emirler Cemetery,,C,yellow,,,nimelceyş grave,,Point(28.947641979 41.020664826),2.852,http://www.wikidata.org/entity/Q112585208,2.0,,,,http://www.wikidata.org/entity/Q135476985,"('41.020664826236', '28.947641979471')"
3249,,40.9583,28.8278,Simenoğlu Villa,,C,yellow,,,pavilion,,Point(28.8278 40.9583),13.53,http://www.wikidata.org/entity/Q112614100,2.0,,,,http://www.wikidata.org/entity/Q276173,"('40.9583', '28.8278')"
3251,,41.008282971799,28.971733268296,Köprülü Mehmet Paşa Mosque,,C,yellow,,,külliye,,Point(28.971733268 41.008282971),0.407,http://www.wikidata.org/entity/Q112717779,2.0,,,,http://www.wikidata.org/entity/Q71974,"('41.008282971799', '28.971733268296')"
3253,,40.991013888889,29.025883333333,Ali Paşa Fountain,,C,yellow,,,fountain,,Point(29.025883333 40.991013888),4.531,http://www.wikidata.org/entity/Q112830145,2.0,,,,http://www.wikidata.org/entity/Q483453,"('40.991013888889', '29.025883333333')"
3254,,41.001333333333,29.040408333333,Baba-Oğul Fountain,,C,yellow,,,fountain,,Point(29.040408333 41.001333333),5.444,http://www.wikidata.org/entity/Q112845065,2.0,,,,http://www.wikidata.org/entity/Q483453,"('41.001333333333', '29.040408333333')"
3255,,41.02446,28.9729,Genoese Palace,,C,yellow,,,historic building,,Point(28.9729 41.02446),2.026,http://www.wikidata.org/entity/Q112845110,2.0,,,https://en.wikipedia.org/wiki/Genoese_Palace,http://www.wikidata.org/entity/Q35112127,"('41.02446', '28.9729')"
3256,,41.05102,29.033273,Defterdar İbrahim Paşa Mosque,,C,yellow,,,architectural structure,,Point(29.033273 41.05102),6.915,http://www.wikidata.org/entity/Q112845160,2.0,,,,http://www.wikidata.org/entity/Q811979,"('41.05102', '29.033273')"
3259,,41.0055,29.033222222222,Feridun Paşa Mosque,,C,yellow,,,historic building,,Point(29.033222222 41.0055),4.813,http://www.wikidata.org/entity/Q112845236,2.0,,,,http://www.wikidata.org/entity/Q35112127,"('41.0055', '29.033222222222')"
3261,,41.022583333333,28.970083333333,Kethüda Yahya Ağa Fountain,,C,yellow,,,fountain,,Point(28.970083333 41.022583333),1.866,http://www.wikidata.org/entity/Q112845302,2.0,,,,http://www.wikidata.org/entity/Q483453,"('41.022583333333', '28.970083333333')"
3262,,41.025694444444,28.972583333333,Laleli fountain,,C,yellow,,,fountain,,Point(28.972583333 41.025694444),2.165,http://www.wikidata.org/entity/Q112845324,2.0,,,,http://www.wikidata.org/entity/Q483453,"('41.025694444444', '28.972583333333')"
3263,,41.067805555556,28.986138888889,Nurol Tower,,C,yellow,,,building,,Point(28.986138888 41.067805555),6.884,http://www.wikidata.org/entity/Q112865279,2.0,,,,http://www.wikidata.org/entity/Q41176,"('41.067805555556', '28.986138888889')"
3264,,40.975558333333,29.051927777778,Salami Fountain,,C,yellow,,,fountain,,Point(29.051927777 40.975558333),7.245,http://www.wikidata.org/entity/Q112865286,2.0,,,,http://www.wikidata.org/entity/Q483453,"('40.975558333333', '29.051927777778')"
3265,,41.011361111111,28.969027777778,Zincirli Han,,C,yellow,,,shopping arcade,,Point(28.969027777 41.011361111),0.798,http://www.wikidata.org/entity/Q112865640,2.0,,,,http://www.wikidata.org/entity/Q97495053,"('41.011361111111', '28.969027777778')"
3266,,40.990558333333,29.025069444444,Fountain of Sürmeli Ali Paşa,,C,yellow,,,fountain,,Point(29.025069444 40.990558333),4.488,http://www.wikidata.org/entity/Q112865707,2.0,,,,http://www.wikidata.org/entity/Q483453,"('40.990558333333', '29.025069444444')"
3267,,41.05080638839,29.052627155784,Serkavas Ahmet Ağa Lahanacılar Fountain,,C,yellow,,,fountain,,Point(29.052627155 41.050806388),8.115,http://www.wikidata.org/entity/Q113407492,2.0,,,,http://www.wikidata.org/entity/Q483453,"('41.05080638839', '29.052627155784')"
3268,,41.047402114243,29.025493311681,Ortaköy Pier,,C,yellow,,,pier,,Point(29.025493311 41.047402114),6.175,http://www.wikidata.org/entity/Q113407505,2.0,,,,http://www.wikidata.org/entity/Q863454,"('41.047402114243', '29.025493311681')"
3269,,41.040813486889,28.944756471772,Ayvansaray Pier,,C,yellow,,,wharf,,Point(28.944756471 41.040813486),4.634,http://www.wikidata.org/entity/Q113407620,2.0,,,,http://www.wikidata.org/entity/Q828909,"('41.040813486889', '28.944756471772')"
3278,,40.997423902265,28.875114045814,İncirli,,C,yellow,,,interchange station,,Point(28.875114045 40.997423902),8.513,http://www.wikidata.org/entity/Q113502927,2.0,,,,http://www.wikidata.org/entity/Q1147171,"('40.997423902265', '28.875114045814')"
3280,,40.997117849071,28.874654228223,İncirli Transfer Center,,C,yellow,,,interchange station,,Point(28.874654228 40.997117849),8.556,http://www.wikidata.org/entity/Q113506065,2.0,,,,http://www.wikidata.org/entity/Q1147171,"('40.997117849071', '28.874654228223')"
3281,,40.990928841026,28.837782018292,Yenibosna Transfer Center,,C,yellow,,,interchange station,,Point(28.837782018 40.990928841),11.715,http://www.wikidata.org/entity/Q113506071,2.0,,,,http://www.wikidata.org/entity/Q1147171,"('40.990928841026', '28.837782018292')"
3284,,41.066307914199,28.994407030864,Mecidiyeköy Transfer Center,,C,yellow,,,interchange station,,Point(28.99440703 41.066307914),6.842,http://www.wikidata.org/entity/Q113555687,2.0,,,,http://www.wikidata.org/entity/Q1147171,"('41.066307914199', '28.994407030864')"
3286,,41.065169740628,28.995481482763,Mecidiyeköy,,C,yellow,,,interchange station,,Point(28.995481482 41.06516974),6.74,http://www.wikidata.org/entity/Q113555727,2.0,,,,http://www.wikidata.org/entity/Q1147171,"('41.065169740628', '28.995481482763')"
3290,,41.066636856896,29.01180539419,Gayrettepe (M11),,C,yellow,,,interchange station,,Point(29.011805394 41.066636856),7.346,http://www.wikidata.org/entity/Q113560015,2.0,,,,http://www.wikidata.org/entity/Q1147171,"('41.066636856896', '29.01180539419')"
3294,,41.075830211547,29.014484109545,Levent (M6),,C,yellow,,,interchange station,,Point(29.014484109 41.075830211),8.374,http://www.wikidata.org/entity/Q113561945,2.0,,,,http://www.wikidata.org/entity/Q1147171,"('41.075830211547', '29.014484109545')"
3297,,41.024319464688,29.015935980353,Tıflıgül Hanım Fountain,,C,yellow,,,fountain,,Point(29.01593598 41.024319464),3.909,http://www.wikidata.org/entity/Q113638822,2.0,,,,http://www.wikidata.org/entity/Q483453,"('41.024319464688', '29.015935980353')"
3298,,41.0687,29.0162,Çiftçi Towers,,C,yellow,,,building,,Point(29.0162 41.0687),7.711,http://www.wikidata.org/entity/Q113993437,2.0,,,https://en.wikipedia.org/wiki/%C3%87ift%C3%A7i_Towers,http://www.wikidata.org/entity/Q41176,"('41.0687', '29.0162')"
3299,,41.067,28.8242,ISTOÇ,,C,yellow,,,architectural ensemble,,Point(28.8242 41.067),14.396,http://www.wikidata.org/entity/Q114878408,2.0,,,,http://www.wikidata.org/entity/Q1497375,"('41.067', '28.8242')"
3301,,41.029444444444,28.975388888889,Lebon Patisserie & Café,,C,yellow,,,shop,,Point(28.975388888 41.029444444),2.565,http://www.wikidata.org/entity/Q115264889,2.0,,,https://en.wikipedia.org/wiki/Lebon_Patisserie_%26_Caf%C3%A9,http://www.wikidata.org/entity/Q213441,"('41.029444444444', '28.975388888889')"
3303,,41.108640316785,28.989237499469,Cendere Art Museum,,C,yellow,,,pumping station,,Point(28.989237499 41.108640316),11.425,http://www.wikidata.org/entity/Q115611246,2.0,,,,http://www.wikidata.org/entity/Q446013,"('41.108640316785', '28.989237499469')"
3305,,41.003972222222,28.974805555556,Nakilbend Mosque,,C,yellow,,,architectural structure,,Point(28.974805555 41.003972222),0.282,http://www.wikidata.org/entity/Q115631782,2.0,,,,http://www.wikidata.org/entity/Q811979,"('41.003972222222', '28.974805555556')"
3308,,40.99909695,29.047064080556,Kadıköy Armenian Cemetery,,C,yellow,,,cemetery,,Point(29.04706408 40.99909695),6.029,http://www.wikidata.org/entity/Q115687468,2.0,,,,http://www.wikidata.org/entity/Q39614,"('40.99909695', '29.047064080556')"
3309,,40.999438888889,29.0462,Kadıköy Roman Catholic Cemetery,,C,yellow,,,cemetery,,Point(29.0462 40.999438888),5.952,http://www.wikidata.org/entity/Q115727973,2.0,,,,http://www.wikidata.org/entity/Q39614,"('40.999438888889', '29.0462')"
3310,,41.069660326587,29.060846874717,Glavany Villa,,C,yellow,,,pavilion,,Point(29.060846874 41.069660326),10.015,http://www.wikidata.org/entity/Q115786378,2.0,,,,http://www.wikidata.org/entity/Q276173,"('41.069660326587', '29.060846874717')"
3312,,41.0415,29.041055555556,Yellow Pavilion,,C,yellow,,,pavilion,,Point(29.041055555 41.0415),6.719,http://www.wikidata.org/entity/Q115789189,2.0,,,,http://www.wikidata.org/entity/Q276173,"('41.0415', '29.041055555556')"
3314,,41.0201225,28.9582825,Piri Mehmed Pasha Mosque,,C,yellow,,,architectural structure,,Point(28.9582825 41.0201225),2.124,http://www.wikidata.org/entity/Q115943451,2.0,,,,http://www.wikidata.org/entity/Q811979,"('41.0201225', '28.9582825')"
3317,,41.039753,28.9407501,Hazreti Kaab Mosque,,C,yellow,,,architectural structure,,Point(28.9407501 41.039753),4.738,http://www.wikidata.org/entity/Q115953789,2.0,,,,http://www.wikidata.org/entity/Q811979,"('41.039753', '28.9407501')"
3321,,41.080226420406,28.976178587424,Kâğıthane (M11),,C,yellow,,,interchange station,,Point(28.976178587 41.08022642),8.211,http://www.wikidata.org/entity/Q115962847,2.0,,,,http://www.wikidata.org/entity/Q1147171,"('41.080226420406', '28.976178587424')"
3323,,41.034883910149,28.949164835665,Balat Pier,,C,yellow,,,pier,,Point(28.949164835 41.03488391),3.881,http://www.wikidata.org/entity/Q116060549,2.0,,,,http://www.wikidata.org/entity/Q863454,"('41.034883910149', '28.949164835665')"
3324,,41.030938291321,28.952461158875,Fener Pier,,C,yellow,,,pier,,Point(28.952461158 41.030938291),3.363,http://www.wikidata.org/entity/Q116098828,2.0,,,,http://www.wikidata.org/entity/Q863454,"('41.030938291321', '28.952461158875')"
3325,,41.0304604,28.9663124,Kasımpaşa Pier,,C,yellow,,,pier,,Point(28.9663124 41.0304604),2.795,http://www.wikidata.org/entity/Q116166762,2.0,,,,http://www.wikidata.org/entity/Q863454,"('41.0304604', '28.9663124')"
3326,,41.067745533161,29.012396969762,Gayrettepe Transfer Center,,C,yellow,,,interchange station,,Point(29.012396969 41.067745533),7.479,http://www.wikidata.org/entity/Q116193393,2.0,,,,http://www.wikidata.org/entity/Q1147171,"('41.067745533161', '29.012396969762')"
3327,,41.0308952,28.9450188,Tatlı Memba Street Fountain,,C,yellow,,,fountain,,Point(28.9450188 41.0308952),3.759,http://www.wikidata.org/entity/Q116207208,2.0,,,,http://www.wikidata.org/entity/Q483453,"('41.0308952', '28.9450188')"
3328,,41.0311623,28.9461746,Kalpakçı Fountain,,C,yellow,,,fountain,,Point(28.9461746 41.0311623),3.715,http://www.wikidata.org/entity/Q116207353,2.0,,,,http://www.wikidata.org/entity/Q483453,"('41.0311623', '28.9461746')"
3330,,41.0298042,28.9488621,Rum Mektebi,,C,yellow,,,primary school,,Point(28.9488621 41.0298042),3.452,http://www.wikidata.org/entity/Q116207982,2.0,,,,http://www.wikidata.org/entity/Q9842,"('41.0298042', '28.9488621')"
3331,,41.003948,28.974702,Hasan Ağa Mosque Fountain,,C,yellow,,,fountain,,Point(28.974702 41.003948),0.288,http://www.wikidata.org/entity/Q116283317,2.0,,,,http://www.wikidata.org/entity/Q483453,"('41.003948', '28.974702')"
3332,,41.088593,29.056725,Rakım Paşa Çeşmesi,,C,yellow,,,fountain,,Point(29.056725 41.088593),11.381,http://www.wikidata.org/entity/Q116298429,2.0,,,,http://www.wikidata.org/entity/Q483453,"('41.088593', '29.056725')"
3333,,41.076335,29.044384,Bebek Pier,,C,yellow,,,wharf,,Point(29.044384 41.076335),9.67,http://www.wikidata.org/entity/Q116303780,2.0,,,,http://www.wikidata.org/entity/Q828909,"('41.076335', '29.044384')"
3335,,41.037332411111,29.035087338889,Nakkaş Baba Cemetery,,C,yellow,,,cemetery,,Point(29.035087338 41.037332411),6.043,http://www.wikidata.org/entity/Q116507961,2.0,,,,http://www.wikidata.org/entity/Q39614,"('41.037332411111', '29.035087338889')"
3336,,41.0461801,28.9944489,Nişantaşı Nuri Akın Anadolu Lisesi,,C,yellow,,,secondary school,,Point(28.9944489 41.0461801),4.692,http://www.wikidata.org/entity/Q116885756,2.0,,,,http://www.wikidata.org/entity/Q159334,"('41.0461801', '28.9944489')"
3337,,41.040805555556,29.040166666667,Marble Pavilion,,C,yellow,,,pavilion,,Point(29.040166666 41.040805555),6.614,http://www.wikidata.org/entity/Q117227058,2.0,,,https://en.wikipedia.org/wiki/Marble_Pavilion,http://www.wikidata.org/entity/Q276173,"('41.040805555556', '29.040166666667')"
3340,,41.079794388226,28.974549687816,Kâğıthane Transfer Center,,C,yellow,,,interchange station,,Point(28.974549687 41.079794388),8.164,http://www.wikidata.org/entity/Q117409292,2.0,,,,http://www.wikidata.org/entity/Q1147171,"('41.079794388226', '28.974549687816')"
3341,,41.019455772527,28.919892755438,Topkapı Transfer Center,,C,yellow,,,interchange station,,Point(28.919892755 41.019455772),4.916,http://www.wikidata.org/entity/Q117459646,2.0,,,,http://www.wikidata.org/entity/Q1147171,"('41.019455772527', '28.919892755438')"
3343,,41.040861111111,29.038777777778,Ahır Kiosk,,C,yellow,,,pavilion,,Point(29.038777777 41.040861111),6.523,http://www.wikidata.org/entity/Q118119298,2.0,,,,http://www.wikidata.org/entity/Q276173,"('41.040861111111', '29.038777777778')"
3345,,41.024777777778,28.972472222222,Sen Piyer Hanı,,C,yellow,,,shopping arcade,,Point(28.972472222 41.024777777),2.065,http://www.wikidata.org/entity/Q118188184,2.0,,,,http://www.wikidata.org/entity/Q97495053,"('41.024777777778', '28.972472222222')"
3346,,41.036022682732,28.943173105579,Hoca Ali Mosque,,C,yellow,,,architectural structure,,Point(28.943173105 41.036022682),4.288,http://www.wikidata.org/entity/Q118383677,2.0,,,,http://www.wikidata.org/entity/Q811979,"('41.036022682732', '28.943173105579')"
3349,,41.035243643857,28.944101695961,Çınçınlı Fountain,,C,yellow,,,fountain,,Point(28.944191 41.0352821),4.17,http://www.wikidata.org/entity/Q118383770,2.0,,,,http://www.wikidata.org/entity/Q483453,"('41.035243643857', '28.944101695961')"
3353,,41.035674916266,28.942097169763,Yatağan Mosque,,C,yellow,,,architectural structure,,Point(28.942097169 41.035674916),4.317,http://www.wikidata.org/entity/Q118383783,2.0,,,,http://www.wikidata.org/entity/Q811979,"('41.035674916266', '28.942097169763')"
3356,,41.025652015171,28.93331451687,Yakup Kethüda Fountain,,C,yellow,,,fountain,,Point(28.933314516 41.025652015),4.164,http://www.wikidata.org/entity/Q118402326,2.0,,,,http://www.wikidata.org/entity/Q483453,"('41.025652015171', '28.93331451687')"
3357,,41.026865687918,28.933913927235,Ahmet Ağa Fountain (Karagümrük),,C,yellow,,,fountain,,Point(28.933913927 41.026865687),4.193,http://www.wikidata.org/entity/Q118402646,2.0,,,,http://www.wikidata.org/entity/Q483453,"('41.026865687918', '28.933913927235')"
3358,,41.026474,28.936243,Keçeci Piri Mosque,,C,yellow,,,architectural structure,,Point(28.936243 41.026474),4.006,http://www.wikidata.org/entity/Q118402699,2.0,,,,http://www.wikidata.org/entity/Q811979,"('41.026474', '28.936243')"
3361,,41.024859521164,28.936051100814,Yakup Kethüda Fountain (Karagümrük),,C,yellow,,,fountain,,Point(28.936058 41.0248947),3.924,http://www.wikidata.org/entity/Q118402744,2.0,,,,http://www.wikidata.org/entity/Q483453,"('41.024859521164', '28.936051100814')"
3365,,41.024343832527,28.9380699308,Öküz Mehmed Paşa Mosque,,C,yellow,,,architectural structure,,Point(28.93806993 41.024343832),3.748,http://www.wikidata.org/entity/Q118406173,2.0,,,,http://www.wikidata.org/entity/Q811979,"('41.024343832527', '28.9380699308')"
3368,,41.0242462,28.9379997,Öküz Mehmed Paşa Fountain,,C,yellow,,,fountain,,Point(28.9379997 41.0242462),3.747,http://www.wikidata.org/entity/Q118406339,2.0,,,,http://www.wikidata.org/entity/Q483453,"('41.0242462', '28.9379997')"
3372,,41.028190221882,28.933515026249,Ahmet Galip Paşa Fountain,,C,yellow,,,fountain,,Point(28.933515026 41.028190221),4.302,http://www.wikidata.org/entity/Q118491913,2.0,,,,http://www.wikidata.org/entity/Q483453,"('41.028190221882', '28.933515026249')"
3376,,41.02898,28.936686,Cağalizade İbrahim Bey Fountain,,C,yellow,,,fountain,,Point(28.936686 41.02898),4.138,http://www.wikidata.org/entity/Q118495216,2.0,,,,http://www.wikidata.org/entity/Q483453,"('41.02898', '28.936686')"
3377,,41.0288158,28.9364594,Mihrimah Sultan Hamam,,C,yellow,,,hammam,,Point(28.9364594 41.0288158),4.142,http://www.wikidata.org/entity/Q118495282,2.0,,,,http://www.wikidata.org/entity/Q28077,"('41.0288158', '28.9364594')"
3378,,41.028650280776,28.936964539324,Q118495403,,C,yellow,,,grave,,Point(28.936964539 41.02865028),4.097,http://www.wikidata.org/entity/Q118495403,2.0,,,,http://www.wikidata.org/entity/Q173387,"('41.028650280776', '28.936964539324')"
3380,,41.026333333333,28.931444444444,Q118495580,,C,yellow,,,nimelceyş grave,,Point(28.931444444 41.026333333),4.337,http://www.wikidata.org/entity/Q118495580,2.0,,,,http://www.wikidata.org/entity/Q135476985,"('41.026333333333', '28.931444444444')"
3382,,41.021861111111,28.975333333333,Q118581339,,C,yellow,,,bank,,Point(28.975333333 41.021861111),1.722,http://www.wikidata.org/entity/Q118581339,2.0,,,,http://www.wikidata.org/entity/Q22687,"('41.021861111111', '28.975333333333')"
3383,,41.001916666667,28.933388888889,Q118581407,,C,yellow,,,monastery,,Point(28.933388888 41.001916666),3.599,http://www.wikidata.org/entity/Q118581407,2.0,,,,http://www.wikidata.org/entity/Q44613,"('41.001916666667', '28.933388888889')"
3384,,41.0678266,29.0449648,Arnavutköy Guardhouse,,C,yellow,,,historic building,,Point(29.0449648 41.0678266),8.959,http://www.wikidata.org/entity/Q118929750,2.0,,,,http://www.wikidata.org/entity/Q35112127,"('41.0678266', '29.0449648')"
3385,,41.008478237569,28.93724980778,Kızılelma Street,,C,yellow,,,street,,Point(28.937249807 41.008478237),3.249,http://www.wikidata.org/entity/Q118929833,2.0,,,,http://www.wikidata.org/entity/Q79007,"('41.008478237569', '28.93724980778')"
3386,,41.012805555556,28.963888888889,Q118929941,,C,yellow,,,statue,,Point(28.963888888 41.012805555),1.233,http://www.wikidata.org/entity/Q118929941,2.0,,,,http://www.wikidata.org/entity/Q179700,"('41.012805555556', '28.963888888889')"
3388,,41.010277777778,28.937888888889,Akbaba Mehmed Efendi Mosque,,C,yellow,,,architectural structure,,Point(28.937888888 41.010277777),3.216,http://www.wikidata.org/entity/Q118946557,2.0,,,,http://www.wikidata.org/entity/Q811979,"('41.010277777778', '28.937888888889')"
3392,,40.990683327136,28.914658626985,Kazlı Çeşme,,C,yellow,,,fountain,,Point(28.914658626 40.990683327),5.425,http://www.wikidata.org/entity/Q118957366,2.0,,,,http://www.wikidata.org/entity/Q483453,"('40.990683327136', '28.914658626985')"
3393,,41.049027777778,28.941277777778,Mahmud Efendi Fountain,,C,yellow,,,fountain,,Point(28.941277777 41.049027777),5.559,http://www.wikidata.org/entity/Q119424396,2.0,,,,http://www.wikidata.org/entity/Q483453,"('41.049027777778', '28.941277777778')"
3394,,41.04587,29.01725,Yahya Efendi Fountain,,C,yellow,,,fountain,,Point(29.01725 41.04587),5.597,http://www.wikidata.org/entity/Q119512759,2.0,,,,http://www.wikidata.org/entity/Q483453,"('41.04587', '29.01725')"
3395,,41.029019150357,28.970202826097,Bedrettin Mosque,,C,yellow,,,architectural structure,,Point(28.970202826 41.02901915),2.562,http://www.wikidata.org/entity/Q119649946,2.0,,,,http://www.wikidata.org/entity/Q811979,"('41.029019150357', '28.970202826097')"
3398,,40.99325,29.030222222222,Kayışdağı Suyu Fountain,,C,yellow,,,fountain,,Point(29.030222222 40.99325),4.789,http://www.wikidata.org/entity/Q119680818,2.0,,,,http://www.wikidata.org/entity/Q483453,"('40.99325', '29.030222222222')"
3399,,40.990305555556,29.028083333333,"Kayışdağı Water Fountain, Osmanağa",,C,yellow,,,fountain,,Point(29.028083333 40.990305555),4.732,http://www.wikidata.org/entity/Q119682475,2.0,,,,http://www.wikidata.org/entity/Q483453,"('40.990305555556', '29.028083333333')"
3400,,40.98025,29.077416666667,"Kayışdağı Suyu Fountain, Sahrayıcedid",,C,yellow,,,fountain,,Point(29.077416666 40.98025),9.004,http://www.wikidata.org/entity/Q119716768,2.0,,,,http://www.wikidata.org/entity/Q483453,"('40.98025', '29.077416666667')"
3401,,41.028538446843,28.971156923232,Kethüda Mehmet Efendi Fountain,,C,yellow,,,fountain,,Point(28.971156923 41.028538446),2.495,http://www.wikidata.org/entity/Q119726731,2.0,,,,http://www.wikidata.org/entity/Q483453,"('41.028538446843', '28.971156923232')"
3402,,41.030512287582,28.967086597349,Statue of Cezayirli Gazi Hasan Pasha,,C,yellow,,,monument,,Point(28.967086597 41.030512287),2.783,http://www.wikidata.org/entity/Q119727507,2.0,,,,http://www.wikidata.org/entity/Q4989906,"('41.030512287582', '28.967086597349')"
3403,,41.031507397539,28.96680684285,Yusuf Agah Mosque,,C,yellow,,,architectural structure,,Point(28.966806842 41.031507397),2.895,http://www.wikidata.org/entity/Q119729028,2.0,,,,http://www.wikidata.org/entity/Q811979,"('41.031507397539', '28.96680684285')"
3406,,41.03225,28.968833333333,Cezayirli Gazi Hasan Paşa Fountain (Çatma Mescit),,C,yellow,,,fountain,,Point(28.968833333 41.03225),2.936,http://www.wikidata.org/entity/Q119729640,2.0,,,,http://www.wikidata.org/entity/Q483453,"('41.03225', '28.968833333333')"
3407,,41.033053735248,28.96864659451,Kasım Pasha Mosque,,C,yellow,,,külliye,,Point(28.968646594 41.033053735),3.027,http://www.wikidata.org/entity/Q119729870,2.0,,,,http://www.wikidata.org/entity/Q71974,"('41.033053735248', '28.96864659451')"
3411,,41.003,28.8657,Bahçelievler,,C,yellow,,,mahalle,,Point(28.8657 41.003),9.252,http://www.wikidata.org/entity/Q119788783,2.0,,,,http://www.wikidata.org/entity/Q17051044,"('41.003', '28.8657')"
3412,,41.033805555556,28.967083333333,Yeni Hamam (Beyoğlu),,C,yellow,,,hammam,,Point(28.967083333 41.033805555),3.137,http://www.wikidata.org/entity/Q119790767,2.0,,,,http://www.wikidata.org/entity/Q28077,"('41.033805555556', '28.967083333333')"
3413,,41.03227093076,28.966476384291,Tomb of Turabi Baba,,C,yellow,,,türbe,,Point(28.966476384 41.03227093),2.985,http://www.wikidata.org/entity/Q119791227,2.0,,,,http://www.wikidata.org/entity/Q838159,"('41.03227093076', '28.966476384291')"
3414,,41.033511637277,28.968373671464,Büyük Baths,,C,yellow,,,hammam,,Point(28.968373671 41.033511637),3.082,http://www.wikidata.org/entity/Q119791881,2.0,,,,http://www.wikidata.org/entity/Q28077,"('41.033511637277', '28.968373671464')"
3415,,41.036694444444,28.963777777778,Güzelce Ali Pasha Fountain,,C,yellow,,,fountain,,Point(28.963777777 41.036694444),3.52,http://www.wikidata.org/entity/Q119805523,2.0,,,,http://www.wikidata.org/entity/Q483453,"('41.036694444444', '28.963777777778')"
3416,,41.023514430905,28.960104938278,Haraççı Kara Mehmet Camii,,C,yellow,,,architectural structure,,Point(28.960104938 41.02351443),2.319,http://www.wikidata.org/entity/Q121411116,2.0,,,,http://www.wikidata.org/entity/Q811979,"('41.023514430905', '28.960104938278')"
3419,,41.026944444444,28.956138888889,Adile Sultan Mektebi,,C,yellow,,,historic building,,Point(28.956138888 41.026944444),2.823,http://www.wikidata.org/entity/Q121416835,2.0,,,,http://www.wikidata.org/entity/Q35112127,"('41.026944444444', '28.956138888889')"
3420,,41.0277829,28.9564239,Cumhuriyet Fountain,,C,yellow,,,fountain,,Point(28.9564239 41.0277829),2.885,http://www.wikidata.org/entity/Q121423214,2.0,,,,http://www.wikidata.org/entity/Q483453,"('41.0277829', '28.9564239')"
3421,,41.02334,28.96017,Haraççı Çeşmesi,,C,yellow,,,fountain,,Point(28.96017 41.02334),2.3,http://www.wikidata.org/entity/Q121436052,2.0,,,,http://www.wikidata.org/entity/Q483453,"('41.02334', '28.96017')"
3422,,41.0278854,28.9564152,Sekbanbaşı Abdurrahman Ağa Tomb,,C,yellow,,,türbe,,Point(28.9564152 41.0278854),2.895,http://www.wikidata.org/entity/Q121438501,2.0,,,,http://www.wikidata.org/entity/Q838159,"('41.0278854', '28.9564152')"
3424,,41.0278893,28.9565105,Ayakapı Guardhouse,,C,yellow,,,historic building,,Point(28.9565105 41.0278893),2.891,http://www.wikidata.org/entity/Q121438547,2.0,,,,http://www.wikidata.org/entity/Q35112127,"('41.0278893', '28.9565105')"
3425,,41.026875,28.956068,İhramcı Mehmed Sadık Efendi Fountain,,C,yellow,,,fountain,,Point(28.956068 41.026875),2.82,http://www.wikidata.org/entity/Q121438717,2.0,,,,http://www.wikidata.org/entity/Q483453,"('41.026875', '28.956068')"
3426,,41.026173707667,28.956334784289,Küçük Mustafa Paşa Baths,,C,yellow,,,hammam,,Point(28.956334784 41.026173707),2.744,http://www.wikidata.org/entity/Q121464930,2.0,,,,http://www.wikidata.org/entity/Q28077,"('41.026173707667', '28.956334784289')"
3427,,41.02639431399,28.955818830307,Molla Hüsrev Mosque,,C,yellow,,,architectural structure,,Point(28.95581883 41.026394313),2.79,http://www.wikidata.org/entity/Q121466110,2.0,,,,http://www.wikidata.org/entity/Q811979,"('41.02639431399', '28.955818830307')"
3430,,41.025446419782,28.958013125692,Nalıncı Kasım Fountain,,C,yellow,,,fountain,,Point(28.958013125 41.025446419),2.596,http://www.wikidata.org/entity/Q121466582,2.0,,,,http://www.wikidata.org/entity/Q483453,"('41.025446419782', '28.958013125692')"
3431,,41.038003,28.942116,Q121942739,,C,yellow,,,hammam,,Point(28.942116 41.038003),4.515,http://www.wikidata.org/entity/Q121942739,2.0,,,,http://www.wikidata.org/entity/Q28077,"('41.038003', '28.942116')"
3432,,41.03788,28.94116,İvaz Efendi Fountain,,C,yellow,,,fountain,,Point(28.94116 41.03788),4.555,http://www.wikidata.org/entity/Q121944252,2.0,,,,http://www.wikidata.org/entity/Q483453,"('41.03788', '28.94116')"
3433,,41.036434,28.939707,Eğrikapı Fountain,,C,yellow,,,fountain,,Point(28.939707 41.036434),4.513,http://www.wikidata.org/entity/Q122050868,2.0,,,,http://www.wikidata.org/entity/Q483453,"('41.036434', '28.939707')"
3434,,41.036791,28.939964,Q122050898,,C,yellow,,,church building,,Point(28.939964 41.036791),4.528,http://www.wikidata.org/entity/Q122050898,2.0,,,,http://www.wikidata.org/entity/Q16970,"('41.036791', '28.939964')"
3435,,41.004819389879,28.931245755536,Çavuşzade Ahmet Efendi Fountain,,C,yellow,,,fountain,,Point(28.931245755 41.004819389),3.749,http://www.wikidata.org/entity/Q122382690,2.0,,,,http://www.wikidata.org/entity/Q483453,"('41.004819389879', '28.931245755536')"
3436,,41.003593148231,28.927648738072,Kocamustafapaşa Baths,,C,yellow,,,hammam,,Point(28.927648738 41.003593148),4.058,http://www.wikidata.org/entity/Q122384874,2.0,,,,http://www.wikidata.org/entity/Q28077,"('41.003593148231', '28.927648738072')"
3437,,41.0216,28.93,Hasan Ağa Fountain,,C,yellow,,,fountain,,Point(28.93 41.0216),4.204,http://www.wikidata.org/entity/Q122705303,2.0,,,,http://www.wikidata.org/entity/Q483453,"('41.0216', '28.93')"
3438,,41.0223097574,28.928659242136,Fatma Sultan Mescidi,,C,yellow,,,architectural structure,,Point(28.928659242 41.022309757),4.339,http://www.wikidata.org/entity/Q122705514,2.0,,,,http://www.wikidata.org/entity/Q811979,"('41.0223097574', '28.928659242136')"
3441,,41.022485668075,28.928053463582,Levon Vartuhyan Armenian School,,C,yellow,,,middle school,,Point(28.928053463 41.022485668),4.393,http://www.wikidata.org/entity/Q122705566,2.0,,,,http://www.wikidata.org/entity/Q149566,"('41.022485668075', '28.928053463582')"
3443,,41.022123266992,28.927426181309,Ayios Nikolaos Church,,C,yellow,,,church building,,Point(28.927426181 41.022123266),4.425,http://www.wikidata.org/entity/Q122705743,2.0,,,,http://www.wikidata.org/entity/Q16970,"('41.022123266992', '28.927426181309')"
3444,,41.020649264231,28.929329893679,Gazi Ahmed Paşa Fountain,,C,yellow,,,fountain,,Point(28.929329893 41.020649264),4.215,http://www.wikidata.org/entity/Q122706031,2.0,,,,http://www.wikidata.org/entity/Q483453,"('41.020649264231', '28.929329893679')"
3445,,41.020544361275,28.926941854796,Harbi Mescidi,,C,yellow,,,architectural structure,,Point(28.926941854 41.020544361),4.397,http://www.wikidata.org/entity/Q122706354,2.0,,,,http://www.wikidata.org/entity/Q811979,"('41.020544361275', '28.926941854796')"
3448,,41.020658752551,28.932545124325,Arpa Emini Fountain,,C,yellow,,,fountain,,Point(28.932545124 41.020658752),3.967,http://www.wikidata.org/entity/Q122706407,2.0,,,,http://www.wikidata.org/entity/Q483453,"('41.020658752551', '28.932545124325')"
3449,,41.020437300436,28.931946365581,Arpa Emini Mescidi,,C,yellow,,,architectural structure,,Point(28.931946365 41.0204373),4.003,http://www.wikidata.org/entity/Q122706605,2.0,,,,http://www.wikidata.org/entity/Q811979,"('41.020437300436', '28.931946365581')"
3452,,41.066620844487,28.94593182728,Istanbul Bilgi University Wiki Student Club,,C,yellow,,,university organization,,Point(28.945931827 41.066620844),7.153,http://www.wikidata.org/entity/Q122733146,2.0,,,,http://www.wikidata.org/entity/Q7896796,"('41.066620844487', '28.94593182728')"
3453,,41.045944444444,29.017833333333,Yahya Efendi Külliyesi,,C,yellow,,,külliye,,Point(29.017833333 41.045944444),5.634,http://www.wikidata.org/entity/Q122860130,2.0,,,,http://www.wikidata.org/entity/Q71974,"('41.045944444444', '29.017833333333')"
3454,,41.045027777778,29.005916666667,Abbas Ağa Fountain (Beşiktaş),,C,yellow,,,fountain,,Point(29.005916666 41.045027777),4.982,http://www.wikidata.org/entity/Q123114578,2.0,,,,http://www.wikidata.org/entity/Q483453,"('41.045027777778', '29.005916666667')"
3455,,41.02847,28.9526,Marasli Greek Primary School,,C,yellow,,,historic building,,Point(28.9526 41.02847),3.137,http://www.wikidata.org/entity/Q123237887,2.0,,,,http://www.wikidata.org/entity/Q35112127,"('41.02847', '28.9526')"
3456,,41.0315399,28.9757328,Türkiye İş Bankası Painting and Sculpture Museum,,C,yellow,,,museum,,Point(28.9757328 41.0315399),2.797,http://www.wikidata.org/entity/Q123249842,2.0,,,,http://www.wikidata.org/entity/Q33506,"('41.0315399', '28.9757328')"
3457,,41.048333333333,29.005444444444,Hasan Rıza Paşa Fountain,,C,yellow,,,fountain,,Point(29.005444444 41.048333333),5.283,http://www.wikidata.org/entity/Q123253216,2.0,,,,http://www.wikidata.org/entity/Q483453,"('41.048333333333', '29.005444444444')"
3458,,41.01381549777,29.041957390161,Chaos Class Museum,,C,yellow,,,museum,,Point(29.04195739 41.013815497),5.606,http://www.wikidata.org/entity/Q123420693,2.0,,,https://en.wikipedia.org/wiki/Chaos_Class_Museum,http://www.wikidata.org/entity/Q33506,"('41.01381549777', '29.041957390161')"
3459,,41.0170517,29.0443001,Hunting Pavilion of Sultan Abdülaziz,,C,yellow,,,pavilion,,Point(29.0443001 41.0170517),5.863,http://www.wikidata.org/entity/Q123420731,2.0,,,,http://www.wikidata.org/entity/Q276173,"('41.0170517', '29.0443001')"
3461,,41.029972222222,28.988527777778,Zevki Kadın Fountain,,C,yellow,,,fountain,,Point(28.988527777 41.029972222),2.83,http://www.wikidata.org/entity/Q123468028,2.0,,,,http://www.wikidata.org/entity/Q483453,"('41.029972222222', '28.988527777778')"
3462,,40.98696,29.033725,Statue of Süreyya İlmen,,C,yellow,,,statue,,Point(29.033725 40.98696),5.314,http://www.wikidata.org/entity/Q123512639,2.0,,,https://en.wikipedia.org/wiki/Statue_of_S%C3%BCreyya_%C4%B0lmen,http://www.wikidata.org/entity/Q179700,"('40.98696', '29.033725')"
3463,,41.011204,28.979261,Statue of Atatürk,,C,yellow,,,statue,,Point(28.979261 41.011204),0.607,http://www.wikidata.org/entity/Q123512684,2.0,,,https://en.wikipedia.org/wiki/Statue_of_Atat%C3%BCrk_(G%C3%BClhane_Park),http://www.wikidata.org/entity/Q179700,"('41.011204', '28.979261')"
3465,,40.9873581,29.033968,Statue of Lefter Küçükandonyadis,,C,yellow,,,statue,,Point(29.033968 40.9873581),5.314,http://www.wikidata.org/entity/Q123584923,2.0,,,https://en.wikipedia.org/wiki/Statue_of_Lefter_K%C3%BC%C3%A7%C3%BCkandonyadis,http://www.wikidata.org/entity/Q179700,"('40.9873581', '29.033968')"
3467,,41.0291,28.9864,Rainbow stairs,,C,yellow,,,tourist attraction,,Point(28.9864 41.0291),2.676,http://www.wikidata.org/entity/Q123683184,2.0,,,https://en.wikipedia.org/wiki/Rainbow_stairs,http://www.wikidata.org/entity/Q570116,"('41.0291', '28.9864')"
3468,,41.031388888889,28.99,Fındıklı Park,,C,yellow,,,park,,Point(28.99 41.031388888),3.023,http://www.wikidata.org/entity/Q123684244,2.0,,,https://en.wikipedia.org/wiki/F%C4%B1nd%C4%B1kl%C4%B1_Park,http://www.wikidata.org/entity/Q22698,"('41.031388888889', '28.99')"
3469,,41.008736381274,28.967687285617,Yahya Kemal Museum,,C,yellow,,,private museum,,Point(28.967687285 41.008736381),0.735,http://www.wikidata.org/entity/Q123784333,2.0,,,,http://www.wikidata.org/entity/Q614316,"('41.008736381274', '28.967687285617')"
3471,,41.006527777778,28.93775,Davud Paşa Mosque,,C,yellow,,,architectural structure,,Point(28.93775 41.006527777),3.199,http://www.wikidata.org/entity/Q123934315,2.0,,,,http://www.wikidata.org/entity/Q811979,"('41.006527777778', '28.93775')"
3474,,41.009111,28.977483,Üskübiye Mescidi,,C,yellow,,,architectural structure,,Point(28.977483 41.009111),0.332,http://www.wikidata.org/entity/Q124259375,2.0,,,,http://www.wikidata.org/entity/Q811979,"('41.009111', '28.977483')"
3478,,41.082033,29.066431,Namazgâh of Anadoluhisarı,,C,yellow,,,namazgâh,,Point(29.066431 41.082033),11.333,http://www.wikidata.org/entity/Q124477642,2.0,,,,http://www.wikidata.org/entity/Q6028970,"('41.082033', '29.066431')"
3480,,41.065555555556,29.008333333333,Gayrettepe nightclub fire,,C,yellow,,,fire,,Point(29.008333333 41.065555555),7.121,http://www.wikidata.org/entity/Q125271712,2.0,,,https://en.wikipedia.org/wiki/Gayrettepe_nightclub_fire,http://www.wikidata.org/entity/Q3196,"('41.065555555556', '29.008333333333')"
3481,,41.0427704,29.0452328,Lazın Mansion,,C,yellow,,,pavilion,,Point(29.0452328 41.0427704),7.087,http://www.wikidata.org/entity/Q125343879,2.0,,,,http://www.wikidata.org/entity/Q276173,"('41.0427704', '29.0452328')"
3483,,41.006555555556,28.973027777778,Fuad Pasha Mosque,,C,yellow,,,architectural structure,,Point(28.973027777 41.006555555),0.239,http://www.wikidata.org/entity/Q125395790,2.0,,,,http://www.wikidata.org/entity/Q811979,"('41.006555555556', '28.973027777778')"
3486,,41.022910086567,28.921284067698,Derviş Paşa Çeşme,,C,yellow,,,fountain,,Point(28.921284067 41.022910086),4.935,http://www.wikidata.org/entity/Q125458002,2.0,,,,http://www.wikidata.org/entity/Q483453,"('41.022910086567', '28.921284067698')"
3487,,41.000476242374,28.918066196533,Belgradkapı Mosque,,C,yellow,,,mosque,,Point(28.918066196 41.000476242),4.895,http://www.wikidata.org/entity/Q125458736,2.0,,,,http://www.wikidata.org/entity/Q32815,"('41.000476242374', '28.918066196533')"
3488,,40.991124827686,28.91468053817,Erikli Baba Dervish Lodge,,C,yellow,,,Sufi lodge,,Point(28.914680538 40.991124827),5.408,http://www.wikidata.org/entity/Q125462733,2.0,,,,http://www.wikidata.org/entity/Q833913,"('40.991124827686', '28.91468053817')"
3489,,41.02148,28.91964,Takkeci Ibrahim Aga Complex,,C,yellow,,,külliye,,Point(28.91964 41.02148),5.008,http://www.wikidata.org/entity/Q125471606,2.0,,,,http://www.wikidata.org/entity/Q71974,"('41.02148', '28.91964')"
3490,,41.025472222222,28.975055555556,Matbah Emini Hasan Aga Fountain,,C,yellow,,,fountain,,Point(28.97461 41.028121),2.42,http://www.wikidata.org/entity/Q125474552,2.0,,,,http://www.wikidata.org/entity/Q483453,"('41.025472222222', '28.975055555556')"
3494,,41.014444444444,28.962222222222,İbrahim Efendi Mansion,,C,yellow,,,konak,,Point(28.962222222 41.014444444),1.454,http://www.wikidata.org/entity/Q125522802,2.0,,,,http://www.wikidata.org/entity/Q522124,"('41.014444444444', '28.962222222222')"
3496,,41.009194444444,28.949833333333,Q125548354,,C,yellow,,,fountain,,Point(28.949833333 41.009194444),2.207,http://www.wikidata.org/entity/Q125548354,2.0,,,,http://www.wikidata.org/entity/Q483453,"('41.009194444444', '28.949833333333')"
3497,,41.0876,28.91658,İBB GOP Halit Kıvanç City Stadium,,C,yellow,,,association football venue,,Point(28.91658 41.0876),10.309,http://www.wikidata.org/entity/Q125784037,2.0,,,https://en.wikipedia.org/wiki/%C4%B0BB_GOP_Halit_K%C4%B1van%C3%A7_City_Stadium,http://www.wikidata.org/entity/Q1154710,"('41.0876', '28.91658')"
3498,,41.013611111111,28.955,Turkey Wealth Fund,,C,yellow,,,financial institution,,Point(28.955 41.013611111),1.927,http://www.wikidata.org/entity/Q125846134,2.0,,,,http://www.wikidata.org/entity/Q650241,"('41.013611111111', '28.955')"
3499,,41.024055555556,29.018305555556,Çingene Fırını Mosque,,C,yellow,,,architectural structure,,Point(29.018305555 41.024055555),4.066,http://www.wikidata.org/entity/Q126453770,2.0,,,,http://www.wikidata.org/entity/Q811979,"('41.024055555556', '29.018305555556')"
3501,,41.02275,28.958666666667,Salih Pasha Mosque,,C,yellow,,,architectural structure,,Point(28.958666666 41.02275),2.323,http://www.wikidata.org/entity/Q126472813,2.0,,,,http://www.wikidata.org/entity/Q811979,"('41.02275', '28.958666666667')"
3504,,41.004861111111,28.972722222222,Helvacıbaşı Mosque,,C,yellow,,,architectural structure,,Point(28.972722222 41.004861111),0.314,http://www.wikidata.org/entity/Q126475017,2.0,,,,http://www.wikidata.org/entity/Q811979,"('41.004861111111', '28.972722222222')"
3507,,41.058444444444,28.977694444444,TURK Fatih Tutak,,C,yellow,,,restaurant,,Point(28.977694444 41.058444444),5.791,http://www.wikidata.org/entity/Q127270538,2.0,,,https://en.wikipedia.org/wiki/TURK_Fatih_Tutak,http://www.wikidata.org/entity/Q11707,"('41.058444444444', '28.977694444444')"
3508,,41.042708,29.042896,Abdullah Agha mosque,,C,yellow,,,architectural structure,,Point(29.042896 41.042708),6.923,http://www.wikidata.org/entity/Q127418083,2.0,,,,http://www.wikidata.org/entity/Q811979,"('41.042708', '29.042896')"
3511,,41.003271,28.979372,Akbıyık Mosque,,C,yellow,,,architectural structure,,Point(28.979372 41.003271),0.454,http://www.wikidata.org/entity/Q127418093,2.0,,,,http://www.wikidata.org/entity/Q811979,"('41.003271', '28.979372')"
3515,,41.012757,28.966131,Ali Pasha Mosque,,C,yellow,,,architectural structure,,Point(28.966131 41.012757),1.082,http://www.wikidata.org/entity/Q127418101,2.0,,,,http://www.wikidata.org/entity/Q811979,"('41.012757', '28.966131')"
3518,,41.004955,28.970164,Bostancıbaşı Ali Ağa Mosque,,C,yellow,,,architectural structure,,Point(28.970164 41.004955),0.504,http://www.wikidata.org/entity/Q127418152,2.0,,,,http://www.wikidata.org/entity/Q811979,"('41.004955', '28.970164')"
3521,,41.026421,28.941178,Canfeda Hatun Mosque,,C,yellow,,,architectural structure,,Point(28.941178 41.026421),3.666,http://www.wikidata.org/entity/Q127418175,2.0,,,,http://www.wikidata.org/entity/Q811979,"('41.026421', '28.941178')"
3524,,41.0092395,28.968316,Çorlulu Ali Paşa Mosque,,C,yellow,,,külliye,,Point(28.968316 41.0092395),0.709,http://www.wikidata.org/entity/Q127418204,2.0,,,,http://www.wikidata.org/entity/Q71974,"('41.0092395', '28.968316')"
3527,,41.017611,29.027953,Fenai Ali Efendi Mosque,,C,yellow,,,architectural structure,,Point(29.027953 41.017611),4.545,http://www.wikidata.org/entity/Q127418244,2.0,,,,http://www.wikidata.org/entity/Q811979,"('41.017611', '29.027953')"
3530,,41.013272,28.968941,Mustafa III Mosque,,C,yellow,,,architectural structure,,Point(28.968941 41.013272),0.962,http://www.wikidata.org/entity/Q127418316,2.0,,,,http://www.wikidata.org/entity/Q811979,"('41.013272', '28.968941')"
3533,,41.006387,28.981593,İshak Paşa Mosque,,C,yellow,,,architectural structure,,Point(28.981593 41.006387),0.48,http://www.wikidata.org/entity/Q127418325,2.0,,,,http://www.wikidata.org/entity/Q811979,"('41.006387', '28.981593')"
3536,,41.00872,28.967276,Kaliçeci Hasan Ağa Mosque,,C,yellow,,,architectural structure,,Point(28.967276 41.00872),0.767,http://www.wikidata.org/entity/Q127418336,2.0,,,,http://www.wikidata.org/entity/Q811979,"('41.00872', '28.967276')"
3538,,41.0131721,28.9778728,Karaki Hüseyin Çelebi Mosque,,C,yellow,,,architectural structure,,Point(28.9778728 41.0131721),0.774,http://www.wikidata.org/entity/Q127418351,2.0,,,,http://www.wikidata.org/entity/Q811979,"('41.0131721', '28.9778728')"
3540,,40.9692093,29.0855871,"Kazasker Mosque, Kadıköy",,C,yellow,,,architectural structure,,Point(29.0855871 40.9692093),10.094,http://www.wikidata.org/entity/Q127418370,2.0,,,,http://www.wikidata.org/entity/Q811979,"('40.9692093', '29.0855871')"
3542,,41.0783256,29.0655813,Mihrişah Valide Sultan Mosque (Beykoz),,C,yellow,,,architectural structure,,Point(29.0655813 41.0783256),10.981,http://www.wikidata.org/entity/Q127418429,2.0,,,,http://www.wikidata.org/entity/Q811979,"('41.0783256', '29.0655813')"
3544,,41.114585,29.062211,Osman Reis Mosque,,C,yellow,,,architectural structure,,Point(29.062211 41.114585),14.041,http://www.wikidata.org/entity/Q127418469,2.0,,,,http://www.wikidata.org/entity/Q811979,"('41.114585', '29.062211')"
3546,,41.014636257425,28.976628213437,Vezir Mosque,,C,yellow,,,architectural structure,,Point(28.976628213 41.014636257),0.92,http://www.wikidata.org/entity/Q127418607,2.0,,,,http://www.wikidata.org/entity/Q811979,"('41.014636257425', '28.976628213437')"
3548,,40.9709167,29.0578079,Kemal Sunal Museum,,C,yellow,,,museum,,Point(29.0578079 40.9709167),7.927,http://www.wikidata.org/entity/Q127689004,2.0,,,,http://www.wikidata.org/entity/Q33506,"('40.9709167', '29.0578079')"
3549,,41.076297875902,29.014272197998,Levent Transfer Center,,C,yellow,,,interchange station,,Point(29.014272197 41.076297875),8.415,http://www.wikidata.org/entity/Q130288708,2.0,,,,http://www.wikidata.org/entity/Q1147171,"('41.076297875902', '29.014272197998')"
3550,,41.117166666667,29.063055555556,Araka,,C,yellow,,,restaurant,,Point(29.063055555 41.117166666),14.324,http://www.wikidata.org/entity/Q130329147,2.0,,,https://en.wikipedia.org/wiki/Araka_(restaurant),http://www.wikidata.org/entity/Q11707,"('41.117166666667', '29.063055555556')"
3551,,41.078488510137,29.03146718846,Arkestra,,C,yellow,,,restaurant,,Point(29.031467188 41.07848851),9.275,http://www.wikidata.org/entity/Q130329149,2.0,,,https://en.wikipedia.org/wiki/Arkestra_(restaurant),http://www.wikidata.org/entity/Q11707,"('41.078488510137', '29.03146718846')"
3552,,41.077916666667,29.044138888889,Sankai by Nagaya,,C,yellow,,,Japanese restaurant,,Point(29.044138888 41.077916666),9.8,http://www.wikidata.org/entity/Q130329155,2.0,,,https://en.wikipedia.org/wiki/Sankai_by_Nagaya,http://www.wikidata.org/entity/Q61906224,"('41.077916666667', '29.044138888889')"
3553,,41.0302,28.9778,Nicole,,C,yellow,,,restaurant,,Point(28.9778 41.0302),2.653,http://www.wikidata.org/entity/Q130329153,2.0,,,https://en.wikipedia.org/wiki/Nicole_(restaurant),http://www.wikidata.org/entity/Q11707,"('41.0302', '28.9778')"
3554,,40.959552,28.839375,Wikimedia Hackathon 2025,,C,yellow,,,convention,,Point(28.839375 40.959552),12.585,http://www.wikidata.org/entity/Q130343053,2.0,,,,http://www.wikidata.org/entity/Q625994,"('40.959552', '28.839375')"
3557,,41.043551121513,29.012993383166,Beşiktaş Cat Museum,,C,yellow,,,museum,,Point(29.012993383 41.043551121),5.175,http://www.wikidata.org/entity/Q130443078,2.0,,,,http://www.wikidata.org/entity/Q33506,"('41.043551121513', '29.012993383166')"
3558,,41.0238,28.9734,Neolokal,,C,yellow,,,restaurant,,Point(28.9734 41.0238),1.948,http://www.wikidata.org/entity/Q130781477,2.0,,,https://en.wikipedia.org/wiki/Neolokal,http://www.wikidata.org/entity/Q11707,"('41.0238', '28.9734')"
3563,,41.001749,28.932516,Category:Sahakyan Nunyan Armenian School,,C,yellow,,,primary school,,Point(28.932516 41.001749),3.674,http://www.wikidata.org/entity/Q131192180,2.0,,,,http://www.wikidata.org/entity/Q9842,"('41.001749', '28.932516')"
3567,,41.05352203011,28.98778834092,Rumeli Caddesi,,C,yellow,,,avenue,,Point(28.98778834 41.05352203),5.336,http://www.wikidata.org/entity/Q131228576,2.0,,,,http://www.wikidata.org/entity/Q7543083,"('41.05352203011', '28.98778834092')"
3568,,41.032721,28.938978,Berberbaşı Ali Ağa Fountain,,C,yellow,,,fountain,,Point(28.938978 41.032721),4.261,http://www.wikidata.org/entity/Q131368496,2.0,,,,http://www.wikidata.org/entity/Q483453,"('41.032721', '28.938978')"
3569,,41.085052690018,29.045744781486,Hisarüstü Transfer Center,,C,yellow,,,interchange station,,Point(29.045744781 41.08505269),10.529,http://www.wikidata.org/entity/Q131376371,2.0,,,,http://www.wikidata.org/entity/Q1147171,"('41.085052690018', '29.045744781486')"
3570,,41.10270906405,28.994654216166,Seyrantepe Transfer Center,,C,yellow,,,interchange station,,Point(28.994654216 41.102709064),10.826,http://www.wikidata.org/entity/Q131376372,2.0,,,,http://www.wikidata.org/entity/Q1147171,"('41.10270906405', '28.994654216166')"
3571,,41.06860584341,28.981382624769,Çağlayan Transfer Center,,C,yellow,,,interchange station,,Point(28.981382624 41.068605843),6.934,http://www.wikidata.org/entity/Q131382345,2.0,,,,http://www.wikidata.org/entity/Q1147171,"('41.06860584341', '28.981382624769')"
3572,,41.015951,28.920146,Merkez Efendi Tomb,,C,yellow,,,türbe,,Point(28.920146 41.015951),4.795,http://www.wikidata.org/entity/Q131390980,2.0,,,,http://www.wikidata.org/entity/Q838159,"('41.015951', '28.920146')"
3573,,41.045537,29.008439,Tomb of Sheikh Zafir,,C,yellow,,,türbe,,Point(29.008439 41.045537),5.14,http://www.wikidata.org/entity/Q131391000,2.0,,,,http://www.wikidata.org/entity/Q838159,"('41.045537', '29.008439')"
3574,,41.040594,28.940042,Tomb of Ya Vedud,,C,yellow,,,türbe,,Point(28.940042 41.040594),4.848,http://www.wikidata.org/entity/Q131391006,2.0,,,,http://www.wikidata.org/entity/Q838159,"('41.040594', '28.940042')"
3576,,41.01862,28.942739,Husrev Pasha Tomb,,C,yellow,,,türbe,,Point(28.942739 41.01862),3.095,http://www.wikidata.org/entity/Q131391016,2.0,,,,http://www.wikidata.org/entity/Q838159,"('41.01862', '28.942739')"
3577,,41.0108759,28.971303,Mahmud Pasha Tomb,,C,yellow,,,türbe,,Point(28.971303 41.0108759),0.63,http://www.wikidata.org/entity/Q131391022,2.0,,,,http://www.wikidata.org/entity/Q838159,"('41.0108759', '28.971303')"
3580,,41.028377,28.970634,Maternity Sultan Tomb,,C,yellow,,,türbe,,Point(28.970634 41.028377),2.485,http://www.wikidata.org/entity/Q131391020,2.0,,,,http://www.wikidata.org/entity/Q838159,"('41.028377', '28.970634')"
3581,,41.0263101,28.9518151,Haseki Hafsa Sultan Tomb,,C,yellow,,,türbe,,Point(28.9518151 41.0263101),2.997,http://www.wikidata.org/entity/Q131391069,2.0,,,,http://www.wikidata.org/entity/Q838159,"('41.0263101', '28.9518151')"
3582,,41.042055555556,28.996888888889,Q131690731,,C,yellow,,,statue,,Point(28.996888888 41.042055555),4.341,http://www.wikidata.org/entity/Q131690731,2.0,,,,http://www.wikidata.org/entity/Q179700,"('41.042055555556', '28.996888888889')"
3583,,40.990944444444,28.864861111111,Q131702041,,C,yellow,,,hypogeum,,Point(28.864861111 40.990944444),9.473,http://www.wikidata.org/entity/Q131702041,2.0,,,,http://www.wikidata.org/entity/Q665247,"('40.990944444444', '28.864861111111')"
3584,,41.026805555556,28.974166666667,Category:Barnathan Apartment,,C,yellow,,,apartment,,Point(28.974166666 41.026805555),2.275,http://www.wikidata.org/entity/Q131828009,2.0,,,,http://www.wikidata.org/entity/Q188507,"('41.026805555556', '28.974166666667')"
3585,,41.0499687,29.0048599,Q133504468,,C,yellow,,,public building,,Point(29.0048599 41.0499687),5.422,http://www.wikidata.org/entity/Q133504468,2.0,,,,http://www.wikidata.org/entity/Q294422,"('41.0499687', '29.0048599')"
3588,,41.0262871,28.9585876,Cibali Police Station,,C,yellow,,,public building,,Point(28.9585876 41.0262871),2.646,http://www.wikidata.org/entity/Q133504485,2.0,,,,http://www.wikidata.org/entity/Q294422,"('41.0262871', '28.9585876')"
3591,,41.1095772,29.0833092,Çubuklu Silos,,C,yellow,,,historic building,,Point(29.0833092 41.1095772),14.588,http://www.wikidata.org/entity/Q133817336,2.0,,,,http://www.wikidata.org/entity/Q35112127,"('41.1095772', '29.0833092')"
3592,,41.046978066734,29.053573996015,Havuzbaşı Park,,C,yellow,,,park,,Point(29.053573996 41.046978066),7.928,http://www.wikidata.org/entity/Q133822747,2.0,,,,http://www.wikidata.org/entity/Q22698,"('41.046978066734', '29.053573996015')"
3593,,41.021227,28.926846,Topkapı Kaleiçi Square,,C,yellow,,,square,,Point(28.926846 41.021227),4.432,http://www.wikidata.org/entity/Q134283245,2.0,,,,http://www.wikidata.org/entity/Q174782,"('41.021227', '28.926846')"
3594,,41.030347353662,28.97930603876,St Joseph's Orphanage,,C,yellow,,,orphanage,,Point(28.979306038 41.030347353),2.68,http://www.wikidata.org/entity/Q134308470,2.0,,,,http://www.wikidata.org/entity/Q160645,"('41.030347353662', '28.97930603876')"
3606,,41.008268,28.976696,Kaygusuz Lodge,,C,yellow,,,Sufi lodge,,Point(28.976696 41.008268),0.221,http://www.wikidata.org/entity/Q134615665,2.0,,,,http://www.wikidata.org/entity/Q833913,"('41.008268', '28.976696')"
3607,,41.078918,29.065298,Mihrişah Sultan Fountain (Küçüksu),,C,yellow,,,fountain,,Point(29.065298 41.078918),11.013,http://www.wikidata.org/entity/Q135004710,2.0,,,,http://www.wikidata.org/entity/Q483453,"('41.078918', '29.065298')"
3608,,41.0164261,28.9701157,Kuru Kahveci Han,,C,yellow,,,shopping arcade,,Point(28.9701157 41.0164261),1.217,http://www.wikidata.org/entity/Q135010249,2.0,,,,http://www.wikidata.org/entity/Q97495053,"('41.0164261', '28.9701157')"
3609,,41.035925289735,28.982803923943,Attack on Leman Magazine,,C,yellow,,,terrorist attack,,Point(28.982803923 41.035925289),3.336,http://www.wikidata.org/entity/Q135179673,2.0,,,,http://www.wikidata.org/entity/Q2223653,"('41.035925289735', '28.982803923943')"
3610,,41.0776634,29.0436592,Q135429022,,C,yellow,,,shop,,Point(29.0436592 41.0776634),9.754,http://www.wikidata.org/entity/Q135429022,2.0,,,,http://www.wikidata.org/entity/Q213441,"('41.0776634', '29.0436592')"
3611,,41.014015,28.976707,Muradiye Fountain,,C,yellow,,,sebil,,Point(28.976707 41.014015),0.852,http://www.wikidata.org/entity/Q135430133,2.0,,,,http://www.wikidata.org/entity/Q2914485,"('41.014015', '28.976707')"
3612,,41.0199,28.8938,Otağ-ı Hümayun,,C,yellow,,,palace,,Point(28.8938 41.0199),7.048,http://www.wikidata.org/entity/Q136026028,2.0,,,,http://www.wikidata.org/entity/Q16560,"('41.0199', '28.8938')"
3614,,41.036104,28.9739,Deutsche Evangelische Kirche,,C,yellow,,,church building,,Point(28.9739 41.036104),3.309,http://www.wikidata.org/entity/Q65741537,2.0,,https://de.wikipedia.org/wiki/Kreuzkirche_(Istanbul),,http://www.wikidata.org/entity/Q16970,"('41.036104', '28.9739')"
3615,,41.000706,28.802708,2019 Survival 3C Masters 3,,C,yellow,,,sporting event,,Point(28.802708 41.000706),14.544,http://www.wikidata.org/entity/Q66141709,2.0,,https://de.wikipedia.org/wiki/Survival_3C_Masters_2019/3,,http://www.wikidata.org/entity/Q16510064,"('41.000706', '28.802708')"
3617,,41.036974,29.042263,15 July Martyrs' Memorial,,C,yellow,,,exhibition,,Point(29.042263 41.036974),6.526,http://www.wikidata.org/entity/Q108404641,2.0,,https://de.wikipedia.org/wiki/15_Temmuz_%C5%9Eehitler_An%C4%B1t%C4%B1_ve_M%C3%BCzesi,,http://www.wikidata.org/entity/Q464980,"('41.036974', '29.042263')"
3619,,41.12607,29.02701,Türker İnanoğlu Maslak Show Center,,D,blue,,,performing arts center,,Point(29.02701 41.12607),13.982,http://www.wikidata.org/entity/Q2464525,1.0,,https://de.wikipedia.org/wiki/T%C3%BCrker_%C4%B0nano%C4%9Flu_Maslak_Show_Center,,http://www.wikidata.org/entity/Q3469910,"('41.12607', '29.02701')"
3620,,41.08722222,29.06068333,Q1389334,,D,blue,,,pontoon bridge,,Point(29.06068333 41.08722222),11.462,http://www.wikidata.org/entity/Q1389334,1.0,,https://de.wikipedia.org/wiki/Schiffbr%C3%BCcke_%C3%BCber_den_Bosporus,,http://www.wikidata.org/entity/Q2104072,"('41.08722222', '29.06068333')"
3621,,41.079942,29.009483,Q20757741,,D,blue,,,Wikimedia list article,,Point(29.009483 41.079942),8.651,http://www.wikidata.org/entity/Q20757741,1.0,,https://de.wikipedia.org/wiki/Liste_der_t%C3%BCrkischen_Botschafter_in_Kasachstan,,http://www.wikidata.org/entity/Q13406463,"('41.079942', '29.009483')"
3622,,41.069,29.0139,TAT Towers,,D,blue,,,twin towers,,Point(29.0139 41.069),7.658,http://www.wikidata.org/entity/Q3512016,1.0,,,,http://www.wikidata.org/entity/Q118896406,"('41.069', '29.0139')"
3623,,40.9762,28.8142,Q3562624,,D,blue,,,aviation incident,,Point(28.8142 40.9762),13.977,http://www.wikidata.org/entity/Q3562624,1.0,,,,http://www.wikidata.org/entity/Q3149875,"('40.9762', '28.8142')"
3624,,41.0308,28.9769,Saint-Louis-des-Français Church,,D,blue,,,church building,,Point(28.9769 41.0308),2.717,http://www.wikidata.org/entity/Q3582353,1.0,,,,http://www.wikidata.org/entity/Q16970,"('41.0308', '28.9769')"
3626,,41.030044,28.976206,Q4400516,,D,blue,,,church building,,Point(28.976206 41.030044),2.631,http://www.wikidata.org/entity/Q4400516,1.0,,,,http://www.wikidata.org/entity/Q16970,"('41.030044', '28.976206')"
3627,,41.00527,28.97696,AFM International Independent Film Festival,,D,blue,,,film festival,,Point(28.97696 41.00527),0.154,http://www.wikidata.org/entity/Q4651579,1.0,,,,http://www.wikidata.org/entity/Q220505,"('41.00527', '28.97696')"
3629,,41.102869,28.990419,Ali Sami Yen Sports Complex,,D,blue,,,multi-purpose sports venue,,Point(28.990419 41.102869),10.798,http://www.wikidata.org/entity/Q4725188,1.0,,,https://en.wikipedia.org/wiki/Ali_Sami_Yen_Sports_Complex,http://www.wikidata.org/entity/Q1049757,"('41.102869', '28.990419')"
3630,,41.042222,28.854444,Bağcılar Olympic Sport Hall,,D,blue,,,sports venue,,Point(28.854444 41.042222),10.938,http://www.wikidata.org/entity/Q4875289,1.0,,,https://en.wikipedia.org/wiki/Ba%C4%9Fc%C4%B1lar_Olympic_Sport_Hall,http://www.wikidata.org/entity/Q1076486,"('41.042222', '28.854444')"
3631,,41.00972222,28.96055556,"Faculty of Arts and Sciences Building, Istanbul University",,D,blue,,,university building,,Point(28.96055556 41.00972222),1.338,http://www.wikidata.org/entity/Q5428914,1.0,,,"https://en.wikipedia.org/wiki/Faculty_of_Arts_and_Sciences_Building,_Istanbul_University",http://www.wikidata.org/entity/Q19844914,"('41.00972222', '28.96055556')"
3632,,40.96884722,29.03266389,Galatasaray Kalamış Facilities,,D,blue,,,sports venue,,Point(29.03266389 40.96884722),6.335,http://www.wikidata.org/entity/Q5518013,1.0,,,,http://www.wikidata.org/entity/Q1076486,"('40.96884722', '29.03266389')"
3633,,40.974444,28.869722,Galleria Ice Rink,,D,blue,,,sports venue,,Point(28.869722 40.974444),9.591,http://www.wikidata.org/entity/Q5518958,1.0,,,https://en.wikipedia.org/wiki/Galleria_Ice_Rink,http://www.wikidata.org/entity/Q1076486,"('40.974444', '28.869722')"
3638,,41.0198708,29.0184078,Toptaşı,,D,blue,,,monument,,Point(29.0184078 41.0198708),3.871,http://www.wikidata.org/entity/Q5999946,1.0,,,,http://www.wikidata.org/entity/Q4989906,"('41.0198708', '29.0184078')"
3639,,41.070908,28.851227,Q6001188,,D,blue,,,aqueduct,,Point(28.851227 41.070908),12.679,http://www.wikidata.org/entity/Q6001188,1.0,,,,http://www.wikidata.org/entity/Q474,"('41.070908', '28.851227')"
3640,,41.036916666667,28.984388888889,Taksim Maksemi,,D,blue,,,building,,Point(28.984388888 41.036916666),3.47,http://www.wikidata.org/entity/Q6001676,1.0,,,,http://www.wikidata.org/entity/Q41176,"('41.036916666667', '28.984388888889')"
3641,,41.038138888889,28.993527777778,Q6001881,,D,blue,,,mansion,,Point(28.993527777 41.038138888),3.829,http://www.wikidata.org/entity/Q6001881,1.0,,,,http://www.wikidata.org/entity/Q1802963,"('41.038138888889', '28.993527777778')"
3642,,41.0449295,29.0050507,Makruhyan Armenian Primary School,,D,blue,,,primary school,,Point(29.0050507 41.0449295),4.936,http://www.wikidata.org/entity/Q6002113,1.0,,,,http://www.wikidata.org/entity/Q9842,"('41.0449295', '29.0050507')"
3644,,41.027063,29.06928,Küçük Çamlıca Tepesi,,D,blue,,,hill,,Point(29.06928 41.027063),8.167,http://www.wikidata.org/entity/Q6007296,1.0,,,,http://www.wikidata.org/entity/Q54050,"('41.027063', '29.06928')"
3645,,41.0472412,28.9346027,Sokullu Mehmet Paşa Darülkurrası,,D,blue,,,madrasa,,Point(28.9346027 41.0472412),5.712,http://www.wikidata.org/entity/Q6008970,1.0,,,,http://www.wikidata.org/entity/Q132834,"('41.0472412', '28.9346027')"
3648,,41.0373917,28.9947853,Q6013818,,D,blue,,,building,,Point(28.9947853 41.0373917),3.796,http://www.wikidata.org/entity/Q6013818,1.0,,,,http://www.wikidata.org/entity/Q41176,"('41.0373917', '28.9947853')"
3649,,41.03543,29.13882,Ümraniye Nevzat Demir Training Center,,D,blue,,,association football training venue,,Point(29.13882 41.03543),14.046,http://www.wikidata.org/entity/Q6017975,1.0,,,,http://www.wikidata.org/entity/Q124017602,"('41.03543', '29.13882')"
3650,,41.042944444444,28.993,Küçükçiftlik Park,,D,blue,,,building,,Point(28.993 41.042944444),4.312,http://www.wikidata.org/entity/Q6018925,1.0,,,,http://www.wikidata.org/entity/Q41176,"('41.042944444444', '28.993')"
3651,,40.979861111111,29.047472222222,Feneryolu Mosque,,D,blue,,,mosque,,Point(29.047472222 40.979861111),6.694,http://www.wikidata.org/entity/Q6019054,1.0,,,,http://www.wikidata.org/entity/Q32815,"('40.979861111111', '29.047472222222')"
3652,,41.04233,28.99394,Q6020236,,D,blue,,,historic building,,Point(28.99394 41.04233),4.275,http://www.wikidata.org/entity/Q6020236,1.0,,,,http://www.wikidata.org/entity/Q35112127,"('41.04233', '28.99394')"
3653,,40.978888888889,29.066194444444,Göztepe Mosque,,D,blue,,,architectural structure,,Point(29.066194444 40.978888888),8.174,http://www.wikidata.org/entity/Q6020772,1.0,,,,http://www.wikidata.org/entity/Q811979,"('40.978888888889', '29.066194444444')"
3656,,40.982583333333,29.025583333333,Moda Mosque,,D,blue,,,mosque,,Point(29.025583333 40.982583333),4.94,http://www.wikidata.org/entity/Q6021072,1.0,,,,http://www.wikidata.org/entity/Q32815,"('40.982583333333', '29.025583333333')"
3657,,41.026704939747,29.014958931584,Uskudar Square,,D,blue,,,square,,Point(29.014958931 41.026704939),3.982,http://www.wikidata.org/entity/Q6021092,1.0,,,,http://www.wikidata.org/entity/Q174782,"('41.026704939747', '29.014958931584')"
3659,,40.990777777778,29.023833333333,Sultan Mustafa Mosque,,D,blue,,,mosque,,Point(29.023833333 40.990777777),4.383,http://www.wikidata.org/entity/Q6022177,1.0,,,,http://www.wikidata.org/entity/Q32815,"('40.990777777778', '29.023833333333')"
3660,,41.034972222222,28.980027777778,Theatre of Odeon,,D,blue,,,theatre building,,Point(28.980027777 41.034972222),3.198,http://www.wikidata.org/entity/Q6022366,1.0,,,,http://www.wikidata.org/entity/Q24354,"('41.034972222222', '28.980027777778')"
3661,,41.02436,29.12551,Meydan Istanbul Mall,,D,blue,,,shopping mall,,Point(29.12551 41.02436),12.712,http://www.wikidata.org/entity/Q6023117,1.0,,,,http://www.wikidata.org/entity/Q31374404,"('41.02436', '29.12551')"
3662,,40.9893344,29.0243975,Caferağa Mosque,,D,blue,,,architectural structure,,Point(29.0243975 40.9893344),4.492,http://www.wikidata.org/entity/Q6024151,1.0,,,,http://www.wikidata.org/entity/Q811979,"('40.9893344', '29.0243975')"
3664,,40.9719,29.077,Q6024259,,D,blue,,,mosque,,Point(29.077 40.9719),9.313,http://www.wikidata.org/entity/Q6024259,1.0,,,,http://www.wikidata.org/entity/Q32815,"('40.9719', '29.077')"
3665,,41.03308,28.97378,Cartoon and Humor Museum,,D,blue,,,museum,,Point(28.97378 41.03308),2.974,http://www.wikidata.org/entity/Q6024672,1.0,,,,http://www.wikidata.org/entity/Q33506,"('41.03308', '28.97378')"
3666,,40.9623,29.0795,Suadiye Mosque,,D,blue,,,architectural structure,,Point(29.0795 40.9623),9.984,http://www.wikidata.org/entity/Q6025089,1.0,,,,http://www.wikidata.org/entity/Q811979,"('40.9623', '29.0795')"
3669,,41.0368309,29.0297775,Q6025724,,D,blue,,,pier,,Point(29.0297775 41.0368309),5.649,http://www.wikidata.org/entity/Q6025724,1.0,,,,http://www.wikidata.org/entity/Q863454,"('41.0368309', '29.0297775')"
3671,,41.052305555556,29.017527777778,Q6027806,,D,blue,,,architectural structure,,Point(29.017527777 41.052305555),6.187,http://www.wikidata.org/entity/Q6027806,1.0,,,,http://www.wikidata.org/entity/Q811979,"('41.052305555556', '29.017527777778')"
3674,,41.0345095,28.9791924,Ortaoyuncular,,D,blue,,,theatre building,,Point(28.9791924 41.0345095),3.14,http://www.wikidata.org/entity/Q6028362,1.0,,,,http://www.wikidata.org/entity/Q24354,"('41.0345095', '28.9791924')"
3675,,41.036111111111,28.985083333333,Maksim Gazinosu,,D,blue,,,event venue,,Point(28.985083333 41.036111111),3.395,http://www.wikidata.org/entity/Q6029044,1.0,,,,http://www.wikidata.org/entity/Q18674739,"('41.036111111111', '28.985083333333')"
3676,,41.015666666667,28.930916666667,Ceylani Mosque,,D,blue,,,architectural structure,,Point(28.930916666 41.015666666),3.911,http://www.wikidata.org/entity/Q6029888,1.0,,,,http://www.wikidata.org/entity/Q811979,"('41.015666666667', '28.930916666667')"
3679,,40.971483887882,29.04950343132,Kethuda Mosque,,D,blue,,,architectural structure,,Point(29.049503431 40.971483887),7.297,http://www.wikidata.org/entity/Q6030687,1.0,,,,http://www.wikidata.org/entity/Q811979,"('40.971483887882', '29.04950343132')"
3682,,41.077555555556,28.948666666667,Alibeyköy Stadium,,D,blue,,,stadium,,Point(28.948666666 41.077555555),8.236,http://www.wikidata.org/entity/Q6031070,1.0,,,,http://www.wikidata.org/entity/Q483110,"('41.077555555556', '28.948666666667')"
3685,,41.050192089919,28.989043072597,Yayla Apartmanı,,D,blue,,,apartment building,,Point(28.989043072 41.050192089),4.995,http://www.wikidata.org/entity/Q6032598,1.0,,,,http://www.wikidata.org/entity/Q13402009,"('41.050192089919', '28.989043072597')"
3687,,41.101638888889,29.023277777778,ITU Stadium,,D,blue,,,stadium,,Point(29.023277777 41.101638888),11.313,http://www.wikidata.org/entity/Q6032905,1.0,,,,http://www.wikidata.org/entity/Q483110,"('41.101638888889', '29.023277777778')"
3689,,41.017194444444,28.926638888889,Çivizade Mescidi,,D,blue,,,architectural structure,,Point(28.926638888 41.017194444),4.302,http://www.wikidata.org/entity/Q6035727,1.0,,,,http://www.wikidata.org/entity/Q811979,"('41.017194444444', '28.926638888889')"
3692,,41.01993,29.0156,Üsküdar Musical Society,,D,blue,,,music organization,,Point(29.0156 41.01993),3.658,http://www.wikidata.org/entity/Q6037071,1.0,,,,http://www.wikidata.org/entity/Q32178211,"('41.01993', '29.0156')"
3693,,41.0247078,28.9807625,Liman Lokantası,,D,blue,,,shop,,Point(28.9807625 41.0247078),2.079,http://www.wikidata.org/entity/Q6037412,1.0,,,,http://www.wikidata.org/entity/Q213441,"('41.0247078', '28.9807625')"
3694,,41.0229073,28.9779148,Q6038289,,D,blue,,,building,,Point(28.9779148 41.0229073),1.846,http://www.wikidata.org/entity/Q6038289,1.0,,,,http://www.wikidata.org/entity/Q41176,"('41.0229073', '28.9779148')"
3695,,41.101099,29.026523,Q6039934,,D,blue,,,Olympic-size swimming pool,,Point(29.026523 41.101099),11.356,http://www.wikidata.org/entity/Q6039934,1.0,,,,http://www.wikidata.org/entity/Q2084454,"('41.101099', '29.026523')"
3696,,41.05222222,29.01716667,Orhaniye Barracks,,D,blue,,,barracks,,Point(29.01716667 41.05222222),6.163,http://www.wikidata.org/entity/Q6040231,1.0,,,,http://www.wikidata.org/entity/Q131263,"('41.05222222', '29.01716667')"
3698,,41.08041667,29.02776111,Akatlar Culture Center,,D,blue,,,facility,,Point(29.02776111 41.08041667),9.311,http://www.wikidata.org/entity/Q6041331,1.0,,,,http://www.wikidata.org/entity/Q13226383,"('41.08041667', '29.02776111')"
3700,,41.032972222222,28.974638888889,Tepebaşı Theater,,D,blue,,,destroyed building or structure,,Point(28.974638888 41.032972222),2.958,http://www.wikidata.org/entity/Q6041336,1.0,,,,http://www.wikidata.org/entity/Q19860854,"('41.032972222222', '28.974638888889')"
3702,,41.018444444444,29.027611111111,Murat Reis Mosque,,D,blue,,,architectural structure,,Point(29.027611111 41.018444444),4.543,http://www.wikidata.org/entity/Q6043161,1.0,,,,http://www.wikidata.org/entity/Q811979,"('41.018444444444', '29.027611111111')"
3705,,41.009416666667,28.929416666667,Zihgiri Kemal Mescidi,,D,blue,,,architectural structure,,Point(28.929416666 41.009416666),3.912,http://www.wikidata.org/entity/Q6043902,1.0,,,,http://www.wikidata.org/entity/Q811979,"('41.009416666667', '28.929416666667')"
3708,,41.028305555556,29.126222222222,Yeşilvadi Mosque,,D,blue,,,mosque,,Point(29.126222222 41.028305555),12.847,http://www.wikidata.org/entity/Q6044508,1.0,,,,http://www.wikidata.org/entity/Q32815,"('41.028305555556', '29.126222222222')"
3709,,41.03772,29.03485,Nakkaştepe Jewish cemetery,,D,blue,,,cemetery,,Point(29.03485 41.03772),6.052,http://www.wikidata.org/entity/Q6045616,1.0,,,,http://www.wikidata.org/entity/Q39614,"('41.03772', '29.03485')"
3710,,41.012444444444,28.950611111111,Kızıl Minare Mescidi,,D,blue,,,mosque,,Point(28.950611111 41.012444444),2.224,http://www.wikidata.org/entity/Q6046023,1.0,,,,http://www.wikidata.org/entity/Q32815,"('41.012444444444', '28.950611111111')"
3711,,41.13182,28.98761,Ayazağa Korusu,,D,blue,,,grove,,Point(28.98761 41.13182),13.982,http://www.wikidata.org/entity/Q6047641,1.0,,,,http://www.wikidata.org/entity/Q1510380,"('41.13182', '28.98761')"
3712,,41.013611111111,28.9265,Mimar Acem Mosque,,D,blue,,,architectural structure,,Point(28.9265 41.013611111),4.22,http://www.wikidata.org/entity/Q6049303,1.0,,,,http://www.wikidata.org/entity/Q811979,"('41.013611111111', '28.9265')"
3715,,41.05129,28.88339,Q6049406,,D,blue,,,arch,,Point(28.88339 41.05129),9.225,http://www.wikidata.org/entity/Q6049406,1.0,,,,http://www.wikidata.org/entity/Q12277,"('41.05129', '28.88339')"
3716,,40.9863005,29.0258872,Q6050267,,D,blue,,,playhouse,,Point(29.0258872 40.9863005),4.754,http://www.wikidata.org/entity/Q6050267,1.0,,,,http://www.wikidata.org/entity/Q1698619,"('40.9863005', '29.0258872')"
3717,,41.0432362,29.0058311,Beşiktaş Kültür Merkezi,,D,blue,,,film production company,,Point(29.0058311 41.0432362),4.807,http://www.wikidata.org/entity/Q6050606,1.0,,,,http://www.wikidata.org/entity/Q1762059,"('41.0432362', '29.0058311')"
3720,,40.96918056,29.03355833,Q6051675,,D,blue,,,association football training venue,,Point(29.03355833 40.96918056),6.368,http://www.wikidata.org/entity/Q6051675,1.0,,,,http://www.wikidata.org/entity/Q124017602,"('40.96918056', '29.03355833')"
3721,,41.0185611111,29.0670138889,Küçükçamlıca Grove,,D,blue,,,protected area,,Point(29.067013888 41.018561111),7.766,http://www.wikidata.org/entity/Q6052345,1.0,,,,http://www.wikidata.org/entity/Q473972,"('41.0185611111', '29.0670138889')"
3723,,41.052666666667,29.020027777778,Ortaköy Jewish cemetery,,D,blue,,,cemetery,,Point(29.020027777 41.052666666),6.341,http://www.wikidata.org/entity/Q6054093,1.0,,,,http://www.wikidata.org/entity/Q39614,"('41.052666666667', '29.020027777778')"
3724,,41.127619,29.02362,Black Sea Commission,,D,blue,,,organization,,Point(29.02362 41.127619),14.062,http://www.wikidata.org/entity/Q6054632,1.0,,,,http://www.wikidata.org/entity/Q43229,"('41.127619', '29.02362')"
3725,,41.018424518577,28.957367701733,Q6055541,,D,blue,,,architectural structure,,Point(28.957367701 41.018424518),2.05,http://www.wikidata.org/entity/Q6055541,1.0,,,,http://www.wikidata.org/entity/Q811979,"('41.018424518577', '28.957367701733')"
3726,,41.019416666667,29.018277777778,Hayrettin Çavuş Mosque,,D,blue,,,mosque,,Point(29.018277777 41.019416666),3.842,http://www.wikidata.org/entity/Q6055902,1.0,,,,http://www.wikidata.org/entity/Q32815,"('41.019416666667', '29.018277777778')"
3727,,41.017666666667,28.934972222222,Bezmialem Valide Mosque,,D,blue,,,architectural structure,,Point(28.934972222 41.017666666),3.654,http://www.wikidata.org/entity/Q6056427,1.0,,,,http://www.wikidata.org/entity/Q811979,"('41.017666666667', '28.934972222222')"
3730,,41.008029289503,28.976857446995,Sultanahmet Köftecisi,,D,blue,,,shop,,Point(28.976857446 41.008029289),0.201,http://www.wikidata.org/entity/Q6057715,1.0,,,,http://www.wikidata.org/entity/Q213441,"('41.008029289503', '28.976857446995')"
3732,,41.015583333333,28.970527777778,Büyük Abud Efendi Han,,D,blue,,,architectural structure,,Point(28.970527777 41.015583333),1.117,http://www.wikidata.org/entity/Q6057813,1.0,,,,http://www.wikidata.org/entity/Q811979,"('41.015583333333', '28.970527777778')"
3733,,41.019833333333,29.018833333333,Hacı Bedel Mustafa Efendi Mosque,,D,blue,,,architectural structure,,Point(29.018833333 41.019833333),3.902,http://www.wikidata.org/entity/Q6058360,1.0,,,,http://www.wikidata.org/entity/Q811979,"('41.019833333333', '29.018833333333')"
3736,,40.993555,28.829629,Forensic Medicine Institution,,D,blue,,,government agency,,Point(28.832674 40.993196),12.106,http://www.wikidata.org/entity/Q6060184,1.0,,,,http://www.wikidata.org/entity/Q327333,"('40.993555', '28.829629')"
3740,,41.05194,29.0297008,Naile Sultan Grove,,D,blue,,,protected area,,Point(29.0297008 41.05194),6.786,http://www.wikidata.org/entity/Q6060754,1.0,,,,http://www.wikidata.org/entity/Q473972,"('41.05194', '29.0297008')"
3742,,41.029305555556,28.975444444444,Alp Hotel,,D,blue,,,destroyed building or structure,,Point(28.975444444 41.029305555),2.549,http://www.wikidata.org/entity/Q6061196,1.0,,,,http://www.wikidata.org/entity/Q19860854,"('41.029305555556', '28.975444444444')"
3744,,40.987946649374,29.043522411637,Müjdat Gezen Arts Center,,D,blue,,,architectural structure,,Point(29.043522411 40.987946649),6.036,http://www.wikidata.org/entity/Q6064605,1.0,,,,http://www.wikidata.org/entity/Q811979,"('40.987946649374', '29.043522411637')"
3746,,41.0505,28.953,Hasköy Jewish Cemetery,,D,blue,,,Jewish cemetery,,Point(28.953 41.0505),5.267,http://www.wikidata.org/entity/Q6066092,1.0,,,,http://www.wikidata.org/entity/Q846659,"('41.0505', '28.953')"
3747,,40.968802,29.103635,Yeditepe University Hospital,,D,blue,,,university hospital,,Point(29.103635 40.968802),11.509,http://www.wikidata.org/entity/Q6066183,1.0,,,,http://www.wikidata.org/entity/Q1059324,"('40.968802', '29.103635')"
3751,,41.014568,28.97414,Ottoman Post Office Department,,D,blue,,,Ottoman executive department,,Point(28.97414 41.014568),0.922,http://www.wikidata.org/entity/Q6066532,1.0,,,,http://www.wikidata.org/entity/Q107802886,"('41.014568', '28.97414')"
3754,,41.0346107,28.9803562,Alkazar Cinema,,D,blue,,,movie theater,,Point(28.9803562 41.0346107),3.161,http://www.wikidata.org/entity/Q6068282,1.0,,,,http://www.wikidata.org/entity/Q41253,"('41.0346107', '28.9803562')"
3755,,41.026203,28.956506,Küçükmustafapaşa,,D,blue,,,mahalle,,Point(28.956506 41.026203),2.738,http://www.wikidata.org/entity/Q6068568,1.0,,,,http://www.wikidata.org/entity/Q17051044,"('41.026203', '28.956506')"
3756,,41.010427,28.970172,Historical Peninsula of Istanbul,,D,blue,,,peninsula,,Point(28.970172 41.010427),0.657,http://www.wikidata.org/entity/Q6068686,1.0,,,,http://www.wikidata.org/entity/Q34763,"('41.010427', '28.970172')"
3757,,40.944566,29.115465,Çınar,,D,blue,,,mahalle,,Point(29.115465 40.944566),13.585,http://www.wikidata.org/entity/Q6068876,1.0,,,,http://www.wikidata.org/entity/Q17051044,"('40.944566', '29.115465')"
3758,,41.04839561087,28.986405445963,Q6069372,,D,blue,,,nursing home,,Point(28.986405445 41.04839561),4.754,http://www.wikidata.org/entity/Q6069372,1.0,,,,http://www.wikidata.org/entity/Q837142,"('41.04839561087', '28.986405445963')"
3759,,41.017916666667,29.017527777778,Tavaşi Hasan Ağa Mosque,,D,blue,,,architectural structure,,Point(29.017527777 41.017916666),3.723,http://www.wikidata.org/entity/Q6069643,1.0,,,,http://www.wikidata.org/entity/Q811979,"('41.017916666667', '29.017527777778')"
3762,,40.968929,29.132524,Fındıklı,,D,blue,,,mahalle,,Point(29.132524 40.968929),13.792,http://www.wikidata.org/entity/Q6069667,1.0,,,,http://www.wikidata.org/entity/Q17051044,"('40.968929', '29.132524')"
3763,,41.040666666667,28.951472222222,Q6069839,,D,blue,,,destroyed building or structure,,Point(28.951472222 41.040666666),4.327,http://www.wikidata.org/entity/Q6069839,1.0,,,,http://www.wikidata.org/entity/Q19860854,"('41.040666666667', '28.951472222222')"
3765,,41.0317295,28.9819711,Sadri Alışık Kültür Merkezi,,D,blue,,,cultural center,,Point(28.9819711 41.0317295),2.865,http://www.wikidata.org/entity/Q6070391,1.0,,,,http://www.wikidata.org/entity/Q1329623,"('41.0317295', '28.9819711')"
3766,,40.95244183,29.124134,Aydınevler,,D,blue,,,mahalle,,Point(29.124134 40.95244183),13.815,http://www.wikidata.org/entity/Q6071280,1.0,,,,http://www.wikidata.org/entity/Q17051044,"('40.95244183', '29.124134')"
3767,,41.059638888889,28.967555555556,Darülaceze Synagogue,,D,blue,,,synagogue,,Point(28.967555555 41.059638888),5.963,http://www.wikidata.org/entity/Q6073017,1.0,,,,http://www.wikidata.org/entity/Q34627,"('41.059638888889', '28.967555555556')"
3768,,41.1,29.03333,Boyacıköy,,D,blue,,,quarter,,Point(29.03333 41.1),11.47,http://www.wikidata.org/entity/Q6073371,1.0,,,,http://www.wikidata.org/entity/Q2983893,"('41.1', '29.03333')"
3769,,41.027194444444,28.972194444444,Kenesset Synagogue,,D,blue,,,synagogue,,Point(28.972194444 41.027194444),2.335,http://www.wikidata.org/entity/Q6073799,1.0,,,,http://www.wikidata.org/entity/Q34627,"('41.027194444444', '28.972194444444')"
3770,,41.020984,29.017655,Halil Rüştü İlkokulu,,D,blue,,,primary school,,Point(29.017655 41.020984),3.863,http://www.wikidata.org/entity/Q6074368,1.0,,,,http://www.wikidata.org/entity/Q9842,"('41.020984', '29.017655')"
3771,,41.032777777778,28.947194444444,Çana Synagogue,,D,blue,,,synagogue,,Point(28.947194444 41.032777777),3.795,http://www.wikidata.org/entity/Q6074828,1.0,,,,http://www.wikidata.org/entity/Q34627,"('41.032777777778', '28.947194444444')"
3772,,41.023638888889,28.961333333333,Unkapanı Synagogue,,D,blue,,,destroyed building or structure,,Point(28.961333333 41.023638888),2.274,http://www.wikidata.org/entity/Q6075039,1.0,,,,http://www.wikidata.org/entity/Q19860854,"('41.023638888889', '28.961333333333')"
3774,,41.036,28.985055555556,Taksim Sahnesi,,D,blue,,,theatre building,,Point(28.985055555 41.036),3.382,http://www.wikidata.org/entity/Q6075204,1.0,,,,http://www.wikidata.org/entity/Q24354,"('41.036', '28.985055555556')"
3776,,41.033388888889,28.945722222222,Q6075508,,D,blue,,,destroyed building or structure,,Point(28.945722222 41.033388888),3.926,http://www.wikidata.org/entity/Q6075508,1.0,,,,http://www.wikidata.org/entity/Q19860854,"('41.033388888889', '28.945722222222')"
3778,,41.050166666667,28.949833333333,Çıksalın Synagogue,,D,blue,,,destroyed building or structure,,Point(28.949833333 41.050166666),5.336,http://www.wikidata.org/entity/Q6075524,1.0,,,,http://www.wikidata.org/entity/Q19860854,"('41.050166666667', '28.949833333333')"
3780,,41.035138888889,28.946472222222,Pol Yaşan Synagogue,,D,blue,,,destroyed building or structure,,Point(28.946472222 41.035138888),4.038,http://www.wikidata.org/entity/Q6075682,1.0,,,,http://www.wikidata.org/entity/Q19860854,"('41.035138888889', '28.946472222222')"
3782,,41.035138888889,29.030083333333,Simotas Building,,D,blue,,,apartment,,Point(29.030083333 41.035138888),5.559,http://www.wikidata.org/entity/Q6076602,1.0,,,,http://www.wikidata.org/entity/Q188507,"('41.035138888889', '29.030083333333')"
3783,,41.040388888889,28.952222222222,Parmakkapı Synagogue,,D,blue,,,synagogue,,Point(28.952222222 41.040388888),4.27,http://www.wikidata.org/entity/Q6077566,1.0,,,,http://www.wikidata.org/entity/Q34627,"('41.040388888889', '28.952222222222')"
3784,,41.008503,29.048611,Çamlıca Kız Lisesi,,D,blue,,,secondary school,,Point(29.048611 41.008503),6.108,http://www.wikidata.org/entity/Q6077781,1.0,,,,http://www.wikidata.org/entity/Q159334,"('41.008503', '29.048611')"
3787,,40.98884325081,28.848629030625,Yunus Emre Center for the Performing Arts,,D,blue,,,organization,,Point(28.84862903 40.98884325),10.855,http://www.wikidata.org/entity/Q6077983,1.0,,,,http://www.wikidata.org/entity/Q43229,"('40.98884325081', '28.848629030625')"
3788,,41.033972222222,28.941638888889,Kasturya Sinagogu,,D,blue,,,destroyed building or structure,,Point(28.941638888 41.033972222),4.202,http://www.wikidata.org/entity/Q6078289,1.0,,,,http://www.wikidata.org/entity/Q19860854,"('41.033972222222', '28.941638888889')"
3790,,41.019398,28.849542,Dede Korkut High School,,D,blue,,,secondary school,,Point(28.849542 41.019398),10.697,http://www.wikidata.org/entity/Q6078846,1.0,,,,http://www.wikidata.org/entity/Q159334,"('41.019398', '28.849542')"
3791,,41.003365,28.876273,Bahçelievler Anatolian High School,,D,blue,,,high school,,Point(28.876273 41.003365),8.364,http://www.wikidata.org/entity/Q6079569,1.0,,,https://en.wikipedia.org/wiki/Bah%C3%A7elievler_Anatolian_High_School,http://www.wikidata.org/entity/Q9826,"('41.003365', '28.876273')"
3792,,41.0090866,28.9747601,Q6080683,,D,blue,,,school building,,Point(28.9747601 41.0090866),0.315,http://www.wikidata.org/entity/Q6080683,1.0,,,,http://www.wikidata.org/entity/Q1244442,"('41.0090866', '28.9747601')"
3793,,41.039277777778,28.951138888889,Ezger Synagogue,,D,blue,,,destroyed building or structure,,Point(28.951138888 41.039277777),4.205,http://www.wikidata.org/entity/Q6081884,1.0,,,,http://www.wikidata.org/entity/Q19860854,"('41.039277777778', '28.951138888889')"
3795,,41.034,28.946611111111,Q6082592,,D,blue,,,destroyed building or structure,,Point(28.946611111 41.034),3.931,http://www.wikidata.org/entity/Q6082592,1.0,,,,http://www.wikidata.org/entity/Q19860854,"('41.034', '28.946611111111')"
3797,,40.939223,29.118394,İdealtepe,,D,blue,,,mahalle,,Point(29.118394 40.939223),14.104,http://www.wikidata.org/entity/Q6083951,1.0,,,,http://www.wikidata.org/entity/Q17051044,"('40.939223', '29.118394')"
3799,,41.051445,28.996622,Turkish Society of Nephrology,,D,blue,,,nonprofit organization,,Point(28.996622 41.051445),5.304,http://www.wikidata.org/entity/Q6084440,1.0,,,,http://www.wikidata.org/entity/Q163740,"('41.051445', '28.996622')"
3800,,41.066936722822,28.946840255486,Istanbul Bilgi University Law School,,D,blue,,,faculty of law,,Point(28.946840255 41.066936722),7.16,http://www.wikidata.org/entity/Q6087605,1.0,,,,http://www.wikidata.org/entity/Q3488547,"('41.066936722822', '28.946840255486')"
3801,,41.028902,29.029731,İstanbul Üsküdar High School,,D,blue,,,secondary school,,Point(29.029731 41.028902),5.166,http://www.wikidata.org/entity/Q6088856,1.0,,,,http://www.wikidata.org/entity/Q159334,"('41.028902', '29.029731')"
3803,,41.064444444444,28.974166666667,Prof. Dr. Cemil Taşcıoğlu City Hospital,,D,blue,,,public hospital,,Point(28.974166666 41.064444444),6.458,http://www.wikidata.org/entity/Q6090690,1.0,,,,http://www.wikidata.org/entity/Q7257872,"('41.064444444444', '28.974166666667')"
3804,,40.995316,28.832166,Mümtaz Turhan Social Sciences High School of Istanbul,,D,blue,,,university-preparatory school,,Point(28.832166 40.995316),12.122,http://www.wikidata.org/entity/Q6093190,1.0,,,,http://www.wikidata.org/entity/Q428602,"('40.995316', '28.832166')"
3806,,40.9896011,29.0478992,Fikirtepe Höyüğü,,D,blue,,,archaeological site,,Point(29.0478992 40.9896011),6.326,http://www.wikidata.org/entity/Q6101929,1.0,,,,http://www.wikidata.org/entity/Q839954,"('40.9896011', '29.0478992')"
3807,,41.07138889,29.05722222,Kandilli Anatolian High School for Girls,,D,blue,,,architectural structure,,Point(29.05722222 41.07138889),9.94,http://www.wikidata.org/entity/Q6361523,1.0,,,https://en.wikipedia.org/wiki/Kandilli_Anatolian_High_School_for_Girls,http://www.wikidata.org/entity/Q811979,"('41.07138889', '29.05722222')"
3810,,41.11125,29.024444444444,Maslak USO Center,,D,blue,,,building,,Point(29.024444444 41.11125),12.351,http://www.wikidata.org/entity/Q6586481,1.0,,,,http://www.wikidata.org/entity/Q41176,"('41.11125', '29.024444444444')"
3812,,40.991111,29.026111,Türkbalön,,D,blue,,,restaurant,,Point(29.026111 40.991111),4.545,http://www.wikidata.org/entity/Q7862459,1.0,,,https://en.wikipedia.org/wiki/T%C3%BCrkbal%C3%B6n,http://www.wikidata.org/entity/Q11707,"('40.991111', '29.026111')"
3813,,41.02861111,28.97555556,Swedish Palace,,D,blue,,,mansion,,Point(28.97555556 41.02861111),2.472,http://www.wikidata.org/entity/Q10685550,1.0,,,,http://www.wikidata.org/entity/Q1802963,"('41.02861111', '28.97555556')"
3816,,41.013444444444,28.948694444444,Molla Hüsrev Camii,,D,blue,,,congregational mosque,,Point(28.948694444 41.013444444),2.412,http://www.wikidata.org/entity/Q12810909,1.0,,,,http://www.wikidata.org/entity/Q1454820,"('41.013444444444', '28.948694444444')"
3817,,40.996361111111,29.030055555556,Rasim Paşa Mosque,,D,blue,,,mosque,,Point(29.030055555 40.996361111),4.681,http://www.wikidata.org/entity/Q12811493,1.0,,,,http://www.wikidata.org/entity/Q32815,"('40.996361111111', '29.030055555556')"
3818,,41.0400429,28.9879036,Q12812046,,D,blue,,,eating and lodging,,Point(28.9879036 41.0400429),3.877,http://www.wikidata.org/entity/Q12812046,1.0,,,,http://www.wikidata.org/entity/Q62602544,"('41.0400429', '28.9879036')"
3819,,41.034444444444,28.856666666667,Bağcılar Square,,D,blue,,,square,,Point(28.856666666 41.034444444),10.476,http://www.wikidata.org/entity/Q12812767,1.0,,,,http://www.wikidata.org/entity/Q174782,"('41.034444444444', '28.856666666667')"
3820,,41.071583333333,28.963722222222,Q12812883,,D,blue,,,kasır,,Point(28.963722222 41.071583333),7.321,http://www.wikidata.org/entity/Q12812883,1.0,,,,http://www.wikidata.org/entity/Q136126382,"('41.071583333333', '28.963722222222')"
3824,,41.0345,28.9794,Sismanoglion Megaron,,D,blue,,,historic building,,Point(28.9794 41.0345),3.141,http://www.wikidata.org/entity/Q16915682,1.0,,,,http://www.wikidata.org/entity/Q35112127,"('41.0345', '28.9794')"
3825,,41.03194444,28.97611111,Siege of Pera,,D,blue,,,siege,,Point(28.9833 41.0333),3.057,http://www.wikidata.org/entity/Q18005568,1.0,,,,http://www.wikidata.org/entity/Q188055,"('41.03194444', '28.97611111')"
3829,,41.022515387915,29.014574776074,Cennet Efendi Turbe,,D,blue,,,building,,Point(29.014574776 41.022515387),3.71,http://www.wikidata.org/entity/Q19610908,1.0,,,,http://www.wikidata.org/entity/Q41176,"('41.022515387915', '29.014574776074')"
3830,,41.0159179,28.95619858,Q19611224,,D,blue,,,playhouse,,Point(28.95619858 41.0159179),1.962,http://www.wikidata.org/entity/Q19611224,1.0,,,,http://www.wikidata.org/entity/Q1698619,"('41.0159179', '28.95619858')"
3831,,41.0575686,28.91598068,Q19611314,,D,blue,,,playhouse,,Point(28.91598068 41.0575686),7.591,http://www.wikidata.org/entity/Q19611314,1.0,,,,http://www.wikidata.org/entity/Q1698619,"('41.0575686', '28.91598068')"
3832,,41.0832291,29.0531178,Hamlin Hall,,D,blue,,,building,,Point(29.0531178 41.0832291),10.723,http://www.wikidata.org/entity/Q19611432,1.0,,,,http://www.wikidata.org/entity/Q41176,"('41.0832291', '29.0531178')"
3833,,41.07985904,28.97169135,Q19611665,,D,blue,,,playhouse,,Point(28.97169135 41.07985904),8.178,http://www.wikidata.org/entity/Q19611665,1.0,,,,http://www.wikidata.org/entity/Q1698619,"('41.07985904', '28.97169135')"
3834,,41.060927125208,29.028621253295,Liv Hospital,,D,blue,,,private hospital,,Point(29.028621253 41.060927125),7.507,http://www.wikidata.org/entity/Q19611822,1.0,,,,http://www.wikidata.org/entity/Q4284971,"('41.060927125208', '29.028621253295')"
3835,,41.009638888889,28.963138888889,Turan Emeksiz Monument,,D,blue,,,monument,,Point(28.963138888 41.009638888),1.128,http://www.wikidata.org/entity/Q19612788,1.0,,,,http://www.wikidata.org/entity/Q4989906,"('41.009638888889', '28.963138888889')"
3836,,41.077388888889,29.011472222222,ÖzdilekPark Istanbul,,D,blue,,,building,,Point(29.011472222 41.077388888),8.441,http://www.wikidata.org/entity/Q19613490,1.0,,,,http://www.wikidata.org/entity/Q41176,"('41.077388888889', '29.011472222222')"
3840,,41.02456,28.9248,Topkapı Cemetery,,D,blue,,,cemetery,,Point(28.9248 41.02456),4.738,http://www.wikidata.org/entity/Q19636766,1.0,,,,http://www.wikidata.org/entity/Q39614,"('41.02456', '28.9248')"
3841,,41.024444444444,29.051388888889,Consulate of Slovenia in Istanbul,,D,blue,,,honorary consulate,,Point(29.051388888 41.024444444),6.646,http://www.wikidata.org/entity/Q19934383,1.0,,,,http://www.wikidata.org/entity/Q23891529,"('41.024444444444', '29.051388888889')"
3842,,41.0782,29.0117,Q19947501,,D,blue,,,building,,Point(29.0117 41.0782),8.532,http://www.wikidata.org/entity/Q19947501,1.0,,,,http://www.wikidata.org/entity/Q41176,"('41.0782', '29.0117')"
3843,,41.008583,28.981096,Istanbul Carpet Museum,,D,blue,,,museum,,Point(28.981096 41.008583),0.502,http://www.wikidata.org/entity/Q20082476,1.0,,,,http://www.wikidata.org/entity/Q33506,"('41.008583', '28.981096')"
3844,,41.009722222222,28.981111111111,Tatavla Aya Dimitri Church,,D,blue,,,architectural structure,,Point(28.981111111 41.009722222),0.576,http://www.wikidata.org/entity/Q20470923,1.0,,,,http://www.wikidata.org/entity/Q811979,"('41.009722222222', '28.981111111111')"
3846,,41.023608282497,29.009866187048,Ayazma Bath,,D,blue,,,hammam,,Point(29.009866187 41.023608282),3.436,http://www.wikidata.org/entity/Q20470940,1.0,,,,http://www.wikidata.org/entity/Q28077,"('41.023608282497', '29.009866187048')"
3847,,40.983665,29.025539,Kadıköy Syriac Church,,D,blue,,,church building,,Point(29.025539 40.983665),4.874,http://www.wikidata.org/entity/Q20471148,1.0,,,,http://www.wikidata.org/entity/Q16970,"('40.983665', '29.025539')"
3849,,41.02148,28.95947,Q20472381,,D,blue,,,architectural structure,,Point(28.95947 41.02148),2.171,http://www.wikidata.org/entity/Q20472381,1.0,,,,http://www.wikidata.org/entity/Q811979,"('41.02148', '28.95947')"
3850,,41.095396,29.070135,Mihrabad Grove,,D,blue,,,protected area,,Point(29.070135 41.095396),12.666,http://www.wikidata.org/entity/Q20472403,1.0,,,,http://www.wikidata.org/entity/Q473972,"('41.095396', '29.070135')"
3852,,41.01717,28.97129,Spice Bazaar Explosion,,D,blue,,,explosion,,Point(28.97129 41.01717),1.26,http://www.wikidata.org/entity/Q20472548,1.0,,,,http://www.wikidata.org/entity/Q179057,"('41.01717', '28.97129')"
3853,,40.955055555556,29.093916666667,Bostancı İstasyon Mosque,,D,blue,,,architectural structure,,Point(29.093916666 40.955055555),11.435,http://www.wikidata.org/entity/Q20473168,1.0,,,,http://www.wikidata.org/entity/Q811979,"('40.955055555556', '29.093916666667')"
3856,,41.050312,28.9884357,Konak Cinema,,D,blue,,,movie theater,,Point(28.9884357 41.050312),4.997,http://www.wikidata.org/entity/Q20473217,1.0,,,,http://www.wikidata.org/entity/Q41253,"('41.050312', '28.9884357')"
3857,,41.024388,29.012451,Nevşehirli Damat İbrahim Paşa Fountain,,D,blue,,,fountain,,Point(29.012451 41.024388),3.664,http://www.wikidata.org/entity/Q20473668,1.0,,,,http://www.wikidata.org/entity/Q483453,"('41.024388', '29.012451')"
3860,,41.05388889,29.07,Mehmet Çakır Cultural and Sports Center,,D,blue,,,sports venue,,Point(29.07 41.05388889),9.499,http://www.wikidata.org/entity/Q21190822,1.0,,,https://en.wikipedia.org/wiki/Mehmet_%C3%87ak%C4%B1r_Cultural_and_Sports_Center,http://www.wikidata.org/entity/Q1076486,"('41.05388889', '29.07')"
3861,,41.026388888889,29.037861111111,Q21524154,,D,blue,,,theatre building,,Point(29.037861111 41.026388888),5.656,http://www.wikidata.org/entity/Q21524154,1.0,,,,http://www.wikidata.org/entity/Q24354,"('41.026388888889', '29.037861111111')"
3862,,41.011527777778,28.977861111111,Q21526230,,D,blue,,,historic building,,Point(28.977861111 41.011527777),0.596,http://www.wikidata.org/entity/Q21526230,1.0,,,,http://www.wikidata.org/entity/Q35112127,"('41.011527777778', '28.977861111111')"
3863,,41.012203,28.959894,Letafet Apartmanı,,D,blue,,,apartment,,Point(28.959894 41.012203),1.489,http://www.wikidata.org/entity/Q21526512,1.0,,,,http://www.wikidata.org/entity/Q188507,"('41.012203', '28.959894')"
3864,,41.032472222222,28.974472222222,Q21527118,,D,blue,,,theatre building,,Point(28.974472222 41.032472222),2.903,http://www.wikidata.org/entity/Q21527118,1.0,,,,http://www.wikidata.org/entity/Q24354,"('41.032472222222', '28.974472222222')"
3865,,41.0709,29.0333,Ulus Cemetery,,D,blue,,,cemetery,,Point(29.0333 41.0709),8.641,http://www.wikidata.org/entity/Q21527241,1.0,,,,http://www.wikidata.org/entity/Q39614,"('41.0709', '29.0333')"
3866,,41.106389,29.02332,Istanbul Technical University School of Foreign Languages,,D,blue,,,faculty,,Point(29.02332 41.106389),11.81,http://www.wikidata.org/entity/Q21528412,1.0,,,,http://www.wikidata.org/entity/Q180958,"('41.106389', '29.02332')"
3867,,41.0098991,28.9605274,Istanbul University Faculty of Letters,,D,blue,,,faculty,,Point(28.9605274 41.0098991),1.346,http://www.wikidata.org/entity/Q21600883,1.0,,,,http://www.wikidata.org/entity/Q180958,"('41.0098991', '28.9605274')"
3868,,41.01277778,28.895,Tozkoparan Olympic Swimming Pool,,D,blue,,,swimming center,,Point(28.895 41.01277778),6.823,http://www.wikidata.org/entity/Q24521655,1.0,,,https://en.wikipedia.org/wiki/Tozkoparan_Olympic_Swimming_Pool,http://www.wikidata.org/entity/Q200023,"('41.01277778', '28.895')"
3869,,40.99666667,29.11805556,Arboretum Island,,D,blue,,,arboretum,,Point(29.11805556 40.99666667),11.98,http://www.wikidata.org/entity/Q24915709,1.0,,,https://en.wikipedia.org/wiki/Arboretum_Island,http://www.wikidata.org/entity/Q272231,"('40.99666667', '29.11805556')"
3871,,40.99,28.916944444444,Kazlıçeşme Square,,D,blue,,,square,,Point(28.916944444 40.99),5.27,http://www.wikidata.org/entity/Q25472614,1.0,,,,http://www.wikidata.org/entity/Q174782,"('40.99', '28.916944444444')"
3872,,40.987,29.028638888889,Moda Sahnesi,,D,blue,,,theatre building,,Point(29.028638888 40.987),4.925,http://www.wikidata.org/entity/Q25472821,1.0,,,,http://www.wikidata.org/entity/Q24354,"('40.987', '29.028638888889')"
3873,,41.014441,28.958258,Şehit Ali Paşa Library,,D,blue,,,historic building,,Point(28.958258 41.014441),1.728,http://www.wikidata.org/entity/Q25474121,1.0,,,,http://www.wikidata.org/entity/Q35112127,"('41.014441', '28.958258')"
3875,,40.986944444444,28.855555555556,Ataköy Olympic Pool Stadium,,D,blue,,,outdoor swimming pool,,Point(28.855555555 40.986944444),10.326,http://www.wikidata.org/entity/Q26015749,1.0,,,https://en.wikipedia.org/wiki/Atakoy_Olympic_Pool_Stadium,http://www.wikidata.org/entity/Q13586493,"('40.986944444444', '28.855555555556')"
3876,,40.977727,29.037032,Kalamış Marina,,D,blue,,,marina,,Point(29.037032 40.977727),6.041,http://www.wikidata.org/entity/Q28122768,1.0,,,,http://www.wikidata.org/entity/Q721207,"('40.977727', '29.037032')"
3878,,41.005246,29.016064,"Florence Nightingale Museum, Istanbul",,D,blue,,,museum,,Point(29.016064 41.005246),3.375,http://www.wikidata.org/entity/Q28599952,1.0,,,,http://www.wikidata.org/entity/Q33506,"('41.005246', '29.016064')"
3879,,41.03555,28.983485,Hayal Kahvesi,,D,blue,,,concert hall,,Point(28.983485 41.03555),3.306,http://www.wikidata.org/entity/Q29877998,1.0,,,,http://www.wikidata.org/entity/Q1060829,"('41.03555', '28.983485')"
3880,,41.007053,29.043008,Acıbadem Dr. Şinasi Can Hospital,,D,blue,,,private hospital,,Point(29.043008 41.007053),5.634,http://www.wikidata.org/entity/Q30254218,1.0,,,,http://www.wikidata.org/entity/Q4284971,"('41.007053', '29.043008')"
3883,,41.004001,29.021783,Dr. Siyami Ersek Göğüs Kalp Ve Damar Cerrahisi Eğitim Ve Araştırma Hastanesi,,D,blue,,,medical organization,,Point(29.021783 41.004001),3.861,http://www.wikidata.org/entity/Q30279901,1.0,,,,http://www.wikidata.org/entity/Q4287745,"('41.004001', '29.021783')"
3885,,40.971115,29.104191,Fatih Sultan Mehmet Eğitim Ve Araştırma Hastanesi,,D,blue,,,medical organization,,Point(29.104191 40.971115),11.462,http://www.wikidata.org/entity/Q30280180,1.0,,,,http://www.wikidata.org/entity/Q4287745,"('40.971115', '29.104191')"
3887,,41.105423902715,28.992063239095,Nurol Life,,D,blue,,,skyscraper,,Point(28.992063239 41.105423902),11.096,http://www.wikidata.org/entity/Q30752960,1.0,,,,http://www.wikidata.org/entity/Q11303,"('41.105423902715', '28.992063239095')"
3889,,41.03277778,28.97583333,Panayia İsodion Church,,D,blue,,,architectural structure,,Point(28.97583333 41.03277778),2.935,http://www.wikidata.org/entity/Q31188024,1.0,,,,http://www.wikidata.org/entity/Q811979,"('41.03277778', '28.97583333')"
3891,,40.99916667,28.93194444,Q31188693,,D,blue,,,church building,,Point(28.93194444 40.99916667),3.772,http://www.wikidata.org/entity/Q31188693,1.0,,,,http://www.wikidata.org/entity/Q16970,"('40.99916667', '28.93194444')"
3892,,41.03297222,28.94088889,Q31188713,,D,blue,,,church building,,Point(28.94088889 41.03297222),4.166,http://www.wikidata.org/entity/Q31188713,1.0,,,,http://www.wikidata.org/entity/Q16970,"('41.03297222', '28.94088889')"
3893,,41.045805555556,28.934472222222,Afife Hatun Tekkesi,,D,blue,,,Sufi lodge,,Point(28.934472222 41.045805555),5.592,http://www.wikidata.org/entity/Q31189501,1.0,,,,http://www.wikidata.org/entity/Q833913,"('41.045805555556', '28.934472222222')"
3894,,41.0125046,28.9591179,Ferah Tiyatrosu,,D,blue,,,theatre building,,Point(28.9591179 41.0125046),1.562,http://www.wikidata.org/entity/Q31189597,1.0,,,,http://www.wikidata.org/entity/Q24354,"('41.0125046', '28.9591179')"
3895,,41.03881,28.96121,Kasımpaşa–Sütlüce Tunnel,,D,blue,,,tunnel,,Point(28.96121 41.03881),3.81,http://www.wikidata.org/entity/Q31189686,1.0,,,,http://www.wikidata.org/entity/Q44377,"('41.03881', '28.96121')"
3896,,41.010853,28.977108,Q31190356,,D,blue,,,architectural structure,,Point(28.977108 41.010853),0.508,http://www.wikidata.org/entity/Q31190356,1.0,,,,http://www.wikidata.org/entity/Q811979,"('41.010853', '28.977108')"
3899,,41.043666666667,29.005388888889,Q31190968,,D,blue,,,church building,,Point(29.005388888 41.043666666),4.829,http://www.wikidata.org/entity/Q31190968,1.0,,,,http://www.wikidata.org/entity/Q16970,"('41.043666666667', '29.005388888889')"
3900,,41.114875,29.05551389,İstinye State Hospital,,D,blue,,,public hospital,,Point(29.05551389 41.114875),13.788,http://www.wikidata.org/entity/Q31190982,1.0,,,,http://www.wikidata.org/entity/Q7257872,"('41.114875', '29.05551389')"
3901,,41.050611111111,29.011083333333,Q31191088,,D,blue,,,tourist attraction,,Point(29.011083333 41.050611111),5.737,http://www.wikidata.org/entity/Q31191088,1.0,,,,http://www.wikidata.org/entity/Q570116,"('41.050611111111', '29.011083333333')"
3902,,41.0785,29.0878,Göz Tepe,,D,blue,,,hill,,Point(29.0878 41.0785),12.345,http://www.wikidata.org/entity/Q32138604,1.0,,,,http://www.wikidata.org/entity/Q54050,"('41.0785', '29.0878')"
3903,,41.0767,28.9558,Kâğıthanesırtları,,D,blue,,,ridge,,Point(28.9558 41.0767),7.998,http://www.wikidata.org/entity/Q32209319,1.0,,,,http://www.wikidata.org/entity/Q740445,"('41.0767', '28.9558')"
3904,,41.083333333333,29.066666666667,Balıklı Dere,,D,blue,,,river,,Point(29.066666666 41.083333333),11.453,http://www.wikidata.org/entity/Q32434815,1.0,,,,http://www.wikidata.org/entity/Q4022,"('41.083333333333', '29.066666666667')"
3905,,41.133333333333,28.933333333333,Belgrat Deresi,,D,blue,,,river,,Point(28.933333333 41.133333333),14.559,http://www.wikidata.org/entity/Q32477663,1.0,,,,http://www.wikidata.org/entity/Q4022,"('41.133333333333', '28.933333333333')"
3906,,41.0775,29.103055555556,Elmalı Bendi,,D,blue,,,dam,,Point(29.103055555 41.0775),13.278,http://www.wikidata.org/entity/Q32838538,1.0,,,,http://www.wikidata.org/entity/Q12323,"('41.0775', '29.103055555556')"
3907,,41.077777777778,29.1025,Elmalı I,,D,blue,,,dam,,Point(29.1025 41.077777777),13.259,http://www.wikidata.org/entity/Q32838540,1.0,,,,http://www.wikidata.org/entity/Q12323,"('41.077777777778', '29.1025')"
3908,,41.005833333333,28.985,Ahırkapı Burnu,,D,blue,,,point,,Point(28.985 41.005833333),0.768,http://www.wikidata.org/entity/Q34796748,1.0,,,,http://www.wikidata.org/entity/Q24529780,"('41.005833333333', '28.985')"
3909,,41.05,29.033333333333,Defterdar Burnu,,D,blue,,,point,,Point(29.033333333 41.05),6.838,http://www.wikidata.org/entity/Q34848253,1.0,,,,http://www.wikidata.org/entity/Q24529780,"('41.05', '29.033333333333')"
3910,,40.966666666667,29.033333333333,Fener Burnu,,D,blue,,,point,,Point(29.033333333 40.966666666),6.539,http://www.wikidata.org/entity/Q34865793,1.0,,,,http://www.wikidata.org/entity/Q24529780,"('40.966666666667', '29.033333333333')"
3911,,41.116666666667,28.983333333333,Taşlı Dere,,D,blue,,,river,,Point(28.983333333 41.116666666),12.279,http://www.wikidata.org/entity/Q34951219,1.0,,,,http://www.wikidata.org/entity/Q4022,"('41.116666666667', '28.983333333333')"
3913,,41.028395,28.984961,Istanbul Modern Museum Cinema,,D,blue,,,museum,,Point(28.984961 41.028395),2.564,http://www.wikidata.org/entity/Q36174895,1.0,,,,http://www.wikidata.org/entity/Q33506,"('41.028395', '28.984961')"
3915,,41.0435,28.87619,Esenler,,D,blue,,,town,,Point(28.87619 41.0435),9.325,http://www.wikidata.org/entity/Q49349820,1.0,,,,http://www.wikidata.org/entity/Q3957,"('41.0435', '28.87619')"
3918,,41.032344,28.976161,Netherlands Institute in Turkey,,D,blue,,,academic institution,,Point(28.976161 41.032344),2.887,http://www.wikidata.org/entity/Q50040309,1.0,,,,http://www.wikidata.org/entity/Q4671277,"('41.032344', '28.976161')"
3920,,41.06,28.955,Yıldıztepe substation,,D,blue,,,electrical substation,,Point(28.955 41.06),6.214,http://www.wikidata.org/entity/Q52457069,1.0,,,,http://www.wikidata.org/entity/Q174814,"('41.06', '28.955')"
3921,,41.061083333333,29.035361111111,Kuruçeşme Agios Dimitrios Greek Orthodox Church,,D,blue,,,architectural structure,,Point(29.035361111 41.061083333),7.867,http://www.wikidata.org/entity/Q55206268,1.0,,,,http://www.wikidata.org/entity/Q811979,"('41.061083333333', '29.035361111111')"
3923,,41.08649,29.03459,Consulate-General of Romania in Istanbul,,D,blue,,,consulate general,,Point(29.03459 41.08649),10.178,http://www.wikidata.org/entity/Q56027155,1.0,,,,http://www.wikidata.org/entity/Q372690,"('41.08649', '29.03459')"
3924,,41.0323043,28.9779323,Goethe-Institut Istanbul,,D,blue,,,cultural institution,,Point(28.9779323 41.0323043),2.888,http://www.wikidata.org/entity/Q58039321,1.0,,,,http://www.wikidata.org/entity/Q3152824,"('41.0323043', '28.9779323')"
3925,,41.08292,29.03137,Etiler Mosque,,D,blue,,,mosque,,Point(29.03137 41.08292),9.7,http://www.wikidata.org/entity/Q60581196,1.0,,,,http://www.wikidata.org/entity/Q32815,"('41.08292', '29.03137')"
3927,,41.084138888889,29.05125,Anderson Hall,,D,blue,,,historic building,,Point(29.05125 41.084138888),10.71,http://www.wikidata.org/entity/Q61071824,1.0,,,,http://www.wikidata.org/entity/Q35112127,"('41.084138888889', '29.05125')"
3928,,41.029833,28.946452,İstanbul İmam Hatip High School,,D,blue,,,İmam Hatip school,,Point(28.946452 41.029833),3.59,http://www.wikidata.org/entity/Q61072430,1.0,,,,http://www.wikidata.org/entity/Q343854,"('41.029833', '28.946452')"
3929,,41.048255,28.933529,Eyüp Sultan Türbesi,,D,blue,,,türbe,,Point(28.933529 41.048255),5.856,http://www.wikidata.org/entity/Q61072574,1.0,,,,http://www.wikidata.org/entity/Q838159,"('41.048255', '28.933529')"
3942,,40.99981,29.02005,"Haidar Pasha Cemetery, Commonwealth War Graves Commission Plot",,D,blue,,,Commonwealth War Graves Commission maintained cemetery,,Point(29.02005 40.99981),3.778,http://www.wikidata.org/entity/Q62060898,1.0,,,,http://www.wikidata.org/entity/Q14750991,"('40.99981', '29.02005')"
3944,,41.09321,29.03188,Fatih Sultan Mehmet Mahallesi Mosque,,D,blue,,,mosque,,Point(29.03188 41.09321),10.736,http://www.wikidata.org/entity/Q63217062,1.0,,,,http://www.wikidata.org/entity/Q32815,"('41.09321', '29.03188')"
3945,,41.09295,29.03945,Imami Azam Mosque,,D,blue,,,mosque,,Point(29.03945 41.09295),11.003,http://www.wikidata.org/entity/Q63348746,1.0,,,,http://www.wikidata.org/entity/Q32815,"('41.09295', '29.03945')"
3946,,41.09231,29.04872,Fatih Sultan Mehmet Mosque,,D,blue,,,mosque,,Point(29.04872 41.09231),11.34,http://www.wikidata.org/entity/Q63348784,1.0,,,,http://www.wikidata.org/entity/Q32815,"('41.09231', '29.04872')"
3947,,41.09788,29.05288,Serhazir Süleyman Aga Mosque,,D,blue,,,architectural structure,,Point(29.05288 41.09788),12.05,http://www.wikidata.org/entity/Q64283162,1.0,,,,http://www.wikidata.org/entity/Q811979,"('41.09788', '29.05288')"
3949,,41.10138,29.0527,Panagia Evangelistria,,D,blue,,,church building,,Point(29.0527 41.10138),12.372,http://www.wikidata.org/entity/Q64463137,1.0,,,,http://www.wikidata.org/entity/Q16970,"('41.10138', '29.0527')"
3950,,40.958161111111,29.114761111111,Küçükyalı Cemetery,,D,blue,,,cemetery,,Point(29.114761111 40.958161111),12.832,http://www.wikidata.org/entity/Q65219991,1.0,,,,http://www.wikidata.org/entity/Q39614,"('40.958161111111', '29.114761111111')"
3951,,40.957527777778,28.821888888889,"Saint Stephen Church, Catholic church in Yeşilköy",,D,blue,,,church building,,Point(28.821888888 40.957527777),14.02,http://www.wikidata.org/entity/Q66124542,1.0,,,,http://www.wikidata.org/entity/Q16970,"('40.957527777778', '28.821888888889')"
3952,,40.957055555556,28.8215,"Saint Stephen Church, Orthodox church in Yeşilköy (Q66124542)",,D,blue,,,Eastern Orthodox church building,,Point(28.8215 40.957055555),14.071,http://www.wikidata.org/entity/Q66124735,1.0,,,,http://www.wikidata.org/entity/Q2031836,"('40.957055555556', '28.8215')"
3953,,41.055414,29.058197,Çengelköy Cemetery,,D,blue,,,cemetery,,Point(29.058197 41.055414),8.798,http://www.wikidata.org/entity/Q66902720,1.0,,,,http://www.wikidata.org/entity/Q39614,"('41.055414', '29.058197')"
3954,,41.024674,29.01956,Wikidata Talks,,D,blue,,,workshop,,Point(29.01956 41.024674),4.192,http://www.wikidata.org/entity/Q76597803,1.0,,,,http://www.wikidata.org/entity/Q656720,"('41.024674', '29.01956')"
3955,,41.010944444444,28.962888888889,Turkish Pharmacy Museum,,D,blue,,,museum,,Point(28.962888888 41.010944444),1.202,http://www.wikidata.org/entity/Q77780889,1.0,,,,http://www.wikidata.org/entity/Q33506,"('41.010944444444', '28.962888888889')"
3956,,40.7,29.3,Constantinople earthquake of 740,,D,blue,,,earthquake,,Point(28.9784 41.0082),0.293,http://www.wikidata.org/entity/Q85738600,1.0,,,https://en.wikipedia.org/wiki/740_Constantinople_earthquake,http://www.wikidata.org/entity/Q7944,"('40.7', '29.3')"
3961,,41.0172501,28.9639301,Tomb of Mimar Sinan,,D,blue,,,türbe,,Point(28.9639301 41.0172501),1.57,http://www.wikidata.org/entity/Q85817770,1.0,,,,http://www.wikidata.org/entity/Q838159,"('41.0172501', '28.9639301')"
3965,,41.0112,28.9613,Vezneciler Hamamı,,D,blue,,,hammam,,Point(28.9613 41.0112),1.335,http://www.wikidata.org/entity/Q85852396,1.0,,,https://en.wikipedia.org/wiki/Vezneciler_Hamam%C4%B1,http://www.wikidata.org/entity/Q28077,"('41.0112', '28.9613')"
3966,,41.013695,28.973153,Acımusluk Cistern,,D,blue,,,cistern,,Point(28.973153 41.013695),0.845,http://www.wikidata.org/entity/Q85967486,1.0,,,,http://www.wikidata.org/entity/Q838858,"('41.013695', '28.973153')"
3967,,41.0333672,28.9767227,Q85968412,,D,blue,,,shopping arcade,,Point(28.9767227 41.0333672),3.001,http://www.wikidata.org/entity/Q85968412,1.0,,,,http://www.wikidata.org/entity/Q97495053,"('41.0333672', '28.9767227')"
3968,,41.062560234981,28.989398169316,Dogan Books,,D,blue,,,publishing company,,Point(28.989398169 41.062560234),6.349,http://www.wikidata.org/entity/Q85969862,1.0,,,,http://www.wikidata.org/entity/Q2085381,"('41.062560234981', '28.989398169316')"
3969,,41.03025,29.024166666667,Hüseyin Avni Paşa Villa,,D,blue,,,pavilion,,Point(29.024166666 41.03025),4.843,http://www.wikidata.org/entity/Q85971495,1.0,,,,http://www.wikidata.org/entity/Q276173,"('41.03025', '29.024166666667')"
3971,,41.030166,29.102864,Nevzat Ayaz Anadolu Lisesi,,D,blue,,,secondary school,,Point(29.102864 41.030166),10.977,http://www.wikidata.org/entity/Q85973523,1.0,,,,http://www.wikidata.org/entity/Q159334,"('41.030166', '29.102864')"
3972,,41.044762137489,28.993977317797,Maçka,,D,blue,,,bottom station,,Point(28.993977317 41.044762137),4.53,http://www.wikidata.org/entity/Q97205559,1.0,,,,http://www.wikidata.org/entity/Q2391004,"('41.044762137489', '28.993977317797')"
3975,,41.04348,28.99031,Taşkışla,,D,blue,,,aerial tramway station,,Point(28.99031 41.04348),4.299,http://www.wikidata.org/entity/Q97206218,1.0,,,,http://www.wikidata.org/entity/Q44696264,"('41.04348', '28.99031')"
3977,,41.06846,28.89564,Ali Fuat Başgil,,D,blue,,,tram stop,,Point(28.89564 41.06846),9.64,http://www.wikidata.org/entity/Q97207059,1.0,,,,http://www.wikidata.org/entity/Q2175765,"('41.06846', '28.89564')"
3979,,41.06182,28.90214,Bosna - Çukurçeşme,,D,blue,,,tram stop,,Point(28.90214 41.06182),8.732,http://www.wikidata.org/entity/Q97207379,1.0,,,,http://www.wikidata.org/entity/Q2175765,"('41.06182', '28.90214')"
3980,,41.084183075228,28.87196187591,Cumhuriyet Mahallesi,,D,blue,,,tram stop,,Point(28.871961875 41.084183075),12.279,http://www.wikidata.org/entity/Q97207496,1.0,,,,http://www.wikidata.org/entity/Q2175765,"('41.084183075228', '28.87196187591')"
3981,,41.09285,28.86399,Hacı Şükrü,,D,blue,,,tram stop,,Point(28.86399 41.09285),13.433,http://www.wikidata.org/entity/Q97207869,1.0,,,,http://www.wikidata.org/entity/Q2175765,"('41.09285', '28.86399')"
3982,,41.07522,28.88248,Karadeniz,,D,blue,,,tram stop,,Point(28.88248 41.07522),10.951,http://www.wikidata.org/entity/Q97207987,1.0,,,,http://www.wikidata.org/entity/Q2175765,"('41.07522', '28.88248')"
3984,,41.0466,28.91558,Rami,,D,blue,,,tram stop,,Point(28.91558 41.0466),6.751,http://www.wikidata.org/entity/Q97208521,1.0,,,,http://www.wikidata.org/entity/Q2175765,"('41.0466', '28.91558')"
3986,,41.10617,28.86059,Sultançiftliği,,D,blue,,,tram stop,,Point(28.86059 41.10617),14.715,http://www.wikidata.org/entity/Q97208877,1.0,,,,http://www.wikidata.org/entity/Q2175765,"('41.10617', '28.86059')"
3987,,41.07261,28.88776,Taşköprü,,D,blue,,,tram stop,,Point(28.88776 41.07261),10.432,http://www.wikidata.org/entity/Q97208979,1.0,,,,http://www.wikidata.org/entity/Q2175765,"('41.07261', '28.88776')"
3989,,41.09983,28.86294,Yenimahalle,,D,blue,,,tram stop,,Point(28.86294 41.09983),14.058,http://www.wikidata.org/entity/Q97209252,1.0,,,,http://www.wikidata.org/entity/Q2175765,"('41.09983', '28.86294')"
3990,,41.037,28.92341,Demirkapı,,D,blue,,,tram stop,,Point(28.92341 41.037),5.564,http://www.wikidata.org/entity/Q97211301,1.0,,,,http://www.wikidata.org/entity/Q2175765,"('41.037', '28.92341')"
3991,,40.985527777778,29.128388888889,Taç Spor Training Center,,D,blue,,,sports venue,,Point(29.128388888 40.985527777),13.008,http://www.wikidata.org/entity/Q97214734,1.0,,,,http://www.wikidata.org/entity/Q1076486,"('40.985527777778', '29.128388888889')"
3992,,41.02152,28.92504,Fetihkapı,,D,blue,,,tram stop,,Point(28.92504 41.02152),4.585,http://www.wikidata.org/entity/Q97215942,1.0,,,,http://www.wikidata.org/entity/Q2175765,"('41.02152', '28.92504')"
3993,,41.028388888889,28.971944444444,Q97222532,,D,blue,,,venue,,Point(28.971944444 41.028388888),2.469,http://www.wikidata.org/entity/Q97222532,1.0,,,,http://www.wikidata.org/entity/Q17350442,"('41.028388888889', '28.971944444444')"
3994,,41.0239105,28.9750786,Minerva Han,,D,blue,,,shopping arcade,,Point(28.9750786 41.0239105),1.95,http://www.wikidata.org/entity/Q97236144,1.0,,,,http://www.wikidata.org/entity/Q97495053,"('41.0239105', '28.9750786')"
3995,,40.9884109,29.0752296,Şahkulu Sultan Tekkesi,,D,blue,,,Sufi lodge,,Point(29.0752296 40.9884109),8.574,http://www.wikidata.org/entity/Q97236748,1.0,,,,http://www.wikidata.org/entity/Q833913,"('40.9884109', '29.0752296')"
3996,,41.0237732,28.9744835,Ankara Han,,D,blue,,,shopping arcade,,Point(28.9744835 41.0237732),1.937,http://www.wikidata.org/entity/Q97320185,1.0,,,,http://www.wikidata.org/entity/Q97495053,"('41.0237732', '28.9744835')"
3997,,40.9876374,29.0262354,Rexx Sineması,,D,blue,,,movie theater,,Point(29.0262354 40.9876374),4.712,http://www.wikidata.org/entity/Q97320303,1.0,,,,http://www.wikidata.org/entity/Q41253,"('40.9876374', '29.0262354')"
3998,,41.03611111,29.02972222,"Agios Georgios Greek Orthodox Church, Kuzguncuk",,D,blue,,,church building,,Point(29.02972222 41.03611111),5.598,http://www.wikidata.org/entity/Q97353663,1.0,,,"https://en.wikipedia.org/wiki/Agios_Georgios_Greek_Orthodox_Church,_Kuzguncuk",http://www.wikidata.org/entity/Q16970,"('41.03611111', '29.02972222')"
4000,,41.0237007,28.9737206,Generali Han,,D,blue,,,shopping arcade,,Point(28.9737206 41.0237007),1.934,http://www.wikidata.org/entity/Q97387037,1.0,,,,http://www.wikidata.org/entity/Q97495053,"('41.0237007', '28.9737206')"
4001,,41.034222222222,28.979305555556,Atlas Pasaji,,D,blue,,,shopping mall,,Point(28.979305555 41.034222222),3.109,http://www.wikidata.org/entity/Q97832914,1.0,,,,http://www.wikidata.org/entity/Q31374404,"('41.034222222222', '28.979305555556')"
4003,,41.012083333333,28.925305555556,Arakiyeci Mehmed Ağa Mosque,,D,blue,,,architectural structure,,Point(28.925305555 41.012083333),4.29,http://www.wikidata.org/entity/Q101730414,1.0,,,,http://www.wikidata.org/entity/Q811979,"('41.012083333333', '28.925305555556')"
4007,,40.9898895,29.025838611111,Hüseyin Ağa Fountain,,D,blue,,,fountain,,Point(29.025838611 40.9898895),4.577,http://www.wikidata.org/entity/Q106035131,1.0,,,,http://www.wikidata.org/entity/Q483453,"('40.9898895', '29.025838611111')"
4011,,40.985182888889,29.022163305556,Hasan Rıza Paşa Fountain,,D,blue,,,fountain,,Point(29.023216 40.985161),4.621,http://www.wikidata.org/entity/Q106090154,1.0,,,,http://www.wikidata.org/entity/Q483453,"('40.985182888889', '29.022163305556')"
4015,,40.971643111111,29.078211805556,Tellikavak Street Fountain,,D,blue,,,fountain,,Point(29.078211805 40.971643111),9.418,http://www.wikidata.org/entity/Q106090969,1.0,,,,http://www.wikidata.org/entity/Q483453,"('40.971643111111', '29.078211805556')"
4016,,40.956377194444,29.08627,Çatal Fountain,,D,blue,,,fountain,,Point(29.08627 40.956377194),10.807,http://www.wikidata.org/entity/Q106151918,1.0,,,,http://www.wikidata.org/entity/Q483453,"('40.956377194444', '29.08627')"
4017,,41.057469444444,28.906630555556,Sağmalcılar,,D,blue,,,tram stop,,Point(28.906630555 41.057469444),8.124,http://www.wikidata.org/entity/Q106830857,1.0,,,,http://www.wikidata.org/entity/Q2175765,"('41.057469444444', '28.906630555556')"
4019,,40.969691485042,29.056900859218,60. Yıl Parkı,,D,blue,,,last station,,Point(29.056900859 40.969691485),7.931,http://www.wikidata.org/entity/Q107050630,1.0,,,,http://www.wikidata.org/entity/Q11606300,"('40.969691485042', '29.056900859218')"
4034,,41.042858245803,29.098752396945,Kâzım Karabekir,,D,blue,,,last station,,Point(29.098752396 41.042858245),11.077,http://www.wikidata.org/entity/Q107050637,1.0,,,,http://www.wikidata.org/entity/Q11606300,"('41.042858245803', '29.098752396945')"
4037,,40.978341923795,29.066168854999,Tütüncü Mehmet Efendi,,D,blue,,,interchange station,,Point(29.066168854 40.978341923),8.194,http://www.wikidata.org/entity/Q107050643,1.0,,,,http://www.wikidata.org/entity/Q1147171,"('40.978341923795', '29.066168854999')"
4043,,41.076388888889,29.013055555556,"Consulate General of Switzerland, Istanbul",,D,blue,,,consulate general,,Point(29.013055555 41.076388888),8.386,http://www.wikidata.org/entity/Q108917289,1.0,,,,http://www.wikidata.org/entity/Q372690,"('41.076388888889', '29.013055555556')"
4044,,40.99387,28.81988,Çobançeşme Bridge,,D,blue,,,bridge,,Point(28.81988 40.99387),13.164,http://www.wikidata.org/entity/Q109119944,1.0,,,,http://www.wikidata.org/entity/Q12280,"('40.99387', '28.81988')"
4045,,40.993813,28.819468,Çoban Fountain,,D,blue,,,fountain,,Point(28.819468 40.993813),13.199,http://www.wikidata.org/entity/Q109173337,1.0,,,,http://www.wikidata.org/entity/Q483453,"('40.993813', '28.819468')"
4046,,41.0013656,29.1134748,Finanskent,,D,blue,,,mahalle,,Point(29.1134748 41.0013656),11.56,http://www.wikidata.org/entity/Q109384408,1.0,,,,http://www.wikidata.org/entity/Q17051044,"('41.0013656', '29.1134748')"
4047,,40.991247,29.021593,Kadıköy Square,,D,blue,,,square,,Point(29.021593 40.991247),4.19,http://www.wikidata.org/entity/Q109389732,1.0,,,,http://www.wikidata.org/entity/Q174782,"('40.991247', '29.021593')"
4048,,41.03324895,28.99288192,İDO Kabataş Terminal,,D,blue,,,pier,,Point(28.99288192 41.03324895),3.311,http://www.wikidata.org/entity/Q109391284,1.0,,,,http://www.wikidata.org/entity/Q863454,"('41.03324895', '28.99288192')"
4050,,40.991594769706,29.021754833943,Kadıköy Wharf,,D,blue,,,wharf,,Point(29.021754833 40.991594769),4.187,http://www.wikidata.org/entity/Q109392672,1.0,,,,http://www.wikidata.org/entity/Q828909,"('40.991594769706', '29.021754833943')"
4052,,40.9875,29.027944444444,Q109393444,,D,blue,,,theatre company,,Point(29.027944444 40.9875),4.848,http://www.wikidata.org/entity/Q109393444,1.0,,,,http://www.wikidata.org/entity/Q11812394,"('40.9875', '29.027944444444')"
4055,,41.041306049996,29.009779927744,İDO Beşiktaş Terminal,,D,blue,,,pier,,Point(29.009779927 41.041306049),4.814,http://www.wikidata.org/entity/Q109394000,1.0,,,,http://www.wikidata.org/entity/Q863454,"('41.041306049996', '29.009779927744')"
4057,,41.033388888889,28.976027777778,Q109394292,,D,blue,,,covered passageway,,Point(28.976027777 41.033388888),3.003,http://www.wikidata.org/entity/Q109394292,1.0,,,,http://www.wikidata.org/entity/Q1320830,"('41.033388888889', '28.976027777778')"
4058,,41.037138888889,28.994805555556,Sebil of Mehmet Emin Ağa,,D,blue,,,sebil,,Point(28.994805555 41.037138888),3.771,http://www.wikidata.org/entity/Q109415921,1.0,,,,http://www.wikidata.org/entity/Q2914485,"('41.037138888889', '28.994805555556')"
4060,,41.049865705507,28.989495238992,Nişantaşı Park,,D,blue,,,urban park,,Point(28.989495238 41.049865705),4.968,http://www.wikidata.org/entity/Q109416054,1.0,,,,http://www.wikidata.org/entity/Q22746,"('41.049865705507', '28.989495238992')"
4061,,41.041526959375,29.006526295279,Barbaros Park,,D,blue,,,park,,Point(29.006526295 41.041526959),4.678,http://www.wikidata.org/entity/Q109416717,1.0,,,,http://www.wikidata.org/entity/Q22698,"('41.041526959375', '29.006526295279')"
4062,,41.08239,29.03704,Dünyagöz Etiler,,D,blue,,,eye hospital,,Point(29.03704 41.08239),9.886,http://www.wikidata.org/entity/Q109641128,1.0,,,,http://www.wikidata.org/entity/Q98968256,"('41.08239', '29.03704')"
4063,,41.067,28.8662,Tekstilkent,,D,blue,,,architectural ensemble,,Point(28.8662 41.067),11.403,http://www.wikidata.org/entity/Q110008823,1.0,,,,http://www.wikidata.org/entity/Q1497375,"('41.067', '28.8662')"
4065,,41.062220455746,28.967620099459,Darülaceze-Perpa,,D,blue,,,bus stop,,Point(28.967620099 41.062220455),6.247,http://www.wikidata.org/entity/Q110044007,1.0,,,,http://www.wikidata.org/entity/Q953806,"('41.062220455746', '28.967620099459')"
4067,,41.031714638038,28.948423042885,Wooden Minaret Mosque,,D,blue,,,mosque,,Point(28.948423042 41.031714638),3.638,http://www.wikidata.org/entity/Q110055688,1.0,,,,http://www.wikidata.org/entity/Q32815,"('41.031714638038', '28.948423042885')"
4068,,41.02409535,28.92159437,Bayrampaşa-Maltepe/Koç Üniversitesi Hastanesi,,D,blue,,,bus stop,,Point(28.92159437 41.02409535),4.961,http://www.wikidata.org/entity/Q110056402,1.0,,,,http://www.wikidata.org/entity/Q953806,"('41.02409535', '28.92159437')"
4070,,41.016823,28.970497,Hatice Sultan Fountain,,D,blue,,,fountain,,Point(28.970497 41.016823),1.246,http://www.wikidata.org/entity/Q110335019,1.0,,,,http://www.wikidata.org/entity/Q483453,"('41.016823', '28.970497')"
4074,,41.036238186406,28.974127684658,"Armenian Evangelical Church, Istanbul",,D,blue,,,church building,,Point(28.974127684 41.036238186),3.323,http://www.wikidata.org/entity/Q110471029,1.0,,,,http://www.wikidata.org/entity/Q16970,"('41.036238186406', '28.974127684658')"
4075,,41.0347052,28.9802073,Bon Marché (İstanbul),,D,blue,,,department store,,Point(28.9802073 41.0347052),3.17,http://www.wikidata.org/entity/Q110584001,1.0,,,,http://www.wikidata.org/entity/Q216107,"('41.0347052', '28.9802073')"
4077,,40.9969,29.0233,Haydarpaşa Protokol Mosque,,D,blue,,,mosque,,Point(29.0233 40.9969),4.117,http://www.wikidata.org/entity/Q110658521,1.0,,,,http://www.wikidata.org/entity/Q32815,"('40.9969', '29.0233')"
4078,,41.081388888889,29.016111111111,Consulate-General of Spain in Istanbul,,D,blue,,,consulate general,,Point(29.016111111 41.081388888),8.997,http://www.wikidata.org/entity/Q110853287,1.0,,,,http://www.wikidata.org/entity/Q372690,"('41.081388888889', '29.016111111111')"
4079,,41.0147317,28.9681487,Çandarlızade Atik İbrahim Pasha Mosque,,D,blue,,,architectural structure,,Point(28.9681487 41.0147317),1.132,http://www.wikidata.org/entity/Q111073658,1.0,,,,http://www.wikidata.org/entity/Q811979,"('41.0147317', '28.9681487')"
4082,,41.038852979301,28.973748269277,Istanbul Bilgi University Dolapdere Campus,,D,blue,,,campus,,Point(28.973748269 41.038852979),3.615,http://www.wikidata.org/entity/Q111250919,1.0,,,,http://www.wikidata.org/entity/Q209465,"('41.038852979301', '28.973748269277')"
4085,,41.048851448085,28.931358936106,Kapıağası Mustafa Ağa Çeşmesi,,D,blue,,,fountain,,Point(28.931581 41.048843),6.008,http://www.wikidata.org/entity/Q111461833,1.0,,,,http://www.wikidata.org/entity/Q483453,"('41.048851448085', '28.931358936106')"
4089,,41.050253090264,28.9297822,Kasım Çavuş Mosque,,D,blue,,,mosque,,Point(28.9297822 41.05025309),6.224,http://www.wikidata.org/entity/Q111461841,1.0,,,,http://www.wikidata.org/entity/Q32815,"('41.050253090264', '28.9297822')"
4090,,41.047470270621,28.934227598113,Tomb of Ahmed Esad Efendi,,D,blue,,,türbe,,Point(28.934227598 41.04747027),5.751,http://www.wikidata.org/entity/Q111461860,1.0,,,,http://www.wikidata.org/entity/Q838159,"('41.047470270621', '28.934227598113')"
4091,,41.047340787964,28.934038769278,Grave of Ebussuud Efendi,,D,blue,,,grave,,Point(28.934038769 41.047340787),5.749,http://www.wikidata.org/entity/Q111461876,1.0,,,,http://www.wikidata.org/entity/Q173387,"('41.047340787964', '28.934038769278')"
4092,,41.007877005919,28.972602260325,Organization of Turkic States Headquarter,,D,blue,,,headquarters,,Point(28.97260226 41.007877005),0.321,http://www.wikidata.org/entity/Q111530243,1.0,,,,http://www.wikidata.org/entity/Q7540126,"('41.007877005919', '28.972602260325')"
4093,,41.035833333333,28.989722222222,Consulate-General of North Macedonia in Istanbul,,D,blue,,,consulate general,,Point(28.989722222 41.035833333),3.475,http://www.wikidata.org/entity/Q111584931,1.0,,,,http://www.wikidata.org/entity/Q372690,"('41.035833333333', '28.989722222222')"
4094,,41.030833333333,28.976111111111,Consulate-General of the Netherlands in Istanbul,,D,blue,,,consulate general,,Point(28.976111111 41.030833333),2.719,http://www.wikidata.org/entity/Q111584935,1.0,,,,http://www.wikidata.org/entity/Q372690,"('41.030833333333', '28.976111111111')"
4095,,41.034784357757,28.9847357044,Consulate-General of Belgium in Istanbul,,D,blue,,,Consulate General of Belgium,,Point(28.984735704 41.034784357),3.245,http://www.wikidata.org/entity/Q111584947,1.0,,,,http://www.wikidata.org/entity/Q112307194,"('41.034784357757', '28.9847357044')"
4096,,41.011388888889,28.974722222222,Consulate-General of Iran in Istanbul,,D,blue,,,consulate general,,Point(28.974722222 41.011388888),0.565,http://www.wikidata.org/entity/Q111584950,1.0,,,,http://www.wikidata.org/entity/Q372690,"('41.011388888889', '28.974722222222')"
4097,,41.038611111111,28.985277777778,Consulate-General of Kyrgyzstan in Istanbul,,D,blue,,,consulate general,,Point(28.985277777 41.038611111),3.669,http://www.wikidata.org/entity/Q111584951,1.0,,,,http://www.wikidata.org/entity/Q372690,"('41.038611111111', '28.985277777778')"
4098,,41.058055555556,29.006666666667,Consulate-General of Bosnia and Herzegovina in Istanbul,,D,blue,,,consulate general,,Point(29.006666666 41.058055555),6.3,http://www.wikidata.org/entity/Q111584948,1.0,,,,http://www.wikidata.org/entity/Q372690,"('41.058055555556', '29.006666666667')"
4099,,41.033089,28.980587,Consulate-General of Greece in Istanbul,,D,blue,,,consulate general,,Point(28.980587 41.033089),2.996,http://www.wikidata.org/entity/Q111584949,1.0,,,,http://www.wikidata.org/entity/Q372690,"('41.033089', '28.980587')"
4100,,41.0768258,29.0132135,Consulate-General of Malta in Istanbul,,D,blue,,,consulate general,,Point(29.0132135 41.0768258),8.436,http://www.wikidata.org/entity/Q111584952,1.0,,,,http://www.wikidata.org/entity/Q372690,"('41.0768258', '29.0132135')"
4101,,41.049580004706,29.011190421015,Yıldız City Museum,,D,blue,,,tourist attraction,,Point(29.011190421 41.049580004),5.643,http://www.wikidata.org/entity/Q111633241,1.0,,,,http://www.wikidata.org/entity/Q570116,"('41.049580004706', '29.011190421015')"
4103,,40.959945678,28.838762641,Renaissance Polat Istanbul Hotel,,D,blue,,,convention center,,Point(28.838762641 40.959945678),12.614,http://www.wikidata.org/entity/Q111857339,1.0,,,,http://www.wikidata.org/entity/Q1378975,"('40.959945678', '28.838762641')"
4107,,41.025119167683,29.018003660801,Şeyh Camii Fountain,,D,blue,,,fountain,,Point(29.01800366 41.025119167),4.103,http://www.wikidata.org/entity/Q112179182,1.0,,,,http://www.wikidata.org/entity/Q483453,"('41.025119167683', '29.018003660801')"
4108,,41.033034524598,28.983904036981,Sirkeci Mustafa Ağa Mosque,,D,blue,,,mosque,,Point(28.983904036 41.033034524),3.039,http://www.wikidata.org/entity/Q112180573,1.0,,,,http://www.wikidata.org/entity/Q32815,"('41.033034524598', '28.983904036981')"
4109,,41.023889,29.018894,Şehzade Süleyman Fountain,,D,blue,,,fountain,,Point(29.018851 41.023929),4.1,http://www.wikidata.org/entity/Q112189111,1.0,,,,http://www.wikidata.org/entity/Q483453,"('41.023889', '29.018894')"
4113,,41.020600892901,29.008185248897,Fatih Fountain (Üsküdar),,D,blue,,,fountain,,Point(29.008185248 41.020600892),3.138,http://www.wikidata.org/entity/Q112221286,1.0,,,,http://www.wikidata.org/entity/Q483453,"('41.020600892901', '29.008185248897')"
4114,,41.026804381994,29.018029682198,Arslan Ağa Fountain,,D,blue,,,fountain,,Point(29.018029682 41.026804381),4.203,http://www.wikidata.org/entity/Q112322884,1.0,,,,http://www.wikidata.org/entity/Q483453,"('41.026804381994', '29.018029682198')"
4115,,41.027971,29.020859,Sultantepe Fountain,,D,blue,,,fountain,,Point(29.020859 41.027971),4.473,http://www.wikidata.org/entity/Q112324154,1.0,,,,http://www.wikidata.org/entity/Q483453,"('41.027971', '29.020859')"
4116,,41.021895210553,29.017736794547,Bulgurlu Mescit Mosque,,D,blue,,,architectural structure,,Point(29.017736794 41.02189521),3.913,http://www.wikidata.org/entity/Q112324470,1.0,,,,http://www.wikidata.org/entity/Q811979,"('41.021895210553', '29.017736794547')"
4118,,41.021963622404,29.017725053257,Safiye Sultan Fountain,,D,blue,,,fountain,,Point(29.017725053 41.021963622),3.916,http://www.wikidata.org/entity/Q112324583,1.0,,,,http://www.wikidata.org/entity/Q483453,"('41.021963622404', '29.017725053257')"
4119,,41.020087100827,29.018807460103,Genç Mehmet Paşa Fountain,,D,blue,,,fountain,,Point(29.01880746 41.0200871),3.911,http://www.wikidata.org/entity/Q112326226,1.0,,,,http://www.wikidata.org/entity/Q483453,"('41.020087100827', '29.018807460103')"
4120,,41.0780643,29.0106546,Afendis Capital Management,,D,blue,,,business,,Point(29.0106546 41.0780643),8.487,http://www.wikidata.org/entity/Q112435166,1.0,,,,http://www.wikidata.org/entity/Q4830453,"('41.0780643', '29.0106546')"
4121,,41.019929449867,29.020148953373,El Hac Mehmet Ağa Fountain,,D,blue,,,fountain,,Point(29.020148953 41.019929449),4.009,http://www.wikidata.org/entity/Q112439390,1.0,,,,http://www.wikidata.org/entity/Q483453,"('41.019929449867', '29.020148953373')"
4122,,41.066653763709,28.945947057982,Istanbul Bilgi University PUB204 20220531,,D,blue,,,workshop,,Point(28.945947057 41.066653763),7.156,http://www.wikidata.org/entity/Q112585017,1.0,,,,http://www.wikidata.org/entity/Q656720,"('41.066653763709', '28.945947057982')"
4123,,41.041251887216,29.004062540442,Istanbul Palace Collections Museum,,D,blue,,,museum,,Point(29.00406254 41.041251887),4.542,http://www.wikidata.org/entity/Q112585751,1.0,,,,http://www.wikidata.org/entity/Q33506,"('41.041251887216', '29.004062540442')"
4124,,41.019642704591,29.020936376988,Mustafa Kavsar Baba Mosque,,D,blue,,,mosque,,Point(29.020936376 41.019642704),4.058,http://www.wikidata.org/entity/Q112609318,1.0,,,,http://www.wikidata.org/entity/Q32815,"('41.019642704591', '29.020936376988')"
4125,,41.019817190563,29.020821236822,Katip Mustafa Efendi Fountain,,D,blue,,,fountain,,Point(29.020821236 41.01981719),4.056,http://www.wikidata.org/entity/Q112623982,1.0,,,,http://www.wikidata.org/entity/Q483453,"('41.019817190563', '29.020821236822')"
4126,,41.020391584239,29.023130751538,Ümmü Gülsüm Hanım Fountain,,D,blue,,,fountain,,Point(29.023130751 41.020391584),4.26,http://www.wikidata.org/entity/Q112661400,1.0,,,,http://www.wikidata.org/entity/Q483453,"('41.020391584239', '29.023130751538')"
4127,,41.013266241485,29.017290691988,III. Selim Fountain,,D,blue,,,fountain,,Point(29.017290691 41.013266241),3.559,http://www.wikidata.org/entity/Q112678569,1.0,,,,http://www.wikidata.org/entity/Q483453,"('41.013266241485', '29.017290691988')"
4128,,41.015668844463,29.013526634621,İhsaniye Mosque,,D,blue,,,mosque,,Point(29.013526634 41.015668844),3.324,http://www.wikidata.org/entity/Q112678669,1.0,,,,http://www.wikidata.org/entity/Q32815,"('41.015668844463', '29.013526634621')"
4129,,41.018185502294,29.013402160138,Nasuhi Mehmet Efendi Mosque,,D,blue,,,mosque,,Point(29.01340216 41.018185502),3.411,http://www.wikidata.org/entity/Q112678704,1.0,,,,http://www.wikidata.org/entity/Q32815,"('41.018185502294', '29.013402160138')"
4130,,41.021773658281,29.01519026946,Sadrazam Halil Paşa Fountain,,D,blue,,,fountain,,Point(29.015190269 41.021773658),3.716,http://www.wikidata.org/entity/Q112678922,1.0,,,,http://www.wikidata.org/entity/Q483453,"('41.021773658281', '29.01519026946')"
4131,,41.022577717417,29.012355238982,Mustafa Paşa Fountain,,D,blue,,,fountain,,Point(29.012355238 41.022577717),3.551,http://www.wikidata.org/entity/Q112678943,1.0,,,,http://www.wikidata.org/entity/Q483453,"('41.022577717417', '29.012355238982')"
4132,,41.0231215616,29.012639006047,Şehzade Seyfettin Fountain,,D,blue,,,fountain,,Point(29.012686 41.023075),3.603,http://www.wikidata.org/entity/Q112678983,1.0,,,,http://www.wikidata.org/entity/Q483453,"('41.0231215616', '29.012639006047')"
4136,,41.008331958913,28.971677135635,Köprülü Mehmet Paşa Fountain,,D,blue,,,fountain,,Point(28.971677135 41.008331958),0.413,http://www.wikidata.org/entity/Q112717722,1.0,,,,http://www.wikidata.org/entity/Q483453,"('41.008331958913', '28.971677135635')"
4137,,41.031833333333,28.966055555556,Divanhane Kapısı Guardhouse,,D,blue,,,public building,,Point(28.966055555 41.031833333),2.947,http://www.wikidata.org/entity/Q112845172,1.0,,,,http://www.wikidata.org/entity/Q294422,"('41.031833333333', '28.966055555556')"
4140,,40.969305555556,29.036472222222,Fenerbahçe Fountain,,D,blue,,,fountain,,Point(29.036472222 40.969305555),6.547,http://www.wikidata.org/entity/Q112845234,1.0,,,,http://www.wikidata.org/entity/Q483453,"('40.969305555556', '29.036472222222')"
4142,,41.052666666667,28.987611111111,Sebat Apartmanı,,D,blue,,,apartment,,Point(28.987611111 41.052666666),5.24,http://www.wikidata.org/entity/Q112865283,1.0,,,,http://www.wikidata.org/entity/Q188507,"('41.052666666667', '28.987611111111')"
4143,,41.024547,29.012734,Nevşehirli Damat İbrahim Paşa Fountain,,D,blue,,,fountain,,Point(29.012734 41.024547),3.694,http://www.wikidata.org/entity/Q113171348,1.0,,,,http://www.wikidata.org/entity/Q483453,"('41.024547', '29.012734')"
4144,,41.02506,28.9741,"Postane, Beyoğlu",,D,blue,,,café,,Point(28.9741 41.02506),2.082,http://www.wikidata.org/entity/Q113327739,1.0,,,,http://www.wikidata.org/entity/Q30022,"('41.02506', '28.9741')"
4147,,41.003087580556,28.890142430556,Zeytinburnu,,D,blue,,,bus stop,,Point(28.89014243 41.00308758),7.203,http://www.wikidata.org/entity/Q113405714,1.0,,,,http://www.wikidata.org/entity/Q953806,"('41.003087580556', '28.890142430556')"
4150,,41.001501218201,28.890264271132,Zeytinburnu,,D,blue,,,interchange station,,Point(28.890264271 41.001501218),7.204,http://www.wikidata.org/entity/Q113406537,1.0,,,,http://www.wikidata.org/entity/Q1147171,"('41.001501218201', '28.890264271132')"
4154,,41.001727324951,28.889976602148,Zeytinburnu,,D,blue,,,interchange station,,Point(28.889976602 41.001727324),7.226,http://www.wikidata.org/entity/Q113406564,1.0,,,,http://www.wikidata.org/entity/Q1147171,"('41.001727324951', '28.889976602148')"
4156,,41.031549285293,29.021506609759,Üsküdar Tekel Stage,,D,blue,,,stage,,Point(29.021506609 41.031549285),4.742,http://www.wikidata.org/entity/Q113407470,1.0,,,,http://www.wikidata.org/entity/Q194428,"('41.031549285293', '29.021506609759')"
4157,,41.044886552887,29.04465333542,Beylerbeyi Pier,,D,blue,,,pier,,Point(29.044653335 41.044886552),7.185,http://www.wikidata.org/entity/Q113407473,1.0,,,,http://www.wikidata.org/entity/Q863454,"('41.044886552887', '29.04465333542')"
4158,,41.039528587004,29.034433369277,Üryanizade Ahmet Esat Efendi Mosque,,D,blue,,,architectural structure,,Point(29.034431 41.039545),6.142,http://www.wikidata.org/entity/Q113407484,1.0,,,,http://www.wikidata.org/entity/Q811979,"('41.039528587004', '29.034433369277')"
4166,,41.100215894464,29.065385198114,Kanlıca Pier,,D,blue,,,pier,,Point(29.065385198 41.100215894),12.853,http://www.wikidata.org/entity/Q113407498,1.0,,,,http://www.wikidata.org/entity/Q863454,"('41.100215894464', '29.065385198114')"
4167,,41.051136515413,29.051583753937,Çengelköy Pier,,D,blue,,,pier,,Point(29.051583753 41.051136515),8.068,http://www.wikidata.org/entity/Q113407522,1.0,,,,http://www.wikidata.org/entity/Q863454,"('41.051136515413', '29.051583753937')"
4168,,41.034343912408,28.992699593504,Kabataş,,D,blue,,,interchange station,,Point(28.992699593 41.034343912),3.415,http://www.wikidata.org/entity/Q113480912,1.0,,,,http://www.wikidata.org/entity/Q1147171,"('41.034343912408', '28.992699593504')"
4171,,41.034037321815,28.992106826164,Kabataş,,D,blue,,,interchange station,,Point(28.992106826 41.034037321),3.363,http://www.wikidata.org/entity/Q113481053,1.0,,,,http://www.wikidata.org/entity/Q1147171,"('41.034037321815', '28.992106826164')"
4177,,41.005573880415,28.95129341001,Yenikapı (M2),,D,blue,,,interchange station,,Point(28.95129341 41.00557388),2.064,http://www.wikidata.org/entity/Q113496764,1.0,,,,http://www.wikidata.org/entity/Q1147171,"('41.005573880415', '28.95129341001')"
4181,,40.989381833954,28.838037009329,Yenibosna (M9),,D,blue,,,interchange station,,Point(28.838037009 40.989381833),11.72,http://www.wikidata.org/entity/Q113506180,1.0,,,,http://www.wikidata.org/entity/Q1147171,"('40.989381833954', '28.838037009329')"
4184,,41.032060279118,28.842884545097,Kirazlı (M3),,D,blue,,,interchange station,,Point(28.842884545 41.032060279),11.516,http://www.wikidata.org/entity/Q113506602,1.0,,,,http://www.wikidata.org/entity/Q1147171,"('41.032060279118', '28.842884545097')"
4187,,41.05501791061,28.831038932839,Mahmutbey (M7),,D,blue,,,interchange station,,Point(28.831038932 41.05501791),13.297,http://www.wikidata.org/entity/Q113507372,1.0,,,,http://www.wikidata.org/entity/Q1147171,"('41.05501791061', '28.831038932839')"
4194,,41.037075959383,28.985981928873,Taksim,,D,blue,,,interchange station,,Point(28.985981928 41.037075959),3.517,http://www.wikidata.org/entity/Q113553574,1.0,,,,http://www.wikidata.org/entity/Q1147171,"('41.037075959383', '28.985981928873')"
4196,,41.036411294082,28.984738950142,Taksim,,D,blue,,,interchange station,,Point(28.98473895 41.036411294),3.421,http://www.wikidata.org/entity/Q113553608,1.0,,,,http://www.wikidata.org/entity/Q1147171,"('41.036411294082', '28.984738950142')"
4200,,41.037080882196,28.985951833565,Taksim,,D,blue,,,interchange station,,Point(28.985951833 41.037080882),3.517,http://www.wikidata.org/entity/Q113553678,1.0,,,,http://www.wikidata.org/entity/Q1147171,"('41.037080882196', '28.985951833565')"
4205,,41.008748936843,28.965238719675,Dibekli Emin Bey Mosque,,D,blue,,,mosque,,Point(28.965238719 41.008748936),0.93,http://www.wikidata.org/entity/Q113681709,1.0,,,,http://www.wikidata.org/entity/Q32815,"('41.008748936843', '28.965238719675')"
4206,,41.02497,29.0417,Mercure Hotel Istanbul Altunizade,,D,blue,,,architectural structure,,Point(29.0417 41.02497),5.897,http://www.wikidata.org/entity/Q113991145,1.0,,,,http://www.wikidata.org/entity/Q811979,"('41.02497', '29.0417')"
4208,,41.02479,29.03895,Üsküdar University Central Campus,,D,blue,,,university building,,Point(29.03895 41.02479),5.674,http://www.wikidata.org/entity/Q113991171,1.0,,,,http://www.wikidata.org/entity/Q19844914,"('41.02479', '29.03895')"
4212,,40.98212,29.02143,Whittall Mansion,,D,blue,,,building,,Point(29.02143 40.98212),4.679,http://www.wikidata.org/entity/Q114120053,1.0,,,"https://en.wikipedia.org/wiki/Whittall_Mansion,_Moda",http://www.wikidata.org/entity/Q41176,"('40.98212', '29.02143')"
4213,,41.029764020347,28.974491940918,Refik Restaurant,,D,blue,,,restaurant,,Point(28.97449194 41.02976402),2.603,http://www.wikidata.org/entity/Q114289395,1.0,,,https://en.wikipedia.org/wiki/Refik_Restaurant,http://www.wikidata.org/entity/Q11707,"('41.029764020347', '28.974491940918')"
4214,,40.9738514,29.0987062,Nidakule Kozyatağı,,D,blue,,,skyscraper,,Point(29.0987062 40.9738514),10.925,http://www.wikidata.org/entity/Q114315401,1.0,,,,http://www.wikidata.org/entity/Q11303,"('40.9738514', '29.0987062')"
4215,,41.083201162986,29.066652728831,Anadolu Hisarı Pier,,D,blue,,,wharf,,Point(29.066652728 41.083201162),11.442,http://www.wikidata.org/entity/Q114871510,1.0,,,,http://www.wikidata.org/entity/Q828909,"('41.083201162986', '29.066652728831')"
4217,,41.003473089123,28.982285626947,Ahırkapı Ferry Pier,,D,blue,,,wharf,,Point(28.982285626 41.003473089),0.628,http://www.wikidata.org/entity/Q114871616,1.0,,,,http://www.wikidata.org/entity/Q828909,"('41.003473089123', '28.982285626947')"
4218,,41.066867960981,29.043363101579,Arnavutköy Pier,,D,blue,,,wharf,,Point(29.043363101 41.06686796),8.791,http://www.wikidata.org/entity/Q114871634,1.0,,,,http://www.wikidata.org/entity/Q828909,"('41.066867960981', '29.043363101579')"
4220,,41.074444390434,29.058254697634,Kandilli Pier,,D,blue,,,wharf,,Point(29.058254697 41.07444439),10.247,http://www.wikidata.org/entity/Q114871792,1.0,,,,http://www.wikidata.org/entity/Q828909,"('41.074444390434', '29.058254697634')"
4222,,41.0361,29.035,Kuzguncuk Gasworks,,D,blue,,,gasworks,,Point(29.035 41.0361),5.96,http://www.wikidata.org/entity/Q115517326,1.0,,,https://en.wikipedia.org/wiki/Kuzguncuk_Gasworks,http://www.wikidata.org/entity/Q1495738,"('41.0361', '29.035')"
4223,,40.99404,28.92334,Yedikule Gasworks,,D,blue,,,gasworks,,Point(28.92334 40.99404),4.617,http://www.wikidata.org/entity/Q115518136,1.0,,,https://en.wikipedia.org/wiki/Yedikule_Gasworks,http://www.wikidata.org/entity/Q1495738,"('40.99404', '28.92334')"
4224,,40.994819117021,29.039354035063,Hasan Paşa Mosque Kayışdağı Suyu Fountain,,D,blue,,,fountain,,Point(29.039354035 40.994819117),5.48,http://www.wikidata.org/entity/Q115563331,1.0,,,,http://www.wikidata.org/entity/Q483453,"('40.994819117021', '29.039354035063')"
4225,,40.994222222222,29.026138888889,Q115629810,,D,blue,,,hammam,,Point(29.026138888 40.994222222),4.43,http://www.wikidata.org/entity/Q115629810,1.0,,,,http://www.wikidata.org/entity/Q28077,"('40.994222222222', '29.026138888889')"
4226,,41.10309,28.95886,Hasdal Cemetery,,D,blue,,,cemetery,,Point(28.95886 41.10309),10.847,http://www.wikidata.org/entity/Q115707659,1.0,,,,http://www.wikidata.org/entity/Q39614,"('41.10309', '28.95886')"
4227,,41.067777777778,29.043055555556,Callipolis,,D,blue,,,archaeological site,,Point(29.043055555 41.067777777),8.852,http://www.wikidata.org/entity/Q115707926,1.0,,,,http://www.wikidata.org/entity/Q839954,"('41.067777777778', '29.043055555556')"
4228,,41.073,29.0086,Zincirlikuyu Mosque,,D,blue,,,mosque,,Point(29.0086 41.073),7.9,http://www.wikidata.org/entity/Q115729549,1.0,,,,http://www.wikidata.org/entity/Q32815,"('41.073', '29.0086')"
4229,,41.025852397588,28.979418007574,Bayezid-i Cedid Mosque,,D,blue,,,architectural structure,,Point(28.979418007 41.025852397),2.185,http://www.wikidata.org/entity/Q115847840,1.0,,,,http://www.wikidata.org/entity/Q811979,"('41.025852397588', '28.979418007574')"
4231,,41.01330484356,28.96897762113,Saka Fountain,,D,blue,,,fountain,,Point(28.968977621 41.013304843),0.963,http://www.wikidata.org/entity/Q115917322,1.0,,,,http://www.wikidata.org/entity/Q483453,"('41.01330484356', '28.96897762113')"
4232,,41.0405083,28.940134,Şemsi Cemal Usta Fountain,,D,blue,,,fountain,,Point(28.940134 41.0405083),4.836,http://www.wikidata.org/entity/Q115972501,1.0,,,,http://www.wikidata.org/entity/Q483453,"('41.0405083', '28.940134')"
4233,,41.082777777778,29.008611111111,Crystal Tower,,D,blue,,,office building,,Point(29.008611111 41.082777777),8.927,http://www.wikidata.org/entity/Q116028173,1.0,,,,http://www.wikidata.org/entity/Q1021645,"('41.082777777778', '29.008611111111')"
4235,,41.027431,28.956755,Agios Nikolaos Church (Yavuz Sultan Selim),,D,blue,,,Greek Orthodoxy,,Point(28.956755 41.027431),2.837,http://www.wikidata.org/entity/Q116037185,1.0,,,,http://www.wikidata.org/entity/Q7970362,"('41.027431', '28.956755')"
4237,,40.988628,28.920822,Marble Tower,,D,blue,,,tourist attraction,,Point(28.920822 40.988628),5.024,http://www.wikidata.org/entity/Q116046933,1.0,,,,http://www.wikidata.org/entity/Q570116,"('40.988628', '28.920822')"
4239,,41.0198232,28.9583945,Zeyrek Cistern,,D,blue,,,cistern,,Point(28.9583945 41.0198232),2.094,http://www.wikidata.org/entity/Q116142628,1.0,,,,http://www.wikidata.org/entity/Q838858,"('41.0198232', '28.9583945')"
4240,,41.040629662989,28.949154038919,Hasköy Pier,,D,blue,,,wharf,,Point(28.949154038 41.040629662),4.419,http://www.wikidata.org/entity/Q116163897,1.0,,,,http://www.wikidata.org/entity/Q828909,"('41.040629662989', '28.949154038919')"
4242,,41.0300522,28.9487076,Tevkii Cafer Mektebi Sokağı Duvar Çeşmesi,,D,blue,,,fountain,,Point(28.9487057 41.0300865),3.484,http://www.wikidata.org/entity/Q116207613,1.0,,,,http://www.wikidata.org/entity/Q483453,"('41.0300522', '28.9487076')"
4246,,41.016766,28.958898,Kemer Aynalı Fountain,,D,blue,,,fountain,,Point(28.958898 41.016766),1.833,http://www.wikidata.org/entity/Q116208226,1.0,,,,http://www.wikidata.org/entity/Q483453,"('41.016766', '28.958898')"
4247,,41.036119,28.988248,Ayaspaşa Cemetery,,D,blue,,,cemetery,,Point(28.988248 41.036119),3.466,http://www.wikidata.org/entity/Q116474455,1.0,,,,http://www.wikidata.org/entity/Q39614,"('41.036119', '28.988248')"
4248,,41.12233,28.99187,Ayazağa Cemetery,,D,blue,,,cemetery,,Point(28.99187 41.12233),12.962,http://www.wikidata.org/entity/Q116474567,1.0,,,,http://www.wikidata.org/entity/Q39614,"('41.12233', '28.99187')"
4249,,41.059482930556,29.09027715,Hekimbaşı Cemetery,,D,blue,,,cemetery,,Point(29.09027715 41.05948293),11.267,http://www.wikidata.org/entity/Q116474755,1.0,,,,http://www.wikidata.org/entity/Q39614,"('41.059482930556', '29.09027715')"
4250,,41.081960588889,29.074954619444,Anadolu Hisarı Cemetery,,D,blue,,,cemetery,,Point(29.074954619 41.081960588),11.818,http://www.wikidata.org/entity/Q116483834,1.0,,,,http://www.wikidata.org/entity/Q39614,"('41.081960588889', '29.074954619444')"
4251,,41.059657,29.018622,Ortaköy Cemetery,,D,blue,,,cemetery,,Point(29.018622 41.059657),6.924,http://www.wikidata.org/entity/Q116487559,1.0,,,,http://www.wikidata.org/entity/Q39614,"('41.059657', '29.018622')"
4252,,41.045460619444,29.116553330556,Ümraniye Kocatepe Cemetery,,D,blue,,,cemetery,,Point(29.11655333 41.045460619),12.575,http://www.wikidata.org/entity/Q116488123,1.0,,,,http://www.wikidata.org/entity/Q39614,"('41.045460619444', '29.116553330556')"
4253,,41.030694519444,29.1435586,Ihlamurkuyu Cemetery,,D,blue,,,cemetery,,Point(29.1435586 41.030694519),14.325,http://www.wikidata.org/entity/Q116508090,1.0,,,,http://www.wikidata.org/entity/Q39614,"('41.030694519444', '29.1435586')"
4254,,41.00038,29.04559,Acıbadem Jewish Cemetery,,D,blue,,,military cemetery,,Point(29.04559 41.00038),5.888,http://www.wikidata.org/entity/Q116508507,1.0,,,,http://www.wikidata.org/entity/Q1241568,"('41.00038', '29.04559')"
4256,,41.0042877,28.9829731,Tower of Belisarius,,D,blue,,,destroyed building or structure,,Point(28.9829731 41.0042877),0.64,http://www.wikidata.org/entity/Q116680660,1.0,,,,http://www.wikidata.org/entity/Q19860854,"('41.0042877', '28.9829731')"
4258,,41.03388,28.96092,Taşkızak Naval Shipyard,,D,blue,,,shipyard,,Point(28.96092 41.03388),3.305,http://www.wikidata.org/entity/Q116922394,1.0,,,https://en.wikipedia.org/wiki/Ta%C5%9Fk%C4%B1zak_Naval_Shipyard,http://www.wikidata.org/entity/Q190928,"('41.03388', '28.96092')"
4259,,41.003611111111,29.071111111111,Emaar Square,,D,blue,,,building complex,,Point(29.071111111 41.003611111),7.997,http://www.wikidata.org/entity/Q116974427,1.0,,,,http://www.wikidata.org/entity/Q1497364,"('41.003611111111', '29.071111111111')"
4260,,41.047920683316,28.932772059799,Eyüpsultan Tomb Bath Museum,,D,blue,,,museum,,Point(28.932772059 41.047920683),5.865,http://www.wikidata.org/entity/Q117012206,1.0,,,,http://www.wikidata.org/entity/Q33506,"('41.047920683316', '28.932772059799')"
4261,,41.066439475814,28.94659501203,Santralistanbul Energy Museum,,D,blue,,,private museum,,Point(28.946595012 41.066439475),7.115,http://www.wikidata.org/entity/Q117012211,1.0,,,,http://www.wikidata.org/entity/Q614316,"('41.066439475814', '28.94659501203')"
4263,,41.04327,28.99605,Maçka Cemetery,,D,blue,,,cemetery,,Point(28.99605 41.04327),4.437,http://www.wikidata.org/entity/Q117233704,1.0,,,,http://www.wikidata.org/entity/Q39614,"('41.04327', '28.99605')"
4265,,41.022521492047,28.974636822123,Karaköy Transfer Center,,D,blue,,,interchange station,,Point(28.974636822 41.022521492),1.798,http://www.wikidata.org/entity/Q117459682,1.0,,,,http://www.wikidata.org/entity/Q1147171,"('41.022521492047', '28.974636822123')"
4266,,41.022369828763,29.048107331678,Altunizade Transfer Center,,D,blue,,,interchange station,,Point(29.048107331 41.022369828),6.316,http://www.wikidata.org/entity/Q117459690,1.0,,,,http://www.wikidata.org/entity/Q1147171,"('41.022369828763', '29.048107331678')"
4267,,41.0346146,29.0313416,Q117462996,,D,blue,,,orchard,,Point(29.0313416 41.0346146),5.613,http://www.wikidata.org/entity/Q117462996,1.0,,,,http://www.wikidata.org/entity/Q236371,"('41.0346146', '29.0313416')"
4268,,41.072936,29.011548,Istanbloom,,D,blue,,,skyscraper,,Point(29.011548 41.072936),7.982,http://www.wikidata.org/entity/Q117800163,1.0,,,,http://www.wikidata.org/entity/Q11303,"('41.072936', '29.011548')"
4269,,41.006489,28.921771,Q118133682,,D,blue,,,tomb,,Point(28.921771 41.006489),4.539,http://www.wikidata.org/entity/Q118133682,1.0,,,,http://www.wikidata.org/entity/Q381885,"('41.006489', '28.921771')"
4270,,41.0138283,28.9696445,Giritli Mustafa Paşa Hanı,,D,blue,,,shopping arcade,,Point(28.9696445 41.0138283),0.979,http://www.wikidata.org/entity/Q118175365,1.0,,,,http://www.wikidata.org/entity/Q97495053,"('41.0138283', '28.9696445')"
4271,,41.023398,29.014374,Şehzade Mustafa Fountain,,D,blue,,,fountain,,Point(29.014374 41.023398),3.744,http://www.wikidata.org/entity/Q118312607,1.0,,,,http://www.wikidata.org/entity/Q483453,"('41.023398', '29.014374')"
4272,,41.0425,29.04,Q118372219,,D,blue,,,palace,,Point(29.04 41.0425),6.713,http://www.wikidata.org/entity/Q118372219,1.0,,,,http://www.wikidata.org/entity/Q16560,"('41.0425', '29.04')"
4273,,41.026539,28.933154,Neslişah Mosque,,D,blue,,,mosque,,Point(28.933154 41.026539),4.227,http://www.wikidata.org/entity/Q118402596,1.0,,,,http://www.wikidata.org/entity/Q32815,"('41.026539', '28.933154')"
4274,,41.024881,28.93639,Karagümrük Gül Baba Türbesi,,D,blue,,,grave,,Point(28.93639 41.024881),3.899,http://www.wikidata.org/entity/Q118402800,1.0,,,,http://www.wikidata.org/entity/Q173387,"('41.024881', '28.93639')"
4276,,41.026519,28.935987,Sofalı Fountain (Karagümrük),,D,blue,,,fountain,,Point(28.935987 41.026519),4.026,http://www.wikidata.org/entity/Q118405541,1.0,,,,http://www.wikidata.org/entity/Q483453,"('41.026519', '28.935987')"
4277,,41.028955273885,28.935503340375,Q118495812,,D,blue,,,fountain,,Point(28.93550334 41.028955273),4.215,http://www.wikidata.org/entity/Q118495812,1.0,,,,http://www.wikidata.org/entity/Q483453,"('41.028955273885', '28.935503340375')"
4278,,41.026527777778,28.936,Sofalı Fountain,,D,blue,,,fountain,,Point(28.936 41.026527777),4.026,http://www.wikidata.org/entity/Q118595269,1.0,,,,http://www.wikidata.org/entity/Q483453,"('41.026527777778', '28.936')"
4279,,41.018805555556,28.969111111111,Q118597411,,D,blue,,,dungeon,,Point(28.969111111 41.018805555),1.493,http://www.wikidata.org/entity/Q118597411,1.0,,,,http://www.wikidata.org/entity/Q89753,"('41.018805555556', '28.969111111111')"
4281,,41.025647314775,28.931648700182,Fatih Spor Kompleksi,,D,blue,,,sports venue,,Point(28.9316487 41.025647314),4.284,http://www.wikidata.org/entity/Q118928402,1.0,,,,http://www.wikidata.org/entity/Q1076486,"('41.025647314775', '28.931648700182')"
4282,,41.032472527021,28.975851457925,Maya Art Galery,,D,blue,,,art gallery,,Point(28.975851457 41.032472527),2.901,http://www.wikidata.org/entity/Q118929293,1.0,,,,http://www.wikidata.org/entity/Q1007870,"('41.032472527021', '28.975851457925')"
4283,,41.0455399,28.9359493,Ahmed Pir Edirnevi Tomb,,D,blue,,,türbe,,Point(28.9359493 41.0455399),5.493,http://www.wikidata.org/entity/Q118929317,1.0,,,,http://www.wikidata.org/entity/Q838159,"('41.0455399', '28.9359493')"
4284,,41.012638888889,28.966972222222,Caferiye Han,,D,blue,,,shopping arcade,,Point(28.966972222 41.012638888),1.021,http://www.wikidata.org/entity/Q118929814,1.0,,,,http://www.wikidata.org/entity/Q97495053,"('41.012638888889', '28.966972222222')"
4286,,41.043944444444,28.995805555556,Q118930034,,D,blue,,,police station,,Point(28.995805555 41.043944444),4.499,http://www.wikidata.org/entity/Q118930034,1.0,,,,http://www.wikidata.org/entity/Q861951,"('41.043944444444', '28.995805555556')"
4287,,41.133081,28.94168,Kemerburgaz Metin Oktay Facilities,,D,blue,,,sports venue,,Point(28.941916666 41.132888888),14.351,http://www.wikidata.org/entity/Q118942511,1.0,,,,http://www.wikidata.org/entity/Q1076486,"('41.133081', '28.94168')"
4295,,41.024472222222,28.979416666667,Fransız Pass,,D,blue,,,shopping arcade,,Point(28.979416666 41.024472222),2.033,http://www.wikidata.org/entity/Q118946485,1.0,,,,http://www.wikidata.org/entity/Q97495053,"('41.024472222222', '28.979416666667')"
4296,,40.9704132,29.0840015,Seyyid Paşa Fountain,,D,blue,,,fountain,,Point(29.0840015 40.9704132),9.918,http://www.wikidata.org/entity/Q118946857,1.0,,,,http://www.wikidata.org/entity/Q483453,"('40.9704132', '29.0840015')"
4297,,41.0061188,28.9521389,Q118947907,,D,blue,,,shipwreck,,Point(28.9521389 41.0061188),1.992,http://www.wikidata.org/entity/Q118947907,1.0,,,,http://www.wikidata.org/entity/Q852190,"('41.0061188', '28.9521389')"
4298,,41.008007,29.0206337,Q118957282,,D,blue,,,school building,,Point(29.0206337 41.008007),3.76,http://www.wikidata.org/entity/Q118957282,1.0,,,,http://www.wikidata.org/entity/Q1244442,"('41.008007', '29.0206337')"
4299,,41.04078,29.0474,Küplüce Cemetery,,D,blue,,,cemetery,,Point(29.0474 41.04078),7.116,http://www.wikidata.org/entity/Q119157658,1.0,,,,http://www.wikidata.org/entity/Q39614,"('41.04078', '29.0474')"
4300,,41.035805,28.981629,Bigudi Club,,D,blue,,,lesbian bar,,Point(28.981629 41.035805),3.307,http://www.wikidata.org/entity/Q119175581,1.0,,,https://en.wikipedia.org/wiki/Bigudi_Club,http://www.wikidata.org/entity/Q30324198,"('41.035805', '28.981629')"
4303,,41.03725,28.966027777778,Abdi Kaptan Fountain,,D,blue,,,fountain,,Point(28.966027777 41.03725),3.53,http://www.wikidata.org/entity/Q119439395,1.0,,,,http://www.wikidata.org/entity/Q483453,"('41.03725', '28.966027777778')"
4304,,41.040861111111,28.973833333333,Hacı Ahmed Mosque,,D,blue,,,architectural structure,,Point(28.973833333 41.040861111),3.838,http://www.wikidata.org/entity/Q119500388,1.0,,,,http://www.wikidata.org/entity/Q811979,"('41.040861111111', '28.973833333333')"
4307,,41.03469,28.92759,Sakızağacı Cemetery,,D,blue,,,military cemetery,,Point(28.92759 41.03469),5.13,http://www.wikidata.org/entity/Q119704322,1.0,,,,http://www.wikidata.org/entity/Q1241568,"('41.03469', '28.92759')"
4309,,41.035439188338,28.926361416586,Edirnekapı Air Martyrs' Cemetery,,D,blue,,,military cemetery,,Point(28.926361416 41.035439188),5.262,http://www.wikidata.org/entity/Q119705212,1.0,,,,http://www.wikidata.org/entity/Q1241568,"('41.035439188338', '28.926361416586')"
4311,,41.035134201872,28.927123881748,Turkish Airlines Martyrs' Cemetery,,D,blue,,,cemetery,,Point(28.927123881 41.035134201),5.191,http://www.wikidata.org/entity/Q119705281,1.0,,,,http://www.wikidata.org/entity/Q39614,"('41.035134201872', '28.927123881748')"
4312,,41.029396777471,28.970475085577,Ayni Ali Baba Tekkesi,,D,blue,,,Sufi lodge,,Point(28.970475085 41.029396777),2.599,http://www.wikidata.org/entity/Q119726876,1.0,,,,http://www.wikidata.org/entity/Q833913,"('41.029396777471', '28.970475085577')"
4313,,41.03001928527,28.969604497855,Q119727091,,D,blue,,,hazire,,Point(28.969604497 41.030019285),2.68,http://www.wikidata.org/entity/Q119727091,1.0,,,,http://www.wikidata.org/entity/Q6034438,"('41.03001928527', '28.969604497855')"
4315,,41.030562082696,28.969270525783,Q119727309,,D,blue,,,historic site,,Point(28.969270525 41.030562082),2.745,http://www.wikidata.org/entity/Q119727309,1.0,,,,http://www.wikidata.org/entity/Q1081138,"('41.030562082696', '28.969270525783')"
4316,,41.030014477497,28.968812612923,Q119727418,,D,blue,,,historic site,,Point(28.968812612 41.030014477),2.694,http://www.wikidata.org/entity/Q119727418,1.0,,,,http://www.wikidata.org/entity/Q1081138,"('41.030014477497', '28.968812612923')"
4318,,41.0312271,28.9680882,Kalyoncu Barracks,,D,blue,,,barracks,,Point(28.9680882 41.0312271),2.839,http://www.wikidata.org/entity/Q119729155,1.0,,,,http://www.wikidata.org/entity/Q131263,"('41.0312271', '28.9680882')"
4319,,41.033195987181,28.96808587326,Feyzullah Efendi Fountain (Kasımpaşa,,D,blue,,,fountain,,Point(28.968085873 41.033195987),3.052,http://www.wikidata.org/entity/Q119733550,1.0,,,,http://www.wikidata.org/entity/Q483453,"('41.033195987181', '28.96808587326')"
4320,,40.966027777778,29.069805555556,Galib Paşa Mosque Fountain,,D,blue,,,fountain,,Point(29.069805555 40.966027777),9.072,http://www.wikidata.org/entity/Q119767371,1.0,,,,http://www.wikidata.org/entity/Q483453,"('40.966027777778', '29.069805555556')"
4322,,41.0323334,28.9658985,Cezayirli Gazi Hasan Paşa Primary School,,D,blue,,,primary school,,Point(28.9658985 41.0323334),3.004,http://www.wikidata.org/entity/Q119790640,1.0,,,,http://www.wikidata.org/entity/Q9842,"('41.0323334', '28.9658985')"
4323,,41.03325813948,28.9656687132,Akbaba Türbesi,,D,blue,,,türbe,,Point(28.965668713 41.033258139),3.109,http://www.wikidata.org/entity/Q119791698,1.0,,,,http://www.wikidata.org/entity/Q838159,"('41.03325813948', '28.9656687132')"
4324,,41.036638888889,28.963694444444,Saçlı Emir Lodge,,D,blue,,,Sufi lodge,,Point(28.963694444 41.036638888),3.516,http://www.wikidata.org/entity/Q119805754,1.0,,,,http://www.wikidata.org/entity/Q833913,"('41.036638888889', '28.963694444444')"
4325,,41.039083333333,28.96225,Kulaksız Baths,,D,blue,,,hammam,,Point(28.96225 41.039083333),3.811,http://www.wikidata.org/entity/Q119841563,1.0,,,,http://www.wikidata.org/entity/Q28077,"('41.039083333333', '28.96225')"
4326,,41.0102348,28.9667416,Bodrum Han,,D,blue,,,caravanserai,,Point(28.9667416 41.0102348),0.878,http://www.wikidata.org/entity/Q119908626,1.0,,,,http://www.wikidata.org/entity/Q186347,"('41.0102348', '28.9667416')"
4328,,41.043856285624,28.937262655863,Artistanbul Feshane,,D,blue,,,arts district,,Point(28.937262655 41.043856285),5.277,http://www.wikidata.org/entity/Q119911884,1.0,,,,http://www.wikidata.org/entity/Q1797194,"('41.043856285624', '28.937262655863')"
4331,,41.00491,28.97786,Arasta Bazaar,,D,blue,,,market,,Point(28.97786 41.00491),0.234,http://www.wikidata.org/entity/Q120829207,1.0,,,,http://www.wikidata.org/entity/Q132510,"('41.00491', '28.97786')"
4333,,41.0096779,28.9798145,İstanbul Library,,D,blue,,,library,,Point(28.9798145 41.0096779),0.494,http://www.wikidata.org/entity/Q120966817,1.0,,,,http://www.wikidata.org/entity/Q7075,"('41.0096779', '28.9798145')"
4334,,41.023148,28.960141,Emir Buhari Tekkesi,,D,blue,,,Sufi lodge,,Point(28.960141 41.023148),2.284,http://www.wikidata.org/entity/Q121411158,1.0,,,,http://www.wikidata.org/entity/Q833913,"('41.023148', '28.960141')"
4335,,41.027390006519,28.955787678771,Sirkeci Dede Türbesi,,D,blue,,,türbe,,Point(28.955787678 41.027390006),2.88,http://www.wikidata.org/entity/Q121423006,1.0,,,,http://www.wikidata.org/entity/Q838159,"('41.027390006519', '28.955787678771')"
4336,,41.0276604,28.9559669,Aya Dede Türbesi,,D,blue,,,türbe,,Point(28.9559669 41.0276604),2.896,http://www.wikidata.org/entity/Q121423053,1.0,,,,http://www.wikidata.org/entity/Q838159,"('41.0276604', '28.9559669')"
4337,,41.0392647,28.9413815,Hz. Tomb of Abu Shaybah Al-Khudri,,D,blue,,,türbe,,Point(28.9413815 41.0392647),4.663,http://www.wikidata.org/entity/Q122051242,1.0,,,,http://www.wikidata.org/entity/Q838159,"('41.0392647', '28.9413815')"
4338,,41.036442,28.939388,Eğri Kapı,,D,blue,,,city gate,,Point(28.939388 41.036442),4.532,http://www.wikidata.org/entity/Q122051355,1.0,,,,http://www.wikidata.org/entity/Q82117,"('41.036442', '28.939388')"
4339,,41.0327263,28.9682941,Cezayirli Gazi Hasan Paşa Mosque,,D,blue,,,architectural structure,,Point(28.9682941 41.0327263),2.998,http://www.wikidata.org/entity/Q122094589,1.0,,,,http://www.wikidata.org/entity/Q811979,"('41.0327263', '28.9682941')"
4342,,41.044557403244,28.936340288664,Tomb of Şah Sultan,,D,blue,,,türbe,,Point(28.936340288 41.044557403),5.387,http://www.wikidata.org/entity/Q122195565,1.0,,,,http://www.wikidata.org/entity/Q838159,"('41.044557403244', '28.936340288664')"
4343,,41.003398432877,28.929594279885,Kocamustafapaşa Primary School,,D,blue,,,primary school,,Point(28.929594279 41.003398432),3.897,http://www.wikidata.org/entity/Q122382714,1.0,,,,http://www.wikidata.org/entity/Q9842,"('41.003398432877', '28.929594279885')"
4344,,41.021635790485,28.952986001657,Gelenbevi Anatolian High School,,D,blue,,,secondary school,,Point(28.952986001 41.02163579),2.562,http://www.wikidata.org/entity/Q122389113,1.0,,,,http://www.wikidata.org/entity/Q159334,"('41.021635790485', '28.952986001657')"
4347,,41.0089645,28.9754868,Q122462883,,D,blue,,,apartment,,Point(28.9754868 41.0089645),0.289,http://www.wikidata.org/entity/Q122462883,1.0,,,,http://www.wikidata.org/entity/Q188507,"('41.0089645', '28.9754868')"
4348,,41.021086734941,28.927908655458,Gazi Ahmed Paşa Ottoman School,,D,blue,,,historic building,,Point(28.927908655 41.021086734),4.344,http://www.wikidata.org/entity/Q122705970,1.0,,,,http://www.wikidata.org/entity/Q35112127,"('41.021086734941', '28.927908655458')"
4349,,41.021007310502,28.928146000702,Gazi Ahmet Pasha Tomb,,D,blue,,,türbe,,Point(28.928146 41.02100731),4.322,http://www.wikidata.org/entity/Q122706523,1.0,,,,http://www.wikidata.org/entity/Q838159,"('41.021007310502', '28.928146000702')"
4350,,41.0836143,29.0533276,Washburn Hall,,D,blue,,,school building,,Point(29.0533276 41.0836143),10.767,http://www.wikidata.org/entity/Q122840338,1.0,,,,http://www.wikidata.org/entity/Q1244442,"('41.0836143', '29.0533276')"
4351,,41.02651,29.01621,Mihrimah Sultan Ottoman School,,D,blue,,,historic building,,Point(29.01621 41.02651),4.057,http://www.wikidata.org/entity/Q122966445,1.0,,,,http://www.wikidata.org/entity/Q35112127,"('41.02651', '29.01621')"
4352,,41.045663227304,29.017468077446,Hacı Mahmut Efendi Library,,D,blue,,,historic building,,Point(29.017468077 41.045663227),5.59,http://www.wikidata.org/entity/Q122978920,1.0,,,,http://www.wikidata.org/entity/Q35112127,"('41.045663227304', '29.017468077446')"
4353,,41.045806841228,29.017663627853,Hamidiye Fountain,,D,blue,,,fountain,,Point(29.017663627 41.045806841),5.613,http://www.wikidata.org/entity/Q122979130,1.0,,,,http://www.wikidata.org/entity/Q483453,"('41.045806841228', '29.017663627853')"
4354,,41.04569,29.01804,Güzelce Ali Paşa Türbesi,,D,blue,,,türbe,,Point(29.01804 41.04569),5.623,http://www.wikidata.org/entity/Q122980110,1.0,,,,http://www.wikidata.org/entity/Q838159,"('41.04569', '29.01804')"
4355,,41.0457237,29.0179492,Yahya Efendi Mosque,,D,blue,,,mosque,,Point(29.0179492 41.0457237),5.621,http://www.wikidata.org/entity/Q122980173,1.0,,,,http://www.wikidata.org/entity/Q32815,"('41.0457237', '29.0179492')"
4356,,41.04428,29.01515,Q122987748,,D,blue,,,route,,Point(29.01515 41.04428),5.349,http://www.wikidata.org/entity/Q122987748,1.0,,,,http://www.wikidata.org/entity/Q83620,"('41.04428', '29.01515')"
4357,,41.013858,28.956079,Ayşe Sultan Fountain,,D,blue,,,fountain,,Point(28.956079 41.013858),1.857,http://www.wikidata.org/entity/Q123038582,1.0,,,,http://www.wikidata.org/entity/Q483453,"('41.013858', '28.956079')"
4358,,41.04647,29.01836,Matbah-ı Şerif,,D,blue,,,historic building,,Point(29.01836 41.04647),5.707,http://www.wikidata.org/entity/Q123046850,1.0,,,,http://www.wikidata.org/entity/Q35112127,"('41.04647', '29.01836')"
4359,,41.04585,29.01724,Yahya Efendi Street,,D,blue,,,street,,Point(29.01724 41.04585),5.595,http://www.wikidata.org/entity/Q123047624,1.0,,,,http://www.wikidata.org/entity/Q79007,"('41.04585', '29.01724')"
4360,,41.02897,28.95223,Q123237692,,D,blue,,,fountain,,Point(28.95223 41.02897),3.2,http://www.wikidata.org/entity/Q123237692,1.0,,,,http://www.wikidata.org/entity/Q483453,"('41.02897', '28.95223')"
4361,,41.02855,28.95293,Grigorios Maraslis houses,,D,blue,,,historic building,,Point(28.95293 41.02855),3.127,http://www.wikidata.org/entity/Q123237936,1.0,,,,http://www.wikidata.org/entity/Q35112127,"('41.02855', '28.95293')"
4362,,41.01417,28.97488,Philately and Stamp Gallery,,D,blue,,,art gallery,,Point(28.97488 41.01417),0.87,http://www.wikidata.org/entity/Q123238052,1.0,,,,http://www.wikidata.org/entity/Q1007870,"('41.01417', '28.97488')"
4363,,41.040888888889,28.955361111111,Keçeci Piri Mosque,,D,blue,,,architectural structure,,Point(28.955361111 41.040888888),4.205,http://www.wikidata.org/entity/Q123361827,1.0,,,,http://www.wikidata.org/entity/Q811979,"('41.040888888889', '28.955361111111')"
4366,,41.024581,29.014693,Gülnuş Emetullah Valide Sultan Fountain,,D,blue,,,fountain,,Point(29.015227776 41.024834104),3.887,http://www.wikidata.org/entity/Q123386090,1.0,,,,http://www.wikidata.org/entity/Q483453,"('41.024581', '29.014693')"
4370,,41.017611111111,28.928027777778,Ali Bey Fountain,,D,blue,,,fountain,,Point(28.928027777 41.017611111),4.204,http://www.wikidata.org/entity/Q123399293,1.0,,,,http://www.wikidata.org/entity/Q483453,"('41.017611111111', '28.928027777778')"
4371,,41.033478,28.970847,Silahtar Yakup Ağa Fountain,,D,blue,,,fountain,,Point(28.970847 41.033478),3.042,http://www.wikidata.org/entity/Q123562023,1.0,,,,http://www.wikidata.org/entity/Q483453,"('41.033478', '28.970847')"
4375,,41.035027777778,28.981944444444,Büyük Zarifi Apartmanı,,D,blue,,,apartment,,Point(28.981944444 41.035027777),3.226,http://www.wikidata.org/entity/Q123562469,1.0,,,,http://www.wikidata.org/entity/Q188507,"('41.035027777778', '28.981944444444')"
4376,,41.04121102693,28.939499148087,Q123564003,,D,blue,,,fountain,,Point(28.939499148 41.041211026),4.93,http://www.wikidata.org/entity/Q123564003,1.0,,,,http://www.wikidata.org/entity/Q483453,"('41.04121102693', '28.939499148087')"
4382,,41.034524,29.078847,Bosna Bulvarı,,D,blue,,,last station,,Point(29.078847 41.034524),9.188,http://www.wikidata.org/entity/Q124169932,1.0,,,,http://www.wikidata.org/entity/Q11606300,"('41.034524', '29.078847')"
4384,,41.008389,28.969971,Atik Ali Paşa Medresesi,,D,blue,,,madrasa,,Point(28.969971 41.008389),0.543,http://www.wikidata.org/entity/Q124259393,1.0,,,,http://www.wikidata.org/entity/Q132834,"('41.008389', '28.969971')"
4385,,41.001434,28.932498,Abdi Çelebi Mosque,,D,blue,,,architectural structure,,Point(28.932498 41.001434),3.681,http://www.wikidata.org/entity/Q124261549,1.0,,,,http://www.wikidata.org/entity/Q811979,"('41.001434', '28.932498')"
4388,,41.0435,28.995666666667,Q124312923,,D,blue,,,sculpture,,Point(28.995666666 41.0435),4.449,http://www.wikidata.org/entity/Q124312923,1.0,,,,http://www.wikidata.org/entity/Q860861,"('41.0435', '28.995666666667')"
4389,,41.027583333333,28.972111111111,Q124313041,,D,blue,,,sculpture,,Point(28.972111111 41.027583333),2.378,http://www.wikidata.org/entity/Q124313041,1.0,,,,http://www.wikidata.org/entity/Q860861,"('41.027583333333', '28.972111111111')"
4390,,41.027222222222,28.978194444444,Q124327494,,D,blue,,,apartment,,Point(28.978194444 41.027222222),2.326,http://www.wikidata.org/entity/Q124327494,1.0,,,,http://www.wikidata.org/entity/Q188507,"('41.027222222222', '28.978194444444')"
4391,,41.029111111111,28.984638888889,İlyas Çelebi Street No. 31,,D,blue,,,pavilion,,Point(28.984638888 41.029111111),2.632,http://www.wikidata.org/entity/Q124350961,1.0,,,,http://www.wikidata.org/entity/Q276173,"('41.029111111111', '28.984638888889')"
4393,,41.008049,28.97805,Hacı Beşir Ağa Fountain,,D,blue,,,fountain,,Point(28.97805 41.008049),0.26,http://www.wikidata.org/entity/Q124365692,1.0,,,,http://www.wikidata.org/entity/Q483453,"('41.008049', '28.97805')"
4397,,41.019194444444,28.954944444444,Hacı Eyüpzade Şükrü Bey Fountain,,D,blue,,,fountain,,Point(28.954944444 41.019194444),2.261,http://www.wikidata.org/entity/Q124366525,1.0,,,,http://www.wikidata.org/entity/Q483453,"('41.019194444444', '28.954944444444')"
4398,,41.011222222222,28.951277777778,Hasan Paşa Fountain,,D,blue,,,fountain,,Point(28.951277777 41.011222222),2.133,http://www.wikidata.org/entity/Q124366539,1.0,,,,http://www.wikidata.org/entity/Q483453,"('41.011222222222', '28.951277777778')"
4399,,41.009055555556,28.978583333333,Q124366939,,D,blue,,,fountain,,Point(28.978583333 41.009055555),0.374,http://www.wikidata.org/entity/Q124366939,1.0,,,,http://www.wikidata.org/entity/Q483453,"('41.009055555556', '28.978583333333')"
4400,,41.035694444444,28.970277777778,Fezahat Usta Fountain,,D,blue,,,fountain,,Point(28.970277777 41.035694444),3.293,http://www.wikidata.org/entity/Q124367028,1.0,,,,http://www.wikidata.org/entity/Q483453,"('41.035694444444', '28.970277777778')"
4401,,41.016,28.949361111111,Q124378120,,D,blue,,,fountain,,Point(28.949361111 41.016),2.468,http://www.wikidata.org/entity/Q124378120,1.0,,,,http://www.wikidata.org/entity/Q483453,"('41.016', '28.949361111111')"
4402,,41.031583333333,28.9485,Halil Ağa Fountain,,D,blue,,,fountain,,Point(28.9485 41.031583333),3.623,http://www.wikidata.org/entity/Q124378162,1.0,,,,http://www.wikidata.org/entity/Q483453,"('41.031583333333', '28.9485')"
4403,,41.014777777778,28.927777777778,Q124378188,,D,blue,,,fountain,,Point(28.927777777 41.014777777),4.142,http://www.wikidata.org/entity/Q124378188,1.0,,,,http://www.wikidata.org/entity/Q483453,"('41.014777777778', '28.927777777778')"
4404,,41.032361111111,28.981194444444,Q124390802,,D,blue,,,house,,Point(28.981194444 41.032361111),2.923,http://www.wikidata.org/entity/Q124390802,1.0,,,,http://www.wikidata.org/entity/Q3947,"('41.032361111111', '28.981194444444')"
4405,,41.04404001968,29.003220047764,Beşiktaş Hammam,,D,blue,,,hammam,,Point(29.003220047 41.044040019),4.775,http://www.wikidata.org/entity/Q124413393,1.0,,,,http://www.wikidata.org/entity/Q28077,"('41.04404001968', '29.003220047764')"
4409,,41.013425,28.961196,Sefer Ağa Fountain,,D,blue,,,fountain,,Point(28.961196 41.013425),1.459,http://www.wikidata.org/entity/Q124415790,1.0,,,,http://www.wikidata.org/entity/Q483453,"('41.013425', '28.961196')"
4410,,41.028027777778,28.972333333333,Ferah Apartmanı,,D,blue,,,apartment,,Point(28.972333333 41.028027777),2.425,http://www.wikidata.org/entity/Q124448482,1.0,,,,http://www.wikidata.org/entity/Q188507,"('41.028027777778', '28.972333333333')"
4411,,41.013119444444,28.9848,Third Courtyard of Topkapı Palace,,D,blue,,,courtyard,,Point(28.9848 41.013119444),1.06,http://www.wikidata.org/entity/Q124628427,1.0,,,,http://www.wikidata.org/entity/Q309250,"('41.013119444444', '28.9848')"
4412,,41.026361111111,28.974583333333,Barok Müzik (Beyoğlu),,D,blue,,,shop,,Point(28.974583333 41.026361111),2.224,http://www.wikidata.org/entity/Q124693270,1.0,,,,http://www.wikidata.org/entity/Q213441,"('41.026361111111', '28.974583333333')"
4413,,41.098611111111,29.065111111111,Türker İnanoğlu Yalısı,,D,blue,,,yalı,,Point(29.065111111 41.098611111),12.695,http://www.wikidata.org/entity/Q124803104,1.0,,,,http://www.wikidata.org/entity/Q2142647,"('41.098611111111', '29.065111111111')"
4414,,40.9917781,29.022903,Q125299505,,D,blue,,,beach,,Point(29.022903 40.9917781),4.268,http://www.wikidata.org/entity/Q125299505,1.0,,,,http://www.wikidata.org/entity/Q40080,"('40.9917781', '29.022903')"
4415,,41.071019996186,28.943562261341,Silahtarağa Youth Park,,D,blue,,,playground,,Point(28.943562261 41.071019996),7.681,http://www.wikidata.org/entity/Q125501713,1.0,,,,http://www.wikidata.org/entity/Q11875349,"('41.071019996186', '28.943562261341')"
4417,,40.958,28.82071,Abdülmecid Han Fountain,,D,blue,,,fountain,,Point(28.82071 40.958),14.091,http://www.wikidata.org/entity/Q126271316,1.0,,,,http://www.wikidata.org/entity/Q483453,"('40.958', '28.82071')"
4418,,40.958025806646,28.820691237486,Yeşilköy Bezmi Alem Mosque,,D,blue,,,mosque,,Point(28.820691237 40.958025806),14.092,http://www.wikidata.org/entity/Q126271478,1.0,,,,http://www.wikidata.org/entity/Q32815,"('40.958025806646', '28.820691237486')"
4419,,41.0106979943,28.978184145557,Q126371861,,D,blue,,,turkish military high school,,Point(28.978184145 41.010697994),0.518,http://www.wikidata.org/entity/Q126371861,1.0,,,,http://www.wikidata.org/entity/Q12808582,"('41.0106979943', '28.978184145557')"
4420,,41.005328621801,28.974511212851,Republic Museum (İstanbul),,D,blue,,,museum,,Point(28.974511212 41.005328621),0.163,http://www.wikidata.org/entity/Q126509641,1.0,,,,http://www.wikidata.org/entity/Q33506,"('41.005328621801', '28.974511212851')"
4421,,41.045610042285,29.005579941249,Hamidiye Fountain (Abbasağa),,D,blue,,,fountain,,Point(29.005579941 41.045610042),5.024,http://www.wikidata.org/entity/Q126789432,1.0,,,,http://www.wikidata.org/entity/Q483453,"('41.045610042285', '29.005579941249')"
4423,,41.022197951503,29.047566165388,Altunizade (M14),,D,blue,,,interchange station,,Point(29.047566165 41.022197951),6.267,http://www.wikidata.org/entity/Q127015128,1.0,,,,http://www.wikidata.org/entity/Q1147171,"('41.022197951503', '29.047566165388')"
4426,,40.9734306,29.0756168,Zileli Muharrem Çeşmesi,,D,blue,,,fountain,,Point(29.0756168 40.9734306),9.138,http://www.wikidata.org/entity/Q127225091,1.0,,,,http://www.wikidata.org/entity/Q483453,"('40.9734306', '29.0756168')"
4427,,41.04606,28.945419,Abdüsselam Mosque,,D,blue,,,architectural structure,,Point(28.945419 41.04606),5.098,http://www.wikidata.org/entity/Q127418085,1.0,,,,http://www.wikidata.org/entity/Q811979,"('41.04606', '28.945419')"
4429,,41.022304,28.941437,Akseki Kemalettin Mescidi,,D,blue,,,architectural structure,,Point(28.941437 41.022304),3.388,http://www.wikidata.org/entity/Q127418094,1.0,,,,http://www.wikidata.org/entity/Q811979,"('41.022304', '28.941437')"
4431,,41.021586,28.940155,Akşemseddin Mescidi,,D,blue,,,architectural structure,,Point(28.940155 41.021586),3.441,http://www.wikidata.org/entity/Q127418095,1.0,,,,http://www.wikidata.org/entity/Q811979,"('41.021586', '28.940155')"
4433,,41.001564,28.92665,Ali Fakih Mosque,,D,blue,,,architectural structure,,Point(28.92665 41.001564),4.165,http://www.wikidata.org/entity/Q127418099,1.0,,,,http://www.wikidata.org/entity/Q811979,"('41.001564', '28.92665')"
4435,,41.0298538,28.9516277,Ali Yazıcı Mosque,,D,blue,,,architectural structure,,Point(28.9516277 41.0298538),3.309,http://www.wikidata.org/entity/Q127418102,1.0,,,,http://www.wikidata.org/entity/Q811979,"('41.0298538', '28.9516277')"
4437,,41.085045,29.067607,Anadolu Hisarı Mosque,,D,blue,,,architectural structure,,Point(29.067607 41.085045),11.648,http://www.wikidata.org/entity/Q127418106,1.0,,,,http://www.wikidata.org/entity/Q811979,"('41.085045', '29.067607')"
4439,,40.9820671,28.8759384,Amine Hatun Mosque,,D,blue,,,architectural structure,,Point(28.8759384 40.9820671),8.812,http://www.wikidata.org/entity/Q127418105,1.0,,,,http://www.wikidata.org/entity/Q811979,"('40.9820671', '28.8759384')"
4441,,41.0158768,29.0218749,Arakiyeci Hacı Cafer Çelebi Mosque,,D,blue,,,architectural structure,,Point(29.0218749 41.0158768),4.002,http://www.wikidata.org/entity/Q127418109,1.0,,,,http://www.wikidata.org/entity/Q811979,"('41.0158768', '29.0218749')"
4443,,41.0070419,28.9731503,Q127418115,,D,blue,,,architectural structure,,Point(28.9731503 41.0070419),0.24,http://www.wikidata.org/entity/Q127418115,1.0,,,,http://www.wikidata.org/entity/Q811979,"('41.0070419', '28.9731503')"
4445,,41.042113,28.935841,Arpacı Hayrettin Mosque,,D,blue,,,architectural structure,,Point(28.935841 41.042113),5.202,http://www.wikidata.org/entity/Q127418112,1.0,,,,http://www.wikidata.org/entity/Q811979,"('41.042113', '28.935841')"
4447,,41.0206108,28.9608631,Atlamataşı Mosque,,D,blue,,,architectural structure,,Point(28.9608631 41.0206108),2.022,http://www.wikidata.org/entity/Q127418118,1.0,,,,http://www.wikidata.org/entity/Q811979,"('41.0206108', '28.9608631')"
4449,,41.0354118,28.9398022,Avcı Bey Mosque,,D,blue,,,architectural structure,,Point(28.9398022 41.0354118),4.424,http://www.wikidata.org/entity/Q127418119,1.0,,,,http://www.wikidata.org/entity/Q811979,"('41.0354118', '28.9398022')"
4451,,41.039803,28.934112,Aşçıbaşı Mosque (Eyüpsultan),,D,blue,,,architectural structure,,Point(28.934112 41.039803),5.107,http://www.wikidata.org/entity/Q127418116,1.0,,,,http://www.wikidata.org/entity/Q811979,"('41.039803', '28.934112')"
4454,,41.004317,28.966814,Behram Çavuş Mosque,,D,blue,,,architectural structure,,Point(28.966814 41.004317),0.794,http://www.wikidata.org/entity/Q127418140,1.0,,,,http://www.wikidata.org/entity/Q811979,"('41.004317', '28.966814')"
4456,,41.0231361,28.9735527,Bereketzade Medresesi Mosque,,D,blue,,,mosque,,Point(28.9735527 41.0231361),1.873,http://www.wikidata.org/entity/Q127418144,1.0,,,,http://www.wikidata.org/entity/Q32815,"('41.0231361', '28.9735527')"
4457,,41.011845,28.982325,Beşir Ağa Mosque,,D,blue,,,architectural structure,,Point(28.982325 41.011845),0.814,http://www.wikidata.org/entity/Q127418145,1.0,,,,http://www.wikidata.org/entity/Q811979,"('41.011845', '28.982325')"
4459,,41.0263138,29.0228748,Bülbüldere Fevziye Hatun Mosque,,D,blue,,,architectural structure,,Point(29.0228748 41.0263138),4.523,http://www.wikidata.org/entity/Q127418159,1.0,,,,http://www.wikidata.org/entity/Q811979,"('41.0263138', '29.0228748')"
4461,,41.018607,29.071455,Bulgurlu Mescidi,,D,blue,,,architectural structure,,Point(29.071455 41.018607),8.134,http://www.wikidata.org/entity/Q127418156,1.0,,,,http://www.wikidata.org/entity/Q811979,"('41.018607', '29.071455')"
4463,,41.007387,28.943339,Canbaziye Mosque,,D,blue,,,architectural structure,,Point(28.943339 41.007387),2.732,http://www.wikidata.org/entity/Q127418170,1.0,,,,http://www.wikidata.org/entity/Q811979,"('41.007387', '28.943339')"
4465,,41.0141607,28.9782385,Cezayirli Ahmet Paşa Mosque,,D,blue,,,architectural structure,,Point(28.9782385 41.0141607),0.888,http://www.wikidata.org/entity/Q127418182,1.0,,,,http://www.wikidata.org/entity/Q811979,"('41.0141607', '28.9782385')"
4467,,41.032608,28.9389973,Çakır Ağa Mosque,,D,blue,,,architectural structure,,Point(28.9389973 41.032608),4.251,http://www.wikidata.org/entity/Q127418187,1.0,,,,http://www.wikidata.org/entity/Q811979,"('41.032608', '28.9389973')"
4469,,41.019186,29.012054,Çakırcı Hasan Paşa Mosque,,D,blue,,,architectural structure,,Point(29.012054 41.019186),3.353,http://www.wikidata.org/entity/Q127418188,1.0,,,,http://www.wikidata.org/entity/Q811979,"('41.019186', '29.012054')"
4471,,41.0079765,28.9592056,Çoban Çavuş Mosque,,D,blue,,,architectural structure,,Point(28.9592056 41.0079765),1.41,http://www.wikidata.org/entity/Q127418202,1.0,,,,http://www.wikidata.org/entity/Q811979,"('41.0079765', '28.9592056')"
4473,,41.0154906,29.0689087,Çilehane Mescidi,,D,blue,,,architectural structure,,Point(29.0689087 41.0154906),7.871,http://www.wikidata.org/entity/Q127418200,1.0,,,,http://www.wikidata.org/entity/Q811979,"('41.0154906', '29.0689087')"
4475,,41.0091876,29.012872,Tahir Efendi Mosque,,D,blue,,,architectural structure,,Point(29.012872 41.0091876),3.12,http://www.wikidata.org/entity/Q127418213,1.0,,,,http://www.wikidata.org/entity/Q811979,"('41.0091876', '29.012872')"
4478,,41.006122,28.971833,Dizdariye Mosque,,D,blue,,,architectural structure,,Point(28.971833 41.006122),0.34,http://www.wikidata.org/entity/Q127418219,1.0,,,,http://www.wikidata.org/entity/Q811979,"('41.006122', '28.971833')"
4480,,41.0204926,28.948246,Efdalzade Mosque,,D,blue,,,architectural structure,,Point(28.948246 41.0204926),2.799,http://www.wikidata.org/entity/Q127418225,1.0,,,,http://www.wikidata.org/entity/Q811979,"('41.0204926', '28.948246')"
4482,,41.006662,28.969474,Emin Sinan Mosque,,D,blue,,,architectural structure,,Point(28.969474 41.006662),0.538,http://www.wikidata.org/entity/Q127418234,1.0,,,,http://www.wikidata.org/entity/Q811979,"('41.006662', '28.969474')"
4484,,41.026357,28.971043,Emekyemez Mosque,,D,blue,,,architectural structure,,Point(28.971043 41.026357),2.258,http://www.wikidata.org/entity/Q127418232,1.0,,,,http://www.wikidata.org/entity/Q811979,"('41.026357', '28.971043')"
4486,,41.0363693,28.9920292,Fatma Hatun Mosque,,D,blue,,,architectural structure,,Point(28.9920292 41.0363693),3.599,http://www.wikidata.org/entity/Q127418242,1.0,,,,http://www.wikidata.org/entity/Q811979,"('41.0363693', '28.9920292')"
4488,,41.0231347,29.0235306,Fatma Hatun Mosque,,D,blue,,,architectural structure,,Point(29.0235306 41.0231347),4.411,http://www.wikidata.org/entity/Q127418243,1.0,,,,http://www.wikidata.org/entity/Q811979,"('41.0231347', '29.0235306')"
4490,,41.013031,29.019859,Fethi Ahmet Paşa Mosque,,D,blue,,,architectural structure,,Point(29.019859 41.013031),3.764,http://www.wikidata.org/entity/Q127418245,1.0,,,,http://www.wikidata.org/entity/Q811979,"('41.013031', '29.019859')"
4492,,41.048589,28.942522,Gaysunizade Mehmet Efendi Mosque,,D,blue,,,architectural structure,,Point(28.942522 41.048589),5.464,http://www.wikidata.org/entity/Q127418251,1.0,,,,http://www.wikidata.org/entity/Q811979,"('41.048589', '28.942522')"
4494,,41.0044937,28.9764748,Güngörmez Mescidi,,D,blue,,,architectural structure,,Point(28.9764748 41.0044937),0.216,http://www.wikidata.org/entity/Q127418258,1.0,,,,http://www.wikidata.org/entity/Q811979,"('41.0044937', '28.9764748')"
4496,,41.049781,28.922254,Hacı Ali Paşa Mosque,,D,blue,,,architectural structure,,Point(28.922254 41.049781),6.596,http://www.wikidata.org/entity/Q127418261,1.0,,,,http://www.wikidata.org/entity/Q811979,"('41.049781', '28.922254')"
4498,,41.013163,28.92389,Hacı Evliya Mosque,,D,blue,,,architectural structure,,Point(28.92389 41.013163),4.426,http://www.wikidata.org/entity/Q127418265,1.0,,,,http://www.wikidata.org/entity/Q811979,"('41.013163', '28.92389')"
4500,,41.0012512,28.9237995,Hacı Hamza Mescidi,,D,blue,,,architectural structure,,Point(28.9237995 41.0012512),4.406,http://www.wikidata.org/entity/Q127418268,1.0,,,,http://www.wikidata.org/entity/Q811979,"('41.0012512', '28.9237995')"
4502,,41.014083,28.970648,Hacı Küçük Mosque,,D,blue,,,architectural structure,,Point(28.970648 41.014083),0.962,http://www.wikidata.org/entity/Q127418274,1.0,,,,http://www.wikidata.org/entity/Q811979,"('41.014083', '28.970648')"
4504,,41.049439,29.05363,Hacı Ömer Efendi Mosque,,D,blue,,,architectural structure,,Point(29.05363 41.049439),8.091,http://www.wikidata.org/entity/Q127418277,1.0,,,,http://www.wikidata.org/entity/Q811979,"('41.049439', '29.05363')"
4506,,41.05012,29.0528983,Hamdullah Paşa Mosque,,D,blue,,,architectural structure,,Point(29.0528983 41.05012),8.087,http://www.wikidata.org/entity/Q127418285,1.0,,,,http://www.wikidata.org/entity/Q811979,"('41.05012', '29.0528983')"
4508,,41.0055237,28.9376431,Haydar Kethüda Mosque,,D,blue,,,architectural structure,,Point(28.9376431 41.0055237),3.209,http://www.wikidata.org/entity/Q127418295,1.0,,,,http://www.wikidata.org/entity/Q811979,"('41.0055237', '28.9376431')"
4510,,41.0195503,28.9605064,Hızır Bey Mosque,,D,blue,,,architectural structure,,Point(28.9605064 41.0195503),1.951,http://www.wikidata.org/entity/Q127418298,1.0,,,,http://www.wikidata.org/entity/Q811979,"('41.0195503', '28.9605064')"
4512,,41.0084915,28.9735909,Hoca Rüstem Mescidi,,D,blue,,,architectural structure,,Point(28.9735909 41.0084915),0.303,http://www.wikidata.org/entity/Q127418310,1.0,,,,http://www.wikidata.org/entity/Q811979,"('41.0084915', '28.9735909')"
4514,,41.020282,28.944474,Hoca Üveys Mosque,,D,blue,,,architectural structure,,Point(28.944474 41.020282),3.054,http://www.wikidata.org/entity/Q127418311,1.0,,,,http://www.wikidata.org/entity/Q811979,"('41.020282', '28.944474')"
4516,,41.013713,28.975739,Hocapaşa Mosque,,D,blue,,,architectural structure,,Point(28.975739 41.013713),0.815,http://www.wikidata.org/entity/Q127418312,1.0,,,,http://www.wikidata.org/entity/Q811979,"('41.013713', '28.975739')"
4518,,41.008069,28.933038,Hüseyin Kethüda Sormagir Mosque,,D,blue,,,architectural structure,,Point(28.933038 41.008069),3.599,http://www.wikidata.org/entity/Q127418313,1.0,,,,http://www.wikidata.org/entity/Q811979,"('41.008069', '28.933038')"
4520,,41.0293922,28.9847012,İlyas Çelebi Mosque,,D,blue,,,architectural structure,,Point(28.9847012 41.0293922),2.664,http://www.wikidata.org/entity/Q127418319,1.0,,,,http://www.wikidata.org/entity/Q811979,"('41.0293922', '28.9847012')"
4522,,41.0030174,28.9251671,İskender Çelebi Mosque,,D,blue,,,architectural structure,,Point(28.9251671 41.0030174),4.271,http://www.wikidata.org/entity/Q127418327,1.0,,,,http://www.wikidata.org/entity/Q811979,"('41.0030174', '28.9251671')"
4524,,41.005397618777,28.978695820839,Kabasakal Mescidi,,D,blue,,,architectural structure,,Point(28.97869582 41.005397618),0.261,http://www.wikidata.org/entity/Q127418331,1.0,,,,http://www.wikidata.org/entity/Q811979,"('41.005397618777', '28.978695820839')"
4526,,41.074071,29.057991,Kandilli Mosque,,D,blue,,,architectural structure,,Point(29.057991 41.074071),10.202,http://www.wikidata.org/entity/Q127418338,1.0,,,,http://www.wikidata.org/entity/Q811979,"('41.074071', '29.057991')"
4528,,41.0228386,29.0124569,Kaptan Paşa Mosque,,D,blue,,,architectural structure,,Point(29.0124569 41.0228386),3.573,http://www.wikidata.org/entity/Q127418342,1.0,,,,http://www.wikidata.org/entity/Q811979,"('41.0228386', '29.0124569')"
4530,,41.003281,28.976678,Kapı Ağası Mahmut Ağa Mosque,,D,blue,,,architectural structure,,Point(28.976678 41.003281),0.351,http://www.wikidata.org/entity/Q127418341,1.0,,,,http://www.wikidata.org/entity/Q811979,"('41.003281', '28.976678')"
4532,,41.023121,29.016209,Kara Davut Paşa Mosque,,D,blue,,,architectural structure,,Point(29.016209 41.023121),3.862,http://www.wikidata.org/entity/Q127418347,1.0,,,,http://www.wikidata.org/entity/Q811979,"('41.023121', '29.016209')"
4534,,41.022831,28.937074,Karabaş Veli Mosque,,D,blue,,,architectural structure,,Point(28.937074 41.022831),3.734,http://www.wikidata.org/entity/Q127418345,1.0,,,,http://www.wikidata.org/entity/Q811979,"('41.022831', '28.937074')"
4536,,41.013945,28.953318,Karagöz Mosque,,D,blue,,,architectural structure,,Point(28.953318 41.013945),2.071,http://www.wikidata.org/entity/Q127418349,1.0,,,,http://www.wikidata.org/entity/Q811979,"('41.013945', '28.953318')"
4538,,41.005892,28.956613,Katip Kasım Mosque,,D,blue,,,architectural structure,,Point(28.956613 41.005892),1.617,http://www.wikidata.org/entity/Q127418359,1.0,,,,http://www.wikidata.org/entity/Q811979,"('41.005892', '28.956613')"
4540,,41.080361,29.052294,Kayalar Mosque,,D,blue,,,architectural structure,,Point(29.052294 41.080361),10.428,http://www.wikidata.org/entity/Q127418366,1.0,,,,http://www.wikidata.org/entity/Q811979,"('41.080361', '29.052294')"
4542,,41.005956,28.97077,Katip Sinan Mescidi,,D,blue,,,architectural structure,,Point(28.97077 41.005956),0.431,http://www.wikidata.org/entity/Q127418364,1.0,,,,http://www.wikidata.org/entity/Q811979,"('41.005956', '28.97077')"
4544,,40.990477,28.915273,Kazlıçeşme Fatih Mosque,,D,blue,,,architectural structure,,Point(28.915273 40.990477),5.384,http://www.wikidata.org/entity/Q127418371,1.0,,,,http://www.wikidata.org/entity/Q811979,"('40.990477', '28.915273')"
4546,,41.057214,29.053211,Kaymak Mustafa Paşa Mosque,,D,blue,,,architectural structure,,Point(29.053211 41.057214),8.604,http://www.wikidata.org/entity/Q127418368,1.0,,,,http://www.wikidata.org/entity/Q811979,"('41.057214', '29.053211')"
4548,,41.0138359,28.9368458,Abdurrahman Çelebi Mosque,,D,blue,,,architectural structure,,Point(28.9368458 41.0138359),3.378,http://www.wikidata.org/entity/Q127418369,1.0,,,,http://www.wikidata.org/entity/Q811979,"('41.0138359', '28.9368458')"
4550,,41.050949,29.054658,Kerime Hatun Mosque,,D,blue,,,architectural structure,,Point(29.054658 41.050949),8.26,http://www.wikidata.org/entity/Q127418377,1.0,,,,http://www.wikidata.org/entity/Q811979,"('41.050949', '29.054658')"
4552,,41.015219,29.011945,Küçük İhsaniye Mosque,,D,blue,,,architectural structure,,Point(29.011945 41.015219),3.182,http://www.wikidata.org/entity/Q127418395,1.0,,,,http://www.wikidata.org/entity/Q811979,"('41.015219', '29.011945')"
4554,,41.0369357,29.0305486,Kuzguncuk Mosque,,D,blue,,,architectural structure,,Point(29.0305486 41.0369357),5.708,http://www.wikidata.org/entity/Q127418393,1.0,,,,http://www.wikidata.org/entity/Q811979,"('41.0369357', '29.0305486')"
4556,,41.0129018,29.0175434,Küçük Selimiye Mosque,,D,blue,,,architectural structure,,Point(29.0175434 41.0129018),3.571,http://www.wikidata.org/entity/Q127418396,1.0,,,,http://www.wikidata.org/entity/Q811979,"('41.0129018', '29.0175434')"
4559,,40.9942932,28.9244518,Kürkçübaşı Hacı Hüseyin Ağa Mosque,,D,blue,,,architectural structure,,Point(28.9244518 40.9942932),4.519,http://www.wikidata.org/entity/Q127418400,1.0,,,,http://www.wikidata.org/entity/Q811979,"('40.9942932', '28.9244518')"
4561,,41.115239,29.056821,Mahmut Çavuş Mosque,,D,blue,,,architectural structure,,Point(29.056821 41.115239),13.877,http://www.wikidata.org/entity/Q127418406,1.0,,,,http://www.wikidata.org/entity/Q811979,"('41.115239', '29.056821')"
4563,,41.0348587,28.9336548,Maktul Mustafa Paşa Mosque,,D,blue,,,architectural structure,,Point(28.9336548 41.0348587),4.751,http://www.wikidata.org/entity/Q127418407,1.0,,,,http://www.wikidata.org/entity/Q811979,"('41.0348587', '28.9336548')"
4565,,41.0543175,28.9929104,Meşrutiyet Hamidiye Mosque,,D,blue,,,architectural structure,,Point(28.9929104 41.0543175),5.518,http://www.wikidata.org/entity/Q127418424,1.0,,,,http://www.wikidata.org/entity/Q811979,"('41.0543175', '28.9929104')"
4567,,41.009031,28.975335,Molla Fenari Mescidi,,D,blue,,,architectural structure,,Point(28.975335 41.009031),0.298,http://www.wikidata.org/entity/Q127418439,1.0,,,,http://www.wikidata.org/entity/Q811979,"('41.009031', '28.975335')"
4569,,41.083652,29.0689441,Muhaşşisinan Mosque,,D,blue,,,architectural structure,,Point(29.0689441 41.083652),11.608,http://www.wikidata.org/entity/Q127418447,1.0,,,,http://www.wikidata.org/entity/Q811979,"('41.083652', '29.0689441')"
4571,,41.005433,28.963344,Muhsine Hatun Mescidi ve Tekkesi,,D,blue,,,architectural structure,,Point(28.963344 41.005433),1.056,http://www.wikidata.org/entity/Q127418448,1.0,,,,http://www.wikidata.org/entity/Q811979,"('41.005433', '28.963344')"
4573,,41.0045357,28.9602528,Nalbant Mosque,,D,blue,,,architectural structure,,Point(28.9602528 41.0045357),1.327,http://www.wikidata.org/entity/Q127418455,1.0,,,,http://www.wikidata.org/entity/Q811979,"('41.0045357', '28.9602528')"
4575,,41.019268,28.9670563,Nevfidan Kadın Mosque,,D,blue,,,architectural structure,,Point(28.9670563 41.019268),1.613,http://www.wikidata.org/entity/Q127418459,1.0,,,,http://www.wikidata.org/entity/Q811979,"('41.019268', '28.9670563')"
4577,,41.0231456,29.0805517,Namazgah Mosque,,D,blue,,,architectural structure,,Point(29.0805517 41.0231456),8.978,http://www.wikidata.org/entity/Q127418456,1.0,,,,http://www.wikidata.org/entity/Q811979,"('41.0231456', '29.0805517')"
4579,,41.02588,28.971928,Okçu Musa Mosque,,D,blue,,,architectural structure,,Point(28.971928 41.02588),2.193,http://www.wikidata.org/entity/Q127418467,1.0,,,,http://www.wikidata.org/entity/Q811979,"('41.02588', '28.971928')"
4581,,41.0113297,28.9407692,Piri Mehmet Paşa Mosque,,D,blue,,,architectural structure,,Point(28.9407692 41.0113297),2.996,http://www.wikidata.org/entity/Q127418487,1.0,,,,http://www.wikidata.org/entity/Q811979,"('41.0113297', '28.9407692')"
4583,,41.0848198,29.0560627,Rumeli Hisari Mosque,,D,blue,,,architectural structure,,Point(29.0560627 41.0848198),11.013,http://www.wikidata.org/entity/Q127418495,1.0,,,,http://www.wikidata.org/entity/Q811979,"('41.0848198', '29.0560627')"
4585,,41.0203743,29.0230999,Salih Efendi Mosque,,D,blue,,,architectural structure,,Point(29.0230999 41.0203743),4.257,http://www.wikidata.org/entity/Q127418502,1.0,,,,http://www.wikidata.org/entity/Q811979,"('41.0203743', '29.0230999')"
4587,,41.025952,28.958318,Seferikoz Mosque,,D,blue,,,architectural structure,,Point(28.958318 41.025952),2.628,http://www.wikidata.org/entity/Q127418513,1.0,,,,http://www.wikidata.org/entity/Q811979,"('41.025952', '28.958318')"
4589,,41.011085,28.944361,Selçuk Sultan Mosque,,D,blue,,,architectural structure,,Point(28.944361 41.011085),2.695,http://www.wikidata.org/entity/Q127418518,1.0,,,,http://www.wikidata.org/entity/Q811979,"('41.011085', '28.944361')"
4591,,41.034721,28.988973,Selime Hatun Mosque,,D,blue,,,architectural structure,,Point(28.988973 41.034721),3.337,http://www.wikidata.org/entity/Q127418519,1.0,,,,http://www.wikidata.org/entity/Q811979,"('41.034721', '28.988973')"
4593,,41.0243225,29.0235882,Selami Ali Efendi Tekkesi Mosque,,D,blue,,,architectural structure,,Point(29.0235882 41.0243225),4.473,http://www.wikidata.org/entity/Q127418517,1.0,,,,http://www.wikidata.org/entity/Q811979,"('41.0243225', '29.0235882')"
4596,,41.0369987,28.9615917,Seyid Ali Çelebi Mosque,,D,blue,,,architectural structure,,Point(28.9615917 41.0369987),3.609,http://www.wikidata.org/entity/Q127418523,1.0,,,,http://www.wikidata.org/entity/Q811979,"('41.0369987', '28.9615917')"
4598,,41.0128822,28.9446354,Softa Sinan Mosque,,D,blue,,,architectural structure,,Point(28.9446354 41.0128822),2.719,http://www.wikidata.org/entity/Q127418533,1.0,,,,http://www.wikidata.org/entity/Q811979,"('41.0128822', '28.9446354')"
4600,,41.028813,28.972173,Şaban Kaptan Mosque,,D,blue,,,architectural structure,,Point(28.972173 41.028813),2.513,http://www.wikidata.org/entity/Q127418546,1.0,,,,http://www.wikidata.org/entity/Q811979,"('41.028813', '28.972173')"
4602,,41.0216217,28.9629478,Süleyman Subaşı Mosque,,D,blue,,,architectural structure,,Point(28.9629478 41.0216217),2.012,http://www.wikidata.org/entity/Q127418544,1.0,,,,http://www.wikidata.org/entity/Q811979,"('41.0216217', '28.9629478')"
4604,,41.0107354,29.0254601,Şehitlik Mosque,,D,blue,,,architectural structure,,Point(29.0254601 41.0107354),4.189,http://www.wikidata.org/entity/Q127418551,1.0,,,,http://www.wikidata.org/entity/Q811979,"('41.0107354', '29.0254601')"
4606,,41.003109,28.9685249,Şehsuvar Bey Mosque,,D,blue,,,architectural structure,,Point(28.9685249 41.003109),0.716,http://www.wikidata.org/entity/Q127418554,1.0,,,,http://www.wikidata.org/entity/Q811979,"('41.003109', '28.9685249')"
4608,,41.044682,28.999049,Şenlik Dede Mescidi,,D,blue,,,architectural structure,,Point(28.999049 41.044682),4.681,http://www.wikidata.org/entity/Q127418557,1.0,,,,http://www.wikidata.org/entity/Q811979,"('41.044682', '28.999049')"
4610,,41.0463566,29.0536264,Şeyh Nevruz Mosque,,D,blue,,,mosque,,Point(29.0536264 41.0463566),7.893,http://www.wikidata.org/entity/Q127418561,1.0,,,,http://www.wikidata.org/entity/Q32815,"('41.0463566', '29.0536264')"
4611,,41.0224152,28.950161,Şeyhülislam Mehmet Cemalettin Efendi Mosque,,D,blue,,,architectural structure,,Point(28.950161 41.0224152),2.798,http://www.wikidata.org/entity/Q127418567,1.0,,,,http://www.wikidata.org/entity/Q811979,"('41.0224152', '28.950161')"
4613,,41.0120201,28.9226227,Tarsus Mescidi,,D,blue,,,architectural structure,,Point(28.9226227 41.0120201),4.512,http://www.wikidata.org/entity/Q127418573,1.0,,,,http://www.wikidata.org/entity/Q811979,"('41.0120201', '28.9226227')"
4615,,41.003708,28.963496,Tavaşi Süleyman Ağa Mosque,,D,blue,,,architectural structure,,Point(28.963496 41.003708),1.08,http://www.wikidata.org/entity/Q127418577,1.0,,,,http://www.wikidata.org/entity/Q811979,"('41.003708', '28.963496')"
4617,,41.030522,28.97891,Tomtom Mescidi,,D,blue,,,architectural structure,,Point(28.97891 41.030522),2.696,http://www.wikidata.org/entity/Q127418587,1.0,,,,http://www.wikidata.org/entity/Q811979,"('41.030522', '28.97891')"
4619,,41.061437,29.037515,Tezkireci Osman Efendi Mosque,,D,blue,,,architectural structure,,Point(29.037515 41.061437),8.013,http://www.wikidata.org/entity/Q127418584,1.0,,,,http://www.wikidata.org/entity/Q811979,"('41.061437', '29.037515')"
4621,,41.0236569,29.0202448,Toygar Hamza Çelebi Mosque,,D,blue,,,architectural structure,,Point(29.0202448 41.0236569),4.189,http://www.wikidata.org/entity/Q127418590,1.0,,,,http://www.wikidata.org/entity/Q811979,"('41.0236569', '29.0202448')"
4623,,41.013405,28.985546,Topkapı Palace Sofa Mosque,,D,blue,,,architectural structure,,Point(28.985546 41.013405),1.126,http://www.wikidata.org/entity/Q127418589,1.0,,,,http://www.wikidata.org/entity/Q811979,"('41.013405', '28.985546')"
4625,,41.045404,28.947677,Turşucu Hüseyin Çelebi Mosque,,D,blue,,,architectural structure,,Point(28.947677 41.045404),4.942,http://www.wikidata.org/entity/Q127418592,1.0,,,,http://www.wikidata.org/entity/Q811979,"('41.045404', '28.947677')"
4627,,41.025145,28.94305,Üçbaş Mosque,,D,blue,,,architectural structure,,Point(28.94305 41.025145),3.455,http://www.wikidata.org/entity/Q127418600,1.0,,,,http://www.wikidata.org/entity/Q811979,"('41.025145', '28.94305')"
4629,,41.033837,28.971041,Yahya Kethüda Mosque,,D,blue,,,architectural structure,,Point(28.971041 41.033837),3.08,http://www.wikidata.org/entity/Q127418610,1.0,,,,http://www.wikidata.org/entity/Q811979,"('41.033837', '28.971041')"
4631,,41.01348,28.98738,Yedekçiler Mescidi,,D,blue,,,architectural structure,,Point(28.98738 41.01348),1.247,http://www.wikidata.org/entity/Q127418626,1.0,,,,http://www.wikidata.org/entity/Q811979,"('41.01348', '28.98738')"
4633,,41.055452,28.932659,Zeynep Hatun Mosque,,D,blue,,,architectural structure,,Point(28.932659 41.055452),6.55,http://www.wikidata.org/entity/Q127418639,1.0,,,,http://www.wikidata.org/entity/Q811979,"('41.055452', '28.932659')"
4635,,41.0299797,28.9733715,Union Française,,D,blue,,,architectural structure,,Point(28.9733715 41.0299797),2.632,http://www.wikidata.org/entity/Q127809296,1.0,,,,http://www.wikidata.org/entity/Q811979,"('41.0299797', '28.9733715')"
4637,,40.99175,28.91757,Q128415498,,D,blue,,,grave,,Point(28.91757 40.99175),5.156,http://www.wikidata.org/entity/Q128415498,1.0,,,,http://www.wikidata.org/entity/Q173387,"('40.99175', '28.91757')"
4640,,40.99195,28.91789,Kazlıçeşme Weaving Factory,,D,blue,,,factory,,Point(28.91789 40.99195),5.123,http://www.wikidata.org/entity/Q128416075,1.0,,,,http://www.wikidata.org/entity/Q83405,"('40.99195', '28.91789')"
4641,,40.999960420866,28.919536836567,Peace and Culture Monument,,D,blue,,,statue,,Point(28.919536836 40.99996042),4.781,http://www.wikidata.org/entity/Q128561482,1.0,,,,http://www.wikidata.org/entity/Q179700,"('40.999960420866', '28.919536836567')"
4643,,41.04319,28.93328,fountain on Balcı Yokuşu Street,,D,blue,,,fountain,,Point(28.93328 41.04319),5.433,http://www.wikidata.org/entity/Q129746929,1.0,,,,http://www.wikidata.org/entity/Q483453,"('41.04319', '28.93328')"
4644,,41.025277777778,29.125,IKEA Ümraniye,,D,blue,,,IKEA store,,Point(29.125 41.025277777),12.686,http://www.wikidata.org/entity/Q130013093,1.0,,,,http://www.wikidata.org/entity/Q50399787,"('41.025277777778', '29.125')"
4645,,41.044555555556,28.897888888889,IKEA Bayrampaşa,,D,blue,,,IKEA store,,Point(28.897888888 41.044555555),7.798,http://www.wikidata.org/entity/Q130014861,1.0,,,,http://www.wikidata.org/entity/Q50399787,"('41.044555555556', '28.897888888889')"
4646,,41.036259142032,28.981652739223,Ferah Apartmanı,,D,blue,,,building,,Point(28.981652739 41.036259142),3.357,http://www.wikidata.org/entity/Q130271567,1.0,,,,http://www.wikidata.org/entity/Q41176,"('41.036259142032', '28.981652739223')"
4647,,41.066250813746,29.017168999013,Apple Zorlu Center,,D,blue,,,Apple Store,,Point(29.017168999 41.066250813),7.504,http://www.wikidata.org/entity/Q130341859,1.0,,,,http://www.wikidata.org/entity/Q421253,"('41.066250813746', '29.017168999013')"
4648,,41.00162,29.05481,Apple Akasya,,D,blue,,,Apple Store,,Point(29.05481 41.00162),6.645,http://www.wikidata.org/entity/Q130341860,1.0,,,,http://www.wikidata.org/entity/Q421253,"('41.00162', '29.05481')"
4649,,40.964620853461,29.071914705126,Apple Bağdat Caddesi,,D,blue,,,Apple Store,,Point(29.071914705 40.964620853),9.303,http://www.wikidata.org/entity/Q130341861,1.0,,,,http://www.wikidata.org/entity/Q421253,"('40.964620853461', '29.071914705126')"
4650,,41.026772,28.972733,Zülfaris Synagogue,,D,blue,,,religious building,,Point(28.972733 41.026772),2.283,http://www.wikidata.org/entity/Q130348225,1.0,,,https://en.wikipedia.org/wiki/Z%C3%BClfaris_Synagogue,http://www.wikidata.org/entity/Q24398318,"('41.026772', '28.972733')"
4651,,41.010428,28.96135,Q130443512,,D,blue,,,sebil,,Point(28.96135 41.010428),1.299,http://www.wikidata.org/entity/Q130443512,1.0,,,,http://www.wikidata.org/entity/Q2914485,"('41.010428', '28.96135')"
4652,,41.010412,28.978656,sebil of Abdülhamid I,,D,blue,,,sebil,,Point(28.978656 41.010412),0.505,http://www.wikidata.org/entity/Q130443619,1.0,,,,http://www.wikidata.org/entity/Q2914485,"('41.010412', '28.978656')"
4654,,41.112055555556,29.03675,Q130645188,,D,blue,,,cultural center,,Point(29.03675 41.112055555),12.811,http://www.wikidata.org/entity/Q130645188,1.0,,,,http://www.wikidata.org/entity/Q1329623,"('41.112055555556', '29.03675')"
4655,,41.040712711111,28.930804761111,Nişancı Mustafa Paşa Mosque,,D,blue,,,architectural structure,,Point(28.930804761 41.040712711),5.373,http://www.wikidata.org/entity/Q130646180,1.0,,,,http://www.wikidata.org/entity/Q811979,"('41.040712711111', '28.930804761111')"
4658,,41.078843503652,28.949454738476,Alibeyköy Transfer Center,,D,blue,,,interchange station,,Point(28.949454738 41.078843503),8.356,http://www.wikidata.org/entity/Q131310103,1.0,,,,http://www.wikidata.org/entity/Q1147171,"('41.078843503652', '28.949454738476')"
4660,,41.007597887912,28.89679198099,Merter Transfer Center,,D,blue,,,interchange station,,Point(28.89679198 41.007597887),6.637,http://www.wikidata.org/entity/Q131310104,1.0,,,,http://www.wikidata.org/entity/Q1147171,"('41.007597887912', '28.89679198099')"
4661,,40.957058,28.820611,"Surp Stepanos Church, Yeşilköy",,D,blue,,,church building,,Point(28.820611 40.957058),14.139,http://www.wikidata.org/entity/Q131367325,1.0,,,,http://www.wikidata.org/entity/Q16970,"('40.957058', '28.820611')"
4662,,41.00329,28.95144,Saints Thaddeus and Bartholomew Church (Istanbul),,D,blue,,,church building,,Point(28.95144 41.00329),2.079,http://www.wikidata.org/entity/Q131367466,1.0,,,,http://www.wikidata.org/entity/Q16970,"('41.00329', '28.95144')"
4663,,41.009796,28.978282,Başçuhadar Seyyid Ömer Ağa Fountain,,D,blue,,,fountain,,Point(28.978282 41.009796),0.43,http://www.wikidata.org/entity/Q131368255,1.0,,,,http://www.wikidata.org/entity/Q483453,"('41.009796', '28.978282')"
4664,,41.008053,28.923664,Perestû Women's Fountain,,D,blue,,,fountain,,Point(28.923664 41.008053),4.384,http://www.wikidata.org/entity/Q131368262,1.0,,,,http://www.wikidata.org/entity/Q483453,"('41.008053', '28.923664')"
4665,,41.021477,29.010399,Baskadin Square Fountain,,D,blue,,,fountain,,Point(29.010399 41.021477),3.348,http://www.wikidata.org/entity/Q131368263,1.0,,,,http://www.wikidata.org/entity/Q483453,"('41.021477', '29.010399')"
4666,,41.0234375,28.973484,Alüfte Hatun Fountain,,D,blue,,,fountain,,Point(28.973484 41.0234375),1.907,http://www.wikidata.org/entity/Q131368260,1.0,,,,http://www.wikidata.org/entity/Q483453,"('41.0234375', '28.973484')"
4667,,41.009461,28.9408463,Basci Mahmut Fountain,,D,blue,,,fountain,,Point(28.9408463 41.009461),2.959,http://www.wikidata.org/entity/Q131368264,1.0,,,,http://www.wikidata.org/entity/Q483453,"('41.009461', '28.9408463')"
4668,,41.030571,28.986275,Cihangir Susam Street Fountain,,D,blue,,,fountain,,Point(28.986275 41.030571),2.828,http://www.wikidata.org/entity/Q131368270,1.0,,,,http://www.wikidata.org/entity/Q483453,"('41.030571', '28.986275')"
4669,,41.0262527,28.9708252,Cududil Valide Sultan Fountain,,D,blue,,,fountain,,Point(28.9708252 41.0262527),2.25,http://www.wikidata.org/entity/Q131368271,1.0,,,,http://www.wikidata.org/entity/Q483453,"('41.0262527', '28.9708252')"
4670,,41.042149,28.937607,Defterdar Nazlı Mahmud Efendi Fountain,,D,blue,,,fountain,,Point(28.937607 41.042149),5.111,http://www.wikidata.org/entity/Q131368274,1.0,,,,http://www.wikidata.org/entity/Q483453,"('41.042149', '28.937607')"
4671,,41.028786,28.981846,Defter Emini Fountain,,D,blue,,,fountain,,Point(28.981846 41.028786),2.541,http://www.wikidata.org/entity/Q131368273,1.0,,,,http://www.wikidata.org/entity/Q483453,"('41.028786', '28.981846')"
4672,,41.024436,28.94493,Ebubekir Ağa Fountain,,D,blue,,,fountain,,Point(28.94493 41.024436),3.282,http://www.wikidata.org/entity/Q131368277,1.0,,,,http://www.wikidata.org/entity/Q483453,"('41.024436', '28.94493')"
4673,,41.000278,28.923246,Emin Ganim Mustafa Çavuş Fountain,,D,blue,,,fountain,,Point(28.923246 41.000278),4.468,http://www.wikidata.org/entity/Q131368283,1.0,,,,http://www.wikidata.org/entity/Q483453,"('41.000278', '28.923246')"
4674,,41.104809,29.056242,Emirgan Fountain,,D,blue,,,fountain,,Point(29.056242 41.104809),12.852,http://www.wikidata.org/entity/Q131368280,1.0,,,,http://www.wikidata.org/entity/Q483453,"('41.104809', '29.056242')"
4675,,41.0105333,28.9787583,Sultan Ahmet I Fountain,,D,blue,,,fountain,,Point(28.9787583 41.0105333),0.521,http://www.wikidata.org/entity/Q131368281,1.0,,,,http://www.wikidata.org/entity/Q483453,"('41.0105333', '28.9787583')"
4676,,41.015984,28.971985,Hatice Turhan Valide Fountain,,D,blue,,,fountain,,Point(28.971985 41.015984),1.116,http://www.wikidata.org/entity/Q131368287,1.0,,,,http://www.wikidata.org/entity/Q483453,"('41.015984', '28.971985')"
4677,,41.0353517,28.9857607,Hafız Ahmet Pasha Fountain,,D,blue,,,fountain,,Point(28.9857607 41.0353517),3.326,http://www.wikidata.org/entity/Q131368285,1.0,,,,http://www.wikidata.org/entity/Q483453,"('41.0353517', '28.9857607')"
4678,,41.033221,28.991911,Hekimoğlu Ali Pasha Square Fountain,,D,blue,,,fountain,,Point(28.991911 41.033221),3.274,http://www.wikidata.org/entity/Q131368290,1.0,,,,http://www.wikidata.org/entity/Q483453,"('41.033221', '28.991911')"
4679,,41.031868,29.0224527,Hüseyin Avni Pasha Fountain,,D,blue,,,fountain,,Point(29.0224527 41.031868),4.827,http://www.wikidata.org/entity/Q131368291,1.0,,,,http://www.wikidata.org/entity/Q483453,"('41.031868', '29.0224527')"
4680,,41.034084,28.965582,III. Murat Fountain,,D,blue,,,fountain,,Point(28.965582 41.034084),3.199,http://www.wikidata.org/entity/Q131368293,1.0,,,,http://www.wikidata.org/entity/Q483453,"('41.034084', '28.965582')"
4681,,41.035343,28.970947,Kaptanı Derya Hacı Hüseyin Pasha Fountain,,D,blue,,,fountain,,Point(28.970947 41.035343),3.247,http://www.wikidata.org/entity/Q131368298,1.0,,,,http://www.wikidata.org/entity/Q483453,"('41.035343', '28.970947')"
4682,,41.03223,28.965757,Kaptan Huseyin Pasha Fountain,,D,blue,,,fountain,,Point(28.965757 41.03223),2.997,http://www.wikidata.org/entity/Q131368297,1.0,,,,http://www.wikidata.org/entity/Q483453,"('41.03223', '28.965757')"
4683,,41.022926,28.976589,Kemankeş Mustafa Pasha Primary School Fountain,,D,blue,,,fountain,,Point(28.976589 41.022926),1.841,http://www.wikidata.org/entity/Q131368302,1.0,,,,http://www.wikidata.org/entity/Q483453,"('41.022926', '28.976589')"
4684,,41.02705,29.015882,Mihrimah Sultan Complex Fountain,,D,blue,,,fountain,,Point(29.015882 41.02705),4.068,http://www.wikidata.org/entity/Q131368306,1.0,,,,http://www.wikidata.org/entity/Q483453,"('41.02705', '29.015882')"
4685,,41.026134,28.976891,Mihrişah Women's Fountain,,D,blue,,,fountain,,Point(28.976891 41.026134),2.198,http://www.wikidata.org/entity/Q131368307,1.0,,,,http://www.wikidata.org/entity/Q483453,"('41.026134', '28.976891')"
4686,,41.037022,28.936359,Kirimi Fountain,,D,blue,,,fountain,,Point(28.936359 41.037022),4.753,http://www.wikidata.org/entity/Q131368304,1.0,,,,http://www.wikidata.org/entity/Q483453,"('41.037022', '28.936359')"
4687,,41.024864,28.94278,Nişanca Mustafa Ağa Fountain,,D,blue,,,fountain,,Point(28.94278 41.024864),3.454,http://www.wikidata.org/entity/Q131368308,1.0,,,,http://www.wikidata.org/entity/Q483453,"('41.024864', '28.94278')"
4688,,41.084358,29.056692,Rumelihisarı Hisar Fountain,,D,blue,,,fountain,,Point(29.056692 41.084358),11.005,http://www.wikidata.org/entity/Q131368315,1.0,,,,http://www.wikidata.org/entity/Q483453,"('41.084358', '29.056692')"
4689,,41.044495,28.999163,Ramiz Aga Fountain,,D,blue,,,fountain,,Point(28.999163 41.044495),4.667,http://www.wikidata.org/entity/Q131368312,1.0,,,,http://www.wikidata.org/entity/Q483453,"('41.044495', '28.999163')"
4690,,41.029846,28.980549,Topçubaşı İsmail Ağa Fountain,,D,blue,,,fountain,,Point(28.980549 41.029846),2.638,http://www.wikidata.org/entity/Q131368316,1.0,,,,http://www.wikidata.org/entity/Q483453,"('41.029846', '28.980549')"
4691,,41.020653,29.009157,Silahtar Mustafa Ağa Fountain,,D,blue,,,fountain,,Point(29.009157 41.020653),3.212,http://www.wikidata.org/entity/Q131368323,1.0,,,,http://www.wikidata.org/entity/Q483453,"('41.020653', '29.009157')"
4692,,41.035679,28.99106,Sulak Çeşme,,D,blue,,,fountain,,Point(28.99106 41.035679),3.498,http://www.wikidata.org/entity/Q131368329,1.0,,,,http://www.wikidata.org/entity/Q483453,"('41.035679', '28.99106')"
4693,,41.015182,28.963671,Suleymaniye Square Fountain,,D,blue,,,fountain,,Point(28.963671 41.015182),1.416,http://www.wikidata.org/entity/Q131368332,1.0,,,,http://www.wikidata.org/entity/Q483453,"('41.015182', '28.963671')"
4694,,40.996536,28.927517,Uşşaki Tekkesi Fountain,,D,blue,,,fountain,,Point(28.927517 40.996536),4.203,http://www.wikidata.org/entity/Q131368337,1.0,,,,http://www.wikidata.org/entity/Q483453,"('40.996536', '28.927517')"
4695,,41.0122604,28.9785576,Salkım Söğüt Fountain,,D,blue,,,fountain,,Point(28.9785576 41.0122604),0.691,http://www.wikidata.org/entity/Q131368342,1.0,,,,http://www.wikidata.org/entity/Q483453,"('41.0122604', '28.9785576')"
4696,,41.024132,29.010839,Umm Kulthum Sultan Fountain,,D,blue,,,fountain,,Point(29.010839 41.024132),3.536,http://www.wikidata.org/entity/Q131368349,1.0,,,,http://www.wikidata.org/entity/Q483453,"('41.024132', '29.010839')"
4697,,41.038647,28.943794,Şatır Hasan Ağa Fountain,,D,blue,,,fountain,,Point(28.943794 41.038647),4.485,http://www.wikidata.org/entity/Q131368354,1.0,,,,http://www.wikidata.org/entity/Q483453,"('41.038647', '28.943794')"
4698,,41.034565,28.982885,Cebecibaşı Abdullah Ağa Fountain,,D,blue,,,fountain,,Point(28.982885 41.034565),3.189,http://www.wikidata.org/entity/Q131368355,1.0,,,,http://www.wikidata.org/entity/Q483453,"('41.034565', '28.982885')"
4699,,41.114492,29.054165,Ahmet Şemsettin Efendi Fountain,,D,blue,,,fountain,,Point(29.054165 41.114492),13.696,http://www.wikidata.org/entity/Q131368361,1.0,,,,http://www.wikidata.org/entity/Q483453,"('41.114492', '29.054165')"
4700,,41.021641,29.010448,Ayşe Sultan Fountain,,D,blue,,,fountain,,Point(29.010448 41.021641),3.361,http://www.wikidata.org/entity/Q131368364,1.0,,,,http://www.wikidata.org/entity/Q483453,"('41.021641', '29.010448')"
4701,,41.008781,28.942312,Bayrampaşa Social Complex Fountain,,D,blue,,,fountain,,Point(28.942312 41.008781),2.828,http://www.wikidata.org/entity/Q131368365,1.0,,,,http://www.wikidata.org/entity/Q483453,"('41.008781', '28.942312')"
4702,,41.015587,29.015995,Hacı Faik Bey Fountain,,D,blue,,,fountain,,Point(29.015995 41.015587),3.519,http://www.wikidata.org/entity/Q131368375,1.0,,,,http://www.wikidata.org/entity/Q483453,"('41.015587', '29.015995')"
4703,,41.0054169,28.9614182,Halil Cevkan Fountain,,D,blue,,,fountain,,Point(28.9614182 41.0054169),1.217,http://www.wikidata.org/entity/Q131368379,1.0,,,,http://www.wikidata.org/entity/Q483453,"('41.0054169', '28.9614182')"
4704,,41.058087,29.0352185,Kadın Efendi Fountain,,D,blue,,,fountain,,Point(29.0352185 41.058087),7.605,http://www.wikidata.org/entity/Q131368382,1.0,,,,http://www.wikidata.org/entity/Q483453,"('41.058087', '29.0352185')"
4705,,41.013229,29.014128,Hibetullah Valide Sultan Fountain,,D,blue,,,fountain,,Point(29.014128 41.013229),3.299,http://www.wikidata.org/entity/Q131368381,1.0,,,,http://www.wikidata.org/entity/Q483453,"('41.013229', '29.014128')"
4706,,41.011887,28.951303,Kethüda Halit Efendi Fountain,,D,blue,,,fountain,,Point(28.951303 41.011887),2.15,http://www.wikidata.org/entity/Q131368384,1.0,,,,http://www.wikidata.org/entity/Q483453,"('41.011887', '28.951303')"
4707,,41.039404,28.880997,Menderes Fountain,,D,blue,,,fountain,,Point(28.880997 41.039404),8.765,http://www.wikidata.org/entity/Q131368385,1.0,,,,http://www.wikidata.org/entity/Q483453,"('41.039404', '28.880997')"
4708,,41.036911,28.974068,Kıblelizade Mehmet Fountain,,D,blue,,,fountain,,Point(28.974068 41.036911),3.398,http://www.wikidata.org/entity/Q131368388,1.0,,,,http://www.wikidata.org/entity/Q483453,"('41.036911', '28.974068')"
4709,,41.029133,28.981894,Mahmut Efendi Fountain,,D,blue,,,fountain,,Point(28.981894 41.029133),2.58,http://www.wikidata.org/entity/Q131368392,1.0,,,,http://www.wikidata.org/entity/Q483453,"('41.029133', '28.981894')"
4710,,41.01823,29.013334,Moralı Hasan Pasha Fountain,,D,blue,,,fountain,,Point(29.013334 41.01823),3.408,http://www.wikidata.org/entity/Q131368398,1.0,,,,http://www.wikidata.org/entity/Q483453,"('41.01823', '29.013334')"
4711,,41.021591,28.943572,Messiah Ali Pasha Fountain,,D,blue,,,fountain,,Point(28.943572 41.021591),3.194,http://www.wikidata.org/entity/Q131368397,1.0,,,,http://www.wikidata.org/entity/Q483453,"('41.021591', '28.943572')"
4712,,41.023327,29.023493,Selami Ali Efendi Fountain,,D,blue,,,fountain,,Point(29.023493 41.023327),4.417,http://www.wikidata.org/entity/Q131368402,1.0,,,,http://www.wikidata.org/entity/Q483453,"('41.023327', '29.023493')"
4713,,41.038387,28.972431,Vuslat Women's Fountain,,D,blue,,,fountain,,Point(28.972431 41.038387),3.57,http://www.wikidata.org/entity/Q131368407,1.0,,,,http://www.wikidata.org/entity/Q483453,"('41.038387', '28.972431')"
4714,,41.034111,28.967087,Tersane Emini Ahmet Ağa Square Fountain,,D,blue,,,fountain,,Point(28.967087 41.034111),3.17,http://www.wikidata.org/entity/Q131368405,1.0,,,,http://www.wikidata.org/entity/Q483453,"('41.034111', '28.967087')"
4715,,41.11348,29.061449,İstinye Pier Fountain,,D,blue,,,fountain,,Point(29.061449 41.11348),13.903,http://www.wikidata.org/entity/Q131368416,1.0,,,,http://www.wikidata.org/entity/Q483453,"('41.11348', '29.061449')"
4716,,40.978683,28.875063,Şaban Ağa Fountain,,D,blue,,,fountain,,Point(28.875063 40.978683),9.003,http://www.wikidata.org/entity/Q131368417,1.0,,,,http://www.wikidata.org/entity/Q483453,"('40.978683', '28.875063')"
4717,,41.005736,28.963342,Hüsmen Ağa Fountain,,D,blue,,,fountain,,Point(28.963342 41.005736),1.054,http://www.wikidata.org/entity/Q131368425,1.0,,,,http://www.wikidata.org/entity/Q483453,"('41.005736', '28.963342')"
4718,,41.018336,29.071415,Bulgurlu Fountain,,D,blue,,,fountain,,Point(29.071415 41.018336),8.126,http://www.wikidata.org/entity/Q131368435,1.0,,,,http://www.wikidata.org/entity/Q483453,"('41.018336', '29.071415')"
4719,,41.020042,29.02865,Mahpeyker Kösem Sultan Fountain,,D,blue,,,fountain,,Point(29.02865 41.020042),4.681,http://www.wikidata.org/entity/Q131368439,1.0,,,,http://www.wikidata.org/entity/Q483453,"('41.020042', '29.02865')"
4720,,41.023273,29.01802,Kassam Fountain,,D,blue,,,fountain,,Point(29.01802 41.023273),4.004,http://www.wikidata.org/entity/Q131368436,1.0,,,,http://www.wikidata.org/entity/Q483453,"('41.023273', '29.01802')"
4721,,41.047097,29.003193,Abdülmecid Han and Zübeyde Hanım Fountain,,D,blue,,,fountain,,Point(29.003193 41.047097),5.074,http://www.wikidata.org/entity/Q131368442,1.0,,,,http://www.wikidata.org/entity/Q483453,"('41.047097', '29.003193')"
4722,,40.9696557,29.1093597,Mahmut Bey Fountain,,D,blue,,,fountain,,Point(29.1093597 40.9696557),11.925,http://www.wikidata.org/entity/Q131368441,1.0,,,,http://www.wikidata.org/entity/Q483453,"('40.9696557', '29.1093597')"
4723,,41.046136,29.012607,Yeşilfıstık Street Fountain,,D,blue,,,fountain,,Point(29.012607 41.046136),5.388,http://www.wikidata.org/entity/Q131368447,1.0,,,,http://www.wikidata.org/entity/Q483453,"('41.046136', '29.012607')"
4724,,41.045853,29.010231,Gazi Osman Pasha Fountain,,D,blue,,,fountain,,Point(29.010231 41.045853),5.251,http://www.wikidata.org/entity/Q131368444,1.0,,,,http://www.wikidata.org/entity/Q483453,"('41.045853', '29.010231')"
4725,,41.047143,28.997437,Raif Aga Fountain,,D,blue,,,fountain,,Point(28.997437 41.047143),4.88,http://www.wikidata.org/entity/Q131368445,1.0,,,,http://www.wikidata.org/entity/Q483453,"('41.047143', '28.997437')"
4726,,41.0431671,28.9490566,Lengerhane Fountain,,D,blue,,,fountain,,Point(28.9490566 41.0431671),4.668,http://www.wikidata.org/entity/Q131368450,1.0,,,,http://www.wikidata.org/entity/Q483453,"('41.0431671', '28.9490566')"
4727,,41.045557,28.949331,Mehmet Hüsrev Pasha Fountain,,D,blue,,,fountain,,Point(28.949331 41.045557),4.892,http://www.wikidata.org/entity/Q131368451,1.0,,,,http://www.wikidata.org/entity/Q483453,"('41.045557', '28.949331')"
4728,,41.035513,28.992351,Beytül Malcı Street Fountain,,D,blue,,,fountain,,Point(28.992351 41.035513),3.522,http://www.wikidata.org/entity/Q131368449,1.0,,,,http://www.wikidata.org/entity/Q483453,"('41.035513', '28.992351')"
4729,,41.022432,28.971376,Verdinaz Women's Fountain,,D,blue,,,fountain,,Point(28.971376 41.022432),1.824,http://www.wikidata.org/entity/Q131368454,1.0,,,,http://www.wikidata.org/entity/Q483453,"('41.022432', '28.971376')"
4730,,41.114158,29.051395,Abdulhamid I Khan Fountain,,D,blue,,,fountain,,Point(29.051395 41.114158),13.554,http://www.wikidata.org/entity/Q131368458,1.0,,,,http://www.wikidata.org/entity/Q483453,"('41.114158', '29.051395')"
4731,,41.101418,29.054906,Boyacıköy Kanlıkavak Spring Fountain,,D,blue,,,fountain,,Point(29.054906 41.101418),12.473,http://www.wikidata.org/entity/Q131368459,1.0,,,,http://www.wikidata.org/entity/Q483453,"('41.101418', '29.054906')"
4732,,41.117127,29.062279,Surp Asdvadzadzin Armenian Church Fountain,,D,blue,,,fountain,,Point(29.062279 41.117127),14.287,http://www.wikidata.org/entity/Q131368462,1.0,,,,http://www.wikidata.org/entity/Q483453,"('41.117127', '29.062279')"
4733,,41.114914,29.058063,Haci Bayram Captain Fountain,,D,blue,,,fountain,,Point(29.058063 41.114914),13.897,http://www.wikidata.org/entity/Q131368460,1.0,,,,http://www.wikidata.org/entity/Q483453,"('41.114914', '29.058063')"
4734,,41.018746,28.961029,Ali Efendi Fountain,,D,blue,,,fountain,,Point(28.961029 41.018746),1.855,http://www.wikidata.org/entity/Q131368466,1.0,,,,http://www.wikidata.org/entity/Q483453,"('41.018746', '28.961029')"
4735,,41.019204,29.011832,Izmirli Ali Pasha Fountain,,D,blue,,,fountain,,Point(29.011832 41.019204),3.337,http://www.wikidata.org/entity/Q131368478,1.0,,,,http://www.wikidata.org/entity/Q483453,"('41.019204', '29.011832')"
4736,,40.966016,29.069792,Galip Pasha Mosque Fountain,,D,blue,,,fountain,,Point(29.069792 40.966016),9.071,http://www.wikidata.org/entity/Q131368482,1.0,,,,http://www.wikidata.org/entity/Q483453,"('40.966016', '29.069792')"
4737,,41.003225,28.979596,Akbıyık Fountain,,D,blue,,,fountain,,Point(28.979596 41.003225),0.47,http://www.wikidata.org/entity/Q131368480,1.0,,,,http://www.wikidata.org/entity/Q483453,"('41.003225', '28.979596')"
4738,,41.003203,28.979616,Hekimoğlu Ali Pasha Validesi Fountain,,D,blue,,,fountain,,Point(28.979616 41.003203),0.473,http://www.wikidata.org/entity/Q131368481,1.0,,,,http://www.wikidata.org/entity/Q483453,"('41.003203', '28.979616')"
4739,,41.025244,28.97117,Pir Mehmet Fountain,,D,blue,,,fountain,,Point(28.97117 41.025244),2.134,http://www.wikidata.org/entity/Q131368484,1.0,,,,http://www.wikidata.org/entity/Q483453,"('41.025244', '28.97117')"
4740,,41.021986,28.958381,Tepedelen Fountain,,D,blue,,,fountain,,Point(28.958381 41.021986),2.272,http://www.wikidata.org/entity/Q131368495,1.0,,,,http://www.wikidata.org/entity/Q483453,"('41.021986', '28.958381')"
4741,,41.024606,28.970882,Arab Mosque Fountains,,D,blue,,,fountain,,Point(28.970882 41.024606),2.069,http://www.wikidata.org/entity/Q131368498,1.0,,,,http://www.wikidata.org/entity/Q483453,"('41.024606', '28.970882')"
4742,,41.022872,29.008746,Wall Fountain in the Courtyard of Ayazma Mosque,,D,blue,,,fountain,,Point(29.008746 41.022872),3.312,http://www.wikidata.org/entity/Q131368499,1.0,,,,http://www.wikidata.org/entity/Q483453,"('41.022872', '29.008746')"
4743,,41.037034,28.940933,Architect Hacı Mustafa Ağa Fountain,,D,blue,,,fountain,,Point(28.940933 41.037034),4.495,http://www.wikidata.org/entity/Q131368497,1.0,,,,http://www.wikidata.org/entity/Q483453,"('41.037034', '28.940933')"
4744,,41.006326,28.922786,Hadım İbrahim Pasha Fountain,,D,blue,,,fountain,,Point(28.922786 41.006326),4.454,http://www.wikidata.org/entity/Q131368513,1.0,,,,http://www.wikidata.org/entity/Q483453,"('41.006326', '28.922786')"
4745,,41.0035133,28.9285355,Sümbül Efendi Mosque Bird Fountain,,D,blue,,,fountain,,Point(28.9285355 41.0035133),3.985,http://www.wikidata.org/entity/Q131368519,1.0,,,,http://www.wikidata.org/entity/Q483453,"('41.0035133', '28.9285355')"
4746,,41.004829,28.971612,Kadırga Sokullu Mehmet Pasha Fountain,,D,blue,,,fountain,,Point(28.971612 41.004829),0.397,http://www.wikidata.org/entity/Q131368523,1.0,,,,http://www.wikidata.org/entity/Q483453,"('41.004829', '28.971612')"
4747,,40.998587,28.922889,Hacı Piri Street Fountain,,D,blue,,,fountain,,Point(28.922889 40.998587),4.53,http://www.wikidata.org/entity/Q131368520,1.0,,,,http://www.wikidata.org/entity/Q483453,"('40.998587', '28.922889')"
4748,,41.035224,28.980416,Hüseyin Ağa Mosque Fountain,,D,blue,,,fountain,,Point(28.980416 41.035224),3.23,http://www.wikidata.org/entity/Q131368525,1.0,,,,http://www.wikidata.org/entity/Q483453,"('41.035224', '28.980416')"
4749,,41.020546,29.01659,Ahmediye Mosque Corner Fountain,,D,blue,,,fountain,,Point(29.01659 41.020546),3.762,http://www.wikidata.org/entity/Q131368531,1.0,,,,http://www.wikidata.org/entity/Q483453,"('41.020546', '29.01659')"
4750,,41.020213,29.016759,Ahmediye Fountain,,D,blue,,,fountain,,Point(29.016759 41.020213),3.759,http://www.wikidata.org/entity/Q131368529,1.0,,,,http://www.wikidata.org/entity/Q483453,"('41.020213', '29.016759')"
4751,,41.016946,28.964096,Suleymaniye Complex Wall Fountain,,D,blue,,,fountain,,Point(28.964096 41.016946),1.535,http://www.wikidata.org/entity/Q131368538,1.0,,,,http://www.wikidata.org/entity/Q483453,"('41.016946', '28.964096')"
4752,,41.010925,28.977101,Hacı Beşir Ağa Mosque Courtyard Wall Fountain,,D,blue,,,fountain,,Point(28.977101 41.010925),0.516,http://www.wikidata.org/entity/Q131368537,1.0,,,,http://www.wikidata.org/entity/Q483453,"('41.010925', '28.977101')"
4753,,41.0115585,28.982893,Topkapi Palace Square Fountain,,D,blue,,,fountain,,Point(28.982893 41.0115585),0.824,http://www.wikidata.org/entity/Q131368542,1.0,,,,http://www.wikidata.org/entity/Q483453,"('41.0115585', '28.982893')"
4754,,41.0138779,28.9516487,Suleyman Khalifa Primary School Fountain,,D,blue,,,fountain,,Point(28.9516487 41.0138779),2.197,http://www.wikidata.org/entity/Q131368540,1.0,,,,http://www.wikidata.org/entity/Q483453,"('41.0138779', '28.9516487')"
4755,,41.032652,28.987975,Mebusan Street Fountain,,D,blue,,,fountain,,Point(28.987975 41.032652),3.093,http://www.wikidata.org/entity/Q131368541,1.0,,,,http://www.wikidata.org/entity/Q483453,"('41.032652', '28.987975')"
4756,,41.010967,28.983112,Topkapı Palace Executioner's Fountain,,D,blue,,,fountain,,Point(28.983112 41.010967),0.793,http://www.wikidata.org/entity/Q131368546,1.0,,,,http://www.wikidata.org/entity/Q483453,"('41.010967', '28.983112')"
4757,,41.0098264,28.956087,Adilşah Women's Fountains,,D,blue,,,fountain,,Point(28.956087 41.0098264),1.704,http://www.wikidata.org/entity/Q131368547,1.0,,,,http://www.wikidata.org/entity/Q483453,"('41.0098264', '28.956087')"
4758,,41.013801,28.984391,Fountain on the 4th Courtyard Landing of Topkapi Palace,,D,blue,,,fountain,,Point(28.984391 41.013801),1.092,http://www.wikidata.org/entity/Q131368545,1.0,,,,http://www.wikidata.org/entity/Q483453,"('41.013801', '28.984391')"
4759,,41.048339,28.934419,Mihrişah Valide Sultan Fountains,,D,blue,,,fountain,,Point(28.934419 41.048339),5.819,http://www.wikidata.org/entity/Q131368554,1.0,,,,http://www.wikidata.org/entity/Q483453,"('41.048339', '28.934419')"
4760,,41.0100403,28.9699898,III. Osman Fountain,,D,blue,,,fountain,,Point(28.9699898 41.0100403),0.64,http://www.wikidata.org/entity/Q131368553,1.0,,,,http://www.wikidata.org/entity/Q483453,"('41.0100403', '28.9699898')"
4761,,41.036355,28.984362,Taksim Maksemi Fountain 1,,D,blue,,,fountain,,Point(28.984362 41.036355),3.408,http://www.wikidata.org/entity/Q131368562,1.0,,,,http://www.wikidata.org/entity/Q483453,"('41.036355', '28.984362')"
4762,,41.018158,28.963047,Namahrem Street Wall Fountain,,D,blue,,,fountain,,Point(28.963047 41.018158),1.695,http://www.wikidata.org/entity/Q131368563,1.0,,,,http://www.wikidata.org/entity/Q483453,"('41.018158', '28.963047')"
4763,,40.969181,29.108484,İçerenköy Cemetery Fountain,,D,blue,,,fountain,,Point(29.108484 40.969181),11.874,http://www.wikidata.org/entity/Q131368566,1.0,,,,http://www.wikidata.org/entity/Q483453,"('40.969181', '29.108484')"
4764,,41.035127,28.971981,Abdulbaki Aga Fountain,,D,blue,,,fountain,,Point(28.971981 41.035127),3.213,http://www.wikidata.org/entity/Q131368579,1.0,,,,http://www.wikidata.org/entity/Q483453,"('41.035127', '28.971981')"
4765,,41.044179,29.04641,Abdulhamid Khan I Fountain,,D,blue,,,fountain,,Point(29.04641 41.044179),7.258,http://www.wikidata.org/entity/Q131368580,1.0,,,,http://www.wikidata.org/entity/Q483453,"('41.044179', '29.04641')"
4766,,41.045357,28.947497,Seyyid Abdullah Aga Fountain,,D,blue,,,fountain,,Point(28.947497 41.045357),4.944,http://www.wikidata.org/entity/Q131368581,1.0,,,,http://www.wikidata.org/entity/Q483453,"('41.045357', '28.947497')"
4767,,41.046243,28.945445,Ali Riza Pasha Fountain,,D,blue,,,fountain,,Point(28.945445 41.046243),5.115,http://www.wikidata.org/entity/Q131368591,1.0,,,,http://www.wikidata.org/entity/Q483453,"('41.046243', '28.945445')"
4768,,41.011145,28.977983,Sublime Porte Fountains,,D,blue,,,fountain,,Point(28.977983 41.011145),0.559,http://www.wikidata.org/entity/Q131368598,1.0,,,,http://www.wikidata.org/entity/Q483453,"('41.011145', '28.977983')"
4769,,41.104577,29.056181,Emirgan Mosque Courtyard Fountain,,D,blue,,,fountain,,Point(29.056181 41.104577),12.828,http://www.wikidata.org/entity/Q131368631,1.0,,,,http://www.wikidata.org/entity/Q483453,"('41.104577', '29.056181')"
4770,,41.027987,28.979611,Tersane Emini Hacı Ahmet Ağa Fountain,,D,blue,,,fountain,,Point(28.979611 41.027987),2.423,http://www.wikidata.org/entity/Q131368642,1.0,,,,http://www.wikidata.org/entity/Q483453,"('41.027987', '28.979611')"
4771,,41.0098839,28.9674473,Caliph Cilvenaz Fountain,,D,blue,,,fountain,,Point(28.9674473 41.0098839),0.807,http://www.wikidata.org/entity/Q131368646,1.0,,,,http://www.wikidata.org/entity/Q483453,"('41.0098839', '28.9674473')"
4772,,41.0284309,28.9768677,Miralem Halil Ağa Fountain,,D,blue,,,fountain,,Point(28.9768677 41.0284309),2.453,http://www.wikidata.org/entity/Q131368648,1.0,,,,http://www.wikidata.org/entity/Q483453,"('41.0284309', '28.9768677')"
4773,,41.021667,28.941968,Hırka-i Şerif Mosque Fountain,,D,blue,,,fountain,,Point(28.941968 41.021667),3.314,http://www.wikidata.org/entity/Q131368655,1.0,,,,http://www.wikidata.org/entity/Q483453,"('41.021667', '28.941968')"
4774,,40.993957,29.044191,Sultan IV. Murat Fountain,,D,blue,,,fountain,,Point(29.044191 40.993957),5.897,http://www.wikidata.org/entity/Q131368658,1.0,,,,http://www.wikidata.org/entity/Q483453,"('40.993957', '29.044191')"
4775,,41.0224748,29.0145772,Aziz Mahmud Hudai Fountains,,D,blue,,,fountain,,Point(29.0145772 41.0224748),3.708,http://www.wikidata.org/entity/Q131368656,1.0,,,,http://www.wikidata.org/entity/Q483453,"('41.0224748', '29.0145772')"
4776,,41.0067,28.946801,Little Langa Street Fountain,,D,blue,,,fountain,,Point(28.946801 41.0067),2.439,http://www.wikidata.org/entity/Q131368664,1.0,,,,http://www.wikidata.org/entity/Q483453,"('41.0067', '28.946801')"
4777,,41.011055,28.967827,Grand Bazaar Halıcılar Street Fountain,,D,blue,,,fountain,,Point(28.967827 41.011055),0.852,http://www.wikidata.org/entity/Q131368672,1.0,,,,http://www.wikidata.org/entity/Q483453,"('41.011055', '28.967827')"
4778,,41.033015,28.980082,Kethüda Ali Ağa Fountain,,D,blue,,,fountain,,Point(28.980082 41.033015),2.982,http://www.wikidata.org/entity/Q131368680,1.0,,,,http://www.wikidata.org/entity/Q483453,"('41.033015', '28.980082')"
4779,,41.078845,29.045267,Lutfi Bey Fountain,,D,blue,,,fountain,,Point(29.045267 41.078845),9.939,http://www.wikidata.org/entity/Q131368690,1.0,,,,http://www.wikidata.org/entity/Q483453,"('41.078845', '29.045267')"
4780,,41.034779,28.98632,Silahdar Mehmet Ağa Fountain,,D,blue,,,fountain,,Point(28.98632 41.034779),3.277,http://www.wikidata.org/entity/Q131368698,1.0,,,,http://www.wikidata.org/entity/Q483453,"('41.034779', '28.98632')"
4781,,41.10148,29.054474,II. Mahmut Wall Fountain,,D,blue,,,fountain,,Point(29.054474 41.10148),12.46,http://www.wikidata.org/entity/Q131368696,1.0,,,,http://www.wikidata.org/entity/Q483453,"('41.10148', '29.054474')"
4782,,41.003286,28.979242,Mehmet Yazıcı Fountain,,D,blue,,,fountain,,Point(28.979242 41.003286),0.445,http://www.wikidata.org/entity/Q131368703,1.0,,,,http://www.wikidata.org/entity/Q483453,"('41.003286', '28.979242')"
4783,,41.048919,28.941306,Spring Water Fountain,,D,blue,,,fountain,,Point(28.941306 41.048919),5.548,http://www.wikidata.org/entity/Q131368704,1.0,,,,http://www.wikidata.org/entity/Q483453,"('41.048919', '28.941306')"
4784,,41.0157655,28.9200532,Merkez Efendi Lodge Fountain,,D,blue,,,fountain,,Point(28.9200532 41.0157655),4.798,http://www.wikidata.org/entity/Q131368705,1.0,,,,http://www.wikidata.org/entity/Q483453,"('41.0157655', '28.9200532')"
4785,,40.989225,28.914801,Merzifonlu Mustafa Pasha Fountain,,D,blue,,,fountain,,Point(28.914801 40.989225),5.468,http://www.wikidata.org/entity/Q131368715,1.0,,,,http://www.wikidata.org/entity/Q483453,"('40.989225', '28.914801')"
4786,,41.03704,28.961518,Nezir Agha Fountain,,D,blue,,,fountain,,Point(28.961518 41.03704),3.615,http://www.wikidata.org/entity/Q131368719,1.0,,,,http://www.wikidata.org/entity/Q483453,"('41.03704', '28.961518')"
4787,,41.045351,29.010587,Nuri Bey Fountain,,D,blue,,,fountain,,Point(29.010587 41.045351),5.221,http://www.wikidata.org/entity/Q131368723,1.0,,,,http://www.wikidata.org/entity/Q483453,"('41.045351', '29.010587')"
4788,,41.033132,28.983855,Pasha Baba Fountain,,D,blue,,,fountain,,Point(28.983855 41.033132),3.049,http://www.wikidata.org/entity/Q131368727,1.0,,,,http://www.wikidata.org/entity/Q483453,"('41.033132', '28.983855')"
4789,,41.036278,28.965382,Uzun Piyale Pasha Fountain,,D,blue,,,fountain,,Point(28.965382 41.036278),3.439,http://www.wikidata.org/entity/Q131368728,1.0,,,,http://www.wikidata.org/entity/Q483453,"('41.036278', '28.965382')"
4790,,41.0182686,29.0101662,Sinan Pasha Mosque Fountain,,D,blue,,,fountain,,Point(29.0101662 41.0182686),3.166,http://www.wikidata.org/entity/Q131368736,1.0,,,,http://www.wikidata.org/entity/Q483453,"('41.0182686', '29.0101662')"
4791,,41.025229,28.96797,Sokullu Mehmet Pasha Mosque Fountain,,D,blue,,,fountain,,Point(28.96797 41.025229),2.198,http://www.wikidata.org/entity/Q131368740,1.0,,,,http://www.wikidata.org/entity/Q483453,"('41.025229', '28.96797')"
4792,,41.048366,28.941062,Sutluce Fountain,,D,blue,,,fountain,,Point(28.941062 41.048366),5.506,http://www.wikidata.org/entity/Q131368744,1.0,,,,http://www.wikidata.org/entity/Q483453,"('41.048366', '28.941062')"
4793,,41.029211,28.981101,Kethüda Yusuf Efendi Fountain,,D,blue,,,fountain,,Point(28.981101 41.029211),2.576,http://www.wikidata.org/entity/Q131368758,1.0,,,,http://www.wikidata.org/entity/Q483453,"('41.029211', '28.981101')"
4794,,41.0251708,29.0137692,Balaban Lodge Wall Fountain,,D,blue,,,fountain,,Point(29.0137692 41.0251708),3.804,http://www.wikidata.org/entity/Q131368767,1.0,,,,http://www.wikidata.org/entity/Q483453,"('41.0251708', '29.0137692')"
4795,,41.021557,28.946201,Yusuf Efendi Fountain,,D,blue,,,fountain,,Point(28.946201 41.021557),3.007,http://www.wikidata.org/entity/Q131368765,1.0,,,,http://www.wikidata.org/entity/Q483453,"('41.021557', '28.946201')"
4796,,41.0521388,29.0108573,YTU Faculty of Architecture Fountain,,D,blue,,,fountain,,Point(29.0108573 41.0521388),5.873,http://www.wikidata.org/entity/Q131368773,1.0,,,,http://www.wikidata.org/entity/Q483453,"('41.0521388', '29.0108573')"
4798,,41.032558,28.933268,La'li Mustafa Ağa Namazgah Fountain,,D,blue,,,fountain,,Point(28.933268 41.032558),4.609,http://www.wikidata.org/entity/Q131368783,1.0,,,,http://www.wikidata.org/entity/Q483453,"('41.032558', '28.933268')"
4799,,41.033879,29.0256673,İsmet Bey Fountain,,D,blue,,,fountain,,Point(29.0256673 41.033879),5.177,http://www.wikidata.org/entity/Q131368795,1.0,,,,http://www.wikidata.org/entity/Q483453,"('41.033879', '29.0256673')"
4800,,41.0492565,28.9444294,Aktarlar Kahyasi Street Fountain,,D,blue,,,fountain,,Point(28.9444294 41.0492565),5.448,http://www.wikidata.org/entity/Q131368792,1.0,,,,http://www.wikidata.org/entity/Q483453,"('41.0492565', '28.9444294')"
4801,,41.0249329,28.9742279,Bereketzade Ali Efendi Mosque Fountain,,D,blue,,,fountain,,Point(28.9742279 41.0249329),2.067,http://www.wikidata.org/entity/Q131368806,1.0,,,,http://www.wikidata.org/entity/Q483453,"('41.0249329', '28.9742279')"
4802,,41.0528,28.8263262,Burmalı Fountain,,D,blue,,,fountain,,Point(28.8263262 41.0528),13.564,http://www.wikidata.org/entity/Q131368812,1.0,,,,http://www.wikidata.org/entity/Q483453,"('41.0528', '28.8263262')"
4803,,41.0265941,28.8741179,Genç Osman Fountain 1,,D,blue,,,fountain,,Point(28.8741179 41.0265941),8.828,http://www.wikidata.org/entity/Q131368821,1.0,,,,http://www.wikidata.org/entity/Q483453,"('41.0265941', '28.8741179')"
4804,,41.0450897,29.0453148,Mahmut II Square Fountain,,D,blue,,,fountain,,Point(29.0453148 41.0450897),7.243,http://www.wikidata.org/entity/Q131368832,1.0,,,,http://www.wikidata.org/entity/Q483453,"('41.0450897', '29.0453148')"
4805,,41.0036354,28.9285793,Hacı Beşir Ağa Column Fountain,,D,blue,,,fountain,,Point(28.9285793 41.0036354),3.98,http://www.wikidata.org/entity/Q131368838,1.0,,,,http://www.wikidata.org/entity/Q483453,"('41.0036354', '28.9285793')"
4806,,41.045062,29.009595,Bezmialem Valide Sultan Fountain,,D,blue,,,fountain,,Point(29.009595 41.045062),5.148,http://www.wikidata.org/entity/Q131368837,1.0,,,,http://www.wikidata.org/entity/Q483453,"('41.045062', '29.009595')"
4807,,41.0156364,29.0134315,Hafız İsa Ağa Fountain,,D,blue,,,fountain,,Point(29.0134315 41.0156364),3.315,http://www.wikidata.org/entity/Q131368840,1.0,,,,http://www.wikidata.org/entity/Q483453,"('41.0156364', '29.0134315')"
4808,,41.015205,29.011639,İsa Ağa Fountain,,D,blue,,,fountain,,Point(29.011639 41.015205),3.157,http://www.wikidata.org/entity/Q131368841,1.0,,,,http://www.wikidata.org/entity/Q483453,"('41.015205', '29.011639')"
4809,,41.0076294,28.9394817,Gulbuy Women's Fountain,,D,blue,,,fountain,,Point(28.9394817 41.0076294),3.057,http://www.wikidata.org/entity/Q131368851,1.0,,,,http://www.wikidata.org/entity/Q483453,"('41.0076294', '28.9394817')"
4810,,41.036377,28.9842682,Taksim Maksemi Fountain 2,,D,blue,,,fountain,,Point(28.9842682 41.036377),3.409,http://www.wikidata.org/entity/Q131368859,1.0,,,,http://www.wikidata.org/entity/Q483453,"('41.036377', '28.9842682')"
4811,,41.0449409,28.9983425,Amber Aga Fountain,,D,blue,,,fountain,,Point(28.9983425 41.0449409),4.684,http://www.wikidata.org/entity/Q131368856,1.0,,,,http://www.wikidata.org/entity/Q483453,"('41.0449409', '28.9983425')"
4812,,41.0631905,29.0405197,Makbule Atadan Mansion Fountain,,D,blue,,,fountain,,Point(29.0405197 41.0631905),8.325,http://www.wikidata.org/entity/Q131368857,1.0,,,,http://www.wikidata.org/entity/Q483453,"('41.0631905', '29.0405197')"
4813,,41.0767632,29.0422382,Yoğurtçu Zülfü Street Fountain,,D,blue,,,fountain,,Point(29.0422382 41.0767632),9.603,http://www.wikidata.org/entity/Q131368863,1.0,,,,http://www.wikidata.org/entity/Q483453,"('41.0767632', '29.0422382')"
4814,,41.0143547,28.9186745,Hamusan Cemetery Fountain,,D,blue,,,fountain,,Point(28.9186745 41.0143547),4.88,http://www.wikidata.org/entity/Q131368860,1.0,,,,http://www.wikidata.org/entity/Q483453,"('41.0143547', '28.9186745')"
4815,,41.0518188,28.8273582,Demirli Fountain,,D,blue,,,fountain,,Point(28.8273582 41.0518188),13.443,http://www.wikidata.org/entity/Q131368870,1.0,,,,http://www.wikidata.org/entity/Q483453,"('41.0518188', '28.8273582')"
4816,,41.0158386,29.0289898,Sheikhulislam Arif Hikmet Bey Fountain,,D,blue,,,fountain,,Point(29.0289898 41.0158386),4.579,http://www.wikidata.org/entity/Q131368895,1.0,,,,http://www.wikidata.org/entity/Q483453,"('41.0158386', '29.0289898')"
4817,,41.026886,28.8745632,Genç Osman Fountain 2,,D,blue,,,fountain,,Point(28.8745632 41.026886),8.8,http://www.wikidata.org/entity/Q131368896,1.0,,,,http://www.wikidata.org/entity/Q483453,"('41.026886', '28.8745632')"
4818,,41.0848198,29.0560951,Hisariçi Fountain,,D,blue,,,fountain,,Point(29.0560951 41.0848198),11.015,http://www.wikidata.org/entity/Q131368904,1.0,,,,http://www.wikidata.org/entity/Q483453,"('41.0848198', '29.0560951')"
4819,,41.0269699,28.9502354,Sultan Selim Street Fountain,,D,blue,,,fountain,,Point(28.9502354 41.0269699),3.141,http://www.wikidata.org/entity/Q131368905,1.0,,,,http://www.wikidata.org/entity/Q483453,"('41.0269699', '28.9502354')"
4820,,41.0309906,28.9495239,Yıldırım Street Fountain,,D,blue,,,fountain,,Point(28.9495239 41.0309906),3.518,http://www.wikidata.org/entity/Q131368910,1.0,,,,http://www.wikidata.org/entity/Q483453,"('41.0309906', '28.9495239')"
4821,,41.0038452,28.960537,Sevgi Street Fountain,,D,blue,,,fountain,,Point(28.960537 41.0038452),1.317,http://www.wikidata.org/entity/Q131368932,1.0,,,,http://www.wikidata.org/entity/Q483453,"('41.0038452', '28.960537')"
4822,,41.0214691,28.9621315,Yavuz Sinan Fountain,,D,blue,,,fountain,,Point(28.9621315 41.0214691),2.036,http://www.wikidata.org/entity/Q131368933,1.0,,,,http://www.wikidata.org/entity/Q483453,"('41.0214691', '28.9621315')"
4823,,41.0185432,29.0126839,Musketeer Şakir Bey Fountain,,D,blue,,,fountain,,Point(29.0126839 41.0185432),3.372,http://www.wikidata.org/entity/Q131368938,1.0,,,,http://www.wikidata.org/entity/Q483453,"('41.0185432', '29.0126839')"
4824,,41.0098076,28.9528008,Pertevniyal Valide Sultan Mosque Fountains,,D,blue,,,fountain,,Point(28.9528008 41.0098076),1.973,http://www.wikidata.org/entity/Q131368949,1.0,,,,http://www.wikidata.org/entity/Q483453,"('41.0098076', '28.9528008')"
4825,,41.0379372,28.8808594,Nene Hatun Fountain,,D,blue,,,fountain,,Point(28.8808594 41.0379372),8.708,http://www.wikidata.org/entity/Q131369022,1.0,,,,http://www.wikidata.org/entity/Q483453,"('41.0379372', '28.8808594')"
4826,,41.0545273,28.8722744,Atışalani Fountain,,D,blue,,,fountain,,Point(28.8722744 41.0545273),10.206,http://www.wikidata.org/entity/Q131369023,1.0,,,,http://www.wikidata.org/entity/Q483453,"('41.0545273', '28.8722744')"
4827,,41.033886,28.8953686,Yavuz Selim Fountain,,D,blue,,,fountain,,Point(28.8953686 41.033886),7.414,http://www.wikidata.org/entity/Q131369024,1.0,,,,http://www.wikidata.org/entity/Q483453,"('41.033886', '28.8953686')"
4828,,41.046978,29.05406,Bekir Efendi Fountain,,D,blue,,,fountain,,Point(29.05406 41.046978),7.962,http://www.wikidata.org/entity/Q131369036,1.0,,,,http://www.wikidata.org/entity/Q483453,"('41.046978', '29.05406')"
4829,,41.0155449,28.9742298,Abdulhamid I Tomb Fountains,,D,blue,,,fountain,,Point(28.9742298 41.0155449),1.028,http://www.wikidata.org/entity/Q131369042,1.0,,,,http://www.wikidata.org/entity/Q483453,"('41.0155449', '28.9742298')"
4830,,41.0140305,28.9785652,Akşehirli Ata Fountain,,D,blue,,,fountain,,Point(28.9785652 41.0140305),0.88,http://www.wikidata.org/entity/Q131369044,1.0,,,,http://www.wikidata.org/entity/Q483453,"('41.0140305', '28.9785652')"
4831,,41.0129509,29.0180893,Müfide Kadri Hanım Fountain,,D,blue,,,fountain,,Point(29.0180893 41.0129509),3.617,http://www.wikidata.org/entity/Q131369071,1.0,,,,http://www.wikidata.org/entity/Q483453,"('41.0129509', '29.0180893')"
4832,,41.0452843,29.0051613,Maşuklar Hill Fountain,,D,blue,,,fountain,,Point(29.0051613 41.0452843),4.975,http://www.wikidata.org/entity/Q131369074,1.0,,,,http://www.wikidata.org/entity/Q483453,"('41.0452843', '29.0051613')"
4833,,41.0121803,28.9606476,Grand Vizier Seyyid Hasan Pasha Fountain,,D,blue,,,fountain,,Point(28.9606476 41.0121803),1.431,http://www.wikidata.org/entity/Q131369078,1.0,,,,http://www.wikidata.org/entity/Q483453,"('41.0121803', '28.9606476')"
4834,,41.0396194,28.9405632,Mehmet Ağa and Hacı İbrahim Fountain,,D,blue,,,fountain,,Point(28.9405632 41.0396194),4.736,http://www.wikidata.org/entity/Q131369079,1.0,,,,http://www.wikidata.org/entity/Q483453,"('41.0396194', '28.9405632')"
4835,,41.0329361,28.9756641,"Virgin Mary Greek Orthodox Church Fountain, Asmalı Mescit",,D,blue,,,fountain,,Point(28.9756641 41.0329361),2.953,http://www.wikidata.org/entity/Q131369083,1.0,,,,http://www.wikidata.org/entity/Q483453,"('41.0329361', '28.9756641')"
4836,,41.0421829,29.0056229,Uğur Mumcu Park Fountain,,D,blue,,,fountain,,Point(29.0056229 41.0421829),4.698,http://www.wikidata.org/entity/Q131369110,1.0,,,,http://www.wikidata.org/entity/Q483453,"('41.0421829', '29.0056229')"
4837,,41.0150375,28.9780674,Sirkeci Train Station Fountain,,D,blue,,,fountain,,Point(28.9780674 41.0150375),0.98,http://www.wikidata.org/entity/Q131369115,1.0,,,,http://www.wikidata.org/entity/Q483453,"('41.0150375', '28.9780674')"
4838,,41.0284615,29.0241413,Uzbekler Lodge Fountain,,D,blue,,,fountain,,Point(29.0241413 41.0284615),4.736,http://www.wikidata.org/entity/Q131369113,1.0,,,,http://www.wikidata.org/entity/Q483453,"('41.0284615', '29.0241413')"
4839,,41.0803871,29.0525112,Kayalar Masjid Fatma Rana Hanım Charity,,D,blue,,,fountain,,Point(29.0525112 41.0803871),10.441,http://www.wikidata.org/entity/Q131369119,1.0,,,,http://www.wikidata.org/entity/Q483453,"('41.0803871', '29.0525112')"
4840,,41.0435448,29.0443459,Araba Meydanı Fountain,,D,blue,,,fountain,,Point(29.0443459 41.0435448),7.076,http://www.wikidata.org/entity/Q131369124,1.0,,,,http://www.wikidata.org/entity/Q483453,"('41.0435448', '29.0443459')"
4841,,41.0118027,28.9673367,Astarcı Han'daki Çeşme,,D,blue,,,fountain,,Point(28.9673367 41.0118027),0.936,http://www.wikidata.org/entity/Q131369134,1.0,,,,http://www.wikidata.org/entity/Q483453,"('41.0118027', '28.9673367')"
4842,,40.9742737,28.8587399,Ataköy Baruthane-i Âmire Fountain,,D,blue,,,fountain,,Point(28.8587399 40.9742737),10.459,http://www.wikidata.org/entity/Q131369143,1.0,,,,http://www.wikidata.org/entity/Q483453,"('40.9742737', '28.8587399')"
4843,,41.0106812,28.9770126,Hacı Beşir Ağa Madrasa Fountain,,D,blue,,,fountain,,Point(28.9770126 41.0106812),0.488,http://www.wikidata.org/entity/Q131369185,1.0,,,,http://www.wikidata.org/entity/Q483453,"('41.0106812', '28.9770126')"
4844,,41.0386353,28.9437771,Şatır Hasan Ağa Fountain Well,,D,blue,,,fountain,,Point(28.9437771 41.0386353),4.484,http://www.wikidata.org/entity/Q131369199,1.0,,,,http://www.wikidata.org/entity/Q483453,"('41.0386353', '28.9437771')"
4845,,41.00432,29.07118,Emaar Square Istanbul,,D,blue,,,building,,Point(29.07118 41.00432),8.001,http://www.wikidata.org/entity/Q131388724,1.0,,,https://en.wikipedia.org/wiki/Emaar_Square_Istanbul,http://www.wikidata.org/entity/Q41176,"('41.00432', '29.07118')"
4846,,41.022368,29.014333,Aziz Mahmud Hudai Tomb,,D,blue,,,türbe,,Point(29.014333 41.022368),3.684,http://www.wikidata.org/entity/Q131390961,1.0,,,,http://www.wikidata.org/entity/Q838159,"('41.022368', '29.014333')"
4847,,41.004895,28.931301,Tomb of Ramazan Efendi,,D,blue,,,türbe,,Point(28.931301 41.004895),3.743,http://www.wikidata.org/entity/Q131390987,1.0,,,,http://www.wikidata.org/entity/Q838159,"('41.004895', '28.931301')"
4848,,41.006137,28.921505,Seyyid Mehmed Haydar Dede Tomb,,D,blue,,,türbe,,Point(28.921505 41.006137),4.562,http://www.wikidata.org/entity/Q131390991,1.0,,,,http://www.wikidata.org/entity/Q838159,"('41.006137', '28.921505')"
4849,,41.0070848,28.926996,Seyyid Seyfullah Kasım Efendi Tomb and Burial,,D,blue,,,türbe,,Point(28.926996 41.0070848),4.102,http://www.wikidata.org/entity/Q131390993,1.0,,,,http://www.wikidata.org/entity/Q838159,"('41.0070848', '28.926996')"
4850,,41.046246,29.003934,Tuz Baba Tomb,,D,blue,,,türbe,,Point(29.003934 41.046246),5.019,http://www.wikidata.org/entity/Q131391002,1.0,,,,http://www.wikidata.org/entity/Q838159,"('41.046246', '29.003934')"
4852,,41.015336,28.961178,Cenderrecizade Muhittin Çelebi Tomb,,D,blue,,,türbe,,Point(28.961178 41.015336),1.585,http://www.wikidata.org/entity/Q131391011,1.0,,,,http://www.wikidata.org/entity/Q838159,"('41.015336', '28.961178')"
4854,,41.026271,28.951647,Tomb of Yavuz Sultan Selim,,D,blue,,,türbe,,Point(28.951647 41.026271),3.004,http://www.wikidata.org/entity/Q131391009,1.0,,,,http://www.wikidata.org/entity/Q838159,"('41.026271', '28.951647')"
4855,,41.006563,28.972816,Fuat Pasha Tomb,,D,blue,,,türbe,,Point(28.972816 41.006563),0.257,http://www.wikidata.org/entity/Q131391013,1.0,,,,http://www.wikidata.org/entity/Q838159,"('41.006563', '28.972816')"
4856,,41.023699,28.969529,Yunus Dede Tomb,,D,blue,,,türbe,,Point(28.969529 41.023699),1.998,http://www.wikidata.org/entity/Q131391026,1.0,,,,http://www.wikidata.org/entity/Q838159,"('41.023699', '28.969529')"
4857,,41.033203,28.987494,Tomb of Ascetic Baba,,D,blue,,,türbe,,Point(28.987494 41.033203),3.138,http://www.wikidata.org/entity/Q131391025,1.0,,,,http://www.wikidata.org/entity/Q838159,"('41.033203', '28.987494')"
4859,,41.047583,28.935418,Abdurrahman Pasha Tomb,,D,blue,,,türbe,,Point(28.935418 41.047583),5.701,http://www.wikidata.org/entity/Q131391031,1.0,,,,http://www.wikidata.org/entity/Q838159,"('41.047583', '28.935418')"
4860,,41.0133471,28.9576757,Tomb of Prince Mehmet,,D,blue,,,türbe,,Point(28.9576757 41.0133471),1.712,http://www.wikidata.org/entity/Q131391028,1.0,,,,http://www.wikidata.org/entity/Q838159,"('41.0133471', '28.9576757')"
4861,,41.026551,28.95196,Abdulmecit Tomb,,D,blue,,,türbe,,Point(28.95196 41.026551),3.009,http://www.wikidata.org/entity/Q131391032,1.0,,,,http://www.wikidata.org/entity/Q838159,"('41.026551', '28.95196')"
4862,,41.0097971,28.9656231,Bayezid-i Veli Tomb,,D,blue,,,türbe,,Point(28.9656231 41.0097971),0.94,http://www.wikidata.org/entity/Q131391041,1.0,,,,http://www.wikidata.org/entity/Q838159,"('41.0097971', '28.9656231')"
4863,,40.990971,28.915709,Tomb of Derya-i Ali Baba,,D,blue,,,türbe,,Point(28.915709 40.990971),5.332,http://www.wikidata.org/entity/Q131391049,1.0,,,,http://www.wikidata.org/entity/Q838159,"('40.990971', '28.915709')"
4865,,41.024717,29.015503,Gülnuş Emetullah Valide Sultan Tomb,,D,blue,,,türbe,,Point(29.015503 41.024717),3.9,http://www.wikidata.org/entity/Q131391058,1.0,,,,http://www.wikidata.org/entity/Q838159,"('41.024717', '29.015503')"
4867,,41.0194206,29.0118484,Hacı Ahmed Pasha Tomb,,D,blue,,,türbe,,Point(29.0118484 41.0194206),3.349,http://www.wikidata.org/entity/Q131391061,1.0,,,,http://www.wikidata.org/entity/Q838159,"('41.0194206', '29.0118484')"
4868,,41.013226,29.02004,Tomb of Karaca Ahmet,,D,blue,,,türbe,,Point(29.02004 41.013226),3.783,http://www.wikidata.org/entity/Q131391075,1.0,,,,http://www.wikidata.org/entity/Q838159,"('41.013226', '29.02004')"
4869,,41.0686722,28.9817562,Mahmut Şevket Pasha Tomb,,D,blue,,,türbe,,Point(28.9817562 41.0686722),6.944,http://www.wikidata.org/entity/Q131391083,1.0,,,,http://www.wikidata.org/entity/Q838159,"('41.0686722', '28.9817562')"
4870,,41.0078784,28.9793667,Sultan III. Murat Tomb,,D,blue,,,türbe,,Point(28.9793667 41.0078784),0.337,http://www.wikidata.org/entity/Q131391091,1.0,,,,http://www.wikidata.org/entity/Q838159,"('41.0078784', '28.9793667')"
4871,,41.047565,28.934634,Mirimiran Mehmet Agha Tomb,,D,blue,,,türbe,,Point(28.934634 41.047565),5.739,http://www.wikidata.org/entity/Q131391088,1.0,,,,http://www.wikidata.org/entity/Q838159,"('41.047565', '28.934634')"
4872,,41.0096291,28.9653629,Mustafa Reşit Pasha Tomb,,D,blue,,,türbe,,Point(28.9653629 41.0096291),0.953,http://www.wikidata.org/entity/Q131391094,1.0,,,,http://www.wikidata.org/entity/Q838159,"('41.0096291', '28.9653629')"
4873,,41.02515,28.941375,Mustafa Rakım Efendi Tomb,,D,blue,,,türbe,,Point(28.941375 41.02515),3.568,http://www.wikidata.org/entity/Q131391092,1.0,,,,http://www.wikidata.org/entity/Q838159,"('41.02515', '28.941375')"
4874,,41.024304,28.944992,Nişancı Mehmet Pasha Tomb,,D,blue,,,türbe,,Point(28.944992 41.024304),3.268,http://www.wikidata.org/entity/Q131391097,1.0,,,,http://www.wikidata.org/entity/Q838159,"('41.024304', '28.944992')"
4875,,41.0079155,28.9797344,Sultan II. Selim Tomb,,D,blue,,,türbe,,Point(28.9797344 41.0079155),0.366,http://www.wikidata.org/entity/Q131391103,1.0,,,,http://www.wikidata.org/entity/Q838159,"('41.0079155', '28.9797344')"
4876,,41.0132257,28.957555,Rustem Pasha Tomb,,D,blue,,,türbe,,Point(28.957555 41.0132257),1.715,http://www.wikidata.org/entity/Q131391100,1.0,,,,http://www.wikidata.org/entity/Q838159,"('41.0132257', '28.957555')"
4877,,41.0098376,28.9657947,Selcuk Hatun Tomb,,D,blue,,,türbe,,Point(28.9657947 41.0098376),0.929,http://www.wikidata.org/entity/Q131391105,1.0,,,,http://www.wikidata.org/entity/Q838159,"('41.0098376', '28.9657947')"
4878,,41.0269846,29.0161532,Ibrahim Ethem Pasha Tomb,,D,blue,,,türbe,,Point(29.0161532 41.0269846),4.083,http://www.wikidata.org/entity/Q131391117,1.0,,,,http://www.wikidata.org/entity/Q838159,"('41.0269846', '29.0161532')"
4879,,41.0079689,28.9793587,Hagia Sophia Tomb of Princes,,D,blue,,,türbe,,Point(28.9793587 41.0079689),0.342,http://www.wikidata.org/entity/Q131391130,1.0,,,,http://www.wikidata.org/entity/Q838159,"('41.0079689', '28.9793587')"
4880,,41.0132803,28.9573646,Tomb of Sheikhulislam Bostanzade Mehmet,,D,blue,,,türbe,,Point(28.9573646 41.0132803),1.732,http://www.wikidata.org/entity/Q131391136,1.0,,,,http://www.wikidata.org/entity/Q838159,"('41.0132803', '28.9573646')"
4881,,41.0034599,28.9288197,Safiye Sultan Tomb,,D,blue,,,türbe,,Point(28.9288197 41.0034599),3.961,http://www.wikidata.org/entity/Q131391157,1.0,,,,http://www.wikidata.org/entity/Q838159,"('41.0034599', '28.9288197')"
4882,,41.028621,29.024341,Tomb of Ali Rıza Efendi,,D,blue,,,türbe,,Point(29.024341 41.028621),4.759,http://www.wikidata.org/entity/Q131391163,1.0,,,,http://www.wikidata.org/entity/Q838159,"('41.028621', '29.024341')"
4883,,41.0139008,29.0198479,Nişancı Hamza Pasha Tomb,,D,blue,,,türbe,,Point(29.0198479 41.0139008),3.783,http://www.wikidata.org/entity/Q131391160,1.0,,,,http://www.wikidata.org/entity/Q838159,"('41.0139008', '29.0198479')"
4884,,41.0082595,28.9718862,Köprülü Mehmet Pasha Tomb,,D,blue,,,türbe,,Point(28.9718862 41.0082595),0.394,http://www.wikidata.org/entity/Q131391170,1.0,,,,http://www.wikidata.org/entity/Q838159,"('41.0082595', '28.9718862')"
4885,,41.0316102,28.9485408,Huseyin Sadik Tomb,,D,blue,,,türbe,,Point(28.9485408 41.0316102),3.623,http://www.wikidata.org/entity/Q131391169,1.0,,,,http://www.wikidata.org/entity/Q838159,"('41.0316102', '28.9485408')"
4887,,41.0002793,28.9233817,Saçlı Kasım Efendi Tomb,,D,blue,,,türbe,,Point(28.9233817 41.0002793),4.456,http://www.wikidata.org/entity/Q131391177,1.0,,,,http://www.wikidata.org/entity/Q838159,"('41.0002793', '28.9233817')"
4888,,41.0070141,28.9771914,Tomb of Sultan Ahmet,,D,blue,,,türbe,,Point(28.9771914 41.0070141),0.131,http://www.wikidata.org/entity/Q131391181,1.0,,,,http://www.wikidata.org/entity/Q838159,"('41.0070141', '28.9771914')"
4889,,41.0264053,28.9518814,Tomb of the Princes,,D,blue,,,türbe,,Point(28.9518814 41.0264053),3.001,http://www.wikidata.org/entity/Q131391244,1.0,,,,http://www.wikidata.org/entity/Q838159,"('41.0264053', '28.9518814')"
4890,,41.0244446,29.0109806,Rum Mehmet Pasha Tomb,,D,blue,,,türbe,,Point(29.0109806 41.0244446),3.565,http://www.wikidata.org/entity/Q131391280,1.0,,,,http://www.wikidata.org/entity/Q838159,"('41.0244446', '29.0109806')"
4891,,41.0268745,28.9456329,Mehmet Agha Tomb,,D,blue,,,türbe,,Point(28.9456329 41.0268745),3.41,http://www.wikidata.org/entity/Q131391295,1.0,,,,http://www.wikidata.org/entity/Q838159,"('41.0268745', '28.9456329')"
4892,,41.0260239,29.0114441,Şemsi Ahmet Pasha Tomb,,D,blue,,,türbe,,Point(29.0114441 41.0260239),3.698,http://www.wikidata.org/entity/Q131391296,1.0,,,,http://www.wikidata.org/entity/Q838159,"('41.0260239', '29.0114441')"
4893,,41.0079994,28.9237804,Bala Suleyman Agha Tomb,,D,blue,,,türbe,,Point(28.9237804 41.0079994),4.374,http://www.wikidata.org/entity/Q131391439,1.0,,,,http://www.wikidata.org/entity/Q838159,"('41.0079994', '28.9237804')"
4895,,41.0241051,29.0108395,Tomb of Poet Şem'i Şem'ullah Efendi,,D,blue,,,türbe,,Point(29.0108395 41.0241051),3.534,http://www.wikidata.org/entity/Q131391478,1.0,,,,http://www.wikidata.org/entity/Q838159,"('41.0241051', '29.0108395')"
4896,,41.0123482,28.9783897,Ünsi Hasan Efendi Tomb,,D,blue,,,türbe,,Point(28.9783897 41.0123482),0.696,http://www.wikidata.org/entity/Q131391555,1.0,,,,http://www.wikidata.org/entity/Q838159,"('41.0123482', '28.9783897')"
4897,,41.0181923,28.9508591,Nakşidil Valide Sultan Tomb,,D,blue,,,külliye,,Point(28.9508591 41.0181923),2.476,http://www.wikidata.org/entity/Q131391562,1.0,,,,http://www.wikidata.org/entity/Q71974,"('41.0181923', '28.9508591')"
4899,,41.0212898,29.0091209,Ekmek Yemez Lodge Tomb,,D,blue,,,türbe,,Point(29.0091209 41.0212898),3.245,http://www.wikidata.org/entity/Q131391639,1.0,,,,http://www.wikidata.org/entity/Q838159,"('41.0212898', '29.0091209')"
4900,,40.9532204,29.0962963,Bostancı Bridge,,D,blue,,,bridge,,Point(29.0962963 40.9532204),11.71,http://www.wikidata.org/entity/Q131402656,1.0,,,,http://www.wikidata.org/entity/Q12280,"('40.9532204', '29.0962963')"
4901,,41.0198479,29.0205574,Çavuşdere Bridge,,D,blue,,,ruins,,Point(29.0205574 41.0198479),4.037,http://www.wikidata.org/entity/Q131403389,1.0,,,,http://www.wikidata.org/entity/Q109607,"('41.0198479', '29.0205574')"
4902,,40.993659,29.1049181,Q131468157,,D,blue,,,sports venue,,Point(29.1049181 40.993659),10.921,http://www.wikidata.org/entity/Q131468157,1.0,,,,http://www.wikidata.org/entity/Q1076486,"('40.993659', '29.1049181')"
4903,,40.9766655,29.0416603,Agios Ioannis Chrysostomos Greek Orthodox Church,,D,blue,,,church building,,Point(29.0416603 40.9766655),6.435,http://www.wikidata.org/entity/Q131526908,1.0,,,,http://www.wikidata.org/entity/Q16970,"('40.9766655', '29.0416603')"
4904,,40.9570503,28.8214302,Agios Stefanos Greek Orthodox Church,,D,blue,,,church building,,Point(28.8214302 40.9570503),14.076,http://www.wikidata.org/entity/Q131527009,1.0,,,,http://www.wikidata.org/entity/Q16970,"('40.9570503', '28.8214302')"
4905,,41.0258217,28.9802952,Aya Triada Church,,D,blue,,,church building,,Point(28.9802952 41.0258217),2.193,http://www.wikidata.org/entity/Q131527061,1.0,,,,http://www.wikidata.org/entity/Q16970,"('41.0258217', '28.9802952')"
4906,,41.0774002,29.0411282,Agios Charalambos Church,,D,blue,,,church building,,Point(29.0411282 41.0774002),9.608,http://www.wikidata.org/entity/Q131539178,1.0,,,,http://www.wikidata.org/entity/Q16970,"('41.0774002', '29.0411282')"
4907,,41.111472222222,29.058138888889,Müşir Fuat Paşa Yalı,,D,blue,,,yalı,,Point(29.058138888 41.111472222),13.569,http://www.wikidata.org/entity/Q131584491,1.0,,,,http://www.wikidata.org/entity/Q2142647,"('41.111472222222', '29.058138888889')"
4909,,41.033694444444,28.912111111111,Q131691003,,D,blue,,,tram stop,,Point(28.912111111 41.033694444),6.151,http://www.wikidata.org/entity/Q131691003,1.0,,,,http://www.wikidata.org/entity/Q2175765,"('41.033694444444', '28.912111111111')"
4910,,41.033762134605,28.921593974043,Bayrampaşa,,D,blue,,,tram stop,,Point(28.921593974 41.033762134),5.477,http://www.wikidata.org/entity/Q131691023,1.0,,,,http://www.wikidata.org/entity/Q2175765,"('41.033762134605', '28.921593974043')"
4911,,41.046204117958,28.933015675759,Eyüpsultan,,D,blue,,,tram stop,,Point(28.933015675 41.046204117),5.703,http://www.wikidata.org/entity/Q131691199,1.0,,,,http://www.wikidata.org/entity/Q2175765,"('41.046204117958', '28.933015675759')"
4912,,41.009444444444,28.962222222222,İstanbul Orhan Kemal Public Library,,D,blue,,,library,,Point(28.962222222 41.009444444),1.195,http://www.wikidata.org/entity/Q131721718,1.0,,,,http://www.wikidata.org/entity/Q7075,"('41.009444444444', '28.962222222222')"
4913,,41.01971323595,28.944958805198,Doğramacı Mehmed Ağa Fountain,,D,blue,,,fountain,,Point(28.944958805 41.019713235),2.987,http://www.wikidata.org/entity/Q131727527,1.0,,,,http://www.wikidata.org/entity/Q483453,"('41.01971323595', '28.944958805198')"
4914,,41.026861111111,28.947916666667,Şeyhülislam Esat Efendi Madrasah,,D,blue,,,madrasa,,Point(28.947916666 41.026861111),3.269,http://www.wikidata.org/entity/Q131736267,1.0,,,,http://www.wikidata.org/entity/Q132834,"('41.026861111111', '28.947916666667')"
4915,,41.022833333333,28.950333333333,Yeniçeşme Madrasah,,D,blue,,,madrasa,,Point(28.950333333 41.022833333),2.817,http://www.wikidata.org/entity/Q131736691,1.0,,,,http://www.wikidata.org/entity/Q132834,"('41.022833333333', '28.950333333333')"
4916,,41.003506,28.972531,Çardaklı Hamam,,D,blue,,,hammam,,Point(28.972531 41.003506),0.425,http://www.wikidata.org/entity/Q131738553,1.0,,,,http://www.wikidata.org/entity/Q28077,"('41.003506', '28.972531')"
4917,,41.006545,28.981254,İshak Paşa Baths,,D,blue,,,hammam,,Point(28.981254 41.006545),0.452,http://www.wikidata.org/entity/Q131738570,1.0,,,,http://www.wikidata.org/entity/Q28077,"('41.006545', '28.981254')"
4918,,41.028049,28.955577,Ayakapı Baths,,D,blue,,,hammam,,Point(28.955577 41.028049),2.95,http://www.wikidata.org/entity/Q131738574,1.0,,,,http://www.wikidata.org/entity/Q28077,"('41.028049', '28.955577')"
4919,,41.014571,28.919885,Merkez Efendi Baths,,D,blue,,,hammam,,Point(28.919885 41.014571),4.785,http://www.wikidata.org/entity/Q131738575,1.0,,,,http://www.wikidata.org/entity/Q28077,"('41.014571', '28.919885')"
4920,,41.005348,28.968946,Kadırga Baths,,D,blue,,,hammam,,Point(28.968946 41.005348),0.592,http://www.wikidata.org/entity/Q131738573,1.0,,,,http://www.wikidata.org/entity/Q28077,"('41.005348', '28.968946')"
4921,,41.02007,29.045204,Altunizade İsmail Paşa Baths,,D,blue,,,hammam,,Point(29.045204 41.02007),6.013,http://www.wikidata.org/entity/Q131738579,1.0,,,,http://www.wikidata.org/entity/Q28077,"('41.02007', '29.045204')"
4922,,41.026738,28.944817,Baths of Mehmet Ağa,,D,blue,,,hammam,,Point(28.944817 41.026738),3.451,http://www.wikidata.org/entity/Q131738598,1.0,,,,http://www.wikidata.org/entity/Q28077,"('41.026738', '28.944817')"
4923,,41.019785,29.028341,Çinili Baths,,D,blue,,,hammam,,Point(29.028341 41.019785),4.648,http://www.wikidata.org/entity/Q131738607,1.0,,,,http://www.wikidata.org/entity/Q28077,"('41.019785', '29.028341')"
4924,,41.018736,29.070892,Bulgurlu Baths,,D,blue,,,hammam,,Point(29.070892 41.018736),8.09,http://www.wikidata.org/entity/Q131738622,1.0,,,,http://www.wikidata.org/entity/Q28077,"('41.018736', '29.070892')"
4925,,41.0224953,29.0289783,ancient ruins of the Muratreis Baths,,D,blue,,,hammam,,Point(29.0289783 41.0224953),4.802,http://www.wikidata.org/entity/Q131739062,1.0,,,,http://www.wikidata.org/entity/Q28077,"('41.0224953', '29.0289783')"
4926,,41.0126801,28.9851112,Enderun Hammam,,D,blue,,,hammam,,Point(28.9851112 41.0126801),1.045,http://www.wikidata.org/entity/Q131739150,1.0,,,,http://www.wikidata.org/entity/Q28077,"('41.0126801', '28.9851112')"
4927,,41.027229,29.016325,Mihrimah Sultan Medresesi,,D,blue,,,madrasa,,Point(29.016325 41.027229),4.11,http://www.wikidata.org/entity/Q131741253,1.0,,,,http://www.wikidata.org/entity/Q132834,"('41.027229', '29.016325')"
4928,,41.008816,28.942831,Bayrampaşa Külliyesi Medresesi,,D,blue,,,madrasa,,Point(28.942831 41.008816),2.785,http://www.wikidata.org/entity/Q131741256,1.0,,,,http://www.wikidata.org/entity/Q132834,"('41.008816', '28.942831')"
4929,,41.006544,28.977278,Sultan Ahmet Medresesi,,D,blue,,,madrasa,,Point(28.977278 41.006544),0.119,http://www.wikidata.org/entity/Q131741267,1.0,,,,http://www.wikidata.org/entity/Q132834,"('41.006544', '28.977278')"
4930,,41.010749,28.976985,Hacı Beşir Ağa Medresesi,,D,blue,,,madrasa,,Point(28.976985 41.010749),0.495,http://www.wikidata.org/entity/Q131741275,1.0,,,,http://www.wikidata.org/entity/Q132834,"('41.010749', '28.976985')"
4931,,41.025465,28.940885,Cedid Ali Paşa Medresesi,,D,blue,,,madrasa,,Point(28.940885 41.025465),3.622,http://www.wikidata.org/entity/Q131741289,1.0,,,,http://www.wikidata.org/entity/Q132834,"('41.025465', '28.940885')"
4932,,41.009317,28.979864,Ayasofya Medresesi,,D,blue,,,madrasa,,Point(28.979864 41.009317),0.468,http://www.wikidata.org/entity/Q131741302,1.0,,,,http://www.wikidata.org/entity/Q132834,"('41.009317', '28.979864')"
4933,,41.016993,28.94987,Feyzullah Efendi Medresesi,,D,blue,,,madrasa,,Point(28.94987 41.016993),2.48,http://www.wikidata.org/entity/Q131741307,1.0,,,,http://www.wikidata.org/entity/Q132834,"('41.016993', '28.94987')"
4934,,41.0249885,28.9426467,Kaba Halil Efendi Medresesi,,D,blue,,,madrasa,,Point(28.9426467 41.0249885),3.471,http://www.wikidata.org/entity/Q131741305,1.0,,,,http://www.wikidata.org/entity/Q132834,"('41.0249885', '28.9426467')"
4935,,41.014976,28.95901,Ekmekçizade Ahmet Paşa Medresesi,,D,blue,,,madrasa,,Point(28.95901 41.014976),1.707,http://www.wikidata.org/entity/Q131741310,1.0,,,,http://www.wikidata.org/entity/Q132834,"('41.014976', '28.95901')"
4936,,41.002968,28.971659,Küçük Ayasofya Medresesi,,D,blue,,,madrasa,,Point(28.971659 41.002968),0.519,http://www.wikidata.org/entity/Q131741312,1.0,,,,http://www.wikidata.org/entity/Q132834,"('41.002968', '28.971659')"
4937,,41.0081253,28.972023,Köprülü Mehmet Paşa Medresesi,,D,blue,,,madrasa,,Point(28.972023 41.0081253),0.377,http://www.wikidata.org/entity/Q131741379,1.0,,,,http://www.wikidata.org/entity/Q132834,"('41.0081253', '28.972023')"
4938,,41.0259514,29.0110493,Şemsi Paşa Medresesi,,D,blue,,,madrasa,,Point(29.0110493 41.0259514),3.667,http://www.wikidata.org/entity/Q131741383,1.0,,,,http://www.wikidata.org/entity/Q132834,"('41.0259514', '29.0110493')"
4939,,41.0159683,28.9199276,Merkez Efendi Darülkurrası,,D,blue,,,madrasa,,Point(28.9199276 41.0159683),4.813,http://www.wikidata.org/entity/Q131741407,1.0,,,,http://www.wikidata.org/entity/Q132834,"('41.0159683', '28.9199276')"
4940,,41.0119095,28.9779739,Şah-ı Huban Medresesi,,D,blue,,,madrasa,,Point(28.9779739 41.0119095),0.64,http://www.wikidata.org/entity/Q131741483,1.0,,,,http://www.wikidata.org/entity/Q132834,"('41.0119095', '28.9779739')"
4941,,41.009211970449,28.978403300103,Abud Efendi Mansion,,D,blue,,,konak,,Point(28.9784033 41.00921197),0.38,http://www.wikidata.org/entity/Q131758132,1.0,,,,http://www.wikidata.org/entity/Q522124,"('41.009211970449', '28.978403300103')"
4943,,41.042027,29.044386,Abdullah Ağa Fountain (Beylerbeyi),,D,blue,,,fountain,,Point(29.044386 41.042027),6.981,http://www.wikidata.org/entity/Q131835999,1.0,,,,http://www.wikidata.org/entity/Q483453,"('41.042027', '29.044386')"
4944,,41.008572,28.970329,Hekimoğlu Ali Paşa Fountain (Mollafenari),,D,blue,,,fountain,,Point(28.970329 41.008572),0.525,http://www.wikidata.org/entity/Q131836004,1.0,,,,http://www.wikidata.org/entity/Q483453,"('41.008572', '28.970329')"
4945,,41.01585,29.021706,Abbas Ağa Fountain (Zeynep Kamil),,D,blue,,,fountain,,Point(29.021706 41.01585),3.987,http://www.wikidata.org/entity/Q131836059,1.0,,,,http://www.wikidata.org/entity/Q483453,"('41.01585', '29.021706')"
4946,,41.04874,29.006844,Ali Bey Fountain (Yıldız),,D,blue,,,fountain,,Point(29.006844 41.04874),5.379,http://www.wikidata.org/entity/Q131836062,1.0,,,,http://www.wikidata.org/entity/Q483453,"('41.04874', '29.006844')"
4948,,41.0886604,29.0556087,"İbrahim Efendi Fountain, Rumelihisarı",,D,blue,,,fountain,,Point(29.0556087 41.0886604),11.332,http://www.wikidata.org/entity/Q131836063,1.0,,,,http://www.wikidata.org/entity/Q483453,"('41.0886604', '29.0556087')"
4949,,41.003609,28.962944,Ahmet Bey Fountain (Kumkapı),,D,blue,,,fountain,,Point(28.962944 41.003609),1.128,http://www.wikidata.org/entity/Q131836061,1.0,,,,http://www.wikidata.org/entity/Q483453,"('41.003609', '28.962944')"
4950,,41.009617,28.965555,Beyazıt Mosque Fountain,,D,blue,,,fountain,,Point(28.965555 41.009617),0.937,http://www.wikidata.org/entity/Q131836066,1.0,,,,http://www.wikidata.org/entity/Q483453,"('41.009617', '28.965555')"
4951,,41.068535,29.046154,Beyhan Sultan Fountain,,D,blue,,,fountain,,Point(29.046154 41.068535),9.083,http://www.wikidata.org/entity/Q131836067,1.0,,,,http://www.wikidata.org/entity/Q483453,"('41.068535', '29.046154')"
4952,,41.012531,28.978622,Zeynep Sultan Fountain (Sirkeci),,D,blue,,,fountain,,Point(28.978622 41.012531),0.722,http://www.wikidata.org/entity/Q131836074,1.0,,,,http://www.wikidata.org/entity/Q483453,"('41.012531', '28.978622')"
4953,,41.013577,28.926756,Emine Sultan Fountain,,D,blue,,,fountain,,Point(28.926756 41.013577),4.198,http://www.wikidata.org/entity/Q131836076,1.0,,,,http://www.wikidata.org/entity/Q483453,"('41.013577', '28.926756')"
4954,,41.033688,28.987169,Hacı Beşir Ağa Fountain (Gümüşsuyu),,D,blue,,,fountain,,Point(28.987169 41.033688),3.181,http://www.wikidata.org/entity/Q131836083,1.0,,,,http://www.wikidata.org/entity/Q483453,"('41.033688', '28.987169')"
4955,,41.021637,28.93915,Gürcü Mehmet Paşa Fountain (Hırka-ı Şerif,,D,blue,,,fountain,,Point(28.93915 41.021637),3.517,http://www.wikidata.org/entity/Q131836080,1.0,,,,http://www.wikidata.org/entity/Q483453,"('41.021637', '28.93915')"
4956,,41.03426,28.967016,Hamidiye Fountain (Kasımpaşa),,D,blue,,,fountain,,Point(28.967016 41.03426),3.188,http://www.wikidata.org/entity/Q131836086,1.0,,,,http://www.wikidata.org/entity/Q483453,"('41.03426', '28.967016')"
4957,,41.050461,29.007311,"Hamidiye Fountain, Yıldız",,D,blue,,,fountain,,Point(29.007311 41.050461),5.566,http://www.wikidata.org/entity/Q131836087,1.0,,,,http://www.wikidata.org/entity/Q483453,"('41.050461', '29.007311')"
4959,,41.014111,29.01251,Hatice Sultan Fountain (Salacak),,D,blue,,,fountain,,Point(29.01251 41.014111),3.192,http://www.wikidata.org/entity/Q131836088,1.0,,,,http://www.wikidata.org/entity/Q483453,"('41.014111', '29.01251')"
4960,,41.041973,28.996122,Fountain of Mahmud I (Vişnezade),,D,blue,,,fountain,,Point(28.996122 41.041973),4.307,http://www.wikidata.org/entity/Q131836089,1.0,,,,http://www.wikidata.org/entity/Q483453,"('41.041973', '28.996122')"
4961,,41.02586,28.940296,Ali Paşa Fountain (Atikali),,D,blue,,,fountain,,Point(28.940296 41.02586),3.688,http://www.wikidata.org/entity/Q131836092,1.0,,,,http://www.wikidata.org/entity/Q483453,"('41.02586', '28.940296')"
4962,,41.036045,28.993982,Silahtar Yahya Efendi Fountain (Kabataş,,D,blue,,,fountain,,Point(28.993982 41.036045),3.631,http://www.wikidata.org/entity/Q131836106,1.0,,,,http://www.wikidata.org/entity/Q483453,"('41.036045', '28.993982')"
4963,,41.04763,29.026489,İbrahim Paşa Fountain (Ortaköy),,D,blue,,,fountain,,Point(29.026489 41.04763),6.25,http://www.wikidata.org/entity/Q131836104,1.0,,,,http://www.wikidata.org/entity/Q483453,"('41.04763', '29.026489')"
4964,,41.035606,28.960035,Süleyman Kaptan Fountain,,D,blue,,,fountain,,Point(28.960035 41.035606),3.511,http://www.wikidata.org/entity/Q131836111,1.0,,,,http://www.wikidata.org/entity/Q483453,"('41.035606', '28.960035')"
4965,,41.029171,28.984472,"Ahmet Efendi Fountain, Beyoğlu",,D,blue,,,fountain,,Point(28.984472 41.029171),2.635,http://www.wikidata.org/entity/Q131836114,1.0,,,,http://www.wikidata.org/entity/Q483453,"('41.029171', '28.984472')"
4966,,41.04314,28.99839,Valide Fountain,,D,blue,,,fountain,,Point(28.99839 41.04314),4.503,http://www.wikidata.org/entity/Q131836113,1.0,,,,http://www.wikidata.org/entity/Q483453,"('41.04314', '28.99839')"
4967,,41.030815,28.970154,Çukur Fountain (Kasımpaşa),,D,blue,,,fountain,,Point(28.970154 41.030815),2.759,http://www.wikidata.org/entity/Q131836117,1.0,,,,http://www.wikidata.org/entity/Q483453,"('41.030815', '28.970154')"
4968,,41.013191,29.020979,"Mihrişah Valide Sultan Fountain, Üsküdar",,D,blue,,,fountain,,Point(29.020979 41.013191),3.86,http://www.wikidata.org/entity/Q131836120,1.0,,,,http://www.wikidata.org/entity/Q483453,"('41.013191', '29.020979')"
4969,,41.048653,28.94125,İbrahim Paşa Fountain (Sütlüce),,D,blue,,,fountain,,Point(28.94125 41.048653),5.525,http://www.wikidata.org/entity/Q131836121,1.0,,,,http://www.wikidata.org/entity/Q483453,"('41.048653', '28.94125')"
4970,,41.05489,29.009901,Fountain of Abdülhamit II,,D,blue,,,fountain,,Point(29.009901 41.05489),6.102,http://www.wikidata.org/entity/Q131836126,1.0,,,,http://www.wikidata.org/entity/Q483453,"('41.05489', '29.009901')"
4971,,41.0299,28.986933,Mustafa Paşa Fountain,,D,blue,,,fountain,,Point(28.986933 41.0299),2.775,http://www.wikidata.org/entity/Q131836128,1.0,,,,http://www.wikidata.org/entity/Q483453,"('41.0299', '28.986933')"
4972,,41.037453,28.978359,Fountain of Mahmud II (Karakurum Sokağı),,D,blue,,,fountain,,Point(28.978359 41.037453),3.461,http://www.wikidata.org/entity/Q131836135,1.0,,,,http://www.wikidata.org/entity/Q483453,"('41.037453', '28.978359')"
4973,,41.007065,28.926758,Saliha Sultan Fountain (Seyyid Ömer),,D,blue,,,fountain,,Point(28.926758 41.007065),4.122,http://www.wikidata.org/entity/Q131836143,1.0,,,,http://www.wikidata.org/entity/Q483453,"('41.007065', '28.926758')"
4974,,41.043571,29.008482,Süleyman Ağa Fountain,,D,blue,,,fountain,,Point(29.008482 41.043571),4.958,http://www.wikidata.org/entity/Q131836146,1.0,,,,http://www.wikidata.org/entity/Q483453,"('41.043571', '29.008482')"
4975,,41.038361,28.951229,Silahtar Yahya Efendi Fountain (Hasköy),,D,blue,,,fountain,,Point(28.951229 41.038361),4.113,http://www.wikidata.org/entity/Q131836144,1.0,,,,http://www.wikidata.org/entity/Q483453,"('41.038361', '28.951229')"
4976,,41.0009842,28.8520317,Siyavuş Paşa Fountain (Siyavuşpaşa,,D,blue,,,fountain,,Point(28.8520317 41.0009842),10.409,http://www.wikidata.org/entity/Q131836145,1.0,,,,http://www.wikidata.org/entity/Q483453,"('41.0009842', '28.8520317')"
4977,,41.018646,28.955805,Derviş Paşa Fountain,,D,blue,,,fountain,,Point(28.955805 41.018646),2.167,http://www.wikidata.org/entity/Q131836149,1.0,,,,http://www.wikidata.org/entity/Q483453,"('41.018646', '28.955805')"
4978,,41.0221881,28.941373,Çorlulu Ali Paşa Fountain (Hırka-i Şerif),,D,blue,,,fountain,,Point(28.941373 41.0221881),3.386,http://www.wikidata.org/entity/Q131836159,1.0,,,,http://www.wikidata.org/entity/Q483453,"('41.0221881', '28.941373')"
4979,,41.045705,29.008206,"II. Abdulhamid Fountain, Sheikh Zafir Complex",,D,blue,,,fountain,,Point(29.008206 41.045705),5.145,http://www.wikidata.org/entity/Q131836156,1.0,,,,http://www.wikidata.org/entity/Q483453,"('41.045705', '29.008206')"
4980,,41.010771,29.016588,Q131836171,,D,blue,,,fountain,,Point(29.016588 41.010771),3.451,http://www.wikidata.org/entity/Q131836171,1.0,,,,http://www.wikidata.org/entity/Q483453,"('41.010771', '29.016588')"
4981,,41.018004,29.026705,Matbah Emini Halil Efendi Fountain,,D,blue,,,fountain,,Point(29.026705 41.018004),4.456,http://www.wikidata.org/entity/Q131836168,1.0,,,,http://www.wikidata.org/entity/Q483453,"('41.018004', '29.026705')"
4982,,41.047583,29.0540921,Hacı Hanım Fountain (Üsküdar),,D,blue,,,fountain,,Point(29.0540921 41.047583),8.002,http://www.wikidata.org/entity/Q131836169,1.0,,,,http://www.wikidata.org/entity/Q483453,"('41.047583', '29.0540921')"
4983,,41.0260185,29.0229553,Valide Kethüdası Fountain (Üsküdar),,D,blue,,,fountain,,Point(29.0229553 41.0260185),4.513,http://www.wikidata.org/entity/Q131836174,1.0,,,,http://www.wikidata.org/entity/Q483453,"('41.0260185', '29.0229553')"
4984,,41.04669,29.011859,"Hamidiye Fountain, Asariye",,D,blue,,,fountain,,Point(29.011859 41.04669),5.404,http://www.wikidata.org/entity/Q131836176,1.0,,,,http://www.wikidata.org/entity/Q483453,"('41.04669', '29.011859')"
4985,,41.1174049,29.0650272,Mihrişah Valide Sultan Fountain (Yeniköy),,D,blue,,,fountain,,Point(29.0650272 41.1174049),14.431,http://www.wikidata.org/entity/Q131836183,1.0,,,,http://www.wikidata.org/entity/Q483453,"('41.1174049', '29.0650272')"
4986,,41.022814,28.958786,Salih Pasha Fountain,,D,blue,,,fountain,,Point(28.958786 41.022814),2.322,http://www.wikidata.org/entity/Q131836186,1.0,,,,http://www.wikidata.org/entity/Q483453,"('41.022814', '28.958786')"
4987,,41.002923,28.977953,Hacı Hasan Efendi Fountain (Fatih),,D,blue,,,fountain,,Point(28.977953 41.002923),0.422,http://www.wikidata.org/entity/Q131836190,1.0,,,,http://www.wikidata.org/entity/Q483453,"('41.002923', '28.977953')"
4988,,41.003549,28.972435,Rüstem Paşa Fountain (Küçük Ayasofya),,D,blue,,,fountain,,Point(28.972435 41.003549),0.427,http://www.wikidata.org/entity/Q131836198,1.0,,,,http://www.wikidata.org/entity/Q483453,"('41.003549', '28.972435')"
4989,,41.004037,28.974358,Rüstem Paşa Fountain (Nakilbent Sokağı),,D,blue,,,fountain,,Point(28.974358 41.004037),0.29,http://www.wikidata.org/entity/Q131836207,1.0,,,,http://www.wikidata.org/entity/Q483453,"('41.004037', '28.974358')"
4990,,41.04672,28.933673,"Sokullu Mehmet Paşa Fountain, Eyüpsultan",,D,blue,,,fountain,,Point(28.933673 41.04672),5.714,http://www.wikidata.org/entity/Q131836204,1.0,,,,http://www.wikidata.org/entity/Q483453,"('41.04672', '28.933673')"
4991,,41.038137,28.871854,Ferhat Ağa Fountain,,D,blue,,,fountain,,Point(28.871854 41.038137),9.413,http://www.wikidata.org/entity/Q131836210,1.0,,,,http://www.wikidata.org/entity/Q483453,"('41.038137', '28.871854')"
4992,,41.023748,29.020303,Q131836209,,D,blue,,,fountain,,Point(29.020303 41.023748),4.198,http://www.wikidata.org/entity/Q131836209,1.0,,,,http://www.wikidata.org/entity/Q483453,"('41.023748', '29.020303')"
4993,,41.1066322,29.0744743,Ali Ağa Fountain,,D,blue,,,fountain,,Point(29.0744743 41.1066322),13.878,http://www.wikidata.org/entity/Q131836219,1.0,,,,http://www.wikidata.org/entity/Q483453,"('41.1066322', '29.0744743')"
4994,,41.031818,28.971731,Ahmet Ağa Fountain (Çatma Mescit),,D,blue,,,fountain,,Point(28.971731 41.031818),2.85,http://www.wikidata.org/entity/Q131836216,1.0,,,,http://www.wikidata.org/entity/Q483453,"('41.031818', '28.971731')"
4995,,41.07121,28.964827,Q131836217,,D,blue,,,fountain,,Point(28.964827 41.07121),7.268,http://www.wikidata.org/entity/Q131836217,1.0,,,,http://www.wikidata.org/entity/Q483453,"('41.07121', '28.964827')"
4996,,41.0871315,29.0566769,Benlizade Ahmet Raşit Efendi Fountain (Sarıyer),,D,blue,,,fountain,,Point(29.0566769 41.0871315),11.249,http://www.wikidata.org/entity/Q131836226,1.0,,,,http://www.wikidata.org/entity/Q483453,"('41.0871315', '29.0566769')"
4997,,41.0230024,28.9728838,Q131836234,,D,blue,,,fountain,,Point(28.9728838 41.0230024),1.865,http://www.wikidata.org/entity/Q131836234,1.0,,,,http://www.wikidata.org/entity/Q483453,"('41.0230024', '28.9728838')"
4998,,41.022531,29.020438,Halil Efendi Fountain (Mimar Sinan),,D,blue,,,fountain,,Point(29.020438 41.022531),4.148,http://www.wikidata.org/entity/Q131836239,1.0,,,,http://www.wikidata.org/entity/Q483453,"('41.022531', '29.020438')"
4999,,41.116875,29.064022,Hacı Hasan Efendi Fountain (Sarıyer),,D,blue,,,fountain,,Point(29.064022 41.116875),14.337,http://www.wikidata.org/entity/Q131836236,1.0,,,,http://www.wikidata.org/entity/Q483453,"('41.116875', '29.064022')"
5000,,41.0130633,28.9846266,Q131836245,,D,blue,,,fountain,,Point(28.9846266 41.0130633),1.045,http://www.wikidata.org/entity/Q131836245,1.0,,,,http://www.wikidata.org/entity/Q483453,"('41.0130633', '28.9846266')"
5001,,41.021274,28.949154,Necip Bey Fountain,,D,blue,,,fountain,,Point(28.949154 41.021274),2.787,http://www.wikidata.org/entity/Q131836256,1.0,,,,http://www.wikidata.org/entity/Q483453,"('41.021274', '28.949154')"
5002,,41.0379111,28.9766505,Q131836267,,D,blue,,,fountain,,Point(28.9766505 41.0379111),3.506,http://www.wikidata.org/entity/Q131836267,1.0,,,,http://www.wikidata.org/entity/Q483453,"('41.0379111', '28.9766505')"
5003,,41.0190634,28.9499332,Ahmet Paşa Fountain (Türbe Arkası),,D,blue,,,fountain,,Point(28.9499332 41.0190634),2.593,http://www.wikidata.org/entity/Q131836265,1.0,,,,http://www.wikidata.org/entity/Q483453,"('41.0190634', '28.9499332')"
5004,,41.0105307,28.9474864,Hacı Ahmet Ağa Fountain,,D,blue,,,fountain,,Point(28.9474864 41.0105307),2.426,http://www.wikidata.org/entity/Q131836268,1.0,,,,http://www.wikidata.org/entity/Q483453,"('41.0105307', '28.9474864')"
5005,,41.014957,28.946936,Damat İbrahim Paşa Fountain (İskenderpaşa),,D,blue,,,fountain,,Point(28.946936 41.014957),2.608,http://www.wikidata.org/entity/Q131836274,1.0,,,,http://www.wikidata.org/entity/Q483453,"('41.014957', '28.946936')"
5006,,41.03548,28.966335,Cezayirli Hasan Paşa Fountain (Küçük Piyale),,D,blue,,,fountain,,Point(28.966335 41.03548),3.333,http://www.wikidata.org/entity/Q131836278,1.0,,,,http://www.wikidata.org/entity/Q483453,"('41.03548', '28.966335')"
5007,,41.03215,28.967335,Cezayirli Gazi Hasan Paşa Fountain (Camiikebir),,D,blue,,,fountain,,Point(28.967335 41.03215),2.953,http://www.wikidata.org/entity/Q131836279,1.0,,,,http://www.wikidata.org/entity/Q483453,"('41.03215', '28.967335')"
5008,,41.009174,28.961942,Şimkeşhane (Tavşantaşı) Fountain,,D,blue,,,fountain,,Point(28.961942 41.009174),1.209,http://www.wikidata.org/entity/Q131836286,1.0,,,,http://www.wikidata.org/entity/Q483453,"('41.009174', '28.961942')"
5009,,41.047443,28.934402,Siyavuş Paşa Fountain (Eyüpsultan),,D,blue,,,fountain,,Point(28.934402 41.047443),5.74,http://www.wikidata.org/entity/Q131836284,1.0,,,,http://www.wikidata.org/entity/Q483453,"('41.047443', '28.934402')"
5010,,41.1070747,29.0825405,Damat İbrahim Paşa Fountain (Çubuklu),,D,blue,,,fountain,,Point(29.0825405 41.1070747),14.33,http://www.wikidata.org/entity/Q131836285,1.0,,,,http://www.wikidata.org/entity/Q483453,"('41.1070747', '29.0825405')"
5011,,41.015839,28.94383,Gürcü Mehmet Paşa Fountain (Akşemsettin,,D,blue,,,fountain,,Point(28.94383 41.015839),2.887,http://www.wikidata.org/entity/Q131836290,1.0,,,,http://www.wikidata.org/entity/Q483453,"('41.015839', '28.94383')"
5012,,41.019439,28.960835,"Hacılar Fountain, Hoca Gıyasettin",,D,blue,,,fountain,,Point(28.960835 41.019439),1.923,http://www.wikidata.org/entity/Q131836288,1.0,,,,http://www.wikidata.org/entity/Q483453,"('41.019439', '28.960835')"
5013,,41.046008,29.004274,"III. Selim Han Fountain, Beşiktaş",,D,blue,,,fountain,,Point(29.004274 41.046008),5.009,http://www.wikidata.org/entity/Q131836289,1.0,,,,http://www.wikidata.org/entity/Q483453,"('41.046008', '29.004274')"
5014,,41.0047569,28.9122028,Seyitnizam Fountain (Telsiz),,D,blue,,,fountain,,Point(28.9122028 41.0047569),5.345,http://www.wikidata.org/entity/Q131836296,1.0,,,,http://www.wikidata.org/entity/Q483453,"('41.0047569', '28.9122028')"
5015,,41.007549,28.925329,Abdullah Ağa Fountain (Seyyid Ömer),,D,blue,,,fountain,,Point(28.925329 41.007549),4.243,http://www.wikidata.org/entity/Q131836303,1.0,,,,http://www.wikidata.org/entity/Q483453,"('41.007549', '28.925329')"
5016,,41.033413,28.968754,Cezayirli Hasan Paşa Fountain (Kasımpaşa Medresesi),,D,blue,,,fountain,,Point(28.968754 41.033413),3.064,http://www.wikidata.org/entity/Q131836304,1.0,,,,http://www.wikidata.org/entity/Q483453,"('41.033413', '28.968754')"
5017,,41.023478,29.02239,Halil Efendi Fountain (Selami Ali Efendi Caddesi),,D,blue,,,fountain,,Point(29.02239 41.023478),4.341,http://www.wikidata.org/entity/Q131836310,1.0,,,,http://www.wikidata.org/entity/Q483453,"('41.023478', '29.02239')"
5018,,41.014736,28.979662,Q131836311,,D,blue,,,fountain,,Point(28.979662 41.014736),0.982,http://www.wikidata.org/entity/Q131836311,1.0,,,,http://www.wikidata.org/entity/Q483453,"('41.014736', '28.979662')"
5019,,41.016682,29.018224,Q131836312,,D,blue,,,fountain,,Point(29.018224 41.016682),3.733,http://www.wikidata.org/entity/Q131836312,1.0,,,,http://www.wikidata.org/entity/Q483453,"('41.016682', '29.018224')"
5020,,41.0131378,28.9484901,Süleyman the Magnificent Fountain,,D,blue,,,fountain,,Point(28.9484901 41.0131378),2.417,http://www.wikidata.org/entity/Q131836318,1.0,,,,http://www.wikidata.org/entity/Q483453,"('41.0131378', '28.9484901')"
5021,,41.0238228,28.9721451,Q131836334,,D,blue,,,fountain,,Point(28.9721451 41.0238228),1.964,http://www.wikidata.org/entity/Q131836334,1.0,,,,http://www.wikidata.org/entity/Q483453,"('41.0238228', '28.9721451')"
5022,,41.0534973,28.8268375,Çarşı Fountain (Bağcılar),,D,blue,,,fountain,,Point(28.8268375 41.0534973),13.554,http://www.wikidata.org/entity/Q131836341,1.0,,,,http://www.wikidata.org/entity/Q483453,"('41.0534973', '28.8268375')"
5023,,41.047554,29.026598,Hamidiye Fountain (Ortaköy),,D,blue,,,fountain,,Point(29.026598 41.047554),6.25,http://www.wikidata.org/entity/Q131836351,1.0,,,,http://www.wikidata.org/entity/Q483453,"('41.047554', '29.026598')"
5024,,41.0106812,28.932518,Çorlulu Ali Paşa Fountain (Seyyid Ömer),,D,blue,,,fountain,,Point(28.932518 41.0106812),3.669,http://www.wikidata.org/entity/Q131836364,1.0,,,,http://www.wikidata.org/entity/Q483453,"('41.0106812', '28.932518')"
5025,,41.0443039,29.0114517,Mihrişah Valide Sultan Fountain (Yıldız),,D,blue,,,fountain,,Point(29.0114517 41.0443039),5.166,http://www.wikidata.org/entity/Q131836386,1.0,,,,http://www.wikidata.org/entity/Q483453,"('41.0443039', '29.0114517')"
5027,,41.1060066,29.0566387,Sabancı Museum–East Fountain,,D,blue,,,fountain,,Point(29.0566387 41.1060066),12.983,http://www.wikidata.org/entity/Q131836414,1.0,,,,http://www.wikidata.org/entity/Q483453,"('41.1060066', '29.0566387')"
5028,,41.1059227,29.0566273,Sabancı Museum Fountain,,D,blue,,,fountain,,Point(29.0566273 41.1059227),12.975,http://www.wikidata.org/entity/Q131836415,1.0,,,,http://www.wikidata.org/entity/Q483453,"('41.1059227', '29.0566273')"
5029,,41.1057777,29.056612,Sabancı Museum–West Fountain,,D,blue,,,fountain,,Point(29.056612 41.1057777),12.96,http://www.wikidata.org/entity/Q131836413,1.0,,,,http://www.wikidata.org/entity/Q483453,"('41.1057777', '29.056612')"
5030,,41.0456047,28.9443512,Mihrişah Valide Sultan Fountain (Halıcıoğlu),,D,blue,,,fountain,,Point(28.9443512 41.0456047),5.1,http://www.wikidata.org/entity/Q131836524,1.0,,,,http://www.wikidata.org/entity/Q483453,"('41.0456047', '28.9443512')"
5031,,41.0424042,29.0063686,Hacı Beşir Ağa Fountain (Beşiktaş),,D,blue,,,fountain,,Point(29.0063686 41.0424042),4.753,http://www.wikidata.org/entity/Q131836601,1.0,,,,http://www.wikidata.org/entity/Q483453,"('41.0424042', '29.0063686')"
5032,,41.0398293,28.9404945,Mehmet Ağa Fountain (Defterdar),,D,blue,,,fountain,,Point(28.9404945 41.0398293),4.758,http://www.wikidata.org/entity/Q131836625,1.0,,,,http://www.wikidata.org/entity/Q483453,"('41.0398293', '28.9404945')"
5033,,41.0231552,28.9735374,İbrahim Efendi Fountain (Beyoğlu),,D,blue,,,fountain,,Point(28.9735374 41.0231552),1.875,http://www.wikidata.org/entity/Q131836634,1.0,,,,http://www.wikidata.org/entity/Q483453,"('41.0231552', '28.9735374')"
5034,,41.0815887,29.0435467,Küçükbebek Caddesi Fountain,,D,blue,,,fountain,,Point(29.0435467 41.0815887),10.106,http://www.wikidata.org/entity/Q131836670,1.0,,,,http://www.wikidata.org/entity/Q483453,"('41.0815887', '29.0435467')"
5035,,41.0457382,28.9453697,Q131836678,,D,blue,,,fountain,,Point(28.9453697 41.0457382),5.069,http://www.wikidata.org/entity/Q131836678,1.0,,,,http://www.wikidata.org/entity/Q483453,"('41.0457382', '28.9453697')"
5036,,41.0458565,29.0084305,Q131836761,,D,blue,,,fountain,,Point(29.0084305 41.0458565),5.17,http://www.wikidata.org/entity/Q131836761,1.0,,,,http://www.wikidata.org/entity/Q483453,"('41.0458565', '29.0084305')"
5040,,41.0258904,28.9780655,Galata Greek School,,D,blue,,,school building,,Point(28.9780655 41.0258904),2.177,http://www.wikidata.org/entity/Q131902781,1.0,,,,http://www.wikidata.org/entity/Q1244442,"('41.0258904', '28.9780655')"
5043,,41.0952492,29.0657578,Yağlıkçı Hacı Raşid Bey Yalısı (Kanlıca),,D,blue,,,yalı,,Point(29.0657578 41.0952492),12.428,http://www.wikidata.org/entity/Q132003787,1.0,,,,http://www.wikidata.org/entity/Q2142647,"('41.0952492', '29.0657578')"
5044,,41.04678,29.04891,Hamit Paşa Yalısı,,D,blue,,,yalı,,Point(29.04891 41.04678),7.597,http://www.wikidata.org/entity/Q132003784,1.0,,,,http://www.wikidata.org/entity/Q2142647,"('41.04678', '29.04891')"
5045,,41.104198,29.056284,Şerifler Yalısı,,D,blue,,,yalı,,Point(29.056284 41.104198),12.796,http://www.wikidata.org/entity/Q132003790,1.0,,,,http://www.wikidata.org/entity/Q2142647,"('41.104198', '29.056284')"
5046,,41.038551,29.032396,Hafız Ahmed Paşa Yalısı,,D,blue,,,yalı,,Point(29.032396 41.038551),5.94,http://www.wikidata.org/entity/Q132003791,1.0,,,,http://www.wikidata.org/entity/Q2142647,"('41.038551', '29.032396')"
5047,,41.06163,29.052574,Abdülgaffar Bey Yalısı (Kandilli),,D,blue,,,yalı,,Point(29.052574 41.06163),8.895,http://www.wikidata.org/entity/Q132003792,1.0,,,,http://www.wikidata.org/entity/Q2142647,"('41.06163', '29.052574')"
5048,,41.067322,29.057083,Recaizade Ekrem Bey Yalısı,,D,blue,,,yalı,,Point(29.057083 41.067322),9.608,http://www.wikidata.org/entity/Q132003816,1.0,,,,http://www.wikidata.org/entity/Q2142647,"('41.067322', '29.057083')"
5049,,41.051563,29.051542,Baha Bey Yalısı,,D,blue,,,yalı,,Point(29.051542 41.051563),8.095,http://www.wikidata.org/entity/Q132003826,1.0,,,,http://www.wikidata.org/entity/Q2142647,"('41.051563', '29.051542')"
5050,,41.047508,29.050917,Mustafa Reşid Efendi Yalısı,,D,blue,,,yalı,,Point(29.050917 41.047508),7.781,http://www.wikidata.org/entity/Q132003824,1.0,,,,http://www.wikidata.org/entity/Q2142647,"('41.047508', '29.050917')"
5051,,41.0335083,29.0244255,Arapzadeler Yalısı,,D,blue,,,yalı,,Point(29.0244255 41.0335083),5.068,http://www.wikidata.org/entity/Q132003830,1.0,,,,http://www.wikidata.org/entity/Q2142647,"('41.0335083', '29.0244255')"
5052,,41.084457,29.067104,Reşat Yılmaz Yalısı (Anadoluhisarı),,D,blue,,,yalı,,Point(29.067104 41.084457),11.571,http://www.wikidata.org/entity/Q132003832,1.0,,,,http://www.wikidata.org/entity/Q2142647,"('41.084457', '29.067104')"
5053,,41.063103,29.054253,Necmettin Efendi Yalısı,,D,blue,,,yalı,,Point(29.054253 41.063103),9.11,http://www.wikidata.org/entity/Q132003855,1.0,,,,http://www.wikidata.org/entity/Q2142647,"('41.063103', '29.054253')"
5054,,41.036301,29.028538,Madam Agavni Yalısı (Kuzguncuk),,D,blue,,,yalı,,Point(29.028538 41.036301),5.531,http://www.wikidata.org/entity/Q132003853,1.0,,,,http://www.wikidata.org/entity/Q2142647,"('41.036301', '29.028538')"
5055,,41.051437,29.051558,Noyel Eram Yalısı,,D,blue,,,yalı,,Point(29.051558 41.051437),8.087,http://www.wikidata.org/entity/Q132003858,1.0,,,,http://www.wikidata.org/entity/Q2142647,"('41.051437', '29.051558')"
5056,,41.046467,29.048298,Kalkavan Yalısı,,D,blue,,,yalı,,Point(29.048298 41.046467),7.535,http://www.wikidata.org/entity/Q132003860,1.0,,,,http://www.wikidata.org/entity/Q2142647,"('41.046467', '29.048298')"
5057,,41.051716,29.051609,Muazzez Hanım Yalısı,,D,blue,,,yalı,,Point(29.051609 41.051716),8.11,http://www.wikidata.org/entity/Q132003861,1.0,,,,http://www.wikidata.org/entity/Q2142647,"('41.051716', '29.051609')"
5058,,41.097412,29.064445,Hacı Ahmet Bey Yalısı (Kanlıca),,D,blue,,,yalı,,Point(29.064445 41.097412),12.554,http://www.wikidata.org/entity/Q132003867,1.0,,,,http://www.wikidata.org/entity/Q2142647,"('41.097412', '29.064445')"
5059,,41.075272,29.060942,Hadi Semi Bey Yalısı,,D,blue,,,yalı,,Point(29.060942 41.075272),10.468,http://www.wikidata.org/entity/Q132003865,1.0,,,,http://www.wikidata.org/entity/Q2142647,"('41.075272', '29.060942')"
5060,,41.09647,29.064877,Ferruh Efendi Yalısı Harem Bölümü (Kanlıca),,D,blue,,,yalı,,Point(29.064877 41.09647),12.492,http://www.wikidata.org/entity/Q132003891,1.0,,,,http://www.wikidata.org/entity/Q2142647,"('41.09647', '29.064877')"
5061,,41.096893,29.064701,Ethem Pertev Yalısı (Kanlıca),,D,blue,,,yalı,,Point(29.064701 41.096893),12.52,http://www.wikidata.org/entity/Q132003894,1.0,,,,http://www.wikidata.org/entity/Q2142647,"('41.096893', '29.064701')"
5062,,41.050053,29.052494,Bostancıbaşı Abdullah Ağa Yalısı,,D,blue,,,yalı,,Point(29.052494 41.050053),8.055,http://www.wikidata.org/entity/Q132003895,1.0,,,,http://www.wikidata.org/entity/Q2142647,"('41.050053', '29.052494')"
5063,,41.065262,29.056005,Q132003892,,D,blue,,,yalı,,Point(29.056005 41.065262),9.383,http://www.wikidata.org/entity/Q132003892,1.0,,,,http://www.wikidata.org/entity/Q2142647,"('41.065262', '29.056005')"
5064,,41.084095,29.066839,Bahriyeli Sedat Bey Yalısı (Anadoluhisarı),,D,blue,,,yalı,,Point(29.066839 41.084095),11.526,http://www.wikidata.org/entity/Q132003899,1.0,,,,http://www.wikidata.org/entity/Q2142647,"('41.084095', '29.066839')"
5065,,41.044807,29.045107,Q132003896,,D,blue,,,yalı,,Point(29.045107 41.044807),7.21,http://www.wikidata.org/entity/Q132003896,1.0,,,,http://www.wikidata.org/entity/Q2142647,"('41.044807', '29.045107')"
5066,,41.047009,29.049414,Raife Hanım Yalısı (Beylerbeyi),,D,blue,,,yalı,,Point(29.049414 41.047009),7.646,http://www.wikidata.org/entity/Q132003919,1.0,,,,http://www.wikidata.org/entity/Q2142647,"('41.047009', '29.049414')"
5067,,41.051247,29.051598,Server Bey Yalısı,,D,blue,,,yalı,,Point(29.051598 41.051247),8.077,http://www.wikidata.org/entity/Q132003927,1.0,,,,http://www.wikidata.org/entity/Q2142647,"('41.051247', '29.051598')"
5068,,41.082516,29.06638,Pembe Yalı,,D,blue,,,yalı,,Point(29.06638 41.082516),11.37,http://www.wikidata.org/entity/Q132003931,1.0,,,,http://www.wikidata.org/entity/Q2142647,"('41.082516', '29.06638')"
5069,,41.082653,29.0664501,Şeyh Talât Efendi Yalısı,,D,blue,,,yalı,,Point(29.0664501 41.082653),11.385,http://www.wikidata.org/entity/Q132003932,1.0,,,,http://www.wikidata.org/entity/Q2142647,"('41.082653', '29.0664501')"
5070,,41.08181,29.066202,Riyaziyeci İzzet Bey Yalısı (Anadoluhisarı),,D,blue,,,yalı,,Point(29.066202 41.08181),11.301,http://www.wikidata.org/entity/Q132003953,1.0,,,,http://www.wikidata.org/entity/Q2142647,"('41.08181', '29.066202')"
5071,,41.098351,29.064833,Remzi Bey Yalısı,,D,blue,,,yalı,,Point(29.064833 41.098351),12.658,http://www.wikidata.org/entity/Q132003958,1.0,,,,http://www.wikidata.org/entity/Q2142647,"('41.098351', '29.064833')"
5072,,41.067089,29.057089,Kadın Efendi Yalısı,,D,blue,,,yalı,,Point(29.057089 41.067089),9.59,http://www.wikidata.org/entity/Q132003956,1.0,,,,http://www.wikidata.org/entity/Q2142647,"('41.067089', '29.057089')"
5073,,41.097095,29.064629,Ali Mazhar Bey Yalısı (Kanlıca),,D,blue,,,yalı,,Point(29.064629 41.097095),12.535,http://www.wikidata.org/entity/Q132003962,1.0,,,,http://www.wikidata.org/entity/Q2142647,"('41.097095', '29.064629')"
5074,,41.1024971,29.0661697,Yedi-Sekiz Hasan Paşa Yalısı (Kanlıca),,D,blue,,,yalı,,Point(29.0661697 41.1024971),13.097,http://www.wikidata.org/entity/Q132003965,1.0,,,,http://www.wikidata.org/entity/Q2142647,"('41.1024971', '29.0661697')"
5075,,41.089317,29.065947,Nuri Paşa Yalısı,,D,blue,,,yalı,,Point(29.065947 41.089317),11.92,http://www.wikidata.org/entity/Q132003968,1.0,,,,http://www.wikidata.org/entity/Q2142647,"('41.089317', '29.065947')"
5076,,41.095043,29.066261,Prenses Rukiye Yalısı,,D,blue,,,yalı,,Point(29.066261 41.095043),12.435,http://www.wikidata.org/entity/Q132003969,1.0,,,,http://www.wikidata.org/entity/Q2142647,"('41.095043', '29.066261')"
5077,,41.086617,29.066479,Zarif Mustafa Paşa Yalısı (Anadoluhisarı),,D,blue,,,yalı,,Point(29.066479 41.086617),11.718,http://www.wikidata.org/entity/Q132003991,1.0,,,,http://www.wikidata.org/entity/Q2142647,"('41.086617', '29.066479')"
5078,,41.102888888889,29.066666666667,Rasim Paşa Yalı,,D,blue,,,yalı,,Point(29.066666666 41.102888888),13.157,http://www.wikidata.org/entity/Q132003995,1.0,,,,http://www.wikidata.org/entity/Q2142647,"('41.102888888889', '29.066666666667')"
5079,,41.098972,29.065121,Saffet Paşa Yalısı,,D,blue,,,yalı,,Point(29.065121 41.098972),12.728,http://www.wikidata.org/entity/Q132003993,1.0,,,,http://www.wikidata.org/entity/Q2142647,"('41.098972', '29.065121')"
5080,,41.082829,29.066607,Manastırlı İsmail Hakkı Bey Yalısı,,D,blue,,,yalı,,Point(29.066607 41.082829),11.408,http://www.wikidata.org/entity/Q132003998,1.0,,,,http://www.wikidata.org/entity/Q2142647,"('41.082829', '29.066607')"
5081,,41.090233,29.066147,Marki Necip Bey Yalısı,,D,blue,,,yalı,,Point(29.066147 41.090233),12.01,http://www.wikidata.org/entity/Q132004002,1.0,,,,http://www.wikidata.org/entity/Q2142647,"('41.090233', '29.066147')"
5082,,41.046894,29.049154,Hüseyin Kazım Bey Yalısı,,D,blue,,,yalı,,Point(29.049154 41.046894),7.621,http://www.wikidata.org/entity/Q132004004,1.0,,,,http://www.wikidata.org/entity/Q2142647,"('41.046894', '29.049154')"
5083,,41.083015,29.066681,Köseleciler Yalısı,,D,blue,,,yalı,,Point(29.066681 41.083015),11.428,http://www.wikidata.org/entity/Q132004019,1.0,,,,http://www.wikidata.org/entity/Q2142647,"('41.083015', '29.066681')"
5084,,41.062561,29.053782,Q132004027,,D,blue,,,yalı,,Point(29.053782 41.062561),9.04,http://www.wikidata.org/entity/Q132004027,1.0,,,,http://www.wikidata.org/entity/Q2142647,"('41.062561', '29.053782')"
5085,,41.045467,29.046026,Debreli İsmail Paşa Yalısı,,D,blue,,,yalı,,Point(29.046026 41.045467),7.316,http://www.wikidata.org/entity/Q132004053,1.0,,,,http://www.wikidata.org/entity/Q2142647,"('41.045467', '29.046026')"
5086,,41.096722,29.064781,Nazım Paşa Yalısı,,D,blue,,,yalı,,Point(29.064781 41.096722),12.509,http://www.wikidata.org/entity/Q132004058,1.0,,,,http://www.wikidata.org/entity/Q2142647,"('41.096722', '29.064781')"
5087,,41.096104,29.064894,Kadri Paşa Yalısı (Kanlıca),,D,blue,,,yalı,,Point(29.064894 41.096104),12.46,http://www.wikidata.org/entity/Q132004056,1.0,,,,http://www.wikidata.org/entity/Q2142647,"('41.096104', '29.064894')"
5088,,41.1192245,29.0689411,Saip Özden Yalısı,,D,blue,,,yalı,,Point(29.0689411 41.1192245),14.775,http://www.wikidata.org/entity/Q132004075,1.0,,,,http://www.wikidata.org/entity/Q2142647,"('41.1192245', '29.0689411')"
5089,,41.1196213,29.0693645,Beyazciyan Yalısı,,D,blue,,,yalı,,Point(29.0693645 41.1196213),14.831,http://www.wikidata.org/entity/Q132004095,1.0,,,,http://www.wikidata.org/entity/Q2142647,"('41.1196213', '29.0693645')"
5090,,41.119511,29.06934,Muzaffer Gazioğlu Yalısı,,D,blue,,,yalı,,Point(29.06934 41.119511),14.82,http://www.wikidata.org/entity/Q132004093,1.0,,,,http://www.wikidata.org/entity/Q2142647,"('41.119511', '29.06934')"
5091,,41.1196938,29.0694427,Kara Todori Yalısı,,D,blue,,,yalı,,Point(29.0694427 41.1196938),14.842,http://www.wikidata.org/entity/Q132004098,1.0,,,,http://www.wikidata.org/entity/Q2142647,"('41.1196938', '29.0694427')"
5092,,41.116493,29.06419,Madenci Arif Bey Yalısı,,D,blue,,,yalı,,Point(29.06419 41.116493),14.308,http://www.wikidata.org/entity/Q132004135,1.0,,,,http://www.wikidata.org/entity/Q2142647,"('41.116493', '29.06419')"
5093,,41.063829,29.054825,Suna Kıraç Yalısı,,D,blue,,,yalı,,Point(29.054825 41.063829),9.201,http://www.wikidata.org/entity/Q132004138,1.0,,,,http://www.wikidata.org/entity/Q2142647,"('41.063829', '29.054825')"
5094,,41.064723,29.040765,Halet Çambel Yalısı,,D,blue,,,yalı,,Point(29.040765 41.064723),8.468,http://www.wikidata.org/entity/Q132004143,1.0,,,,http://www.wikidata.org/entity/Q2142647,"('41.064723', '29.040765')"
5095,,41.040348,29.035875,Kamil Paşa Yalısı,,D,blue,,,yalı,,Point(29.035875 41.040348),6.293,http://www.wikidata.org/entity/Q132004140,1.0,,,,http://www.wikidata.org/entity/Q2142647,"('41.040348', '29.035875')"
5096,,41.1006546,29.0658531,Yağcı Şefik Bey Yalısı (Kanlıca),,D,blue,,,yalı,,Point(29.0658531 41.1006546),12.915,http://www.wikidata.org/entity/Q132004165,1.0,,,,http://www.wikidata.org/entity/Q2142647,"('41.1006546', '29.0658531')"
5097,,41.0723724,29.0556927,Clifton Yalısı,,D,blue,,,yalı,,Point(29.0556927 41.0723724),9.932,http://www.wikidata.org/entity/Q132004251,1.0,,,,http://www.wikidata.org/entity/Q2142647,"('41.0723724', '29.0556927')"
5098,,41.0423584,29.0120144,Atik Paşa Yalı,,D,blue,,,yalı,,Point(29.0120144 41.0423584),5.019,http://www.wikidata.org/entity/Q132004249,1.0,,,,http://www.wikidata.org/entity/Q2142647,"('41.0423584', '29.0120144')"
5099,,41.0336418,29.0245056,Baştımar Yalısı,,D,blue,,,yalı,,Point(29.0245056 41.0336418),5.083,http://www.wikidata.org/entity/Q132004253,1.0,,,,http://www.wikidata.org/entity/Q2142647,"('41.0336418', '29.0245056')"
5100,,41.1179848,29.066967,İstapan Yalısı,,D,blue,,,yalı,,Point(29.066967 41.1179848),14.571,http://www.wikidata.org/entity/Q132004263,1.0,,,,http://www.wikidata.org/entity/Q2142647,"('41.1179848', '29.066967')"
5101,,41.1133995,29.0618896,Recaizade Mahmut Ekrem Bey Yalısı,,D,blue,,,yalı,,Point(29.0618896 41.1133995),13.914,http://www.wikidata.org/entity/Q132004261,1.0,,,,http://www.wikidata.org/entity/Q2142647,"('41.1133995', '29.0618896')"
5102,,41.1180649,29.0671997,Faruk Sezerar Yalısı,,D,blue,,,yalı,,Point(29.0671997 41.1180649),14.589,http://www.wikidata.org/entity/Q132004271,1.0,,,,http://www.wikidata.org/entity/Q2142647,"('41.1180649', '29.0671997')"
5103,,41.1140518,29.0624084,Faik Bey Pakize Hanım Yalısı,,D,blue,,,yalı,,Point(29.0624084 41.1140518),13.999,http://www.wikidata.org/entity/Q132004268,1.0,,,,http://www.wikidata.org/entity/Q2142647,"('41.1140518', '29.0624084')"
5104,,41.1014137,29.0660515,Esra Umur Yalısı (Kanlıca),,D,blue,,,yalı,,Point(29.0660515 41.1014137),12.993,http://www.wikidata.org/entity/Q132004283,1.0,,,,http://www.wikidata.org/entity/Q2142647,"('41.1014137', '29.0660515')"
5105,,41.1151428,29.0634003,Mısırlı Ebu Bekir Ratip Yalısı,,D,blue,,,yalı,,Point(29.0634003 41.1151428),14.146,http://www.wikidata.org/entity/Q132004280,1.0,,,,http://www.wikidata.org/entity/Q2142647,"('41.1151428', '29.0634003')"
5106,,41.1018066,29.065979,Elbiseci Ahmet Bey Yalısı (Kanlıca),,D,blue,,,yalı,,Point(29.065979 41.1018066),13.025,http://www.wikidata.org/entity/Q132004284,1.0,,,,http://www.wikidata.org/entity/Q2142647,"('41.1018066', '29.065979')"
5107,,41.063118,29.0405693,Makbule Atadan Yalısı,,D,blue,,,yalı,,Point(29.0405693 41.063118),8.321,http://www.wikidata.org/entity/Q132004285,1.0,,,,http://www.wikidata.org/entity/Q2142647,"('41.063118', '29.0405693')"
5108,,41.1010895,29.0660477,Necati Bey Yalısı,,D,blue,,,yalı,,Point(29.0660477 41.1010895),12.964,http://www.wikidata.org/entity/Q132004330,1.0,,,,http://www.wikidata.org/entity/Q2142647,"('41.1010895', '29.0660477')"
5109,,41.1008492,29.0659256,Mehmet Arifî Bey Yalısı,,D,blue,,,yalı,,Point(29.0659256 41.1008492),12.936,http://www.wikidata.org/entity/Q132004328,1.0,,,,http://www.wikidata.org/entity/Q2142647,"('41.1008492', '29.0659256')"
5110,,41.0941582,29.067194,Mehmet Emin Ağa Yalısı (Kanlıca),,D,blue,,,yalı,,Point(29.067194 41.0941582),12.405,http://www.wikidata.org/entity/Q132004443,1.0,,,,http://www.wikidata.org/entity/Q2142647,"('41.0941582', '29.067194')"
5111,,41.0623589,29.0387421,Q132004449,,D,blue,,,yalı,,Point(29.0387421 41.0623589),8.158,http://www.wikidata.org/entity/Q132004449,1.0,,,,http://www.wikidata.org/entity/Q2142647,"('41.0623589', '29.0387421')"
5112,,41.096302,29.0649166,Q132004466,,D,blue,,,yalı,,Point(29.0649166 41.096302),12.479,http://www.wikidata.org/entity/Q132004466,1.0,,,,http://www.wikidata.org/entity/Q2142647,"('41.096302', '29.0649166')"
5113,,41.085968,29.0667439,Ferruh Efendi Yalısı,,D,blue,,,yalı,,Point(29.0667439 41.085968),11.678,http://www.wikidata.org/entity/Q132004472,1.0,,,,http://www.wikidata.org/entity/Q2142647,"('41.085968', '29.0667439')"
5114,,41.0623245,29.0533085,Q132004489,,D,blue,,,yalı,,Point(29.0533085 41.0623245),8.993,http://www.wikidata.org/entity/Q132004489,1.0,,,,http://www.wikidata.org/entity/Q2142647,"('41.0623245', '29.0533085')"
5115,,41.0617561,29.0526428,Yusuf Paşa Yalısı (Kandilli),,D,blue,,,yalı,,Point(29.0526428 41.0617561),8.909,http://www.wikidata.org/entity/Q132004493,1.0,,,,http://www.wikidata.org/entity/Q2142647,"('41.0617561', '29.0526428')"
5116,,41.0333405,29.0242348,Fatma Yaşa Yalısı,,D,blue,,,yalı,,Point(29.0242348 41.0333405),5.044,http://www.wikidata.org/entity/Q132004528,1.0,,,,http://www.wikidata.org/entity/Q2142647,"('41.0333405', '29.0242348')"
5117,,41.0302124,29.0183239,Baytar Bali Bey Yalısı (Sultantepe),,D,blue,,,yalı,,Point(29.0183239 41.0302124),4.439,http://www.wikidata.org/entity/Q132004533,1.0,,,,http://www.wikidata.org/entity/Q2142647,"('41.0302124', '29.0183239')"
5118,,41.0583153,29.0361824,Mabeynci Arif Bey Yalısı,,D,blue,,,yalı,,Point(29.0361824 41.0583153),7.677,http://www.wikidata.org/entity/Q132004538,1.0,,,,http://www.wikidata.org/entity/Q2142647,"('41.0583153', '29.0361824')"
5119,,41.054279,29.054562,Köçeoğlu Villa,,D,blue,,,pavilion,,Point(29.054562 41.054279),8.481,http://www.wikidata.org/entity/Q132081442,1.0,,,,http://www.wikidata.org/entity/Q276173,"('41.054279', '29.054562')"
5121,,41.013229,28.985472,Fatih Pavilion,,D,blue,,,pavilion,,Point(28.985472 41.013229),1.108,http://www.wikidata.org/entity/Q132081475,1.0,,,,http://www.wikidata.org/entity/Q276173,"('41.013229', '28.985472')"
5123,,41.013462,28.98348,Q132081476,,D,blue,,,pavilion,,Point(28.98348 41.013462),1.014,http://www.wikidata.org/entity/Q132081476,1.0,,,,http://www.wikidata.org/entity/Q276173,"('41.013462', '28.98348')"
5125,,41.013924,28.984888,Sofa Villa,,D,blue,,,pavilion,,Point(28.984888 41.013924),1.129,http://www.wikidata.org/entity/Q132081477,1.0,,,,http://www.wikidata.org/entity/Q276173,"('41.013924', '28.984888')"
5127,,40.9809914,29.0310955,Mahmut Ata Villa,,D,blue,,,pavilion,,Point(29.0310955 40.9809914),5.427,http://www.wikidata.org/entity/Q132081507,1.0,,,,http://www.wikidata.org/entity/Q276173,"('40.9809914', '29.0310955')"
5129,,41.1078529,29.0536098,Sarı Köşk (Emirgan),,D,blue,,,pavilion,,Point(29.0536098 41.1078529),13.03,http://www.wikidata.org/entity/Q132081644,1.0,,,,http://www.wikidata.org/entity/Q276173,"('41.1078529', '29.0536098')"
5131,,40.986248,29.0285702,Hariciye Nazırı Reşid Paşa Villa,,D,blue,,,pavilion,,Point(29.0285702 40.986248),4.957,http://www.wikidata.org/entity/Q132081688,1.0,,,,http://www.wikidata.org/entity/Q276173,"('40.986248', '29.0285702')"
5133,,40.9944115,29.0320091,Otto Ritter–Helmut Conu Villa,,D,blue,,,pavilion,,Point(29.0320091 40.9944115),4.895,http://www.wikidata.org/entity/Q132081760,1.0,,,,http://www.wikidata.org/entity/Q276173,"('40.9944115', '29.0320091')"
5135,,41.0375366,29.0319443,Marko Paşa Villa,,D,blue,,,pavilion,,Point(29.0319443 41.0375366),5.842,http://www.wikidata.org/entity/Q132081791,1.0,,,,http://www.wikidata.org/entity/Q276173,"('41.0375366', '29.0319443')"
5137,,41.0463066,29.0495796,Sakine Hanım Villa,,D,blue,,,pavilion,,Point(29.0495796 41.0463066),7.611,http://www.wikidata.org/entity/Q132081793,1.0,,,,http://www.wikidata.org/entity/Q276173,"('41.0463066', '29.0495796')"
5139,,40.9836884,29.0306854,Ağa Bey Villa,,D,blue,,,pavilion,,Point(29.0306854 40.9836884),5.247,http://www.wikidata.org/entity/Q132081820,1.0,,,,http://www.wikidata.org/entity/Q276173,"('40.9836884', '29.0306854')"
5141,,41.0134888,28.9830399,Q132081839,,D,blue,,,pavilion,,Point(28.9830399 41.0134888),0.993,http://www.wikidata.org/entity/Q132081839,1.0,,,,http://www.wikidata.org/entity/Q276173,"('41.0134888', '28.9830399')"
5143,,41.0109291,28.9636402,Q132081845,,D,blue,,,pavilion,,Point(28.9636402 41.0109291),1.144,http://www.wikidata.org/entity/Q132081845,1.0,,,,http://www.wikidata.org/entity/Q276173,"('41.0109291', '28.9636402')"
5145,,41.0404625,29.0023346,Q132082222,,D,blue,,,pavilion,,Point(29.0023346 41.0404625),4.392,http://www.wikidata.org/entity/Q132082222,1.0,,,,http://www.wikidata.org/entity/Q276173,"('41.0404625', '29.0023346')"
5147,,41.0869637,29.0662308,Zarif Mustafa Paşa Mehtabiye Villa,,D,blue,,,pavilion,,Point(29.0662308 41.0869637),11.734,http://www.wikidata.org/entity/Q132082360,1.0,,,,http://www.wikidata.org/entity/Q276173,"('41.0869637', '29.0662308')"
5149,,40.9907761,29.0323429,Q132082405,,D,blue,,,pavilion,,Point(29.0323429 40.9907761),5.047,http://www.wikidata.org/entity/Q132082405,1.0,,,,http://www.wikidata.org/entity/Q276173,"('40.9907761', '29.0323429')"
5151,,41.0079079,29.0494022,Q132082417,,D,blue,,,pavilion,,Point(29.0494022 41.0079079),6.172,http://www.wikidata.org/entity/Q132082417,1.0,,,,http://www.wikidata.org/entity/Q276173,"('41.0079079', '29.0494022')"
5153,,40.9878578,29.0340118,Q132082422,,D,blue,,,pavilion,,Point(29.0340118 40.9878578),5.296,http://www.wikidata.org/entity/Q132082422,1.0,,,,http://www.wikidata.org/entity/Q276173,"('40.9878578', '29.0340118')"
5155,,40.9886322,29.0338287,Q132082426,,D,blue,,,pavilion,,Point(29.0338287 40.9886322),5.249,http://www.wikidata.org/entity/Q132082426,1.0,,,,http://www.wikidata.org/entity/Q276173,"('40.9886322', '29.0338287')"
5157,,40.9880066,29.0340004,Q132082424,,D,blue,,,pavilion,,Point(29.0340004 40.9880066),5.289,http://www.wikidata.org/entity/Q132082424,1.0,,,,http://www.wikidata.org/entity/Q276173,"('40.9880066', '29.0340004')"
5159,,40.9875107,29.0341988,Q132082438,,D,blue,,,pavilion,,Point(29.0341988 40.9875107),5.326,http://www.wikidata.org/entity/Q132082438,1.0,,,,http://www.wikidata.org/entity/Q276173,"('40.9875107', '29.0341988')"
5161,,41.010334,28.978861,Hakkı Paşa Mansion,,D,blue,,,konak,,Point(28.978861 41.010334),0.506,http://www.wikidata.org/entity/Q132088578,1.0,,,,http://www.wikidata.org/entity/Q522124,"('41.010334', '28.978861')"
5163,,41.0084724,28.9782963,Talat Paşa Mansion,,D,blue,,,konak,,Point(28.9782963 41.0084724),0.309,http://www.wikidata.org/entity/Q132088608,1.0,,,,http://www.wikidata.org/entity/Q522124,"('41.0084724', '28.9782963')"
5165,,40.9873772,29.0347633,Şefik Bey Mansion,,D,blue,,,konak,,Point(29.0347633 40.9873772),5.375,http://www.wikidata.org/entity/Q132088747,1.0,,,,http://www.wikidata.org/entity/Q522124,"('40.9873772', '29.0347633')"
5167,,40.9842834,29.0293388,Q132088774,,D,blue,,,konak,,Point(29.0293388 40.9842834),5.116,http://www.wikidata.org/entity/Q132088774,1.0,,,,http://www.wikidata.org/entity/Q522124,"('40.9842834', '29.0293388')"
5169,,41.0086174,28.9780827,Turşucuzade Mansion,,D,blue,,,konak,,Point(28.9780827 41.0086174),0.31,http://www.wikidata.org/entity/Q132089313,1.0,,,,http://www.wikidata.org/entity/Q522124,"('41.0086174', '28.9780827')"
5171,,41.035762,28.938351,Hırami Ahmet Paşa Mosque,,D,blue,,,Sufi lodge,,Point(28.938351 41.035762),4.536,http://www.wikidata.org/entity/Q132134375,1.0,,,,http://www.wikidata.org/entity/Q833913,"('41.035762', '28.938351')"
5173,,41.022719,28.960042,Şazeli Tekke Mosque,,D,blue,,,Sufi lodge,,Point(28.960042 41.022719),2.25,http://www.wikidata.org/entity/Q132134377,1.0,,,,http://www.wikidata.org/entity/Q833913,"('41.022719', '28.960042')"
5175,,41.051484,28.92662,İslam Bey Mosque (Eyüpsultan),,D,blue,,,Sufi lodge,,Point(28.92662 41.051484),6.497,http://www.wikidata.org/entity/Q132134381,1.0,,,,http://www.wikidata.org/entity/Q833913,"('41.051484', '28.92662')"
5177,,41.008005,28.923963,Bala Süleyman Ağa Mosque,,D,blue,,,külliye,,Point(28.923963 41.008005),4.359,http://www.wikidata.org/entity/Q132134385,1.0,,,,http://www.wikidata.org/entity/Q71974,"('41.008005', '28.923963')"
5179,,41.0055275,28.9743156,Üçler Mescidi (Sultanahmet),,D,blue,,,mescit,,Point(28.9743156 41.0055275),0.161,http://www.wikidata.org/entity/Q132134411,1.0,,,,http://www.wikidata.org/entity/Q1238457,"('41.0055275', '28.9743156')"
5181,,41.0049248,28.9807835,Cankurtaran Mosque,,D,blue,,,ruins,,Point(28.9807835 41.0049248),0.443,http://www.wikidata.org/entity/Q132134443,1.0,,,,http://www.wikidata.org/entity/Q109607,"('41.0049248', '28.9807835')"
5183,,41.004204,28.96804,Aynül Hayat Hatun Mescidi,,D,blue,,,mescit,,Point(28.96804 41.004204),0.7,http://www.wikidata.org/entity/Q132134506,1.0,,,,http://www.wikidata.org/entity/Q1238457,"('41.004204', '28.96804')"
5185,,41.0137177,28.9684258,Valide Han İran Mosque,,D,blue,,,mescit,,Point(28.9684258 41.0137177),1.027,http://www.wikidata.org/entity/Q132134510,1.0,,,,http://www.wikidata.org/entity/Q1238457,"('41.0137177', '28.9684258')"
5187,,41.010132,28.962225,Hatice Usta Mosque (Fatih),,D,blue,,,mescit,,Point(28.962225 41.010132),1.219,http://www.wikidata.org/entity/Q132134511,1.0,,,,http://www.wikidata.org/entity/Q1238457,"('41.010132', '28.962225')"
5189,,40.975678,28.860113,Ataköy Gunpowder Mill,,D,blue,,,museum,,Point(28.860113 40.975678),10.298,http://www.wikidata.org/entity/Q132181382,1.0,,,https://en.wikipedia.org/wiki/Atak%C3%B6y_Gunpowder_Mill,http://www.wikidata.org/entity/Q33506,"('40.975678', '28.860113')"
5190,,41.044870591046,29.045678700712,Q132530220,,D,blue,,,dar al-muwaqqit,,Point(29.0456787 41.044870591),7.253,http://www.wikidata.org/entity/Q132530220,1.0,,,,http://www.wikidata.org/entity/Q5221946,"('41.044870591046', '29.045678700712')"
5192,,41.0425606,29.0429459,Abdullah Ağa Ottoman School,,D,blue,,,sibyan maktab,,Point(29.0429459 41.0425606),6.917,http://www.wikidata.org/entity/Q132530241,1.0,,,,http://www.wikidata.org/entity/Q61073315,"('41.0425606', '29.0429459')"
5193,,41.02882,28.944418,Draman Ottoman School,,D,blue,,,sibyan maktab,,Point(28.944418 41.02882),3.632,http://www.wikidata.org/entity/Q132530293,1.0,,,,http://www.wikidata.org/entity/Q61073315,"('41.02882', '28.944418')"
5194,,41.015624,28.961326,Nevruz Kadın Ottoman School,,D,blue,,,sibyan maktab,,Point(28.961326 41.015624),1.595,http://www.wikidata.org/entity/Q132530333,1.0,,,,http://www.wikidata.org/entity/Q61073315,"('41.015624', '28.961326')"
5195,,41.019127,28.96822,Ahi Çelebi Ottoman School,,D,blue,,,sibyan maktab,,Point(28.96822 41.019127),1.556,http://www.wikidata.org/entity/Q132530348,1.0,,,,http://www.wikidata.org/entity/Q61073315,"('41.019127', '28.96822')"
5196,,41.0051,28.945206,Nazperver Kalfa Ottoman School,,D,blue,,,sibyan maktab,,Point(28.945206 41.0051),2.577,http://www.wikidata.org/entity/Q132530361,1.0,,,,http://www.wikidata.org/entity/Q61073315,"('41.0051', '28.945206')"
5197,,41.0081825,28.9788818,Ayasofya Ottoman School,,D,blue,,,sibyan maktab,,Point(28.9788818 41.0081825),0.322,http://www.wikidata.org/entity/Q132530378,1.0,,,,http://www.wikidata.org/entity/Q61073315,"('41.0081825', '28.9788818')"
5198,,41.020248,29.016722,Ahmediye Ottoman School,,D,blue,,,sibyan maktab,,Point(29.016722 41.020248),3.758,http://www.wikidata.org/entity/Q132530387,1.0,,,,http://www.wikidata.org/entity/Q61073315,"('41.020248', '29.016722')"
5199,,41.0090179,28.9782562,Turşucuzade Ahmet Muhtar Efendi Mansion,,D,blue,,,sibyan maktab,,Point(28.9782562 41.0090179),0.355,http://www.wikidata.org/entity/Q132530389,1.0,,,,http://www.wikidata.org/entity/Q61073315,"('41.0090179', '28.9782562')"
5200,,41.006516,28.975412,Q132681790,,D,blue,,,historic building,,Point(28.975412 41.006516),0.041,http://www.wikidata.org/entity/Q132681790,1.0,,,,http://www.wikidata.org/entity/Q35112127,"('41.006516', '28.975412')"
5202,,40.9870377,28.9081402,Zeytinburnu Mosaic Museum,,D,blue,,,museum,,Point(28.9081402 40.9870377),6.077,http://www.wikidata.org/entity/Q132681871,1.0,,,,http://www.wikidata.org/entity/Q33506,"('40.9870377', '28.9081402')"
5203,,41.0396271,29.0026608,Q132681992,,D,blue,,,museum,,Point(29.0026608 41.0396271),4.326,http://www.wikidata.org/entity/Q132681992,1.0,,,,http://www.wikidata.org/entity/Q33506,"('41.0396271', '29.0026608')"
5204,,41.028,28.9751,Galata Mevlevi Lodge Museum,,D,blue,,,museum,,Point(28.9751 41.028),2.405,http://www.wikidata.org/entity/Q133093317,1.0,,,https://en.wikipedia.org/wiki/Galata_Mevlevi_Lodge_Museum,http://www.wikidata.org/entity/Q33506,"('41.028', '28.9751')"
5205,,41.031068036917,28.976455186214,Muhammer Karaca Theater,,D,blue,,,playhouse,,Point(28.976455186 41.031068036),2.745,http://www.wikidata.org/entity/Q133163958,1.0,,,,http://www.wikidata.org/entity/Q1698619,"('41.031068036917', '28.976455186214')"
5207,,40.98916830908,29.075146165694,Q133246534,,D,blue,,,cemetery,,Point(29.075146165 40.989168309),8.548,http://www.wikidata.org/entity/Q133246534,1.0,,,,http://www.wikidata.org/entity/Q39614,"('40.98916830908', '29.075146165694')"
5208,,40.9696159,29.1080189,İçerenköy Cemetery,,D,blue,,,cemetery,,Point(29.1080189 40.9696159),11.821,http://www.wikidata.org/entity/Q133246594,1.0,,,,http://www.wikidata.org/entity/Q39614,"('40.9696159', '29.1080189')"
5209,,40.9915123,28.9131565,Kazlıçeşme Cemetery,,D,blue,,,cemetery,,Point(28.9131565 40.9915123),5.516,http://www.wikidata.org/entity/Q133246609,1.0,,,,http://www.wikidata.org/entity/Q39614,"('40.9915123', '28.9131565')"
5210,,40.9894371,29.0755692,Merdivenköy Cemetery,,D,blue,,,cemetery,,Point(29.0755692 40.9894371),8.576,http://www.wikidata.org/entity/Q133246668,1.0,,,,http://www.wikidata.org/entity/Q39614,"('40.9894371', '29.0755692')"
5211,,41.0337906,28.9385147,Edirnekapı Greek Cemetery,,D,blue,,,cemetery,,Point(28.9385147 41.0337906),4.371,http://www.wikidata.org/entity/Q133246706,1.0,,,,http://www.wikidata.org/entity/Q39614,"('41.0337906', '28.9385147')"
5212,,41.0282745,28.9749031,Hamuşan Cemetery,,D,blue,,,cemetery,,Point(28.9749031 41.0282745),2.436,http://www.wikidata.org/entity/Q133246734,1.0,,,,http://www.wikidata.org/entity/Q39614,"('41.0282745', '28.9749031')"
5213,,41.064743,28.9884777,Italian Jewish Cemetery,,D,blue,,,cemetery,,Point(28.9884777 41.064743),6.575,http://www.wikidata.org/entity/Q133246746,1.0,,,,http://www.wikidata.org/entity/Q39614,"('41.064743', '28.9884777')"
5214,,41.0323906,28.9350128,Mısır Tarlası Cemetery,,D,blue,,,cemetery,,Point(28.9350128 41.0323906),4.485,http://www.wikidata.org/entity/Q133246749,1.0,,,,http://www.wikidata.org/entity/Q39614,"('41.0323906', '28.9350128')"
5215,,41.0363426,28.9373856,Q133246757,,D,blue,,,nimelceyş grave,,Point(28.9373856 41.0363426),4.639,http://www.wikidata.org/entity/Q133246757,1.0,,,,http://www.wikidata.org/entity/Q135476985,"('41.0363426', '28.9373856')"
5217,,40.9966927,29.0311584,Q133246766,,D,blue,,,cemetery,,Point(29.0311584 40.9966927),4.763,http://www.wikidata.org/entity/Q133246766,1.0,,,,http://www.wikidata.org/entity/Q39614,"('40.9966927', '29.0311584')"
5218,,41.1074219,29.0804157,Çubuklu Pier,,D,blue,,,pier,,Point(29.0804157 41.1074219),14.25,http://www.wikidata.org/entity/Q133467987,1.0,,,,http://www.wikidata.org/entity/Q863454,"('41.1074219', '29.0804157')"
5219,,40.992649,29.023314,Kadıköy Pier,,D,blue,,,pier,,Point(29.023314 40.992649),4.264,http://www.wikidata.org/entity/Q133468002,1.0,,,,http://www.wikidata.org/entity/Q863454,"('40.992649', '29.023314')"
5220,,41.0192108,28.9500313,Library of Mahmut I,,D,blue,,,library,,Point(28.9500313 41.0192108),2.595,http://www.wikidata.org/entity/Q133475649,1.0,,,,http://www.wikidata.org/entity/Q7075,"('41.0192108', '28.9500313')"
5221,,41.0204391,29.0162888,Ahmediye Complex,,D,blue,,,külliye,,Point(29.0162888 41.0204391),3.734,http://www.wikidata.org/entity/Q133475703,1.0,,,,http://www.wikidata.org/entity/Q71974,"('41.0204391', '29.0162888')"
5223,,41.013101,28.984119,Ağalar Mosque,,D,blue,,,library,,Point(28.984119 41.013101),1.018,http://www.wikidata.org/entity/Q133475725,1.0,,,,http://www.wikidata.org/entity/Q7075,"('41.013101', '28.984119')"
5225,,41.010574,28.977286,Hacı Beşir Ağa Library,,D,blue,,,library,,Point(28.977286 41.010574),0.481,http://www.wikidata.org/entity/Q133475763,1.0,,,,http://www.wikidata.org/entity/Q7075,"('41.010574', '28.977286')"
5226,,41.0200348,28.9486637,Q133504444,,D,blue,,,public building,,Point(28.9486637 41.0200348),2.741,http://www.wikidata.org/entity/Q133504444,1.0,,,,http://www.wikidata.org/entity/Q294422,"('41.0200348', '28.9486637')"
5231,,41.0470276,29.0239391,Feriye Guardhouse,,D,blue,,,public building,,Point(29.0239391 41.0470276),6.057,http://www.wikidata.org/entity/Q133504480,1.0,,,,http://www.wikidata.org/entity/Q294422,"('41.0470276', '29.0239391')"
5234,,41.031718,29.021964,Paşalimanı Guardhouse,,D,blue,,,public building,,Point(29.021964 41.031718),4.784,http://www.wikidata.org/entity/Q133504507,1.0,,,,http://www.wikidata.org/entity/Q294422,"('41.031718', '29.021964')"
5237,,41.022869,28.942844,Ümmü Kenan Tekkesi,,D,blue,,,architectural structure,,Point(28.942844 41.022869),3.322,http://www.wikidata.org/entity/Q133683627,1.0,,,,http://www.wikidata.org/entity/Q811979,"('41.022869', '28.942844')"
5238,,41.0371399,29.0302143,Q133684052,,D,blue,,,architectural structure,,Point(29.0302143 41.0371399),5.699,http://www.wikidata.org/entity/Q133684052,1.0,,,,http://www.wikidata.org/entity/Q811979,"('41.0371399', '29.0302143')"
5239,,41.0378418,29.0309143,Q133684065,,D,blue,,,architectural structure,,Point(29.0309143 41.0378418),5.793,http://www.wikidata.org/entity/Q133684065,1.0,,,,http://www.wikidata.org/entity/Q811979,"('41.0378418', '29.0309143')"
5240,,41.0382423,29.0315666,Q133684085,,D,blue,,,architectural structure,,Point(29.0315666 41.0382423),5.863,http://www.wikidata.org/entity/Q133684085,1.0,,,,http://www.wikidata.org/entity/Q811979,"('41.0382423', '29.0315666')"
5241,,41.0816002,29.0662689,Q133684158,,D,blue,,,architectural structure,,Point(29.0662689 41.0816002),11.288,http://www.wikidata.org/entity/Q133684158,1.0,,,,http://www.wikidata.org/entity/Q811979,"('41.0816002', '29.0662689')"
5242,,41.013226919418,28.983606421774,Q133684166,,D,blue,,,architectural structure,,Point(28.983606421 41.013226919),1.0,http://www.wikidata.org/entity/Q133684166,1.0,,,,http://www.wikidata.org/entity/Q811979,"('41.013226919418', '28.983606421774')"
5243,,41.013423329538,28.983731944549,Q133684186,,D,blue,,,architectural structure,,Point(28.983731944 41.013423329),1.024,http://www.wikidata.org/entity/Q133684186,1.0,,,,http://www.wikidata.org/entity/Q811979,"('41.013423329538', '28.983731944549')"
5244,,41.013500290906,28.983389106312,Q133684187,,D,blue,,,architectural structure,,Point(28.983389106 41.01350029),1.012,http://www.wikidata.org/entity/Q133684187,1.0,,,,http://www.wikidata.org/entity/Q811979,"('41.013500290906', '28.983389106312')"
5245,,41.0966339,29.0648746,Defunct Yalı No. 68 of Kanlıca,,D,blue,,,architectural structure,,Point(29.0648746 41.0966339),12.506,http://www.wikidata.org/entity/Q133684189,1.0,,,,http://www.wikidata.org/entity/Q811979,"('41.0966339', '29.0648746')"
5246,,41.0496025,29.0314064,"Sahilhane 167, Ortaköy",,D,blue,,,architectural structure,,Point(29.0314064 41.0496025),6.693,http://www.wikidata.org/entity/Q133684446,1.0,,,,http://www.wikidata.org/entity/Q811979,"('41.0496025', '29.0314064')"
5247,,41.0666656,29.0419788,Defunct Yalı No. 160 of Arnavutköy,,D,blue,,,architectural structure,,Point(29.0419788 41.0666656),8.699,http://www.wikidata.org/entity/Q133684481,1.0,,,,http://www.wikidata.org/entity/Q811979,"('41.0666656', '29.0419788')"
5248,,40.9936523,29.0337009,Q133685202,,D,blue,,,architectural structure,,Point(29.0337009 40.9936523),5.055,http://www.wikidata.org/entity/Q133685202,1.0,,,,http://www.wikidata.org/entity/Q811979,"('40.9936523', '29.0337009')"
5249,,41.0312119,29.0210018,Q133698759,,D,blue,,,factory,,Point(29.0210018 41.0312119),4.686,http://www.wikidata.org/entity/Q133698759,1.0,,,,http://www.wikidata.org/entity/Q83405,"('41.0312119', '29.0210018')"
5252,,41.013148093511,28.983654493025,Q133817339,,D,blue,,,historic building,,Point(28.983654493 41.013148093),0.996,http://www.wikidata.org/entity/Q133817339,1.0,,,,http://www.wikidata.org/entity/Q35112127,"('41.013148093511', '28.983654493025')"
5253,,41.022095623851,28.941393758789,Q133817337,,D,blue,,,historic building,,Point(28.941393758 41.022095623),3.379,http://www.wikidata.org/entity/Q133817337,1.0,,,,http://www.wikidata.org/entity/Q35112127,"('41.022095623851', '28.941393758789')"
5254,,41.012969043095,28.983477759487,Q133817342,,D,blue,,,historic building,,Point(28.983477759 41.012969043),0.972,http://www.wikidata.org/entity/Q133817342,1.0,,,,http://www.wikidata.org/entity/Q35112127,"('41.012969043095', '28.983477759487')"
5255,,41.013102242244,28.983844191732,Q133817341,,D,blue,,,historic building,,Point(28.983844191 41.013102242),1.003,http://www.wikidata.org/entity/Q133817341,1.0,,,,http://www.wikidata.org/entity/Q35112127,"('41.013102242244', '28.983844191732')"
5256,,41.0124817,28.983223,Q133817419,,D,blue,,,historic building,,Point(28.983223 41.0124817),0.917,http://www.wikidata.org/entity/Q133817419,1.0,,,,http://www.wikidata.org/entity/Q35112127,"('41.0124817', '28.983223')"
5257,,41.0126572,28.9834061,Q133817420,,D,blue,,,historic building,,Point(28.9834061 41.0126572),0.942,http://www.wikidata.org/entity/Q133817420,1.0,,,,http://www.wikidata.org/entity/Q35112127,"('41.0126572', '28.9834061')"
5258,,41.1000023,29.0653934,Q133817433,,D,blue,,,historic building,,Point(29.0653934 41.1000023),12.834,http://www.wikidata.org/entity/Q133817433,1.0,,,,http://www.wikidata.org/entity/Q35112127,"('41.1000023', '29.0653934')"
5259,,41.0103569,28.9772644,Q133817448,,D,blue,,,historic building,,Point(28.9772644 41.0103569),0.457,http://www.wikidata.org/entity/Q133817448,1.0,,,,http://www.wikidata.org/entity/Q35112127,"('41.0103569', '28.9772644')"
5260,,41.0164833,28.9706898,Q133817454,,D,blue,,,historic building,,Point(28.9706898 41.0164833),1.204,http://www.wikidata.org/entity/Q133817454,1.0,,,,http://www.wikidata.org/entity/Q35112127,"('41.0164833', '28.9706898')"
5261,,41.0219879,29.0102367,Q133817468,,D,blue,,,historic building,,Point(29.0102367 41.0219879),3.365,http://www.wikidata.org/entity/Q133817468,1.0,,,,http://www.wikidata.org/entity/Q35112127,"('41.0219879', '29.0102367')"
5262,,41.0212746,29.0090122,Q133817482,,D,blue,,,historic building,,Point(29.0090122 41.0212746),3.236,http://www.wikidata.org/entity/Q133817482,1.0,,,,http://www.wikidata.org/entity/Q35112127,"('41.0212746', '29.0090122')"
5263,,41.0215454,29.0103874,Q133817500,,D,blue,,,historic building,,Point(29.0103874 41.0215454),3.351,http://www.wikidata.org/entity/Q133817500,1.0,,,,http://www.wikidata.org/entity/Q35112127,"('41.0215454', '29.0103874')"
5264,,41.0411911,29.0375214,Q133817519,,D,blue,,,historic building,,Point(29.0375214 41.0411911),6.46,http://www.wikidata.org/entity/Q133817519,1.0,,,,http://www.wikidata.org/entity/Q35112127,"('41.0411911', '29.0375214')"
5265,,40.9950066,28.9260292,Q133817541,,D,blue,,,meyhane,,Point(28.9260292 40.9950066),4.37,http://www.wikidata.org/entity/Q133817541,1.0,,,,http://www.wikidata.org/entity/Q4822177,"('40.9950066', '28.9260292')"
5267,,41.0128517,28.9832478,Topkapı Palace Harem,,D,blue,,,historic building,,Point(28.9832478 41.0128517),0.949,http://www.wikidata.org/entity/Q133817551,1.0,,,,http://www.wikidata.org/entity/Q35112127,"('41.0128517', '28.9832478')"
5268,,41.013513188592,28.983858962558,Q133817548,,D,blue,,,historic building,,Point(28.983858962 41.013513188),1.038,http://www.wikidata.org/entity/Q133817548,1.0,,,,http://www.wikidata.org/entity/Q35112127,"('41.013513188592', '28.983858962558')"
5269,,41.0119514,28.9836044,Topkapı Palace Second Courtyard,,D,blue,,,historic building,,Point(28.9836044 41.0119514),0.897,http://www.wikidata.org/entity/Q133817553,1.0,,,,http://www.wikidata.org/entity/Q35112127,"('41.0119514', '28.9836044')"
5270,,41.0106468,28.981987,Topkapı Palace First Courtyard,,D,blue,,,historic building,,Point(28.981987 41.0106468),0.699,http://www.wikidata.org/entity/Q133817557,1.0,,,,http://www.wikidata.org/entity/Q35112127,"('41.0106468', '28.981987')"
5271,,41.0190964,28.9687672,Q133817584,,D,blue,,,historic building,,Point(28.9687672 41.0190964),1.534,http://www.wikidata.org/entity/Q133817584,1.0,,,,http://www.wikidata.org/entity/Q35112127,"('41.0190964', '28.9687672')"
5272,,40.9902039,29.0297794,Q133817595,,D,blue,,,historic building,,Point(29.0297794 40.9902039),4.868,http://www.wikidata.org/entity/Q133817595,1.0,,,,http://www.wikidata.org/entity/Q35112127,"('40.9902039', '29.0297794')"
5273,,41.012386,28.982862,Q133817655,,D,blue,,,historic building,,Point(28.982862 41.012386),0.889,http://www.wikidata.org/entity/Q133817655,1.0,,,,http://www.wikidata.org/entity/Q35112127,"('41.012386', '28.982862')"
5274,,41.013889,28.984158,Q133817658,,D,blue,,,historic building,,Point(28.984158 41.013889),1.086,http://www.wikidata.org/entity/Q133817658,1.0,,,,http://www.wikidata.org/entity/Q35112127,"('41.013889', '28.984158')"
5275,,41.012348,28.984028,Q133817659,,D,blue,,,monument,,Point(28.984028 41.012348),0.953,http://www.wikidata.org/entity/Q133817659,1.0,,,,http://www.wikidata.org/entity/Q4989906,"('41.012348', '28.984028')"
5276,,41.013077,28.983559,Q133817656,,D,blue,,,historic building,,Point(28.983559 41.013077),0.985,http://www.wikidata.org/entity/Q133817656,1.0,,,,http://www.wikidata.org/entity/Q35112127,"('41.013077', '28.983559')"
5277,,41.012138,28.984726,Topkapı Palace Kitchens,,D,blue,,,historic building,,Point(28.984726 41.012138),0.981,http://www.wikidata.org/entity/Q133817662,1.0,,,,http://www.wikidata.org/entity/Q35112127,"('41.012138', '28.984726')"
5278,,41.013792958868,28.985222307994,Q133817666,,D,blue,,,historic building,,Point(28.985222307 41.013792958),1.138,http://www.wikidata.org/entity/Q133817666,1.0,,,,http://www.wikidata.org/entity/Q35112127,"('41.013792958868', '28.985222307994')"
5279,,41.013481,28.984867,Q133817667,,D,blue,,,historic building,,Point(28.984867 41.013481),1.092,http://www.wikidata.org/entity/Q133817667,1.0,,,,http://www.wikidata.org/entity/Q35112127,"('41.013481', '28.984867')"
5280,,41.013554,28.984543,Q133817669,,D,blue,,,historic building,,Point(28.984543 41.013554),1.08,http://www.wikidata.org/entity/Q133817669,1.0,,,,http://www.wikidata.org/entity/Q35112127,"('41.013554', '28.984543')"
5281,,41.013577,28.985395,Q133817674,,D,blue,,,historic building,,Point(28.985395 41.013577),1.131,http://www.wikidata.org/entity/Q133817674,1.0,,,,http://www.wikidata.org/entity/Q35112127,"('41.013577', '28.985395')"
5282,,41.012661,28.983692,Q133817675,,D,blue,,,historic building,,Point(28.983692 41.012661),0.958,http://www.wikidata.org/entity/Q133817675,1.0,,,,http://www.wikidata.org/entity/Q35112127,"('41.012661', '28.983692')"
5283,,41.012955,28.983091,Q133817677,,D,blue,,,historic building,,Point(28.983091 41.012955),0.949,http://www.wikidata.org/entity/Q133817677,1.0,,,,http://www.wikidata.org/entity/Q35112127,"('41.012955', '28.983091')"
5284,,41.014053,28.984251,Q133817681,,D,blue,,,historic building,,Point(28.984251 41.014053),1.105,http://www.wikidata.org/entity/Q133817681,1.0,,,,http://www.wikidata.org/entity/Q35112127,"('41.014053', '28.984251')"
5285,,41.0131035,28.9577656,Q133817688,,D,blue,,,historic building,,Point(28.9577656 41.0131035),1.693,http://www.wikidata.org/entity/Q133817688,1.0,,,,http://www.wikidata.org/entity/Q35112127,"('41.0131035', '28.9577656')"
5286,,41.045227413316,29.04533441154,Q133822313,,D,blue,,,Charity Stone,,Point(29.045334411 41.045227413),7.253,http://www.wikidata.org/entity/Q133822313,1.0,,,,http://www.wikidata.org/entity/Q28016054,"('41.045227413316', '29.04533441154')"
5287,,41.045101,29.045263,Q133822697,,D,blue,,,namazgâh,,Point(29.045263 41.045101),7.24,http://www.wikidata.org/entity/Q133822697,1.0,,,,http://www.wikidata.org/entity/Q6028970,"('41.045101', '29.045263')"
5288,,41.015293166281,28.952138704224,Q133825177,,D,blue,,,museum,,Point(28.952138704 41.015293166),2.224,http://www.wikidata.org/entity/Q133825177,1.0,,,,http://www.wikidata.org/entity/Q33506,"('41.015293166281', '28.952138704224')"
5289,,41.043433959704,29.042654616591,Beylerbeyi Park,,D,blue,,,park,,Point(29.042654616 41.043433959),6.954,http://www.wikidata.org/entity/Q133826188,1.0,,,,http://www.wikidata.org/entity/Q22698,"('41.043433959704', '29.042654616591')"
5290,,41.045699900658,29.049477010357,Beylerbeyi Cistern,,D,blue,,,cistern,,Point(29.04947701 41.0456999),7.565,http://www.wikidata.org/entity/Q133826632,1.0,,,,http://www.wikidata.org/entity/Q838858,"('41.045699900658', '29.049477010357')"
5291,,41.0198364,28.9571991,Molla Zeyrek Cistern,,D,blue,,,cistern,,Point(28.9571991 41.0198364),2.166,http://www.wikidata.org/entity/Q133859732,1.0,,,,http://www.wikidata.org/entity/Q838858,"('41.0198364', '28.9571991')"
5292,,41.0787201,29.0454292,Bebek Cistern,,D,blue,,,cistern,,Point(29.0454292 41.0787201),9.936,http://www.wikidata.org/entity/Q133859754,1.0,,,,http://www.wikidata.org/entity/Q838858,"('41.0787201', '29.0454292')"
5293,,41.0136681,28.9817123,Q133859798,,D,blue,,,cistern,,Point(28.9817123 41.0136681),0.947,http://www.wikidata.org/entity/Q133859798,1.0,,,,http://www.wikidata.org/entity/Q838858,"('41.0136681', '28.9817123')"
5294,,41.0041466,28.975153,Nakilbent Cistern,,D,blue,,,cistern,,Point(28.975153 41.0041466),0.256,http://www.wikidata.org/entity/Q133859803,1.0,,,,http://www.wikidata.org/entity/Q838858,"('41.0041466', '28.975153')"
5295,,41.012043,28.9837418,Topkapı Palace Second Courtyard Cistern,,D,blue,,,cistern,,Point(28.9837418 41.012043),0.912,http://www.wikidata.org/entity/Q133860106,1.0,,,,http://www.wikidata.org/entity/Q838858,"('41.012043', '28.9837418')"
5296,,41.0847588,29.0561981,Rumeli Hisarı Cistern,,D,blue,,,cistern,,Point(29.0561981 41.0847588),11.015,http://www.wikidata.org/entity/Q133860128,1.0,,,,http://www.wikidata.org/entity/Q838858,"('41.0847588', '29.0561981')"
5297,,41.0252419,28.9588146,Cistern of Seferikos,,D,blue,,,cistern,,Point(28.9588146 41.0252419),2.539,http://www.wikidata.org/entity/Q133860352,1.0,,,,http://www.wikidata.org/entity/Q838858,"('41.0252419', '28.9588146')"
5298,,41.0307906,29.0201383,Q133860363,,D,blue,,,cistern,,Point(29.0201383 41.0307906),4.6,http://www.wikidata.org/entity/Q133860363,1.0,,,,http://www.wikidata.org/entity/Q838858,"('41.0307906', '29.0201383')"
5299,,41.03576,28.938707,Q133860369,,D,blue,,,cistern,,Point(28.938707 41.03576),4.516,http://www.wikidata.org/entity/Q133860369,1.0,,,,http://www.wikidata.org/entity/Q838858,"('41.03576', '28.938707')"
5303,,41.014704306422,28.95437855808,Saraçhane Square,,D,blue,,,square,,Point(28.954378558 41.014704306),2.027,http://www.wikidata.org/entity/Q134428681,1.0,,,,http://www.wikidata.org/entity/Q174782,"('41.014704306422', '28.95437855808')"
5304,,41.017075,29.043639,Validebağ Water Balance Tower,,D,blue,,,water balance tower,,Point(29.043639 41.017075),5.809,http://www.wikidata.org/entity/Q134497121,1.0,,,,http://www.wikidata.org/entity/Q119168232,"('41.017075', '29.043639')"
5305,,41.011,28.966,Bakkalzade Mosque,,D,blue,,,mosque,,Point(28.966 41.011),0.975,http://www.wikidata.org/entity/Q134586286,1.0,,,https://en.wikipedia.org/wiki/Bakkalzade_Mosque,http://www.wikidata.org/entity/Q32815,"('41.011', '28.966')"
5306,,41.047111248373,28.997538548257,Q134590776,,D,blue,,,mosque,,Point(28.997538548 41.047111248),4.88,http://www.wikidata.org/entity/Q134590776,1.0,,,,http://www.wikidata.org/entity/Q32815,"('41.047111248373', '28.997538548257')"
5307,,41.014062,28.956072,Q134608720,,D,blue,,,water balance tower,,Point(28.956072 41.014062),1.868,http://www.wikidata.org/entity/Q134608720,1.0,,,,http://www.wikidata.org/entity/Q119168232,"('41.014062', '28.956072')"
5308,,41.013142,29.020751,Q134608726,,D,blue,,,water balance tower,,Point(29.020751 41.013142),3.84,http://www.wikidata.org/entity/Q134608726,1.0,,,,http://www.wikidata.org/entity/Q119168232,"('41.013142', '29.020751')"
5309,,41.077146,29.042168,Q134608727,,D,blue,,,water balance tower,,Point(29.042168 41.077146),9.634,http://www.wikidata.org/entity/Q134608727,1.0,,,,http://www.wikidata.org/entity/Q119168232,"('41.077146', '29.042168')"
5310,,41.014363,28.931822,Q134608746,,D,blue,,,water balance tower,,Point(28.931822 41.014363),3.801,http://www.wikidata.org/entity/Q134608746,1.0,,,,http://www.wikidata.org/entity/Q119168232,"('41.014363', '28.931822')"
5311,,41.0063766,28.9814026,Q134608748,,D,blue,,,water balance tower,,Point(28.9814026 41.0063766),0.464,http://www.wikidata.org/entity/Q134608748,1.0,,,,http://www.wikidata.org/entity/Q119168232,"('41.0063766', '28.9814026')"
5312,,41.021377,29.01042,Q134608766,,D,blue,,,water balance tower,,Point(29.01042 41.021377),3.344,http://www.wikidata.org/entity/Q134608766,1.0,,,,http://www.wikidata.org/entity/Q119168232,"('41.021377', '29.01042')"
5313,,41.021732,28.9410528,Q134608764,,D,blue,,,water balance tower,,Point(28.9410528 41.021732),3.383,http://www.wikidata.org/entity/Q134608764,1.0,,,,http://www.wikidata.org/entity/Q119168232,"('41.021732', '28.9410528')"
5314,,41.03313,28.932617,Q134608774,,D,blue,,,water balance tower,,Point(28.932617 41.03313),4.692,http://www.wikidata.org/entity/Q134608774,1.0,,,,http://www.wikidata.org/entity/Q119168232,"('41.03313', '28.932617')"
5315,,41.0081024,28.9779835,Q134608778,,D,blue,,,water balance tower,,Point(28.9779835 41.0081024),0.261,http://www.wikidata.org/entity/Q134608778,1.0,,,,http://www.wikidata.org/entity/Q119168232,"('41.0081024', '28.9779835')"
5316,,41.0961593,29.0530033,Q134608780,,D,blue,,,water balance tower,,Point(29.0530033 41.0961593),11.894,http://www.wikidata.org/entity/Q134608780,1.0,,,,http://www.wikidata.org/entity/Q119168232,"('41.0961593', '29.0530033')"
5317,,41.083614,29.056722,Durmuş Dede Tekkesi,,D,blue,,,Sufi lodge,,Point(29.056722 41.083614),10.941,http://www.wikidata.org/entity/Q134615474,1.0,,,,http://www.wikidata.org/entity/Q833913,"('41.083614', '29.056722')"
5318,,41.0106452,28.9767475,Hacı Beşir Ağa Tekkesi,,D,blue,,,Sufi lodge,,Point(28.9767475 41.0106452),0.48,http://www.wikidata.org/entity/Q134615605,1.0,,,,http://www.wikidata.org/entity/Q833913,"('41.0106452', '28.9767475')"
5319,,41.0124048,28.9389093,Fındıkzade Tekkesi,,D,blue,,,Sufi lodge,,Point(28.9389093 41.0124048),3.173,http://www.wikidata.org/entity/Q134615608,1.0,,,,http://www.wikidata.org/entity/Q833913,"('41.0124048', '28.9389093')"
5320,,41.0203629,29.0289211,Afganiler Tekkesi,,D,blue,,,Sufi lodge,,Point(29.0289211 41.0203629),4.715,http://www.wikidata.org/entity/Q134615650,1.0,,,,http://www.wikidata.org/entity/Q833913,"('41.0203629', '29.0289211')"
5321,,41.005061,28.91341,Seyyid Nizam Lodge,,D,blue,,,Sufi lodge,,Point(28.91341 41.005061),5.243,http://www.wikidata.org/entity/Q134615655,1.0,,,,http://www.wikidata.org/entity/Q833913,"('41.005061', '28.91341')"
5322,,41.003171,28.941274,Kadem-i Şerif Lodge,,D,blue,,,Sufi lodge,,Point(28.941274 41.003171),2.925,http://www.wikidata.org/entity/Q134615660,1.0,,,,http://www.wikidata.org/entity/Q833913,"('41.003171', '28.941274')"
5323,,40.990908,28.914607,Erikli Baba Tekkesi,,D,blue,,,Sufi lodge,,Point(28.914607 40.990908),5.421,http://www.wikidata.org/entity/Q134615667,1.0,,,,http://www.wikidata.org/entity/Q833913,"('40.990908', '28.914607')"
5324,,41.032575,28.936247,Emin Baba Tekkesi,,D,blue,,,Sufi lodge,,Point(28.936247 41.032575),4.42,http://www.wikidata.org/entity/Q134615675,1.0,,,,http://www.wikidata.org/entity/Q833913,"('41.032575', '28.936247')"
5326,,41.01535,29.02536,Zeynep Kamil Hastanesi,,D,blue,,,building,,Point(29.02536 41.01535),4.27,http://www.wikidata.org/entity/Q134620247,1.0,,,,http://www.wikidata.org/entity/Q41176,"('41.01535', '29.02536')"
5328,,40.9801559,29.0386868,Bust of Münir Nurettin Selçuk,,D,blue,,,bust,,Point(29.0386868 40.9801559),6.024,http://www.wikidata.org/entity/Q134728445,1.0,,,,http://www.wikidata.org/entity/Q241045,"('40.9801559', '29.0386868')"
5330,,40.9852791,29.0336456,Statue of Yunus Emre,,D,blue,,,statue,,Point(29.0336456 40.9852791),5.386,http://www.wikidata.org/entity/Q134728498,1.0,,,,http://www.wikidata.org/entity/Q179700,"('40.9852791', '29.0336456')"
5332,,40.9794846,29.0394058,Q134728506,,D,blue,,,statue,,Point(29.0394058 40.9794846),6.114,http://www.wikidata.org/entity/Q134728506,1.0,,,,http://www.wikidata.org/entity/Q179700,"('40.9794846', '29.0394058')"
5334,,40.9805794,29.0384293,Statue of Osman Hamdi Bey,,D,blue,,,statue,,Point(29.0384293 40.9805794),5.983,http://www.wikidata.org/entity/Q134728507,1.0,,,,http://www.wikidata.org/entity/Q179700,"('40.9805794', '29.0384293')"
5336,,40.9835129,29.0331707,Q134728504,,D,blue,,,statue,,Point(29.0331707 40.9835129),5.44,http://www.wikidata.org/entity/Q134728504,1.0,,,,http://www.wikidata.org/entity/Q179700,"('40.9835129', '29.0331707')"
5338,,40.9808998,29.0371971,Q134728505,,D,blue,,,statue,,Point(29.0371971 40.9808998),5.875,http://www.wikidata.org/entity/Q134728505,1.0,,,,http://www.wikidata.org/entity/Q179700,"('40.9808998', '29.0371971')"
5340,,40.9765816,29.0411015,Q134728516,,D,blue,,,statue,,Point(29.0411015 40.9765816),6.399,http://www.wikidata.org/entity/Q134728516,1.0,,,,http://www.wikidata.org/entity/Q179700,"('40.9765816', '29.0411015')"
5342,,40.9843636,29.0392933,Q134728517,,D,blue,,,statue,,Point(29.0392933 40.9843636),5.858,http://www.wikidata.org/entity/Q134728517,1.0,,,,http://www.wikidata.org/entity/Q179700,"('40.9843636', '29.0392933')"
5344,,41.015615,28.954198,Q134728525,,D,blue,,,statue,,Point(28.954198 41.015615),2.088,http://www.wikidata.org/entity/Q134728525,1.0,,,,http://www.wikidata.org/entity/Q179700,"('41.015615', '28.954198')"
5346,,41.081369,29.054288,Statue of Orhan Veli,,D,blue,,,statue,,Point(29.054288 41.081369),10.619,http://www.wikidata.org/entity/Q134728528,1.0,,,,http://www.wikidata.org/entity/Q179700,"('41.081369', '29.054288')"
5348,,41.0329552,29.0366402,Q134728566,,D,blue,,,portal,,Point(29.0366402 41.0329552),5.892,http://www.wikidata.org/entity/Q134728566,1.0,,,,http://www.wikidata.org/entity/Q854429,"('41.0329552', '29.0366402')"
5349,,41.0187874,28.9501839,Q134728575,,D,blue,,,portal,,Point(28.9501839 41.0187874),2.559,http://www.wikidata.org/entity/Q134728575,1.0,,,,http://www.wikidata.org/entity/Q854429,"('41.0187874', '28.9501839')"
5350,,41.010994,28.9642086,Istanbul University Seraskerat Gate,,D,blue,,,portal,,Point(28.9642086 41.010994),1.105,http://www.wikidata.org/entity/Q134728582,1.0,,,,http://www.wikidata.org/entity/Q854429,"('41.010994', '28.9642086')"
5351,,41.0140572,28.9855442,Gülhane Gate,,D,blue,,,portal,,Point(28.9855442 41.0140572),1.178,http://www.wikidata.org/entity/Q134728580,1.0,,,,http://www.wikidata.org/entity/Q854429,"('41.0140572', '28.9855442')"
5352,,41.0112724,28.9782925,Sokullu Gate,,D,blue,,,portal,,Point(28.9782925 41.0112724),0.581,http://www.wikidata.org/entity/Q134728587,1.0,,,,http://www.wikidata.org/entity/Q854429,"('41.0112724', '28.9782925')"
5353,,41.004883244767,28.934891636961,Q134728590,,D,blue,,,portal,,Point(28.934891636 41.004883244),3.443,http://www.wikidata.org/entity/Q134728590,1.0,,,,http://www.wikidata.org/entity/Q854429,"('41.004883244767', '28.934891636961')"
5354,,41.038127,28.997156,Q134728610,,D,blue,,,portal,,Point(28.997156 41.038127),3.956,http://www.wikidata.org/entity/Q134728610,1.0,,,,http://www.wikidata.org/entity/Q854429,"('41.038127', '28.997156')"
5355,,41.0391922,28.9984779,Q134728611,,D,blue,,,portal,,Point(28.9984779 41.0391922),4.112,http://www.wikidata.org/entity/Q134728611,1.0,,,,http://www.wikidata.org/entity/Q854429,"('41.0391922', '28.9984779')"
5356,,41.011389772649,28.983223077789,Babüsselam,,D,blue,,,city gate,,Point(28.983223077 41.011389772),0.831,http://www.wikidata.org/entity/Q134728609,1.0,,,,http://www.wikidata.org/entity/Q82117,"('41.011389772649', '28.983223077789')"
5358,,41.017168,28.971175,Q134728623,,D,blue,,,portal,,Point(28.971175 41.017168),1.262,http://www.wikidata.org/entity/Q134728623,1.0,,,,http://www.wikidata.org/entity/Q854429,"('41.017168', '28.971175')"
5359,,41.0165,28.970373,Q134728620,,D,blue,,,portal,,Point(28.970373 41.0165),1.216,http://www.wikidata.org/entity/Q134728620,1.0,,,,http://www.wikidata.org/entity/Q854429,"('41.0165', '28.970373')"
5360,,41.015771,28.971762,Q134728627,,D,blue,,,portal,,Point(28.971762 41.015771),1.1,http://www.wikidata.org/entity/Q134728627,1.0,,,,http://www.wikidata.org/entity/Q854429,"('41.015771', '28.971762')"
5361,,41.0087305,28.9810136,Q134728628,,D,blue,,,portal,,Point(28.9810136 41.0087305),0.504,http://www.wikidata.org/entity/Q134728628,1.0,,,,http://www.wikidata.org/entity/Q854429,"('41.0087305', '28.9810136')"
5362,,41.0103035,28.9560127,Q134732078,,D,blue,,,imaret,,Point(28.9560127 41.0103035),1.722,http://www.wikidata.org/entity/Q134732078,1.0,,,,http://www.wikidata.org/entity/Q2302791,"('41.0103035', '28.9560127')"
5363,,41.009208,28.941322,Q134732102,,D,blue,,,imaret,,Point(28.941322 41.009208),2.916,http://www.wikidata.org/entity/Q134732102,1.0,,,,http://www.wikidata.org/entity/Q2302791,"('41.009208', '28.941322')"
5364,,41.018797232659,29.017024218178,Q134734699,,D,blue,,,hazire,,Point(29.017024218 41.018797232),3.718,http://www.wikidata.org/entity/Q134734699,1.0,,,,http://www.wikidata.org/entity/Q6034438,"('41.018797232659', '29.017024218178')"
5365,,41.018080640362,29.013506638229,Q134734712,,D,blue,,,hazire,,Point(29.013506638 41.01808064),3.415,http://www.wikidata.org/entity/Q134734712,1.0,,,,http://www.wikidata.org/entity/Q6034438,"('41.018080640362', '29.013506638229')"
5366,,41.0184135,29.0169697,Q134734757,,D,blue,,,hazire,,Point(29.0169697 41.0184135),3.699,http://www.wikidata.org/entity/Q134734757,1.0,,,,http://www.wikidata.org/entity/Q6034438,"('41.0184135', '29.0169697')"
5367,,41.0384827,28.9417362,Q134734762,,D,blue,,,hazire,,Point(28.9417362 41.0384827),4.576,http://www.wikidata.org/entity/Q134734762,1.0,,,,http://www.wikidata.org/entity/Q6034438,"('41.0384827', '28.9417362')"
5368,,41.009706389379,28.965463095708,Q134734775,,D,blue,,,hazire,,Point(28.965463095 41.009706389),0.948,http://www.wikidata.org/entity/Q134734775,1.0,,,,http://www.wikidata.org/entity/Q6034438,"('41.009706389379', '28.965463095708')"
5369,,41.0236626,29.0221081,Q134734782,,D,blue,,,hazire,,Point(29.0221081 41.0236626),4.329,http://www.wikidata.org/entity/Q134734782,1.0,,,,http://www.wikidata.org/entity/Q6034438,"('41.0236626', '29.0221081')"
5370,,41.0240479,29.018549,Q134734783,,D,blue,,,hazire,,Point(29.018549 41.0240479),4.084,http://www.wikidata.org/entity/Q134734783,1.0,,,,http://www.wikidata.org/entity/Q6034438,"('41.0240479', '29.018549')"
5371,,41.0192108,29.0167904,Q134734787,,D,blue,,,hazire,,Point(29.0167904 41.0192108),3.718,http://www.wikidata.org/entity/Q134734787,1.0,,,,http://www.wikidata.org/entity/Q6034438,"('41.0192108', '29.0167904')"
5372,,41.0417404,29.0034885,Q134734819,,D,blue,,,hazire,,Point(29.0034885 41.0417404),4.563,http://www.wikidata.org/entity/Q134734819,1.0,,,,http://www.wikidata.org/entity/Q6034438,"('41.0417404', '29.0034885')"
5373,,41.0379982,28.9410286,Q134734831,,D,blue,,,hazire,,Point(28.9410286 41.0379982),4.572,http://www.wikidata.org/entity/Q134734831,1.0,,,,http://www.wikidata.org/entity/Q6034438,"('41.0379982', '28.9410286')"
5374,,41.0324745,28.9361687,Q134734834,,D,blue,,,hazire,,Point(28.9361687 41.0324745),4.417,http://www.wikidata.org/entity/Q134734834,1.0,,,,http://www.wikidata.org/entity/Q6034438,"('41.0324745', '28.9361687')"
5375,,40.9908257,28.9144115,Q134734832,,D,blue,,,hazire,,Point(28.9144115 40.9908257),5.44,http://www.wikidata.org/entity/Q134734832,1.0,,,,http://www.wikidata.org/entity/Q6034438,"('40.9908257', '28.9144115')"
5376,,41.0048256,28.9133034,Q134734833,,D,blue,,,hazire,,Point(28.9133034 41.0048256),5.253,http://www.wikidata.org/entity/Q134734833,1.0,,,,http://www.wikidata.org/entity/Q6034438,"('41.0048256', '28.9133034')"
5377,,41.0064125,28.9816608,Q134734862,,D,blue,,,hazire,,Point(28.9816608 41.0064125),0.486,http://www.wikidata.org/entity/Q134734862,1.0,,,,http://www.wikidata.org/entity/Q6034438,"('41.0064125', '28.9816608')"
5378,,41.11446,29.0622005,Q134734861,,D,blue,,,hazire,,Point(29.0622005 41.11446),14.029,http://www.wikidata.org/entity/Q134734861,1.0,,,,http://www.wikidata.org/entity/Q6034438,"('41.11446', '29.0622005')"
5379,,41.0269203,29.0162716,Q134734869,,D,blue,,,hazire,,Point(29.0162716 41.0269203),4.087,http://www.wikidata.org/entity/Q134734869,1.0,,,,http://www.wikidata.org/entity/Q6034438,"('41.0269203', '29.0162716')"
5380,,41.0224533,29.0089779,Q134734881,,D,blue,,,hazire,,Point(29.0089779 41.0224533),3.303,http://www.wikidata.org/entity/Q134734881,1.0,,,,http://www.wikidata.org/entity/Q6034438,"('41.0224533', '29.0089779')"
5381,,41.034786172842,28.933510679386,Q134734884,,D,blue,,,hazire,,Point(28.933510679 41.034786172),4.754,http://www.wikidata.org/entity/Q134734884,1.0,,,,http://www.wikidata.org/entity/Q6034438,"('41.034786172842', '28.933510679386')"
5382,,41.0098991,28.9785862,Q134734888,,D,blue,,,hazire,,Point(28.9785862 41.0098991),0.453,http://www.wikidata.org/entity/Q134734888,1.0,,,,http://www.wikidata.org/entity/Q6034438,"('41.0098991', '28.9785862')"
5383,,40.9862099,29.0697918,Q134734900,,D,blue,,,cemetery,,Point(29.0697918 40.9862099),8.195,http://www.wikidata.org/entity/Q134734900,1.0,,,,http://www.wikidata.org/entity/Q39614,"('40.9862099', '29.0697918')"
5384,,41.0229683,29.0124702,Q134734910,,D,blue,,,hazire,,Point(29.0124702 41.0229683),3.582,http://www.wikidata.org/entity/Q134734910,1.0,,,,http://www.wikidata.org/entity/Q6034438,"('41.0229683', '29.0124702')"
5385,,41.0203972,29.0166531,Q134734913,,D,blue,,,hazire,,Point(29.0166531 41.0203972),3.76,http://www.wikidata.org/entity/Q134734913,1.0,,,,http://www.wikidata.org/entity/Q6034438,"('41.0203972', '29.0166531')"
5386,,41.0164871,29.0199032,Q134734919,,D,blue,,,hazire,,Point(29.0199032 41.0164871),3.861,http://www.wikidata.org/entity/Q134734919,1.0,,,,http://www.wikidata.org/entity/Q6034438,"('41.0164871', '29.0199032')"
5387,,41.012599111797,29.017789530629,Q134734916,,D,blue,,,hazire,,Point(29.01778953 41.012599111),3.584,http://www.wikidata.org/entity/Q134734916,1.0,,,,http://www.wikidata.org/entity/Q6034438,"('41.012599111797', '29.017789530629')"
5388,,41.0012894,29.0297623,Q134734926,,D,blue,,,hazire,,Point(29.0297623 41.0012894),4.557,http://www.wikidata.org/entity/Q134734926,1.0,,,,http://www.wikidata.org/entity/Q6034438,"('41.0012894', '29.0297623')"
5389,,41.0281448,28.9749069,Q134734931,,D,blue,,,grave,,Point(28.9749069 41.0281448),2.421,http://www.wikidata.org/entity/Q134734931,1.0,,,,http://www.wikidata.org/entity/Q173387,"('41.0281448', '28.9749069')"
5390,,41.0281792,28.9749317,Q134734929,,D,blue,,,grave,,Point(28.9749317 41.0281792),2.425,http://www.wikidata.org/entity/Q134734929,1.0,,,,http://www.wikidata.org/entity/Q173387,"('41.0281792', '28.9749317')"
5393,,41.0160751,29.0288334,Q134734936,,D,blue,,,hazire,,Point(29.0288334 41.0160751),4.572,http://www.wikidata.org/entity/Q134734936,1.0,,,,http://www.wikidata.org/entity/Q6034438,"('41.0160751', '29.0288334')"
5394,,41.0499268,28.9330959,Q134734940,,D,blue,,,grave,,Point(28.9330959 41.0499268),6.026,http://www.wikidata.org/entity/Q134734940,1.0,,,,http://www.wikidata.org/entity/Q173387,"('41.0499268', '28.9330959')"
5395,,41.0094833,29.0167332,Q134734947,,D,blue,,,hazire,,Point(29.0167332 41.0094833),3.446,http://www.wikidata.org/entity/Q134734947,1.0,,,,http://www.wikidata.org/entity/Q6034438,"('41.0094833', '29.0167332')"
5396,,41.0031433,28.9275761,Q134734944,,D,blue,,,hazire,,Point(28.9275761 41.0031433),4.068,http://www.wikidata.org/entity/Q134734944,1.0,,,,http://www.wikidata.org/entity/Q6034438,"('41.0031433', '28.9275761')"
5397,,41.0251808,29.018055,Q134734945,,D,blue,,,hazire,,Point(29.018055 41.0251808),4.11,http://www.wikidata.org/entity/Q134734945,1.0,,,,http://www.wikidata.org/entity/Q6034438,"('41.0251808', '29.018055')"
5398,,41.014267,29.0187759,Q134734949,,D,blue,,,grave,,Point(29.0187759 41.014267),3.705,http://www.wikidata.org/entity/Q134734949,1.0,,,,http://www.wikidata.org/entity/Q173387,"('41.014267', '29.0187759')"
5399,,41.0287018,29.0247746,Q134734958,,D,blue,,,hazire,,Point(29.0247746 41.0287018),4.795,http://www.wikidata.org/entity/Q134734958,1.0,,,,http://www.wikidata.org/entity/Q6034438,"('41.0287018', '29.0247746')"
5400,,41.0245438,29.0106544,Q134734956,,D,blue,,,hazire,,Point(29.0106544 41.0245438),3.549,http://www.wikidata.org/entity/Q134734956,1.0,,,,http://www.wikidata.org/entity/Q6034438,"('41.0245438', '29.0106544')"
5401,,41.0200081,29.0192947,Q134734961,,D,blue,,,hazire,,Point(29.0192947 41.0200081),3.946,http://www.wikidata.org/entity/Q134734961,1.0,,,,http://www.wikidata.org/entity/Q6034438,"('41.0200081', '29.0192947')"
5402,,41.024479732674,29.015325320119,Q134734968,,D,blue,,,hazire,,Point(29.01532532 41.024479732),3.874,http://www.wikidata.org/entity/Q134734968,1.0,,,,http://www.wikidata.org/entity/Q6034438,"('41.024479732674', '29.015325320119')"
5403,,41.02585870085,29.011457709807,Q134734973,,D,blue,,,hazire,,Point(29.011457709 41.0258587),3.688,http://www.wikidata.org/entity/Q134734973,1.0,,,,http://www.wikidata.org/entity/Q6034438,"('41.02585870085', '29.011457709807')"
5404,,41.013256147937,29.020958854922,Q134734980,,D,blue,,,grave,,Point(29.020958854 41.013256147),3.859,http://www.wikidata.org/entity/Q134734980,1.0,,,,http://www.wikidata.org/entity/Q173387,"('41.013256147937', '29.020958854922')"
5405,,41.021637,29.0100174,Q134735034,,D,blue,,,hazire,,Point(29.0100174 41.021637),3.329,http://www.wikidata.org/entity/Q134735034,1.0,,,,http://www.wikidata.org/entity/Q6034438,"('41.021637', '29.0100174')"
5406,,41.0237045,29.0203629,Q134735059,,D,blue,,,grave,,Point(29.0203629 41.0237045),4.2,http://www.wikidata.org/entity/Q134735059,1.0,,,,http://www.wikidata.org/entity/Q173387,"('41.0237045', '29.0203629')"
5408,,41.0145912,28.956419,Burmalı Mescit Haziresi,,D,blue,,,hazire,,Point(28.956419 41.0145912),1.87,http://www.wikidata.org/entity/Q134735096,1.0,,,,http://www.wikidata.org/entity/Q6034438,"('41.0145912', '28.956419')"
5409,,41.0148048,28.9593697,Q134735097,,D,blue,,,hazire,,Point(28.9593697 41.0148048),1.672,http://www.wikidata.org/entity/Q134735097,1.0,,,,http://www.wikidata.org/entity/Q6034438,"('41.0148048', '28.9593697')"
5410,,40.9916878,29.0345745,Q134735117,,D,blue,,,hazire,,Point(29.0345745 40.9916878),5.19,http://www.wikidata.org/entity/Q134735117,1.0,,,,http://www.wikidata.org/entity/Q6034438,"('40.9916878', '29.0345745')"
5411,,41.083415666459,29.056621732003,Q134735131,,D,blue,,,hazire,,Point(29.056621732 41.083415666),10.919,http://www.wikidata.org/entity/Q134735131,1.0,,,,http://www.wikidata.org/entity/Q6034438,"('41.083415666459', '29.056621732003')"
5412,,41.0031166,28.9792461,Q134735139,,D,blue,,,hazire,,Point(28.9792461 41.0031166),0.46,http://www.wikidata.org/entity/Q134735139,1.0,,,,http://www.wikidata.org/entity/Q6034438,"('41.0031166', '28.9792461')"
5414,,41.0244827,29.0235291,Q134735142,,D,blue,,,hazire,,Point(29.0235291 41.0244827),4.476,http://www.wikidata.org/entity/Q134735142,1.0,,,,http://www.wikidata.org/entity/Q6034438,"('41.0244827', '29.0235291')"
5415,,41.0037498,28.9438553,Q134735152,,D,blue,,,hazire,,Point(28.9438553 41.0037498),2.702,http://www.wikidata.org/entity/Q134735152,1.0,,,,http://www.wikidata.org/entity/Q6034438,"('41.0037498', '28.9438553')"
5417,,41.016329,28.9737546,Dersaadet Library,,D,blue,,,library,,Point(28.9737546 41.016329),1.12,http://www.wikidata.org/entity/Q134738044,1.0,,,,http://www.wikidata.org/entity/Q7075,"('41.016329', '28.9737546')"
5418,,41.013089,28.962493,Istanbul University Rare Works Library,,D,blue,,,architectural structure,,Point(28.962493 41.013089),1.348,http://www.wikidata.org/entity/Q134777246,1.0,,,,http://www.wikidata.org/entity/Q811979,"('41.013089', '28.962493')"
5420,,41.053101,28.825178,Q134930224,,D,blue,,,fountain,,Point(28.825178 41.053101),13.666,http://www.wikidata.org/entity/Q134930224,1.0,,,,http://www.wikidata.org/entity/Q483453,"('41.053101', '28.825178')"
5421,,40.979717,29.039255,Q134966217,,D,blue,,,monument,,Point(29.039255 40.979717),6.09,http://www.wikidata.org/entity/Q134966217,1.0,,,,http://www.wikidata.org/entity/Q4989906,"('40.979717', '29.039255')"
5422,,41.0397606,28.9857903,Ceylan Apartmanı (Talimhane,,D,blue,,,apartment,,Point(28.9857903 41.0397606),3.804,http://www.wikidata.org/entity/Q134973734,1.0,,,,http://www.wikidata.org/entity/Q188507,"('41.0397606', '28.9857903')"
5423,,41.0335999,28.9794121,Mizzi Apartmanı,,D,blue,,,apartment,,Point(28.9794121 41.0335999),3.041,http://www.wikidata.org/entity/Q134973777,1.0,,,,http://www.wikidata.org/entity/Q188507,"('41.0335999', '28.9794121')"
5424,,41.0272369,28.9784889,Adil Bey Apartmanı,,D,blue,,,apartment,,Point(28.9784889 41.0272369),2.329,http://www.wikidata.org/entity/Q134973855,1.0,,,,http://www.wikidata.org/entity/Q188507,"('41.0272369', '28.9784889')"
5425,,41.0261459,28.9743061,Selimbey Apartmanı,,D,blue,,,apartment,,Point(28.9743061 41.0261459),2.202,http://www.wikidata.org/entity/Q134973869,1.0,,,,http://www.wikidata.org/entity/Q188507,"('41.0261459', '28.9743061')"
5426,,41.0387688,28.9854813,Q134973879,,D,blue,,,apartment,,Point(28.9854813 41.0387688),3.69,http://www.wikidata.org/entity/Q134973879,1.0,,,,http://www.wikidata.org/entity/Q188507,"('41.0387688', '28.9854813')"
5427,,40.9895477,29.0249557,Q134974076,,D,blue,,,apartment,,Point(29.0249557 40.9895477),4.524,http://www.wikidata.org/entity/Q134974076,1.0,,,,http://www.wikidata.org/entity/Q188507,"('40.9895477', '29.0249557')"
5428,,41.035984,28.9838505,Taksim Palas Apartmanı,,D,blue,,,apartment,,Point(28.9838505 41.035984),3.359,http://www.wikidata.org/entity/Q134974140,1.0,,,,http://www.wikidata.org/entity/Q188507,"('41.035984', '28.9838505')"
5429,,41.0307884,28.975914,Q134974141,,D,blue,,,apartment,,Point(28.975914 41.0307884),2.714,http://www.wikidata.org/entity/Q134974141,1.0,,,,http://www.wikidata.org/entity/Q188507,"('41.0307884', '28.975914')"
5430,,41.0353737,28.9872227,Mustafa Bey Apartmanı,,D,blue,,,apartment,,Point(28.9872227 41.0353737),3.361,http://www.wikidata.org/entity/Q134974147,1.0,,,,http://www.wikidata.org/entity/Q188507,"('41.0353737', '28.9872227')"
5431,,41.046833,28.9940453,İzmir Palas Apartmanı,,D,blue,,,apartment,,Point(28.9940453 41.046833),4.749,http://www.wikidata.org/entity/Q134974168,1.0,,,,http://www.wikidata.org/entity/Q188507,"('41.046833', '28.9940453')"
5432,,41.022438,29.0291595,Silahtar Bahçesi Street Fountain,,D,blue,,,fountain,,Point(29.0291595 41.022438),4.814,http://www.wikidata.org/entity/Q135004650,1.0,,,,http://www.wikidata.org/entity/Q483453,"('41.022438', '29.0291595')"
5433,,41.0217361,29.0153084,Şehzade Bayezid Fountain,,D,blue,,,fountain,,Point(29.0153084 41.0217361),3.723,http://www.wikidata.org/entity/Q135004664,1.0,,,,http://www.wikidata.org/entity/Q483453,"('41.0217361', '29.0153084')"
5434,,40.989178003461,29.074733869454,Hilmi Dedebaba Fountain,,D,blue,,,fountain,,Point(29.074733869 40.989178003),8.514,http://www.wikidata.org/entity/Q135004705,1.0,,,,http://www.wikidata.org/entity/Q483453,"('40.989178003461', '29.074733869454')"
5435,,41.004845,28.968164,Q135004714,,D,blue,,,fountain,,Point(28.968164 41.004845),0.669,http://www.wikidata.org/entity/Q135004714,1.0,,,,http://www.wikidata.org/entity/Q483453,"('41.004845', '28.968164')"
5436,,41.010689,28.977449,Hacı Beşir Ağa Fountain,,D,blue,,,fountain,,Point(28.977449 41.010689),0.497,http://www.wikidata.org/entity/Q135004722,1.0,,,,http://www.wikidata.org/entity/Q483453,"('41.010689', '28.977449')"
5437,,41.024776,29.015532,Q135004730,,D,blue,,,fountain,,Point(29.015532 41.024776),3.906,http://www.wikidata.org/entity/Q135004730,1.0,,,,http://www.wikidata.org/entity/Q483453,"('41.024776', '29.015532')"
5438,,41.016026,28.972948,Hatice Turhan Valide Sebil and Fountain,,D,blue,,,fountain,,Point(28.972948 41.016026),1.1,http://www.wikidata.org/entity/Q135004734,1.0,,,,http://www.wikidata.org/entity/Q483453,"('41.016026', '28.972948')"
5440,,41.0130495,28.9578717,Damat İbrahim Paşa Fountain (Şehzadebaşı),,D,blue,,,fountain,,Point(28.9578717 41.0130495),1.682,http://www.wikidata.org/entity/Q135004735,1.0,,,,http://www.wikidata.org/entity/Q483453,"('41.0130495', '28.9578717')"
5441,,41.035382,28.993243,Koca Yusuf Paşa Fountain,,D,blue,,,fountain,,Point(28.993243 41.035382),3.539,http://www.wikidata.org/entity/Q135004732,1.0,,,,http://www.wikidata.org/entity/Q483453,"('41.035382', '28.993243')"
5442,,41.010212,28.9786,Q135004733,,D,blue,,,fountain,,Point(28.9786 41.010212),0.484,http://www.wikidata.org/entity/Q135004733,1.0,,,,http://www.wikidata.org/entity/Q483453,"('41.010212', '28.9786')"
5443,,41.007946,28.923668,Q135004736,,D,blue,,,fountain,,Point(28.923668 41.007946),4.384,http://www.wikidata.org/entity/Q135004736,1.0,,,,http://www.wikidata.org/entity/Q483453,"('41.007946', '28.923668')"
5444,,41.0129852,28.9685535,Küçük Yeni Han,,D,blue,,,shopping arcade,,Point(28.9685535 41.0129852),0.957,http://www.wikidata.org/entity/Q135010078,1.0,,,,http://www.wikidata.org/entity/Q97495053,"('41.0129852', '28.9685535')"
5445,,41.0128136,28.9684315,Büyük Ticaret Han,,D,blue,,,shopping arcade,,Point(28.9684315 41.0128136),0.949,http://www.wikidata.org/entity/Q135010076,1.0,,,,http://www.wikidata.org/entity/Q97495053,"('41.0128136', '28.9684315')"
5446,,41.014389,28.9683418,Sağır Han,,D,blue,,,shopping arcade,,Point(28.9683418 41.014389),1.092,http://www.wikidata.org/entity/Q135010093,1.0,,,,http://www.wikidata.org/entity/Q97495053,"('41.014389', '28.9683418')"
5447,,41.0121155,28.96842,Yaldızlı Han,,D,blue,,,shopping arcade,,Point(28.96842 41.0121155),0.893,http://www.wikidata.org/entity/Q135010103,1.0,,,,http://www.wikidata.org/entity/Q97495053,"('41.0121155', '28.96842')"
5448,,41.0229111,28.9707642,Kağıthan,,D,blue,,,shopping arcade,,Point(28.9707642 41.0229111),1.887,http://www.wikidata.org/entity/Q135010141,1.0,,,,http://www.wikidata.org/entity/Q97495053,"('41.0229111', '28.9707642')"
5449,,41.016655,28.9686356,Küçük Aktar Han,,D,blue,,,shopping arcade,,Point(28.9686356 41.016655),1.294,http://www.wikidata.org/entity/Q135010167,1.0,,,,http://www.wikidata.org/entity/Q97495053,"('41.016655', '28.9686356')"
5450,,41.0150909,28.9755344,Nemlizade Han,,D,blue,,,shopping arcade,,Point(28.9755344 41.0150909),0.969,http://www.wikidata.org/entity/Q135010171,1.0,,,,http://www.wikidata.org/entity/Q97495053,"('41.0150909', '28.9755344')"
5451,,41.0144081,28.9730015,Fesçi Bacı El Katip Han,,D,blue,,,shopping arcade,,Point(28.9730015 41.0144081),0.924,http://www.wikidata.org/entity/Q135010231,1.0,,,,http://www.wikidata.org/entity/Q97495053,"('41.0144081', '28.9730015')"
5452,,41.0159264,28.9750729,Kayseri Han,,D,blue,,,shopping arcade,,Point(28.9750729 41.0159264),1.063,http://www.wikidata.org/entity/Q135010237,1.0,,,,http://www.wikidata.org/entity/Q97495053,"('41.0159264', '28.9750729')"
5453,,41.0173378,28.9693241,Papazoğlu Hanı,,D,blue,,,shopping arcade,,Point(28.9693241 41.0173378),1.336,http://www.wikidata.org/entity/Q135010283,1.0,,,,http://www.wikidata.org/entity/Q97495053,"('41.0173378', '28.9693241')"
5454,,41.01445,28.97467,Vlora Hanı,,D,blue,,,shopping arcade,,Point(28.97467 41.01445),0.903,http://www.wikidata.org/entity/Q135010358,1.0,,,,http://www.wikidata.org/entity/Q97495053,"('41.01445', '28.97467')"
5455,,41.0168648,28.969017,Balkapanı Hanı,,D,blue,,,caravanserai,,Point(28.969017 41.0168648),1.3,http://www.wikidata.org/entity/Q135010360,1.0,,,,http://www.wikidata.org/entity/Q186347,"('41.0168648', '28.969017')"
5457,,41.010882,28.970007,Çuhacı Hanı,,D,blue,,,caravanserai,,Point(28.970007 41.010882),0.702,http://www.wikidata.org/entity/Q135010366,1.0,,,,http://www.wikidata.org/entity/Q186347,"('41.010882', '28.970007')"
5459,,41.011567,28.969498,Kalcılar Hanı,,D,blue,,,shopping arcade,,Point(28.969498 41.011567),0.786,http://www.wikidata.org/entity/Q135010370,1.0,,,,http://www.wikidata.org/entity/Q97495053,"('41.011567', '28.969498')"
5460,,41.015419,28.972489,Birinci Vakıf Han,,D,blue,,,shopping arcade,,Point(28.972489 41.015419),1.044,http://www.wikidata.org/entity/Q135010372,1.0,,,,http://www.wikidata.org/entity/Q97495053,"('41.015419', '28.972489')"
5461,,41.030949,28.935745,Kara Surları No. T89,,D,blue,,,historic building,,Point(28.935745 41.030949),4.335,http://www.wikidata.org/entity/Q135035219,1.0,,,,http://www.wikidata.org/entity/Q35112127,"('41.030949', '28.935745')"
5463,,41.03146,28.936111,Kara Surları No. T90,,D,blue,,,historic building,,Point(28.936111 41.03146),4.348,http://www.wikidata.org/entity/Q135035222,1.0,,,,http://www.wikidata.org/entity/Q35112127,"('41.03146', '28.936111')"
5465,,40.998165,28.920912,Kara Surları No. T19,,D,blue,,,historic building,,Point(28.920912 40.998165),4.701,http://www.wikidata.org/entity/Q135035265,1.0,,,,http://www.wikidata.org/entity/Q35112127,"('40.998165', '28.920912')"
5467,,40.997143,28.921204,Kara Surları No. T17,,D,blue,,,historic building,,Point(28.921204 40.997143),4.701,http://www.wikidata.org/entity/Q135035283,1.0,,,,http://www.wikidata.org/entity/Q35112127,"('40.997143', '28.921204')"
5469,,40.997585,28.921087,Kara Surları No. T18,,D,blue,,,historic building,,Point(28.921087 40.997585),4.7,http://www.wikidata.org/entity/Q135035285,1.0,,,,http://www.wikidata.org/entity/Q35112127,"('40.997585', '28.921087')"
5471,,40.993237,28.922304,Kara Surları No. T10,,D,blue,,,historic building,,Point(28.922304 40.993237),4.727,http://www.wikidata.org/entity/Q135035296,1.0,,,,http://www.wikidata.org/entity/Q35112127,"('40.993237', '28.922304')"
5473,,40.996506,28.921352,Kara Surları No. T16,,D,blue,,,historic building,,Point(28.921352 40.996506),4.705,http://www.wikidata.org/entity/Q135035309,1.0,,,,http://www.wikidata.org/entity/Q35112127,"('40.996506', '28.921352')"
5475,,41.029314704822,28.974781878701,Q135392773,,D,blue,,,statue,,Point(28.974781878 41.029314704),2.552,http://www.wikidata.org/entity/Q135392773,1.0,,,,http://www.wikidata.org/entity/Q179700,"('41.029314704822', '28.974781878701')"
5476,,40.968029,29.13974,Q135392795,,D,blue,,,statue,,Point(29.13974 40.968029),14.4,http://www.wikidata.org/entity/Q135392795,1.0,,,,http://www.wikidata.org/entity/Q179700,"('40.968029', '29.13974')"
5477,,41.0147362,28.97122,Statue of the Draper,,D,blue,,,statue,,Point(28.97122 41.0147362),1.008,http://www.wikidata.org/entity/Q135392875,1.0,,,,http://www.wikidata.org/entity/Q179700,"('41.0147362', '28.97122')"
5478,,41.019577,28.9494934,Q135393191,,D,blue,,,sundial,,Point(28.9494934 41.019577),2.655,http://www.wikidata.org/entity/Q135393191,1.0,,,,http://www.wikidata.org/entity/Q80793,"('41.019577', '28.9494934')"
5479,,41.0131416,28.984642,Q135393195,,D,blue,,,sundial,,Point(28.984642 41.0131416),1.052,http://www.wikidata.org/entity/Q135393195,1.0,,,,http://www.wikidata.org/entity/Q80793,"('41.0131416', '28.984642')"
5480,,41.0224266,29.008728,Q135393192,,D,blue,,,sundial,,Point(29.008728 41.0224266),3.284,http://www.wikidata.org/entity/Q135393192,1.0,,,,http://www.wikidata.org/entity/Q80793,"('41.0224266', '29.008728')"
5481,,41.041989394345,29.006966082448,Yedi Sekiz Hasan Pasha Tomb,,D,blue,,,türbe,,Point(29.006966082 41.041989394),4.741,http://www.wikidata.org/entity/Q135410131,1.0,,,,http://www.wikidata.org/entity/Q838159,"('41.041989394345', '29.006966082448')"
5482,,41.0099983,29.0165768,Q135428424,,D,blue,,,ablution basin,,Point(29.0165768 41.0099983),3.439,http://www.wikidata.org/entity/Q135428424,1.0,,,,http://www.wikidata.org/entity/Q135404256,"('41.0099983', '29.0165768')"
5483,,41.005078891021,28.913492519612,Q135428428,,D,blue,,,ablution basin,,Point(28.913492519 41.005078891),5.236,http://www.wikidata.org/entity/Q135428428,1.0,,,,http://www.wikidata.org/entity/Q135404256,"('41.005078891021', '28.913492519612')"
5484,,41.0216637,29.0103569,Q135428449,,D,blue,,,ablution basin,,Point(29.0103569 41.0216637),3.355,http://www.wikidata.org/entity/Q135428449,1.0,,,,http://www.wikidata.org/entity/Q135404256,"('41.0216637', '29.0103569')"
5485,,41.022753,29.012283,Q135428455,,D,blue,,,ablution basin,,Point(29.012283 41.022753),3.556,http://www.wikidata.org/entity/Q135428455,1.0,,,,http://www.wikidata.org/entity/Q135404256,"('41.022753', '29.012283')"
5486,,41.0156212,29.0134659,Q135428452,,D,blue,,,ablution basin,,Point(29.0134659 41.0156212),3.317,http://www.wikidata.org/entity/Q135428452,1.0,,,,http://www.wikidata.org/entity/Q135404256,"('41.0156212', '29.0134659')"
5487,,41.1045837,29.0561314,Q135428453,,D,blue,,,ablution basin,,Point(29.0561314 41.1045837),12.826,http://www.wikidata.org/entity/Q135428453,1.0,,,,http://www.wikidata.org/entity/Q135404256,"('41.1045837', '29.0561314')"
5488,,41.0227089,29.0093307,ancient ruins of the Üsküdar Holy Well,,D,blue,,,holy well,,Point(29.0093307 41.0227089),3.343,http://www.wikidata.org/entity/Q135428521,1.0,,,,http://www.wikidata.org/entity/Q1371047,"('41.0227089', '29.0093307')"
5489,,41.0234222,29.0161953,Stepping Stone of Kara Davut Paşa Mosque,,D,blue,,,Q85968902,,Point(29.0161953 41.0234222),3.878,http://www.wikidata.org/entity/Q135428607,1.0,,,,http://www.wikidata.org/entity/Q85968902,"('41.0234222', '29.0161953')"
5490,,41.02582132541,29.011422217761,Q135428640,,D,blue,,,fountain,,Point(29.011422217 41.025821325),3.683,http://www.wikidata.org/entity/Q135428640,1.0,,,,http://www.wikidata.org/entity/Q483453,"('41.02582132541', '29.011422217761')"
5491,,41.0314407,29.0215855,Q135428660,,D,blue,,,storage,,Point(29.0215855 41.0314407),4.74,http://www.wikidata.org/entity/Q135428660,1.0,,,,http://www.wikidata.org/entity/Q9158768,"('41.0314407', '29.0215855')"
5492,,41.0313148,29.0201435,Q135428661,,D,blue,,,storage,,Point(29.0201435 41.0313148),4.635,http://www.wikidata.org/entity/Q135428661,1.0,,,,http://www.wikidata.org/entity/Q9158768,"('41.0313148', '29.0201435')"
5493,,40.9893646,29.030653,Q135428714,,D,blue,,,decorative wall,,Point(29.030653 40.9893646),4.971,http://www.wikidata.org/entity/Q135428714,1.0,,,,http://www.wikidata.org/entity/Q104829843,"('40.9893646', '29.030653')"
5494,,41.0866776,29.0089569,Modern Mosaic Artwork No. 17 (Eren Eyüboğlu),,D,blue,,,decorative wall,,Point(29.0089569 41.0866776),9.349,http://www.wikidata.org/entity/Q135428846,1.0,,,,http://www.wikidata.org/entity/Q104829843,"('41.0866776', '29.0089569')"
5495,,41.0866432,29.0086403,Modern Mosaic Artwork No. 18 (Eren Eyüboğlu),,D,blue,,,decorative wall,,Point(29.0086403 41.0866432),9.338,http://www.wikidata.org/entity/Q135428847,1.0,,,,http://www.wikidata.org/entity/Q104829843,"('41.0866432', '29.0086403')"
5496,,41.0867081,29.0092621,Modern Mosaic Artwork No. 16 (Eren Eyüboğlu),,D,blue,,,decorative wall,,Point(29.0092621 41.0867081),9.36,http://www.wikidata.org/entity/Q135428845,1.0,,,,http://www.wikidata.org/entity/Q104829843,"('41.0867081', '29.0092621')"
5497,,41.0864525,29.0106659,Modern Mosaic Artwork No. 10 (Sabri Berkel),,D,blue,,,decorative wall,,Point(29.0106659 41.0864525),9.369,http://www.wikidata.org/entity/Q135428854,1.0,,,,http://www.wikidata.org/entity/Q104829843,"('41.0864525', '29.0106659')"
5498,,41.0867081,29.0104141,Modern Mosaic Artwork No. 8 (Sabri Berkel,,D,blue,,,decorative wall,,Point(29.0104141 41.0867081),9.39,http://www.wikidata.org/entity/Q135428855,1.0,,,,http://www.wikidata.org/entity/Q104829843,"('41.0867081', '29.0104141')"
5499,,41.0862083,29.0109291,Modern Mosaic Artwork No. 12 (Sabri Berkel),,D,blue,,,decorative wall,,Point(29.0109291 41.0862083),9.35,http://www.wikidata.org/entity/Q135428853,1.0,,,,http://www.wikidata.org/entity/Q104829843,"('41.0862083', '29.0109291')"
5500,,41.0869408,29.01021,Modern Mosaic Artwork No. 6 (Ferruh Başağa),,D,blue,,,decorative wall,,Point(29.01021 41.0869408),9.409,http://www.wikidata.org/entity/Q135428858,1.0,,,,http://www.wikidata.org/entity/Q104829843,"('41.0869408', '29.01021')"
5501,,41.0866318,29.0073185,Modern Mosaic Artwork No. 1 (Bedri Rahmi Eyüboğlu),,D,blue,,,decorative wall,,Point(29.0073185 41.0866318),9.305,http://www.wikidata.org/entity/Q135428863,1.0,,,,http://www.wikidata.org/entity/Q104829843,"('41.0866318', '29.0073185')"
5502,,41.0871162,29.0096416,Modern Mosaic Artwork No. 4 (Ferruh Başağa),,D,blue,,,decorative wall,,Point(29.0096416 41.0871162),9.413,http://www.wikidata.org/entity/Q135428860,1.0,,,,http://www.wikidata.org/entity/Q104829843,"('41.0871162', '29.0096416')"
5503,,41.0866508,29.0078564,Modern Mosaic Artwork No. 3 (Bedri Rahmi Eyüboğlu),,D,blue,,,decorative wall,,Point(29.0078564 41.0866508),9.319,http://www.wikidata.org/entity/Q135428861,1.0,,,,http://www.wikidata.org/entity/Q104829843,"('41.0866508', '29.0078564')"
5504,,41.0050392,28.9618607,Q135428911,,D,blue,,,shop,,Point(28.9618607 41.0050392),1.185,http://www.wikidata.org/entity/Q135428911,1.0,,,,http://www.wikidata.org/entity/Q213441,"('41.0050392', '28.9618607')"
5505,,41.0319862,28.9832096,Savoy Pastanesi,,D,blue,,,shop,,Point(28.9832096 41.0319862),2.913,http://www.wikidata.org/entity/Q135428960,1.0,,,,http://www.wikidata.org/entity/Q213441,"('41.0319862', '28.9832096')"
5506,,40.9768524,29.0419559,Q135429011,,D,blue,,,shop,,Point(29.0419559 40.9768524),6.445,http://www.wikidata.org/entity/Q135429011,1.0,,,,http://www.wikidata.org/entity/Q213441,"('40.9768524', '29.0419559')"
5507,,40.9904327,29.023674,Baylan Pastanesi,,D,blue,,,shop,,Point(29.023674 40.9904327),4.386,http://www.wikidata.org/entity/Q135429027,1.0,,,,http://www.wikidata.org/entity/Q213441,"('40.9904327', '29.023674')"
5509,,41.0138512,28.9842854,Topkapı Palace Fourth Courtyard Pool No. 1,,D,blue,,,water feature,,Point(28.9842854 41.0138512),1.09,http://www.wikidata.org/entity/Q135429092,1.0,,,,http://www.wikidata.org/entity/Q2736507,"('41.0138512', '28.9842854')"
5510,,41.0169475,28.9728194,Q135429106,,D,blue,,,Q135408651,,Point(28.9728194 41.0169475),1.202,http://www.wikidata.org/entity/Q135429106,1.0,,,,http://www.wikidata.org/entity/Q135408651,"('41.0169475', '28.9728194')"
5511,,41.045002,29.0186253,Q135429121,,D,blue,,,studio,,Point(29.0186253 41.045002),5.595,http://www.wikidata.org/entity/Q135429121,1.0,,,,http://www.wikidata.org/entity/Q746628,"('41.045002', '29.0186253')"
5513,,41.0256958,29.0158749,Selman Agha Grave,,D,blue,,,grave,,Point(29.0158749 41.0256958),3.984,http://www.wikidata.org/entity/Q135429142,1.0,,,,http://www.wikidata.org/entity/Q173387,"('41.0256958', '29.0158749')"
5514,,41.0266762,29.0158253,Q135429141,,D,blue,,,grave,,Point(29.0158253 41.0266762),4.041,http://www.wikidata.org/entity/Q135429141,1.0,,,,http://www.wikidata.org/entity/Q173387,"('41.0266762', '29.0158253')"
5515,,41.0284767,28.9747772,Q135429153,,D,blue,,,grave,,Point(28.9747772 41.0284767),2.459,http://www.wikidata.org/entity/Q135429153,1.0,,,,http://www.wikidata.org/entity/Q173387,"('41.0284767', '28.9747772')"
5516,,41.0048218,28.9135857,Q135429162,,D,blue,,,grave,,Point(28.9135857 41.0048218),5.229,http://www.wikidata.org/entity/Q135429162,1.0,,,,http://www.wikidata.org/entity/Q173387,"('41.0048218', '28.9135857')"
5518,,40.989063111085,29.075194995019,Şahkulu Sultan Türbesi,,D,blue,,,grave,,Point(29.075194995 40.989063111),8.555,http://www.wikidata.org/entity/Q135429176,1.0,,,,http://www.wikidata.org/entity/Q173387,"('40.989063111085', '29.075194995019')"
5519,,41.0192795,29.0120029,İzmirli Ali Paşa Türbesi,,D,blue,,,grave,,Point(29.0120029 41.0192795),3.354,http://www.wikidata.org/entity/Q135429192,1.0,,,,http://www.wikidata.org/entity/Q173387,"('41.0192795', '29.0120029')"
5520,,41.0057983,28.9455605,Q135429214,,D,blue,,,grave,,Point(28.9455605 41.0057983),2.544,http://www.wikidata.org/entity/Q135429214,1.0,,,,http://www.wikidata.org/entity/Q173387,"('41.0057983', '28.9455605')"
5522,,41.0060196,28.9214935,Q135429251,,D,blue,,,grave,,Point(28.9214935 41.0060196),4.563,http://www.wikidata.org/entity/Q135429251,1.0,,,,http://www.wikidata.org/entity/Q173387,"('41.0060196', '28.9214935')"
5524,,41.034542,28.933258,Q135429254,,D,blue,,,grave,,Point(28.933258 41.034542),4.752,http://www.wikidata.org/entity/Q135429254,1.0,,,,http://www.wikidata.org/entity/Q173387,"('41.034542', '28.933258')"
5525,,41.0356674,28.9858189,Q135429272,,D,blue,,,grave,,Point(28.9858189 41.0356674),3.362,http://www.wikidata.org/entity/Q135429272,1.0,,,,http://www.wikidata.org/entity/Q173387,"('41.0356674', '28.9858189')"
5526,,41.0352478,28.9859333,Q135429273,,D,blue,,,grave,,Point(28.9859333 41.0352478),3.319,http://www.wikidata.org/entity/Q135429273,1.0,,,,http://www.wikidata.org/entity/Q173387,"('41.0352478', '28.9859333')"
5527,,40.990908,28.914437,Q135429281,,D,blue,,,grave,,Point(28.914437 40.990908),5.435,http://www.wikidata.org/entity/Q135429281,1.0,,,,http://www.wikidata.org/entity/Q173387,"('40.990908', '28.914437')"
5528,,41.024283,28.97136,Q135429306,,D,blue,,,grave,,Point(28.97136 41.024283),2.026,http://www.wikidata.org/entity/Q135429306,1.0,,,,http://www.wikidata.org/entity/Q173387,"('41.024283', '28.97136')"
5529,,41.035247,28.939941,Q135429305,,D,blue,,,grave,,Point(28.939941 41.035247),4.403,http://www.wikidata.org/entity/Q135429305,1.0,,,,http://www.wikidata.org/entity/Q173387,"('41.035247', '28.939941')"
5530,,41.023227,29.0159,Alemdar Ahmet Baba Türbesi,,D,blue,,,grave,,Point(29.0159 41.023227),3.845,http://www.wikidata.org/entity/Q135429314,1.0,,,,http://www.wikidata.org/entity/Q173387,"('41.023227', '29.0159')"
5532,,41.022214,28.941343,Q135429315,,D,blue,,,grave,,Point(28.941343 41.022214),3.39,http://www.wikidata.org/entity/Q135429315,1.0,,,,http://www.wikidata.org/entity/Q173387,"('41.022214', '28.941343')"
5534,,40.9869461,29.0701885,Gözcü Baba Türbesi,,D,blue,,,grave,,Point(29.0701885 40.9869461),8.205,http://www.wikidata.org/entity/Q135429312,1.0,,,,http://www.wikidata.org/entity/Q173387,"('40.9869461', '29.0701885')"
5535,,40.9929085,28.922121,Q135429335,,D,blue,,,city gate,,Point(28.922121 40.9929085),4.753,http://www.wikidata.org/entity/Q135429335,1.0,,,,http://www.wikidata.org/entity/Q82117,"('40.9929085', '28.922121')"
5536,,40.994019,28.922119,Yedikule Gate,,D,blue,,,city gate,,Point(28.922119 40.994019),4.715,http://www.wikidata.org/entity/Q135429344,1.0,,,,http://www.wikidata.org/entity/Q82117,"('40.994019', '28.922119')"
5537,,40.993927,28.923296,Yedikule Hisarı Hazine Tower,,D,blue,,,tower,,Point(28.923296 40.993927),4.624,http://www.wikidata.org/entity/Q135429535,1.0,,,,http://www.wikidata.org/entity/Q12518,"('40.993927', '28.923296')"
5538,,40.9924278,28.9238853,Q135429538,,D,blue,,,tower,,Point(28.9238853 40.9924278),4.63,http://www.wikidata.org/entity/Q135429538,1.0,,,,http://www.wikidata.org/entity/Q12518,"('40.9924278', '28.9238853')"
5539,,40.9933243,28.9241638,Q135429536,,D,blue,,,tower,,Point(28.9241638 40.9933243),4.576,http://www.wikidata.org/entity/Q135429536,1.0,,,,http://www.wikidata.org/entity/Q12518,"('40.9933243', '28.9241638')"
5540,,41.024124,28.971193,Arap Mosque Tower,,D,blue,,,tower,,Point(28.971193 41.024124),2.012,http://www.wikidata.org/entity/Q135429542,1.0,,,,http://www.wikidata.org/entity/Q12518,"('41.024124', '28.971193')"
5541,,41.0098076,29.0163937,Grand Selimiye Mosque Bird Houses,,D,blue,,,nest box,,Point(29.0163937 41.0098076),3.421,http://www.wikidata.org/entity/Q135429556,1.0,,,,http://www.wikidata.org/entity/Q744112,"('41.0098076', '29.0163937')"
5542,,41.0250397,29.0148754,Q135429562,,D,blue,,,nest box,,Point(29.0148754 41.0250397),3.875,http://www.wikidata.org/entity/Q135429562,1.0,,,,http://www.wikidata.org/entity/Q744112,"('41.0250397', '29.0148754')"
5543,,41.019262302954,29.011910791471,Q135429569,,D,blue,,,nest box,,Point(29.011910791 41.019262302),3.346,http://www.wikidata.org/entity/Q135429569,1.0,,,,http://www.wikidata.org/entity/Q744112,"('41.019262302954', '29.011910791471')"
5544,,41.0363655,28.9843197,Q135429573,,D,blue,,,nest box,,Point(28.9843197 41.0363655),3.408,http://www.wikidata.org/entity/Q135429573,1.0,,,,http://www.wikidata.org/entity/Q744112,"('41.0363655', '28.9843197')"
5545,,40.9699173,29.1119518,İçerenköy Merkez Mosque Well,,D,blue,,,water well,,Point(29.1119518 40.9699173),12.12,http://www.wikidata.org/entity/Q135429600,1.0,,,,http://www.wikidata.org/entity/Q43483,"('40.9699173', '29.1119518')"
5546,,41.0138054,28.9757481,Hocapaşa Mosque Well,,D,blue,,,water well,,Point(28.9757481 41.0138054),0.826,http://www.wikidata.org/entity/Q135429617,1.0,,,,http://www.wikidata.org/entity/Q43483,"('41.0138054', '28.9757481')"
5547,,41.0063591,28.9814243,Q135429623,,D,blue,,,water well,,Point(28.9814243 41.0063591),0.466,http://www.wikidata.org/entity/Q135429623,1.0,,,,http://www.wikidata.org/entity/Q43483,"('41.0063591', '28.9814243')"
5548,,41.0121765,28.9833241,Topkapı Palace Second Courtyard Well,,D,blue,,,water well,,Point(28.9833241 41.0121765),0.898,http://www.wikidata.org/entity/Q135429659,1.0,,,,http://www.wikidata.org/entity/Q43483,"('41.0121765', '28.9833241')"
5549,,41.0197182,29.0292912,Q135429661,,D,blue,,,water well,,Point(29.0292912 41.0197182),4.721,http://www.wikidata.org/entity/Q135429661,1.0,,,,http://www.wikidata.org/entity/Q43483,"('41.0197182', '29.0292912')"
5550,,41.0192734,29.0113672,Q135429671,,D,blue,,,maksem,,Point(29.0113672 41.0192734),3.305,http://www.wikidata.org/entity/Q135429671,1.0,,,,http://www.wikidata.org/entity/Q135408866,"('41.0192734', '29.0113672')"
5551,,40.9958725,29.0184078,Q135429668,,D,blue,,,locomotive,,Point(29.0184078 40.9958725),3.756,http://www.wikidata.org/entity/Q135429668,1.0,,,,http://www.wikidata.org/entity/Q93301,"('40.9958725', '29.0184078')"
5552,,41.0125313,28.9831619,Karaağalar Masjid,,D,blue,,,mescit,,Point(28.9831619 41.0125313),0.918,http://www.wikidata.org/entity/Q135429686,1.0,,,,http://www.wikidata.org/entity/Q1238457,"('41.0125313', '28.9831619')"
5553,,41.01319512984,28.983998638226,Harem Masjid,,D,blue,,,mescit,,Point(28.983998638 41.013195129),1.019,http://www.wikidata.org/entity/Q135429684,1.0,,,,http://www.wikidata.org/entity/Q1238457,"('41.01319512984', '28.983998638226')"
5554,,41.0276031,28.9832821,Q135429711,,D,blue,,,dar al-muwaqqit,,Point(28.9832821 41.0276031),2.44,http://www.wikidata.org/entity/Q135429711,1.0,,,,http://www.wikidata.org/entity/Q5221946,"('41.0276031', '28.9832821')"
5555,,41.1049423,29.0565147,Q135429712,,D,blue,,,dar al-muwaqqit,,Point(29.0565147 41.1049423),12.877,http://www.wikidata.org/entity/Q135429712,1.0,,,,http://www.wikidata.org/entity/Q5221946,"('41.1049423', '29.0565147')"
5556,,41.016499,28.972412,Q135429719,,D,blue,,,dar al-muwaqqit,,Point(28.972412 41.016499),1.162,http://www.wikidata.org/entity/Q135429719,1.0,,,,http://www.wikidata.org/entity/Q5221946,"('41.016499', '28.972412')"
5557,,41.007976012741,28.979070309118,Q135429723,,D,blue,,,dar al-muwaqqit,,Point(28.979070309 41.007976012),0.322,http://www.wikidata.org/entity/Q135429723,1.0,,,,http://www.wikidata.org/entity/Q5221946,"('41.007976012741', '28.979070309118')"
5558,,41.0789337,29.0651779,Mihrişah Sultan Namazgah,,D,blue,,,namazgâh,,Point(29.0651779 41.0789337),11.008,http://www.wikidata.org/entity/Q135429728,1.0,,,,http://www.wikidata.org/entity/Q6028970,"('41.0789337', '29.0651779')"
5559,,40.9869652,29.0703125,Q135429739,,D,blue,,,namazgâh,,Point(29.0703125 40.9869652),8.214,http://www.wikidata.org/entity/Q135429739,1.0,,,,http://www.wikidata.org/entity/Q6028970,"('40.9869652', '29.0703125')"
5560,,41.0108414,29.0177803,Q135429740,,D,blue,,,namazgâh,,Point(29.0177803 41.0108414),3.551,http://www.wikidata.org/entity/Q135429740,1.0,,,,http://www.wikidata.org/entity/Q6028970,"('41.0108414', '29.0177803')"
5561,,41.0180664,29.0175934,Q135429753,,D,blue,,,namazgâh,,Point(29.0175934 41.0180664),3.734,http://www.wikidata.org/entity/Q135429753,1.0,,,,http://www.wikidata.org/entity/Q6028970,"('41.0180664', '29.0175934')"
5562,,41.04336,28.998233,Q135429762,,D,blue,,,namazgâh,,Point(28.998233 41.04336),4.519,http://www.wikidata.org/entity/Q135429762,1.0,,,,http://www.wikidata.org/entity/Q6028970,"('41.04336', '28.998233')"
5563,,41.032665,28.933243,Q135429763,,D,blue,,,namazgâh,,Point(28.933243 41.032665),4.618,http://www.wikidata.org/entity/Q135429763,1.0,,,,http://www.wikidata.org/entity/Q6028970,"('41.032665', '28.933243')"
5564,,40.99221955003,29.033875431596,Kalkedon Necropolis,,D,blue,,,necropolis,,Point(29.033875431 40.99221955),5.116,http://www.wikidata.org/entity/Q135429766,1.0,,,,http://www.wikidata.org/entity/Q200141,"('40.99221955003', '29.033875431596')"
5565,,41.012554,28.983858,Q135429795,,D,blue,,,aiming stone,,Point(28.983858 41.012554),0.959,http://www.wikidata.org/entity/Q135429795,1.0,,,,http://www.wikidata.org/entity/Q119167089,"('41.012554', '28.983858')"
5566,,40.990551,28.9146786,Q135429879,,D,blue,,,Charity Stone,,Point(28.9146786 40.990551),5.428,http://www.wikidata.org/entity/Q135429879,1.0,,,,http://www.wikidata.org/entity/Q28016054,"('40.990551', '28.9146786')"
5567,,40.990593,28.9147644,Q135429877,,D,blue,,,Charity Stone,,Point(28.9147644 40.990593),5.42,http://www.wikidata.org/entity/Q135429877,1.0,,,,http://www.wikidata.org/entity/Q28016054,"('40.990593', '28.9147644')"
5568,,41.009922,29.0166092,Q135429887,,D,blue,,,Charity Stone,,Point(29.0166092 41.009922),3.441,http://www.wikidata.org/entity/Q135429887,1.0,,,,http://www.wikidata.org/entity/Q28016054,"('41.009922', '29.0166092')"
5569,,41.0129318,29.0177059,Q135429892,,D,blue,,,Charity Stone,,Point(29.0177059 41.0129318),3.585,http://www.wikidata.org/entity/Q135429892,1.0,,,,http://www.wikidata.org/entity/Q28016054,"('41.0129318', '29.0177059')"
5570,,41.0157509,29.013546,Q135429893,,D,blue,,,Charity Stone,,Point(29.013546 41.0157509),3.328,http://www.wikidata.org/entity/Q135429893,1.0,,,,http://www.wikidata.org/entity/Q28016054,"('41.0157509', '29.013546')"
5571,,41.0129128,29.0198822,Q135429897,,D,blue,,,Charity Stone,,Point(29.0198822 41.0129128),3.763,http://www.wikidata.org/entity/Q135429897,1.0,,,,http://www.wikidata.org/entity/Q28016054,"('41.0129128', '29.0198822')"
5572,,41.0213318,29.0103779,Q135429909,,D,blue,,,Charity Stone,,Point(29.0103779 41.0213318),3.338,http://www.wikidata.org/entity/Q135429909,1.0,,,,http://www.wikidata.org/entity/Q28016054,"('41.0213318', '29.0103779')"
5573,,41.0069809,28.9787045,Haseki Hürrem Sultan Fountain,,D,blue,,,sebil,,Point(28.9787045 41.0069809),0.247,http://www.wikidata.org/entity/Q135430047,1.0,,,,http://www.wikidata.org/entity/Q2914485,"('41.0069809', '28.9787045')"
5574,,41.0132294,29.0198975,Ziya Bey Fountain,,D,blue,,,sebil,,Point(29.0198975 41.0132294),3.772,http://www.wikidata.org/entity/Q135430049,1.0,,,,http://www.wikidata.org/entity/Q2914485,"('41.0132294', '29.0198975')"
5575,,41.0200272,29.0168018,Ahmediye Fountain,,D,blue,,,sebil,,Point(29.0168018 41.0200272),3.754,http://www.wikidata.org/entity/Q135430088,1.0,,,,http://www.wikidata.org/entity/Q2914485,"('41.0200272', '29.0168018')"
5576,,41.0065678,28.9354549,Q135430096,,D,blue,,,sebil,,Point(28.9354549 41.0065678),3.391,http://www.wikidata.org/entity/Q135430096,1.0,,,,http://www.wikidata.org/entity/Q2914485,"('41.0065678', '28.9354549')"
5577,,41.021798,29.01526,Sadrazam Halil Paşa Fountain,,D,blue,,,sebil,,Point(29.01526 41.021798),3.723,http://www.wikidata.org/entity/Q135430110,1.0,,,,http://www.wikidata.org/entity/Q2914485,"('41.021798', '29.01526')"
5578,,41.010033343661,28.970045605797,Nuruosmaniye Fountain,,D,blue,,,sebil,,Point(28.970045605 41.010033343),0.636,http://www.wikidata.org/entity/Q135430114,1.0,,,,http://www.wikidata.org/entity/Q2914485,"('41.010033343661', '28.970045605797')"
5579,,41.018292,28.950762,Q135430115,,D,blue,,,sebil,,Point(28.950762 41.018292),2.488,http://www.wikidata.org/entity/Q135430115,1.0,,,,http://www.wikidata.org/entity/Q2914485,"('41.018292', '28.950762')"
5580,,41.033154,28.968902,Kasım Paşa Fountain,,D,blue,,,sebil,,Point(28.968902 41.033154),3.034,http://www.wikidata.org/entity/Q135430119,1.0,,,,http://www.wikidata.org/entity/Q2914485,"('41.033154', '28.968902')"
5581,,41.01572,29.028795,Şeyhülislam Arif Hikmet Bey Fountain,,D,blue,,,sebil,,Point(29.028795 41.01572),4.56,http://www.wikidata.org/entity/Q135430129,1.0,,,,http://www.wikidata.org/entity/Q2914485,"('41.01572', '29.028795')"
5582,,41.008808,28.968548,Koca Sinan Paşa Fountain,,D,blue,,,sebil,,Point(28.968548 41.008808),0.671,http://www.wikidata.org/entity/Q135430134,1.0,,,,http://www.wikidata.org/entity/Q2914485,"('41.008808', '28.968548')"
5583,,41.008774,28.942415,Q135430137,,D,blue,,,sebil,,Point(28.942415 41.008774),2.82,http://www.wikidata.org/entity/Q135430137,1.0,,,,http://www.wikidata.org/entity/Q2914485,"('41.008774', '28.942415')"
5584,,40.9842644,29.0311584,Q135430157,,D,blue,,,terrace house,,Point(29.0311584 40.9842644),5.251,http://www.wikidata.org/entity/Q135430157,1.0,,,,http://www.wikidata.org/entity/Q875016,"('40.9842644', '29.0311584')"
5585,,41.015976,29.0287476,Q135430207,,D,blue,,,water reservoir,,Point(29.0287476 41.015976),4.563,http://www.wikidata.org/entity/Q135430207,1.0,,,,http://www.wikidata.org/entity/Q2551525,"('41.015976', '29.0287476')"
5586,,41.0067253,28.9375362,Q135430258,,D,blue,,,shadirvan,,Point(28.9375362 41.0067253),3.217,http://www.wikidata.org/entity/Q135430258,1.0,,,,http://www.wikidata.org/entity/Q388006,"('41.0067253', '28.9375362')"
5587,,41.0055885,28.9764652,Q135430266,,D,blue,,,shadirvan,,Point(28.9764652 41.0055885),0.101,http://www.wikidata.org/entity/Q135430266,1.0,,,,http://www.wikidata.org/entity/Q388006,"('41.0055885', '28.9764652')"
5588,,41.02441978441,28.971271066028,Şadırvan of the Arap Mosque,,D,blue,,,shadirvan,,Point(28.971271066 41.024419784),2.043,http://www.wikidata.org/entity/Q135430267,1.0,,,,http://www.wikidata.org/entity/Q388006,"('41.02441978441', '28.971271066028')"
5589,,41.019886,28.9495964,Q135430270,,D,blue,,,shadirvan,,Point(28.9495964 41.019886),2.667,http://www.wikidata.org/entity/Q135430270,1.0,,,,http://www.wikidata.org/entity/Q388006,"('41.019886', '28.9495964')"
5590,,41.0212555,28.9290981,Q135430269,,D,blue,,,shadirvan,,Point(28.9290981 41.0212555),4.258,http://www.wikidata.org/entity/Q135430269,1.0,,,,http://www.wikidata.org/entity/Q388006,"('41.0212555', '28.9290981')"
5591,,41.0242805,28.944706,Q135430273,,D,blue,,,shadirvan,,Point(28.944706 41.0242805),3.286,http://www.wikidata.org/entity/Q135430273,1.0,,,,http://www.wikidata.org/entity/Q388006,"('41.0242805', '28.944706')"
5592,,41.0140381,28.9568977,Q135430287,,D,blue,,,shadirvan,,Point(28.9568977 41.0140381),1.805,http://www.wikidata.org/entity/Q135430287,1.0,,,,http://www.wikidata.org/entity/Q388006,"('41.0140381', '28.9568977')"
5593,,41.0248604,29.0148926,Q135430294,,D,blue,,,shadirvan,,Point(29.0148926 41.0248604),3.865,http://www.wikidata.org/entity/Q135430294,1.0,,,,http://www.wikidata.org/entity/Q388006,"('41.0248604', '29.0148926')"
5594,,41.026939020701,29.015837639831,Şadırvan of Mihrimah Sultan Mosque,,D,blue,,,shadirvan,,Point(29.015837639 41.02693902),4.058,http://www.wikidata.org/entity/Q135430293,1.0,,,,http://www.wikidata.org/entity/Q388006,"('41.026939020701', '29.015837639831')"
5595,,41.0104065,28.9651432,Q135430298,,D,blue,,,shadirvan,,Point(28.9651432 41.0104065),1.005,http://www.wikidata.org/entity/Q135430298,1.0,,,,http://www.wikidata.org/entity/Q388006,"('41.0104065', '28.9651432')"
5596,,41.0170898,28.9718323,Q135430296,,D,blue,,,shadirvan,,Point(28.9718323 41.0170898),1.238,http://www.wikidata.org/entity/Q135430296,1.0,,,,http://www.wikidata.org/entity/Q388006,"('41.0170898', '28.9718323')"
5597,,41.02009,29.029111,Q135430311,,D,blue,,,shadirvan,,Point(29.029111 41.02009),4.72,http://www.wikidata.org/entity/Q135430311,1.0,,,,http://www.wikidata.org/entity/Q388006,"('41.02009', '29.029111')"
5598,,41.008297,28.978989,Q135430309,,D,blue,,,shadirvan,,Point(28.978989 41.008297),0.337,http://www.wikidata.org/entity/Q135430309,1.0,,,,http://www.wikidata.org/entity/Q388006,"('41.008297', '28.978989')"
5599,,41.027075299804,29.016106925712,Mihrimah Sultan Türbesi,,D,blue,,,türbe,,Point(29.016106925 41.027075299),4.085,http://www.wikidata.org/entity/Q135430362,1.0,,,,http://www.wikidata.org/entity/Q838159,"('41.027075299804', '29.016106925712')"
5600,,41.00827154898,28.979322955859,Q135430371,,D,blue,,,türbe,,Point(28.979322955 41.008271548),0.358,http://www.wikidata.org/entity/Q135430371,1.0,,,,http://www.wikidata.org/entity/Q838159,"('41.00827154898', '28.979322955859')"
5601,,41.0161591,29.0290108,Q135430423,,D,blue,,,zawiya,,Point(29.0290108 41.0161591),4.589,http://www.wikidata.org/entity/Q135430423,1.0,,,,http://www.wikidata.org/entity/Q2001465,"('41.0161591', '29.0290108')"
5602,,41.0139046,28.9853306,Q135479113,,D,blue,,,throne,,Point(28.9853306 41.0139046),1.153,http://www.wikidata.org/entity/Q135479113,1.0,,,,http://www.wikidata.org/entity/Q189233,"('41.0139046', '28.9853306')"
5603,,40.9919395,29.0328369,Q135479120,,D,blue,,,shop,,Point(29.0328369 40.9919395),5.043,http://www.wikidata.org/entity/Q135479120,1.0,,,,http://www.wikidata.org/entity/Q213441,"('40.9919395', '29.0328369')"
5604,,41.006126,28.921701,Silivri Gate,,D,blue,,,city gate,,Point(28.921701 41.006126),4.545,http://www.wikidata.org/entity/Q135479138,1.0,,,,http://www.wikidata.org/entity/Q82117,"('41.006126', '28.921701')"
5605,,41.030178,28.935419,Edirne Gate,,D,blue,,,city gate,,Point(28.935419 41.030178),4.303,http://www.wikidata.org/entity/Q135479137,1.0,,,,http://www.wikidata.org/entity/Q82117,"('41.030178', '28.935419')"
5606,,41.0371742,28.9947014,Mehmet Emin Ağa Fountain,,D,blue,,,drinking fountain,,Point(28.9947014 41.0371742),3.771,http://www.wikidata.org/entity/Q135479170,1.0,,,,http://www.wikidata.org/entity/Q1630622,"('41.0371742', '28.9947014')"
5607,,40.974553979051,29.052447344893,Selamiçeşme Mosque,,D,blue,,,mosque,,Point(29.052447344 40.974553979),7.337,http://www.wikidata.org/entity/Q135623656,1.0,,,,http://www.wikidata.org/entity/Q32815,"('40.974553979051', '29.052447344893')"
5608,,41.070036969973,28.987397156351,İzzetpaşa Mosque,,D,blue,,,mosque,,Point(28.987397156 41.070036969),7.144,http://www.wikidata.org/entity/Q135629652,1.0,,,,http://www.wikidata.org/entity/Q32815,"('41.070036969973', '28.987397156351')"
5609,,41.024875314509,29.047899211823,Hazreti Ali Mosque,,D,blue,,,mosque,,Point(29.047899211 41.024875314),6.383,http://www.wikidata.org/entity/Q135630399,1.0,,,,http://www.wikidata.org/entity/Q32815,"('41.024875314509', '29.047899211823')"
5610,,41.027314239519,29.062384738974,Şehit Onur Ensar Ayanoğlu Mosque,,D,blue,,,mosque,,Point(29.062384738 41.027314239),7.622,http://www.wikidata.org/entity/Q135631507,1.0,,,,http://www.wikidata.org/entity/Q32815,"('41.027314239519', '29.062384738974')"
5611,,41.016888933209,28.953538666986,Q135645495,,D,blue,,,mosque,,Point(28.953538666 41.016888933),2.208,http://www.wikidata.org/entity/Q135645495,1.0,,,,http://www.wikidata.org/entity/Q32815,"('41.016888933209', '28.953538666986')"
5612,,40.986666666667,29.053333333333,Marmara University Göztepe Campus,,D,blue,,,campus,,Point(29.053333333 40.986666666),6.86,http://www.wikidata.org/entity/Q135671857,1.0,,,,http://www.wikidata.org/entity/Q209465,"('40.986666666667', '29.053333333333')"
5613,,40.9843,28.808169444444,Q135677474,,D,blue,,,urban park,,Point(28.808169444 40.9843),14.286,http://www.wikidata.org/entity/Q135677474,1.0,,,,http://www.wikidata.org/entity/Q22746,"('40.9843', '28.808169444444')"
5614,,41.038438086614,28.998175194034,Dolmabahçe Palace - Swans fountain,,D,blue,,,fountain,,Point(28.998175194 41.038438086),4.026,http://www.wikidata.org/entity/Q135840190,1.0,,,,http://www.wikidata.org/entity/Q483453,"('41.038438086614', '28.998175194034')"
5615,,41.10755,28.87664,Cebeci Sports Complex,,D,blue,,,venue,,Point(28.87664 41.10755),13.991,http://www.wikidata.org/entity/Q135903124,1.0,,,https://en.wikipedia.org/wiki/Cebeci_Sports_Complex,http://www.wikidata.org/entity/Q17350442,"('41.10755', '28.87664')"
5616,,41.011555555556,28.981527777778,Main Building of the Istanbul Archaeological Museums,,D,blue,,,museum building,,Point(28.981527777 41.011555555),0.746,http://www.wikidata.org/entity/Q136402588,1.0,,,,http://www.wikidata.org/entity/Q24699794,"('41.011555555556', '28.981527777778')"
5617,,41.011388888889,28.980388888889,College of Fine Arts Building,,D,blue,,,school building,,Point(28.980388888 41.011388888),0.674,http://www.wikidata.org/entity/Q136402741,1.0,,,,http://www.wikidata.org/entity/Q1244442,"('41.011388888889', '28.980388888889')"
5619,,40.982627,28.842107,Ayamama Life Valley,,D,blue,,,urban park,,Point(28.842107 40.982627),11.532,http://www.wikidata.org/entity/Q136528764,1.0,,,https://en.wikipedia.org/wiki/Ayamama_Life_Valley,http://www.wikidata.org/entity/Q22746,"('40.982627', '28.842107')"
5620,,41.013722222222,28.984777777778,Q136699379,,D,blue,,,baptismal font,,Point(28.984777777 41.013722222),1.107,http://www.wikidata.org/entity/Q136699379,1.0,,,,http://www.wikidata.org/entity/Q208820,"('41.013722222222', '28.984777777778')"
5621,,41.042158,28.986299,Q136812300,,D,blue,,,labor union,,Point(28.986299 41.042158),4.073,http://www.wikidata.org/entity/Q136812300,1.0,,,,http://www.wikidata.org/entity/Q178790,"('41.042158', '28.986299')"
5623,,41.03317,28.9785,Galatasaray Square,,D,blue,,,square,,Point(28.9785 41.03317),2.987,http://www.wikidata.org/entity/Q87657374,1.0,,https://de.wikipedia.org/wiki/Galatasaray-Platz,,http://www.wikidata.org/entity/Q174782,"('41.03317', '28.9785')"
