,item,articleDE,articleEN,location,distance,lat,lon,sitelinks,thing,itemLabel,thingLabel,tier,color
0,http://www.wikidata.org/entity/Q12506,https://de.wikipedia.org/wiki/Hagia_Sophia,https://en.wikipedia.org/wiki/Hagia_Sophia,Point(28.98 41.008333333),0.409,41.008333333333,28.98,143,http://www.wikidata.org/entity/Q570116,Hagia Sophia,tourist attraction,S,red
3,http://www.wikidata.org/entity/Q16869,https://de.wikipedia.org/wiki/Konstantinopel,https://en.wikipedia.org/wiki/Constantinople,Point(28.98 41.0125),0.763,41.0125,28.98,125,http://www.wikidata.org/entity/Q56061,Constantinople,administrative territorial entity,S,red
4,http://www.wikidata.org/entity/Q80541,https://de.wikipedia.org/wiki/Sultan-Ahmed-Moschee,"https://en.wikipedia.org/wiki/Blue_Mosque,_Istanbul",Point(28.9768247 41.0053851),0.137,41.0053851,28.9768247,89,http://www.wikidata.org/entity/Q570116,Sultan Ahmed Mosque,tourist attraction,S,red
8,http://www.wikidata.org/entity/Q534799,https://de.wikipedia.org/wiki/Istanbul_(Provinz),https://en.wikipedia.org/wiki/Istanbul_Province,Point(28.976111111 41.012222222),0.65,41.012222222222,28.976111111111,87,http://www.wikidata.org/entity/Q48336,Istanbul Province,province of Turkey,S,red
9,http://www.wikidata.org/entity/Q160077,https://de.wikipedia.org/wiki/Eroberung_von_Konstantinopel_(1453),https://en.wikipedia.org/wiki/Fall_of_Constantinople,Point(28.935 41.03),4.319,41.03,28.935,78,http://www.wikidata.org/entity/Q178561,Fall of Constantinople,battle,S,red
12,http://www.wikidata.org/entity/Q170495,https://de.wikipedia.org/wiki/Topkap%C4%B1-Palast,https://en.wikipedia.org/wiki/Topkap%C4%B1_Palace,Point(28.984 41.013),1.003,41.013,28.984,76,http://www.wikidata.org/entity/Q570116,Topkapı Palace,tourist attraction,S,red
16,http://www.wikidata.org/entity/Q86473,https://de.wikipedia.org/wiki/Flughafen_Istanbul-Atat%C3%BCrk,https://en.wikipedia.org/wiki/Atat%C3%BCrk_Airport,Point(28.814166666 40.976111111),13.983,40.976111111111,28.814166666667,73,http://www.wikidata.org/entity/Q62447,Atatürk Airport,aerodrome,S,red
17,http://www.wikidata.org/entity/Q81492,https://de.wikipedia.org/wiki/Rams_Park,https://en.wikipedia.org/wiki/Rams_Park,Point(28.991 41.103388888),10.861,41.103388888889,28.991,71,http://www.wikidata.org/entity/Q1154710,Rams Park,association football venue,S,red
18,http://www.wikidata.org/entity/Q178643,https://de.wikipedia.org/wiki/S%C3%BCleymaniye-Moschee,https://en.wikipedia.org/wiki/S%C3%BCleymaniye_Mosque,Point(28.963888888 41.016111111),1.477,41.016111111111,28.963888888889,69,http://www.wikidata.org/entity/Q570116,Süleymaniye Mosque,tourist attraction,S,red
22,http://www.wikidata.org/entity/Q211004,https://de.wikipedia.org/wiki/%C3%96kumenisches_Patriarchat_von_Konstantinopel,https://en.wikipedia.org/wiki/Ecumenical_Patriarchate_of_Constantinople,Point(28.951675 41.029222),3.251,41.029222,28.951675,69,http://www.wikidata.org/entity/Q44301618,Ecumenical Patriarchate of Constantinople,Eastern Orthodox patriarchate,S,red
23,http://www.wikidata.org/entity/Q170531,https://de.wikipedia.org/wiki/Konzil_von_Chalcedon,https://en.wikipedia.org/wiki/Council_of_Chalcedon,Point(29.03 40.98),5.407,40.98,29.03,66,http://www.wikidata.org/entity/Q51645,Council of Chalcedon,ecumenical council,S,red
24,http://www.wikidata.org/entity/Q192964,https://de.wikipedia.org/wiki/Universit%C3%A4t_Istanbul,https://en.wikipedia.org/wiki/Istanbul_University,Point(28.963875 41.013036111),1.249,41.013036111111,28.963875,61,http://www.wikidata.org/entity/Q875538,Istanbul University,public university,S,red
26,http://www.wikidata.org/entity/Q179839,https://de.wikipedia.org/wiki/Goldenes_Horn_(T%C3%BCrkei),https://en.wikipedia.org/wiki/Golden_Horn,Point(28.961111111 41.029166666),2.82,41.029166666667,28.961111111111,60,http://www.wikidata.org/entity/Q554394,Golden Horn,ria,S,red
27,http://www.wikidata.org/entity/Q326339,https://de.wikipedia.org/wiki/%C3%9Csk%C3%BCdar,https://en.wikipedia.org/wiki/%C3%9Csk%C3%BCdar,Point(29.01666667 41.01666667),3.609,41.01666667,29.01666667,60,http://www.wikidata.org/entity/Q2460358,Üsküdar,municipality of Turkey,S,red
29,http://www.wikidata.org/entity/Q932886,https://de.wikipedia.org/wiki/Kad%C4%B1k%C3%B6y,https://en.wikipedia.org/wiki/Kad%C4%B1k%C3%B6y,Point(29.036666666 40.986944444),5.541,40.986944444444,29.036666666667,59,http://www.wikidata.org/entity/Q2460358,Kadıköy,municipality of Turkey,S,red
31,http://www.wikidata.org/entity/Q732923,https://de.wikipedia.org/wiki/Fatih_(Istanbul),https://en.wikipedia.org/wiki/Fatih,Point(28.950277777 41.011388888),2.218,41.011388888889,28.950277777778,58,http://www.wikidata.org/entity/Q2460358,Fatih,municipality of Turkey,S,red
33,http://www.wikidata.org/entity/Q4484,https://de.wikipedia.org/wiki/Br%C3%BCcke_der_M%C3%A4rtyrer_des_15._Juli,https://en.wikipedia.org/wiki/Bosphorus_Bridge,Point(29.034444444 41.045277777),6.546,41.045277777778,29.034444444444,58,http://www.wikidata.org/entity/Q537127,15 July Martyrs Bridge,road bridge,S,red
39,http://www.wikidata.org/entity/Q459495,https://de.wikipedia.org/wiki/Be%C5%9Fikta%C5%9F,https://en.wikipedia.org/wiki/Be%C5%9Fikta%C5%9F,Point(29.0275 41.075277777),8.8,41.075277777778,29.0275,57,http://www.wikidata.org/entity/Q2460358,Beşiktaş,municipality of Turkey,S,red
41,http://www.wikidata.org/entity/Q91274,https://de.wikipedia.org/wiki/Galataturm,https://en.wikipedia.org/wiki/Galata_Tower,Point(28.97415319 41.025632324),2.145,41.025632324866,28.974153190723,56,http://www.wikidata.org/entity/Q570116,Galata Tower,tourist attraction,S,red
45,http://www.wikidata.org/entity/Q10150,https://de.wikipedia.org/wiki/Eurovision_Song_Contest_2004,https://en.wikipedia.org/wiki/Eurovision_Song_Contest_2004,Point(28.976111111 41.012222222),0.65,41.012222222222,28.976111111111,56,http://www.wikidata.org/entity/Q110288240,Eurovision Song Contest 2004,Eurovision Song Contest edition,S,red
46,http://www.wikidata.org/entity/Q596850,https://de.wikipedia.org/wiki/Organisation_der_Turkstaaten,https://en.wikipedia.org/wiki/Organization_of_Turkic_States,Point(28.9726015 41.0078815),0.321,41.0078815,28.9726015,55,http://www.wikidata.org/entity/Q245065,Organization of Turkic States,intergovernmental organization,S,red
49,http://www.wikidata.org/entity/Q274141,https://de.wikipedia.org/wiki/Dolmabah%C3%A7e-Palast,https://en.wikipedia.org/wiki/Dolmabah%C3%A7e_Palace,Point(29.001666666 41.039444444),4.266,41.039444444444,29.001666666667,53,http://www.wikidata.org/entity/Q16560,Dolmabahçe Palace,palace,S,red
50,http://www.wikidata.org/entity/Q208037,https://de.wikipedia.org/wiki/Drittes_Konzil_von_Konstantinopel,https://en.wikipedia.org/wiki/Third_Council_of_Constantinople,Point(28.98 41.0125),0.763,41.0125,28.98,52,http://www.wikidata.org/entity/Q51645,Third Council of Constantinople,ecumenical council,S,red
52,http://www.wikidata.org/entity/Q28094271,https://de.wikipedia.org/wiki/Terroranschlag_in_Istanbul_am_1._Januar_2017,https://en.wikipedia.org/wiki/Istanbul_nightclub_shooting,Point(29.03262 41.049922),6.789,41.049922,29.03262,52,http://www.wikidata.org/entity/Q2223653,2017 Istanbul nightclub attack,terrorist attack,S,red
55,http://www.wikidata.org/entity/Q1697391,https://de.wikipedia.org/wiki/%C3%9Cbereinkommen_des_Europarats_zur_Verh%C3%BCtung_und_Bek%C3%A4mpfung_von_Gewalt_gegen_Frauen_und_h%C3%A4uslicher_Gewalt,https://en.wikipedia.org/wiki/Istanbul_Convention,Point(28.9603 41.01),1.367,41.01,28.9603,51,http://www.wikidata.org/entity/Q1414472,Convention on preventing and combating violence against women and domestic violence,international human rights instrument,S,red
57,http://www.wikidata.org/entity/Q25007917,https://de.wikipedia.org/wiki/Terroranschlag_in_Istanbul_am_28._Juni_2016,https://en.wikipedia.org/wiki/2016_Atat%C3%BCrk_Airport_attack,Point(28.82 40.978),13.457,40.978,28.82,50,http://www.wikidata.org/entity/Q2223653,2016 Istanbul airport attack,terrorist attack,S,red
59,http://www.wikidata.org/entity/Q736072,https://de.wikipedia.org/wiki/Taksim-Platz,https://en.wikipedia.org/wiki/Taksim_Square,Point(28.985833333 41.036944444),3.5,41.036944444444,28.985833333333,49,http://www.wikidata.org/entity/Q174782,Taksim Square,square,S,red
60,http://www.wikidata.org/entity/Q18871,https://de.wikipedia.org/wiki/Hohe_Pforte,https://en.wikipedia.org/wiki/Sublime_Porte,Point(28.97805556 41.01111111),0.557,41.01111111,28.97805556,49,http://www.wikidata.org/entity/Q190068,Sublime Porte,synecdoche,S,red
62,http://www.wikidata.org/entity/Q205227,https://de.wikipedia.org/wiki/Zweites_Konzil_von_Konstantinopel,https://en.wikipedia.org/wiki/Second_Council_of_Constantinople,Point(28.98 41.0125),0.763,41.0125,28.98,48,http://www.wikidata.org/entity/Q51645,Second Council of Constantinople,ecumenical council,S,red
63,http://www.wikidata.org/entity/Q848397,https://de.wikipedia.org/wiki/Leanderturm,https://en.wikipedia.org/wiki/Maiden%27s_Tower,Point(29.00416667 41.02111111),2.884,41.02111111,29.00416667,45,http://www.wikidata.org/entity/Q570116,Maiden's Tower,tourist attraction,S,red
69,http://www.wikidata.org/entity/Q505954,https://de.wikipedia.org/wiki/Kapal%C4%B1_%C3%87ar%C5%9F%C4%B1,"https://en.wikipedia.org/wiki/Grand_Bazaar,_Istanbul",Point(28.967933333 41.010580555),0.813,41.010580555556,28.967933333333,45,http://www.wikidata.org/entity/Q219760,Grand Bazaar,bazaar,S,red
72,http://www.wikidata.org/entity/Q387548,https://de.wikipedia.org/wiki/Hippodrom_(Konstantinopel),https://en.wikipedia.org/wiki/Hippodrome_of_Constantinople,Point(28.975555555 41.006388888),0.027,41.006388888889,28.975555555556,45,http://www.wikidata.org/entity/Q184949,Hippodrome of Constantinople,hippodrome,S,red
73,http://www.wikidata.org/entity/Q849489,https://de.wikipedia.org/wiki/Chora-Kirche,https://en.wikipedia.org/wiki/The_Chora,Point(28.939167 41.031111),4.128,41.031111,28.939167,44,http://www.wikidata.org/entity/Q16970,Chora Church,church building,S,red
76,http://www.wikidata.org/entity/Q222865,https://de.wikipedia.org/wiki/%C5%9E%C3%BCkr%C3%BC_Saraco%C4%9Flu_Stad%C4%B1,https://en.wikipedia.org/wiki/%C5%9E%C3%BCkr%C3%BC_Saraco%C4%9Flu_Stadium,Point(29.036666666 40.9875),5.517,40.9875,29.036666666667,44,http://www.wikidata.org/entity/Q1154710,Şükrü Saracoğlu Stadium,association football venue,S,red
78,http://www.wikidata.org/entity/Q497844,https://de.wikipedia.org/wiki/Marmaray,https://en.wikipedia.org/wiki/Marmaray,Point(28.9967 41.0193),2.262,41.0193,28.9967,44,http://www.wikidata.org/entity/Q728937,Marmaray,railway line,S,red
81,http://www.wikidata.org/entity/Q27900,https://de.wikipedia.org/wiki/Belagerung_von_Konstantinopel_(717%E2%80%93718),https://en.wikipedia.org/wiki/Siege_of_Constantinople_(717%E2%80%93718),Point(28.975 41.0125),0.684,41.0125,28.975,44,http://www.wikidata.org/entity/Q178561,Siege of Constantinople,battle,S,red
83,http://www.wikidata.org/entity/Q644677,https://de.wikipedia.org/wiki/%C5%9Eehzade-Moschee,https://en.wikipedia.org/wiki/%C5%9Eehzade_Mosque,Point(28.957175 41.013794444),1.772,41.013794444444,28.957175,43,http://www.wikidata.org/entity/Q570116,Şehzade Mosque,tourist attraction,S,red
86,http://www.wikidata.org/entity/Q791567,https://de.wikipedia.org/wiki/Bayrampa%C5%9Fa,https://en.wikipedia.org/wiki/Bayrampa%C5%9Fa,Point(28.900277777 41.048055555),7.854,41.048055555556,28.900277777778,42,http://www.wikidata.org/entity/Q2460358,Bayrampaşa,municipality of Turkey,S,red
88,http://www.wikidata.org/entity/Q369967,https://de.wikipedia.org/wiki/Fatih-Sultan-Mehmet-Br%C3%BCcke,https://en.wikipedia.org/wiki/Fatih_Sultan_Mehmet_Bridge,Point(29.061388888 41.091111111),11.84,41.091111111111,29.061388888889,42,http://www.wikidata.org/entity/Q537127,Fatih Sultan Mehmet Bridge,road bridge,S,red
93,http://www.wikidata.org/entity/Q752528,https://de.wikipedia.org/wiki/Bak%C4%B1rk%C3%B6y,https://en.wikipedia.org/wiki/Bak%C4%B1rk%C3%B6y,Point(28.853611111 40.983055555),10.583,40.983055555556,28.853611111111,41,http://www.wikidata.org/entity/Q2460358,Bakırköy,municipality of Turkey,S,red
95,http://www.wikidata.org/entity/Q378714,https://de.wikipedia.org/wiki/Esenler,https://en.wikipedia.org/wiki/Esenler,Point(28.871666666 41.053611111),10.197,41.053611111111,28.871666666667,41,http://www.wikidata.org/entity/Q2460358,Esenler,municipality of Turkey,S,red
97,http://www.wikidata.org/entity/Q911720,https://de.wikipedia.org/wiki/Yeni_Cami_(Istanbul),"https://en.wikipedia.org/wiki/New_Mosque,_Istanbul",Point(28.972141 41.016875),1.208,41.016875,28.972141,41,http://www.wikidata.org/entity/Q71974,New Mosque,külliye,S,red
102,http://www.wikidata.org/entity/Q390637,https://de.wikipedia.org/wiki/%C5%9Ei%C5%9Fli,https://en.wikipedia.org/wiki/%C5%9Ei%C5%9Fli,Point(28.986944444 41.059444444),5.973,41.059444444444,28.986944444444,41,http://www.wikidata.org/entity/Q2460358,Şişli,municipality of Turkey,S,red
104,http://www.wikidata.org/entity/Q89917,https://de.wikipedia.org/wiki/Theodosianische_Mauer,https://en.wikipedia.org/wiki/Walls_of_Constantinople,Point(28.92333333 41.01805556),4.595,41.01805556,28.92333333,40,http://www.wikidata.org/entity/Q16748868,Walls of Constantinople,city walls,S,red
106,http://www.wikidata.org/entity/Q753882,https://de.wikipedia.org/wiki/Ata%C5%9Fehir,https://en.wikipedia.org/wiki/Ata%C5%9Fehir,Point(29.127777777 40.983333333),13.003,40.983333333333,29.127777777778,40,http://www.wikidata.org/entity/Q2460358,Ataşehir,municipality of Turkey,S,red
108,http://www.wikidata.org/entity/Q216511,https://de.wikipedia.org/wiki/Yerebatan-Zisterne,https://en.wikipedia.org/wiki/Basilica_Cistern,Point(28.9779209 41.0084038),0.283,41.0084038,28.9779209,40,http://www.wikidata.org/entity/Q811979,Basilica Cistern,architectural structure,S,red
111,http://www.wikidata.org/entity/Q344334,https://de.wikipedia.org/wiki/Technische_Universit%C3%A4t_Istanbul,https://en.wikipedia.org/wiki/Istanbul_Technical_University,Point(29.025 41.105),11.714,41.105,29.025,40,http://www.wikidata.org/entity/Q875538,Istanbul Technical University,public university,S,red
113,http://www.wikidata.org/entity/Q570826,https://de.wikipedia.org/wiki/Gaziosmanpa%C5%9Fa,https://en.wikipedia.org/wiki/Gaziosmanpa%C5%9Fa,Point(28.904722222 41.073333333),9.541,41.073333333333,28.904722222222,40,http://www.wikidata.org/entity/Q2460358,Gaziosmanpaşa,municipality of Turkey,S,red
115,http://www.wikidata.org/entity/Q736676,https://de.wikipedia.org/wiki/Hagia_Irene,https://en.wikipedia.org/wiki/Hagia_Irene,Point(28.98111 41.00972),0.575,41.00972,28.98111,39,http://www.wikidata.org/entity/Q570116,Hagia Irene,tourist attraction,S,red
117,http://www.wikidata.org/entity/Q673073,https://de.wikipedia.org/wiki/Ey%C3%BCpsultan,https://en.wikipedia.org/wiki/Ey%C3%BCpsultan,Point(28.937777777 41.08),8.787,41.08,28.937777777778,39,http://www.wikidata.org/entity/Q3957,Eyüp,town,S,red
119,http://www.wikidata.org/entity/Q81523,https://de.wikipedia.org/wiki/Galatabr%C3%BCcke,https://en.wikipedia.org/wiki/Galata_Bridge,Point(28.973055555 41.02),1.533,41.02,28.973055555556,38,http://www.wikidata.org/entity/Q537127,Galata Bridge,road bridge,S,red
122,http://www.wikidata.org/entity/Q176380,https://de.wikipedia.org/wiki/Ortak%C3%B6y-Moschee,https://en.wikipedia.org/wiki/Ortak%C3%B6y_Mosque,Point(29.026808738 41.047330729),6.244,41.047330729015,29.026808738806,38,http://www.wikidata.org/entity/Q570116,Ortaköy Mosque,tourist attraction,S,red
126,http://www.wikidata.org/entity/Q756189,https://de.wikipedia.org/wiki/Fatih-Moschee,"https://en.wikipedia.org/wiki/Fatih_Mosque,_Istanbul",Point(28.949722 41.019722),2.648,41.019722,28.949722,38,http://www.wikidata.org/entity/Q570116,Fatih Istanbul Mosque,tourist attraction,S,red
130,http://www.wikidata.org/entity/Q211438,https://de.wikipedia.org/wiki/Basketball-Weltmeisterschaft_2010,https://en.wikipedia.org/wiki/2010_FIBA_World_Championship,Point(28.9667 41.0167),1.382,41.0167,28.9667,38,http://www.wikidata.org/entity/Q27020041,2010 FIBA World Championship,sports season,S,red
131,http://www.wikidata.org/entity/Q934470,https://de.wikipedia.org/wiki/Pogrom_von_Istanbul,https://en.wikipedia.org/wiki/Istanbul_pogrom,Point(28.985 41.036944444),3.484,41.036944444444,28.985,38,http://www.wikidata.org/entity/Q177716,Istanbul pogrom,pogrom,S,red
132,http://www.wikidata.org/entity/Q501817,https://de.wikipedia.org/wiki/Galata_(Istanbul),https://en.wikipedia.org/wiki/Galata,Point(28.973611111 41.022777777),1.833,41.022777777778,28.973611111111,38,http://www.wikidata.org/entity/Q2983893,Galata,quarter,S,red
133,http://www.wikidata.org/entity/Q197095,https://de.wikipedia.org/wiki/Zeytinburnu,https://en.wikipedia.org/wiki/Zeytinburnu,Point(28.909722222 41.005277777),5.552,41.005277777778,28.909722222222,37,http://www.wikidata.org/entity/Q2460358,Zeytinburnu,municipality of Turkey,S,red
135,http://www.wikidata.org/entity/Q896267,https://de.wikipedia.org/wiki/Bo%C4%9Fazi%C3%A7i_%C3%9Cniversitesi,https://en.wikipedia.org/wiki/Bo%C4%9Fazi%C3%A7i_University,Point(29.050597222 41.083555555),10.626,41.083555555556,29.050597222222,37,http://www.wikidata.org/entity/Q875538,Boğaziçi University,public university,S,red
138,http://www.wikidata.org/entity/Q14914703,https://de.wikipedia.org/wiki/T%C3%BCpra%C5%9F_Stadyumu,https://en.wikipedia.org/wiki/Be%C5%9Fikta%C5%9F_Stadium,Point(28.994166666 41.039166666),3.955,41.039166666667,28.994166666667,37,http://www.wikidata.org/entity/Q1154710,Beşiktaş Stadium,association football venue,S,red
139,http://www.wikidata.org/entity/Q788634,https://de.wikipedia.org/wiki/Bah%C3%A7elievler,https://en.wikipedia.org/wiki/Bah%C3%A7elievler,Point(28.850555555 40.9975),10.562,40.9975,28.850555555556,36,http://www.wikidata.org/entity/Q2460358,Bahçelievler,municipality of Turkey,S,red
141,http://www.wikidata.org/entity/Q344348,https://de.wikipedia.org/wiki/%C4%B0stiklal_Caddesi,https://en.wikipedia.org/wiki/%C4%B0stiklal_Avenue,Point(28.97888889 41.03416667),3.1,41.03416667,28.97888889,36,http://www.wikidata.org/entity/Q79007,İstiklal Avenue,street,S,red
143,http://www.wikidata.org/entity/Q932166,https://de.wikipedia.org/wiki/G%C3%BCng%C3%B6ren,https://en.wikipedia.org/wiki/G%C3%BCng%C3%B6ren,Point(28.878055555 41.021111111),8.368,41.021111111111,28.878055555556,36,http://www.wikidata.org/entity/Q2460358,Güngören,municipality of Turkey,S,red
146,http://www.wikidata.org/entity/Q334924,https://de.wikipedia.org/wiki/%C3%9Cmraniye,https://en.wikipedia.org/wiki/%C3%9Cmraniye,Point(29.12042 41.02083),12.233,41.02083,29.12042,36,http://www.wikidata.org/entity/Q2460358,Ümraniye,municipality of Turkey,S,red
148,http://www.wikidata.org/entity/Q636978,https://de.wikipedia.org/wiki/Arch%C3%A4ologisches_Museum_Istanbul,https://en.wikipedia.org/wiki/Istanbul_Archaeology_Museums,Point(28.981388888 41.011669444),0.748,41.011669444444,28.981388888889,36,http://www.wikidata.org/entity/Q3329412,Istanbul Archaeology Museums,archaeological museum,S,red
150,http://www.wikidata.org/entity/Q1767191,,https://en.wikipedia.org/wiki/Emin%C3%B6n%C3%BC,Point(28.971111111 41.017222222),1.27,41.017222222222,28.971111111111,36,http://www.wikidata.org/entity/Q2983893,Eminönü,quarter,S,red
151,http://www.wikidata.org/entity/Q115193912,https://de.wikipedia.org/wiki/Bombenanschlag_in_Istanbul_am_13._November_2022,https://en.wikipedia.org/wiki/2022_Istanbul_bombing,Point(28.981388888 41.035),3.216,41.035,28.981388888889,36,http://www.wikidata.org/entity/Q891854,2022 Istanbul bombing,bomb attack,S,red
153,http://www.wikidata.org/entity/Q284489,https://de.wikipedia.org/wiki/Ka%C4%9F%C4%B1thane,https://en.wikipedia.org/wiki/Ka%C4%9F%C4%B1thane,Point(28.980555555 41.086111111),8.874,41.086111111111,28.980555555556,35,http://www.wikidata.org/entity/Q2460358,Kağıthane,municipality of Turkey,S,red
155,http://www.wikidata.org/entity/Q1144576,https://de.wikipedia.org/wiki/Kleine_Hagia_Sophia,https://en.wikipedia.org/wiki/Little_Hagia_Sophia,Point(28.971944 41.002778),0.519,41.002778,28.971944,35,http://www.wikidata.org/entity/Q71974,Little Hagia Sophia,külliye,S,red
159,http://www.wikidata.org/entity/Q850247,https://de.wikipedia.org/wiki/Universit%C3%A4t_von_Konstantinopel,https://en.wikipedia.org/wiki/University_of_Constantinople,Point(28.976018 41.01224),0.652,41.01224,28.976018,34,http://www.wikidata.org/entity/Q3918,University of Constantinople,university,S,red
160,http://www.wikidata.org/entity/Q90801,https://de.wikipedia.org/wiki/Rumeli_Hisar%C4%B1,https://en.wikipedia.org/wiki/Rumelihisar%C4%B1,Point(29.056111111 41.084722222),11.007,41.084722222222,29.056111111111,34,http://www.wikidata.org/entity/Q570116,Rumelihisarı,tourist attraction,S,red
164,http://www.wikidata.org/entity/Q1424081,https://de.wikipedia.org/wiki/Marmara-Universit%C3%A4t,https://en.wikipedia.org/wiki/Marmara_University,Point(29.053611111 40.986111111),6.902,40.986111111111,29.053611111111,34,http://www.wikidata.org/entity/Q875538,Marmara University,public university,S,red
166,http://www.wikidata.org/entity/Q746516,https://de.wikipedia.org/wiki/Ba%C4%9Fc%C4%B1lar,https://en.wikipedia.org/wiki/Ba%C4%9Fc%C4%B1lar,Point(28.856944444 41.034444444),10.453,41.034444444444,28.856944444444,34,http://www.wikidata.org/entity/Q2460358,Bağcılar,municipality of Turkey,S,red
168,http://www.wikidata.org/entity/Q668641,https://de.wikipedia.org/wiki/M%C4%B1s%C4%B1r_%C3%87ar%C5%9F%C4%B1s%C4%B1,https://en.wikipedia.org/wiki/Spice_Bazaar,Point(28.970556 41.016389),1.199,41.016389,28.970556,34,http://www.wikidata.org/entity/Q219760,Spice Bazaar,bazaar,S,red
170,http://www.wikidata.org/entity/Q1572472,https://de.wikipedia.org/wiki/Sokollu-Mehmed-Pascha-Moschee,"https://en.wikipedia.org/wiki/Sokollu_Mehmed_Pasha_Mosque,_Kad%C4%B1rga",Point(28.971944444 41.004722222),0.378,41.004722222222,28.971944444444,33,http://www.wikidata.org/entity/Q71974,Sokollu Mehmed Pasha I Mosque,külliye,S,red
175,http://www.wikidata.org/entity/Q1137511,https://de.wikipedia.org/wiki/R%C3%BCstem-Pascha-Moschee,https://en.wikipedia.org/wiki/R%C3%BCstem_Pasha_Mosque,Point(28.96874786 41.01759104),1.382,41.01759104,28.96874786,33,http://www.wikidata.org/entity/Q570116,Rüstem Pasha Mosque,tourist attraction,S,red
180,http://www.wikidata.org/entity/Q22039066,https://de.wikipedia.org/wiki/Terroranschlag_in_Istanbul_am_12._Januar_2016,https://en.wikipedia.org/wiki/January_2016_Istanbul_bombing,Point(28.977405555 41.006163888),0.131,41.006163888889,28.977405555556,33,http://www.wikidata.org/entity/Q750215,2016 Istanbul bombing,mass murder,S,red
182,http://www.wikidata.org/entity/Q268747,https://de.wikipedia.org/wiki/Sultangazi,https://en.wikipedia.org/wiki/Sultangazi,Point(28.87217 41.10371),13.882,41.10371,28.87217,32,http://www.wikidata.org/entity/Q2460358,Sultangazi,municipality of Turkey,S,red
184,http://www.wikidata.org/entity/Q273225,https://de.wikipedia.org/wiki/%C3%87%C4%B1ra%C4%9Fan-Palast,https://en.wikipedia.org/wiki/%C3%87%C4%B1ra%C4%9Fan_Palace,Point(29.015388888 41.043444444),5.289,41.043444444444,29.015388888889,32,http://www.wikidata.org/entity/Q16560,Çırağan Palace,palace,S,red
185,http://www.wikidata.org/entity/Q853064,https://de.wikipedia.org/wiki/Beyaz%C4%B1t-Moschee,"https://en.wikipedia.org/wiki/Bayezid_II_Mosque,_Istanbul",Point(28.965277777 41.010277777),0.989,41.010277777778,28.965277777778,32,http://www.wikidata.org/entity/Q71974,Bayezid II Mosque,külliye,S,red
189,http://www.wikidata.org/entity/Q81650,https://de.wikipedia.org/wiki/Anadolu_Hisar%C4%B1,https://en.wikipedia.org/wiki/Anadoluhisar%C4%B1,Point(29.067027777 41.082138888),11.375,41.082138888889,29.067027777778,32,http://www.wikidata.org/entity/Q570116,Anadoluhisarı,tourist attraction,S,red
192,http://www.wikidata.org/entity/Q1551419,https://de.wikipedia.org/wiki/Studionkloster,https://en.wikipedia.org/wiki/Monastery_of_Stoudios,Point(28.92861111 40.99611111),4.127,40.99611111,28.92861111,32,http://www.wikidata.org/entity/Q1701174,Monastery of Stoudios,monastery ruins,S,red
193,http://www.wikidata.org/entity/Q911734,https://de.wikipedia.org/wiki/Y%C4%B1ld%C4%B1z-Palast,https://en.wikipedia.org/wiki/Y%C4%B1ld%C4%B1z_Palace,Point(29.0111 41.0494),5.622,41.0494,29.0111,32,http://www.wikidata.org/entity/Q570116,Yıldız Palace,tourist attraction,S,red
195,http://www.wikidata.org/entity/Q952924,https://de.wikipedia.org/wiki/Valens-Aqu%C3%A4dukt,https://en.wikipedia.org/wiki/Aqueduct_of_Valens,Point(28.95557 41.01599),2.011,41.01599,28.95557,32,http://www.wikidata.org/entity/Q570116,Aqueduct of Valens,tourist attraction,S,red
198,http://www.wikidata.org/entity/Q5411040,https://de.wikipedia.org/wiki/Eurasien-Tunnel,https://en.wikipedia.org/wiki/Eurasia_Tunnel,Point(28.997 41.005),1.78,41.005,28.997,32,http://www.wikidata.org/entity/Q1317590,Eurasia Tunnel,undersea tunnel,S,red
200,http://www.wikidata.org/entity/Q197094,https://de.wikipedia.org/wiki/Zeyrek-Moschee,https://en.wikipedia.org/wiki/Zeyrek_Mosque,Point(28.95722222 41.01972222),2.156,41.01972222,28.95722222,31,http://www.wikidata.org/entity/Q180370,Zeyrek Mosque,hospital,S,red
204,http://www.wikidata.org/entity/Q763854,https://de.wikipedia.org/wiki/Obelisk_des_Theodosius,https://en.wikipedia.org/wiki/Obelisk_of_Theodosius,Point(28.975388888 41.006055555),0.054,41.006055555556,28.975388888889,31,http://www.wikidata.org/entity/Q170980,Obelisk of Theodosius,obelisk,S,red
205,http://www.wikidata.org/entity/Q1581190,https://de.wikipedia.org/wiki/Mihrimah-Sultan-Moschee_(Edirnekap%C4%B1),"https://en.wikipedia.org/wiki/Mihrimah_Sultan_Mosque,_Edirnekap%C4%B1",Point(28.935833333 41.029166666),4.207,41.029166666667,28.935833333333,31,http://www.wikidata.org/entity/Q71974,Mihrimah Edirnekapı Mosque,külliye,S,red
210,http://www.wikidata.org/entity/Q590900,https://de.wikipedia.org/wiki/Laleli-Moschee,https://en.wikipedia.org/wiki/Laleli_Mosque,Point(28.956666666 41.01),1.661,41.01,28.956666666667,31,http://www.wikidata.org/entity/Q811979,Laleli Mosque,architectural structure,S,red
213,http://www.wikidata.org/entity/Q166882,https://de.wikipedia.org/wiki/Sapphire_of_Istanbul,https://en.wikipedia.org/wiki/Istanbul_Sapphire,Point(29.005833333 41.085),9.096,41.085,29.005833333333,30,http://www.wikidata.org/entity/Q11303,Istanbul Sapphire,skyscraper,S,red
214,http://www.wikidata.org/entity/Q794349,https://de.wikipedia.org/wiki/Beylerbeyi-Palast,https://en.wikipedia.org/wiki/Beylerbeyi_Palace,Point(29.0399 41.0426),6.713,41.0426,29.0399,30,http://www.wikidata.org/entity/Q570116,Beylerbeyi Palace,tourist attraction,S,red
221,http://www.wikidata.org/entity/Q2249546,https://de.wikipedia.org/wiki/Ortak%C3%B6y_(Istanbul),https://en.wikipedia.org/wiki/Ortak%C3%B6y,Point(29.0281901 41.0546272),6.931,41.0546272,29.0281901,30,http://www.wikidata.org/entity/Q570116,Ortaköy,tourist attraction,S,red
223,http://www.wikidata.org/entity/Q1420984,https://de.wikipedia.org/wiki/Pammakaristos-Kirche,https://en.wikipedia.org/wiki/Pammakaristos_Church,Point(28.946388888 41.029166666),3.541,41.029166666667,28.946388888889,29,http://www.wikidata.org/entity/Q334383,Pammakaristos Church,abbey church,S,red
226,http://www.wikidata.org/entity/Q1430090,https://de.wikipedia.org/wiki/Nuruosmaniye-Moschee,https://en.wikipedia.org/wiki/Nuruosmaniye_Mosque,Point(28.970277777 41.010277777),0.639,41.010277777778,28.970277777778,29,http://www.wikidata.org/entity/Q570116,Nuruosmaniye Mosque,tourist attraction,S,red
230,http://www.wikidata.org/entity/Q586568,https://de.wikipedia.org/wiki/Apostelkirche_(Konstantinopel),https://en.wikipedia.org/wiki/Church_of_the_Holy_Apostles,Point(28.949722222 41.019722222),2.648,41.019722222222,28.949722222222,29,http://www.wikidata.org/entity/Q19860854,Church of the Holy Apostles,destroyed building or structure,S,red
232,http://www.wikidata.org/entity/Q387264,https://de.wikipedia.org/wiki/T%C3%BCnel,https://en.wikipedia.org/wiki/T%C3%BCnel,Point(28.9775 41.03361111),3.031,41.03361111,28.9775,29,http://www.wikidata.org/entity/Q35112127,Tünel,historic building,S,red
235,http://www.wikidata.org/entity/Q956677,https://de.wikipedia.org/wiki/Ey%C3%BCp-Sultan-Moschee,https://en.wikipedia.org/wiki/Ey%C3%BCp_Sultan_Mosque,Point(28.933786111 41.047947222),5.816,41.047947222222,28.933786111111,29,http://www.wikidata.org/entity/Q570116,Eyüp Sultan Mosque,tourist attraction,S,red
239,http://www.wikidata.org/entity/Q2086068,,https://en.wikipedia.org/wiki/Dolmabah%C3%A7e_Mosque,Point(28.99528889 41.03672778),3.747,41.03672778,28.99528889,29,http://www.wikidata.org/entity/Q811979,Dolmabahçe Mosque,architectural structure,S,red
242,http://www.wikidata.org/entity/Q800973,https://de.wikipedia.org/wiki/Bahnhof_Istanbul_Haydarpa%C5%9Fa,https://en.wikipedia.org/wiki/Haydarpa%C5%9Fa_railway_station,Point(29.018601863 40.996137956),3.762,40.996137956916,29.018601863888,28,http://www.wikidata.org/entity/Q1567913,Haydarpaşa railway station,harbour railway station,S,red
249,http://www.wikidata.org/entity/Q475338,https://de.wikipedia.org/wiki/Gro%C3%9Fer_Palast_(Konstantinopel),https://en.wikipedia.org/wiki/Great_Palace_of_Constantinople,Point(28.97777778 41.00638889),0.16,41.00638889,28.97777778,28,http://www.wikidata.org/entity/Q19860854,Great Palace of Constantinople,destroyed building or structure,S,red
251,http://www.wikidata.org/entity/Q588892,https://de.wikipedia.org/wiki/Schlangens%C3%A4ule,https://en.wikipedia.org/wiki/Serpent_Column,Point(28.975122 41.00562),0.105,41.00562,28.975122,28,http://www.wikidata.org/entity/Q860861,Serpent Column,sculpture,S,red
254,http://www.wikidata.org/entity/Q1346546,https://de.wikipedia.org/wiki/Georgskathedrale_(Istanbul),"https://en.wikipedia.org/wiki/St._George%27s_Cathedral,_Istanbul",Point(28.951822222 41.029091666),3.232,41.029091666667,28.951822222222,28,http://www.wikidata.org/entity/Q56242225,Church of St. George,Eastern Orthodox cathedral,S,red
255,http://www.wikidata.org/entity/Q1247287,https://de.wikipedia.org/wiki/Konstantinss%C3%A4ule,https://en.wikipedia.org/wiki/Column_of_Constantine,Point(28.971111 41.008611),0.47,41.008611,28.971111,28,http://www.wikidata.org/entity/Q570116,Column of Constantine,tourist attraction,S,red
257,http://www.wikidata.org/entity/Q308162,https://de.wikipedia.org/wiki/Abdi_%C4%B0pek%C3%A7i_Arena,https://en.wikipedia.org/wiki/Abdi_%C4%B0pek%C3%A7i_Arena,Point(28.919444 40.996944),4.85,40.996944,28.919444,27,http://www.wikidata.org/entity/Q1763828,Abdi İpekçi Arena,multi-purpose hall,S,red
258,http://www.wikidata.org/entity/Q83097,https://de.wikipedia.org/wiki/Basketball-Europameisterschaft_1959,https://en.wikipedia.org/wiki/EuroBasket_1959,Point(28.9603 41.01),1.367,41.01,28.9603,27,http://www.wikidata.org/entity/Q27020041,EuroBasket 1959,sports season,S,red
259,http://www.wikidata.org/entity/Q751820,https://de.wikipedia.org/wiki/%C4%B0n%C3%B6n%C3%BC_Stad%C4%B1,https://en.wikipedia.org/wiki/BJK_%C4%B0n%C3%B6n%C3%BC_Stadium,Point(28.994741666 41.039205555),3.978,41.039205555556,28.994741666667,27,http://www.wikidata.org/entity/Q1154710,BJK İnönü Stadium,association football venue,S,red
262,http://www.wikidata.org/entity/Q746504,https://de.wikipedia.org/wiki/Leichtathletik-Hallenweltmeisterschaften_2012,https://en.wikipedia.org/wiki/2012_IAAF_World_Indoor_Championships,Point(28.855577 40.987167),10.319,40.987167,28.855577,27,http://www.wikidata.org/entity/Q725169,2012 IAAF World Indoor Championships,World Athletics Indoor Championships,S,red
263,http://www.wikidata.org/entity/Q1560106,https://de.wikipedia.org/wiki/G%C3%BClhane-Park,https://en.wikipedia.org/wiki/G%C3%BClhane_Park,Point(28.98 41.01222222),0.736,41.01222222,28.98,27,http://www.wikidata.org/entity/Q570116,Gülhane Park,tourist attraction,S,red
265,http://www.wikidata.org/entity/Q525939,https://de.wikipedia.org/wiki/Museum_f%C3%BCr_t%C3%BCrkische_und_islamische_Kunst,https://en.wikipedia.org/wiki/Turkish_and_Islamic_Arts_Museum,Point(28.974556 41.006278),0.111,41.006278,28.974556,27,http://www.wikidata.org/entity/Q17431399,Turkish and Islamic Arts Museum,national museum,S,red
268,http://www.wikidata.org/entity/Q632795,https://de.wikipedia.org/wiki/Yedikule,https://en.wikipedia.org/wiki/Yedikule_Fortress,Point(28.92333333 40.99305556),4.651,40.99305556,28.92333333,27,http://www.wikidata.org/entity/Q57831,Yedikule Fortress,fortress,S,red
269,http://www.wikidata.org/entity/Q18341384,https://de.wikipedia.org/wiki/%C3%87aml%C4%B1ca-Moschee,https://en.wikipedia.org/wiki/%C3%87aml%C4%B1ca_Mosque,Point(29.0704 41.0343),8.516,41.0343,29.0704,27,http://www.wikidata.org/entity/Q32815,Çamlıca Mosque,mosque,S,red
270,http://www.wikidata.org/entity/Q27988528,https://de.wikipedia.org/wiki/Bombenanschl%C3%A4ge_in_Istanbul_am_10._Dezember_2016,https://en.wikipedia.org/wiki/December_2016_Istanbul_bombings,Point(28.994444 41.041944),4.25,41.041944,28.994444,27,http://www.wikidata.org/entity/Q18493502,December 2016 Istanbul bombings,suicide bombing,S,red
273,http://www.wikidata.org/entity/Q115978,https://de.wikipedia.org/wiki/Kurzbahnweltmeisterschaften_2012,https://en.wikipedia.org/wiki/2012_FINA_World_Swimming_Championships_(25_m),Point(28.8539 40.9885),10.427,40.9885,28.8539,26,http://www.wikidata.org/entity/Q27020041,2012 FINA World Swimming Championships,sports season,S,red
278,http://www.wikidata.org/entity/Q2305473,https://de.wikipedia.org/wiki/Myrelaion,https://en.wikipedia.org/wiki/Bodrum_Mosque,Point(28.95555556 41.00861111),1.723,41.00861111,28.95555556,26,http://www.wikidata.org/entity/Q16970,Bodrum Mosque,church building,S,red
280,http://www.wikidata.org/entity/Q15961492,,https://en.wikipedia.org/wiki/The_Museum_of_Innocence_(museum),Point(28.97982222 41.03093056),2.75,41.03093056,28.97982222,26,http://www.wikidata.org/entity/Q570116,The Museum of Innocence,tourist attraction,S,red
283,http://www.wikidata.org/entity/Q1666659,https://de.wikipedia.org/wiki/International_Istanbul_Film_Festival,https://en.wikipedia.org/wiki/International_Istanbul_Film_Festival,Point(28.9603 41.01),1.367,41.01,28.9603,25,http://www.wikidata.org/entity/Q220505,International Istanbul Film Festival,film festival,S,red
284,http://www.wikidata.org/entity/Q1010949,https://de.wikipedia.org/wiki/Ye%C5%9Filk%C3%B6y,https://en.wikipedia.org/wiki/Ye%C5%9Filk%C3%B6y,Point(28.8224 40.959),13.918,40.959,28.8224,25,http://www.wikidata.org/entity/Q17051044,Yeşilköy,mahalle,S,red
285,http://www.wikidata.org/entity/Q1093258,https://de.wikipedia.org/wiki/Technische_Universit%C3%A4t_Y%C4%B1ld%C4%B1z,https://en.wikipedia.org/wiki/Y%C4%B1ld%C4%B1z_Technical_University,Point(29.0104 41.0517),5.812,41.0517,29.0104,25,http://www.wikidata.org/entity/Q875538,Yıldız Technical University,public university,S,red
288,http://www.wikidata.org/entity/Q985842,https://de.wikipedia.org/wiki/Fener,https://en.wikipedia.org/wiki/Fener,Point(28.951944444 41.028888888),3.208,41.028888888889,28.951944444444,25,http://www.wikidata.org/entity/Q2983893,Fener,quarter,S,red
289,http://www.wikidata.org/entity/Q1246569,,https://en.wikipedia.org/wiki/Massacre_of_the_Latins,Point(28.98 41.0125),0.763,41.0125,28.98,25,http://www.wikidata.org/entity/Q3199915,Massacre of the Latins,massacre,S,red
290,http://www.wikidata.org/entity/Q48898,https://de.wikipedia.org/wiki/Levent_(Istanbul),https://en.wikipedia.org/wiki/Levent,Point(29.01584 41.08181),9.032,41.08181,29.01584,25,http://www.wikidata.org/entity/Q17051044,Levent,mahalle,S,red
291,http://www.wikidata.org/entity/Q1721042,https://de.wikipedia.org/wiki/Kafes,https://en.wikipedia.org/wiki/Kafes,Point(28.9835491 41.0137863),1.045,41.0137863,28.9835491,24,http://www.wikidata.org/entity/Q16560,Kafes,palace,S,red
292,http://www.wikidata.org/entity/Q800974,https://de.wikipedia.org/wiki/Bahnhof_Istanbul_Sirkeci,https://en.wikipedia.org/wiki/Sirkeci_railway_station,Point(28.976456571 41.014966928),0.956,41.014966928207,28.976456571173,24,http://www.wikidata.org/entity/Q1147171,Sirkeci railway station,interchange station,S,red
299,http://www.wikidata.org/entity/Q1573438,https://de.wikipedia.org/wiki/Hamidiye-Moschee,https://en.wikipedia.org/wiki/Y%C4%B1ld%C4%B1z_Hamidiye_Mosque,Point(29.00993611 41.04941111),5.573,41.04941111,29.00993611,24,http://www.wikidata.org/entity/Q570116,Yıldız Hamidi Mosque,tourist attraction,S,red
303,http://www.wikidata.org/entity/Q519139,https://de.wikipedia.org/wiki/Konzil_von_Hiereia,https://en.wikipedia.org/wiki/Council_of_Hieria,Point(29.04352778 40.97297222),6.785,40.97297222,29.04352778,24,http://www.wikidata.org/entity/Q111161,Council of Hieria,synod,S,red
304,http://www.wikidata.org/entity/Q1003322,https://de.wikipedia.org/wiki/Bukoleon-Palast,https://en.wikipedia.org/wiki/Boukoleon_Palace,Point(28.97555556 41.0025),0.432,41.0025,28.97555556,24,http://www.wikidata.org/entity/Q16560,Boukoleon Palace,palace,S,red
305,http://www.wikidata.org/entity/Q2334567,https://de.wikipedia.org/wiki/Yeni-Valide-Moschee,https://en.wikipedia.org/wiki/Yeni_Valide_Mosque,Point(29.015107 41.024787),3.876,41.024787,29.015107,24,http://www.wikidata.org/entity/Q811979,Yeni Üsküdar Mosque,architectural structure,S,red
308,http://www.wikidata.org/entity/Q2424612,https://de.wikipedia.org/wiki/Fen%C3%A2r%C3%AE-%C3%8Es%C3%A2-Moschee,https://en.wikipedia.org/wiki/Fenari_Isa_Mosque,Point(28.944 41.01538056),2.855,41.01538056,28.944,24,http://www.wikidata.org/entity/Q16970,Fenari Isa Mosque,church building,S,red
310,http://www.wikidata.org/entity/Q545383,https://de.wikipedia.org/wiki/Patriarchat_von_Konstantinopel_der_Armenischen_Apostolischen_Kirche,https://en.wikipedia.org/wiki/Armenian_Patriarchate_of_Constantinople,Point(28.9612 41.0045),1.249,41.0045,28.9612,24,http://www.wikidata.org/entity/Q1282276,Armenian Patriarchate of Constantinople,patriarchate,S,red
312,http://www.wikidata.org/entity/Q1140926,https://de.wikipedia.org/wiki/Sinan_Erdem_Dome,https://en.wikipedia.org/wiki/Sinan_Erdem_Dome,Point(28.853931 40.98855),10.423,40.98855,28.853931,24,http://www.wikidata.org/entity/Q811979,Sinan Erdem Dome,architectural structure,S,red
313,http://www.wikidata.org/entity/Q1264908,https://de.wikipedia.org/wiki/Schlacht_von_Chrysopolis,https://en.wikipedia.org/wiki/Battle_of_Chrysopolis,Point(29.03 41.015),4.642,41.015,29.03,24,http://www.wikidata.org/entity/Q178561,Battle of Chrysopolis,battle,S,red
314,http://www.wikidata.org/entity/Q642478,https://de.wikipedia.org/wiki/Arap_Camii,https://en.wikipedia.org/wiki/Arap_Mosque,Point(28.97083333 41.02444444),2.052,41.02444444,28.97083333,24,http://www.wikidata.org/entity/Q32815,Arab Istanbul Mosque,mosque,S,red
315,http://www.wikidata.org/entity/Q1407995,https://de.wikipedia.org/wiki/Borsa_Istanbul,https://en.wikipedia.org/wiki/Borsa_Istanbul,Point(29.038413 41.110039),12.662,41.110039,29.038413,24,http://www.wikidata.org/entity/Q11691,Borsa Istanbul,stock exchange,S,red
316,http://www.wikidata.org/entity/Q6048634,https://de.wikipedia.org/wiki/Gezi-Park,https://en.wikipedia.org/wiki/Gezi_Park,Point(28.986944444 41.038333333),3.672,41.038333333333,28.986944444444,24,http://www.wikidata.org/entity/Q22746,Gezi Park,urban park,S,red
317,http://www.wikidata.org/entity/Q48796,https://de.wikipedia.org/wiki/Balat_(Istanbul),"https://en.wikipedia.org/wiki/Balat,_Fatih",Point(28.9482931 41.0320032),3.67,41.0320032,28.9482931,24,http://www.wikidata.org/entity/Q123705,Balat,neighborhood,S,red
319,http://www.wikidata.org/entity/Q1572395,https://de.wikipedia.org/wiki/Sinan-Pascha-Moschee_(Istanbul),https://en.wikipedia.org/wiki/Sinan_Pasha_Mosque_(Istanbul),Point(29.006245 41.042343),4.741,41.042343,29.006245,23,http://www.wikidata.org/entity/Q811979,Sinan Pasha Mosque,architectural structure,S,red
324,http://www.wikidata.org/entity/Q2728644,https://de.wikipedia.org/wiki/Philoxenos-Zisterne,https://en.wikipedia.org/wiki/Cistern_of_Philoxenos,Point(28.974444444 41.0075),0.173,41.0075,28.974444444444,23,http://www.wikidata.org/entity/Q93429857,Cistern of Philoxenos,ancient Roman cistern,S,red
325,http://www.wikidata.org/entity/Q1463961,https://de.wikipedia.org/wiki/%C4%B0stanbul_Modern,https://en.wikipedia.org/wiki/Istanbul_Modern,Point(28.982944 41.026),2.261,41.026,28.982944,23,http://www.wikidata.org/entity/Q207694,İstanbul Modern,art museum,S,red
327,http://www.wikidata.org/entity/Q1472490,https://de.wikipedia.org/wiki/Porphyrogennetos-Palast,https://en.wikipedia.org/wiki/Palace_of_the_Porphyrogenitus,Point(28.940278 41.033889),4.274,41.033889,28.940278,23,http://www.wikidata.org/entity/Q811979,Palace of the Porphyrogenitus,architectural structure,S,red
329,http://www.wikidata.org/entity/Q810122,https://de.wikipedia.org/wiki/Basilika_St._Antonius_(Istanbul),"https://en.wikipedia.org/wiki/Church_of_St._Anthony_of_Padua,_Istanbul",Point(28.977234 41.032317),2.886,41.032317,28.977234,23,http://www.wikidata.org/entity/Q16970,Church of St. Anthony of Padua,church building,S,red
330,http://www.wikidata.org/entity/Q2334536,https://de.wikipedia.org/wiki/G%C3%BCl-Moschee,https://en.wikipedia.org/wiki/G%C3%BCl_Mosque,Point(28.956179985 41.026824521),2.81,41.02682452179,28.956179985075,23,http://www.wikidata.org/entity/Q16970,Gül Mosque,church building,S,red
332,http://www.wikidata.org/entity/Q2410449,https://de.wikipedia.org/wiki/Eski-%C4%B0maret-Moschee,https://en.wikipedia.org/wiki/Eski_Imaret_Mosque,Point(28.955 41.02166667),2.44,41.02166667,28.955,23,http://www.wikidata.org/entity/Q811979,Eski Imaret Mosque,architectural structure,S,red
335,http://www.wikidata.org/entity/Q579117,https://de.wikipedia.org/wiki/K%C4%B1nal%C4%B1ada,https://en.wikipedia.org/wiki/K%C4%B1nal%C4%B1ada,Point(29.05 40.913055555),12.1,40.913055555556,29.05,23,http://www.wikidata.org/entity/Q17051044,Kınalıada,mahalle,S,red
337,http://www.wikidata.org/entity/Q1758501,https://de.wikipedia.org/wiki/Kalenderhane-Moschee,https://en.wikipedia.org/wiki/Kalenderhane_Mosque,Point(28.960304 41.013132),1.506,41.013132,28.960304,23,http://www.wikidata.org/entity/Q32815,Kalenderhane Mosque,mosque,S,red
338,http://www.wikidata.org/entity/Q388577,https://de.wikipedia.org/wiki/Ergenekon-Prozess,https://en.wikipedia.org/wiki/Ergenekon_(organization),Point(29.11950278 41.02046944),12.152,41.02046944,29.11950278,23,http://www.wikidata.org/entity/Q17127659,Ergenekon,terrorist organization,S,red
339,http://www.wikidata.org/entity/Q964226,https://de.wikipedia.org/wiki/Schlacht_von_Pelekanon,https://en.wikipedia.org/wiki/Battle_of_Pelekanon,Point(29.1503 41.01),14.641,41.01,29.1503,23,http://www.wikidata.org/entity/Q178561,Battle of Pelekanon,battle,S,red
340,http://www.wikidata.org/entity/Q5773394,https://de.wikipedia.org/wiki/Historische_Bereiche_von_Istanbul,https://en.wikipedia.org/wiki/Historic_Areas_of_Istanbul,Point(28.97993 41.00847),0.412,41.00847,28.97993,23,http://www.wikidata.org/entity/Q702492,Historic Areas of Istanbul,urban area,S,red
350,http://www.wikidata.org/entity/Q2565329,,https://en.wikipedia.org/wiki/Yavuz_Selim_Mosque,Point(28.9513 41.0266),3.05,41.0266,28.9513,23,http://www.wikidata.org/entity/Q811979,Yavuz Selim Mosque,architectural structure,S,red
353,http://www.wikidata.org/entity/Q2719785,,https://en.wikipedia.org/wiki/Pertevniyal_Valide_Sultan_Mosque,Point(28.953055555 41.01),1.956,41.01,28.953055555556,23,http://www.wikidata.org/entity/Q811979,Pertevniyal Mosque,architectural structure,S,red
356,http://www.wikidata.org/entity/Q879941,https://de.wikipedia.org/wiki/Blachernen-Palast,https://en.wikipedia.org/wiki/Palace_of_Blachernae,Point(28.9403 41.0339),4.274,41.0339,28.9403,22,http://www.wikidata.org/entity/Q16560,Palace of Blachernae,palace,S,red
357,http://www.wikidata.org/entity/Q1662392,https://de.wikipedia.org/wiki/Pera-Museum,https://en.wikipedia.org/wiki/Pera_Museum,Point(28.975194444 41.031805555),2.828,41.031805555556,28.975194444444,22,http://www.wikidata.org/entity/Q207694,Pera Museum,art museum,S,red
359,http://www.wikidata.org/entity/Q4812886,https://de.wikipedia.org/wiki/Atat%C3%BCrk-Br%C3%BCcke,https://en.wikipedia.org/wiki/Atat%C3%BCrk_Bridge,Point(28.96531 41.02424),2.174,41.02424,28.96531,22,http://www.wikidata.org/entity/Q43514341,Atatürk Bridge,highway bridge,S,red
360,http://www.wikidata.org/entity/Q2537376,https://de.wikipedia.org/wiki/Mihrimah-Sultan-Moschee_(%C3%9Csk%C3%BCdar),"https://en.wikipedia.org/wiki/Mihrimah_Sultan_Mosque,_%C3%9Csk%C3%BCdar",Point(29.01598 41.026792),4.059,41.026792,29.01598,22,http://www.wikidata.org/entity/Q71974,Mihrimah Üsküdar Mosque,külliye,S,red
365,http://www.wikidata.org/entity/Q1400402,https://de.wikipedia.org/wiki/R%C3%BCckeroberung_von_Konstantinopel_1261,https://en.wikipedia.org/wiki/Reconquest_of_Constantinople,Point(28.97694444 41.01666667),1.147,41.01666667,28.97694444,22,http://www.wikidata.org/entity/Q178561,Reconquest of Constantinople,battle,S,red
366,http://www.wikidata.org/entity/Q608787,https://de.wikipedia.org/wiki/Koca-Mustafa-Pascha-Moschee,https://en.wikipedia.org/wiki/Koca_Mustafa_Pasha_Mosque,Point(28.9286 41.0034),3.98,41.0034,28.9286,22,http://www.wikidata.org/entity/Q71974,Koça Mustafa Pasha Mosque,külliye,S,red
370,http://www.wikidata.org/entity/Q595289,,https://en.wikipedia.org/wiki/%C3%87i%C3%A7ek_Pasaj%C4%B1,Point(28.977916666 41.033944444),3.07,41.033944444444,28.977916666667,22,http://www.wikidata.org/entity/Q597052,Çiçek Pasajı,commercial gallery,S,red
371,http://www.wikidata.org/entity/Q742474,,https://en.wikipedia.org/wiki/Walled_Obelisk,Point(28.9748 41.0054),0.141,41.0054,28.9748,22,http://www.wikidata.org/entity/Q4989906,Walled Obelisk,monument,S,red
372,http://www.wikidata.org/entity/Q2706262,,https://en.wikipedia.org/wiki/Karak%C3%B6y,Point(28.975 41.022777777),1.825,41.022777777778,28.975,22,http://www.wikidata.org/entity/Q2983893,Karaköy,quarter,S,red
373,http://www.wikidata.org/entity/Q23288674,https://de.wikipedia.org/wiki/Bombenanschlag_in_Istanbul_am_19._M%C3%A4rz_2016,https://en.wikipedia.org/wiki/March_2016_Istanbul_bombing,Point(28.981111111 41.035),3.212,41.035,28.981111111111,22,http://www.wikidata.org/entity/Q18493502,2016 March Istanbul bombing,suicide bombing,S,red
374,http://www.wikidata.org/entity/Q123751,https://de.wikipedia.org/wiki/Aksaray_(Istanbul),"https://en.wikipedia.org/wiki/Aksaray,_Fatih",Point(28.95042 41.004177),2.15,41.004177,28.95042,21,http://www.wikidata.org/entity/Q17051044,Aksaray,mahalle,S,red
375,http://www.wikidata.org/entity/Q2704902,https://de.wikipedia.org/wiki/Kaiserliche_Bibliothek_von_Konstantinopel,https://en.wikipedia.org/wiki/Imperial_Library_of_Constantinople,Point(28.92861111 40.99611111),4.127,40.99611111,28.92861111,21,http://www.wikidata.org/entity/Q576029,Imperial Library of Constantinople,libraries in the ancient world,S,red
377,http://www.wikidata.org/entity/Q1572506,https://de.wikipedia.org/wiki/H%C4%B1rami-Ahmet-Pascha-Moschee,https://en.wikipedia.org/wiki/Hirami_Ahmet_Pasha_Mosque,Point(28.94578889 41.02785556),3.474,41.02785556,28.94578889,21,http://www.wikidata.org/entity/Q16970,Hirami Ahmed Pasha Mosque,church building,S,red
379,http://www.wikidata.org/entity/Q1069807,https://de.wikipedia.org/wiki/Blachernen-Kirche,https://en.wikipedia.org/wiki/Church_of_St._Mary_of_Blachernae,Point(28.9425 41.0383),4.52,41.0383,28.9425,21,http://www.wikidata.org/entity/Q1371047,Church of St. Mary of Blachernae,holy well,S,red
382,http://www.wikidata.org/entity/Q1085952,https://de.wikipedia.org/wiki/Miniat%C3%BCrk,https://en.wikipedia.org/wiki/Miniat%C3%BCrk,Point(28.948611111 41.06),6.385,41.06,28.948611111111,21,http://www.wikidata.org/entity/Q570116,Miniatürk,tourist attraction,S,red
384,http://www.wikidata.org/entity/Q1187329,https://de.wikipedia.org/wiki/Milion,https://en.wikipedia.org/wiki/Milion,Point(28.978066 41.008043),0.261,41.008043,28.978066,21,http://www.wikidata.org/entity/Q109607,The Stone of Million,ruins,S,red
388,http://www.wikidata.org/entity/Q1231380,https://de.wikipedia.org/wiki/Konstantinsforum,https://en.wikipedia.org/wiki/Forum_of_Constantine,Point(28.971 41.009),0.502,41.009,28.971,21,http://www.wikidata.org/entity/Q1062780,Forum of Constantine,forum,S,red
390,http://www.wikidata.org/entity/Q334778,https://de.wikipedia.org/wiki/%C3%9Clker_Spor_ve_Etkinlik_Salonu,https://en.wikipedia.org/wiki/%C3%9Clker_Sports_and_Event_Hall,Point(29.104444 40.993056),10.891,40.993056,29.104444,21,http://www.wikidata.org/entity/Q1076486,Ülker Sports and Event Hall,sports venue,S,red
391,http://www.wikidata.org/entity/Q862848,,https://en.wikipedia.org/wiki/K%C4%B1l%C4%B1%C3%A7_Ali_Pasha_Complex,Point(28.980928 41.026373),2.263,41.026373,28.980928,21,http://www.wikidata.org/entity/Q71974,Kılıç Ali Pasha Mosque,külliye,S,red
396,http://www.wikidata.org/entity/Q2147870,,"https://en.wikipedia.org/wiki/Sultanahmet,_Fatih",Point(28.977829 41.007876),0.234,41.007876,28.977829,21,http://www.wikidata.org/entity/Q123705,Sultan Ahmet,neighborhood,S,red
398,http://www.wikidata.org/entity/Q813531,https://de.wikipedia.org/wiki/Bebek,"https://en.wikipedia.org/wiki/Bebek,_Be%C5%9Fikta%C5%9F",Point(29.043903 41.080904),10.06,41.080904,29.043903,20,http://www.wikidata.org/entity/Q17051044,Bebek,mahalle,S,red
399,http://www.wikidata.org/entity/Q747244,https://de.wikipedia.org/wiki/Neve-Schalom-Synagoge_(Istanbul),https://en.wikipedia.org/wiki/Neve_Shalom_Synagogue,Point(28.972416666 41.026694444),2.277,41.026694444444,28.972416666667,20,http://www.wikidata.org/entity/Q34627,Neve Shalom Synagogue,synagogue,S,red
400,http://www.wikidata.org/entity/Q180570,https://de.wikipedia.org/wiki/WTA_Istanbul,https://en.wikipedia.org/wiki/%C4%B0stanbul_Cup,Point(28.9603 41.01),1.367,41.01,28.9603,20,http://www.wikidata.org/entity/Q13406554,İstanbul Cup,sports competition,S,red
402,http://www.wikidata.org/entity/Q1572457,https://de.wikipedia.org/wiki/Zal-Mahmud-Pascha-Moschee,https://en.wikipedia.org/wiki/Zal_Mahmud_Pasha_Mosque,Point(28.935822222 41.044777777),5.433,41.044777777778,28.935822222222,20,http://www.wikidata.org/entity/Q811979,Zal Mahmud Pasha Mosque,architectural structure,S,red
406,http://www.wikidata.org/entity/Q924603,https://de.wikipedia.org/wiki/Pera_Palas,https://en.wikipedia.org/wiki/Pera_Palace_Hotel,Point(28.9735947 41.0309944),2.743,41.0309944,28.9735947,20,http://www.wikidata.org/entity/Q27686,Pera Palace Hotel,hotel,S,red
407,http://www.wikidata.org/entity/Q514563,https://de.wikipedia.org/wiki/Sancaktar-Hayrettin-Moschee,https://en.wikipedia.org/wiki/Sancaktar_Hayrettin_Mosque,Point(28.93466667 41.00275),3.481,41.00275,28.93466667,20,http://www.wikidata.org/entity/Q16970,Sancaktar Hayrettin Mosque,church building,S,red
409,http://www.wikidata.org/entity/Q1143790,https://de.wikipedia.org/wiki/Cumhuriyet_An%C4%B1t%C4%B1,https://en.wikipedia.org/wiki/Republic_Monument,Point(28.985 41.036944),3.483,41.036944,28.985,20,http://www.wikidata.org/entity/Q4989906,Republic Monument,monument,S,red
410,http://www.wikidata.org/entity/Q1770357,https://de.wikipedia.org/wiki/Recep_Tayyip_Erdo%C4%9Fan_Stad%C4%B1,https://en.wikipedia.org/wiki/Recep_Tayyip_Erdo%C4%9Fan_Stadium,Point(28.972222222 41.032777777),2.951,41.032777777778,28.972222222222,20,http://www.wikidata.org/entity/Q1154710,Recep Tayyip Erdoğan Stadium,association football venue,S,red
412,http://www.wikidata.org/entity/Q1050148,,https://en.wikipedia.org/wiki/Maslak,Point(29.0199 41.1104),12.141,41.1104,29.0199,20,http://www.wikidata.org/entity/Q17051044,Maslak,mahalle,S,red
413,http://www.wikidata.org/entity/Q1095321,,https://en.wikipedia.org/wiki/Arnavutk%C3%B6y,Point(29.043056 41.068056),8.876,41.068056,29.043056,20,http://www.wikidata.org/entity/Q17051044,Arnavutköy,mahalle,S,red
414,http://www.wikidata.org/entity/Q19817651,https://de.wikipedia.org/wiki/ATP_Istanbul,https://en.wikipedia.org/wiki/Istanbul_Open,Point(28.9603 41.01),1.367,41.01,28.9603,20,http://www.wikidata.org/entity/Q47443726,Istanbul Open,recurring tennis tournament,S,red
415,http://www.wikidata.org/entity/Q79154,https://de.wikipedia.org/wiki/Kathedrale_des_Heiligen_Geistes_(Istanbul),https://en.wikipedia.org/wiki/Cathedral_of_the_Holy_Spirit,Point(28.9857 41.0447),4.34,41.0447,28.9857,19,http://www.wikidata.org/entity/Q120560,Cathedral of the Holy Spirit,minor basilica,A,green
418,http://www.wikidata.org/entity/Q2705343,https://de.wikipedia.org/wiki/%C5%9Eakirin-Moschee,https://en.wikipedia.org/wiki/%C5%9Eakirin_Mosque,Point(29.0244 41.0131),4.14,41.0131,29.0244,19,http://www.wikidata.org/entity/Q32815,Şakirin Mosque,mosque,A,green
419,http://www.wikidata.org/entity/Q3150393,https://de.wikipedia.org/wiki/Theodosius-Zisterne,https://en.wikipedia.org/wiki/Theodosius_Cistern,Point(28.9726 41.00725),0.291,41.00725,28.9726,19,http://www.wikidata.org/entity/Q93429857,Theodosius Cistern,ancient Roman cistern,A,green
420,http://www.wikidata.org/entity/Q1007545,https://de.wikipedia.org/wiki/Galatasaray_Lisesi,https://en.wikipedia.org/wiki/Galatasaray_High_School,Point(28.978611 41.032778),2.944,41.032778,28.978611,19,http://www.wikidata.org/entity/Q159334,Galatasaray High School,secondary school,A,green
423,http://www.wikidata.org/entity/Q1231440,https://de.wikipedia.org/wiki/Justinian-S%C3%A4ule,https://en.wikipedia.org/wiki/Column_of_Justinian,Point(28.978638888 41.007916666),0.288,41.007916666667,28.978638888889,19,http://www.wikidata.org/entity/Q659396,Column of Justinian,equestrian statue,A,green
425,http://www.wikidata.org/entity/Q1755906,https://de.wikipedia.org/wiki/K%C3%BC%C3%A7%C3%BCksu-Palast,https://en.wikipedia.org/wiki/K%C3%BC%C3%A7%C3%BCksu_Pavilion,Point(29.06472222 41.07833333),10.933,41.07833333,29.06472222,19,http://www.wikidata.org/entity/Q41176,Küçüksu Palace,building,A,green
426,http://www.wikidata.org/entity/Q614237,,https://en.wikipedia.org/wiki/Nusretiye_Mosque,Point(28.98316111 41.02732778),2.408,41.02732778,28.98316111,19,http://www.wikidata.org/entity/Q811979,Nusretiye Mosque,architectural structure,A,green
429,http://www.wikidata.org/entity/Q776353,,https://en.wikipedia.org/wiki/Column_of_Arcadius,Point(28.9431 41.0078),2.754,41.0078,28.9431,19,http://www.wikidata.org/entity/Q1930585,Column of Arcadius,victory column,A,green
430,http://www.wikidata.org/entity/Q1153320,,https://en.wikipedia.org/wiki/Zeynep_Sultan_Mosque,Point(28.979 41.009694444),0.452,41.009694444444,28.979,19,http://www.wikidata.org/entity/Q811979,Zeynep Sultan Mosque,architectural structure,A,green
433,http://www.wikidata.org/entity/Q251601,https://de.wikipedia.org/wiki/Ni%C5%9Fanta%C5%9F%C4%B1,https://en.wikipedia.org/wiki/Ni%C5%9Fanta%C5%9F%C4%B1,Point(28.991388888 41.051666666),5.201,41.051666666667,28.991388888889,18,http://www.wikidata.org/entity/Q570116,Nişantaşı,tourist attraction,A,green
434,http://www.wikidata.org/entity/Q853029,https://de.wikipedia.org/wiki/Beyaz%C4%B1t-Turm,https://en.wikipedia.org/wiki/Beyaz%C4%B1t_Tower,Point(28.964861111 41.012763888),1.165,41.012763888889,28.964861111111,18,http://www.wikidata.org/entity/Q570116,Beyazıt Tower,tourist attraction,A,green
436,http://www.wikidata.org/entity/Q246275,https://de.wikipedia.org/wiki/Kirchenmoschee_(Vefa),https://en.wikipedia.org/wiki/Church-Mosque_of_Vefa,Point(28.96030388 41.0162818),1.708,41.0162818,28.96030388,18,http://www.wikidata.org/entity/Q16970,Molla Gürani Mosque,church building,A,green
438,http://www.wikidata.org/entity/Q1972153,https://de.wikipedia.org/wiki/Sivriada,https://en.wikipedia.org/wiki/Sivriada,Point(28.971722222 40.875638888),14.541,40.875638888889,28.971722222222,18,http://www.wikidata.org/entity/Q23442,Sivriada,island,A,green
439,http://www.wikidata.org/entity/Q1070800,https://de.wikipedia.org/wiki/Ali_Sami_Yen_Stadyumu,https://en.wikipedia.org/wiki/Ali_Sami_Yen_Stadium,Point(28.998967 41.06545),6.848,41.06545,28.998967,18,http://www.wikidata.org/entity/Q1154710,Ali Sami Yen Stadium,association football venue,A,green
441,http://www.wikidata.org/entity/Q551685,https://de.wikipedia.org/wiki/Atat%C3%BCrk-Kulturzentrum_(Istanbul),https://en.wikipedia.org/wiki/Atat%C3%BCrk_Cultural_Center,Point(28.98777778 41.03666667),3.512,41.03666667,28.98777778,18,http://www.wikidata.org/entity/Q1329623,Atatürk Cultural Center,cultural center,A,green
442,http://www.wikidata.org/entity/Q581465,https://de.wikipedia.org/wiki/Kurzbahneuropameisterschaften_2009,https://en.wikipedia.org/wiki/2009_European_Short_Course_Swimming_Championships,Point(28.9194 40.9969),4.855,40.9969,28.9194,18,http://www.wikidata.org/entity/Q27020041,2009 European Short Course Swimming Championships,sports season,A,green
443,http://www.wikidata.org/entity/Q1818005,https://de.wikipedia.org/wiki/Y%C4%B1ld%C4%B1z-Park,https://en.wikipedia.org/wiki/Y%C4%B1ld%C4%B1z_Park,Point(29.01555556 41.04833333),5.731,41.04833333,29.01555556,18,http://www.wikidata.org/entity/Q570116,Yıldız Park,tourist attraction,A,green
445,http://www.wikidata.org/entity/Q19363506,https://de.wikipedia.org/wiki/Haseki-Sultan-Komplex,https://en.wikipedia.org/wiki/Haseki_Sultan_Complex,Point(28.9418 41.0086),2.869,41.0086,28.9418,18,http://www.wikidata.org/entity/Q71974,Haseki Sultan Mosque,külliye,A,green
446,http://www.wikidata.org/entity/Q1572481,,https://en.wikipedia.org/wiki/Gazi_Atik_Ali_Pasha_Mosque,Point(28.97055 41.00872),0.517,41.00872,28.97055,18,http://www.wikidata.org/entity/Q811979,Gazi Atik Ali Pasha Mosque,architectural structure,A,green
449,http://www.wikidata.org/entity/Q2565317,,https://en.wikipedia.org/wiki/Firuz_Agha_Mosque,Point(28.97629 41.007708),0.152,41.007708,28.97629,18,http://www.wikidata.org/entity/Q32815,Firuz Ağa Mosque,mosque,A,green
450,http://www.wikidata.org/entity/Q1749015,https://de.wikipedia.org/wiki/Blachernai,https://en.wikipedia.org/wiki/Blachernae,Point(28.940277777 41.033888888),4.274,41.033888888889,28.940277777778,17,http://www.wikidata.org/entity/Q486972,Blachernae,human settlement,A,green
451,http://www.wikidata.org/entity/Q3663028,https://de.wikipedia.org/wiki/Feriye-Palast,https://en.wikipedia.org/wiki/Feriye_Palace,Point(29.02027778 41.04555556),5.731,41.04555556,29.02027778,17,http://www.wikidata.org/entity/Q811979,Feriye Palace,architectural structure,A,green
452,http://www.wikidata.org/entity/Q806711,https://de.wikipedia.org/wiki/Bankalar_Caddesi,https://en.wikipedia.org/wiki/Bankalar_Caddesi,Point(28.97372222 41.02390833),1.957,41.02390833,28.97372222,17,http://www.wikidata.org/entity/Q79007,Bankalar Caddesi,street,A,green
453,http://www.wikidata.org/entity/Q3020134,https://de.wikipedia.org/wiki/Kirche_der_Muttergottes_von_der_lebenspendenden_Quelle,https://en.wikipedia.org/wiki/Church_of_St._Mary_of_the_Spring_(Istanbul),Point(28.9157 41.0065),5.049,41.0065,28.9157,17,http://www.wikidata.org/entity/Q2031836,Church of St. Mary of the Spring,Eastern Orthodox church building,A,green
454,http://www.wikidata.org/entity/Q3119702,https://de.wikipedia.org/wiki/Nea_Ekkl%C4%93sia,https://en.wikipedia.org/wiki/Nea_Ekklesia,Point(28.9775 41.003638888),0.334,41.003638888889,28.9775,17,http://www.wikidata.org/entity/Q19860854,Nea Ekklesia,destroyed building or structure,A,green
456,http://www.wikidata.org/entity/Q1936057,https://de.wikipedia.org/wiki/Mimar_Sinan_%C3%9Cniversitesi,https://en.wikipedia.org/wiki/Mimar_Sinan_Fine_Arts_University,Point(28.9892 41.03),2.854,41.03,28.9892,17,http://www.wikidata.org/entity/Q383092,Mimar Sinan Fine Arts University,art academy,A,green
458,http://www.wikidata.org/entity/Q2152551,,https://en.wikipedia.org/wiki/Kumkap%C4%B1,Point(28.964708 41.004242),0.966,41.004242,28.964708,17,http://www.wikidata.org/entity/Q2983893,Kumkapı,quarter,A,green
459,http://www.wikidata.org/entity/Q29635,https://de.wikipedia.org/wiki/Friedhof_Zincirlikuyu,https://en.wikipedia.org/wiki/Zincirlikuyu_Cemetery,Point(29.0079 41.0738),7.963,41.0738,29.0079,17,http://www.wikidata.org/entity/Q39614,Zincirlikuyu Cemetery,cemetery,A,green
460,http://www.wikidata.org/entity/Q24391822,https://de.wikipedia.org/wiki/Bombenanschlag_in_Istanbul_am_7._Juni_2016,https://en.wikipedia.org/wiki/June_2016_Istanbul_bombing,Point(28.958723 41.012447),1.589,41.012447,28.958723,17,http://www.wikidata.org/entity/Q18493502,June 2016 Istanbul bombing,suicide bombing,A,green
461,http://www.wikidata.org/entity/Q31190329,https://de.wikipedia.org/wiki/Taksim-Moschee,https://en.wikipedia.org/wiki/Taksim_Mosque,Point(28.984111111 41.037),3.474,41.037,28.984111111111,17,http://www.wikidata.org/entity/Q32815,Taksim Mosque,mosque,A,green
462,http://www.wikidata.org/entity/Q285236,https://de.wikipedia.org/wiki/Markian-S%C3%A4ule,https://en.wikipedia.org/wiki/Column_of_Marcian,Point(28.9502 41.0155),2.381,41.0155,28.9502,16,http://www.wikidata.org/entity/Q811979,Column of Marcian,architectural structure,A,green
465,http://www.wikidata.org/entity/Q3395851,https://de.wikipedia.org/wiki/Sak%C4%B1p_Sabanc%C4%B1_M%C3%BCzesi,https://en.wikipedia.org/wiki/Sak%C4%B1p_Sabanc%C4%B1_Museum,Point(29.053704 41.099116),12.203,41.099116,29.053704,16,http://www.wikidata.org/entity/Q207694,Sakıp Sabancı Museum,art museum,A,green
469,http://www.wikidata.org/entity/Q1491731,https://de.wikipedia.org/wiki/Galatasaray_%C3%9Cniversitesi,https://en.wikipedia.org/wiki/Galatasaray_University,Point(29.0191 41.0452),5.637,41.0452,29.0191,16,http://www.wikidata.org/entity/Q875538,Galatasaray University,public university,A,green
471,http://www.wikidata.org/entity/Q2706762,https://de.wikipedia.org/wiki/Atik-Mustafa-Pascha-Moschee,https://en.wikipedia.org/wiki/Atik_Mustafa_Pasha_Mosque,Point(28.944 41.0386),4.47,41.0386,28.944,16,http://www.wikidata.org/entity/Q16970,Atik Mustafa Pasha Mosque,church building,A,green
473,http://www.wikidata.org/entity/Q1572431,https://de.wikipedia.org/wiki/%C5%9Eemsi-Pascha-Moschee,https://en.wikipedia.org/wiki/%C5%9Eemsi_Pasha_Mosque,Point(29.011369444 41.025944444),3.688,41.025944444444,29.011369444444,16,http://www.wikidata.org/entity/Q811979,Şemsi Pasha Mosque,architectural structure,A,green
477,http://www.wikidata.org/entity/Q3294735,https://de.wikipedia.org/wiki/%C3%87inili_K%C3%B6%C5%9Fk,https://en.wikipedia.org/wiki/Tiled_Kiosk,Point(28.981198 41.01203),0.771,41.01203,28.981198,16,http://www.wikidata.org/entity/Q276173,Tiled Kiosk,pavilion,A,green
479,http://www.wikidata.org/entity/Q1950180,https://de.wikipedia.org/wiki/Theotokos_Mouchliotissa,https://en.wikipedia.org/wiki/Church_of_Saint_Mary_of_the_Mongols,Point(28.948888888 41.029722222),3.444,41.029722222222,28.948888888889,16,http://www.wikidata.org/entity/Q2031836,Church of St. Mary of the Mongols,Eastern Orthodox church building,A,green
480,http://www.wikidata.org/entity/Q2094950,https://de.wikipedia.org/wiki/St._Stefan_(Istanbul),https://en.wikipedia.org/wiki/Bulgarian_St._Stephen_Church,Point(28.949694444 41.031805555),3.58,41.031805555556,28.949694444444,16,http://www.wikidata.org/entity/Q811979,Bulgarian St. Stephen Church,architectural structure,A,green
483,http://www.wikidata.org/entity/Q3555000,https://de.wikipedia.org/wiki/Griechisches_Gymnasium_Fener,https://en.wikipedia.org/wiki/Phanar_Greek_Orthodox_College,Point(28.949363 41.029206),3.374,41.029206,28.949363,16,http://www.wikidata.org/entity/Q811979,Phanar Greek Orthodox College,architectural structure,A,green
486,http://www.wikidata.org/entity/Q1059699,https://de.wikipedia.org/wiki/J%C3%BCdisches_Museum_der_T%C3%BCrkei,https://en.wikipedia.org/wiki/Jewish_Museum_of_Turkey,Point(28.9727457 41.0267555),2.281,41.0267555,28.9727457,16,http://www.wikidata.org/entity/Q1307560,Jewish Museum of Turkey,Jewish museum,A,green
490,http://www.wikidata.org/entity/Q2483550,https://de.wikipedia.org/wiki/Atik-Valide-Moschee,https://en.wikipedia.org/wiki/Atik_Valide_Mosque,Point(29.023644444 41.018941666),4.244,41.0189416667,29.0236444444,16,http://www.wikidata.org/entity/Q811979,Atik Valide Mosque,architectural structure,A,green
494,http://www.wikidata.org/entity/Q1187380,https://de.wikipedia.org/wiki/Augustaion,https://en.wikipedia.org/wiki/Augustaion,Point(28.979 41.008),0.318,41.008,28.979,16,http://www.wikidata.org/entity/Q174782,Augustaion,square,A,green
495,http://www.wikidata.org/entity/Q2565343,https://de.wikipedia.org/wiki/Kefeli-Moschee,https://en.wikipedia.org/wiki/Kefeli_Mosque,Point(28.94166667 41.02944444),3.848,41.02944444,28.94166667,16,http://www.wikidata.org/entity/Q32815,Kefeli Mosque,mosque,A,green
496,http://www.wikidata.org/entity/Q6603434,https://de.wikipedia.org/wiki/Fenerbah%C3%A7e,https://en.wikipedia.org/wiki/Fenerbah%C3%A7e_(disambiguation),Point(29.043611111 40.974444444),6.703,40.974444444444,29.043611111111,16,http://www.wikidata.org/entity/Q4167410,Fenerbahçe,Wikimedia disambiguation page,A,green
497,http://www.wikidata.org/entity/Q1342484,https://de.wikipedia.org/wiki/Robert_College,https://en.wikipedia.org/wiki/Robert_College,Point(29.034833333 41.067),8.36,41.067,29.034833333333,16,http://www.wikidata.org/entity/Q269770,Robert College,boarding school,A,green
500,http://www.wikidata.org/entity/Q1247291,https://de.wikipedia.org/wiki/Theodosius-Forum,https://en.wikipedia.org/wiki/Forum_of_Theodosius,Point(28.96361111 41.00972222),1.094,41.00972222,28.96361111,16,http://www.wikidata.org/entity/Q1062780,Forum of Theodosius,forum,A,green
502,http://www.wikidata.org/entity/Q6048705,https://de.wikipedia.org/wiki/M1_(Metro_Istanbul),https://en.wikipedia.org/wiki/M1_(Istanbul_Metro),Point(28.8937 41.0035),6.902,41.0035,28.8937,16,http://www.wikidata.org/entity/Q1192191,M1,airport rail link,A,green
504,http://www.wikidata.org/entity/Q2656937,,https://en.wikipedia.org/wiki/Runic_inscriptions_in_Hagia_Sophia,Point(28.9791 41.0087),0.374,41.0087,28.9791,16,http://www.wikidata.org/entity/Q7379880,Runic inscriptions in Hagia Sophia,runic inscription,A,green
505,http://www.wikidata.org/entity/Q2719788,,https://en.wikipedia.org/wiki/Molla_%C3%87elebi_Mosque,Point(28.9906 41.0321),3.115,41.0321,28.9906,16,http://www.wikidata.org/entity/Q71974,Molla Çelebi Mosque,külliye,A,green
511,http://www.wikidata.org/entity/Q6061170,,https://en.wikipedia.org/wiki/%C5%9Ei%C5%9Fli_Mosque,Point(28.987777777 41.061388888),6.197,41.061388888889,28.987777777778,16,http://www.wikidata.org/entity/Q32815,Şişli Mosque,mosque,A,green
512,http://www.wikidata.org/entity/Q1572049,https://de.wikipedia.org/wiki/Kara-Ahmed-Pascha-Moschee,https://en.wikipedia.org/wiki/Kara_Ahmed_Pasha_Mosque,Point(28.929223436 41.02111649),4.243,41.021116490454,28.929223436128,15,http://www.wikidata.org/entity/Q1454820,Kara Ahmed Pasha Mosque,congregational mosque,A,green
513,http://www.wikidata.org/entity/Q2712287,https://de.wikipedia.org/wiki/Badehaus_der_Haseki_H%C3%BCrrem_Sultan,https://en.wikipedia.org/wiki/Hagia_Sophia_Hurrem_Sultan_Bathhouse,Point(28.97583333 41.00638889),0.003,41.00638889,28.97583333,15,http://www.wikidata.org/entity/Q28077,Haseki Hürrem Sultan Hamamı,hammam,A,green
514,http://www.wikidata.org/entity/Q2719230,https://de.wikipedia.org/wiki/Mosaikenmuseum_(Istanbul),https://en.wikipedia.org/wiki/Great_Palace_Mosaic_Museum,Point(28.97666667 41.00444444),0.225,41.00444444,28.97666667,15,http://www.wikidata.org/entity/Q17431399,Great Palace Mosaic Museum,national museum,A,green
516,http://www.wikidata.org/entity/Q2719784,https://de.wikipedia.org/wiki/Te%C5%9Fvikiye-Moschee,https://en.wikipedia.org/wiki/Te%C5%9Fvikiye_Mosque,Point(28.99416667 41.04944444),5.028,41.04944444,28.99416667,15,http://www.wikidata.org/entity/Q811979,Teşviki Mosque,architectural structure,A,green
519,http://www.wikidata.org/entity/Q2887370,https://de.wikipedia.org/wiki/Gotens%C3%A4ule,https://en.wikipedia.org/wiki/Column_of_the_Goths,Point(28.98544444 41.0145),1.208,41.0145,28.98544444,15,http://www.wikidata.org/entity/Q811979,Column of the Goths,architectural structure,A,green
521,http://www.wikidata.org/entity/Q368454,https://de.wikipedia.org/wiki/WTA_Championships_2012,https://en.wikipedia.org/wiki/2012_WTA_Tour_Championships,Point(28.8556 40.9889),10.278,40.9889,28.8556,15,http://www.wikidata.org/entity/Q220347,2012 WTA Tour Championships,WTA Finals,A,green
523,http://www.wikidata.org/entity/Q1057835,https://de.wikipedia.org/wiki/Cevahir_Al%C4%B1%C5%9Fveri%C5%9F_Merkezi,https://en.wikipedia.org/wiki/Istanbul_Cevahir,Point(28.993056 41.062778),6.434,41.062778,28.993056,15,http://www.wikidata.org/entity/Q11315,Istanbul Cevahir,shopping center,A,green
524,http://www.wikidata.org/entity/Q551616,https://de.wikipedia.org/wiki/S%C3%BCreyya-Opernhaus,https://en.wikipedia.org/wiki/S%C3%BCreyya_Opera_House,Point(29.028985 40.987963),4.905,40.987963,29.028985,15,http://www.wikidata.org/entity/Q153562,Süreyya Opera House,opera house,A,green
527,http://www.wikidata.org/entity/Q1775820,https://de.wikipedia.org/wiki/Kas%C4%B1mpa%C5%9Fa_(Beyo%C4%9Flu),"https://en.wikipedia.org/wiki/Kas%C4%B1mpa%C5%9Fa,_Beyo%C4%9Flu",Point(28.98333333 41.05),4.89,41.05,28.98333333,15,http://www.wikidata.org/entity/Q2983893,Kasımpaşa,quarter,A,green
528,http://www.wikidata.org/entity/Q647228,,"https://en.wikipedia.org/wiki/Edirnekap%C4%B1,_Fatih",Point(28.93916667 41.03111111),4.128,41.03111111,28.93916667,15,http://www.wikidata.org/entity/Q811979,"Edirnekapı, Istanbul",architectural structure,A,green
531,http://www.wikidata.org/entity/Q2058733,,https://en.wikipedia.org/wiki/Defterdar_Mosque,Point(28.9376 41.042),5.098,41.042,28.9376,15,http://www.wikidata.org/entity/Q811979,Defterdar Mosque,architectural structure,A,green
535,http://www.wikidata.org/entity/Q2630180,,https://en.wikipedia.org/wiki/Magnaura,Point(28.9803619 41.006012),0.379,41.006012,28.9803619,15,http://www.wikidata.org/entity/Q811979,Magnaura,architectural structure,A,green
536,http://www.wikidata.org/entity/Q2719794,,https://en.wikipedia.org/wiki/K%C3%BC%C3%A7%C3%BCk_Mecidiye_Mosque,Point(29.017017 41.04528),5.533,41.04528,29.017017,15,http://www.wikidata.org/entity/Q811979,Küçük Mecidi Mosque,architectural structure,A,green
539,http://www.wikidata.org/entity/Q6043077,,https://en.wikipedia.org/wiki/Beyaz%C4%B1t_Square,Point(28.9677 41.010519444),0.826,41.010519444444,28.9677,15,http://www.wikidata.org/entity/Q174782,Beyazıt Square,square,A,green
540,http://www.wikidata.org/entity/Q11787082,,https://en.wikipedia.org/wiki/Istanbul_Naval_Museum,Point(29.00555556 41.04166667),4.647,41.04166667,29.00555556,15,http://www.wikidata.org/entity/Q1863818,Istanbul Naval Museum,maritime museum,A,green
544,http://www.wikidata.org/entity/Q21582166,,https://en.wikipedia.org/wiki/Enderun_School,Point(28.984938888 41.012461111),1.018,41.012461111111,28.984938888889,15,http://www.wikidata.org/entity/Q2385804,Enderun School,educational institution,A,green
545,http://www.wikidata.org/entity/Q28221132,,https://en.wikipedia.org/wiki/Skyland_%C4%B0stanbul,Point(28.9876 41.1019),10.666,41.1019,28.9876,15,http://www.wikidata.org/entity/Q1497364,Skyland Istanbul,building complex,A,green
547,http://www.wikidata.org/entity/Q6076527,https://de.wikipedia.org/wiki/Metrobr%C3%BCcke_%C3%BCber_das_Goldene_Horn,https://en.wikipedia.org/wiki/Golden_Horn_Metro_Bridge,Point(28.966527777 41.0225),1.956,41.0225,28.966527777778,15,http://www.wikidata.org/entity/Q158555,Golden Horn Metro Bridge,cable-stayed bridge,A,green
549,http://www.wikidata.org/entity/Q3393562,https://de.wikipedia.org/wiki/Ahrida-Synagoge_(Istanbul),https://en.wikipedia.org/wiki/Ahrida_Synagogue_of_Istanbul,Point(28.945513 41.032897),3.896,41.032897,28.945513,14,http://www.wikidata.org/entity/Q34627,Ahrida Synagogue of Istanbul,synagogue,A,green
550,http://www.wikidata.org/entity/Q2873544,https://de.wikipedia.org/wiki/Ba%C4%9Fdat_Caddesi,https://en.wikipedia.org/wiki/Ba%C4%9Fdat_Avenue,Point(29.09517 40.95344),11.616,40.95344,29.09517,14,http://www.wikidata.org/entity/Q79007,Bağdat Avenue,street,A,green
551,http://www.wikidata.org/entity/Q3076126,https://de.wikipedia.org/wiki/Brunnen_Ahmets_III.,https://en.wikipedia.org/wiki/Fountain_of_Ahmed_III,Point(28.98121111 41.00825278),0.494,41.00825278,28.98121111,14,http://www.wikidata.org/entity/Q483453,Fountain of Ahmed III,fountain,A,green
552,http://www.wikidata.org/entity/Q344564,https://de.wikipedia.org/wiki/%C4%B0%C5%9F_Kuleleri,https://en.wikipedia.org/wiki/Isbank_Tower_1,Point(29.011407 41.082898),9.015,41.082898,29.011407,14,http://www.wikidata.org/entity/Q811979,Isbank Tower 1,architectural structure,A,green
553,http://www.wikidata.org/entity/Q1818013,https://de.wikipedia.org/wiki/Uhrturm_von_Dolmabah%C3%A7e,https://en.wikipedia.org/wiki/Dolmabah%C3%A7e_Clock_Tower,Point(28.996368 41.037612),3.875,41.037612,28.996368,14,http://www.wikidata.org/entity/Q853854,Dolmabahçe Clock Tower,clock tower,A,green
554,http://www.wikidata.org/entity/Q2042945,https://de.wikipedia.org/wiki/Bulgarisches_Exarchat,https://en.wikipedia.org/wiki/Bulgarian_Exarchate,Point(28.949319 41.031527),3.575,41.031527,28.949319,14,http://www.wikidata.org/entity/Q1530022,Bulgarian Exarchate,religious organization,A,green
555,http://www.wikidata.org/entity/Q2079847,https://de.wikipedia.org/wiki/Aschkenasische_Synagoge_(Istanbul),https://en.wikipedia.org/wiki/Ashkenazi_Synagogue_of_Istanbul,Point(28.97509 41.02521),2.095,41.02521,28.97509,14,http://www.wikidata.org/entity/Q109310261,Ashkenazi Synagogue of Istanbul,Ashkenazi synagogue,A,green
557,http://www.wikidata.org/entity/Q578506,https://de.wikipedia.org/wiki/Friedhof_Karacaahmet,https://en.wikipedia.org/wiki/Karacaahmet_Cemetery,Point(29.0261 41.0106),4.24,41.0106,29.0261,14,http://www.wikidata.org/entity/Q811979,Karacaahmet Cemetery,architectural structure,A,green
559,http://www.wikidata.org/entity/Q1756200,https://de.wikipedia.org/wiki/Zeuxippus-Thermen,https://en.wikipedia.org/wiki/Baths_of_Zeuxippus,Point(28.978611111 41.006944444),0.238,41.006944444444,28.978611111111,14,http://www.wikidata.org/entity/Q785952,Baths of Zeuxippus,bathhouse,A,green
560,http://www.wikidata.org/entity/Q1247271,https://de.wikipedia.org/wiki/Arcadius-Forum,https://en.wikipedia.org/wiki/Forum_of_Arcadius,Point(28.943 41.0077),2.762,41.0077,28.943,14,http://www.wikidata.org/entity/Q174782,Forum of Arcadius,square,A,green
561,http://www.wikidata.org/entity/Q1590626,,https://en.wikipedia.org/wiki/Burmal%C4%B1_Mosque,Point(28.9563 41.0146),1.879,41.0146,28.9563,14,http://www.wikidata.org/entity/Q811979,Burmalı Mosque,architectural structure,A,green
564,http://www.wikidata.org/entity/Q2921300,,https://en.wikipedia.org/wiki/%C3%87engelk%C3%B6y,Point(29.062011111 41.049130555),8.649,41.049130555556,29.062011111111,14,http://www.wikidata.org/entity/Q17051044,Çengelköy,mahalle,A,green
565,http://www.wikidata.org/entity/Q6049880,,https://en.wikipedia.org/wiki/Bebek_Mosque,Point(29.043888888 41.076666666),9.675,41.076666666667,29.043888888889,14,http://www.wikidata.org/entity/Q811979,Bebek Mosque,architectural structure,A,green
568,http://www.wikidata.org/entity/Q57527214,,https://en.wikipedia.org/wiki/Assassination_of_Jamal_Khashoggi,Point(29.0121 41.086),9.36,41.086,29.0121,14,http://www.wikidata.org/entity/Q1139665,assassination of Jamal Khashoggi,political murder,A,green
570,http://www.wikidata.org/entity/Q853184,https://de.wikipedia.org/wiki/Beylerbeyi_(%C3%9Csk%C3%BCdar),https://en.wikipedia.org/wiki/Beylerbeyi,Point(29.047685 41.041911),7.204,41.041911,29.047685,13,http://www.wikidata.org/entity/Q17051044,Beylerbeyi,mahalle,A,green
571,http://www.wikidata.org/entity/Q1627463,https://de.wikipedia.org/wiki/Selimiye-Kaserne,https://en.wikipedia.org/wiki/Selimiye_Barracks,Point(29.016 41.008),3.372,41.008,29.016,13,http://www.wikidata.org/entity/Q131263,Selimiye Barracks,barracks,A,green
574,http://www.wikidata.org/entity/Q793169,https://de.wikipedia.org/wiki/Aynal%C4%B1kavak-Palast,https://en.wikipedia.org/wiki/Aynal%C4%B1kavak_Pavilion,Point(28.95531944 41.03791667),3.907,41.03791667,28.95531944,13,http://www.wikidata.org/entity/Q16560,Aynalıkavak Palace,palace,A,green
575,http://www.wikidata.org/entity/Q548109,https://de.wikipedia.org/wiki/Philadelphion,https://en.wikipedia.org/wiki/Philadelphion,Point(28.956892 41.014086),1.808,41.014086,28.956892,13,http://www.wikidata.org/entity/Q194029,Philadelphion,Roman road,A,green
576,http://www.wikidata.org/entity/Q2537772,https://de.wikipedia.org/wiki/WTA_Championships_2013,https://en.wikipedia.org/wiki/2013_WTA_Tour_Championships,Point(28.8556 40.9889),10.278,40.9889,28.8556,13,http://www.wikidata.org/entity/Q220347,2013 WTA Tour Championships,WTA Finals,A,green
578,http://www.wikidata.org/entity/Q320876,https://de.wikipedia.org/wiki/Abide-i_H%C3%BCrriyet,"https://en.wikipedia.org/wiki/Monument_of_Liberty,_Istanbul",Point(28.982083333 41.068138888),6.887,41.068138888889,28.982083333333,13,http://www.wikidata.org/entity/Q4989906,"Monument of Liberty, Istanbul",monument,A,green
579,http://www.wikidata.org/entity/Q1247312,https://de.wikipedia.org/wiki/Mese_(Konstantinopel),https://en.wikipedia.org/wiki/Mese_(Constantinople),Point(28.9713 41.0084),0.444,41.0084,28.9713,13,http://www.wikidata.org/entity/Q79007,Mese,street,A,green
580,http://www.wikidata.org/entity/Q935953,,https://en.wikipedia.org/wiki/Sirkeci,Point(28.975504 41.014847),0.942,41.014847,28.975504,13,http://www.wikidata.org/entity/Q2983893,Sirkeci,quarter,A,green
585,http://www.wikidata.org/entity/Q2330055,,https://en.wikipedia.org/wiki/Ihlamur_Pavilion,Point(29.001175 41.050747),5.37,41.050747,29.001175,13,http://www.wikidata.org/entity/Q276173,Ihlamur Palace,pavilion,A,green
589,http://www.wikidata.org/entity/Q3100907,,"https://en.wikipedia.org/wiki/Y%C4%B1ld%C4%B1z,_Be%C5%9Fikta%C5%9F",Point(29.0145236 41.0479707),5.648,41.0479707,29.0145236,13,http://www.wikidata.org/entity/Q17051044,Yıldız,mahalle,A,green
591,http://www.wikidata.org/entity/Q3324894,,https://en.wikipedia.org/wiki/Ayazma_Mosque,Point(29.008882 41.022657),3.308,41.022657,29.008882,13,http://www.wikidata.org/entity/Q811979,Ayazma Mosque,architectural structure,A,green
595,http://www.wikidata.org/entity/Q4833521,,https://en.wikipedia.org/wiki/A%C5%9Fiyan_Museum,Point(29.05345 41.08265),10.688,41.08265,29.05345,13,http://www.wikidata.org/entity/Q2087181,Aşiyan Museum,historic house museum,A,green
597,http://www.wikidata.org/entity/Q5638730,,"https://en.wikipedia.org/wiki/Hagia_Triada_Church,_Istanbul",Point(28.9842 41.0355),3.312,41.0355,28.9842,13,http://www.wikidata.org/entity/Q811979,Hagia Triada Greek Orthodox Church,architectural structure,A,green
600,http://www.wikidata.org/entity/Q3302981,https://de.wikipedia.org/wiki/Hask%C3%B6y_(Istanbul),"https://en.wikipedia.org/wiki/Hask%C3%B6y,_Beyo%C4%9Flu",Point(28.94972222 41.03972222),4.308,41.03972222,28.94972222,12,http://www.wikidata.org/entity/Q123705,Hasköy,neighborhood,A,green
601,http://www.wikidata.org/entity/Q784328,https://de.wikipedia.org/wiki/Erzeparchie_Istanbul,https://en.wikipedia.org/wiki/Armenian_Catholic_Archeparchy_of_Istanbul,Point(28.9798 41.0356),3.266,41.0356,28.9798,12,http://www.wikidata.org/entity/Q108822950,Armenian Catholic Archeparchy of Istanbul,Catholic Archieparchy,A,green
602,http://www.wikidata.org/entity/Q1578614,https://de.wikipedia.org/wiki/Polyeuktoskirche,https://en.wikipedia.org/wiki/Church_of_St._Polyeuctus,Point(28.95305556 41.01444444),2.114,41.01444444,28.95305556,12,http://www.wikidata.org/entity/Q17485079,Church of St. Polyeuctus,church ruin,A,green
603,http://www.wikidata.org/entity/Q3082387,https://de.wikipedia.org/wiki/Pharos-Palastkapelle,https://en.wikipedia.org/wiki/Church_of_the_Virgin_of_the_Pharos,Point(28.97722222 41.00583333),0.129,41.00583333,28.97722222,12,http://www.wikidata.org/entity/Q16970,Church of the Virgin of the Pharos,church building,A,green
604,http://www.wikidata.org/entity/Q3288771,https://de.wikipedia.org/wiki/Theodosius-Hafen,https://en.wikipedia.org/wiki/Harbour_of_Eleutherios,Point(28.95222222 41.00466667),1.994,41.00466667,28.95222222,12,http://www.wikidata.org/entity/Q839954,Harbour of Eleutherios,archaeological site,A,green
606,http://www.wikidata.org/entity/Q4450209,https://de.wikipedia.org/wiki/Taksim-Stadion,https://en.wikipedia.org/wiki/Taksim_Stadium,Point(28.986818 41.038459),3.683,41.038459,28.986818,12,http://www.wikidata.org/entity/Q1154710,Taksim Stadium,association football venue,A,green
608,http://www.wikidata.org/entity/Q3561109,https://de.wikipedia.org/wiki/Manast%C4%B1r-Moschee,"https://en.wikipedia.org/wiki/Manast%C4%B1r_Mosque,_Istanbul",Point(28.92840726 41.017370503),4.166,41.017370503738,28.928407260193,12,http://www.wikidata.org/entity/Q16970,Manastır Mosque,church building,A,green
610,http://www.wikidata.org/entity/Q5185642,https://de.wikipedia.org/wiki/Emirgan-Park,https://en.wikipedia.org/wiki/Emirgan_Park,Point(29.0525 41.108333333),13.03,41.108333333333,29.0525,12,http://www.wikidata.org/entity/Q811979,Emirgan Park,architectural structure,A,green
613,http://www.wikidata.org/entity/Q2443264,https://de.wikipedia.org/wiki/Tophane,https://en.wikipedia.org/wiki/Tophane,Point(28.98228 41.02739),2.397,41.02739,28.98228,12,http://www.wikidata.org/entity/Q2983893,Tophane,quarter,A,green
614,http://www.wikidata.org/entity/Q6002600,https://de.wikipedia.org/wiki/Friedhof_Ey%C3%BCp,https://en.wikipedia.org/wiki/Ey%C3%BCp_Cemetery,Point(28.93329 41.05219),6.221,41.05219,28.93329,12,http://www.wikidata.org/entity/Q39614,Eyüpsultan Cemetery,cemetery,A,green
615,http://www.wikidata.org/entity/Q2555555,https://de.wikipedia.org/wiki/Kuzguncuk,https://en.wikipedia.org/wiki/Kuzguncuk,Point(29.029722222 41.036666666),5.634,41.036666666667,29.029722222222,12,http://www.wikidata.org/entity/Q17051044,Kuzguncuk,mahalle,A,green
616,http://www.wikidata.org/entity/Q6401196,https://de.wikipedia.org/wiki/Khedivenpalast,https://en.wikipedia.org/wiki/Khedive%27s_Palace,Point(29.0738 41.105),13.699,41.105,29.0738,12,http://www.wikidata.org/entity/Q570116,Khedive Palace,tourist attraction,A,green
619,http://www.wikidata.org/entity/Q1254917,https://de.wikipedia.org/wiki/Terroranschl%C3%A4ge_in_Istanbul_2003,https://en.wikipedia.org/wiki/2003_Istanbul_bombings,Point(28.9725 41.02666667),2.273,41.02666667,28.9725,12,http://www.wikidata.org/entity/Q217327,2003 Istanbul bombings,suicide attack,A,green
620,http://www.wikidata.org/entity/Q322920,https://de.wikipedia.org/wiki/Deutscher_Brunnen_(Istanbul),https://en.wikipedia.org/wiki/German_Fountain,Point(28.976694444 41.007111111),0.107,41.007111111111,28.976694444444,12,http://www.wikidata.org/entity/Q483453,German Fountain,fountain,A,green
621,http://www.wikidata.org/entity/Q344262,https://de.wikipedia.org/wiki/%C4%B0stanbul_Bilgi_%C3%9Cniversitesi,https://en.wikipedia.org/wiki/Istanbul_Bilgi_University,Point(28.945870514 41.066796785),7.173,41.066796785824,28.945870514208,12,http://www.wikidata.org/entity/Q902104,Istanbul Bilgi University,private university,A,green
622,http://www.wikidata.org/entity/Q4845769,https://de.wikipedia.org/wiki/Forum_Bovis,https://en.wikipedia.org/wiki/Forum_of_the_Ox,Point(28.95305556 41.01),1.956,41.01,28.95305556,12,http://www.wikidata.org/entity/Q174782,Forum of the Ox,square,A,green
623,http://www.wikidata.org/entity/Q620346,https://de.wikipedia.org/wiki/Apostolisches_Vikariat_Istanbul,https://en.wikipedia.org/wiki/Apostolic_Vicariate_of_Istanbul,Point(28.9854 41.0447),4.335,41.0447,28.9854,12,http://www.wikidata.org/entity/Q620225,Apostolic Vicariate of Istanbul,apostolic vicariate,A,green
624,http://www.wikidata.org/entity/Q1775810,,"https://en.wikipedia.org/wiki/Kabata%C5%9F,_Beyo%C4%9Flu",Point(28.99222222 41.03416667),3.38,41.03416667,28.99222222,12,http://www.wikidata.org/entity/Q2983893,Kabataş,quarter,A,green
625,http://www.wikidata.org/entity/Q2527826,,https://en.wikipedia.org/wiki/Battle_of_Pegae,Point(28.976018 41.01224),0.652,41.01224,28.976018,12,http://www.wikidata.org/entity/Q178561,Battle of Pegae,battle,A,green
626,http://www.wikidata.org/entity/Q2700998,,"https://en.wikipedia.org/wiki/Moda,_Kad%C4%B1k%C3%B6y",Point(29.0254706 40.9811687),5.019,40.9811687,29.0254706,12,http://www.wikidata.org/entity/Q123705,Moda,neighborhood,A,green
627,http://www.wikidata.org/entity/Q2724254,,https://en.wikipedia.org/wiki/Chalke,Point(28.97722222 41.00583333),0.129,41.00583333,28.97722222,12,http://www.wikidata.org/entity/Q301276,Chalke,vestibule,A,green
628,http://www.wikidata.org/entity/Q2797197,,https://en.wikipedia.org/wiki/SantralIstanbul,Point(28.9461 41.0665),7.136,41.0665,28.9461,12,http://www.wikidata.org/entity/Q207694,santralistanbul,art museum,A,green
630,http://www.wikidata.org/entity/Q3132368,,https://en.wikipedia.org/wiki/Mecidiyek%C3%B6y,Point(28.996251 41.070044),7.282,41.070044,28.996251,12,http://www.wikidata.org/entity/Q17051044,Mecidiyeköy,mahalle,A,green
631,http://www.wikidata.org/entity/Q3298451,,https://en.wikipedia.org/wiki/%C4%B0stinye,Point(29.055485 41.115049),13.804,41.115049,29.055485,12,http://www.wikidata.org/entity/Q17051044,İstinye,mahalle,A,green
632,http://www.wikidata.org/entity/Q3395754,,"https://en.wikipedia.org/wiki/Yenik%C3%B6y,_Sar%C4%B1yer",Point(29.066 41.118),14.53,41.118,29.066,12,http://www.wikidata.org/entity/Q17051044,Yeniköy,mahalle,A,green
633,http://www.wikidata.org/entity/Q4118811,,https://en.wikipedia.org/wiki/K%C3%B6pr%C3%BCl%C3%BC_Library,Point(28.972541 41.008157),0.342,41.008157,28.972541,12,http://www.wikidata.org/entity/Q7075,Köprülü Library,library,A,green
634,http://www.wikidata.org/entity/Q4793210,,https://en.wikipedia.org/wiki/Surp_Asdvadzadzin_Patriarchal_Church,Point(28.96083333 41.00472222),1.275,41.00472222,28.96083333,12,http://www.wikidata.org/entity/Q16970,Holy Mother of God cathedral,church building,A,green
635,http://www.wikidata.org/entity/Q4824801,,https://en.wikipedia.org/wiki/Yenikap%C4%B1,Point(28.95 41.0),2.284,41.0,28.95,12,http://www.wikidata.org/entity/Q123705,Yenikapı,neighborhood,A,green
636,http://www.wikidata.org/entity/Q5117030,,"https://en.wikipedia.org/wiki/Church_of_Saint_Benoit,_Istanbul",Point(28.9766 41.025),2.071,41.025,28.9766,12,http://www.wikidata.org/entity/Q1088552,"Church of Saint Benoit, Istanbul",Catholic church building,A,green
638,http://www.wikidata.org/entity/Q5991829,,https://en.wikipedia.org/wiki/Yedikule,Point(28.923 40.993),4.68,40.993,28.923,12,http://www.wikidata.org/entity/Q17051044,Yedikule,mahalle,A,green
639,http://www.wikidata.org/entity/Q6645927,,https://en.wikipedia.org/wiki/Kanl%C4%B1ca,Point(29.071076 41.098669),13.001,41.098669,29.071076,12,http://www.wikidata.org/entity/Q17051044,Kanlıca,mahalle,A,green
640,http://www.wikidata.org/entity/Q7231152,,https://en.wikipedia.org/wiki/Port_of_Haydarpa%C5%9Fa,Point(29.01388889 41.00333333),3.208,41.00333333,29.01388889,12,http://www.wikidata.org/entity/Q863454,Port of Haydarpaşa,pier,A,green
642,http://www.wikidata.org/entity/Q7847787,,https://en.wikipedia.org/wiki/Trump_Towers_Istanbul,Point(28.9925 41.0675),6.937,41.0675,28.9925,12,http://www.wikidata.org/entity/Q11303,Trump Towers Istanbul,skyscraper,A,green
643,http://www.wikidata.org/entity/Q12808583,,https://en.wikipedia.org/wiki/Istanbul_Military_Museum,Point(28.9883 41.0484),4.787,41.0484,28.9883,12,http://www.wikidata.org/entity/Q2772772,Istanbul Military Museum,military museum,A,green
646,http://www.wikidata.org/entity/Q107475211,,https://en.wikipedia.org/wiki/Hasanpa%C5%9Fa_Gasworks,Point(29.043333333 40.9975),5.746,40.9975,29.043333333333,12,http://www.wikidata.org/entity/Q33506,Museum Gazhane,museum,A,green
647,http://www.wikidata.org/entity/Q12810669,https://de.wikipedia.org/wiki/Istanbul_L%C3%BCtfi_K%C4%B1rdar_Uluslararas%C4%B1_Kongre_ve_Sergi_Saray%C4%B1,https://en.wikipedia.org/wiki/Istanbul_L%C3%BCtfi_K%C4%B1rdar_International_Convention_and_Exhibition_Center,Point(28.9894 41.0478),4.743,41.0478,28.9894,12,http://www.wikidata.org/entity/Q1378975,Istanbul Lütfi Kırdar Convention and Exhibition Center,convention center,A,green
648,http://www.wikidata.org/entity/Q12907220,https://de.wikipedia.org/wiki/Kontoskalion,https://en.wikipedia.org/wiki/Kontoskalion,Point(28.971 41.001),0.725,41.001,28.971,12,http://www.wikidata.org/entity/Q44782,Kontoskalion,port,A,green
649,http://www.wikidata.org/entity/Q853151,https://de.wikipedia.org/wiki/Beykent_%C3%9Cniversitesi,https://en.wikipedia.org/wiki/Istanbul_Beykent_University,Point(29.0036883 41.1172784),12.549,41.1172784,29.0036883,11,http://www.wikidata.org/entity/Q902104,Istanbul Beykent University,private university,A,green
650,http://www.wikidata.org/entity/Q1592273,https://de.wikipedia.org/wiki/Harbiye_(%C5%9Ei%C5%9Fli),"https://en.wikipedia.org/wiki/Harbiye,_%C5%9Ei%C5%9Fli",Point(28.990833333 41.045277777),4.503,41.045277777778,28.990833333333,11,http://www.wikidata.org/entity/Q17051044,Harbiye,mahalle,A,green
651,http://www.wikidata.org/entity/Q3701681,https://de.wikipedia.org/wiki/Atat%C3%BCrk-Museum,"https://en.wikipedia.org/wiki/Atat%C3%BCrk_Museum,_%C5%9Ei%C5%9Fli",Point(28.987212 41.056397),5.642,41.056397,28.987212,11,http://www.wikidata.org/entity/Q811979,Atatürk Museum,architectural structure,A,green
654,http://www.wikidata.org/entity/Q1548026,https://de.wikipedia.org/wiki/Otoyol_1,https://en.wikipedia.org/wiki/Otoyol_1,Point(29.029722222 41.05),6.628,41.05,29.029722222222,11,http://www.wikidata.org/entity/Q16939396,Motorway 1,toll road,A,green
656,http://www.wikidata.org/entity/Q3081830,https://de.wikipedia.org/wiki/Gef%C3%A4ngnis_des_Anemas,https://en.wikipedia.org/wiki/Prison_of_Anemas,Point(28.94083 41.03848),4.624,41.03848,28.94083,11,http://www.wikidata.org/entity/Q811979,Prison of Anemas,architectural structure,A,green
657,http://www.wikidata.org/entity/Q951063,https://de.wikipedia.org/wiki/Etiler,https://en.wikipedia.org/wiki/Etiler,Point(29.03535833 41.08400556),9.969,41.08400556,29.03535833,11,http://www.wikidata.org/entity/Q17051044,Etiler,mahalle,A,green
658,http://www.wikidata.org/entity/Q2073624,https://de.wikipedia.org/wiki/Esma_Sultan_Yal%C4%B1s%C4%B1,https://en.wikipedia.org/wiki/Esma_Sultan_Mansion,Point(29.027435 41.04763),6.304,41.04763,29.027435,11,http://www.wikidata.org/entity/Q1802963,Esma Sultan Mansion,mansion,A,green
670,http://www.wikidata.org/entity/Q2464648,https://de.wikipedia.org/wiki/1._Armee_(T%C3%BCrkei),https://en.wikipedia.org/wiki/First_Army_(Turkey),Point(29.0175 41.007222222),3.494,41.007222222222,29.0175,11,http://www.wikidata.org/entity/Q176799,First Army,military unit,A,green
671,http://www.wikidata.org/entity/Q4852587,https://de.wikipedia.org/wiki/Baltaliman%C4%B1,https://en.wikipedia.org/wiki/Baltaliman%C4%B1,Point(29.048333333 41.094444444),11.524,41.094444444444,29.048333333333,11,http://www.wikidata.org/entity/Q17051044,Baltalimanı,mahalle,A,green
672,http://www.wikidata.org/entity/Q620190,https://de.wikipedia.org/wiki/Apostolisches_Exarchat_Istanbul,https://en.wikipedia.org/wiki/Greek_Catholic_Apostolic_Exarchate_of_Istanbul,Point(28.9775 41.0369),3.396,41.0369,28.9775,11,http://www.wikidata.org/entity/Q3732788,Apostolic Exarchate of Istanbul,apostolic exarchate,A,green
673,http://www.wikidata.org/entity/Q7678510,https://de.wikipedia.org/wiki/Top%C3%A7u-Kaserne,https://en.wikipedia.org/wiki/Taksim_Military_Barracks,Point(28.97027778 41.03833333),3.584,41.03833333,28.97027778,11,http://www.wikidata.org/entity/Q131263,Taksim Military Barracks,barracks,A,green
675,http://www.wikidata.org/entity/Q18210713,https://de.wikipedia.org/wiki/Mocius-Zisterne,https://en.wikipedia.org/wiki/Cistern_of_Mocius,Point(28.9347 41.0103),3.482,41.0103,28.9347,11,http://www.wikidata.org/entity/Q93429857,Cistern of Mocius,ancient Roman cistern,A,green
676,http://www.wikidata.org/entity/Q1572444,,https://en.wikipedia.org/wiki/Rum_Mehmed_Pasha_Mosque,Point(29.010859 41.024651),3.57,41.024651,29.010859,11,http://www.wikidata.org/entity/Q811979,Rum Mehmed Pasha Mosque,architectural structure,A,green
679,http://www.wikidata.org/entity/Q2574448,,https://en.wikipedia.org/wiki/Italian_Synagogue_(Istanbul),Point(28.9725 41.02555556),2.151,41.02555556,28.9725,11,http://www.wikidata.org/entity/Q34627,Italian Synagogue,synagogue,A,green
680,http://www.wikidata.org/entity/Q2634867,,https://en.wikipedia.org/wiki/Haydarpa%C5%9Fa,Point(29.016666666 41.0),3.496,41.0,29.016666666667,11,http://www.wikidata.org/entity/Q17051044,Haydarpaşa,mahalle,A,green
681,http://www.wikidata.org/entity/Q3394745,,https://en.wikipedia.org/wiki/Y%C4%B1ld%C4%B1z_Clock_Tower,Point(29.009833333 41.049888888),5.614,41.049888888889,29.009833333333,11,http://www.wikidata.org/entity/Q570116,Yıldız Clock Tower,tourist attraction,A,green
683,http://www.wikidata.org/entity/Q3404565,,https://en.wikipedia.org/wiki/Rahmi_M._Ko%C3%A7_Museum,Point(28.94926 41.04227),4.572,41.04227,28.94926,11,http://www.wikidata.org/entity/Q614316,Rahmi M. Koç Museum,private museum,A,green
687,http://www.wikidata.org/entity/Q3671773,,"https://en.wikipedia.org/wiki/Church_of_SS_Peter_and_Paul,_Istanbul",Point(28.97305556 41.02472222),2.053,41.02472222,28.97305556,11,http://www.wikidata.org/entity/Q16970,"Church of SS Peter and Paul, Istanbul",church building,A,green
688,http://www.wikidata.org/entity/Q3946429,,https://en.wikipedia.org/wiki/Samatya,Point(28.93333333 41.0),3.639,41.0,28.93333333,11,http://www.wikidata.org/entity/Q486972,Samatya,human settlement,A,green
689,http://www.wikidata.org/entity/Q4086354,,https://en.wikipedia.org/wiki/S%C3%BCleymaniye_Library,Point(28.962860595 41.01573279),1.508,41.015732790372,28.962860595103,11,http://www.wikidata.org/entity/Q7075,Suleymaniye Library (Istanbul),library,A,green
690,http://www.wikidata.org/entity/Q4696460,,https://en.wikipedia.org/wiki/Ah%C4%B1rkap%C4%B1_Lighthouse,Point(28.98543056 41.00633056),0.802,41.00633056,28.98543056,11,http://www.wikidata.org/entity/Q39715,Ahırkapı Feneri,lighthouse,A,green
691,http://www.wikidata.org/entity/Q4811146,,https://en.wikipedia.org/wiki/Galatasaray_Islet,Point(29.039577777 41.059738888),7.984,41.059738888889,29.039577777778,11,http://www.wikidata.org/entity/Q207524,Galatasaray Islet,islet,A,green
693,http://www.wikidata.org/entity/Q6000313,,https://en.wikipedia.org/wiki/Eski_Saray,Point(28.964244274 41.011131524),1.109,41.011131524968,28.96424427493,11,http://www.wikidata.org/entity/Q19860854,Old Palace,destroyed building or structure,A,green
695,http://www.wikidata.org/entity/Q6063292,,https://en.wikipedia.org/wiki/Emirgan_Mosque,Point(29.056111111 41.104444444),12.812,41.104444444444,29.056111111111,11,http://www.wikidata.org/entity/Q811979,Emirgan Mosque,architectural structure,A,green
698,http://www.wikidata.org/entity/Q6066268,,https://en.wikipedia.org/wiki/Zorlu_Center,Point(29.016944444 41.066666666),7.536,41.066666666667,29.016944444444,11,http://www.wikidata.org/entity/Q1497364,Zorlu Center,building complex,A,green
699,http://www.wikidata.org/entity/Q6097353,,https://en.wikipedia.org/wiki/H%C4%B1rka-i_%C5%9Eerif_Mosque,Point(28.94177778 41.02181944),3.336,41.02181944,28.94177778,11,http://www.wikidata.org/entity/Q811979,Hirka-i Serif Mosque,architectural structure,A,green
702,http://www.wikidata.org/entity/Q32239,,"https://en.wikipedia.org/wiki/Church_of_St._Mary_Draperis,_Istanbul",Point(28.976527777 41.032777777),2.936,41.032777777778,28.976527777778,11,http://www.wikidata.org/entity/Q1088552,Church of St. Mary Draperis,Catholic church building,A,green
703,http://www.wikidata.org/entity/Q6051512,https://de.wikipedia.org/wiki/Altunizade-Moschee,https://en.wikipedia.org/wiki/Altunizade_Mosque,Point(29.04555556 41.02027778),6.047,41.02027778,29.04555556,11,http://www.wikidata.org/entity/Q811979,Altunizade Mosque,architectural structure,A,green
707,http://www.wikidata.org/entity/Q6071846,https://de.wikipedia.org/wiki/Sokollu-Mehmed-Pascha-Moschee_(Azapkap%C4%B1),"https://en.wikipedia.org/wiki/Sokollu_Mehmed_Pasha_Mosque,_Azapkap%C4%B1",Point(28.96777778 41.025),2.179,41.025,28.96777778,11,http://www.wikidata.org/entity/Q811979,Sokollu Mehmed Pasha II Mosque,architectural structure,A,green
711,http://www.wikidata.org/entity/Q1559987,https://de.wikipedia.org/wiki/G%C3%B6ztepe_(Istanbul),"https://en.wikipedia.org/wiki/G%C3%B6ztepe,_Kad%C4%B1k%C3%B6y",Point(29.0625 40.97694444),7.973,40.97694444,29.0625,10,http://www.wikidata.org/entity/Q17051044,Göztepe,mahalle,A,green
712,http://www.wikidata.org/entity/Q785554,https://de.wikipedia.org/wiki/Blutiger_Sonntag_(T%C3%BCrkei),https://en.wikipedia.org/wiki/Bloody_Sunday_(1969),Point(28.985833333 41.036944444),3.5,41.036944444444,28.985833333333,10,http://www.wikidata.org/entity/Q124757,Bloody Sunday,riot,A,green
714,http://www.wikidata.org/entity/Q2699081,https://de.wikipedia.org/wiki/Atak%C3%B6y_Athletics_Arena,https://en.wikipedia.org/wiki/Atak%C3%B6y_Athletics_Arena,Point(28.855577 40.987167),10.319,40.987167,28.855577,10,http://www.wikidata.org/entity/Q1076486,Ataköy Athletics Arena,sports venue,A,green
715,http://www.wikidata.org/entity/Q4253400,https://de.wikipedia.org/wiki/L%C3%A2leli,"https://en.wikipedia.org/wiki/Laleli,_Fatih",Point(28.95611111 41.00972222),1.699,41.00972222,28.95611111,10,http://www.wikidata.org/entity/Q123705,Laleli,neighborhood,A,green
716,http://www.wikidata.org/entity/Q358779,https://de.wikipedia.org/wiki/Administration_de_la_Dette_Publique_Ottomane,https://en.wikipedia.org/wiki/Ottoman_Public_Debt_Administration,Point(28.973657 41.012084),0.661,41.012084,28.973657,10,http://www.wikidata.org/entity/Q31728,Ottoman Public Debt Administration,public administration,A,green
717,http://www.wikidata.org/entity/Q1997570,https://de.wikipedia.org/wiki/Antiochos-Palast,https://en.wikipedia.org/wiki/Palace_of_Antiochos,Point(28.9751 41.0074),0.13,41.0074,28.9751,10,http://www.wikidata.org/entity/Q16560,Palace of Antiochos,palace,A,green
718,http://www.wikidata.org/entity/Q3409570,https://de.wikipedia.org/wiki/Bah%C3%A7e%C5%9Fehir_%C3%9Cniversitesi,https://en.wikipedia.org/wiki/Bah%C3%A7e%C5%9Fehir_University,Point(29.009444 41.041667),4.83,41.041667,29.009444,10,http://www.wikidata.org/entity/Q902104,Bahçeşehir University,private university,A,green
719,http://www.wikidata.org/entity/Q5117225,https://de.wikipedia.org/wiki/St.-Georgs-Kirche_von_Samatya,https://en.wikipedia.org/wiki/Church_of_St._George_of_Samatya,Point(28.93302 41.00188),3.63,41.00188,28.93302,10,http://www.wikidata.org/entity/Q16970,Church of St. George of Samatya,church building,A,green
720,http://www.wikidata.org/entity/Q5397556,https://de.wikipedia.org/wiki/Ese-Kap%C4%B1-Moschee,https://en.wikipedia.org/wiki/Ese_Kapi_Mosque,Point(28.936759205 41.004819888),3.286,41.004819888592,28.936759205178,10,http://www.wikidata.org/entity/Q32815,Ese Kapi Mosque,mosque,A,green
721,http://www.wikidata.org/entity/Q995179,https://de.wikipedia.org/wiki/Sulukule,https://en.wikipedia.org/wiki/Sulukule,Point(28.933888888 41.026388888),4.166,41.026388888889,28.933888888889,10,http://www.wikidata.org/entity/Q486972,Sulukule,human settlement,A,green
722,http://www.wikidata.org/entity/Q592270,https://de.wikipedia.org/wiki/Goldenes_Tor_(Konstantinopel),,Point(28.9225 40.9928),4.726,40.9928,28.9225,10,http://www.wikidata.org/entity/Q82117,Golden Gate,city gate,A,green
726,http://www.wikidata.org/entity/Q1152384,https://de.wikipedia.org/wiki/Daphne-Palast,https://en.wikipedia.org/wiki/Palace_of_Daphne,Point(28.976 41.006),0.044,41.006,28.976,10,http://www.wikidata.org/entity/Q16560,Palace of Daphne,palace,A,green
727,http://www.wikidata.org/entity/Q1366011,https://de.wikipedia.org/wiki/Erzeparchie_Diyarbak%C4%B1r,https://en.wikipedia.org/wiki/Chaldean_Catholic_Archeparchy_of_Amida,Point(28.96666667 41.01666667),1.38,41.01666667,28.96666667,10,http://www.wikidata.org/entity/Q108822950,Chaldean Catholic Archeparchy of Diyarbakir,Catholic Archieparchy,A,green
728,http://www.wikidata.org/entity/Q5554506,https://de.wikipedia.org/wiki/Getronagan-Gymnasium,https://en.wikipedia.org/wiki/Getronagan_Armenian_High_School,Point(28.9783 41.0256),2.147,41.0256,28.9783,10,http://www.wikidata.org/entity/Q9826,Getronagan Armenian High School,high school,A,green
729,http://www.wikidata.org/entity/Q5642498,https://de.wikipedia.org/wiki/Hali%C3%A7-Br%C3%BCcke,https://en.wikipedia.org/wiki/Hali%C3%A7_Bridge,Point(28.94178 41.04362),5.032,41.04362,28.94178,10,http://www.wikidata.org/entity/Q12280,Haliç Bridge,bridge,A,green
730,http://www.wikidata.org/entity/Q2414579,,https://en.wikipedia.org/wiki/%C3%87aml%C4%B1ca_Hill,Point(29.06837 41.02752),8.108,41.02752,29.06837,10,http://www.wikidata.org/entity/Q54050,Camlica Hill,hill,A,green
731,http://www.wikidata.org/entity/Q3300867,,https://en.wikipedia.org/wiki/Cihangir,Point(28.98527778 41.03305556),3.069,41.03305556,28.98527778,10,http://www.wikidata.org/entity/Q17051044,Cihangir,mahalle,A,green
732,http://www.wikidata.org/entity/Q3301243,,https://en.wikipedia.org/wiki/Cafera%C4%9Fa_Medrese,Point(28.97889 41.009632),0.441,41.009632,28.97889,10,http://www.wikidata.org/entity/Q132834,Caferağa Medresseh,madrasa,A,green
736,http://www.wikidata.org/entity/Q3394116,,https://en.wikipedia.org/wiki/Istanbul_Aviation_Museum,Point(28.825765 40.963862),13.457,40.963862,28.825765,10,http://www.wikidata.org/entity/Q2772772,Istanbul Aviation Museum,military museum,A,green
740,http://www.wikidata.org/entity/Q4329995,,https://en.wikipedia.org/wiki/Istanbul_University_Observatory,Point(28.96555556 41.0125),1.101,41.0125,28.96555556,10,http://www.wikidata.org/entity/Q1254933,Istanbul University Observatory,astronomical observatory,A,green
741,http://www.wikidata.org/entity/Q4471126,,https://en.wikipedia.org/wiki/Abdi_%C4%B0pek%C3%A7i_Street,Point(28.99168 41.04991),5.018,41.04991,28.99168,10,http://www.wikidata.org/entity/Q79007,Abdi İpekçi Street,street,A,green
742,http://www.wikidata.org/entity/Q4808511,,https://en.wikipedia.org/wiki/Assassination_of_Hrant_Dink,Point(28.987555555 41.052666666),5.239,41.052666666667,28.987555555556,10,http://www.wikidata.org/entity/Q1139665,assassination of Hrant Dink,political murder,A,green
744,http://www.wikidata.org/entity/Q6080282,,"https://en.wikipedia.org/wiki/Topkap%C4%B1,_Fatih",Point(28.9335 41.0184),3.798,41.0184,28.9335,10,http://www.wikidata.org/entity/Q17051044,Topkapı,mahalle,A,green
745,http://www.wikidata.org/entity/Q6087586,,"https://en.wikipedia.org/wiki/Atak%C3%B6y,_Bak%C4%B1rk%C3%B6y",Point(28.842436 40.987092),11.401,40.987092,28.842436,10,http://www.wikidata.org/entity/Q123705,Ataköy,neighborhood,A,green
746,http://www.wikidata.org/entity/Q7070378,,https://en.wikipedia.org/wiki/Nusretiye_Clock_Tower,Point(28.982875 41.026711),2.336,41.026711,28.982875,10,http://www.wikidata.org/entity/Q853854,Nusretiye Clock Tower,clock tower,A,green
747,http://www.wikidata.org/entity/Q7199786,,https://en.wikipedia.org/wiki/Piyale_Pasha_Mosque,Point(28.966 41.0446),4.329,41.0446,28.966,10,http://www.wikidata.org/entity/Q811979,Piyale Pasha Mosque,architectural structure,A,green
751,http://www.wikidata.org/entity/Q8069961,,https://en.wikipedia.org/wiki/Zeyrek,Point(28.9572 41.0197),2.156,41.0197,28.9572,10,http://www.wikidata.org/entity/Q17051044,Zeyrek,mahalle,A,green
752,http://www.wikidata.org/entity/Q8082507,,https://en.wikipedia.org/wiki/%C5%9Eeyh_S%C3%BCleyman_Mosque,Point(28.9554 41.0192),2.232,41.0192,28.9554,10,http://www.wikidata.org/entity/Q32815,Şeyh Süleyman Mosque,mosque,A,green
753,http://www.wikidata.org/entity/Q12810206,,"https://en.wikipedia.org/wiki/Kandilli,_%C3%9Csk%C3%BCdar",Point(29.057777777 41.073055555),10.107,41.073055555556,29.057777777778,10,http://www.wikidata.org/entity/Q17051044,Kandilli,mahalle,A,green
754,http://www.wikidata.org/entity/Q15228897,,https://en.wikipedia.org/wiki/Istanbul_Railway_Museum,Point(28.977222222 41.015277777),0.996,41.015277777778,28.977222222222,10,http://www.wikidata.org/entity/Q18704634,Istanbul Railway Museum,railway museum,A,green
756,http://www.wikidata.org/entity/Q16207132,,https://en.wikipedia.org/wiki/Battle_of_Constantinople_(378),Point(28.95 41.0),2.284,41.0,28.95,10,http://www.wikidata.org/entity/Q178561,Battle of Constantinople,battle,A,green
757,http://www.wikidata.org/entity/Q56907,,https://en.wikipedia.org/wiki/Mesih_Mehmed_Pasha_Mosque,Point(28.943427 41.021948),3.226,41.021948,28.943427,10,http://www.wikidata.org/entity/Q71974,Mesih Mehmed Pasha Mosque,külliye,A,green
762,http://www.wikidata.org/entity/Q28657490,https://de.wikipedia.org/wiki/Fernsehturm_K%C3%BC%C3%A7%C3%BCk_%C3%87aml%C4%B1ca,https://en.wikipedia.org/wiki/%C3%87aml%C4%B1ca_Tower,Point(29.065472222 41.016444444),7.6,41.016444444444,29.065472222222,10,http://www.wikidata.org/entity/Q570116,Çamlıca Tower,tourist attraction,A,green
766,http://www.wikidata.org/entity/Q6374536,https://de.wikipedia.org/wiki/Kas%C4%B1m-A%C4%9Fa-Moschee,https://en.wikipedia.org/wiki/Kas%C4%B1m_Agha_Mosque,Point(28.939 41.029),3.987,41.029,28.939,10,http://www.wikidata.org/entity/Q32815,"Kasım Ağa Mosque, Istanbul",mosque,A,green
767,http://www.wikidata.org/entity/Q48768542,https://de.wikipedia.org/wiki/Marmaray-Tunnel,https://en.wikipedia.org/wiki/Marmaray_Tunnel,Point(28.996666666 41.019722222),2.29,41.019722222222,28.996666666667,10,http://www.wikidata.org/entity/Q332257,Marmaray Tunnel,immersed tube,A,green
769,http://www.wikidata.org/entity/Q6076508,https://de.wikipedia.org/wiki/Aspar-Zisterne,https://en.wikipedia.org/wiki/Cistern_of_Aspar,Point(28.94986 41.02595),3.082,41.02595,28.94986,10,http://www.wikidata.org/entity/Q93429857,Cistern of Aspar,ancient Roman cistern,A,green
770,http://www.wikidata.org/entity/Q30253989,https://de.wikipedia.org/wiki/%C4%B0stanbul_Medipol_%C3%9Cniversitesi,https://en.wikipedia.org/wiki/Istanbul_Medipol_University,Point(29.088333333 41.088055555),13.092,41.088055555556,29.088333333333,10,http://www.wikidata.org/entity/Q902104,Istanbul Medipol University,private university,A,green
771,http://www.wikidata.org/entity/Q100489493,https://de.wikipedia.org/wiki/T%C3%BCrkvizyon_2020,https://en.wikipedia.org/wiki/Turkvision_Song_Contest_2020,Point(28.9603 41.01),1.367,41.01,28.9603,10,http://www.wikidata.org/entity/Q15089348,Turkvision Song Contest 2020,Turkvision Song Contest,A,green
772,http://www.wikidata.org/entity/Q1655940,https://de.wikipedia.org/wiki/Ibrahim-Pascha-Palast,https://en.wikipedia.org/wiki/Ibrahim_Pasha_Palace,Point(28.97456 41.0063),0.11,41.0063,28.97456,9,http://www.wikidata.org/entity/Q1170287,Ibrahim Pasha Palace,seraglio,B,violet
773,http://www.wikidata.org/entity/Q3397413,https://de.wikipedia.org/wiki/Adile-Sultan-Palast,https://en.wikipedia.org/wiki/Adile_Sultan_Palace,Point(29.05796944 41.07216111),10.045,41.07216111,29.05796944,9,http://www.wikidata.org/entity/Q811979,Adile Sultan Palace,architectural structure,B,violet
775,http://www.wikidata.org/entity/Q3407358,https://de.wikipedia.org/wiki/Hodegonkloster,https://en.wikipedia.org/wiki/Hodegon_Monastery,Point(28.98503333 41.00903056),0.823,41.00903056,28.98503333,9,http://www.wikidata.org/entity/Q44613,Hodegon Monastery,monastery,B,violet
776,http://www.wikidata.org/entity/Q4219319,"https://de.wikipedia.org/wiki/Kar%C3%A4ische_Synagoge_(Hask%C3%B6y,_Istanbul)",https://en.wikipedia.org/wiki/Karaite_Synagogue_(Istanbul),Point(28.952666666 41.04),4.215,41.04,28.952666666667,9,http://www.wikidata.org/entity/Q34627,Karaite Synagogue,synagogue,B,violet
777,http://www.wikidata.org/entity/Q1997580,https://de.wikipedia.org/wiki/Lausos-Palast,https://en.wikipedia.org/wiki/Palace_of_Lausus,Point(28.9754 41.0078),0.163,41.0078,28.9754,9,http://www.wikidata.org/entity/Q16560,Palace of Lausus,palace,B,violet
778,http://www.wikidata.org/entity/Q3565414,https://de.wikipedia.org/wiki/Kandilli-Observatorium,https://en.wikipedia.org/wiki/Kandilli_Observatory,Point(29.06222222 41.06333333),9.62,41.06333333,29.06222222,9,http://www.wikidata.org/entity/Q62832,Kandilli Observatory,observatory,B,violet
779,http://www.wikidata.org/entity/Q5117051,https://de.wikipedia.org/wiki/St._Menas_(Istanbul),https://en.wikipedia.org/wiki/Church_of_Saint_Menas_of_Samatya,Point(28.931897 41.000417),3.749,41.000417,28.931897,9,http://www.wikidata.org/entity/Q2031836,Church of Saint Menas of Samatya,Eastern Orthodox church building,B,violet
781,http://www.wikidata.org/entity/Q503503,https://de.wikipedia.org/wiki/F%C3%BCnik%C3%BCler_Kabata%C5%9F%E2%80%93Taksim,https://en.wikipedia.org/wiki/F1_Taksim%E2%80%93Kabata%C5%9F_funicular_line,Point(28.989851 41.035211),3.413,41.035211,28.989851,9,http://www.wikidata.org/entity/Q106542031,F1,funicular line,B,violet
782,http://www.wikidata.org/entity/Q1137517,https://de.wikipedia.org/wiki/Ertu%C4%9Frul-Tekke-Moschee,https://en.wikipedia.org/wiki/Ertu%C4%9Frul_Tekke_Mosque,Point(29.00861111 41.04555556),5.149,41.04555556,29.00861111,9,http://www.wikidata.org/entity/Q811979,Ertuğrul Tekke Mosque,architectural structure,B,violet
785,http://www.wikidata.org/entity/Q7077254,https://de.wikipedia.org/wiki/Odalar-Moschee,https://en.wikipedia.org/wiki/Odalar_Mosque,Point(28.939828 41.029071),3.938,41.029071,28.939828,9,http://www.wikidata.org/entity/Q811979,Odalar Mosque,architectural structure,B,violet
786,http://www.wikidata.org/entity/Q5637873,https://de.wikipedia.org/wiki/Had%C4%B1m-%C4%B0brahim-Pascha-Moschee,https://en.wikipedia.org/wiki/Hadim_Ibrahim_Pasha_Mosque,Point(28.923 41.006),4.437,41.006,28.923,9,http://www.wikidata.org/entity/Q811979,Hadim Ibrahim Pasha Mosque,architectural structure,B,violet
790,http://www.wikidata.org/entity/Q7813639,https://de.wikipedia.org/wiki/Toklu-Dede-Moschee,https://en.wikipedia.org/wiki/Toklu_Dede_Mosque,Point(28.942472222 41.039527777),4.63,41.039527777778,28.942472222222,9,http://www.wikidata.org/entity/Q32815,Toklu Dede Mosque,mosque,B,violet
791,http://www.wikidata.org/entity/Q8051082,https://de.wikipedia.org/wiki/Yedikule_Surp_P%C4%B1rgi%C3%A7_Ermeni_Hastanesi,https://en.wikipedia.org/wiki/Surp_P%C4%B1rgi%C3%A7_Armenian_Hospital,Point(28.98555565 41.04111099),3.946,41.04111099,28.98555565,9,http://www.wikidata.org/entity/Q4284971,Yedikule Surp Pırgiç Armenian Hospital,private hospital,B,violet
792,http://www.wikidata.org/entity/Q18210845,https://de.wikipedia.org/wiki/Prosphorion-Hafen,https://en.wikipedia.org/wiki/Prosphorion_Harbour,Point(28.98 41.016),1.124,41.016,28.98,9,http://www.wikidata.org/entity/Q283202,Prosphorion Harbour,harbor,B,violet
793,http://www.wikidata.org/entity/Q735550,,https://en.wikipedia.org/wiki/Psilis,Point(29.066136 41.081349),11.26,41.081349,29.066136,9,http://www.wikidata.org/entity/Q355304,Psilis,watercourse,B,violet
800,http://www.wikidata.org/entity/Q1447350,,https://en.wikipedia.org/wiki/Aviation_Martyrs%27_Monument,Point(28.952833333 41.015927777),2.205,41.0159277778,28.9528333333,9,http://www.wikidata.org/entity/Q321053,Aviation Martyrs' Monument,cenotaph,B,violet
802,http://www.wikidata.org/entity/Q1491406,,https://en.wikipedia.org/wiki/557_Constantinople_earthquake,Point(28.95 41.03),3.407,41.03,28.95,9,http://www.wikidata.org/entity/Q7944,Constantinople earthquake of 557,earthquake,B,violet
804,http://www.wikidata.org/entity/Q2331925,,https://en.wikipedia.org/wiki/Battle_of_Chalcedon_(74_BC),Point(29.033333 40.983333),5.461,40.983333,29.033333,9,http://www.wikidata.org/entity/Q178561,Battle of Chalcedon,battle,B,violet
805,http://www.wikidata.org/entity/Q2756264,,"https://en.wikipedia.org/wiki/Ac%C4%B1badem,_%C3%9Csk%C3%BCdar",Point(29.0533 41.0073),6.498,41.0073,29.0533,9,http://www.wikidata.org/entity/Q17051044,Acıbadem,mahalle,B,violet
808,http://www.wikidata.org/entity/Q3329724,,https://en.wikipedia.org/wiki/Galatasaray_Museum,Point(28.97749 41.03376),3.047,41.03376,28.97749,9,http://www.wikidata.org/entity/Q207694,Galatasaray Museum,art museum,B,violet
811,http://www.wikidata.org/entity/Q3631397,,https://en.wikipedia.org/wiki/Ayvansaray,Point(28.9425 41.03833333),4.523,41.03833333,28.9425,9,http://www.wikidata.org/entity/Q17051044,Ayvansaray,mahalle,B,violet
812,http://www.wikidata.org/entity/Q3656916,,https://en.wikipedia.org/wiki/Battle_of_Katasyrtai,Point(28.890278 41.030556),7.667,41.030556,28.890278,9,http://www.wikidata.org/entity/Q178561,Battle of Katasyrtai,battle,B,violet
813,http://www.wikidata.org/entity/Q4273774,,https://en.wikipedia.org/wiki/Tomb_of_Mahmud_II,Point(28.9725 41.0085),0.368,41.0085,28.9725,9,http://www.wikidata.org/entity/Q162875,Mausoleum of Mahmud II,mausoleum,B,violet
815,http://www.wikidata.org/entity/Q4679495,,"https://en.wikipedia.org/wiki/Adam_Mickiewicz_Museum,_Istanbul",Point(28.9771 41.038777),3.604,41.038777,28.9771,9,http://www.wikidata.org/entity/Q2087181,Adam Mickiewicz Museum,historic house museum,B,violet
817,http://www.wikidata.org/entity/Q4833524,,https://en.wikipedia.org/wiki/A%C5%9Fiyan_Asri_Cemetery,Point(29.055277777 41.0825),10.769,41.0825,29.055277777778,9,http://www.wikidata.org/entity/Q39614,Aşiyan Asri Cemetery,cemetery,B,violet
818,http://www.wikidata.org/entity/Q5182750,,https://en.wikipedia.org/wiki/Fethi_Pa%C5%9Fa_Korusu,Point(29.0255 41.0315),5.013,41.0315,29.0255,9,http://www.wikidata.org/entity/Q1510380,Fethi Paşa Korusu,grove,B,violet
819,http://www.wikidata.org/entity/Q5681606,,https://en.wikipedia.org/wiki/Hatice_Sultan_Mansion,Point(29.0296 41.049),6.54,41.049,29.0296,9,http://www.wikidata.org/entity/Q2142647,Hatice Sultan Palace,yalı,B,violet
820,http://www.wikidata.org/entity/Q6022200,,https://en.wikipedia.org/wiki/Vasat_Atik_Ali_Pasha_Mosque,Point(28.941674 41.024969),3.536,41.024969,28.941674,9,http://www.wikidata.org/entity/Q811979,Vasat Atik Ali Pasha Mosque,architectural structure,B,violet
823,http://www.wikidata.org/entity/Q6059115,,https://en.wikipedia.org/wiki/Kozyata%C4%9F%C4%B1,Point(29.09555556 40.96861111),10.888,40.96861111,29.09555556,9,http://www.wikidata.org/entity/Q17051044,Kozyatağı,mahalle,B,violet
825,http://www.wikidata.org/entity/Q6102963,,https://en.wikipedia.org/wiki/Karag%C3%BCmr%C3%BCk,Point(28.93541413 41.025687664),4.016,41.025687664805,28.935414130038,9,http://www.wikidata.org/entity/Q17051044,Karagümrük,mahalle,B,violet
826,http://www.wikidata.org/entity/Q6597997,,https://en.wikipedia.org/wiki/K%C3%A2%C4%9F%C4%B1thane_Creek,Point(28.9473 41.0631),6.746,41.063253,28.947183,9,http://www.wikidata.org/entity/Q4022,Kâğıthane Creek,river,B,violet
832,http://www.wikidata.org/entity/Q6601541,,https://en.wikipedia.org/wiki/Kuru%C3%A7e%C5%9Fme,Point(29.035375 41.060909),7.853,41.060909,29.035375,9,http://www.wikidata.org/entity/Q17051044,Kuruçeşme,mahalle,B,violet
833,http://www.wikidata.org/entity/Q7231163,,https://en.wikipedia.org/wiki/Port_of_Istanbul,Point(28.97834 41.0228),1.837,41.0228,28.97834,9,http://www.wikidata.org/entity/Q44782,Port of Istanbul,port,B,violet
834,http://www.wikidata.org/entity/Q16825097,,"https://en.wikipedia.org/wiki/Selimiye_Mosque,_%C3%9Csk%C3%BCdar",Point(29.0166 41.0097),3.437,41.0097,29.0166,9,http://www.wikidata.org/entity/Q71974,Selim Üsküdar Mosque,külliye,B,violet
838,http://www.wikidata.org/entity/Q17379799,,https://en.wikipedia.org/wiki/Akdeniz_(sculpture),Point(28.9771208 41.0331204),2.975,41.0331204,28.9771208,9,http://www.wikidata.org/entity/Q179700,Akdeniz,statue,B,violet
839,http://www.wikidata.org/entity/Q19838826,,https://en.wikipedia.org/wiki/Istanbul_region_(statistical),Point(29.007426 41.047459),5.279,41.047459,29.007426,9,http://www.wikidata.org/entity/Q15042037,Istanbul Region (statistical),statistical territorial entity,B,violet
840,http://www.wikidata.org/entity/Q20472836,,https://en.wikipedia.org/wiki/Saint_Gregory_the_Illuminator_Church_of_Galata,Point(28.978416666 41.025666666),2.155,41.025666666667,28.978416666667,9,http://www.wikidata.org/entity/Q16970,Saint Gregory the Illuminator Church of Galata,church building,B,violet
841,http://www.wikidata.org/entity/Q60785191,,"https://en.wikipedia.org/wiki/Murat_Pasha_Mosque,_Aksaray",Point(28.949001 41.010266),2.296,41.010266,28.949001,9,http://www.wikidata.org/entity/Q811979,Murat Pasha Mosque,architectural structure,B,violet
844,http://www.wikidata.org/entity/Q6078807,https://de.wikipedia.org/wiki/Zisterne_von_Hebdomon,https://en.wikipedia.org/wiki/Cistern_of_the_Hebdomon,Point(28.8861 40.9931),7.677,40.9931,28.8861,9,http://www.wikidata.org/entity/Q839954,Cistern of the Hebdomon,archaeological site,B,violet
846,http://www.wikidata.org/entity/Q6085777,https://de.wikipedia.org/wiki/Leuchtturm_Fenerbah%C3%A7e,https://en.wikipedia.org/wiki/Fenerbah%C3%A7e_Lighthouse,Point(29.03194444 40.96805556),6.349,40.96805556,29.03194444,9,http://www.wikidata.org/entity/Q39715,Fenerbahçe Lighthouse,lighthouse,B,violet
847,http://www.wikidata.org/entity/Q3485327,https://de.wikipedia.org/wiki/%C5%9Ei%C5%9Fli_Plaza,https://en.wikipedia.org/wiki/%C5%9Ei%C5%9Fli_Plaza,Point(28.9912 41.0604),6.142,41.0604,28.9912,8,http://www.wikidata.org/entity/Q11303,Şişli Plaza,skyscraper,B,violet
848,http://www.wikidata.org/entity/Q5185447,https://de.wikipedia.org/wiki/Krim-Gedenkkirche,https://en.wikipedia.org/wiki/Crimea_Memorial_Church,Point(28.9771 41.0277),2.373,41.0277,28.9771,8,http://www.wikidata.org/entity/Q811979,Crimea Memorial Church,architectural structure,B,violet
851,http://www.wikidata.org/entity/Q2512389,https://de.wikipedia.org/wiki/Veliefendi_Hipodromu,https://en.wikipedia.org/wiki/Veliefendi_Race_Course,Point(28.889166666 40.986944444),7.59,40.986944444444,28.889166666667,8,http://www.wikidata.org/entity/Q11822917,Veliefendi Race Course,horse racing venue,B,violet
852,http://www.wikidata.org/entity/Q7678513,https://de.wikipedia.org/wiki/Taksim-Massaker,https://en.wikipedia.org/wiki/Bloody_May_Day_(1977),Point(28.985833333 41.036944444),3.5,41.036944444444,28.985833333333,8,http://www.wikidata.org/entity/Q3199915,Bloody May Day,massacre,B,violet
853,http://www.wikidata.org/entity/Q17989029,https://de.wikipedia.org/wiki/Aetius-Zisterne,https://en.wikipedia.org/wiki/Cistern_of_Aetius,Point(28.9392 41.0278),3.891,41.0278,28.9392,8,http://www.wikidata.org/entity/Q483110,Cistern of Aetius,stadium,B,violet
855,http://www.wikidata.org/entity/Q18123476,https://de.wikipedia.org/wiki/Neorion-Hafen,https://en.wikipedia.org/wiki/Neorion_Harbour,Point(28.975 41.01667),1.146,41.01667,28.975,8,http://www.wikidata.org/entity/Q283202,Neorion Harbour,harbor,B,violet
857,http://www.wikidata.org/entity/Q2743371,,https://en.wikipedia.org/wiki/Istanbul_Toy_Museum,Point(29.07073 40.97593),8.651,40.97593,29.07073,8,http://www.wikidata.org/entity/Q2310465,İstanbul Toy Museum,toy museum,B,violet
858,http://www.wikidata.org/entity/Q2756518,,https://en.wikipedia.org/wiki/Alt%C4%B1nba%C5%9F_University,Point(28.82027778 41.05694444),14.21,41.05694444,28.82027778,8,http://www.wikidata.org/entity/Q902104,Altınbaş University,private university,B,violet
859,http://www.wikidata.org/entity/Q3300856,,https://en.wikipedia.org/wiki/So%C4%9Fuk%C3%A7e%C5%9Fme_Soka%C4%9F%C4%B1,Point(28.9802 41.0093),0.487,41.0093,28.9802,8,http://www.wikidata.org/entity/Q79007,Soğukçeşme Sokağı,street,B,violet
860,http://www.wikidata.org/entity/Q3404711,,https://en.wikipedia.org/wiki/Yenik%C3%B6y_Synagogue,Point(29.0663 41.1182),14.562,41.1182,29.0663,8,http://www.wikidata.org/entity/Q34627,Yeniköy Synagogue,synagogue,B,violet
861,http://www.wikidata.org/entity/Q4809463,,https://en.wikipedia.org/wiki/TurkuaZoo,Point(28.8963 41.0456),7.973,41.0456,28.8963,8,http://www.wikidata.org/entity/Q2281788,Sea Life İstanbul,public aquarium,B,violet
863,http://www.wikidata.org/entity/Q5274738,,https://en.wikipedia.org/wiki/Te%C5%9Fvikiye,Point(28.9944 41.0486),4.945,41.0486,28.9944,8,http://www.wikidata.org/entity/Q17051044,Teşvikiye,mahalle,B,violet
864,http://www.wikidata.org/entity/Q5338337,,https://en.wikipedia.org/wiki/Edirnekap%C4%B1_Martyr%27s_Cemetery,Point(28.930575 41.032194),4.762,41.032194,28.930575,8,http://www.wikidata.org/entity/Q1241568,Edirnekapı Martyr's Cemetery,military cemetery,B,violet
865,http://www.wikidata.org/entity/Q6045782,,"https://en.wikipedia.org/wiki/%C4%B0skender_Pasha_Mosque,_Fatih",Point(28.94788 41.01667),2.612,41.01667,28.94788,8,http://www.wikidata.org/entity/Q811979,İskender Pasha Mosque,architectural structure,B,violet
867,http://www.wikidata.org/entity/Q6058785,,https://en.wikipedia.org/wiki/Caddebostan,Point(29.06277778 40.96666667),8.527,40.96666667,29.06277778,8,http://www.wikidata.org/entity/Q17051044,Caddebostan,mahalle,B,violet
868,http://www.wikidata.org/entity/Q6059322,,"https://en.wikipedia.org/wiki/Ko%C5%9Fuyolu,_Kad%C4%B1k%C3%B6y",Point(29.035457 41.006929),5.0,41.006929,29.035457,8,http://www.wikidata.org/entity/Q17051044,Koşuyolu,mahalle,B,violet
869,http://www.wikidata.org/entity/Q6070291,,"https://en.wikipedia.org/wiki/Mahmut_Pasha_Mosque,_Emin%C3%B6n%C3%BC",Point(28.97133056 41.01111944),0.65,41.01111944,28.97133056,8,http://www.wikidata.org/entity/Q71974,Mahmut Pasha Mosque,külliye,B,violet
873,http://www.wikidata.org/entity/Q6074264,,https://en.wikipedia.org/wiki/%C3%87ubuklu,Point(29.082879 41.106819),14.325,41.106819,29.082879,8,http://www.wikidata.org/entity/Q17051044,Çubuklu,mahalle,B,violet
874,http://www.wikidata.org/entity/Q6074552,,https://en.wikipedia.org/wiki/Rami_Barracks,Point(28.91555556 41.04916667),6.945,41.04916667,28.91555556,8,http://www.wikidata.org/entity/Q131263,Rami Barracks,barracks,B,violet
876,http://www.wikidata.org/entity/Q6077177,,https://en.wikipedia.org/wiki/Tophane_Fountain,Point(28.98111111 41.02666667),2.298,41.02666667,28.98111111,8,http://www.wikidata.org/entity/Q811979,Tophane Fountain,architectural structure,B,violet
877,http://www.wikidata.org/entity/Q6077189,,https://en.wikipedia.org/wiki/Ma%C3%A7ka_Gondola,Point(28.99388889 41.04472222),4.523,41.04472222,28.99388889,8,http://www.wikidata.org/entity/Q1576693,Maçka Gondola,gondola lift,B,violet
879,http://www.wikidata.org/entity/Q6087412,,"https://en.wikipedia.org/wiki/Anadoluhisar%C4%B1,_Beykoz",Point(29.0713 41.0864),11.967,41.0864,29.0713,8,http://www.wikidata.org/entity/Q17051044,Anadolu Hisarı,mahalle,B,violet
880,http://www.wikidata.org/entity/Q6098423,,https://en.wikipedia.org/wiki/Murder_of_Ahmet_Y%C4%B1ld%C4%B1z,Point(29.02 41.02),4.0,41.02,29.02,8,http://www.wikidata.org/entity/Q132821,murder of Ahmet Yıldız,murder,B,violet
881,http://www.wikidata.org/entity/Q6104328,,"https://en.wikipedia.org/wiki/%C4%B0skender_Pasha_Mosque,_Kanl%C4%B1ca",Point(29.06587 41.10002),12.859,41.10002,29.06587,8,http://www.wikidata.org/entity/Q71974,"İskender Pasha Mosque, Kanlıca",külliye,B,violet
886,http://www.wikidata.org/entity/Q6389586,,https://en.wikipedia.org/wiki/Kennedy_Avenue,Point(28.9309 40.9951),3.977,40.9951,28.9309,8,http://www.wikidata.org/entity/Q7543083,Kennedy Avenue,avenue,B,violet
887,http://www.wikidata.org/entity/Q6447963,,https://en.wikipedia.org/wiki/Istanbul_Museum_of_Painting_and_Sculpture,Point(28.9842993 41.027851),2.49,41.027851,28.9842993,8,http://www.wikidata.org/entity/Q207694,Istanbul Painting and Sculpture Museum,art museum,B,violet
888,http://www.wikidata.org/entity/Q6549659,,https://en.wikipedia.org/wiki/Museum_of_Turkish_Calligraphy_Art,Point(28.9632 41.01),1.137,41.01,28.9632,8,http://www.wikidata.org/entity/Q132718497,Museum of Turkish Calligraphy Art,calligraphy museum,B,violet
889,http://www.wikidata.org/entity/Q6741671,,https://en.wikipedia.org/wiki/Ey%C3%BCp_Gondola,Point(28.93416667 41.04972222),5.955,41.04972222,28.93416667,8,http://www.wikidata.org/entity/Q1576693,Eyüp Gondola,gondola lift,B,violet
891,http://www.wikidata.org/entity/Q6857272,,https://en.wikipedia.org/wiki/Lycus_(river_of_Constantinople),Point(28.915555555 41.043333333),6.518,41.0065,28.9506,8,http://www.wikidata.org/entity/Q27067659,Lycus,former river,B,violet
895,http://www.wikidata.org/entity/Q8053388,,"https://en.wikipedia.org/wiki/Ye%C5%9Filyurt,_Bak%C4%B1rk%C3%B6y",Point(28.839444444 40.963333333),12.411,40.963333333333,28.839444444444,8,http://www.wikidata.org/entity/Q17051044,Yeşilyurt,mahalle,B,violet
896,http://www.wikidata.org/entity/Q12812591,,https://en.wikipedia.org/wiki/Yenibosna,Point(28.81495 41.009272),13.506,41.009272,28.81495,8,http://www.wikidata.org/entity/Q17051044,Yenibosna Merkez,mahalle,B,violet
897,http://www.wikidata.org/entity/Q16952987,,https://en.wikipedia.org/wiki/Taksim_(Istanbul_Metro),Point(28.985724898 41.037139597),3.519,41.037139597414,28.985724898077,8,http://www.wikidata.org/entity/Q1147171,Taksim Transfer Center,interchange station,B,violet
898,http://www.wikidata.org/entity/Q18515442,,https://en.wikipedia.org/wiki/%C3%87inili_Mosque,Point(29.0292 41.0199),4.72,41.0199,29.0292,8,http://www.wikidata.org/entity/Q811979,Çinili Mosque,architectural structure,B,violet
901,http://www.wikidata.org/entity/Q19612850,,https://en.wikipedia.org/wiki/University_of_Health_Sciences_(Turkey),Point(29.019861111 41.004027777),3.7,41.004027777778,29.019861111111,8,http://www.wikidata.org/entity/Q875538,University of Health Sciences,public university,B,violet
902,http://www.wikidata.org/entity/Q27925126,,"https://en.wikipedia.org/wiki/St._Mary_of_Sak%C4%B1za%C4%9Fa%C3%A7_Cathedral,_Istanbul",Point(28.979656123 41.035566296),3.261,41.035566296454,28.979656123367,8,http://www.wikidata.org/entity/Q56242215,St. Mary of Sakızağaç Cathedral,Catholic cathedral,B,violet
903,http://www.wikidata.org/entity/Q99397898,,https://en.wikipedia.org/wiki/Museum_of_the_Ancient_Orient,Point(28.9804363 41.0113182),0.669,41.0113182,28.9804363,8,http://www.wikidata.org/entity/Q33506,Museum of the Ancient Orient,museum,B,violet
904,http://www.wikidata.org/entity/Q19610870,https://de.wikipedia.org/wiki/Gro%C3%9Fer_Istanbul-Tunnel,https://en.wikipedia.org/wiki/Great_Istanbul_Tunnel,Point(29.05 41.05),7.886,41.05,29.05,8,http://www.wikidata.org/entity/Q1311958,Great Istanbul Tunnel,railway tunnel,B,violet
907,http://www.wikidata.org/entity/Q19613348,https://de.wikipedia.org/wiki/Vahdettin-Pavillon,https://en.wikipedia.org/wiki/Vahdettin_Pavilion,Point(29.05492 41.053627),8.459,41.053627,29.05492,8,http://www.wikidata.org/entity/Q276173,Vahdettin Pavilion,pavilion,B,violet
909,http://www.wikidata.org/entity/Q2857801,https://de.wikipedia.org/wiki/Bal%C4%B1kl%C4%B1_Rum_Hastanesi,https://en.wikipedia.org/wiki/Bal%C4%B1kl%C4%B1_Greek_Hospital,Point(28.918056 40.999722),4.908,40.999722,28.918056,7,http://www.wikidata.org/entity/Q4284971,Balıklı Greek Hospital,private hospital,B,violet
910,http://www.wikidata.org/entity/Q4897165,https://de.wikipedia.org/wiki/Beit-Yaakov-Synagoge,https://en.wikipedia.org/wiki/Bet_Yaakov_Synagogue,Point(29.029594444 41.036377777),5.607,41.0363777778,29.0295944444,7,http://www.wikidata.org/entity/Q34627,Bet Yaakov Synagogue,synagogue,B,violet
911,http://www.wikidata.org/entity/Q4937471,https://de.wikipedia.org/wiki/Bo%C4%9Fdan_Saray%C4%B1,https://en.wikipedia.org/wiki/Bogdan_Saray,Point(28.94212 41.02975),3.843,41.02975,28.94212,7,http://www.wikidata.org/entity/Q16560,Bogdan Saray,palace,B,violet
913,http://www.wikidata.org/entity/Q1208733,https://de.wikipedia.org/wiki/Diamond_of_Istanbul,https://en.wikipedia.org/wiki/Rams_Beyond,Point(29.023888888 41.109444444),12.146,41.109444444444,29.023888888889,7,http://www.wikidata.org/entity/Q11303,Diamond of Istanbul,skyscraper,B,violet
915,http://www.wikidata.org/entity/Q6442920,https://de.wikipedia.org/wiki/Kuleli_Asker%C3%AE_Lisesi,https://en.wikipedia.org/wiki/Kuleli_Military_High_School,Point(29.05472222 41.05861111),8.801,41.05861111,29.05472222,7,http://www.wikidata.org/entity/Q811979,Kuleli Military High School,architectural structure,B,violet
918,http://www.wikidata.org/entity/Q6543110,https://de.wikipedia.org/wiki/Liceo_Italiano,https://en.wikipedia.org/wiki/Liceo_Italiano_di_Istanbul,Point(28.9786 41.03),2.636,41.03,28.9786,7,http://www.wikidata.org/entity/Q572835,Liceo Italiano,international school,B,violet
920,http://www.wikidata.org/entity/Q7130904,https://de.wikipedia.org/wiki/Armenischer_Friedhof_(Pangalt%C4%B1),https://en.wikipedia.org/wiki/Pangalt%C4%B1_Armenian_Cemetery,Point(28.988305555 41.042305555),4.128,41.042305555556,28.988305555556,7,http://www.wikidata.org/entity/Q19860854,Pangaltı Armenian Cemetery,destroyed building or structure,B,violet
922,http://www.wikidata.org/entity/Q5444318,https://de.wikipedia.org/wiki/Protestantischer_Friedhof_Ferik%C3%B6y,https://en.wikipedia.org/wiki/Ferik%C3%B6y_Protestant_Cemetery,Point(28.983889 41.053889),5.325,41.053889,28.983889,7,http://www.wikidata.org/entity/Q14750991,Feriköy Protestant Cemetery,Commonwealth War Graves Commission maintained cemetery,B,violet
924,http://www.wikidata.org/entity/Q7403368,https://de.wikipedia.org/wiki/Salacak,https://en.wikipedia.org/wiki/Salacak,Point(29.010502 41.016724),3.125,41.016724,29.010502,7,http://www.wikidata.org/entity/Q17051044,Salacak,mahalle,B,violet
925,http://www.wikidata.org/entity/Q7666457,https://de.wikipedia.org/wiki/Bahnhof_Istanbul_S%C3%B6%C4%9F%C3%BCtl%C3%BC%C3%A7e%C5%9Fme,https://en.wikipedia.org/wiki/S%C3%B6%C4%9F%C3%BCtl%C3%BC%C3%A7e%C5%9Fme_railway_station,Point(29.0376538 40.9910017),5.459,40.9910017,29.0376538,7,http://www.wikidata.org/entity/Q1147171,Söğütlüçeşme railway station,interchange station,B,violet
928,http://www.wikidata.org/entity/Q16947921,https://de.wikipedia.org/wiki/Brunnen_vor_der_Iskele-Moschee_in_%C3%9Csk%C3%BCdar,https://en.wikipedia.org/wiki/Fountain_of_Ahmed_III_(%C3%9Csk%C3%BCdar),Point(29.015362 41.026829),4.018,41.026787,29.015355,7,http://www.wikidata.org/entity/Q483453,Fountain of Ahmed III (Üsküdar),fountain,B,violet
936,http://www.wikidata.org/entity/Q16850265,https://de.wikipedia.org/wiki/Istanbul_Congress_Center,https://en.wikipedia.org/wiki/Istanbul_Congress_Center,Point(28.9883 41.0458),4.505,41.0458,28.9883,7,http://www.wikidata.org/entity/Q1378975,Istanbul Congress Center,convention center,B,violet
937,http://www.wikidata.org/entity/Q749094,,https://en.wikipedia.org/wiki/S%C3%BCleymaniye_Hamam,Point(28.9658 41.0159),1.354,41.0159,28.9658,7,http://www.wikidata.org/entity/Q28077,Süleymaniye Hamam,hammam,B,violet
939,http://www.wikidata.org/entity/Q1653835,,https://en.wikipedia.org/wiki/2008_Istanbul_bombings,Point(28.871666666 41.010916666),8.758,41.010916666667,28.871666666667,7,http://www.wikidata.org/entity/Q891854,2008 Istanbul bombings,bomb attack,B,violet
940,http://www.wikidata.org/entity/Q2955282,,https://en.wikipedia.org/wiki/2012_FIBA_3x3_World_Championships,Point(28.9667 41.0167),1.382,41.0167,28.9667,7,http://www.wikidata.org/entity/Q27020041,2012 FIBA 3x3 World Championships,sports season,B,violet
941,http://www.wikidata.org/entity/Q3397455,,https://en.wikipedia.org/wiki/Handan_Agha_Mosque,Point(28.951102 41.038216),4.105,41.038216,28.951102,7,http://www.wikidata.org/entity/Q811979,Handan Agha Mosque,architectural structure,B,violet
944,http://www.wikidata.org/entity/Q3409173,,https://en.wikipedia.org/wiki/Hemdat_Israel_Synagogue,Point(29.0273 40.9948),4.504,40.9948,29.0273,7,http://www.wikidata.org/entity/Q34627,Hemdat Israel Synagogue,synagogue,B,violet
945,http://www.wikidata.org/entity/Q3409797,,https://en.wikipedia.org/wiki/Etz_Ahayim_Synagogue,Point(29.025416666 41.048305555),6.245,41.048305555556,29.025416666667,7,http://www.wikidata.org/entity/Q34627,Etz Ahayim Synagogue,synagogue,B,violet
946,http://www.wikidata.org/entity/Q3564169,,https://en.wikipedia.org/wiki/Bostanc%C4%B1,Point(29.09555556 40.95833333),11.378,40.95833333,29.09555556,7,http://www.wikidata.org/entity/Q17051044,Bostancı,mahalle,B,violet
947,http://www.wikidata.org/entity/Q3625453,,https://en.wikipedia.org/wiki/Siege_of_Byzantium_(324),Point(28.984722222 41.015277777),1.237,41.015277777778,28.984722222222,7,http://www.wikidata.org/entity/Q188055,Siege of Byzantium,siege,B,violet
948,http://www.wikidata.org/entity/Q4817294,,https://en.wikipedia.org/wiki/USS_Thornback,Point(28.9478 41.0415),4.56,41.0415,28.9478,7,http://www.wikidata.org/entity/Q130326199,USS Thornback,preserved watercraft,B,violet
950,http://www.wikidata.org/entity/Q4849720,,https://en.wikipedia.org/wiki/Balaban_Aga_Mosque,Point(28.9583 41.011),1.561,41.011,28.9583,7,http://www.wikidata.org/entity/Q811979,Balaban Aga Mosque,architectural structure,B,violet
952,http://www.wikidata.org/entity/Q5055609,,https://en.wikipedia.org/wiki/Ca%C4%9Falo%C4%9Flu_Hamam,Point(28.9756 41.0106),0.47,41.0106,28.9756,7,http://www.wikidata.org/entity/Q28077,Cağaloğlu Hamam,hammam,B,violet
954,http://www.wikidata.org/entity/Q5058732,,https://en.wikipedia.org/wiki/Cemil_Topuzlu_Open-Air_Theatre,Point(28.99027778 41.04583333),4.55,41.04583333,28.99027778,7,http://www.wikidata.org/entity/Q1060829,Cemil Topuzlu Open-Air Theatre,concert hall,B,violet
956,http://www.wikidata.org/entity/Q5402823,,https://en.wikipedia.org/wiki/Etfal_Hospital_Clock_Tower,Point(28.99 41.0579),5.85,41.0579,28.99,7,http://www.wikidata.org/entity/Q853854,Etfal Hospital Clock Tower,clock tower,B,violet
957,http://www.wikidata.org/entity/Q5998229,,https://en.wikipedia.org/wiki/%C4%B0skenderpa%C5%9Fa,Point(28.9489921 41.0145341),2.431,41.0145341,28.9489921,7,http://www.wikidata.org/entity/Q17051044,İskenderpaşa,mahalle,B,violet
963,http://www.wikidata.org/entity/Q6088683,,https://en.wikipedia.org/wiki/Istanbul_Zoology_Museum,Point(28.963611 41.013333),1.287,41.013333,28.963611,7,http://www.wikidata.org/entity/Q866133,Istanbul Zoology Museum,university museum,B,violet
965,http://www.wikidata.org/entity/Q6095391,,https://en.wikipedia.org/wiki/Hekimo%C4%9Flu_Ali_Pasha_Mosque,Point(28.93497222 41.00615833),3.432,41.00615833,28.93497222,7,http://www.wikidata.org/entity/Q811979,Hekimoğlu Ali Pasha Mosque,architectural structure,B,violet
968,http://www.wikidata.org/entity/Q6097190,,https://en.wikipedia.org/wiki/Emirgan,Point(29.05183 41.10419),12.603,41.10419,29.05183,7,http://www.wikidata.org/entity/Q17051044,Emirgan,mahalle,B,violet
969,http://www.wikidata.org/entity/Q6098591,,https://en.wikipedia.org/wiki/Ma%C3%A7ka_Park,Point(28.99367 41.04406),4.448,41.04406,28.99367,7,http://www.wikidata.org/entity/Q22746,Maçka Park,urban park,B,violet
970,http://www.wikidata.org/entity/Q6099217,,https://en.wikipedia.org/wiki/Beyaz%C4%B1t_State_Library,Point(28.9634843 41.010864),1.153,41.010864,28.9634843,7,http://www.wikidata.org/entity/Q811979,Beyazıt State Library,architectural structure,B,violet
972,http://www.wikidata.org/entity/Q6099832,,https://en.wikipedia.org/wiki/Ministry_of_Foreign_Affairs_(Ottoman_Empire),Point(28.9772778 41.0112953),0.559,41.0112953,28.9772778,7,http://www.wikidata.org/entity/Q20901295,Ottoman Department of Foreign Affairs,foreign affairs ministry,B,violet
974,http://www.wikidata.org/entity/Q6845681,,https://en.wikipedia.org/wiki/Beylerbeyi_Mosque,Point(29.04573333 41.04516944),7.276,41.04516944,29.04573333,7,http://www.wikidata.org/entity/Q811979,Beylerbeyi Mosque,architectural structure,B,violet
977,http://www.wikidata.org/entity/Q7130905,,https://en.wikipedia.org/wiki/Pangalt%C4%B1_Catholic_Cemetery,Point(28.985280555 41.0533),5.276,41.0533,28.985280555556,7,http://www.wikidata.org/entity/Q21554881,Pangaltı Catholic Cemetery,Catholic cemetery,B,violet
979,http://www.wikidata.org/entity/Q7319839,,https://en.wikipedia.org/wiki/Rezan_Has_Museum,Point(28.95969 41.02401),2.384,41.02401,28.95969,7,http://www.wikidata.org/entity/Q614316,Rezan Has Museum,private museum,B,violet
981,http://www.wikidata.org/entity/Q7636823,,"https://en.wikipedia.org/wiki/Sultantepe,_%C3%9Csk%C3%BCdar",Point(29.0211 41.0281),4.498,41.0281,29.0211,7,http://www.wikidata.org/entity/Q17051044,Sultantepe,mahalle,B,violet
982,http://www.wikidata.org/entity/Q7666785,,"https://en.wikipedia.org/wiki/S%C3%BCtl%C3%BCce,_Beyo%C4%9Flu",Point(28.9401 41.0509),5.788,41.0509,28.9401,7,http://www.wikidata.org/entity/Q17051044,Sütlüce,mahalle,B,violet
983,http://www.wikidata.org/entity/Q8077543,,"https://en.wikipedia.org/wiki/%C3%87ar%C5%9Famba,_Fatih",Point(28.945788888 41.027855555),3.474,41.027855555556,28.945788888889,7,http://www.wikidata.org/entity/Q2983893,Çarşamba,quarter,B,violet
984,http://www.wikidata.org/entity/Q8082557,,https://en.wikipedia.org/wiki/%C5%9Ei%C5%9Fli_Armenian_Cemetery,Point(28.99032 41.06518),6.649,41.06518,28.99032,7,http://www.wikidata.org/entity/Q39614,Şişli Armenian Cemetery,cemetery,B,violet
985,http://www.wikidata.org/entity/Q15961666,,https://en.wikipedia.org/wiki/Ahmet_Hamdi_Tanp%C4%B1nar_Literature_Museum_Library,Point(28.97827 41.01098),0.55,41.01098,28.97827,7,http://www.wikidata.org/entity/Q166118,Ahmet Hamdi Tanpınar Literature Museum Library,archive,B,violet
989,http://www.wikidata.org/entity/Q16331062,,https://en.wikipedia.org/wiki/Sekbanba%C5%9F%C4%B1_Mosque,Point(28.955805555 41.016527777),2.027,41.016527777778,28.955805555556,7,http://www.wikidata.org/entity/Q811979,Sekbanbaşı Mosque,architectural structure,B,violet
1000,http://www.wikidata.org/entity/Q19613989,,https://en.wikipedia.org/wiki/%C5%9Ei%C5%9Fli%E2%80%94Mecidiyek%C3%B6y_(Istanbul_Metro),Point(28.992563269 41.064362741),6.597,41.064362741904,28.992563269634,7,http://www.wikidata.org/entity/Q1147171,Şişli—Mecidiyeköy,interchange station,B,violet
1002,http://www.wikidata.org/entity/Q20471319,,https://en.wikipedia.org/wiki/Surp_Takavor_Church,Point(29.024315 40.989913),4.459,40.989913,29.024315,7,http://www.wikidata.org/entity/Q16970,Surp Takavor Church,church building,B,violet
1004,http://www.wikidata.org/entity/Q20718167,,https://en.wikipedia.org/wiki/Topkap%C4%B1-Ulubatl%C4%B1_(Istanbul_Metro),Point(28.929993951 41.024297626),4.334,41.024297626408,28.929993951694,7,http://www.wikidata.org/entity/Q1147171,Topkapı—Ulubatlı,interchange station,B,violet
1008,http://www.wikidata.org/entity/Q25472474,,https://en.wikipedia.org/wiki/Kabata%C5%9F_(Istanbul_Metro),Point(28.992451236 41.034157607),3.387,41.034157607833,28.992451236484,7,http://www.wikidata.org/entity/Q1147171,Kabataş Transfer Center,interchange station,B,violet
1009,http://www.wikidata.org/entity/Q6050975,https://de.wikipedia.org/wiki/Mabeyn,https://en.wikipedia.org/wiki/Mabeyn-i_h%C3%BCmayun,Point(29.0249233 41.1199036),13.276,41.1199036,29.0249233,7,http://www.wikidata.org/entity/Q811979,Mabeyn-i hümayun,architectural structure,B,violet
1011,http://www.wikidata.org/entity/Q15078111,https://de.wikipedia.org/wiki/%C4%B0sfanbul,,Point(28.922099 41.070317),8.419,41.070317,28.922099,7,http://www.wikidata.org/entity/Q194195,Vialand,amusement park,B,violet
1014,http://www.wikidata.org/entity/Q6101566,https://de.wikipedia.org/wiki/%C4%B0stanbul_Finans_Merkezi,https://en.wikipedia.org/wiki/Istanbul_Financial_Center,Point(29.109722222 41.001666666),11.244,41.001666666667,29.109722222222,7,http://www.wikidata.org/entity/Q1497364,Istanbul Financial Center,building complex,B,violet
1015,http://www.wikidata.org/entity/Q24298851,https://de.wikipedia.org/wiki/Volkswagen_Arena_Istanbul,https://en.wikipedia.org/wiki/Volkswagen_Arena_(Istanbul),Point(29.007814 41.109018),11.722,41.109018,29.007814,7,http://www.wikidata.org/entity/Q1076486,Volkswagen Arena Istanbul,sports venue,B,violet
1016,http://www.wikidata.org/entity/Q831926,https://de.wikipedia.org/wiki/Deutsche_Schule_Istanbul,https://en.wikipedia.org/wiki/Deutsche_Schule_Istanbul,Point(28.97555556 41.02777778),2.379,41.02777778,28.97555556,6,http://www.wikidata.org/entity/Q423208,Deutsche Schule Istanbul,private school,B,violet
1018,http://www.wikidata.org/entity/Q851710,https://de.wikipedia.org/wiki/Sultan-Ahmed-Gef%C3%A4ngnis,https://en.wikipedia.org/wiki/Sultanahmet_Jail,Point(28.979952 41.006387),0.342,41.006387,28.979952,6,http://www.wikidata.org/entity/Q63099748,Sultanahmet Jail,hotel building,B,violet
1020,http://www.wikidata.org/entity/Q877179,https://de.wikipedia.org/wiki/St._Georgs-Kolleg,https://en.wikipedia.org/wiki/St._George%27s_Austrian_High_School,Point(28.97333333 41.02444444),2.02,41.02444444,28.97333333,6,http://www.wikidata.org/entity/Q1574810,St. George's Austrian High School,Academy of Commerce,B,violet
1024,http://www.wikidata.org/entity/Q1661139,https://de.wikipedia.org/wiki/Independen%C8%9Ba_(Schiff),https://en.wikipedia.org/wiki/MT_Independen%C8%9Ba,Point(29.007777777 40.994166666),3.002,40.994166666667,29.007777777778,6,http://www.wikidata.org/entity/Q11446,MT Independenţa,ship,B,violet
1025,http://www.wikidata.org/entity/Q2811614,https://de.wikipedia.org/wiki/Turkcell_Kuru%C3%A7e%C5%9Fme_Arena,https://en.wikipedia.org/wiki/Kuru%C3%A7e%C5%9Fme_Arena,Point(29.033638888 41.052166666),7.028,41.052166666667,29.033638888889,6,http://www.wikidata.org/entity/Q1060829,Kuruçeşme Arena,concert hall,B,violet
1027,http://www.wikidata.org/entity/Q2112323,https://de.wikipedia.org/wiki/Proje4L/Elgiz_Museum_of_Contemporary_Art,https://en.wikipedia.org/wiki/Elgiz_Museum,Point(29.02044444 41.10983333),12.095,41.10983333,29.02044444,6,http://www.wikidata.org/entity/Q207694,Proje4L / Elgiz Museum of Contemporary Art,art museum,B,violet
1029,http://www.wikidata.org/entity/Q3564223,https://de.wikipedia.org/wiki/Zo%C4%9Frafyon-Gymnasium,https://en.wikipedia.org/wiki/Zografeion_Lyceum,Point(28.9797 41.0333),3.01,41.0333,28.9797,6,http://www.wikidata.org/entity/Q423208,Zografeion Lyceum,private school,B,violet
1031,http://www.wikidata.org/entity/Q4867763,https://de.wikipedia.org/wiki/Sepet%C3%A7iler_K%C3%B6%C5%9Fk%C3%BC,https://en.wikipedia.org/wiki/Basketmakers%27_Kiosk,Point(28.98111111 41.01638889),1.196,41.01638889,28.98111111,6,http://www.wikidata.org/entity/Q570116,Basketmakers' Kiosk,tourist attraction,B,violet
1033,http://www.wikidata.org/entity/Q2329610,https://de.wikipedia.org/wiki/Stammesschule_(Osmanisches_Reich),https://en.wikipedia.org/wiki/Mekteb-i_A%C5%9Firet-i_Humayun,Point(28.9917393 41.0355759),3.508,41.0355759,28.9917393,6,http://www.wikidata.org/entity/Q35112127,Mekteb-i Aşiret-i Humayun,historic building,B,violet
1035,http://www.wikidata.org/entity/Q1205651,https://de.wikipedia.org/wiki/Deutsches_Generalkonsulat_Istanbul,,Point(28.98916667 41.03527778),3.401,41.03527778,28.98916667,6,http://www.wikidata.org/entity/Q372690,"Consulate General of Germany, Istanbul",consulate general,B,violet
1036,http://www.wikidata.org/entity/Q2656330,https://de.wikipedia.org/wiki/Tokatl%C4%B1yan-Hotel,https://en.wikipedia.org/wiki/Tokatl%C4%B1yan_Hotels,Point(28.9783478 41.0341797),3.098,41.0341797,28.9783478,6,http://www.wikidata.org/entity/Q256020,Tokatliyan Hotels,inn,B,violet
1039,http://www.wikidata.org/entity/Q4817892,https://de.wikipedia.org/wiki/Silahtara%C4%9Fa_Elektrik_Santral%C4%B1,https://en.wikipedia.org/wiki/Silahtara%C4%9Fa_Power_Station,Point(28.94583333 41.06722222),7.219,41.06722222,28.94583333,6,http://www.wikidata.org/entity/Q159719,Silahtarağa Power Station,power station,B,violet
1041,http://www.wikidata.org/entity/Q1089455,,https://en.wikipedia.org/wiki/Elmal%C4%B1-2_Dam,Point(29.11718 41.07625),14.17,41.07625,29.11718,6,http://www.wikidata.org/entity/Q12323,Elmalı-2 Dam,dam,B,violet
1042,http://www.wikidata.org/entity/Q1447450,,"https://en.wikipedia.org/wiki/G%C3%BCltepe,_Ka%C4%9F%C4%B1thane",Point(28.993888888 41.078888888),8.202,41.078888888889,28.993888888889,6,http://www.wikidata.org/entity/Q17051044,Gültepe,mahalle,B,violet
1043,http://www.wikidata.org/entity/Q1593224,,https://en.wikipedia.org/wiki/Bet_Israel_Synagogue_(Istanbul),Point(28.985722921 41.054376808),5.4,41.054376808832,28.9857229217,6,http://www.wikidata.org/entity/Q34627,Bet Israel Synagogue,synagogue,B,violet
1044,http://www.wikidata.org/entity/Q2747928,,https://en.wikipedia.org/wiki/Sabanc%C4%B1_Center,Point(29.01 41.085),9.198,41.085,29.01,6,http://www.wikidata.org/entity/Q1497364,Sabancı Center,building complex,B,violet
1045,http://www.wikidata.org/entity/Q2791622,,"https://en.wikipedia.org/wiki/%C3%87a%C4%9Flayan,_Ka%C4%9F%C4%B1thane",Point(28.981944444 41.076944444),7.862,41.076944444444,28.981944444444,6,http://www.wikidata.org/entity/Q17051044,Çağlayan,mahalle,B,violet
1046,http://www.wikidata.org/entity/Q2885011,,https://en.wikipedia.org/wiki/Alibey_Dam,Point(28.92039 41.10098),11.501,41.10098,28.92039,6,http://www.wikidata.org/entity/Q12323,Alibey Dam,dam,B,violet
1047,http://www.wikidata.org/entity/Q3072276,,https://en.wikipedia.org/wiki/Naum_Theatre,Point(28.978083333 41.033972222),3.073,41.033972222222,28.978083333333,6,http://www.wikidata.org/entity/Q153562,Naum Theatre,opera house,B,violet
1049,http://www.wikidata.org/entity/Q3191643,,https://en.wikipedia.org/wiki/Kabata%C5%9F_Boys_High_School,Point(29.0227 41.0466),5.952,41.0466,29.0227,6,http://www.wikidata.org/entity/Q9826,Kabataş Boys High School,high school,B,violet
1050,http://www.wikidata.org/entity/Q3268867,,https://en.wikipedia.org/wiki/Lyc%C3%A9e_Notre_Dame_de_Sion_Istanbul,Point(28.98602222 41.04472222),4.347,41.04472222,28.98602222,6,http://www.wikidata.org/entity/Q2511322,Lycée Notre Dame de Sion Istanbul,lycée,B,violet
1053,http://www.wikidata.org/entity/Q3409182,,https://en.wikipedia.org/wiki/Yanbol_Synagogue,Point(28.948333333 41.033333333),3.784,41.033333333333,28.948333333333,6,http://www.wikidata.org/entity/Q34627,Yanbol Synagogue,synagogue,B,violet
1054,http://www.wikidata.org/entity/Q3866036,,https://en.wikipedia.org/wiki/K%C4%B1rm%C4%B1z%C4%B1_Minare_Mosque,Point(28.95083333 41.04194444),4.477,41.04194444,28.95083333,6,http://www.wikidata.org/entity/Q811979,Kırmızı Beyoğlu Mosque,architectural structure,B,violet
1057,http://www.wikidata.org/entity/Q4835770,,https://en.wikipedia.org/wiki/BJK_Akatlar_Arena,Point(29.02341 41.0868),9.79,41.0868,29.02341,6,http://www.wikidata.org/entity/Q1076486,BJK Akatlar Arena,sports venue,B,violet
1058,http://www.wikidata.org/entity/Q4998766,,"https://en.wikipedia.org/wiki/Burhaniye,_%C3%9Csk%C3%BCdar",Point(29.0534 41.0283),6.946,41.0283,29.0534,6,http://www.wikidata.org/entity/Q17051044,Burhaniye,mahalle,B,violet
1059,http://www.wikidata.org/entity/Q5656849,,"https://en.wikipedia.org/wiki/Harem,_%C3%9Csk%C3%BCdar",Point(29.010338888 41.010688888),2.931,41.010688888889,29.010338888889,6,http://www.wikidata.org/entity/Q2983893,Harem,quarter,B,violet
1060,http://www.wikidata.org/entity/Q6021475,,https://en.wikipedia.org/wiki/Tomb_of_Hayreddin_Barbarossa,Point(29.00666667 41.04166667),4.697,41.04166667,29.00666667,6,http://www.wikidata.org/entity/Q838159,Tomb of Hayreddin Barbarossa,türbe,B,violet
1061,http://www.wikidata.org/entity/Q6027749,,https://en.wikipedia.org/wiki/Camondo_Stairs,Point(28.97378 41.02397),1.964,41.02397,28.97378,6,http://www.wikidata.org/entity/Q12511,Camondo stairs,stairs,B,violet
1064,http://www.wikidata.org/entity/Q6040926,,"https://en.wikipedia.org/wiki/Cafera%C4%9Fa,_Kad%C4%B1k%C3%B6y",Point(29.02575 40.985039),4.812,40.985039,29.02575,6,http://www.wikidata.org/entity/Q17051044,Caferağa,mahalle,B,violet
1065,http://www.wikidata.org/entity/Q6043105,,https://en.wikipedia.org/wiki/Adile_Sultan_Pavilion,Point(29.041666666 41.013611111),5.579,41.013611111111,29.041666666667,6,http://www.wikidata.org/entity/Q811979,Adile Sultan Pavilion,architectural structure,B,violet
1067,http://www.wikidata.org/entity/Q6044131,,"https://en.wikipedia.org/wiki/Rasimpa%C5%9Fa,_Kad%C4%B1k%C3%B6y",Point(29.0251 40.9969),4.263,40.9969,29.0251,6,http://www.wikidata.org/entity/Q17051044,Rasimpaşa,mahalle,B,violet
1068,http://www.wikidata.org/entity/Q6049646,,https://en.wikipedia.org/wiki/K%C3%BC%C3%A7%C3%BCkbakkalk%C3%B6y,Point(29.115448 40.983086),11.997,40.983086,29.115448,6,http://www.wikidata.org/entity/Q17051044,Küçükbakkalköy,mahalle,B,violet
1073,http://www.wikidata.org/entity/Q6059075,,"https://en.wikipedia.org/wiki/Merdivenk%C3%B6y,_Kad%C4%B1k%C3%B6y",Point(29.06888889 40.9875),8.083,40.9875,29.06888889,6,http://www.wikidata.org/entity/Q17051044,Merdivenköy,mahalle,B,violet
1074,http://www.wikidata.org/entity/Q6065577,,https://en.wikipedia.org/wiki/Barbaros_Boulevard,Point(29.0094 41.0547),6.064,41.0547,29.0094,6,http://www.wikidata.org/entity/Q54114,Barbaros Boulevard,boulevard,B,violet
1075,http://www.wikidata.org/entity/Q6068533,,https://en.wikipedia.org/wiki/Mollag%C3%BCrani,Point(28.941835 41.01295783),2.948,41.01295783,28.941835,6,http://www.wikidata.org/entity/Q17051044,Molla Gürani,mahalle,B,violet
1077,http://www.wikidata.org/entity/Q6068748,,https://en.wikipedia.org/wiki/Vi%C5%9Fnezade,Point(28.999166666 41.042222222),4.438,41.042222222222,28.999166666667,6,http://www.wikidata.org/entity/Q17051044,Vişnezade,mahalle,B,violet
1078,http://www.wikidata.org/entity/Q6070552,,https://en.wikipedia.org/wiki/Terazidere,Point(28.90141 41.03275),6.901,41.03275,28.90141,6,http://www.wikidata.org/entity/Q17051044,Terazidere,mahalle,B,violet
1080,http://www.wikidata.org/entity/Q6074143,,https://en.wikipedia.org/wiki/Sanki_Yedim_Mosque,Point(28.953194444 41.018694444),2.344,41.018694444444,28.953194444444,6,http://www.wikidata.org/entity/Q811979,Sanki Yedim Mosque,architectural structure,B,violet
1083,http://www.wikidata.org/entity/Q6075419,,https://en.wikipedia.org/wiki/Feneryolu,Point(29.04944444 40.98194444),6.746,40.98194444,29.04944444,6,http://www.wikidata.org/entity/Q17051044,Feneryolu,mahalle,B,violet
1087,http://www.wikidata.org/entity/Q6084421,,https://en.wikipedia.org/wiki/Grand_Post_Office,Point(28.973888888 41.014444444),0.912,41.014444444444,28.973888888889,6,http://www.wikidata.org/entity/Q811979,Istanbul Main Post Office,architectural structure,B,violet
1088,http://www.wikidata.org/entity/Q6085494,,"https://en.wikipedia.org/wiki/Bulgurlu,_%C3%9Csk%C3%BCdar",Point(29.076846 41.0167237),8.55,41.0167237,29.076846,6,http://www.wikidata.org/entity/Q17051044,Bulgurlu,mahalle,B,violet
1089,http://www.wikidata.org/entity/Q6089952,,"https://en.wikipedia.org/wiki/Kazl%C4%B1%C3%A7e%C5%9Fme,_Zeytinburnu",Point(28.91 40.98722222),5.924,40.98722222,28.91,6,http://www.wikidata.org/entity/Q17051044,Kazlıçeşme,mahalle,B,violet
1090,http://www.wikidata.org/entity/Q6090788,,"https://en.wikipedia.org/wiki/Erenk%C3%B6y,_Kad%C4%B1k%C3%B6y",Point(29.07527778 40.97277778),9.142,40.97277778,29.07527778,6,http://www.wikidata.org/entity/Q17051044,Erenköy,mahalle,B,violet
1091,http://www.wikidata.org/entity/Q6101487,,https://en.wikipedia.org/wiki/Altunizade,Point(29.046217 41.019268),6.073,41.019268,29.046217,6,http://www.wikidata.org/entity/Q17051044,Altunizade,mahalle,B,violet
1092,http://www.wikidata.org/entity/Q6345873,,https://en.wikipedia.org/wiki/Kad%C4%B1k%C3%B6y_%C4%B0nciburnu_Lighthouse,Point(29.01488056 40.99256111),3.616,40.99256111,29.01488056,6,http://www.wikidata.org/entity/Q39715,Kadıköy İnciburnu Feneri,lighthouse,B,violet
1093,http://www.wikidata.org/entity/Q6819633,,https://en.wikipedia.org/wiki/Merkezefendi_Cemetery,Point(28.92084 41.01537),4.724,41.01537,28.92084,6,http://www.wikidata.org/entity/Q39614,Merkezefendi Cemetery,cemetery,B,violet
1094,http://www.wikidata.org/entity/Q8052347,,https://en.wikipedia.org/wiki/Yenisahra,Point(29.090681 40.988728),9.833,40.988728,29.090681,6,http://www.wikidata.org/entity/Q17051044,Yenisahra,mahalle,B,violet
1095,http://www.wikidata.org/entity/Q8080040,,https://en.wikipedia.org/wiki/%C4%B0cadiye,Point(29.0339 41.0269),5.376,41.0269,29.0339,6,http://www.wikidata.org/entity/Q17051044,İcadiye,mahalle,B,violet
1096,http://www.wikidata.org/entity/Q8080241,,https://en.wikipedia.org/wiki/%C4%B0stinye_Park,Point(29.0329 41.1104),12.515,41.1104,29.0329,6,http://www.wikidata.org/entity/Q31374404,İstinye Park,shopping mall,B,violet
1097,http://www.wikidata.org/entity/Q11173914,,https://en.wikipedia.org/wiki/Vefa_Stadium,Point(28.939 41.0278),3.904,41.0278,28.939,6,http://www.wikidata.org/entity/Q1154710,Vefa Stadium,association football venue,B,violet
1099,http://www.wikidata.org/entity/Q12810910,,"https://en.wikipedia.org/wiki/Mollafenari,_Fatih",Point(28.971215 41.010131),0.571,41.010131,28.971215,6,http://www.wikidata.org/entity/Q17051044,Molla Fenari,mahalle,B,violet
1100,http://www.wikidata.org/entity/Q12811372,,https://en.wikipedia.org/wiki/Perili_K%C3%B6%C5%9Fk,Point(29.05657 41.08907),11.416,41.08907,29.05657,6,http://www.wikidata.org/entity/Q1802963,Perili Köşk,mansion,B,violet
1103,http://www.wikidata.org/entity/Q12811767,,"https://en.wikipedia.org/wiki/Selimiye,_%C3%9Csk%C3%BCdar",Point(29.019806 41.003857),3.697,41.003857,29.019806,6,http://www.wikidata.org/entity/Q17051044,Selimiye,mahalle,B,violet
1104,http://www.wikidata.org/entity/Q15228896,,https://en.wikipedia.org/wiki/Istanbul_Postal_Museum,Point(28.97361 41.01485),0.961,41.01485,28.97361,6,http://www.wikidata.org/entity/Q2106220,Istanbul Postal Museum,postal museum,B,violet
1106,http://www.wikidata.org/entity/Q15533769,,https://en.wikipedia.org/wiki/Kad%C4%B1k%C3%B6y_Haldun_Taner_Stage,Point(29.0232 40.9918),4.29,40.9918,29.0232,6,http://www.wikidata.org/entity/Q24354,Kadıköy Haldun Taner Stage,theatre building,B,violet
1107,http://www.wikidata.org/entity/Q16850295,,https://en.wikipedia.org/wiki/Istanbul_Museum_of_the_History_of_Science_and_Technology_in_Islam,Point(28.9796 41.0138),0.882,41.0138,28.9796,6,http://www.wikidata.org/entity/Q588140,Istanbul Museum of the History of Science and Technology in Islam,science museum,B,violet
1110,http://www.wikidata.org/entity/Q18712646,,https://en.wikipedia.org/wiki/Yenikap%C4%B1_Transfer_Center,Point(28.951458999 41.005599763),2.05,41.005599763556,28.951458999108,6,http://www.wikidata.org/entity/Q1147171,Yenikapı Transfer Center,interchange station,B,violet
1112,http://www.wikidata.org/entity/Q18712770,,https://en.wikipedia.org/wiki/Atat%C3%BCrk_Havaliman%C4%B1_(Istanbul_Metro),Point(28.821192488 40.979428101),13.323,40.9794281017,28.821192488419,6,http://www.wikidata.org/entity/Q1147171,Atatürk Havalimanı,interchange station,B,violet
1117,http://www.wikidata.org/entity/Q18786563,,https://en.wikipedia.org/wiki/Hali%C3%A7_(Istanbul_Metro),Point(28.96683559 41.022822594),1.979,41.022822594411,28.966835590506,6,http://www.wikidata.org/entity/Q1147171,Haliç,interchange station,B,violet
1120,http://www.wikidata.org/entity/Q18787706,,https://en.wikipedia.org/wiki/Kirazl%C4%B1_(Istanbul_Metro),Point(28.842283404 41.031900478),11.561,41.031900478612,28.842283404778,6,http://www.wikidata.org/entity/Q1147171,Kirazlı (M1),interchange station,B,violet
1124,http://www.wikidata.org/entity/Q18809273,,https://en.wikipedia.org/wiki/Otogar_(Istanbul_Metro),Point(28.894566783 41.040103627),7.783,41.04010362794,28.894566783744,6,http://www.wikidata.org/entity/Q1147171,Otogar,interchange station,B,violet
1127,http://www.wikidata.org/entity/Q19613987,,https://en.wikipedia.org/wiki/%C5%9Ei%C5%9Fhane_(Istanbul_Metro),Point(28.972939168 41.028368078),2.457,41.028368078426,28.972939168239,6,http://www.wikidata.org/entity/Q1147171,Şişhane-Zemin İstanbul,interchange station,B,violet
1134,http://www.wikidata.org/entity/Q20470914,,https://en.wikipedia.org/wiki/Levent_(Istanbul_Metro),Point(29.013796155 41.076909469),8.462,41.076909469645,29.013796155425,6,http://www.wikidata.org/entity/Q1147171,Levent (M2),interchange station,B,violet
1139,http://www.wikidata.org/entity/Q20717398,,https://en.wikipedia.org/wiki/Gayrettepe_(Istanbul_Metro),Point(29.011378147 41.069136778),7.587,41.069136778731,29.011378147328,6,http://www.wikidata.org/entity/Q1147171,Gayrettepe (M2),interchange station,B,violet
1146,http://www.wikidata.org/entity/Q21526619,,https://en.wikipedia.org/wiki/Merter_(Istanbul_Metro),Point(28.896208911 41.007452142),6.685,41.007452142865,28.896208911539,6,http://www.wikidata.org/entity/Q1147171,Merter,interchange station,B,violet
1148,http://www.wikidata.org/entity/Q21527390,,https://en.wikipedia.org/wiki/Zeytinburnu_(Istanbul_Metro),Point(28.889582726 41.002350885),7.254,41.002350885284,28.889582726666,6,http://www.wikidata.org/entity/Q1147171,Zeytinburnu Transfer Center,interchange station,B,violet
1151,http://www.wikidata.org/entity/Q31193235,,https://en.wikipedia.org/wiki/R%C3%BCstem_Pasha_Medrese,Point(28.972428 41.013182),0.81,41.013182,28.972428,6,http://www.wikidata.org/entity/Q132834,Rüstem Pasha Medrese,madrasa,B,violet
1158,http://www.wikidata.org/entity/Q100320010,,https://en.wikipedia.org/wiki/Tahtakale_Hamam,Point(28.968 41.017694444),1.421,41.017694444444,28.968,6,http://www.wikidata.org/entity/Q28077,Tahtakale Hamam,hammam,B,violet
1159,http://www.wikidata.org/entity/Q101279639,,https://en.wikipedia.org/wiki/447_Constantinople_earthquake,Point(29.0 41.0),2.145,41.008,28.978,6,http://www.wikidata.org/entity/Q7944,Constantinople earthquake of 447,earthquake,B,violet
1165,http://www.wikidata.org/entity/Q108000657,,https://en.wikipedia.org/wiki/Mimar_Sinan_Mosque,Point(29.11225 40.995666666),11.506,40.995666666667,29.11225,6,http://www.wikidata.org/entity/Q32815,Mimar Sinan Mosque,mosque,B,violet
1166,http://www.wikidata.org/entity/Q111988445,,https://en.wikipedia.org/wiki/Bulgur_Palas,Point(28.943888888 41.006944444),2.684,41.006944444444,28.943888888889,6,http://www.wikidata.org/entity/Q1329623,Bulgur Palace,cultural center,B,violet
1169,http://www.wikidata.org/entity/Q118946730,,https://en.wikipedia.org/wiki/Barbaros_Hayrettin_Pasha_Mosque,Point(29.014472222 41.078527777),8.65,41.078527777778,29.014472222222,6,http://www.wikidata.org/entity/Q32815,Barbaros Hayrettin Pasha Mosque,mosque,B,violet
1170,http://www.wikidata.org/entity/Q122950173,,https://en.wikipedia.org/wiki/Mor_Ephrem_Syriac_Orthodox_Church,Point(28.824638888 40.95975),13.712,40.95975,28.824638888889,6,http://www.wikidata.org/entity/Q16970,Mor Ephrem Syriac Orthodox Church,church building,B,violet
1171,http://www.wikidata.org/entity/Q124952951,,https://en.wikipedia.org/wiki/Cistern_of_Pulcheria,Point(28.95 41.025),3.0,41.025,28.95,6,http://www.wikidata.org/entity/Q93429857,Cistern of Pulcheria,ancient Roman cistern,B,violet
1172,http://www.wikidata.org/entity/Q19840235,https://de.wikipedia.org/wiki/Denkmal_f%C3%BCr_den_V%C3%B6lkermord_an_den_Armeniern_in_Istanbul,https://en.wikipedia.org/wiki/Istanbul_Armenian_Genocide_memorial,Point(28.987666666 41.041694444),4.049,41.041694444444,28.987666666667,6,http://www.wikidata.org/entity/Q4989906,Istanbul Armenian Genocide memorial,monument,B,violet
1174,http://www.wikidata.org/entity/Q12810764,https://de.wikipedia.org/wiki/Mayor-Synagoge_(Istanbul),"https://en.wikipedia.org/wiki/Mayor_Synagogue,_Istanbul",Point(28.95138889 41.03972222),4.238,41.03972222,28.95138889,6,http://www.wikidata.org/entity/Q34627,"Mayor Synagogue, Istanbul",synagogue,B,violet
1175,http://www.wikidata.org/entity/Q20855697,https://de.wikipedia.org/wiki/Frauenmuseum_Istanbul,https://en.wikipedia.org/wiki/Women%27s_Museum_Istanbul,Point(28.981369444 41.011638888),0.745,41.011638888889,28.981369444444,6,http://www.wikidata.org/entity/Q1225034,Women's Museum Istanbul,virtual museum,B,violet
1177,http://www.wikidata.org/entity/Q130384910,https://de.wikipedia.org/wiki/Basketbol_Geli%C5%9Fim_Merkezi,https://en.wikipedia.org/wiki/Basketball_Development_Center,Point(28.919166666 40.995833333),4.901,40.995833333333,28.919166666667,6,http://www.wikidata.org/entity/Q1763828,Basketball Development Center,multi-purpose hall,B,violet
1178,http://www.wikidata.org/entity/Q1052134,https://de.wikipedia.org/wiki/Ca%C4%9Falo%C4%9Flu_Anadolu_Lisesi,https://en.wikipedia.org/wiki/Ca%C4%9Falo%C4%9Flu_Anatolian_High_School,Point(28.973517 41.00922),0.372,41.00922,28.973517,5,http://www.wikidata.org/entity/Q1080794,Cağaloğlu Anatolian High School,public school,B,violet
1180,http://www.wikidata.org/entity/Q344292,https://de.wikipedia.org/wiki/%C4%B0stanbul_Erkek_Lisesi,https://en.wikipedia.org/wiki/Istanbul_High_School,Point(28.973825 41.012134),0.662,41.012134,28.973825,5,http://www.wikidata.org/entity/Q159334,Istanbul High School,secondary school,B,violet
1182,http://www.wikidata.org/entity/Q5686262,https://de.wikipedia.org/wiki/Englischer_Friedhof_Haydarpa%C5%9Fa,https://en.wikipedia.org/wiki/Haydarpa%C5%9Fa_Cemetery,Point(29.01957 40.99993),3.736,40.99993,29.01957,5,http://www.wikidata.org/entity/Q39614,Haydarpaşa Cemetery,cemetery,B,violet
1183,http://www.wikidata.org/entity/Q6040087,https://de.wikipedia.org/wiki/Georgisch-Katholische_Kirche_Bomonti,"https://en.wikipedia.org/wiki/Our_Lady_of_Lourdes_Church,_Istanbul",Point(28.98277778 41.05861111),5.836,41.05861111,28.98277778,5,http://www.wikidata.org/entity/Q16970,"Our Lady of Lourdes Church, Istanbul",church building,B,violet
1184,http://www.wikidata.org/entity/Q7246046,https://de.wikipedia.org/wiki/Armenische_Privatschule_Pangalt%C4%B1,https://en.wikipedia.org/wiki/Pangalt%C4%B1_Mkhitaryan_School,Point(28.988448 41.051424),5.118,41.051424,28.988448,5,http://www.wikidata.org/entity/Q9826,Private Armenian School of Pangaltı,high school,B,violet
1186,http://www.wikidata.org/entity/Q7855223,https://de.wikipedia.org/wiki/T%C3%BCrkische_Luftwaffenakademie,https://en.wikipedia.org/wiki/Turkish_Air_Force_Academy,Point(28.8404 40.9682),12.137,40.9682,28.8404,5,http://www.wikidata.org/entity/Q875538,Turkish Air Force Academy,public university,B,violet
1188,http://www.wikidata.org/entity/Q550321,,https://en.wikipedia.org/wiki/Tekstilkent_Koza_Plaza,Point(28.8642 41.0686),11.644,41.0686,28.8642,5,http://www.wikidata.org/entity/Q41176,Tekstilkent Plaza,building,B,violet
1192,http://www.wikidata.org/entity/Q2690028,,https://en.wikipedia.org/wiki/Ferik%C3%B6y,Point(28.97999 41.04939),4.795,41.04939,28.97999,5,http://www.wikidata.org/entity/Q17051044,Feriköy,mahalle,B,violet
1193,http://www.wikidata.org/entity/Q3404592,,"https://en.wikipedia.org/wiki/Mahmutpasha_Bazaar,_Istanbul",Point(28.969815 41.011176),0.737,41.011176,28.969815,5,http://www.wikidata.org/entity/Q219760,Mahmutpasha Bazaar,bazaar,B,violet
1194,http://www.wikidata.org/entity/Q3408926,,https://en.wikipedia.org/wiki/2010_Istanbul_bombing,Point(28.9846 41.0369),3.471,41.0369,28.9846,5,http://www.wikidata.org/entity/Q18493502,2010 Istanbul bomb blast,suicide bombing,B,violet
1196,http://www.wikidata.org/entity/Q3663033,,https://en.wikipedia.org/wiki/Kandilli_Earthquake_Museum,Point(29.05991 41.06383),9.512,41.06383,29.05991,5,http://www.wikidata.org/entity/Q33506,Kandilli Earthquake Museum,museum,B,violet
1197,http://www.wikidata.org/entity/Q3739364,,https://en.wikipedia.org/wiki/M%C4%B1s%C4%B1r_Apartment,Point(28.97666667 41.0325),2.905,41.0325,28.97666667,5,http://www.wikidata.org/entity/Q811979,Mısır Apartment,architectural structure,B,violet
1198,http://www.wikidata.org/entity/Q3777012,,https://en.wikipedia.org/wiki/2010_FIBA_World_Championship_final,Point(28.8539 40.9885),10.427,40.9885,28.8539,5,http://www.wikidata.org/entity/Q1366722,2010 FIBA World Championship final,final,B,violet
1199,http://www.wikidata.org/entity/Q4806513,,https://en.wikipedia.org/wiki/Hilton_Istanbul_Bosphorus,Point(28.9899 41.0446),4.409,41.0446,28.9899,5,http://www.wikidata.org/entity/Q18142,Hilton Istanbul Bosphorus,tower block,B,violet
1201,http://www.wikidata.org/entity/Q4849621,,https://en.wikipedia.org/wiki/Bak%C4%B1rk%C3%B6y_railway_station,Point(28.872555086 40.980310292),9.142,40.980310292037,28.872555086412,5,http://www.wikidata.org/entity/Q1147171,Bakırköy railway station,interchange station,B,violet
1205,http://www.wikidata.org/entity/Q5058633,,https://en.wikipedia.org/wiki/Cemal_Re%C5%9Fit_Rey_Concert_Hall,Point(28.99 41.04805556),4.783,41.04805556,28.99,5,http://www.wikidata.org/entity/Q1060829,Cemal Reşit Rey Concert Hall,concert hall,B,violet
1209,http://www.wikidata.org/entity/Q6033590,,https://en.wikipedia.org/wiki/Barbaros_Monument,Point(29.00636111 41.04163889),4.681,41.04163889,29.00636111,5,http://www.wikidata.org/entity/Q179700,Barbaros Monument,statue,B,violet
1212,http://www.wikidata.org/entity/Q6036441,,"https://en.wikipedia.org/wiki/Fatih_Sultan_Mehmet,_Sar%C4%B1yer",Point(29.036 41.0954),11.108,41.0954,29.036,5,http://www.wikidata.org/entity/Q17051044,Fatih Sultan Mehmet,mahalle,B,violet
1214,http://www.wikidata.org/entity/Q6040355,,https://en.wikipedia.org/wiki/Osmana%C4%9Fa,Point(29.03039 40.989259),4.955,40.989259,29.03039,5,http://www.wikidata.org/entity/Q17051044,Osmanağa,mahalle,B,violet
1215,http://www.wikidata.org/entity/Q6041223,,"https://en.wikipedia.org/wiki/Hasanpa%C5%9Fa,_Kad%C4%B1k%C3%B6y",Point(29.041588 40.996213),5.629,40.996213,29.041588,5,http://www.wikidata.org/entity/Q17051044,Hasanpaşa,mahalle,B,violet
1217,http://www.wikidata.org/entity/Q6042681,,"https://en.wikipedia.org/wiki/19_May%C4%B1s,_Kad%C4%B1k%C3%B6y",Point(29.08861111 40.97333333),10.151,40.97333333,29.08861111,5,http://www.wikidata.org/entity/Q17051044,19 Mayıs,mahalle,B,violet
1218,http://www.wikidata.org/entity/Q6042885,,https://en.wikipedia.org/wiki/Z%C3%BCht%C3%BCpa%C5%9Fa,Point(29.0389261 40.986344),5.741,40.986344,29.0389261,5,http://www.wikidata.org/entity/Q17051044,Zühtüpaşa,mahalle,B,violet
1219,http://www.wikidata.org/entity/Q6047095,,"https://en.wikipedia.org/wiki/Suadiye,_Kad%C4%B1k%C3%B6y",Point(29.08138889 40.96111111),10.187,40.96111111,29.08138889,5,http://www.wikidata.org/entity/Q17051044,Suadiye,mahalle,B,violet
1220,http://www.wikidata.org/entity/Q6053818,,https://en.wikipedia.org/wiki/%C4%B0%C5%9Fbank_Museum,Point(28.9727863 41.015965),1.097,41.015965,28.9727863,5,http://www.wikidata.org/entity/Q18761864,Türkiye İş Bankası Museum,bank building,B,violet
1225,http://www.wikidata.org/entity/Q6062593,,"https://en.wikipedia.org/wiki/Mustafa_Kemal,_Ata%C5%9Fehir",Point(29.0952356 41.001533),10.03,41.001533,29.0952356,5,http://www.wikidata.org/entity/Q17051044,Mustafa Kemal,mahalle,B,violet
1229,http://www.wikidata.org/entity/Q6067948,,https://en.wikipedia.org/wiki/Atikali,Point(28.945187 41.02426483),3.253,41.02426483,28.945187,5,http://www.wikidata.org/entity/Q17051044,Atikali,mahalle,B,violet
1231,http://www.wikidata.org/entity/Q6069204,,"https://en.wikipedia.org/wiki/%C3%87%C4%B1r%C3%A7%C4%B1r,_Ey%C3%BCpsultan",Point(28.93629283 41.08270683),9.113,41.08270683,28.93629283,5,http://www.wikidata.org/entity/Q17051044,Çırçır,mahalle,B,violet
1236,http://www.wikidata.org/entity/Q6072012,,"https://en.wikipedia.org/wiki/Piyalepa%C5%9Fa,_Beyo%C4%9Flu",Point(28.963678 41.049047),4.853,41.049047,28.963678,5,http://www.wikidata.org/entity/Q17051044,Piyalepaşa,mahalle,B,violet
1239,http://www.wikidata.org/entity/Q6074146,,https://en.wikipedia.org/wiki/Karadolap,Point(28.93534883 41.074587),8.31,41.074587,28.93534883,5,http://www.wikidata.org/entity/Q17051044,Karadolap,mahalle,B,violet
1240,http://www.wikidata.org/entity/Q6074272,,https://en.wikipedia.org/wiki/Sahray%C4%B1cedit,Point(29.08472222 40.9825),9.513,40.9825,29.08472222,5,http://www.wikidata.org/entity/Q17051044,Sahrayıcedit,mahalle,B,violet
1249,http://www.wikidata.org/entity/Q6090202,,https://en.wikipedia.org/wiki/Panorama_1453_History_Museum,Point(28.920525 41.018182),4.825,41.018182,28.920525,5,http://www.wikidata.org/entity/Q33506,Panorama 1453 History Museum,museum,B,violet
1253,http://www.wikidata.org/entity/Q6100531,,"https://en.wikipedia.org/wiki/Fikirtepe,_Kad%C4%B1k%C3%B6y",Point(29.052562 40.993215),6.6,40.993215,29.052562,5,http://www.wikidata.org/entity/Q17051044,Fikirtepe,mahalle,B,violet
1256,http://www.wikidata.org/entity/Q7247329,,https://en.wikipedia.org/wiki/Procession_Kiosk,Point(28.978282947 41.011020624),0.554,41.011020624714,28.978282947115,5,http://www.wikidata.org/entity/Q276173,Procession Kiosk,pavilion,B,violet
1258,http://www.wikidata.org/entity/Q7672183,,https://en.wikipedia.org/wiki/TVF_Burhan_Felek_Sport_Hall,Point(29.029387 41.014603),4.582,41.014603,29.029387,5,http://www.wikidata.org/entity/Q1076486,TVF Burhan Felek Sport Hall,sports venue,B,violet
1259,http://www.wikidata.org/entity/Q8030968,,https://en.wikipedia.org/wiki/Women%27s_Library_and_Information_Centre_Foundation,Point(28.9505 41.030777777),3.448,41.030777777778,28.9505,5,http://www.wikidata.org/entity/Q7075,Women's Library and Information Centre Foundation,library,B,violet
1260,http://www.wikidata.org/entity/Q8053369,,https://en.wikipedia.org/wiki/Ye%C5%9Filk%C3%B6y_Feneri,Point(28.839166666 40.958333333),12.657,40.958333333333,28.839166666667,5,http://www.wikidata.org/entity/Q39715,Yeşilköy Feneri,lighthouse,B,violet
1265,http://www.wikidata.org/entity/Q12808635,,https://en.wikipedia.org/wiki/Ayakap%C4%B1,Point(28.9565 41.026666666),2.78,41.026666666667,28.9565,5,http://www.wikidata.org/entity/Q2983893,Ayakapı,quarter,B,violet
1266,http://www.wikidata.org/entity/Q12809497,,"https://en.wikipedia.org/wiki/E%C4%9Fitim,_Kad%C4%B1k%C3%B6y",Point(29.0490887 40.9890334),6.44,40.9890334,29.0490887,5,http://www.wikidata.org/entity/Q17051044,Eğitim,mahalle,B,violet
1267,http://www.wikidata.org/entity/Q12813027,,https://en.wikipedia.org/wiki/%C4%B0%C3%A7erenk%C3%B6y,Point(29.1164 40.9692),12.498,40.9692,29.1164,5,http://www.wikidata.org/entity/Q17051044,İçerenköy,mahalle,B,violet
1268,http://www.wikidata.org/entity/Q12885210,,https://en.wikipedia.org/wiki/Yeralt%C4%B1_Mosque,Point(28.97648333 41.02253333),1.797,41.02253333,28.97648333,5,http://www.wikidata.org/entity/Q811979,Yeraltı Camii,architectural structure,B,violet
1275,http://www.wikidata.org/entity/Q16152390,,https://en.wikipedia.org/wiki/Timeline_of_Istanbul,Point(28.955 41.0136),1.926,41.0136,28.955,5,http://www.wikidata.org/entity/Q18340550,timeline of Istanbul history,Wikimedia timeline,B,violet
1280,http://www.wikidata.org/entity/Q18712120,,https://en.wikipedia.org/wiki/Ayr%C4%B1l%C4%B1k_%C3%87e%C5%9Fmesi_railway_station,Point(29.030124739 41.000186609),4.604,41.00018660935,29.030124739384,5,http://www.wikidata.org/entity/Q1147171,Ayrılık Çeşmesi railway station,interchange station,B,violet
1283,http://www.wikidata.org/entity/Q18712605,,https://en.wikipedia.org/wiki/%C3%9Csk%C3%BCdar_railway_station,Point(29.01404541 41.025797394),3.862,41.025797394145,29.01404541037,5,http://www.wikidata.org/entity/Q1147171,Üsküdar railway station,interchange station,B,violet
1287,http://www.wikidata.org/entity/Q18712611,,https://en.wikipedia.org/wiki/Vezneciler_(Istanbul_Metro),Point(28.95941517 41.012168074),1.523,41.012168074569,28.959415170088,5,http://www.wikidata.org/entity/Q1147171,Vezneciler—İstanbul Üniversitesi,interchange station,B,violet
1290,http://www.wikidata.org/entity/Q18787562,,https://en.wikipedia.org/wiki/Ayr%C4%B1l%C4%B1k_%C3%87e%C5%9Fmesi_(Istanbul_Metro),Point(29.03017409 41.00024958),4.607,41.00024958097,29.030174090417,5,http://www.wikidata.org/entity/Q1147171,Ayrılık Çeşmesi,interchange station,B,violet
1292,http://www.wikidata.org/entity/Q19458352,,https://en.wikipedia.org/wiki/Ferik%C3%B6y_Cemetery,Point(28.971666666 41.048333333),4.678,41.048333333333,28.971666666667,5,http://www.wikidata.org/entity/Q2404995,Feriköy Cemetery,Islamic cemetery,B,violet
1293,http://www.wikidata.org/entity/Q19838938,,https://en.wikipedia.org/wiki/Istanbul_Subregion,Point(29.007426 41.047459),5.279,41.047459,29.007426,5,http://www.wikidata.org/entity/Q15042037,Istanbul Subregion,statistical territorial entity,B,violet
1296,http://www.wikidata.org/entity/Q20471350,,https://en.wikipedia.org/wiki/Surp_Yerrortutyun_Armenian_Church,Point(28.97758 41.034245),3.101,41.034245,28.97758,5,http://www.wikidata.org/entity/Q16970,Surp Yerrortutyun Armenian Church,church building,B,violet
1297,http://www.wikidata.org/entity/Q20471609,,https://en.wikipedia.org/wiki/Taksim_Surp_Harutyun_Church,Point(28.984126 41.035057),3.263,41.035057,28.984126,5,http://www.wikidata.org/entity/Q16970,Taksim Surp Harutyun Church,church building,B,violet
1298,http://www.wikidata.org/entity/Q20473177,,https://en.wikipedia.org/wiki/Gedikpa%C5%9Fa_Surp_Hovhannes_Church,Point(28.967398 41.00591),0.713,41.00591,28.967398,5,http://www.wikidata.org/entity/Q16970,Gedikpaşa Surp Hovhannes Church,church building,B,violet
1302,http://www.wikidata.org/entity/Q20717475,,https://en.wikipedia.org/wiki/%C4%B0.T.%C3%9C.%E2%80%94Ayaza%C4%9Fa_(Istanbul_Metro),Point(29.020987663 41.108079787),11.924,41.108079787508,29.020987663246,5,http://www.wikidata.org/entity/Q1147171,İTÜ—Ayazağa,interchange station,B,violet
1305,http://www.wikidata.org/entity/Q20718122,,https://en.wikipedia.org/wiki/Sanayi_(Istanbul_Metro),Point(29.005303121 41.09419083),10.071,41.094190830953,29.005303121193,5,http://www.wikidata.org/entity/Q1147171,Sanayi Mahallesi,interchange station,B,violet
1308,http://www.wikidata.org/entity/Q20949672,,https://en.wikipedia.org/wiki/Orhan_Kemal_Literature_Museum,Point(28.98357 41.03055),2.764,41.03055,28.98357,5,http://www.wikidata.org/entity/Q6659501,Orhan Kemal Literature Museum,living museum,B,violet
1311,http://www.wikidata.org/entity/Q20988314,,https://en.wikipedia.org/wiki/Bak%C4%B1rk%C3%B6y%E2%80%94%C4%B0ncirli_(Istanbul_Metro),Point(28.874667745 40.996585977),8.562,40.996585977762,28.874667745908,5,http://www.wikidata.org/entity/Q1147171,Bakırköy—İncirli,interchange station,B,violet
1322,http://www.wikidata.org/entity/Q21527336,,https://en.wikipedia.org/wiki/Yenibosna_(Istanbul_Metro),Point(28.837380322 40.989705072),11.769,40.989705072221,28.837380322981,5,http://www.wikidata.org/entity/Q1147171,Yenibosna (M1),interchange station,B,violet
1328,http://www.wikidata.org/entity/Q24934913,,https://en.wikipedia.org/wiki/Column_of_Leo,Point(28.984825 41.013276),1.073,41.013276,28.984825,5,http://www.wikidata.org/entity/Q1930585,Column of Leo,victory column,B,violet
1333,http://www.wikidata.org/entity/Q25474174,,https://en.wikipedia.org/wiki/Surp_Yerrortutyun_Armenian_Catholic_Church,Point(28.975472 41.031667),2.812,41.031667,28.975472,5,http://www.wikidata.org/entity/Q12825271,Surp Yerrortutyun Armenian Catholic Church,Eastern Catholic church,B,violet
1335,http://www.wikidata.org/entity/Q28197516,,https://en.wikipedia.org/wiki/Ba%C4%9Fc%C4%B1lar_Meydan_(Istanbul_Metro),Point(28.856407176 41.034695867),10.505,41.034695867845,28.856407176373,5,http://www.wikidata.org/entity/Q1147171,Bağcılar Meydan,interchange station,B,violet
1337,http://www.wikidata.org/entity/Q28846425,,https://en.wikipedia.org/wiki/National_Defense_University_(Turkey),Point(29.0135 41.101),10.984,41.101,29.0135,5,http://www.wikidata.org/entity/Q875538,National Defense University,public university,B,violet
1340,http://www.wikidata.org/entity/Q42789078,,https://en.wikipedia.org/wiki/Abdi_%C4%B0pek%C3%A7i_Peace_Monument,Point(28.991666666 41.049444444),4.968,41.049444444444,28.991666666667,5,http://www.wikidata.org/entity/Q179700,Abdi İpekçi Peace Monument,statue,B,violet
1343,http://www.wikidata.org/entity/Q46602031,,https://en.wikipedia.org/wiki/Altunizade_(Istanbul_Metro),Point(29.048302946 41.021924872),6.318,41.021924872514,29.048302946978,5,http://www.wikidata.org/entity/Q1147171,Altunizade (M5),interchange station,B,violet
1352,http://www.wikidata.org/entity/Q46696116,,https://en.wikipedia.org/wiki/Yenisahra_(Istanbul_Metro),Point(29.090465059 40.984581467),9.918,40.984581467146,29.090465059564,5,http://www.wikidata.org/entity/Q1147171,Yenisahra (M4),interchange station,B,violet
1357,http://www.wikidata.org/entity/Q46811073,,https://en.wikipedia.org/wiki/Atak%C3%B6y%E2%80%94%C5%9Eirinevler_(Istanbul_Metro),Point(28.845744904 40.991382696),11.046,40.991382696864,28.845744904767,5,http://www.wikidata.org/entity/Q1147171,Ataköy—Şirinevler,interchange station,B,violet
1360,http://www.wikidata.org/entity/Q47004328,,https://en.wikipedia.org/wiki/Mahmutbey_(Istanbul_Metro),Point(28.830594235 41.055234561),13.341,41.055234561728,28.83059423519,5,http://www.wikidata.org/entity/Q1147171,Mahmutbey (M3),interchange station,B,violet
1365,http://www.wikidata.org/entity/Q47004751,,https://en.wikipedia.org/wiki/Seyrantepe_(Istanbul_Metro),Point(28.99570299 41.101159652),10.669,41.101159652799,28.995702990986,5,http://www.wikidata.org/entity/Q1147171,Seyrantepe,interchange station,B,violet
1370,http://www.wikidata.org/entity/Q48966872,,https://en.wikipedia.org/wiki/A%C5%9Fiyan_(Istanbul_Metro),Point(29.055126027 41.08137804),10.663,41.081378040332,29.055126027081,5,http://www.wikidata.org/entity/Q1147171,Aşiyan,interchange station,B,violet
1378,http://www.wikidata.org/entity/Q55887158,,https://en.wikipedia.org/wiki/Ka%C4%9F%C4%B1thane_(Istanbul_Metro),Point(28.973120669 41.07963068),8.148,41.079630680556,28.973120669444,5,http://www.wikidata.org/entity/Q1147171,Kağıthane (M7),interchange station,B,violet
1381,http://www.wikidata.org/entity/Q61071454,,https://en.wikipedia.org/wiki/Tepe%C3%BCst%C3%BC,Point(29.131365 41.016808),13.097,41.016808,29.131365,5,http://www.wikidata.org/entity/Q17051044,Tepeüstü,mahalle,B,violet
1382,http://www.wikidata.org/entity/Q61071463,,"https://en.wikipedia.org/wiki/Esatpa%C5%9Fa,_Ata%C5%9Fehir",Point(29.0851 41.0035),9.171,41.0035,29.0851,5,http://www.wikidata.org/entity/Q17051044,Esatpaşa,mahalle,B,violet
1383,http://www.wikidata.org/entity/Q65054289,,https://en.wikipedia.org/wiki/Nall%C4%B1_Masjid,Point(28.975555555 41.0125),0.681,41.0125,28.975555555556,5,http://www.wikidata.org/entity/Q32815,Nallı Masjid,mosque,B,violet
1384,http://www.wikidata.org/entity/Q66537010,,https://en.wikipedia.org/wiki/Tomb_of_Turhan_Sultan,Point(28.971888888 41.016166666),1.138,41.016166666667,28.971888888889,5,http://www.wikidata.org/entity/Q838159,Tomb of Turhan Hatice Sultan,türbe,B,violet
1385,http://www.wikidata.org/entity/Q68217803,,https://en.wikipedia.org/wiki/Bayezid_II_Hamam,Point(28.961555 41.009792),1.26,41.009792,28.961555,5,http://www.wikidata.org/entity/Q28077,"Bayezid II, Turkish Bath Culture Museum",hammam,B,violet
1387,http://www.wikidata.org/entity/Q73529219,,https://en.wikipedia.org/wiki/Suriye_Pasaj%C4%B1,Point(28.97513 41.03028),2.658,41.03028,28.97513,5,http://www.wikidata.org/entity/Q35112127,Suriye Pasajı,historic building,B,violet
1388,http://www.wikidata.org/entity/Q96417932,,https://en.wikipedia.org/wiki/B%C3%BCy%C3%BCk_Valide_Han,Point(28.968416666 41.013805555),1.036,41.013805555556,28.968416666667,5,http://www.wikidata.org/entity/Q186347,Büyük Valide Han,caravanserai,B,violet
1389,http://www.wikidata.org/entity/Q97162737,,"https://en.wikipedia.org/wiki/Surp_Krikor_Lusavori%C3%A7_Armenian_Church,_Kuzguncuk",Point(29.030277777 41.036666666),5.672,41.036666666667,29.030277777778,5,http://www.wikidata.org/entity/Q16970,"Surp Krikor Lusavoriç Armenian Church, Kuzguncuk",church building,B,violet
1390,http://www.wikidata.org/entity/Q98091637,,https://en.wikipedia.org/wiki/%C3%9Cmraniye_Municipality_City_Stadium,Point(29.109533282 41.058950253),12.643,41.058950253409,29.10953328215,5,http://www.wikidata.org/entity/Q483110,Ümraniye Belediyesi Şehir Stadium,stadium,B,violet
1391,http://www.wikidata.org/entity/Q112080881,,https://en.wikipedia.org/wiki/Balat_Fountain,Point(28.946921 41.034342),3.945,41.034342,28.946921,5,http://www.wikidata.org/entity/Q483453,Yusuf Şucaeddin Camii Çeşmesi,fountain,B,violet
1392,http://www.wikidata.org/entity/Q115694614,,"https://en.wikipedia.org/wiki/St._Ignatius_Greek_Orthodox_Cemetery,_Kad%C4%B1k%C3%B6y",Point(29.047630555 40.999180555),6.074,40.999180555556,29.047630555556,5,http://www.wikidata.org/entity/Q39614,"St. Ignatius Greek Orthodox Cemetery, Kadıköy",cemetery,B,violet
1393,http://www.wikidata.org/entity/Q26929,https://de.wikipedia.org/wiki/Hafif_Metro_Istanbul,,Point(28.8936624 41.003506),6.906,41.003506,28.8936624,5,http://www.wikidata.org/entity/Q1268865,Hafif Metro Istanbul,light rail system,B,violet
1394,http://www.wikidata.org/entity/Q28530450,https://de.wikipedia.org/wiki/Venedik_Saray%C4%B1,,Point(28.977222222 41.029722222),2.598,41.029722222222,28.977222222222,5,http://www.wikidata.org/entity/Q481289,Venetian Palace,official residence,B,violet
1396,http://www.wikidata.org/entity/Q31193173,https://de.wikipedia.org/wiki/F%C3%BCnik%C3%BCler_Vadistanbul%E2%80%93Seyrantepe,https://en.wikipedia.org/wiki/F3_(Istanbul_funicular),Point(28.98933 41.106),11.134,41.106,28.98933,5,http://www.wikidata.org/entity/Q106542031,F3,funicular line,B,violet
1397,http://www.wikidata.org/entity/Q31193345,https://de.wikipedia.org/wiki/F%C3%BCnik%C3%BCler_Bo%C4%9Fazi%C3%A7i_%C3%9Cni./Hisar%C3%BCst%C3%BC%E2%80%93A%C5%9Fiyan,https://en.wikipedia.org/wiki/F4_(Istanbul_funicular),Point(29.0248 41.0506),6.404,41.0506,29.0248,5,http://www.wikidata.org/entity/Q106542031,F4,funicular line,B,violet
1398,http://www.wikidata.org/entity/Q2368617,https://de.wikipedia.org/wiki/Surp_Ha%C3%A7_Ermeni_Lisesi,,Point(29.03105 41.0243),5.04,41.0243,29.03105,4,http://www.wikidata.org/entity/Q9826,Surp Haç Ermeni Lisesi,high school,C,yellow
1400,http://www.wikidata.org/entity/Q6011303,https://de.wikipedia.org/wiki/Akbank_Sanat,https://en.wikipedia.org/wiki/Akbank_Sanat,Point(28.9830674 41.0359661),3.344,41.0359661,28.9830674,4,http://www.wikidata.org/entity/Q2190251,Akbank Sanat,arts center,C,yellow
1402,http://www.wikidata.org/entity/Q1775931,https://de.wikipedia.org/wiki/Kloster_Sanctus_Angelus_in_Rufiniano,,Point(29.02777778 40.98888889),4.77,40.98888889,29.02777778,4,http://www.wikidata.org/entity/Q160742,Monastery of Rufinianus,abbey,C,yellow
1403,http://www.wikidata.org/entity/Q1407350,https://de.wikipedia.org/wiki/Fernsehturm_%C3%87aml%C4%B1ca,https://en.wikipedia.org/wiki/%C3%87aml%C4%B1ca_TRT_Television_Tower,Point(29.068462 41.026078),8.071,41.026078,29.068462,4,http://www.wikidata.org/entity/Q811979,Çamlıca TRT Television Tower,architectural structure,C,yellow
1406,http://www.wikidata.org/entity/Q7646517,https://de.wikipedia.org/wiki/Surp-Agop-Krankenhaus,https://en.wikipedia.org/wiki/Surp_Agop_Hospital,Point(28.9856 41.0411),3.946,41.0411,28.9856,4,http://www.wikidata.org/entity/Q4284971,Surp Agop Hospital,private hospital,C,yellow
1407,http://www.wikidata.org/entity/Q1592283,,"https://en.wikipedia.org/wiki/Elmada%C4%9F,_%C5%9Ei%C5%9Fli",Point(28.987566 41.05165),5.128,41.05165,28.987566,4,http://www.wikidata.org/entity/Q2983893,Elmadağ,quarter,C,yellow
1409,http://www.wikidata.org/entity/Q3169139,,https://en.wikipedia.org/wiki/Salt_Research,Point(28.973487 41.023918),1.96,41.023918,28.973487,4,http://www.wikidata.org/entity/Q207694,SALT,art museum,C,yellow
1411,http://www.wikidata.org/entity/Q3269074,,https://en.wikipedia.org/wiki/Lyc%C3%A9e_Fran%C3%A7ais_Pierre_Loti_d%27Istanbul,Point(28.9771481 41.0301704),2.647,41.0301704,28.9771481,4,http://www.wikidata.org/entity/Q2511322,Lycée Français Pierre Loti d'Istanbul,lycée,C,yellow
1413,http://www.wikidata.org/entity/Q3404698,,https://en.wikipedia.org/wiki/Bet_Avraam_Synagogue,Point(28.97725 41.014583333),0.919,41.014583333333,28.97725,4,http://www.wikidata.org/entity/Q34627,Bet Avraam Synagogue,synagogue,C,yellow
1414,http://www.wikidata.org/entity/Q3409157,,https://en.wikipedia.org/wiki/Maalem_Synagogue,Point(28.95361111 41.04055556),4.234,41.04055556,28.95361111,4,http://www.wikidata.org/entity/Q34627,Maalem Synagogue,synagogue,C,yellow
1415,http://www.wikidata.org/entity/Q3409161,,https://en.wikipedia.org/wiki/Bak%C4%B1rk%C3%B6y_Synagogue,Point(28.870922453 40.978284715),9.346,40.978284715549,28.87092245377,4,http://www.wikidata.org/entity/Q34627,Bakırköy Synagogue,synagogue,C,yellow
1416,http://www.wikidata.org/entity/Q3409196,,https://en.wikipedia.org/wiki/Caddebostan_Synagogue,Point(29.0634 40.9741),8.176,40.9741,29.0634,4,http://www.wikidata.org/entity/Q34627,Caddebostan Synagogue,synagogue,C,yellow
1417,http://www.wikidata.org/entity/Q3409200,,https://en.wikipedia.org/wiki/Bet_Nissim_Synagogue,Point(29.0314597 41.032929),5.519,41.032929,29.0314597,4,http://www.wikidata.org/entity/Q34627,Bet Nissim Synagogue,synagogue,C,yellow
1419,http://www.wikidata.org/entity/Q4455422,,https://en.wikipedia.org/wiki/1999_Istanbul_bombings,Point(28.976018 41.01224),0.652,41.01224,28.976018,4,http://www.wikidata.org/entity/Q891854,1999 Istanbul bombings,bomb attack,C,yellow
1420,http://www.wikidata.org/entity/Q4678047,,https://en.wikipedia.org/wiki/Ac%C4%B1badem_Mehmet_Ali_Ayd%C4%B1nlar_University,Point(29.1103 40.9785),11.7,40.9785,29.1103,4,http://www.wikidata.org/entity/Q902104,Acıbadem University,private university,C,yellow
1422,http://www.wikidata.org/entity/Q4878431,,https://en.wikipedia.org/wiki/Bebek_Bay,Point(29.045 41.076),9.671,41.076,29.045,4,http://www.wikidata.org/entity/Q39594,Bebek Bay,bay,C,yellow
1423,http://www.wikidata.org/entity/Q4947652,,https://en.wikipedia.org/wiki/Bostanc%C4%B1_railway_station,Point(29.094114819 40.954155468),11.499,40.954155468824,29.094114819621,4,http://www.wikidata.org/entity/Q1147171,Bostancı railway station,interchange station,C,yellow
1430,http://www.wikidata.org/entity/Q5303887,,https://en.wikipedia.org/wiki/Do%C4%9Fan%C3%A7ay_Museum,Point(28.978444444 41.035805555),3.279,41.035805555556,28.978444444444,4,http://www.wikidata.org/entity/Q207694,Doğançay Museum,art museum,C,yellow
1432,http://www.wikidata.org/entity/Q5626765,,https://en.wikipedia.org/wiki/G%C3%B6ztepe_railway_station,Point(29.062626093 40.979153424),7.885,40.979153424085,29.062626093773,4,http://www.wikidata.org/entity/Q1147171,Göztepe railway station,interchange station,C,yellow
1437,http://www.wikidata.org/entity/Q6009594,,https://en.wikipedia.org/wiki/Kanl%C4%B1ca_Cemetery,Point(29.06602 41.09726),12.619,41.09726,29.06602,4,http://www.wikidata.org/entity/Q39614,Kanlıca Cemetery,cemetery,C,yellow
1439,http://www.wikidata.org/entity/Q6025368,,https://en.wikipedia.org/wiki/Galib_Pasha_Mosque,Point(29.069583333 40.965972222),9.058,40.965972222222,29.069583333333,4,http://www.wikidata.org/entity/Q811979,Galip Paşa Mosque,architectural structure,C,yellow
1452,http://www.wikidata.org/entity/Q6041243,,"https://en.wikipedia.org/wiki/Dumlup%C4%B1nar,_Kad%C4%B1k%C3%B6y",Point(29.05974 40.99297),7.194,40.99297,29.05974,4,http://www.wikidata.org/entity/Q17051044,Dumlupınar,mahalle,C,yellow
1455,http://www.wikidata.org/entity/Q6056382,,https://en.wikipedia.org/wiki/N%C4%B1%C5%9Fan%C3%A7%C4%B1_Mehmed_Pasha_Mosque,Point(28.944916666 41.024138888),3.262,41.024138888889,28.944916666667,4,http://www.wikidata.org/entity/Q811979,Nişancı Mehmed Pasha Mosque,architectural structure,C,yellow
1459,http://www.wikidata.org/entity/Q6061455,,https://en.wikipedia.org/wiki/Turkish_Maritime_Organization,Point(28.9824276 41.0257301),2.221,41.0257301,28.9824276,4,http://www.wikidata.org/entity/Q43229,Türkiye Denizcilik İşletmeleri,organization,C,yellow
1465,http://www.wikidata.org/entity/Q6066514,,https://en.wikipedia.org/wiki/Gedikpa%C5%9Fa_Tiyatrosu,Point(28.966361111 41.007861111),0.815,41.007861111111,28.966361111111,4,http://www.wikidata.org/entity/Q24354,Gedikpaşa Tiyatrosu,theatre building,C,yellow
1468,http://www.wikidata.org/entity/Q6068701,,https://en.wikipedia.org/wiki/Istanbul_Justice_Palace,Point(28.979 41.069),6.968,41.069,28.979,4,http://www.wikidata.org/entity/Q1137809,Istanbul Courthouse,courthouse,C,yellow
1473,http://www.wikidata.org/entity/Q6069239,,https://en.wikipedia.org/wiki/Y%C4%B1ld%C4%B1ztabya,Point(28.931 41.06466),7.494,41.06466,28.931,4,http://www.wikidata.org/entity/Q17051044,Yıldıztabya,mahalle,C,yellow
1480,http://www.wikidata.org/entity/Q6069457,,https://en.wikipedia.org/wiki/Istanbul_Ni%C5%9Fanta%C5%9F%C4%B1_University,Point(29.009045 41.1194264),12.873,41.1194264,29.009045,4,http://www.wikidata.org/entity/Q902104,Istanbul Nişantaşı University,private university,C,yellow
1535,http://www.wikidata.org/entity/Q6077513,,https://en.wikipedia.org/wiki/Tekfen_Tower,Point(29.0089 41.0819),8.842,41.0819,29.0089,4,http://www.wikidata.org/entity/Q11303,Tekfen Tower,skyscraper,C,yellow
1551,http://www.wikidata.org/entity/Q6084116,,https://en.wikipedia.org/wiki/Bak%C4%B1rk%C3%B6y_Psychiatric_Hospital,Point(28.8619 40.9894),9.749,40.9894,28.8619,4,http://www.wikidata.org/entity/Q210999,Bakırköy Psychiatric Hospital,psychiatric hospital,C,yellow
1553,http://www.wikidata.org/entity/Q6085776,,https://en.wikipedia.org/wiki/Old_Dar%C3%BClf%C3%BCnun_building,Point(28.980055555 41.007277777),0.365,41.007277777778,28.980055555556,4,http://www.wikidata.org/entity/Q811979,Old Darülfünun building,architectural structure,C,yellow
1556,http://www.wikidata.org/entity/Q6087315,,https://en.wikipedia.org/wiki/TGC_Press_Media_Museum,Point(28.97211 41.00844),0.39,41.00844,28.97211,4,http://www.wikidata.org/entity/Q7075,TGC Press Media Museum,library,C,yellow
1563,http://www.wikidata.org/entity/Q6091148,,https://en.wikipedia.org/wiki/Russian_Monument_at_San_Stefano,Point(28.81106 40.96156),14.704,40.96156,28.81106,4,http://www.wikidata.org/entity/Q1885014,Russian Monument of San Stefano,cautionary memorial,C,yellow
1565,http://www.wikidata.org/entity/Q6092580,,https://en.wikipedia.org/wiki/Ta%C5%9Fk%C4%B1%C5%9Fla,Point(28.99 41.04111111),4.039,41.04111111,28.99,4,http://www.wikidata.org/entity/Q811979,Taşkışla,architectural structure,C,yellow
1568,http://www.wikidata.org/entity/Q6095594,,https://en.wikipedia.org/wiki/Davutpa%C5%9Fa_Barracks,Point(28.88916667 41.02583333),7.589,41.02583333,28.88916667,4,http://www.wikidata.org/entity/Q41176,Davutpaşa Barracks,building,C,yellow
1572,http://www.wikidata.org/entity/Q6100801,,https://en.wikipedia.org/wiki/Pertevniyal_High_School,Point(28.952918 41.010809),1.988,41.010809,28.952918,4,http://www.wikidata.org/entity/Q1244442,Pertevniyal High School,school building,C,yellow
1574,http://www.wikidata.org/entity/Q6104243,,https://en.wikipedia.org/wiki/Istanbul_City_Theatres,Point(28.985833333 41.045833333),4.466,41.045833333333,28.985833333333,4,http://www.wikidata.org/entity/Q24354,Istanbul City Theatres,theatre building,C,yellow
1576,http://www.wikidata.org/entity/Q6454259,,https://en.wikipedia.org/wiki/K%C3%BC%C3%A7%C3%BCkyal%C4%B1,Point(29.108888888 40.950833333),12.76,40.950833333333,29.108888888889,4,http://www.wikidata.org/entity/Q17051044,Küçükyalı Merkez,mahalle,C,yellow
1579,http://www.wikidata.org/entity/Q6604956,,"https://en.wikipedia.org/wiki/Kulaks%C4%B1z,_Beyo%C4%9Flu",Point(28.960469 41.037945),3.74,41.037945,28.960469,4,http://www.wikidata.org/entity/Q17051044,Kulaksız,mahalle,C,yellow
1581,http://www.wikidata.org/entity/Q6744675,,https://en.wikipedia.org/wiki/Malta_Kiosk,Point(29.0159 41.0513),6.018,41.0513,29.0159,4,http://www.wikidata.org/entity/Q276173,Malta Kiosk,pavilion,C,yellow
1587,http://www.wikidata.org/entity/Q8036341,,https://en.wikipedia.org/wiki/World_Trade_Center_Istanbul,Point(28.8319 40.9864),12.285,40.9864,28.8319,4,http://www.wikidata.org/entity/Q1378975,World Trade Center Istanbul,convention center,C,yellow
1590,http://www.wikidata.org/entity/Q8069966,,https://en.wikipedia.org/wiki/Zeytinburnu_Stadium,Point(28.912 40.994),5.534,40.994,28.912,4,http://www.wikidata.org/entity/Q483110,Zeytinburnu Stadium,stadium,C,yellow
1593,http://www.wikidata.org/entity/Q8077658,,https://en.wikipedia.org/wiki/%C3%87emberlita%C5%9F_Hamam%C4%B1,Point(28.9716495 41.0085972),0.432,41.0085972,28.9716495,4,http://www.wikidata.org/entity/Q28077,Cemberlitas Hammam,hammam,C,yellow
1597,http://www.wikidata.org/entity/Q8082558,,https://en.wikipedia.org/wiki/%C5%9Ei%C5%9Fli_Greek_Orthodox_Cemetery,Point(28.9904 41.0621),6.314,41.0621,28.9904,4,http://www.wikidata.org/entity/Q39614,Şişli Greek Orthodox Cemetery,cemetery,C,yellow
1604,http://www.wikidata.org/entity/Q15136719,,https://en.wikipedia.org/wiki/Feneryolu_railway_station,Point(29.048638542 40.978835576),6.832,40.978835576056,29.048638542337,4,http://www.wikidata.org/entity/Q35112127,Feneryolu railway station,historic building,C,yellow
1606,http://www.wikidata.org/entity/Q16254529,,https://en.wikipedia.org/wiki/Beyaz%C4%B1t_massacre,Point(28.96269 41.01104),1.221,41.01104,28.96269,4,http://www.wikidata.org/entity/Q1190554,Beyazıt Massacre,occurrence,C,yellow
1607,http://www.wikidata.org/entity/Q16331008,,https://en.wikipedia.org/wiki/Ioakeimeion_Girls%27_High_School,Point(28.9491138 41.0299568),3.451,41.0299568,28.9491138,4,http://www.wikidata.org/entity/Q1244442,Ioakeimeion Girls' High School,school building,C,yellow
1609,http://www.wikidata.org/entity/Q16892078,,https://en.wikipedia.org/wiki/Harbiye_Muhsin_Ertu%C4%9Frul_Stage,Point(28.9883 41.0461),4.538,41.0461,28.9883,4,http://www.wikidata.org/entity/Q24354,Harbiye Muhsin Ertuğrul Stage,theatre building,C,yellow
1610,http://www.wikidata.org/entity/Q16902302,,https://en.wikipedia.org/wiki/Ulus_Sephardi_Jewish_Cemetery,Point(29.0275 41.0742),8.695,41.0742,29.0275,4,http://www.wikidata.org/entity/Q39614,Ulus Sephardi Jewish Cemetery,cemetery,C,yellow
1612,http://www.wikidata.org/entity/Q19611659,,https://en.wikipedia.org/wiki/Kazl%C4%B1%C3%A7e%C5%9Fme_railway_station,Point(28.916892896 40.992681542),5.178,40.992681542239,28.916892896139,4,http://www.wikidata.org/entity/Q1147171,Kazlıçeşme railway station,interchange station,C,yellow
1615,http://www.wikidata.org/entity/Q20313271,,https://en.wikipedia.org/wiki/Beyo%C4%9Flu_(T%C3%BCnel),Point(28.9739 41.0283),2.443,41.0283,28.9739,4,http://www.wikidata.org/entity/Q1147171,Beyoğlu (Tünel),interchange station,C,yellow
1620,http://www.wikidata.org/entity/Q20470525,,https://en.wikipedia.org/wiki/Hrant_Dink_Foundation,Point(28.986336131 41.047792516),4.687,41.047792516813,28.986336131238,4,http://www.wikidata.org/entity/Q157031,Hrant Dink Foundation,foundation,C,yellow
1624,http://www.wikidata.org/entity/Q20502634,,https://en.wikipedia.org/wiki/Neve_Shalom_Synagogue_massacre,Point(28.972416666 41.026694444),2.277,41.026694444444,28.972416666667,4,http://www.wikidata.org/entity/Q1190554,Neve Shalom Synagogue massacre,occurrence,C,yellow
1627,http://www.wikidata.org/entity/Q20646948,,https://en.wikipedia.org/wiki/Bo%C4%9Fazi%C3%A7i_%C3%9Cniversitesi_(Istanbul_Metro),Point(29.04576867 41.085348043),10.557,41.085348043857,29.04576867039,4,http://www.wikidata.org/entity/Q1147171,Boğaziçi Üniversitesi/Hisarüstü,interchange station,C,yellow
1631,http://www.wikidata.org/entity/Q21523731,,https://en.wikipedia.org/wiki/Statue_of_Atat%C3%BCrk_(Sarayburnu),Point(28.986111111 41.01625),1.394,41.01625,28.986111111111,4,http://www.wikidata.org/entity/Q41176,Atatürk Monument,building,C,yellow
1632,http://www.wikidata.org/entity/Q24884410,,https://en.wikipedia.org/wiki/Mihrabat_Nature_Park,Point(29.07 41.095),12.625,41.095,29.07,4,http://www.wikidata.org/entity/Q108060572,Mihrabat Nature Park,nature park,C,yellow
1633,http://www.wikidata.org/entity/Q25338955,,https://en.wikipedia.org/wiki/Arter_(art_center),Point(28.9787 41.0409),3.845,41.0409,28.9787,4,http://www.wikidata.org/entity/Q2190251,Arter,arts center,C,yellow
1638,http://www.wikidata.org/entity/Q28159696,,https://en.wikipedia.org/wiki/Beykoz_University,Point(29.091554 41.09573),13.885,41.09573,29.091554,4,http://www.wikidata.org/entity/Q902104,Beykoz University,private university,C,yellow
1639,http://www.wikidata.org/entity/Q30115931,,https://en.wikipedia.org/wiki/Fatih_Vatan_S.K.,Point(28.934277777 41.024027777),4.003,41.024027777778,28.934277777778,4,http://www.wikidata.org/entity/Q476028,Fatih Vatan Spor,association football club,C,yellow
1640,http://www.wikidata.org/entity/Q30621953,,https://en.wikipedia.org/wiki/Yeni_Sahra_Stadium,Point(29.08864167 40.99266667),9.585,40.99266667,29.08864167,4,http://www.wikidata.org/entity/Q483110,Yeni Sahra Stadium,stadium,C,yellow
1641,http://www.wikidata.org/entity/Q30682582,,https://en.wikipedia.org/wiki/Piyer_Loti_Museum,Point(28.93416667 41.05444444),6.387,41.05444444,28.93416667,4,http://www.wikidata.org/entity/Q33506,Piyer Loti Museum,museum,C,yellow
1642,http://www.wikidata.org/entity/Q30738712,,https://en.wikipedia.org/wiki/Istanbul_Tower_205,Point(29.01010421 41.081215705),8.802,41.081215705259,29.010104210325,4,http://www.wikidata.org/entity/Q11303,Istanbul Tower 205,skyscraper,C,yellow
1645,http://www.wikidata.org/entity/Q31189160,,https://en.wikipedia.org/wiki/Bereketzade_Ali_Efendi_Mosque,Point(28.974187082 41.025074979),2.083,41.025074979348,28.97418708273,4,http://www.wikidata.org/entity/Q811979,Bereketzade Ali Efendi Mosque,architectural structure,C,yellow
1648,http://www.wikidata.org/entity/Q38251504,,https://en.wikipedia.org/wiki/Fil_Bridge,Point(28.94336 41.06917),7.495,41.06917,28.94336,4,http://www.wikidata.org/entity/Q12280,Fil Bridge,bridge,C,yellow
1652,http://www.wikidata.org/entity/Q43398833,,https://en.wikipedia.org/wiki/Erenk%C3%B6y_railway_station,Point(29.076368598 40.971627215),9.278,40.971627215145,29.076368598174,4,http://www.wikidata.org/entity/Q35112127,Erenköy railway station,historic building,C,yellow
1669,http://www.wikidata.org/entity/Q46614136,,https://en.wikipedia.org/wiki/%C3%87ar%C5%9F%C4%B1_(Istanbul_Metro),Point(29.097061632 41.025917196),10.397,41.02591719641,29.097061632104,4,http://www.wikidata.org/entity/Q1147171,Çarşı (M5),interchange station,C,yellow
1673,http://www.wikidata.org/entity/Q48702993,,https://en.wikipedia.org/wiki/Vadistanbul_(Istanbul_Metro),Point(28.988453028 41.107528695),11.296,41.107528695705,28.988453028953,4,http://www.wikidata.org/entity/Q11606300,Vadistanbul,last station,C,yellow
1679,http://www.wikidata.org/entity/Q49571240,,https://en.wikipedia.org/wiki/Tophane_Park,Point(28.979972222 41.027027777),2.321,41.027027777778,28.979972222222,4,http://www.wikidata.org/entity/Q22698,Tophane Park,park,C,yellow
1684,http://www.wikidata.org/entity/Q60743788,,https://en.wikipedia.org/wiki/Istanbul_Fair_Center_Ye%C5%9Filk%C3%B6y,Point(28.824962 40.98741),12.839,40.988611111111,28.823055555556,4,http://www.wikidata.org/entity/Q811979,Istanbul Fair Center Yeşilköy,architectural structure,C,yellow
1692,http://www.wikidata.org/entity/Q60753052,,https://en.wikipedia.org/wiki/Bo%C4%9Fazi%C3%A7i_K%C3%B6pr%C3%BCs%C3%BC_(Metrobus),Point(29.043243314 41.036504653),6.57,41.036504653047,29.043243314767,4,http://www.wikidata.org/entity/Q953806,15 Temmuz Şehitler Köprüsü,bus stop,C,yellow
1706,http://www.wikidata.org/entity/Q65053468,,https://en.wikipedia.org/wiki/Vedat_Tek_House,Point(28.989323 41.05035),5.017,41.05035,28.989323,4,http://www.wikidata.org/entity/Q7743,Vedat Tek House,home,C,yellow
1709,http://www.wikidata.org/entity/Q65219354,,https://en.wikipedia.org/wiki/G%C3%B6ztepe_Park,Point(29.057777777 40.969722222),7.992,40.969722222222,29.057777777778,4,http://www.wikidata.org/entity/Q22698,Göztepe 60. Yıl Park,park,C,yellow
1713,http://www.wikidata.org/entity/Q73524111,,https://en.wikipedia.org/wiki/Avrupa_Pasaj%C4%B1,Point(28.9771423 41.0338821),3.06,41.0338821,28.9771423,4,http://www.wikidata.org/entity/Q97495053,Avrupa Pasajı,shopping arcade,C,yellow
1727,http://www.wikidata.org/entity/Q101041805,,https://en.wikipedia.org/wiki/B%C3%BCy%C3%BCk_Yeni_Han,Point(28.969277777 41.013388888),0.956,41.013388888889,28.969277777778,4,http://www.wikidata.org/entity/Q186347,Büyük Yeni Han,caravanserai,C,yellow
1729,http://www.wikidata.org/entity/Q101049516,,https://en.wikipedia.org/wiki/Mahmut_Pasha_Hamam,Point(28.970222222 41.012111111),0.794,41.012111111111,28.970222222222,4,http://www.wikidata.org/entity/Q41176,Mahmut Pasha Hamam,building,C,yellow
1732,http://www.wikidata.org/entity/Q104804875,,https://en.wikipedia.org/wiki/Metropol_Istanbul,Point(29.121861111 40.994527777),12.321,40.994527777778,29.121861111111,4,http://www.wikidata.org/entity/Q11303,Metropol Istanbul,skyscraper,C,yellow
1740,http://www.wikidata.org/entity/Q105982169,,https://en.wikipedia.org/wiki/Yo%C4%9Furt%C3%A7u_Fountain,Point(29.033245 40.983613),5.44,40.983613,29.033245,4,http://www.wikidata.org/entity/Q483453,Yoğurtçu Fountain,fountain,C,yellow
1768,http://www.wikidata.org/entity/Q107050625,,https://en.wikipedia.org/wiki/Mevlana_(Istanbul_Metro),Point(29.153381072 40.992183942),14.979,40.992183942939,29.153381072628,4,http://www.wikidata.org/entity/Q1147171,Mevlana,interchange station,C,yellow
1771,http://www.wikidata.org/entity/Q107050647,,"https://en.wikipedia.org/wiki/Bostanc%C4%B1_(M8,_Istanbul_Metro)",Point(29.096616113 40.951762016),11.816,40.951762016283,29.09661611343,4,http://www.wikidata.org/entity/Q1147171,Bostancı (M8),interchange station,C,yellow
1779,http://www.wikidata.org/entity/Q110538685,,https://en.wikipedia.org/wiki/Madame_Tussauds_Istanbul,Point(28.979717 41.034531),3.147,41.034531,28.979717,4,http://www.wikidata.org/entity/Q667018,Madame Tussauds Istanbul,wax museum,C,yellow
1780,http://www.wikidata.org/entity/Q111327320,,https://en.wikipedia.org/wiki/Rag%C4%B1p_Pasha_Mansion,Point(29.062169 40.963128),8.695,40.963128,29.062169,4,http://www.wikidata.org/entity/Q276173,Ragıp Pasha Mansion,pavilion,C,yellow
1783,http://www.wikidata.org/entity/Q111940451,,https://en.wikipedia.org/wiki/Mihri%C5%9Fah_Sultan_Complex,Point(28.934694444 41.048555555),5.824,41.048555555556,28.934694444444,4,http://www.wikidata.org/entity/Q71974,Mihrişah Sultan Complex,külliye,C,yellow
1789,http://www.wikidata.org/entity/Q114044062,,https://en.wikipedia.org/wiki/Arif_Sar%C4%B1ca_Mansion,Point(29.02336 40.98169),4.839,40.98169,29.02336,4,http://www.wikidata.org/entity/Q35112127,Arif Sarıca Mansion,historic building,C,yellow
1791,http://www.wikidata.org/entity/Q116189093,,https://en.wikipedia.org/wiki/Rami_Library,Point(28.915624306 41.049054651),6.932,41.048916175044,28.915566728839,4,http://www.wikidata.org/entity/Q7075,Rami Library,library,C,yellow
1795,http://www.wikidata.org/entity/Q116207483,,https://en.wikipedia.org/wiki/%C3%87orbac%C4%B1_Fountain,Point(28.947604 41.031148),3.634,41.031148,28.947604,4,http://www.wikidata.org/entity/Q483453,Çorbacı Fountain,fountain,C,yellow
1796,http://www.wikidata.org/entity/Q123521005,,https://en.wikipedia.org/wiki/Statue_of_Pope_John_XXIII,Point(28.9767818 41.032341),2.887,41.032341,28.9767818,4,http://www.wikidata.org/entity/Q12873675,Statue of Pope John XXIII,portrait statue,C,yellow
1797,http://www.wikidata.org/entity/Q128412143,,https://en.wikipedia.org/wiki/Zeyrek_%C3%87inili_Hamam,Point(28.95644 41.01812),2.088,41.01812,28.95644,4,http://www.wikidata.org/entity/Q28077,Zeyrek Çinili Hamam,hammam,C,yellow
1798,http://www.wikidata.org/entity/Q131103810,,https://en.wikipedia.org/wiki/Prank_of_Bardak%C3%A7%C4%B1_Baba,Point(28.998 41.0584),6.074,41.0584,28.998,4,http://www.wikidata.org/entity/Q190084,Prank of Bardakçı Baba,hoax,C,yellow
1800,http://www.wikidata.org/entity/Q131391138,,https://en.wikipedia.org/wiki/Tomb_of_Abdul_Hamid_I,Point(28.974138 41.015522),1.027,41.015522,28.974138,4,http://www.wikidata.org/entity/Q838159,Tomb of Abdulhamid I,türbe,C,yellow
1801,http://www.wikidata.org/entity/Q28836336,https://de.wikipedia.org/wiki/Atat%C3%BCrk-Bibliothek,,Point(28.989466666 41.03915),3.818,41.03915,28.9894666667,4,http://www.wikidata.org/entity/Q811979,Atatürk Library,architectural structure,C,yellow
1803,http://www.wikidata.org/entity/Q20471632,https://de.wikipedia.org/wiki/Esayan_Ermeni_Okulu,,Point(28.984046 41.035078),3.264,41.0350609,28.9840088,4,http://www.wikidata.org/entity/Q159334,Esayan Armenian School,secondary school,C,yellow
1808,http://www.wikidata.org/entity/Q1438176,"https://de.wikipedia.org/wiki/Forschungszentrum_f%C3%BCr_islamische_Geschichte,_Kunst_und_Kultur",,Point(29.01111111 41.04944444),5.627,41.04944444,29.01111111,3,http://www.wikidata.org/entity/Q7315155,Jasim An-Najafi,research center,C,yellow
1810,http://www.wikidata.org/entity/Q4612173,https://de.wikipedia.org/wiki/Anschlag_in_Istanbul_am_9._Juli_2008,https://en.wikipedia.org/wiki/2008_United_States_consulate_in_Istanbul_attack,Point(29.0469 41.1173),13.695,41.1173,29.0469,3,http://www.wikidata.org/entity/Q109217482,2008 United States consulate in Istanbul attack,shooting attack,C,yellow
1811,http://www.wikidata.org/entity/Q1253624,https://de.wikipedia.org/wiki/Do%C4%9Fan_Apartman%C4%B1,,Point(28.97611111 41.02729167),2.325,41.02729167,28.97611111,3,http://www.wikidata.org/entity/Q811979,Doğan apartments,architectural structure,C,yellow
1812,http://www.wikidata.org/entity/Q894268,https://de.wikipedia.org/wiki/Borusan_Istanbul_Philharmonic_Orchestra,https://en.wikipedia.org/wiki/Borusan_Istanbul_Philharmonic_Orchestra,Point(28.97567 41.03038),2.668,41.03038,28.97567,3,http://www.wikidata.org/entity/Q239582,Borusan Istanbul Philharmonic Orchestra,symphony orchestra,C,yellow
1814,http://www.wikidata.org/entity/Q1775929,https://de.wikipedia.org/wiki/Kloster_Sanctus_Angelus_in_Petra,,Point(28.957222222 41.019722222),2.156,41.019722222222,28.957222222222,3,http://www.wikidata.org/entity/Q160742,Sanctus Angelus Monastery in Petra,abbey,C,yellow
1815,http://www.wikidata.org/entity/Q18087897,https://de.wikipedia.org/wiki/Kaymak%C3%A7%C4%B1-Tekke,,Point(29.017166666 41.01875),3.728,41.01875,29.017166666667,3,http://www.wikidata.org/entity/Q833913,İskender Baba Lodge,Sufi lodge,C,yellow
1816,http://www.wikidata.org/entity/Q16825499,https://de.wikipedia.org/wiki/Kara_Harp_Akademisi,https://en.wikipedia.org/wiki/Army_War_Institute,Point(29.013720761 41.10004677),10.887,41.100046770329,29.013720761486,3,http://www.wikidata.org/entity/Q1935049,Army War Institute,military school,C,yellow
1821,http://www.wikidata.org/entity/Q2900590,,https://en.wikipedia.org/wiki/Be%C5%9Fikta%C5%9F_Atat%C3%BCrk_Anatolian_High_School,Point(29.013594444 41.091252777),9.953,41.091252777778,29.013594444444,3,http://www.wikidata.org/entity/Q4671277,Beşiktaş Atatürk Anadolu Lisesi,academic institution,C,yellow
1822,http://www.wikidata.org/entity/Q3210868,,https://en.wikipedia.org/wiki/Erenk%C3%B6y_Girls_High_School,Point(29.07333333 40.97722222),8.799,40.97722222,29.07333333,3,http://www.wikidata.org/entity/Q9826,Erenköy Girls High School,high school,C,yellow
1827,http://www.wikidata.org/entity/Q3404724,,"https://en.wikipedia.org/wiki/Kal_Kados,_Corapci_Han_Synagogue",Point(28.969861111 41.014333333),1.018,41.014333333333,28.969861111111,3,http://www.wikidata.org/entity/Q34627,"Kal Kados, Corapci Han Synagogue",synagogue,C,yellow
1828,http://www.wikidata.org/entity/Q3410532,,https://en.wikipedia.org/wiki/Pudding_Shop,Point(28.97719 41.00805),0.216,41.00805,28.97719,3,http://www.wikidata.org/entity/Q213441,Pudding Shop,shop,C,yellow
1833,http://www.wikidata.org/entity/Q4026180,,https://en.wikipedia.org/wiki/G%C3%BCng%C3%B6ren_M.Yahya_Ba%C5%9F_Stadium,Point(28.87981389 41.023775),8.288,41.023775,28.87981389,3,http://www.wikidata.org/entity/Q483110,Güngören M.Yahya Baş Stadium,stadium,C,yellow
1836,http://www.wikidata.org/entity/Q4625883,,https://en.wikipedia.org/wiki/2012_Istanbul_rally_to_commemorate_the_Khojaly_massacre,Point(28.9858 41.0369),3.494,41.0369,28.9858,3,http://www.wikidata.org/entity/Q175331,2012 Istanbul rally to commemorate the Khojaly massacre,demonstration,C,yellow
1837,http://www.wikidata.org/entity/Q4696159,,https://en.wikipedia.org/wiki/Ahmet_C%C3%B6mert_Sport_Hall,Point(28.85548 40.98714),10.327,40.98714,28.85548,3,http://www.wikidata.org/entity/Q1076486,Ahmet Cömert Sport Hall,sports venue,C,yellow
1838,http://www.wikidata.org/entity/Q4812889,,"https://en.wikipedia.org/wiki/Atat%C3%BCrk_High_School_of_Science,_Istanbul",Point(29.0525 40.98888889),6.718,40.98888889,29.0525,3,http://www.wikidata.org/entity/Q9826,"Atatürk High School of Science, Istanbul",high school,C,yellow
1839,http://www.wikidata.org/entity/Q4831241,,https://en.wikipedia.org/wiki/Dar%C3%BC%C5%9F%C5%9Fafaka_Ayhan_%C5%9Eahenk_Sports_Hall,Point(29.028889 41.126389),14.064,41.126389,29.028889,3,http://www.wikidata.org/entity/Q1076486,Ayhan Şahenk Arena,sports venue,C,yellow
1841,http://www.wikidata.org/entity/Q4900216,,https://en.wikipedia.org/wiki/Beyo%C4%9Flu_Anatolian_High_School,Point(28.976215 41.031695),2.815,41.031695,28.976215,3,http://www.wikidata.org/entity/Q9826,Beyoğlu Anatolian High School,high school,C,yellow
1846,http://www.wikidata.org/entity/Q4900443,,https://en.wikipedia.org/wiki/Be%C5%9Fikta%C5%9F_Mevlevihanesi,Point(28.9375 41.055555555),6.345,41.055555555556,28.9375,3,http://www.wikidata.org/entity/Q12810851,Beşiktaş Mevlevihanesi,mevlevihane,C,yellow
1847,http://www.wikidata.org/entity/Q5017128,,https://en.wikipedia.org/wiki/Cafera%C4%9Fa_Sports_Hall,Point(29.025833 40.988333),4.648,40.988333,29.025833,3,http://www.wikidata.org/entity/Q1076486,Caferağa Sports Hall,sports venue,C,yellow
1848,http://www.wikidata.org/entity/Q5226327,,https://en.wikipedia.org/wiki/Dar%C3%BC%C5%9F%C5%9Fafaka_High_School,Point(29.02764722 41.12613611),14.005,41.12613611,29.02764722,3,http://www.wikidata.org/entity/Q9826,Darüşşafaka High School,high school,C,yellow
1849,http://www.wikidata.org/entity/Q5289382,,https://en.wikipedia.org/wiki/Dolmabah%C3%A7e%E2%80%93Bomonti_Tunnel,Point(28.992583055 41.042083055),4.21,41.042083055556,28.992583055556,3,http://www.wikidata.org/entity/Q2354973,Dolmabahçe-Bomonti Tunnel,road tunnel,C,yellow
1850,http://www.wikidata.org/entity/Q5443323,,https://en.wikipedia.org/wiki/Fenerbah%C3%A7e_S.K._(rowing),Point(29.0349 40.9822),5.636,40.9822,29.0349,3,http://www.wikidata.org/entity/Q7372078,Fenerbahçe Rowing,rowing club,C,yellow
1851,http://www.wikidata.org/entity/Q5641328,,https://en.wikipedia.org/wiki/Haldun_Alaga%C5%9F_Sports_Hall,Point(29.10466 41.0252),11.006,41.0252,29.10466,3,http://www.wikidata.org/entity/Q1076486,Haldun Alagaş Sports Hall,sports venue,C,yellow
1852,http://www.wikidata.org/entity/Q5964962,,https://en.wikipedia.org/wiki/H%C3%BCseyin_Avni_S%C3%B6zen_Anatolian_High_School,Point(29.0387696 41.0138222),5.342,41.0138222,29.0387696,3,http://www.wikidata.org/entity/Q4752140,Hüseyin Avni Sözen Anadolu Lisesi,Anatolian High School,C,yellow
1854,http://www.wikidata.org/entity/Q5974966,,https://en.wikipedia.org/wiki/Mustafa_Inan_Library,Point(29.021 41.103694444),11.463,41.103694444444,29.021,3,http://www.wikidata.org/entity/Q811979,İstanbul Institute of Technology Mustafa İnan Library,architectural structure,C,yellow
1857,http://www.wikidata.org/entity/Q5975007,,https://en.wikipedia.org/wiki/Istanbul_Technical_University_S%C3%BCleyman_Demirel_Cultural_Center,Point(29.023027777 41.107111111),11.878,41.107111111111,29.023027777778,3,http://www.wikidata.org/entity/Q41176,ITU Suleyman Demirel Cultural Center,building,C,yellow
1870,http://www.wikidata.org/entity/Q6012401,,https://en.wikipedia.org/wiki/Fenerbah%C3%A7e_Lefter_K%C3%BC%C3%A7%C3%BCkandonyadis_Sports_Complex,Point(29.036194444 40.983194444),5.681,40.983194444444,29.036194444444,3,http://www.wikidata.org/entity/Q124017602,Fenerbahçe Lefter Küçükandonyadis Sports Complex,association football training venue,C,yellow
1884,http://www.wikidata.org/entity/Q6025313,,https://en.wikipedia.org/wiki/K%C3%BCrk%C3%A7%C3%BC_Han,Point(28.970083333 41.013111111),0.892,41.013111111111,28.970083333333,3,http://www.wikidata.org/entity/Q186347,Kürkçü Han,caravanserai,C,yellow
1892,http://www.wikidata.org/entity/Q6039786,,https://en.wikipedia.org/wiki/Narmanl%C4%B1_Han,Point(28.974941909 41.029203264),2.539,41.029203264171,28.974941909702,3,http://www.wikidata.org/entity/Q41176,Narmanlı Han,building,C,yellow
1907,http://www.wikidata.org/entity/Q6047532,,https://en.wikipedia.org/wiki/Banking_Regulation_and_Supervision_Agency,Point(29.010277777 41.068333333),7.468,41.068333333333,29.010277777778,3,http://www.wikidata.org/entity/Q327333,Banking Regulation and Supervision Agency,government agency,C,yellow
1917,http://www.wikidata.org/entity/Q6056811,,https://en.wikipedia.org/wiki/Bayrampa%C5%9Fa_Prison,Point(28.90347222 41.04416667),7.385,41.04416667,28.90347222,3,http://www.wikidata.org/entity/Q40357,Bayrampaşa Cezaevi,prison,C,yellow
1946,http://www.wikidata.org/entity/Q6063684,,https://en.wikipedia.org/wiki/Ihlamurkuyu,Point(29.1351889 41.0191243),13.442,41.0191243,29.1351889,3,http://www.wikidata.org/entity/Q17051044,Ihlamurkuyu,mahalle,C,yellow
1947,http://www.wikidata.org/entity/Q6063793,,"https://en.wikipedia.org/wiki/Cemil_Meri%C3%A7,_%C3%9Cmraniye",Point(29.1425904 41.0200554),14.07,41.0200554,29.1425904,3,http://www.wikidata.org/entity/Q17051044,Cemil Meriç,mahalle,C,yellow
1952,http://www.wikidata.org/entity/Q6065720,,https://en.wikipedia.org/wiki/Atlas_Cinema,Point(28.979583333 41.033888888),3.074,41.033888888889,28.979583333333,3,http://www.wikidata.org/entity/Q41253,Atlas Cinema,movie theater,C,yellow
2059,http://www.wikidata.org/entity/Q6082806,,https://en.wikipedia.org/wiki/Bezmialem_Vak%C4%B1f_University,Point(28.93611111 41.01833333),3.591,41.01833333,28.93611111,3,http://www.wikidata.org/entity/Q163740,Bezmiâlem Foundation University,nonprofit organization,C,yellow
2065,http://www.wikidata.org/entity/Q6088611,,https://en.wikipedia.org/wiki/Istanbul_Chamber_of_Commerce,Point(28.9741917 41.0168076),1.168,41.0168076,28.9741917,3,http://www.wikidata.org/entity/Q35112127,Istanbul Chamber of Commerce,historic building,C,yellow
2076,http://www.wikidata.org/entity/Q6098789,,https://en.wikipedia.org/wiki/Vefa_High_School,Point(28.958404 41.014337),1.712,41.014337,28.958404,3,http://www.wikidata.org/entity/Q1244442,Vefa High School,school building,C,yellow
2078,http://www.wikidata.org/entity/Q6381864,,https://en.wikipedia.org/wiki/Ka%C4%9F%C4%B1thane%E2%80%93Piyalepa%C5%9Fa_Tunnel,Point(28.96947222 41.05441667),5.368,41.05441667,28.96947222,3,http://www.wikidata.org/entity/Q2354973,Kağıthane-Piyalepaşa Tunnel,road tunnel,C,yellow
2090,http://www.wikidata.org/entity/Q7099206,,https://en.wikipedia.org/wiki/Ora_Arena,Point(28.886908 41.043067),8.505,41.043067,28.886908,3,http://www.wikidata.org/entity/Q24354,Ora arena,theatre building,C,yellow
2092,http://www.wikidata.org/entity/Q7515106,,https://en.wikipedia.org/wiki/Silivrikap%C4%B1_Ice_Skating_Hall,Point(28.92208 41.00344),4.525,41.00344,28.92208,3,http://www.wikidata.org/entity/Q1076486,Silivrikapı Ice Rink and Sport Facility,sports venue,C,yellow
2094,http://www.wikidata.org/entity/Q7918404,,https://en.wikipedia.org/wiki/Vehbi_Ko%C3%A7_Foundation,Point(29.0372 41.032),5.881,41.032,29.0372,3,http://www.wikidata.org/entity/Q157031,Vehbi Koç Foundation,foundation,C,yellow
2096,http://www.wikidata.org/entity/Q8050419,,https://en.wikipedia.org/wiki/Yavuz_Sultan_Selim_Medrese,Point(28.942137128 41.016784691),3.058,41.016784691766,28.942137128552,3,http://www.wikidata.org/entity/Q132834,Yavuz Sultan Selim Madras,madrasa,C,yellow
2108,http://www.wikidata.org/entity/Q9206655,,https://en.wikipedia.org/wiki/Istanbul_Commerce_University_Faculty_of_Law,Point(28.950214 41.060214),6.361,41.060214,28.950214,3,http://www.wikidata.org/entity/Q180958,Istanbul Commerce University Faculty of Law,faculty,C,yellow
2120,http://www.wikidata.org/entity/Q12811176,,https://en.wikipedia.org/wiki/Ni%C5%9Fanta%C5%9F%C4%B1_Anatolian_High_School,Point(28.99388889 41.05361111),5.465,41.05361111,28.99388889,3,http://www.wikidata.org/entity/Q1244442,Nişantaşı Anadolu Lisesi,school building,C,yellow
2122,http://www.wikidata.org/entity/Q12813039,,https://en.wikipedia.org/wiki/%C5%9Eairler_Sofas%C4%B1,Point(29.00039 41.04213),4.476,41.04213,29.00039,3,http://www.wikidata.org/entity/Q41176,Şairler Sofası,building,C,yellow
2132,http://www.wikidata.org/entity/Q15255059,,"https://en.wikipedia.org/wiki/Monastery_of_the_Transfiguration,_Kinaliada",Point(29.050243 40.905869),12.802,40.905869,29.050243,3,http://www.wikidata.org/entity/Q44613,"Monastery of the Transfiguration, Kinaliada",monastery,C,yellow
2135,http://www.wikidata.org/entity/Q16850285,,https://en.wikipedia.org/wiki/Istanbul_Japanese_School,Point(29.0300571 41.0769548),9.068,41.0769548,29.0300571,3,http://www.wikidata.org/entity/Q8287445,Istanbul Japanese School,nihonjin gakkō,C,yellow
2136,http://www.wikidata.org/entity/Q18712153,,https://en.wikipedia.org/wiki/Cebeci_Sport_Hall,Point(28.8757 41.1079),14.07,41.1079,28.8757,3,http://www.wikidata.org/entity/Q1076486,Cebeci Sport Hall,sports venue,C,yellow
2137,http://www.wikidata.org/entity/Q18979885,,https://en.wikipedia.org/wiki/Badawi_Tekke_of_Beylerbeyi,Point(29.045475 41.041379),7.017,41.041379,29.045475,3,http://www.wikidata.org/entity/Q833913,Badawi Tekke of Beylerbeyi,Sufi lodge,C,yellow
2139,http://www.wikidata.org/entity/Q19613704,,https://en.wikipedia.org/wiki/Ilhan_Sel%C3%A7uk_and_the_Enlightenment_Instigators_of_the_Republic_Monument,Point(29.027638888 41.075583333),8.835,41.075583333333,29.027638888889,3,http://www.wikidata.org/entity/Q4989906,Ilhan Selçuk and the Enlightenment Instigators of the Republic Monument,monument,C,yellow
2141,http://www.wikidata.org/entity/Q20470443,,https://en.wikipedia.org/wiki/The_Feeler,Point(29.0390278 41.024862),5.683,41.024862,29.0390278,3,http://www.wikidata.org/entity/Q860861,The Feeler,sculpture,C,yellow
2146,http://www.wikidata.org/entity/Q20471518,,https://en.wikipedia.org/wiki/Bak%C4%B1rk%C3%B6y_Women%27s_Prison,Point(28.857 40.99),10.14,40.99,28.857,3,http://www.wikidata.org/entity/Q40357,Bakırköy Women's Prison,prison,C,yellow
2155,http://www.wikidata.org/entity/Q20474894,,https://en.wikipedia.org/wiki/Hidayet_Mosque,Point(28.973883959 41.016695372),1.159,41.016695372012,28.973883959742,3,http://www.wikidata.org/entity/Q811979,Hidayet Mosque,architectural structure,C,yellow
2159,http://www.wikidata.org/entity/Q20476459,,https://en.wikipedia.org/wiki/American_Hospital_(Istanbul),Point(28.995 41.053338888),5.462,41.053338888889,28.995,3,http://www.wikidata.org/entity/Q4284971,American Hospital,private hospital,C,yellow
2163,http://www.wikidata.org/entity/Q20988546,,"https://en.wikipedia.org/wiki/Consulate_General_of_the_United_States,_Istanbul",Point(29.046944444 41.118055555),13.773,41.118055555556,29.046944444444,3,http://www.wikidata.org/entity/Q372690,"Consulate General of the United States, Istanbul",consulate general,C,yellow
2170,http://www.wikidata.org/entity/Q21682476,,https://en.wikipedia.org/wiki/2012_Istanbul_suicide_bombing,Point(28.893333333 41.108055555),13.255,41.108055555556,28.893333333333,3,http://www.wikidata.org/entity/Q217327,2012 Sultangazi attack,suicide attack,C,yellow
2173,http://www.wikidata.org/entity/Q24897657,,https://en.wikipedia.org/wiki/Hac%C4%B1_Be%C5%9Fir_A%C4%9Fa_Mosque,Point(28.97727 41.01069),0.493,41.01069,28.97727,3,http://www.wikidata.org/entity/Q32815,Hacı Beşir Ağa Mosque,mosque,C,yellow
2176,http://www.wikidata.org/entity/Q25472492,,https://en.wikipedia.org/wiki/Vak%C4%B1fBank_Sports_Palace,Point(29.034583333 41.025166666),5.35,41.025166666667,29.034583333333,3,http://www.wikidata.org/entity/Q1076486,Vakıfbank Spor Sarayı,sports venue,C,yellow
2183,http://www.wikidata.org/entity/Q26944905,,https://en.wikipedia.org/wiki/Beylerbeyi_Palace_Tunnel,Point(29.039527777 41.042027777),6.65,41.042027777778,29.039527777778,3,http://www.wikidata.org/entity/Q44377,Beylerbeyi Palace Tunnel,tunnel,C,yellow
2184,http://www.wikidata.org/entity/Q28220050,,https://en.wikipedia.org/wiki/Emirgan_Pier,Point(29.05607 41.10303),12.677,41.10303,29.05607,3,http://www.wikidata.org/entity/Q863454,Emirgan Pier,pier,C,yellow
2185,http://www.wikidata.org/entity/Q28222110,,https://en.wikipedia.org/wiki/%C4%B0smet_%C4%B0n%C3%B6n%C3%BC_Stadium,Point(29.01819 41.08817),9.762,41.08817,29.01819,3,http://www.wikidata.org/entity/Q17350442,İsmet İnönü Stadium,venue,C,yellow
2186,http://www.wikidata.org/entity/Q28222180,,https://en.wikipedia.org/wiki/Natural_History_Museum_of_%C4%B0hsan_Ketin,Point(29.026111111 41.104722222),11.718,41.104722222222,29.026111111111,3,http://www.wikidata.org/entity/Q1970365,Natural History Museum of İhsan Ketin,natural history museum,C,yellow
2190,http://www.wikidata.org/entity/Q43398831,,https://en.wikipedia.org/wiki/K%C4%B1z%C4%B1ltoprak_railway_station,Point(29.042121658 40.984915074),6.05,40.984915074261,29.042121658884,3,http://www.wikidata.org/entity/Q4663385,Kızıltoprak railway station,former railway station,C,yellow
2193,http://www.wikidata.org/entity/Q48802632,,https://en.wikipedia.org/wiki/Zincirlikuyu_(Metrobus),Point(29.013 41.0661),7.334,41.0661,29.013,3,http://www.wikidata.org/entity/Q953806,Zincirlikuyu,bus stop,C,yellow
2196,http://www.wikidata.org/entity/Q48802642,,https://en.wikipedia.org/wiki/S%C3%B6%C4%9F%C3%BCtl%C3%BC%C3%A7e%C5%9Fme_(Metrobus),Point(29.037872777 40.991425657),5.462,40.991425657111,29.037872777345,3,http://www.wikidata.org/entity/Q953806,Söğütlüçeşme,bus stop,C,yellow
2200,http://www.wikidata.org/entity/Q48802659,,https://en.wikipedia.org/wiki/Cevizliba%C4%9F_(Metrobus),Point(28.910661361 41.016263628),5.58,41.016263628133,28.910661361217,3,http://www.wikidata.org/entity/Q953806,Cevizlibağ,bus stop,C,yellow
2206,http://www.wikidata.org/entity/Q48802714,,https://en.wikipedia.org/wiki/%C4%B0ncirli_(Metrobus),Point(28.87267435 40.997890038),8.711,40.997890038803,28.872674350312,3,http://www.wikidata.org/entity/Q953806,İncirli,bus stop,C,yellow
2217,http://www.wikidata.org/entity/Q48803980,,https://en.wikipedia.org/wiki/Yenikap%C4%B1_Ferry_Terminal,Point(28.956353019 41.002186735),1.703,41.002186735372,28.956353019013,3,http://www.wikidata.org/entity/Q863454,İDO Yenikapı Terminal,pier,C,yellow
2219,http://www.wikidata.org/entity/Q48805491,,https://en.wikipedia.org/wiki/Karak%C3%B6y_(T%C3%BCnel),Point(28.974 41.0228),1.832,41.0228,28.974,3,http://www.wikidata.org/entity/Q1147171,Karaköy (Tünel),interchange station,C,yellow
2224,http://www.wikidata.org/entity/Q48814467,,https://en.wikipedia.org/wiki/Palazzo_Corpi,Point(28.973360993 41.02997314),2.632,41.029973140716,28.973360993474,3,http://www.wikidata.org/entity/Q811979,Palazzo Corpi,architectural structure,C,yellow
2226,http://www.wikidata.org/entity/Q48969579,,"https://en.wikipedia.org/wiki/Holy_Trinity_Greek_Catholic_Cathedral,_Istanbul",Point(28.9761204 41.034889),3.17,41.034889,28.9761204,3,http://www.wikidata.org/entity/Q16970,"Melkite Greek Catholic Cathedral, Istanbul",church building,C,yellow
2227,http://www.wikidata.org/entity/Q48989383,,https://en.wikipedia.org/wiki/Ey%C3%BCp_Pier,Point(28.9375 41.0472),5.564,41.0472,28.9375,3,http://www.wikidata.org/entity/Q863454,Eyüpsultan Pier,pier,C,yellow
2228,http://www.wikidata.org/entity/Q48989380,,https://en.wikipedia.org/wiki/%C3%9Csk%C3%BCdar_Ferry_Terminal,Point(29.0152 41.0276),4.056,41.0276,29.0152,3,http://www.wikidata.org/entity/Q863454,Üsküdar Ferry Terminal,pier,C,yellow
2230,http://www.wikidata.org/entity/Q48989385,,https://en.wikipedia.org/wiki/S%C3%BCtl%C3%BCce_Pier,Point(28.9407 41.0466),5.357,41.0466,28.9407,3,http://www.wikidata.org/entity/Q863454,Sütlüce Pier,pier,C,yellow
2231,http://www.wikidata.org/entity/Q48989410,,https://en.wikipedia.org/wiki/Karak%C3%B6y_Pier,Point(28.9767 41.0217),1.705,41.0217,28.9767,3,http://www.wikidata.org/entity/Q863454,Karaköy Pier,pier,C,yellow
2232,http://www.wikidata.org/entity/Q48989448,,https://en.wikipedia.org/wiki/Kad%C4%B1k%C3%B6y_Ferry_Terminal,Point(29.018706931 40.990918496),3.985,40.990918496216,29.018706931104,3,http://www.wikidata.org/entity/Q863454,İDO Kadıköy Terminal,pier,C,yellow
2237,http://www.wikidata.org/entity/Q61852762,,"https://en.wikipedia.org/wiki/Camera_Museum,_Istanbul",Point(28.878777 40.99434),8.257,40.99434,28.878777,3,http://www.wikidata.org/entity/Q570116,"Camera Museum, İstanbul",tourist attraction,C,yellow
2241,http://www.wikidata.org/entity/Q65219450,,https://en.wikipedia.org/wiki/Yo%C4%9Furt%C3%A7u_Park,Point(29.0337 40.9853787),5.386,40.9853787,29.0337,3,http://www.wikidata.org/entity/Q22698,Yoğurtçu Park,park,C,yellow
2242,http://www.wikidata.org/entity/Q72284933,,https://en.wikipedia.org/wiki/Esenler_Stadium,Point(28.880007021 41.053887873),9.621,41.053887873165,28.880007021754,3,http://www.wikidata.org/entity/Q483110,Esenler Stadium,stadium,C,yellow
2245,http://www.wikidata.org/entity/Q85116968,,https://en.wikipedia.org/wiki/Fulya_Hakk%C4%B1_Yeten_Facility,Point(29.00128 41.05292),5.596,41.05292,29.00128,3,http://www.wikidata.org/entity/Q1154710,Fulya Hakkı Yeten Facility,association football venue,C,yellow
2249,http://www.wikidata.org/entity/Q96756361,,https://en.wikipedia.org/wiki/Ara_G%C3%BCler_Museum,Point(28.98075 41.058194444),5.776,41.058194444444,28.98075,3,http://www.wikidata.org/entity/Q33506,Ara Güler Museum,museum,C,yellow
2252,http://www.wikidata.org/entity/Q97320401,,https://en.wikipedia.org/wiki/Istanbul_Health_and_Technology_University,Point(28.9515536 41.0564788),5.932,41.0564788,28.9515536,3,http://www.wikidata.org/entity/Q3918,Istanbul Health and Technology University,university,C,yellow
2255,http://www.wikidata.org/entity/Q97403030,,"https://en.wikipedia.org/wiki/Agios_Panteleimonas_Greek_Orthodox_Church,_Kuzguncuk",Point(29.03027778 41.03444444),5.529,41.03444444,29.03027778,3,http://www.wikidata.org/entity/Q16970,"Agios Panteleimonas Greek Orthodox Church, Kuzguncuk",church building,C,yellow
2256,http://www.wikidata.org/entity/Q97709411,,https://en.wikipedia.org/wiki/Kad%C4%B1k%C3%B6y_bull_statue,Point(29.029167 40.990446),4.811,40.990446,29.029167,3,http://www.wikidata.org/entity/Q179700,Kadıköy Bull Statue,statue,C,yellow
2276,http://www.wikidata.org/entity/Q107050644,,https://en.wikipedia.org/wiki/%C3%96zg%C3%BCrl%C3%BCk_Meydan%C4%B1_(Istanbul_Metro),Point(28.87409447 40.981695249),8.972,40.981695249149,28.874094470388,3,http://www.wikidata.org/entity/Q1147171,Özgürlük Meydanı,interchange station,C,yellow
2279,http://www.wikidata.org/entity/Q107050645,,https://en.wikipedia.org/wiki/Bak%C4%B1rk%C3%B6y_Sahil_(Istanbul_Metro),Point(28.867774157 40.973642513),9.775,40.973642513838,28.867774157493,3,http://www.wikidata.org/entity/Q1147171,Bakırköy Sahil,interchange station,C,yellow
2294,http://www.wikidata.org/entity/Q111978995,,https://en.wikipedia.org/wiki/Haydarpa%C5%9Fa_Breakwater,Point(29.011501977 40.996943245),3.169,40.996943245723,29.011501977744,3,http://www.wikidata.org/entity/Q170980,Haydarpaşa Breakwater,obelisk,C,yellow
2307,http://www.wikidata.org/entity/Q113518794,,https://en.wikipedia.org/wiki/Mimar_Sinan_(Istanbul_Metro),Point(28.816617569 41.025062397),13.521,41.025062397186,28.81661756976,3,http://www.wikidata.org/entity/Q1147171,Mimar Sinan (M1),interchange station,C,yellow
2322,http://www.wikidata.org/entity/Q116701696,,https://en.wikipedia.org/wiki/Pearl_Kiosk,Point(28.987222222 41.009861111),1.028,41.009861111111,28.987222222222,3,http://www.wikidata.org/entity/Q276173,Pearl Kiosk,pavilion,C,yellow
2329,http://www.wikidata.org/entity/Q118946594,,https://en.wikipedia.org/wiki/Istanbul_Fire_Department,Point(28.9535594 41.0160735),2.16,41.0160735,28.9535594,3,http://www.wikidata.org/entity/Q6498663,Istanbul Fire Department,fire department,C,yellow
2332,http://www.wikidata.org/entity/Q121717636,,https://en.wikipedia.org/wiki/Beylerbeyi_S.K._(women%27s_football),Point(29.04592 41.03906),6.909,41.03906,29.04592,3,http://www.wikidata.org/entity/Q51481377,Pendik Çamlık Spor,women's association football club,C,yellow
2336,http://www.wikidata.org/entity/Q123583238,,https://en.wikipedia.org/wiki/Statue_of_Alex,Point(29.0337 40.9854),5.385,40.9854,29.0337,3,http://www.wikidata.org/entity/Q179700,Statue of Alex,statue,C,yellow
2337,http://www.wikidata.org/entity/Q123594731,,https://en.wikipedia.org/wiki/Cundi_Park,Point(28.97012113 41.003874205),0.557,41.00387420516,28.970121130682,3,http://www.wikidata.org/entity/Q22698,Cundi Park,park,C,yellow
2338,http://www.wikidata.org/entity/Q123614320,,https://en.wikipedia.org/wiki/Hodjapasha_Culture_Center,Point(28.9756 41.0141),0.859,41.0141,28.9756,3,http://www.wikidata.org/entity/Q17350442,Hodjapasha Culture Center,venue,C,yellow
2339,http://www.wikidata.org/entity/Q123700141,,https://en.wikipedia.org/wiki/Terc%C3%BCman_Building,Point(28.90991 41.0146),5.609,41.0146,28.90991,3,http://www.wikidata.org/entity/Q811979,Tercüman Building,architectural structure,C,yellow
2344,http://www.wikidata.org/entity/Q127418594,,https://en.wikipedia.org/wiki/B%C3%B6cekli_Mosque,Point(29.084481 40.978524),9.627,40.978524,29.084481,3,http://www.wikidata.org/entity/Q811979,Böcekli Mosque,architectural structure,C,yellow
2346,http://www.wikidata.org/entity/Q131368423,,https://en.wikipedia.org/wiki/Ebez%C3%A2de_Abdullah_Efendi_Fountain,Point(28.94567961 41.023956546),3.199,41.023956546145,28.945679610135,3,http://www.wikidata.org/entity/Q483453,Ebezâde Abdullah Efendi Fountain,fountain,C,yellow
2347,http://www.wikidata.org/entity/Q131388493,,https://en.wikipedia.org/wiki/CBRT_Tower,Point(29.11048 41.002),11.306,41.002,29.11048,3,http://www.wikidata.org/entity/Q41176,CBRT Tower,building,C,yellow
2351,http://www.wikidata.org/entity/Q132745503,,https://en.wikipedia.org/wiki/Abdulhakim_Sanjak_Mosque,Point(29.030619 41.106322),12.023,41.106322,29.030619,3,http://www.wikidata.org/entity/Q32815,Abdulhakim Sanjak Mosque,mosque,C,yellow
2352,http://www.wikidata.org/entity/Q19391163,https://de.wikipedia.org/wiki/Liste_der_t%C3%BCrkischen_Botschafter_in_Algerien,https://en.wikipedia.org/wiki/List_of_ambassadors_of_Turkey_to_Algeria,Point(29.008044 41.042956),4.881,41.042956,29.008044,3,http://www.wikidata.org/entity/Q13406463,list of ambassadors of Turkey to Algeria,Wikimedia list article,C,yellow
2353,http://www.wikidata.org/entity/Q6061491,https://de.wikipedia.org/wiki/Cezayir_Soka%C4%9F%C4%B1,,Point(28.97917 41.03135),2.79,41.03135,28.97917,3,http://www.wikidata.org/entity/Q12731,Cezayir Sokağı,dead end street,C,yellow
2354,http://www.wikidata.org/entity/Q15837722,https://de.wikipedia.org/wiki/Orient-Institut_Istanbul,https://en.wikipedia.org/wiki/Orient-Institut_Istanbul,Point(28.974594431 41.027077024),2.304,41.027077024775,28.974594431306,3,http://www.wikidata.org/entity/Q31855,Orient-Institut Istanbul,research institute,C,yellow
2355,http://www.wikidata.org/entity/Q119362246,https://de.wikipedia.org/wiki/Hask%C3%B6y_%C3%87e%C5%9Fmesi,,Point(28.951138888 41.040583333),4.332,41.040583333333,28.951138888889,3,http://www.wikidata.org/entity/Q483453,Hasköy Fountain,fountain,C,yellow
2356,http://www.wikidata.org/entity/Q24895521,https://de.wikipedia.org/wiki/Cantemir-Palast_in_Istanbul,https://en.wikipedia.org/wiki/Cantemir_Palace_in_Istanbul,Point(29.02694444 41.04694444),6.221,41.04694444,29.02694444,3,http://www.wikidata.org/entity/Q41176,Cantemir Palace in Istanbul,building,C,yellow
2357,http://www.wikidata.org/entity/Q55594541,https://de.wikipedia.org/wiki/Botanischer_Garten_Istanbul,,Point(28.963608 41.0178),1.634,41.0178,28.963608,3,http://www.wikidata.org/entity/Q167346,Istanbul University Alfred Heilbronn Botanical Garden,botanical garden,C,yellow
2358,http://www.wikidata.org/entity/Q20476395,https://de.wikipedia.org/wiki/Fatih-Moschee_(Salacak),,Point(29.007969444 41.020977777),3.144,41.020977777778,29.007969444444,3,http://www.wikidata.org/entity/Q811979,Salacak Fatih Mosque,architectural structure,C,yellow
2361,http://www.wikidata.org/entity/Q58498104,https://de.wikipedia.org/wiki/Generalkonsulat_des_K%C3%B6nigreichs_Saudi-Arabien_in_Istanbul,,Point(29.012083333 41.086),9.359,41.086,29.012083333333,3,http://www.wikidata.org/entity/Q372690,Consulate General of Saudi Arabia in Istanbul,consulate general,C,yellow
2362,http://www.wikidata.org/entity/Q1205539,https://de.wikipedia.org/wiki/Deutsches_Arch%C3%A4ologisches_Institut_Istanbul,,Point(28.9895916 41.0335922),3.237,41.0335922,28.9895916,2,http://www.wikidata.org/entity/Q7743,German Archaeological Institute at Istanbul,home,C,yellow
2364,http://www.wikidata.org/entity/Q6024164,https://de.wikipedia.org/wiki/Muhyiddin-Molla-Fenari-Moschee,,Point(28.981111111 41.031972222),2.879,41.031972222222,28.981111111111,2,http://www.wikidata.org/entity/Q811979,Muhyiddin Çelebi Mosque,architectural structure,C,yellow
2368,http://www.wikidata.org/entity/Q1335287,https://de.wikipedia.org/wiki/Emek-Kino_(Istanbul),,Point(28.979697 41.03491),3.188,41.03491,28.979697,2,http://www.wikidata.org/entity/Q41253,Emek Sineması,movie theater,C,yellow
2371,http://www.wikidata.org/entity/Q1262932,,https://en.wikipedia.org/wiki/Dubai_Towers_Istanbul,Point(29.006388888 41.084166666),9.02,41.084166666667,29.006388888889,2,http://www.wikidata.org/entity/Q41176,Dubai Towers Istanbul,building,C,yellow
2372,http://www.wikidata.org/entity/Q2676582,,https://en.wikipedia.org/wiki/Dar%C3%BC%C5%9F%C5%9Fafaka_Society,Point(29.026984 41.12696),14.075,41.12696,29.026984,2,http://www.wikidata.org/entity/Q79913,Darüşşafaka,non-governmental organization,C,yellow
2377,http://www.wikidata.org/entity/Q4838511,,https://en.wikipedia.org/wiki/Babylon_Istanbul,Point(28.979834 41.058255),5.777,41.058255,28.979834,2,http://www.wikidata.org/entity/Q1060829,Babylon Istanbul,concert hall,C,yellow
2378,http://www.wikidata.org/entity/Q4843094,,https://en.wikipedia.org/wiki/Bah%C3%A7elievler_Stadium,Point(28.83211944 40.99656667),12.112,40.99656667,28.83211944,2,http://www.wikidata.org/entity/Q483110,Bahçelievler Stadium,stadium,C,yellow
2380,http://www.wikidata.org/entity/Q5071703,,https://en.wikipedia.org/wiki/Changa_(restaurant),Point(28.98480556 41.03583333),3.359,41.03583333,28.98480556,2,http://www.wikidata.org/entity/Q11707,Changa,restaurant,C,yellow
2381,http://www.wikidata.org/entity/Q5964936,,https://en.wikipedia.org/wiki/H%C3%BCnkar_(restaurant),Point(29.036267 41.081306),9.75,41.081306,29.036267,2,http://www.wikidata.org/entity/Q570116,Hünkar,tourist attraction,C,yellow
2403,http://www.wikidata.org/entity/Q6020588,,https://en.wikipedia.org/wiki/Metris_Prison,Point(28.875 41.078),11.618,41.078,28.875,2,http://www.wikidata.org/entity/Q683992,Metris Prison,military prison,C,yellow
2431,http://www.wikidata.org/entity/Q6026726,,https://en.wikipedia.org/wiki/Ziverbey_Villa,Point(29.08277778 40.97666667),9.561,40.97666667,29.08277778,2,http://www.wikidata.org/entity/Q276173,Ziverbey Villa,pavilion,C,yellow
2470,http://www.wikidata.org/entity/Q6037571,,https://en.wikipedia.org/wiki/Hac%C4%B1_Abdullah_Restaurant,Point(28.980277777 41.035277777),3.234,41.035277777778,28.980277777778,2,http://www.wikidata.org/entity/Q213441,Hacı Abdullah Restaurant,shop,C,yellow
2601,http://www.wikidata.org/entity/Q6065437,,https://en.wikipedia.org/wiki/Istanbul_Faculty_of_Medicine,Point(28.932831 41.016099),3.769,41.016099,28.932831,2,http://www.wikidata.org/entity/Q494230,Istanbul Faculty of Medicine,medical school,C,yellow
2665,http://www.wikidata.org/entity/Q6088590,,https://en.wikipedia.org/wiki/Demiro%C4%9Flu_Bilim_University,Point(29.012222222 41.069166666),7.618,41.069166666667,29.012222222222,2,http://www.wikidata.org/entity/Q902104,Istanbul Bilim University,private university,C,yellow
2666,http://www.wikidata.org/entity/Q6088633,,https://en.wikipedia.org/wiki/Istanbul_K%C3%BClt%C3%BCr_University,Point(28.83166667 40.99111111),12.22,40.99111111,28.83166667,2,http://www.wikidata.org/entity/Q902104,Istanbul Kültür University,private university,C,yellow
2672,http://www.wikidata.org/entity/Q6090051,,https://en.wikipedia.org/wiki/The_Health_Museum_(Istanbul),Point(28.975266 41.008225),0.211,41.008225,28.975266,2,http://www.wikidata.org/entity/Q2142647,The Health Museum,yalı,C,yellow
2682,http://www.wikidata.org/entity/Q6100138,,https://en.wikipedia.org/wiki/Lyc%C3%A9e_Fran%C3%A7ais_Saint-Michel,Point(28.98444444 41.055),5.454,41.055,28.98444444,2,http://www.wikidata.org/entity/Q159334,Saint-Michel Highschool,secondary school,C,yellow
2692,http://www.wikidata.org/entity/Q6102881,,https://en.wikipedia.org/wiki/Removing_Barriers_Movement,Point(29.109264 40.996137),11.251,40.996137,29.109264,2,http://www.wikidata.org/entity/Q43229,Removing Barriers Movement,organization,C,yellow
2694,http://www.wikidata.org/entity/Q6849999,,https://en.wikipedia.org/wiki/Mikla,Point(28.9741 41.03105),2.747,41.03105,28.9741,2,http://www.wikidata.org/entity/Q11707,Mikla Restaurant,restaurant,C,yellow
2696,http://www.wikidata.org/entity/Q7157107,,https://en.wikipedia.org/wiki/Pa%C5%9Fakap%C4%B1s%C4%B1_Prison,Point(29.014192 41.017305),3.437,41.017305,29.014192,2,http://www.wikidata.org/entity/Q811979,Paşakapısı Prison,architectural structure,C,yellow
2698,http://www.wikidata.org/entity/Q7280846,,https://en.wikipedia.org/wiki/Radio_ITU,Point(29.02461 41.104088),11.607,41.104088,29.02461,2,http://www.wikidata.org/entity/Q14350,Radio ITU,radio station,C,yellow
2699,http://www.wikidata.org/entity/Q7589318,,"https://en.wikipedia.org/wiki/Lyc%C3%A9e_Saint-Joseph,_Istanbul",Point(29.028677 40.983035),5.136,40.983035,29.028677,2,http://www.wikidata.org/entity/Q9826,St. Joseph High School,high school,C,yellow
2700,http://www.wikidata.org/entity/Q7672179,,https://en.wikipedia.org/wiki/TVF_50th_Anniversary_Sport_Hall,Point(29.029292 41.014085),4.563,41.014085,29.029292,2,http://www.wikidata.org/entity/Q1076486,TVF 50th Anniversary Sport Hall,sports venue,C,yellow
2701,http://www.wikidata.org/entity/Q7916261,,https://en.wikipedia.org/wiki/Varyap_Meridian_A_Block,Point(29.1008 41.0006),10.503,41.0006,29.1008,2,http://www.wikidata.org/entity/Q41176,Varyap Meridian Grand Tower 1,building,C,yellow
2702,http://www.wikidata.org/entity/Q8082469,,https://en.wikipedia.org/wiki/%C5%9Eemsipa%C5%9Fa_Primary_School,Point(29.009230555 41.022438888),3.32,41.022438888889,29.009230555556,2,http://www.wikidata.org/entity/Q811979,Şemsipaşa İlköğretim Okulu,architectural structure,C,yellow
2706,http://www.wikidata.org/entity/Q8082488,,https://en.wikipedia.org/wiki/%C5%9Eeref_Stadium,Point(29.01704722 41.04416667),5.439,41.04416667,29.01704722,2,http://www.wikidata.org/entity/Q483110,Şeref Stadium,stadium,C,yellow
2710,http://www.wikidata.org/entity/Q11158752,,https://en.wikipedia.org/wiki/Istanbul_Medeniyet_University,Point(29.0646536 40.9952823),7.552,40.9952823,29.0646536,2,http://www.wikidata.org/entity/Q875538,Istanbul Medeniyet University,public university,C,yellow
2711,http://www.wikidata.org/entity/Q11908797,,https://en.wikipedia.org/wiki/Battle_of_the_Bosporus,Point(29.038333333 41.05),7.14,41.05,29.038333333333,2,http://www.wikidata.org/entity/Q1261499,Battle of the Bosporus,naval battle,C,yellow
2730,http://www.wikidata.org/entity/Q12812885,,https://en.wikipedia.org/wiki/Istanbul_Technical_University_Fuat_Kulunk_High_Voltage_Laboratory,Point(28.9909401 41.039093),3.851,41.039093,28.9909401,2,http://www.wikidata.org/entity/Q83405,ITU Fuat Kulunk High Voltage Laboratory,factory,C,yellow
2736,http://www.wikidata.org/entity/Q15136731,,https://en.wikipedia.org/wiki/Yenikap%C4%B1_railway_station,Point(28.952489546 41.004777007),1.97,41.004777007816,28.952489546434,2,http://www.wikidata.org/entity/Q1147171,Yenikapı railway station,interchange station,C,yellow
2740,http://www.wikidata.org/entity/Q16902303,,https://en.wikipedia.org/wiki/Ulus_Ashkenazi_Jewish_Cemetery,Point(29.0294 41.0703),8.406,41.0703,29.0294,2,http://www.wikidata.org/entity/Q846659,Ulus Ashkenazi Jewish Cemetery,Jewish cemetery,C,yellow
2741,http://www.wikidata.org/entity/Q16951274,,https://en.wikipedia.org/wiki/MEF_University,Point(29.0085455 41.1087746),11.71,41.1087746,29.0085455,2,http://www.wikidata.org/entity/Q3918,MEF University,university,C,yellow
2742,http://www.wikidata.org/entity/Q17000884,,https://en.wikipedia.org/wiki/Marmara_%C3%9Cniversitesi_Spor,Point(29.06972222 41.08166667),11.49,41.08166667,29.06972222,2,http://www.wikidata.org/entity/Q28140340,Marmara Üniversitesi Spor,women's association football team,C,yellow
2743,http://www.wikidata.org/entity/Q18385664,,https://en.wikipedia.org/wiki/Zorlu_PSM,Point(29.0166373 41.0676385),7.621,41.0676385,29.0166373,2,http://www.wikidata.org/entity/Q3469910,Zorlu PSM,performing arts center,C,yellow
2753,http://www.wikidata.org/entity/Q19610826,,https://en.wikipedia.org/wiki/Bostanc%C4%B1_Show_Center,Point(29.1023139 40.9567666),11.962,40.9567666,29.1023139,2,http://www.wikidata.org/entity/Q1060829,Bostancı Show Center,concert hall,C,yellow
2765,http://www.wikidata.org/entity/Q20047274,,https://en.wikipedia.org/wiki/Npistanbul_Brain_Hospital,Point(29.114189134 41.028939293),11.872,41.028939293567,29.114189134259,2,http://www.wikidata.org/entity/Q4284971,Npistanbul Brain Hospital,private hospital,C,yellow
2781,http://www.wikidata.org/entity/Q20472213,,https://en.wikipedia.org/wiki/Beylerbeyi_75._Y%C4%B1l_Stadium,Point(29.0459 41.039),6.904,41.039,29.0459,2,http://www.wikidata.org/entity/Q483110,Beylerbeyi 75. Yıl Stadium,stadium,C,yellow
2785,http://www.wikidata.org/entity/Q20474745,,https://en.wikipedia.org/wiki/Haydarpa%C5%9Fa_High_School,Point(29.046546 41.017024),6.047,41.017024,29.046546,2,http://www.wikidata.org/entity/Q159334,Haydarpaşa High School,secondary school,C,yellow
2795,http://www.wikidata.org/entity/Q20949744,,https://en.wikipedia.org/wiki/The_Union_Church_of_Istanbul,Point(28.976251332 41.030460377),2.678,41.030460377935,28.976251332249,2,http://www.wikidata.org/entity/Q346575,The Union Church of Istanbul,Protestant church,C,yellow
2804,http://www.wikidata.org/entity/Q21526486,,https://en.wikipedia.org/wiki/El%C3%A7i_Han,Point(28.971194444 41.008166666),0.44,41.008166666667,28.971194444444,2,http://www.wikidata.org/entity/Q186347,Q21526486,caravanserai,C,yellow
2810,http://www.wikidata.org/entity/Q25212994,,https://en.wikipedia.org/wiki/Sa%27dabad_Pavilion,Point(28.963722219 41.07158333),7.321,41.071583330556,28.963722219444,2,http://www.wikidata.org/entity/Q16560,Sa'dabad Pavilion,palace,C,yellow
2834,http://www.wikidata.org/entity/Q27628600,,https://en.wikipedia.org/wiki/October_2016_Istanbul_bombing,Point(28.83149 40.99563),12.175,40.99563,28.83149,2,http://www.wikidata.org/entity/Q2223653,October 2016 Istanbul bombing,terrorist attack,C,yellow
2886,http://www.wikidata.org/entity/Q43398836,,https://en.wikipedia.org/wiki/Fenerbah%C3%A7e_railway_station,Point(29.038198943 40.969001046),6.681,40.969001046269,29.038198943207,2,http://www.wikidata.org/entity/Q4663385,Fenerbahçe railway station,former railway station,C,yellow
2890,http://www.wikidata.org/entity/Q48802664,,https://en.wikipedia.org/wiki/Uzun%C3%A7ay%C4%B1r_(Metrobus),Point(29.056751403 40.999094835),6.835,40.999094835329,29.056751403337,2,http://www.wikidata.org/entity/Q953806,Uzunçayır,bus stop,C,yellow
2893,http://www.wikidata.org/entity/Q48805199,,https://en.wikipedia.org/wiki/Fatih_Mimar_Sinan_Stadium,Point(28.93416667 41.02388889),4.004,41.02388889,28.93416667,2,http://www.wikidata.org/entity/Q483110,Fatih Mimar Sinan Stadium,stadium,C,yellow
2894,http://www.wikidata.org/entity/Q48805625,,https://en.wikipedia.org/wiki/Metrohan_Building,Point(28.974114932 41.02837771),2.45,41.028377710041,28.97411493205,2,http://www.wikidata.org/entity/Q97495053,Metrohan Building,shopping arcade,C,yellow
2896,http://www.wikidata.org/entity/Q48989391,,https://en.wikipedia.org/wiki/Bostanc%C4%B1_Ferry_Terminal,Point(29.092536253 40.952278017),11.493,40.952278017911,29.092536253173,2,http://www.wikidata.org/entity/Q863454,İDO Bostancı Terminal,pier,C,yellow
2918,http://www.wikidata.org/entity/Q65051580,,https://en.wikipedia.org/wiki/Argyropolis_(Thrace),Point(28.980152 41.026411),2.256,41.026411,28.980152,2,http://www.wikidata.org/entity/Q15661341,Argyropolis (Thrace),Aquis griseinigra,C,yellow
2919,http://www.wikidata.org/entity/Q65054435,,https://en.wikipedia.org/wiki/Istanbul_Governor%27s_Office,Point(28.97611111 41.01194444),0.619,41.01194444,28.97611111,2,http://www.wikidata.org/entity/Q41176,Istanbul Governor's Office,building,C,yellow
3032,http://www.wikidata.org/entity/Q97321014,,https://en.wikipedia.org/wiki/Sanat%C3%A7%C4%B1lar_Park,Point(29.029704 41.082719),9.614,41.082719,29.029704,2,http://www.wikidata.org/entity/Q22746,Sanatçılar Park,urban park,C,yellow
3043,http://www.wikidata.org/entity/Q99546101,,https://en.wikipedia.org/wiki/Yenik%C3%B6y_Cemetery,Point(29.05784 41.11841),14.226,41.11841,29.05784,2,http://www.wikidata.org/entity/Q39614,Yeniköy Cemetery,cemetery,C,yellow
3082,http://www.wikidata.org/entity/Q107141116,,https://en.wikipedia.org/wiki/Galatasaray_Judo,Point(29.02953 41.01464),4.595,41.01464,29.02953,2,http://www.wikidata.org/entity/Q12973014,Galatasaray Judo,sports team,C,yellow
3190,http://www.wikidata.org/entity/Q111987824,,https://en.wikipedia.org/wiki/Zeytinburnu_Ice_Rink,Point(28.894618 40.9960966),6.914,40.9960966,28.894618,2,http://www.wikidata.org/entity/Q570116,Zeytinburnu Buz Adası,tourist attraction,C,yellow
3251,http://www.wikidata.org/entity/Q112845110,,https://en.wikipedia.org/wiki/Genoese_Palace,Point(28.9729 41.02446),2.026,41.02446,28.9729,2,http://www.wikidata.org/entity/Q35112127,Genoese Palace,historic building,C,yellow
3294,http://www.wikidata.org/entity/Q113993437,,https://en.wikipedia.org/wiki/%C3%87ift%C3%A7i_Towers,Point(29.0162 41.0687),7.711,41.0687,29.0162,2,http://www.wikidata.org/entity/Q41176,Çiftçi Towers,building,C,yellow
3297,http://www.wikidata.org/entity/Q115264889,,https://en.wikipedia.org/wiki/Lebon_Patisserie_%26_Caf%C3%A9,Point(28.975388888 41.029444444),2.565,41.029444444444,28.975388888889,2,http://www.wikidata.org/entity/Q213441,Lebon Patisserie & Café,shop,C,yellow
3333,http://www.wikidata.org/entity/Q117227058,,https://en.wikipedia.org/wiki/Marble_Pavilion,Point(29.040166666 41.040805555),6.614,41.040805555556,29.040166666667,2,http://www.wikidata.org/entity/Q276173,Marble Pavilion,pavilion,C,yellow
3454,http://www.wikidata.org/entity/Q123420693,,https://en.wikipedia.org/wiki/Chaos_Class_Museum,Point(29.04195739 41.013815497),5.606,41.01381549777,29.041957390161,2,http://www.wikidata.org/entity/Q33506,Chaos Class Museum,museum,C,yellow
3458,http://www.wikidata.org/entity/Q123512639,,https://en.wikipedia.org/wiki/Statue_of_S%C3%BCreyya_%C4%B0lmen,Point(29.033725 40.98696),5.314,40.98696,29.033725,2,http://www.wikidata.org/entity/Q179700,Statue of Süreyya İlmen,statue,C,yellow
3459,http://www.wikidata.org/entity/Q123512684,,https://en.wikipedia.org/wiki/Statue_of_Atat%C3%BCrk_(G%C3%BClhane_Park),Point(28.979261 41.011204),0.607,41.011204,28.979261,2,http://www.wikidata.org/entity/Q179700,Statue of Atatürk,statue,C,yellow
3461,http://www.wikidata.org/entity/Q123584923,,https://en.wikipedia.org/wiki/Statue_of_Lefter_K%C3%BC%C3%A7%C3%BCkandonyadis,Point(29.033968 40.9873581),5.314,40.9873581,29.033968,2,http://www.wikidata.org/entity/Q179700,Statue of Lefter Küçükandonyadis,statue,C,yellow
3463,http://www.wikidata.org/entity/Q123683184,,https://en.wikipedia.org/wiki/Rainbow_stairs,Point(28.9864 41.0291),2.676,41.0291,28.9864,2,http://www.wikidata.org/entity/Q570116,Rainbow stairs,tourist attraction,C,yellow
3464,http://www.wikidata.org/entity/Q123684244,,https://en.wikipedia.org/wiki/F%C4%B1nd%C4%B1kl%C4%B1_Park,Point(28.99 41.031388888),3.023,41.031388888889,28.99,2,http://www.wikidata.org/entity/Q22698,Fındıklı Park,park,C,yellow
3476,http://www.wikidata.org/entity/Q125271712,,https://en.wikipedia.org/wiki/Gayrettepe_nightclub_fire,Point(29.008333333 41.065555555),7.121,41.065555555556,29.008333333333,2,http://www.wikidata.org/entity/Q3196,Gayrettepe nightclub fire,fire,C,yellow
3493,http://www.wikidata.org/entity/Q125784037,,https://en.wikipedia.org/wiki/%C4%B0BB_GOP_Halit_K%C4%B1van%C3%A7_City_Stadium,Point(28.91658 41.0876),10.309,41.0876,28.91658,2,http://www.wikidata.org/entity/Q1154710,İBB GOP Halit Kıvanç City Stadium,association football venue,C,yellow
3503,http://www.wikidata.org/entity/Q127270538,,https://en.wikipedia.org/wiki/TURK_Fatih_Tutak,Point(28.977694444 41.058444444),5.791,41.058444444444,28.977694444444,2,http://www.wikidata.org/entity/Q11707,TURK Fatih Tutak,restaurant,C,yellow
3546,http://www.wikidata.org/entity/Q130329147,,https://en.wikipedia.org/wiki/Araka_(restaurant),Point(29.063055555 41.117166666),14.324,41.117166666667,29.063055555556,2,http://www.wikidata.org/entity/Q11707,Araka,restaurant,C,yellow
3547,http://www.wikidata.org/entity/Q130329149,,https://en.wikipedia.org/wiki/Arkestra_(restaurant),Point(29.031467188 41.07848851),9.275,41.078488510137,29.03146718846,2,http://www.wikidata.org/entity/Q11707,Arkestra,restaurant,C,yellow
3548,http://www.wikidata.org/entity/Q130329155,,https://en.wikipedia.org/wiki/Sankai_by_Nagaya,Point(29.044138888 41.077916666),9.8,41.077916666667,29.044138888889,2,http://www.wikidata.org/entity/Q61906224,Sankai by Nagaya,Japanese restaurant,C,yellow
3549,http://www.wikidata.org/entity/Q130329153,,https://en.wikipedia.org/wiki/Nicole_(restaurant),Point(28.9778 41.0302),2.653,41.0302,28.9778,2,http://www.wikidata.org/entity/Q11707,Nicole,restaurant,C,yellow
3554,http://www.wikidata.org/entity/Q130781477,,https://en.wikipedia.org/wiki/Neolokal,Point(28.9734 41.0238),1.948,41.0238,28.9734,2,http://www.wikidata.org/entity/Q11707,Neolokal,restaurant,C,yellow
3610,http://www.wikidata.org/entity/Q28098273,https://de.wikipedia.org/wiki/Reina_(Nachtclub),,Point(29.0325 41.05),6.789,41.05,29.0325,2,http://www.wikidata.org/entity/Q622425,Reina,nightclub,C,yellow
3611,http://www.wikidata.org/entity/Q26697102,https://de.wikipedia.org/wiki/Schlacht_von_Chalkedon,,Point(29.033333333 40.983333333),5.461,40.983333333333,29.033333333333,2,http://www.wikidata.org/entity/Q188055,Siege of Chalcedon,siege,C,yellow
3612,http://www.wikidata.org/entity/Q14956865,https://de.wikipedia.org/wiki/Alman_Hastanesi,https://en.wikipedia.org/wiki/Taksim_German_Hospital,Point(28.9842 41.0335),3.095,41.0335,28.9842,2,http://www.wikidata.org/entity/Q4284971,Taksim German Hospital,private hospital,C,yellow
3615,http://www.wikidata.org/entity/Q65741537,https://de.wikipedia.org/wiki/Kreuzkirche_(Istanbul),,Point(28.9739 41.036104),3.309,41.036104,28.9739,2,http://www.wikidata.org/entity/Q16970,Deutsche Evangelische Kirche,church building,C,yellow
3616,http://www.wikidata.org/entity/Q66141709,https://de.wikipedia.org/wiki/Survival_3C_Masters_2019/3,,Point(28.802708 41.000706),14.544,41.000706,28.802708,2,http://www.wikidata.org/entity/Q16510064,2019 Survival 3C Masters 3,sporting event,C,yellow
3618,http://www.wikidata.org/entity/Q108404641,https://de.wikipedia.org/wiki/15_Temmuz_%C5%9Eehitler_An%C4%B1t%C4%B1_ve_M%C3%BCzesi,,Point(29.042263 41.036974),6.526,41.036974,29.042263,2,http://www.wikidata.org/entity/Q464980,15 July Martyrs' Memorial,exhibition,C,yellow
3620,http://www.wikidata.org/entity/Q2464525,https://de.wikipedia.org/wiki/T%C3%BCrker_%C4%B0nano%C4%9Flu_Maslak_Show_Center,,Point(29.02701 41.12607),13.982,41.12607,29.02701,1,http://www.wikidata.org/entity/Q3469910,Türker İnanoğlu Maslak Show Center,performing arts center,D,blue
3621,http://www.wikidata.org/entity/Q1389334,https://de.wikipedia.org/wiki/Schiffbr%C3%BCcke_%C3%BCber_den_Bosporus,,Point(29.06068333 41.08722222),11.462,41.08722222,29.06068333,1,http://www.wikidata.org/entity/Q2104072,Q1389334,pontoon bridge,D,blue
3629,http://www.wikidata.org/entity/Q4725188,,https://en.wikipedia.org/wiki/Ali_Sami_Yen_Sports_Complex,Point(28.990419 41.102869),10.798,41.102869,28.990419,1,http://www.wikidata.org/entity/Q1049757,Ali Sami Yen Sports Complex,multi-purpose sports venue,D,blue
3630,http://www.wikidata.org/entity/Q4875289,,https://en.wikipedia.org/wiki/Ba%C4%9Fc%C4%B1lar_Olympic_Sport_Hall,Point(28.854444 41.042222),10.938,41.042222,28.854444,1,http://www.wikidata.org/entity/Q1076486,Bağcılar Olympic Sport Hall,sports venue,D,blue
3631,http://www.wikidata.org/entity/Q5428914,,"https://en.wikipedia.org/wiki/Faculty_of_Arts_and_Sciences_Building,_Istanbul_University",Point(28.96055556 41.00972222),1.338,41.00972222,28.96055556,1,http://www.wikidata.org/entity/Q19844914,"Faculty of Arts and Sciences Building, Istanbul University",university building,D,blue
3633,http://www.wikidata.org/entity/Q5518958,,https://en.wikipedia.org/wiki/Galleria_Ice_Rink,Point(28.869722 40.974444),9.591,40.974444,28.869722,1,http://www.wikidata.org/entity/Q1076486,Galleria Ice Rink,sports venue,D,blue
3791,http://www.wikidata.org/entity/Q6079569,,https://en.wikipedia.org/wiki/Bah%C3%A7elievler_Anatolian_High_School,Point(28.876273 41.003365),8.364,41.003365,28.876273,1,http://www.wikidata.org/entity/Q9826,Bahçelievler Anatolian High School,high school,D,blue
3807,http://www.wikidata.org/entity/Q6361523,,https://en.wikipedia.org/wiki/Kandilli_Anatolian_High_School_for_Girls,Point(29.05722222 41.07138889),9.94,41.07138889,29.05722222,1,http://www.wikidata.org/entity/Q811979,Kandilli Anatolian High School for Girls,architectural structure,D,blue
3812,http://www.wikidata.org/entity/Q7862459,,https://en.wikipedia.org/wiki/T%C3%BCrkbal%C3%B6n,Point(29.026111 40.991111),4.545,40.991111,29.026111,1,http://www.wikidata.org/entity/Q11707,Türkbalön,restaurant,D,blue
3860,http://www.wikidata.org/entity/Q21190822,,https://en.wikipedia.org/wiki/Mehmet_%C3%87ak%C4%B1r_Cultural_and_Sports_Center,Point(29.07 41.05388889),9.499,41.05388889,29.07,1,http://www.wikidata.org/entity/Q1076486,Mehmet Çakır Cultural and Sports Center,sports venue,D,blue
3868,http://www.wikidata.org/entity/Q24521655,,https://en.wikipedia.org/wiki/Tozkoparan_Olympic_Swimming_Pool,Point(28.895 41.01277778),6.823,41.01277778,28.895,1,http://www.wikidata.org/entity/Q200023,Tozkoparan Olympic Swimming Pool,swimming center,D,blue
3869,http://www.wikidata.org/entity/Q24915709,,https://en.wikipedia.org/wiki/Arboretum_Island,Point(29.11805556 40.99666667),11.98,40.99666667,29.11805556,1,http://www.wikidata.org/entity/Q272231,Arboretum Island,arboretum,D,blue
3875,http://www.wikidata.org/entity/Q26015749,,https://en.wikipedia.org/wiki/Atakoy_Olympic_Pool_Stadium,Point(28.855555555 40.986944444),10.326,40.986944444444,28.855555555556,1,http://www.wikidata.org/entity/Q13586493,Ataköy Olympic Pool Stadium,outdoor swimming pool,D,blue
3956,http://www.wikidata.org/entity/Q85738600,,https://en.wikipedia.org/wiki/740_Constantinople_earthquake,Point(28.9784 41.0082),0.293,40.7,29.3,1,http://www.wikidata.org/entity/Q7944,Constantinople earthquake of 740,earthquake,D,blue
3965,http://www.wikidata.org/entity/Q85852396,,https://en.wikipedia.org/wiki/Vezneciler_Hamam%C4%B1,Point(28.9613 41.0112),1.335,41.0112,28.9613,1,http://www.wikidata.org/entity/Q28077,Vezneciler Hamamı,hammam,D,blue
3998,http://www.wikidata.org/entity/Q97353663,,"https://en.wikipedia.org/wiki/Agios_Georgios_Greek_Orthodox_Church,_Kuzguncuk",Point(29.02972222 41.03611111),5.598,41.03611111,29.02972222,1,http://www.wikidata.org/entity/Q16970,"Agios Georgios Greek Orthodox Church, Kuzguncuk",church building,D,blue
4212,http://www.wikidata.org/entity/Q114120053,,"https://en.wikipedia.org/wiki/Whittall_Mansion,_Moda",Point(29.02143 40.98212),4.679,40.98212,29.02143,1,http://www.wikidata.org/entity/Q41176,Whittall Mansion,building,D,blue
4213,http://www.wikidata.org/entity/Q114289395,,https://en.wikipedia.org/wiki/Refik_Restaurant,Point(28.97449194 41.02976402),2.603,41.029764020347,28.974491940918,1,http://www.wikidata.org/entity/Q11707,Refik Restaurant,restaurant,D,blue
4222,http://www.wikidata.org/entity/Q115517326,,https://en.wikipedia.org/wiki/Kuzguncuk_Gasworks,Point(29.035 41.0361),5.96,41.0361,29.035,1,http://www.wikidata.org/entity/Q1495738,Kuzguncuk Gasworks,gasworks,D,blue
4223,http://www.wikidata.org/entity/Q115518136,,https://en.wikipedia.org/wiki/Yedikule_Gasworks,Point(28.92334 40.99404),4.617,40.99404,28.92334,1,http://www.wikidata.org/entity/Q1495738,Yedikule Gasworks,gasworks,D,blue
4258,http://www.wikidata.org/entity/Q116922394,,https://en.wikipedia.org/wiki/Ta%C5%9Fk%C4%B1zak_Naval_Shipyard,Point(28.96092 41.03388),3.305,41.03388,28.96092,1,http://www.wikidata.org/entity/Q190928,Taşkızak Naval Shipyard,shipyard,D,blue
4300,http://www.wikidata.org/entity/Q119175581,,https://en.wikipedia.org/wiki/Bigudi_Club,Point(28.981629 41.035805),3.307,41.035805,28.981629,1,http://www.wikidata.org/entity/Q30324198,Bigudi Club,lesbian bar,D,blue
4650,http://www.wikidata.org/entity/Q130348225,,https://en.wikipedia.org/wiki/Z%C3%BClfaris_Synagogue,Point(28.972733 41.026772),2.283,41.026772,28.972733,1,http://www.wikidata.org/entity/Q24398318,Zülfaris Synagogue,religious building,D,blue
4845,http://www.wikidata.org/entity/Q131388724,,https://en.wikipedia.org/wiki/Emaar_Square_Istanbul,Point(29.07118 41.00432),8.001,41.00432,29.07118,1,http://www.wikidata.org/entity/Q41176,Emaar Square Istanbul,building,D,blue
5189,http://www.wikidata.org/entity/Q132181382,,https://en.wikipedia.org/wiki/Atak%C3%B6y_Gunpowder_Mill,Point(28.860113 40.975678),10.298,40.975678,28.860113,1,http://www.wikidata.org/entity/Q33506,Ataköy Gunpowder Mill,museum,D,blue
5204,http://www.wikidata.org/entity/Q133093317,,https://en.wikipedia.org/wiki/Galata_Mevlevi_Lodge_Museum,Point(28.9751 41.028),2.405,41.028,28.9751,1,http://www.wikidata.org/entity/Q33506,Galata Mevlevi Lodge Museum,museum,D,blue
5305,http://www.wikidata.org/entity/Q134586286,,https://en.wikipedia.org/wiki/Bakkalzade_Mosque,Point(28.966 41.011),0.975,41.011,28.966,1,http://www.wikidata.org/entity/Q32815,Bakkalzade Mosque,mosque,D,blue
5615,http://www.wikidata.org/entity/Q135903124,,https://en.wikipedia.org/wiki/Cebeci_Sports_Complex,Point(28.87664 41.10755),13.991,41.10755,28.87664,1,http://www.wikidata.org/entity/Q17350442,Cebeci Sports Complex,venue,D,blue
5619,http://www.wikidata.org/entity/Q136528764,,https://en.wikipedia.org/wiki/Ayamama_Life_Valley,Point(28.842107 40.982627),11.532,40.982627,28.842107,1,http://www.wikidata.org/entity/Q22746,Ayamama Life Valley,urban park,D,blue
5623,http://www.wikidata.org/entity/Q20757741,https://de.wikipedia.org/wiki/Liste_der_t%C3%BCrkischen_Botschafter_in_Kasachstan,,Point(29.009483 41.079942),8.651,41.079942,29.009483,1,http://www.wikidata.org/entity/Q13406463,Q20757741,Wikimedia list article,D,blue
5624,http://www.wikidata.org/entity/Q87657374,https://de.wikipedia.org/wiki/Galatasaray-Platz,,Point(28.9785 41.03317),2.987,41.03317,28.9785,1,http://www.wikidata.org/entity/Q174782,Galatasaray Square,square,D,blue
