<?xml version="1.0" encoding="UTF-8"?>
<kml xmlns="http://www.opengis.net/kml/2.2" xmlns:gx="http://www.google.com/kml/ext/2.2">
    <Document id="1">
        <Style id="icon-1739-FF0000-normal">
            <IconStyle id="20">
                <colorMode>normal</colorMode>
                <scale>1</scale>
                <heading>0</heading>
                <Icon id="21">
                    <href>https://www.gstatic.com/mapspro/images/stock/503-wht-blank_maps.png</href>
                </Icon>
            </IconStyle>
        </Style>
        <Style id="2801"/>
        <Style id="icon-1739-008000-normal">
            <IconStyle id="24">
                <colorMode>normal</colorMode>
                <scale>1</scale>
                <heading>0</heading>
                <Icon id="25">
                    <href>https://www.gstatic.com/mapspro/images/stock/503-wht-blank_maps.png</href>
                </Icon>
            </IconStyle>
        </Style>
        <Style id="2802"/>
        <Style id="icon-1739-FFFF00-normal">
            <IconStyle id="28">
                <colorMode>normal</colorMode>
                <scale>1</scale>
                <heading>0</heading>
                <Icon id="29">
                    <href>https://www.gstatic.com/mapspro/images/stock/503-wht-blank_maps.png</href>
                </Icon>
            </IconStyle>
        </Style>
        <Style id="2803"/>
        <Style id="icon-1739-808080-normal">
            <IconStyle id="32">
                <colorMode>normal</colorMode>
                <scale>1</scale>
                <heading>0</heading>
                <Icon id="33">
                    <href>https://www.gstatic.com/mapspro/images/stock/503-wht-blank_maps.png</href>
                </Icon>
            </IconStyle>
        </Style>
        <Style id="2804"/>
        <Style id="icon-1739-0A0A0A-normal">
            <IconStyle id="36">
                <colorMode>normal</colorMode>
                <scale>1</scale>
                <heading>0</heading>
                <Icon id="37">
                    <href>https://www.gstatic.com/mapspro/images/stock/503-wht-blank_maps.png</href>
                </Icon>
            </IconStyle>
        </Style>
        <Style id="2805"/>
        <Style id="icon-1556-FFD600-normal">
            <IconStyle id="44">
                <colorMode>normal</colorMode>
                <scale>1</scale>
                <heading>0</heading>
                <Icon id="45">
                    <href>https://www.gstatic.com/mapspro/images/stock/503-wht-blank_maps.png</href>
                </Icon>
            </IconStyle>
        </Style>
        <Style id="2806"/>
        <Style id="icon-1594-000000-normal">
            <IconStyle id="40">
                <colorMode>normal</colorMode>
                <scale>1</scale>
                <heading>0</heading>
                <Icon id="41">
                    <href>https://www.gstatic.com/mapspro/images/stock/503-wht-blank_maps.png</href>
                </Icon>
            </IconStyle>
        </Style>
        <Style id="2807"/>
        <Style id="icon-1636-0288D1-normal">
            <IconStyle id="48">
                <colorMode>normal</colorMode>
                <scale>1</scale>
                <heading>0</heading>
                <Icon id="49">
                    <href>https://www.gstatic.com/mapspro/images/stock/503-wht-blank_maps.png</href>
                </Icon>
            </IconStyle>
        </Style>
        <Style id="2808"/>
        <Style id="icon-1577-0288D1-normal">
            <IconStyle id="76">
                <colorMode>normal</colorMode>
                <scale>1</scale>
                <heading>0</heading>
                <Icon id="77">
                    <href>https://www.gstatic.com/mapspro/images/stock/503-wht-blank_maps.png</href>
                </Icon>
            </IconStyle>
        </Style>
        <Style id="2809"/>
        <Style id="icon-1577-0F9D58-normal">
            <IconStyle id="80">
                <colorMode>normal</colorMode>
                <scale>1</scale>
                <heading>0</heading>
                <Icon id="81">
                    <href>https://www.gstatic.com/mapspro/images/stock/503-wht-blank_maps.png</href>
                </Icon>
            </IconStyle>
        </Style>
        <Style id="2810"/>
        <Style id="icon-1577-FFEA00-normal">
            <IconStyle id="84">
                <colorMode>normal</colorMode>
                <scale>1</scale>
                <heading>0</heading>
                <Icon id="85">
                    <href>https://www.gstatic.com/mapspro/images/stock/503-wht-blank_maps.png</href>
                </Icon>
            </IconStyle>
        </Style>
        <Style id="2811"/>
        <Style id="icon-1577-FF5252-normal">
            <IconStyle id="88">
                <colorMode>normal</colorMode>
                <scale>1</scale>
                <heading>0</heading>
                <Icon id="89">
                    <href>https://www.gstatic.com/mapspro/images/stock/503-wht-blank_maps.png</href>
                </Icon>
            </IconStyle>
        </Style>
        <Style id="2812"/>
        <Style id="icon-1798-0288D1-normal">
            <IconStyle id="56">
                <colorMode>normal</colorMode>
                <scale>1</scale>
                <heading>0</heading>
                <Icon id="57">
                    <href>https://www.gstatic.com/mapspro/images/stock/503-wht-blank_maps.png</href>
                </Icon>
            </IconStyle>
        </Style>
        <Style id="2813"/>
        <Style id="icon-1798-0F9D58-normal">
            <IconStyle id="60">
                <colorMode>normal</colorMode>
                <scale>1</scale>
                <heading>0</heading>
                <Icon id="61">
                    <href>https://www.gstatic.com/mapspro/images/stock/503-wht-blank_maps.png</href>
                </Icon>
            </IconStyle>
        </Style>
        <Style id="2814"/>
        <Style id="icon-1798-FFEA00-normal">
            <IconStyle id="64">
                <colorMode>normal</colorMode>
                <scale>1</scale>
                <heading>0</heading>
                <Icon id="65">
                    <href>https://www.gstatic.com/mapspro/images/stock/503-wht-blank_maps.png</href>
                </Icon>
            </IconStyle>
        </Style>
        <Style id="2815"/>
        <Style id="icon-1798-FF5252-normal">
            <IconStyle id="68">
                <colorMode>normal</colorMode>
                <scale>1</scale>
                <heading>0</heading>
                <Icon id="69">
                    <href>https://www.gstatic.com/mapspro/images/stock/503-wht-blank_maps.png</href>
                </Icon>
            </IconStyle>
        </Style>
        <Style id="2816"/>
        <Style id="icon-1534-0288D1-normal">
            <IconStyle id="72">
                <colorMode>normal</colorMode>
                <scale>1</scale>
                <heading>0</heading>
                <Icon id="73">
                    <href>https://www.gstatic.com/mapspro/images/stock/503-wht-blank_maps.png</href>
                </Icon>
            </IconStyle>
        </Style>
        <Style id="2817"/>
        <Style id="2818"/>
        <Style id="icon-1602-0288D1-normal">
            <IconStyle id="92">
                <colorMode>normal</colorMode>
                <scale>1</scale>
                <heading>0</heading>
                <Icon id="93">
                    <href>https://www.gstatic.com/mapspro/images/stock/503-wht-blank_maps.png</href>
                </Icon>
            </IconStyle>
        </Style>
        <Style id="2819"/>
        <Style id="icon-1602-0F9D58-normal">
            <IconStyle id="96">
                <colorMode>normal</colorMode>
                <scale>1</scale>
                <heading>0</heading>
                <Icon id="97">
                    <href>https://www.gstatic.com/mapspro/images/stock/503-wht-blank_maps.png</href>
                </Icon>
            </IconStyle>
        </Style>
        <Style id="2820"/>
        <Style id="icon-1602-FFEA00-normal">
            <IconStyle id="100">
                <colorMode>normal</colorMode>
                <scale>1</scale>
                <heading>0</heading>
                <Icon id="101">
                    <href>https://www.gstatic.com/mapspro/images/stock/503-wht-blank_maps.png</href>
                </Icon>
            </IconStyle>
        </Style>
        <Style id="2821"/>
        <Style id="icon-1602-FF5252-normal">
            <IconStyle id="104">
                <colorMode>normal</colorMode>
                <scale>1</scale>
                <heading>0</heading>
                <Icon id="105">
                    <href>https://www.gstatic.com/mapspro/images/stock/503-wht-blank_maps.png</href>
                </Icon>
            </IconStyle>
        </Style>
        <Style id="2822"/>
        <Style id="icon-1502-0288D1-normal">
            <IconStyle id="108">
                <colorMode>normal</colorMode>
                <scale>1</scale>
                <heading>0</heading>
                <Icon id="109">
                    <href>https://www.gstatic.com/mapspro/images/stock/503-wht-blank_maps.png</href>
                </Icon>
            </IconStyle>
        </Style>
        <Style id="2823"/>
        <Style id="icon-1670-0288D1-normal">
            <IconStyle id="128">
                <colorMode>normal</colorMode>
                <scale>1</scale>
                <heading>0</heading>
                <Icon id="129">
                    <href>https://www.gstatic.com/mapspro/images/stock/503-wht-blank_maps.png</href>
                </Icon>
            </IconStyle>
        </Style>
        <Style id="2824"/>
        <Style id="icon-1591-0288D1-normal">
            <IconStyle id="116">
                <colorMode>normal</colorMode>
                <scale>1</scale>
                <heading>0</heading>
                <Icon id="117">
                    <href>https://www.gstatic.com/mapspro/images/stock/503-wht-blank_maps.png</href>
                </Icon>
            </IconStyle>
        </Style>
        <Style id="2825"/>
        <Style id="icon-1720-0288D1-normal">
            <IconStyle id="112">
                <colorMode>normal</colorMode>
                <scale>1</scale>
                <heading>0</heading>
                <Icon id="113">
                    <href>https://www.gstatic.com/mapspro/images/stock/503-wht-blank_maps.png</href>
                </Icon>
            </IconStyle>
        </Style>
        <Style id="2826"/>
        <Style id="icon-1706-0288D1-normal">
            <IconStyle id="124">
                <colorMode>normal</colorMode>
                <scale>1</scale>
                <heading>0</heading>
                <Icon id="125">
                    <href>https://www.gstatic.com/mapspro/images/stock/503-wht-blank_maps.png</href>
                </Icon>
            </IconStyle>
        </Style>
        <Style id="2827"/>
        <Style id="2828"/>
        <Style id="icon-1569-0288D1-normal">
            <IconStyle id="144">
                <colorMode>normal</colorMode>
                <scale>1</scale>
                <heading>0</heading>
                <Icon id="145">
                    <href>https://www.gstatic.com/mapspro/images/stock/503-wht-blank_maps.png</href>
                </Icon>
            </IconStyle>
        </Style>
        <Style id="2829"/>
        <Style id="icon-1532-0288D1-normal">
            <IconStyle id="140">
                <colorMode>normal</colorMode>
                <scale>1</scale>
                <heading>0</heading>
                <Icon id="141">
                    <href>https://www.gstatic.com/mapspro/images/stock/503-wht-blank_maps.png</href>
                </Icon>
            </IconStyle>
        </Style>
        <Style id="2830"/>
        <Style id="icon-1504-0288D1-normal">
            <IconStyle id="136">
                <colorMode>normal</colorMode>
                <scale>1</scale>
                <heading>0</heading>
                <Icon id="137">
                    <href>https://www.gstatic.com/mapspro/images/stock/503-wht-blank_maps.png</href>
                </Icon>
            </IconStyle>
        </Style>
        <Style id="2831"/>
        <Style id="icon-1716-0288D1-normal">
            <IconStyle id="132">
                <colorMode>normal</colorMode>
                <scale>1</scale>
                <heading>0</heading>
                <Icon id="133">
                    <href>https://www.gstatic.com/mapspro/images/stock/503-wht-blank_maps.png</href>
                </Icon>
            </IconStyle>
        </Style>
        <Style id="2832"/>
        <Style id="icon-1731-0288D1-normal">
            <IconStyle id="148">
                <colorMode>normal</colorMode>
                <scale>1</scale>
                <heading>0</heading>
                <Icon id="149">
                    <href>https://www.gstatic.com/mapspro/images/stock/503-wht-blank_maps.png</href>
                </Icon>
            </IconStyle>
        </Style>
        <Style id="2833"/>
        <Style id="icon-1511-0288D1-normal">
            <IconStyle id="152">
                <colorMode>normal</colorMode>
                <scale>1</scale>
                <heading>0</heading>
                <Icon id="153">
                    <href>https://www.gstatic.com/mapspro/images/stock/503-wht-blank_maps.png</href>
                </Icon>
            </IconStyle>
        </Style>
        <Style id="2834"/>
        <Style id="icon-1637-0288D1-normal">
            <IconStyle id="160">
                <colorMode>normal</colorMode>
                <scale>1</scale>
                <heading>0</heading>
                <Icon id="161">
                    <href>https://www.gstatic.com/mapspro/images/stock/503-wht-blank_maps.png</href>
                </Icon>
            </IconStyle>
        </Style>
        <Style id="2835"/>
        <Style id="icon-1635-0288D1-normal">
            <IconStyle id="156">
                <colorMode>normal</colorMode>
                <scale>1</scale>
                <heading>0</heading>
                <Icon id="157">
                    <href>https://www.gstatic.com/mapspro/images/stock/503-wht-blank_maps.png</href>
                </Icon>
            </IconStyle>
        </Style>
        <Style id="2836"/>
        <Style id="icon-1685-0288D1-normal">
            <IconStyle id="164">
                <colorMode>normal</colorMode>
                <scale>1</scale>
                <heading>0</heading>
                <Icon id="165">
                    <href>https://www.gstatic.com/mapspro/images/stock/503-wht-blank_maps.png</href>
                </Icon>
            </IconStyle>
        </Style>
        <Style id="2837"/>
        <Style id="icon-1654-0288D1-normal">
            <IconStyle id="168">
                <colorMode>normal</colorMode>
                <scale>1</scale>
                <heading>0</heading>
                <Icon id="169">
                    <href>https://www.gstatic.com/mapspro/images/stock/503-wht-blank_maps.png</href>
                </Icon>
            </IconStyle>
        </Style>
        <Style id="2838"/>
        <Style id="icon-1522-0288D1-normal">
            <IconStyle id="172">
                <colorMode>normal</colorMode>
                <scale>1</scale>
                <heading>0</heading>
                <Icon id="173">
                    <href>https://www.gstatic.com/mapspro/images/stock/503-wht-blank_maps.png</href>
                </Icon>
            </IconStyle>
        </Style>
        <Style id="2839"/>
        <Style id="icon-1726-0288D1-normal">
            <IconStyle id="176">
                <colorMode>normal</colorMode>
                <scale>1</scale>
                <heading>0</heading>
                <Icon id="177">
                    <href>https://www.gstatic.com/mapspro/images/stock/503-wht-blank_maps.png</href>
                </Icon>
            </IconStyle>
        </Style>
        <Style id="2840"/>
        <Style id="icon-1608-0288D1-normal">
            <IconStyle id="180">
                <colorMode>normal</colorMode>
                <scale>1</scale>
                <heading>0</heading>
                <Icon id="181">
                    <href>https://www.gstatic.com/mapspro/images/stock/503-wht-blank_maps.png</href>
                </Icon>
            </IconStyle>
        </Style>
        <Style id="2841"/>
        <StyleMap id="icon-1739-FF0000">
            <Pair>
                <key>normal</key>
                <styleUrl>#icon-1739-FF0000-normal</styleUrl>
            </Pair>
            <Pair>
                <key>highlight</key>
                <styleUrl>#2801</styleUrl>
            </Pair>
        </StyleMap>
        <StyleMap id="icon-1739-008000">
            <Pair>
                <key>normal</key>
                <styleUrl>#icon-1739-008000-normal</styleUrl>
            </Pair>
            <Pair>
                <key>highlight</key>
                <styleUrl>#2802</styleUrl>
            </Pair>
        </StyleMap>
        <StyleMap id="30">
            <Pair>
                <key>normal</key>
                <styleUrl>#icon-1739-FFFF00-normal</styleUrl>
            </Pair>
            <Pair>
                <key>highlight</key>
                <styleUrl>#2803</styleUrl>
            </Pair>
        </StyleMap>
        <StyleMap id="34">
            <Pair>
                <key>normal</key>
                <styleUrl>#icon-1739-808080-normal</styleUrl>
            </Pair>
            <Pair>
                <key>highlight</key>
                <styleUrl>#2804</styleUrl>
            </Pair>
        </StyleMap>
        <StyleMap id="38">
            <Pair>
                <key>normal</key>
                <styleUrl>#icon-1739-0A0A0A-normal</styleUrl>
            </Pair>
            <Pair>
                <key>highlight</key>
                <styleUrl>#2805</styleUrl>
            </Pair>
        </StyleMap>
        <StyleMap id="46">
            <Pair>
                <key>normal</key>
                <styleUrl>#icon-1556-FFD600-normal</styleUrl>
            </Pair>
            <Pair>
                <key>highlight</key>
                <styleUrl>#2806</styleUrl>
            </Pair>
        </StyleMap>
        <StyleMap id="42">
            <Pair>
                <key>normal</key>
                <styleUrl>#icon-1594-000000-normal</styleUrl>
            </Pair>
            <Pair>
                <key>highlight</key>
                <styleUrl>#2807</styleUrl>
            </Pair>
        </StyleMap>
        <StyleMap id="50">
            <Pair>
                <key>normal</key>
                <styleUrl>#icon-1636-0288D1-normal</styleUrl>
            </Pair>
            <Pair>
                <key>highlight</key>
                <styleUrl>#2808</styleUrl>
            </Pair>
        </StyleMap>
        <StyleMap id="78">
            <Pair>
                <key>normal</key>
                <styleUrl>#icon-1577-0288D1-normal</styleUrl>
            </Pair>
            <Pair>
                <key>highlight</key>
                <styleUrl>#2809</styleUrl>
            </Pair>
        </StyleMap>
        <StyleMap id="82">
            <Pair>
                <key>normal</key>
                <styleUrl>#icon-1577-0F9D58-normal</styleUrl>
            </Pair>
            <Pair>
                <key>highlight</key>
                <styleUrl>#2810</styleUrl>
            </Pair>
        </StyleMap>
        <StyleMap id="86">
            <Pair>
                <key>normal</key>
                <styleUrl>#icon-1577-FFEA00-normal</styleUrl>
            </Pair>
            <Pair>
                <key>highlight</key>
                <styleUrl>#2811</styleUrl>
            </Pair>
        </StyleMap>
        <StyleMap id="90">
            <Pair>
                <key>normal</key>
                <styleUrl>#icon-1577-FF5252-normal</styleUrl>
            </Pair>
            <Pair>
                <key>highlight</key>
                <styleUrl>#2812</styleUrl>
            </Pair>
        </StyleMap>
        <StyleMap id="58">
            <Pair>
                <key>normal</key>
                <styleUrl>#icon-1798-0288D1-normal</styleUrl>
            </Pair>
            <Pair>
                <key>highlight</key>
                <styleUrl>#2813</styleUrl>
            </Pair>
        </StyleMap>
        <StyleMap id="62">
            <Pair>
                <key>normal</key>
                <styleUrl>#icon-1798-0F9D58-normal</styleUrl>
            </Pair>
            <Pair>
                <key>highlight</key>
                <styleUrl>#2814</styleUrl>
            </Pair>
        </StyleMap>
        <StyleMap id="66">
            <Pair>
                <key>normal</key>
                <styleUrl>#icon-1798-FFEA00-normal</styleUrl>
            </Pair>
            <Pair>
                <key>highlight</key>
                <styleUrl>#2815</styleUrl>
            </Pair>
        </StyleMap>
        <StyleMap id="70">
            <Pair>
                <key>normal</key>
                <styleUrl>#icon-1798-FF5252-normal</styleUrl>
            </Pair>
            <Pair>
                <key>highlight</key>
                <styleUrl>#2816</styleUrl>
            </Pair>
        </StyleMap>
        <StyleMap id="74">
            <Pair>
                <key>normal</key>
                <styleUrl>#icon-1534-0288D1-normal</styleUrl>
            </Pair>
            <Pair>
                <key>highlight</key>
                <styleUrl>#2817</styleUrl>
            </Pair>
        </StyleMap>
        <StyleMap id="54">
            <Pair>
                <key>normal</key>
                <styleUrl>#icon-1798-0288D1-normal</styleUrl>
            </Pair>
            <Pair>
                <key>highlight</key>
                <styleUrl>#2818</styleUrl>
            </Pair>
        </StyleMap>
        <StyleMap id="94">
            <Pair>
                <key>normal</key>
                <styleUrl>#icon-1602-0288D1-normal</styleUrl>
            </Pair>
            <Pair>
                <key>highlight</key>
                <styleUrl>#2819</styleUrl>
            </Pair>
        </StyleMap>
        <StyleMap id="98">
            <Pair>
                <key>normal</key>
                <styleUrl>#icon-1602-0F9D58-normal</styleUrl>
            </Pair>
            <Pair>
                <key>highlight</key>
                <styleUrl>#2820</styleUrl>
            </Pair>
        </StyleMap>
        <StyleMap id="102">
            <Pair>
                <key>normal</key>
                <styleUrl>#icon-1602-FFEA00-normal</styleUrl>
            </Pair>
            <Pair>
                <key>highlight</key>
                <styleUrl>#2821</styleUrl>
            </Pair>
        </StyleMap>
        <StyleMap id="106">
            <Pair>
                <key>normal</key>
                <styleUrl>#icon-1602-FF5252-normal</styleUrl>
            </Pair>
            <Pair>
                <key>highlight</key>
                <styleUrl>#2822</styleUrl>
            </Pair>
        </StyleMap>
        <StyleMap id="110">
            <Pair>
                <key>normal</key>
                <styleUrl>#icon-1502-0288D1-normal</styleUrl>
            </Pair>
            <Pair>
                <key>highlight</key>
                <styleUrl>#2823</styleUrl>
            </Pair>
        </StyleMap>
        <StyleMap id="130">
            <Pair>
                <key>normal</key>
                <styleUrl>#icon-1670-0288D1-normal</styleUrl>
            </Pair>
            <Pair>
                <key>highlight</key>
                <styleUrl>#2824</styleUrl>
            </Pair>
        </StyleMap>
        <StyleMap id="118">
            <Pair>
                <key>normal</key>
                <styleUrl>#icon-1591-0288D1-normal</styleUrl>
            </Pair>
            <Pair>
                <key>highlight</key>
                <styleUrl>#2825</styleUrl>
            </Pair>
        </StyleMap>
        <StyleMap id="114">
            <Pair>
                <key>normal</key>
                <styleUrl>#icon-1720-0288D1-normal</styleUrl>
            </Pair>
            <Pair>
                <key>highlight</key>
                <styleUrl>#2826</styleUrl>
            </Pair>
        </StyleMap>
        <StyleMap id="126">
            <Pair>
                <key>normal</key>
                <styleUrl>#icon-1706-0288D1-normal</styleUrl>
            </Pair>
            <Pair>
                <key>highlight</key>
                <styleUrl>#2827</styleUrl>
            </Pair>
        </StyleMap>
        <StyleMap id="122">
            <Pair>
                <key>normal</key>
                <styleUrl>#icon-1636-0288D1-normal</styleUrl>
            </Pair>
            <Pair>
                <key>highlight</key>
                <styleUrl>#2828</styleUrl>
            </Pair>
        </StyleMap>
        <StyleMap id="146">
            <Pair>
                <key>normal</key>
                <styleUrl>#icon-1569-0288D1-normal</styleUrl>
            </Pair>
            <Pair>
                <key>highlight</key>
                <styleUrl>#2829</styleUrl>
            </Pair>
        </StyleMap>
        <StyleMap id="142">
            <Pair>
                <key>normal</key>
                <styleUrl>#icon-1532-0288D1-normal</styleUrl>
            </Pair>
            <Pair>
                <key>highlight</key>
                <styleUrl>#2830</styleUrl>
            </Pair>
        </StyleMap>
        <StyleMap id="138">
            <Pair>
                <key>normal</key>
                <styleUrl>#icon-1504-0288D1-normal</styleUrl>
            </Pair>
            <Pair>
                <key>highlight</key>
                <styleUrl>#2831</styleUrl>
            </Pair>
        </StyleMap>
        <StyleMap id="134">
            <Pair>
                <key>normal</key>
                <styleUrl>#icon-1716-0288D1-normal</styleUrl>
            </Pair>
            <Pair>
                <key>highlight</key>
                <styleUrl>#2832</styleUrl>
            </Pair>
        </StyleMap>
        <StyleMap id="150">
            <Pair>
                <key>normal</key>
                <styleUrl>#icon-1731-0288D1-normal</styleUrl>
            </Pair>
            <Pair>
                <key>highlight</key>
                <styleUrl>#2833</styleUrl>
            </Pair>
        </StyleMap>
        <StyleMap id="154">
            <Pair>
                <key>normal</key>
                <styleUrl>#icon-1511-0288D1-normal</styleUrl>
            </Pair>
            <Pair>
                <key>highlight</key>
                <styleUrl>#2834</styleUrl>
            </Pair>
        </StyleMap>
        <StyleMap id="162">
            <Pair>
                <key>normal</key>
                <styleUrl>#icon-1637-0288D1-normal</styleUrl>
            </Pair>
            <Pair>
                <key>highlight</key>
                <styleUrl>#2835</styleUrl>
            </Pair>
        </StyleMap>
        <StyleMap id="158">
            <Pair>
                <key>normal</key>
                <styleUrl>#icon-1635-0288D1-normal</styleUrl>
            </Pair>
            <Pair>
                <key>highlight</key>
                <styleUrl>#2836</styleUrl>
            </Pair>
        </StyleMap>
        <StyleMap id="166">
            <Pair>
                <key>normal</key>
                <styleUrl>#icon-1685-0288D1-normal</styleUrl>
            </Pair>
            <Pair>
                <key>highlight</key>
                <styleUrl>#2837</styleUrl>
            </Pair>
        </StyleMap>
        <StyleMap id="170">
            <Pair>
                <key>normal</key>
                <styleUrl>#icon-1654-0288D1-normal</styleUrl>
            </Pair>
            <Pair>
                <key>highlight</key>
                <styleUrl>#2838</styleUrl>
            </Pair>
        </StyleMap>
        <StyleMap id="174">
            <Pair>
                <key>normal</key>
                <styleUrl>#icon-1522-0288D1-normal</styleUrl>
            </Pair>
            <Pair>
                <key>highlight</key>
                <styleUrl>#2839</styleUrl>
            </Pair>
        </StyleMap>
        <StyleMap id="178">
            <Pair>
                <key>normal</key>
                <styleUrl>#icon-1726-0288D1-normal</styleUrl>
            </Pair>
            <Pair>
                <key>highlight</key>
                <styleUrl>#2840</styleUrl>
            </Pair>
        </StyleMap>
        <StyleMap id="182">
            <Pair>
                <key>normal</key>
                <styleUrl>#icon-1608-0288D1-normal</styleUrl>
            </Pair>
            <Pair>
                <key>highlight</key>
                <styleUrl>#2841</styleUrl>
            </Pair>
        </StyleMap>
        <Folder id="11">
            <name>C</name>
            <Placemark id="186">
                <name>15 July Martyrs' Memorial</name>
                <description>                    category  : exhibition &lt;br&gt;   
                    sitelinks : 2.0 &lt;br&gt;   
                    articleEN :  &lt;br&gt;             
                    articleDE : https://de.wikipedia.org/wiki/15_Temmuz_%C5%9Eehitler_An%C4%B1t%C4%B1_ve_M%C3%BCzesi &lt;br&gt;              
                    wikidata_link : http://www.wikidata.org/entity/Q108404641</description>
                <styleUrl>#34</styleUrl>
                <Point id="185">
                    <coordinates>29.042263,41.036974,0.0</coordinates>
                </Point>
            </Placemark>
            <Placemark id="188">
                <name>2019 Survival 3C Masters 3</name>
                <description>                    category  : sporting event &lt;br&gt;   
                    sitelinks : 2.0 &lt;br&gt;   
                    articleEN :  &lt;br&gt;             
                    articleDE : https://de.wikipedia.org/wiki/Survival_3C_Masters_2019/3 &lt;br&gt;              
                    wikidata_link : http://www.wikidata.org/entity/Q66141709</description>
                <styleUrl>#34</styleUrl>
                <Point id="187">
                    <coordinates>28.802708,41.000706,0.0</coordinates>
                </Point>
            </Placemark>
            <Placemark id="190">
                <name>Deutsche Evangelische Kirche</name>
                <description>                    category  : church building &lt;br&gt;   
                    sitelinks : 2.0 &lt;br&gt;   
                    articleEN :  &lt;br&gt;             
                    articleDE : https://de.wikipedia.org/wiki/Kreuzkirche_(Istanbul) &lt;br&gt;              
                    wikidata_link : http://www.wikidata.org/entity/Q65741537</description>
                <styleUrl>#34</styleUrl>
                <Point id="189">
                    <coordinates>28.9739,41.036104,0.0</coordinates>
                </Point>
            </Placemark>
            <Placemark id="192">
                <name>Taksim German Hospital</name>
                <description>                    category  : private hospital &lt;br&gt;   
                    sitelinks : 2.0 &lt;br&gt;   
                    articleEN : https://en.wikipedia.org/wiki/Taksim_German_Hospital &lt;br&gt;             
                    articleDE : https://de.wikipedia.org/wiki/Alman_Hastanesi &lt;br&gt;              
                    wikidata_link : http://www.wikidata.org/entity/Q14956865</description>
                <styleUrl>#34</styleUrl>
                <Point id="191">
                    <coordinates>28.9842,41.0335,0.0</coordinates>
                </Point>
            </Placemark>
            <Placemark id="194">
                <name>Siege of Chalcedon</name>
                <description>                    category  : siege &lt;br&gt;   
                    sitelinks : 2.0 &lt;br&gt;   
                    articleEN :  &lt;br&gt;             
                    articleDE : https://de.wikipedia.org/wiki/Schlacht_von_Chalkedon &lt;br&gt;              
                    wikidata_link : http://www.wikidata.org/entity/Q26697102</description>
                <styleUrl>#34</styleUrl>
                <Point id="193">
                    <coordinates>29.033333333333,40.983333333333,0.0</coordinates>
                </Point>
            </Placemark>
            <Placemark id="196">
                <name>Reina</name>
                <description>                    category  : nightclub &lt;br&gt;   
                    sitelinks : 2.0 &lt;br&gt;   
                    articleEN :  &lt;br&gt;             
                    articleDE : https://de.wikipedia.org/wiki/Reina_(Nachtclub) &lt;br&gt;              
                    wikidata_link : http://www.wikidata.org/entity/Q28098273</description>
                <styleUrl>#34</styleUrl>
                <Point id="195">
                    <coordinates>29.0325,41.05,0.0</coordinates>
                </Point>
            </Placemark>
            <Placemark id="198">
                <name>Neolokal</name>
                <description>                    category  : restaurant &lt;br&gt;   
                    sitelinks : 2.0 &lt;br&gt;   
                    articleEN : https://en.wikipedia.org/wiki/Neolokal &lt;br&gt;             
                    articleDE :  &lt;br&gt;              
                    wikidata_link : http://www.wikidata.org/entity/Q130781477</description>
                <styleUrl>#34</styleUrl>
                <Point id="197">
                    <coordinates>28.9734,41.0238,0.0</coordinates>
                </Point>
            </Placemark>
            <Placemark id="200">
                <name>Nicole</name>
                <description>                    category  : restaurant &lt;br&gt;   
                    sitelinks : 2.0 &lt;br&gt;   
                    articleEN : https://en.wikipedia.org/wiki/Nicole_(restaurant) &lt;br&gt;             
                    articleDE :  &lt;br&gt;              
                    wikidata_link : http://www.wikidata.org/entity/Q130329153</description>
                <styleUrl>#34</styleUrl>
                <Point id="199">
                    <coordinates>28.9778,41.0302,0.0</coordinates>
                </Point>
            </Placemark>
            <Placemark id="202">
                <name>Sankai by Nagaya</name>
                <description>                    category  : Japanese restaurant &lt;br&gt;   
                    sitelinks : 2.0 &lt;br&gt;   
                    articleEN : https://en.wikipedia.org/wiki/Sankai_by_Nagaya &lt;br&gt;             
                    articleDE :  &lt;br&gt;              
                    wikidata_link : http://www.wikidata.org/entity/Q130329155</description>
                <styleUrl>#34</styleUrl>
                <Point id="201">
                    <coordinates>29.044138888889,41.077916666667,0.0</coordinates>
                </Point>
            </Placemark>
            <Placemark id="204">
                <name>Arkestra</name>
                <description>                    category  : restaurant &lt;br&gt;   
                    sitelinks : 2.0 &lt;br&gt;   
                    articleEN : https://en.wikipedia.org/wiki/Arkestra_(restaurant) &lt;br&gt;             
                    articleDE :  &lt;br&gt;              
                    wikidata_link : http://www.wikidata.org/entity/Q130329149</description>
                <styleUrl>#34</styleUrl>
                <Point id="203">
                    <coordinates>29.03146718846,41.078488510137,0.0</coordinates>
                </Point>
            </Placemark>
            <Placemark id="206">
                <name>Araka</name>
                <description>                    category  : restaurant &lt;br&gt;   
                    sitelinks : 2.0 &lt;br&gt;   
                    articleEN : https://en.wikipedia.org/wiki/Araka_(restaurant) &lt;br&gt;             
                    articleDE :  &lt;br&gt;              
                    wikidata_link : http://www.wikidata.org/entity/Q130329147</description>
                <styleUrl>#34</styleUrl>
                <Point id="205">
                    <coordinates>29.063055555556,41.117166666667,0.0</coordinates>
                </Point>
            </Placemark>
            <Placemark id="208">
                <name>TURK Fatih Tutak</name>
                <description>                    category  : restaurant &lt;br&gt;   
                    sitelinks : 2.0 &lt;br&gt;   
                    articleEN : https://en.wikipedia.org/wiki/TURK_Fatih_Tutak &lt;br&gt;             
                    articleDE :  &lt;br&gt;              
                    wikidata_link : http://www.wikidata.org/entity/Q127270538</description>
                <styleUrl>#34</styleUrl>
                <Point id="207">
                    <coordinates>28.977694444444,41.058444444444,0.0</coordinates>
                </Point>
            </Placemark>
            <Placemark id="210">
                <name>İBB GOP Halit Kıvanç City Stadium</name>
                <description>                    category  : association football venue &lt;br&gt;   
                    sitelinks : 2.0 &lt;br&gt;   
                    articleEN : https://en.wikipedia.org/wiki/%C4%B0BB_GOP_Halit_K%C4%B1van%C3%A7_City_Stadium &lt;br&gt;             
                    articleDE :  &lt;br&gt;              
                    wikidata_link : http://www.wikidata.org/entity/Q125784037</description>
                <styleUrl>#34</styleUrl>
                <Point id="209">
                    <coordinates>28.91658,41.0876,0.0</coordinates>
                </Point>
            </Placemark>
            <Placemark id="212">
                <name>Gayrettepe nightclub fire</name>
                <description>                    category  : fire &lt;br&gt;   
                    sitelinks : 2.0 &lt;br&gt;   
                    articleEN : https://en.wikipedia.org/wiki/Gayrettepe_nightclub_fire &lt;br&gt;             
                    articleDE :  &lt;br&gt;              
                    wikidata_link : http://www.wikidata.org/entity/Q125271712</description>
                <styleUrl>#34</styleUrl>
                <Point id="211">
                    <coordinates>29.008333333333,41.065555555556,0.0</coordinates>
                </Point>
            </Placemark>
            <Placemark id="214">
                <name>Fındıklı Park</name>
                <description>                    category  : park &lt;br&gt;   
                    sitelinks : 2.0 &lt;br&gt;   
                    articleEN : https://en.wikipedia.org/wiki/F%C4%B1nd%C4%B1kl%C4%B1_Park &lt;br&gt;             
                    articleDE :  &lt;br&gt;              
                    wikidata_link : http://www.wikidata.org/entity/Q123684244</description>
                <styleUrl>#34</styleUrl>
                <Point id="213">
                    <coordinates>28.99,41.031388888889,0.0</coordinates>
                </Point>
            </Placemark>
            <Placemark id="216">
                <name>Rainbow stairs</name>
                <description>                    category  : tourist attraction &lt;br&gt;   
                    sitelinks : 2.0 &lt;br&gt;   
                    articleEN : https://en.wikipedia.org/wiki/Rainbow_stairs &lt;br&gt;             
                    articleDE :  &lt;br&gt;              
                    wikidata_link : http://www.wikidata.org/entity/Q123683184</description>
                <styleUrl>#34</styleUrl>
                <Point id="215">
                    <coordinates>28.9864,41.0291,0.0</coordinates>
                </Point>
            </Placemark>
            <Placemark id="218">
                <name>Statue of Lefter Küçükandonyadis</name>
                <description>                    category  : statue &lt;br&gt;   
                    sitelinks : 2.0 &lt;br&gt;   
                    articleEN : https://en.wikipedia.org/wiki/Statue_of_Lefter_K%C3%BC%C3%A7%C3%BCkandonyadis &lt;br&gt;             
                    articleDE :  &lt;br&gt;              
                    wikidata_link : http://www.wikidata.org/entity/Q123584923</description>
                <styleUrl>#34</styleUrl>
                <Point id="217">
                    <coordinates>29.033968,40.9873581,0.0</coordinates>
                </Point>
            </Placemark>
            <Placemark id="220">
                <name>Statue of Atatürk</name>
                <description>                    category  : statue &lt;br&gt;   
                    sitelinks : 2.0 &lt;br&gt;   
                    articleEN : https://en.wikipedia.org/wiki/Statue_of_Atat%C3%BCrk_(G%C3%BClhane_Park) &lt;br&gt;             
                    articleDE :  &lt;br&gt;              
                    wikidata_link : http://www.wikidata.org/entity/Q123512684</description>
                <styleUrl>#34</styleUrl>
                <Point id="219">
                    <coordinates>28.979261,41.011204,0.0</coordinates>
                </Point>
            </Placemark>
            <Placemark id="222">
                <name>Statue of Süreyya İlmen</name>
                <description>                    category  : statue &lt;br&gt;   
                    sitelinks : 2.0 &lt;br&gt;   
                    articleEN : https://en.wikipedia.org/wiki/Statue_of_S%C3%BCreyya_%C4%B0lmen &lt;br&gt;             
                    articleDE :  &lt;br&gt;              
                    wikidata_link : http://www.wikidata.org/entity/Q123512639</description>
                <styleUrl>#34</styleUrl>
                <Point id="221">
                    <coordinates>29.033725,40.98696,0.0</coordinates>
                </Point>
            </Placemark>
            <Placemark id="224">
                <name>Chaos Class Museum</name>
                <description>                    category  : museum &lt;br&gt;   
                    sitelinks : 2.0 &lt;br&gt;   
                    articleEN : https://en.wikipedia.org/wiki/Chaos_Class_Museum &lt;br&gt;             
                    articleDE :  &lt;br&gt;              
                    wikidata_link : http://www.wikidata.org/entity/Q123420693</description>
                <styleUrl>#34</styleUrl>
                <Point id="223">
                    <coordinates>29.041957390161,41.01381549777,0.0</coordinates>
                </Point>
            </Placemark>
            <Placemark id="226">
                <name>Marble Pavilion</name>
                <description>                    category  : pavilion &lt;br&gt;   
                    sitelinks : 2.0 &lt;br&gt;   
                    articleEN : https://en.wikipedia.org/wiki/Marble_Pavilion &lt;br&gt;             
                    articleDE :  &lt;br&gt;              
                    wikidata_link : http://www.wikidata.org/entity/Q117227058</description>
                <styleUrl>#34</styleUrl>
                <Point id="225">
                    <coordinates>29.040166666667,41.040805555556,0.0</coordinates>
                </Point>
            </Placemark>
            <Placemark id="228">
                <name>Lebon Patisserie &amp; Café</name>
                <description>                    category  : shop &lt;br&gt;   
                    sitelinks : 2.0 &lt;br&gt;   
                    articleEN : https://en.wikipedia.org/wiki/Lebon_Patisserie_%26_Caf%C3%A9 &lt;br&gt;             
                    articleDE :  &lt;br&gt;              
                    wikidata_link : http://www.wikidata.org/entity/Q115264889</description>
                <styleUrl>#34</styleUrl>
                <Point id="227">
                    <coordinates>28.975388888889,41.029444444444,0.0</coordinates>
                </Point>
            </Placemark>
            <Placemark id="230">
                <name>Çiftçi Towers</name>
                <description>                    category  : building &lt;br&gt;   
                    sitelinks : 2.0 &lt;br&gt;   
                    articleEN : https://en.wikipedia.org/wiki/%C3%87ift%C3%A7i_Towers &lt;br&gt;             
                    articleDE :  &lt;br&gt;              
                    wikidata_link : http://www.wikidata.org/entity/Q113993437</description>
                <styleUrl>#34</styleUrl>
                <Point id="229">
                    <coordinates>29.0162,41.0687,0.0</coordinates>
                </Point>
            </Placemark>
            <Placemark id="232">
                <name>Genoese Palace</name>
                <description>                    category  : historic building &lt;br&gt;   
                    sitelinks : 2.0 &lt;br&gt;   
                    articleEN : https://en.wikipedia.org/wiki/Genoese_Palace &lt;br&gt;             
                    articleDE :  &lt;br&gt;              
                    wikidata_link : http://www.wikidata.org/entity/Q112845110</description>
                <styleUrl>#34</styleUrl>
                <Point id="231">
                    <coordinates>28.9729,41.02446,0.0</coordinates>
                </Point>
            </Placemark>
            <Placemark id="234">
                <name>Zeytinburnu Buz Adası</name>
                <description>                    category  : tourist attraction &lt;br&gt;   
                    sitelinks : 2.0 &lt;br&gt;   
                    articleEN : https://en.wikipedia.org/wiki/Zeytinburnu_Ice_Rink &lt;br&gt;             
                    articleDE :  &lt;br&gt;              
                    wikidata_link : http://www.wikidata.org/entity/Q111987824</description>
                <styleUrl>#34</styleUrl>
                <Point id="233">
                    <coordinates>28.894618,40.9960966,0.0</coordinates>
                </Point>
            </Placemark>
            <Placemark id="236">
                <name>Galatasaray Judo</name>
                <description>                    category  : sports team &lt;br&gt;   
                    sitelinks : 2.0 &lt;br&gt;   
                    articleEN : https://en.wikipedia.org/wiki/Galatasaray_Judo &lt;br&gt;             
                    articleDE :  &lt;br&gt;              
                    wikidata_link : http://www.wikidata.org/entity/Q107141116</description>
                <styleUrl>#34</styleUrl>
                <Point id="235">
                    <coordinates>29.02953,41.01464,0.0</coordinates>
                </Point>
            </Placemark>
            <Placemark id="238">
                <name>Sanatçılar Park</name>
                <description>                    category  : urban park &lt;br&gt;   
                    sitelinks : 2.0 &lt;br&gt;   
                    articleEN : https://en.wikipedia.org/wiki/Sanat%C3%A7%C4%B1lar_Park &lt;br&gt;             
                    articleDE :  &lt;br&gt;              
                    wikidata_link : http://www.wikidata.org/entity/Q97321014</description>
                <styleUrl>#34</styleUrl>
                <Point id="237">
                    <coordinates>29.029704,41.082719,0.0</coordinates>
                </Point>
            </Placemark>
            <Placemark id="240">
                <name>Istanbul Governor's Office</name>
                <description>                    category  : building &lt;br&gt;   
                    sitelinks : 2.0 &lt;br&gt;   
                    articleEN : https://en.wikipedia.org/wiki/Istanbul_Governor%27s_Office &lt;br&gt;             
                    articleDE :  &lt;br&gt;              
                    wikidata_link : http://www.wikidata.org/entity/Q65054435</description>
                <styleUrl>#34</styleUrl>
                <Point id="239">
                    <coordinates>28.97611111,41.01194444,0.0</coordinates>
                </Point>
            </Placemark>
            <Placemark id="242">
                <name>Argyropolis (Thrace)</name>
                <description>                    category  : Aquis griseinigra &lt;br&gt;   
                    sitelinks : 2.0 &lt;br&gt;   
                    articleEN : https://en.wikipedia.org/wiki/Argyropolis_(Thrace) &lt;br&gt;             
                    articleDE :  &lt;br&gt;              
                    wikidata_link : http://www.wikidata.org/entity/Q65051580</description>
                <styleUrl>#34</styleUrl>
                <Point id="241">
                    <coordinates>28.980152,41.026411,0.0</coordinates>
                </Point>
            </Placemark>
            <Placemark id="244">
                <name>İDO Bostancı Terminal</name>
                <description>                    category  : pier &lt;br&gt;   
                    sitelinks : 2.0 &lt;br&gt;   
                    articleEN : https://en.wikipedia.org/wiki/Bostanc%C4%B1_Ferry_Terminal &lt;br&gt;             
                    articleDE :  &lt;br&gt;              
                    wikidata_link : http://www.wikidata.org/entity/Q48989391</description>
                <styleUrl>#34</styleUrl>
                <Point id="243">
                    <coordinates>29.092536253173,40.952278017911,0.0</coordinates>
                </Point>
            </Placemark>
            <Placemark id="246">
                <name>Metrohan Building</name>
                <description>                    category  : shopping arcade &lt;br&gt;   
                    sitelinks : 2.0 &lt;br&gt;   
                    articleEN : https://en.wikipedia.org/wiki/Metrohan_Building &lt;br&gt;             
                    articleDE :  &lt;br&gt;              
                    wikidata_link : http://www.wikidata.org/entity/Q48805625</description>
                <styleUrl>#34</styleUrl>
                <Point id="245">
                    <coordinates>28.97411493205,41.028377710041,0.0</coordinates>
                </Point>
            </Placemark>
            <Placemark id="248">
                <name>Fatih Mimar Sinan Stadium</name>
                <description>                    category  : stadium &lt;br&gt;   
                    sitelinks : 2.0 &lt;br&gt;   
                    articleEN : https://en.wikipedia.org/wiki/Fatih_Mimar_Sinan_Stadium &lt;br&gt;             
                    articleDE :  &lt;br&gt;              
                    wikidata_link : http://www.wikidata.org/entity/Q48805199</description>
                <styleUrl>#34</styleUrl>
                <Point id="247">
                    <coordinates>28.93416667,41.02388889,0.0</coordinates>
                </Point>
            </Placemark>
            <Placemark id="250">
                <name>Uzunçayır</name>
                <description>                    category  : bus stop &lt;br&gt;   
                    sitelinks : 2.0 &lt;br&gt;   
                    articleEN : https://en.wikipedia.org/wiki/Uzun%C3%A7ay%C4%B1r_(Metrobus) &lt;br&gt;             
                    articleDE :  &lt;br&gt;              
                    wikidata_link : http://www.wikidata.org/entity/Q48802664</description>
                <styleUrl>#34</styleUrl>
                <Point id="249">
                    <coordinates>29.056751403337,40.999094835329,0.0</coordinates>
                </Point>
            </Placemark>
            <Placemark id="252">
                <name>Fenerbahçe railway station</name>
                <description>                    category  : former railway station &lt;br&gt;   
                    sitelinks : 2.0 &lt;br&gt;   
                    articleEN : https://en.wikipedia.org/wiki/Fenerbah%C3%A7e_railway_station &lt;br&gt;             
                    articleDE :  &lt;br&gt;              
                    wikidata_link : http://www.wikidata.org/entity/Q43398836</description>
                <styleUrl>#34</styleUrl>
                <Point id="251">
                    <coordinates>29.038198943207,40.969001046269,0.0</coordinates>
                </Point>
            </Placemark>
            <Placemark id="254">
                <name>October 2016 Istanbul bombing</name>
                <description>                    category  : terrorist attack &lt;br&gt;   
                    sitelinks : 2.0 &lt;br&gt;   
                    articleEN : https://en.wikipedia.org/wiki/October_2016_Istanbul_bombing &lt;br&gt;             
                    articleDE :  &lt;br&gt;              
                    wikidata_link : http://www.wikidata.org/entity/Q27628600</description>
                <styleUrl>#34</styleUrl>
                <Point id="253">
                    <coordinates>28.83149,40.99563,0.0</coordinates>
                </Point>
            </Placemark>
            <Placemark id="256">
                <name>Sa'dabad Pavilion</name>
                <description>                    category  : palace &lt;br&gt;   
                    sitelinks : 2.0 &lt;br&gt;   
                    articleEN : https://en.wikipedia.org/wiki/Sa%27dabad_Pavilion &lt;br&gt;             
                    articleDE :  &lt;br&gt;              
                    wikidata_link : http://www.wikidata.org/entity/Q25212994</description>
                <styleUrl>#34</styleUrl>
                <Point id="255">
                    <coordinates>28.963722219444,41.071583330556,0.0</coordinates>
                </Point>
            </Placemark>
            <Placemark id="258">
                <name>Q21526486</name>
                <description>                    category  : caravanserai &lt;br&gt;   
                    sitelinks : 2.0 &lt;br&gt;   
                    articleEN : https://en.wikipedia.org/wiki/El%C3%A7i_Han &lt;br&gt;             
                    articleDE :  &lt;br&gt;              
                    wikidata_link : http://www.wikidata.org/entity/Q21526486</description>
                <styleUrl>#34</styleUrl>
                <Point id="257">
                    <coordinates>28.971194444444,41.008166666667,0.0</coordinates>
                </Point>
            </Placemark>
            <Placemark id="260">
                <name>The Union Church of Istanbul</name>
                <description>                    category  : Protestant church &lt;br&gt;   
                    sitelinks : 2.0 &lt;br&gt;   
                    articleEN : https://en.wikipedia.org/wiki/The_Union_Church_of_Istanbul &lt;br&gt;             
                    articleDE :  &lt;br&gt;              
                    wikidata_link : http://www.wikidata.org/entity/Q20949744</description>
                <styleUrl>#34</styleUrl>
                <Point id="259">
                    <coordinates>28.976251332249,41.030460377935,0.0</coordinates>
                </Point>
            </Placemark>
            <Placemark id="262">
                <name>Haydarpaşa High School</name>
                <description>                    category  : secondary school &lt;br&gt;   
                    sitelinks : 2.0 &lt;br&gt;   
                    articleEN : https://en.wikipedia.org/wiki/Haydarpa%C5%9Fa_High_School &lt;br&gt;             
                    articleDE :  &lt;br&gt;              
                    wikidata_link : http://www.wikidata.org/entity/Q20474745</description>
                <styleUrl>#34</styleUrl>
                <Point id="261">
                    <coordinates>29.046546,41.017024,0.0</coordinates>
                </Point>
            </Placemark>
            <Placemark id="264">
                <name>Beylerbeyi 75. Yıl Stadium</name>
                <description>                    category  : stadium &lt;br&gt;   
                    sitelinks : 2.0 &lt;br&gt;   
                    articleEN : https://en.wikipedia.org/wiki/Beylerbeyi_75._Y%C4%B1l_Stadium &lt;br&gt;             
                    articleDE :  &lt;br&gt;              
                    wikidata_link : http://www.wikidata.org/entity/Q20472213</description>
                <styleUrl>#34</styleUrl>
                <Point id="263">
                    <coordinates>29.0459,41.039,0.0</coordinates>
                </Point>
            </Placemark>
            <Placemark id="266">
                <name>Npistanbul Brain Hospital</name>
                <description>                    category  : private hospital &lt;br&gt;   
                    sitelinks : 2.0 &lt;br&gt;   
                    articleEN : https://en.wikipedia.org/wiki/Npistanbul_Brain_Hospital &lt;br&gt;             
                    articleDE :  &lt;br&gt;              
                    wikidata_link : http://www.wikidata.org/entity/Q20047274</description>
                <styleUrl>#34</styleUrl>
                <Point id="265">
                    <coordinates>29.114189134259,41.028939293567,0.0</coordinates>
                </Point>
            </Placemark>
            <Placemark id="268">
                <name>Bostancı Show Center</name>
                <description>                    category  : concert hall &lt;br&gt;   
                    sitelinks : 2.0 &lt;br&gt;   
                    articleEN : https://en.wikipedia.org/wiki/Bostanc%C4%B1_Show_Center &lt;br&gt;             
                    articleDE :  &lt;br&gt;              
                    wikidata_link : http://www.wikidata.org/entity/Q19610826</description>
                <styleUrl>#34</styleUrl>
                <Point id="267">
                    <coordinates>29.1023139,40.9567666,0.0</coordinates>
                </Point>
            </Placemark>
            <Placemark id="270">
                <name>Zorlu PSM</name>
                <description>                    category  : performing arts center &lt;br&gt;   
                    sitelinks : 2.0 &lt;br&gt;   
                    articleEN : https://en.wikipedia.org/wiki/Zorlu_PSM &lt;br&gt;             
                    articleDE :  &lt;br&gt;              
                    wikidata_link : http://www.wikidata.org/entity/Q18385664</description>
                <styleUrl>#34</styleUrl>
                <Point id="269">
                    <coordinates>29.0166373,41.0676385,0.0</coordinates>
                </Point>
            </Placemark>
            <Placemark id="272">
                <name>Marmara Üniversitesi Spor</name>
                <description>                    category  : women's association football team &lt;br&gt;   
                    sitelinks : 2.0 &lt;br&gt;   
                    articleEN : https://en.wikipedia.org/wiki/Marmara_%C3%9Cniversitesi_Spor &lt;br&gt;             
                    articleDE :  &lt;br&gt;              
                    wikidata_link : http://www.wikidata.org/entity/Q17000884</description>
                <styleUrl>#34</styleUrl>
                <Point id="271">
                    <coordinates>29.06972222,41.08166667,0.0</coordinates>
                </Point>
            </Placemark>
            <Placemark id="274">
                <name>MEF University</name>
                <description>                    category  : university &lt;br&gt;   
                    sitelinks : 2.0 &lt;br&gt;   
                    articleEN : https://en.wikipedia.org/wiki/MEF_University &lt;br&gt;             
                    articleDE :  &lt;br&gt;              
                    wikidata_link : http://www.wikidata.org/entity/Q16951274</description>
                <styleUrl>#34</styleUrl>
                <Point id="273">
                    <coordinates>29.0085455,41.1087746,0.0</coordinates>
                </Point>
            </Placemark>
            <Placemark id="276">
                <name>Ulus Ashkenazi Jewish Cemetery</name>
                <description>                    category  : Jewish cemetery &lt;br&gt;   
                    sitelinks : 2.0 &lt;br&gt;   
                    articleEN : https://en.wikipedia.org/wiki/Ulus_Ashkenazi_Jewish_Cemetery &lt;br&gt;             
                    articleDE :  &lt;br&gt;              
                    wikidata_link : http://www.wikidata.org/entity/Q16902303</description>
                <styleUrl>#34</styleUrl>
                <Point id="275">
                    <coordinates>29.0294,41.0703,0.0</coordinates>
                </Point>
            </Placemark>
            <Placemark id="278">
                <name>Yenikapı railway station</name>
                <description>                    category  : interchange station &lt;br&gt;   
                    sitelinks : 2.0 &lt;br&gt;   
                    articleEN : https://en.wikipedia.org/wiki/Yenikap%C4%B1_railway_station &lt;br&gt;             
                    articleDE :  &lt;br&gt;              
                    wikidata_link : http://www.wikidata.org/entity/Q15136731</description>
                <styleUrl>#34</styleUrl>
                <Point id="277">
                    <coordinates>28.952489546434,41.004777007816,0.0</coordinates>
                </Point>
            </Placemark>
            <Placemark id="280">
                <name>ITU Fuat Kulunk High Voltage Laboratory</name>
                <description>                    category  : factory &lt;br&gt;   
                    sitelinks : 2.0 &lt;br&gt;   
                    articleEN : https://en.wikipedia.org/wiki/Istanbul_Technical_University_Fuat_Kulunk_High_Voltage_Laboratory &lt;br&gt;             
                    articleDE :  &lt;br&gt;              
                    wikidata_link : http://www.wikidata.org/entity/Q12812885</description>
                <styleUrl>#34</styleUrl>
                <Point id="279">
                    <coordinates>28.9909401,41.039093,0.0</coordinates>
                </Point>
            </Placemark>
            <Placemark id="282">
                <name>Battle of the Bosporus</name>
                <description>                    category  : naval battle &lt;br&gt;   
                    sitelinks : 2.0 &lt;br&gt;   
                    articleEN : https://en.wikipedia.org/wiki/Battle_of_the_Bosporus &lt;br&gt;             
                    articleDE :  &lt;br&gt;              
                    wikidata_link : http://www.wikidata.org/entity/Q11908797</description>
                <styleUrl>#34</styleUrl>
                <Point id="281">
                    <coordinates>29.038333333333,41.05,0.0</coordinates>
                </Point>
            </Placemark>
            <Placemark id="284">
                <name>Istanbul Medeniyet University</name>
                <description>                    category  : public university &lt;br&gt;   
                    sitelinks : 2.0 &lt;br&gt;   
                    articleEN : https://en.wikipedia.org/wiki/Istanbul_Medeniyet_University &lt;br&gt;             
                    articleDE :  &lt;br&gt;              
                    wikidata_link : http://www.wikidata.org/entity/Q11158752</description>
                <styleUrl>#34</styleUrl>
                <Point id="283">
                    <coordinates>29.0646536,40.9952823,0.0</coordinates>
                </Point>
            </Placemark>
            <Placemark id="286">
                <name>Şeref Stadium</name>
                <description>                    category  : stadium &lt;br&gt;   
                    sitelinks : 2.0 &lt;br&gt;   
                    articleEN : https://en.wikipedia.org/wiki/%C5%9Eeref_Stadium &lt;br&gt;             
                    articleDE :  &lt;br&gt;              
                    wikidata_link : http://www.wikidata.org/entity/Q8082488</description>
                <styleUrl>#34</styleUrl>
                <Point id="285">
                    <coordinates>29.01704722,41.04416667,0.0</coordinates>
                </Point>
            </Placemark>
            <Placemark id="288">
                <name>Şemsipaşa İlköğretim Okulu</name>
                <description>                    category  : architectural structure &lt;br&gt;   
                    sitelinks : 2.0 &lt;br&gt;   
                    articleEN : https://en.wikipedia.org/wiki/%C5%9Eemsipa%C5%9Fa_Primary_School &lt;br&gt;             
                    articleDE :  &lt;br&gt;              
                    wikidata_link : http://www.wikidata.org/entity/Q8082469</description>
                <styleUrl>#34</styleUrl>
                <Point id="287">
                    <coordinates>29.009230555556,41.022438888889,0.0</coordinates>
                </Point>
            </Placemark>
            <Placemark id="290">
                <name>Varyap Meridian Grand Tower 1</name>
                <description>                    category  : building &lt;br&gt;   
                    sitelinks : 2.0 &lt;br&gt;   
                    articleEN : https://en.wikipedia.org/wiki/Varyap_Meridian_A_Block &lt;br&gt;             
                    articleDE :  &lt;br&gt;              
                    wikidata_link : http://www.wikidata.org/entity/Q7916261</description>
                <styleUrl>#34</styleUrl>
                <Point id="289">
                    <coordinates>29.1008,41.0006,0.0</coordinates>
                </Point>
            </Placemark>
            <Placemark id="292">
                <name>TVF 50th Anniversary Sport Hall</name>
                <description>                    category  : sports venue &lt;br&gt;   
                    sitelinks : 2.0 &lt;br&gt;   
                    articleEN : https://en.wikipedia.org/wiki/TVF_50th_Anniversary_Sport_Hall &lt;br&gt;             
                    articleDE :  &lt;br&gt;              
                    wikidata_link : http://www.wikidata.org/entity/Q7672179</description>
                <styleUrl>#34</styleUrl>
                <Point id="291">
                    <coordinates>29.029292,41.014085,0.0</coordinates>
                </Point>
            </Placemark>
            <Placemark id="294">
                <name>St. Joseph High School</name>
                <description>                    category  : high school &lt;br&gt;   
                    sitelinks : 2.0 &lt;br&gt;   
                    articleEN : https://en.wikipedia.org/wiki/Lyc%C3%A9e_Saint-Joseph,_Istanbul &lt;br&gt;             
                    articleDE :  &lt;br&gt;              
                    wikidata_link : http://www.wikidata.org/entity/Q7589318</description>
                <styleUrl>#34</styleUrl>
                <Point id="293">
                    <coordinates>29.028677,40.983035,0.0</coordinates>
                </Point>
            </Placemark>
            <Placemark id="296">
                <name>Radio ITU</name>
                <description>                    category  : radio station &lt;br&gt;   
                    sitelinks : 2.0 &lt;br&gt;   
                    articleEN : https://en.wikipedia.org/wiki/Radio_ITU &lt;br&gt;             
                    articleDE :  &lt;br&gt;              
                    wikidata_link : http://www.wikidata.org/entity/Q7280846</description>
                <styleUrl>#34</styleUrl>
                <Point id="295">
                    <coordinates>29.02461,41.104088,0.0</coordinates>
                </Point>
            </Placemark>
            <Placemark id="298">
                <name>Paşakapısı Prison</name>
                <description>                    category  : architectural structure &lt;br&gt;   
                    sitelinks : 2.0 &lt;br&gt;   
                    articleEN : https://en.wikipedia.org/wiki/Pa%C5%9Fakap%C4%B1s%C4%B1_Prison &lt;br&gt;             
                    articleDE :  &lt;br&gt;              
                    wikidata_link : http://www.wikidata.org/entity/Q7157107</description>
                <styleUrl>#34</styleUrl>
                <Point id="297">
                    <coordinates>29.014192,41.017305,0.0</coordinates>
                </Point>
            </Placemark>
            <Placemark id="300">
                <name>Mikla Restaurant</name>
                <description>                    category  : restaurant &lt;br&gt;   
                    sitelinks : 2.0 &lt;br&gt;   
                    articleEN : https://en.wikipedia.org/wiki/Mikla &lt;br&gt;             
                    articleDE :  &lt;br&gt;              
                    wikidata_link : http://www.wikidata.org/entity/Q6849999</description>
                <styleUrl>#34</styleUrl>
                <Point id="299">
                    <coordinates>28.9741,41.03105,0.0</coordinates>
                </Point>
            </Placemark>
            <Placemark id="302">
                <name>Removing Barriers Movement</name>
                <description>                    category  : organization &lt;br&gt;   
                    sitelinks : 2.0 &lt;br&gt;   
                    articleEN : https://en.wikipedia.org/wiki/Removing_Barriers_Movement &lt;br&gt;             
                    articleDE :  &lt;br&gt;              
                    wikidata_link : http://www.wikidata.org/entity/Q6102881</description>
                <styleUrl>#34</styleUrl>
                <Point id="301">
                    <coordinates>29.109264,40.996137,0.0</coordinates>
                </Point>
            </Placemark>
            <Placemark id="304">
                <name>Saint-Michel Highschool</name>
                <description>                    category  : secondary school &lt;br&gt;   
                    sitelinks : 2.0 &lt;br&gt;   
                    articleEN : https://en.wikipedia.org/wiki/Lyc%C3%A9e_Fran%C3%A7ais_Saint-Michel &lt;br&gt;             
                    articleDE :  &lt;br&gt;              
                    wikidata_link : http://www.wikidata.org/entity/Q6100138</description>
                <styleUrl>#34</styleUrl>
                <Point id="303">
                    <coordinates>28.98444444,41.055,0.0</coordinates>
                </Point>
            </Placemark>
            <Placemark id="306">
                <name>The Health Museum</name>
                <description>                    category  : yalı &lt;br&gt;   
                    sitelinks : 2.0 &lt;br&gt;   
                    articleEN : https://en.wikipedia.org/wiki/The_Health_Museum_(Istanbul) &lt;br&gt;             
                    articleDE :  &lt;br&gt;              
                    wikidata_link : http://www.wikidata.org/entity/Q6090051</description>
                <styleUrl>#34</styleUrl>
                <Point id="305">
                    <coordinates>28.975266,41.008225,0.0</coordinates>
                </Point>
            </Placemark>
            <Placemark id="308">
                <name>Istanbul Kültür University</name>
                <description>                    category  : private university &lt;br&gt;   
                    sitelinks : 2.0 &lt;br&gt;   
                    articleEN : https://en.wikipedia.org/wiki/Istanbul_K%C3%BClt%C3%BCr_University &lt;br&gt;             
                    articleDE :  &lt;br&gt;              
                    wikidata_link : http://www.wikidata.org/entity/Q6088633</description>
                <styleUrl>#34</styleUrl>
                <Point id="307">
                    <coordinates>28.83166667,40.99111111,0.0</coordinates>
                </Point>
            </Placemark>
            <Placemark id="310">
                <name>Istanbul Bilim University</name>
                <description>                    category  : private university &lt;br&gt;   
                    sitelinks : 2.0 &lt;br&gt;   
                    articleEN : https://en.wikipedia.org/wiki/Demiro%C4%9Flu_Bilim_University &lt;br&gt;             
                    articleDE :  &lt;br&gt;              
                    wikidata_link : http://www.wikidata.org/entity/Q6088590</description>
                <styleUrl>#34</styleUrl>
                <Point id="309">
                    <coordinates>29.012222222222,41.069166666667,0.0</coordinates>
                </Point>
            </Placemark>
            <Placemark id="312">
                <name>Istanbul Faculty of Medicine</name>
                <description>                    category  : medical school &lt;br&gt;   
                    sitelinks : 2.0 &lt;br&gt;   
                    articleEN : https://en.wikipedia.org/wiki/Istanbul_Faculty_of_Medicine &lt;br&gt;             
                    articleDE :  &lt;br&gt;              
                    wikidata_link : http://www.wikidata.org/entity/Q6065437</description>
                <styleUrl>#34</styleUrl>
                <Point id="311">
                    <coordinates>28.932831,41.016099,0.0</coordinates>
                </Point>
            </Placemark>
            <Placemark id="314">
                <name>Hacı Abdullah Restaurant</name>
                <description>                    category  : shop &lt;br&gt;   
                    sitelinks : 2.0 &lt;br&gt;   
                    articleEN : https://en.wikipedia.org/wiki/Hac%C4%B1_Abdullah_Restaurant &lt;br&gt;             
                    articleDE :  &lt;br&gt;              
                    wikidata_link : http://www.wikidata.org/entity/Q6037571</description>
                <styleUrl>#34</styleUrl>
                <Point id="313">
                    <coordinates>28.980277777778,41.035277777778,0.0</coordinates>
                </Point>
            </Placemark>
            <Placemark id="316">
                <name>Ziverbey Villa</name>
                <description>                    category  : pavilion &lt;br&gt;   
                    sitelinks : 2.0 &lt;br&gt;   
                    articleEN : https://en.wikipedia.org/wiki/Ziverbey_Villa &lt;br&gt;             
                    articleDE :  &lt;br&gt;              
                    wikidata_link : http://www.wikidata.org/entity/Q6026726</description>
                <styleUrl>#34</styleUrl>
                <Point id="315">
                    <coordinates>29.08277778,40.97666667,0.0</coordinates>
                </Point>
            </Placemark>
            <Placemark id="318">
                <name>Metris Prison</name>
                <description>                    category  : military prison &lt;br&gt;   
                    sitelinks : 2.0 &lt;br&gt;   
                    articleEN : https://en.wikipedia.org/wiki/Metris_Prison &lt;br&gt;             
                    articleDE :  &lt;br&gt;              
                    wikidata_link : http://www.wikidata.org/entity/Q6020588</description>
                <styleUrl>#34</styleUrl>
                <Point id="317">
                    <coordinates>28.875,41.078,0.0</coordinates>
                </Point>
            </Placemark>
            <Placemark id="320">
                <name>Hünkar</name>
                <description>                    category  : tourist attraction &lt;br&gt;   
                    sitelinks : 2.0 &lt;br&gt;   
                    articleEN : https://en.wikipedia.org/wiki/H%C3%BCnkar_(restaurant) &lt;br&gt;             
                    articleDE :  &lt;br&gt;              
                    wikidata_link : http://www.wikidata.org/entity/Q5964936</description>
                <styleUrl>#34</styleUrl>
                <Point id="319">
                    <coordinates>29.036267,41.081306,0.0</coordinates>
                </Point>
            </Placemark>
            <Placemark id="322">
                <name>Changa</name>
                <description>                    category  : restaurant &lt;br&gt;   
                    sitelinks : 2.0 &lt;br&gt;   
                    articleEN : https://en.wikipedia.org/wiki/Changa_(restaurant) &lt;br&gt;             
                    articleDE :  &lt;br&gt;              
                    wikidata_link : http://www.wikidata.org/entity/Q5071703</description>
                <styleUrl>#34</styleUrl>
                <Point id="321">
                    <coordinates>28.98480556,41.03583333,0.0</coordinates>
                </Point>
            </Placemark>
            <Placemark id="324">
                <name>Bahçelievler Stadium</name>
                <description>                    category  : stadium &lt;br&gt;   
                    sitelinks : 2.0 &lt;br&gt;   
                    articleEN : https://en.wikipedia.org/wiki/Bah%C3%A7elievler_Stadium &lt;br&gt;             
                    articleDE :  &lt;br&gt;              
                    wikidata_link : http://www.wikidata.org/entity/Q4843094</description>
                <styleUrl>#34</styleUrl>
                <Point id="323">
                    <coordinates>28.83211944,40.99656667,0.0</coordinates>
                </Point>
            </Placemark>
            <Placemark id="326">
                <name>Babylon Istanbul</name>
                <description>                    category  : concert hall &lt;br&gt;   
                    sitelinks : 2.0 &lt;br&gt;   
                    articleEN : https://en.wikipedia.org/wiki/Babylon_Istanbul &lt;br&gt;             
                    articleDE :  &lt;br&gt;              
                    wikidata_link : http://www.wikidata.org/entity/Q4838511</description>
                <styleUrl>#34</styleUrl>
                <Point id="325">
                    <coordinates>28.979834,41.058255,0.0</coordinates>
                </Point>
            </Placemark>
            <Placemark id="328">
                <name>Darüşşafaka</name>
                <description>                    category  : non-governmental organization &lt;br&gt;   
                    sitelinks : 2.0 &lt;br&gt;   
                    articleEN : https://en.wikipedia.org/wiki/Dar%C3%BC%C5%9F%C5%9Fafaka_Society &lt;br&gt;             
                    articleDE :  &lt;br&gt;              
                    wikidata_link : http://www.wikidata.org/entity/Q2676582</description>
                <styleUrl>#34</styleUrl>
                <Point id="327">
                    <coordinates>29.026984,41.12696,0.0</coordinates>
                </Point>
            </Placemark>
            <Placemark id="330">
                <name>Dubai Towers Istanbul</name>
                <description>                    category  : building &lt;br&gt;   
                    sitelinks : 2.0 &lt;br&gt;   
                    articleEN : https://en.wikipedia.org/wiki/Dubai_Towers_Istanbul &lt;br&gt;             
                    articleDE :  &lt;br&gt;              
                    wikidata_link : http://www.wikidata.org/entity/Q1262932</description>
                <styleUrl>#34</styleUrl>
                <Point id="329">
                    <coordinates>29.006388888889,41.084166666667,0.0</coordinates>
                </Point>
            </Placemark>
            <Placemark id="332">
                <name>Emek Sineması</name>
                <description>                    category  : movie theater &lt;br&gt;   
                    sitelinks : 2.0 &lt;br&gt;   
                    articleEN :  &lt;br&gt;             
                    articleDE : https://de.wikipedia.org/wiki/Emek-Kino_(Istanbul) &lt;br&gt;              
                    wikidata_link : http://www.wikidata.org/entity/Q1335287</description>
                <styleUrl>#34</styleUrl>
                <Point id="331">
                    <coordinates>28.979697,41.03491,0.0</coordinates>
                </Point>
            </Placemark>
            <Placemark id="334">
                <name>Muhyiddin Çelebi Mosque</name>
                <description>                    category  : architectural structure &lt;br&gt;   
                    sitelinks : 2.0 &lt;br&gt;   
                    articleEN :  &lt;br&gt;             
                    articleDE : https://de.wikipedia.org/wiki/Muhyiddin-Molla-Fenari-Moschee &lt;br&gt;              
                    wikidata_link : http://www.wikidata.org/entity/Q6024164</description>
                <styleUrl>#34</styleUrl>
                <Point id="333">
                    <coordinates>28.981111111111,41.031972222222,0.0</coordinates>
                </Point>
            </Placemark>
            <Placemark id="336">
                <name>German Archaeological Institute at Istanbul</name>
                <description>                    category  : home &lt;br&gt;   
                    sitelinks : 2.0 &lt;br&gt;   
                    articleEN :  &lt;br&gt;             
                    articleDE : https://de.wikipedia.org/wiki/Deutsches_Arch%C3%A4ologisches_Institut_Istanbul &lt;br&gt;              
                    wikidata_link : http://www.wikidata.org/entity/Q1205539</description>
                <styleUrl>#34</styleUrl>
                <Point id="335">
                    <coordinates>28.9895916,41.0335922,0.0</coordinates>
                </Point>
            </Placemark>
            <Placemark id="338">
                <name>Consulate General of Saudi Arabia in Istanbul</name>
                <description>                    category  : consulate general &lt;br&gt;   
                    sitelinks : 3.0 &lt;br&gt;   
                    articleEN :  &lt;br&gt;             
                    articleDE : https://de.wikipedia.org/wiki/Generalkonsulat_des_K%C3%B6nigreichs_Saudi-Arabien_in_Istanbul &lt;br&gt;              
                    wikidata_link : http://www.wikidata.org/entity/Q58498104</description>
                <styleUrl>#34</styleUrl>
                <Point id="337">
                    <coordinates>29.012083333333,41.086,0.0</coordinates>
                </Point>
            </Placemark>
            <Placemark id="340">
                <name>Salacak Fatih Mosque</name>
                <description>                    category  : architectural structure &lt;br&gt;   
                    sitelinks : 3.0 &lt;br&gt;   
                    articleEN :  &lt;br&gt;             
                    articleDE : https://de.wikipedia.org/wiki/Fatih-Moschee_(Salacak) &lt;br&gt;              
                    wikidata_link : http://www.wikidata.org/entity/Q20476395</description>
                <styleUrl>#34</styleUrl>
                <Point id="339">
                    <coordinates>29.007969444444,41.020977777778,0.0</coordinates>
                </Point>
            </Placemark>
            <Placemark id="342">
                <name>Istanbul University Alfred Heilbronn Botanical Garden</name>
                <description>                    category  : botanical garden &lt;br&gt;   
                    sitelinks : 3.0 &lt;br&gt;   
                    articleEN :  &lt;br&gt;             
                    articleDE : https://de.wikipedia.org/wiki/Botanischer_Garten_Istanbul &lt;br&gt;              
                    wikidata_link : http://www.wikidata.org/entity/Q55594541</description>
                <styleUrl>#34</styleUrl>
                <Point id="341">
                    <coordinates>28.963608,41.0178,0.0</coordinates>
                </Point>
            </Placemark>
            <Placemark id="344">
                <name>Cantemir Palace in Istanbul</name>
                <description>                    category  : building &lt;br&gt;   
                    sitelinks : 3.0 &lt;br&gt;   
                    articleEN : https://en.wikipedia.org/wiki/Cantemir_Palace_in_Istanbul &lt;br&gt;             
                    articleDE : https://de.wikipedia.org/wiki/Cantemir-Palast_in_Istanbul &lt;br&gt;              
                    wikidata_link : http://www.wikidata.org/entity/Q24895521</description>
                <styleUrl>#34</styleUrl>
                <Point id="343">
                    <coordinates>29.02694444,41.04694444,0.0</coordinates>
                </Point>
            </Placemark>
            <Placemark id="346">
                <name>Hasköy Fountain</name>
                <description>                    category  : fountain &lt;br&gt;   
                    sitelinks : 3.0 &lt;br&gt;   
                    articleEN :  &lt;br&gt;             
                    articleDE : https://de.wikipedia.org/wiki/Hask%C3%B6y_%C3%87e%C5%9Fmesi &lt;br&gt;              
                    wikidata_link : http://www.wikidata.org/entity/Q119362246</description>
                <styleUrl>#34</styleUrl>
                <Point id="345">
                    <coordinates>28.951138888889,41.040583333333,0.0</coordinates>
                </Point>
            </Placemark>
            <Placemark id="348">
                <name>Orient-Institut Istanbul</name>
                <description>                    category  : research institute &lt;br&gt;   
                    sitelinks : 3.0 &lt;br&gt;   
                    articleEN : https://en.wikipedia.org/wiki/Orient-Institut_Istanbul &lt;br&gt;             
                    articleDE : https://de.wikipedia.org/wiki/Orient-Institut_Istanbul &lt;br&gt;              
                    wikidata_link : http://www.wikidata.org/entity/Q15837722</description>
                <styleUrl>#34</styleUrl>
                <Point id="347">
                    <coordinates>28.974594431306,41.027077024775,0.0</coordinates>
                </Point>
            </Placemark>
            <Placemark id="350">
                <name>Cezayir Sokağı</name>
                <description>                    category  : dead end street &lt;br&gt;   
                    sitelinks : 3.0 &lt;br&gt;   
                    articleEN :  &lt;br&gt;             
                    articleDE : https://de.wikipedia.org/wiki/Cezayir_Soka%C4%9F%C4%B1 &lt;br&gt;              
                    wikidata_link : http://www.wikidata.org/entity/Q6061491</description>
                <styleUrl>#34</styleUrl>
                <Point id="349">
                    <coordinates>28.97917,41.03135,0.0</coordinates>
                </Point>
            </Placemark>
            <Placemark id="352">
                <name>list of ambassadors of Turkey to Algeria</name>
                <description>                    category  : Wikimedia list article &lt;br&gt;   
                    sitelinks : 3.0 &lt;br&gt;   
                    articleEN : https://en.wikipedia.org/wiki/List_of_ambassadors_of_Turkey_to_Algeria &lt;br&gt;             
                    articleDE : https://de.wikipedia.org/wiki/Liste_der_t%C3%BCrkischen_Botschafter_in_Algerien &lt;br&gt;              
                    wikidata_link : http://www.wikidata.org/entity/Q19391163</description>
                <styleUrl>#34</styleUrl>
                <Point id="351">
                    <coordinates>29.008044,41.042956,0.0</coordinates>
                </Point>
            </Placemark>
            <Placemark id="354">
                <name>Abdulhakim Sanjak Mosque</name>
                <description>                    category  : mosque &lt;br&gt;   
                    sitelinks : 3.0 &lt;br&gt;   
                    articleEN : https://en.wikipedia.org/wiki/Abdulhakim_Sanjak_Mosque &lt;br&gt;             
                    articleDE :  &lt;br&gt;              
                    wikidata_link : http://www.wikidata.org/entity/Q132745503</description>
                <styleUrl>#34</styleUrl>
                <Point id="353">
                    <coordinates>29.030619,41.106322,0.0</coordinates>
                </Point>
            </Placemark>
            <Placemark id="356">
                <name>CBRT Tower</name>
                <description>                    category  : building &lt;br&gt;   
                    sitelinks : 3.0 &lt;br&gt;   
                    articleEN : https://en.wikipedia.org/wiki/CBRT_Tower &lt;br&gt;             
                    articleDE :  &lt;br&gt;              
                    wikidata_link : http://www.wikidata.org/entity/Q131388493</description>
                <styleUrl>#34</styleUrl>
                <Point id="355">
                    <coordinates>29.11048,41.002,0.0</coordinates>
                </Point>
            </Placemark>
            <Placemark id="358">
                <name>Ebezâde Abdullah Efendi Fountain</name>
                <description>                    category  : fountain &lt;br&gt;   
                    sitelinks : 3.0 &lt;br&gt;   
                    articleEN : https://en.wikipedia.org/wiki/Ebez%C3%A2de_Abdullah_Efendi_Fountain &lt;br&gt;             
                    articleDE :  &lt;br&gt;              
                    wikidata_link : http://www.wikidata.org/entity/Q131368423</description>
                <styleUrl>#34</styleUrl>
                <Point id="357">
                    <coordinates>28.945679610135,41.023956546145,0.0</coordinates>
                </Point>
            </Placemark>
            <Placemark id="360">
                <name>Böcekli Mosque</name>
                <description>                    category  : architectural structure &lt;br&gt;   
                    sitelinks : 3.0 &lt;br&gt;   
                    articleEN : https://en.wikipedia.org/wiki/B%C3%B6cekli_Mosque &lt;br&gt;             
                    articleDE :  &lt;br&gt;              
                    wikidata_link : http://www.wikidata.org/entity/Q127418594</description>
                <styleUrl>#34</styleUrl>
                <Point id="359">
                    <coordinates>29.084481,40.978524,0.0</coordinates>
                </Point>
            </Placemark>
            <Placemark id="362">
                <name>Tercüman Building</name>
                <description>                    category  : architectural structure &lt;br&gt;   
                    sitelinks : 3.0 &lt;br&gt;   
                    articleEN : https://en.wikipedia.org/wiki/Terc%C3%BCman_Building &lt;br&gt;             
                    articleDE :  &lt;br&gt;              
                    wikidata_link : http://www.wikidata.org/entity/Q123700141</description>
                <styleUrl>#34</styleUrl>
                <Point id="361">
                    <coordinates>28.90991,41.0146,0.0</coordinates>
                </Point>
            </Placemark>
            <Placemark id="364">
                <name>Hodjapasha Culture Center</name>
                <description>                    category  : venue &lt;br&gt;   
                    sitelinks : 3.0 &lt;br&gt;   
                    articleEN : https://en.wikipedia.org/wiki/Hodjapasha_Culture_Center &lt;br&gt;             
                    articleDE :  &lt;br&gt;              
                    wikidata_link : http://www.wikidata.org/entity/Q123614320</description>
                <styleUrl>#34</styleUrl>
                <Point id="363">
                    <coordinates>28.9756,41.0141,0.0</coordinates>
                </Point>
            </Placemark>
            <Placemark id="366">
                <name>Cundi Park</name>
                <description>                    category  : park &lt;br&gt;   
                    sitelinks : 3.0 &lt;br&gt;   
                    articleEN : https://en.wikipedia.org/wiki/Cundi_Park &lt;br&gt;             
                    articleDE :  &lt;br&gt;              
                    wikidata_link : http://www.wikidata.org/entity/Q123594731</description>
                <styleUrl>#34</styleUrl>
                <Point id="365">
                    <coordinates>28.970121130682,41.00387420516,0.0</coordinates>
                </Point>
            </Placemark>
            <Placemark id="368">
                <name>Statue of Alex</name>
                <description>                    category  : statue &lt;br&gt;   
                    sitelinks : 3.0 &lt;br&gt;   
                    articleEN : https://en.wikipedia.org/wiki/Statue_of_Alex &lt;br&gt;             
                    articleDE :  &lt;br&gt;              
                    wikidata_link : http://www.wikidata.org/entity/Q123583238</description>
                <styleUrl>#34</styleUrl>
                <Point id="367">
                    <coordinates>29.0337,40.9854,0.0</coordinates>
                </Point>
            </Placemark>
            <Placemark id="370">
                <name>Pendik Çamlık Spor</name>
                <description>                    category  : women's association football club &lt;br&gt;   
                    sitelinks : 3.0 &lt;br&gt;   
                    articleEN : https://en.wikipedia.org/wiki/Beylerbeyi_S.K._(women%27s_football) &lt;br&gt;             
                    articleDE :  &lt;br&gt;              
                    wikidata_link : http://www.wikidata.org/entity/Q121717636</description>
                <styleUrl>#34</styleUrl>
                <Point id="369">
                    <coordinates>29.04592,41.03906,0.0</coordinates>
                </Point>
            </Placemark>
            <Placemark id="372">
                <name>Istanbul Fire Department</name>
                <description>                    category  : fire department &lt;br&gt;   
                    sitelinks : 3.0 &lt;br&gt;   
                    articleEN : https://en.wikipedia.org/wiki/Istanbul_Fire_Department &lt;br&gt;             
                    articleDE :  &lt;br&gt;              
                    wikidata_link : http://www.wikidata.org/entity/Q118946594</description>
                <styleUrl>#34</styleUrl>
                <Point id="371">
                    <coordinates>28.9535594,41.0160735,0.0</coordinates>
                </Point>
            </Placemark>
            <Placemark id="374">
                <name>Pearl Kiosk</name>
                <description>                    category  : pavilion &lt;br&gt;   
                    sitelinks : 3.0 &lt;br&gt;   
                    articleEN : https://en.wikipedia.org/wiki/Pearl_Kiosk &lt;br&gt;             
                    articleDE :  &lt;br&gt;              
                    wikidata_link : http://www.wikidata.org/entity/Q116701696</description>
                <styleUrl>#34</styleUrl>
                <Point id="373">
                    <coordinates>28.987222222222,41.009861111111,0.0</coordinates>
                </Point>
            </Placemark>
            <Placemark id="376">
                <name>Mimar Sinan (M1)</name>
                <description>                    category  : interchange station &lt;br&gt;   
                    sitelinks : 3.0 &lt;br&gt;   
                    articleEN : https://en.wikipedia.org/wiki/Mimar_Sinan_(Istanbul_Metro) &lt;br&gt;             
                    articleDE :  &lt;br&gt;              
                    wikidata_link : http://www.wikidata.org/entity/Q113518794</description>
                <styleUrl>#34</styleUrl>
                <Point id="375">
                    <coordinates>28.81661756976,41.025062397186,0.0</coordinates>
                </Point>
            </Placemark>
            <Placemark id="378">
                <name>Haydarpaşa Breakwater</name>
                <description>                    category  : obelisk &lt;br&gt;   
                    sitelinks : 3.0 &lt;br&gt;   
                    articleEN : https://en.wikipedia.org/wiki/Haydarpa%C5%9Fa_Breakwater &lt;br&gt;             
                    articleDE :  &lt;br&gt;              
                    wikidata_link : http://www.wikidata.org/entity/Q111978995</description>
                <styleUrl>#34</styleUrl>
                <Point id="377">
                    <coordinates>29.011501977744,40.996943245723,0.0</coordinates>
                </Point>
            </Placemark>
            <Placemark id="380">
                <name>Bakırköy Sahil</name>
                <description>                    category  : interchange station &lt;br&gt;   
                    sitelinks : 3.0 &lt;br&gt;   
                    articleEN : https://en.wikipedia.org/wiki/Bak%C4%B1rk%C3%B6y_Sahil_(Istanbul_Metro) &lt;br&gt;             
                    articleDE :  &lt;br&gt;              
                    wikidata_link : http://www.wikidata.org/entity/Q107050645</description>
                <styleUrl>#34</styleUrl>
                <Point id="379">
                    <coordinates>28.867774157493,40.973642513838,0.0</coordinates>
                </Point>
            </Placemark>
            <Placemark id="382">
                <name>Özgürlük Meydanı</name>
                <description>                    category  : interchange station &lt;br&gt;   
                    sitelinks : 3.0 &lt;br&gt;   
                    articleEN : https://en.wikipedia.org/wiki/%C3%96zg%C3%BCrl%C3%BCk_Meydan%C4%B1_(Istanbul_Metro) &lt;br&gt;             
                    articleDE :  &lt;br&gt;              
                    wikidata_link : http://www.wikidata.org/entity/Q107050644</description>
                <styleUrl>#34</styleUrl>
                <Point id="381">
                    <coordinates>28.874094470388,40.981695249149,0.0</coordinates>
                </Point>
            </Placemark>
            <Placemark id="384">
                <name>Kadıköy Bull Statue</name>
                <description>                    category  : statue &lt;br&gt;   
                    sitelinks : 3.0 &lt;br&gt;   
                    articleEN : https://en.wikipedia.org/wiki/Kad%C4%B1k%C3%B6y_bull_statue &lt;br&gt;             
                    articleDE :  &lt;br&gt;              
                    wikidata_link : http://www.wikidata.org/entity/Q97709411</description>
                <styleUrl>#34</styleUrl>
                <Point id="383">
                    <coordinates>29.029167,40.990446,0.0</coordinates>
                </Point>
            </Placemark>
            <Placemark id="386">
                <name>Agios Panteleimonas Greek Orthodox Church, Kuzguncuk</name>
                <description>                    category  : church building &lt;br&gt;   
                    sitelinks : 3.0 &lt;br&gt;   
                    articleEN : https://en.wikipedia.org/wiki/Agios_Panteleimonas_Greek_Orthodox_Church,_Kuzguncuk &lt;br&gt;             
                    articleDE :  &lt;br&gt;              
                    wikidata_link : http://www.wikidata.org/entity/Q97403030</description>
                <styleUrl>#34</styleUrl>
                <Point id="385">
                    <coordinates>29.03027778,41.03444444,0.0</coordinates>
                </Point>
            </Placemark>
            <Placemark id="388">
                <name>Istanbul Health and Technology University</name>
                <description>                    category  : university &lt;br&gt;   
                    sitelinks : 3.0 &lt;br&gt;   
                    articleEN : https://en.wikipedia.org/wiki/Istanbul_Health_and_Technology_University &lt;br&gt;             
                    articleDE :  &lt;br&gt;              
                    wikidata_link : http://www.wikidata.org/entity/Q97320401</description>
                <styleUrl>#34</styleUrl>
                <Point id="387">
                    <coordinates>28.9515536,41.0564788,0.0</coordinates>
                </Point>
            </Placemark>
            <Placemark id="390">
                <name>Ara Güler Museum</name>
                <description>                    category  : museum &lt;br&gt;   
                    sitelinks : 3.0 &lt;br&gt;   
                    articleEN : https://en.wikipedia.org/wiki/Ara_G%C3%BCler_Museum &lt;br&gt;             
                    articleDE :  &lt;br&gt;              
                    wikidata_link : http://www.wikidata.org/entity/Q96756361</description>
                <styleUrl>#34</styleUrl>
                <Point id="389">
                    <coordinates>28.98075,41.058194444444,0.0</coordinates>
                </Point>
            </Placemark>
            <Placemark id="392">
                <name>Fulya Hakkı Yeten Facility</name>
                <description>                    category  : association football venue &lt;br&gt;   
                    sitelinks : 3.0 &lt;br&gt;   
                    articleEN : https://en.wikipedia.org/wiki/Fulya_Hakk%C4%B1_Yeten_Facility &lt;br&gt;             
                    articleDE :  &lt;br&gt;              
                    wikidata_link : http://www.wikidata.org/entity/Q85116968</description>
                <styleUrl>#34</styleUrl>
                <Point id="391">
                    <coordinates>29.00128,41.05292,0.0</coordinates>
                </Point>
            </Placemark>
            <Placemark id="394">
                <name>Esenler Stadium</name>
                <description>                    category  : stadium &lt;br&gt;   
                    sitelinks : 3.0 &lt;br&gt;   
                    articleEN : https://en.wikipedia.org/wiki/Esenler_Stadium &lt;br&gt;             
                    articleDE :  &lt;br&gt;              
                    wikidata_link : http://www.wikidata.org/entity/Q72284933</description>
                <styleUrl>#34</styleUrl>
                <Point id="393">
                    <coordinates>28.880007021754,41.053887873165,0.0</coordinates>
                </Point>
            </Placemark>
            <Placemark id="396">
                <name>Yoğurtçu Park</name>
                <description>                    category  : park &lt;br&gt;   
                    sitelinks : 3.0 &lt;br&gt;   
                    articleEN : https://en.wikipedia.org/wiki/Yo%C4%9Furt%C3%A7u_Park &lt;br&gt;             
                    articleDE :  &lt;br&gt;              
                    wikidata_link : http://www.wikidata.org/entity/Q65219450</description>
                <styleUrl>#34</styleUrl>
                <Point id="395">
                    <coordinates>29.0337,40.9853787,0.0</coordinates>
                </Point>
            </Placemark>
            <Placemark id="398">
                <name>Camera Museum, İstanbul</name>
                <description>                    category  : tourist attraction &lt;br&gt;   
                    sitelinks : 3.0 &lt;br&gt;   
                    articleEN : https://en.wikipedia.org/wiki/Camera_Museum,_Istanbul &lt;br&gt;             
                    articleDE :  &lt;br&gt;              
                    wikidata_link : http://www.wikidata.org/entity/Q61852762</description>
                <styleUrl>#34</styleUrl>
                <Point id="397">
                    <coordinates>28.878777,40.99434,0.0</coordinates>
                </Point>
            </Placemark>
            <Placemark id="400">
                <name>İDO Kadıköy Terminal</name>
                <description>                    category  : pier &lt;br&gt;   
                    sitelinks : 3.0 &lt;br&gt;   
                    articleEN : https://en.wikipedia.org/wiki/Kad%C4%B1k%C3%B6y_Ferry_Terminal &lt;br&gt;             
                    articleDE :  &lt;br&gt;              
                    wikidata_link : http://www.wikidata.org/entity/Q48989448</description>
                <styleUrl>#34</styleUrl>
                <Point id="399">
                    <coordinates>29.018706931104,40.990918496216,0.0</coordinates>
                </Point>
            </Placemark>
            <Placemark id="402">
                <name>Karaköy Pier</name>
                <description>                    category  : pier &lt;br&gt;   
                    sitelinks : 3.0 &lt;br&gt;   
                    articleEN : https://en.wikipedia.org/wiki/Karak%C3%B6y_Pier &lt;br&gt;             
                    articleDE :  &lt;br&gt;              
                    wikidata_link : http://www.wikidata.org/entity/Q48989410</description>
                <styleUrl>#34</styleUrl>
                <Point id="401">
                    <coordinates>28.9767,41.0217,0.0</coordinates>
                </Point>
            </Placemark>
            <Placemark id="404">
                <name>Sütlüce Pier</name>
                <description>                    category  : pier &lt;br&gt;   
                    sitelinks : 3.0 &lt;br&gt;   
                    articleEN : https://en.wikipedia.org/wiki/S%C3%BCtl%C3%BCce_Pier &lt;br&gt;             
                    articleDE :  &lt;br&gt;              
                    wikidata_link : http://www.wikidata.org/entity/Q48989385</description>
                <styleUrl>#34</styleUrl>
                <Point id="403">
                    <coordinates>28.9407,41.0466,0.0</coordinates>
                </Point>
            </Placemark>
            <Placemark id="406">
                <name>Üsküdar Ferry Terminal</name>
                <description>                    category  : pier &lt;br&gt;   
                    sitelinks : 3.0 &lt;br&gt;   
                    articleEN : https://en.wikipedia.org/wiki/%C3%9Csk%C3%BCdar_Ferry_Terminal &lt;br&gt;             
                    articleDE :  &lt;br&gt;              
                    wikidata_link : http://www.wikidata.org/entity/Q48989380</description>
                <styleUrl>#34</styleUrl>
                <Point id="405">
                    <coordinates>29.0152,41.0276,0.0</coordinates>
                </Point>
            </Placemark>
            <Placemark id="408">
                <name>Eyüpsultan Pier</name>
                <description>                    category  : pier &lt;br&gt;   
                    sitelinks : 3.0 &lt;br&gt;   
                    articleEN : https://en.wikipedia.org/wiki/Ey%C3%BCp_Pier &lt;br&gt;             
                    articleDE :  &lt;br&gt;              
                    wikidata_link : http://www.wikidata.org/entity/Q48989383</description>
                <styleUrl>#34</styleUrl>
                <Point id="407">
                    <coordinates>28.9375,41.0472,0.0</coordinates>
                </Point>
            </Placemark>
            <Placemark id="410">
                <name>Melkite Greek Catholic Cathedral, Istanbul</name>
                <description>                    category  : church building &lt;br&gt;   
                    sitelinks : 3.0 &lt;br&gt;   
                    articleEN : https://en.wikipedia.org/wiki/Holy_Trinity_Greek_Catholic_Cathedral,_Istanbul &lt;br&gt;             
                    articleDE :  &lt;br&gt;              
                    wikidata_link : http://www.wikidata.org/entity/Q48969579</description>
                <styleUrl>#34</styleUrl>
                <Point id="409">
                    <coordinates>28.9761204,41.034889,0.0</coordinates>
                </Point>
            </Placemark>
            <Placemark id="412">
                <name>Palazzo Corpi</name>
                <description>                    category  : architectural structure &lt;br&gt;   
                    sitelinks : 3.0 &lt;br&gt;   
                    articleEN : https://en.wikipedia.org/wiki/Palazzo_Corpi &lt;br&gt;             
                    articleDE :  &lt;br&gt;              
                    wikidata_link : http://www.wikidata.org/entity/Q48814467</description>
                <styleUrl>#34</styleUrl>
                <Point id="411">
                    <coordinates>28.973360993474,41.029973140716,0.0</coordinates>
                </Point>
            </Placemark>
            <Placemark id="414">
                <name>Karaköy (Tünel)</name>
                <description>                    category  : interchange station &lt;br&gt;   
                    sitelinks : 3.0 &lt;br&gt;   
                    articleEN : https://en.wikipedia.org/wiki/Karak%C3%B6y_(T%C3%BCnel) &lt;br&gt;             
                    articleDE :  &lt;br&gt;              
                    wikidata_link : http://www.wikidata.org/entity/Q48805491</description>
                <styleUrl>#34</styleUrl>
                <Point id="413">
                    <coordinates>28.974,41.0228,0.0</coordinates>
                </Point>
            </Placemark>
            <Placemark id="416">
                <name>İDO Yenikapı Terminal</name>
                <description>                    category  : pier &lt;br&gt;   
                    sitelinks : 3.0 &lt;br&gt;   
                    articleEN : https://en.wikipedia.org/wiki/Yenikap%C4%B1_Ferry_Terminal &lt;br&gt;             
                    articleDE :  &lt;br&gt;              
                    wikidata_link : http://www.wikidata.org/entity/Q48803980</description>
                <styleUrl>#34</styleUrl>
                <Point id="415">
                    <coordinates>28.956353019013,41.002186735372,0.0</coordinates>
                </Point>
            </Placemark>
            <Placemark id="418">
                <name>İncirli</name>
                <description>                    category  : bus stop &lt;br&gt;   
                    sitelinks : 3.0 &lt;br&gt;   
                    articleEN : https://en.wikipedia.org/wiki/%C4%B0ncirli_(Metrobus) &lt;br&gt;             
                    articleDE :  &lt;br&gt;              
                    wikidata_link : http://www.wikidata.org/entity/Q48802714</description>
                <styleUrl>#34</styleUrl>
                <Point id="417">
                    <coordinates>28.872674350312,40.997890038803,0.0</coordinates>
                </Point>
            </Placemark>
            <Placemark id="420">
                <name>Cevizlibağ</name>
                <description>                    category  : bus stop &lt;br&gt;   
                    sitelinks : 3.0 &lt;br&gt;   
                    articleEN : https://en.wikipedia.org/wiki/Cevizliba%C4%9F_(Metrobus) &lt;br&gt;             
                    articleDE :  &lt;br&gt;              
                    wikidata_link : http://www.wikidata.org/entity/Q48802659</description>
                <styleUrl>#34</styleUrl>
                <Point id="419">
                    <coordinates>28.910661361217,41.016263628133,0.0</coordinates>
                </Point>
            </Placemark>
            <Placemark id="422">
                <name>Söğütlüçeşme</name>
                <description>                    category  : bus stop &lt;br&gt;   
                    sitelinks : 3.0 &lt;br&gt;   
                    articleEN : https://en.wikipedia.org/wiki/S%C3%B6%C4%9F%C3%BCtl%C3%BC%C3%A7e%C5%9Fme_(Metrobus) &lt;br&gt;             
                    articleDE :  &lt;br&gt;              
                    wikidata_link : http://www.wikidata.org/entity/Q48802642</description>
                <styleUrl>#34</styleUrl>
                <Point id="421">
                    <coordinates>29.037872777345,40.991425657111,0.0</coordinates>
                </Point>
            </Placemark>
            <Placemark id="424">
                <name>Zincirlikuyu</name>
                <description>                    category  : bus stop &lt;br&gt;   
                    sitelinks : 3.0 &lt;br&gt;   
                    articleEN : https://en.wikipedia.org/wiki/Zincirlikuyu_(Metrobus) &lt;br&gt;             
                    articleDE :  &lt;br&gt;              
                    wikidata_link : http://www.wikidata.org/entity/Q48802632</description>
                <styleUrl>#34</styleUrl>
                <Point id="423">
                    <coordinates>29.013,41.0661,0.0</coordinates>
                </Point>
            </Placemark>
            <Placemark id="426">
                <name>Kızıltoprak railway station</name>
                <description>                    category  : former railway station &lt;br&gt;   
                    sitelinks : 3.0 &lt;br&gt;   
                    articleEN : https://en.wikipedia.org/wiki/K%C4%B1z%C4%B1ltoprak_railway_station &lt;br&gt;             
                    articleDE :  &lt;br&gt;              
                    wikidata_link : http://www.wikidata.org/entity/Q43398831</description>
                <styleUrl>#34</styleUrl>
                <Point id="425">
                    <coordinates>29.042121658884,40.984915074261,0.0</coordinates>
                </Point>
            </Placemark>
            <Placemark id="428">
                <name>Natural History Museum of İhsan Ketin</name>
                <description>                    category  : natural history museum &lt;br&gt;   
                    sitelinks : 3.0 &lt;br&gt;   
                    articleEN : https://en.wikipedia.org/wiki/Natural_History_Museum_of_%C4%B0hsan_Ketin &lt;br&gt;             
                    articleDE :  &lt;br&gt;              
                    wikidata_link : http://www.wikidata.org/entity/Q28222180</description>
                <styleUrl>#34</styleUrl>
                <Point id="427">
                    <coordinates>29.026111111111,41.104722222222,0.0</coordinates>
                </Point>
            </Placemark>
            <Placemark id="430">
                <name>İsmet İnönü Stadium</name>
                <description>                    category  : venue &lt;br&gt;   
                    sitelinks : 3.0 &lt;br&gt;   
                    articleEN : https://en.wikipedia.org/wiki/%C4%B0smet_%C4%B0n%C3%B6n%C3%BC_Stadium &lt;br&gt;             
                    articleDE :  &lt;br&gt;              
                    wikidata_link : http://www.wikidata.org/entity/Q28222110</description>
                <styleUrl>#34</styleUrl>
                <Point id="429">
                    <coordinates>29.01819,41.08817,0.0</coordinates>
                </Point>
            </Placemark>
            <Placemark id="432">
                <name>Emirgan Pier</name>
                <description>                    category  : pier &lt;br&gt;   
                    sitelinks : 3.0 &lt;br&gt;   
                    articleEN : https://en.wikipedia.org/wiki/Emirgan_Pier &lt;br&gt;             
                    articleDE :  &lt;br&gt;              
                    wikidata_link : http://www.wikidata.org/entity/Q28220050</description>
                <styleUrl>#34</styleUrl>
                <Point id="431">
                    <coordinates>29.05607,41.10303,0.0</coordinates>
                </Point>
            </Placemark>
            <Placemark id="434">
                <name>Beylerbeyi Palace Tunnel</name>
                <description>                    category  : tunnel &lt;br&gt;   
                    sitelinks : 3.0 &lt;br&gt;   
                    articleEN : https://en.wikipedia.org/wiki/Beylerbeyi_Palace_Tunnel &lt;br&gt;             
                    articleDE :  &lt;br&gt;              
                    wikidata_link : http://www.wikidata.org/entity/Q26944905</description>
                <styleUrl>#34</styleUrl>
                <Point id="433">
                    <coordinates>29.039527777778,41.042027777778,0.0</coordinates>
                </Point>
            </Placemark>
            <Placemark id="436">
                <name>Vakıfbank Spor Sarayı</name>
                <description>                    category  : sports venue &lt;br&gt;   
                    sitelinks : 3.0 &lt;br&gt;   
                    articleEN : https://en.wikipedia.org/wiki/Vak%C4%B1fBank_Sports_Palace &lt;br&gt;             
                    articleDE :  &lt;br&gt;              
                    wikidata_link : http://www.wikidata.org/entity/Q25472492</description>
                <styleUrl>#34</styleUrl>
                <Point id="435">
                    <coordinates>29.034583333333,41.025166666667,0.0</coordinates>
                </Point>
            </Placemark>
            <Placemark id="438">
                <name>Hacı Beşir Ağa Mosque</name>
                <description>                    category  : mosque &lt;br&gt;   
                    sitelinks : 3.0 &lt;br&gt;   
                    articleEN : https://en.wikipedia.org/wiki/Hac%C4%B1_Be%C5%9Fir_A%C4%9Fa_Mosque &lt;br&gt;             
                    articleDE :  &lt;br&gt;              
                    wikidata_link : http://www.wikidata.org/entity/Q24897657</description>
                <styleUrl>#34</styleUrl>
                <Point id="437">
                    <coordinates>28.97727,41.01069,0.0</coordinates>
                </Point>
            </Placemark>
            <Placemark id="440">
                <name>2012 Sultangazi attack</name>
                <description>                    category  : suicide attack &lt;br&gt;   
                    sitelinks : 3.0 &lt;br&gt;   
                    articleEN : https://en.wikipedia.org/wiki/2012_Istanbul_suicide_bombing &lt;br&gt;             
                    articleDE :  &lt;br&gt;              
                    wikidata_link : http://www.wikidata.org/entity/Q21682476</description>
                <styleUrl>#34</styleUrl>
                <Point id="439">
                    <coordinates>28.893333333333,41.108055555556,0.0</coordinates>
                </Point>
            </Placemark>
            <Placemark id="442">
                <name>Consulate General of the United States, Istanbul</name>
                <description>                    category  : consulate general &lt;br&gt;   
                    sitelinks : 3.0 &lt;br&gt;   
                    articleEN : https://en.wikipedia.org/wiki/Consulate_General_of_the_United_States,_Istanbul &lt;br&gt;             
                    articleDE :  &lt;br&gt;              
                    wikidata_link : http://www.wikidata.org/entity/Q20988546</description>
                <styleUrl>#34</styleUrl>
                <Point id="441">
                    <coordinates>29.046944444444,41.118055555556,0.0</coordinates>
                </Point>
            </Placemark>
            <Placemark id="444">
                <name>American Hospital</name>
                <description>                    category  : private hospital &lt;br&gt;   
                    sitelinks : 3.0 &lt;br&gt;   
                    articleEN : https://en.wikipedia.org/wiki/American_Hospital_(Istanbul) &lt;br&gt;             
                    articleDE :  &lt;br&gt;              
                    wikidata_link : http://www.wikidata.org/entity/Q20476459</description>
                <styleUrl>#34</styleUrl>
                <Point id="443">
                    <coordinates>28.995,41.053338888889,0.0</coordinates>
                </Point>
            </Placemark>
            <Placemark id="446">
                <name>Hidayet Mosque</name>
                <description>                    category  : architectural structure &lt;br&gt;   
                    sitelinks : 3.0 &lt;br&gt;   
                    articleEN : https://en.wikipedia.org/wiki/Hidayet_Mosque &lt;br&gt;             
                    articleDE :  &lt;br&gt;              
                    wikidata_link : http://www.wikidata.org/entity/Q20474894</description>
                <styleUrl>#34</styleUrl>
                <Point id="445">
                    <coordinates>28.973883959742,41.016695372012,0.0</coordinates>
                </Point>
            </Placemark>
            <Placemark id="448">
                <name>Bakırköy Women's Prison</name>
                <description>                    category  : prison &lt;br&gt;   
                    sitelinks : 3.0 &lt;br&gt;   
                    articleEN : https://en.wikipedia.org/wiki/Bak%C4%B1rk%C3%B6y_Women%27s_Prison &lt;br&gt;             
                    articleDE :  &lt;br&gt;              
                    wikidata_link : http://www.wikidata.org/entity/Q20471518</description>
                <styleUrl>#34</styleUrl>
                <Point id="447">
                    <coordinates>28.857,40.99,0.0</coordinates>
                </Point>
            </Placemark>
            <Placemark id="450">
                <name>The Feeler</name>
                <description>                    category  : sculpture &lt;br&gt;   
                    sitelinks : 3.0 &lt;br&gt;   
                    articleEN : https://en.wikipedia.org/wiki/The_Feeler &lt;br&gt;             
                    articleDE :  &lt;br&gt;              
                    wikidata_link : http://www.wikidata.org/entity/Q20470443</description>
                <styleUrl>#34</styleUrl>
                <Point id="449">
                    <coordinates>29.0390278,41.024862,0.0</coordinates>
                </Point>
            </Placemark>
            <Placemark id="452">
                <name>Ilhan Selçuk and the Enlightenment Instigators of the Republic Monument</name>
                <description>                    category  : monument &lt;br&gt;   
                    sitelinks : 3.0 &lt;br&gt;   
                    articleEN : https://en.wikipedia.org/wiki/Ilhan_Sel%C3%A7uk_and_the_Enlightenment_Instigators_of_the_Republic_Monument &lt;br&gt;             
                    articleDE :  &lt;br&gt;              
                    wikidata_link : http://www.wikidata.org/entity/Q19613704</description>
                <styleUrl>#34</styleUrl>
                <Point id="451">
                    <coordinates>29.027638888889,41.075583333333,0.0</coordinates>
                </Point>
            </Placemark>
            <Placemark id="454">
                <name>Badawi Tekke of Beylerbeyi</name>
                <description>                    category  : Sufi lodge &lt;br&gt;   
                    sitelinks : 3.0 &lt;br&gt;   
                    articleEN : https://en.wikipedia.org/wiki/Badawi_Tekke_of_Beylerbeyi &lt;br&gt;             
                    articleDE :  &lt;br&gt;              
                    wikidata_link : http://www.wikidata.org/entity/Q18979885</description>
                <styleUrl>#34</styleUrl>
                <Point id="453">
                    <coordinates>29.045475,41.041379,0.0</coordinates>
                </Point>
            </Placemark>
            <Placemark id="456">
                <name>Cebeci Sport Hall</name>
                <description>                    category  : sports venue &lt;br&gt;   
                    sitelinks : 3.0 &lt;br&gt;   
                    articleEN : https://en.wikipedia.org/wiki/Cebeci_Sport_Hall &lt;br&gt;             
                    articleDE :  &lt;br&gt;              
                    wikidata_link : http://www.wikidata.org/entity/Q18712153</description>
                <styleUrl>#34</styleUrl>
                <Point id="455">
                    <coordinates>28.8757,41.1079,0.0</coordinates>
                </Point>
            </Placemark>
            <Placemark id="458">
                <name>Istanbul Japanese School</name>
                <description>                    category  : nihonjin gakkō &lt;br&gt;   
                    sitelinks : 3.0 &lt;br&gt;   
                    articleEN : https://en.wikipedia.org/wiki/Istanbul_Japanese_School &lt;br&gt;             
                    articleDE :  &lt;br&gt;              
                    wikidata_link : http://www.wikidata.org/entity/Q16850285</description>
                <styleUrl>#34</styleUrl>
                <Point id="457">
                    <coordinates>29.0300571,41.0769548,0.0</coordinates>
                </Point>
            </Placemark>
            <Placemark id="460">
                <name>Monastery of the Transfiguration, Kinaliada</name>
                <description>                    category  : monastery &lt;br&gt;   
                    sitelinks : 3.0 &lt;br&gt;   
                    articleEN : https://en.wikipedia.org/wiki/Monastery_of_the_Transfiguration,_Kinaliada &lt;br&gt;             
                    articleDE :  &lt;br&gt;              
                    wikidata_link : http://www.wikidata.org/entity/Q15255059</description>
                <styleUrl>#34</styleUrl>
                <Point id="459">
                    <coordinates>29.050243,40.905869,0.0</coordinates>
                </Point>
            </Placemark>
            <Placemark id="462">
                <name>Şairler Sofası</name>
                <description>                    category  : building &lt;br&gt;   
                    sitelinks : 3.0 &lt;br&gt;   
                    articleEN : https://en.wikipedia.org/wiki/%C5%9Eairler_Sofas%C4%B1 &lt;br&gt;             
                    articleDE :  &lt;br&gt;              
                    wikidata_link : http://www.wikidata.org/entity/Q12813039</description>
                <styleUrl>#34</styleUrl>
                <Point id="461">
                    <coordinates>29.00039,41.04213,0.0</coordinates>
                </Point>
            </Placemark>
            <Placemark id="464">
                <name>Nişantaşı Anadolu Lisesi</name>
                <description>                    category  : school building &lt;br&gt;   
                    sitelinks : 3.0 &lt;br&gt;   
                    articleEN : https://en.wikipedia.org/wiki/Ni%C5%9Fanta%C5%9F%C4%B1_Anatolian_High_School &lt;br&gt;             
                    articleDE :  &lt;br&gt;              
                    wikidata_link : http://www.wikidata.org/entity/Q12811176</description>
                <styleUrl>#34</styleUrl>
                <Point id="463">
                    <coordinates>28.99388889,41.05361111,0.0</coordinates>
                </Point>
            </Placemark>
            <Placemark id="466">
                <name>Istanbul Commerce University Faculty of Law</name>
                <description>                    category  : faculty &lt;br&gt;   
                    sitelinks : 3.0 &lt;br&gt;   
                    articleEN : https://en.wikipedia.org/wiki/Istanbul_Commerce_University_Faculty_of_Law &lt;br&gt;             
                    articleDE :  &lt;br&gt;              
                    wikidata_link : http://www.wikidata.org/entity/Q9206655</description>
                <styleUrl>#34</styleUrl>
                <Point id="465">
                    <coordinates>28.950214,41.060214,0.0</coordinates>
                </Point>
            </Placemark>
            <Placemark id="468">
                <name>Yavuz Sultan Selim Madras</name>
                <description>                    category  : madrasa &lt;br&gt;   
                    sitelinks : 3.0 &lt;br&gt;   
                    articleEN : https://en.wikipedia.org/wiki/Yavuz_Sultan_Selim_Medrese &lt;br&gt;             
                    articleDE :  &lt;br&gt;              
                    wikidata_link : http://www.wikidata.org/entity/Q8050419</description>
                <styleUrl>#34</styleUrl>
                <Point id="467">
                    <coordinates>28.942137128552,41.016784691766,0.0</coordinates>
                </Point>
            </Placemark>
            <Placemark id="470">
                <name>Vehbi Koç Foundation</name>
                <description>                    category  : foundation &lt;br&gt;   
                    sitelinks : 3.0 &lt;br&gt;   
                    articleEN : https://en.wikipedia.org/wiki/Vehbi_Ko%C3%A7_Foundation &lt;br&gt;             
                    articleDE :  &lt;br&gt;              
                    wikidata_link : http://www.wikidata.org/entity/Q7918404</description>
                <styleUrl>#34</styleUrl>
                <Point id="469">
                    <coordinates>29.0372,41.032,0.0</coordinates>
                </Point>
            </Placemark>
            <Placemark id="472">
                <name>Silivrikapı Ice Rink and Sport Facility</name>
                <description>                    category  : sports venue &lt;br&gt;   
                    sitelinks : 3.0 &lt;br&gt;   
                    articleEN : https://en.wikipedia.org/wiki/Silivrikap%C4%B1_Ice_Skating_Hall &lt;br&gt;             
                    articleDE :  &lt;br&gt;              
                    wikidata_link : http://www.wikidata.org/entity/Q7515106</description>
                <styleUrl>#34</styleUrl>
                <Point id="471">
                    <coordinates>28.92208,41.00344,0.0</coordinates>
                </Point>
            </Placemark>
            <Placemark id="474">
                <name>Ora arena</name>
                <description>                    category  : theatre building &lt;br&gt;   
                    sitelinks : 3.0 &lt;br&gt;   
                    articleEN : https://en.wikipedia.org/wiki/Ora_Arena &lt;br&gt;             
                    articleDE :  &lt;br&gt;              
                    wikidata_link : http://www.wikidata.org/entity/Q7099206</description>
                <styleUrl>#34</styleUrl>
                <Point id="473">
                    <coordinates>28.886908,41.043067,0.0</coordinates>
                </Point>
            </Placemark>
            <Placemark id="476">
                <name>Kağıthane-Piyalepaşa Tunnel</name>
                <description>                    category  : road tunnel &lt;br&gt;   
                    sitelinks : 3.0 &lt;br&gt;   
                    articleEN : https://en.wikipedia.org/wiki/Ka%C4%9F%C4%B1thane%E2%80%93Piyalepa%C5%9Fa_Tunnel &lt;br&gt;             
                    articleDE :  &lt;br&gt;              
                    wikidata_link : http://www.wikidata.org/entity/Q6381864</description>
                <styleUrl>#34</styleUrl>
                <Point id="475">
                    <coordinates>28.96947222,41.05441667,0.0</coordinates>
                </Point>
            </Placemark>
            <Placemark id="478">
                <name>Vefa High School</name>
                <description>                    category  : school building &lt;br&gt;   
                    sitelinks : 3.0 &lt;br&gt;   
                    articleEN : https://en.wikipedia.org/wiki/Vefa_High_School &lt;br&gt;             
                    articleDE :  &lt;br&gt;              
                    wikidata_link : http://www.wikidata.org/entity/Q6098789</description>
                <styleUrl>#34</styleUrl>
                <Point id="477">
                    <coordinates>28.958404,41.014337,0.0</coordinates>
                </Point>
            </Placemark>
            <Placemark id="480">
                <name>Istanbul Chamber of Commerce</name>
                <description>                    category  : historic building &lt;br&gt;   
                    sitelinks : 3.0 &lt;br&gt;   
                    articleEN : https://en.wikipedia.org/wiki/Istanbul_Chamber_of_Commerce &lt;br&gt;             
                    articleDE :  &lt;br&gt;              
                    wikidata_link : http://www.wikidata.org/entity/Q6088611</description>
                <styleUrl>#34</styleUrl>
                <Point id="479">
                    <coordinates>28.9741917,41.0168076,0.0</coordinates>
                </Point>
            </Placemark>
            <Placemark id="482">
                <name>Bezmiâlem Foundation University</name>
                <description>                    category  : nonprofit organization &lt;br&gt;   
                    sitelinks : 3.0 &lt;br&gt;   
                    articleEN : https://en.wikipedia.org/wiki/Bezmialem_Vak%C4%B1f_University &lt;br&gt;             
                    articleDE :  &lt;br&gt;              
                    wikidata_link : http://www.wikidata.org/entity/Q6082806</description>
                <styleUrl>#34</styleUrl>
                <Point id="481">
                    <coordinates>28.93611111,41.01833333,0.0</coordinates>
                </Point>
            </Placemark>
            <Placemark id="484">
                <name>Atlas Cinema</name>
                <description>                    category  : movie theater &lt;br&gt;   
                    sitelinks : 3.0 &lt;br&gt;   
                    articleEN : https://en.wikipedia.org/wiki/Atlas_Cinema &lt;br&gt;             
                    articleDE :  &lt;br&gt;              
                    wikidata_link : http://www.wikidata.org/entity/Q6065720</description>
                <styleUrl>#34</styleUrl>
                <Point id="483">
                    <coordinates>28.979583333333,41.033888888889,0.0</coordinates>
                </Point>
            </Placemark>
            <Placemark id="486">
                <name>Cemil Meriç</name>
                <description>                    category  : mahalle &lt;br&gt;   
                    sitelinks : 3.0 &lt;br&gt;   
                    articleEN : https://en.wikipedia.org/wiki/Cemil_Meri%C3%A7,_%C3%9Cmraniye &lt;br&gt;             
                    articleDE :  &lt;br&gt;              
                    wikidata_link : http://www.wikidata.org/entity/Q6063793</description>
                <styleUrl>#34</styleUrl>
                <Point id="485">
                    <coordinates>29.1425904,41.0200554,0.0</coordinates>
                </Point>
            </Placemark>
            <Placemark id="488">
                <name>Ihlamurkuyu</name>
                <description>                    category  : mahalle &lt;br&gt;   
                    sitelinks : 3.0 &lt;br&gt;   
                    articleEN : https://en.wikipedia.org/wiki/Ihlamurkuyu &lt;br&gt;             
                    articleDE :  &lt;br&gt;              
                    wikidata_link : http://www.wikidata.org/entity/Q6063684</description>
                <styleUrl>#34</styleUrl>
                <Point id="487">
                    <coordinates>29.1351889,41.0191243,0.0</coordinates>
                </Point>
            </Placemark>
            <Placemark id="490">
                <name>Bayrampaşa Cezaevi</name>
                <description>                    category  : prison &lt;br&gt;   
                    sitelinks : 3.0 &lt;br&gt;   
                    articleEN : https://en.wikipedia.org/wiki/Bayrampa%C5%9Fa_Prison &lt;br&gt;             
                    articleDE :  &lt;br&gt;              
                    wikidata_link : http://www.wikidata.org/entity/Q6056811</description>
                <styleUrl>#34</styleUrl>
                <Point id="489">
                    <coordinates>28.90347222,41.04416667,0.0</coordinates>
                </Point>
            </Placemark>
            <Placemark id="492">
                <name>Banking Regulation and Supervision Agency</name>
                <description>                    category  : government agency &lt;br&gt;   
                    sitelinks : 3.0 &lt;br&gt;   
                    articleEN : https://en.wikipedia.org/wiki/Banking_Regulation_and_Supervision_Agency &lt;br&gt;             
                    articleDE :  &lt;br&gt;              
                    wikidata_link : http://www.wikidata.org/entity/Q6047532</description>
                <styleUrl>#34</styleUrl>
                <Point id="491">
                    <coordinates>29.010277777778,41.068333333333,0.0</coordinates>
                </Point>
            </Placemark>
            <Placemark id="494">
                <name>Narmanlı Han</name>
                <description>                    category  : building &lt;br&gt;   
                    sitelinks : 3.0 &lt;br&gt;   
                    articleEN : https://en.wikipedia.org/wiki/Narmanl%C4%B1_Han &lt;br&gt;             
                    articleDE :  &lt;br&gt;              
                    wikidata_link : http://www.wikidata.org/entity/Q6039786</description>
                <styleUrl>#34</styleUrl>
                <Point id="493">
                    <coordinates>28.974941909702,41.029203264171,0.0</coordinates>
                </Point>
            </Placemark>
            <Placemark id="496">
                <name>Kürkçü Han</name>
                <description>                    category  : caravanserai &lt;br&gt;   
                    sitelinks : 3.0 &lt;br&gt;   
                    articleEN : https://en.wikipedia.org/wiki/K%C3%BCrk%C3%A7%C3%BC_Han &lt;br&gt;             
                    articleDE :  &lt;br&gt;              
                    wikidata_link : http://www.wikidata.org/entity/Q6025313</description>
                <styleUrl>#34</styleUrl>
                <Point id="495">
                    <coordinates>28.970083333333,41.013111111111,0.0</coordinates>
                </Point>
            </Placemark>
            <Placemark id="498">
                <name>Fenerbahçe Lefter Küçükandonyadis Sports Complex</name>
                <description>                    category  : association football training venue &lt;br&gt;   
                    sitelinks : 3.0 &lt;br&gt;   
                    articleEN : https://en.wikipedia.org/wiki/Fenerbah%C3%A7e_Lefter_K%C3%BC%C3%A7%C3%BCkandonyadis_Sports_Complex &lt;br&gt;             
                    articleDE :  &lt;br&gt;              
                    wikidata_link : http://www.wikidata.org/entity/Q6012401</description>
                <styleUrl>#34</styleUrl>
                <Point id="497">
                    <coordinates>29.036194444444,40.983194444444,0.0</coordinates>
                </Point>
            </Placemark>
            <Placemark id="500">
                <name>ITU Suleyman Demirel Cultural Center</name>
                <description>                    category  : building &lt;br&gt;   
                    sitelinks : 3.0 &lt;br&gt;   
                    articleEN : https://en.wikipedia.org/wiki/Istanbul_Technical_University_S%C3%BCleyman_Demirel_Cultural_Center &lt;br&gt;             
                    articleDE :  &lt;br&gt;              
                    wikidata_link : http://www.wikidata.org/entity/Q5975007</description>
                <styleUrl>#34</styleUrl>
                <Point id="499">
                    <coordinates>29.023027777778,41.107111111111,0.0</coordinates>
                </Point>
            </Placemark>
            <Placemark id="502">
                <name>İstanbul Institute of Technology Mustafa İnan Library</name>
                <description>                    category  : architectural structure &lt;br&gt;   
                    sitelinks : 3.0 &lt;br&gt;   
                    articleEN : https://en.wikipedia.org/wiki/Mustafa_Inan_Library &lt;br&gt;             
                    articleDE :  &lt;br&gt;              
                    wikidata_link : http://www.wikidata.org/entity/Q5974966</description>
                <styleUrl>#34</styleUrl>
                <Point id="501">
                    <coordinates>29.021,41.103694444444,0.0</coordinates>
                </Point>
            </Placemark>
            <Placemark id="504">
                <name>Hüseyin Avni Sözen Anadolu Lisesi</name>
                <description>                    category  : Anatolian High School &lt;br&gt;   
                    sitelinks : 3.0 &lt;br&gt;   
                    articleEN : https://en.wikipedia.org/wiki/H%C3%BCseyin_Avni_S%C3%B6zen_Anatolian_High_School &lt;br&gt;             
                    articleDE :  &lt;br&gt;              
                    wikidata_link : http://www.wikidata.org/entity/Q5964962</description>
                <styleUrl>#34</styleUrl>
                <Point id="503">
                    <coordinates>29.0387696,41.0138222,0.0</coordinates>
                </Point>
            </Placemark>
            <Placemark id="506">
                <name>Haldun Alagaş Sports Hall</name>
                <description>                    category  : sports venue &lt;br&gt;   
                    sitelinks : 3.0 &lt;br&gt;   
                    articleEN : https://en.wikipedia.org/wiki/Haldun_Alaga%C5%9F_Sports_Hall &lt;br&gt;             
                    articleDE :  &lt;br&gt;              
                    wikidata_link : http://www.wikidata.org/entity/Q5641328</description>
                <styleUrl>#34</styleUrl>
                <Point id="505">
                    <coordinates>29.10466,41.0252,0.0</coordinates>
                </Point>
            </Placemark>
            <Placemark id="508">
                <name>Fenerbahçe Rowing</name>
                <description>                    category  : rowing club &lt;br&gt;   
                    sitelinks : 3.0 &lt;br&gt;   
                    articleEN : https://en.wikipedia.org/wiki/Fenerbah%C3%A7e_S.K._(rowing) &lt;br&gt;             
                    articleDE :  &lt;br&gt;              
                    wikidata_link : http://www.wikidata.org/entity/Q5443323</description>
                <styleUrl>#34</styleUrl>
                <Point id="507">
                    <coordinates>29.0349,40.9822,0.0</coordinates>
                </Point>
            </Placemark>
            <Placemark id="510">
                <name>Dolmabahçe-Bomonti Tunnel</name>
                <description>                    category  : road tunnel &lt;br&gt;   
                    sitelinks : 3.0 &lt;br&gt;   
                    articleEN : https://en.wikipedia.org/wiki/Dolmabah%C3%A7e%E2%80%93Bomonti_Tunnel &lt;br&gt;             
                    articleDE :  &lt;br&gt;              
                    wikidata_link : http://www.wikidata.org/entity/Q5289382</description>
                <styleUrl>#34</styleUrl>
                <Point id="509">
                    <coordinates>28.992583055556,41.042083055556,0.0</coordinates>
                </Point>
            </Placemark>
            <Placemark id="512">
                <name>Darüşşafaka High School</name>
                <description>                    category  : high school &lt;br&gt;   
                    sitelinks : 3.0 &lt;br&gt;   
                    articleEN : https://en.wikipedia.org/wiki/Dar%C3%BC%C5%9F%C5%9Fafaka_High_School &lt;br&gt;             
                    articleDE :  &lt;br&gt;              
                    wikidata_link : http://www.wikidata.org/entity/Q5226327</description>
                <styleUrl>#34</styleUrl>
                <Point id="511">
                    <coordinates>29.02764722,41.12613611,0.0</coordinates>
                </Point>
            </Placemark>
            <Placemark id="514">
                <name>Caferağa Sports Hall</name>
                <description>                    category  : sports venue &lt;br&gt;   
                    sitelinks : 3.0 &lt;br&gt;   
                    articleEN : https://en.wikipedia.org/wiki/Cafera%C4%9Fa_Sports_Hall &lt;br&gt;             
                    articleDE :  &lt;br&gt;              
                    wikidata_link : http://www.wikidata.org/entity/Q5017128</description>
                <styleUrl>#34</styleUrl>
                <Point id="513">
                    <coordinates>29.025833,40.988333,0.0</coordinates>
                </Point>
            </Placemark>
            <Placemark id="516">
                <name>Beşiktaş Mevlevihanesi</name>
                <description>                    category  : mevlevihane &lt;br&gt;   
                    sitelinks : 3.0 &lt;br&gt;   
                    articleEN : https://en.wikipedia.org/wiki/Be%C5%9Fikta%C5%9F_Mevlevihanesi &lt;br&gt;             
                    articleDE :  &lt;br&gt;              
                    wikidata_link : http://www.wikidata.org/entity/Q4900443</description>
                <styleUrl>#34</styleUrl>
                <Point id="515">
                    <coordinates>28.9375,41.055555555556,0.0</coordinates>
                </Point>
            </Placemark>
            <Placemark id="518">
                <name>Beyoğlu Anatolian High School</name>
                <description>                    category  : high school &lt;br&gt;   
                    sitelinks : 3.0 &lt;br&gt;   
                    articleEN : https://en.wikipedia.org/wiki/Beyo%C4%9Flu_Anatolian_High_School &lt;br&gt;             
                    articleDE :  &lt;br&gt;              
                    wikidata_link : http://www.wikidata.org/entity/Q4900216</description>
                <styleUrl>#34</styleUrl>
                <Point id="517">
                    <coordinates>28.976215,41.031695,0.0</coordinates>
                </Point>
            </Placemark>
            <Placemark id="520">
                <name>Ayhan Şahenk Arena</name>
                <description>                    category  : sports venue &lt;br&gt;   
                    sitelinks : 3.0 &lt;br&gt;   
                    articleEN : https://en.wikipedia.org/wiki/Dar%C3%BC%C5%9F%C5%9Fafaka_Ayhan_%C5%9Eahenk_Sports_Hall &lt;br&gt;             
                    articleDE :  &lt;br&gt;              
                    wikidata_link : http://www.wikidata.org/entity/Q4831241</description>
                <styleUrl>#34</styleUrl>
                <Point id="519">
                    <coordinates>29.028889,41.126389,0.0</coordinates>
                </Point>
            </Placemark>
            <Placemark id="522">
                <name>Atatürk High School of Science, Istanbul</name>
                <description>                    category  : high school &lt;br&gt;   
                    sitelinks : 3.0 &lt;br&gt;   
                    articleEN : https://en.wikipedia.org/wiki/Atat%C3%BCrk_High_School_of_Science,_Istanbul &lt;br&gt;             
                    articleDE :  &lt;br&gt;              
                    wikidata_link : http://www.wikidata.org/entity/Q4812889</description>
                <styleUrl>#34</styleUrl>
                <Point id="521">
                    <coordinates>29.0525,40.98888889,0.0</coordinates>
                </Point>
            </Placemark>
            <Placemark id="524">
                <name>Ahmet Cömert Sport Hall</name>
                <description>                    category  : sports venue &lt;br&gt;   
                    sitelinks : 3.0 &lt;br&gt;   
                    articleEN : https://en.wikipedia.org/wiki/Ahmet_C%C3%B6mert_Sport_Hall &lt;br&gt;             
                    articleDE :  &lt;br&gt;              
                    wikidata_link : http://www.wikidata.org/entity/Q4696159</description>
                <styleUrl>#34</styleUrl>
                <Point id="523">
                    <coordinates>28.85548,40.98714,0.0</coordinates>
                </Point>
            </Placemark>
            <Placemark id="526">
                <name>2012 Istanbul rally to commemorate the Khojaly massacre</name>
                <description>                    category  : demonstration &lt;br&gt;   
                    sitelinks : 3.0 &lt;br&gt;   
                    articleEN : https://en.wikipedia.org/wiki/2012_Istanbul_rally_to_commemorate_the_Khojaly_massacre &lt;br&gt;             
                    articleDE :  &lt;br&gt;              
                    wikidata_link : http://www.wikidata.org/entity/Q4625883</description>
                <styleUrl>#34</styleUrl>
                <Point id="525">
                    <coordinates>28.9858,41.0369,0.0</coordinates>
                </Point>
            </Placemark>
            <Placemark id="528">
                <name>Güngören M.Yahya Baş Stadium</name>
                <description>                    category  : stadium &lt;br&gt;   
                    sitelinks : 3.0 &lt;br&gt;   
                    articleEN : https://en.wikipedia.org/wiki/G%C3%BCng%C3%B6ren_M.Yahya_Ba%C5%9F_Stadium &lt;br&gt;             
                    articleDE :  &lt;br&gt;              
                    wikidata_link : http://www.wikidata.org/entity/Q4026180</description>
                <styleUrl>#34</styleUrl>
                <Point id="527">
                    <coordinates>28.87981389,41.023775,0.0</coordinates>
                </Point>
            </Placemark>
            <Placemark id="530">
                <name>Pudding Shop</name>
                <description>                    category  : shop &lt;br&gt;   
                    sitelinks : 3.0 &lt;br&gt;   
                    articleEN : https://en.wikipedia.org/wiki/Pudding_Shop &lt;br&gt;             
                    articleDE :  &lt;br&gt;              
                    wikidata_link : http://www.wikidata.org/entity/Q3410532</description>
                <styleUrl>#34</styleUrl>
                <Point id="529">
                    <coordinates>28.97719,41.00805,0.0</coordinates>
                </Point>
            </Placemark>
            <Placemark id="532">
                <name>Kal Kados, Corapci Han Synagogue</name>
                <description>                    category  : synagogue &lt;br&gt;   
                    sitelinks : 3.0 &lt;br&gt;   
                    articleEN : https://en.wikipedia.org/wiki/Kal_Kados,_Corapci_Han_Synagogue &lt;br&gt;             
                    articleDE :  &lt;br&gt;              
                    wikidata_link : http://www.wikidata.org/entity/Q3404724</description>
                <styleUrl>#34</styleUrl>
                <Point id="531">
                    <coordinates>28.969861111111,41.014333333333,0.0</coordinates>
                </Point>
            </Placemark>
            <Placemark id="534">
                <name>Erenköy Girls High School</name>
                <description>                    category  : high school &lt;br&gt;   
                    sitelinks : 3.0 &lt;br&gt;   
                    articleEN : https://en.wikipedia.org/wiki/Erenk%C3%B6y_Girls_High_School &lt;br&gt;             
                    articleDE :  &lt;br&gt;              
                    wikidata_link : http://www.wikidata.org/entity/Q3210868</description>
                <styleUrl>#34</styleUrl>
                <Point id="533">
                    <coordinates>29.07333333,40.97722222,0.0</coordinates>
                </Point>
            </Placemark>
            <Placemark id="536">
                <name>Beşiktaş Atatürk Anadolu Lisesi</name>
                <description>                    category  : academic institution &lt;br&gt;   
                    sitelinks : 3.0 &lt;br&gt;   
                    articleEN : https://en.wikipedia.org/wiki/Be%C5%9Fikta%C5%9F_Atat%C3%BCrk_Anatolian_High_School &lt;br&gt;             
                    articleDE :  &lt;br&gt;              
                    wikidata_link : http://www.wikidata.org/entity/Q2900590</description>
                <styleUrl>#34</styleUrl>
                <Point id="535">
                    <coordinates>29.013594444444,41.091252777778,0.0</coordinates>
                </Point>
            </Placemark>
            <Placemark id="538">
                <name>Army War Institute</name>
                <description>                    category  : military school &lt;br&gt;   
                    sitelinks : 3.0 &lt;br&gt;   
                    articleEN : https://en.wikipedia.org/wiki/Army_War_Institute &lt;br&gt;             
                    articleDE : https://de.wikipedia.org/wiki/Kara_Harp_Akademisi &lt;br&gt;              
                    wikidata_link : http://www.wikidata.org/entity/Q16825499</description>
                <styleUrl>#34</styleUrl>
                <Point id="537">
                    <coordinates>29.013720761486,41.100046770329,0.0</coordinates>
                </Point>
            </Placemark>
            <Placemark id="540">
                <name>İskender Baba Lodge</name>
                <description>                    category  : Sufi lodge &lt;br&gt;   
                    sitelinks : 3.0 &lt;br&gt;   
                    articleEN :  &lt;br&gt;             
                    articleDE : https://de.wikipedia.org/wiki/Kaymak%C3%A7%C4%B1-Tekke &lt;br&gt;              
                    wikidata_link : http://www.wikidata.org/entity/Q18087897</description>
                <styleUrl>#34</styleUrl>
                <Point id="539">
                    <coordinates>29.017166666667,41.01875,0.0</coordinates>
                </Point>
            </Placemark>
            <Placemark id="542">
                <name>Sanctus Angelus Monastery in Petra</name>
                <description>                    category  : abbey &lt;br&gt;   
                    sitelinks : 3.0 &lt;br&gt;   
                    articleEN :  &lt;br&gt;             
                    articleDE : https://de.wikipedia.org/wiki/Kloster_Sanctus_Angelus_in_Petra &lt;br&gt;              
                    wikidata_link : http://www.wikidata.org/entity/Q1775929</description>
                <styleUrl>#34</styleUrl>
                <Point id="541">
                    <coordinates>28.957222222222,41.019722222222,0.0</coordinates>
                </Point>
            </Placemark>
            <Placemark id="544">
                <name>Borusan Istanbul Philharmonic Orchestra</name>
                <description>                    category  : symphony orchestra &lt;br&gt;   
                    sitelinks : 3.0 &lt;br&gt;   
                    articleEN : https://en.wikipedia.org/wiki/Borusan_Istanbul_Philharmonic_Orchestra &lt;br&gt;             
                    articleDE : https://de.wikipedia.org/wiki/Borusan_Istanbul_Philharmonic_Orchestra &lt;br&gt;              
                    wikidata_link : http://www.wikidata.org/entity/Q894268</description>
                <styleUrl>#34</styleUrl>
                <Point id="543">
                    <coordinates>28.97567,41.03038,0.0</coordinates>
                </Point>
            </Placemark>
            <Placemark id="546">
                <name>Doğan apartments</name>
                <description>                    category  : architectural structure &lt;br&gt;   
                    sitelinks : 3.0 &lt;br&gt;   
                    articleEN :  &lt;br&gt;             
                    articleDE : https://de.wikipedia.org/wiki/Do%C4%9Fan_Apartman%C4%B1 &lt;br&gt;              
                    wikidata_link : http://www.wikidata.org/entity/Q1253624</description>
                <styleUrl>#34</styleUrl>
                <Point id="545">
                    <coordinates>28.97611111,41.02729167,0.0</coordinates>
                </Point>
            </Placemark>
            <Placemark id="548">
                <name>2008 United States consulate in Istanbul attack</name>
                <description>                    category  : shooting attack &lt;br&gt;   
                    sitelinks : 3.0 &lt;br&gt;   
                    articleEN : https://en.wikipedia.org/wiki/2008_United_States_consulate_in_Istanbul_attack &lt;br&gt;             
                    articleDE : https://de.wikipedia.org/wiki/Anschlag_in_Istanbul_am_9._Juli_2008 &lt;br&gt;              
                    wikidata_link : http://www.wikidata.org/entity/Q4612173</description>
                <styleUrl>#34</styleUrl>
                <Point id="547">
                    <coordinates>29.0469,41.1173,0.0</coordinates>
                </Point>
            </Placemark>
            <Placemark id="550">
                <name>Jasim An-Najafi</name>
                <description>                    category  : research center &lt;br&gt;   
                    sitelinks : 3.0 &lt;br&gt;   
                    articleEN :  &lt;br&gt;             
                    articleDE : https://de.wikipedia.org/wiki/Forschungszentrum_f%C3%BCr_islamische_Geschichte,_Kunst_und_Kultur &lt;br&gt;              
                    wikidata_link : http://www.wikidata.org/entity/Q1438176</description>
                <styleUrl>#34</styleUrl>
                <Point id="549">
                    <coordinates>29.01111111,41.04944444,0.0</coordinates>
                </Point>
            </Placemark>
            <Placemark id="552">
                <name>Esayan Armenian School</name>
                <description>                    category  : secondary school &lt;br&gt;   
                    sitelinks : 4.0 &lt;br&gt;   
                    articleEN :  &lt;br&gt;             
                    articleDE : https://de.wikipedia.org/wiki/Esayan_Ermeni_Okulu &lt;br&gt;              
                    wikidata_link : http://www.wikidata.org/entity/Q20471632</description>
                <styleUrl>#34</styleUrl>
                <Point id="551">
                    <coordinates>28.9840088,41.0350609,0.0</coordinates>
                </Point>
            </Placemark>
            <Placemark id="554">
                <name>Atatürk Library</name>
                <description>                    category  : architectural structure &lt;br&gt;   
                    sitelinks : 4.0 &lt;br&gt;   
                    articleEN :  &lt;br&gt;             
                    articleDE : https://de.wikipedia.org/wiki/Atat%C3%BCrk-Bibliothek &lt;br&gt;              
                    wikidata_link : http://www.wikidata.org/entity/Q28836336</description>
                <styleUrl>#34</styleUrl>
                <Point id="553">
                    <coordinates>28.9894666667,41.03915,0.0</coordinates>
                </Point>
            </Placemark>
            <Placemark id="556">
                <name>Prank of Bardakçı Baba</name>
                <description>                    category  : hoax &lt;br&gt;   
                    sitelinks : 4.0 &lt;br&gt;   
                    articleEN : https://en.wikipedia.org/wiki/Prank_of_Bardak%C3%A7%C4%B1_Baba &lt;br&gt;             
                    articleDE :  &lt;br&gt;              
                    wikidata_link : http://www.wikidata.org/entity/Q131103810</description>
                <styleUrl>#34</styleUrl>
                <Point id="555">
                    <coordinates>28.998,41.0584,0.0</coordinates>
                </Point>
            </Placemark>
            <Placemark id="558">
                <name>Zeyrek Çinili Hamam</name>
                <description>                    category  : hammam &lt;br&gt;   
                    sitelinks : 4.0 &lt;br&gt;   
                    articleEN : https://en.wikipedia.org/wiki/Zeyrek_%C3%87inili_Hamam &lt;br&gt;             
                    articleDE :  &lt;br&gt;              
                    wikidata_link : http://www.wikidata.org/entity/Q128412143</description>
                <styleUrl>#34</styleUrl>
                <Point id="557">
                    <coordinates>28.95644,41.01812,0.0</coordinates>
                </Point>
            </Placemark>
            <Placemark id="560">
                <name>Statue of Pope John XXIII</name>
                <description>                    category  : portrait statue &lt;br&gt;   
                    sitelinks : 4.0 &lt;br&gt;   
                    articleEN : https://en.wikipedia.org/wiki/Statue_of_Pope_John_XXIII &lt;br&gt;             
                    articleDE :  &lt;br&gt;              
                    wikidata_link : http://www.wikidata.org/entity/Q123521005</description>
                <styleUrl>#34</styleUrl>
                <Point id="559">
                    <coordinates>28.9767818,41.032341,0.0</coordinates>
                </Point>
            </Placemark>
            <Placemark id="562">
                <name>Çorbacı Fountain</name>
                <description>                    category  : fountain &lt;br&gt;   
                    sitelinks : 4.0 &lt;br&gt;   
                    articleEN : https://en.wikipedia.org/wiki/%C3%87orbac%C4%B1_Fountain &lt;br&gt;             
                    articleDE :  &lt;br&gt;              
                    wikidata_link : http://www.wikidata.org/entity/Q116207483</description>
                <styleUrl>#34</styleUrl>
                <Point id="561">
                    <coordinates>28.947604,41.031148,0.0</coordinates>
                </Point>
            </Placemark>
            <Placemark id="564">
                <name>Rami Library</name>
                <description>                    category  : library &lt;br&gt;   
                    sitelinks : 4.0 &lt;br&gt;   
                    articleEN : https://en.wikipedia.org/wiki/Rami_Library &lt;br&gt;             
                    articleDE :  &lt;br&gt;              
                    wikidata_link : http://www.wikidata.org/entity/Q116189093</description>
                <styleUrl>#34</styleUrl>
                <Point id="563">
                    <coordinates>28.915566728839,41.048916175044,0.0</coordinates>
                </Point>
            </Placemark>
            <Placemark id="566">
                <name>Arif Sarıca Mansion</name>
                <description>                    category  : historic building &lt;br&gt;   
                    sitelinks : 4.0 &lt;br&gt;   
                    articleEN : https://en.wikipedia.org/wiki/Arif_Sar%C4%B1ca_Mansion &lt;br&gt;             
                    articleDE :  &lt;br&gt;              
                    wikidata_link : http://www.wikidata.org/entity/Q114044062</description>
                <styleUrl>#34</styleUrl>
                <Point id="565">
                    <coordinates>29.02336,40.98169,0.0</coordinates>
                </Point>
            </Placemark>
            <Placemark id="568">
                <name>Mihrişah Sultan Complex</name>
                <description>                    category  : külliye &lt;br&gt;   
                    sitelinks : 4.0 &lt;br&gt;   
                    articleEN : https://en.wikipedia.org/wiki/Mihri%C5%9Fah_Sultan_Complex &lt;br&gt;             
                    articleDE :  &lt;br&gt;              
                    wikidata_link : http://www.wikidata.org/entity/Q111940451</description>
                <styleUrl>#34</styleUrl>
                <Point id="567">
                    <coordinates>28.934694444444,41.048555555556,0.0</coordinates>
                </Point>
            </Placemark>
            <Placemark id="570">
                <name>Ragıp Pasha Mansion</name>
                <description>                    category  : pavilion &lt;br&gt;   
                    sitelinks : 4.0 &lt;br&gt;   
                    articleEN : https://en.wikipedia.org/wiki/Rag%C4%B1p_Pasha_Mansion &lt;br&gt;             
                    articleDE :  &lt;br&gt;              
                    wikidata_link : http://www.wikidata.org/entity/Q111327320</description>
                <styleUrl>#34</styleUrl>
                <Point id="569">
                    <coordinates>29.062169,40.963128,0.0</coordinates>
                </Point>
            </Placemark>
            <Placemark id="572">
                <name>Madame Tussauds Istanbul</name>
                <description>                    category  : wax museum &lt;br&gt;   
                    sitelinks : 4.0 &lt;br&gt;   
                    articleEN : https://en.wikipedia.org/wiki/Madame_Tussauds_Istanbul &lt;br&gt;             
                    articleDE :  &lt;br&gt;              
                    wikidata_link : http://www.wikidata.org/entity/Q110538685</description>
                <styleUrl>#34</styleUrl>
                <Point id="571">
                    <coordinates>28.979717,41.034531,0.0</coordinates>
                </Point>
            </Placemark>
            <Placemark id="574">
                <name>Bostancı (M8)</name>
                <description>                    category  : interchange station &lt;br&gt;   
                    sitelinks : 4.0 &lt;br&gt;   
                    articleEN : https://en.wikipedia.org/wiki/Bostanc%C4%B1_(M8,_Istanbul_Metro) &lt;br&gt;             
                    articleDE :  &lt;br&gt;              
                    wikidata_link : http://www.wikidata.org/entity/Q107050647</description>
                <styleUrl>#34</styleUrl>
                <Point id="573">
                    <coordinates>29.09661611343,40.951762016283,0.0</coordinates>
                </Point>
            </Placemark>
            <Placemark id="576">
                <name>Mevlana</name>
                <description>                    category  : interchange station &lt;br&gt;   
                    sitelinks : 4.0 &lt;br&gt;   
                    articleEN : https://en.wikipedia.org/wiki/Mevlana_(Istanbul_Metro) &lt;br&gt;             
                    articleDE :  &lt;br&gt;              
                    wikidata_link : http://www.wikidata.org/entity/Q107050625</description>
                <styleUrl>#34</styleUrl>
                <Point id="575">
                    <coordinates>29.153381072628,40.992183942939,0.0</coordinates>
                </Point>
            </Placemark>
            <Placemark id="578">
                <name>Yoğurtçu Fountain</name>
                <description>                    category  : fountain &lt;br&gt;   
                    sitelinks : 4.0 &lt;br&gt;   
                    articleEN : https://en.wikipedia.org/wiki/Yo%C4%9Furt%C3%A7u_Fountain &lt;br&gt;             
                    articleDE :  &lt;br&gt;              
                    wikidata_link : http://www.wikidata.org/entity/Q105982169</description>
                <styleUrl>#34</styleUrl>
                <Point id="577">
                    <coordinates>29.033245,40.983613,0.0</coordinates>
                </Point>
            </Placemark>
            <Placemark id="580">
                <name>Metropol Istanbul</name>
                <description>                    category  : skyscraper &lt;br&gt;   
                    sitelinks : 4.0 &lt;br&gt;   
                    articleEN : https://en.wikipedia.org/wiki/Metropol_Istanbul &lt;br&gt;             
                    articleDE :  &lt;br&gt;              
                    wikidata_link : http://www.wikidata.org/entity/Q104804875</description>
                <styleUrl>#34</styleUrl>
                <Point id="579">
                    <coordinates>29.121861111111,40.994527777778,0.0</coordinates>
                </Point>
            </Placemark>
            <Placemark id="582">
                <name>Mahmut Pasha Hamam</name>
                <description>                    category  : building &lt;br&gt;   
                    sitelinks : 4.0 &lt;br&gt;   
                    articleEN : https://en.wikipedia.org/wiki/Mahmut_Pasha_Hamam &lt;br&gt;             
                    articleDE :  &lt;br&gt;              
                    wikidata_link : http://www.wikidata.org/entity/Q101049516</description>
                <styleUrl>#34</styleUrl>
                <Point id="581">
                    <coordinates>28.970222222222,41.012111111111,0.0</coordinates>
                </Point>
            </Placemark>
            <Placemark id="584">
                <name>Büyük Yeni Han</name>
                <description>                    category  : caravanserai &lt;br&gt;   
                    sitelinks : 4.0 &lt;br&gt;   
                    articleEN : https://en.wikipedia.org/wiki/B%C3%BCy%C3%BCk_Yeni_Han &lt;br&gt;             
                    articleDE :  &lt;br&gt;              
                    wikidata_link : http://www.wikidata.org/entity/Q101041805</description>
                <styleUrl>#34</styleUrl>
                <Point id="583">
                    <coordinates>28.969277777778,41.013388888889,0.0</coordinates>
                </Point>
            </Placemark>
            <Placemark id="586">
                <name>Avrupa Pasajı</name>
                <description>                    category  : shopping arcade &lt;br&gt;   
                    sitelinks : 4.0 &lt;br&gt;   
                    articleEN : https://en.wikipedia.org/wiki/Avrupa_Pasaj%C4%B1 &lt;br&gt;             
                    articleDE :  &lt;br&gt;              
                    wikidata_link : http://www.wikidata.org/entity/Q73524111</description>
                <styleUrl>#34</styleUrl>
                <Point id="585">
                    <coordinates>28.9771423,41.0338821,0.0</coordinates>
                </Point>
            </Placemark>
            <Placemark id="588">
                <name>Göztepe 60. Yıl Park</name>
                <description>                    category  : park &lt;br&gt;   
                    sitelinks : 4.0 &lt;br&gt;   
                    articleEN : https://en.wikipedia.org/wiki/G%C3%B6ztepe_Park &lt;br&gt;             
                    articleDE :  &lt;br&gt;              
                    wikidata_link : http://www.wikidata.org/entity/Q65219354</description>
                <styleUrl>#34</styleUrl>
                <Point id="587">
                    <coordinates>29.057777777778,40.969722222222,0.0</coordinates>
                </Point>
            </Placemark>
            <Placemark id="590">
                <name>Vedat Tek House</name>
                <description>                    category  : home &lt;br&gt;   
                    sitelinks : 4.0 &lt;br&gt;   
                    articleEN : https://en.wikipedia.org/wiki/Vedat_Tek_House &lt;br&gt;             
                    articleDE :  &lt;br&gt;              
                    wikidata_link : http://www.wikidata.org/entity/Q65053468</description>
                <styleUrl>#34</styleUrl>
                <Point id="589">
                    <coordinates>28.989323,41.05035,0.0</coordinates>
                </Point>
            </Placemark>
            <Placemark id="592">
                <name>15 Temmuz Şehitler Köprüsü</name>
                <description>                    category  : bus stop &lt;br&gt;   
                    sitelinks : 4.0 &lt;br&gt;   
                    articleEN : https://en.wikipedia.org/wiki/Bo%C4%9Fazi%C3%A7i_K%C3%B6pr%C3%BCs%C3%BC_(Metrobus) &lt;br&gt;             
                    articleDE :  &lt;br&gt;              
                    wikidata_link : http://www.wikidata.org/entity/Q60753052</description>
                <styleUrl>#34</styleUrl>
                <Point id="591">
                    <coordinates>29.043243314767,41.036504653047,0.0</coordinates>
                </Point>
            </Placemark>
            <Placemark id="594">
                <name>Istanbul Fair Center Yeşilköy</name>
                <description>                    category  : architectural structure &lt;br&gt;   
                    sitelinks : 4.0 &lt;br&gt;   
                    articleEN : https://en.wikipedia.org/wiki/Istanbul_Fair_Center_Ye%C5%9Filk%C3%B6y &lt;br&gt;             
                    articleDE :  &lt;br&gt;              
                    wikidata_link : http://www.wikidata.org/entity/Q60743788</description>
                <styleUrl>#34</styleUrl>
                <Point id="593">
                    <coordinates>28.823055555556,40.988611111111,0.0</coordinates>
                </Point>
            </Placemark>
            <Placemark id="596">
                <name>Tophane Park</name>
                <description>                    category  : park &lt;br&gt;   
                    sitelinks : 4.0 &lt;br&gt;   
                    articleEN : https://en.wikipedia.org/wiki/Tophane_Park &lt;br&gt;             
                    articleDE :  &lt;br&gt;              
                    wikidata_link : http://www.wikidata.org/entity/Q49571240</description>
                <styleUrl>#34</styleUrl>
                <Point id="595">
                    <coordinates>28.979972222222,41.027027777778,0.0</coordinates>
                </Point>
            </Placemark>
            <Placemark id="598">
                <name>Vadistanbul</name>
                <description>                    category  : last station &lt;br&gt;   
                    sitelinks : 4.0 &lt;br&gt;   
                    articleEN : https://en.wikipedia.org/wiki/Vadistanbul_(Istanbul_Metro) &lt;br&gt;             
                    articleDE :  &lt;br&gt;              
                    wikidata_link : http://www.wikidata.org/entity/Q48702993</description>
                <styleUrl>#34</styleUrl>
                <Point id="597">
                    <coordinates>28.988453028953,41.107528695705,0.0</coordinates>
                </Point>
            </Placemark>
            <Placemark id="600">
                <name>Çarşı (M5)</name>
                <description>                    category  : interchange station &lt;br&gt;   
                    sitelinks : 4.0 &lt;br&gt;   
                    articleEN : https://en.wikipedia.org/wiki/%C3%87ar%C5%9F%C4%B1_(Istanbul_Metro) &lt;br&gt;             
                    articleDE :  &lt;br&gt;              
                    wikidata_link : http://www.wikidata.org/entity/Q46614136</description>
                <styleUrl>#34</styleUrl>
                <Point id="599">
                    <coordinates>29.097061632104,41.02591719641,0.0</coordinates>
                </Point>
            </Placemark>
            <Placemark id="602">
                <name>Erenköy railway station</name>
                <description>                    category  : historic building &lt;br&gt;   
                    sitelinks : 4.0 &lt;br&gt;   
                    articleEN : https://en.wikipedia.org/wiki/Erenk%C3%B6y_railway_station &lt;br&gt;             
                    articleDE :  &lt;br&gt;              
                    wikidata_link : http://www.wikidata.org/entity/Q43398833</description>
                <styleUrl>#34</styleUrl>
                <Point id="601">
                    <coordinates>29.076368598174,40.971627215145,0.0</coordinates>
                </Point>
            </Placemark>
            <Placemark id="604">
                <name>Fil Bridge</name>
                <description>                    category  : bridge &lt;br&gt;   
                    sitelinks : 4.0 &lt;br&gt;   
                    articleEN : https://en.wikipedia.org/wiki/Fil_Bridge &lt;br&gt;             
                    articleDE :  &lt;br&gt;              
                    wikidata_link : http://www.wikidata.org/entity/Q38251504</description>
                <styleUrl>#34</styleUrl>
                <Point id="603">
                    <coordinates>28.94336,41.06917,0.0</coordinates>
                </Point>
            </Placemark>
            <Placemark id="606">
                <name>Bereketzade Ali Efendi Mosque</name>
                <description>                    category  : architectural structure &lt;br&gt;   
                    sitelinks : 4.0 &lt;br&gt;   
                    articleEN : https://en.wikipedia.org/wiki/Bereketzade_Ali_Efendi_Mosque &lt;br&gt;             
                    articleDE :  &lt;br&gt;              
                    wikidata_link : http://www.wikidata.org/entity/Q31189160</description>
                <styleUrl>#34</styleUrl>
                <Point id="605">
                    <coordinates>28.97418708273,41.025074979348,0.0</coordinates>
                </Point>
            </Placemark>
            <Placemark id="608">
                <name>Istanbul Tower 205</name>
                <description>                    category  : skyscraper &lt;br&gt;   
                    sitelinks : 4.0 &lt;br&gt;   
                    articleEN : https://en.wikipedia.org/wiki/Istanbul_Tower_205 &lt;br&gt;             
                    articleDE :  &lt;br&gt;              
                    wikidata_link : http://www.wikidata.org/entity/Q30738712</description>
                <styleUrl>#34</styleUrl>
                <Point id="607">
                    <coordinates>29.010104210325,41.081215705259,0.0</coordinates>
                </Point>
            </Placemark>
            <Placemark id="610">
                <name>Piyer Loti Museum</name>
                <description>                    category  : museum &lt;br&gt;   
                    sitelinks : 4.0 &lt;br&gt;   
                    articleEN : https://en.wikipedia.org/wiki/Piyer_Loti_Museum &lt;br&gt;             
                    articleDE :  &lt;br&gt;              
                    wikidata_link : http://www.wikidata.org/entity/Q30682582</description>
                <styleUrl>#34</styleUrl>
                <Point id="609">
                    <coordinates>28.93416667,41.05444444,0.0</coordinates>
                </Point>
            </Placemark>
            <Placemark id="612">
                <name>Yeni Sahra Stadium</name>
                <description>                    category  : stadium &lt;br&gt;   
                    sitelinks : 4.0 &lt;br&gt;   
                    articleEN : https://en.wikipedia.org/wiki/Yeni_Sahra_Stadium &lt;br&gt;             
                    articleDE :  &lt;br&gt;              
                    wikidata_link : http://www.wikidata.org/entity/Q30621953</description>
                <styleUrl>#34</styleUrl>
                <Point id="611">
                    <coordinates>29.08864167,40.99266667,0.0</coordinates>
                </Point>
            </Placemark>
            <Placemark id="614">
                <name>Fatih Vatan Spor</name>
                <description>                    category  : association football club &lt;br&gt;   
                    sitelinks : 4.0 &lt;br&gt;   
                    articleEN : https://en.wikipedia.org/wiki/Fatih_Vatan_S.K. &lt;br&gt;             
                    articleDE :  &lt;br&gt;              
                    wikidata_link : http://www.wikidata.org/entity/Q30115931</description>
                <styleUrl>#34</styleUrl>
                <Point id="613">
                    <coordinates>28.934277777778,41.024027777778,0.0</coordinates>
                </Point>
            </Placemark>
            <Placemark id="616">
                <name>Beykoz University</name>
                <description>                    category  : private university &lt;br&gt;   
                    sitelinks : 4.0 &lt;br&gt;   
                    articleEN : https://en.wikipedia.org/wiki/Beykoz_University &lt;br&gt;             
                    articleDE :  &lt;br&gt;              
                    wikidata_link : http://www.wikidata.org/entity/Q28159696</description>
                <styleUrl>#34</styleUrl>
                <Point id="615">
                    <coordinates>29.091554,41.09573,0.0</coordinates>
                </Point>
            </Placemark>
            <Placemark id="618">
                <name>Arter</name>
                <description>                    category  : arts center &lt;br&gt;   
                    sitelinks : 4.0 &lt;br&gt;   
                    articleEN : https://en.wikipedia.org/wiki/Arter_(art_center) &lt;br&gt;             
                    articleDE :  &lt;br&gt;              
                    wikidata_link : http://www.wikidata.org/entity/Q25338955</description>
                <styleUrl>#34</styleUrl>
                <Point id="617">
                    <coordinates>28.9787,41.0409,0.0</coordinates>
                </Point>
            </Placemark>
            <Placemark id="620">
                <name>Mihrabat Nature Park</name>
                <description>                    category  : nature park &lt;br&gt;   
                    sitelinks : 4.0 &lt;br&gt;   
                    articleEN : https://en.wikipedia.org/wiki/Mihrabat_Nature_Park &lt;br&gt;             
                    articleDE :  &lt;br&gt;              
                    wikidata_link : http://www.wikidata.org/entity/Q24884410</description>
                <styleUrl>#34</styleUrl>
                <Point id="619">
                    <coordinates>29.07,41.095,0.0</coordinates>
                </Point>
            </Placemark>
            <Placemark id="622">
                <name>Atatürk Monument</name>
                <description>                    category  : building &lt;br&gt;   
                    sitelinks : 4.0 &lt;br&gt;   
                    articleEN : https://en.wikipedia.org/wiki/Statue_of_Atat%C3%BCrk_(Sarayburnu) &lt;br&gt;             
                    articleDE :  &lt;br&gt;              
                    wikidata_link : http://www.wikidata.org/entity/Q21523731</description>
                <styleUrl>#34</styleUrl>
                <Point id="621">
                    <coordinates>28.986111111111,41.01625,0.0</coordinates>
                </Point>
            </Placemark>
            <Placemark id="624">
                <name>Boğaziçi Üniversitesi/Hisarüstü</name>
                <description>                    category  : interchange station &lt;br&gt;   
                    sitelinks : 4.0 &lt;br&gt;   
                    articleEN : https://en.wikipedia.org/wiki/Bo%C4%9Fazi%C3%A7i_%C3%9Cniversitesi_(Istanbul_Metro) &lt;br&gt;             
                    articleDE :  &lt;br&gt;              
                    wikidata_link : http://www.wikidata.org/entity/Q20646948</description>
                <styleUrl>#34</styleUrl>
                <Point id="623">
                    <coordinates>29.04576867039,41.085348043857,0.0</coordinates>
                </Point>
            </Placemark>
            <Placemark id="626">
                <name>Hrant Dink Foundation</name>
                <description>                    category  : foundation &lt;br&gt;   
                    sitelinks : 4.0 &lt;br&gt;   
                    articleEN : https://en.wikipedia.org/wiki/Hrant_Dink_Foundation &lt;br&gt;             
                    articleDE :  &lt;br&gt;              
                    wikidata_link : http://www.wikidata.org/entity/Q20470525</description>
                <styleUrl>#34</styleUrl>
                <Point id="625">
                    <coordinates>28.986336131238,41.047792516813,0.0</coordinates>
                </Point>
            </Placemark>
            <Placemark id="628">
                <name>Beyoğlu (Tünel)</name>
                <description>                    category  : interchange station &lt;br&gt;   
                    sitelinks : 4.0 &lt;br&gt;   
                    articleEN : https://en.wikipedia.org/wiki/Beyo%C4%9Flu_(T%C3%BCnel) &lt;br&gt;             
                    articleDE :  &lt;br&gt;              
                    wikidata_link : http://www.wikidata.org/entity/Q20313271</description>
                <styleUrl>#34</styleUrl>
                <Point id="627">
                    <coordinates>28.9739,41.0283,0.0</coordinates>
                </Point>
            </Placemark>
            <Placemark id="630">
                <name>Kazlıçeşme railway station</name>
                <description>                    category  : interchange station &lt;br&gt;   
                    sitelinks : 4.0 &lt;br&gt;   
                    articleEN : https://en.wikipedia.org/wiki/Kazl%C4%B1%C3%A7e%C5%9Fme_railway_station &lt;br&gt;             
                    articleDE :  &lt;br&gt;              
                    wikidata_link : http://www.wikidata.org/entity/Q19611659</description>
                <styleUrl>#34</styleUrl>
                <Point id="629">
                    <coordinates>28.916892896139,40.992681542239,0.0</coordinates>
                </Point>
            </Placemark>
            <Placemark id="632">
                <name>Ulus Sephardi Jewish Cemetery</name>
                <description>                    category  : cemetery &lt;br&gt;   
                    sitelinks : 4.0 &lt;br&gt;   
                    articleEN : https://en.wikipedia.org/wiki/Ulus_Sephardi_Jewish_Cemetery &lt;br&gt;             
                    articleDE :  &lt;br&gt;              
                    wikidata_link : http://www.wikidata.org/entity/Q16902302</description>
                <styleUrl>#34</styleUrl>
                <Point id="631">
                    <coordinates>29.0275,41.0742,0.0</coordinates>
                </Point>
            </Placemark>
            <Placemark id="634">
                <name>Harbiye Muhsin Ertuğrul Stage</name>
                <description>                    category  : theatre building &lt;br&gt;   
                    sitelinks : 4.0 &lt;br&gt;   
                    articleEN : https://en.wikipedia.org/wiki/Harbiye_Muhsin_Ertu%C4%9Frul_Stage &lt;br&gt;             
                    articleDE :  &lt;br&gt;              
                    wikidata_link : http://www.wikidata.org/entity/Q16892078</description>
                <styleUrl>#34</styleUrl>
                <Point id="633">
                    <coordinates>28.9883,41.0461,0.0</coordinates>
                </Point>
            </Placemark>
            <Placemark id="636">
                <name>Ioakeimeion Girls' High School</name>
                <description>                    category  : school building &lt;br&gt;   
                    sitelinks : 4.0 &lt;br&gt;   
                    articleEN : https://en.wikipedia.org/wiki/Ioakeimeion_Girls%27_High_School &lt;br&gt;             
                    articleDE :  &lt;br&gt;              
                    wikidata_link : http://www.wikidata.org/entity/Q16331008</description>
                <styleUrl>#34</styleUrl>
                <Point id="635">
                    <coordinates>28.9491138,41.0299568,0.0</coordinates>
                </Point>
            </Placemark>
            <Placemark id="638">
                <name>Beyazıt Massacre</name>
                <description>                    category  : occurrence &lt;br&gt;   
                    sitelinks : 4.0 &lt;br&gt;   
                    articleEN : https://en.wikipedia.org/wiki/Beyaz%C4%B1t_massacre &lt;br&gt;             
                    articleDE :  &lt;br&gt;              
                    wikidata_link : http://www.wikidata.org/entity/Q16254529</description>
                <styleUrl>#34</styleUrl>
                <Point id="637">
                    <coordinates>28.96269,41.01104,0.0</coordinates>
                </Point>
            </Placemark>
            <Placemark id="640">
                <name>Feneryolu railway station</name>
                <description>                    category  : historic building &lt;br&gt;   
                    sitelinks : 4.0 &lt;br&gt;   
                    articleEN : https://en.wikipedia.org/wiki/Feneryolu_railway_station &lt;br&gt;             
                    articleDE :  &lt;br&gt;              
                    wikidata_link : http://www.wikidata.org/entity/Q15136719</description>
                <styleUrl>#34</styleUrl>
                <Point id="639">
                    <coordinates>29.048638542337,40.978835576056,0.0</coordinates>
                </Point>
            </Placemark>
            <Placemark id="642">
                <name>Şişli Greek Orthodox Cemetery</name>
                <description>                    category  : cemetery &lt;br&gt;   
                    sitelinks : 4.0 &lt;br&gt;   
                    articleEN : https://en.wikipedia.org/wiki/%C5%9Ei%C5%9Fli_Greek_Orthodox_Cemetery &lt;br&gt;             
                    articleDE :  &lt;br&gt;              
                    wikidata_link : http://www.wikidata.org/entity/Q8082558</description>
                <styleUrl>#34</styleUrl>
                <Point id="641">
                    <coordinates>28.9904,41.0621,0.0</coordinates>
                </Point>
            </Placemark>
            <Placemark id="644">
                <name>Cemberlitas Hammam</name>
                <description>                    category  : hammam &lt;br&gt;   
                    sitelinks : 4.0 &lt;br&gt;   
                    articleEN : https://en.wikipedia.org/wiki/%C3%87emberlita%C5%9F_Hamam%C4%B1 &lt;br&gt;             
                    articleDE :  &lt;br&gt;              
                    wikidata_link : http://www.wikidata.org/entity/Q8077658</description>
                <styleUrl>#34</styleUrl>
                <Point id="643">
                    <coordinates>28.9716495,41.0085972,0.0</coordinates>
                </Point>
            </Placemark>
            <Placemark id="646">
                <name>Zeytinburnu Stadium</name>
                <description>                    category  : stadium &lt;br&gt;   
                    sitelinks : 4.0 &lt;br&gt;   
                    articleEN : https://en.wikipedia.org/wiki/Zeytinburnu_Stadium &lt;br&gt;             
                    articleDE :  &lt;br&gt;              
                    wikidata_link : http://www.wikidata.org/entity/Q8069966</description>
                <styleUrl>#34</styleUrl>
                <Point id="645">
                    <coordinates>28.912,40.994,0.0</coordinates>
                </Point>
            </Placemark>
            <Placemark id="648">
                <name>World Trade Center Istanbul</name>
                <description>                    category  : convention center &lt;br&gt;   
                    sitelinks : 4.0 &lt;br&gt;   
                    articleEN : https://en.wikipedia.org/wiki/World_Trade_Center_Istanbul &lt;br&gt;             
                    articleDE :  &lt;br&gt;              
                    wikidata_link : http://www.wikidata.org/entity/Q8036341</description>
                <styleUrl>#34</styleUrl>
                <Point id="647">
                    <coordinates>28.8319,40.9864,0.0</coordinates>
                </Point>
            </Placemark>
            <Placemark id="650">
                <name>Malta Kiosk</name>
                <description>                    category  : pavilion &lt;br&gt;   
                    sitelinks : 4.0 &lt;br&gt;   
                    articleEN : https://en.wikipedia.org/wiki/Malta_Kiosk &lt;br&gt;             
                    articleDE :  &lt;br&gt;              
                    wikidata_link : http://www.wikidata.org/entity/Q6744675</description>
                <styleUrl>#34</styleUrl>
                <Point id="649">
                    <coordinates>29.0159,41.0513,0.0</coordinates>
                </Point>
            </Placemark>
            <Placemark id="652">
                <name>Kulaksız</name>
                <description>                    category  : mahalle &lt;br&gt;   
                    sitelinks : 4.0 &lt;br&gt;   
                    articleEN : https://en.wikipedia.org/wiki/Kulaks%C4%B1z,_Beyo%C4%9Flu &lt;br&gt;             
                    articleDE :  &lt;br&gt;              
                    wikidata_link : http://www.wikidata.org/entity/Q6604956</description>
                <styleUrl>#34</styleUrl>
                <Point id="651">
                    <coordinates>28.960469,41.037945,0.0</coordinates>
                </Point>
            </Placemark>
            <Placemark id="654">
                <name>Küçükyalı Merkez</name>
                <description>                    category  : mahalle &lt;br&gt;   
                    sitelinks : 4.0 &lt;br&gt;   
                    articleEN : https://en.wikipedia.org/wiki/K%C3%BC%C3%A7%C3%BCkyal%C4%B1 &lt;br&gt;             
                    articleDE :  &lt;br&gt;              
                    wikidata_link : http://www.wikidata.org/entity/Q6454259</description>
                <styleUrl>#34</styleUrl>
                <Point id="653">
                    <coordinates>29.108888888889,40.950833333333,0.0</coordinates>
                </Point>
            </Placemark>
            <Placemark id="656">
                <name>Istanbul City Theatres</name>
                <description>                    category  : theatre building &lt;br&gt;   
                    sitelinks : 4.0 &lt;br&gt;   
                    articleEN : https://en.wikipedia.org/wiki/Istanbul_City_Theatres &lt;br&gt;             
                    articleDE :  &lt;br&gt;              
                    wikidata_link : http://www.wikidata.org/entity/Q6104243</description>
                <styleUrl>#34</styleUrl>
                <Point id="655">
                    <coordinates>28.985833333333,41.045833333333,0.0</coordinates>
                </Point>
            </Placemark>
            <Placemark id="658">
                <name>Pertevniyal High School</name>
                <description>                    category  : school building &lt;br&gt;   
                    sitelinks : 4.0 &lt;br&gt;   
                    articleEN : https://en.wikipedia.org/wiki/Pertevniyal_High_School &lt;br&gt;             
                    articleDE :  &lt;br&gt;              
                    wikidata_link : http://www.wikidata.org/entity/Q6100801</description>
                <styleUrl>#34</styleUrl>
                <Point id="657">
                    <coordinates>28.952918,41.010809,0.0</coordinates>
                </Point>
            </Placemark>
            <Placemark id="660">
                <name>Davutpaşa Barracks</name>
                <description>                    category  : building &lt;br&gt;   
                    sitelinks : 4.0 &lt;br&gt;   
                    articleEN : https://en.wikipedia.org/wiki/Davutpa%C5%9Fa_Barracks &lt;br&gt;             
                    articleDE :  &lt;br&gt;              
                    wikidata_link : http://www.wikidata.org/entity/Q6095594</description>
                <styleUrl>#34</styleUrl>
                <Point id="659">
                    <coordinates>28.88916667,41.02583333,0.0</coordinates>
                </Point>
            </Placemark>
            <Placemark id="662">
                <name>Taşkışla</name>
                <description>                    category  : architectural structure &lt;br&gt;   
                    sitelinks : 4.0 &lt;br&gt;   
                    articleEN : https://en.wikipedia.org/wiki/Ta%C5%9Fk%C4%B1%C5%9Fla &lt;br&gt;             
                    articleDE :  &lt;br&gt;              
                    wikidata_link : http://www.wikidata.org/entity/Q6092580</description>
                <styleUrl>#34</styleUrl>
                <Point id="661">
                    <coordinates>28.99,41.04111111,0.0</coordinates>
                </Point>
            </Placemark>
            <Placemark id="664">
                <name>Russian Monument of San Stefano</name>
                <description>                    category  : cautionary memorial &lt;br&gt;   
                    sitelinks : 4.0 &lt;br&gt;   
                    articleEN : https://en.wikipedia.org/wiki/Russian_Monument_at_San_Stefano &lt;br&gt;             
                    articleDE :  &lt;br&gt;              
                    wikidata_link : http://www.wikidata.org/entity/Q6091148</description>
                <styleUrl>#34</styleUrl>
                <Point id="663">
                    <coordinates>28.81106,40.96156,0.0</coordinates>
                </Point>
            </Placemark>
            <Placemark id="666">
                <name>TGC Press Media Museum</name>
                <description>                    category  : library &lt;br&gt;   
                    sitelinks : 4.0 &lt;br&gt;   
                    articleEN : https://en.wikipedia.org/wiki/TGC_Press_Media_Museum &lt;br&gt;             
                    articleDE :  &lt;br&gt;              
                    wikidata_link : http://www.wikidata.org/entity/Q6087315</description>
                <styleUrl>#34</styleUrl>
                <Point id="665">
                    <coordinates>28.97211,41.00844,0.0</coordinates>
                </Point>
            </Placemark>
            <Placemark id="668">
                <name>Old Darülfünun building</name>
                <description>                    category  : architectural structure &lt;br&gt;   
                    sitelinks : 4.0 &lt;br&gt;   
                    articleEN : https://en.wikipedia.org/wiki/Old_Dar%C3%BClf%C3%BCnun_building &lt;br&gt;             
                    articleDE :  &lt;br&gt;              
                    wikidata_link : http://www.wikidata.org/entity/Q6085776</description>
                <styleUrl>#34</styleUrl>
                <Point id="667">
                    <coordinates>28.980055555556,41.007277777778,0.0</coordinates>
                </Point>
            </Placemark>
            <Placemark id="670">
                <name>Bakırköy Psychiatric Hospital</name>
                <description>                    category  : psychiatric hospital &lt;br&gt;   
                    sitelinks : 4.0 &lt;br&gt;   
                    articleEN : https://en.wikipedia.org/wiki/Bak%C4%B1rk%C3%B6y_Psychiatric_Hospital &lt;br&gt;             
                    articleDE :  &lt;br&gt;              
                    wikidata_link : http://www.wikidata.org/entity/Q6084116</description>
                <styleUrl>#34</styleUrl>
                <Point id="669">
                    <coordinates>28.8619,40.9894,0.0</coordinates>
                </Point>
            </Placemark>
            <Placemark id="672">
                <name>Tekfen Tower</name>
                <description>                    category  : skyscraper &lt;br&gt;   
                    sitelinks : 4.0 &lt;br&gt;   
                    articleEN : https://en.wikipedia.org/wiki/Tekfen_Tower &lt;br&gt;             
                    articleDE :  &lt;br&gt;              
                    wikidata_link : http://www.wikidata.org/entity/Q6077513</description>
                <styleUrl>#34</styleUrl>
                <Point id="671">
                    <coordinates>29.0089,41.0819,0.0</coordinates>
                </Point>
            </Placemark>
            <Placemark id="674">
                <name>Istanbul Nişantaşı University</name>
                <description>                    category  : private university &lt;br&gt;   
                    sitelinks : 4.0 &lt;br&gt;   
                    articleEN : https://en.wikipedia.org/wiki/Istanbul_Ni%C5%9Fanta%C5%9F%C4%B1_University &lt;br&gt;             
                    articleDE :  &lt;br&gt;              
                    wikidata_link : http://www.wikidata.org/entity/Q6069457</description>
                <styleUrl>#34</styleUrl>
                <Point id="673">
                    <coordinates>29.009045,41.1194264,0.0</coordinates>
                </Point>
            </Placemark>
            <Placemark id="676">
                <name>Yıldıztabya</name>
                <description>                    category  : mahalle &lt;br&gt;   
                    sitelinks : 4.0 &lt;br&gt;   
                    articleEN : https://en.wikipedia.org/wiki/Y%C4%B1ld%C4%B1ztabya &lt;br&gt;             
                    articleDE :  &lt;br&gt;              
                    wikidata_link : http://www.wikidata.org/entity/Q6069239</description>
                <styleUrl>#34</styleUrl>
                <Point id="675">
                    <coordinates>28.931,41.06466,0.0</coordinates>
                </Point>
            </Placemark>
            <Placemark id="678">
                <name>Istanbul Courthouse</name>
                <description>                    category  : courthouse &lt;br&gt;   
                    sitelinks : 4.0 &lt;br&gt;   
                    articleEN : https://en.wikipedia.org/wiki/Istanbul_Justice_Palace &lt;br&gt;             
                    articleDE :  &lt;br&gt;              
                    wikidata_link : http://www.wikidata.org/entity/Q6068701</description>
                <styleUrl>#34</styleUrl>
                <Point id="677">
                    <coordinates>28.979,41.069,0.0</coordinates>
                </Point>
            </Placemark>
            <Placemark id="680">
                <name>Gedikpaşa Tiyatrosu</name>
                <description>                    category  : theatre building &lt;br&gt;   
                    sitelinks : 4.0 &lt;br&gt;   
                    articleEN : https://en.wikipedia.org/wiki/Gedikpa%C5%9Fa_Tiyatrosu &lt;br&gt;             
                    articleDE :  &lt;br&gt;              
                    wikidata_link : http://www.wikidata.org/entity/Q6066514</description>
                <styleUrl>#34</styleUrl>
                <Point id="679">
                    <coordinates>28.966361111111,41.007861111111,0.0</coordinates>
                </Point>
            </Placemark>
            <Placemark id="682">
                <name>Türkiye Denizcilik İşletmeleri</name>
                <description>                    category  : organization &lt;br&gt;   
                    sitelinks : 4.0 &lt;br&gt;   
                    articleEN : https://en.wikipedia.org/wiki/Turkish_Maritime_Organization &lt;br&gt;             
                    articleDE :  &lt;br&gt;              
                    wikidata_link : http://www.wikidata.org/entity/Q6061455</description>
                <styleUrl>#34</styleUrl>
                <Point id="681">
                    <coordinates>28.9824276,41.0257301,0.0</coordinates>
                </Point>
            </Placemark>
            <Placemark id="684">
                <name>Nişancı Mehmed Pasha Mosque</name>
                <description>                    category  : architectural structure &lt;br&gt;   
                    sitelinks : 4.0 &lt;br&gt;   
                    articleEN : https://en.wikipedia.org/wiki/N%C4%B1%C5%9Fan%C3%A7%C4%B1_Mehmed_Pasha_Mosque &lt;br&gt;             
                    articleDE :  &lt;br&gt;              
                    wikidata_link : http://www.wikidata.org/entity/Q6056382</description>
                <styleUrl>#34</styleUrl>
                <Point id="683">
                    <coordinates>28.944916666667,41.024138888889,0.0</coordinates>
                </Point>
            </Placemark>
            <Placemark id="686">
                <name>Dumlupınar</name>
                <description>                    category  : mahalle &lt;br&gt;   
                    sitelinks : 4.0 &lt;br&gt;   
                    articleEN : https://en.wikipedia.org/wiki/Dumlup%C4%B1nar,_Kad%C4%B1k%C3%B6y &lt;br&gt;             
                    articleDE :  &lt;br&gt;              
                    wikidata_link : http://www.wikidata.org/entity/Q6041243</description>
                <styleUrl>#34</styleUrl>
                <Point id="685">
                    <coordinates>29.05974,40.99297,0.0</coordinates>
                </Point>
            </Placemark>
            <Placemark id="688">
                <name>Galip Paşa Mosque</name>
                <description>                    category  : architectural structure &lt;br&gt;   
                    sitelinks : 4.0 &lt;br&gt;   
                    articleEN : https://en.wikipedia.org/wiki/Galib_Pasha_Mosque &lt;br&gt;             
                    articleDE :  &lt;br&gt;              
                    wikidata_link : http://www.wikidata.org/entity/Q6025368</description>
                <styleUrl>#34</styleUrl>
                <Point id="687">
                    <coordinates>29.069583333333,40.965972222222,0.0</coordinates>
                </Point>
            </Placemark>
            <Placemark id="690">
                <name>Göztepe railway station</name>
                <description>                    category  : interchange station &lt;br&gt;   
                    sitelinks : 4.0 &lt;br&gt;   
                    articleEN : https://en.wikipedia.org/wiki/G%C3%B6ztepe_railway_station &lt;br&gt;             
                    articleDE :  &lt;br&gt;              
                    wikidata_link : http://www.wikidata.org/entity/Q5626765</description>
                <styleUrl>#34</styleUrl>
                <Point id="689">
                    <coordinates>29.062626093773,40.979153424085,0.0</coordinates>
                </Point>
            </Placemark>
            <Placemark id="692">
                <name>Doğançay Museum</name>
                <description>                    category  : art museum &lt;br&gt;   
                    sitelinks : 4.0 &lt;br&gt;   
                    articleEN : https://en.wikipedia.org/wiki/Do%C4%9Fan%C3%A7ay_Museum &lt;br&gt;             
                    articleDE :  &lt;br&gt;              
                    wikidata_link : http://www.wikidata.org/entity/Q5303887</description>
                <styleUrl>#34</styleUrl>
                <Point id="691">
                    <coordinates>28.978444444444,41.035805555556,0.0</coordinates>
                </Point>
            </Placemark>
            <Placemark id="694">
                <name>Bostancı railway station</name>
                <description>                    category  : interchange station &lt;br&gt;   
                    sitelinks : 4.0 &lt;br&gt;   
                    articleEN : https://en.wikipedia.org/wiki/Bostanc%C4%B1_railway_station &lt;br&gt;             
                    articleDE :  &lt;br&gt;              
                    wikidata_link : http://www.wikidata.org/entity/Q4947652</description>
                <styleUrl>#34</styleUrl>
                <Point id="693">
                    <coordinates>29.094114819621,40.954155468824,0.0</coordinates>
                </Point>
            </Placemark>
            <Placemark id="696">
                <name>Bebek Bay</name>
                <description>                    category  : bay &lt;br&gt;   
                    sitelinks : 4.0 &lt;br&gt;   
                    articleEN : https://en.wikipedia.org/wiki/Bebek_Bay &lt;br&gt;             
                    articleDE :  &lt;br&gt;              
                    wikidata_link : http://www.wikidata.org/entity/Q4878431</description>
                <styleUrl>#34</styleUrl>
                <Point id="695">
                    <coordinates>29.045,41.076,0.0</coordinates>
                </Point>
            </Placemark>
            <Placemark id="698">
                <name>Acıbadem University</name>
                <description>                    category  : private university &lt;br&gt;   
                    sitelinks : 4.0 &lt;br&gt;   
                    articleEN : https://en.wikipedia.org/wiki/Ac%C4%B1badem_Mehmet_Ali_Ayd%C4%B1nlar_University &lt;br&gt;             
                    articleDE :  &lt;br&gt;              
                    wikidata_link : http://www.wikidata.org/entity/Q4678047</description>
                <styleUrl>#34</styleUrl>
                <Point id="697">
                    <coordinates>29.1103,40.9785,0.0</coordinates>
                </Point>
            </Placemark>
            <Placemark id="700">
                <name>Bet Nissim Synagogue</name>
                <description>                    category  : synagogue &lt;br&gt;   
                    sitelinks : 4.0 &lt;br&gt;   
                    articleEN : https://en.wikipedia.org/wiki/Bet_Nissim_Synagogue &lt;br&gt;             
                    articleDE :  &lt;br&gt;              
                    wikidata_link : http://www.wikidata.org/entity/Q3409200</description>
                <styleUrl>#34</styleUrl>
                <Point id="699">
                    <coordinates>29.0314597,41.032929,0.0</coordinates>
                </Point>
            </Placemark>
            <Placemark id="702">
                <name>Caddebostan Synagogue</name>
                <description>                    category  : synagogue &lt;br&gt;   
                    sitelinks : 4.0 &lt;br&gt;   
                    articleEN : https://en.wikipedia.org/wiki/Caddebostan_Synagogue &lt;br&gt;             
                    articleDE :  &lt;br&gt;              
                    wikidata_link : http://www.wikidata.org/entity/Q3409196</description>
                <styleUrl>#34</styleUrl>
                <Point id="701">
                    <coordinates>29.0634,40.9741,0.0</coordinates>
                </Point>
            </Placemark>
            <Placemark id="704">
                <name>Bakırköy Synagogue</name>
                <description>                    category  : synagogue &lt;br&gt;   
                    sitelinks : 4.0 &lt;br&gt;   
                    articleEN : https://en.wikipedia.org/wiki/Bak%C4%B1rk%C3%B6y_Synagogue &lt;br&gt;             
                    articleDE :  &lt;br&gt;              
                    wikidata_link : http://www.wikidata.org/entity/Q3409161</description>
                <styleUrl>#34</styleUrl>
                <Point id="703">
                    <coordinates>28.87092245377,40.978284715549,0.0</coordinates>
                </Point>
            </Placemark>
            <Placemark id="706">
                <name>Maalem Synagogue</name>
                <description>                    category  : synagogue &lt;br&gt;   
                    sitelinks : 4.0 &lt;br&gt;   
                    articleEN : https://en.wikipedia.org/wiki/Maalem_Synagogue &lt;br&gt;             
                    articleDE :  &lt;br&gt;              
                    wikidata_link : http://www.wikidata.org/entity/Q3409157</description>
                <styleUrl>#34</styleUrl>
                <Point id="705">
                    <coordinates>28.95361111,41.04055556,0.0</coordinates>
                </Point>
            </Placemark>
            <Placemark id="708">
                <name>Bet Avraam Synagogue</name>
                <description>                    category  : synagogue &lt;br&gt;   
                    sitelinks : 4.0 &lt;br&gt;   
                    articleEN : https://en.wikipedia.org/wiki/Bet_Avraam_Synagogue &lt;br&gt;             
                    articleDE :  &lt;br&gt;              
                    wikidata_link : http://www.wikidata.org/entity/Q3404698</description>
                <styleUrl>#34</styleUrl>
                <Point id="707">
                    <coordinates>28.97725,41.014583333333,0.0</coordinates>
                </Point>
            </Placemark>
            <Placemark id="710">
                <name>Lycée Français Pierre Loti d'Istanbul</name>
                <description>                    category  : lycée &lt;br&gt;   
                    sitelinks : 4.0 &lt;br&gt;   
                    articleEN : https://en.wikipedia.org/wiki/Lyc%C3%A9e_Fran%C3%A7ais_Pierre_Loti_d%27Istanbul &lt;br&gt;             
                    articleDE :  &lt;br&gt;              
                    wikidata_link : http://www.wikidata.org/entity/Q3269074</description>
                <styleUrl>#34</styleUrl>
                <Point id="709">
                    <coordinates>28.9771481,41.0301704,0.0</coordinates>
                </Point>
            </Placemark>
            <Placemark id="712">
                <name>SALT</name>
                <description>                    category  : art museum &lt;br&gt;   
                    sitelinks : 4.0 &lt;br&gt;   
                    articleEN : https://en.wikipedia.org/wiki/Salt_Research &lt;br&gt;             
                    articleDE :  &lt;br&gt;              
                    wikidata_link : http://www.wikidata.org/entity/Q3169139</description>
                <styleUrl>#34</styleUrl>
                <Point id="711">
                    <coordinates>28.973487,41.023918,0.0</coordinates>
                </Point>
            </Placemark>
            <Placemark id="714">
                <name>Elmadağ</name>
                <description>                    category  : quarter &lt;br&gt;   
                    sitelinks : 4.0 &lt;br&gt;   
                    articleEN : https://en.wikipedia.org/wiki/Elmada%C4%9F,_%C5%9Ei%C5%9Fli &lt;br&gt;             
                    articleDE :  &lt;br&gt;              
                    wikidata_link : http://www.wikidata.org/entity/Q1592283</description>
                <styleUrl>#34</styleUrl>
                <Point id="713">
                    <coordinates>28.987566,41.05165,0.0</coordinates>
                </Point>
            </Placemark>
            <Placemark id="716">
                <name>Surp Agop Hospital</name>
                <description>                    category  : private hospital &lt;br&gt;   
                    sitelinks : 4.0 &lt;br&gt;   
                    articleEN : https://en.wikipedia.org/wiki/Surp_Agop_Hospital &lt;br&gt;             
                    articleDE : https://de.wikipedia.org/wiki/Surp-Agop-Krankenhaus &lt;br&gt;              
                    wikidata_link : http://www.wikidata.org/entity/Q7646517</description>
                <styleUrl>#34</styleUrl>
                <Point id="715">
                    <coordinates>28.9856,41.0411,0.0</coordinates>
                </Point>
            </Placemark>
            <Placemark id="718">
                <name>Çamlıca TRT Television Tower</name>
                <description>                    category  : architectural structure &lt;br&gt;   
                    sitelinks : 4.0 &lt;br&gt;   
                    articleEN : https://en.wikipedia.org/wiki/%C3%87aml%C4%B1ca_TRT_Television_Tower &lt;br&gt;             
                    articleDE : https://de.wikipedia.org/wiki/Fernsehturm_%C3%87aml%C4%B1ca &lt;br&gt;              
                    wikidata_link : http://www.wikidata.org/entity/Q1407350</description>
                <styleUrl>#34</styleUrl>
                <Point id="717">
                    <coordinates>29.068462,41.026078,0.0</coordinates>
                </Point>
            </Placemark>
            <Placemark id="720">
                <name>Monastery of Rufinianus</name>
                <description>                    category  : abbey &lt;br&gt;   
                    sitelinks : 4.0 &lt;br&gt;   
                    articleEN :  &lt;br&gt;             
                    articleDE : https://de.wikipedia.org/wiki/Kloster_Sanctus_Angelus_in_Rufiniano &lt;br&gt;              
                    wikidata_link : http://www.wikidata.org/entity/Q1775931</description>
                <styleUrl>#34</styleUrl>
                <Point id="719">
                    <coordinates>29.02777778,40.98888889,0.0</coordinates>
                </Point>
            </Placemark>
            <Placemark id="722">
                <name>Akbank Sanat</name>
                <description>                    category  : arts center &lt;br&gt;   
                    sitelinks : 4.0 &lt;br&gt;   
                    articleEN : https://en.wikipedia.org/wiki/Akbank_Sanat &lt;br&gt;             
                    articleDE : https://de.wikipedia.org/wiki/Akbank_Sanat &lt;br&gt;              
                    wikidata_link : http://www.wikidata.org/entity/Q6011303</description>
                <styleUrl>#34</styleUrl>
                <Point id="721">
                    <coordinates>28.9830674,41.0359661,0.0</coordinates>
                </Point>
            </Placemark>
            <Placemark id="724">
                <name>Surp Haç Ermeni Lisesi</name>
                <description>                    category  : high school &lt;br&gt;   
                    sitelinks : 4.0 &lt;br&gt;   
                    articleEN :  &lt;br&gt;             
                    articleDE : https://de.wikipedia.org/wiki/Surp_Ha%C3%A7_Ermeni_Lisesi &lt;br&gt;              
                    wikidata_link : http://www.wikidata.org/entity/Q2368617</description>
                <styleUrl>#34</styleUrl>
                <Point id="723">
                    <coordinates>29.03105,41.0243,0.0</coordinates>
                </Point>
            </Placemark>
        </Folder>
        <Folder id="12">
            <name>graves</name>
            <Placemark id="1954">
                <name>Fatma Sultan</name>
                <description>                    category  : nan &lt;br&gt;   
                    sitelinks : 21.0 &lt;br&gt;   
                    articleEN : nan &lt;br&gt;             
                    articleDE : nan &lt;br&gt;              
                    wikidata_link : http://www.wikidata.org/entity/Q16911421</description>
                <styleUrl>#46</styleUrl>
                <Point id="1953">
                    <coordinates>28.9768247,41.0053851,0.0</coordinates>
                </Point>
            </Placemark>
            <Placemark id="1956">
                <name>Cemal Süreya</name>
                <description>                    category  : nan &lt;br&gt;   
                    sitelinks : 21.0 &lt;br&gt;   
                    articleEN : nan &lt;br&gt;             
                    articleDE : nan &lt;br&gt;              
                    wikidata_link : http://www.wikidata.org/entity/Q982905</description>
                <styleUrl>#46</styleUrl>
                <Point id="1955">
                    <coordinates>28.959388888889,41.037694444444,0.0</coordinates>
                </Point>
            </Placemark>
            <Placemark id="1958">
                <name>Serif Gören</name>
                <description>                    category  : nan &lt;br&gt;   
                    sitelinks : 23.0 &lt;br&gt;   
                    articleEN : nan &lt;br&gt;             
                    articleDE : nan &lt;br&gt;              
                    wikidata_link : http://www.wikidata.org/entity/Q388991</description>
                <styleUrl>#46</styleUrl>
                <Point id="1957">
                    <coordinates>28.920564587562,41.009796601953,0.0</coordinates>
                </Point>
            </Placemark>
            <Placemark id="1960">
                <name>Ara Güler</name>
                <description>                    category  : nan &lt;br&gt;   
                    sitelinks : 24.0 &lt;br&gt;   
                    articleEN : nan &lt;br&gt;             
                    articleDE : nan &lt;br&gt;              
                    wikidata_link : http://www.wikidata.org/entity/Q623586</description>
                <styleUrl>#46</styleUrl>
                <Point id="1959">
                    <coordinates>28.99032,41.06518,0.0</coordinates>
                </Point>
            </Placemark>
            <Placemark id="1962">
                <name>Mihrişah Sultan</name>
                <description>                    category  : nan &lt;br&gt;   
                    sitelinks : 25.0 &lt;br&gt;   
                    articleEN : nan &lt;br&gt;             
                    articleDE : nan &lt;br&gt;              
                    wikidata_link : http://www.wikidata.org/entity/Q2999351</description>
                <styleUrl>#46</styleUrl>
                <Point id="1961">
                    <coordinates>28.937777777778,41.08,0.0</coordinates>
                </Point>
            </Placemark>
            <Placemark id="1964">
                <name>Kılıç Ali Paşa</name>
                <description>                    category  : nan &lt;br&gt;   
                    sitelinks : 25.0 &lt;br&gt;   
                    articleEN : nan &lt;br&gt;             
                    articleDE : nan &lt;br&gt;              
                    wikidata_link : http://www.wikidata.org/entity/Q465269</description>
                <styleUrl>#46</styleUrl>
                <Point id="1963">
                    <coordinates>28.980928,41.026373,0.0</coordinates>
                </Point>
            </Placemark>
            <Placemark id="1966">
                <name>Şehsuvar Sultan</name>
                <description>                    category  : nan &lt;br&gt;   
                    sitelinks : 25.0 &lt;br&gt;   
                    articleEN : nan &lt;br&gt;             
                    articleDE : nan &lt;br&gt;              
                    wikidata_link : http://www.wikidata.org/entity/Q623087</description>
                <styleUrl>#46</styleUrl>
                <Point id="1965">
                    <coordinates>28.970277777778,41.010277777778,0.0</coordinates>
                </Point>
            </Placemark>
            <Placemark id="1968">
                <name>Kemalpaşazade</name>
                <description>                    category  : nan &lt;br&gt;   
                    sitelinks : 25.0 &lt;br&gt;   
                    articleEN : nan &lt;br&gt;             
                    articleDE : nan &lt;br&gt;              
                    wikidata_link : http://www.wikidata.org/entity/Q449254</description>
                <styleUrl>#46</styleUrl>
                <Point id="1967">
                    <coordinates>28.93916667,41.03111111,0.0</coordinates>
                </Point>
            </Placemark>
            <Placemark id="1970">
                <name>Pertevniyal Sultan</name>
                <description>                    category  : nan &lt;br&gt;   
                    sitelinks : 25.0 &lt;br&gt;   
                    articleEN : nan &lt;br&gt;             
                    articleDE : nan &lt;br&gt;              
                    wikidata_link : http://www.wikidata.org/entity/Q434159</description>
                <styleUrl>#46</styleUrl>
                <Point id="1969">
                    <coordinates>28.953055555556,41.01,0.0</coordinates>
                </Point>
            </Placemark>
            <Placemark id="1972">
                <name>Halid Ziya Uşaklıgil</name>
                <description>                    category  : nan &lt;br&gt;   
                    sitelinks : 25.0 &lt;br&gt;   
                    articleEN : nan &lt;br&gt;             
                    articleDE : nan &lt;br&gt;              
                    wikidata_link : http://www.wikidata.org/entity/Q1366693</description>
                <styleUrl>#46</styleUrl>
                <Point id="1971">
                    <coordinates>28.87241,40.9817,0.0</coordinates>
                </Point>
            </Placemark>
            <Placemark id="1974">
                <name>Piyale Pasha</name>
                <description>                    category  : nan &lt;br&gt;   
                    sitelinks : 26.0 &lt;br&gt;   
                    articleEN : nan &lt;br&gt;             
                    articleDE : nan &lt;br&gt;              
                    wikidata_link : http://www.wikidata.org/entity/Q949051</description>
                <styleUrl>#46</styleUrl>
                <Point id="1973">
                    <coordinates>28.966,41.0446,0.0</coordinates>
                </Point>
            </Placemark>
            <Placemark id="1976">
                <name>Rauf Orbay</name>
                <description>                    category  : nan &lt;br&gt;   
                    sitelinks : 28.0 &lt;br&gt;   
                    articleEN : nan &lt;br&gt;             
                    articleDE : nan &lt;br&gt;              
                    wikidata_link : http://www.wikidata.org/entity/Q282179</description>
                <styleUrl>#46</styleUrl>
                <Point id="1975">
                    <coordinates>29.076669444444,40.984169444444,0.0</coordinates>
                </Point>
            </Placemark>
            <Placemark id="1978">
                <name>Gülbahar Hatun</name>
                <description>                    category  : nan &lt;br&gt;   
                    sitelinks : 28.0 &lt;br&gt;   
                    articleEN : nan &lt;br&gt;             
                    articleDE : nan &lt;br&gt;              
                    wikidata_link : http://www.wikidata.org/entity/Q2690022</description>
                <styleUrl>#46</styleUrl>
                <Point id="1977">
                    <coordinates>28.9505866,41.0191331,0.0</coordinates>
                </Point>
            </Placemark>
            <Placemark id="1980">
                <name>Ferdi Tayfur</name>
                <description>                    category  : nan &lt;br&gt;   
                    sitelinks : 29.0 &lt;br&gt;   
                    articleEN : nan &lt;br&gt;             
                    articleDE : nan &lt;br&gt;              
                    wikidata_link : http://www.wikidata.org/entity/Q709859</description>
                <styleUrl>#46</styleUrl>
                <Point id="1979">
                    <coordinates>29.05784,41.11841,0.0</coordinates>
                </Point>
            </Placemark>
            <Placemark id="1982">
                <name>Halil İnalcık</name>
                <description>                    category  : nan &lt;br&gt;   
                    sitelinks : 29.0 &lt;br&gt;   
                    articleEN : nan &lt;br&gt;             
                    articleDE : nan &lt;br&gt;              
                    wikidata_link : http://www.wikidata.org/entity/Q739524</description>
                <styleUrl>#46</styleUrl>
                <Point id="1981">
                    <coordinates>28.950562,41.018934,0.0</coordinates>
                </Point>
            </Placemark>
            <Placemark id="1984">
                <name>Germanus I of Constantinople</name>
                <description>                    category  : nan &lt;br&gt;   
                    sitelinks : 29.0 &lt;br&gt;   
                    articleEN : nan &lt;br&gt;             
                    articleDE : nan &lt;br&gt;              
                    wikidata_link : http://www.wikidata.org/entity/Q441464</description>
                <styleUrl>#46</styleUrl>
                <Point id="1983">
                    <coordinates>28.939167,41.031111,0.0</coordinates>
                </Point>
            </Placemark>
            <Placemark id="1986">
                <name>Ahmet Hamdi Tanpınar</name>
                <description>                    category  : nan &lt;br&gt;   
                    sitelinks : 30.0 &lt;br&gt;   
                    articleEN : nan &lt;br&gt;             
                    articleDE : nan &lt;br&gt;              
                    wikidata_link : http://www.wikidata.org/entity/Q401875</description>
                <styleUrl>#46</styleUrl>
                <Point id="1985">
                    <coordinates>29.055277777778,41.0825,0.0</coordinates>
                </Point>
            </Placemark>
            <Placemark id="1988">
                <name>Mahfiruz Sultan</name>
                <description>                    category  : nan &lt;br&gt;   
                    sitelinks : 32.0 &lt;br&gt;   
                    articleEN : nan &lt;br&gt;             
                    articleDE : nan &lt;br&gt;              
                    wikidata_link : http://www.wikidata.org/entity/Q2682717</description>
                <styleUrl>#46</styleUrl>
                <Point id="1987">
                    <coordinates>28.93329,41.05219,0.0</coordinates>
                </Point>
            </Placemark>
            <Placemark id="1990">
                <name>Osman Nuri Pasha</name>
                <description>                    category  : nan &lt;br&gt;   
                    sitelinks : 32.0 &lt;br&gt;   
                    articleEN : nan &lt;br&gt;             
                    articleDE : nan &lt;br&gt;              
                    wikidata_link : http://www.wikidata.org/entity/Q546595</description>
                <styleUrl>#46</styleUrl>
                <Point id="1989">
                    <coordinates>28.9505759,41.018955,0.0</coordinates>
                </Point>
            </Placemark>
            <Placemark id="1992">
                <name>Fatma Aliye Topuz</name>
                <description>                    category  : nan &lt;br&gt;   
                    sitelinks : 36.0 &lt;br&gt;   
                    articleEN : nan &lt;br&gt;             
                    articleDE : nan &lt;br&gt;              
                    wikidata_link : http://www.wikidata.org/entity/Q1136761</description>
                <styleUrl>#46</styleUrl>
                <Point id="1991">
                    <coordinates>28.971666666667,41.048333333333,0.0</coordinates>
                </Point>
            </Placemark>
            <Placemark id="1994">
                <name>Abu Ayyub al-Ansari</name>
                <description>                    category  : nan &lt;br&gt;   
                    sitelinks : 37.0 &lt;br&gt;   
                    articleEN : nan &lt;br&gt;             
                    articleDE : nan &lt;br&gt;              
                    wikidata_link : http://www.wikidata.org/entity/Q334813</description>
                <styleUrl>#46</styleUrl>
                <Point id="1993">
                    <coordinates>28.933786111111,41.047947222222,0.0</coordinates>
                </Point>
            </Placemark>
            <Placemark id="1996">
                <name>Reşat Nuri Güntekin</name>
                <description>                    category  : nan &lt;br&gt;   
                    sitelinks : 38.0 &lt;br&gt;   
                    articleEN : nan &lt;br&gt;             
                    articleDE : nan &lt;br&gt;              
                    wikidata_link : http://www.wikidata.org/entity/Q379595</description>
                <styleUrl>#46</styleUrl>
                <Point id="1995">
                    <coordinates>29.0261,41.0106,0.0</coordinates>
                </Point>
            </Placemark>
            <Placemark id="1998">
                <name>Rüstem Paşa</name>
                <description>                    category  : nan &lt;br&gt;   
                    sitelinks : 38.0 &lt;br&gt;   
                    articleEN : nan &lt;br&gt;             
                    articleDE : nan &lt;br&gt;              
                    wikidata_link : http://www.wikidata.org/entity/Q642614</description>
                <styleUrl>#46</styleUrl>
                <Point id="1997">
                    <coordinates>28.957175,41.013794444444,0.0</coordinates>
                </Point>
            </Placemark>
            <Placemark id="2000">
                <name>Patriarch Athenagoras I of Constantinople</name>
                <description>                    category  : nan &lt;br&gt;   
                    sitelinks : 38.0 &lt;br&gt;   
                    articleEN : nan &lt;br&gt;             
                    articleDE : nan &lt;br&gt;              
                    wikidata_link : http://www.wikidata.org/entity/Q68359</description>
                <styleUrl>#46</styleUrl>
                <Point id="1999">
                    <coordinates>28.9157,41.0065,0.0</coordinates>
                </Point>
            </Placemark>
            <Placemark id="2002">
                <name>Mesut Yılmaz</name>
                <description>                    category  : nan &lt;br&gt;   
                    sitelinks : 39.0 &lt;br&gt;   
                    articleEN : nan &lt;br&gt;             
                    articleDE : nan &lt;br&gt;              
                    wikidata_link : http://www.wikidata.org/entity/Q366692</description>
                <styleUrl>#46</styleUrl>
                <Point id="2001">
                    <coordinates>29.06602,41.09726,0.0</coordinates>
                </Point>
            </Placemark>
            <Placemark id="2004">
                <name>Ziya Gökalp</name>
                <description>                    category  : nan &lt;br&gt;   
                    sitelinks : 41.0 &lt;br&gt;   
                    articleEN : nan &lt;br&gt;             
                    articleDE : nan &lt;br&gt;              
                    wikidata_link : http://www.wikidata.org/entity/Q83275</description>
                <styleUrl>#46</styleUrl>
                <Point id="2003">
                    <coordinates>28.97111111,41.00888889,0.0</coordinates>
                </Point>
            </Placemark>
            <Placemark id="2006">
                <name>Turhan Sultan</name>
                <description>                    category  : nan &lt;br&gt;   
                    sitelinks : 43.0 &lt;br&gt;   
                    articleEN : nan &lt;br&gt;             
                    articleDE : nan &lt;br&gt;              
                    wikidata_link : http://www.wikidata.org/entity/Q621548</description>
                <styleUrl>#46</styleUrl>
                <Point id="2005">
                    <coordinates>28.971888888889,41.016166666667,0.0</coordinates>
                </Point>
            </Placemark>
            <Placemark id="2008">
                <name>Mehmet Akif Ersoy</name>
                <description>                    category  : nan &lt;br&gt;   
                    sitelinks : 44.0 &lt;br&gt;   
                    articleEN : nan &lt;br&gt;             
                    articleDE : nan &lt;br&gt;              
                    wikidata_link : http://www.wikidata.org/entity/Q316443</description>
                <styleUrl>#46</styleUrl>
                <Point id="2007">
                    <coordinates>28.930575,41.032194,0.0</coordinates>
                </Point>
            </Placemark>
            <Placemark id="2010">
                <name>Hrant Dink</name>
                <description>                    category  : nan &lt;br&gt;   
                    sitelinks : 51.0 &lt;br&gt;   
                    articleEN : nan &lt;br&gt;             
                    articleDE : nan &lt;br&gt;              
                    wikidata_link : http://www.wikidata.org/entity/Q110126</description>
                <styleUrl>#46</styleUrl>
                <Point id="2009">
                    <coordinates>28.91346,41.00775,0.0</coordinates>
                </Point>
            </Placemark>
            <Placemark id="2012">
                <name>Romanos I Lekapenos</name>
                <description>                    category  : nan &lt;br&gt;   
                    sitelinks : 52.0 &lt;br&gt;   
                    articleEN : nan &lt;br&gt;             
                    articleDE : nan &lt;br&gt;              
                    wikidata_link : http://www.wikidata.org/entity/Q41646</description>
                <styleUrl>#46</styleUrl>
                <Point id="2011">
                    <coordinates>28.95555556,41.00861111,0.0</coordinates>
                </Point>
            </Placemark>
            <Placemark id="2014">
                <name>Michael I Rangabe</name>
                <description>                    category  : nan &lt;br&gt;   
                    sitelinks : 53.0 &lt;br&gt;   
                    articleEN : nan &lt;br&gt;             
                    articleDE : nan &lt;br&gt;              
                    wikidata_link : http://www.wikidata.org/entity/Q41652</description>
                <styleUrl>#46</styleUrl>
                <Point id="2013">
                    <coordinates>29.05,40.913055555556,0.0</coordinates>
                </Point>
            </Placemark>
            <Placemark id="2016">
                <name>Yaşar Kemal</name>
                <description>                    category  : nan &lt;br&gt;   
                    sitelinks : 53.0 &lt;br&gt;   
                    articleEN : nan &lt;br&gt;             
                    articleDE : nan &lt;br&gt;              
                    wikidata_link : http://www.wikidata.org/entity/Q327142</description>
                <styleUrl>#46</styleUrl>
                <Point id="2015">
                    <coordinates>29.0079,41.0738,0.0</coordinates>
                </Point>
            </Placemark>
            <Placemark id="2018">
                <name>John II Komnenos</name>
                <description>                    category  : nan &lt;br&gt;   
                    sitelinks : 57.0 &lt;br&gt;   
                    articleEN : nan &lt;br&gt;             
                    articleDE : nan &lt;br&gt;              
                    wikidata_link : http://www.wikidata.org/entity/Q41628</description>
                <styleUrl>#46</styleUrl>
                <Point id="2017">
                    <coordinates>28.95722222,41.01972222,0.0</coordinates>
                </Point>
            </Placemark>
            <Placemark id="2020">
                <name>Necmettin Erbakan</name>
                <description>                    category  : nan &lt;br&gt;   
                    sitelinks : 59.0 &lt;br&gt;   
                    articleEN : nan &lt;br&gt;             
                    articleDE : nan &lt;br&gt;              
                    wikidata_link : http://www.wikidata.org/entity/Q243550</description>
                <styleUrl>#46</styleUrl>
                <Point id="2019">
                    <coordinates>28.92084,41.01537,0.0</coordinates>
                </Point>
            </Placemark>
            <Placemark id="2022">
                <name>Adnan Menderes</name>
                <description>                    category  : nan &lt;br&gt;   
                    sitelinks : 60.0 &lt;br&gt;   
                    articleEN : nan &lt;br&gt;             
                    articleDE : nan &lt;br&gt;              
                    wikidata_link : http://www.wikidata.org/entity/Q238745</description>
                <styleUrl>#46</styleUrl>
                <Point id="2021">
                    <coordinates>28.9269,41.0253,0.0</coordinates>
                </Point>
            </Placemark>
            <Placemark id="2024">
                <name>Enver Pasha</name>
                <description>                    category  : nan &lt;br&gt;   
                    sitelinks : 66.0 &lt;br&gt;   
                    articleEN : nan &lt;br&gt;             
                    articleDE : nan &lt;br&gt;              
                    wikidata_link : http://www.wikidata.org/entity/Q153899</description>
                <styleUrl>#46</styleUrl>
                <Point id="2023">
                    <coordinates>28.982083333333,41.068138888889,0.0</coordinates>
                </Point>
            </Placemark>
            <Placemark id="2026">
                <name>Murad V</name>
                <description>                    category  : nan &lt;br&gt;   
                    sitelinks : 67.0 &lt;br&gt;   
                    articleEN : nan &lt;br&gt;             
                    articleDE : nan &lt;br&gt;              
                    wikidata_link : http://www.wikidata.org/entity/Q199827</description>
                <styleUrl>#46</styleUrl>
                <Point id="2025">
                    <coordinates>28.972141,41.016875,0.0</coordinates>
                </Point>
            </Placemark>
            <Placemark id="2028">
                <name>Mehmed III</name>
                <description>                    category  : nan &lt;br&gt;   
                    sitelinks : 74.0 &lt;br&gt;   
                    articleEN : nan &lt;br&gt;             
                    articleDE : nan &lt;br&gt;              
                    wikidata_link : http://www.wikidata.org/entity/Q171465</description>
                <styleUrl>#46</styleUrl>
                <Point id="2027">
                    <coordinates>28.979887,41.00779,0.0</coordinates>
                </Point>
            </Placemark>
            <Placemark id="2030">
                <name>Hayreddin Barbarossa</name>
                <description>                    category  : nan &lt;br&gt;   
                    sitelinks : 74.0 &lt;br&gt;   
                    articleEN : nan &lt;br&gt;             
                    articleDE : nan &lt;br&gt;              
                    wikidata_link : http://www.wikidata.org/entity/Q200582</description>
                <styleUrl>#46</styleUrl>
                <Point id="2029">
                    <coordinates>29.00666667,41.04166667,0.0</coordinates>
                </Point>
            </Placemark>
            <Placemark id="2032">
                <name>Mehmed V</name>
                <description>                    category  : nan &lt;br&gt;   
                    sitelinks : 74.0 &lt;br&gt;   
                    articleEN : nan &lt;br&gt;             
                    articleDE : nan &lt;br&gt;              
                    wikidata_link : http://www.wikidata.org/entity/Q151494</description>
                <styleUrl>#46</styleUrl>
                <Point id="2031">
                    <coordinates>28.9358,41.0479,0.0</coordinates>
                </Point>
            </Placemark>
            <Placemark id="2034">
                <name>Abdul Hamid I</name>
                <description>                    category  : nan &lt;br&gt;   
                    sitelinks : 74.0 &lt;br&gt;   
                    articleEN : nan &lt;br&gt;             
                    articleDE : nan &lt;br&gt;              
                    wikidata_link : http://www.wikidata.org/entity/Q170707</description>
                <styleUrl>#46</styleUrl>
                <Point id="2033">
                    <coordinates>28.974138,41.015522,0.0</coordinates>
                </Point>
            </Placemark>
            <Placemark id="2036">
                <name>Selim III</name>
                <description>                    category  : nan &lt;br&gt;   
                    sitelinks : 76.0 &lt;br&gt;   
                    articleEN : nan &lt;br&gt;             
                    articleDE : nan &lt;br&gt;              
                    wikidata_link : http://www.wikidata.org/entity/Q199633</description>
                <styleUrl>#46</styleUrl>
                <Point id="2035">
                    <coordinates>28.9559644,41.0097344,0.0</coordinates>
                </Point>
            </Placemark>
            <Placemark id="2038">
                <name>Selim II</name>
                <description>                    category  : nan &lt;br&gt;   
                    sitelinks : 78.0 &lt;br&gt;   
                    articleEN : nan &lt;br&gt;             
                    articleDE : nan &lt;br&gt;              
                    wikidata_link : http://www.wikidata.org/entity/Q161872</description>
                <styleUrl>#46</styleUrl>
                <Point id="2037">
                    <coordinates>28.98,41.008333333333,0.0</coordinates>
                </Point>
            </Placemark>
            <Placemark id="2040">
                <name>Turgut Özal</name>
                <description>                    category  : nan &lt;br&gt;   
                    sitelinks : 81.0 &lt;br&gt;   
                    articleEN : nan &lt;br&gt;             
                    articleDE : nan &lt;br&gt;              
                    wikidata_link : http://www.wikidata.org/entity/Q180280</description>
                <styleUrl>#46</styleUrl>
                <Point id="2039">
                    <coordinates>28.925211,41.026698,0.0</coordinates>
                </Point>
            </Placemark>
            <Placemark id="2042">
                <name>Hürrem Sultan</name>
                <description>                    category  : nan &lt;br&gt;   
                    sitelinks : 85.0 &lt;br&gt;   
                    articleEN : nan &lt;br&gt;             
                    articleDE : nan &lt;br&gt;              
                    wikidata_link : http://www.wikidata.org/entity/Q255809</description>
                <styleUrl>#46</styleUrl>
                <Point id="2041">
                    <coordinates>28.964833,41.015643,0.0</coordinates>
                </Point>
            </Placemark>
            <Placemark id="2044">
                <name>Selim I</name>
                <description>                    category  : nan &lt;br&gt;   
                    sitelinks : 91.0 &lt;br&gt;   
                    articleEN : nan &lt;br&gt;             
                    articleDE : nan &lt;br&gt;              
                    wikidata_link : http://www.wikidata.org/entity/Q494660</description>
                <styleUrl>#46</styleUrl>
                <Point id="2043">
                    <coordinates>28.9513,41.0266,0.0</coordinates>
                </Point>
            </Placemark>
            <Placemark id="2046">
                <name>Abdul Hamid II</name>
                <description>                    category  : nan &lt;br&gt;   
                    sitelinks : 101.0 &lt;br&gt;   
                    articleEN : nan &lt;br&gt;             
                    articleDE : nan &lt;br&gt;              
                    wikidata_link : http://www.wikidata.org/entity/Q134817</description>
                <styleUrl>#46</styleUrl>
                <Point id="2045">
                    <coordinates>28.9725,41.0085,0.0</coordinates>
                </Point>
            </Placemark>
            <Placemark id="2048">
                <name>Justinian I</name>
                <description>                    category  : nan &lt;br&gt;   
                    sitelinks : 116.0 &lt;br&gt;   
                    articleEN : nan &lt;br&gt;             
                    articleDE : nan &lt;br&gt;              
                    wikidata_link : http://www.wikidata.org/entity/Q41866</description>
                <styleUrl>#46</styleUrl>
                <Point id="2047">
                    <coordinates>28.960277777778,41.01,0.0</coordinates>
                </Point>
            </Placemark>
            <Placemark id="2050">
                <name>Mehmed II</name>
                <description>                    category  : nan &lt;br&gt;   
                    sitelinks : 120.0 &lt;br&gt;   
                    articleEN : nan &lt;br&gt;             
                    articleDE : nan &lt;br&gt;              
                    wikidata_link : http://www.wikidata.org/entity/Q34503</description>
                <styleUrl>#46</styleUrl>
                <Point id="2049">
                    <coordinates>28.9502674,41.0192788,0.0</coordinates>
                </Point>
            </Placemark>
            <Placemark id="2052">
                <name>Mimar Sinan</name>
                <description>                    category  : nan &lt;br&gt;   
                    sitelinks : 133.0 &lt;br&gt;   
                    articleEN : nan &lt;br&gt;             
                    articleDE : nan &lt;br&gt;              
                    wikidata_link : http://www.wikidata.org/entity/Q5600</description>
                <styleUrl>#46</styleUrl>
                <Point id="2051">
                    <coordinates>28.98,41.0125,0.0</coordinates>
                </Point>
            </Placemark>
            <Placemark id="2054">
                <name>Suleiman the Magnificent</name>
                <description>                    category  : nan &lt;br&gt;   
                    sitelinks : 151.0 &lt;br&gt;   
                    articleEN : nan &lt;br&gt;             
                    articleDE : nan &lt;br&gt;              
                    wikidata_link : http://www.wikidata.org/entity/Q8474</description>
                <styleUrl>#46</styleUrl>
                <Point id="2053">
                    <coordinates>28.964469,41.01569,0.0</coordinates>
                </Point>
            </Placemark>
            <Placemark id="2056">
                <name>Constantine the Great</name>
                <description>                    category  : nan &lt;br&gt;   
                    sitelinks : 153.0 &lt;br&gt;   
                    articleEN : nan &lt;br&gt;             
                    articleDE : nan &lt;br&gt;              
                    wikidata_link : http://www.wikidata.org/entity/Q8413</description>
                <styleUrl>#46</styleUrl>
                <Point id="2055">
                    <coordinates>28.949722222222,41.019722222222,0.0</coordinates>
                </Point>
            </Placemark>
        </Folder>
        <Folder id="13">
            <name>atlas_obscura</name>
            <Placemark id="2702">
                <name>Galata House Restaurant</name>
                <description>Housed in an old British jail, this spot serves up Georgian, Russian, and Ukrainian specialities with a side of Turkish history. &lt;br&gt; &lt;br&gt; https://www.atlasobscura.com/places/galata-house-restaurant</description>
                <styleUrl>#42</styleUrl>
                <Point id="2701">
                    <coordinates>28.973396,41.024837,0.0</coordinates>
                </Point>
            </Placemark>
            <Placemark id="2704">
                <name>Asitane Restaurant</name>
                <description>This eatery re-creates dishes from the Ottoman Empire so you can dine like a sultan. &lt;br&gt; &lt;br&gt; https://www.atlasobscura.com/places/asitane-restaurant</description>
                <styleUrl>#42</styleUrl>
                <Point id="2703">
                    <coordinates>28.938893,41.031043,0.0</coordinates>
                </Point>
            </Placemark>
            <Placemark id="2706">
                <name>Şakirin Mosque</name>
                <description>A mosque with distinctive modern features. &lt;br&gt; &lt;br&gt; https://www.atlasobscura.com/places/sakirin-mosque-istanbul</description>
                <styleUrl>#42</styleUrl>
                <Point id="2705">
                    <coordinates>29.024329,41.013309,0.0</coordinates>
                </Point>
            </Placemark>
            <Placemark id="2708">
                <name>Şemsi Pasha Mosque</name>
                <description>An Ottoman-era mosque looking over the Black Sea. &lt;br&gt; &lt;br&gt; https://www.atlasobscura.com/places/semsi-pasha-mosque</description>
                <styleUrl>#42</styleUrl>
                <Point id="2707">
                    <coordinates>29.029263,41.025005,0.0</coordinates>
                </Point>
            </Placemark>
            <Placemark id="2710">
                <name>Base of the Column of Arcadius</name>
                <description>A massive marble pedestal is all that remains of a column that towered over Constantinople for 1300 years. &lt;br&gt; &lt;br&gt; https://www.atlasobscura.com/places/column-of-arcadius</description>
                <styleUrl>#42</styleUrl>
                <Point id="2709">
                    <coordinates>28.943003,41.007796,0.0</coordinates>
                </Point>
            </Placemark>
            <Placemark id="2712">
                <name>Column of Marcian</name>
                <description>The only Roman honorific column in Istanbul. &lt;br&gt; &lt;br&gt; https://www.atlasobscura.com/places/column-of-marcian</description>
                <styleUrl>#42</styleUrl>
                <Point id="2711">
                    <coordinates>28.951409,41.012191,0.0</coordinates>
                </Point>
            </Placemark>
            <Placemark id="2714">
                <name>Lacivert</name>
                <description>Feast on the freshest of fish by the Bosphorus. &lt;br&gt; &lt;br&gt; https://www.atlasobscura.com/places/lacivert-istanbul</description>
                <styleUrl>#42</styleUrl>
                <Point id="2713">
                    <coordinates>29.066516,41.091349,0.0</coordinates>
                </Point>
            </Placemark>
            <Placemark id="2716">
                <name>Inciralti Meyhanesi</name>
                <description>Wash down heaping platters of meze with raki at one of the city's best taverns. &lt;br&gt; &lt;br&gt; https://www.atlasobscura.com/places/inciralti-meyhanesi-istanbul</description>
                <styleUrl>#42</styleUrl>
                <Point id="2715">
                    <coordinates>29.044675,41.044896,0.0</coordinates>
                </Point>
            </Placemark>
            <Placemark id="2718">
                <name>Palace of the Porphyrogenitus</name>
                <description>Byzantine emperors ruled, lived, and died in this 13th-century palace-turned-museum. &lt;br&gt; &lt;br&gt; https://www.atlasobscura.com/places/palace-of-the-porphyrogenitus-tekfur-sarayi-muzesi-istanbul-turkey</description>
                <styleUrl>#42</styleUrl>
                <Point id="2717">
                    <coordinates>28.942675,41.035439,0.0</coordinates>
                </Point>
            </Placemark>
            <Placemark id="2720">
                <name>Haliç Metro Bridge</name>
                <description>Taking the subway here means doing so over a bridge located in the middle of an estuary. &lt;br&gt; &lt;br&gt; https://www.atlasobscura.com/places/golden-horn-metro-bridge</description>
                <styleUrl>#42</styleUrl>
                <Point id="2719">
                    <coordinates>28.966706,41.022543,0.0</coordinates>
                </Point>
            </Placemark>
            <Placemark id="2722">
                <name>Buuzecedi</name>
                <description>Homesick Syrian refugees head to this restaurant for a taste of Damascus. &lt;br&gt; &lt;br&gt; https://www.atlasobscura.com/places/buuzecedi-istanbul</description>
                <styleUrl>#42</styleUrl>
                <Point id="2721">
                    <coordinates>28.94244,41.020745,0.0</coordinates>
                </Point>
            </Placemark>
            <Placemark id="2724">
                <name>Meryem Ana Rum Ortodoks Kilesesi</name>
                <description>It's believed that this small church was connected to the Hagia Sophia via a secret tunnel. &lt;br&gt; &lt;br&gt; https://www.atlasobscura.com/places/meryem-ana-rum-ortodoks-kilesesi</description>
                <styleUrl>#42</styleUrl>
                <Point id="2723">
                    <coordinates>28.949228,41.029633,0.0</coordinates>
                </Point>
            </Placemark>
            <Placemark id="2726">
                <name>Isa Yusuf Alptekin Park</name>
                <description>A tiny park in the middle of some big power politics. &lt;br&gt; &lt;br&gt; https://www.atlasobscura.com/places/isa-yusuf-alptekin-park</description>
                <styleUrl>#42</styleUrl>
                <Point id="2725">
                    <coordinates>28.975042,41.005052,0.0</coordinates>
                </Point>
            </Placemark>
            <Placemark id="2728">
                <name>Baris Manco House and Museum</name>
                <description>The home-turned-museum of Barış Manço, the mustachioed Turkish Elvis for children. &lt;br&gt; &lt;br&gt; https://www.atlasobscura.com/places/baris-manco-house-and-museum</description>
                <styleUrl>#42</styleUrl>
                <Point id="2727">
                    <coordinates>29.024992,40.981824,0.0</coordinates>
                </Point>
            </Placemark>
            <Placemark id="2730">
                <name>Siirt Şeref Büryan</name>
                <description>Come for the whole sides of slow-roasted lamb, stay for the regional Kurdish specialties. &lt;br&gt; &lt;br&gt; https://www.atlasobscura.com/places/siirt-seref-buryan-istanbul</description>
                <styleUrl>#42</styleUrl>
                <Point id="2729">
                    <coordinates>28.95338,41.017211,0.0</coordinates>
                </Point>
            </Placemark>
            <Placemark id="2732">
                <name>Taksim Mosque</name>
                <description>One of the newest mosques in a city filled with thousands. &lt;br&gt; &lt;br&gt; https://www.atlasobscura.com/places/taksim-mosque</description>
                <styleUrl>#42</styleUrl>
                <Point id="2731">
                    <coordinates>28.984136,41.036949,0.0</coordinates>
                </Point>
            </Placemark>
            <Placemark id="2734">
                <name>Kanaat Lokantasi</name>
                <description>This family-owned canteen has been selling goat milk ice cream since 1933. &lt;br&gt; &lt;br&gt; https://www.atlasobscura.com/places/kanaat-lokantasi-istanbul</description>
                <styleUrl>#42</styleUrl>
                <Point id="2733">
                    <coordinates>29.01651,41.025849,0.0</coordinates>
                </Point>
            </Placemark>
            <Placemark id="2736">
                <name>Bar at Biz Istanbul</name>
                <description>Eat your way through history. &lt;br&gt; &lt;br&gt; https://www.atlasobscura.com/places/bar-at-biz-istanbul</description>
                <styleUrl>#42</styleUrl>
                <Point id="2735">
                    <coordinates>28.987797,41.036636,0.0</coordinates>
                </Point>
            </Placemark>
            <Placemark id="2738">
                <name>Yeralti Camii (Underground Mosque)</name>
                <description>A surprising and unconventional mosque hidden in the subsoil of Istanbul. &lt;br&gt; &lt;br&gt; https://www.atlasobscura.com/places/yeralti-camii-underground-mosque</description>
                <styleUrl>#42</styleUrl>
                <Point id="2737">
                    <coordinates>28.976539,41.022533,0.0</coordinates>
                </Point>
            </Placemark>
            <Placemark id="2740">
                <name>Pera Palace Hotel</name>
                <description>This historic hotel preserves many treasures from its heyday hosting passengers on the Orient Express. &lt;br&gt; &lt;br&gt; https://www.atlasobscura.com/places/pera-palace-hotel</description>
                <styleUrl>#42</styleUrl>
                <Point id="2739">
                    <coordinates>28.973635,41.03114,0.0</coordinates>
                </Point>
            </Placemark>
            <Placemark id="2742">
                <name>Theodosian Wall Stone Ladder</name>
                <description>Climb a set of vertiginous stone steps to the top of this impressive ancient edifice. &lt;br&gt; &lt;br&gt; https://www.atlasobscura.com/places/theodosian-wall-stone-ladder</description>
                <styleUrl>#42</styleUrl>
                <Point id="2741">
                    <coordinates>28.933987,41.031442,0.0</coordinates>
                </Point>
            </Placemark>
            <Placemark id="2744">
                <name>Museum of Energy</name>
                <description>This shuttered power plant is now Turkey's first industrial archaeology museum. &lt;br&gt; &lt;br&gt; https://www.atlasobscura.com/places/museum-of-energy</description>
                <styleUrl>#42</styleUrl>
                <Point id="2743">
                    <coordinates>28.94668,41.066406,0.0</coordinates>
                </Point>
            </Placemark>
            <Placemark id="2746">
                <name>Beylerbeyi Palace</name>
                <description>This former Imperial summer home was the venue for a royal slap that once echoed 'round the world. &lt;br&gt; &lt;br&gt; https://www.atlasobscura.com/places/beylerbeyi-palace</description>
                <styleUrl>#42</styleUrl>
                <Point id="2745">
                    <coordinates>29.04,41.043,0.0</coordinates>
                </Point>
            </Placemark>
            <Placemark id="2748">
                <name>Istanbul Railway Museum at Sirkeci Terminal</name>
                <description>The legendary luxury train passage is commemorated with a charming museum inside its former eastern terminus. &lt;br&gt; &lt;br&gt; https://www.atlasobscura.com/places/orient-express-museum-at-sirkeci-terminal</description>
                <styleUrl>#42</styleUrl>
                <Point id="2747">
                    <coordinates>28.977123,41.015237,0.0</coordinates>
                </Point>
            </Placemark>
            <Placemark id="2750">
                <name>Vedat Tek House</name>
                <description>The eclectic home of a leading Turkish architect is a gorgeous piece of eye candy. &lt;br&gt; &lt;br&gt; https://www.atlasobscura.com/places/vedat-tek-house</description>
                <styleUrl>#42</styleUrl>
                <Point id="2749">
                    <coordinates>28.989358,41.050401,0.0</coordinates>
                </Point>
            </Placemark>
            <Placemark id="2752">
                <name>Istanbul 2461</name>
                <description>Quite possibly the oldest love poem known to humankind. &lt;br&gt; &lt;br&gt; https://www.atlasobscura.com/places/istanbul-2461</description>
                <styleUrl>#42</styleUrl>
                <Point id="2751">
                    <coordinates>28.98031,41.011343,0.0</coordinates>
                </Point>
            </Placemark>
            <Placemark id="2754">
                <name>Serpent Column</name>
                <description>Ancient serpentine sacrifice holder that has stood the test of time. &lt;br&gt; &lt;br&gt; https://www.atlasobscura.com/places/serpent-column</description>
                <styleUrl>#42</styleUrl>
                <Point id="2753">
                    <coordinates>28.975132,41.005639,0.0</coordinates>
                </Point>
            </Placemark>
            <Placemark id="2756">
                <name>The Spoonmaker's Diamond</name>
                <description>No one is sure if the world's fourth-largest diamond had been found in a rubbish heap or was pawned by Napoleon's mom. &lt;br&gt; &lt;br&gt; https://www.atlasobscura.com/places/the-spoonmakers-diamond-istanbul-turkey</description>
                <styleUrl>#42</styleUrl>
                <Point id="2755">
                    <coordinates>28.983378,41.011543,0.0</coordinates>
                </Point>
            </Placemark>
            <Placemark id="2758">
                <name>Column of the Goths</name>
                <description>This column celebrates Rome's victory over the Goths, and may be the oldest Roman monument in Istanbul. &lt;br&gt; &lt;br&gt; https://www.atlasobscura.com/places/column-of-the-goths</description>
                <styleUrl>#42</styleUrl>
                <Point id="2757">
                    <coordinates>28.985463,41.01449,0.0</coordinates>
                </Point>
            </Placemark>
            <Placemark id="2760">
                <name>Pierre Loti Hill</name>
                <description>Have tea in a cemetery with a dazzling view of Istanbul. &lt;br&gt; &lt;br&gt; https://www.atlasobscura.com/places/pierre-loti-hill</description>
                <styleUrl>#42</styleUrl>
                <Point id="2759">
                    <coordinates>28.933372,41.054438,0.0</coordinates>
                </Point>
            </Placemark>
            <Placemark id="2762">
                <name>Kaiser Wilhelm Fountain</name>
                <description>A fountain standing as a testament to a doomed alliance. &lt;br&gt; &lt;br&gt; https://www.atlasobscura.com/places/kaiser-wilhelm-fountain</description>
                <styleUrl>#42</styleUrl>
                <Point id="2761">
                    <coordinates>28.976676,41.007075,0.0</coordinates>
                </Point>
            </Placemark>
            <Placemark id="2764">
                <name>Miniaturk</name>
                <description>Large miniature theme park with 100-plus models. &lt;br&gt; &lt;br&gt; https://www.atlasobscura.com/places/miniaturk</description>
                <styleUrl>#42</styleUrl>
                <Point id="2763">
                    <coordinates>28.948883,41.059388,0.0</coordinates>
                </Point>
            </Placemark>
            <Placemark id="2766">
                <name>Rumeli Hisari</name>
                <description>This half-forgotten fortress was constructed by the Ottoman conqueror of Constantinople. &lt;br&gt; &lt;br&gt; https://www.atlasobscura.com/places/rumeli-hisari</description>
                <styleUrl>#42</styleUrl>
                <Point id="2765">
                    <coordinates>29.056698,41.084822,0.0</coordinates>
                </Point>
            </Placemark>
            <Placemark id="2768">
                <name>The Museum of Innocence</name>
                <description>This museum was invented in a novel before being made real by the author. &lt;br&gt; &lt;br&gt; https://www.atlasobscura.com/places/the-museum-of-innocence-2-istanbul-turkey</description>
                <styleUrl>#42</styleUrl>
                <Point id="2767">
                    <coordinates>28.979736,41.030724,0.0</coordinates>
                </Point>
            </Placemark>
            <Placemark id="2770">
                <name>Tünel</name>
                <description>Climb a steep hill in 90 seconds on the second-oldest urban subway in the world. &lt;br&gt; &lt;br&gt; https://www.atlasobscura.com/places/tunel</description>
                <styleUrl>#42</styleUrl>
                <Point id="2769">
                    <coordinates>28.97369,41.02276,0.0</coordinates>
                </Point>
            </Placemark>
            <Placemark id="2772">
                <name>St. Stephen Bulgarian Iron Church</name>
                <description>The most metal church of all time was built in record time because of an international, pious pissing contest. &lt;br&gt; &lt;br&gt; https://www.atlasobscura.com/places/st-stephen-bulgarian-iron-church</description>
                <styleUrl>#42</styleUrl>
                <Point id="2771">
                    <coordinates>28.949722,41.031944,0.0</coordinates>
                </Point>
            </Placemark>
            <Placemark id="2774">
                <name>Panorama 1453 Museum</name>
                <description>Step back in time and witness the fall of Constantinople. &lt;br&gt; &lt;br&gt; https://www.atlasobscura.com/places/panorama-1453-museum</description>
                <styleUrl>#42</styleUrl>
                <Point id="2773">
                    <coordinates>28.920393,41.017994,0.0</coordinates>
                </Point>
            </Placemark>
            <Placemark id="2776">
                <name>Pudding Shop (Lale Restaurant)</name>
                <description>This crucial gathering spot along the &quot;hippie trail&quot; still displays old notes between traveling beatniks and backpackers. &lt;br&gt; &lt;br&gt; https://www.atlasobscura.com/places/pudding-shop-lale-restaurant</description>
                <styleUrl>#42</styleUrl>
                <Point id="2775">
                    <coordinates>28.977192,41.008103,0.0</coordinates>
                </Point>
            </Placemark>
            <Placemark id="2778">
                <name>Vlora Hanı</name>
                <description>An Art Nouveau gem hides beneath the layers of city grime obscuring this once-magnificent building. &lt;br&gt; &lt;br&gt; https://www.atlasobscura.com/places/flora-han</description>
                <styleUrl>#42</styleUrl>
                <Point id="2777">
                    <coordinates>28.974718,41.014429,0.0</coordinates>
                </Point>
            </Placemark>
            <Placemark id="2780">
                <name>Piri Reis Map at Topkapi Palace</name>
                <description>1513 Turkish world map, full of European state secrets and snarky commentary. &lt;br&gt; &lt;br&gt; https://www.atlasobscura.com/places/piri-reis-map-at-topkapi-palace</description>
                <styleUrl>#42</styleUrl>
                <Point id="2779">
                    <coordinates>28.983334,41.011495,0.0</coordinates>
                </Point>
            </Placemark>
            <Placemark id="2782">
                <name>Nakilbent Cistern</name>
                <description>A sixth-century Byzantine cistern hidden below a modern carpet store. &lt;br&gt; &lt;br&gt; https://www.atlasobscura.com/places/nakilbent-cistern</description>
                <styleUrl>#42</styleUrl>
                <Point id="2781">
                    <coordinates>28.975099,41.004113,0.0</coordinates>
                </Point>
            </Placemark>
            <Placemark id="2784">
                <name>Minyatür’s Nautical Instruments</name>
                <description>Turkish adventurer antiques in the heart of the Grand Bazaar. &lt;br&gt; &lt;br&gt; https://www.atlasobscura.com/places/minyat-r-s-nautical-instruments</description>
                <styleUrl>#42</styleUrl>
                <Point id="2783">
                    <coordinates>28.968451,41.010822,0.0</coordinates>
                </Point>
            </Placemark>
            <Placemark id="2786">
                <name>Camondo Stairs</name>
                <description>A gorgeous, Gaudí-esque stairway constructed in the city of Istanbul by a prominent Jewish family. &lt;br&gt; &lt;br&gt; https://www.atlasobscura.com/places/camondo-stairs</description>
                <styleUrl>#42</styleUrl>
                <Point id="2785">
                    <coordinates>28.973743,41.023959,0.0</coordinates>
                </Point>
            </Placemark>
            <Placemark id="2788">
                <name>Hagia Sophia Wishing Column</name>
                <description>Legend says if you stick your thumb in the hole and it gets wet, your wish will be granted. &lt;br&gt; &lt;br&gt; https://www.atlasobscura.com/places/hagia-sophia-wishing-column</description>
                <styleUrl>#42</styleUrl>
                <Point id="2787">
                    <coordinates>28.979376,41.00836,0.0</coordinates>
                </Point>
            </Placemark>
            <Placemark id="2790">
                <name>Obelisk of Theodosius</name>
                <description>This remarkably well-preserved Egyptian plinth is pretty well traveled for a giant piece of stone. &lt;br&gt; &lt;br&gt; https://www.atlasobscura.com/places/obelisk-of-theodosius</description>
                <styleUrl>#42</styleUrl>
                <Point id="2789">
                    <coordinates>28.975423,41.005887,0.0</coordinates>
                </Point>
            </Placemark>
            <Placemark id="2792">
                <name>Tombs of the Sultans</name>
                <description>Five sultans and their families rest in eternal splendor, teeming with overlooked beauty and drama. &lt;br&gt; &lt;br&gt; https://www.atlasobscura.com/places/tombs-of-the-sultans</description>
                <styleUrl>#42</styleUrl>
                <Point id="2791">
                    <coordinates>28.980169,41.008566,0.0</coordinates>
                </Point>
            </Placemark>
            <Placemark id="2794">
                <name>Viking Runes at Hagia Sophia</name>
                <description>A small etching on the white marble parapet was written in runic script by a Viking mercenary. &lt;br&gt; &lt;br&gt; https://www.atlasobscura.com/places/viking-runes-at-hagia-sophia</description>
                <styleUrl>#42</styleUrl>
                <Point id="2793">
                    <coordinates>28.980175,41.008583,0.0</coordinates>
                </Point>
            </Placemark>
            <Placemark id="2796">
                <name>Tombili</name>
                <description>A meow-velous tribute to a beloved street cat, made famous on the internet. &lt;br&gt; &lt;br&gt; https://www.atlasobscura.com/places/tombili</description>
                <styleUrl>#42</styleUrl>
                <Point id="2795">
                    <coordinates>29.041673,40.989004,0.0</coordinates>
                </Point>
            </Placemark>
            <Placemark id="2798">
                <name>Ottoman Bird Palaces</name>
                <description>The ornate miniature mansions were built for Istanbul's feathered residents. &lt;br&gt; &lt;br&gt; https://www.atlasobscura.com/places/ottoman-bird-palaces</description>
                <styleUrl>#42</styleUrl>
                <Point id="2797">
                    <coordinates>29.015021,41.024593,0.0</coordinates>
                </Point>
            </Placemark>
            <Placemark id="2800">
                <name>Basilica Cisterns of Istanbul</name>
                <description>A marvel of Byzantine engineering under the streets of Istanbul. &lt;br&gt; &lt;br&gt; https://www.atlasobscura.com/places/basilica-cisterns-istanbul</description>
                <styleUrl>#42</styleUrl>
                <Point id="2799">
                    <coordinates>28.977883,41.008382,0.0</coordinates>
                </Point>
            </Placemark>
        </Folder>
        <Folder id="14">
            <name>B</name>
            <Placemark id="726">
                <name>F4</name>
                <description>                    category  : funicular line &lt;br&gt;   
                    sitelinks : 5.0 &lt;br&gt;   
                    articleEN : https://en.wikipedia.org/wiki/F4_(Istanbul_funicular) &lt;br&gt;             
                    articleDE : https://de.wikipedia.org/wiki/F%C3%BCnik%C3%BCler_Bo%C4%9Fazi%C3%A7i_%C3%9Cni./Hisar%C3%BCst%C3%BC%E2%80%93A%C5%9Fiyan &lt;br&gt;              
                    wikidata_link : http://www.wikidata.org/entity/Q31193345</description>
                <styleUrl>#30</styleUrl>
                <Point id="725">
                    <coordinates>29.0248,41.0506,0.0</coordinates>
                </Point>
            </Placemark>
            <Placemark id="728">
                <name>F3</name>
                <description>                    category  : funicular line &lt;br&gt;   
                    sitelinks : 5.0 &lt;br&gt;   
                    articleEN : https://en.wikipedia.org/wiki/F3_(Istanbul_funicular) &lt;br&gt;             
                    articleDE : https://de.wikipedia.org/wiki/F%C3%BCnik%C3%BCler_Vadistanbul%E2%80%93Seyrantepe &lt;br&gt;              
                    wikidata_link : http://www.wikidata.org/entity/Q31193173</description>
                <styleUrl>#30</styleUrl>
                <Point id="727">
                    <coordinates>28.98933,41.106,0.0</coordinates>
                </Point>
            </Placemark>
            <Placemark id="730">
                <name>Venetian Palace</name>
                <description>                    category  : official residence &lt;br&gt;   
                    sitelinks : 5.0 &lt;br&gt;   
                    articleEN :  &lt;br&gt;             
                    articleDE : https://de.wikipedia.org/wiki/Venedik_Saray%C4%B1 &lt;br&gt;              
                    wikidata_link : http://www.wikidata.org/entity/Q28530450</description>
                <styleUrl>#30</styleUrl>
                <Point id="729">
                    <coordinates>28.977222222222,41.029722222222,0.0</coordinates>
                </Point>
            </Placemark>
            <Placemark id="732">
                <name>Hafif Metro Istanbul</name>
                <description>                    category  : light rail system &lt;br&gt;   
                    sitelinks : 5.0 &lt;br&gt;   
                    articleEN :  &lt;br&gt;             
                    articleDE : https://de.wikipedia.org/wiki/Hafif_Metro_Istanbul &lt;br&gt;              
                    wikidata_link : http://www.wikidata.org/entity/Q26929</description>
                <styleUrl>#30</styleUrl>
                <Point id="731">
                    <coordinates>28.8936624,41.003506,0.0</coordinates>
                </Point>
            </Placemark>
            <Placemark id="734">
                <name>St. Ignatius Greek Orthodox Cemetery, Kadıköy</name>
                <description>                    category  : cemetery &lt;br&gt;   
                    sitelinks : 5.0 &lt;br&gt;   
                    articleEN : https://en.wikipedia.org/wiki/St._Ignatius_Greek_Orthodox_Cemetery,_Kad%C4%B1k%C3%B6y &lt;br&gt;             
                    articleDE :  &lt;br&gt;              
                    wikidata_link : http://www.wikidata.org/entity/Q115694614</description>
                <styleUrl>#30</styleUrl>
                <Point id="733">
                    <coordinates>29.047630555556,40.999180555556,0.0</coordinates>
                </Point>
            </Placemark>
            <Placemark id="736">
                <name>Yusuf Şucaeddin Camii Çeşmesi</name>
                <description>                    category  : fountain &lt;br&gt;   
                    sitelinks : 5.0 &lt;br&gt;   
                    articleEN : https://en.wikipedia.org/wiki/Balat_Fountain &lt;br&gt;             
                    articleDE :  &lt;br&gt;              
                    wikidata_link : http://www.wikidata.org/entity/Q112080881</description>
                <styleUrl>#30</styleUrl>
                <Point id="735">
                    <coordinates>28.946921,41.034342,0.0</coordinates>
                </Point>
            </Placemark>
            <Placemark id="738">
                <name>Ümraniye Belediyesi Şehir Stadium</name>
                <description>                    category  : stadium &lt;br&gt;   
                    sitelinks : 5.0 &lt;br&gt;   
                    articleEN : https://en.wikipedia.org/wiki/%C3%9Cmraniye_Municipality_City_Stadium &lt;br&gt;             
                    articleDE :  &lt;br&gt;              
                    wikidata_link : http://www.wikidata.org/entity/Q98091637</description>
                <styleUrl>#30</styleUrl>
                <Point id="737">
                    <coordinates>29.10953328215,41.058950253409,0.0</coordinates>
                </Point>
            </Placemark>
            <Placemark id="740">
                <name>Surp Krikor Lusavoriç Armenian Church, Kuzguncuk</name>
                <description>                    category  : church building &lt;br&gt;   
                    sitelinks : 5.0 &lt;br&gt;   
                    articleEN : https://en.wikipedia.org/wiki/Surp_Krikor_Lusavori%C3%A7_Armenian_Church,_Kuzguncuk &lt;br&gt;             
                    articleDE :  &lt;br&gt;              
                    wikidata_link : http://www.wikidata.org/entity/Q97162737</description>
                <styleUrl>#30</styleUrl>
                <Point id="739">
                    <coordinates>29.030277777778,41.036666666667,0.0</coordinates>
                </Point>
            </Placemark>
            <Placemark id="742">
                <name>Büyük Valide Han</name>
                <description>                    category  : caravanserai &lt;br&gt;   
                    sitelinks : 5.0 &lt;br&gt;   
                    articleEN : https://en.wikipedia.org/wiki/B%C3%BCy%C3%BCk_Valide_Han &lt;br&gt;             
                    articleDE :  &lt;br&gt;              
                    wikidata_link : http://www.wikidata.org/entity/Q96417932</description>
                <styleUrl>#30</styleUrl>
                <Point id="741">
                    <coordinates>28.968416666667,41.013805555556,0.0</coordinates>
                </Point>
            </Placemark>
            <Placemark id="744">
                <name>Suriye Pasajı</name>
                <description>                    category  : historic building &lt;br&gt;   
                    sitelinks : 5.0 &lt;br&gt;   
                    articleEN : https://en.wikipedia.org/wiki/Suriye_Pasaj%C4%B1 &lt;br&gt;             
                    articleDE :  &lt;br&gt;              
                    wikidata_link : http://www.wikidata.org/entity/Q73529219</description>
                <styleUrl>#30</styleUrl>
                <Point id="743">
                    <coordinates>28.97513,41.03028,0.0</coordinates>
                </Point>
            </Placemark>
            <Placemark id="746">
                <name>Bayezid II, Turkish Bath Culture Museum</name>
                <description>                    category  : hammam &lt;br&gt;   
                    sitelinks : 5.0 &lt;br&gt;   
                    articleEN : https://en.wikipedia.org/wiki/Bayezid_II_Hamam &lt;br&gt;             
                    articleDE :  &lt;br&gt;              
                    wikidata_link : http://www.wikidata.org/entity/Q68217803</description>
                <styleUrl>#30</styleUrl>
                <Point id="745">
                    <coordinates>28.961555,41.009792,0.0</coordinates>
                </Point>
            </Placemark>
            <Placemark id="748">
                <name>Nallı Masjid</name>
                <description>                    category  : mosque &lt;br&gt;   
                    sitelinks : 5.0 &lt;br&gt;   
                    articleEN : https://en.wikipedia.org/wiki/Nall%C4%B1_Masjid &lt;br&gt;             
                    articleDE :  &lt;br&gt;              
                    wikidata_link : http://www.wikidata.org/entity/Q65054289</description>
                <styleUrl>#30</styleUrl>
                <Point id="747">
                    <coordinates>28.975555555556,41.0125,0.0</coordinates>
                </Point>
            </Placemark>
            <Placemark id="750">
                <name>Esatpaşa</name>
                <description>                    category  : mahalle &lt;br&gt;   
                    sitelinks : 5.0 &lt;br&gt;   
                    articleEN : https://en.wikipedia.org/wiki/Esatpa%C5%9Fa,_Ata%C5%9Fehir &lt;br&gt;             
                    articleDE :  &lt;br&gt;              
                    wikidata_link : http://www.wikidata.org/entity/Q61071463</description>
                <styleUrl>#30</styleUrl>
                <Point id="749">
                    <coordinates>29.0851,41.0035,0.0</coordinates>
                </Point>
            </Placemark>
            <Placemark id="752">
                <name>Tepeüstü</name>
                <description>                    category  : mahalle &lt;br&gt;   
                    sitelinks : 5.0 &lt;br&gt;   
                    articleEN : https://en.wikipedia.org/wiki/Tepe%C3%BCst%C3%BC &lt;br&gt;             
                    articleDE :  &lt;br&gt;              
                    wikidata_link : http://www.wikidata.org/entity/Q61071454</description>
                <styleUrl>#30</styleUrl>
                <Point id="751">
                    <coordinates>29.131365,41.016808,0.0</coordinates>
                </Point>
            </Placemark>
            <Placemark id="754">
                <name>Kağıthane (M7)</name>
                <description>                    category  : interchange station &lt;br&gt;   
                    sitelinks : 5.0 &lt;br&gt;   
                    articleEN : https://en.wikipedia.org/wiki/Ka%C4%9F%C4%B1thane_(Istanbul_Metro) &lt;br&gt;             
                    articleDE :  &lt;br&gt;              
                    wikidata_link : http://www.wikidata.org/entity/Q55887158</description>
                <styleUrl>#30</styleUrl>
                <Point id="753">
                    <coordinates>28.973120669444,41.079630680556,0.0</coordinates>
                </Point>
            </Placemark>
            <Placemark id="756">
                <name>Aşiyan</name>
                <description>                    category  : interchange station &lt;br&gt;   
                    sitelinks : 5.0 &lt;br&gt;   
                    articleEN : https://en.wikipedia.org/wiki/A%C5%9Fiyan_(Istanbul_Metro) &lt;br&gt;             
                    articleDE :  &lt;br&gt;              
                    wikidata_link : http://www.wikidata.org/entity/Q48966872</description>
                <styleUrl>#30</styleUrl>
                <Point id="755">
                    <coordinates>29.055126027081,41.081378040332,0.0</coordinates>
                </Point>
            </Placemark>
            <Placemark id="758">
                <name>Seyrantepe</name>
                <description>                    category  : interchange station &lt;br&gt;   
                    sitelinks : 5.0 &lt;br&gt;   
                    articleEN : https://en.wikipedia.org/wiki/Seyrantepe_(Istanbul_Metro) &lt;br&gt;             
                    articleDE :  &lt;br&gt;              
                    wikidata_link : http://www.wikidata.org/entity/Q47004751</description>
                <styleUrl>#30</styleUrl>
                <Point id="757">
                    <coordinates>28.995702990986,41.101159652799,0.0</coordinates>
                </Point>
            </Placemark>
            <Placemark id="760">
                <name>Mahmutbey (M3)</name>
                <description>                    category  : interchange station &lt;br&gt;   
                    sitelinks : 5.0 &lt;br&gt;   
                    articleEN : https://en.wikipedia.org/wiki/Mahmutbey_(Istanbul_Metro) &lt;br&gt;             
                    articleDE :  &lt;br&gt;              
                    wikidata_link : http://www.wikidata.org/entity/Q47004328</description>
                <styleUrl>#30</styleUrl>
                <Point id="759">
                    <coordinates>28.83059423519,41.055234561728,0.0</coordinates>
                </Point>
            </Placemark>
            <Placemark id="762">
                <name>Ataköy—Şirinevler</name>
                <description>                    category  : interchange station &lt;br&gt;   
                    sitelinks : 5.0 &lt;br&gt;   
                    articleEN : https://en.wikipedia.org/wiki/Atak%C3%B6y%E2%80%94%C5%9Eirinevler_(Istanbul_Metro) &lt;br&gt;             
                    articleDE :  &lt;br&gt;              
                    wikidata_link : http://www.wikidata.org/entity/Q46811073</description>
                <styleUrl>#30</styleUrl>
                <Point id="761">
                    <coordinates>28.845744904767,40.991382696864,0.0</coordinates>
                </Point>
            </Placemark>
            <Placemark id="764">
                <name>Yenisahra (M4)</name>
                <description>                    category  : interchange station &lt;br&gt;   
                    sitelinks : 5.0 &lt;br&gt;   
                    articleEN : https://en.wikipedia.org/wiki/Yenisahra_(Istanbul_Metro) &lt;br&gt;             
                    articleDE :  &lt;br&gt;              
                    wikidata_link : http://www.wikidata.org/entity/Q46696116</description>
                <styleUrl>#30</styleUrl>
                <Point id="763">
                    <coordinates>29.090465059564,40.984581467146,0.0</coordinates>
                </Point>
            </Placemark>
            <Placemark id="766">
                <name>Altunizade (M5)</name>
                <description>                    category  : interchange station &lt;br&gt;   
                    sitelinks : 5.0 &lt;br&gt;   
                    articleEN : https://en.wikipedia.org/wiki/Altunizade_(Istanbul_Metro) &lt;br&gt;             
                    articleDE :  &lt;br&gt;              
                    wikidata_link : http://www.wikidata.org/entity/Q46602031</description>
                <styleUrl>#30</styleUrl>
                <Point id="765">
                    <coordinates>29.048302946978,41.021924872514,0.0</coordinates>
                </Point>
            </Placemark>
            <Placemark id="768">
                <name>Abdi İpekçi Peace Monument</name>
                <description>                    category  : statue &lt;br&gt;   
                    sitelinks : 5.0 &lt;br&gt;   
                    articleEN : https://en.wikipedia.org/wiki/Abdi_%C4%B0pek%C3%A7i_Peace_Monument &lt;br&gt;             
                    articleDE :  &lt;br&gt;              
                    wikidata_link : http://www.wikidata.org/entity/Q42789078</description>
                <styleUrl>#30</styleUrl>
                <Point id="767">
                    <coordinates>28.991666666667,41.049444444444,0.0</coordinates>
                </Point>
            </Placemark>
            <Placemark id="770">
                <name>National Defense University</name>
                <description>                    category  : public university &lt;br&gt;   
                    sitelinks : 5.0 &lt;br&gt;   
                    articleEN : https://en.wikipedia.org/wiki/National_Defense_University_(Turkey) &lt;br&gt;             
                    articleDE :  &lt;br&gt;              
                    wikidata_link : http://www.wikidata.org/entity/Q28846425</description>
                <styleUrl>#30</styleUrl>
                <Point id="769">
                    <coordinates>29.0135,41.101,0.0</coordinates>
                </Point>
            </Placemark>
            <Placemark id="772">
                <name>Bağcılar Meydan</name>
                <description>                    category  : interchange station &lt;br&gt;   
                    sitelinks : 5.0 &lt;br&gt;   
                    articleEN : https://en.wikipedia.org/wiki/Ba%C4%9Fc%C4%B1lar_Meydan_(Istanbul_Metro) &lt;br&gt;             
                    articleDE :  &lt;br&gt;              
                    wikidata_link : http://www.wikidata.org/entity/Q28197516</description>
                <styleUrl>#30</styleUrl>
                <Point id="771">
                    <coordinates>28.856407176373,41.034695867845,0.0</coordinates>
                </Point>
            </Placemark>
            <Placemark id="774">
                <name>Surp Yerrortutyun Armenian Catholic Church</name>
                <description>                    category  : Eastern Catholic church &lt;br&gt;   
                    sitelinks : 5.0 &lt;br&gt;   
                    articleEN : https://en.wikipedia.org/wiki/Surp_Yerrortutyun_Armenian_Catholic_Church &lt;br&gt;             
                    articleDE :  &lt;br&gt;              
                    wikidata_link : http://www.wikidata.org/entity/Q25474174</description>
                <styleUrl>#30</styleUrl>
                <Point id="773">
                    <coordinates>28.975472,41.031667,0.0</coordinates>
                </Point>
            </Placemark>
            <Placemark id="776">
                <name>Column of Leo</name>
                <description>                    category  : victory column &lt;br&gt;   
                    sitelinks : 5.0 &lt;br&gt;   
                    articleEN : https://en.wikipedia.org/wiki/Column_of_Leo &lt;br&gt;             
                    articleDE :  &lt;br&gt;              
                    wikidata_link : http://www.wikidata.org/entity/Q24934913</description>
                <styleUrl>#30</styleUrl>
                <Point id="775">
                    <coordinates>28.984825,41.013276,0.0</coordinates>
                </Point>
            </Placemark>
            <Placemark id="778">
                <name>Yenibosna (M1)</name>
                <description>                    category  : interchange station &lt;br&gt;   
                    sitelinks : 5.0 &lt;br&gt;   
                    articleEN : https://en.wikipedia.org/wiki/Yenibosna_(Istanbul_Metro) &lt;br&gt;             
                    articleDE :  &lt;br&gt;              
                    wikidata_link : http://www.wikidata.org/entity/Q21527336</description>
                <styleUrl>#30</styleUrl>
                <Point id="777">
                    <coordinates>28.837380322981,40.989705072221,0.0</coordinates>
                </Point>
            </Placemark>
            <Placemark id="780">
                <name>Bakırköy—İncirli</name>
                <description>                    category  : interchange station &lt;br&gt;   
                    sitelinks : 5.0 &lt;br&gt;   
                    articleEN : https://en.wikipedia.org/wiki/Bak%C4%B1rk%C3%B6y%E2%80%94%C4%B0ncirli_(Istanbul_Metro) &lt;br&gt;             
                    articleDE :  &lt;br&gt;              
                    wikidata_link : http://www.wikidata.org/entity/Q20988314</description>
                <styleUrl>#30</styleUrl>
                <Point id="779">
                    <coordinates>28.874667745908,40.996585977762,0.0</coordinates>
                </Point>
            </Placemark>
            <Placemark id="782">
                <name>Orhan Kemal Literature Museum</name>
                <description>                    category  : living museum &lt;br&gt;   
                    sitelinks : 5.0 &lt;br&gt;   
                    articleEN : https://en.wikipedia.org/wiki/Orhan_Kemal_Literature_Museum &lt;br&gt;             
                    articleDE :  &lt;br&gt;              
                    wikidata_link : http://www.wikidata.org/entity/Q20949672</description>
                <styleUrl>#30</styleUrl>
                <Point id="781">
                    <coordinates>28.98357,41.03055,0.0</coordinates>
                </Point>
            </Placemark>
            <Placemark id="784">
                <name>Sanayi Mahallesi</name>
                <description>                    category  : interchange station &lt;br&gt;   
                    sitelinks : 5.0 &lt;br&gt;   
                    articleEN : https://en.wikipedia.org/wiki/Sanayi_(Istanbul_Metro) &lt;br&gt;             
                    articleDE :  &lt;br&gt;              
                    wikidata_link : http://www.wikidata.org/entity/Q20718122</description>
                <styleUrl>#30</styleUrl>
                <Point id="783">
                    <coordinates>29.005303121193,41.094190830953,0.0</coordinates>
                </Point>
            </Placemark>
            <Placemark id="786">
                <name>İTÜ—Ayazağa</name>
                <description>                    category  : interchange station &lt;br&gt;   
                    sitelinks : 5.0 &lt;br&gt;   
                    articleEN : https://en.wikipedia.org/wiki/%C4%B0.T.%C3%9C.%E2%80%94Ayaza%C4%9Fa_(Istanbul_Metro) &lt;br&gt;             
                    articleDE :  &lt;br&gt;              
                    wikidata_link : http://www.wikidata.org/entity/Q20717475</description>
                <styleUrl>#30</styleUrl>
                <Point id="785">
                    <coordinates>29.020987663246,41.108079787508,0.0</coordinates>
                </Point>
            </Placemark>
            <Placemark id="788">
                <name>Gedikpaşa Surp Hovhannes Church</name>
                <description>                    category  : church building &lt;br&gt;   
                    sitelinks : 5.0 &lt;br&gt;   
                    articleEN : https://en.wikipedia.org/wiki/Gedikpa%C5%9Fa_Surp_Hovhannes_Church &lt;br&gt;             
                    articleDE :  &lt;br&gt;              
                    wikidata_link : http://www.wikidata.org/entity/Q20473177</description>
                <styleUrl>#30</styleUrl>
                <Point id="787">
                    <coordinates>28.967398,41.00591,0.0</coordinates>
                </Point>
            </Placemark>
            <Placemark id="790">
                <name>Taksim Surp Harutyun Church</name>
                <description>                    category  : church building &lt;br&gt;   
                    sitelinks : 5.0 &lt;br&gt;   
                    articleEN : https://en.wikipedia.org/wiki/Taksim_Surp_Harutyun_Church &lt;br&gt;             
                    articleDE :  &lt;br&gt;              
                    wikidata_link : http://www.wikidata.org/entity/Q20471609</description>
                <styleUrl>#30</styleUrl>
                <Point id="789">
                    <coordinates>28.984126,41.035057,0.0</coordinates>
                </Point>
            </Placemark>
            <Placemark id="792">
                <name>Surp Yerrortutyun Armenian Church</name>
                <description>                    category  : church building &lt;br&gt;   
                    sitelinks : 5.0 &lt;br&gt;   
                    articleEN : https://en.wikipedia.org/wiki/Surp_Yerrortutyun_Armenian_Church &lt;br&gt;             
                    articleDE :  &lt;br&gt;              
                    wikidata_link : http://www.wikidata.org/entity/Q20471350</description>
                <styleUrl>#30</styleUrl>
                <Point id="791">
                    <coordinates>28.97758,41.034245,0.0</coordinates>
                </Point>
            </Placemark>
            <Placemark id="794">
                <name>Ayrılık Çeşmesi</name>
                <description>                    category  : interchange station &lt;br&gt;   
                    sitelinks : 5.0 &lt;br&gt;   
                    articleEN : https://en.wikipedia.org/wiki/Ayr%C4%B1l%C4%B1k_%C3%87e%C5%9Fmesi_(Istanbul_Metro) &lt;br&gt;             
                    articleDE :  &lt;br&gt;              
                    wikidata_link : http://www.wikidata.org/entity/Q18787562</description>
                <styleUrl>#30</styleUrl>
                <Point id="793">
                    <coordinates>29.030174090417,41.00024958097,0.0</coordinates>
                </Point>
            </Placemark>
            <Placemark id="796">
                <name>Vezneciler—İstanbul Üniversitesi</name>
                <description>                    category  : interchange station &lt;br&gt;   
                    sitelinks : 5.0 &lt;br&gt;   
                    articleEN : https://en.wikipedia.org/wiki/Vezneciler_(Istanbul_Metro) &lt;br&gt;             
                    articleDE :  &lt;br&gt;              
                    wikidata_link : http://www.wikidata.org/entity/Q18712611</description>
                <styleUrl>#30</styleUrl>
                <Point id="795">
                    <coordinates>28.959415170088,41.012168074569,0.0</coordinates>
                </Point>
            </Placemark>
            <Placemark id="798">
                <name>Üsküdar railway station</name>
                <description>                    category  : interchange station &lt;br&gt;   
                    sitelinks : 5.0 &lt;br&gt;   
                    articleEN : https://en.wikipedia.org/wiki/%C3%9Csk%C3%BCdar_railway_station &lt;br&gt;             
                    articleDE :  &lt;br&gt;              
                    wikidata_link : http://www.wikidata.org/entity/Q18712605</description>
                <styleUrl>#30</styleUrl>
                <Point id="797">
                    <coordinates>29.01404541037,41.025797394145,0.0</coordinates>
                </Point>
            </Placemark>
            <Placemark id="800">
                <name>Ayrılık Çeşmesi railway station</name>
                <description>                    category  : interchange station &lt;br&gt;   
                    sitelinks : 5.0 &lt;br&gt;   
                    articleEN : https://en.wikipedia.org/wiki/Ayr%C4%B1l%C4%B1k_%C3%87e%C5%9Fmesi_railway_station &lt;br&gt;             
                    articleDE :  &lt;br&gt;              
                    wikidata_link : http://www.wikidata.org/entity/Q18712120</description>
                <styleUrl>#30</styleUrl>
                <Point id="799">
                    <coordinates>29.030124739384,41.00018660935,0.0</coordinates>
                </Point>
            </Placemark>
            <Placemark id="802">
                <name>timeline of Istanbul history</name>
                <description>                    category  : Wikimedia timeline &lt;br&gt;   
                    sitelinks : 5.0 &lt;br&gt;   
                    articleEN : https://en.wikipedia.org/wiki/Timeline_of_Istanbul &lt;br&gt;             
                    articleDE :  &lt;br&gt;              
                    wikidata_link : http://www.wikidata.org/entity/Q16152390</description>
                <styleUrl>#30</styleUrl>
                <Point id="801">
                    <coordinates>28.955,41.0136,0.0</coordinates>
                </Point>
            </Placemark>
            <Placemark id="804">
                <name>Yeraltı Camii</name>
                <description>                    category  : architectural structure &lt;br&gt;   
                    sitelinks : 5.0 &lt;br&gt;   
                    articleEN : https://en.wikipedia.org/wiki/Yeralt%C4%B1_Mosque &lt;br&gt;             
                    articleDE :  &lt;br&gt;              
                    wikidata_link : http://www.wikidata.org/entity/Q12885210</description>
                <styleUrl>#30</styleUrl>
                <Point id="803">
                    <coordinates>28.97648333,41.02253333,0.0</coordinates>
                </Point>
            </Placemark>
            <Placemark id="806">
                <name>İçerenköy</name>
                <description>                    category  : mahalle &lt;br&gt;   
                    sitelinks : 5.0 &lt;br&gt;   
                    articleEN : https://en.wikipedia.org/wiki/%C4%B0%C3%A7erenk%C3%B6y &lt;br&gt;             
                    articleDE :  &lt;br&gt;              
                    wikidata_link : http://www.wikidata.org/entity/Q12813027</description>
                <styleUrl>#30</styleUrl>
                <Point id="805">
                    <coordinates>29.1164,40.9692,0.0</coordinates>
                </Point>
            </Placemark>
            <Placemark id="808">
                <name>Eğitim</name>
                <description>                    category  : mahalle &lt;br&gt;   
                    sitelinks : 5.0 &lt;br&gt;   
                    articleEN : https://en.wikipedia.org/wiki/E%C4%9Fitim,_Kad%C4%B1k%C3%B6y &lt;br&gt;             
                    articleDE :  &lt;br&gt;              
                    wikidata_link : http://www.wikidata.org/entity/Q12809497</description>
                <styleUrl>#30</styleUrl>
                <Point id="807">
                    <coordinates>29.0490887,40.9890334,0.0</coordinates>
                </Point>
            </Placemark>
            <Placemark id="810">
                <name>Ayakapı</name>
                <description>                    category  : quarter &lt;br&gt;   
                    sitelinks : 5.0 &lt;br&gt;   
                    articleEN : https://en.wikipedia.org/wiki/Ayakap%C4%B1 &lt;br&gt;             
                    articleDE :  &lt;br&gt;              
                    wikidata_link : http://www.wikidata.org/entity/Q12808635</description>
                <styleUrl>#30</styleUrl>
                <Point id="809">
                    <coordinates>28.9565,41.026666666667,0.0</coordinates>
                </Point>
            </Placemark>
            <Placemark id="812">
                <name>Yeşilköy Feneri</name>
                <description>                    category  : lighthouse &lt;br&gt;   
                    sitelinks : 5.0 &lt;br&gt;   
                    articleEN : https://en.wikipedia.org/wiki/Ye%C5%9Filk%C3%B6y_Feneri &lt;br&gt;             
                    articleDE :  &lt;br&gt;              
                    wikidata_link : http://www.wikidata.org/entity/Q8053369</description>
                <styleUrl>#30</styleUrl>
                <Point id="811">
                    <coordinates>28.839166666667,40.958333333333,0.0</coordinates>
                </Point>
            </Placemark>
            <Placemark id="814">
                <name>Women's Library and Information Centre Foundation</name>
                <description>                    category  : library &lt;br&gt;   
                    sitelinks : 5.0 &lt;br&gt;   
                    articleEN : https://en.wikipedia.org/wiki/Women%27s_Library_and_Information_Centre_Foundation &lt;br&gt;             
                    articleDE :  &lt;br&gt;              
                    wikidata_link : http://www.wikidata.org/entity/Q8030968</description>
                <styleUrl>#30</styleUrl>
                <Point id="813">
                    <coordinates>28.9505,41.030777777778,0.0</coordinates>
                </Point>
            </Placemark>
            <Placemark id="816">
                <name>TVF Burhan Felek Sport Hall</name>
                <description>                    category  : sports venue &lt;br&gt;   
                    sitelinks : 5.0 &lt;br&gt;   
                    articleEN : https://en.wikipedia.org/wiki/TVF_Burhan_Felek_Sport_Hall &lt;br&gt;             
                    articleDE :  &lt;br&gt;              
                    wikidata_link : http://www.wikidata.org/entity/Q7672183</description>
                <styleUrl>#30</styleUrl>
                <Point id="815">
                    <coordinates>29.029387,41.014603,0.0</coordinates>
                </Point>
            </Placemark>
            <Placemark id="818">
                <name>Procession Kiosk</name>
                <description>                    category  : pavilion &lt;br&gt;   
                    sitelinks : 5.0 &lt;br&gt;   
                    articleEN : https://en.wikipedia.org/wiki/Procession_Kiosk &lt;br&gt;             
                    articleDE :  &lt;br&gt;              
                    wikidata_link : http://www.wikidata.org/entity/Q7247329</description>
                <styleUrl>#30</styleUrl>
                <Point id="817">
                    <coordinates>28.978282947115,41.011020624714,0.0</coordinates>
                </Point>
            </Placemark>
            <Placemark id="820">
                <name>Fikirtepe</name>
                <description>                    category  : mahalle &lt;br&gt;   
                    sitelinks : 5.0 &lt;br&gt;   
                    articleEN : https://en.wikipedia.org/wiki/Fikirtepe,_Kad%C4%B1k%C3%B6y &lt;br&gt;             
                    articleDE :  &lt;br&gt;              
                    wikidata_link : http://www.wikidata.org/entity/Q6100531</description>
                <styleUrl>#30</styleUrl>
                <Point id="819">
                    <coordinates>29.052562,40.993215,0.0</coordinates>
                </Point>
            </Placemark>
            <Placemark id="822">
                <name>Panorama 1453 History Museum</name>
                <description>                    category  : museum &lt;br&gt;   
                    sitelinks : 5.0 &lt;br&gt;   
                    articleEN : https://en.wikipedia.org/wiki/Panorama_1453_History_Museum &lt;br&gt;             
                    articleDE :  &lt;br&gt;              
                    wikidata_link : http://www.wikidata.org/entity/Q6090202</description>
                <styleUrl>#30</styleUrl>
                <Point id="821">
                    <coordinates>28.920525,41.018182,0.0</coordinates>
                </Point>
            </Placemark>
            <Placemark id="824">
                <name>Sahrayıcedit</name>
                <description>                    category  : mahalle &lt;br&gt;   
                    sitelinks : 5.0 &lt;br&gt;   
                    articleEN : https://en.wikipedia.org/wiki/Sahray%C4%B1cedit &lt;br&gt;             
                    articleDE :  &lt;br&gt;              
                    wikidata_link : http://www.wikidata.org/entity/Q6074272</description>
                <styleUrl>#30</styleUrl>
                <Point id="823">
                    <coordinates>29.08472222,40.9825,0.0</coordinates>
                </Point>
            </Placemark>
            <Placemark id="826">
                <name>Karadolap</name>
                <description>                    category  : mahalle &lt;br&gt;   
                    sitelinks : 5.0 &lt;br&gt;   
                    articleEN : https://en.wikipedia.org/wiki/Karadolap &lt;br&gt;             
                    articleDE :  &lt;br&gt;              
                    wikidata_link : http://www.wikidata.org/entity/Q6074146</description>
                <styleUrl>#30</styleUrl>
                <Point id="825">
                    <coordinates>28.93534883,41.074587,0.0</coordinates>
                </Point>
            </Placemark>
            <Placemark id="828">
                <name>Piyalepaşa</name>
                <description>                    category  : mahalle &lt;br&gt;   
                    sitelinks : 5.0 &lt;br&gt;   
                    articleEN : https://en.wikipedia.org/wiki/Piyalepa%C5%9Fa,_Beyo%C4%9Flu &lt;br&gt;             
                    articleDE :  &lt;br&gt;              
                    wikidata_link : http://www.wikidata.org/entity/Q6072012</description>
                <styleUrl>#30</styleUrl>
                <Point id="827">
                    <coordinates>28.963678,41.049047,0.0</coordinates>
                </Point>
            </Placemark>
            <Placemark id="830">
                <name>Çırçır</name>
                <description>                    category  : mahalle &lt;br&gt;   
                    sitelinks : 5.0 &lt;br&gt;   
                    articleEN : https://en.wikipedia.org/wiki/%C3%87%C4%B1r%C3%A7%C4%B1r,_Ey%C3%BCpsultan &lt;br&gt;             
                    articleDE :  &lt;br&gt;              
                    wikidata_link : http://www.wikidata.org/entity/Q6069204</description>
                <styleUrl>#30</styleUrl>
                <Point id="829">
                    <coordinates>28.93629283,41.08270683,0.0</coordinates>
                </Point>
            </Placemark>
            <Placemark id="832">
                <name>Atikali</name>
                <description>                    category  : mahalle &lt;br&gt;   
                    sitelinks : 5.0 &lt;br&gt;   
                    articleEN : https://en.wikipedia.org/wiki/Atikali &lt;br&gt;             
                    articleDE :  &lt;br&gt;              
                    wikidata_link : http://www.wikidata.org/entity/Q6067948</description>
                <styleUrl>#30</styleUrl>
                <Point id="831">
                    <coordinates>28.945187,41.02426483,0.0</coordinates>
                </Point>
            </Placemark>
            <Placemark id="834">
                <name>Mustafa Kemal</name>
                <description>                    category  : mahalle &lt;br&gt;   
                    sitelinks : 5.0 &lt;br&gt;   
                    articleEN : https://en.wikipedia.org/wiki/Mustafa_Kemal,_Ata%C5%9Fehir &lt;br&gt;             
                    articleDE :  &lt;br&gt;              
                    wikidata_link : http://www.wikidata.org/entity/Q6062593</description>
                <styleUrl>#30</styleUrl>
                <Point id="833">
                    <coordinates>29.0952356,41.001533,0.0</coordinates>
                </Point>
            </Placemark>
            <Placemark id="836">
                <name>Türkiye İş Bankası Museum</name>
                <description>                    category  : bank building &lt;br&gt;   
                    sitelinks : 5.0 &lt;br&gt;   
                    articleEN : https://en.wikipedia.org/wiki/%C4%B0%C5%9Fbank_Museum &lt;br&gt;             
                    articleDE :  &lt;br&gt;              
                    wikidata_link : http://www.wikidata.org/entity/Q6053818</description>
                <styleUrl>#30</styleUrl>
                <Point id="835">
                    <coordinates>28.9727863,41.015965,0.0</coordinates>
                </Point>
            </Placemark>
            <Placemark id="838">
                <name>Suadiye</name>
                <description>                    category  : mahalle &lt;br&gt;   
                    sitelinks : 5.0 &lt;br&gt;   
                    articleEN : https://en.wikipedia.org/wiki/Suadiye,_Kad%C4%B1k%C3%B6y &lt;br&gt;             
                    articleDE :  &lt;br&gt;              
                    wikidata_link : http://www.wikidata.org/entity/Q6047095</description>
                <styleUrl>#30</styleUrl>
                <Point id="837">
                    <coordinates>29.08138889,40.96111111,0.0</coordinates>
                </Point>
            </Placemark>
            <Placemark id="840">
                <name>Zühtüpaşa</name>
                <description>                    category  : mahalle &lt;br&gt;   
                    sitelinks : 5.0 &lt;br&gt;   
                    articleEN : https://en.wikipedia.org/wiki/Z%C3%BCht%C3%BCpa%C5%9Fa &lt;br&gt;             
                    articleDE :  &lt;br&gt;              
                    wikidata_link : http://www.wikidata.org/entity/Q6042885</description>
                <styleUrl>#30</styleUrl>
                <Point id="839">
                    <coordinates>29.0389261,40.986344,0.0</coordinates>
                </Point>
            </Placemark>
            <Placemark id="842">
                <name>19 Mayıs</name>
                <description>                    category  : mahalle &lt;br&gt;   
                    sitelinks : 5.0 &lt;br&gt;   
                    articleEN : https://en.wikipedia.org/wiki/19_May%C4%B1s,_Kad%C4%B1k%C3%B6y &lt;br&gt;             
                    articleDE :  &lt;br&gt;              
                    wikidata_link : http://www.wikidata.org/entity/Q6042681</description>
                <styleUrl>#30</styleUrl>
                <Point id="841">
                    <coordinates>29.08861111,40.97333333,0.0</coordinates>
                </Point>
            </Placemark>
            <Placemark id="844">
                <name>Hasanpaşa</name>
                <description>                    category  : mahalle &lt;br&gt;   
                    sitelinks : 5.0 &lt;br&gt;   
                    articleEN : https://en.wikipedia.org/wiki/Hasanpa%C5%9Fa,_Kad%C4%B1k%C3%B6y &lt;br&gt;             
                    articleDE :  &lt;br&gt;              
                    wikidata_link : http://www.wikidata.org/entity/Q6041223</description>
                <styleUrl>#30</styleUrl>
                <Point id="843">
                    <coordinates>29.041588,40.996213,0.0</coordinates>
                </Point>
            </Placemark>
            <Placemark id="846">
                <name>Osmanağa</name>
                <description>                    category  : mahalle &lt;br&gt;   
                    sitelinks : 5.0 &lt;br&gt;   
                    articleEN : https://en.wikipedia.org/wiki/Osmana%C4%9Fa &lt;br&gt;             
                    articleDE :  &lt;br&gt;              
                    wikidata_link : http://www.wikidata.org/entity/Q6040355</description>
                <styleUrl>#30</styleUrl>
                <Point id="845">
                    <coordinates>29.03039,40.989259,0.0</coordinates>
                </Point>
            </Placemark>
            <Placemark id="848">
                <name>Fatih Sultan Mehmet</name>
                <description>                    category  : mahalle &lt;br&gt;   
                    sitelinks : 5.0 &lt;br&gt;   
                    articleEN : https://en.wikipedia.org/wiki/Fatih_Sultan_Mehmet,_Sar%C4%B1yer &lt;br&gt;             
                    articleDE :  &lt;br&gt;              
                    wikidata_link : http://www.wikidata.org/entity/Q6036441</description>
                <styleUrl>#30</styleUrl>
                <Point id="847">
                    <coordinates>29.036,41.0954,0.0</coordinates>
                </Point>
            </Placemark>
            <Placemark id="850">
                <name>Barbaros Monument</name>
                <description>                    category  : statue &lt;br&gt;   
                    sitelinks : 5.0 &lt;br&gt;   
                    articleEN : https://en.wikipedia.org/wiki/Barbaros_Monument &lt;br&gt;             
                    articleDE :  &lt;br&gt;              
                    wikidata_link : http://www.wikidata.org/entity/Q6033590</description>
                <styleUrl>#30</styleUrl>
                <Point id="849">
                    <coordinates>29.00636111,41.04163889,0.0</coordinates>
                </Point>
            </Placemark>
            <Placemark id="852">
                <name>Cemal Reşit Rey Concert Hall</name>
                <description>                    category  : concert hall &lt;br&gt;   
                    sitelinks : 5.0 &lt;br&gt;   
                    articleEN : https://en.wikipedia.org/wiki/Cemal_Re%C5%9Fit_Rey_Concert_Hall &lt;br&gt;             
                    articleDE :  &lt;br&gt;              
                    wikidata_link : http://www.wikidata.org/entity/Q5058633</description>
                <styleUrl>#30</styleUrl>
                <Point id="851">
                    <coordinates>28.99,41.04805556,0.0</coordinates>
                </Point>
            </Placemark>
            <Placemark id="854">
                <name>Bakırköy railway station</name>
                <description>                    category  : interchange station &lt;br&gt;   
                    sitelinks : 5.0 &lt;br&gt;   
                    articleEN : https://en.wikipedia.org/wiki/Bak%C4%B1rk%C3%B6y_railway_station &lt;br&gt;             
                    articleDE :  &lt;br&gt;              
                    wikidata_link : http://www.wikidata.org/entity/Q4849621</description>
                <styleUrl>#30</styleUrl>
                <Point id="853">
                    <coordinates>28.872555086412,40.980310292037,0.0</coordinates>
                </Point>
            </Placemark>
            <Placemark id="856">
                <name>Hilton Istanbul Bosphorus</name>
                <description>                    category  : tower block &lt;br&gt;   
                    sitelinks : 5.0 &lt;br&gt;   
                    articleEN : https://en.wikipedia.org/wiki/Hilton_Istanbul_Bosphorus &lt;br&gt;             
                    articleDE :  &lt;br&gt;              
                    wikidata_link : http://www.wikidata.org/entity/Q4806513</description>
                <styleUrl>#30</styleUrl>
                <Point id="855">
                    <coordinates>28.9899,41.0446,0.0</coordinates>
                </Point>
            </Placemark>
            <Placemark id="858">
                <name>Mısır Apartment</name>
                <description>                    category  : architectural structure &lt;br&gt;   
                    sitelinks : 5.0 &lt;br&gt;   
                    articleEN : https://en.wikipedia.org/wiki/M%C4%B1s%C4%B1r_Apartment &lt;br&gt;             
                    articleDE :  &lt;br&gt;              
                    wikidata_link : http://www.wikidata.org/entity/Q3739364</description>
                <styleUrl>#30</styleUrl>
                <Point id="857">
                    <coordinates>28.97666667,41.0325,0.0</coordinates>
                </Point>
            </Placemark>
            <Placemark id="860">
                <name>Kandilli Earthquake Museum</name>
                <description>                    category  : museum &lt;br&gt;   
                    sitelinks : 5.0 &lt;br&gt;   
                    articleEN : https://en.wikipedia.org/wiki/Kandilli_Earthquake_Museum &lt;br&gt;             
                    articleDE :  &lt;br&gt;              
                    wikidata_link : http://www.wikidata.org/entity/Q3663033</description>
                <styleUrl>#30</styleUrl>
                <Point id="859">
                    <coordinates>29.05991,41.06383,0.0</coordinates>
                </Point>
            </Placemark>
            <Placemark id="862">
                <name>2010 Istanbul bomb blast</name>
                <description>                    category  : suicide bombing &lt;br&gt;   
                    sitelinks : 5.0 &lt;br&gt;   
                    articleEN : https://en.wikipedia.org/wiki/2010_Istanbul_bombing &lt;br&gt;             
                    articleDE :  &lt;br&gt;              
                    wikidata_link : http://www.wikidata.org/entity/Q3408926</description>
                <styleUrl>#30</styleUrl>
                <Point id="861">
                    <coordinates>28.9846,41.0369,0.0</coordinates>
                </Point>
            </Placemark>
            <Placemark id="864">
                <name>Mahmutpasha Bazaar</name>
                <description>                    category  : bazaar &lt;br&gt;   
                    sitelinks : 5.0 &lt;br&gt;   
                    articleEN : https://en.wikipedia.org/wiki/Mahmutpasha_Bazaar,_Istanbul &lt;br&gt;             
                    articleDE :  &lt;br&gt;              
                    wikidata_link : http://www.wikidata.org/entity/Q3404592</description>
                <styleUrl>#30</styleUrl>
                <Point id="863">
                    <coordinates>28.969815,41.011176,0.0</coordinates>
                </Point>
            </Placemark>
            <Placemark id="866">
                <name>Feriköy</name>
                <description>                    category  : mahalle &lt;br&gt;   
                    sitelinks : 5.0 &lt;br&gt;   
                    articleEN : https://en.wikipedia.org/wiki/Ferik%C3%B6y &lt;br&gt;             
                    articleDE :  &lt;br&gt;              
                    wikidata_link : http://www.wikidata.org/entity/Q2690028</description>
                <styleUrl>#30</styleUrl>
                <Point id="865">
                    <coordinates>28.97999,41.04939,0.0</coordinates>
                </Point>
            </Placemark>
            <Placemark id="868">
                <name>Tekstilkent Plaza</name>
                <description>                    category  : building &lt;br&gt;   
                    sitelinks : 5.0 &lt;br&gt;   
                    articleEN : https://en.wikipedia.org/wiki/Tekstilkent_Koza_Plaza &lt;br&gt;             
                    articleDE :  &lt;br&gt;              
                    wikidata_link : http://www.wikidata.org/entity/Q550321</description>
                <styleUrl>#30</styleUrl>
                <Point id="867">
                    <coordinates>28.8642,41.0686,0.0</coordinates>
                </Point>
            </Placemark>
            <Placemark id="870">
                <name>Turkish Air Force Academy</name>
                <description>                    category  : public university &lt;br&gt;   
                    sitelinks : 5.0 &lt;br&gt;   
                    articleEN : https://en.wikipedia.org/wiki/Turkish_Air_Force_Academy &lt;br&gt;             
                    articleDE : https://de.wikipedia.org/wiki/T%C3%BCrkische_Luftwaffenakademie &lt;br&gt;              
                    wikidata_link : http://www.wikidata.org/entity/Q7855223</description>
                <styleUrl>#30</styleUrl>
                <Point id="869">
                    <coordinates>28.8404,40.9682,0.0</coordinates>
                </Point>
            </Placemark>
            <Placemark id="872">
                <name>Private Armenian School of Pangaltı</name>
                <description>                    category  : high school &lt;br&gt;   
                    sitelinks : 5.0 &lt;br&gt;   
                    articleEN : https://en.wikipedia.org/wiki/Pangalt%C4%B1_Mkhitaryan_School &lt;br&gt;             
                    articleDE : https://de.wikipedia.org/wiki/Armenische_Privatschule_Pangalt%C4%B1 &lt;br&gt;              
                    wikidata_link : http://www.wikidata.org/entity/Q7246046</description>
                <styleUrl>#30</styleUrl>
                <Point id="871">
                    <coordinates>28.988448,41.051424,0.0</coordinates>
                </Point>
            </Placemark>
            <Placemark id="874">
                <name>Our Lady of Lourdes Church, Istanbul</name>
                <description>                    category  : church building &lt;br&gt;   
                    sitelinks : 5.0 &lt;br&gt;   
                    articleEN : https://en.wikipedia.org/wiki/Our_Lady_of_Lourdes_Church,_Istanbul &lt;br&gt;             
                    articleDE : https://de.wikipedia.org/wiki/Georgisch-Katholische_Kirche_Bomonti &lt;br&gt;              
                    wikidata_link : http://www.wikidata.org/entity/Q6040087</description>
                <styleUrl>#30</styleUrl>
                <Point id="873">
                    <coordinates>28.98277778,41.05861111,0.0</coordinates>
                </Point>
            </Placemark>
            <Placemark id="876">
                <name>Haydarpaşa Cemetery</name>
                <description>                    category  : cemetery &lt;br&gt;   
                    sitelinks : 5.0 &lt;br&gt;   
                    articleEN : https://en.wikipedia.org/wiki/Haydarpa%C5%9Fa_Cemetery &lt;br&gt;             
                    articleDE : https://de.wikipedia.org/wiki/Englischer_Friedhof_Haydarpa%C5%9Fa &lt;br&gt;              
                    wikidata_link : http://www.wikidata.org/entity/Q5686262</description>
                <styleUrl>#30</styleUrl>
                <Point id="875">
                    <coordinates>29.01957,40.99993,0.0</coordinates>
                </Point>
            </Placemark>
            <Placemark id="878">
                <name>Istanbul High School</name>
                <description>                    category  : secondary school &lt;br&gt;   
                    sitelinks : 5.0 &lt;br&gt;   
                    articleEN : https://en.wikipedia.org/wiki/Istanbul_High_School &lt;br&gt;             
                    articleDE : https://de.wikipedia.org/wiki/%C4%B0stanbul_Erkek_Lisesi &lt;br&gt;              
                    wikidata_link : http://www.wikidata.org/entity/Q344292</description>
                <styleUrl>#30</styleUrl>
                <Point id="877">
                    <coordinates>28.973825,41.012134,0.0</coordinates>
                </Point>
            </Placemark>
            <Placemark id="880">
                <name>Cağaloğlu Anatolian High School</name>
                <description>                    category  : public school &lt;br&gt;   
                    sitelinks : 5.0 &lt;br&gt;   
                    articleEN : https://en.wikipedia.org/wiki/Ca%C4%9Falo%C4%9Flu_Anatolian_High_School &lt;br&gt;             
                    articleDE : https://de.wikipedia.org/wiki/Ca%C4%9Falo%C4%9Flu_Anadolu_Lisesi &lt;br&gt;              
                    wikidata_link : http://www.wikidata.org/entity/Q1052134</description>
                <styleUrl>#30</styleUrl>
                <Point id="879">
                    <coordinates>28.973517,41.00922,0.0</coordinates>
                </Point>
            </Placemark>
            <Placemark id="882">
                <name>Basketball Development Center</name>
                <description>                    category  : multi-purpose hall &lt;br&gt;   
                    sitelinks : 6.0 &lt;br&gt;   
                    articleEN : https://en.wikipedia.org/wiki/Basketball_Development_Center &lt;br&gt;             
                    articleDE : https://de.wikipedia.org/wiki/Basketbol_Geli%C5%9Fim_Merkezi &lt;br&gt;              
                    wikidata_link : http://www.wikidata.org/entity/Q130384910</description>
                <styleUrl>#30</styleUrl>
                <Point id="881">
                    <coordinates>28.919166666667,40.995833333333,0.0</coordinates>
                </Point>
            </Placemark>
            <Placemark id="884">
                <name>Women's Museum Istanbul</name>
                <description>                    category  : virtual museum &lt;br&gt;   
                    sitelinks : 6.0 &lt;br&gt;   
                    articleEN : https://en.wikipedia.org/wiki/Women%27s_Museum_Istanbul &lt;br&gt;             
                    articleDE : https://de.wikipedia.org/wiki/Frauenmuseum_Istanbul &lt;br&gt;              
                    wikidata_link : http://www.wikidata.org/entity/Q20855697</description>
                <styleUrl>#30</styleUrl>
                <Point id="883">
                    <coordinates>28.981369444444,41.011638888889,0.0</coordinates>
                </Point>
            </Placemark>
            <Placemark id="886">
                <name>Mayor Synagogue, Istanbul</name>
                <description>                    category  : synagogue &lt;br&gt;   
                    sitelinks : 6.0 &lt;br&gt;   
                    articleEN : https://en.wikipedia.org/wiki/Mayor_Synagogue,_Istanbul &lt;br&gt;             
                    articleDE : https://de.wikipedia.org/wiki/Mayor-Synagoge_(Istanbul) &lt;br&gt;              
                    wikidata_link : http://www.wikidata.org/entity/Q12810764</description>
                <styleUrl>#30</styleUrl>
                <Point id="885">
                    <coordinates>28.95138889,41.03972222,0.0</coordinates>
                </Point>
            </Placemark>
            <Placemark id="888">
                <name>Istanbul Armenian Genocide memorial</name>
                <description>                    category  : monument &lt;br&gt;   
                    sitelinks : 6.0 &lt;br&gt;   
                    articleEN : https://en.wikipedia.org/wiki/Istanbul_Armenian_Genocide_memorial &lt;br&gt;             
                    articleDE : https://de.wikipedia.org/wiki/Denkmal_f%C3%BCr_den_V%C3%B6lkermord_an_den_Armeniern_in_Istanbul &lt;br&gt;              
                    wikidata_link : http://www.wikidata.org/entity/Q19840235</description>
                <styleUrl>#30</styleUrl>
                <Point id="887">
                    <coordinates>28.987666666667,41.041694444444,0.0</coordinates>
                </Point>
            </Placemark>
            <Placemark id="890">
                <name>Cistern of Pulcheria</name>
                <description>                    category  : ancient Roman cistern &lt;br&gt;   
                    sitelinks : 6.0 &lt;br&gt;   
                    articleEN : https://en.wikipedia.org/wiki/Cistern_of_Pulcheria &lt;br&gt;             
                    articleDE :  &lt;br&gt;              
                    wikidata_link : http://www.wikidata.org/entity/Q124952951</description>
                <styleUrl>#30</styleUrl>
                <Point id="889">
                    <coordinates>28.95,41.025,0.0</coordinates>
                </Point>
            </Placemark>
            <Placemark id="892">
                <name>Mor Ephrem Syriac Orthodox Church</name>
                <description>                    category  : church building &lt;br&gt;   
                    sitelinks : 6.0 &lt;br&gt;   
                    articleEN : https://en.wikipedia.org/wiki/Mor_Ephrem_Syriac_Orthodox_Church &lt;br&gt;             
                    articleDE :  &lt;br&gt;              
                    wikidata_link : http://www.wikidata.org/entity/Q122950173</description>
                <styleUrl>#30</styleUrl>
                <Point id="891">
                    <coordinates>28.824638888889,40.95975,0.0</coordinates>
                </Point>
            </Placemark>
            <Placemark id="894">
                <name>Barbaros Hayrettin Pasha Mosque</name>
                <description>                    category  : mosque &lt;br&gt;   
                    sitelinks : 6.0 &lt;br&gt;   
                    articleEN : https://en.wikipedia.org/wiki/Barbaros_Hayrettin_Pasha_Mosque &lt;br&gt;             
                    articleDE :  &lt;br&gt;              
                    wikidata_link : http://www.wikidata.org/entity/Q118946730</description>
                <styleUrl>#30</styleUrl>
                <Point id="893">
                    <coordinates>29.014472222222,41.078527777778,0.0</coordinates>
                </Point>
            </Placemark>
            <Placemark id="896">
                <name>Bulgur Palace</name>
                <description>                    category  : cultural center &lt;br&gt;   
                    sitelinks : 6.0 &lt;br&gt;   
                    articleEN : https://en.wikipedia.org/wiki/Bulgur_Palas &lt;br&gt;             
                    articleDE :  &lt;br&gt;              
                    wikidata_link : http://www.wikidata.org/entity/Q111988445</description>
                <styleUrl>#30</styleUrl>
                <Point id="895">
                    <coordinates>28.943888888889,41.006944444444,0.0</coordinates>
                </Point>
            </Placemark>
            <Placemark id="898">
                <name>Mimar Sinan Mosque</name>
                <description>                    category  : mosque &lt;br&gt;   
                    sitelinks : 6.0 &lt;br&gt;   
                    articleEN : https://en.wikipedia.org/wiki/Mimar_Sinan_Mosque &lt;br&gt;             
                    articleDE :  &lt;br&gt;              
                    wikidata_link : http://www.wikidata.org/entity/Q108000657</description>
                <styleUrl>#30</styleUrl>
                <Point id="897">
                    <coordinates>29.11225,40.995666666667,0.0</coordinates>
                </Point>
            </Placemark>
            <Placemark id="900">
                <name>Constantinople earthquake of 447</name>
                <description>                    category  : earthquake &lt;br&gt;   
                    sitelinks : 6.0 &lt;br&gt;   
                    articleEN : https://en.wikipedia.org/wiki/447_Constantinople_earthquake &lt;br&gt;             
                    articleDE :  &lt;br&gt;              
                    wikidata_link : http://www.wikidata.org/entity/Q101279639</description>
                <styleUrl>#30</styleUrl>
                <Point id="899">
                    <coordinates>28.978,41.008,0.0</coordinates>
                </Point>
            </Placemark>
            <Placemark id="902">
                <name>Tahtakale Hamam</name>
                <description>                    category  : hammam &lt;br&gt;   
                    sitelinks : 6.0 &lt;br&gt;   
                    articleEN : https://en.wikipedia.org/wiki/Tahtakale_Hamam &lt;br&gt;             
                    articleDE :  &lt;br&gt;              
                    wikidata_link : http://www.wikidata.org/entity/Q100320010</description>
                <styleUrl>#30</styleUrl>
                <Point id="901">
                    <coordinates>28.968,41.017694444444,0.0</coordinates>
                </Point>
            </Placemark>
            <Placemark id="904">
                <name>Rüstem Pasha Medrese</name>
                <description>                    category  : madrasa &lt;br&gt;   
                    sitelinks : 6.0 &lt;br&gt;   
                    articleEN : https://en.wikipedia.org/wiki/R%C3%BCstem_Pasha_Medrese &lt;br&gt;             
                    articleDE :  &lt;br&gt;              
                    wikidata_link : http://www.wikidata.org/entity/Q31193235</description>
                <styleUrl>#30</styleUrl>
                <Point id="903">
                    <coordinates>28.972428,41.013182,0.0</coordinates>
                </Point>
            </Placemark>
            <Placemark id="906">
                <name>Zeytinburnu Transfer Center</name>
                <description>                    category  : interchange station &lt;br&gt;   
                    sitelinks : 6.0 &lt;br&gt;   
                    articleEN : https://en.wikipedia.org/wiki/Zeytinburnu_(Istanbul_Metro) &lt;br&gt;             
                    articleDE :  &lt;br&gt;              
                    wikidata_link : http://www.wikidata.org/entity/Q21527390</description>
                <styleUrl>#30</styleUrl>
                <Point id="905">
                    <coordinates>28.889582726666,41.002350885284,0.0</coordinates>
                </Point>
            </Placemark>
            <Placemark id="908">
                <name>Merter</name>
                <description>                    category  : interchange station &lt;br&gt;   
                    sitelinks : 6.0 &lt;br&gt;   
                    articleEN : https://en.wikipedia.org/wiki/Merter_(Istanbul_Metro) &lt;br&gt;             
                    articleDE :  &lt;br&gt;              
                    wikidata_link : http://www.wikidata.org/entity/Q21526619</description>
                <styleUrl>#30</styleUrl>
                <Point id="907">
                    <coordinates>28.896208911539,41.007452142865,0.0</coordinates>
                </Point>
            </Placemark>
            <Placemark id="910">
                <name>Gayrettepe (M2)</name>
                <description>                    category  : interchange station &lt;br&gt;   
                    sitelinks : 6.0 &lt;br&gt;   
                    articleEN : https://en.wikipedia.org/wiki/Gayrettepe_(Istanbul_Metro) &lt;br&gt;             
                    articleDE :  &lt;br&gt;              
                    wikidata_link : http://www.wikidata.org/entity/Q20717398</description>
                <styleUrl>#30</styleUrl>
                <Point id="909">
                    <coordinates>29.011378147328,41.069136778731,0.0</coordinates>
                </Point>
            </Placemark>
            <Placemark id="912">
                <name>Levent (M2)</name>
                <description>                    category  : interchange station &lt;br&gt;   
                    sitelinks : 6.0 &lt;br&gt;   
                    articleEN : https://en.wikipedia.org/wiki/Levent_(Istanbul_Metro) &lt;br&gt;             
                    articleDE :  &lt;br&gt;              
                    wikidata_link : http://www.wikidata.org/entity/Q20470914</description>
                <styleUrl>#30</styleUrl>
                <Point id="911">
                    <coordinates>29.013796155425,41.076909469645,0.0</coordinates>
                </Point>
            </Placemark>
            <Placemark id="914">
                <name>Şişhane-Zemin İstanbul</name>
                <description>                    category  : interchange station &lt;br&gt;   
                    sitelinks : 6.0 &lt;br&gt;   
                    articleEN : https://en.wikipedia.org/wiki/%C5%9Ei%C5%9Fhane_(Istanbul_Metro) &lt;br&gt;             
                    articleDE :  &lt;br&gt;              
                    wikidata_link : http://www.wikidata.org/entity/Q19613987</description>
                <styleUrl>#30</styleUrl>
                <Point id="913">
                    <coordinates>28.972939168239,41.028368078426,0.0</coordinates>
                </Point>
            </Placemark>
            <Placemark id="916">
                <name>Otogar</name>
                <description>                    category  : interchange station &lt;br&gt;   
                    sitelinks : 6.0 &lt;br&gt;   
                    articleEN : https://en.wikipedia.org/wiki/Otogar_(Istanbul_Metro) &lt;br&gt;             
                    articleDE :  &lt;br&gt;              
                    wikidata_link : http://www.wikidata.org/entity/Q18809273</description>
                <styleUrl>#30</styleUrl>
                <Point id="915">
                    <coordinates>28.894566783744,41.04010362794,0.0</coordinates>
                </Point>
            </Placemark>
            <Placemark id="918">
                <name>Kirazlı (M1)</name>
                <description>                    category  : interchange station &lt;br&gt;   
                    sitelinks : 6.0 &lt;br&gt;   
                    articleEN : https://en.wikipedia.org/wiki/Kirazl%C4%B1_(Istanbul_Metro) &lt;br&gt;             
                    articleDE :  &lt;br&gt;              
                    wikidata_link : http://www.wikidata.org/entity/Q18787706</description>
                <styleUrl>#30</styleUrl>
                <Point id="917">
                    <coordinates>28.842283404778,41.031900478612,0.0</coordinates>
                </Point>
            </Placemark>
            <Placemark id="920">
                <name>Haliç</name>
                <description>                    category  : interchange station &lt;br&gt;   
                    sitelinks : 6.0 &lt;br&gt;   
                    articleEN : https://en.wikipedia.org/wiki/Hali%C3%A7_(Istanbul_Metro) &lt;br&gt;             
                    articleDE :  &lt;br&gt;              
                    wikidata_link : http://www.wikidata.org/entity/Q18786563</description>
                <styleUrl>#30</styleUrl>
                <Point id="919">
                    <coordinates>28.966835590506,41.022822594411,0.0</coordinates>
                </Point>
            </Placemark>
            <Placemark id="922">
                <name>Atatürk Havalimanı</name>
                <description>                    category  : interchange station &lt;br&gt;   
                    sitelinks : 6.0 &lt;br&gt;   
                    articleEN : https://en.wikipedia.org/wiki/Atat%C3%BCrk_Havaliman%C4%B1_(Istanbul_Metro) &lt;br&gt;             
                    articleDE :  &lt;br&gt;              
                    wikidata_link : http://www.wikidata.org/entity/Q18712770</description>
                <styleUrl>#30</styleUrl>
                <Point id="921">
                    <coordinates>28.821192488419,40.9794281017,0.0</coordinates>
                </Point>
            </Placemark>
            <Placemark id="924">
                <name>Yenikapı Transfer Center</name>
                <description>                    category  : interchange station &lt;br&gt;   
                    sitelinks : 6.0 &lt;br&gt;   
                    articleEN : https://en.wikipedia.org/wiki/Yenikap%C4%B1_Transfer_Center &lt;br&gt;             
                    articleDE :  &lt;br&gt;              
                    wikidata_link : http://www.wikidata.org/entity/Q18712646</description>
                <styleUrl>#30</styleUrl>
                <Point id="923">
                    <coordinates>28.951458999108,41.005599763556,0.0</coordinates>
                </Point>
            </Placemark>
            <Placemark id="926">
                <name>Istanbul Museum of the History of Science and Technology in Islam</name>
                <description>                    category  : science museum &lt;br&gt;   
                    sitelinks : 6.0 &lt;br&gt;   
                    articleEN : https://en.wikipedia.org/wiki/Istanbul_Museum_of_the_History_of_Science_and_Technology_in_Islam &lt;br&gt;             
                    articleDE :  &lt;br&gt;              
                    wikidata_link : http://www.wikidata.org/entity/Q16850295</description>
                <styleUrl>#30</styleUrl>
                <Point id="925">
                    <coordinates>28.9796,41.0138,0.0</coordinates>
                </Point>
            </Placemark>
            <Placemark id="928">
                <name>Kadıköy Haldun Taner Stage</name>
                <description>                    category  : theatre building &lt;br&gt;   
                    sitelinks : 6.0 &lt;br&gt;   
                    articleEN : https://en.wikipedia.org/wiki/Kad%C4%B1k%C3%B6y_Haldun_Taner_Stage &lt;br&gt;             
                    articleDE :  &lt;br&gt;              
                    wikidata_link : http://www.wikidata.org/entity/Q15533769</description>
                <styleUrl>#30</styleUrl>
                <Point id="927">
                    <coordinates>29.0232,40.9918,0.0</coordinates>
                </Point>
            </Placemark>
            <Placemark id="930">
                <name>Istanbul Postal Museum</name>
                <description>                    category  : postal museum &lt;br&gt;   
                    sitelinks : 6.0 &lt;br&gt;   
                    articleEN : https://en.wikipedia.org/wiki/Istanbul_Postal_Museum &lt;br&gt;             
                    articleDE :  &lt;br&gt;              
                    wikidata_link : http://www.wikidata.org/entity/Q15228896</description>
                <styleUrl>#30</styleUrl>
                <Point id="929">
                    <coordinates>28.97361,41.01485,0.0</coordinates>
                </Point>
            </Placemark>
            <Placemark id="932">
                <name>Selimiye</name>
                <description>                    category  : mahalle &lt;br&gt;   
                    sitelinks : 6.0 &lt;br&gt;   
                    articleEN : https://en.wikipedia.org/wiki/Selimiye,_%C3%9Csk%C3%BCdar &lt;br&gt;             
                    articleDE :  &lt;br&gt;              
                    wikidata_link : http://www.wikidata.org/entity/Q12811767</description>
                <styleUrl>#30</styleUrl>
                <Point id="931">
                    <coordinates>29.019806,41.003857,0.0</coordinates>
                </Point>
            </Placemark>
            <Placemark id="934">
                <name>Perili Köşk</name>
                <description>                    category  : mansion &lt;br&gt;   
                    sitelinks : 6.0 &lt;br&gt;   
                    articleEN : https://en.wikipedia.org/wiki/Perili_K%C3%B6%C5%9Fk &lt;br&gt;             
                    articleDE :  &lt;br&gt;              
                    wikidata_link : http://www.wikidata.org/entity/Q12811372</description>
                <styleUrl>#30</styleUrl>
                <Point id="933">
                    <coordinates>29.05657,41.08907,0.0</coordinates>
                </Point>
            </Placemark>
            <Placemark id="936">
                <name>Molla Fenari</name>
                <description>                    category  : mahalle &lt;br&gt;   
                    sitelinks : 6.0 &lt;br&gt;   
                    articleEN : https://en.wikipedia.org/wiki/Mollafenari,_Fatih &lt;br&gt;             
                    articleDE :  &lt;br&gt;              
                    wikidata_link : http://www.wikidata.org/entity/Q12810910</description>
                <styleUrl>#30</styleUrl>
                <Point id="935">
                    <coordinates>28.971215,41.010131,0.0</coordinates>
                </Point>
            </Placemark>
            <Placemark id="938">
                <name>Vefa Stadium</name>
                <description>                    category  : association football venue &lt;br&gt;   
                    sitelinks : 6.0 &lt;br&gt;   
                    articleEN : https://en.wikipedia.org/wiki/Vefa_Stadium &lt;br&gt;             
                    articleDE :  &lt;br&gt;              
                    wikidata_link : http://www.wikidata.org/entity/Q11173914</description>
                <styleUrl>#30</styleUrl>
                <Point id="937">
                    <coordinates>28.939,41.0278,0.0</coordinates>
                </Point>
            </Placemark>
            <Placemark id="940">
                <name>İstinye Park</name>
                <description>                    category  : shopping mall &lt;br&gt;   
                    sitelinks : 6.0 &lt;br&gt;   
                    articleEN : https://en.wikipedia.org/wiki/%C4%B0stinye_Park &lt;br&gt;             
                    articleDE :  &lt;br&gt;              
                    wikidata_link : http://www.wikidata.org/entity/Q8080241</description>
                <styleUrl>#30</styleUrl>
                <Point id="939">
                    <coordinates>29.0329,41.1104,0.0</coordinates>
                </Point>
            </Placemark>
            <Placemark id="942">
                <name>İcadiye</name>
                <description>                    category  : mahalle &lt;br&gt;   
                    sitelinks : 6.0 &lt;br&gt;   
                    articleEN : https://en.wikipedia.org/wiki/%C4%B0cadiye &lt;br&gt;             
                    articleDE :  &lt;br&gt;              
                    wikidata_link : http://www.wikidata.org/entity/Q8080040</description>
                <styleUrl>#30</styleUrl>
                <Point id="941">
                    <coordinates>29.0339,41.0269,0.0</coordinates>
                </Point>
            </Placemark>
            <Placemark id="944">
                <name>Yenisahra</name>
                <description>                    category  : mahalle &lt;br&gt;   
                    sitelinks : 6.0 &lt;br&gt;   
                    articleEN : https://en.wikipedia.org/wiki/Yenisahra &lt;br&gt;             
                    articleDE :  &lt;br&gt;              
                    wikidata_link : http://www.wikidata.org/entity/Q8052347</description>
                <styleUrl>#30</styleUrl>
                <Point id="943">
                    <coordinates>29.090681,40.988728,0.0</coordinates>
                </Point>
            </Placemark>
            <Placemark id="946">
                <name>Kadıköy İnciburnu Feneri</name>
                <description>                    category  : lighthouse &lt;br&gt;   
                    sitelinks : 6.0 &lt;br&gt;   
                    articleEN : https://en.wikipedia.org/wiki/Kad%C4%B1k%C3%B6y_%C4%B0nciburnu_Lighthouse &lt;br&gt;             
                    articleDE :  &lt;br&gt;              
                    wikidata_link : http://www.wikidata.org/entity/Q6345873</description>
                <styleUrl>#30</styleUrl>
                <Point id="945">
                    <coordinates>29.01488056,40.99256111,0.0</coordinates>
                </Point>
            </Placemark>
            <Placemark id="948">
                <name>Altunizade</name>
                <description>                    category  : mahalle &lt;br&gt;   
                    sitelinks : 6.0 &lt;br&gt;   
                    articleEN : https://en.wikipedia.org/wiki/Altunizade &lt;br&gt;             
                    articleDE :  &lt;br&gt;              
                    wikidata_link : http://www.wikidata.org/entity/Q6101487</description>
                <styleUrl>#30</styleUrl>
                <Point id="947">
                    <coordinates>29.046217,41.019268,0.0</coordinates>
                </Point>
            </Placemark>
            <Placemark id="950">
                <name>Erenköy</name>
                <description>                    category  : mahalle &lt;br&gt;   
                    sitelinks : 6.0 &lt;br&gt;   
                    articleEN : https://en.wikipedia.org/wiki/Erenk%C3%B6y,_Kad%C4%B1k%C3%B6y &lt;br&gt;             
                    articleDE :  &lt;br&gt;              
                    wikidata_link : http://www.wikidata.org/entity/Q6090788</description>
                <styleUrl>#30</styleUrl>
                <Point id="949">
                    <coordinates>29.07527778,40.97277778,0.0</coordinates>
                </Point>
            </Placemark>
            <Placemark id="952">
                <name>Kazlıçeşme</name>
                <description>                    category  : mahalle &lt;br&gt;   
                    sitelinks : 6.0 &lt;br&gt;   
                    articleEN : https://en.wikipedia.org/wiki/Kazl%C4%B1%C3%A7e%C5%9Fme,_Zeytinburnu &lt;br&gt;             
                    articleDE :  &lt;br&gt;              
                    wikidata_link : http://www.wikidata.org/entity/Q6089952</description>
                <styleUrl>#30</styleUrl>
                <Point id="951">
                    <coordinates>28.91,40.98722222,0.0</coordinates>
                </Point>
            </Placemark>
            <Placemark id="954">
                <name>Bulgurlu</name>
                <description>                    category  : mahalle &lt;br&gt;   
                    sitelinks : 6.0 &lt;br&gt;   
                    articleEN : https://en.wikipedia.org/wiki/Bulgurlu,_%C3%9Csk%C3%BCdar &lt;br&gt;             
                    articleDE :  &lt;br&gt;              
                    wikidata_link : http://www.wikidata.org/entity/Q6085494</description>
                <styleUrl>#30</styleUrl>
                <Point id="953">
                    <coordinates>29.076846,41.0167237,0.0</coordinates>
                </Point>
            </Placemark>
            <Placemark id="956">
                <name>Istanbul Main Post Office</name>
                <description>                    category  : architectural structure &lt;br&gt;   
                    sitelinks : 6.0 &lt;br&gt;   
                    articleEN : https://en.wikipedia.org/wiki/Grand_Post_Office &lt;br&gt;             
                    articleDE :  &lt;br&gt;              
                    wikidata_link : http://www.wikidata.org/entity/Q6084421</description>
                <styleUrl>#30</styleUrl>
                <Point id="955">
                    <coordinates>28.973888888889,41.014444444444,0.0</coordinates>
                </Point>
            </Placemark>
            <Placemark id="958">
                <name>Feneryolu</name>
                <description>                    category  : mahalle &lt;br&gt;   
                    sitelinks : 6.0 &lt;br&gt;   
                    articleEN : https://en.wikipedia.org/wiki/Feneryolu &lt;br&gt;             
                    articleDE :  &lt;br&gt;              
                    wikidata_link : http://www.wikidata.org/entity/Q6075419</description>
                <styleUrl>#30</styleUrl>
                <Point id="957">
                    <coordinates>29.04944444,40.98194444,0.0</coordinates>
                </Point>
            </Placemark>
            <Placemark id="960">
                <name>Sanki Yedim Mosque</name>
                <description>                    category  : architectural structure &lt;br&gt;   
                    sitelinks : 6.0 &lt;br&gt;   
                    articleEN : https://en.wikipedia.org/wiki/Sanki_Yedim_Mosque &lt;br&gt;             
                    articleDE :  &lt;br&gt;              
                    wikidata_link : http://www.wikidata.org/entity/Q6074143</description>
                <styleUrl>#30</styleUrl>
                <Point id="959">
                    <coordinates>28.953194444444,41.018694444444,0.0</coordinates>
                </Point>
            </Placemark>
            <Placemark id="962">
                <name>Terazidere</name>
                <description>                    category  : mahalle &lt;br&gt;   
                    sitelinks : 6.0 &lt;br&gt;   
                    articleEN : https://en.wikipedia.org/wiki/Terazidere &lt;br&gt;             
                    articleDE :  &lt;br&gt;              
                    wikidata_link : http://www.wikidata.org/entity/Q6070552</description>
                <styleUrl>#30</styleUrl>
                <Point id="961">
                    <coordinates>28.90141,41.03275,0.0</coordinates>
                </Point>
            </Placemark>
            <Placemark id="964">
                <name>Vişnezade</name>
                <description>                    category  : mahalle &lt;br&gt;   
                    sitelinks : 6.0 &lt;br&gt;   
                    articleEN : https://en.wikipedia.org/wiki/Vi%C5%9Fnezade &lt;br&gt;             
                    articleDE :  &lt;br&gt;              
                    wikidata_link : http://www.wikidata.org/entity/Q6068748</description>
                <styleUrl>#30</styleUrl>
                <Point id="963">
                    <coordinates>28.999166666667,41.042222222222,0.0</coordinates>
                </Point>
            </Placemark>
            <Placemark id="966">
                <name>Molla Gürani</name>
                <description>                    category  : mahalle &lt;br&gt;   
                    sitelinks : 6.0 &lt;br&gt;   
                    articleEN : https://en.wikipedia.org/wiki/Mollag%C3%BCrani &lt;br&gt;             
                    articleDE :  &lt;br&gt;              
                    wikidata_link : http://www.wikidata.org/entity/Q6068533</description>
                <styleUrl>#30</styleUrl>
                <Point id="965">
                    <coordinates>28.941835,41.01295783,0.0</coordinates>
                </Point>
            </Placemark>
            <Placemark id="968">
                <name>Barbaros Boulevard</name>
                <description>                    category  : boulevard &lt;br&gt;   
                    sitelinks : 6.0 &lt;br&gt;   
                    articleEN : https://en.wikipedia.org/wiki/Barbaros_Boulevard &lt;br&gt;             
                    articleDE :  &lt;br&gt;              
                    wikidata_link : http://www.wikidata.org/entity/Q6065577</description>
                <styleUrl>#30</styleUrl>
                <Point id="967">
                    <coordinates>29.0094,41.0547,0.0</coordinates>
                </Point>
            </Placemark>
            <Placemark id="970">
                <name>Merdivenköy</name>
                <description>                    category  : mahalle &lt;br&gt;   
                    sitelinks : 6.0 &lt;br&gt;   
                    articleEN : https://en.wikipedia.org/wiki/Merdivenk%C3%B6y,_Kad%C4%B1k%C3%B6y &lt;br&gt;             
                    articleDE :  &lt;br&gt;              
                    wikidata_link : http://www.wikidata.org/entity/Q6059075</description>
                <styleUrl>#30</styleUrl>
                <Point id="969">
                    <coordinates>29.06888889,40.9875,0.0</coordinates>
                </Point>
            </Placemark>
            <Placemark id="972">
                <name>Küçükbakkalköy</name>
                <description>                    category  : mahalle &lt;br&gt;   
                    sitelinks : 6.0 &lt;br&gt;   
                    articleEN : https://en.wikipedia.org/wiki/K%C3%BC%C3%A7%C3%BCkbakkalk%C3%B6y &lt;br&gt;             
                    articleDE :  &lt;br&gt;              
                    wikidata_link : http://www.wikidata.org/entity/Q6049646</description>
                <styleUrl>#30</styleUrl>
                <Point id="971">
                    <coordinates>29.115448,40.983086,0.0</coordinates>
                </Point>
            </Placemark>
            <Placemark id="974">
                <name>Rasimpaşa</name>
                <description>                    category  : mahalle &lt;br&gt;   
                    sitelinks : 6.0 &lt;br&gt;   
                    articleEN : https://en.wikipedia.org/wiki/Rasimpa%C5%9Fa,_Kad%C4%B1k%C3%B6y &lt;br&gt;             
                    articleDE :  &lt;br&gt;              
                    wikidata_link : http://www.wikidata.org/entity/Q6044131</description>
                <styleUrl>#30</styleUrl>
                <Point id="973">
                    <coordinates>29.0251,40.9969,0.0</coordinates>
                </Point>
            </Placemark>
            <Placemark id="976">
                <name>Adile Sultan Pavilion</name>
                <description>                    category  : architectural structure &lt;br&gt;   
                    sitelinks : 6.0 &lt;br&gt;   
                    articleEN : https://en.wikipedia.org/wiki/Adile_Sultan_Pavilion &lt;br&gt;             
                    articleDE :  &lt;br&gt;              
                    wikidata_link : http://www.wikidata.org/entity/Q6043105</description>
                <styleUrl>#30</styleUrl>
                <Point id="975">
                    <coordinates>29.041666666667,41.013611111111,0.0</coordinates>
                </Point>
            </Placemark>
            <Placemark id="978">
                <name>Caferağa</name>
                <description>                    category  : mahalle &lt;br&gt;   
                    sitelinks : 6.0 &lt;br&gt;   
                    articleEN : https://en.wikipedia.org/wiki/Cafera%C4%9Fa,_Kad%C4%B1k%C3%B6y &lt;br&gt;             
                    articleDE :  &lt;br&gt;              
                    wikidata_link : http://www.wikidata.org/entity/Q6040926</description>
                <styleUrl>#30</styleUrl>
                <Point id="977">
                    <coordinates>29.02575,40.985039,0.0</coordinates>
                </Point>
            </Placemark>
            <Placemark id="980">
                <name>Camondo stairs</name>
                <description>                    category  : stairs &lt;br&gt;   
                    sitelinks : 6.0 &lt;br&gt;   
                    articleEN : https://en.wikipedia.org/wiki/Camondo_Stairs &lt;br&gt;             
                    articleDE :  &lt;br&gt;              
                    wikidata_link : http://www.wikidata.org/entity/Q6027749</description>
                <styleUrl>#30</styleUrl>
                <Point id="979">
                    <coordinates>28.97378,41.02397,0.0</coordinates>
                </Point>
            </Placemark>
            <Placemark id="982">
                <name>Harem</name>
                <description>                    category  : quarter &lt;br&gt;   
                    sitelinks : 6.0 &lt;br&gt;   
                    articleEN : https://en.wikipedia.org/wiki/Harem,_%C3%9Csk%C3%BCdar &lt;br&gt;             
                    articleDE :  &lt;br&gt;              
                    wikidata_link : http://www.wikidata.org/entity/Q5656849</description>
                <styleUrl>#30</styleUrl>
                <Point id="981">
                    <coordinates>29.010338888889,41.010688888889,0.0</coordinates>
                </Point>
            </Placemark>
            <Placemark id="984">
                <name>Burhaniye</name>
                <description>                    category  : mahalle &lt;br&gt;   
                    sitelinks : 6.0 &lt;br&gt;   
                    articleEN : https://en.wikipedia.org/wiki/Burhaniye,_%C3%9Csk%C3%BCdar &lt;br&gt;             
                    articleDE :  &lt;br&gt;              
                    wikidata_link : http://www.wikidata.org/entity/Q4998766</description>
                <styleUrl>#30</styleUrl>
                <Point id="983">
                    <coordinates>29.0534,41.0283,0.0</coordinates>
                </Point>
            </Placemark>
            <Placemark id="986">
                <name>BJK Akatlar Arena</name>
                <description>                    category  : sports venue &lt;br&gt;   
                    sitelinks : 6.0 &lt;br&gt;   
                    articleEN : https://en.wikipedia.org/wiki/BJK_Akatlar_Arena &lt;br&gt;             
                    articleDE :  &lt;br&gt;              
                    wikidata_link : http://www.wikidata.org/entity/Q4835770</description>
                <styleUrl>#30</styleUrl>
                <Point id="985">
                    <coordinates>29.02341,41.0868,0.0</coordinates>
                </Point>
            </Placemark>
            <Placemark id="988">
                <name>Kırmızı Beyoğlu Mosque</name>
                <description>                    category  : architectural structure &lt;br&gt;   
                    sitelinks : 6.0 &lt;br&gt;   
                    articleEN : https://en.wikipedia.org/wiki/K%C4%B1rm%C4%B1z%C4%B1_Minare_Mosque &lt;br&gt;             
                    articleDE :  &lt;br&gt;              
                    wikidata_link : http://www.wikidata.org/entity/Q3866036</description>
                <styleUrl>#30</styleUrl>
                <Point id="987">
                    <coordinates>28.95083333,41.04194444,0.0</coordinates>
                </Point>
            </Placemark>
            <Placemark id="990">
                <name>Yanbol Synagogue</name>
                <description>                    category  : synagogue &lt;br&gt;   
                    sitelinks : 6.0 &lt;br&gt;   
                    articleEN : https://en.wikipedia.org/wiki/Yanbol_Synagogue &lt;br&gt;             
                    articleDE :  &lt;br&gt;              
                    wikidata_link : http://www.wikidata.org/entity/Q3409182</description>
                <styleUrl>#30</styleUrl>
                <Point id="989">
                    <coordinates>28.948333333333,41.033333333333,0.0</coordinates>
                </Point>
            </Placemark>
            <Placemark id="992">
                <name>Lycée Notre Dame de Sion Istanbul</name>
                <description>                    category  : lycée &lt;br&gt;   
                    sitelinks : 6.0 &lt;br&gt;   
                    articleEN : https://en.wikipedia.org/wiki/Lyc%C3%A9e_Notre_Dame_de_Sion_Istanbul &lt;br&gt;             
                    articleDE :  &lt;br&gt;              
                    wikidata_link : http://www.wikidata.org/entity/Q3268867</description>
                <styleUrl>#30</styleUrl>
                <Point id="991">
                    <coordinates>28.98602222,41.04472222,0.0</coordinates>
                </Point>
            </Placemark>
            <Placemark id="994">
                <name>Kabataş Boys High School</name>
                <description>                    category  : high school &lt;br&gt;   
                    sitelinks : 6.0 &lt;br&gt;   
                    articleEN : https://en.wikipedia.org/wiki/Kabata%C5%9F_Boys_High_School &lt;br&gt;             
                    articleDE :  &lt;br&gt;              
                    wikidata_link : http://www.wikidata.org/entity/Q3191643</description>
                <styleUrl>#30</styleUrl>
                <Point id="993">
                    <coordinates>29.0227,41.0466,0.0</coordinates>
                </Point>
            </Placemark>
            <Placemark id="996">
                <name>Naum Theatre</name>
                <description>                    category  : opera house &lt;br&gt;   
                    sitelinks : 6.0 &lt;br&gt;   
                    articleEN : https://en.wikipedia.org/wiki/Naum_Theatre &lt;br&gt;             
                    articleDE :  &lt;br&gt;              
                    wikidata_link : http://www.wikidata.org/entity/Q3072276</description>
                <styleUrl>#30</styleUrl>
                <Point id="995">
                    <coordinates>28.978083333333,41.033972222222,0.0</coordinates>
                </Point>
            </Placemark>
            <Placemark id="998">
                <name>Alibey Dam</name>
                <description>                    category  : dam &lt;br&gt;   
                    sitelinks : 6.0 &lt;br&gt;   
                    articleEN : https://en.wikipedia.org/wiki/Alibey_Dam &lt;br&gt;             
                    articleDE :  &lt;br&gt;              
                    wikidata_link : http://www.wikidata.org/entity/Q2885011</description>
                <styleUrl>#30</styleUrl>
                <Point id="997">
                    <coordinates>28.92039,41.10098,0.0</coordinates>
                </Point>
            </Placemark>
            <Placemark id="1000">
                <name>Çağlayan</name>
                <description>                    category  : mahalle &lt;br&gt;   
                    sitelinks : 6.0 &lt;br&gt;   
                    articleEN : https://en.wikipedia.org/wiki/%C3%87a%C4%9Flayan,_Ka%C4%9F%C4%B1thane &lt;br&gt;             
                    articleDE :  &lt;br&gt;              
                    wikidata_link : http://www.wikidata.org/entity/Q2791622</description>
                <styleUrl>#30</styleUrl>
                <Point id="999">
                    <coordinates>28.981944444444,41.076944444444,0.0</coordinates>
                </Point>
            </Placemark>
            <Placemark id="1002">
                <name>Sabancı Center</name>
                <description>                    category  : building complex &lt;br&gt;   
                    sitelinks : 6.0 &lt;br&gt;   
                    articleEN : https://en.wikipedia.org/wiki/Sabanc%C4%B1_Center &lt;br&gt;             
                    articleDE :  &lt;br&gt;              
                    wikidata_link : http://www.wikidata.org/entity/Q2747928</description>
                <styleUrl>#30</styleUrl>
                <Point id="1001">
                    <coordinates>29.01,41.085,0.0</coordinates>
                </Point>
            </Placemark>
            <Placemark id="1004">
                <name>Bet Israel Synagogue</name>
                <description>                    category  : synagogue &lt;br&gt;   
                    sitelinks : 6.0 &lt;br&gt;   
                    articleEN : https://en.wikipedia.org/wiki/Bet_Israel_Synagogue_(Istanbul) &lt;br&gt;             
                    articleDE :  &lt;br&gt;              
                    wikidata_link : http://www.wikidata.org/entity/Q1593224</description>
                <styleUrl>#30</styleUrl>
                <Point id="1003">
                    <coordinates>28.9857229217,41.054376808832,0.0</coordinates>
                </Point>
            </Placemark>
            <Placemark id="1006">
                <name>Gültepe</name>
                <description>                    category  : mahalle &lt;br&gt;   
                    sitelinks : 6.0 &lt;br&gt;   
                    articleEN : https://en.wikipedia.org/wiki/G%C3%BCltepe,_Ka%C4%9F%C4%B1thane &lt;br&gt;             
                    articleDE :  &lt;br&gt;              
                    wikidata_link : http://www.wikidata.org/entity/Q1447450</description>
                <styleUrl>#30</styleUrl>
                <Point id="1005">
                    <coordinates>28.993888888889,41.078888888889,0.0</coordinates>
                </Point>
            </Placemark>
            <Placemark id="1008">
                <name>Elmalı-2 Dam</name>
                <description>                    category  : dam &lt;br&gt;   
                    sitelinks : 6.0 &lt;br&gt;   
                    articleEN : https://en.wikipedia.org/wiki/Elmal%C4%B1-2_Dam &lt;br&gt;             
                    articleDE :  &lt;br&gt;              
                    wikidata_link : http://www.wikidata.org/entity/Q1089455</description>
                <styleUrl>#30</styleUrl>
                <Point id="1007">
                    <coordinates>29.11718,41.07625,0.0</coordinates>
                </Point>
            </Placemark>
            <Placemark id="1010">
                <name>Silahtarağa Power Station</name>
                <description>                    category  : power station &lt;br&gt;   
                    sitelinks : 6.0 &lt;br&gt;   
                    articleEN : https://en.wikipedia.org/wiki/Silahtara%C4%9Fa_Power_Station &lt;br&gt;             
                    articleDE : https://de.wikipedia.org/wiki/Silahtara%C4%9Fa_Elektrik_Santral%C4%B1 &lt;br&gt;              
                    wikidata_link : http://www.wikidata.org/entity/Q4817892</description>
                <styleUrl>#30</styleUrl>
                <Point id="1009">
                    <coordinates>28.94583333,41.06722222,0.0</coordinates>
                </Point>
            </Placemark>
            <Placemark id="1012">
                <name>Tokatliyan Hotels</name>
                <description>                    category  : inn &lt;br&gt;   
                    sitelinks : 6.0 &lt;br&gt;   
                    articleEN : https://en.wikipedia.org/wiki/Tokatl%C4%B1yan_Hotels &lt;br&gt;             
                    articleDE : https://de.wikipedia.org/wiki/Tokatl%C4%B1yan-Hotel &lt;br&gt;              
                    wikidata_link : http://www.wikidata.org/entity/Q2656330</description>
                <styleUrl>#30</styleUrl>
                <Point id="1011">
                    <coordinates>28.9783478,41.0341797,0.0</coordinates>
                </Point>
            </Placemark>
            <Placemark id="1014">
                <name>Consulate General of Germany, Istanbul</name>
                <description>                    category  : consulate general &lt;br&gt;   
                    sitelinks : 6.0 &lt;br&gt;   
                    articleEN :  &lt;br&gt;             
                    articleDE : https://de.wikipedia.org/wiki/Deutsches_Generalkonsulat_Istanbul &lt;br&gt;              
                    wikidata_link : http://www.wikidata.org/entity/Q1205651</description>
                <styleUrl>#30</styleUrl>
                <Point id="1013">
                    <coordinates>28.98916667,41.03527778,0.0</coordinates>
                </Point>
            </Placemark>
            <Placemark id="1016">
                <name>Mekteb-i Aşiret-i Humayun</name>
                <description>                    category  : historic building &lt;br&gt;   
                    sitelinks : 6.0 &lt;br&gt;   
                    articleEN : https://en.wikipedia.org/wiki/Mekteb-i_A%C5%9Firet-i_Humayun &lt;br&gt;             
                    articleDE : https://de.wikipedia.org/wiki/Stammesschule_(Osmanisches_Reich) &lt;br&gt;              
                    wikidata_link : http://www.wikidata.org/entity/Q2329610</description>
                <styleUrl>#30</styleUrl>
                <Point id="1015">
                    <coordinates>28.9917393,41.0355759,0.0</coordinates>
                </Point>
            </Placemark>
            <Placemark id="1018">
                <name>Basketmakers' Kiosk</name>
                <description>                    category  : tourist attraction &lt;br&gt;   
                    sitelinks : 6.0 &lt;br&gt;   
                    articleEN : https://en.wikipedia.org/wiki/Basketmakers%27_Kiosk &lt;br&gt;             
                    articleDE : https://de.wikipedia.org/wiki/Sepet%C3%A7iler_K%C3%B6%C5%9Fk%C3%BC &lt;br&gt;              
                    wikidata_link : http://www.wikidata.org/entity/Q4867763</description>
                <styleUrl>#30</styleUrl>
                <Point id="1017">
                    <coordinates>28.98111111,41.01638889,0.0</coordinates>
                </Point>
            </Placemark>
            <Placemark id="1020">
                <name>Zografeion Lyceum</name>
                <description>                    category  : private school &lt;br&gt;   
                    sitelinks : 6.0 &lt;br&gt;   
                    articleEN : https://en.wikipedia.org/wiki/Zografeion_Lyceum &lt;br&gt;             
                    articleDE : https://de.wikipedia.org/wiki/Zo%C4%9Frafyon-Gymnasium &lt;br&gt;              
                    wikidata_link : http://www.wikidata.org/entity/Q3564223</description>
                <styleUrl>#30</styleUrl>
                <Point id="1019">
                    <coordinates>28.9797,41.0333,0.0</coordinates>
                </Point>
            </Placemark>
            <Placemark id="1022">
                <name>Proje4L / Elgiz Museum of Contemporary Art</name>
                <description>                    category  : art museum &lt;br&gt;   
                    sitelinks : 6.0 &lt;br&gt;   
                    articleEN : https://en.wikipedia.org/wiki/Elgiz_Museum &lt;br&gt;             
                    articleDE : https://de.wikipedia.org/wiki/Proje4L/Elgiz_Museum_of_Contemporary_Art &lt;br&gt;              
                    wikidata_link : http://www.wikidata.org/entity/Q2112323</description>
                <styleUrl>#30</styleUrl>
                <Point id="1021">
                    <coordinates>29.02044444,41.10983333,0.0</coordinates>
                </Point>
            </Placemark>
            <Placemark id="1024">
                <name>Kuruçeşme Arena</name>
                <description>                    category  : concert hall &lt;br&gt;   
                    sitelinks : 6.0 &lt;br&gt;   
                    articleEN : https://en.wikipedia.org/wiki/Kuru%C3%A7e%C5%9Fme_Arena &lt;br&gt;             
                    articleDE : https://de.wikipedia.org/wiki/Turkcell_Kuru%C3%A7e%C5%9Fme_Arena &lt;br&gt;              
                    wikidata_link : http://www.wikidata.org/entity/Q2811614</description>
                <styleUrl>#30</styleUrl>
                <Point id="1023">
                    <coordinates>29.033638888889,41.052166666667,0.0</coordinates>
                </Point>
            </Placemark>
            <Placemark id="1026">
                <name>MT Independenţa</name>
                <description>                    category  : ship &lt;br&gt;   
                    sitelinks : 6.0 &lt;br&gt;   
                    articleEN : https://en.wikipedia.org/wiki/MT_Independen%C8%9Ba &lt;br&gt;             
                    articleDE : https://de.wikipedia.org/wiki/Independen%C8%9Ba_(Schiff) &lt;br&gt;              
                    wikidata_link : http://www.wikidata.org/entity/Q1661139</description>
                <styleUrl>#30</styleUrl>
                <Point id="1025">
                    <coordinates>29.007777777778,40.994166666667,0.0</coordinates>
                </Point>
            </Placemark>
            <Placemark id="1028">
                <name>St. George's Austrian High School</name>
                <description>                    category  : Academy of Commerce &lt;br&gt;   
                    sitelinks : 6.0 &lt;br&gt;   
                    articleEN : https://en.wikipedia.org/wiki/St._George%27s_Austrian_High_School &lt;br&gt;             
                    articleDE : https://de.wikipedia.org/wiki/St._Georgs-Kolleg &lt;br&gt;              
                    wikidata_link : http://www.wikidata.org/entity/Q877179</description>
                <styleUrl>#30</styleUrl>
                <Point id="1027">
                    <coordinates>28.97333333,41.02444444,0.0</coordinates>
                </Point>
            </Placemark>
            <Placemark id="1030">
                <name>Sultanahmet Jail</name>
                <description>                    category  : hotel building &lt;br&gt;   
                    sitelinks : 6.0 &lt;br&gt;   
                    articleEN : https://en.wikipedia.org/wiki/Sultanahmet_Jail &lt;br&gt;             
                    articleDE : https://de.wikipedia.org/wiki/Sultan-Ahmed-Gef%C3%A4ngnis &lt;br&gt;              
                    wikidata_link : http://www.wikidata.org/entity/Q851710</description>
                <styleUrl>#30</styleUrl>
                <Point id="1029">
                    <coordinates>28.979952,41.006387,0.0</coordinates>
                </Point>
            </Placemark>
            <Placemark id="1032">
                <name>Deutsche Schule Istanbul</name>
                <description>                    category  : private school &lt;br&gt;   
                    sitelinks : 6.0 &lt;br&gt;   
                    articleEN : https://en.wikipedia.org/wiki/Deutsche_Schule_Istanbul &lt;br&gt;             
                    articleDE : https://de.wikipedia.org/wiki/Deutsche_Schule_Istanbul &lt;br&gt;              
                    wikidata_link : http://www.wikidata.org/entity/Q831926</description>
                <styleUrl>#30</styleUrl>
                <Point id="1031">
                    <coordinates>28.97555556,41.02777778,0.0</coordinates>
                </Point>
            </Placemark>
            <Placemark id="1034">
                <name>Volkswagen Arena Istanbul</name>
                <description>                    category  : sports venue &lt;br&gt;   
                    sitelinks : 7.0 &lt;br&gt;   
                    articleEN : https://en.wikipedia.org/wiki/Volkswagen_Arena_(Istanbul) &lt;br&gt;             
                    articleDE : https://de.wikipedia.org/wiki/Volkswagen_Arena_Istanbul &lt;br&gt;              
                    wikidata_link : http://www.wikidata.org/entity/Q24298851</description>
                <styleUrl>#30</styleUrl>
                <Point id="1033">
                    <coordinates>29.007814,41.109018,0.0</coordinates>
                </Point>
            </Placemark>
            <Placemark id="1036">
                <name>Istanbul Financial Center</name>
                <description>                    category  : building complex &lt;br&gt;   
                    sitelinks : 7.0 &lt;br&gt;   
                    articleEN : https://en.wikipedia.org/wiki/Istanbul_Financial_Center &lt;br&gt;             
                    articleDE : https://de.wikipedia.org/wiki/%C4%B0stanbul_Finans_Merkezi &lt;br&gt;              
                    wikidata_link : http://www.wikidata.org/entity/Q6101566</description>
                <styleUrl>#30</styleUrl>
                <Point id="1035">
                    <coordinates>29.109722222222,41.001666666667,0.0</coordinates>
                </Point>
            </Placemark>
            <Placemark id="1038">
                <name>Vialand</name>
                <description>                    category  : amusement park &lt;br&gt;   
                    sitelinks : 7.0 &lt;br&gt;   
                    articleEN :  &lt;br&gt;             
                    articleDE : https://de.wikipedia.org/wiki/%C4%B0sfanbul &lt;br&gt;              
                    wikidata_link : http://www.wikidata.org/entity/Q15078111</description>
                <styleUrl>#30</styleUrl>
                <Point id="1037">
                    <coordinates>28.922099,41.070317,0.0</coordinates>
                </Point>
            </Placemark>
            <Placemark id="1040">
                <name>Mabeyn-i hümayun</name>
                <description>                    category  : architectural structure &lt;br&gt;   
                    sitelinks : 7.0 &lt;br&gt;   
                    articleEN : https://en.wikipedia.org/wiki/Mabeyn-i_h%C3%BCmayun &lt;br&gt;             
                    articleDE : https://de.wikipedia.org/wiki/Mabeyn &lt;br&gt;              
                    wikidata_link : http://www.wikidata.org/entity/Q6050975</description>
                <styleUrl>#30</styleUrl>
                <Point id="1039">
                    <coordinates>29.0249233,41.1199036,0.0</coordinates>
                </Point>
            </Placemark>
            <Placemark id="1042">
                <name>Kabataş Transfer Center</name>
                <description>                    category  : interchange station &lt;br&gt;   
                    sitelinks : 7.0 &lt;br&gt;   
                    articleEN : https://en.wikipedia.org/wiki/Kabata%C5%9F_(Istanbul_Metro) &lt;br&gt;             
                    articleDE :  &lt;br&gt;              
                    wikidata_link : http://www.wikidata.org/entity/Q25472474</description>
                <styleUrl>#30</styleUrl>
                <Point id="1041">
                    <coordinates>28.992451236484,41.034157607833,0.0</coordinates>
                </Point>
            </Placemark>
            <Placemark id="1044">
                <name>Topkapı—Ulubatlı</name>
                <description>                    category  : interchange station &lt;br&gt;   
                    sitelinks : 7.0 &lt;br&gt;   
                    articleEN : https://en.wikipedia.org/wiki/Topkap%C4%B1-Ulubatl%C4%B1_(Istanbul_Metro) &lt;br&gt;             
                    articleDE :  &lt;br&gt;              
                    wikidata_link : http://www.wikidata.org/entity/Q20718167</description>
                <styleUrl>#30</styleUrl>
                <Point id="1043">
                    <coordinates>28.929993951694,41.024297626408,0.0</coordinates>
                </Point>
            </Placemark>
            <Placemark id="1046">
                <name>Surp Takavor Church</name>
                <description>                    category  : church building &lt;br&gt;   
                    sitelinks : 7.0 &lt;br&gt;   
                    articleEN : https://en.wikipedia.org/wiki/Surp_Takavor_Church &lt;br&gt;             
                    articleDE :  &lt;br&gt;              
                    wikidata_link : http://www.wikidata.org/entity/Q20471319</description>
                <styleUrl>#30</styleUrl>
                <Point id="1045">
                    <coordinates>29.024315,40.989913,0.0</coordinates>
                </Point>
            </Placemark>
            <Placemark id="1048">
                <name>Şişli—Mecidiyeköy</name>
                <description>                    category  : interchange station &lt;br&gt;   
                    sitelinks : 7.0 &lt;br&gt;   
                    articleEN : https://en.wikipedia.org/wiki/%C5%9Ei%C5%9Fli%E2%80%94Mecidiyek%C3%B6y_(Istanbul_Metro) &lt;br&gt;             
                    articleDE :  &lt;br&gt;              
                    wikidata_link : http://www.wikidata.org/entity/Q19613989</description>
                <styleUrl>#30</styleUrl>
                <Point id="1047">
                    <coordinates>28.992563269634,41.064362741904,0.0</coordinates>
                </Point>
            </Placemark>
            <Placemark id="1050">
                <name>Sekbanbaşı Mosque</name>
                <description>                    category  : architectural structure &lt;br&gt;   
                    sitelinks : 7.0 &lt;br&gt;   
                    articleEN : https://en.wikipedia.org/wiki/Sekbanba%C5%9F%C4%B1_Mosque &lt;br&gt;             
                    articleDE :  &lt;br&gt;              
                    wikidata_link : http://www.wikidata.org/entity/Q16331062</description>
                <styleUrl>#30</styleUrl>
                <Point id="1049">
                    <coordinates>28.955805555556,41.016527777778,0.0</coordinates>
                </Point>
            </Placemark>
            <Placemark id="1052">
                <name>Ahmet Hamdi Tanpınar Literature Museum Library</name>
                <description>                    category  : archive &lt;br&gt;   
                    sitelinks : 7.0 &lt;br&gt;   
                    articleEN : https://en.wikipedia.org/wiki/Ahmet_Hamdi_Tanp%C4%B1nar_Literature_Museum_Library &lt;br&gt;             
                    articleDE :  &lt;br&gt;              
                    wikidata_link : http://www.wikidata.org/entity/Q15961666</description>
                <styleUrl>#30</styleUrl>
                <Point id="1051">
                    <coordinates>28.97827,41.01098,0.0</coordinates>
                </Point>
            </Placemark>
            <Placemark id="1054">
                <name>Çarşamba</name>
                <description>                    category  : quarter &lt;br&gt;   
                    sitelinks : 7.0 &lt;br&gt;   
                    articleEN : https://en.wikipedia.org/wiki/%C3%87ar%C5%9Famba,_Fatih &lt;br&gt;             
                    articleDE :  &lt;br&gt;              
                    wikidata_link : http://www.wikidata.org/entity/Q8077543</description>
                <styleUrl>#30</styleUrl>
                <Point id="1053">
                    <coordinates>28.945788888889,41.027855555556,0.0</coordinates>
                </Point>
            </Placemark>
            <Placemark id="1056">
                <name>Sütlüce</name>
                <description>                    category  : mahalle &lt;br&gt;   
                    sitelinks : 7.0 &lt;br&gt;   
                    articleEN : https://en.wikipedia.org/wiki/S%C3%BCtl%C3%BCce,_Beyo%C4%9Flu &lt;br&gt;             
                    articleDE :  &lt;br&gt;              
                    wikidata_link : http://www.wikidata.org/entity/Q7666785</description>
                <styleUrl>#30</styleUrl>
                <Point id="1055">
                    <coordinates>28.9401,41.0509,0.0</coordinates>
                </Point>
            </Placemark>
            <Placemark id="1058">
                <name>Sultantepe</name>
                <description>                    category  : mahalle &lt;br&gt;   
                    sitelinks : 7.0 &lt;br&gt;   
                    articleEN : https://en.wikipedia.org/wiki/Sultantepe,_%C3%9Csk%C3%BCdar &lt;br&gt;             
                    articleDE :  &lt;br&gt;              
                    wikidata_link : http://www.wikidata.org/entity/Q7636823</description>
                <styleUrl>#30</styleUrl>
                <Point id="1057">
                    <coordinates>29.0211,41.0281,0.0</coordinates>
                </Point>
            </Placemark>
            <Placemark id="1060">
                <name>Rezan Has Museum</name>
                <description>                    category  : private museum &lt;br&gt;   
                    sitelinks : 7.0 &lt;br&gt;   
                    articleEN : https://en.wikipedia.org/wiki/Rezan_Has_Museum &lt;br&gt;             
                    articleDE :  &lt;br&gt;              
                    wikidata_link : http://www.wikidata.org/entity/Q7319839</description>
                <styleUrl>#30</styleUrl>
                <Point id="1059">
                    <coordinates>28.95969,41.02401,0.0</coordinates>
                </Point>
            </Placemark>
            <Placemark id="1062">
                <name>Pangaltı Catholic Cemetery</name>
                <description>                    category  : Catholic cemetery &lt;br&gt;   
                    sitelinks : 7.0 &lt;br&gt;   
                    articleEN : https://en.wikipedia.org/wiki/Pangalt%C4%B1_Catholic_Cemetery &lt;br&gt;             
                    articleDE :  &lt;br&gt;              
                    wikidata_link : http://www.wikidata.org/entity/Q7130905</description>
                <styleUrl>#30</styleUrl>
                <Point id="1061">
                    <coordinates>28.985280555556,41.0533,0.0</coordinates>
                </Point>
            </Placemark>
            <Placemark id="1064">
                <name>Beylerbeyi Mosque</name>
                <description>                    category  : architectural structure &lt;br&gt;   
                    sitelinks : 7.0 &lt;br&gt;   
                    articleEN : https://en.wikipedia.org/wiki/Beylerbeyi_Mosque &lt;br&gt;             
                    articleDE :  &lt;br&gt;              
                    wikidata_link : http://www.wikidata.org/entity/Q6845681</description>
                <styleUrl>#30</styleUrl>
                <Point id="1063">
                    <coordinates>29.04573333,41.04516944,0.0</coordinates>
                </Point>
            </Placemark>
            <Placemark id="1066">
                <name>Ottoman Department of Foreign Affairs</name>
                <description>                    category  : foreign affairs ministry &lt;br&gt;   
                    sitelinks : 7.0 &lt;br&gt;   
                    articleEN : https://en.wikipedia.org/wiki/Ministry_of_Foreign_Affairs_(Ottoman_Empire) &lt;br&gt;             
                    articleDE :  &lt;br&gt;              
                    wikidata_link : http://www.wikidata.org/entity/Q6099832</description>
                <styleUrl>#30</styleUrl>
                <Point id="1065">
                    <coordinates>28.9772778,41.0112953,0.0</coordinates>
                </Point>
            </Placemark>
            <Placemark id="1068">
                <name>Beyazıt State Library</name>
                <description>                    category  : architectural structure &lt;br&gt;   
                    sitelinks : 7.0 &lt;br&gt;   
                    articleEN : https://en.wikipedia.org/wiki/Beyaz%C4%B1t_State_Library &lt;br&gt;             
                    articleDE :  &lt;br&gt;              
                    wikidata_link : http://www.wikidata.org/entity/Q6099217</description>
                <styleUrl>#30</styleUrl>
                <Point id="1067">
                    <coordinates>28.9634843,41.010864,0.0</coordinates>
                </Point>
            </Placemark>
            <Placemark id="1070">
                <name>Maçka Park</name>
                <description>                    category  : urban park &lt;br&gt;   
                    sitelinks : 7.0 &lt;br&gt;   
                    articleEN : https://en.wikipedia.org/wiki/Ma%C3%A7ka_Park &lt;br&gt;             
                    articleDE :  &lt;br&gt;              
                    wikidata_link : http://www.wikidata.org/entity/Q6098591</description>
                <styleUrl>#30</styleUrl>
                <Point id="1069">
                    <coordinates>28.99367,41.04406,0.0</coordinates>
                </Point>
            </Placemark>
            <Placemark id="1072">
                <name>Emirgan</name>
                <description>                    category  : mahalle &lt;br&gt;   
                    sitelinks : 7.0 &lt;br&gt;   
                    articleEN : https://en.wikipedia.org/wiki/Emirgan &lt;br&gt;             
                    articleDE :  &lt;br&gt;              
                    wikidata_link : http://www.wikidata.org/entity/Q6097190</description>
                <styleUrl>#30</styleUrl>
                <Point id="1071">
                    <coordinates>29.05183,41.10419,0.0</coordinates>
                </Point>
            </Placemark>
            <Placemark id="1074">
                <name>Hekimoğlu Ali Pasha Mosque</name>
                <description>                    category  : architectural structure &lt;br&gt;   
                    sitelinks : 7.0 &lt;br&gt;   
                    articleEN : https://en.wikipedia.org/wiki/Hekimo%C4%9Flu_Ali_Pasha_Mosque &lt;br&gt;             
                    articleDE :  &lt;br&gt;              
                    wikidata_link : http://www.wikidata.org/entity/Q6095391</description>
                <styleUrl>#30</styleUrl>
                <Point id="1073">
                    <coordinates>28.93497222,41.00615833,0.0</coordinates>
                </Point>
            </Placemark>
            <Placemark id="1076">
                <name>Istanbul Zoology Museum</name>
                <description>                    category  : university museum &lt;br&gt;   
                    sitelinks : 7.0 &lt;br&gt;   
                    articleEN : https://en.wikipedia.org/wiki/Istanbul_Zoology_Museum &lt;br&gt;             
                    articleDE :  &lt;br&gt;              
                    wikidata_link : http://www.wikidata.org/entity/Q6088683</description>
                <styleUrl>#30</styleUrl>
                <Point id="1075">
                    <coordinates>28.963611,41.013333,0.0</coordinates>
                </Point>
            </Placemark>
            <Placemark id="1078">
                <name>İskenderpaşa</name>
                <description>                    category  : mahalle &lt;br&gt;   
                    sitelinks : 7.0 &lt;br&gt;   
                    articleEN : https://en.wikipedia.org/wiki/%C4%B0skenderpa%C5%9Fa &lt;br&gt;             
                    articleDE :  &lt;br&gt;              
                    wikidata_link : http://www.wikidata.org/entity/Q5998229</description>
                <styleUrl>#30</styleUrl>
                <Point id="1077">
                    <coordinates>28.9489921,41.0145341,0.0</coordinates>
                </Point>
            </Placemark>
            <Placemark id="1080">
                <name>Etfal Hospital Clock Tower</name>
                <description>                    category  : clock tower &lt;br&gt;   
                    sitelinks : 7.0 &lt;br&gt;   
                    articleEN : https://en.wikipedia.org/wiki/Etfal_Hospital_Clock_Tower &lt;br&gt;             
                    articleDE :  &lt;br&gt;              
                    wikidata_link : http://www.wikidata.org/entity/Q5402823</description>
                <styleUrl>#30</styleUrl>
                <Point id="1079">
                    <coordinates>28.99,41.0579,0.0</coordinates>
                </Point>
            </Placemark>
            <Placemark id="1082">
                <name>Cemil Topuzlu Open-Air Theatre</name>
                <description>                    category  : concert hall &lt;br&gt;   
                    sitelinks : 7.0 &lt;br&gt;   
                    articleEN : https://en.wikipedia.org/wiki/Cemil_Topuzlu_Open-Air_Theatre &lt;br&gt;             
                    articleDE :  &lt;br&gt;              
                    wikidata_link : http://www.wikidata.org/entity/Q5058732</description>
                <styleUrl>#30</styleUrl>
                <Point id="1081">
                    <coordinates>28.99027778,41.04583333,0.0</coordinates>
                </Point>
            </Placemark>
            <Placemark id="1084">
                <name>Cağaloğlu Hamam</name>
                <description>                    category  : hammam &lt;br&gt;   
                    sitelinks : 7.0 &lt;br&gt;   
                    articleEN : https://en.wikipedia.org/wiki/Ca%C4%9Falo%C4%9Flu_Hamam &lt;br&gt;             
                    articleDE :  &lt;br&gt;              
                    wikidata_link : http://www.wikidata.org/entity/Q5055609</description>
                <styleUrl>#30</styleUrl>
                <Point id="1083">
                    <coordinates>28.9756,41.0106,0.0</coordinates>
                </Point>
            </Placemark>
            <Placemark id="1086">
                <name>Balaban Aga Mosque</name>
                <description>                    category  : architectural structure &lt;br&gt;   
                    sitelinks : 7.0 &lt;br&gt;   
                    articleEN : https://en.wikipedia.org/wiki/Balaban_Aga_Mosque &lt;br&gt;             
                    articleDE :  &lt;br&gt;              
                    wikidata_link : http://www.wikidata.org/entity/Q4849720</description>
                <styleUrl>#30</styleUrl>
                <Point id="1085">
                    <coordinates>28.9583,41.011,0.0</coordinates>
                </Point>
            </Placemark>
            <Placemark id="1088">
                <name>USS Thornback</name>
                <description>                    category  : preserved watercraft &lt;br&gt;   
                    sitelinks : 7.0 &lt;br&gt;   
                    articleEN : https://en.wikipedia.org/wiki/USS_Thornback &lt;br&gt;             
                    articleDE :  &lt;br&gt;              
                    wikidata_link : http://www.wikidata.org/entity/Q4817294</description>
                <styleUrl>#30</styleUrl>
                <Point id="1087">
                    <coordinates>28.9478,41.0415,0.0</coordinates>
                </Point>
            </Placemark>
            <Placemark id="1090">
                <name>Siege of Byzantium</name>
                <description>                    category  : siege &lt;br&gt;   
                    sitelinks : 7.0 &lt;br&gt;   
                    articleEN : https://en.wikipedia.org/wiki/Siege_of_Byzantium_(324) &lt;br&gt;             
                    articleDE :  &lt;br&gt;              
                    wikidata_link : http://www.wikidata.org/entity/Q3625453</description>
                <styleUrl>#30</styleUrl>
                <Point id="1089">
                    <coordinates>28.984722222222,41.015277777778,0.0</coordinates>
                </Point>
            </Placemark>
            <Placemark id="1092">
                <name>Bostancı</name>
                <description>                    category  : mahalle &lt;br&gt;   
                    sitelinks : 7.0 &lt;br&gt;   
                    articleEN : https://en.wikipedia.org/wiki/Bostanc%C4%B1 &lt;br&gt;             
                    articleDE :  &lt;br&gt;              
                    wikidata_link : http://www.wikidata.org/entity/Q3564169</description>
                <styleUrl>#30</styleUrl>
                <Point id="1091">
                    <coordinates>29.09555556,40.95833333,0.0</coordinates>
                </Point>
            </Placemark>
            <Placemark id="1094">
                <name>Etz Ahayim Synagogue</name>
                <description>                    category  : synagogue &lt;br&gt;   
                    sitelinks : 7.0 &lt;br&gt;   
                    articleEN : https://en.wikipedia.org/wiki/Etz_Ahayim_Synagogue &lt;br&gt;             
                    articleDE :  &lt;br&gt;              
                    wikidata_link : http://www.wikidata.org/entity/Q3409797</description>
                <styleUrl>#30</styleUrl>
                <Point id="1093">
                    <coordinates>29.025416666667,41.048305555556,0.0</coordinates>
                </Point>
            </Placemark>
            <Placemark id="1096">
                <name>Hemdat Israel Synagogue</name>
                <description>                    category  : synagogue &lt;br&gt;   
                    sitelinks : 7.0 &lt;br&gt;   
                    articleEN : https://en.wikipedia.org/wiki/Hemdat_Israel_Synagogue &lt;br&gt;             
                    articleDE :  &lt;br&gt;              
                    wikidata_link : http://www.wikidata.org/entity/Q3409173</description>
                <styleUrl>#30</styleUrl>
                <Point id="1095">
                    <coordinates>29.0273,40.9948,0.0</coordinates>
                </Point>
            </Placemark>
            <Placemark id="1098">
                <name>Handan Agha Mosque</name>
                <description>                    category  : architectural structure &lt;br&gt;   
                    sitelinks : 7.0 &lt;br&gt;   
                    articleEN : https://en.wikipedia.org/wiki/Handan_Agha_Mosque &lt;br&gt;             
                    articleDE :  &lt;br&gt;              
                    wikidata_link : http://www.wikidata.org/entity/Q3397455</description>
                <styleUrl>#30</styleUrl>
                <Point id="1097">
                    <coordinates>28.951102,41.038216,0.0</coordinates>
                </Point>
            </Placemark>
            <Placemark id="1100">
                <name>2008 Istanbul bombings</name>
                <description>                    category  : bomb attack &lt;br&gt;   
                    sitelinks : 7.0 &lt;br&gt;   
                    articleEN : https://en.wikipedia.org/wiki/2008_Istanbul_bombings &lt;br&gt;             
                    articleDE :  &lt;br&gt;              
                    wikidata_link : http://www.wikidata.org/entity/Q1653835</description>
                <styleUrl>#30</styleUrl>
                <Point id="1099">
                    <coordinates>28.871666666667,41.010916666667,0.0</coordinates>
                </Point>
            </Placemark>
            <Placemark id="1102">
                <name>Süleymaniye Hamam</name>
                <description>                    category  : hammam &lt;br&gt;   
                    sitelinks : 7.0 &lt;br&gt;   
                    articleEN : https://en.wikipedia.org/wiki/S%C3%BCleymaniye_Hamam &lt;br&gt;             
                    articleDE :  &lt;br&gt;              
                    wikidata_link : http://www.wikidata.org/entity/Q749094</description>
                <styleUrl>#30</styleUrl>
                <Point id="1101">
                    <coordinates>28.9658,41.0159,0.0</coordinates>
                </Point>
            </Placemark>
            <Placemark id="1104">
                <name>Istanbul Congress Center</name>
                <description>                    category  : convention center &lt;br&gt;   
                    sitelinks : 7.0 &lt;br&gt;   
                    articleEN : https://en.wikipedia.org/wiki/Istanbul_Congress_Center &lt;br&gt;             
                    articleDE : https://de.wikipedia.org/wiki/Istanbul_Congress_Center &lt;br&gt;              
                    wikidata_link : http://www.wikidata.org/entity/Q16850265</description>
                <styleUrl>#30</styleUrl>
                <Point id="1103">
                    <coordinates>28.9883,41.0458,0.0</coordinates>
                </Point>
            </Placemark>
            <Placemark id="1106">
                <name>Fountain of Ahmed III (Üsküdar)</name>
                <description>                    category  : fountain &lt;br&gt;   
                    sitelinks : 7.0 &lt;br&gt;   
                    articleEN : https://en.wikipedia.org/wiki/Fountain_of_Ahmed_III_(%C3%9Csk%C3%BCdar) &lt;br&gt;             
                    articleDE : https://de.wikipedia.org/wiki/Brunnen_vor_der_Iskele-Moschee_in_%C3%9Csk%C3%BCdar &lt;br&gt;              
                    wikidata_link : http://www.wikidata.org/entity/Q16947921</description>
                <styleUrl>#30</styleUrl>
                <Point id="1105">
                    <coordinates>29.015355,41.026787,0.0</coordinates>
                </Point>
            </Placemark>
            <Placemark id="1108">
                <name>Söğütlüçeşme railway station</name>
                <description>                    category  : interchange station &lt;br&gt;   
                    sitelinks : 7.0 &lt;br&gt;   
                    articleEN : https://en.wikipedia.org/wiki/S%C3%B6%C4%9F%C3%BCtl%C3%BC%C3%A7e%C5%9Fme_railway_station &lt;br&gt;             
                    articleDE : https://de.wikipedia.org/wiki/Bahnhof_Istanbul_S%C3%B6%C4%9F%C3%BCtl%C3%BC%C3%A7e%C5%9Fme &lt;br&gt;              
                    wikidata_link : http://www.wikidata.org/entity/Q7666457</description>
                <styleUrl>#30</styleUrl>
                <Point id="1107">
                    <coordinates>29.0376538,40.9910017,0.0</coordinates>
                </Point>
            </Placemark>
            <Placemark id="1110">
                <name>Salacak</name>
                <description>                    category  : mahalle &lt;br&gt;   
                    sitelinks : 7.0 &lt;br&gt;   
                    articleEN : https://en.wikipedia.org/wiki/Salacak &lt;br&gt;             
                    articleDE : https://de.wikipedia.org/wiki/Salacak &lt;br&gt;              
                    wikidata_link : http://www.wikidata.org/entity/Q7403368</description>
                <styleUrl>#30</styleUrl>
                <Point id="1109">
                    <coordinates>29.010502,41.016724,0.0</coordinates>
                </Point>
            </Placemark>
            <Placemark id="1112">
                <name>Feriköy Protestant Cemetery</name>
                <description>                    category  : Commonwealth War Graves Commission maintained cemetery &lt;br&gt;   
                    sitelinks : 7.0 &lt;br&gt;   
                    articleEN : https://en.wikipedia.org/wiki/Ferik%C3%B6y_Protestant_Cemetery &lt;br&gt;             
                    articleDE : https://de.wikipedia.org/wiki/Protestantischer_Friedhof_Ferik%C3%B6y &lt;br&gt;              
                    wikidata_link : http://www.wikidata.org/entity/Q5444318</description>
                <styleUrl>#30</styleUrl>
                <Point id="1111">
                    <coordinates>28.983889,41.053889,0.0</coordinates>
                </Point>
            </Placemark>
            <Placemark id="1114">
                <name>Pangaltı Armenian Cemetery</name>
                <description>                    category  : destroyed building or structure &lt;br&gt;   
                    sitelinks : 7.0 &lt;br&gt;   
                    articleEN : https://en.wikipedia.org/wiki/Pangalt%C4%B1_Armenian_Cemetery &lt;br&gt;             
                    articleDE : https://de.wikipedia.org/wiki/Armenischer_Friedhof_(Pangalt%C4%B1) &lt;br&gt;              
                    wikidata_link : http://www.wikidata.org/entity/Q7130904</description>
                <styleUrl>#30</styleUrl>
                <Point id="1113">
                    <coordinates>28.988305555556,41.042305555556,0.0</coordinates>
                </Point>
            </Placemark>
            <Placemark id="1116">
                <name>Liceo Italiano</name>
                <description>                    category  : international school &lt;br&gt;   
                    sitelinks : 7.0 &lt;br&gt;   
                    articleEN : https://en.wikipedia.org/wiki/Liceo_Italiano_di_Istanbul &lt;br&gt;             
                    articleDE : https://de.wikipedia.org/wiki/Liceo_Italiano &lt;br&gt;              
                    wikidata_link : http://www.wikidata.org/entity/Q6543110</description>
                <styleUrl>#30</styleUrl>
                <Point id="1115">
                    <coordinates>28.9786,41.03,0.0</coordinates>
                </Point>
            </Placemark>
            <Placemark id="1118">
                <name>Kuleli Military High School</name>
                <description>                    category  : architectural structure &lt;br&gt;   
                    sitelinks : 7.0 &lt;br&gt;   
                    articleEN : https://en.wikipedia.org/wiki/Kuleli_Military_High_School &lt;br&gt;             
                    articleDE : https://de.wikipedia.org/wiki/Kuleli_Asker%C3%AE_Lisesi &lt;br&gt;              
                    wikidata_link : http://www.wikidata.org/entity/Q6442920</description>
                <styleUrl>#30</styleUrl>
                <Point id="1117">
                    <coordinates>29.05472222,41.05861111,0.0</coordinates>
                </Point>
            </Placemark>
            <Placemark id="1120">
                <name>Diamond of Istanbul</name>
                <description>                    category  : skyscraper &lt;br&gt;   
                    sitelinks : 7.0 &lt;br&gt;   
                    articleEN : https://en.wikipedia.org/wiki/Rams_Beyond &lt;br&gt;             
                    articleDE : https://de.wikipedia.org/wiki/Diamond_of_Istanbul &lt;br&gt;              
                    wikidata_link : http://www.wikidata.org/entity/Q1208733</description>
                <styleUrl>#30</styleUrl>
                <Point id="1119">
                    <coordinates>29.023888888889,41.109444444444,0.0</coordinates>
                </Point>
            </Placemark>
            <Placemark id="1122">
                <name>Bogdan Saray</name>
                <description>                    category  : palace &lt;br&gt;   
                    sitelinks : 7.0 &lt;br&gt;   
                    articleEN : https://en.wikipedia.org/wiki/Bogdan_Saray &lt;br&gt;             
                    articleDE : https://de.wikipedia.org/wiki/Bo%C4%9Fdan_Saray%C4%B1 &lt;br&gt;              
                    wikidata_link : http://www.wikidata.org/entity/Q4937471</description>
                <styleUrl>#30</styleUrl>
                <Point id="1121">
                    <coordinates>28.94212,41.02975,0.0</coordinates>
                </Point>
            </Placemark>
            <Placemark id="1124">
                <name>Bet Yaakov Synagogue</name>
                <description>                    category  : synagogue &lt;br&gt;   
                    sitelinks : 7.0 &lt;br&gt;   
                    articleEN : https://en.wikipedia.org/wiki/Bet_Yaakov_Synagogue &lt;br&gt;             
                    articleDE : https://de.wikipedia.org/wiki/Beit-Yaakov-Synagoge &lt;br&gt;              
                    wikidata_link : http://www.wikidata.org/entity/Q4897165</description>
                <styleUrl>#30</styleUrl>
                <Point id="1123">
                    <coordinates>29.0295944444,41.0363777778,0.0</coordinates>
                </Point>
            </Placemark>
            <Placemark id="1126">
                <name>Balıklı Greek Hospital</name>
                <description>                    category  : private hospital &lt;br&gt;   
                    sitelinks : 7.0 &lt;br&gt;   
                    articleEN : https://en.wikipedia.org/wiki/Bal%C4%B1kl%C4%B1_Greek_Hospital &lt;br&gt;             
                    articleDE : https://de.wikipedia.org/wiki/Bal%C4%B1kl%C4%B1_Rum_Hastanesi &lt;br&gt;              
                    wikidata_link : http://www.wikidata.org/entity/Q2857801</description>
                <styleUrl>#30</styleUrl>
                <Point id="1125">
                    <coordinates>28.918056,40.999722,0.0</coordinates>
                </Point>
            </Placemark>
            <Placemark id="1128">
                <name>Vahdettin Pavilion</name>
                <description>                    category  : pavilion &lt;br&gt;   
                    sitelinks : 8.0 &lt;br&gt;   
                    articleEN : https://en.wikipedia.org/wiki/Vahdettin_Pavilion &lt;br&gt;             
                    articleDE : https://de.wikipedia.org/wiki/Vahdettin-Pavillon &lt;br&gt;              
                    wikidata_link : http://www.wikidata.org/entity/Q19613348</description>
                <styleUrl>#30</styleUrl>
                <Point id="1127">
                    <coordinates>29.05492,41.053627,0.0</coordinates>
                </Point>
            </Placemark>
            <Placemark id="1130">
                <name>Great Istanbul Tunnel</name>
                <description>                    category  : railway tunnel &lt;br&gt;   
                    sitelinks : 8.0 &lt;br&gt;   
                    articleEN : https://en.wikipedia.org/wiki/Great_Istanbul_Tunnel &lt;br&gt;             
                    articleDE : https://de.wikipedia.org/wiki/Gro%C3%9Fer_Istanbul-Tunnel &lt;br&gt;              
                    wikidata_link : http://www.wikidata.org/entity/Q19610870</description>
                <styleUrl>#30</styleUrl>
                <Point id="1129">
                    <coordinates>29.05,41.05,0.0</coordinates>
                </Point>
            </Placemark>
            <Placemark id="1132">
                <name>Museum of the Ancient Orient</name>
                <description>                    category  : museum &lt;br&gt;   
                    sitelinks : 8.0 &lt;br&gt;   
                    articleEN : https://en.wikipedia.org/wiki/Museum_of_the_Ancient_Orient &lt;br&gt;             
                    articleDE :  &lt;br&gt;              
                    wikidata_link : http://www.wikidata.org/entity/Q99397898</description>
                <styleUrl>#30</styleUrl>
                <Point id="1131">
                    <coordinates>28.9804363,41.0113182,0.0</coordinates>
                </Point>
            </Placemark>
            <Placemark id="1134">
                <name>St. Mary of Sakızağaç Cathedral</name>
                <description>                    category  : Catholic cathedral &lt;br&gt;   
                    sitelinks : 8.0 &lt;br&gt;   
                    articleEN : https://en.wikipedia.org/wiki/St._Mary_of_Sak%C4%B1za%C4%9Fa%C3%A7_Cathedral,_Istanbul &lt;br&gt;             
                    articleDE :  &lt;br&gt;              
                    wikidata_link : http://www.wikidata.org/entity/Q27925126</description>
                <styleUrl>#30</styleUrl>
                <Point id="1133">
                    <coordinates>28.979656123367,41.035566296454,0.0</coordinates>
                </Point>
            </Placemark>
            <Placemark id="1136">
                <name>University of Health Sciences</name>
                <description>                    category  : public university &lt;br&gt;   
                    sitelinks : 8.0 &lt;br&gt;   
                    articleEN : https://en.wikipedia.org/wiki/University_of_Health_Sciences_(Turkey) &lt;br&gt;             
                    articleDE :  &lt;br&gt;              
                    wikidata_link : http://www.wikidata.org/entity/Q19612850</description>
                <styleUrl>#30</styleUrl>
                <Point id="1135">
                    <coordinates>29.019861111111,41.004027777778,0.0</coordinates>
                </Point>
            </Placemark>
            <Placemark id="1138">
                <name>Çinili Mosque</name>
                <description>                    category  : architectural structure &lt;br&gt;   
                    sitelinks : 8.0 &lt;br&gt;   
                    articleEN : https://en.wikipedia.org/wiki/%C3%87inili_Mosque &lt;br&gt;             
                    articleDE :  &lt;br&gt;              
                    wikidata_link : http://www.wikidata.org/entity/Q18515442</description>
                <styleUrl>#30</styleUrl>
                <Point id="1137">
                    <coordinates>29.0292,41.0199,0.0</coordinates>
                </Point>
            </Placemark>
            <Placemark id="1140">
                <name>Taksim Transfer Center</name>
                <description>                    category  : interchange station &lt;br&gt;   
                    sitelinks : 8.0 &lt;br&gt;   
                    articleEN : https://en.wikipedia.org/wiki/Taksim_(Istanbul_Metro) &lt;br&gt;             
                    articleDE :  &lt;br&gt;              
                    wikidata_link : http://www.wikidata.org/entity/Q16952987</description>
                <styleUrl>#30</styleUrl>
                <Point id="1139">
                    <coordinates>28.985724898077,41.037139597414,0.0</coordinates>
                </Point>
            </Placemark>
            <Placemark id="1142">
                <name>Yenibosna Merkez</name>
                <description>                    category  : mahalle &lt;br&gt;   
                    sitelinks : 8.0 &lt;br&gt;   
                    articleEN : https://en.wikipedia.org/wiki/Yenibosna &lt;br&gt;             
                    articleDE :  &lt;br&gt;              
                    wikidata_link : http://www.wikidata.org/entity/Q12812591</description>
                <styleUrl>#30</styleUrl>
                <Point id="1141">
                    <coordinates>28.81495,41.009272,0.0</coordinates>
                </Point>
            </Placemark>
            <Placemark id="1144">
                <name>Yeşilyurt</name>
                <description>                    category  : mahalle &lt;br&gt;   
                    sitelinks : 8.0 &lt;br&gt;   
                    articleEN : https://en.wikipedia.org/wiki/Ye%C5%9Filyurt,_Bak%C4%B1rk%C3%B6y &lt;br&gt;             
                    articleDE :  &lt;br&gt;              
                    wikidata_link : http://www.wikidata.org/entity/Q8053388</description>
                <styleUrl>#30</styleUrl>
                <Point id="1143">
                    <coordinates>28.839444444444,40.963333333333,0.0</coordinates>
                </Point>
            </Placemark>
            <Placemark id="1146">
                <name>Lycus</name>
                <description>                    category  : former river &lt;br&gt;   
                    sitelinks : 8.0 &lt;br&gt;   
                    articleEN : https://en.wikipedia.org/wiki/Lycus_(river_of_Constantinople) &lt;br&gt;             
                    articleDE :  &lt;br&gt;              
                    wikidata_link : http://www.wikidata.org/entity/Q6857272</description>
                <styleUrl>#30</styleUrl>
                <Point id="1145">
                    <coordinates>28.9506,41.0065,0.0</coordinates>
                </Point>
            </Placemark>
            <Placemark id="1148">
                <name>Eyüp Gondola</name>
                <description>                    category  : gondola lift &lt;br&gt;   
                    sitelinks : 8.0 &lt;br&gt;   
                    articleEN : https://en.wikipedia.org/wiki/Ey%C3%BCp_Gondola &lt;br&gt;             
                    articleDE :  &lt;br&gt;              
                    wikidata_link : http://www.wikidata.org/entity/Q6741671</description>
                <styleUrl>#30</styleUrl>
                <Point id="1147">
                    <coordinates>28.93416667,41.04972222,0.0</coordinates>
                </Point>
            </Placemark>
            <Placemark id="1150">
                <name>Museum of Turkish Calligraphy Art</name>
                <description>                    category  : calligraphy museum &lt;br&gt;   
                    sitelinks : 8.0 &lt;br&gt;   
                    articleEN : https://en.wikipedia.org/wiki/Museum_of_Turkish_Calligraphy_Art &lt;br&gt;             
                    articleDE :  &lt;br&gt;              
                    wikidata_link : http://www.wikidata.org/entity/Q6549659</description>
                <styleUrl>#30</styleUrl>
                <Point id="1149">
                    <coordinates>28.9632,41.01,0.0</coordinates>
                </Point>
            </Placemark>
            <Placemark id="1152">
                <name>Istanbul Painting and Sculpture Museum</name>
                <description>                    category  : art museum &lt;br&gt;   
                    sitelinks : 8.0 &lt;br&gt;   
                    articleEN : https://en.wikipedia.org/wiki/Istanbul_Museum_of_Painting_and_Sculpture &lt;br&gt;             
                    articleDE :  &lt;br&gt;              
                    wikidata_link : http://www.wikidata.org/entity/Q6447963</description>
                <styleUrl>#30</styleUrl>
                <Point id="1151">
                    <coordinates>28.9842993,41.027851,0.0</coordinates>
                </Point>
            </Placemark>
            <Placemark id="1154">
                <name>Kennedy Avenue</name>
                <description>                    category  : avenue &lt;br&gt;   
                    sitelinks : 8.0 &lt;br&gt;   
                    articleEN : https://en.wikipedia.org/wiki/Kennedy_Avenue &lt;br&gt;             
                    articleDE :  &lt;br&gt;              
                    wikidata_link : http://www.wikidata.org/entity/Q6389586</description>
                <styleUrl>#30</styleUrl>
                <Point id="1153">
                    <coordinates>28.9309,40.9951,0.0</coordinates>
                </Point>
            </Placemark>
            <Placemark id="1156">
                <name>İskender Pasha Mosque, Kanlıca</name>
                <description>                    category  : külliye &lt;br&gt;   
                    sitelinks : 8.0 &lt;br&gt;   
                    articleEN : https://en.wikipedia.org/wiki/%C4%B0skender_Pasha_Mosque,_Kanl%C4%B1ca &lt;br&gt;             
                    articleDE :  &lt;br&gt;              
                    wikidata_link : http://www.wikidata.org/entity/Q6104328</description>
                <styleUrl>#30</styleUrl>
                <Point id="1155">
                    <coordinates>29.06587,41.10002,0.0</coordinates>
                </Point>
            </Placemark>
            <Placemark id="1158">
                <name>murder of Ahmet Yıldız</name>
                <description>                    category  : murder &lt;br&gt;   
                    sitelinks : 8.0 &lt;br&gt;   
                    articleEN : https://en.wikipedia.org/wiki/Murder_of_Ahmet_Y%C4%B1ld%C4%B1z &lt;br&gt;             
                    articleDE :  &lt;br&gt;              
                    wikidata_link : http://www.wikidata.org/entity/Q6098423</description>
                <styleUrl>#30</styleUrl>
                <Point id="1157">
                    <coordinates>29.02,41.02,0.0</coordinates>
                </Point>
            </Placemark>
            <Placemark id="1160">
                <name>Anadolu Hisarı</name>
                <description>                    category  : mahalle &lt;br&gt;   
                    sitelinks : 8.0 &lt;br&gt;   
                    articleEN : https://en.wikipedia.org/wiki/Anadoluhisar%C4%B1,_Beykoz &lt;br&gt;             
                    articleDE :  &lt;br&gt;              
                    wikidata_link : http://www.wikidata.org/entity/Q6087412</description>
                <styleUrl>#30</styleUrl>
                <Point id="1159">
                    <coordinates>29.0713,41.0864,0.0</coordinates>
                </Point>
            </Placemark>
            <Placemark id="1162">
                <name>Maçka Gondola</name>
                <description>                    category  : gondola lift &lt;br&gt;   
                    sitelinks : 8.0 &lt;br&gt;   
                    articleEN : https://en.wikipedia.org/wiki/Ma%C3%A7ka_Gondola &lt;br&gt;             
                    articleDE :  &lt;br&gt;              
                    wikidata_link : http://www.wikidata.org/entity/Q6077189</description>
                <styleUrl>#30</styleUrl>
                <Point id="1161">
                    <coordinates>28.99388889,41.04472222,0.0</coordinates>
                </Point>
            </Placemark>
            <Placemark id="1164">
                <name>Tophane Fountain</name>
                <description>                    category  : architectural structure &lt;br&gt;   
                    sitelinks : 8.0 &lt;br&gt;   
                    articleEN : https://en.wikipedia.org/wiki/Tophane_Fountain &lt;br&gt;             
                    articleDE :  &lt;br&gt;              
                    wikidata_link : http://www.wikidata.org/entity/Q6077177</description>
                <styleUrl>#30</styleUrl>
                <Point id="1163">
                    <coordinates>28.98111111,41.02666667,0.0</coordinates>
                </Point>
            </Placemark>
            <Placemark id="1166">
                <name>Rami Barracks</name>
                <description>                    category  : barracks &lt;br&gt;   
                    sitelinks : 8.0 &lt;br&gt;   
                    articleEN : https://en.wikipedia.org/wiki/Rami_Barracks &lt;br&gt;             
                    articleDE :  &lt;br&gt;              
                    wikidata_link : http://www.wikidata.org/entity/Q6074552</description>
                <styleUrl>#30</styleUrl>
                <Point id="1165">
                    <coordinates>28.91555556,41.04916667,0.0</coordinates>
                </Point>
            </Placemark>
            <Placemark id="1168">
                <name>Çubuklu</name>
                <description>                    category  : mahalle &lt;br&gt;   
                    sitelinks : 8.0 &lt;br&gt;   
                    articleEN : https://en.wikipedia.org/wiki/%C3%87ubuklu &lt;br&gt;             
                    articleDE :  &lt;br&gt;              
                    wikidata_link : http://www.wikidata.org/entity/Q6074264</description>
                <styleUrl>#30</styleUrl>
                <Point id="1167">
                    <coordinates>29.082879,41.106819,0.0</coordinates>
                </Point>
            </Placemark>
            <Placemark id="1170">
                <name>Mahmut Pasha Mosque</name>
                <description>                    category  : külliye &lt;br&gt;   
                    sitelinks : 8.0 &lt;br&gt;   
                    articleEN : https://en.wikipedia.org/wiki/Mahmut_Pasha_Mosque,_Emin%C3%B6n%C3%BC &lt;br&gt;             
                    articleDE :  &lt;br&gt;              
                    wikidata_link : http://www.wikidata.org/entity/Q6070291</description>
                <styleUrl>#30</styleUrl>
                <Point id="1169">
                    <coordinates>28.97133056,41.01111944,0.0</coordinates>
                </Point>
            </Placemark>
            <Placemark id="1172">
                <name>Koşuyolu</name>
                <description>                    category  : mahalle &lt;br&gt;   
                    sitelinks : 8.0 &lt;br&gt;   
                    articleEN : https://en.wikipedia.org/wiki/Ko%C5%9Fuyolu,_Kad%C4%B1k%C3%B6y &lt;br&gt;             
                    articleDE :  &lt;br&gt;              
                    wikidata_link : http://www.wikidata.org/entity/Q6059322</description>
                <styleUrl>#30</styleUrl>
                <Point id="1171">
                    <coordinates>29.035457,41.006929,0.0</coordinates>
                </Point>
            </Placemark>
            <Placemark id="1174">
                <name>Caddebostan</name>
                <description>                    category  : mahalle &lt;br&gt;   
                    sitelinks : 8.0 &lt;br&gt;   
                    articleEN : https://en.wikipedia.org/wiki/Caddebostan &lt;br&gt;             
                    articleDE :  &lt;br&gt;              
                    wikidata_link : http://www.wikidata.org/entity/Q6058785</description>
                <styleUrl>#30</styleUrl>
                <Point id="1173">
                    <coordinates>29.06277778,40.96666667,0.0</coordinates>
                </Point>
            </Placemark>
            <Placemark id="1176">
                <name>İskender Pasha Mosque</name>
                <description>                    category  : architectural structure &lt;br&gt;   
                    sitelinks : 8.0 &lt;br&gt;   
                    articleEN : https://en.wikipedia.org/wiki/%C4%B0skender_Pasha_Mosque,_Fatih &lt;br&gt;             
                    articleDE :  &lt;br&gt;              
                    wikidata_link : http://www.wikidata.org/entity/Q6045782</description>
                <styleUrl>#30</styleUrl>
                <Point id="1175">
                    <coordinates>28.94788,41.01667,0.0</coordinates>
                </Point>
            </Placemark>
            <Placemark id="1178">
                <name>Teşvikiye</name>
                <description>                    category  : mahalle &lt;br&gt;   
                    sitelinks : 8.0 &lt;br&gt;   
                    articleEN : https://en.wikipedia.org/wiki/Te%C5%9Fvikiye &lt;br&gt;             
                    articleDE :  &lt;br&gt;              
                    wikidata_link : http://www.wikidata.org/entity/Q5274738</description>
                <styleUrl>#30</styleUrl>
                <Point id="1177">
                    <coordinates>28.9944,41.0486,0.0</coordinates>
                </Point>
            </Placemark>
            <Placemark id="1180">
                <name>Sea Life İstanbul</name>
                <description>                    category  : public aquarium &lt;br&gt;   
                    sitelinks : 8.0 &lt;br&gt;   
                    articleEN : https://en.wikipedia.org/wiki/TurkuaZoo &lt;br&gt;             
                    articleDE :  &lt;br&gt;              
                    wikidata_link : http://www.wikidata.org/entity/Q4809463</description>
                <styleUrl>#30</styleUrl>
                <Point id="1179">
                    <coordinates>28.8963,41.0456,0.0</coordinates>
                </Point>
            </Placemark>
            <Placemark id="1182">
                <name>Yeniköy Synagogue</name>
                <description>                    category  : synagogue &lt;br&gt;   
                    sitelinks : 8.0 &lt;br&gt;   
                    articleEN : https://en.wikipedia.org/wiki/Yenik%C3%B6y_Synagogue &lt;br&gt;             
                    articleDE :  &lt;br&gt;              
                    wikidata_link : http://www.wikidata.org/entity/Q3404711</description>
                <styleUrl>#30</styleUrl>
                <Point id="1181">
                    <coordinates>29.0663,41.1182,0.0</coordinates>
                </Point>
            </Placemark>
            <Placemark id="1184">
                <name>Soğukçeşme Sokağı</name>
                <description>                    category  : street &lt;br&gt;   
                    sitelinks : 8.0 &lt;br&gt;   
                    articleEN : https://en.wikipedia.org/wiki/So%C4%9Fuk%C3%A7e%C5%9Fme_Soka%C4%9F%C4%B1 &lt;br&gt;             
                    articleDE :  &lt;br&gt;              
                    wikidata_link : http://www.wikidata.org/entity/Q3300856</description>
                <styleUrl>#30</styleUrl>
                <Point id="1183">
                    <coordinates>28.9802,41.0093,0.0</coordinates>
                </Point>
            </Placemark>
            <Placemark id="1186">
                <name>Altınbaş University</name>
                <description>                    category  : private university &lt;br&gt;   
                    sitelinks : 8.0 &lt;br&gt;   
                    articleEN : https://en.wikipedia.org/wiki/Alt%C4%B1nba%C5%9F_University &lt;br&gt;             
                    articleDE :  &lt;br&gt;              
                    wikidata_link : http://www.wikidata.org/entity/Q2756518</description>
                <styleUrl>#30</styleUrl>
                <Point id="1185">
                    <coordinates>28.82027778,41.05694444,0.0</coordinates>
                </Point>
            </Placemark>
            <Placemark id="1188">
                <name>İstanbul Toy Museum</name>
                <description>                    category  : toy museum &lt;br&gt;   
                    sitelinks : 8.0 &lt;br&gt;   
                    articleEN : https://en.wikipedia.org/wiki/Istanbul_Toy_Museum &lt;br&gt;             
                    articleDE :  &lt;br&gt;              
                    wikidata_link : http://www.wikidata.org/entity/Q2743371</description>
                <styleUrl>#30</styleUrl>
                <Point id="1187">
                    <coordinates>29.07073,40.97593,0.0</coordinates>
                </Point>
            </Placemark>
            <Placemark id="1190">
                <name>Neorion Harbour</name>
                <description>                    category  : harbor &lt;br&gt;   
                    sitelinks : 8.0 &lt;br&gt;   
                    articleEN : https://en.wikipedia.org/wiki/Neorion_Harbour &lt;br&gt;             
                    articleDE : https://de.wikipedia.org/wiki/Neorion-Hafen &lt;br&gt;              
                    wikidata_link : http://www.wikidata.org/entity/Q18123476</description>
                <styleUrl>#30</styleUrl>
                <Point id="1189">
                    <coordinates>28.975,41.01667,0.0</coordinates>
                </Point>
            </Placemark>
            <Placemark id="1192">
                <name>Cistern of Aetius</name>
                <description>                    category  : stadium &lt;br&gt;   
                    sitelinks : 8.0 &lt;br&gt;   
                    articleEN : https://en.wikipedia.org/wiki/Cistern_of_Aetius &lt;br&gt;             
                    articleDE : https://de.wikipedia.org/wiki/Aetius-Zisterne &lt;br&gt;              
                    wikidata_link : http://www.wikidata.org/entity/Q17989029</description>
                <styleUrl>#30</styleUrl>
                <Point id="1191">
                    <coordinates>28.9392,41.0278,0.0</coordinates>
                </Point>
            </Placemark>
            <Placemark id="1194">
                <name>Veliefendi Race Course</name>
                <description>                    category  : horse racing venue &lt;br&gt;   
                    sitelinks : 8.0 &lt;br&gt;   
                    articleEN : https://en.wikipedia.org/wiki/Veliefendi_Race_Course &lt;br&gt;             
                    articleDE : https://de.wikipedia.org/wiki/Veliefendi_Hipodromu &lt;br&gt;              
                    wikidata_link : http://www.wikidata.org/entity/Q2512389</description>
                <styleUrl>#30</styleUrl>
                <Point id="1193">
                    <coordinates>28.889166666667,40.986944444444,0.0</coordinates>
                </Point>
            </Placemark>
            <Placemark id="1196">
                <name>Crimea Memorial Church</name>
                <description>                    category  : architectural structure &lt;br&gt;   
                    sitelinks : 8.0 &lt;br&gt;   
                    articleEN : https://en.wikipedia.org/wiki/Crimea_Memorial_Church &lt;br&gt;             
                    articleDE : https://de.wikipedia.org/wiki/Krim-Gedenkkirche &lt;br&gt;              
                    wikidata_link : http://www.wikidata.org/entity/Q5185447</description>
                <styleUrl>#30</styleUrl>
                <Point id="1195">
                    <coordinates>28.9771,41.0277,0.0</coordinates>
                </Point>
            </Placemark>
            <Placemark id="1198">
                <name>Şişli Plaza</name>
                <description>                    category  : skyscraper &lt;br&gt;   
                    sitelinks : 8.0 &lt;br&gt;   
                    articleEN : https://en.wikipedia.org/wiki/%C5%9Ei%C5%9Fli_Plaza &lt;br&gt;             
                    articleDE : https://de.wikipedia.org/wiki/%C5%9Ei%C5%9Fli_Plaza &lt;br&gt;              
                    wikidata_link : http://www.wikidata.org/entity/Q3485327</description>
                <styleUrl>#30</styleUrl>
                <Point id="1197">
                    <coordinates>28.9912,41.0604,0.0</coordinates>
                </Point>
            </Placemark>
            <Placemark id="1200">
                <name>Fenerbahçe Lighthouse</name>
                <description>                    category  : lighthouse &lt;br&gt;   
                    sitelinks : 9.0 &lt;br&gt;   
                    articleEN : https://en.wikipedia.org/wiki/Fenerbah%C3%A7e_Lighthouse &lt;br&gt;             
                    articleDE : https://de.wikipedia.org/wiki/Leuchtturm_Fenerbah%C3%A7e &lt;br&gt;              
                    wikidata_link : http://www.wikidata.org/entity/Q6085777</description>
                <styleUrl>#30</styleUrl>
                <Point id="1199">
                    <coordinates>29.03194444,40.96805556,0.0</coordinates>
                </Point>
            </Placemark>
            <Placemark id="1202">
                <name>Cistern of the Hebdomon</name>
                <description>                    category  : archaeological site &lt;br&gt;   
                    sitelinks : 9.0 &lt;br&gt;   
                    articleEN : https://en.wikipedia.org/wiki/Cistern_of_the_Hebdomon &lt;br&gt;             
                    articleDE : https://de.wikipedia.org/wiki/Zisterne_von_Hebdomon &lt;br&gt;              
                    wikidata_link : http://www.wikidata.org/entity/Q6078807</description>
                <styleUrl>#30</styleUrl>
                <Point id="1201">
                    <coordinates>28.8861,40.9931,0.0</coordinates>
                </Point>
            </Placemark>
            <Placemark id="1204">
                <name>Murat Pasha Mosque</name>
                <description>                    category  : architectural structure &lt;br&gt;   
                    sitelinks : 9.0 &lt;br&gt;   
                    articleEN : https://en.wikipedia.org/wiki/Murat_Pasha_Mosque,_Aksaray &lt;br&gt;             
                    articleDE :  &lt;br&gt;              
                    wikidata_link : http://www.wikidata.org/entity/Q60785191</description>
                <styleUrl>#30</styleUrl>
                <Point id="1203">
                    <coordinates>28.949001,41.010266,0.0</coordinates>
                </Point>
            </Placemark>
            <Placemark id="1206">
                <name>Saint Gregory the Illuminator Church of Galata</name>
                <description>                    category  : church building &lt;br&gt;   
                    sitelinks : 9.0 &lt;br&gt;   
                    articleEN : https://en.wikipedia.org/wiki/Saint_Gregory_the_Illuminator_Church_of_Galata &lt;br&gt;             
                    articleDE :  &lt;br&gt;              
                    wikidata_link : http://www.wikidata.org/entity/Q20472836</description>
                <styleUrl>#30</styleUrl>
                <Point id="1205">
                    <coordinates>28.978416666667,41.025666666667,0.0</coordinates>
                </Point>
            </Placemark>
            <Placemark id="1208">
                <name>Istanbul Region (statistical)</name>
                <description>                    category  : statistical territorial entity &lt;br&gt;   
                    sitelinks : 9.0 &lt;br&gt;   
                    articleEN : https://en.wikipedia.org/wiki/Istanbul_region_(statistical) &lt;br&gt;             
                    articleDE :  &lt;br&gt;              
                    wikidata_link : http://www.wikidata.org/entity/Q19838826</description>
                <styleUrl>#30</styleUrl>
                <Point id="1207">
                    <coordinates>29.007426,41.047459,0.0</coordinates>
                </Point>
            </Placemark>
            <Placemark id="1210">
                <name>Akdeniz</name>
                <description>                    category  : statue &lt;br&gt;   
                    sitelinks : 9.0 &lt;br&gt;   
                    articleEN : https://en.wikipedia.org/wiki/Akdeniz_(sculpture) &lt;br&gt;             
                    articleDE :  &lt;br&gt;              
                    wikidata_link : http://www.wikidata.org/entity/Q17379799</description>
                <styleUrl>#30</styleUrl>
                <Point id="1209">
                    <coordinates>28.9771208,41.0331204,0.0</coordinates>
                </Point>
            </Placemark>
            <Placemark id="1212">
                <name>Selim Üsküdar Mosque</name>
                <description>                    category  : külliye &lt;br&gt;   
                    sitelinks : 9.0 &lt;br&gt;   
                    articleEN : https://en.wikipedia.org/wiki/Selimiye_Mosque,_%C3%9Csk%C3%BCdar &lt;br&gt;             
                    articleDE :  &lt;br&gt;              
                    wikidata_link : http://www.wikidata.org/entity/Q16825097</description>
                <styleUrl>#30</styleUrl>
                <Point id="1211">
                    <coordinates>29.0166,41.0097,0.0</coordinates>
                </Point>
            </Placemark>
            <Placemark id="1214">
                <name>Port of Istanbul</name>
                <description>                    category  : port &lt;br&gt;   
                    sitelinks : 9.0 &lt;br&gt;   
                    articleEN : https://en.wikipedia.org/wiki/Port_of_Istanbul &lt;br&gt;             
                    articleDE :  &lt;br&gt;              
                    wikidata_link : http://www.wikidata.org/entity/Q7231163</description>
                <styleUrl>#30</styleUrl>
                <Point id="1213">
                    <coordinates>28.97834,41.0228,0.0</coordinates>
                </Point>
            </Placemark>
            <Placemark id="1216">
                <name>Kuruçeşme</name>
                <description>                    category  : mahalle &lt;br&gt;   
                    sitelinks : 9.0 &lt;br&gt;   
                    articleEN : https://en.wikipedia.org/wiki/Kuru%C3%A7e%C5%9Fme &lt;br&gt;             
                    articleDE :  &lt;br&gt;              
                    wikidata_link : http://www.wikidata.org/entity/Q6601541</description>
                <styleUrl>#30</styleUrl>
                <Point id="1215">
                    <coordinates>29.035375,41.060909,0.0</coordinates>
                </Point>
            </Placemark>
            <Placemark id="1218">
                <name>Kâğıthane Creek</name>
                <description>                    category  : river &lt;br&gt;   
                    sitelinks : 9.0 &lt;br&gt;   
                    articleEN : https://en.wikipedia.org/wiki/K%C3%A2%C4%9F%C4%B1thane_Creek &lt;br&gt;             
                    articleDE :  &lt;br&gt;              
                    wikidata_link : http://www.wikidata.org/entity/Q6597997</description>
                <styleUrl>#30</styleUrl>
                <Point id="1217">
                    <coordinates>28.947183,41.063253,0.0</coordinates>
                </Point>
            </Placemark>
            <Placemark id="1220">
                <name>Karagümrük</name>
                <description>                    category  : mahalle &lt;br&gt;   
                    sitelinks : 9.0 &lt;br&gt;   
                    articleEN : https://en.wikipedia.org/wiki/Karag%C3%BCmr%C3%BCk &lt;br&gt;             
                    articleDE :  &lt;br&gt;              
                    wikidata_link : http://www.wikidata.org/entity/Q6102963</description>
                <styleUrl>#30</styleUrl>
                <Point id="1219">
                    <coordinates>28.935414130038,41.025687664805,0.0</coordinates>
                </Point>
            </Placemark>
            <Placemark id="1222">
                <name>Kozyatağı</name>
                <description>                    category  : mahalle &lt;br&gt;   
                    sitelinks : 9.0 &lt;br&gt;   
                    articleEN : https://en.wikipedia.org/wiki/Kozyata%C4%9F%C4%B1 &lt;br&gt;             
                    articleDE :  &lt;br&gt;              
                    wikidata_link : http://www.wikidata.org/entity/Q6059115</description>
                <styleUrl>#30</styleUrl>
                <Point id="1221">
                    <coordinates>29.09555556,40.96861111,0.0</coordinates>
                </Point>
            </Placemark>
            <Placemark id="1224">
                <name>Vasat Atik Ali Pasha Mosque</name>
                <description>                    category  : architectural structure &lt;br&gt;   
                    sitelinks : 9.0 &lt;br&gt;   
                    articleEN : https://en.wikipedia.org/wiki/Vasat_Atik_Ali_Pasha_Mosque &lt;br&gt;             
                    articleDE :  &lt;br&gt;              
                    wikidata_link : http://www.wikidata.org/entity/Q6022200</description>
                <styleUrl>#30</styleUrl>
                <Point id="1223">
                    <coordinates>28.941674,41.024969,0.0</coordinates>
                </Point>
            </Placemark>
            <Placemark id="1226">
                <name>Hatice Sultan Palace</name>
                <description>                    category  : yalı &lt;br&gt;   
                    sitelinks : 9.0 &lt;br&gt;   
                    articleEN : https://en.wikipedia.org/wiki/Hatice_Sultan_Mansion &lt;br&gt;             
                    articleDE :  &lt;br&gt;              
                    wikidata_link : http://www.wikidata.org/entity/Q5681606</description>
                <styleUrl>#30</styleUrl>
                <Point id="1225">
                    <coordinates>29.0296,41.049,0.0</coordinates>
                </Point>
            </Placemark>
            <Placemark id="1228">
                <name>Fethi Paşa Korusu</name>
                <description>                    category  : grove &lt;br&gt;   
                    sitelinks : 9.0 &lt;br&gt;   
                    articleEN : https://en.wikipedia.org/wiki/Fethi_Pa%C5%9Fa_Korusu &lt;br&gt;             
                    articleDE :  &lt;br&gt;              
                    wikidata_link : http://www.wikidata.org/entity/Q5182750</description>
                <styleUrl>#30</styleUrl>
                <Point id="1227">
                    <coordinates>29.0255,41.0315,0.0</coordinates>
                </Point>
            </Placemark>
            <Placemark id="1230">
                <name>Adam Mickiewicz Museum</name>
                <description>                    category  : historic house museum &lt;br&gt;   
                    sitelinks : 9.0 &lt;br&gt;   
                    articleEN : https://en.wikipedia.org/wiki/Adam_Mickiewicz_Museum,_Istanbul &lt;br&gt;             
                    articleDE :  &lt;br&gt;              
                    wikidata_link : http://www.wikidata.org/entity/Q4679495</description>
                <styleUrl>#30</styleUrl>
                <Point id="1229">
                    <coordinates>28.9771,41.038777,0.0</coordinates>
                </Point>
            </Placemark>
            <Placemark id="1232">
                <name>Battle of Katasyrtai</name>
                <description>                    category  : battle &lt;br&gt;   
                    sitelinks : 9.0 &lt;br&gt;   
                    articleEN : https://en.wikipedia.org/wiki/Battle_of_Katasyrtai &lt;br&gt;             
                    articleDE :  &lt;br&gt;              
                    wikidata_link : http://www.wikidata.org/entity/Q3656916</description>
                <styleUrl>#30</styleUrl>
                <Point id="1231">
                    <coordinates>28.890278,41.030556,0.0</coordinates>
                </Point>
            </Placemark>
            <Placemark id="1234">
                <name>Ayvansaray</name>
                <description>                    category  : mahalle &lt;br&gt;   
                    sitelinks : 9.0 &lt;br&gt;   
                    articleEN : https://en.wikipedia.org/wiki/Ayvansaray &lt;br&gt;             
                    articleDE :  &lt;br&gt;              
                    wikidata_link : http://www.wikidata.org/entity/Q3631397</description>
                <styleUrl>#30</styleUrl>
                <Point id="1233">
                    <coordinates>28.9425,41.03833333,0.0</coordinates>
                </Point>
            </Placemark>
            <Placemark id="1236">
                <name>Galatasaray Museum</name>
                <description>                    category  : art museum &lt;br&gt;   
                    sitelinks : 9.0 &lt;br&gt;   
                    articleEN : https://en.wikipedia.org/wiki/Galatasaray_Museum &lt;br&gt;             
                    articleDE :  &lt;br&gt;              
                    wikidata_link : http://www.wikidata.org/entity/Q3329724</description>
                <styleUrl>#30</styleUrl>
                <Point id="1235">
                    <coordinates>28.97749,41.03376,0.0</coordinates>
                </Point>
            </Placemark>
            <Placemark id="1238">
                <name>Acıbadem</name>
                <description>                    category  : mahalle &lt;br&gt;   
                    sitelinks : 9.0 &lt;br&gt;   
                    articleEN : https://en.wikipedia.org/wiki/Ac%C4%B1badem,_%C3%9Csk%C3%BCdar &lt;br&gt;             
                    articleDE :  &lt;br&gt;              
                    wikidata_link : http://www.wikidata.org/entity/Q2756264</description>
                <styleUrl>#30</styleUrl>
                <Point id="1237">
                    <coordinates>29.0533,41.0073,0.0</coordinates>
                </Point>
            </Placemark>
            <Placemark id="1240">
                <name>Battle of Chalcedon</name>
                <description>                    category  : battle &lt;br&gt;   
                    sitelinks : 9.0 &lt;br&gt;   
                    articleEN : https://en.wikipedia.org/wiki/Battle_of_Chalcedon_(74_BC) &lt;br&gt;             
                    articleDE :  &lt;br&gt;              
                    wikidata_link : http://www.wikidata.org/entity/Q2331925</description>
                <styleUrl>#30</styleUrl>
                <Point id="1239">
                    <coordinates>29.033333,40.983333,0.0</coordinates>
                </Point>
            </Placemark>
            <Placemark id="1242">
                <name>Constantinople earthquake of 557</name>
                <description>                    category  : earthquake &lt;br&gt;   
                    sitelinks : 9.0 &lt;br&gt;   
                    articleEN : https://en.wikipedia.org/wiki/557_Constantinople_earthquake &lt;br&gt;             
                    articleDE :  &lt;br&gt;              
                    wikidata_link : http://www.wikidata.org/entity/Q1491406</description>
                <styleUrl>#30</styleUrl>
                <Point id="1241">
                    <coordinates>28.95,41.03,0.0</coordinates>
                </Point>
            </Placemark>
            <Placemark id="1244">
                <name>Aviation Martyrs' Monument</name>
                <description>                    category  : cenotaph &lt;br&gt;   
                    sitelinks : 9.0 &lt;br&gt;   
                    articleEN : https://en.wikipedia.org/wiki/Aviation_Martyrs%27_Monument &lt;br&gt;             
                    articleDE :  &lt;br&gt;              
                    wikidata_link : http://www.wikidata.org/entity/Q1447350</description>
                <styleUrl>#30</styleUrl>
                <Point id="1243">
                    <coordinates>28.9528333333,41.0159277778,0.0</coordinates>
                </Point>
            </Placemark>
            <Placemark id="1246">
                <name>Psilis</name>
                <description>                    category  : watercourse &lt;br&gt;   
                    sitelinks : 9.0 &lt;br&gt;   
                    articleEN : https://en.wikipedia.org/wiki/Psilis &lt;br&gt;             
                    articleDE :  &lt;br&gt;              
                    wikidata_link : http://www.wikidata.org/entity/Q735550</description>
                <styleUrl>#30</styleUrl>
                <Point id="1245">
                    <coordinates>29.066136,41.081349,0.0</coordinates>
                </Point>
            </Placemark>
            <Placemark id="1248">
                <name>Prosphorion Harbour</name>
                <description>                    category  : harbor &lt;br&gt;   
                    sitelinks : 9.0 &lt;br&gt;   
                    articleEN : https://en.wikipedia.org/wiki/Prosphorion_Harbour &lt;br&gt;             
                    articleDE : https://de.wikipedia.org/wiki/Prosphorion-Hafen &lt;br&gt;              
                    wikidata_link : http://www.wikidata.org/entity/Q18210845</description>
                <styleUrl>#30</styleUrl>
                <Point id="1247">
                    <coordinates>28.98,41.016,0.0</coordinates>
                </Point>
            </Placemark>
            <Placemark id="1250">
                <name>Yedikule Surp Pırgiç Armenian Hospital</name>
                <description>                    category  : private hospital &lt;br&gt;   
                    sitelinks : 9.0 &lt;br&gt;   
                    articleEN : https://en.wikipedia.org/wiki/Surp_P%C4%B1rgi%C3%A7_Armenian_Hospital &lt;br&gt;             
                    articleDE : https://de.wikipedia.org/wiki/Yedikule_Surp_P%C4%B1rgi%C3%A7_Ermeni_Hastanesi &lt;br&gt;              
                    wikidata_link : http://www.wikidata.org/entity/Q8051082</description>
                <styleUrl>#30</styleUrl>
                <Point id="1249">
                    <coordinates>28.98555565,41.04111099,0.0</coordinates>
                </Point>
            </Placemark>
            <Placemark id="1252">
                <name>Toklu Dede Mosque</name>
                <description>                    category  : mosque &lt;br&gt;   
                    sitelinks : 9.0 &lt;br&gt;   
                    articleEN : https://en.wikipedia.org/wiki/Toklu_Dede_Mosque &lt;br&gt;             
                    articleDE : https://de.wikipedia.org/wiki/Toklu-Dede-Moschee &lt;br&gt;              
                    wikidata_link : http://www.wikidata.org/entity/Q7813639</description>
                <styleUrl>#30</styleUrl>
                <Point id="1251">
                    <coordinates>28.942472222222,41.039527777778,0.0</coordinates>
                </Point>
            </Placemark>
            <Placemark id="1254">
                <name>Hadim Ibrahim Pasha Mosque</name>
                <description>                    category  : architectural structure &lt;br&gt;   
                    sitelinks : 9.0 &lt;br&gt;   
                    articleEN : https://en.wikipedia.org/wiki/Hadim_Ibrahim_Pasha_Mosque &lt;br&gt;             
                    articleDE : https://de.wikipedia.org/wiki/Had%C4%B1m-%C4%B0brahim-Pascha-Moschee &lt;br&gt;              
                    wikidata_link : http://www.wikidata.org/entity/Q5637873</description>
                <styleUrl>#30</styleUrl>
                <Point id="1253">
                    <coordinates>28.923,41.006,0.0</coordinates>
                </Point>
            </Placemark>
            <Placemark id="1256">
                <name>Odalar Mosque</name>
                <description>                    category  : architectural structure &lt;br&gt;   
                    sitelinks : 9.0 &lt;br&gt;   
                    articleEN : https://en.wikipedia.org/wiki/Odalar_Mosque &lt;br&gt;             
                    articleDE : https://de.wikipedia.org/wiki/Odalar-Moschee &lt;br&gt;              
                    wikidata_link : http://www.wikidata.org/entity/Q7077254</description>
                <styleUrl>#30</styleUrl>
                <Point id="1255">
                    <coordinates>28.939828,41.029071,0.0</coordinates>
                </Point>
            </Placemark>
            <Placemark id="1258">
                <name>Ertuğrul Tekke Mosque</name>
                <description>                    category  : architectural structure &lt;br&gt;   
                    sitelinks : 9.0 &lt;br&gt;   
                    articleEN : https://en.wikipedia.org/wiki/Ertu%C4%9Frul_Tekke_Mosque &lt;br&gt;             
                    articleDE : https://de.wikipedia.org/wiki/Ertu%C4%9Frul-Tekke-Moschee &lt;br&gt;              
                    wikidata_link : http://www.wikidata.org/entity/Q1137517</description>
                <styleUrl>#30</styleUrl>
                <Point id="1257">
                    <coordinates>29.00861111,41.04555556,0.0</coordinates>
                </Point>
            </Placemark>
            <Placemark id="1260">
                <name>F1</name>
                <description>                    category  : funicular line &lt;br&gt;   
                    sitelinks : 9.0 &lt;br&gt;   
                    articleEN : https://en.wikipedia.org/wiki/F1_Taksim%E2%80%93Kabata%C5%9F_funicular_line &lt;br&gt;             
                    articleDE : https://de.wikipedia.org/wiki/F%C3%BCnik%C3%BCler_Kabata%C5%9F%E2%80%93Taksim &lt;br&gt;              
                    wikidata_link : http://www.wikidata.org/entity/Q503503</description>
                <styleUrl>#30</styleUrl>
                <Point id="1259">
                    <coordinates>28.989851,41.035211,0.0</coordinates>
                </Point>
            </Placemark>
            <Placemark id="1262">
                <name>Church of Saint Menas of Samatya</name>
                <description>                    category  : Eastern Orthodox church building &lt;br&gt;   
                    sitelinks : 9.0 &lt;br&gt;   
                    articleEN : https://en.wikipedia.org/wiki/Church_of_Saint_Menas_of_Samatya &lt;br&gt;             
                    articleDE : https://de.wikipedia.org/wiki/St._Menas_(Istanbul) &lt;br&gt;              
                    wikidata_link : http://www.wikidata.org/entity/Q5117051</description>
                <styleUrl>#30</styleUrl>
                <Point id="1261">
                    <coordinates>28.931897,41.000417,0.0</coordinates>
                </Point>
            </Placemark>
            <Placemark id="1264">
                <name>Kandilli Observatory</name>
                <description>                    category  : observatory &lt;br&gt;   
                    sitelinks : 9.0 &lt;br&gt;   
                    articleEN : https://en.wikipedia.org/wiki/Kandilli_Observatory &lt;br&gt;             
                    articleDE : https://de.wikipedia.org/wiki/Kandilli-Observatorium &lt;br&gt;              
                    wikidata_link : http://www.wikidata.org/entity/Q3565414</description>
                <styleUrl>#30</styleUrl>
                <Point id="1263">
                    <coordinates>29.06222222,41.06333333,0.0</coordinates>
                </Point>
            </Placemark>
            <Placemark id="1266">
                <name>Palace of Lausus</name>
                <description>                    category  : palace &lt;br&gt;   
                    sitelinks : 9.0 &lt;br&gt;   
                    articleEN : https://en.wikipedia.org/wiki/Palace_of_Lausus &lt;br&gt;             
                    articleDE : https://de.wikipedia.org/wiki/Lausos-Palast &lt;br&gt;              
                    wikidata_link : http://www.wikidata.org/entity/Q1997580</description>
                <styleUrl>#30</styleUrl>
                <Point id="1265">
                    <coordinates>28.9754,41.0078,0.0</coordinates>
                </Point>
            </Placemark>
            <Placemark id="1268">
                <name>Karaite Synagogue</name>
                <description>                    category  : synagogue &lt;br&gt;   
                    sitelinks : 9.0 &lt;br&gt;   
                    articleEN : https://en.wikipedia.org/wiki/Karaite_Synagogue_(Istanbul) &lt;br&gt;             
                    articleDE : https://de.wikipedia.org/wiki/Kar%C3%A4ische_Synagoge_(Hask%C3%B6y,_Istanbul) &lt;br&gt;              
                    wikidata_link : http://www.wikidata.org/entity/Q4219319</description>
                <styleUrl>#30</styleUrl>
                <Point id="1267">
                    <coordinates>28.952666666667,41.04,0.0</coordinates>
                </Point>
            </Placemark>
            <Placemark id="1270">
                <name>Hodegon Monastery</name>
                <description>                    category  : monastery &lt;br&gt;   
                    sitelinks : 9.0 &lt;br&gt;   
                    articleEN : https://en.wikipedia.org/wiki/Hodegon_Monastery &lt;br&gt;             
                    articleDE : https://de.wikipedia.org/wiki/Hodegonkloster &lt;br&gt;              
                    wikidata_link : http://www.wikidata.org/entity/Q3407358</description>
                <styleUrl>#30</styleUrl>
                <Point id="1269">
                    <coordinates>28.98503333,41.00903056,0.0</coordinates>
                </Point>
            </Placemark>
            <Placemark id="1272">
                <name>Adile Sultan Palace</name>
                <description>                    category  : architectural structure &lt;br&gt;   
                    sitelinks : 9.0 &lt;br&gt;   
                    articleEN : https://en.wikipedia.org/wiki/Adile_Sultan_Palace &lt;br&gt;             
                    articleDE : https://de.wikipedia.org/wiki/Adile-Sultan-Palast &lt;br&gt;              
                    wikidata_link : http://www.wikidata.org/entity/Q3397413</description>
                <styleUrl>#30</styleUrl>
                <Point id="1271">
                    <coordinates>29.05796944,41.07216111,0.0</coordinates>
                </Point>
            </Placemark>
            <Placemark id="1274">
                <name>Ibrahim Pasha Palace</name>
                <description>                    category  : seraglio &lt;br&gt;   
                    sitelinks : 9.0 &lt;br&gt;   
                    articleEN : https://en.wikipedia.org/wiki/Ibrahim_Pasha_Palace &lt;br&gt;             
                    articleDE : https://de.wikipedia.org/wiki/Ibrahim-Pascha-Palast &lt;br&gt;              
                    wikidata_link : http://www.wikidata.org/entity/Q1655940</description>
                <styleUrl>#30</styleUrl>
                <Point id="1273">
                    <coordinates>28.97456,41.0063,0.0</coordinates>
                </Point>
            </Placemark>
        </Folder>
        <Folder id="15">
            <name>S</name>
            <Placemark id="1646">
                <name>Arnavutköy</name>
                <description>                    category  : mahalle &lt;br&gt;   
                    sitelinks : 20.0 &lt;br&gt;   
                    articleEN : https://en.wikipedia.org/wiki/Arnavutk%C3%B6y &lt;br&gt;             
                    articleDE :  &lt;br&gt;              
                    wikidata_link : http://www.wikidata.org/entity/Q1095321</description>
                <styleUrl>#icon-1739-FF0000</styleUrl>
                <Point id="1645">
                    <coordinates>29.043056,41.068056,0.0</coordinates>
                </Point>
            </Placemark>
            <Placemark id="1648">
                <name>Maslak</name>
                <description>                    category  : mahalle &lt;br&gt;   
                    sitelinks : 20.0 &lt;br&gt;   
                    articleEN : https://en.wikipedia.org/wiki/Maslak &lt;br&gt;             
                    articleDE :  &lt;br&gt;              
                    wikidata_link : http://www.wikidata.org/entity/Q1050148</description>
                <styleUrl>#icon-1739-FF0000</styleUrl>
                <Point id="1647">
                    <coordinates>29.0199,41.1104,0.0</coordinates>
                </Point>
            </Placemark>
            <Placemark id="1650">
                <name>Recep Tayyip Erdoğan Stadium</name>
                <description>                    category  : association football venue &lt;br&gt;   
                    sitelinks : 20.0 &lt;br&gt;   
                    articleEN : https://en.wikipedia.org/wiki/Recep_Tayyip_Erdo%C4%9Fan_Stadium &lt;br&gt;             
                    articleDE : https://de.wikipedia.org/wiki/Recep_Tayyip_Erdo%C4%9Fan_Stad%C4%B1 &lt;br&gt;              
                    wikidata_link : http://www.wikidata.org/entity/Q1770357</description>
                <styleUrl>#icon-1739-FF0000</styleUrl>
                <Point id="1649">
                    <coordinates>28.972222222222,41.032777777778,0.0</coordinates>
                </Point>
            </Placemark>
            <Placemark id="1652">
                <name>Republic Monument</name>
                <description>                    category  : monument &lt;br&gt;   
                    sitelinks : 20.0 &lt;br&gt;   
                    articleEN : https://en.wikipedia.org/wiki/Republic_Monument &lt;br&gt;             
                    articleDE : https://de.wikipedia.org/wiki/Cumhuriyet_An%C4%B1t%C4%B1 &lt;br&gt;              
                    wikidata_link : http://www.wikidata.org/entity/Q1143790</description>
                <styleUrl>#icon-1739-FF0000</styleUrl>
                <Point id="1651">
                    <coordinates>28.985,41.036944,0.0</coordinates>
                </Point>
            </Placemark>
            <Placemark id="1654">
                <name>Sancaktar Hayrettin Mosque</name>
                <description>                    category  : church building &lt;br&gt;   
                    sitelinks : 20.0 &lt;br&gt;   
                    articleEN : https://en.wikipedia.org/wiki/Sancaktar_Hayrettin_Mosque &lt;br&gt;             
                    articleDE : https://de.wikipedia.org/wiki/Sancaktar-Hayrettin-Moschee &lt;br&gt;              
                    wikidata_link : http://www.wikidata.org/entity/Q514563</description>
                <styleUrl>#icon-1739-FF0000</styleUrl>
                <Point id="1653">
                    <coordinates>28.93466667,41.00275,0.0</coordinates>
                </Point>
            </Placemark>
            <Placemark id="1656">
                <name>Pera Palace Hotel</name>
                <description>                    category  : hotel &lt;br&gt;   
                    sitelinks : 20.0 &lt;br&gt;   
                    articleEN : https://en.wikipedia.org/wiki/Pera_Palace_Hotel &lt;br&gt;             
                    articleDE : https://de.wikipedia.org/wiki/Pera_Palas &lt;br&gt;              
                    wikidata_link : http://www.wikidata.org/entity/Q924603</description>
                <styleUrl>#icon-1739-FF0000</styleUrl>
                <Point id="1655">
                    <coordinates>28.9735947,41.0309944,0.0</coordinates>
                </Point>
            </Placemark>
            <Placemark id="1658">
                <name>Zal Mahmud Pasha Mosque</name>
                <description>                    category  : architectural structure &lt;br&gt;   
                    sitelinks : 20.0 &lt;br&gt;   
                    articleEN : https://en.wikipedia.org/wiki/Zal_Mahmud_Pasha_Mosque &lt;br&gt;             
                    articleDE : https://de.wikipedia.org/wiki/Zal-Mahmud-Pascha-Moschee &lt;br&gt;              
                    wikidata_link : http://www.wikidata.org/entity/Q1572457</description>
                <styleUrl>#icon-1739-FF0000</styleUrl>
                <Point id="1657">
                    <coordinates>28.935822222222,41.044777777778,0.0</coordinates>
                </Point>
            </Placemark>
            <Placemark id="1660">
                <name>Neve Shalom Synagogue</name>
                <description>                    category  : synagogue &lt;br&gt;   
                    sitelinks : 20.0 &lt;br&gt;   
                    articleEN : https://en.wikipedia.org/wiki/Neve_Shalom_Synagogue &lt;br&gt;             
                    articleDE : https://de.wikipedia.org/wiki/Neve-Schalom-Synagoge_(Istanbul) &lt;br&gt;              
                    wikidata_link : http://www.wikidata.org/entity/Q747244</description>
                <styleUrl>#icon-1739-FF0000</styleUrl>
                <Point id="1659">
                    <coordinates>28.972416666667,41.026694444444,0.0</coordinates>
                </Point>
            </Placemark>
            <Placemark id="1662">
                <name>Bebek</name>
                <description>                    category  : mahalle &lt;br&gt;   
                    sitelinks : 20.0 &lt;br&gt;   
                    articleEN : https://en.wikipedia.org/wiki/Bebek,_Be%C5%9Fikta%C5%9F &lt;br&gt;             
                    articleDE : https://de.wikipedia.org/wiki/Bebek &lt;br&gt;              
                    wikidata_link : http://www.wikidata.org/entity/Q813531</description>
                <styleUrl>#icon-1739-FF0000</styleUrl>
                <Point id="1661">
                    <coordinates>29.043903,41.080904,0.0</coordinates>
                </Point>
            </Placemark>
            <Placemark id="1664">
                <name>Sultan Ahmet</name>
                <description>                    category  : neighborhood &lt;br&gt;   
                    sitelinks : 21.0 &lt;br&gt;   
                    articleEN : https://en.wikipedia.org/wiki/Sultanahmet,_Fatih &lt;br&gt;             
                    articleDE :  &lt;br&gt;              
                    wikidata_link : http://www.wikidata.org/entity/Q2147870</description>
                <styleUrl>#icon-1739-FF0000</styleUrl>
                <Point id="1663">
                    <coordinates>28.977829,41.007876,0.0</coordinates>
                </Point>
            </Placemark>
            <Placemark id="1666">
                <name>Ülker Sports and Event Hall</name>
                <description>                    category  : sports venue &lt;br&gt;   
                    sitelinks : 21.0 &lt;br&gt;   
                    articleEN : https://en.wikipedia.org/wiki/%C3%9Clker_Sports_and_Event_Hall &lt;br&gt;             
                    articleDE : https://de.wikipedia.org/wiki/%C3%9Clker_Spor_ve_Etkinlik_Salonu &lt;br&gt;              
                    wikidata_link : http://www.wikidata.org/entity/Q334778</description>
                <styleUrl>#icon-1739-FF0000</styleUrl>
                <Point id="1665">
                    <coordinates>29.104444,40.993056,0.0</coordinates>
                </Point>
            </Placemark>
            <Placemark id="1668">
                <name>Forum of Constantine</name>
                <description>                    category  : forum &lt;br&gt;   
                    sitelinks : 21.0 &lt;br&gt;   
                    articleEN : https://en.wikipedia.org/wiki/Forum_of_Constantine &lt;br&gt;             
                    articleDE : https://de.wikipedia.org/wiki/Konstantinsforum &lt;br&gt;              
                    wikidata_link : http://www.wikidata.org/entity/Q1231380</description>
                <styleUrl>#icon-1739-FF0000</styleUrl>
                <Point id="1667">
                    <coordinates>28.971,41.009,0.0</coordinates>
                </Point>
            </Placemark>
            <Placemark id="1670">
                <name>The Stone of Million</name>
                <description>                    category  : ruins &lt;br&gt;   
                    sitelinks : 21.0 &lt;br&gt;   
                    articleEN : https://en.wikipedia.org/wiki/Milion &lt;br&gt;             
                    articleDE : https://de.wikipedia.org/wiki/Milion &lt;br&gt;              
                    wikidata_link : http://www.wikidata.org/entity/Q1187329</description>
                <styleUrl>#icon-1739-FF0000</styleUrl>
                <Point id="1669">
                    <coordinates>28.978066,41.008043,0.0</coordinates>
                </Point>
            </Placemark>
            <Placemark id="1672">
                <name>Miniatürk</name>
                <description>                    category  : tourist attraction &lt;br&gt;   
                    sitelinks : 21.0 &lt;br&gt;   
                    articleEN : https://en.wikipedia.org/wiki/Miniat%C3%BCrk &lt;br&gt;             
                    articleDE : https://de.wikipedia.org/wiki/Miniat%C3%BCrk &lt;br&gt;              
                    wikidata_link : http://www.wikidata.org/entity/Q1085952</description>
                <styleUrl>#icon-1739-FF0000</styleUrl>
                <Point id="1671">
                    <coordinates>28.948611111111,41.06,0.0</coordinates>
                </Point>
            </Placemark>
            <Placemark id="1674">
                <name>Church of St. Mary of Blachernae</name>
                <description>                    category  : holy well &lt;br&gt;   
                    sitelinks : 21.0 &lt;br&gt;   
                    articleEN : https://en.wikipedia.org/wiki/Church_of_St._Mary_of_Blachernae &lt;br&gt;             
                    articleDE : https://de.wikipedia.org/wiki/Blachernen-Kirche &lt;br&gt;              
                    wikidata_link : http://www.wikidata.org/entity/Q1069807</description>
                <styleUrl>#icon-1739-FF0000</styleUrl>
                <Point id="1673">
                    <coordinates>28.9425,41.0383,0.0</coordinates>
                </Point>
            </Placemark>
            <Placemark id="1676">
                <name>Hirami Ahmed Pasha Mosque</name>
                <description>                    category  : church building &lt;br&gt;   
                    sitelinks : 21.0 &lt;br&gt;   
                    articleEN : https://en.wikipedia.org/wiki/Hirami_Ahmet_Pasha_Mosque &lt;br&gt;             
                    articleDE : https://de.wikipedia.org/wiki/H%C4%B1rami-Ahmet-Pascha-Moschee &lt;br&gt;              
                    wikidata_link : http://www.wikidata.org/entity/Q1572506</description>
                <styleUrl>#icon-1739-FF0000</styleUrl>
                <Point id="1675">
                    <coordinates>28.94578889,41.02785556,0.0</coordinates>
                </Point>
            </Placemark>
            <Placemark id="1678">
                <name>Aksaray</name>
                <description>                    category  : mahalle &lt;br&gt;   
                    sitelinks : 21.0 &lt;br&gt;   
                    articleEN : https://en.wikipedia.org/wiki/Aksaray,_Fatih &lt;br&gt;             
                    articleDE : https://de.wikipedia.org/wiki/Aksaray_(Istanbul) &lt;br&gt;              
                    wikidata_link : http://www.wikidata.org/entity/Q123751</description>
                <styleUrl>#icon-1739-FF0000</styleUrl>
                <Point id="1677">
                    <coordinates>28.95042,41.004177,0.0</coordinates>
                </Point>
            </Placemark>
            <Placemark id="1680">
                <name>2016 March Istanbul bombing</name>
                <description>                    category  : suicide bombing &lt;br&gt;   
                    sitelinks : 22.0 &lt;br&gt;   
                    articleEN : https://en.wikipedia.org/wiki/March_2016_Istanbul_bombing &lt;br&gt;             
                    articleDE : https://de.wikipedia.org/wiki/Bombenanschlag_in_Istanbul_am_19._M%C3%A4rz_2016 &lt;br&gt;              
                    wikidata_link : http://www.wikidata.org/entity/Q23288674</description>
                <styleUrl>#icon-1739-FF0000</styleUrl>
                <Point id="1679">
                    <coordinates>28.981111111111,41.035,0.0</coordinates>
                </Point>
            </Placemark>
            <Placemark id="1682">
                <name>Karaköy</name>
                <description>                    category  : quarter &lt;br&gt;   
                    sitelinks : 22.0 &lt;br&gt;   
                    articleEN : https://en.wikipedia.org/wiki/Karak%C3%B6y &lt;br&gt;             
                    articleDE :  &lt;br&gt;              
                    wikidata_link : http://www.wikidata.org/entity/Q2706262</description>
                <styleUrl>#icon-1739-FF0000</styleUrl>
                <Point id="1681">
                    <coordinates>28.975,41.022777777778,0.0</coordinates>
                </Point>
            </Placemark>
            <Placemark id="1684">
                <name>Walled Obelisk</name>
                <description>                    category  : monument &lt;br&gt;   
                    sitelinks : 22.0 &lt;br&gt;   
                    articleEN : https://en.wikipedia.org/wiki/Walled_Obelisk &lt;br&gt;             
                    articleDE :  &lt;br&gt;              
                    wikidata_link : http://www.wikidata.org/entity/Q742474</description>
                <styleUrl>#icon-1739-FF0000</styleUrl>
                <Point id="1683">
                    <coordinates>28.9748,41.0054,0.0</coordinates>
                </Point>
            </Placemark>
            <Placemark id="1686">
                <name>Çiçek Pasajı</name>
                <description>                    category  : commercial gallery &lt;br&gt;   
                    sitelinks : 22.0 &lt;br&gt;   
                    articleEN : https://en.wikipedia.org/wiki/%C3%87i%C3%A7ek_Pasaj%C4%B1 &lt;br&gt;             
                    articleDE :  &lt;br&gt;              
                    wikidata_link : http://www.wikidata.org/entity/Q595289</description>
                <styleUrl>#icon-1739-FF0000</styleUrl>
                <Point id="1685">
                    <coordinates>28.977916666667,41.033944444444,0.0</coordinates>
                </Point>
            </Placemark>
            <Placemark id="1688">
                <name>Koça Mustafa Pasha Mosque</name>
                <description>                    category  : külliye &lt;br&gt;   
                    sitelinks : 22.0 &lt;br&gt;   
                    articleEN : https://en.wikipedia.org/wiki/Koca_Mustafa_Pasha_Mosque &lt;br&gt;             
                    articleDE : https://de.wikipedia.org/wiki/Koca-Mustafa-Pascha-Moschee &lt;br&gt;              
                    wikidata_link : http://www.wikidata.org/entity/Q608787</description>
                <styleUrl>#icon-1739-FF0000</styleUrl>
                <Point id="1687">
                    <coordinates>28.9286,41.0034,0.0</coordinates>
                </Point>
            </Placemark>
            <Placemark id="1690">
                <name>Reconquest of Constantinople</name>
                <description>                    category  : battle &lt;br&gt;   
                    sitelinks : 22.0 &lt;br&gt;   
                    articleEN : https://en.wikipedia.org/wiki/Reconquest_of_Constantinople &lt;br&gt;             
                    articleDE : https://de.wikipedia.org/wiki/R%C3%BCckeroberung_von_Konstantinopel_1261 &lt;br&gt;              
                    wikidata_link : http://www.wikidata.org/entity/Q1400402</description>
                <styleUrl>#icon-1739-FF0000</styleUrl>
                <Point id="1689">
                    <coordinates>28.97694444,41.01666667,0.0</coordinates>
                </Point>
            </Placemark>
            <Placemark id="1692">
                <name>Mihrimah Üsküdar Mosque</name>
                <description>                    category  : külliye &lt;br&gt;   
                    sitelinks : 22.0 &lt;br&gt;   
                    articleEN : https://en.wikipedia.org/wiki/Mihrimah_Sultan_Mosque,_%C3%9Csk%C3%BCdar &lt;br&gt;             
                    articleDE : https://de.wikipedia.org/wiki/Mihrimah-Sultan-Moschee_(%C3%9Csk%C3%BCdar) &lt;br&gt;              
                    wikidata_link : http://www.wikidata.org/entity/Q2537376</description>
                <styleUrl>#icon-1739-FF0000</styleUrl>
                <Point id="1691">
                    <coordinates>29.01598,41.026792,0.0</coordinates>
                </Point>
            </Placemark>
            <Placemark id="1694">
                <name>Atatürk Bridge</name>
                <description>                    category  : highway bridge &lt;br&gt;   
                    sitelinks : 22.0 &lt;br&gt;   
                    articleEN : https://en.wikipedia.org/wiki/Atat%C3%BCrk_Bridge &lt;br&gt;             
                    articleDE : https://de.wikipedia.org/wiki/Atat%C3%BCrk-Br%C3%BCcke &lt;br&gt;              
                    wikidata_link : http://www.wikidata.org/entity/Q4812886</description>
                <styleUrl>#icon-1739-FF0000</styleUrl>
                <Point id="1693">
                    <coordinates>28.96531,41.02424,0.0</coordinates>
                </Point>
            </Placemark>
            <Placemark id="1696">
                <name>Pera Museum</name>
                <description>                    category  : art museum &lt;br&gt;   
                    sitelinks : 22.0 &lt;br&gt;   
                    articleEN : https://en.wikipedia.org/wiki/Pera_Museum &lt;br&gt;             
                    articleDE : https://de.wikipedia.org/wiki/Pera-Museum &lt;br&gt;              
                    wikidata_link : http://www.wikidata.org/entity/Q1662392</description>
                <styleUrl>#icon-1739-FF0000</styleUrl>
                <Point id="1695">
                    <coordinates>28.975194444444,41.031805555556,0.0</coordinates>
                </Point>
            </Placemark>
            <Placemark id="1698">
                <name>Palace of Blachernae</name>
                <description>                    category  : palace &lt;br&gt;   
                    sitelinks : 22.0 &lt;br&gt;   
                    articleEN : https://en.wikipedia.org/wiki/Palace_of_Blachernae &lt;br&gt;             
                    articleDE : https://de.wikipedia.org/wiki/Blachernen-Palast &lt;br&gt;              
                    wikidata_link : http://www.wikidata.org/entity/Q879941</description>
                <styleUrl>#icon-1739-FF0000</styleUrl>
                <Point id="1697">
                    <coordinates>28.9403,41.0339,0.0</coordinates>
                </Point>
            </Placemark>
            <Placemark id="1700">
                <name>Historic Areas of Istanbul</name>
                <description>                    category  : urban area &lt;br&gt;   
                    sitelinks : 23.0 &lt;br&gt;   
                    articleEN : https://en.wikipedia.org/wiki/Historic_Areas_of_Istanbul &lt;br&gt;             
                    articleDE : https://de.wikipedia.org/wiki/Historische_Bereiche_von_Istanbul &lt;br&gt;              
                    wikidata_link : http://www.wikidata.org/entity/Q5773394</description>
                <styleUrl>#icon-1739-FF0000</styleUrl>
                <Point id="1699">
                    <coordinates>28.97993,41.00847,0.0</coordinates>
                </Point>
            </Placemark>
            <Placemark id="1702">
                <name>Battle of Pelekanon</name>
                <description>                    category  : battle &lt;br&gt;   
                    sitelinks : 23.0 &lt;br&gt;   
                    articleEN : https://en.wikipedia.org/wiki/Battle_of_Pelekanon &lt;br&gt;             
                    articleDE : https://de.wikipedia.org/wiki/Schlacht_von_Pelekanon &lt;br&gt;              
                    wikidata_link : http://www.wikidata.org/entity/Q964226</description>
                <styleUrl>#icon-1739-FF0000</styleUrl>
                <Point id="1701">
                    <coordinates>29.1503,41.01,0.0</coordinates>
                </Point>
            </Placemark>
            <Placemark id="1704">
                <name>Ergenekon</name>
                <description>                    category  : terrorist organization &lt;br&gt;   
                    sitelinks : 23.0 &lt;br&gt;   
                    articleEN : https://en.wikipedia.org/wiki/Ergenekon_(organization) &lt;br&gt;             
                    articleDE : https://de.wikipedia.org/wiki/Ergenekon-Prozess &lt;br&gt;              
                    wikidata_link : http://www.wikidata.org/entity/Q388577</description>
                <styleUrl>#icon-1739-FF0000</styleUrl>
                <Point id="1703">
                    <coordinates>29.11950278,41.02046944,0.0</coordinates>
                </Point>
            </Placemark>
            <Placemark id="1706">
                <name>Kalenderhane Mosque</name>
                <description>                    category  : mosque &lt;br&gt;   
                    sitelinks : 23.0 &lt;br&gt;   
                    articleEN : https://en.wikipedia.org/wiki/Kalenderhane_Mosque &lt;br&gt;             
                    articleDE : https://de.wikipedia.org/wiki/Kalenderhane-Moschee &lt;br&gt;              
                    wikidata_link : http://www.wikidata.org/entity/Q1758501</description>
                <styleUrl>#icon-1739-FF0000</styleUrl>
                <Point id="1705">
                    <coordinates>28.960304,41.013132,0.0</coordinates>
                </Point>
            </Placemark>
            <Placemark id="1708">
                <name>Eski Imaret Mosque</name>
                <description>                    category  : architectural structure &lt;br&gt;   
                    sitelinks : 23.0 &lt;br&gt;   
                    articleEN : https://en.wikipedia.org/wiki/Eski_Imaret_Mosque &lt;br&gt;             
                    articleDE : https://de.wikipedia.org/wiki/Eski-%C4%B0maret-Moschee &lt;br&gt;              
                    wikidata_link : http://www.wikidata.org/entity/Q2410449</description>
                <styleUrl>#icon-1739-FF0000</styleUrl>
                <Point id="1707">
                    <coordinates>28.955,41.02166667,0.0</coordinates>
                </Point>
            </Placemark>
            <Placemark id="1710">
                <name>Gül Mosque</name>
                <description>                    category  : church building &lt;br&gt;   
                    sitelinks : 23.0 &lt;br&gt;   
                    articleEN : https://en.wikipedia.org/wiki/G%C3%BCl_Mosque &lt;br&gt;             
                    articleDE : https://de.wikipedia.org/wiki/G%C3%BCl-Moschee &lt;br&gt;              
                    wikidata_link : http://www.wikidata.org/entity/Q2334536</description>
                <styleUrl>#icon-1739-FF0000</styleUrl>
                <Point id="1709">
                    <coordinates>28.956179985075,41.02682452179,0.0</coordinates>
                </Point>
            </Placemark>
            <Placemark id="1712">
                <name>Church of St. Anthony of Padua</name>
                <description>                    category  : church building &lt;br&gt;   
                    sitelinks : 23.0 &lt;br&gt;   
                    articleEN : https://en.wikipedia.org/wiki/Church_of_St._Anthony_of_Padua,_Istanbul &lt;br&gt;             
                    articleDE : https://de.wikipedia.org/wiki/Basilika_St._Antonius_(Istanbul) &lt;br&gt;              
                    wikidata_link : http://www.wikidata.org/entity/Q810122</description>
                <styleUrl>#icon-1739-FF0000</styleUrl>
                <Point id="1711">
                    <coordinates>28.977234,41.032317,0.0</coordinates>
                </Point>
            </Placemark>
            <Placemark id="1714">
                <name>Palace of the Porphyrogenitus</name>
                <description>                    category  : architectural structure &lt;br&gt;   
                    sitelinks : 23.0 &lt;br&gt;   
                    articleEN : https://en.wikipedia.org/wiki/Palace_of_the_Porphyrogenitus &lt;br&gt;             
                    articleDE : https://de.wikipedia.org/wiki/Porphyrogennetos-Palast &lt;br&gt;              
                    wikidata_link : http://www.wikidata.org/entity/Q1472490</description>
                <styleUrl>#icon-1739-FF0000</styleUrl>
                <Point id="1713">
                    <coordinates>28.940278,41.033889,0.0</coordinates>
                </Point>
            </Placemark>
            <Placemark id="1716">
                <name>İstanbul Modern</name>
                <description>                    category  : art museum &lt;br&gt;   
                    sitelinks : 23.0 &lt;br&gt;   
                    articleEN : https://en.wikipedia.org/wiki/Istanbul_Modern &lt;br&gt;             
                    articleDE : https://de.wikipedia.org/wiki/%C4%B0stanbul_Modern &lt;br&gt;              
                    wikidata_link : http://www.wikidata.org/entity/Q1463961</description>
                <styleUrl>#icon-1739-FF0000</styleUrl>
                <Point id="1715">
                    <coordinates>28.982944,41.026,0.0</coordinates>
                </Point>
            </Placemark>
            <Placemark id="1718">
                <name>Cistern of Philoxenos</name>
                <description>                    category  : ancient Roman cistern &lt;br&gt;   
                    sitelinks : 23.0 &lt;br&gt;   
                    articleEN : https://en.wikipedia.org/wiki/Cistern_of_Philoxenos &lt;br&gt;             
                    articleDE : https://de.wikipedia.org/wiki/Philoxenos-Zisterne &lt;br&gt;              
                    wikidata_link : http://www.wikidata.org/entity/Q2728644</description>
                <styleUrl>#icon-1739-FF0000</styleUrl>
                <Point id="1717">
                    <coordinates>28.974444444444,41.0075,0.0</coordinates>
                </Point>
            </Placemark>
            <Placemark id="1720">
                <name>Sinan Pasha Mosque</name>
                <description>                    category  : architectural structure &lt;br&gt;   
                    sitelinks : 23.0 &lt;br&gt;   
                    articleEN : https://en.wikipedia.org/wiki/Sinan_Pasha_Mosque_(Istanbul) &lt;br&gt;             
                    articleDE : https://de.wikipedia.org/wiki/Sinan-Pascha-Moschee_(Istanbul) &lt;br&gt;              
                    wikidata_link : http://www.wikidata.org/entity/Q1572395</description>
                <styleUrl>#icon-1739-FF0000</styleUrl>
                <Point id="1719">
                    <coordinates>29.006245,41.042343,0.0</coordinates>
                </Point>
            </Placemark>
            <Placemark id="1722">
                <name>Balat</name>
                <description>                    category  : neighborhood &lt;br&gt;   
                    sitelinks : 24.0 &lt;br&gt;   
                    articleEN : https://en.wikipedia.org/wiki/Balat,_Fatih &lt;br&gt;             
                    articleDE : https://de.wikipedia.org/wiki/Balat_(Istanbul) &lt;br&gt;              
                    wikidata_link : http://www.wikidata.org/entity/Q48796</description>
                <styleUrl>#icon-1739-FF0000</styleUrl>
                <Point id="1721">
                    <coordinates>28.9482931,41.0320032,0.0</coordinates>
                </Point>
            </Placemark>
            <Placemark id="1724">
                <name>Gezi Park</name>
                <description>                    category  : urban park &lt;br&gt;   
                    sitelinks : 24.0 &lt;br&gt;   
                    articleEN : https://en.wikipedia.org/wiki/Gezi_Park &lt;br&gt;             
                    articleDE : https://de.wikipedia.org/wiki/Gezi-Park &lt;br&gt;              
                    wikidata_link : http://www.wikidata.org/entity/Q6048634</description>
                <styleUrl>#icon-1739-FF0000</styleUrl>
                <Point id="1723">
                    <coordinates>28.986944444444,41.038333333333,0.0</coordinates>
                </Point>
            </Placemark>
            <Placemark id="1726">
                <name>Borsa Istanbul</name>
                <description>                    category  : stock exchange &lt;br&gt;   
                    sitelinks : 24.0 &lt;br&gt;   
                    articleEN : https://en.wikipedia.org/wiki/Borsa_Istanbul &lt;br&gt;             
                    articleDE : https://de.wikipedia.org/wiki/Borsa_Istanbul &lt;br&gt;              
                    wikidata_link : http://www.wikidata.org/entity/Q1407995</description>
                <styleUrl>#icon-1739-FF0000</styleUrl>
                <Point id="1725">
                    <coordinates>29.038413,41.110039,0.0</coordinates>
                </Point>
            </Placemark>
            <Placemark id="1728">
                <name>Arab Istanbul Mosque</name>
                <description>                    category  : mosque &lt;br&gt;   
                    sitelinks : 24.0 &lt;br&gt;   
                    articleEN : https://en.wikipedia.org/wiki/Arap_Mosque &lt;br&gt;             
                    articleDE : https://de.wikipedia.org/wiki/Arap_Camii &lt;br&gt;              
                    wikidata_link : http://www.wikidata.org/entity/Q642478</description>
                <styleUrl>#icon-1739-FF0000</styleUrl>
                <Point id="1727">
                    <coordinates>28.97083333,41.02444444,0.0</coordinates>
                </Point>
            </Placemark>
            <Placemark id="1730">
                <name>Battle of Chrysopolis</name>
                <description>                    category  : battle &lt;br&gt;   
                    sitelinks : 24.0 &lt;br&gt;   
                    articleEN : https://en.wikipedia.org/wiki/Battle_of_Chrysopolis &lt;br&gt;             
                    articleDE : https://de.wikipedia.org/wiki/Schlacht_von_Chrysopolis &lt;br&gt;              
                    wikidata_link : http://www.wikidata.org/entity/Q1264908</description>
                <styleUrl>#icon-1739-FF0000</styleUrl>
                <Point id="1729">
                    <coordinates>29.03,41.015,0.0</coordinates>
                </Point>
            </Placemark>
            <Placemark id="1732">
                <name>Sinan Erdem Dome</name>
                <description>                    category  : architectural structure &lt;br&gt;   
                    sitelinks : 24.0 &lt;br&gt;   
                    articleEN : https://en.wikipedia.org/wiki/Sinan_Erdem_Dome &lt;br&gt;             
                    articleDE : https://de.wikipedia.org/wiki/Sinan_Erdem_Dome &lt;br&gt;              
                    wikidata_link : http://www.wikidata.org/entity/Q1140926</description>
                <styleUrl>#icon-1739-FF0000</styleUrl>
                <Point id="1731">
                    <coordinates>28.853931,40.98855,0.0</coordinates>
                </Point>
            </Placemark>
            <Placemark id="1734">
                <name>Armenian Patriarchate of Constantinople</name>
                <description>                    category  : patriarchate &lt;br&gt;   
                    sitelinks : 24.0 &lt;br&gt;   
                    articleEN : https://en.wikipedia.org/wiki/Armenian_Patriarchate_of_Constantinople &lt;br&gt;             
                    articleDE : https://de.wikipedia.org/wiki/Patriarchat_von_Konstantinopel_der_Armenischen_Apostolischen_Kirche &lt;br&gt;              
                    wikidata_link : http://www.wikidata.org/entity/Q545383</description>
                <styleUrl>#icon-1739-FF0000</styleUrl>
                <Point id="1733">
                    <coordinates>28.9612,41.0045,0.0</coordinates>
                </Point>
            </Placemark>
            <Placemark id="1736">
                <name>Fenari Isa Mosque</name>
                <description>                    category  : church building &lt;br&gt;   
                    sitelinks : 24.0 &lt;br&gt;   
                    articleEN : https://en.wikipedia.org/wiki/Fenari_Isa_Mosque &lt;br&gt;             
                    articleDE : https://de.wikipedia.org/wiki/Fen%C3%A2r%C3%AE-%C3%8Es%C3%A2-Moschee &lt;br&gt;              
                    wikidata_link : http://www.wikidata.org/entity/Q2424612</description>
                <styleUrl>#icon-1739-FF0000</styleUrl>
                <Point id="1735">
                    <coordinates>28.944,41.01538056,0.0</coordinates>
                </Point>
            </Placemark>
            <Placemark id="1738">
                <name>Yeni Üsküdar Mosque</name>
                <description>                    category  : architectural structure &lt;br&gt;   
                    sitelinks : 24.0 &lt;br&gt;   
                    articleEN : https://en.wikipedia.org/wiki/Yeni_Valide_Mosque &lt;br&gt;             
                    articleDE : https://de.wikipedia.org/wiki/Yeni-Valide-Moschee &lt;br&gt;              
                    wikidata_link : http://www.wikidata.org/entity/Q2334567</description>
                <styleUrl>#icon-1739-FF0000</styleUrl>
                <Point id="1737">
                    <coordinates>29.015107,41.024787,0.0</coordinates>
                </Point>
            </Placemark>
            <Placemark id="1740">
                <name>Boukoleon Palace</name>
                <description>                    category  : palace &lt;br&gt;   
                    sitelinks : 24.0 &lt;br&gt;   
                    articleEN : https://en.wikipedia.org/wiki/Boukoleon_Palace &lt;br&gt;             
                    articleDE : https://de.wikipedia.org/wiki/Bukoleon-Palast &lt;br&gt;              
                    wikidata_link : http://www.wikidata.org/entity/Q1003322</description>
                <styleUrl>#icon-1739-FF0000</styleUrl>
                <Point id="1739">
                    <coordinates>28.97555556,41.0025,0.0</coordinates>
                </Point>
            </Placemark>
            <Placemark id="1742">
                <name>Council of Hieria</name>
                <description>                    category  : synod &lt;br&gt;   
                    sitelinks : 24.0 &lt;br&gt;   
                    articleEN : https://en.wikipedia.org/wiki/Council_of_Hieria &lt;br&gt;             
                    articleDE : https://de.wikipedia.org/wiki/Konzil_von_Hiereia &lt;br&gt;              
                    wikidata_link : http://www.wikidata.org/entity/Q519139</description>
                <styleUrl>#icon-1739-FF0000</styleUrl>
                <Point id="1741">
                    <coordinates>29.04352778,40.97297222,0.0</coordinates>
                </Point>
            </Placemark>
            <Placemark id="1744">
                <name>Yıldız Hamidi Mosque</name>
                <description>                    category  : tourist attraction &lt;br&gt;   
                    sitelinks : 24.0 &lt;br&gt;   
                    articleEN : https://en.wikipedia.org/wiki/Y%C4%B1ld%C4%B1z_Hamidiye_Mosque &lt;br&gt;             
                    articleDE : https://de.wikipedia.org/wiki/Hamidiye-Moschee &lt;br&gt;              
                    wikidata_link : http://www.wikidata.org/entity/Q1573438</description>
                <styleUrl>#icon-1739-FF0000</styleUrl>
                <Point id="1743">
                    <coordinates>29.00993611,41.04941111,0.0</coordinates>
                </Point>
            </Placemark>
            <Placemark id="1746">
                <name>Sirkeci railway station</name>
                <description>                    category  : interchange station &lt;br&gt;   
                    sitelinks : 24.0 &lt;br&gt;   
                    articleEN : https://en.wikipedia.org/wiki/Sirkeci_railway_station &lt;br&gt;             
                    articleDE : https://de.wikipedia.org/wiki/Bahnhof_Istanbul_Sirkeci &lt;br&gt;              
                    wikidata_link : http://www.wikidata.org/entity/Q800974</description>
                <styleUrl>#icon-1739-FF0000</styleUrl>
                <Point id="1745">
                    <coordinates>28.976456571173,41.014966928207,0.0</coordinates>
                </Point>
            </Placemark>
            <Placemark id="1748">
                <name>Kafes</name>
                <description>                    category  : palace &lt;br&gt;   
                    sitelinks : 24.0 &lt;br&gt;   
                    articleEN : https://en.wikipedia.org/wiki/Kafes &lt;br&gt;             
                    articleDE : https://de.wikipedia.org/wiki/Kafes &lt;br&gt;              
                    wikidata_link : http://www.wikidata.org/entity/Q1721042</description>
                <styleUrl>#icon-1739-FF0000</styleUrl>
                <Point id="1747">
                    <coordinates>28.9835491,41.0137863,0.0</coordinates>
                </Point>
            </Placemark>
            <Placemark id="1750">
                <name>Levent</name>
                <description>                    category  : mahalle &lt;br&gt;   
                    sitelinks : 25.0 &lt;br&gt;   
                    articleEN : https://en.wikipedia.org/wiki/Levent &lt;br&gt;             
                    articleDE : https://de.wikipedia.org/wiki/Levent_(Istanbul) &lt;br&gt;              
                    wikidata_link : http://www.wikidata.org/entity/Q48898</description>
                <styleUrl>#icon-1739-FF0000</styleUrl>
                <Point id="1749">
                    <coordinates>29.01584,41.08181,0.0</coordinates>
                </Point>
            </Placemark>
            <Placemark id="1752">
                <name>Fener</name>
                <description>                    category  : quarter &lt;br&gt;   
                    sitelinks : 25.0 &lt;br&gt;   
                    articleEN : https://en.wikipedia.org/wiki/Fener &lt;br&gt;             
                    articleDE : https://de.wikipedia.org/wiki/Fener &lt;br&gt;              
                    wikidata_link : http://www.wikidata.org/entity/Q985842</description>
                <styleUrl>#icon-1739-FF0000</styleUrl>
                <Point id="1751">
                    <coordinates>28.951944444444,41.028888888889,0.0</coordinates>
                </Point>
            </Placemark>
            <Placemark id="1754">
                <name>Yıldız Technical University</name>
                <description>                    category  : public university &lt;br&gt;   
                    sitelinks : 25.0 &lt;br&gt;   
                    articleEN : https://en.wikipedia.org/wiki/Y%C4%B1ld%C4%B1z_Technical_University &lt;br&gt;             
                    articleDE : https://de.wikipedia.org/wiki/Technische_Universit%C3%A4t_Y%C4%B1ld%C4%B1z &lt;br&gt;              
                    wikidata_link : http://www.wikidata.org/entity/Q1093258</description>
                <styleUrl>#icon-1739-FF0000</styleUrl>
                <Point id="1753">
                    <coordinates>29.0104,41.0517,0.0</coordinates>
                </Point>
            </Placemark>
            <Placemark id="1756">
                <name>Yeşilköy</name>
                <description>                    category  : mahalle &lt;br&gt;   
                    sitelinks : 25.0 &lt;br&gt;   
                    articleEN : https://en.wikipedia.org/wiki/Ye%C5%9Filk%C3%B6y &lt;br&gt;             
                    articleDE : https://de.wikipedia.org/wiki/Ye%C5%9Filk%C3%B6y &lt;br&gt;              
                    wikidata_link : http://www.wikidata.org/entity/Q1010949</description>
                <styleUrl>#icon-1739-FF0000</styleUrl>
                <Point id="1755">
                    <coordinates>28.8224,40.959,0.0</coordinates>
                </Point>
            </Placemark>
            <Placemark id="1758">
                <name>The Museum of Innocence</name>
                <description>                    category  : tourist attraction &lt;br&gt;   
                    sitelinks : 26.0 &lt;br&gt;   
                    articleEN : https://en.wikipedia.org/wiki/The_Museum_of_Innocence_(museum) &lt;br&gt;             
                    articleDE :  &lt;br&gt;              
                    wikidata_link : http://www.wikidata.org/entity/Q15961492</description>
                <styleUrl>#icon-1739-FF0000</styleUrl>
                <Point id="1757">
                    <coordinates>28.97982222,41.03093056,0.0</coordinates>
                </Point>
            </Placemark>
            <Placemark id="1760">
                <name>2012 FINA World Swimming Championships</name>
                <description>                    category  : sports season &lt;br&gt;   
                    sitelinks : 26.0 &lt;br&gt;   
                    articleEN : https://en.wikipedia.org/wiki/2012_FINA_World_Swimming_Championships_(25_m) &lt;br&gt;             
                    articleDE : https://de.wikipedia.org/wiki/Kurzbahnweltmeisterschaften_2012 &lt;br&gt;              
                    wikidata_link : http://www.wikidata.org/entity/Q115978</description>
                <styleUrl>#icon-1739-FF0000</styleUrl>
                <Point id="1759">
                    <coordinates>28.8539,40.9885,0.0</coordinates>
                </Point>
            </Placemark>
            <Placemark id="1762">
                <name>December 2016 Istanbul bombings</name>
                <description>                    category  : suicide bombing &lt;br&gt;   
                    sitelinks : 27.0 &lt;br&gt;   
                    articleEN : https://en.wikipedia.org/wiki/December_2016_Istanbul_bombings &lt;br&gt;             
                    articleDE : https://de.wikipedia.org/wiki/Bombenanschl%C3%A4ge_in_Istanbul_am_10._Dezember_2016 &lt;br&gt;              
                    wikidata_link : http://www.wikidata.org/entity/Q27988528</description>
                <styleUrl>#icon-1739-FF0000</styleUrl>
                <Point id="1761">
                    <coordinates>28.994444,41.041944,0.0</coordinates>
                </Point>
            </Placemark>
            <Placemark id="1764">
                <name>Çamlıca Mosque</name>
                <description>                    category  : mosque &lt;br&gt;   
                    sitelinks : 27.0 &lt;br&gt;   
                    articleEN : https://en.wikipedia.org/wiki/%C3%87aml%C4%B1ca_Mosque &lt;br&gt;             
                    articleDE : https://de.wikipedia.org/wiki/%C3%87aml%C4%B1ca-Moschee &lt;br&gt;              
                    wikidata_link : http://www.wikidata.org/entity/Q18341384</description>
                <styleUrl>#icon-1739-FF0000</styleUrl>
                <Point id="1763">
                    <coordinates>29.0704,41.0343,0.0</coordinates>
                </Point>
            </Placemark>
            <Placemark id="1766">
                <name>Yedikule Fortress</name>
                <description>                    category  : fortress &lt;br&gt;   
                    sitelinks : 27.0 &lt;br&gt;   
                    articleEN : https://en.wikipedia.org/wiki/Yedikule_Fortress &lt;br&gt;             
                    articleDE : https://de.wikipedia.org/wiki/Yedikule &lt;br&gt;              
                    wikidata_link : http://www.wikidata.org/entity/Q632795</description>
                <styleUrl>#icon-1739-FF0000</styleUrl>
                <Point id="1765">
                    <coordinates>28.92333333,40.99305556,0.0</coordinates>
                </Point>
            </Placemark>
            <Placemark id="1768">
                <name>Turkish and Islamic Arts Museum</name>
                <description>                    category  : national museum &lt;br&gt;   
                    sitelinks : 27.0 &lt;br&gt;   
                    articleEN : https://en.wikipedia.org/wiki/Turkish_and_Islamic_Arts_Museum &lt;br&gt;             
                    articleDE : https://de.wikipedia.org/wiki/Museum_f%C3%BCr_t%C3%BCrkische_und_islamische_Kunst &lt;br&gt;              
                    wikidata_link : http://www.wikidata.org/entity/Q525939</description>
                <styleUrl>#icon-1739-FF0000</styleUrl>
                <Point id="1767">
                    <coordinates>28.974556,41.006278,0.0</coordinates>
                </Point>
            </Placemark>
            <Placemark id="1770">
                <name>Gülhane Park</name>
                <description>                    category  : tourist attraction &lt;br&gt;   
                    sitelinks : 27.0 &lt;br&gt;   
                    articleEN : https://en.wikipedia.org/wiki/G%C3%BClhane_Park &lt;br&gt;             
                    articleDE : https://de.wikipedia.org/wiki/G%C3%BClhane-Park &lt;br&gt;              
                    wikidata_link : http://www.wikidata.org/entity/Q1560106</description>
                <styleUrl>#icon-1739-FF0000</styleUrl>
                <Point id="1769">
                    <coordinates>28.98,41.01222222,0.0</coordinates>
                </Point>
            </Placemark>
            <Placemark id="1772">
                <name>2012 IAAF World Indoor Championships</name>
                <description>                    category  : World Athletics Indoor Championships &lt;br&gt;   
                    sitelinks : 27.0 &lt;br&gt;   
                    articleEN : https://en.wikipedia.org/wiki/2012_IAAF_World_Indoor_Championships &lt;br&gt;             
                    articleDE : https://de.wikipedia.org/wiki/Leichtathletik-Hallenweltmeisterschaften_2012 &lt;br&gt;              
                    wikidata_link : http://www.wikidata.org/entity/Q746504</description>
                <styleUrl>#icon-1739-FF0000</styleUrl>
                <Point id="1771">
                    <coordinates>28.855577,40.987167,0.0</coordinates>
                </Point>
            </Placemark>
            <Placemark id="1774">
                <name>BJK İnönü Stadium</name>
                <description>                    category  : association football venue &lt;br&gt;   
                    sitelinks : 27.0 &lt;br&gt;   
                    articleEN : https://en.wikipedia.org/wiki/BJK_%C4%B0n%C3%B6n%C3%BC_Stadium &lt;br&gt;             
                    articleDE : https://de.wikipedia.org/wiki/%C4%B0n%C3%B6n%C3%BC_Stad%C4%B1 &lt;br&gt;              
                    wikidata_link : http://www.wikidata.org/entity/Q751820</description>
                <styleUrl>#icon-1739-FF0000</styleUrl>
                <Point id="1773">
                    <coordinates>28.994741666667,41.039205555556,0.0</coordinates>
                </Point>
            </Placemark>
            <Placemark id="1776">
                <name>Abdi İpekçi Arena</name>
                <description>                    category  : multi-purpose hall &lt;br&gt;   
                    sitelinks : 27.0 &lt;br&gt;   
                    articleEN : https://en.wikipedia.org/wiki/Abdi_%C4%B0pek%C3%A7i_Arena &lt;br&gt;             
                    articleDE : https://de.wikipedia.org/wiki/Abdi_%C4%B0pek%C3%A7i_Arena &lt;br&gt;              
                    wikidata_link : http://www.wikidata.org/entity/Q308162</description>
                <styleUrl>#icon-1739-FF0000</styleUrl>
                <Point id="1775">
                    <coordinates>28.919444,40.996944,0.0</coordinates>
                </Point>
            </Placemark>
            <Placemark id="1778">
                <name>Column of Constantine</name>
                <description>                    category  : tourist attraction &lt;br&gt;   
                    sitelinks : 28.0 &lt;br&gt;   
                    articleEN : https://en.wikipedia.org/wiki/Column_of_Constantine &lt;br&gt;             
                    articleDE : https://de.wikipedia.org/wiki/Konstantinss%C3%A4ule &lt;br&gt;              
                    wikidata_link : http://www.wikidata.org/entity/Q1247287</description>
                <styleUrl>#icon-1739-FF0000</styleUrl>
                <Point id="1777">
                    <coordinates>28.971111,41.008611,0.0</coordinates>
                </Point>
            </Placemark>
            <Placemark id="1780">
                <name>Church of St. George</name>
                <description>                    category  : Eastern Orthodox cathedral &lt;br&gt;   
                    sitelinks : 28.0 &lt;br&gt;   
                    articleEN : https://en.wikipedia.org/wiki/St._George%27s_Cathedral,_Istanbul &lt;br&gt;             
                    articleDE : https://de.wikipedia.org/wiki/Georgskathedrale_(Istanbul) &lt;br&gt;              
                    wikidata_link : http://www.wikidata.org/entity/Q1346546</description>
                <styleUrl>#icon-1739-FF0000</styleUrl>
                <Point id="1779">
                    <coordinates>28.951822222222,41.029091666667,0.0</coordinates>
                </Point>
            </Placemark>
            <Placemark id="1782">
                <name>Serpent Column</name>
                <description>                    category  : sculpture &lt;br&gt;   
                    sitelinks : 28.0 &lt;br&gt;   
                    articleEN : https://en.wikipedia.org/wiki/Serpent_Column &lt;br&gt;             
                    articleDE : https://de.wikipedia.org/wiki/Schlangens%C3%A4ule &lt;br&gt;              
                    wikidata_link : http://www.wikidata.org/entity/Q588892</description>
                <styleUrl>#icon-1739-FF0000</styleUrl>
                <Point id="1781">
                    <coordinates>28.975122,41.00562,0.0</coordinates>
                </Point>
            </Placemark>
            <Placemark id="1784">
                <name>Great Palace of Constantinople</name>
                <description>                    category  : destroyed building or structure &lt;br&gt;   
                    sitelinks : 28.0 &lt;br&gt;   
                    articleEN : https://en.wikipedia.org/wiki/Great_Palace_of_Constantinople &lt;br&gt;             
                    articleDE : https://de.wikipedia.org/wiki/Gro%C3%9Fer_Palast_(Konstantinopel) &lt;br&gt;              
                    wikidata_link : http://www.wikidata.org/entity/Q475338</description>
                <styleUrl>#icon-1739-FF0000</styleUrl>
                <Point id="1783">
                    <coordinates>28.97777778,41.00638889,0.0</coordinates>
                </Point>
            </Placemark>
            <Placemark id="1786">
                <name>Haydarpaşa railway station</name>
                <description>                    category  : harbour railway station &lt;br&gt;   
                    sitelinks : 28.0 &lt;br&gt;   
                    articleEN : https://en.wikipedia.org/wiki/Haydarpa%C5%9Fa_railway_station &lt;br&gt;             
                    articleDE : https://de.wikipedia.org/wiki/Bahnhof_Istanbul_Haydarpa%C5%9Fa &lt;br&gt;              
                    wikidata_link : http://www.wikidata.org/entity/Q800973</description>
                <styleUrl>#icon-1739-FF0000</styleUrl>
                <Point id="1785">
                    <coordinates>29.018601863888,40.996137956916,0.0</coordinates>
                </Point>
            </Placemark>
            <Placemark id="1788">
                <name>Dolmabahçe Mosque</name>
                <description>                    category  : architectural structure &lt;br&gt;   
                    sitelinks : 29.0 &lt;br&gt;   
                    articleEN : https://en.wikipedia.org/wiki/Dolmabah%C3%A7e_Mosque &lt;br&gt;             
                    articleDE :  &lt;br&gt;              
                    wikidata_link : http://www.wikidata.org/entity/Q2086068</description>
                <styleUrl>#icon-1739-FF0000</styleUrl>
                <Point id="1787">
                    <coordinates>28.99528889,41.03672778,0.0</coordinates>
                </Point>
            </Placemark>
            <Placemark id="1790">
                <name>Tünel</name>
                <description>                    category  : historic building &lt;br&gt;   
                    sitelinks : 29.0 &lt;br&gt;   
                    articleEN : https://en.wikipedia.org/wiki/T%C3%BCnel &lt;br&gt;             
                    articleDE : https://de.wikipedia.org/wiki/T%C3%BCnel &lt;br&gt;              
                    wikidata_link : http://www.wikidata.org/entity/Q387264</description>
                <styleUrl>#icon-1739-FF0000</styleUrl>
                <Point id="1789">
                    <coordinates>28.9775,41.03361111,0.0</coordinates>
                </Point>
            </Placemark>
            <Placemark id="1792">
                <name>Pammakaristos Church</name>
                <description>                    category  : abbey church &lt;br&gt;   
                    sitelinks : 29.0 &lt;br&gt;   
                    articleEN : https://en.wikipedia.org/wiki/Pammakaristos_Church &lt;br&gt;             
                    articleDE : https://de.wikipedia.org/wiki/Pammakaristos-Kirche &lt;br&gt;              
                    wikidata_link : http://www.wikidata.org/entity/Q1420984</description>
                <styleUrl>#icon-1739-FF0000</styleUrl>
                <Point id="1791">
                    <coordinates>28.946388888889,41.029166666667,0.0</coordinates>
                </Point>
            </Placemark>
            <Placemark id="1794">
                <name>Ortaköy</name>
                <description>                    category  : tourist attraction &lt;br&gt;   
                    sitelinks : 30.0 &lt;br&gt;   
                    articleEN : https://en.wikipedia.org/wiki/Ortak%C3%B6y &lt;br&gt;             
                    articleDE : https://de.wikipedia.org/wiki/Ortak%C3%B6y_(Istanbul) &lt;br&gt;              
                    wikidata_link : http://www.wikidata.org/entity/Q2249546</description>
                <styleUrl>#icon-1739-FF0000</styleUrl>
                <Point id="1793">
                    <coordinates>29.0281901,41.0546272,0.0</coordinates>
                </Point>
            </Placemark>
            <Placemark id="1796">
                <name>Beylerbeyi Palace</name>
                <description>                    category  : tourist attraction &lt;br&gt;   
                    sitelinks : 30.0 &lt;br&gt;   
                    articleEN : https://en.wikipedia.org/wiki/Beylerbeyi_Palace &lt;br&gt;             
                    articleDE : https://de.wikipedia.org/wiki/Beylerbeyi-Palast &lt;br&gt;              
                    wikidata_link : http://www.wikidata.org/entity/Q794349</description>
                <styleUrl>#icon-1739-FF0000</styleUrl>
                <Point id="1795">
                    <coordinates>29.0399,41.0426,0.0</coordinates>
                </Point>
            </Placemark>
            <Placemark id="1798">
                <name>Istanbul Sapphire</name>
                <description>                    category  : skyscraper &lt;br&gt;   
                    sitelinks : 30.0 &lt;br&gt;   
                    articleEN : https://en.wikipedia.org/wiki/Istanbul_Sapphire &lt;br&gt;             
                    articleDE : https://de.wikipedia.org/wiki/Sapphire_of_Istanbul &lt;br&gt;              
                    wikidata_link : http://www.wikidata.org/entity/Q166882</description>
                <styleUrl>#icon-1739-FF0000</styleUrl>
                <Point id="1797">
                    <coordinates>29.005833333333,41.085,0.0</coordinates>
                </Point>
            </Placemark>
            <Placemark id="1800">
                <name>Laleli Mosque</name>
                <description>                    category  : architectural structure &lt;br&gt;   
                    sitelinks : 31.0 &lt;br&gt;   
                    articleEN : https://en.wikipedia.org/wiki/Laleli_Mosque &lt;br&gt;             
                    articleDE : https://de.wikipedia.org/wiki/Laleli-Moschee &lt;br&gt;              
                    wikidata_link : http://www.wikidata.org/entity/Q590900</description>
                <styleUrl>#icon-1739-FF0000</styleUrl>
                <Point id="1799">
                    <coordinates>28.956666666667,41.01,0.0</coordinates>
                </Point>
            </Placemark>
            <Placemark id="1802">
                <name>Mihrimah Edirnekapı Mosque</name>
                <description>                    category  : külliye &lt;br&gt;   
                    sitelinks : 31.0 &lt;br&gt;   
                    articleEN : https://en.wikipedia.org/wiki/Mihrimah_Sultan_Mosque,_Edirnekap%C4%B1 &lt;br&gt;             
                    articleDE : https://de.wikipedia.org/wiki/Mihrimah-Sultan-Moschee_(Edirnekap%C4%B1) &lt;br&gt;              
                    wikidata_link : http://www.wikidata.org/entity/Q1581190</description>
                <styleUrl>#icon-1739-FF0000</styleUrl>
                <Point id="1801">
                    <coordinates>28.935833333333,41.029166666667,0.0</coordinates>
                </Point>
            </Placemark>
            <Placemark id="1804">
                <name>Obelisk of Theodosius</name>
                <description>                    category  : obelisk &lt;br&gt;   
                    sitelinks : 31.0 &lt;br&gt;   
                    articleEN : https://en.wikipedia.org/wiki/Obelisk_of_Theodosius &lt;br&gt;             
                    articleDE : https://de.wikipedia.org/wiki/Obelisk_des_Theodosius &lt;br&gt;              
                    wikidata_link : http://www.wikidata.org/entity/Q763854</description>
                <styleUrl>#icon-1739-FF0000</styleUrl>
                <Point id="1803">
                    <coordinates>28.975388888889,41.006055555556,0.0</coordinates>
                </Point>
            </Placemark>
            <Placemark id="1806">
                <name>Eurasia Tunnel</name>
                <description>                    category  : undersea tunnel &lt;br&gt;   
                    sitelinks : 32.0 &lt;br&gt;   
                    articleEN : https://en.wikipedia.org/wiki/Eurasia_Tunnel &lt;br&gt;             
                    articleDE : https://de.wikipedia.org/wiki/Eurasien-Tunnel &lt;br&gt;              
                    wikidata_link : http://www.wikidata.org/entity/Q5411040</description>
                <styleUrl>#icon-1739-FF0000</styleUrl>
                <Point id="1805">
                    <coordinates>28.997,41.005,0.0</coordinates>
                </Point>
            </Placemark>
            <Placemark id="1808">
                <name>Aqueduct of Valens</name>
                <description>                    category  : tourist attraction &lt;br&gt;   
                    sitelinks : 32.0 &lt;br&gt;   
                    articleEN : https://en.wikipedia.org/wiki/Aqueduct_of_Valens &lt;br&gt;             
                    articleDE : https://de.wikipedia.org/wiki/Valens-Aqu%C3%A4dukt &lt;br&gt;              
                    wikidata_link : http://www.wikidata.org/entity/Q952924</description>
                <styleUrl>#icon-1739-FF0000</styleUrl>
                <Point id="1807">
                    <coordinates>28.95557,41.01599,0.0</coordinates>
                </Point>
            </Placemark>
            <Placemark id="1810">
                <name>Yıldız Palace</name>
                <description>                    category  : tourist attraction &lt;br&gt;   
                    sitelinks : 32.0 &lt;br&gt;   
                    articleEN : https://en.wikipedia.org/wiki/Y%C4%B1ld%C4%B1z_Palace &lt;br&gt;             
                    articleDE : https://de.wikipedia.org/wiki/Y%C4%B1ld%C4%B1z-Palast &lt;br&gt;              
                    wikidata_link : http://www.wikidata.org/entity/Q911734</description>
                <styleUrl>#icon-1739-FF0000</styleUrl>
                <Point id="1809">
                    <coordinates>29.0111,41.0494,0.0</coordinates>
                </Point>
            </Placemark>
            <Placemark id="1812">
                <name>Monastery of Stoudios</name>
                <description>                    category  : monastery ruins &lt;br&gt;   
                    sitelinks : 32.0 &lt;br&gt;   
                    articleEN : https://en.wikipedia.org/wiki/Monastery_of_Stoudios &lt;br&gt;             
                    articleDE : https://de.wikipedia.org/wiki/Studionkloster &lt;br&gt;              
                    wikidata_link : http://www.wikidata.org/entity/Q1551419</description>
                <styleUrl>#icon-1739-FF0000</styleUrl>
                <Point id="1811">
                    <coordinates>28.92861111,40.99611111,0.0</coordinates>
                </Point>
            </Placemark>
            <Placemark id="1814">
                <name>Anadoluhisarı</name>
                <description>                    category  : tourist attraction &lt;br&gt;   
                    sitelinks : 32.0 &lt;br&gt;   
                    articleEN : https://en.wikipedia.org/wiki/Anadoluhisar%C4%B1 &lt;br&gt;             
                    articleDE : https://de.wikipedia.org/wiki/Anadolu_Hisar%C4%B1 &lt;br&gt;              
                    wikidata_link : http://www.wikidata.org/entity/Q81650</description>
                <styleUrl>#icon-1739-FF0000</styleUrl>
                <Point id="1813">
                    <coordinates>29.067027777778,41.082138888889,0.0</coordinates>
                </Point>
            </Placemark>
            <Placemark id="1816">
                <name>Bayezid II Mosque</name>
                <description>                    category  : külliye &lt;br&gt;   
                    sitelinks : 32.0 &lt;br&gt;   
                    articleEN : https://en.wikipedia.org/wiki/Bayezid_II_Mosque,_Istanbul &lt;br&gt;             
                    articleDE : https://de.wikipedia.org/wiki/Beyaz%C4%B1t-Moschee &lt;br&gt;              
                    wikidata_link : http://www.wikidata.org/entity/Q853064</description>
                <styleUrl>#icon-1739-FF0000</styleUrl>
                <Point id="1815">
                    <coordinates>28.965277777778,41.010277777778,0.0</coordinates>
                </Point>
            </Placemark>
            <Placemark id="1818">
                <name>Çırağan Palace</name>
                <description>                    category  : palace &lt;br&gt;   
                    sitelinks : 32.0 &lt;br&gt;   
                    articleEN : https://en.wikipedia.org/wiki/%C3%87%C4%B1ra%C4%9Fan_Palace &lt;br&gt;             
                    articleDE : https://de.wikipedia.org/wiki/%C3%87%C4%B1ra%C4%9Fan-Palast &lt;br&gt;              
                    wikidata_link : http://www.wikidata.org/entity/Q273225</description>
                <styleUrl>#icon-1739-FF0000</styleUrl>
                <Point id="1817">
                    <coordinates>29.015388888889,41.043444444444,0.0</coordinates>
                </Point>
            </Placemark>
            <Placemark id="1820">
                <name>Sultangazi</name>
                <description>                    category  : municipality of Turkey &lt;br&gt;   
                    sitelinks : 32.0 &lt;br&gt;   
                    articleEN : https://en.wikipedia.org/wiki/Sultangazi &lt;br&gt;             
                    articleDE : https://de.wikipedia.org/wiki/Sultangazi &lt;br&gt;              
                    wikidata_link : http://www.wikidata.org/entity/Q268747</description>
                <styleUrl>#icon-1739-FF0000</styleUrl>
                <Point id="1819">
                    <coordinates>28.87217,41.10371,0.0</coordinates>
                </Point>
            </Placemark>
            <Placemark id="1822">
                <name>2016 Istanbul bombing</name>
                <description>                    category  : mass murder &lt;br&gt;   
                    sitelinks : 33.0 &lt;br&gt;   
                    articleEN : https://en.wikipedia.org/wiki/January_2016_Istanbul_bombing &lt;br&gt;             
                    articleDE : https://de.wikipedia.org/wiki/Terroranschlag_in_Istanbul_am_12._Januar_2016 &lt;br&gt;              
                    wikidata_link : http://www.wikidata.org/entity/Q22039066</description>
                <styleUrl>#icon-1739-FF0000</styleUrl>
                <Point id="1821">
                    <coordinates>28.977405555556,41.006163888889,0.0</coordinates>
                </Point>
            </Placemark>
            <Placemark id="1824">
                <name>Rüstem Pasha Mosque</name>
                <description>                    category  : tourist attraction &lt;br&gt;   
                    sitelinks : 33.0 &lt;br&gt;   
                    articleEN : https://en.wikipedia.org/wiki/R%C3%BCstem_Pasha_Mosque &lt;br&gt;             
                    articleDE : https://de.wikipedia.org/wiki/R%C3%BCstem-Pascha-Moschee &lt;br&gt;              
                    wikidata_link : http://www.wikidata.org/entity/Q1137511</description>
                <styleUrl>#icon-1739-FF0000</styleUrl>
                <Point id="1823">
                    <coordinates>28.96874786,41.01759104,0.0</coordinates>
                </Point>
            </Placemark>
            <Placemark id="1826">
                <name>Sokollu Mehmed Pasha I Mosque</name>
                <description>                    category  : külliye &lt;br&gt;   
                    sitelinks : 33.0 &lt;br&gt;   
                    articleEN : https://en.wikipedia.org/wiki/Sokollu_Mehmed_Pasha_Mosque,_Kad%C4%B1rga &lt;br&gt;             
                    articleDE : https://de.wikipedia.org/wiki/Sokollu-Mehmed-Pascha-Moschee &lt;br&gt;              
                    wikidata_link : http://www.wikidata.org/entity/Q1572472</description>
                <styleUrl>#icon-1739-FF0000</styleUrl>
                <Point id="1825">
                    <coordinates>28.971944444444,41.004722222222,0.0</coordinates>
                </Point>
            </Placemark>
            <Placemark id="1828">
                <name>Spice Bazaar</name>
                <description>                    category  : bazaar &lt;br&gt;   
                    sitelinks : 34.0 &lt;br&gt;   
                    articleEN : https://en.wikipedia.org/wiki/Spice_Bazaar &lt;br&gt;             
                    articleDE : https://de.wikipedia.org/wiki/M%C4%B1s%C4%B1r_%C3%87ar%C5%9F%C4%B1s%C4%B1 &lt;br&gt;              
                    wikidata_link : http://www.wikidata.org/entity/Q668641</description>
                <styleUrl>#icon-1739-FF0000</styleUrl>
                <Point id="1827">
                    <coordinates>28.970556,41.016389,0.0</coordinates>
                </Point>
            </Placemark>
            <Placemark id="1830">
                <name>Bağcılar</name>
                <description>                    category  : municipality of Turkey &lt;br&gt;   
                    sitelinks : 34.0 &lt;br&gt;   
                    articleEN : https://en.wikipedia.org/wiki/Ba%C4%9Fc%C4%B1lar &lt;br&gt;             
                    articleDE : https://de.wikipedia.org/wiki/Ba%C4%9Fc%C4%B1lar &lt;br&gt;              
                    wikidata_link : http://www.wikidata.org/entity/Q746516</description>
                <styleUrl>#icon-1739-FF0000</styleUrl>
                <Point id="1829">
                    <coordinates>28.856944444444,41.034444444444,0.0</coordinates>
                </Point>
            </Placemark>
            <Placemark id="1832">
                <name>Marmara University</name>
                <description>                    category  : public university &lt;br&gt;   
                    sitelinks : 34.0 &lt;br&gt;   
                    articleEN : https://en.wikipedia.org/wiki/Marmara_University &lt;br&gt;             
                    articleDE : https://de.wikipedia.org/wiki/Marmara-Universit%C3%A4t &lt;br&gt;              
                    wikidata_link : http://www.wikidata.org/entity/Q1424081</description>
                <styleUrl>#icon-1739-FF0000</styleUrl>
                <Point id="1831">
                    <coordinates>29.053611111111,40.986111111111,0.0</coordinates>
                </Point>
            </Placemark>
            <Placemark id="1834">
                <name>Rumelihisarı</name>
                <description>                    category  : tourist attraction &lt;br&gt;   
                    sitelinks : 34.0 &lt;br&gt;   
                    articleEN : https://en.wikipedia.org/wiki/Rumelihisar%C4%B1 &lt;br&gt;             
                    articleDE : https://de.wikipedia.org/wiki/Rumeli_Hisar%C4%B1 &lt;br&gt;              
                    wikidata_link : http://www.wikidata.org/entity/Q90801</description>
                <styleUrl>#icon-1739-FF0000</styleUrl>
                <Point id="1833">
                    <coordinates>29.056111111111,41.084722222222,0.0</coordinates>
                </Point>
            </Placemark>
            <Placemark id="1836">
                <name>University of Constantinople</name>
                <description>                    category  : university &lt;br&gt;   
                    sitelinks : 34.0 &lt;br&gt;   
                    articleEN : https://en.wikipedia.org/wiki/University_of_Constantinople &lt;br&gt;             
                    articleDE : https://de.wikipedia.org/wiki/Universit%C3%A4t_von_Konstantinopel &lt;br&gt;              
                    wikidata_link : http://www.wikidata.org/entity/Q850247</description>
                <styleUrl>#icon-1739-FF0000</styleUrl>
                <Point id="1835">
                    <coordinates>28.976018,41.01224,0.0</coordinates>
                </Point>
            </Placemark>
            <Placemark id="1838">
                <name>Little Hagia Sophia</name>
                <description>                    category  : külliye &lt;br&gt;   
                    sitelinks : 35.0 &lt;br&gt;   
                    articleEN : https://en.wikipedia.org/wiki/Little_Hagia_Sophia &lt;br&gt;             
                    articleDE : https://de.wikipedia.org/wiki/Kleine_Hagia_Sophia &lt;br&gt;              
                    wikidata_link : http://www.wikidata.org/entity/Q1144576</description>
                <styleUrl>#icon-1739-FF0000</styleUrl>
                <Point id="1837">
                    <coordinates>28.971944,41.002778,0.0</coordinates>
                </Point>
            </Placemark>
            <Placemark id="1840">
                <name>Kağıthane</name>
                <description>                    category  : municipality of Turkey &lt;br&gt;   
                    sitelinks : 35.0 &lt;br&gt;   
                    articleEN : https://en.wikipedia.org/wiki/Ka%C4%9F%C4%B1thane &lt;br&gt;             
                    articleDE : https://de.wikipedia.org/wiki/Ka%C4%9F%C4%B1thane &lt;br&gt;              
                    wikidata_link : http://www.wikidata.org/entity/Q284489</description>
                <styleUrl>#icon-1739-FF0000</styleUrl>
                <Point id="1839">
                    <coordinates>28.980555555556,41.086111111111,0.0</coordinates>
                </Point>
            </Placemark>
            <Placemark id="1842">
                <name>2022 Istanbul bombing</name>
                <description>                    category  : bomb attack &lt;br&gt;   
                    sitelinks : 36.0 &lt;br&gt;   
                    articleEN : https://en.wikipedia.org/wiki/2022_Istanbul_bombing &lt;br&gt;             
                    articleDE : https://de.wikipedia.org/wiki/Bombenanschlag_in_Istanbul_am_13._November_2022 &lt;br&gt;              
                    wikidata_link : http://www.wikidata.org/entity/Q115193912</description>
                <styleUrl>#icon-1739-FF0000</styleUrl>
                <Point id="1841">
                    <coordinates>28.981388888889,41.035,0.0</coordinates>
                </Point>
            </Placemark>
            <Placemark id="1844">
                <name>Eminönü</name>
                <description>                    category  : quarter &lt;br&gt;   
                    sitelinks : 36.0 &lt;br&gt;   
                    articleEN : https://en.wikipedia.org/wiki/Emin%C3%B6n%C3%BC &lt;br&gt;             
                    articleDE :  &lt;br&gt;              
                    wikidata_link : http://www.wikidata.org/entity/Q1767191</description>
                <styleUrl>#icon-1739-FF0000</styleUrl>
                <Point id="1843">
                    <coordinates>28.971111111111,41.017222222222,0.0</coordinates>
                </Point>
            </Placemark>
            <Placemark id="1846">
                <name>Istanbul Archaeology Museums</name>
                <description>                    category  : archaeological museum &lt;br&gt;   
                    sitelinks : 36.0 &lt;br&gt;   
                    articleEN : https://en.wikipedia.org/wiki/Istanbul_Archaeology_Museums &lt;br&gt;             
                    articleDE : https://de.wikipedia.org/wiki/Arch%C3%A4ologisches_Museum_Istanbul &lt;br&gt;              
                    wikidata_link : http://www.wikidata.org/entity/Q636978</description>
                <styleUrl>#icon-1739-FF0000</styleUrl>
                <Point id="1845">
                    <coordinates>28.981388888889,41.011669444444,0.0</coordinates>
                </Point>
            </Placemark>
            <Placemark id="1848">
                <name>Ümraniye</name>
                <description>                    category  : municipality of Turkey &lt;br&gt;   
                    sitelinks : 36.0 &lt;br&gt;   
                    articleEN : https://en.wikipedia.org/wiki/%C3%9Cmraniye &lt;br&gt;             
                    articleDE : https://de.wikipedia.org/wiki/%C3%9Cmraniye &lt;br&gt;              
                    wikidata_link : http://www.wikidata.org/entity/Q334924</description>
                <styleUrl>#icon-1739-FF0000</styleUrl>
                <Point id="1847">
                    <coordinates>29.12042,41.02083,0.0</coordinates>
                </Point>
            </Placemark>
            <Placemark id="1850">
                <name>Güngören</name>
                <description>                    category  : municipality of Turkey &lt;br&gt;   
                    sitelinks : 36.0 &lt;br&gt;   
                    articleEN : https://en.wikipedia.org/wiki/G%C3%BCng%C3%B6ren &lt;br&gt;             
                    articleDE : https://de.wikipedia.org/wiki/G%C3%BCng%C3%B6ren &lt;br&gt;              
                    wikidata_link : http://www.wikidata.org/entity/Q932166</description>
                <styleUrl>#icon-1739-FF0000</styleUrl>
                <Point id="1849">
                    <coordinates>28.878055555556,41.021111111111,0.0</coordinates>
                </Point>
            </Placemark>
            <Placemark id="1852">
                <name>İstiklal Avenue</name>
                <description>                    category  : street &lt;br&gt;   
                    sitelinks : 36.0 &lt;br&gt;   
                    articleEN : https://en.wikipedia.org/wiki/%C4%B0stiklal_Avenue &lt;br&gt;             
                    articleDE : https://de.wikipedia.org/wiki/%C4%B0stiklal_Caddesi &lt;br&gt;              
                    wikidata_link : http://www.wikidata.org/entity/Q344348</description>
                <styleUrl>#icon-1739-FF0000</styleUrl>
                <Point id="1851">
                    <coordinates>28.97888889,41.03416667,0.0</coordinates>
                </Point>
            </Placemark>
            <Placemark id="1854">
                <name>Bahçelievler</name>
                <description>                    category  : municipality of Turkey &lt;br&gt;   
                    sitelinks : 36.0 &lt;br&gt;   
                    articleEN : https://en.wikipedia.org/wiki/Bah%C3%A7elievler &lt;br&gt;             
                    articleDE : https://de.wikipedia.org/wiki/Bah%C3%A7elievler &lt;br&gt;              
                    wikidata_link : http://www.wikidata.org/entity/Q788634</description>
                <styleUrl>#icon-1739-FF0000</styleUrl>
                <Point id="1853">
                    <coordinates>28.850555555556,40.9975,0.0</coordinates>
                </Point>
            </Placemark>
            <Placemark id="1856">
                <name>Beşiktaş Stadium</name>
                <description>                    category  : association football venue &lt;br&gt;   
                    sitelinks : 37.0 &lt;br&gt;   
                    articleEN : https://en.wikipedia.org/wiki/Be%C5%9Fikta%C5%9F_Stadium &lt;br&gt;             
                    articleDE : https://de.wikipedia.org/wiki/T%C3%BCpra%C5%9F_Stadyumu &lt;br&gt;              
                    wikidata_link : http://www.wikidata.org/entity/Q14914703</description>
                <styleUrl>#icon-1739-FF0000</styleUrl>
                <Point id="1855">
                    <coordinates>28.994166666667,41.039166666667,0.0</coordinates>
                </Point>
            </Placemark>
            <Placemark id="1858">
                <name>Boğaziçi University</name>
                <description>                    category  : public university &lt;br&gt;   
                    sitelinks : 37.0 &lt;br&gt;   
                    articleEN : https://en.wikipedia.org/wiki/Bo%C4%9Fazi%C3%A7i_University &lt;br&gt;             
                    articleDE : https://de.wikipedia.org/wiki/Bo%C4%9Fazi%C3%A7i_%C3%9Cniversitesi &lt;br&gt;              
                    wikidata_link : http://www.wikidata.org/entity/Q896267</description>
                <styleUrl>#icon-1739-FF0000</styleUrl>
                <Point id="1857">
                    <coordinates>29.050597222222,41.083555555556,0.0</coordinates>
                </Point>
            </Placemark>
            <Placemark id="1860">
                <name>Zeytinburnu</name>
                <description>                    category  : municipality of Turkey &lt;br&gt;   
                    sitelinks : 37.0 &lt;br&gt;   
                    articleEN : https://en.wikipedia.org/wiki/Zeytinburnu &lt;br&gt;             
                    articleDE : https://de.wikipedia.org/wiki/Zeytinburnu &lt;br&gt;              
                    wikidata_link : http://www.wikidata.org/entity/Q197095</description>
                <styleUrl>#icon-1739-FF0000</styleUrl>
                <Point id="1859">
                    <coordinates>28.909722222222,41.005277777778,0.0</coordinates>
                </Point>
            </Placemark>
            <Placemark id="1862">
                <name>Galata</name>
                <description>                    category  : quarter &lt;br&gt;   
                    sitelinks : 38.0 &lt;br&gt;   
                    articleEN : https://en.wikipedia.org/wiki/Galata &lt;br&gt;             
                    articleDE : https://de.wikipedia.org/wiki/Galata_(Istanbul) &lt;br&gt;              
                    wikidata_link : http://www.wikidata.org/entity/Q501817</description>
                <styleUrl>#icon-1739-FF0000</styleUrl>
                <Point id="1861">
                    <coordinates>28.973611111111,41.022777777778,0.0</coordinates>
                </Point>
            </Placemark>
            <Placemark id="1864">
                <name>Istanbul pogrom</name>
                <description>                    category  : pogrom &lt;br&gt;   
                    sitelinks : 38.0 &lt;br&gt;   
                    articleEN : https://en.wikipedia.org/wiki/Istanbul_pogrom &lt;br&gt;             
                    articleDE : https://de.wikipedia.org/wiki/Pogrom_von_Istanbul &lt;br&gt;              
                    wikidata_link : http://www.wikidata.org/entity/Q934470</description>
                <styleUrl>#icon-1739-FF0000</styleUrl>
                <Point id="1863">
                    <coordinates>28.985,41.036944444444,0.0</coordinates>
                </Point>
            </Placemark>
            <Placemark id="1866">
                <name>2010 FIBA World Championship</name>
                <description>                    category  : sports season &lt;br&gt;   
                    sitelinks : 38.0 &lt;br&gt;   
                    articleEN : https://en.wikipedia.org/wiki/2010_FIBA_World_Championship &lt;br&gt;             
                    articleDE : https://de.wikipedia.org/wiki/Basketball-Weltmeisterschaft_2010 &lt;br&gt;              
                    wikidata_link : http://www.wikidata.org/entity/Q211438</description>
                <styleUrl>#icon-1739-FF0000</styleUrl>
                <Point id="1865">
                    <coordinates>28.9667,41.0167,0.0</coordinates>
                </Point>
            </Placemark>
            <Placemark id="1868">
                <name>Fatih Istanbul Mosque</name>
                <description>                    category  : tourist attraction &lt;br&gt;   
                    sitelinks : 38.0 &lt;br&gt;   
                    articleEN : https://en.wikipedia.org/wiki/Fatih_Mosque,_Istanbul &lt;br&gt;             
                    articleDE : https://de.wikipedia.org/wiki/Fatih-Moschee &lt;br&gt;              
                    wikidata_link : http://www.wikidata.org/entity/Q756189</description>
                <styleUrl>#icon-1739-FF0000</styleUrl>
                <Point id="1867">
                    <coordinates>28.949722,41.019722,0.0</coordinates>
                </Point>
            </Placemark>
            <Placemark id="1870">
                <name>Ortaköy Mosque</name>
                <description>                    category  : tourist attraction &lt;br&gt;   
                    sitelinks : 38.0 &lt;br&gt;   
                    articleEN : https://en.wikipedia.org/wiki/Ortak%C3%B6y_Mosque &lt;br&gt;             
                    articleDE : https://de.wikipedia.org/wiki/Ortak%C3%B6y-Moschee &lt;br&gt;              
                    wikidata_link : http://www.wikidata.org/entity/Q176380</description>
                <styleUrl>#icon-1739-FF0000</styleUrl>
                <Point id="1869">
                    <coordinates>29.026808738806,41.047330729015,0.0</coordinates>
                </Point>
            </Placemark>
            <Placemark id="1872">
                <name>Galata Bridge</name>
                <description>                    category  : road bridge &lt;br&gt;   
                    sitelinks : 38.0 &lt;br&gt;   
                    articleEN : https://en.wikipedia.org/wiki/Galata_Bridge &lt;br&gt;             
                    articleDE : https://de.wikipedia.org/wiki/Galatabr%C3%BCcke &lt;br&gt;              
                    wikidata_link : http://www.wikidata.org/entity/Q81523</description>
                <styleUrl>#icon-1739-FF0000</styleUrl>
                <Point id="1871">
                    <coordinates>28.973055555556,41.02,0.0</coordinates>
                </Point>
            </Placemark>
            <Placemark id="1874">
                <name>Hagia Irene</name>
                <description>                    category  : tourist attraction &lt;br&gt;   
                    sitelinks : 39.0 &lt;br&gt;   
                    articleEN : https://en.wikipedia.org/wiki/Hagia_Irene &lt;br&gt;             
                    articleDE : https://de.wikipedia.org/wiki/Hagia_Irene &lt;br&gt;              
                    wikidata_link : http://www.wikidata.org/entity/Q736676</description>
                <styleUrl>#icon-1739-FF0000</styleUrl>
                <Point id="1873">
                    <coordinates>28.98111,41.00972,0.0</coordinates>
                </Point>
            </Placemark>
            <Placemark id="1876">
                <name>Gaziosmanpaşa</name>
                <description>                    category  : municipality of Turkey &lt;br&gt;   
                    sitelinks : 40.0 &lt;br&gt;   
                    articleEN : https://en.wikipedia.org/wiki/Gaziosmanpa%C5%9Fa &lt;br&gt;             
                    articleDE : https://de.wikipedia.org/wiki/Gaziosmanpa%C5%9Fa &lt;br&gt;              
                    wikidata_link : http://www.wikidata.org/entity/Q570826</description>
                <styleUrl>#icon-1739-FF0000</styleUrl>
                <Point id="1875">
                    <coordinates>28.904722222222,41.073333333333,0.0</coordinates>
                </Point>
            </Placemark>
            <Placemark id="1878">
                <name>Istanbul Technical University</name>
                <description>                    category  : public university &lt;br&gt;   
                    sitelinks : 40.0 &lt;br&gt;   
                    articleEN : https://en.wikipedia.org/wiki/Istanbul_Technical_University &lt;br&gt;             
                    articleDE : https://de.wikipedia.org/wiki/Technische_Universit%C3%A4t_Istanbul &lt;br&gt;              
                    wikidata_link : http://www.wikidata.org/entity/Q344334</description>
                <styleUrl>#icon-1739-FF0000</styleUrl>
                <Point id="1877">
                    <coordinates>29.025,41.105,0.0</coordinates>
                </Point>
            </Placemark>
            <Placemark id="1880">
                <name>Basilica Cistern</name>
                <description>                    category  : architectural structure &lt;br&gt;   
                    sitelinks : 40.0 &lt;br&gt;   
                    articleEN : https://en.wikipedia.org/wiki/Basilica_Cistern &lt;br&gt;             
                    articleDE : https://de.wikipedia.org/wiki/Yerebatan-Zisterne &lt;br&gt;              
                    wikidata_link : http://www.wikidata.org/entity/Q216511</description>
                <styleUrl>#icon-1739-FF0000</styleUrl>
                <Point id="1879">
                    <coordinates>28.9779209,41.0084038,0.0</coordinates>
                </Point>
            </Placemark>
            <Placemark id="1882">
                <name>Ataşehir</name>
                <description>                    category  : municipality of Turkey &lt;br&gt;   
                    sitelinks : 40.0 &lt;br&gt;   
                    articleEN : https://en.wikipedia.org/wiki/Ata%C5%9Fehir &lt;br&gt;             
                    articleDE : https://de.wikipedia.org/wiki/Ata%C5%9Fehir &lt;br&gt;              
                    wikidata_link : http://www.wikidata.org/entity/Q753882</description>
                <styleUrl>#icon-1739-FF0000</styleUrl>
                <Point id="1881">
                    <coordinates>29.127777777778,40.983333333333,0.0</coordinates>
                </Point>
            </Placemark>
            <Placemark id="1884">
                <name>Walls of Constantinople</name>
                <description>                    category  : city walls &lt;br&gt;   
                    sitelinks : 40.0 &lt;br&gt;   
                    articleEN : https://en.wikipedia.org/wiki/Walls_of_Constantinople &lt;br&gt;             
                    articleDE : https://de.wikipedia.org/wiki/Theodosianische_Mauer &lt;br&gt;              
                    wikidata_link : http://www.wikidata.org/entity/Q89917</description>
                <styleUrl>#icon-1739-FF0000</styleUrl>
                <Point id="1883">
                    <coordinates>28.92333333,41.01805556,0.0</coordinates>
                </Point>
            </Placemark>
            <Placemark id="1886">
                <name>Şişli</name>
                <description>                    category  : municipality of Turkey &lt;br&gt;   
                    sitelinks : 41.0 &lt;br&gt;   
                    articleEN : https://en.wikipedia.org/wiki/%C5%9Ei%C5%9Fli &lt;br&gt;             
                    articleDE : https://de.wikipedia.org/wiki/%C5%9Ei%C5%9Fli &lt;br&gt;              
                    wikidata_link : http://www.wikidata.org/entity/Q390637</description>
                <styleUrl>#icon-1739-FF0000</styleUrl>
                <Point id="1885">
                    <coordinates>28.986944444444,41.059444444444,0.0</coordinates>
                </Point>
            </Placemark>
            <Placemark id="1888">
                <name>Esenler</name>
                <description>                    category  : municipality of Turkey &lt;br&gt;   
                    sitelinks : 41.0 &lt;br&gt;   
                    articleEN : https://en.wikipedia.org/wiki/Esenler &lt;br&gt;             
                    articleDE : https://de.wikipedia.org/wiki/Esenler &lt;br&gt;              
                    wikidata_link : http://www.wikidata.org/entity/Q378714</description>
                <styleUrl>#icon-1739-FF0000</styleUrl>
                <Point id="1887">
                    <coordinates>28.871666666667,41.053611111111,0.0</coordinates>
                </Point>
            </Placemark>
            <Placemark id="1890">
                <name>Bakırköy</name>
                <description>                    category  : municipality of Turkey &lt;br&gt;   
                    sitelinks : 41.0 &lt;br&gt;   
                    articleEN : https://en.wikipedia.org/wiki/Bak%C4%B1rk%C3%B6y &lt;br&gt;             
                    articleDE : https://de.wikipedia.org/wiki/Bak%C4%B1rk%C3%B6y &lt;br&gt;              
                    wikidata_link : http://www.wikidata.org/entity/Q752528</description>
                <styleUrl>#icon-1739-FF0000</styleUrl>
                <Point id="1889">
                    <coordinates>28.853611111111,40.983055555556,0.0</coordinates>
                </Point>
            </Placemark>
            <Placemark id="1892">
                <name>Fatih Sultan Mehmet Bridge</name>
                <description>                    category  : road bridge &lt;br&gt;   
                    sitelinks : 42.0 &lt;br&gt;   
                    articleEN : https://en.wikipedia.org/wiki/Fatih_Sultan_Mehmet_Bridge &lt;br&gt;             
                    articleDE : https://de.wikipedia.org/wiki/Fatih-Sultan-Mehmet-Br%C3%BCcke &lt;br&gt;              
                    wikidata_link : http://www.wikidata.org/entity/Q369967</description>
                <styleUrl>#icon-1739-FF0000</styleUrl>
                <Point id="1891">
                    <coordinates>29.061388888889,41.091111111111,0.0</coordinates>
                </Point>
            </Placemark>
            <Placemark id="1894">
                <name>Bayrampaşa</name>
                <description>                    category  : municipality of Turkey &lt;br&gt;   
                    sitelinks : 42.0 &lt;br&gt;   
                    articleEN : https://en.wikipedia.org/wiki/Bayrampa%C5%9Fa &lt;br&gt;             
                    articleDE : https://de.wikipedia.org/wiki/Bayrampa%C5%9Fa &lt;br&gt;              
                    wikidata_link : http://www.wikidata.org/entity/Q791567</description>
                <styleUrl>#icon-1739-FF0000</styleUrl>
                <Point id="1893">
                    <coordinates>28.900277777778,41.048055555556,0.0</coordinates>
                </Point>
            </Placemark>
            <Placemark id="1896">
                <name>Siege of Constantinople</name>
                <description>                    category  : battle &lt;br&gt;   
                    sitelinks : 44.0 &lt;br&gt;   
                    articleEN : https://en.wikipedia.org/wiki/Siege_of_Constantinople_(717%E2%80%93718) &lt;br&gt;             
                    articleDE : https://de.wikipedia.org/wiki/Belagerung_von_Konstantinopel_(717%E2%80%93718) &lt;br&gt;              
                    wikidata_link : http://www.wikidata.org/entity/Q27900</description>
                <styleUrl>#icon-1739-FF0000</styleUrl>
                <Point id="1895">
                    <coordinates>28.975,41.0125,0.0</coordinates>
                </Point>
            </Placemark>
            <Placemark id="1898">
                <name>Marmaray</name>
                <description>                    category  : railway line &lt;br&gt;   
                    sitelinks : 44.0 &lt;br&gt;   
                    articleEN : https://en.wikipedia.org/wiki/Marmaray &lt;br&gt;             
                    articleDE : https://de.wikipedia.org/wiki/Marmaray &lt;br&gt;              
                    wikidata_link : http://www.wikidata.org/entity/Q497844</description>
                <styleUrl>#icon-1739-FF0000</styleUrl>
                <Point id="1897">
                    <coordinates>28.9967,41.0193,0.0</coordinates>
                </Point>
            </Placemark>
            <Placemark id="1900">
                <name>Şükrü Saracoğlu Stadium</name>
                <description>                    category  : association football venue &lt;br&gt;   
                    sitelinks : 44.0 &lt;br&gt;   
                    articleEN : https://en.wikipedia.org/wiki/%C5%9E%C3%BCkr%C3%BC_Saraco%C4%9Flu_Stadium &lt;br&gt;             
                    articleDE : https://de.wikipedia.org/wiki/%C5%9E%C3%BCkr%C3%BC_Saraco%C4%9Flu_Stad%C4%B1 &lt;br&gt;              
                    wikidata_link : http://www.wikidata.org/entity/Q222865</description>
                <styleUrl>#icon-1739-FF0000</styleUrl>
                <Point id="1899">
                    <coordinates>29.036666666667,40.9875,0.0</coordinates>
                </Point>
            </Placemark>
            <Placemark id="1902">
                <name>Hippodrome of Constantinople</name>
                <description>                    category  : hippodrome &lt;br&gt;   
                    sitelinks : 45.0 &lt;br&gt;   
                    articleEN : https://en.wikipedia.org/wiki/Hippodrome_of_Constantinople &lt;br&gt;             
                    articleDE : https://de.wikipedia.org/wiki/Hippodrom_(Konstantinopel) &lt;br&gt;              
                    wikidata_link : http://www.wikidata.org/entity/Q387548</description>
                <styleUrl>#icon-1739-FF0000</styleUrl>
                <Point id="1901">
                    <coordinates>28.975555555556,41.006388888889,0.0</coordinates>
                </Point>
            </Placemark>
            <Placemark id="1904">
                <name>Grand Bazaar</name>
                <description>                    category  : bazaar &lt;br&gt;   
                    sitelinks : 45.0 &lt;br&gt;   
                    articleEN : https://en.wikipedia.org/wiki/Grand_Bazaar,_Istanbul &lt;br&gt;             
                    articleDE : https://de.wikipedia.org/wiki/Kapal%C4%B1_%C3%87ar%C5%9F%C4%B1 &lt;br&gt;              
                    wikidata_link : http://www.wikidata.org/entity/Q505954</description>
                <styleUrl>#icon-1739-FF0000</styleUrl>
                <Point id="1903">
                    <coordinates>28.967933333333,41.010580555556,0.0</coordinates>
                </Point>
            </Placemark>
            <Placemark id="1906">
                <name>Maiden's Tower</name>
                <description>                    category  : tourist attraction &lt;br&gt;   
                    sitelinks : 45.0 &lt;br&gt;   
                    articleEN : https://en.wikipedia.org/wiki/Maiden%27s_Tower &lt;br&gt;             
                    articleDE : https://de.wikipedia.org/wiki/Leanderturm &lt;br&gt;              
                    wikidata_link : http://www.wikidata.org/entity/Q848397</description>
                <styleUrl>#icon-1739-FF0000</styleUrl>
                <Point id="1905">
                    <coordinates>29.00416667,41.02111111,0.0</coordinates>
                </Point>
            </Placemark>
            <Placemark id="1908">
                <name>Sublime Porte</name>
                <description>                    category  : synecdoche &lt;br&gt;   
                    sitelinks : 49.0 &lt;br&gt;   
                    articleEN : https://en.wikipedia.org/wiki/Sublime_Porte &lt;br&gt;             
                    articleDE : https://de.wikipedia.org/wiki/Hohe_Pforte &lt;br&gt;              
                    wikidata_link : http://www.wikidata.org/entity/Q18871</description>
                <styleUrl>#icon-1739-FF0000</styleUrl>
                <Point id="1907">
                    <coordinates>28.97805556,41.01111111,0.0</coordinates>
                </Point>
            </Placemark>
            <Placemark id="1910">
                <name>Taksim Square</name>
                <description>                    category  : square &lt;br&gt;   
                    sitelinks : 49.0 &lt;br&gt;   
                    articleEN : https://en.wikipedia.org/wiki/Taksim_Square &lt;br&gt;             
                    articleDE : https://de.wikipedia.org/wiki/Taksim-Platz &lt;br&gt;              
                    wikidata_link : http://www.wikidata.org/entity/Q736072</description>
                <styleUrl>#icon-1739-FF0000</styleUrl>
                <Point id="1909">
                    <coordinates>28.985833333333,41.036944444444,0.0</coordinates>
                </Point>
            </Placemark>
            <Placemark id="1912">
                <name>2016 Istanbul airport attack</name>
                <description>                    category  : terrorist attack &lt;br&gt;   
                    sitelinks : 50.0 &lt;br&gt;   
                    articleEN : https://en.wikipedia.org/wiki/2016_Atat%C3%BCrk_Airport_attack &lt;br&gt;             
                    articleDE : https://de.wikipedia.org/wiki/Terroranschlag_in_Istanbul_am_28._Juni_2016 &lt;br&gt;              
                    wikidata_link : http://www.wikidata.org/entity/Q25007917</description>
                <styleUrl>#icon-1739-FF0000</styleUrl>
                <Point id="1911">
                    <coordinates>28.82,40.978,0.0</coordinates>
                </Point>
            </Placemark>
            <Placemark id="1914">
                <name>Convention on preventing and combating violence against women and domestic violence</name>
                <description>                    category  : international human rights instrument &lt;br&gt;   
                    sitelinks : 51.0 &lt;br&gt;   
                    articleEN : https://en.wikipedia.org/wiki/Istanbul_Convention &lt;br&gt;             
                    articleDE : https://de.wikipedia.org/wiki/%C3%9Cbereinkommen_des_Europarats_zur_Verh%C3%BCtung_und_Bek%C3%A4mpfung_von_Gewalt_gegen_Frauen_und_h%C3%A4uslicher_Gewalt &lt;br&gt;              
                    wikidata_link : http://www.wikidata.org/entity/Q1697391</description>
                <styleUrl>#icon-1739-FF0000</styleUrl>
                <Point id="1913">
                    <coordinates>28.9603,41.01,0.0</coordinates>
                </Point>
            </Placemark>
            <Placemark id="1916">
                <name>2017 Istanbul nightclub attack</name>
                <description>                    category  : terrorist attack &lt;br&gt;   
                    sitelinks : 52.0 &lt;br&gt;   
                    articleEN : https://en.wikipedia.org/wiki/Istanbul_nightclub_shooting &lt;br&gt;             
                    articleDE : https://de.wikipedia.org/wiki/Terroranschlag_in_Istanbul_am_1._Januar_2017 &lt;br&gt;              
                    wikidata_link : http://www.wikidata.org/entity/Q28094271</description>
                <styleUrl>#icon-1739-FF0000</styleUrl>
                <Point id="1915">
                    <coordinates>29.03262,41.049922,0.0</coordinates>
                </Point>
            </Placemark>
            <Placemark id="1918">
                <name>Dolmabahçe Palace</name>
                <description>                    category  : palace &lt;br&gt;   
                    sitelinks : 53.0 &lt;br&gt;   
                    articleEN : https://en.wikipedia.org/wiki/Dolmabah%C3%A7e_Palace &lt;br&gt;             
                    articleDE : https://de.wikipedia.org/wiki/Dolmabah%C3%A7e-Palast &lt;br&gt;              
                    wikidata_link : http://www.wikidata.org/entity/Q274141</description>
                <styleUrl>#icon-1739-FF0000</styleUrl>
                <Point id="1917">
                    <coordinates>29.001666666667,41.039444444444,0.0</coordinates>
                </Point>
            </Placemark>
            <Placemark id="1920">
                <name>Organization of Turkic States</name>
                <description>                    category  : intergovernmental organization &lt;br&gt;   
                    sitelinks : 55.0 &lt;br&gt;   
                    articleEN : https://en.wikipedia.org/wiki/Organization_of_Turkic_States &lt;br&gt;             
                    articleDE : https://de.wikipedia.org/wiki/Organisation_der_Turkstaaten &lt;br&gt;              
                    wikidata_link : http://www.wikidata.org/entity/Q596850</description>
                <styleUrl>#icon-1739-FF0000</styleUrl>
                <Point id="1919">
                    <coordinates>28.9726015,41.0078815,0.0</coordinates>
                </Point>
            </Placemark>
            <Placemark id="1922">
                <name>Galata Tower</name>
                <description>                    category  : tourist attraction &lt;br&gt;   
                    sitelinks : 56.0 &lt;br&gt;   
                    articleEN : https://en.wikipedia.org/wiki/Galata_Tower &lt;br&gt;             
                    articleDE : https://de.wikipedia.org/wiki/Galataturm &lt;br&gt;              
                    wikidata_link : http://www.wikidata.org/entity/Q91274</description>
                <styleUrl>#icon-1739-FF0000</styleUrl>
                <Point id="1921">
                    <coordinates>28.974153190723,41.025632324866,0.0</coordinates>
                </Point>
            </Placemark>
            <Placemark id="1924">
                <name>Beşiktaş</name>
                <description>                    category  : municipality of Turkey &lt;br&gt;   
                    sitelinks : 57.0 &lt;br&gt;   
                    articleEN : https://en.wikipedia.org/wiki/Be%C5%9Fikta%C5%9F &lt;br&gt;             
                    articleDE : https://de.wikipedia.org/wiki/Be%C5%9Fikta%C5%9F &lt;br&gt;              
                    wikidata_link : http://www.wikidata.org/entity/Q459495</description>
                <styleUrl>#icon-1739-FF0000</styleUrl>
                <Point id="1923">
                    <coordinates>29.0275,41.075277777778,0.0</coordinates>
                </Point>
            </Placemark>
            <Placemark id="1926">
                <name>15 July Martyrs Bridge</name>
                <description>                    category  : road bridge &lt;br&gt;   
                    sitelinks : 58.0 &lt;br&gt;   
                    articleEN : https://en.wikipedia.org/wiki/Bosphorus_Bridge &lt;br&gt;             
                    articleDE : https://de.wikipedia.org/wiki/Br%C3%BCcke_der_M%C3%A4rtyrer_des_15._Juli &lt;br&gt;              
                    wikidata_link : http://www.wikidata.org/entity/Q4484</description>
                <styleUrl>#icon-1739-FF0000</styleUrl>
                <Point id="1925">
                    <coordinates>29.034444444444,41.045277777778,0.0</coordinates>
                </Point>
            </Placemark>
            <Placemark id="1928">
                <name>Fatih</name>
                <description>                    category  : municipality of Turkey &lt;br&gt;   
                    sitelinks : 58.0 &lt;br&gt;   
                    articleEN : https://en.wikipedia.org/wiki/Fatih &lt;br&gt;             
                    articleDE : https://de.wikipedia.org/wiki/Fatih_(Istanbul) &lt;br&gt;              
                    wikidata_link : http://www.wikidata.org/entity/Q732923</description>
                <styleUrl>#icon-1739-FF0000</styleUrl>
                <Point id="1927">
                    <coordinates>28.950277777778,41.011388888889,0.0</coordinates>
                </Point>
            </Placemark>
            <Placemark id="1930">
                <name>Kadıköy</name>
                <description>                    category  : municipality of Turkey &lt;br&gt;   
                    sitelinks : 59.0 &lt;br&gt;   
                    articleEN : https://en.wikipedia.org/wiki/Kad%C4%B1k%C3%B6y &lt;br&gt;             
                    articleDE : https://de.wikipedia.org/wiki/Kad%C4%B1k%C3%B6y &lt;br&gt;              
                    wikidata_link : http://www.wikidata.org/entity/Q932886</description>
                <styleUrl>#icon-1739-FF0000</styleUrl>
                <Point id="1929">
                    <coordinates>29.036666666667,40.986944444444,0.0</coordinates>
                </Point>
            </Placemark>
            <Placemark id="1932">
                <name>Üsküdar</name>
                <description>                    category  : municipality of Turkey &lt;br&gt;   
                    sitelinks : 60.0 &lt;br&gt;   
                    articleEN : https://en.wikipedia.org/wiki/%C3%9Csk%C3%BCdar &lt;br&gt;             
                    articleDE : https://de.wikipedia.org/wiki/%C3%9Csk%C3%BCdar &lt;br&gt;              
                    wikidata_link : http://www.wikidata.org/entity/Q326339</description>
                <styleUrl>#icon-1739-FF0000</styleUrl>
                <Point id="1931">
                    <coordinates>29.01666667,41.01666667,0.0</coordinates>
                </Point>
            </Placemark>
            <Placemark id="1934">
                <name>Golden Horn</name>
                <description>                    category  : ria &lt;br&gt;   
                    sitelinks : 60.0 &lt;br&gt;   
                    articleEN : https://en.wikipedia.org/wiki/Golden_Horn &lt;br&gt;             
                    articleDE : https://de.wikipedia.org/wiki/Goldenes_Horn_(T%C3%BCrkei) &lt;br&gt;              
                    wikidata_link : http://www.wikidata.org/entity/Q179839</description>
                <styleUrl>#icon-1739-FF0000</styleUrl>
                <Point id="1933">
                    <coordinates>28.961111111111,41.029166666667,0.0</coordinates>
                </Point>
            </Placemark>
            <Placemark id="1936">
                <name>Istanbul University</name>
                <description>                    category  : public university &lt;br&gt;   
                    sitelinks : 61.0 &lt;br&gt;   
                    articleEN : https://en.wikipedia.org/wiki/Istanbul_University &lt;br&gt;             
                    articleDE : https://de.wikipedia.org/wiki/Universit%C3%A4t_Istanbul &lt;br&gt;              
                    wikidata_link : http://www.wikidata.org/entity/Q192964</description>
                <styleUrl>#icon-1739-FF0000</styleUrl>
                <Point id="1935">
                    <coordinates>28.963875,41.013036111111,0.0</coordinates>
                </Point>
            </Placemark>
            <Placemark id="1938">
                <name>Council of Chalcedon</name>
                <description>                    category  : ecumenical council &lt;br&gt;   
                    sitelinks : 66.0 &lt;br&gt;   
                    articleEN : https://en.wikipedia.org/wiki/Council_of_Chalcedon &lt;br&gt;             
                    articleDE : https://de.wikipedia.org/wiki/Konzil_von_Chalcedon &lt;br&gt;              
                    wikidata_link : http://www.wikidata.org/entity/Q170531</description>
                <styleUrl>#icon-1739-FF0000</styleUrl>
                <Point id="1937">
                    <coordinates>29.03,40.98,0.0</coordinates>
                </Point>
            </Placemark>
            <Placemark id="1940">
                <name>Ecumenical Patriarchate of Constantinople</name>
                <description>                    category  : Eastern Orthodox patriarchate &lt;br&gt;   
                    sitelinks : 69.0 &lt;br&gt;   
                    articleEN : https://en.wikipedia.org/wiki/Ecumenical_Patriarchate_of_Constantinople &lt;br&gt;             
                    articleDE : https://de.wikipedia.org/wiki/%C3%96kumenisches_Patriarchat_von_Konstantinopel &lt;br&gt;              
                    wikidata_link : http://www.wikidata.org/entity/Q211004</description>
                <styleUrl>#icon-1739-FF0000</styleUrl>
                <Point id="1939">
                    <coordinates>28.951675,41.029222,0.0</coordinates>
                </Point>
            </Placemark>
            <Placemark id="1942">
                <name>Süleymaniye Mosque</name>
                <description>                    category  : tourist attraction &lt;br&gt;   
                    sitelinks : 69.0 &lt;br&gt;   
                    articleEN : https://en.wikipedia.org/wiki/S%C3%BCleymaniye_Mosque &lt;br&gt;             
                    articleDE : https://de.wikipedia.org/wiki/S%C3%BCleymaniye-Moschee &lt;br&gt;              
                    wikidata_link : http://www.wikidata.org/entity/Q178643</description>
                <styleUrl>#icon-1739-FF0000</styleUrl>
                <Point id="1941">
                    <coordinates>28.963888888889,41.016111111111,0.0</coordinates>
                </Point>
            </Placemark>
            <Placemark id="1944">
                <name>Rams Park</name>
                <description>                    category  : association football venue &lt;br&gt;   
                    sitelinks : 71.0 &lt;br&gt;   
                    articleEN : https://en.wikipedia.org/wiki/Rams_Park &lt;br&gt;             
                    articleDE : https://de.wikipedia.org/wiki/Rams_Park &lt;br&gt;              
                    wikidata_link : http://www.wikidata.org/entity/Q81492</description>
                <styleUrl>#icon-1739-FF0000</styleUrl>
                <Point id="1943">
                    <coordinates>28.991,41.103388888889,0.0</coordinates>
                </Point>
            </Placemark>
            <Placemark id="1946">
                <name>Atatürk Airport</name>
                <description>                    category  : aerodrome &lt;br&gt;   
                    sitelinks : 73.0 &lt;br&gt;   
                    articleEN : https://en.wikipedia.org/wiki/Atat%C3%BCrk_Airport &lt;br&gt;             
                    articleDE : https://de.wikipedia.org/wiki/Flughafen_Istanbul-Atat%C3%BCrk &lt;br&gt;              
                    wikidata_link : http://www.wikidata.org/entity/Q86473</description>
                <styleUrl>#icon-1739-FF0000</styleUrl>
                <Point id="1945">
                    <coordinates>28.814166666667,40.976111111111,0.0</coordinates>
                </Point>
            </Placemark>
            <Placemark id="1948">
                <name>Topkapı Palace</name>
                <description>                    category  : tourist attraction &lt;br&gt;   
                    sitelinks : 76.0 &lt;br&gt;   
                    articleEN : https://en.wikipedia.org/wiki/Topkap%C4%B1_Palace &lt;br&gt;             
                    articleDE : https://de.wikipedia.org/wiki/Topkap%C4%B1-Palast &lt;br&gt;              
                    wikidata_link : http://www.wikidata.org/entity/Q170495</description>
                <styleUrl>#icon-1739-FF0000</styleUrl>
                <Point id="1947">
                    <coordinates>28.984,41.013,0.0</coordinates>
                </Point>
            </Placemark>
            <Placemark id="1950">
                <name>Fall of Constantinople</name>
                <description>                    category  : battle &lt;br&gt;   
                    sitelinks : 78.0 &lt;br&gt;   
                    articleEN : https://en.wikipedia.org/wiki/Fall_of_Constantinople &lt;br&gt;             
                    articleDE : https://de.wikipedia.org/wiki/Eroberung_von_Konstantinopel_(1453) &lt;br&gt;              
                    wikidata_link : http://www.wikidata.org/entity/Q160077</description>
                <styleUrl>#icon-1739-FF0000</styleUrl>
                <Point id="1949">
                    <coordinates>28.935,41.03,0.0</coordinates>
                </Point>
            </Placemark>
            <Placemark id="1952">
                <name>Istanbul Province</name>
                <description>                    category  : province of Turkey &lt;br&gt;   
                    sitelinks : 87.0 &lt;br&gt;   
                    articleEN : https://en.wikipedia.org/wiki/Istanbul_Province &lt;br&gt;             
                    articleDE : https://de.wikipedia.org/wiki/Istanbul_(Provinz) &lt;br&gt;              
                    wikidata_link : http://www.wikidata.org/entity/Q534799</description>
                <styleUrl>#icon-1739-FF0000</styleUrl>
                <Point id="1951">
                    <coordinates>28.976111111111,41.012222222222,0.0</coordinates>
                </Point>
            </Placemark>
        </Folder>
        <Folder id="16">
            <name>wikivoyage</name>
            <Placemark id="2058">
                <name>Atatürk Museum </name>
                <description>
                category  : See &lt;br&gt;
                address  : Halaskargazi Cd 250, Şişli  &lt;br&gt;
                url  :   &lt;br&gt;
                description  : A historic 3-storey house, easily distinguishable among the modern apartment buildings thanks to its brightly coloured and gracefully decorated exterior. This is where the future founder of the Turkish Republic, Kemal Atatürk rented in 1919 while staying in Istanbul before setting sail to [[Samsun]] on the Black Sea coast to start the Turkish War of Independence. Hosts Atatürk-related paraphernalia and photos. &lt;br&gt;
                </description>
                <styleUrl>#110</styleUrl>
                <Point id="2057">
                    <coordinates>28.987212,41.056397,0.0</coordinates>
                </Point>
            </Placemark>
            <Placemark id="2060">
                <name>Military Museum </name>
                <description>
                category  : See &lt;br&gt;
                address  : Cumhuriyet Cd, Harbiye  &lt;br&gt;
                url  : https://askerimuze.msb.gov.tr/  &lt;br&gt;
                description  : Among the exhibition of this museum are five thousand pieces from the Ottoman era through WWII, with the most prominent piece possibly being the huge chain that the Byzantines stretched across the mouth of the Golden Horn to keep out the Sultan's navy in 1453 during the siege of Constantinople. In the yard of the museum, the Janissary Band (''Mehter Takımı''), the world’s oldest military band gives concerts of march music in traditional uniforms each afternoon, at 15:00. &lt;br&gt;
                </description>
                <styleUrl>#110</styleUrl>
                <Point id="2059">
                    <coordinates>28.9883,41.0484,0.0</coordinates>
                </Point>
            </Placemark>
            <Placemark id="2062">
                <name>Radio Building </name>
                <description>
                category  : See &lt;br&gt;
                address  : Cumhuriyet Cd, Harbiye  &lt;br&gt;
                url  :   &lt;br&gt;
                description  : This building dating back to 1945 houses the local radio branch of the state radio and television corporation of Turkey (''TRT''). Not exactly an architectural pearl (although fans of the 1940s' totalitarian architecture will likely find its stately façade interesting), but it is prominent for the part it played in the political history of Turkey: It was occupied three times by the Army, in 1960, 1971, and most recently in 1980, when the radio was decidedly the broadcast type ranging most wide and far, to announce that they had launched a coup and taken over the governance of the country. &lt;br&gt;
                </description>
                <styleUrl>#110</styleUrl>
                <Point id="2061">
                    <coordinates>28.987297,41.044506,0.0</coordinates>
                </Point>
            </Placemark>
            <Placemark id="2064">
                <name>Nişantaşı </name>
                <description>
                category  : See &lt;br&gt;
                address  :   &lt;br&gt;
                url  :   &lt;br&gt;
                description  : A neighbourhood east of Şişli known for its Art Nouveau apartment buildings, the ground floors of many of which are upmarket restaurants, cafes, pubs, and garment stores lining the sidewalks. Nobel laureate Orhan Pamuk, well-known Turkish novelist, is a lifelong resident of the neighbourhood which formed the background of several of his novels. &lt;br&gt;
                </description>
                <styleUrl>#110</styleUrl>
                <Point id="2063">
                    <coordinates>28.991389,41.051667,0.0</coordinates>
                </Point>
            </Placemark>
            <Placemark id="2066">
                <name>Ihlamur Palace </name>
                <description>
                category  : See &lt;br&gt;
                address  : Teşvikiye, Nişantaşı Ihlamur Yolu Sk.  &lt;br&gt;
                url  :   &lt;br&gt;
                description  :  &lt;br&gt;
                </description>
                <styleUrl>#110</styleUrl>
                <Point id="2065">
                    <coordinates>29.00267599587044,41.05110898246619,0.0</coordinates>
                </Point>
            </Placemark>
            <Placemark id="2068">
                <name>HISART Museum </name>
                <description>
                category  : See &lt;br&gt;
                address  : Hürriyet, Dr. Cemil Bengü Cd. No:21  &lt;br&gt;
                url  :   &lt;br&gt;
                description  :  &lt;br&gt;
                </description>
                <styleUrl>#110</styleUrl>
                <Point id="2067">
                    <coordinates>28.982795083636148,41.07119489165968,0.0</coordinates>
                </Point>
            </Placemark>
            <Placemark id="2070">
                <name>WW1 Monument </name>
                <description>
                category  : See &lt;br&gt;
                address  :   &lt;br&gt;
                url  :   &lt;br&gt;
                description  : Next to the Court of Istanbul. &lt;br&gt;
                </description>
                <styleUrl>#110</styleUrl>
                <Point id="2069">
                    <coordinates>28.982065912457116,41.068152632720654,0.0</coordinates>
                </Point>
            </Placemark>
            <Placemark id="2072">
                <name>Armenian, Greek and Jewish Cemeteries </name>
                <description>
                category  : See &lt;br&gt;
                address  :   &lt;br&gt;
                url  :   &lt;br&gt;
                description  :  &lt;br&gt;
                </description>
                <styleUrl>#110</styleUrl>
                <Point id="2071">
                    <coordinates>28.99068891688332,41.06528090194343,0.0</coordinates>
                </Point>
            </Placemark>
            <Placemark id="2074">
                <name>Maçka Park </name>
                <description>
                category  : Do &lt;br&gt;
                address  :   &lt;br&gt;
                url  :   &lt;br&gt;
                description  : This park occupies the sides of a valley of this &quot;city of seven hills&quot;, with an avenue in the bottom. A 4-person gondola lift line is strung over it, offering a shortcut when walking between [[Istanbul/Bosphorus &lt;br&gt;
                </description>
                <styleUrl>#150</styleUrl>
                <Point id="2073">
                    <coordinates>28.99367,41.04406,0.0</coordinates>
                </Point>
            </Placemark>
            <Placemark id="2076">
                <name>Hasbahçe Park </name>
                <description>
                category  : Do &lt;br&gt;
                address  :   &lt;br&gt;
                url  :   &lt;br&gt;
                description  :  &lt;br&gt;
                </description>
                <styleUrl>#150</styleUrl>
                <Point id="2075">
                    <coordinates>28.96647429992917,41.074789697966025,0.0</coordinates>
                </Point>
            </Placemark>
            <Placemark id="2078">
                <name>Ali Sami Yen Complex </name>
                <description>
                category  : Do &lt;br&gt;
                address  : Huzur, Metin Oktay Caddesi, Sarıyer  &lt;br&gt;
                url  :   &lt;br&gt;
                description  : Homecourt of Galatasaray SK &lt;br&gt;
                </description>
                <styleUrl>#150</styleUrl>
                <Point id="2077">
                    <coordinates>28.99103617917791,41.10320495121659,0.0</coordinates>
                </Point>
            </Placemark>
            <Placemark id="2080">
                <name>Cevahir </name>
                <description>
                category  : Buy &lt;br&gt;
                address  :   &lt;br&gt;
                url  : http://www.istanbulcevahir.com/en-EN/en_KatPlanlari.aspx?kat &lt;br&gt;
                description  : The newest one of malls in Istanbul. At Şişli. Metro: Şişli-Mecidiyeköy. Also accessible from Mecidiyeköy Metrobus Station. &lt;br&gt;
                </description>
                <styleUrl>#166</styleUrl>
                <Point id="2079">
                    <coordinates>28.993056,41.062778,0.0</coordinates>
                </Point>
            </Placemark>
            <Placemark id="2082">
                <name>Profilo </name>
                <description>
                category  : Buy &lt;br&gt;
                address  :   &lt;br&gt;
                url  : http://www.pam.com.tr  &lt;br&gt;
                description  : Located a bit away from main street (about 10 min walk) at Mecidiyeköy. Metro: Şişli-Mecidiyeköy. Also accessible from Mecidiyeköy Metrobus Station. &lt;br&gt;
                </description>
                <styleUrl>#166</styleUrl>
                <Point id="2081">
                    <coordinates>29.001944,41.070278,0.0</coordinates>
                </Point>
            </Placemark>
            <Placemark id="2084">
                <name>Metrocity </name>
                <description>
                category  : Buy &lt;br&gt;
                address  :   &lt;br&gt;
                url  : http://www.metrocity.com.tr/  &lt;br&gt;
                description  : Levent metro station has a direct exit to the mall. &lt;br&gt;
                </description>
                <styleUrl>#166</styleUrl>
                <Point id="2083">
                    <coordinates>29.013,41.0762,0.0</coordinates>
                </Point>
            </Placemark>
            <Placemark id="2086">
                <name>Kanyon </name>
                <description>
                category  : Buy &lt;br&gt;
                address  :   &lt;br&gt;
                url  : http://www.kanyon.com.tr/  &lt;br&gt;
                description  : one of the most exclusive shopping malls in Istanbul with sophisticated, modernistic architecture, has a conncection to Levent subway station and to Metrocity by an underground passage. &lt;br&gt;
                </description>
                <styleUrl>#166</styleUrl>
                <Point id="2085">
                    <coordinates>29.011111,41.078333,0.0</coordinates>
                </Point>
            </Placemark>
            <Placemark id="2088">
                <name>Kristal Ocakbaşı </name>
                <description>
                category  : Eat_Mid-range &lt;br&gt;
                address  : Eşref Efendi Sokak 14  &lt;br&gt;
                url  :   &lt;br&gt;
                description  : Classic Turkish steak-house. &lt;br&gt;
                </description>
                <styleUrl>#86</styleUrl>
                <Point id="2087">
                    <coordinates>28.9864223,41.052274,0.0</coordinates>
                </Point>
            </Placemark>
            <Placemark id="2090">
                <name>Maslak </name>
                <description>
                category  : Eat_Splurge &lt;br&gt;
                address  :   &lt;br&gt;
                url  :   &lt;br&gt;
                description  : A neighborhood with dozens of luxury eateries, both in local and international fashion. &lt;br&gt;
                </description>
                <styleUrl>#90</styleUrl>
                <Point id="2089">
                    <coordinates>29.02009,41.11236,0.0</coordinates>
                </Point>
            </Placemark>
            <Placemark id="2092">
                <name>Levent </name>
                <description>
                category  : Drink &lt;br&gt;
                address  :   &lt;br&gt;
                url  :   &lt;br&gt;
                description  : A neighborhood which is just across the Sapphire of Istanbul and hosts nice bars. &lt;br&gt;
                </description>
                <styleUrl>#58</styleUrl>
                <Point id="2091">
                    <coordinates>29.00826,41.08575,0.0</coordinates>
                </Point>
            </Placemark>
            <Placemark id="2094">
                <name>--</name>
                <description>
                category  : Drink &lt;br&gt;
                address  :  &lt;br&gt;
                url  :  &lt;br&gt;
                description  :  &lt;br&gt;
                </description>
                <styleUrl>#58</styleUrl>
                <Point id="2093">
                    <coordinates>29.0625134,41.0058083,0.0</coordinates>
                </Point>
            </Placemark>
            <Placemark id="2096">
                <name>Jazz Hotel </name>
                <description>
                category  : Sleep_Mid-range &lt;br&gt;
                address  : Bahtiyar Sk 1, Nişantaşı  &lt;br&gt;
                url  : http://www.jazzhotel.com.tr  &lt;br&gt;
                description  : 3-star jazz-themed hotel with 12 rooms named after famous jazz artists. Free wi-fi and breakfast. &lt;br&gt;
                </description>
                <styleUrl>#102</styleUrl>
                <Point id="2095">
                    <coordinates>28.9891853,41.0515732,0.0</coordinates>
                </Point>
            </Placemark>
            <Placemark id="2098">
                <name>Arts Hotel </name>
                <description>
                category  : Sleep_Mid-range &lt;br&gt;
                address  :   &lt;br&gt;
                url  : http://www.artshotelistanbul.com/  &lt;br&gt;
                description  : Modern and elegant hotel. &lt;br&gt;
                </description>
                <styleUrl>#102</styleUrl>
                <Point id="2097">
                    <coordinates>28.9872674,41.0484882,0.0</coordinates>
                </Point>
            </Placemark>
            <Placemark id="2100">
                <name>Grand Hyatt Istanbul </name>
                <description>
                category  : Sleep_Splurge &lt;br&gt;
                address  : Taşkışla Cd, Taksim  &lt;br&gt;
                url  : https://istanbul.grand.hyatt.com/  &lt;br&gt;
                description  : 5-star with 360 rooms and suites overlooking the city and the Bosphorus. Hotel has formal dining, outdoor pool, Turkish bath, fitness center and business center. &lt;br&gt;
                </description>
                <styleUrl>#106</styleUrl>
                <Point id="2099">
                    <coordinates>28.9882748,41.0406321,0.0</coordinates>
                </Point>
            </Placemark>
            <Placemark id="2102">
                <name>Hilton Istanbul Bosphorus </name>
                <description>
                category  : Sleep_Splurge &lt;br&gt;
                address  : Cumhuriyet Cd 50, Harbiye  &lt;br&gt;
                url  : http://www.istanbul.hilton.com  &lt;br&gt;
                description  : Family-friendly hotel offers a business center, child-friendly restaurants, fitness facilities with massage parlour, pool and Turkish baths. Rooms have private balconies with views of the Bosphorus and high speed internet access. Opened to service in 1955, this has the distinction of being the oldest Hilton outside the US. &lt;br&gt;
                </description>
                <styleUrl>#106</styleUrl>
                <Point id="2101">
                    <coordinates>28.98937,41.04477,0.0</coordinates>
                </Point>
            </Placemark>
            <Placemark id="2104">
                <name>Park Hyatt Istanbul - Maçka Palas </name>
                <description>
                category  : Sleep_Splurge &lt;br&gt;
                address  : Teşvikiye, Bronz Sk 4, Şişli  &lt;br&gt;
                url  : https://istanbul.park.hyatt.com/  &lt;br&gt;
                description  : 5-star hotel in the residential and shopping district of Nisantasi. Rooms have wi-fi and combine Art Deco style and historic Turkish decor. The hotel also has a spa, swimming pool and restaurants. &lt;br&gt;
                </description>
                <styleUrl>#106</styleUrl>
                <Point id="2103">
                    <coordinates>28.993587,41.047355,0.0</coordinates>
                </Point>
            </Placemark>
            <Placemark id="2106">
                <name>Ritz-Carlton </name>
                <description>
                category  : Sleep_Splurge &lt;br&gt;
                address  : Süzer Plaza, Askerocağı Cd 15, Elmadağ  &lt;br&gt;
                url  : http://www.RitzCarlton.com/Istanbul  &lt;br&gt;
                description  : Standing tall near the Bosphorus, this 5-star hotel overlooks the Bosphorus and Dolmabahce Palace. &lt;br&gt;
                </description>
                <styleUrl>#106</styleUrl>
                <Point id="2105">
                    <coordinates>28.99217,41.04007,0.0</coordinates>
                </Point>
            </Placemark>
            <Placemark id="2108">
                <name>Esenler Bus Terminal </name>
                <description>
                category  : Get in_By bus &lt;br&gt;
                address  :   &lt;br&gt;
                url  :   &lt;br&gt;
                description  : Buses from Europe, Thrace and Gallipoli terminate here. &lt;br&gt;
                </description>
                <styleUrl>#142</styleUrl>
                <Point id="2107">
                    <coordinates>28.894419,41.0402173,0.0</coordinates>
                </Point>
            </Placemark>
            <Placemark id="2110">
                <name>Yeşilköy </name>
                <description>
                category  : See &lt;br&gt;
                address  :   &lt;br&gt;
                url  :   &lt;br&gt;
                description  : A mostly upscale suburb on the coast of the Sea of Marmara, just south of the former airport. It was a multicultural village during the Ottoman period — the legacy of which still lives on in numerous churches of different Christian denominations dotting its streets — and later a seaside resort. Town centre has colourful wooden houses with highly decorative exteriors from the turn of the 20th century, especially around the railway station (itself a historic building) and the main street leading to it (which has many restaurants and cafes.) One mansion was where the Treaty of San Stefano was signed in 1878, ending the war with Russia — the frontline had extended this close to Constantinople. Town's main sights are the Aviation Museum and Istanbul Aquarium (not related to Sea Life). Get here on the Marmaray. Traffic in Yeşilköy is often congested, and parking is very hard to find. &lt;br&gt;
                </description>
                <styleUrl>#110</styleUrl>
                <Point id="2109">
                    <coordinates>28.824,40.96,0.0</coordinates>
                </Point>
            </Placemark>
            <Placemark id="2112">
                <name>Sea Life Istanbul </name>
                <description>
                category  : See &lt;br&gt;
                address  : Forum İstanbul 3, Kocatepe  &lt;br&gt;
                url  : https://www.visitsealife.com/istanbul/en/  &lt;br&gt;
                description  : Aquarium where you walk through transparent tunnels underwater. It's small compared to Istanbul Aquarium in Yeşilköy, an hour will be plenty, and their combi-tickets with [[Istanbul/Galata#Q110538685 &lt;br&gt;
                </description>
                <styleUrl>#110</styleUrl>
                <Point id="2111">
                    <coordinates>28.8963,41.0456,0.0</coordinates>
                </Point>
            </Placemark>
            <Placemark id="2114">
                <name>Aviation Museum </name>
                <description>
                category  : See &lt;br&gt;
                address  : Eski Havalimanı Cd, Yeşilköy  &lt;br&gt;
                url  : https://istanbulhavamuze.hvkk.tsk.tr/  &lt;br&gt;
                description  : A military-based museum with various warplanes, helicopters, and weapons used by Turkish Air Force, and also civilian air transport and examples of Turkish aeronautics from Ottoman era onward. &lt;br&gt;
                </description>
                <styleUrl>#110</styleUrl>
                <Point id="2113">
                    <coordinates>28.825765,40.963862,0.0</coordinates>
                </Point>
            </Placemark>
            <Placemark id="2116">
                <name>Veliefendi Hippodrom </name>
                <description>
                category  : Do &lt;br&gt;
                address  : Osmaniye, Ekrem Kurt Blv, Bakırköy  &lt;br&gt;
                url  :   &lt;br&gt;
                description  :  &lt;br&gt;
                </description>
                <styleUrl>#150</styleUrl>
                <Point id="2115">
                    <coordinates>28.888412,40.987288,0.0</coordinates>
                </Point>
            </Placemark>
            <Placemark id="2118">
                <name>Yeşilköy (Green Village) Market </name>
                <description>
                category  : Buy_Bazaars &lt;br&gt;
                address  :   &lt;br&gt;
                url  :   &lt;br&gt;
                description  : Far less chaotic market in the west with about 2,000 stalls to be explored. &lt;br&gt;
                </description>
                <styleUrl>#166</styleUrl>
                <Point id="2117">
                    <coordinates>28.812531,40.962923,0.0</coordinates>
                </Point>
            </Placemark>
            <Placemark id="2120">
                <name>Galleria </name>
                <description>
                category  : Buy_Shops &lt;br&gt;
                address  : Ataköy  &lt;br&gt;
                url  : https://www.galleria.com.tr/  &lt;br&gt;
                description  : The first modern shopping mall of Turkey, opened in the 1980s. &lt;br&gt;
                </description>
                <styleUrl>#166</styleUrl>
                <Point id="2119">
                    <coordinates>28.869722,40.974444,0.0</coordinates>
                </Point>
            </Placemark>
            <Placemark id="2122">
                <name>Forum Istanbul </name>
                <description>
                category  : Buy_Shops &lt;br&gt;
                address  : Kocatepe, Bayrampaşa  &lt;br&gt;
                url  :   &lt;br&gt;
                description  :  &lt;br&gt;
                </description>
                <styleUrl>#166</styleUrl>
                <Point id="2121">
                    <coordinates>28.896501,41.046402,0.0</coordinates>
                </Point>
            </Placemark>
            <Placemark id="2124">
                <name>Carousel </name>
                <description>
                category  : Buy_Shops &lt;br&gt;
                address  : Halit Ziya Uşaklığil Cad. 1, Bakırköy  &lt;br&gt;
                url  : http://www.carousel.com.tr/  &lt;br&gt;
                description  : Shopping mall in Bakırköy. Another one called 'Capacity' is next door. &lt;br&gt;
                </description>
                <styleUrl>#166</styleUrl>
                <Point id="2123">
                    <coordinates>28.873889,40.978056,0.0</coordinates>
                </Point>
            </Placemark>
            <Placemark id="2126">
                <name>Yüksel Balık Lokantası </name>
                <description>
                category  : Eat_Splurge &lt;br&gt;
                address  : Liman Sk 3, Yeşilköy  &lt;br&gt;
                url  : http://www.yukselbalik.com/  &lt;br&gt;
                description  : Steep prices but great seafood. They'll advise on what is the best fish for the season and other dishes. &lt;br&gt;
                </description>
                <styleUrl>#90</styleUrl>
                <Point id="2125">
                    <coordinates>28.82129,40.95661,0.0</coordinates>
                </Point>
            </Placemark>
            <Placemark id="2128">
                <name>Mantar Ataköy </name>
                <description>
                category  : Drink &lt;br&gt;
                address  : Ataköy 2-5-6, Güney Çarşısı No:47, Bakırköy  &lt;br&gt;
                url  :   &lt;br&gt;
                description  :  &lt;br&gt;
                </description>
                <styleUrl>#58</styleUrl>
                <Point id="2127">
                    <coordinates>28.854258,40.979562,0.0</coordinates>
                </Point>
            </Placemark>
            <Placemark id="2130">
                <name>Hyatt Regency Istanbul Ataköy </name>
                <description>
                category  : Sleep &lt;br&gt;
                address  : Ataköy 2-5-6. Kısım, Rauf Orbay Caddesi, Kennedy Cad. No:2/1, Bakırköy  &lt;br&gt;
                url  :   &lt;br&gt;
                description  :  &lt;br&gt;
                </description>
                <styleUrl>#94</styleUrl>
                <Point id="2129">
                    <coordinates>28.855398,40.975507,0.0</coordinates>
                </Point>
            </Placemark>
            <Placemark id="2132">
                <name>Radisson Blu Hotel, Istanbul Ottomare </name>
                <description>
                category  : Sleep &lt;br&gt;
                address  : Ataköy 2-5-6. Kısım, Rauf Orbay Caddesi, Kennedy Cad. No:2/1, Bakırköy  &lt;br&gt;
                url  :   &lt;br&gt;
                description  :  &lt;br&gt;
                </description>
                <styleUrl>#94</styleUrl>
                <Point id="2131">
                    <coordinates>28.897488,40.981105,0.0</coordinates>
                </Point>
            </Placemark>
            <Placemark id="2134">
                <name>Istanbul/Bosphorus</name>
                <description>
                category  : See &lt;br&gt;
                address  :  &lt;br&gt;
                url  :  &lt;br&gt;
                description  : There's a string of '''small resorts and beaches''' along the Black Sea coast. Those furthest east, Rumelifeneri and Kilyos, are described under Istanbul/Bosphorus. These continue west along the coast to Arnavutköy. This formerly quiet area (not to be confused with the downtown district of the same name) now hosts Istanbul's new airport, so it's likely to become rapidly industrialised. &lt;br&gt;
                </description>
                <styleUrl>#110</styleUrl>
                <Point id="2133">
                    <coordinates>29.0718601,41.1125259,0.0</coordinates>
                </Point>
            </Placemark>
            <Placemark id="2136">
                <name>Eastern Thrace</name>
                <description>
                category  : Go next &lt;br&gt;
                address  :  &lt;br&gt;
                url  :  &lt;br&gt;
                description  : Regional transport runs into Eastern Thrace, notably Saray, Vize, and Kıyıköy on the Black Sea coast. &lt;br&gt;
                </description>
                <styleUrl>#170</styleUrl>
                <Point id="2135">
                    <coordinates>25.1056763,41.1007876,0.0</coordinates>
                </Point>
            </Placemark>
            <Placemark id="2138">
                <name>Tekirdağ</name>
                <description>
                category  : Go next &lt;br&gt;
                address  :  &lt;br&gt;
                url  :  &lt;br&gt;
                description  : Tekirdağ – The provincial capital to the west, a large coastal town noted for its meatballs and ''rakı''. &lt;br&gt;
                </description>
                <styleUrl>#170</styleUrl>
                <Point id="2137">
                    <coordinates>27.4102013,41.0731403,0.0</coordinates>
                </Point>
            </Placemark>
            <Placemark id="2140">
                <name>Keşan</name>
                <description>
                category  : Go next &lt;br&gt;
                address  :  &lt;br&gt;
                url  :  &lt;br&gt;
                description  : Keşan – West of Tekirdağ. Either carry on west to the Greek border, or turn south down the Gallipoli peninsula. &lt;br&gt;
                </description>
                <styleUrl>#170</styleUrl>
                <Point id="2139">
                    <coordinates>26.6303057,40.8548793,0.0</coordinates>
                </Point>
            </Placemark>
            <Placemark id="2142">
                <name>Kuzguncuk Pier </name>
                <description>
                category  : Get in_By boat &lt;br&gt;
                address  :   &lt;br&gt;
                url  :   &lt;br&gt;
                description  :  &lt;br&gt;
                </description>
                <styleUrl>#146</styleUrl>
                <Point id="2141">
                    <coordinates>29.02975989893084,41.03680633214607,0.0</coordinates>
                </Point>
            </Placemark>
            <Placemark id="2144">
                <name>Beylerbeyi Pier </name>
                <description>
                category  : Get in_By boat &lt;br&gt;
                address  :   &lt;br&gt;
                url  :   &lt;br&gt;
                description  :  &lt;br&gt;
                </description>
                <styleUrl>#146</styleUrl>
                <Point id="2143">
                    <coordinates>29.044588485037988,41.04499349963253,0.0</coordinates>
                </Point>
            </Placemark>
            <Placemark id="2146">
                <name>Çengelköy Pier </name>
                <description>
                category  : Get in_By boat &lt;br&gt;
                address  :   &lt;br&gt;
                url  :   &lt;br&gt;
                description  :  &lt;br&gt;
                </description>
                <styleUrl>#146</styleUrl>
                <Point id="2145">
                    <coordinates>29.051526168625074,41.05104543443838,0.0</coordinates>
                </Point>
            </Placemark>
            <Placemark id="2148">
                <name>Kandilli Pier </name>
                <description>
                category  : Get in_By boat &lt;br&gt;
                address  :   &lt;br&gt;
                url  :   &lt;br&gt;
                description  :  &lt;br&gt;
                </description>
                <styleUrl>#146</styleUrl>
                <Point id="2147">
                    <coordinates>29.058314265620524,41.0744492812451,0.0</coordinates>
                </Point>
            </Placemark>
            <Placemark id="2150">
                <name>Anadolu Hisarı Pier </name>
                <description>
                category  : Get in_By boat &lt;br&gt;
                address  :   &lt;br&gt;
                url  :   &lt;br&gt;
                description  :  &lt;br&gt;
                </description>
                <styleUrl>#146</styleUrl>
                <Point id="2149">
                    <coordinates>29.066713201928426,41.08326518533331,0.0</coordinates>
                </Point>
            </Placemark>
            <Placemark id="2152">
                <name>Kanlıca Pier </name>
                <description>
                category  : Get in_By boat &lt;br&gt;
                address  :   &lt;br&gt;
                url  :   &lt;br&gt;
                description  :  &lt;br&gt;
                </description>
                <styleUrl>#146</styleUrl>
                <Point id="2151">
                    <coordinates>29.065386028194286,41.100207222061435,0.0</coordinates>
                </Point>
            </Placemark>
            <Placemark id="2154">
                <name>Çubuklu Pier </name>
                <description>
                category  : Get in_By boat &lt;br&gt;
                address  :   &lt;br&gt;
                url  :   &lt;br&gt;
                description  :  &lt;br&gt;
                </description>
                <styleUrl>#146</styleUrl>
                <Point id="2153">
                    <coordinates>29.08040566256635,41.107287461956076,0.0</coordinates>
                </Point>
            </Placemark>
            <Placemark id="2156">
                <name>Maiden's Tower </name>
                <description>
                category  : See &lt;br&gt;
                address  : off Salacak  &lt;br&gt;
                url  : https://kizkulesi.gov.tr/en/  &lt;br&gt;
                description  : One of the icons of the city is also called the '''Leander's Tower''', on a Bosphorus islet off Salacak. The local myth ascribes its name to a princess, whose father wanted to protect her in this offshore tower from a prophecy that she would be killed by a snakebite on her birthday, but the snake found its way inside a basket of fruits — ironically a birthday present from her father — and you've probably already guessed the rest of the story. In actual timeline, it served as a defensive structure (there was a wall connecting it to the Asian mainland, and the Byzantines used to stretch a chain from here to the European mainland across the mouth of the Bosphorus to shut it to adversary shipping in times of conflict, but they didn't during the final Ottoman siege in 1453), as a customs and quarantine station, as a lighthouse, as a warehouse of various sorts of goods, and as a high-end restaurant before the last restoration finished in 2023 dedicated it as a museum. There is a light show viewable from the mainland every day at 21:00. &lt;br&gt;
                </description>
                <styleUrl>#110</styleUrl>
                <Point id="2155">
                    <coordinates>29.004167,41.021111,0.0</coordinates>
                </Point>
            </Placemark>
            <Placemark id="2158">
                <name>Selimiye Barracks </name>
                <description>
                category  : See &lt;br&gt;
                address  :   &lt;br&gt;
                url  :   &lt;br&gt;
                description  : Also Florence Nightingale Museum. &lt;br&gt;
                </description>
                <styleUrl>#110</styleUrl>
                <Point id="2157">
                    <coordinates>29.016324794857535,41.00787694445489,0.0</coordinates>
                </Point>
            </Placemark>
            <Placemark id="2160">
                <name>Kuzguncuk </name>
                <description>
                category  : See &lt;br&gt;
                address  :   &lt;br&gt;
                url  :   &lt;br&gt;
                description  : This attractive neighbourhood was home to a large Christian and Jewish population until some decades ago and still has a number of sights like two synagogues, some churches among which the Armenian Surp Krikor Lusavoriç, dozens of wooden houses and a Jewish and Christian cemetery. &lt;br&gt;
                </description>
                <styleUrl>#110</styleUrl>
                <Point id="2159">
                    <coordinates>29.029722,41.036667,0.0</coordinates>
                </Point>
            </Placemark>
            <Placemark id="2162">
                <name>Beylerbeyi </name>
                <description>
                category  : See &lt;br&gt;
                address  :   &lt;br&gt;
                url  :   &lt;br&gt;
                description  : is a small port with a popular fishing dock. There are many restaurants: those on the port-side serve alcohol and are moderately expensive, those down the side-streets are cheaper. Notable buildings include the 18th-century Hamid-i Evvel mosque, and the 19th-century highway tunnel (which is closed as of Dec 2018). But the standout attraction is the palace. &lt;br&gt;
                </description>
                <styleUrl>#110</styleUrl>
                <Point id="2161">
                    <coordinates>29.045,41.045,0.0</coordinates>
                </Point>
            </Placemark>
            <Placemark id="2164">
                <name>Çengelköy </name>
                <description>
                category  : See &lt;br&gt;
                address  :   &lt;br&gt;
                url  :   &lt;br&gt;
                description  : About 15 minutes walking north of Beylerbeyi lies the historical fishing village Çengelköy. Its long history is attested by an 800-year-old sycamore tree on one of the two main terraced squares, and the Byzantine Aya Yorgi church. The restaurants and piers of Çengelköy offer some of the best panoramas along the Bosphorus, including a view on the old city under the first bridge. The neighborhood was popular amongst TV directors during the 1970s and it has become a (possibly the most) popular location to have lunch or dinner on the eastern side of Istanbul. Many historic mansions have been restored and multiple boutique chocolatiers were opened. Most restaurants in Çengelköy don't offer alcoholic beverages. Exceptions include the restaurant at the main pier (Iskele), and Tapasuma, the restaurant of hotel 'Sumahan on the Water', located in a former Ottoman Raki distillery. You can get there by taking bus 15 or 15F from Üsküdar, it is just a few stops further than Beylerbeyi. Going to Çengelköy by car is not advised; traffic can be very intense on the narrow road along this side of the Bosphorus. &lt;br&gt;
                </description>
                <styleUrl>#110</styleUrl>
                <Point id="2163">
                    <coordinates>29.0538,41.0507,0.0</coordinates>
                </Point>
            </Placemark>
            <Placemark id="2166">
                <name>Kuleli Military Academy </name>
                <description>
                category  : See &lt;br&gt;
                address  :   &lt;br&gt;
                url  :   &lt;br&gt;
                description  : One of the oldest functioning academies. &lt;br&gt;
                </description>
                <styleUrl>#110</styleUrl>
                <Point id="2165">
                    <coordinates>29.054084493527156,41.05850291892891,0.0</coordinates>
                </Point>
            </Placemark>
            <Placemark id="2168">
                <name>Çamlıca Hill </name>
                <description>
                category  : See &lt;br&gt;
                address  :   &lt;br&gt;
                url  :   &lt;br&gt;
                description  : One of the highest hills of Istanbul, at 288 m asl. Since it dominates a great part of the city, it is the site of [https://camlicakule.istanbul/ Çamlıca Tower], a 2021-built telecommunications tower and the highest structure of Istanbul, with observation decks (daily 10:00-22:00, 450 TL, discount for domestic visitors). The rest of the summit is a public park dotted by cafes with an Ottoman-themed decor. The park is sponsored by the government, so expect lower prices on food and drink than usual. The cafe in a building at the very top of the hill is moderately expensive, but you'll get excellent food and service. &lt;br&gt;
                </description>
                <styleUrl>#110</styleUrl>
                <Point id="2167">
                    <coordinates>29.06837,41.02752,0.0</coordinates>
                </Point>
            </Placemark>
            <Placemark id="2170">
                <name>Anadolu Citadel </name>
                <description>
                category  : See &lt;br&gt;
                address  :   &lt;br&gt;
                url  :   &lt;br&gt;
                description  : A medieval citadel on the Bosphorus at the mouth of the Göksu creek. It was built in the late 14th century to control (polite word for &quot;choke off&quot;) shipping along the Bosphorus, which narrows to 660 m at this point. It worked in tandem with Rumeli Citadel, built some 50 years later on the European bank. It fell into disrepair but was restored in the 1990s. You can't go in, but it's a pleasant setting; the entire village is named Anadolu Hisarı after the fort and has many traditional wooden houses (''yalı''). Ferries along the Bosphorus call here. &lt;br&gt;
                </description>
                <styleUrl>#110</styleUrl>
                <Point id="2169">
                    <coordinates>29.067,41.082,0.0</coordinates>
                </Point>
            </Placemark>
            <Placemark id="2172">
                <name>Küçüksu Palace </name>
                <description>
                category  : See &lt;br&gt;
                address  :   &lt;br&gt;
                url  : https://www.millisaraylar.gov.tr/kasirlar/kucuksu-kasri  &lt;br&gt;
                description  : If you are already in the area, it's worth considering to visit this waterside neo-Baroque manor, built in the 19th century for the countryside and hunting excursions of the Ottoman dynasty. The area, where the Göksu River flows into the Bosphorus, was known as &quot;the Sweet Waters of Asia&quot; by the pioneer European travellers of the epoch (as opposed to &quot;[[Istanbul/Golden Horn#History &lt;br&gt;
                </description>
                <styleUrl>#110</styleUrl>
                <Point id="2171">
                    <coordinates>29.0648834,41.0784102,0.0</coordinates>
                </Point>
            </Placemark>
            <Placemark id="2174">
                <name>IMOGA Graphic Arts Museum </name>
                <description>
                category  : See &lt;br&gt;
                address  :   &lt;br&gt;
                url  :   &lt;br&gt;
                description  :  &lt;br&gt;
                </description>
                <styleUrl>#110</styleUrl>
                <Point id="2173">
                    <coordinates>29.065380949161934,41.00384330327569,0.0</coordinates>
                </Point>
            </Placemark>
            <Placemark id="2176">
                <name>Emaar Square </name>
                <description>
                category  : Do &lt;br&gt;
                address  :   &lt;br&gt;
                url  :   &lt;br&gt;
                description  : Complex with a shopping centre, a skydeck and an aquarium. &lt;br&gt;
                </description>
                <styleUrl>#150</styleUrl>
                <Point id="2175">
                    <coordinates>29.07073600249444,41.00319604666837,0.0</coordinates>
                </Point>
            </Placemark>
            <Placemark id="2178">
                <name>Tarihi Çinili Hamamı </name>
                <description>
                category  : Do &lt;br&gt;
                address  : Çavuşdere Cd 204, Selamsız-Üsküdar  &lt;br&gt;
                url  : https://www.cinilihamam.com/en/  &lt;br&gt;
                description  : Turkish bath cheaper than the more touristy ones in the European side. &lt;br&gt;
                </description>
                <styleUrl>#150</styleUrl>
                <Point id="2177">
                    <coordinates>29.02819,41.01983,0.0</coordinates>
                </Point>
            </Placemark>
            <Placemark id="2180">
                <name>Üsküdar Musical Society </name>
                <description>
                category  : Do &lt;br&gt;
                address  : Halk Cd Emin Ongan Sk 10, Üsküdar  &lt;br&gt;
                url  : http://www.uskudarmusikicemiyeti.com/  &lt;br&gt;
                description  : Founded in 1918, the society is often considered the most respected of the social clubs offering classes in the classical Ottoman music, and catching up with their frequent public concerts is certainly a good way of entering the vast world of this genre. &lt;br&gt;
                </description>
                <styleUrl>#150</styleUrl>
                <Point id="2179">
                    <coordinates>29.0156,41.01993,0.0</coordinates>
                </Point>
            </Placemark>
            <Placemark id="2182">
                <name>Nakkaştepe </name>
                <description>
                category  : Do &lt;br&gt;
                address  :   &lt;br&gt;
                url  :   &lt;br&gt;
                description  : A park right next to the Bosphorus Bridge. Comes with an unforgettable zipline experience. &lt;br&gt;
                </description>
                <styleUrl>#150</styleUrl>
                <Point id="2181">
                    <coordinates>29.038878945227427,41.03628474825521,0.0</coordinates>
                </Point>
            </Placemark>
            <Placemark id="2184">
                <name>Hıdiv Kasrı </name>
                <description>
                category  : Do &lt;br&gt;
                address  :   &lt;br&gt;
                url  :   &lt;br&gt;
                description  :  &lt;br&gt;
                </description>
                <styleUrl>#150</styleUrl>
                <Point id="2183">
                    <coordinates>29.076661565486837,41.104399760308596,0.0</coordinates>
                </Point>
            </Placemark>
            <Placemark id="2186">
                <name>Validebağ Park </name>
                <description>
                category  : Do &lt;br&gt;
                address  :   &lt;br&gt;
                url  :   &lt;br&gt;
                description  : Also Sultan Abdülaziz Hunting Lodge and Hababam Museum. &lt;br&gt;
                </description>
                <styleUrl>#150</styleUrl>
                <Point id="2185">
                    <coordinates>29.046002609157622,41.0149801765653,0.0</coordinates>
                </Point>
            </Placemark>
            <Placemark id="2188">
                <name>Çubuklu Silos </name>
                <description>
                category  : Do &lt;br&gt;
                address  :   &lt;br&gt;
                url  :   &lt;br&gt;
                description  :  &lt;br&gt;
                </description>
                <styleUrl>#150</styleUrl>
                <Point id="2187">
                    <coordinates>29.08270783046593,41.108291874894185,0.0</coordinates>
                </Point>
            </Placemark>
            <Placemark id="2190">
                <name>Nevçarşı </name>
                <description>
                category  : Buy &lt;br&gt;
                address  :   &lt;br&gt;
                url  :   &lt;br&gt;
                description  :  &lt;br&gt;
                </description>
                <styleUrl>#166</styleUrl>
                <Point id="2189">
                    <coordinates>29.02050619502143,41.02057420764948,0.0</coordinates>
                </Point>
            </Placemark>
            <Placemark id="2192">
                <name>Capitol </name>
                <description>
                category  : Buy &lt;br&gt;
                address  :   &lt;br&gt;
                url  :   &lt;br&gt;
                description  :  &lt;br&gt;
                </description>
                <styleUrl>#166</styleUrl>
                <Point id="2191">
                    <coordinates>29.038935951990947,41.02097422722374,0.0</coordinates>
                </Point>
            </Placemark>
            <Placemark id="2194">
                <name>Akasya </name>
                <description>
                category  : Buy &lt;br&gt;
                address  :   &lt;br&gt;
                url  :   &lt;br&gt;
                description  :  &lt;br&gt;
                </description>
                <styleUrl>#166</styleUrl>
                <Point id="2193">
                    <coordinates>29.054532965991395,41.002178999840325,0.0</coordinates>
                </Point>
            </Placemark>
            <Placemark id="2196">
                <name>İmren Restaurant </name>
                <description>
                category  : Eat_Mid-range &lt;br&gt;
                address  : Validei Atik mah, Miroğlu Sk. 10/A, 34664 Üsküdar  &lt;br&gt;
                url  :   &lt;br&gt;
                description  : Serves traditional Turkish food. You could try kelle paca soup or doner here. &lt;br&gt;
                </description>
                <styleUrl>#86</styleUrl>
                <Point id="2195">
                    <coordinates>29.03078,41.02024,0.0</coordinates>
                </Point>
            </Placemark>
            <Placemark id="2198">
                <name>Mercure Istanbul Altunizade </name>
                <description>
                category  : Sleep &lt;br&gt;
                address  :   &lt;br&gt;
                url  :   &lt;br&gt;
                description  :  &lt;br&gt;
                </description>
                <styleUrl>#94</styleUrl>
                <Point id="2197">
                    <coordinates>29.041447933075045,41.02506506874059,0.0</coordinates>
                </Point>
            </Placemark>
            <Placemark id="2200">
                <name>Vakko Hotel Sumahan Bosphorus </name>
                <description>
                category  : Sleep &lt;br&gt;
                address  :   &lt;br&gt;
                url  :   &lt;br&gt;
                description  :  &lt;br&gt;
                </description>
                <styleUrl>#94</styleUrl>
                <Point id="2199">
                    <coordinates>29.05195715520488,41.053887273093046,0.0</coordinates>
                </Point>
            </Placemark>
            <Placemark id="2202">
                <name>Limak Eurasia Luxury Hotel </name>
                <description>
                category  : Sleep &lt;br&gt;
                address  :   &lt;br&gt;
                url  :   &lt;br&gt;
                description  :  &lt;br&gt;
                </description>
                <styleUrl>#94</styleUrl>
                <Point id="2201">
                    <coordinates>29.097534930688383,41.091869339677615,0.0</coordinates>
                </Point>
            </Placemark>
            <Placemark id="2204">
                <name>Kınalıada </name>
                <description>
                category  : Do &lt;br&gt;
                address  :   &lt;br&gt;
                url  :   &lt;br&gt;
                description  : This was the island most used as a place of exile in Byzantine times (the most notable exile being the former emperors Romanos I Lekapenos from 944, and Romanos IV Diogenes. Christos Greek Monastery and the Ada Public Beach are noteworthy sites. &lt;br&gt;
                </description>
                <styleUrl>#150</styleUrl>
                <Point id="2203">
                    <coordinates>29.049983158322245,40.90990059275762,0.0</coordinates>
                </Point>
            </Placemark>
            <Placemark id="2206">
                <name>Eyüp Pier </name>
                <description>
                category  : Get in &lt;br&gt;
                address  :   &lt;br&gt;
                url  :   &lt;br&gt;
                description  :  &lt;br&gt;
                </description>
                <styleUrl>#38</styleUrl>
                <Point id="2205">
                    <coordinates>28.937818659824785,41.046849716992185,0.0</coordinates>
                </Point>
            </Placemark>
            <Placemark id="2208">
                <name>Eyüp Mosque Complex </name>
                <description>
                category  : See &lt;br&gt;
                address  : Eyüp  &lt;br&gt;
                url  :   &lt;br&gt;
                description  : This is the main attraction around this part of the city. The holiest Islamic shrine in the city, the complex includes, right next to the mosque, the tomb of Abu Ayyub al-Ansari (''Eyüp Ensari Türbesi''), the standard bearer of Prophet Mohammad, died and buried here during the first Muslim siege of Constantinople (674-678 AD). The neighbourhood was named after him. Muslims flock here (in such huge numbers that sometimes you have to queue for a few minutes before entering the tomb) also to see a rather uninteresting plaque made of plastic, which is purported to be Mohammad's footprint. The interior of the tomb, covered with fine tiles/faience, is nonetheless well worth a look, however. It is also interesting to see the devout Muslims leaving the place by walking backwards through its exit hallway, as not to turn their backs to al-Ansari's catafalque, though obviously no one expects everyone to quit the place in the same manner. &lt;br&gt;
                </description>
                <styleUrl>#110</styleUrl>
                <Point id="2207">
                    <coordinates>28.933786,41.047947,0.0</coordinates>
                </Point>
            </Placemark>
            <Placemark id="2210">
                <name>Artistanbul Feshane </name>
                <description>
                category  : See &lt;br&gt;
                address  : Eski Feshane Cd, Eyüpsultan  &lt;br&gt;
                url  :   &lt;br&gt;
                description  : Feshane began as a factory producing '''fezzes''' (''fes''), the red hats made of felt adopted by the Ottomans in the early 19th century as a part of westernizing efforts in lieu of much more traditional turbans. However, the fez was scrapped in favour of western garments during Atatürk's reforms of the 1920s and 30s as it was thought to symbolize the old, decidedly oriental regime. A restoration in 1998 made it a cultural and exhibition center, and after another in 2023, it was reopened as a culture and art center under the name Artistanbul Feshane.&lt;!----&gt;[[File:Santralistanbul campus (9).jpg &lt;br&gt;
                </description>
                <styleUrl>#110</styleUrl>
                <Point id="2209">
                    <coordinates>28.93754,41.04405,0.0</coordinates>
                </Point>
            </Placemark>
            <Placemark id="2212">
                <name>Santral İstanbul </name>
                <description>
                category  : See &lt;br&gt;
                address  : Silahtar Mh Kazım Karabekir Cd 1, Eyüp  &lt;br&gt;
                url  : https://www.santralistanbul.org/en/  &lt;br&gt;
                description  : A contemporary art museum in a building converted from an old power plant: 1914-built and coal-fired, this was the oldest in Istanbul and the Ottoman Empire. Part of the plant was kept in almost exact original condition and now serves as the &quot;Energy Museum&quot;. &lt;br&gt;
                </description>
                <styleUrl>#110</styleUrl>
                <Point id="2211">
                    <coordinates>28.9461,41.0665,0.0</coordinates>
                </Point>
            </Placemark>
            <Placemark id="2214">
                <name>Bahariye Mevlevihanesi </name>
                <description>
                category  : See &lt;br&gt;
                address  :   &lt;br&gt;
                url  :   &lt;br&gt;
                description  :  &lt;br&gt;
                </description>
                <styleUrl>#110</styleUrl>
                <Point id="2213">
                    <coordinates>28.93938975827832,41.056008553904675,0.0</coordinates>
                </Point>
            </Placemark>
            <Placemark id="2216">
                <name>Cable car</name>
                <description>
                category  : Do &lt;br&gt;
                address  :   &lt;br&gt;
                url  :   &lt;br&gt;
                description  : Offers a very short ride (3 min) up the nearby hill. And it can get very crowded during summer. &lt;br&gt;
                </description>
                <styleUrl>#150</styleUrl>
                <Point id="2215">
                    <coordinates>28.93442,41.04975,0.0</coordinates>
                </Point>
            </Placemark>
            <Placemark id="2218">
                <name>Istanbul Dolphinarium </name>
                <description>
                category  : Do &lt;br&gt;
                address  : Silahtarağa Mh, Silahtarağa Cd. No:20  &lt;br&gt;
                url  :   &lt;br&gt;
                description  :  &lt;br&gt;
                </description>
                <styleUrl>#150</styleUrl>
                <Point id="2217">
                    <coordinates>28.943148848047958,41.061721962670426,0.0</coordinates>
                </Point>
            </Placemark>
            <Placemark id="2220">
                <name>Eyüpsultan Cultural Center </name>
                <description>
                category  : Do &lt;br&gt;
                address  : Merkez, Silahtarağa Cd. no:18  &lt;br&gt;
                url  :   &lt;br&gt;
                description  :  &lt;br&gt;
                </description>
                <styleUrl>#150</styleUrl>
                <Point id="2219">
                    <coordinates>28.944174089971483,41.06001522929036,0.0</coordinates>
                </Point>
            </Placemark>
            <Placemark id="2222">
                <name>Haliç Congess Center </name>
                <description>
                category  : Do &lt;br&gt;
                address  : Sütlüce, Karaağaç. Cad. No:48  &lt;br&gt;
                url  :   &lt;br&gt;
                description  :  &lt;br&gt;
                </description>
                <styleUrl>#150</styleUrl>
                <Point id="2221">
                    <coordinates>28.940413800907205,41.05025480686098,0.0</coordinates>
                </Point>
            </Placemark>
            <Placemark id="2224">
                <name>Rami Library </name>
                <description>
                category  : Do &lt;br&gt;
                address  : Yeni Rami Mahallesi, Rami Kışla Cd. 98/1  &lt;br&gt;
                url  :   &lt;br&gt;
                description  : 19th century barracks serving as municipality library. &lt;br&gt;
                </description>
                <styleUrl>#150</styleUrl>
                <Point id="2223">
                    <coordinates>28.91629067919275,41.04973415128241,0.0</coordinates>
                </Point>
            </Placemark>
            <Placemark id="2226">
                <name>--</name>
                <description>
                category  : Buy &lt;br&gt;
                address  :  &lt;br&gt;
                url  :  &lt;br&gt;
                description  :  &lt;br&gt;
                </description>
                <styleUrl>#166</styleUrl>
                <Point id="2225">
                    <coordinates>28.9457854,41.0411549,0.0</coordinates>
                </Point>
            </Placemark>
            <Placemark id="2228">
                <name>Axis Istanbul </name>
                <description>
                category  : Buy &lt;br&gt;
                address  : Topçular, Osman Gazi Cd. No:2  &lt;br&gt;
                url  :   &lt;br&gt;
                description  :  &lt;br&gt;
                </description>
                <styleUrl>#166</styleUrl>
                <Point id="2227">
                    <coordinates>28.92157080326002,41.035881131496716,0.0</coordinates>
                </Point>
            </Placemark>
            <Placemark id="2230">
                <name>Akmanoğlu Fırını </name>
                <description>
                category  : Eat &lt;br&gt;
                address  :   &lt;br&gt;
                url  : http://www.akmanoglu.com.tr  &lt;br&gt;
                description  : This is the bakery where ''halka''s mentioned in the &quot;See&quot; section, as well as a number of other traditional cookies, both sweet and salty, are produced and sold. &lt;br&gt;
                </description>
                <styleUrl>#78</styleUrl>
                <Point id="2229">
                    <coordinates>28.932827,41.0475,0.0</coordinates>
                </Point>
            </Placemark>
            <Placemark id="2232">
                <name>La Mekan </name>
                <description>
                category  : Eat &lt;br&gt;
                address  : Emniyettepe, Mareşal Fevzi Çakmak Cd. No:60 D:1  &lt;br&gt;
                url  :   &lt;br&gt;
                description  : Also a grill restaurant next door, Çınaraltı. &lt;br&gt;
                </description>
                <styleUrl>#78</styleUrl>
                <Point id="2231">
                    <coordinates>28.94968493637677,41.07225473281501,0.0</coordinates>
                </Point>
            </Placemark>
            <Placemark id="2234">
                <name>Pierre Loti </name>
                <description>
                category  : Drink &lt;br&gt;
                address  :   &lt;br&gt;
                url  :   &lt;br&gt;
                description  : An open air café on a hill overlooking the Golden Horn in Eyüp. It’s rumored that the French writer the place is named after used to love visiting this café during his residence in Istanbul. The cable car up here offers some nice views. It’s also possible to walk uphill or to take a taxi. &lt;br&gt;
                </description>
                <styleUrl>#58</styleUrl>
                <Point id="2233">
                    <coordinates>28.93378,41.05416,0.0</coordinates>
                </Point>
            </Placemark>
            <Placemark id="2236">
                <name>Turquhouse Boutique Hotel </name>
                <description>
                category  : Sleep &lt;br&gt;
                address  : Merkez Mah. İdris Köşkü Caddesi, Eyüp  &lt;br&gt;
                url  : http://www.turquhouse.com/index2.asp  &lt;br&gt;
                description  : A boutique hotel housed in 7 separate buildings in the same yard. Rooms with en-suite bathrooms, air-con, satellite TV, and wireless internet access. &lt;br&gt;
                </description>
                <styleUrl>#94</styleUrl>
                <Point id="2235">
                    <coordinates>28.93337,41.05456,0.0</coordinates>
                </Point>
            </Placemark>
            <Placemark id="2238">
                <name>Hilton Garden Inn Istanbul Golden Horn Turkey </name>
                <description>
                category  : Sleep &lt;br&gt;
                address  :   &lt;br&gt;
                url  : https://www.hilton.com.tr/oteller/turkiye/istanbul/hilton-garden-inn-istanbul-golden-horn-turkey  &lt;br&gt;
                description  : Near the banks of the Horn. &lt;br&gt;
                </description>
                <styleUrl>#94</styleUrl>
                <Point id="2237">
                    <coordinates>28.949804,41.053868,0.0</coordinates>
                </Point>
            </Placemark>
            <Placemark id="2240">
                <name>Istanbul/Galata|Karaköy</name>
                <description>
                category  : Get in &lt;br&gt;
                address  :  &lt;br&gt;
                url  :  &lt;br&gt;
                description  : Kadıköy - Istanbul/Galata|Karaköy via Haydarpaşa &lt;br&gt;
                </description>
                <styleUrl>#38</styleUrl>
                <Point id="2239">
                    <coordinates>28.9751416,41.0240669,0.0</coordinates>
                </Point>
            </Placemark>
            <Placemark id="2242">
                <name>Istanbul/Bosphorus|Beşiktaş</name>
                <description>
                category  : Get in &lt;br&gt;
                address  :  &lt;br&gt;
                url  :  &lt;br&gt;
                description  : Kadıköy - Istanbul/Bosphorus|Beşiktaş &lt;br&gt;
                </description>
                <styleUrl>#38</styleUrl>
                <Point id="2241">
                    <coordinates>29.0094576,41.0471342,0.0</coordinates>
                </Point>
            </Placemark>
            <Placemark id="2244">
                <name>Bull Statue </name>
                <description>
                category  : See &lt;br&gt;
                address  :   &lt;br&gt;
                url  :   &lt;br&gt;
                description  : The bronze statue was made by famous-French sculptor Isidore Bonheur in 1864 and erected in a square in the French territory of Alsace-Lorraine commemorating the French victory against the Germans. However, several years later Alsace-Lorraine territory was taken by the Germans in the early 1870s and the statue was moved to the capital of the German Empire. During the First World War (1914-1918) the German Empire and Ottoman Empire were allies and German Kaiser Wilhelm II sent the Bull Statue to Ottoman general Enver Paşa as a gift in 1917. &lt;br&gt;
                </description>
                <styleUrl>#110</styleUrl>
                <Point id="2243">
                    <coordinates>29.02917,40.99045,0.0</coordinates>
                </Point>
            </Placemark>
            <Placemark id="2246">
                <name>Haydarpaşa Station </name>
                <description>
                category  : See &lt;br&gt;
                address  :   &lt;br&gt;
                url  :   &lt;br&gt;
                description  : Istanbul's Asia-side railway station nowadays under a renovation until the und of 2026. It was built by the Germans in 1908 in a distinctive Teutonic-castle style - to make an impact on travellers from Asia about to step into Europe, and a counterpoint to Sirkeci station on the European side which is modelled in Oriental style. There is an archaeological open-air museum right next to it. &lt;br&gt;
                </description>
                <styleUrl>#110</styleUrl>
                <Point id="2245">
                    <coordinates>29.018636,40.996228,0.0</coordinates>
                </Point>
            </Placemark>
            <Placemark id="2248">
                <name>Yeldeğirmeni </name>
                <description>
                category  : See &lt;br&gt;
                address  :   &lt;br&gt;
                url  :   &lt;br&gt;
                description  : Before the 1850s, this was a rural area with windmills giving its name. Later a massive Jewish settlement formed the roots of its urban fabric. In the following decades the population was further boosted by the Germans working in the construction of Haydarpaşa and it became one of the first quarters of Istanbul with apartment buildings; several beautiful historic buildings still dot the area. Today it's an artsy, bohemian neighbourhood with much street art and many [[murals]], and cafes lining its streets. &lt;br&gt;
                </description>
                <styleUrl>#110</styleUrl>
                <Point id="2247">
                    <coordinates>29.0292,40.9953,0.0</coordinates>
                </Point>
            </Placemark>
            <Placemark id="2250">
                <name>Yeldeğirmeni Art House </name>
                <description>
                category  : See &lt;br&gt;
                address  : Rasimpaşa, İskele Sk. No:43/1  &lt;br&gt;
                url  : https://yelsanat.kadikoy.bel.tr/  &lt;br&gt;
                description  :  &lt;br&gt;
                </description>
                <styleUrl>#110</styleUrl>
                <Point id="2249">
                    <coordinates>29.028032,40.99641,0.0</coordinates>
                </Point>
            </Placemark>
            <Placemark id="2252">
                <name>Haldun Taner Theatre </name>
                <description>
                category  : See &lt;br&gt;
                address  : Caferağa, Rıhtım Cd.  &lt;br&gt;
                url  : https://sehirtiyatrolari.ibb.istanbul/  &lt;br&gt;
                description  : Under renovation until kate 2026. &lt;br&gt;
                </description>
                <styleUrl>#110</styleUrl>
                <Point id="2251">
                    <coordinates>29.023446,40.99184,0.0</coordinates>
                </Point>
            </Placemark>
            <Placemark id="2254">
                <name>Surp Levon Armenian Catholic Church </name>
                <description>
                category  : See &lt;br&gt;
                address  : Osmanağa, Ali Suavi Sk. No 1  &lt;br&gt;
                url  :   &lt;br&gt;
                description  :  &lt;br&gt;
                </description>
                <styleUrl>#110</styleUrl>
                <Point id="2253">
                    <coordinates>29.02949,40.98965,0.0</coordinates>
                </Point>
            </Placemark>
            <Placemark id="2256">
                <name>Süreyya Opera House </name>
                <description>
                category  : See &lt;br&gt;
                address  : Bahariye Cd 29, Kadıköy  &lt;br&gt;
                url  : https://sureyyaoperasi.kadikoy.bel.tr/  &lt;br&gt;
                description  : This is a 1927 Beaux Arts building named after its patron Süreyya İlmen Pasha, then a deputy of Istanbul who was impressed by theatres in Europe during his visits. It became the first opera house in the Asian side of Istanbul, but due to deficiencies in its interior design, it barely staged any opera and was converted to a cinema soon afterwards. It underwent a significant restoration and reverted to its original purpose in 2007, so now houses performances of ballet, opera, and [[European classical music &lt;br&gt;
                </description>
                <styleUrl>#110</styleUrl>
                <Point id="2255">
                    <coordinates>29.0290267,40.987996,0.0</coordinates>
                </Point>
            </Placemark>
            <Placemark id="2258">
                <name>Hagia Triada Greek Orthodox Church </name>
                <description>
                category  : See &lt;br&gt;
                address  : No:, Caferağa, Hacı Şükrü Sk. No:17  &lt;br&gt;
                url  :   &lt;br&gt;
                description  :  &lt;br&gt;
                </description>
                <styleUrl>#110</styleUrl>
                <Point id="2257">
                    <coordinates>29.02754,40.9861,0.0</coordinates>
                </Point>
            </Placemark>
            <Placemark id="2260">
                <name>French Catholic 'Assumption' Church </name>
                <description>
                category  : See &lt;br&gt;
                address  : Caferağa, Cem Sk.  &lt;br&gt;
                url  :   &lt;br&gt;
                description  :  &lt;br&gt;
                </description>
                <styleUrl>#110</styleUrl>
                <Point id="2259">
                    <coordinates>29.025508,40.98425,0.0</coordinates>
                </Point>
            </Placemark>
            <Placemark id="2262">
                <name>Barış Manço Museum </name>
                <description>
                category  : See &lt;br&gt;
                address  : Caferağa, Nailbey Sk.  &lt;br&gt;
                url  : http://barismanco.kadikoy.bel.tr/  &lt;br&gt;
                description  :  &lt;br&gt;
                </description>
                <styleUrl>#110</styleUrl>
                <Point id="2261">
                    <coordinates>29.02491,40.98174,0.0</coordinates>
                </Point>
            </Placemark>
            <Placemark id="2264">
                <name>Hemdat İsrael Synagogue </name>
                <description>
                category  : See &lt;br&gt;
                address  : Rasimpaşa, İzzettin Sk. No:61  &lt;br&gt;
                url  :   &lt;br&gt;
                description  :  &lt;br&gt;
                </description>
                <styleUrl>#110</styleUrl>
                <Point id="2263">
                    <coordinates>29.02742,40.99479,0.0</coordinates>
                </Point>
            </Placemark>
            <Placemark id="2266">
                <name>Müze Gazhane </name>
                <description>
                category  : See &lt;br&gt;
                address  : Kurbağalıdere Cd 125, Hasanpaşa  &lt;br&gt;
                url  : https://muzegazhane.istanbul/  &lt;br&gt;
                description  : A cultural centre converted from a late 19th century town gas plant. Includes a climate museum, a museum of cartoon and humour, theatre stages, art galleries and exhibition space, and a restaurant/cafe with vegan and gluten-free options. &lt;br&gt;
                </description>
                <styleUrl>#110</styleUrl>
                <Point id="2265">
                    <coordinates>29.0425,40.9962,0.0</coordinates>
                </Point>
            </Placemark>
            <Placemark id="2268">
                <name>Moda </name>
                <description>
                category  : See &lt;br&gt;
                address  :   &lt;br&gt;
                url  :   &lt;br&gt;
                description  : A neighbourhood on the peninsula just south of Kadıköy, Moda features countless neo-classical architectured mansions like the Tubini and churches. The neighbourhood is a favourite place for people of Kadıköy of all ages to take a short stroll on a summer evening, and for the youth to enjoy a few beers against the skyline of the [[Istanbul/Sultanahmet-Old City &lt;br&gt;
                </description>
                <styleUrl>#110</styleUrl>
                <Point id="2267">
                    <coordinates>29.025471,40.981169,0.0</coordinates>
                </Point>
            </Placemark>
            <Placemark id="2270">
                <name>Toy Museum </name>
                <description>
                category  : See &lt;br&gt;
                address  : Ömerpaşa Cd, Dr. Zeki Zeren Sk 17, Göztepe  &lt;br&gt;
                url  : https://istanbuloyuncakmuzesi.com/  &lt;br&gt;
                description  : Dedicated to toys, this is a museum which adults can enjoy as much as kids. It's founded by poet Sunay Akın, and is housed in a historical mansion in the Göztepe neighbourhood east of Kadıköy. Among the 2,000 pieces of toys from around the world in exhibition, the oldest are a French-made violin from 1817 and a U.S.-made doll from 1820. &lt;br&gt;
                </description>
                <styleUrl>#110</styleUrl>
                <Point id="2269">
                    <coordinates>29.07073,40.97593,0.0</coordinates>
                </Point>
            </Placemark>
            <Placemark id="2272">
                <name>DeCollage Art Space </name>
                <description>
                category  : See &lt;br&gt;
                address  : Suadiye, Müzeyyen Sok. No:4/1  &lt;br&gt;
                url  : https://decollageartspace.com/  &lt;br&gt;
                description  :  &lt;br&gt;
                </description>
                <styleUrl>#110</styleUrl>
                <Point id="2271">
                    <coordinates>29.08548,40.95934,0.0</coordinates>
                </Point>
            </Placemark>
            <Placemark id="2274">
                <name>Şükrü Saraçoğlu Stadium </name>
                <description>
                category  : Do &lt;br&gt;
                address  :   &lt;br&gt;
                url  :   &lt;br&gt;
                description  : Home court of Fenerbahçe - one of the leading clubs in European football, competing regularly in both UEFA and Champions League. Also hosts a museum of the sports club. Just across the stadium, the Yoğurtçu Park is a staple option for relaxation, running or dog-walking.  &lt;br&gt;
                </description>
                <styleUrl>#150</styleUrl>
                <Point id="2273">
                    <coordinates>29.03622,40.98763,0.0</coordinates>
                </Point>
            </Placemark>
            <Placemark id="2276">
                <name>Kalamış </name>
                <description>
                category  : Do &lt;br&gt;
                address  :   &lt;br&gt;
                url  :   &lt;br&gt;
                description  : The upscale Kalamış neighborhood, which takes its name from the Greek word kalami (καλάμι) meaning reed. Notable places include; Jean Botter Pavilion, Kalamış Park, Fenerbahçe Mosque, Fenerbahçe Park, St. Augustine Catholic Church and St. John Chrysostom Greek Orthodox Church.  &lt;br&gt;
                </description>
                <styleUrl>#150</styleUrl>
                <Point id="2275">
                    <coordinates>29.04068,40.97534,0.0</coordinates>
                </Point>
            </Placemark>
            <Placemark id="2278">
                <name>Çiftehavuzlar</name>
                <description>
                category  : Do &lt;br&gt;
                address  :   &lt;br&gt;
                url  :   &lt;br&gt;
                description  : A luxurious neighborhood with calming streets and fine restaurants. Notable sights include; Göztepe 60. Yıl Park, Özgürlük Park, Kemal Sunal House, Büyük Kulüp and Cemil Topuzlu Mansion. &lt;br&gt;
                </description>
                <styleUrl>#150</styleUrl>
                <Point id="2277">
                    <coordinates>29.05629,40.97334,0.0</coordinates>
                </Point>
            </Placemark>
            <Placemark id="2280">
                <name>Caddebostan </name>
                <description>
                category  : Do &lt;br&gt;
                address  :   &lt;br&gt;
                url  :   &lt;br&gt;
                description  : Another upscale neighborhood which is a youth-favorite of sunny days. Grab a couple of beers and lay down on grass. Three tiny swimmable sandy beaches are nearby but beware of the overcrowding. The seaside strip regularly hosts events such as rowing and sailing competitions or Red Bull Flight Day. Other sights include; Caddebostan Cultural Center (CKM) and the Seaside Mansions of Tevhide Hanım and Ragıp Paşa (locally known as 'Perili Köşk' which translates to 'haunted house') &lt;br&gt;
                </description>
                <styleUrl>#150</styleUrl>
                <Point id="2279">
                    <coordinates>29.0661,40.96487,0.0</coordinates>
                </Point>
            </Placemark>
            <Placemark id="2282">
                <name>Bostancı Amusement Park and Show Center </name>
                <description>
                category  : Do &lt;br&gt;
                address  : Bostancı, Mehmet Şevki Paşa Cd. No:8  &lt;br&gt;
                url  : https://www.bgmonline.net/  &lt;br&gt;
                description  :  &lt;br&gt;
                </description>
                <styleUrl>#150</styleUrl>
                <Point id="2281">
                    <coordinates>29.10176,40.95682,0.0</coordinates>
                </Point>
            </Placemark>
            <Placemark id="2284">
                <name>Balık Pazarı </name>
                <description>
                category  : Buy &lt;br&gt;
                address  : Osmanağa, Güneşli Bahçe Sk.  &lt;br&gt;
                url  :   &lt;br&gt;
                description  : The '''fish bazaar''' in the Kadıköy market area is where the locals go for fresh fish and seafood. Fish shops are open all week long; most of them will clean the fish for you (though not necessarily the ''hamsi'', or delicious local anchovies). Keep an eye out for stray cats sneaking off with bits of abandoned fish. In the upper streets, you can find anything from herbal stores to secondhand bookshops (which often have English language material in their stock). &lt;br&gt;
                </description>
                <styleUrl>#166</styleUrl>
                <Point id="2283">
                    <coordinates>29.025235,40.99047,0.0</coordinates>
                </Point>
            </Placemark>
            <Placemark id="2286">
                <name>Salı Pazarı </name>
                <description>
                category  : Buy &lt;br&gt;
                address  : Hasanpaşa, Uzunçayır Cd.  &lt;br&gt;
                url  :   &lt;br&gt;
                description  :  Locals do a lot of their shopping at the Salı Pazarı or '''Tuesday Bazaar''', located in Hasanpaşa not far from the Gazhane Museum. You can get good deals here on everything from produce to clothes to housewares. This is a less touristy bazaar experience than what many see at the Grand Bazaar on the European side. There is an antique sale on every Sunday. &lt;br&gt;
                </description>
                <styleUrl>#166</styleUrl>
                <Point id="2285">
                    <coordinates>29.05034,40.99766,0.0</coordinates>
                </Point>
            </Placemark>
            <Placemark id="2288">
                <name>Bahariye Avenue </name>
                <description>
                category  : Buy &lt;br&gt;
                address  :   &lt;br&gt;
                url  :   &lt;br&gt;
                description  : A pedestrianized street with nostalgic tram in the middle, contains various shops, restaurants, cafes and historical buildings. &lt;br&gt;
                </description>
                <styleUrl>#166</styleUrl>
                <Point id="2287">
                    <coordinates>29.028403,40.98723,0.0</coordinates>
                </Point>
            </Placemark>
            <Placemark id="2290">
                <name>Akmar Pasaj </name>
                <description>
                category  : Buy &lt;br&gt;
                address  : Caferağa, Mühürdar Cd.  &lt;br&gt;
                url  :   &lt;br&gt;
                description  : Once a stronghold for the alt-youth and metalheads, now turned into a passage for second-hand books and basically anything else. &lt;br&gt;
                </description>
                <styleUrl>#166</styleUrl>
                <Point id="2289">
                    <coordinates>29.02332,40.98918,0.0</coordinates>
                </Point>
            </Placemark>
            <Placemark id="2292">
                <name>Tepe Nautilus </name>
                <description>
                category  : Buy &lt;br&gt;
                address  : Acıbadem, Fatih Sk. No:1  &lt;br&gt;
                url  : http://www.tepenautilus.com/  &lt;br&gt;
                description  : One of the first shopping centers in Istanbul. &lt;br&gt;
                </description>
                <styleUrl>#166</styleUrl>
                <Point id="2291">
                    <coordinates>29.03112,40.99993,0.0</coordinates>
                </Point>
            </Placemark>
            <Placemark id="2294">
                <name>Bağdat Avenue </name>
                <description>
                category  : Buy &lt;br&gt;
                address  :   &lt;br&gt;
                url  :   &lt;br&gt;
                description  : The avenue has little in common with [[Baghdad]], except it was the beginning of the Ottoman-era route to that city followed by many, including Ottoman sultan Murat IV during his march upon Persia, after which he captured Baghdad. In fact, with its sidewalk cafés and Western restaurants, Bağdat Caddesi is usually considered as one of Istanbul's most western-flavoured streets, ironically located in [[Asia]]. This street is not completely pedestrianized unlike [[Istanbul/Galata &lt;br&gt;
                </description>
                <styleUrl>#166</styleUrl>
                <Point id="2293">
                    <coordinates>29.07441,40.96374,0.0</coordinates>
                </Point>
            </Placemark>
            <Placemark id="2296">
                <name>Kozzy </name>
                <description>
                category  : Buy &lt;br&gt;
                address  : Kozyatağı, Buket Sk. No:14  &lt;br&gt;
                url  : http://www.kozzyavm.com/  &lt;br&gt;
                description  : A shopping and cultural center. &lt;br&gt;
                </description>
                <styleUrl>#166</styleUrl>
                <Point id="2295">
                    <coordinates>29.09168,40.96938,0.0</coordinates>
                </Point>
            </Placemark>
            <Placemark id="2298">
                <name>Sanatkarlar St. </name>
                <description>
                category  : Eat &lt;br&gt;
                address  :   &lt;br&gt;
                url  :   &lt;br&gt;
                description  : Literally the &quot;artists' street&quot;, it hosts selection of pubs (like ''Küff'') and restaurants (mostly meyhanes) plus cultural places like ''Nazım Hikmet Center''. &lt;br&gt;
                </description>
                <styleUrl>#78</styleUrl>
                <Point id="2297">
                    <coordinates>29.0299,40.98939,0.0</coordinates>
                </Point>
            </Placemark>
            <Placemark id="2300">
                <name>Acıbadem St.</name>
                <description>
                category  : Eat &lt;br&gt;
                address  :   &lt;br&gt;
                url  :   &lt;br&gt;
                description  : Multiple choices ranging from kebabs (''Sahra'') to pastry (''Görgülü'') to sushis (''Konoha''). &lt;br&gt;
                </description>
                <styleUrl>#78</styleUrl>
                <Point id="2299">
                    <coordinates>29.03819,40.99923,0.0</coordinates>
                </Point>
            </Placemark>
            <Placemark id="2302">
                <name>Fenerbahçe Marina </name>
                <description>
                category  : Eat &lt;br&gt;
                address  :   &lt;br&gt;
                url  :   &lt;br&gt;
                description  : Fenerbahçe translates to Lighthouse Garden, in reference to a historic lighthouse built in 1562. The neighborhood gives its name to the Fenerbahçe Sports Club. The marina and the trailing street are home to some solid restaurant choices (''Midpoint'', Happy ''Moon's'' etc.). &lt;br&gt;
                </description>
                <styleUrl>#78</styleUrl>
                <Point id="2301">
                    <coordinates>29.03861,40.97109,0.0</coordinates>
                </Point>
            </Placemark>
            <Placemark id="2304">
                <name>Bostancı Sahil</name>
                <description>
                category  : Eat &lt;br&gt;
                address  :   &lt;br&gt;
                url  :   &lt;br&gt;
                description  : Both budget (like ''Balıkçılar Çarşısı'') and full-course options (like ''Günaydın'') as well as taverns/meyhane (like ''Hatay Restaurant'') could be found. Remember to visit the Succulent Museum in the vicinity. &lt;br&gt;
                </description>
                <styleUrl>#78</styleUrl>
                <Point id="2303">
                    <coordinates>29.09593,40.95336,0.0</coordinates>
                </Point>
            </Placemark>
            <Placemark id="2306">
                <name>Haçapuri </name>
                <description>
                category  : Eat_Budget &lt;br&gt;
                address  : Hasanpaşa, Fahrettin Kerim Gökay Cd. No:11, 34722 Kadıköy  &lt;br&gt;
                url  : http://www.hacapuripide.net/  &lt;br&gt;
                description  : A place to try Turkish pide, which is flatbread with meat or eggs or other such things (even preserves, etc) in the center. &lt;br&gt;
                </description>
                <styleUrl>#82</styleUrl>
                <Point id="2305">
                    <coordinates>29.03817,40.9938,0.0</coordinates>
                </Point>
            </Placemark>
            <Placemark id="2308">
                <name>Çiya Sofrası </name>
                <description>
                category  : Eat_Mid-range &lt;br&gt;
                address  : Caferağa Mah. Güneşlibahçe Sk. 43, Kadıköy  &lt;br&gt;
                url  : https://www.ciya.com.tr/  &lt;br&gt;
                description  : Regional tastes ranging from Balkans to Asia, Caucasus to Mesopotamia, with much delicious kebabs. &lt;br&gt;
                </description>
                <styleUrl>#86</styleUrl>
                <Point id="2307">
                    <coordinates>29.0241296,40.9892475,0.0</coordinates>
                </Point>
            </Placemark>
            <Placemark id="2310">
                <name>Hatay Restaurant </name>
                <description>
                category  : Eat_Mid-range &lt;br&gt;
                address  : Bağdat Caddesi 526, Bostancı  &lt;br&gt;
                url  : https://m.facebook.com/HATAY-RESTAURANT-177704158961314/  &lt;br&gt;
                description  : A traditional restaurant for tasting ''Rakı'' with ''meze''s. Famous amongst Turkish poets. &lt;br&gt;
                </description>
                <styleUrl>#86</styleUrl>
                <Point id="2309">
                    <coordinates>29.0886645,40.9565338,0.0</coordinates>
                </Point>
            </Placemark>
            <Placemark id="2312">
                <name>Caferağa </name>
                <description>
                category  : Drink &lt;br&gt;
                address  :   &lt;br&gt;
                url  :   &lt;br&gt;
                description  : This area is home to dozens if not hundreds of bars, cafes, pubs and restaurants. Some of the most prominent streets are; Karanfil Street (a.k.a. 'bars street'), Moda St., Sarraf Ali St., Sakız Gülü St. and Arayıcıbaşı St. Some bars in this area are interestingly named after animals such as ''Ayı'', ''Fil'' and ''Karga''. Staple clubs like ''Arkaoda'' and ''Dorock XL'' are also in this area. Favorites include ''Bina'', ''Revolte'' and ''Muhit''. &lt;br&gt;
                </description>
                <styleUrl>#58</styleUrl>
                <Point id="2311">
                    <coordinates>29.02667,40.98736,0.0</coordinates>
                </Point>
            </Placemark>
            <Placemark id="2314">
                <name>Moda Tea Garden </name>
                <description>
                category  : Drink &lt;br&gt;
                address  :   &lt;br&gt;
                url  :   &lt;br&gt;
                description  :  &lt;br&gt;
                </description>
                <styleUrl>#58</styleUrl>
                <Point id="2313">
                    <coordinates>29.021003,40.98115,0.0</coordinates>
                </Point>
            </Placemark>
            <Placemark id="2316">
                <name>Koşuyolu </name>
                <description>
                category  : Drink &lt;br&gt;
                address  :   &lt;br&gt;
                url  :   &lt;br&gt;
                description  : Hosting multiple, mostly family-friendly cafe options such as ''Kirpi'' and ''Kronotrop'' as well as pubs, right in front of the central park. &lt;br&gt;
                </description>
                <styleUrl>#58</styleUrl>
                <Point id="2315">
                    <coordinates>29.04012,41.00912,0.0</coordinates>
                </Point>
            </Placemark>
            <Placemark id="2318">
                <name>Şaşkınbakkal </name>
                <description>
                category  : Drink &lt;br&gt;
                address  :   &lt;br&gt;
                url  :   &lt;br&gt;
                description  : An upper-class area with dozens of options for bars (like ''Old English Pub''), cocktail bars (like ''Ferida'') cafes (like ''Leaf Co.''), pubs (''Draft Gastropub'') and restaurants (like ''Ocakbaşı''). &lt;br&gt;
                </description>
                <styleUrl>#58</styleUrl>
                <Point id="2317">
                    <coordinates>29.07421,40.96296,0.0</coordinates>
                </Point>
            </Placemark>
            <Placemark id="2320">
                <name>Karga </name>
                <description>
                category  : Drink &lt;br&gt;
                address  : Kadife Sk 16, Kadıköy  &lt;br&gt;
                url  : http://www.karga.com.tr/  &lt;br&gt;
                description  : A finely decorated bar situated in a three-storey old building with wooden ceilings and floors. Also has a small yard at the back. &lt;br&gt;
                </description>
                <styleUrl>#58</styleUrl>
                <Point id="2319">
                    <coordinates>29.0265291,40.9866707,0.0</coordinates>
                </Point>
            </Placemark>
            <Placemark id="2322">
                <name>--</name>
                <description>
                category  : Drink_Clubs &lt;br&gt;
                address  :  &lt;br&gt;
                url  :  &lt;br&gt;
                description  :  &lt;br&gt;
                </description>
                <styleUrl>#54</styleUrl>
                <Point id="2321">
                    <coordinates>29.0245631,40.9912955,0.0</coordinates>
                </Point>
            </Placemark>
            <Placemark id="2324">
                <name>DoubleTree by Hilton </name>
                <description>
                category  : Sleep &lt;br&gt;
                address  : Caferağa, Albay Faik Sözdener Cd. No:31  &lt;br&gt;
                url  : https://www.hilton.com/en/hotels/istimdi-doubletree-istanbul-moda/  &lt;br&gt;
                description  :  &lt;br&gt;
                </description>
                <styleUrl>#94</styleUrl>
                <Point id="2323">
                    <coordinates>29.0211,40.9882,0.0</coordinates>
                </Point>
            </Placemark>
            <Placemark id="2326">
                <name>Wyndham Grand Istanbul Kalamis Marina </name>
                <description>
                category  : Sleep &lt;br&gt;
                address  : Fenerbahçe, Fener Kalamış Cd. No:38  &lt;br&gt;
                url  : https://www.wyndhamhotels.com/tr-tr/wyndham-grand/istanbul-turkey/wyndham-grand-istanbul-kalamis-marina/  &lt;br&gt;
                description  :  &lt;br&gt;
                </description>
                <styleUrl>#94</styleUrl>
                <Point id="2325">
                    <coordinates>29.04163,40.97733,0.0</coordinates>
                </Point>
            </Placemark>
            <Placemark id="2328">
                <name>Hotel Suadiye </name>
                <description>
                category  : Sleep &lt;br&gt;
                address  : Suadiye Mh., Plaj Yolu Sk. No:27  &lt;br&gt;
                url  : http://www.hotelsuadiye.com/  &lt;br&gt;
                description  : 4-star hotel, rooms include air-con, TV, safe, Wi-Fi. &lt;br&gt;
                </description>
                <styleUrl>#94</styleUrl>
                <Point id="2327">
                    <coordinates>29.08064,40.95663,0.0</coordinates>
                </Point>
            </Placemark>
            <Placemark id="2330">
                <name>Hilton Istanbul Kozyatagi</name>
                <description>
                category  : Sleep &lt;br&gt;
                address  : Sahrayı Cedit, Batman Sk. No:4  &lt;br&gt;
                url  : https://www.hilton.com/en/hotels/istkohi-hilton-istanbul-kozyatagi/  &lt;br&gt;
                description  :  &lt;br&gt;
                </description>
                <styleUrl>#94</styleUrl>
                <Point id="2329">
                    <coordinates>29.086,40.98695,0.0</coordinates>
                </Point>
            </Placemark>
            <Placemark id="2332">
                <name>Dedeman Bostancı </name>
                <description>
                category  : Sleep &lt;br&gt;
                address  : İçerenköy, Değirmen Yolu Cd.  &lt;br&gt;
                url  : https://www.dedeman.com/oteller/dedeman-bostanci  &lt;br&gt;
                description  :  &lt;br&gt;
                </description>
                <styleUrl>#94</styleUrl>
                <Point id="2331">
                    <coordinates>29.11071,40.9622,0.0</coordinates>
                </Point>
            </Placemark>
            <Placemark id="2334">
                <name>Hush Hostel </name>
                <description>
                category  : Sleep &lt;br&gt;
                address  : Lounge: İskele Sk No:46, Moda: Caferağa Mah. Güneşli Bahçe Sok. 50/B  &lt;br&gt;
                url  : http://www.hushhostels.com/  &lt;br&gt;
                description  : Rooms are generously spacious, bright, clean &amp; cosy. Bathrooms are typically shared, Wi-Fi is very slow. They also run Hush Moda nearby. &lt;br&gt;
                </description>
                <styleUrl>#94</styleUrl>
                <Point id="2333">
                    <coordinates>29.0268,40.996,0.0</coordinates>
                </Point>
            </Placemark>
            <Placemark id="2336">
                <name>Emirtimes Hotel </name>
                <description>
                category  : Sleep &lt;br&gt;
                address  : Osmanağa Neighborhood, Reşit Efendi Street, No: 38 &lt;br&gt;
                url  :  https://www.emirtimeshotelkadikoy.com.tr/  &lt;br&gt;
                description  : 3-star hotel. All rooms have cable TV, wireless internet and are comfortable lodgings at a good price. &lt;br&gt;
                </description>
                <styleUrl>#94</styleUrl>
                <Point id="2335">
                    <coordinates>29.0268958,40.992736,0.0</coordinates>
                </Point>
            </Placemark>
            <Placemark id="2338">
                <name>Ajia Hotel </name>
                <description>
                category  : Sleep &lt;br&gt;
                address  : Çubuklu Cad. Ahmet Rasim Paşa Yalısı No:27, 34810 Beykoz  &lt;br&gt;
                url  : http://www.ajiahotel.com  &lt;br&gt;
                description  : Boutique waterfront hotel. Rooms include air-con, TV, safe, Wi-Fi. &lt;br&gt;
                </description>
                <styleUrl>#94</styleUrl>
                <Point id="2337">
                    <coordinates>29.0669,41.1031,0.0</coordinates>
                </Point>
            </Placemark>
            <Placemark id="2340">
                <name>Marmara University </name>
                <description>
                category  : Learn &lt;br&gt;
                address  : Eğitim, Fahrettin Kerim Gökay Cd.  &lt;br&gt;
                url  :   &lt;br&gt;
                description  : One of the leading public schools in Turkey. &lt;br&gt;
                </description>
                <styleUrl>#178</styleUrl>
                <Point id="2339">
                    <coordinates>29.0524,40.98684,0.0</coordinates>
                </Point>
            </Placemark>
            <Placemark id="2342">
                <name>Kadıköy Halk Eğitim </name>
                <description>
                category  : Learn &lt;br&gt;
                address  : Caferağa, Asım Gündüz Caddesi, Bahariye Cd. No: 39  &lt;br&gt;
                url  :   &lt;br&gt;
                description  : State-run course center &lt;br&gt;
                </description>
                <styleUrl>#178</styleUrl>
                <Point id="2341">
                    <coordinates>29.028484266637555,40.98687037618238,0.0</coordinates>
                </Point>
            </Placemark>
            <Placemark id="2344">
                <name>Beşiktaş Pier </name>
                <description>
                category  : Get in_By boat &lt;br&gt;
                address  :   &lt;br&gt;
                url  :   &lt;br&gt;
                description  :  &lt;br&gt;
                </description>
                <styleUrl>#146</styleUrl>
                <Point id="2343">
                    <coordinates>29.0011827,41.0442274,0.0</coordinates>
                </Point>
            </Placemark>
            <Placemark id="2346">
                <name>Ortaköy Pier </name>
                <description>
                category  : Get in_By boat &lt;br&gt;
                address  :   &lt;br&gt;
                url  :   &lt;br&gt;
                description  :  &lt;br&gt;
                </description>
                <styleUrl>#146</styleUrl>
                <Point id="2345">
                    <coordinates>29.0256249,41.0472753,0.0</coordinates>
                </Point>
            </Placemark>
            <Placemark id="2348">
                <name>Arnavutköy Pier </name>
                <description>
                category  : Get in_By boat &lt;br&gt;
                address  :   &lt;br&gt;
                url  :   &lt;br&gt;
                description  :  &lt;br&gt;
                </description>
                <styleUrl>#146</styleUrl>
                <Point id="2347">
                    <coordinates>29.043450687003467,41.06697316431354,0.0</coordinates>
                </Point>
            </Placemark>
            <Placemark id="2350">
                <name>Emirgan Pier </name>
                <description>
                category  : Get in_By boat &lt;br&gt;
                address  :   &lt;br&gt;
                url  :   &lt;br&gt;
                description  :  &lt;br&gt;
                </description>
                <styleUrl>#146</styleUrl>
                <Point id="2349">
                    <coordinates>29.056191253347016,41.103098691201986,0.0</coordinates>
                </Point>
            </Placemark>
            <Placemark id="2352">
                <name>İstinye Pier </name>
                <description>
                category  : Get in_By boat &lt;br&gt;
                address  :   &lt;br&gt;
                url  :   &lt;br&gt;
                description  :  &lt;br&gt;
                </description>
                <styleUrl>#146</styleUrl>
                <Point id="2351">
                    <coordinates>29.06101968627901,41.11346399496243,0.0</coordinates>
                </Point>
            </Placemark>
            <Placemark id="2354">
                <name>Dolmabahce Palace </name>
                <description>
                category  : See &lt;br&gt;
                address  : Dolmabahçe Cd, Beşiktaş  &lt;br&gt;
                url  : https://www.millisaraylar.gov.tr/Lokasyon/3/Dolmabahce-Sarayi  &lt;br&gt;
                description  : This lavish palace with 285 rooms and 43 halls was the admin centre for the Ottoman Empire in its last 60 years. The palace government block (''Selamlık'') includes the Imperial Mabeyn (State Apartments) and Muayede Hall (Ceremonial Hall), while the Imperial Harem was the sultan's private quarters. Also here are the Painting Gallery, Music Museum, Clock Museum and Museum of Palace Collections. Free audio guide in several languages available by the ticket office. No photography inside, no backpacks but you can leave them in the cloakroom. Allow 3 hours to see everything. &lt;br&gt;
                </description>
                <styleUrl>#110</styleUrl>
                <Point id="2353">
                    <coordinates>29.001667,41.039444,0.0</coordinates>
                </Point>
            </Placemark>
            <Placemark id="2356">
                <name>Akaretler Street </name>
                <description>
                category  : See &lt;br&gt;
                address  :   &lt;br&gt;
                url  :   &lt;br&gt;
                description  : Akaretler Caddesi, or officially Süleyman Seba Caddesi features upscale garment boutiques, restaurants, and sidewalk cafés housed in renovated late Ottoman-era rowhouses built for the state elite, given their proximity to Dolmabahçe Palace, imperial headquarters then. &lt;br&gt;
                </description>
                <styleUrl>#110</styleUrl>
                <Point id="2355">
                    <coordinates>29.00088,41.04226,0.0</coordinates>
                </Point>
            </Placemark>
            <Placemark id="2358">
                <name>Yıldız Palace </name>
                <description>
                category  : See &lt;br&gt;
                address  :   &lt;br&gt;
                url  : https://millisaraylar.gov.tr/en/palaces/yildiz-palace  &lt;br&gt;
                description  : A vast complex of former imperial Ottoman pavilions and villas in Istanbul, Turkey, built in the 19th and early 20th centuries. It was used as a residence by the Sultan and his court in the late 19th century. &lt;br&gt;
                </description>
                <styleUrl>#110</styleUrl>
                <Point id="2357">
                    <coordinates>29.0111,41.0494,0.0</coordinates>
                </Point>
            </Placemark>
            <Placemark id="2360">
                <name>Ortaköy </name>
                <description>
                category  : See &lt;br&gt;
                address  :   &lt;br&gt;
                url  :   &lt;br&gt;
                description  : A neighbourhood on the bank of Bosphorus with the Ortaköy Mosque&amp;mdash;the baroque mosque under the Bosphorus Bridge, combination of which are one of the most iconic images of Istanbul. This artsy neighbourhood is filled with nice cafes, some of which offer ''kumpir''&amp;mdash;a baked potato with various fillings such as mayonnaise, ketchup, pickles, sweetcorn, sausage slices, carrots, mushrooms, Russian salad among others&amp;mdash;which the neighbourhood is well-known for, and a perfect view crowded and fun. The way from Beşiktaş takes around 25 minutes on foot and is along an avenue shaded by huge plane trees, though the usually-heavy traffic may take some of its peacefulness away. &lt;br&gt;
                </description>
                <styleUrl>#110</styleUrl>
                <Point id="2359">
                    <coordinates>29.023611,41.048056,0.0</coordinates>
                </Point>
            </Placemark>
            <Placemark id="2362">
                <name>Arnavutköy </name>
                <description>
                category  : See &lt;br&gt;
                address  :   &lt;br&gt;
                url  :   &lt;br&gt;
                description  : The neighbourhood of Arnavutköy (literally &quot;[[Albania]]n village&quot;, paying homage to its founders in the 16th century) features impressive ''yalı''s, multiple-storey wooden mansions lining the waterfront, and all bearing significant artwork on their facades. Beware there are two areas called Arnavutköy - the other is the site of the [[Istanbul Airport &lt;br&gt;
                </description>
                <styleUrl>#110</styleUrl>
                <Point id="2361">
                    <coordinates>29.041125,41.068024,0.0</coordinates>
                </Point>
            </Placemark>
            <Placemark id="2364">
                <name>Rumeli Fortress </name>
                <description>
                category  : See &lt;br&gt;
                address  :   &lt;br&gt;
                url  : https://muze.gov.tr/muze-detay?DistId &lt;br&gt;
                description  : Built in first half of the 15th century, this is the large medieval castle under the Second Bosphorus Bridge. Its former name ''Boğazkesen'' (Turkish)/''Laimokopia'' (Greek) means both &quot;strait-blocker&quot; and &quot;throat-cutter&quot; in both languages and denotes the reason of its building&amp;mdash;to shut the supply routes from the Black Sea in the north into the slowly falling apart [[Byzantine Empire]] through the Bosphorus. ''Rumeli'', literally &quot;the Roman land&quot;, was the name of the European half of the Ottoman Empire, and as is usual with some other structures and villages along the Bosphorus, used as a prefix to differentiate ''Rumeli Hisarı'' from its counterpart in the [[Istanbul/Asian Side &lt;br&gt;
                </description>
                <styleUrl>#110</styleUrl>
                <Point id="2363">
                    <coordinates>29.056111,41.084722,0.0</coordinates>
                </Point>
            </Placemark>
            <Placemark id="2366">
                <name>Baltalimanı Japanese Garden </name>
                <description>
                category  : See &lt;br&gt;
                address  :   &lt;br&gt;
                url  : https://www.istanbul.tr.emb-japan.go.jp/japonbahcesi/index.html  &lt;br&gt;
                description  : Built with support of [[Shimonoseki]], one of Istanbul's sister cities, the garden features a tea room, ponds, waterfalls, as well as a cherry lane. &lt;br&gt;
                </description>
                <styleUrl>#110</styleUrl>
                <Point id="2365">
                    <coordinates>29.05222,41.0971,0.0</coordinates>
                </Point>
            </Placemark>
            <Placemark id="2368">
                <name>Sakıp Sabancı Museum </name>
                <description>
                category  : See &lt;br&gt;
                address  : Sakıp Sabancı Cd 42, Emirgan  &lt;br&gt;
                url  : http://www.sakipsabancimuzesi.org/  &lt;br&gt;
                description  : Museum with a rich collection of calligraphy and paintings. It also hosts temporary exhibitions of works by some world-class artists such as Pablo Picasso from time to time. &lt;br&gt;
                </description>
                <styleUrl>#110</styleUrl>
                <Point id="2367">
                    <coordinates>29.053704,41.099116,0.0</coordinates>
                </Point>
            </Placemark>
            <Placemark id="2370">
                <name>Ural Ataman Classic Car Museum </name>
                <description>
                category  : See &lt;br&gt;
                address  : Ferahevler, Nuri Paşa Cd. No:107, Sarıyer  &lt;br&gt;
                url  : https://www.atamanmuseum.com/tr/  &lt;br&gt;
                description  :  &lt;br&gt;
                </description>
                <styleUrl>#110</styleUrl>
                <Point id="2369">
                    <coordinates>29.047759190721585,41.128078506849675,0.0</coordinates>
                </Point>
            </Placemark>
            <Placemark id="2372">
                <name>Emirgan Park </name>
                <description>
                category  : See &lt;br&gt;
                address  :   &lt;br&gt;
                url  :   &lt;br&gt;
                description  : Situated on the gentle hill overlooking the neighbourhood of Emirgan and the Bosphorus, Emirgan Park was for long the only place in the city where Istanbulites can admire the beauty of tulips. Having lost that distinction since the first decade of the 2000s as tulips are now everywhere, this is still a beautiful park with artificial ponds, small waterfalls, and impressive views of the Bosphorus. There are also cafes with open-air sections housed in pleasant former imperial hunting manors. Squirrels are there, too, in the middle of this metropolis of more than 15 million people, though you may have to look a bit deeper (or a bit upper on the branches!) to spot them. &lt;br&gt;
                </description>
                <styleUrl>#110</styleUrl>
                <Point id="2371">
                    <coordinates>29.0525,41.108333,0.0</coordinates>
                </Point>
            </Placemark>
            <Placemark id="2374">
                <name>Yusuf Ziya Mansion </name>
                <description>
                category  : See &lt;br&gt;
                address  : Rumeli Hisarı, Balta Limanı Hisar Cd. No:5, Sarıyer  &lt;br&gt;
                url  :  https://www.borusancontemporary.com/ &lt;br&gt;
                description  :  It houses the headquarters of Borusan Holding and the Borusan Contemporary art museum. The popular nickname of the mansion, ''Perili Köşk'' (meaning the &quot;Haunted Mansion&quot;) refers to its construction remaining partially unfinished for a long period (its second and third floors remained empty for decades.) &lt;br&gt;
                </description>
                <styleUrl>#110</styleUrl>
                <Point id="2373">
                    <coordinates>29.056555050745292,41.08912990773445,0.0</coordinates>
                </Point>
            </Placemark>
            <Placemark id="2376">
                <name>Beşiktaş Stadium </name>
                <description>
                category  : Do &lt;br&gt;
                address  : Vişnezade, Dolmabahçe Cd. No:1, Beşiktaş  &lt;br&gt;
                url  :   &lt;br&gt;
                description  : Homecourt of Beşiktaş JK &lt;br&gt;
                </description>
                <styleUrl>#150</styleUrl>
                <Point id="2375">
                    <coordinates>28.994291823279045,41.03948843991982,0.0</coordinates>
                </Point>
            </Placemark>
            <Placemark id="2378">
                <name>Akmerkez </name>
                <description>
                category  : Buy &lt;br&gt;
                address  :   &lt;br&gt;
                url  : http://www.akmerkez.com.tr  &lt;br&gt;
                description  : At Etiler. Nearest metro station is Gayrettepe/Zincirlikuyu. The mall is about 25-min walk or 10-min taxi ride away from that station. &lt;br&gt;
                </description>
                <styleUrl>#166</styleUrl>
                <Point id="2377">
                    <coordinates>29.026944,41.076944,0.0</coordinates>
                </Point>
            </Placemark>
            <Placemark id="2380">
                <name>İstinye Park </name>
                <description>
                category  : Buy &lt;br&gt;
                address  :   &lt;br&gt;
                url  : http://www.istinyepark.com  &lt;br&gt;
                description  : Beautiful upscale mall with 300 stores, many good restaurants and cafes. &lt;br&gt;
                </description>
                <styleUrl>#166</styleUrl>
                <Point id="2379">
                    <coordinates>29.0329,41.1104,0.0</coordinates>
                </Point>
            </Placemark>
            <Placemark id="2382">
                <name>Beşiktaş Market </name>
                <description>
                category  : Buy_Bazaars &lt;br&gt;
                address  :   &lt;br&gt;
                url  :   &lt;br&gt;
                description  : This is where locals go shopping. If you are keen to buy fruits, vegetables, walnuts or olives at local prices, this is where you should head. It is always a good idea to bring rome walnuts or olives back home. Otherwise it is just nice to visit and soak in the atmosphere. This is an authentic market not to be missed. &lt;br&gt;
                </description>
                <styleUrl>#166</styleUrl>
                <Point id="2381">
                    <coordinates>29.000517,41.049581,0.0</coordinates>
                </Point>
            </Placemark>
            <Placemark id="2384">
                <name>Sans</name>
                <description>
                category  : Eat_Mid-range &lt;br&gt;
                address  : Palmiye Sokak 1. &lt;br&gt;
                url  : http://www.sansrestaurant.com/ &lt;br&gt;
                description  : Nice restaurant in a small garden serving Turkish and Mediterranean food. &lt;br&gt;
                </description>
                <styleUrl>#86</styleUrl>
                <Point id="2383">
                    <coordinates>29.0145792,41.0816113,0.0</coordinates>
                </Point>
            </Placemark>
            <Placemark id="2386">
                <name>Park Fora </name>
                <description>
                category  : Eat_Splurge &lt;br&gt;
                address  : Muallim Naci Caddesi, Cemil Topuzlu Parkı  &lt;br&gt;
                url  : http://parkfora.com/  &lt;br&gt;
                description  : Great seafood, located in Kuruçeşme park right on the edge of the sea, it has a very nice view of the Bosphorus and Bosphorus Bridge. The waiters know English. &lt;br&gt;
                </description>
                <styleUrl>#90</styleUrl>
                <Point id="2385">
                    <coordinates>29.0349231,41.0539812,0.0</coordinates>
                </Point>
            </Placemark>
            <Placemark id="2388">
                <name>Divan Brasserie Bebek </name>
                <description>
                category  : Eat_Splurge &lt;br&gt;
                address  : Bebek, Cevdet Paşa Cd. No: 28/A, 34342 Beşiktaş  &lt;br&gt;
                url  : https://www.divan.com.tr/restoran/divan-brasserie-bebek  &lt;br&gt;
                description  : At first sight it may seem like a mere patisserie, but walk downstairs and you will find a lovely restaurant with the waters of the Bosporus right next to you. The food is simply first-class and the service is very good, too. &lt;br&gt;
                </description>
                <styleUrl>#90</styleUrl>
                <Point id="2387">
                    <coordinates>29.044104,41.0777351,0.0</coordinates>
                </Point>
            </Placemark>
            <Placemark id="2390">
                <name>Ulus 29 </name>
                <description>
                category  : Eat_Splurge &lt;br&gt;
                address  : Ahmet Adnan Saygun Caddesi 71  &lt;br&gt;
                url  : http://www.ulus29.com/  &lt;br&gt;
                description  : Upscale restaurant with an amazing view over the Bosporus. &lt;br&gt;
                </description>
                <styleUrl>#90</styleUrl>
                <Point id="2389">
                    <coordinates>29.0319893,41.0645058,0.0</coordinates>
                </Point>
            </Placemark>
            <Placemark id="2392">
                <name>Ciragan Palace Kempinski </name>
                <description>
                category  : Sleep &lt;br&gt;
                address  : Çırağan Cd 32, Beşiktaş  &lt;br&gt;
                url  : https://www.kempinski.com/en/istanbul/ciragan-palace/  &lt;br&gt;
                description  : This hotel is in a residence of the last Sultan. Rooms come with air-con, TV, minibar and safety deposit box. Hotel has several restaurants and lounges, pools, jacuzzi, Turkish baths, gym and other amenities. &lt;br&gt;
                </description>
                <styleUrl>#94</styleUrl>
                <Point id="2391">
                    <coordinates>29.01697,41.04458,0.0</coordinates>
                </Point>
            </Placemark>
            <Placemark id="2394">
                <name>W Istanbul </name>
                <description>
                category  : Sleep &lt;br&gt;
                address  : Süleyman Seba Cd 2, Akaretler, Beşiktaş  &lt;br&gt;
                url  : https://www.marriott.com/hotels/travel/istwh-w-istanbul/  &lt;br&gt;
                description  : WiFi, Fitness center and business center onsite as well as a fine dining restaurant. &lt;br&gt;
                </description>
                <styleUrl>#94</styleUrl>
                <Point id="2393">
                    <coordinates>29.00232,41.04241,0.0</coordinates>
                </Point>
            </Placemark>
            <Placemark id="2396">
                <name>Swissôtel The Bosphorus </name>
                <description>
                category  : Sleep &lt;br&gt;
                address  : Bayıldım Cd 2, Maçka  &lt;br&gt;
                url  : https://www.swissotel.com/hotels/istanbul/  &lt;br&gt;
                description  : A 5-star hotel near Taksim Square with four restaurants and two bars. &lt;br&gt;
                </description>
                <styleUrl>#94</styleUrl>
                <Point id="2395">
                    <coordinates>28.99762,41.04103,0.0</coordinates>
                </Point>
            </Placemark>
            <Placemark id="2398">
                <name>Radisson Blu Bosphorus Hotel, Istanbul </name>
                <description>
                category  : Sleep &lt;br&gt;
                address  : Çırağan Cd 46, Ortaköy  &lt;br&gt;
                url  : https://www.radissonhotels.com/en-us/hotels/radisson-blu-istanbul-bosphorus  &lt;br&gt;
                description  : 120 rooms and 7 meeting rooms with technical equipment, wellness center, and underground parking. The hotel has one all day dining restaurant, one bar and a private venue that highlight the city as Starboard Restaurant offers a spectacular Bosphorus view; &quot;Cruise Lounge &amp; Bar&quot;, with its scenery; and &quot;Pupa Terrace&quot;, a venue for private events, dinners, or cocktails. &lt;br&gt;
                </description>
                <styleUrl>#94</styleUrl>
                <Point id="2397">
                    <coordinates>29.02458,41.04757,0.0</coordinates>
                </Point>
            </Placemark>
            <Placemark id="2400">
                <name>Sultanahmet Mosque </name>
                <description>
                category  : See_Sultanahmet &lt;br&gt;
                address  : At Meydani Cd 10  &lt;br&gt;
                url  : http://www.sultanahmetcami.org/  &lt;br&gt;
                description  : The defining image of Istanbul, dominating the skyline with its great dome and six minarets. Completed in 1617 for Sultan Ahmed I, it's still a working mosque, so dress appropriately and avoid prayer times. Enter via the courtyard on the SW side. You step (shoeless) into the blue-tiled prayer hall beneath the main dome and its semi-domes. The mihrab is of finely carved marble, well-lit, and the minbar (pulpit) next to it is visible from almost all parts.  &lt;br&gt;
                </description>
                <styleUrl>#110</styleUrl>
                <Point id="2399">
                    <coordinates>28.9768,41.0054,0.0</coordinates>
                </Point>
            </Placemark>
            <Placemark id="2402">
                <name>Hagia Sophia </name>
                <description>
                category  : See_Sultanahmet &lt;br&gt;
                address  : Ayasofya Meydanı  &lt;br&gt;
                url  : https://ayasofyacamii.gov.tr/  &lt;br&gt;
                description  : The third and grandest of the churches on this site, completed in 537 AD. The 30-m diameter dome covers what was for over 1000 years the largest enclosed space in the world, only surpassed in 1520 by [[Seville]] cathedral. It used &quot;pendentive&quot; architecture to throw the dome's weight onto four stout pillars, a design that inspired many Eastern Orthodox churches and Ottoman mosques. It became a mosque after the Ottoman conquest in 1453, remaining so until 1931. It was then a museum until 2020 when it was again proclaimed a mosque. That means you must work around prayer times and dress appropriately. &lt;br&gt;
                </description>
                <styleUrl>#110</styleUrl>
                <Point id="2401">
                    <coordinates>28.9799,41.0085,0.0</coordinates>
                </Point>
            </Placemark>
            <Placemark id="2404">
                <name>Topkapı Palace </name>
                <description>
                category  : See_Sultanahmet &lt;br&gt;
                address  : Babı Hümayun Cd 1  &lt;br&gt;
                url  : https://www.millisaraylar.gov.tr/Lokasyon/2/topkapi-sarayi  &lt;br&gt;
                description  : The imperial enclave of the Ottoman emperors for four centuries. Lavishly decorated, with exhibitions of fine craftmanship and four courts of increasing grandeur. The second court has the Harem and the State Treasury, housing a weaponry display. On the right, towards the Bosphorus, there is the kitchen exhibition, also with a collection of coffee cups throughout the centuries. The third court has the Imperial Treasury on the right (also with a great view over the Bosphorus) and a collection of  Islamic and Christian relics on the left. The views from the Fourth Court over the Bosphorus are spectacular. Reckon on spending several hours here and bring water as the museum kiosk is overpriced. The museum kiosk is in the kitchen section, on the right-hand side of the second court. Toilets can also be found there, towards the beginning of the second court. These have a shorter line than those in the second court, towards the third court. &lt;br&gt;
                </description>
                <styleUrl>#110</styleUrl>
                <Point id="2403">
                    <coordinates>28.984,41.013,0.0</coordinates>
                </Point>
            </Placemark>
            <Placemark id="2406">
                <name>Basilica Cistern </name>
                <description>
                category  : See_Sultanahmet &lt;br&gt;
                address  : Yerebatan Cd 1/3  &lt;br&gt;
                url  : https://www.yerebatan.com/en  &lt;br&gt;
                description  : Vast underground cistern built by Justinian in 532 to store the city's water, the largest and best-known of the hundreds constructed. It's a cathedral-like space with 336 richly decorated columns. Time was you explored in a little rowing boat, but tourist numbers have soared and water levels have dropped, so now you follow a boardwalk, with lights, piped music and art installations. It's sometimes a film location, and stages concerts. But the crowds rob it of atmosphere and you might prefer to seek out one of the less-visited cisterns.  &lt;br&gt;
                </description>
                <styleUrl>#110</styleUrl>
                <Point id="2405">
                    <coordinates>28.9778,41.0081,0.0</coordinates>
                </Point>
            </Placemark>
            <Placemark id="2408">
                <name>Museum of Archaeology </name>
                <description>
                category  : See_Eminönü &lt;br&gt;
                address  : Osman Hamdi Bey Yokuşu  &lt;br&gt;
                url  : https://muze.gov.tr/muze-detay?SectionId &lt;br&gt;
                description  : Turkey was slow to protect its antiquities and to display them properly, but in 1867 Sultan Abdülaziz toured the museums of Paris, London and Vienna and saw what was needed. The main collection is in a grand neo-classical building of 1891, with two annexes for ancient art and Islamic art. Exhibits include Sumerian tablets, pieces of the wall of Babylon, Roman statues, and the Alexander Sarcophagus. There are very detailed historical explanations in both Turkish and English. There is also quite an accurate exhibition about the historical layers and epochs of the city of [[Troy (Turkey) &lt;br&gt;
                </description>
                <styleUrl>#110</styleUrl>
                <Point id="2407">
                    <coordinates>28.9812,41.0107,0.0</coordinates>
                </Point>
            </Placemark>
            <Placemark id="2410">
                <name>Museum of the History of Science and Technology in Islam </name>
                <description>
                category  : See_Eminönü &lt;br&gt;
                address  : Taya Hatun Sk 8A  &lt;br&gt;
                url  : https://muze.gov.tr/muze-detay?SectionId &lt;br&gt;
                description  : Museum in a restored building that was the stables for Topkapı Palace. It exhibits various instruments for astronomy, clocks, pumps, weaponry and so on developed in Islamic realms down the centuries, but these are modern repro, and explanations of their context are skimpy. Islamic science and technology preceded that of Europe, as they insist, but they get the tone wrong, as if that was the triumphal culmination rather than the springboard for further advance. &lt;br&gt;
                </description>
                <styleUrl>#110</styleUrl>
                <Point id="2409">
                    <coordinates>28.9796,41.0138,0.0</coordinates>
                </Point>
            </Placemark>
            <Placemark id="2412">
                <name>Rüstem Pasha Mosque </name>
                <description>
                category  : See_Eminönü &lt;br&gt;
                address  : Hasırcılar Cd 62  &lt;br&gt;
                url  :   &lt;br&gt;
                description  : Built in 1564 by Mimar Sinan for Rüstem Pasha, Grand Vizier of Suleiman the Magnificent, this small mosque has an interior covered by beautiful Iznik pottery, then at its zenith. &lt;br&gt;
                </description>
                <styleUrl>#110</styleUrl>
                <Point id="2411">
                    <coordinates>28.9688,41.0176,0.0</coordinates>
                </Point>
            </Placemark>
            <Placemark id="2414">
                <name>Beyazit II Mosque </name>
                <description>
                category  : See_Eminönü &lt;br&gt;
                address  : Yeniçeriler Cd  &lt;br&gt;
                url  :   &lt;br&gt;
                description  : Imposing mosque built 1500/05. The other parts of the religious complex have found secular use.  &lt;br&gt;
                </description>
                <styleUrl>#110</styleUrl>
                <Point id="2413">
                    <coordinates>28.9653,41.0103,0.0</coordinates>
                </Point>
            </Placemark>
            <Placemark id="2416">
                <name>Sokollu Mehmet Pasha Mosque </name>
                <description>
                category  : See_Cankurtaran &lt;br&gt;
                address  : Suterazisi Sk  &lt;br&gt;
                url  :   &lt;br&gt;
                description  : Sokollu Mehmet Pasha was the grand vizier and ''de facto'' ruler of the Ottoman Empire during its 16th century golden age. He commissioned this mosque, one of three in the city to bear his name, but the sloping site was a challenge. He hired the best, [[Architecture#Mimar Sinan  &lt;br&gt;
                </description>
                <styleUrl>#110</styleUrl>
                <Point id="2415">
                    <coordinates>28.9721,41.0048,0.0</coordinates>
                </Point>
            </Placemark>
            <Placemark id="2418">
                <name>Little Hagia Sophia </name>
                <description>
                category  : See_Cankurtaran &lt;br&gt;
                address  : Küçük Ayasofya Cd 78  &lt;br&gt;
                url  : https://littlehagiasophia.com/  &lt;br&gt;
                description  : Built as the Church of Saints Sergius and Bacchus around 530 AD, the same time as Hagia Sophia, but their styles differ. Transformed into a mosque in the early 1500s, it's beautifully decorated, with fine marble details, and has a pleasanter atmosphere than the larger busy mosques. The adjoining madrasa houses craft shops. &lt;br&gt;
                </description>
                <styleUrl>#110</styleUrl>
                <Point id="2417">
                    <coordinates>28.9719,41.0028,0.0</coordinates>
                </Point>
            </Placemark>
            <Placemark id="2420">
                <name>Theodosius Cistern </name>
                <description>
                category  : See_Beyazıt &lt;br&gt;
                address  : Piyer Loti Cd 2/1  &lt;br&gt;
                url  : https://www.serefiyesarnici.istanbul/en/  &lt;br&gt;
                description  : This was rediscovered in 2010 when an overlying building was demolished. It was built circa 430 AD to store water brought in by Valens Aqueduct. It's smaller than the better-known Basilica Cistern, but better lit, more atmospheric and less touristy. &lt;br&gt;
                </description>
                <styleUrl>#110</styleUrl>
                <Point id="2419">
                    <coordinates>28.9726,41.0073,0.0</coordinates>
                </Point>
            </Placemark>
            <Placemark id="2422">
                <name>Column of Constantine </name>
                <description>
                category  : See_Beyazıt &lt;br&gt;
                address  :  &lt;br&gt;
                url  :  &lt;br&gt;
                description  :  &lt;br&gt;
                </description>
                <styleUrl>#110</styleUrl>
                <Point id="2421">
                    <coordinates>28.9712828,41.008553,0.0</coordinates>
                </Point>
            </Placemark>
            <Placemark id="2424">
                <name>Valens Aqueduct </name>
                <description>
                category  : See_Süleymaniye &lt;br&gt;
                address  :  &lt;br&gt;
                url  :  &lt;br&gt;
                description  :  &lt;br&gt;
                </description>
                <styleUrl>#110</styleUrl>
                <Point id="2423">
                    <coordinates>28.9549684,41.0162933,0.0</coordinates>
                </Point>
            </Placemark>
            <Placemark id="2426">
                <name>Molla Zeyrek Mosque </name>
                <description>
                category  : See_Süleymaniye &lt;br&gt;
                address  : İbadethane Sk 2  &lt;br&gt;
                url  :   &lt;br&gt;
                description  : This is a triple structure: the church of the Monastery of Pantokrator built 1118, then a public church circa 1136 plus a chapel that served as a royal mausoleum. It became a mosque and medresse in Ottoman times, but without massive alteration so it's a prime example of middle-Byzantine architecture. It's nowadays again a mosque, photogenic by day or dusk but the area should be avoided at night. &lt;br&gt;
                </description>
                <styleUrl>#110</styleUrl>
                <Point id="2425">
                    <coordinates>28.9572,41.0197,0.0</coordinates>
                </Point>
            </Placemark>
            <Placemark id="2428">
                <name>Süleymaniye Mosque </name>
                <description>
                category  : See_Süleymaniye &lt;br&gt;
                address  : Prof Sıddık Sami Onar Cd 1  &lt;br&gt;
                url  : http://www.suleymaniyecamii.org/  &lt;br&gt;
                description  : On top of a hill overlooking the Golden Horn, this is a magnificent mosque built by Sinan in the 1550s. It was centrepiece of a large ''külliye'', a religious complex which included madrasas, a public kitchen and a hospital.. The small cemetery east has the mausoleums of Suleiman the Magnificent and of his wife Hurrem Sultan or Roxelana. &lt;br&gt;
                </description>
                <styleUrl>#110</styleUrl>
                <Point id="2427">
                    <coordinates>28.9639,41.0161,0.0</coordinates>
                </Point>
            </Placemark>
            <Placemark id="2430">
                <name>Column of Marcian </name>
                <description>
                category  : See_Fatih &lt;br&gt;
                address  :  &lt;br&gt;
                url  :  &lt;br&gt;
                description  :  &lt;br&gt;
                </description>
                <styleUrl>#110</styleUrl>
                <Point id="2429">
                    <coordinates>28.9502846,41.0154411,0.0</coordinates>
                </Point>
            </Placemark>
            <Placemark id="2432">
                <name>Fatih Mosque </name>
                <description>
                category  : See_Fatih &lt;br&gt;
                address  : Hattat Nafiz Cd 6  &lt;br&gt;
                url  :   &lt;br&gt;
                description  : The original mosque was built between 1463-1470 by the Greek architect Atik Sinan, by order of Sultan Mehmet II the Conqueror, on the site of the former Church of the Holy Apostles, which had served as Byzantine Imperial burial place for a thousand years. The grand complex with eight medreses, a library, hospital, hospice, caravanserai, market, hamam, primary school and public soup kitchen was smashed again and again by earthquakes, and the present building is from 1771 to a different design. The interior is lavish, and outside is the ornate tomb of Mehmet II and his wife Gülbahar Hatun. &lt;br&gt;
                </description>
                <styleUrl>#110</styleUrl>
                <Point id="2431">
                    <coordinates>28.9497,41.0197,0.0</coordinates>
                </Point>
            </Placemark>
            <Placemark id="2434">
                <name>St George's Cathedral </name>
                <description>
                category  : See_Golden Horn &lt;br&gt;
                address  : Dr Sadık Ahmet Cd 19  &lt;br&gt;
                url  : https://www.ec-patr.org/  &lt;br&gt;
                description  : This is modest from the outside, as the Ottomans would not permit non-Muslim religious buildings to rival the mosques. The interior is lavish but its chief importance is as the senior Eastern Orthodox church. Their Patriarchate has been housed here since 1586 when they were ejected from Agia Sophia.  &lt;br&gt;
                </description>
                <styleUrl>#110</styleUrl>
                <Point id="2433">
                    <coordinates>28.9517,41.0292,0.0</coordinates>
                </Point>
            </Placemark>
            <Placemark id="2436">
                <name>Phanar Greek Orthodox College </name>
                <description>
                category  : See_Golden Horn &lt;br&gt;
                address  :  &lt;br&gt;
                url  :  &lt;br&gt;
                description  : This is the red-brick castle seen south of St George. Built 1881/83, it teaches the standard Turkish curriculum plus Greek language and culture, and the tower houses an observatory. No visits. &lt;br&gt;
                </description>
                <styleUrl>#110</styleUrl>
                <Point id="2435">
                    <coordinates>28.9490685,41.0291107,0.0</coordinates>
                </Point>
            </Placemark>
            <Placemark id="2438">
                <name>Fethiye Mosque </name>
                <description>
                category  : See_Golden Horn &lt;br&gt;
                address  : Draman Cd  &lt;br&gt;
                url  :   &lt;br&gt;
                description  : The Church of Theotokos Pammakaristos (&quot;All-Blessed Mother of God&quot;) was built between the 11th and 12th centuries. The ''parekklesion'' or side-chapel was added maybe 1300, with rich mosaics. The main building became a mosque in 1591, named for Sultan Murad III's conquest (''fetih'', hence Fethiye) of Georgia and Azerbaijan: the interior was opened up, but the chapel was undisturbed and in modern times became a museum. In 2020 the entire building was proclaimed a mosque, and every scrap of Byzantine artistry was covered up, so now there's nothing worth seeing. &lt;br&gt;
                </description>
                <styleUrl>#110</styleUrl>
                <Point id="2437">
                    <coordinates>28.9464,41.0292,0.0</coordinates>
                </Point>
            </Placemark>
            <Placemark id="2440">
                <name>St Stephen Church </name>
                <description>
                category  : See_Golden Horn &lt;br&gt;
                address  : Mürselpaşa Cd  &lt;br&gt;
                url  :   &lt;br&gt;
                description  : A remarkable Bulgarian Orthodox church better known as ''Demir Kilise'', &quot;Iron Church&quot;, as it's a cast iron prefab. The Bulgarians split from the Greek Orthodox and established their own wooden church in 1870, which burned down. The ground was too weak for a masonry or concrete structure so they opted for cast iron. The sections were cast in Vienna, shipped here and assembled, to open in 1898. The church was renovated in 2018, but the archpatriarchate building across the street remains a gaunt shell.  &lt;br&gt;
                </description>
                <styleUrl>#110</styleUrl>
                <Point id="2439">
                    <coordinates>28.9497,41.0319,0.0</coordinates>
                </Point>
            </Placemark>
            <Placemark id="2442">
                <name>Ahrida Synagogue </name>
                <description>
                category  : See_Golden Horn &lt;br&gt;
                address  : Kürkçü Çeşmesi Sk 7  &lt;br&gt;
                url  :   &lt;br&gt;
                description  : This was built in the 1430s by Grecian Jews (&quot;Romaniotes&quot;) from the city of [[Ohrid]], now in North Macedonia. The district of Balat was a Jewish quarter, swelled from 1492 by those expelled from Spain. The synagogue is only open for pre-arranged tours. &lt;br&gt;
                </description>
                <styleUrl>#110</styleUrl>
                <Point id="2441">
                    <coordinates>28.9456,41.0328,0.0</coordinates>
                </Point>
            </Placemark>
            <Placemark id="2444">
                <name>Panorama 1453 History Museum </name>
                <description>
                category  : See_Southwest &lt;br&gt;
                address  : Topkapı Kültür Park  &lt;br&gt;
                url  : https://www.panoramikmuze.com/  &lt;br&gt;
                description  : This is a circular indoor space enclosed by a 3D depiction of the Ottomans breaching the Walls of Constantinople on 29 May 1453, with sound effects. It's over-priced, unhistorical and tourist-trappy.  &lt;br&gt;
                </description>
                <styleUrl>#110</styleUrl>
                <Point id="2443">
                    <coordinates>28.9204,41.0182,0.0</coordinates>
                </Point>
            </Placemark>
            <Placemark id="2446">
                <name>Koca Mustafa Pasha Mosque </name>
                <description>
                category  : See_Southwest &lt;br&gt;
                address  : Koca Mustafapaşa Cd 183  &lt;br&gt;
                url  :   &lt;br&gt;
                description  : Built in the early 5th century as a monastery dedicated to Saint Andrew the Apostle, in 766 it was the burial place of Saint Andrew of Crete and was later re-dedicated to him. It was rebuilt in the late 9th century and again in the 13th, then around 1490 converted into a mosque. From the 16th century it was occupied by the Dervishes, when the legend arose that a chain hung to a cypress tree in the courtyard was a truth diviner. The chain was swung between rival witnesses and the one it hit was telling the truth. The cypress stump is still standing. &lt;br&gt;
                </description>
                <styleUrl>#110</styleUrl>
                <Point id="2445">
                    <coordinates>28.9286,41.0034,0.0</coordinates>
                </Point>
            </Placemark>
            <Placemark id="2448">
                <name>Yedikule Fortress </name>
                <description>
                category  : See_Southwest &lt;br&gt;
                address  : Yedikule Meydanı Sk 9  &lt;br&gt;
                url  : https://www.yedikulehisari.com/en/  &lt;br&gt;
                description  : The Golden Gate was the ceremonial entrance through the Theodosian city walls. After the Ottomans captured the city in 1453, Mehmed II needed a stronghold for his treasures and documents. The gate was therefore bricked up and the walls reinforced into a fortress, with valuables stored in its seven towers, hence ''yedi kule''. In the following century the treasury moved to Topkapi Palace and the fort became a prison for high-level detainees - Osman II was strangled here in 1622. It remained in use until 1837, whereupon the Golden Gate was re-opened. &lt;br&gt;
                </description>
                <styleUrl>#110</styleUrl>
                <Point id="2447">
                    <coordinates>28.9227,40.9929,0.0</coordinates>
                </Point>
            </Placemark>
            <Placemark id="2450">
                <name>Balat </name>
                <description>
                category  : Do &lt;br&gt;
                address  :   &lt;br&gt;
                url  :   &lt;br&gt;
                description  : A neighborhood with colorful houses and stairs all along. &lt;br&gt;
                </description>
                <styleUrl>#150</styleUrl>
                <Point id="2449">
                    <coordinates>28.948000754054558,41.03009018958418,0.0</coordinates>
                </Point>
            </Placemark>
            <Placemark id="2452">
                <name>Hürrem Sultan Hamamı </name>
                <description>
                category  : Do_Hamams &lt;br&gt;
                address  : Aya Sofya Meydanı  &lt;br&gt;
                url  : https://www.hurremsultanhamami.com/  &lt;br&gt;
                description  : Bathhouse built in 1556 by Mimar Sinan, the chief Ottoman architect, at the request of Hürrem Sultan (Roxelana), wife of Suleiman the Magnificent. It was built over the former public baths of Zeuxippus, abandoned around 713. Restored in 2011, it's now an upmarket spa. &lt;br&gt;
                </description>
                <styleUrl>#150</styleUrl>
                <Point id="2451">
                    <coordinates>28.9791,41.0073,0.0</coordinates>
                </Point>
            </Placemark>
            <Placemark id="2454">
                <name>Cağaloğlu Hamamı </name>
                <description>
                category  : Do_Hamams &lt;br&gt;
                address  : Prof Kazım İsmail Gürkan Cd 24  &lt;br&gt;
                url  : https://www.cagalogluhamami.com.tr  &lt;br&gt;
                description  : Built in 1741, the last major hamam opened in the Ottoman era. It has ornate architecture, great service and a stellar cast of famous visitors. Prices to match, and only tourists now use it. &lt;br&gt;
                </description>
                <styleUrl>#150</styleUrl>
                <Point id="2453">
                    <coordinates>28.9756,41.0106,0.0</coordinates>
                </Point>
            </Placemark>
            <Placemark id="2456">
                <name>Şifa Hamamı </name>
                <description>
                category  : Do_Hamams &lt;br&gt;
                address  : Şifa Hamamı Sk 12  &lt;br&gt;
                url  : https://www.sifahamami.com/  &lt;br&gt;
                description  : Established in 1777, this is one of the cheaper options. It's marble throughout and the fittings could be original. It has a mixed main section and a separate female section for the scrubbing. &lt;br&gt;
                </description>
                <styleUrl>#150</styleUrl>
                <Point id="2455">
                    <coordinates>28.9757,41.0041,0.0</coordinates>
                </Point>
            </Placemark>
            <Placemark id="2458">
                <name>Süleymaniye Hamamı </name>
                <description>
                category  : Do_Hamams &lt;br&gt;
                address  : Mimar Sinan Cd 20  &lt;br&gt;
                url  : https://www.suleymaniyehamami.com.tr  &lt;br&gt;
                description  : Commissioned by Süleyman the Magnificent and built by Mimar Sinan in 1550, at the east edge of Süleymaniye mosque complex. It had private cubicles for distinguished visitors such as the sultan, but was mostly a standard working-class bathhouse. It was restored in 2001 and is nowadays touristy. It's the only mixed hamam in Istanbul, but mixed sessions are only for couples and families. &lt;br&gt;
                </description>
                <styleUrl>#150</styleUrl>
                <Point id="2457">
                    <coordinates>28.9658,41.0159,0.0</coordinates>
                </Point>
            </Placemark>
            <Placemark id="2460">
                <name>Grand Bazaar </name>
                <description>
                category  : Buy &lt;br&gt;
                address  :   &lt;br&gt;
                url  : http://www.grandbazaaristanbul.org  &lt;br&gt;
                description  : Vast historic covered bazaar with over 4400 shops. These are organized around their wares, so the silver jewellers are clustered together, shoe shops are together in another alley, and so on. Prices are double those elsewhere and locals don't shop here, but it's an atmospheric place with a vast selection.  &lt;br&gt;
                </description>
                <styleUrl>#166</styleUrl>
                <Point id="2459">
                    <coordinates>28.9685,41.0106,0.0</coordinates>
                </Point>
            </Placemark>
            <Placemark id="2462">
                <name>Egyptian Bazaar </name>
                <description>
                category  : Buy &lt;br&gt;
                address  :   &lt;br&gt;
                url  :   &lt;br&gt;
                description  : Smaller than Grand Bazaar, it specialises in herbs and spices. Very touristy, but prices (even after haggling) are twice those in the rest of the city. &lt;br&gt;
                </description>
                <styleUrl>#166</styleUrl>
                <Point id="2461">
                    <coordinates>28.9706,41.0164,0.0</coordinates>
                </Point>
            </Placemark>
            <Placemark id="2464">
                <name>Ilmek Antika Carpet &amp; Textile </name>
                <description>
                category  : Buy &lt;br&gt;
                address  : Küçük Ayasofya, Kaleci Sk. No:6  &lt;br&gt;
                url  :   &lt;br&gt;
                description  : Sells rugs and kilims as well as pillowcases (all produced in Uzbekistan). Pillowcases are between €10 and 60, depending on the material. &lt;br&gt;
                </description>
                <styleUrl>#166</styleUrl>
                <Point id="2463">
                    <coordinates>28.973562,41.003616,0.0</coordinates>
                </Point>
            </Placemark>
            <Placemark id="2466">
                <name>Historia AVM </name>
                <description>
                category  : Buy &lt;br&gt;
                address  : Adnan Menderes Blv 2  &lt;br&gt;
                url  : https://www.historia.com.tr/  &lt;br&gt;
                description  : AVM (''alışveriş merkezi'') means a shopping mall, and Historia is the only one in the Old City. Usual selections of garments, electronics, furniture, a large supermarket, plus a bowling alley, fast food and a cinema. Across the alley, Fenari İsa Mosque was an early Byzantine church, renovated as a mosque in the 1970s. &lt;br&gt;
                </description>
                <styleUrl>#166</styleUrl>
                <Point id="2465">
                    <coordinates>28.9454,41.0143,0.0</coordinates>
                </Point>
            </Placemark>
            <Placemark id="2468">
                <name>Karadeniz Aile Pide ve Kebap Salonu </name>
                <description>
                category  : Eat_Budget &lt;br&gt;
                address  : Hacı Tahsinbey Sk  &lt;br&gt;
                url  : http://www.karadenizpide.net/  &lt;br&gt;
                description  : Their specialty is pide.  &lt;br&gt;
                </description>
                <styleUrl>#82</styleUrl>
                <Point id="2467">
                    <coordinates>28.975,41.0085,0.0</coordinates>
                </Point>
            </Placemark>
            <Placemark id="2470">
                <name>Meşhur Pideci Orhan Usta </name>
                <description>
                category  : Eat_Budget &lt;br&gt;
                address  : Macuncu Sk 5A  &lt;br&gt;
                url  :   &lt;br&gt;
                description  : Welcoming small restaurant, good value. &lt;br&gt;
                </description>
                <styleUrl>#82</styleUrl>
                <Point id="2469">
                    <coordinates>28.9705,41.0137,0.0</coordinates>
                </Point>
            </Placemark>
            <Placemark id="2472">
                <name>Pak Pide Pizza Salonu </name>
                <description>
                category  : Eat_Budget &lt;br&gt;
                address  : Paşa Cami Sk 27  &lt;br&gt;
                url  :   &lt;br&gt;
                description  : Relaxing place for traditional pide. &lt;br&gt;
                </description>
                <styleUrl>#82</styleUrl>
                <Point id="2471">
                    <coordinates>28.968,41.0145,0.0</coordinates>
                </Point>
            </Placemark>
            <Placemark id="2474">
                <name>Ali Usta Çiğ Köfte </name>
                <description>
                category  : Eat_Budget &lt;br&gt;
                address  : Muhzirbaşı Sk 6  &lt;br&gt;
                url  :   &lt;br&gt;
                description  : Good value Çiǧ köfte (spicy wrap with a vegan tatar) takeaway. Ali the owner is an instagram celeb for his videos jibing customers, so you may be in a long line. &lt;br&gt;
                </description>
                <styleUrl>#82</styleUrl>
                <Point id="2473">
                    <coordinates>28.975121,41.014734,0.0</coordinates>
                </Point>
            </Placemark>
            <Placemark id="2476">
                <name>Efsane Kahvaltı </name>
                <description>
                category  : Eat_Budget &lt;br&gt;
                address  : Ragıp Gümüşpala Cd  &lt;br&gt;
                url  :   &lt;br&gt;
                description  : Great place for breakfast in a non-touristy area. &lt;br&gt;
                </description>
                <styleUrl>#82</styleUrl>
                <Point id="2475">
                    <coordinates>28.9662,41.0187,0.0</coordinates>
                </Point>
            </Placemark>
            <Placemark id="2478">
                <name>Buyruk Esnaf Lokantası </name>
                <description>
                category  : Eat_Budget &lt;br&gt;
                address  : Hoca Paşa Sk. 12  &lt;br&gt;
                url  : https://www.sirkecilokanta.com.tr/  &lt;br&gt;
                description  : A place that serves home-made style foods (&quot;ev yemekleri&quot;) which you can order from the counter. Great variety. &lt;br&gt;
                </description>
                <styleUrl>#82</styleUrl>
                <Point id="2477">
                    <coordinates>28.976062,41.013843,0.0</coordinates>
                </Point>
            </Placemark>
            <Placemark id="2480">
                <name>Palatium Cafe &amp; Restaurant </name>
                <description>
                category  : Eat_Mid-range &lt;br&gt;
                address  : Kutlugün Sk 33  &lt;br&gt;
                url  : https://www.palatiumcafeandrestaurant.com/  &lt;br&gt;
                description  : Decent trad food and ice cold beer. Lounge in the comfy bean-bag chairs, and backgammon and Nargileh are available. The restaurant looks down into the foundations of a Roman-era palace. &lt;br&gt;
                </description>
                <styleUrl>#86</styleUrl>
                <Point id="2479">
                    <coordinates>28.98,41.0058,0.0</coordinates>
                </Point>
            </Placemark>
            <Placemark id="2482">
                <name>Cafe Amedros </name>
                <description>
                category  : Eat_Mid-range &lt;br&gt;
                address  : Hoca Rüstem Sk 7  &lt;br&gt;
                url  : https://www.amedroscafe.com/  &lt;br&gt;
                description  : Good Ottoman cuisine with veggie and GF choices. &lt;br&gt;
                </description>
                <styleUrl>#86</styleUrl>
                <Point id="2481">
                    <coordinates>28.9739,41.0083,0.0</coordinates>
                </Point>
            </Placemark>
            <Placemark id="2484">
                <name>Rumeli Restaurant </name>
                <description>
                category  : Eat_Mid-range &lt;br&gt;
                address  : Ticarethane Sk 11  &lt;br&gt;
                url  :   &lt;br&gt;
                description  : Not cheap, but good value for its Ottoman and Turkish cuisine, service and vibe. &lt;br&gt;
                </description>
                <styleUrl>#86</styleUrl>
                <Point id="2483">
                    <coordinates>28.9765,41.0083,0.0</coordinates>
                </Point>
            </Placemark>
            <Placemark id="2486">
                <name>Korecan </name>
                <description>
                category  : Eat_Mid-range_Other cuisine &lt;br&gt;
                address  : Cankurtaran Meydanı Sk 10  &lt;br&gt;
                url  :   &lt;br&gt;
                description  : Good Korean cuisine. &lt;br&gt;
                </description>
                <styleUrl>#86</styleUrl>
                <Point id="2485">
                    <coordinates>28.9817,41.0053,0.0</coordinates>
                </Point>
            </Placemark>
            <Placemark id="2488">
                <name>Virginia Angus Steakhouse </name>
                <description>
                category  : Eat_Mid-range_Other cuisine &lt;br&gt;
                address  : Uzun Çarşı Cd 2  &lt;br&gt;
                url  : https://virginiaangus.eatbu.com/  &lt;br&gt;
                description  : Steaks, burgers and similar. &lt;br&gt;
                </description>
                <styleUrl>#86</styleUrl>
                <Point id="2487">
                    <coordinates>28.9677,41.0159,0.0</coordinates>
                </Point>
            </Placemark>
            <Placemark id="2490">
                <name>Olden 1772 </name>
                <description>
                category  : Eat_Splurge &lt;br&gt;
                address  : Hobyar, Mimar Vedat Sk. No:3  &lt;br&gt;
                url  : https://www.instagram.com/olden1772  &lt;br&gt;
                description  : A trip in both history and gastronomy.  &lt;br&gt;
                </description>
                <styleUrl>#90</styleUrl>
                <Point id="2489">
                    <coordinates>28.97428582310056,41.01478197782489,0.0</coordinates>
                </Point>
            </Placemark>
            <Placemark id="2492">
                <name>Kumkapı </name>
                <description>
                category  : Drink &lt;br&gt;
                address  :  &lt;br&gt;
                url  :  &lt;br&gt;
                description  :  &lt;br&gt;
                </description>
                <styleUrl>#58</styleUrl>
                <Point id="2491">
                    <coordinates>28.9629002,41.0033651,0.0</coordinates>
                </Point>
            </Placemark>
            <Placemark id="2494">
                <name>Samatya </name>
                <description>
                category  : Drink &lt;br&gt;
                address  :  &lt;br&gt;
                url  :  &lt;br&gt;
                description  :  &lt;br&gt;
                </description>
                <styleUrl>#58</styleUrl>
                <Point id="2493">
                    <coordinates>28.9326654,41.000679,0.0</coordinates>
                </Point>
            </Placemark>
            <Placemark id="2496">
                <name>Sarayburnu Aile Çay Bahçesi </name>
                <description>
                category  : Drink &lt;br&gt;
                address  : Sarayburnu Point, off Kennedy Cd  &lt;br&gt;
                url  :   &lt;br&gt;
                description  : Open-air cafe on the coast with great views, though the park is grubby. Tea, coffee and many flavours of hubble-bubble. &lt;br&gt;
                </description>
                <styleUrl>#58</styleUrl>
                <Point id="2495">
                    <coordinates>28.986,41.0175,0.0</coordinates>
                </Point>
            </Placemark>
            <Placemark id="2498">
                <name>Anadolu Nargile </name>
                <description>
                category  : Drink &lt;br&gt;
                address  : Yeniçeriler Cd 32  &lt;br&gt;
                url  :   &lt;br&gt;
                description  : Shisha / hookah cafe in the courtyard of the former Çorlulu Ali Paşa Medrese, so plenty of Ottoman ambience. &lt;br&gt;
                </description>
                <styleUrl>#58</styleUrl>
                <Point id="2497">
                    <coordinates>28.968,41.0089,0.0</coordinates>
                </Point>
            </Placemark>
            <Placemark id="2500">
                <name>Vefa Bozacısı </name>
                <description>
                category  : Drink &lt;br&gt;
                address  : Vefa Cd 66  &lt;br&gt;
                url  : https://www.vefa.com.tr/  &lt;br&gt;
                description  : Established in 1876, this cafe specializes in ''boza'', a ferment of bulgur wheat with a sweetish tart taste. A favourite of the Ottomans, it's still popular in the Balkans and Central Asia. It's less than 1% alcohol, but it was the closest you got to being off your head in Neolithic times. &lt;br&gt;
                </description>
                <styleUrl>#58</styleUrl>
                <Point id="2499">
                    <coordinates>28.9584,41.0154,0.0</coordinates>
                </Point>
            </Placemark>
            <Placemark id="2502">
                <name>Hotel Sultania </name>
                <description>
                category  : Sleep_Splurge &lt;br&gt;
                address  : Mehmet Murat Sk 4  &lt;br&gt;
                url  : https://www.hotelsultania.com  &lt;br&gt;
                description  : Charming hotel with 42 rooms, each dedicated to a wife of the sultan. &lt;br&gt;
                </description>
                <styleUrl>#106</styleUrl>
                <Point id="2501">
                    <coordinates>28.9774,41.0125,0.0</coordinates>
                </Point>
            </Placemark>
            <Placemark id="2504">
                <name>Four Seasons at Sultanahmet </name>
                <description>
                category  : Sleep_Splurge &lt;br&gt;
                address  : Tevkifhane Sk 1  &lt;br&gt;
                url  : https://www.fourseasons.com/istanbul/  &lt;br&gt;
                description  : A converted prison built in 1918 near Sultanahmet mosque, great reviews for comfort and service. Their sister hotel is further up the Bosphorus. &lt;br&gt;
                </description>
                <styleUrl>#106</styleUrl>
                <Point id="2503">
                    <coordinates>28.9802,41.0067,0.0</coordinates>
                </Point>
            </Placemark>
            <Placemark id="2506">
                <name>Wyndham Old City Hotel </name>
                <description>
                category  : Sleep_Splurge &lt;br&gt;
                address  : Şehzadebaşı Cd 1  &lt;br&gt;
                url  : https://www.wyndhamhotels.com/wyndham/istanbul-turkiye/wyndham-istanbul-old-city/overview  &lt;br&gt;
                description  : 87 rooms with spa and pool. Dreadful reviews in late 2024 but they've since much improved. &lt;br&gt;
                </description>
                <styleUrl>#106</styleUrl>
                <Point id="2505">
                    <coordinates>28.9584,41.0124,0.0</coordinates>
                </Point>
            </Placemark>
            <Placemark id="2508">
                <name>Doubletree by Hilton Old Town </name>
                <description>
                category  : Sleep_Splurge &lt;br&gt;
                address  : Ordu Cd 31  &lt;br&gt;
                url  : https://doubletree3.hilton.com  &lt;br&gt;
                description  : Clean welcoming modern hotel. &lt;br&gt;
                </description>
                <styleUrl>#106</styleUrl>
                <Point id="2507">
                    <coordinates>28.9603,41.0092,0.0</coordinates>
                </Point>
            </Placemark>
            <Placemark id="2510">
                <name>Istanbul/Galata | Galata</name>
                <description>
                category  : Go next &lt;br&gt;
                address  :  &lt;br&gt;
                url  :  &lt;br&gt;
                description  : Istanbul/Galata | Galata, reached by the bridge over the Golden Horn, is the city's downtown. &lt;br&gt;
                </description>
                <styleUrl>#170</styleUrl>
                <Point id="2509">
                    <coordinates>28.9731036,41.0183004,0.0</coordinates>
                </Point>
            </Placemark>
            <Placemark id="2512">
                <name>Dudullu Terminal </name>
                <description>
                category  : Get in &lt;br&gt;
                address  :   &lt;br&gt;
                url  :   &lt;br&gt;
                description  : Second main bus terminal of the Asian side of the city. &lt;br&gt;
                </description>
                <styleUrl>#38</styleUrl>
                <Point id="2511">
                    <coordinates>29.14095,40.99758,0.0</coordinates>
                </Point>
            </Placemark>
            <Placemark id="2514">
                <name>Hekimbaşı Hunting Lodge </name>
                <description>
                category  : See &lt;br&gt;
                address  : Hekimbaşı, Okul Cd. No:12, Ümraniye  &lt;br&gt;
                url  : http://www.umraniye.gov.tr/hekimbasi-av-kosku  &lt;br&gt;
                description  :  It was built for Hekimbaşı Küçük Hayrullah Efendi (1817-1866) by the renowned architect Sarkis Balyan. &lt;br&gt;
                </description>
                <styleUrl>#110</styleUrl>
                <Point id="2513">
                    <coordinates>29.09405,41.06226,0.0</coordinates>
                </Point>
            </Placemark>
            <Placemark id="2516">
                <name>Nezahat Gökyiğit Botanical Garden </name>
                <description>
                category  : See &lt;br&gt;
                address  : Yan Yol, Ataşehir, Rıfat Danışman Sok., Ataşehir  &lt;br&gt;
                url  : https://www.ngbb.org.tr/  &lt;br&gt;
                description  :  The herbarium, which contains about 8,500 plant specimens, contains living records of hundreds of different species from dozens of genera. &lt;br&gt;
                </description>
                <styleUrl>#110</styleUrl>
                <Point id="2515">
                    <coordinates>29.11946,40.99701,0.0</coordinates>
                </Point>
            </Placemark>
            <Placemark id="2518">
                <name>DasDas </name>
                <description>
                category  : See &lt;br&gt;
                address  : Atatürk, Ataşehir Blv., Ataşehir  &lt;br&gt;
                url  : https://xmediaartmuseum.com/  &lt;br&gt;
                description  : A cultural complex for various art forms and events. Also home to X Media Art Museum, Turkey's first digital art and new media museum. &lt;br&gt;
                </description>
                <styleUrl>#110</styleUrl>
                <Point id="2517">
                    <coordinates>29.12513,40.99405,0.0</coordinates>
                </Point>
            </Placemark>
            <Placemark id="2520">
                <name>Sustainable Art House </name>
                <description>
                category  : See &lt;br&gt;
                address  : Atatürk, Sülün Cd. No:19, Ataşehir  &lt;br&gt;
                url  :   &lt;br&gt;
                description  :  &lt;br&gt;
                </description>
                <styleUrl>#110</styleUrl>
                <Point id="2519">
                    <coordinates>29.135,40.98504,0.0</coordinates>
                </Point>
            </Placemark>
            <Placemark id="2522">
                <name>Gallery 11.17 </name>
                <description>
                category  : See &lt;br&gt;
                address  : Küçükbakkalköy, Fırın Cd. No:29 Ataşehir  &lt;br&gt;
                url  : https://www.instagram.com/gallery11.17/  &lt;br&gt;
                description  : A boutique art museum. &lt;br&gt;
                </description>
                <styleUrl>#110</styleUrl>
                <Point id="2521">
                    <coordinates>29.1143,40.9823,0.0</coordinates>
                </Point>
            </Placemark>
            <Placemark id="2524">
                <name>Bostancıbaşı Bridge </name>
                <description>
                category  : See &lt;br&gt;
                address  : Altıntepe, Bağdat Cad. No:3, Maltepe  &lt;br&gt;
                url  :   &lt;br&gt;
                description  : Rumored to be built by Mimar Sinan in XVI. century. &lt;br&gt;
                </description>
                <styleUrl>#110</styleUrl>
                <Point id="2523">
                    <coordinates>29.0963,40.95319,0.0</coordinates>
                </Point>
            </Placemark>
            <Placemark id="2526">
                <name>Küçükyalı Archeopark </name>
                <description>
                category  : See &lt;br&gt;
                address  : Çınar, Gürkan Sk. No:4, Maltepe  &lt;br&gt;
                url  : https://kyap.ku.edu.tr/  &lt;br&gt;
                description  : An archeological park run by Koç University. &lt;br&gt;
                </description>
                <styleUrl>#110</styleUrl>
                <Point id="2525">
                    <coordinates>29.11533,40.94363,0.0</coordinates>
                </Point>
            </Placemark>
            <Placemark id="2528">
                <name>Ülker Arena </name>
                <description>
                category  : Do &lt;br&gt;
                address  : Barbaros, Ihlamur Bv, Ataşehir  &lt;br&gt;
                url  : https://www.instagram.com/ulkersportsarena/  &lt;br&gt;
                description  : A multi-purpose arena for sports and concerts, homecourt of EuroLeague powerhouse Fenerbahçe and to its basketball museum. &lt;br&gt;
                </description>
                <styleUrl>#150</styleUrl>
                <Point id="2527">
                    <coordinates>29.10501,40.99282,0.0</coordinates>
                </Point>
            </Placemark>
            <Placemark id="2530">
                <name>Ataşehir Golf Club </name>
                <description>
                category  : Do &lt;br&gt;
                address  : Atatürk, Atapark Cd, Ataşehir  &lt;br&gt;
                url  : https://atasehirgolf.com/  &lt;br&gt;
                description  : One of the few golf clubs in the city. &lt;br&gt;
                </description>
                <styleUrl>#150</styleUrl>
                <Point id="2529">
                    <coordinates>29.14142,40.99149,0.0</coordinates>
                </Point>
            </Placemark>
            <Placemark id="2532">
                <name>Maltepe Beach Parks </name>
                <description>
                category  : Do &lt;br&gt;
                address  : Yalı, Turgut Özal Blv. No:223, Maltepe &lt;br&gt;
                url  :   &lt;br&gt;
                description  : Hotspot for the youth and families alike. You could either grab a couple of beers to relax in greenery or participate in watersports such as sailing and rowing, or rent a bike to enjoy the fresh air. &lt;br&gt;
                </description>
                <styleUrl>#150</styleUrl>
                <Point id="2531">
                    <coordinates>29.11848,40.9266,0.0</coordinates>
                </Point>
            </Placemark>
            <Placemark id="2534">
                <name>Meydan AVM </name>
                <description>
                category  : Buy &lt;br&gt;
                address  : Fatih Sultan Mehmet, Balkan Cd. No 62, Ümraniye  &lt;br&gt;
                url  : https://meydan-istanbul.com/  &lt;br&gt;
                description  :  &lt;br&gt;
                </description>
                <styleUrl>#166</styleUrl>
                <Point id="2533">
                    <coordinates>29.126,41.02458,0.0</coordinates>
                </Point>
            </Placemark>
            <Placemark id="2536">
                <name>Watergarden </name>
                <description>
                category  : Buy &lt;br&gt;
                address  : Barbaros, Kızılbegonya Sok 10/1, Ataşehir  &lt;br&gt;
                url  : https://watergarden.com.tr/  &lt;br&gt;
                description  :  &lt;br&gt;
                </description>
                <styleUrl>#166</styleUrl>
                <Point id="2535">
                    <coordinates>29.09981,40.99802,0.0</coordinates>
                </Point>
            </Placemark>
            <Placemark id="2538">
                <name>Hilltown </name>
                <description>
                category  : Buy &lt;br&gt;
                address  : Aydınevler, Siteler Yolu No:28, Maltepe &lt;br&gt;
                url  : https://hilltownkucukyali.com/tr  &lt;br&gt;
                description  :  &lt;br&gt;
                </description>
                <styleUrl>#166</styleUrl>
                <Point id="2537">
                    <coordinates>29.12158,40.95295,0.0</coordinates>
                </Point>
            </Placemark>
            <Placemark id="2540">
                <name>Tepeüstü Kavşağı</name>
                <description>
                category  : Eat &lt;br&gt;
                address  : Ümraniye  &lt;br&gt;
                url  :   &lt;br&gt;
                description  : Cluster of restaurants in Ümraniye offering classic Turkish cuisine. &lt;br&gt;
                </description>
                <styleUrl>#78</styleUrl>
                <Point id="2539">
                    <coordinates>29.12841,41.02074,0.0</coordinates>
                </Point>
            </Placemark>
            <Placemark id="2542">
                <name>Metropol </name>
                <description>
                category  : Eat &lt;br&gt;
                address  : Ataşehir Bulvarı, Ataşehir  &lt;br&gt;
                url  :   &lt;br&gt;
                description  : A shopping &amp; restaurant centre. Also houses the tallest building in all of Turkey with 301-m height. &lt;br&gt;
                </description>
                <styleUrl>#78</styleUrl>
                <Point id="2541">
                    <coordinates>29.12005,40.99388,0.0</coordinates>
                </Point>
            </Placemark>
            <Placemark id="2544">
                <name>City's Istanbul </name>
                <description>
                category  : Eat &lt;br&gt;
                address  :   &lt;br&gt;
                url  :   &lt;br&gt;
                description  : A shopping &amp; restaurant centre. &lt;br&gt;
                </description>
                <styleUrl>#78</styleUrl>
                <Point id="2543">
                    <coordinates>29.09906,40.97988,0.0</coordinates>
                </Point>
            </Placemark>
            <Placemark id="2546">
                <name>Idealtepe Sahil</name>
                <description>
                category  : Eat &lt;br&gt;
                address  : Maltepe  &lt;br&gt;
                url  :   &lt;br&gt;
                description  : Wide selection of restaurants thruought the causeway.  &lt;br&gt;
                </description>
                <styleUrl>#78</styleUrl>
                <Point id="2545">
                    <coordinates>29.11468,40.93645,0.0</coordinates>
                </Point>
            </Placemark>
            <Placemark id="2548">
                <name>Bulvar 216 </name>
                <description>
                category  : Drink &lt;br&gt;
                address  : Barbaros, Gelincik Sk No:4, Ataşehir  &lt;br&gt;
                url  : https://www.bulvar216.com/tr/  &lt;br&gt;
                description  : A gastro-center with numerous cafes, cocktail bars, pubs and restaurants offering international food. &lt;br&gt;
                </description>
                <styleUrl>#58</styleUrl>
                <Point id="2547">
                    <coordinates>29.11055,40.9943,0.0</coordinates>
                </Point>
            </Placemark>
            <Placemark id="2550">
                <name>Süreyya Plajı </name>
                <description>
                category  : Drink &lt;br&gt;
                address  :   &lt;br&gt;
                url  :   &lt;br&gt;
                description  : Clusters of 'meyhane' taverns and 'nargile' shisha cafes on the causeway.  &lt;br&gt;
                </description>
                <styleUrl>#58</styleUrl>
                <Point id="2549">
                    <coordinates>29.11214,40.94013,0.0</coordinates>
                </Point>
            </Placemark>
            <Placemark id="2552">
                <name>Crowne Plaza Istanbul - Oryapark </name>
                <description>
                category  : Sleep &lt;br&gt;
                address  : İnkılap, Küçüksu Cd. No58, Ümraniye  &lt;br&gt;
                url  : https://www.ihg.com/crowneplaza/hotels/en/en/istanbul/istur/hoteldetail  &lt;br&gt;
                description  :  &lt;br&gt;
                </description>
                <styleUrl>#94</styleUrl>
                <Point id="2551">
                    <coordinates>29.10842,41.03004,0.0</coordinates>
                </Point>
            </Placemark>
            <Placemark id="2554">
                <name>Istanbul Marriott Hotel Asia </name>
                <description>
                category  : Sleep &lt;br&gt;
                address  : Küçükbakkalköy, Kayışdağı Cd. No:3, Ataşehir  &lt;br&gt;
                url  : https://www.marriott.com/en-us/hotels/istmc-istanbul-marriott-hotel-asia/overview/  &lt;br&gt;
                description  :  &lt;br&gt;
                </description>
                <styleUrl>#94</styleUrl>
                <Point id="2553">
                    <coordinates>29.10087,40.98115,0.0</coordinates>
                </Point>
            </Placemark>
            <Placemark id="2556">
                <name>Kabataş Pier </name>
                <description>
                category  : Get in_By ferry &lt;br&gt;
                address  :   &lt;br&gt;
                url  :   &lt;br&gt;
                description  :  &lt;br&gt;
                </description>
                <styleUrl>#38</styleUrl>
                <Point id="2555">
                    <coordinates>29.0231657,40.9928996,0.0</coordinates>
                </Point>
            </Placemark>
            <Placemark id="2558">
                <name>Galata Tower </name>
                <description>
                category  : See_Around Galata Tower &lt;br&gt;
                address  :   &lt;br&gt;
                url  : https://muze.gov.tr/muze-detay?SectionId &lt;br&gt;
                description  : It was built by the Genoese in the 14th century on the city walls of Galata, marking the highest point of their territory. Ride an elevator and take two flights of stairs to the top, then walk the parapet for a 360°-view of Istanbul, including the entire Sultanahmet peninsula: crowned by Topkapı Palace, the Blue Mosque and Hagia Sophia. A beautiful spot worthy of a lot of pictures. &lt;br&gt;
                </description>
                <styleUrl>#110</styleUrl>
                <Point id="2557">
                    <coordinates>28.974167,41.025556,0.0</coordinates>
                </Point>
            </Placemark>
            <Placemark id="2560">
                <name>Galata Convent of Whirling Dervishes </name>
                <description>
                category  : See_Around Galata Tower &lt;br&gt;
                address  : Galip Dede Cd 15, Tünel  &lt;br&gt;
                url  : https://muze.gov.tr/muze-detay?sectionId &lt;br&gt;
                description  : A ritual dancing hall of the mystical Mevlevi order, the followers of the teachings of Mewlānā Rumi. The quiet and peaceful garden is a welcome escape from the hustle and bustle of Beyoğlu. The oldest Mevlevi lodge in Istanbul, the convent was started in 1491, when the surrounding area was, hard to believe today but, pure wilderness beyond the city walls of Galata, although the current building dates back to 1855, as the older versions succumbed to repairs, rebuildings, and fires. However, the lodge was shut down in the early years of the republic (in 1925) along with all other 'reactionary' movements in Turkey, and the building has been serving as a museum dedicated to the Mevlevi order since 2010. Downstairs is a series of rooms dealing with the daily life of an average dervish, with informational signs in Turkish and English about the history of Islam and the Mevlevi order (also notice the original wooden pillars that support the building on this floor). On the upper floor is a dancing hall, a perfect example of 19th century Ottoman Baroque. Pre-Covid, this was where the ''sema'' whirling ceremonies were held every weekend evenings (admission by an extra ticket costing around 100 TL); check if they resumed. On the third floor is a display of various traditional Turkish/Islamic arts, including paper marbling (''ebru''), and calligraphy. After exiting the building, check out the small graveyard (or the &quot;silent house&quot; as the sign at its entrance says) on one side of the building, shaded by a number of hackberry trees, which Ottomans favoured to plant in the yards of mosques and graves to sign holiness. Here, the carved fez, or the basket of flowers in case of women, perched upon the highly detailed marble gravestone indicates the occupant's rank in the dervish hierarchy. At one corner of the necropolis is the grave of '''İbrahim Müteferrika''', a converted Hungarian who was the first to start automated publishing in Ottoman Turkish in the 18th century, and served as the translator of Hungarian revolutionaries who sought asylum in Turkey, such as Kossuth, who stayed for a year in [[Kütahya]], or Ferenc Rakoczi, who lived his last years in [[Tekirdağ]]. &lt;br&gt;
                </description>
                <styleUrl>#110</styleUrl>
                <Point id="2559">
                    <coordinates>28.975125,41.028028,0.0</coordinates>
                </Point>
            </Placemark>
            <Placemark id="2562">
                <name>Kasimpaşa Mevlevihanesi </name>
                <description>
                category  : See_Around Galata Tower &lt;br&gt;
                address  : Keramet Sk. No: 17  &lt;br&gt;
                url  : https://kasimpasamevlevihanesi.com/  &lt;br&gt;
                description  : a Mevlevi cultural center opened in 2024 which regularly offers Dervish sema ceremonies. There are also some posters with information in Turkish about the Mevlevi movement and a gift shop, but not much else to be seen. &lt;br&gt;
                </description>
                <styleUrl>#110</styleUrl>
                <Point id="2561">
                    <coordinates>28.97069,41.036213,0.0</coordinates>
                </Point>
            </Placemark>
            <Placemark id="2564">
                <name>Crimean Memorial Church </name>
                <description>
                category  : See_Around Galata Tower &lt;br&gt;
                address  : Kumbaracıbaşı Yokuşu  &lt;br&gt;
                url  : http://anglicansistanbul.blogspot.com  &lt;br&gt;
                description  : A neo-gothic Anglican cathedral which would not be out of place in northwestern Europe, the Crimean Memorial Church was built for the Protestant community of the city by [[United Kingdom &lt;br&gt;
                </description>
                <styleUrl>#110</styleUrl>
                <Point id="2563">
                    <coordinates>28.9771,41.0277,0.0</coordinates>
                </Point>
            </Placemark>
            <Placemark id="2566">
                <name>Arap Camii </name>
                <description>
                category  : See_Around Galata Tower &lt;br&gt;
                address  : Galata Mahkemesi Sk  &lt;br&gt;
                url  :   &lt;br&gt;
                description  : The building was erected as a Roman Catholic church in 1325 by the friars of the Dominican Order, near or above an earlier chapel dedicated to Saint Paul (Italian: San Paolo) in 1233. In 1299, the Dominican Friar Guillaume Bernard de Sévérac bought a house near the church, where he established a monastery with 12 friars. A new, much larger church was built near or above the chapel of San Paolo in 1325. Thereafter the church was officially dedicated to San Domenico. After the Fall of Constantinople, according to the Capitulations of the Ottoman Empire with the Republic of Genoa, the church, which by that time was known by the Turks under the name of Mesa Domenico, remained in Genoese hands, but between 1475 and 1478 it was transformed, with minor modifications, into a mosque by the Ottoman Sultan Mehmed II and became known as Galata Camii (&quot;Galata Mosque&quot;) or Cami-i Kebir (&quot;Great Mosque&quot;). Towards the end of the century Sultan Bayezid II assigned the building to those Muslims of Spain (Andalusia) who had fled the Spanish Inquisition and migrated to Istanbul; hence the present name Arap Camii (Arab Mosque). Today, Arap Camii is the largest mosque on the Galata side of the Golden Horn. It is one of the most interesting mosques in the city due to its early Italian [[Gothic architecture &lt;br&gt;
                </description>
                <styleUrl>#110</styleUrl>
                <Point id="2565">
                    <coordinates>28.970833,41.024444,0.0</coordinates>
                </Point>
            </Placemark>
            <Placemark id="2568">
                <name>Neve Shalom Synagogue </name>
                <description>
                category  : See_Around Galata Tower_Jewish heritage &lt;br&gt;
                address  :   &lt;br&gt;
                url  : http://www.nevesalom.org/  &lt;br&gt;
                description  : The most beautiful and the largest in the city where most of the religious ceremonies like bar-mitzvahs, weddings and funerals are held. &lt;br&gt;
                </description>
                <styleUrl>#110</styleUrl>
                <Point id="2567">
                    <coordinates>28.972417,41.026694,0.0</coordinates>
                </Point>
            </Placemark>
            <Placemark id="2570">
                <name>Ashkenazi Synagogue </name>
                <description>
                category  : See_Around Galata Tower_Jewish heritage &lt;br&gt;
                address  :   &lt;br&gt;
                url  :   &lt;br&gt;
                description  : The only active Ashkenazi Synagogue open to visits and prayers. &lt;br&gt;
                </description>
                <styleUrl>#110</styleUrl>
                <Point id="2569">
                    <coordinates>28.975083,41.0244956,0.0</coordinates>
                </Point>
            </Placemark>
            <Placemark id="2572">
                <name>The Jewish Museum of Turkey </name>
                <description>
                category  : See_Around Galata Tower_Jewish heritage &lt;br&gt;
                address  : Bereketzade Mh, Büyük Hendek Cd 39, Beyoğlu  &lt;br&gt;
                url  : http://www.muze500.com/  &lt;br&gt;
                description  : A former synagogue, the museum's exhibit details how the cultures mixed with and influenced each other in the past 500+ years since the Spanish expulsion. &lt;br&gt;
                </description>
                <styleUrl>#110</styleUrl>
                <Point id="2571">
                    <coordinates>28.9727283,41.0267866,0.0</coordinates>
                </Point>
            </Placemark>
            <Placemark id="2574">
                <name>Camondo Stairs </name>
                <description>
                category  : See_Around Galata Tower_Jewish heritage &lt;br&gt;
                address  :   &lt;br&gt;
                url  :   &lt;br&gt;
                description  : An attractive stairway mixing the Neo-Baroque and early Art Nouveau styles, climbing up from Bankalar St towards the Galata Tower. It was built in the 1870s by Abraham Salomon Camondo, who belonged to a prominent Ottoman-Venetian Jewish family of financiers and philanthropists. &lt;br&gt;
                </description>
                <styleUrl>#110</styleUrl>
                <Point id="2573">
                    <coordinates>28.97378,41.02397,0.0</coordinates>
                </Point>
            </Placemark>
            <Placemark id="2576">
                <name>Schneidertempel </name>
                <description>
                category  : See_Around Galata Tower_Jewish heritage &lt;br&gt;
                address  : Bereketzade, Bankalar Cad./felek Sok. No:1  &lt;br&gt;
                url  : http://www.schneidertempel.org/ &lt;br&gt;
                description  : This former synagogue of Ashkenazi Jews (many of German or French origin) now hosts an art gallery downstairs. Upstairs, there is an exhibition about the arrival and the lives of Ashkenazi Jews in Istanbul, with many original exhibits, including a letter from Albert Einstein. All explanations are in both Turkish and English. &lt;br&gt;
                </description>
                <styleUrl>#110</styleUrl>
                <Point id="2575">
                    <coordinates>28.974002326991922,41.02411637715728,0.0</coordinates>
                </Point>
            </Placemark>
            <Placemark id="2578">
                <name>Pera Museum </name>
                <description>
                category  : See_Along İstiklal Caddesi &lt;br&gt;
                address  : Meşrutiyet Cd 65  &lt;br&gt;
                url  : http://en.peramuzesi.org.tr/  &lt;br&gt;
                description  : A private museum with a large painting collection and archaeological collections of measurement units and tools used in Asia Minor since antiquity and faiences of [[Kütahya]]. &lt;br&gt;
                </description>
                <styleUrl>#110</styleUrl>
                <Point id="2577">
                    <coordinates>28.975139,41.031833,0.0</coordinates>
                </Point>
            </Placemark>
            <Placemark id="2580">
                <name>French Institute </name>
                <description>
                category  : See_Along İstiklal Caddesi &lt;br&gt;
                address  : İstiklal Cd 4  &lt;br&gt;
                url  : http://www.ifturquie.org/  &lt;br&gt;
                description  : They have good art exhibits for free and sometimes have French films in the cinema. &lt;br&gt;
                </description>
                <styleUrl>#110</styleUrl>
                <Point id="2579">
                    <coordinates>28.9839866,41.0362358,0.0</coordinates>
                </Point>
            </Placemark>
            <Placemark id="2582">
                <name>Hagia Triada Greek Orthodox Church </name>
                <description>
                category  : See_Along İstiklal Caddesi &lt;br&gt;
                address  : Taksim Square  &lt;br&gt;
                url  :   &lt;br&gt;
                description  : A charming domed church built in 1880 at the side of Taksim Square, now uneasily contesting with Taksim Mosque for being the main landmark of the southern edge of the square.&lt;!----&gt;[[Image:Istanbul asv2021-11 img71 StAnthony of Padua Church.jpg &lt;br&gt;
                </description>
                <styleUrl>#110</styleUrl>
                <Point id="2581">
                    <coordinates>28.9842,41.0355,0.0</coordinates>
                </Point>
            </Placemark>
            <Placemark id="2584">
                <name>S. Antonio di Padova Catholic Church </name>
                <description>
                category  : See_Along İstiklal Caddesi &lt;br&gt;
                address  : Istiklal Cd 171 A  &lt;br&gt;
                url  :   &lt;br&gt;
                description  : Although not at the size of [[Istanbul/Sultanahmet-Old_City#See &lt;br&gt;
                </description>
                <styleUrl>#110</styleUrl>
                <Point id="2583">
                    <coordinates>28.977234,41.032317,0.0</coordinates>
                </Point>
            </Placemark>
            <Placemark id="2586">
                <name>Cezayir Street </name>
                <description>
                category  : See_Along İstiklal Caddesi &lt;br&gt;
                address  :   &lt;br&gt;
                url  :   &lt;br&gt;
                description  : Better known as '''Fransız Sokağı''' or ''La Rue Française'', i.e. &quot;French Street&quot;, is an alley of statues and geraniums hanging from windows, featuring [[France]]-themed restaurants, cafes, and pubs housed in renovated and brightly-painted neo-classical buildings. Upon its inauguration in its present form in 2005, there was a brief debate on how politically correct it would be to rename the street from ''Cezayir'' ([[Algeria]]) to ''Fransız'', who fought a bitter war against Algerian independence in the 1960s, which led the city council to abandon the idea of renaming the street. &lt;br&gt;
                </description>
                <styleUrl>#110</styleUrl>
                <Point id="2585">
                    <coordinates>28.97917,41.03135,0.0</coordinates>
                </Point>
            </Placemark>
            <Placemark id="2588">
                <name>Museum of Innocence </name>
                <description>
                category  : See_Along İstiklal Caddesi &lt;br&gt;
                address  : Çukurcuma Cd, Dalgıç Çıkmazı, 2  &lt;br&gt;
                url  : http://en.masumiyetmuzesi.org/  &lt;br&gt;
                description  : Opened in 2012, this museum is unique and a must-see when you are in the Beyoğlu area. It was created by Turkish Nobel laureate Orhan Pamuk alongside a novel of the same name. It tells the love story of the two main characters from the novel, and represents life in Istanbul during the late 1970s to early 1980s, as it exhibits thousands of objects from that era. &lt;br&gt;
                </description>
                <styleUrl>#110</styleUrl>
                <Point id="2587">
                    <coordinates>28.979822,41.030931,0.0</coordinates>
                </Point>
            </Placemark>
            <Placemark id="2590">
                <name>Orhan Kemal Museum </name>
                <description>
                category  : See_Elsewhere &lt;br&gt;
                address  : Akarsu Cd 30, Cihangir  &lt;br&gt;
                url  : http://www.orhankemal.org/  &lt;br&gt;
                description  : Tiny house museum on the life of Turkish novelist Orhan Kemal (1914–1970). &lt;br&gt;
                </description>
                <styleUrl>#110</styleUrl>
                <Point id="2589">
                    <coordinates>28.98357,41.03055,0.0</coordinates>
                </Point>
            </Placemark>
            <Placemark id="2592">
                <name>Adam Mickiewicz Museum </name>
                <description>
                category  : See_Elsewhere &lt;br&gt;
                address  : Tatlı Badem Sk 23, Tarlabaşı  &lt;br&gt;
                url  : https://muze.gov.tr/muze-detay?sectionId &lt;br&gt;
                description  : A historic house museum dedicated to the life of Adam Mickiewicz, renowned Polish poet. This is where he lived while in Turkey from September 1855 to 26 November 1855, when he died of illness. &lt;br&gt;
                </description>
                <styleUrl>#110</styleUrl>
                <Point id="2591">
                    <coordinates>28.9771,41.038777,0.0</coordinates>
                </Point>
            </Placemark>
            <Placemark id="2594">
                <name>Miniaturk </name>
                <description>
                category  : See_Elsewhere &lt;br&gt;
                address  : İmrahor Cd 7, Sütlüce  &lt;br&gt;
                url  : https://www.miniaturk.com.tr/en/  &lt;br&gt;
                description  : It was built in 2001 and is the first miniature park in Istanbul (the world's largest miniature park in respect to its model area). The park hosts icons of many cultures and civilizations. Models vary from the Hagia Sophia to Galata Tower, from Safranbolu Houses to the Sumela Monastery in Trabzon, from Qubbat As-Sakhrah to the ruins of Mount Nemrut. In addition, some works that have not survived into the present, such as the Temple of Artemis, the Halicarnassus Mausoleum and Ajyad Castle, were recreated. All former Ottoman Empire in one place.&lt;!----&gt;[[File:Aynalikavak Pavilion DSCF3310.jpg &lt;br&gt;
                </description>
                <styleUrl>#110</styleUrl>
                <Point id="2593">
                    <coordinates>28.948611,41.06,0.0</coordinates>
                </Point>
            </Placemark>
            <Placemark id="2596">
                <name>Aynalıkavak Pavilion </name>
                <description>
                category  : See_Elsewhere &lt;br&gt;
                address  : Aynalıkavak Cd, Hasköy  &lt;br&gt;
                url  : https://www.millisaraylar.gov.tr/Lokasyon/9/Aynalikavak-Pavilions  &lt;br&gt;
                description  : Started in 1613 by the Ottoman sultan Ahmet I (r. 1603–1617, who also had the Blue Mosque in the [[Istanbul/Sultanahmet-Old City &lt;br&gt;
                </description>
                <styleUrl>#110</styleUrl>
                <Point id="2595">
                    <coordinates>28.955319,41.037917,0.0</coordinates>
                </Point>
            </Placemark>
            <Placemark id="2598">
                <name>Rahmi M. Koç Industrial Museum </name>
                <description>
                category  : See_Elsewhere &lt;br&gt;
                address  : Hasköy Cd 5, Hasköy  &lt;br&gt;
                url  : https://rmk-museum.org.tr/istanbul/en  &lt;br&gt;
                description  : This is an industry museum showcasing the evolution of machines. Many transport related items including a submarine, classic cars, railway carriages, an out-of-service Bosphorus ferry and a Douglas DC-3 aircraft (possible to board) are on display, among others. Also houses a typical Istanbul streetscape with its shops and all as how it would look in the past. &lt;br&gt;
                </description>
                <styleUrl>#110</styleUrl>
                <Point id="2597">
                    <coordinates>28.94926,41.04227,0.0</coordinates>
                </Point>
            </Placemark>
            <Placemark id="2600">
                <name>Galataport </name>
                <description>
                category  : Do &lt;br&gt;
                address  : Kılıçali Paşa, Meclis-i Mebusan Cd. No:8 &lt;br&gt;
                url  : https://www.instagram.com/galataportistanbul  &lt;br&gt;
                description  :  It includes the city's cruise ship terminal, around 250 shops, pubs and restaurants, a Peninsula hotel, the Istanbul Modern art museum, and other cultural and entertainment facilities; the complex also hosts festivals. &lt;br&gt;
                </description>
                <styleUrl>#150</styleUrl>
                <Point id="2599">
                    <coordinates>28.985005548280704,41.027776708880175,0.0</coordinates>
                </Point>
            </Placemark>
            <Placemark id="2602">
                <name>Haliçport </name>
                <description>
                category  : Do &lt;br&gt;
                address  : Donanma Cd.  &lt;br&gt;
                url  : https://www.instagram.com/tersaneistanbul/  &lt;br&gt;
                description  : Also known as 'Tersane İstanbul'. Combines historic landmarks, blend of unique lifestyles and gastronomical delights, luxury homes and hotels, and a vibrant cultural calendar. &lt;br&gt;
                </description>
                <styleUrl>#150</styleUrl>
                <Point id="2601">
                    <coordinates>28.957262428727464,41.03457107052878,0.0</coordinates>
                </Point>
            </Placemark>
            <Placemark id="2604">
                <name>Paristexas Concept Store </name>
                <description>
                category  : Buy_Shops &lt;br&gt;
                address  : Buyukhendek Cad. 4/A Galata, Beyoglu  &lt;br&gt;
                url  :   &lt;br&gt;
                description  : Sertaç Haznedaroğlu, the fashion-forward owner, stocks quirky Japanese labels and rare collections created for an Eastern market by designers such as Marc Jacobs, Vivienne Westwood and Chloé. Also check out custom-made leather bags and shoes by Turkish designer Ahmet Baytar. &lt;br&gt;
                </description>
                <styleUrl>#166</styleUrl>
                <Point id="2603">
                    <coordinates>28.972152,41.025111,0.0</coordinates>
                </Point>
            </Placemark>
            <Placemark id="2606">
                <name>Seyahan Jewelry </name>
                <description>
                category  : Buy_Shops &lt;br&gt;
                address  : Camekan Sokak  &lt;br&gt;
                url  :   &lt;br&gt;
                description  :  &lt;br&gt;
                </description>
                <styleUrl>#166</styleUrl>
                <Point id="2605">
                    <coordinates>28.97438,41.02516,0.0</coordinates>
                </Point>
            </Placemark>
            <Placemark id="2608">
                <name>Bereket Döner </name>
                <description>
                category  : Eat_Budget &lt;br&gt;
                address  : İstiklal Cd, Sadri Alışık Sk 5  &lt;br&gt;
                url  : http://bereketdoner.com/  &lt;br&gt;
                description  : A quite good value restaurant featuring ''döner'' (also on the plate as opposed to the usual wrap/sandwich variety; dipped in tomato sauce to the point of swimming) and traditional Turkish cuisine. The restaurant is a self-service one, i.e., you take a tray, and order your food by pointing at the entrance, and pay at the cash register right next to the food display (take your tableware and bread at this point as you won't be served any at the table), and then take your food to a table—there are two more floors upstairs. No alcohol is served. &lt;br&gt;
                </description>
                <styleUrl>#82</styleUrl>
                <Point id="2607">
                    <coordinates>28.98075,41.03463,0.0</coordinates>
                </Point>
            </Placemark>
            <Placemark id="2610">
                <name>Şampiyon Kokoreç </name>
                <description>
                category  : Eat_Budget &lt;br&gt;
                address  : Hüseyinağa, Sahne Sk 21, Beyoğlu  &lt;br&gt;
                url  : http://www.sampiyonkokorec.com.tr/  &lt;br&gt;
                description  : A restaurant mostly focused in ''kokoreç'' — roasted and finely minced lamb intestines (yeap). It tastes great and is very budget-friendly: only 10 TL/wrap. Try stuffed mussels as well. &lt;br&gt;
                </description>
                <styleUrl>#82</styleUrl>
                <Point id="2609">
                    <coordinates>28.97771,41.03403,0.0</coordinates>
                </Point>
            </Placemark>
            <Placemark id="2612">
                <name>İbrahim Hakkı Uğrak Börek </name>
                <description>
                category  : Eat_Budget &lt;br&gt;
                address  : Müeyyedzade, Necatibey Cd. No:45  &lt;br&gt;
                url  :   &lt;br&gt;
                description  : A bit off the tourist track, the stone oven of this börek shop gives its products a distinctive flavour.  Good value and friendly staff.  Opens early, but not all varieties of börek will be ready first thing in the morning—the peynirli böreği is usually amongst the first out of the oven. &lt;br&gt;
                </description>
                <styleUrl>#82</styleUrl>
                <Point id="2611">
                    <coordinates>28.97612,41.024212,0.0</coordinates>
                </Point>
            </Placemark>
            <Placemark id="2614">
                <name>Degustasyon Restaurant </name>
                <description>
                category  : Eat_Mid-range &lt;br&gt;
                address  : Balık Pazarı S. 25  &lt;br&gt;
                url  : http://www.degustasyon.com {{dead link &lt;br&gt;
                description  : The restaurant is meyhane style, where lively conversation is the main dish on every table, next to fish and Rakı. A lot of negative reviews. &lt;br&gt;
                </description>
                <styleUrl>#86</styleUrl>
                <Point id="2613">
                    <coordinates>28.97703,41.03473,0.0</coordinates>
                </Point>
            </Placemark>
            <Placemark id="2616">
                <name>Ficcin </name>
                <description>
                category  : Eat_Mid-range &lt;br&gt;
                address  : Kallavi Sokağı 13  &lt;br&gt;
                url  : http://www.ficcin.com  &lt;br&gt;
                description  : The restaurant offers an exceptional value lunch, but is also pleasantly busy at night. Several of the staff speak English and foreign tourists are welcome alongside the many locals who eat there regularly. Fıccın is unusual in being a Circassian restaurant, which also serves Turkish food. Seats are available on the street and in several rooms inside. Alcohol is also served. &lt;br&gt;
                </description>
                <styleUrl>#86</styleUrl>
                <Point id="2615">
                    <coordinates>28.9757155,41.0325552,0.0</coordinates>
                </Point>
            </Placemark>
            <Placemark id="2618">
                <name>Nevizade Street</name>
                <description>
                category  : Eat_Mid-range &lt;br&gt;
                address  :   &lt;br&gt;
                url  :   &lt;br&gt;
                description  : One of the most famous streets in Istiklal boulevard. It's narrow, and is mostly known for its meyhane style restaurants, where lively conversation is the main dish on every table, next to fish and Rakı that is. &lt;br&gt;
                </description>
                <styleUrl>#86</styleUrl>
                <Point id="2617">
                    <coordinates>28.97783,41.03481,0.0</coordinates>
                </Point>
            </Placemark>
            <Placemark id="2620">
                <name>Haci Abdullah Lokantası </name>
                <description>
                category  : Eat_Mid-range &lt;br&gt;
                address  : Ağa Camii, Atıf Yılmaz Caddesi (Eski Sakizagaci Caddesi) No: 9/A  &lt;br&gt;
                url  : http://haciabdullah.com.tr/  &lt;br&gt;
                description  : One of the best Ottoman restaurants in the country. You can find very traditional foods there. No alcohol. &lt;br&gt;
                </description>
                <styleUrl>#86</styleUrl>
                <Point id="2619">
                    <coordinates>28.980245,41.035313,0.0</coordinates>
                </Point>
            </Placemark>
            <Placemark id="2622">
                <name>Leb-i Derya </name>
                <description>
                category  : Eat_Mid-range &lt;br&gt;
                address  :   &lt;br&gt;
                url  : http://www.lebiderya.com/  &lt;br&gt;
                description  : A nice cafe-restaurant with a splendid view of the Bosphorus and the Topkapi Palace in Tunel, Beyoglu. &lt;br&gt;
                </description>
                <styleUrl>#86</styleUrl>
                <Point id="2621">
                    <coordinates>28.976346,41.028669,0.0</coordinates>
                </Point>
            </Placemark>
            <Placemark id="2624">
                <name>The House Café </name>
                <description>
                category  : Eat_Mid-range &lt;br&gt;
                address  : Istiklal Caddesi Mısır Apt. No:163  &lt;br&gt;
                url  : http://www.thehousecafe.com/  &lt;br&gt;
                description  : They serve giant salads, main dishes and pizzas pleasing even to the gourmets. The menu is seasonal which allows them to use only the freshest ingredients. &lt;br&gt;
                </description>
                <styleUrl>#86</styleUrl>
                <Point id="2623">
                    <coordinates>28.976665,41.032826,0.0</coordinates>
                </Point>
            </Placemark>
            <Placemark id="2626">
                <name>Miss Pizza Sishane </name>
                <description>
                category  : Eat_Mid-range &lt;br&gt;
                address  : Meşrutiyet Caddesi 86A  &lt;br&gt;
                url  : http://www.misspizza.com.tr/  &lt;br&gt;
                description  : Very cozy Italian restaurant run by three women serving pizza, pasta, and salads. &lt;br&gt;
                </description>
                <styleUrl>#86</styleUrl>
                <Point id="2625">
                    <coordinates>28.973056,41.028618,0.0</coordinates>
                </Point>
            </Placemark>
            <Placemark id="2628">
                <name>Privato</name>
                <description>
                category  : Eat_Mid-range &lt;br&gt;
                address  : Tımarcı Sokak 3B &lt;br&gt;
                url  : http://privatocafe.com/ &lt;br&gt;
                description  : Traditional Turkish food with a focus on vegetarian dishes. Great for breakfast. Has a small patio in the back with a view of the Galata tower. &lt;br&gt;
                </description>
                <styleUrl>#86</styleUrl>
                <Point id="2627">
                    <coordinates>28.9740831,41.0268623,0.0</coordinates>
                </Point>
            </Placemark>
            <Placemark id="2630">
                <name> Zeytuna </name>
                <description>
                category  : Eat_Mid-range &lt;br&gt;
                address  : Hayriye Cd. 12 &lt;br&gt;
                url  : http://zeytuna-cezayirde.business.site/ &lt;br&gt;
                description  : Lebanese kitchen, from familiar, like falafel and hummus, to offbeat, like mutabal eggplant or mousaka chicken. Alcohol includes signature cocktails, named after Lebanon cities. There is a main hall and a bar, and the latter regularly hosts tango and salsa lessons, live blues, sometimes theatrical performances and film screenings. &lt;br&gt;
                </description>
                <styleUrl>#86</styleUrl>
                <Point id="2629">
                    <coordinates>28.97943,41.03181,0.0</coordinates>
                </Point>
            </Placemark>
            <Placemark id="2632">
                <name>360 Istanbul </name>
                <description>
                category  : Eat_Splurge &lt;br&gt;
                address  : Istiklal Cd 163, Mısır Apartmanı, floor 8  &lt;br&gt;
                url  : https://www.360istanbul.com/  &lt;br&gt;
                description  : Great reviews for this rooftop restaurant with panoramic views. &lt;br&gt;
                </description>
                <styleUrl>#90</styleUrl>
                <Point id="2631">
                    <coordinates>28.9767,41.0327,0.0</coordinates>
                </Point>
            </Placemark>
            <Placemark id="2634">
                <name>Snog Rooftop Bar</name>
                <description>
                category  : Drink &lt;br&gt;
                address  : Galip Dede Cd 56 &lt;br&gt;
                url  : https://www.snogroofbar.com/ &lt;br&gt;
                description  : Good bar. But the attraction here is the stunning view. &lt;br&gt;
                </description>
                <styleUrl>#58</styleUrl>
                <Point id="2633">
                    <coordinates>28.9744533,41.0265013,0.0</coordinates>
                </Point>
            </Placemark>
            <Placemark id="2636">
                <name>Hotel Mara </name>
                <description>
                category  : Sleep_Budget &lt;br&gt;
                address  : Turnacıbaşı Cd 4, off Istikal Cd  &lt;br&gt;
                url  : https://www.hotelmaraistanbul.com/  &lt;br&gt;
                description  : Central but tatty. &lt;br&gt;
                </description>
                <styleUrl>#98</styleUrl>
                <Point id="2635">
                    <coordinates>28.9789,41.0339,0.0</coordinates>
                </Point>
            </Placemark>
            <Placemark id="2638">
                <name>World House Hotel </name>
                <description>
                category  : Sleep_Mid-range &lt;br&gt;
                address  : Galip Dede Cd 85  &lt;br&gt;
                url  : https://www.worldhousebh.com/  &lt;br&gt;
                description  : Clean friendly hotel, no longer a hostel. No catering but there's a coffee shop below. &lt;br&gt;
                </description>
                <styleUrl>#102</styleUrl>
                <Point id="2637">
                    <coordinates>28.9747,41.0265,0.0</coordinates>
                </Point>
            </Placemark>
            <Placemark id="2640">
                <name>Midtown Hotel Istanbul </name>
                <description>
                category  : Sleep_Mid-range &lt;br&gt;
                address  : Lamartin Cd 13  &lt;br&gt;
                url  : https://www.midtown-hotel.com  &lt;br&gt;
                description  : Smart business hotel. &lt;br&gt;
                </description>
                <styleUrl>#102</styleUrl>
                <Point id="2639">
                    <coordinates>28.9849,41.0389,0.0</coordinates>
                </Point>
            </Placemark>
            <Placemark id="2642">
                <name>Radisson Blu </name>
                <description>
                category  : Sleep_Mid-range &lt;br&gt;
                address  : Refik Saydam Cd 19  &lt;br&gt;
                url  : https://www.radissonhotels.com/en-us/hotels/radisson-blu-istanbul-pera  &lt;br&gt;
                description  : Slick welcoming hotel.  &lt;br&gt;
                </description>
                <styleUrl>#102</styleUrl>
                <Point id="2641">
                    <coordinates>28.9719,41.0305,0.0</coordinates>
                </Point>
            </Placemark>
            <Placemark id="2644">
                <name>--</name>
                <description>
                category  : Sleep_Mid-range &lt;br&gt;
                address  :  &lt;br&gt;
                url  :  &lt;br&gt;
                description  :  &lt;br&gt;
                </description>
                <styleUrl>#102</styleUrl>
                <Point id="2643">
                    <coordinates>28.9727922,41.0252857,0.0</coordinates>
                </Point>
            </Placemark>
            <Placemark id="2646">
                <name>Richmond Istanbul </name>
                <description>
                category  : Sleep_Mid-range &lt;br&gt;
                address  : İstiklal Cd 227  &lt;br&gt;
                url  : https://www.richmondhotels.com.tr/richmond-istanbul-taksim-beyoglu-oteli/  &lt;br&gt;
                description  : Pleasant hotel in Beyoğlu district.  &lt;br&gt;
                </description>
                <styleUrl>#102</styleUrl>
                <Point id="2645">
                    <coordinates>28.9756,41.0298,0.0</coordinates>
                </Point>
            </Placemark>
            <Placemark id="2648">
                <name>Misafir Suites </name>
                <description>
                category  : Sleep_Mid-range &lt;br&gt;
                address  : Gazeteci Erol Dernek Sk 1  &lt;br&gt;
                url  : https://8istanbul.com/  &lt;br&gt;
                description  : Huge chic modern rooms, but poor soundproofing for such a busy central spot. &lt;br&gt;
                </description>
                <styleUrl>#102</styleUrl>
                <Point id="2647">
                    <coordinates>28.9809,41.0343,0.0</coordinates>
                </Point>
            </Placemark>
            <Placemark id="2650">
                <name>Intercontinental Istanbul </name>
                <description>
                category  : Sleep_Splurge &lt;br&gt;
                address  : Asker Ocağı Cd 1  &lt;br&gt;
                url  : https://www.ihg.com/  &lt;br&gt;
                description  : Smart efficient hotel, the bar has stunning views in the evening. Mixed reviews for the restaurants. &lt;br&gt;
                </description>
                <styleUrl>#106</styleUrl>
                <Point id="2649">
                    <coordinates>28.9883,41.0399,0.0</coordinates>
                </Point>
            </Placemark>
            <Placemark id="2652">
                <name>Pera Palace </name>
                <description>
                category  : Sleep_Splurge &lt;br&gt;
                address  : Meşrutiyet Cd 52  &lt;br&gt;
                url  : https://perapalace.com  &lt;br&gt;
                description  : Opened in 1892 and sitting on a hill overlooking the Golden Horn. They make much of their history, and a stellar cast of celebs have stayed here, including Agatha Christie. They claim she wrote ''Murder on the Orient Express'' in room 411, though she probably wrote the first draft in Arpachiyah in Iraq. Atatürk often used Room 101 in the early days of the Republic, and that's now a museum. &lt;br&gt;
                </description>
                <styleUrl>#106</styleUrl>
                <Point id="2651">
                    <coordinates>28.9735,41.031,0.0</coordinates>
                </Point>
            </Placemark>
            <Placemark id="2654">
                <name>Marmara Taksim </name>
                <description>
                category  : Sleep_Splurge &lt;br&gt;
                address  : Osmanlı Sk 1, Taksim Meydanı  &lt;br&gt;
                url  : https://www.themarmarahotels.com/taksim  &lt;br&gt;
                description  : Occasion lapses, but mostly glowing reviews for this upscale hotel with great views over the Bosphorus. &lt;br&gt;
                </description>
                <styleUrl>#106</styleUrl>
                <Point id="2653">
                    <coordinates>28.9863,41.0364,0.0</coordinates>
                </Point>
            </Placemark>
            <Placemark id="2656">
                <name>Witt Istanbul Hotel </name>
                <description>
                category  : Sleep_Splurge &lt;br&gt;
                address  : Defterdar Yokuşu 26  &lt;br&gt;
                url  : https://www.wittistanbul.com  &lt;br&gt;
                description  : Modern hotel with 17 suites in Scandi style. It's up a steep hill from the tram stop. &lt;br&gt;
                </description>
                <styleUrl>#106</styleUrl>
                <Point id="2655">
                    <coordinates>28.9821,41.0291,0.0</coordinates>
                </Point>
            </Placemark>
            <Placemark id="2658">
                <name>Tomtom Suites </name>
                <description>
                category  : Sleep_Splurge &lt;br&gt;
                address  : Tomtom Kaptan Sk 18, off Boğazkesen Cd  &lt;br&gt;
                url  : https://www.tomtomsuites.com  &lt;br&gt;
                description  : Wonderful hotel with spacious luxury suites in the 1850s home of the Soeurs Gardes Malades, a Franciscan order. Tomtom was a captain in the Ottoman navy. &lt;br&gt;
                </description>
                <styleUrl>#106</styleUrl>
                <Point id="2657">
                    <coordinates>28.9778,41.0303,0.0</coordinates>
                </Point>
            </Placemark>
            <Placemark id="2660">
                <name>Istanbul/Galata|Beyoğlu</name>
                <description>
                category  : Drink &lt;br&gt;
                address  :  &lt;br&gt;
                url  :  &lt;br&gt;
                description  : '''Istanbul/Galata|Beyoğlu''' has lively night life, with cafes and bars with live music. &lt;br&gt;
                </description>
                <styleUrl>#58</styleUrl>
                <Point id="2659">
                    <coordinates>28.9741861,41.0254422,0.0</coordinates>
                </Point>
            </Placemark>
            <Placemark id="2662">
                <name>Istanbul/Kadikoy|Kadıköy</name>
                <description>
                category  : Drink &lt;br&gt;
                address  :  &lt;br&gt;
                url  :  &lt;br&gt;
                description  : '''Istanbul/Kadikoy|Kadıköy''' also has a compact nightlife scene, serving mostly locals of this part of the city. It's easy-going, with local pubs and wine houses. &lt;br&gt;
                </description>
                <styleUrl>#58</styleUrl>
                <Point id="2661">
                    <coordinates>29.0787763,40.9807198,0.0</coordinates>
                </Point>
            </Placemark>
            <Placemark id="2664">
                <name>Karaköy</name>
                <description>
                category  : Drink &lt;br&gt;
                address  :  &lt;br&gt;
                url  :  &lt;br&gt;
                description  : '''Karaköy''' is the rising star of the city, with its underground parties with views over the Marmara Sea. &lt;br&gt;
                </description>
                <styleUrl>#58</styleUrl>
                <Point id="2663">
                    <coordinates>28.9772166,41.0234354,0.0</coordinates>
                </Point>
            </Placemark>
            <Placemark id="2666">
                <name>--</name>
                <description>
                category  : Stay safe_Stalking &lt;br&gt;
                address  :  &lt;br&gt;
                url  :  &lt;br&gt;
                description  :  &lt;br&gt;
                </description>
                <styleUrl>#38</styleUrl>
                <Point id="2665">
                    <coordinates>28.9758715,41.006381,0.0</coordinates>
                </Point>
            </Placemark>
            <Placemark id="2668">
                <name>Tourism Police </name>
                <description>
                category  : Stay safe_Tourism Police &lt;br&gt;
                address  : Divan Yolu Cd  &lt;br&gt;
                url  : https://www.instagram.com/istanbultourismpolice/?hl &lt;br&gt;
                description  :  &lt;br&gt;
                </description>
                <styleUrl>#38</styleUrl>
                <Point id="2667">
                    <coordinates>28.97703,41.00774,0.0</coordinates>
                </Point>
            </Placemark>
            <Placemark id="2670">
                <name>Argentina </name>
                <description>
                category  : Cope_Consulates &lt;br&gt;
                address  : Tepecik Yolu 58, Etiler  &lt;br&gt;
                url  :   &lt;br&gt;
                description  :  &lt;br&gt;
                </description>
                <styleUrl>#38</styleUrl>
                <Point id="2669">
                    <coordinates>29.0326731,41.0844803,0.0</coordinates>
                </Point>
            </Placemark>
            <Placemark id="2672">
                <name>Australia </name>
                <description>
                category  : Cope_Consulates &lt;br&gt;
                address  : Asker Ocağı Cd 15, Elmadağ  &lt;br&gt;
                url  :   &lt;br&gt;
                description  :  &lt;br&gt;
                </description>
                <styleUrl>#38</styleUrl>
                <Point id="2671">
                    <coordinates>28.9916999,41.0406727,0.0</coordinates>
                </Point>
            </Placemark>
            <Placemark id="2674">
                <name>Azerbaijan </name>
                <description>
                category  : Cope_Consulates &lt;br&gt;
                address  : Zeytinoğlu Cd 65, Akatlar  &lt;br&gt;
                url  : https://istanbul.mfa.gov.az  &lt;br&gt;
                description  :  &lt;br&gt;
                </description>
                <styleUrl>#38</styleUrl>
                <Point id="2673">
                    <coordinates>29.0265402,41.0857834,0.0</coordinates>
                </Point>
            </Placemark>
            <Placemark id="2676">
                <name>Belgium </name>
                <description>
                category  : Cope_Consulates &lt;br&gt;
                address  : Sıraselviler Cd 39, Taksim  &lt;br&gt;
                url  : http://diplomatie.be/istanbul/  &lt;br&gt;
                description  :  &lt;br&gt;
                </description>
                <styleUrl>#38</styleUrl>
                <Point id="2675">
                    <coordinates>28.9848607,41.0360297,0.0</coordinates>
                </Point>
            </Placemark>
            <Placemark id="2678">
                <name>Greece </name>
                <description>
                category  : Cope_Consulates &lt;br&gt;
                address  : Turnacıbaşı Sk 22, Beyoğlu  &lt;br&gt;
                url  : http://www.mfa.gr/turkey/tr/consulate-general-in-istanbul &lt;br&gt;
                description  :  &lt;br&gt;
                </description>
                <styleUrl>#38</styleUrl>
                <Point id="2677">
                    <coordinates>28.9805858,41.0330901,0.0</coordinates>
                </Point>
            </Placemark>
            <Placemark id="2680">
                <name>Netherlands </name>
                <description>
                category  : Cope_Consulates &lt;br&gt;
                address  : İstiklal Cd 197, Beyoğlu  &lt;br&gt;
                url  : https://www.netherlandsandyou.nl/your-country-and-the-netherlands/turkey/about-us/consulate-general-in-istanbul  &lt;br&gt;
                description  :  &lt;br&gt;
                </description>
                <styleUrl>#38</styleUrl>
                <Point id="2679">
                    <coordinates>28.9762384,41.0308296,0.0</coordinates>
                </Point>
            </Placemark>
            <Placemark id="2682">
                <name>New Zealand </name>
                <description>
                category  : Cope_Consulates &lt;br&gt;
                address  : İnönü Cd 48/3, Taksim  &lt;br&gt;
                url  : http://www.nzembassy.com/turkey  &lt;br&gt;
                description  :  &lt;br&gt;
                </description>
                <styleUrl>#38</styleUrl>
                <Point id="2681">
                    <coordinates>28.9872228,41.0360566,0.0</coordinates>
                </Point>
            </Placemark>
            <Placemark id="2684">
                <name>Russia </name>
                <description>
                category  : Cope_Consulates &lt;br&gt;
                address  : İstiklal Cd 443, Beyoğlu  &lt;br&gt;
                url  :   &lt;br&gt;
                description  :  &lt;br&gt;
                </description>
                <styleUrl>#38</styleUrl>
                <Point id="2683">
                    <coordinates>28.9781765,41.033865,0.0</coordinates>
                </Point>
            </Placemark>
            <Placemark id="2686">
                <name>Sweden </name>
                <description>
                category  : Cope_Consulates &lt;br&gt;
                address  : İstiklal Cd 247, Beyoğlu  &lt;br&gt;
                url  : http://swedenabroad.com/Start____9208.aspx  &lt;br&gt;
                description  :  &lt;br&gt;
                </description>
                <styleUrl>#38</styleUrl>
                <Point id="2685">
                    <coordinates>28.9755845,41.0286238,0.0</coordinates>
                </Point>
            </Placemark>
            <Placemark id="2688">
                <name>United States </name>
                <description>
                category  : Cope_Consulates &lt;br&gt;
                address  : İstinye Mh, Kaplıcalar Mevkii 2, İstinye  &lt;br&gt;
                url  : https://tr.usembassy.gov/embassy-consulates/istanbul/  &lt;br&gt;
                description  :  &lt;br&gt;
                </description>
                <styleUrl>#38</styleUrl>
                <Point id="2687">
                    <coordinates>0.0,0.0,0.0</coordinates>
                </Point>
            </Placemark>
            <Placemark id="2690">
                <name>Edirne</name>
                <description>
                category  : Go next_West &lt;br&gt;
                address  :  &lt;br&gt;
                url  :  &lt;br&gt;
                description  : Edirne, two hours to the northwest, is a beautiful historic city, and was the Ottoman capital before power moved to Istanbul. You need at least a day here. A slow scenic route winds north via Kıyıköy, ancient Medea, a fisherman's village on the Black Sea with some traditional architecture, partially rebuilt ancient city walls and a nearby rock-cut monastery. The next town on that route is Vize, an old town with a well preserved Byzantine cathedral. &lt;br&gt;
                </description>
                <styleUrl>#170</styleUrl>
                <Point id="2689">
                    <coordinates>26.5587225,41.6759327,0.0</coordinates>
                </Point>
            </Placemark>
            <Placemark id="2692">
                <name>Sofia</name>
                <description>
                category  : Go next_West &lt;br&gt;
                address  :  &lt;br&gt;
                url  :  &lt;br&gt;
                description  : Head into Western Europe either via Sofia in Bulgaria or Bucharest in Romania. &lt;br&gt;
                </description>
                <styleUrl>#170</styleUrl>
                <Point id="2691">
                    <coordinates>23.3217359,42.6977028,0.0</coordinates>
                </Point>
            </Placemark>
            <Placemark id="2694">
                <name>Via Egnatia</name>
                <description>
                category  : Go next_West &lt;br&gt;
                address  :  &lt;br&gt;
                url  :  &lt;br&gt;
                description  : Or perhaps you can follow the ancient Via Egnatia all the way to the Adriatic and across to Rome. &lt;br&gt;
                </description>
                <styleUrl>#170</styleUrl>
                <Point id="2693">
                    <coordinates>16.8861634,41.118499,0.0</coordinates>
                </Point>
            </Placemark>
            <Placemark id="2696">
                <name>Marmara Islands</name>
                <description>
                category  : Go next_South &lt;br&gt;
                address  :  &lt;br&gt;
                url  :  &lt;br&gt;
                description  : The Marmara Islands are across the sea, much further away and less urban than the Princes Islands just offshore of the city. &lt;br&gt;
                </description>
                <styleUrl>#170</styleUrl>
                <Point id="2695">
                    <coordinates>27.6294272,40.6216407,0.0</coordinates>
                </Point>
            </Placemark>
            <Placemark id="2698">
                <name>Bursa</name>
                <description>
                category  : Go next_South &lt;br&gt;
                address  :  &lt;br&gt;
                url  :  &lt;br&gt;
                description  : Bursa to the southeast is a former Ottoman capital with many historical sights plus Uludağ|Uludağ National Park just south. İznik, rich in Byzantine, Seljuk, and early Ottoman heritage, is worth a detour on the way. &lt;br&gt;
                </description>
                <styleUrl>#170</styleUrl>
                <Point id="2697">
                    <coordinates>28.8944669,39.9895878,0.0</coordinates>
                </Point>
            </Placemark>
            <Placemark id="2700">
                <name>Izmir</name>
                <description>
                category  : Go next_South &lt;br&gt;
                address  :  &lt;br&gt;
                url  :  &lt;br&gt;
                description  : A scenic route towards Izmir is to head west then south into the Gallipoli peninsula, with its World War I sites, cross the Dardanelles to Çanakkale, then past ancient Troy (Turkey)|Troy and Bergama|Pergamon (Bergama). A short ferry-ride brings you to the charming island of Bozcaada. For more detailed descriptions, see Istanbul to Izmir. &lt;br&gt;
                </description>
                <styleUrl>#170</styleUrl>
                <Point id="2699">
                    <coordinates>27.02997,38.23166,0.0</coordinates>
                </Point>
            </Placemark>
        </Folder>
        <Folder id="17">
            <name>A</name>
            <Placemark id="1276">
                <name>Istanbul Medipol University</name>
                <description>                    category  : private university &lt;br&gt;   
                    sitelinks : 10.0 &lt;br&gt;   
                    articleEN : https://en.wikipedia.org/wiki/Istanbul_Medipol_University &lt;br&gt;             
                    articleDE : https://de.wikipedia.org/wiki/%C4%B0stanbul_Medipol_%C3%9Cniversitesi &lt;br&gt;              
                    wikidata_link : http://www.wikidata.org/entity/Q30253989</description>
                <styleUrl>#icon-1739-008000</styleUrl>
                <Point id="1275">
                    <coordinates>29.088333333333,41.088055555556,0.0</coordinates>
                </Point>
            </Placemark>
            <Placemark id="1278">
                <name>Cistern of Aspar</name>
                <description>                    category  : ancient Roman cistern &lt;br&gt;   
                    sitelinks : 10.0 &lt;br&gt;   
                    articleEN : https://en.wikipedia.org/wiki/Cistern_of_Aspar &lt;br&gt;             
                    articleDE : https://de.wikipedia.org/wiki/Aspar-Zisterne &lt;br&gt;              
                    wikidata_link : http://www.wikidata.org/entity/Q6076508</description>
                <styleUrl>#icon-1739-008000</styleUrl>
                <Point id="1277">
                    <coordinates>28.94986,41.02595,0.0</coordinates>
                </Point>
            </Placemark>
            <Placemark id="1280">
                <name>Marmaray Tunnel</name>
                <description>                    category  : immersed tube &lt;br&gt;   
                    sitelinks : 10.0 &lt;br&gt;   
                    articleEN : https://en.wikipedia.org/wiki/Marmaray_Tunnel &lt;br&gt;             
                    articleDE : https://de.wikipedia.org/wiki/Marmaray-Tunnel &lt;br&gt;              
                    wikidata_link : http://www.wikidata.org/entity/Q48768542</description>
                <styleUrl>#icon-1739-008000</styleUrl>
                <Point id="1279">
                    <coordinates>28.996666666667,41.019722222222,0.0</coordinates>
                </Point>
            </Placemark>
            <Placemark id="1282">
                <name>Kasım Ağa Mosque, Istanbul</name>
                <description>                    category  : mosque &lt;br&gt;   
                    sitelinks : 10.0 &lt;br&gt;   
                    articleEN : https://en.wikipedia.org/wiki/Kas%C4%B1m_Agha_Mosque &lt;br&gt;             
                    articleDE : https://de.wikipedia.org/wiki/Kas%C4%B1m-A%C4%9Fa-Moschee &lt;br&gt;              
                    wikidata_link : http://www.wikidata.org/entity/Q6374536</description>
                <styleUrl>#icon-1739-008000</styleUrl>
                <Point id="1281">
                    <coordinates>28.939,41.029,0.0</coordinates>
                </Point>
            </Placemark>
            <Placemark id="1284">
                <name>Çamlıca Tower</name>
                <description>                    category  : tourist attraction &lt;br&gt;   
                    sitelinks : 10.0 &lt;br&gt;   
                    articleEN : https://en.wikipedia.org/wiki/%C3%87aml%C4%B1ca_Tower &lt;br&gt;             
                    articleDE : https://de.wikipedia.org/wiki/Fernsehturm_K%C3%BC%C3%A7%C3%BCk_%C3%87aml%C4%B1ca &lt;br&gt;              
                    wikidata_link : http://www.wikidata.org/entity/Q28657490</description>
                <styleUrl>#icon-1739-008000</styleUrl>
                <Point id="1283">
                    <coordinates>29.065472222222,41.016444444444,0.0</coordinates>
                </Point>
            </Placemark>
            <Placemark id="1286">
                <name>Mesih Mehmed Pasha Mosque</name>
                <description>                    category  : külliye &lt;br&gt;   
                    sitelinks : 10.0 &lt;br&gt;   
                    articleEN : https://en.wikipedia.org/wiki/Mesih_Mehmed_Pasha_Mosque &lt;br&gt;             
                    articleDE :  &lt;br&gt;              
                    wikidata_link : http://www.wikidata.org/entity/Q56907</description>
                <styleUrl>#icon-1739-008000</styleUrl>
                <Point id="1285">
                    <coordinates>28.943427,41.021948,0.0</coordinates>
                </Point>
            </Placemark>
            <Placemark id="1288">
                <name>Istanbul Railway Museum</name>
                <description>                    category  : railway museum &lt;br&gt;   
                    sitelinks : 10.0 &lt;br&gt;   
                    articleEN : https://en.wikipedia.org/wiki/Istanbul_Railway_Museum &lt;br&gt;             
                    articleDE :  &lt;br&gt;              
                    wikidata_link : http://www.wikidata.org/entity/Q15228897</description>
                <styleUrl>#icon-1739-008000</styleUrl>
                <Point id="1287">
                    <coordinates>28.977222222222,41.015277777778,0.0</coordinates>
                </Point>
            </Placemark>
            <Placemark id="1290">
                <name>Kandilli</name>
                <description>                    category  : mahalle &lt;br&gt;   
                    sitelinks : 10.0 &lt;br&gt;   
                    articleEN : https://en.wikipedia.org/wiki/Kandilli,_%C3%9Csk%C3%BCdar &lt;br&gt;             
                    articleDE :  &lt;br&gt;              
                    wikidata_link : http://www.wikidata.org/entity/Q12810206</description>
                <styleUrl>#icon-1739-008000</styleUrl>
                <Point id="1289">
                    <coordinates>29.057777777778,41.073055555556,0.0</coordinates>
                </Point>
            </Placemark>
            <Placemark id="1292">
                <name>Şeyh Süleyman Mosque</name>
                <description>                    category  : mosque &lt;br&gt;   
                    sitelinks : 10.0 &lt;br&gt;   
                    articleEN : https://en.wikipedia.org/wiki/%C5%9Eeyh_S%C3%BCleyman_Mosque &lt;br&gt;             
                    articleDE :  &lt;br&gt;              
                    wikidata_link : http://www.wikidata.org/entity/Q8082507</description>
                <styleUrl>#icon-1739-008000</styleUrl>
                <Point id="1291">
                    <coordinates>28.9554,41.0192,0.0</coordinates>
                </Point>
            </Placemark>
            <Placemark id="1294">
                <name>Zeyrek</name>
                <description>                    category  : mahalle &lt;br&gt;   
                    sitelinks : 10.0 &lt;br&gt;   
                    articleEN : https://en.wikipedia.org/wiki/Zeyrek &lt;br&gt;             
                    articleDE :  &lt;br&gt;              
                    wikidata_link : http://www.wikidata.org/entity/Q8069961</description>
                <styleUrl>#icon-1739-008000</styleUrl>
                <Point id="1293">
                    <coordinates>28.9572,41.0197,0.0</coordinates>
                </Point>
            </Placemark>
            <Placemark id="1296">
                <name>Nusretiye Clock Tower</name>
                <description>                    category  : clock tower &lt;br&gt;   
                    sitelinks : 10.0 &lt;br&gt;   
                    articleEN : https://en.wikipedia.org/wiki/Nusretiye_Clock_Tower &lt;br&gt;             
                    articleDE :  &lt;br&gt;              
                    wikidata_link : http://www.wikidata.org/entity/Q7070378</description>
                <styleUrl>#icon-1739-008000</styleUrl>
                <Point id="1295">
                    <coordinates>28.982875,41.026711,0.0</coordinates>
                </Point>
            </Placemark>
            <Placemark id="1298">
                <name>Ataköy</name>
                <description>                    category  : neighborhood &lt;br&gt;   
                    sitelinks : 10.0 &lt;br&gt;   
                    articleEN : https://en.wikipedia.org/wiki/Atak%C3%B6y,_Bak%C4%B1rk%C3%B6y &lt;br&gt;             
                    articleDE :  &lt;br&gt;              
                    wikidata_link : http://www.wikidata.org/entity/Q6087586</description>
                <styleUrl>#icon-1739-008000</styleUrl>
                <Point id="1297">
                    <coordinates>28.842436,40.987092,0.0</coordinates>
                </Point>
            </Placemark>
            <Placemark id="1300">
                <name>Topkapı</name>
                <description>                    category  : mahalle &lt;br&gt;   
                    sitelinks : 10.0 &lt;br&gt;   
                    articleEN : https://en.wikipedia.org/wiki/Topkap%C4%B1,_Fatih &lt;br&gt;             
                    articleDE :  &lt;br&gt;              
                    wikidata_link : http://www.wikidata.org/entity/Q6080282</description>
                <styleUrl>#icon-1739-008000</styleUrl>
                <Point id="1299">
                    <coordinates>28.9335,41.0184,0.0</coordinates>
                </Point>
            </Placemark>
            <Placemark id="1302">
                <name>assassination of Hrant Dink</name>
                <description>                    category  : political murder &lt;br&gt;   
                    sitelinks : 10.0 &lt;br&gt;   
                    articleEN : https://en.wikipedia.org/wiki/Assassination_of_Hrant_Dink &lt;br&gt;             
                    articleDE :  &lt;br&gt;              
                    wikidata_link : http://www.wikidata.org/entity/Q4808511</description>
                <styleUrl>#icon-1739-008000</styleUrl>
                <Point id="1301">
                    <coordinates>28.987555555556,41.052666666667,0.0</coordinates>
                </Point>
            </Placemark>
            <Placemark id="1304">
                <name>Abdi İpekçi Street</name>
                <description>                    category  : street &lt;br&gt;   
                    sitelinks : 10.0 &lt;br&gt;   
                    articleEN : https://en.wikipedia.org/wiki/Abdi_%C4%B0pek%C3%A7i_Street &lt;br&gt;             
                    articleDE :  &lt;br&gt;              
                    wikidata_link : http://www.wikidata.org/entity/Q4471126</description>
                <styleUrl>#icon-1739-008000</styleUrl>
                <Point id="1303">
                    <coordinates>28.99168,41.04991,0.0</coordinates>
                </Point>
            </Placemark>
            <Placemark id="1306">
                <name>Istanbul University Observatory</name>
                <description>                    category  : astronomical observatory &lt;br&gt;   
                    sitelinks : 10.0 &lt;br&gt;   
                    articleEN : https://en.wikipedia.org/wiki/Istanbul_University_Observatory &lt;br&gt;             
                    articleDE :  &lt;br&gt;              
                    wikidata_link : http://www.wikidata.org/entity/Q4329995</description>
                <styleUrl>#icon-1739-008000</styleUrl>
                <Point id="1305">
                    <coordinates>28.96555556,41.0125,0.0</coordinates>
                </Point>
            </Placemark>
            <Placemark id="1308">
                <name>Istanbul Aviation Museum</name>
                <description>                    category  : military museum &lt;br&gt;   
                    sitelinks : 10.0 &lt;br&gt;   
                    articleEN : https://en.wikipedia.org/wiki/Istanbul_Aviation_Museum &lt;br&gt;             
                    articleDE :  &lt;br&gt;              
                    wikidata_link : http://www.wikidata.org/entity/Q3394116</description>
                <styleUrl>#icon-1739-008000</styleUrl>
                <Point id="1307">
                    <coordinates>28.825765,40.963862,0.0</coordinates>
                </Point>
            </Placemark>
            <Placemark id="1310">
                <name>Caferağa Medresseh</name>
                <description>                    category  : madrasa &lt;br&gt;   
                    sitelinks : 10.0 &lt;br&gt;   
                    articleEN : https://en.wikipedia.org/wiki/Cafera%C4%9Fa_Medrese &lt;br&gt;             
                    articleDE :  &lt;br&gt;              
                    wikidata_link : http://www.wikidata.org/entity/Q3301243</description>
                <styleUrl>#icon-1739-008000</styleUrl>
                <Point id="1309">
                    <coordinates>28.97889,41.009632,0.0</coordinates>
                </Point>
            </Placemark>
            <Placemark id="1312">
                <name>Cihangir</name>
                <description>                    category  : mahalle &lt;br&gt;   
                    sitelinks : 10.0 &lt;br&gt;   
                    articleEN : https://en.wikipedia.org/wiki/Cihangir &lt;br&gt;             
                    articleDE :  &lt;br&gt;              
                    wikidata_link : http://www.wikidata.org/entity/Q3300867</description>
                <styleUrl>#icon-1739-008000</styleUrl>
                <Point id="1311">
                    <coordinates>28.98527778,41.03305556,0.0</coordinates>
                </Point>
            </Placemark>
            <Placemark id="1314">
                <name>Camlica Hill</name>
                <description>                    category  : hill &lt;br&gt;   
                    sitelinks : 10.0 &lt;br&gt;   
                    articleEN : https://en.wikipedia.org/wiki/%C3%87aml%C4%B1ca_Hill &lt;br&gt;             
                    articleDE :  &lt;br&gt;              
                    wikidata_link : http://www.wikidata.org/entity/Q2414579</description>
                <styleUrl>#icon-1739-008000</styleUrl>
                <Point id="1313">
                    <coordinates>29.06837,41.02752,0.0</coordinates>
                </Point>
            </Placemark>
            <Placemark id="1316">
                <name>Haliç Bridge</name>
                <description>                    category  : bridge &lt;br&gt;   
                    sitelinks : 10.0 &lt;br&gt;   
                    articleEN : https://en.wikipedia.org/wiki/Hali%C3%A7_Bridge &lt;br&gt;             
                    articleDE : https://de.wikipedia.org/wiki/Hali%C3%A7-Br%C3%BCcke &lt;br&gt;              
                    wikidata_link : http://www.wikidata.org/entity/Q5642498</description>
                <styleUrl>#icon-1739-008000</styleUrl>
                <Point id="1315">
                    <coordinates>28.94178,41.04362,0.0</coordinates>
                </Point>
            </Placemark>
            <Placemark id="1318">
                <name>Getronagan Armenian High School</name>
                <description>                    category  : high school &lt;br&gt;   
                    sitelinks : 10.0 &lt;br&gt;   
                    articleEN : https://en.wikipedia.org/wiki/Getronagan_Armenian_High_School &lt;br&gt;             
                    articleDE : https://de.wikipedia.org/wiki/Getronagan-Gymnasium &lt;br&gt;              
                    wikidata_link : http://www.wikidata.org/entity/Q5554506</description>
                <styleUrl>#icon-1739-008000</styleUrl>
                <Point id="1317">
                    <coordinates>28.9783,41.0256,0.0</coordinates>
                </Point>
            </Placemark>
            <Placemark id="1320">
                <name>Chaldean Catholic Archeparchy of Diyarbakir</name>
                <description>                    category  : Catholic Archieparchy &lt;br&gt;   
                    sitelinks : 10.0 &lt;br&gt;   
                    articleEN : https://en.wikipedia.org/wiki/Chaldean_Catholic_Archeparchy_of_Amida &lt;br&gt;             
                    articleDE : https://de.wikipedia.org/wiki/Erzeparchie_Diyarbak%C4%B1r &lt;br&gt;              
                    wikidata_link : http://www.wikidata.org/entity/Q1366011</description>
                <styleUrl>#icon-1739-008000</styleUrl>
                <Point id="1319">
                    <coordinates>28.96666667,41.01666667,0.0</coordinates>
                </Point>
            </Placemark>
            <Placemark id="1322">
                <name>Palace of Daphne</name>
                <description>                    category  : palace &lt;br&gt;   
                    sitelinks : 10.0 &lt;br&gt;   
                    articleEN : https://en.wikipedia.org/wiki/Palace_of_Daphne &lt;br&gt;             
                    articleDE : https://de.wikipedia.org/wiki/Daphne-Palast &lt;br&gt;              
                    wikidata_link : http://www.wikidata.org/entity/Q1152384</description>
                <styleUrl>#icon-1739-008000</styleUrl>
                <Point id="1321">
                    <coordinates>28.976,41.006,0.0</coordinates>
                </Point>
            </Placemark>
            <Placemark id="1324">
                <name>Golden Gate</name>
                <description>                    category  : city gate &lt;br&gt;   
                    sitelinks : 10.0 &lt;br&gt;   
                    articleEN :  &lt;br&gt;             
                    articleDE : https://de.wikipedia.org/wiki/Goldenes_Tor_(Konstantinopel) &lt;br&gt;              
                    wikidata_link : http://www.wikidata.org/entity/Q592270</description>
                <styleUrl>#icon-1739-008000</styleUrl>
                <Point id="1323">
                    <coordinates>28.9225,40.9928,0.0</coordinates>
                </Point>
            </Placemark>
            <Placemark id="1326">
                <name>Sulukule</name>
                <description>                    category  : human settlement &lt;br&gt;   
                    sitelinks : 10.0 &lt;br&gt;   
                    articleEN : https://en.wikipedia.org/wiki/Sulukule &lt;br&gt;             
                    articleDE : https://de.wikipedia.org/wiki/Sulukule &lt;br&gt;              
                    wikidata_link : http://www.wikidata.org/entity/Q995179</description>
                <styleUrl>#icon-1739-008000</styleUrl>
                <Point id="1325">
                    <coordinates>28.933888888889,41.026388888889,0.0</coordinates>
                </Point>
            </Placemark>
            <Placemark id="1328">
                <name>Ese Kapi Mosque</name>
                <description>                    category  : mosque &lt;br&gt;   
                    sitelinks : 10.0 &lt;br&gt;   
                    articleEN : https://en.wikipedia.org/wiki/Ese_Kapi_Mosque &lt;br&gt;             
                    articleDE : https://de.wikipedia.org/wiki/Ese-Kap%C4%B1-Moschee &lt;br&gt;              
                    wikidata_link : http://www.wikidata.org/entity/Q5397556</description>
                <styleUrl>#icon-1739-008000</styleUrl>
                <Point id="1327">
                    <coordinates>28.936759205178,41.004819888592,0.0</coordinates>
                </Point>
            </Placemark>
            <Placemark id="1330">
                <name>Church of St. George of Samatya</name>
                <description>                    category  : church building &lt;br&gt;   
                    sitelinks : 10.0 &lt;br&gt;   
                    articleEN : https://en.wikipedia.org/wiki/Church_of_St._George_of_Samatya &lt;br&gt;             
                    articleDE : https://de.wikipedia.org/wiki/St.-Georgs-Kirche_von_Samatya &lt;br&gt;              
                    wikidata_link : http://www.wikidata.org/entity/Q5117225</description>
                <styleUrl>#icon-1739-008000</styleUrl>
                <Point id="1329">
                    <coordinates>28.93302,41.00188,0.0</coordinates>
                </Point>
            </Placemark>
            <Placemark id="1332">
                <name>Bahçeşehir University</name>
                <description>                    category  : private university &lt;br&gt;   
                    sitelinks : 10.0 &lt;br&gt;   
                    articleEN : https://en.wikipedia.org/wiki/Bah%C3%A7e%C5%9Fehir_University &lt;br&gt;             
                    articleDE : https://de.wikipedia.org/wiki/Bah%C3%A7e%C5%9Fehir_%C3%9Cniversitesi &lt;br&gt;              
                    wikidata_link : http://www.wikidata.org/entity/Q3409570</description>
                <styleUrl>#icon-1739-008000</styleUrl>
                <Point id="1331">
                    <coordinates>29.009444,41.041667,0.0</coordinates>
                </Point>
            </Placemark>
            <Placemark id="1334">
                <name>Palace of Antiochos</name>
                <description>                    category  : palace &lt;br&gt;   
                    sitelinks : 10.0 &lt;br&gt;   
                    articleEN : https://en.wikipedia.org/wiki/Palace_of_Antiochos &lt;br&gt;             
                    articleDE : https://de.wikipedia.org/wiki/Antiochos-Palast &lt;br&gt;              
                    wikidata_link : http://www.wikidata.org/entity/Q1997570</description>
                <styleUrl>#icon-1739-008000</styleUrl>
                <Point id="1333">
                    <coordinates>28.9751,41.0074,0.0</coordinates>
                </Point>
            </Placemark>
            <Placemark id="1336">
                <name>Ottoman Public Debt Administration</name>
                <description>                    category  : public administration &lt;br&gt;   
                    sitelinks : 10.0 &lt;br&gt;   
                    articleEN : https://en.wikipedia.org/wiki/Ottoman_Public_Debt_Administration &lt;br&gt;             
                    articleDE : https://de.wikipedia.org/wiki/Administration_de_la_Dette_Publique_Ottomane &lt;br&gt;              
                    wikidata_link : http://www.wikidata.org/entity/Q358779</description>
                <styleUrl>#icon-1739-008000</styleUrl>
                <Point id="1335">
                    <coordinates>28.973657,41.012084,0.0</coordinates>
                </Point>
            </Placemark>
            <Placemark id="1338">
                <name>Laleli</name>
                <description>                    category  : neighborhood &lt;br&gt;   
                    sitelinks : 10.0 &lt;br&gt;   
                    articleEN : https://en.wikipedia.org/wiki/Laleli,_Fatih &lt;br&gt;             
                    articleDE : https://de.wikipedia.org/wiki/L%C3%A2leli &lt;br&gt;              
                    wikidata_link : http://www.wikidata.org/entity/Q4253400</description>
                <styleUrl>#icon-1739-008000</styleUrl>
                <Point id="1337">
                    <coordinates>28.95611111,41.00972222,0.0</coordinates>
                </Point>
            </Placemark>
            <Placemark id="1340">
                <name>Göztepe</name>
                <description>                    category  : mahalle &lt;br&gt;   
                    sitelinks : 10.0 &lt;br&gt;   
                    articleEN : https://en.wikipedia.org/wiki/G%C3%B6ztepe,_Kad%C4%B1k%C3%B6y &lt;br&gt;             
                    articleDE : https://de.wikipedia.org/wiki/G%C3%B6ztepe_(Istanbul) &lt;br&gt;              
                    wikidata_link : http://www.wikidata.org/entity/Q1559987</description>
                <styleUrl>#icon-1739-008000</styleUrl>
                <Point id="1339">
                    <coordinates>29.0625,40.97694444,0.0</coordinates>
                </Point>
            </Placemark>
            <Placemark id="1342">
                <name>Sokollu Mehmed Pasha II Mosque</name>
                <description>                    category  : architectural structure &lt;br&gt;   
                    sitelinks : 11.0 &lt;br&gt;   
                    articleEN : https://en.wikipedia.org/wiki/Sokollu_Mehmed_Pasha_Mosque,_Azapkap%C4%B1 &lt;br&gt;             
                    articleDE : https://de.wikipedia.org/wiki/Sokollu-Mehmed-Pascha-Moschee_(Azapkap%C4%B1) &lt;br&gt;              
                    wikidata_link : http://www.wikidata.org/entity/Q6071846</description>
                <styleUrl>#icon-1739-008000</styleUrl>
                <Point id="1341">
                    <coordinates>28.96777778,41.025,0.0</coordinates>
                </Point>
            </Placemark>
            <Placemark id="1344">
                <name>Altunizade Mosque</name>
                <description>                    category  : architectural structure &lt;br&gt;   
                    sitelinks : 11.0 &lt;br&gt;   
                    articleEN : https://en.wikipedia.org/wiki/Altunizade_Mosque &lt;br&gt;             
                    articleDE : https://de.wikipedia.org/wiki/Altunizade-Moschee &lt;br&gt;              
                    wikidata_link : http://www.wikidata.org/entity/Q6051512</description>
                <styleUrl>#icon-1739-008000</styleUrl>
                <Point id="1343">
                    <coordinates>29.04555556,41.02027778,0.0</coordinates>
                </Point>
            </Placemark>
            <Placemark id="1346">
                <name>Church of St. Mary Draperis</name>
                <description>                    category  : Catholic church building &lt;br&gt;   
                    sitelinks : 11.0 &lt;br&gt;   
                    articleEN : https://en.wikipedia.org/wiki/Church_of_St._Mary_Draperis,_Istanbul &lt;br&gt;             
                    articleDE :  &lt;br&gt;              
                    wikidata_link : http://www.wikidata.org/entity/Q32239</description>
                <styleUrl>#icon-1739-008000</styleUrl>
                <Point id="1345">
                    <coordinates>28.976527777778,41.032777777778,0.0</coordinates>
                </Point>
            </Placemark>
            <Placemark id="1348">
                <name>Hirka-i Serif Mosque</name>
                <description>                    category  : architectural structure &lt;br&gt;   
                    sitelinks : 11.0 &lt;br&gt;   
                    articleEN : https://en.wikipedia.org/wiki/H%C4%B1rka-i_%C5%9Eerif_Mosque &lt;br&gt;             
                    articleDE :  &lt;br&gt;              
                    wikidata_link : http://www.wikidata.org/entity/Q6097353</description>
                <styleUrl>#icon-1739-008000</styleUrl>
                <Point id="1347">
                    <coordinates>28.94177778,41.02181944,0.0</coordinates>
                </Point>
            </Placemark>
            <Placemark id="1350">
                <name>Zorlu Center</name>
                <description>                    category  : building complex &lt;br&gt;   
                    sitelinks : 11.0 &lt;br&gt;   
                    articleEN : https://en.wikipedia.org/wiki/Zorlu_Center &lt;br&gt;             
                    articleDE :  &lt;br&gt;              
                    wikidata_link : http://www.wikidata.org/entity/Q6066268</description>
                <styleUrl>#icon-1739-008000</styleUrl>
                <Point id="1349">
                    <coordinates>29.016944444444,41.066666666667,0.0</coordinates>
                </Point>
            </Placemark>
            <Placemark id="1352">
                <name>Emirgan Mosque</name>
                <description>                    category  : architectural structure &lt;br&gt;   
                    sitelinks : 11.0 &lt;br&gt;   
                    articleEN : https://en.wikipedia.org/wiki/Emirgan_Mosque &lt;br&gt;             
                    articleDE :  &lt;br&gt;              
                    wikidata_link : http://www.wikidata.org/entity/Q6063292</description>
                <styleUrl>#icon-1739-008000</styleUrl>
                <Point id="1351">
                    <coordinates>29.056111111111,41.104444444444,0.0</coordinates>
                </Point>
            </Placemark>
            <Placemark id="1354">
                <name>Old Palace</name>
                <description>                    category  : destroyed building or structure &lt;br&gt;   
                    sitelinks : 11.0 &lt;br&gt;   
                    articleEN : https://en.wikipedia.org/wiki/Eski_Saray &lt;br&gt;             
                    articleDE :  &lt;br&gt;              
                    wikidata_link : http://www.wikidata.org/entity/Q6000313</description>
                <styleUrl>#icon-1739-008000</styleUrl>
                <Point id="1353">
                    <coordinates>28.96424427493,41.011131524968,0.0</coordinates>
                </Point>
            </Placemark>
            <Placemark id="1356">
                <name>Galatasaray Islet</name>
                <description>                    category  : islet &lt;br&gt;   
                    sitelinks : 11.0 &lt;br&gt;   
                    articleEN : https://en.wikipedia.org/wiki/Galatasaray_Islet &lt;br&gt;             
                    articleDE :  &lt;br&gt;              
                    wikidata_link : http://www.wikidata.org/entity/Q4811146</description>
                <styleUrl>#icon-1739-008000</styleUrl>
                <Point id="1355">
                    <coordinates>29.039577777778,41.059738888889,0.0</coordinates>
                </Point>
            </Placemark>
            <Placemark id="1358">
                <name>Ahırkapı Feneri</name>
                <description>                    category  : lighthouse &lt;br&gt;   
                    sitelinks : 11.0 &lt;br&gt;   
                    articleEN : https://en.wikipedia.org/wiki/Ah%C4%B1rkap%C4%B1_Lighthouse &lt;br&gt;             
                    articleDE :  &lt;br&gt;              
                    wikidata_link : http://www.wikidata.org/entity/Q4696460</description>
                <styleUrl>#icon-1739-008000</styleUrl>
                <Point id="1357">
                    <coordinates>28.98543056,41.00633056,0.0</coordinates>
                </Point>
            </Placemark>
            <Placemark id="1360">
                <name>Suleymaniye Library (Istanbul)</name>
                <description>                    category  : library &lt;br&gt;   
                    sitelinks : 11.0 &lt;br&gt;   
                    articleEN : https://en.wikipedia.org/wiki/S%C3%BCleymaniye_Library &lt;br&gt;             
                    articleDE :  &lt;br&gt;              
                    wikidata_link : http://www.wikidata.org/entity/Q4086354</description>
                <styleUrl>#icon-1739-008000</styleUrl>
                <Point id="1359">
                    <coordinates>28.962860595103,41.015732790372,0.0</coordinates>
                </Point>
            </Placemark>
            <Placemark id="1362">
                <name>Samatya</name>
                <description>                    category  : human settlement &lt;br&gt;   
                    sitelinks : 11.0 &lt;br&gt;   
                    articleEN : https://en.wikipedia.org/wiki/Samatya &lt;br&gt;             
                    articleDE :  &lt;br&gt;              
                    wikidata_link : http://www.wikidata.org/entity/Q3946429</description>
                <styleUrl>#icon-1739-008000</styleUrl>
                <Point id="1361">
                    <coordinates>28.93333333,41.0,0.0</coordinates>
                </Point>
            </Placemark>
            <Placemark id="1364">
                <name>Church of SS Peter and Paul, Istanbul</name>
                <description>                    category  : church building &lt;br&gt;   
                    sitelinks : 11.0 &lt;br&gt;   
                    articleEN : https://en.wikipedia.org/wiki/Church_of_SS_Peter_and_Paul,_Istanbul &lt;br&gt;             
                    articleDE :  &lt;br&gt;              
                    wikidata_link : http://www.wikidata.org/entity/Q3671773</description>
                <styleUrl>#icon-1739-008000</styleUrl>
                <Point id="1363">
                    <coordinates>28.97305556,41.02472222,0.0</coordinates>
                </Point>
            </Placemark>
            <Placemark id="1366">
                <name>Rahmi M. Koç Museum</name>
                <description>                    category  : private museum &lt;br&gt;   
                    sitelinks : 11.0 &lt;br&gt;   
                    articleEN : https://en.wikipedia.org/wiki/Rahmi_M._Ko%C3%A7_Museum &lt;br&gt;             
                    articleDE :  &lt;br&gt;              
                    wikidata_link : http://www.wikidata.org/entity/Q3404565</description>
                <styleUrl>#icon-1739-008000</styleUrl>
                <Point id="1365">
                    <coordinates>28.94926,41.04227,0.0</coordinates>
                </Point>
            </Placemark>
            <Placemark id="1368">
                <name>Yıldız Clock Tower</name>
                <description>                    category  : tourist attraction &lt;br&gt;   
                    sitelinks : 11.0 &lt;br&gt;   
                    articleEN : https://en.wikipedia.org/wiki/Y%C4%B1ld%C4%B1z_Clock_Tower &lt;br&gt;             
                    articleDE :  &lt;br&gt;              
                    wikidata_link : http://www.wikidata.org/entity/Q3394745</description>
                <styleUrl>#icon-1739-008000</styleUrl>
                <Point id="1367">
                    <coordinates>29.009833333333,41.049888888889,0.0</coordinates>
                </Point>
            </Placemark>
            <Placemark id="1370">
                <name>Haydarpaşa</name>
                <description>                    category  : mahalle &lt;br&gt;   
                    sitelinks : 11.0 &lt;br&gt;   
                    articleEN : https://en.wikipedia.org/wiki/Haydarpa%C5%9Fa &lt;br&gt;             
                    articleDE :  &lt;br&gt;              
                    wikidata_link : http://www.wikidata.org/entity/Q2634867</description>
                <styleUrl>#icon-1739-008000</styleUrl>
                <Point id="1369">
                    <coordinates>29.016666666667,41.0,0.0</coordinates>
                </Point>
            </Placemark>
            <Placemark id="1372">
                <name>Italian Synagogue</name>
                <description>                    category  : synagogue &lt;br&gt;   
                    sitelinks : 11.0 &lt;br&gt;   
                    articleEN : https://en.wikipedia.org/wiki/Italian_Synagogue_(Istanbul) &lt;br&gt;             
                    articleDE :  &lt;br&gt;              
                    wikidata_link : http://www.wikidata.org/entity/Q2574448</description>
                <styleUrl>#icon-1739-008000</styleUrl>
                <Point id="1371">
                    <coordinates>28.9725,41.02555556,0.0</coordinates>
                </Point>
            </Placemark>
            <Placemark id="1374">
                <name>Rum Mehmed Pasha Mosque</name>
                <description>                    category  : architectural structure &lt;br&gt;   
                    sitelinks : 11.0 &lt;br&gt;   
                    articleEN : https://en.wikipedia.org/wiki/Rum_Mehmed_Pasha_Mosque &lt;br&gt;             
                    articleDE :  &lt;br&gt;              
                    wikidata_link : http://www.wikidata.org/entity/Q1572444</description>
                <styleUrl>#icon-1739-008000</styleUrl>
                <Point id="1373">
                    <coordinates>29.010859,41.024651,0.0</coordinates>
                </Point>
            </Placemark>
            <Placemark id="1376">
                <name>Cistern of Mocius</name>
                <description>                    category  : ancient Roman cistern &lt;br&gt;   
                    sitelinks : 11.0 &lt;br&gt;   
                    articleEN : https://en.wikipedia.org/wiki/Cistern_of_Mocius &lt;br&gt;             
                    articleDE : https://de.wikipedia.org/wiki/Mocius-Zisterne &lt;br&gt;              
                    wikidata_link : http://www.wikidata.org/entity/Q18210713</description>
                <styleUrl>#icon-1739-008000</styleUrl>
                <Point id="1375">
                    <coordinates>28.9347,41.0103,0.0</coordinates>
                </Point>
            </Placemark>
            <Placemark id="1378">
                <name>Taksim Military Barracks</name>
                <description>                    category  : barracks &lt;br&gt;   
                    sitelinks : 11.0 &lt;br&gt;   
                    articleEN : https://en.wikipedia.org/wiki/Taksim_Military_Barracks &lt;br&gt;             
                    articleDE : https://de.wikipedia.org/wiki/Top%C3%A7u-Kaserne &lt;br&gt;              
                    wikidata_link : http://www.wikidata.org/entity/Q7678510</description>
                <styleUrl>#icon-1739-008000</styleUrl>
                <Point id="1377">
                    <coordinates>28.97027778,41.03833333,0.0</coordinates>
                </Point>
            </Placemark>
            <Placemark id="1380">
                <name>Apostolic Exarchate of Istanbul</name>
                <description>                    category  : apostolic exarchate &lt;br&gt;   
                    sitelinks : 11.0 &lt;br&gt;   
                    articleEN : https://en.wikipedia.org/wiki/Greek_Catholic_Apostolic_Exarchate_of_Istanbul &lt;br&gt;             
                    articleDE : https://de.wikipedia.org/wiki/Apostolisches_Exarchat_Istanbul &lt;br&gt;              
                    wikidata_link : http://www.wikidata.org/entity/Q620190</description>
                <styleUrl>#icon-1739-008000</styleUrl>
                <Point id="1379">
                    <coordinates>28.9775,41.0369,0.0</coordinates>
                </Point>
            </Placemark>
            <Placemark id="1382">
                <name>Baltalimanı</name>
                <description>                    category  : mahalle &lt;br&gt;   
                    sitelinks : 11.0 &lt;br&gt;   
                    articleEN : https://en.wikipedia.org/wiki/Baltaliman%C4%B1 &lt;br&gt;             
                    articleDE : https://de.wikipedia.org/wiki/Baltaliman%C4%B1 &lt;br&gt;              
                    wikidata_link : http://www.wikidata.org/entity/Q4852587</description>
                <styleUrl>#icon-1739-008000</styleUrl>
                <Point id="1381">
                    <coordinates>29.048333333333,41.094444444444,0.0</coordinates>
                </Point>
            </Placemark>
            <Placemark id="1384">
                <name>First Army</name>
                <description>                    category  : military unit &lt;br&gt;   
                    sitelinks : 11.0 &lt;br&gt;   
                    articleEN : https://en.wikipedia.org/wiki/First_Army_(Turkey) &lt;br&gt;             
                    articleDE : https://de.wikipedia.org/wiki/1._Armee_(T%C3%BCrkei) &lt;br&gt;              
                    wikidata_link : http://www.wikidata.org/entity/Q2464648</description>
                <styleUrl>#icon-1739-008000</styleUrl>
                <Point id="1383">
                    <coordinates>29.0175,41.007222222222,0.0</coordinates>
                </Point>
            </Placemark>
            <Placemark id="1386">
                <name>Esma Sultan Mansion</name>
                <description>                    category  : mansion &lt;br&gt;   
                    sitelinks : 11.0 &lt;br&gt;   
                    articleEN : https://en.wikipedia.org/wiki/Esma_Sultan_Mansion &lt;br&gt;             
                    articleDE : https://de.wikipedia.org/wiki/Esma_Sultan_Yal%C4%B1s%C4%B1 &lt;br&gt;              
                    wikidata_link : http://www.wikidata.org/entity/Q2073624</description>
                <styleUrl>#icon-1739-008000</styleUrl>
                <Point id="1385">
                    <coordinates>29.027435,41.04763,0.0</coordinates>
                </Point>
            </Placemark>
            <Placemark id="1388">
                <name>Etiler</name>
                <description>                    category  : mahalle &lt;br&gt;   
                    sitelinks : 11.0 &lt;br&gt;   
                    articleEN : https://en.wikipedia.org/wiki/Etiler &lt;br&gt;             
                    articleDE : https://de.wikipedia.org/wiki/Etiler &lt;br&gt;              
                    wikidata_link : http://www.wikidata.org/entity/Q951063</description>
                <styleUrl>#icon-1739-008000</styleUrl>
                <Point id="1387">
                    <coordinates>29.03535833,41.08400556,0.0</coordinates>
                </Point>
            </Placemark>
            <Placemark id="1390">
                <name>Prison of Anemas</name>
                <description>                    category  : architectural structure &lt;br&gt;   
                    sitelinks : 11.0 &lt;br&gt;   
                    articleEN : https://en.wikipedia.org/wiki/Prison_of_Anemas &lt;br&gt;             
                    articleDE : https://de.wikipedia.org/wiki/Gef%C3%A4ngnis_des_Anemas &lt;br&gt;              
                    wikidata_link : http://www.wikidata.org/entity/Q3081830</description>
                <styleUrl>#icon-1739-008000</styleUrl>
                <Point id="1389">
                    <coordinates>28.94083,41.03848,0.0</coordinates>
                </Point>
            </Placemark>
            <Placemark id="1392">
                <name>Motorway 1</name>
                <description>                    category  : toll road &lt;br&gt;   
                    sitelinks : 11.0 &lt;br&gt;   
                    articleEN : https://en.wikipedia.org/wiki/Otoyol_1 &lt;br&gt;             
                    articleDE : https://de.wikipedia.org/wiki/Otoyol_1 &lt;br&gt;              
                    wikidata_link : http://www.wikidata.org/entity/Q1548026</description>
                <styleUrl>#icon-1739-008000</styleUrl>
                <Point id="1391">
                    <coordinates>29.029722222222,41.05,0.0</coordinates>
                </Point>
            </Placemark>
            <Placemark id="1394">
                <name>Atatürk Museum</name>
                <description>                    category  : architectural structure &lt;br&gt;   
                    sitelinks : 11.0 &lt;br&gt;   
                    articleEN : https://en.wikipedia.org/wiki/Atat%C3%BCrk_Museum,_%C5%9Ei%C5%9Fli &lt;br&gt;             
                    articleDE : https://de.wikipedia.org/wiki/Atat%C3%BCrk-Museum &lt;br&gt;              
                    wikidata_link : http://www.wikidata.org/entity/Q3701681</description>
                <styleUrl>#icon-1739-008000</styleUrl>
                <Point id="1393">
                    <coordinates>28.987212,41.056397,0.0</coordinates>
                </Point>
            </Placemark>
            <Placemark id="1396">
                <name>Harbiye</name>
                <description>                    category  : mahalle &lt;br&gt;   
                    sitelinks : 11.0 &lt;br&gt;   
                    articleEN : https://en.wikipedia.org/wiki/Harbiye,_%C5%9Ei%C5%9Fli &lt;br&gt;             
                    articleDE : https://de.wikipedia.org/wiki/Harbiye_(%C5%9Ei%C5%9Fli) &lt;br&gt;              
                    wikidata_link : http://www.wikidata.org/entity/Q1592273</description>
                <styleUrl>#icon-1739-008000</styleUrl>
                <Point id="1395">
                    <coordinates>28.990833333333,41.045277777778,0.0</coordinates>
                </Point>
            </Placemark>
            <Placemark id="1398">
                <name>Istanbul Beykent University</name>
                <description>                    category  : private university &lt;br&gt;   
                    sitelinks : 11.0 &lt;br&gt;   
                    articleEN : https://en.wikipedia.org/wiki/Istanbul_Beykent_University &lt;br&gt;             
                    articleDE : https://de.wikipedia.org/wiki/Beykent_%C3%9Cniversitesi &lt;br&gt;              
                    wikidata_link : http://www.wikidata.org/entity/Q853151</description>
                <styleUrl>#icon-1739-008000</styleUrl>
                <Point id="1397">
                    <coordinates>29.0036883,41.1172784,0.0</coordinates>
                </Point>
            </Placemark>
            <Placemark id="1400">
                <name>Kontoskalion</name>
                <description>                    category  : port &lt;br&gt;   
                    sitelinks : 12.0 &lt;br&gt;   
                    articleEN : https://en.wikipedia.org/wiki/Kontoskalion &lt;br&gt;             
                    articleDE : https://de.wikipedia.org/wiki/Kontoskalion &lt;br&gt;              
                    wikidata_link : http://www.wikidata.org/entity/Q12907220</description>
                <styleUrl>#icon-1739-008000</styleUrl>
                <Point id="1399">
                    <coordinates>28.971,41.001,0.0</coordinates>
                </Point>
            </Placemark>
            <Placemark id="1402">
                <name>Istanbul Lütfi Kırdar Convention and Exhibition Center</name>
                <description>                    category  : convention center &lt;br&gt;   
                    sitelinks : 12.0 &lt;br&gt;   
                    articleEN : https://en.wikipedia.org/wiki/Istanbul_L%C3%BCtfi_K%C4%B1rdar_International_Convention_and_Exhibition_Center &lt;br&gt;             
                    articleDE : https://de.wikipedia.org/wiki/Istanbul_L%C3%BCtfi_K%C4%B1rdar_Uluslararas%C4%B1_Kongre_ve_Sergi_Saray%C4%B1 &lt;br&gt;              
                    wikidata_link : http://www.wikidata.org/entity/Q12810669</description>
                <styleUrl>#icon-1739-008000</styleUrl>
                <Point id="1401">
                    <coordinates>28.9894,41.0478,0.0</coordinates>
                </Point>
            </Placemark>
            <Placemark id="1404">
                <name>Museum Gazhane</name>
                <description>                    category  : museum &lt;br&gt;   
                    sitelinks : 12.0 &lt;br&gt;   
                    articleEN : https://en.wikipedia.org/wiki/Hasanpa%C5%9Fa_Gasworks &lt;br&gt;             
                    articleDE :  &lt;br&gt;              
                    wikidata_link : http://www.wikidata.org/entity/Q107475211</description>
                <styleUrl>#icon-1739-008000</styleUrl>
                <Point id="1403">
                    <coordinates>29.043333333333,40.9975,0.0</coordinates>
                </Point>
            </Placemark>
            <Placemark id="1406">
                <name>Istanbul Military Museum</name>
                <description>                    category  : military museum &lt;br&gt;   
                    sitelinks : 12.0 &lt;br&gt;   
                    articleEN : https://en.wikipedia.org/wiki/Istanbul_Military_Museum &lt;br&gt;             
                    articleDE :  &lt;br&gt;              
                    wikidata_link : http://www.wikidata.org/entity/Q12808583</description>
                <styleUrl>#icon-1739-008000</styleUrl>
                <Point id="1405">
                    <coordinates>28.9883,41.0484,0.0</coordinates>
                </Point>
            </Placemark>
            <Placemark id="1408">
                <name>Trump Towers Istanbul</name>
                <description>                    category  : skyscraper &lt;br&gt;   
                    sitelinks : 12.0 &lt;br&gt;   
                    articleEN : https://en.wikipedia.org/wiki/Trump_Towers_Istanbul &lt;br&gt;             
                    articleDE :  &lt;br&gt;              
                    wikidata_link : http://www.wikidata.org/entity/Q7847787</description>
                <styleUrl>#icon-1739-008000</styleUrl>
                <Point id="1407">
                    <coordinates>28.9925,41.0675,0.0</coordinates>
                </Point>
            </Placemark>
            <Placemark id="1410">
                <name>Port of Haydarpaşa</name>
                <description>                    category  : pier &lt;br&gt;   
                    sitelinks : 12.0 &lt;br&gt;   
                    articleEN : https://en.wikipedia.org/wiki/Port_of_Haydarpa%C5%9Fa &lt;br&gt;             
                    articleDE :  &lt;br&gt;              
                    wikidata_link : http://www.wikidata.org/entity/Q7231152</description>
                <styleUrl>#icon-1739-008000</styleUrl>
                <Point id="1409">
                    <coordinates>29.01388889,41.00333333,0.0</coordinates>
                </Point>
            </Placemark>
            <Placemark id="1412">
                <name>Kanlıca</name>
                <description>                    category  : mahalle &lt;br&gt;   
                    sitelinks : 12.0 &lt;br&gt;   
                    articleEN : https://en.wikipedia.org/wiki/Kanl%C4%B1ca &lt;br&gt;             
                    articleDE :  &lt;br&gt;              
                    wikidata_link : http://www.wikidata.org/entity/Q6645927</description>
                <styleUrl>#icon-1739-008000</styleUrl>
                <Point id="1411">
                    <coordinates>29.071076,41.098669,0.0</coordinates>
                </Point>
            </Placemark>
            <Placemark id="1414">
                <name>Yedikule</name>
                <description>                    category  : mahalle &lt;br&gt;   
                    sitelinks : 12.0 &lt;br&gt;   
                    articleEN : https://en.wikipedia.org/wiki/Yedikule &lt;br&gt;             
                    articleDE :  &lt;br&gt;              
                    wikidata_link : http://www.wikidata.org/entity/Q5991829</description>
                <styleUrl>#icon-1739-008000</styleUrl>
                <Point id="1413">
                    <coordinates>28.923,40.993,0.0</coordinates>
                </Point>
            </Placemark>
            <Placemark id="1416">
                <name>Church of Saint Benoit, Istanbul</name>
                <description>                    category  : Catholic church building &lt;br&gt;   
                    sitelinks : 12.0 &lt;br&gt;   
                    articleEN : https://en.wikipedia.org/wiki/Church_of_Saint_Benoit,_Istanbul &lt;br&gt;             
                    articleDE :  &lt;br&gt;              
                    wikidata_link : http://www.wikidata.org/entity/Q5117030</description>
                <styleUrl>#icon-1739-008000</styleUrl>
                <Point id="1415">
                    <coordinates>28.9766,41.025,0.0</coordinates>
                </Point>
            </Placemark>
            <Placemark id="1418">
                <name>Yenikapı</name>
                <description>                    category  : neighborhood &lt;br&gt;   
                    sitelinks : 12.0 &lt;br&gt;   
                    articleEN : https://en.wikipedia.org/wiki/Yenikap%C4%B1 &lt;br&gt;             
                    articleDE :  &lt;br&gt;              
                    wikidata_link : http://www.wikidata.org/entity/Q4824801</description>
                <styleUrl>#icon-1739-008000</styleUrl>
                <Point id="1417">
                    <coordinates>28.95,41.0,0.0</coordinates>
                </Point>
            </Placemark>
            <Placemark id="1420">
                <name>Holy Mother of God cathedral</name>
                <description>                    category  : church building &lt;br&gt;   
                    sitelinks : 12.0 &lt;br&gt;   
                    articleEN : https://en.wikipedia.org/wiki/Surp_Asdvadzadzin_Patriarchal_Church &lt;br&gt;             
                    articleDE :  &lt;br&gt;              
                    wikidata_link : http://www.wikidata.org/entity/Q4793210</description>
                <styleUrl>#icon-1739-008000</styleUrl>
                <Point id="1419">
                    <coordinates>28.96083333,41.00472222,0.0</coordinates>
                </Point>
            </Placemark>
            <Placemark id="1422">
                <name>Köprülü Library</name>
                <description>                    category  : library &lt;br&gt;   
                    sitelinks : 12.0 &lt;br&gt;   
                    articleEN : https://en.wikipedia.org/wiki/K%C3%B6pr%C3%BCl%C3%BC_Library &lt;br&gt;             
                    articleDE :  &lt;br&gt;              
                    wikidata_link : http://www.wikidata.org/entity/Q4118811</description>
                <styleUrl>#icon-1739-008000</styleUrl>
                <Point id="1421">
                    <coordinates>28.972541,41.008157,0.0</coordinates>
                </Point>
            </Placemark>
            <Placemark id="1424">
                <name>Yeniköy</name>
                <description>                    category  : mahalle &lt;br&gt;   
                    sitelinks : 12.0 &lt;br&gt;   
                    articleEN : https://en.wikipedia.org/wiki/Yenik%C3%B6y,_Sar%C4%B1yer &lt;br&gt;             
                    articleDE :  &lt;br&gt;              
                    wikidata_link : http://www.wikidata.org/entity/Q3395754</description>
                <styleUrl>#icon-1739-008000</styleUrl>
                <Point id="1423">
                    <coordinates>29.066,41.118,0.0</coordinates>
                </Point>
            </Placemark>
            <Placemark id="1426">
                <name>İstinye</name>
                <description>                    category  : mahalle &lt;br&gt;   
                    sitelinks : 12.0 &lt;br&gt;   
                    articleEN : https://en.wikipedia.org/wiki/%C4%B0stinye &lt;br&gt;             
                    articleDE :  &lt;br&gt;              
                    wikidata_link : http://www.wikidata.org/entity/Q3298451</description>
                <styleUrl>#icon-1739-008000</styleUrl>
                <Point id="1425">
                    <coordinates>29.055485,41.115049,0.0</coordinates>
                </Point>
            </Placemark>
            <Placemark id="1428">
                <name>Mecidiyeköy</name>
                <description>                    category  : mahalle &lt;br&gt;   
                    sitelinks : 12.0 &lt;br&gt;   
                    articleEN : https://en.wikipedia.org/wiki/Mecidiyek%C3%B6y &lt;br&gt;             
                    articleDE :  &lt;br&gt;              
                    wikidata_link : http://www.wikidata.org/entity/Q3132368</description>
                <styleUrl>#icon-1739-008000</styleUrl>
                <Point id="1427">
                    <coordinates>28.996251,41.070044,0.0</coordinates>
                </Point>
            </Placemark>
            <Placemark id="1430">
                <name>santralistanbul</name>
                <description>                    category  : art museum &lt;br&gt;   
                    sitelinks : 12.0 &lt;br&gt;   
                    articleEN : https://en.wikipedia.org/wiki/SantralIstanbul &lt;br&gt;             
                    articleDE :  &lt;br&gt;              
                    wikidata_link : http://www.wikidata.org/entity/Q2797197</description>
                <styleUrl>#icon-1739-008000</styleUrl>
                <Point id="1429">
                    <coordinates>28.9461,41.0665,0.0</coordinates>
                </Point>
            </Placemark>
            <Placemark id="1432">
                <name>Moda</name>
                <description>                    category  : neighborhood &lt;br&gt;   
                    sitelinks : 12.0 &lt;br&gt;   
                    articleEN : https://en.wikipedia.org/wiki/Moda,_Kad%C4%B1k%C3%B6y &lt;br&gt;             
                    articleDE :  &lt;br&gt;              
                    wikidata_link : http://www.wikidata.org/entity/Q2700998</description>
                <styleUrl>#icon-1739-008000</styleUrl>
                <Point id="1431">
                    <coordinates>29.0254706,40.9811687,0.0</coordinates>
                </Point>
            </Placemark>
            <Placemark id="1434">
                <name>Kabataş</name>
                <description>                    category  : quarter &lt;br&gt;   
                    sitelinks : 12.0 &lt;br&gt;   
                    articleEN : https://en.wikipedia.org/wiki/Kabata%C5%9F,_Beyo%C4%9Flu &lt;br&gt;             
                    articleDE :  &lt;br&gt;              
                    wikidata_link : http://www.wikidata.org/entity/Q1775810</description>
                <styleUrl>#icon-1739-008000</styleUrl>
                <Point id="1433">
                    <coordinates>28.99222222,41.03416667,0.0</coordinates>
                </Point>
            </Placemark>
            <Placemark id="1436">
                <name>Apostolic Vicariate of Istanbul</name>
                <description>                    category  : apostolic vicariate &lt;br&gt;   
                    sitelinks : 12.0 &lt;br&gt;   
                    articleEN : https://en.wikipedia.org/wiki/Apostolic_Vicariate_of_Istanbul &lt;br&gt;             
                    articleDE : https://de.wikipedia.org/wiki/Apostolisches_Vikariat_Istanbul &lt;br&gt;              
                    wikidata_link : http://www.wikidata.org/entity/Q620346</description>
                <styleUrl>#icon-1739-008000</styleUrl>
                <Point id="1435">
                    <coordinates>28.9854,41.0447,0.0</coordinates>
                </Point>
            </Placemark>
            <Placemark id="1438">
                <name>Forum of the Ox</name>
                <description>                    category  : square &lt;br&gt;   
                    sitelinks : 12.0 &lt;br&gt;   
                    articleEN : https://en.wikipedia.org/wiki/Forum_of_the_Ox &lt;br&gt;             
                    articleDE : https://de.wikipedia.org/wiki/Forum_Bovis &lt;br&gt;              
                    wikidata_link : http://www.wikidata.org/entity/Q4845769</description>
                <styleUrl>#icon-1739-008000</styleUrl>
                <Point id="1437">
                    <coordinates>28.95305556,41.01,0.0</coordinates>
                </Point>
            </Placemark>
            <Placemark id="1440">
                <name>Istanbul Bilgi University</name>
                <description>                    category  : private university &lt;br&gt;   
                    sitelinks : 12.0 &lt;br&gt;   
                    articleEN : https://en.wikipedia.org/wiki/Istanbul_Bilgi_University &lt;br&gt;             
                    articleDE : https://de.wikipedia.org/wiki/%C4%B0stanbul_Bilgi_%C3%9Cniversitesi &lt;br&gt;              
                    wikidata_link : http://www.wikidata.org/entity/Q344262</description>
                <styleUrl>#icon-1739-008000</styleUrl>
                <Point id="1439">
                    <coordinates>28.945870514208,41.066796785824,0.0</coordinates>
                </Point>
            </Placemark>
            <Placemark id="1442">
                <name>German Fountain</name>
                <description>                    category  : fountain &lt;br&gt;   
                    sitelinks : 12.0 &lt;br&gt;   
                    articleEN : https://en.wikipedia.org/wiki/German_Fountain &lt;br&gt;             
                    articleDE : https://de.wikipedia.org/wiki/Deutscher_Brunnen_(Istanbul) &lt;br&gt;              
                    wikidata_link : http://www.wikidata.org/entity/Q322920</description>
                <styleUrl>#icon-1739-008000</styleUrl>
                <Point id="1441">
                    <coordinates>28.976694444444,41.007111111111,0.0</coordinates>
                </Point>
            </Placemark>
            <Placemark id="1444">
                <name>2003 Istanbul bombings</name>
                <description>                    category  : suicide attack &lt;br&gt;   
                    sitelinks : 12.0 &lt;br&gt;   
                    articleEN : https://en.wikipedia.org/wiki/2003_Istanbul_bombings &lt;br&gt;             
                    articleDE : https://de.wikipedia.org/wiki/Terroranschl%C3%A4ge_in_Istanbul_2003 &lt;br&gt;              
                    wikidata_link : http://www.wikidata.org/entity/Q1254917</description>
                <styleUrl>#icon-1739-008000</styleUrl>
                <Point id="1443">
                    <coordinates>28.9725,41.02666667,0.0</coordinates>
                </Point>
            </Placemark>
            <Placemark id="1446">
                <name>Khedive Palace</name>
                <description>                    category  : tourist attraction &lt;br&gt;   
                    sitelinks : 12.0 &lt;br&gt;   
                    articleEN : https://en.wikipedia.org/wiki/Khedive%27s_Palace &lt;br&gt;             
                    articleDE : https://de.wikipedia.org/wiki/Khedivenpalast &lt;br&gt;              
                    wikidata_link : http://www.wikidata.org/entity/Q6401196</description>
                <styleUrl>#icon-1739-008000</styleUrl>
                <Point id="1445">
                    <coordinates>29.0738,41.105,0.0</coordinates>
                </Point>
            </Placemark>
            <Placemark id="1448">
                <name>Kuzguncuk</name>
                <description>                    category  : mahalle &lt;br&gt;   
                    sitelinks : 12.0 &lt;br&gt;   
                    articleEN : https://en.wikipedia.org/wiki/Kuzguncuk &lt;br&gt;             
                    articleDE : https://de.wikipedia.org/wiki/Kuzguncuk &lt;br&gt;              
                    wikidata_link : http://www.wikidata.org/entity/Q2555555</description>
                <styleUrl>#icon-1739-008000</styleUrl>
                <Point id="1447">
                    <coordinates>29.029722222222,41.036666666667,0.0</coordinates>
                </Point>
            </Placemark>
            <Placemark id="1450">
                <name>Tophane</name>
                <description>                    category  : quarter &lt;br&gt;   
                    sitelinks : 12.0 &lt;br&gt;   
                    articleEN : https://en.wikipedia.org/wiki/Tophane &lt;br&gt;             
                    articleDE : https://de.wikipedia.org/wiki/Tophane &lt;br&gt;              
                    wikidata_link : http://www.wikidata.org/entity/Q2443264</description>
                <styleUrl>#icon-1739-008000</styleUrl>
                <Point id="1449">
                    <coordinates>28.98228,41.02739,0.0</coordinates>
                </Point>
            </Placemark>
            <Placemark id="1452">
                <name>Emirgan Park</name>
                <description>                    category  : architectural structure &lt;br&gt;   
                    sitelinks : 12.0 &lt;br&gt;   
                    articleEN : https://en.wikipedia.org/wiki/Emirgan_Park &lt;br&gt;             
                    articleDE : https://de.wikipedia.org/wiki/Emirgan-Park &lt;br&gt;              
                    wikidata_link : http://www.wikidata.org/entity/Q5185642</description>
                <styleUrl>#icon-1739-008000</styleUrl>
                <Point id="1451">
                    <coordinates>29.0525,41.108333333333,0.0</coordinates>
                </Point>
            </Placemark>
            <Placemark id="1454">
                <name>Manastır Mosque</name>
                <description>                    category  : church building &lt;br&gt;   
                    sitelinks : 12.0 &lt;br&gt;   
                    articleEN : https://en.wikipedia.org/wiki/Manast%C4%B1r_Mosque,_Istanbul &lt;br&gt;             
                    articleDE : https://de.wikipedia.org/wiki/Manast%C4%B1r-Moschee &lt;br&gt;              
                    wikidata_link : http://www.wikidata.org/entity/Q3561109</description>
                <styleUrl>#icon-1739-008000</styleUrl>
                <Point id="1453">
                    <coordinates>28.928407260193,41.017370503738,0.0</coordinates>
                </Point>
            </Placemark>
            <Placemark id="1456">
                <name>Taksim Stadium</name>
                <description>                    category  : association football venue &lt;br&gt;   
                    sitelinks : 12.0 &lt;br&gt;   
                    articleEN : https://en.wikipedia.org/wiki/Taksim_Stadium &lt;br&gt;             
                    articleDE : https://de.wikipedia.org/wiki/Taksim-Stadion &lt;br&gt;              
                    wikidata_link : http://www.wikidata.org/entity/Q4450209</description>
                <styleUrl>#icon-1739-008000</styleUrl>
                <Point id="1455">
                    <coordinates>28.986818,41.038459,0.0</coordinates>
                </Point>
            </Placemark>
            <Placemark id="1458">
                <name>Harbour of Eleutherios</name>
                <description>                    category  : archaeological site &lt;br&gt;   
                    sitelinks : 12.0 &lt;br&gt;   
                    articleEN : https://en.wikipedia.org/wiki/Harbour_of_Eleutherios &lt;br&gt;             
                    articleDE : https://de.wikipedia.org/wiki/Theodosius-Hafen &lt;br&gt;              
                    wikidata_link : http://www.wikidata.org/entity/Q3288771</description>
                <styleUrl>#icon-1739-008000</styleUrl>
                <Point id="1457">
                    <coordinates>28.95222222,41.00466667,0.0</coordinates>
                </Point>
            </Placemark>
            <Placemark id="1460">
                <name>Church of the Virgin of the Pharos</name>
                <description>                    category  : church building &lt;br&gt;   
                    sitelinks : 12.0 &lt;br&gt;   
                    articleEN : https://en.wikipedia.org/wiki/Church_of_the_Virgin_of_the_Pharos &lt;br&gt;             
                    articleDE : https://de.wikipedia.org/wiki/Pharos-Palastkapelle &lt;br&gt;              
                    wikidata_link : http://www.wikidata.org/entity/Q3082387</description>
                <styleUrl>#icon-1739-008000</styleUrl>
                <Point id="1459">
                    <coordinates>28.97722222,41.00583333,0.0</coordinates>
                </Point>
            </Placemark>
            <Placemark id="1462">
                <name>Church of St. Polyeuctus</name>
                <description>                    category  : church ruin &lt;br&gt;   
                    sitelinks : 12.0 &lt;br&gt;   
                    articleEN : https://en.wikipedia.org/wiki/Church_of_St._Polyeuctus &lt;br&gt;             
                    articleDE : https://de.wikipedia.org/wiki/Polyeuktoskirche &lt;br&gt;              
                    wikidata_link : http://www.wikidata.org/entity/Q1578614</description>
                <styleUrl>#icon-1739-008000</styleUrl>
                <Point id="1461">
                    <coordinates>28.95305556,41.01444444,0.0</coordinates>
                </Point>
            </Placemark>
            <Placemark id="1464">
                <name>Armenian Catholic Archeparchy of Istanbul</name>
                <description>                    category  : Catholic Archieparchy &lt;br&gt;   
                    sitelinks : 12.0 &lt;br&gt;   
                    articleEN : https://en.wikipedia.org/wiki/Armenian_Catholic_Archeparchy_of_Istanbul &lt;br&gt;             
                    articleDE : https://de.wikipedia.org/wiki/Erzeparchie_Istanbul &lt;br&gt;              
                    wikidata_link : http://www.wikidata.org/entity/Q784328</description>
                <styleUrl>#icon-1739-008000</styleUrl>
                <Point id="1463">
                    <coordinates>28.9798,41.0356,0.0</coordinates>
                </Point>
            </Placemark>
            <Placemark id="1466">
                <name>Hasköy</name>
                <description>                    category  : neighborhood &lt;br&gt;   
                    sitelinks : 12.0 &lt;br&gt;   
                    articleEN : https://en.wikipedia.org/wiki/Hask%C3%B6y,_Beyo%C4%9Flu &lt;br&gt;             
                    articleDE : https://de.wikipedia.org/wiki/Hask%C3%B6y_(Istanbul) &lt;br&gt;              
                    wikidata_link : http://www.wikidata.org/entity/Q3302981</description>
                <styleUrl>#icon-1739-008000</styleUrl>
                <Point id="1465">
                    <coordinates>28.94972222,41.03972222,0.0</coordinates>
                </Point>
            </Placemark>
            <Placemark id="1468">
                <name>Hagia Triada Greek Orthodox Church</name>
                <description>                    category  : architectural structure &lt;br&gt;   
                    sitelinks : 13.0 &lt;br&gt;   
                    articleEN : https://en.wikipedia.org/wiki/Hagia_Triada_Church,_Istanbul &lt;br&gt;             
                    articleDE :  &lt;br&gt;              
                    wikidata_link : http://www.wikidata.org/entity/Q5638730</description>
                <styleUrl>#icon-1739-008000</styleUrl>
                <Point id="1467">
                    <coordinates>28.9842,41.0355,0.0</coordinates>
                </Point>
            </Placemark>
            <Placemark id="1470">
                <name>Aşiyan Museum</name>
                <description>                    category  : historic house museum &lt;br&gt;   
                    sitelinks : 13.0 &lt;br&gt;   
                    articleEN : https://en.wikipedia.org/wiki/A%C5%9Fiyan_Museum &lt;br&gt;             
                    articleDE :  &lt;br&gt;              
                    wikidata_link : http://www.wikidata.org/entity/Q4833521</description>
                <styleUrl>#icon-1739-008000</styleUrl>
                <Point id="1469">
                    <coordinates>29.05345,41.08265,0.0</coordinates>
                </Point>
            </Placemark>
            <Placemark id="1472">
                <name>Ayazma Mosque</name>
                <description>                    category  : architectural structure &lt;br&gt;   
                    sitelinks : 13.0 &lt;br&gt;   
                    articleEN : https://en.wikipedia.org/wiki/Ayazma_Mosque &lt;br&gt;             
                    articleDE :  &lt;br&gt;              
                    wikidata_link : http://www.wikidata.org/entity/Q3324894</description>
                <styleUrl>#icon-1739-008000</styleUrl>
                <Point id="1471">
                    <coordinates>29.008882,41.022657,0.0</coordinates>
                </Point>
            </Placemark>
            <Placemark id="1474">
                <name>Yıldız</name>
                <description>                    category  : mahalle &lt;br&gt;   
                    sitelinks : 13.0 &lt;br&gt;   
                    articleEN : https://en.wikipedia.org/wiki/Y%C4%B1ld%C4%B1z,_Be%C5%9Fikta%C5%9F &lt;br&gt;             
                    articleDE :  &lt;br&gt;              
                    wikidata_link : http://www.wikidata.org/entity/Q3100907</description>
                <styleUrl>#icon-1739-008000</styleUrl>
                <Point id="1473">
                    <coordinates>29.0145236,41.0479707,0.0</coordinates>
                </Point>
            </Placemark>
            <Placemark id="1476">
                <name>Ihlamur Palace</name>
                <description>                    category  : pavilion &lt;br&gt;   
                    sitelinks : 13.0 &lt;br&gt;   
                    articleEN : https://en.wikipedia.org/wiki/Ihlamur_Pavilion &lt;br&gt;             
                    articleDE :  &lt;br&gt;              
                    wikidata_link : http://www.wikidata.org/entity/Q2330055</description>
                <styleUrl>#icon-1739-008000</styleUrl>
                <Point id="1475">
                    <coordinates>29.001175,41.050747,0.0</coordinates>
                </Point>
            </Placemark>
            <Placemark id="1478">
                <name>Sirkeci</name>
                <description>                    category  : quarter &lt;br&gt;   
                    sitelinks : 13.0 &lt;br&gt;   
                    articleEN : https://en.wikipedia.org/wiki/Sirkeci &lt;br&gt;             
                    articleDE :  &lt;br&gt;              
                    wikidata_link : http://www.wikidata.org/entity/Q935953</description>
                <styleUrl>#icon-1739-008000</styleUrl>
                <Point id="1477">
                    <coordinates>28.975504,41.014847,0.0</coordinates>
                </Point>
            </Placemark>
            <Placemark id="1480">
                <name>Mese</name>
                <description>                    category  : street &lt;br&gt;   
                    sitelinks : 13.0 &lt;br&gt;   
                    articleEN : https://en.wikipedia.org/wiki/Mese_(Constantinople) &lt;br&gt;             
                    articleDE : https://de.wikipedia.org/wiki/Mese_(Konstantinopel) &lt;br&gt;              
                    wikidata_link : http://www.wikidata.org/entity/Q1247312</description>
                <styleUrl>#icon-1739-008000</styleUrl>
                <Point id="1479">
                    <coordinates>28.9713,41.0084,0.0</coordinates>
                </Point>
            </Placemark>
            <Placemark id="1482">
                <name>Philadelphion</name>
                <description>                    category  : Roman road &lt;br&gt;   
                    sitelinks : 13.0 &lt;br&gt;   
                    articleEN : https://en.wikipedia.org/wiki/Philadelphion &lt;br&gt;             
                    articleDE : https://de.wikipedia.org/wiki/Philadelphion &lt;br&gt;              
                    wikidata_link : http://www.wikidata.org/entity/Q548109</description>
                <styleUrl>#icon-1739-008000</styleUrl>
                <Point id="1481">
                    <coordinates>28.956892,41.014086,0.0</coordinates>
                </Point>
            </Placemark>
            <Placemark id="1484">
                <name>Aynalıkavak Palace</name>
                <description>                    category  : palace &lt;br&gt;   
                    sitelinks : 13.0 &lt;br&gt;   
                    articleEN : https://en.wikipedia.org/wiki/Aynal%C4%B1kavak_Pavilion &lt;br&gt;             
                    articleDE : https://de.wikipedia.org/wiki/Aynal%C4%B1kavak-Palast &lt;br&gt;              
                    wikidata_link : http://www.wikidata.org/entity/Q793169</description>
                <styleUrl>#icon-1739-008000</styleUrl>
                <Point id="1483">
                    <coordinates>28.95531944,41.03791667,0.0</coordinates>
                </Point>
            </Placemark>
            <Placemark id="1486">
                <name>Selimiye Barracks</name>
                <description>                    category  : barracks &lt;br&gt;   
                    sitelinks : 13.0 &lt;br&gt;   
                    articleEN : https://en.wikipedia.org/wiki/Selimiye_Barracks &lt;br&gt;             
                    articleDE : https://de.wikipedia.org/wiki/Selimiye-Kaserne &lt;br&gt;              
                    wikidata_link : http://www.wikidata.org/entity/Q1627463</description>
                <styleUrl>#icon-1739-008000</styleUrl>
                <Point id="1485">
                    <coordinates>29.016,41.008,0.0</coordinates>
                </Point>
            </Placemark>
            <Placemark id="1488">
                <name>Beylerbeyi</name>
                <description>                    category  : mahalle &lt;br&gt;   
                    sitelinks : 13.0 &lt;br&gt;   
                    articleEN : https://en.wikipedia.org/wiki/Beylerbeyi &lt;br&gt;             
                    articleDE : https://de.wikipedia.org/wiki/Beylerbeyi_(%C3%9Csk%C3%BCdar) &lt;br&gt;              
                    wikidata_link : http://www.wikidata.org/entity/Q853184</description>
                <styleUrl>#icon-1739-008000</styleUrl>
                <Point id="1487">
                    <coordinates>29.047685,41.041911,0.0</coordinates>
                </Point>
            </Placemark>
            <Placemark id="1490">
                <name>assassination of Jamal Khashoggi</name>
                <description>                    category  : political murder &lt;br&gt;   
                    sitelinks : 14.0 &lt;br&gt;   
                    articleEN : https://en.wikipedia.org/wiki/Assassination_of_Jamal_Khashoggi &lt;br&gt;             
                    articleDE :  &lt;br&gt;              
                    wikidata_link : http://www.wikidata.org/entity/Q57527214</description>
                <styleUrl>#icon-1739-008000</styleUrl>
                <Point id="1489">
                    <coordinates>29.0121,41.086,0.0</coordinates>
                </Point>
            </Placemark>
            <Placemark id="1492">
                <name>Bebek Mosque</name>
                <description>                    category  : architectural structure &lt;br&gt;   
                    sitelinks : 14.0 &lt;br&gt;   
                    articleEN : https://en.wikipedia.org/wiki/Bebek_Mosque &lt;br&gt;             
                    articleDE :  &lt;br&gt;              
                    wikidata_link : http://www.wikidata.org/entity/Q6049880</description>
                <styleUrl>#icon-1739-008000</styleUrl>
                <Point id="1491">
                    <coordinates>29.043888888889,41.076666666667,0.0</coordinates>
                </Point>
            </Placemark>
            <Placemark id="1494">
                <name>Çengelköy</name>
                <description>                    category  : mahalle &lt;br&gt;   
                    sitelinks : 14.0 &lt;br&gt;   
                    articleEN : https://en.wikipedia.org/wiki/%C3%87engelk%C3%B6y &lt;br&gt;             
                    articleDE :  &lt;br&gt;              
                    wikidata_link : http://www.wikidata.org/entity/Q2921300</description>
                <styleUrl>#icon-1739-008000</styleUrl>
                <Point id="1493">
                    <coordinates>29.062011111111,41.049130555556,0.0</coordinates>
                </Point>
            </Placemark>
            <Placemark id="1496">
                <name>Burmalı Mosque</name>
                <description>                    category  : architectural structure &lt;br&gt;   
                    sitelinks : 14.0 &lt;br&gt;   
                    articleEN : https://en.wikipedia.org/wiki/Burmal%C4%B1_Mosque &lt;br&gt;             
                    articleDE :  &lt;br&gt;              
                    wikidata_link : http://www.wikidata.org/entity/Q1590626</description>
                <styleUrl>#icon-1739-008000</styleUrl>
                <Point id="1495">
                    <coordinates>28.9563,41.0146,0.0</coordinates>
                </Point>
            </Placemark>
            <Placemark id="1498">
                <name>Forum of Arcadius</name>
                <description>                    category  : square &lt;br&gt;   
                    sitelinks : 14.0 &lt;br&gt;   
                    articleEN : https://en.wikipedia.org/wiki/Forum_of_Arcadius &lt;br&gt;             
                    articleDE : https://de.wikipedia.org/wiki/Arcadius-Forum &lt;br&gt;              
                    wikidata_link : http://www.wikidata.org/entity/Q1247271</description>
                <styleUrl>#icon-1739-008000</styleUrl>
                <Point id="1497">
                    <coordinates>28.943,41.0077,0.0</coordinates>
                </Point>
            </Placemark>
            <Placemark id="1500">
                <name>Baths of Zeuxippus</name>
                <description>                    category  : bathhouse &lt;br&gt;   
                    sitelinks : 14.0 &lt;br&gt;   
                    articleEN : https://en.wikipedia.org/wiki/Baths_of_Zeuxippus &lt;br&gt;             
                    articleDE : https://de.wikipedia.org/wiki/Zeuxippus-Thermen &lt;br&gt;              
                    wikidata_link : http://www.wikidata.org/entity/Q1756200</description>
                <styleUrl>#icon-1739-008000</styleUrl>
                <Point id="1499">
                    <coordinates>28.978611111111,41.006944444444,0.0</coordinates>
                </Point>
            </Placemark>
            <Placemark id="1502">
                <name>Ashkenazi Synagogue of Istanbul</name>
                <description>                    category  : Ashkenazi synagogue &lt;br&gt;   
                    sitelinks : 14.0 &lt;br&gt;   
                    articleEN : https://en.wikipedia.org/wiki/Ashkenazi_Synagogue_of_Istanbul &lt;br&gt;             
                    articleDE : https://de.wikipedia.org/wiki/Aschkenasische_Synagoge_(Istanbul) &lt;br&gt;              
                    wikidata_link : http://www.wikidata.org/entity/Q2079847</description>
                <styleUrl>#icon-1739-008000</styleUrl>
                <Point id="1501">
                    <coordinates>28.97509,41.02521,0.0</coordinates>
                </Point>
            </Placemark>
            <Placemark id="1504">
                <name>Bulgarian Exarchate</name>
                <description>                    category  : religious organization &lt;br&gt;   
                    sitelinks : 14.0 &lt;br&gt;   
                    articleEN : https://en.wikipedia.org/wiki/Bulgarian_Exarchate &lt;br&gt;             
                    articleDE : https://de.wikipedia.org/wiki/Bulgarisches_Exarchat &lt;br&gt;              
                    wikidata_link : http://www.wikidata.org/entity/Q2042945</description>
                <styleUrl>#icon-1739-008000</styleUrl>
                <Point id="1503">
                    <coordinates>28.949319,41.031527,0.0</coordinates>
                </Point>
            </Placemark>
            <Placemark id="1506">
                <name>Dolmabahçe Clock Tower</name>
                <description>                    category  : clock tower &lt;br&gt;   
                    sitelinks : 14.0 &lt;br&gt;   
                    articleEN : https://en.wikipedia.org/wiki/Dolmabah%C3%A7e_Clock_Tower &lt;br&gt;             
                    articleDE : https://de.wikipedia.org/wiki/Uhrturm_von_Dolmabah%C3%A7e &lt;br&gt;              
                    wikidata_link : http://www.wikidata.org/entity/Q1818013</description>
                <styleUrl>#icon-1739-008000</styleUrl>
                <Point id="1505">
                    <coordinates>28.996368,41.037612,0.0</coordinates>
                </Point>
            </Placemark>
            <Placemark id="1508">
                <name>Isbank Tower 1</name>
                <description>                    category  : architectural structure &lt;br&gt;   
                    sitelinks : 14.0 &lt;br&gt;   
                    articleEN : https://en.wikipedia.org/wiki/Isbank_Tower_1 &lt;br&gt;             
                    articleDE : https://de.wikipedia.org/wiki/%C4%B0%C5%9F_Kuleleri &lt;br&gt;              
                    wikidata_link : http://www.wikidata.org/entity/Q344564</description>
                <styleUrl>#icon-1739-008000</styleUrl>
                <Point id="1507">
                    <coordinates>29.011407,41.082898,0.0</coordinates>
                </Point>
            </Placemark>
            <Placemark id="1510">
                <name>Fountain of Ahmed III</name>
                <description>                    category  : fountain &lt;br&gt;   
                    sitelinks : 14.0 &lt;br&gt;   
                    articleEN : https://en.wikipedia.org/wiki/Fountain_of_Ahmed_III &lt;br&gt;             
                    articleDE : https://de.wikipedia.org/wiki/Brunnen_Ahmets_III. &lt;br&gt;              
                    wikidata_link : http://www.wikidata.org/entity/Q3076126</description>
                <styleUrl>#icon-1739-008000</styleUrl>
                <Point id="1509">
                    <coordinates>28.98121111,41.00825278,0.0</coordinates>
                </Point>
            </Placemark>
            <Placemark id="1512">
                <name>Bağdat Avenue</name>
                <description>                    category  : street &lt;br&gt;   
                    sitelinks : 14.0 &lt;br&gt;   
                    articleEN : https://en.wikipedia.org/wiki/Ba%C4%9Fdat_Avenue &lt;br&gt;             
                    articleDE : https://de.wikipedia.org/wiki/Ba%C4%9Fdat_Caddesi &lt;br&gt;              
                    wikidata_link : http://www.wikidata.org/entity/Q2873544</description>
                <styleUrl>#icon-1739-008000</styleUrl>
                <Point id="1511">
                    <coordinates>29.09517,40.95344,0.0</coordinates>
                </Point>
            </Placemark>
            <Placemark id="1514">
                <name>Ahrida Synagogue of Istanbul</name>
                <description>                    category  : synagogue &lt;br&gt;   
                    sitelinks : 14.0 &lt;br&gt;   
                    articleEN : https://en.wikipedia.org/wiki/Ahrida_Synagogue_of_Istanbul &lt;br&gt;             
                    articleDE : https://de.wikipedia.org/wiki/Ahrida-Synagoge_(Istanbul) &lt;br&gt;              
                    wikidata_link : http://www.wikidata.org/entity/Q3393562</description>
                <styleUrl>#icon-1739-008000</styleUrl>
                <Point id="1513">
                    <coordinates>28.945513,41.032897,0.0</coordinates>
                </Point>
            </Placemark>
            <Placemark id="1516">
                <name>Golden Horn Metro Bridge</name>
                <description>                    category  : cable-stayed bridge &lt;br&gt;   
                    sitelinks : 15.0 &lt;br&gt;   
                    articleEN : https://en.wikipedia.org/wiki/Golden_Horn_Metro_Bridge &lt;br&gt;             
                    articleDE : https://de.wikipedia.org/wiki/Metrobr%C3%BCcke_%C3%BCber_das_Goldene_Horn &lt;br&gt;              
                    wikidata_link : http://www.wikidata.org/entity/Q6076527</description>
                <styleUrl>#icon-1739-008000</styleUrl>
                <Point id="1515">
                    <coordinates>28.966527777778,41.0225,0.0</coordinates>
                </Point>
            </Placemark>
            <Placemark id="1518">
                <name>Skyland Istanbul</name>
                <description>                    category  : building complex &lt;br&gt;   
                    sitelinks : 15.0 &lt;br&gt;   
                    articleEN : https://en.wikipedia.org/wiki/Skyland_%C4%B0stanbul &lt;br&gt;             
                    articleDE :  &lt;br&gt;              
                    wikidata_link : http://www.wikidata.org/entity/Q28221132</description>
                <styleUrl>#icon-1739-008000</styleUrl>
                <Point id="1517">
                    <coordinates>28.9876,41.1019,0.0</coordinates>
                </Point>
            </Placemark>
            <Placemark id="1520">
                <name>Enderun School</name>
                <description>                    category  : educational institution &lt;br&gt;   
                    sitelinks : 15.0 &lt;br&gt;   
                    articleEN : https://en.wikipedia.org/wiki/Enderun_School &lt;br&gt;             
                    articleDE :  &lt;br&gt;              
                    wikidata_link : http://www.wikidata.org/entity/Q21582166</description>
                <styleUrl>#icon-1739-008000</styleUrl>
                <Point id="1519">
                    <coordinates>28.984938888889,41.012461111111,0.0</coordinates>
                </Point>
            </Placemark>
            <Placemark id="1522">
                <name>Istanbul Naval Museum</name>
                <description>                    category  : maritime museum &lt;br&gt;   
                    sitelinks : 15.0 &lt;br&gt;   
                    articleEN : https://en.wikipedia.org/wiki/Istanbul_Naval_Museum &lt;br&gt;             
                    articleDE :  &lt;br&gt;              
                    wikidata_link : http://www.wikidata.org/entity/Q11787082</description>
                <styleUrl>#icon-1739-008000</styleUrl>
                <Point id="1521">
                    <coordinates>29.00555556,41.04166667,0.0</coordinates>
                </Point>
            </Placemark>
            <Placemark id="1524">
                <name>Beyazıt Square</name>
                <description>                    category  : square &lt;br&gt;   
                    sitelinks : 15.0 &lt;br&gt;   
                    articleEN : https://en.wikipedia.org/wiki/Beyaz%C4%B1t_Square &lt;br&gt;             
                    articleDE :  &lt;br&gt;              
                    wikidata_link : http://www.wikidata.org/entity/Q6043077</description>
                <styleUrl>#icon-1739-008000</styleUrl>
                <Point id="1523">
                    <coordinates>28.9677,41.010519444444,0.0</coordinates>
                </Point>
            </Placemark>
            <Placemark id="1526">
                <name>Küçük Mecidi Mosque</name>
                <description>                    category  : architectural structure &lt;br&gt;   
                    sitelinks : 15.0 &lt;br&gt;   
                    articleEN : https://en.wikipedia.org/wiki/K%C3%BC%C3%A7%C3%BCk_Mecidiye_Mosque &lt;br&gt;             
                    articleDE :  &lt;br&gt;              
                    wikidata_link : http://www.wikidata.org/entity/Q2719794</description>
                <styleUrl>#icon-1739-008000</styleUrl>
                <Point id="1525">
                    <coordinates>29.017017,41.04528,0.0</coordinates>
                </Point>
            </Placemark>
            <Placemark id="1528">
                <name>Magnaura</name>
                <description>                    category  : architectural structure &lt;br&gt;   
                    sitelinks : 15.0 &lt;br&gt;   
                    articleEN : https://en.wikipedia.org/wiki/Magnaura &lt;br&gt;             
                    articleDE :  &lt;br&gt;              
                    wikidata_link : http://www.wikidata.org/entity/Q2630180</description>
                <styleUrl>#icon-1739-008000</styleUrl>
                <Point id="1527">
                    <coordinates>28.9803619,41.006012,0.0</coordinates>
                </Point>
            </Placemark>
            <Placemark id="1530">
                <name>Defterdar Mosque</name>
                <description>                    category  : architectural structure &lt;br&gt;   
                    sitelinks : 15.0 &lt;br&gt;   
                    articleEN : https://en.wikipedia.org/wiki/Defterdar_Mosque &lt;br&gt;             
                    articleDE :  &lt;br&gt;              
                    wikidata_link : http://www.wikidata.org/entity/Q2058733</description>
                <styleUrl>#icon-1739-008000</styleUrl>
                <Point id="1529">
                    <coordinates>28.9376,41.042,0.0</coordinates>
                </Point>
            </Placemark>
            <Placemark id="1532">
                <name>Kasımpaşa</name>
                <description>                    category  : quarter &lt;br&gt;   
                    sitelinks : 15.0 &lt;br&gt;   
                    articleEN : https://en.wikipedia.org/wiki/Kas%C4%B1mpa%C5%9Fa,_Beyo%C4%9Flu &lt;br&gt;             
                    articleDE : https://de.wikipedia.org/wiki/Kas%C4%B1mpa%C5%9Fa_(Beyo%C4%9Flu) &lt;br&gt;              
                    wikidata_link : http://www.wikidata.org/entity/Q1775820</description>
                <styleUrl>#icon-1739-008000</styleUrl>
                <Point id="1531">
                    <coordinates>28.98333333,41.05,0.0</coordinates>
                </Point>
            </Placemark>
            <Placemark id="1534">
                <name>Süreyya Opera House</name>
                <description>                    category  : opera house &lt;br&gt;   
                    sitelinks : 15.0 &lt;br&gt;   
                    articleEN : https://en.wikipedia.org/wiki/S%C3%BCreyya_Opera_House &lt;br&gt;             
                    articleDE : https://de.wikipedia.org/wiki/S%C3%BCreyya-Opernhaus &lt;br&gt;              
                    wikidata_link : http://www.wikidata.org/entity/Q551616</description>
                <styleUrl>#icon-1739-008000</styleUrl>
                <Point id="1533">
                    <coordinates>29.028985,40.987963,0.0</coordinates>
                </Point>
            </Placemark>
            <Placemark id="1536">
                <name>Istanbul Cevahir</name>
                <description>                    category  : shopping center &lt;br&gt;   
                    sitelinks : 15.0 &lt;br&gt;   
                    articleEN : https://en.wikipedia.org/wiki/Istanbul_Cevahir &lt;br&gt;             
                    articleDE : https://de.wikipedia.org/wiki/Cevahir_Al%C4%B1%C5%9Fveri%C5%9F_Merkezi &lt;br&gt;              
                    wikidata_link : http://www.wikidata.org/entity/Q1057835</description>
                <styleUrl>#icon-1739-008000</styleUrl>
                <Point id="1535">
                    <coordinates>28.993056,41.062778,0.0</coordinates>
                </Point>
            </Placemark>
            <Placemark id="1538">
                <name>2012 WTA Tour Championships</name>
                <description>                    category  : WTA Finals &lt;br&gt;   
                    sitelinks : 15.0 &lt;br&gt;   
                    articleEN : https://en.wikipedia.org/wiki/2012_WTA_Tour_Championships &lt;br&gt;             
                    articleDE : https://de.wikipedia.org/wiki/WTA_Championships_2012 &lt;br&gt;              
                    wikidata_link : http://www.wikidata.org/entity/Q368454</description>
                <styleUrl>#icon-1739-008000</styleUrl>
                <Point id="1537">
                    <coordinates>28.8556,40.9889,0.0</coordinates>
                </Point>
            </Placemark>
            <Placemark id="1540">
                <name>Column of the Goths</name>
                <description>                    category  : architectural structure &lt;br&gt;   
                    sitelinks : 15.0 &lt;br&gt;   
                    articleEN : https://en.wikipedia.org/wiki/Column_of_the_Goths &lt;br&gt;             
                    articleDE : https://de.wikipedia.org/wiki/Gotens%C3%A4ule &lt;br&gt;              
                    wikidata_link : http://www.wikidata.org/entity/Q2887370</description>
                <styleUrl>#icon-1739-008000</styleUrl>
                <Point id="1539">
                    <coordinates>28.98544444,41.0145,0.0</coordinates>
                </Point>
            </Placemark>
            <Placemark id="1542">
                <name>Teşviki Mosque</name>
                <description>                    category  : architectural structure &lt;br&gt;   
                    sitelinks : 15.0 &lt;br&gt;   
                    articleEN : https://en.wikipedia.org/wiki/Te%C5%9Fvikiye_Mosque &lt;br&gt;             
                    articleDE : https://de.wikipedia.org/wiki/Te%C5%9Fvikiye-Moschee &lt;br&gt;              
                    wikidata_link : http://www.wikidata.org/entity/Q2719784</description>
                <styleUrl>#icon-1739-008000</styleUrl>
                <Point id="1541">
                    <coordinates>28.99416667,41.04944444,0.0</coordinates>
                </Point>
            </Placemark>
            <Placemark id="1544">
                <name>Great Palace Mosaic Museum</name>
                <description>                    category  : national museum &lt;br&gt;   
                    sitelinks : 15.0 &lt;br&gt;   
                    articleEN : https://en.wikipedia.org/wiki/Great_Palace_Mosaic_Museum &lt;br&gt;             
                    articleDE : https://de.wikipedia.org/wiki/Mosaikenmuseum_(Istanbul) &lt;br&gt;              
                    wikidata_link : http://www.wikidata.org/entity/Q2719230</description>
                <styleUrl>#icon-1739-008000</styleUrl>
                <Point id="1543">
                    <coordinates>28.97666667,41.00444444,0.0</coordinates>
                </Point>
            </Placemark>
            <Placemark id="1546">
                <name>Haseki Hürrem Sultan Hamamı</name>
                <description>                    category  : hammam &lt;br&gt;   
                    sitelinks : 15.0 &lt;br&gt;   
                    articleEN : https://en.wikipedia.org/wiki/Hagia_Sophia_Hurrem_Sultan_Bathhouse &lt;br&gt;             
                    articleDE : https://de.wikipedia.org/wiki/Badehaus_der_Haseki_H%C3%BCrrem_Sultan &lt;br&gt;              
                    wikidata_link : http://www.wikidata.org/entity/Q2712287</description>
                <styleUrl>#icon-1739-008000</styleUrl>
                <Point id="1545">
                    <coordinates>28.97583333,41.00638889,0.0</coordinates>
                </Point>
            </Placemark>
            <Placemark id="1548">
                <name>Kara Ahmed Pasha Mosque</name>
                <description>                    category  : congregational mosque &lt;br&gt;   
                    sitelinks : 15.0 &lt;br&gt;   
                    articleEN : https://en.wikipedia.org/wiki/Kara_Ahmed_Pasha_Mosque &lt;br&gt;             
                    articleDE : https://de.wikipedia.org/wiki/Kara-Ahmed-Pascha-Moschee &lt;br&gt;              
                    wikidata_link : http://www.wikidata.org/entity/Q1572049</description>
                <styleUrl>#icon-1739-008000</styleUrl>
                <Point id="1547">
                    <coordinates>28.929223436128,41.021116490454,0.0</coordinates>
                </Point>
            </Placemark>
            <Placemark id="1550">
                <name>Şişli Mosque</name>
                <description>                    category  : mosque &lt;br&gt;   
                    sitelinks : 16.0 &lt;br&gt;   
                    articleEN : https://en.wikipedia.org/wiki/%C5%9Ei%C5%9Fli_Mosque &lt;br&gt;             
                    articleDE :  &lt;br&gt;              
                    wikidata_link : http://www.wikidata.org/entity/Q6061170</description>
                <styleUrl>#icon-1739-008000</styleUrl>
                <Point id="1549">
                    <coordinates>28.987777777778,41.061388888889,0.0</coordinates>
                </Point>
            </Placemark>
            <Placemark id="1552">
                <name>Molla Çelebi Mosque</name>
                <description>                    category  : külliye &lt;br&gt;   
                    sitelinks : 16.0 &lt;br&gt;   
                    articleEN : https://en.wikipedia.org/wiki/Molla_%C3%87elebi_Mosque &lt;br&gt;             
                    articleDE :  &lt;br&gt;              
                    wikidata_link : http://www.wikidata.org/entity/Q2719788</description>
                <styleUrl>#icon-1739-008000</styleUrl>
                <Point id="1551">
                    <coordinates>28.9906,41.0321,0.0</coordinates>
                </Point>
            </Placemark>
            <Placemark id="1554">
                <name>Runic inscriptions in Hagia Sophia</name>
                <description>                    category  : runic inscription &lt;br&gt;   
                    sitelinks : 16.0 &lt;br&gt;   
                    articleEN : https://en.wikipedia.org/wiki/Runic_inscriptions_in_Hagia_Sophia &lt;br&gt;             
                    articleDE :  &lt;br&gt;              
                    wikidata_link : http://www.wikidata.org/entity/Q2656937</description>
                <styleUrl>#icon-1739-008000</styleUrl>
                <Point id="1553">
                    <coordinates>28.9791,41.0087,0.0</coordinates>
                </Point>
            </Placemark>
            <Placemark id="1556">
                <name>M1</name>
                <description>                    category  : airport rail link &lt;br&gt;   
                    sitelinks : 16.0 &lt;br&gt;   
                    articleEN : https://en.wikipedia.org/wiki/M1_(Istanbul_Metro) &lt;br&gt;             
                    articleDE : https://de.wikipedia.org/wiki/M1_(Metro_Istanbul) &lt;br&gt;              
                    wikidata_link : http://www.wikidata.org/entity/Q6048705</description>
                <styleUrl>#icon-1739-008000</styleUrl>
                <Point id="1555">
                    <coordinates>28.8937,41.0035,0.0</coordinates>
                </Point>
            </Placemark>
            <Placemark id="1558">
                <name>Forum of Theodosius</name>
                <description>                    category  : forum &lt;br&gt;   
                    sitelinks : 16.0 &lt;br&gt;   
                    articleEN : https://en.wikipedia.org/wiki/Forum_of_Theodosius &lt;br&gt;             
                    articleDE : https://de.wikipedia.org/wiki/Theodosius-Forum &lt;br&gt;              
                    wikidata_link : http://www.wikidata.org/entity/Q1247291</description>
                <styleUrl>#icon-1739-008000</styleUrl>
                <Point id="1557">
                    <coordinates>28.96361111,41.00972222,0.0</coordinates>
                </Point>
            </Placemark>
            <Placemark id="1560">
                <name>Robert College</name>
                <description>                    category  : boarding school &lt;br&gt;   
                    sitelinks : 16.0 &lt;br&gt;   
                    articleEN : https://en.wikipedia.org/wiki/Robert_College &lt;br&gt;             
                    articleDE : https://de.wikipedia.org/wiki/Robert_College &lt;br&gt;              
                    wikidata_link : http://www.wikidata.org/entity/Q1342484</description>
                <styleUrl>#icon-1739-008000</styleUrl>
                <Point id="1559">
                    <coordinates>29.034833333333,41.067,0.0</coordinates>
                </Point>
            </Placemark>
            <Placemark id="1562">
                <name>Fenerbahçe</name>
                <description>                    category  : Wikimedia disambiguation page &lt;br&gt;   
                    sitelinks : 16.0 &lt;br&gt;   
                    articleEN : https://en.wikipedia.org/wiki/Fenerbah%C3%A7e_(disambiguation) &lt;br&gt;             
                    articleDE : https://de.wikipedia.org/wiki/Fenerbah%C3%A7e &lt;br&gt;              
                    wikidata_link : http://www.wikidata.org/entity/Q6603434</description>
                <styleUrl>#icon-1739-008000</styleUrl>
                <Point id="1561">
                    <coordinates>29.043611111111,40.974444444444,0.0</coordinates>
                </Point>
            </Placemark>
            <Placemark id="1564">
                <name>Kefeli Mosque</name>
                <description>                    category  : mosque &lt;br&gt;   
                    sitelinks : 16.0 &lt;br&gt;   
                    articleEN : https://en.wikipedia.org/wiki/Kefeli_Mosque &lt;br&gt;             
                    articleDE : https://de.wikipedia.org/wiki/Kefeli-Moschee &lt;br&gt;              
                    wikidata_link : http://www.wikidata.org/entity/Q2565343</description>
                <styleUrl>#icon-1739-008000</styleUrl>
                <Point id="1563">
                    <coordinates>28.94166667,41.02944444,0.0</coordinates>
                </Point>
            </Placemark>
            <Placemark id="1566">
                <name>Augustaion</name>
                <description>                    category  : square &lt;br&gt;   
                    sitelinks : 16.0 &lt;br&gt;   
                    articleEN : https://en.wikipedia.org/wiki/Augustaion &lt;br&gt;             
                    articleDE : https://de.wikipedia.org/wiki/Augustaion &lt;br&gt;              
                    wikidata_link : http://www.wikidata.org/entity/Q1187380</description>
                <styleUrl>#icon-1739-008000</styleUrl>
                <Point id="1565">
                    <coordinates>28.979,41.008,0.0</coordinates>
                </Point>
            </Placemark>
            <Placemark id="1568">
                <name>Atik Valide Mosque</name>
                <description>                    category  : architectural structure &lt;br&gt;   
                    sitelinks : 16.0 &lt;br&gt;   
                    articleEN : https://en.wikipedia.org/wiki/Atik_Valide_Mosque &lt;br&gt;             
                    articleDE : https://de.wikipedia.org/wiki/Atik-Valide-Moschee &lt;br&gt;              
                    wikidata_link : http://www.wikidata.org/entity/Q2483550</description>
                <styleUrl>#icon-1739-008000</styleUrl>
                <Point id="1567">
                    <coordinates>29.0236444444,41.0189416667,0.0</coordinates>
                </Point>
            </Placemark>
            <Placemark id="1570">
                <name>Jewish Museum of Turkey</name>
                <description>                    category  : Jewish museum &lt;br&gt;   
                    sitelinks : 16.0 &lt;br&gt;   
                    articleEN : https://en.wikipedia.org/wiki/Jewish_Museum_of_Turkey &lt;br&gt;             
                    articleDE : https://de.wikipedia.org/wiki/J%C3%BCdisches_Museum_der_T%C3%BCrkei &lt;br&gt;              
                    wikidata_link : http://www.wikidata.org/entity/Q1059699</description>
                <styleUrl>#icon-1739-008000</styleUrl>
                <Point id="1569">
                    <coordinates>28.9727457,41.0267555,0.0</coordinates>
                </Point>
            </Placemark>
            <Placemark id="1572">
                <name>Phanar Greek Orthodox College</name>
                <description>                    category  : architectural structure &lt;br&gt;   
                    sitelinks : 16.0 &lt;br&gt;   
                    articleEN : https://en.wikipedia.org/wiki/Phanar_Greek_Orthodox_College &lt;br&gt;             
                    articleDE : https://de.wikipedia.org/wiki/Griechisches_Gymnasium_Fener &lt;br&gt;              
                    wikidata_link : http://www.wikidata.org/entity/Q3555000</description>
                <styleUrl>#icon-1739-008000</styleUrl>
                <Point id="1571">
                    <coordinates>28.949363,41.029206,0.0</coordinates>
                </Point>
            </Placemark>
            <Placemark id="1574">
                <name>Bulgarian St. Stephen Church</name>
                <description>                    category  : architectural structure &lt;br&gt;   
                    sitelinks : 16.0 &lt;br&gt;   
                    articleEN : https://en.wikipedia.org/wiki/Bulgarian_St._Stephen_Church &lt;br&gt;             
                    articleDE : https://de.wikipedia.org/wiki/St._Stefan_(Istanbul) &lt;br&gt;              
                    wikidata_link : http://www.wikidata.org/entity/Q2094950</description>
                <styleUrl>#icon-1739-008000</styleUrl>
                <Point id="1573">
                    <coordinates>28.949694444444,41.031805555556,0.0</coordinates>
                </Point>
            </Placemark>
            <Placemark id="1576">
                <name>Church of St. Mary of the Mongols</name>
                <description>                    category  : Eastern Orthodox church building &lt;br&gt;   
                    sitelinks : 16.0 &lt;br&gt;   
                    articleEN : https://en.wikipedia.org/wiki/Church_of_Saint_Mary_of_the_Mongols &lt;br&gt;             
                    articleDE : https://de.wikipedia.org/wiki/Theotokos_Mouchliotissa &lt;br&gt;              
                    wikidata_link : http://www.wikidata.org/entity/Q1950180</description>
                <styleUrl>#icon-1739-008000</styleUrl>
                <Point id="1575">
                    <coordinates>28.948888888889,41.029722222222,0.0</coordinates>
                </Point>
            </Placemark>
            <Placemark id="1578">
                <name>Tiled Kiosk</name>
                <description>                    category  : pavilion &lt;br&gt;   
                    sitelinks : 16.0 &lt;br&gt;   
                    articleEN : https://en.wikipedia.org/wiki/Tiled_Kiosk &lt;br&gt;             
                    articleDE : https://de.wikipedia.org/wiki/%C3%87inili_K%C3%B6%C5%9Fk &lt;br&gt;              
                    wikidata_link : http://www.wikidata.org/entity/Q3294735</description>
                <styleUrl>#icon-1739-008000</styleUrl>
                <Point id="1577">
                    <coordinates>28.981198,41.01203,0.0</coordinates>
                </Point>
            </Placemark>
            <Placemark id="1580">
                <name>Şemsi Pasha Mosque</name>
                <description>                    category  : architectural structure &lt;br&gt;   
                    sitelinks : 16.0 &lt;br&gt;   
                    articleEN : https://en.wikipedia.org/wiki/%C5%9Eemsi_Pasha_Mosque &lt;br&gt;             
                    articleDE : https://de.wikipedia.org/wiki/%C5%9Eemsi-Pascha-Moschee &lt;br&gt;              
                    wikidata_link : http://www.wikidata.org/entity/Q1572431</description>
                <styleUrl>#icon-1739-008000</styleUrl>
                <Point id="1579">
                    <coordinates>29.011369444444,41.025944444444,0.0</coordinates>
                </Point>
            </Placemark>
            <Placemark id="1582">
                <name>Atik Mustafa Pasha Mosque</name>
                <description>                    category  : church building &lt;br&gt;   
                    sitelinks : 16.0 &lt;br&gt;   
                    articleEN : https://en.wikipedia.org/wiki/Atik_Mustafa_Pasha_Mosque &lt;br&gt;             
                    articleDE : https://de.wikipedia.org/wiki/Atik-Mustafa-Pascha-Moschee &lt;br&gt;              
                    wikidata_link : http://www.wikidata.org/entity/Q2706762</description>
                <styleUrl>#icon-1739-008000</styleUrl>
                <Point id="1581">
                    <coordinates>28.944,41.0386,0.0</coordinates>
                </Point>
            </Placemark>
            <Placemark id="1584">
                <name>Galatasaray University</name>
                <description>                    category  : public university &lt;br&gt;   
                    sitelinks : 16.0 &lt;br&gt;   
                    articleEN : https://en.wikipedia.org/wiki/Galatasaray_University &lt;br&gt;             
                    articleDE : https://de.wikipedia.org/wiki/Galatasaray_%C3%9Cniversitesi &lt;br&gt;              
                    wikidata_link : http://www.wikidata.org/entity/Q1491731</description>
                <styleUrl>#icon-1739-008000</styleUrl>
                <Point id="1583">
                    <coordinates>29.0191,41.0452,0.0</coordinates>
                </Point>
            </Placemark>
            <Placemark id="1586">
                <name>Sakıp Sabancı Museum</name>
                <description>                    category  : art museum &lt;br&gt;   
                    sitelinks : 16.0 &lt;br&gt;   
                    articleEN : https://en.wikipedia.org/wiki/Sak%C4%B1p_Sabanc%C4%B1_Museum &lt;br&gt;             
                    articleDE : https://de.wikipedia.org/wiki/Sak%C4%B1p_Sabanc%C4%B1_M%C3%BCzesi &lt;br&gt;              
                    wikidata_link : http://www.wikidata.org/entity/Q3395851</description>
                <styleUrl>#icon-1739-008000</styleUrl>
                <Point id="1585">
                    <coordinates>29.053704,41.099116,0.0</coordinates>
                </Point>
            </Placemark>
            <Placemark id="1588">
                <name>Column of Marcian</name>
                <description>                    category  : architectural structure &lt;br&gt;   
                    sitelinks : 16.0 &lt;br&gt;   
                    articleEN : https://en.wikipedia.org/wiki/Column_of_Marcian &lt;br&gt;             
                    articleDE : https://de.wikipedia.org/wiki/Markian-S%C3%A4ule &lt;br&gt;              
                    wikidata_link : http://www.wikidata.org/entity/Q285236</description>
                <styleUrl>#icon-1739-008000</styleUrl>
                <Point id="1587">
                    <coordinates>28.9502,41.0155,0.0</coordinates>
                </Point>
            </Placemark>
            <Placemark id="1590">
                <name>Taksim Mosque</name>
                <description>                    category  : mosque &lt;br&gt;   
                    sitelinks : 17.0 &lt;br&gt;   
                    articleEN : https://en.wikipedia.org/wiki/Taksim_Mosque &lt;br&gt;             
                    articleDE : https://de.wikipedia.org/wiki/Taksim-Moschee &lt;br&gt;              
                    wikidata_link : http://www.wikidata.org/entity/Q31190329</description>
                <styleUrl>#icon-1739-008000</styleUrl>
                <Point id="1589">
                    <coordinates>28.984111111111,41.037,0.0</coordinates>
                </Point>
            </Placemark>
            <Placemark id="1592">
                <name>June 2016 Istanbul bombing</name>
                <description>                    category  : suicide bombing &lt;br&gt;   
                    sitelinks : 17.0 &lt;br&gt;   
                    articleEN : https://en.wikipedia.org/wiki/June_2016_Istanbul_bombing &lt;br&gt;             
                    articleDE : https://de.wikipedia.org/wiki/Bombenanschlag_in_Istanbul_am_7._Juni_2016 &lt;br&gt;              
                    wikidata_link : http://www.wikidata.org/entity/Q24391822</description>
                <styleUrl>#icon-1739-008000</styleUrl>
                <Point id="1591">
                    <coordinates>28.958723,41.012447,0.0</coordinates>
                </Point>
            </Placemark>
            <Placemark id="1594">
                <name>Kumkapı</name>
                <description>                    category  : quarter &lt;br&gt;   
                    sitelinks : 17.0 &lt;br&gt;   
                    articleEN : https://en.wikipedia.org/wiki/Kumkap%C4%B1 &lt;br&gt;             
                    articleDE :  &lt;br&gt;              
                    wikidata_link : http://www.wikidata.org/entity/Q2152551</description>
                <styleUrl>#icon-1739-008000</styleUrl>
                <Point id="1593">
                    <coordinates>28.964708,41.004242,0.0</coordinates>
                </Point>
            </Placemark>
            <Placemark id="1596">
                <name>Mimar Sinan Fine Arts University</name>
                <description>                    category  : art academy &lt;br&gt;   
                    sitelinks : 17.0 &lt;br&gt;   
                    articleEN : https://en.wikipedia.org/wiki/Mimar_Sinan_Fine_Arts_University &lt;br&gt;             
                    articleDE : https://de.wikipedia.org/wiki/Mimar_Sinan_%C3%9Cniversitesi &lt;br&gt;              
                    wikidata_link : http://www.wikidata.org/entity/Q1936057</description>
                <styleUrl>#icon-1739-008000</styleUrl>
                <Point id="1595">
                    <coordinates>28.9892,41.03,0.0</coordinates>
                </Point>
            </Placemark>
            <Placemark id="1598">
                <name>Nea Ekklesia</name>
                <description>                    category  : destroyed building or structure &lt;br&gt;   
                    sitelinks : 17.0 &lt;br&gt;   
                    articleEN : https://en.wikipedia.org/wiki/Nea_Ekklesia &lt;br&gt;             
                    articleDE : https://de.wikipedia.org/wiki/Nea_Ekkl%C4%93sia &lt;br&gt;              
                    wikidata_link : http://www.wikidata.org/entity/Q3119702</description>
                <styleUrl>#icon-1739-008000</styleUrl>
                <Point id="1597">
                    <coordinates>28.9775,41.003638888889,0.0</coordinates>
                </Point>
            </Placemark>
            <Placemark id="1600">
                <name>Bankalar Caddesi</name>
                <description>                    category  : street &lt;br&gt;   
                    sitelinks : 17.0 &lt;br&gt;   
                    articleEN : https://en.wikipedia.org/wiki/Bankalar_Caddesi &lt;br&gt;             
                    articleDE : https://de.wikipedia.org/wiki/Bankalar_Caddesi &lt;br&gt;              
                    wikidata_link : http://www.wikidata.org/entity/Q806711</description>
                <styleUrl>#icon-1739-008000</styleUrl>
                <Point id="1599">
                    <coordinates>28.97372222,41.02390833,0.0</coordinates>
                </Point>
            </Placemark>
            <Placemark id="1602">
                <name>Feriye Palace</name>
                <description>                    category  : architectural structure &lt;br&gt;   
                    sitelinks : 17.0 &lt;br&gt;   
                    articleEN : https://en.wikipedia.org/wiki/Feriye_Palace &lt;br&gt;             
                    articleDE : https://de.wikipedia.org/wiki/Feriye-Palast &lt;br&gt;              
                    wikidata_link : http://www.wikidata.org/entity/Q3663028</description>
                <styleUrl>#icon-1739-008000</styleUrl>
                <Point id="1601">
                    <coordinates>29.02027778,41.04555556,0.0</coordinates>
                </Point>
            </Placemark>
            <Placemark id="1604">
                <name>Blachernae</name>
                <description>                    category  : human settlement &lt;br&gt;   
                    sitelinks : 17.0 &lt;br&gt;   
                    articleEN : https://en.wikipedia.org/wiki/Blachernae &lt;br&gt;             
                    articleDE : https://de.wikipedia.org/wiki/Blachernai &lt;br&gt;              
                    wikidata_link : http://www.wikidata.org/entity/Q1749015</description>
                <styleUrl>#icon-1739-008000</styleUrl>
                <Point id="1603">
                    <coordinates>28.940277777778,41.033888888889,0.0</coordinates>
                </Point>
            </Placemark>
            <Placemark id="1606">
                <name>Firuz Ağa Mosque</name>
                <description>                    category  : mosque &lt;br&gt;   
                    sitelinks : 18.0 &lt;br&gt;   
                    articleEN : https://en.wikipedia.org/wiki/Firuz_Agha_Mosque &lt;br&gt;             
                    articleDE :  &lt;br&gt;              
                    wikidata_link : http://www.wikidata.org/entity/Q2565317</description>
                <styleUrl>#icon-1739-008000</styleUrl>
                <Point id="1605">
                    <coordinates>28.97629,41.007708,0.0</coordinates>
                </Point>
            </Placemark>
            <Placemark id="1608">
                <name>Gazi Atik Ali Pasha Mosque</name>
                <description>                    category  : architectural structure &lt;br&gt;   
                    sitelinks : 18.0 &lt;br&gt;   
                    articleEN : https://en.wikipedia.org/wiki/Gazi_Atik_Ali_Pasha_Mosque &lt;br&gt;             
                    articleDE :  &lt;br&gt;              
                    wikidata_link : http://www.wikidata.org/entity/Q1572481</description>
                <styleUrl>#icon-1739-008000</styleUrl>
                <Point id="1607">
                    <coordinates>28.97055,41.00872,0.0</coordinates>
                </Point>
            </Placemark>
            <Placemark id="1610">
                <name>Haseki Sultan Mosque</name>
                <description>                    category  : külliye &lt;br&gt;   
                    sitelinks : 18.0 &lt;br&gt;   
                    articleEN : https://en.wikipedia.org/wiki/Haseki_Sultan_Complex &lt;br&gt;             
                    articleDE : https://de.wikipedia.org/wiki/Haseki-Sultan-Komplex &lt;br&gt;              
                    wikidata_link : http://www.wikidata.org/entity/Q19363506</description>
                <styleUrl>#icon-1739-008000</styleUrl>
                <Point id="1609">
                    <coordinates>28.9418,41.0086,0.0</coordinates>
                </Point>
            </Placemark>
            <Placemark id="1612">
                <name>Yıldız Park</name>
                <description>                    category  : tourist attraction &lt;br&gt;   
                    sitelinks : 18.0 &lt;br&gt;   
                    articleEN : https://en.wikipedia.org/wiki/Y%C4%B1ld%C4%B1z_Park &lt;br&gt;             
                    articleDE : https://de.wikipedia.org/wiki/Y%C4%B1ld%C4%B1z-Park &lt;br&gt;              
                    wikidata_link : http://www.wikidata.org/entity/Q1818005</description>
                <styleUrl>#icon-1739-008000</styleUrl>
                <Point id="1611">
                    <coordinates>29.01555556,41.04833333,0.0</coordinates>
                </Point>
            </Placemark>
            <Placemark id="1614">
                <name>2009 European Short Course Swimming Championships</name>
                <description>                    category  : sports season &lt;br&gt;   
                    sitelinks : 18.0 &lt;br&gt;   
                    articleEN : https://en.wikipedia.org/wiki/2009_European_Short_Course_Swimming_Championships &lt;br&gt;             
                    articleDE : https://de.wikipedia.org/wiki/Kurzbahneuropameisterschaften_2009 &lt;br&gt;              
                    wikidata_link : http://www.wikidata.org/entity/Q581465</description>
                <styleUrl>#icon-1739-008000</styleUrl>
                <Point id="1613">
                    <coordinates>28.9194,40.9969,0.0</coordinates>
                </Point>
            </Placemark>
            <Placemark id="1616">
                <name>Atatürk Cultural Center</name>
                <description>                    category  : cultural center &lt;br&gt;   
                    sitelinks : 18.0 &lt;br&gt;   
                    articleEN : https://en.wikipedia.org/wiki/Atat%C3%BCrk_Cultural_Center &lt;br&gt;             
                    articleDE : https://de.wikipedia.org/wiki/Atat%C3%BCrk-Kulturzentrum_(Istanbul) &lt;br&gt;              
                    wikidata_link : http://www.wikidata.org/entity/Q551685</description>
                <styleUrl>#icon-1739-008000</styleUrl>
                <Point id="1615">
                    <coordinates>28.98777778,41.03666667,0.0</coordinates>
                </Point>
            </Placemark>
            <Placemark id="1618">
                <name>Ali Sami Yen Stadium</name>
                <description>                    category  : association football venue &lt;br&gt;   
                    sitelinks : 18.0 &lt;br&gt;   
                    articleEN : https://en.wikipedia.org/wiki/Ali_Sami_Yen_Stadium &lt;br&gt;             
                    articleDE : https://de.wikipedia.org/wiki/Ali_Sami_Yen_Stadyumu &lt;br&gt;              
                    wikidata_link : http://www.wikidata.org/entity/Q1070800</description>
                <styleUrl>#icon-1739-008000</styleUrl>
                <Point id="1617">
                    <coordinates>28.998967,41.06545,0.0</coordinates>
                </Point>
            </Placemark>
            <Placemark id="1620">
                <name>Sivriada</name>
                <description>                    category  : island &lt;br&gt;   
                    sitelinks : 18.0 &lt;br&gt;   
                    articleEN : https://en.wikipedia.org/wiki/Sivriada &lt;br&gt;             
                    articleDE : https://de.wikipedia.org/wiki/Sivriada &lt;br&gt;              
                    wikidata_link : http://www.wikidata.org/entity/Q1972153</description>
                <styleUrl>#icon-1739-008000</styleUrl>
                <Point id="1619">
                    <coordinates>28.971722222222,40.875638888889,0.0</coordinates>
                </Point>
            </Placemark>
            <Placemark id="1622">
                <name>Molla Gürani Mosque</name>
                <description>                    category  : church building &lt;br&gt;   
                    sitelinks : 18.0 &lt;br&gt;   
                    articleEN : https://en.wikipedia.org/wiki/Church-Mosque_of_Vefa &lt;br&gt;             
                    articleDE : https://de.wikipedia.org/wiki/Kirchenmoschee_(Vefa) &lt;br&gt;              
                    wikidata_link : http://www.wikidata.org/entity/Q246275</description>
                <styleUrl>#icon-1739-008000</styleUrl>
                <Point id="1621">
                    <coordinates>28.96030388,41.0162818,0.0</coordinates>
                </Point>
            </Placemark>
            <Placemark id="1624">
                <name>Beyazıt Tower</name>
                <description>                    category  : tourist attraction &lt;br&gt;   
                    sitelinks : 18.0 &lt;br&gt;   
                    articleEN : https://en.wikipedia.org/wiki/Beyaz%C4%B1t_Tower &lt;br&gt;             
                    articleDE : https://de.wikipedia.org/wiki/Beyaz%C4%B1t-Turm &lt;br&gt;              
                    wikidata_link : http://www.wikidata.org/entity/Q853029</description>
                <styleUrl>#icon-1739-008000</styleUrl>
                <Point id="1623">
                    <coordinates>28.964861111111,41.012763888889,0.0</coordinates>
                </Point>
            </Placemark>
            <Placemark id="1626">
                <name>Nişantaşı</name>
                <description>                    category  : tourist attraction &lt;br&gt;   
                    sitelinks : 18.0 &lt;br&gt;   
                    articleEN : https://en.wikipedia.org/wiki/Ni%C5%9Fanta%C5%9F%C4%B1 &lt;br&gt;             
                    articleDE : https://de.wikipedia.org/wiki/Ni%C5%9Fanta%C5%9F%C4%B1 &lt;br&gt;              
                    wikidata_link : http://www.wikidata.org/entity/Q251601</description>
                <styleUrl>#icon-1739-008000</styleUrl>
                <Point id="1625">
                    <coordinates>28.991388888889,41.051666666667,0.0</coordinates>
                </Point>
            </Placemark>
            <Placemark id="1628">
                <name>Zeynep Sultan Mosque</name>
                <description>                    category  : architectural structure &lt;br&gt;   
                    sitelinks : 19.0 &lt;br&gt;   
                    articleEN : https://en.wikipedia.org/wiki/Zeynep_Sultan_Mosque &lt;br&gt;             
                    articleDE :  &lt;br&gt;              
                    wikidata_link : http://www.wikidata.org/entity/Q1153320</description>
                <styleUrl>#icon-1739-008000</styleUrl>
                <Point id="1627">
                    <coordinates>28.979,41.009694444444,0.0</coordinates>
                </Point>
            </Placemark>
            <Placemark id="1630">
                <name>Column of Arcadius</name>
                <description>                    category  : victory column &lt;br&gt;   
                    sitelinks : 19.0 &lt;br&gt;   
                    articleEN : https://en.wikipedia.org/wiki/Column_of_Arcadius &lt;br&gt;             
                    articleDE :  &lt;br&gt;              
                    wikidata_link : http://www.wikidata.org/entity/Q776353</description>
                <styleUrl>#icon-1739-008000</styleUrl>
                <Point id="1629">
                    <coordinates>28.9431,41.0078,0.0</coordinates>
                </Point>
            </Placemark>
            <Placemark id="1632">
                <name>Nusretiye Mosque</name>
                <description>                    category  : architectural structure &lt;br&gt;   
                    sitelinks : 19.0 &lt;br&gt;   
                    articleEN : https://en.wikipedia.org/wiki/Nusretiye_Mosque &lt;br&gt;             
                    articleDE :  &lt;br&gt;              
                    wikidata_link : http://www.wikidata.org/entity/Q614237</description>
                <styleUrl>#icon-1739-008000</styleUrl>
                <Point id="1631">
                    <coordinates>28.98316111,41.02732778,0.0</coordinates>
                </Point>
            </Placemark>
            <Placemark id="1634">
                <name>Küçüksu Palace</name>
                <description>                    category  : building &lt;br&gt;   
                    sitelinks : 19.0 &lt;br&gt;   
                    articleEN : https://en.wikipedia.org/wiki/K%C3%BC%C3%A7%C3%BCksu_Pavilion &lt;br&gt;             
                    articleDE : https://de.wikipedia.org/wiki/K%C3%BC%C3%A7%C3%BCksu-Palast &lt;br&gt;              
                    wikidata_link : http://www.wikidata.org/entity/Q1755906</description>
                <styleUrl>#icon-1739-008000</styleUrl>
                <Point id="1633">
                    <coordinates>29.06472222,41.07833333,0.0</coordinates>
                </Point>
            </Placemark>
            <Placemark id="1636">
                <name>Column of Justinian</name>
                <description>                    category  : equestrian statue &lt;br&gt;   
                    sitelinks : 19.0 &lt;br&gt;   
                    articleEN : https://en.wikipedia.org/wiki/Column_of_Justinian &lt;br&gt;             
                    articleDE : https://de.wikipedia.org/wiki/Justinian-S%C3%A4ule &lt;br&gt;              
                    wikidata_link : http://www.wikidata.org/entity/Q1231440</description>
                <styleUrl>#icon-1739-008000</styleUrl>
                <Point id="1635">
                    <coordinates>28.978638888889,41.007916666667,0.0</coordinates>
                </Point>
            </Placemark>
            <Placemark id="1638">
                <name>Galatasaray High School</name>
                <description>                    category  : secondary school &lt;br&gt;   
                    sitelinks : 19.0 &lt;br&gt;   
                    articleEN : https://en.wikipedia.org/wiki/Galatasaray_High_School &lt;br&gt;             
                    articleDE : https://de.wikipedia.org/wiki/Galatasaray_Lisesi &lt;br&gt;              
                    wikidata_link : http://www.wikidata.org/entity/Q1007545</description>
                <styleUrl>#icon-1739-008000</styleUrl>
                <Point id="1637">
                    <coordinates>28.978611,41.032778,0.0</coordinates>
                </Point>
            </Placemark>
            <Placemark id="1640">
                <name>Theodosius Cistern</name>
                <description>                    category  : ancient Roman cistern &lt;br&gt;   
                    sitelinks : 19.0 &lt;br&gt;   
                    articleEN : https://en.wikipedia.org/wiki/Theodosius_Cistern &lt;br&gt;             
                    articleDE : https://de.wikipedia.org/wiki/Theodosius-Zisterne &lt;br&gt;              
                    wikidata_link : http://www.wikidata.org/entity/Q3150393</description>
                <styleUrl>#icon-1739-008000</styleUrl>
                <Point id="1639">
                    <coordinates>28.9726,41.00725,0.0</coordinates>
                </Point>
            </Placemark>
            <Placemark id="1642">
                <name>Şakirin Mosque</name>
                <description>                    category  : mosque &lt;br&gt;   
                    sitelinks : 19.0 &lt;br&gt;   
                    articleEN : https://en.wikipedia.org/wiki/%C5%9Eakirin_Mosque &lt;br&gt;             
                    articleDE : https://de.wikipedia.org/wiki/%C5%9Eakirin-Moschee &lt;br&gt;              
                    wikidata_link : http://www.wikidata.org/entity/Q2705343</description>
                <styleUrl>#icon-1739-008000</styleUrl>
                <Point id="1641">
                    <coordinates>29.0244,41.0131,0.0</coordinates>
                </Point>
            </Placemark>
            <Placemark id="1644">
                <name>Cathedral of the Holy Spirit</name>
                <description>                    category  : minor basilica &lt;br&gt;   
                    sitelinks : 19.0 &lt;br&gt;   
                    articleEN : https://en.wikipedia.org/wiki/Cathedral_of_the_Holy_Spirit &lt;br&gt;             
                    articleDE : https://de.wikipedia.org/wiki/Kathedrale_des_Heiligen_Geistes_(Istanbul) &lt;br&gt;              
                    wikidata_link : http://www.wikidata.org/entity/Q79154</description>
                <styleUrl>#icon-1739-008000</styleUrl>
                <Point id="1643">
                    <coordinates>28.9857,41.0447,0.0</coordinates>
                </Point>
            </Placemark>
        </Folder>
        <Placemark id="184">
            <styleUrl>#182</styleUrl>
            <Point id="183">
                <coordinates>0.0, 0.0, 0.0</coordinates>
            </Point>
        </Placemark>
    </Document>
</kml>
