,ao_link,lat,lon,itemLabel,description,tier,color,address,url,thingLabel,fetched_coordinates,location,distance,item,sitelinks,placeLabel,articleDE,thing,articleEN,to_drop_key
371,https://www.atlasobscura.com/places/bird-hall-of-bamberg-natural-history-museum,49.894484,10.887971,"
Bird Hall of Bamberg Natural History Museum
","
A beautiful collection of taxidermy birds and rare pomological wax models.
",atlas_obscura,gold,,,,,,,,,,,,,"(49.894484, 10.887971)"
4,,0.0,0.0,,Forchheim - former imperial residence with charming old town,wikivoyage,red,,,Go next,"(0, 0)",,,,,,,,,"(0.0, 0.0)"
9,,49.89745,10.87741,Welcome Kongresshotel Bamberg ,Four-star hotel.,wikivoyage,red,Mußstraße 7 ,https://www.welcome-hotels.com/hotels/bamberg-kongresshotel/ ,Sleep_Splurge,"(49.89745, 10.87741)",,,,,,,,,"(49.89745, 10.87741)"
8,,49.89527,10.87916,Welcome Hotel Residenzschloss Bamberg ,Four-star hotel.,wikivoyage,red,Untere Sandstraße 32 ,https://www.welcome-hotels.com/hotels/residenzschloss-bamberg/ ,Sleep_Splurge,"(49.89527, 10.87916)",,,,,,,,,"(49.89527, 10.87916)"
7,,49.8939,10.88163,Tandem Hotel ,,wikivoyage,red,Untere Sandstraße 20 ,https://tandem-hotel.de/ ,Sleep_Splurge,"(49.8939, 10.88163)",,,,,,,,,"(49.8939, 10.88163)"
6,,49.89622,10.89388,Best Western Hotel Bamberg ,Three-star hotel.,wikivoyage,red,Luitpoldstraße 7 , ,Sleep_Splurge,"(49.89622, 10.89388)",,,,,,,,,"(49.89622, 10.89388)"
5,,49.89133,10.89203,Bamberger Hof Bellevue ,Four-star hotel.,wikivoyage,red,Schönleinsplatz 4 ,https://bambergerhof.de/en/ ,Sleep_Splurge,"(49.89133, 10.89203)",,,,,,,,,"(49.89133, 10.89203)"
4,,49.8921,10.89189,Romantik Hotel Weinhaus Messerschmitt ,,wikivoyage,red,Lange Straße 41 ,https://hotel-messerschmitt.de/ ,Sleep_Splurge,"(49.8921, 10.89189)",,,,,,,,,"(49.8921, 10.89189)"
3,,49.89201,10.88458,Palais Schrottenberg ,,wikivoyage,red,Kasernstraße 1 ,https://palais-schrottenberg.de/index.php/en/ ,Sleep_Splurge,"(49.89201, 10.88458)",,,,,,,,,"(49.89201, 10.88458)"
2,,49.88893,10.88681,Hotel-Restaurant St. Nepomuk ,,wikivoyage,red,Obere Mühlbrücke 9 ,https://www.hotel-nepomuk.de/en/ ,Sleep_Splurge,"(49.88893, 10.88681)",,,,,,,,,"(49.88893, 10.88681)"
1,,49.88972,10.88945,Villa Geyerswörth Hotel ,Five-star hotel.,wikivoyage,red,Geyerswörthstraße 15 ,https://villageyerswoerth.de/ ,Sleep_Splurge,"(49.88972, 10.88945)",,,,,,,,,"(49.88972, 10.88945)"
0,,49.8973,10.8911,Hotel Europa ,,wikivoyage,red,Untere Königstraße 8 ,http://www.hotel-europa-bamberg.de/ ,Sleep_Splurge,"(49.8973, 10.8911)",,,,,,,,,"(49.8973, 10.8911)"
0,,49.8927079,10.8827991,Sandschlössla,two apartments in a traditional city house,wikivoyage,red,Obere Sandstraße 31,http://www.sandschloessla.de/,Sleep_Mid-range_Apartments,"(49.8927079, 10.8827991)",,,,,,,,,"(49.8927079, 10.8827991)"
4,,49.89886,10.89579,Hotel National ,Three-star hotel.,wikivoyage,red,Luitpoldstraße 37 ,https://www.hotel-national-bamberg.de/en ,Sleep_Mid-range,"(49.89886, 10.89579)",,,,,,,,,"(49.89886, 10.89579)"
3,,49.89103,10.89059,Hotel Ibis Bamberg am Schillerplatz ,,wikivoyage,red,Theatergassen 10 ,https://all.accor.com/hotel/1439/index.en.shtml ,Sleep_Mid-range,"(49.89103, 10.89059)",,,,,,,,,"(49.89103, 10.89059)"
2,,49.90091,10.92063,Hotel garni Berliner Ring ,Three-star hotel.,wikivoyage,red,Pödeldorfer Straße 146 ,https://www.hotelberlinerring.de/#height_271 ,Sleep_Mid-range,"(49.90091, 10.92063)",,,,,,,,,"(49.90091, 10.92063)"
1,,49.8927,10.8917,Hotel Central ,,wikivoyage,red,Promenadestraße 3 ,http://central-bamberg.com/ ,Sleep_Mid-range,"(49.8927, 10.8917)",,,,,,,,,"(49.8927, 10.8917)"
0,,49.8916,10.8847,Hotel Alt Ringlein ,,wikivoyage,red,Dominikanerstraße 9 ,http://www.alt-ringlein.com/ ,Sleep_Mid-range,"(49.8916, 10.8847)",,,,,,,,,"(49.8916, 10.8847)"
2,,49.8971,10.8928,Brauerein Fässla ,26 rooms with an on-site brewery.,wikivoyage,red,Obere Konigsstraße 19-21 ,http://www.faessla.de/ ,Sleep_Budget,"(49.8971, 10.8928)",,,,,,,,,"(49.8971, 10.8928)"
1,,49.889,10.8829,"DJH Jugendherberge Bamberg ""Am Kaulberg"" ",,wikivoyage,red,Unterer Kaulberg 30 ,https://www.jugendherberge.de/en/youth-hostels/bamberg-am-kaulberg-734/portrait/ ,Sleep_Budget,"(49.889, 10.8829)",,,,,,,,,"(49.889, 10.8829)"
0,,49.899601,10.895644,Backpackers Bamberg ,,wikivoyage,red,Heiliggrabstraße 4 , ,Sleep_Budget,"(49.899601, 10.895644)",,,,,,,,,"(49.899601, 10.895644)"
0,,49.8847,10.8875,Spezialkeller ,The open air location to drink Spezial beers with typical local food having a panoramic view over the city.,wikivoyage,red,Sternwartstraße 1 ,http://www.spezial-keller.de/ ,Drink_Bars,"(49.8847, 10.8875)",,,,,,,,,"(49.8847, 10.8875)"
0,,49.89273,10.882722,Backstübla ,"Run by two sisters, this charming place is in an old village house with a magificient courtyard, and in two rooms decorated by the sisters. The casual atmosphere is one thing, but the homebaked cakes are delicious.",wikivoyage,red,Obere Sandstr. 31 , ,Drink_Cafés,"(49.89273, 10.882722)",,,,,,,,,"(49.89273, 10.882722)"
1,,49.8975676,10.8899956,Kropf - Bamberger Köstlichkeiten ,,wikivoyage,red,u. Königstraße 28 , ,Eat_Splurge,"(49.8975676, 10.8899956)",,,,,,,,,"(49.8975676, 10.8899956)"
0,,49.8906303,10.8875481,HENRII - casual dining ,,wikivoyage,red,Untere Mühlbrücke 5 , ,Eat_Splurge,"(49.8906303, 10.8875481)",,,,,,,,,"(49.8906303, 10.8875481)"
3,,49.8925747,10.8829357,Die Küche ,,wikivoyage,red,Ob. Sandstraße 27 , ,Eat_Mid-range,"(49.8925747, 10.8829357)",,,,,,,,,"(49.8925747, 10.8829357)"
2,,49.8972436,10.8912502,Restaurant Kleehof in der Gärtnerstadt ,,wikivoyage,red,u. Königstraße 6 , ,Eat_Mid-range,"(49.8972436, 10.8912502)",,,,,,,,,"(49.8972436, 10.8912502)"
1,,49.88055,10.86864,Restaurant Altenburg ,,wikivoyage,red,Altenburg 1 ,https://www.altenburg1.de/ ,Eat_Mid-range,"(49.88055, 10.86864)",,,,,,,,,"(49.88055, 10.86864)"
0,,49.89173,10.88468,Ambräusianum ,Inn brewery,wikivoyage,red,Dominikanerstraße 10 ,http://www.ambraeusianum.de/ ,Eat_Mid-range,"(49.89173, 10.88468)",,,,,,,,,"(49.89173, 10.88468)"
6,,49.8927968,10.886966,China-Fan Imbiss ,,wikivoyage,red,Fischstraße 9 , ,Eat_Budget,"(49.8927968, 10.886966)",,,,,,,,,"(49.8927968, 10.886966)"
5,,49.8935702,10.887773,Ornina Imbiss ,,wikivoyage,red,Jesuitenstraße 1 , ,Eat_Budget,"(49.8935702, 10.887773)",,,,,,,,,"(49.8935702, 10.887773)"
4,,49.8957432,10.8901458,Fässla Stub'n ,,wikivoyage,red,Kleberstraße 9 , ,Eat_Budget,"(49.8957432, 10.8901458)",,,,,,,,,"(49.8957432, 10.8901458)"
3,,49.8937365,10.8915419,Tambosi ,,wikivoyage,red,Promenadestraße 11 , ,Eat_Budget,"(49.8937365, 10.8915419)",,,,,,,,,"(49.8937365, 10.8915419)"
2,,49.8916695,10.8848779,"Schlenkerla, die historische Rauchbierbrauerei ",,wikivoyage,red,Dominikanerstraße 6 , ,Eat_Budget,"(49.8916695, 10.8848779)",,,,,,,,,"(49.8916695, 10.8848779)"
1,,49.8969572,10.8927676,Brauerei Spezial ,,wikivoyage,red,Ob. Königstraße 10 , ,Eat_Budget,"(49.8969572, 10.8927676)",,,,,,,,,"(49.8969572, 10.8927676)"
0,,49.8909502,10.8853849,Weinstube Nüßlein ,,wikivoyage,red,Lugbank 1 , ,Eat_Budget,"(49.8909502, 10.8853849)",,,,,,,,,"(49.8909502, 10.8853849)"
5,,49.891856,10.882333,Bamberg State Library ,Temporary exhibition of rare books and manuscripts.,wikivoyage,red,"Neue Residenz, Domplatz 8 ",https://www.staatsbibliothek-bamberg.de/ ,See,"(49.891856, 10.882333)",,,,,,,,,"(49.891856, 10.882333)"
4,,49.8917,10.8825,Neue Residenz ,,wikivoyage,red, , ,See,"(49.8917, 10.8825)",,,,,,,,,"(49.8917, 10.8825)"
3,,49.8911,10.8814,Alte Hofhaltung ,,wikivoyage,red, , ,See,"(49.8911, 10.8814)",,,,,,,,,"(49.8911, 10.8814)"
2,,49.89157,10.886897,Altes Rathaus ,It is perched in the middle of a bridge above the Regnitz River and is a must-see.,wikivoyage,red, ,http://en.bamberg.info/poi/old_town_hall-4656/ ,See,"(49.89157, 10.886897)",,,,,,,,,"(49.89157, 10.886897)"
1,,49.893611,10.877222,Kloster Michelsberg ,,wikivoyage,red, , ,See,"(49.893611, 10.877222)",,,,,,,,,"(49.893611, 10.877222)"
0,,49.890703,10.882533,Bamberger Dom ,contains the intruiging Bamberg Rider sculpture. No one knows for sure who the young royal rider is.,wikivoyage,red,Bamberger Dom ,http://www.bamberger-dom.de/ ,See,"(49.890703, 10.882533)",,,,,,,,,"(49.890703, 10.882533)"
0,,49.908,10.869793,Harbor ,,wikivoyage,red, , ,Get in_By boat,"(49.908, 10.869793)",,,,,,,,,"(49.908, 10.869793)"
0,,49.9008,10.8994,Bamberg Main Station ,"Deutsche Bahn (or DB) serves Bamberg with a dependable train service. Frequent trains run from/to [[Nuremberg]] (twice an hour by regional express; 40 min), [[Wurzburg]] (twice an hour; 55–70 min), and [[Bayreuth]] (once every two hours; 70 min). ICE high-speed trains from [[Munich]] (1 hr 45 min), [[Berlin]] (2 hr 45 min) call here at least every second hour, also linking Bamberg with Erfurt (45 min) and Leipzig (1 hr 30 min). Several times a day, there is even a direct train from [[Hamburg]] (4 hr 40 min). From Frankfurt, there is a relatively slow regional express connection every other hour (taking 3 hr) or you may take the ICE and change trains in Würzburg (2 hr 10 min–2 hr 30 min). See [http://www.bahn.de Deutsche Bahn's website] for more information.",wikivoyage,red, ,http://www.stationsdatenbank.bayern-takt.de/StationsdatenbankBEG/Steckbrief.html?lang,Get in_By train,"(49.9008, 10.8994)",,,,,,,,,"(49.9008, 10.8994)"
0,,49.8916044,10.8868478,--,,wikivoyage,red,,,Understand_Local information,"(49.8916044, 10.8868478)",,,,,,,,,"(49.8916044, 10.8868478)"
0,,49.890703,10.882533,Clement II,,graves,black,,,,,Point(10.882533 49.890703),0.325,http://www.wikidata.org/entity/Q58573,73.0,Bamberg Cathedral,,,,"('49.890703', '10.882533')"
3,,49.905811,10.886006,Willy Messerschmitt,,graves,black,,,,,Point(10.886006 49.905811),1.581,http://www.wikidata.org/entity/Q77096,39.0,Hauptfriedhof Bamberg,,,,"('49.905811', '10.886006')"
6,,49.893611111111,10.877222222222,Otto of Bamberg,,graves,black,,,,,Point(10.877222222 49.893611111),0.725,http://www.wikidata.org/entity/Q77259,28.0,Michaelsberg Abbey,,,,"('49.893611111111', '10.877222222222')"
0,,49.891666666667,10.891666666667,Bamberg,,S,orange,,,district capital,,Point(10.891666666 49.891666666),0.345,http://www.wikidata.org/entity/Q3936,99.0,,https://de.wikipedia.org/wiki/Bamberg,http://www.wikidata.org/entity/Q134626,https://en.wikipedia.org/wiki/Bamberg,"('49.891666666667', '10.891666666667')"
3,,49.816,10.865,Franconia,,S,orange,,,region,,Point(10.865 49.816),8.551,http://www.wikidata.org/entity/Q150907,64.0,,https://de.wikipedia.org/wiki/Franken_(Region),http://www.wikidata.org/entity/Q82794,https://en.wikipedia.org/wiki/Franconia,"('49.816', '10.865')"
4,,49.83,10.83,Bamberg Rural District,,S,orange,,,rural district of Bavaria,,Point(10.83 49.83),7.97,http://www.wikidata.org/entity/Q10444,45.0,,https://de.wikipedia.org/wiki/Landkreis_Bamberg,http://www.wikidata.org/entity/Q85482556,https://en.wikipedia.org/wiki/Bamberg_(district),"('49.83', '10.83')"
6,,49.828333333333,10.743333333333,Burgebrach,,S,orange,,,municipality seat,,Point(10.743333333 49.828333333),12.463,http://www.wikidata.org/entity/Q513956,41.0,,https://de.wikipedia.org/wiki/Burgebrach,http://www.wikidata.org/entity/Q15303838,https://en.wikipedia.org/wiki/Burgebrach,"('49.828333333333', '10.743333333333')"
14,,49.803611111111,11.031666666667,Q545388,,S,orange,,,market municipality,,Point(11.031666666 49.803611111),14.267,http://www.wikidata.org/entity/Q545388,41.0,,https://de.wikipedia.org/wiki/Buttenheim,http://www.wikidata.org/entity/Q562061,https://en.wikipedia.org/wiki/Buttenheim,"('49.803611111111', '11.031666666667')"
16,,49.932777777778,10.953333333333,Memmelsdorf,,S,orange,,,municipality seat,,Point(10.953333333 49.932777777),6.605,http://www.wikidata.org/entity/Q534442,41.0,,https://de.wikipedia.org/wiki/Memmelsdorf,http://www.wikidata.org/entity/Q15303838,https://en.wikipedia.org/wiki/Memmelsdorf,"('49.932777777778', '10.953333333333')"
18,,49.819885951875,10.987896960911,Hirschaid,,S,orange,,,market municipality,,Point(10.98789696 49.819885951),10.773,http://www.wikidata.org/entity/Q538066,41.0,,https://de.wikipedia.org/wiki/Hirschaid,http://www.wikidata.org/entity/Q562061,https://en.wikipedia.org/wiki/Hirschaid,"('49.819885951875', '10.987896960911')"
19,,50.0175,10.930833333333,Zapfendorf,,S,orange,,,municipality seat,,Point(10.930833333 50.0175),14.348,http://www.wikidata.org/entity/Q147332,40.0,,https://de.wikipedia.org/wiki/Zapfendorf,http://www.wikidata.org/entity/Q15303838,https://en.wikipedia.org/wiki/Zapfendorf,"('50.0175', '10.930833333333')"
21,,49.912298034325,10.827650367955,Bischberg,,S,orange,,,municipality without town privileges in Germany,,Point(10.827650367 49.912298034),4.824,http://www.wikidata.org/entity/Q530525,40.0,,https://de.wikipedia.org/wiki/Bischberg,http://www.wikidata.org/entity/Q116457956,https://en.wikipedia.org/wiki/Bischberg,"('49.912298034325', '10.827650367955')"
22,,49.766666666667,10.816666666667,Pommersfelden,,S,orange,,,municipality without town privileges in Germany,,Point(10.816666666 49.766666666),14.776,http://www.wikidata.org/entity/Q627521,40.0,,https://de.wikipedia.org/wiki/Pommersfelden,http://www.wikidata.org/entity/Q116457956,https://en.wikipedia.org/wiki/Pommersfelden,"('49.766666666667', '10.816666666667')"
23,,49.9717,10.88904,Breitengüßbach,,S,orange,,,municipality without town privileges in Germany,,Point(10.88904 49.9717),8.907,http://www.wikidata.org/entity/Q529392,39.0,,https://de.wikipedia.org/wiki/Breiteng%C3%BC%C3%9Fbach,http://www.wikidata.org/entity/Q116457956,https://en.wikipedia.org/wiki/Breiteng%C3%BC%C3%9Fbach,"('49.9717', '10.88904')"
24,,49.95,10.866666666667,Kemmern,,S,orange,,,municipality without town privileges in Germany,,Point(10.866666666 49.95),6.652,http://www.wikidata.org/entity/Q529400,39.0,,https://de.wikipedia.org/wiki/Kemmern,http://www.wikidata.org/entity/Q116457956,https://en.wikipedia.org/wiki/Kemmern,"('49.95', '10.866666666667')"
25,,50.019644444444,10.826952777778,Reckendorf,,S,orange,,,municipality without town privileges in Germany,,Point(10.826952777 50.019644444),14.868,http://www.wikidata.org/entity/Q524280,39.0,,https://de.wikipedia.org/wiki/Reckendorf,http://www.wikidata.org/entity/Q116457956,https://en.wikipedia.org/wiki/Reckendorf,"('50.019644444444', '10.826952777778')"
26,,50.015555555556,10.886944444444,Rattelsdorf,,S,orange,,,municipality seat,,Point(10.886944444 50.015555555),13.782,http://www.wikidata.org/entity/Q529428,39.0,,https://de.wikipedia.org/wiki/Rattelsdorf,http://www.wikidata.org/entity/Q15303838,https://en.wikipedia.org/wiki/Rattelsdorf,"('50.015555555556', '10.886944444444')"
28,,49.81667,10.86667,Frensdorf,,S,orange,,,municipality seat,,Point(10.86667 49.81667),8.457,http://www.wikidata.org/entity/Q529719,39.0,,https://de.wikipedia.org/wiki/Frensdorf,http://www.wikidata.org/entity/Q15303838,https://en.wikipedia.org/wiki/Frensdorf,"('49.81667', '10.86667')"
30,,49.907607913454,10.71217083754,Priesendorf,,S,orange,,,municipality without town privileges in Germany,,Point(10.712170837 49.907607913),12.636,http://www.wikidata.org/entity/Q530556,39.0,,https://de.wikipedia.org/wiki/Priesendorf,http://www.wikidata.org/entity/Q116457956,https://en.wikipedia.org/wiki/Priesendorf,"('49.907607913454', '10.71217083754')"
31,,49.83,10.929166666667,Pettstadt,,S,orange,,,municipality seat,,Point(10.929166666 49.83),7.491,http://www.wikidata.org/entity/Q427456,38.0,,https://de.wikipedia.org/wiki/Pettstadt,http://www.wikidata.org/entity/Q15303838,https://en.wikipedia.org/wiki/Pettstadt,"('49.83', '10.929166666667')"
33,,49.863333333333,10.843611111111,Stegaurach,,S,orange,,,municipality seat,,Point(10.843611111 49.863333333),4.414,http://www.wikidata.org/entity/Q178365,38.0,,https://de.wikipedia.org/wiki/Stegaurach,http://www.wikidata.org/entity/Q15303838,https://en.wikipedia.org/wiki/Stegaurach,"('49.863333333333', '10.843611111111')"
35,,49.859388704262,10.687889278175,Schönbrunn im Steigerwald,,S,orange,,,chef-lieu,,Point(10.687889278 49.859388704),14.7,http://www.wikidata.org/entity/Q545248,38.0,,https://de.wikipedia.org/wiki/Sch%C3%B6nbrunn_im_Steigerwald,http://www.wikidata.org/entity/Q956214,https://en.wikipedia.org/wiki/Sch%C3%B6nbrunn_im_Steigerwald,"('49.859388704262', '10.687889278175')"
37,,49.922777777778,10.776944444444,Viereth-Trunstadt,,S,orange,,,municipality seat,,Point(10.776944444 49.922777777),8.6,http://www.wikidata.org/entity/Q550723,38.0,,https://de.wikipedia.org/wiki/Viereth-Trunstadt,http://www.wikidata.org/entity/Q15303838,https://en.wikipedia.org/wiki/Viereth-Trunstadt,"('49.922777777778', '10.776944444444')"
39,,49.932222222222,10.815555555556,Oberhaid,,S,orange,,,municipality seat,,Point(10.815555555 49.932222222),6.816,http://www.wikidata.org/entity/Q534311,38.0,,https://de.wikipedia.org/wiki/Oberhaid_(Oberfranken),http://www.wikidata.org/entity/Q15303838,https://en.wikipedia.org/wiki/Oberhaid,"('49.932222222222', '10.815555555556')"
41,,49.938888888889,10.918055555556,Gundelsheim,,S,orange,,,municipality without town privileges in Germany,,Point(10.918055555 49.938888888),5.713,http://www.wikidata.org/entity/Q553227,37.0,,https://de.wikipedia.org/wiki/Gundelsheim_(Oberfranken),http://www.wikidata.org/entity/Q116457956,"https://en.wikipedia.org/wiki/Gundelsheim,_Bavaria","('49.938888888889', '10.918055555556')"
42,,49.880555555556,10.729444444444,Lisberg,,S,orange,,,municipality without town privileges in Germany,,Point(10.729444444 49.880555555),11.343,http://www.wikidata.org/entity/Q549641,37.0,,https://de.wikipedia.org/wiki/Lisberg,http://www.wikidata.org/entity/Q116457956,https://en.wikipedia.org/wiki/Lisberg,"('49.880555555556', '10.729444444444')"
43,,49.9,11.0,Litzendorf,,S,orange,,,municipality without town privileges in Germany,,Point(11.0 49.9),8.158,http://www.wikidata.org/entity/Q550700,37.0,,https://de.wikipedia.org/wiki/Litzendorf,http://www.wikidata.org/entity/Q116457956,https://en.wikipedia.org/wiki/Litzendorf,"('49.9', '11.0')"
44,,49.833333333333,10.966666666667,Strullendorf,,S,orange,,,municipality without town privileges in Germany,,Point(10.966666666 49.833333333),8.643,http://www.wikidata.org/entity/Q539907,37.0,,https://de.wikipedia.org/wiki/Strullendorf,http://www.wikidata.org/entity/Q116457956,https://en.wikipedia.org/wiki/Strullendorf,"('49.833333333333', '10.966666666667')"
45,,49.799515043035,11.00936538842,Altendorf,,S,orange,,,municipality in Germany,,Point(11.009365388 49.799515043),13.491,http://www.wikidata.org/entity/Q437010,36.0,,https://de.wikipedia.org/wiki/Altendorf_(Landkreis_Bamberg),http://www.wikidata.org/entity/Q262166,"https://en.wikipedia.org/wiki/Altendorf,_Upper_Franconia","('49.799515043035', '11.00936538842')"
46,,49.866666666667,10.783333333333,Walsdorf,,S,orange,,,municipality seat,,Point(10.783333333 49.866666666),7.918,http://www.wikidata.org/entity/Q553785,36.0,,https://de.wikipedia.org/wiki/Walsdorf_(Oberfranken),http://www.wikidata.org/entity/Q15303838,"https://en.wikipedia.org/wiki/Walsdorf,_Bavaria","('49.866666666667', '10.783333333333')"
48,,49.96666667,10.71666667,Stettfeld,,S,orange,,,municipality without town privileges in Germany,,Point(10.724166666 49.971388888),14.638,http://www.wikidata.org/entity/Q525796,35.0,,https://de.wikipedia.org/wiki/Stettfeld,http://www.wikidata.org/entity/Q116457956,https://en.wikipedia.org/wiki/Stettfeld,"('49.96666667', '10.71666667')"
52,,49.966666666667,10.783333333333,Lauter,,S,orange,,,municipality without town privileges in Germany,,Point(10.783333333 49.966666666),11.16,http://www.wikidata.org/entity/Q550543,35.0,,https://de.wikipedia.org/wiki/Lauter_(Oberfranken),http://www.wikidata.org/entity/Q116457956,"https://en.wikipedia.org/wiki/Lauter,_Bavaria","('49.966666666667', '10.783333333333')"
54,,49.4867,10.9867,Regnitz,,S,orange,,,river,,Point(10.8303 49.9144),4.777,http://www.wikidata.org/entity/Q643525,32.0,,https://de.wikipedia.org/wiki/Regnitz,http://www.wikidata.org/entity/Q4022,https://en.wikipedia.org/wiki/Regnitz,"('49.4867', '10.9867')"
56,,49.893888888889,10.886666666667,University of Bamberg,,S,orange,,,public university,,Point(10.886666666 49.893888888),0.254,http://www.wikidata.org/entity/Q707272,24.0,,https://de.wikipedia.org/wiki/Otto-Friedrich-Universit%C3%A4t_Bamberg,http://www.wikidata.org/entity/Q875538,https://en.wikipedia.org/wiki/University_of_Bamberg,"('49.893888888889', '10.886666666667')"
58,,49.891855555556,10.882333333333,Bamberg State Library,,S,orange,,,state library of Germany,,Point(10.882333333 49.891855555),0.325,http://www.wikidata.org/entity/Q324689,22.0,,https://de.wikipedia.org/wiki/Staatsbibliothek_Bamberg,http://www.wikidata.org/entity/Q1386438,https://en.wikipedia.org/wiki/Bamberg_State_Library,"('49.891855555556', '10.882333333333')"
62,,49.89694444,10.87916667,Bamberg Symphony,,A,green,,,orchestra,,Point(10.87916667 49.89694444),0.809,http://www.wikidata.org/entity/Q699427,19.0,,https://de.wikipedia.org/wiki/Bamberger_Symphoniker,http://www.wikidata.org/entity/Q42998,https://en.wikipedia.org/wiki/Bamberg_Symphony,"('49.89694444', '10.87916667')"
63,,50.4465,10.9918,Itz,,A,green,,,river,,Point(10.8681 49.9831),10.261,http://www.wikidata.org/entity/Q568774,17.0,,https://de.wikipedia.org/wiki/Itz,http://www.wikidata.org/entity/Q4022,https://en.wikipedia.org/wiki/Itz,"('50.4465', '10.9918')"
65,,49.890869,10.882765,Bamberg Horseman,,A,green,,,sculpture,,Point(10.882765 49.890869),0.304,http://www.wikidata.org/entity/Q680156,16.0,,https://de.wikipedia.org/wiki/Bamberger_Reiter,http://www.wikidata.org/entity/Q860861,https://en.wikipedia.org/wiki/Bamberg_Horseman,"('49.890869', '10.882765')"
66,,49.879167,10.920556,Brose Arena,,A,green,,,multi-purpose hall,,Point(10.920556 49.879167),2.783,http://www.wikidata.org/entity/Q567566,13.0,,https://de.wikipedia.org/wiki/Brose_Arena,http://www.wikidata.org/entity/Q1763828,https://en.wikipedia.org/wiki/Brose_Arena,"('49.879167', '10.920556')"
67,,49.891666666667,10.884722222222,Schlenkerla,,A,green,,,brewery,,Point(10.884722222 49.891666666),0.152,http://www.wikidata.org/entity/Q566990,12.0,,https://de.wikipedia.org/wiki/Heller-Br%C3%A4u_Trum,http://www.wikidata.org/entity/Q131734,https://en.wikipedia.org/wiki/Schlenkerla,"('49.891666666667', '10.884722222222')"
68,,49.89157,10.886897,old town hall,,A,green,,,Rathaus,,Point(10.886897 49.89157),0.005,http://www.wikidata.org/entity/Q439335,11.0,,https://de.wikipedia.org/wiki/Altes_Rathaus_(Bamberg),http://www.wikidata.org/entity/Q543654,,"('49.89157', '10.886897')"
69,,49.880555555556,10.868611111111,Burg,,A,green,,,hill castle,,Point(10.868611111 49.880555555),1.793,http://www.wikidata.org/entity/Q314855,10.0,,https://de.wikipedia.org/wiki/Altenburg_(Bamberg),http://www.wikidata.org/entity/Q15710038,https://en.wikipedia.org/wiki/Altenburg_(Bamberg),"('49.880555555556', '10.868611111111')"
71,,50.2306,10.4389,Baunach,,A,green,,,river,,Point(10.8571 49.9776),9.796,http://www.wikidata.org/entity/Q324266,10.0,,https://de.wikipedia.org/wiki/Baunach_(Fluss),http://www.wikidata.org/entity/Q4022,https://en.wikipedia.org/wiki/Baunach_(river),"('50.2306', '10.4389')"
73,,49.8019,10.73162,Thomann,,A,green,,,online shop,,Point(10.73162 49.8019),14.945,http://www.wikidata.org/entity/Q1539868,10.0,,https://de.wikipedia.org/wiki/Musikhaus_Thomann,http://www.wikidata.org/entity/Q4382945,https://en.wikipedia.org/wiki/Thomann_(retailer),"('49.8019', '10.73162')"
75,,49.851944444444,11.075277777778,Deichselbach,,A,green,,,river,,Point(11.075277777 49.851944444),14.205,http://www.wikidata.org/entity/Q829216,10.0,,https://de.wikipedia.org/wiki/Deichselbach,http://www.wikidata.org/entity/Q4022,https://en.wikipedia.org/wiki/Deichselbach,"('49.851944444444', '11.075277777778')"
84,,49.89083,10.8825,Gunthertuch,,B,violet,,,tapestry,,Point(10.8825 49.89083),0.323,http://www.wikidata.org/entity/Q1555009,9.0,,https://de.wikipedia.org/wiki/Gunthertuch,http://www.wikidata.org/entity/Q184296,https://en.wikipedia.org/wiki/Gunthertuch,"('49.89083', '10.8825')"
88,,49.891666666667,10.8825,"New Residence, Bamberg",,B,violet,,,residency,,Point(10.8825 49.891666666),0.312,http://www.wikidata.org/entity/Q430550,8.0,,https://de.wikipedia.org/wiki/Neue_Residenz_(Bamberg),http://www.wikidata.org/entity/Q2359691,,"('49.891666666667', '10.8825')"
92,,49.98,11.0378,Leitenbach,,B,violet,,,river,,Point(11.0378 49.98),14.605,http://www.wikidata.org/entity/Q829461,8.0,,https://de.wikipedia.org/wiki/Leitenbach_(Main),http://www.wikidata.org/entity/Q4022,https://en.wikipedia.org/wiki/Leitenbach,"('49.98', '11.0378')"
98,,49.908888888889,10.871666666667,St. Erhard,,B,violet,,,brewery,,Point(10.871666666 49.908888888),2.208,http://www.wikidata.org/entity/Q7587890,8.0,,,http://www.wikidata.org/entity/Q131734,https://en.wikipedia.org/wiki/St._Erhard_(brewery),"('49.908888888889', '10.871666666667')"
100,,49.8413,10.9392,Zeegenbach,,B,violet,,,river,,Point(10.9392 49.8413),6.735,http://www.wikidata.org/entity/Q184380,7.0,,https://de.wikipedia.org/wiki/Zeegenbach,http://www.wikidata.org/entity/Q4022,https://en.wikipedia.org/wiki/Zeegenbach,"('49.8413', '10.9392')"
104,,49.893411111111,10.891238888889,Drudenhaus,,B,violet,,,prison,,Point(10.891238888 49.893411111),0.373,http://www.wikidata.org/entity/Q1261116,7.0,,https://de.wikipedia.org/wiki/Drudenhaus,http://www.wikidata.org/entity/Q40357,https://en.wikipedia.org/wiki/Drudenhaus_(prison),"('49.893411111111', '10.891238888889')"
105,,49.8328,10.7654,Mittlere Ebrach,,B,violet,,,river,,Point(10.7654 49.8328),10.887,http://www.wikidata.org/entity/Q878063,7.0,,https://de.wikipedia.org/wiki/Mittlere_Ebrach,http://www.wikidata.org/entity/Q4022,https://en.wikipedia.org/wiki/Mittlere_Ebrach,"('49.8328', '10.7654')"
108,,49.926972325296,10.947638527295,Schloss Seehof,,B,violet,,,palace,,Point(10.947638527 49.926972325),5.866,http://www.wikidata.org/entity/Q883810,7.0,,https://de.wikipedia.org/wiki/Schloss_Seehof,http://www.wikidata.org/entity/Q16560,https://en.wikipedia.org/wiki/Schloss_Seehof,"('49.926972325296', '10.947638527295')"
110,,49.9321,10.8676,Gründleinsbach,,B,violet,,,river,,Point(11.004 49.91),8.636,http://www.wikidata.org/entity/Q201695,6.0,,https://de.wikipedia.org/wiki/Gr%C3%BCndleinsbach_(Main),http://www.wikidata.org/entity/Q4022,https://en.wikipedia.org/wiki/Gr%C3%BCndleinsbach,"('49.9321', '10.8676')"
114,,49.8457,11.0461,Friesener Warte,,B,violet,,,mountain,,Point(11.0461 49.8457),12.502,http://www.wikidata.org/entity/Q1464698,6.0,,https://de.wikipedia.org/wiki/Friesener_Warte,http://www.wikidata.org/entity/Q8502,https://en.wikipedia.org/wiki/Friesener_Warte,"('49.8457', '11.0461')"
115,,49.904166666667,10.852222222222,Brauerei Kaiserdom,,B,violet,,,brewery,,Point(10.852222222 49.904166666),2.846,http://www.wikidata.org/entity/Q900257,6.0,,https://de.wikipedia.org/wiki/Brauerei_Kaiserdom,http://www.wikidata.org/entity/Q131734,https://en.wikipedia.org/wiki/Brauerei_Kaiserdom,"('49.904166666667', '10.852222222222')"
116,,49.7300392,10.8246502,Bundesstraße 505,,B,violet,,,Bundesstraße,,Point(10.9461478 49.868522),4.964,http://www.wikidata.org/entity/Q1007251,6.0,,https://de.wikipedia.org/wiki/Bundesstra%C3%9Fe_505,http://www.wikidata.org/entity/Q561431,,"('49.7300392', '10.8246502')"
122,,49.8125,10.9697,Reiche Ebrach,,B,violet,,,river,,Point(10.9697 49.8125),10.613,http://www.wikidata.org/entity/Q2139112,6.0,,https://de.wikipedia.org/wiki/Reiche_Ebrach,http://www.wikidata.org/entity/Q4022,https://en.wikipedia.org/wiki/Reiche_Ebrach,"('49.8125', '10.9697')"
123,,49.955,11.049444444444,Höhenburg,,B,violet,,,Ortsteil,,Point(11.049444444 49.955),13.608,http://www.wikidata.org/entity/Q1523220,6.0,,https://de.wikipedia.org/wiki/Giechburg,http://www.wikidata.org/entity/Q253019,https://en.wikipedia.org/wiki/Giechburg,"('49.955', '11.049444444444')"
124,,49.8909,10.8824,Historical Museum Bamberg,,B,violet,,,museum,,Point(10.8824 49.8909),0.328,http://www.wikidata.org/entity/Q1539491,6.0,,https://de.wikipedia.org/wiki/Historisches_Museum_Bamberg,http://www.wikidata.org/entity/Q33506,https://en.wikipedia.org/wiki/Historical_Museum_Bamberg,"('49.8909', '10.8824')"
125,,49.844722222222,10.934166666667,Aurach,,B,violet,,,river,,Point(10.935 49.845),6.226,http://www.wikidata.org/entity/Q774334,6.0,,"https://de.wikipedia.org/wiki/Aurach_(Regnitz,_Oberfranken)",http://www.wikidata.org/entity/Q4022,"https://en.wikipedia.org/wiki/Aurach_(Regnitz,_Oberfranken)","('49.844722222222', '10.934166666667')"
129,,49.8906,10.8915,E.T.A.-Hoffmann-Theater,,B,violet,,,theatre building,,Point(10.8915 49.8906),0.351,http://www.wikidata.org/entity/Q869649,6.0,,https://de.wikipedia.org/wiki/ETA_Hoffmann_Theater,http://www.wikidata.org/entity/Q24354,https://en.wikipedia.org/wiki/E.T.A.-Hoffmann-Theater,"('49.8906', '10.8915')"
130,,49.8919,10.8817,Rosengarten Bamberg,,B,violet,,,rose garden,,Point(10.8817 49.8919),0.37,http://www.wikidata.org/entity/Q876855,6.0,,https://de.wikipedia.org/wiki/Rosengarten_(Bamberg),http://www.wikidata.org/entity/Q291177,,"('49.8919', '10.8817')"
132,,49.9579,10.8356,Semberg,,B,violet,,,unincorporated area in Germany,,Point(10.8356 49.9579),8.234,http://www.wikidata.org/entity/Q11835783,6.0,,https://de.wikipedia.org/wiki/Semberg,http://www.wikidata.org/entity/Q15974311,,"('49.9579', '10.8356')"
133,,49.8911,10.8814,Bischofspfalz,,B,violet,,,building complex,,Point(10.8814 49.8911),0.394,http://www.wikidata.org/entity/Q435629,5.0,,https://de.wikipedia.org/wiki/Alte_Hofhaltung_(Bamberg),http://www.wikidata.org/entity/Q1497364,,"('49.8911', '10.8814')"
134,,49.8742,11.0672,Zeegendorf,,B,violet,,,Ortsteil,,Point(11.0672 49.8742),13.065,http://www.wikidata.org/entity/Q184379,5.0,,https://de.wikipedia.org/wiki/Zeegendorf,http://www.wikidata.org/entity/Q253019,https://en.wikipedia.org/wiki/Zeegendorf,"('49.8742', '11.0672')"
135,,49.8392,10.9389,Rauhe Ebrach,,B,violet,,,river,,Point(10.9389 49.8392),6.919,http://www.wikidata.org/entity/Q1355696,5.0,,https://de.wikipedia.org/wiki/Rauhe_Ebrach,http://www.wikidata.org/entity/Q4022,https://en.wikipedia.org/wiki/Rauhe_Ebrach,"('49.8392', '10.9389')"
136,,49.8889,11.0624,Geisberg,,B,violet,,,mountain,,Point(11.0624 49.8889),12.579,http://www.wikidata.org/entity/Q1498841,5.0,,https://de.wikipedia.org/wiki/Geisberg_(Geisberger_Forst),http://www.wikidata.org/entity/Q8502,https://en.wikipedia.org/wiki/Geisberg_(Geisberg_Forest),"('49.8889', '11.0624')"
137,,49.86666667,11.01666667,Mistendorf,,B,violet,,,Ortsteil,,Point(11.01666667 49.86666667),9.706,http://www.wikidata.org/entity/Q1939264,5.0,,https://de.wikipedia.org/wiki/Mistendorf,http://www.wikidata.org/entity/Q253019,https://en.wikipedia.org/wiki/Mistendorf,"('49.86666667', '11.01666667')"
138,,49.8944,10.8883,Naturkunde-Museum Bamberg,,B,violet,,,natural history museum,,Point(10.8883 49.8944),0.328,http://www.wikidata.org/entity/Q1970344,5.0,,https://de.wikipedia.org/wiki/Naturkunde-Museum_(Bamberg),http://www.wikidata.org/entity/Q1970365,,"('49.8944', '10.8883')"
139,,49.8503,11.061,Kälberberg,,B,violet,,,Ortsteil,,Point(11.061 49.8503),13.298,http://www.wikidata.org/entity/Q1795312,5.0,,https://de.wikipedia.org/wiki/K%C3%A4lberberg_(Buttenheim),http://www.wikidata.org/entity/Q253019,https://en.wikipedia.org/wiki/K%C3%A4lberberg,"('49.8503', '11.061')"
140,,49.8908,10.8928,Villa Dessauer,,B,violet,,,villa,,Point(10.8928 49.8908),0.436,http://www.wikidata.org/entity/Q2524982,5.0,,https://de.wikipedia.org/wiki/Villa_Dessauer,http://www.wikidata.org/entity/Q3950,https://en.wikipedia.org/wiki/Villa_Dessauer,"('49.8908', '10.8928')"
141,,49.85,11.0333,Eichwald,,B,violet,,,unincorporated area in Germany,,Point(11.0333 49.85),11.469,http://www.wikidata.org/entity/Q9251692,5.0,,https://de.wikipedia.org/wiki/Eichwald_(gemeindefreies_Gebiet),http://www.wikidata.org/entity/Q15974311,,"('49.85', '11.0333')"
143,,49.891397222222,11.060625,Geisberger Forst,,B,violet,,,unincorporated area in Germany,,Point(11.060625 49.891397222),12.448,http://www.wikidata.org/entity/Q11699545,5.0,,https://de.wikipedia.org/wiki/Geisberger_Forst,http://www.wikidata.org/entity/Q15974311,,"('49.891397222222', '11.060625')"
145,,49.92,11.0881,Jungfern Cave,,C,yellow,,,geotope,,Point(11.0881 49.92),14.754,http://www.wikidata.org/entity/Q517748,4.0,,https://de.wikipedia.org/wiki/Jungfernh%C3%B6hle,http://www.wikidata.org/entity/Q372363,,"('49.92', '11.0881')"
148,,49.8167,10.9833,Earthshaker Fest,,C,yellow,,,music festival,,Point(10.9833 49.8167),10.825,http://www.wikidata.org/entity/Q172971,4.0,,https://de.wikipedia.org/wiki/Earthshaker_Fest,http://www.wikidata.org/entity/Q868557,,"('49.8167', '10.9833')"
149,,49.8078,10.9544,Erlach,,C,yellow,,,Ortsteil,,Point(10.9544 49.8078),10.502,http://www.wikidata.org/entity/Q1355214,4.0,,https://de.wikipedia.org/wiki/Erlach_(Hirschaid),http://www.wikidata.org/entity/Q253019,https://en.wikipedia.org/wiki/Erlach_(Hirschaid),"('49.8078', '10.9544')"
151,,49.92055,10.914488888889,Bamberg-Breitenau airfield,,C,yellow,,,air base,,Point(10.914488888 49.92055),3.778,http://www.wikidata.org/entity/Q1433506,4.0,,https://de.wikipedia.org/wiki/Flugplatz_Bamberg-Breitenau,http://www.wikidata.org/entity/Q695850,https://en.wikipedia.org/wiki/Bamberg-Breitenau_Airfield,"('49.92055', '10.914488888889')"
153,,49.8933,10.8758,Fränkisches Brauereimuseum,,C,yellow,,,museum,,Point(10.8758 49.8933),0.814,http://www.wikidata.org/entity/Q1471252,4.0,,https://de.wikipedia.org/wiki/Fr%C3%A4nkisches_Brauereimuseum,http://www.wikidata.org/entity/Q33506,,"('49.8933', '10.8758')"
154,,49.8633,10.8436,Verwaltungsgemeinschaft Stegaurach,,C,yellow,,,administrative community of Bavaria,,Point(10.8436 49.8633),4.417,http://www.wikidata.org/entity/Q1492696,4.0,,https://de.wikipedia.org/wiki/Verwaltungsgemeinschaft_Stegaurach,http://www.wikidata.org/entity/Q15725618,,"('49.8633', '10.8436')"
155,,49.952222222222,11.049444444444,Q970815,,C,yellow,,,Ortsteil,,Point(11.049444444 49.952222222),13.45,http://www.wikidata.org/entity/Q970815,4.0,,https://de.wikipedia.org/wiki/Schrautershof,http://www.wikidata.org/entity/Q253019,,"('49.952222222222', '11.049444444444')"
156,,49.8892,10.8861,Palast,,C,yellow,,,city palace,,Point(10.8861 49.8892),0.273,http://www.wikidata.org/entity/Q1020170,4.0,,https://de.wikipedia.org/wiki/B%C3%B6ttingerhaus,http://www.wikidata.org/entity/Q15848826,,"('49.8892', '10.8861')"
157,,49.89,10.8964,Synagogue in Bamberg,,C,yellow,,,synagogue,,Point(10.8964 49.89),0.707,http://www.wikidata.org/entity/Q2375595,4.0,,https://de.wikipedia.org/wiki/Synagogen_in_Bamberg,http://www.wikidata.org/entity/Q34627,,"('49.89', '10.8964')"
158,,49.9847,10.8536,Lauter,,C,yellow,,,river,,Point(10.8536 49.9847),10.621,http://www.wikidata.org/entity/Q1509025,4.0,,https://de.wikipedia.org/wiki/Lauter_(Baunach),http://www.wikidata.org/entity/Q4022,https://en.wikipedia.org/wiki/Lauter_(Baunach),"('49.9847', '10.8536')"
159,,49.8833,10.95,Hauptsmoor,,C,yellow,,,unincorporated area in Germany,,Point(10.95 49.8833),4.617,http://www.wikidata.org/entity/Q1589611,4.0,,https://de.wikipedia.org/wiki/Hauptsmoor,http://www.wikidata.org/entity/Q15974311,,"('49.8833', '10.95')"
161,,50.0194,10.8783,Höfen (Rattelsdorf),,C,yellow,,,Ortsteil,,Point(10.8783 50.0194),14.223,http://www.wikidata.org/entity/Q1643367,4.0,,https://de.wikipedia.org/wiki/H%C3%B6fen_(Rattelsdorf),http://www.wikidata.org/entity/Q253019,,"('50.0194', '10.8783')"
162,,49.8806,10.7294,Verwaltungsgemeinschaft Lisberg,,C,yellow,,,administrative community of Bavaria,,Point(10.7294 49.8806),11.346,http://www.wikidata.org/entity/Q784761,4.0,,https://de.wikipedia.org/wiki/Verwaltungsgemeinschaft_Lisberg,http://www.wikidata.org/entity/Q15725618,,"('49.8806', '10.7294')"
163,,49.9044,10.8558,Gaustadt,,C,yellow,,,Ortsteil,,Point(10.8558 49.9044),2.64,http://www.wikidata.org/entity/Q882218,4.0,,https://de.wikipedia.org/wiki/Gaustadt,http://www.wikidata.org/entity/Q253019,https://en.wikipedia.org/wiki/Gaustadt,"('49.9044', '10.8558')"
164,,49.8264,10.7417,Verwaltungsgemeinschaft Burgebrach,,C,yellow,,,administrative community of Bavaria,,Point(10.7417 49.8264),12.681,http://www.wikidata.org/entity/Q648735,4.0,,https://de.wikipedia.org/wiki/Verwaltungsgemeinschaft_Burgebrach,http://www.wikidata.org/entity/Q15725618,,"('49.8264', '10.7417')"
165,,49.8662,10.9961,Roßdorf am Forst,,C,yellow,,,Ortsteil,,Point(10.9961 49.8662),8.322,http://www.wikidata.org/entity/Q1739302,4.0,,https://de.wikipedia.org/wiki/Ro%C3%9Fdorf_am_Forst,http://www.wikidata.org/entity/Q253019,https://en.wikipedia.org/wiki/Ro%C3%9Fdorf_am_Forst,"('49.8662', '10.9961')"
166,,49.9833,10.85,Verwaltungsgemeinschaft Baunach,,C,yellow,,,administrative community of Bavaria,,Point(10.85 49.9833),10.531,http://www.wikidata.org/entity/Q2519432,4.0,,https://de.wikipedia.org/wiki/Verwaltungsgemeinschaft_Baunach,http://www.wikidata.org/entity/Q15725618,,"('49.9833', '10.85')"
167,,49.859,11.009,Wernsdorf,,C,yellow,,,Ortsteil,,Point(11.009 49.859),9.474,http://www.wikidata.org/entity/Q2563254,4.0,,https://de.wikipedia.org/wiki/Wernsdorf_(Strullendorf),http://www.wikidata.org/entity/Q253019,https://en.wikipedia.org/wiki/Wernsdorf_(Bavaria),"('49.859', '11.009')"
168,,49.95,10.9,Zückshuter Forst,,C,yellow,,,unincorporated area in Germany,,Point(10.9 49.95),6.561,http://www.wikidata.org/entity/Q9393264,4.0,,https://de.wikipedia.org/wiki/Z%C3%BCckshuter_Forst,http://www.wikidata.org/entity/Q15974311,,"('49.95', '10.9')"
169,,49.889911,10.890881,E.T.A. Hoffmann-Haus,,C,yellow,,,museum,,Point(10.890881 49.889911),0.345,http://www.wikidata.org/entity/Q28541304,4.0,,https://de.wikipedia.org/wiki/E._T._A._Hoffmann-Haus,http://www.wikidata.org/entity/Q33506,,"('49.889911', '10.890881')"
170,,49.8547,10.9994,Q472625,,C,yellow,,,Ortsteil,,Point(10.9994 49.8547),9.049,http://www.wikidata.org/entity/Q472625,3.0,,https://de.wikipedia.org/wiki/Amlingstadt,http://www.wikidata.org/entity/Q253019,https://en.wikipedia.org/wiki/Amlingstadt,"('49.8547', '10.9994')"
171,,49.8972,10.8967,"Sankt Gangolf (Bamberg, Germany)",,C,yellow,,,parish church,,Point(10.8967 49.8972),0.941,http://www.wikidata.org/entity/Q373728,3.0,,https://de.wikipedia.org/wiki/St._Gangolf_(Bamberg),http://www.wikidata.org/entity/Q317557,,"('49.8972', '10.8967')"
172,,49.9605,11.05663,Zeckendorf,,C,yellow,,,Ortsteil,,Point(11.05663 49.9605),14.366,http://www.wikidata.org/entity/Q184233,3.0,,https://de.wikipedia.org/wiki/Zeckendorf_(Sche%C3%9Flitz),http://www.wikidata.org/entity/Q253019,,"('49.9605', '11.05663')"
173,,49.9028,10.8883,Gönningerkapelle,,C,yellow,,,filial church,,Point(10.8883 49.9028),1.249,http://www.wikidata.org/entity/Q222367,3.0,,https://de.wikipedia.org/wiki/G%C3%B6nningerkapelle_(Bamberg),http://www.wikidata.org/entity/Q1129743,,"('49.9028', '10.8883')"
174,,49.9672,10.9247,Zückshut,,C,yellow,,,Ortsteil,,Point(10.9247 49.9672),8.831,http://www.wikidata.org/entity/Q247936,3.0,,https://de.wikipedia.org/wiki/Z%C3%BCckshut,http://www.wikidata.org/entity/Q253019,,"('49.9672', '10.9247')"
175,,49.8431,11.0617,Hochstall,,C,yellow,,,Ortsteil,,Point(11.0617 49.8431),13.643,http://www.wikidata.org/entity/Q1325779,3.0,,https://de.wikipedia.org/wiki/Hochstall,http://www.wikidata.org/entity/Q253019,https://en.wikipedia.org/wiki/Hochstall,"('49.8431', '11.0617')"
176,,49.8056,10.9811,Sassanfahrt,,C,yellow,,,Ortsteil,,Point(10.9811 49.8056),11.709,http://www.wikidata.org/entity/Q1337754,3.0,,https://de.wikipedia.org/wiki/Sassanfahrt,http://www.wikidata.org/entity/Q253019,,"('49.8056', '10.9811')"
177,,49.89506,10.89073,Hauptwache,,C,yellow,,,police station,,Point(10.89073 49.89506),0.474,http://www.wikidata.org/entity/Q1413032,3.0,,https://de.wikipedia.org/wiki/Hauptwache_(Bamberg),http://www.wikidata.org/entity/Q861951,,"('49.89506', '10.89073')"
179,,49.95,11.0333,Peulendorf,,C,yellow,,,Ortsteil,,Point(11.0333 49.95),12.332,http://www.wikidata.org/entity/Q1429134,3.0,,https://de.wikipedia.org/wiki/Peulendorf,http://www.wikidata.org/entity/Q253019,,"('49.95', '11.0333')"
180,,49.9467,10.8744,Hütsee,,C,yellow,,,lake,,Point(10.8744 49.9467),6.191,http://www.wikidata.org/entity/Q1429817,3.0,,https://de.wikipedia.org/wiki/H%C3%BCtsee,http://www.wikidata.org/entity/Q23397,,"('49.9467', '10.8744')"
181,,49.8819,10.7596,Kolmsdorf,,C,yellow,,,Ortsteil,,Point(10.7596 49.8819),9.18,http://www.wikidata.org/entity/Q1452532,3.0,,https://de.wikipedia.org/wiki/Kolmsdorf,http://www.wikidata.org/entity/Q253019,,"('49.8819', '10.7596')"
182,,49.8872,10.9019,Bamberg Seminary,,C,yellow,,,Catholic seminary,,Point(10.9019 49.8872),1.184,http://www.wikidata.org/entity/Q1470442,3.0,,https://de.wikipedia.org/wiki/Priesterseminar_Bamberg,http://www.wikidata.org/entity/Q14911880,,"('49.8872', '10.9019')"
183,,49.89272,10.88851,Gabelmann,,C,yellow,,,water well,,Point(10.88851 49.89272),0.172,http://www.wikidata.org/entity/Q1488270,3.0,,https://de.wikipedia.org/wiki/Gabelmann,http://www.wikidata.org/entity/Q43483,,"('49.89272', '10.88851')"
184,,49.8814,11.0131,Geisfeld,,C,yellow,,,Ortsteil,,Point(11.0131 49.8814),9.116,http://www.wikidata.org/entity/Q1498895,3.0,,https://de.wikipedia.org/wiki/Geisfeld_(Strullendorf),http://www.wikidata.org/entity/Q253019,https://en.wikipedia.org/wiki/Geisfeld_(Bavaria),"('49.8814', '11.0131')"
185,,49.8936,10.8883,Pfarrkirche,,C,yellow,,,parish church,,Point(10.8883 49.8936),0.245,http://www.wikidata.org/entity/Q937181,3.0,,https://de.wikipedia.org/wiki/St._Martin_(Bamberg),http://www.wikidata.org/entity/Q317557,,"('49.8936', '10.8883')"
187,,49.884192597773,10.726765370036,Burg Lisberg,,C,yellow,,,archaeological site,,Point(10.728333333 49.883611111),11.39,http://www.wikidata.org/entity/Q1012997,3.0,,https://de.wikipedia.org/wiki/Burg_Lisberg,http://www.wikidata.org/entity/Q839954,https://en.wikipedia.org/wiki/Lisberg_Castle,"('49.884192597773', '10.726765370036')"
195,,49.8906,10.8833,Diözesanmuseum Bamberg,,C,yellow,,,diocesan museum,,Point(10.8833 49.8906),0.278,http://www.wikidata.org/entity/Q1231890,3.0,,https://de.wikipedia.org/wiki/Di%C3%B6zesanmuseum_Bamberg,http://www.wikidata.org/entity/Q1231888,,"('49.8906', '10.8833')"
196,,49.9619,11.0001,Straßgiech,,C,yellow,,,Ortsteil,,Point(11.0001 49.9619),11.261,http://www.wikidata.org/entity/Q1241514,3.0,,https://de.wikipedia.org/wiki/Stra%C3%9Fgiech,http://www.wikidata.org/entity/Q253019,,"('49.9619', '11.0001')"
197,,49.904728839095,10.895740923788,Mälzerei,,C,yellow,,,brewery,,Point(10.895740923 49.904728839),1.592,http://www.wikidata.org/entity/Q1887996,3.0,,https://de.wikipedia.org/wiki/Malzfabrik_Weyermann,http://www.wikidata.org/entity/Q131734,,"('49.904728839095', '10.895740923788')"
198,,49.8943,10.8896,Maximiliansbrunnen,,C,yellow,,,water well,,Point(10.8896 49.8943),0.359,http://www.wikidata.org/entity/Q1914184,3.0,,https://de.wikipedia.org/wiki/Maximiliansbrunnen,http://www.wikidata.org/entity/Q43483,,"('49.8943', '10.8896')"
199,,49.921,10.9997,Naisa,,C,yellow,,,Ortsteil,,Point(10.9997 49.921),8.717,http://www.wikidata.org/entity/Q1963866,3.0,,https://de.wikipedia.org/wiki/Naisa,http://www.wikidata.org/entity/Q253019,,"('49.921', '10.9997')"
200,,49.8894,10.8844,Obere Pfarre,,C,yellow,,,parish church,,Point(10.8844 49.8894),0.301,http://www.wikidata.org/entity/Q2009370,3.0,,https://de.wikipedia.org/wiki/Obere_Pfarre_(Bamberg),http://www.wikidata.org/entity/Q317557,,"('49.8894', '10.8844')"
201,,49.8594,11.0092,Schloss Wernsdorf,,C,yellow,,,château,,Point(11.0092 49.8594),9.47,http://www.wikidata.org/entity/Q2244099,3.0,,https://de.wikipedia.org/wiki/Schloss_Wernsdorf,http://www.wikidata.org/entity/Q751876,https://en.wikipedia.org/wiki/Schloss_Wernsdorf,"('49.8594', '11.0092')"
202,,49.9291,10.9168,Kreuz Bamberg,,C,yellow,,,interchange,,Point(10.9168 49.9291),4.688,http://www.wikidata.org/entity/Q2260463,3.0,,https://de.wikipedia.org/wiki/Autobahnkreuz_Bamberg,http://www.wikidata.org/entity/Q2376564,,"('49.9291', '10.9168')"
203,,49.8257,11.0271,Seigendorf,,C,yellow,,,Ortsteil,,Point(11.0271 49.8257),12.441,http://www.wikidata.org/entity/Q2266682,3.0,,https://de.wikipedia.org/wiki/Seigendorf,http://www.wikidata.org/entity/Q253019,,"('49.8257', '11.0271')"
204,,49.8958,10.9236,Q2317070,,C,yellow,,,parish church,,Point(10.9236 49.8958),2.674,http://www.wikidata.org/entity/Q2317070,3.0,,https://de.wikipedia.org/wiki/St._Anna_(Bamberg),http://www.wikidata.org/entity/Q317557,,"('49.8958', '10.9236')"
205,,49.8931,10.8731,Sankt Getreu,,C,yellow,,,church building,,Point(10.8731 49.8931),0.999,http://www.wikidata.org/entity/Q2318664,3.0,,https://de.wikipedia.org/wiki/St._Getreu_(Bamberg),http://www.wikidata.org/entity/Q16970,,"('49.8931', '10.8731')"
206,,49.9891,10.813,Stiefenberg,,C,yellow,,,mountain,,Point(10.81312 49.9892),12.066,http://www.wikidata.org/entity/Q2348354,3.0,,https://de.wikipedia.org/wiki/Stiefenberg,http://www.wikidata.org/entity/Q8502,,"('49.9891', '10.813')"
210,,49.9258,11.0064,Schammelsdorf,,C,yellow,,,Ortsteil,,Point(11.0064 49.9258),9.367,http://www.wikidata.org/entity/Q1568391,3.0,,https://de.wikipedia.org/wiki/Schammelsdorf,http://www.wikidata.org/entity/Q253019,,"('49.9258', '11.0064')"
211,,49.8912,10.8878,Residenzschloss Geyerswörth,,C,yellow,,,architectural structure,,Point(10.8878 49.8912),0.082,http://www.wikidata.org/entity/Q1615434,3.0,,https://de.wikipedia.org/wiki/Residenzschloss_Geyersw%C3%B6rth,http://www.wikidata.org/entity/Q811979,,"('49.8912', '10.8878')"
212,,49.8892,10.887,Klosterbräu Bamberg,,C,yellow,,,brewery,,Point(10.887 49.8892),0.268,http://www.wikidata.org/entity/Q1649984,3.0,,https://de.wikipedia.org/wiki/Klosterbr%C3%A4u_Bamberg,http://www.wikidata.org/entity/Q131734,https://en.wikipedia.org/wiki/Klosterbr%C3%A4u_Bamberg,"('49.8892', '10.887')"
213,,49.8933,10.8842,Klein Venedig,,C,yellow,,,Ortsteil,,Point(10.8842 49.8933),0.267,http://www.wikidata.org/entity/Q1655955,3.0,,https://de.wikipedia.org/wiki/Klein-Venedig_(Bamberg),http://www.wikidata.org/entity/Q253019,,"('49.8933', '10.8842')"
214,,49.8836,10.8822,Q900219,,C,yellow,,,brewery,,Point(10.8822 49.8836),0.95,http://www.wikidata.org/entity/Q900219,3.0,,https://de.wikipedia.org/wiki/Brauerei_Greifenklau,http://www.wikidata.org/entity/Q131734,,"('49.8836', '10.8822')"
217,,49.9547,11.0203,Köttensdorf,,C,yellow,,,Ortsteil,,Point(11.0203 49.9547),11.853,http://www.wikidata.org/entity/Q1796773,3.0,,https://de.wikipedia.org/wiki/K%C3%B6ttensdorf,http://www.wikidata.org/entity/Q253019,,"('49.9547', '11.0203')"
218,,49.8508,11.0781,Tiefenhöchstadt,,C,yellow,,,Ortsteil,,Point(11.0781 49.8508),14.437,http://www.wikidata.org/entity/Q2431893,3.0,,https://de.wikipedia.org/wiki/Tiefenh%C3%B6chstadt,http://www.wikidata.org/entity/Q253019,https://en.wikipedia.org/wiki/Tiefenh%C3%B6chstadt,"('49.8508', '11.0781')"
219,,49.9017,10.7736,Tütschengereuth,,C,yellow,,,Ortsteil,,Point(10.7736 49.9017),8.189,http://www.wikidata.org/entity/Q2465214,3.0,,https://de.wikipedia.org/wiki/T%C3%BCtschengereuth,http://www.wikidata.org/entity/Q253019,,"('49.9017', '10.7736')"
220,,49.9967,10.9983,Windischletten,,C,yellow,,,Ortsteil,,Point(10.9983 49.9967),14.147,http://www.wikidata.org/entity/Q2583610,3.0,,https://de.wikipedia.org/wiki/Windischletten,http://www.wikidata.org/entity/Q253019,,"('49.9967', '10.9983')"
221,,49.9244,10.7764,Viereth,,C,yellow,,,Ortsteil,,Point(10.7764 49.9244),8.709,http://www.wikidata.org/entity/Q14916843,3.0,,https://de.wikipedia.org/wiki/Viereth,http://www.wikidata.org/entity/Q253019,,"('49.9244', '10.7764')"
222,,49.89166667,10.88472222,Original Schlenkerla Smokebeer,,C,yellow,,,beer brand,,Point(10.88472222 49.89166667),0.152,http://www.wikidata.org/entity/Q54363757,3.0,,,http://www.wikidata.org/entity/Q15075508,,"('49.89166667', '10.88472222')"
223,,49.915936606057,10.883503363404,Aufseßhöflein,,C,yellow,,,maison de plaisance,,Point(10.883503363 49.915936606),2.716,http://www.wikidata.org/entity/Q24083782,3.0,,https://de.wikipedia.org/wiki/Aufse%C3%9Fh%C3%B6flein,http://www.wikidata.org/entity/Q1436181,,"('49.915936606057', '10.883503363404')"
224,,49.985791666667,10.95435,Güßbach,,C,yellow,,,stream,,Point(10.95435 49.985791666),11.533,http://www.wikidata.org/entity/Q27886813,3.0,,https://de.wikipedia.org/wiki/G%C3%BC%C3%9Fbach_(Main),http://www.wikidata.org/entity/Q47521,,"('49.985791666667', '10.95435')"
228,,49.8901,10.8842,Grangie,,C,yellow,,,residential building,,Point(10.8842 49.8901),0.253,http://www.wikidata.org/entity/Q437812,2.0,,https://de.wikipedia.org/wiki/Alter_Ebracher_Hof,http://www.wikidata.org/entity/Q11755880,,"('49.8901', '10.8842')"
229,,49.9592,10.8128,Sandhof,,C,yellow,,,Ortsteil,,Point(10.8128 49.9592),9.197,http://www.wikidata.org/entity/Q1278534,2.0,,https://de.wikipedia.org/wiki/Sandhof_(Oberhaid),http://www.wikidata.org/entity/Q253019,,"('49.9592', '10.8128')"
230,,50.009,10.9056,Ebing,,C,yellow,,,Ortsteil,,Point(10.9056 50.009),13.122,http://www.wikidata.org/entity/Q1279894,2.0,,https://de.wikipedia.org/wiki/Ebing_(Rattelsdorf),http://www.wikidata.org/entity/Q253019,,"('50.009', '10.9056')"
231,,49.88361111,10.92416667,Fränkischer Tag,,C,yellow,,,daily newspaper,,Point(10.92416667 49.88361111),2.817,http://www.wikidata.org/entity/Q1282568,2.0,,https://de.wikipedia.org/wiki/Fr%C3%A4nkischer_Tag,http://www.wikidata.org/entity/Q1110794,,"('49.88361111', '10.92416667')"
232,,49.8983,10.9108,Eichendorff-Gymnasium,,C,yellow,,,gymnasium,,Point(10.9108 49.8983),1.87,http://www.wikidata.org/entity/Q1301612,2.0,,https://de.wikipedia.org/wiki/Eichendorff-Gymnasium_Bamberg,http://www.wikidata.org/entity/Q55043,,"('49.8983', '10.9108')"
233,,49.8948,10.89698,Zentralbau,,C,yellow,,,church building,,Point(10.89698 49.8948),0.808,http://www.wikidata.org/entity/Q1355710,2.0,,https://de.wikipedia.org/wiki/Erl%C3%B6serkirche_(Bamberg),http://www.wikidata.org/entity/Q16970,,"('49.8948', '10.89698')"
234,,49.9006,10.9289,Fuchs-Park-Stadion,,C,yellow,,,association football venue,,Point(10.9289 49.9006),3.174,http://www.wikidata.org/entity/Q1362092,2.0,,https://de.wikipedia.org/wiki/Fuchs-Park-Stadion,http://www.wikidata.org/entity/Q1154710,https://en.wikipedia.org/wiki/Fuchs-Park-Stadion,"('49.9006', '10.9289')"
235,,49.8908,10.8825,Kaisergrab Heinrich II.,,C,yellow,,,tomb,,Point(10.8825 49.8908),0.324,http://www.wikidata.org/entity/Q1370967,2.0,,https://de.wikipedia.org/wiki/Kaisergrab_im_Bamberger_Dom,http://www.wikidata.org/entity/Q15812693,,"('49.8908', '10.8825')"
236,,49.9733,10.9864,Starkenschwind,,C,yellow,,,Ortsteil,,Point(10.9864 49.9733),11.545,http://www.wikidata.org/entity/Q1422516,2.0,,https://de.wikipedia.org/wiki/Starkenschwind,http://www.wikidata.org/entity/Q253019,,"('49.9733', '10.9864')"
237,,49.9043,10.8873,"Jewish cemetery, Bamberg",,C,yellow,,,Jewish cemetery,,Point(10.8873 49.9043),1.412,http://www.wikidata.org/entity/Q1432690,2.0,,https://de.wikipedia.org/wiki/J%C3%BCdischer_Friedhof_(Bamberg),http://www.wikidata.org/entity/Q846659,,"('49.9043', '10.8873')"
240,,49.8931,10.8952,Franz Ludwig High School in Bamberg,,C,yellow,,,Gymnasium (Bavaria),,Point(10.8952 49.8931),0.621,http://www.wikidata.org/entity/Q1445888,2.0,,https://de.wikipedia.org/wiki/Franz-Ludwig-Gymnasium_Bamberg,http://www.wikidata.org/entity/Q1464145,,"('49.8931', '10.8952')"
243,,49.8929,10.8828,Baudenkmal,,C,yellow,,,water well,,Point(10.8828 49.8929),0.324,http://www.wikidata.org/entity/Q1450413,2.0,,https://de.wikipedia.org/wiki/Franziskusbrunnen_(Bamberg),http://www.wikidata.org/entity/Q43483,,"('49.8929', '10.8828')"
244,,49.9183,11.0744,Tiefenellern,,C,yellow,,,Ortsteil,,Point(11.0744 49.9183),13.755,http://www.wikidata.org/entity/Q1461391,2.0,,https://de.wikipedia.org/wiki/Tiefenellern,http://www.wikidata.org/entity/Q253019,,"('49.9183', '11.0744')"
245,,49.8404,11.0351,Q1464668,,C,yellow,,,Ortsteil,,Point(11.0351 49.8404),12.055,http://www.wikidata.org/entity/Q1464668,2.0,,https://de.wikipedia.org/wiki/Friesen_(Hirschaid),http://www.wikidata.org/entity/Q253019,,"('49.8404', '11.0351')"
246,,49.9186,11.0629,Fränkische Straße der Skulpturen,,C,yellow,,,sculpture trail,,Point(11.0629 49.9186),12.96,http://www.wikidata.org/entity/Q1471216,2.0,,https://de.wikipedia.org/wiki/Fr%C3%A4nkische_Stra%C3%9Fe_der_Skulpturen,http://www.wikidata.org/entity/Q2293148,,"('49.9186', '11.0629')"
247,,49.9136,10.9222,Gartenstadt (Bamberg),,C,yellow,,,Ortsteil,,Point(10.9222 49.9136),3.52,http://www.wikidata.org/entity/Q1494687,2.0,,https://de.wikipedia.org/wiki/Gartenstadt_(Bamberg),http://www.wikidata.org/entity/Q253019,,"('49.9136', '10.9222')"
248,,49.933048011224,10.952992724031,Gasthaus,,C,yellow,,,brewery,,Point(10.952992724 49.933048011),6.608,http://www.wikidata.org/entity/Q1495495,2.0,,https://de.wikipedia.org/wiki/Gasthof_Drei_Kronen_(Memmelsdorf),http://www.wikidata.org/entity/Q131734,,"('49.933048011224', '10.952992724031')"
249,,49.8904,10.9056,Q900266,,C,yellow,,,brewery,,Point(10.9056 49.8904),1.35,http://www.wikidata.org/entity/Q900266,2.0,,https://de.wikipedia.org/wiki/Brauerei_Keesmann,http://www.wikidata.org/entity/Q131734,,"('49.8904', '10.9056')"
250,,49.9744,10.8594,Q996361,,C,yellow,,,lake,,Point(10.8594 49.9744),9.413,http://www.wikidata.org/entity/Q996361,2.0,,https://de.wikipedia.org/wiki/Br%C3%BCckenhaussee,http://www.wikidata.org/entity/Q23397,,"('49.9744', '10.8594')"
251,,49.8946,10.8851,Clavius-Gymnasium Bamberg,,C,yellow,,,gymnasium,,Point(10.8851 49.8946),0.356,http://www.wikidata.org/entity/Q1099091,2.0,,https://de.wikipedia.org/wiki/Clavius-Gymnasium,http://www.wikidata.org/entity/Q1542966,,"('49.8946', '10.8851')"
252,,49.873,10.8006,Q1120957,,C,yellow,,,Ortsteil,,Point(10.8006 49.873),6.516,http://www.wikidata.org/entity/Q1120957,2.0,,https://de.wikipedia.org/wiki/Erlau_(Walsdorf),http://www.wikidata.org/entity/Q253019,,"('49.873', '10.8006')"
253,,49.9083,10.9056,Dientzenhofer-Gymnasium Bamberg,,C,yellow,,,gymnasium,,Point(10.9056 49.9083),2.291,http://www.wikidata.org/entity/Q1221149,2.0,,https://de.wikipedia.org/wiki/Dientzenhofer-Gymnasium_Bamberg,http://www.wikidata.org/entity/Q1542966,,"('49.9083', '10.9056')"
254,,49.9574,10.7135,Dippach,,C,yellow,,,Ortsteil,,Point(10.7135 49.9574),14.405,http://www.wikidata.org/entity/Q1227283,2.0,,https://de.wikipedia.org/wiki/Dippach_am_Main,http://www.wikidata.org/entity/Q253019,,"('49.9574', '10.7135')"
255,,49.8914,10.8825,Domberg,,C,yellow,,,square,,Point(10.8825 49.8914),0.312,http://www.wikidata.org/entity/Q1236906,2.0,,https://de.wikipedia.org/wiki/Domberg_(Bamberg),http://www.wikidata.org/entity/Q174782,,"('49.8914', '10.8825')"
256,,49.9009,10.8953,Dominikanerinnenkloster zum Heiligen Grab,,C,yellow,,,religious community,,Point(10.8953 49.9009),1.198,http://www.wikidata.org/entity/Q1237944,2.0,,https://de.wikipedia.org/wiki/Dominikanerinnenkloster_Heilig_Grab,http://www.wikidata.org/entity/Q2742167,,"('49.9009', '10.8953')"
258,,49.8923,10.8849,Dominikanerkloster Bamberg,,C,yellow,,,abbey church,,Point(10.8849 49.8923),0.16,http://www.wikidata.org/entity/Q1237981,2.0,,https://de.wikipedia.org/wiki/Dominikanerkloster_Bamberg,http://www.wikidata.org/entity/Q334383,,"('49.8923', '10.8849')"
260,,49.8863,10.8889,E.T.A. Hoffmann-Gymnasium,,C,yellow,,,cultural heritage ensemble,,Point(10.8889 49.8863),0.608,http://www.wikidata.org/entity/Q1244805,2.0,,https://de.wikipedia.org/wiki/E.T.A._Hoffmann-Gymnasium_Bamberg,http://www.wikidata.org/entity/Q1516079,,"('49.8863', '10.8889')"
268,,49.8846,10.8881,Dr.-Remeis-Sternwarte,,C,yellow,,,astronomical observatory,,Point(10.8881 49.8846),0.784,http://www.wikidata.org/entity/Q1253801,2.0,,https://de.wikipedia.org/wiki/Dr.-Remeis-Sternwarte,http://www.wikidata.org/entity/Q1254933,,"('49.8846', '10.8881')"
269,,49.9458,10.9729,Drosendorf,,C,yellow,,,Ortsteil,,Point(10.9729 49.9458),8.618,http://www.wikidata.org/entity/Q1260374,2.0,,https://de.wikipedia.org/wiki/Drosendorf_(Memmelsdorf),http://www.wikidata.org/entity/Q253019,,"('49.9458', '10.9729')"
270,,49.8904,10.8864,"Schranne 2, 3",,C,yellow,,,religious community,,Point(10.8864 49.8904),0.138,http://www.wikidata.org/entity/Q1269227,2.0,,https://de.wikipedia.org/wiki/Franziskanerkloster_Bamberg,http://www.wikidata.org/entity/Q2742167,,"('49.8904', '10.8864')"
272,,49.976666666667,11.033888888889,Dörfleins,,C,yellow,,,Ortsteil,,Point(11.033888888 49.976666666),14.149,http://www.wikidata.org/entity/Q1271244,2.0,,https://de.wikipedia.org/wiki/D%C3%B6rfleins,http://www.wikidata.org/entity/Q253019,,"('49.976666666667', '11.033888888889')"
273,,49.842179,11.071655,Burgstall Ketschenstein,,C,yellow,,,archaeological site,,Point(11.071655 49.842179),14.34,http://www.wikidata.org/entity/Q15108399,2.0,,https://de.wikipedia.org/wiki/Burgstall_Ketschenstein,http://www.wikidata.org/entity/Q839954,,"('49.842179', '11.071655')"
275,,49.8915728,10.8943935,Schützenstraße 1,,C,yellow,,,building,,Point(10.8943935 49.8915728),0.541,http://www.wikidata.org/entity/Q15128087,2.0,,https://de.wikipedia.org/wiki/Sch%C3%BCtzenstra%C3%9Fe_1_(Bamberg),http://www.wikidata.org/entity/Q41176,,"('49.8915728', '10.8943935')"
276,,49.861545,10.723833,Steinsdorf (Schönbrunn im Steigerwald),,C,yellow,,,Ortsteil,,Point(10.723833 49.861545),12.15,http://www.wikidata.org/entity/Q15130396,2.0,,https://de.wikipedia.org/wiki/Steinsdorf_(Sch%C3%B6nbrunn_im_Steigerwald),http://www.wikidata.org/entity/Q253019,,"('49.861545', '10.723833')"
277,,49.78083333,10.84222222,Sambach,,C,yellow,,,Ortsteil,,Point(10.84222222 49.78083333),12.726,http://www.wikidata.org/entity/Q15525992,2.0,,https://de.wikipedia.org/wiki/Sambach_(Pommersfelden),http://www.wikidata.org/entity/Q253019,,"('49.78083333', '10.84222222')"
278,,49.77305603,10.80416679,Steppach,,C,yellow,,,Ortsteil,,Point(10.80416679 49.77305603),14.454,http://www.wikidata.org/entity/Q15526123,2.0,,https://de.wikipedia.org/wiki/Steppach_(Pommersfelden),http://www.wikidata.org/entity/Q253019,,"('49.77305603', '10.80416679')"
279,,49.816666666667,10.983333333333,Röbersdorf,,C,yellow,,,Ortsteil,,Point(10.983333333 49.816666666),10.829,http://www.wikidata.org/entity/Q15843451,2.0,,https://de.wikipedia.org/wiki/R%C3%B6bersdorf,http://www.wikidata.org/entity/Q253019,,"('49.816666666667', '10.983333333333')"
280,,49.952075,11.06135278,Burg Gügel,,C,yellow,,,castle,,Point(11.06135278 49.952075),14.187,http://www.wikidata.org/entity/Q15856978,2.0,,https://de.wikipedia.org/wiki/Burg_G%C3%BCgel,http://www.wikidata.org/entity/Q23413,,"('49.952075', '11.06135278')"
281,,49.869989,10.771285,Jewish ceremonial hall in Walsdorf (Oberfranken),,C,yellow,,,tahara house,,Point(10.771285 49.869989),8.622,http://www.wikidata.org/entity/Q17414809,2.0,,https://de.wikipedia.org/wiki/Taharahaus_(Walsdorf),http://www.wikidata.org/entity/Q2388270,,"('49.869989', '10.771285')"
283,,49.89274,10.88302,Spitalkirche,,C,yellow,,,chapel,,Point(10.88302 49.89274),0.302,http://www.wikidata.org/entity/Q41426156,2.0,,https://de.wikipedia.org/wiki/St._Elisabeth_(Bamberg),http://www.wikidata.org/entity/Q108325,,"('49.89274', '10.88302')"
284,,49.9233,10.93,Lichteneiche,,C,yellow,,,Ortsteil,,Point(10.93 49.9233),4.687,http://www.wikidata.org/entity/Q1823379,2.0,,https://de.wikipedia.org/wiki/Lichteneiche,http://www.wikidata.org/entity/Q253019,,"('49.9233', '10.93')"
285,,49.9161,11.0461,Lohndorf,,C,yellow,,,Ortsteil,,Point(11.0461 49.9161),11.725,http://www.wikidata.org/entity/Q1868239,2.0,,https://de.wikipedia.org/wiki/Lohndorf_(Litzendorf),http://www.wikidata.org/entity/Q253019,,"('49.9161', '11.0461')"
286,,49.9829,10.852,Saalkirche,,C,yellow,,,church building,,Point(10.852 49.9829),10.453,http://www.wikidata.org/entity/Q1883846,2.0,,https://de.wikipedia.org/wiki/Magdalenenkapelle_(Baunach),http://www.wikidata.org/entity/Q16970,,"('49.9829', '10.852')"
287,,49.8995,11.0301,Melkendorf,,C,yellow,,,Ortsteil,,Point(11.0301 49.8995),10.298,http://www.wikidata.org/entity/Q1919457,2.0,,https://de.wikipedia.org/wiki/Melkendorf_(Litzendorf),http://www.wikidata.org/entity/Q253019,,"('49.8995', '11.0301')"
288,,49.9584,10.9564,Q1921798,,C,yellow,,,Ortsteil,,Point(10.9564 49.9584),8.941,http://www.wikidata.org/entity/Q1921798,2.0,,https://de.wikipedia.org/wiki/Merkendorf_(Memmelsdorf),http://www.wikidata.org/entity/Q253019,,"('49.9584', '10.9564')"
289,,50.0192,10.8922,Monsterpark Rattelsdorf,,C,yellow,,,amusement park,,Point(10.8922 50.0192),14.192,http://www.wikidata.org/entity/Q1945336,2.0,,https://de.wikipedia.org/wiki/Monsterpark_Rattelsdorf,http://www.wikidata.org/entity/Q194195,,"('50.0192', '10.8922')"
290,,49.871111111111,10.814166666667,Mühlendorf,,C,yellow,,,Ortsteil,,Point(10.814166666 49.871111111),5.684,http://www.wikidata.org/entity/Q1958470,2.0,,https://de.wikipedia.org/wiki/M%C3%BChlendorf,http://www.wikidata.org/entity/Q253019,,"('49.871111111111', '10.814166666667')"
291,,49.8898,10.8844,Neuer Ebracher Hof,,C,yellow,,,building,,Point(10.8844 49.8898),0.266,http://www.wikidata.org/entity/Q1980121,2.0,,https://de.wikipedia.org/wiki/Neuer_Ebracher_Hof,http://www.wikidata.org/entity/Q41176,,"('49.8898', '10.8844')"
292,,49.9008,10.7128,Q1980608,,C,yellow,,,Ortsteil,,Point(10.7128 49.9008),12.508,http://www.wikidata.org/entity/Q1980608,2.0,,https://de.wikipedia.org/wiki/Neuhausen_(Priesendorf),http://www.wikidata.org/entity/Q253019,,"('49.9008', '10.7128')"
293,,49.91,10.9906,Pödeldorf,,C,yellow,,,Ortsteil,,Point(10.9906 49.91),7.707,http://www.wikidata.org/entity/Q2120664,2.0,,https://de.wikipedia.org/wiki/P%C3%B6deldorf,http://www.wikidata.org/entity/Q253019,,"('49.91', '10.9906')"
294,,49.8225,10.8892,Reundorf,,C,yellow,,,Ortsteil,,Point(10.8892 49.8225),7.686,http://www.wikidata.org/entity/Q2146597,2.0,,https://de.wikipedia.org/wiki/Reundorf_(Frensdorf),http://www.wikidata.org/entity/Q253019,,"('49.8225', '10.8892')"
295,,49.894,10.8809,Q2221324,,C,yellow,,,street,,Point(10.8809 49.894),0.502,http://www.wikidata.org/entity/Q2221324,2.0,,https://de.wikipedia.org/wiki/Sandstra%C3%9Fe_(Bamberg),http://www.wikidata.org/entity/Q79007,,"('49.894', '10.8809')"
296,,49.940972222222,10.996444444444,Schmerldorf,,C,yellow,,,Ortsteil,,Point(10.996444444 49.940972222),9.576,http://www.wikidata.org/entity/Q2246056,2.0,,https://de.wikipedia.org/wiki/Schmerldorf,http://www.wikidata.org/entity/Q253019,,"('49.940972222222', '10.996444444444')"
297,,49.7664,10.8653,Schweinbach,,C,yellow,,,Ortsteil,,Point(10.8653 49.7664),14.007,http://www.wikidata.org/entity/Q2255617,2.0,,https://de.wikipedia.org/wiki/Schweinbach_(Pommersfelden),http://www.wikidata.org/entity/Q253019,,"('49.7664', '10.8653')"
298,,49.8531,11.0603,Sender Bamberg (Kälberberg),,C,yellow,,,tower,,Point(11.0603 49.8531),13.146,http://www.wikidata.org/entity/Q2270090,2.0,,https://de.wikipedia.org/wiki/Sender_Bamberg_(K%C3%A4lberberg),http://www.wikidata.org/entity/Q12518,,"('49.8531', '11.0603')"
299,,49.7913,10.9998,Seußling,,C,yellow,,,Ortsteil,,Point(10.9998 49.7913),13.784,http://www.wikidata.org/entity/Q2275095,2.0,,https://de.wikipedia.org/wiki/Seu%C3%9Fling,http://www.wikidata.org/entity/Q253019,,"('49.7913', '10.9998')"
300,,49.801888888889,11.032305555556,St. Georgen-Bräu,,C,yellow,,,brewery,,Point(11.032305555 49.801888888),14.432,http://www.wikidata.org/entity/Q2318550,2.0,,https://de.wikipedia.org/wiki/St._Georgenbr%C3%A4u_Kramer,http://www.wikidata.org/entity/Q131734,,"('49.801888888889', '11.032305555556')"
301,,49.904,10.909,St. Heinrich,,C,yellow,,,parish church,,Point(10.909 49.904),2.102,http://www.wikidata.org/entity/Q2318727,2.0,,https://de.wikipedia.org/wiki/St._Heinrich_(Bamberg),http://www.wikidata.org/entity/Q317557,,"('49.904', '10.909')"
302,,49.8911,10.8772,St.Jakob in Bamberg,,C,yellow,,,church building,,Point(10.8772 49.8911),0.693,http://www.wikidata.org/entity/Q2318858,2.0,,https://de.wikipedia.org/wiki/St._Jakob_(Bamberg),http://www.wikidata.org/entity/Q16970,,"('49.8911', '10.8772')"
303,,49.9147,10.9239,St. Kunigund,,C,yellow,,,parish church,,Point(10.9239 49.9147),3.693,http://www.wikidata.org/entity/Q2319995,2.0,,https://de.wikipedia.org/wiki/St._Kunigund_(Bamberg),http://www.wikidata.org/entity/Q317557,,"('49.9147', '10.9239')"
304,,49.9128,11.0101,Sankt Wenzeslaus,,C,yellow,,,parish church,,Point(11.0101 49.9128),9.136,http://www.wikidata.org/entity/Q2323729,2.0,,https://de.wikipedia.org/wiki/St._Wenzeslaus_(Litzendorf),http://www.wikidata.org/entity/Q317557,,"('49.9128', '11.0101')"
305,,49.879003378721,10.901373271909,Volksgartenanlage,,C,yellow,,,urban park,,Point(10.903333333 49.878055555),1.914,http://www.wikidata.org/entity/Q2327755,2.0,,https://de.wikipedia.org/wiki/Stadtpark_Hain_(Bamberg),http://www.wikidata.org/entity/Q22746,,"('49.879003378721', '10.901373271909')"
309,,49.9442,10.7522,Staffelbach,,C,yellow,,,Ortsteil,,Point(10.7522 49.9442),11.275,http://www.wikidata.org/entity/Q2328740,2.0,,https://de.wikipedia.org/wiki/Staffelbach_(Oberhaid),http://www.wikidata.org/entity/Q253019,,"('49.9442', '10.7522')"
310,,49.8178,10.8067,Stappenbach,,C,yellow,,,Ortsteil,,Point(10.8067 49.8178),10.018,http://www.wikidata.org/entity/Q2332142,2.0,,https://de.wikipedia.org/wiki/Stappenbach,http://www.wikidata.org/entity/Q253019,,"('49.8178', '10.8067')"
312,,49.8883,10.8862,St. Stephan Bamberg,,C,yellow,,,church building,,Point(10.8862 49.8883),0.37,http://www.wikidata.org/entity/Q1527671,2.0,,https://de.wikipedia.org/wiki/St._Stephan_(Bamberg),http://www.wikidata.org/entity/Q16970,,"('49.8883', '10.8862')"
313,,49.9358,10.7869,Unterhaid,,C,yellow,,,Ortsteil,,Point(10.7869 49.9358),8.681,http://www.wikidata.org/entity/Q1531393,2.0,,https://de.wikipedia.org/wiki/Unterhaid_(Oberhaid),http://www.wikidata.org/entity/Q253019,,"('49.9358', '10.7869')"
314,,49.8994,10.8927,Gärtner- und Häckermuseum,,C,yellow,,,museum,,Point(10.8927 49.8994),0.963,http://www.wikidata.org/entity/Q1558839,2.0,,https://de.wikipedia.org/wiki/G%C3%A4rtner-_und_H%C3%A4ckermuseum,http://www.wikidata.org/entity/Q33506,,"('49.8994', '10.8927')"
315,,49.951780551331,11.061641090441,Wallfahrtskirche,,C,yellow,,,Ortsteil,,Point(11.061352777 49.952075),14.187,http://www.wikidata.org/entity/Q1560046,2.0,,https://de.wikipedia.org/wiki/G%C3%BCgel,http://www.wikidata.org/entity/Q253019,,"('49.951780551331', '11.061641090441')"
319,,49.8691,10.7815,Synagoge,,C,yellow,,,synagogue,,Point(10.7815 49.8691),7.952,http://www.wikidata.org/entity/Q1579355,2.0,,https://de.wikipedia.org/wiki/Synagoge_(Walsdorf),http://www.wikidata.org/entity/Q34627,,"('49.8691', '10.7815')"
320,,50.0042,10.9411,Lauf,,C,yellow,,,Ortsteil,,Point(10.9411 50.0042),13.107,http://www.wikidata.org/entity/Q1581221,2.0,,https://de.wikipedia.org/wiki/Lauf_(Zapfendorf),http://www.wikidata.org/entity/Q253019,,"('50.0042', '10.9411')"
321,,49.8291,11.0562,Ketschendorf,,C,yellow,,,Ortsteil,,Point(11.0562 49.8291),13.988,http://www.wikidata.org/entity/Q1597294,2.0,,https://de.wikipedia.org/wiki/Ketschendorf_(Buttenheim),http://www.wikidata.org/entity/Q253019,,"('49.8291', '11.0562')"
322,,49.893694680452,10.828887850005,Rothof (Bischberg),,C,yellow,,,Ortsteil,,Point(10.82888785 49.89369468),4.158,http://www.wikidata.org/entity/Q1598170,2.0,,https://de.wikipedia.org/wiki/Rothof_(Bischberg),http://www.wikidata.org/entity/Q253019,,"('49.893694680452', '10.828887850005')"
323,,49.9069,11.0917,Herzogenreuth,,C,yellow,,,Ortsteil,,Point(11.0917 49.9069),14.77,http://www.wikidata.org/entity/Q1615302,2.0,,https://de.wikipedia.org/wiki/Herzogenreuth,http://www.wikidata.org/entity/Q253019,,"('49.9069', '11.0917')"
324,,49.8019,10.7322,Treppendorf,,C,yellow,,,Ortsteil,,Point(10.7322 49.8019),14.914,http://www.wikidata.org/entity/Q1653015,2.0,,https://de.wikipedia.org/wiki/Treppendorf_(Burgebrach),http://www.wikidata.org/entity/Q253019,,"('49.8019', '10.7322')"
325,,49.888026806221,10.888454918228,Palast,,C,yellow,,,artist's house,,Point(10.888454918 49.888026806),0.414,http://www.wikidata.org/entity/Q1667786,2.0,,https://de.wikipedia.org/wiki/Internationales_K%C3%BCnstlerhaus_Villa_Concordia,http://www.wikidata.org/entity/Q1797122,,"('49.888026806221', '10.888454918228')"
327,,49.895,10.8873,Maria-Ward-Gymnasium,,C,yellow,,,gymnasium,,Point(10.8873 49.895),0.379,http://www.wikidata.org/entity/Q1668284,2.0,,https://de.wikipedia.org/wiki/Maria-Ward-Gymnasium_Bamberg,http://www.wikidata.org/entity/Q55043,,"('49.895', '10.8873')"
328,,49.9014,10.7344,Trabelsdorfer Hof,,C,yellow,,,Ortsteil,,Point(10.7344 49.9014),10.973,http://www.wikidata.org/entity/Q1686819,2.0,,https://de.wikipedia.org/wiki/Trabelsdorfer_Hof,http://www.wikidata.org/entity/Q253019,,"('49.9014', '10.7344')"
329,,49.9408,10.835,Johannishof,,C,yellow,,,Ortsteil,,Point(10.835 49.9408),6.611,http://www.wikidata.org/entity/Q1688847,2.0,,https://de.wikipedia.org/wiki/Johannishof_(Oberhaid),http://www.wikidata.org/entity/Q253019,,"('49.9408', '10.835')"
330,,50.0006,10.9678,Q1692356,,C,yellow,,,Ortsteil,,Point(10.9678 50.0006),13.432,http://www.wikidata.org/entity/Q1692356,2.0,,https://de.wikipedia.org/wiki/Roth_(Zapfendorf),http://www.wikidata.org/entity/Q253019,,"('50.0006', '10.9678')"
331,,49.8931,10.8835,Bamberg Prison,,C,yellow,,,correctional facility,,Point(10.8835 49.8931),0.292,http://www.wikidata.org/entity/Q1714351,2.0,,https://de.wikipedia.org/wiki/Justizvollzugsanstalt_Bamberg,http://www.wikidata.org/entity/Q594128,,"('49.8931', '10.8835')"
332,,49.8174,11.0326,Buttenheim Jewish cemetery,,C,yellow,,,Jewish cemetery,,Point(11.0326 49.8174),13.313,http://www.wikidata.org/entity/Q1716135,2.0,,https://de.wikipedia.org/wiki/J%C3%BCdischer_Friedhof_(Buttenheim),http://www.wikidata.org/entity/Q846659,,"('49.8174', '11.0326')"
334,,49.8788,10.7242,jüdisch,,C,yellow,,,Jewish cemetery,,Point(10.7242 49.8788),11.739,http://www.wikidata.org/entity/Q1716351,2.0,,https://de.wikipedia.org/wiki/J%C3%BCdischer_Friedhof_(Lisberg),http://www.wikidata.org/entity/Q846659,,"('49.8788', '10.7242')"
335,,50.012622937433,10.815873777326,Friedhofsmauer,,C,yellow,,,Jewish cemetery,,Point(10.815916 50.012777),14.397,http://www.wikidata.org/entity/Q1716459,2.0,,https://de.wikipedia.org/wiki/J%C3%BCdischer_Friedhof_(Reckendorf),http://www.wikidata.org/entity/Q846659,,"('50.012622937433', '10.815873777326')"
339,,49.8941,10.8811,Bamberger Marionettentheater,,C,yellow,,,puppetry company,,Point(10.8811 49.8941),0.496,http://www.wikidata.org/entity/Q805950,2.0,,https://de.wikipedia.org/wiki/Bamberger_Marionettentheater,http://www.wikidata.org/entity/Q3982337,https://en.wikipedia.org/wiki/Bamberger_Marionettentheater,"('49.8941', '10.8811')"
340,,49.89286802164,10.882882111915,Bamberg stations of the cross,,C,yellow,,,architectural ensemble,,Point(10.882882111 49.892868021),0.317,http://www.wikidata.org/entity/Q805948,2.0,,https://de.wikipedia.org/wiki/Bamberger_Kreuzweg,http://www.wikidata.org/entity/Q1497375,,"('49.89286802164', '10.882882111915')"
341,,49.90548,10.71383,Kirche,,C,yellow,,,chapel,,Point(10.71383 49.90548),12.488,http://www.wikidata.org/entity/Q41237307,2.0,,https://de.wikipedia.org/wiki/Marienkapelle_(Priesendorf),http://www.wikidata.org/entity/Q108325,,"('49.90548', '10.71383')"
342,,49.94635,10.72526,Filialkirche,,C,yellow,,,church building,,Point(10.72526 49.94635),13.072,http://www.wikidata.org/entity/Q41322807,2.0,,https://de.wikipedia.org/wiki/St._Georg_(Ro%C3%9Fstadt),http://www.wikidata.org/entity/Q16970,,"('49.94635', '10.72526')"
343,,49.971187701179,10.721587974035,Pfarrkirche,,C,yellow,,,church building,,Point(10.721587974 49.971187701),14.772,http://www.wikidata.org/entity/Q41324597,2.0,,https://de.wikipedia.org/wiki/Mari%C3%A4_Himmelfahrt_(Stettfeld),http://www.wikidata.org/entity/Q16970,,"('49.971187701179', '10.721587974035')"
344,,49.76713,10.81846,St. Mary and John (Pommersfelden),,C,yellow,,,church building,,Point(10.81846 49.76713),14.684,http://www.wikidata.org/entity/Q41370672,2.0,,https://de.wikipedia.org/wiki/St._Maria_und_Johannes_(Pommersfelden),http://www.wikidata.org/entity/Q16970,,"('49.76713', '10.81846')"
345,,49.78089,10.84242,St. Antonius Abbas,,C,yellow,,,church building,,Point(10.84242 49.78089),12.716,http://www.wikidata.org/entity/Q41370746,2.0,,https://de.wikipedia.org/wiki/St._Antonius_Abbas_(Sambach),http://www.wikidata.org/entity/Q16970,,"('49.78089', '10.84242')"
346,,49.77151,10.80363,St. Erhard (Steppach),,C,yellow,,,church building,,Point(10.80363 49.77151),14.626,http://www.wikidata.org/entity/Q41370782,2.0,,https://de.wikipedia.org/wiki/St._Erhard_(Steppach),http://www.wikidata.org/entity/Q16970,,"('49.77151', '10.80363')"
347,,49.883285042096,10.728184661684,Kirche,,C,yellow,,,parish church,,Point(10.728184661 49.883285042),11.404,http://www.wikidata.org/entity/Q41371234,2.0,,https://de.wikipedia.org/wiki/Heiligste_Dreifaltigkeit_(Lisberg),http://www.wikidata.org/entity/Q317557,,"('49.883285042096', '10.728184661684')"
348,,49.894828064765,10.726581621256,evangelische,,C,yellow,,,church building,,Point(10.726581621 49.894828064),11.485,http://www.wikidata.org/entity/Q41371268,2.0,,https://de.wikipedia.org/wiki/St._Michael_(Trabelsdorf),http://www.wikidata.org/entity/Q16970,,"('49.894828064765', '10.726581621256')"
349,,49.7612,10.89558,St. Leonhard,,C,yellow,,,parish church,,Point(10.89558 49.7612),14.513,http://www.wikidata.org/entity/Q41389866,2.0,,https://de.wikipedia.org/wiki/St._Leonhard_(Zentbechhofen),http://www.wikidata.org/entity/Q317557,,"('49.7612', '10.89558')"
351,,49.80238,11.03083,St. Bartholomäus Buttenheim,,C,yellow,,,church building,,Point(11.03083 49.80238),14.318,http://www.wikidata.org/entity/Q41392838,2.0,,https://de.wikipedia.org/wiki/St._Bartholom%C3%A4us_(Buttenheim),http://www.wikidata.org/entity/Q16970,,"('49.80238', '11.03083')"
352,,49.800730935946,11.030567826825,Schloss,,C,yellow,,,Schloss,,Point(11.030567826 49.800730935),14.432,http://www.wikidata.org/entity/Q41392867,2.0,,https://de.wikipedia.org/wiki/Schloss_Buttenheim,http://www.wikidata.org/entity/Q16823155,,"('49.800730935946', '11.030567826825')"
353,,49.85141,11.07802,Ortskapelle,,C,yellow,,,chapel,,Point(11.07802 49.85141),14.41,http://www.wikidata.org/entity/Q41392976,2.0,,https://de.wikipedia.org/wiki/Heilig_Kreuz_(Tiefenh%C3%B6chstadt),http://www.wikidata.org/entity/Q108325,,"('49.85141', '11.07802')"
354,,49.90993,10.83212,St.Markus (Bischberg),,C,yellow,,,church building,,Point(10.83212 49.90993),4.418,http://www.wikidata.org/entity/Q41392998,2.0,,https://de.wikipedia.org/wiki/St._Markus_(Bischberg),http://www.wikidata.org/entity/Q16970,,"('49.90993', '10.83212')"
355,,49.8308,10.92625,Kirche,,C,yellow,,,church building,,Point(10.92625 49.8308),7.327,http://www.wikidata.org/entity/Q41395503,2.0,,https://de.wikipedia.org/wiki/Mari%C3%A4_Geburt_(Pettstadt),http://www.wikidata.org/entity/Q16970,,"('49.8308', '10.92625')"
356,,49.9678,10.88506,Kirche,,C,yellow,,,chapel,,Point(10.88506 49.9678),8.473,http://www.wikidata.org/entity/Q41397162,2.0,,https://de.wikipedia.org/wiki/St._Nikolaus_(Breiteng%C3%BC%C3%9Fbach),http://www.wikidata.org/entity/Q108325,,"('49.9678', '10.88506')"
357,,49.971100395059,10.885144493443,St. Leonhard,,C,yellow,,,church building,,Point(10.885144493 49.971100395),8.84,http://www.wikidata.org/entity/Q41397167,2.0,,https://de.wikipedia.org/wiki/St._Leonhard_(Breiteng%C3%BC%C3%9Fbach),http://www.wikidata.org/entity/Q16970,,"('49.971100395059', '10.885144493443')"
358,,49.82884,10.74091,St. Vitus,,C,yellow,,,church building,,Point(10.74091 49.82884),12.575,http://www.wikidata.org/entity/Q41397237,2.0,,https://de.wikipedia.org/wiki/St._Vitus_(Burgebrach),http://www.wikidata.org/entity/Q16970,,"('49.82884', '10.74091')"
359,,49.95953,10.81208,Saalkirche,,C,yellow,,,chapel,,Point(10.81208 49.95953),9.257,http://www.wikidata.org/entity/Q41399090,2.0,,https://de.wikipedia.org/wiki/St._Franziskus_Xaverius_(Sandhof),http://www.wikidata.org/entity/Q108325,,"('49.95953', '10.81208')"
360,,49.944242053525,10.752275768171,Filialkirche,,C,yellow,,,church building,,Point(10.752275768 49.944242053),11.273,http://www.wikidata.org/entity/Q41399095,2.0,,https://de.wikipedia.org/wiki/St._Cyriakus_(Staffelbach),http://www.wikidata.org/entity/Q16970,,"('49.944242053525', '10.752275768171')"
361,,49.81653318177,10.989134923606,Kirche,,C,yellow,,,parish church,,Point(10.989134923 49.816533181),11.111,http://www.wikidata.org/entity/Q41399142,2.0,,https://de.wikipedia.org/wiki/St._Veit_(Hirschaid),http://www.wikidata.org/entity/Q317557,,"('49.81653318177', '10.989134923606')"
362,,49.80101,10.92402,Filialkirche,,C,yellow,,,church building,,Point(10.92402 49.80101),10.42,http://www.wikidata.org/entity/Q41399169,2.0,,https://de.wikipedia.org/wiki/St._Veit_(R%C3%B6bersdorf),http://www.wikidata.org/entity/Q16970,,"('49.80101', '10.92402')"
363,,49.80573,10.98125,Pfarrkirche,,C,yellow,,,church building,,Point(10.98125 49.80573),11.704,http://www.wikidata.org/entity/Q41399179,2.0,,https://de.wikipedia.org/wiki/St._Mauritius_(Sassanfahrt),http://www.wikidata.org/entity/Q16970,,"('49.80573', '10.98125')"
364,,49.906478862526,11.089836582374,Kirche,,C,yellow,,,church building,,Point(11.089836582 49.906478862),14.632,http://www.wikidata.org/entity/Q41399232,2.0,,https://de.wikipedia.org/wiki/St._Nikolaus_(Herzogenreuth),http://www.wikidata.org/entity/Q16970,,"('49.906478862526', '11.089836582374')"
365,,49.770057367237,10.946956740459,Pfarrkirche,,C,yellow,,,church building,,Point(10.94695674 49.770057367),14.186,http://www.wikidata.org/entity/Q41400340,2.0,,https://de.wikipedia.org/wiki/St._Peter_und_Paul_(Schnaid),http://www.wikidata.org/entity/Q16970,,"('49.770057367237', '10.946956740459')"
366,,49.838,10.76472,Hofkapelle,,C,yellow,,,chapel,,Point(10.76472 49.838),10.59,http://www.wikidata.org/entity/Q41397267,2.0,,https://de.wikipedia.org/wiki/Heilige_Dreifaltigkeit_(Grasmannsdorf),http://www.wikidata.org/entity/Q108325,,"('49.838', '10.76472')"
367,,49.79968,10.77956,Wallfahrtskapelle,,C,yellow,,,chapel,,Point(10.77956 49.79968),12.792,http://www.wikidata.org/entity/Q41397273,2.0,,https://de.wikipedia.org/wiki/St._Markus_(K%C3%BCstersgreuth),http://www.wikidata.org/entity/Q108325,,"('49.79968', '10.77956')"
368,,49.82528,10.7801,Filialkirche,,C,yellow,,,church building,,Point(10.7801 49.82528),10.627,http://www.wikidata.org/entity/Q41397320,2.0,,https://de.wikipedia.org/wiki/Mari%C3%A4_Opferung_(Unterneuses),http://www.wikidata.org/entity/Q16970,,"('49.82528', '10.7801')"
369,,49.816470861677,10.866229142547,Katholische Pfarrkirche St. Johannes Baptist,,C,yellow,,,church building,,Point(10.866229142 49.816470861),8.484,http://www.wikidata.org/entity/Q41397437,2.0,,https://de.wikipedia.org/wiki/St._Johannes_der_T%C3%A4ufer_(Frensdorf),http://www.wikidata.org/entity/Q16970,,"('49.816470861677', '10.866229142547')"
370,,49.79279,10.88618,Chorturmkirche,,C,yellow,,,church building,,Point(10.88618 49.79279),10.987,http://www.wikidata.org/entity/Q41397456,2.0,,https://de.wikipedia.org/wiki/St._Jakobus_der_%C3%84ltere_(Herrnsdorf),http://www.wikidata.org/entity/Q16970,,"('49.79279', '10.88618')"
371,,49.82409,10.8885,Kirche,,C,yellow,,,church building,,Point(10.8885 49.82409),7.508,http://www.wikidata.org/entity/Q41397478,2.0,,https://de.wikipedia.org/wiki/St._Otto_(Reundorf),http://www.wikidata.org/entity/Q16970,,"('49.82409', '10.8885')"
372,,50.018,10.93173,St. Peter und Paul,,C,yellow,,,church building,,Point(10.93173 50.018),14.416,http://www.wikidata.org/entity/Q41397529,2.0,,https://de.wikipedia.org/wiki/St._Peter_und_Paul_(Zapfendorf),http://www.wikidata.org/entity/Q16970,,"('50.018', '10.93173')"
373,,50.00395,10.94098,Filialkirche,,C,yellow,,,church building,,Point(10.94098 50.00395),13.078,http://www.wikidata.org/entity/Q41397567,2.0,,https://de.wikipedia.org/wiki/Heilige_Drei_K%C3%B6nige_(Lauf),http://www.wikidata.org/entity/Q16970,,"('50.00395', '10.94098')"
374,,49.92733,10.75148,Pfarrkirche,,C,yellow,,,church building,,Point(10.75148 49.92733),10.475,http://www.wikidata.org/entity/Q41397701,2.0,,https://de.wikipedia.org/wiki/St._Petrus_und_Marzellinus_(Trunstadt),http://www.wikidata.org/entity/Q16970,,"('49.92733', '10.75148')"
375,,49.85467,11.00001,Kirche,,C,yellow,,,church building,,Point(11.00001 49.85467),9.09,http://www.wikidata.org/entity/Q41397803,2.0,,https://de.wikipedia.org/wiki/St._%C3%84gidius_(Amlingstadt),http://www.wikidata.org/entity/Q16970,,"('49.85467', '11.00001')"
376,,49.8807,11.01333,Pfarrkirche,,C,yellow,,,church building,,Point(11.01333 49.8807),9.142,http://www.wikidata.org/entity/Q41397824,2.0,,https://de.wikipedia.org/wiki/St._Maria_Magdalena_(Geisfeld),http://www.wikidata.org/entity/Q16970,,"('49.8807', '11.01333')"
377,,49.894301151167,10.886954866737,Bauhof,,C,yellow,,,cultural heritage ensemble,,Point(10.886954866 49.894301151),0.3,http://www.wikidata.org/entity/Q41426309,2.0,,https://de.wikipedia.org/wiki/Burgershof,http://www.wikidata.org/entity/Q1516079,,"('49.894301151167', '10.886954866737')"
378,,49.87073,11.04489,Chorturmkirche,,C,yellow,,,church building,,Point(11.04489 49.87073),11.559,http://www.wikidata.org/entity/Q41397871,2.0,,https://de.wikipedia.org/wiki/Mari%C3%A4_Himmelfahrt_(Mistendorf),http://www.wikidata.org/entity/Q16970,,"('49.87073', '11.04489')"
379,,49.863368950629,10.843293237926,Kirche,,C,yellow,,,church building,,Point(10.843293237 49.86336895),4.427,http://www.wikidata.org/entity/Q41397953,2.0,,https://de.wikipedia.org/wiki/Unbefleckte_Empf%C3%A4ngnis_Mari%C3%A4_(Stegaurach),http://www.wikidata.org/entity/Q16970,,"('49.863368950629', '10.843293237926')"
380,,49.86054,10.84066,Kapelle,,C,yellow,,,chapel,,Point(10.84066 49.86054),4.784,http://www.wikidata.org/entity/Q41397956,2.0,,https://de.wikipedia.org/wiki/Siebenschl%C3%A4ferkapelle_(Stegaurach),http://www.wikidata.org/entity/Q108325,,"('49.86054', '10.84066')"
381,,49.84695,10.89375,Filialkirche,,C,yellow,,,church building,,Point(10.89375 49.84695),4.99,http://www.wikidata.org/entity/Q41397975,2.0,,https://de.wikipedia.org/wiki/Mari%C3%A4_Himmelfahrt_(H%C3%B6fen),http://www.wikidata.org/entity/Q16970,,"('49.84695', '10.89375')"
382,,49.930385161436,10.883675209519,Kirche,,C,yellow,,,chapel,,Point(10.883675209 49.930385161),4.318,http://www.wikidata.org/entity/Q41398013,2.0,,https://de.wikipedia.org/wiki/St._Anna_(Hallstadt),http://www.wikidata.org/entity/Q108325,,"('49.930385161436', '10.883675209519')"
383,,49.92883,10.87536,Rathaus,,C,yellow,,,house,,Point(10.87536 49.92883),4.22,http://www.wikidata.org/entity/Q41398058,2.0,,https://de.wikipedia.org/wiki/Rathaus_(Hallstadt),http://www.wikidata.org/entity/Q3947,,"('49.92883', '10.87536')"
384,,49.92903,10.87598,Hallenkirche,,C,yellow,,,parish church,,Point(10.87598 49.92903),4.233,http://www.wikidata.org/entity/Q41398062,2.0,,https://de.wikipedia.org/wiki/St._Kilian_(Hallstadt),http://www.wikidata.org/entity/Q317557,,"('49.92903', '10.87598')"
385,,49.89008,10.90575,Q41427231,,C,yellow,,,church building,,Point(10.90575 49.89008),1.365,http://www.wikidata.org/entity/Q41427231,2.0,,https://de.wikipedia.org/wiki/Maria_Hilf_(Bamberg),http://www.wikidata.org/entity/Q16970,,"('49.89008', '10.90575')"
386,,49.8468,10.8947,Höfen,,C,yellow,,,Ortsteil,,Point(10.8947 49.8468),5.013,http://www.wikidata.org/entity/Q60450053,2.0,,https://de.wikipedia.org/wiki/H%C3%B6fen_(Stegaurach),http://www.wikidata.org/entity/Q253019,,"('49.8468', '10.8947')"
387,,49.89107,10.87965,Domherrenhof,,C,yellow,,,cultural heritage ensemble,,Point(10.87965 49.89107),0.519,http://www.wikidata.org/entity/Q41427175,2.0,,https://de.wikipedia.org/wiki/Erzbisch%C3%B6fliches_Palais_Bamberg,http://www.wikidata.org/entity/Q1516079,,"('49.89107', '10.87965')"
388,,49.963589,11.06305,jüdisch,,C,yellow,,,Jewish cemetery,,Point(11.063199334 49.963749677),14.956,http://www.wikidata.org/entity/Q1716623,2.0,,https://de.wikipedia.org/wiki/J%C3%BCdischer_Friedhof_(Zeckendorf),http://www.wikidata.org/entity/Q846659,,"('49.963589', '11.06305')"
392,,49.9892,10.9497,Sassendorf,,C,yellow,,,Ortsteil,,Point(10.9497 49.9892),11.747,http://www.wikidata.org/entity/Q1716620,2.0,,https://de.wikipedia.org/wiki/Sassendorf_(Zapfendorf),http://www.wikidata.org/entity/Q253019,,"('49.9892', '10.9497')"
393,,49.8883,10.8772,Kaiser-Heinrich-Gymnasium,,C,yellow,,,gymnasium,,Point(10.8772 49.8883),0.783,http://www.wikidata.org/entity/Q1721525,2.0,,https://de.wikipedia.org/wiki/Kaiser-Heinrich-Gymnasium_Bamberg,http://www.wikidata.org/entity/Q55043,,"('49.8883', '10.8772')"
394,,49.9328,10.9806,Meedensdorf,,C,yellow,,,Ortsteil,,Point(10.9806 49.9328),8.127,http://www.wikidata.org/entity/Q1727700,2.0,,https://de.wikipedia.org/wiki/Meedensdorf,http://www.wikidata.org/entity/Q253019,,"('49.9328', '10.9806')"
395,,49.8984,10.9135,Kapuzinerkloster Bamberg,,C,yellow,,,religious community,,Point(10.9135 49.8984),2.053,http://www.wikidata.org/entity/Q1728798,2.0,,https://de.wikipedia.org/wiki/Kapuzinerkloster_Bamberg,http://www.wikidata.org/entity/Q2742167,,"('49.8984', '10.9135')"
397,,49.8922,11.0847,Q1733366,,C,yellow,,,Ortsteil,,Point(11.0847 49.8922),14.173,http://www.wikidata.org/entity/Q1733366,2.0,,https://de.wikipedia.org/wiki/Lindach_(Heiligenstadt_in_Oberfranken),http://www.wikidata.org/entity/Q253019,,"('49.8922', '11.0847')"
399,,49.8883,10.8811,Karmelitenkloster Bamberg,,C,yellow,,,religious community,,Point(10.8811 49.8883),0.552,http://www.wikidata.org/entity/Q1734048,2.0,,https://de.wikipedia.org/wiki/Karmelitenkloster_Bamberg,http://www.wikidata.org/entity/Q2742167,,"('49.8883', '10.8811')"
401,,49.9135,10.88,Kaspar Schulz Brauereimaschinenfabrik & Apparatebauanstalt,,C,yellow,,,business,,Point(10.88 49.9135),2.483,http://www.wikidata.org/entity/Q1735095,2.0,,https://de.wikipedia.org/wiki/Kaspar_Schulz_Brauereimaschinenfabrik_%26_Apparatebauanstalt,http://www.wikidata.org/entity/Q4830453,,"('49.9135', '10.88')"
402,,49.7906,10.9094,Schlüsselau,,C,yellow,,,Ortsteil,,Point(10.9094 49.7906),11.346,http://www.wikidata.org/entity/Q1736965,2.0,,https://de.wikipedia.org/wiki/Schl%C3%BCsselau,http://www.wikidata.org/entity/Q253019,,"('49.7906', '10.9094')"
403,,49.89,10.8856,evangelische,,C,yellow,,,chapel,,Point(10.8856 49.89),0.2,http://www.wikidata.org/entity/Q1744548,2.0,,https://de.wikipedia.org/wiki/Marienkapelle_(Bamberg),http://www.wikidata.org/entity/Q108325,,"('49.89', '10.8856')"
404,,49.9182,10.8432,Mainbrücke Oberhaid,,C,yellow,,,road bridge,,Point(10.8432 49.9182),4.303,http://www.wikidata.org/entity/Q1753043,2.0,,https://de.wikipedia.org/wiki/Mainbr%C3%BCcke_Oberhaid,http://www.wikidata.org/entity/Q537127,,"('49.9182', '10.8432')"
406,,49.8967,10.8789,Konzert- und Kongresshalle,,C,yellow,,,convention center,,Point(10.8789 49.8967),0.803,http://www.wikidata.org/entity/Q1783655,2.0,,https://de.wikipedia.org/wiki/Konzert-_und_Kongresshalle_Bamberg,http://www.wikidata.org/entity/Q1378975,,"('49.8967', '10.8789')"
408,,50.0244,10.8542,Q1786293,,C,yellow,,,mountain,,Point(10.8542 50.0244),14.949,http://www.wikidata.org/entity/Q1786293,2.0,,https://de.wikipedia.org/wiki/Kraiberg,http://www.wikidata.org/entity/Q8502,,"('50.0244', '10.8542')"
409,,49.9377,11.0101,Kremmeldorf,,C,yellow,,,Ortsteil,,Point(11.0101 49.9377),10.205,http://www.wikidata.org/entity/Q1787914,2.0,,https://de.wikipedia.org/wiki/Kremmeldorf,http://www.wikidata.org/entity/Q253019,,"('49.9377', '11.0101')"
410,,49.8618,10.8015,Kreuzschuh,,C,yellow,,,Ortsteil,,Point(10.8015 49.8618),6.956,http://www.wikidata.org/entity/Q1788431,2.0,,https://de.wikipedia.org/wiki/Kreuzschuh,http://www.wikidata.org/entity/Q253019,,"('49.8618', '10.8015')"
411,,49.89157,10.892341,Schönleinsplatz,,C,yellow,,,square,,Point(10.892341 49.89157),0.394,http://www.wikidata.org/entity/Q1788766,2.0,,https://de.wikipedia.org/wiki/Sch%C3%B6nleinsplatz_(Bamberg),http://www.wikidata.org/entity/Q174782,,"('49.89157', '10.892341')"
412,,49.9032,10.9595,Kunigundenruh,,C,yellow,,,Ortsteil,,Point(10.9595 49.9032),5.361,http://www.wikidata.org/entity/Q1792207,2.0,,https://de.wikipedia.org/wiki/Kunigundenruh,http://www.wikidata.org/entity/Q253019,,"('49.9032', '10.9595')"
413,,49.8846,10.8968,Staatsarchiv Bamberg,,C,yellow,,,archive,,Point(10.8968 49.8846),1.056,http://www.wikidata.org/entity/Q1800276,2.0,,https://de.wikipedia.org/wiki/Staatsarchiv_Bamberg,http://www.wikidata.org/entity/Q166118,,"('49.8846', '10.8968')"
414,,49.9586,10.941,Memmelsdorf-Laubend,,C,yellow,,,Ortsteil,,Point(10.941 49.9586),8.397,http://www.wikidata.org/entity/Q1807147,2.0,,https://de.wikipedia.org/wiki/Laubend,http://www.wikidata.org/entity/Q253019,,"('49.9586', '10.941')"
415,,49.8722,11.0917,Teuchatz,,C,yellow,,,Ortsteil,,Point(11.0917 49.8722),14.835,http://www.wikidata.org/entity/Q2406927,2.0,,https://de.wikipedia.org/wiki/Teuchatz,http://www.wikidata.org/entity/Q253019,,"('49.8722', '11.0917')"
416,,49.8936,10.8772,Theater am Michelsberg,,C,yellow,,,theatre building,,Point(10.8772 49.8936),0.726,http://www.wikidata.org/entity/Q2416027,2.0,,https://de.wikipedia.org/wiki/Theater_am_Michelsberg,http://www.wikidata.org/entity/Q24354,https://en.wikipedia.org/wiki/Theater_am_Michelsberg,"('49.8936', '10.8772')"
418,,49.8947,10.7258,Trabelsdorf,,C,yellow,,,Ortsteil,,Point(10.7258 49.8947),11.541,http://www.wikidata.org/entity/Q2447364,2.0,,https://de.wikipedia.org/wiki/Trabelsdorf,http://www.wikidata.org/entity/Q253019,,"('49.8947', '10.7258')"
419,,49.9125,10.8053,Trosdorf,,C,yellow,,,Ortsteil,,Point(10.8053 49.9125),6.285,http://www.wikidata.org/entity/Q2455665,2.0,,https://de.wikipedia.org/wiki/Trosdorf,http://www.wikidata.org/entity/Q253019,,"('49.9125', '10.8053')"
420,,49.9797,10.8947,Unteroberndorf,,C,yellow,,,Ortsteil,,Point(10.8947 49.9797),9.811,http://www.wikidata.org/entity/Q2498582,2.0,,https://de.wikipedia.org/wiki/Unteroberndorf_(Breiteng%C3%BC%C3%9Fbach),http://www.wikidata.org/entity/Q253019,,"('49.9797', '10.8947')"
421,,49.942,10.9516,Weichendorf,,C,yellow,,,Ortsteil,,Point(10.9516 49.942),7.273,http://www.wikidata.org/entity/Q2554847,2.0,,https://de.wikipedia.org/wiki/Weichendorf,http://www.wikidata.org/entity/Q253019,,"('49.942', '10.9516')"
422,,49.9128,10.7522,Weiher,,C,yellow,,,Ortsteil,,Point(10.7522 49.9128),9.927,http://www.wikidata.org/entity/Q2555337,2.0,,https://de.wikipedia.org/wiki/Weiher_(Viereth-Trunstadt),http://www.wikidata.org/entity/Q253019,,"('49.9128', '10.7522')"
423,,49.8994,10.8061,Weipelsdorf,,C,yellow,,,Ortsteil,,Point(10.8061 49.8994),5.848,http://www.wikidata.org/entity/Q2556328,2.0,,https://de.wikipedia.org/wiki/Weipelsdorf,http://www.wikidata.org/entity/Q253019,,"('49.8994', '10.8061')"
424,,49.7867,10.8633,Wingersdorf,,C,yellow,,,Ortsteil,,Point(10.8633 49.7867),11.786,http://www.wikidata.org/entity/Q2584395,2.0,,https://de.wikipedia.org/wiki/Wingersdorf_(Frensdorf),http://www.wikidata.org/entity/Q253019,,"('49.7867', '10.8633')"
425,,49.889838888889,10.750825,Q2595004,,C,yellow,,,Ortsteil,,Point(10.750825 49.889838888),9.746,http://www.wikidata.org/entity/Q2595004,2.0,,https://de.wikipedia.org/wiki/Wunderburg_(Bamberg),http://www.wikidata.org/entity/Q253019,,"('49.889838888889', '10.750825')"
426,,49.864,10.844,Landhaus,,C,yellow,,,château,,Point(10.844 49.864),4.341,http://www.wikidata.org/entity/Q2664737,2.0,,https://de.wikipedia.org/wiki/B%C3%B6ttingersches_Landhaus,http://www.wikidata.org/entity/Q751876,,"('49.864', '10.844')"
427,,49.869811708721,10.770663933206,jüdisch,,C,yellow,,,Jewish cemetery,,Point(10.771285 49.869989),8.622,http://www.wikidata.org/entity/Q2737736,2.0,,https://de.wikipedia.org/wiki/J%C3%BCdischer_Friedhof_(Walsdorf),http://www.wikidata.org/entity/Q846659,,"('49.869811708721', '10.770663933206')"
431,,49.8929,10.913,Maisel Brau Bamberg,,C,yellow,,,brewery,,Point(10.913 49.8929),1.879,http://www.wikidata.org/entity/Q6736986,2.0,,https://de.wikipedia.org/wiki/Maisel-Br%C3%A4u,http://www.wikidata.org/entity/Q131734,https://en.wikipedia.org/wiki/Maisel_Brau_Bamberg,"('49.8929', '10.913')"
432,,49.890851,10.882563,Fürstenportal am Bamberger Dom,,C,yellow,,,portal,,Point(10.882563 49.890851),0.318,http://www.wikidata.org/entity/Q14540759,2.0,,https://de.wikipedia.org/wiki/F%C3%BCrstenportal_am_Bamberger_Dom,http://www.wikidata.org/entity/Q854429,,"('49.890851', '10.882563')"
433,,49.887716,10.747663,Feigendorf,,C,yellow,,,Ortsteil,,Point(10.747663 49.887716),9.98,http://www.wikidata.org/entity/Q15056090,2.0,,https://de.wikipedia.org/wiki/Feigendorf,http://www.wikidata.org/entity/Q253019,,"('49.887716', '10.747663')"
434,,49.927107,10.752304,Trunstadt,,C,yellow,,,Ortsteil,,Point(10.752304 49.927107),10.412,http://www.wikidata.org/entity/Q15060520,2.0,,https://de.wikipedia.org/wiki/Trunstadt,http://www.wikidata.org/entity/Q253019,,"('49.927107', '10.752304')"
435,,49.90967277785,10.892714061969,Bahnbetriebswerk Bamberg,,C,yellow,,,architectural ensemble,,Point(10.892714061 49.909672777),2.052,http://www.wikidata.org/entity/Q15107108,2.0,,https://de.wikipedia.org/wiki/Bahnbetriebswerk_Bamberg,http://www.wikidata.org/entity/Q1497375,,"('49.90967277785', '10.892714061969')"
437,,49.8971883,10.8923536,Obere Königstraße 13,,C,yellow,,,building,,Point(10.8923536 49.8971883),0.736,http://www.wikidata.org/entity/Q19962042,2.0,,https://de.wikipedia.org/wiki/Mang%E2%80%99sche_Wachsbleiche,http://www.wikidata.org/entity/Q41176,,"('49.8971883', '10.8923536')"
438,,49.976374718747,11.033030363019,Zunfthaus,,C,yellow,,,architectural structure,,Point(11.03281 49.97678),14.1,http://www.wikidata.org/entity/Q19963613,2.0,,https://de.wikipedia.org/wiki/Caf%C3%A9_Dillighaus,http://www.wikidata.org/entity/Q811979,,"('49.976374718747', '11.033030363019')"
442,,49.894586,10.885072,Martinschule Bamberg,,C,yellow,,,primary school,,Point(10.885072 49.894586),0.355,http://www.wikidata.org/entity/Q20641826,2.0,,https://de.wikipedia.org/wiki/Martinschule_Bamberg,http://www.wikidata.org/entity/Q9842,,"('49.894586', '10.885072')"
443,,49.97573,11.02989,Kirche,,C,yellow,,,church building,,Point(11.02989 49.97573),13.867,http://www.wikidata.org/entity/Q41398203,2.0,,https://de.wikipedia.org/wiki/Spitalkirche_St._Elisabeth_(Sche%C3%9Flitz),http://www.wikidata.org/entity/Q16970,,"('49.97573', '11.02989')"
444,,49.97616,11.03521,St. Kilian (Scheßlitz),,C,yellow,,,parish church,,Point(11.03521 49.97616),14.182,http://www.wikidata.org/entity/Q41398243,2.0,,https://de.wikipedia.org/wiki/St._Kilian_(Sche%C3%9Flitz),http://www.wikidata.org/entity/Q317557,,"('49.97616', '11.03521')"
445,,49.9501,11.03514,Pfarrkirche,,C,yellow,,,church building,,Point(11.03514 49.9501),12.45,http://www.wikidata.org/entity/Q41398405,2.0,,https://de.wikipedia.org/wiki/St._Sebastian_(Peulendorf),http://www.wikidata.org/entity/Q16970,,"('49.9501', '11.03514')"
446,,49.96031,10.99831,Pfarrkirche,,C,yellow,,,church building,,Point(10.99831 49.96031),11.046,http://www.wikidata.org/entity/Q41398473,2.0,,https://de.wikipedia.org/wiki/St._Valentin_(Stra%C3%9Fgiech),http://www.wikidata.org/entity/Q16970,,"('49.96031', '10.99831')"
447,,50.02026,10.82743,Kirche,,C,yellow,,,church building,,Point(10.82743 50.02026),14.923,http://www.wikidata.org/entity/Q41398574,2.0,,https://de.wikipedia.org/wiki/St._Nikolaus_(Reckendorf),http://www.wikidata.org/entity/Q16970,,"('50.02026', '10.82743')"
448,,50.01654,10.88516,Pfarrkirche,,C,yellow,,,church building,,Point(10.88516 50.01654),13.892,http://www.wikidata.org/entity/Q41398644,2.0,,https://de.wikipedia.org/wiki/St._Peter_und_Paul_(Rattelsdorf),http://www.wikidata.org/entity/Q16970,,"('50.01654', '10.88516')"
449,,49.891009728566,10.891571903962,Altstadt,,C,yellow,,,architectural ensemble,,Point(10.891571903 49.891009728),0.345,http://www.wikidata.org/entity/Q98582161,2.0,,https://de.wikipedia.org/wiki/Altstadt_(Bamberg),http://www.wikidata.org/entity/Q1497375,,"('49.891009728566', '10.891571903962')"
450,,49.879829463159,10.898132957407,Monopteros Theresienhain in Bamberg,,C,yellow,,,monopteros,,Point(10.898132957 49.879829463),1.539,http://www.wikidata.org/entity/Q98584388,2.0,,https://de.wikipedia.org/wiki/Druidentempel,http://www.wikidata.org/entity/Q60129,,"('49.879829463159', '10.898132957407')"
451,,49.880795569737,10.89803055238,Musikpavillon Theresienhain in Bamberg,,C,yellow,,,bandstand,,Point(10.898030552 49.880795569),1.444,http://www.wikidata.org/entity/Q98586363,2.0,,https://de.wikipedia.org/wiki/Musikmuschel_im_Luisenhain,http://www.wikidata.org/entity/Q3126170,,"('49.880795569737', '10.89803055238')"
453,,49.891861111111,10.886722222222,Wikipedia:Bamberg,,C,yellow,,,Stammtisch,,Point(10.886722222 49.891861111),0.03,http://www.wikidata.org/entity/Q61414622,2.0,,https://de.wikipedia.org/wiki/Wikipedia:Bamberg,http://www.wikidata.org/entity/Q15633604,,"('49.891861111111', '10.886722222222')"
454,,49.8589,10.85827,Debring,,C,yellow,,,Ortsteil,,Point(10.85827 49.8589),4.173,http://www.wikidata.org/entity/Q63243633,2.0,,https://de.wikipedia.org/wiki/Debring,http://www.wikidata.org/entity/Q253019,,"('49.8589', '10.85827')"
455,,49.852869444444,10.878269444444,Waizendorf,,C,yellow,,,Ortsteil,,Point(10.878269444 49.852869444),4.351,http://www.wikidata.org/entity/Q63243824,2.0,,https://de.wikipedia.org/wiki/Waizendorf_(Stegaurach),http://www.wikidata.org/entity/Q253019,,"('49.852869444444', '10.878269444444')"
456,,49.85591,10.86514,Unteraurach,,C,yellow,,,Ortsteil,,Point(10.86514 49.85591),4.263,http://www.wikidata.org/entity/Q63248058,2.0,,https://de.wikipedia.org/wiki/Unteraurach_(Stegaurach),http://www.wikidata.org/entity/Q253019,,"('49.85591', '10.86514')"
457,,49.936444444444,11.080138888889,Neudorf bei Scheßlitz,,C,yellow,,,Ortsteil,,Point(11.080138888 49.936444444),14.71,http://www.wikidata.org/entity/Q66763711,2.0,,https://de.wikipedia.org/wiki/Neudorf_bei_Sche%C3%9Flitz,http://www.wikidata.org/entity/Q253019,,"('49.936444444444', '11.080138888889')"
458,,49.9505,11.047027777778,Weingarten,,C,yellow,,,Ortsteil,,Point(11.047027777 49.9505),13.205,http://www.wikidata.org/entity/Q67030894,2.0,,https://de.wikipedia.org/wiki/Weingarten_(Sche%C3%9Flitz),http://www.wikidata.org/entity/Q253019,,"('49.9505', '11.047027777778')"
459,,49.769888888889,10.947583333333,Schnaid,,C,yellow,,,Ortsteil,,Point(10.947583333 49.769888888),14.217,http://www.wikidata.org/entity/Q68228312,2.0,,https://de.wikipedia.org/wiki/Schnaid_(Hallerndorf),http://www.wikidata.org/entity/Q253019,,"('49.769888888889', '10.947583333333')"
461,,49.775555555556,10.9125,Jungenhofen,,C,yellow,,,Ortsteil,,Point(10.9125 49.775555555),13.034,http://www.wikidata.org/entity/Q70906844,2.0,,https://de.wikipedia.org/wiki/Jungenhofen,http://www.wikidata.org/entity/Q253019,,"('49.775555555556', '10.9125')"
463,,49.761111111111,10.894722222222,Zentbechhofen,,C,yellow,,,Ortsteil,,Point(10.894722222 49.761111111),14.52,http://www.wikidata.org/entity/Q70992287,2.0,,https://de.wikipedia.org/wiki/Zentbechhofen,http://www.wikidata.org/entity/Q253019,,"('49.761111111111', '10.894722222222')"
465,,49.779166666667,10.825277777778,Oberndorf (Pommersfelden),,C,yellow,,,Ortsteil,,Point(10.825277777 49.779166666),13.259,http://www.wikidata.org/entity/Q72090509,2.0,,https://de.wikipedia.org/wiki/Oberndorf_(Pommersfelden),http://www.wikidata.org/entity/Q253019,,"('49.779166666667', '10.825277777778')"
466,,49.816111,10.986944,Brauerei Kraus,,C,yellow,,,brewery,,Point(10.986944 49.816111),11.043,http://www.wikidata.org/entity/Q81942766,2.0,,https://de.wikipedia.org/wiki/Brauerei-Gasthof_Kraus,http://www.wikidata.org/entity/Q131734,,"('49.816111', '10.986944')"
468,,49.976,11.033555555556,Amt Scheßlitz,,C,yellow,,,historical territory,,Point(11.033555555 49.976),14.082,http://www.wikidata.org/entity/Q93146045,2.0,,https://de.wikipedia.org/wiki/Amt_Sche%C3%9Flitz,http://www.wikidata.org/entity/Q1621034,,"('49.976', '11.033555555556')"
470,,49.933055555556,10.953,Amt Memmelsdorf,,C,yellow,,,historical territory,,Point(10.953 49.933055555),6.609,http://www.wikidata.org/entity/Q94160262,2.0,,https://de.wikipedia.org/wiki/Amt_Memmelsdorf,http://www.wikidata.org/entity/Q1621034,,"('49.933055555556', '10.953')"
472,,49.781305555556,10.965472222222,Großbuchfeld,,C,yellow,,,Ortsteil,,Point(10.965472222 49.781305555),13.498,http://www.wikidata.org/entity/Q94839800,2.0,,https://de.wikipedia.org/wiki/Gro%C3%9Fbuchfeld,http://www.wikidata.org/entity/Q253019,,"('49.781305555556', '10.965472222222')"
473,,49.779555555556,10.955166666667,Kleinbuchfeld,,C,yellow,,,Ortsteil,,Point(10.955166666 49.779555555),13.387,http://www.wikidata.org/entity/Q94840790,2.0,,https://de.wikipedia.org/wiki/Kleinbuchfeld,http://www.wikidata.org/entity/Q253019,,"('49.779555555556', '10.955166666667')"
474,,49.80675,10.964138888889,Köttmannsdorf (Hirschaid),,C,yellow,,,Ortsteil,,Point(10.964138888 49.80675),10.942,http://www.wikidata.org/entity/Q94842062,2.0,,https://de.wikipedia.org/wiki/K%C3%B6ttmannsdorf_(Hirschaid),http://www.wikidata.org/entity/Q253019,,"('49.80675', '10.964138888889')"
476,,49.917780555556,10.681680555556,Kirchaich,,C,yellow,,,Ortsteil,,Point(10.681680555 49.917780555),14.978,http://www.wikidata.org/entity/Q97557669,2.0,,https://de.wikipedia.org/wiki/Kirchaich,http://www.wikidata.org/entity/Q253019,,"('49.917780555556', '10.681680555556')"
477,,49.845505718977,10.968293008405,St. Laurentius,,C,yellow,,,church building,,Point(10.968293008 49.845505718),7.768,http://www.wikidata.org/entity/Q98226430,2.0,,https://de.wikipedia.org/wiki/St._Laurentius_(Strullendorf),http://www.wikidata.org/entity/Q16970,,"('49.845505718977', '10.968293008405')"
478,,49.85783,10.69011,Kirche,,C,yellow,,,church building,,Point(10.69011 49.85783),14.589,http://www.wikidata.org/entity/Q41398830,2.0,,https://de.wikipedia.org/wiki/Mari%C3%A4_Himmelfahrt_(Sch%C3%B6nbrunn),http://www.wikidata.org/entity/Q16970,,"('49.85783', '10.69011')"
479,,49.95325,10.87327,Pfarrkirche,,C,yellow,,,church building,,Point(10.87327 49.95325),6.923,http://www.wikidata.org/entity/Q41398846,2.0,,https://de.wikipedia.org/wiki/St._Peter_und_Paul_(Kemmern),http://www.wikidata.org/entity/Q16970,,"('49.95325', '10.87327')"
480,,49.973061008412,10.787776313228,Kirche,,C,yellow,,,church building,,Point(10.787776313 49.973061008),11.503,http://www.wikidata.org/entity/Q41398906,2.0,,https://de.wikipedia.org/wiki/St._Laurentius_(Lauter),http://www.wikidata.org/entity/Q16970,,"('49.973061008412', '10.787776313228')"
481,,49.91593,11.04794,Kirche,,C,yellow,,,church building,,Point(11.04794 49.91593),11.849,http://www.wikidata.org/entity/Q41398954,2.0,,https://de.wikipedia.org/wiki/Mari%C3%A4_Geburt_(Lohndorf),http://www.wikidata.org/entity/Q16970,,"('49.91593', '11.04794')"
482,,49.933031695422,10.953860048388,Pfarrkirche,,C,yellow,,,church building,,Point(10.953874 49.93305),6.653,http://www.wikidata.org/entity/Q41398995,2.0,,https://de.wikipedia.org/wiki/Mari%C3%A4_Himmelfahrt_(Memmelsdorf),http://www.wikidata.org/entity/Q16970,,"('49.933031695422', '10.953860048388')"
486,,49.89725,10.8973,Q135261775,,C,yellow,,,suburb,,Point(10.8973 49.89725),0.977,http://www.wikidata.org/entity/Q135261775,2.0,,https://de.wikipedia.org/wiki/Theuerstadt,http://www.wikidata.org/entity/Q188509,,"('49.89725', '10.8973')"
487,,49.82460679524,10.706282766791,Klemmenhof,,C,yellow,,,Ortsteil,,Point(10.706282766 49.824606795),14.934,http://www.wikidata.org/entity/Q135625034,2.0,,https://de.wikipedia.org/wiki/Klemmenhof,http://www.wikidata.org/entity/Q253019,,"('49.82460679524', '10.706282766791')"
489,,49.805255355415,10.778029151757,Q135632690,,C,yellow,,,Ortsteil,,Point(10.778029151 49.805255355),12.371,http://www.wikidata.org/entity/Q135632690,2.0,,https://de.wikipedia.org/wiki/Tempelsgreuth,http://www.wikidata.org/entity/Q253019,,"('49.805255355415', '10.778029151757')"
490,,49.796776498844,10.765534307396,Hirschbrunn,,C,yellow,,,Ortsteil,,Point(10.765534307 49.796776498),13.669,http://www.wikidata.org/entity/Q136657907,2.0,,https://de.wikipedia.org/wiki/Hirschbrunn_(Burgebrach),http://www.wikidata.org/entity/Q253019,,"('49.796776498844', '10.765534307396')"
491,,49.799900022245,10.781369892327,Küstersgreuth,,C,yellow,,,Ortsteil,,Point(10.781369892 49.799900022),12.695,http://www.wikidata.org/entity/Q136658098,2.0,,https://de.wikipedia.org/wiki/K%C3%BCstersgreuth,http://www.wikidata.org/entity/Q253019,,"('49.799900022245', '10.781369892327')"
493,,49.82911084425,10.789576066643,Oberharnsbach,,C,yellow,,,Ortsteil,,Point(10.789576066 49.829110844),9.844,http://www.wikidata.org/entity/Q136658122,2.0,,https://de.wikipedia.org/wiki/Oberharnsbach,http://www.wikidata.org/entity/Q253019,,"('49.82911084425', '10.789576066643')"
494,,49.824805571736,10.712097051576,Schatzenhof,,C,yellow,,,Ortsteil,,Point(10.712097051 49.824805571),14.563,http://www.wikidata.org/entity/Q136658129,2.0,,https://de.wikipedia.org/wiki/Schatzenhof,http://www.wikidata.org/entity/Q253019,,"('49.824805571736', '10.712097051576')"
496,,49.907,10.925,Warner Barracks,,C,yellow,,,barracks,,Point(10.925 49.907),3.224,http://www.wikidata.org/entity/Q7969699,2.0,,,http://www.wikidata.org/entity/Q131263,https://en.wikipedia.org/wiki/Warner_Barracks,"('49.907', '10.925')"
497,,49.9563,11.06604,Albtrauf von Dörnwasserlos bis Zeegendorf,,C,yellow,,,Special Area of Conservation,,Point(11.06604 49.9563),14.707,http://www.wikidata.org/entity/Q60764605,2.0,,,http://www.wikidata.org/entity/Q1191622,,"('49.9563', '11.06604')"
498,,49.92344,10.81969,Altwässer an der Regnitzmündung bei Bamberg und bei Viereth,,C,yellow,,,Special Area of Conservation,,Point(10.81969 49.92344),5.971,http://www.wikidata.org/entity/Q60764625,2.0,,,http://www.wikidata.org/entity/Q1191622,,"('49.92344', '10.81969')"
499,,50.00464,10.83967,Baunachtal zwischen Reckendorf und Baunach,,C,yellow,,,Special Area of Conservation,,Point(10.83967 50.00464),13.014,http://www.wikidata.org/entity/Q60764688,2.0,,,http://www.wikidata.org/entity/Q1191622,,"('50.00464', '10.83967')"
500,,49.85479,10.9063,Bruderwald mit Naturwaldreservat Wolfsruhe,,C,yellow,,,Special Area of Conservation,,Point(10.9063 49.85479),4.324,http://www.wikidata.org/entity/Q60764735,2.0,,,http://www.wikidata.org/entity/Q1191622,,"('49.85479', '10.9063')"
501,,50.00236,10.85874,Hänge am Kraiberg,,C,yellow,,,Special Area of Conservation,,Point(10.85874 50.00236),12.478,http://www.wikidata.org/entity/Q60765078,2.0,,,http://www.wikidata.org/entity/Q1191622,,"('50.00236', '10.85874')"
502,,50.02243,10.92041,Maintal von Staffelstein bis Hallstadt,,C,yellow,,,Special Area of Conservation,,Point(10.92041 50.02243),14.743,http://www.wikidata.org/entity/Q60765415,2.0,,,http://www.wikidata.org/entity/Q1191622,,"('50.02243', '10.92041')"
503,,49.93552,10.79527,Maintalhänge um Viereth-Trunstadt und Oberhaid,,C,yellow,,,Special Area of Conservation,,Point(10.79527 49.93552),8.175,http://www.wikidata.org/entity/Q60765421,2.0,,,http://www.wikidata.org/entity/Q1191622,,"('49.93552', '10.79527')"
504,,49.92636,11.02816,"Mausohrkolonien in Lohndorf, Ehrl und Amlingstadt",,C,yellow,,,Special Area of Conservation,,Point(11.02816 49.92636),10.832,http://www.wikidata.org/entity/Q60765478,2.0,,,http://www.wikidata.org/entity/Q1191622,,"('49.92636', '11.02816')"
505,,49.892,10.73419,Mittleres Aurach-Tal von Priesendorf bis Walsdorf,,C,yellow,,,Special Area of Conservation,,Point(10.73419 49.892),10.935,http://www.wikidata.org/entity/Q60765532,2.0,,,http://www.wikidata.org/entity/Q1191622,,"('49.892', '10.73419')"
506,,49.85136,10.95901,"Regnitz, Stocksee und Sandgebiete von Neuses bis Hallstadt",,C,yellow,,,Special Area of Conservation,,Point(10.95901 49.85136),6.839,http://www.wikidata.org/entity/Q60765916,2.0,,,http://www.wikidata.org/entity/Q1191622,,"('49.85136', '10.95901')"
507,,49.95695,10.71179,Vogelfreistätte Graureiherkolonie Dippach am Main,,C,yellow,,,site of community importance,,Point(10.71179 49.95695),14.485,http://www.wikidata.org/entity/Q60766350,2.0,,,http://www.wikidata.org/entity/Q796174,,"('49.95695', '10.71179')"
510,,49.88661,10.86962,Wiesen um die Altenburg bei Bamberg,,C,yellow,,,Special Area of Conservation,,Point(10.86962 49.88661),1.353,http://www.wikidata.org/entity/Q60766485,2.0,,,http://www.wikidata.org/entity/Q1191622,,"('49.88661', '10.86962')"
515,,49.838611111111,10.763055555556,Grasmannsdorf,,C,yellow,,,Ortsteil,,Point(10.763055555 49.838611111),10.651,http://www.wikidata.org/entity/Q47008899,2.0,,https://de.wikipedia.org/wiki/Grasmannsdorf_(Burgebrach),http://www.wikidata.org/entity/Q253019,,"('49.838611111111', '10.763055555556')"
516,,49.838584,10.955937,Schleuse Strullendorf,,C,yellow,,,water-saving lock,,Point(10.955937 49.838584),7.699,http://www.wikidata.org/entity/Q50107673,2.0,,https://de.wikipedia.org/wiki/Schleuse_Strullendorf,http://www.wikidata.org/entity/Q2307906,,"('49.838584', '10.955937')"
517,,49.880729,10.907903,Bamberg Locks,,C,yellow,,,water-saving lock,,Point(10.907903 49.880729),1.933,http://www.wikidata.org/entity/Q50107676,2.0,,https://de.wikipedia.org/wiki/Schleuse_Bamberg,http://www.wikidata.org/entity/Q2307906,,"('49.880729', '10.907903')"
518,,49.88796,10.89004,Schleusenwärterhaus Schleuse 100 in Bamberg,,C,yellow,,,lock keeper's house,,Point(10.89004 49.88796),0.465,http://www.wikidata.org/entity/Q56213687,2.0,,https://de.wikipedia.org/wiki/Schleusenw%C3%A4rterhaus_M%C3%BChlw%C3%B6rth_15_(Bamberg),http://www.wikidata.org/entity/Q27685913,,"('49.88796', '10.89004')"
519,,49.834033888889,10.945683055556,Sandgrasheide Pettstadt,,C,yellow,,,protected area,,Point(10.945683055 49.834033888),7.665,http://www.wikidata.org/entity/Q59390350,2.0,,https://de.wikipedia.org/wiki/Sandgrasheide_Pettstadt,http://www.wikidata.org/entity/Q473972,,"('49.834033888889', '10.945683055556')"
521,,49.924716944444,11.041526944444,Naturwaldreservat Lohntal,,C,yellow,,,protected area,,Point(11.041526944 49.924716944),11.672,http://www.wikidata.org/entity/Q59390359,2.0,,https://de.wikipedia.org/wiki/Naturwaldreservat_Lohntal,http://www.wikidata.org/entity/Q473972,,"('49.924716944444', '11.041526944444')"
523,,49.959485,10.718663055556,Vogelfreistätte Graureiherkolonie bei Dippach am Main,,C,yellow,,,protected area,,Point(10.718663055 49.959485),14.209,http://www.wikidata.org/entity/Q59390369,2.0,,https://de.wikipedia.org/wiki/Vogelfreist%C3%A4tte_Graureiherkolonie_bei_Dippach_am_Main,http://www.wikidata.org/entity/Q473972,,"('49.959485', '10.718663055556')"
525,,49.89384,10.88156,Untere Sandstraße 20,,C,yellow,,,building,,Point(10.88156 49.89384),0.453,http://www.wikidata.org/entity/Q21014642,2.0,,https://de.wikipedia.org/wiki/Untere_Sandstra%C3%9Fe_20_(Bamberg),http://www.wikidata.org/entity/Q41176,,"('49.89384', '10.88156')"
526,,49.90003967,10.89006996,Tocklergasse 1,,C,yellow,,,timber-framed house,,Point(10.89006996 49.90003967),0.966,http://www.wikidata.org/entity/Q21040746,2.0,,https://de.wikipedia.org/wiki/Tocklergasse_1_(Bamberg),http://www.wikidata.org/entity/Q12020836,,"('49.90003967', '10.89006996')"
527,,49.895974,10.884007,Zelt der Religionen,,C,yellow,,,religious facility,,Point(10.884007 49.895974),0.527,http://www.wikidata.org/entity/Q21041988,2.0,,https://de.wikipedia.org/wiki/Zelt_der_Religionen,http://www.wikidata.org/entity/Q113474465,,"('49.895974', '10.884007')"
528,,49.904333333333,10.887166666667,Taharahaus,,C,yellow,,,tahara house,,Point(10.887166666 49.904333333),1.416,http://www.wikidata.org/entity/Q22137994,2.0,,https://de.wikipedia.org/wiki/Taharahaus_(Bamberg),http://www.wikidata.org/entity/Q2388270,,"('49.904333333333', '10.887166666667')"
529,,49.9858,10.8527,Pfarrkirche,,C,yellow,,,church building,,Point(10.8527 49.9858),10.755,http://www.wikidata.org/entity/Q22811543,2.0,,https://de.wikipedia.org/wiki/St._Oswald_(Baunach),http://www.wikidata.org/entity/Q16970,,"('49.9858', '10.8527')"
530,,49.8156,10.9906,Judenschule (Hirschaid),,C,yellow,,,architectural structure,,Point(10.9906 49.8156),11.258,http://www.wikidata.org/entity/Q23001565,2.0,,https://de.wikipedia.org/wiki/J%C3%BCdische_Elementarschule_(Hirschaid),http://www.wikidata.org/entity/Q811979,,"('49.8156', '10.9906')"
531,,49.9068,10.90426,Bamberg University Library,,C,yellow,,,academic library,,Point(10.90426 49.9068),2.1,http://www.wikidata.org/entity/Q23786596,2.0,,https://de.wikipedia.org/wiki/Universit%C3%A4tsbibliothek_Bamberg,http://www.wikidata.org/entity/Q856234,,"('49.9068', '10.90426')"
532,,49.80271,11.03326,Wohnhaus,,C,yellow,,,architectural structure,,Point(11.033270921 49.802711057),14.419,http://www.wikidata.org/entity/Q23787078,2.0,,https://de.wikipedia.org/wiki/Levi-Strauss-Museum,http://www.wikidata.org/entity/Q811979,,"('49.80271', '11.03326')"
536,,49.8926,10.87599,Michelsberg 25,,C,yellow,,,residential building,,Point(10.87599 49.8926),0.786,http://www.wikidata.org/entity/Q25089194,2.0,,https://de.wikipedia.org/wiki/Michelsberg_25_(Bamberg),http://www.wikidata.org/entity/Q11755880,,"('49.8926', '10.87599')"
537,,49.90119,10.88085,Europabrücke,,C,yellow,,,beam bridge,,Point(10.88085 49.90119),1.149,http://www.wikidata.org/entity/Q26821584,2.0,,https://de.wikipedia.org/wiki/Europabr%C3%BCcke_(Bamberg),http://www.wikidata.org/entity/Q158626,,"('49.90119', '10.88085')"
539,,49.891667,10.891667,Kettenbrücke,,C,yellow,,,bridge,,Point(10.891667 49.891667),0.345,http://www.wikidata.org/entity/Q106488247,2.0,,https://de.wikipedia.org/wiki/Kettenbr%C3%BCcke_(Bamberg),http://www.wikidata.org/entity/Q12280,,"('49.891667', '10.891667')"
540,,49.895278,10.893889,Luitpoldbrücke,,C,yellow,,,bridge,,Point(10.893889 49.895278),0.649,http://www.wikidata.org/entity/Q106537948,2.0,,https://de.wikipedia.org/wiki/Luitpoldbr%C3%BCcke_(Bamberg),http://www.wikidata.org/entity/Q12280,,"('49.895278', '10.893889')"
541,,49.897778,10.887361,Löwenbrücke,,C,yellow,,,bridge,,Point(10.887361 49.897778),0.687,http://www.wikidata.org/entity/Q106554929,2.0,,https://de.wikipedia.org/wiki/L%C3%B6wenbr%C3%BCcke_(Bamberg),http://www.wikidata.org/entity/Q12280,,"('49.897778', '10.887361')"
542,,49.771111,10.818056,Stöckleinsbach,,C,yellow,,,watercourse,,Point(10.818056 49.771111),14.277,http://www.wikidata.org/entity/Q106757459,2.0,,https://de.wikipedia.org/wiki/St%C3%B6ckleinsbach,http://www.wikidata.org/entity/Q355304,,"('49.771111', '10.818056')"
543,,49.926111,10.773333,Mainbrücke Viereth,,C,yellow,,,road bridge,,Point(10.773333 49.926111),8.988,http://www.wikidata.org/entity/Q107607256,2.0,,https://de.wikipedia.org/wiki/Mainbr%C3%BCcke_Viereth,http://www.wikidata.org/entity/Q537127,,"('49.926111', '10.773333')"
544,,49.801187,11.031119,Synagoge Buttenheim,,C,yellow,,,architectural structure,,Point(11.031119 49.801187),14.425,http://www.wikidata.org/entity/Q108750876,2.0,,https://de.wikipedia.org/wiki/Synagoge_Buttenheim,http://www.wikidata.org/entity/Q811979,,"('49.801187', '11.031119')"
546,,49.84565,10.72639,Ampferbach,,C,yellow,,,Ortsteil,,Point(10.72639 49.84565),12.584,http://www.wikidata.org/entity/Q110879159,2.0,,https://de.wikipedia.org/wiki/Ampferbach,http://www.wikidata.org/entity/Q253019,,"('49.84565', '10.72639')"
548,,49.82506,10.77988,Unterneuses,,C,yellow,,,Ortsteil,,Point(10.77988 49.82506),10.655,http://www.wikidata.org/entity/Q110907742,2.0,,https://de.wikipedia.org/wiki/Unterneuses_(Burgebrach),http://www.wikidata.org/entity/Q253019,,"('49.82506', '10.77988')"
550,,49.8264449,10.7052759,Vollmannsdorf,,C,yellow,,,Ortsteil,,Point(10.7052759 49.8264449),14.896,http://www.wikidata.org/entity/Q115824821,2.0,,https://de.wikipedia.org/wiki/Vollmannsdorf_(Burgebrach),http://www.wikidata.org/entity/Q253019,,"('49.8264449', '10.7052759')"
554,,49.836333333333,11.046666666667,Friesener Warte gliding site,,C,yellow,,,glider airfield,,Point(11.046666666 49.836333333),12.999,http://www.wikidata.org/entity/Q119091507,2.0,,https://de.wikipedia.org/wiki/Segelfluggel%C3%A4nde_Friesener_Warte,http://www.wikidata.org/entity/Q2265915,,"('49.836333333333', '11.046666666667')"
555,,49.85879,10.90062,Q119982323,,C,yellow,,,protected forest,,Point(10.90062 49.85879),3.78,http://www.wikidata.org/entity/Q119982323,2.0,,https://de.wikipedia.org/wiki/Naturwald_Wolfsruhe,http://www.wikidata.org/entity/Q16966008,,"('49.85879', '10.90062')"
556,,49.85642,10.91858,Q119982990,,C,yellow,,,protected forest,,Point(10.91858 49.85642),4.525,http://www.wikidata.org/entity/Q119982990,2.0,,https://de.wikipedia.org/wiki/Naturwald_Wasserwand,http://www.wikidata.org/entity/Q16966008,,"('49.85642', '10.91858')"
557,,49.876144427109,10.87750850025,Q120514023,,C,yellow,,,church building,,Point(10.8775085 49.876144427),1.845,http://www.wikidata.org/entity/Q120514023,2.0,,https://de.wikipedia.org/wiki/St._Urban_(Bamberg),http://www.wikidata.org/entity/Q16970,,"('49.876144427109', '10.87750850025')"
558,,49.839444444444,10.780555555556,Burgebrach airfield,,C,yellow,,,German ultralight airfield,,Point(10.780555555 49.839444444),9.574,http://www.wikidata.org/entity/Q125581912,2.0,,https://de.wikipedia.org/wiki/Ultraleichtfluggel%C3%A4nde_Burgebrach,http://www.wikidata.org/entity/Q2477741,,"('49.839444444444', '10.780555555556')"
559,,49.930039,10.694193,Q130857926,,C,yellow,,,Ortsteil,,Point(10.694193 49.930039),14.442,http://www.wikidata.org/entity/Q130857926,2.0,,https://de.wikipedia.org/wiki/Lembach_(Eltmann),http://www.wikidata.org/entity/Q253019,,"('49.930039', '10.694193')"
560,,49.982138,10.769332,Q131842530,,C,yellow,,,Ortsteil,,Point(10.769332 49.982138),13.117,http://www.wikidata.org/entity/Q131842530,2.0,,https://de.wikipedia.org/wiki/Deusdorf,http://www.wikidata.org/entity/Q253019,,"('49.982138', '10.769332')"
561,,49.990937,10.7578715,Q131842653,,C,yellow,,,Ortsteil,,Point(10.7578715 49.990937),14.393,http://www.wikidata.org/entity/Q131842653,2.0,,https://de.wikipedia.org/wiki/Leppelsdorf,http://www.wikidata.org/entity/Q253019,,"('49.990937', '10.7578715')"
562,,49.968813,10.798348,Appendorf,,C,yellow,,,Ortsteil,,Point(10.798348 49.968813),10.669,http://www.wikidata.org/entity/Q131857999,2.0,,https://de.wikipedia.org/wiki/Appendorf_(Lauter),http://www.wikidata.org/entity/Q253019,,"('49.968813', '10.798348')"
563,,49.78833,10.78503,Q134125206,,C,yellow,,,architectural structure,,Point(10.78503 49.78833),13.608,http://www.wikidata.org/entity/Q134125206,2.0,,https://de.wikipedia.org/wiki/Karoline-Rheineck-Haus_(Neuendettelsau),http://www.wikidata.org/entity/Q811979,,"('49.78833', '10.78503')"
564,,49.87743,10.901808,Q135212881,,C,yellow,,,building,,Point(10.901808 49.87743),1.906,http://www.wikidata.org/entity/Q135212881,2.0,,https://de.wikipedia.org/wiki/Kurhalle_im_Luisenhain_Bamberg,http://www.wikidata.org/entity/Q41176,,"('49.87743', '10.901808')"
565,,49.883036,10.91702,Q135231211,,C,yellow,,,Ortsteil,,Point(10.91702 49.883036),2.362,http://www.wikidata.org/entity/Q135231211,2.0,,https://de.wikipedia.org/wiki/Gereuth_(Bamberg),http://www.wikidata.org/entity/Q253019,,"('49.883036', '10.91702')"
566,,50.0131,10.976,Q334013,,D,blue,,,church building,,Point(10.976 50.0131),14.939,http://www.wikidata.org/entity/Q334013,1.0,,https://de.wikipedia.org/wiki/Abtei_Maria_Frieden_(Kirchschletten),http://www.wikidata.org/entity/Q16970,,"('50.0131', '10.976')"
567,,49.9464,10.7253,Q1322872,,D,blue,,,Ortsteil,,Point(10.7253 49.9464),13.072,http://www.wikidata.org/entity/Q1322872,1.0,,https://de.wikipedia.org/wiki/Ro%C3%9Fstadt,http://www.wikidata.org/entity/Q253019,,"('49.9464', '10.7253')"
568,,49.9138,11.0317,Q1384957,,D,blue,,,sculpture trail,,Point(11.0317 49.9138),10.663,http://www.wikidata.org/entity/Q1384957,1.0,,https://de.wikipedia.org/wiki/Kunst-_und_Besinnungsweg,http://www.wikidata.org/entity/Q2293148,,"('49.9138', '11.0317')"
569,,49.902139,10.88757,Q1410032,,D,blue,,,firefighting museum,,Point(10.88757 49.902139),1.172,http://www.wikidata.org/entity/Q1410032,1.0,,https://de.wikipedia.org/wiki/Feuerwehrmuseum_(Bamberg),http://www.wikidata.org/entity/Q11786880,,"('49.902139', '10.88757')"
570,,49.898888888889,10.895805555556,Hotel National,,D,blue,,,business,,Point(10.895805555 49.898888888),1.033,http://www.wikidata.org/entity/Q1416672,1.0,,https://de.wikipedia.org/wiki/Hotel_National_(Bamberg),http://www.wikidata.org/entity/Q4830453,,"('49.898888888889', '10.895805555556')"
572,,49.8331,11.0453,Burgstall Friesener Warte,,D,blue,,,archaeological site,,Point(11.0453 49.8331),13.088,http://www.wikidata.org/entity/Q1015743,1.0,,https://de.wikipedia.org/wiki/Burgstall_Friesener_Warte,http://www.wikidata.org/entity/Q839954,,"('49.8331', '11.0453')"
574,,49.893056,10.886667,Museum für Büro- und Kommunikationsgeschichte,,D,blue,,,museum,,Point(10.886667 49.893056),0.162,http://www.wikidata.org/entity/Q1249029,1.0,,https://de.wikipedia.org/wiki/Museum_Kutz_%E2%80%93_Kommunikationstechnik_und_-geschichte,http://www.wikidata.org/entity/Q33506,,"('49.893056', '10.886667')"
575,,49.853798,10.703834,Niederndorf (Schönbrunn im Steigerwald),,D,blue,,,Ortsteil,,Point(10.703834 49.853798),13.772,http://www.wikidata.org/entity/Q15122859,1.0,,https://de.wikipedia.org/wiki/Niederndorf_(Sch%C3%B6nbrunn_im_Steigerwald),http://www.wikidata.org/entity/Q253019,,"('49.853798', '10.703834')"
576,,49.87036,10.782716,St. Lawrence (Walsdorf),,D,blue,,,church building,,Point(10.782716 49.87036),7.826,http://www.wikidata.org/entity/Q15129137,1.0,,https://de.wikipedia.org/wiki/St.-Laurentius-Kirche_(Walsdorf),http://www.wikidata.org/entity/Q16970,,"('49.87036', '10.782716')"
577,,49.89248,10.897858,Leibniz Institute for Educational Trajectories,,D,blue,,,research institute,,Point(10.897858 49.89248),0.795,http://www.wikidata.org/entity/Q15825520,1.0,,https://de.wikipedia.org/wiki/Leibniz-Institut_f%C3%BCr_Bildungsverl%C3%A4ufe,http://www.wikidata.org/entity/Q31855,,"('49.89248', '10.897858')"
578,,49.836753,10.711113,Ringwall Burgebrach,,D,blue,,,castle,,Point(10.711113 49.836753),13.994,http://www.wikidata.org/entity/Q15842504,1.0,,https://de.wikipedia.org/wiki/Ringwall_Burgebrach,http://www.wikidata.org/entity/Q23413,,"('49.836753', '10.711113')"
579,,49.871867,10.835985,Turmhügel Schlosshügel,,D,blue,,,archaeological site,,Point(10.835985 49.871867),4.254,http://www.wikidata.org/entity/Q15851726,1.0,,https://de.wikipedia.org/wiki/Turmh%C3%BCgel_Schlossh%C3%BCgel_(Seeh%C3%B6flein),http://www.wikidata.org/entity/Q839954,,"('49.871867', '10.835985')"
581,,49.777785,10.974331,Q15851727,,D,blue,,,archaeological site,,Point(10.974331 49.777785),14.125,http://www.wikidata.org/entity/Q15851727,1.0,,https://de.wikipedia.org/wiki/Turmh%C3%BCgel_Schl%C3%B6sslesh%C3%B6ppel,http://www.wikidata.org/entity/Q839954,,"('49.777785', '10.974331')"
583,,50.001393,10.967627,Burgstall Roth,,D,blue,,,castle,,Point(10.967627 50.001393),13.507,http://www.wikidata.org/entity/Q15856987,1.0,,https://de.wikipedia.org/wiki/Burgstall_Roth,http://www.wikidata.org/entity/Q23413,,"('50.001393', '10.967627')"
584,,49.841857,10.716659,Burgstall Windeck,,D,blue,,,archaeological site,,Point(10.716659 49.841857),13.393,http://www.wikidata.org/entity/Q15856991,1.0,,https://de.wikipedia.org/wiki/Burgstall_Windeck,http://www.wikidata.org/entity/Q839954,,"('49.841857', '10.716659')"
586,,49.9755611,11.03559,Q17310274,,D,blue,,,Local court (Germany),,Point(11.03559 49.9755611),14.159,http://www.wikidata.org/entity/Q17310274,1.0,,https://de.wikipedia.org/wiki/Amtsgericht_Sche%C3%9Flitz,http://www.wikidata.org/entity/Q480477,,"('49.9755611', '11.03559')"
587,,49.91655,10.86565,WOBLA,,D,blue,,,periodical,,Point(10.86565 49.91655),3.162,http://www.wikidata.org/entity/Q18335055,1.0,,https://de.wikipedia.org/wiki/WOBLA,http://www.wikidata.org/entity/Q1002697,,"('49.91655', '10.86565')"
588,,49.92737579,11.01866913,Q19258301,,D,blue,,,archaeological site,,Point(11.01866913 49.92737579),10.243,http://www.wikidata.org/entity/Q19258301,1.0,,https://de.wikipedia.org/wiki/Abschnittsbefestigung_Brandiger_Knock,http://www.wikidata.org/entity/Q839954,,"('49.92737579', '11.01866913')"
589,,49.81102753,10.81002903,Q19258312,,D,blue,,,archaeological site,,Point(10.81002903 49.81102753),10.517,http://www.wikidata.org/entity/Q19258312,1.0,,https://de.wikipedia.org/wiki/Abschnittsbefestigung_Schellenberg,http://www.wikidata.org/entity/Q839954,,"('49.81102753', '10.81002903')"
591,,49.8904,10.8886,Rosengarten Geyerswörth,,D,blue,,,park,,Point(10.8886 49.8904),0.184,http://www.wikidata.org/entity/Q2167110,1.0,,https://de.wikipedia.org/wiki/Rosengarten_Geyersw%C3%B6rth,http://www.wikidata.org/entity/Q22698,,"('49.8904', '10.8886')"
592,,49.7858,10.9561,Rothensand,,D,blue,,,Ortsteil,,Point(10.9561 49.7858),12.77,http://www.wikidata.org/entity/Q2168695,1.0,,https://de.wikipedia.org/wiki/Rothensand,http://www.wikidata.org/entity/Q253019,,"('49.7858', '10.9561')"
593,,49.9211,10.7422,Stückbrunn,,D,blue,,,Ortsteil,,Point(10.7422 49.9211),10.865,http://www.wikidata.org/entity/Q2360926,1.0,,https://de.wikipedia.org/wiki/St%C3%BCckbrunn,http://www.wikidata.org/entity/Q253019,,"('49.9211', '10.7422')"
594,,49.894252,10.890148,Kaufhaus Honer,,D,blue,,,department store,,Point(10.890148 49.894252),0.378,http://www.wikidata.org/entity/Q1512589,1.0,,https://de.wikipedia.org/wiki/Kaufhaus_Honer,http://www.wikidata.org/entity/Q216107,,"('49.894252', '10.890148')"
595,,49.8742,10.7039,Grub (Schönbrunn im Steigerwald),,D,blue,,,Ortsteil,,Point(10.7039 49.8742),13.249,http://www.wikidata.org/entity/Q1549825,1.0,,https://de.wikipedia.org/wiki/Grub_im_Steigerwald,http://www.wikidata.org/entity/Q253019,,"('49.8742', '10.7039')"
596,,49.95,11.05,Pünzendorf,,D,blue,,,Ortsteil,,Point(11.05 49.95),13.363,http://www.wikidata.org/entity/Q1563679,1.0,,https://de.wikipedia.org/wiki/P%C3%BCnzendorf,http://www.wikidata.org/entity/Q253019,,"('49.95', '11.05')"
598,,49.9792,10.9408,Hohengüßbach,,D,blue,,,Ortsteil,,Point(10.9408 49.9792),10.477,http://www.wikidata.org/entity/Q1623716,1.0,,https://de.wikipedia.org/wiki/Hoheng%C3%BC%C3%9Fbach,http://www.wikidata.org/entity/Q253019,,"('49.9792', '10.9408')"
599,,49.8907,10.8891,Stadtbad Bamberg,,D,blue,,,building,,Point(10.8891 49.8907),0.19,http://www.wikidata.org/entity/Q1695662,1.0,,https://de.wikipedia.org/wiki/Stadtbad_Bamberg,http://www.wikidata.org/entity/Q41176,,"('49.8907', '10.8891')"
604,,49.89082336,10.88823318,Badeanstalt Bamberg,,D,blue,,,architectural structure,,Point(10.88823318 49.89082336),0.132,http://www.wikidata.org/entity/Q798853,1.0,,https://de.wikipedia.org/wiki/Badeanstalt_Bamberg,http://www.wikidata.org/entity/Q811979,,"('49.89082336', '10.88823318')"
605,,49.8923,10.883,Q805947,,D,blue,,,museum,,Point(10.883 49.8923),0.286,http://www.wikidata.org/entity/Q805947,1.0,,https://de.wikipedia.org/wiki/Bamberger_Krippenmuseum,http://www.wikidata.org/entity/Q33506,,"('49.8923', '10.883')"
606,,49.908,10.869793,Bamberg port,,D,blue,,,inland port,,Point(10.869793 49.908),2.194,http://www.wikidata.org/entity/Q812494,1.0,,https://de.wikipedia.org/wiki/Hafen_Bamberg,http://www.wikidata.org/entity/Q863915,,"('49.908', '10.869793')"
607,,49.79116149096,11.000638106009,Kirche,,D,blue,,,church building,,Point(11.000638106 49.79116149),13.831,http://www.wikidata.org/entity/Q41376095,1.0,,https://de.wikipedia.org/wiki/St._Sigismund_(Seu%C3%9Fling),http://www.wikidata.org/entity/Q16970,,"('49.79116149096', '11.000638106009')"
608,,49.8921,10.8913,Q606487,,D,blue,,,religious community,,Point(10.8913 49.8921),0.324,http://www.wikidata.org/entity/Q606487,1.0,,https://de.wikipedia.org/wiki/Antoniterkloster_Bamberg,http://www.wikidata.org/entity/Q2742167,,"('49.8921', '10.8913')"
610,,49.888664311111,10.8854551,Apfelweibla,,D,blue,,,door knob,,Point(10.8854551 49.888664311),0.342,http://www.wikidata.org/entity/Q618385,1.0,,https://de.wikipedia.org/wiki/Apfelweibla,http://www.wikidata.org/entity/Q16039919,,"('49.888664311111', '10.8854551')"
611,,49.894305555556,10.8935,Arbeitsgericht Bamberg,,D,blue,,,labor court,,Point(10.8935 49.894305555),0.563,http://www.wikidata.org/entity/Q627723,1.0,,https://de.wikipedia.org/wiki/Arbeitsgericht_Bamberg,http://www.wikidata.org/entity/Q3250652,,"('49.894305555556', '10.8935')"
612,,49.8889,10.891,Q1744457,,D,blue,,,religious community,,Point(10.891 49.8889),0.423,http://www.wikidata.org/entity/Q1744457,1.0,,https://de.wikipedia.org/wiki/Klarissenkloster_Bamberg,http://www.wikidata.org/entity/Q2742167,,"('49.8889', '10.891')"
614,,49.7911,10.9103,Q1747126,,D,blue,,,religious community,,Point(10.9103 49.7911),11.301,http://www.wikidata.org/entity/Q1747126,1.0,,https://de.wikipedia.org/wiki/Kloster_Schl%C3%BCsselau,http://www.wikidata.org/entity/Q2742167,,"('49.7911', '10.9103')"
616,,49.8953,10.8864,Q1775584,,D,blue,,,religious community,,Point(10.8864 49.8953),0.412,http://www.wikidata.org/entity/Q1775584,1.0,,https://de.wikipedia.org/wiki/Kloster_Maria_Himmelfahrt_(Bamberg),http://www.wikidata.org/entity/Q2742167,,"('49.8953', '10.8864')"
618,,49.8846,10.8826,Kloster in der Au (Bamberg),,D,blue,,,religious community,,Point(10.8826 49.8846),0.836,http://www.wikidata.org/entity/Q1776332,1.0,,https://de.wikipedia.org/wiki/Kloster_in_der_Au_(Bamberg),http://www.wikidata.org/entity/Q2742167,,"('49.8846', '10.8826')"
620,,49.8597,10.8229,Hartlanden,,D,blue,,,Ortsteil,,Point(10.8229 49.8597),5.795,http://www.wikidata.org/entity/Q2712986,1.0,,https://de.wikipedia.org/wiki/Hartlanden,http://www.wikidata.org/entity/Q253019,,"('49.8597', '10.8229')"
621,,49.874227,10.719885,Frenshof,,D,blue,,,Ortsteil,,Point(10.719885 49.874227),12.117,http://www.wikidata.org/entity/Q15056202,1.0,,https://de.wikipedia.org/wiki/Frenshof,http://www.wikidata.org/entity/Q253019,,"('49.874227', '10.719885')"
622,,49.877207,10.764646,Zettelsdorf,,D,blue,,,Ortsteil,,Point(10.764646 49.877207),8.9,http://www.wikidata.org/entity/Q15062119,1.0,,https://de.wikipedia.org/wiki/Zettelsdorf,http://www.wikidata.org/entity/Q253019,,"('49.877207', '10.764646')"
623,,49.837177,11.069753,Q15106203,,D,blue,,,archaeological site,,Point(11.069753 49.837177),14.439,http://www.wikidata.org/entity/Q15106203,1.0,,https://de.wikipedia.org/wiki/Abschnittsbefestigung_Dragonerspitz,http://www.wikidata.org/entity/Q839954,,"('49.837177', '11.069753')"
625,,49.7993732,11.0121219,Schallerschloss,,D,blue,,,archaeological site,,Point(11.0121219 49.7993732),13.633,http://www.wikidata.org/entity/Q19964365,1.0,,https://de.wikipedia.org/wiki/Schallerschloss,http://www.wikidata.org/entity/Q839954,,"('49.7993732', '11.0121219')"
626,,49.859444444444,10.829722222222,Dellerhof,,D,blue,,,Ortsteil,,Point(10.829722222 49.859444444),5.435,http://www.wikidata.org/entity/Q63248819,1.0,,https://de.wikipedia.org/wiki/Dellerhof,http://www.wikidata.org/entity/Q253019,,"('49.859444444444', '10.829722222222')"
627,,49.871944444444,10.835,Seehöflein,,D,blue,,,Ortsteil,,Point(10.835 49.871944444),4.31,http://www.wikidata.org/entity/Q63256203,1.0,,https://de.wikipedia.org/wiki/Seeh%C3%B6flein,http://www.wikidata.org/entity/Q253019,,"('49.871944444444', '10.835')"
628,,49.860555555556,10.835277777778,Dellern,,D,blue,,,Ortsteil,,Point(10.835277777 49.860555555),5.057,http://www.wikidata.org/entity/Q63265291,1.0,,https://de.wikipedia.org/wiki/Dellern_(Stegaurach),http://www.wikidata.org/entity/Q253019,,"('49.860555555556', '10.835277777778')"
629,,49.8525,10.864722222222,Knottenhof,,D,blue,,,Ortsteil,,Point(10.864722222 49.8525),4.628,http://www.wikidata.org/entity/Q63265392,1.0,,https://de.wikipedia.org/wiki/Knottenhof_(Stegaurach),http://www.wikidata.org/entity/Q253019,,"('49.8525', '10.864722222222')"
630,,49.90857,10.88237,OEKA TECH Automotive,,D,blue,,,enterprise,,Point(10.88237 49.90857),1.913,http://www.wikidata.org/entity/Q65179970,1.0,,https://de.wikipedia.org/wiki/OEKA_TECH_Automotive,http://www.wikidata.org/entity/Q6881511,,"('49.90857', '10.88237')"
631,,49.766388888889,10.879722222222,Fallmeisterei,,D,blue,,,Ortsteil,,Point(10.879722222 49.766388888),13.932,http://www.wikidata.org/entity/Q71028872,1.0,,https://de.wikipedia.org/wiki/Fallmeisterei_(H%C3%B6chstadt_an_der_Aisch),http://www.wikidata.org/entity/Q253019,,"('49.766388888889', '10.879722222222')"
633,,49.777777777778,10.848333333333,Wind,,D,blue,,,Ortsteil,,Point(10.848333333 49.777777777),12.954,http://www.wikidata.org/entity/Q72058426,1.0,,https://de.wikipedia.org/wiki/Wind_(Pommersfelden),http://www.wikidata.org/entity/Q253019,,"('49.777777777778', '10.848333333333')"
634,,49.784166666667,10.785833333333,Unterköst,,D,blue,,,Ortsteil,,Point(10.785833333 49.784166666),13.971,http://www.wikidata.org/entity/Q72113657,1.0,,https://de.wikipedia.org/wiki/Unterk%C3%B6st,http://www.wikidata.org/entity/Q253019,,"('49.784166666667', '10.785833333333')"
635,,49.785277777778,10.822222222222,Weiher,,D,blue,,,Ortsteil,,Point(10.822222222 49.785277777),12.698,http://www.wikidata.org/entity/Q72113885,1.0,,https://de.wikipedia.org/wiki/Weiher_(Pommersfelden),http://www.wikidata.org/entity/Q253019,,"('49.785277777778', '10.822222222222')"
636,,49.763888888889,10.842777777778,Q72201453,,D,blue,,,Ortsteil,,Point(10.842777777 49.763888888),14.548,http://www.wikidata.org/entity/Q72201453,1.0,,https://de.wikipedia.org/wiki/Weichhaus_(Pommersfelden),http://www.wikidata.org/entity/Q253019,,"('49.763888888889', '10.842777777778')"
637,,49.897222222222,10.747222222222,Triefenbach,,D,blue,,,Ortsteil,,Point(10.747222222 49.897222222),10.021,http://www.wikidata.org/entity/Q94322455,1.0,,https://de.wikipedia.org/wiki/Triefenbach_(Lisberg),http://www.wikidata.org/entity/Q253019,,"('49.897222222222', '10.747222222222')"
638,,49.92425,10.91108,Q135267508,,D,blue,,,suburb,,Point(10.91108 49.92425),4.023,http://www.wikidata.org/entity/Q135267508,1.0,,https://de.wikipedia.org/wiki/Kramersfeld,http://www.wikidata.org/entity/Q188509,,"('49.92425', '10.91108')"
639,,49.92636,10.91553,Q135267952,,D,blue,,,suburb,,Point(10.91553 49.92636),4.376,http://www.wikidata.org/entity/Q135267952,1.0,,https://de.wikipedia.org/wiki/Hirschknock,http://www.wikidata.org/entity/Q188509,,"('49.92636', '10.91553')"
640,,49.8888,10.8796,Q135296577,,D,blue,,,suburb,,Point(10.8796 49.8888),0.606,http://www.wikidata.org/entity/Q135296577,1.0,,https://de.wikipedia.org/wiki/Berggebiet_(Bamberg),http://www.wikidata.org/entity/Q188509,,"('49.8888', '10.8796')"
641,,49.8,11.0167,Battle of Altendorf,,D,blue,,,battle,,Point(11.0167 49.8),13.8,http://www.wikidata.org/entity/Q2887824,1.0,,,http://www.wikidata.org/entity/Q178561,,"('49.8', '11.0167')"
642,,49.818571770967,10.995028261068,Q7301364,,D,blue,,,Realschule,,Point(10.995028261 49.81857177),11.229,http://www.wikidata.org/entity/Q7301364,1.0,,,http://www.wikidata.org/entity/Q667471,https://en.wikipedia.org/wiki/Realschule_Hirschaid,"('49.818571770967', '10.995028261068')"
643,,49.8818,10.7029,Katzenberg,,D,blue,,,hill,,Point(10.7029 49.8818),13.223,http://www.wikidata.org/entity/Q30625996,1.0,,,http://www.wikidata.org/entity/Q54050,,"('49.8818', '10.7029')"
644,,49.86667,11.05,Katzenberg,,D,blue,,,hill,,Point(11.05 49.86667),12.014,http://www.wikidata.org/entity/Q30626087,1.0,,,http://www.wikidata.org/entity/Q54050,,"('49.86667', '11.05')"
645,,49.93105,11.07616,Hummelberg,,D,blue,,,hill,,Point(11.07616 49.93105),14.247,http://www.wikidata.org/entity/Q30664137,1.0,,,http://www.wikidata.org/entity/Q54050,,"('49.93105', '11.07616')"
646,,50.02085,10.85389,Grehberg,,D,blue,,,ridge,,Point(10.85389 50.02085),14.563,http://www.wikidata.org/entity/Q30666927,1.0,,,http://www.wikidata.org/entity/Q740445,,"('50.02085', '10.85389')"
647,,49.8375,10.741666666667,Goldberg,,D,blue,,,hill,,Point(10.741666666 49.8375),12.019,http://www.wikidata.org/entity/Q30676136,1.0,,,http://www.wikidata.org/entity/Q54050,,"('49.8375', '10.741666666667')"
648,,49.927222222222,11.054444444444,Gänsberg,,D,blue,,,hill,,Point(11.054444444 49.927222222),12.637,http://www.wikidata.org/entity/Q30709745,1.0,,,http://www.wikidata.org/entity/Q54050,,"('49.927222222222', '11.054444444444')"
649,,49.9,10.766666666667,Hochberg,,D,blue,,,hill,,Point(10.766666666 49.9),8.659,http://www.wikidata.org/entity/Q30725798,1.0,,,http://www.wikidata.org/entity/Q54050,,"('49.9', '10.766666666667')"
650,,49.8692,10.7383,Eyerberg,,D,blue,,,hill,,Point(10.7383 49.8692),10.931,http://www.wikidata.org/entity/Q30761999,1.0,,,http://www.wikidata.org/entity/Q54050,,"('49.8692', '10.7383')"
651,,49.83333,10.8,Eierberg,,D,blue,,,hill,,Point(10.8 49.83333),8.985,http://www.wikidata.org/entity/Q30781726,1.0,,,http://www.wikidata.org/entity/Q54050,,"('49.83333', '10.8')"
652,,49.895833333333,10.757777777778,Eichelsberg,,D,blue,,,hill,,Point(10.757777777 49.895833333),9.257,http://www.wikidata.org/entity/Q30784104,1.0,,,http://www.wikidata.org/entity/Q54050,,"('49.895833333333', '10.757777777778')"
653,,49.81,10.7291,Eichelberg,,D,blue,,,hill,,Point(10.7291 49.81),14.499,http://www.wikidata.org/entity/Q30784983,1.0,,,http://www.wikidata.org/entity/Q54050,,"('49.81', '10.7291')"
654,,49.83333,11.05,Buchenberg,,D,blue,,,hill,,Point(11.05 49.83333),13.369,http://www.wikidata.org/entity/Q30815205,1.0,,,http://www.wikidata.org/entity/Q54050,,"('49.83333', '11.05')"
655,,49.87,10.729166666667,Türkenrangen,,D,blue,,,hill,,Point(10.729166666 49.87),11.55,http://www.wikidata.org/entity/Q31296618,1.0,,,http://www.wikidata.org/entity/Q54050,,"('49.87', '10.729166666667')"
656,,49.883333333333,10.733333333333,Steinhügel,,D,blue,,,hill,,Point(10.733333333 49.883333333),11.036,http://www.wikidata.org/entity/Q31306599,1.0,,,http://www.wikidata.org/entity/Q54050,,"('49.883333333333', '10.733333333333')"
657,,49.865,10.8642,Mittelberg,,D,blue,,,hill,,Point(10.8642 49.865),3.374,http://www.wikidata.org/entity/Q31306860,1.0,,,http://www.wikidata.org/entity/Q54050,,"('49.865', '10.8642')"
658,,49.9,10.733333333333,Steinbühl,,D,blue,,,hill,,Point(10.733333333 49.9),11.035,http://www.wikidata.org/entity/Q31307468,1.0,,,http://www.wikidata.org/entity/Q54050,,"('49.9', '10.733333333333')"
659,,49.80101,10.96215,Steinbühl,,D,blue,,,hill,,Point(10.96215 49.80101),11.429,http://www.wikidata.org/entity/Q31307493,1.0,,,http://www.wikidata.org/entity/Q54050,,"('49.80101', '10.96215')"
660,,49.8102,10.9152,Main Berg,,D,blue,,,hill,,Point(10.9152 49.8102),9.277,http://www.wikidata.org/entity/Q31310036,1.0,,,http://www.wikidata.org/entity/Q54050,,"('49.8102', '10.9152')"
661,,49.80989,10.83908,Lerchen-Berg,,D,blue,,,hill,,Point(10.83908 49.80989),9.71,http://www.wikidata.org/entity/Q31317099,1.0,,,http://www.wikidata.org/entity/Q54050,,"('49.80989', '10.83908')"
662,,49.786388888889,10.992222222222,Lauberg,,D,blue,,,hill,,Point(10.992222222 49.786388888),13.927,http://www.wikidata.org/entity/Q31319734,1.0,,,http://www.wikidata.org/entity/Q54050,,"('49.786388888889', '10.992222222222')"
663,,49.9604,10.7527,Kunkelsbühl,,D,blue,,,hill,,Point(10.7527 49.9604),12.277,http://www.wikidata.org/entity/Q31324335,1.0,,,http://www.wikidata.org/entity/Q54050,,"('49.9604', '10.7527')"
664,,49.9417,10.8562,Kreuzberg,,D,blue,,,hill,,Point(10.8562 49.9417),5.987,http://www.wikidata.org/entity/Q31329302,1.0,,,http://www.wikidata.org/entity/Q54050,,"('49.9417', '10.8562')"
665,,49.92625,11.03757,Schammelsberg,,D,blue,,,hill,,Point(11.03757 49.92625),11.46,http://www.wikidata.org/entity/Q31334615,1.0,,,http://www.wikidata.org/entity/Q54050,,"('49.92625', '11.03757')"
666,,49.81062,10.81599,Schallenberg,,D,blue,,,hill,,Point(10.81599 49.81062),10.339,http://www.wikidata.org/entity/Q31334678,1.0,,,http://www.wikidata.org/entity/Q54050,,"('49.81062', '10.81599')"
667,,49.915,10.7283,Kohlberg,,D,blue,,,hill,,Point(10.7283 49.915),11.649,http://www.wikidata.org/entity/Q31335852,1.0,,,http://www.wikidata.org/entity/Q54050,,"('49.915', '10.7283')"
668,,49.94592,10.77123,Sauknock,,D,blue,,,hill,,Point(10.77123 49.94592),10.246,http://www.wikidata.org/entity/Q31336408,1.0,,,http://www.wikidata.org/entity/Q54050,,"('49.94592', '10.77123')"
669,,49.93333,11.05,Salz-Knock,,D,blue,,,hill,,Point(11.05 49.93333),12.569,http://www.wikidata.org/entity/Q31338979,1.0,,,http://www.wikidata.org/entity/Q54050,,"('49.93333', '11.05')"
670,,49.99174,10.79184,Kleine Kufe,,D,blue,,,mountain,,Point(10.79184 49.99174),13.046,http://www.wikidata.org/entity/Q31345570,1.0,,,http://www.wikidata.org/entity/Q8502,,"('49.99174', '10.79184')"
671,,49.761388888889,10.921111111111,Rittersberg,,D,blue,,,hill,,Point(10.921111111 49.761388888),14.686,http://www.wikidata.org/entity/Q31356478,1.0,,,http://www.wikidata.org/entity/Q54050,,"('49.761388888889', '10.921111111111')"
672,,49.90934,11.0689,Stockenberg,,D,blue,,,mountain,,Point(11.0689 49.90934),13.187,http://www.wikidata.org/entity/Q31518498,1.0,,,http://www.wikidata.org/entity/Q8502,,"('49.90934', '11.0689')"
673,,49.93208,11.05044,Stammberg,,D,blue,,,mountain,,Point(11.05044 49.93208),12.548,http://www.wikidata.org/entity/Q31519688,1.0,,,http://www.wikidata.org/entity/Q8502,,"('49.93208', '11.05044')"
674,,49.88617,11.02856,Schloßberg,,D,blue,,,mountain,,Point(11.02856 49.88617),10.17,http://www.wikidata.org/entity/Q31522689,1.0,,,http://www.wikidata.org/entity/Q8502,,"('49.88617', '11.02856')"
675,,49.95492,11.05053,Schlossberg,,D,blue,,,mountain,,Point(11.05053 49.95492),13.67,http://www.wikidata.org/entity/Q31564115,1.0,,,http://www.wikidata.org/entity/Q8502,,"('49.95492', '11.05053')"
676,,49.869722222222,10.750555555556,Achatzwald,,D,blue,,,forest,,Point(10.750555555 49.869722222),10.064,http://www.wikidata.org/entity/Q31869030,1.0,,,http://www.wikidata.org/entity/Q4421,,"('49.869722222222', '10.750555555556')"
677,,49.985919444444,10.851788888889,Baunach,,D,blue,,,Ortsteil,,Point(10.851788888 49.985919444),10.783,http://www.wikidata.org/entity/Q31906924,1.0,,,http://www.wikidata.org/entity/Q253019,,"('49.985919444444', '10.851788888889')"
678,,49.91087,10.83212,Bischberg,,D,blue,,,municipality seat,,Point(10.83212 49.91087),4.467,http://www.wikidata.org/entity/Q31914454,1.0,,,http://www.wikidata.org/entity/Q15303838,,"('49.91087', '10.83212')"
679,,49.903333333333,11.059166666667,Brandholz,,D,blue,,,forest,,Point(11.059166666 49.903333333),12.411,http://www.wikidata.org/entity/Q31920201,1.0,,,http://www.wikidata.org/entity/Q4421,,"('49.903333333333', '11.059166666667')"
680,,49.85732,10.90842,Bruder-Wald,,D,blue,,,forest,,Point(10.90842 49.85732),4.114,http://www.wikidata.org/entity/Q31923031,1.0,,,http://www.wikidata.org/entity/Q4421,,"('49.85732', '10.90842')"
681,,49.866666666667,10.683333333333,Buchrangen,,D,blue,,,forest,,Point(10.683333333 49.866666666),14.843,http://www.wikidata.org/entity/Q31924360,1.0,,,http://www.wikidata.org/entity/Q4421,,"('49.866666666667', '10.683333333333')"
682,,49.958888888889,11.038333333333,Burgholz,,D,blue,,,forest,,Point(11.038333333 49.958888888),13.174,http://www.wikidata.org/entity/Q31925781,1.0,,,http://www.wikidata.org/entity/Q4421,,"('49.958888888889', '11.038333333333')"
683,,49.855833333333,11.046111111111,Eichwald,,D,blue,,,forest,,Point(11.046111111 49.855833333),12.086,http://www.wikidata.org/entity/Q31986780,1.0,,,http://www.wikidata.org/entity/Q4421,,"('49.855833333333', '11.046111111111')"
684,,49.8125,10.728333333333,Espan,,D,blue,,,forest,,Point(10.728333333 49.8125),14.37,http://www.wikidata.org/entity/Q31999508,1.0,,,http://www.wikidata.org/entity/Q4421,,"('49.8125', '10.728333333333')"
685,,49.8,10.85,Grub-Holz,,D,blue,,,forest,,Point(10.85 49.8),10.523,http://www.wikidata.org/entity/Q32046097,1.0,,,http://www.wikidata.org/entity/Q4421,,"('49.8', '10.85')"
687,,49.838333333333,10.696666666667,Hahn,,D,blue,,,forest,,Point(10.696666666 49.838333333),14.862,http://www.wikidata.org/entity/Q32050426,1.0,,,http://www.wikidata.org/entity/Q4421,,"('49.838333333333', '10.696666666667')"
688,,49.908055555556,11.030833333333,Hahn,,D,blue,,,forest,,Point(11.030833333 49.908055555),10.473,http://www.wikidata.org/entity/Q32050429,1.0,,,http://www.wikidata.org/entity/Q4421,,"('49.908055555556', '11.030833333333')"
689,,49.95,10.816666666667,Hanazer Holz,,D,blue,,,forest,,Point(10.816666666 49.95),8.21,http://www.wikidata.org/entity/Q32051994,1.0,,,http://www.wikidata.org/entity/Q4421,,"('49.95', '10.816666666667')"
690,,49.95,10.7,Hannwald,,D,blue,,,forest,,Point(10.7 49.95),14.869,http://www.wikidata.org/entity/Q32052223,1.0,,,http://www.wikidata.org/entity/Q4421,,"('49.95', '10.7')"
691,,49.887777777778,10.960277777778,Hauptsmoor-Wald,,D,blue,,,forest,,Point(10.960277777 49.887777777),5.277,http://www.wikidata.org/entity/Q32054204,1.0,,,http://www.wikidata.org/entity/Q4421,,"('49.887777777778', '10.960277777778')"
692,,49.8,10.816666666667,Im Hundsgraben,,D,blue,,,forest,,Point(10.816666666 49.8),11.361,http://www.wikidata.org/entity/Q32062272,1.0,,,http://www.wikidata.org/entity/Q4421,,"('49.8', '10.816666666667')"
693,,49.8,10.833333333333,Jesuiten-Holz,,D,blue,,,forest,,Point(10.833333333 49.8),10.884,http://www.wikidata.org/entity/Q32063140,1.0,,,http://www.wikidata.org/entity/Q4421,,"('49.8', '10.833333333333')"
694,,49.95486,10.87784,Kemmern,,D,blue,,,municipality seat,,Point(10.87784 49.95486),7.063,http://www.wikidata.org/entity/Q32064593,1.0,,,http://www.wikidata.org/entity/Q15303838,,"('49.95486', '10.87784')"
695,,49.861111111111,10.985,Krechel-Holz,,D,blue,,,forest,,Point(10.985 49.861111111),7.808,http://www.wikidata.org/entity/Q32067843,1.0,,,http://www.wikidata.org/entity/Q4421,,"('49.861111111111', '10.985')"
696,,49.966669444444,10.783330555556,Lauter,,D,blue,,,municipality seat,,Point(10.783330555 49.966669444),11.161,http://www.wikidata.org/entity/Q32089783,1.0,,,http://www.wikidata.org/entity/Q15303838,,"('49.966669444444', '10.783330555556')"
697,,49.781388888889,10.900555555556,Leimenhardt,,D,blue,,,forest,,Point(10.900555555 49.781388888),12.294,http://www.wikidata.org/entity/Q32092131,1.0,,,http://www.wikidata.org/entity/Q4421,,"('49.781388888889', '10.900555555556')"
698,,49.842222222222,11.005833333333,Lichtholz,,D,blue,,,forest,,Point(11.005833333 49.842222222),10.142,http://www.wikidata.org/entity/Q32095138,1.0,,,http://www.wikidata.org/entity/Q4421,,"('49.842222222222', '11.005833333333')"
699,,49.888333333333,10.8475,Michaelsberger Wald,,D,blue,,,forest,,Point(10.8475 49.888333333),2.842,http://www.wikidata.org/entity/Q32133710,1.0,,,http://www.wikidata.org/entity/Q4421,,"('49.888333333333', '10.8475')"
700,,49.97096,10.94524,Oberes Revier-Holz,,D,blue,,,forest,,Point(10.94524 49.97096),9.763,http://www.wikidata.org/entity/Q32200313,1.0,,,http://www.wikidata.org/entity/Q4421,,"('49.97096', '10.94524')"
701,,49.933333333333,11.0,Schandlohe,,D,blue,,,forest,,Point(11.0 49.933333333),9.336,http://www.wikidata.org/entity/Q32282163,1.0,,,http://www.wikidata.org/entity/Q4421,,"('49.933333333333', '11.0')"
702,,49.833333333333,10.7,Schwarzholz,,D,blue,,,forest,,Point(10.7 49.833333333),14.877,http://www.wikidata.org/entity/Q32292337,1.0,,,http://www.wikidata.org/entity/Q4421,,"('49.833333333333', '10.7')"
703,,49.895,10.989166666667,Brunngraben,,D,blue,,,river,,Point(10.989166666 49.895),7.339,http://www.wikidata.org/entity/Q32538962,1.0,,,http://www.wikidata.org/entity/Q4022,,"('49.895', '10.989166666667')"
704,,49.94814,10.87907,Bösen-Graben,,D,blue,,,river,,Point(10.87907 49.94814),6.311,http://www.wikidata.org/entity/Q32568735,1.0,,,http://www.wikidata.org/entity/Q4022,,"('49.94814', '10.87907')"
705,,49.951361111111,10.825519444444,Mönchsweiher,,D,blue,,,lake,,Point(10.825519444 49.951361111),7.964,http://www.wikidata.org/entity/Q32662278,1.0,,,http://www.wikidata.org/entity/Q23397,,"('49.951361111111', '10.825519444444')"
706,,49.783333333333,10.933333333333,Eggertengraben,,D,blue,,,river,,Point(10.933333333 49.783333333),12.492,http://www.wikidata.org/entity/Q32750334,1.0,,,http://www.wikidata.org/entity/Q4022,,"('49.783333333333', '10.933333333333')"
707,,49.910277777778,11.003888888889,Ellernbach,,D,blue,,,river,,Point(11.003888888 49.910277777),8.636,http://www.wikidata.org/entity/Q32750682,1.0,,,http://www.wikidata.org/entity/Q4022,,"('49.910277777778', '11.003888888889')"
708,,49.824722222222,11.0175,Friesener Graben,,D,blue,,,river,,Point(11.0175 49.824722222),11.959,http://www.wikidata.org/entity/Q32752726,1.0,,,http://www.wikidata.org/entity/Q4022,,"('49.824722222222', '11.0175')"
709,,49.855,10.988611111111,Geisfelder Bach,,D,blue,,,river,,Point(10.988611111 49.855),8.351,http://www.wikidata.org/entity/Q32765432,1.0,,,http://www.wikidata.org/entity/Q4022,,"('49.855', '10.988611111111')"
710,,50.0,10.96667,Erplich-Hölzer,,D,blue,,,forest,,Point(10.96667 50.0),13.337,http://www.wikidata.org/entity/Q33375156,1.0,,,http://www.wikidata.org/entity/Q4421,,"('50.0', '10.96667')"
711,,49.85,10.816666666667,Mönchstanne,,D,blue,,,forest,,Point(10.816666666 49.85),6.833,http://www.wikidata.org/entity/Q33391626,1.0,,,http://www.wikidata.org/entity/Q4421,,"('49.85', '10.816666666667')"
712,,49.855555555556,10.8025,Spitalholz,,D,blue,,,forest,,Point(10.8025 49.855555555),7.253,http://www.wikidata.org/entity/Q33399746,1.0,,,http://www.wikidata.org/entity/Q4421,,"('49.855555555556', '10.8025')"
713,,49.892222222222,10.793333333333,Weipelsdorfer Wald,,D,blue,,,forest,,Point(10.793333333 49.892222222),6.699,http://www.wikidata.org/entity/Q33414078,1.0,,,http://www.wikidata.org/entity/Q4421,,"('49.892222222222', '10.793333333333')"
714,,49.89242,10.98687,Weiden-Graben,,D,blue,,,river,,Point(10.98687 49.89242),7.165,http://www.wikidata.org/entity/Q34851856,1.0,,,http://www.wikidata.org/entity/Q4022,,"('49.89242', '10.98687')"
715,,49.979722222222,11.038055555556,Würgauer Bach,,D,blue,,,river,,Point(11.038055555 49.979722222),14.598,http://www.wikidata.org/entity/Q34941430,1.0,,,http://www.wikidata.org/entity/Q4022,,"('49.979722222222', '11.038055555556')"
716,,49.86,10.955833333333,Stein-Bach,,D,blue,,,stream,,Point(10.955833333 49.86),6.065,http://www.wikidata.org/entity/Q35377696,1.0,,,http://www.wikidata.org/entity/Q47521,,"('49.86', '10.955833333333')"
717,,49.84195,10.94044,Strullendorfer Bach,,D,blue,,,stream,,Point(10.94044 49.84195),6.726,http://www.wikidata.org/entity/Q35426095,1.0,,,http://www.wikidata.org/entity/Q47521,,"('49.84195', '10.94044')"
718,,49.9301,10.89471,Stöckigt-Bach,,D,blue,,,stream,,Point(10.89471 49.9301),4.317,http://www.wikidata.org/entity/Q35434130,1.0,,,http://www.wikidata.org/entity/Q47521,,"('49.9301', '10.89471')"
719,,49.884444444444,11.0325,Gänsbrunnen,,D,blue,,,spring,,Point(11.0325 49.884444444),10.465,http://www.wikidata.org/entity/Q35459974,1.0,,,http://www.wikidata.org/entity/Q124714,,"('49.884444444444', '11.0325')"
720,,49.894468957108,10.903268176545,Tropfhaus,,D,blue,,,house,,Point(10.903268176 49.894468957),1.219,http://www.wikidata.org/entity/Q41174184,1.0,,,http://www.wikidata.org/entity/Q3947,,"('49.894468957108', '10.903268176545')"
721,,49.904981575635,10.713830864789,Bildstock,,D,blue,,,cultural heritage ensemble,,Point(10.713830864 49.904981575),12.481,http://www.wikidata.org/entity/Q41237304,1.0,,,http://www.wikidata.org/entity/Q1516079,,"('49.904981575635', '10.713830864789')"
722,,49.90591,10.71374,Bauernhaus,,D,blue,,,house,,Point(10.71374 49.90591),12.5,http://www.wikidata.org/entity/Q41237311,1.0,,,http://www.wikidata.org/entity/Q3947,,"('49.90591', '10.71374')"
723,,49.90662,10.71111,Baudenkmal,,D,blue,,,clergy house,,Point(10.71111 49.90662),12.697,http://www.wikidata.org/entity/Q41237308,1.0,,,http://www.wikidata.org/entity/Q607241,,"('49.90662', '10.71111')"
724,,49.90682,10.71111,Kirche,,D,blue,,,church building,,Point(10.71111 49.90682),12.7,http://www.wikidata.org/entity/Q41237314,1.0,,,http://www.wikidata.org/entity/Q16970,,"('49.90682', '10.71111')"
725,,49.9575,10.71373,Filialkirche,,D,blue,,,church building,,Point(10.71373 49.9575),14.396,http://www.wikidata.org/entity/Q41322673,1.0,,,http://www.wikidata.org/entity/Q16970,,"('49.9575', '10.71373')"
726,,49.92802,10.68948,Jagdgrenzsteine,,D,blue,,,boundary marker,,Point(10.68948 49.92802),14.701,http://www.wikidata.org/entity/Q41322786,1.0,,,http://www.wikidata.org/entity/Q921099,,"('49.92802', '10.68948')"
727,,49.92799,10.68961,Wegkapelle,,D,blue,,,chapel,,Point(10.68961 49.92799),14.691,http://www.wikidata.org/entity/Q41322787,1.0,,,http://www.wikidata.org/entity/Q108325,,"('49.92799', '10.68961')"
728,,49.88427,10.68263,Gedenkstein,,D,blue,,,monument,,Point(10.68263 49.88427),14.652,http://www.wikidata.org/entity/Q41324485,1.0,,,http://www.wikidata.org/entity/Q4989906,,"('49.88427', '10.68263')"
729,,49.89556,10.67941,Spring Friedleinsbrunnen,,D,blue,,,spring,,Point(10.67941 49.89556),14.865,http://www.wikidata.org/entity/Q41324493,1.0,,,http://www.wikidata.org/entity/Q124714,,"('49.89556', '10.67941')"
731,,49.97071,10.72173,Wohnhaus,,D,blue,,,house,,Point(10.72173 49.97071),14.732,http://www.wikidata.org/entity/Q41324588,1.0,,,http://www.wikidata.org/entity/Q3947,,"('49.97071', '10.72173')"
732,,49.971,10.72196,Standbild,,D,blue,,,sculpture of a saint,,Point(10.72196 49.971),14.738,http://www.wikidata.org/entity/Q41324599,1.0,,,http://www.wikidata.org/entity/Q1595171,,"('49.971', '10.72196')"
733,,49.97092,10.72186,Rathaus,,D,blue,,,house,,Point(10.72186 49.97092),14.738,http://www.wikidata.org/entity/Q41324596,1.0,,,http://www.wikidata.org/entity/Q3947,,"('49.97092', '10.72186')"
734,,49.971125970196,10.721913650488,Pfarrhaus,,D,blue,,,clergy house,,Point(10.72191365 49.97112597),14.749,http://www.wikidata.org/entity/Q41324600,1.0,,,http://www.wikidata.org/entity/Q607241,,"('49.971125970196', '10.721913650488')"
735,,49.97125,10.72302,Torbogen,,D,blue,,,archway,,Point(10.72302 49.97125),14.694,http://www.wikidata.org/entity/Q41324601,1.0,,,http://www.wikidata.org/entity/Q58153479,,"('49.97125', '10.72302')"
736,,49.968557212539,10.735896932767,Kapelle,,D,blue,,,chapel,,Point(10.735896932 49.968557212),13.782,http://www.wikidata.org/entity/Q41324606,1.0,,,http://www.wikidata.org/entity/Q108325,,"('49.968557212539', '10.735896932767')"
737,,49.96957,10.73165,Wegkreuz,,D,blue,,,cultural heritage ensemble,,Point(10.73165 49.96957),14.091,http://www.wikidata.org/entity/Q41324607,1.0,,,http://www.wikidata.org/entity/Q1516079,,"('49.96957', '10.73165')"
738,,49.97176,10.72421,Gaststätte,,D,blue,,,eating and lodging,,Point(10.72421 49.97176),14.661,http://www.wikidata.org/entity/Q41324604,1.0,,,http://www.wikidata.org/entity/Q62602544,,"('49.97176', '10.72421')"
739,,49.97076,10.72379,Mühle,,D,blue,,,mill,,Point(10.72379 49.97076),14.617,http://www.wikidata.org/entity/Q41324611,1.0,,,http://www.wikidata.org/entity/Q44494,,"('49.97076', '10.72379')"
740,,49.97146369929,10.72121539345,Friedhofskreuz,,D,blue,,,cemetery cross,,Point(10.721215393 49.971463699),14.812,http://www.wikidata.org/entity/Q41324612,1.0,,,http://www.wikidata.org/entity/Q98141330,,"('49.97146369929', '10.72121539345')"
741,,49.76771,10.81693,Q41370648,,D,blue,,,house,,Point(10.81693 49.76771),14.66,http://www.wikidata.org/entity/Q41370648,1.0,,,http://www.wikidata.org/entity/Q3947,,"('49.76771', '10.81693')"
742,,49.76791,10.81774,Q41370655,,D,blue,,,house,,Point(10.81774 49.76791),14.619,http://www.wikidata.org/entity/Q41370655,1.0,,,http://www.wikidata.org/entity/Q3947,,"('49.76791', '10.81774')"
743,,49.76789,10.81724,Pfarrhaus,,D,blue,,,clergy house,,Point(10.81724 49.76789),14.634,http://www.wikidata.org/entity/Q41370653,1.0,,,http://www.wikidata.org/entity/Q607241,,"('49.76789', '10.81724')"
744,,49.76731,10.8186,Rathaus,,D,blue,,,house,,Point(10.8186 49.76731),14.662,http://www.wikidata.org/entity/Q41370658,1.0,,,http://www.wikidata.org/entity/Q3947,,"('49.76731', '10.8186')"
745,,49.76688,10.81946,Gasthaus,,D,blue,,,cultural heritage ensemble,,Point(10.81946 49.76688),14.686,http://www.wikidata.org/entity/Q41370666,1.0,,,http://www.wikidata.org/entity/Q1516079,,"('49.76688', '10.81946')"
746,,49.76713,10.81973,Gasthaus,,D,blue,,,house,,Point(10.81973 49.76713),14.654,http://www.wikidata.org/entity/Q41370668,1.0,,,http://www.wikidata.org/entity/Q3947,,"('49.76713', '10.81973')"
747,,49.766947803649,10.817119525851,Baudenkmal,,D,blue,,,cultural heritage ensemble,,Point(10.817119525 49.766947803),14.735,http://www.wikidata.org/entity/Q41370679,1.0,,,http://www.wikidata.org/entity/Q1516079,,"('49.766947803649', '10.817119525851')"
748,,49.76726,10.81759,Wasserburg,,D,blue,,,cultural heritage ensemble,,Point(10.81759 49.76726),14.691,http://www.wikidata.org/entity/Q41370682,1.0,,,http://www.wikidata.org/entity/Q1516079,,"('49.76726', '10.81759')"
749,,49.779830954053,10.840985244131,Wohnhaus,,D,blue,,,house,,Point(10.840985244 49.779830954),12.856,http://www.wikidata.org/entity/Q41370736,1.0,,,http://www.wikidata.org/entity/Q3947,,"('49.779830954053', '10.840985244131')"
750,,49.780310816041,10.841198079943,Schloss,,D,blue,,,Schloss,,Point(10.841198079 49.780310816),12.8,http://www.wikidata.org/entity/Q41370740,1.0,,,http://www.wikidata.org/entity/Q16823155,,"('49.780310816041', '10.841198079943')"
751,,49.78111,10.84293,Schulgebäude,,D,blue,,,house,,Point(10.84293 49.78111),12.683,http://www.wikidata.org/entity/Q41370748,1.0,,,http://www.wikidata.org/entity/Q3947,,"('49.78111', '10.84293')"
752,,49.77198,10.80354,Gasthaus,,D,blue,,,cultural heritage ensemble,,Point(10.80354 49.77198),14.581,http://www.wikidata.org/entity/Q41370771,1.0,,,http://www.wikidata.org/entity/Q1516079,,"('49.77198', '10.80354')"
753,,49.77304,10.80269,Försterhaus,,D,blue,,,house,,Point(10.80269 49.77304),14.499,http://www.wikidata.org/entity/Q41370768,1.0,,,http://www.wikidata.org/entity/Q3947,,"('49.77304', '10.80269')"
754,,49.771709112059,10.802763510437,Köblergut,,D,blue,,,cultural heritage ensemble,,Point(10.80276351 49.771709112),14.632,http://www.wikidata.org/entity/Q41370774,1.0,,,http://www.wikidata.org/entity/Q1516079,,"('49.771709112059', '10.802763510437')"
755,,49.771448225983,10.80307897602,Cultural heritage D-4-71-172-43 in Pommersfelden,,D,blue,,,house,,Point(10.803078976 49.771448225),14.649,http://www.wikidata.org/entity/Q41370777,1.0,,,http://www.wikidata.org/entity/Q3947,,"('49.771448225983', '10.80307897602')"
756,,49.77186,10.80388,Pfarrhof,,D,blue,,,cultural heritage ensemble,,Point(10.80388 49.77186),14.584,http://www.wikidata.org/entity/Q41370780,1.0,,,http://www.wikidata.org/entity/Q1516079,,"('49.77186', '10.80388')"
757,,49.77146,10.80508,Bauernhaus,,D,blue,,,house,,Point(10.80508 49.77146),14.589,http://www.wikidata.org/entity/Q41370785,1.0,,,http://www.wikidata.org/entity/Q3947,,"('49.77146', '10.80508')"
758,,49.87,10.78157,Cultural heritage D-4-71-208-18 in Walsdorf (Oberfranken),,D,blue,,,Cavalier house,,Point(10.78157 49.87),7.916,http://www.wikidata.org/entity/Q41371177,1.0,,,http://www.wikidata.org/entity/Q62050886,,"('49.87', '10.78157')"
759,,49.87031,10.78146,Forstamt,,D,blue,,,cultural heritage ensemble,,Point(10.78146 49.87031),7.913,http://www.wikidata.org/entity/Q41371182,1.0,,,http://www.wikidata.org/entity/Q1516079,,"('49.87031', '10.78146')"
760,,49.87063,10.78121,Wohnhaus,,D,blue,,,house,,Point(10.78121 49.87063),7.92,http://www.wikidata.org/entity/Q41371180,1.0,,,http://www.wikidata.org/entity/Q3947,,"('49.87063', '10.78121')"
761,,49.87067,10.78193,Bauernhaus,,D,blue,,,house,,Point(10.78193 49.87067),7.869,http://www.wikidata.org/entity/Q41371187,1.0,,,http://www.wikidata.org/entity/Q3947,,"('49.87067', '10.78193')"
762,,49.87056,10.78166,Gasthaus,,D,blue,,,Gasthaus,,Point(10.78166 49.87056),7.891,http://www.wikidata.org/entity/Q41371185,1.0,,,http://www.wikidata.org/entity/Q5526694,,"('49.87056', '10.78166')"
763,,49.87034,10.7826,Schulgebäude,,D,blue,,,house,,Point(10.7826 49.87034),7.834,http://www.wikidata.org/entity/Q41371191,1.0,,,http://www.wikidata.org/entity/Q3947,,"('49.87034', '10.7826')"
764,,49.87042,10.78233,Pfarrkirche,,D,blue,,,church building,,Point(10.78233 49.87042),7.85,http://www.wikidata.org/entity/Q41371189,1.0,,,http://www.wikidata.org/entity/Q16970,,"('49.87042', '10.78233')"
765,,49.87031,10.78606,Tor,,D,blue,,,cultural heritage ensemble,,Point(10.78606 49.87031),7.6,http://www.wikidata.org/entity/Q41371201,1.0,,,http://www.wikidata.org/entity/Q1516079,,"('49.87031', '10.78606')"
766,,49.870377517892,10.782053012811,Denkmal,,D,blue,,,cultural heritage ensemble,,Point(10.782053012 49.870377517),7.871,http://www.wikidata.org/entity/Q41371205,1.0,,,http://www.wikidata.org/entity/Q1516079,,"('49.870377517892', '10.782053012811')"
767,,49.87067,10.78232,Pfarrgasse 1,,D,blue,,,clergy house,,Point(10.78232 49.87067),7.843,http://www.wikidata.org/entity/Q41371209,1.0,,,http://www.wikidata.org/entity/Q607241,,"('49.87067', '10.78232')"
768,,49.88178,10.76102,Cultural heritage D-4-71-208-17 in Walsdorf (Oberfranken),,D,blue,,,house,,Point(10.76102 49.88178),9.08,http://www.wikidata.org/entity/Q41371226,1.0,,,http://www.wikidata.org/entity/Q3947,,"('49.88178', '10.76102')"
769,,49.87726,10.76376,Papierfabrik,,D,blue,,,cultural heritage ensemble,,Point(10.76376 49.87726),8.961,http://www.wikidata.org/entity/Q41371229,1.0,,,http://www.wikidata.org/entity/Q1516079,,"('49.87726', '10.76376')"
770,,49.88486742866,10.726646400363,Brauerei,,D,blue,,,cultural heritage ensemble,,Point(10.7266464 49.884867428),11.501,http://www.wikidata.org/entity/Q41371238,1.0,,,http://www.wikidata.org/entity/Q1516079,,"('49.88486742866', '10.726646400363')"
771,,49.883070339141,10.728253235845,Verwalterhaus,,D,blue,,,house,,Point(10.728253235 49.883070339),11.401,http://www.wikidata.org/entity/Q41371240,1.0,,,http://www.wikidata.org/entity/Q3947,,"('49.883070339141', '10.728253235845')"
772,,49.882822960229,10.728634784823,Verwalterhaus,,D,blue,,,house,,Point(10.728634784 49.88282296),11.376,http://www.wikidata.org/entity/Q41371244,1.0,,,http://www.wikidata.org/entity/Q3947,,"('49.882822960229', '10.728634784823')"
773,,49.88177,10.72936,Verwalterhaus,,D,blue,,,house,,Point(10.72936 49.88177),11.335,http://www.wikidata.org/entity/Q41371248,1.0,,,http://www.wikidata.org/entity/Q3947,,"('49.88177', '10.72936')"
774,,49.894536,10.725753,Q41371258,,D,blue,,,house,,Point(10.725753 49.894536),11.544,http://www.wikidata.org/entity/Q41371258,1.0,,,http://www.wikidata.org/entity/Q3947,,"('49.894536', '10.725753')"
775,,49.894703,10.72609,Bauernhaus,,D,blue,,,house,,Point(10.72609 49.894703),11.52,http://www.wikidata.org/entity/Q41371261,1.0,,,http://www.wikidata.org/entity/Q3947,,"('49.894703', '10.72609')"
776,,49.894143464768,10.726084708012,Schloss,,D,blue,,,Schloss,,Point(10.726084708 49.894143464),11.519,http://www.wikidata.org/entity/Q41371265,1.0,,,http://www.wikidata.org/entity/Q16823155,,"('49.894143464768', '10.726084708012')"
777,,49.79746,11.01103,Scheune,,D,blue,,,cultural heritage ensemble,,Point(11.01103 49.79746),13.743,http://www.wikidata.org/entity/Q41376057,1.0,,,http://www.wikidata.org/entity/Q1516079,,"('49.79746', '11.01103')"
778,,49.79764,11.01006,"Egloffsteiner Ring 2, Umfassungsmauer",,D,blue,,,cultural heritage ensemble,,Point(11.01006 49.79764),13.682,http://www.wikidata.org/entity/Q41376062,1.0,,,http://www.wikidata.org/entity/Q1516079,,"('49.79764', '11.01006')"
780,,49.79688,11.0094,Pfarrhaus,,D,blue,,,clergy house,,Point(11.0094 49.79688),13.717,http://www.wikidata.org/entity/Q41376065,1.0,,,http://www.wikidata.org/entity/Q607241,,"('49.79688', '11.0094')"
781,,49.79634,11.01008,Mühle,,D,blue,,,cultural heritage ensemble,,Point(11.01008 49.79634),13.794,http://www.wikidata.org/entity/Q41376070,1.0,,,http://www.wikidata.org/entity/Q1516079,,"('49.79634', '11.01008')"
782,,49.79658,11.00785,Egloffsteiner Ring 28a,,D,blue,,,cultural heritage ensemble,,Point(11.00785 49.79658),13.672,http://www.wikidata.org/entity/Q41376068,1.0,,,http://www.wikidata.org/entity/Q1516079,,"('49.79658', '11.00785')"
783,,49.79685,11.00915,Saalkirche,,D,blue,,,chapel,,Point(11.00915 49.79685),13.708,http://www.wikidata.org/entity/Q41376074,1.0,,,http://www.wikidata.org/entity/Q108325,,"('49.79685', '11.00915')"
784,,49.79089,11.00055,Pfarrhaus,,D,blue,,,cultural heritage ensemble,,Point(11.00055 49.79089),13.852,http://www.wikidata.org/entity/Q41376085,1.0,,,http://www.wikidata.org/entity/Q1516079,,"('49.79089', '11.00055')"
785,,49.79112,11.00084,St. Sigismund,,D,blue,,,ossuary,,Point(11.00084 49.79112),13.844,http://www.wikidata.org/entity/Q41376097,1.0,,,http://www.wikidata.org/entity/Q255595,,"('49.79112', '11.00084')"
786,,49.98835,10.85226,Straßenbrücke,,D,blue,,,cultural heritage ensemble,,Point(10.85226 49.98835),11.038,http://www.wikidata.org/entity/Q41376106,1.0,,,http://www.wikidata.org/entity/Q1516079,,"('49.98835', '10.85226')"
787,,49.98888,10.851,Wohnhaus,,D,blue,,,house,,Point(10.851 49.98888),11.116,http://www.wikidata.org/entity/Q41376104,1.0,,,http://www.wikidata.org/entity/Q3947,,"('49.98888', '10.851')"
788,,49.98793,10.85108,Ackerbürgerhaus,,D,blue,,,house,,Point(10.85108 49.98793),11.012,http://www.wikidata.org/entity/Q41376109,1.0,,,http://www.wikidata.org/entity/Q3947,,"('49.98793', '10.85108')"
789,,49.98896,10.85406,station building at Baunach station,,D,blue,,,station building,,Point(10.85406 49.98896),11.076,http://www.wikidata.org/entity/Q41376112,1.0,,,http://www.wikidata.org/entity/Q1339195,,"('49.98896', '10.85406')"
790,,49.98661,10.85085,Q41376118,,D,blue,,,cultural heritage ensemble,,Point(10.85085 49.98661),10.873,http://www.wikidata.org/entity/Q41376118,1.0,,,http://www.wikidata.org/entity/Q1516079,,"('49.98661', '10.85085')"
791,,49.9856,10.85064,Rathaus,,D,blue,,,house,,Point(10.85064 49.9856),10.768,http://www.wikidata.org/entity/Q41376116,1.0,,,http://www.wikidata.org/entity/Q3947,,"('49.9856', '10.85064')"
792,,49.98665,10.85007,Bauernhaus,,D,blue,,,house,,Point(10.85007 49.98665),10.891,http://www.wikidata.org/entity/Q41376131,1.0,,,http://www.wikidata.org/entity/Q3947,,"('49.98665', '10.85007')"
793,,49.98441,10.85156,Statue,,D,blue,,,cultural heritage ensemble,,Point(10.85156 49.98441),10.624,http://www.wikidata.org/entity/Q41376134,1.0,,,http://www.wikidata.org/entity/Q1516079,,"('49.98441', '10.85156')"
794,,49.986227134229,10.851596606343,Gasthaus,,D,blue,,,cultural heritage ensemble,,Point(10.851596606 49.986227134),10.819,http://www.wikidata.org/entity/Q41376138,1.0,,,http://www.wikidata.org/entity/Q1516079,,"('49.986227134229', '10.851596606343')"
795,,49.9858,10.85126,Wohnhaus,,D,blue,,,house,,Point(10.85126 49.9858),10.779,http://www.wikidata.org/entity/Q41376147,1.0,,,http://www.wikidata.org/entity/Q3947,,"('49.9858', '10.85126')"
796,,49.98589,10.85122,Wohnhaus,,D,blue,,,house,,Point(10.85122 49.98589),10.789,http://www.wikidata.org/entity/Q41376144,1.0,,,http://www.wikidata.org/entity/Q3947,,"('49.98589', '10.85122')"
797,,49.98563,10.85141,Gasthaus,,D,blue,,,house,,Point(10.85141 49.98563),10.758,http://www.wikidata.org/entity/Q41376149,1.0,,,http://www.wikidata.org/entity/Q3947,,"('49.98563', '10.85141')"
798,,49.98599,10.85294,Friedhofskapelle,,D,blue,,,chapel,,Point(10.85294 49.98599),10.772,http://www.wikidata.org/entity/Q41376155,1.0,,,http://www.wikidata.org/entity/Q108325,,"('49.98599', '10.85294')"
800,,49.98556,10.85175,Gasthaus,,D,blue,,,Gasthaus,,Point(10.85175 49.98556),10.745,http://www.wikidata.org/entity/Q41376153,1.0,,,http://www.wikidata.org/entity/Q5526694,,"('49.98556', '10.85175')"
801,,49.98603,10.85205,Wohnhaus,,D,blue,,,house,,Point(10.85205 49.98603),10.79,http://www.wikidata.org/entity/Q41376165,1.0,,,http://www.wikidata.org/entity/Q3947,,"('49.98603', '10.85205')"
802,,49.98589,10.85333,Schopfenmühle (Baunach),,D,blue,,,cultural heritage ensemble,,Point(10.85333 49.98589),10.754,http://www.wikidata.org/entity/Q41376168,1.0,,,http://www.wikidata.org/entity/Q1516079,,"('49.98589', '10.85333')"
803,,49.98438,10.85104,Bildstock,,D,blue,,,cultural heritage ensemble,,Point(10.85104 49.98438),10.629,http://www.wikidata.org/entity/Q41376169,1.0,,,http://www.wikidata.org/entity/Q1516079,,"('49.98438', '10.85104')"
805,,49.98864,10.85398,Q41376172,,D,blue,,,cultural heritage ensemble,,Point(10.85398 49.98864),11.043,http://www.wikidata.org/entity/Q41376172,1.0,,,http://www.wikidata.org/entity/Q1516079,,"('49.98864', '10.85398')"
807,,49.98487,10.85159,Zehntstadel,,D,blue,,,cultural heritage ensemble,,Point(10.85159 49.98487),10.673,http://www.wikidata.org/entity/Q41376193,1.0,,,http://www.wikidata.org/entity/Q1516079,,"('49.98487', '10.85159')"
808,,49.983795492706,10.849958360748,Cultural heritage D-4-71-115-36 in Baunach,,D,blue,,,house,,Point(10.84995836 49.983795492),10.585,http://www.wikidata.org/entity/Q41376196,1.0,,,http://www.wikidata.org/entity/Q3947,,"('49.983795492706', '10.849958360748')"
809,,49.98631,10.85201,Wohnhaus,,D,blue,,,house,,Point(10.85201 49.98631),10.821,http://www.wikidata.org/entity/Q41376200,1.0,,,http://www.wikidata.org/entity/Q3947,,"('49.98631', '10.85201')"
810,,49.987784204614,10.852034934695,Amtshaus,,D,blue,,,cultural heritage ensemble,,Point(10.852034934 49.987784204),10.981,http://www.wikidata.org/entity/Q41376206,1.0,,,http://www.wikidata.org/entity/Q1516079,,"('49.987784204614', '10.852034934695')"
811,,49.984217053325,10.848099733713,Baudenkmal,,D,blue,,,cultural heritage ensemble,,Point(10.848099733 49.984217053),10.664,http://www.wikidata.org/entity/Q41376215,1.0,,,http://www.wikidata.org/entity/Q1516079,,"('49.984217053325', '10.848099733713')"
812,,49.98462,10.84928,Bauernhaus,,D,blue,,,house,,Point(10.84928 49.98462),10.686,http://www.wikidata.org/entity/Q41376212,1.0,,,http://www.wikidata.org/entity/Q3947,,"('49.98462', '10.84928')"
813,,50.003874621683,10.872349036754,Q41376225,,D,blue,,,Schloss,,Point(10.872349036 50.003874621),12.526,http://www.wikidata.org/entity/Q41376225,1.0,,,http://www.wikidata.org/entity/Q16823155,,"('50.003874621683', '10.872349036754')"
814,,50.00398,10.87278,Q41376236,,D,blue,,,water well,,Point(10.87278 50.00398),12.535,http://www.wikidata.org/entity/Q41376236,1.0,,,http://www.wikidata.org/entity/Q43483,,"('50.00398', '10.87278')"
815,,50.00065,10.80965,Forstamt,,D,blue,,,cultural heritage ensemble,,Point(10.80965 50.00065),13.324,http://www.wikidata.org/entity/Q41376240,1.0,,,http://www.wikidata.org/entity/Q1516079,,"('50.00065', '10.80965')"
816,,50.000583785237,10.808823766251,Bauernhaus,,D,blue,,,house,,Point(10.808823766 50.000583785),13.342,http://www.wikidata.org/entity/Q41376251,1.0,,,http://www.wikidata.org/entity/Q3947,,"('50.000583785237', '10.808823766251')"
817,,49.97517,10.82445,Kapelle,,D,blue,,,chapel,,Point(10.82445 49.97517),10.309,http://www.wikidata.org/entity/Q41376258,1.0,,,http://www.wikidata.org/entity/Q108325,,"('49.97517', '10.82445')"
818,,50.00523,10.83886,Straßenbrücke,,D,blue,,,cultural heritage ensemble,,Point(10.83886 50.00523),13.092,http://www.wikidata.org/entity/Q41376264,1.0,,,http://www.wikidata.org/entity/Q1516079,,"('50.00523', '10.83886')"
819,,50.00348,10.79351,Bauernhaus,,D,blue,,,house,,Point(10.79351 50.00348),14.119,http://www.wikidata.org/entity/Q41376271,1.0,,,http://www.wikidata.org/entity/Q3947,,"('50.00348', '10.79351')"
820,,50.00332,10.78945,Felsenkeller,,D,blue,,,cultural heritage ensemble,,Point(10.78945 50.00332),14.243,http://www.wikidata.org/entity/Q41376275,1.0,,,http://www.wikidata.org/entity/Q1516079,,"('50.00332', '10.78945')"
821,,50.00298,10.79342,Kirche,,D,blue,,,church building,,Point(10.79342 50.00298),14.073,http://www.wikidata.org/entity/Q41376277,1.0,,,http://www.wikidata.org/entity/Q16970,,"('50.00298', '10.79342')"
822,,50.00593,10.82938,Pfarrhaus,,D,blue,,,clergy house,,Point(10.82938 50.00593),13.36,http://www.wikidata.org/entity/Q41376290,1.0,,,http://www.wikidata.org/entity/Q607241,,"('50.00593', '10.82938')"
823,,49.76118,10.89501,Q41389863,,D,blue,,,house,,Point(10.89501 49.76118),14.514,http://www.wikidata.org/entity/Q41389863,1.0,,,http://www.wikidata.org/entity/Q3947,,"('49.76118', '10.89501')"
824,,49.76076,10.8955,Q41389871,,D,blue,,,house,,Point(10.8955 49.76076),14.562,http://www.wikidata.org/entity/Q41389871,1.0,,,http://www.wikidata.org/entity/Q3947,,"('49.76076', '10.8955')"
825,,49.76101,10.89547,Q41389869,,D,blue,,,house,,Point(10.89547 49.76101),14.534,http://www.wikidata.org/entity/Q41389869,1.0,,,http://www.wikidata.org/entity/Q3947,,"('49.76101', '10.89547')"
826,,49.802490257264,11.030351887922,Pfarrhaus,,D,blue,,,clergy house,,Point(11.030351887 49.802490257),14.284,http://www.wikidata.org/entity/Q41392835,1.0,,,http://www.wikidata.org/entity/Q607241,,"('49.802490257264', '11.030351887922')"
827,,49.802924125849,11.031103837044,Cultural heritage D-4-71-123-4 in Buttenheim,,D,blue,,,house,,Point(11.031103837 49.802924125),14.29,http://www.wikidata.org/entity/Q41392841,1.0,,,http://www.wikidata.org/entity/Q3947,,"('49.802924125849', '11.031103837044')"
828,,49.802083923607,11.030691573759,Benefiziatenhaus,,D,blue,,,house,,Point(11.030691573 49.802083923),14.333,http://www.wikidata.org/entity/Q41392849,1.0,,,http://www.wikidata.org/entity/Q3947,,"('49.802083923607', '11.030691573759')"
829,,49.80222,11.03224,Wohnhaus,,D,blue,,,house,,Point(11.03224 49.80222),14.403,http://www.wikidata.org/entity/Q41392852,1.0,,,http://www.wikidata.org/entity/Q3947,,"('49.80222', '11.03224')"
830,,49.801844758682,11.025297731196,Kirche,,D,blue,,,chapel,,Point(11.025297731 49.801844758),14.076,http://www.wikidata.org/entity/Q41392857,1.0,,,http://www.wikidata.org/entity/Q108325,,"('49.801844758682', '11.025297731196')"
831,,49.80175,11.02983,Bauernhaus,,D,blue,,,house,,Point(11.02983 49.80175),14.315,http://www.wikidata.org/entity/Q41392861,1.0,,,http://www.wikidata.org/entity/Q3947,,"('49.80175', '11.02983')"
832,,49.80147,11.03004,Cultural heritage D-4-71-123-74 in Buttenheim,,D,blue,,,house,,Point(11.03004 49.80147),14.347,http://www.wikidata.org/entity/Q41392864,1.0,,,http://www.wikidata.org/entity/Q3947,,"('49.80147', '11.03004')"
833,,49.829989529506,11.057952795208,Cultural heritage D-4-71-123-50 in Buttenheim,,D,blue,,,house,,Point(11.057952795 49.829989529),14.048,http://www.wikidata.org/entity/Q41392944,1.0,,,http://www.wikidata.org/entity/Q3947,,"('49.829989529506', '11.057952795208')"
834,,49.82913,11.05705,Bauernhaus,,D,blue,,,house,,Point(11.05705 49.82913),14.039,http://www.wikidata.org/entity/Q41392955,1.0,,,http://www.wikidata.org/entity/Q3947,,"('49.82913', '11.05705')"
835,,49.82941,11.05778,Bauernhaus,,D,blue,,,house,,Point(11.05778 49.82941),14.069,http://www.wikidata.org/entity/Q41392953,1.0,,,http://www.wikidata.org/entity/Q3947,,"('49.82941', '11.05778')"
836,,49.91068,10.83176,Wohnhaus,,D,blue,,,house,,Point(10.83176 49.91068),4.479,http://www.wikidata.org/entity/Q41392990,1.0,,,http://www.wikidata.org/entity/Q3947,,"('49.91068', '10.83176')"
837,,49.9117,10.83161,Wohnhaus,,D,blue,,,house,,Point(10.83161 49.9117),4.543,http://www.wikidata.org/entity/Q41393001,1.0,,,http://www.wikidata.org/entity/Q3947,,"('49.9117', '10.83161')"
838,,49.91162,10.83125,Amtshaus,,D,blue,,,house,,Point(10.83125 49.91162),4.562,http://www.wikidata.org/entity/Q41393004,1.0,,,http://www.wikidata.org/entity/Q3947,,"('49.91162', '10.83125')"
839,,49.91208,10.83079,Kleinhaus,,D,blue,,,house,,Point(10.83079 49.91208),4.615,http://www.wikidata.org/entity/Q41393008,1.0,,,http://www.wikidata.org/entity/Q3947,,"('49.91208', '10.83079')"
840,,49.91109,10.83098,Bauernhaus,,D,blue,,,house,,Point(10.83098 49.91109),4.55,http://www.wikidata.org/entity/Q41393014,1.0,,,http://www.wikidata.org/entity/Q3947,,"('49.91109', '10.83098')"
841,,49.911255928475,10.830225619911,Bauernhof,,D,blue,,,cultural heritage ensemble,,Point(10.830225619 49.911255928),4.606,http://www.wikidata.org/entity/Q41393017,1.0,,,http://www.wikidata.org/entity/Q1516079,,"('49.911255928475', '10.830225619911')"
842,,49.91139,10.82923,Schloss,,D,blue,,,Schloss,,Point(10.82923 49.91139),4.676,http://www.wikidata.org/entity/Q41393023,1.0,,,http://www.wikidata.org/entity/Q16823155,,"('49.91139', '10.82923')"
843,,49.91221,10.82834,Kreuz,,D,blue,,,cultural heritage ensemble,,Point(10.82834 49.91221),4.776,http://www.wikidata.org/entity/Q41393029,1.0,,,http://www.wikidata.org/entity/Q1516079,,"('49.91221', '10.82834')"
844,,49.9124,10.82819,Wohnhaus,,D,blue,,,house,,Point(10.82819 49.9124),4.795,http://www.wikidata.org/entity/Q41393032,1.0,,,http://www.wikidata.org/entity/Q3947,,"('49.9124', '10.82819')"
845,,49.91254,10.82723,Schloss,,D,blue,,,Schloss,,Point(10.82723 49.91254),4.863,http://www.wikidata.org/entity/Q41393039,1.0,,,http://www.wikidata.org/entity/Q16823155,,"('49.91254', '10.82723')"
846,,49.911,10.83189,Bauernhaus,,D,blue,,,house,,Point(10.83189 49.911),4.488,http://www.wikidata.org/entity/Q41393051,1.0,,,http://www.wikidata.org/entity/Q3947,,"('49.911', '10.83189')"
847,,49.91268,10.80521,Q41393079,,D,blue,,,chapel,,Point(10.80521 49.91268),6.299,http://www.wikidata.org/entity/Q41393079,1.0,,,http://www.wikidata.org/entity/Q108325,,"('49.91268', '10.80521')"
848,,49.90197,10.774,Filialkirche,,D,blue,,,church building,,Point(10.774 49.90197),8.164,http://www.wikidata.org/entity/Q41393082,1.0,,,http://www.wikidata.org/entity/Q16970,,"('49.90197', '10.774')"
849,,49.83049,10.92497,Heiligenfigur,,D,blue,,,cultural heritage ensemble,,Point(10.92497 49.83049),7.324,http://www.wikidata.org/entity/Q41395491,1.0,,,http://www.wikidata.org/entity/Q1516079,,"('49.83049', '10.92497')"
850,,49.82957,10.9338,Bildstock,,D,blue,,,cultural heritage ensemble,,Point(10.9338 49.82957),7.675,http://www.wikidata.org/entity/Q41395494,1.0,,,http://www.wikidata.org/entity/Q1516079,,"('49.82957', '10.9338')"
851,,49.83063,10.9258,Pfarrhaus,,D,blue,,,clergy house,,Point(10.9258 49.83063),7.332,http://www.wikidata.org/entity/Q41395493,1.0,,,http://www.wikidata.org/entity/Q607241,,"('49.83063', '10.9258')"
852,,49.83164,10.92512,Statue,,D,blue,,,cultural heritage ensemble,,Point(10.92512 49.83164),7.21,http://www.wikidata.org/entity/Q41395498,1.0,,,http://www.wikidata.org/entity/Q1516079,,"('49.83164', '10.92512')"
853,,49.83163,10.92528,Bildstock,,D,blue,,,cultural heritage ensemble,,Point(10.92528 49.83163),7.215,http://www.wikidata.org/entity/Q41395502,1.0,,,http://www.wikidata.org/entity/Q1516079,,"('49.83163', '10.92528')"
855,,49.83156,10.93427,Feldkapelle,,D,blue,,,chapel,,Point(10.93427 49.83156),7.492,http://www.wikidata.org/entity/Q41395500,1.0,,,http://www.wikidata.org/entity/Q108325,,"('49.83156', '10.93427')"
856,,49.83076,10.92606,Kriegerdenkmal,,D,blue,,,heritage site,,Point(10.92606 49.83076),7.326,http://www.wikidata.org/entity/Q41395506,1.0,,,http://www.wikidata.org/entity/Q358,,"('49.83076', '10.92606')"
857,,49.82881,10.91081,Feldkapelle,,D,blue,,,chapel,,Point(10.91081 49.82881),7.19,http://www.wikidata.org/entity/Q41395507,1.0,,,http://www.wikidata.org/entity/Q108325,,"('49.82881', '10.91081')"
858,,49.97085,10.88469,Pfarrhof,,D,blue,,,cultural heritage ensemble,,Point(10.88469 49.97085),8.813,http://www.wikidata.org/entity/Q41397170,1.0,,,http://www.wikidata.org/entity/Q1516079,,"('49.97085', '10.88469')"
859,,49.97166,10.88521,Wohnhaus,,D,blue,,,house,,Point(10.88521 49.97166),8.902,http://www.wikidata.org/entity/Q41397173,1.0,,,http://www.wikidata.org/entity/Q3947,,"('49.97166', '10.88521')"
860,,49.97977,10.89503,Kapelle,,D,blue,,,chapel,,Point(10.89503 49.97977),9.821,http://www.wikidata.org/entity/Q41397193,1.0,,,http://www.wikidata.org/entity/Q108325,,"('49.97977', '10.89503')"
861,,49.846322688551,10.726375808437,Mühle,,D,blue,,,cultural heritage ensemble,,Point(10.726375808 49.846322688),12.554,http://www.wikidata.org/entity/Q41397199,1.0,,,http://www.wikidata.org/entity/Q1516079,,"('49.846322688551', '10.726375808437')"
862,,49.96719,10.9275,Kirche,,D,blue,,,chapel,,Point(10.9275 49.96719),8.894,http://www.wikidata.org/entity/Q41397196,1.0,,,http://www.wikidata.org/entity/Q108325,,"('49.96719', '10.9275')"
863,,49.84546,10.72952,Wohnhaus,,D,blue,,,house,,Point(10.72952 49.84546),12.388,http://www.wikidata.org/entity/Q41397201,1.0,,,http://www.wikidata.org/entity/Q3947,,"('49.84546', '10.72952')"
864,,49.845594,10.730993,Gasthaus,,D,blue,,,cultural heritage ensemble,,Point(10.730993 49.845594),12.285,http://www.wikidata.org/entity/Q41397207,1.0,,,http://www.wikidata.org/entity/Q1516079,,"('49.845594', '10.730993')"
865,,49.84574,10.72697,Kuratiekirche,,D,blue,,,church building,,Point(10.72697 49.84574),12.541,http://www.wikidata.org/entity/Q41397204,1.0,,,http://www.wikidata.org/entity/Q16970,,"('49.84574', '10.72697')"
866,,49.84546,10.73039,Baudenkmal,,D,blue,,,cultural heritage ensemble,,Point(10.73039 49.84546),12.331,http://www.wikidata.org/entity/Q41397205,1.0,,,http://www.wikidata.org/entity/Q1516079,,"('49.84546', '10.73039')"
867,,49.84617,10.72386,Bildstock,,D,blue,,,cultural heritage ensemble,,Point(10.72386 49.84617),12.726,http://www.wikidata.org/entity/Q41397210,1.0,,,http://www.wikidata.org/entity/Q1516079,,"('49.84617', '10.72386')"
868,,49.839917,10.734099,Bildstock,,D,blue,,,cultural heritage ensemble,,Point(10.734099 49.839917),12.364,http://www.wikidata.org/entity/Q41397211,1.0,,,http://www.wikidata.org/entity/Q1516079,,"('49.839917', '10.734099')"
869,,49.84935,10.73224,Backhaus,,D,blue,,,house,,Point(10.73224 49.84935),12.035,http://www.wikidata.org/entity/Q41397209,1.0,,,http://www.wikidata.org/entity/Q3947,,"('49.84935', '10.73224')"
870,,49.8414,10.73338,Kellerhaus,,D,blue,,,house,,Point(10.73338 49.8414),12.334,http://www.wikidata.org/entity/Q41397214,1.0,,,http://www.wikidata.org/entity/Q3947,,"('49.8414', '10.73338')"
871,,49.829256,10.742391,Pfarrhaus,,D,blue,,,clergy house,,Point(10.742391 49.829256),12.461,http://www.wikidata.org/entity/Q41397215,1.0,,,http://www.wikidata.org/entity/Q607241,,"('49.829256', '10.742391')"
872,,49.84129,10.73293,Biergarten,,D,blue,,,brewery building,,Point(10.73293 49.84129),12.369,http://www.wikidata.org/entity/Q41397212,1.0,,,http://www.wikidata.org/entity/Q57778855,,"('49.84129', '10.73293')"
874,,49.82749,10.74118,Wohnhaus,,D,blue,,,house,,Point(10.74118 49.82749),12.643,http://www.wikidata.org/entity/Q41397218,1.0,,,http://www.wikidata.org/entity/Q3947,,"('49.82749', '10.74118')"
875,,49.830807,10.742497,Heiligenfigur,,D,blue,,,cultural heritage ensemble,,Point(10.742497 49.830807),12.359,http://www.wikidata.org/entity/Q41397222,1.0,,,http://www.wikidata.org/entity/Q1516079,,"('49.830807', '10.742497')"
876,,49.84617,10.7239,Grenzstein,,D,blue,,,cultural heritage ensemble,,Point(10.7239 49.84617),12.724,http://www.wikidata.org/entity/Q41397220,1.0,,,http://www.wikidata.org/entity/Q1516079,,"('49.84617', '10.7239')"
877,,49.828209,10.739352,Rathaus,,D,blue,,,house,,Point(10.739352 49.828209),12.707,http://www.wikidata.org/entity/Q41397226,1.0,,,http://www.wikidata.org/entity/Q3947,,"('49.828209', '10.739352')"
878,,49.828123448496,10.740202699171,Gasthaus,,D,blue,,,cultural heritage ensemble,,Point(10.740202699 49.828123448),12.661,http://www.wikidata.org/entity/Q41397227,1.0,,,http://www.wikidata.org/entity/Q1516079,,"('49.828123448496', '10.740202699171')"
879,,49.830914,10.742723,Votivkapelle,,D,blue,,,chapel,,Point(10.742723 49.830914),12.339,http://www.wikidata.org/entity/Q41397225,1.0,,,http://www.wikidata.org/entity/Q108325,,"('49.830914', '10.742723')"
880,,49.828151,10.740884,Gasthaus,,D,blue,,,cultural heritage ensemble,,Point(10.740884 49.828151),12.619,http://www.wikidata.org/entity/Q41397231,1.0,,,http://www.wikidata.org/entity/Q1516079,,"('49.828151', '10.740884')"
881,,49.82863,10.740481,Amtshaus,,D,blue,,,former hospital,,Point(10.740481 49.82863),12.613,http://www.wikidata.org/entity/Q41397228,1.0,,,http://www.wikidata.org/entity/Q64578911,,"('49.82863', '10.740481')"
883,,49.828319,10.740378,Wohnhaus,,D,blue,,,house,,Point(10.740378 49.828319),12.639,http://www.wikidata.org/entity/Q41397229,1.0,,,http://www.wikidata.org/entity/Q3947,,"('49.828319', '10.740378')"
884,,49.828624,10.741011,Ölberg,,D,blue,,,cultural heritage ensemble,,Point(10.741011 49.828624),12.582,http://www.wikidata.org/entity/Q41397234,1.0,,,http://www.wikidata.org/entity/Q1516079,,"('49.828624', '10.741011')"
885,,49.82815,10.74107,Brauereigasthof,,D,blue,,,cultural heritage ensemble,,Point(10.74107 49.82815),12.608,http://www.wikidata.org/entity/Q41397232,1.0,,,http://www.wikidata.org/entity/Q1516079,,"('49.82815', '10.74107')"
886,,49.82876,10.74139,Bildstock,,D,blue,,,cultural heritage ensemble,,Point(10.74139 49.82876),12.551,http://www.wikidata.org/entity/Q41397238,1.0,,,http://www.wikidata.org/entity/Q1516079,,"('49.82876', '10.74139')"
888,,49.82871,10.74329,Baudenkmal,,D,blue,,,cultural heritage ensemble,,Point(10.74329 49.82871),12.441,http://www.wikidata.org/entity/Q41397242,1.0,,,http://www.wikidata.org/entity/Q1516079,,"('49.82871', '10.74329')"
889,,49.82869,10.74399,Cultural heritage D-4-71-120-20 in Burgebrach,,D,blue,,,house,,Point(10.74399 49.82869),12.401,http://www.wikidata.org/entity/Q41397243,1.0,,,http://www.wikidata.org/entity/Q3947,,"('49.82869', '10.74399')"
890,,49.82871,10.74297,Baudenkmal,,D,blue,,,house,,Point(10.74297 49.82871),12.46,http://www.wikidata.org/entity/Q41397241,1.0,,,http://www.wikidata.org/entity/Q3947,,"('49.82871', '10.74297')"
891,,49.82783,10.74293,Cultural heritage D-4-71-120-23 in Burgebrach,,D,blue,,,house,,Point(10.74293 49.82783),12.518,http://www.wikidata.org/entity/Q41397247,1.0,,,http://www.wikidata.org/entity/Q3947,,"('49.82783', '10.74293')"
892,,49.82869,10.74372,Kreuzigungsgruppe,,D,blue,,,cultural heritage ensemble,,Point(10.74372 49.82869),12.417,http://www.wikidata.org/entity/Q41397244,1.0,,,http://www.wikidata.org/entity/Q1516079,,"('49.82869', '10.74372')"
893,,49.82902,10.74192,Ackerbürgerhaus,,D,blue,,,house,,Point(10.74192 49.82902),12.504,http://www.wikidata.org/entity/Q41397245,1.0,,,http://www.wikidata.org/entity/Q3947,,"('49.82902', '10.74192')"
894,,49.8279,10.74334,Kreuz,,D,blue,,,cultural heritage ensemble,,Point(10.74334 49.8279),12.489,http://www.wikidata.org/entity/Q41397250,1.0,,,http://www.wikidata.org/entity/Q1516079,,"('49.8279', '10.74334')"
895,,49.82764,10.74278,Heiligenfigur,,D,blue,,,cultural heritage ensemble,,Point(10.74278 49.82764),12.539,http://www.wikidata.org/entity/Q41397251,1.0,,,http://www.wikidata.org/entity/Q1516079,,"('49.82764', '10.74278')"
896,,49.82767,10.74304,Cultural heritage D-4-71-120-24 in Burgebrach,,D,blue,,,house,,Point(10.74304 49.82767),12.522,http://www.wikidata.org/entity/Q41397249,1.0,,,http://www.wikidata.org/entity/Q3947,,"('49.82767', '10.74304')"
897,,49.82776,10.73901,Cultural heritage D-4-71-120-89 in Burgebrach,,D,blue,,,cultural heritage ensemble,,Point(10.73901 49.82776),12.755,http://www.wikidata.org/entity/Q41397254,1.0,,,http://www.wikidata.org/entity/Q1516079,,"('49.82776', '10.73901')"
898,,49.82966,10.75626,Bildstock,,D,blue,,,cultural heritage ensemble,,Point(10.75626 49.82966),11.621,http://www.wikidata.org/entity/Q41397252,1.0,,,http://www.wikidata.org/entity/Q1516079,,"('49.82966', '10.75626')"
899,,49.8275,10.73856,Heiligenfigur,,D,blue,,,cultural heritage ensemble,,Point(10.73856 49.8275),12.798,http://www.wikidata.org/entity/Q41397256,1.0,,,http://www.wikidata.org/entity/Q1516079,,"('49.8275', '10.73856')"
900,,49.82995,10.74244,Bildstock,,D,blue,,,cultural heritage ensemble,,Point(10.74244 49.82995),12.415,http://www.wikidata.org/entity/Q41397257,1.0,,,http://www.wikidata.org/entity/Q1516079,,"('49.82995', '10.74244')"
901,,49.84824,10.73293,Bildstock,,D,blue,,,cultural heritage ensemble,,Point(10.73293 49.84824),12.038,http://www.wikidata.org/entity/Q41397260,1.0,,,http://www.wikidata.org/entity/Q1516079,,"('49.84824', '10.73293')"
902,,49.83127,10.77899,Bildstock,,D,blue,,,cultural heritage ensemble,,Point(10.77899 49.83127),10.236,http://www.wikidata.org/entity/Q41397265,1.0,,,http://www.wikidata.org/entity/Q1516079,,"('49.83127', '10.77899')"
903,,49.83555,10.76231,Steinbrücke,,D,blue,,,cultural heritage ensemble,,Point(10.76231 49.83555),10.887,http://www.wikidata.org/entity/Q41397269,1.0,,,http://www.wikidata.org/entity/Q1516079,,"('49.83555', '10.76231')"
904,,49.798522368718,10.78092631376,Cultural heritage D-4-71-120-94 in Burgebrach,,D,blue,,,house,,Point(10.780926313 49.798522368),12.837,http://www.wikidata.org/entity/Q41397274,1.0,,,http://www.wikidata.org/entity/Q3947,,"('49.798522368718', '10.78092631376')"
905,,49.82967,10.79173,Bildstock,,D,blue,,,cultural heritage ensemble,,Point(10.79173 49.82967),9.691,http://www.wikidata.org/entity/Q41397287,1.0,,,http://www.wikidata.org/entity/Q1516079,,"('49.82967', '10.79173')"
907,,49.82758,10.78934,Baudenkmal,,D,blue,,,cultural heritage ensemble,,Point(10.78934 49.82758),9.976,http://www.wikidata.org/entity/Q41397290,1.0,,,http://www.wikidata.org/entity/Q1516079,,"('49.82758', '10.78934')"
908,,49.82749,10.78886,Cultural heritage D-4-71-120-96 in Burgebrach,,D,blue,,,house,,Point(10.78886 49.82749),10.008,http://www.wikidata.org/entity/Q41397291,1.0,,,http://www.wikidata.org/entity/Q3947,,"('49.82749', '10.78886')"
909,,49.82784,10.78961,Cultural heritage D-4-71-120-95 in Burgebrach,,D,blue,,,house,,Point(10.78961 49.82784),9.942,http://www.wikidata.org/entity/Q41397289,1.0,,,http://www.wikidata.org/entity/Q3947,,"('49.82784', '10.78961')"
910,,49.81772,10.80634,Wohnhaus,,D,blue,,,house,,Point(10.80634 49.81772),10.04,http://www.wikidata.org/entity/Q41397299,1.0,,,http://www.wikidata.org/entity/Q3947,,"('49.81772', '10.80634')"
911,,49.82515,10.71117,Ortskapelle,,D,blue,,,chapel,,Point(10.71117 49.82515),14.601,http://www.wikidata.org/entity/Q41397297,1.0,,,http://www.wikidata.org/entity/Q108325,,"('49.82515', '10.71117')"
912,,49.81791,10.80734,Kuratenhaus,,D,blue,,,house,,Point(10.80734 49.81791),9.981,http://www.wikidata.org/entity/Q41397303,1.0,,,http://www.wikidata.org/entity/Q3947,,"('49.81791', '10.80734')"
913,,49.81789,10.8114,Friedhofskapelle,,D,blue,,,cultural heritage ensemble,,Point(10.8114 49.81789),9.82,http://www.wikidata.org/entity/Q41397300,1.0,,,http://www.wikidata.org/entity/Q1516079,,"('49.81789', '10.8114')"
914,,49.81802,10.80556,Kreuz,,D,blue,,,cultural heritage ensemble,,Point(10.80556 49.81802),10.045,http://www.wikidata.org/entity/Q41397301,1.0,,,http://www.wikidata.org/entity/Q1516079,,"('49.81802', '10.80556')"
915,,49.80791,10.73254,Bildstock,,D,blue,,,cultural heritage ensemble,,Point(10.73254 49.80791),14.457,http://www.wikidata.org/entity/Q41397306,1.0,,,http://www.wikidata.org/entity/Q1516079,,"('49.80791', '10.73254')"
917,,49.80176,10.73385,Kirche,,D,blue,,,church building,,Point(10.73385 49.80176),14.837,http://www.wikidata.org/entity/Q41397310,1.0,,,http://www.wikidata.org/entity/Q16970,,"('49.80176', '10.73385')"
918,,49.80229,10.73393,Schloss,,D,blue,,,Schloss,,Point(10.73393 49.80229),14.793,http://www.wikidata.org/entity/Q41397308,1.0,,,http://www.wikidata.org/entity/Q16823155,,"('49.80229', '10.73393')"
919,,49.801318411389,10.731638107624,Kleinhaus,,D,blue,,,house,,Point(10.731638107 49.801318411),14.987,http://www.wikidata.org/entity/Q41397314,1.0,,,http://www.wikidata.org/entity/Q3947,,"('49.801318411389', '10.731638107624')"
920,,49.82582,10.78128,Ebrachbrücke,,D,blue,,,cultural heritage ensemble,,Point(10.78128 49.82582),10.525,http://www.wikidata.org/entity/Q41397315,1.0,,,http://www.wikidata.org/entity/Q1516079,,"('49.82582', '10.78128')"
921,,49.80138,10.73209,Amtshaus,,D,blue,,,house,,Point(10.73209 49.80138),14.959,http://www.wikidata.org/entity/Q41397312,1.0,,,http://www.wikidata.org/entity/Q3947,,"('49.80138', '10.73209')"
922,,49.82505,10.78011,Kreuzschlepper,,D,blue,,,cultural heritage ensemble,,Point(10.78011 49.82505),10.644,http://www.wikidata.org/entity/Q41397318,1.0,,,http://www.wikidata.org/entity/Q1516079,,"('49.82505', '10.78011')"
923,,49.82504,10.78106,Cultural heritage D-4-71-120-79 in Burgebrach,,D,blue,,,house,,Point(10.78106 49.82504),10.596,http://www.wikidata.org/entity/Q41397319,1.0,,,http://www.wikidata.org/entity/Q3947,,"('49.82504', '10.78106')"
924,,49.82628,10.7788,Sägemühle,,D,blue,,,cultural heritage ensemble,,Point(10.7788 49.82628),10.618,http://www.wikidata.org/entity/Q41397322,1.0,,,http://www.wikidata.org/entity/Q1516079,,"('49.82628', '10.7788')"
925,,49.824877855557,10.780264511079,Brauereigasthof,,D,blue,,,Gasthaus,,Point(10.780264511 49.824877855),10.65,http://www.wikidata.org/entity/Q41397321,1.0,,,http://www.wikidata.org/entity/Q5526694,,"('49.824877855557', '10.780264511079')"
926,,49.82658,10.7059,Ortskapelle,,D,blue,,,chapel,,Point(10.7059 49.82658),14.849,http://www.wikidata.org/entity/Q41397324,1.0,,,http://www.wikidata.org/entity/Q108325,,"('49.82658', '10.7059')"
927,,49.82643,10.70619,Bauernhaus,,D,blue,,,house,,Point(10.70619 49.82643),14.839,http://www.wikidata.org/entity/Q41397325,1.0,,,http://www.wikidata.org/entity/Q3947,,"('49.82643', '10.70619')"
928,,49.82241,10.83198,Mühle,,D,blue,,,cultural heritage ensemble,,Point(10.83198 49.82241),8.641,http://www.wikidata.org/entity/Q41397416,1.0,,,http://www.wikidata.org/entity/Q1516079,,"('49.82241', '10.83198')"
929,,49.81741,10.86509,Wegkreuz,,D,blue,,,cultural heritage ensemble,,Point(10.86509 49.81741),8.396,http://www.wikidata.org/entity/Q41397434,1.0,,,http://www.wikidata.org/entity/Q1516079,,"('49.81741', '10.86509')"
930,,49.817925302574,10.863903090407,Cultural heritage D-4-71-131-2 in Frensdorf,,D,blue,,,cultural heritage ensemble,,Point(10.86390309 49.817925302),8.356,http://www.wikidata.org/entity/Q41397433,1.0,,,http://www.wikidata.org/entity/Q1516079,,"('49.817925302574', '10.863903090407')"
931,,49.816761408874,10.864874748559,Heiligenfigur,,D,blue,,,cultural heritage ensemble,,Point(10.864874748 49.816761408),8.47,http://www.wikidata.org/entity/Q41397436,1.0,,,http://www.wikidata.org/entity/Q1516079,,"('49.816761408874', '10.864874748559')"
932,,49.8102,10.85235,Wegkapelle,,D,blue,,,chapel,,Point(10.85235 49.8102),9.383,http://www.wikidata.org/entity/Q41397443,1.0,,,http://www.wikidata.org/entity/Q108325,,"('49.8102', '10.85235')"
933,,49.817916622013,10.867621456514,Wasserschloss,,D,blue,,,Schloss,,Point(10.867621456 49.817916622),8.308,http://www.wikidata.org/entity/Q41397441,1.0,,,http://www.wikidata.org/entity/Q16823155,,"('49.817916622013', '10.867621456514')"
934,,49.817010726047,10.866489701565,Wegkapelle,,D,blue,,,chapel,,Point(10.866489701 49.817010726),8.421,http://www.wikidata.org/entity/Q41397447,1.0,,,http://www.wikidata.org/entity/Q108325,,"('49.817010726047', '10.866489701565')"
935,,49.818543019618,10.86235274732,Mühle,,D,blue,,,cultural heritage ensemble,,Point(10.862352747 49.818543019),8.311,http://www.wikidata.org/entity/Q41397444,1.0,,,http://www.wikidata.org/entity/Q1516079,,"('49.818543019618', '10.86235274732')"
936,,49.81776,10.86883,Forsthaus,,D,blue,,,house,,Point(10.86883 49.81776),8.312,http://www.wikidata.org/entity/Q41397450,1.0,,,http://www.wikidata.org/entity/Q3947,,"('49.81776', '10.86883')"
937,,49.81757,10.86799,Wegkreuz,,D,blue,,,cultural heritage ensemble,,Point(10.86799 49.81757),8.342,http://www.wikidata.org/entity/Q41397448,1.0,,,http://www.wikidata.org/entity/Q1516079,,"('49.81757', '10.86799')"
938,,49.79279,10.88579,Pfarrhaus,,D,blue,,,clergy house,,Point(10.88579 49.79279),10.987,http://www.wikidata.org/entity/Q41397457,1.0,,,http://www.wikidata.org/entity/Q607241,,"('49.79279', '10.88579')"
939,,49.79198,10.88518,Grenzstein,,D,blue,,,conciliation cross,,Point(10.88518 49.79198),11.078,http://www.wikidata.org/entity/Q41397463,1.0,,,http://www.wikidata.org/entity/Q1640496,,"('49.79198', '10.88518')"
941,,49.79155,10.88565,Baudenkmal,,D,blue,,,house,,Point(10.88565 49.79155),11.125,http://www.wikidata.org/entity/Q41397460,1.0,,,http://www.wikidata.org/entity/Q3947,,"('49.79155', '10.88565')"
942,,49.79146,10.88432,Kunstmühle,,D,blue,,,cultural heritage ensemble,,Point(10.88432 49.79146),11.136,http://www.wikidata.org/entity/Q41397469,1.0,,,http://www.wikidata.org/entity/Q1516079,,"('49.79146', '10.88432')"
943,,49.79103,10.90973,Klostergebäude,,D,blue,,,monastery,,Point(10.90973 49.79103),11.303,http://www.wikidata.org/entity/Q41397483,1.0,,,http://www.wikidata.org/entity/Q44613,,"('49.79103', '10.90973')"
944,,49.79107,10.91033,Pfarrkirche,,D,blue,,,monastery,,Point(10.91033 49.79107),11.304,http://www.wikidata.org/entity/Q41397486,1.0,,,http://www.wikidata.org/entity/Q44613,,"('49.79107', '10.91033')"
945,,49.79108,10.90922,Gasthaus,,D,blue,,,Gasthaus,,Point(10.90922 49.79108),11.292,http://www.wikidata.org/entity/Q41397487,1.0,,,http://www.wikidata.org/entity/Q5526694,,"('49.79108', '10.90922')"
946,,49.790224150107,10.910205996533,Forstamt,,D,blue,,,cultural heritage ensemble,,Point(10.910205996 49.79022415),11.396,http://www.wikidata.org/entity/Q41397491,1.0,,,http://www.wikidata.org/entity/Q1516079,,"('49.790224150107', '10.910205996533')"
947,,49.82414,10.84156,Kirche,,D,blue,,,church building,,Point(10.84156 49.82414),8.174,http://www.wikidata.org/entity/Q41397498,1.0,,,http://www.wikidata.org/entity/Q16970,,"('49.82414', '10.84156')"
948,,49.8232,10.84537,Bauernhaus,,D,blue,,,house,,Point(10.84537 49.8232),8.166,http://www.wikidata.org/entity/Q41397497,1.0,,,http://www.wikidata.org/entity/Q3947,,"('49.8232', '10.84537')"
949,,49.92718,10.75122,Pfarrhof,,D,blue,,,cultural heritage ensemble,,Point(10.75122 49.92718),10.486,http://www.wikidata.org/entity/Q41397698,1.0,,,http://www.wikidata.org/entity/Q1516079,,"('49.92718', '10.75122')"
950,,49.92765,10.75083,Friedhofskreuz,,D,blue,,,cultural heritage ensemble,,Point(10.75083 49.92765),10.532,http://www.wikidata.org/entity/Q41397711,1.0,,,http://www.wikidata.org/entity/Q1516079,,"('49.92765', '10.75083')"
951,,49.928057035014,10.750102382358,Schloss,,D,blue,,,Schloss,,Point(10.750102382 49.928057035),10.597,http://www.wikidata.org/entity/Q41397709,1.0,,,http://www.wikidata.org/entity/Q16823155,,"('49.928057035014', '10.750102382358')"
952,,49.93398,10.73625,Wegkapelle,,D,blue,,,cultural heritage ensemble,,Point(10.73625 49.93398),11.767,http://www.wikidata.org/entity/Q41397714,1.0,,,http://www.wikidata.org/entity/Q1516079,,"('49.93398', '10.73625')"
953,,49.92831,10.75109,Bauernhaus,,D,blue,,,house,,Point(10.75109 49.92831),10.543,http://www.wikidata.org/entity/Q41397712,1.0,,,http://www.wikidata.org/entity/Q3947,,"('49.92831', '10.75109')"
954,,49.92806,10.75244,Gasthaus,,D,blue,,,cultural heritage ensemble,,Point(10.75244 49.92806),10.443,http://www.wikidata.org/entity/Q41397718,1.0,,,http://www.wikidata.org/entity/Q1516079,,"('49.92806', '10.75244')"
955,,49.92277,10.77564,Kirche,,D,blue,,,church building,,Point(10.77564 49.92277),8.685,http://www.wikidata.org/entity/Q41397723,1.0,,,http://www.wikidata.org/entity/Q16970,,"('49.92277', '10.77564')"
956,,49.92878,10.75004,Baudenkmal,,D,blue,,,house,,Point(10.75004 49.92878),10.632,http://www.wikidata.org/entity/Q41397721,1.0,,,http://www.wikidata.org/entity/Q3947,,"('49.92878', '10.75004')"
957,,49.92261,10.77688,Heiligenhäuschen,,D,blue,,,cultural heritage ensemble,,Point(10.77688 49.92261),8.596,http://www.wikidata.org/entity/Q41397739,1.0,,,http://www.wikidata.org/entity/Q1516079,,"('49.92261', '10.77688')"
958,,49.92336,10.77696,Gutshaus,,D,blue,,,cultural heritage ensemble,,Point(10.77696 49.92336),8.625,http://www.wikidata.org/entity/Q41397736,1.0,,,http://www.wikidata.org/entity/Q1516079,,"('49.92336', '10.77696')"
959,,49.92269,10.77682,Cultural heritage D-4-71-207-5 in Viereth-Trunstadt,,D,blue,,,house,,Point(10.77682 49.92269),8.604,http://www.wikidata.org/entity/Q41397737,1.0,,,http://www.wikidata.org/entity/Q3947,,"('49.92269', '10.77682')"
960,,49.92188,10.77616,Tropfhaus,,D,blue,,,cultural heritage ensemble,,Point(10.77616 49.92188),8.612,http://www.wikidata.org/entity/Q41397743,1.0,,,http://www.wikidata.org/entity/Q1516079,,"('49.92188', '10.77616')"
961,,49.92216,10.77656,Cultural heritage D-4-71-207-7 in Viereth-Trunstadt,,D,blue,,,cultural heritage ensemble,,Point(10.77656 49.92216),8.597,http://www.wikidata.org/entity/Q41397740,1.0,,,http://www.wikidata.org/entity/Q1516079,,"('49.92216', '10.77656')"
962,,49.92196,10.77631,Bauernhaus,,D,blue,,,house,,Point(10.77631 49.92196),8.605,http://www.wikidata.org/entity/Q41397741,1.0,,,http://www.wikidata.org/entity/Q3947,,"('49.92196', '10.77631')"
963,,49.83209707675,10.961420604227,Elektrizitätswerk,,D,blue,,,house,,Point(10.961420604 49.832097076),8.506,http://www.wikidata.org/entity/Q41397751,1.0,,,http://www.wikidata.org/entity/Q3947,,"('49.83209707675', '10.961420604227')"
964,,49.845701272236,10.961981981074,station building at Strullendorf station,,D,blue,,,station building,,Point(10.961981981 49.845701272),7.419,http://www.wikidata.org/entity/Q41397759,1.0,,,http://www.wikidata.org/entity/Q1339195,,"('49.845701272236', '10.961981981074')"
965,,49.84507,10.968,Gasthaus,,D,blue,,,Gasthaus,,Point(10.968 49.84507),7.784,http://www.wikidata.org/entity/Q41397756,1.0,,,http://www.wikidata.org/entity/Q5526694,,"('49.84507', '10.968')"
966,,49.85431,10.99889,Bauernhaus,,D,blue,,,house,,Point(10.99889 49.85431),9.037,http://www.wikidata.org/entity/Q41397793,1.0,,,http://www.wikidata.org/entity/Q3947,,"('49.85431', '10.99889')"
967,,49.854326070564,11.000483139301,Pfarrhof,,D,blue,,,cultural heritage ensemble,,Point(11.000483139 49.85432607),9.137,http://www.wikidata.org/entity/Q41397804,1.0,,,http://www.wikidata.org/entity/Q1516079,,"('49.854326070564', '11.000483139301')"
968,,49.88136,11.01374,Cultural heritage D-4-71-195-39 in Strullendorf,,D,blue,,,house,,Point(11.01374 49.88136),9.162,http://www.wikidata.org/entity/Q41397811,1.0,,,http://www.wikidata.org/entity/Q3947,,"('49.88136', '11.01374')"
969,,49.88154,11.01318,Bauernhof,,D,blue,,,cultural heritage ensemble,,Point(11.01318 49.88154),9.119,http://www.wikidata.org/entity/Q41397808,1.0,,,http://www.wikidata.org/entity/Q1516079,,"('49.88154', '11.01318')"
970,,49.88108,11.01445,Bauernhof,,D,blue,,,cultural heritage ensemble,,Point(11.01445 49.88108),9.216,http://www.wikidata.org/entity/Q41397814,1.0,,,http://www.wikidata.org/entity/Q1516079,,"('49.88108', '11.01445')"
971,,49.88101,11.01462,Bauernhof,,D,blue,,,cultural heritage ensemble,,Point(11.01462 49.88101),9.229,http://www.wikidata.org/entity/Q41397815,1.0,,,http://www.wikidata.org/entity/Q1516079,,"('49.88101', '11.01462')"
972,,49.88134,11.01391,Brauereigasthof,,D,blue,,,cultural heritage ensemble,,Point(11.01391 49.88134),9.174,http://www.wikidata.org/entity/Q41397813,1.0,,,http://www.wikidata.org/entity/Q1516079,,"('49.88134', '11.01391')"
973,,49.88063,11.0121,Cultural heritage D-4-71-195-44 in Strullendorf,,D,blue,,,cultural heritage ensemble,,Point(11.0121 49.88063),9.056,http://www.wikidata.org/entity/Q41397819,1.0,,,http://www.wikidata.org/entity/Q1516079,,"('49.88063', '11.0121')"
974,,49.88097,11.0128,Bauernhof,,D,blue,,,house,,Point(11.0128 49.88097),9.1,http://www.wikidata.org/entity/Q41397823,1.0,,,http://www.wikidata.org/entity/Q3947,,"('49.88097', '11.0128')"
975,,49.88092,11.01266,Bauernhaus,,D,blue,,,house,,Point(11.01266 49.88092),9.091,http://www.wikidata.org/entity/Q41397821,1.0,,,http://www.wikidata.org/entity/Q3947,,"('49.88092', '11.01266')"
976,,49.88088,11.01385,Bauernhaus,,D,blue,,,house,,Point(11.01385 49.88088),9.176,http://www.wikidata.org/entity/Q41397826,1.0,,,http://www.wikidata.org/entity/Q3947,,"('49.88088', '11.01385')"
977,,49.88039,11.0142,Pfarrhof,,D,blue,,,cultural heritage ensemble,,Point(11.0142 49.88039),9.208,http://www.wikidata.org/entity/Q41397828,1.0,,,http://www.wikidata.org/entity/Q1516079,,"('49.88039', '11.0142')"
978,,49.88078,11.01484,Bauernhaus,,D,blue,,,house,,Point(11.01484 49.88078),9.248,http://www.wikidata.org/entity/Q41397829,1.0,,,http://www.wikidata.org/entity/Q3947,,"('49.88078', '11.01484')"
979,,49.88078,11.01534,Bauernhaus,,D,blue,,,house,,Point(11.01534 49.88078),9.284,http://www.wikidata.org/entity/Q41397834,1.0,,,http://www.wikidata.org/entity/Q3947,,"('49.88078', '11.01534')"
980,,49.88056,11.01535,Bauernhaus,,D,blue,,,house,,Point(11.01535 49.88056),9.288,http://www.wikidata.org/entity/Q41397835,1.0,,,http://www.wikidata.org/entity/Q3947,,"('49.88056', '11.01535')"
981,,49.88072,11.01495,Baudenkmal,,D,blue,,,house,,Point(11.01495 49.88072),9.257,http://www.wikidata.org/entity/Q41397832,1.0,,,http://www.wikidata.org/entity/Q3947,,"('49.88072', '11.01495')"
982,,49.88052,11.01565,Bauernhaus,,D,blue,,,house,,Point(11.01565 49.88052),9.309,http://www.wikidata.org/entity/Q41397836,1.0,,,http://www.wikidata.org/entity/Q3947,,"('49.88052', '11.01565')"
983,,49.88025,11.0148,Bauernhaus,,D,blue,,,house,,Point(11.0148 49.88025),9.253,http://www.wikidata.org/entity/Q41397840,1.0,,,http://www.wikidata.org/entity/Q3947,,"('49.88025', '11.0148')"
984,,49.88025,11.01441,Bauernhaus,,D,blue,,,house,,Point(11.01441 49.88025),9.225,http://www.wikidata.org/entity/Q41397841,1.0,,,http://www.wikidata.org/entity/Q3947,,"('49.88025', '11.01441')"
985,,49.868875819941,11.023755567876,Bauernhaus,,D,blue,,,house,,Point(11.023755567 49.868875819),10.13,http://www.wikidata.org/entity/Q41397845,1.0,,,http://www.wikidata.org/entity/Q3947,,"('49.868875819941', '11.023755567876')"
986,,49.86842,11.02413,Scheune,,D,blue,,,cultural heritage ensemble,,Point(11.02413 49.86842),10.168,http://www.wikidata.org/entity/Q41397850,1.0,,,http://www.wikidata.org/entity/Q1516079,,"('49.86842', '11.02413')"
987,,49.86816,11.02911,Heiligenhäuschen,,D,blue,,,chapel-shrine,,Point(11.02911 49.86816),10.521,http://www.wikidata.org/entity/Q41397848,1.0,,,http://www.wikidata.org/entity/Q14552192,,"('49.86816', '11.02911')"
988,,49.86778,11.02902,Bauernhaus,,D,blue,,,house,,Point(11.02902 49.86778),10.525,http://www.wikidata.org/entity/Q41397859,1.0,,,http://www.wikidata.org/entity/Q3947,,"('49.86778', '11.02902')"
989,,49.86847,11.02703,Bauernhaus,,D,blue,,,house,,Point(11.02703 49.86847),10.368,http://www.wikidata.org/entity/Q41397856,1.0,,,http://www.wikidata.org/entity/Q3947,,"('49.86847', '11.02703')"
990,,49.87408,11.04563,Mühle,,D,blue,,,cultural heritage ensemble,,Point(11.04563 49.87408),11.542,http://www.wikidata.org/entity/Q41397862,1.0,,,http://www.wikidata.org/entity/Q1516079,,"('49.87408', '11.04563')"
991,,49.87415,11.04487,Scheune,,D,blue,,,cultural heritage ensemble,,Point(11.04487 49.87415),11.487,http://www.wikidata.org/entity/Q41397861,1.0,,,http://www.wikidata.org/entity/Q1516079,,"('49.87415', '11.04487')"
992,,49.868665212487,11.052255073349,Wallfahrtskapelle,,D,blue,,,chapel,,Point(11.052255073 49.868665212),12.123,http://www.wikidata.org/entity/Q41397882,1.0,,,http://www.wikidata.org/entity/Q108325,,"('49.868665212487', '11.052255073349')"
993,,49.87393,11.04461,Statue,,D,blue,,,cultural heritage ensemble,,Point(11.04461 49.87393),11.473,http://www.wikidata.org/entity/Q41397884,1.0,,,http://www.wikidata.org/entity/Q1516079,,"('49.87393', '11.04461')"
994,,49.86141,10.9983,Wegkapelle,,D,blue,,,chapel,,Point(10.9983 49.86141),8.663,http://www.wikidata.org/entity/Q41397901,1.0,,,http://www.wikidata.org/entity/Q108325,,"('49.86141', '10.9983')"
995,,49.86784,10.99682,Brauereigasthof,,D,blue,,,cultural heritage ensemble,,Point(10.99682 49.86784),8.311,http://www.wikidata.org/entity/Q41397915,1.0,,,http://www.wikidata.org/entity/Q1516079,,"('49.86784', '10.99682')"
996,,49.85794129011,11.005687005402,Cultural heritage D-4-71-195-105 in Strullendorf,,D,blue,,,cultural heritage ensemble,,Point(11.005687005 49.85794129),9.302,http://www.wikidata.org/entity/Q41397918,1.0,,,http://www.wikidata.org/entity/Q1516079,,"('49.85794129011', '11.005687005402')"
997,,49.858177671149,11.005995979681,Cultural heritage D-4-71-195-104 in Strullendorf,,D,blue,,,cultural heritage ensemble,,Point(11.005995979 49.858177671),9.312,http://www.wikidata.org/entity/Q41397916,1.0,,,http://www.wikidata.org/entity/Q1516079,,"('49.858177671149', '11.005995979681')"
998,,49.8578,11.00593,Bauernhaus,,D,blue,,,house,,Point(11.00593 49.8578),9.324,http://www.wikidata.org/entity/Q41397922,1.0,,,http://www.wikidata.org/entity/Q3947,,"('49.8578', '11.00593')"
999,,49.85821,11.0062,Kapelle,,D,blue,,,chapel,,Point(11.0062 49.85821),9.324,http://www.wikidata.org/entity/Q41397923,1.0,,,http://www.wikidata.org/entity/Q108325,,"('49.85821', '11.0062')"
1000,,49.85773,11.00526,Gasthaus,,D,blue,,,Gasthaus,,Point(11.00526 49.85773),9.284,http://www.wikidata.org/entity/Q41397920,1.0,,,http://www.wikidata.org/entity/Q5526694,,"('49.85773', '11.00526')"
1001,,49.859507859288,11.009734228846,Wasserschloss,,D,blue,,,Schloss,,Point(11.009734228 49.859507859),9.501,http://www.wikidata.org/entity/Q41397935,1.0,,,http://www.wikidata.org/entity/Q16823155,,"('49.859507859288', '11.009734228846')"
1002,,49.8592,11.00881,Cultural heritage D-4-71-195-112 in Strullendorf,,D,blue,,,house,,Point(11.00881 49.8592),9.453,http://www.wikidata.org/entity/Q41397933,1.0,,,http://www.wikidata.org/entity/Q3947,,"('49.8592', '11.00881')"
1003,,49.8638,10.84162,Bauernhaus,,D,blue,,,house,,Point(10.84162 49.8638),4.479,http://www.wikidata.org/entity/Q41397960,1.0,,,http://www.wikidata.org/entity/Q3947,,"('49.8638', '10.84162')"
1004,,49.85382,10.81369,Gedenkstein,,D,blue,,,conciliation cross,,Point(10.81369 49.85382),6.718,http://www.wikidata.org/entity/Q41397972,1.0,,,http://www.wikidata.org/entity/Q1640496,,"('49.85382', '10.81369')"
1005,,49.85431,10.86502,Gutshof,,D,blue,,,monastery,,Point(10.86502 49.85431),4.432,http://www.wikidata.org/entity/Q41397983,1.0,,,http://www.wikidata.org/entity/Q44613,,"('49.85431', '10.86502')"
1006,,49.852363716032,10.87880507704,Bauernhaus,,D,blue,,,house,,Point(10.878805077 49.852363716),4.401,http://www.wikidata.org/entity/Q41397991,1.0,,,http://www.wikidata.org/entity/Q3947,,"('49.852363716032', '10.87880507704')"
1007,,49.85204,10.87896,Cultural heritage D-4-71-191-28 in Stegaurach,,D,blue,,,cultural heritage ensemble,,Point(10.87896 49.85204),4.435,http://www.wikidata.org/entity/Q41397989,1.0,,,http://www.wikidata.org/entity/Q1516079,,"('49.85204', '10.87896')"
1008,,49.93121,10.88179,Wegkreuz,,D,blue,,,cultural heritage ensemble,,Point(10.88179 49.93121),4.419,http://www.wikidata.org/entity/Q41397995,1.0,,,http://www.wikidata.org/entity/Q1516079,,"('49.93121', '10.88179')"
1009,,49.93589,10.88245,Bildstock,,D,blue,,,cultural heritage ensemble,,Point(10.88245 49.93589),4.934,http://www.wikidata.org/entity/Q41397998,1.0,,,http://www.wikidata.org/entity/Q1516079,,"('49.93589', '10.88245')"
1011,,49.93119817081,10.882383671353,Gutshof,,D,blue,,,cultural heritage ensemble,,Point(10.882383671 49.93119817),4.414,http://www.wikidata.org/entity/Q41397997,1.0,,,http://www.wikidata.org/entity/Q1516079,,"('49.93119817081', '10.882383671353')"
1012,,49.92847606341,10.875941039628,Cultural heritage D-4-71-140-4 in Hallstadt,,D,blue,,,house,,Point(10.875941039 49.928476063),4.173,http://www.wikidata.org/entity/Q41398002,1.0,,,http://www.wikidata.org/entity/Q3947,,"('49.92847606341', '10.875941039628')"
1013,,49.928704267719,10.873131681317,Bauernhaus,,D,blue,,,house,,Point(10.873131681 49.928704267),4.24,http://www.wikidata.org/entity/Q41398000,1.0,,,http://www.wikidata.org/entity/Q3947,,"('49.928704267719', '10.873131681317')"
1014,,49.92857387829,10.87533967738,Stadtzollhaus,,D,blue,,,house,,Point(10.875339677 49.928573878),4.192,http://www.wikidata.org/entity/Q41398001,1.0,,,http://www.wikidata.org/entity/Q3947,,"('49.92857387829', '10.87533967738')"
1015,,49.92886,10.87717,Cultural heritage D-4-71-140-88 in Hallstadt,,D,blue,,,house,,Point(10.87717 49.92886),4.2,http://www.wikidata.org/entity/Q41398006,1.0,,,http://www.wikidata.org/entity/Q3947,,"('49.92886', '10.87717')"
1016,,49.92855,10.87624,Baudenkmal,,D,blue,,,house,,Point(10.87624 49.92855),4.178,http://www.wikidata.org/entity/Q41398004,1.0,,,http://www.wikidata.org/entity/Q3947,,"('49.92855', '10.87624')"
1017,,49.92874,10.877,Cultural heritage D-4-71-140-94 in Hallstadt,,D,blue,,,house,,Point(10.877 49.92874),4.189,http://www.wikidata.org/entity/Q41398005,1.0,,,http://www.wikidata.org/entity/Q3947,,"('49.92874', '10.877')"
1018,,49.929242501463,10.878238466846,Forsthaus,,D,blue,,,house,,Point(10.878238466 49.929242501),4.23,http://www.wikidata.org/entity/Q41398010,1.0,,,http://www.wikidata.org/entity/Q3947,,"('49.929242501463', '10.878238466846')"
1019,,49.930013070317,10.879997748288,Kreuz,,D,blue,,,cultural heritage ensemble,,Point(10.879997748 49.93001307),4.299,http://www.wikidata.org/entity/Q41398011,1.0,,,http://www.wikidata.org/entity/Q1516079,,"('49.930013070317', '10.879997748288')"
1020,,49.929839388137,10.878991207476,Mühle,,D,blue,,,cultural heritage ensemble,,Point(10.878991207 49.929839388),4.288,http://www.wikidata.org/entity/Q41398008,1.0,,,http://www.wikidata.org/entity/Q1516079,,"('49.929839388137', '10.878991207476')"
1021,,49.930198083158,10.88296580315,Cultural heritage D-4-71-140-9 in Hallstadt,,D,blue,,,cultural heritage ensemble,,Point(10.882965803 49.930198083),4.3,http://www.wikidata.org/entity/Q41398014,1.0,,,http://www.wikidata.org/entity/Q1516079,,"('49.930198083158', '10.88296580315')"
1022,,49.92773,10.8752,Cultural heritage D-4-71-140-11 in Hallstadt,,D,blue,,,house,,Point(10.8752 49.92773),4.102,http://www.wikidata.org/entity/Q41398018,1.0,,,http://www.wikidata.org/entity/Q3947,,"('49.92773', '10.8752')"
1023,,49.92758,10.87521,Gasthaus,,D,blue,,,cultural heritage ensemble,,Point(10.87521 49.92758),4.086,http://www.wikidata.org/entity/Q41398019,1.0,,,http://www.wikidata.org/entity/Q1516079,,"('49.92758', '10.87521')"
1024,,49.92794,10.87521,Bauernhaus,,D,blue,,,house,,Point(10.87521 49.92794),4.125,http://www.wikidata.org/entity/Q41398016,1.0,,,http://www.wikidata.org/entity/Q3947,,"('49.92794', '10.87521')"
1025,,49.92691,10.87478,Bauernhaus,,D,blue,,,house,,Point(10.87478 49.92691),4.02,http://www.wikidata.org/entity/Q41398020,1.0,,,http://www.wikidata.org/entity/Q3947,,"('49.92691', '10.87478')"
1026,,49.92203,10.87454,Bildstock,,D,blue,,,cultural heritage ensemble,,Point(10.87454 49.92203),3.496,http://www.wikidata.org/entity/Q41398024,1.0,,,http://www.wikidata.org/entity/Q1516079,,"('49.92203', '10.87454')"
1028,,49.9212,10.8746,Siechenheim,,D,blue,,,house,,Point(10.8746 49.9212),3.406,http://www.wikidata.org/entity/Q41398025,1.0,,,http://www.wikidata.org/entity/Q3947,,"('49.9212', '10.8746')"
1029,,49.92914,10.8745,Bauernhaus,,D,blue,,,house,,Point(10.8745 49.92914),4.266,http://www.wikidata.org/entity/Q41398030,1.0,,,http://www.wikidata.org/entity/Q3947,,"('49.92914', '10.8745')"
1030,,49.92903,10.87403,Baudenkmal,,D,blue,,,house,,Point(10.87403 49.92903),4.261,http://www.wikidata.org/entity/Q41398031,1.0,,,http://www.wikidata.org/entity/Q3947,,"('49.92903', '10.87403')"
1031,,49.92917,10.87461,Cultural heritage D-4-71-140-77 in Hallstadt,,D,blue,,,house,,Point(10.87461 49.92917),4.268,http://www.wikidata.org/entity/Q41398029,1.0,,,http://www.wikidata.org/entity/Q3947,,"('49.92917', '10.87461')"
1032,,49.937965795232,10.857893229873,Baudenkmal,,D,blue,,,cultural heritage ensemble,,Point(10.857893229 49.937965795),5.556,http://www.wikidata.org/entity/Q41398035,1.0,,,http://www.wikidata.org/entity/Q1516079,,"('49.937965795232', '10.857893229873')"
1033,,49.92516,10.87834,Friedhof,,D,blue,,,cultural heritage ensemble,,Point(10.87834 49.92516),3.78,http://www.wikidata.org/entity/Q41398033,1.0,,,http://www.wikidata.org/entity/Q1516079,,"('49.92516', '10.87834')"
1034,,49.92987,10.87694,Cultural heritage D-4-71-140-25 in Hallstadt,,D,blue,,,house,,Point(10.87694 49.92987),4.313,http://www.wikidata.org/entity/Q41398039,1.0,,,http://www.wikidata.org/entity/Q3947,,"('49.92987', '10.87694')"
1035,,49.92976,10.87641,Cultural heritage D-4-71-140-22 in Hallstadt,,D,blue,,,house,,Point(10.87641 49.92976),4.308,http://www.wikidata.org/entity/Q41398037,1.0,,,http://www.wikidata.org/entity/Q3947,,"('49.92976', '10.87641')"
1036,,49.93056,10.87952,Bauernhaus,,D,blue,,,house,,Point(10.87952 49.93056),4.363,http://www.wikidata.org/entity/Q41398043,1.0,,,http://www.wikidata.org/entity/Q3947,,"('49.93056', '10.87952')"
1037,,49.93084,10.8806,Bauernhof,,D,blue,,,cultural heritage ensemble,,Point(10.8806 49.93084),4.385,http://www.wikidata.org/entity/Q41398047,1.0,,,http://www.wikidata.org/entity/Q1516079,,"('49.93084', '10.8806')"
1038,,49.93074,10.87919,Gasthaus,,D,blue,,,cultural heritage ensemble,,Point(10.87919 49.93074),4.386,http://www.wikidata.org/entity/Q41398044,1.0,,,http://www.wikidata.org/entity/Q1516079,,"('49.93074', '10.87919')"
1039,,49.93089,10.87956,Bauernhaus,,D,blue,,,house,,Point(10.87956 49.93089),4.399,http://www.wikidata.org/entity/Q41398045,1.0,,,http://www.wikidata.org/entity/Q3947,,"('49.93089', '10.87956')"
1040,,49.93115,10.88106,Cultural heritage D-4-71-140-32 in Hallstadt,,D,blue,,,house,,Point(10.88106 49.93115),4.417,http://www.wikidata.org/entity/Q41398048,1.0,,,http://www.wikidata.org/entity/Q3947,,"('49.93115', '10.88106')"
1041,,49.92899,10.87506,Marktbrunnen,,D,blue,,,water well,,Point(10.87506 49.92899),4.242,http://www.wikidata.org/entity/Q41398055,1.0,,,http://www.wikidata.org/entity/Q43483,,"('49.92899', '10.87506')"
1042,,49.92865,10.8722,Gasthaus,,D,blue,,,Gasthaus,,Point(10.8722 49.92865),4.251,http://www.wikidata.org/entity/Q41398052,1.0,,,http://www.wikidata.org/entity/Q5526694,,"('49.92865', '10.8722')"
1043,,49.92911,10.87069,Bauernhaus,,D,blue,,,house,,Point(10.87069 49.92911),4.328,http://www.wikidata.org/entity/Q41398053,1.0,,,http://www.wikidata.org/entity/Q3947,,"('49.92911', '10.87069')"
1044,,49.928844559691,10.87562023246,Badehaus,,D,blue,,,house,,Point(10.875620232 49.928844559),4.218,http://www.wikidata.org/entity/Q41398059,1.0,,,http://www.wikidata.org/entity/Q3947,,"('49.928844559691', '10.87562023246')"
1045,,49.92861,10.875,Gasthaus,,D,blue,,,Gasthaus,,Point(10.875 49.92861),4.201,http://www.wikidata.org/entity/Q41398057,1.0,,,http://www.wikidata.org/entity/Q5526694,,"('49.92861', '10.875')"
1046,,49.92887,10.87448,Mühle,,D,blue,,,cultural heritage ensemble,,Point(10.87448 49.92887),4.237,http://www.wikidata.org/entity/Q41398060,1.0,,,http://www.wikidata.org/entity/Q1516079,,"('49.92887', '10.87448')"
1047,,49.929,10.87478,Gasthaus,,D,blue,,,Gasthaus,,Point(10.87478 49.929),4.247,http://www.wikidata.org/entity/Q41398066,1.0,,,http://www.wikidata.org/entity/Q5526694,,"('49.929', '10.87478')"
1048,,49.92924,10.8761,Kriegerdenkmal,,D,blue,,,war memorial,,Point(10.8761 49.92924),4.255,http://www.wikidata.org/entity/Q41398064,1.0,,,http://www.wikidata.org/entity/Q575759,,"('49.92924', '10.8761')"
1049,,49.92899,10.8746,Cultural heritage D-4-71-140-44 in Hallstadt,,D,blue,,,house,,Point(10.8746 49.92899),4.248,http://www.wikidata.org/entity/Q41398065,1.0,,,http://www.wikidata.org/entity/Q3947,,"('49.92899', '10.8746')"
1050,,49.929213750172,10.875042193331,Amtshaus,,D,blue,,,administrative building,,Point(10.875042193 49.92921375),4.266,http://www.wikidata.org/entity/Q41398068,1.0,,,http://www.wikidata.org/entity/Q2519340,,"('49.929213750172', '10.875042193331')"
1052,,49.929266356579,10.876444752216,Pfarrhaus,,D,blue,,,clergy house,,Point(10.876444752 49.929266356),4.253,http://www.wikidata.org/entity/Q41398069,1.0,,,http://www.wikidata.org/entity/Q607241,,"('49.929266356579', '10.876444752216')"
1053,,49.92952,10.876,Cultural heritage D-4-71-140-50 in Hallstadt,,D,blue,,,house,,Point(10.876 49.92952),4.287,http://www.wikidata.org/entity/Q41398074,1.0,,,http://www.wikidata.org/entity/Q3947,,"('49.92952', '10.876')"
1054,,49.92924,10.87531,Bauernhaus,,D,blue,,,house,,Point(10.87531 49.92924),4.265,http://www.wikidata.org/entity/Q41398072,1.0,,,http://www.wikidata.org/entity/Q3947,,"('49.92924', '10.87531')"
1055,,49.929315180031,10.875587743432,Cultural heritage D-4-71-140-49 in Hallstadt,,D,blue,,,house,,Point(10.875587743 49.92931518),4.27,http://www.wikidata.org/entity/Q41398073,1.0,,,http://www.wikidata.org/entity/Q3947,,"('49.929315180031', '10.875587743432')"
1056,,49.93062,10.8693,Statue,,D,blue,,,cultural heritage ensemble,,Point(10.8693 49.93062),4.516,http://www.wikidata.org/entity/Q41398078,1.0,,,http://www.wikidata.org/entity/Q1516079,,"('49.93062', '10.8693')"
1057,,49.92873,10.87518,Straßenbrücke,,D,blue,,,cultural heritage ensemble,,Point(10.87518 49.92873),4.212,http://www.wikidata.org/entity/Q41398076,1.0,,,http://www.wikidata.org/entity/Q1516079,,"('49.92873', '10.87518')"
1058,,49.931429284331,10.869282132746,Landschloss,,D,blue,,,cultural heritage ensemble,,Point(10.869282132 49.931429284),4.603,http://www.wikidata.org/entity/Q41398080,1.0,,,http://www.wikidata.org/entity/Q1516079,,"('49.931429284331', '10.869282132746')"
1059,,49.93207,10.86992,Baudenkmal,,D,blue,,,cultural heritage ensemble,,Point(10.86992 49.93207),4.66,http://www.wikidata.org/entity/Q41398081,1.0,,,http://www.wikidata.org/entity/Q1516079,,"('49.93207', '10.86992')"
1061,,49.93064,10.87869,Wegkreuz,,D,blue,,,cultural heritage ensemble,,Point(10.87869 49.93064),4.379,http://www.wikidata.org/entity/Q41398087,1.0,,,http://www.wikidata.org/entity/Q1516079,,"('49.93064', '10.87869')"
1062,,49.933,10.88153,Baudenkmal,,D,blue,,,cultural heritage ensemble,,Point(10.88153 49.933),4.618,http://www.wikidata.org/entity/Q41398084,1.0,,,http://www.wikidata.org/entity/Q1516079,,"('49.933', '10.88153')"
1064,,49.92904,10.87711,Baudenkmal,,D,blue,,,water well,,Point(10.87711 49.92904),4.22,http://www.wikidata.org/entity/Q41398085,1.0,,,http://www.wikidata.org/entity/Q43483,,"('49.92904', '10.87711')"
1065,,49.92325,10.8719,Heiligenhäuschen,,D,blue,,,cultural heritage ensemble,,Point(10.8719 49.92325),3.678,http://www.wikidata.org/entity/Q41398090,1.0,,,http://www.wikidata.org/entity/Q1516079,,"('49.92325', '10.8719')"
1066,,49.93144,10.892,Bildstock,,D,blue,,,cultural heritage ensemble,,Point(10.892 49.93144),4.445,http://www.wikidata.org/entity/Q41398091,1.0,,,http://www.wikidata.org/entity/Q1516079,,"('49.93144', '10.892')"
1067,,49.93112,10.87808,Bildstock,,D,blue,,,cultural heritage ensemble,,Point(10.87808 49.93112),4.438,http://www.wikidata.org/entity/Q41398088,1.0,,,http://www.wikidata.org/entity/Q1516079,,"('49.93112', '10.87808')"
1069,,49.93133,10.85463,Bildstock,,D,blue,,,cultural heritage ensemble,,Point(10.85463 49.93133),4.983,http://www.wikidata.org/entity/Q41398102,1.0,,,http://www.wikidata.org/entity/Q1516079,,"('49.93133', '10.85463')"
1071,,49.93201,10.85403,Kellerhaus,,D,blue,,,house,,Point(10.85403 49.93201),5.07,http://www.wikidata.org/entity/Q41398105,1.0,,,http://www.wikidata.org/entity/Q3947,,"('49.93201', '10.85403')"
1072,,49.93086,10.86133,Heiligenhäuschen,,D,blue,,,cultural heritage ensemble,,Point(10.86133 49.93086),4.732,http://www.wikidata.org/entity/Q41398108,1.0,,,http://www.wikidata.org/entity/Q1516079,,"('49.93086', '10.86133')"
1073,,49.92696,10.84519,Marter,,D,blue,,,cultural heritage ensemble,,Point(10.84519 49.92696),4.935,http://www.wikidata.org/entity/Q41398109,1.0,,,http://www.wikidata.org/entity/Q1516079,,"('49.92696', '10.84519')"
1074,,49.97511,11.0323,Kellerhaus,,D,blue,,,cultural heritage ensemble,,Point(11.0323 49.97511),13.949,http://www.wikidata.org/entity/Q41398121,1.0,,,http://www.wikidata.org/entity/Q1516079,,"('49.97511', '11.0323')"
1075,,49.97508,11.03469,Bürgerhaus,,D,blue,,,house,,Point(11.03469 49.97508),14.075,http://www.wikidata.org/entity/Q41398126,1.0,,,http://www.wikidata.org/entity/Q3947,,"('49.97508', '11.03469')"
1076,,49.97533,11.03525,Cultural heritage D-4-71-185-5 in Scheßlitz,,D,blue,,,house,,Point(11.03525 49.97533),14.124,http://www.wikidata.org/entity/Q41398125,1.0,,,http://www.wikidata.org/entity/Q3947,,"('49.97533', '11.03525')"
1077,,49.977178787548,11.028989475002,Bauernhof,,D,blue,,,cultural heritage ensemble,,Point(11.028989475 49.977178787),13.929,http://www.wikidata.org/entity/Q41398139,1.0,,,http://www.wikidata.org/entity/Q1516079,,"('49.977178787548', '11.028989475002')"
1078,,49.97701,11.02973,Schmiede,,D,blue,,,cultural heritage ensemble,,Point(11.02973 49.97701),13.955,http://www.wikidata.org/entity/Q41398140,1.0,,,http://www.wikidata.org/entity/Q1516079,,"('49.97701', '11.02973')"
1079,,49.97784,11.0291,Cultural heritage D-4-71-185-16 in Scheßlitz,,D,blue,,,house,,Point(11.0291 49.97784),13.985,http://www.wikidata.org/entity/Q41398146,1.0,,,http://www.wikidata.org/entity/Q3947,,"('49.97784', '11.0291')"
1080,,49.97772,11.02843,Cultural heritage D-4-71-185-14 in Scheßlitz,,D,blue,,,house,,Point(11.02843 49.97772),13.941,http://www.wikidata.org/entity/Q41398144,1.0,,,http://www.wikidata.org/entity/Q3947,,"('49.97772', '11.02843')"
1081,,49.97788,11.02943,Bauernhof,,D,blue,,,cultural heritage ensemble,,Point(11.02943 49.97788),14.005,http://www.wikidata.org/entity/Q41398145,1.0,,,http://www.wikidata.org/entity/Q1516079,,"('49.97788', '11.02943')"
1082,,49.97619,11.03313,Brunnenfigur,,D,blue,,,water well,,Point(11.03313 49.97619),14.073,http://www.wikidata.org/entity/Q41398159,1.0,,,http://www.wikidata.org/entity/Q43483,,"('49.97619', '11.03313')"
1083,,49.97577,11.03098,Cultural heritage D-4-71-185-25 in Scheßlitz,,D,blue,,,house,,Point(11.03098 49.97577),13.928,http://www.wikidata.org/entity/Q41398163,1.0,,,http://www.wikidata.org/entity/Q3947,,"('49.97577', '11.03098')"
1084,,49.97585,11.03034,Cultural heritage D-4-71-185-24 in Scheßlitz,,D,blue,,,house,,Point(11.03034 49.97585),13.9,http://www.wikidata.org/entity/Q41398160,1.0,,,http://www.wikidata.org/entity/Q3947,,"('49.97585', '11.03034')"
1085,,49.97583,11.03167,Kirche,,D,blue,,,chapel,,Point(11.03167 49.97583),13.969,http://www.wikidata.org/entity/Q41398166,1.0,,,http://www.wikidata.org/entity/Q108325,,"('49.97583', '11.03167')"
1086,,49.97608,11.03118,Cultural heritage D-4-71-185-26 in Scheßlitz,,D,blue,,,house,,Point(11.03118 49.97608),13.962,http://www.wikidata.org/entity/Q41398164,1.0,,,http://www.wikidata.org/entity/Q3947,,"('49.97608', '11.03118')"
1087,,49.97629,11.03221,Ackerbürgerhaus,,D,blue,,,house,,Point(11.03221 49.97629),14.032,http://www.wikidata.org/entity/Q41398171,1.0,,,http://www.wikidata.org/entity/Q3947,,"('49.97629', '11.03221')"
1088,,49.976196148562,11.031766013412,Gerberei,,D,blue,,,house,,Point(11.031766013 49.976196148),14.001,http://www.wikidata.org/entity/Q41398168,1.0,,,http://www.wikidata.org/entity/Q3947,,"('49.976196148562', '11.031766013412')"
1089,,49.97605,11.03239,Cultural heritage D-4-71-185-31 in Scheßlitz,,D,blue,,,house,,Point(11.03239 49.97605),14.024,http://www.wikidata.org/entity/Q41398169,1.0,,,http://www.wikidata.org/entity/Q3947,,"('49.97605', '11.03239')"
1090,,49.97602,11.03288,Cultural heritage D-4-71-185-34 in Scheßlitz,,D,blue,,,house,,Point(11.03288 49.97602),14.048,http://www.wikidata.org/entity/Q41398174,1.0,,,http://www.wikidata.org/entity/Q3947,,"('49.97602', '11.03288')"
1091,,49.97608,11.03265,Rathaus,,D,blue,,,house,,Point(11.03265 49.97608),14.04,http://www.wikidata.org/entity/Q41398173,1.0,,,http://www.wikidata.org/entity/Q3947,,"('49.97608', '11.03265')"
1092,,49.976006502949,11.033051028713,Cultural heritage D-4-71-185-36 in Scheßlitz,,D,blue,,,cultural heritage ensemble,,Point(11.033051028 49.976006502),14.056,http://www.wikidata.org/entity/Q41398178,1.0,,,http://www.wikidata.org/entity/Q1516079,,"('49.976006502949', '11.033051028713')"
1093,,49.976339464014,11.032521870604,Baudenkmal,,D,blue,,,cultural heritage ensemble,,Point(11.03252187 49.976339464),14.052,http://www.wikidata.org/entity/Q41398177,1.0,,,http://www.wikidata.org/entity/Q1516079,,"('49.976339464014', '11.032521870604')"
1094,,49.975989523766,11.033557684774,Kastenamt,,D,blue,,,official residence,,Point(11.033557684 49.975989523),14.081,http://www.wikidata.org/entity/Q41398183,1.0,,,http://www.wikidata.org/entity/Q481289,,"('49.975989523766', '11.033557684774')"
1096,,49.976368002464,11.032806473373,Gasthaus,,D,blue,,,cultural heritage ensemble,,Point(11.032806473 49.976368002),14.069,http://www.wikidata.org/entity/Q41398180,1.0,,,http://www.wikidata.org/entity/Q1516079,,"('49.976368002464', '11.032806473373')"
1097,,49.976059311495,11.033195274804,Cultural heritage D-4-71-185-38 in Scheßlitz,,D,blue,,,house,,Point(11.033195274 49.976059311),14.067,http://www.wikidata.org/entity/Q41398181,1.0,,,http://www.wikidata.org/entity/Q3947,,"('49.976059311495', '11.033195274804')"
1098,,49.9762,11.03349,Bürgerhaus,,D,blue,,,house,,Point(11.03349 49.9762),14.093,http://www.wikidata.org/entity/Q41398185,1.0,,,http://www.wikidata.org/entity/Q3947,,"('49.9762', '11.03349')"
1099,,49.976418023462,11.033678133405,Gasthaus,,D,blue,,,cultural heritage ensemble,,Point(11.033678133 49.976418023),14.12,http://www.wikidata.org/entity/Q41398190,1.0,,,http://www.wikidata.org/entity/Q1516079,,"('49.976418023462', '11.033678133405')"
1100,,49.976448835008,11.033947904882,Cultural heritage D-4-71-185-46 in Scheßlitz,,D,blue,,,house,,Point(11.033947904 49.976448835),14.136,http://www.wikidata.org/entity/Q41398191,1.0,,,http://www.wikidata.org/entity/Q3947,,"('49.976448835008', '11.033947904882')"
1101,,49.976396093971,11.033422412399,Cultural heritage D-4-71-185-43 in Scheßlitz,,D,blue,,,house,,Point(11.033422412 49.976396093),14.104,http://www.wikidata.org/entity/Q41398188,1.0,,,http://www.wikidata.org/entity/Q3947,,"('49.976396093971', '11.033422412399')"
1102,,49.97619,11.03376,Mühle,,D,blue,,,cultural heritage ensemble,,Point(11.03376 49.97619),14.107,http://www.wikidata.org/entity/Q41398189,1.0,,,http://www.wikidata.org/entity/Q1516079,,"('49.97619', '11.03376')"
1103,,49.97647,11.03406,Cultural heritage D-4-71-185-47 in Scheßlitz,,D,blue,,,house,,Point(11.03406 49.97647),14.144,http://www.wikidata.org/entity/Q41398193,1.0,,,http://www.wikidata.org/entity/Q3947,,"('49.97647', '11.03406')"
1104,,49.97536,11.03021,Apotheke,,D,blue,,,house,,Point(11.03021 49.97536),13.857,http://www.wikidata.org/entity/Q41398202,1.0,,,http://www.wikidata.org/entity/Q3947,,"('49.97536', '11.03021')"
1105,,49.974822461514,11.02923938858,Cultural heritage D-4-71-185-59 in Scheßlitz,,D,blue,,,house,,Point(11.029239388 49.974822461),13.765,http://www.wikidata.org/entity/Q41398213,1.0,,,http://www.wikidata.org/entity/Q3947,,"('49.974822461514', '11.02923938858')"
1106,,49.976606820414,11.034572069231,Brauereigasthof,,D,blue,,,cultural heritage ensemble,,Point(11.034572069 49.97660682),14.181,http://www.wikidata.org/entity/Q41398217,1.0,,,http://www.wikidata.org/entity/Q1516079,,"('49.976606820414', '11.034572069231')"
1107,,49.976776560209,11.035278567424,Cultural heritage D-4-71-185-66 in Scheßlitz,,D,blue,,,cultural heritage ensemble,,Point(11.035278567 49.97677656),14.231,http://www.wikidata.org/entity/Q41398221,1.0,,,http://www.wikidata.org/entity/Q1516079,,"('49.976776560209', '11.035278567424')"
1108,,49.97931167678,11.031380747795,Getreidemühle,,D,blue,,,cultural heritage ensemble,,Point(11.031380747 49.979311676),14.216,http://www.wikidata.org/entity/Q41398238,1.0,,,http://www.wikidata.org/entity/Q1516079,,"('49.97931167678', '11.031380747795')"
1109,,49.97919,11.03117,Bildstock,,D,blue,,,cultural heritage ensemble,,Point(11.03117 49.97919),14.196,http://www.wikidata.org/entity/Q41398236,1.0,,,http://www.wikidata.org/entity/Q1516079,,"('49.97919', '11.03117')"
1111,,49.97584,11.03491,Gasthaus,,D,blue,,,Gasthaus,,Point(11.03491 49.97584),14.143,http://www.wikidata.org/entity/Q41398246,1.0,,,http://www.wikidata.org/entity/Q5526694,,"('49.97584', '11.03491')"
1112,,49.97555,11.0355,Vogtei,,D,blue,,,cultural heritage ensemble,,Point(11.0355 49.97555),14.153,http://www.wikidata.org/entity/Q41398247,1.0,,,http://www.wikidata.org/entity/Q1516079,,"('49.97555', '11.0355')"
1113,,49.9759,11.03567,Pfarrhaus,,D,blue,,,clergy house,,Point(11.03567 49.9759),14.188,http://www.wikidata.org/entity/Q41398244,1.0,,,http://www.wikidata.org/entity/Q607241,,"('49.9759', '11.03567')"
1114,,49.97576,11.03544,Benefiziatenhaus,,D,blue,,,house,,Point(11.03544 49.97576),14.165,http://www.wikidata.org/entity/Q41398245,1.0,,,http://www.wikidata.org/entity/Q3947,,"('49.97576', '11.03544')"
1115,,49.97548,11.03524,Cultural heritage D-4-71-185-82 in Scheßlitz,,D,blue,,,house,,Point(11.03524 49.97548),14.134,http://www.wikidata.org/entity/Q41398249,1.0,,,http://www.wikidata.org/entity/Q3947,,"('49.97548', '11.03524')"
1116,,49.95647,11.05521,Kreuzwegstation,,D,blue,,,cultural heritage ensemble,,Point(11.05521 49.95647),14.045,http://www.wikidata.org/entity/Q41398359,1.0,,,http://www.wikidata.org/entity/Q1516079,,"('49.95647', '11.05521')"
1117,,49.95842,11.05284,Bildstock,,D,blue,,,cultural heritage ensemble,,Point(11.05284 49.95842),14.014,http://www.wikidata.org/entity/Q41398360,1.0,,,http://www.wikidata.org/entity/Q1516079,,"('49.95842', '11.05284')"
1119,,49.93644,11.07918,Kapelle,,D,blue,,,chapel,,Point(11.07918 49.93644),14.645,http://www.wikidata.org/entity/Q41398382,1.0,,,http://www.wikidata.org/entity/Q108325,,"('49.93644', '11.07918')"
1120,,49.950482067989,11.036220962907,Fohlenstall,,D,blue,,,cultural heritage ensemble,,Point(11.036220962 49.950482067),12.538,http://www.wikidata.org/entity/Q41398407,1.0,,,http://www.wikidata.org/entity/Q1516079,,"('49.950482067989', '11.036220962907')"
1121,,49.95944,10.99992,Pumpbrunnen,,D,blue,,,water well,,Point(10.99992 49.95944),11.064,http://www.wikidata.org/entity/Q41398464,1.0,,,http://www.wikidata.org/entity/Q43483,,"('49.95944', '10.99992')"
1122,,49.95948,10.99995,Kreuz,,D,blue,,,cultural heritage ensemble,,Point(10.99995 49.95948),11.068,http://www.wikidata.org/entity/Q41398465,1.0,,,http://www.wikidata.org/entity/Q1516079,,"('49.95948', '10.99995')"
1123,,49.99671,10.99837,Kapelle,,D,blue,,,chapel,,Point(10.99837 49.99671),14.151,http://www.wikidata.org/entity/Q41398514,1.0,,,http://www.wikidata.org/entity/Q108325,,"('49.99671', '10.99837')"
1124,,49.96107,11.05682,Cultural heritage D-4-71-185-282 in Scheßlitz,,D,blue,,,house,,Point(11.05682 49.96107),14.411,http://www.wikidata.org/entity/Q41398541,1.0,,,http://www.wikidata.org/entity/Q3947,,"('49.96107', '11.05682')"
1125,,49.9585,11.06058,Bauernhaus,,D,blue,,,house,,Point(11.06058 49.9585),14.491,http://www.wikidata.org/entity/Q41398544,1.0,,,http://www.wikidata.org/entity/Q3947,,"('49.9585', '11.06058')"
1126,,49.95897,11.0591,Köblergut,,D,blue,,,house,,Point(11.0591 49.95897),14.427,http://www.wikidata.org/entity/Q41398545,1.0,,,http://www.wikidata.org/entity/Q3947,,"('49.95897', '11.0591')"
1127,,50.01992,10.82704,Gasthaus,,D,blue,,,Gasthaus,,Point(10.82704 50.01992),14.895,http://www.wikidata.org/entity/Q41398572,1.0,,,http://www.wikidata.org/entity/Q5526694,,"('50.01992', '10.82704')"
1128,,50.02008,10.82658,Cultural heritage D-4-71-175-11 in Reckendorf,,D,blue,,,house,,Point(10.82658 50.02008),14.922,http://www.wikidata.org/entity/Q41398578,1.0,,,http://www.wikidata.org/entity/Q3947,,"('50.02008', '10.82658')"
1129,,50.019907724828,10.826652522082,Brauereigasthof,,D,blue,,,cultural heritage ensemble,,Point(10.826652522 50.019907724),14.902,http://www.wikidata.org/entity/Q41398577,1.0,,,http://www.wikidata.org/entity/Q1516079,,"('50.019907724828', '10.826652522082')"
1130,,50.01403,10.88469,Torhaus,,D,blue,,,house,,Point(10.88469 50.01403),13.613,http://www.wikidata.org/entity/Q41398623,1.0,,,http://www.wikidata.org/entity/Q3947,,"('50.01403', '10.88469')"
1131,,50.0182,10.88636,Cultural heritage D-4-71-174-24 in Rattelsdorf,,D,blue,,,house,,Point(10.88636 50.0182),14.076,http://www.wikidata.org/entity/Q41398626,1.0,,,http://www.wikidata.org/entity/Q3947,,"('50.0182', '10.88636')"
1132,,50.01877,10.88638,Gasthaus,,D,blue,,,cultural heritage ensemble,,Point(10.88638 50.01877),14.14,http://www.wikidata.org/entity/Q41398627,1.0,,,http://www.wikidata.org/entity/Q1516079,,"('50.01877', '10.88638')"
1133,,50.01772,10.89766,Bildstock,,D,blue,,,cultural heritage ensemble,,Point(10.89766 50.01772),14.044,http://www.wikidata.org/entity/Q41398624,1.0,,,http://www.wikidata.org/entity/Q1516079,,"('50.01772', '10.89766')"
1135,,50.01924,10.88582,Mühle,,D,blue,,,cultural heritage ensemble,,Point(10.88582 50.01924),14.192,http://www.wikidata.org/entity/Q41398625,1.0,,,http://www.wikidata.org/entity/Q1516079,,"('50.01924', '10.88582')"
1136,,50.018313391977,10.886871079567,Gasthaus,,D,blue,,,Gasthaus,,Point(10.886871079 50.018313391),14.089,http://www.wikidata.org/entity/Q41398629,1.0,,,http://www.wikidata.org/entity/Q5526694,,"('50.018313391977', '10.886871079567')"
1137,,50.01559,10.88691,Heiligenfigur,,D,blue,,,cultural heritage ensemble,,Point(10.88691 50.01559),13.786,http://www.wikidata.org/entity/Q41398634,1.0,,,http://www.wikidata.org/entity/Q1516079,,"('50.01559', '10.88691')"
1138,,50.015164164946,10.885706434803,Gasthaus,,D,blue,,,cultural heritage ensemble,,Point(10.885706434 50.015164164),13.739,http://www.wikidata.org/entity/Q41398635,1.0,,,http://www.wikidata.org/entity/Q1516079,,"('50.015164164946', '10.885706434803')"
1139,,50.01513,10.88532,Gasthaus,,D,blue,,,Gasthaus,,Point(10.88532 50.01513),13.735,http://www.wikidata.org/entity/Q41398639,1.0,,,http://www.wikidata.org/entity/Q5526694,,"('50.01513', '10.88532')"
1140,,50.01438,10.88443,Brauereigasthof,,D,blue,,,cultural heritage ensemble,,Point(10.88443 50.01438),13.652,http://www.wikidata.org/entity/Q41398636,1.0,,,http://www.wikidata.org/entity/Q1516079,,"('50.01438', '10.88443')"
1141,,50.016526415464,10.884695349502,Prälatenhaus,,D,blue,,,monastery,,Point(10.884695349 50.016526415),13.891,http://www.wikidata.org/entity/Q41398643,1.0,,,http://www.wikidata.org/entity/Q44613,,"('50.016526415464', '10.884695349502')"
1142,,50.01586,10.88547,Cultural heritage D-4-71-174-15 in Rattelsdorf,,D,blue,,,cultural heritage ensemble,,Point(10.88547 50.01586),13.816,http://www.wikidata.org/entity/Q41398640,1.0,,,http://www.wikidata.org/entity/Q1516079,,"('50.01586', '10.88547')"
1143,,50.016339570092,10.885830928299,Schulgebäude,,D,blue,,,house,,Point(10.885830928 50.01633957),13.869,http://www.wikidata.org/entity/Q41398641,1.0,,,http://www.wikidata.org/entity/Q3947,,"('50.016339570092', '10.885830928299')"
1144,,50.01664,10.88557,Pfarrhaus,,D,blue,,,clergy house,,Point(10.88557 50.01664),13.903,http://www.wikidata.org/entity/Q41398647,1.0,,,http://www.wikidata.org/entity/Q607241,,"('50.01664', '10.88557')"
1145,,50.0157,10.88648,Baudenkmal,,D,blue,,,house,,Point(10.88648 50.0157),13.798,http://www.wikidata.org/entity/Q41398651,1.0,,,http://www.wikidata.org/entity/Q3947,,"('50.0157', '10.88648')"
1146,,50.01612,10.88631,Cultural heritage D-4-71-174-18 in Rattelsdorf,,D,blue,,,house,,Point(10.88631 50.01612),13.845,http://www.wikidata.org/entity/Q41398648,1.0,,,http://www.wikidata.org/entity/Q3947,,"('50.01612', '10.88631')"
1147,,50.01599,10.8864,Cultural heritage D-4-71-174-19 in Rattelsdorf,,D,blue,,,house,,Point(10.8864 50.01599),13.83,http://www.wikidata.org/entity/Q41398649,1.0,,,http://www.wikidata.org/entity/Q3947,,"('50.01599', '10.8864')"
1148,,50.01543,10.88703,Cultural heritage D-4-71-174-10 in Rattelsdorf,,D,blue,,,house,,Point(10.88703 50.01543),13.768,http://www.wikidata.org/entity/Q41398655,1.0,,,http://www.wikidata.org/entity/Q3947,,"('50.01543', '10.88703')"
1149,,50.01559,10.88644,Cultural heritage D-4-71-174-21 in Rattelsdorf,,D,blue,,,house,,Point(10.88644 50.01559),13.786,http://www.wikidata.org/entity/Q41398652,1.0,,,http://www.wikidata.org/entity/Q3947,,"('50.01559', '10.88644')"
1150,,50.01592,10.88697,Cultural heritage D-4-71-174-5 in Rattelsdorf,,D,blue,,,house,,Point(10.88697 50.01592),13.823,http://www.wikidata.org/entity/Q41398658,1.0,,,http://www.wikidata.org/entity/Q3947,,"('50.01592', '10.88697')"
1151,,50.01581,10.88711,Cultural heritage D-4-71-174-6 in Rattelsdorf,,D,blue,,,house,,Point(10.88711 50.01581),13.81,http://www.wikidata.org/entity/Q41398657,1.0,,,http://www.wikidata.org/entity/Q3947,,"('50.01581', '10.88711')"
1152,,50.01364,10.88465,Marter,,D,blue,,,cultural heritage ensemble,,Point(10.88465 50.01364),13.57,http://www.wikidata.org/entity/Q41398662,1.0,,,http://www.wikidata.org/entity/Q1516079,,"('50.01364', '10.88465')"
1153,,50.0174,10.88598,Brunnenstube,,D,blue,,,water well,,Point(10.88598 50.0174),13.987,http://www.wikidata.org/entity/Q41398663,1.0,,,http://www.wikidata.org/entity/Q43483,,"('50.0174', '10.88598')"
1154,,50.0137,10.88464,Kirche,,D,blue,,,chapel,,Point(10.88464 50.0137),13.577,http://www.wikidata.org/entity/Q41398661,1.0,,,http://www.wikidata.org/entity/Q108325,,"('50.0137', '10.88464')"
1155,,50.01152,10.89911,Gedenkstein,,D,blue,,,conciliation cross,,Point(10.89911 50.01152),13.362,http://www.wikidata.org/entity/Q41398675,1.0,,,http://www.wikidata.org/entity/Q1640496,,"('50.01152', '10.89911')"
1157,,49.99478,10.9058,Gedenkstein,,D,blue,,,conciliation cross,,Point(10.9058 49.99478),11.552,http://www.wikidata.org/entity/Q41398682,1.0,,,http://www.wikidata.org/entity/Q1640496,,"('49.99478', '10.9058')"
1159,,50.01035,10.90633,Chorturmkirche,,D,blue,,,church building,,Point(10.90633 50.01035),13.277,http://www.wikidata.org/entity/Q41398683,1.0,,,http://www.wikidata.org/entity/Q16970,,"('50.01035', '10.90633')"
1160,,50.00964,10.90696,Köblergut,,D,blue,,,house,,Point(10.90696 50.00964),13.203,http://www.wikidata.org/entity/Q41398697,1.0,,,http://www.wikidata.org/entity/Q3947,,"('50.00964', '10.90696')"
1161,,50.00951,10.90763,Baudenkmal,,D,blue,,,house,,Point(10.90763 50.00951),13.194,http://www.wikidata.org/entity/Q41398702,1.0,,,http://www.wikidata.org/entity/Q3947,,"('50.00951', '10.90763')"
1162,,50.009746019837,10.90777092245,Köblergut,,D,blue,,,house,,Point(10.907770922 50.009746019),13.221,http://www.wikidata.org/entity/Q41398701,1.0,,,http://www.wikidata.org/entity/Q3947,,"('50.009746019837', '10.90777092245')"
1163,,50.00978,10.90785,Köblergut,,D,blue,,,house,,Point(10.90785 50.00978),13.226,http://www.wikidata.org/entity/Q41398704,1.0,,,http://www.wikidata.org/entity/Q3947,,"('50.00978', '10.90785')"
1164,,50.00985,10.90803,Cultural heritage D-4-71-174-56 in Rattelsdorf,,D,blue,,,house,,Point(10.90803 50.00985),13.235,http://www.wikidata.org/entity/Q41398705,1.0,,,http://www.wikidata.org/entity/Q3947,,"('50.00985', '10.90803')"
1165,,50.02156,10.87614,Bildstock,,D,blue,,,cultural heritage ensemble,,Point(10.87614 50.02156),14.47,http://www.wikidata.org/entity/Q41398718,1.0,,,http://www.wikidata.org/entity/Q1516079,,"('50.02156', '10.87614')"
1167,,49.87367,10.72038,Kirche,,D,blue,,,chapel,,Point(10.72038 49.87367),12.092,http://www.wikidata.org/entity/Q41398835,1.0,,,http://www.wikidata.org/entity/Q108325,,"('49.87367', '10.72038')"
1168,,49.96261,10.8556,"Ruins of the chapel of St Felizitas, known as St Helen's Chapel",,D,blue,,,chapel,,Point(10.8556 49.96261),8.206,http://www.wikidata.org/entity/Q41398851,1.0,,,http://www.wikidata.org/entity/Q108325,,"('49.96261', '10.8556')"
1169,,49.979391122397,10.773546526921,Mühle,,D,blue,,,cultural heritage ensemble,,Point(10.773546526 49.979391122),12.69,http://www.wikidata.org/entity/Q41398890,1.0,,,http://www.wikidata.org/entity/Q1516079,,"('49.979391122397', '10.773546526921')"
1170,,49.982138181514,10.769332039412,Kirche,,D,blue,,,church building,,Point(10.769332039 49.982138181),13.117,http://www.wikidata.org/entity/Q41398889,1.0,,,http://www.wikidata.org/entity/Q16970,,"('49.982138181514', '10.769332039412')"
1171,,49.981318851006,10.770083464601,Bauernhaus,,D,blue,,,house,,Point(10.770083464 49.981318851),13.013,http://www.wikidata.org/entity/Q41398894,1.0,,,http://www.wikidata.org/entity/Q3947,,"('49.981318851006', '10.770083464601')"
1172,,49.98187078185,10.769404159422,Bauernhaus,,D,blue,,,house,,Point(10.769404159 49.981870781),13.091,http://www.wikidata.org/entity/Q41398893,1.0,,,http://www.wikidata.org/entity/Q3947,,"('49.98187078185', '10.769404159422')"
1173,,49.973017884012,10.787508159216,Gasthaus,,D,blue,,,Gasthaus,,Point(10.787508159 49.973017884),11.511,http://www.wikidata.org/entity/Q41398898,1.0,,,http://www.wikidata.org/entity/Q5526694,,"('49.973017884012', '10.787508159216')"
1174,,49.973901337924,10.788659559961,Kreuz,,D,blue,,,cultural heritage ensemble,,Point(10.788659559 49.973901337),11.538,http://www.wikidata.org/entity/Q41398901,1.0,,,http://www.wikidata.org/entity/Q1516079,,"('49.973901337924', '10.788659559961')"
1175,,49.990131645699,10.757678788041,Cultural heritage D-4-71-152-14 in Lauter (Oberfranken),,D,blue,,,house,,Point(10.757678788 49.990131645),14.334,http://www.wikidata.org/entity/Q41398908,1.0,,,http://www.wikidata.org/entity/Q3947,,"('49.990131645699', '10.757678788041')"
1176,,49.912396091839,11.009924761436,Pfarrhof,,D,blue,,,cultural heritage ensemble,,Point(11.009924761 49.912396091),9.113,http://www.wikidata.org/entity/Q41398928,1.0,,,http://www.wikidata.org/entity/Q1516079,,"('49.912396091839', '11.009924761436')"
1177,,49.912805023629,11.010000362258,Kirche,,D,blue,,,church building,,Point(11.010000362 49.912805023),9.129,http://www.wikidata.org/entity/Q41398929,1.0,,,http://www.wikidata.org/entity/Q16970,,"('49.912805023629', '11.010000362258')"
1178,,49.91744,11.04756,Marter,,D,blue,,,cultural heritage ensemble,,Point(11.04756 49.91744),11.862,http://www.wikidata.org/entity/Q41398937,1.0,,,http://www.wikidata.org/entity/Q1516079,,"('49.91744', '11.04756')"
1180,,49.916,11.04659,Bauernhaus,,D,blue,,,house,,Point(11.04659 49.916),11.757,http://www.wikidata.org/entity/Q41398946,1.0,,,http://www.wikidata.org/entity/Q3947,,"('49.916', '11.04659')"
1181,,49.91599,11.04834,Friedhofskapelle,,D,blue,,,chapel,,Point(11.04834 49.91599),11.879,http://www.wikidata.org/entity/Q41398952,1.0,,,http://www.wikidata.org/entity/Q108325,,"('49.91599', '11.04834')"
1182,,49.91095,11.00495,Bildstock,,D,blue,,,cultural heritage ensemble,,Point(11.00495 49.91095),8.727,http://www.wikidata.org/entity/Q41398964,1.0,,,http://www.wikidata.org/entity/Q1516079,,"('49.91095', '11.00495')"
1184,,49.918321739654,11.073893728782,Dreiseithof,,D,blue,,,cultural heritage ensemble,,Point(11.073893728 49.918321739),13.72,http://www.wikidata.org/entity/Q41398974,1.0,,,http://www.wikidata.org/entity/Q1516079,,"('49.918321739654', '11.073893728782')"
1185,,49.91853,11.07461,Ortskapelle,,D,blue,,,chapel,,Point(11.07461 49.91853),13.775,http://www.wikidata.org/entity/Q41398973,1.0,,,http://www.wikidata.org/entity/Q108325,,"('49.91853', '11.07461')"
1186,,49.93192,10.95288,Cultural heritage D-4-71-159-2 in Memmelsdorf,,D,blue,,,house,,Point(10.95288 49.93192),6.515,http://www.wikidata.org/entity/Q41398987,1.0,,,http://www.wikidata.org/entity/Q3947,,"('49.93192', '10.95288')"
1187,,49.932277777778,10.9525,Cultural heritage D-4-71-159-6 in Memmelsdorf,,D,blue,,,Gasthaus,,Point(10.9525 49.932277777),6.523,http://www.wikidata.org/entity/Q41398991,1.0,,,http://www.wikidata.org/entity/Q5526694,,"('49.932277777778', '10.9525')"
1188,,49.93163,10.95393,Cultural heritage D-4-71-159-4 in Memmelsdorf,,D,blue,,,house,,Point(10.95393 49.93163),6.548,http://www.wikidata.org/entity/Q41398988,1.0,,,http://www.wikidata.org/entity/Q3947,,"('49.93163', '10.95393')"
1189,,49.932157873102,10.956334885426,Friedhof,,D,blue,,,cultural heritage ensemble,,Point(10.956334885 49.932157873),6.715,http://www.wikidata.org/entity/Q41398989,1.0,,,http://www.wikidata.org/entity/Q1516079,,"('49.932157873102', '10.956334885426')"
1190,,49.933791003801,10.953854457981,Bauernhaus,,D,blue,,,house,,Point(10.953854457 49.933791003),6.71,http://www.wikidata.org/entity/Q41399002,1.0,,,http://www.wikidata.org/entity/Q3947,,"('49.933791003801', '10.953854457981')"
1191,,49.933633552529,10.954351250038,Cultural heritage D-4-71-159-13 in Memmelsdorf,,D,blue,,,house,,Point(10.95435125 49.933633552),6.723,http://www.wikidata.org/entity/Q41399003,1.0,,,http://www.wikidata.org/entity/Q3947,,"('49.933633552529', '10.954351250038')"
1192,,49.93196,10.9543,Bauernhaus,,D,blue,,,house,,Point(10.9543 49.93196),6.592,http://www.wikidata.org/entity/Q41399000,1.0,,,http://www.wikidata.org/entity/Q3947,,"('49.93196', '10.9543')"
1193,,49.93319,10.95443,Pfarrhaus,,D,blue,,,clergy house,,Point(10.95443 49.93319),6.693,http://www.wikidata.org/entity/Q41399004,1.0,,,http://www.wikidata.org/entity/Q607241,,"('49.93319', '10.95443')"
1194,,49.96258,10.93588,Bildstock,,D,blue,,,cultural heritage ensemble,,Point(10.93588 49.96258),8.637,http://www.wikidata.org/entity/Q41399034,1.0,,,http://www.wikidata.org/entity/Q1516079,,"('49.96258', '10.93588')"
1195,,49.96243,10.93594,Bildstock,,D,blue,,,cultural heritage ensemble,,Point(10.93594 49.96243),8.624,http://www.wikidata.org/entity/Q41399035,1.0,,,http://www.wikidata.org/entity/Q1516079,,"('49.96243', '10.93594')"
1197,,49.95868,10.94025,Kapelle,,D,blue,,,chapel,,Point(10.94025 49.95868),8.381,http://www.wikidata.org/entity/Q41399033,1.0,,,http://www.wikidata.org/entity/Q108325,,"('49.95868', '10.94025')"
1198,,49.96264,10.93597,Bildstock,,D,blue,,,cultural heritage ensemble,,Point(10.93597 49.96264),8.646,http://www.wikidata.org/entity/Q41399036,1.0,,,http://www.wikidata.org/entity/Q1516079,,"('49.96264', '10.93597')"
1200,,49.95878,10.95569,Pfarrkirche,,D,blue,,,church building,,Point(10.95569 49.95878),8.948,http://www.wikidata.org/entity/Q41399049,1.0,,,http://www.wikidata.org/entity/Q16970,,"('49.95878', '10.95569')"
1201,,49.932250715123,10.81459044611,Gasthaus,,D,blue,,,cultural heritage ensemble,,Point(10.814590446 49.932250715),6.87,http://www.wikidata.org/entity/Q41399070,1.0,,,http://www.wikidata.org/entity/Q1516079,,"('49.932250715123', '10.81459044611')"
1202,,49.93179,10.81637,Kirche,,D,blue,,,church building,,Point(10.81637 49.93179),6.74,http://www.wikidata.org/entity/Q41399074,1.0,,,http://www.wikidata.org/entity/Q16970,,"('49.93179', '10.81637')"
1203,,49.93199,10.82159,Kirche,,D,blue,,,chapel,,Point(10.82159 49.93199),6.481,http://www.wikidata.org/entity/Q41399073,1.0,,,http://www.wikidata.org/entity/Q108325,,"('49.93199', '10.82159')"
1204,,49.94832,10.81418,Gedenkstein,,D,blue,,,conciliation cross,,Point(10.81418 49.94832),8.175,http://www.wikidata.org/entity/Q41399078,1.0,,,http://www.wikidata.org/entity/Q1640496,,"('49.94832', '10.81418')"
1206,,49.95931573708,10.812789581944,Forsthaus,,D,blue,,,cultural heritage ensemble,,Point(10.812789581 49.959315737),9.208,http://www.wikidata.org/entity/Q41399091,1.0,,,http://www.wikidata.org/entity/Q1516079,,"('49.95931573708', '10.812789581944')"
1207,,49.94456,10.75067,Gasthaus,,D,blue,,,cultural heritage ensemble,,Point(10.75067 49.94456),11.389,http://www.wikidata.org/entity/Q41399094,1.0,,,http://www.wikidata.org/entity/Q1516079,,"('49.94456', '10.75067')"
1208,,49.94486,10.75074,Bürgerzentrum,,D,blue,,,house,,Point(10.75074 49.94486),11.402,http://www.wikidata.org/entity/Q41399092,1.0,,,http://www.wikidata.org/entity/Q3947,,"('49.94486', '10.75074')"
1209,,49.94698,10.75248,Heiligenhäuschen,,D,blue,,,cultural heritage ensemble,,Point(10.75248 49.94698),11.421,http://www.wikidata.org/entity/Q41399098,1.0,,,http://www.wikidata.org/entity/Q1516079,,"('49.94698', '10.75248')"
1210,,49.946944694337,10.752290462747,Bauernhaus,,D,blue,,,house,,Point(10.752290462 49.946944694),11.431,http://www.wikidata.org/entity/Q41399099,1.0,,,http://www.wikidata.org/entity/Q3947,,"('49.946944694337', '10.752290462747')"
1211,,49.940595103587,10.788299439884,Kellergasse (Unterhaid),,D,blue,,,house,,Point(10.788299439 49.940595103),8.914,http://www.wikidata.org/entity/Q41399102,1.0,,,http://www.wikidata.org/entity/Q3947,,"('49.940595103587', '10.788299439884')"
1212,,49.95572,10.80774,Gedenkstein,,D,blue,,,conciliation cross,,Point(10.80774 49.95572),9.104,http://www.wikidata.org/entity/Q41399101,1.0,,,http://www.wikidata.org/entity/Q1640496,,"('49.95572', '10.80774')"
1214,,49.93537,10.79317,Kuratiekirche St. Barbara (Unterhaid),,D,blue,,,church building,,Point(10.79317 49.93537),8.287,http://www.wikidata.org/entity/Q41399104,1.0,,,http://www.wikidata.org/entity/Q16970,,"('49.93537', '10.79317')"
1215,,49.93538,10.78809,Rathaus,,D,blue,,,house,,Point(10.78809 49.93538),8.584,http://www.wikidata.org/entity/Q41399105,1.0,,,http://www.wikidata.org/entity/Q3947,,"('49.93538', '10.78809')"
1216,,49.83782,11.03377,Bauernhaus,,D,blue,,,house,,Point(11.03377 49.83782),12.11,http://www.wikidata.org/entity/Q41399115,1.0,,,http://www.wikidata.org/entity/Q3947,,"('49.83782', '11.03377')"
1217,,49.80701,10.95537,Bildstock,,D,blue,,,cultural heritage ensemble,,Point(10.95537 49.80701),10.612,http://www.wikidata.org/entity/Q41399112,1.0,,,http://www.wikidata.org/entity/Q1516079,,"('49.80701', '10.95537')"
1219,,49.83816,11.03413,Bauernhaus,,D,blue,,,house,,Point(11.03413 49.83816),12.114,http://www.wikidata.org/entity/Q41399118,1.0,,,http://www.wikidata.org/entity/Q3947,,"('49.83816', '11.03413')"
1220,,49.83759,11.03435,Bauernhaus,,D,blue,,,house,,Point(11.03435 49.83759),12.159,http://www.wikidata.org/entity/Q41399116,1.0,,,http://www.wikidata.org/entity/Q3947,,"('49.83759', '11.03435')"
1221,,49.83794,11.0339,Kreuz,,D,blue,,,cultural heritage ensemble,,Point(11.0339 49.83794),12.111,http://www.wikidata.org/entity/Q41399117,1.0,,,http://www.wikidata.org/entity/Q1516079,,"('49.83794', '11.0339')"
1222,,49.84124,11.03671,Scheune,,D,blue,,,cultural heritage ensemble,,Point(11.03671 49.84124),12.113,http://www.wikidata.org/entity/Q41399122,1.0,,,http://www.wikidata.org/entity/Q1516079,,"('49.84124', '11.03671')"
1223,,49.841337087259,11.037537214978,Gasthaus,,D,blue,,,Gasthaus,,Point(11.037537214 49.841337087),12.16,http://www.wikidata.org/entity/Q41399123,1.0,,,http://www.wikidata.org/entity/Q5526694,,"('49.841337087259', '11.037537214978')"
1224,,49.84114,11.03562,Kapelle,,D,blue,,,chapel,,Point(11.03562 49.84114),12.049,http://www.wikidata.org/entity/Q41399120,1.0,,,http://www.wikidata.org/entity/Q108325,,"('49.84114', '11.03562')"
1225,,49.841025771634,11.037112304014,Bauernhaus,,D,blue,,,house,,Point(11.037112304 49.841025771),12.149,http://www.wikidata.org/entity/Q41399121,1.0,,,http://www.wikidata.org/entity/Q3947,,"('49.841025771634', '11.037112304014')"
1226,,49.841140903124,11.038552543152,Bauernhaus,,D,blue,,,house,,Point(11.038552543 49.841140903),12.235,http://www.wikidata.org/entity/Q41399126,1.0,,,http://www.wikidata.org/entity/Q3947,,"('49.841140903124', '11.038552543152')"
1227,,49.84118,11.03787,Bauernhaus,,D,blue,,,house,,Point(11.03787 49.84118),12.19,http://www.wikidata.org/entity/Q41399124,1.0,,,http://www.wikidata.org/entity/Q3947,,"('49.84118', '11.03787')"
1228,,49.84153,11.03936,Bauernhaus,,D,blue,,,house,,Point(11.03936 49.84153),12.267,http://www.wikidata.org/entity/Q41399128,1.0,,,http://www.wikidata.org/entity/Q3947,,"('49.84153', '11.03936')"
1229,,49.84154,11.03952,Bauernhaus,,D,blue,,,house,,Point(11.03952 49.84154),12.277,http://www.wikidata.org/entity/Q41399129,1.0,,,http://www.wikidata.org/entity/Q3947,,"('49.84154', '11.03952')"
1230,,49.84086,11.04034,Bauernhaus,,D,blue,,,house,,Point(11.04034 49.84086),12.363,http://www.wikidata.org/entity/Q41399132,1.0,,,http://www.wikidata.org/entity/Q3947,,"('49.84086', '11.04034')"
1231,,49.780666666667,10.96525,Kapelle,,D,blue,,,chapel,,Point(10.96525 49.780666666),13.556,http://www.wikidata.org/entity/Q41399139,1.0,,,http://www.wikidata.org/entity/Q108325,,"('49.780666666667', '10.96525')"
1232,,49.84134,11.03809,Kreuz,,D,blue,,,cultural heritage ensemble,,Point(11.03809 49.84134),12.195,http://www.wikidata.org/entity/Q41399136,1.0,,,http://www.wikidata.org/entity/Q1516079,,"('49.84134', '11.03809')"
1233,,49.837549532416,11.030687986816,Bauernhaus,,D,blue,,,house,,Point(11.030687986 49.837549532),11.933,http://www.wikidata.org/entity/Q41399137,1.0,,,http://www.wikidata.org/entity/Q3947,,"('49.837549532416', '11.030687986816')"
1234,,49.817538952096,10.988822852918,Gasthaus,,D,blue,,,Gasthaus,,Point(10.988822852 49.817538952),11.012,http://www.wikidata.org/entity/Q41399141,1.0,,,http://www.wikidata.org/entity/Q5526694,,"('49.817538952096', '10.988822852918')"
1235,,49.81635,10.98953,Schulgebäude,,D,blue,,,cultural heritage ensemble,,Point(10.98953 49.81635),11.145,http://www.wikidata.org/entity/Q41399144,1.0,,,http://www.wikidata.org/entity/Q1516079,,"('49.81635', '10.98953')"
1236,,49.81709,10.98103,Bildstock,,D,blue,,,cultural heritage ensemble,,Point(10.98103 49.81709),10.688,http://www.wikidata.org/entity/Q41399149,1.0,,,http://www.wikidata.org/entity/Q1516079,,"('49.81709', '10.98103')"
1238,,49.81377,10.9926,Bauernhaus,,D,blue,,,house,,Point(10.9926 49.81377),11.505,http://www.wikidata.org/entity/Q41399158,1.0,,,http://www.wikidata.org/entity/Q3947,,"('49.81377', '10.9926')"
1239,,49.80826,10.99985,Schleusenhaus,,D,blue,,,lock keeper's house,,Point(10.99985 49.80826),12.309,http://www.wikidata.org/entity/Q41399159,1.0,,,http://www.wikidata.org/entity/Q27685913,,"('49.80826', '10.99985')"
1241,,49.78432,10.96552,Bildstock,,D,blue,,,cultural heritage ensemble,,Point(10.96552 49.78432),13.196,http://www.wikidata.org/entity/Q41399171,1.0,,,http://www.wikidata.org/entity/Q1516079,,"('49.78432', '10.96552')"
1243,,49.80694,10.98334,Köblergut,,D,blue,,,house,,Point(10.98334 49.80694),11.682,http://www.wikidata.org/entity/Q41399175,1.0,,,http://www.wikidata.org/entity/Q3947,,"('49.80694', '10.98334')"
1244,,49.822953678506,11.025087860839,Bauernhaus,,D,blue,,,house,,Point(11.02508786 49.822953678),12.509,http://www.wikidata.org/entity/Q41399181,1.0,,,http://www.wikidata.org/entity/Q3947,,"('49.822953678506', '11.025087860839')"
1245,,49.82543,11.02719,Kirche,,D,blue,,,church building,,Point(11.02719 49.82543),12.464,http://www.wikidata.org/entity/Q41399189,1.0,,,http://www.wikidata.org/entity/Q16970,,"('49.82543', '11.02719')"
1246,,49.907364177207,11.092282295758,Bauernhaus,,D,blue,,,house,,Point(11.092282295 49.907364177),14.817,http://www.wikidata.org/entity/Q41399230,1.0,,,http://www.wikidata.org/entity/Q3947,,"('49.907364177207', '11.092282295758')"
1247,,49.868174972843,11.089404180597,Baudenkmal,,D,blue,,,chapel,,Point(11.08940418 49.868174972),14.745,http://www.wikidata.org/entity/Q41399262,1.0,,,http://www.wikidata.org/entity/Q108325,,"('49.868174972843', '11.089404180597')"
1248,,49.871191283449,11.091799270142,Filialkirche,,D,blue,,,church building,,Point(11.09179927 49.871191283),14.859,http://www.wikidata.org/entity/Q41399261,1.0,,,http://www.wikidata.org/entity/Q16970,,"('49.871191283449', '11.091799270142')"
1249,,49.76988,10.9476,Brunnenhäuschen,,D,blue,,,water well,,Point(10.9476 49.76988),14.219,http://www.wikidata.org/entity/Q41400331,1.0,,,http://www.wikidata.org/entity/Q43483,,"('49.76988', '10.9476')"
1250,,49.7712,10.94755,Gedenkstein,,D,blue,,,conciliation cross,,Point(10.94755 49.7712),14.078,http://www.wikidata.org/entity/Q41400337,1.0,,,http://www.wikidata.org/entity/Q1640496,,"('49.7712', '10.94755')"
1251,,49.76965,10.94565,Gedenkstein,,D,blue,,,conciliation cross,,Point(10.94565 49.76965),14.201,http://www.wikidata.org/entity/Q41400343,1.0,,,http://www.wikidata.org/entity/Q1640496,,"('49.76965', '10.94565')"
1252,,49.769527777778,10.946305555556,Bauernhaus,,D,blue,,,farmhouse,,Point(10.946305555 49.769527777),14.228,http://www.wikidata.org/entity/Q41400344,1.0,,,http://www.wikidata.org/entity/Q489357,,"('49.769527777778', '10.946305555556')"
1253,,49.89061,10.965775,Q41404646,,D,blue,,,conciliation cross,,Point(10.965775 49.89061),5.655,http://www.wikidata.org/entity/Q41404646,1.0,,,http://www.wikidata.org/entity/Q1640496,,"('49.89061', '10.965775')"
1255,,49.890592,10.96574,Q41404647,,D,blue,,,cultural heritage ensemble,,Point(10.96574 49.890592),5.652,http://www.wikidata.org/entity/Q41404647,1.0,,,http://www.wikidata.org/entity/Q1516079,,"('49.890592', '10.96574')"
1256,,49.89115,10.87585,Domherrenhof,,D,blue,,,cultural heritage ensemble,,Point(10.87585 49.89115),0.789,http://www.wikidata.org/entity/Q41424259,1.0,,,http://www.wikidata.org/entity/Q1516079,,"('49.89115', '10.87585')"
1257,,49.89093,10.87611,Wohnhaus,,D,blue,,,cultural heritage ensemble,,Point(10.87611 49.89093),0.773,http://www.wikidata.org/entity/Q41424257,1.0,,,http://www.wikidata.org/entity/Q1516079,,"('49.89093', '10.87611')"
1258,,49.89092,10.87566,Wohnhaus,,D,blue,,,cultural heritage ensemble,,Point(10.87566 49.89092),0.805,http://www.wikidata.org/entity/Q41424262,1.0,,,http://www.wikidata.org/entity/Q1516079,,"('49.89092', '10.87566')"
1259,,49.89104,10.87561,Nebengebäude,,D,blue,,,cultural heritage ensemble,,Point(10.87561 49.89104),0.807,http://www.wikidata.org/entity/Q41424263,1.0,,,http://www.wikidata.org/entity/Q1516079,,"('49.89104', '10.87561')"
1260,,49.8909,10.87521,Heiligenfigur,,D,blue,,,house,,Point(10.87521 49.8909),0.837,http://www.wikidata.org/entity/Q41424267,1.0,,,http://www.wikidata.org/entity/Q3947,,"('49.8909', '10.87521')"
1261,,49.89101,10.87508,Kellerhaus,,D,blue,,,house,,Point(10.87508 49.89101),0.846,http://www.wikidata.org/entity/Q41424264,1.0,,,http://www.wikidata.org/entity/Q3947,,"('49.89101', '10.87508')"
1262,,49.89098,10.87483,Kellerhaus,,D,blue,,,cultural heritage ensemble,,Point(10.87483 49.89098),0.864,http://www.wikidata.org/entity/Q41424265,1.0,,,http://www.wikidata.org/entity/Q1516079,,"('49.89098', '10.87483')"
1263,,49.8908,10.87454,Baudenkmal,,D,blue,,,cultural heritage ensemble,,Point(10.87454 49.8908),0.886,http://www.wikidata.org/entity/Q41424271,1.0,,,http://www.wikidata.org/entity/Q1516079,,"('49.8908', '10.87454')"
1264,,49.89097,10.87453,Wohnhaus,,D,blue,,,cultural heritage ensemble,,Point(10.87453 49.89097),0.885,http://www.wikidata.org/entity/Q41424269,1.0,,,http://www.wikidata.org/entity/Q1516079,,"('49.89097', '10.87453')"
1265,,49.89074,10.87417,Scheune,,D,blue,,,house,,Point(10.87417 49.89074),0.913,http://www.wikidata.org/entity/Q41424275,1.0,,,http://www.wikidata.org/entity/Q3947,,"('49.89074', '10.87417')"
1266,,49.89075,10.87443,Wohnhaus,,D,blue,,,house,,Point(10.87443 49.89075),0.895,http://www.wikidata.org/entity/Q41424272,1.0,,,http://www.wikidata.org/entity/Q3947,,"('49.89075', '10.87443')"
1267,,49.89075,10.87431,Wohnhaus,,D,blue,,,house,,Point(10.87431 49.89075),0.903,http://www.wikidata.org/entity/Q41424273,1.0,,,http://www.wikidata.org/entity/Q3947,,"('49.89075', '10.87431')"
1268,,49.89034,10.87801,Stadtvilla,,D,blue,,,villa,,Point(10.87801 49.89034),0.649,http://www.wikidata.org/entity/Q41424278,1.0,,,http://www.wikidata.org/entity/Q3950,,"('49.89034', '10.87801')"
1269,,49.89081,10.87787,Bäckerei,,D,blue,,,cultural heritage ensemble,,Point(10.87787 49.89081),0.649,http://www.wikidata.org/entity/Q41424279,1.0,,,http://www.wikidata.org/entity/Q1516079,,"('49.89081', '10.87787')"
1270,,49.89072,10.87379,Wohnhaus,,D,blue,,,house,,Point(10.87379 49.89072),0.941,http://www.wikidata.org/entity/Q41424277,1.0,,,http://www.wikidata.org/entity/Q3947,,"('49.89072', '10.87379')"
1271,,49.89121,10.87729,Bürgerhaus,,D,blue,,,house,,Point(10.87729 49.89121),0.686,http://www.wikidata.org/entity/Q41424283,1.0,,,http://www.wikidata.org/entity/Q3947,,"('49.89121', '10.87729')"
1272,,49.89117,10.8779,Adelspalast,,D,blue,,,cultural heritage ensemble,,Point(10.8779 49.89117),0.643,http://www.wikidata.org/entity/Q41424280,1.0,,,http://www.wikidata.org/entity/Q1516079,,"('49.89117', '10.8779')"
1273,,49.89116,10.87757,Bürgerhaus,,D,blue,,,house,,Point(10.87757 49.89116),0.666,http://www.wikidata.org/entity/Q41424281,1.0,,,http://www.wikidata.org/entity/Q3947,,"('49.89116', '10.87757')"
1274,,49.89042,10.8765,Domdechantei,,D,blue,,,cultural heritage ensemble,,Point(10.8765 49.89042),0.753,http://www.wikidata.org/entity/Q41424287,1.0,,,http://www.wikidata.org/entity/Q1516079,,"('49.89042', '10.8765')"
1275,,49.891277106063,10.876481394833,Franziskaner,,D,blue,,,monastery,,Point(10.876481394 49.891277106),0.743,http://www.wikidata.org/entity/Q41424284,1.0,,,http://www.wikidata.org/entity/Q44613,,"('49.891277106063', '10.876481394833')"
1276,,49.89092,10.87698,Stiftskirche,,D,blue,,,church building,,Point(10.87698 49.89092),0.711,http://www.wikidata.org/entity/Q41424285,1.0,,,http://www.wikidata.org/entity/Q16970,,"('49.89092', '10.87698')"
1277,,49.8900538052,10.876974040357,Palast,,D,blue,,,house,,Point(10.87697404 49.890053805),0.728,http://www.wikidata.org/entity/Q41424289,1.0,,,http://www.wikidata.org/entity/Q3947,,"('49.8900538052', '10.876974040357')"
1278,,49.89151,10.87797,Wohnhaus,,D,blue,,,house,,Point(10.87797 49.89151),0.636,http://www.wikidata.org/entity/Q41424292,1.0,,,http://www.wikidata.org/entity/Q3947,,"('49.89151', '10.87797')"
1279,,49.88092,10.86808,Kreuzigungsgruppe,,D,blue,,,cultural heritage ensemble,,Point(10.86808 49.88092),1.794,http://www.wikidata.org/entity/Q41424293,1.0,,,http://www.wikidata.org/entity/Q1516079,,"('49.88092', '10.86808')"
1280,,49.88976,10.8975,Amalienstraße 9,,D,blue,,,house,,Point(10.8975 49.88976),0.79,http://www.wikidata.org/entity/Q41424299,1.0,,,http://www.wikidata.org/entity/Q3947,,"('49.88976', '10.8975')"
1281,,49.88963,10.89443,Wohnhaus,,D,blue,,,cultural heritage ensemble,,Point(10.89443 49.88963),0.586,http://www.wikidata.org/entity/Q41424296,1.0,,,http://www.wikidata.org/entity/Q1516079,,"('49.88963', '10.89443')"
1282,,49.88975,10.89721,Amalienstraße 7,,D,blue,,,house,,Point(10.89721 49.88975),0.77,http://www.wikidata.org/entity/Q41424297,1.0,,,http://www.wikidata.org/entity/Q3947,,"('49.88975', '10.89721')"
1283,,49.88947,10.89777,Amalienstraße 18,,D,blue,,,house,,Point(10.89777 49.88947),0.818,http://www.wikidata.org/entity/Q41424302,1.0,,,http://www.wikidata.org/entity/Q3947,,"('49.88947', '10.89777')"
1284,,49.8894,10.89815,"Amalienstraße 20, 22",,D,blue,,,house,,Point(10.89815 49.8894),0.846,http://www.wikidata.org/entity/Q41424303,1.0,,,http://www.wikidata.org/entity/Q3947,,"('49.8894', '10.89815')"
1285,,49.88949,10.89761,Amalienstraße 16,,D,blue,,,house,,Point(10.89761 49.88949),0.806,http://www.wikidata.org/entity/Q41424300,1.0,,,http://www.wikidata.org/entity/Q3947,,"('49.88949', '10.89761')"
1286,,49.88805,10.89118,Mühle,,D,blue,,,cultural heritage ensemble,,Point(10.89118 49.88805),0.502,http://www.wikidata.org/entity/Q41424306,1.0,,,http://www.wikidata.org/entity/Q1516079,,"('49.88805', '10.89118')"
1287,,49.89099,10.89752,Mietshaus,,D,blue,,,house,,Point(10.89752 49.89099),0.768,http://www.wikidata.org/entity/Q41424307,1.0,,,http://www.wikidata.org/entity/Q3947,,"('49.89099', '10.89752')"
1288,,49.889126668201,10.892765574274,Villa,,D,blue,,,villa,,Point(10.892765574 49.889126668),0.506,http://www.wikidata.org/entity/Q41424305,1.0,,,http://www.wikidata.org/entity/Q3950,,"('49.889126668201', '10.892765574274')"
1289,,49.89435,10.89264,Wohnhaus,,D,blue,,,cultural heritage ensemble,,Point(10.89264 49.89435),0.515,http://www.wikidata.org/entity/Q41424311,1.0,,,http://www.wikidata.org/entity/Q1516079,,"('49.89435', '10.89264')"
1290,,49.89074,10.89911,Mietshaus,,D,blue,,,house,,Point(10.89911 49.89074),0.884,http://www.wikidata.org/entity/Q41424309,1.0,,,http://www.wikidata.org/entity/Q3947,,"('49.89074', '10.89911')"
1291,,49.89408556131,10.892627240387,Wohnhaus,,D,blue,,,house,,Point(10.89262724 49.894085561),0.497,http://www.wikidata.org/entity/Q41424312,1.0,,,http://www.wikidata.org/entity/Q3947,,"('49.89408556131', '10.892627240387')"
1292,,49.8873,10.90109,Priesterseminar,,D,blue,,,house,,Point(10.90109 49.8873),1.127,http://www.wikidata.org/entity/Q41424313,1.0,,,http://www.wikidata.org/entity/Q3947,,"('49.8873', '10.90109')"
1293,,49.88293,10.89934,E.T.A.-Hoffmann-Straße 6,,D,blue,,,villa,,Point(10.89934 49.88293),1.316,http://www.wikidata.org/entity/Q41424318,1.0,,,http://www.wikidata.org/entity/Q3950,,"('49.88293', '10.89934')"
1294,,49.89294,10.89442,Wohnhaus,,D,blue,,,house,,Point(10.89442 49.89294),0.562,http://www.wikidata.org/entity/Q41424319,1.0,,,http://www.wikidata.org/entity/Q3947,,"('49.89294', '10.89442')"
1295,,49.88262,10.89864,E.T.A.-Hoffmann-Straße 2,,D,blue,,,villa,,Point(10.89864 49.88262),1.308,http://www.wikidata.org/entity/Q41424316,1.0,,,http://www.wikidata.org/entity/Q3950,,"('49.88262', '10.89864')"
1296,,49.88333,10.89953,Dienstwohnhaus,,D,blue,,,cultural heritage ensemble,,Point(10.89953 49.88333),1.293,http://www.wikidata.org/entity/Q41424317,1.0,,,http://www.wikidata.org/entity/Q1516079,,"('49.88333', '10.89953')"
1297,,49.89266,10.8963,Mietshaus,,D,blue,,,house,,Point(10.8963 49.89266),0.687,http://www.wikidata.org/entity/Q41424322,1.0,,,http://www.wikidata.org/entity/Q3947,,"('49.89266', '10.8963')"
1298,,49.89269,10.89662,Franz-Ludwig-Straße 21 (Bamberg),,D,blue,,,cultural heritage ensemble,,Point(10.89662 49.89269),0.71,http://www.wikidata.org/entity/Q41424323,1.0,,,http://www.wikidata.org/entity/Q1516079,,"('49.89269', '10.89662')"
1299,,49.89271,10.89426,Franz-Ludwig-Straße 16,,D,blue,,,cultural heritage ensemble,,Point(10.89426 49.89271),0.545,http://www.wikidata.org/entity/Q41424321,1.0,,,http://www.wikidata.org/entity/Q1516079,,"('49.89271', '10.89426')"
1300,,49.89245,10.89601,Franz-Ludwig-Straße 30,,D,blue,,,house,,Point(10.89601 49.89245),0.663,http://www.wikidata.org/entity/Q41424326,1.0,,,http://www.wikidata.org/entity/Q3947,,"('49.89245', '10.89601')"
1301,,49.89248,10.89576,Franz-Ludwig-Straße 28,,D,blue,,,house,,Point(10.89576 49.89248),0.646,http://www.wikidata.org/entity/Q41424324,1.0,,,http://www.wikidata.org/entity/Q3947,,"('49.89248', '10.89576')"
1302,,49.89182,10.89407,Friedrichstraße 9,,D,blue,,,house,,Point(10.89407 49.89182),0.518,http://www.wikidata.org/entity/Q41424330,1.0,,,http://www.wikidata.org/entity/Q3947,,"('49.89182', '10.89407')"
1303,,49.89116,10.89634,Friedrichstraße 14,,D,blue,,,house,,Point(10.89634 49.89116),0.682,http://www.wikidata.org/entity/Q41424331,1.0,,,http://www.wikidata.org/entity/Q3947,,"('49.89116', '10.89634')"
1304,,49.89187,10.89378,Friedrichstraße 7 (Bamberg),,D,blue,,,cultural heritage ensemble,,Point(10.89378 49.89187),0.497,http://www.wikidata.org/entity/Q41424329,1.0,,,http://www.wikidata.org/entity/Q1516079,,"('49.89187', '10.89378')"
1305,,49.89115,10.89259,Mietshaus,,D,blue,,,cultural heritage ensemble,,Point(10.89259 49.89115),0.414,http://www.wikidata.org/entity/Q41424335,1.0,,,http://www.wikidata.org/entity/Q1516079,,"('49.89115', '10.89259')"
1306,,49.89168,10.895,Friedrichstraße 17,,D,blue,,,house,,Point(10.895 49.89168),0.584,http://www.wikidata.org/entity/Q41424332,1.0,,,http://www.wikidata.org/entity/Q3947,,"('49.89168', '10.895')"
1307,,49.89034,10.89341,Stadtvilla,,D,blue,,,villa,,Point(10.89341 49.89034),0.491,http://www.wikidata.org/entity/Q41424338,1.0,,,http://www.wikidata.org/entity/Q3950,,"('49.89034', '10.89341')"
1308,,49.89104,10.89265,Mietshaus,,D,blue,,,house,,Point(10.89265 49.89104),0.42,http://www.wikidata.org/entity/Q41424336,1.0,,,http://www.wikidata.org/entity/Q3947,,"('49.89104', '10.89265')"
1309,,49.89006,10.89306,Wohnhaus,,D,blue,,,cultural heritage ensemble,,Point(10.89306 49.89006),0.477,http://www.wikidata.org/entity/Q41424342,1.0,,,http://www.wikidata.org/entity/Q1516079,,"('49.89006', '10.89306')"
1310,,49.89044,10.89286,Stadtvilla,,D,blue,,,villa,,Point(10.89286 49.89044),0.45,http://www.wikidata.org/entity/Q41424340,1.0,,,http://www.wikidata.org/entity/Q3950,,"('49.89044', '10.89286')"
1311,,49.89004,10.89356,Stadtvilla,,D,blue,,,villa,,Point(10.89356 49.89004),0.511,http://www.wikidata.org/entity/Q41424341,1.0,,,http://www.wikidata.org/entity/Q3950,,"('49.89004', '10.89356')"
1312,,49.88918,10.89401,Stadtvilla,,D,blue,,,villa,,Point(10.89401 49.88918),0.58,http://www.wikidata.org/entity/Q41424346,1.0,,,http://www.wikidata.org/entity/Q3950,,"('49.88918', '10.89401')"
1313,,49.88875,10.89414,Stadtvilla,,D,blue,,,villa,,Point(10.89414 49.88875),0.611,http://www.wikidata.org/entity/Q41424347,1.0,,,http://www.wikidata.org/entity/Q3950,,"('49.88875', '10.89414')"
1314,,49.88951,10.89389,Stadtvilla,,D,blue,,,villa,,Point(10.89389 49.88951),0.556,http://www.wikidata.org/entity/Q41424344,1.0,,,http://www.wikidata.org/entity/Q3950,,"('49.88951', '10.89389')"
1315,,49.88942,10.89334,Stadtvilla,,D,blue,,,villa,,Point(10.89334 49.88942),0.525,http://www.wikidata.org/entity/Q41424345,1.0,,,http://www.wikidata.org/entity/Q3950,,"('49.88942', '10.89334')"
1316,,49.88817,10.89452,Stadtvilla,,D,blue,,,villa,,Point(10.89452 49.88817),0.669,http://www.wikidata.org/entity/Q41424350,1.0,,,http://www.wikidata.org/entity/Q3950,,"('49.88817', '10.89452')"
1317,,49.888682783911,10.893699051273,Stadtvilla,,D,blue,,,villa,,Point(10.893699051 49.888682783),0.589,http://www.wikidata.org/entity/Q41424348,1.0,,,http://www.wikidata.org/entity/Q3950,,"('49.888682783911', '10.893699051273')"
1318,,49.88766,10.89407,Stadtvilla,,D,blue,,,villa,,Point(10.89407 49.88766),0.678,http://www.wikidata.org/entity/Q41424354,1.0,,,http://www.wikidata.org/entity/Q3950,,"('49.88766', '10.89407')"
1319,,49.88806,10.89398,Stadtvilla,,D,blue,,,villa,,Point(10.89398 49.88806),0.645,http://www.wikidata.org/entity/Q41424352,1.0,,,http://www.wikidata.org/entity/Q3950,,"('49.88806', '10.89398')"
1320,,49.88783,10.89469,Stadtvilla,,D,blue,,,villa,,Point(10.89469 49.88783),0.701,http://www.wikidata.org/entity/Q41424353,1.0,,,http://www.wikidata.org/entity/Q3950,,"('49.88783', '10.89469')"
1321,,49.886384355736,10.895411134369,Stadtvilla,,D,blue,,,villa,,Point(10.895411134 49.886384355),0.845,http://www.wikidata.org/entity/Q41424358,1.0,,,http://www.wikidata.org/entity/Q3950,,"('49.886384355736', '10.895411134369')"
1322,,49.88619,10.89544,Stadtvilla,,D,blue,,,villa,,Point(10.89544 49.88619),0.861,http://www.wikidata.org/entity/Q41424359,1.0,,,http://www.wikidata.org/entity/Q3950,,"('49.88619', '10.89544')"
1323,,49.88667,10.89526,Doppelhaus,,D,blue,,,duplex,,Point(10.89526 49.88667),0.815,http://www.wikidata.org/entity/Q41424357,1.0,,,http://www.wikidata.org/entity/Q6453233,,"('49.88667', '10.89526')"
1325,,49.88585,10.89576,Villa,,D,blue,,,villa,,Point(10.89576 49.88585),0.904,http://www.wikidata.org/entity/Q41424360,1.0,,,http://www.wikidata.org/entity/Q3950,,"('49.88585', '10.89576')"
1326,,49.88375,10.8977,Einfamilienhaus,,D,blue,,,house,,Point(10.8977 49.88375),1.169,http://www.wikidata.org/entity/Q41424367,1.0,,,http://www.wikidata.org/entity/Q3947,,"('49.88375', '10.8977')"
1327,,49.88567,10.89604,Villa,,D,blue,,,villa,,Point(10.89604 49.88567),0.932,http://www.wikidata.org/entity/Q41424364,1.0,,,http://www.wikidata.org/entity/Q3950,,"('49.88567', '10.89604')"
1328,,49.885239582189,10.896424465528,Villa,,D,blue,,,cultural heritage ensemble,,Point(10.896424465 49.885239582),0.986,http://www.wikidata.org/entity/Q41424365,1.0,,,http://www.wikidata.org/entity/Q1516079,,"('49.885239582189', '10.896424465528')"
1329,,49.88292,10.89837,Baudenkmal,,D,blue,,,villa,,Point(10.89837 49.88292),1.27,http://www.wikidata.org/entity/Q41424370,1.0,,,http://www.wikidata.org/entity/Q3950,,"('49.88292', '10.89837')"
1330,,49.893912408935,10.894779306848,Uferbefestigung,,D,blue,,,cultural heritage ensemble,,Point(10.894779306 49.893912408),0.623,http://www.wikidata.org/entity/Q41424371,1.0,,,http://www.wikidata.org/entity/Q1516079,,"('49.893912408935', '10.894779306848')"
1331,,49.88354,10.89784,Einfamilienhaus,,D,blue,,,house,,Point(10.89784 49.88354),1.193,http://www.wikidata.org/entity/Q41424368,1.0,,,http://www.wikidata.org/entity/Q3947,,"('49.88354', '10.89784')"
1332,,49.88328,10.89807,Villa Hainstraße 47,,D,blue,,,villa,,Point(10.89807 49.88328),1.226,http://www.wikidata.org/entity/Q41424369,1.0,,,http://www.wikidata.org/entity/Q3950,,"('49.88328', '10.89807')"
1333,,49.89505,10.89253,Doppelhaus,,D,blue,,,house,,Point(10.89253 49.89505),0.559,http://www.wikidata.org/entity/Q41424374,1.0,,,http://www.wikidata.org/entity/Q3947,,"('49.89505', '10.89253')"
1334,,49.89492,10.89276,Heinrichsdamm 4,,D,blue,,,house,,Point(10.89276 49.89492),0.561,http://www.wikidata.org/entity/Q41424375,1.0,,,http://www.wikidata.org/entity/Q3947,,"('49.89492', '10.89276')"
1335,,49.89415,10.89416,Heinrichsdamm 8,,D,blue,,,house,,Point(10.89416 49.89415),0.595,http://www.wikidata.org/entity/Q41424378,1.0,,,http://www.wikidata.org/entity/Q3947,,"('49.89415', '10.89416')"
1336,,49.89436,10.89378,Heinrichsdamm 7,,D,blue,,,house,,Point(10.89378 49.89436),0.583,http://www.wikidata.org/entity/Q41424377,1.0,,,http://www.wikidata.org/entity/Q3947,,"('49.89436', '10.89378')"
1337,,49.89308,10.89613,Mietshaus,,D,blue,,,house,,Point(10.89613 49.89308),0.685,http://www.wikidata.org/entity/Q41424382,1.0,,,http://www.wikidata.org/entity/Q3947,,"('49.89308', '10.89613')"
1338,,49.89405,10.89437,Doppelhaus,,D,blue,,,house,,Point(10.89437 49.89405),0.604,http://www.wikidata.org/entity/Q41424380,1.0,,,http://www.wikidata.org/entity/Q3947,,"('49.89405', '10.89437')"
1339,,49.89391,10.8946,Schwesternheim,,D,blue,,,house,,Point(10.8946 49.89391),0.612,http://www.wikidata.org/entity/Q41424381,1.0,,,http://www.wikidata.org/entity/Q3947,,"('49.89391', '10.8946')"
1340,,49.89514,10.8923,Heinrichstraße 6,,D,blue,,,house,,Point(10.8923 49.89514),0.554,http://www.wikidata.org/entity/Q41424386,1.0,,,http://www.wikidata.org/entity/Q3947,,"('49.89514', '10.8923')"
1341,,49.893,10.89625,Mietshaus,,D,blue,,,house,,Point(10.89625 49.893),0.691,http://www.wikidata.org/entity/Q41424384,1.0,,,http://www.wikidata.org/entity/Q3947,,"('49.893', '10.89625')"
1342,,49.8929,10.89642,Mietshaus,,D,blue,,,house,,Point(10.89642 49.8929),0.701,http://www.wikidata.org/entity/Q41424385,1.0,,,http://www.wikidata.org/entity/Q3947,,"('49.8929', '10.89642')"
1343,,49.89129,10.89495,Mietshaus,,D,blue,,,house,,Point(10.89495 49.89129),0.581,http://www.wikidata.org/entity/Q41424390,1.0,,,http://www.wikidata.org/entity/Q3947,,"('49.89129', '10.89495')"
1344,,49.89115,10.89551,Mietshaus,,D,blue,,,house,,Point(10.89551 49.89115),0.623,http://www.wikidata.org/entity/Q41424391,1.0,,,http://www.wikidata.org/entity/Q3947,,"('49.89115', '10.89551')"
1345,,49.89131,10.89539,Mietshaus,,D,blue,,,house,,Point(10.89539 49.89131),0.613,http://www.wikidata.org/entity/Q41424388,1.0,,,http://www.wikidata.org/entity/Q3947,,"('49.89131', '10.89539')"
1346,,49.89091,10.89572,Mietshaus,,D,blue,,,house,,Point(10.89572 49.89091),0.64,http://www.wikidata.org/entity/Q41424394,1.0,,,http://www.wikidata.org/entity/Q3947,,"('49.89091', '10.89572')"
1347,,49.89079,10.89582,Mietshaus,,D,blue,,,house,,Point(10.89582 49.89079),0.649,http://www.wikidata.org/entity/Q41424395,1.0,,,http://www.wikidata.org/entity/Q3947,,"('49.89079', '10.89582')"
1348,,49.89103,10.89562,Mietshaus,,D,blue,,,house,,Point(10.89562 49.89103),0.632,http://www.wikidata.org/entity/Q41424392,1.0,,,http://www.wikidata.org/entity/Q3947,,"('49.89103', '10.89562')"
1349,,49.88897,10.89743,Mietshaus,,D,blue,,,house,,Point(10.89743 49.88897),0.813,http://www.wikidata.org/entity/Q41424399,1.0,,,http://www.wikidata.org/entity/Q3947,,"('49.88897', '10.89743')"
1350,,49.8907,10.89545,Büro-,,D,blue,,,cultural heritage ensemble,,Point(10.89545 49.8907),0.624,http://www.wikidata.org/entity/Q41424396,1.0,,,http://www.wikidata.org/entity/Q1516079,,"('49.8907', '10.89545')"
1351,,49.89011,10.89599,Büro-,,D,blue,,,cultural heritage ensemble,,Point(10.89599 49.89011),0.676,http://www.wikidata.org/entity/Q41424397,1.0,,,http://www.wikidata.org/entity/Q1516079,,"('49.89011', '10.89599')"
1352,,49.89652,10.88642,Mietshaus,,D,blue,,,house,,Point(10.88642 49.89652),0.547,http://www.wikidata.org/entity/Q41424402,1.0,,,http://www.wikidata.org/entity/Q3947,,"('49.89652', '10.88642')"
1353,,49.89528,10.88464,Mietshaus,,D,blue,,,house,,Point(10.88464 49.89528),0.438,http://www.wikidata.org/entity/Q41424403,1.0,,,http://www.wikidata.org/entity/Q3947,,"('49.89528', '10.88464')"
1354,,49.88889,10.89704,Doppelhaus,,D,blue,,,house,,Point(10.89704 49.88889),0.79,http://www.wikidata.org/entity/Q41424400,1.0,,,http://www.wikidata.org/entity/Q3947,,"('49.88889', '10.89704')"
1355,,49.89534,10.88506,Mietshaus,,D,blue,,,house,,Point(10.88506 49.89534),0.435,http://www.wikidata.org/entity/Q41424407,1.0,,,http://www.wikidata.org/entity/Q3947,,"('49.89534', '10.88506')"
1356,,49.89525,10.88514,Mietshaus,,D,blue,,,house,,Point(10.88514 49.89525),0.423,http://www.wikidata.org/entity/Q41424405,1.0,,,http://www.wikidata.org/entity/Q3947,,"('49.89525', '10.88514')"
1357,,49.89229,10.89529,Wohnhaus,,D,blue,,,house,,Point(10.89529 49.89229),0.61,http://www.wikidata.org/entity/Q41424410,1.0,,,http://www.wikidata.org/entity/Q3947,,"('49.89229', '10.89529')"
1358,,49.89289,10.89589,Wohnhaus,,D,blue,,,house,,Point(10.89589 49.89289),0.663,http://www.wikidata.org/entity/Q41424411,1.0,,,http://www.wikidata.org/entity/Q3947,,"('49.89289', '10.89589')"
1359,,49.89175,10.89509,Wohnhaus,,D,blue,,,house,,Point(10.89509 49.89175),0.591,http://www.wikidata.org/entity/Q41424408,1.0,,,http://www.wikidata.org/entity/Q3947,,"('49.89175', '10.89509')"
1360,,49.8917,10.89545,Mietshaus,,D,blue,,,house,,Point(10.89545 49.8917),0.616,http://www.wikidata.org/entity/Q41424409,1.0,,,http://www.wikidata.org/entity/Q3947,,"('49.8917', '10.89545')"
1361,,49.89313,10.89598,Wohnhaus,,D,blue,,,house,,Point(10.89598 49.89313),0.676,http://www.wikidata.org/entity/Q41424414,1.0,,,http://www.wikidata.org/entity/Q3947,,"('49.89313', '10.89598')"
1362,,49.89556,10.88411,Mietshaus,,D,blue,,,house,,Point(10.88411 49.89556),0.482,http://www.wikidata.org/entity/Q41424415,1.0,,,http://www.wikidata.org/entity/Q3947,,"('49.89556', '10.88411')"
1363,,49.89299,10.89593,Wohnhaus,,D,blue,,,house,,Point(10.89593 49.89299),0.669,http://www.wikidata.org/entity/Q41424413,1.0,,,http://www.wikidata.org/entity/Q3947,,"('49.89299', '10.89593')"
1364,,49.895710257044,10.88374314397,Entbindungshaus,,D,blue,,,house,,Point(10.883743143 49.895710257),0.508,http://www.wikidata.org/entity/Q41424418,1.0,,,http://www.wikidata.org/entity/Q3947,,"('49.895710257044', '10.88374314397')"
1365,,49.89586,10.88521,Mietshaus,,D,blue,,,house,,Point(10.88521 49.89586),0.488,http://www.wikidata.org/entity/Q41424419,1.0,,,http://www.wikidata.org/entity/Q3947,,"('49.89586', '10.88521')"
1366,,49.89553,10.88511,Baudenkmal,,D,blue,,,house,,Point(10.88511 49.89553),0.454,http://www.wikidata.org/entity/Q41424416,1.0,,,http://www.wikidata.org/entity/Q3947,,"('49.89553', '10.88511')"
1367,,49.89587,10.8842,Kriegerdenkmal,,D,blue,,,heritage site,,Point(10.8842 49.89587),0.511,http://www.wikidata.org/entity/Q41424422,1.0,,,http://www.wikidata.org/entity/Q358,,"('49.89587', '10.8842')"
1368,,49.89522,10.88448,Mietshaus,,D,blue,,,house,,Point(10.88448 49.89522),0.436,http://www.wikidata.org/entity/Q41424423,1.0,,,http://www.wikidata.org/entity/Q3947,,"('49.89522', '10.88448')"
1369,,49.89598,10.88482,Wohnhaus,,D,blue,,,cultural heritage ensemble,,Point(10.88482 49.89598),0.508,http://www.wikidata.org/entity/Q41424420,1.0,,,http://www.wikidata.org/entity/Q1516079,,"('49.89598', '10.88482')"
1370,,49.89534,10.88415,Markusstraße 2a,,D,blue,,,house,,Point(10.88415 49.89534),0.458,http://www.wikidata.org/entity/Q41424426,1.0,,,http://www.wikidata.org/entity/Q3947,,"('49.89534', '10.88415')"
1371,,49.89519,10.88346,Villa,,D,blue,,,villa,,Point(10.88346 49.89519),0.467,http://www.wikidata.org/entity/Q41424427,1.0,,,http://www.wikidata.org/entity/Q3950,,"('49.89519', '10.88346')"
1372,,49.89544,10.88432,Mietshaus,,D,blue,,,house,,Point(10.88432 49.89544),0.463,http://www.wikidata.org/entity/Q41424424,1.0,,,http://www.wikidata.org/entity/Q3947,,"('49.89544', '10.88432')"
1373,,49.89478,10.88372,Doppelhaus,,D,blue,,,house,,Point(10.88372 49.89478),0.418,http://www.wikidata.org/entity/Q41424430,1.0,,,http://www.wikidata.org/entity/Q3947,,"('49.89478', '10.88372')"
1374,,49.89493,10.88401,Mietshaus,,D,blue,,,house,,Point(10.88401 49.89493),0.422,http://www.wikidata.org/entity/Q41424429,1.0,,,http://www.wikidata.org/entity/Q3947,,"('49.89493', '10.88401')"
1375,,49.89443,10.8831,Mietshaus,,D,blue,,,house,,Point(10.8831 49.89443),0.413,http://www.wikidata.org/entity/Q41424434,1.0,,,http://www.wikidata.org/entity/Q3947,,"('49.89443', '10.8831')"
1376,,49.89476,10.88307,Mietshaus,,D,blue,,,house,,Point(10.88307 49.89476),0.443,http://www.wikidata.org/entity/Q41424432,1.0,,,http://www.wikidata.org/entity/Q3947,,"('49.89476', '10.88307')"
1377,,49.89466,10.8835,Markusstraße 15,,D,blue,,,house,,Point(10.8835 49.89466),0.416,http://www.wikidata.org/entity/Q41424433,1.0,,,http://www.wikidata.org/entity/Q3947,,"('49.89466', '10.8835')"
1378,,49.89756,10.88144,Scheune,,D,blue,,,cultural heritage ensemble,,Point(10.88144 49.89756),0.767,http://www.wikidata.org/entity/Q41424438,1.0,,,http://www.wikidata.org/entity/Q1516079,,"('49.89756', '10.88144')"
1379,,49.88831,10.89754,Mietshaus,,D,blue,,,house,,Point(10.89754 49.88831),0.849,http://www.wikidata.org/entity/Q41424439,1.0,,,http://www.wikidata.org/entity/Q3947,,"('49.88831', '10.89754')"
1380,,49.89748,10.8779,Mußstraße 5,,D,blue,,,cultural heritage ensemble,,Point(10.8779 49.89748),0.915,http://www.wikidata.org/entity/Q41424437,1.0,,,http://www.wikidata.org/entity/Q1516079,,"('49.89748', '10.8779')"
1381,,49.89371,10.89212,"Promenadestraße 4, 6",,D,blue,,,house,,Point(10.89212 49.89371),0.444,http://www.wikidata.org/entity/Q41424446,1.0,,,http://www.wikidata.org/entity/Q3947,,"('49.89371', '10.89212')"
1382,,49.89413,10.89224,Promenadestraße 8,,D,blue,,,house,,Point(10.89224 49.89413),0.478,http://www.wikidata.org/entity/Q41424447,1.0,,,http://www.wikidata.org/entity/Q3947,,"('49.89413', '10.89224')"
1383,,49.89334,10.89208,Promenadestraße 2,,D,blue,,,cultural heritage ensemble,,Point(10.89208 49.89334),0.422,http://www.wikidata.org/entity/Q41424444,1.0,,,http://www.wikidata.org/entity/Q1516079,,"('49.89334', '10.89208')"
1384,,49.89285,10.8916,"Promenadestraße 3, 5, 7",,D,blue,,,house,,Point(10.8916 49.89285),0.368,http://www.wikidata.org/entity/Q41424445,1.0,,,http://www.wikidata.org/entity/Q3947,,"('49.89285', '10.8916')"
1385,,49.89408,10.89146,Promenadestraße 15,,D,blue,,,villa,,Point(10.89146 49.89408),0.43,http://www.wikidata.org/entity/Q41424450,1.0,,,http://www.wikidata.org/entity/Q3950,,"('49.89408', '10.89146')"
1386,,49.89424,10.89147,Promenadestraße 17,,D,blue,,,house,,Point(10.89147 49.89424),0.442,http://www.wikidata.org/entity/Q41424451,1.0,,,http://www.wikidata.org/entity/Q3947,,"('49.89424', '10.89147')"
1387,,49.89379,10.89134,Promenadestraße 11,,D,blue,,,cultural heritage ensemble,,Point(10.89134 49.89379),0.403,http://www.wikidata.org/entity/Q41424449,1.0,,,http://www.wikidata.org/entity/Q1516079,,"('49.89379', '10.89134')"
1388,,49.89443,10.8914,Promenadestraße 19,,D,blue,,,house,,Point(10.8914 49.89443),0.453,http://www.wikidata.org/entity/Q41424453,1.0,,,http://www.wikidata.org/entity/Q3947,,"('49.89443', '10.8914')"
1389,,49.89581,10.88061,Cultural heritage D-4-61-000-2098 in Bamberg,,D,blue,,,house,,Point(10.88061 49.89581),0.647,http://www.wikidata.org/entity/Q41424458,1.0,,,http://www.wikidata.org/entity/Q3947,,"('49.89581', '10.88061')"
1390,,49.88616,10.89647,Schönbornstraße 3,,D,blue,,,villa,,Point(10.89647 49.88616),0.917,http://www.wikidata.org/entity/Q41424459,1.0,,,http://www.wikidata.org/entity/Q3950,,"('49.88616', '10.89647')"
1391,,49.89464,10.89131,Promenadestraße 21,,D,blue,,,Gasthaus,,Point(10.89131 49.89464),0.465,http://www.wikidata.org/entity/Q41424456,1.0,,,http://www.wikidata.org/entity/Q5526694,,"('49.89464', '10.89131')"
1392,,49.89612,10.87996,"Schiffbauplatz, Bildstock (Bamberg)",,D,blue,,,cultural heritage ensemble,,Point(10.87996 49.89612),0.704,http://www.wikidata.org/entity/Q41424457,1.0,,,http://www.wikidata.org/entity/Q1516079,,"('49.89612', '10.87996')"
1393,,49.89148,10.89183,Schönleinsplatz 2 (Bamberg),,D,blue,,,house,,Point(10.89183 49.89148),0.357,http://www.wikidata.org/entity/Q41424462,1.0,,,http://www.wikidata.org/entity/Q3947,,"('49.89148', '10.89183')"
1394,,49.89127,10.89182,Schönleinsplatz 4 (Bamberg),,D,blue,,,cultural heritage ensemble,,Point(10.89182 49.89127),0.358,http://www.wikidata.org/entity/Q41424463,1.0,,,http://www.wikidata.org/entity/Q1516079,,"('49.89127', '10.89182')"
1395,,49.89162,10.89224,Luitpolddenkmal,,D,blue,,,heritage site,,Point(10.89224 49.89162),0.386,http://www.wikidata.org/entity/Q41424461,1.0,,,http://www.wikidata.org/entity/Q358,,"('49.89162', '10.89224')"
1396,,49.89074,10.8946,Schützenstraße 3,,D,blue,,,house,,Point(10.8946 49.89074),0.564,http://www.wikidata.org/entity/Q41424467,1.0,,,http://www.wikidata.org/entity/Q3947,,"('49.89074', '10.8946')"
1397,,49.89211,10.8925,"Schönleinsplatz, Wartehalle",,D,blue,,,cultural heritage ensemble,,Point(10.8925 49.89211),0.409,http://www.wikidata.org/entity/Q41424465,1.0,,,http://www.wikidata.org/entity/Q1516079,,"('49.89211', '10.8925')"
1398,,49.88944,10.8954,Schützenstraße 15,,D,blue,,,villa,,Point(10.8954 49.88944),0.658,http://www.wikidata.org/entity/Q41424470,1.0,,,http://www.wikidata.org/entity/Q3950,,"('49.88944', '10.8954')"
1399,,49.88933,10.89499,Schützenstraße 20,,D,blue,,,house,,Point(10.89499 49.88933),0.636,http://www.wikidata.org/entity/Q41424471,1.0,,,http://www.wikidata.org/entity/Q3947,,"('49.88933', '10.89499')"
1400,,49.89057,10.8943,Schützenstraße 6,,D,blue,,,house,,Point(10.8943 49.89057),0.546,http://www.wikidata.org/entity/Q41424468,1.0,,,http://www.wikidata.org/entity/Q3947,,"('49.89057', '10.8943')"
1401,,49.88978,10.89521,Schützenstraße 13,,D,blue,,,cultural heritage ensemble,,Point(10.89521 49.88978),0.632,http://www.wikidata.org/entity/Q41424469,1.0,,,http://www.wikidata.org/entity/Q1516079,,"('49.88978', '10.89521')"
1402,,49.88857,10.89522,Schützenstraße 24 (Bamberg),,D,blue,,,villa,,Point(10.89522 49.88857),0.688,http://www.wikidata.org/entity/Q41424475,1.0,,,http://www.wikidata.org/entity/Q3950,,"('49.88857', '10.89522')"
1403,,49.88868,10.89565,Schützenstraße 21,,D,blue,,,villa,,Point(10.89565 49.88868),0.709,http://www.wikidata.org/entity/Q41424473,1.0,,,http://www.wikidata.org/entity/Q3950,,"('49.88868', '10.89565')"
1404,,49.88803,10.89578,Schützenstraße 27,,D,blue,,,house,,Point(10.89578 49.88803),0.753,http://www.wikidata.org/entity/Q41424478,1.0,,,http://www.wikidata.org/entity/Q3947,,"('49.88803', '10.89578')"
1405,,49.88797,10.8954,Schützenstraße 30,,D,blue,,,villa,,Point(10.8954 49.88797),0.734,http://www.wikidata.org/entity/Q41424479,1.0,,,http://www.wikidata.org/entity/Q3950,,"('49.88797', '10.8954')"
1406,,49.88829,10.89531,"Schützenstraße 26, 28",,D,blue,,,house,,Point(10.89531 49.88829),0.709,http://www.wikidata.org/entity/Q41424477,1.0,,,http://www.wikidata.org/entity/Q3947,,"('49.88829', '10.89531')"
1407,,49.88393,10.89903,Schützenstraße 54,,D,blue,,,cultural heritage ensemble,,Point(10.89903 49.88393),1.221,http://www.wikidata.org/entity/Q41424482,1.0,,,http://www.wikidata.org/entity/Q1516079,,"('49.88393', '10.89903')"
1408,,49.88443,10.89913,Schützenstraße 61,,D,blue,,,villa,,Point(10.89913 49.88443),1.188,http://www.wikidata.org/entity/Q41424483,1.0,,,http://www.wikidata.org/entity/Q3950,,"('49.88443', '10.89913')"
1409,,49.88435,10.89867,Schützenstraße 50,,D,blue,,,house,,Point(10.89867 49.88435),1.17,http://www.wikidata.org/entity/Q41424486,1.0,,,http://www.wikidata.org/entity/Q3947,,"('49.88435', '10.89867')"
1410,,49.89601,10.88312,Steinertstraße 2,,D,blue,,,house,,Point(10.88312 49.89601),0.558,http://www.wikidata.org/entity/Q41424487,1.0,,,http://www.wikidata.org/entity/Q3947,,"('49.89601', '10.88312')"
1411,,49.88423,10.89934,Schützenstraße 63,,D,blue,,,house,,Point(10.89934 49.88423),1.214,http://www.wikidata.org/entity/Q41424484,1.0,,,http://www.wikidata.org/entity/Q3947,,"('49.88423', '10.89934')"
1412,,49.88449,10.89844,Sodenstraße 4,,D,blue,,,villa,,Point(10.89844 49.88449),1.147,http://www.wikidata.org/entity/Q41424485,1.0,,,http://www.wikidata.org/entity/Q3950,,"('49.88449', '10.89844')"
1413,,49.89088,10.89707,Wohn- und Geschäftshaus,,D,blue,,,Gasthaus,,Point(10.89707 49.89088),0.737,http://www.wikidata.org/entity/Q41424490,1.0,,,http://www.wikidata.org/entity/Q5526694,,"('49.89088', '10.89707')"
1414,,49.89566,10.88078,Steinertstraße 20,,D,blue,,,villa,,Point(10.88078 49.89566),0.626,http://www.wikidata.org/entity/Q41424489,1.0,,,http://www.wikidata.org/entity/Q3950,,"('49.89566', '10.88078')"
1415,,49.89614,10.88287,Weide 1,,D,blue,,,house,,Point(10.88287 49.89614),0.579,http://www.wikidata.org/entity/Q41424494,1.0,,,http://www.wikidata.org/entity/Q3947,,"('49.89614', '10.88287')"
1416,,49.89652,10.88326,Weide 4,,D,blue,,,house,,Point(10.88326 49.89652),0.604,http://www.wikidata.org/entity/Q41424495,1.0,,,http://www.wikidata.org/entity/Q3947,,"('49.89652', '10.88326')"
1417,,49.89641,10.88331,Bildstock,,D,blue,,,cultural heritage ensemble,,Point(10.88331 49.89641),0.591,http://www.wikidata.org/entity/Q41424492,1.0,,,http://www.wikidata.org/entity/Q1516079,,"('49.89641', '10.88331')"
1419,,49.89664,10.8826,Mietshaus,,D,blue,,,house,,Point(10.8826 49.89664),0.637,http://www.wikidata.org/entity/Q41424498,1.0,,,http://www.wikidata.org/entity/Q3947,,"('49.89664', '10.8826')"
1420,,49.89658,10.88298,Weide 6,,D,blue,,,house,,Point(10.88298 49.89658),0.619,http://www.wikidata.org/entity/Q41424496,1.0,,,http://www.wikidata.org/entity/Q3947,,"('49.89658', '10.88298')"
1421,,49.89677,10.88145,Weide 20a,,D,blue,,,house,,Point(10.88145 49.89677),0.692,http://www.wikidata.org/entity/Q41424503,1.0,,,http://www.wikidata.org/entity/Q3947,,"('49.89677', '10.88145')"
1422,,49.8967,10.88205,Wohnhaus Weide 16,,D,blue,,,house,,Point(10.88205 49.8967),0.663,http://www.wikidata.org/entity/Q41424500,1.0,,,http://www.wikidata.org/entity/Q3947,,"('49.8967', '10.88205')"
1423,,49.896717368978,10.881819504294,Wohnhaus,,D,blue,,,house,,Point(10.881819504 49.896717368),0.673,http://www.wikidata.org/entity/Q41424501,1.0,,,http://www.wikidata.org/entity/Q3947,,"('49.896717368978', '10.881819504294')"
1424,,49.89193,10.89658,Baudenkmal,,D,blue,,,cultural heritage ensemble,,Point(10.89658 49.89193),0.698,http://www.wikidata.org/entity/Q41424507,1.0,,,http://www.wikidata.org/entity/Q1516079,,"('49.89193', '10.89658')"
1425,,49.89631,10.88129,Brunnenfigur,,D,blue,,,water well,,Point(10.88129 49.89631),0.657,http://www.wikidata.org/entity/Q41424505,1.0,,,http://www.wikidata.org/entity/Q43483,,"('49.89631', '10.88129')"
1426,,49.89095,10.89728,Mehrfamilienhaus,,D,blue,,,house,,Point(10.89728 49.89095),0.751,http://www.wikidata.org/entity/Q41424510,1.0,,,http://www.wikidata.org/entity/Q3947,,"('49.89095', '10.89728')"
1427,,49.89252,10.8925,Stadtvilla,,D,blue,,,villa,,Point(10.8925 49.89252),0.417,http://www.wikidata.org/entity/Q41424511,1.0,,,http://www.wikidata.org/entity/Q3950,,"('49.89252', '10.8925')"
1428,,49.8914,10.89805,Postamt,,D,blue,,,cultural heritage ensemble,,Point(10.89805 49.8914),0.803,http://www.wikidata.org/entity/Q41424508,1.0,,,http://www.wikidata.org/entity/Q1516079,,"('49.8914', '10.89805')"
1429,,49.89275,10.89315,Doppelhaus,,D,blue,,,villa,,Point(10.89315 49.89275),0.469,http://www.wikidata.org/entity/Q41424515,1.0,,,http://www.wikidata.org/entity/Q3950,,"('49.89275', '10.89315')"
1430,,49.89239,10.89302,Stadtvilla,,D,blue,,,villa,,Point(10.89302 49.89239),0.451,http://www.wikidata.org/entity/Q41424512,1.0,,,http://www.wikidata.org/entity/Q3950,,"('49.89239', '10.89302')"
1431,,49.89322,10.89286,Wohnhaus,,D,blue,,,cultural heritage ensemble,,Point(10.89286 49.89322),0.467,http://www.wikidata.org/entity/Q41424513,1.0,,,http://www.wikidata.org/entity/Q1516079,,"('49.89322', '10.89286')"
1432,,49.89427,10.89323,Willy-Lessing-Straße 13,,D,blue,,,villa,,Point(10.89323 49.89427),0.545,http://www.wikidata.org/entity/Q41424518,1.0,,,http://www.wikidata.org/entity/Q3950,,"('49.89427', '10.89323')"
1433,,49.89359,10.893,Stadtvilla,,D,blue,,,villa,,Point(10.893 49.89359),0.493,http://www.wikidata.org/entity/Q41424516,1.0,,,http://www.wikidata.org/entity/Q3950,,"('49.89359', '10.893')"
1434,,49.89396,10.89312,Stadtvilla,,D,blue,,,villa,,Point(10.89312 49.89396),0.52,http://www.wikidata.org/entity/Q41424517,1.0,,,http://www.wikidata.org/entity/Q3950,,"('49.89396', '10.89312')"
1435,,49.89378,10.8935,Stadtvilla,,D,blue,,,villa,,Point(10.8935 49.89378),0.534,http://www.wikidata.org/entity/Q41424522,1.0,,,http://www.wikidata.org/entity/Q3950,,"('49.89378', '10.8935')"
1436,,49.89401,10.89359,Mehrfamilienhaus,,D,blue,,,house,,Point(10.89359 49.89401),0.552,http://www.wikidata.org/entity/Q41424523,1.0,,,http://www.wikidata.org/entity/Q3947,,"('49.89401', '10.89359')"
1437,,49.89355,10.89356,Wohnhaus,,D,blue,,,house,,Point(10.89356 49.89355),0.527,http://www.wikidata.org/entity/Q41424520,1.0,,,http://www.wikidata.org/entity/Q3947,,"('49.89355', '10.89356')"
1438,,49.90281,10.89943,Gasthaus,,D,blue,,,Gasthaus,,Point(10.89943 49.90281),1.538,http://www.wikidata.org/entity/Q41424527,1.0,,,http://www.wikidata.org/entity/Q5526694,,"('49.90281', '10.89943')"
1439,,49.90117,10.90051,Werkstattgebäude,,D,blue,,,cultural heritage ensemble,,Point(10.90051 49.90117),1.445,http://www.wikidata.org/entity/Q41424525,1.0,,,http://www.wikidata.org/entity/Q1516079,,"('49.90117', '10.90051')"
1440,,49.89657,10.89902,Wohnhaus,,D,blue,,,house,,Point(10.89902 49.89657),1.032,http://www.wikidata.org/entity/Q41424531,1.0,,,http://www.wikidata.org/entity/Q3947,,"('49.89657', '10.89902')"
1441,,49.89558,10.89755,Dr.-von-Schmitt-Straße 12,,D,blue,,,cultural heritage ensemble,,Point(10.89755 49.89558),0.885,http://www.wikidata.org/entity/Q41424528,1.0,,,http://www.wikidata.org/entity/Q1516079,,"('49.89558', '10.89755')"
1442,,49.89672,10.89907,Wohnhaus,,D,blue,,,house,,Point(10.89907 49.89672),1.044,http://www.wikidata.org/entity/Q41424529,1.0,,,http://www.wikidata.org/entity/Q3947,,"('49.89672', '10.89907')"
1443,,49.89623,10.90024,Marter,,D,blue,,,cultural heritage ensemble,,Point(10.90024 49.89623),1.088,http://www.wikidata.org/entity/Q41424534,1.0,,,http://www.wikidata.org/entity/Q1516079,,"('49.89623', '10.90024')"
1444,,49.8955,10.90032,Kleinhaus,,D,blue,,,house,,Point(10.90032 49.8955),1.058,http://www.wikidata.org/entity/Q41424535,1.0,,,http://www.wikidata.org/entity/Q3947,,"('49.8955', '10.90032')"
1445,,49.89633,10.90007,Tropfhaus,,D,blue,,,house,,Point(10.90007 49.89633),1.083,http://www.wikidata.org/entity/Q41424533,1.0,,,http://www.wikidata.org/entity/Q3947,,"('49.89633', '10.90007')"
1446,,49.89441,10.90141,Gärtnerhaus,,D,blue,,,house,,Point(10.90141 49.89441),1.089,http://www.wikidata.org/entity/Q41424539,1.0,,,http://www.wikidata.org/entity/Q3947,,"('49.89441', '10.90141')"
1447,,49.8954,10.90039,Kleinhaus,,D,blue,,,house,,Point(10.90039 49.8954),1.058,http://www.wikidata.org/entity/Q41424536,1.0,,,http://www.wikidata.org/entity/Q3947,,"('49.8954', '10.90039')"
1448,,49.89535,10.90041,Kleinhaus,,D,blue,,,house,,Point(10.90041 49.89535),1.057,http://www.wikidata.org/entity/Q41424537,1.0,,,http://www.wikidata.org/entity/Q3947,,"('49.89535', '10.90041')"
1449,,49.89757,10.89705,Gangolfsplatz 1,,D,blue,,,cultural heritage ensemble,,Point(10.89705 49.89757),0.987,http://www.wikidata.org/entity/Q41424543,1.0,,,http://www.wikidata.org/entity/Q1516079,,"('49.89757', '10.89705')"
1450,,49.89405,10.90171,Baudenkmal,,D,blue,,,house,,Point(10.90171 49.89405),1.099,http://www.wikidata.org/entity/Q41424541,1.0,,,http://www.wikidata.org/entity/Q3947,,"('49.89405', '10.90171')"
1451,,49.8975,10.8973,Gangolfsplatz 2,,D,blue,,,cultural heritage ensemble,,Point(10.8973 49.8975),0.995,http://www.wikidata.org/entity/Q41424544,1.0,,,http://www.wikidata.org/entity/Q1516079,,"('49.8975', '10.8973')"
1452,,49.89744,10.89737,Gangolfsplatz 3,,D,blue,,,cultural heritage ensemble,,Point(10.89737 49.89744),0.995,http://www.wikidata.org/entity/Q41424545,1.0,,,http://www.wikidata.org/entity/Q1516079,,"('49.89744', '10.89737')"
1453,,49.89962,10.89527,Heiliggrabstraße 12,,D,blue,,,house,,Point(10.89527 49.89962),1.076,http://www.wikidata.org/entity/Q41424550,1.0,,,http://www.wikidata.org/entity/Q3947,,"('49.89962', '10.89527')"
1454,,49.89732,10.89755,Gangolfsplatz 3a (Bamberg),,D,blue,,,cultural heritage ensemble,,Point(10.89755 49.89732),0.996,http://www.wikidata.org/entity/Q41424548,1.0,,,http://www.wikidata.org/entity/Q1516079,,"('49.89732', '10.89755')"
1455,,49.89723,10.89772,Gangolfsplatz 4,,D,blue,,,cultural heritage ensemble,,Point(10.89772 49.89723),0.999,http://www.wikidata.org/entity/Q41424549,1.0,,,http://www.wikidata.org/entity/Q1516079,,"('49.89723', '10.89772')"
1456,,49.8986,10.89672,Mehrfamilienhaus,,D,blue,,,house,,Point(10.89672 49.8986),1.051,http://www.wikidata.org/entity/Q41424554,1.0,,,http://www.wikidata.org/entity/Q3947,,"('49.8986', '10.89672')"
1457,,49.89775,10.89831,Gärtnerhaus,,D,blue,,,cultural heritage ensemble,,Point(10.89831 49.89775),1.068,http://www.wikidata.org/entity/Q41424555,1.0,,,http://www.wikidata.org/entity/Q1516079,,"('49.89775', '10.89831')"
1458,,49.900237863864,10.894216553846,Heiliggrabstraße 19,,D,blue,,,house,,Point(10.894216553 49.900237863),1.095,http://www.wikidata.org/entity/Q41424552,1.0,,,http://www.wikidata.org/entity/Q3947,,"('49.900237863864', '10.894216553846')"
1459,,49.90026,10.89454,Bildstock,,D,blue,,,cultural heritage ensemble,,Point(10.89454 49.90026),1.109,http://www.wikidata.org/entity/Q41424553,1.0,,,http://www.wikidata.org/entity/Q1516079,,"('49.90026', '10.89454')"
1460,,49.89871,10.8977,Doppelhaus,,D,blue,,,house,,Point(10.8977 49.89871),1.108,http://www.wikidata.org/entity/Q41424558,1.0,,,http://www.wikidata.org/entity/Q3947,,"('49.89871', '10.8977')"
1461,,49.89822,10.89865,Kaimsgasse 23,,D,blue,,,house,,Point(10.89865 49.89822),1.121,http://www.wikidata.org/entity/Q41424559,1.0,,,http://www.wikidata.org/entity/Q3947,,"('49.89822', '10.89865')"
1462,,49.89866,10.89734,Kaimsgasse 5,,D,blue,,,house,,Point(10.89734 49.89866),1.086,http://www.wikidata.org/entity/Q41424557,1.0,,,http://www.wikidata.org/entity/Q3947,,"('49.89866', '10.89734')"
1463,,49.89809,10.89882,Gärtnerhaus,,D,blue,,,house,,Point(10.89882 49.89809),1.12,http://www.wikidata.org/entity/Q41424562,1.0,,,http://www.wikidata.org/entity/Q3947,,"('49.89809', '10.89882')"
1464,,49.89785,10.89885,Kaimsgasse 30,,D,blue,,,house,,Point(10.89885 49.89785),1.105,http://www.wikidata.org/entity/Q41424563,1.0,,,http://www.wikidata.org/entity/Q3947,,"('49.89785', '10.89885')"
1465,,49.89652,10.89997,Toranlage,,D,blue,,,cultural heritage ensemble,,Point(10.89997 49.89652),1.087,http://www.wikidata.org/entity/Q41424567,1.0,,,http://www.wikidata.org/entity/Q1516079,,"('49.89652', '10.89997')"
1466,,49.89791,10.89913,Kaimsgasse 31,,D,blue,,,house,,Point(10.89913 49.89791),1.125,http://www.wikidata.org/entity/Q41424565,1.0,,,http://www.wikidata.org/entity/Q3947,,"('49.89791', '10.89913')"
1467,,49.89421,10.89755,Mietshaus,,D,blue,,,house,,Point(10.89755 49.89421),0.82,http://www.wikidata.org/entity/Q41424571,1.0,,,http://www.wikidata.org/entity/Q3947,,"('49.89421', '10.89755')"
1468,,49.89672,10.90003,Krankenhaus,,D,blue,,,cultural heritage ensemble,,Point(10.90003 49.89672),1.102,http://www.wikidata.org/entity/Q41424568,1.0,,,http://www.wikidata.org/entity/Q1516079,,"('49.89672', '10.90003')"
1469,,49.89366,10.89854,Mietshaus,,D,blue,,,house,,Point(10.89854 49.89366),0.868,http://www.wikidata.org/entity/Q41424574,1.0,,,http://www.wikidata.org/entity/Q3947,,"('49.89366', '10.89854')"
1470,,49.89339,10.89898,Mietshaus,,D,blue,,,house,,Point(10.89898 49.89339),0.891,http://www.wikidata.org/entity/Q41424575,1.0,,,http://www.wikidata.org/entity/Q3947,,"('49.89339', '10.89898')"
1471,,49.89413,10.89772,Mietshaus,,D,blue,,,house,,Point(10.89772 49.89413),0.828,http://www.wikidata.org/entity/Q41424572,1.0,,,http://www.wikidata.org/entity/Q3947,,"('49.89413', '10.89772')"
1472,,49.89732,10.89907,Wohnhaus,,D,blue,,,house,,Point(10.89907 49.89732),1.082,http://www.wikidata.org/entity/Q41424579,1.0,,,http://www.wikidata.org/entity/Q3947,,"('49.89732', '10.89907')"
1473,,49.89728,10.89902,Wohnhaus,,D,blue,,,Gasthaus,,Point(10.89902 49.89728),1.076,http://www.wikidata.org/entity/Q41424577,1.0,,,http://www.wikidata.org/entity/Q5526694,,"('49.89728', '10.89902')"
1474,,49.8976,10.8999,Gärtnerhaus,,D,blue,,,house,,Point(10.8999 49.8976),1.148,http://www.wikidata.org/entity/Q41424583,1.0,,,http://www.wikidata.org/entity/Q3947,,"('49.8976', '10.8999')"
1475,,49.89734,10.9,Gärtnerhaus,,D,blue,,,house,,Point(10.9 49.89734),1.138,http://www.wikidata.org/entity/Q41424580,1.0,,,http://www.wikidata.org/entity/Q3947,,"('49.89734', '10.9')"
1476,,49.89753,10.89973,Gärtnerhaus,,D,blue,,,house,,Point(10.89973 49.89753),1.134,http://www.wikidata.org/entity/Q41424581,1.0,,,http://www.wikidata.org/entity/Q3947,,"('49.89753', '10.89973')"
1477,,49.8979,10.90066,Kleinhaus,,D,blue,,,house,,Point(10.90066 49.8979),1.212,http://www.wikidata.org/entity/Q41424586,1.0,,,http://www.wikidata.org/entity/Q3947,,"('49.8979', '10.90066')"
1478,,49.89765,10.90002,Kunigundenruhstraße 19,,D,blue,,,house,,Point(10.90002 49.89765),1.158,http://www.wikidata.org/entity/Q41424584,1.0,,,http://www.wikidata.org/entity/Q3947,,"('49.89765', '10.90002')"
1479,,49.90111,10.89843,Baudenkmal,,D,blue,,,cultural heritage ensemble,,Point(10.89843 49.90111),1.344,http://www.wikidata.org/entity/Q41424590,1.0,,,http://www.wikidata.org/entity/Q1516079,,"('49.90111', '10.89843')"
1480,,49.9013,10.89806,Baudenkmal,,D,blue,,,cultural heritage ensemble,,Point(10.89806 49.9013),1.344,http://www.wikidata.org/entity/Q41424591,1.0,,,http://www.wikidata.org/entity/Q1516079,,"('49.9013', '10.89806')"
1481,,49.89802,10.90093,Gärtnerhaus,,D,blue,,,house,,Point(10.90093 49.89802),1.235,http://www.wikidata.org/entity/Q41424588,1.0,,,http://www.wikidata.org/entity/Q3947,,"('49.89802', '10.90093')"
1482,,49.90059,10.89902,Bamberg station building,,D,blue,,,station building,,Point(10.89902 49.90059),1.326,http://www.wikidata.org/entity/Q41424589,1.0,,,http://www.wikidata.org/entity/Q1339195,,"('49.90059', '10.89902')"
1483,,49.90085,10.8981,Kiosk,,D,blue,,,cultural heritage ensemble,,Point(10.8981 49.90085),1.306,http://www.wikidata.org/entity/Q41424595,1.0,,,http://www.wikidata.org/entity/Q1516079,,"('49.90085', '10.8981')"
1484,,49.90172,10.89772,Bahnmeisterei,,D,blue,,,house,,Point(10.89772 49.90172),1.368,http://www.wikidata.org/entity/Q41424593,1.0,,,http://www.wikidata.org/entity/Q3947,,"('49.90172', '10.89772')"
1485,,49.89724,10.8941,Kulturhaus,,D,blue,,,cultural heritage ensemble,,Point(10.8941 49.89724),0.814,http://www.wikidata.org/entity/Q41424598,1.0,,,http://www.wikidata.org/entity/Q1516079,,"('49.89724', '10.8941')"
1486,,49.89579,10.89377,Luitpoldstraße 1,,D,blue,,,house,,Point(10.89377 49.89579),0.68,http://www.wikidata.org/entity/Q41424596,1.0,,,http://www.wikidata.org/entity/Q3947,,"('49.89579', '10.89377')"
1487,,49.89571,10.89422,Luitpoldstraße 2,,D,blue,,,house,,Point(10.89422 49.89571),0.698,http://www.wikidata.org/entity/Q41424597,1.0,,,http://www.wikidata.org/entity/Q3947,,"('49.89571', '10.89422')"
1488,,49.89788,10.89426,Luitpoldstraße 21-23,,D,blue,,,house,,Point(10.89426 49.89788),0.877,http://www.wikidata.org/entity/Q41424602,1.0,,,http://www.wikidata.org/entity/Q3947,,"('49.89788', '10.89426')"
1489,,49.89709,10.89454,Wohn- und Geschäftshaus,,D,blue,,,house,,Point(10.89454 49.89709),0.822,http://www.wikidata.org/entity/Q41424600,1.0,,,http://www.wikidata.org/entity/Q3947,,"('49.89709', '10.89454')"
1490,,49.89759,10.89417,Luitpoldstraße 19,,D,blue,,,house,,Point(10.89417 49.89759),0.847,http://www.wikidata.org/entity/Q41424601,1.0,,,http://www.wikidata.org/entity/Q3947,,"('49.89759', '10.89417')"
1491,,49.89886,10.8956,Luitpoldstraße 37,,D,blue,,,cultural heritage ensemble,,Point(10.8956 49.89886),1.022,http://www.wikidata.org/entity/Q41424606,1.0,,,http://www.wikidata.org/entity/Q1516079,,"('49.89886', '10.8956')"
1492,,49.89775,10.89476,Schule,,D,blue,,,cultural heritage ensemble,,Point(10.89476 49.89775),0.888,http://www.wikidata.org/entity/Q41424604,1.0,,,http://www.wikidata.org/entity/Q1516079,,"('49.89775', '10.89476')"
1493,,49.89806,10.89449,Luitpoldstraße 25,,D,blue,,,house,,Point(10.89449 49.89806),0.903,http://www.wikidata.org/entity/Q41424605,1.0,,,http://www.wikidata.org/entity/Q3947,,"('49.89806', '10.89449')"
1494,,49.89901,10.89594,Luitpoldstraße 39,,D,blue,,,house,,Point(10.89594 49.89901),1.05,http://www.wikidata.org/entity/Q41424610,1.0,,,http://www.wikidata.org/entity/Q3947,,"('49.89901', '10.89594')"
1495,,49.8989,10.89646,"Luitpoldstraße 38, Luitpoldstraße 40",,D,blue,,,house,,Point(10.89646 49.8989),1.064,http://www.wikidata.org/entity/Q41424608,1.0,,,http://www.wikidata.org/entity/Q3947,,"('49.8989', '10.89646')"
1496,,49.898932180425,10.897047039934,Lagergebäude,,D,blue,,,cultural heritage ensemble,,Point(10.897047039 49.89893218),1.094,http://www.wikidata.org/entity/Q41424612,1.0,,,http://www.wikidata.org/entity/Q1516079,,"('49.898932180425', '10.897047039934')"
1497,,49.89937,10.89653,Mehrfamilienhaus,,D,blue,,,house,,Point(10.89653 49.89937),1.107,http://www.wikidata.org/entity/Q41424613,1.0,,,http://www.wikidata.org/entity/Q3947,,"('49.89937', '10.89653')"
1498,,49.89948,10.89739,Luitpoldstraße 50,,D,blue,,,house,,Point(10.89739 49.89948),1.156,http://www.wikidata.org/entity/Q41424618,1.0,,,http://www.wikidata.org/entity/Q3947,,"('49.89948', '10.89739')"
1499,,49.89918,10.89688,Luitpoldstraße 46,,D,blue,,,residential building,,Point(10.89688 49.89918),1.107,http://www.wikidata.org/entity/Q41424616,1.0,,,http://www.wikidata.org/entity/Q11755880,,"('49.89918', '10.89688')"
1500,,49.89364,10.90074,Mehrfamilienhaus,,D,blue,,,house,,Point(10.90074 49.89364),1.021,http://www.wikidata.org/entity/Q41424623,1.0,,,http://www.wikidata.org/entity/Q3947,,"('49.89364', '10.90074')"
1501,,49.89342,10.90058,"Marienplatz, Brunnenanlage mit Marienstatue (Bamberg)",,D,blue,,,water well,,Point(10.90058 49.89342),1.004,http://www.wikidata.org/entity/Q41424620,1.0,,,http://www.wikidata.org/entity/Q43483,,"('49.89342', '10.90058')"
1502,,49.89304,10.89953,Wohn- und Geschäftshaus,,D,blue,,,house,,Point(10.89953 49.89304),0.922,http://www.wikidata.org/entity/Q41424621,1.0,,,http://www.wikidata.org/entity/Q3947,,"('49.89304', '10.89953')"
1503,,49.89379,10.90061,Mehrfamilienhaus,,D,blue,,,house,,Point(10.90061 49.89379),1.015,http://www.wikidata.org/entity/Q41424624,1.0,,,http://www.wikidata.org/entity/Q3947,,"('49.89379', '10.90061')"
1504,,49.8949,10.89836,Finanzamt,,D,blue,,,cultural heritage ensemble,,Point(10.89836 49.8949),0.902,http://www.wikidata.org/entity/Q41424625,1.0,,,http://www.wikidata.org/entity/Q1516079,,"('49.8949', '10.89836')"
1505,,49.89889,10.89453,Mittelstraße 10,,D,blue,,,house,,Point(10.89453 49.89889),0.979,http://www.wikidata.org/entity/Q41424630,1.0,,,http://www.wikidata.org/entity/Q3947,,"('49.89889', '10.89453')"
1506,,49.89897,10.89425,Mittelstraße 14,,D,blue,,,house,,Point(10.89425 49.89897),0.976,http://www.wikidata.org/entity/Q41424631,1.0,,,http://www.wikidata.org/entity/Q3947,,"('49.89897', '10.89425')"
1507,,49.89875,10.89422,Mittelstraße 9,,D,blue,,,house,,Point(10.89422 49.89875),0.954,http://www.wikidata.org/entity/Q41424628,1.0,,,http://www.wikidata.org/entity/Q3947,,"('49.89875', '10.89422')"
1508,,49.89906,10.89392,Mittelstraße 20,,D,blue,,,house,,Point(10.89392 49.89906),0.972,http://www.wikidata.org/entity/Q41424635,1.0,,,http://www.wikidata.org/entity/Q3947,,"('49.89906', '10.89392')"
1509,,49.89898,10.89342,Gärtnerhaus,,D,blue,,,house,,Point(10.89342 49.89898),0.946,http://www.wikidata.org/entity/Q41424632,1.0,,,http://www.wikidata.org/entity/Q3947,,"('49.89898', '10.89342')"
1510,,49.89688,10.8993,Bürgerhaus,,D,blue,,,house,,Point(10.8993 49.89688),1.068,http://www.wikidata.org/entity/Q41424639,1.0,,,http://www.wikidata.org/entity/Q3947,,"('49.89688', '10.8993')"
1511,,49.89918,10.89307,Kreuz,,D,blue,,,cultural heritage ensemble,,Point(10.89307 49.89918),0.953,http://www.wikidata.org/entity/Q41424636,1.0,,,http://www.wikidata.org/entity/Q1516079,,"('49.89918', '10.89307')"
1512,,49.89691,10.89918,Cultural heritage D-4-61-000-968 in Bamberg,,D,blue,,,house,,Point(10.89918 49.89691),1.062,http://www.wikidata.org/entity/Q41424637,1.0,,,http://www.wikidata.org/entity/Q3947,,"('49.89691', '10.89918')"
1513,,49.89522,10.90203,Gärtnerhaus,,D,blue,,,house,,Point(10.90203 49.89522),1.159,http://www.wikidata.org/entity/Q41424642,1.0,,,http://www.wikidata.org/entity/Q3947,,"('49.89522', '10.90203')"
1514,,49.89586,10.90059,Wohnhaus,,D,blue,,,cultural heritage ensemble,,Point(10.90059 49.89586),1.092,http://www.wikidata.org/entity/Q41424641,1.0,,,http://www.wikidata.org/entity/Q1516079,,"('49.89586', '10.90059')"
1515,,49.89563,10.90203,Tropfhaus,,D,blue,,,house,,Point(10.90203 49.89563),1.176,http://www.wikidata.org/entity/Q41424646,1.0,,,http://www.wikidata.org/entity/Q3947,,"('49.89563', '10.90203')"
1516,,49.8956,10.90217,Bürgerhaus,,D,blue,,,house,,Point(10.90217 49.8956),1.184,http://www.wikidata.org/entity/Q41424647,1.0,,,http://www.wikidata.org/entity/Q3947,,"('49.8956', '10.90217')"
1517,,49.89568,10.90189,Gärtnerhaus,,D,blue,,,house,,Point(10.90189 49.89568),1.169,http://www.wikidata.org/entity/Q41424644,1.0,,,http://www.wikidata.org/entity/Q3947,,"('49.89568', '10.90189')"
1518,,49.89381,10.90533,Gärtnerhaus,,D,blue,,,house,,Point(10.90533 49.89381),1.346,http://www.wikidata.org/entity/Q41424651,1.0,,,http://www.wikidata.org/entity/Q3947,,"('49.89381', '10.90533')"
1519,,49.89542,10.90264,Nürnberger Straße 55,,D,blue,,,house,,Point(10.90264 49.89542),1.208,http://www.wikidata.org/entity/Q41424648,1.0,,,http://www.wikidata.org/entity/Q3947,,"('49.89542', '10.90264')"
1520,,49.89469,10.90407,Tropfhaus,,D,blue,,,house,,Point(10.90407 49.89469),1.28,http://www.wikidata.org/entity/Q41424649,1.0,,,http://www.wikidata.org/entity/Q3947,,"('49.89469', '10.90407')"
1521,,49.8937,10.90557,Gärtnerhaus,,D,blue,,,house,,Point(10.90557 49.8937),1.361,http://www.wikidata.org/entity/Q41424654,1.0,,,http://www.wikidata.org/entity/Q3947,,"('49.8937', '10.90557')"
1522,,49.89441,10.90476,Tropfhaus,,D,blue,,,house,,Point(10.90476 49.89441),1.32,http://www.wikidata.org/entity/Q41424652,1.0,,,http://www.wikidata.org/entity/Q3947,,"('49.89441', '10.90476')"
1523,,49.89666,10.89509,Obere Königstraße 32,,D,blue,,,house,,Point(10.89509 49.89666),0.815,http://www.wikidata.org/entity/Q41424658,1.0,,,http://www.wikidata.org/entity/Q3947,,"('49.89666', '10.89509')"
1524,,49.89666,10.89536,Bürgerhaus,,D,blue,,,house,,Point(10.89536 49.89666),0.829,http://www.wikidata.org/entity/Q41424659,1.0,,,http://www.wikidata.org/entity/Q3947,,"('49.89666', '10.89536')"
1525,,49.8936,10.90561,Tropfhaus,,D,blue,,,house,,Point(10.90561 49.8936),1.362,http://www.wikidata.org/entity/Q41424656,1.0,,,http://www.wikidata.org/entity/Q3947,,"('49.8936', '10.90561')"
1526,,49.89362,10.90582,Wegkreuz,,D,blue,,,cultural heritage ensemble,,Point(10.90582 49.89362),1.377,http://www.wikidata.org/entity/Q41424657,1.0,,,http://www.wikidata.org/entity/Q1516079,,"('49.89362', '10.90582')"
1527,,49.89686,10.89651,Domherrenhof,,D,blue,,,cultural heritage ensemble,,Point(10.89651 49.89686),0.906,http://www.wikidata.org/entity/Q41424663,1.0,,,http://www.wikidata.org/entity/Q1516079,,"('49.89686', '10.89651')"
1528,,49.89663,10.89557,Gasthaus,,D,blue,,,Gasthaus,,Point(10.89557 49.89663),0.838,http://www.wikidata.org/entity/Q41424660,1.0,,,http://www.wikidata.org/entity/Q5526694,,"('49.89663', '10.89557')"
1529,,49.89683,10.89617,Domherrenhof,,D,blue,,,house,,Point(10.89617 49.89683),0.885,http://www.wikidata.org/entity/Q41424661,1.0,,,http://www.wikidata.org/entity/Q3947,,"('49.89683', '10.89617')"
1530,,49.89687,10.89722,Domherrenhof,,D,blue,,,cultural heritage ensemble,,Point(10.89722 49.89687),0.946,http://www.wikidata.org/entity/Q41424666,1.0,,,http://www.wikidata.org/entity/Q1516079,,"('49.89687', '10.89722')"
1531,,49.89694,10.89538,Domherrenhof,,D,blue,,,cultural heritage ensemble,,Point(10.89538 49.89694),0.852,http://www.wikidata.org/entity/Q41424667,1.0,,,http://www.wikidata.org/entity/Q1516079,,"('49.89694', '10.89538')"
1532,,49.89696,10.89496,Bürgerhaus,,D,blue,,,house,,Point(10.89496 49.89696),0.832,http://www.wikidata.org/entity/Q41424664,1.0,,,http://www.wikidata.org/entity/Q3947,,"('49.89696', '10.89496')"
1533,,49.89709,10.89704,Kleinhaus,,D,blue,,,house,,Point(10.89704 49.89709),0.951,http://www.wikidata.org/entity/Q41424671,1.0,,,http://www.wikidata.org/entity/Q3947,,"('49.89709', '10.89704')"
1534,,49.89701,10.89607,Schule,,D,blue,,,cultural heritage ensemble,,Point(10.89607 49.89701),0.893,http://www.wikidata.org/entity/Q41424668,1.0,,,http://www.wikidata.org/entity/Q1516079,,"('49.89701', '10.89607')"
1535,,49.89707,10.89685,Kleinhaus,,D,blue,,,house,,Point(10.89685 49.89707),0.939,http://www.wikidata.org/entity/Q41424669,1.0,,,http://www.wikidata.org/entity/Q3947,,"('49.89707', '10.89685')"
1536,,49.90103,10.91202,Pödeldorfer Straße 75,,D,blue,,,cultural heritage ensemble,,Point(10.91202 49.90103),2.085,http://www.wikidata.org/entity/Q41424674,1.0,,,http://www.wikidata.org/entity/Q1516079,,"('49.90103', '10.91202')"
1537,,49.9005,10.91219,Pödeldorfer Straße 86a,,D,blue,,,cultural heritage ensemble,,Point(10.91219 49.9005),2.067,http://www.wikidata.org/entity/Q41424675,1.0,,,http://www.wikidata.org/entity/Q1516079,,"('49.9005', '10.91219')"
1538,,49.90962,10.91715,Pestalozzischule,,D,blue,,,school building,,Point(10.91715 49.90962),2.953,http://www.wikidata.org/entity/Q41424672,1.0,,,http://www.wikidata.org/entity/Q1244442,,"('49.90962', '10.91715')"
1540,,49.89438,10.90022,Mehrfamilienhaus,,D,blue,,,house,,Point(10.90022 49.89438),1.006,http://www.wikidata.org/entity/Q41424673,1.0,,,http://www.wikidata.org/entity/Q3947,,"('49.89438', '10.90022')"
1541,,49.90094,10.91257,Pödeldorfer Straße 88,,D,blue,,,house,,Point(10.91257 49.90094),2.115,http://www.wikidata.org/entity/Q41424677,1.0,,,http://www.wikidata.org/entity/Q3947,,"('49.90094', '10.91257')"
1542,,49.89689,10.89774,Steinweg 4,,D,blue,,,house,,Point(10.89774 49.89689),0.977,http://www.wikidata.org/entity/Q41424680,1.0,,,http://www.wikidata.org/entity/Q3947,,"('49.89689', '10.89774')"
1543,,49.89712,10.89898,Steinweg 15,,D,blue,,,house,,Point(10.89898 49.89712),1.064,http://www.wikidata.org/entity/Q41424687,1.0,,,http://www.wikidata.org/entity/Q3947,,"('49.89712', '10.89898')"
1544,,49.89698,10.89862,Steinweg 9,,D,blue,,,Gasthaus,,Point(10.89862 49.89698),1.034,http://www.wikidata.org/entity/Q41424684,1.0,,,http://www.wikidata.org/entity/Q5526694,,"('49.89698', '10.89862')"
1545,,49.89676,10.8983,Steinweg 10 (Bamberg),,D,blue,,,house,,Point(10.8983 49.89676),1.001,http://www.wikidata.org/entity/Q41424685,1.0,,,http://www.wikidata.org/entity/Q3947,,"('49.89676', '10.8983')"
1546,,49.89717,10.89658,Marter,,D,blue,,,cultural heritage ensemble,,Point(10.89658 49.89717),0.932,http://www.wikidata.org/entity/Q41424691,1.0,,,http://www.wikidata.org/entity/Q1516079,,"('49.89717', '10.89658')"
1547,,49.8972,10.89571,Theuerstadt 1a,,D,blue,,,house,,Point(10.89571 49.8972),0.889,http://www.wikidata.org/entity/Q41424688,1.0,,,http://www.wikidata.org/entity/Q3947,,"('49.8972', '10.89571')"
1548,,49.89782,10.89566,Kanonikerkurie,,D,blue,,,house,,Point(10.89566 49.89782),0.936,http://www.wikidata.org/entity/Q41424694,1.0,,,http://www.wikidata.org/entity/Q3947,,"('49.89782', '10.89566')"
1549,,49.89795,10.8958,Theuerstadt 9,,D,blue,,,house,,Point(10.8958 49.89795),0.953,http://www.wikidata.org/entity/Q41424695,1.0,,,http://www.wikidata.org/entity/Q3947,,"('49.89795', '10.8958')"
1550,,49.89747,10.89614,Theuerstadt 4,,D,blue,,,house,,Point(10.89614 49.89747),0.932,http://www.wikidata.org/entity/Q41424693,1.0,,,http://www.wikidata.org/entity/Q3947,,"('49.89747', '10.89614')"
1551,,49.89821,10.89599,Theuerstadt 21,,D,blue,,,house,,Point(10.89599 49.89821),0.984,http://www.wikidata.org/entity/Q41424698,1.0,,,http://www.wikidata.org/entity/Q3947,,"('49.89821', '10.89599')"
1552,,49.8983,10.89618,Theuerstadt 14,,D,blue,,,house,,Point(10.89618 49.8983),1.001,http://www.wikidata.org/entity/Q41424697,1.0,,,http://www.wikidata.org/entity/Q3947,,"('49.8983', '10.89618')"
1553,,49.89769,10.89604,Heiligenfigur,,D,blue,,,cultural heritage ensemble,,Point(10.89604 49.89769),0.944,http://www.wikidata.org/entity/Q41424702,1.0,,,http://www.wikidata.org/entity/Q1516079,,"('49.89769', '10.89604')"
1554,,49.89384,10.90003,Mietshaus,,D,blue,,,house,,Point(10.90003 49.89384),0.976,http://www.wikidata.org/entity/Q41424703,1.0,,,http://www.wikidata.org/entity/Q3947,,"('49.89384', '10.90003')"
1555,,49.8978,10.89596,Brunnen,,D,blue,,,water well,,Point(10.89596 49.8978),0.949,http://www.wikidata.org/entity/Q41424700,1.0,,,http://www.wikidata.org/entity/Q43483,,"('49.8978', '10.89596')"
1556,,49.90409,10.90649,"Zollnerstraße 76, Schweitzerstraße 12",,D,blue,,,cultural heritage ensemble,,Point(10.90649 49.90409),1.976,http://www.wikidata.org/entity/Q41424706,1.0,,,http://www.wikidata.org/entity/Q1516079,,"('49.90409', '10.90649')"
1557,,49.89261,10.88484,Scheune,,D,blue,,,cultural heritage ensemble,,Point(10.88484 49.89261),0.182,http://www.wikidata.org/entity/Q41425938,1.0,,,http://www.wikidata.org/entity/Q1516079,,"('49.89261', '10.88484')"
1558,,49.89284,10.88448,Wohnhaus,,D,blue,,,house,,Point(10.88448 49.89284),0.218,http://www.wikidata.org/entity/Q41425943,1.0,,,http://www.wikidata.org/entity/Q3947,,"('49.89284', '10.88448')"
1559,,49.89274,10.88459,Wohnhaus,,D,blue,,,house,,Point(10.88459 49.89274),0.205,http://www.wikidata.org/entity/Q41425940,1.0,,,http://www.wikidata.org/entity/Q3947,,"('49.89274', '10.88459')"
1560,,49.89279,10.88455,Wohnhaus,,D,blue,,,cultural heritage ensemble,,Point(10.88455 49.89279),0.211,http://www.wikidata.org/entity/Q41425941,1.0,,,http://www.wikidata.org/entity/Q1516079,,"('49.89279', '10.88455')"
1561,,49.89335,10.88296,Fischerhaus,,D,blue,,,house,,Point(10.88296 49.89335),0.339,http://www.wikidata.org/entity/Q41425947,1.0,,,http://www.wikidata.org/entity/Q3947,,"('49.89335', '10.88296')"
1562,,49.89297,10.88418,Wohnhaus,,D,blue,,,cultural heritage ensemble,,Point(10.88418 49.89297),0.244,http://www.wikidata.org/entity/Q41425945,1.0,,,http://www.wikidata.org/entity/Q1516079,,"('49.89297', '10.88418')"
1563,,49.88924,10.88667,Handwerkerhaus,,D,blue,,,house,,Point(10.88667 49.88924),0.263,http://www.wikidata.org/entity/Q41425950,1.0,,,http://www.wikidata.org/entity/Q3947,,"('49.88924', '10.88667')"
1564,,49.89358,10.88254,Am Leinritt 11,,D,blue,,,house,,Point(10.88254 49.89358),0.379,http://www.wikidata.org/entity/Q41425948,1.0,,,http://www.wikidata.org/entity/Q3947,,"('49.89358', '10.88254')"
1565,,49.8893,10.88662,Schmiede,,D,blue,,,Schloss,,Point(10.88662 49.8893),0.257,http://www.wikidata.org/entity/Q41425949,1.0,,,http://www.wikidata.org/entity/Q16823155,,"('49.8893', '10.88662')"
1566,,49.8889,10.88724,Bürgerhaus,,D,blue,,,house,,Point(10.88724 49.8889),0.302,http://www.wikidata.org/entity/Q41425954,1.0,,,http://www.wikidata.org/entity/Q3947,,"('49.8889', '10.88724')"
1567,,49.88897,10.88688,Baudenkmal,,D,blue,,,house,,Point(10.88688 49.88897),0.293,http://www.wikidata.org/entity/Q41425952,1.0,,,http://www.wikidata.org/entity/Q3947,,"('49.88897', '10.88688')"
1568,,49.88903,10.88704,Bäckerei,,D,blue,,,cultural heritage ensemble,,Point(10.88704 49.88903),0.287,http://www.wikidata.org/entity/Q41425953,1.0,,,http://www.wikidata.org/entity/Q1516079,,"('49.88903', '10.88704')"
1569,,49.89147,10.88598,Dominikanerstraße 1,,D,blue,,,house,,Point(10.88598 49.89147),0.064,http://www.wikidata.org/entity/Q41425959,1.0,,,http://www.wikidata.org/entity/Q3947,,"('49.89147', '10.88598')"
1570,,49.88874,10.88719,Bürgerhaus,,D,blue,,,house,,Point(10.88719 49.88874),0.319,http://www.wikidata.org/entity/Q41425956,1.0,,,http://www.wikidata.org/entity/Q3947,,"('49.88874', '10.88719')"
1571,,49.888791585559,10.887437600004,Beginenhof,,D,blue,,,cultural heritage ensemble,,Point(10.8874376 49.888791585),0.316,http://www.wikidata.org/entity/Q41425957,1.0,,,http://www.wikidata.org/entity/Q1516079,,"('49.888791585559', '10.887437600004')"
1572,,49.89177,10.88545,Hallenkirche,,D,blue,,,monastery,,Point(10.88545 49.89177),0.102,http://www.wikidata.org/entity/Q41425962,1.0,,,http://www.wikidata.org/entity/Q44613,,"('49.89177', '10.88545')"
1573,,49.89147,10.88575,Dominikanerstraße 3,,D,blue,,,house,,Point(10.88575 49.89147),0.08,http://www.wikidata.org/entity/Q41425963,1.0,,,http://www.wikidata.org/entity/Q3947,,"('49.89147', '10.88575')"
1574,,49.89165,10.88602,Wohn- und Geschäftshaus,,D,blue,,,house,,Point(10.88602 49.89165),0.06,http://www.wikidata.org/entity/Q41425961,1.0,,,http://www.wikidata.org/entity/Q3947,,"('49.89165', '10.88602')"
1575,,49.89172,10.88485,Gasthaus,,D,blue,,,Gasthaus,,Point(10.88485 49.89172),0.144,http://www.wikidata.org/entity/Q41425967,1.0,,,http://www.wikidata.org/entity/Q5526694,,"('49.89172', '10.88485')"
1576,,49.89145,10.88511,Adelspalast,,D,blue,,,house,,Point(10.88511 49.89145),0.126,http://www.wikidata.org/entity/Q41425965,1.0,,,http://www.wikidata.org/entity/Q3947,,"('49.89145', '10.88511')"
1577,,49.89154,10.88477,Brauereigasthof,,D,blue,,,cultural heritage ensemble,,Point(10.88477 49.89154),0.149,http://www.wikidata.org/entity/Q41425970,1.0,,,http://www.wikidata.org/entity/Q1516079,,"('49.89154', '10.88477')"
1578,,49.8914,10.88493,Dominikanerstraße 7,,D,blue,,,house,,Point(10.88493 49.8914),0.139,http://www.wikidata.org/entity/Q41425968,1.0,,,http://www.wikidata.org/entity/Q3947,,"('49.8914', '10.88493')"
1579,,49.89175,10.88474,Bäckerei,,D,blue,,,house,,Point(10.88474 49.89175),0.152,http://www.wikidata.org/entity/Q41425969,1.0,,,http://www.wikidata.org/entity/Q3947,,"('49.89175', '10.88474')"
1580,,49.88948,10.88532,Eisgrube 2,,D,blue,,,house,,Point(10.88532 49.88948),0.26,http://www.wikidata.org/entity/Q41425975,1.0,,,http://www.wikidata.org/entity/Q3947,,"('49.88948', '10.88532')"
1581,,49.89189,10.88472,Gasthaus,,D,blue,,,Gasthaus,,Point(10.88472 49.89189),0.156,http://www.wikidata.org/entity/Q41425972,1.0,,,http://www.wikidata.org/entity/Q5526694,,"('49.89189', '10.88472')"
1582,,49.88912,10.88531,Eisgrube 1,,D,blue,,,house,,Point(10.88531 49.88912),0.297,http://www.wikidata.org/entity/Q41425973,1.0,,,http://www.wikidata.org/entity/Q3947,,"('49.88912', '10.88531')"
1583,,49.89266,10.88188,Elisabethenstraße 2b,,D,blue,,,cultural heritage ensemble,,Point(10.88188 49.89266),0.375,http://www.wikidata.org/entity/Q41425978,1.0,,,http://www.wikidata.org/entity/Q1516079,,"('49.89266', '10.88188')"
1584,,49.88893,10.88469,Eisgrube 4; Frauenplatz 1a,,D,blue,,,cultural heritage ensemble,,Point(10.88469 49.88893),0.335,http://www.wikidata.org/entity/Q41425976,1.0,,,http://www.wikidata.org/entity/Q1516079,,"('49.88893', '10.88469')"
1585,,49.89241,10.88219,Elisabethenstraße 5 (Bamberg),,D,blue,,,cultural heritage ensemble,,Point(10.88219 49.89241),0.345,http://www.wikidata.org/entity/Q41425980,1.0,,,http://www.wikidata.org/entity/Q1516079,,"('49.89241', '10.88219')"
1586,,49.89257,10.88234,Ehemalige fürstbischöfliche Hofheuwaage,,D,blue,,,cultural heritage ensemble,,Point(10.88234 49.89257),0.34,http://www.wikidata.org/entity/Q41425981,1.0,,,http://www.wikidata.org/entity/Q1516079,,"('49.89257', '10.88234')"
1587,,49.89116,10.88638,Geyerswörthplatz 1,,D,blue,,,house,,Point(10.88638 49.89116),0.06,http://www.wikidata.org/entity/Q41425986,1.0,,,http://www.wikidata.org/entity/Q3947,,"('49.89116', '10.88638')"
1588,,49.89089,10.88616,Geyerswörthplatz 2,,D,blue,,,house,,Point(10.88616 49.89089),0.093,http://www.wikidata.org/entity/Q41425987,1.0,,,http://www.wikidata.org/entity/Q3947,,"('49.89089', '10.88616')"
1589,,49.88905,10.88359,Frauenplatz 5,,D,blue,,,cultural heritage ensemble,,Point(10.88359 49.88905),0.368,http://www.wikidata.org/entity/Q41425984,1.0,,,http://www.wikidata.org/entity/Q1516079,,"('49.88905', '10.88359')"
1590,,49.89213,10.88281,Wohnhaus,,D,blue,,,house,,Point(10.88281 49.89213),0.295,http://www.wikidata.org/entity/Q41425991,1.0,,,http://www.wikidata.org/entity/Q3947,,"('49.89213', '10.88281')"
1591,,49.89109,10.88642,Geyerswörthplatz 3,,D,blue,,,house,,Point(10.88642 49.89109),0.065,http://www.wikidata.org/entity/Q41425988,1.0,,,http://www.wikidata.org/entity/Q3947,,"('49.89109', '10.88642')"
1592,,49.89105,10.88662,Geyerswörthplatz 5,,D,blue,,,cultural heritage ensemble,,Point(10.88662 49.89105),0.064,http://www.wikidata.org/entity/Q41425989,1.0,,,http://www.wikidata.org/entity/Q1516079,,"('49.89105', '10.88662')"
1593,,49.89211,10.88242,Kreuzschlepper,,D,blue,,,cultural heritage ensemble,,Point(10.88242 49.89211),0.322,http://www.wikidata.org/entity/Q41425994,1.0,,,http://www.wikidata.org/entity/Q1516079,,"('49.89211', '10.88242')"
1594,,49.89142,10.88557,Wohn- und Geschäftshaus,,D,blue,,,house,,Point(10.88557 49.89142),0.094,http://www.wikidata.org/entity/Q41425995,1.0,,,http://www.wikidata.org/entity/Q3947,,"('49.89142', '10.88557')"
1595,,49.89211,10.88257,Wohnhaus,,D,blue,,,house,,Point(10.88257 49.89211),0.312,http://www.wikidata.org/entity/Q41425993,1.0,,,http://www.wikidata.org/entity/Q3947,,"('49.89211', '10.88257')"
1596,,49.89088,10.88587,Wohn- und Geschäftshaus,,D,blue,,,house,,Point(10.88587 49.89088),0.107,http://www.wikidata.org/entity/Q41425999,1.0,,,http://www.wikidata.org/entity/Q3947,,"('49.89088', '10.88587')"
1597,,49.89129,10.88518,Herrenstraße 2,,D,blue,,,house,,Point(10.88518 49.89129),0.124,http://www.wikidata.org/entity/Q41425997,1.0,,,http://www.wikidata.org/entity/Q3947,,"('49.89129', '10.88518')"
1598,,49.8897,10.88387,Wohnhaus,,D,blue,,,house,,Point(10.88387 49.8897),0.301,http://www.wikidata.org/entity/Q41426003,1.0,,,http://www.wikidata.org/entity/Q3947,,"('49.8897', '10.88387')"
1599,,49.88964,10.8837,Wohnhaus,,D,blue,,,house,,Point(10.8837 49.88964),0.314,http://www.wikidata.org/entity/Q41426000,1.0,,,http://www.wikidata.org/entity/Q3947,,"('49.88964', '10.8837')"
1600,,49.89002,10.88357,Domvikarienhaus,,D,blue,,,house,,Point(10.88357 49.89002),0.294,http://www.wikidata.org/entity/Q41426006,1.0,,,http://www.wikidata.org/entity/Q3947,,"('49.89002', '10.88357')"
1601,,49.88964,10.88356,Domvikarienhaus,,D,blue,,,house,,Point(10.88356 49.88964),0.321,http://www.wikidata.org/entity/Q41426005,1.0,,,http://www.wikidata.org/entity/Q3947,,"('49.88964', '10.88356')"
1602,,49.88988,10.88339,Schwesternheim,,D,blue,,,house,,Point(10.88339 49.88988),0.313,http://www.wikidata.org/entity/Q41426010,1.0,,,http://www.wikidata.org/entity/Q3947,,"('49.88988', '10.88339')"
1603,,49.89,10.88337,Domvikarienhaus,,D,blue,,,house,,Point(10.88337 49.89),0.306,http://www.wikidata.org/entity/Q41426009,1.0,,,http://www.wikidata.org/entity/Q3947,,"('49.89', '10.88337')"
1604,,49.88973,10.88556,Bürgerhaus,,D,blue,,,house,,Point(10.88556 49.88973),0.228,http://www.wikidata.org/entity/Q41426015,1.0,,,http://www.wikidata.org/entity/Q3947,,"('49.88973', '10.88556')"
1605,,49.88977,10.8854,Wohnhaus,,D,blue,,,house,,Point(10.8854 49.88977),0.229,http://www.wikidata.org/entity/Q41426013,1.0,,,http://www.wikidata.org/entity/Q3947,,"('49.88977', '10.8854')"
1606,,49.88991,10.88588,Brauereigasthof,,D,blue,,,house,,Point(10.88588 49.88991),0.201,http://www.wikidata.org/entity/Q41426018,1.0,,,http://www.wikidata.org/entity/Q3947,,"('49.88991', '10.88588')"
1607,,49.88965,10.88558,Wohnhaus,,D,blue,,,house,,Point(10.88558 49.88965),0.236,http://www.wikidata.org/entity/Q41426019,1.0,,,http://www.wikidata.org/entity/Q3947,,"('49.88965', '10.88558')"
1608,,49.88951,10.88567,Steinhaus,,D,blue,,,cultural heritage ensemble,,Point(10.88567 49.88951),0.248,http://www.wikidata.org/entity/Q41426022,1.0,,,http://www.wikidata.org/entity/Q1516079,,"('49.88951', '10.88567')"
1609,,49.88966,10.88604,Bürgerhaus,,D,blue,,,house,,Point(10.88604 49.88966),0.224,http://www.wikidata.org/entity/Q41426023,1.0,,,http://www.wikidata.org/entity/Q3947,,"('49.88966', '10.88604')"
1610,,49.88976,10.88592,Gasthaus,,D,blue,,,Gasthaus,,Point(10.88592 49.88976),0.216,http://www.wikidata.org/entity/Q41426020,1.0,,,http://www.wikidata.org/entity/Q5526694,,"('49.88976', '10.88592')"
1611,,49.88937,10.88643,Wohnhaus,,D,blue,,,house,,Point(10.88643 49.88937),0.25,http://www.wikidata.org/entity/Q41426027,1.0,,,http://www.wikidata.org/entity/Q3947,,"('49.88937', '10.88643')"
1612,,49.88947,10.88628,Wohnhaus,,D,blue,,,house,,Point(10.88628 49.88947),0.241,http://www.wikidata.org/entity/Q41426024,1.0,,,http://www.wikidata.org/entity/Q3947,,"('49.88947', '10.88628')"
1613,,49.8894,10.88631,Bürgerhaus,,D,blue,,,house,,Point(10.88631 49.8894),0.248,http://www.wikidata.org/entity/Q41426025,1.0,,,http://www.wikidata.org/entity/Q3947,,"('49.8894', '10.88631')"
1614,,49.88923,10.88637,Brunnenfigur,,D,blue,,,water well,,Point(10.88637 49.88923),0.266,http://www.wikidata.org/entity/Q41426028,1.0,,,http://www.wikidata.org/entity/Q43483,,"('49.88923', '10.88637')"
1615,,49.8912,10.88656,Bürgerhaus,,D,blue,,,house,,Point(10.88656 49.8912),0.049,http://www.wikidata.org/entity/Q41426034,1.0,,,http://www.wikidata.org/entity/Q3947,,"('49.8912', '10.88656')"
1616,,49.89124,10.88641,Wohn- und Geschäftshaus,,D,blue,,,house,,Point(10.88641 49.89124),0.051,http://www.wikidata.org/entity/Q41426035,1.0,,,http://www.wikidata.org/entity/Q3947,,"('49.89124', '10.88641')"
1617,,49.89133,10.88633,Brunnen,,D,blue,,,water well,,Point(10.88633 49.89133),0.048,http://www.wikidata.org/entity/Q41426032,1.0,,,http://www.wikidata.org/entity/Q43483,,"('49.89133', '10.88633')"
1618,,49.89121,10.88632,Wohn- und Geschäftshaus,,D,blue,,,house,,Point(10.88632 49.89121),0.058,http://www.wikidata.org/entity/Q41426038,1.0,,,http://www.wikidata.org/entity/Q3947,,"('49.89121', '10.88632')"
1619,,49.89147,10.88641,Wohn- und Geschäftshaus,,D,blue,,,house,,Point(10.88641 49.89147),0.035,http://www.wikidata.org/entity/Q41426036,1.0,,,http://www.wikidata.org/entity/Q3947,,"('49.89147', '10.88641')"
1620,,49.89134,10.88607,Apotheke,,D,blue,,,house,,Point(10.88607 49.89134),0.063,http://www.wikidata.org/entity/Q41426042,1.0,,,http://www.wikidata.org/entity/Q3947,,"('49.89134', '10.88607')"
1621,,49.89144,10.88632,Wohn- und Geschäftshaus,,D,blue,,,palace,,Point(10.88632 49.89144),0.042,http://www.wikidata.org/entity/Q41426040,1.0,,,http://www.wikidata.org/entity/Q16560,,"('49.89144', '10.88632')"
1622,,49.89106,10.88601,Gasthaus,,D,blue,,,Gasthaus,,Point(10.88601 49.89106),0.085,http://www.wikidata.org/entity/Q41426041,1.0,,,http://www.wikidata.org/entity/Q5526694,,"('49.89106', '10.88601')"
1623,,49.8913,10.88592,Doppelhaus,,D,blue,,,house,,Point(10.88592 49.8913),0.075,http://www.wikidata.org/entity/Q41426046,1.0,,,http://www.wikidata.org/entity/Q3947,,"('49.8913', '10.88592')"
1624,,49.89091,10.88559,Adelspalast,,D,blue,,,city palace,,Point(10.88559 49.89091),0.119,http://www.wikidata.org/entity/Q41426047,1.0,,,http://www.wikidata.org/entity/Q15848826,,"('49.89091', '10.88559')"
1625,,49.89097,10.88576,Wohn- und Geschäftshaus,,D,blue,,,house,,Point(10.88576 49.89097),0.105,http://www.wikidata.org/entity/Q41426044,1.0,,,http://www.wikidata.org/entity/Q3947,,"('49.89097', '10.88576')"
1626,,49.89111,10.88516,Adelspalast,,D,blue,,,house,,Point(10.88516 49.89111),0.133,http://www.wikidata.org/entity/Q41426051,1.0,,,http://www.wikidata.org/entity/Q3947,,"('49.89111', '10.88516')"
1627,,49.8909,10.88545,Karolinenstraße 13,,D,blue,,,house,,Point(10.88545 49.8909),0.127,http://www.wikidata.org/entity/Q41426048,1.0,,,http://www.wikidata.org/entity/Q3947,,"('49.8909', '10.88545')"
1628,,49.89087,10.88505,Wohn- und Geschäftshaus,,D,blue,,,house,,Point(10.88505 49.89087),0.152,http://www.wikidata.org/entity/Q41426049,1.0,,,http://www.wikidata.org/entity/Q3947,,"('49.89087', '10.88505')"
1629,,49.89103,10.88485,Apotheke,,D,blue,,,cultural heritage ensemble,,Point(10.88485 49.89103),0.157,http://www.wikidata.org/entity/Q41426054,1.0,,,http://www.wikidata.org/entity/Q1516079,,"('49.89103', '10.88485')"
1630,,49.891,10.88469,Steinhaus,,D,blue,,,house,,Point(10.88469 49.891),0.169,http://www.wikidata.org/entity/Q41426055,1.0,,,http://www.wikidata.org/entity/Q3947,,"('49.891', '10.88469')"
1631,,49.89081,10.88493,Wohn- und Geschäftshaus,,D,blue,,,house,,Point(10.88493 49.89081),0.163,http://www.wikidata.org/entity/Q41426053,1.0,,,http://www.wikidata.org/entity/Q3947,,"('49.89081', '10.88493')"
1632,,49.89077,10.88475,Bürgerhaus,,D,blue,,,house,,Point(10.88475 49.89077),0.177,http://www.wikidata.org/entity/Q41426057,1.0,,,http://www.wikidata.org/entity/Q3947,,"('49.89077', '10.88475')"
1633,,49.89213,10.88442,Adelspalast,,D,blue,,,cultural heritage ensemble,,Point(10.88442 49.89213),0.183,http://www.wikidata.org/entity/Q41426063,1.0,,,http://www.wikidata.org/entity/Q1516079,,"('49.89213', '10.88442')"
1634,,49.89075,10.88466,Bürgerhaus,,D,blue,,,house,,Point(10.88466 49.89075),0.183,http://www.wikidata.org/entity/Q41426060,1.0,,,http://www.wikidata.org/entity/Q3947,,"('49.89075', '10.88466')"
1635,,49.89104,10.8843,Adelssitz,,D,blue,,,Gasthaus,,Point(10.8843 49.89104),0.193,http://www.wikidata.org/entity/Q41426061,1.0,,,http://www.wikidata.org/entity/Q5526694,,"('49.89104', '10.8843')"
1636,,49.89235,10.88479,Bürgerhaus,,D,blue,,,house,,Point(10.88479 49.89235),0.169,http://www.wikidata.org/entity/Q41426067,1.0,,,http://www.wikidata.org/entity/Q3947,,"('49.89235', '10.88479')"
1637,,49.89226,10.88468,Bürgerhaus,,D,blue,,,house,,Point(10.88468 49.89226),0.172,http://www.wikidata.org/entity/Q41426064,1.0,,,http://www.wikidata.org/entity/Q3947,,"('49.89226', '10.88468')"
1638,,49.89231,10.88475,Bürgerhaus,,D,blue,,,house,,Point(10.88475 49.89231),0.17,http://www.wikidata.org/entity/Q41426065,1.0,,,http://www.wikidata.org/entity/Q3947,,"('49.89231', '10.88475')"
1639,,49.89115,10.88399,Baudenkmal,,D,blue,,,cultural heritage ensemble,,Point(10.88399 49.89115),0.211,http://www.wikidata.org/entity/Q41426070,1.0,,,http://www.wikidata.org/entity/Q1516079,,"('49.89115', '10.88399')"
1640,,49.89154,10.88421,Bürgerhaus,,D,blue,,,Gasthaus,,Point(10.88421 49.89154),0.189,http://www.wikidata.org/entity/Q41426071,1.0,,,http://www.wikidata.org/entity/Q5526694,,"('49.89154', '10.88421')"
1641,,49.89244,10.88487,Hofbeamtenwohnhaus,,D,blue,,,cultural heritage ensemble,,Point(10.88487 49.89244),0.169,http://www.wikidata.org/entity/Q41426069,1.0,,,http://www.wikidata.org/entity/Q1516079,,"('49.89244', '10.88487')"
1642,,49.89086,10.88534,Lugbank 1,,D,blue,,,house,,Point(10.88534 49.89086),0.136,http://www.wikidata.org/entity/Q41426074,1.0,,,http://www.wikidata.org/entity/Q3947,,"('49.89086', '10.88534')"
1643,,49.89079,10.88509,Lugbank 2,,D,blue,,,house,,Point(10.88509 49.89079),0.155,http://www.wikidata.org/entity/Q41426075,1.0,,,http://www.wikidata.org/entity/Q3947,,"('49.89079', '10.88509')"
1644,,49.89073,10.88511,Wohn- und Geschäftshaus,,D,blue,,,house,,Point(10.88511 49.89073),0.158,http://www.wikidata.org/entity/Q41426078,1.0,,,http://www.wikidata.org/entity/Q3947,,"('49.89073', '10.88511')"
1645,,49.89059,10.88553,Brauereigasthof,,D,blue,,,Gasthaus,,Point(10.88553 49.89059),0.147,http://www.wikidata.org/entity/Q41426079,1.0,,,http://www.wikidata.org/entity/Q5526694,,"('49.89059', '10.88553')"
1646,,49.89073,10.8854,Handwerkerhaus,,D,blue,,,house,,Point(10.8854 49.89073),0.142,http://www.wikidata.org/entity/Q41426076,1.0,,,http://www.wikidata.org/entity/Q3947,,"('49.89073', '10.8854')"
1647,,49.89053,10.88514,Bäckerei,,D,blue,,,house,,Point(10.88514 49.89053),0.171,http://www.wikidata.org/entity/Q41426083,1.0,,,http://www.wikidata.org/entity/Q3947,,"('49.89053', '10.88514')"
1648,,49.89063,10.88507,Bürgerhaus,,D,blue,,,house,,Point(10.88507 49.89063),0.167,http://www.wikidata.org/entity/Q41426081,1.0,,,http://www.wikidata.org/entity/Q3947,,"('49.89063', '10.88507')"
1649,,49.89044,10.88517,Wohn- und Geschäftshaus,,D,blue,,,house,,Point(10.88517 49.89044),0.177,http://www.wikidata.org/entity/Q41426087,1.0,,,http://www.wikidata.org/entity/Q3947,,"('49.89044', '10.88517')"
1650,,49.89035,10.88541,Apotheke,,D,blue,,,house,,Point(10.88541 49.89035),0.173,http://www.wikidata.org/entity/Q41426084,1.0,,,http://www.wikidata.org/entity/Q3947,,"('49.89035', '10.88541')"
1651,,49.88857,10.8889,Wohnhaus,,D,blue,,,house,,Point(10.8889 49.88857),0.368,http://www.wikidata.org/entity/Q41426090,1.0,,,http://www.wikidata.org/entity/Q3947,,"('49.88857', '10.8889')"
1652,,49.88868,10.88877,Bürgerhaus,,D,blue,,,house,,Point(10.88877 49.88868),0.353,http://www.wikidata.org/entity/Q41426089,1.0,,,http://www.wikidata.org/entity/Q3947,,"('49.88868', '10.88877')"
1653,,49.88795,10.88957,Wohnhaus,,D,blue,,,house,,Point(10.88957 49.88795),0.451,http://www.wikidata.org/entity/Q41426095,1.0,,,http://www.wikidata.org/entity/Q3947,,"('49.88795', '10.88957')"
1654,,49.88848,10.88899,Wohnhaus,,D,blue,,,house,,Point(10.88899 49.88848),0.38,http://www.wikidata.org/entity/Q41426092,1.0,,,http://www.wikidata.org/entity/Q3947,,"('49.88848', '10.88899')"
1655,,49.88836,10.88903,Bürgerhaus,,D,blue,,,house,,Point(10.88903 49.88836),0.393,http://www.wikidata.org/entity/Q41426093,1.0,,,http://www.wikidata.org/entity/Q3947,,"('49.88836', '10.88903')"
1656,,49.88793,10.89025,Schleuse,,D,blue,,,lock,,Point(10.89025 49.88793),0.476,http://www.wikidata.org/entity/Q41426098,1.0,,,http://www.wikidata.org/entity/Q105731,,"('49.88793', '10.89025')"
1657,,49.8878,10.89059,Gartenhaus,,D,blue,,,house,,Point(10.89059 49.8878),0.501,http://www.wikidata.org/entity/Q41426099,1.0,,,http://www.wikidata.org/entity/Q3947,,"('49.8878', '10.89059')"
1658,,49.88909,10.88918,Wohnhaus,,D,blue,,,cultural heritage ensemble,,Point(10.88918 49.88909),0.326,http://www.wikidata.org/entity/Q41426102,1.0,,,http://www.wikidata.org/entity/Q1516079,,"('49.88909', '10.88918')"
1659,,49.88945,10.88947,Nonnenbrücke 12,,D,blue,,,house,,Point(10.88947 49.88945),0.304,http://www.wikidata.org/entity/Q41426103,1.0,,,http://www.wikidata.org/entity/Q3947,,"('49.88945', '10.88947')"
1660,,49.88738,10.89039,Walkmühle,,D,blue,,,cultural heritage ensemble,,Point(10.89039 49.88738),0.534,http://www.wikidata.org/entity/Q41426100,1.0,,,http://www.wikidata.org/entity/Q1516079,,"('49.88738', '10.89039')"
1661,,49.88926,10.88715,Cultural heritage D-4-61-000-1084 in Bamberg,,D,blue,,,monastery,,Point(10.88715 49.88926),0.262,http://www.wikidata.org/entity/Q41426104,1.0,,,http://www.wikidata.org/entity/Q44613,,"('49.88926', '10.88715')"
1662,,49.88901,10.88767,Brückenfigur,,D,blue,,,house,,Point(10.88767 49.88901),0.294,http://www.wikidata.org/entity/Q41426111,1.0,,,http://www.wikidata.org/entity/Q3947,,"('49.88901', '10.88767')"
1663,,49.88905,10.88744,Mühle,,D,blue,,,cultural heritage ensemble,,Point(10.88744 49.88905),0.287,http://www.wikidata.org/entity/Q41426108,1.0,,,http://www.wikidata.org/entity/Q1516079,,"('49.88905', '10.88744')"
1664,,49.88927,10.88742,Wassermühle,,D,blue,,,cultural heritage ensemble,,Point(10.88742 49.88927),0.263,http://www.wikidata.org/entity/Q41426109,1.0,,,http://www.wikidata.org/entity/Q1516079,,"('49.88927', '10.88742')"
1665,,49.88908,10.88851,Cultural heritage D-4-61-000-1091 in Bamberg,,D,blue,,,house,,Point(10.88851 49.88908),0.305,http://www.wikidata.org/entity/Q41426114,1.0,,,http://www.wikidata.org/entity/Q3947,,"('49.88908', '10.88851')"
1666,,49.89166,10.88429,Wohn- und Geschäftshaus,,D,blue,,,house,,Point(10.88429 49.89166),0.183,http://www.wikidata.org/entity/Q41426115,1.0,,,http://www.wikidata.org/entity/Q3947,,"('49.89166', '10.88429')"
1667,,49.8893,10.88812,Brückenfigur,,D,blue,,,cultural heritage ensemble,,Point(10.88812 49.8893),0.272,http://www.wikidata.org/entity/Q41426112,1.0,,,http://www.wikidata.org/entity/Q1516079,,"('49.8893', '10.88812')"
1668,,49.8918,10.8844,Wohn- und Geschäftshaus,,D,blue,,,house,,Point(10.8844 49.8918),0.177,http://www.wikidata.org/entity/Q41426118,1.0,,,http://www.wikidata.org/entity/Q3947,,"('49.8918', '10.8844')"
1669,,49.89183,10.88432,Wohn- und Geschäftshaus,,D,blue,,,house,,Point(10.88432 49.89183),0.183,http://www.wikidata.org/entity/Q41426119,1.0,,,http://www.wikidata.org/entity/Q3947,,"('49.89183', '10.88432')"
1670,,49.89174,10.88382,Filmtheater,,D,blue,,,Gasthaus,,Point(10.88382 49.89174),0.217,http://www.wikidata.org/entity/Q41426123,1.0,,,http://www.wikidata.org/entity/Q5526694,,"('49.89174', '10.88382')"
1671,,49.89168,10.88406,Obere Sandstraße 5 (Bamberg),,D,blue,,,house,,Point(10.88406 49.89168),0.2,http://www.wikidata.org/entity/Q41426120,1.0,,,http://www.wikidata.org/entity/Q3947,,"('49.89168', '10.88406')"
1672,,49.89188,10.88419,Adelspalast,,D,blue,,,palace,,Point(10.88419 49.89188),0.193,http://www.wikidata.org/entity/Q41426121,1.0,,,http://www.wikidata.org/entity/Q16560,,"('49.89188', '10.88419')"
1673,,49.89186,10.8834,Doppelhaushälfte,,D,blue,,,Gasthaus,,Point(10.8834 49.89186),0.249,http://www.wikidata.org/entity/Q41426126,1.0,,,http://www.wikidata.org/entity/Q5526694,,"('49.89186', '10.8834')"
1674,,49.89191,10.88394,Wohn- und Geschäftshaus,,D,blue,,,house,,Point(10.88394 49.89191),0.211,http://www.wikidata.org/entity/Q41426125,1.0,,,http://www.wikidata.org/entity/Q3947,,"('49.89191', '10.88394')"
1675,,49.89195,10.88379,Bürgerhaus,,D,blue,,,house,,Point(10.88379 49.89195),0.222,http://www.wikidata.org/entity/Q41426130,1.0,,,http://www.wikidata.org/entity/Q3947,,"('49.89195', '10.88379')"
1676,,49.89199,10.88315,Wohn- und Geschäftshaus,,D,blue,,,house,,Point(10.88315 49.89199),0.268,http://www.wikidata.org/entity/Q41426131,1.0,,,http://www.wikidata.org/entity/Q3947,,"('49.89199', '10.88315')"
1677,,49.89193,10.88387,Heiligenfigur,,D,blue,,,house,,Point(10.88387 49.89193),0.216,http://www.wikidata.org/entity/Q41426128,1.0,,,http://www.wikidata.org/entity/Q3947,,"('49.89193', '10.88387')"
1678,,49.891928193914,10.883283303622,Bürgerhaus,,D,blue,,,house,,Point(10.883283303 49.891928193),0.258,http://www.wikidata.org/entity/Q41426129,1.0,,,http://www.wikidata.org/entity/Q3947,,"('49.891928193914', '10.883283303622')"
1679,,49.89197,10.88372,Wohn- und Geschäftshaus,,D,blue,,,house,,Point(10.88372 49.89197),0.228,http://www.wikidata.org/entity/Q41426134,1.0,,,http://www.wikidata.org/entity/Q3947,,"('49.89197', '10.88372')"
1680,,49.89205,10.88306,Wohn- und Geschäftshaus,,D,blue,,,house,,Point(10.88306 49.89205),0.276,http://www.wikidata.org/entity/Q41426135,1.0,,,http://www.wikidata.org/entity/Q3947,,"('49.89205', '10.88306')"
1681,,49.892,10.88358,Brauerei,,D,blue,,,cultural heritage ensemble,,Point(10.88358 49.892),0.238,http://www.wikidata.org/entity/Q41426138,1.0,,,http://www.wikidata.org/entity/Q1516079,,"('49.892', '10.88358')"
1682,,49.892095095387,10.882955736141,Schmiede,,D,blue,,,house,,Point(10.882955736 49.892095095),0.284,http://www.wikidata.org/entity/Q41426139,1.0,,,http://www.wikidata.org/entity/Q3947,,"('49.892095095387', '10.882955736141')"
1683,,49.89233,10.88294,Bäckerei,,D,blue,,,house,,Point(10.88294 49.89233),0.291,http://www.wikidata.org/entity/Q41426142,1.0,,,http://www.wikidata.org/entity/Q3947,,"('49.89233', '10.88294')"
1684,,49.89221,10.88332,Cultural heritage D-4-61-000-1149 in Bamberg,,D,blue,,,cultural heritage ensemble,,Point(10.88332 49.89221),0.262,http://www.wikidata.org/entity/Q41426143,1.0,,,http://www.wikidata.org/entity/Q1516079,,"('49.89221', '10.88332')"
1685,,49.89208,10.88343,Heiligenfigur,,D,blue,,,house,,Point(10.88343 49.89208),0.25,http://www.wikidata.org/entity/Q41426140,1.0,,,http://www.wikidata.org/entity/Q3947,,"('49.89208', '10.88343')"
1686,,49.89213,10.88334,Heiligenfigur,,D,blue,,,house,,Point(10.88334 49.89213),0.258,http://www.wikidata.org/entity/Q41426141,1.0,,,http://www.wikidata.org/entity/Q3947,,"('49.89213', '10.88334')"
1687,,49.89259,10.88281,Obere Sandstraße 29,,D,blue,,,house,,Point(10.88281 49.89259),0.309,http://www.wikidata.org/entity/Q41426146,1.0,,,http://www.wikidata.org/entity/Q3947,,"('49.89259', '10.88281')"
1688,,49.8923,10.88318,Handwerkerhaus,,D,blue,,,house,,Point(10.88318 49.8923),0.274,http://www.wikidata.org/entity/Q41426147,1.0,,,http://www.wikidata.org/entity/Q3947,,"('49.8923', '10.88318')"
1689,,49.89222,10.88321,Gasthaus,,D,blue,,,house,,Point(10.88321 49.89222),0.269,http://www.wikidata.org/entity/Q41426144,1.0,,,http://www.wikidata.org/entity/Q3947,,"('49.89222', '10.88321')"
1690,,49.89225,10.88317,Handwerkerhaus,,D,blue,,,house,,Point(10.88317 49.89225),0.273,http://www.wikidata.org/entity/Q41426145,1.0,,,http://www.wikidata.org/entity/Q3947,,"('49.89225', '10.88317')"
1691,,49.89238,10.88326,Bürgerhaus,,D,blue,,,house,,Point(10.88326 49.89238),0.271,http://www.wikidata.org/entity/Q41426150,1.0,,,http://www.wikidata.org/entity/Q3947,,"('49.89238', '10.88326')"
1692,,49.892660593212,10.882701172136,Wohn- und Geschäftshaus,,D,blue,,,house,,Point(10.882701172 49.892660593),0.319,http://www.wikidata.org/entity/Q41426149,1.0,,,http://www.wikidata.org/entity/Q3947,,"('49.892660593212', '10.882701172136')"
1693,,49.89247,10.88345,Wohn- und Geschäftshaus,,D,blue,,,house,,Point(10.88345 49.89247),0.262,http://www.wikidata.org/entity/Q41426154,1.0,,,http://www.wikidata.org/entity/Q3947,,"('49.89247', '10.88345')"
1694,,49.8932,10.88351,Gefängnis,,D,blue,,,house,,Point(10.88351 49.8932),0.298,http://www.wikidata.org/entity/Q41426155,1.0,,,http://www.wikidata.org/entity/Q3947,,"('49.8932', '10.88351')"
1695,,49.89268,10.88246,Obere Sandstraße 33,,D,blue,,,cultural heritage ensemble,,Point(10.88246 49.89268),0.336,http://www.wikidata.org/entity/Q41426152,1.0,,,http://www.wikidata.org/entity/Q1516079,,"('49.89268', '10.88246')"
1696,,49.89025,10.8853,Kemenate,,D,blue,,,house,,Point(10.8853 49.89025),0.187,http://www.wikidata.org/entity/Q41426159,1.0,,,http://www.wikidata.org/entity/Q3947,,"('49.89025', '10.8853')"
1697,,49.89217,10.88233,Brunnen,,D,blue,,,water well,,Point(10.88233 49.89217),0.33,http://www.wikidata.org/entity/Q41426157,1.0,,,http://www.wikidata.org/entity/Q43483,,"('49.89217', '10.88233')"
1698,,49.89016,10.88543,Pfahlplätzchen 3,,D,blue,,,house,,Point(10.88543 49.89016),0.19,http://www.wikidata.org/entity/Q41426162,1.0,,,http://www.wikidata.org/entity/Q3947,,"('49.89016', '10.88543')"
1699,,49.8902,10.88489,jüdisches,,D,blue,,,Gasthaus,,Point(10.88489 49.8902),0.21,http://www.wikidata.org/entity/Q41426163,1.0,,,http://www.wikidata.org/entity/Q5526694,,"('49.8902', '10.88489')"
1700,,49.89036,10.88502,Café,,D,blue,,,house,,Point(10.88502 49.89036),0.19,http://www.wikidata.org/entity/Q41426161,1.0,,,http://www.wikidata.org/entity/Q3947,,"('49.89036', '10.88502')"
1701,,49.88956,10.885,Pfarrgasse 1,,D,blue,,,cultural heritage ensemble,,Point(10.885 49.88956),0.263,http://www.wikidata.org/entity/Q41426166,1.0,,,http://www.wikidata.org/entity/Q1516079,,"('49.88956', '10.885')"
1702,,49.89009,10.88485,Pfahlplätzchen 6,,D,blue,,,Gasthaus,,Point(10.88485 49.89009),0.221,http://www.wikidata.org/entity/Q41426165,1.0,,,http://www.wikidata.org/entity/Q5526694,,"('49.89009', '10.88485')"
1703,,49.88931,10.88531,Pfarrgasse 5,,D,blue,,,house,,Point(10.88531 49.88931),0.278,http://www.wikidata.org/entity/Q41426170,1.0,,,http://www.wikidata.org/entity/Q3947,,"('49.88931', '10.88531')"
1704,,49.88943,10.88511,Pfarrgasse 3,,D,blue,,,house,,Point(10.88511 49.88943),0.272,http://www.wikidata.org/entity/Q41426168,1.0,,,http://www.wikidata.org/entity/Q3947,,"('49.88943', '10.88511')"
1705,,49.89261,10.88351,Sandbad 1,,D,blue,,,house,,Point(10.88351 49.89261),0.264,http://www.wikidata.org/entity/Q41426174,1.0,,,http://www.wikidata.org/entity/Q3947,,"('49.89261', '10.88351')"
1706,,49.89261,10.8836,Sandbad 3,,D,blue,,,house,,Point(10.8836 49.89261),0.258,http://www.wikidata.org/entity/Q41426175,1.0,,,http://www.wikidata.org/entity/Q3947,,"('49.89261', '10.8836')"
1707,,49.8922996,10.8821657,Eisernes Tor,,D,blue,,,city gate,,Point(10.8821657 49.8922996),0.344,http://www.wikidata.org/entity/Q41426173,1.0,,,http://www.wikidata.org/entity/Q82117,,"('49.8922996', '10.8821657')"
1708,,49.89256,10.88368,Sandbad 5,,D,blue,,,house,,Point(10.88368 49.89256),0.251,http://www.wikidata.org/entity/Q41426179,1.0,,,http://www.wikidata.org/entity/Q3947,,"('49.89256', '10.88368')"
1709,,49.89257,10.88404,Sandbad 4 (Bamberg),,D,blue,,,house,,Point(10.88404 49.89257),0.228,http://www.wikidata.org/entity/Q41426177,1.0,,,http://www.wikidata.org/entity/Q3947,,"('49.89257', '10.88404')"
1710,,49.89262,10.88387,Sandbad 9,,D,blue,,,house,,Point(10.88387 49.89262),0.241,http://www.wikidata.org/entity/Q41426182,1.0,,,http://www.wikidata.org/entity/Q3947,,"('49.89262', '10.88387')"
1711,,49.89255,10.88379,Sandbad 7,,D,blue,,,house,,Point(10.88379 49.89255),0.243,http://www.wikidata.org/entity/Q41426180,1.0,,,http://www.wikidata.org/entity/Q3947,,"('49.89255', '10.88379')"
1712,,49.89252,10.88419,Sandbad 8 (Bamberg),,D,blue,,,house,,Point(10.88419 49.89252),0.216,http://www.wikidata.org/entity/Q41426181,1.0,,,http://www.wikidata.org/entity/Q3947,,"('49.89252', '10.88419')"
1713,,49.89268,10.88392,Sandbad 11 (Bamberg),,D,blue,,,house,,Point(10.88392 49.89268),0.241,http://www.wikidata.org/entity/Q41426186,1.0,,,http://www.wikidata.org/entity/Q3947,,"('49.89268', '10.88392')"
1714,,49.89245,10.88421,Sandbad 10 (Bamberg),,D,blue,,,house,,Point(10.88421 49.89245),0.211,http://www.wikidata.org/entity/Q41426184,1.0,,,http://www.wikidata.org/entity/Q3947,,"('49.89245', '10.88421')"
1715,,49.89259,10.88437,Sandbad 27,,D,blue,,,house,,Point(10.88437 49.89259),0.209,http://www.wikidata.org/entity/Q41426190,1.0,,,http://www.wikidata.org/entity/Q3947,,"('49.89259', '10.88437')"
1716,,49.89277,10.88399,Sandbad 13 (Bamberg),,D,blue,,,house,,Point(10.88399 49.89277),0.242,http://www.wikidata.org/entity/Q41426188,1.0,,,http://www.wikidata.org/entity/Q3947,,"('49.89277', '10.88399')"
1717,,49.89233,10.88431,Sandbad 14,,D,blue,,,house,,Point(10.88431 49.89233),0.199,http://www.wikidata.org/entity/Q41426189,1.0,,,http://www.wikidata.org/entity/Q3947,,"('49.89233', '10.88431')"
1718,,49.89255,10.88475,Sandbad 35,,D,blue,,,house,,Point(10.88475 49.89255),0.183,http://www.wikidata.org/entity/Q41426195,1.0,,,http://www.wikidata.org/entity/Q3947,,"('49.89255', '10.88475')"
1719,,49.89256,10.88455,Sandbad 31,,D,blue,,,house,,Point(10.88455 49.89256),0.196,http://www.wikidata.org/entity/Q41426192,1.0,,,http://www.wikidata.org/entity/Q3947,,"('49.89256', '10.88455')"
1720,,49.89249,10.88466,Sandbad 33,,D,blue,,,house,,Point(10.88466 49.89249),0.185,http://www.wikidata.org/entity/Q41426193,1.0,,,http://www.wikidata.org/entity/Q3947,,"('49.89249', '10.88466')"
1721,,49.88969,10.88694,Schimmelsgasse 3,,D,blue,,,house,,Point(10.88694 49.88969),0.213,http://www.wikidata.org/entity/Q41426198,1.0,,,http://www.wikidata.org/entity/Q3947,,"('49.88969', '10.88694')"
1722,,49.88973,10.88704,Schimmelsgasse 5,,D,blue,,,house,,Point(10.88704 49.88973),0.209,http://www.wikidata.org/entity/Q41426199,1.0,,,http://www.wikidata.org/entity/Q3947,,"('49.88973', '10.88704')"
1723,,49.88964,10.88689,Schimmelsgasse 1,,D,blue,,,house,,Point(10.88689 49.88964),0.218,http://www.wikidata.org/entity/Q41426196,1.0,,,http://www.wikidata.org/entity/Q3947,,"('49.88964', '10.88689')"
1724,,49.89027,10.88579,Schranne 6,,D,blue,,,house,,Point(10.88579 49.89027),0.167,http://www.wikidata.org/entity/Q41426203,1.0,,,http://www.wikidata.org/entity/Q3947,,"('49.89027', '10.88579')"
1725,,49.88975,10.88708,Schimmelsgasse 12,,D,blue,,,house,,Point(10.88708 49.88975),0.207,http://www.wikidata.org/entity/Q41426200,1.0,,,http://www.wikidata.org/entity/Q3947,,"('49.88975', '10.88708')"
1726,,49.89085,10.88668,Brudermühle Bamberg,,D,blue,,,cultural heritage ensemble,,Point(10.88668 49.89085),0.085,http://www.wikidata.org/entity/Q41426201,1.0,,,http://www.wikidata.org/entity/Q1516079,,"('49.89085', '10.88668')"
1727,,49.89067,10.88578,Schranne 9,,D,blue,,,house,,Point(10.88578 49.89067),0.129,http://www.wikidata.org/entity/Q41426207,1.0,,,http://www.wikidata.org/entity/Q3947,,"('49.89067', '10.88578')"
1728,,49.89032,10.88573,Schranne 7,,D,blue,,,house,,Point(10.88573 49.89032),0.164,http://www.wikidata.org/entity/Q41426205,1.0,,,http://www.wikidata.org/entity/Q3947,,"('49.89032', '10.88573')"
1729,,49.89309,10.88159,Schrottenberggasse 8,,D,blue,,,house,,Point(10.88159 49.89309),0.411,http://www.wikidata.org/entity/Q41426210,1.0,,,http://www.wikidata.org/entity/Q3947,,"('49.89309', '10.88159')"
1730,,49.89071,10.88587,Schranne 10,,D,blue,,,house,,Point(10.88587 49.89071),0.122,http://www.wikidata.org/entity/Q41426208,1.0,,,http://www.wikidata.org/entity/Q3947,,"('49.89071', '10.88587')"
1731,,49.89313,10.88173,Schrottenberggasse 4,,D,blue,,,cultural heritage ensemble,,Point(10.88173 49.89313),0.404,http://www.wikidata.org/entity/Q41426209,1.0,,,http://www.wikidata.org/entity/Q1516079,,"('49.89313', '10.88173')"
1732,,49.88991,10.88701,Sonnenplätzchen 7,,D,blue,,,cultural heritage ensemble,,Point(10.88701 49.88991),0.189,http://www.wikidata.org/entity/Q41426215,1.0,,,http://www.wikidata.org/entity/Q1516079,,"('49.88991', '10.88701')"
1733,,49.89291,10.8814,Schrottenberggasse 16,,D,blue,,,house,,Point(10.8814 49.89291),0.416,http://www.wikidata.org/entity/Q41426212,1.0,,,http://www.wikidata.org/entity/Q3947,,"('49.89291', '10.8814')"
1734,,49.88974,10.88675,Sonnenplätzchen 3,,D,blue,,,house,,Point(10.88675 49.88974),0.207,http://www.wikidata.org/entity/Q41426213,1.0,,,http://www.wikidata.org/entity/Q3947,,"('49.88974', '10.88675')"
1735,,49.8918,10.88627,Bürgerhaus,,D,blue,,,house,,Point(10.88627 49.8918),0.047,http://www.wikidata.org/entity/Q41426219,1.0,,,http://www.wikidata.org/entity/Q3947,,"('49.8918', '10.88627')"
1736,,49.8916,10.88645,Mietshaus,,D,blue,,,house,,Point(10.88645 49.8916),0.028,http://www.wikidata.org/entity/Q41426217,1.0,,,http://www.wikidata.org/entity/Q3947,,"('49.8916', '10.88645')"
1737,,49.89155,10.88627,Untere Brücke 5,,D,blue,,,house,,Point(10.88627 49.89155),0.042,http://www.wikidata.org/entity/Q41426222,1.0,,,http://www.wikidata.org/entity/Q3947,,"('49.89155', '10.88627')"
1738,,49.89157,10.88633,Untere Brücke 3,,D,blue,,,house,,Point(10.88633 49.89157),0.037,http://www.wikidata.org/entity/Q41426220,1.0,,,http://www.wikidata.org/entity/Q3947,,"('49.89157', '10.88633')"
1739,,49.8917,10.88624,Untere Brücke 4,,D,blue,,,house,,Point(10.88624 49.8917),0.045,http://www.wikidata.org/entity/Q41426221,1.0,,,http://www.wikidata.org/entity/Q3947,,"('49.8917', '10.88624')"
1740,,49.89152,10.88622,Cultural heritage D-4-61-000-645 in Bamberg,,D,blue,,,house,,Point(10.88622 49.89152),0.046,http://www.wikidata.org/entity/Q41426226,1.0,,,http://www.wikidata.org/entity/Q3947,,"('49.89152', '10.88622')"
1741,,49.89167,10.8861,Untere Brücke 8,,D,blue,,,house,,Point(10.8861 49.89167),0.054,http://www.wikidata.org/entity/Q41426227,1.0,,,http://www.wikidata.org/entity/Q3947,,"('49.89167', '10.8861')"
1742,,49.89169,10.88616,Bürgerhaus,,D,blue,,,house,,Point(10.88616 49.89169),0.05,http://www.wikidata.org/entity/Q41426224,1.0,,,http://www.wikidata.org/entity/Q3947,,"('49.89169', '10.88616')"
1743,,49.8929,10.8824,Wohn- und Geschäftshaus,,D,blue,,,house,,Point(10.8824 49.8929),0.35,http://www.wikidata.org/entity/Q41426231,1.0,,,http://www.wikidata.org/entity/Q3947,,"('49.8929', '10.8824')"
1744,,49.89086,10.88717,Mühle,,D,blue,,,cultural heritage ensemble,,Point(10.88717 49.89086),0.086,http://www.wikidata.org/entity/Q41426228,1.0,,,http://www.wikidata.org/entity/Q1516079,,"('49.89086', '10.88717')"
1745,,49.89068,10.88723,Mühle,,D,blue,,,cultural heritage ensemble,,Point(10.88723 49.89068),0.106,http://www.wikidata.org/entity/Q41426229,1.0,,,http://www.wikidata.org/entity/Q1516079,,"('49.89068', '10.88723')"
1746,,49.89299,10.88219,Bürgerhaus,,D,blue,,,house,,Point(10.88219 49.89299),0.367,http://www.wikidata.org/entity/Q41426234,1.0,,,http://www.wikidata.org/entity/Q3947,,"('49.89299', '10.88219')"
1747,,49.89317,10.88241,Untere Sandstraße 6,,D,blue,,,house,,Point(10.88241 49.89317),0.362,http://www.wikidata.org/entity/Q41426235,1.0,,,http://www.wikidata.org/entity/Q3947,,"('49.89317', '10.88241')"
1748,,49.89305,10.88254,Gerberei,,D,blue,,,house,,Point(10.88254 49.89305),0.348,http://www.wikidata.org/entity/Q41426232,1.0,,,http://www.wikidata.org/entity/Q3947,,"('49.89305', '10.88254')"
1749,,49.89313,10.88202,Gasthaus,,D,blue,,,Gasthaus,,Point(10.88202 49.89313),0.385,http://www.wikidata.org/entity/Q41426238,1.0,,,http://www.wikidata.org/entity/Q5526694,,"('49.89313', '10.88202')"
1750,,49.8935,10.88197,Gasthaus,,D,blue,,,Gasthaus,,Point(10.88197 49.8935),0.408,http://www.wikidata.org/entity/Q41426239,1.0,,,http://www.wikidata.org/entity/Q5526694,,"('49.8935', '10.88197')"
1751,,49.89297,10.88205,Untere Sandstraße 7,,D,blue,,,house,,Point(10.88205 49.89297),0.376,http://www.wikidata.org/entity/Q41426236,1.0,,,http://www.wikidata.org/entity/Q3947,,"('49.89297', '10.88205')"
1752,,49.89347937556,10.881652789279,Gasthaus,,D,blue,,,Gasthaus,,Point(10.881652789 49.893479375),0.427,http://www.wikidata.org/entity/Q41426242,1.0,,,http://www.wikidata.org/entity/Q5526694,,"('49.89347937556', '10.881652789279')"
1753,,49.89373,10.88216,Untere Sandstraße 16 (Bamberg),,D,blue,,,house,,Point(10.88216 49.89373),0.411,http://www.wikidata.org/entity/Q41426240,1.0,,,http://www.wikidata.org/entity/Q3947,,"('49.89373', '10.88216')"
1754,,49.8941,10.88095,Baudenkmal,,D,blue,,,cultural heritage ensemble,,Point(10.88095 49.8941),0.505,http://www.wikidata.org/entity/Q41426246,1.0,,,http://www.wikidata.org/entity/Q1516079,,"('49.8941', '10.88095')"
1755,,49.89372,10.88123,Cultural heritage D-4-61-000-693 in Bamberg,,D,blue,,,house,,Point(10.88123 49.89372),0.466,http://www.wikidata.org/entity/Q41426247,1.0,,,http://www.wikidata.org/entity/Q3947,,"('49.89372', '10.88123')"
1756,,49.89366,10.88133,Töpferei,,D,blue,,,house,,Point(10.88133 49.89366),0.457,http://www.wikidata.org/entity/Q41426245,1.0,,,http://www.wikidata.org/entity/Q3947,,"('49.89366', '10.88133')"
1757,,49.89382,10.88106,Cultural heritage D-4-61-000-698 in Bamberg,,D,blue,,,house,,Point(10.88106 49.89382),0.482,http://www.wikidata.org/entity/Q41426251,1.0,,,http://www.wikidata.org/entity/Q3947,,"('49.89382', '10.88106')"
1758,,49.895332393303,10.878995414872,Krankenhaus,,D,blue,,,former hospital,,Point(10.878995414 49.895332393),0.699,http://www.wikidata.org/entity/Q41426248,1.0,,,http://www.wikidata.org/entity/Q64578911,,"('49.895332393303', '10.878995414872')"
1760,,49.8939,10.88071,Cultural heritage D-4-61-000-703 in Bamberg,,D,blue,,,house,,Point(10.88071 49.8939),0.508,http://www.wikidata.org/entity/Q41426255,1.0,,,http://www.wikidata.org/entity/Q3947,,"('49.8939', '10.88071')"
1761,,49.89387,10.88097,Wohn- und Geschäftshaus,,D,blue,,,house,,Point(10.88097 49.89387),0.491,http://www.wikidata.org/entity/Q41426252,1.0,,,http://www.wikidata.org/entity/Q3947,,"('49.89387', '10.88097')"
1762,,49.8939,10.88086,Cultural heritage D-4-61-000-702 in Bamberg,,D,blue,,,house,,Point(10.88086 49.8939),0.499,http://www.wikidata.org/entity/Q41426253,1.0,,,http://www.wikidata.org/entity/Q3947,,"('49.8939', '10.88086')"
1763,,49.89455,10.87918,Untere Sandstraße 55,,D,blue,,,house,,Point(10.87918 49.89455),0.639,http://www.wikidata.org/entity/Q41426259,1.0,,,http://www.wikidata.org/entity/Q3947,,"('49.89455', '10.87918')"
1764,,49.89409,10.88036,Frauenheim,,D,blue,,,Gasthaus,,Point(10.88036 49.89409),0.541,http://www.wikidata.org/entity/Q41426256,1.0,,,http://www.wikidata.org/entity/Q5526694,,"('49.89409', '10.88036')"
1765,,49.89626,10.8766,Gasthaus,,D,blue,,,Gasthaus,,Point(10.8766 49.89626),0.898,http://www.wikidata.org/entity/Q41426262,1.0,,,http://www.wikidata.org/entity/Q5526694,,"('49.89626', '10.8766')"
1766,,49.89478,10.87884,Cultural heritage D-4-61-000-705 in Bamberg,,D,blue,,,house,,Point(10.87884 49.89478),0.674,http://www.wikidata.org/entity/Q41426260,1.0,,,http://www.wikidata.org/entity/Q3947,,"('49.89478', '10.87884')"
1767,,49.88973,10.88505,Gasthaus,,D,blue,,,Gasthaus,,Point(10.88505 49.88973),0.245,http://www.wikidata.org/entity/Q41426266,1.0,,,http://www.wikidata.org/entity/Q5526694,,"('49.88973', '10.88505')"
1768,,49.88998,10.88472,Bischofspalast,,D,blue,,,cultural heritage ensemble,,Point(10.88472 49.88998),0.236,http://www.wikidata.org/entity/Q41426264,1.0,,,http://www.wikidata.org/entity/Q1516079,,"('49.88998', '10.88472')"
1769,,49.88938,10.8834,Cultural heritage D-4-61-000-669 in Bamberg,,D,blue,,,house,,Point(10.8834 49.88938),0.35,http://www.wikidata.org/entity/Q41426271,1.0,,,http://www.wikidata.org/entity/Q3947,,"('49.88938', '10.8834')"
1770,,49.88937,10.88353,Wohn- und Geschäftshaus,,D,blue,,,house,,Point(10.88353 49.88937),0.344,http://www.wikidata.org/entity/Q41426268,1.0,,,http://www.wikidata.org/entity/Q3947,,"('49.88937', '10.88353')"
1771,,49.89033,10.8847,Cultural heritage D-4-61-000-711 in Bamberg,,D,blue,,,house,,Point(10.8847 49.89033),0.209,http://www.wikidata.org/entity/Q41426274,1.0,,,http://www.wikidata.org/entity/Q3947,,"('49.89033', '10.8847')"
1772,,49.88924,10.88336,Bäckerei,,D,blue,,,house,,Point(10.88336 49.88924),0.363,http://www.wikidata.org/entity/Q41426272,1.0,,,http://www.wikidata.org/entity/Q3947,,"('49.88924', '10.88336')"
1773,,49.88919,10.88324,Cultural heritage D-4-61-000-671 in Bamberg,,D,blue,,,house,,Point(10.88324 49.88919),0.373,http://www.wikidata.org/entity/Q41426273,1.0,,,http://www.wikidata.org/entity/Q3947,,"('49.88919', '10.88324')"
1774,,49.89026,10.88447,Domvikarienhaus,,D,blue,,,house,,Point(10.88447 49.89026),0.227,http://www.wikidata.org/entity/Q41426279,1.0,,,http://www.wikidata.org/entity/Q3947,,"('49.89026', '10.88447')"
1775,,49.8903,10.88455,Domvikarienhaus,,D,blue,,,house,,Point(10.88455 49.8903),0.219,http://www.wikidata.org/entity/Q41426277,1.0,,,http://www.wikidata.org/entity/Q3947,,"('49.8903', '10.88455')"
1776,,49.89006,10.88383,Fachhochschule,,D,blue,,,cultural heritage ensemble,,Point(10.88383 49.89006),0.276,http://www.wikidata.org/entity/Q41426282,1.0,,,http://www.wikidata.org/entity/Q1516079,,"('49.89006', '10.88383')"
1777,,49.89008,10.88319,Syndikatshaus,,D,blue,,,house,,Point(10.88319 49.89008),0.312,http://www.wikidata.org/entity/Q41426283,1.0,,,http://www.wikidata.org/entity/Q3947,,"('49.89008', '10.88319')"
1778,,49.89015,10.88443,Adelspalast,,D,blue,,,cultural heritage ensemble,,Point(10.88443 49.89015),0.237,http://www.wikidata.org/entity/Q41426281,1.0,,,http://www.wikidata.org/entity/Q1516079,,"('49.89015', '10.88443')"
1779,,49.89034,10.88971,Schiffsanlegeplatz,,D,blue,,,inland port,,Point(10.88971 49.89034),0.249,http://www.wikidata.org/entity/Q41426287,1.0,,,http://www.wikidata.org/entity/Q863915,,"('49.89034', '10.88971')"
1780,,49.89005,10.88287,Dombauhütte,,D,blue,,,cultural heritage ensemble,,Point(10.88287 49.89005),0.333,http://www.wikidata.org/entity/Q41426285,1.0,,,http://www.wikidata.org/entity/Q1516079,,"('49.89005', '10.88287')"
1781,,49.89104,10.88961,Am Kanal 5 (Bamberg),,D,blue,,,cultural heritage ensemble,,Point(10.88961 49.89104),0.208,http://www.wikidata.org/entity/Q41426290,1.0,,,http://www.wikidata.org/entity/Q1516079,,"('49.89104', '10.88961')"
1782,,49.89051,10.88987,Kanal,,D,blue,,,Kanalmeisterei,,Point(10.88987 49.89051),0.248,http://www.wikidata.org/entity/Q41426288,1.0,,,http://www.wikidata.org/entity/Q97142383,,"('49.89051', '10.88987')"
1783,,49.89276,10.88612,Schlachthaus,,D,blue,,,house,,Point(10.88612 49.89276),0.139,http://www.wikidata.org/entity/Q41426295,1.0,,,http://www.wikidata.org/entity/Q3947,,"('49.89276', '10.88612')"
1784,,49.89153,10.88715,Steinbrücke,,D,blue,,,cultural heritage ensemble,,Point(10.88715 49.89153),0.023,http://www.wikidata.org/entity/Q41426293,1.0,,,http://www.wikidata.org/entity/Q1516079,,"('49.89153', '10.88715')"
1785,,49.89202,10.88733,Wohn- und Geschäftshaus,,D,blue,,,house,,Point(10.88733 49.89202),0.058,http://www.wikidata.org/entity/Q41426298,1.0,,,http://www.wikidata.org/entity/Q3947,,"('49.89202', '10.88733')"
1786,,49.89258,10.88651,Hafen,,D,blue,,,inland port,,Point(10.88651 49.89258),0.111,http://www.wikidata.org/entity/Q41426297,1.0,,,http://www.wikidata.org/entity/Q863915,,"('49.89258', '10.88651')"
1787,,49.89262,10.88746,Austraße 17 (Bamberg),,D,blue,,,cultural heritage ensemble,,Point(10.88746 49.89262),0.121,http://www.wikidata.org/entity/Q41426302,1.0,,,http://www.wikidata.org/entity/Q1516079,,"('49.89262', '10.88746')"
1788,,49.89314,10.88664,Baudenkmal,,D,blue,,,cultural heritage ensemble,,Point(10.88664 49.89314),0.171,http://www.wikidata.org/entity/Q41426303,1.0,,,http://www.wikidata.org/entity/Q1516079,,"('49.89314', '10.88664')"
1790,,49.89258,10.88689,Tanzhaus,,D,blue,,,house,,Point(10.88689 49.89258),0.109,http://www.wikidata.org/entity/Q41426300,1.0,,,http://www.wikidata.org/entity/Q3947,,"('49.89258', '10.88689')"
1791,,49.89327668012,10.886618648442,Bürgerhaus,,D,blue,,,cultural heritage ensemble,,Point(10.886618648 49.89327668),0.187,http://www.wikidata.org/entity/Q41426304,1.0,,,http://www.wikidata.org/entity/Q1516079,,"('49.89327668012', '10.886618648442')"
1792,,49.89379,10.88703,Akademie,,D,blue,,,cultural heritage ensemble,,Point(10.88703 49.89379),0.243,http://www.wikidata.org/entity/Q41426305,1.0,,,http://www.wikidata.org/entity/Q1516079,,"('49.89379', '10.88703')"
1793,,49.89265,10.8877,Wohn- und Geschäftshaus,,D,blue,,,house,,Point(10.8877 49.89265),0.131,http://www.wikidata.org/entity/Q41426311,1.0,,,http://www.wikidata.org/entity/Q3947,,"('49.89265', '10.8877')"
1794,,49.8941,10.88724,Kolleg,,D,blue,,,cultural heritage ensemble,,Point(10.88724 49.8941),0.279,http://www.wikidata.org/entity/Q41426308,1.0,,,http://www.wikidata.org/entity/Q1516079,,"('49.8941', '10.88724')"
1795,,49.89316,10.88761,Wohn- und Geschäftshaus,,D,blue,,,house,,Point(10.88761 49.89316),0.181,http://www.wikidata.org/entity/Q41426314,1.0,,,http://www.wikidata.org/entity/Q3947,,"('49.89316', '10.88761')"
1796,,49.89272,10.88767,Wohn- und Geschäftshaus,,D,blue,,,house,,Point(10.88767 49.89272),0.137,http://www.wikidata.org/entity/Q41426313,1.0,,,http://www.wikidata.org/entity/Q3947,,"('49.89272', '10.88767')"
1797,,49.89278,10.88732,Wohn- und Geschäftshaus,,D,blue,,,house,,Point(10.88732 49.89278),0.135,http://www.wikidata.org/entity/Q41426319,1.0,,,http://www.wikidata.org/entity/Q3947,,"('49.89278', '10.88732')"
1798,,49.89332,10.88758,Wohn- und Geschäftshaus,,D,blue,,,house,,Point(10.88758 49.89332),0.198,http://www.wikidata.org/entity/Q41426316,1.0,,,http://www.wikidata.org/entity/Q3947,,"('49.89332', '10.88758')"
1799,,49.89268,10.88747,Heiligenfigur,,D,blue,,,house,,Point(10.88747 49.89268),0.128,http://www.wikidata.org/entity/Q41426317,1.0,,,http://www.wikidata.org/entity/Q3947,,"('49.89268', '10.88747')"
1800,,49.89299,10.88727,Wohn- und Geschäftshaus,,D,blue,,,house,,Point(10.88727 49.89299),0.157,http://www.wikidata.org/entity/Q41426322,1.0,,,http://www.wikidata.org/entity/Q3947,,"('49.89299', '10.88727')"
1801,,49.892903782977,10.887311359943,Wohn- und Geschäftshaus,,D,blue,,,house,,Point(10.887311359 49.892903782),0.148,http://www.wikidata.org/entity/Q41426321,1.0,,,http://www.wikidata.org/entity/Q3947,,"('49.892903782977', '10.887311359943')"
1802,,49.8934,10.88723,Wirtshausschild,,D,blue,,,Gasthaus,,Point(10.88723 49.8934),0.202,http://www.wikidata.org/entity/Q41426327,1.0,,,http://www.wikidata.org/entity/Q5526694,,"('49.8934', '10.88723')"
1803,,49.89306,10.88723,Bürgerhaus,,D,blue,,,house,,Point(10.88723 49.89306),0.164,http://www.wikidata.org/entity/Q41426324,1.0,,,http://www.wikidata.org/entity/Q3947,,"('49.89306', '10.88723')"
1804,,49.89314,10.8872,Wohn- und Geschäftshaus,,D,blue,,,house,,Point(10.8872 49.89314),0.173,http://www.wikidata.org/entity/Q41426325,1.0,,,http://www.wikidata.org/entity/Q3947,,"('49.89314', '10.8872')"
1805,,49.89538,10.8878,Nebengebäude,,D,blue,,,house,,Point(10.8878 49.89538),0.425,http://www.wikidata.org/entity/Q41426330,1.0,,,http://www.wikidata.org/entity/Q3947,,"('49.89538', '10.8878')"
1806,,49.8906,10.89122,E.T.A.-Hoffmann-Platz 1,,D,blue,,,house,,Point(10.89122 49.8906),0.333,http://www.wikidata.org/entity/Q41426331,1.0,,,http://www.wikidata.org/entity/Q3947,,"('49.8906', '10.89122')"
1807,,49.89348,10.88729,Baudenkmal,,D,blue,,,house,,Point(10.88729 49.89348),0.211,http://www.wikidata.org/entity/Q41426328,1.0,,,http://www.wikidata.org/entity/Q3947,,"('49.89348', '10.88729')"
1808,,49.89367,10.88531,Fischerei 1,,D,blue,,,house,,Point(10.88531 49.89367),0.255,http://www.wikidata.org/entity/Q41426334,1.0,,,http://www.wikidata.org/entity/Q3947,,"('49.89367', '10.88531')"
1809,,49.89382,10.88527,Fischerei 2,,D,blue,,,house,,Point(10.88527 49.89382),0.271,http://www.wikidata.org/entity/Q41426335,1.0,,,http://www.wikidata.org/entity/Q3947,,"('49.89382', '10.88527')"
1810,,49.89093,10.8912,E.T.A.-Hoffmann-Platz 2,,D,blue,,,cultural heritage ensemble,,Point(10.8912 49.89093),0.321,http://www.wikidata.org/entity/Q41426332,1.0,,,http://www.wikidata.org/entity/Q1516079,,"('49.89093', '10.8912')"
1811,,49.89333,10.88505,Fischerei 3c,,D,blue,,,Schloss,,Point(10.88505 49.89333),0.231,http://www.wikidata.org/entity/Q41426338,1.0,,,http://www.wikidata.org/entity/Q16823155,,"('49.89333', '10.88505')"
1812,,49.89379,10.88519,Fischerei 4,,D,blue,,,house,,Point(10.88519 49.89379),0.27,http://www.wikidata.org/entity/Q41426339,1.0,,,http://www.wikidata.org/entity/Q3947,,"('49.89379', '10.88519')"
1813,,49.89331,10.88488,Fischerei 3b,,D,blue,,,house,,Point(10.88488 49.89331),0.236,http://www.wikidata.org/entity/Q41426337,1.0,,,http://www.wikidata.org/entity/Q3947,,"('49.89331', '10.88488')"
1814,,49.89377,10.88514,Fischerei 6 (Bamberg),,D,blue,,,house,,Point(10.88514 49.89377),0.27,http://www.wikidata.org/entity/Q41426342,1.0,,,http://www.wikidata.org/entity/Q3947,,"('49.89377', '10.88514')"
1815,,49.8934,10.88484,Fischerei 7,,D,blue,,,house,,Point(10.88484 49.8934),0.246,http://www.wikidata.org/entity/Q41426343,1.0,,,http://www.wikidata.org/entity/Q3947,,"('49.8934', '10.88484')"
1816,,49.8936,10.88506,Fischerei 5,,D,blue,,,cultural heritage ensemble,,Point(10.88506 49.8936),0.256,http://www.wikidata.org/entity/Q41426341,1.0,,,http://www.wikidata.org/entity/Q1516079,,"('49.8936', '10.88506')"
1817,,49.89348,10.88461,Fischerei 13,,D,blue,,,cultural heritage ensemble,,Point(10.88461 49.89348),0.263,http://www.wikidata.org/entity/Q41426346,1.0,,,http://www.wikidata.org/entity/Q1516079,,"('49.89348', '10.88461')"
1818,,49.89373,10.88419,Fischerei 8 (Bamberg),,D,blue,,,cultural heritage ensemble,,Point(10.88419 49.89373),0.303,http://www.wikidata.org/entity/Q41426345,1.0,,,http://www.wikidata.org/entity/Q1516079,,"('49.89373', '10.88419')"
1819,,49.89349,10.88435,Fischerei 19,,D,blue,,,house,,Point(10.88435 49.89349),0.276,http://www.wikidata.org/entity/Q41426350,1.0,,,http://www.wikidata.org/entity/Q3947,,"('49.89349', '10.88435')"
1820,,49.89362,10.88485,Fischerei 15,,D,blue,,,Gasthaus,,Point(10.88485 49.89362),0.266,http://www.wikidata.org/entity/Q41426348,1.0,,,http://www.wikidata.org/entity/Q5526694,,"('49.89362', '10.88485')"
1821,,49.89347,10.88442,Fischerei 17 (Bamberg),,D,blue,,,house,,Point(10.88442 49.89347),0.271,http://www.wikidata.org/entity/Q41426349,1.0,,,http://www.wikidata.org/entity/Q3947,,"('49.89347', '10.88442')"
1822,,49.89357,10.8841,Fischerei 23,,D,blue,,,house,,Point(10.8841 49.89357),0.294,http://www.wikidata.org/entity/Q41426354,1.0,,,http://www.wikidata.org/entity/Q3947,,"('49.89357', '10.8841')"
1823,,49.89354,10.88422,Fischerei 21,,D,blue,,,house,,Point(10.88422 49.89354),0.286,http://www.wikidata.org/entity/Q41426352,1.0,,,http://www.wikidata.org/entity/Q3947,,"('49.89354', '10.88422')"
1824,,49.89361,10.88398,Fischerei 25,,D,blue,,,house,,Point(10.88398 49.89361),0.303,http://www.wikidata.org/entity/Q41426356,1.0,,,http://www.wikidata.org/entity/Q3947,,"('49.89361', '10.88398')"
1825,,49.89364,10.8839,Fischerei 27,,D,blue,,,house,,Point(10.8839 49.89364),0.31,http://www.wikidata.org/entity/Q41426357,1.0,,,http://www.wikidata.org/entity/Q3947,,"('49.89364', '10.8839')"
1826,,49.89376,10.88362,Fischerei 33 (Bamberg),,D,blue,,,house,,Point(10.88362 49.89376),0.333,http://www.wikidata.org/entity/Q41426362,1.0,,,http://www.wikidata.org/entity/Q3947,,"('49.89376', '10.88362')"
1827,,49.8938,10.88354,Fischerei 35,,D,blue,,,house,,Point(10.88354 49.8938),0.34,http://www.wikidata.org/entity/Q41426363,1.0,,,http://www.wikidata.org/entity/Q3947,,"('49.8938', '10.88354')"
1828,,49.89368,10.8838,Fischerei 29,,D,blue,,,house,,Point(10.8838 49.89368),0.318,http://www.wikidata.org/entity/Q41426360,1.0,,,http://www.wikidata.org/entity/Q3947,,"('49.89368', '10.8838')"
1829,,49.89372,10.8837,Fischerei 31 (Bamberg),,D,blue,,,cultural heritage ensemble,,Point(10.8837 49.89372),0.326,http://www.wikidata.org/entity/Q41426361,1.0,,,http://www.wikidata.org/entity/Q1516079,,"('49.89372', '10.8837')"
1830,,49.8939,10.88332,Fischerei 39,,D,blue,,,house,,Point(10.88332 49.8939),0.359,http://www.wikidata.org/entity/Q41426366,1.0,,,http://www.wikidata.org/entity/Q3947,,"('49.8939', '10.88332')"
1831,,49.89385,10.88341,Fischerei 37,,D,blue,,,house,,Point(10.88341 49.89385),0.351,http://www.wikidata.org/entity/Q41426365,1.0,,,http://www.wikidata.org/entity/Q3947,,"('49.89385', '10.88341')"
1832,,49.89401,10.88313,Fischerei 43 (Bamberg),,D,blue,,,house,,Point(10.88313 49.89401),0.377,http://www.wikidata.org/entity/Q41426370,1.0,,,http://www.wikidata.org/entity/Q3947,,"('49.89401', '10.88313')"
1833,,49.89392,10.88325,Fischerei 41,,D,blue,,,house,,Point(10.88325 49.89392),0.364,http://www.wikidata.org/entity/Q41426368,1.0,,,http://www.wikidata.org/entity/Q3947,,"('49.89392', '10.88325')"
1834,,49.89418,10.88284,Fischerei 47,,D,blue,,,house,,Point(10.88284 49.89418),0.405,http://www.wikidata.org/entity/Q41426374,1.0,,,http://www.wikidata.org/entity/Q3947,,"('49.89418', '10.88284')"
1835,,49.8928,10.88778,Fischstraße 1,,D,blue,,,house,,Point(10.88778 49.8928),0.149,http://www.wikidata.org/entity/Q41426375,1.0,,,http://www.wikidata.org/entity/Q3947,,"('49.8928', '10.88778')"
1836,,49.8941,10.88299,Fischerei 45,,D,blue,,,house,,Point(10.88299 49.8941),0.392,http://www.wikidata.org/entity/Q41426372,1.0,,,http://www.wikidata.org/entity/Q3947,,"('49.8941', '10.88299')"
1837,,49.89279,10.88764,Fischstraße 3 (Bamberg),,D,blue,,,house,,Point(10.88764 49.89279),0.144,http://www.wikidata.org/entity/Q41426378,1.0,,,http://www.wikidata.org/entity/Q3947,,"('49.89279', '10.88764')"
1838,,49.89291,10.88677,Fischstraße 8,,D,blue,,,house,,Point(10.88677 49.89291),0.145,http://www.wikidata.org/entity/Q41426379,1.0,,,http://www.wikidata.org/entity/Q3947,,"('49.89291', '10.88677')"
1839,,49.8946,10.88815,Fleischstraße 5,,D,blue,,,house,,Point(10.88815 49.8946),0.346,http://www.wikidata.org/entity/Q41426382,1.0,,,http://www.wikidata.org/entity/Q3947,,"('49.8946', '10.88815')"
1840,,49.89495,10.88869,Fleischstraße 15,,D,blue,,,house,,Point(10.88869 49.89495),0.395,http://www.wikidata.org/entity/Q41426383,1.0,,,http://www.wikidata.org/entity/Q3947,,"('49.89495', '10.88869')"
1841,,49.89274,10.88676,Fischstraße 9,,D,blue,,,house,,Point(10.88676 49.89274),0.126,http://www.wikidata.org/entity/Q41426381,1.0,,,http://www.wikidata.org/entity/Q3947,,"('49.89274', '10.88676')"
1842,,49.89519,10.88907,Fleischstraße 23,,D,blue,,,house,,Point(10.88907 49.89519),0.429,http://www.wikidata.org/entity/Q41426386,1.0,,,http://www.wikidata.org/entity/Q3947,,"('49.89519', '10.88907')"
1843,,49.8953,10.8893,Fleischstraße 29,,D,blue,,,house,,Point(10.8893 49.8953),0.447,http://www.wikidata.org/entity/Q41426387,1.0,,,http://www.wikidata.org/entity/Q3947,,"('49.8953', '10.8893')"
1844,,49.89517,10.88897,Fleischstraße 21,,D,blue,,,house,,Point(10.88897 49.89517),0.425,http://www.wikidata.org/entity/Q41426385,1.0,,,http://www.wikidata.org/entity/Q3947,,"('49.89517', '10.88897')"
1845,,49.89342,10.89079,Franz-Ludwig-Straße 6,,D,blue,,,cultural heritage ensemble,,Point(10.89079 49.89342),0.347,http://www.wikidata.org/entity/Q41426390,1.0,,,http://www.wikidata.org/entity/Q1516079,,"('49.89342', '10.89079')"
1846,,49.89379,10.88992,Franz-Ludwig-Straße 5 (Bamberg),,D,blue,,,house,,Point(10.88992 49.89379),0.328,http://www.wikidata.org/entity/Q41426388,1.0,,,http://www.wikidata.org/entity/Q3947,,"('49.89379', '10.88992')"
1847,,49.89505,10.8877,Frauenstraße 3,,D,blue,,,house,,Point(10.8877 49.89505),0.388,http://www.wikidata.org/entity/Q41426395,1.0,,,http://www.wikidata.org/entity/Q3947,,"('49.89505', '10.8877')"
1848,,49.89483,10.88766,Frauenstraße 1,,D,blue,,,cultural heritage ensemble,,Point(10.88766 49.89483),0.363,http://www.wikidata.org/entity/Q41426392,1.0,,,http://www.wikidata.org/entity/Q1516079,,"('49.89483', '10.88766')"
1849,,49.89475,10.88784,Frauenstraße 2,,D,blue,,,Gasthaus,,Point(10.88784 49.89475),0.357,http://www.wikidata.org/entity/Q41426393,1.0,,,http://www.wikidata.org/entity/Q5526694,,"('49.89475', '10.88784')"
1850,,49.89517,10.88817,Frauenstraße 13,,D,blue,,,cultural heritage ensemble,,Point(10.88817 49.89517),0.408,http://www.wikidata.org/entity/Q41426399,1.0,,,http://www.wikidata.org/entity/Q1516079,,"('49.89517', '10.88817')"
1851,,49.89508,10.88807,Frauenstraße 11 (Bamberg),,D,blue,,,house,,Point(10.88807 49.89508),0.396,http://www.wikidata.org/entity/Q41426397,1.0,,,http://www.wikidata.org/entity/Q3947,,"('49.89508', '10.88807')"
1852,,49.89534,10.88886,Frauenstraße 24,,D,blue,,,Schloss,,Point(10.88886 49.89534),0.44,http://www.wikidata.org/entity/Q41426403,1.0,,,http://www.wikidata.org/entity/Q16823155,,"('49.89534', '10.88886')"
1853,,49.89531,10.88843,Handwerkerhaus,,D,blue,,,house,,Point(10.88843 49.89531),0.427,http://www.wikidata.org/entity/Q41426400,1.0,,,http://www.wikidata.org/entity/Q3947,,"('49.89531', '10.88843')"
1854,,49.8953,10.88876,Frauenstraße 22 (Bamberg),,D,blue,,,cultural heritage ensemble,,Point(10.88876 49.8953),0.433,http://www.wikidata.org/entity/Q41426401,1.0,,,http://www.wikidata.org/entity/Q1516079,,"('49.8953', '10.88876')"
1855,,49.89539,10.88893,Frauenstraße 26,,D,blue,,,house,,Point(10.88893 49.89539),0.447,http://www.wikidata.org/entity/Q41426406,1.0,,,http://www.wikidata.org/entity/Q3947,,"('49.89539', '10.88893')"
1856,,49.89546,10.88866,Frauenstraße 25,,D,blue,,,house,,Point(10.88866 49.89546),0.448,http://www.wikidata.org/entity/Q41426405,1.0,,,http://www.wikidata.org/entity/Q3947,,"('49.89546', '10.88866')"
1857,,49.89566,10.88892,Frauenstraße 31,,D,blue,,,house,,Point(10.88892 49.89566),0.475,http://www.wikidata.org/entity/Q41426410,1.0,,,http://www.wikidata.org/entity/Q3947,,"('49.89566', '10.88892')"
1858,,49.89203,10.88966,Generalsgasse 1,,D,blue,,,house,,Point(10.88966 49.89203),0.207,http://www.wikidata.org/entity/Q41426411,1.0,,,http://www.wikidata.org/entity/Q3947,,"('49.89203', '10.88966')"
1859,,49.89552,10.88878,Frauenstraße 27 (Bamberg),,D,blue,,,house,,Point(10.88878 49.89552),0.457,http://www.wikidata.org/entity/Q41426408,1.0,,,http://www.wikidata.org/entity/Q3947,,"('49.89552', '10.88878')"
1860,,49.89192,10.88967,Generalsgasse 5 (Bamberg),,D,blue,,,house,,Point(10.88967 49.89192),0.205,http://www.wikidata.org/entity/Q41426415,1.0,,,http://www.wikidata.org/entity/Q3947,,"('49.89192', '10.88967')"
1861,,49.89179,10.88947,Generalsgasse 4,,D,blue,,,house,,Point(10.88947 49.89179),0.189,http://www.wikidata.org/entity/Q41426413,1.0,,,http://www.wikidata.org/entity/Q3947,,"('49.89179', '10.88947')"
1862,,49.89174,10.88969,Generalsgasse 11,,D,blue,,,house,,Point(10.88969 49.89174),0.204,http://www.wikidata.org/entity/Q41426416,1.0,,,http://www.wikidata.org/entity/Q3947,,"('49.89174', '10.88969')"
1863,,49.89167,10.88968,Generalsgasse 13,,D,blue,,,house,,Point(10.88968 49.89167),0.203,http://www.wikidata.org/entity/Q41426417,1.0,,,http://www.wikidata.org/entity/Q3947,,"('49.89167', '10.88968')"
1864,,49.89094,10.88826,Gartenpavillon,,D,blue,,,Schloss,,Point(10.88826 49.89094),0.125,http://www.wikidata.org/entity/Q41426422,1.0,,,http://www.wikidata.org/entity/Q16823155,,"('49.89094', '10.88826')"
1865,,49.89074,10.8877,Pferdestall,,D,blue,,,cultural heritage ensemble,,Point(10.8877 49.89074),0.114,http://www.wikidata.org/entity/Q41426421,1.0,,,http://www.wikidata.org/entity/Q1516079,,"('49.89074', '10.8877')"
1866,,49.88922,10.88885,Mietshaus,,D,blue,,,house,,Point(10.88885 49.88922),0.301,http://www.wikidata.org/entity/Q41426426,1.0,,,http://www.wikidata.org/entity/Q3947,,"('49.88922', '10.88885')"
1867,,49.89044,10.88779,Wassermühle,,D,blue,,,cultural heritage ensemble,,Point(10.88779 49.89044),0.146,http://www.wikidata.org/entity/Q41426424,1.0,,,http://www.wikidata.org/entity/Q1516079,,"('49.89044', '10.88779')"
1868,,49.88935,10.88884,Mietshaus,,D,blue,,,house,,Point(10.88884 49.88935),0.288,http://www.wikidata.org/entity/Q41426425,1.0,,,http://www.wikidata.org/entity/Q3947,,"('49.88935', '10.88884')"
1869,,49.89351,10.88879,Zapfbrunnen am Grünen Markt (Bamberg),,D,blue,,,water well,,Point(10.88879 49.89351),0.253,http://www.wikidata.org/entity/Q41426430,1.0,,,http://www.wikidata.org/entity/Q43483,,"('49.89351', '10.88879')"
1870,,49.89296,10.8879,Wohn- und Geschäftshaus,,D,blue,,,house,,Point(10.8879 49.89296),0.169,http://www.wikidata.org/entity/Q41426434,1.0,,,http://www.wikidata.org/entity/Q3947,,"('49.89296', '10.8879')"
1871,,49.89301,10.88879,Wohn- und Geschäftshaus,,D,blue,,,house,,Point(10.88879 49.89301),0.209,http://www.wikidata.org/entity/Q41426432,1.0,,,http://www.wikidata.org/entity/Q3947,,"('49.89301', '10.88879')"
1872,,49.89278,10.88798,Wohn- und Geschäftshaus,,D,blue,,,residential building,,Point(10.88798 49.89278),0.154,http://www.wikidata.org/entity/Q41426433,1.0,,,http://www.wikidata.org/entity/Q11755880,,"('49.89278', '10.88798')"
1873,,49.8934,10.8891,Wohn- und Geschäftshaus,,D,blue,,,house,,Point(10.8891 49.8934),0.257,http://www.wikidata.org/entity/Q41426438,1.0,,,http://www.wikidata.org/entity/Q3947,,"('49.8934', '10.8891')"
1874,,49.89329,10.88904,Wohn- und Geschäftshaus,,D,blue,,,residential building,,Point(10.88904 49.89329),0.245,http://www.wikidata.org/entity/Q41426437,1.0,,,http://www.wikidata.org/entity/Q11755880,,"('49.89329', '10.88904')"
1875,,49.89352,10.88939,Bürgerhaus,,D,blue,,,house,,Point(10.88939 49.89352),0.28,http://www.wikidata.org/entity/Q41426442,1.0,,,http://www.wikidata.org/entity/Q3947,,"('49.89352', '10.88939')"
1876,,49.89365,10.88937,Wohn- und Geschäftshaus,,D,blue,,,residential building,,Point(10.88937 49.89365),0.29,http://www.wikidata.org/entity/Q41426443,1.0,,,http://www.wikidata.org/entity/Q11755880,,"('49.89365', '10.88937')"
1877,,49.89337,10.88796,Nebengebäude,,D,blue,,,cultural heritage ensemble,,Point(10.88796 49.89337),0.212,http://www.wikidata.org/entity/Q41426441,1.0,,,http://www.wikidata.org/entity/Q1516079,,"('49.89337', '10.88796')"
1878,,49.89389,10.8896,Wohn- und Geschäftshaus,,D,blue,,,house,,Point(10.8896 49.89389),0.322,http://www.wikidata.org/entity/Q41426446,1.0,,,http://www.wikidata.org/entity/Q3947,,"('49.89389', '10.8896')"
1879,,49.89383,10.88866,Kaufhaus,,D,blue,,,house,,Point(10.88866 49.89383),0.279,http://www.wikidata.org/entity/Q41426445,1.0,,,http://www.wikidata.org/entity/Q3947,,"('49.89383', '10.88866')"
1880,,49.894440177725,10.888577293687,Krankenhaus,,D,blue,,,cultural heritage ensemble,,Point(10.888577293 49.894440177),0.339,http://www.wikidata.org/entity/Q41426450,1.0,,,http://www.wikidata.org/entity/Q1516079,,"('49.894440177725', '10.888577293687')"
1881,,49.89395,10.88964,Wohn- und Geschäftshaus,,D,blue,,,house,,Point(10.88964 49.89395),0.329,http://www.wikidata.org/entity/Q41426448,1.0,,,http://www.wikidata.org/entity/Q3947,,"('49.89395', '10.88964')"
1882,,49.8939,10.88906,Wohn- und Geschäftshaus,,D,blue,,,house,,Point(10.88906 49.8939),0.3,http://www.wikidata.org/entity/Q41426449,1.0,,,http://www.wikidata.org/entity/Q3947,,"('49.8939', '10.88906')"
1883,,49.89167,10.88918,Bürgerhaus,,D,blue,,,house,,Point(10.88918 49.89167),0.167,http://www.wikidata.org/entity/Q41426454,1.0,,,http://www.wikidata.org/entity/Q3947,,"('49.89167', '10.88918')"
1884,,49.89161,10.88857,Bürgerhaus,,D,blue,,,house,,Point(10.88857 49.89161),0.123,http://www.wikidata.org/entity/Q41426455,1.0,,,http://www.wikidata.org/entity/Q3947,,"('49.89161', '10.88857')"
1885,,49.89181,10.88872,Wohnturm,,D,blue,,,cultural heritage ensemble,,Point(10.88872 49.89181),0.136,http://www.wikidata.org/entity/Q41426452,1.0,,,http://www.wikidata.org/entity/Q1516079,,"('49.89181', '10.88872')"
1886,,49.89155,10.88835,Wohnhaus,,D,blue,,,cultural heritage ensemble,,Point(10.88835 49.89155),0.108,http://www.wikidata.org/entity/Q41426459,1.0,,,http://www.wikidata.org/entity/Q1516079,,"('49.89155', '10.88835')"
1887,,49.89169,10.88939,Baudenkmal,,D,blue,,,house,,Point(10.88939 49.89169),0.182,http://www.wikidata.org/entity/Q41426457,1.0,,,http://www.wikidata.org/entity/Q3947,,"('49.89169', '10.88939')"
1888,,49.8915,10.88943,Wohnhaus,,D,blue,,,house,,Point(10.88943 49.8915),0.185,http://www.wikidata.org/entity/Q41426462,1.0,,,http://www.wikidata.org/entity/Q3947,,"('49.8915', '10.88943')"
1889,,49.894926526576,10.889740625761,Rathaus,,D,blue,,,house,,Point(10.889740625 49.894926526),0.424,http://www.wikidata.org/entity/Q41426463,1.0,,,http://www.wikidata.org/entity/Q3947,,"('49.894926526576', '10.889740625761')"
1890,,49.89154,10.88881,Wohnhaus,,D,blue,,,house,,Point(10.88881 49.89154),0.141,http://www.wikidata.org/entity/Q41426461,1.0,,,http://www.wikidata.org/entity/Q3947,,"('49.89154', '10.88881')"
1891,,49.89484,10.89012,Wohn- und Geschäftshaus,,D,blue,,,residential building,,Point(10.89012 49.89484),0.429,http://www.wikidata.org/entity/Q41426466,1.0,,,http://www.wikidata.org/entity/Q11755880,,"('49.89484', '10.89012')"
1892,,49.89489,10.8902,Wohn- und Geschäftshaus,,D,blue,,,house,,Point(10.8902 49.89489),0.437,http://www.wikidata.org/entity/Q41426467,1.0,,,http://www.wikidata.org/entity/Q3947,,"('49.89489', '10.8902')"
1893,,49.89445,10.89027,Bürgerhaus,,D,blue,,,house,,Point(10.89027 49.89445),0.4,http://www.wikidata.org/entity/Q41426464,1.0,,,http://www.wikidata.org/entity/Q3947,,"('49.89445', '10.89027')"
1894,,49.89463,10.89064,Bürgerhaus,,D,blue,,,cultural heritage ensemble,,Point(10.89064 49.89463),0.432,http://www.wikidata.org/entity/Q41426471,1.0,,,http://www.wikidata.org/entity/Q1516079,,"('49.89463', '10.89064')"
1895,,49.895,10.89026,Bürgerhaus,,D,blue,,,residential building,,Point(10.89026 49.895),0.45,http://www.wikidata.org/entity/Q41426468,1.0,,,http://www.wikidata.org/entity/Q11755880,,"('49.895', '10.89026')"
1896,,49.89472,10.89077,Wohn- und Geschäftshaus,,D,blue,,,house,,Point(10.89077 49.89472),0.446,http://www.wikidata.org/entity/Q41426474,1.0,,,http://www.wikidata.org/entity/Q3947,,"('49.89472', '10.89077')"
1897,,49.89532,10.89049,Kaufhaus,,D,blue,,,house,,Point(10.89049 49.89532),0.489,http://www.wikidata.org/entity/Q41426475,1.0,,,http://www.wikidata.org/entity/Q3947,,"('49.89532', '10.89049')"
1898,,49.89522,10.89041,Bank,,D,blue,,,house,,Point(10.89041 49.89522),0.476,http://www.wikidata.org/entity/Q41426472,1.0,,,http://www.wikidata.org/entity/Q3947,,"('49.89522', '10.89041')"
1899,,49.8956,10.89072,Doppelhaus,,D,blue,,,house,,Point(10.89072 49.8956),0.524,http://www.wikidata.org/entity/Q41426478,1.0,,,http://www.wikidata.org/entity/Q3947,,"('49.8956', '10.89072')"
1900,,49.8931,10.8902,Gefängnis,,D,blue,,,house,,Point(10.8902 49.8931),0.292,http://www.wikidata.org/entity/Q41426483,1.0,,,http://www.wikidata.org/entity/Q3947,,"('49.8931', '10.8902')"
1901,,49.89579,10.8908,Wohn- und Geschäftshaus,,D,blue,,,house,,Point(10.8908 49.89579),0.545,http://www.wikidata.org/entity/Q41426480,1.0,,,http://www.wikidata.org/entity/Q3947,,"('49.89579', '10.8908')"
1902,,49.89266,10.89031,Wohn- und Geschäftshaus,,D,blue,,,house,,Point(10.89031 49.89266),0.274,http://www.wikidata.org/entity/Q41426486,1.0,,,http://www.wikidata.org/entity/Q3947,,"('49.89266', '10.89031')"
1903,,49.89266,10.89055,Wohnhaus,,D,blue,,,house,,Point(10.89055 49.89266),0.29,http://www.wikidata.org/entity/Q41426487,1.0,,,http://www.wikidata.org/entity/Q3947,,"('49.89266', '10.89055')"
1904,,49.89273,10.89032,Wohnhaus,,D,blue,,,house,,Point(10.89032 49.89273),0.278,http://www.wikidata.org/entity/Q41426484,1.0,,,http://www.wikidata.org/entity/Q3947,,"('49.89273', '10.89032')"
1905,,49.89293,10.89088,Nebengebäude,,D,blue,,,cultural heritage ensemble,,Point(10.89088 49.89293),0.324,http://www.wikidata.org/entity/Q41426490,1.0,,,http://www.wikidata.org/entity/Q1516079,,"('49.89293', '10.89088')"
1906,,49.89476,10.88722,Wohnheime,,D,blue,,,house,,Point(10.88722 49.89476),0.352,http://www.wikidata.org/entity/Q41426491,1.0,,,http://www.wikidata.org/entity/Q3947,,"('49.89476', '10.88722')"
1907,,49.892984524889,10.890635423241,jüdisches,,D,blue,,,house,,Point(10.890635423 49.892984524),0.312,http://www.wikidata.org/entity/Q41426488,1.0,,,http://www.wikidata.org/entity/Q3947,,"('49.892984524889', '10.890635423241')"
1908,,49.89431,10.88358,Reihenhaus,,D,blue,,,house,,Point(10.88358 49.89431),0.381,http://www.wikidata.org/entity/Q41426494,1.0,,,http://www.wikidata.org/entity/Q3947,,"('49.89431', '10.88358')"
1909,,49.89441,10.88372,Reihenhaus,,D,blue,,,house,,Point(10.88372 49.89441),0.384,http://www.wikidata.org/entity/Q41426493,1.0,,,http://www.wikidata.org/entity/Q3947,,"('49.89441', '10.88372')"
1910,,49.89412,10.88324,Wohnhaus,,D,blue,,,house,,Point(10.88324 49.89412),0.381,http://www.wikidata.org/entity/Q41426498,1.0,,,http://www.wikidata.org/entity/Q3947,,"('49.89412', '10.88324')"
1911,,49.89527,10.88634,Englische,,D,blue,,,cultural heritage ensemble,,Point(10.88634 49.89527),0.409,http://www.wikidata.org/entity/Q41426499,1.0,,,http://www.wikidata.org/entity/Q1516079,,"('49.89527', '10.88634')"
1912,,49.8942,10.88339,Reihenhaus,,D,blue,,,cultural heritage ensemble,,Point(10.88339 49.8942),0.38,http://www.wikidata.org/entity/Q41426496,1.0,,,http://www.wikidata.org/entity/Q1516079,,"('49.8942', '10.88339')"
1913,,49.89546,10.88592,Wohnhaus,,D,blue,,,house,,Point(10.88592 49.89546),0.434,http://www.wikidata.org/entity/Q41426503,1.0,,,http://www.wikidata.org/entity/Q3947,,"('49.89546', '10.88592')"
1914,,49.89503,10.88605,Mietshaus,,D,blue,,,house,,Point(10.88605 49.89503),0.385,http://www.wikidata.org/entity/Q41426500,1.0,,,http://www.wikidata.org/entity/Q3947,,"('49.89503', '10.88605')"
1915,,49.89537,10.88574,Wohnhaus,,D,blue,,,house,,Point(10.88574 49.89537),0.426,http://www.wikidata.org/entity/Q41426507,1.0,,,http://www.wikidata.org/entity/Q3947,,"('49.89537', '10.88574')"
1916,,49.89517,10.88524,Mietshaus,,D,blue,,,house,,Point(10.88524 49.89517),0.413,http://www.wikidata.org/entity/Q41426510,1.0,,,http://www.wikidata.org/entity/Q3947,,"('49.89517', '10.88524')"
1917,,49.89527,10.88551,Volksschule,,D,blue,,,cultural heritage ensemble,,Point(10.88551 49.89527),0.419,http://www.wikidata.org/entity/Q41426509,1.0,,,http://www.wikidata.org/entity/Q1516079,,"('49.89527', '10.88551')"
1918,,49.89333,10.8863,Wohn- und Geschäftshaus,,D,blue,,,house,,Point(10.8863 49.89333),0.196,http://www.wikidata.org/entity/Q41426514,1.0,,,http://www.wikidata.org/entity/Q3947,,"('49.89333', '10.8863')"
1919,,49.893186419587,10.885921993807,Wohn- und Geschäftshaus,,D,blue,,,house,,Point(10.885921993 49.893186419),0.188,http://www.wikidata.org/entity/Q41426515,1.0,,,http://www.wikidata.org/entity/Q3947,,"('49.893186419587', '10.885921993807')"
1920,,49.8935,10.88775,Wohnhaus,,D,blue,,,house,,Point(10.88775 49.8935),0.22,http://www.wikidata.org/entity/Q41426512,1.0,,,http://www.wikidata.org/entity/Q3947,,"('49.8935', '10.88775')"
1921,,49.89318,10.8861,Cultural heritage D-4-61-000-422 in Bamberg,,D,blue,,,cultural heritage ensemble,,Point(10.8861 49.89318),0.183,http://www.wikidata.org/entity/Q41426513,1.0,,,http://www.wikidata.org/entity/Q1516079,,"('49.89318', '10.8861')"
1922,,49.89329,10.88598,Zunfthaus,,D,blue,,,house,,Point(10.88598 49.89329),0.197,http://www.wikidata.org/entity/Q41426518,1.0,,,http://www.wikidata.org/entity/Q3947,,"('49.89329', '10.88598')"
1923,,49.89339,10.88629,Bürgerhaus,,D,blue,,,house,,Point(10.88629 49.89339),0.203,http://www.wikidata.org/entity/Q41426516,1.0,,,http://www.wikidata.org/entity/Q3947,,"('49.89339', '10.88629')"
1924,,49.893367823555,10.885808266731,Schule,,D,blue,,,house,,Point(10.885808266 49.893367823),0.21,http://www.wikidata.org/entity/Q41426523,1.0,,,http://www.wikidata.org/entity/Q3947,,"('49.893367823555', '10.885808266731')"
1925,,49.89346,10.88619,Bürgerhaus,,D,blue,,,house,,Point(10.88619 49.89346),0.212,http://www.wikidata.org/entity/Q41426520,1.0,,,http://www.wikidata.org/entity/Q3947,,"('49.89346', '10.88619')"
1926,,49.89349,10.88628,Bürgerhaus,,D,blue,,,house,,Point(10.88628 49.89349),0.214,http://www.wikidata.org/entity/Q41426521,1.0,,,http://www.wikidata.org/entity/Q3947,,"('49.89349', '10.88628')"
1927,,49.89361,10.88617,Bürgerhaus,,D,blue,,,house,,Point(10.88617 49.89361),0.228,http://www.wikidata.org/entity/Q41426527,1.0,,,http://www.wikidata.org/entity/Q3947,,"('49.89361', '10.88617')"
1928,,49.89345,10.88578,Bürgerhaus,,D,blue,,,house,,Point(10.88578 49.89345),0.219,http://www.wikidata.org/entity/Q41426525,1.0,,,http://www.wikidata.org/entity/Q3947,,"('49.89345', '10.88578')"
1929,,49.893609713852,10.885584112392,Bürgerhaus,,D,blue,,,house,,Point(10.885584112 49.893609713),0.241,http://www.wikidata.org/entity/Q41426530,1.0,,,http://www.wikidata.org/entity/Q3947,,"('49.893609713852', '10.885584112392')"
1930,,49.89382,10.88598,Baudenkmal,,D,blue,,,portal,,Point(10.88598 49.89382),0.254,http://www.wikidata.org/entity/Q41426531,1.0,,,http://www.wikidata.org/entity/Q854429,,"('49.89382', '10.88598')"
1932,,49.89371,10.88616,Bürgerhaus,,D,blue,,,house,,Point(10.88616 49.89371),0.239,http://www.wikidata.org/entity/Q41426528,1.0,,,http://www.wikidata.org/entity/Q3947,,"('49.89371', '10.88616')"
1933,,49.89396,10.88594,Wohn- und Geschäftshaus,,D,blue,,,cultural heritage ensemble,,Point(10.88594 49.89396),0.27,http://www.wikidata.org/entity/Q41426534,1.0,,,http://www.wikidata.org/entity/Q1516079,,"('49.89396', '10.88594')"
1934,,49.893665995124,10.885531249851,Bürgerhaus,,D,blue,,,house,,Point(10.885531249 49.893665995),0.248,http://www.wikidata.org/entity/Q41426533,1.0,,,http://www.wikidata.org/entity/Q3947,,"('49.893665995124', '10.885531249851')"
1935,,49.89393,10.88527,Adelspalast,,D,blue,,,house,,Point(10.88527 49.89393),0.282,http://www.wikidata.org/entity/Q41426538,1.0,,,http://www.wikidata.org/entity/Q3947,,"('49.89393', '10.88527')"
1936,,49.89433,10.88571,Bürgerhaus,,D,blue,,,house,,Point(10.88571 49.89433),0.314,http://www.wikidata.org/entity/Q41426539,1.0,,,http://www.wikidata.org/entity/Q3947,,"('49.89433', '10.88571')"
1937,,49.89386,10.88548,Beamtenwohnhaus,,D,blue,,,house,,Point(10.88548 49.89386),0.269,http://www.wikidata.org/entity/Q41426536,1.0,,,http://www.wikidata.org/entity/Q3947,,"('49.89386', '10.88548')"
1938,,49.89419,10.88585,Bürgerhaus,,D,blue,,,house,,Point(10.88585 49.89419),0.296,http://www.wikidata.org/entity/Q41426537,1.0,,,http://www.wikidata.org/entity/Q3947,,"('49.89419', '10.88585')"
1939,,49.89441,10.88573,Wohn- und Geschäftshaus,,D,blue,,,house,,Point(10.88573 49.89441),0.322,http://www.wikidata.org/entity/Q41426543,1.0,,,http://www.wikidata.org/entity/Q3947,,"('49.89441', '10.88573')"
1940,,49.8941,10.88517,Adelspalast,,D,blue,,,cultural heritage ensemble,,Point(10.88517 49.8941),0.302,http://www.wikidata.org/entity/Q41426540,1.0,,,http://www.wikidata.org/entity/Q1516079,,"('49.8941', '10.88517')"
1941,,49.89444,10.88564,Wohnhaus,,D,blue,,,house,,Point(10.88564 49.89444),0.327,http://www.wikidata.org/entity/Q41426546,1.0,,,http://www.wikidata.org/entity/Q3947,,"('49.89444', '10.88564')"
1942,,49.89426,10.88526,Bürgerhaus,,D,blue,,,house,,Point(10.88526 49.89426),0.316,http://www.wikidata.org/entity/Q41426544,1.0,,,http://www.wikidata.org/entity/Q3947,,"('49.89426', '10.88526')"
1943,,49.89473,10.88553,Adelspalast,,D,blue,,,cultural heritage ensemble,,Point(10.88553 49.89473),0.36,http://www.wikidata.org/entity/Q41426550,1.0,,,http://www.wikidata.org/entity/Q1516079,,"('49.89473', '10.88553')"
1944,,49.89454,10.88501,Realschule,,D,blue,,,cultural heritage ensemble,,Point(10.88501 49.89454),0.352,http://www.wikidata.org/entity/Q41426548,1.0,,,http://www.wikidata.org/entity/Q1516079,,"('49.89454', '10.88501')"
1945,,49.89454,10.88563,Hofbeamtenwohnhaus,,D,blue,,,cultural heritage ensemble,,Point(10.88563 49.89454),0.338,http://www.wikidata.org/entity/Q41426549,1.0,,,http://www.wikidata.org/entity/Q1516079,,"('49.89454', '10.88563')"
1946,,49.89285,10.88903,Wohn- und Geschäftshaus,,D,blue,,,house,,Point(10.88903 49.89285),0.209,http://www.wikidata.org/entity/Q41426555,1.0,,,http://www.wikidata.org/entity/Q3947,,"('49.89285', '10.88903')"
1947,,49.89493,10.88547,Adelspalast,,D,blue,,,cultural heritage ensemble,,Point(10.88547 49.89493),0.383,http://www.wikidata.org/entity/Q41426552,1.0,,,http://www.wikidata.org/entity/Q1516079,,"('49.89493', '10.88547')"
1948,,49.89256,10.88864,Wohn- und Geschäftshaus,,D,blue,,,house,,Point(10.88864 49.89256),0.167,http://www.wikidata.org/entity/Q41426553,1.0,,,http://www.wikidata.org/entity/Q3947,,"('49.89256', '10.88864')"
1949,,49.8929,10.88929,Wirtshausschild,,D,blue,,,cultural heritage ensemble,,Point(10.88929 49.8929),0.227,http://www.wikidata.org/entity/Q41426558,1.0,,,http://www.wikidata.org/entity/Q1516079,,"('49.8929', '10.88929')"
1950,,49.89296,10.8895,Baudenkmal,,D,blue,,,house,,Point(10.8895 49.89296),0.243,http://www.wikidata.org/entity/Q41426559,1.0,,,http://www.wikidata.org/entity/Q3947,,"('49.89296', '10.8895')"
1951,,49.89288,10.88908,Wohn- und Geschäftshaus,,D,blue,,,house,,Point(10.88908 49.89288),0.214,http://www.wikidata.org/entity/Q41426556,1.0,,,http://www.wikidata.org/entity/Q3947,,"('49.89288', '10.88908')"
1952,,49.8931,10.88981,Bürgerhaus,,D,blue,,,house,,Point(10.88981 49.8931),0.27,http://www.wikidata.org/entity/Q41426563,1.0,,,http://www.wikidata.org/entity/Q3947,,"('49.8931', '10.88981')"
1953,,49.89271,10.88917,Bürgerhaus,,D,blue,,,house,,Point(10.88917 49.89271),0.207,http://www.wikidata.org/entity/Q41426561,1.0,,,http://www.wikidata.org/entity/Q3947,,"('49.89271', '10.88917')"
1954,,49.89312,10.88991,Wohnhaus,,D,blue,,,house,,Point(10.88991 49.89312),0.277,http://www.wikidata.org/entity/Q41426567,1.0,,,http://www.wikidata.org/entity/Q3947,,"('49.89312', '10.88991')"
1955,,49.8927,10.88932,Bürgerhaus,,D,blue,,,house,,Point(10.88932 49.8927),0.215,http://www.wikidata.org/entity/Q41426565,1.0,,,http://www.wikidata.org/entity/Q3947,,"('49.8927', '10.88932')"
1956,,49.8928,10.88958,Bürgerhaus,,D,blue,,,house,,Point(10.88958 49.8928),0.237,http://www.wikidata.org/entity/Q41426571,1.0,,,http://www.wikidata.org/entity/Q3947,,"('49.8928', '10.88958')"
1957,,49.89276,10.88942,Wohn- und Geschäftshaus,,D,blue,,,house,,Point(10.88942 49.89276),0.225,http://www.wikidata.org/entity/Q41426568,1.0,,,http://www.wikidata.org/entity/Q3947,,"('49.89276', '10.88942')"
1958,,49.89316,10.88998,Bürgerhaus,,D,blue,,,house,,Point(10.88998 49.89316),0.283,http://www.wikidata.org/entity/Q41426569,1.0,,,http://www.wikidata.org/entity/Q3947,,"('49.89316', '10.88998')"
1959,,49.89283,10.88972,Bürgerhaus,,D,blue,,,house,,Point(10.88972 49.89283),0.247,http://www.wikidata.org/entity/Q41426574,1.0,,,http://www.wikidata.org/entity/Q3947,,"('49.89283', '10.88972')"
1960,,49.89328,10.89012,Keßlerstraße 19 (Bamberg),,D,blue,,,house,,Point(10.89012 49.89328),0.299,http://www.wikidata.org/entity/Q41426573,1.0,,,http://www.wikidata.org/entity/Q3947,,"('49.89328', '10.89012')"
1961,,49.89285,10.88982,Bürgerhaus,,D,blue,,,house,,Point(10.88982 49.89285),0.254,http://www.wikidata.org/entity/Q41426576,1.0,,,http://www.wikidata.org/entity/Q3947,,"('49.89285', '10.88982')"
1962,,49.89288,10.89003,Adelspalast,,D,blue,,,house,,Point(10.89003 49.89288),0.268,http://www.wikidata.org/entity/Q41426577,1.0,,,http://www.wikidata.org/entity/Q3947,,"('49.89288', '10.89003')"
1963,,49.89324,10.89042,Wohn- und Geschäftshaus,,D,blue,,,house,,Point(10.89042 49.89324),0.314,http://www.wikidata.org/entity/Q41426580,1.0,,,http://www.wikidata.org/entity/Q3947,,"('49.89324', '10.89042')"
1964,,49.89319,10.89058,Wohnhaus,,D,blue,,,house,,Point(10.89058 49.89319),0.32,http://www.wikidata.org/entity/Q41426581,1.0,,,http://www.wikidata.org/entity/Q3947,,"('49.89319', '10.89058')"
1965,,49.89543,10.89029,Wohn- und Geschäftshaus,,D,blue,,,house,,Point(10.89029 49.89543),0.492,http://www.wikidata.org/entity/Q41426587,1.0,,,http://www.wikidata.org/entity/Q3947,,"('49.89543', '10.89029')"
1966,,49.89318,10.89084,Wohnhaus,,D,blue,,,house,,Point(10.89084 49.89318),0.335,http://www.wikidata.org/entity/Q41426584,1.0,,,http://www.wikidata.org/entity/Q3947,,"('49.89318', '10.89084')"
1967,,49.89321,10.89098,Atelier,,D,blue,,,house,,Point(10.89098 49.89321),0.346,http://www.wikidata.org/entity/Q41426585,1.0,,,http://www.wikidata.org/entity/Q3947,,"('49.89321', '10.89098')"
1968,,49.89562,10.89016,Wohn- und Geschäftshaus,,D,blue,,,house,,Point(10.89016 49.89562),0.506,http://www.wikidata.org/entity/Q41426590,1.0,,,http://www.wikidata.org/entity/Q3947,,"('49.89562', '10.89016')"
1969,,49.89569,10.89006,Bürgerhaus,,D,blue,,,house,,Point(10.89006 49.89569),0.509,http://www.wikidata.org/entity/Q41426591,1.0,,,http://www.wikidata.org/entity/Q3947,,"('49.89569', '10.89006')"
1970,,49.89557,10.89022,Wohn- und Geschäftshaus,,D,blue,,,house,,Point(10.89022 49.89557),0.503,http://www.wikidata.org/entity/Q41426589,1.0,,,http://www.wikidata.org/entity/Q3947,,"('49.89557', '10.89022')"
1971,,49.89607,10.89,Gerberhaus,,D,blue,,,house,,Point(10.89 49.89607),0.545,http://www.wikidata.org/entity/Q41426595,1.0,,,http://www.wikidata.org/entity/Q3947,,"('49.89607', '10.89')"
1972,,49.89597,10.89005,Bürgerhaus,,D,blue,,,house,,Point(10.89005 49.89597),0.537,http://www.wikidata.org/entity/Q41426593,1.0,,,http://www.wikidata.org/entity/Q3947,,"('49.89597', '10.89005')"
1973,,49.89619,10.88979,Bürgerhaus,,D,blue,,,house,,Point(10.88979 49.89619),0.552,http://www.wikidata.org/entity/Q41426599,1.0,,,http://www.wikidata.org/entity/Q3947,,"('49.89619', '10.88979')"
1974,,49.89615,10.88991,Wohn- und Geschäftshaus,,D,blue,,,house,,Point(10.88991 49.89615),0.551,http://www.wikidata.org/entity/Q41426596,1.0,,,http://www.wikidata.org/entity/Q3947,,"('49.89615', '10.88991')"
1975,,49.89589,10.88969,Bürgerhaus,,D,blue,,,house,,Point(10.88969 49.89589),0.518,http://www.wikidata.org/entity/Q41426597,1.0,,,http://www.wikidata.org/entity/Q3947,,"('49.89589', '10.88969')"
1976,,49.89574,10.88909,Gartentor,,D,blue,,,cultural heritage ensemble,,Point(10.88909 49.89574),0.487,http://www.wikidata.org/entity/Q41426602,1.0,,,http://www.wikidata.org/entity/Q1516079,,"('49.89574', '10.88909')"
1977,,49.89617,10.88919,Wohnhaus,,D,blue,,,house,,Point(10.88919 49.89617),0.535,http://www.wikidata.org/entity/Q41426603,1.0,,,http://www.wikidata.org/entity/Q3947,,"('49.89617', '10.88919')"
1978,,49.89632,10.88941,Wohn- und Geschäftshaus,,D,blue,,,house,,Point(10.88941 49.89632),0.556,http://www.wikidata.org/entity/Q41426601,1.0,,,http://www.wikidata.org/entity/Q3947,,"('49.89632', '10.88941')"
1979,,49.89614,10.88899,Bürgerhaus,,D,blue,,,house,,Point(10.88899 49.89614),0.527,http://www.wikidata.org/entity/Q41426606,1.0,,,http://www.wikidata.org/entity/Q3947,,"('49.89614', '10.88899')"
1980,,49.89607,10.88579,Wohnhaus,,D,blue,,,cultural heritage ensemble,,Point(10.88579 49.89607),0.502,http://www.wikidata.org/entity/Q41426607,1.0,,,http://www.wikidata.org/entity/Q1516079,,"('49.89607', '10.88579')"
1981,,49.8925,10.8889,Bürgerhaus,,D,blue,,,house,,Point(10.8889 49.8925),0.178,http://www.wikidata.org/entity/Q41426611,1.0,,,http://www.wikidata.org/entity/Q3947,,"('49.8925', '10.8889')"
1982,,49.896,10.88614,Mietshaus,,D,blue,,,house,,Point(10.88614 49.896),0.491,http://www.wikidata.org/entity/Q41426608,1.0,,,http://www.wikidata.org/entity/Q3947,,"('49.896', '10.88614')"
1983,,49.89253,10.88912,Wohn- und Geschäftshaus,,D,blue,,,house,,Point(10.88912 49.89253),0.193,http://www.wikidata.org/entity/Q41426614,1.0,,,http://www.wikidata.org/entity/Q3947,,"('49.89253', '10.88912')"
1984,,49.89213,10.88888,Wohn- und Geschäftshaus,,D,blue,,,house,,Point(10.88888 49.89213),0.157,http://www.wikidata.org/entity/Q41426615,1.0,,,http://www.wikidata.org/entity/Q3947,,"('49.89213', '10.88888')"
1985,,49.89221,10.88879,Wohn- und Geschäftshaus,,D,blue,,,house,,Point(10.88879 49.89221),0.155,http://www.wikidata.org/entity/Q41426613,1.0,,,http://www.wikidata.org/entity/Q3947,,"('49.89221', '10.88879')"
1986,,49.8921,10.88903,Brauhaus,,D,blue,,,Gasthaus,,Point(10.88903 49.8921),0.166,http://www.wikidata.org/entity/Q41426618,1.0,,,http://www.wikidata.org/entity/Q5526694,,"('49.8921', '10.88903')"
1987,,49.89254,10.8894,Bürgerhaus,,D,blue,,,house,,Point(10.8894 49.89254),0.21,http://www.wikidata.org/entity/Q41426619,1.0,,,http://www.wikidata.org/entity/Q3947,,"('49.89254', '10.8894')"
1988,,49.89253,10.88926,Bürgerhaus,,D,blue,,,house,,Point(10.88926 49.89253),0.201,http://www.wikidata.org/entity/Q41426617,1.0,,,http://www.wikidata.org/entity/Q3947,,"('49.89253', '10.88926')"
1989,,49.89207,10.88932,Gasthaus,,D,blue,,,Gasthaus,,Point(10.88932 49.89207),0.185,http://www.wikidata.org/entity/Q41426622,1.0,,,http://www.wikidata.org/entity/Q5526694,,"('49.89207', '10.88932')"
1990,,49.89256,10.88951,Bürgerhaus,,D,blue,,,cultural heritage ensemble,,Point(10.88951 49.89256),0.218,http://www.wikidata.org/entity/Q41426621,1.0,,,http://www.wikidata.org/entity/Q1516079,,"('49.89256', '10.88951')"
1991,,49.8921,10.88948,Bürgerhaus,,D,blue,,,house,,Point(10.88948 49.8921),0.196,http://www.wikidata.org/entity/Q41426626,1.0,,,http://www.wikidata.org/entity/Q3947,,"('49.8921', '10.88948')"
1992,,49.8925,10.8897,Doppelhaus,,D,blue,,,residential building,,Point(10.8897 49.8925),0.227,http://www.wikidata.org/entity/Q41426625,1.0,,,http://www.wikidata.org/entity/Q11755880,,"('49.8925', '10.8897')"
1993,,49.8925,10.89004,Bürgerhaus,,D,blue,,,house,,Point(10.89004 49.8925),0.249,http://www.wikidata.org/entity/Q41426631,1.0,,,http://www.wikidata.org/entity/Q3947,,"('49.8925', '10.89004')"
1994,,49.89257,10.88991,Wohn- und Geschäftshaus,,D,blue,,,house,,Point(10.88991 49.89257),0.244,http://www.wikidata.org/entity/Q41426628,1.0,,,http://www.wikidata.org/entity/Q3947,,"('49.89257', '10.88991')"
1995,,49.89215,10.88966,Bürgerhaus,,D,blue,,,house,,Point(10.88966 49.89215),0.21,http://www.wikidata.org/entity/Q41426629,1.0,,,http://www.wikidata.org/entity/Q3947,,"('49.89215', '10.88966')"
1996,,49.89247,10.89047,Kaufhaus,,D,blue,,,house,,Point(10.89047 49.89247),0.277,http://www.wikidata.org/entity/Q41426635,1.0,,,http://www.wikidata.org/entity/Q3947,,"('49.89247', '10.89047')"
1997,,49.89216,10.88975,Bürgerhaus,,D,blue,,,house,,Point(10.88975 49.89216),0.217,http://www.wikidata.org/entity/Q41426632,1.0,,,http://www.wikidata.org/entity/Q3947,,"('49.89216', '10.88975')"
1998,,49.8925,10.89022,Bürgerhaus,,D,blue,,,house,,Point(10.89022 49.8925),0.261,http://www.wikidata.org/entity/Q41426633,1.0,,,http://www.wikidata.org/entity/Q3947,,"('49.8925', '10.89022')"
1999,,49.89208,10.89017,Bürgerhaus,,D,blue,,,house,,Point(10.89017 49.89208),0.244,http://www.wikidata.org/entity/Q41426639,1.0,,,http://www.wikidata.org/entity/Q3947,,"('49.89208', '10.89017')"
2000,,49.892140168752,10.890062977174,Verlag,,D,blue,,,house,,Point(10.890062977 49.892140168),0.238,http://www.wikidata.org/entity/Q41426636,1.0,,,http://www.wikidata.org/entity/Q3947,,"('49.892140168752', '10.890062977174')"
2001,,49.89236,10.89057,Bürgerhaus,,D,blue,,,house,,Point(10.89057 49.89236),0.28,http://www.wikidata.org/entity/Q41426637,1.0,,,http://www.wikidata.org/entity/Q3947,,"('49.89236', '10.89057')"
2002,,49.89207,10.89038,Handwerkerhaus,,D,blue,,,house,,Point(10.89038 49.89207),0.258,http://www.wikidata.org/entity/Q41426643,1.0,,,http://www.wikidata.org/entity/Q3947,,"('49.89207', '10.89038')"
2003,,49.89209,10.89027,Wohn- und Geschäftshaus,,D,blue,,,house,,Point(10.89027 49.89209),0.251,http://www.wikidata.org/entity/Q41426640,1.0,,,http://www.wikidata.org/entity/Q3947,,"('49.89209', '10.89027')"
2004,,49.892,10.89045,Bürgerhaus,,D,blue,,,cultural heritage ensemble,,Point(10.89045 49.892),0.262,http://www.wikidata.org/entity/Q41426646,1.0,,,http://www.wikidata.org/entity/Q1516079,,"('49.892', '10.89045')"
2005,,49.89228,10.89118,Bürgerhaus,,D,blue,,,house,,Point(10.89118 49.89228),0.319,http://www.wikidata.org/entity/Q41426647,1.0,,,http://www.wikidata.org/entity/Q3947,,"('49.89228', '10.89118')"
2006,,49.89218,10.89159,Bürgerhaus,,D,blue,,,residential building,,Point(10.89159 49.89218),0.346,http://www.wikidata.org/entity/Q41426650,1.0,,,http://www.wikidata.org/entity/Q11755880,,"('49.89218', '10.89159')"
2007,,49.89204,10.89059,Handwerkerhaus,,D,blue,,,house,,Point(10.89059 49.89204),0.272,http://www.wikidata.org/entity/Q41426648,1.0,,,http://www.wikidata.org/entity/Q3947,,"('49.89204', '10.89059')"
2008,,49.89216,10.89135,Gasthaus,,D,blue,,,house,,Point(10.89135 49.89216),0.328,http://www.wikidata.org/entity/Q41426649,1.0,,,http://www.wikidata.org/entity/Q3947,,"('49.89216', '10.89135')"
2009,,49.89216,10.89195,Weinstube,,D,blue,,,house,,Point(10.89195 49.89216),0.371,http://www.wikidata.org/entity/Q41426654,1.0,,,http://www.wikidata.org/entity/Q3947,,"('49.89216', '10.89195')"
2010,,49.89184,10.89114,Bürgerhaus,,D,blue,,,house,,Point(10.89114 49.89184),0.309,http://www.wikidata.org/entity/Q41426655,1.0,,,http://www.wikidata.org/entity/Q3947,,"('49.89184', '10.89114')"
2011,,49.89196,10.89093,Wohn- und Geschäftshaus,,D,blue,,,house,,Point(10.89093 49.89196),0.295,http://www.wikidata.org/entity/Q41426652,1.0,,,http://www.wikidata.org/entity/Q3947,,"('49.89196', '10.89093')"
2012,,49.8917,10.89163,Bank,,D,blue,,,cultural heritage ensemble,,Point(10.89163 49.8917),0.343,http://www.wikidata.org/entity/Q41426658,1.0,,,http://www.wikidata.org/entity/Q1516079,,"('49.8917', '10.89163')"
2013,,49.89187,10.89137,Kleinhaus,,D,blue,,,Gasthaus,,Point(10.89137 49.89187),0.325,http://www.wikidata.org/entity/Q41426656,1.0,,,http://www.wikidata.org/entity/Q5526694,,"('49.89187', '10.89137')"
2014,,49.89417,10.88997,Bürgerhaus,,D,blue,,,residential building,,Point(10.88997 49.89417),0.362,http://www.wikidata.org/entity/Q41426663,1.0,,,http://www.wikidata.org/entity/Q11755880,,"('49.89417', '10.88997')"
2015,,49.89398,10.88993,Küfnerei,,D,blue,,,house,,Point(10.88993 49.89398),0.344,http://www.wikidata.org/entity/Q41426661,1.0,,,http://www.wikidata.org/entity/Q3947,,"('49.89398', '10.88993')"
2016,,49.8897,10.89024,Cultural heritage D-4-61-000-966 in Bamberg,,D,blue,,,cultural heritage ensemble,,Point(10.89024 49.8897),0.322,http://www.wikidata.org/entity/Q41426666,1.0,,,http://www.wikidata.org/entity/Q1516079,,"('49.8897', '10.89024')"
2017,,49.88966,10.89108,Architektenwohnhaus,,D,blue,,,cultural heritage ensemble,,Point(10.89108 49.88966),0.372,http://www.wikidata.org/entity/Q41426665,1.0,,,http://www.wikidata.org/entity/Q1516079,,"('49.88966', '10.89108')"
2018,,49.89174,10.88754,Cultural heritage D-4-61-000-988 in Bamberg,,D,blue,,,cultural heritage ensemble,,Point(10.88754 49.89174),0.052,http://www.wikidata.org/entity/Q41426670,1.0,,,http://www.wikidata.org/entity/Q1516079,,"('49.89174', '10.88754')"
2019,,49.89161,10.88765,Wohn- und Geschäftshaus,,D,blue,,,house,,Point(10.88765 49.89161),0.057,http://www.wikidata.org/entity/Q41426669,1.0,,,http://www.wikidata.org/entity/Q3947,,"('49.89161', '10.88765')"
2020,,49.89178,10.8876,Bürgerhaus,,D,blue,,,house,,Point(10.8876 49.89178),0.057,http://www.wikidata.org/entity/Q41426674,1.0,,,http://www.wikidata.org/entity/Q3947,,"('49.89178', '10.8876')"
2021,,49.8917,10.88781,Bürgerhaus,,D,blue,,,house,,Point(10.88781 49.8917),0.07,http://www.wikidata.org/entity/Q41426675,1.0,,,http://www.wikidata.org/entity/Q3947,,"('49.8917', '10.88781')"
2022,,49.89162,10.88775,Bürgerhaus,,D,blue,,,house,,Point(10.88775 49.89162),0.065,http://www.wikidata.org/entity/Q41426672,1.0,,,http://www.wikidata.org/entity/Q3947,,"('49.89162', '10.88775')"
2023,,49.89178,10.88798,Bürgerhaus,,D,blue,,,house,,Point(10.88798 49.89178),0.083,http://www.wikidata.org/entity/Q41426678,1.0,,,http://www.wikidata.org/entity/Q3947,,"('49.89178', '10.88798')"
2024,,49.89174,10.88812,Bürgerhaus,,D,blue,,,residential building,,Point(10.88812 49.89174),0.092,http://www.wikidata.org/entity/Q41426679,1.0,,,http://www.wikidata.org/entity/Q11755880,,"('49.89174', '10.88812')"
2025,,49.89164,10.88794,Bürgerhaus,,D,blue,,,house,,Point(10.88794 49.89164),0.078,http://www.wikidata.org/entity/Q41426676,1.0,,,http://www.wikidata.org/entity/Q3947,,"('49.89164', '10.88794')"
2026,,49.891886404469,10.887527045729,Mühle,,D,blue,,,house,,Point(10.887527045 49.891886404),0.058,http://www.wikidata.org/entity/Q41426682,1.0,,,http://www.wikidata.org/entity/Q3947,,"('49.891886404469', '10.887527045729')"
2027,,49.89201,10.88761,Wohn- und Geschäftshaus,,D,blue,,,house,,Point(10.88761 49.89201),0.071,http://www.wikidata.org/entity/Q41426683,1.0,,,http://www.wikidata.org/entity/Q3947,,"('49.89201', '10.88761')"
2028,,49.89181,10.88816,Apotheke,,D,blue,,,cultural heritage ensemble,,Point(10.88816 49.89181),0.097,http://www.wikidata.org/entity/Q41426680,1.0,,,http://www.wikidata.org/entity/Q1516079,,"('49.89181', '10.88816')"
2029,,49.89216,10.88766,Baudenkmal,,D,blue,,,house,,Point(10.88766 49.89216),0.085,http://www.wikidata.org/entity/Q41426686,1.0,,,http://www.wikidata.org/entity/Q3947,,"('49.89216', '10.88766')"
2030,,49.89347,10.88549,Plattnergasse 1,,D,blue,,,cultural heritage ensemble,,Point(10.88549 49.89347),0.229,http://www.wikidata.org/entity/Q41426695,1.0,,,http://www.wikidata.org/entity/Q1516079,,"('49.89347', '10.88549')"
2031,,49.89219,10.88833,Baudenkmal,,D,blue,,,house,,Point(10.88833 49.89219),0.125,http://www.wikidata.org/entity/Q41426692,1.0,,,http://www.wikidata.org/entity/Q3947,,"('49.89219', '10.88833')"
2032,,49.89327,10.88516,Plattnergasse 3,,D,blue,,,cultural heritage ensemble,,Point(10.88516 49.89327),0.221,http://www.wikidata.org/entity/Q41426696,1.0,,,http://www.wikidata.org/entity/Q1516079,,"('49.89327', '10.88516')"
2033,,49.89322,10.88527,Plattnergasse 3a,,D,blue,,,cultural heritage ensemble,,Point(10.88527 49.89322),0.212,http://www.wikidata.org/entity/Q41426719,1.0,,,http://www.wikidata.org/entity/Q1516079,,"('49.89322', '10.88527')"
2034,,49.89011,10.89123,Brunnen am Schillerplatz,,D,blue,,,water well,,Point(10.89123 49.89011),0.355,http://www.wikidata.org/entity/Q41426722,1.0,,,http://www.wikidata.org/entity/Q43483,,"('49.89011', '10.89123')"
2035,,49.89081,10.89066,Schillerplatz 2,,D,blue,,,house,,Point(10.89066 49.89081),0.287,http://www.wikidata.org/entity/Q41426723,1.0,,,http://www.wikidata.org/entity/Q3947,,"('49.89081', '10.89066')"
2036,,49.89331,10.88545,Plattnergasse 4,,D,blue,,,house,,Point(10.88545 49.89331),0.214,http://www.wikidata.org/entity/Q41426720,1.0,,,http://www.wikidata.org/entity/Q3947,,"('49.89331', '10.88545')"
2037,,49.89066,10.8905,Schillerplatz 4,,D,blue,,,house,,Point(10.8905 49.89066),0.282,http://www.wikidata.org/entity/Q41426725,1.0,,,http://www.wikidata.org/entity/Q3947,,"('49.89066', '10.8905')"
2038,,49.8903,10.89156,Schillerplatz 7 (Bamberg),,D,blue,,,Gasthaus,,Point(10.89156 49.8903),0.367,http://www.wikidata.org/entity/Q41426739,1.0,,,http://www.wikidata.org/entity/Q5526694,,"('49.8903', '10.89156')"
2039,,49.89052,10.89061,Schillerplatz 6,,D,blue,,,house,,Point(10.89061 49.89052),0.295,http://www.wikidata.org/entity/Q41426737,1.0,,,http://www.wikidata.org/entity/Q3947,,"('49.89052', '10.89061')"
2040,,49.89009,10.8918,Schillerplatz 9a (Bamberg),,D,blue,,,house,,Point(10.8918 49.89009),0.393,http://www.wikidata.org/entity/Q41426742,1.0,,,http://www.wikidata.org/entity/Q3947,,"('49.89009', '10.8918')"
2041,,49.89042,10.89059,Schillerplatz 8,,D,blue,,,house,,Point(10.89059 49.89042),0.299,http://www.wikidata.org/entity/Q41426740,1.0,,,http://www.wikidata.org/entity/Q3947,,"('49.89042', '10.89059')"
2042,,49.89023,10.89174,Schillerplatz 9 (Bamberg),,D,blue,,,house,,Point(10.89174 49.89023),0.382,http://www.wikidata.org/entity/Q41426741,1.0,,,http://www.wikidata.org/entity/Q3947,,"('49.89023', '10.89174')"
2043,,49.89035,10.89066,Schillerplatz 10,,D,blue,,,house,,Point(10.89066 49.89035),0.307,http://www.wikidata.org/entity/Q41426744,1.0,,,http://www.wikidata.org/entity/Q3947,,"('49.89035', '10.89066')"
2044,,49.89024,10.89058,Schillerplatz 14,,D,blue,,,cultural heritage ensemble,,Point(10.89058 49.89024),0.307,http://www.wikidata.org/entity/Q41426750,1.0,,,http://www.wikidata.org/entity/Q1516079,,"('49.89024', '10.89058')"
2045,,49.89014,10.89063,Schillerplatz 16,,D,blue,,,house,,Point(10.89063 49.89014),0.316,http://www.wikidata.org/entity/Q41426751,1.0,,,http://www.wikidata.org/entity/Q3947,,"('49.89014', '10.89063')"
2046,,49.89001,10.89066,Schillerplatz 20 (Bamberg),,D,blue,,,house,,Point(10.89066 49.89001),0.326,http://www.wikidata.org/entity/Q41426755,1.0,,,http://www.wikidata.org/entity/Q3947,,"('49.89001', '10.89066')"
2047,,49.89007,10.89073,Schillerplatz 18,,D,blue,,,house,,Point(10.89073 49.89007),0.326,http://www.wikidata.org/entity/Q41426753,1.0,,,http://www.wikidata.org/entity/Q3947,,"('49.89007', '10.89073')"
2048,,49.88996,10.89068,Schillerplatz 22 (Bamberg),,D,blue,,,house,,Point(10.89068 49.88996),0.33,http://www.wikidata.org/entity/Q41426757,1.0,,,http://www.wikidata.org/entity/Q3947,,"('49.88996', '10.89068')"
2049,,49.89314,10.88549,Schulgasse 3,,D,blue,,,cultural heritage ensemble,,Point(10.88549 49.89314),0.197,http://www.wikidata.org/entity/Q41426763,1.0,,,http://www.wikidata.org/entity/Q1516079,,"('49.89314', '10.88549')"
2050,,49.8899,10.89075,Schillerplatz 24,,D,blue,,,house,,Point(10.89075 49.8899),0.338,http://www.wikidata.org/entity/Q41426760,1.0,,,http://www.wikidata.org/entity/Q3947,,"('49.8899', '10.89075')"
2051,,49.89448,10.88637,Stangstraße 7,,D,blue,,,house,,Point(10.88637 49.89448),0.322,http://www.wikidata.org/entity/Q41426766,1.0,,,http://www.wikidata.org/entity/Q3947,,"('49.89448', '10.88637')"
2052,,49.89531,10.89014,Wohn- und Geschäftshaus,,D,blue,,,house,,Point(10.89014 49.89531),0.475,http://www.wikidata.org/entity/Q41426767,1.0,,,http://www.wikidata.org/entity/Q3947,,"('49.89531', '10.89014')"
2053,,49.89446,10.88616,Stangstraße 5,,D,blue,,,house,,Point(10.88616 49.89446),0.321,http://www.wikidata.org/entity/Q41426764,1.0,,,http://www.wikidata.org/entity/Q3947,,"('49.89446', '10.88616')"
2054,,49.895787939145,10.887823816196,Wohnhaus,,D,blue,,,cultural heritage ensemble,,Point(10.887823816 49.895787939),0.47,http://www.wikidata.org/entity/Q41426770,1.0,,,http://www.wikidata.org/entity/Q1516079,,"('49.895787939145', '10.887823816196')"
2055,,49.89556,10.88947,Baudenkmal,,D,blue,,,house,,Point(10.88947 49.89556),0.478,http://www.wikidata.org/entity/Q41426774,1.0,,,http://www.wikidata.org/entity/Q3947,,"('49.89556', '10.88947')"
2056,,49.8957523,10.8891277,Vorderer Graben 10 (Bamberg),,D,blue,,,cultural heritage ensemble,,Point(10.8891277 49.8957523),0.489,http://www.wikidata.org/entity/Q41426810,1.0,,,http://www.wikidata.org/entity/Q1516079,,"('49.8957523', '10.8891277')"
2057,,49.89141,10.88976,Gerberhaus,,D,blue,,,house,,Point(10.88976 49.89141),0.21,http://www.wikidata.org/entity/Q41426818,1.0,,,http://www.wikidata.org/entity/Q3947,,"('49.89141', '10.88976')"
2058,,49.89135,10.88977,Kleinhaus,,D,blue,,,house,,Point(10.88977 49.89135),0.211,http://www.wikidata.org/entity/Q41426819,1.0,,,http://www.wikidata.org/entity/Q3947,,"('49.89135', '10.88977')"
2059,,49.89563,10.88633,Wohnhaus,,D,blue,,,house,,Point(10.88633 49.89563),0.449,http://www.wikidata.org/entity/Q41426816,1.0,,,http://www.wikidata.org/entity/Q3947,,"('49.89563', '10.88633')"
2060,,49.89118,10.89011,Wohnhaus,,D,blue,,,house,,Point(10.89011 49.89118),0.238,http://www.wikidata.org/entity/Q41426823,1.0,,,http://www.wikidata.org/entity/Q3947,,"('49.89118', '10.89011')"
2061,,49.89109,10.88982,Handwerkerhaus,,D,blue,,,house,,Point(10.88982 49.89109),0.22,http://www.wikidata.org/entity/Q41426820,1.0,,,http://www.wikidata.org/entity/Q3947,,"('49.89109', '10.88982')"
2062,,49.89099,10.88995,Bäckerei,,D,blue,,,house,,Point(10.88995 49.89099),0.232,http://www.wikidata.org/entity/Q41426826,1.0,,,http://www.wikidata.org/entity/Q3947,,"('49.89099', '10.88995')"
2063,,49.89104,10.88986,Gerberhaus,,D,blue,,,house,,Point(10.88986 49.89104),0.225,http://www.wikidata.org/entity/Q41426825,1.0,,,http://www.wikidata.org/entity/Q3947,,"('49.89104', '10.88986')"
2064,,49.89091,10.8901,Wohn- und Geschäftshaus,,D,blue,,,house,,Point(10.8901 49.89091),0.245,http://www.wikidata.org/entity/Q41426830,1.0,,,http://www.wikidata.org/entity/Q3947,,"('49.89091', '10.8901')"
2065,,49.89092,10.89,Bürgerhaus,,D,blue,,,house,,Point(10.89 49.89092),0.238,http://www.wikidata.org/entity/Q41426828,1.0,,,http://www.wikidata.org/entity/Q3947,,"('49.89092', '10.89')"
2066,,49.89084,10.89055,Bürgerhaus,,D,blue,,,house,,Point(10.89055 49.89084),0.278,http://www.wikidata.org/entity/Q41426834,1.0,,,http://www.wikidata.org/entity/Q3947,,"('49.89084', '10.89055')"
2067,,49.89085,10.89017,Wohn- und Geschäftshaus,,D,blue,,,house,,Point(10.89017 49.89085),0.252,http://www.wikidata.org/entity/Q41426832,1.0,,,http://www.wikidata.org/entity/Q3947,,"('49.89085', '10.89017')"
2068,,49.89086,10.89035,Bürgerhaus,,D,blue,,,house,,Point(10.89035 49.89086),0.264,http://www.wikidata.org/entity/Q41426833,1.0,,,http://www.wikidata.org/entity/Q3947,,"('49.89086', '10.89035')"
2069,,49.89102,10.89086,Bürgerhaus,,D,blue,,,house,,Point(10.89086 49.89102),0.295,http://www.wikidata.org/entity/Q41426839,1.0,,,http://www.wikidata.org/entity/Q3947,,"('49.89102', '10.89086')"
2070,,49.89113,10.89235,Mietshaus,,D,blue,,,house,,Point(10.89235 49.89113),0.398,http://www.wikidata.org/entity/Q41426836,1.0,,,http://www.wikidata.org/entity/Q3947,,"('49.89113', '10.89235')"
2071,,49.8907,10.89205,Harmoniegarten,,D,blue,,,park,,Point(10.89205 49.8907),0.386,http://www.wikidata.org/entity/Q41426837,1.0,,,http://www.wikidata.org/entity/Q22698,,"('49.8907', '10.89205')"
2072,,49.89105,10.89103,Wohn- und Geschäftshaus,,D,blue,,,house,,Point(10.89103 49.89105),0.306,http://www.wikidata.org/entity/Q41426842,1.0,,,http://www.wikidata.org/entity/Q3947,,"('49.89105', '10.89103')"
2073,,49.89109,10.89115,Wohn- und Geschäftshaus,,D,blue,,,house,,Point(10.89115 49.89109),0.313,http://www.wikidata.org/entity/Q41426843,1.0,,,http://www.wikidata.org/entity/Q3947,,"('49.89109', '10.89115')"
2074,,49.89105,10.89095,Bürgerhaus,,D,blue,,,house,,Point(10.89095 49.89105),0.3,http://www.wikidata.org/entity/Q41426840,1.0,,,http://www.wikidata.org/entity/Q3947,,"('49.89105', '10.89095')"
2075,,49.88877,10.87967,Wohnhaus,,D,blue,,,house,,Point(10.87967 49.88877),0.603,http://www.wikidata.org/entity/Q41426847,1.0,,,http://www.wikidata.org/entity/Q3947,,"('49.88877', '10.87967')"
2076,,49.89112,10.89131,Wohnhaus,,D,blue,,,house,,Point(10.89131 49.89112),0.324,http://www.wikidata.org/entity/Q41426844,1.0,,,http://www.wikidata.org/entity/Q3947,,"('49.89112', '10.89131')"
2077,,49.89117,10.89151,Mietshaus,,D,blue,,,house,,Point(10.89151 49.89117),0.337,http://www.wikidata.org/entity/Q41426845,1.0,,,http://www.wikidata.org/entity/Q3947,,"('49.89117', '10.89151')"
2078,,49.88763,10.87822,Wegkreuz,,D,blue,,,cultural heritage ensemble,,Point(10.87822 49.88763),0.76,http://www.wikidata.org/entity/Q41426850,1.0,,,http://www.wikidata.org/entity/Q1516079,,"('49.88763', '10.87822')"
2079,,49.88626,10.87721,Kreuz,,D,blue,,,cultural heritage ensemble,,Point(10.87721 49.88626),0.911,http://www.wikidata.org/entity/Q41426851,1.0,,,http://www.wikidata.org/entity/Q1516079,,"('49.88626', '10.87721')"
2080,,49.88881,10.87974,Wohnhaus,,D,blue,,,house,,Point(10.87974 49.88881),0.596,http://www.wikidata.org/entity/Q41426848,1.0,,,http://www.wikidata.org/entity/Q3947,,"('49.88881', '10.87974')"
2081,,49.88799,10.88069,Brauhaus,,D,blue,,,monastery,,Point(10.88069 49.88799),0.597,http://www.wikidata.org/entity/Q41426854,1.0,,,http://www.wikidata.org/entity/Q44613,,"('49.88799', '10.88069')"
2082,,49.88888,10.88018,Am Knöcklein 12,,D,blue,,,house,,Point(10.88018 49.88888),0.566,http://www.wikidata.org/entity/Q41426855,1.0,,,http://www.wikidata.org/entity/Q3947,,"('49.88888', '10.88018')"
2083,,49.88485,10.87587,Altenburger Straße 89,,D,blue,,,cultural heritage ensemble,,Point(10.87587 49.88485),1.087,http://www.wikidata.org/entity/Q41426853,1.0,,,http://www.wikidata.org/entity/Q1516079,,"('49.88485', '10.87587')"
2084,,49.88912,10.87777,Gartenstraße 7,,D,blue,,,villa,,Point(10.87777 49.88912),0.707,http://www.wikidata.org/entity/Q41426860,1.0,,,http://www.wikidata.org/entity/Q3950,,"('49.88912', '10.87777')"
2085,,49.88886,10.88434,Wohnhaus,,D,blue,,,cultural heritage ensemble,,Point(10.88434 49.88886),0.354,http://www.wikidata.org/entity/Q41426861,1.0,,,http://www.wikidata.org/entity/Q1516079,,"('49.88886', '10.88434')"
2086,,49.88862,10.88105,Klosterkirche,,D,blue,,,church building,,Point(10.88105 49.88862),0.532,http://www.wikidata.org/entity/Q41426866,1.0,,,http://www.wikidata.org/entity/Q16970,,"('49.88862', '10.88105')"
2087,,49.88854,10.88214,Brunnen,,D,blue,,,water well,,Point(10.88214 49.88854),0.479,http://www.wikidata.org/entity/Q41426865,1.0,,,http://www.wikidata.org/entity/Q43483,,"('49.88854', '10.88214')"
2088,,49.88635,10.88298,Bürgerhaus,,D,blue,,,house,,Point(10.88298 49.88635),0.647,http://www.wikidata.org/entity/Q41426870,1.0,,,http://www.wikidata.org/entity/Q3947,,"('49.88635', '10.88298')"
2089,,49.88615,10.88322,Gasthaus,,D,blue,,,house,,Point(10.88322 49.88615),0.66,http://www.wikidata.org/entity/Q41426871,1.0,,,http://www.wikidata.org/entity/Q3947,,"('49.88615', '10.88322')"
2090,,49.88829,10.88287,Wohnhaus,,D,blue,,,house,,Point(10.88287 49.88829),0.466,http://www.wikidata.org/entity/Q41426869,1.0,,,http://www.wikidata.org/entity/Q3947,,"('49.88829', '10.88287')"
2091,,49.88358,10.88282,Tropfhaus,,D,blue,,,house,,Point(10.88282 49.88358),0.938,http://www.wikidata.org/entity/Q41426874,1.0,,,http://www.wikidata.org/entity/Q3947,,"('49.88358', '10.88282')"
2092,,49.88436,10.88221,Scheune,,D,blue,,,cultural heritage ensemble,,Point(10.88221 49.88436),0.871,http://www.wikidata.org/entity/Q41426873,1.0,,,http://www.wikidata.org/entity/Q1516079,,"('49.88436', '10.88221')"
2093,,49.88603,10.88232,Gärtnerhaus,,D,blue,,,house,,Point(10.88232 49.88603),0.7,http://www.wikidata.org/entity/Q41426878,1.0,,,http://www.wikidata.org/entity/Q3947,,"('49.88603', '10.88232')"
2094,,49.885946990006,10.882339978895,Wohnhaus,,D,blue,,,house,,Point(10.882339978 49.88594699),0.707,http://www.wikidata.org/entity/Q41426879,1.0,,,http://www.wikidata.org/entity/Q3947,,"('49.885946990006', '10.882339978895')"
2095,,49.88539,10.88266,Wohnhaus,,D,blue,,,house,,Point(10.88266 49.88539),0.753,http://www.wikidata.org/entity/Q41426876,1.0,,,http://www.wikidata.org/entity/Q3947,,"('49.88539', '10.88266')"
2096,,49.88546,10.88242,Wohnhaus,,D,blue,,,house,,Point(10.88242 49.88546),0.753,http://www.wikidata.org/entity/Q41426882,1.0,,,http://www.wikidata.org/entity/Q3947,,"('49.88546', '10.88242')"
2097,,49.88463,10.8823,Kreuz,,D,blue,,,cultural heritage ensemble,,Point(10.8823 49.88463),0.841,http://www.wikidata.org/entity/Q41426883,1.0,,,http://www.wikidata.org/entity/Q1516079,,"('49.88463', '10.8823')"
2098,,49.88947,10.8802,Kapelle,,D,blue,,,chapel,,Point(10.8802 49.88947),0.532,http://www.wikidata.org/entity/Q41426887,1.0,,,http://www.wikidata.org/entity/Q108325,,"('49.88947', '10.8802')"
2099,,49.88931,10.8798,Künstlerhaus,,D,blue,,,house,,Point(10.8798 49.88931),0.566,http://www.wikidata.org/entity/Q41426884,1.0,,,http://www.wikidata.org/entity/Q3947,,"('49.88931', '10.8798')"
2100,,49.89011,10.8795,Tropfhaus,,D,blue,,,house,,Point(10.8795 49.89011),0.552,http://www.wikidata.org/entity/Q41426890,1.0,,,http://www.wikidata.org/entity/Q3947,,"('49.89011', '10.8795')"
2101,,49.89017,10.87917,Bürgerhaus,,D,blue,,,house,,Point(10.87917 49.89017),0.573,http://www.wikidata.org/entity/Q41426891,1.0,,,http://www.wikidata.org/entity/Q3947,,"('49.89017', '10.87917')"
2102,,49.88978,10.88036,Wohnhaus,,D,blue,,,house,,Point(10.88036 49.88978),0.507,http://www.wikidata.org/entity/Q41426888,1.0,,,http://www.wikidata.org/entity/Q3947,,"('49.88978', '10.88036')"
2103,,49.8899,10.88044,Gärtnerhaus,,D,blue,,,house,,Point(10.88044 49.8899),0.497,http://www.wikidata.org/entity/Q41426889,1.0,,,http://www.wikidata.org/entity/Q3947,,"('49.8899', '10.88044')"
2104,,49.89021,10.87893,Maternstraße 45,,D,blue,,,house,,Point(10.87893 49.89021),0.588,http://www.wikidata.org/entity/Q41426894,1.0,,,http://www.wikidata.org/entity/Q3947,,"('49.89021', '10.87893')"
2105,,49.89021,10.87904,Wohnhaus,,D,blue,,,house,,Point(10.87904 49.89021),0.58,http://www.wikidata.org/entity/Q41426893,1.0,,,http://www.wikidata.org/entity/Q3947,,"('49.89021', '10.87904')"
2106,,49.89033,10.87841,Bürgerhaus,,D,blue,,,house,,Point(10.87841 49.89033),0.621,http://www.wikidata.org/entity/Q41426898,1.0,,,http://www.wikidata.org/entity/Q3947,,"('49.89033', '10.87841')"
2107,,49.89028,10.87865,Bürgerhaus,,D,blue,,,house,,Point(10.87865 49.89028),0.605,http://www.wikidata.org/entity/Q41426896,1.0,,,http://www.wikidata.org/entity/Q3947,,"('49.89028', '10.87865')"
2108,,49.8903,10.87856,Wohnhaus,,D,blue,,,house,,Point(10.87856 49.8903),0.611,http://www.wikidata.org/entity/Q41426897,1.0,,,http://www.wikidata.org/entity/Q3947,,"('49.8903', '10.87856')"
2109,,49.88843,10.88209,Wohnhaus,,D,blue,,,house,,Point(10.88209 49.88843),0.491,http://www.wikidata.org/entity/Q41426902,1.0,,,http://www.wikidata.org/entity/Q3947,,"('49.88843', '10.88209')"
2110,,49.88833,10.88206,Wohnhaus,,D,blue,,,house,,Point(10.88206 49.88833),0.5,http://www.wikidata.org/entity/Q41426903,1.0,,,http://www.wikidata.org/entity/Q3947,,"('49.88833', '10.88206')"
2111,,49.88839,10.88235,Wohnhaus,,D,blue,,,Gasthaus,,Point(10.88235 49.88839),0.481,http://www.wikidata.org/entity/Q41426900,1.0,,,http://www.wikidata.org/entity/Q5526694,,"('49.88839', '10.88235')"
2112,,49.88775,10.88219,Heiligenfigur,,D,blue,,,house,,Point(10.88219 49.88775),0.543,http://www.wikidata.org/entity/Q41426907,1.0,,,http://www.wikidata.org/entity/Q3947,,"('49.88775', '10.88219')"
2113,,49.88816,10.882,Bürgerhaus,,D,blue,,,house,,Point(10.882 49.88816),0.517,http://www.wikidata.org/entity/Q41426904,1.0,,,http://www.wikidata.org/entity/Q3947,,"('49.88816', '10.882')"
2114,,49.88805,10.88194,Bürgerhaus,,D,blue,,,house,,Point(10.88194 49.88805),0.529,http://www.wikidata.org/entity/Q41426905,1.0,,,http://www.wikidata.org/entity/Q3947,,"('49.88805', '10.88194')"
2115,,49.8874,10.88244,Bürgerhaus,,D,blue,,,house,,Point(10.88244 49.8874),0.564,http://www.wikidata.org/entity/Q41426910,1.0,,,http://www.wikidata.org/entity/Q3947,,"('49.8874', '10.88244')"
2116,,49.88716,10.88252,Bürgerhaus,,D,blue,,,house,,Point(10.88252 49.88716),0.583,http://www.wikidata.org/entity/Q41426911,1.0,,,http://www.wikidata.org/entity/Q3947,,"('49.88716', '10.88252')"
2117,,49.88767,10.88258,Scheune,,D,blue,,,cultural heritage ensemble,,Point(10.88258 49.88767),0.534,http://www.wikidata.org/entity/Q41426908,1.0,,,http://www.wikidata.org/entity/Q1516079,,"('49.88767', '10.88258')"
2118,,49.88764,10.88233,Scheune,,D,blue,,,house,,Point(10.88233 49.88764),0.547,http://www.wikidata.org/entity/Q41426909,1.0,,,http://www.wikidata.org/entity/Q3947,,"('49.88764', '10.88233')"
2119,,49.88671,10.88268,Wohnhaus,,D,blue,,,house,,Point(10.88268 49.88671),0.621,http://www.wikidata.org/entity/Q41426915,1.0,,,http://www.wikidata.org/entity/Q3947,,"('49.88671', '10.88268')"
2120,,49.88707,10.88213,Bürgerhaus,,D,blue,,,house,,Point(10.88213 49.88707),0.607,http://www.wikidata.org/entity/Q41426912,1.0,,,http://www.wikidata.org/entity/Q3947,,"('49.88707', '10.88213')"
2121,,49.88676,10.88219,Mittlerer Kaulberg 42,,D,blue,,,house,,Point(10.88219 49.88676),0.634,http://www.wikidata.org/entity/Q41426913,1.0,,,http://www.wikidata.org/entity/Q3947,,"('49.88676', '10.88219')"
2122,,49.8865,10.8829,Bürgerhaus,,D,blue,,,house,,Point(10.8829 49.8865),0.634,http://www.wikidata.org/entity/Q41426918,1.0,,,http://www.wikidata.org/entity/Q3947,,"('49.8865', '10.8829')"
2123,,49.88632,10.88233,Bürgerhaus,,D,blue,,,house,,Point(10.88233 49.88632),0.671,http://www.wikidata.org/entity/Q41426917,1.0,,,http://www.wikidata.org/entity/Q3947,,"('49.88632', '10.88233')"
2124,,49.88629,10.88272,Laufbrunnen,,D,blue,,,water well,,Point(10.88272 49.88629),0.661,http://www.wikidata.org/entity/Q41426922,1.0,,,http://www.wikidata.org/entity/Q43483,,"('49.88629', '10.88272')"
2125,,49.88599,10.88299,Cultural heritage D-4-61-000-1093 in Bamberg,,D,blue,,,house,,Point(10.88299 49.88599),0.683,http://www.wikidata.org/entity/Q41426923,1.0,,,http://www.wikidata.org/entity/Q3947,,"('49.88599', '10.88299')"
2126,,49.88616,10.8825,Bildstock,,D,blue,,,cultural heritage ensemble,,Point(10.8825 49.88616),0.681,http://www.wikidata.org/entity/Q41426920,1.0,,,http://www.wikidata.org/entity/Q1516079,,"('49.88616', '10.8825')"
2127,,49.88552,10.88272,Cultural heritage D-4-61-000-1097 in Bamberg,,D,blue,,,house,,Point(10.88272 49.88552),0.738,http://www.wikidata.org/entity/Q41426926,1.0,,,http://www.wikidata.org/entity/Q3947,,"('49.88552', '10.88272')"
2128,,49.88549,10.88274,Cultural heritage D-4-61-000-1098 in Bamberg,,D,blue,,,house,,Point(10.88274 49.88549),0.741,http://www.wikidata.org/entity/Q41426927,1.0,,,http://www.wikidata.org/entity/Q3947,,"('49.88549', '10.88274')"
2129,,49.88591,10.88269,Cultural heritage D-4-61-000-1096 in Bamberg,,D,blue,,,house,,Point(10.88269 49.88591),0.7,http://www.wikidata.org/entity/Q41426924,1.0,,,http://www.wikidata.org/entity/Q3947,,"('49.88591', '10.88269')"
2130,,49.88879,10.88312,Schulplatz 2,,D,blue,,,house,,Point(10.88312 49.88879),0.411,http://www.wikidata.org/entity/Q41426930,1.0,,,http://www.wikidata.org/entity/Q3947,,"('49.88879', '10.88312')"
2131,,49.88504,10.88289,Gasthaus,,D,blue,,,house,,Point(10.88289 49.88504),0.783,http://www.wikidata.org/entity/Q41426928,1.0,,,http://www.wikidata.org/entity/Q3947,,"('49.88504', '10.88289')"
2132,,49.88896,10.88327,Schulplatzbrunnen (Bamberg),,D,blue,,,water well,,Point(10.88327 49.88896),0.39,http://www.wikidata.org/entity/Q41426929,1.0,,,http://www.wikidata.org/entity/Q43483,,"('49.88896', '10.88327')"
2133,,49.88865,10.88372,Schulplatz 5; Untere Seelgasse 8,,D,blue,,,cultural heritage ensemble,,Point(10.88372 49.88865),0.398,http://www.wikidata.org/entity/Q41426935,1.0,,,http://www.wikidata.org/entity/Q1516079,,"('49.88865', '10.88372')"
2134,,49.88869,10.88326,Schulplatz 3,,D,blue,,,house,,Point(10.88326 49.88869),0.414,http://www.wikidata.org/entity/Q41426932,1.0,,,http://www.wikidata.org/entity/Q3947,,"('49.88869', '10.88326')"
2135,,49.88861,10.88335,Schulplatz 4,,D,blue,,,house,,Point(10.88335 49.88861),0.417,http://www.wikidata.org/entity/Q41426933,1.0,,,http://www.wikidata.org/entity/Q3947,,"('49.88861', '10.88335')"
2136,,49.88901,10.87921,Sutte 1,,D,blue,,,house,,Point(10.87921 49.88901),0.619,http://www.wikidata.org/entity/Q41426938,1.0,,,http://www.wikidata.org/entity/Q3947,,"('49.88901', '10.87921')"
2137,,49.8888,10.88389,Schulplatz 6,,D,blue,,,house,,Point(10.88389 49.8888),0.377,http://www.wikidata.org/entity/Q41426936,1.0,,,http://www.wikidata.org/entity/Q3947,,"('49.8888', '10.88389')"
2138,,49.88934,10.87892,Sutte 7 (Bamberg),,D,blue,,,house,,Point(10.87892 49.88934),0.621,http://www.wikidata.org/entity/Q41426943,1.0,,,http://www.wikidata.org/entity/Q3947,,"('49.88934', '10.87892')"
2139,,49.88929,10.87928,Sutte 2,,D,blue,,,house,,Point(10.87928 49.88929),0.6,http://www.wikidata.org/entity/Q41426940,1.0,,,http://www.wikidata.org/entity/Q3947,,"('49.88929', '10.87928')"
2140,,49.88941,10.8792,Sutte 6,,D,blue,,,house,,Point(10.8792 49.88941),0.6,http://www.wikidata.org/entity/Q41426941,1.0,,,http://www.wikidata.org/entity/Q3947,,"('49.88941', '10.8792')"
2141,,49.88955,10.87878,Cultural heritage D-4-61-000-613 in Bamberg,,D,blue,,,house,,Point(10.87878 49.88955),0.621,http://www.wikidata.org/entity/Q41426946,1.0,,,http://www.wikidata.org/entity/Q3947,,"('49.88955', '10.87878')"
2142,,49.88942,10.87883,Sutte 9,,D,blue,,,house,,Point(10.87883 49.88942),0.624,http://www.wikidata.org/entity/Q41426944,1.0,,,http://www.wikidata.org/entity/Q3947,,"('49.88942', '10.87883')"
2143,,49.8897,10.87866,Cultural heritage D-4-61-000-616 in Bamberg,,D,blue,,,house,,Point(10.87866 49.8897),0.624,http://www.wikidata.org/entity/Q41426951,1.0,,,http://www.wikidata.org/entity/Q3947,,"('49.8897', '10.87866')"
2144,,49.88975,10.87887,Cultural heritage D-4-61-000-614 in Bamberg,,D,blue,,,house,,Point(10.87887 49.88975),0.608,http://www.wikidata.org/entity/Q41426948,1.0,,,http://www.wikidata.org/entity/Q3947,,"('49.88975', '10.87887')"
2145,,49.88962,10.87873,Cultural heritage D-4-61-000-615 in Bamberg,,D,blue,,,house,,Point(10.87873 49.88962),0.622,http://www.wikidata.org/entity/Q41426949,1.0,,,http://www.wikidata.org/entity/Q3947,,"('49.88962', '10.87873')"
2146,,49.88976,10.87866,Heiligenfigur,,D,blue,,,house,,Point(10.87866 49.88976),0.621,http://www.wikidata.org/entity/Q41426954,1.0,,,http://www.wikidata.org/entity/Q3947,,"('49.88976', '10.87866')"
2147,,49.88995,10.87871,Cultural heritage D-4-61-000-618 in Bamberg,,D,blue,,,cultural heritage ensemble,,Point(10.87871 49.88995),0.611,http://www.wikidata.org/entity/Q41426955,1.0,,,http://www.wikidata.org/entity/Q1516079,,"('49.88995', '10.87871')"
2148,,49.88992,10.8788,Sutte 18,,D,blue,,,house,,Point(10.8788 49.88992),0.606,http://www.wikidata.org/entity/Q41426952,1.0,,,http://www.wikidata.org/entity/Q3947,,"('49.88992', '10.8788')"
2149,,49.89013,10.87751,Cultural heritage D-4-61-000-620 in Bamberg,,D,blue,,,house,,Point(10.87751 49.89013),0.689,http://www.wikidata.org/entity/Q41426958,1.0,,,http://www.wikidata.org/entity/Q3947,,"('49.89013', '10.87751')"
2150,,49.89015,10.87743,Doppelhaushälfte,,D,blue,,,house,,Point(10.87743 49.89015),0.694,http://www.wikidata.org/entity/Q41426959,1.0,,,http://www.wikidata.org/entity/Q3947,,"('49.89015', '10.87743')"
2151,,49.89024,10.8784,Cultural heritage D-4-61-000-619 in Bamberg,,D,blue,,,house,,Point(10.8784 49.89024),0.624,http://www.wikidata.org/entity/Q41426956,1.0,,,http://www.wikidata.org/entity/Q3947,,"('49.89024', '10.8784')"
2152,,49.88999,10.878,Sutte 31a,,D,blue,,,house,,Point(10.878 49.88999),0.659,http://www.wikidata.org/entity/Q41426957,1.0,,,http://www.wikidata.org/entity/Q3947,,"('49.88999', '10.878')"
2153,,49.88627,10.87169,"Teufelsgraben, Zwei Brunnenhäuschen",,D,blue,,,water well,,Point(10.87169 49.88627),1.237,http://www.wikidata.org/entity/Q41426962,1.0,,,http://www.wikidata.org/entity/Q43483,,"('49.88627', '10.87169')"
2154,,49.88918,10.88308,Mädchenschule,,D,blue,,,house,,Point(10.88308 49.88918),0.381,http://www.wikidata.org/entity/Q41426963,1.0,,,http://www.wikidata.org/entity/Q3947,,"('49.88918', '10.88308')"
2155,,49.88754,10.87516,Gartenhaus,,D,blue,,,cultural heritage ensemble,,Point(10.87516 49.88754),0.951,http://www.wikidata.org/entity/Q41426960,1.0,,,http://www.wikidata.org/entity/Q1516079,,"('49.88754', '10.87516')"
2156,,49.8889,10.88267,Färberei,,D,blue,,,house,,Point(10.88267 49.8889),0.424,http://www.wikidata.org/entity/Q41426967,1.0,,,http://www.wikidata.org/entity/Q3947,,"('49.8889', '10.88267')"
2157,,49.8891,10.88307,Cultural heritage D-4-61-000-673 in Bamberg,,D,blue,,,house,,Point(10.88307 49.8891),0.388,http://www.wikidata.org/entity/Q41426964,1.0,,,http://www.wikidata.org/entity/Q3947,,"('49.8891', '10.88307')"
2158,,49.88901,10.88285,Waisenhaus,,D,blue,,,house,,Point(10.88285 49.88901),0.406,http://www.wikidata.org/entity/Q41426965,1.0,,,http://www.wikidata.org/entity/Q3947,,"('49.88901', '10.88285')"
2159,,49.88881,10.88243,Gasthaus,,D,blue,,,monastery,,Point(10.88243 49.88881),0.443,http://www.wikidata.org/entity/Q41426970,1.0,,,http://www.wikidata.org/entity/Q44613,,"('49.88881', '10.88243')"
2160,,49.8889,10.88247,Wohn- und Geschäftshaus,,D,blue,,,house,,Point(10.88247 49.8889),0.434,http://www.wikidata.org/entity/Q41426969,1.0,,,http://www.wikidata.org/entity/Q3947,,"('49.8889', '10.88247')"
2161,,49.88377,10.88239,"Laurenziplatz, Brunnen",,D,blue,,,water well,,Point(10.88239 49.88377),0.928,http://www.wikidata.org/entity/Q41426974,1.0,,,http://www.wikidata.org/entity/Q43483,,"('49.88377', '10.88239')"
2162,,49.88313,10.88268,Wegkreuz,,D,blue,,,cultural heritage ensemble,,Point(10.88268 49.88313),0.988,http://www.wikidata.org/entity/Q41426975,1.0,,,http://www.wikidata.org/entity/Q1516079,,"('49.88313', '10.88268')"
2163,,49.88877,10.88225,Bäckerei,,D,blue,,,cultural heritage ensemble,,Point(10.88225 49.88877),0.456,http://www.wikidata.org/entity/Q41426972,1.0,,,http://www.wikidata.org/entity/Q1516079,,"('49.88877', '10.88225')"
2164,,49.87505,10.88322,Marter,,D,blue,,,cultural heritage ensemble,,Point(10.88322 49.87505),1.859,http://www.wikidata.org/entity/Q41426978,1.0,,,http://www.wikidata.org/entity/Q1516079,,"('49.87505', '10.88322')"
2165,,49.87875,10.88405,Marter,,D,blue,,,cultural heritage ensemble,,Point(10.88405 49.87875),1.443,http://www.wikidata.org/entity/Q41426979,1.0,,,http://www.wikidata.org/entity/Q1516079,,"('49.87875', '10.88405')"
2166,,49.87953,10.88377,Marter,,D,blue,,,cultural heritage ensemble,,Point(10.88377 49.87953),1.361,http://www.wikidata.org/entity/Q41426976,1.0,,,http://www.wikidata.org/entity/Q1516079,,"('49.87953', '10.88377')"
2167,,49.87806,10.8843,Kreuzigungsgruppe,,D,blue,,,cultural heritage ensemble,,Point(10.8843 49.87806),1.517,http://www.wikidata.org/entity/Q41426982,1.0,,,http://www.wikidata.org/entity/Q1516079,,"('49.87806', '10.8843')"
2168,,49.87884,10.88403,Marter,,D,blue,,,cultural heritage ensemble,,Point(10.88403 49.87884),1.434,http://www.wikidata.org/entity/Q41426981,1.0,,,http://www.wikidata.org/entity/Q1516079,,"('49.87884', '10.88403')"
2169,,49.88689,10.88752,Handwerkerhaus,,D,blue,,,house,,Point(10.88752 49.88689),0.526,http://www.wikidata.org/entity/Q41426986,1.0,,,http://www.wikidata.org/entity/Q3947,,"('49.88689', '10.88752')"
2170,,49.88689,10.8878,Tropfhaus,,D,blue,,,house,,Point(10.8878 49.88689),0.529,http://www.wikidata.org/entity/Q41426987,1.0,,,http://www.wikidata.org/entity/Q3947,,"('49.88689', '10.8878')"
2171,,49.88709,10.88735,Wohnhaus,,D,blue,,,house,,Point(10.88735 49.88709),0.503,http://www.wikidata.org/entity/Q41426985,1.0,,,http://www.wikidata.org/entity/Q3947,,"('49.88709', '10.88735')"
2172,,49.88703,10.88856,Alter Graben 18a,,D,blue,,,cultural heritage ensemble,,Point(10.88856 49.88703),0.523,http://www.wikidata.org/entity/Q41426990,1.0,,,http://www.wikidata.org/entity/Q1516079,,"('49.88703', '10.88856')"
2173,,49.88661,10.88953,Gartenhaus,,D,blue,,,house,,Point(10.88953 49.88661),0.588,http://www.wikidata.org/entity/Q41426991,1.0,,,http://www.wikidata.org/entity/Q3947,,"('49.88661', '10.88953')"
2174,,49.88864,10.88755,Heiligenfigur,,D,blue,,,house,,Point(10.88755 49.88864),0.333,http://www.wikidata.org/entity/Q41426994,1.0,,,http://www.wikidata.org/entity/Q3947,,"('49.88864', '10.88755')"
2175,,49.88847,10.88754,Wohnhaus,,D,blue,,,house,,Point(10.88754 49.88847),0.352,http://www.wikidata.org/entity/Q41426995,1.0,,,http://www.wikidata.org/entity/Q3947,,"('49.88847', '10.88754')"
2176,,49.88814,10.88813,Doppelhaus,,D,blue,,,cultural heritage ensemble,,Point(10.88813 49.88814),0.396,http://www.wikidata.org/entity/Q41426999,1.0,,,http://www.wikidata.org/entity/Q1516079,,"('49.88814', '10.88813')"
2177,,49.88848,10.88787,Handwerkerhaus,,D,blue,,,house,,Point(10.88787 49.88848),0.355,http://www.wikidata.org/entity/Q41426996,1.0,,,http://www.wikidata.org/entity/Q3947,,"('49.88848', '10.88787')"
2178,,49.8884,10.888,Wohnhaus,,D,blue,,,house,,Point(10.888 49.8884),0.366,http://www.wikidata.org/entity/Q41426997,1.0,,,http://www.wikidata.org/entity/Q3947,,"('49.8884', '10.888')"
2179,,49.88883,10.88547,Eisgrube 7,,D,blue,,,house,,Point(10.88547 49.88883),0.324,http://www.wikidata.org/entity/Q41427002,1.0,,,http://www.wikidata.org/entity/Q3947,,"('49.88883', '10.88547')"
2180,,49.88886,10.88507,Eisgrube 8,,D,blue,,,cultural heritage ensemble,,Point(10.88507 49.88886),0.331,http://www.wikidata.org/entity/Q41427003,1.0,,,http://www.wikidata.org/entity/Q1516079,,"('49.88886', '10.88507')"
2181,,49.88898,10.88518,Eisgrube 5,,D,blue,,,house,,Point(10.88518 49.88898),0.315,http://www.wikidata.org/entity/Q41427001,1.0,,,http://www.wikidata.org/entity/Q3947,,"('49.88898', '10.88518')"
2182,,49.88881,10.88521,Eisgrube 10 (Bamberg),,D,blue,,,house,,Point(10.88521 49.88881),0.332,http://www.wikidata.org/entity/Q41427006,1.0,,,http://www.wikidata.org/entity/Q3947,,"('49.88881', '10.88521')"
2183,,49.88845,10.88548,Eisgrube 16,,D,blue,,,cultural heritage ensemble,,Point(10.88548 49.88845),0.364,http://www.wikidata.org/entity/Q41427010,1.0,,,http://www.wikidata.org/entity/Q1516079,,"('49.88845', '10.88548')"
2184,,49.88812,10.88563,Eisgrube 18,,D,blue,,,cultural heritage ensemble,,Point(10.88563 49.88812),0.397,http://www.wikidata.org/entity/Q41427011,1.0,,,http://www.wikidata.org/entity/Q1516079,,"('49.88812', '10.88563')"
2185,,49.88875,10.88528,Eisgrube 12,,D,blue,,,house,,Point(10.88528 49.88875),0.337,http://www.wikidata.org/entity/Q41427008,1.0,,,http://www.wikidata.org/entity/Q3947,,"('49.88875', '10.88528')"
2186,,49.88862,10.88535,Eisgrube 14,,D,blue,,,cultural heritage ensemble,,Point(10.88535 49.88862),0.349,http://www.wikidata.org/entity/Q41427009,1.0,,,http://www.wikidata.org/entity/Q1516079,,"('49.88862', '10.88535')"
2187,,49.88805,10.8858,"Eisgrube 20, 20a",,D,blue,,,cultural heritage ensemble,,Point(10.8858 49.88805),0.402,http://www.wikidata.org/entity/Q41427012,1.0,,,http://www.wikidata.org/entity/Q1516079,,"('49.88805', '10.8858')"
2188,,49.88852,10.88458,Wohnhaus,,D,blue,,,house,,Point(10.88458 49.88852),0.379,http://www.wikidata.org/entity/Q41427013,1.0,,,http://www.wikidata.org/entity/Q3947,,"('49.88852', '10.88458')"
2189,,49.88877,10.88461,Wohnhaus,,D,blue,,,house,,Point(10.88461 49.88877),0.354,http://www.wikidata.org/entity/Q41427016,1.0,,,http://www.wikidata.org/entity/Q3947,,"('49.88877', '10.88461')"
2190,,49.88872,10.88468,Wohnhaus,,D,blue,,,house,,Point(10.88468 49.88872),0.356,http://www.wikidata.org/entity/Q41427017,1.0,,,http://www.wikidata.org/entity/Q3947,,"('49.88872', '10.88468')"
2191,,49.88912,10.88647,Wohnhaus,,D,blue,,,house,,Point(10.88647 49.88912),0.278,http://www.wikidata.org/entity/Q41427023,1.0,,,http://www.wikidata.org/entity/Q3947,,"('49.88912', '10.88647')"
2192,,49.889302004371,10.885825262445,Adelspalast,,D,blue,,,cultural heritage ensemble,,Point(10.885825262 49.889302004),0.266,http://www.wikidata.org/entity/Q41427020,1.0,,,http://www.wikidata.org/entity/Q1516079,,"('49.889302004371', '10.885825262445')"
2193,,49.88626,10.88339,Kleinhaus,,D,blue,,,house,,Point(10.88339 49.88626),0.644,http://www.wikidata.org/entity/Q41427026,1.0,,,http://www.wikidata.org/entity/Q3947,,"('49.88626', '10.88339')"
2194,,49.88853,10.88708,Felsenkeller,,D,blue,,,cultural heritage ensemble,,Point(10.88708 49.88853),0.342,http://www.wikidata.org/entity/Q41427030,1.0,,,http://www.wikidata.org/entity/Q1516079,,"('49.88853', '10.88708')"
2195,,49.8881,10.88728,Baudenkmal,,D,blue,,,house,,Point(10.88728 49.8881),0.391,http://www.wikidata.org/entity/Q41427031,1.0,,,http://www.wikidata.org/entity/Q3947,,"('49.8881', '10.88728')"
2196,,49.88756,10.88497,Gartentor,,D,blue,,,cultural heritage ensemble,,Point(10.88497 49.88756),0.469,http://www.wikidata.org/entity/Q41427029,1.0,,,http://www.wikidata.org/entity/Q1516079,,"('49.88756', '10.88497')"
2197,,49.88772,10.88739,Domherrenhof,,D,blue,,,cultural heritage ensemble,,Point(10.88739 49.88772),0.434,http://www.wikidata.org/entity/Q41427035,1.0,,,http://www.wikidata.org/entity/Q1516079,,"('49.88772', '10.88739')"
2198,,49.88779,10.88676,Domherrenhof,,D,blue,,,cultural heritage ensemble,,Point(10.88676 49.88779),0.424,http://www.wikidata.org/entity/Q41427033,1.0,,,http://www.wikidata.org/entity/Q1516079,,"('49.88779', '10.88676')"
2199,,49.88749,10.88695,Domherrenhof,,D,blue,,,cultural heritage ensemble,,Point(10.88695 49.88749),0.458,http://www.wikidata.org/entity/Q41427038,1.0,,,http://www.wikidata.org/entity/Q1516079,,"('49.88749', '10.88695')"
2200,,49.88748,10.88759,Domherrenhof,,D,blue,,,cultural heritage ensemble,,Point(10.88759 49.88748),0.462,http://www.wikidata.org/entity/Q41427039,1.0,,,http://www.wikidata.org/entity/Q1516079,,"('49.88748', '10.88759')"
2201,,49.88826,10.88798,Baudenkmal,,D,blue,,,cultural heritage ensemble,,Point(10.88798 49.88826),0.381,http://www.wikidata.org/entity/Q41427037,1.0,,,http://www.wikidata.org/entity/Q1516079,,"('49.88826', '10.88798')"
2202,,49.88675,10.88732,Wohnhaus,,D,blue,,,house,,Point(10.88732 49.88675),0.541,http://www.wikidata.org/entity/Q41427042,1.0,,,http://www.wikidata.org/entity/Q3947,,"('49.88675', '10.88732')"
2203,,49.88659,10.88722,Wohnhaus,,D,blue,,,house,,Point(10.88722 49.88659),0.558,http://www.wikidata.org/entity/Q41427043,1.0,,,http://www.wikidata.org/entity/Q3947,,"('49.88659', '10.88722')"
2204,,49.88729,10.88758,Kapelle,,D,blue,,,chapel,,Point(10.88758 49.88729),0.483,http://www.wikidata.org/entity/Q41427040,1.0,,,http://www.wikidata.org/entity/Q108325,,"('49.88729', '10.88758')"
2205,,49.88686,10.88733,Gasthaus,,D,blue,,,Gasthaus,,Point(10.88733 49.88686),0.529,http://www.wikidata.org/entity/Q41427041,1.0,,,http://www.wikidata.org/entity/Q5526694,,"('49.88686', '10.88733')"
2206,,49.88594,10.88661,Kellerhaus,,D,blue,,,cultural heritage ensemble,,Point(10.88661 49.88594),0.63,http://www.wikidata.org/entity/Q41427047,1.0,,,http://www.wikidata.org/entity/Q1516079,,"('49.88594', '10.88661')"
2207,,49.88617,10.88674,Wohnhaus,,D,blue,,,house,,Point(10.88674 49.88617),0.604,http://www.wikidata.org/entity/Q41427045,1.0,,,http://www.wikidata.org/entity/Q3947,,"('49.88617', '10.88674')"
2208,,49.88565,10.88655,Cultural heritage D-4-61-000-1116 in Bamberg,,D,blue,,,house,,Point(10.88655 49.88565),0.662,http://www.wikidata.org/entity/Q41427051,1.0,,,http://www.wikidata.org/entity/Q3947,,"('49.88565', '10.88655')"
2209,,49.88585,10.88661,Kellerhaus,,D,blue,,,house,,Point(10.88661 49.88585),0.64,http://www.wikidata.org/entity/Q41427048,1.0,,,http://www.wikidata.org/entity/Q3947,,"('49.88585', '10.88661')"
2210,,49.8862,10.88706,Wohnhaus,,D,blue,,,house,,Point(10.88706 49.8862),0.601,http://www.wikidata.org/entity/Q41427049,1.0,,,http://www.wikidata.org/entity/Q3947,,"('49.8862', '10.88706')"
2211,,49.88555,10.88638,Kellerhaus,,D,blue,,,Gasthaus,,Point(10.88638 49.88555),0.674,http://www.wikidata.org/entity/Q41427054,1.0,,,http://www.wikidata.org/entity/Q5526694,,"('49.88555', '10.88638')"
2212,,49.88603,10.88698,Kellerhaus,,D,blue,,,house,,Point(10.88698 49.88603),0.62,http://www.wikidata.org/entity/Q41427052,1.0,,,http://www.wikidata.org/entity/Q3947,,"('49.88603', '10.88698')"
2213,,49.8856,10.88672,Cultural heritage D-4-61-000-1120 in Bamberg,,D,blue,,,house,,Point(10.88672 49.8856),0.668,http://www.wikidata.org/entity/Q41427059,1.0,,,http://www.wikidata.org/entity/Q3947,,"('49.8856', '10.88672')"
2214,,49.885167284599,10.886369895213,Brauerei,,D,blue,,,cultural heritage ensemble,,Point(10.886369895 49.885167284),0.717,http://www.wikidata.org/entity/Q41427056,1.0,,,http://www.wikidata.org/entity/Q1516079,,"('49.885167284599', '10.886369895213')"
2215,,49.8857,10.88671,Pumpbrunnen,,D,blue,,,water well,,Point(10.88671 49.8857),0.657,http://www.wikidata.org/entity/Q41427057,1.0,,,http://www.wikidata.org/entity/Q43483,,"('49.8857', '10.88671')"
2216,,49.88346,10.88572,Villa,,D,blue,,,villa,,Point(10.88572 49.88346),0.909,http://www.wikidata.org/entity/Q41427062,1.0,,,http://www.wikidata.org/entity/Q3950,,"('49.88346', '10.88572')"
2217,,49.88551,10.88668,Kellerhaus,,D,blue,,,house,,Point(10.88668 49.88551),0.678,http://www.wikidata.org/entity/Q41427060,1.0,,,http://www.wikidata.org/entity/Q3947,,"('49.88551', '10.88668')"
2218,,49.88367,10.8862,Cultural heritage D-4-61-000-1123 in Bamberg,,D,blue,,,cultural heritage ensemble,,Point(10.8862 49.88367),0.883,http://www.wikidata.org/entity/Q41427061,1.0,,,http://www.wikidata.org/entity/Q1516079,,"('49.88367', '10.8862')"
2219,,49.88218,10.88593,Waisenhaus,,D,blue,,,cultural heritage ensemble,,Point(10.88593 49.88218),1.05,http://www.wikidata.org/entity/Q41427066,1.0,,,http://www.wikidata.org/entity/Q1516079,,"('49.88218', '10.88593')"
2220,,49.88544,10.88666,Kellerhaus,,D,blue,,,house,,Point(10.88666 49.88544),0.686,http://www.wikidata.org/entity/Q41427064,1.0,,,http://www.wikidata.org/entity/Q3947,,"('49.88544', '10.88666')"
2221,,49.88496,10.88659,Kellerhaus,,D,blue,,,cultural heritage ensemble,,Point(10.88659 49.88496),0.739,http://www.wikidata.org/entity/Q41427071,1.0,,,http://www.wikidata.org/entity/Q1516079,,"('49.88496', '10.88659')"
2222,,49.8853,10.8866,Kellerhaus,,D,blue,,,cultural heritage ensemble,,Point(10.8866 49.8853),0.701,http://www.wikidata.org/entity/Q41427068,1.0,,,http://www.wikidata.org/entity/Q1516079,,"('49.8853', '10.8866')"
2223,,49.884838590713,10.886570510056,Kellerhaus,,D,blue,,,cultural heritage ensemble,,Point(10.88657051 49.88483859),0.753,http://www.wikidata.org/entity/Q41427069,1.0,,,http://www.wikidata.org/entity/Q1516079,,"('49.884838590713', '10.886570510056')"
2224,,49.88867,10.88761,Riegelhofgasse 2,,D,blue,,,house,,Point(10.88761 49.88867),0.331,http://www.wikidata.org/entity/Q41427074,1.0,,,http://www.wikidata.org/entity/Q3947,,"('49.88867', '10.88761')"
2225,,49.88873,10.88773,Riegelhofgasse 6,,D,blue,,,house,,Point(10.88773 49.88873),0.326,http://www.wikidata.org/entity/Q41427075,1.0,,,http://www.wikidata.org/entity/Q3947,,"('49.88873', '10.88773')"
2226,,49.88334,10.88655,Former cemetery St. Stephan,,D,blue,,,cultural heritage ensemble,,Point(10.88655 49.88334),0.919,http://www.wikidata.org/entity/Q41427073,1.0,,,http://www.wikidata.org/entity/Q1516079,,"('49.88334', '10.88655')"
2227,,49.88883,10.88796,Riegelhofgasse 12,,D,blue,,,house,,Point(10.88796 49.88883),0.319,http://www.wikidata.org/entity/Q41427078,1.0,,,http://www.wikidata.org/entity/Q3947,,"('49.88883', '10.88796')"
2228,,49.88879,10.88788,Riegelhofgasse 10,,D,blue,,,house,,Point(10.88788 49.88879),0.322,http://www.wikidata.org/entity/Q41427077,1.0,,,http://www.wikidata.org/entity/Q3947,,"('49.88879', '10.88788')"
2229,,49.8824,10.88729,Schellenbergerstraße 3,,D,blue,,,cultural heritage ensemble,,Point(10.88729 49.8824),1.024,http://www.wikidata.org/entity/Q41427082,1.0,,,http://www.wikidata.org/entity/Q1516079,,"('49.8824', '10.88729')"
2230,,49.87994,10.89023,Schellenbergerstraße 39,,D,blue,,,house,,Point(10.89023 49.87994),1.319,http://www.wikidata.org/entity/Q41427083,1.0,,,http://www.wikidata.org/entity/Q3947,,"('49.87994', '10.89023')"
2231,,49.88265,10.88644,Schellenbergerstraße 1,,D,blue,,,cultural heritage ensemble,,Point(10.88644 49.88265),0.996,http://www.wikidata.org/entity/Q41427080,1.0,,,http://www.wikidata.org/entity/Q1516079,,"('49.88265', '10.88644')"
2232,,49.88891,10.88611,Stephansplatz 1,,D,blue,,,cultural heritage ensemble,,Point(10.88611 49.88891),0.304,http://www.wikidata.org/entity/Q41427087,1.0,,,http://www.wikidata.org/entity/Q1516079,,"('49.88891', '10.88611')"
2233,,49.88002,10.89053,Schellenbergerstraße 41,,D,blue,,,house,,Point(10.89053 49.88002),1.315,http://www.wikidata.org/entity/Q41427084,1.0,,,http://www.wikidata.org/entity/Q3947,,"('49.88002', '10.89053')"
2234,,49.88871,10.88568,Stephansplatz 2,,D,blue,,,house,,Point(10.88568 49.88871),0.333,http://www.wikidata.org/entity/Q41427088,1.0,,,http://www.wikidata.org/entity/Q3947,,"('49.88871', '10.88568')"
2235,,49.88847,10.88426,Cultural heritage D-4-61-000-707 in Bamberg,,D,blue,,,house,,Point(10.88426 49.88847),0.395,http://www.wikidata.org/entity/Q41427094,1.0,,,http://www.wikidata.org/entity/Q3947,,"('49.88847', '10.88426')"
2236,,49.88902,10.88661,Cultural heritage D-4-61-000-679 in Bamberg,,D,blue,,,house,,Point(10.88661 49.88902),0.288,http://www.wikidata.org/entity/Q41427095,1.0,,,http://www.wikidata.org/entity/Q3947,,"('49.88902', '10.88661')"
2237,,49.88505,10.88909,Sternwartstraße 5,,D,blue,,,villa,,Point(10.88909 49.88505),0.746,http://www.wikidata.org/entity/Q41427092,1.0,,,http://www.wikidata.org/entity/Q3950,,"('49.88505', '10.88909')"
2238,,49.88892,10.88667,Unterer Stephansberg 2,,D,blue,,,house,,Point(10.88667 49.88892),0.299,http://www.wikidata.org/entity/Q41427097,1.0,,,http://www.wikidata.org/entity/Q3947,,"('49.88892', '10.88667')"
2239,,49.88877,10.88688,Cultural heritage D-4-61-000-681 in Bamberg,,D,blue,,,cultural heritage ensemble,,Point(10.88688 49.88877),0.315,http://www.wikidata.org/entity/Q41427100,1.0,,,http://www.wikidata.org/entity/Q1516079,,"('49.88877', '10.88688')"
2240,,49.88855,10.88732,Pfründehaus,,D,blue,,,house,,Point(10.88732 49.88855),0.341,http://www.wikidata.org/entity/Q41427101,1.0,,,http://www.wikidata.org/entity/Q3947,,"('49.88855', '10.88732')"
2241,,49.893384849305,10.875405470569,Klosterökonomie,,D,blue,,,cultural heritage ensemble,,Point(10.87540547 49.893384849),0.843,http://www.wikidata.org/entity/Q41427106,1.0,,,http://www.wikidata.org/entity/Q1516079,,"('49.893384849305', '10.875405470569')"
2242,,49.89626,10.87358,Abtsberg 13,,D,blue,,,villa,,Point(10.87358 49.89626),1.082,http://www.wikidata.org/entity/Q41427113,1.0,,,http://www.wikidata.org/entity/Q3950,,"('49.89626', '10.87358')"
2243,,49.89597,10.87633,Wohnhaus,,D,blue,,,house,,Point(10.87633 49.89597),0.896,http://www.wikidata.org/entity/Q41427119,1.0,,,http://www.wikidata.org/entity/Q3947,,"('49.89597', '10.87633')"
2244,,49.89208,10.87866,Internat,,D,blue,,,cultural heritage ensemble,,Point(10.87866 49.89208),0.589,http://www.wikidata.org/entity/Q41427117,1.0,,,http://www.wikidata.org/entity/Q1516079,,"('49.89208', '10.87866')"
2245,,49.89373,10.87545,Maienbrunnen 34 (Bamberg),,D,blue,,,cultural heritage ensemble,,Point(10.87545 49.89373),0.85,http://www.wikidata.org/entity/Q41427123,1.0,,,http://www.wikidata.org/entity/Q1516079,,"('49.89373', '10.87545')"
2246,,49.89573,10.87635,Wohnhaus,,D,blue,,,house,,Point(10.87635 49.89573),0.881,http://www.wikidata.org/entity/Q41427120,1.0,,,http://www.wikidata.org/entity/Q3947,,"('49.89573', '10.87635')"
2247,,49.89553,10.87775,Brunnen,,D,blue,,,water well,,Point(10.87775 49.89553),0.784,http://www.wikidata.org/entity/Q41427126,1.0,,,http://www.wikidata.org/entity/Q43483,,"('49.89553', '10.87775')"
2248,,49.89294,10.87552,Wohnhaus,,D,blue,,,house,,Point(10.87552 49.89294),0.825,http://www.wikidata.org/entity/Q41427127,1.0,,,http://www.wikidata.org/entity/Q3947,,"('49.89294', '10.87552')"
2249,,49.89425,10.87647,Brunnenfigur,,D,blue,,,water well,,Point(10.87647 49.89425),0.799,http://www.wikidata.org/entity/Q41427124,1.0,,,http://www.wikidata.org/entity/Q43483,,"('49.89425', '10.87647')"
2250,,49.89392,10.87471,Ottobrunnen 1 (Bamberg),,D,blue,,,cultural heritage ensemble,,Point(10.87471 49.89392),0.907,http://www.wikidata.org/entity/Q41427130,1.0,,,http://www.wikidata.org/entity/Q1516079,,"('49.89392', '10.87471')"
2251,,49.89443,10.87099,Brunnenhäuschen,,D,blue,,,water well,,Point(10.87099 49.89443),1.179,http://www.wikidata.org/entity/Q41427129,1.0,,,http://www.wikidata.org/entity/Q43483,,"('49.89443', '10.87099')"
2252,,49.892400319002,10.881717628334,Berufsschule,,D,blue,,,cultural heritage ensemble,,Point(10.881717628 49.892400319),0.378,http://www.wikidata.org/entity/Q41427132,1.0,,,http://www.wikidata.org/entity/Q1516079,,"('49.892400319002', '10.881717628334')"
2253,,49.89242,10.88179,Heiligenfigur,,D,blue,,,heritage site,,Point(10.88179 49.89242),0.373,http://www.wikidata.org/entity/Q41427133,1.0,,,http://www.wikidata.org/entity/Q358,,"('49.89242', '10.88179')"
2254,,49.89295,10.87186,Sankt-Getreu-Straße 18,,D,blue,,,cultural heritage ensemble,,Point(10.87186 49.89295),1.084,http://www.wikidata.org/entity/Q41427139,1.0,,,http://www.wikidata.org/entity/Q1516079,,"('49.89295', '10.87186')"
2255,,49.89282,10.87373,Sankt-Getreu-Straße 3,,D,blue,,,villa,,Point(10.87373 49.89282),0.949,http://www.wikidata.org/entity/Q41427136,1.0,,,http://www.wikidata.org/entity/Q3950,,"('49.89282', '10.87373')"
2256,,49.89144,10.87103,Villa Remeis (Bamberg),,D,blue,,,villa,,Point(10.87103 49.89144),1.133,http://www.wikidata.org/entity/Q41427137,1.0,,,http://www.wikidata.org/entity/Q3950,,"('49.89144', '10.87103')"
2257,,49.89754,10.87529,Schweinfurter Straße 5,,D,blue,,,villa,,Point(10.87529 49.89754),1.059,http://www.wikidata.org/entity/Q41427143,1.0,,,http://www.wikidata.org/entity/Q3950,,"('49.89754', '10.87529')"
2258,,49.88867,10.86485,Sankt-Getreu-Straße 41,,D,blue,,,villa,,Point(10.86485 49.88867),1.609,http://www.wikidata.org/entity/Q41427140,1.0,,,http://www.wikidata.org/entity/Q3950,,"('49.88867', '10.86485')"
2259,,49.89683,10.87651,Rotenhansche Marter,,D,blue,,,cultural heritage ensemble,,Point(10.87651 49.89683),0.941,http://www.wikidata.org/entity/Q41427141,1.0,,,http://www.wikidata.org/entity/Q1516079,,"('49.89683', '10.87651')"
2260,,49.89265,10.87567,Storchsgasse 1 (Bamberg),,D,blue,,,house,,Point(10.87567 49.89265),0.809,http://www.wikidata.org/entity/Q41427146,1.0,,,http://www.wikidata.org/entity/Q3947,,"('49.89265', '10.87567')"
2261,,49.89791,10.87469,Schweinfurter Straße 7,,D,blue,,,villa,,Point(10.87469 49.89791),1.118,http://www.wikidata.org/entity/Q41427145,1.0,,,http://www.wikidata.org/entity/Q3950,,"('49.89791', '10.87469')"
2262,,49.89235,10.87529,Storchsgasse 8,,D,blue,,,cultural heritage ensemble,,Point(10.87529 49.89235),0.832,http://www.wikidata.org/entity/Q41427151,1.0,,,http://www.wikidata.org/entity/Q1516079,,"('49.89235', '10.87529')"
2263,,49.89267,10.87549,Storchsgasse 2,,D,blue,,,house,,Point(10.87549 49.89267),0.822,http://www.wikidata.org/entity/Q41427148,1.0,,,http://www.wikidata.org/entity/Q3947,,"('49.89267', '10.87549')"
2264,,49.89246,10.87555,Storchsgasse 7,,D,blue,,,house,,Point(10.87555 49.89246),0.815,http://www.wikidata.org/entity/Q41427149,1.0,,,http://www.wikidata.org/entity/Q3947,,"('49.89246', '10.87555')"
2265,,49.89103,10.88363,Domherrenhof,,D,blue,,,cultural heritage ensemble,,Point(10.88363 49.89103),0.239,http://www.wikidata.org/entity/Q41427154,1.0,,,http://www.wikidata.org/entity/Q1516079,,"('49.89103', '10.88363')"
2266,,49.89057,10.88419,Domherrenhof,,D,blue,,,cultural heritage ensemble,,Point(10.88419 49.89057),0.222,http://www.wikidata.org/entity/Q41427155,1.0,,,http://www.wikidata.org/entity/Q1516079,,"('49.89057', '10.88419')"
2267,,49.89349,10.87525,Ziegelhof 1 (Bamberg),,D,blue,,,house,,Point(10.87525 49.89349),0.857,http://www.wikidata.org/entity/Q41427153,1.0,,,http://www.wikidata.org/entity/Q3947,,"('49.89349', '10.87525')"
2268,,49.8904,10.88366,Domdechantei,,D,blue,,,cultural heritage ensemble,,Point(10.88366 49.8904),0.265,http://www.wikidata.org/entity/Q41427156,1.0,,,http://www.wikidata.org/entity/Q1516079,,"('49.8904', '10.88366')"
2269,,49.890416928994,10.881177616739,Domherrenhof,,D,blue,,,church building,,Point(10.881177616 49.890416928),0.427,http://www.wikidata.org/entity/Q41427162,1.0,,,http://www.wikidata.org/entity/Q16970,,"('49.890416928994', '10.881177616739')"
2270,,49.89034271882,10.880241222057,Domherrenhof,,D,blue,,,cultural heritage ensemble,,Point(10.880241222 49.890342718),0.494,http://www.wikidata.org/entity/Q41427163,1.0,,,http://www.wikidata.org/entity/Q1516079,,"('49.89034271882', '10.880241222057')"
2271,,49.89106,10.88075,Domherrenhof,,D,blue,,,cultural heritage ensemble,,Point(10.88075 49.89106),0.441,http://www.wikidata.org/entity/Q41427160,1.0,,,http://www.wikidata.org/entity/Q1516079,,"('49.89106', '10.88075')"
2272,,49.89029,10.88168,Domherrenhof,,D,blue,,,cultural heritage ensemble,,Point(10.88168 49.89029),0.398,http://www.wikidata.org/entity/Q41427161,1.0,,,http://www.wikidata.org/entity/Q1516079,,"('49.89029', '10.88168')"
2273,,49.89051,10.87938,Domherrenhof,,D,blue,,,cultural heritage ensemble,,Point(10.87938 49.89051),0.549,http://www.wikidata.org/entity/Q41427167,1.0,,,http://www.wikidata.org/entity/Q1516079,,"('49.89051', '10.87938')"
2274,,49.890730312077,10.88040337224,Domherrenhof,,D,blue,,,cultural heritage ensemble,,Point(10.880403372 49.890730312),0.472,http://www.wikidata.org/entity/Q41427164,1.0,,,http://www.wikidata.org/entity/Q1516079,,"('49.890730312077', '10.88040337224')"
2275,,49.891,10.87827,Baudenkmal,,D,blue,,,cultural heritage ensemble,,Point(10.87827 49.891),0.618,http://www.wikidata.org/entity/Q41427171,1.0,,,http://www.wikidata.org/entity/Q1516079,,"('49.891', '10.87827')"
2276,,49.89071,10.87911,Domherrenhof,,D,blue,,,cultural heritage ensemble,,Point(10.87911 49.89071),0.563,http://www.wikidata.org/entity/Q41427168,1.0,,,http://www.wikidata.org/entity/Q1516079,,"('49.89071', '10.87911')"
2277,,49.89169,10.88307,Böschungsmauer,,D,blue,,,cultural heritage ensemble,,Point(10.88307 49.89169),0.271,http://www.wikidata.org/entity/Q41427169,1.0,,,http://www.wikidata.org/entity/Q1516079,,"('49.89169', '10.88307')"
2278,,49.8919,10.88006,Domherrenhof,,D,blue,,,cultural heritage ensemble,,Point(10.88006 49.8919),0.487,http://www.wikidata.org/entity/Q41427174,1.0,,,http://www.wikidata.org/entity/Q1516079,,"('49.8919', '10.88006')"
2279,,49.8913,10.88048,Domherrenhof,,D,blue,,,cultural heritage ensemble,,Point(10.88048 49.8913),0.457,http://www.wikidata.org/entity/Q41427173,1.0,,,http://www.wikidata.org/entity/Q1516079,,"('49.8913', '10.88048')"
2280,,49.89124,10.87863,Herrenhaus,,D,blue,,,cultural heritage ensemble,,Point(10.87863 49.89124),0.59,http://www.wikidata.org/entity/Q41427178,1.0,,,http://www.wikidata.org/entity/Q1516079,,"('49.89124', '10.87863')"
2281,,49.89169,10.87952,Domherrenhof,,D,blue,,,cultural heritage ensemble,,Point(10.87952 49.89169),0.525,http://www.wikidata.org/entity/Q41427176,1.0,,,http://www.wikidata.org/entity/Q1516079,,"('49.89169', '10.87952')"
2282,,49.89088,10.87875,Domherrenhof,,D,blue,,,residential building,,Point(10.87875 49.89088),0.586,http://www.wikidata.org/entity/Q41427177,1.0,,,http://www.wikidata.org/entity/Q11755880,,"('49.89088', '10.87875')"
2283,,49.8899169,10.9051419,Bughofer Straße 2,,D,blue,,,house,,Point(10.9051419 49.8899169),1.324,http://www.wikidata.org/entity/Q41427183,1.0,,,http://www.wikidata.org/entity/Q3947,,"('49.8899169', '10.9051419')"
2284,,49.88661,10.91313,Siedlung Goldene Hochzeitsstiftung,,D,blue,,,cultural heritage ensemble,,Point(10.91313 49.88661),1.963,http://www.wikidata.org/entity/Q41427180,1.0,,,http://www.wikidata.org/entity/Q1516079,,"('49.88661', '10.91313')"
2285,,49.88467,10.91089,Marter,,D,blue,,,cultural heritage ensemble,,Point(10.91089 49.88467),1.887,http://www.wikidata.org/entity/Q41427181,1.0,,,http://www.wikidata.org/entity/Q1516079,,"('49.88467', '10.91089')"
2286,,49.89291,10.90259,Baudenkmal,,D,blue,,,cultural heritage ensemble,,Point(10.90259 49.89291),1.137,http://www.wikidata.org/entity/Q41427184,1.0,,,http://www.wikidata.org/entity/Q1516079,,"('49.89291', '10.90259')"
2287,,49.89181,10.90407,Marter,,D,blue,,,cultural heritage ensemble,,Point(10.90407 49.89181),1.234,http://www.wikidata.org/entity/Q41427185,1.0,,,http://www.wikidata.org/entity/Q1516079,,"('49.89181', '10.90407')"
2288,,49.89214,10.90115,Mietshaus,,D,blue,,,house,,Point(10.90115 49.89214),1.026,http://www.wikidata.org/entity/Q41427190,1.0,,,http://www.wikidata.org/entity/Q3947,,"('49.89214', '10.90115')"
2289,,49.89193,10.90136,Doppelhaus,,D,blue,,,house,,Point(10.90136 49.89193),1.04,http://www.wikidata.org/entity/Q41427191,1.0,,,http://www.wikidata.org/entity/Q3947,,"('49.89193', '10.90136')"
2290,,49.88976,10.91257,Geisfelder Straße 2,,D,blue,,,house,,Point(10.91257 49.88976),1.854,http://www.wikidata.org/entity/Q41427188,1.0,,,http://www.wikidata.org/entity/Q3947,,"('49.88976', '10.91257')"
2291,,49.89187,10.9012,Mietshaus,,D,blue,,,house,,Point(10.9012 49.89187),1.029,http://www.wikidata.org/entity/Q41427189,1.0,,,http://www.wikidata.org/entity/Q3947,,"('49.89187', '10.9012')"
2292,,49.8909,10.90693,Holzgartenstraße 11,,D,blue,,,house,,Point(10.90693 49.8909),1.441,http://www.wikidata.org/entity/Q41427195,1.0,,,http://www.wikidata.org/entity/Q3947,,"('49.8909', '10.90693')"
2293,,49.89039,10.90717,Schule,,D,blue,,,cultural heritage ensemble,,Point(10.90717 49.89039),1.462,http://www.wikidata.org/entity/Q41427193,1.0,,,http://www.wikidata.org/entity/Q1516079,,"('49.89039', '10.90717')"
2294,,49.89161,10.90516,Bauernhaus,,D,blue,,,house,,Point(10.90516 49.89161),1.312,http://www.wikidata.org/entity/Q41427199,1.0,,,http://www.wikidata.org/entity/Q3947,,"('49.89161', '10.90516')"
2295,,49.89237,10.90037,Mietshaus,,D,blue,,,house,,Point(10.90037 49.89237),0.972,http://www.wikidata.org/entity/Q41427201,1.0,,,http://www.wikidata.org/entity/Q3947,,"('49.89237', '10.90037')"
2296,,49.8918,10.90105,Mietshaus,,D,blue,,,house,,Point(10.90105 49.8918),1.018,http://www.wikidata.org/entity/Q41427206,1.0,,,http://www.wikidata.org/entity/Q3947,,"('49.8918', '10.90105')"
2297,,49.8921,10.90068,Mietshaus,,D,blue,,,house,,Point(10.90068 49.8921),0.992,http://www.wikidata.org/entity/Q41427204,1.0,,,http://www.wikidata.org/entity/Q3947,,"('49.8921', '10.90068')"
2298,,49.89201,10.90079,Mietshaus,,D,blue,,,house,,Point(10.90079 49.89201),1.0,http://www.wikidata.org/entity/Q41427205,1.0,,,http://www.wikidata.org/entity/Q3947,,"('49.89201', '10.90079')"
2299,,49.89149,10.9014,Mietshaus,,D,blue,,,house,,Point(10.9014 49.89149),1.042,http://www.wikidata.org/entity/Q41427211,1.0,,,http://www.wikidata.org/entity/Q3947,,"('49.89149', '10.9014')"
2300,,49.89173,10.90112,Mietshaus,,D,blue,,,house,,Point(10.90112 49.89173),1.022,http://www.wikidata.org/entity/Q41427208,1.0,,,http://www.wikidata.org/entity/Q3947,,"('49.89173', '10.90112')"
2301,,49.89161,10.90126,Mietshaus,,D,blue,,,house,,Point(10.90126 49.89161),1.032,http://www.wikidata.org/entity/Q41427209,1.0,,,http://www.wikidata.org/entity/Q3947,,"('49.89161', '10.90126')"
2302,,49.89048,10.90254,Mietshaus,,D,blue,,,house,,Point(10.90254 49.89048),1.131,http://www.wikidata.org/entity/Q41427214,1.0,,,http://www.wikidata.org/entity/Q3947,,"('49.89048', '10.90254')"
2303,,49.89141,10.9015,Mietshaus,,D,blue,,,house,,Point(10.9015 49.89141),1.05,http://www.wikidata.org/entity/Q41427213,1.0,,,http://www.wikidata.org/entity/Q3947,,"('49.89141', '10.9015')"
2304,,49.8893,10.90387,Mietshaus,,D,blue,,,house,,Point(10.90387 49.8893),1.246,http://www.wikidata.org/entity/Q41427218,1.0,,,http://www.wikidata.org/entity/Q3947,,"('49.8893', '10.90387')"
2305,,49.88943,10.90373,Mietshaus,,D,blue,,,house,,Point(10.90373 49.88943),1.233,http://www.wikidata.org/entity/Q41427216,1.0,,,http://www.wikidata.org/entity/Q3947,,"('49.88943', '10.90373')"
2306,,49.89248,10.90746,Kaserne,,D,blue,,,cultural heritage ensemble,,Point(10.90746 49.89248),1.48,http://www.wikidata.org/entity/Q41427222,1.0,,,http://www.wikidata.org/entity/Q1516079,,"('49.89248', '10.90746')"
2307,,49.89342,10.90663,Nürnberger Straße 119,,D,blue,,,house,,Point(10.90663 49.89342),1.431,http://www.wikidata.org/entity/Q41427223,1.0,,,http://www.wikidata.org/entity/Q3947,,"('49.89342', '10.90663')"
2308,,49.89254,10.91267,"Moosstraße 46, 46a",,D,blue,,,house,,Point(10.91267 49.89254),1.853,http://www.wikidata.org/entity/Q41427220,1.0,,,http://www.wikidata.org/entity/Q3947,,"('49.89254', '10.91267')"
2309,,49.89913,10.92769,Volkspark,,D,blue,,,cultural heritage ensemble,,Point(10.92769 49.89913),3.043,http://www.wikidata.org/entity/Q41427221,1.0,,,http://www.wikidata.org/entity/Q1516079,,"('49.89913', '10.92769')"
2310,,49.88978,10.90576,Wohnhaus,,D,blue,,,house,,Point(10.90576 49.88978),1.37,http://www.wikidata.org/entity/Q41427227,1.0,,,http://www.wikidata.org/entity/Q3947,,"('49.88978', '10.90576')"
2311,,49.88921,10.91316,Dienstwohnhaus,,D,blue,,,cultural heritage ensemble,,Point(10.91316 49.88921),1.904,http://www.wikidata.org/entity/Q41427224,1.0,,,http://www.wikidata.org/entity/Q1516079,,"('49.88921', '10.91316')"
2312,,49.8901,10.90482,Denkmal,,D,blue,,,heritage site,,Point(10.90482 49.8901),1.298,http://www.wikidata.org/entity/Q41427225,1.0,,,http://www.wikidata.org/entity/Q358,,"('49.8901', '10.90482')"
2313,,49.89002,10.90519,Pfarrhaus,,D,blue,,,clergy house,,Point(10.90519 49.89002),1.326,http://www.wikidata.org/entity/Q41427228,1.0,,,http://www.wikidata.org/entity/Q607241,,"('49.89002', '10.90519')"
2314,,49.89041,10.9056,Brauereigasthof,,D,blue,,,Gasthaus,,Point(10.9056 49.89041),1.35,http://www.wikidata.org/entity/Q41427229,1.0,,,http://www.wikidata.org/entity/Q5526694,,"('49.89041', '10.9056')"
2315,,49.88995,10.90634,Brauereigasthof,,D,blue,,,Gasthaus,,Point(10.90634 49.88995),1.408,http://www.wikidata.org/entity/Q41427234,1.0,,,http://www.wikidata.org/entity/Q5526694,,"('49.88995', '10.90634')"
2316,,49.89039,10.90633,Wohnhaus,,D,blue,,,house,,Point(10.90633 49.89039),1.402,http://www.wikidata.org/entity/Q41427235,1.0,,,http://www.wikidata.org/entity/Q3947,,"('49.89039', '10.90633')"
2317,,49.89042,10.90588,Wohnhaus,,D,blue,,,house,,Point(10.90588 49.89042),1.37,http://www.wikidata.org/entity/Q41427233,1.0,,,http://www.wikidata.org/entity/Q3947,,"('49.89042', '10.90588')"
2318,,49.89901,10.89076,Färbergasse 13,,D,blue,,,house,,Point(10.89076 49.89901),0.87,http://www.wikidata.org/entity/Q41427238,1.0,,,http://www.wikidata.org/entity/Q3947,,"('49.89901', '10.89076')"
2319,,49.89884,10.89102,Färbergasse 14,,D,blue,,,house,,Point(10.89102 49.89884),0.858,http://www.wikidata.org/entity/Q41427239,1.0,,,http://www.wikidata.org/entity/Q3947,,"('49.89884', '10.89102')"
2320,,49.90656,10.89127,Bildstock,,D,blue,,,cultural heritage ensemble,,Point(10.89127 49.90656),1.693,http://www.wikidata.org/entity/Q41427243,1.0,,,http://www.wikidata.org/entity/Q1516079,,"('49.90656', '10.89127')"
2322,,49.90003,10.88851,"Gasfabrikstraße 1, 1a",,D,blue,,,house,,Point(10.88851 49.90003),0.944,http://www.wikidata.org/entity/Q41427241,1.0,,,http://www.wikidata.org/entity/Q3947,,"('49.90003', '10.88851')"
2323,,49.90453,10.88646,Gärtnerhaus Hallstadter Straße 3,,D,blue,,,house,,Point(10.88646 49.90453),1.437,http://www.wikidata.org/entity/Q41427246,1.0,,,http://www.wikidata.org/entity/Q3947,,"('49.90453', '10.88646')"
2324,,49.90462,10.88639,Gärtnerhaus Hallstadter Straße 5,,D,blue,,,house,,Point(10.88639 49.90462),1.448,http://www.wikidata.org/entity/Q41427247,1.0,,,http://www.wikidata.org/entity/Q3947,,"('49.90462', '10.88639')"
2325,,49.90653,10.89132,Bildstock,,D,blue,,,cultural heritage ensemble,,Point(10.89132 49.90653),1.69,http://www.wikidata.org/entity/Q41427245,1.0,,,http://www.wikidata.org/entity/Q1516079,,"('49.90653', '10.89132')"
2326,,49.90682,10.88528,Hallstadter Straße 44,,D,blue,,,villa,,Point(10.88528 49.90682),1.696,http://www.wikidata.org/entity/Q41427251,1.0,,,http://www.wikidata.org/entity/Q3950,,"('49.90682', '10.88528')"
2327,,49.90682,10.88674,"Hauptfriedhof, Aussegnungshalle",,D,blue,,,cultural heritage ensemble,,Point(10.88674 49.90682),1.692,http://www.wikidata.org/entity/Q41427248,1.0,,,http://www.wikidata.org/entity/Q1516079,,"('49.90682', '10.88674')"
2328,,49.90112,10.89432,Lazarett,,D,blue,,,cultural heritage ensemble,,Point(10.89432 49.90112),1.186,http://www.wikidata.org/entity/Q41427255,1.0,,,http://www.wikidata.org/entity/Q1516079,,"('49.90112', '10.89432')"
2329,,49.90066,10.89385,Gärtnerhaus,,D,blue,,,cultural heritage ensemble,,Point(10.89385 49.90066),1.125,http://www.wikidata.org/entity/Q41427252,1.0,,,http://www.wikidata.org/entity/Q1516079,,"('49.90066', '10.89385')"
2330,,49.901056758767,10.893349867613,Heiliggrabstraße 37 a,,D,blue,,,house,,Point(10.893349867 49.901056758),1.15,http://www.wikidata.org/entity/Q41427258,1.0,,,http://www.wikidata.org/entity/Q3947,,"('49.901056758767', '10.893349867613')"
2331,,49.90082,10.89335,Heiliggrabstraße 37,,D,blue,,,house,,Point(10.89335 49.90082),1.126,http://www.wikidata.org/entity/Q41427257,1.0,,,http://www.wikidata.org/entity/Q3947,,"('49.90082', '10.89335')"
2332,,49.9012,10.893,Heiliggrabstraße 41,,D,blue,,,house,,Point(10.893 49.9012),1.154,http://www.wikidata.org/entity/Q41427262,1.0,,,http://www.wikidata.org/entity/Q3947,,"('49.9012', '10.893')"
2333,,49.90137,10.89276,Heiliggrabstraße 45,,D,blue,,,house,,Point(10.89276 49.90137),1.165,http://www.wikidata.org/entity/Q41427263,1.0,,,http://www.wikidata.org/entity/Q3947,,"('49.90137', '10.89276')"
2334,,49.90116,10.89314,Heiliggrabstraße 39,,D,blue,,,house,,Point(10.89314 49.90116),1.154,http://www.wikidata.org/entity/Q41427260,1.0,,,http://www.wikidata.org/entity/Q3947,,"('49.90116', '10.89314')"
2335,,49.90258,10.89117,Kleinhaus,,D,blue,,,house,,Point(10.89117 49.90258),1.259,http://www.wikidata.org/entity/Q41427265,1.0,,,http://www.wikidata.org/entity/Q3947,,"('49.90258', '10.89117')"
2336,,49.89364,10.89719,Uferbefestigung,,D,blue,,,cultural heritage ensemble,,Point(10.89719 49.89364),0.775,http://www.wikidata.org/entity/Q41427270,1.0,,,http://www.wikidata.org/entity/Q1516079,,"('49.89364', '10.89719')"
2337,,49.90517,10.88184,Stall,,D,blue,,,cultural heritage ensemble,,Point(10.88184 49.90517),1.55,http://www.wikidata.org/entity/Q41427268,1.0,,,http://www.wikidata.org/entity/Q1516079,,"('49.90517', '10.88184')"
2338,,49.89654,10.89175,Brückenkopf,,D,blue,,,cultural heritage ensemble,,Point(10.89175 49.89654),0.652,http://www.wikidata.org/entity/Q41427269,1.0,,,http://www.wikidata.org/entity/Q1516079,,"('49.89654', '10.89175')"
2339,,49.90164,10.89613,Klosterstraße 3,,D,blue,,,house,,Point(10.89613 49.90164),1.299,http://www.wikidata.org/entity/Q41427274,1.0,,,http://www.wikidata.org/entity/Q3947,,"('49.90164', '10.89613')"
2340,,49.90157,10.89605,Klosterstraße 1,,D,blue,,,house,,Point(10.89605 49.90157),1.289,http://www.wikidata.org/entity/Q41427273,1.0,,,http://www.wikidata.org/entity/Q3947,,"('49.90157', '10.89605')"
2341,,49.9068,10.87428,Baudenkmal,,D,blue,,,cultural heritage ensemble,,Point(10.87428 49.9068),1.914,http://www.wikidata.org/entity/Q41427278,1.0,,,http://www.wikidata.org/entity/Q1516079,,"('49.9068', '10.87428')"
2342,,49.90731,10.87313,Getreidekasten,,D,blue,,,cultural heritage ensemble,,Point(10.87313 49.90731),2.004,http://www.wikidata.org/entity/Q41427279,1.0,,,http://www.wikidata.org/entity/Q1516079,,"('49.90731', '10.87313')"
2343,,49.90652,10.87439,cereals lift,,D,blue,,,cultural heritage ensemble,,Point(10.87439 49.90652),1.883,http://www.wikidata.org/entity/Q41427276,1.0,,,http://www.wikidata.org/entity/Q1516079,,"('49.90652', '10.87439')"
2344,,49.898391718994,10.892114161523,Letzengasse 5,,D,blue,,,house,,Point(10.892114161 49.898391718),0.844,http://www.wikidata.org/entity/Q41427282,1.0,,,http://www.wikidata.org/entity/Q3947,,"('49.898391718994', '10.892114161523')"
2345,,49.8978,10.89284,Letzengasse 8,,D,blue,,,cultural heritage ensemble,,Point(10.89284 49.8978),0.812,http://www.wikidata.org/entity/Q41427283,1.0,,,http://www.wikidata.org/entity/Q1516079,,"('49.8978', '10.89284')"
2346,,49.90344,10.8805,Schlachthaus,,D,blue,,,cultural heritage ensemble,,Point(10.8805 49.90344),1.392,http://www.wikidata.org/entity/Q41427287,1.0,,,http://www.wikidata.org/entity/Q1516079,,"('49.90344', '10.8805')"
2347,,49.89802,10.89274,Letzengasse 10-12,,D,blue,,,house,,Point(10.89274 49.89802),0.829,http://www.wikidata.org/entity/Q41427284,1.0,,,http://www.wikidata.org/entity/Q3947,,"('49.89802', '10.89274')"
2348,,49.90143,10.88507,Magazinstraße 3 a,,D,blue,,,house,,Point(10.88507 49.90143),1.1,http://www.wikidata.org/entity/Q41427290,1.0,,,http://www.wikidata.org/entity/Q3947,,"('49.90143', '10.88507')"
2349,,49.89957,10.88562,Margaretendamm 5,,D,blue,,,cultural heritage ensemble,,Point(10.88562 49.89957),0.89,http://www.wikidata.org/entity/Q41427291,1.0,,,http://www.wikidata.org/entity/Q1516079,,"('49.89957', '10.88562')"
2350,,49.90593,10.88509,Lichtenhaidestraße 21,,D,blue,,,house,,Point(10.88509 49.90593),1.598,http://www.wikidata.org/entity/Q41427288,1.0,,,http://www.wikidata.org/entity/Q3947,,"('49.90593', '10.88509')"
2351,,49.90611,10.88531,Lichtenhaidestraße 23,,D,blue,,,house,,Point(10.88531 49.90611),1.617,http://www.wikidata.org/entity/Q41427289,1.0,,,http://www.wikidata.org/entity/Q3947,,"('49.90611', '10.88531')"
2352,,49.90288,10.88959,Schule,,D,blue,,,cultural heritage ensemble,,Point(10.88959 49.90288),1.269,http://www.wikidata.org/entity/Q41427294,1.0,,,http://www.wikidata.org/entity/Q1516079,,"('49.90288', '10.88959')"
2353,,49.90372,10.89176,Gärtnerhaus,,D,blue,,,house,,Point(10.89176 49.90372),1.392,http://www.wikidata.org/entity/Q41427295,1.0,,,http://www.wikidata.org/entity/Q3947,,"('49.90372', '10.89176')"
2354,,49.90393,10.89285,Gärtnerhaus,,D,blue,,,house,,Point(10.89285 49.90393),1.436,http://www.wikidata.org/entity/Q41427298,1.0,,,http://www.wikidata.org/entity/Q3947,,"('49.90393', '10.89285')"
2355,,49.90446,10.89326,Gärtnerhaus,,D,blue,,,house,,Point(10.89326 49.90446),1.501,http://www.wikidata.org/entity/Q41427299,1.0,,,http://www.wikidata.org/entity/Q3947,,"('49.90446', '10.89326')"
2356,,49.90382,10.89255,Gärtnerhaus,,D,blue,,,house,,Point(10.89255 49.90382),1.418,http://www.wikidata.org/entity/Q41427296,1.0,,,http://www.wikidata.org/entity/Q3947,,"('49.90382', '10.89255')"
2357,,49.90474,10.8939,Gärtnerhaus,,D,blue,,,house,,Point(10.8939 49.90474),1.545,http://www.wikidata.org/entity/Q41427302,1.0,,,http://www.wikidata.org/entity/Q3947,,"('49.90474', '10.8939')"
2358,,49.90413,10.89328,Gärtnerhaus,,D,blue,,,house,,Point(10.89328 49.90413),1.467,http://www.wikidata.org/entity/Q41427300,1.0,,,http://www.wikidata.org/entity/Q3947,,"('49.90413', '10.89328')"
2359,,49.90421,10.8934,Gärtnerhaus,,D,blue,,,house,,Point(10.8934 49.90421),1.478,http://www.wikidata.org/entity/Q41427301,1.0,,,http://www.wikidata.org/entity/Q3947,,"('49.90421', '10.8934')"
2360,,49.89949,10.89265,Mittelstraße 36,,D,blue,,,house,,Point(10.89265 49.89949),0.97,http://www.wikidata.org/entity/Q41427307,1.0,,,http://www.wikidata.org/entity/Q3947,,"('49.89949', '10.89265')"
2361,,49.91858,10.91964,Postamt,,D,blue,,,cultural heritage ensemble,,Point(10.91964 49.91858),3.809,http://www.wikidata.org/entity/Q41427304,1.0,,,http://www.wikidata.org/entity/Q1516079,,"('49.91858', '10.91964')"
2362,,49.89944,10.89279,Mittelstraße 34,,D,blue,,,house,,Point(10.89279 49.89944),0.97,http://www.wikidata.org/entity/Q41427305,1.0,,,http://www.wikidata.org/entity/Q3947,,"('49.89944', '10.89279')"
2363,,49.89966,10.89196,Mittelstraße 42,,D,blue,,,house,,Point(10.89196 49.89966),0.968,http://www.wikidata.org/entity/Q41427311,1.0,,,http://www.wikidata.org/entity/Q3947,,"('49.89966', '10.89196')"
2364,,49.8996,10.89249,Mittelstraße 38,,D,blue,,,house,,Point(10.89249 49.8996),0.977,http://www.wikidata.org/entity/Q41427308,1.0,,,http://www.wikidata.org/entity/Q3947,,"('49.8996', '10.89249')"
2365,,49.89964,10.89221,Mittelstraße 40,,D,blue,,,house,,Point(10.89221 49.89964),0.973,http://www.wikidata.org/entity/Q41427309,1.0,,,http://www.wikidata.org/entity/Q3947,,"('49.89964', '10.89221')"
2366,,49.90009,10.88982,Mittelstraße 55,,D,blue,,,house,,Point(10.88982 49.90009),0.967,http://www.wikidata.org/entity/Q41427314,1.0,,,http://www.wikidata.org/entity/Q3947,,"('49.90009', '10.88982')"
2367,,49.89976,10.89172,Mittelstraße 44,,D,blue,,,house,,Point(10.89172 49.89976),0.972,http://www.wikidata.org/entity/Q41427312,1.0,,,http://www.wikidata.org/entity/Q3947,,"('49.89976', '10.89172')"
2368,,49.90064,10.8896,Mittelstraße 72,,D,blue,,,house,,Point(10.8896 49.90064),1.024,http://www.wikidata.org/entity/Q41427318,1.0,,,http://www.wikidata.org/entity/Q3947,,"('49.90064', '10.8896')"
2369,,49.89721,10.8917,Bürgerhaus,,D,blue,,,house,,Point(10.8917 49.89721),0.714,http://www.wikidata.org/entity/Q41427319,1.0,,,http://www.wikidata.org/entity/Q3947,,"('49.89721', '10.8917')"
2370,,49.90016,10.8904,Mittelstraße 60,,D,blue,,,house,,Point(10.8904 49.90016),0.985,http://www.wikidata.org/entity/Q41427316,1.0,,,http://www.wikidata.org/entity/Q3947,,"('49.90016', '10.8904')"
2371,,49.90019,10.89024,Gärtnerhaus,,D,blue,,,house,,Point(10.89024 49.90019),0.985,http://www.wikidata.org/entity/Q41427317,1.0,,,http://www.wikidata.org/entity/Q3947,,"('49.90019', '10.89024')"
2372,,49.89687,10.89215,Hotel,,D,blue,,,house,,Point(10.89215 49.89687),0.698,http://www.wikidata.org/entity/Q41427322,1.0,,,http://www.wikidata.org/entity/Q3947,,"('49.89687', '10.89215')"
2373,,49.8972,10.89191,Bürgerhaus,,D,blue,,,house,,Point(10.89191 49.8972),0.72,http://www.wikidata.org/entity/Q41427323,1.0,,,http://www.wikidata.org/entity/Q3947,,"('49.8972', '10.89191')"
2374,,49.89719,10.892,Bürgerhaus,,D,blue,,,house,,Point(10.892 49.89719),0.722,http://www.wikidata.org/entity/Q41427326,1.0,,,http://www.wikidata.org/entity/Q3947,,"('49.89719', '10.892')"
2375,,49.89685,10.89278,Brauereigasthof,,D,blue,,,Gasthaus,,Point(10.89278 49.89685),0.722,http://www.wikidata.org/entity/Q41427327,1.0,,,http://www.wikidata.org/entity/Q5526694,,"('49.89685', '10.89278')"
2376,,49.89686,10.89243,Bürgerhaus,,D,blue,,,house,,Point(10.89243 49.89686),0.708,http://www.wikidata.org/entity/Q41427325,1.0,,,http://www.wikidata.org/entity/Q3947,,"('49.89686', '10.89243')"
2377,,49.89718,10.89242,Bürgerhaus,,D,blue,,,residential building,,Point(10.89242 49.89718),0.737,http://www.wikidata.org/entity/Q41427331,1.0,,,http://www.wikidata.org/entity/Q11755880,,"('49.89718', '10.89242')"
2378,,49.89719,10.89216,Bürgerhaus,,D,blue,,,house,,Point(10.89216 49.89719),0.728,http://www.wikidata.org/entity/Q41427328,1.0,,,http://www.wikidata.org/entity/Q3947,,"('49.89719', '10.89216')"
2379,,49.89718,10.89255,Bürgerhaus,,D,blue,,,house,,Point(10.89255 49.89718),0.742,http://www.wikidata.org/entity/Q41427334,1.0,,,http://www.wikidata.org/entity/Q3947,,"('49.89718', '10.89255')"
2380,,49.89717,10.89271,Brauereigasthof,,D,blue,,,Gasthaus,,Point(10.89271 49.89717),0.748,http://www.wikidata.org/entity/Q41427335,1.0,,,http://www.wikidata.org/entity/Q5526694,,"('49.89717', '10.89271')"
2381,,49.90163,10.88892,"Wegweiser, Siechenstraße",,D,blue,,,cultural heritage ensemble,,Point(10.88892 49.90163),1.125,http://www.wikidata.org/entity/Q41427339,1.0,,,http://www.wikidata.org/entity/Q1516079,,"('49.90163', '10.88892')"
2382,,49.89716,10.89306,Bürgerhaus,,D,blue,,,cultural heritage ensemble,,Point(10.89306 49.89716),0.761,http://www.wikidata.org/entity/Q41427336,1.0,,,http://www.wikidata.org/entity/Q1516079,,"('49.89716', '10.89306')"
2383,,49.91053,10.89377,Schubertshof 2,,D,blue,,,house,,Point(10.89377 49.91053),2.162,http://www.wikidata.org/entity/Q41427337,1.0,,,http://www.wikidata.org/entity/Q3947,,"('49.91053', '10.89377')"
2384,,49.89829,10.8897,Siechenstraße 8,,D,blue,,,house,,Point(10.8897 49.89829),0.771,http://www.wikidata.org/entity/Q41427342,1.0,,,http://www.wikidata.org/entity/Q3947,,"('49.89829', '10.8897')"
2385,,49.89848,10.88951,Siechenstraße 12,,D,blue,,,house,,Point(10.88951 49.89848),0.788,http://www.wikidata.org/entity/Q41427343,1.0,,,http://www.wikidata.org/entity/Q3947,,"('49.89848', '10.88951')"
2386,,49.89811,10.88963,Siechenstraße 4,,D,blue,,,house,,Point(10.88963 49.89811),0.75,http://www.wikidata.org/entity/Q41427341,1.0,,,http://www.wikidata.org/entity/Q3947,,"('49.89811', '10.88963')"
2387,,49.89906,10.88876,Siechenstraße 27,,D,blue,,,house,,Point(10.88876 49.89906),0.84,http://www.wikidata.org/entity/Q41427346,1.0,,,http://www.wikidata.org/entity/Q3947,,"('49.89906', '10.88876')"
2388,,49.89888,10.88869,Siechenstraße 23,,D,blue,,,house,,Point(10.88869 49.89888),0.82,http://www.wikidata.org/entity/Q41427344,1.0,,,http://www.wikidata.org/entity/Q3947,,"('49.89888', '10.88869')"
2389,,49.89918,10.88949,Siechenstraße 24,,D,blue,,,Gasthaus,,Point(10.88949 49.89918),0.863,http://www.wikidata.org/entity/Q41427345,1.0,,,http://www.wikidata.org/entity/Q5526694,,"('49.89918', '10.88949')"
2390,,49.89946,10.88935,Siechenstraße 30,,D,blue,,,house,,Point(10.88935 49.89946),0.892,http://www.wikidata.org/entity/Q41427350,1.0,,,http://www.wikidata.org/entity/Q3947,,"('49.89946', '10.88935')"
2391,,49.89963,10.8893,Siechenstraße 34,,D,blue,,,house,,Point(10.8893 49.89963),0.909,http://www.wikidata.org/entity/Q41427351,1.0,,,http://www.wikidata.org/entity/Q3947,,"('49.89963', '10.8893')"
2392,,49.89912,10.88901,Siechenstraße 29,,D,blue,,,house,,Point(10.88901 49.89912),0.85,http://www.wikidata.org/entity/Q41427348,1.0,,,http://www.wikidata.org/entity/Q3947,,"('49.89912', '10.88901')"
2393,,49.89978,10.88895,Siechenstraße 39,,D,blue,,,house,,Point(10.88895 49.89978),0.921,http://www.wikidata.org/entity/Q41427355,1.0,,,http://www.wikidata.org/entity/Q3947,,"('49.89978', '10.88895')"
2394,,49.89969,10.8893,Siechenstraße 36,,D,blue,,,house,,Point(10.8893 49.89969),0.916,http://www.wikidata.org/entity/Q41427352,1.0,,,http://www.wikidata.org/entity/Q3947,,"('49.89969', '10.8893')"
2395,,49.89962,10.88895,Siechenstraße 37,,D,blue,,,house,,Point(10.88895 49.89962),0.904,http://www.wikidata.org/entity/Q41427353,1.0,,,http://www.wikidata.org/entity/Q3947,,"('49.89962', '10.88895')"
2396,,49.9006,10.88895,Siechenstraße 51,,D,blue,,,house,,Point(10.88895 49.9006),1.011,http://www.wikidata.org/entity/Q41427358,1.0,,,http://www.wikidata.org/entity/Q3947,,"('49.9006', '10.88895')"
2397,,49.9008,10.88891,Siechenstraße 53,,D,blue,,,house,,Point(10.88891 49.9008),1.033,http://www.wikidata.org/entity/Q41427359,1.0,,,http://www.wikidata.org/entity/Q3947,,"('49.9008', '10.88891')"
2398,,49.8999,10.88928,Siechenstraße 42,,D,blue,,,house,,Point(10.88928 49.8999),0.939,http://www.wikidata.org/entity/Q41427357,1.0,,,http://www.wikidata.org/entity/Q3947,,"('49.8999', '10.88928')"
2399,,49.90132,10.88919,Siechenstraße 72,,D,blue,,,house,,Point(10.88919 49.90132),1.093,http://www.wikidata.org/entity/Q41427362,1.0,,,http://www.wikidata.org/entity/Q3947,,"('49.90132', '10.88919')"
2400,,49.90212,10.88749,Siechenscheune,,D,blue,,,building,,Point(10.88749 49.90212),1.17,http://www.wikidata.org/entity/Q41427363,1.0,,,http://www.wikidata.org/entity/Q41176,,"('49.90212', '10.88749')"
2401,,49.9013,10.88809,Pfarrkirche St. Otto,,D,blue,,,church building,,Point(10.88809 49.9013),1.082,http://www.wikidata.org/entity/Q41427361,1.0,,,http://www.wikidata.org/entity/Q16970,,"('49.9013', '10.88809')"
2402,,49.90343,10.8878,Liebfrauensiechenhaus,,D,blue,,,house,,Point(10.8878 49.90343),1.317,http://www.wikidata.org/entity/Q41427366,1.0,,,http://www.wikidata.org/entity/Q3947,,"('49.90343', '10.8878')"
2403,,49.89948,10.89024,Tocklergasse 10,,D,blue,,,house,,Point(10.89024 49.89948),0.909,http://www.wikidata.org/entity/Q41427370,1.0,,,http://www.wikidata.org/entity/Q3947,,"('49.89948', '10.89024')"
2404,,49.90393,10.88767,Sebastianskapelle,,D,blue,,,chapel,,Point(10.88767 49.90393),1.372,http://www.wikidata.org/entity/Q41427368,1.0,,,http://www.wikidata.org/entity/Q108325,,"('49.90393', '10.88767')"
2405,,49.89694,10.89142,Bürgerhaus,,D,blue,,,residential building,,Point(10.89142 49.89694),0.678,http://www.wikidata.org/entity/Q41427375,1.0,,,http://www.wikidata.org/entity/Q11755880,,"('49.89694', '10.89142')"
2406,,49.89945,10.89066,Tocklergasse 15,,D,blue,,,house,,Point(10.89066 49.89945),0.914,http://www.wikidata.org/entity/Q41427372,1.0,,,http://www.wikidata.org/entity/Q3947,,"('49.89945', '10.89066')"
2407,,49.89617,10.89306,Elektrizitätswerk,,D,blue,,,cultural heritage ensemble,,Point(10.89306 49.89617),0.675,http://www.wikidata.org/entity/Q41427373,1.0,,,http://www.wikidata.org/entity/Q1516079,,"('49.89617', '10.89306')"
2408,,49.89727,10.89137,Bürgerhaus,,D,blue,,,house,,Point(10.89137 49.89727),0.708,http://www.wikidata.org/entity/Q41427378,1.0,,,http://www.wikidata.org/entity/Q3947,,"('49.89727', '10.89137')"
2409,,49.89734,10.89125,Gasthaus,,D,blue,,,Gasthaus,,Point(10.89125 49.89734),0.711,http://www.wikidata.org/entity/Q41427379,1.0,,,http://www.wikidata.org/entity/Q5526694,,"('49.89734', '10.89125')"
2410,,49.89732,10.89147,Cultural heritage D-4-61-000-648 in Bamberg,,D,blue,,,Gasthaus,,Point(10.89147 49.89732),0.717,http://www.wikidata.org/entity/Q41427377,1.0,,,http://www.wikidata.org/entity/Q5526694,,"('49.89732', '10.89147')"
2411,,49.89739,10.8907,Untere Königstraße 16,,D,blue,,,house,,Point(10.8907 49.89739),0.7,http://www.wikidata.org/entity/Q41427382,1.0,,,http://www.wikidata.org/entity/Q3947,,"('49.89739', '10.8907')"
2412,,49.89717,10.8904,Wohn- und Geschäftshaus,,D,blue,,,house,,Point(10.8904 49.89717),0.669,http://www.wikidata.org/entity/Q41427383,1.0,,,http://www.wikidata.org/entity/Q3947,,"('49.89717', '10.8904')"
2413,,49.89759,10.89098,"Untere Königstraße 10, 10b, 10d, 10e (Bamberg)",,D,blue,,,cultural heritage ensemble,,Point(10.89098 49.89759),0.728,http://www.wikidata.org/entity/Q41427380,1.0,,,http://www.wikidata.org/entity/Q1516079,,"('49.89759', '10.89098')"
2414,,49.89705,10.89059,Gasthaus,,D,blue,,,Gasthaus,,Point(10.89059 49.89705),0.662,http://www.wikidata.org/entity/Q41427381,1.0,,,http://www.wikidata.org/entity/Q5526694,,"('49.89705', '10.89059')"
2415,,49.89727,10.89009,Bürgerhaus,,D,blue,,,house,,Point(10.89009 49.89727),0.671,http://www.wikidata.org/entity/Q41427386,1.0,,,http://www.wikidata.org/entity/Q3947,,"('49.89727', '10.89009')"
2416,,49.89734,10.88995,Bürgerhaus,,D,blue,,,house,,Point(10.88995 49.89734),0.675,http://www.wikidata.org/entity/Q41427387,1.0,,,http://www.wikidata.org/entity/Q3947,,"('49.89734', '10.88995')"
2417,,49.89715,10.89017,Bürgerhaus,,D,blue,,,house,,Point(10.89017 49.89715),0.661,http://www.wikidata.org/entity/Q41427384,1.0,,,http://www.wikidata.org/entity/Q3947,,"('49.89715', '10.89017')"
2418,,49.89772,10.88936,Bürgerhaus,,D,blue,,,house,,Point(10.88936 49.89772),0.703,http://www.wikidata.org/entity/Q41427395,1.0,,,http://www.wikidata.org/entity/Q3947,,"('49.89772', '10.88936')"
2419,,49.89739,10.88986,Bürgerhaus,,D,blue,,,house,,Point(10.88986 49.89739),0.679,http://www.wikidata.org/entity/Q41427392,1.0,,,http://www.wikidata.org/entity/Q3947,,"('49.89739', '10.88986')"
2420,,49.8977,10.89031,Gasthaus,,D,blue,,,Gasthaus,,Point(10.89031 49.8977),0.722,http://www.wikidata.org/entity/Q41427393,1.0,,,http://www.wikidata.org/entity/Q5526694,,"('49.8977', '10.89031')"
2421,,49.89783,10.8892,Untere Königstraße 37,,D,blue,,,house,,Point(10.8892 49.89783),0.712,http://www.wikidata.org/entity/Q41427397,1.0,,,http://www.wikidata.org/entity/Q3947,,"('49.89783', '10.8892')"
2422,,49.87083,10.90401,Gasthaus,,D,blue,,,Gasthaus,,Point(10.90401 49.87083),2.617,http://www.wikidata.org/entity/Q41427402,1.0,,,http://www.wikidata.org/entity/Q5526694,,"('49.87083', '10.90401')"
2423,,49.86489,10.90982,Kreuzigungsgruppe,,D,blue,,,cultural heritage ensemble,,Point(10.90982 49.86489),3.396,http://www.wikidata.org/entity/Q41427403,1.0,,,http://www.wikidata.org/entity/Q1516079,,"('49.86489', '10.90982')"
2424,,49.868,10.90744,Wegkreuz,,D,blue,,,cultural heritage ensemble,,Point(10.90744 49.868),3.011,http://www.wikidata.org/entity/Q41427401,1.0,,,http://www.wikidata.org/entity/Q1516079,,"('49.868', '10.90744')"
2425,,49.86536,10.90946,Kapelle,,D,blue,,,chapel,,Point(10.90946 49.86536),3.338,http://www.wikidata.org/entity/Q41427406,1.0,,,http://www.wikidata.org/entity/Q108325,,"('49.86536', '10.90946')"
2426,,49.87149,10.90357,Marter,,D,blue,,,cultural heritage ensemble,,Point(10.90357 49.87149),2.537,http://www.wikidata.org/entity/Q41427407,1.0,,,http://www.wikidata.org/entity/Q1516079,,"('49.87149', '10.90357')"
2427,,49.866757499658,10.907643448892,Gasthaus,,D,blue,,,Gasthaus,,Point(10.907643448 49.866757499),3.139,http://www.wikidata.org/entity/Q41427404,1.0,,,http://www.wikidata.org/entity/Q5526694,,"('49.866757499658', '10.907643448892')"
2428,,49.86321,10.91149,Schloss,,D,blue,,,Schloss,,Point(10.91149 49.86321),3.617,http://www.wikidata.org/entity/Q41427410,1.0,,,http://www.wikidata.org/entity/Q16823155,,"('49.86321', '10.91149')"
2429,,49.87402,10.92893,"Am Tännig 15a, 15",,D,blue,,,cultural heritage ensemble,,Point(10.92893 49.87402),3.593,http://www.wikidata.org/entity/Q41427411,1.0,,,http://www.wikidata.org/entity/Q1516079,,"('49.87402', '10.92893')"
2430,,49.86381,10.9101,Kleinhaus,,D,blue,,,house,,Point(10.9101 49.86381),3.511,http://www.wikidata.org/entity/Q41427408,1.0,,,http://www.wikidata.org/entity/Q3947,,"('49.86381', '10.9101')"
2431,,49.86939,10.91129,Bauernhof,,D,blue,,,cultural heritage ensemble,,Point(10.91129 49.86939),3.028,http://www.wikidata.org/entity/Q41427414,1.0,,,http://www.wikidata.org/entity/Q1516079,,"('49.86939', '10.91129')"
2432,,49.86954,10.91093,Bauernhof,,D,blue,,,cultural heritage ensemble,,Point(10.91093 49.86954),2.999,http://www.wikidata.org/entity/Q41427415,1.0,,,http://www.wikidata.org/entity/Q1516079,,"('49.86954', '10.91093')"
2433,,49.87357,10.92816,Am Tännig 16,,D,blue,,,house,,Point(10.92816 49.87357),3.575,http://www.wikidata.org/entity/Q41427412,1.0,,,http://www.wikidata.org/entity/Q3947,,"('49.87357', '10.92816')"
2434,,49.90519,10.86317,ERBA Gelände,,D,blue,,,cultural heritage ensemble,,Point(10.86317 49.90519),2.271,http://www.wikidata.org/entity/Q41427419,1.0,,,http://www.wikidata.org/entity/Q1516079,,"('49.90519', '10.86317')"
2435,,49.86849,10.91084,Schleuse,,D,blue,,,lock,,Point(10.91084 49.86849),3.092,http://www.wikidata.org/entity/Q41427416,1.0,,,http://www.wikidata.org/entity/Q105731,,"('49.86849', '10.91084')"
2436,,49.90387,10.85666,Pfarrhaus,,D,blue,,,clergy house,,Point(10.85666 49.90387),2.556,http://www.wikidata.org/entity/Q41427424,1.0,,,http://www.wikidata.org/entity/Q607241,,"('49.90387', '10.85666')"
2437,,49.9039,10.85737,Basilika,,D,blue,,,church building,,Point(10.85737 49.9039),2.515,http://www.wikidata.org/entity/Q41427425,1.0,,,http://www.wikidata.org/entity/Q16970,,"('49.9039', '10.85737')"
2438,,49.90267,10.86582,Arbeitersiedlung,,D,blue,,,cultural heritage ensemble,,Point(10.86582 49.90267),1.945,http://www.wikidata.org/entity/Q41427430,1.0,,,http://www.wikidata.org/entity/Q1516079,,"('49.90267', '10.86582')"
2439,,49.90462,10.856,Pestsäule,,D,blue,,,cultural heritage ensemble,,Point(10.856 49.90462),2.641,http://www.wikidata.org/entity/Q41427434,1.0,,,http://www.wikidata.org/entity/Q1516079,,"('49.90462', '10.856')"
2440,,49.90446,10.85655,Gasthaus,,D,blue,,,Gasthaus,,Point(10.85655 49.90446),2.598,http://www.wikidata.org/entity/Q41427435,1.0,,,http://www.wikidata.org/entity/Q5526694,,"('49.90446', '10.85655')"
2441,,49.90461,10.85614,katholisch,,D,blue,,,chapel,,Point(10.85614 49.90461),2.632,http://www.wikidata.org/entity/Q41427433,1.0,,,http://www.wikidata.org/entity/Q108325,,"('49.90461', '10.85614')"
2442,,49.90154,10.86804,"Gaustadter Hauptstraße 120, 121",,D,blue,,,house,,Point(10.86804 49.90154),1.742,http://www.wikidata.org/entity/Q41427438,1.0,,,http://www.wikidata.org/entity/Q3947,,"('49.90154', '10.86804')"
2443,,49.90226,10.86414,Fischerhaus,,D,blue,,,monastery,,Point(10.86414 49.90226),2.012,http://www.wikidata.org/entity/Q41427436,1.0,,,http://www.wikidata.org/entity/Q44613,,"('49.90226', '10.86414')"
2444,,49.90088,10.86962,Gasthaus,,D,blue,,,Gasthaus,,Point(10.86962 49.90088),1.608,http://www.wikidata.org/entity/Q41427440,1.0,,,http://www.wikidata.org/entity/Q5526694,,"('49.90088', '10.86962')"
2445,,49.90466,10.85575,Marter,,D,blue,,,cultural heritage ensemble,,Point(10.85575 49.90466),2.659,http://www.wikidata.org/entity/Q41427441,1.0,,,http://www.wikidata.org/entity/Q1516079,,"('49.90466', '10.85575')"
2446,,49.90062,10.87067,Gumbertusbrunnen (Bamberg),,D,blue,,,water well,,Point(10.87067 49.90062),1.532,http://www.wikidata.org/entity/Q41427444,1.0,,,http://www.wikidata.org/entity/Q43483,,"('49.90062', '10.87067')"
2447,,49.90352,10.86178,Marter,,D,blue,,,cultural heritage ensemble,,Point(10.86178 49.90352),2.231,http://www.wikidata.org/entity/Q41427445,1.0,,,http://www.wikidata.org/entity/Q1516079,,"('49.90352', '10.86178')"
2448,,49.89983,10.85153,Q41427450,,D,blue,,,cultural heritage ensemble,,Point(10.85153 49.89983),2.69,http://www.wikidata.org/entity/Q41427450,1.0,,,http://www.wikidata.org/entity/Q1516079,,"('49.89983', '10.85153')"
2449,,49.92298,10.91219,Q41427451,,D,blue,,,cultural heritage ensemble,,Point(10.91219 49.92298),3.932,http://www.wikidata.org/entity/Q41427451,1.0,,,http://www.wikidata.org/entity/Q1516079,,"('49.92298', '10.91219')"
2450,,49.90005,10.86001,Marter,,D,blue,,,cultural heritage ensemble,,Point(10.86001 49.90005),2.139,http://www.wikidata.org/entity/Q41427448,1.0,,,http://www.wikidata.org/entity/Q1516079,,"('49.90005', '10.86001')"
2451,,49.88418,10.86419,Marter,,D,blue,,,cultural heritage ensemble,,Point(10.86419 49.88418),1.821,http://www.wikidata.org/entity/Q41427455,1.0,,,http://www.wikidata.org/entity/Q1516079,,"('49.88418', '10.86419')"
2452,,49.88168,10.85682,Marter,,D,blue,,,cultural heritage ensemble,,Point(10.85682 49.88168),2.418,http://www.wikidata.org/entity/Q41427453,1.0,,,http://www.wikidata.org/entity/Q1516079,,"('49.88168', '10.85682')"
2453,,49.88038,10.85778,Kleinhaus,,D,blue,,,house,,Point(10.85778 49.88038),2.428,http://www.wikidata.org/entity/Q41427459,1.0,,,http://www.wikidata.org/entity/Q3947,,"('49.88038', '10.85778')"
2454,,49.88172,10.85685,Kapelle,,D,blue,,,chapel,,Point(10.85685 49.88172),2.414,http://www.wikidata.org/entity/Q41427456,1.0,,,http://www.wikidata.org/entity/Q108325,,"('49.88172', '10.85685')"
2455,,49.877805106527,10.861145755384,Bauernhof,,D,blue,,,cultural heritage ensemble,,Point(10.861145755 49.877805106),2.397,http://www.wikidata.org/entity/Q41427461,1.0,,,http://www.wikidata.org/entity/Q1516079,,"('49.877805106527', '10.861145755384')"
2456,,49.87959,10.85926,Kreuz,,D,blue,,,cultural heritage ensemble,,Point(10.85926 49.87959),2.386,http://www.wikidata.org/entity/Q41427464,1.0,,,http://www.wikidata.org/entity/Q1516079,,"('49.87959', '10.85926')"
2458,,49.92222,10.77716,Q49292299,,D,blue,,,municipality seat,,Point(10.77716 49.92222),8.561,http://www.wikidata.org/entity/Q49292299,1.0,,,http://www.wikidata.org/entity/Q15303838,,"('49.92222', '10.77716')"
2459,,49.89779,10.88982,Lichtspiel,,D,blue,,,movie theater,,Point(10.88982 49.89779),0.72,http://www.wikidata.org/entity/Q50843418,1.0,,,http://www.wikidata.org/entity/Q41253,,"('49.89779', '10.88982')"
2460,,49.868580555556,10.909594444444,Abschnitt des Ludwig-Donau-Main-Kanals,,D,blue,,,canal,,Point(10.909594444 49.868580555),3.035,http://www.wikidata.org/entity/Q55176674,1.0,,,http://www.wikidata.org/entity/Q12284,,"('49.868580555556', '10.909594444444')"
2461,,49.86840767184,10.911768069004,Q55176755,,D,blue,,,earthworks,,Point(10.911768069 49.868407671),3.137,http://www.wikidata.org/entity/Q55176755,1.0,,,http://www.wikidata.org/entity/Q11880367,,"('49.86840767184', '10.911768069004')"
2464,,49.890239138384,10.889161607875,Kanal,,D,blue,,,canal,,Point(10.889161607 49.890239138),0.225,http://www.wikidata.org/entity/Q55176913,1.0,,,http://www.wikidata.org/entity/Q12284,,"('49.890239138384', '10.889161607875')"
2465,,49.8923491,10.8868881,Südlicher Kran am Kranen in Bamberg,,D,blue,,,crane,,Point(10.8868881 49.8923491),0.083,http://www.wikidata.org/entity/Q55176947,1.0,,,http://www.wikidata.org/entity/Q178692,,"('49.8923491', '10.8868881')"
2466,,49.8899834,10.8898788,Q55176985,,D,blue,,,crane,,Point(10.8898788 49.8899834),0.282,http://www.wikidata.org/entity/Q55176985,1.0,,,http://www.wikidata.org/entity/Q178692,,"('49.8899834', '10.8898788')"
2467,,49.869072222222,10.910633333333,Q55177096,,D,blue,,,highway location marker,,Point(10.910633333 49.869072222),3.03,http://www.wikidata.org/entity/Q55177096,1.0,,,http://www.wikidata.org/entity/Q13222303,,"('49.869072222222', '10.910633333333')"
2468,,49.8925908,10.8864637,Nördlicher Kran am Kranen in Bamberg,,D,blue,,,crane,,Point(10.8864637 49.8925908),0.113,http://www.wikidata.org/entity/Q56192520,1.0,,,http://www.wikidata.org/entity/Q178692,,"('49.8925908', '10.8864637')"
2469,,49.91465,11.08266,Ellerbachschlucht SE von Tiefenellern,,D,blue,,,geotope,,Point(11.08266 49.91465),14.255,http://www.wikidata.org/entity/Q58459954,1.0,,,http://www.wikidata.org/entity/Q372363,,"('49.91465', '11.08266')"
2471,,49.9219,11.08195,Felsburg NE von Tiefenellern,,D,blue,,,geotope,,Point(11.08195 49.9219),14.372,http://www.wikidata.org/entity/Q58459953,1.0,,,http://www.wikidata.org/entity/Q372363,,"('49.9219', '11.08195')"
2473,,50.02601,10.87456,Hohlweg N von Höfenneusig,,D,blue,,,geotope,,Point(10.87456 50.02601),14.97,http://www.wikidata.org/entity/Q59266039,1.0,,,http://www.wikidata.org/entity/Q372363,,"('50.02601', '10.87456')"
2475,,49.97045,10.78424,Hohlweg SW von Lauter,,D,blue,,,geotope,,Point(10.78424 49.97045),11.436,http://www.wikidata.org/entity/Q59266040,1.0,,,http://www.wikidata.org/entity/Q372363,,"('49.97045', '10.78424')"
2477,,50.007,10.87133,Hangrutsch NNW von Daschendorf,,D,blue,,,geotope,,Point(10.87133 50.007),12.879,http://www.wikidata.org/entity/Q59267451,1.0,,,http://www.wikidata.org/entity/Q372363,,"('50.007', '10.87133')"
2479,,49.961085,10.73867,Hänge an Spitzlberg und Kunkelsbühl,,D,blue,,,protected area,,Point(10.73867 49.961085),13.122,http://www.wikidata.org/entity/Q59390331,1.0,,,http://www.wikidata.org/entity/Q473972,,"('49.961085', '10.73867')"
2481,,49.9262864641,10.8405899798,Mainaltarm bei Dörfleins,,D,blue,,,protected area,,Point(10.840589979 49.926286464),5.084,http://www.wikidata.org/entity/Q59390339,1.0,,,http://www.wikidata.org/entity/Q473972,,"('49.9262864641', '10.8405899798')"
2483,,49.9266211583,10.7828948894,Schleusenhalbinsel und Altarm bei Viereth,,D,blue,,,protected area,,Point(10.782894889 49.926621158),8.4,http://www.wikidata.org/entity/Q59390382,1.0,,,http://www.wikidata.org/entity/Q473972,,"('49.9266211583', '10.7828948894')"
2485,,49.9228157026,10.9395961916,Stocksee und Umgebung,,D,blue,,,protected area,,Point(10.939596191 49.922815702),5.129,http://www.wikidata.org/entity/Q59390383,1.0,,,http://www.wikidata.org/entity/Q473972,,"('49.9228157026', '10.9395961916')"
2487,,49.9987041913,10.8542102841,Hänge am Kraiberg,,D,blue,,,protected area,,Point(10.854210284 49.998704191),12.135,http://www.wikidata.org/entity/Q59390405,1.0,,,http://www.wikidata.org/entity/Q473972,,"('49.9987041913', '10.8542102841')"
2489,,49.9248820304,10.9037444836,Börstig bei Hallstadt,,D,blue,,,protected area,,Point(10.903744483 49.92488203),3.893,http://www.wikidata.org/entity/Q59390408,1.0,,,http://www.wikidata.org/entity/Q473972,,"('49.9248820304', '10.9037444836')"
2491,,49.886666322,10.9252879611,Muna-Gelände in Bamberg,,D,blue,,,protected area,,Point(10.925287961 49.886666322),2.808,http://www.wikidata.org/entity/Q59420166,1.0,,,http://www.wikidata.org/entity/Q473972,,"('49.886666322', '10.9252879611')"
2493,,49.8565806333,10.9047883725,Naturwaldreservat Wolfsruhe,,D,blue,,,protected area,,Point(10.904788372 49.856580633),4.101,http://www.wikidata.org/entity/Q59420187,1.0,,,http://www.wikidata.org/entity/Q473972,,"('49.8565806333', '10.9047883725')"
2495,,49.92053,10.85074,Säugries,,D,blue,,,protected area,,Point(10.85074 49.92053),4.127,http://www.wikidata.org/entity/Q59637995,1.0,,,http://www.wikidata.org/entity/Q473972,,"('49.92053', '10.85074')"
2497,,49.8868,10.95958,Schutz von Landschaftsteilen im Stadt- und Landkreis Bamberg LSG Hauptsmoorwald,,D,blue,,,protected area,,Point(10.95958 49.8868),5.238,http://www.wikidata.org/entity/Q59637997,1.0,,,http://www.wikidata.org/entity/Q473972,,"('49.8868', '10.95958')"
2499,,49.8768,10.89697,Schutz der Landschaftsräume Leinritt und Bamberger Hain im Gebiet der Stadt Bamberg,,D,blue,,,protected area,,Point(10.89697 49.8768),1.799,http://www.wikidata.org/entity/Q59638117,1.0,,,http://www.wikidata.org/entity/Q473972,,"('49.8768', '10.89697')"
2501,,49.88144,10.86783,Schutz der Landschaftsräume Altenburg - Rothof im Gebiet der Stadt Bamberg,,D,blue,,,protected area,,Point(10.86783 49.88144),1.77,http://www.wikidata.org/entity/Q59638120,1.0,,,http://www.wikidata.org/entity/Q473972,,"('49.88144', '10.86783')"
2503,,49.89976,10.84033,LSG Röthelbachtal im Gebiet der Stadt Bamberg,,D,blue,,,protected area,,Point(10.84033 49.89976),3.453,http://www.wikidata.org/entity/Q59638121,1.0,,,http://www.wikidata.org/entity/Q473972,,"('49.89976', '10.84033')"
2505,,49.936439,10.825374,Seelaub,,D,blue,,,biological reserve,,Point(10.825374 49.936439),6.65,http://www.wikidata.org/entity/Q62530798,1.0,,,http://www.wikidata.org/entity/Q445467,,"('49.936439', '10.825374')"
2506,,49.924646111111,11.040726111111,Lohntal,,D,blue,,,biological reserve,,Point(11.040726111 49.924646111),11.615,http://www.wikidata.org/entity/Q62531740,1.0,,,http://www.wikidata.org/entity/Q445467,,"('49.924646111111', '11.040726111111')"
2507,,49.85576,10.903267,Wolfsruhe,,D,blue,,,biological reserve,,Point(10.903267 49.85576),4.156,http://www.wikidata.org/entity/Q62532307,1.0,,,http://www.wikidata.org/entity/Q445467,,"('49.85576', '10.903267')"
2508,,49.8905135,10.889665,Nördlicher Kran am Nonnengraben in Bamberg,,D,blue,,,crane,,Point(10.889665 49.8905135),0.235,http://www.wikidata.org/entity/Q63021589,1.0,,,http://www.wikidata.org/entity/Q178692,,"('49.8905135', '10.889665')"
2509,,49.88758,10.89022,Q63022128,,D,blue,,,gangway,,Point(10.89022 49.88758),0.509,http://www.wikidata.org/entity/Q63022128,1.0,,,http://www.wikidata.org/entity/Q3771516,,"('49.88758', '10.89022')"
2510,,49.841078769444,11.076584169444,Kalksinterbäche nördlich von Frankendorf,,D,blue,,,Protected landscape component,,Point(11.076584169 49.841078769),14.713,http://www.wikidata.org/entity/Q64006574,1.0,,,http://www.wikidata.org/entity/Q1518285,,"('49.841078769444', '11.076584169444')"
2512,,49.89227,10.88641,Treidelschiff in Bamberg,,D,blue,,,burlak,,Point(10.88641 49.89227),0.08,http://www.wikidata.org/entity/Q97119138,1.0,,,http://www.wikidata.org/entity/Q725098,,"('49.89227', '10.88641')"
2514,,49.88841,10.89026,Q97142466,,D,blue,,,inlet structure,,Point(10.89026 49.88841),0.431,http://www.wikidata.org/entity/Q97142466,1.0,,,http://www.wikidata.org/entity/Q1308315,,"('49.88841', '10.89026')"
2515,,49.88761,10.88991,Q97142598,,D,blue,,,Q1879141,,Point(10.88991 49.88761),0.495,http://www.wikidata.org/entity/Q97142598,1.0,,,http://www.wikidata.org/entity/Q1879141,,"('49.88761', '10.88991')"
2517,,49.86875,10.91293,Ehemaliger Kanalhafen Bug,,D,blue,,,inland port,,Point(10.91293 49.86875),3.154,http://www.wikidata.org/entity/Q97159179,1.0,,,http://www.wikidata.org/entity/Q863915,,"('49.86875', '10.91293')"
2518,,49.87036,10.90664,Anleger Bughof,,D,blue,,,Q1879141,,Point(10.90664 49.87036),2.755,http://www.wikidata.org/entity/Q97159327,1.0,,,http://www.wikidata.org/entity/Q1879141,,"('49.87036', '10.90664')"
2519,,49.986330555556,10.851269444444,"Marktplatz 1, Stadel (Baunach)",,D,blue,,,barn,,Point(10.851269444 49.986330555),10.836,http://www.wikidata.org/entity/Q98223459,1.0,,,http://www.wikidata.org/entity/Q1303167,,"('49.986330555556', '10.851269444444')"
2521,,49.975282613709,11.033123672499,Wohnhaus,,D,blue,,,residential building,,Point(11.033123672 49.975282613),14.006,http://www.wikidata.org/entity/Q98576411,1.0,,,http://www.wikidata.org/entity/Q11755880,,"('49.975282613709', '11.033123672499')"
2522,,49.975403392082,11.035242583634,Wohnhaus,,D,blue,,,residential building,,Point(11.035242583 49.975403392),14.129,http://www.wikidata.org/entity/Q98576409,1.0,,,http://www.wikidata.org/entity/Q11755880,,"('49.975403392082', '11.035242583634')"
2523,,49.92975373752,10.876080899124,Scheune,,D,blue,,,barn,,Point(10.876080899 49.929753737),4.311,http://www.wikidata.org/entity/Q98576447,1.0,,,http://www.wikidata.org/entity/Q1303167,,"('49.92975373752', '10.876080899124')"
2524,,49.841197061097,11.039878194247,Bauernhaus,,D,blue,,,farmhouse,,Point(11.039878194 49.841197061),12.317,http://www.wikidata.org/entity/Q98576445,1.0,,,http://www.wikidata.org/entity/Q489357,,"('49.841197061097', '11.039878194247')"
2525,,49.915114380025,10.814606778655,Kruzifix,,D,blue,,,crucifix,,Point(10.814606778 49.91511438),5.796,http://www.wikidata.org/entity/Q98576481,1.0,,,http://www.wikidata.org/entity/Q20460,,"('49.915114380025', '10.814606778655')"
2526,,49.893050030597,10.875480501048,Wohnhaus,,D,blue,,,residential building,,Point(10.875480501 49.89305003),0.83,http://www.wikidata.org/entity/Q98578164,1.0,,,http://www.wikidata.org/entity/Q11755880,,"('49.893050030597', '10.875480501048')"
2527,,49.892777233968,10.875573873481,Wohnhaus,,D,blue,,,residential building,,Point(10.875573873 49.892777233),0.818,http://www.wikidata.org/entity/Q98578165,1.0,,,http://www.wikidata.org/entity/Q11755880,,"('49.892777233968', '10.875573873481')"
2528,,49.892952600215,10.887607908078,Kleinbürgerhaus,,D,blue,,,residential building,,Point(10.887607908 49.8929526),0.159,http://www.wikidata.org/entity/Q98578177,1.0,,,http://www.wikidata.org/entity/Q11755880,,"('49.892952600215', '10.887607908078')"
2529,,49.892430645799,10.876474021443,Wohnhaus,,D,blue,,,residential building,,Point(10.876474021 49.892430645),0.749,http://www.wikidata.org/entity/Q98578188,1.0,,,http://www.wikidata.org/entity/Q11755880,,"('49.892430645799', '10.876474021443')"
2530,,49.892392938809,10.87665414776,Wohnhaus,,D,blue,,,residential building,,Point(10.876654147 49.892392938),0.735,http://www.wikidata.org/entity/Q98578189,1.0,,,http://www.wikidata.org/entity/Q11755880,,"('49.892392938809', '10.87665414776')"
2531,,49.89202937154,10.877306422717,Mietshaus,,D,blue,,,revenue house,,Point(10.877306422 49.892029371),0.685,http://www.wikidata.org/entity/Q98578194,1.0,,,http://www.wikidata.org/entity/Q1577547,,"('49.89202937154', '10.877306422717')"
2532,,49.892281898652,10.876852786447,Wohnhaus,,D,blue,,,residential building,,Point(10.876852786 49.892281898),0.72,http://www.wikidata.org/entity/Q98578192,1.0,,,http://www.wikidata.org/entity/Q11755880,,"('49.892281898652', '10.876852786447')"
2533,,49.892055958292,10.877164822878,Wohnhaus,,D,blue,,,residential building,,Point(10.877164822 49.892055958),0.695,http://www.wikidata.org/entity/Q98578193,1.0,,,http://www.wikidata.org/entity/Q11755880,,"('49.892055958292', '10.877164822878')"
2534,,49.891833365407,10.87778171137,Kinderheim,,D,blue,,,orphanage,,Point(10.877781711 49.891833365),0.65,http://www.wikidata.org/entity/Q98578199,1.0,,,http://www.wikidata.org/entity/Q160645,,"('49.891833365407', '10.87778171137')"
2535,,49.892210092761,10.877465287065,Wohnhaus,,D,blue,,,residential building,,Point(10.877465287 49.892210092),0.675,http://www.wikidata.org/entity/Q98578196,1.0,,,http://www.wikidata.org/entity/Q11755880,,"('49.892210092761', '10.877465287065')"
2536,,49.89195598301,10.877556055166,Wohnhaus,,D,blue,,,residential building,,Point(10.877556055 49.891955983),0.667,http://www.wikidata.org/entity/Q98578197,1.0,,,http://www.wikidata.org/entity/Q11755880,,"('49.89195598301', '10.877556055166')"
2537,,49.891723370705,10.877887042676,Wohnhaus,,D,blue,,,residential building,,Point(10.877887042 49.89172337),0.642,http://www.wikidata.org/entity/Q98578201,1.0,,,http://www.wikidata.org/entity/Q11755880,,"('49.891723370705', '10.877887042676')"
2538,,49.8432790947,10.915270075914,Dreiseithof,,D,blue,,,farmhouse,,Point(10.915270075 49.843279094),5.746,http://www.wikidata.org/entity/Q98581713,1.0,,,http://www.wikidata.org/entity/Q489357,,"('49.8432790947', '10.915270075914')"
2539,,49.89085126706,10.883939123603,Domherrenhof,,D,blue,,,building,,Point(10.883939123 49.890851267),0.225,http://www.wikidata.org/entity/Q98581871,1.0,,,http://www.wikidata.org/entity/Q41176,,"('49.89085126706', '10.883939123603')"
2540,,49.891813650419,10.886638439244,Brücke,,D,blue,,,road bridge,,Point(10.886638439 49.89181365),0.028,http://www.wikidata.org/entity/Q98581872,1.0,,,http://www.wikidata.org/entity/Q537127,,"('49.891813650419', '10.886638439244')"
2541,,49.89062276233,10.876434804052,Porzellanamlinstitut,,D,blue,,,factory,,Point(10.876434804 49.890622762),0.754,http://www.wikidata.org/entity/Q98581876,1.0,,,http://www.wikidata.org/entity/Q83405,,"('49.89062276233', '10.876434804052')"
2542,,49.892696587532,10.875815689236,Wohnhaus,,D,blue,,,residential building,,Point(10.875815689 49.892696587),0.8,http://www.wikidata.org/entity/Q98581882,1.0,,,http://www.wikidata.org/entity/Q11755880,,"('49.892696587532', '10.875815689236')"
2543,,49.892799325947,10.876342601011,Villa,,D,blue,,,villa,,Point(10.876342601 49.892799325),0.764,http://www.wikidata.org/entity/Q98581883,1.0,,,http://www.wikidata.org/entity/Q3950,,"('49.892799325947', '10.876342601011')"
2544,,49.883641373976,10.931338393349,Munitionsarbeiterhäuser,,D,blue,,,warehouse,,Point(10.931338393 49.883641373),3.308,http://www.wikidata.org/entity/Q98581880,1.0,,,http://www.wikidata.org/entity/Q181623,,"('49.883641373976', '10.931338393349')"
2545,,49.892016229318,10.877942886564,Palais,,D,blue,,,château,,Point(10.877942886 49.892016229),0.64,http://www.wikidata.org/entity/Q98581885,1.0,,,http://www.wikidata.org/entity/Q751876,,"('49.892016229318', '10.877942886564')"
2546,,49.891850014127,10.886605138345,Brückenfigur Regnitz in Bamberg,,D,blue,,,Q98523812,,Point(10.886605138 49.891850014),0.032,http://www.wikidata.org/entity/Q98582871,1.0,,,http://www.wikidata.org/entity/Q98523812,,"('49.891850014127', '10.886605138345')"
2547,,49.891544437568,10.88735293119,Brückenfigur Obere Brücke; Regnitz in Bamberg,,D,blue,,,Q98523812,,Point(10.887352931 49.891544437),0.037,http://www.wikidata.org/entity/Q98582875,1.0,,,http://www.wikidata.org/entity/Q98523812,,"('49.891544437568', '10.88735293119')"
2548,,49.891616523277,10.887298349042,Brückenfigur Obere Brücke in Bamberg,,D,blue,,,Q98523812,,Point(10.887298349 49.891616523),0.032,http://www.wikidata.org/entity/Q98582872,1.0,,,http://www.wikidata.org/entity/Q98523812,,"('49.891616523277', '10.887298349042')"
2549,,49.890588604863,10.87727663387,Mesnerhaus Jakobsplatz 12 in Bamberg,,D,blue,,,verger's house,,Point(10.877276633 49.890588604),0.695,http://www.wikidata.org/entity/Q98582942,1.0,,,http://www.wikidata.org/entity/Q98446138,,"('49.890588604863', '10.87727663387')"
2550,,50.003938747437,10.94128364639,Friedhofskreuz Dreikönigsstraße 13 in Zapfendorf,,D,blue,,,cemetery cross,,Point(10.941283646 50.003938747),13.084,http://www.wikidata.org/entity/Q98583161,1.0,,,http://www.wikidata.org/entity/Q98141330,,"('50.003938747437', '10.94128364639')"
2551,,49.89349749871,10.886693653203,Nebengebäude Am Kranen 14 in Bamberg,,D,blue,,,outbuilding,,Point(10.886693653 49.893497498),0.211,http://www.wikidata.org/entity/Q98585053,1.0,,,http://www.wikidata.org/entity/Q3044808,,"('49.89349749871', '10.886693653203')"
2552,,49.830768490119,10.926079812911,Grabmal Nähe Kirchplatz in Pettstadt,,D,blue,,,sepulchral monument,,Point(10.926079812 49.83076849),7.326,http://www.wikidata.org/entity/Q98585318,1.0,,,http://www.wikidata.org/entity/Q56055312,,"('49.830768490119', '10.926079812911')"
2553,,49.929282406857,10.878106274035,Tor Bahnhofstraße 28 in Hallstadt,,D,blue,,,gate,,Point(10.878106274 49.929282406),4.236,http://www.wikidata.org/entity/Q98585485,1.0,,,http://www.wikidata.org/entity/Q53060,,"('49.929282406857', '10.878106274035')"
2554,,50.003788116679,10.941033214977,Gedenkstein Dreikönigsstraße 13 in Zapfendorf,,D,blue,,,monument,,Point(10.941033214 50.003788116),13.062,http://www.wikidata.org/entity/Q98585689,1.0,,,http://www.wikidata.org/entity/Q4989906,,"('50.003788116679', '10.941033214977')"
2555,,49.868122954377,11.029698257901,Mühle Zur Mühle 17 in Strullendorf,,D,blue,,,mill,,Point(11.029698257 49.868122954),10.563,http://www.wikidata.org/entity/Q98585815,1.0,,,http://www.wikidata.org/entity/Q44494,,"('49.868122954377', '11.029698257901')"
2556,,49.918250813599,11.073674226965,Mühle Ellerbergstraße 20 in Litzendorf,,D,blue,,,mill,,Point(11.073674226 49.918250813),13.703,http://www.wikidata.org/entity/Q98585825,1.0,,,http://www.wikidata.org/entity/Q44494,,"('49.918250813599', '11.073674226965')"
2557,,49.929762043601,10.879109538105,Mühle Bahnhofstraße 25 in Hallstadt,,D,blue,,,mill,,Point(10.879109538 49.929762043),4.279,http://www.wikidata.org/entity/Q98585828,1.0,,,http://www.wikidata.org/entity/Q44494,,"('49.929762043601', '10.879109538105')"
2558,,49.92890478635,10.875501114337,Hoftor Marktplatz 4 in Hallstadt,,D,blue,,,yard gate,,Point(10.875501114 49.928904786),4.226,http://www.wikidata.org/entity/Q98586161,1.0,,,http://www.wikidata.org/entity/Q111010342,,"('49.92890478635', '10.875501114337')"
2559,,49.770019735684,10.946955232571,Heiligenfigur Schnaid 40 in Hallerndorf,,D,blue,,,sculpture of a saint,,Point(10.946955232 49.770019735),14.19,http://www.wikidata.org/entity/Q98587743,1.0,,,http://www.wikidata.org/entity/Q1595171,,"('49.770019735684', '10.946955232571')"
2560,,49.901646598734,10.7721254496,Heiligenhäuschen Tütschengereuther Hauptstraße 12 in Bischberg,,D,blue,,,chapel-shrine,,Point(10.772125449 49.901646598),8.292,http://www.wikidata.org/entity/Q98587801,1.0,,,http://www.wikidata.org/entity/Q14552192,,"('49.901646598734', '10.7721254496')"
2561,,49.930848909872,10.880632024401,Hofeinfahrt Lichtenfelser Straße 42 in Hallstadt,,D,blue,,,farm,,Point(10.880632024 49.930848909),4.386,http://www.wikidata.org/entity/Q98587871,1.0,,,http://www.wikidata.org/entity/Q131596,,"('49.930848909872', '10.880632024401')"
2562,,49.8684419683,11.027418616853,Scheune Zur Mühle 5 in Strullendorf,,D,blue,,,barn,,Point(11.027418616 49.868441968),10.396,http://www.wikidata.org/entity/Q98588133,1.0,,,http://www.wikidata.org/entity/Q1303167,,"('49.8684419683', '11.027418616853')"
2563,,49.930767367835,10.880746534932,Scheune Lichtenfelser Straße 42 in Hallstadt,,D,blue,,,barn,,Point(10.880746534 49.930767367),4.376,http://www.wikidata.org/entity/Q98588447,1.0,,,http://www.wikidata.org/entity/Q1303167,,"('49.930767367835', '10.880746534932')"
2564,,49.931126298577,10.869554582653,Scheune Mühlhofstraße 3 in Hallstadt,,D,blue,,,barn,,Point(10.869554582 49.931126298),4.566,http://www.wikidata.org/entity/Q98588445,1.0,,,http://www.wikidata.org/entity/Q1303167,,"('49.931126298577', '10.869554582653')"
2565,,49.929191104917,10.878065986893,Scheune Bahnhofstraße 28 in Hallstadt,,D,blue,,,barn,,Point(10.878065986 49.929191104),4.226,http://www.wikidata.org/entity/Q98588452,1.0,,,http://www.wikidata.org/entity/Q1303167,,"('49.929191104917', '10.878065986893')"
2566,,49.890580801248,10.877074866451,Schulgebäude Jakobsplatz 11 a in Bamberg,,D,blue,,,school building,,Point(10.877074866 49.890580801),0.709,http://www.wikidata.org/entity/Q98588941,1.0,,,http://www.wikidata.org/entity/Q1244442,,"('49.890580801248', '10.877074866451')"
2567,,49.817796358467,10.867927094303,Wohnhaus Im Schloß 7 in Frensdorf,,D,blue,,,residential building,,Point(10.867927094 49.817796358),8.318,http://www.wikidata.org/entity/Q98589291,1.0,,,http://www.wikidata.org/entity/Q11755880,,"('49.817796358467', '10.867927094303')"
2568,,49.761078935161,10.89517615835,Hoftor Pfarrer-Reichelt-Platz 1 in Höchstadt an der Aisch,,D,blue,,,yard gate,,Point(10.895176158 49.761078935),14.525,http://www.wikidata.org/entity/Q98635159,1.0,,,http://www.wikidata.org/entity/Q111010342,,"('49.761078935161', '10.89517615835')"
2569,,49.761227048457,10.89528223712,Nebengebäude Pfarrer-Reichelt-Platz 1 in Höchstadt an der Aisch,,D,blue,,,outbuilding,,Point(10.895282237 49.761227048),14.509,http://www.wikidata.org/entity/Q98635157,1.0,,,http://www.wikidata.org/entity/Q3044808,,"('49.761227048457', '10.89528223712')"
2570,,49.761264051047,10.895621222415,Friedhofsmauer Pfarrer-Reichelt-Platz 5 in Höchstadt an der Aisch,,D,blue,,,churchyard wall,,Point(10.895621222 49.761264051),14.506,http://www.wikidata.org/entity/Q98635161,1.0,,,http://www.wikidata.org/entity/Q40211238,,"('49.761264051047', '10.895621222415')"
2572,,50.016249,10.935733,Auferstehungskirche,,D,blue,,,church building,,Point(10.935733 50.016249),14.294,http://www.wikidata.org/entity/Q111465531,1.0,,,http://www.wikidata.org/entity/Q16970,,"('50.016249', '10.935733')"
2573,,49.92449,10.78749,Wasserkraftwerk Viereth,,D,blue,,,run-of-river hydroelectric power station,,Point(10.78749 49.92449),7.999,http://www.wikidata.org/entity/Q111508105,1.0,,,http://www.wikidata.org/entity/Q1411996,,"('49.92449', '10.78749')"
2575,,49.910789,10.914981,"Organ of the protestant Resurrection Church, Bamberg, Bavaria, Germany",,D,blue,,,church organ,,Point(10.914981 49.910789),2.934,http://www.wikidata.org/entity/Q112980426,1.0,,,http://www.wikidata.org/entity/Q15976349,,"('49.910789', '10.914981')"
2576,,49.888344,10.88596,"Main organ of the lutheran St. Stephen's Church, Bamberg, Bavaria, Germany",,D,blue,,,church organ,,Point(10.88596 49.888344),0.368,http://www.wikidata.org/entity/Q112995988,1.0,,,http://www.wikidata.org/entity/Q15976349,,"('49.888344', '10.88596')"
2577,,49.888027,10.888455,Villa Concordia,,D,blue,,,building,,Point(10.888455 49.888027),0.414,http://www.wikidata.org/entity/Q113633268,1.0,,,http://www.wikidata.org/entity/Q41176,,"('49.888027', '10.888455')"
2580,,49.780611111111,10.836722222222,Sambach,,D,blue,,,former railway stop,,Point(10.836722222 49.780611111),12.854,http://www.wikidata.org/entity/Q115348028,1.0,,,http://www.wikidata.org/entity/Q65464941,,"('49.780611111111', '10.836722222222')"
2581,,49.815218,10.87078,Frensdorf,,D,blue,,,staff halt,,Point(10.87078 49.815218),8.571,http://www.wikidata.org/entity/Q115821615,1.0,,,http://www.wikidata.org/entity/Q65227640,,"('49.815218', '10.87078')"
2582,,49.770833333333,10.808722222222,Steppach-Pommersfelden,,D,blue,,,former railway station,,Point(10.808722222 49.770833333),14.551,http://www.wikidata.org/entity/Q115980709,1.0,,,http://www.wikidata.org/entity/Q4663385,,"('49.770833333333', '10.808722222222')"
2583,,50.001531,10.913804,Ebing,,D,blue,,,Haltepunkt (train stop),,Point(10.913804 50.001531),12.374,http://www.wikidata.org/entity/Q116016492,1.0,,,http://www.wikidata.org/entity/Q27996460,,"('50.001531', '10.913804')"
2584,,49.9352301,10.9545704,Memmelsdorf (Oberfr),,D,blue,,,former railway station,,Point(10.9545704 49.9352301),6.859,http://www.wikidata.org/entity/Q117020767,1.0,,,http://www.wikidata.org/entity/Q4663385,,"('49.9352301', '10.9545704')"
2585,,49.9722049,11.0280862,Scheßlitz,,D,blue,,,former railway station,,Point(11.0280862 49.9722049),13.509,http://www.wikidata.org/entity/Q117021456,1.0,,,http://www.wikidata.org/entity/Q4663385,,"('49.9722049', '11.0280862')"
2586,,49.910739,10.915137,Resurrection Church,,D,blue,,,church building,,Point(10.915137 49.910739),2.938,http://www.wikidata.org/entity/Q120513692,1.0,,,http://www.wikidata.org/entity/Q16970,,"('49.910739', '10.915137')"
2587,,49.884977257752,10.882680701713,Q120513917,,D,blue,,,church building,,Point(10.882680701 49.884977257),0.795,http://www.wikidata.org/entity/Q120513917,1.0,,,http://www.wikidata.org/entity/Q16970,,"('49.884977257752', '10.882680701713')"
2588,,49.89141,10.89241,Meeting,,D,blue,,,sculpture,,Point(10.89241 49.89141),0.399,http://www.wikidata.org/entity/Q123856060,1.0,,,http://www.wikidata.org/entity/Q860861,,"('49.89141', '10.89241')"
2589,,49.89103,10.8921,Mahnmal für Widerstand und Zivilcourage,,D,blue,,,cautionary memorial,,Point(10.8921 49.89103),0.382,http://www.wikidata.org/entity/Q123858221,1.0,,,http://www.wikidata.org/entity/Q1885014,,"('49.89103', '10.8921')"
2590,,49.8886,10.8803,Q124370346,,D,blue,,,Kolleg,,Point(10.8803 49.8886),0.576,http://www.wikidata.org/entity/Q124370346,1.0,,,http://www.wikidata.org/entity/Q1597339,,"('49.8886', '10.8803')"
2592,,50.004204952528,10.873279895815,Daschendorf,,D,blue,,,Ortsteil,,Point(10.873279895 50.004204952),12.558,http://www.wikidata.org/entity/Q125729980,1.0,,,http://www.wikidata.org/entity/Q253019,,"('50.004204952528', '10.873279895815')"
2593,,49.80158,10.96705,Sandmagerrasen westlich von Juliushof,,D,blue,,,protected area,,Point(10.96705 49.80158),11.544,http://www.wikidata.org/entity/Q125730858,1.0,,,http://www.wikidata.org/entity/Q473972,,"('49.80158', '10.96705')"
2595,,49.99845,10.90416,Ochsenanger südlich von Ebing,,D,blue,,,protected area,,Point(10.90416 49.99845),11.945,http://www.wikidata.org/entity/Q125731070,1.0,,,http://www.wikidata.org/entity/Q473972,,"('49.99845', '10.90416')"
2597,,49.775278333333,10.913809444444,Q125744938,,D,blue,,,chapel,,Point(10.913809444 49.775278333),13.078,http://www.wikidata.org/entity/Q125744938,1.0,,,http://www.wikidata.org/entity/Q108325,,"('49.775278333333', '10.913809444444')"
2598,,49.8912,10.8835,Q126726586,,D,blue,,,residential building,,Point(10.8835 49.8912),0.244,http://www.wikidata.org/entity/Q126726586,1.0,,,http://www.wikidata.org/entity/Q11755880,,"('49.8912', '10.8835')"
2600,,49.8921659,10.8871718,Centurione I,,D,blue,,,sculpture,,Point(10.8871718 49.8921659),0.067,http://www.wikidata.org/entity/Q130901854,1.0,,,http://www.wikidata.org/entity/Q860861,,"('49.8921659', '10.8871718')"
2601,,49.8926787,10.8830599,Apoll,,D,blue,,,sculpture,,Point(10.8830599 49.8926787),0.296,http://www.wikidata.org/entity/Q130941207,1.0,,,http://www.wikidata.org/entity/Q860861,,"('49.8926787', '10.8830599')"
2602,,49.8946253,10.8866608,Q130941634,,D,blue,,,sculpture,,Point(10.8866608 49.8946253),0.336,http://www.wikidata.org/entity/Q130941634,1.0,,,http://www.wikidata.org/entity/Q860861,,"('49.8946253', '10.8866608')"
2603,,49.888145,10.8902926,Q131615620,,D,blue,,,gangway,,Point(10.8902926 49.888145),0.457,http://www.wikidata.org/entity/Q131615620,1.0,,,http://www.wikidata.org/entity/Q3771516,,"('49.888145', '10.8902926')"
2604,,49.914377307596,10.701741719659,Nußbachquelle (Priesendorf),,D,blue,,,spring,,Point(10.701741719 49.914377307),13.496,http://www.wikidata.org/entity/Q131836908,1.0,,,http://www.wikidata.org/entity/Q124714,,"('49.914377307596', '10.701741719659')"
2605,,49.976161111111,11.035211111111,Baptismal font of St. Kilian (Scheßlitz),,D,blue,,,baptismal font,,Point(11.035211111 49.976161111),14.182,http://www.wikidata.org/entity/Q134486034,1.0,,,http://www.wikidata.org/entity/Q208820,,"('49.976161111111', '11.035211111111')"
2607,,49.8,10.97,Juliushof,,D,blue,,,Ortsteil,,Point(10.97 49.8),11.802,http://www.wikidata.org/entity/Q42332389,1.0,,https://de.wikipedia.org/wiki/Juliushof_(Hirschaid),http://www.wikidata.org/entity/Q253019,,"('49.8', '10.97')"
2609,,49.963,10.99715,Q47488407,,D,blue,,,Ortsteil,,Point(10.99715 49.963),11.196,http://www.wikidata.org/entity/Q47488407,1.0,,https://de.wikipedia.org/wiki/Wiesengiech,http://www.wikidata.org/entity/Q253019,,"('49.963', '10.99715')"
2610,,49.89453,10.88928,Old St. Martin,,D,blue,,,church building,,Point(10.88928 49.89453),0.369,http://www.wikidata.org/entity/Q57567108,1.0,,https://de.wikipedia.org/wiki/Alt_St._Martin_(Bamberg),http://www.wikidata.org/entity/Q16970,,"('49.89453', '10.88928')"
2611,,49.85658264,11.05799961,Q22692537,,D,blue,,,mountain,,Point(11.05799961 49.85658264),12.868,http://www.wikidata.org/entity/Q22692537,1.0,,https://de.wikipedia.org/wiki/Katzenberg_(Fr%C3%A4nkische_Alb),http://www.wikidata.org/entity/Q8502,,"('49.85658264', '11.05799961')"
2612,,49.832019,10.961367,Hirschaid power station,,D,blue,,,run-of-river hydroelectric power station,,Point(10.961367 49.832019),8.51,http://www.wikidata.org/entity/Q25917768,1.0,,https://de.wikipedia.org/wiki/Kraftwerk_Hirschaid,http://www.wikidata.org/entity/Q1411996,,"('49.832019', '10.961367')"
2613,,49.933579494211,11.049514668192,Q26271365,,D,blue,,,natural geographic object,,Point(11.049514668 49.933579494),12.547,http://www.wikidata.org/entity/Q26271365,1.0,,https://de.wikipedia.org/wiki/Stammberg_(Fr%C3%A4nkische_Alb),http://www.wikidata.org/entity/Q35145263,,"('49.933579494211', '11.049514668192')"
2615,,49.869111,10.722599,Q28066588,,D,blue,,,architectural structure,,Point(10.722599 49.869111),12.031,http://www.wikidata.org/entity/Q28066588,1.0,,https://de.wikipedia.org/wiki/Turmh%C3%BCgel_Seeleiten,http://www.wikidata.org/entity/Q811979,,"('49.869111', '10.722599')"
2616,,49.828025,11.042752,Q28109516,,D,blue,,,fortification,,Point(11.042752 49.828025),13.223,http://www.wikidata.org/entity/Q28109516,1.0,,https://de.wikipedia.org/wiki/Abschnittsbefestigung_Knock,http://www.wikidata.org/entity/Q57821,,"('49.828025', '11.042752')"
2617,,49.852164,11.035079,Q28124859,,D,blue,,,fortification,,Point(11.035079 49.852164),11.492,http://www.wikidata.org/entity/Q28124859,1.0,,https://de.wikipedia.org/wiki/Abschnittsbefestigung_Ha-Knock,http://www.wikidata.org/entity/Q57821,,"('49.852164', '11.035079')"
2618,,49.89454,10.88038,Stadtarchiv Bamberg,,D,blue,,,Municipal Archive,,Point(10.88038 49.89454),0.567,http://www.wikidata.org/entity/Q28720254,1.0,,https://de.wikipedia.org/wiki/Stadtarchiv_Bamberg,http://www.wikidata.org/entity/Q604177,,"('49.89454', '10.88038')"
2620,,49.92672,10.94803,Q102207404,,D,blue,,,Ortsteil,,Point(10.94803 49.92672),5.868,http://www.wikidata.org/entity/Q102207404,1.0,,https://de.wikipedia.org/wiki/Seehof_(Memmelsdorf),http://www.wikidata.org/entity/Q253019,,"('49.92672', '10.94803')"
2621,,49.911666666667,10.6925,Nützelbach,,D,blue,,,Ortsteil,,Point(10.6925 49.911666666),14.096,http://www.wikidata.org/entity/Q104444464,1.0,,https://de.wikipedia.org/wiki/N%C3%BCtzelbach_(Oberaurach),http://www.wikidata.org/entity/Q253019,,"('49.911666666667', '10.6925')"
2623,,49.893694444444,10.885833333333,Q110571396,,D,blue,,,architectural structure,,Point(10.885833333 49.893694444),0.243,http://www.wikidata.org/entity/Q110571396,1.0,,https://de.wikipedia.org/wiki/Kapuzinerstra%C3%9Fe_17,http://www.wikidata.org/entity/Q811979,,"('49.893694444444', '10.885833333333')"
2625,,49.818911544611,10.731188257673,Q130565139,,D,blue,,,architectural structure,,Point(10.731188257 49.818911544),13.778,http://www.wikidata.org/entity/Q130565139,1.0,,https://de.wikipedia.org/wiki/Steigerwaldklinik_Burgebrach,http://www.wikidata.org/entity/Q811979,,"('49.818911544611', '10.731188257673')"
