<?xml version="1.0" encoding="UTF-8"?>
<kml xmlns="http://www.opengis.net/kml/2.2" xmlns:gx="http://www.google.com/kml/ext/2.2">
    <Document id="1">
        <Style id="icon-1739-E65100-normal">
            <IconStyle id="19">
                <colorMode>normal</colorMode>
                <scale>1</scale>
                <heading>0</heading>
                <Icon id="20">
                    <href>https://www.gstatic.com/mapspro/images/stock/503-wht-blank_maps.png</href>
                </Icon>
            </IconStyle>
        </Style>
        <Style id="1198"/>
        <Style id="icon-1739-7CB342-normal">
            <IconStyle id="23">
                <colorMode>normal</colorMode>
                <scale>1</scale>
                <heading>0</heading>
                <Icon id="24">
                    <href>https://www.gstatic.com/mapspro/images/stock/503-wht-blank_maps.png</href>
                </Icon>
            </IconStyle>
        </Style>
        <Style id="1199"/>
        <Style id="icon-1739-9C27B0-normal">
            <IconStyle id="27">
                <colorMode>normal</colorMode>
                <scale>1</scale>
                <heading>0</heading>
                <Icon id="28">
                    <href>https://www.gstatic.com/mapspro/images/stock/503-wht-blank_maps.png</href>
                </Icon>
            </IconStyle>
        </Style>
        <Style id="1200"/>
        <Style id="icon-1739-FFEA00-normal">
            <IconStyle id="31">
                <colorMode>normal</colorMode>
                <scale>1</scale>
                <heading>0</heading>
                <Icon id="32">
                    <href>https://www.gstatic.com/mapspro/images/stock/503-wht-blank_maps.png</href>
                </Icon>
            </IconStyle>
        </Style>
        <Style id="1201"/>
        <Style id="icon-1739-0288D1-normal">
            <IconStyle id="35">
                <colorMode>normal</colorMode>
                <scale>1</scale>
                <heading>0</heading>
                <Icon id="36">
                    <href>https://www.gstatic.com/mapspro/images/stock/503-wht-blank_maps.png</href>
                </Icon>
            </IconStyle>
        </Style>
        <Style id="1202"/>
        <Style id="icon-1556-FFD600-normal">
            <IconStyle id="43">
                <colorMode>normal</colorMode>
                <scale>1</scale>
                <heading>0</heading>
                <Icon id="44">
                    <href>https://www.gstatic.com/mapspro/images/stock/503-wht-blank_maps.png</href>
                </Icon>
            </IconStyle>
        </Style>
        <Style id="1203"/>
        <Style id="icon-1594-000000-normal">
            <IconStyle id="39">
                <colorMode>normal</colorMode>
                <scale>1</scale>
                <heading>0</heading>
                <Icon id="40">
                    <href>https://www.gstatic.com/mapspro/images/stock/503-wht-blank_maps.png</href>
                </Icon>
            </IconStyle>
        </Style>
        <Style id="1204"/>
        <Style id="icon-1636-0288D1-normal">
            <IconStyle id="47">
                <colorMode>normal</colorMode>
                <scale>1</scale>
                <heading>0</heading>
                <Icon id="48">
                    <href>https://www.gstatic.com/mapspro/images/stock/503-wht-blank_maps.png</href>
                </Icon>
            </IconStyle>
        </Style>
        <Style id="1205"/>
        <Style id="icon-1577-0288D1-normal">
            <IconStyle id="75">
                <colorMode>normal</colorMode>
                <scale>1</scale>
                <heading>0</heading>
                <Icon id="76">
                    <href>https://www.gstatic.com/mapspro/images/stock/503-wht-blank_maps.png</href>
                </Icon>
            </IconStyle>
        </Style>
        <Style id="1206"/>
        <Style id="icon-1577-0F9D58-normal">
            <IconStyle id="79">
                <colorMode>normal</colorMode>
                <scale>1</scale>
                <heading>0</heading>
                <Icon id="80">
                    <href>https://www.gstatic.com/mapspro/images/stock/503-wht-blank_maps.png</href>
                </Icon>
            </IconStyle>
        </Style>
        <Style id="1207"/>
        <Style id="icon-1577-FFEA00-normal">
            <IconStyle id="83">
                <colorMode>normal</colorMode>
                <scale>1</scale>
                <heading>0</heading>
                <Icon id="84">
                    <href>https://www.gstatic.com/mapspro/images/stock/503-wht-blank_maps.png</href>
                </Icon>
            </IconStyle>
        </Style>
        <Style id="1208"/>
        <Style id="icon-1577-FF5252-normal">
            <IconStyle id="87">
                <colorMode>normal</colorMode>
                <scale>1</scale>
                <heading>0</heading>
                <Icon id="88">
                    <href>https://www.gstatic.com/mapspro/images/stock/503-wht-blank_maps.png</href>
                </Icon>
            </IconStyle>
        </Style>
        <Style id="1209"/>
        <Style id="icon-1798-0288D1-normal">
            <IconStyle id="55">
                <colorMode>normal</colorMode>
                <scale>1</scale>
                <heading>0</heading>
                <Icon id="56">
                    <href>https://www.gstatic.com/mapspro/images/stock/503-wht-blank_maps.png</href>
                </Icon>
            </IconStyle>
        </Style>
        <Style id="1210"/>
        <Style id="icon-1798-0F9D58-normal">
            <IconStyle id="59">
                <colorMode>normal</colorMode>
                <scale>1</scale>
                <heading>0</heading>
                <Icon id="60">
                    <href>https://www.gstatic.com/mapspro/images/stock/503-wht-blank_maps.png</href>
                </Icon>
            </IconStyle>
        </Style>
        <Style id="1211"/>
        <Style id="icon-1798-FFEA00-normal">
            <IconStyle id="63">
                <colorMode>normal</colorMode>
                <scale>1</scale>
                <heading>0</heading>
                <Icon id="64">
                    <href>https://www.gstatic.com/mapspro/images/stock/503-wht-blank_maps.png</href>
                </Icon>
            </IconStyle>
        </Style>
        <Style id="1212"/>
        <Style id="icon-1798-FF5252-normal">
            <IconStyle id="67">
                <colorMode>normal</colorMode>
                <scale>1</scale>
                <heading>0</heading>
                <Icon id="68">
                    <href>https://www.gstatic.com/mapspro/images/stock/503-wht-blank_maps.png</href>
                </Icon>
            </IconStyle>
        </Style>
        <Style id="1213"/>
        <Style id="icon-1534-0288D1-normal">
            <IconStyle id="71">
                <colorMode>normal</colorMode>
                <scale>1</scale>
                <heading>0</heading>
                <Icon id="72">
                    <href>https://www.gstatic.com/mapspro/images/stock/503-wht-blank_maps.png</href>
                </Icon>
            </IconStyle>
        </Style>
        <Style id="1214"/>
        <Style id="1215"/>
        <Style id="icon-1602-0288D1-normal">
            <IconStyle id="91">
                <colorMode>normal</colorMode>
                <scale>1</scale>
                <heading>0</heading>
                <Icon id="92">
                    <href>https://www.gstatic.com/mapspro/images/stock/503-wht-blank_maps.png</href>
                </Icon>
            </IconStyle>
        </Style>
        <Style id="1216"/>
        <Style id="icon-1602-0F9D58-normal">
            <IconStyle id="95">
                <colorMode>normal</colorMode>
                <scale>1</scale>
                <heading>0</heading>
                <Icon id="96">
                    <href>https://www.gstatic.com/mapspro/images/stock/503-wht-blank_maps.png</href>
                </Icon>
            </IconStyle>
        </Style>
        <Style id="1217"/>
        <Style id="icon-1602-FFEA00-normal">
            <IconStyle id="99">
                <colorMode>normal</colorMode>
                <scale>1</scale>
                <heading>0</heading>
                <Icon id="100">
                    <href>https://www.gstatic.com/mapspro/images/stock/503-wht-blank_maps.png</href>
                </Icon>
            </IconStyle>
        </Style>
        <Style id="1218"/>
        <Style id="icon-1602-FF5252-normal">
            <IconStyle id="103">
                <colorMode>normal</colorMode>
                <scale>1</scale>
                <heading>0</heading>
                <Icon id="104">
                    <href>https://www.gstatic.com/mapspro/images/stock/503-wht-blank_maps.png</href>
                </Icon>
            </IconStyle>
        </Style>
        <Style id="1219"/>
        <Style id="icon-1502-0288D1-normal">
            <IconStyle id="107">
                <colorMode>normal</colorMode>
                <scale>1</scale>
                <heading>0</heading>
                <Icon id="108">
                    <href>https://www.gstatic.com/mapspro/images/stock/503-wht-blank_maps.png</href>
                </Icon>
            </IconStyle>
        </Style>
        <Style id="1220"/>
        <Style id="icon-1670-0288D1-normal">
            <IconStyle id="127">
                <colorMode>normal</colorMode>
                <scale>1</scale>
                <heading>0</heading>
                <Icon id="128">
                    <href>https://www.gstatic.com/mapspro/images/stock/503-wht-blank_maps.png</href>
                </Icon>
            </IconStyle>
        </Style>
        <Style id="1221"/>
        <Style id="icon-1591-0288D1-normal">
            <IconStyle id="115">
                <colorMode>normal</colorMode>
                <scale>1</scale>
                <heading>0</heading>
                <Icon id="116">
                    <href>https://www.gstatic.com/mapspro/images/stock/503-wht-blank_maps.png</href>
                </Icon>
            </IconStyle>
        </Style>
        <Style id="1222"/>
        <Style id="icon-1720-0288D1-normal">
            <IconStyle id="111">
                <colorMode>normal</colorMode>
                <scale>1</scale>
                <heading>0</heading>
                <Icon id="112">
                    <href>https://www.gstatic.com/mapspro/images/stock/503-wht-blank_maps.png</href>
                </Icon>
            </IconStyle>
        </Style>
        <Style id="1223"/>
        <Style id="icon-1706-0288D1-normal">
            <IconStyle id="123">
                <colorMode>normal</colorMode>
                <scale>1</scale>
                <heading>0</heading>
                <Icon id="124">
                    <href>https://www.gstatic.com/mapspro/images/stock/503-wht-blank_maps.png</href>
                </Icon>
            </IconStyle>
        </Style>
        <Style id="1224"/>
        <Style id="1225"/>
        <Style id="icon-1569-0288D1-normal">
            <IconStyle id="143">
                <colorMode>normal</colorMode>
                <scale>1</scale>
                <heading>0</heading>
                <Icon id="144">
                    <href>https://www.gstatic.com/mapspro/images/stock/503-wht-blank_maps.png</href>
                </Icon>
            </IconStyle>
        </Style>
        <Style id="1226"/>
        <Style id="icon-1532-0288D1-normal">
            <IconStyle id="139">
                <colorMode>normal</colorMode>
                <scale>1</scale>
                <heading>0</heading>
                <Icon id="140">
                    <href>https://www.gstatic.com/mapspro/images/stock/503-wht-blank_maps.png</href>
                </Icon>
            </IconStyle>
        </Style>
        <Style id="1227"/>
        <Style id="icon-1504-0288D1-normal">
            <IconStyle id="135">
                <colorMode>normal</colorMode>
                <scale>1</scale>
                <heading>0</heading>
                <Icon id="136">
                    <href>https://www.gstatic.com/mapspro/images/stock/503-wht-blank_maps.png</href>
                </Icon>
            </IconStyle>
        </Style>
        <Style id="1228"/>
        <Style id="icon-1716-0288D1-normal">
            <IconStyle id="131">
                <colorMode>normal</colorMode>
                <scale>1</scale>
                <heading>0</heading>
                <Icon id="132">
                    <href>https://www.gstatic.com/mapspro/images/stock/503-wht-blank_maps.png</href>
                </Icon>
            </IconStyle>
        </Style>
        <Style id="1229"/>
        <Style id="icon-1731-0288D1-normal">
            <IconStyle id="147">
                <colorMode>normal</colorMode>
                <scale>1</scale>
                <heading>0</heading>
                <Icon id="148">
                    <href>https://www.gstatic.com/mapspro/images/stock/503-wht-blank_maps.png</href>
                </Icon>
            </IconStyle>
        </Style>
        <Style id="1230"/>
        <Style id="icon-1511-0288D1-normal">
            <IconStyle id="151">
                <colorMode>normal</colorMode>
                <scale>1</scale>
                <heading>0</heading>
                <Icon id="152">
                    <href>https://www.gstatic.com/mapspro/images/stock/503-wht-blank_maps.png</href>
                </Icon>
            </IconStyle>
        </Style>
        <Style id="1231"/>
        <Style id="icon-1637-0288D1-normal">
            <IconStyle id="159">
                <colorMode>normal</colorMode>
                <scale>1</scale>
                <heading>0</heading>
                <Icon id="160">
                    <href>https://www.gstatic.com/mapspro/images/stock/503-wht-blank_maps.png</href>
                </Icon>
            </IconStyle>
        </Style>
        <Style id="1232"/>
        <Style id="icon-1635-0288D1-normal">
            <IconStyle id="155">
                <colorMode>normal</colorMode>
                <scale>1</scale>
                <heading>0</heading>
                <Icon id="156">
                    <href>https://www.gstatic.com/mapspro/images/stock/503-wht-blank_maps.png</href>
                </Icon>
            </IconStyle>
        </Style>
        <Style id="1233"/>
        <Style id="icon-1685-0288D1-normal">
            <IconStyle id="163">
                <colorMode>normal</colorMode>
                <scale>1</scale>
                <heading>0</heading>
                <Icon id="164">
                    <href>https://www.gstatic.com/mapspro/images/stock/503-wht-blank_maps.png</href>
                </Icon>
            </IconStyle>
        </Style>
        <Style id="1234"/>
        <Style id="icon-1654-0288D1-normal">
            <IconStyle id="167">
                <colorMode>normal</colorMode>
                <scale>1</scale>
                <heading>0</heading>
                <Icon id="168">
                    <href>https://www.gstatic.com/mapspro/images/stock/503-wht-blank_maps.png</href>
                </Icon>
            </IconStyle>
        </Style>
        <Style id="1235"/>
        <Style id="icon-1522-0288D1-normal">
            <IconStyle id="171">
                <colorMode>normal</colorMode>
                <scale>1</scale>
                <heading>0</heading>
                <Icon id="172">
                    <href>https://www.gstatic.com/mapspro/images/stock/503-wht-blank_maps.png</href>
                </Icon>
            </IconStyle>
        </Style>
        <Style id="1236"/>
        <Style id="icon-1726-0288D1-normal">
            <IconStyle id="175">
                <colorMode>normal</colorMode>
                <scale>1</scale>
                <heading>0</heading>
                <Icon id="176">
                    <href>https://www.gstatic.com/mapspro/images/stock/503-wht-blank_maps.png</href>
                </Icon>
            </IconStyle>
        </Style>
        <Style id="1237"/>
        <Style id="icon-1608-0288D1-normal">
            <IconStyle id="179">
                <colorMode>normal</colorMode>
                <scale>1</scale>
                <heading>0</heading>
                <Icon id="180">
                    <href>https://www.gstatic.com/mapspro/images/stock/503-wht-blank_maps.png</href>
                </Icon>
            </IconStyle>
        </Style>
        <Style id="1238"/>
        <StyleMap id="icon-1739-E65100">
            <Pair>
                <key>normal</key>
                <styleUrl>#icon-1739-E65100-normal</styleUrl>
            </Pair>
            <Pair>
                <key>highlight</key>
                <styleUrl>#1198</styleUrl>
            </Pair>
        </StyleMap>
        <StyleMap id="icon-1739-7CB342">
            <Pair>
                <key>normal</key>
                <styleUrl>#icon-1739-7CB342-normal</styleUrl>
            </Pair>
            <Pair>
                <key>highlight</key>
                <styleUrl>#1199</styleUrl>
            </Pair>
        </StyleMap>
        <StyleMap id="29">
            <Pair>
                <key>normal</key>
                <styleUrl>#icon-1739-9C27B0-normal</styleUrl>
            </Pair>
            <Pair>
                <key>highlight</key>
                <styleUrl>#1200</styleUrl>
            </Pair>
        </StyleMap>
        <StyleMap id="33">
            <Pair>
                <key>normal</key>
                <styleUrl>#icon-1739-FFEA00-normal</styleUrl>
            </Pair>
            <Pair>
                <key>highlight</key>
                <styleUrl>#1201</styleUrl>
            </Pair>
        </StyleMap>
        <StyleMap id="37">
            <Pair>
                <key>normal</key>
                <styleUrl>#icon-1739-0288D1-normal</styleUrl>
            </Pair>
            <Pair>
                <key>highlight</key>
                <styleUrl>#1202</styleUrl>
            </Pair>
        </StyleMap>
        <StyleMap id="45">
            <Pair>
                <key>normal</key>
                <styleUrl>#icon-1556-FFD600-normal</styleUrl>
            </Pair>
            <Pair>
                <key>highlight</key>
                <styleUrl>#1203</styleUrl>
            </Pair>
        </StyleMap>
        <StyleMap id="41">
            <Pair>
                <key>normal</key>
                <styleUrl>#icon-1594-000000-normal</styleUrl>
            </Pair>
            <Pair>
                <key>highlight</key>
                <styleUrl>#1204</styleUrl>
            </Pair>
        </StyleMap>
        <StyleMap id="49">
            <Pair>
                <key>normal</key>
                <styleUrl>#icon-1636-0288D1-normal</styleUrl>
            </Pair>
            <Pair>
                <key>highlight</key>
                <styleUrl>#1205</styleUrl>
            </Pair>
        </StyleMap>
        <StyleMap id="77">
            <Pair>
                <key>normal</key>
                <styleUrl>#icon-1577-0288D1-normal</styleUrl>
            </Pair>
            <Pair>
                <key>highlight</key>
                <styleUrl>#1206</styleUrl>
            </Pair>
        </StyleMap>
        <StyleMap id="81">
            <Pair>
                <key>normal</key>
                <styleUrl>#icon-1577-0F9D58-normal</styleUrl>
            </Pair>
            <Pair>
                <key>highlight</key>
                <styleUrl>#1207</styleUrl>
            </Pair>
        </StyleMap>
        <StyleMap id="85">
            <Pair>
                <key>normal</key>
                <styleUrl>#icon-1577-FFEA00-normal</styleUrl>
            </Pair>
            <Pair>
                <key>highlight</key>
                <styleUrl>#1208</styleUrl>
            </Pair>
        </StyleMap>
        <StyleMap id="89">
            <Pair>
                <key>normal</key>
                <styleUrl>#icon-1577-FF5252-normal</styleUrl>
            </Pair>
            <Pair>
                <key>highlight</key>
                <styleUrl>#1209</styleUrl>
            </Pair>
        </StyleMap>
        <StyleMap id="57">
            <Pair>
                <key>normal</key>
                <styleUrl>#icon-1798-0288D1-normal</styleUrl>
            </Pair>
            <Pair>
                <key>highlight</key>
                <styleUrl>#1210</styleUrl>
            </Pair>
        </StyleMap>
        <StyleMap id="61">
            <Pair>
                <key>normal</key>
                <styleUrl>#icon-1798-0F9D58-normal</styleUrl>
            </Pair>
            <Pair>
                <key>highlight</key>
                <styleUrl>#1211</styleUrl>
            </Pair>
        </StyleMap>
        <StyleMap id="65">
            <Pair>
                <key>normal</key>
                <styleUrl>#icon-1798-FFEA00-normal</styleUrl>
            </Pair>
            <Pair>
                <key>highlight</key>
                <styleUrl>#1212</styleUrl>
            </Pair>
        </StyleMap>
        <StyleMap id="69">
            <Pair>
                <key>normal</key>
                <styleUrl>#icon-1798-FF5252-normal</styleUrl>
            </Pair>
            <Pair>
                <key>highlight</key>
                <styleUrl>#1213</styleUrl>
            </Pair>
        </StyleMap>
        <StyleMap id="73">
            <Pair>
                <key>normal</key>
                <styleUrl>#icon-1534-0288D1-normal</styleUrl>
            </Pair>
            <Pair>
                <key>highlight</key>
                <styleUrl>#1214</styleUrl>
            </Pair>
        </StyleMap>
        <StyleMap id="53">
            <Pair>
                <key>normal</key>
                <styleUrl>#icon-1798-0288D1-normal</styleUrl>
            </Pair>
            <Pair>
                <key>highlight</key>
                <styleUrl>#1215</styleUrl>
            </Pair>
        </StyleMap>
        <StyleMap id="93">
            <Pair>
                <key>normal</key>
                <styleUrl>#icon-1602-0288D1-normal</styleUrl>
            </Pair>
            <Pair>
                <key>highlight</key>
                <styleUrl>#1216</styleUrl>
            </Pair>
        </StyleMap>
        <StyleMap id="97">
            <Pair>
                <key>normal</key>
                <styleUrl>#icon-1602-0F9D58-normal</styleUrl>
            </Pair>
            <Pair>
                <key>highlight</key>
                <styleUrl>#1217</styleUrl>
            </Pair>
        </StyleMap>
        <StyleMap id="101">
            <Pair>
                <key>normal</key>
                <styleUrl>#icon-1602-FFEA00-normal</styleUrl>
            </Pair>
            <Pair>
                <key>highlight</key>
                <styleUrl>#1218</styleUrl>
            </Pair>
        </StyleMap>
        <StyleMap id="105">
            <Pair>
                <key>normal</key>
                <styleUrl>#icon-1602-FF5252-normal</styleUrl>
            </Pair>
            <Pair>
                <key>highlight</key>
                <styleUrl>#1219</styleUrl>
            </Pair>
        </StyleMap>
        <StyleMap id="109">
            <Pair>
                <key>normal</key>
                <styleUrl>#icon-1502-0288D1-normal</styleUrl>
            </Pair>
            <Pair>
                <key>highlight</key>
                <styleUrl>#1220</styleUrl>
            </Pair>
        </StyleMap>
        <StyleMap id="129">
            <Pair>
                <key>normal</key>
                <styleUrl>#icon-1670-0288D1-normal</styleUrl>
            </Pair>
            <Pair>
                <key>highlight</key>
                <styleUrl>#1221</styleUrl>
            </Pair>
        </StyleMap>
        <StyleMap id="117">
            <Pair>
                <key>normal</key>
                <styleUrl>#icon-1591-0288D1-normal</styleUrl>
            </Pair>
            <Pair>
                <key>highlight</key>
                <styleUrl>#1222</styleUrl>
            </Pair>
        </StyleMap>
        <StyleMap id="113">
            <Pair>
                <key>normal</key>
                <styleUrl>#icon-1720-0288D1-normal</styleUrl>
            </Pair>
            <Pair>
                <key>highlight</key>
                <styleUrl>#1223</styleUrl>
            </Pair>
        </StyleMap>
        <StyleMap id="125">
            <Pair>
                <key>normal</key>
                <styleUrl>#icon-1706-0288D1-normal</styleUrl>
            </Pair>
            <Pair>
                <key>highlight</key>
                <styleUrl>#1224</styleUrl>
            </Pair>
        </StyleMap>
        <StyleMap id="121">
            <Pair>
                <key>normal</key>
                <styleUrl>#icon-1636-0288D1-normal</styleUrl>
            </Pair>
            <Pair>
                <key>highlight</key>
                <styleUrl>#1225</styleUrl>
            </Pair>
        </StyleMap>
        <StyleMap id="145">
            <Pair>
                <key>normal</key>
                <styleUrl>#icon-1569-0288D1-normal</styleUrl>
            </Pair>
            <Pair>
                <key>highlight</key>
                <styleUrl>#1226</styleUrl>
            </Pair>
        </StyleMap>
        <StyleMap id="141">
            <Pair>
                <key>normal</key>
                <styleUrl>#icon-1532-0288D1-normal</styleUrl>
            </Pair>
            <Pair>
                <key>highlight</key>
                <styleUrl>#1227</styleUrl>
            </Pair>
        </StyleMap>
        <StyleMap id="137">
            <Pair>
                <key>normal</key>
                <styleUrl>#icon-1504-0288D1-normal</styleUrl>
            </Pair>
            <Pair>
                <key>highlight</key>
                <styleUrl>#1228</styleUrl>
            </Pair>
        </StyleMap>
        <StyleMap id="133">
            <Pair>
                <key>normal</key>
                <styleUrl>#icon-1716-0288D1-normal</styleUrl>
            </Pair>
            <Pair>
                <key>highlight</key>
                <styleUrl>#1229</styleUrl>
            </Pair>
        </StyleMap>
        <StyleMap id="149">
            <Pair>
                <key>normal</key>
                <styleUrl>#icon-1731-0288D1-normal</styleUrl>
            </Pair>
            <Pair>
                <key>highlight</key>
                <styleUrl>#1230</styleUrl>
            </Pair>
        </StyleMap>
        <StyleMap id="153">
            <Pair>
                <key>normal</key>
                <styleUrl>#icon-1511-0288D1-normal</styleUrl>
            </Pair>
            <Pair>
                <key>highlight</key>
                <styleUrl>#1231</styleUrl>
            </Pair>
        </StyleMap>
        <StyleMap id="161">
            <Pair>
                <key>normal</key>
                <styleUrl>#icon-1637-0288D1-normal</styleUrl>
            </Pair>
            <Pair>
                <key>highlight</key>
                <styleUrl>#1232</styleUrl>
            </Pair>
        </StyleMap>
        <StyleMap id="157">
            <Pair>
                <key>normal</key>
                <styleUrl>#icon-1635-0288D1-normal</styleUrl>
            </Pair>
            <Pair>
                <key>highlight</key>
                <styleUrl>#1233</styleUrl>
            </Pair>
        </StyleMap>
        <StyleMap id="165">
            <Pair>
                <key>normal</key>
                <styleUrl>#icon-1685-0288D1-normal</styleUrl>
            </Pair>
            <Pair>
                <key>highlight</key>
                <styleUrl>#1234</styleUrl>
            </Pair>
        </StyleMap>
        <StyleMap id="169">
            <Pair>
                <key>normal</key>
                <styleUrl>#icon-1654-0288D1-normal</styleUrl>
            </Pair>
            <Pair>
                <key>highlight</key>
                <styleUrl>#1235</styleUrl>
            </Pair>
        </StyleMap>
        <StyleMap id="173">
            <Pair>
                <key>normal</key>
                <styleUrl>#icon-1522-0288D1-normal</styleUrl>
            </Pair>
            <Pair>
                <key>highlight</key>
                <styleUrl>#1236</styleUrl>
            </Pair>
        </StyleMap>
        <StyleMap id="177">
            <Pair>
                <key>normal</key>
                <styleUrl>#icon-1726-0288D1-normal</styleUrl>
            </Pair>
            <Pair>
                <key>highlight</key>
                <styleUrl>#1237</styleUrl>
            </Pair>
        </StyleMap>
        <StyleMap id="181">
            <Pair>
                <key>normal</key>
                <styleUrl>#icon-1608-0288D1-normal</styleUrl>
            </Pair>
            <Pair>
                <key>highlight</key>
                <styleUrl>#1238</styleUrl>
            </Pair>
        </StyleMap>
        <Folder id="11">
            <name>A</name>
            <Placemark id="737">
                <name>Wells Fargo Center</name>
                <description>                    category  : bank building &lt;br&gt;   
                    sitelinks : 10.0 &lt;br&gt;   
                    articleEN : https://en.wikipedia.org/wiki/Wells_Fargo_Center_(Denver) &lt;br&gt;             
                    articleDE : https://de.wikipedia.org/wiki/Wells_Fargo_Center_(Denver) &lt;br&gt;              
                    wikidata_link : http://www.wikidata.org/entity/Q1631887</description>
                <styleUrl>#icon-1739-7CB342</styleUrl>
                <Point id="736">
                    <coordinates>-104.985,39.7446,0.0</coordinates>
                </Point>
            </Placemark>
            <Placemark id="739">
                <name>McNichols Sports Arena</name>
                <description>                    category  : arena &lt;br&gt;   
                    sitelinks : 10.0 &lt;br&gt;   
                    articleEN : https://en.wikipedia.org/wiki/McNichols_Sports_Arena &lt;br&gt;             
                    articleDE : https://de.wikipedia.org/wiki/McNichols_Sports_Arena &lt;br&gt;              
                    wikidata_link : http://www.wikidata.org/entity/Q2081796</description>
                <styleUrl>#icon-1739-7CB342</styleUrl>
                <Point id="738">
                    <coordinates>-105.0225,39.742777777778,0.0</coordinates>
                </Point>
            </Placemark>
            <Placemark id="741">
                <name>Denver Zoo</name>
                <description>                    category  : nonprofit organization &lt;br&gt;   
                    sitelinks : 10.0 &lt;br&gt;   
                    articleEN : https://en.wikipedia.org/wiki/Denver_Zoo_Conservation_Alliance &lt;br&gt;             
                    articleDE : https://de.wikipedia.org/wiki/Denver_Zoo &lt;br&gt;              
                    wikidata_link : http://www.wikidata.org/entity/Q581344</description>
                <styleUrl>#icon-1739-7CB342</styleUrl>
                <Point id="740">
                    <coordinates>-104.95,39.75,0.0</coordinates>
                </Point>
            </Placemark>
            <Placemark id="743">
                <name>Union Station</name>
                <description>                    category  : union station &lt;br&gt;   
                    sitelinks : 10.0 &lt;br&gt;   
                    articleEN : https://en.wikipedia.org/wiki/Denver_Union_Station &lt;br&gt;             
                    articleDE :  &lt;br&gt;              
                    wikidata_link : http://www.wikidata.org/entity/Q3550021</description>
                <styleUrl>#icon-1739-7CB342</styleUrl>
                <Point id="742">
                    <coordinates>-105.0,39.753056,0.0</coordinates>
                </Point>
            </Placemark>
            <Placemark id="745">
                <name>Cathedral Basilica of the Immaculate Conception</name>
                <description>                    category  : minor basilica &lt;br&gt;   
                    sitelinks : 11.0 &lt;br&gt;   
                    articleEN : https://en.wikipedia.org/wiki/Cathedral_Basilica_of_the_Immaculate_Conception_(Denver) &lt;br&gt;             
                    articleDE : https://de.wikipedia.org/wiki/Kathedralbasilika_der_Unbefleckten_Empf%C3%A4ngnis_(Denver) &lt;br&gt;              
                    wikidata_link : http://www.wikidata.org/entity/Q2942873</description>
                <styleUrl>#icon-1739-7CB342</styleUrl>
                <Point id="744">
                    <coordinates>-104.982,39.7403,0.0</coordinates>
                </Point>
            </Placemark>
            <Placemark id="747">
                <name>Regis University</name>
                <description>                    category  : private not-for-profit educational institution &lt;br&gt;   
                    sitelinks : 11.0 &lt;br&gt;   
                    articleEN : https://en.wikipedia.org/wiki/Regis_University &lt;br&gt;             
                    articleDE : https://de.wikipedia.org/wiki/Regis_University &lt;br&gt;              
                    wikidata_link : http://www.wikidata.org/entity/Q649299</description>
                <styleUrl>#icon-1739-7CB342</styleUrl>
                <Point id="746">
                    <coordinates>-105.031765,39.789693,0.0</coordinates>
                </Point>
            </Placemark>
            <Placemark id="749">
                <name>1801 California Street</name>
                <description>                    category  : tower block &lt;br&gt;   
                    sitelinks : 11.0 &lt;br&gt;   
                    articleEN : https://en.wikipedia.org/wiki/1801_California_Street &lt;br&gt;             
                    articleDE : https://de.wikipedia.org/wiki/1801_California_Street &lt;br&gt;              
                    wikidata_link : http://www.wikidata.org/entity/Q200328</description>
                <styleUrl>#icon-1739-7CB342</styleUrl>
                <Point id="748">
                    <coordinates>-104.98972222222,39.747777777778,0.0</coordinates>
                </Point>
            </Placemark>
            <Placemark id="751">
                <name>Denver County</name>
                <description>                    category  : county of Colorado &lt;br&gt;   
                    sitelinks : 11.0 &lt;br&gt;   
                    articleEN : https://en.wikipedia.org/wiki/Denver_County &lt;br&gt;             
                    articleDE :  &lt;br&gt;              
                    wikidata_link : http://www.wikidata.org/entity/Q15906757</description>
                <styleUrl>#icon-1739-7CB342</styleUrl>
                <Point id="750">
                    <coordinates>-104.985,39.7392,0.0</coordinates>
                </Point>
            </Placemark>
            <Placemark id="753">
                <name>Colorado General Assembly</name>
                <description>                    category  : bicameral legislature &lt;br&gt;   
                    sitelinks : 12.0 &lt;br&gt;   
                    articleEN : https://en.wikipedia.org/wiki/Colorado_General_Assembly &lt;br&gt;             
                    articleDE : https://de.wikipedia.org/wiki/Colorado_General_Assembly &lt;br&gt;              
                    wikidata_link : http://www.wikidata.org/entity/Q5148810</description>
                <styleUrl>#icon-1739-7CB342</styleUrl>
                <Point id="752">
                    <coordinates>-104.98486111111,39.739222222222,0.0</coordinates>
                </Point>
            </Placemark>
            <Placemark id="755">
                <name>Mile High Stadium</name>
                <description>                    category  : stadium &lt;br&gt;   
                    sitelinks : 12.0 &lt;br&gt;   
                    articleEN : https://en.wikipedia.org/wiki/Mile_High_Stadium &lt;br&gt;             
                    articleDE : https://de.wikipedia.org/wiki/Mile_High_Stadium &lt;br&gt;              
                    wikidata_link : http://www.wikidata.org/entity/Q1934586</description>
                <styleUrl>#icon-1739-7CB342</styleUrl>
                <Point id="754">
                    <coordinates>-105.02166666667,39.746111111111,0.0</coordinates>
                </Point>
            </Placemark>
            <Placemark id="757">
                <name>Denver Mint</name>
                <description>                    category  : branch mint &lt;br&gt;   
                    sitelinks : 12.0 &lt;br&gt;   
                    articleEN : https://en.wikipedia.org/wiki/Denver_Mint &lt;br&gt;             
                    articleDE :  &lt;br&gt;              
                    wikidata_link : http://www.wikidata.org/entity/Q2956452</description>
                <styleUrl>#icon-1739-7CB342</styleUrl>
                <Point id="756">
                    <coordinates>-104.9925,39.739444444444,0.0</coordinates>
                </Point>
            </Placemark>
            <Placemark id="759">
                <name>Denver metropolitan area</name>
                <description>                    category  : metropolitan statistical area &lt;br&gt;   
                    sitelinks : 13.0 &lt;br&gt;   
                    articleEN : https://en.wikipedia.org/wiki/Denver_metropolitan_area &lt;br&gt;             
                    articleDE : https://de.wikipedia.org/wiki/Metropolregion_Denver &lt;br&gt;              
                    wikidata_link : http://www.wikidata.org/entity/Q2750084</description>
                <styleUrl>#icon-1739-7CB342</styleUrl>
                <Point id="758">
                    <coordinates>-104.9849171,39.7392166,0.0</coordinates>
                </Point>
            </Placemark>
            <Placemark id="761">
                <name>National Renewable Energy Laboratory</name>
                <description>                    category  : laboratory &lt;br&gt;   
                    sitelinks : 13.0 &lt;br&gt;   
                    articleEN : https://en.wikipedia.org/wiki/National_Renewable_Energy_Laboratory &lt;br&gt;             
                    articleDE : https://de.wikipedia.org/wiki/National_Renewable_Energy_Laboratory &lt;br&gt;              
                    wikidata_link : http://www.wikidata.org/entity/Q1856153</description>
                <styleUrl>#icon-1739-7CB342</styleUrl>
                <Point id="760">
                    <coordinates>-105.156,39.7406,0.0</coordinates>
                </Point>
            </Placemark>
            <Placemark id="763">
                <name>Colorado House of Representatives</name>
                <description>                    category  : house of representatives &lt;br&gt;   
                    sitelinks : 13.0 &lt;br&gt;   
                    articleEN : https://en.wikipedia.org/wiki/Colorado_House_of_Representatives &lt;br&gt;             
                    articleDE : https://de.wikipedia.org/wiki/Repr%C3%A4sentantenhaus_von_Colorado &lt;br&gt;              
                    wikidata_link : http://www.wikidata.org/entity/Q1494548</description>
                <styleUrl>#icon-1739-7CB342</styleUrl>
                <Point id="762">
                    <coordinates>-104.9848,39.7392,0.0</coordinates>
                </Point>
            </Placemark>
            <Placemark id="765">
                <name>Shaw Heights</name>
                <description>                    category  : census-designated place in the United States &lt;br&gt;   
                    sitelinks : 13.0 &lt;br&gt;   
                    articleEN : https://en.wikipedia.org/wiki/Shaw_Heights,_Colorado &lt;br&gt;             
                    articleDE :  &lt;br&gt;              
                    wikidata_link : http://www.wikidata.org/entity/Q6126924</description>
                <styleUrl>#icon-1739-7CB342</styleUrl>
                <Point id="764">
                    <coordinates>-105.043,39.8525,0.0</coordinates>
                </Point>
            </Placemark>
            <Placemark id="767">
                <name>Holly Hills</name>
                <description>                    category  : census-designated place in the United States &lt;br&gt;   
                    sitelinks : 13.0 &lt;br&gt;   
                    articleEN : https://en.wikipedia.org/wiki/Holly_Hills,_Colorado &lt;br&gt;             
                    articleDE :  &lt;br&gt;              
                    wikidata_link : http://www.wikidata.org/entity/Q5882059</description>
                <styleUrl>#icon-1739-7CB342</styleUrl>
                <Point id="766">
                    <coordinates>-104.918,39.6675,0.0</coordinates>
                </Point>
            </Placemark>
            <Placemark id="769">
                <name>Colorado State Capitol</name>
                <description>                    category  : capitol building &lt;br&gt;   
                    sitelinks : 14.0 &lt;br&gt;   
                    articleEN : https://en.wikipedia.org/wiki/Colorado_State_Capitol &lt;br&gt;             
                    articleDE : https://de.wikipedia.org/wiki/Colorado_State_Capitol &lt;br&gt;              
                    wikidata_link : http://www.wikidata.org/entity/Q1111402</description>
                <styleUrl>#icon-1739-7CB342</styleUrl>
                <Point id="768">
                    <coordinates>-104.98489722222,39.739094444444,0.0</coordinates>
                </Point>
            </Placemark>
            <Placemark id="771">
                <name>Stapleton International Airport</name>
                <description>                    category  : neighborhood &lt;br&gt;   
                    sitelinks : 14.0 &lt;br&gt;   
                    articleEN : https://en.wikipedia.org/wiki/Stapleton_International_Airport &lt;br&gt;             
                    articleDE : https://de.wikipedia.org/wiki/Stapleton_International_Airport &lt;br&gt;              
                    wikidata_link : http://www.wikidata.org/entity/Q1436575</description>
                <styleUrl>#icon-1739-7CB342</styleUrl>
                <Point id="770">
                    <coordinates>-104.88184,39.779255,0.0</coordinates>
                </Point>
            </Placemark>
            <Placemark id="773">
                <name>Cherry Creek</name>
                <description>                    category  : census-designated place in the United States &lt;br&gt;   
                    sitelinks : 14.0 &lt;br&gt;   
                    articleEN : https://en.wikipedia.org/wiki/Cherry_Creek,_Colorado &lt;br&gt;             
                    articleDE :  &lt;br&gt;              
                    wikidata_link : http://www.wikidata.org/entity/Q5092313</description>
                <styleUrl>#icon-1739-7CB342</styleUrl>
                <Point id="772">
                    <coordinates>-104.88277777778,39.634444444444,0.0</coordinates>
                </Point>
            </Placemark>
            <Placemark id="775">
                <name>Roman Catholic Archdiocese of Denver</name>
                <description>                    category  : Roman Catholic metropolitan archdiocese &lt;br&gt;   
                    sitelinks : 15.0 &lt;br&gt;   
                    articleEN : https://en.wikipedia.org/wiki/Archdiocese_of_Denver &lt;br&gt;             
                    articleDE : https://de.wikipedia.org/wiki/Erzbistum_Denver &lt;br&gt;              
                    wikidata_link : http://www.wikidata.org/entity/Q1364433</description>
                <styleUrl>#icon-1739-7CB342</styleUrl>
                <Point id="774">
                    <coordinates>-104.94805555556,39.693333333333,0.0</coordinates>
                </Point>
            </Placemark>
            <Placemark id="777">
                <name>Republic Plaza</name>
                <description>                    category  : skyscraper &lt;br&gt;   
                    sitelinks : 16.0 &lt;br&gt;   
                    articleEN : https://en.wikipedia.org/wiki/Republic_Plaza_(Denver) &lt;br&gt;             
                    articleDE : https://de.wikipedia.org/wiki/Republic_Plaza_(Denver) &lt;br&gt;              
                    wikidata_link : http://www.wikidata.org/entity/Q1147408</description>
                <styleUrl>#icon-1739-7CB342</styleUrl>
                <Point id="776">
                    <coordinates>-104.98861111111,39.743333333333,0.0</coordinates>
                </Point>
            </Placemark>
            <Placemark id="779">
                <name>Continental Airlines Flight 1713</name>
                <description>                    category  : aircraft crash &lt;br&gt;   
                    sitelinks : 16.0 &lt;br&gt;   
                    articleEN : https://en.wikipedia.org/wiki/Continental_Airlines_Flight_1713 &lt;br&gt;             
                    articleDE : https://de.wikipedia.org/wiki/Continental-Airlines-Flug_1713 &lt;br&gt;              
                    wikidata_link : http://www.wikidata.org/entity/Q5165237</description>
                <styleUrl>#icon-1739-7CB342</styleUrl>
                <Point id="778">
                    <coordinates>-104.892,39.761,0.0</coordinates>
                </Point>
            </Placemark>
            <Placemark id="781">
                <name>University of Colorado Denver</name>
                <description>                    category  : public university &lt;br&gt;   
                    sitelinks : 18.0 &lt;br&gt;   
                    articleEN : https://en.wikipedia.org/wiki/University_of_Colorado_Denver &lt;br&gt;             
                    articleDE : https://de.wikipedia.org/wiki/University_of_Colorado_Denver &lt;br&gt;              
                    wikidata_link : http://www.wikidata.org/entity/Q1468161</description>
                <styleUrl>#icon-1739-7CB342</styleUrl>
                <Point id="780">
                    <coordinates>-105.003119,39.743461,0.0</coordinates>
                </Point>
            </Placemark>
        </Folder>
        <Folder id="12">
            <name>wikivoyage</name>
            <Placemark id="845">
                <name>Denver Union Station </name>
                <description>
                category  : Get in_By train &lt;br&gt;
                address  :  1701 Wynkoop St  &lt;br&gt;
                url  : http://unionstationindenver.com  &lt;br&gt;
                description  :  An extensive renovation has restored Union Station to its former glory. It now boasts an on-premise hotel, several restaurants and bars as well as plenty of seating for the tired traveller. Denver Union Station is often cited as the &quot;poster boy&quot; for the revival of train stations, train travel in general and the adjacent neighborhoods that can be observed in several North American and European cities. Union Station is also known for its iconic &quot;travel by train&quot; sign first put there in the 1950s when arrivals at Stapleton Airport started to outstrip traffic at Union Station. In addition to Amtrak trains, [http://www.rtd-denver.com/ '''RTD'''] commuter and light rail services also call at Union Station, providing easy access to many places in the Denver area if you arrive by train. &lt;br&gt;
                </description>
                <styleUrl>#133</styleUrl>
                <Point id="844">
                    <coordinates>-105.0,39.7531,0.0</coordinates>
                </Point>
            </Placemark>
            <Placemark id="847">
                <name>Boulder</name>
                <description>
                category  : Get in_By highway &lt;br&gt;
                address  :  &lt;br&gt;
                url  :  &lt;br&gt;
                description  : '''U.S. Highway 36''' connects to the northwestern suburbs and on to Boulder. &lt;br&gt;
                </description>
                <styleUrl>#37</styleUrl>
                <Point id="846">
                    <coordinates>-105.011396,39.7585496,0.0</coordinates>
                </Point>
            </Placemark>
            <Placemark id="849">
                <name>El Paso Los Angeles Limousine Express </name>
                <description>
                category  : Get in_By bus &lt;br&gt;
                address  : (bus station) 2215 E California St  &lt;br&gt;
                url  : http://www.eplalimo.com  &lt;br&gt;
                description  : Travels along I-25 between Greeley, Denver, Colorado Springs, Pueblo, Santa Fe, Albuquerque, Deming, Las Cruces and El Paso. The depot in Greeley is at 2410 8th Ave. &lt;br&gt;
                </description>
                <styleUrl>#141</styleUrl>
                <Point id="848">
                    <coordinates>-104.98493,39.7513,0.0</coordinates>
                </Point>
            </Placemark>
            <Placemark id="851">
                <name>Los Paisanos </name>
                <description>
                category  : Get in_By bus &lt;br&gt;
                address  : (bus station) 2147 Broadway  &lt;br&gt;
                url  : http://lospaisanosautobuses.com/  &lt;br&gt;
                description  : Travels between Caldwell (near Boise) and El Paso via Salt Lake City, Greely, Denver and Roswell. &lt;br&gt;
                </description>
                <styleUrl>#141</styleUrl>
                <Point id="850">
                    <coordinates>-104.98764,39.7517,0.0</coordinates>
                </Point>
            </Placemark>
            <Placemark id="853">
                <name>Center for Colorado Women's History </name>
                <description>
                category  : See_Museums and architecture &lt;br&gt;
                address  : 1310 Bannock St  &lt;br&gt;
                url  : https://www.historycolorado.org/center-colorado-womens-history  &lt;br&gt;
                description  : One of Denver's great historic homes, built in 1883 by ''Rocky Mountain News'' publisher Williams Byers and elegantly furnished with original turn of the (20th) century pieces. Tour the house or catch featured exhibitions in the gallery. &lt;br&gt;
                </description>
                <styleUrl>#121</styleUrl>
                <Point id="852">
                    <coordinates>-104.98982,39.73713,0.0</coordinates>
                </Point>
            </Placemark>
            <Placemark id="855">
                <name>Chamberlin Observatory </name>
                <description>
                category  : See_Museums and architecture &lt;br&gt;
                address  : 2930 E Warren Ave  &lt;br&gt;
                url  : http://mysite.du.edu/~rstencel/Chamberlin/  &lt;br&gt;
                description  : Built in 1890, this working observatory is a historic landmark and a pride of the University of Denver. Star Parties and other events are open to the public. &lt;br&gt;
                </description>
                <styleUrl>#121</styleUrl>
                <Point id="854">
                    <coordinates>-104.95297,39.67605,0.0</coordinates>
                </Point>
            </Placemark>
            <Placemark id="857">
                <name>Children's Museum of Denver </name>
                <description>
                category  : See_Museums and architecture &lt;br&gt;
                address  : 2121 Children's Museum Dr  &lt;br&gt;
                url  : http://www.mychildsmuseum.org/  &lt;br&gt;
                description  : This educational museum takes a fun, hands-on approach to learning. Note: No adults are allowed in the Museum without a child, and no children without an adult. &lt;br&gt;
                </description>
                <styleUrl>#121</styleUrl>
                <Point id="856">
                    <coordinates>-105.017,39.749,0.0</coordinates>
                </Point>
            </Placemark>
            <Placemark id="859">
                <name>Colorado State Capitol </name>
                <description>
                category  : See_Museums and architecture &lt;br&gt;
                address  : 200 E Colfax Ave  &lt;br&gt;
                url  : https://capitol.colorado.gov/  &lt;br&gt;
                description  : A gorgeous domed building at the southern edge of Downtown. Tours are available, though the big attraction for tourists is standing above the words &quot;One Mile Above Sea Level&quot; engraved into one of the steps out front. Free tours start at the visitor information desk every hour M-F 10AM-3PM. &lt;br&gt;
                </description>
                <styleUrl>#121</styleUrl>
                <Point id="858">
                    <coordinates>-104.984868,39.739232,0.0</coordinates>
                </Point>
            </Placemark>
            <Placemark id="861">
                <name>Denver Art Museum </name>
                <description>
                category  : See_Museums and architecture &lt;br&gt;
                address  : 100 W 14th Ave Pkwy  &lt;br&gt;
                url  : http://www.denverartmuseum.org/  &lt;br&gt;
                description  : A huge museum with art from all over the world. You'll want to give yourself several hours to properly explore the place. &lt;br&gt;
                </description>
                <styleUrl>#121</styleUrl>
                <Point id="860">
                    <coordinates>-104.989722,39.737222,0.0</coordinates>
                </Point>
            </Placemark>
            <Placemark id="863">
                <name>Denver Firefighters Museum </name>
                <description>
                category  : See_Museums and architecture &lt;br&gt;
                address  : 1326 Tremont Pl  &lt;br&gt;
                url  : http://www.denverfirefightersmuseum.org  &lt;br&gt;
                description  : Historical and interactive exhibits, activities and special events celebrating Denver's firefighters. &lt;br&gt;
                </description>
                <styleUrl>#121</styleUrl>
                <Point id="862">
                    <coordinates>-104.99269,39.74039,0.0</coordinates>
                </Point>
            </Placemark>
            <Placemark id="865">
                <name>Denver Mint </name>
                <description>
                category  : See_Museums and architecture &lt;br&gt;
                address  : 320 W Colfax Ave  &lt;br&gt;
                url  : https://www.usmint.gov/about/tours-and-locations/denver/tour-denver-mint  &lt;br&gt;
                description  : Thanks to this place, more U.S. money is made in Denver than anywhere else in the world. Fish a coin out of your pocket and look for the &quot;D&quot; on the face side (usually in the bottom right quadrant). That means the money was minted in Denver. Tour times vary by day. Each day, tickets are available starting at 7AM until they run out. Check the website for closures and for the list of permitted/forbidden items before your visit. &lt;br&gt;
                </description>
                <styleUrl>#121</styleUrl>
                <Point id="864">
                    <coordinates>-104.99225,39.73978,0.0</coordinates>
                </Point>
            </Placemark>
            <Placemark id="867">
                <name>Denver Museum of Nature &amp; Science </name>
                <description>
                category  : See_Museums and architecture &lt;br&gt;
                address  : 2001 Colorado Blvd  &lt;br&gt;
                url  : http://www.dmns.org  &lt;br&gt;
                description  : Exhibitions, planetarium and IMAX. Highlights include extensive geological specimens and a lovely view of the mountains with a diagram identifying which peaks are which. &lt;br&gt;
                </description>
                <styleUrl>#121</styleUrl>
                <Point id="866">
                    <coordinates>-104.942,39.7475,0.0</coordinates>
                </Point>
            </Placemark>
            <Placemark id="869">
                <name>Forney Transportation Museum </name>
                <description>
                category  : See_Museums and architecture &lt;br&gt;
                address  : 4303 Brighton Blvd  &lt;br&gt;
                url  : http://forneymuseum.org  &lt;br&gt;
                description  :  &lt;br&gt;
                </description>
                <styleUrl>#121</styleUrl>
                <Point id="868">
                    <coordinates>-104.97073,39.77779,0.0</coordinates>
                </Point>
            </Placemark>
            <Placemark id="871">
                <name>History Colorado Center </name>
                <description>
                category  : See_Museums and architecture &lt;br&gt;
                address  : 1200 Broadway  &lt;br&gt;
                url  : http://www.historycoloradocenter.org  &lt;br&gt;
                description  : The center has many displays and exhibits focusing on historical sites throughout Colorado (prairie settlement, mine, Native American life, etc.) Great for families with kids and even adults; only takes 1-1½ hours to take in. &lt;br&gt;
                </description>
                <styleUrl>#121</styleUrl>
                <Point id="870">
                    <coordinates>-104.987,39.7361,0.0</coordinates>
                </Point>
            </Placemark>
            <Placemark id="873">
                <name>Molly Brown House Museum </name>
                <description>
                category  : See_Museums and architecture &lt;br&gt;
                address  : 1340 Pennsylvania St  &lt;br&gt;
                url  : http://www.mollybrown.org  &lt;br&gt;
                description  : This restored Victorian was once home to labor reformist, actress and ''Titanic'' survivor Margaret Brown. It now showcases that era of Colorado history through exhibits and special events. Museum is limited to 16 visitors at a time, so purchasing tickets in advance is highly recommended. &lt;br&gt;
                </description>
                <styleUrl>#121</styleUrl>
                <Point id="872">
                    <coordinates>-104.98073,39.73749,0.0</coordinates>
                </Point>
            </Placemark>
            <Placemark id="875">
                <name>Museo de las Americas </name>
                <description>
                category  : See_Museums and architecture &lt;br&gt;
                address  : 861 Santa Fe Dr  &lt;br&gt;
                url  : http://museo.org/  &lt;br&gt;
                description  : Denver is home to a large and growing Latino population, and this museum focuses on their art and heritage. &lt;br&gt;
                </description>
                <styleUrl>#121</styleUrl>
                <Point id="874">
                    <coordinates>-104.999,39.73,0.0</coordinates>
                </Point>
            </Placemark>
            <Placemark id="877">
                <name>Museum of Contemporary Art Denver </name>
                <description>
                category  : See_Museums and architecture &lt;br&gt;
                address  : 1485 Delgany St  &lt;br&gt;
                url  : http://www.mcadenver.org  &lt;br&gt;
                description  : Housed in an ultra-modern building downtown, this innovative museum seeks to engage the community with workshops, films, lectures, and a relaxing, open environment. Visit the rooftop deck for 360-degree views of Denver, grab a quick bite in the cafe, and check out the functional public performance space called The Lane. &lt;br&gt;
                </description>
                <styleUrl>#121</styleUrl>
                <Point id="876">
                    <coordinates>-105.0042,39.7523,0.0</coordinates>
                </Point>
            </Placemark>
            <Placemark id="879">
                <name>National Ballpark Museum </name>
                <description>
                category  : See_Museums and architecture &lt;br&gt;
                address  : 1940 Blake St  &lt;br&gt;
                url  : http://www.ballparkmuseum.com/  &lt;br&gt;
                description  : A family-run museum that contains one of the best private baseball collections in the country, this museum holds a stunning collection of artifacts from ballparks all over the country, including signs, bricks, and seats from the classic ballparks of old, as well as a section of Fenway Park's &quot;Green Monster&quot;. &lt;br&gt;
                </description>
                <styleUrl>#121</styleUrl>
                <Point id="878">
                    <coordinates>-104.99462,39.75383,0.0</coordinates>
                </Point>
            </Placemark>
            <Placemark id="881">
                <name>Kirkland Museum </name>
                <description>
                category  : See_Museums and architecture &lt;br&gt;
                address  : 1201 Bannock St  &lt;br&gt;
                url  : http://www.kirklandmuseum.org/  &lt;br&gt;
                description  : Fine and Decorative art museum featuring over 30,000 works by more than 1,500 artists and designers. Building was moved in 2016.  &lt;br&gt;
                </description>
                <styleUrl>#121</styleUrl>
                <Point id="880">
                    <coordinates>-104.9905,39.7356,0.0</coordinates>
                </Point>
            </Placemark>
            <Placemark id="883">
                <name>Wings Over the Rockies Air &amp; Space Museum </name>
                <description>
                category  : See_Museums and architecture &lt;br&gt;
                address  : 7711 East Academy Blvd  &lt;br&gt;
                url  : https://wingsmuseum.org/  &lt;br&gt;
                description  : An air museum at the former Lowry Air Force Base with large aircraft and spacecraft collection. &lt;br&gt;
                </description>
                <styleUrl>#121</styleUrl>
                <Point id="882">
                    <coordinates>-104.8954657,39.7210515,0.0</coordinates>
                </Point>
            </Placemark>
            <Placemark id="885">
                <name>Clyfford Still Museum </name>
                <description>
                category  : See_Museums and architecture &lt;br&gt;
                address  : 1250 Bannock Street  &lt;br&gt;
                url  : https://clyffordstillmuseum.org/  &lt;br&gt;
                description  : Clyfford Still was in the first generation of US abstract expressionist artist of the early-mid 20th century. He pioneered the path which Rothko, Pollock, and others followed. But Still was not concerned with fame or sales, which is why you have heard of the others but not Still. And so he kept most of his works, and his will called for a city to create a museum to exhibit the whole collection, intact, which was a very Still move. Denver rose to the challenge, and the result is this museum: fascinating architecture with fascinating contents. The curators are interested not just in Still's work but in the questions it raises, such as how to preserve forever drawings which fade with light and paintings which darken with time. &lt;br&gt;
                </description>
                <styleUrl>#121</styleUrl>
                <Point id="884">
                    <coordinates>-104.98992,39.73645,0.0</coordinates>
                </Point>
            </Placemark>
            <Placemark id="887">
                <name>City Park </name>
                <description>
                category  : See_Parks and gardens &lt;br&gt;
                address  :   &lt;br&gt;
                url  :   &lt;br&gt;
                description  : Enjoy the Denver sunshine at this 330-acre urban park east of downtown. Two lakes, numerous fields, playgrounds, and a golf course, as well as the Denver Zoo and the Museum of Nature and Science are all within its expansive bounds. &lt;br&gt;
                </description>
                <styleUrl>#113</styleUrl>
                <Point id="886">
                    <coordinates>-104.9501,39.7477,0.0</coordinates>
                </Point>
            </Placemark>
            <Placemark id="889">
                <name>Denver Botanic Gardens </name>
                <description>
                category  : See_Parks and gardens &lt;br&gt;
                address  : 1005 York St  &lt;br&gt;
                url  : http://www.botanicgardens.org  &lt;br&gt;
                description  : Come for the array of flowers and plants from around the world, stay for the peace and quiet (and the free WiFi), then check out the bonus attractions. Above the gardens' bistro, you'll find Denver's first public green roof, a living example of the benefits of green design. Space and science buffs won't want to miss the OmniGlobe exhibit, a spherical simulation of the Earth from space. &lt;br&gt;
                </description>
                <styleUrl>#113</styleUrl>
                <Point id="888">
                    <coordinates>-104.960833,39.7325,0.0</coordinates>
                </Point>
            </Placemark>
            <Placemark id="891">
                <name>Washington Park </name>
                <description>
                category  : See_Parks and gardens &lt;br&gt;
                address  : S Downing St and E Louisiana Ave  &lt;br&gt;
                url  : https://www.denver.org/listing/washington-park/6828/  &lt;br&gt;
                description  : Beautiful and lush Denver park, with lakes, flower gardens, a recreation center, soccer fields and tennis courts. Over 160 acres of natural beauty, surrounded by turn-of-the-19th-century homes. A favorite jogging, volleyball, and drinking destination. This used to be the favorite hang-out of young residents during the summer months, but regulations requiring permits for many common activities have reduced park usage and transferred it to City Park. &lt;br&gt;
                </description>
                <styleUrl>#113</styleUrl>
                <Point id="890">
                    <coordinates>-104.971,39.7,0.0</coordinates>
                </Point>
            </Placemark>
            <Placemark id="893">
                <name>Cheesman Park </name>
                <description>
                category  : See_Parks and gardens &lt;br&gt;
                address  : 12th Ave at High St  &lt;br&gt;
                url  :   &lt;br&gt;
                description  : The Acropolis-inspired pavilion has a commanding view of the Denver skyline. &lt;br&gt;
                </description>
                <styleUrl>#113</styleUrl>
                <Point id="892">
                    <coordinates>-104.9663,39.733,0.0</coordinates>
                </Point>
            </Placemark>
            <Placemark id="895">
                <name>Confluence Park </name>
                <description>
                category  : See_Parks and gardens &lt;br&gt;
                address  : 15th Street at the Platte River  &lt;br&gt;
                url  :   &lt;br&gt;
                description  : Named for the confluence of Cherry Creek and the South Platte River, Confluence Park is a summertime spot for many of Denver's residents. Cool off in the river, or bring a kayak or inner tube for the purpose built rapids near the REI store. The park is also accessible via the Cherry Creek or Platte bike trails. &lt;br&gt;
                </description>
                <styleUrl>#113</styleUrl>
                <Point id="894">
                    <coordinates>-105.0085,39.754,0.0</coordinates>
                </Point>
            </Placemark>
            <Placemark id="897">
                <name>Denver Animal Shelter dog sculpture </name>
                <description>
                category  : See_Parks and gardens &lt;br&gt;
                address  : 1241 W. Bayaud Ave  &lt;br&gt;
                url  :   &lt;br&gt;
                description  : A 20-foot-high sculpture of a dog, made out of metal dog tags. &lt;br&gt;
                </description>
                <styleUrl>#113</styleUrl>
                <Point id="896">
                    <coordinates>-105.00308,39.71521,0.0</coordinates>
                </Point>
            </Placemark>
            <Placemark id="899">
                <name>Convergence Station </name>
                <description>
                category  : Do &lt;br&gt;
                address  : 1338 1st St  &lt;br&gt;
                url  : https://meowwolf.com/visit/denver  &lt;br&gt;
                description  : A labrynthine, immersive, surreal, confusing explosion of creativity in this  five-floor installation by the Meow Wolf art team. &quot;Convergence Station&quot; is the official name for this location at Denver, but it is often referred to as &quot;Meow Wolf&quot;. The narrative is that this is a station transporting you to other worlds.  Your &quot;tram&quot; drops you off at an upper floor, and you percolate down to the ground floor and exit. There is a restaurant off the lobby, and a bar tucked away in one of the astral planes. General admission is for a specific date and time, but paying more buys flexibility. Be aware you will need to wait outside, in the weather, until that time arrives. &lt;br&gt;
                </description>
                <styleUrl>#149</styleUrl>
                <Point id="898">
                    <coordinates>-105.01588,39.74078,0.0</coordinates>
                </Point>
            </Placemark>
            <Placemark id="901">
                <name>The Southwest Rink at Skyline Park </name>
                <description>
                category  : Do &lt;br&gt;
                address  : 511 16th St  &lt;br&gt;
                url  : http://www.downtowndenverrink.com/  &lt;br&gt;
                description  : Skating rink in downtown Denver open from late November to mid February. &lt;br&gt;
                </description>
                <styleUrl>#149</styleUrl>
                <Point id="900">
                    <coordinates>-104.99505,39.74868,0.0</coordinates>
                </Point>
            </Placemark>
            <Placemark id="903">
                <name>Archery Games Denver </name>
                <description>
                category  : Do &lt;br&gt;
                address  : 5405 W 56th Ave, Unit D  &lt;br&gt;
                url  : https://www.archerygamesdenver.com/  &lt;br&gt;
                description  : Play archery dodgeball with bows and foam-tipped arrows at this indoor arena. &lt;br&gt;
                </description>
                <styleUrl>#149</styleUrl>
                <Point id="902">
                    <coordinates>-105.0553,39.8005,0.0</coordinates>
                </Point>
            </Placemark>
            <Placemark id="905">
                <name>Elitch Gardens </name>
                <description>
                category  : Do_Amusement parks &lt;br&gt;
                address  : 2000 Elitch Cir  &lt;br&gt;
                url  : https://www.elitchgardens.com  &lt;br&gt;
                description  : A huge amusement park with rides and family entertainment. &lt;br&gt;
                </description>
                <styleUrl>#149</styleUrl>
                <Point id="904">
                    <coordinates>-105.011111,39.750556,0.0</coordinates>
                </Point>
            </Placemark>
            <Placemark id="907">
                <name>Lakeside </name>
                <description>
                category  : Do_Amusement parks &lt;br&gt;
                address  : 4601 Sheridan Blvd  &lt;br&gt;
                url  : http://www.lakesideamusementpark.com/  &lt;br&gt;
                description  : A throwback from Denver's past, Lakeside is an amusement park like they used to make; without all the corporate branding and commercialism. While it may have a somewhat seedy exterior, Lakeside is still a staple of local kids' upbringings, and remains a fixture of Denver culture as well as a much cheaper alternative to Elitch Gardens. Coaster buffs will squeal with glee over the Cyclone, the park's original 1940 Edward Vettel-designed wood coaster. &lt;br&gt;
                </description>
                <styleUrl>#149</styleUrl>
                <Point id="906">
                    <coordinates>-105.05408,39.78034,0.0</coordinates>
                </Point>
            </Placemark>
            <Placemark id="909">
                <name>Bovine Metropolis Theater </name>
                <description>
                category  : Do_Comedy &lt;br&gt;
                address  : 1527 Champa St  &lt;br&gt;
                url  : http://www.bovinemetropolis.com/  &lt;br&gt;
                description  : Nope, no cows on stage. Just exciting and surprising improv comedy shows five nights a week. All ages. &lt;br&gt;
                </description>
                <styleUrl>#149</styleUrl>
                <Point id="908">
                    <coordinates>-104.995,39.7461,0.0</coordinates>
                </Point>
            </Placemark>
            <Placemark id="911">
                <name>Comedy Works </name>
                <description>
                category  : Do_Comedy &lt;br&gt;
                address  : 1226 15th St  &lt;br&gt;
                url  : http://www.comedyworks.com/  &lt;br&gt;
                description  : Laugh it up with local comedians and big name acts. 21 and up. &lt;br&gt;
                </description>
                <styleUrl>#149</styleUrl>
                <Point id="910">
                    <coordinates>-104.9968,39.747,0.0</coordinates>
                </Point>
            </Placemark>
            <Placemark id="913">
                <name>Colorado Ballet </name>
                <description>
                category  : Do_Performing arts &lt;br&gt;
                address  : Ellie Caulkins Opera House  &lt;br&gt;
                url  : http://www.coloradoballet.org/  &lt;br&gt;
                description  : Founded in 1951, this internationally acclaimed company presents classical and contemporary ballets. &lt;br&gt;
                </description>
                <styleUrl>#149</styleUrl>
                <Point id="912">
                    <coordinates>-104.9982,39.7454,0.0</coordinates>
                </Point>
            </Placemark>
            <Placemark id="915">
                <name>Colorado Symphony </name>
                <description>
                category  : Do_Performing arts &lt;br&gt;
                address  : Boettcher Concert Hall  &lt;br&gt;
                url  : http://www.coloradosymphony.org  &lt;br&gt;
                description  : The Colorado Symphony Orchestra is an American orchestra established in 1989, as the successor to the Denver Symphony. &lt;br&gt;
                </description>
                <styleUrl>#149</styleUrl>
                <Point id="914">
                    <coordinates>-104.99735,39.7448,0.0</coordinates>
                </Point>
            </Placemark>
            <Placemark id="917">
                <name>Denver Center for the Performing Arts </name>
                <description>
                category  : Do_Performing arts &lt;br&gt;
                address  : The Buell Theatre  &lt;br&gt;
                url  : http://www.denvercenter.org  &lt;br&gt;
                description  : Spend an evening at the theater watching anything from revivals to world premieres. The center hosts a Tony Award-winning professional resident company, and touring productions. &lt;br&gt;
                </description>
                <styleUrl>#149</styleUrl>
                <Point id="916">
                    <coordinates>-104.9991,39.74446,0.0</coordinates>
                </Point>
            </Placemark>
            <Placemark id="919">
                <name>Opera Colorado </name>
                <description>
                category  : Do_Performing arts &lt;br&gt;
                address  : Ellie Caulkins Opera House  &lt;br&gt;
                url  : http://www.operacolorado.org/  &lt;br&gt;
                description  : This young company performs classic operas in their downtown venue. &lt;br&gt;
                </description>
                <styleUrl>#149</styleUrl>
                <Point id="918">
                    <coordinates>-104.9978,39.7452,0.0</coordinates>
                </Point>
            </Placemark>
            <Placemark id="921">
                <name>Mercury Cafe </name>
                <description>
                category  : Do_Performing arts &lt;br&gt;
                address  : 2199 California St  &lt;br&gt;
                url  : http://www.mercurycafe.com/  &lt;br&gt;
                description  : Highly recommended. This popular restaurant/cafe/event center is a must for any lovers of poetry, theater, or counterculture. Live music almost every night, salsa classes, and more. Particularly recommended Sundays nights, when it hosts Denver's best poetry slam. Often, you might run into well-known names like Andrea Gibson. Check out their schedule for more information. &lt;br&gt;
                </description>
                <styleUrl>#149</styleUrl>
                <Point id="920">
                    <coordinates>-104.98533,39.75076,0.0</coordinates>
                </Point>
            </Placemark>
            <Placemark id="923">
                <name>Bluebird Theater </name>
                <description>
                category  : Do_Live music &lt;br&gt;
                address  : 3317 E Colfax Ave  &lt;br&gt;
                url  : http://www.bluebirdtheater.net/  &lt;br&gt;
                description  : A beautiful old World War I-era silent movie palace on Colfax Avenue, now repurposed as a music hall where concerts in a variety of genres (primarily rock, but also blues, country, bluegrass and the like) are presented in an intimate setting. &lt;br&gt;
                </description>
                <styleUrl>#149</styleUrl>
                <Point id="922">
                    <coordinates>-104.94835,39.74036,0.0</coordinates>
                </Point>
            </Placemark>
            <Placemark id="925">
                <name>Fillmore Auditorium </name>
                <description>
                category  : Do_Live music &lt;br&gt;
                address  : 1510 Clarkson St  &lt;br&gt;
                url  :   &lt;br&gt;
                description  : Capitol Hill is where you'll find what may be the epicenter of Denver's live music scene. This cavernous space is famous for its dual Minors with Adults Liquor License, so if you're underage, you're not necessarily segregated into crappy seats. &lt;br&gt;
                </description>
                <styleUrl>#149</styleUrl>
                <Point id="924">
                    <coordinates>-104.97724,39.74038,0.0</coordinates>
                </Point>
            </Placemark>
            <Placemark id="927">
                <name>hi-dive </name>
                <description>
                category  : Do_Live music &lt;br&gt;
                address  : 7 S Broadway  &lt;br&gt;
                url  : http://www.hi-dive.com/  &lt;br&gt;
                description  : A small, scruffy bar with character to the hilt, hi-dive is mostly a place to go if you want to check out Denver's local music scene. But it's also made a name for itself as a place rising stars play just before they make it big, so come out to a show here and maybe you can say you &quot;saw them when....&quot; &lt;br&gt;
                </description>
                <styleUrl>#149</styleUrl>
                <Point id="926">
                    <coordinates>-104.98774,39.71632,0.0</coordinates>
                </Point>
            </Placemark>
            <Placemark id="929">
                <name>Larimer Lounge </name>
                <description>
                category  : Do_Live music &lt;br&gt;
                address  : 2721 Larimer St  &lt;br&gt;
                url  : http://larimerlounge.com/  &lt;br&gt;
                description  : You can't miss this hipster-friendly club and concert hall in RiNo, with huge, brightly painted Op Art murals covering the whole front of the building. Catch mostly local rock, country, and electronica acts, with a few national touring artists to mix things up, in an ambience that's a lot cleaner and less skeevy than some of the dives around town. &lt;br&gt;
                </description>
                <styleUrl>#149</styleUrl>
                <Point id="928">
                    <coordinates>-104.98381,39.75992,0.0</coordinates>
                </Point>
            </Placemark>
            <Placemark id="931">
                <name>Lion's Lair </name>
                <description>
                category  : Do_Live music &lt;br&gt;
                address  : 2022 E. Colfax Ave  &lt;br&gt;
                url  : http://lionslairco.com/  &lt;br&gt;
                description  : Famous, or should we say ''in''famous, dive bar in Colfax that's been a gathering place for Denver-area punk, hardcore, and thrash fans since the 80s. The drinks are cheap, the lights are dim, and the ambience is grungy - and that's meant in a good way. &lt;br&gt;
                </description>
                <styleUrl>#149</styleUrl>
                <Point id="930">
                    <coordinates>-104.96244,39.73983,0.0</coordinates>
                </Point>
            </Placemark>
            <Placemark id="933">
                <name>Ogden Theatre </name>
                <description>
                category  : Do_Live music &lt;br&gt;
                address  : 935 E Colfax Ave  &lt;br&gt;
                url  : https://www.ogdentheatre.com/  &lt;br&gt;
                description  : Like the smaller Bluebird, the Ogden Theatre is another old silent movie house and vaudeville hall that's been repurposed as a music venue. Whatever your favorite genre - rock, hip-hop, R&amp;B, electronica, country - you can probably find a show you like at this affable midsize venue. &lt;br&gt;
                </description>
                <styleUrl>#149</styleUrl>
                <Point id="932">
                    <coordinates>-104.97529,39.74018,0.0</coordinates>
                </Point>
            </Placemark>
            <Placemark id="935">
                <name>Oriental Theater </name>
                <description>
                category  : Do_Live music &lt;br&gt;
                address  : 4335 W 44th Ave  &lt;br&gt;
                url  : http://www.theorientaltheater.com  &lt;br&gt;
                description  : Yet another movie palace turned music venue, the Oriental is the Berkeley neighborhood's destination of choice for everyone from rock and rollers to stand-up comedy fans to arthouse cinephiles. &lt;br&gt;
                </description>
                <styleUrl>#149</styleUrl>
                <Point id="934">
                    <coordinates>-105.0437,39.7769,0.0</coordinates>
                </Point>
            </Placemark>
            <Placemark id="937">
                <name>Denver Broncos </name>
                <description>
                category  : Do_Sports &lt;br&gt;
                address  : Empower Field at Mile High, 1701 Bryant St  &lt;br&gt;
                url  : http://www.denverbroncos.com  &lt;br&gt;
                description  : The Broncos are among the most successful teams in the [[American Football &lt;br&gt;
                </description>
                <styleUrl>#149</styleUrl>
                <Point id="936">
                    <coordinates>-105.02008,39.74394,0.0</coordinates>
                </Point>
            </Placemark>
            <Placemark id="939">
                <name>Colorado Avalanche </name>
                <description>
                category  : Do_Sports &lt;br&gt;
                address  : Ball Arena, 1000 Chopper Circle  &lt;br&gt;
                url  : http://avalanche.nhl.com  &lt;br&gt;
                description  : In 1995, the erstwhile [[Quebec City &lt;br&gt;
                </description>
                <styleUrl>#149</styleUrl>
                <Point id="938">
                    <coordinates>-105.0076,39.7489,0.0</coordinates>
                </Point>
            </Placemark>
            <Placemark id="941">
                <name>Colorado Rockies </name>
                <description>
                category  : Do_Sports &lt;br&gt;
                address  : Coors Field, 2001 Blake St  &lt;br&gt;
                url  : http://colorado.rockies.mlb.com  &lt;br&gt;
                description  : Denver's [[Baseball in the United States &lt;br&gt;
                </description>
                <styleUrl>#149</styleUrl>
                <Point id="940">
                    <coordinates>-104.99406,39.75611,0.0</coordinates>
                </Point>
            </Placemark>
            <Placemark id="943">
                <name>Denver Nuggets </name>
                <description>
                category  : Do_Sports &lt;br&gt;
                address  : Ball Arena, 1000 Chopper Circle  &lt;br&gt;
                url  : http://www.nba.com/nuggets/  &lt;br&gt;
                description  : After decades of disappointment, Denver's [[Basketball in North America &lt;br&gt;
                </description>
                <styleUrl>#149</styleUrl>
                <Point id="942">
                    <coordinates>-105.0079,39.7485,0.0</coordinates>
                </Point>
            </Placemark>
            <Placemark id="945">
                <name>Colorado Mammoth </name>
                <description>
                category  : Do_Sports &lt;br&gt;
                address  : Ball Arena, 1000 Chopper Circle  &lt;br&gt;
                url  : http://www.coloradomammoth.com/  &lt;br&gt;
                description  : They may have only won one Champions' Cup, in 2006, but the Mammoth are a perennial force to be reckoned within the National Lacrosse League. They play at '''Ball Arena''', and tickets are easy to come by (and a relative steal, starting at $10 for single seats). &lt;br&gt;
                </description>
                <styleUrl>#149</styleUrl>
                <Point id="944">
                    <coordinates>-105.0074,39.7485,0.0</coordinates>
                </Point>
            </Placemark>
            <Placemark id="947">
                <name>Glendale Raptors Rugby Club </name>
                <description>
                category  : Do_Sports &lt;br&gt;
                address  : Infinity Park, 4599 E. Tennessee Ave., Glendale  &lt;br&gt;
                url  : https://www.glendaleraptors.com  &lt;br&gt;
                description  : Rugby union club whose top side competes in Major League Rugby, the USA's latest attempt at a professional league in the sport. The organization also fields women's, developmental men's, and youth teams, some of which play as the Glendale Merlins. Also of note: In 2018, Infinity Park became home to the USA Women's Sevens, a tournament in the World Rugby Women's Sevens Series for national teams in rugby sevens, a variant of union with 7 players per side instead of 15, with halves of 7 minutes instead of 40. &lt;br&gt;
                </description>
                <styleUrl>#149</styleUrl>
                <Point id="946">
                    <coordinates>-104.93496,39.69925,0.0</coordinates>
                </Point>
            </Placemark>
            <Placemark id="949">
                <name>Denver Barbarians Rugby Club </name>
                <description>
                category  : Do_Sports &lt;br&gt;
                address  : Dick's Sporting Goods Park, 6000 Victory Way, Commerce City  &lt;br&gt;
                url  : https://www.denverbarbariansrugby.com/  &lt;br&gt;
                description  : The lower-profile but more successful of Denver's two rugby union teams, competing in the U.S. Rugby Super League since 1967 with three championships to their name. &lt;br&gt;
                </description>
                <styleUrl>#149</styleUrl>
                <Point id="948">
                    <coordinates>-104.89188,39.80569,0.0</coordinates>
                </Point>
            </Placemark>
            <Placemark id="951">
                <name>Denver Pioneers </name>
                <description>
                category  : Do_Sports &lt;br&gt;
                address  : Ritchie Center, 2240 E. Buchtel Blvd  &lt;br&gt;
                url  : https://denverpioneers.com/  &lt;br&gt;
                description  : The University of Denver (DU), which plays NCAA Division I sports, mostly in the Summit League. With no football program, the highest-profile sports are men's basketball, men's ice hockey (in which it is a traditional powerhouse, playing in the National Collegiate Hockey Conference), and men's lacrosse (an emerging national power in the Big East Conference). &lt;br&gt;
                </description>
                <styleUrl>#149</styleUrl>
                <Point id="950">
                    <coordinates>-104.961592,39.682106,0.0</coordinates>
                </Point>
            </Placemark>
            <Placemark id="953">
                <name>Great Divide Brewing Company </name>
                <description>
                category  : Do_Brewery tours &lt;br&gt;
                address  : 2201 Arapahoe St  &lt;br&gt;
                url  : http://www.greatdivide.com  &lt;br&gt;
                description  : This celebrated local microbrewery is helping make Denver an international destination for beer-lovers. Learn firsthand how they do it. Tours happen Monday-Saturday. &lt;br&gt;
                </description>
                <styleUrl>#149</styleUrl>
                <Point id="952">
                    <coordinates>-104.9885,39.754,0.0</coordinates>
                </Point>
            </Placemark>
            <Placemark id="955">
                <name>Denver Microbrew Tour </name>
                <description>
                category  : Do_Brewery tours &lt;br&gt;
                address  : Denver Downtown  &lt;br&gt;
                url  : http://denvermicrobrewtour.com/  &lt;br&gt;
                description  : Guided walking tour in downtown Denver’s historic LODO (lower downtown) area. The tour includes a brewery tour, beer samplings at several microbreweries, everything you want to know about beer, and local Denver history. &lt;br&gt;
                </description>
                <styleUrl>#149</styleUrl>
                <Point id="954">
                    <coordinates>-105.0007481,39.75363,0.0</coordinates>
                </Point>
            </Placemark>
            <Placemark id="957">
                <name>Let's Roam Denver Brewery Tour </name>
                <description>
                category  : Do_Brewery tours &lt;br&gt;
                address  : 2201 Arapahoe St  &lt;br&gt;
                url  : https://www.letsroam.com/bar_hunt/LODO_Denver_Bar_Crawl  &lt;br&gt;
                description  : Guided walking tour in downtown Denver's famed Brewery district LoDO. The tour is a fun pub brawl crawl combined brewery tour. &lt;br&gt;
                </description>
                <styleUrl>#149</styleUrl>
                <Point id="956">
                    <coordinates>-104.991531,39.742043,0.0</coordinates>
                </Point>
            </Placemark>
            <Placemark id="959">
                <name>Larimer Square </name>
                <description>
                category  : Buy_Districts &lt;br&gt;
                address  :  &lt;br&gt;
                url  : https://www.larimersquare.com/ offers some of the best shopping districts in the city and was one of the first urban shopping concepts, dating back to the 1960s.  The area is full of all kinds of stuff from clothing to furniture.  Check out the district's rich history, as well. The main part is along Larimer Street between 14th and 16th Streets. &lt;br&gt;
                description  :  &lt;br&gt;
                </description>
                <styleUrl>#165</styleUrl>
                <Point id="958">
                    <coordinates>-104.9999,39.7482,0.0</coordinates>
                </Point>
            </Placemark>
            <Placemark id="961">
                <name>Angelo's CDs &amp; More </name>
                <description>
                category  : Buy_Specific retailers &lt;br&gt;
                address  : 1959 S. Broadway  &lt;br&gt;
                url  : https://www.angeloscds.com/  &lt;br&gt;
                description  : Eclectic record store offering thousands of new and used vinyl records, CDs, and DVDs. &lt;br&gt;
                </description>
                <styleUrl>#165</styleUrl>
                <Point id="960">
                    <coordinates>-104.9742,39.7401,0.0</coordinates>
                </Point>
            </Placemark>
            <Placemark id="963">
                <name>The Tattered Cover </name>
                <description>
                category  : Buy_Specific retailers &lt;br&gt;
                address  :   &lt;br&gt;
                url  : http://www.tatteredcover.com/  &lt;br&gt;
                description  : The area's largest and best-known bookstore, selling new and used books. The bookstore hosts author readings and other educational programs at their two downtown locations. &lt;br&gt;
                </description>
                <styleUrl>#165</styleUrl>
                <Point id="962">
                    <coordinates>-104.956641,39.7398323,0.0</coordinates>
                </Point>
            </Placemark>
            <Placemark id="965">
                <name>The Wizard's Chest </name>
                <description>
                category  : Buy_Specific retailers &lt;br&gt;
                address  : 230 Fillmore St  &lt;br&gt;
                url  : http://www.wizardschest.com/  &lt;br&gt;
                description  : Magical toy and costume shop. &lt;br&gt;
                </description>
                <styleUrl>#165</styleUrl>
                <Point id="964">
                    <coordinates>-104.95317,39.72019,0.0</coordinates>
                </Point>
            </Placemark>
            <Placemark id="967">
                <name>The Denver Central Market </name>
                <description>
                category  : Eat_Food markets &lt;br&gt;
                address  : 2669 Larimer St  &lt;br&gt;
                url  :   &lt;br&gt;
                description  :  &lt;br&gt;
                </description>
                <styleUrl>#77</styleUrl>
                <Point id="966">
                    <coordinates>-104.9845439,39.7593208,0.0</coordinates>
                </Point>
            </Placemark>
            <Placemark id="969">
                <name>Illegal Pete's </name>
                <description>
                category  : Eat_Budget_Around the Union Station &lt;br&gt;
                address  : 1530 16th St #101  &lt;br&gt;
                url  : http://www.illegalpetes.com/  &lt;br&gt;
                description  : A local favorite hangout with great, cheap burritos. Its patio is directly on the 16th St Mall, making it a great place to people watch. &lt;br&gt;
                </description>
                <styleUrl>#81</styleUrl>
                <Point id="968">
                    <coordinates>-104.9999,39.7509,0.0</coordinates>
                </Point>
            </Placemark>
            <Placemark id="971">
                <name>Olive &amp; Finch </name>
                <description>
                category  : Eat_Budget_Around the Union Station &lt;br&gt;
                address  : 1701 Wynkoop St  &lt;br&gt;
                url  : https://www.oliveandfinch.com/location/olive-finch-union-station/  &lt;br&gt;
                description  : A small deli counter indoors serves grab and go coffee and sandwiches for the train commuters, while a dozen tables on the patio allow for more relaxed dining. Order at the counter, and staff bring you the food. &lt;br&gt;
                </description>
                <styleUrl>#81</styleUrl>
                <Point id="970">
                    <coordinates>-104.99974,39.75322,0.0</coordinates>
                </Point>
            </Placemark>
            <Placemark id="973">
                <name>Zoe Ma Ma </name>
                <description>
                category  : Eat_Budget_Around the Union Station &lt;br&gt;
                address  : 1625 Wynkoop St  &lt;br&gt;
                url  :   &lt;br&gt;
                description  : Chinese street food &lt;br&gt;
                </description>
                <styleUrl>#81</styleUrl>
                <Point id="972">
                    <coordinates>-105.0009764,39.75257,0.0</coordinates>
                </Point>
            </Placemark>
            <Placemark id="975">
                <name>Sam's No. 3 </name>
                <description>
                category  : Eat_Budget_Downtown &lt;br&gt;
                address  : 1500 Curtis St  &lt;br&gt;
                url  : http://samsno3.com/  &lt;br&gt;
                description  : Just a block off the 16th Street Mall and across the street from the Denver Center of Performing Arts Complex, this family-owned restaurant has been feeding Denver and its visitors since 1927. Featured on Diners, Drive-ins &amp; Dives for their Famous Kickin' Pork Green Chili, it's not a spot to be missed. &lt;br&gt;
                </description>
                <styleUrl>#81</styleUrl>
                <Point id="974">
                    <coordinates>-104.9957,39.7463,0.0</coordinates>
                </Point>
            </Placemark>
            <Placemark id="977">
                <name>D'Corazon Mexican Restaurant </name>
                <description>
                category  : Eat_Budget_Downtown &lt;br&gt;
                address  : 1530 Blake St Unit C  &lt;br&gt;
                url  :   &lt;br&gt;
                description  :  &lt;br&gt;
                </description>
                <styleUrl>#81</styleUrl>
                <Point id="976">
                    <coordinates>-104.9996102,39.7501173,0.0</coordinates>
                </Point>
            </Placemark>
            <Placemark id="979">
                <name>Wally's Wisconsin Tavern </name>
                <description>
                category  : Eat_Budget_Downtown &lt;br&gt;
                address  :  1417 Market St  &lt;br&gt;
                url  :   &lt;br&gt;
                description  : Bar &amp; grill. &lt;br&gt;
                </description>
                <styleUrl>#81</styleUrl>
                <Point id="978">
                    <coordinates>-105.0003733,39.7483454,0.0</coordinates>
                </Point>
            </Placemark>
            <Placemark id="981">
                <name> Denver Döner</name>
                <description>
                category  : Eat_Budget_Downtown &lt;br&gt;
                address  : 480 16th St Mall  &lt;br&gt;
                url  :   &lt;br&gt;
                description  :  &lt;br&gt;
                </description>
                <styleUrl>#81</styleUrl>
                <Point id="980">
                    <coordinates>-104.990139,39.7437265,0.0</coordinates>
                </Point>
            </Placemark>
            <Placemark id="983">
                <name>Bubu Republic </name>
                <description>
                category  : Eat_Budget_Downtown &lt;br&gt;
                address  : 303 16th St Mall #3  &lt;br&gt;
                url  :   &lt;br&gt;
                description  :  &lt;br&gt;
                </description>
                <styleUrl>#81</styleUrl>
                <Point id="982">
                    <coordinates>-104.9888337,39.7432365,0.0</coordinates>
                </Point>
            </Placemark>
            <Placemark id="985">
                <name>Lazo Empanadas </name>
                <description>
                category  : Eat_Budget_Downtown &lt;br&gt;
                address  : 303 16th St Mall  &lt;br&gt;
                url  :   &lt;br&gt;
                description  :  &lt;br&gt;
                </description>
                <styleUrl>#81</styleUrl>
                <Point id="984">
                    <coordinates>-104.9888991,39.7427567,0.0</coordinates>
                </Point>
            </Placemark>
            <Placemark id="987">
                <name>Mexico City Lounge </name>
                <description>
                category  : Eat_Budget_Around the Coors Field &lt;br&gt;
                address  :  2115 Larimer St &lt;br&gt;
                url  :   &lt;br&gt;
                description  :  &lt;br&gt;
                </description>
                <styleUrl>#81</styleUrl>
                <Point id="986">
                    <coordinates>-104.9911311,39.7541843,0.0</coordinates>
                </Point>
            </Placemark>
            <Placemark id="989">
                <name>Denver Ted's Cheesesteaks </name>
                <description>
                category  : Eat_Budget_Around the Coors Field &lt;br&gt;
                address  :  2020 Lawrence St Unit A &lt;br&gt;
                url  :   &lt;br&gt;
                description  :  &lt;br&gt;
                </description>
                <styleUrl>#81</styleUrl>
                <Point id="988">
                    <coordinates>-104.9904628,39.7530997,0.0</coordinates>
                </Point>
            </Placemark>
            <Placemark id="991">
                <name>La Popular Food Company </name>
                <description>
                category  : Eat_Budget_Around the Coors Field &lt;br&gt;
                address  : 2033 Lawrence St  &lt;br&gt;
                url  :   &lt;br&gt;
                description  :  &lt;br&gt;
                </description>
                <styleUrl>#81</styleUrl>
                <Point id="990">
                    <coordinates>-104.9911964,39.7527721,0.0</coordinates>
                </Point>
            </Placemark>
            <Placemark id="993">
                <name>El Taco de Mexico </name>
                <description>
                category  : Eat_Budget_Around the Museo de las Americas &lt;br&gt;
                address  : 714 Santa Fe Dr  &lt;br&gt;
                url  : http://eltacodemexicodenver.com/  &lt;br&gt;
                description  : This small Mexican lunch-counter offers many delicious food choices for the adventurous palate. &lt;br&gt;
                </description>
                <styleUrl>#81</styleUrl>
                <Point id="992">
                    <coordinates>-104.9983,39.7276,0.0</coordinates>
                </Point>
            </Placemark>
            <Placemark id="995">
                <name>Bennie Blanco's </name>
                <description>
                category  : Eat_Budget_Around the Molly Brown House Museum and Golden Triangle &lt;br&gt;
                address  : 616 E 13th Ave  &lt;br&gt;
                url  :   &lt;br&gt;
                description  : Bennie Blanco's is a classic hole-in-the-wall pizza joint, and in this case the phrase is literal. There's no seating, but big, New York-style slices fresh from the oven can be had for as little as $3.00 a slice. &lt;br&gt;
                </description>
                <styleUrl>#81</styleUrl>
                <Point id="994">
                    <coordinates>-104.97938,39.73679,0.0</coordinates>
                </Point>
            </Placemark>
            <Placemark id="997">
                <name>Levən Deli </name>
                <description>
                category  : Eat_Budget_Around the Molly Brown House Museum and Golden Triangle &lt;br&gt;
                address  : 123 West 12th Avenue  &lt;br&gt;
                url  : https://eatleven.com/deli/  &lt;br&gt;
                description  : A bakery with wine and a deli counter, or a deli with an active oven?  Either way, the baked goods and sandwiches are excellent. At 11am, the menu switches from breakfast to lunch. Outdoor seating is glorious in warm sunny weather. &lt;br&gt;
                </description>
                <styleUrl>#81</styleUrl>
                <Point id="996">
                    <coordinates>-104.98968,39.73543,0.0</coordinates>
                </Point>
            </Placemark>
            <Placemark id="999">
                <name>Jerusalem </name>
                <description>
                category  : Eat_Budget_Around the University of Denver &lt;br&gt;
                address  : 1890 E Evans Ave  &lt;br&gt;
                url  : http://www.jerusalemrestaurant.com/  &lt;br&gt;
                description  : Open until 3AM, this small but excellent Middle Eastern restaurant offers great no-frills food in a laid-back and hip atmosphere. &lt;br&gt;
                </description>
                <styleUrl>#81</styleUrl>
                <Point id="998">
                    <coordinates>-104.9654,39.6783,0.0</coordinates>
                </Point>
            </Placemark>
            <Placemark id="1001">
                <name>Pete's Kitchen </name>
                <description>
                category  : Eat_Budget_Around the Cheesman Park &lt;br&gt;
                address  : 1962 E Colfax Ave  &lt;br&gt;
                url  : http://www.petesrestaurants.com/PetesKitchen.html  &lt;br&gt;
                description  : This combination Greek restaurant and short-order diner is open 24 hours a day and has a great Greek salad and French toast. It's a favorite of local celebrities as well. &lt;br&gt;
                </description>
                <styleUrl>#81</styleUrl>
                <Point id="1000">
                    <coordinates>-104.9636,39.7398,0.0</coordinates>
                </Point>
            </Placemark>
            <Placemark id="1003">
                <name>Cherry Cricket </name>
                <description>
                category  : Eat_Budget_Around the Cherry Creek shopping mall &lt;br&gt;
                address  : 2641 E 2nd Ave  &lt;br&gt;
                url  : http://cherrycricket.com/  &lt;br&gt;
                description  : Once featured on the Travel Channel's ''Man vs. Food'', the Cherry Cricket is known for having a massive variety of toppings to put on your burger, including such oddities as melted peanut butter, fried eggs, and cream cheese. &lt;br&gt;
                </description>
                <styleUrl>#81</styleUrl>
                <Point id="1002">
                    <coordinates>-104.9563,39.7196,0.0</coordinates>
                </Point>
            </Placemark>
            <Placemark id="1005">
                <name>Far East Center </name>
                <description>
                category  : Eat_Budget_West Denver &lt;br&gt;
                address  : Federal Blvd  &lt;br&gt;
                url  :   &lt;br&gt;
                description  : Several southeast Asian restaurants located in this area offer a wide variety of pho, noodle houses, upscale Vietnamese, dim sum and other Asian cuisines. Pho 95, Pho Duy, Super Star Asian and Saigon Bowl are a few of the places to try in this diverse and delicious culinary corridor. &lt;br&gt;
                </description>
                <styleUrl>#81</styleUrl>
                <Point id="1004">
                    <coordinates>-105.0258,39.7102,0.0</coordinates>
                </Point>
            </Placemark>
            <Placemark id="1007">
                <name>Blue Bonnet </name>
                <description>
                category  : Eat_Budget_Around the light rail station Alameda &lt;br&gt;
                address  : 457 S Broadway  &lt;br&gt;
                url  : http://www.bluebonnetrestaurant.com/  &lt;br&gt;
                description  : A noisy bar featuring southwest/Tex-Mex in Denver. There is patio seating and two separate dining rooms that are a bit quieter than the main bar. Consistently rated a &quot;Best of&quot; in various local polls. &lt;br&gt;
                </description>
                <styleUrl>#81</styleUrl>
                <Point id="1006">
                    <coordinates>-104.9879,39.7081,0.0</coordinates>
                </Point>
            </Placemark>
            <Placemark id="1009">
                <name>Patzcuaro's Mexican Restaurant </name>
                <description>
                category  : Eat_Mid-range &lt;br&gt;
                address  : 2616 W 32nd Ave  &lt;br&gt;
                url  : http://www.patzcuaros.com/  &lt;br&gt;
                description  : This neighborhood favorite has the most amazing tacos and green chili. &lt;br&gt;
                </description>
                <styleUrl>#85</styleUrl>
                <Point id="1008">
                    <coordinates>-105.0194,39.7618,0.0</coordinates>
                </Point>
            </Placemark>
            <Placemark id="1011">
                <name>Azucar Bakery </name>
                <description>
                category  : Eat_Mid-range &lt;br&gt;
                address  : 1886 S Broadway  &lt;br&gt;
                url  : http://www.azucarbakery.com  &lt;br&gt;
                description  : Café, dessert restaurant and bakery. Sit-down area with LavAzza coffee, fruit smoothies, pastries, Inca Kola, tarts, cookies, cupcakes, ice cream. &lt;br&gt;
                </description>
                <styleUrl>#85</styleUrl>
                <Point id="1010">
                    <coordinates>-104.987232,39.681637,0.0</coordinates>
                </Point>
            </Placemark>
            <Placemark id="1013">
                <name>D Bar Desserts </name>
                <description>
                category  : Eat_Mid-range &lt;br&gt;
                address  : 494 E 19th Ave  &lt;br&gt;
                url  : http://www.dbardenver.com/  &lt;br&gt;
                description  : Dessert is the main course at d Bar, especially with celebrity chef Keegan Gerhard making the delectable desserts. The menu does includes savory items as well as Allegro Coffee to go with your sweets. &lt;br&gt;
                </description>
                <styleUrl>#85</styleUrl>
                <Point id="1012">
                    <coordinates>-104.9814,39.746,0.0</coordinates>
                </Point>
            </Placemark>
            <Placemark id="1015">
                <name>Empress Seafood </name>
                <description>
                category  : Eat_Mid-range &lt;br&gt;
                address  : 2825 W Alameda Ave  &lt;br&gt;
                url  : http://www.theempressrestaurant.com/  &lt;br&gt;
                description  : Empress has long been the queen of dim-sum and affordable yet flavorful seafood selections from all over Asia. &lt;br&gt;
                </description>
                <styleUrl>#85</styleUrl>
                <Point id="1014">
                    <coordinates>-105.0234,39.7113,0.0</coordinates>
                </Point>
            </Placemark>
            <Placemark id="1017">
                <name>Imperial Chinese </name>
                <description>
                category  : Eat_Mid-range &lt;br&gt;
                address  : 431 S Broadway  &lt;br&gt;
                url  : http://www.imperialchinesedenver.com/  &lt;br&gt;
                description  : The Imperial is Denver's premier Chinese restaurant and has been since the 1990s. &lt;br&gt;
                </description>
                <styleUrl>#85</styleUrl>
                <Point id="1016">
                    <coordinates>-104.988,39.7091,0.0</coordinates>
                </Point>
            </Placemark>
            <Placemark id="1019">
                <name>Snooze </name>
                <description>
                category  : Eat_Mid-range &lt;br&gt;
                address  : 2262 Larimer St  &lt;br&gt;
                url  : http://www.snoozeeatery.com/  &lt;br&gt;
                description  : Inventive, trendy (and ''really good'') breakfast is the show-stopper at the east edge of LoDo, and you can expect the place to get extremely crowded on weekends. The thick, rich hot chocolate is definitely worth ordering. &lt;br&gt;
                </description>
                <styleUrl>#85</styleUrl>
                <Point id="1018">
                    <coordinates>-104.989,39.7555,0.0</coordinates>
                </Point>
            </Placemark>
            <Placemark id="1021">
                <name>TAG </name>
                <description>
                category  : Eat_Splurge &lt;br&gt;
                address  : 1441 Larimer St  &lt;br&gt;
                url  : http://www.tag-restaurant.com/  &lt;br&gt;
                description  : Continental food, house-made tonic for drinks. &lt;br&gt;
                </description>
                <styleUrl>#89</styleUrl>
                <Point id="1020">
                    <coordinates>-104.9992,39.748,0.0</coordinates>
                </Point>
            </Placemark>
            <Placemark id="1023">
                <name>Barolo Grill </name>
                <description>
                category  : Eat_Splurge &lt;br&gt;
                address  : 3030 E 6th Ave  &lt;br&gt;
                url  : http://barologrilldenver.com/  &lt;br&gt;
                description  : Decadent Italian. &lt;br&gt;
                </description>
                <styleUrl>#89</styleUrl>
                <Point id="1022">
                    <coordinates>-104.9513,39.7255,0.0</coordinates>
                </Point>
            </Placemark>
            <Placemark id="1025">
                <name>Buckhorn Exchange </name>
                <description>
                category  : Eat_Splurge &lt;br&gt;
                address  : 1000 Osage St  &lt;br&gt;
                url  : http://www.buckhorn.com/  &lt;br&gt;
                description  : Denver's oldest restaurant, from 1893, played host to famous guest after famous guest, arguably starting with one President Teddy Roosevelt in 1905. Without a doubt, this is as touristy as it gets, but it is nonetheless absolutely worth a visit. Famous for its game meat, both prosaic and rare, the buffalo tenderloin is exceptional, but more adventurous palates can go after the rattlesnake dip, alligator tail, ostrich medallions, or even yak steak! (Call ahead to check ostrich and yak availability.) The place is ''saturated'' in Old West kitsch, aging wood, and animal heads, and Th-Sa nights Roz Brown stops by to croon old cowboy tunes accompanied by his autoharp. &lt;br&gt;
                </description>
                <styleUrl>#89</styleUrl>
                <Point id="1024">
                    <coordinates>-105.005,39.7322,0.0</coordinates>
                </Point>
            </Placemark>
            <Placemark id="1027">
                <name>Venice Ristorante </name>
                <description>
                category  : Eat_Splurge &lt;br&gt;
                address  : 1700 Wynkoop St  &lt;br&gt;
                url  : http://veniceristorante.com/  &lt;br&gt;
                description  : Amazing, authentic Italian. Very expensive. Very romantic. Very good. Reservations highly recommended. &lt;br&gt;
                </description>
                <styleUrl>#89</styleUrl>
                <Point id="1026">
                    <coordinates>-104.9994,39.7528,0.0</coordinates>
                </Point>
            </Placemark>
            <Placemark id="1029">
                <name>Urban Farmer </name>
                <description>
                category  : Eat_Splurge &lt;br&gt;
                address  : 1659 Wazee St  &lt;br&gt;
                url  : https://www.urbanfarmersteakhouse.com/location/urban-farmer-denver/  &lt;br&gt;
                description  : This is a most curious hybrid: a committee steakhouse with serious, delicious vegan options on the menu. High quality with a price to suit. In a heritage building, for which the city tacks a small maintenance charge onto your bill. Outdoor tables along Wazee Street are pleasant when the weather cooperates. &lt;br&gt;
                </description>
                <styleUrl>#89</styleUrl>
                <Point id="1028">
                    <coordinates>-104.99816,39.75283,0.0</coordinates>
                </Point>
            </Placemark>
            <Placemark id="1031">
                <name>The Wolf's Tailor </name>
                <description>
                category  : Eat_Splurge &lt;br&gt;
                address  : 4058 Tejon St  &lt;br&gt;
                url  : https://www.thewolfstailor.com/  &lt;br&gt;
                description  : This Michelin-starred restaurant puts a lot of care into a sustainable, seasonal chef's tasting menu. The chef's menu is the only offering. Seating indoors or in a small garden outdoors. &lt;br&gt;
                </description>
                <styleUrl>#89</styleUrl>
                <Point id="1030">
                    <coordinates>-105.0111,39.7728,0.0</coordinates>
                </Point>
            </Placemark>
            <Placemark id="1033">
                <name>Great Divide Brewing Co. </name>
                <description>
                category  : Drink &lt;br&gt;
                address  :  2201 Arapahoe St  &lt;br&gt;
                url  : https://greatdivide.com/  &lt;br&gt;
                description  : Offers 30-minute tours on the hour M-F 3-5PM, Sa Su 2-6PM  &lt;br&gt;
                </description>
                <styleUrl>#57</styleUrl>
                <Point id="1032">
                    <coordinates>-104.98847,39.75377,0.0</coordinates>
                </Point>
            </Placemark>
            <Placemark id="1035">
                <name>Wynkoop Brewing Company </name>
                <description>
                category  : Drink &lt;br&gt;
                address  :   &lt;br&gt;
                url  : http://www.wynkoop.com  &lt;br&gt;
                description  :  &lt;br&gt;
                </description>
                <styleUrl>#57</styleUrl>
                <Point id="1034">
                    <coordinates>-104.99836,39.7534,0.0</coordinates>
                </Point>
            </Placemark>
            <Placemark id="1037">
                <name>Bull &amp; Bush </name>
                <description>
                category  : Drink &lt;br&gt;
                address  :   &lt;br&gt;
                url  : https://bullandbush.com/  &lt;br&gt;
                description  :  &lt;br&gt;
                </description>
                <styleUrl>#57</styleUrl>
                <Point id="1036">
                    <coordinates>-104.93245,39.70306,0.0</coordinates>
                </Point>
            </Placemark>
            <Placemark id="1039">
                <name>Stranahan's Colorado Whiskey </name>
                <description>
                category  : Drink &lt;br&gt;
                address  : 200 S Kalamath St  &lt;br&gt;
                url  : https://www.stranahans.com/  &lt;br&gt;
                description  :  &lt;br&gt;
                </description>
                <styleUrl>#57</styleUrl>
                <Point id="1038">
                    <coordinates>-104.9987,39.7126,0.0</coordinates>
                </Point>
            </Placemark>
            <Placemark id="1041">
                <name>Rock Bottom </name>
                <description>
                category  : Drink &lt;br&gt;
                address  :   &lt;br&gt;
                url  : http://www.rockbottom.com  &lt;br&gt;
                description  : A national chain of brewpubs.. &lt;br&gt;
                </description>
                <styleUrl>#57</styleUrl>
                <Point id="1040">
                    <coordinates>-104.9947179,39.747538,0.0</coordinates>
                </Point>
            </Placemark>
            <Placemark id="1043">
                <name>The Cruise Room </name>
                <description>
                category  : Drink_Bars in Lower Downtown (LoDo) &lt;br&gt;
                address  : 1600 17th St  &lt;br&gt;
                url  : http://www.theoxfordhotel.com/denver-dining/the-cruise-room/  &lt;br&gt;
                description  : 1930s Art Deco martini bar inside the Oxford Hotel. Best martinis in Denver! You can also order fresh seafood from McCormick's Fish House. &lt;br&gt;
                </description>
                <styleUrl>#57</styleUrl>
                <Point id="1042">
                    <coordinates>-104.9993,39.7521,0.0</coordinates>
                </Point>
            </Placemark>
            <Placemark id="1045">
                <name>My Brother's Bar </name>
                <description>
                category  : Drink_Bars in Lower Downtown (LoDo) &lt;br&gt;
                address  : 2376 15th St  &lt;br&gt;
                url  : https://www.mybrothersbar.com/  &lt;br&gt;
                description  : Brother's is the oldest still-operating bar in Denver, steeped in the history of the Beat movement; Jack Kerouac was a regular here during his years in Denver. Massive selection of premium choices and a fantastic single-malt scotch selection. Classical music plays, but don't expect to hear it on a really busy night. Good food, making this a great casual lunch option, including the JCB: a cheeseburger featuring Jalapeno Cream Cheese. There's no sign on the bar so don't look for one, but it's right on the southeast corner of 15th and Platte streets. This is where the locals go and regulars abound. &lt;br&gt;
                </description>
                <styleUrl>#57</styleUrl>
                <Point id="1044">
                    <coordinates>-105.0093,39.7562,0.0</coordinates>
                </Point>
            </Placemark>
            <Placemark id="1047">
                <name>Nallen's Irish Pub </name>
                <description>
                category  : Drink_Bars in Lower Downtown (LoDo) &lt;br&gt;
                address  : 1429 Market St  &lt;br&gt;
                url  : http://www.nallenspub.com/  &lt;br&gt;
                description  : A little piece of the Old Country in Denver, Nallen's has great nightly drink specials and a Tuesday night pub quiz. &lt;br&gt;
                </description>
                <styleUrl>#57</styleUrl>
                <Point id="1046">
                    <coordinates>-105.0003,39.7486,0.0</coordinates>
                </Point>
            </Placemark>
            <Placemark id="1049">
                <name>Wynkoop Brewery </name>
                <description>
                category  : Drink_Bars in Lower Downtown (LoDo) &lt;br&gt;
                address  : 1634 18th St  &lt;br&gt;
                url  : http://www.wynkoop.com/  &lt;br&gt;
                description  : Fresh brews, billiard tables, and excellent food. Banquets and private parties. Historically significant architecture. &lt;br&gt;
                </description>
                <styleUrl>#57</styleUrl>
                <Point id="1048">
                    <coordinates>-104.9985,39.7534,0.0</coordinates>
                </Point>
            </Placemark>
            <Placemark id="1051">
                <name>Charlie Brown's Bar &amp; Grill </name>
                <description>
                category  : Drink_Bars in Capitol Hill &lt;br&gt;
                address  : 980 Grant St  &lt;br&gt;
                url  : http://www.charliebrownsbarandgrill.com/  &lt;br&gt;
                description  : Charlie Brown's in another Beat-era hangout located at a hotel where Ginsburg and the gang used to stay. Has great happy-hours, a mostly local crowd, good food, and an agile piano player belting out tunes while you drink. &lt;br&gt;
                </description>
                <styleUrl>#57</styleUrl>
                <Point id="1050">
                    <coordinates>-104.9831,39.7318,0.0</coordinates>
                </Point>
            </Placemark>
            <Placemark id="1053">
                <name>The Church </name>
                <description>
                category  : Drink_Bars in Capitol Hill &lt;br&gt;
                address  : 1160 Lincoln St  &lt;br&gt;
                url  : http://www.coclubs.com/the-church/  &lt;br&gt;
                description  : Part of the &quot;SoCo&quot; (South of Colfax) club district, the Church is one of the most popular dance clubs in the city, and as its name suggests, is housed in a former Episcopalian church. That however, does not prevent hundreds if not thousands of people from descending on the dance floor every night to shake what God has given them. &lt;br&gt;
                </description>
                <styleUrl>#57</styleUrl>
                <Point id="1052">
                    <coordinates>-104.9857,39.7351,0.0</coordinates>
                </Point>
            </Placemark>
            <Placemark id="1055">
                <name>City O City </name>
                <description>
                category  : Drink_Bars in Capitol Hill &lt;br&gt;
                address  : 206 E 13th Ave  &lt;br&gt;
                url  : http://www.cityocitydenver.com/  &lt;br&gt;
                description  : You will find a changing handful of unusual brews on tap. Grab a blueberry muffin or the vegan buffalo wings (which are excellent - and you can eat them without having to worry about a bone!) and people watch. &lt;br&gt;
                </description>
                <styleUrl>#57</styleUrl>
                <Point id="1054">
                    <coordinates>-104.9845,39.7367,0.0</coordinates>
                </Point>
            </Placemark>
            <Placemark id="1057">
                <name>Park Tavern </name>
                <description>
                category  : Drink_Bars in Capitol Hill &lt;br&gt;
                address  : 931 E 11th Ave  &lt;br&gt;
                url  : http://www.theparktaverndenver.com/  &lt;br&gt;
                description  : Tavern food and drink &lt;br&gt;
                </description>
                <styleUrl>#57</styleUrl>
                <Point id="1056">
                    <coordinates>-104.97567,39.7338,0.0</coordinates>
                </Point>
            </Placemark>
            <Placemark id="1059">
                <name>Mezcal </name>
                <description>
                category  : Drink_Bars on Colfax &lt;br&gt;
                address  : 3230 E Colfax Ave  &lt;br&gt;
                url  : http://www.mezcalcolorado.com/  &lt;br&gt;
                description  : Mezcal is a hip Mexican-themed bar/restaurant serving excellent and cheap Mexican food along with its plentiful selection of great drinks, particularly tequilas. &lt;br&gt;
                </description>
                <styleUrl>#57</styleUrl>
                <Point id="1058">
                    <coordinates>-104.9487,39.7399,0.0</coordinates>
                </Point>
            </Placemark>
            <Placemark id="1061">
                <name>Squire Lounge </name>
                <description>
                category  : Drink_Bars on Colfax &lt;br&gt;
                address  : 1800 E Colfax Ave  &lt;br&gt;
                url  :   &lt;br&gt;
                description  : This is a serious dive bar, complete with nasty bathrooms, unkempt floors, characters, a couple pool tables, and a jukebox. And cheap late night drinks accompanied by some seriously plastered clientèle. Clearly not for everyone, but it has its place. If you are up for a real wild ride, order ''The Beaver'', a huge pitcher of impromptu God-only-knows-what, usually less than $10. &lt;br&gt;
                </description>
                <styleUrl>#57</styleUrl>
                <Point id="1060">
                    <coordinates>-104.9657,39.7398,0.0</coordinates>
                </Point>
            </Placemark>
            <Placemark id="1063">
                <name>Lowry Beer Garden </name>
                <description>
                category  : Drink_Bars elsewhere in Denver &lt;br&gt;
                address  : 7577 East Academy Blvd  &lt;br&gt;
                url  : http://www.lowrybeergarden.com/  &lt;br&gt;
                description  : In the Lowry neighborhood, this beer garden is in between two of the old airplane hangars that made up Lowry Air Force Base. The Garden offers a thoughtful draft and bottled beer selection with a focus on Colorado and handcrafted brews. The Lowry Beer Garden also serves up your favorite casual fare with locally-made gourmet brats &amp; sausages, freshly-baked pretzels, house-ground burgers, hand-cut fries and chef-created salads. &lt;br&gt;
                </description>
                <styleUrl>#57</styleUrl>
                <Point id="1062">
                    <coordinates>-104.8965,39.7202,0.0</coordinates>
                </Point>
            </Placemark>
            <Placemark id="1065">
                <name>Pablo's Coffee </name>
                <description>
                category  : Drink_Coffee &lt;br&gt;
                address  : 630 E 6th Ave, 80203  &lt;br&gt;
                url  : https://www.pabloscoffee.com/  &lt;br&gt;
                description  : Also location at 1300 Pennsylvania St (NE corner 13th Ave and Penn). Fresh roasted coffee roasted in the store, excellent barristas and a nice patio, no wi-fi so the number of student &quot;campers&quot; is a minimum, a great place for people looking for a great cup of coffee. &lt;br&gt;
                </description>
                <styleUrl>#57</styleUrl>
                <Point id="1064">
                    <coordinates>-104.979,39.7255,0.0</coordinates>
                </Point>
            </Placemark>
            <Placemark id="1067">
                <name>Hooked on Colfax </name>
                <description>
                category  : Drink_Coffee &lt;br&gt;
                address  : 3213 E Colfax  &lt;br&gt;
                url  : http://www.hookedoncolfax.com  &lt;br&gt;
                description  : A few blocks south of City Park. Wifi-friendly coffeeshop with great local coffee offerings, as well as a small selection of beer, wine, and cocktails. Offers delicious home-baked pastries and quiches, with gluten-free and vegan options. &lt;br&gt;
                </description>
                <styleUrl>#57</styleUrl>
                <Point id="1066">
                    <coordinates>-104.94947,39.7403,0.0</coordinates>
                </Point>
            </Placemark>
            <Placemark id="1069">
                <name>St. Mark's </name>
                <description>
                category  : Drink_Coffee &lt;br&gt;
                address  : 2019 E 17th Ave  &lt;br&gt;
                url  : http://www.stmarkscoffeehouse.com/  &lt;br&gt;
                description  : Quintessential coffeehouse ambience. House made pastries. Lovely neighborhood block with a nice collection of restaurants. &lt;br&gt;
                </description>
                <styleUrl>#57</styleUrl>
                <Point id="1068">
                    <coordinates>-104.9629,39.7434,0.0</coordinates>
                </Point>
            </Placemark>
            <Placemark id="1071">
                <name>Fluid </name>
                <description>
                category  : Drink_Coffee &lt;br&gt;
                address  :   &lt;br&gt;
                url  : http://www.fluidcoffeebar.com/  &lt;br&gt;
                description  : Modern. Gourmets: order an artisan coffee made with the Clover machine. Light pre-packaged eats available. Wifi/Laptop friendly. &lt;br&gt;
                </description>
                <styleUrl>#57</styleUrl>
                <Point id="1070">
                    <coordinates>-104.9809,39.7463,0.0</coordinates>
                </Point>
            </Placemark>
            <Placemark id="1073">
                <name>Dazbog </name>
                <description>
                category  : Drink_Coffee &lt;br&gt;
                address  :   &lt;br&gt;
                url  : http://www.dazbog.com/  &lt;br&gt;
                description  : Formerly Diedrich's. Lovely tree lined street. Nice selection of pastries and light bites. Wifi/laptop friendly. Multiple locations around the city. &lt;br&gt;
                </description>
                <styleUrl>#57</styleUrl>
                <Point id="1072">
                    <coordinates>-104.97276,39.73061,0.0</coordinates>
                </Point>
            </Placemark>
            <Placemark id="1075">
                <name>Common Grounds Downtown </name>
                <description>
                category  : Drink_Coffee &lt;br&gt;
                address  : 2139 W 44th Ave  &lt;br&gt;
                url  : http://www.commongroundscoffeehouse.com/  &lt;br&gt;
                description  : An old mainstay in Denver. Moved to the Highlands. &lt;br&gt;
                </description>
                <styleUrl>#57</styleUrl>
                <Point id="1074">
                    <coordinates>-105.01305,39.77672,0.0</coordinates>
                </Point>
            </Placemark>
            <Placemark id="1077">
                <name>Metropolis </name>
                <description>
                category  : Drink_Coffee &lt;br&gt;
                address  :   &lt;br&gt;
                url  : http://www.metropolisdenver.com/  &lt;br&gt;
                description  : 11th and Cherokee and 17th and Champa. Modern. Wifi/Laptop friendly. &lt;br&gt;
                </description>
                <styleUrl>#57</styleUrl>
                <Point id="1076">
                    <coordinates>-105.00876,39.75899,0.0</coordinates>
                </Point>
            </Placemark>
            <Placemark id="1079">
                <name>Stella's Coffeehaus </name>
                <description>
                category  : Drink_Coffee &lt;br&gt;
                address  : 1476 S Pearl St  &lt;br&gt;
                url  : https://stellascoffee.com/  &lt;br&gt;
                description  : Large wifi-friendly coffeeshop with a warm, open feel. Popular among students studying during the day, louder and livelier at night. &lt;br&gt;
                </description>
                <styleUrl>#57</styleUrl>
                <Point id="1078">
                    <coordinates>-104.98026,39.68961,0.0</coordinates>
                </Point>
            </Placemark>
            <Placemark id="1081">
                <name>Bardo </name>
                <description>
                category  : Drink_Coffee &lt;br&gt;
                address  : 228 S Broadway  &lt;br&gt;
                url  : https://www.bardocoffee.com/  &lt;br&gt;
                description  : Great laid-back atmosphere, vintage couches in back, tables in front, booths in the middle. Serves locally-roasted coffee, pastries and teas. Good study spot, or just to meet with friends. Wifi-equipped. &lt;br&gt;
                </description>
                <styleUrl>#57</styleUrl>
                <Point id="1080">
                    <coordinates>-104.98733,39.71217,0.0</coordinates>
                </Point>
            </Placemark>
            <Placemark id="1083">
                <name>Drip </name>
                <description>
                category  : Drink_Coffee &lt;br&gt;
                address  : 955 Lincoln St  &lt;br&gt;
                url  : http://www.dripdenver.com/  &lt;br&gt;
                description  : #G. Upscale atmosphere with friendly staff and reasonable prices. Serving locally-roasted coffee, teas, sandwiches and pastries. Good spot for studying, business meetings, or just to meet with friends. Wifi-equipped, and there's a loft upstairs. &lt;br&gt;
                </description>
                <styleUrl>#57</styleUrl>
                <Point id="1082">
                    <coordinates>-104.98635,39.7313,0.0</coordinates>
                </Point>
            </Placemark>
            <Placemark id="1085">
                <name>Grizzly Rose </name>
                <description>
                category  : Drink_Nightclubs &lt;br&gt;
                address  : 5450 North Valley Highway  &lt;br&gt;
                url  : https://www.grizzlyrose.com/  &lt;br&gt;
                description  : A must for a true western experience. The Grizzly Rose is a huge saloon with line-dancing, live music, and even a mechanical bull. A popular draw for people living outside the city. &lt;br&gt;
                </description>
                <styleUrl>#57</styleUrl>
                <Point id="1084">
                    <coordinates>-104.9867,39.7951,0.0</coordinates>
                </Point>
            </Placemark>
            <Placemark id="1087">
                <name>Charlie's </name>
                <description>
                category  : Drink_Nightclubs &lt;br&gt;
                address  : 900 E Colfax Ave  &lt;br&gt;
                url  : http://www.charliesdenver.com/  &lt;br&gt;
                description  : Charlie's is simultaneously a gay bar and cultural landmark catering to the old west spirit and/or disco diva in all of us. Charlie's has a friendly clientele, a mix of country, pop, and dance music, and inexpensive drinks. &lt;br&gt;
                </description>
                <styleUrl>#57</styleUrl>
                <Point id="1086">
                    <coordinates>-104.97624,39.73975,0.0</coordinates>
                </Point>
            </Placemark>
            <Placemark id="1089">
                <name>Tracks </name>
                <description>
                category  : Drink_Nightclubs &lt;br&gt;
                address  : 3500 Walnut St  &lt;br&gt;
                url  : http://www.tracksdenver.com/  &lt;br&gt;
                description  : Denver's main gay nightclub, Tracks is big, friendly, and very fun. Go there Thursday for 18+ nights, or check out the monthly lesbian party First Fridays. Once a month (usually 3rd Friday) they have a themed Rollerskating event. Skates run out fast, bring your own if you can. &lt;br&gt;
                </description>
                <styleUrl>#57</styleUrl>
                <Point id="1088">
                    <coordinates>-104.97504,39.76761,0.0</coordinates>
                </Point>
            </Placemark>
            <Placemark id="1091">
                <name>11th Avenue Hostel </name>
                <description>
                category  : Sleep_Budget &lt;br&gt;
                address  : 1112 N. Broadway  &lt;br&gt;
                url  : http://11thavenuehostel.com/  &lt;br&gt;
                description  :  &lt;br&gt;
                </description>
                <styleUrl>#97</styleUrl>
                <Point id="1090">
                    <coordinates>-104.9871,39.7341,0.0</coordinates>
                </Point>
            </Placemark>
            <Placemark id="1093">
                <name>Ramada Denver Midtown </name>
                <description>
                category  : Sleep_Budget &lt;br&gt;
                address  : 2601 Zuni St  &lt;br&gt;
                url  : https://www.wyndhamhotels.com/ramada/denver-colorado/ramada-denver-midtown/overview  &lt;br&gt;
                description  :  &lt;br&gt;
                </description>
                <styleUrl>#97</styleUrl>
                <Point id="1092">
                    <coordinates>-105.0163,39.7554,0.0</coordinates>
                </Point>
            </Placemark>
            <Placemark id="1095">
                <name>Hostel Fish </name>
                <description>
                category  : Sleep_Budget &lt;br&gt;
                address  : 1217 20th St  &lt;br&gt;
                url  : http://www.hostelfish.com/  &lt;br&gt;
                description  : Upscale hostel that opened in July 2015 in a historic building in downtown Denver that occupies top 2 floors of the building and a restaurant and bar on the ground floor of the historic building. The 2 story hostel has 67 dorm beds and 2 private rooms available with free continental breakfast, free wi-fi, guest lounge, bar and kitchen. &lt;br&gt;
                </description>
                <styleUrl>#97</styleUrl>
                <Point id="1094">
                    <coordinates>-104.991886,39.752701,0.0</coordinates>
                </Point>
            </Placemark>
            <Placemark id="1097">
                <name>Courtyard Denver Stapleton </name>
                <description>
                category  : Sleep_Mid-range &lt;br&gt;
                address  : 7415 E 41st Ave  &lt;br&gt;
                url  : https://www.marriott.com/hotels/travel/denca-courtyard-denver-stapleton/  &lt;br&gt;
                description  : Between the airport and downtown Denver. 24-hour market on-site. &lt;br&gt;
                </description>
                <styleUrl>#101</styleUrl>
                <Point id="1096">
                    <coordinates>-104.9024,39.7756,0.0</coordinates>
                </Point>
            </Placemark>
            <Placemark id="1099">
                <name>Sonesta Denver Downtown </name>
                <description>
                category  : Sleep_Mid-range &lt;br&gt;
                address  : 1450 Glenarm Pl  &lt;br&gt;
                url  : https://www.sonesta.com/us/colorado/denver/sonesta-denver-downtown  &lt;br&gt;
                description  : Rooms are reasonably spacious and have free broadband internet access and a desk. Breakfast is modestly priced and modest in style. The lobby is typical Holiday Inn. Given the size of the hotel, reception and concierge staff numbers are small but there still seem to be no queues for their services. Stay high in a room on the Glenarm St. side if you want a mountain view. Airport shuttles ($21 to international) serve the hotel. &lt;br&gt;
                </description>
                <styleUrl>#101</styleUrl>
                <Point id="1098">
                    <coordinates>-104.992,39.7422,0.0</coordinates>
                </Point>
            </Placemark>
            <Placemark id="1101">
                <name>Embassy Suites by Hilton Denver Tech Center North </name>
                <description>
                category  : Sleep_Mid-range &lt;br&gt;
                address  : 7525 East Hampden Ave  &lt;br&gt;
                url  : https://embassysuites3.hilton.com/en/hotels/colorado/embassy-suites-by-hilton-denver-tech-center-north-DENHPES/index.html  &lt;br&gt;
                description  : Near Denver Tech, hotel offers complimentary hot cooked-to-order breakfast and nightly Manager's Reception featuring complimentary cocktails and appetizers. &lt;br&gt;
                </description>
                <styleUrl>#101</styleUrl>
                <Point id="1100">
                    <coordinates>-104.9031,39.6543,0.0</coordinates>
                </Point>
            </Placemark>
            <Placemark id="1103">
                <name>Magnolia Hotel Denver </name>
                <description>
                category  : Sleep_Mid-range &lt;br&gt;
                address  : 818 17th St  &lt;br&gt;
                url  : http://www.magnoliahotels.com/denver/magnolia-hotel-denver.php  &lt;br&gt;
                description  : Downtown Denver hotel featuring guestrooms and suites, a restaurant and bar, and event space for meetings, weddings, and special occasions. &lt;br&gt;
                </description>
                <styleUrl>#101</styleUrl>
                <Point id="1102">
                    <coordinates>-104.9923,39.7468,0.0</coordinates>
                </Point>
            </Placemark>
            <Placemark id="1105">
                <name>Sheraton Denver Downtown </name>
                <description>
                category  : Sleep_Mid-range &lt;br&gt;
                address  : 1550 Court Pl  &lt;br&gt;
                url  : http://www.sheratondenverdowntown.com  &lt;br&gt;
                description  : On the 16th Street Pedestrian Mall in downtown, 3 1/2 blocks from the Denver Convention Center. &lt;br&gt;
                </description>
                <styleUrl>#101</styleUrl>
                <Point id="1104">
                    <coordinates>-104.989,39.7416,0.0</coordinates>
                </Point>
            </Placemark>
            <Placemark id="1107">
                <name>SpringHill Suites Denver Downtown </name>
                <description>
                category  : Sleep_Mid-range &lt;br&gt;
                address  : 1190 Auraria Parkway  &lt;br&gt;
                url  : https://www.marriott.com/hotels/travel/densd-springhill-suites-denver-downtown/  &lt;br&gt;
                description  : Across from the Ball Arena in LoDo. &lt;br&gt;
                </description>
                <styleUrl>#101</styleUrl>
                <Point id="1106">
                    <coordinates>-105.0042,39.7473,0.0</coordinates>
                </Point>
            </Placemark>
            <Placemark id="1109">
                <name>Aloft Denver North Westminster </name>
                <description>
                category  : Sleep_Mid-range &lt;br&gt;
                address  : 14780 Delaware St  &lt;br&gt;
                url  : https://www.marriott.com/en-us/hotels/denan-aloft-denver-north-westminster/overview/  &lt;br&gt;
                description  :  &lt;br&gt;
                </description>
                <styleUrl>#101</styleUrl>
                <Point id="1108">
                    <coordinates>-104.9923645,39.7747675,0.0</coordinates>
                </Point>
            </Placemark>
            <Placemark id="1111">
                <name>Courtyard Denver Cherry Creek </name>
                <description>
                category  : Sleep_Mid-range &lt;br&gt;
                address  : 1475 S Colorado Blvd  &lt;br&gt;
                url  : https://www.marriott.com/en-us/hotels/dench-courtyard-denver-cherry-creek/overview/  &lt;br&gt;
                description  :  &lt;br&gt;
                </description>
                <styleUrl>#101</styleUrl>
                <Point id="1110">
                    <coordinates>-104.94195,39.69073,0.0</coordinates>
                </Point>
            </Placemark>
            <Placemark id="1113">
                <name>Residence Inn Denver Cherry Creek </name>
                <description>
                category  : Sleep_Mid-range &lt;br&gt;
                address  : 670 S Colorado Blvd  &lt;br&gt;
                url  : https://www.marriott.com/en-us/hotels/denrs-residence-inn-denver-cherry-creek/overview/  &lt;br&gt;
                description  :  &lt;br&gt;
                </description>
                <styleUrl>#101</styleUrl>
                <Point id="1112">
                    <coordinates>-104.93839,39.70507,0.0</coordinates>
                </Point>
            </Placemark>
            <Placemark id="1115">
                <name>Hilton Garden Inn Denver/Cherry Creek </name>
                <description>
                category  : Sleep_Mid-range &lt;br&gt;
                address  : 600 S Colorado Blvd  &lt;br&gt;
                url  : https://www.hilton.com/en/hotels/denckgi-hilton-garden-inn-denver-cherry-creek/  &lt;br&gt;
                description  :  &lt;br&gt;
                </description>
                <styleUrl>#101</styleUrl>
                <Point id="1114">
                    <coordinates>-104.93983,39.70532,0.0</coordinates>
                </Point>
            </Placemark>
            <Placemark id="1117">
                <name>Acoma House </name>
                <description>
                category  : Sleep_Mid-range &lt;br&gt;
                address  : 1114 Acoma Street  &lt;br&gt;
                url  : https://www.theacomahouse.com/  &lt;br&gt;
                description  : This small colourful hotel features 24 rooms, each painted in vivid colours designed by a different artist. A wide range of amenities for the modern traveller, including fast internet, free water and coffee pods, a tiny kitchen in each room, and laundry machines downstairs. There is no lobby or reception desk. You check in with a door code which they text to you the day before you check in. No elevator, so rooms 201-212 require you to carry luggage up narrow stairs, but ground floor rooms 101-112 are accessible by a ramp at the rear of the building. Downstairs is free luggage storage, a lounge, and a meeting room. Parking $11/day by arrangement with the lot next to the hotel. Easy walking to the civic center and a few local shops, restaurants, and museums. E-scooters are plentiful nearby, and bring most of downtown in range. &lt;br&gt;
                </description>
                <styleUrl>#101</styleUrl>
                <Point id="1116">
                    <coordinates>-104.98872,39.73427,0.0</coordinates>
                </Point>
            </Placemark>
            <Placemark id="1119">
                <name>Brown Palace Hotel </name>
                <description>
                category  : Sleep_Splurge &lt;br&gt;
                address  : 321 17th St  &lt;br&gt;
                url  : https://www.brownpalace.com/  &lt;br&gt;
                description  : An elegant, historic hotel in downtown Denver, the Brown Palace has catered to congressmen, US presidents, and countless foreign dignitaries. &lt;br&gt;
                </description>
                <styleUrl>#105</styleUrl>
                <Point id="1118">
                    <coordinates>-104.9878,39.7441,0.0</coordinates>
                </Point>
            </Placemark>
            <Placemark id="1121">
                <name>Hilton Denver City Center </name>
                <description>
                category  : Sleep_Splurge &lt;br&gt;
                address  : 1701 California St  &lt;br&gt;
                url  : https://www.hilton.com/en/hotels/dencyhh-hilton-denver-city-center  &lt;br&gt;
                description  : A beautiful hotel in downtown Denver offering panoramic views of the Rocky Mountains and the city skyline. &lt;br&gt;
                </description>
                <styleUrl>#105</styleUrl>
                <Point id="1120">
                    <coordinates>-104.9904,39.7471,0.0</coordinates>
                </Point>
            </Placemark>
            <Placemark id="1123">
                <name>Embassy Suites Downtown </name>
                <description>
                category  : Sleep_Splurge &lt;br&gt;
                address  : 1420 Stout St  &lt;br&gt;
                url  : https://embassysuites3.hilton.com/en/hotels/colorado/embassy-suites-denver-downtown-convention-center-DENESES/index.html  &lt;br&gt;
                description  : An all-suite, full service hotel. &lt;br&gt;
                </description>
                <styleUrl>#105</styleUrl>
                <Point id="1122">
                    <coordinates>-104.9948,39.7442,0.0</coordinates>
                </Point>
            </Placemark>
            <Placemark id="1125">
                <name>Grand Hyatt Denver </name>
                <description>
                category  : Sleep_Splurge &lt;br&gt;
                address  : 1750 Welton St  &lt;br&gt;
                url  : https://denver.grand.hyatt.com/en/hotel/home.html  &lt;br&gt;
                description  : 512 rooms with city views. Features the Hyatt Grand Bed, free 24 hour fitness facility, indoor pool, room service around the clock, well-lit work stations and high-speed internet access. &lt;br&gt;
                </description>
                <styleUrl>#105</styleUrl>
                <Point id="1124">
                    <coordinates>-104.9891,39.746,0.0</coordinates>
                </Point>
            </Placemark>
            <Placemark id="1127">
                <name>Hilton Garden Inn Denver Downtown </name>
                <description>
                category  : Sleep_Splurge &lt;br&gt;
                address  : 1400 Welton St  &lt;br&gt;
                url  : http://www.hgidenverdowntown.com/  &lt;br&gt;
                description  : Onsite restaurant, fitness center and complimentary high-speed Internet access. &lt;br&gt;
                </description>
                <styleUrl>#105</styleUrl>
                <Point id="1126">
                    <coordinates>-104.9932,39.7427,0.0</coordinates>
                </Point>
            </Placemark>
            <Placemark id="1129">
                <name>Hyatt Regency Denver at Colorado Convention Center </name>
                <description>
                category  : Sleep_Splurge &lt;br&gt;
                address  : 650 15th St  &lt;br&gt;
                url  : https://www.hyatt.com/en-US/hotel/colorado/hyatt-regency-denver-at-colorado-convention-center/dencc  &lt;br&gt;
                description  : 37-story downtown hotel, adjacent to the Colorado Convention Center. 1,100 guest rooms, with views of the mountain and downtown. &lt;br&gt;
                </description>
                <styleUrl>#105</styleUrl>
                <Point id="1128">
                    <coordinates>-104.993611,39.743611,0.0</coordinates>
                </Point>
            </Placemark>
            <Placemark id="1131">
                <name>The Oxford Hotel </name>
                <description>
                category  : Sleep_Splurge &lt;br&gt;
                address  : 1600 17th St  &lt;br&gt;
                url  : http://www.theoxfordhotel.com/  &lt;br&gt;
                description  : The historic hotel provides a romantic retreat located in the midst of Denver’s lively LoDo district. &lt;br&gt;
                </description>
                <styleUrl>#105</styleUrl>
                <Point id="1130">
                    <coordinates>-104.9991,39.7522,0.0</coordinates>
                </Point>
            </Placemark>
            <Placemark id="1133">
                <name>The Westin Denver Downtown </name>
                <description>
                category  : Sleep_Splurge &lt;br&gt;
                address  : 1672 Lawrence St  &lt;br&gt;
                url  : https://www.marriott.com/hotels/travel/denwi-the-westin-denver-downtown/  &lt;br&gt;
                description  : Four-diamond hotel in downtown Denver. &lt;br&gt;
                </description>
                <styleUrl>#105</styleUrl>
                <Point id="1132">
                    <coordinates>-104.9955,39.7488,0.0</coordinates>
                </Point>
            </Placemark>
            <Placemark id="1135">
                <name>Cherry Creek North </name>
                <description>
                category  : Connect_Wireless internet &lt;br&gt;
                address  :   &lt;br&gt;
                url  : http://www.cherrycreeknorth.com/  &lt;br&gt;
                description  : Entire area has free WiFi provided by the Cherry Creek North Business District. &lt;br&gt;
                </description>
                <styleUrl>#37</styleUrl>
                <Point id="1134">
                    <coordinates>-104.9525486,39.7156478,0.0</coordinates>
                </Point>
            </Placemark>
            <Placemark id="1137">
                <name>Canada </name>
                <description>
                category  : Connect_Consulates &lt;br&gt;
                address  : 1625 Broadway, Suite 2600  &lt;br&gt;
                url  : http://international.gc.ca/world-monde/united_states-etats_unis/denver.aspx?lang &lt;br&gt;
                description  :  &lt;br&gt;
                </description>
                <styleUrl>#37</styleUrl>
                <Point id="1136">
                    <coordinates>-104.9875,39.7423,0.0</coordinates>
                </Point>
            </Placemark>
            <Placemark id="1139">
                <name>Japan </name>
                <description>
                category  : Connect_Consulates &lt;br&gt;
                address  : 1225 17th St Ste 3000  &lt;br&gt;
                url  : http://www.denver.us.emb-japan.go.jp  &lt;br&gt;
                description  :  &lt;br&gt;
                </description>
                <styleUrl>#37</styleUrl>
                <Point id="1138">
                    <coordinates>-104.9951731,39.7502829,0.0</coordinates>
                </Point>
            </Placemark>
            <Placemark id="1141">
                <name>Mexico </name>
                <description>
                category  : Connect_Consulates &lt;br&gt;
                address  : 48 Steele Street  &lt;br&gt;
                url  : http://consulmex.sre.gob.mx/denver/  &lt;br&gt;
                description  :  &lt;br&gt;
                </description>
                <styleUrl>#37</styleUrl>
                <Point id="1140">
                    <coordinates>-104.9498,39.7793,0.0</coordinates>
                </Point>
            </Placemark>
            <Placemark id="1143">
                <name>Norway (Honorary) </name>
                <description>
                category  : Connect_Consulates &lt;br&gt;
                address  : 1700 Lincoln Street  &lt;br&gt;
                url  : https://www.norway.no/en/usa/norway-usa/honorary-consulates/#Colorado  &lt;br&gt;
                description  :  &lt;br&gt;
                </description>
                <styleUrl>#37</styleUrl>
                <Point id="1142">
                    <coordinates>-104.9854851,39.7435941,0.0</coordinates>
                </Point>
            </Placemark>
            <Placemark id="1145">
                <name>--</name>
                <description>
                category  : Connect_Consulates &lt;br&gt;
                address  :  &lt;br&gt;
                url  :  &lt;br&gt;
                description  :  &lt;br&gt;
                </description>
                <styleUrl>#37</styleUrl>
                <Point id="1144">
                    <coordinates>-104.984862,39.7392364,0.0</coordinates>
                </Point>
            </Placemark>
            <Placemark id="1147">
                <name>United Kingdom </name>
                <description>
                category  : Connect_Consulates &lt;br&gt;
                address  : 1675 Broadway, Suite 1030  &lt;br&gt;
                url  : http://ukinusa.fco.gov.uk/en/about-us/other-locations/denver/  &lt;br&gt;
                description  :  &lt;br&gt;
                </description>
                <styleUrl>#37</styleUrl>
                <Point id="1146">
                    <coordinates>-104.9875,39.7427,0.0</coordinates>
                </Point>
            </Placemark>
            <Placemark id="1149">
                <name>Blackhawk</name>
                <description>
                category  : Go next_Near Denver &lt;br&gt;
                address  :  &lt;br&gt;
                url  :  &lt;br&gt;
                description  : The historic mining towns and casinos of Blackhawk and Central City lie {{convert|38|mi}} and 50 minutes by car west of the Colorado State Capitol. &lt;br&gt;
                </description>
                <styleUrl>#169</styleUrl>
                <Point id="1148">
                    <coordinates>-121.9165133,37.8189264,0.0</coordinates>
                </Point>
            </Placemark>
            <Placemark id="1151">
                <name>United States Air Force Academy</name>
                <description>
                category  : Go next_Near Denver &lt;br&gt;
                address  :  &lt;br&gt;
                url  :  &lt;br&gt;
                description  : The United States Air Force Academy lies {{convert|61|mi}} and 65 minutes by car south of the Colorado State Capitol. &lt;br&gt;
                </description>
                <styleUrl>#169</styleUrl>
                <Point id="1150">
                    <coordinates>-104.8588346,38.9912381,0.0</coordinates>
                </Point>
            </Placemark>
            <Placemark id="1153">
                <name>Mount Blue Sky</name>
                <description>
                category  : Go next_Near Denver &lt;br&gt;
                address  :  &lt;br&gt;
                url  :  &lt;br&gt;
                description  : The {{convert|14271|ft|adj=on}} summit of Mount Blue Sky lies {{convert|60|mi}} and 1:45 by car southwest of the Colorado State Capitol. &lt;br&gt;
                </description>
                <styleUrl>#169</styleUrl>
                <Point id="1152">
                    <coordinates>-105.643699,39.5883492,0.0</coordinates>
                </Point>
            </Placemark>
            <Placemark id="1155">
                <name>Pikes Peak</name>
                <description>
                category  : Go next_Near Denver &lt;br&gt;
                address  :  &lt;br&gt;
                url  :  &lt;br&gt;
                description  : The {{convert|4302.31|m|ft|0|order=flip|adj=on}} summit of Pikes Peak lies {{convert|100|mi}} and 2:10 by car south of the Colorado State Capitol. &lt;br&gt;
                </description>
                <styleUrl>#169</styleUrl>
                <Point id="1154">
                    <coordinates>-105.0439523,38.8404012,0.0</coordinates>
                </Point>
            </Placemark>
            <Placemark id="1157">
                <name>Vail</name>
                <description>
                category  : Go next_Mountains &lt;br&gt;
                address  :  &lt;br&gt;
                url  :  &lt;br&gt;
                description  : For skiers and snowboarders, winter is the best time to visit Denver. Hordes of people fly into Denver International Airport each season on their way up to the ski capitals of Summit and Eagle counties, including Vail, Beaver Creek, Copper Mountain, Keystone (Colorado)|Keystone, Loveland Basin, Arapahoe Basin, and Breckenridge (Colorado)|Breckenridge, Winter Park (Colorado)|Winter Park; a little further away are Steamboat, and Aspen. You can find information on resort shuttles at the desks in DIA's main terminal. &lt;br&gt;
                </description>
                <styleUrl>#169</styleUrl>
                <Point id="1156">
                    <coordinates>-106.3888231,39.6438028,0.0</coordinates>
                </Point>
            </Placemark>
            <Placemark id="1159">
                <name>Front Range</name>
                <description>
                category  : Go next_More Colorado destinations &lt;br&gt;
                address  :  &lt;br&gt;
                url  :  &lt;br&gt;
                description  : '''Winery tours''' - Visit a Front Range or mountain winery, or the vineyards in Colorado's Wine Country. Various Wine Trails have been organized by the Colorado Wine Industry Development Board, a promotional entity funded by the state. The Wine Trails can be driven or biked. &lt;br&gt;
                </description>
                <styleUrl>#169</styleUrl>
                <Point id="1158">
                    <coordinates>-88.304588,42.0918548,0.0</coordinates>
                </Point>
            </Placemark>
            <Placemark id="1161">
                <name>Yellowstone National Park</name>
                <description>
                category  : Go next_Neighboring states and beyond &lt;br&gt;
                address  :  &lt;br&gt;
                url  :  &lt;br&gt;
                description  : Yellowstone National Park is approximately a 10 hour drive along I-25, I-90, and US-191. &lt;br&gt;
                </description>
                <styleUrl>#169</styleUrl>
                <Point id="1160">
                    <coordinates>-110.5606893,44.6200885,0.0</coordinates>
                </Point>
            </Placemark>
            <Placemark id="1163">
                <name>--</name>
                <description>
                category  : Go next_Neighboring states and beyond &lt;br&gt;
                address  :  &lt;br&gt;
                url  :  &lt;br&gt;
                description  :  &lt;br&gt;
                </description>
                <styleUrl>#169</styleUrl>
                <Point id="1162">
                    <coordinates>0.0,0.0,0.0</coordinates>
                </Point>
            </Placemark>
            <Placemark id="1165">
                <name>Taos</name>
                <description>
                category  : Go next_Neighboring states and beyond &lt;br&gt;
                address  :  &lt;br&gt;
                url  :  &lt;br&gt;
                description  : More popular ski resorts are in Taos, Grand Teton National Park|Grand Teton, Park City (Utah)|Park City, and even Lake Tahoe. &lt;br&gt;
                </description>
                <styleUrl>#169</styleUrl>
                <Point id="1164">
                    <coordinates>-105.573284,36.4072377,0.0</coordinates>
                </Point>
            </Placemark>
            <Placemark id="1167">
                <name>Utah</name>
                <description>
                category  : Go next_Neighboring states and beyond &lt;br&gt;
                address  :  &lt;br&gt;
                url  :  &lt;br&gt;
                description  : More national parks are in Utah, New Mexico, and Arizona. &lt;br&gt;
                </description>
                <styleUrl>#169</styleUrl>
                <Point id="1166">
                    <coordinates>-111.714358,39.4225192,0.0</coordinates>
                </Point>
            </Placemark>
        </Folder>
        <Folder id="13">
            <name>C</name>
            <Placemark id="185">
                <name>Commerce City Refinery</name>
                <description>                    category  : oil refinery &lt;br&gt;   
                    sitelinks : 2.0 &lt;br&gt;   
                    articleEN :  &lt;br&gt;             
                    articleDE : https://de.wikipedia.org/wiki/Commerce-City-Raffinerie &lt;br&gt;              
                    wikidata_link : http://www.wikidata.org/entity/Q101584493</description>
                <styleUrl>#33</styleUrl>
                <Point id="184">
                    <coordinates>-104.947545,39.80355,0.0</coordinates>
                </Point>
            </Placemark>
            <Placemark id="187">
                <name>Colorado History Museum</name>
                <description>                    category  : museum &lt;br&gt;   
                    sitelinks : 2.0 &lt;br&gt;   
                    articleEN : https://en.wikipedia.org/wiki/Colorado_History_Museum &lt;br&gt;             
                    articleDE : https://de.wikipedia.org/wiki/Colorado_History_Museum &lt;br&gt;              
                    wikidata_link : http://www.wikidata.org/entity/Q5148816</description>
                <styleUrl>#33</styleUrl>
                <Point id="186">
                    <coordinates>-104.987,39.7374,0.0</coordinates>
                </Point>
            </Placemark>
            <Placemark id="189">
                <name>Montana County</name>
                <description>                    category  : county of the United States &lt;br&gt;   
                    sitelinks : 2.0 &lt;br&gt;   
                    articleEN : https://en.wikipedia.org/wiki/Montana_County,_Kansas_Territory &lt;br&gt;             
                    articleDE : https://de.wikipedia.org/wiki/Montana_County &lt;br&gt;              
                    wikidata_link : http://www.wikidata.org/entity/Q1533581</description>
                <styleUrl>#33</styleUrl>
                <Point id="188">
                    <coordinates>-104.83333333333,39.75,0.0</coordinates>
                </Point>
            </Placemark>
            <Placemark id="191">
                <name>Blanche A. Wilson House</name>
                <description>                    category  : house &lt;br&gt;   
                    sitelinks : 2.0 &lt;br&gt;   
                    articleEN : https://en.wikipedia.org/wiki/Blanche_A._Wilson_House &lt;br&gt;             
                    articleDE : https://de.wikipedia.org/wiki/Blanche_A._Wilson_House &lt;br&gt;              
                    wikidata_link : http://www.wikidata.org/entity/Q881394</description>
                <styleUrl>#33</styleUrl>
                <Point id="190">
                    <coordinates>-104.87,39.7436,0.0</coordinates>
                </Point>
            </Placemark>
            <Placemark id="193">
                <name>Loretto Heights Academy</name>
                <description>                    category  : school building &lt;br&gt;   
                    sitelinks : 2.0 &lt;br&gt;   
                    articleEN : https://en.wikipedia.org/wiki/Loretto_Heights_Academy &lt;br&gt;             
                    articleDE :  &lt;br&gt;              
                    wikidata_link : http://www.wikidata.org/entity/Q133703031</description>
                <styleUrl>#33</styleUrl>
                <Point id="192">
                    <coordinates>-105.02775,39.66154,0.0</coordinates>
                </Point>
            </Placemark>
            <Placemark id="195">
                <name>Creswell Mansion</name>
                <description>                    category  : house &lt;br&gt;   
                    sitelinks : 2.0 &lt;br&gt;   
                    articleEN : https://en.wikipedia.org/wiki/Creswell_Mansion &lt;br&gt;             
                    articleDE :  &lt;br&gt;              
                    wikidata_link : http://www.wikidata.org/entity/Q117075177</description>
                <styleUrl>#33</styleUrl>
                <Point id="194">
                    <coordinates>-104.98361111111,39.736111111111,0.0</coordinates>
                </Point>
            </Placemark>
            <Placemark id="197">
                <name>Rossonian Hotel</name>
                <description>                    category  : hotel building &lt;br&gt;   
                    sitelinks : 2.0 &lt;br&gt;   
                    articleEN : https://en.wikipedia.org/wiki/Rossonian_Hotel &lt;br&gt;             
                    articleDE :  &lt;br&gt;              
                    wikidata_link : http://www.wikidata.org/entity/Q111182021</description>
                <styleUrl>#33</styleUrl>
                <Point id="196">
                    <coordinates>-104.97777777778,39.754166666667,0.0</coordinates>
                </Point>
            </Placemark>
            <Placemark id="199">
                <name>Barney L. Ford Building</name>
                <description>                    category  : commercial building &lt;br&gt;   
                    sitelinks : 2.0 &lt;br&gt;   
                    articleEN : https://en.wikipedia.org/wiki/Barney_L._Ford_Building &lt;br&gt;             
                    articleDE :  &lt;br&gt;              
                    wikidata_link : http://www.wikidata.org/entity/Q107143930</description>
                <styleUrl>#33</styleUrl>
                <Point id="198">
                    <coordinates>-104.99991666667,39.74975,0.0</coordinates>
                </Point>
            </Placemark>
            <Placemark id="201">
                <name>Brinker Collegiate Institute</name>
                <description>                    category  : school building &lt;br&gt;   
                    sitelinks : 2.0 &lt;br&gt;   
                    articleEN : https://en.wikipedia.org/wiki/Brinker_Collegiate_Institute &lt;br&gt;             
                    articleDE :  &lt;br&gt;              
                    wikidata_link : http://www.wikidata.org/entity/Q107121457</description>
                <styleUrl>#33</styleUrl>
                <Point id="200">
                    <coordinates>-104.98807,39.74471,0.0</coordinates>
                </Point>
            </Placemark>
            <Placemark id="203">
                <name>Colorado National Bank Building</name>
                <description>                    category  : bank building &lt;br&gt;   
                    sitelinks : 2.0 &lt;br&gt;   
                    articleEN : https://en.wikipedia.org/wiki/Colorado_National_Bank_Building &lt;br&gt;             
                    articleDE :  &lt;br&gt;              
                    wikidata_link : http://www.wikidata.org/entity/Q104834126</description>
                <styleUrl>#33</styleUrl>
                <Point id="202">
                    <coordinates>-104.9933,39.74748,0.0</coordinates>
                </Point>
            </Placemark>
            <Placemark id="205">
                <name>Denver Gas &amp; Electric Building</name>
                <description>                    category  : office building &lt;br&gt;   
                    sitelinks : 2.0 &lt;br&gt;   
                    articleEN : https://en.wikipedia.org/wiki/Denver_Gas_%26_Electric_Building &lt;br&gt;             
                    articleDE :  &lt;br&gt;              
                    wikidata_link : http://www.wikidata.org/entity/Q101251270</description>
                <styleUrl>#33</styleUrl>
                <Point id="204">
                    <coordinates>-104.995651,39.745632,0.0</coordinates>
                </Point>
            </Placemark>
            <Placemark id="207">
                <name>Liberty Bell</name>
                <description>                    category  : sculpture &lt;br&gt;   
                    sitelinks : 2.0 &lt;br&gt;   
                    articleEN : https://en.wikipedia.org/wiki/Liberty_Bell_(Denver) &lt;br&gt;             
                    articleDE :  &lt;br&gt;              
                    wikidata_link : http://www.wikidata.org/entity/Q85776518</description>
                <styleUrl>#33</styleUrl>
                <Point id="206">
                    <coordinates>-104.986731,39.738892,0.0</coordinates>
                </Point>
            </Placemark>
            <Placemark id="209">
                <name>First National Bank Building</name>
                <description>                    category  : bank building &lt;br&gt;   
                    sitelinks : 2.0 &lt;br&gt;   
                    articleEN : https://en.wikipedia.org/wiki/First_National_Bank_Building_(Denver,_Colorado) &lt;br&gt;             
                    articleDE :  &lt;br&gt;              
                    wikidata_link : http://www.wikidata.org/entity/Q85761059</description>
                <styleUrl>#33</styleUrl>
                <Point id="208">
                    <coordinates>-104.9923,39.7468,0.0</coordinates>
                </Point>
            </Placemark>
            <Placemark id="211">
                <name>Cyclone</name>
                <description>                    category  : wooden roller coaster &lt;br&gt;   
                    sitelinks : 2.0 &lt;br&gt;   
                    articleEN : https://en.wikipedia.org/wiki/Cyclone_(Lakeside_Amusement_Park) &lt;br&gt;             
                    articleDE :  &lt;br&gt;              
                    wikidata_link : http://www.wikidata.org/entity/Q85754903</description>
                <styleUrl>#33</styleUrl>
                <Point id="210">
                    <coordinates>-105.054,39.7808,0.0</coordinates>
                </Point>
            </Placemark>
            <Placemark id="213">
                <name>Bronco Buster</name>
                <description>                    category  : statue &lt;br&gt;   
                    sitelinks : 2.0 &lt;br&gt;   
                    articleEN : https://en.wikipedia.org/wiki/Bronco_Buster_(Proctor) &lt;br&gt;             
                    articleDE :  &lt;br&gt;              
                    wikidata_link : http://www.wikidata.org/entity/Q84971299</description>
                <styleUrl>#33</styleUrl>
                <Point id="212">
                    <coordinates>-104.989069,39.738912,0.0</coordinates>
                </Point>
            </Placemark>
            <Placemark id="215">
                <name>On the War Trail</name>
                <description>                    category  : sculpture &lt;br&gt;   
                    sitelinks : 2.0 &lt;br&gt;   
                    articleEN : https://en.wikipedia.org/wiki/On_the_War_Trail &lt;br&gt;             
                    articleDE :  &lt;br&gt;              
                    wikidata_link : http://www.wikidata.org/entity/Q84878088</description>
                <styleUrl>#33</styleUrl>
                <Point id="214">
                    <coordinates>-104.988647,39.738912,0.0</coordinates>
                </Point>
            </Placemark>
            <Placemark id="217">
                <name>The Closing Era</name>
                <description>                    category  : sculpture &lt;br&gt;   
                    sitelinks : 2.0 &lt;br&gt;   
                    articleEN : https://en.wikipedia.org/wiki/The_Closing_Era &lt;br&gt;             
                    articleDE :  &lt;br&gt;              
                    wikidata_link : http://www.wikidata.org/entity/Q84875931</description>
                <styleUrl>#33</styleUrl>
                <Point id="216">
                    <coordinates>-104.983983,39.739235,0.0</coordinates>
                </Point>
            </Placemark>
            <Placemark id="219">
                <name>Civil War Monument</name>
                <description>                    category  : statue &lt;br&gt;   
                    sitelinks : 2.0 &lt;br&gt;   
                    articleEN : https://en.wikipedia.org/wiki/Civil_War_Monument_(Denver) &lt;br&gt;             
                    articleDE :  &lt;br&gt;              
                    wikidata_link : http://www.wikidata.org/entity/Q84842875</description>
                <styleUrl>#33</styleUrl>
                <Point id="218">
                    <coordinates>-104.985642,39.739235,0.0</coordinates>
                </Point>
            </Placemark>
            <Placemark id="221">
                <name>Statue of Joe P. Martínez</name>
                <description>                    category  : statue &lt;br&gt;   
                    sitelinks : 2.0 &lt;br&gt;   
                    articleEN : https://en.wikipedia.org/wiki/Statue_of_Joe_P._Mart%C3%ADnez &lt;br&gt;             
                    articleDE :  &lt;br&gt;              
                    wikidata_link : http://www.wikidata.org/entity/Q84842812</description>
                <styleUrl>#33</styleUrl>
                <Point id="220">
                    <coordinates>-104.98675,39.739722222222,0.0</coordinates>
                </Point>
            </Placemark>
            <Placemark id="223">
                <name>Colorado State Library</name>
                <description>                    category  : state agency of the United States &lt;br&gt;   
                    sitelinks : 2.0 &lt;br&gt;   
                    articleEN : https://en.wikipedia.org/wiki/Colorado_State_Library &lt;br&gt;             
                    articleDE :  &lt;br&gt;              
                    wikidata_link : http://www.wikidata.org/entity/Q73006668</description>
                <styleUrl>#33</styleUrl>
                <Point id="222">
                    <coordinates>-104.98455,39.74038,0.0</coordinates>
                </Point>
            </Placemark>
            <Placemark id="225">
                <name>Denver Central Library</name>
                <description>                    category  : main library &lt;br&gt;   
                    sitelinks : 2.0 &lt;br&gt;   
                    articleEN : https://en.wikipedia.org/wiki/Denver_Central_Library &lt;br&gt;             
                    articleDE :  &lt;br&gt;              
                    wikidata_link : http://www.wikidata.org/entity/Q69779512</description>
                <styleUrl>#33</styleUrl>
                <Point id="224">
                    <coordinates>-104.98826,39.737345,0.0</coordinates>
                </Point>
            </Placemark>
            <Placemark id="227">
                <name>Buckhorn Exchange</name>
                <description>                    category  : commercial building &lt;br&gt;   
                    sitelinks : 2.0 &lt;br&gt;   
                    articleEN : https://en.wikipedia.org/wiki/Buckhorn_Exchange &lt;br&gt;             
                    articleDE :  &lt;br&gt;              
                    wikidata_link : http://www.wikidata.org/entity/Q60761501</description>
                <styleUrl>#33</styleUrl>
                <Point id="226">
                    <coordinates>-105.005,39.7322,0.0</coordinates>
                </Point>
            </Placemark>
            <Placemark id="229">
                <name>Holy Ghost Catholic Church</name>
                <description>                    category  : Catholic church building &lt;br&gt;   
                    sitelinks : 2.0 &lt;br&gt;   
                    articleEN : https://en.wikipedia.org/wiki/Holy_Ghost_Catholic_Church_(Denver) &lt;br&gt;             
                    articleDE :  &lt;br&gt;              
                    wikidata_link : http://www.wikidata.org/entity/Q56669162</description>
                <styleUrl>#33</styleUrl>
                <Point id="228">
                    <coordinates>-104.98794444,39.74808333,0.0</coordinates>
                </Point>
            </Placemark>
            <Placemark id="231">
                <name>Tears-McFarlane House</name>
                <description>                    category  : house &lt;br&gt;   
                    sitelinks : 2.0 &lt;br&gt;   
                    articleEN : https://en.wikipedia.org/wiki/Tears%E2%80%93McFarlane_House &lt;br&gt;             
                    articleDE :  &lt;br&gt;              
                    wikidata_link : http://www.wikidata.org/entity/Q55634778</description>
                <styleUrl>#33</styleUrl>
                <Point id="230">
                    <coordinates>-104.96568889,39.73665556,0.0</coordinates>
                </Point>
            </Placemark>
            <Placemark id="233">
                <name>Curtis School</name>
                <description>                    category  : school building &lt;br&gt;   
                    sitelinks : 2.0 &lt;br&gt;   
                    articleEN : https://en.wikipedia.org/wiki/Curtis_School_(Greenwood_Village,_Colorado) &lt;br&gt;             
                    articleDE :  &lt;br&gt;              
                    wikidata_link : http://www.wikidata.org/entity/Q55608704</description>
                <styleUrl>#33</styleUrl>
                <Point id="232">
                    <coordinates>-104.96027778,39.61027778,0.0</coordinates>
                </Point>
            </Placemark>
            <Placemark id="235">
                <name>Crawford Hill Mansion</name>
                <description>                    category  : mansion &lt;br&gt;   
                    sitelinks : 2.0 &lt;br&gt;   
                    articleEN : https://en.wikipedia.org/wiki/Crawford_Hill_Mansion &lt;br&gt;             
                    articleDE :  &lt;br&gt;              
                    wikidata_link : http://www.wikidata.org/entity/Q55608537</description>
                <styleUrl>#33</styleUrl>
                <Point id="234">
                    <coordinates>-104.98524167,39.73175556,0.0</coordinates>
                </Point>
            </Placemark>
            <Placemark id="237">
                <name>Voorhies Memorial</name>
                <description>                    category  : triumphal arch &lt;br&gt;   
                    sitelinks : 2.0 &lt;br&gt;   
                    articleEN :  &lt;br&gt;             
                    articleDE :  &lt;br&gt;              
                    wikidata_link : http://www.wikidata.org/entity/Q49575931</description>
                <styleUrl>#33</styleUrl>
                <Point id="236">
                    <coordinates>-104.98888888889,39.740277777778,0.0</coordinates>
                </Point>
            </Placemark>
            <Placemark id="239">
                <name>Russell-Graves House</name>
                <description>                    category  : house &lt;br&gt;   
                    sitelinks : 2.0 &lt;br&gt;   
                    articleEN :  &lt;br&gt;             
                    articleDE :  &lt;br&gt;              
                    wikidata_link : http://www.wikidata.org/entity/Q49554942</description>
                <styleUrl>#33</styleUrl>
                <Point id="238">
                    <coordinates>-105.08277777778,39.799444444444,0.0</coordinates>
                </Point>
            </Placemark>
            <Placemark id="241">
                <name>Prospect Park</name>
                <description>                    category  : park &lt;br&gt;   
                    sitelinks : 2.0 &lt;br&gt;   
                    articleEN :  &lt;br&gt;             
                    articleDE :  &lt;br&gt;              
                    wikidata_link : http://www.wikidata.org/entity/Q49546382</description>
                <styleUrl>#33</styleUrl>
                <Point id="240">
                    <coordinates>-105.12444444444,39.776111111111,0.0</coordinates>
                </Point>
            </Placemark>
            <Placemark id="243">
                <name>Kittredge Building</name>
                <description>                    category  : building &lt;br&gt;   
                    sitelinks : 2.0 &lt;br&gt;   
                    articleEN :  &lt;br&gt;             
                    articleDE :  &lt;br&gt;              
                    wikidata_link : http://www.wikidata.org/entity/Q49511334</description>
                <styleUrl>#33</styleUrl>
                <Point id="242">
                    <coordinates>-104.99027777778,39.744166666667,0.0</coordinates>
                </Point>
            </Placemark>
            <Placemark id="245">
                <name>Ideal Building</name>
                <description>                    category  : office building &lt;br&gt;   
                    sitelinks : 2.0 &lt;br&gt;   
                    articleEN :  &lt;br&gt;             
                    articleDE :  &lt;br&gt;              
                    wikidata_link : http://www.wikidata.org/entity/Q49504537</description>
                <styleUrl>#33</styleUrl>
                <Point id="244">
                    <coordinates>-104.9922129,39.7474567,0.0</coordinates>
                </Point>
            </Placemark>
            <Placemark id="247">
                <name>Equitable Building</name>
                <description>                    category  : park &lt;br&gt;   
                    sitelinks : 2.0 &lt;br&gt;   
                    articleEN :  &lt;br&gt;             
                    articleDE :  &lt;br&gt;              
                    wikidata_link : http://www.wikidata.org/entity/Q49487263</description>
                <styleUrl>#33</styleUrl>
                <Point id="246">
                    <coordinates>-104.99166666667,39.746388888889,0.0</coordinates>
                </Point>
            </Placemark>
            <Placemark id="249">
                <name>Tramway Building</name>
                <description>                    category  : building &lt;br&gt;   
                    sitelinks : 2.0 &lt;br&gt;   
                    articleEN :  &lt;br&gt;             
                    articleDE :  &lt;br&gt;              
                    wikidata_link : http://www.wikidata.org/entity/Q49482832</description>
                <styleUrl>#33</styleUrl>
                <Point id="248">
                    <coordinates>-104.99888888889,39.745833333333,0.0</coordinates>
                </Point>
            </Placemark>
            <Placemark id="251">
                <name>St. Thomas Seminary</name>
                <description>                    category  : seminary &lt;br&gt;   
                    sitelinks : 2.0 &lt;br&gt;   
                    articleEN : https://en.wikipedia.org/wiki/St._Thomas_Seminary_(Denver) &lt;br&gt;             
                    articleDE :  &lt;br&gt;              
                    wikidata_link : http://www.wikidata.org/entity/Q42345454</description>
                <styleUrl>#33</styleUrl>
                <Point id="250">
                    <coordinates>-104.9477,39.6927,0.0</coordinates>
                </Point>
            </Placemark>
            <Placemark id="253">
                <name>Zuni</name>
                <description>                    category  : unincorporated community in the United States &lt;br&gt;   
                    sitelinks : 2.0 &lt;br&gt;   
                    articleEN :  &lt;br&gt;             
                    articleDE :  &lt;br&gt;              
                    wikidata_link : http://www.wikidata.org/entity/Q29033979</description>
                <styleUrl>#33</styleUrl>
                <Point id="252">
                    <coordinates>-105.02166666667,39.803333333333,0.0</coordinates>
                </Point>
            </Placemark>
            <Placemark id="255">
                <name>Aurora Metro Center station</name>
                <description>                    category  : tram stop &lt;br&gt;   
                    sitelinks : 2.0 &lt;br&gt;   
                    articleEN : https://en.wikipedia.org/wiki/Aurora_Metro_Center_station &lt;br&gt;             
                    articleDE :  &lt;br&gt;              
                    wikidata_link : http://www.wikidata.org/entity/Q28841953</description>
                <styleUrl>#33</styleUrl>
                <Point id="254">
                    <coordinates>-104.81908333,39.70880556,0.0</coordinates>
                </Point>
            </Placemark>
            <Placemark id="257">
                <name>Oriental Theater</name>
                <description>                    category  : movie theater &lt;br&gt;   
                    sitelinks : 2.0 &lt;br&gt;   
                    articleEN : https://en.wikipedia.org/wiki/Oriental_Theater_(Denver) &lt;br&gt;             
                    articleDE :  &lt;br&gt;              
                    wikidata_link : http://www.wikidata.org/entity/Q28126176</description>
                <styleUrl>#33</styleUrl>
                <Point id="256">
                    <coordinates>-105.043588,39.77665,0.0</coordinates>
                </Point>
            </Placemark>
            <Placemark id="259">
                <name>Marston Lake</name>
                <description>                    category  : reservoir &lt;br&gt;   
                    sitelinks : 2.0 &lt;br&gt;   
                    articleEN : https://en.wikipedia.org/wiki/Marston_Lake &lt;br&gt;             
                    articleDE :  &lt;br&gt;              
                    wikidata_link : http://www.wikidata.org/entity/Q26823127</description>
                <styleUrl>#33</styleUrl>
                <Point id="258">
                    <coordinates>-105.06777778,39.63,0.0</coordinates>
                </Point>
            </Placemark>
            <Placemark id="261">
                <name>Emmanuel Shearith Israel Chapel</name>
                <description>                    category  : synagogue &lt;br&gt;   
                    sitelinks : 2.0 &lt;br&gt;   
                    articleEN : https://en.wikipedia.org/wiki/Emmanuel_Shearith_Israel_Chapel &lt;br&gt;             
                    articleDE :  &lt;br&gt;              
                    wikidata_link : http://www.wikidata.org/entity/Q26258346</description>
                <styleUrl>#33</styleUrl>
                <Point id="260">
                    <coordinates>-105.00333333,39.74416667,0.0</coordinates>
                </Point>
            </Placemark>
            <Placemark id="263">
                <name>Mayan Theater</name>
                <description>                    category  : movie theater &lt;br&gt;   
                    sitelinks : 2.0 &lt;br&gt;   
                    articleEN : https://en.wikipedia.org/wiki/Mayan_Theater_(Denver) &lt;br&gt;             
                    articleDE :  &lt;br&gt;              
                    wikidata_link : http://www.wikidata.org/entity/Q25208882</description>
                <styleUrl>#33</styleUrl>
                <Point id="262">
                    <coordinates>-104.98721,39.71866,0.0</coordinates>
                </Point>
            </Placemark>
            <Placemark id="265">
                <name>Peoria station</name>
                <description>                    category  : tram stop &lt;br&gt;   
                    sitelinks : 2.0 &lt;br&gt;   
                    articleEN : https://en.wikipedia.org/wiki/Peoria_station &lt;br&gt;             
                    articleDE :  &lt;br&gt;              
                    wikidata_link : http://www.wikidata.org/entity/Q24514632</description>
                <styleUrl>#33</styleUrl>
                <Point id="264">
                    <coordinates>-104.85041667,39.76755556,0.0</coordinates>
                </Point>
            </Placemark>
            <Placemark id="267">
                <name>1993 Aurora shooting</name>
                <description>                    category  : murder &lt;br&gt;   
                    sitelinks : 2.0 &lt;br&gt;   
                    articleEN : https://en.wikipedia.org/wiki/1993_Aurora,_Colorado_shooting &lt;br&gt;             
                    articleDE :  &lt;br&gt;              
                    wikidata_link : http://www.wikidata.org/entity/Q20501842</description>
                <styleUrl>#33</styleUrl>
                <Point id="266">
                    <coordinates>-104.84483333333,39.6755,0.0</coordinates>
                </Point>
            </Placemark>
            <Placemark id="269">
                <name>Denver Press Club</name>
                <description>                    category  : trade association &lt;br&gt;   
                    sitelinks : 2.0 &lt;br&gt;   
                    articleEN : https://en.wikipedia.org/wiki/Denver_Press_Club &lt;br&gt;             
                    articleDE :  &lt;br&gt;              
                    wikidata_link : http://www.wikidata.org/entity/Q19605840</description>
                <styleUrl>#33</styleUrl>
                <Point id="268">
                    <coordinates>-104.993397,39.741408,0.0</coordinates>
                </Point>
            </Placemark>
            <Placemark id="271">
                <name>Alamo Placita Park</name>
                <description>                    category  : park &lt;br&gt;   
                    sitelinks : 2.0 &lt;br&gt;   
                    articleEN : https://en.wikipedia.org/wiki/Alamo_Placita_Park &lt;br&gt;             
                    articleDE :  &lt;br&gt;              
                    wikidata_link : http://www.wikidata.org/entity/Q19460143</description>
                <styleUrl>#33</styleUrl>
                <Point id="270">
                    <coordinates>-104.97581,39.72054,0.0</coordinates>
                </Point>
            </Placemark>
            <Placemark id="273">
                <name>Thatcher Memorial Fountain</name>
                <description>                    category  : fountain &lt;br&gt;   
                    sitelinks : 2.0 &lt;br&gt;   
                    articleEN : https://en.wikipedia.org/wiki/Thatcher_Memorial_Fountain &lt;br&gt;             
                    articleDE :  &lt;br&gt;              
                    wikidata_link : http://www.wikidata.org/entity/Q18749232</description>
                <styleUrl>#33</styleUrl>
                <Point id="272">
                    <coordinates>-104.957,39.7448,0.0</coordinates>
                </Point>
            </Placemark>
            <Placemark id="275">
                <name>Cherokee Generating Station</name>
                <description>                    category  : gas turbine power station &lt;br&gt;   
                    sitelinks : 2.0 &lt;br&gt;   
                    articleEN : https://en.wikipedia.org/wiki/Cherokee_Generating_Station &lt;br&gt;             
                    articleDE :  &lt;br&gt;              
                    wikidata_link : http://www.wikidata.org/entity/Q17762185</description>
                <styleUrl>#33</styleUrl>
                <Point id="274">
                    <coordinates>-104.965,39.8075,0.0</coordinates>
                </Point>
            </Placemark>
            <Placemark id="277">
                <name>Colorado Department of Public Health and Environment</name>
                <description>                    category  : ministry of health &lt;br&gt;   
                    sitelinks : 2.0 &lt;br&gt;   
                    articleEN : https://en.wikipedia.org/wiki/Colorado_Department_of_Public_Health_and_Environment &lt;br&gt;             
                    articleDE :  &lt;br&gt;              
                    wikidata_link : http://www.wikidata.org/entity/Q17510567</description>
                <styleUrl>#33</styleUrl>
                <Point id="276">
                    <coordinates>-104.93700833,39.70465556,0.0</coordinates>
                </Point>
            </Placemark>
            <Placemark id="279">
                <name>Mount Olivet Cemetery</name>
                <description>                    category  : Catholic cemetery &lt;br&gt;   
                    sitelinks : 2.0 &lt;br&gt;   
                    articleEN : https://en.wikipedia.org/wiki/Mount_Olivet_Cemetery_(Wheat_Ridge,_Colorado) &lt;br&gt;             
                    articleDE :  &lt;br&gt;              
                    wikidata_link : http://www.wikidata.org/entity/Q16953658</description>
                <styleUrl>#33</styleUrl>
                <Point id="278">
                    <coordinates>-105.145,39.782,0.0</coordinates>
                </Point>
            </Placemark>
            <Placemark id="281">
                <name>Federal Center</name>
                <description>                    category  : tram stop &lt;br&gt;   
                    sitelinks : 2.0 &lt;br&gt;   
                    articleEN : https://en.wikipedia.org/wiki/Federal_Center_station_(RTD) &lt;br&gt;             
                    articleDE :  &lt;br&gt;              
                    wikidata_link : http://www.wikidata.org/entity/Q16891234</description>
                <styleUrl>#33</styleUrl>
                <Point id="280">
                    <coordinates>-105.129,39.72,0.0</coordinates>
                </Point>
            </Placemark>
            <Placemark id="283">
                <name>Lakewood High School</name>
                <description>                    category  : public school &lt;br&gt;   
                    sitelinks : 2.0 &lt;br&gt;   
                    articleEN : https://en.wikipedia.org/wiki/Lakewood_High_School_(Colorado) &lt;br&gt;             
                    articleDE :  &lt;br&gt;              
                    wikidata_link : http://www.wikidata.org/entity/Q15241376</description>
                <styleUrl>#33</styleUrl>
                <Point id="282">
                    <coordinates>-105.10666667,39.72916667,0.0</coordinates>
                </Point>
            </Placemark>
            <Placemark id="285">
                <name>Chinatown</name>
                <description>                    category  : Chinatown &lt;br&gt;   
                    sitelinks : 2.0 &lt;br&gt;   
                    articleEN : https://en.wikipedia.org/wiki/Chinatown,_Denver &lt;br&gt;             
                    articleDE :  &lt;br&gt;              
                    wikidata_link : http://www.wikidata.org/entity/Q15209731</description>
                <styleUrl>#33</styleUrl>
                <Point id="284">
                    <coordinates>-104.98472222,39.73916667,0.0</coordinates>
                </Point>
            </Placemark>
            <Placemark id="287">
                <name>Sakura Square</name>
                <description>                    category  : square &lt;br&gt;   
                    sitelinks : 2.0 &lt;br&gt;   
                    articleEN : https://en.wikipedia.org/wiki/Sakura_Square &lt;br&gt;             
                    articleDE :  &lt;br&gt;              
                    wikidata_link : http://www.wikidata.org/entity/Q14685084</description>
                <styleUrl>#33</styleUrl>
                <Point id="286">
                    <coordinates>-104.993,39.7519,0.0</coordinates>
                </Point>
            </Placemark>
            <Placemark id="289">
                <name>Mullen High School</name>
                <description>                    category  : high school &lt;br&gt;   
                    sitelinks : 2.0 &lt;br&gt;   
                    articleEN : https://en.wikipedia.org/wiki/Mullen_High_School &lt;br&gt;             
                    articleDE :  &lt;br&gt;              
                    wikidata_link : http://www.wikidata.org/entity/Q14685016</description>
                <styleUrl>#33</styleUrl>
                <Point id="288">
                    <coordinates>-105.036,39.6506,0.0</coordinates>
                </Point>
            </Placemark>
            <Placemark id="291">
                <name>Magness Arena</name>
                <description>                    category  : arena &lt;br&gt;   
                    sitelinks : 2.0 &lt;br&gt;   
                    articleEN : https://en.wikipedia.org/wiki/Magness_Arena &lt;br&gt;             
                    articleDE :  &lt;br&gt;              
                    wikidata_link : http://www.wikidata.org/entity/Q14684923</description>
                <styleUrl>#33</styleUrl>
                <Point id="290">
                    <coordinates>-104.96166666667,39.682222222222,0.0</coordinates>
                </Point>
            </Placemark>
            <Placemark id="293">
                <name>Adolph Zang Mansion</name>
                <description>                    category  : house &lt;br&gt;   
                    sitelinks : 2.0 &lt;br&gt;   
                    articleEN : https://en.wikipedia.org/wiki/Adolph_Zang_Mansion &lt;br&gt;             
                    articleDE :  &lt;br&gt;              
                    wikidata_link : http://www.wikidata.org/entity/Q14684292</description>
                <styleUrl>#33</styleUrl>
                <Point id="292">
                    <coordinates>-104.97791,39.72755,0.0</coordinates>
                </Point>
            </Placemark>
            <Placemark id="295">
                <name>16th/California</name>
                <description>                    category  : tram stop &lt;br&gt;   
                    sitelinks : 2.0 &lt;br&gt;   
                    articleEN : https://en.wikipedia.org/wiki/16th_%26_California_and_16th_%26_Stout_stations &lt;br&gt;             
                    articleDE :  &lt;br&gt;              
                    wikidata_link : http://www.wikidata.org/entity/Q14684287</description>
                <styleUrl>#33</styleUrl>
                <Point id="294">
                    <coordinates>-104.99238,39.74497,0.0</coordinates>
                </Point>
            </Placemark>
            <Placemark id="297">
                <name>William Smith House</name>
                <description>                    category  : house &lt;br&gt;   
                    sitelinks : 2.0 &lt;br&gt;   
                    articleEN : https://en.wikipedia.org/wiki/William_Smith_House_(Aurora,_Colorado) &lt;br&gt;             
                    articleDE :  &lt;br&gt;              
                    wikidata_link : http://www.wikidata.org/entity/Q8018566</description>
                <styleUrl>#33</styleUrl>
                <Point id="296">
                    <coordinates>-104.851048,39.7206191,0.0</coordinates>
                </Point>
            </Placemark>
            <Placemark id="299">
                <name>William J. Gregory House</name>
                <description>                    category  : single-family detached home &lt;br&gt;   
                    sitelinks : 2.0 &lt;br&gt;   
                    articleEN : https://en.wikipedia.org/wiki/William_J._Gregory_House &lt;br&gt;             
                    articleDE :  &lt;br&gt;              
                    wikidata_link : http://www.wikidata.org/entity/Q8013230</description>
                <styleUrl>#33</styleUrl>
                <Point id="298">
                    <coordinates>-105.033611,39.844444,0.0</coordinates>
                </Point>
            </Placemark>
            <Placemark id="301">
                <name>Westminster High School</name>
                <description>                    category  : high school &lt;br&gt;   
                    sitelinks : 2.0 &lt;br&gt;   
                    articleEN : https://en.wikipedia.org/wiki/Westminster_High_School_(Colorado) &lt;br&gt;             
                    articleDE :  &lt;br&gt;              
                    wikidata_link : http://www.wikidata.org/entity/Q7989166</description>
                <styleUrl>#33</styleUrl>
                <Point id="300">
                    <coordinates>-105.04,39.822,0.0</coordinates>
                </Point>
            </Placemark>
            <Placemark id="303">
                <name>University of Denver station</name>
                <description>                    category  : tram stop &lt;br&gt;   
                    sitelinks : 2.0 &lt;br&gt;   
                    articleEN : https://en.wikipedia.org/wiki/University_of_Denver_station &lt;br&gt;             
                    articleDE :  &lt;br&gt;              
                    wikidata_link : http://www.wikidata.org/entity/Q7895330</description>
                <styleUrl>#33</styleUrl>
                <Point id="302">
                    <coordinates>-104.9647861,39.6852626,0.0</coordinates>
                </Point>
            </Placemark>
            <Placemark id="305">
                <name>University of Colorado Denver Business School</name>
                <description>                    category  : business school &lt;br&gt;   
                    sitelinks : 2.0 &lt;br&gt;   
                    articleEN : https://en.wikipedia.org/wiki/University_of_Colorado_Denver_Business_School &lt;br&gt;             
                    articleDE :  &lt;br&gt;              
                    wikidata_link : http://www.wikidata.org/entity/Q7895281</description>
                <styleUrl>#33</styleUrl>
                <Point id="304">
                    <coordinates>-104.99833,39.74755,0.0</coordinates>
                </Point>
            </Placemark>
            <Placemark id="307">
                <name>University of Colorado Denver School of Dental Medicine</name>
                <description>                    category  : dental school &lt;br&gt;   
                    sitelinks : 2.0 &lt;br&gt;   
                    articleEN : https://en.wikipedia.org/wiki/University_of_Colorado_School_of_Dental_Medicine &lt;br&gt;             
                    articleDE :  &lt;br&gt;              
                    wikidata_link : http://www.wikidata.org/entity/Q7895283</description>
                <styleUrl>#33</styleUrl>
                <Point id="306">
                    <coordinates>-104.836,39.7441,0.0</coordinates>
                </Point>
            </Placemark>
            <Placemark id="309">
                <name>United States Customhouse</name>
                <description>                    category  : building &lt;br&gt;   
                    sitelinks : 2.0 &lt;br&gt;   
                    articleEN : https://en.wikipedia.org/wiki/United_States_Customhouse_(Denver) &lt;br&gt;             
                    articleDE :  &lt;br&gt;              
                    wikidata_link : http://www.wikidata.org/entity/Q7889701</description>
                <styleUrl>#33</styleUrl>
                <Point id="308">
                    <coordinates>-104.988333,39.748611,0.0</coordinates>
                </Point>
            </Placemark>
            <Placemark id="311">
                <name>U.S. Bank Tower</name>
                <description>                    category  : skyscraper &lt;br&gt;   
                    sitelinks : 2.0 &lt;br&gt;   
                    articleEN : https://en.wikipedia.org/wiki/U.S._Bank_Tower_(Denver) &lt;br&gt;             
                    articleDE :  &lt;br&gt;              
                    wikidata_link : http://www.wikidata.org/entity/Q7863084</description>
                <styleUrl>#33</styleUrl>
                <Point id="310">
                    <coordinates>-104.99388888889,39.7475,0.0</coordinates>
                </Point>
            </Placemark>
            <Placemark id="313">
                <name>Theatre District / Convention Center</name>
                <description>                    category  : tram stop &lt;br&gt;   
                    sitelinks : 2.0 &lt;br&gt;   
                    articleEN : https://en.wikipedia.org/wiki/Theatre_District%E2%80%93Convention_Center_station &lt;br&gt;             
                    articleDE :  &lt;br&gt;              
                    wikidata_link : http://www.wikidata.org/entity/Q7777369</description>
                <styleUrl>#33</styleUrl>
                <Point id="312">
                    <coordinates>-104.996341,39.743727,0.0</coordinates>
                </Point>
            </Placemark>
            <Placemark id="315">
                <name>The Curtis</name>
                <description>                    category  : skyscraper &lt;br&gt;   
                    sitelinks : 2.0 &lt;br&gt;   
                    articleEN : https://en.wikipedia.org/wiki/The_Curtis &lt;br&gt;             
                    articleDE :  &lt;br&gt;              
                    wikidata_link : http://www.wikidata.org/entity/Q7728492</description>
                <styleUrl>#33</styleUrl>
                <Point id="314">
                    <coordinates>-104.99694444444,39.745833333333,0.0</coordinates>
                </Point>
            </Placemark>
            <Placemark id="317">
                <name>Telephone Building</name>
                <description>                    category  : commercial building &lt;br&gt;   
                    sitelinks : 2.0 &lt;br&gt;   
                    articleEN : https://en.wikipedia.org/wiki/Mountain_States_Telephone_Building &lt;br&gt;             
                    articleDE :  &lt;br&gt;              
                    wikidata_link : http://www.wikidata.org/entity/Q7696460</description>
                <styleUrl>#33</styleUrl>
                <Point id="316">
                    <coordinates>-104.995,39.744722,0.0</coordinates>
                </Point>
            </Placemark>
            <Placemark id="319">
                <name>Tattered Cover</name>
                <description>                    category  : business &lt;br&gt;   
                    sitelinks : 2.0 &lt;br&gt;   
                    articleEN : https://en.wikipedia.org/wiki/Tattered_Cover &lt;br&gt;             
                    articleDE :  &lt;br&gt;              
                    wikidata_link : http://www.wikidata.org/entity/Q7688396</description>
                <styleUrl>#33</styleUrl>
                <Point id="318">
                    <coordinates>-104.95638888889,39.739722222222,0.0</coordinates>
                </Point>
            </Placemark>
            <Placemark id="321">
                <name>Sturm College of Law</name>
                <description>                    category  : law school &lt;br&gt;   
                    sitelinks : 2.0 &lt;br&gt;   
                    articleEN : https://en.wikipedia.org/wiki/Sturm_College_of_Law &lt;br&gt;             
                    articleDE :  &lt;br&gt;              
                    wikidata_link : http://www.wikidata.org/entity/Q7629097</description>
                <styleUrl>#33</styleUrl>
                <Point id="320">
                    <coordinates>-104.961,39.6792,0.0</coordinates>
                </Point>
            </Placemark>
            <Placemark id="323">
                <name>St. Paul's English Evangelical Lutheran Church</name>
                <description>                    category  : church building &lt;br&gt;   
                    sitelinks : 2.0 &lt;br&gt;   
                    articleEN : https://en.wikipedia.org/wiki/Saint_Paul_Lutheran_and_Roman_Catholic_Community_of_Faith &lt;br&gt;             
                    articleDE :  &lt;br&gt;              
                    wikidata_link : http://www.wikidata.org/entity/Q7591083</description>
                <styleUrl>#33</styleUrl>
                <Point id="322">
                    <coordinates>-104.982778,39.741944,0.0</coordinates>
                </Point>
            </Placemark>
            <Placemark id="325">
                <name>St. Patrick Mission Church</name>
                <description>                    category  : church building &lt;br&gt;   
                    sitelinks : 2.0 &lt;br&gt;   
                    articleEN : https://en.wikipedia.org/wiki/St._Patrick_Mission_Church &lt;br&gt;             
                    articleDE :  &lt;br&gt;              
                    wikidata_link : http://www.wikidata.org/entity/Q7591007</description>
                <styleUrl>#33</styleUrl>
                <Point id="324">
                    <coordinates>-105.006389,39.763611,0.0</coordinates>
                </Point>
            </Placemark>
            <Placemark id="327">
                <name>St. Mark Coptic Orthodox Church</name>
                <description>                    category  : church building &lt;br&gt;   
                    sitelinks : 2.0 &lt;br&gt;   
                    articleEN : https://en.wikipedia.org/wiki/St._Mark_Coptic_Orthodox_Church_(Centennial,_Colorado) &lt;br&gt;             
                    articleDE :  &lt;br&gt;              
                    wikidata_link : http://www.wikidata.org/entity/Q7589984</description>
                <styleUrl>#33</styleUrl>
                <Point id="326">
                    <coordinates>-104.981,39.63,0.0</coordinates>
                </Point>
            </Placemark>
            <Placemark id="329">
                <name>St. Joseph's Polish Roman Catholic Church</name>
                <description>                    category  : Catholic church building &lt;br&gt;   
                    sitelinks : 2.0 &lt;br&gt;   
                    articleEN : https://en.wikipedia.org/wiki/St._Joseph%27s_Polish_Roman_Catholic_Church &lt;br&gt;             
                    articleDE :  &lt;br&gt;              
                    wikidata_link : http://www.wikidata.org/entity/Q7589207</description>
                <styleUrl>#33</styleUrl>
                <Point id="328">
                    <coordinates>-104.981667,39.780278,0.0</coordinates>
                </Point>
            </Placemark>
            <Placemark id="331">
                <name>St. Elizabeth's Church</name>
                <description>                    category  : church building &lt;br&gt;   
                    sitelinks : 2.0 &lt;br&gt;   
                    articleEN : https://en.wikipedia.org/wiki/St._Elizabeth%27s_Church_(Denver,_Colorado) &lt;br&gt;             
                    articleDE :  &lt;br&gt;              
                    wikidata_link : http://www.wikidata.org/entity/Q7587834</description>
                <styleUrl>#33</styleUrl>
                <Point id="330">
                    <coordinates>-105.001667,39.742778,0.0</coordinates>
                </Point>
            </Placemark>
            <Placemark id="333">
                <name>Empower Field at Mile High</name>
                <description>                    category  : tram stop &lt;br&gt;   
                    sitelinks : 2.0 &lt;br&gt;   
                    articleEN : https://en.wikipedia.org/wiki/Empower_Field_at_Mile_High_station &lt;br&gt;             
                    articleDE :  &lt;br&gt;              
                    wikidata_link : http://www.wikidata.org/entity/Q7579687</description>
                <styleUrl>#33</styleUrl>
                <Point id="332">
                    <coordinates>-105.013198,39.743457,0.0</coordinates>
                </Point>
            </Placemark>
            <Placemark id="335">
                <name>South Platte River Bridges</name>
                <description>                    category  : deck arch bridge &lt;br&gt;   
                    sitelinks : 2.0 &lt;br&gt;   
                    articleEN : https://en.wikipedia.org/wiki/South_Platte_River_Bridges &lt;br&gt;             
                    articleDE :  &lt;br&gt;              
                    wikidata_link : http://www.wikidata.org/entity/Q7568238</description>
                <styleUrl>#33</styleUrl>
                <Point id="334">
                    <coordinates>-105.015556,39.743333,0.0</coordinates>
                </Point>
            </Placemark>
            <Placemark id="337">
                <name>Smith's Irrigation Ditch</name>
                <description>                    category  : historic district &lt;br&gt;   
                    sitelinks : 2.0 &lt;br&gt;   
                    articleEN : https://en.wikipedia.org/wiki/Smith%27s_Irrigation_Ditch &lt;br&gt;             
                    articleDE :  &lt;br&gt;              
                    wikidata_link : http://www.wikidata.org/entity/Q7544865</description>
                <styleUrl>#33</styleUrl>
                <Point id="336">
                    <coordinates>-104.96889,39.70667,0.0</coordinates>
                </Point>
            </Placemark>
            <Placemark id="339">
                <name>Sidewinder</name>
                <description>                    category  : amusement ride &lt;br&gt;   
                    sitelinks : 2.0 &lt;br&gt;   
                    articleEN : https://en.wikipedia.org/wiki/Sidewinder_(Elitch_Gardens) &lt;br&gt;             
                    articleDE :  &lt;br&gt;              
                    wikidata_link : http://www.wikidata.org/entity/Q7508555</description>
                <styleUrl>#33</styleUrl>
                <Point id="338">
                    <coordinates>-105.013,39.7486,0.0</coordinates>
                </Point>
            </Placemark>
            <Placemark id="341">
                <name>Rocky Mountain Philatelic Library</name>
                <description>                    category  : philatelic library &lt;br&gt;   
                    sitelinks : 2.0 &lt;br&gt;   
                    articleEN : https://en.wikipedia.org/wiki/Rocky_Mountain_Philatelic_Library &lt;br&gt;             
                    articleDE :  &lt;br&gt;              
                    wikidata_link : http://www.wikidata.org/entity/Q7355922</description>
                <styleUrl>#33</styleUrl>
                <Point id="340">
                    <coordinates>-104.90586523864,39.680702554405,0.0</coordinates>
                </Point>
            </Placemark>
            <Placemark id="343">
                <name>PrideFest</name>
                <description>                    category  : pride festival &lt;br&gt;   
                    sitelinks : 2.0 &lt;br&gt;   
                    articleEN : https://en.wikipedia.org/wiki/PrideFest_(Denver) &lt;br&gt;             
                    articleDE :  &lt;br&gt;              
                    wikidata_link : http://www.wikidata.org/entity/Q7242731</description>
                <styleUrl>#33</styleUrl>
                <Point id="342">
                    <coordinates>-104.98888888889,39.739444444444,0.0</coordinates>
                </Point>
            </Placemark>
            <Placemark id="345">
                <name>Platte River Bridge</name>
                <description>                    category  : footbridge &lt;br&gt;   
                    sitelinks : 2.0 &lt;br&gt;   
                    articleEN : https://en.wikipedia.org/wiki/Platte_River_Bridge &lt;br&gt;             
                    articleDE :  &lt;br&gt;              
                    wikidata_link : http://www.wikidata.org/entity/Q7202497</description>
                <styleUrl>#33</styleUrl>
                <Point id="344">
                    <coordinates>-105.007,39.7564,0.0</coordinates>
                </Point>
            </Placemark>
            <Placemark id="347">
                <name>One Lincoln Park, Denver</name>
                <description>                    category  : building &lt;br&gt;   
                    sitelinks : 2.0 &lt;br&gt;   
                    articleEN : https://en.wikipedia.org/wiki/One_Lincoln_Park,_Denver &lt;br&gt;             
                    articleDE :  &lt;br&gt;              
                    wikidata_link : http://www.wikidata.org/entity/Q7092815</description>
                <styleUrl>#33</styleUrl>
                <Point id="346">
                    <coordinates>-104.987,39.7478,0.0</coordinates>
                </Point>
            </Placemark>
            <Placemark id="349">
                <name>Olinger Tower</name>
                <description>                    category  : building &lt;br&gt;   
                    sitelinks : 2.0 &lt;br&gt;   
                    articleEN : https://en.wikipedia.org/wiki/Olinger_Tower &lt;br&gt;             
                    articleDE :  &lt;br&gt;              
                    wikidata_link : http://www.wikidata.org/entity/Q7086936</description>
                <styleUrl>#33</styleUrl>
                <Point id="348">
                    <coordinates>-104.907,39.7457,0.0</coordinates>
                </Point>
            </Placemark>
            <Placemark id="351">
                <name>Ogden Theater</name>
                <description>                    category  : music venue &lt;br&gt;   
                    sitelinks : 2.0 &lt;br&gt;   
                    articleEN : https://en.wikipedia.org/wiki/Ogden_Theatre &lt;br&gt;             
                    articleDE :  &lt;br&gt;              
                    wikidata_link : http://www.wikidata.org/entity/Q7079953</description>
                <styleUrl>#33</styleUrl>
                <Point id="350">
                    <coordinates>-104.974722,39.740278,0.0</coordinates>
                </Point>
            </Placemark>
            <Placemark id="353">
                <name>National Western Stock Show</name>
                <description>                    category  : livestock show &lt;br&gt;   
                    sitelinks : 2.0 &lt;br&gt;   
                    articleEN : https://en.wikipedia.org/wiki/National_Western_Stock_Show &lt;br&gt;             
                    articleDE :  &lt;br&gt;              
                    wikidata_link : http://www.wikidata.org/entity/Q6979405</description>
                <styleUrl>#33</styleUrl>
                <Point id="352">
                    <coordinates>-104.969,39.7825,0.0</coordinates>
                </Point>
            </Placemark>
            <Placemark id="355">
                <name>Mosque of the El Jebel Shrine</name>
                <description>                    category  : building &lt;br&gt;   
                    sitelinks : 2.0 &lt;br&gt;   
                    articleEN : https://en.wikipedia.org/wiki/Sherman_Street_Event_Center &lt;br&gt;             
                    articleDE :  &lt;br&gt;              
                    wikidata_link : http://www.wikidata.org/entity/Q6916449</description>
                <styleUrl>#33</styleUrl>
                <Point id="354">
                    <coordinates>-104.983889,39.744722,0.0</coordinates>
                </Point>
            </Placemark>
            <Placemark id="357">
                <name>Mile High Music Festival</name>
                <description>                    category  : music festival &lt;br&gt;   
                    sitelinks : 2.0 &lt;br&gt;   
                    articleEN : https://en.wikipedia.org/wiki/Mile_High_Music_Festival &lt;br&gt;             
                    articleDE :  &lt;br&gt;              
                    wikidata_link : http://www.wikidata.org/entity/Q6851086</description>
                <styleUrl>#33</styleUrl>
                <Point id="356">
                    <coordinates>-104.892,39.8057,0.0</coordinates>
                </Point>
            </Placemark>
            <Placemark id="359">
                <name>Louisiana–Pearl</name>
                <description>                    category  : tram stop &lt;br&gt;   
                    sitelinks : 2.0 &lt;br&gt;   
                    articleEN : https://en.wikipedia.org/wiki/Louisiana%E2%80%93Pearl_station &lt;br&gt;             
                    articleDE :  &lt;br&gt;              
                    wikidata_link : http://www.wikidata.org/entity/Q6689057</description>
                <styleUrl>#33</styleUrl>
                <Point id="358">
                    <coordinates>-104.978333,39.692778,0.0</coordinates>
                </Point>
            </Placemark>
            <Placemark id="361">
                <name>Littleton Public Schools</name>
                <description>                    category  : school district &lt;br&gt;   
                    sitelinks : 2.0 &lt;br&gt;   
                    articleEN : https://en.wikipedia.org/wiki/Littleton_Public_Schools &lt;br&gt;             
                    articleDE :  &lt;br&gt;              
                    wikidata_link : http://www.wikidata.org/entity/Q6653132</description>
                <styleUrl>#33</styleUrl>
                <Point id="360">
                    <coordinates>-105.00833333333,39.611666666667,0.0</coordinates>
                </Point>
            </Placemark>
            <Placemark id="363">
                <name>Littleton Main Street</name>
                <description>                    category  : historic district &lt;br&gt;   
                    sitelinks : 2.0 &lt;br&gt;   
                    articleEN : https://en.wikipedia.org/wiki/Littleton_Main_Street &lt;br&gt;             
                    articleDE :  &lt;br&gt;              
                    wikidata_link : http://www.wikidata.org/entity/Q6653128</description>
                <styleUrl>#33</styleUrl>
                <Point id="362">
                    <coordinates>-105.016111,39.613889,0.0</coordinates>
                </Point>
            </Placemark>
            <Placemark id="365">
                <name>Lincoln Center</name>
                <description>                    category  : skyscraper &lt;br&gt;   
                    sitelinks : 2.0 &lt;br&gt;   
                    articleEN : https://en.wikipedia.org/wiki/Lincoln_Center_(Denver) &lt;br&gt;             
                    articleDE :  &lt;br&gt;              
                    wikidata_link : http://www.wikidata.org/entity/Q6550518</description>
                <styleUrl>#33</styleUrl>
                <Point id="364">
                    <coordinates>-104.98583333333,39.743055555556,0.0</coordinates>
                </Point>
            </Placemark>
            <Placemark id="367">
                <name>Lamont School of Music</name>
                <description>                    category  : conservatory &lt;br&gt;   
                    sitelinks : 2.0 &lt;br&gt;   
                    articleEN : https://en.wikipedia.org/wiki/Lamont_School_of_Music &lt;br&gt;             
                    articleDE :  &lt;br&gt;              
                    wikidata_link : http://www.wikidata.org/entity/Q6482219</description>
                <styleUrl>#33</styleUrl>
                <Point id="366">
                    <coordinates>-104.96,39.6742,0.0</coordinates>
                </Point>
            </Placemark>
            <Placemark id="369">
                <name>Lakewood Gulch</name>
                <description>                    category  : landform &lt;br&gt;   
                    sitelinks : 2.0 &lt;br&gt;   
                    articleEN : https://en.wikipedia.org/wiki/Lakewood_Gulch &lt;br&gt;             
                    articleDE :  &lt;br&gt;              
                    wikidata_link : http://www.wikidata.org/entity/Q6479400</description>
                <styleUrl>#33</styleUrl>
                <Point id="368">
                    <coordinates>-105.022,39.7378,0.0</coordinates>
                </Point>
            </Placemark>
            <Placemark id="371">
                <name>Kirkland Museum of Fine &amp; Decorative Art</name>
                <description>                    category  : museum &lt;br&gt;   
                    sitelinks : 2.0 &lt;br&gt;   
                    articleEN : https://en.wikipedia.org/wiki/Kirkland_Museum_of_Fine_%26_Decorative_Art &lt;br&gt;             
                    articleDE :  &lt;br&gt;              
                    wikidata_link : http://www.wikidata.org/entity/Q6415740</description>
                <styleUrl>#33</styleUrl>
                <Point id="370">
                    <coordinates>-104.99022566149,39.736228050105,0.0</coordinates>
                </Point>
            </Placemark>
            <Placemark id="373">
                <name>Independence Institute</name>
                <description>                    category  : nonprofit organization &lt;br&gt;   
                    sitelinks : 2.0 &lt;br&gt;   
                    articleEN : https://en.wikipedia.org/wiki/Independence_Institute &lt;br&gt;             
                    articleDE :  &lt;br&gt;              
                    wikidata_link : http://www.wikidata.org/entity/Q6016098</description>
                <styleUrl>#33</styleUrl>
                <Point id="372">
                    <coordinates>-104.978,39.7419,0.0</coordinates>
                </Point>
            </Placemark>
            <Placemark id="375">
                <name>I-25 &amp; Broadway</name>
                <description>                    category  : tram stop &lt;br&gt;   
                    sitelinks : 2.0 &lt;br&gt;   
                    articleEN : https://en.wikipedia.org/wiki/I-25_%26_Broadway_station &lt;br&gt;             
                    articleDE :  &lt;br&gt;              
                    wikidata_link : http://www.wikidata.org/entity/Q5967528</description>
                <styleUrl>#33</styleUrl>
                <Point id="374">
                    <coordinates>-104.990072,39.701698,0.0</coordinates>
                </Point>
            </Placemark>
            <Placemark id="377">
                <name>Hopkins Farm</name>
                <description>                    category  : historic district &lt;br&gt;   
                    sitelinks : 2.0 &lt;br&gt;   
                    articleEN : https://en.wikipedia.org/wiki/Hopkins_Farm_(Cherry_Hills_Village,_Colorado) &lt;br&gt;             
                    articleDE :  &lt;br&gt;              
                    wikidata_link : http://www.wikidata.org/entity/Q5900656</description>
                <styleUrl>#33</styleUrl>
                <Point id="376">
                    <coordinates>-104.93805556,39.6375,0.0</coordinates>
                </Point>
            </Placemark>
            <Placemark id="379">
                <name>History Colorado Center</name>
                <description>                    category  : museum &lt;br&gt;   
                    sitelinks : 2.0 &lt;br&gt;   
                    articleEN : https://en.wikipedia.org/wiki/History_Colorado_Center &lt;br&gt;             
                    articleDE :  &lt;br&gt;              
                    wikidata_link : http://www.wikidata.org/entity/Q5774677</description>
                <styleUrl>#33</styleUrl>
                <Point id="378">
                    <coordinates>-104.987,39.7361,0.0</coordinates>
                </Point>
            </Placemark>
            <Placemark id="381">
                <name>Highlands Masonic Lodge</name>
                <description>                    category  : masonic temple &lt;br&gt;   
                    sitelinks : 2.0 &lt;br&gt;   
                    articleEN : https://en.wikipedia.org/wiki/Highlands_Masonic_Lodge &lt;br&gt;             
                    articleDE :  &lt;br&gt;              
                    wikidata_link : http://www.wikidata.org/entity/Q5759388</description>
                <styleUrl>#33</styleUrl>
                <Point id="380">
                    <coordinates>-105.024167,39.7625,0.0</coordinates>
                </Point>
            </Placemark>
            <Placemark id="383">
                <name>Highland Bridge</name>
                <description>                    category  : footbridge &lt;br&gt;   
                    sitelinks : 2.0 &lt;br&gt;   
                    articleEN : https://en.wikipedia.org/wiki/Highland_Bridge &lt;br&gt;             
                    articleDE :  &lt;br&gt;              
                    wikidata_link : http://www.wikidata.org/entity/Q5758679</description>
                <styleUrl>#33</styleUrl>
                <Point id="382">
                    <coordinates>-105.009,39.758,0.0</coordinates>
                </Point>
            </Placemark>
            <Placemark id="385">
                <name>Gothic Theatre</name>
                <description>                    category  : concert hall &lt;br&gt;   
                    sitelinks : 2.0 &lt;br&gt;   
                    articleEN : https://en.wikipedia.org/wiki/Gothic_Theatre &lt;br&gt;             
                    articleDE :  &lt;br&gt;              
                    wikidata_link : http://www.wikidata.org/entity/Q5587876</description>
                <styleUrl>#33</styleUrl>
                <Point id="384">
                    <coordinates>-104.988,39.6576,0.0</coordinates>
                </Point>
            </Placemark>
            <Placemark id="387">
                <name>George Washington High School</name>
                <description>                    category  : high school &lt;br&gt;   
                    sitelinks : 2.0 &lt;br&gt;   
                    articleEN : https://en.wikipedia.org/wiki/George_Washington_High_School_(Colorado) &lt;br&gt;             
                    articleDE :  &lt;br&gt;              
                    wikidata_link : http://www.wikidata.org/entity/Q5545973</description>
                <styleUrl>#33</styleUrl>
                <Point id="386">
                    <coordinates>-104.914,39.7056,0.0</coordinates>
                </Point>
            </Placemark>
            <Placemark id="389">
                <name>Forney Transportation Museum</name>
                <description>                    category  : automobile museum &lt;br&gt;   
                    sitelinks : 2.0 &lt;br&gt;   
                    articleEN : https://en.wikipedia.org/wiki/Forney_Transportation_Museum &lt;br&gt;             
                    articleDE :  &lt;br&gt;              
                    wikidata_link : http://www.wikidata.org/entity/Q5470379</description>
                <styleUrl>#33</styleUrl>
                <Point id="388">
                    <coordinates>-104.971,39.7771,0.0</coordinates>
                </Point>
            </Placemark>
            <Placemark id="391">
                <name>Fitzsimons Army Medical Center</name>
                <description>                    category  : former hospital &lt;br&gt;   
                    sitelinks : 2.0 &lt;br&gt;   
                    articleEN : https://en.wikipedia.org/wiki/Fitzsimons_Army_Medical_Center &lt;br&gt;             
                    articleDE :  &lt;br&gt;              
                    wikidata_link : http://www.wikidata.org/entity/Q5455733</description>
                <styleUrl>#33</styleUrl>
                <Point id="390">
                    <coordinates>-104.83722222222,39.745277777778,0.0</coordinates>
                </Point>
            </Placemark>
            <Placemark id="393">
                <name>First Baptist Church of Denver</name>
                <description>                    category  : church building &lt;br&gt;   
                    sitelinks : 2.0 &lt;br&gt;   
                    articleEN : https://en.wikipedia.org/wiki/First_Baptist_Church_of_Denver &lt;br&gt;             
                    articleDE :  &lt;br&gt;              
                    wikidata_link : http://www.wikidata.org/entity/Q5452463</description>
                <styleUrl>#33</styleUrl>
                <Point id="392">
                    <coordinates>-104.983611,39.738333,0.0</coordinates>
                </Point>
            </Placemark>
            <Placemark id="395">
                <name>Equitable Building</name>
                <description>                    category  : bank building &lt;br&gt;   
                    sitelinks : 2.0 &lt;br&gt;   
                    articleEN : https://en.wikipedia.org/wiki/Equitable_Building_(Denver) &lt;br&gt;             
                    articleDE :  &lt;br&gt;              
                    wikidata_link : http://www.wikidata.org/entity/Q5384616</description>
                <styleUrl>#33</styleUrl>
                <Point id="394">
                    <coordinates>-104.991111,39.746389,0.0</coordinates>
                </Point>
            </Placemark>
            <Placemark id="397">
                <name>Episcopal Diocese of Colorado</name>
                <description>                    category  : diocese &lt;br&gt;   
                    sitelinks : 2.0 &lt;br&gt;   
                    articleEN : https://en.wikipedia.org/wiki/The_Episcopal_Church_in_Colorado &lt;br&gt;             
                    articleDE :  &lt;br&gt;              
                    wikidata_link : http://www.wikidata.org/entity/Q5383361</description>
                <styleUrl>#33</styleUrl>
                <Point id="396">
                    <coordinates>-104.978,39.7378,0.0</coordinates>
                </Point>
            </Placemark>
            <Placemark id="399">
                <name>Environmental and Engineering Geophysical Society</name>
                <description>                    category  : organization &lt;br&gt;   
                    sitelinks : 2.0 &lt;br&gt;   
                    articleEN : https://en.wikipedia.org/wiki/Environmental_and_Engineering_Geophysical_Society &lt;br&gt;             
                    articleDE :  &lt;br&gt;              
                    wikidata_link : http://www.wikidata.org/entity/Q5381189</description>
                <styleUrl>#33</styleUrl>
                <Point id="398">
                    <coordinates>-104.937,39.685,0.0</coordinates>
                </Point>
            </Placemark>
            <Placemark id="401">
                <name>Emily Griffith Opportunity School</name>
                <description>                    category  : public educational institution of the United States &lt;br&gt;   
                    sitelinks : 2.0 &lt;br&gt;   
                    articleEN : https://en.wikipedia.org/wiki/Emily_Griffith_Technical_College &lt;br&gt;             
                    articleDE :  &lt;br&gt;              
                    wikidata_link : http://www.wikidata.org/entity/Q5372188</description>
                <styleUrl>#33</styleUrl>
                <Point id="400">
                    <coordinates>-104.995,39.7411,0.0</coordinates>
                </Point>
            </Placemark>
            <Placemark id="403">
                <name>Ecotech Institute</name>
                <description>                    category  : private for-profit educational institution &lt;br&gt;   
                    sitelinks : 2.0 &lt;br&gt;   
                    articleEN : https://en.wikipedia.org/wiki/Ecotech_Institute &lt;br&gt;             
                    articleDE :  &lt;br&gt;              
                    wikidata_link : http://www.wikidata.org/entity/Q5333889</description>
                <styleUrl>#33</styleUrl>
                <Point id="402">
                    <coordinates>-104.827,39.6913,0.0</coordinates>
                </Point>
            </Placemark>
            <Placemark id="405">
                <name>East High School</name>
                <description>                    category  : high school &lt;br&gt;   
                    sitelinks : 2.0 &lt;br&gt;   
                    articleEN : https://en.wikipedia.org/wiki/East_High_School_(Denver,_Colorado) &lt;br&gt;             
                    articleDE :  &lt;br&gt;              
                    wikidata_link : http://www.wikidata.org/entity/Q5328588</description>
                <styleUrl>#33</styleUrl>
                <Point id="404">
                    <coordinates>-104.95611111111,39.741666666667,0.0</coordinates>
                </Point>
            </Placemark>
            <Placemark id="407">
                <name>Denver Tramway</name>
                <description>                    category  : tram system &lt;br&gt;   
                    sitelinks : 2.0 &lt;br&gt;   
                    articleEN : https://en.wikipedia.org/wiki/Denver_Tramway &lt;br&gt;             
                    articleDE :  &lt;br&gt;              
                    wikidata_link : http://www.wikidata.org/entity/Q5259796</description>
                <styleUrl>#33</styleUrl>
                <Point id="406">
                    <coordinates>-104.9942,39.751,0.0</coordinates>
                </Point>
            </Placemark>
            <Placemark id="409">
                <name>Denver Water</name>
                <description>                    category  : water utility &lt;br&gt;   
                    sitelinks : 2.0 &lt;br&gt;   
                    articleEN : https://en.wikipedia.org/wiki/Denver_Water &lt;br&gt;             
                    articleDE :  &lt;br&gt;              
                    wikidata_link : http://www.wikidata.org/entity/Q5259799</description>
                <styleUrl>#33</styleUrl>
                <Point id="408">
                    <coordinates>-105.00988,39.7355,0.0</coordinates>
                </Point>
            </Placemark>
            <Placemark id="411">
                <name>Denver Technological Center</name>
                <description>                    category  : business park &lt;br&gt;   
                    sitelinks : 2.0 &lt;br&gt;   
                    articleEN : https://en.wikipedia.org/wiki/Denver_Technological_Center &lt;br&gt;             
                    articleDE :  &lt;br&gt;              
                    wikidata_link : http://www.wikidata.org/entity/Q5259787</description>
                <styleUrl>#33</styleUrl>
                <Point id="410">
                    <coordinates>-104.895,39.6241,0.0</coordinates>
                </Point>
            </Placemark>
            <Placemark id="413">
                <name>Denver Place</name>
                <description>                    category  : skyscraper &lt;br&gt;   
                    sitelinks : 2.0 &lt;br&gt;   
                    articleEN : https://en.wikipedia.org/wiki/Denver_Place &lt;br&gt;             
                    articleDE :  &lt;br&gt;              
                    wikidata_link : http://www.wikidata.org/entity/Q5259769</description>
                <styleUrl>#33</styleUrl>
                <Point id="412">
                    <coordinates>-104.99194444444,39.749166666667,0.0</coordinates>
                </Point>
            </Placemark>
            <Placemark id="415">
                <name>Denver Millennium Bridge</name>
                <description>                    category  : footbridge &lt;br&gt;   
                    sitelinks : 2.0 &lt;br&gt;   
                    articleEN : https://en.wikipedia.org/wiki/Denver_Millennium_Bridge &lt;br&gt;             
                    articleDE :  &lt;br&gt;              
                    wikidata_link : http://www.wikidata.org/entity/Q5259745</description>
                <styleUrl>#33</styleUrl>
                <Point id="414">
                    <coordinates>-105.004,39.7544,0.0</coordinates>
                </Point>
            </Placemark>
            <Placemark id="417">
                <name>Denver Firefighters Museum</name>
                <description>                    category  : firefighting museum &lt;br&gt;   
                    sitelinks : 2.0 &lt;br&gt;   
                    articleEN : https://en.wikipedia.org/wiki/Denver_Firefighters_Museum &lt;br&gt;             
                    articleDE :  &lt;br&gt;              
                    wikidata_link : http://www.wikidata.org/entity/Q5259725</description>
                <styleUrl>#33</styleUrl>
                <Point id="416">
                    <coordinates>-104.991944,39.740833,0.0</coordinates>
                </Point>
            </Placemark>
            <Placemark id="419">
                <name>Denver Dry Goods Company Building</name>
                <description>                    category  : department store &lt;br&gt;   
                    sitelinks : 2.0 &lt;br&gt;   
                    articleEN : https://en.wikipedia.org/wiki/Denver_Dry_Goods_Company_Building &lt;br&gt;             
                    articleDE :  &lt;br&gt;              
                    wikidata_link : http://www.wikidata.org/entity/Q5259714</description>
                <styleUrl>#33</styleUrl>
                <Point id="418">
                    <coordinates>-104.993,39.7449,0.0</coordinates>
                </Point>
            </Placemark>
            <Placemark id="421">
                <name>Denver City Cable Railway Building</name>
                <description>                    category  : commercial building &lt;br&gt;   
                    sitelinks : 2.0 &lt;br&gt;   
                    articleEN : https://en.wikipedia.org/wiki/Denver_City_Cable_Railway_Building &lt;br&gt;             
                    articleDE :  &lt;br&gt;              
                    wikidata_link : http://www.wikidata.org/entity/Q5259693</description>
                <styleUrl>#33</styleUrl>
                <Point id="420">
                    <coordinates>-104.993814,39.750533,0.0</coordinates>
                </Point>
            </Placemark>
            <Placemark id="423">
                <name>Denver Center for the Performing Arts</name>
                <description>                    category  : nonprofit organization &lt;br&gt;   
                    sitelinks : 2.0 &lt;br&gt;   
                    articleEN : https://en.wikipedia.org/wiki/Denver_Center_for_the_Performing_Arts &lt;br&gt;             
                    articleDE :  &lt;br&gt;              
                    wikidata_link : http://www.wikidata.org/entity/Q5259689</description>
                <styleUrl>#33</styleUrl>
                <Point id="422">
                    <coordinates>-104.998476,39.744623,0.0</coordinates>
                </Point>
            </Placemark>
            <Placemark id="425">
                <name>Denver Athletic Club</name>
                <description>                    category  : sports club &lt;br&gt;   
                    sitelinks : 2.0 &lt;br&gt;   
                    articleEN : https://en.wikipedia.org/wiki/Denver_Athletic_Club &lt;br&gt;             
                    articleDE :  &lt;br&gt;              
                    wikidata_link : http://www.wikidata.org/entity/Q5259673</description>
                <styleUrl>#33</styleUrl>
                <Point id="424">
                    <coordinates>-104.99353,39.74176,0.0</coordinates>
                </Point>
            </Placemark>
            <Placemark id="427">
                <name>Daniel L. Ritchie Center</name>
                <description>                    category  : sports venue &lt;br&gt;   
                    sitelinks : 2.0 &lt;br&gt;   
                    articleEN : https://en.wikipedia.org/wiki/Ritchie_Center &lt;br&gt;             
                    articleDE :  &lt;br&gt;              
                    wikidata_link : http://www.wikidata.org/entity/Q5217851</description>
                <styleUrl>#33</styleUrl>
                <Point id="426">
                    <coordinates>-104.961849,39.68195,0.0</coordinates>
                </Point>
            </Placemark>
            <Placemark id="429">
                <name>DU Stadium</name>
                <description>                    category  : stadium &lt;br&gt;   
                    sitelinks : 2.0 &lt;br&gt;   
                    articleEN : https://en.wikipedia.org/wiki/DU_Stadium &lt;br&gt;             
                    articleDE :  &lt;br&gt;              
                    wikidata_link : http://www.wikidata.org/entity/Q5206333</description>
                <styleUrl>#33</styleUrl>
                <Point id="428">
                    <coordinates>-104.963,39.6815,0.0</coordinates>
                </Point>
            </Placemark>
            <Placemark id="431">
                <name>Crown Hill Park</name>
                <description>                    category  : county park &lt;br&gt;   
                    sitelinks : 2.0 &lt;br&gt;   
                    articleEN : https://en.wikipedia.org/wiki/Crown_Hill_Park &lt;br&gt;             
                    articleDE :  &lt;br&gt;              
                    wikidata_link : http://www.wikidata.org/entity/Q5189373</description>
                <styleUrl>#33</styleUrl>
                <Point id="430">
                    <coordinates>-105.10333,39.75861,0.0</coordinates>
                </Point>
            </Placemark>
            <Placemark id="433">
                <name>Cranmer Park</name>
                <description>                    category  : urban park &lt;br&gt;   
                    sitelinks : 2.0 &lt;br&gt;   
                    articleEN : https://en.wikipedia.org/wiki/Cranmer_Park &lt;br&gt;             
                    articleDE :  &lt;br&gt;              
                    wikidata_link : http://www.wikidata.org/entity/Q5182219</description>
                <styleUrl>#33</styleUrl>
                <Point id="432">
                    <coordinates>-104.935,39.719444,0.0</coordinates>
                </Point>
            </Placemark>
            <Placemark id="435">
                <name>Core Research Center</name>
                <description>                    category  : research center &lt;br&gt;   
                    sitelinks : 2.0 &lt;br&gt;   
                    articleEN : https://en.wikipedia.org/wiki/Core_Research_Center &lt;br&gt;             
                    articleDE :  &lt;br&gt;              
                    wikidata_link : http://www.wikidata.org/entity/Q5170178</description>
                <styleUrl>#33</styleUrl>
                <Point id="434">
                    <coordinates>-105.12527777778,39.711944444444,0.0</coordinates>
                </Point>
            </Placemark>
            <Placemark id="437">
                <name>Colorado Governor's Mansion</name>
                <description>                    category  : museum &lt;br&gt;   
                    sitelinks : 2.0 &lt;br&gt;   
                    articleEN : https://en.wikipedia.org/wiki/Colorado_Governor%27s_Mansion &lt;br&gt;             
                    articleDE :  &lt;br&gt;              
                    wikidata_link : http://www.wikidata.org/entity/Q5148812</description>
                <styleUrl>#33</styleUrl>
                <Point id="436">
                    <coordinates>-104.981389,39.728611,0.0</coordinates>
                </Point>
            </Placemark>
            <Placemark id="439">
                <name>Children's Museum of Denver</name>
                <description>                    category  : nonprofit organization &lt;br&gt;   
                    sitelinks : 2.0 &lt;br&gt;   
                    articleEN : https://en.wikipedia.org/wiki/Children%27s_Museum_of_Denver &lt;br&gt;             
                    articleDE :  &lt;br&gt;              
                    wikidata_link : http://www.wikidata.org/entity/Q5098167</description>
                <styleUrl>#33</styleUrl>
                <Point id="438">
                    <coordinates>-105.017,39.749,0.0</coordinates>
                </Point>
            </Placemark>
            <Placemark id="441">
                <name>Casa Bonita</name>
                <description>                    category  : restaurant &lt;br&gt;   
                    sitelinks : 2.0 &lt;br&gt;   
                    articleEN : https://en.wikipedia.org/wiki/Casa_Bonita &lt;br&gt;             
                    articleDE :  &lt;br&gt;              
                    wikidata_link : http://www.wikidata.org/entity/Q5047790</description>
                <styleUrl>#33</styleUrl>
                <Point id="440">
                    <coordinates>-105.071,39.7419,0.0</coordinates>
                </Point>
            </Placemark>
            <Placemark id="443">
                <name>Byron White United States Courthouse</name>
                <description>                    category  : building &lt;br&gt;   
                    sitelinks : 2.0 &lt;br&gt;   
                    articleEN : https://en.wikipedia.org/wiki/Byron_White_United_States_Courthouse &lt;br&gt;             
                    articleDE :  &lt;br&gt;              
                    wikidata_link : http://www.wikidata.org/entity/Q5004496</description>
                <styleUrl>#33</styleUrl>
                <Point id="442">
                    <coordinates>-104.989722,39.748611,0.0</coordinates>
                </Point>
            </Placemark>
            <Placemark id="445">
                <name>Byron G. Rogers Federal Building and United States Courthouse</name>
                <description>                    category  : courthouse &lt;br&gt;   
                    sitelinks : 2.0 &lt;br&gt;   
                    articleEN : https://en.wikipedia.org/wiki/Byron_G._Rogers_Federal_Building_and_United_States_Courthouse &lt;br&gt;             
                    articleDE :  &lt;br&gt;              
                    wikidata_link : http://www.wikidata.org/entity/Q5004359</description>
                <styleUrl>#33</styleUrl>
                <Point id="444">
                    <coordinates>-104.989,39.7497,0.0</coordinates>
                </Point>
            </Placemark>
            <Placemark id="447">
                <name>Byers-Evans House</name>
                <description>                    category  : house &lt;br&gt;   
                    sitelinks : 2.0 &lt;br&gt;   
                    articleEN : https://en.wikipedia.org/wiki/Byers%E2%80%93Evans_House &lt;br&gt;             
                    articleDE :  &lt;br&gt;              
                    wikidata_link : http://www.wikidata.org/entity/Q5004062</description>
                <styleUrl>#33</styleUrl>
                <Point id="446">
                    <coordinates>-104.989444,39.737222,0.0</coordinates>
                </Point>
            </Placemark>
            <Placemark id="449">
                <name>Brooks Tower</name>
                <description>                    category  : skyscraper &lt;br&gt;   
                    sitelinks : 2.0 &lt;br&gt;   
                    articleEN : https://en.wikipedia.org/wiki/Brooks_Tower &lt;br&gt;             
                    articleDE :  &lt;br&gt;              
                    wikidata_link : http://www.wikidata.org/entity/Q4975059</description>
                <styleUrl>#33</styleUrl>
                <Point id="448">
                    <coordinates>-104.996,39.7466,0.0</coordinates>
                </Point>
            </Placemark>
            <Placemark id="451">
                <name>Bowles House</name>
                <description>                    category  : house &lt;br&gt;   
                    sitelinks : 2.0 &lt;br&gt;   
                    articleEN : https://en.wikipedia.org/wiki/Bowles_House_(Westminster,_Colorado) &lt;br&gt;             
                    articleDE :  &lt;br&gt;              
                    wikidata_link : http://www.wikidata.org/entity/Q4951111</description>
                <styleUrl>#33</styleUrl>
                <Point id="450">
                    <coordinates>-105.0388088,39.8269088,0.0</coordinates>
                </Point>
            </Placemark>
            <Placemark id="453">
                <name>Boettcher Memorial Tropical Conservatory</name>
                <description>                    category  : botanical garden &lt;br&gt;   
                    sitelinks : 2.0 &lt;br&gt;   
                    articleEN : https://en.wikipedia.org/wiki/Boettcher_Memorial_Tropical_Conservatory &lt;br&gt;             
                    articleDE :  &lt;br&gt;              
                    wikidata_link : http://www.wikidata.org/entity/Q4937253</description>
                <styleUrl>#33</styleUrl>
                <Point id="452">
                    <coordinates>-104.961,39.7325,0.0</coordinates>
                </Point>
            </Placemark>
            <Placemark id="455">
                <name>Boettcher Concert Hall</name>
                <description>                    category  : concert hall &lt;br&gt;   
                    sitelinks : 2.0 &lt;br&gt;   
                    articleEN : https://en.wikipedia.org/wiki/Boettcher_Concert_Hall &lt;br&gt;             
                    articleDE :  &lt;br&gt;              
                    wikidata_link : http://www.wikidata.org/entity/Q4937250</description>
                <styleUrl>#33</styleUrl>
                <Point id="454">
                    <coordinates>-104.997,39.7448,0.0</coordinates>
                </Point>
            </Placemark>
            <Placemark id="457">
                <name>Bluebird Theater</name>
                <description>                    category  : music venue &lt;br&gt;   
                    sitelinks : 2.0 &lt;br&gt;   
                    articleEN : https://en.wikipedia.org/wiki/Bluebird_Theater &lt;br&gt;             
                    articleDE :  &lt;br&gt;              
                    wikidata_link : http://www.wikidata.org/entity/Q4930253</description>
                <styleUrl>#33</styleUrl>
                <Point id="456">
                    <coordinates>-104.94835,39.74036,0.0</coordinates>
                </Point>
            </Placemark>
            <Placemark id="459">
                <name>Big Dry Creek</name>
                <description>                    category  : river &lt;br&gt;   
                    sitelinks : 2.0 &lt;br&gt;   
                    articleEN : https://en.wikipedia.org/wiki/Big_Dry_Creek_(Littleton,_Colorado) &lt;br&gt;             
                    articleDE :  &lt;br&gt;              
                    wikidata_link : http://www.wikidata.org/entity/Q4905604</description>
                <styleUrl>#33</styleUrl>
                <Point id="458">
                    <coordinates>-105.014,39.6306,0.0</coordinates>
                </Point>
            </Placemark>
            <Placemark id="461">
                <name>Beth HaMedrosh Hagodol-Beth Joseph</name>
                <description>                    category  : synagogue &lt;br&gt;   
                    sitelinks : 2.0 &lt;br&gt;   
                    articleEN : https://en.wikipedia.org/wiki/Beth_HaMedrosh_Hagodol-Beth_Joseph &lt;br&gt;             
                    articleDE :  &lt;br&gt;              
                    wikidata_link : http://www.wikidata.org/entity/Q4897508</description>
                <styleUrl>#33</styleUrl>
                <Point id="460">
                    <coordinates>-104.912,39.7056,0.0</coordinates>
                </Point>
            </Placemark>
            <Placemark id="463">
                <name>Bank Lofts</name>
                <description>                    category  : bank building &lt;br&gt;   
                    sitelinks : 2.0 &lt;br&gt;   
                    articleEN : https://en.wikipedia.org/wiki/Bank_Lofts &lt;br&gt;             
                    articleDE :  &lt;br&gt;              
                    wikidata_link : http://www.wikidata.org/entity/Q4855939</description>
                <styleUrl>#33</styleUrl>
                <Point id="462">
                    <coordinates>-104.992222,39.746944,0.0</coordinates>
                </Point>
            </Placemark>
            <Placemark id="465">
                <name>Baker</name>
                <description>                    category  : historic district &lt;br&gt;   
                    sitelinks : 2.0 &lt;br&gt;   
                    articleEN : https://en.wikipedia.org/wiki/Baker,_Denver &lt;br&gt;             
                    articleDE :  &lt;br&gt;              
                    wikidata_link : http://www.wikidata.org/entity/Q4849089</description>
                <styleUrl>#33</styleUrl>
                <Point id="464">
                    <coordinates>-104.99515,39.723919,0.0</coordinates>
                </Point>
            </Placemark>
            <Placemark id="467">
                <name>Bailey House</name>
                <description>                    category  : single-family detached home &lt;br&gt;   
                    sitelinks : 2.0 &lt;br&gt;   
                    articleEN : https://en.wikipedia.org/wiki/Bailey_House_(Denver,_Colorado) &lt;br&gt;             
                    articleDE :  &lt;br&gt;              
                    wikidata_link : http://www.wikidata.org/entity/Q4848362</description>
                <styleUrl>#33</styleUrl>
                <Point id="466">
                    <coordinates>-104.973889,39.741944,0.0</coordinates>
                </Point>
            </Placemark>
            <Placemark id="469">
                <name>Avoca Lodge</name>
                <description>                    category  : house &lt;br&gt;   
                    sitelinks : 2.0 &lt;br&gt;   
                    articleEN : https://en.wikipedia.org/wiki/Avoca_Lodge &lt;br&gt;             
                    articleDE :  &lt;br&gt;              
                    wikidata_link : http://www.wikidata.org/entity/Q4829106</description>
                <styleUrl>#33</styleUrl>
                <Point id="468">
                    <coordinates>-105.080556,39.668056,0.0</coordinates>
                </Point>
            </Placemark>
            <Placemark id="471">
                <name>Aurora Fox Arts Center</name>
                <description>                    category  : performing arts center &lt;br&gt;   
                    sitelinks : 2.0 &lt;br&gt;   
                    articleEN : https://en.wikipedia.org/wiki/Aurora_Fox_Arts_Center &lt;br&gt;             
                    articleDE :  &lt;br&gt;              
                    wikidata_link : http://www.wikidata.org/entity/Q4822533</description>
                <styleUrl>#33</styleUrl>
                <Point id="470">
                    <coordinates>-104.872,39.7397,0.0</coordinates>
                </Point>
            </Placemark>
            <Placemark id="473">
                <name>Auraria Library</name>
                <description>                    category  : academic library &lt;br&gt;   
                    sitelinks : 2.0 &lt;br&gt;   
                    articleEN : https://en.wikipedia.org/wiki/Auraria_Library &lt;br&gt;             
                    articleDE :  &lt;br&gt;              
                    wikidata_link : http://www.wikidata.org/entity/Q4822140</description>
                <styleUrl>#33</styleUrl>
                <Point id="472">
                    <coordinates>-105.003,39.7434,0.0</coordinates>
                </Point>
            </Placemark>
            <Placemark id="475">
                <name>Aspen University</name>
                <description>                    category  : private for-profit educational institution &lt;br&gt;   
                    sitelinks : 2.0 &lt;br&gt;   
                    articleEN : https://en.wikipedia.org/wiki/Aspen_University &lt;br&gt;             
                    articleDE :  &lt;br&gt;              
                    wikidata_link : http://www.wikidata.org/entity/Q4807851</description>
                <styleUrl>#33</styleUrl>
                <Point id="474">
                    <coordinates>-104.941,39.704,0.0</coordinates>
                </Point>
            </Placemark>
            <Placemark id="477">
                <name>Arvada West High School</name>
                <description>                    category  : high school &lt;br&gt;   
                    sitelinks : 2.0 &lt;br&gt;   
                    articleEN : https://en.wikipedia.org/wiki/Arvada_West_High_School &lt;br&gt;             
                    articleDE :  &lt;br&gt;              
                    wikidata_link : http://www.wikidata.org/entity/Q4802350</description>
                <styleUrl>#33</styleUrl>
                <Point id="476">
                    <coordinates>-105.12611111111,39.810555555556,0.0</coordinates>
                </Point>
            </Placemark>
            <Placemark id="479">
                <name>Arvada Flour Mill</name>
                <description>                    category  : mill &lt;br&gt;   
                    sitelinks : 2.0 &lt;br&gt;   
                    articleEN : https://en.wikipedia.org/wiki/Arvada_Flour_Mill &lt;br&gt;             
                    articleDE :  &lt;br&gt;              
                    wikidata_link : http://www.wikidata.org/entity/Q4802347</description>
                <styleUrl>#33</styleUrl>
                <Point id="478">
                    <coordinates>-105.080833,39.798333,0.0</coordinates>
                </Point>
            </Placemark>
            <Placemark id="481">
                <name>Arvada Center for the Arts and Humanities</name>
                <description>                    category  : performing arts center &lt;br&gt;   
                    sitelinks : 2.0 &lt;br&gt;   
                    articleEN : https://en.wikipedia.org/wiki/Arvada_Center_for_the_Arts_and_Humanities &lt;br&gt;             
                    articleDE :  &lt;br&gt;              
                    wikidata_link : http://www.wikidata.org/entity/Q4802342</description>
                <styleUrl>#33</styleUrl>
                <Point id="480">
                    <coordinates>-105.084,39.8233,0.0</coordinates>
                </Point>
            </Placemark>
            <Placemark id="483">
                <name>Arapahoe Community College</name>
                <description>                    category  : community college &lt;br&gt;   
                    sitelinks : 2.0 &lt;br&gt;   
                    articleEN : https://en.wikipedia.org/wiki/Arapahoe_Community_College &lt;br&gt;             
                    articleDE :  &lt;br&gt;              
                    wikidata_link : http://www.wikidata.org/entity/Q4784195</description>
                <styleUrl>#33</styleUrl>
                <Point id="482">
                    <coordinates>-105.01890692329,39.608986222719,0.0</coordinates>
                </Point>
            </Placemark>
            <Placemark id="485">
                <name>American Museum of Western Art – The Anschutz Collection</name>
                <description>                    category  : museum &lt;br&gt;   
                    sitelinks : 2.0 &lt;br&gt;   
                    articleEN : https://en.wikipedia.org/wiki/American_Museum_of_Western_Art_%E2%80%93_The_Anschutz_Collection &lt;br&gt;             
                    articleDE :  &lt;br&gt;              
                    wikidata_link : http://www.wikidata.org/entity/Q4770539</description>
                <styleUrl>#33</styleUrl>
                <Point id="484">
                    <coordinates>-104.988,39.7447,0.0</coordinates>
                </Point>
            </Placemark>
            <Placemark id="487">
                <name>Annunciation Church</name>
                <description>                    category  : church building &lt;br&gt;   
                    sitelinks : 2.0 &lt;br&gt;   
                    articleEN : https://en.wikipedia.org/wiki/Annunciation_Roman_Catholic_Church_(Denver) &lt;br&gt;             
                    articleDE :  &lt;br&gt;              
                    wikidata_link : http://www.wikidata.org/entity/Q4769764</description>
                <styleUrl>#33</styleUrl>
                <Point id="486">
                    <coordinates>-104.96998,39.76717,0.0</coordinates>
                </Point>
            </Placemark>
            <Placemark id="489">
                <name>27th/Welton</name>
                <description>                    category  : tram stop &lt;br&gt;   
                    sitelinks : 2.0 &lt;br&gt;   
                    articleEN : https://en.wikipedia.org/wiki/27th_%26_Welton_station &lt;br&gt;             
                    articleDE :  &lt;br&gt;              
                    wikidata_link : http://www.wikidata.org/entity/Q4632564</description>
                <styleUrl>#33</styleUrl>
                <Point id="488">
                    <coordinates>-104.977372,39.755234,0.0</coordinates>
                </Point>
            </Placemark>
            <Placemark id="491">
                <name>2004 Centrix Financial Grand Prix of Denver</name>
                <description>                    category  : Grand Prix of Denver &lt;br&gt;   
                    sitelinks : 2.0 &lt;br&gt;   
                    articleEN : https://en.wikipedia.org/wiki/2004_Centrix_Financial_Grand_Prix_of_Denver &lt;br&gt;             
                    articleDE :  &lt;br&gt;              
                    wikidata_link : http://www.wikidata.org/entity/Q4602619</description>
                <styleUrl>#33</styleUrl>
                <Point id="490">
                    <coordinates>-105.00638889,39.74666667,0.0</coordinates>
                </Point>
            </Placemark>
            <Placemark id="493">
                <name>18th/California</name>
                <description>                    category  : tram stop &lt;br&gt;   
                    sitelinks : 2.0 &lt;br&gt;   
                    articleEN : https://en.wikipedia.org/wiki/18th_%26_California_and_18th_%26_Stout_stations &lt;br&gt;             
                    articleDE :  &lt;br&gt;              
                    wikidata_link : http://www.wikidata.org/entity/Q4557546</description>
                <styleUrl>#33</styleUrl>
                <Point id="492">
                    <coordinates>-104.98994,39.74685,0.0</coordinates>
                </Point>
            </Placemark>
            <Placemark id="495">
                <name>1600 Broadway</name>
                <description>                    category  : skyscraper &lt;br&gt;   
                    sitelinks : 2.0 &lt;br&gt;   
                    articleEN : https://en.wikipedia.org/wiki/1600_Broadway &lt;br&gt;             
                    articleDE :  &lt;br&gt;              
                    wikidata_link : http://www.wikidata.org/entity/Q4551089</description>
                <styleUrl>#33</styleUrl>
                <Point id="494">
                    <coordinates>-104.987,39.7422,0.0</coordinates>
                </Point>
            </Placemark>
            <Placemark id="497">
                <name>1600 Glenarm Place</name>
                <description>                    category  : skyscraper &lt;br&gt;   
                    sitelinks : 2.0 &lt;br&gt;   
                    articleEN : https://en.wikipedia.org/wiki/1600_Glenarm_Place &lt;br&gt;             
                    articleDE :  &lt;br&gt;              
                    wikidata_link : http://www.wikidata.org/entity/Q4551087</description>
                <styleUrl>#33</styleUrl>
                <Point id="496">
                    <coordinates>-104.98972222222,39.743888888889,0.0</coordinates>
                </Point>
            </Placemark>
            <Placemark id="499">
                <name>1125 17th Street</name>
                <description>                    category  : skyscraper &lt;br&gt;   
                    sitelinks : 2.0 &lt;br&gt;   
                    articleEN : https://en.wikipedia.org/wiki/1125_17th_Street &lt;br&gt;             
                    articleDE :  &lt;br&gt;              
                    wikidata_link : http://www.wikidata.org/entity/Q4547364</description>
                <styleUrl>#33</styleUrl>
                <Point id="498">
                    <coordinates>-104.9944,39.7497,0.0</coordinates>
                </Point>
            </Placemark>
            <Placemark id="501">
                <name>10th/Osage</name>
                <description>                    category  : tram stop &lt;br&gt;   
                    sitelinks : 2.0 &lt;br&gt;   
                    articleEN : https://en.wikipedia.org/wiki/10th_%26_Osage_station &lt;br&gt;             
                    articleDE :  &lt;br&gt;              
                    wikidata_link : http://www.wikidata.org/entity/Q4546966</description>
                <styleUrl>#33</styleUrl>
                <Point id="500">
                    <coordinates>-105.005605,39.731924,0.0</coordinates>
                </Point>
            </Placemark>
            <Placemark id="503">
                <name>Regency Student Housing</name>
                <description>                    category  : student housing &lt;br&gt;   
                    sitelinks : 2.0 &lt;br&gt;   
                    articleEN : https://en.wikipedia.org/wiki/Regency_Student_Housing &lt;br&gt;             
                    articleDE :  &lt;br&gt;              
                    wikidata_link : http://www.wikidata.org/entity/Q3931685</description>
                <styleUrl>#33</styleUrl>
                <Point id="502">
                    <coordinates>-104.993,39.7714,0.0</coordinates>
                </Point>
            </Placemark>
            <Placemark id="505">
                <name>Grant-Frontier Park</name>
                <description>                    category  : park &lt;br&gt;   
                    sitelinks : 2.0 &lt;br&gt;   
                    articleEN : https://en.wikipedia.org/wiki/Grant-Frontier_Park &lt;br&gt;             
                    articleDE :  &lt;br&gt;              
                    wikidata_link : http://www.wikidata.org/entity/Q3115377</description>
                <styleUrl>#33</styleUrl>
                <Point id="504">
                    <coordinates>-104.997,39.6765,0.0</coordinates>
                </Point>
            </Placemark>
            <Placemark id="507">
                <name>LoDo</name>
                <description>                    category  : historic district &lt;br&gt;   
                    sitelinks : 2.0 &lt;br&gt;   
                    articleEN : https://en.wikipedia.org/wiki/LoDo,_Denver &lt;br&gt;             
                    articleDE :  &lt;br&gt;              
                    wikidata_link : http://www.wikidata.org/entity/Q2369973</description>
                <styleUrl>#33</styleUrl>
                <Point id="506">
                    <coordinates>-105.0,39.7536,0.0</coordinates>
                </Point>
            </Placemark>
            <Placemark id="509">
                <name>Jefferson County Public Library</name>
                <description>                    category  : public library &lt;br&gt;   
                    sitelinks : 2.0 &lt;br&gt;   
                    articleEN : https://en.wikipedia.org/wiki/Jefferson_County_Public_Library &lt;br&gt;             
                    articleDE :  &lt;br&gt;              
                    wikidata_link : http://www.wikidata.org/entity/Q609974</description>
                <styleUrl>#33</styleUrl>
                <Point id="508">
                    <coordinates>-105.114,39.7471,0.0</coordinates>
                </Point>
            </Placemark>
            <Placemark id="511">
                <name>Trinity United Methodist Church</name>
                <description>                    category  : Protestant church building &lt;br&gt;   
                    sitelinks : 3.0 &lt;br&gt;   
                    articleEN : https://en.wikipedia.org/wiki/Trinity_United_Methodist_Church_(Denver) &lt;br&gt;             
                    articleDE : https://de.wikipedia.org/wiki/Trinity_United_Methodist_Church_(Denver) &lt;br&gt;              
                    wikidata_link : http://www.wikidata.org/entity/Q7842995</description>
                <styleUrl>#33</styleUrl>
                <Point id="510">
                    <coordinates>-104.986389,39.745278,0.0</coordinates>
                </Point>
            </Placemark>
            <Placemark id="513">
                <name>Town Hall Arts Center</name>
                <description>                    category  : arts center &lt;br&gt;   
                    sitelinks : 3.0 &lt;br&gt;   
                    articleEN : https://en.wikipedia.org/wiki/Town_Hall_Arts_Center &lt;br&gt;             
                    articleDE : https://de.wikipedia.org/wiki/Town_Hall_Arts_Center &lt;br&gt;              
                    wikidata_link : http://www.wikidata.org/entity/Q7829962</description>
                <styleUrl>#33</styleUrl>
                <Point id="512">
                    <coordinates>-105.016389,39.613333,0.0</coordinates>
                </Point>
            </Placemark>
            <Placemark id="515">
                <name>KLZ</name>
                <description>                    category  : radio station &lt;br&gt;   
                    sitelinks : 3.0 &lt;br&gt;   
                    articleEN : https://en.wikipedia.org/wiki/KLZ &lt;br&gt;             
                    articleDE : https://de.wikipedia.org/wiki/KLZ_(H%C3%B6rfunksender) &lt;br&gt;              
                    wikidata_link : http://www.wikidata.org/entity/Q14684757</description>
                <styleUrl>#33</styleUrl>
                <Point id="514">
                    <coordinates>-104.954,39.8433,0.0</coordinates>
                </Point>
            </Placemark>
            <Placemark id="517">
                <name>Tower of Memories</name>
                <description>                    category  : mausoleum &lt;br&gt;   
                    sitelinks : 3.0 &lt;br&gt;   
                    articleEN : https://en.wikipedia.org/wiki/Tower_of_Memories &lt;br&gt;             
                    articleDE : https://de.wikipedia.org/wiki/Tower_of_Memories &lt;br&gt;              
                    wikidata_link : http://www.wikidata.org/entity/Q7829777</description>
                <styleUrl>#33</styleUrl>
                <Point id="516">
                    <coordinates>-105.094722,39.758056,0.0</coordinates>
                </Point>
            </Placemark>
            <Placemark id="519">
                <name>Sloan Lake</name>
                <description>                    category  : lake &lt;br&gt;   
                    sitelinks : 3.0 &lt;br&gt;   
                    articleEN : https://en.wikipedia.org/wiki/Sloan_Lake_(Colorado) &lt;br&gt;             
                    articleDE : https://de.wikipedia.org/wiki/Sloan_Lake_(Colorado) &lt;br&gt;              
                    wikidata_link : http://www.wikidata.org/entity/Q7352210</description>
                <styleUrl>#33</styleUrl>
                <Point id="518">
                    <coordinates>-105.04748333333,39.748877777778,0.0</coordinates>
                </Point>
            </Placemark>
            <Placemark id="521">
                <name>KDMT</name>
                <description>                    category  : radio station &lt;br&gt;   
                    sitelinks : 3.0 &lt;br&gt;   
                    articleEN : https://en.wikipedia.org/wiki/KDMT_(AM) &lt;br&gt;             
                    articleDE : https://de.wikipedia.org/wiki/KDMT &lt;br&gt;              
                    wikidata_link : http://www.wikidata.org/entity/Q6327719</description>
                <styleUrl>#33</styleUrl>
                <Point id="520">
                    <coordinates>-105.075,39.6558,0.0</coordinates>
                </Point>
            </Placemark>
            <Placemark id="523">
                <name>Colorado Supreme Court</name>
                <description>                    category  : supreme court &lt;br&gt;   
                    sitelinks : 3.0 &lt;br&gt;   
                    articleEN : https://en.wikipedia.org/wiki/Colorado_Supreme_Court &lt;br&gt;             
                    articleDE : https://de.wikipedia.org/wiki/Colorado_Supreme_Court &lt;br&gt;              
                    wikidata_link : http://www.wikidata.org/entity/Q5148967</description>
                <styleUrl>#33</styleUrl>
                <Point id="522">
                    <coordinates>-104.987,39.7381,0.0</coordinates>
                </Point>
            </Placemark>
            <Placemark id="525">
                <name>Central Presbyterian Church</name>
                <description>                    category  : church building &lt;br&gt;   
                    sitelinks : 3.0 &lt;br&gt;   
                    articleEN : https://en.wikipedia.org/wiki/Central_Presbyterian_Church_(Denver,_Colorado) &lt;br&gt;             
                    articleDE : https://de.wikipedia.org/wiki/Central_Presbyterian_Church_(Denver) &lt;br&gt;              
                    wikidata_link : http://www.wikidata.org/entity/Q5061699</description>
                <styleUrl>#33</styleUrl>
                <Point id="524">
                    <coordinates>-104.98444543078,39.743032573392,0.0</coordinates>
                </Point>
            </Placemark>
            <Placemark id="527">
                <name>Twister II</name>
                <description>                    category  : wooden roller coaster &lt;br&gt;   
                    sitelinks : 3.0 &lt;br&gt;   
                    articleEN : https://en.wikipedia.org/wiki/Twister_III:_Storm_Chaser &lt;br&gt;             
                    articleDE : https://de.wikipedia.org/wiki/Twister_II &lt;br&gt;              
                    wikidata_link : http://www.wikidata.org/entity/Q1432851</description>
                <styleUrl>#33</styleUrl>
                <Point id="526">
                    <coordinates>-105.014,39.7464,0.0</coordinates>
                </Point>
            </Placemark>
            <Placemark id="529">
                <name>Clyfford Still Museum</name>
                <description>                    category  : art museum &lt;br&gt;   
                    sitelinks : 3.0 &lt;br&gt;   
                    articleEN : https://en.wikipedia.org/wiki/The_Clyfford_Still_Museum &lt;br&gt;             
                    articleDE :  &lt;br&gt;              
                    wikidata_link : http://www.wikidata.org/entity/Q95984747</description>
                <styleUrl>#33</styleUrl>
                <Point id="528">
                    <coordinates>-104.98951275028,39.736979430092,0.0</coordinates>
                </Point>
            </Placemark>
            <Placemark id="531">
                <name>Pioneer Fountain</name>
                <description>                    category  : statue &lt;br&gt;   
                    sitelinks : 3.0 &lt;br&gt;   
                    articleEN : https://en.wikipedia.org/wiki/Pioneer_Fountain &lt;br&gt;             
                    articleDE :  &lt;br&gt;              
                    wikidata_link : http://www.wikidata.org/entity/Q85793411</description>
                <styleUrl>#33</styleUrl>
                <Point id="530">
                    <coordinates>-104.987709,39.740303,0.0</coordinates>
                </Point>
            </Placemark>
            <Placemark id="533">
                <name>International Church of Cannabis</name>
                <description>                    category  : church building &lt;br&gt;   
                    sitelinks : 3.0 &lt;br&gt;   
                    articleEN : https://en.wikipedia.org/wiki/International_Church_of_Cannabis &lt;br&gt;             
                    articleDE :  &lt;br&gt;              
                    wikidata_link : http://www.wikidata.org/entity/Q30314653</description>
                <styleUrl>#33</styleUrl>
                <Point id="532">
                    <coordinates>-104.9823,39.7092,0.0</coordinates>
                </Point>
            </Placemark>
            <Placemark id="535">
                <name>University of Denver Soccer Stadium</name>
                <description>                    category  : association football venue &lt;br&gt;   
                    sitelinks : 3.0 &lt;br&gt;   
                    articleEN : https://en.wikipedia.org/wiki/CIBER_Field_at_the_University_of_Denver_Soccer_Stadium &lt;br&gt;             
                    articleDE :  &lt;br&gt;              
                    wikidata_link : http://www.wikidata.org/entity/Q15206564</description>
                <styleUrl>#33</styleUrl>
                <Point id="534">
                    <coordinates>-104.96327883,39.681466,0.0</coordinates>
                </Point>
            </Placemark>
            <Placemark id="537">
                <name>Johns Manville Plaza</name>
                <description>                    category  : skyscraper &lt;br&gt;   
                    sitelinks : 3.0 &lt;br&gt;   
                    articleEN : https://en.wikipedia.org/wiki/Johns_Manville_Plaza &lt;br&gt;             
                    articleDE :  &lt;br&gt;              
                    wikidata_link : http://www.wikidata.org/entity/Q14684660</description>
                <styleUrl>#33</styleUrl>
                <Point id="536">
                    <coordinates>-104.991,39.7469,0.0</coordinates>
                </Point>
            </Placemark>
            <Placemark id="539">
                <name>Bear Creek</name>
                <description>                    category  : river &lt;br&gt;   
                    sitelinks : 3.0 &lt;br&gt;   
                    articleEN : https://en.wikipedia.org/wiki/Bear_Creek_(Colorado) &lt;br&gt;             
                    articleDE :  &lt;br&gt;              
                    wikidata_link : http://www.wikidata.org/entity/Q14684299</description>
                <styleUrl>#33</styleUrl>
                <Point id="538">
                    <coordinates>-105.01359,39.64999,0.0</coordinates>
                </Point>
            </Placemark>
            <Placemark id="541">
                <name>Paramount Theatre</name>
                <description>                    category  : movie theater &lt;br&gt;   
                    sitelinks : 3.0 &lt;br&gt;   
                    articleEN : https://en.wikipedia.org/wiki/Paramount_Theatre_(Denver) &lt;br&gt;             
                    articleDE :  &lt;br&gt;              
                    wikidata_link : http://www.wikidata.org/entity/Q12065284</description>
                <styleUrl>#33</styleUrl>
                <Point id="540">
                    <coordinates>-104.990208,39.744419,0.0</coordinates>
                </Point>
            </Placemark>
            <Placemark id="543">
                <name>Wings Over the Rockies Air and Space Museum</name>
                <description>                    category  : nonprofit organization &lt;br&gt;   
                    sitelinks : 3.0 &lt;br&gt;   
                    articleEN : https://en.wikipedia.org/wiki/Wings_Over_the_Rockies_Air_and_Space_Museum &lt;br&gt;             
                    articleDE :  &lt;br&gt;              
                    wikidata_link : http://www.wikidata.org/entity/Q8025276</description>
                <styleUrl>#33</styleUrl>
                <Point id="542">
                    <coordinates>-104.896,39.7207,0.0</coordinates>
                </Point>
            </Placemark>
            <Placemark id="545">
                <name>University of Colorado School of Medicine</name>
                <description>                    category  : medical school &lt;br&gt;   
                    sitelinks : 3.0 &lt;br&gt;   
                    articleEN : https://en.wikipedia.org/wiki/University_of_Colorado_School_of_Medicine &lt;br&gt;             
                    articleDE :  &lt;br&gt;              
                    wikidata_link : http://www.wikidata.org/entity/Q7895287</description>
                <styleUrl>#33</styleUrl>
                <Point id="544">
                    <coordinates>-104.83753502,39.74503692,0.0</coordinates>
                </Point>
            </Placemark>
            <Placemark id="547">
                <name>United Western Financial Center</name>
                <description>                    category  : skyscraper &lt;br&gt;   
                    sitelinks : 3.0 &lt;br&gt;   
                    articleEN : https://en.wikipedia.org/wiki/United_Western_Financial_Center &lt;br&gt;             
                    articleDE :  &lt;br&gt;              
                    wikidata_link : http://www.wikidata.org/entity/Q7893648</description>
                <styleUrl>#33</styleUrl>
                <Point id="546">
                    <coordinates>-104.99138888889,39.746111111111,0.0</coordinates>
                </Point>
            </Placemark>
            <Placemark id="549">
                <name>The Art Institute of Colorado</name>
                <description>                    category  : art academy &lt;br&gt;   
                    sitelinks : 3.0 &lt;br&gt;   
                    articleEN : https://en.wikipedia.org/wiki/Art_Institute_of_Colorado &lt;br&gt;             
                    articleDE :  &lt;br&gt;              
                    wikidata_link : http://www.wikidata.org/entity/Q7714374</description>
                <styleUrl>#33</styleUrl>
                <Point id="548">
                    <coordinates>-104.986,39.7356,0.0</coordinates>
                </Point>
            </Placemark>
            <Placemark id="551">
                <name>Temple Emanuel</name>
                <description>                    category  : synagogue &lt;br&gt;   
                    sitelinks : 3.0 &lt;br&gt;   
                    articleEN : https://en.wikipedia.org/wiki/Temple_Emanuel_(Pearl_Street,_Denver) &lt;br&gt;             
                    articleDE :  &lt;br&gt;              
                    wikidata_link : http://www.wikidata.org/entity/Q7698532</description>
                <styleUrl>#33</styleUrl>
                <Point id="550">
                    <coordinates>-104.979722,39.741389,0.0</coordinates>
                </Point>
            </Placemark>
            <Placemark id="553">
                <name>St. Joseph's Roman Catholic Church of Denver</name>
                <description>                    category  : church building &lt;br&gt;   
                    sitelinks : 3.0 &lt;br&gt;   
                    articleEN : https://en.wikipedia.org/wiki/St._Joseph%27s_Roman_Catholic_Church_(Denver) &lt;br&gt;             
                    articleDE :  &lt;br&gt;              
                    wikidata_link : http://www.wikidata.org/entity/Q7589219</description>
                <styleUrl>#33</styleUrl>
                <Point id="552">
                    <coordinates>-104.995556,39.726111,0.0</coordinates>
                </Point>
            </Placemark>
            <Placemark id="555">
                <name>St. Dominic's Church</name>
                <description>                    category  : church building &lt;br&gt;   
                    sitelinks : 3.0 &lt;br&gt;   
                    articleEN : https://en.wikipedia.org/wiki/St._Dominic%27s_Church_(Denver) &lt;br&gt;             
                    articleDE :  &lt;br&gt;              
                    wikidata_link : http://www.wikidata.org/entity/Q7587751</description>
                <styleUrl>#33</styleUrl>
                <Point id="554">
                    <coordinates>-105.025278,39.758889,0.0</coordinates>
                </Point>
            </Placemark>
            <Placemark id="557">
                <name>South High School</name>
                <description>                    category  : high school &lt;br&gt;   
                    sitelinks : 3.0 &lt;br&gt;   
                    articleEN : https://en.wikipedia.org/wiki/South_High_School_(Denver,_Colorado) &lt;br&gt;             
                    articleDE :  &lt;br&gt;              
                    wikidata_link : http://www.wikidata.org/entity/Q7567459</description>
                <styleUrl>#33</styleUrl>
                <Point id="556">
                    <coordinates>-104.966,39.6923,0.0</coordinates>
                </Point>
            </Placemark>
            <Placemark id="559">
                <name>Saint John Vianney Theological Seminary</name>
                <description>                    category  : Catholic seminary &lt;br&gt;   
                    sitelinks : 3.0 &lt;br&gt;   
                    articleEN : https://en.wikipedia.org/wiki/Saint_John_Vianney_Seminary_(Denver) &lt;br&gt;             
                    articleDE :  &lt;br&gt;              
                    wikidata_link : http://www.wikidata.org/entity/Q7401474</description>
                <styleUrl>#33</styleUrl>
                <Point id="558">
                    <coordinates>-104.948,39.6928,0.0</coordinates>
                </Point>
            </Placemark>
            <Placemark id="561">
                <name>Rocky Mountain College of Art and Design</name>
                <description>                    category  : art academy &lt;br&gt;   
                    sitelinks : 3.0 &lt;br&gt;   
                    articleEN : https://en.wikipedia.org/wiki/Rocky_Mountain_College_of_Art_and_Design &lt;br&gt;             
                    articleDE :  &lt;br&gt;              
                    wikidata_link : http://www.wikidata.org/entity/Q7355881</description>
                <styleUrl>#33</styleUrl>
                <Point id="560">
                    <coordinates>-105.07,39.743611,0.0</coordinates>
                </Point>
            </Placemark>
            <Placemark id="563">
                <name>Riverside Cemetery</name>
                <description>                    category  : historic district &lt;br&gt;   
                    sitelinks : 3.0 &lt;br&gt;   
                    articleEN : https://en.wikipedia.org/wiki/Riverside_Cemetery_(Denver) &lt;br&gt;             
                    articleDE :  &lt;br&gt;              
                    wikidata_link : http://www.wikidata.org/entity/Q7338437</description>
                <styleUrl>#33</styleUrl>
                <Point id="562">
                    <coordinates>-104.959167,39.794167,0.0</coordinates>
                </Point>
            </Placemark>
            <Placemark id="565">
                <name>Molly Brown House</name>
                <description>                    category  : house &lt;br&gt;   
                    sitelinks : 3.0 &lt;br&gt;   
                    articleEN : https://en.wikipedia.org/wiki/Molly_Brown_House &lt;br&gt;             
                    articleDE :  &lt;br&gt;              
                    wikidata_link : http://www.wikidata.org/entity/Q6896531</description>
                <styleUrl>#33</styleUrl>
                <Point id="564">
                    <coordinates>-104.980278,39.737222,0.0</coordinates>
                </Point>
            </Placemark>
            <Placemark id="567">
                <name>Masonic Temple Building</name>
                <description>                    category  : masonic temple &lt;br&gt;   
                    sitelinks : 3.0 &lt;br&gt;   
                    articleEN : https://en.wikipedia.org/wiki/Masonic_Temple_Building_(Denver,_Colorado) &lt;br&gt;             
                    articleDE :  &lt;br&gt;              
                    wikidata_link : http://www.wikidata.org/entity/Q6783777</description>
                <styleUrl>#33</styleUrl>
                <Point id="566">
                    <coordinates>-104.990278,39.744444,0.0</coordinates>
                </Point>
            </Placemark>
            <Placemark id="569">
                <name>Lowry Air Force Base</name>
                <description>                    category  : air base &lt;br&gt;   
                    sitelinks : 3.0 &lt;br&gt;   
                    articleEN : https://en.wikipedia.org/wiki/Lowry_Air_Force_Base &lt;br&gt;             
                    articleDE :  &lt;br&gt;              
                    wikidata_link : http://www.wikidata.org/entity/Q6694148</description>
                <styleUrl>#33</styleUrl>
                <Point id="568">
                    <coordinates>-104.8919444,39.72305556,0.0</coordinates>
                </Point>
            </Placemark>
            <Placemark id="571">
                <name>Little Dry Creek</name>
                <description>                    category  : river &lt;br&gt;   
                    sitelinks : 3.0 &lt;br&gt;   
                    articleEN : https://en.wikipedia.org/wiki/Little_Dry_Creek_(Arapahoe_County,_Colorado) &lt;br&gt;             
                    articleDE :  &lt;br&gt;              
                    wikidata_link : http://www.wikidata.org/entity/Q6649857</description>
                <styleUrl>#33</styleUrl>
                <Point id="570">
                    <coordinates>-105.003,39.66,0.0</coordinates>
                </Point>
            </Placemark>
            <Placemark id="573">
                <name>Lakewood Cultural Center</name>
                <description>                    category  : cultural center &lt;br&gt;   
                    sitelinks : 3.0 &lt;br&gt;   
                    articleEN : https://en.wikipedia.org/wiki/Lakewood_Cultural_Center &lt;br&gt;             
                    articleDE :  &lt;br&gt;              
                    wikidata_link : http://www.wikidata.org/entity/Q6479388</description>
                <styleUrl>#33</styleUrl>
                <Point id="572">
                    <coordinates>-105.085,39.7083,0.0</coordinates>
                </Point>
            </Placemark>
            <Placemark id="575">
                <name>Lakeside Amusement Park</name>
                <description>                    category  : amusement park &lt;br&gt;   
                    sitelinks : 3.0 &lt;br&gt;   
                    articleEN : https://en.wikipedia.org/wiki/Lakeside_Amusement_Park &lt;br&gt;             
                    articleDE :  &lt;br&gt;              
                    wikidata_link : http://www.wikidata.org/entity/Q6479071</description>
                <styleUrl>#33</styleUrl>
                <Point id="574">
                    <coordinates>-105.05944444444,39.778333333333,0.0</coordinates>
                </Point>
            </Placemark>
            <Placemark id="577">
                <name>Granite Tower</name>
                <description>                    category  : skyscraper &lt;br&gt;   
                    sitelinks : 3.0 &lt;br&gt;   
                    articleEN : https://en.wikipedia.org/wiki/Granite_Tower_(Denver) &lt;br&gt;             
                    articleDE :  &lt;br&gt;              
                    wikidata_link : http://www.wikidata.org/entity/Q5595938</description>
                <styleUrl>#33</styleUrl>
                <Point id="576">
                    <coordinates>-104.992,39.7499,0.0</coordinates>
                </Point>
            </Placemark>
            <Placemark id="579">
                <name>Fort Logan National Cemetery</name>
                <description>                    category  : military cemetery &lt;br&gt;   
                    sitelinks : 3.0 &lt;br&gt;   
                    articleEN : https://en.wikipedia.org/wiki/Fort_Logan_National_Cemetery &lt;br&gt;             
                    articleDE :  &lt;br&gt;              
                    wikidata_link : http://www.wikidata.org/entity/Q5471539</description>
                <styleUrl>#33</styleUrl>
                <Point id="578">
                    <coordinates>-105.04122777778,39.645155555556,0.0</coordinates>
                </Point>
            </Placemark>
            <Placemark id="581">
                <name>Fillmore Auditorium</name>
                <description>                    category  : sports venue &lt;br&gt;   
                    sitelinks : 3.0 &lt;br&gt;   
                    articleEN : https://en.wikipedia.org/wiki/Fillmore_Auditorium_(Denver) &lt;br&gt;             
                    articleDE :  &lt;br&gt;              
                    wikidata_link : http://www.wikidata.org/entity/Q5448849</description>
                <styleUrl>#33</styleUrl>
                <Point id="580">
                    <coordinates>-104.97724,39.74038,0.0</coordinates>
                </Point>
            </Placemark>
            <Placemark id="583">
                <name>Federal Correctional Institution, Englewood</name>
                <description>                    category  : United States federal prison &lt;br&gt;   
                    sitelinks : 3.0 &lt;br&gt;   
                    articleEN : https://en.wikipedia.org/wiki/Federal_Correctional_Institution,_Englewood &lt;br&gt;             
                    articleDE :  &lt;br&gt;              
                    wikidata_link : http://www.wikidata.org/entity/Q5440113</description>
                <styleUrl>#33</styleUrl>
                <Point id="582">
                    <coordinates>-105.105,39.6417,0.0</coordinates>
                </Point>
            </Placemark>
            <Placemark id="585">
                <name>Fairmount Mausoleum</name>
                <description>                    category  : mausoleum &lt;br&gt;   
                    sitelinks : 3.0 &lt;br&gt;   
                    articleEN : https://en.wikipedia.org/wiki/Fairmount_Mausoleum_(Denver) &lt;br&gt;             
                    articleDE :  &lt;br&gt;              
                    wikidata_link : http://www.wikidata.org/entity/Q5430649</description>
                <styleUrl>#33</styleUrl>
                <Point id="584">
                    <coordinates>-104.893,39.7053,0.0</coordinates>
                </Point>
            </Placemark>
            <Placemark id="587">
                <name>Fairmount Cemetery</name>
                <description>                    category  : cemetery &lt;br&gt;   
                    sitelinks : 3.0 &lt;br&gt;   
                    articleEN : https://en.wikipedia.org/wiki/Fairmount_Cemetery_(Denver) &lt;br&gt;             
                    articleDE :  &lt;br&gt;              
                    wikidata_link : http://www.wikidata.org/entity/Q5430638</description>
                <styleUrl>#33</styleUrl>
                <Point id="586">
                    <coordinates>-104.897,39.7053,0.0</coordinates>
                </Point>
            </Placemark>
            <Placemark id="589">
                <name>Evans Memorial Chapel</name>
                <description>                    category  : chapel &lt;br&gt;   
                    sitelinks : 3.0 &lt;br&gt;   
                    articleEN : https://en.wikipedia.org/wiki/Evans_Memorial_Chapel &lt;br&gt;             
                    articleDE :  &lt;br&gt;              
                    wikidata_link : http://www.wikidata.org/entity/Q5415935</description>
                <styleUrl>#33</styleUrl>
                <Point id="588">
                    <coordinates>-104.96305555556,39.676666666667,0.0</coordinates>
                </Point>
            </Placemark>
            <Placemark id="591">
                <name>Elitch Theatre</name>
                <description>                    category  : theatre building &lt;br&gt;   
                    sitelinks : 3.0 &lt;br&gt;   
                    articleEN : https://en.wikipedia.org/wiki/Elitch_Theatre &lt;br&gt;             
                    articleDE :  &lt;br&gt;              
                    wikidata_link : http://www.wikidata.org/entity/Q5361887</description>
                <styleUrl>#33</styleUrl>
                <Point id="590">
                    <coordinates>-105.046111,39.768333,0.0</coordinates>
                </Point>
            </Placemark>
            <Placemark id="593">
                <name>Downtown</name>
                <description>                    category  : central business district &lt;br&gt;   
                    sitelinks : 3.0 &lt;br&gt;   
                    articleEN : https://en.wikipedia.org/wiki/Downtown_Denver &lt;br&gt;             
                    articleDE :  &lt;br&gt;              
                    wikidata_link : http://www.wikidata.org/entity/Q5303415</description>
                <styleUrl>#33</styleUrl>
                <Point id="592">
                    <coordinates>-104.993,39.7459,0.0</coordinates>
                </Point>
            </Placemark>
            <Placemark id="595">
                <name>Dominion Plaza</name>
                <description>                    category  : skyscraper &lt;br&gt;   
                    sitelinks : 3.0 &lt;br&gt;   
                    articleEN : https://en.wikipedia.org/wiki/Dominion_Plaza &lt;br&gt;             
                    articleDE :  &lt;br&gt;              
                    wikidata_link : http://www.wikidata.org/entity/Q5291065</description>
                <styleUrl>#33</styleUrl>
                <Point id="594">
                    <coordinates>-104.99111111111,39.745,0.0</coordinates>
                </Point>
            </Placemark>
            <Placemark id="597">
                <name>Denver Federal Center</name>
                <description>                    category  : campus &lt;br&gt;   
                    sitelinks : 3.0 &lt;br&gt;   
                    articleEN : https://en.wikipedia.org/wiki/Denver_Federal_Center &lt;br&gt;             
                    articleDE :  &lt;br&gt;              
                    wikidata_link : http://www.wikidata.org/entity/Q5259722</description>
                <styleUrl>#33</styleUrl>
                <Point id="596">
                    <coordinates>-105.121,39.7196,0.0</coordinates>
                </Point>
            </Placemark>
            <Placemark id="599">
                <name>Denver Coliseum</name>
                <description>                    category  : sports venue &lt;br&gt;   
                    sitelinks : 3.0 &lt;br&gt;   
                    articleEN : https://en.wikipedia.org/wiki/Denver_Coliseum &lt;br&gt;             
                    articleDE :  &lt;br&gt;              
                    wikidata_link : http://www.wikidata.org/entity/Q5259698</description>
                <styleUrl>#33</styleUrl>
                <Point id="598">
                    <coordinates>-104.9707305,39.7791279,0.0</coordinates>
                </Point>
            </Placemark>
            <Placemark id="601">
                <name>Denver Auditorium Arena</name>
                <description>                    category  : arena &lt;br&gt;   
                    sitelinks : 3.0 &lt;br&gt;   
                    articleEN : https://en.wikipedia.org/wiki/Denver_Auditorium_Arena &lt;br&gt;             
                    articleDE :  &lt;br&gt;              
                    wikidata_link : http://www.wikidata.org/entity/Q5259672</description>
                <styleUrl>#33</styleUrl>
                <Point id="600">
                    <coordinates>-104.9975,39.744444,0.0</coordinates>
                </Point>
            </Placemark>
            <Placemark id="603">
                <name>Community College of Denver</name>
                <description>                    category  : public educational institution of the United States &lt;br&gt;   
                    sitelinks : 3.0 &lt;br&gt;   
                    articleEN : https://en.wikipedia.org/wiki/Community_College_of_Denver &lt;br&gt;             
                    articleDE :  &lt;br&gt;              
                    wikidata_link : http://www.wikidata.org/entity/Q5154691</description>
                <styleUrl>#33</styleUrl>
                <Point id="602">
                    <coordinates>-105.003,39.741,0.0</coordinates>
                </Point>
            </Placemark>
            <Placemark id="605">
                <name>Colorado Heights University</name>
                <description>                    category  : private not-for-profit educational institution &lt;br&gt;   
                    sitelinks : 3.0 &lt;br&gt;   
                    articleEN : https://en.wikipedia.org/wiki/Colorado_Heights_University &lt;br&gt;             
                    articleDE :  &lt;br&gt;              
                    wikidata_link : http://www.wikidata.org/entity/Q5148817</description>
                <styleUrl>#33</styleUrl>
                <Point id="604">
                    <coordinates>-105.028,39.6615,0.0</coordinates>
                </Point>
            </Placemark>
            <Placemark id="607">
                <name>Civic Center Park</name>
                <description>                    category  : park &lt;br&gt;   
                    sitelinks : 3.0 &lt;br&gt;   
                    articleEN : https://en.wikipedia.org/wiki/Denver_Civic_Center &lt;br&gt;             
                    articleDE :  &lt;br&gt;              
                    wikidata_link : http://www.wikidata.org/entity/Q5124271</description>
                <styleUrl>#33</styleUrl>
                <Point id="606">
                    <coordinates>-104.989,39.7394,0.0</coordinates>
                </Point>
            </Placemark>
            <Placemark id="609">
                <name>Cherry Creek Dam</name>
                <description>                    category  : dam &lt;br&gt;   
                    sitelinks : 3.0 &lt;br&gt;   
                    articleEN : https://en.wikipedia.org/wiki/Cherry_Creek_Dam &lt;br&gt;             
                    articleDE :  &lt;br&gt;              
                    wikidata_link : http://www.wikidata.org/entity/Q5092322</description>
                <styleUrl>#33</styleUrl>
                <Point id="608">
                    <coordinates>-104.85525,39.65138,0.0</coordinates>
                </Point>
            </Placemark>
            <Placemark id="611">
                <name>Chapel No. 1</name>
                <description>                    category  : chapel &lt;br&gt;   
                    sitelinks : 3.0 &lt;br&gt;   
                    articleEN : https://en.wikipedia.org/wiki/Chapel_No._1 &lt;br&gt;             
                    articleDE :  &lt;br&gt;              
                    wikidata_link : http://www.wikidata.org/entity/Q5073038</description>
                <styleUrl>#33</styleUrl>
                <Point id="610">
                    <coordinates>-104.901111,39.721111,0.0</coordinates>
                </Point>
            </Placemark>
            <Placemark id="613">
                <name>Cathedral of St. John in the Wilderness</name>
                <description>                    category  : Anglican or Episcopal cathedral &lt;br&gt;   
                    sitelinks : 3.0 &lt;br&gt;   
                    articleEN : https://en.wikipedia.org/wiki/Cathedral_of_St._John_in_the_Wilderness &lt;br&gt;             
                    articleDE :  &lt;br&gt;              
                    wikidata_link : http://www.wikidata.org/entity/Q5052395</description>
                <styleUrl>#33</styleUrl>
                <Point id="612">
                    <coordinates>-104.9775,39.737778,0.0</coordinates>
                </Point>
            </Placemark>
            <Placemark id="615">
                <name>Cableland</name>
                <description>                    category  : official residence &lt;br&gt;   
                    sitelinks : 3.0 &lt;br&gt;   
                    articleEN : https://en.wikipedia.org/wiki/Cableland &lt;br&gt;             
                    articleDE :  &lt;br&gt;              
                    wikidata_link : http://www.wikidata.org/entity/Q5015703</description>
                <styleUrl>#33</styleUrl>
                <Point id="614">
                    <coordinates>-104.939,39.7136,0.0</coordinates>
                </Point>
            </Placemark>
            <Placemark id="617">
                <name>Boston Building</name>
                <description>                    category  : commercial building &lt;br&gt;   
                    sitelinks : 3.0 &lt;br&gt;   
                    articleEN : https://en.wikipedia.org/wiki/Boston_Building &lt;br&gt;             
                    articleDE :  &lt;br&gt;              
                    wikidata_link : http://www.wikidata.org/entity/Q4947785</description>
                <styleUrl>#33</styleUrl>
                <Point id="616">
                    <coordinates>-104.9925,39.746944,0.0</coordinates>
                </Point>
            </Placemark>
            <Placemark id="619">
                <name>Anschutz Medical Campus</name>
                <description>                    category  : campus &lt;br&gt;   
                    sitelinks : 3.0 &lt;br&gt;   
                    articleEN : https://en.wikipedia.org/wiki/University_of_Colorado_Anschutz &lt;br&gt;             
                    articleDE :  &lt;br&gt;              
                    wikidata_link : http://www.wikidata.org/entity/Q4770537</description>
                <styleUrl>#33</styleUrl>
                <Point id="618">
                    <coordinates>-104.838,39.7451,0.0</coordinates>
                </Point>
            </Placemark>
            <Placemark id="621">
                <name>707 17th Street</name>
                <description>                    category  : building &lt;br&gt;   
                    sitelinks : 3.0 &lt;br&gt;   
                    articleEN : https://en.wikipedia.org/wiki/707_17th_Street &lt;br&gt;             
                    articleDE :  &lt;br&gt;              
                    wikidata_link : http://www.wikidata.org/entity/Q4642996</description>
                <styleUrl>#33</styleUrl>
                <Point id="620">
                    <coordinates>-104.99,39.7471,0.0</coordinates>
                </Point>
            </Placemark>
            <Placemark id="623">
                <name>633 17th Street</name>
                <description>                    category  : skyscraper &lt;br&gt;   
                    sitelinks : 3.0 &lt;br&gt;   
                    articleEN : https://en.wikipedia.org/wiki/633_17th_Street &lt;br&gt;             
                    articleDE :  &lt;br&gt;              
                    wikidata_link : http://www.wikidata.org/entity/Q4641918</description>
                <styleUrl>#33</styleUrl>
                <Point id="622">
                    <coordinates>-104.989919,39.746599,0.0</coordinates>
                </Point>
            </Placemark>
            <Placemark id="625">
                <name>621 17th Street</name>
                <description>                    category  : skyscraper &lt;br&gt;   
                    sitelinks : 3.0 &lt;br&gt;   
                    articleEN : https://en.wikipedia.org/wiki/621_17th_Street &lt;br&gt;             
                    articleDE :  &lt;br&gt;              
                    wikidata_link : http://www.wikidata.org/entity/Q4641833</description>
                <styleUrl>#33</styleUrl>
                <Point id="624">
                    <coordinates>-104.99007,39.745867,0.0</coordinates>
                </Point>
            </Placemark>
            <Placemark id="627">
                <name>17th Street Plaza</name>
                <description>                    category  : skyscraper &lt;br&gt;   
                    sitelinks : 3.0 &lt;br&gt;   
                    articleEN : https://en.wikipedia.org/wiki/17th_Street_Plaza &lt;br&gt;             
                    articleDE :  &lt;br&gt;              
                    wikidata_link : http://www.wikidata.org/entity/Q4553686</description>
                <styleUrl>#33</styleUrl>
                <Point id="626">
                    <coordinates>-104.995,39.7503,0.0</coordinates>
                </Point>
            </Placemark>
            <Placemark id="629">
                <name>Josef Korbel School of International Studies</name>
                <description>                    category  : academic institution &lt;br&gt;   
                    sitelinks : 3.0 &lt;br&gt;   
                    articleEN : https://en.wikipedia.org/wiki/Josef_Korbel_School_of_International_Studies &lt;br&gt;             
                    articleDE :  &lt;br&gt;              
                    wikidata_link : http://www.wikidata.org/entity/Q3577962</description>
                <styleUrl>#33</styleUrl>
                <Point id="628">
                    <coordinates>-104.962,39.6783,0.0</coordinates>
                </Point>
            </Placemark>
            <Placemark id="631">
                <name>Ralston Creek</name>
                <description>                    category  : river &lt;br&gt;   
                    sitelinks : 3.0 &lt;br&gt;   
                    articleEN : https://en.wikipedia.org/wiki/Ralston_Creek_(Colorado) &lt;br&gt;             
                    articleDE :  &lt;br&gt;              
                    wikidata_link : http://www.wikidata.org/entity/Q3418317</description>
                <styleUrl>#33</styleUrl>
                <Point id="630">
                    <coordinates>-105.054,39.7981,0.0</coordinates>
                </Point>
            </Placemark>
            <Placemark id="633">
                <name>AdventHealth Porter</name>
                <description>                    category  : non-profit hospital &lt;br&gt;   
                    sitelinks : 3.0 &lt;br&gt;   
                    articleEN : https://en.wikipedia.org/wiki/AdventHealth_Porter &lt;br&gt;             
                    articleDE :  &lt;br&gt;              
                    wikidata_link : http://www.wikidata.org/entity/Q3145247</description>
                <styleUrl>#33</styleUrl>
                <Point id="632">
                    <coordinates>-104.975,39.6703,0.0</coordinates>
                </Point>
            </Placemark>
            <Placemark id="635">
                <name>Denver Performing Arts Complex</name>
                <description>                    category  : performing arts center &lt;br&gt;   
                    sitelinks : 3.0 &lt;br&gt;   
                    articleEN : https://en.wikipedia.org/wiki/Denver_Performing_Arts_Complex &lt;br&gt;             
                    articleDE :  &lt;br&gt;              
                    wikidata_link : http://www.wikidata.org/entity/Q3023372</description>
                <styleUrl>#33</styleUrl>
                <Point id="634">
                    <coordinates>-104.997,39.7444,0.0</coordinates>
                </Point>
            </Placemark>
            <Placemark id="637">
                <name>Daniels &amp; Fisher Tower</name>
                <description>                    category  : commercial building &lt;br&gt;   
                    sitelinks : 3.0 &lt;br&gt;   
                    articleEN : https://en.wikipedia.org/wiki/Daniels_%26_Fisher_Tower &lt;br&gt;             
                    articleDE :  &lt;br&gt;              
                    wikidata_link : http://www.wikidata.org/entity/Q901770</description>
                <styleUrl>#33</styleUrl>
                <Point id="636">
                    <coordinates>-104.995278,39.748333,0.0</coordinates>
                </Point>
            </Placemark>
            <Placemark id="639">
                <name>16th Street Mall</name>
                <description>                    category  : pedestrian zone &lt;br&gt;   
                    sitelinks : 3.0 &lt;br&gt;   
                    articleEN : https://en.wikipedia.org/wiki/16th_Street_Mall &lt;br&gt;             
                    articleDE :  &lt;br&gt;              
                    wikidata_link : http://www.wikidata.org/entity/Q527049</description>
                <styleUrl>#33</styleUrl>
                <Point id="638">
                    <coordinates>-104.997,39.7486,0.0</coordinates>
                </Point>
            </Placemark>
            <Placemark id="641">
                <name>Denver Museum of Miniatures, Dolls and Toys</name>
                <description>                    category  : doll museum &lt;br&gt;   
                    sitelinks : 4.0 &lt;br&gt;   
                    articleEN : https://en.wikipedia.org/wiki/Denver_Museum_of_Miniatures,_Dolls_and_Toys &lt;br&gt;             
                    articleDE : https://de.wikipedia.org/wiki/Denver_Museum_of_Miniatures,_Dolls_and_Toys &lt;br&gt;              
                    wikidata_link : http://www.wikidata.org/entity/Q5259750</description>
                <styleUrl>#33</styleUrl>
                <Point id="640">
                    <coordinates>-105.109007,39.730085,0.0</coordinates>
                </Point>
            </Placemark>
            <Placemark id="643">
                <name>Richthofen Castle</name>
                <description>                    category  : mansion &lt;br&gt;   
                    sitelinks : 4.0 &lt;br&gt;   
                    articleEN : https://en.wikipedia.org/wiki/Richthofen_Castle &lt;br&gt;             
                    articleDE :  &lt;br&gt;              
                    wikidata_link : http://www.wikidata.org/entity/Q30622005</description>
                <styleUrl>#33</styleUrl>
                <Point id="642">
                    <coordinates>-104.90611111,39.73527778,0.0</coordinates>
                </Point>
            </Placemark>
            <Placemark id="645">
                <name>Larimer Square</name>
                <description>                    category  : city block &lt;br&gt;   
                    sitelinks : 4.0 &lt;br&gt;   
                    articleEN : https://en.wikipedia.org/wiki/Larimer_Square,_Denver &lt;br&gt;             
                    articleDE :  &lt;br&gt;              
                    wikidata_link : http://www.wikidata.org/entity/Q30590441</description>
                <styleUrl>#33</styleUrl>
                <Point id="644">
                    <coordinates>-104.99944444444,39.747777777778,0.0</coordinates>
                </Point>
            </Placemark>
            <Placemark id="647">
                <name>Museum of Contemporary Art Denver</name>
                <description>                    category  : nonprofit organization &lt;br&gt;   
                    sitelinks : 4.0 &lt;br&gt;   
                    articleEN : https://en.wikipedia.org/wiki/Museum_of_Contemporary_Art_Denver &lt;br&gt;             
                    articleDE :  &lt;br&gt;              
                    wikidata_link : http://www.wikidata.org/entity/Q16895577</description>
                <styleUrl>#33</styleUrl>
                <Point id="646">
                    <coordinates>-105.004,39.7525,0.0</coordinates>
                </Point>
            </Placemark>
            <Placemark id="649">
                <name>St. Ignatius Loyola Church</name>
                <description>                    category  : church building &lt;br&gt;   
                    sitelinks : 4.0 &lt;br&gt;   
                    articleEN : https://en.wikipedia.org/wiki/St._Ignatius_Loyola_Church_(Denver) &lt;br&gt;             
                    articleDE :  &lt;br&gt;              
                    wikidata_link : http://www.wikidata.org/entity/Q7588361</description>
                <styleUrl>#33</styleUrl>
                <Point id="648">
                    <coordinates>-104.959722,39.751389,0.0</coordinates>
                </Point>
            </Placemark>
            <Placemark id="651">
                <name>Spire</name>
                <description>                    category  : skyscraper &lt;br&gt;   
                    sitelinks : 4.0 &lt;br&gt;   
                    articleEN : https://en.wikipedia.org/wiki/Spire_(Denver) &lt;br&gt;             
                    articleDE :  &lt;br&gt;              
                    wikidata_link : http://www.wikidata.org/entity/Q7577797</description>
                <styleUrl>#33</styleUrl>
                <Point id="650">
                    <coordinates>-104.996,39.7446,0.0</coordinates>
                </Point>
            </Placemark>
            <Placemark id="653">
                <name>Rocky Mountain Arsenal</name>
                <description>                    category  : factory &lt;br&gt;   
                    sitelinks : 4.0 &lt;br&gt;   
                    articleEN : https://en.wikipedia.org/wiki/Rocky_Mountain_Arsenal &lt;br&gt;             
                    articleDE :  &lt;br&gt;              
                    wikidata_link : http://www.wikidata.org/entity/Q7355871</description>
                <styleUrl>#33</styleUrl>
                <Point id="652">
                    <coordinates>-104.859,39.8283,0.0</coordinates>
                </Point>
            </Placemark>
            <Placemark id="655">
                <name>National Jewish Health</name>
                <description>                    category  : research institute &lt;br&gt;   
                    sitelinks : 4.0 &lt;br&gt;   
                    articleEN : https://en.wikipedia.org/wiki/National_Jewish_Health &lt;br&gt;             
                    articleDE :  &lt;br&gt;              
                    wikidata_link : http://www.wikidata.org/entity/Q6973875</description>
                <styleUrl>#33</styleUrl>
                <Point id="654">
                    <coordinates>-104.942,39.7391,0.0</coordinates>
                </Point>
            </Placemark>
            <Placemark id="657">
                <name>Nan Desu Kan</name>
                <description>                    category  : recurring event &lt;br&gt;   
                    sitelinks : 4.0 &lt;br&gt;   
                    articleEN : https://en.wikipedia.org/wiki/Nan_Desu_Kan &lt;br&gt;             
                    articleDE :  &lt;br&gt;              
                    wikidata_link : http://www.wikidata.org/entity/Q6962193</description>
                <styleUrl>#33</styleUrl>
                <Point id="656">
                    <coordinates>-104.90166667,39.62666667,0.0</coordinates>
                </Point>
            </Placemark>
            <Placemark id="659">
                <name>Hyatt Regency Denver at Colorado Convention Center</name>
                <description>                    category  : skyscraper &lt;br&gt;   
                    sitelinks : 4.0 &lt;br&gt;   
                    articleEN : https://en.wikipedia.org/wiki/Hyatt_Regency_Denver_at_the_Colorado_Convention_Center &lt;br&gt;             
                    articleDE :  &lt;br&gt;              
                    wikidata_link : http://www.wikidata.org/entity/Q5952883</description>
                <styleUrl>#33</styleUrl>
                <Point id="658">
                    <coordinates>-104.99361111111,39.743611111111,0.0</coordinates>
                </Point>
            </Placemark>
            <Placemark id="661">
                <name>Dupont</name>
                <description>                    category  : unincorporated community in the United States &lt;br&gt;   
                    sitelinks : 4.0 &lt;br&gt;   
                    articleEN : https://en.wikipedia.org/wiki/Dupont,_Colorado &lt;br&gt;             
                    articleDE :  &lt;br&gt;              
                    wikidata_link : http://www.wikidata.org/entity/Q5316033</description>
                <styleUrl>#33</styleUrl>
                <Point id="660">
                    <coordinates>-104.912,39.8381,0.0</coordinates>
                </Point>
            </Placemark>
            <Placemark id="663">
                <name>Denver Public Library</name>
                <description>                    category  : library network &lt;br&gt;   
                    sitelinks : 4.0 &lt;br&gt;   
                    articleEN : https://en.wikipedia.org/wiki/Denver_Public_Library &lt;br&gt;             
                    articleDE :  &lt;br&gt;              
                    wikidata_link : http://www.wikidata.org/entity/Q5259775</description>
                <styleUrl>#33</styleUrl>
                <Point id="662">
                    <coordinates>-104.988056,39.7375,0.0</coordinates>
                </Point>
            </Placemark>
            <Placemark id="665">
                <name>Denver Formation</name>
                <description>                    category  : geological formation &lt;br&gt;   
                    sitelinks : 4.0 &lt;br&gt;   
                    articleEN : https://en.wikipedia.org/wiki/Denver_Formation &lt;br&gt;             
                    articleDE :  &lt;br&gt;              
                    wikidata_link : http://www.wikidata.org/entity/Q5259726</description>
                <styleUrl>#33</styleUrl>
                <Point id="664">
                    <coordinates>-104.98,39.74,0.0</coordinates>
                </Point>
            </Placemark>
            <Placemark id="667">
                <name>Capitol Hill</name>
                <description>                    category  : gay village &lt;br&gt;   
                    sitelinks : 4.0 &lt;br&gt;   
                    articleEN : https://en.wikipedia.org/wiki/Capitol_Hill,_Denver &lt;br&gt;             
                    articleDE :  &lt;br&gt;              
                    wikidata_link : http://www.wikidata.org/entity/Q5035880</description>
                <styleUrl>#33</styleUrl>
                <Point id="666">
                    <coordinates>-104.983,39.7333,0.0</coordinates>
                </Point>
            </Placemark>
            <Placemark id="669">
                <name>Adams City</name>
                <description>                    category  : unincorporated community in the United States &lt;br&gt;   
                    sitelinks : 4.0 &lt;br&gt;   
                    articleEN : https://en.wikipedia.org/wiki/Adams_City,_Colorado &lt;br&gt;             
                    articleDE :  &lt;br&gt;              
                    wikidata_link : http://www.wikidata.org/entity/Q4680311</description>
                <styleUrl>#33</styleUrl>
                <Point id="668">
                    <coordinates>-104.92888888889,39.826666666667,0.0</coordinates>
                </Point>
            </Placemark>
            <Placemark id="671">
                <name>19th Street Bridge</name>
                <description>                    category  : truss bridge &lt;br&gt;   
                    sitelinks : 4.0 &lt;br&gt;   
                    articleEN : https://en.wikipedia.org/wiki/19th_Street_Bridge &lt;br&gt;             
                    articleDE :  &lt;br&gt;              
                    wikidata_link : http://www.wikidata.org/entity/Q4595824</description>
                <styleUrl>#33</styleUrl>
                <Point id="670">
                    <coordinates>-105.003333,39.76,0.0</coordinates>
                </Point>
            </Placemark>
            <Placemark id="673">
                <name>1999 Broadway</name>
                <description>                    category  : skyscraper &lt;br&gt;   
                    sitelinks : 4.0 &lt;br&gt;   
                    articleEN : https://en.wikipedia.org/wiki/1999_Broadway &lt;br&gt;             
                    articleDE :  &lt;br&gt;              
                    wikidata_link : http://www.wikidata.org/entity/Q4594548</description>
                <styleUrl>#33</styleUrl>
                <Point id="672">
                    <coordinates>-104.988,39.7478,0.0</coordinates>
                </Point>
            </Placemark>
            <Placemark id="675">
                <name>1670 Broadway</name>
                <description>                    category  : skyscraper &lt;br&gt;   
                    sitelinks : 4.0 &lt;br&gt;   
                    articleEN : https://en.wikipedia.org/wiki/1670_Broadway &lt;br&gt;             
                    articleDE :  &lt;br&gt;              
                    wikidata_link : http://www.wikidata.org/entity/Q4551716</description>
                <styleUrl>#33</styleUrl>
                <Point id="674">
                    <coordinates>-104.987,39.7429,0.0</coordinates>
                </Point>
            </Placemark>
            <Placemark id="677">
                <name>Washington Park</name>
                <description>                    category  : historic district &lt;br&gt;   
                    sitelinks : 4.0 &lt;br&gt;   
                    articleEN : https://en.wikipedia.org/wiki/Washington_Park,_Denver &lt;br&gt;             
                    articleDE :  &lt;br&gt;              
                    wikidata_link : http://www.wikidata.org/entity/Q3566514</description>
                <styleUrl>#33</styleUrl>
                <Point id="676">
                    <coordinates>-104.971,39.7,0.0</coordinates>
                </Point>
            </Placemark>
            <Placemark id="679">
                <name>One Tabor Center</name>
                <description>                    category  : skyscraper &lt;br&gt;   
                    sitelinks : 4.0 &lt;br&gt;   
                    articleEN : https://en.wikipedia.org/wiki/One_Tabor_Center &lt;br&gt;             
                    articleDE :  &lt;br&gt;              
                    wikidata_link : http://www.wikidata.org/entity/Q3352653</description>
                <styleUrl>#33</styleUrl>
                <Point id="678">
                    <coordinates>-104.99611111111,39.749166666667,0.0</coordinates>
                </Point>
            </Placemark>
            <Placemark id="681">
                <name>Confluence Park</name>
                <description>                    category  : park &lt;br&gt;   
                    sitelinks : 4.0 &lt;br&gt;   
                    articleEN : https://en.wikipedia.org/wiki/Confluence_Park &lt;br&gt;             
                    articleDE :  &lt;br&gt;              
                    wikidata_link : http://www.wikidata.org/entity/Q2992562</description>
                <styleUrl>#33</styleUrl>
                <Point id="680">
                    <coordinates>-105.00778,39.75472,0.0</coordinates>
                </Point>
            </Placemark>
            <Placemark id="683">
                <name>City Park</name>
                <description>                    category  : historic district &lt;br&gt;   
                    sitelinks : 4.0 &lt;br&gt;   
                    articleEN : https://en.wikipedia.org/wiki/City_Park,_Denver &lt;br&gt;             
                    articleDE :  &lt;br&gt;              
                    wikidata_link : http://www.wikidata.org/entity/Q2974574</description>
                <styleUrl>#33</styleUrl>
                <Point id="682">
                    <coordinates>-104.950556,39.747222,0.0</coordinates>
                </Point>
            </Placemark>
            <Placemark id="685">
                <name>Great American Beer Festival</name>
                <description>                    category  : beer festival &lt;br&gt;   
                    sitelinks : 4.0 &lt;br&gt;   
                    articleEN : https://en.wikipedia.org/wiki/Great_American_Beer_Festival &lt;br&gt;             
                    articleDE :  &lt;br&gt;              
                    wikidata_link : http://www.wikidata.org/entity/Q1864870</description>
                <styleUrl>#33</styleUrl>
                <Point id="684">
                    <coordinates>-105.13530555556,39.764530555556,0.0</coordinates>
                </Point>
            </Placemark>
            <Placemark id="687">
                <name>Colorado Convention Center</name>
                <description>                    category  : stadium &lt;br&gt;   
                    sitelinks : 4.0 &lt;br&gt;   
                    articleEN : https://en.wikipedia.org/wiki/Colorado_Convention_Center &lt;br&gt;             
                    articleDE :  &lt;br&gt;              
                    wikidata_link : http://www.wikidata.org/entity/Q573848</description>
                <styleUrl>#33</styleUrl>
                <Point id="686">
                    <coordinates>-104.996,39.7419,0.0</coordinates>
                </Point>
            </Placemark>
        </Folder>
        <Folder id="14">
            <name>B</name>
            <Placemark id="689">
                <name>Ellie Caulkins Opera House</name>
                <description>                    category  : theatre building &lt;br&gt;   
                    sitelinks : 5.0 &lt;br&gt;   
                    articleEN : https://en.wikipedia.org/wiki/Ellie_Caulkins_Opera_House &lt;br&gt;             
                    articleDE : https://de.wikipedia.org/wiki/Ellie_Caulkins_Opera_House &lt;br&gt;              
                    wikidata_link : http://www.wikidata.org/entity/Q3051472</description>
                <styleUrl>#29</styleUrl>
                <Point id="688">
                    <coordinates>-104.998,39.7447,0.0</coordinates>
                </Point>
            </Placemark>
            <Placemark id="691">
                <name>Elitch Gardens Theme Park</name>
                <description>                    category  : amusement park &lt;br&gt;   
                    sitelinks : 5.0 &lt;br&gt;   
                    articleEN : https://en.wikipedia.org/wiki/Elitch_Gardens_Theme_Park &lt;br&gt;             
                    articleDE : https://de.wikipedia.org/wiki/Elitch_Gardens &lt;br&gt;              
                    wikidata_link : http://www.wikidata.org/entity/Q3051155</description>
                <styleUrl>#29</styleUrl>
                <Point id="690">
                    <coordinates>-105.01111111111,39.750555555556,0.0</coordinates>
                </Point>
            </Placemark>
            <Placemark id="693">
                <name>Grand Prix of Denver</name>
                <description>                    category  : recurring sporting event &lt;br&gt;   
                    sitelinks : 5.0 &lt;br&gt;   
                    articleEN : https://en.wikipedia.org/wiki/Grand_Prix_of_Denver &lt;br&gt;             
                    articleDE : https://de.wikipedia.org/wiki/Streets_of_Denver_(Pepsi_Center) &lt;br&gt;              
                    wikidata_link : http://www.wikidata.org/entity/Q689010</description>
                <styleUrl>#29</styleUrl>
                <Point id="692">
                    <coordinates>-105.006,39.7467,0.0</coordinates>
                </Point>
            </Placemark>
            <Placemark id="695">
                <name>American Raptors</name>
                <description>                    category  : rugby union team &lt;br&gt;   
                    sitelinks : 5.0 &lt;br&gt;   
                    articleEN : https://en.wikipedia.org/wiki/American_Raptors &lt;br&gt;             
                    articleDE :  &lt;br&gt;              
                    wikidata_link : http://www.wikidata.org/entity/Q48861120</description>
                <styleUrl>#29</styleUrl>
                <Point id="694">
                    <coordinates>-104.93496660201,39.69732418594,0.0</coordinates>
                </Point>
            </Placemark>
            <Placemark id="697">
                <name>Infinity Park</name>
                <description>                    category  : stadium &lt;br&gt;   
                    sitelinks : 5.0 &lt;br&gt;   
                    articleEN : https://en.wikipedia.org/wiki/Infinity_Park &lt;br&gt;             
                    articleDE :  &lt;br&gt;              
                    wikidata_link : http://www.wikidata.org/entity/Q14684631</description>
                <styleUrl>#29</styleUrl>
                <Point id="696">
                    <coordinates>-104.935,39.6992,0.0</coordinates>
                </Point>
            </Placemark>
            <Placemark id="699">
                <name>Temple Sinai</name>
                <description>                    category  : synagogue &lt;br&gt;   
                    sitelinks : 5.0 &lt;br&gt;   
                    articleEN : https://en.wikipedia.org/wiki/Temple_Sinai_(Denver) &lt;br&gt;             
                    articleDE :  &lt;br&gt;              
                    wikidata_link : http://www.wikidata.org/entity/Q7698657</description>
                <styleUrl>#29</styleUrl>
                <Point id="698">
                    <coordinates>-104.927,39.6525,0.0</coordinates>
                </Point>
            </Placemark>
            <Placemark id="701">
                <name>Sand Creek</name>
                <description>                    category  : river &lt;br&gt;   
                    sitelinks : 5.0 &lt;br&gt;   
                    articleEN : https://en.wikipedia.org/wiki/Sand_Creek_(Denver,_Colorado) &lt;br&gt;             
                    articleDE :  &lt;br&gt;              
                    wikidata_link : http://www.wikidata.org/entity/Q7415772</description>
                <styleUrl>#29</styleUrl>
                <Point id="700">
                    <coordinates>-104.888,39.8131,0.0</coordinates>
                </Point>
            </Placemark>
            <Placemark id="703">
                <name>555 17th Street</name>
                <description>                    category  : office building &lt;br&gt;   
                    sitelinks : 5.0 &lt;br&gt;   
                    articleEN : https://en.wikipedia.org/wiki/555_17th_Street &lt;br&gt;             
                    articleDE :  &lt;br&gt;              
                    wikidata_link : http://www.wikidata.org/entity/Q4640570</description>
                <styleUrl>#29</styleUrl>
                <Point id="702">
                    <coordinates>-104.99,39.7452,0.0</coordinates>
                </Point>
            </Placemark>
            <Placemark id="705">
                <name>1.26</name>
                <description>                    category  : sculpture &lt;br&gt;   
                    sitelinks : 5.0 &lt;br&gt;   
                    articleEN : https://en.wikipedia.org/wiki/Earthtime_Series &lt;br&gt;             
                    articleDE :  &lt;br&gt;              
                    wikidata_link : http://www.wikidata.org/entity/Q4028116</description>
                <styleUrl>#29</styleUrl>
                <Point id="704">
                    <coordinates>-104.98888889,39.7375,0.0</coordinates>
                </Point>
            </Placemark>
            <Placemark id="707">
                <name>Downtown Aquarium, Denver</name>
                <description>                    category  : zoo &lt;br&gt;   
                    sitelinks : 5.0 &lt;br&gt;   
                    articleEN : https://en.wikipedia.org/wiki/Downtown_Aquarium_(Denver) &lt;br&gt;             
                    articleDE :  &lt;br&gt;              
                    wikidata_link : http://www.wikidata.org/entity/Q3023370</description>
                <styleUrl>#29</styleUrl>
                <Point id="706">
                    <coordinates>-105.014,39.7517,0.0</coordinates>
                </Point>
            </Placemark>
            <Placemark id="709">
                <name>Cherry Creek</name>
                <description>                    category  : river &lt;br&gt;   
                    sitelinks : 5.0 &lt;br&gt;   
                    articleEN : https://en.wikipedia.org/wiki/Cherry_Creek_(Colorado) &lt;br&gt;             
                    articleDE :  &lt;br&gt;              
                    wikidata_link : http://www.wikidata.org/entity/Q2962773</description>
                <styleUrl>#29</styleUrl>
                <Point id="708">
                    <coordinates>-105.00805555556,39.755,0.0</coordinates>
                </Point>
            </Placemark>
            <Placemark id="711">
                <name>Cheesman Park</name>
                <description>                    category  : historic district &lt;br&gt;   
                    sitelinks : 5.0 &lt;br&gt;   
                    articleEN : https://en.wikipedia.org/wiki/Cheesman_Park,_Denver &lt;br&gt;             
                    articleDE :  &lt;br&gt;              
                    wikidata_link : http://www.wikidata.org/entity/Q2961964</description>
                <styleUrl>#29</styleUrl>
                <Point id="710">
                    <coordinates>-104.965833,39.732778,0.0</coordinates>
                </Point>
            </Placemark>
            <Placemark id="713">
                <name>Westminster Castle</name>
                <description>                    category  : building &lt;br&gt;   
                    sitelinks : 6.0 &lt;br&gt;   
                    articleEN : https://en.wikipedia.org/wiki/Westminster_Castle &lt;br&gt;             
                    articleDE : https://de.wikipedia.org/wiki/Westminster_Castle &lt;br&gt;              
                    wikidata_link : http://www.wikidata.org/entity/Q7989133</description>
                <styleUrl>#29</styleUrl>
                <Point id="712">
                    <coordinates>-105.031442,39.8473,0.0</coordinates>
                </Point>
            </Placemark>
            <Placemark id="715">
                <name>United Airlines Flight 859</name>
                <description>                    category  : aviation accident &lt;br&gt;   
                    sitelinks : 6.0 &lt;br&gt;   
                    articleEN : https://en.wikipedia.org/wiki/United_Air_Lines_Flight_859 &lt;br&gt;             
                    articleDE : https://de.wikipedia.org/wiki/United-Air-Lines-Flug_859 &lt;br&gt;              
                    wikidata_link : http://www.wikidata.org/entity/Q7887366</description>
                <styleUrl>#29</styleUrl>
                <Point id="714">
                    <coordinates>-104.89197222222,39.760722222222,0.0</coordinates>
                </Point>
            </Placemark>
            <Placemark id="717">
                <name>Clear Creek</name>
                <description>                    category  : river &lt;br&gt;   
                    sitelinks : 6.0 &lt;br&gt;   
                    articleEN : https://en.wikipedia.org/wiki/Clear_Creek_(Colorado) &lt;br&gt;             
                    articleDE : https://de.wikipedia.org/wiki/Clear_Creek_(South_Platte_River) &lt;br&gt;              
                    wikidata_link : http://www.wikidata.org/entity/Q5130667</description>
                <styleUrl>#29</styleUrl>
                <Point id="716">
                    <coordinates>-104.94916666667,39.8275,0.0</coordinates>
                </Point>
            </Placemark>
            <Placemark id="719">
                <name>Chamberlin Observatory</name>
                <description>                    category  : astronomical observatory &lt;br&gt;   
                    sitelinks : 6.0 &lt;br&gt;   
                    articleEN : https://en.wikipedia.org/wiki/Chamberlin_Observatory &lt;br&gt;             
                    articleDE : https://de.wikipedia.org/wiki/Chamberlin_Observatory &lt;br&gt;              
                    wikidata_link : http://www.wikidata.org/entity/Q5069616</description>
                <styleUrl>#29</styleUrl>
                <Point id="718">
                    <coordinates>-104.953056,39.676111,0.0</coordinates>
                </Point>
            </Placemark>
            <Placemark id="721">
                <name>Colorado Christian University</name>
                <description>                    category  : church college &lt;br&gt;   
                    sitelinks : 6.0 &lt;br&gt;   
                    articleEN : https://en.wikipedia.org/wiki/Colorado_Christian_University &lt;br&gt;             
                    articleDE :  &lt;br&gt;              
                    wikidata_link : http://www.wikidata.org/entity/Q5148756</description>
                <styleUrl>#29</styleUrl>
                <Point id="720">
                    <coordinates>-105.0945,39.71275,0.0</coordinates>
                </Point>
            </Placemark>
            <Placemark id="723">
                <name>Denver Botanic Gardens</name>
                <description>                    category  : nonprofit organization &lt;br&gt;   
                    sitelinks : 6.0 &lt;br&gt;   
                    articleEN : https://en.wikipedia.org/wiki/Denver_Botanic_Gardens &lt;br&gt;             
                    articleDE :  &lt;br&gt;              
                    wikidata_link : http://www.wikidata.org/entity/Q3003810</description>
                <styleUrl>#29</styleUrl>
                <Point id="722">
                    <coordinates>-104.960833,39.7325,0.0</coordinates>
                </Point>
            </Placemark>
            <Placemark id="725">
                <name>Denver Museum of Nature and Science</name>
                <description>                    category  : nonprofit organization &lt;br&gt;   
                    sitelinks : 7.0 &lt;br&gt;   
                    articleEN : https://en.wikipedia.org/wiki/Denver_Museum_of_Nature_and_Science &lt;br&gt;             
                    articleDE :  &lt;br&gt;              
                    wikidata_link : http://www.wikidata.org/entity/Q3330052</description>
                <styleUrl>#29</styleUrl>
                <Point id="724">
                    <coordinates>-104.942,39.7475,0.0</coordinates>
                </Point>
            </Placemark>
            <Placemark id="727">
                <name>Metropolitan State University of Denver</name>
                <description>                    category  : public university &lt;br&gt;   
                    sitelinks : 8.0 &lt;br&gt;   
                    articleEN : https://en.wikipedia.org/wiki/Metropolitan_State_University_of_Denver &lt;br&gt;             
                    articleDE : https://de.wikipedia.org/wiki/Metropolitan_State_University_of_Denver &lt;br&gt;              
                    wikidata_link : http://www.wikidata.org/entity/Q613736</description>
                <styleUrl>#29</styleUrl>
                <Point id="726">
                    <coordinates>-105.002689,39.74191,0.0</coordinates>
                </Point>
            </Placemark>
            <Placemark id="729">
                <name>Pike's Peak gold rush</name>
                <description>                    category  : gold rush &lt;br&gt;   
                    sitelinks : 8.0 &lt;br&gt;   
                    articleEN : https://en.wikipedia.org/wiki/Pike%27s_Peak_gold_rush &lt;br&gt;             
                    articleDE : https://de.wikipedia.org/wiki/Pikes_Peak_Goldrausch &lt;br&gt;              
                    wikidata_link : http://www.wikidata.org/entity/Q331895</description>
                <styleUrl>#29</styleUrl>
                <Point id="728">
                    <coordinates>-105.00277777778,39.659722222222,0.0</coordinates>
                </Point>
            </Placemark>
            <Placemark id="731">
                <name>Four Seasons Hotel Denver</name>
                <description>                    category  : skyscraper &lt;br&gt;   
                    sitelinks : 8.0 &lt;br&gt;   
                    articleEN : https://en.wikipedia.org/wiki/Four_Seasons_Hotel_Denver &lt;br&gt;             
                    articleDE :  &lt;br&gt;              
                    wikidata_link : http://www.wikidata.org/entity/Q5475508</description>
                <styleUrl>#29</styleUrl>
                <Point id="730">
                    <coordinates>-104.99846,39.74637,0.0</coordinates>
                </Point>
            </Placemark>
            <Placemark id="733">
                <name>BMW Championship</name>
                <description>                    category  : golf tournament &lt;br&gt;   
                    sitelinks : 9.0 &lt;br&gt;   
                    articleEN : https://en.wikipedia.org/wiki/BMW_Championship_(PGA_Tour) &lt;br&gt;             
                    articleDE :  &lt;br&gt;              
                    wikidata_link : http://www.wikidata.org/entity/Q2505370</description>
                <styleUrl>#29</styleUrl>
                <Point id="732">
                    <coordinates>-104.963,39.643,0.0</coordinates>
                </Point>
            </Placemark>
            <Placemark id="735">
                <name>United States Court of Appeals for the Tenth Circuit</name>
                <description>                    category  : United States court of appeals &lt;br&gt;   
                    sitelinks : 9.0 &lt;br&gt;   
                    articleEN : https://en.wikipedia.org/wiki/United_States_Court_of_Appeals_for_the_Tenth_Circuit &lt;br&gt;             
                    articleDE :  &lt;br&gt;              
                    wikidata_link : http://www.wikidata.org/entity/Q286918</description>
                <styleUrl>#29</styleUrl>
                <Point id="734">
                    <coordinates>-104.99053584399,39.748552237484,0.0</coordinates>
                </Point>
            </Placemark>
        </Folder>
        <Folder id="15">
            <name>S</name>
            <Placemark id="783">
                <name>Twin Lakes</name>
                <description>                    category  : census-designated place in the United States &lt;br&gt;   
                    sitelinks : 20.0 &lt;br&gt;   
                    articleEN : https://en.wikipedia.org/wiki/Twin_Lakes,_Adams_County,_Colorado &lt;br&gt;             
                    articleDE :  &lt;br&gt;              
                    wikidata_link : http://www.wikidata.org/entity/Q1901403</description>
                <styleUrl>#icon-1739-E65100</styleUrl>
                <Point id="782">
                    <coordinates>-105.004,39.825,0.0</coordinates>
                </Point>
            </Placemark>
            <Placemark id="785">
                <name>Dick's Sporting Goods Park</name>
                <description>                    category  : association football venue &lt;br&gt;   
                    sitelinks : 21.0 &lt;br&gt;   
                    articleEN : https://en.wikipedia.org/wiki/Dick%27s_Sporting_Goods_Park &lt;br&gt;             
                    articleDE : https://de.wikipedia.org/wiki/Dick%E2%80%99s_Sporting_Goods_Park &lt;br&gt;              
                    wikidata_link : http://www.wikidata.org/entity/Q1210268</description>
                <styleUrl>#icon-1739-E65100</styleUrl>
                <Point id="784">
                    <coordinates>-104.89194444444,39.805555555556,0.0</coordinates>
                </Point>
            </Placemark>
            <Placemark id="787">
                <name>East Pleasant View</name>
                <description>                    category  : census-designated place in the United States &lt;br&gt;   
                    sitelinks : 21.0 &lt;br&gt;   
                    articleEN : https://en.wikipedia.org/wiki/East_Pleasant_View,_Colorado &lt;br&gt;             
                    articleDE :  &lt;br&gt;              
                    wikidata_link : http://www.wikidata.org/entity/Q2101472</description>
                <styleUrl>#icon-1739-E65100</styleUrl>
                <Point id="786">
                    <coordinates>-105.157,39.7278,0.0</coordinates>
                </Point>
            </Placemark>
            <Placemark id="789">
                <name>Derby</name>
                <description>                    category  : census-designated place in the United States &lt;br&gt;   
                    sitelinks : 23.0 &lt;br&gt;   
                    articleEN : https://en.wikipedia.org/wiki/Derby,_Colorado &lt;br&gt;             
                    articleDE :  &lt;br&gt;              
                    wikidata_link : http://www.wikidata.org/entity/Q2535145</description>
                <styleUrl>#icon-1739-E65100</styleUrl>
                <Point id="788">
                    <coordinates>-104.917,39.8389,0.0</coordinates>
                </Point>
            </Placemark>
            <Placemark id="791">
                <name>Denver Art Museum</name>
                <description>                    category  : nonprofit organization &lt;br&gt;   
                    sitelinks : 24.0 &lt;br&gt;   
                    articleEN : https://en.wikipedia.org/wiki/Denver_Art_Museum &lt;br&gt;             
                    articleDE : https://de.wikipedia.org/wiki/Denver_Art_Museum &lt;br&gt;              
                    wikidata_link : http://www.wikidata.org/entity/Q1189960</description>
                <styleUrl>#icon-1739-E65100</styleUrl>
                <Point id="790">
                    <coordinates>-104.989345,39.737188,0.0</coordinates>
                </Point>
            </Placemark>
            <Placemark id="793">
                <name>North Washington</name>
                <description>                    category  : census-designated place in the United States &lt;br&gt;   
                    sitelinks : 24.0 &lt;br&gt;   
                    articleEN : https://en.wikipedia.org/wiki/North_Washington,_Colorado &lt;br&gt;             
                    articleDE :  &lt;br&gt;              
                    wikidata_link : http://www.wikidata.org/entity/Q2444764</description>
                <styleUrl>#icon-1739-E65100</styleUrl>
                <Point id="792">
                    <coordinates>-104.982,39.8053,0.0</coordinates>
                </Point>
            </Placemark>
            <Placemark id="795">
                <name>Coors Field</name>
                <description>                    category  : stadium &lt;br&gt;   
                    sitelinks : 25.0 &lt;br&gt;   
                    articleEN : https://en.wikipedia.org/wiki/Coors_Field &lt;br&gt;             
                    articleDE : https://de.wikipedia.org/wiki/Coors_Field &lt;br&gt;              
                    wikidata_link : http://www.wikidata.org/entity/Q1129916</description>
                <styleUrl>#icon-1739-E65100</styleUrl>
                <Point id="794">
                    <coordinates>-104.99416666667,39.756111111111,0.0</coordinates>
                </Point>
            </Placemark>
            <Placemark id="797">
                <name>Applewood</name>
                <description>                    category  : census-designated place in the United States &lt;br&gt;   
                    sitelinks : 25.0 &lt;br&gt;   
                    articleEN : https://en.wikipedia.org/wiki/Applewood,_Colorado &lt;br&gt;             
                    articleDE : https://de.wikipedia.org/wiki/Applewood_(Colorado) &lt;br&gt;              
                    wikidata_link : http://www.wikidata.org/entity/Q621578</description>
                <styleUrl>#icon-1739-E65100</styleUrl>
                <Point id="796">
                    <coordinates>-105.155,39.74972,0.0</coordinates>
                </Point>
            </Placemark>
            <Placemark id="799">
                <name>Berkley</name>
                <description>                    category  : census-designated place in the United States &lt;br&gt;   
                    sitelinks : 26.0 &lt;br&gt;   
                    articleEN : https://en.wikipedia.org/wiki/Berkley,_Colorado &lt;br&gt;             
                    articleDE : https://de.wikipedia.org/wiki/Berkley_(Colorado) &lt;br&gt;              
                    wikidata_link : http://www.wikidata.org/entity/Q120847</description>
                <styleUrl>#icon-1739-E65100</styleUrl>
                <Point id="798">
                    <coordinates>-105.027,39.8039,0.0</coordinates>
                </Point>
            </Placemark>
            <Placemark id="801">
                <name>Sherrelwood</name>
                <description>                    category  : census-designated place in the United States &lt;br&gt;   
                    sitelinks : 27.0 &lt;br&gt;   
                    articleEN : https://en.wikipedia.org/wiki/Sherrelwood,_Colorado &lt;br&gt;             
                    articleDE : https://de.wikipedia.org/wiki/Sherrelwood &lt;br&gt;              
                    wikidata_link : http://www.wikidata.org/entity/Q1729611</description>
                <styleUrl>#icon-1739-E65100</styleUrl>
                <Point id="800">
                    <coordinates>-105.00166666667,39.840833333333,0.0</coordinates>
                </Point>
            </Placemark>
            <Placemark id="803">
                <name>Welby</name>
                <description>                    category  : census-designated place in the United States &lt;br&gt;   
                    sitelinks : 27.0 &lt;br&gt;   
                    articleEN : https://en.wikipedia.org/wiki/Welby,_Colorado &lt;br&gt;             
                    articleDE : https://de.wikipedia.org/wiki/Welby_(Colorado) &lt;br&gt;              
                    wikidata_link : http://www.wikidata.org/entity/Q2161532</description>
                <styleUrl>#icon-1739-E65100</styleUrl>
                <Point id="802">
                    <coordinates>-104.966,39.8472,0.0</coordinates>
                </Point>
            </Placemark>
            <Placemark id="805">
                <name>Empower Field at Mile High</name>
                <description>                    category  : American football stadium &lt;br&gt;   
                    sitelinks : 30.0 &lt;br&gt;   
                    articleEN : https://en.wikipedia.org/wiki/Empower_Field_at_Mile_High &lt;br&gt;             
                    articleDE : https://de.wikipedia.org/wiki/Empower_Field_at_Mile_High &lt;br&gt;              
                    wikidata_link : http://www.wikidata.org/entity/Q1046135</description>
                <styleUrl>#icon-1739-E65100</styleUrl>
                <Point id="804">
                    <coordinates>-105.02,39.743888888889,0.0</coordinates>
                </Point>
            </Placemark>
            <Placemark id="807">
                <name>University of Denver</name>
                <description>                    category  : private university &lt;br&gt;   
                    sitelinks : 30.0 &lt;br&gt;   
                    articleEN : https://en.wikipedia.org/wiki/University_of_Denver &lt;br&gt;             
                    articleDE : https://de.wikipedia.org/wiki/University_of_Denver &lt;br&gt;              
                    wikidata_link : http://www.wikidata.org/entity/Q519427</description>
                <styleUrl>#icon-1739-E65100</styleUrl>
                <Point id="806">
                    <coordinates>-104.962222,39.678333,0.0</coordinates>
                </Point>
            </Placemark>
            <Placemark id="809">
                <name>Lakeside</name>
                <description>                    category  : town in the United States &lt;br&gt;   
                    sitelinks : 31.0 &lt;br&gt;   
                    articleEN : https://en.wikipedia.org/wiki/Lakeside,_Colorado &lt;br&gt;             
                    articleDE :  &lt;br&gt;              
                    wikidata_link : http://www.wikidata.org/entity/Q2370198</description>
                <styleUrl>#icon-1739-E65100</styleUrl>
                <Point id="808">
                    <coordinates>-105.057,39.7833,0.0</coordinates>
                </Point>
            </Placemark>
            <Placemark id="811">
                <name>Bow Mar</name>
                <description>                    category  : town in the United States &lt;br&gt;   
                    sitelinks : 32.0 &lt;br&gt;   
                    articleEN : https://en.wikipedia.org/wiki/Bow_Mar,_Colorado &lt;br&gt;             
                    articleDE : https://de.wikipedia.org/wiki/Bow_Mar &lt;br&gt;              
                    wikidata_link : http://www.wikidata.org/entity/Q895383</description>
                <styleUrl>#icon-1739-E65100</styleUrl>
                <Point id="810">
                    <coordinates>-105.051,39.6269,0.0</coordinates>
                </Point>
            </Placemark>
            <Placemark id="813">
                <name>Ball Arena</name>
                <description>                    category  : arena &lt;br&gt;   
                    sitelinks : 34.0 &lt;br&gt;   
                    articleEN : https://en.wikipedia.org/wiki/Ball_Arena &lt;br&gt;             
                    articleDE : https://de.wikipedia.org/wiki/Ball_Arena &lt;br&gt;              
                    wikidata_link : http://www.wikidata.org/entity/Q795470</description>
                <styleUrl>#icon-1739-E65100</styleUrl>
                <Point id="812">
                    <coordinates>-105.0075,39.748611111111,0.0</coordinates>
                </Point>
            </Placemark>
            <Placemark id="815">
                <name>Mountain View</name>
                <description>                    category  : town in the United States &lt;br&gt;   
                    sitelinks : 34.0 &lt;br&gt;   
                    articleEN : https://en.wikipedia.org/wiki/Mountain_View,_Colorado &lt;br&gt;             
                    articleDE :  &lt;br&gt;              
                    wikidata_link : http://www.wikidata.org/entity/Q2303213</description>
                <styleUrl>#icon-1739-E65100</styleUrl>
                <Point id="814">
                    <coordinates>-105.056,39.7756,0.0</coordinates>
                </Point>
            </Placemark>
            <Placemark id="817">
                <name>Sheridan</name>
                <description>                    category  : city in the United States &lt;br&gt;   
                    sitelinks : 37.0 &lt;br&gt;   
                    articleEN : https://en.wikipedia.org/wiki/Sheridan,_Colorado &lt;br&gt;             
                    articleDE :  &lt;br&gt;              
                    wikidata_link : http://www.wikidata.org/entity/Q2276170</description>
                <styleUrl>#icon-1739-E65100</styleUrl>
                <Point id="816">
                    <coordinates>-105.018,39.6489,0.0</coordinates>
                </Point>
            </Placemark>
            <Placemark id="819">
                <name>Glendale</name>
                <description>                    category  : city in the United States &lt;br&gt;   
                    sitelinks : 37.0 &lt;br&gt;   
                    articleEN : https://en.wikipedia.org/wiki/Glendale,_Colorado &lt;br&gt;             
                    articleDE :  &lt;br&gt;              
                    wikidata_link : http://www.wikidata.org/entity/Q2076184</description>
                <styleUrl>#icon-1739-E65100</styleUrl>
                <Point id="818">
                    <coordinates>-104.934,39.7025,0.0</coordinates>
                </Point>
            </Placemark>
            <Placemark id="821">
                <name>2012 Aurora shooting</name>
                <description>                    category  : mass murder &lt;br&gt;   
                    sitelinks : 39.0 &lt;br&gt;   
                    articleEN : https://en.wikipedia.org/wiki/2012_Aurora_theater_shooting &lt;br&gt;             
                    articleDE : https://de.wikipedia.org/wiki/Amoklauf_von_Aurora &lt;br&gt;              
                    wikidata_link : http://www.wikidata.org/entity/Q202512</description>
                <styleUrl>#icon-1739-E65100</styleUrl>
                <Point id="820">
                    <coordinates>-104.8206,39.7059,0.0</coordinates>
                </Point>
            </Placemark>
            <Placemark id="823">
                <name>Cherry Hills Village</name>
                <description>                    category  : city in the United States &lt;br&gt;   
                    sitelinks : 39.0 &lt;br&gt;   
                    articleEN : https://en.wikipedia.org/wiki/Cherry_Hills_Village,_Colorado &lt;br&gt;             
                    articleDE : https://de.wikipedia.org/wiki/Cherry_Hills_Village &lt;br&gt;              
                    wikidata_link : http://www.wikidata.org/entity/Q136507</description>
                <styleUrl>#icon-1739-E65100</styleUrl>
                <Point id="822">
                    <coordinates>-104.947,39.6372,0.0</coordinates>
                </Point>
            </Placemark>
            <Placemark id="825">
                <name>Edgewater</name>
                <description>                    category  : city in the United States &lt;br&gt;   
                    sitelinks : 39.0 &lt;br&gt;   
                    articleEN : https://en.wikipedia.org/wiki/Edgewater,_Colorado &lt;br&gt;             
                    articleDE :  &lt;br&gt;              
                    wikidata_link : http://www.wikidata.org/entity/Q2129231</description>
                <styleUrl>#icon-1739-E65100</styleUrl>
                <Point id="824">
                    <coordinates>-105.06194444444,39.750277777778,0.0</coordinates>
                </Point>
            </Placemark>
            <Placemark id="827">
                <name>Federal Heights</name>
                <description>                    category  : city in the United States &lt;br&gt;   
                    sitelinks : 41.0 &lt;br&gt;   
                    articleEN : https://en.wikipedia.org/wiki/Federal_Heights,_Colorado &lt;br&gt;             
                    articleDE : https://de.wikipedia.org/wiki/Federal_Heights &lt;br&gt;              
                    wikidata_link : http://www.wikidata.org/entity/Q994446</description>
                <styleUrl>#icon-1739-E65100</styleUrl>
                <Point id="826">
                    <coordinates>-105.01416666667,39.866111111111,0.0</coordinates>
                </Point>
            </Placemark>
            <Placemark id="829">
                <name>Wheat Ridge</name>
                <description>                    category  : city in the United States &lt;br&gt;   
                    sitelinks : 42.0 &lt;br&gt;   
                    articleEN : https://en.wikipedia.org/wiki/Wheat_Ridge,_Colorado &lt;br&gt;             
                    articleDE : https://de.wikipedia.org/wiki/Wheat_Ridge &lt;br&gt;              
                    wikidata_link : http://www.wikidata.org/entity/Q994465</description>
                <styleUrl>#icon-1739-E65100</styleUrl>
                <Point id="828">
                    <coordinates>-105.09611111111,39.771388888889,0.0</coordinates>
                </Point>
            </Placemark>
            <Placemark id="831">
                <name>Commerce City</name>
                <description>                    category  : city in the United States &lt;br&gt;   
                    sitelinks : 45.0 &lt;br&gt;   
                    articleEN : https://en.wikipedia.org/wiki/Commerce_City,_Colorado &lt;br&gt;             
                    articleDE : https://de.wikipedia.org/wiki/Commerce_City &lt;br&gt;              
                    wikidata_link : http://www.wikidata.org/entity/Q994452</description>
                <styleUrl>#icon-1739-E65100</styleUrl>
                <Point id="830">
                    <coordinates>-104.90111111111,39.840833333333,0.0</coordinates>
                </Point>
            </Placemark>
            <Placemark id="833">
                <name>Englewood</name>
                <description>                    category  : city in the United States &lt;br&gt;   
                    sitelinks : 47.0 &lt;br&gt;   
                    articleEN : https://en.wikipedia.org/wiki/Englewood,_Colorado &lt;br&gt;             
                    articleDE : https://de.wikipedia.org/wiki/Englewood_(Colorado) &lt;br&gt;              
                    wikidata_link : http://www.wikidata.org/entity/Q991177</description>
                <styleUrl>#icon-1739-E65100</styleUrl>
                <Point id="832">
                    <coordinates>-104.992,39.6469,0.0</coordinates>
                </Point>
            </Placemark>
            <Placemark id="835">
                <name>Littleton</name>
                <description>                    category  : city in the United States &lt;br&gt;   
                    sitelinks : 56.0 &lt;br&gt;   
                    articleEN : https://en.wikipedia.org/wiki/Littleton,_Colorado &lt;br&gt;             
                    articleDE : https://de.wikipedia.org/wiki/Littleton_(Colorado) &lt;br&gt;              
                    wikidata_link : http://www.wikidata.org/entity/Q953583</description>
                <styleUrl>#icon-1739-E65100</styleUrl>
                <Point id="834">
                    <coordinates>-105.0166498,39.613321,0.0</coordinates>
                </Point>
            </Placemark>
            <Placemark id="837">
                <name>Westminster</name>
                <description>                    category  : city in the United States &lt;br&gt;   
                    sitelinks : 58.0 &lt;br&gt;   
                    articleEN : https://en.wikipedia.org/wiki/Westminster,_Colorado &lt;br&gt;             
                    articleDE : https://de.wikipedia.org/wiki/Westminster_(Colorado) &lt;br&gt;              
                    wikidata_link : http://www.wikidata.org/entity/Q948129</description>
                <styleUrl>#icon-1739-E65100</styleUrl>
                <Point id="836">
                    <coordinates>-105.03722222222,39.836111111111,0.0</coordinates>
                </Point>
            </Placemark>
            <Placemark id="839">
                <name>Arvada</name>
                <description>                    category  : city in the United States &lt;br&gt;   
                    sitelinks : 62.0 &lt;br&gt;   
                    articleEN : https://en.wikipedia.org/wiki/Arvada,_Colorado &lt;br&gt;             
                    articleDE : https://de.wikipedia.org/wiki/Arvada &lt;br&gt;              
                    wikidata_link : http://www.wikidata.org/entity/Q590849</description>
                <styleUrl>#icon-1739-E65100</styleUrl>
                <Point id="838">
                    <coordinates>-105.0874842,39.8027644,0.0</coordinates>
                </Point>
            </Placemark>
            <Placemark id="841">
                <name>Lakewood</name>
                <description>                    category  : city in the United States &lt;br&gt;   
                    sitelinks : 65.0 &lt;br&gt;   
                    articleEN : https://en.wikipedia.org/wiki/Lakewood,_Colorado &lt;br&gt;             
                    articleDE : https://de.wikipedia.org/wiki/Lakewood_(Colorado) &lt;br&gt;              
                    wikidata_link : http://www.wikidata.org/entity/Q462804</description>
                <styleUrl>#icon-1739-E65100</styleUrl>
                <Point id="840">
                    <coordinates>-105.102778,39.706389,0.0</coordinates>
                </Point>
            </Placemark>
            <Placemark id="843">
                <name>Denver</name>
                <description>                    category  : city in the United States &lt;br&gt;   
                    sitelinks : 183.0 &lt;br&gt;   
                    articleEN : https://en.wikipedia.org/wiki/Denver &lt;br&gt;             
                    articleDE : https://de.wikipedia.org/wiki/Denver &lt;br&gt;              
                    wikidata_link : http://www.wikidata.org/entity/Q16554</description>
                <styleUrl>#icon-1739-E65100</styleUrl>
                <Point id="842">
                    <coordinates>-104.98472222222,39.739166666667,0.0</coordinates>
                </Point>
            </Placemark>
        </Folder>
        <Folder id="16">
            <name>atlas_obscura</name>
            <Placemark id="1169">
                <name>American Museum of Western Art</name>
                <description>The huge collection of paintings of the American West is one of Denver's best-kept secrets. &lt;br&gt; &lt;br&gt; https://www.atlasobscura.com/places/american-museum-of-western-art</description>
                <styleUrl>#41</styleUrl>
                <Point id="1168">
                    <coordinates>-104.988094,39.744742,0.0</coordinates>
                </Point>
            </Placemark>
            <Placemark id="1171">
                <name>nan</name>
                <description>nan &lt;br&gt; &lt;br&gt; https://www.atlasobscura.com/places/mile-high-steps-at-the-colorado-state-capitol</description>
                <styleUrl>#41</styleUrl>
                <Point id="1170">
                    <coordinates>-104.984805,39.739233,0.0</coordinates>
                </Point>
            </Placemark>
            <Placemark id="1173">
                <name>nan</name>
                <description>nan &lt;br&gt; &lt;br&gt; https://www.atlasobscura.com/places/cheesman-park</description>
                <styleUrl>#41</styleUrl>
                <Point id="1172">
                    <coordinates>-104.966631,39.732062,0.0</coordinates>
                </Point>
            </Placemark>
            <Placemark id="1175">
                <name>nan</name>
                <description>nan &lt;br&gt; &lt;br&gt; https://www.atlasobscura.com/places/history-colorado-center</description>
                <styleUrl>#41</styleUrl>
                <Point id="1174">
                    <coordinates>-104.986731,39.735847,0.0</coordinates>
                </Point>
            </Placemark>
            <Placemark id="1177">
                <name>Hidden Elves at the Denver Museum of Nature and Science</name>
                <description>A small horde of mythical creatures lurk almost imperceptibly within the museum's wildlife dioramas. &lt;br&gt; &lt;br&gt; https://www.atlasobscura.com/places/hidden-elves-at-the-denver-museum-of-nature-and-science</description>
                <styleUrl>#41</styleUrl>
                <Point id="1176">
                    <coordinates>-104.942808,39.747526,0.0</coordinates>
                </Point>
            </Placemark>
            <Placemark id="1179">
                <name>Mile High Comics Megastore</name>
                <description>While comics are the main attraction at this megastore, the second floor plays host to an exhibit fit for a museum. &lt;br&gt; &lt;br&gt; https://www.atlasobscura.com/places/mile-high-comics-megastore</description>
                <styleUrl>#41</styleUrl>
                <Point id="1178">
                    <coordinates>-104.999143,39.7803,0.0</coordinates>
                </Point>
            </Placemark>
            <Placemark id="1181">
                <name>Denver Zine Library</name>
                <description>A collection of over 15,000 zines works to preserve DIY publishing culture. &lt;br&gt; &lt;br&gt; https://www.atlasobscura.com/places/denver-zine-library</description>
                <styleUrl>#41</styleUrl>
                <Point id="1180">
                    <coordinates>-104.980201,39.771054,0.0</coordinates>
                </Point>
            </Placemark>
            <Placemark id="1183">
                <name>nan</name>
                <description>nan &lt;br&gt; &lt;br&gt; https://www.atlasobscura.com/places/national-ice-core-lab</description>
                <styleUrl>#41</styleUrl>
                <Point id="1182">
                    <coordinates>-105.123884,39.722412,0.0</coordinates>
                </Point>
            </Placemark>
            <Placemark id="1185">
                <name>nan</name>
                <description>nan &lt;br&gt; &lt;br&gt; https://www.atlasobscura.com/places/denver-s-dinosaur-hotel</description>
                <styleUrl>#41</styleUrl>
                <Point id="1184">
                    <coordinates>-105.079498,39.654455,0.0</coordinates>
                </Point>
            </Placemark>
            <Placemark id="1187">
                <name>Buckhorn Exchange</name>
                <description>Wall to wall taxidermy at Denver's oldest and most exotic steakhouse. &lt;br&gt; &lt;br&gt; https://www.atlasobscura.com/places/buckhorn-exchange</description>
                <styleUrl>#41</styleUrl>
                <Point id="1186">
                    <coordinates>-105.004941,39.732379,0.0</coordinates>
                </Point>
            </Placemark>
            <Placemark id="1189">
                <name>nan</name>
                <description>nan &lt;br&gt; &lt;br&gt; https://www.atlasobscura.com/places/unsinkable-molly-brown-house</description>
                <styleUrl>#41</styleUrl>
                <Point id="1188">
                    <coordinates>-104.980755,39.737503,0.0</coordinates>
                </Point>
            </Placemark>
            <Placemark id="1191">
                <name>nan</name>
                <description>nan &lt;br&gt; &lt;br&gt; https://www.atlasobscura.com/places/linger-eatuaries</description>
                <styleUrl>#41</styleUrl>
                <Point id="1190">
                    <coordinates>-105.011358,39.759456,0.0</coordinates>
                </Point>
            </Placemark>
            <Placemark id="1193">
                <name>Casa Bonita</name>
                <description>At this Denver landmark, the meals are compulsory, the sopapillas are complimentary, and the insanity is everywhere. &lt;br&gt; &lt;br&gt; https://www.atlasobscura.com/places/casa-bonita-lakewood-colorado</description>
                <styleUrl>#41</styleUrl>
                <Point id="1192">
                    <coordinates>-105.070906,39.741946,0.0</coordinates>
                </Point>
            </Placemark>
            <Placemark id="1195">
                <name>Fifty-Two 80's</name>
                <description>This modern antique shop is a museum for 1980's Saturday morning cartoon culture. &lt;br&gt; &lt;br&gt; https://www.atlasobscura.com/places/fifty-two-80s</description>
                <styleUrl>#41</styleUrl>
                <Point id="1194">
                    <coordinates>-104.987498,39.68265,0.0</coordinates>
                </Point>
            </Placemark>
            <Placemark id="1197">
                <name>International Church of Cannabis</name>
                <description>A technicolor place of worship for Elevationists. &lt;br&gt; &lt;br&gt; https://www.atlasobscura.com/places/international-church-of-cannabis</description>
                <styleUrl>#41</styleUrl>
                <Point id="1196">
                    <coordinates>-104.982318,39.709144,0.0</coordinates>
                </Point>
            </Placemark>
        </Folder>
        <Placemark id="183">
            <styleUrl>#181</styleUrl>
            <Point id="182">
                <coordinates>0.0, 0.0, 0.0</coordinates>
            </Point>
        </Placemark>
    </Document>
</kml>
