,ao_link,lat,lon,itemLabel,description,tier,color,address,url,thingLabel,fetched_coordinates,item,articleDE,articleEN,location,distance,sitelinks,thing,to_drop_key
66,https://www.atlasobscura.com/places/international-church-of-cannabis,39.709144,-104.982318,International Church of Cannabis,A technicolor place of worship for Elevationists.,atlas_obscura,gold,,,,,,,,,,,,"(39.709144, -104.982318)"
102,https://www.atlasobscura.com/places/fifty-two-80s,39.68265,-104.987498,Fifty-Two 80's,This modern antique shop is a museum for 1980's Saturday morning cartoon culture.,atlas_obscura,gold,,,,,,,,,,,,"(39.68265, -104.987498)"
134,https://www.atlasobscura.com/places/casa-bonita-lakewood-colorado,39.741946,-105.070906,Casa Bonita,"At this Denver landmark, the meals are compulsory, the sopapillas are complimentary, and the insanity is everywhere.",atlas_obscura,gold,,,,,,,,,,,,"(39.741946, -105.070906)"
154,https://www.atlasobscura.com/places/linger-eatuaries,39.759456,-105.011358,,,atlas_obscura,gold,,,,,,,,,,,,"(39.759456, -105.011358)"
617,https://www.atlasobscura.com/places/unsinkable-molly-brown-house,39.737503,-104.980755,,,atlas_obscura,gold,,,,,,,,,,,,"(39.737503, -104.980755)"
735,https://www.atlasobscura.com/places/buckhorn-exchange,39.732379,-105.004941,Buckhorn Exchange,Wall to wall taxidermy at Denver's oldest and most exotic steakhouse.,atlas_obscura,gold,,,,,,,,,,,,"(39.732379, -105.004941)"
827,https://www.atlasobscura.com/places/denver-s-dinosaur-hotel,39.654455,-105.079498,,,atlas_obscura,gold,,,,,,,,,,,,"(39.654455, -105.079498)"
936,https://www.atlasobscura.com/places/national-ice-core-lab,39.722412,-105.123884,,,atlas_obscura,gold,,,,,,,,,,,,"(39.722412, -105.123884)"
1029,https://www.atlasobscura.com/places/denver-zine-library,39.771054,-104.980201,Denver Zine Library,"A collection of over 15,000 zines works to preserve DIY publishing culture.",atlas_obscura,gold,,,,,,,,,,,,"(39.771054, -104.980201)"
1062,https://www.atlasobscura.com/places/mile-high-comics-megastore,39.7803,-104.999143,Mile High Comics Megastore,"While comics are the main attraction at this megastore, the second floor plays host to an exhibit fit for a museum.",atlas_obscura,gold,,,,,,,,,,,,"(39.7803, -104.999143)"
1075,https://www.atlasobscura.com/places/hidden-elves-at-the-denver-museum-of-nature-and-science,39.747526,-104.942808,Hidden Elves at the Denver Museum of Nature and Science,A small horde of mythical creatures lurk almost imperceptibly within the museum's wildlife dioramas.,atlas_obscura,gold,,,,,,,,,,,,"(39.747526, -104.942808)"
1244,https://www.atlasobscura.com/places/history-colorado-center,39.735847,-104.986731,,,atlas_obscura,gold,,,,,,,,,,,,"(39.735847, -104.986731)"
1277,https://www.atlasobscura.com/places/cheesman-park,39.732062,-104.966631,,,atlas_obscura,gold,,,,,,,,,,,,"(39.732062, -104.966631)"
1305,https://www.atlasobscura.com/places/mile-high-steps-at-the-colorado-state-capitol,39.739233,-104.984805,,,atlas_obscura,gold,,,,,,,,,,,,"(39.739233, -104.984805)"
1572,https://www.atlasobscura.com/places/american-museum-of-western-art,39.744742,-104.988094,American Museum of Western Art,The huge collection of paintings of the American West is one of Denver's best-kept secrets.,atlas_obscura,gold,,,,,,,,,,,,"(39.744742, -104.988094)"
4,,39.4225192,-111.714358,Utah,"More national parks are in Utah, New Mexico, and Arizona.",wikivoyage,red,,,Go next_Neighboring states and beyond,"(39.4225192, -111.714358)",,,,,,,,"(39.4225192, -111.714358)"
3,,36.4072377,-105.573284,Taos,"More popular ski resorts are in Taos, Grand Teton National Park|Grand Teton, Park City (Utah)|Park City, and even Lake Tahoe.",wikivoyage,red,,,Go next_Neighboring states and beyond,"(36.4072377, -105.573284)",,,,,,,,"(36.4072377, -105.573284)"
2,,0.0,0.0,--,,wikivoyage,red,,,Go next_Neighboring states and beyond,"(0, 0)",,,,,,,,"(0.0, 0.0)"
0,,44.6200885,-110.5606893,Yellowstone National Park,"Yellowstone National Park is approximately a 10 hour drive along I-25, I-90, and US-191.",wikivoyage,red,,,Go next_Neighboring states and beyond,"(44.6200885, -110.5606893)",,,,,,,,"(44.6200885, -110.5606893)"
1,,42.0918548,-88.304588,Front Range,"'''Winery tours''' - Visit a Front Range or mountain winery, or the vineyards in Colorado's Wine Country. Various Wine Trails have been organized by the Colorado Wine Industry Development Board, a promotional entity funded by the state. The Wine Trails can be driven or biked.",wikivoyage,red,,,Go next_More Colorado destinations,"(42.0918548, -88.304588)",,,,,,,,"(42.0918548, -88.304588)"
0,,39.6438028,-106.3888231,Vail,"For skiers and snowboarders, winter is the best time to visit Denver. Hordes of people fly into Denver International Airport each season on their way up to the ski capitals of Summit and Eagle counties, including Vail, Beaver Creek, Copper Mountain, Keystone (Colorado)|Keystone, Loveland Basin, Arapahoe Basin, and Breckenridge (Colorado)|Breckenridge, Winter Park (Colorado)|Winter Park; a little further away are Steamboat, and Aspen. You can find information on resort shuttles at the desks in DIA's main terminal.",wikivoyage,red,,,Go next_Mountains,"(39.6438028, -106.3888231)",,,,,,,,"(39.6438028, -106.3888231)"
9,,38.8404012,-105.0439523,Pikes Peak,The {{convert|4302.31|m|ft|0|order=flip|adj=on}} summit of Pikes Peak lies {{convert|100|mi}} and 2:10 by car south of the Colorado State Capitol.,wikivoyage,red,,,Go next_Near Denver,"(38.8404012, -105.0439523)",,,,,,,,"(38.8404012, -105.0439523)"
8,,39.5883492,-105.643699,Mount Blue Sky,The {{convert|14271|ft|adj=on}} summit of Mount Blue Sky lies {{convert|60|mi}} and 1:45 by car southwest of the Colorado State Capitol.,wikivoyage,red,,,Go next_Near Denver,"(39.5883492, -105.643699)",,,,,,,,"(39.5883492, -105.643699)"
4,,38.9912381,-104.8588346,United States Air Force Academy,The United States Air Force Academy lies {{convert|61|mi}} and 65 minutes by car south of the Colorado State Capitol.,wikivoyage,red,,,Go next_Near Denver,"(38.9912381, -104.8588346)",,,,,,,,"(38.9912381, -104.8588346)"
3,,37.8189264,-121.9165133,Blackhawk,The historic mining towns and casinos of Blackhawk and Central City lie {{convert|38|mi}} and 50 minutes by car west of the Colorado State Capitol.,wikivoyage,red,,,Go next_Near Denver,"(37.8189264, -121.9165133)",,,,,,,,"(37.8189264, -121.9165133)"
15,,39.7427,-104.9875,United Kingdom ,,wikivoyage,red,"1675 Broadway, Suite 1030 ",http://ukinusa.fco.gov.uk/en/about-us/other-locations/denver/ ,Connect_Consulates,"(39.7427, -104.9875)",,,,,,,,"(39.7427, -104.9875)"
14,,39.7392364,-104.984862,--,,wikivoyage,red,,,Connect_Consulates,"(39.7392364, -104.984862)",,,,,,,,"(39.7392364, -104.984862)"
9,,39.7435941,-104.9854851,Norway (Honorary) ,,wikivoyage,red,1700 Lincoln Street ,https://www.norway.no/en/usa/norway-usa/honorary-consulates/#Colorado ,Connect_Consulates,"(39.7435941, -104.9854851)",,,,,,,,"(39.7435941, -104.9854851)"
6,,39.7793,-104.9498,Mexico ,,wikivoyage,red,48 Steele Street ,http://consulmex.sre.gob.mx/denver/ ,Connect_Consulates,"(39.7793, -104.9498)",,,,,,,,"(39.7793, -104.9498)"
4,,39.7502829,-104.9951731,Japan ,,wikivoyage,red,1225 17th St Ste 3000 ,http://www.denver.us.emb-japan.go.jp ,Connect_Consulates,"(39.7502829, -104.9951731)",,,,,,,,"(39.7502829, -104.9951731)"
1,,39.7423,-104.9875,Canada ,,wikivoyage,red,"1625 Broadway, Suite 2600 ",http://international.gc.ca/world-monde/united_states-etats_unis/denver.aspx?lang,Connect_Consulates,"(39.7423, -104.9875)",,,,,,,,"(39.7423, -104.9875)"
0,,39.7156478,-104.9525486,Cherry Creek North ,Entire area has free WiFi provided by the Cherry Creek North Business District.,wikivoyage,red, ,http://www.cherrycreeknorth.com/ ,Connect_Wireless internet,"(39.7156478, -104.9525486)",,,,,,,,"(39.7156478, -104.9525486)"
7,,39.7488,-104.9955,The Westin Denver Downtown ,Four-diamond hotel in downtown Denver.,wikivoyage,red,1672 Lawrence St ,https://www.marriott.com/hotels/travel/denwi-the-westin-denver-downtown/ ,Sleep_Splurge,"(39.7488, -104.9955)",,,,,,,,"(39.7488, -104.9955)"
6,,39.7522,-104.9991,The Oxford Hotel ,The historic hotel provides a romantic retreat located in the midst of Denver’s lively LoDo district.,wikivoyage,red,1600 17th St ,http://www.theoxfordhotel.com/ ,Sleep_Splurge,"(39.7522, -104.9991)",,,,,,,,"(39.7522, -104.9991)"
5,,39.743611,-104.993611,Hyatt Regency Denver at Colorado Convention Center ,"37-story downtown hotel, adjacent to the Colorado Convention Center. 1,100 guest rooms, with views of the mountain and downtown.",wikivoyage,red,650 15th St ,https://www.hyatt.com/en-US/hotel/colorado/hyatt-regency-denver-at-colorado-convention-center/dencc ,Sleep_Splurge,"(39.743611, -104.993611)",,,,,,,,"(39.743611, -104.993611)"
4,,39.7427,-104.9932,Hilton Garden Inn Denver Downtown ,"Onsite restaurant, fitness center and complimentary high-speed Internet access.",wikivoyage,red,1400 Welton St ,http://www.hgidenverdowntown.com/ ,Sleep_Splurge,"(39.7427, -104.9932)",,,,,,,,"(39.7427, -104.9932)"
3,,39.746,-104.9891,Grand Hyatt Denver ,"512 rooms with city views. Features the Hyatt Grand Bed, free 24 hour fitness facility, indoor pool, room service around the clock, well-lit work stations and high-speed internet access.",wikivoyage,red,1750 Welton St ,https://denver.grand.hyatt.com/en/hotel/home.html ,Sleep_Splurge,"(39.746, -104.9891)",,,,,,,,"(39.746, -104.9891)"
2,,39.7442,-104.9948,Embassy Suites Downtown ,"An all-suite, full service hotel.",wikivoyage,red,1420 Stout St ,https://embassysuites3.hilton.com/en/hotels/colorado/embassy-suites-denver-downtown-convention-center-DENESES/index.html ,Sleep_Splurge,"(39.7442, -104.9948)",,,,,,,,"(39.7442, -104.9948)"
1,,39.7471,-104.9904,Hilton Denver City Center ,A beautiful hotel in downtown Denver offering panoramic views of the Rocky Mountains and the city skyline.,wikivoyage,red,1701 California St ,https://www.hilton.com/en/hotels/dencyhh-hilton-denver-city-center ,Sleep_Splurge,"(39.7471, -104.9904)",,,,,,,,"(39.7471, -104.9904)"
0,,39.7441,-104.9878,Brown Palace Hotel ,"An elegant, historic hotel in downtown Denver, the Brown Palace has catered to congressmen, US presidents, and countless foreign dignitaries.",wikivoyage,red,321 17th St ,https://www.brownpalace.com/ ,Sleep_Splurge,"(39.7441, -104.9878)",,,,,,,,"(39.7441, -104.9878)"
11,,39.73427,-104.98872,Acoma House ,"This small colourful hotel features 24 rooms, each painted in vivid colours designed by a different artist. A wide range of amenities for the modern traveller, including fast internet, free water and coffee pods, a tiny kitchen in each room, and laundry machines downstairs. There is no lobby or reception desk. You check in with a door code which they text to you the day before you check in. No elevator, so rooms 201-212 require you to carry luggage up narrow stairs, but ground floor rooms 101-112 are accessible by a ramp at the rear of the building. Downstairs is free luggage storage, a lounge, and a meeting room. Parking $11/day by arrangement with the lot next to the hotel. Easy walking to the civic center and a few local shops, restaurants, and museums. E-scooters are plentiful nearby, and bring most of downtown in range.",wikivoyage,red,1114 Acoma Street ,https://www.theacomahouse.com/ ,Sleep_Mid-range,"(39.73427, -104.98872)",,,,,,,,"(39.73427, -104.98872)"
10,,39.70532,-104.93983,Hilton Garden Inn Denver/Cherry Creek ,,wikivoyage,red,600 S Colorado Blvd ,https://www.hilton.com/en/hotels/denckgi-hilton-garden-inn-denver-cherry-creek/ ,Sleep_Mid-range,"(39.70532, -104.93983)",,,,,,,,"(39.70532, -104.93983)"
9,,39.70507,-104.93839,Residence Inn Denver Cherry Creek ,,wikivoyage,red,670 S Colorado Blvd ,https://www.marriott.com/en-us/hotels/denrs-residence-inn-denver-cherry-creek/overview/ ,Sleep_Mid-range,"(39.70507, -104.93839)",,,,,,,,"(39.70507, -104.93839)"
8,,39.69073,-104.94195,Courtyard Denver Cherry Creek ,,wikivoyage,red,1475 S Colorado Blvd ,https://www.marriott.com/en-us/hotels/dench-courtyard-denver-cherry-creek/overview/ ,Sleep_Mid-range,"(39.69073, -104.94195)",,,,,,,,"(39.69073, -104.94195)"
7,,39.7747675,-104.9923645,Aloft Denver North Westminster ,,wikivoyage,red,14780 Delaware St ,https://www.marriott.com/en-us/hotels/denan-aloft-denver-north-westminster/overview/ ,Sleep_Mid-range,"(39.7747675, -104.9923645)",,,,,,,,"(39.7747675, -104.9923645)"
5,,39.7473,-105.0042,SpringHill Suites Denver Downtown ,Across from the Ball Arena in LoDo.,wikivoyage,red,1190 Auraria Parkway ,https://www.marriott.com/hotels/travel/densd-springhill-suites-denver-downtown/ ,Sleep_Mid-range,"(39.7473, -105.0042)",,,,,,,,"(39.7473, -105.0042)"
4,,39.7416,-104.989,Sheraton Denver Downtown ,"On the 16th Street Pedestrian Mall in downtown, 3 1/2 blocks from the Denver Convention Center.",wikivoyage,red,1550 Court Pl ,http://www.sheratondenverdowntown.com ,Sleep_Mid-range,"(39.7416, -104.989)",,,,,,,,"(39.7416, -104.989)"
3,,39.7468,-104.9923,Magnolia Hotel Denver ,"Downtown Denver hotel featuring guestrooms and suites, a restaurant and bar, and event space for meetings, weddings, and special occasions.",wikivoyage,red,818 17th St ,http://www.magnoliahotels.com/denver/magnolia-hotel-denver.php ,Sleep_Mid-range,"(39.7468, -104.9923)",,,,,,,,"(39.7468, -104.9923)"
2,,39.6543,-104.9031,Embassy Suites by Hilton Denver Tech Center North ,"Near Denver Tech, hotel offers complimentary hot cooked-to-order breakfast and nightly Manager's Reception featuring complimentary cocktails and appetizers.",wikivoyage,red,7525 East Hampden Ave ,https://embassysuites3.hilton.com/en/hotels/colorado/embassy-suites-by-hilton-denver-tech-center-north-DENHPES/index.html ,Sleep_Mid-range,"(39.6543, -104.9031)",,,,,,,,"(39.6543, -104.9031)"
1,,39.7422,-104.992,Sonesta Denver Downtown ,"Rooms are reasonably spacious and have free broadband internet access and a desk. Breakfast is modestly priced and modest in style. The lobby is typical Holiday Inn. Given the size of the hotel, reception and concierge staff numbers are small but there still seem to be no queues for their services. Stay high in a room on the Glenarm St. side if you want a mountain view. Airport shuttles ($21 to international) serve the hotel.",wikivoyage,red,1450 Glenarm Pl ,https://www.sonesta.com/us/colorado/denver/sonesta-denver-downtown ,Sleep_Mid-range,"(39.7422, -104.992)",,,,,,,,"(39.7422, -104.992)"
0,,39.7756,-104.9024,Courtyard Denver Stapleton ,Between the airport and downtown Denver. 24-hour market on-site.,wikivoyage,red,7415 E 41st Ave ,https://www.marriott.com/hotels/travel/denca-courtyard-denver-stapleton/ ,Sleep_Mid-range,"(39.7756, -104.9024)",,,,,,,,"(39.7756, -104.9024)"
2,,39.752701,-104.991886,Hostel Fish ,"Upscale hostel that opened in July 2015 in a historic building in downtown Denver that occupies top 2 floors of the building and a restaurant and bar on the ground floor of the historic building. The 2 story hostel has 67 dorm beds and 2 private rooms available with free continental breakfast, free wi-fi, guest lounge, bar and kitchen.",wikivoyage,red,1217 20th St ,http://www.hostelfish.com/ ,Sleep_Budget,"(39.752701, -104.991886)",,,,,,,,"(39.752701, -104.991886)"
1,,39.7554,-105.0163,Ramada Denver Midtown ,,wikivoyage,red,2601 Zuni St ,https://www.wyndhamhotels.com/ramada/denver-colorado/ramada-denver-midtown/overview ,Sleep_Budget,"(39.7554, -105.0163)",,,,,,,,"(39.7554, -105.0163)"
0,,39.7341,-104.9871,11th Avenue Hostel ,,wikivoyage,red,1112 N. Broadway ,http://11thavenuehostel.com/ ,Sleep_Budget,"(39.7341, -104.9871)",,,,,,,,"(39.7341, -104.9871)"
2,,39.76761,-104.97504,Tracks ,"Denver's main gay nightclub, Tracks is big, friendly, and very fun. Go there Thursday for 18+ nights, or check out the monthly lesbian party First Fridays. Once a month (usually 3rd Friday) they have a themed Rollerskating event. Skates run out fast, bring your own if you can.",wikivoyage,red,3500 Walnut St ,http://www.tracksdenver.com/ ,Drink_Nightclubs,"(39.76761, -104.97504)",,,,,,,,"(39.76761, -104.97504)"
1,,39.73975,-104.97624,Charlie's ,"Charlie's is simultaneously a gay bar and cultural landmark catering to the old west spirit and/or disco diva in all of us. Charlie's has a friendly clientele, a mix of country, pop, and dance music, and inexpensive drinks.",wikivoyage,red,900 E Colfax Ave ,http://www.charliesdenver.com/ ,Drink_Nightclubs,"(39.73975, -104.97624)",,,,,,,,"(39.73975, -104.97624)"
0,,39.7951,-104.9867,Grizzly Rose ,"A must for a true western experience. The Grizzly Rose is a huge saloon with line-dancing, live music, and even a mechanical bull. A popular draw for people living outside the city.",wikivoyage,red,5450 North Valley Highway ,https://www.grizzlyrose.com/ ,Drink_Nightclubs,"(39.7951, -104.9867)",,,,,,,,"(39.7951, -104.9867)"
9,,39.7313,-104.98635,Drip ,"#G. Upscale atmosphere with friendly staff and reasonable prices. Serving locally-roasted coffee, teas, sandwiches and pastries. Good spot for studying, business meetings, or just to meet with friends. Wifi-equipped, and there's a loft upstairs.",wikivoyage,red,955 Lincoln St ,http://www.dripdenver.com/ ,Drink_Coffee,"(39.7313, -104.98635)",,,,,,,,"(39.7313, -104.98635)"
8,,39.71217,-104.98733,Bardo ,"Great laid-back atmosphere, vintage couches in back, tables in front, booths in the middle. Serves locally-roasted coffee, pastries and teas. Good study spot, or just to meet with friends. Wifi-equipped.",wikivoyage,red,228 S Broadway ,https://www.bardocoffee.com/ ,Drink_Coffee,"(39.71217, -104.98733)",,,,,,,,"(39.71217, -104.98733)"
7,,39.68961,-104.98026,Stella's Coffeehaus ,"Large wifi-friendly coffeeshop with a warm, open feel. Popular among students studying during the day, louder and livelier at night.",wikivoyage,red,1476 S Pearl St ,https://stellascoffee.com/ ,Drink_Coffee,"(39.68961, -104.98026)",,,,,,,,"(39.68961, -104.98026)"
6,,39.75899,-105.00876,Metropolis ,11th and Cherokee and 17th and Champa. Modern. Wifi/Laptop friendly.,wikivoyage,red, ,http://www.metropolisdenver.com/ ,Drink_Coffee,"(39.75899, -105.00876)",,,,,,,,"(39.75899, -105.00876)"
5,,39.77672,-105.01305,Common Grounds Downtown ,An old mainstay in Denver. Moved to the Highlands.,wikivoyage,red,2139 W 44th Ave ,http://www.commongroundscoffeehouse.com/ ,Drink_Coffee,"(39.77672, -105.01305)",,,,,,,,"(39.77672, -105.01305)"
4,,39.73061,-104.97276,Dazbog ,Formerly Diedrich's. Lovely tree lined street. Nice selection of pastries and light bites. Wifi/laptop friendly. Multiple locations around the city.,wikivoyage,red, ,http://www.dazbog.com/ ,Drink_Coffee,"(39.73061, -104.97276)",,,,,,,,"(39.73061, -104.97276)"
3,,39.7463,-104.9809,Fluid ,Modern. Gourmets: order an artisan coffee made with the Clover machine. Light pre-packaged eats available. Wifi/Laptop friendly.,wikivoyage,red, ,http://www.fluidcoffeebar.com/ ,Drink_Coffee,"(39.7463, -104.9809)",,,,,,,,"(39.7463, -104.9809)"
2,,39.7434,-104.9629,St. Mark's ,Quintessential coffeehouse ambience. House made pastries. Lovely neighborhood block with a nice collection of restaurants.,wikivoyage,red,2019 E 17th Ave ,http://www.stmarkscoffeehouse.com/ ,Drink_Coffee,"(39.7434, -104.9629)",,,,,,,,"(39.7434, -104.9629)"
1,,39.7403,-104.94947,Hooked on Colfax ,"A few blocks south of City Park. Wifi-friendly coffeeshop with great local coffee offerings, as well as a small selection of beer, wine, and cocktails. Offers delicious home-baked pastries and quiches, with gluten-free and vegan options.",wikivoyage,red,3213 E Colfax ,http://www.hookedoncolfax.com ,Drink_Coffee,"(39.7403, -104.94947)",,,,,,,,"(39.7403, -104.94947)"
0,,39.7255,-104.979,Pablo's Coffee ,"Also location at 1300 Pennsylvania St (NE corner 13th Ave and Penn). Fresh roasted coffee roasted in the store, excellent barristas and a nice patio, no wi-fi so the number of student ""campers"" is a minimum, a great place for people looking for a great cup of coffee.",wikivoyage,red,"630 E 6th Ave, 80203 ",https://www.pabloscoffee.com/ ,Drink_Coffee,"(39.7255, -104.979)",,,,,,,,"(39.7255, -104.979)"
0,,39.7202,-104.8965,Lowry Beer Garden ,"In the Lowry neighborhood, this beer garden is in between two of the old airplane hangars that made up Lowry Air Force Base. The Garden offers a thoughtful draft and bottled beer selection with a focus on Colorado and handcrafted brews. The Lowry Beer Garden also serves up your favorite casual fare with locally-made gourmet brats & sausages, freshly-baked pretzels, house-ground burgers, hand-cut fries and chef-created salads.",wikivoyage,red,7577 East Academy Blvd ,http://www.lowrybeergarden.com/ ,Drink_Bars elsewhere in Denver,"(39.7202, -104.8965)",,,,,,,,"(39.7202, -104.8965)"
1,,39.7398,-104.9657,Squire Lounge ,"This is a serious dive bar, complete with nasty bathrooms, unkempt floors, characters, a couple pool tables, and a jukebox. And cheap late night drinks accompanied by some seriously plastered clientèle. Clearly not for everyone, but it has its place. If you are up for a real wild ride, order ''The Beaver'', a huge pitcher of impromptu God-only-knows-what, usually less than $10.",wikivoyage,red,1800 E Colfax Ave , ,Drink_Bars on Colfax,"(39.7398, -104.9657)",,,,,,,,"(39.7398, -104.9657)"
0,,39.7399,-104.9487,Mezcal ,"Mezcal is a hip Mexican-themed bar/restaurant serving excellent and cheap Mexican food along with its plentiful selection of great drinks, particularly tequilas.",wikivoyage,red,3230 E Colfax Ave ,http://www.mezcalcolorado.com/ ,Drink_Bars on Colfax,"(39.7399, -104.9487)",,,,,,,,"(39.7399, -104.9487)"
3,,39.7338,-104.97567,Park Tavern ,Tavern food and drink,wikivoyage,red,931 E 11th Ave ,http://www.theparktaverndenver.com/ ,Drink_Bars in Capitol Hill,"(39.7338, -104.97567)",,,,,,,,"(39.7338, -104.97567)"
2,,39.7367,-104.9845,City O City ,You will find a changing handful of unusual brews on tap. Grab a blueberry muffin or the vegan buffalo wings (which are excellent - and you can eat them without having to worry about a bone!) and people watch.,wikivoyage,red,206 E 13th Ave ,http://www.cityocitydenver.com/ ,Drink_Bars in Capitol Hill,"(39.7367, -104.9845)",,,,,,,,"(39.7367, -104.9845)"
1,,39.7351,-104.9857,The Church ,"Part of the ""SoCo"" (South of Colfax) club district, the Church is one of the most popular dance clubs in the city, and as its name suggests, is housed in a former Episcopalian church. That however, does not prevent hundreds if not thousands of people from descending on the dance floor every night to shake what God has given them.",wikivoyage,red,1160 Lincoln St ,http://www.coclubs.com/the-church/ ,Drink_Bars in Capitol Hill,"(39.7351, -104.9857)",,,,,,,,"(39.7351, -104.9857)"
0,,39.7318,-104.9831,Charlie Brown's Bar & Grill ,"Charlie Brown's in another Beat-era hangout located at a hotel where Ginsburg and the gang used to stay. Has great happy-hours, a mostly local crowd, good food, and an agile piano player belting out tunes while you drink.",wikivoyage,red,980 Grant St ,http://www.charliebrownsbarandgrill.com/ ,Drink_Bars in Capitol Hill,"(39.7318, -104.9831)",,,,,,,,"(39.7318, -104.9831)"
3,,39.7534,-104.9985,Wynkoop Brewery ,"Fresh brews, billiard tables, and excellent food. Banquets and private parties. Historically significant architecture.",wikivoyage,red,1634 18th St ,http://www.wynkoop.com/ ,Drink_Bars in Lower Downtown (LoDo),"(39.7534, -104.9985)",,,,,,,,"(39.7534, -104.9985)"
2,,39.7486,-105.0003,Nallen's Irish Pub ,"A little piece of the Old Country in Denver, Nallen's has great nightly drink specials and a Tuesday night pub quiz.",wikivoyage,red,1429 Market St ,http://www.nallenspub.com/ ,Drink_Bars in Lower Downtown (LoDo),"(39.7486, -105.0003)",,,,,,,,"(39.7486, -105.0003)"
1,,39.7562,-105.0093,My Brother's Bar ,"Brother's is the oldest still-operating bar in Denver, steeped in the history of the Beat movement; Jack Kerouac was a regular here during his years in Denver. Massive selection of premium choices and a fantastic single-malt scotch selection. Classical music plays, but don't expect to hear it on a really busy night. Good food, making this a great casual lunch option, including the JCB: a cheeseburger featuring Jalapeno Cream Cheese. There's no sign on the bar so don't look for one, but it's right on the southeast corner of 15th and Platte streets. This is where the locals go and regulars abound.",wikivoyage,red,2376 15th St ,https://www.mybrothersbar.com/ ,Drink_Bars in Lower Downtown (LoDo),"(39.7562, -105.0093)",,,,,,,,"(39.7562, -105.0093)"
0,,39.7521,-104.9993,The Cruise Room ,1930s Art Deco martini bar inside the Oxford Hotel. Best martinis in Denver! You can also order fresh seafood from McCormick's Fish House.,wikivoyage,red,1600 17th St ,http://www.theoxfordhotel.com/denver-dining/the-cruise-room/ ,Drink_Bars in Lower Downtown (LoDo),"(39.7521, -104.9993)",,,,,,,,"(39.7521, -104.9993)"
5,,39.747538,-104.9947179,Rock Bottom ,A national chain of brewpubs..,wikivoyage,red, ,http://www.rockbottom.com ,Drink,"(39.747538, -104.9947179)",,,,,,,,"(39.747538, -104.9947179)"
3,,39.7126,-104.9987,Stranahan's Colorado Whiskey ,,wikivoyage,red,200 S Kalamath St ,https://www.stranahans.com/ ,Drink,"(39.7126, -104.9987)",,,,,,,,"(39.7126, -104.9987)"
2,,39.70306,-104.93245,Bull & Bush ,,wikivoyage,red, ,https://bullandbush.com/ ,Drink,"(39.70306, -104.93245)",,,,,,,,"(39.70306, -104.93245)"
1,,39.7534,-104.99836,Wynkoop Brewing Company ,,wikivoyage,red, ,http://www.wynkoop.com ,Drink,"(39.7534, -104.99836)",,,,,,,,"(39.7534, -104.99836)"
0,,39.75377,-104.98847,Great Divide Brewing Co. ,"Offers 30-minute tours on the hour M-F 3-5PM, Sa Su 2-6PM ",wikivoyage,red, 2201 Arapahoe St ,https://greatdivide.com/ ,Drink,"(39.75377, -104.98847)",,,,,,,,"(39.75377, -104.98847)"
5,,39.7728,-105.0111,The Wolf's Tailor ,"This Michelin-starred restaurant puts a lot of care into a sustainable, seasonal chef's tasting menu. The chef's menu is the only offering. Seating indoors or in a small garden outdoors.",wikivoyage,red,4058 Tejon St ,https://www.thewolfstailor.com/ ,Eat_Splurge,"(39.7728, -105.0111)",,,,,,,,"(39.7728, -105.0111)"
4,,39.75283,-104.99816,Urban Farmer ,"This is a most curious hybrid: a committee steakhouse with serious, delicious vegan options on the menu. High quality with a price to suit. In a heritage building, for which the city tacks a small maintenance charge onto your bill. Outdoor tables along Wazee Street are pleasant when the weather cooperates.",wikivoyage,red,1659 Wazee St ,https://www.urbanfarmersteakhouse.com/location/urban-farmer-denver/ ,Eat_Splurge,"(39.75283, -104.99816)",,,,,,,,"(39.75283, -104.99816)"
3,,39.7528,-104.9994,Venice Ristorante ,"Amazing, authentic Italian. Very expensive. Very romantic. Very good. Reservations highly recommended.",wikivoyage,red,1700 Wynkoop St ,http://veniceristorante.com/ ,Eat_Splurge,"(39.7528, -104.9994)",,,,,,,,"(39.7528, -104.9994)"
2,,39.7322,-105.005,Buckhorn Exchange ,"Denver's oldest restaurant, from 1893, played host to famous guest after famous guest, arguably starting with one President Teddy Roosevelt in 1905. Without a doubt, this is as touristy as it gets, but it is nonetheless absolutely worth a visit. Famous for its game meat, both prosaic and rare, the buffalo tenderloin is exceptional, but more adventurous palates can go after the rattlesnake dip, alligator tail, ostrich medallions, or even yak steak! (Call ahead to check ostrich and yak availability.) The place is ''saturated'' in Old West kitsch, aging wood, and animal heads, and Th-Sa nights Roz Brown stops by to croon old cowboy tunes accompanied by his autoharp.",wikivoyage,red,1000 Osage St ,http://www.buckhorn.com/ ,Eat_Splurge,"(39.7322, -105.005)",,,,,,,,"(39.7322, -105.005)"
1,,39.7255,-104.9513,Barolo Grill ,Decadent Italian.,wikivoyage,red,3030 E 6th Ave ,http://barologrilldenver.com/ ,Eat_Splurge,"(39.7255, -104.9513)",,,,,,,,"(39.7255, -104.9513)"
0,,39.748,-104.9992,TAG ,"Continental food, house-made tonic for drinks.",wikivoyage,red,1441 Larimer St ,http://www.tag-restaurant.com/ ,Eat_Splurge,"(39.748, -104.9992)",,,,,,,,"(39.748, -104.9992)"
5,,39.7555,-104.989,Snooze ,"Inventive, trendy (and ''really good'') breakfast is the show-stopper at the east edge of LoDo, and you can expect the place to get extremely crowded on weekends. The thick, rich hot chocolate is definitely worth ordering.",wikivoyage,red,2262 Larimer St ,http://www.snoozeeatery.com/ ,Eat_Mid-range,"(39.7555, -104.989)",,,,,,,,"(39.7555, -104.989)"
4,,39.7091,-104.988,Imperial Chinese ,The Imperial is Denver's premier Chinese restaurant and has been since the 1990s.,wikivoyage,red,431 S Broadway ,http://www.imperialchinesedenver.com/ ,Eat_Mid-range,"(39.7091, -104.988)",,,,,,,,"(39.7091, -104.988)"
3,,39.7113,-105.0234,Empress Seafood ,Empress has long been the queen of dim-sum and affordable yet flavorful seafood selections from all over Asia.,wikivoyage,red,2825 W Alameda Ave ,http://www.theempressrestaurant.com/ ,Eat_Mid-range,"(39.7113, -105.0234)",,,,,,,,"(39.7113, -105.0234)"
2,,39.746,-104.9814,D Bar Desserts ,"Dessert is the main course at d Bar, especially with celebrity chef Keegan Gerhard making the delectable desserts. The menu does includes savory items as well as Allegro Coffee to go with your sweets.",wikivoyage,red,494 E 19th Ave ,http://www.dbardenver.com/ ,Eat_Mid-range,"(39.746, -104.9814)",,,,,,,,"(39.746, -104.9814)"
1,,39.681637,-104.987232,Azucar Bakery ,"Café, dessert restaurant and bakery. Sit-down area with LavAzza coffee, fruit smoothies, pastries, Inca Kola, tarts, cookies, cupcakes, ice cream.",wikivoyage,red,1886 S Broadway ,http://www.azucarbakery.com ,Eat_Mid-range,"(39.681637, -104.987232)",,,,,,,,"(39.681637, -104.987232)"
0,,39.7618,-105.0194,Patzcuaro's Mexican Restaurant ,This neighborhood favorite has the most amazing tacos and green chili.,wikivoyage,red,2616 W 32nd Ave ,http://www.patzcuaros.com/ ,Eat_Mid-range,"(39.7618, -105.0194)",,,,,,,,"(39.7618, -105.0194)"
0,,39.7081,-104.9879,Blue Bonnet ,"A noisy bar featuring southwest/Tex-Mex in Denver. There is patio seating and two separate dining rooms that are a bit quieter than the main bar. Consistently rated a ""Best of"" in various local polls.",wikivoyage,red,457 S Broadway ,http://www.bluebonnetrestaurant.com/ ,Eat_Budget_Around the light rail station Alameda,"(39.7081, -104.9879)",,,,,,,,"(39.7081, -104.9879)"
0,,39.7102,-105.0258,Far East Center ,"Several southeast Asian restaurants located in this area offer a wide variety of pho, noodle houses, upscale Vietnamese, dim sum and other Asian cuisines. Pho 95, Pho Duy, Super Star Asian and Saigon Bowl are a few of the places to try in this diverse and delicious culinary corridor.",wikivoyage,red,Federal Blvd , ,Eat_Budget_West Denver,"(39.7102, -105.0258)",,,,,,,,"(39.7102, -105.0258)"
0,,39.7196,-104.9563,Cherry Cricket ,"Once featured on the Travel Channel's ''Man vs. Food'', the Cherry Cricket is known for having a massive variety of toppings to put on your burger, including such oddities as melted peanut butter, fried eggs, and cream cheese.",wikivoyage,red,2641 E 2nd Ave ,http://cherrycricket.com/ ,Eat_Budget_Around the Cherry Creek shopping mall,"(39.7196, -104.9563)",,,,,,,,"(39.7196, -104.9563)"
0,,39.7398,-104.9636,Pete's Kitchen ,This combination Greek restaurant and short-order diner is open 24 hours a day and has a great Greek salad and French toast. It's a favorite of local celebrities as well.,wikivoyage,red,1962 E Colfax Ave ,http://www.petesrestaurants.com/PetesKitchen.html ,Eat_Budget_Around the Cheesman Park,"(39.7398, -104.9636)",,,,,,,,"(39.7398, -104.9636)"
0,,39.6783,-104.9654,Jerusalem ,"Open until 3AM, this small but excellent Middle Eastern restaurant offers great no-frills food in a laid-back and hip atmosphere.",wikivoyage,red,1890 E Evans Ave ,http://www.jerusalemrestaurant.com/ ,Eat_Budget_Around the University of Denver,"(39.6783, -104.9654)",,,,,,,,"(39.6783, -104.9654)"
0,,39.73543,-104.98968,Levən Deli ,"A bakery with wine and a deli counter, or a deli with an active oven?  Either way, the baked goods and sandwiches are excellent. At 11am, the menu switches from breakfast to lunch. Outdoor seating is glorious in warm sunny weather.",wikivoyage,red,123 West 12th Avenue ,https://eatleven.com/deli/ ,Eat_Budget_Around the Molly Brown House Museum and Golden Triangle,"(39.73543, -104.98968)",,,,,,,,"(39.73543, -104.98968)"
0,,39.73679,-104.97938,Bennie Blanco's ,"Bennie Blanco's is a classic hole-in-the-wall pizza joint, and in this case the phrase is literal. There's no seating, but big, New York-style slices fresh from the oven can be had for as little as $3.00 a slice.",wikivoyage,red,616 E 13th Ave , ,Eat_Budget_Around the Molly Brown House Museum and Golden Triangle,"(39.73679, -104.97938)",,,,,,,,"(39.73679, -104.97938)"
0,,39.7276,-104.9983,El Taco de Mexico ,This small Mexican lunch-counter offers many delicious food choices for the adventurous palate.,wikivoyage,red,714 Santa Fe Dr ,http://eltacodemexicodenver.com/ ,Eat_Budget_Around the Museo de las Americas,"(39.7276, -104.9983)",,,,,,,,"(39.7276, -104.9983)"
2,,39.7527721,-104.9911964,La Popular Food Company ,,wikivoyage,red,2033 Lawrence St , ,Eat_Budget_Around the Coors Field,"(39.7527721, -104.9911964)",,,,,,,,"(39.7527721, -104.9911964)"
1,,39.7530997,-104.9904628,Denver Ted's Cheesesteaks ,,wikivoyage,red, 2020 Lawrence St Unit A, ,Eat_Budget_Around the Coors Field,"(39.7530997, -104.9904628)",,,,,,,,"(39.7530997, -104.9904628)"
0,,39.7541843,-104.9911311,Mexico City Lounge ,,wikivoyage,red, 2115 Larimer St, ,Eat_Budget_Around the Coors Field,"(39.7541843, -104.9911311)",,,,,,,,"(39.7541843, -104.9911311)"
5,,39.7427567,-104.9888991,Lazo Empanadas ,,wikivoyage,red,303 16th St Mall , ,Eat_Budget_Downtown,"(39.7427567, -104.9888991)",,,,,,,,"(39.7427567, -104.9888991)"
4,,39.7432365,-104.9888337,Bubu Republic ,,wikivoyage,red,303 16th St Mall #3 , ,Eat_Budget_Downtown,"(39.7432365, -104.9888337)",,,,,,,,"(39.7432365, -104.9888337)"
3,,39.7437265,-104.990139, Denver Döner,,wikivoyage,red,480 16th St Mall , ,Eat_Budget_Downtown,"(39.7437265, -104.990139)",,,,,,,,"(39.7437265, -104.990139)"
2,,39.7483454,-105.0003733,Wally's Wisconsin Tavern ,Bar & grill.,wikivoyage,red, 1417 Market St , ,Eat_Budget_Downtown,"(39.7483454, -105.0003733)",,,,,,,,"(39.7483454, -105.0003733)"
1,,39.7501173,-104.9996102,D'Corazon Mexican Restaurant ,,wikivoyage,red,1530 Blake St Unit C , ,Eat_Budget_Downtown,"(39.7501173, -104.9996102)",,,,,,,,"(39.7501173, -104.9996102)"
0,,39.7463,-104.9957,Sam's No. 3 ,"Just a block off the 16th Street Mall and across the street from the Denver Center of Performing Arts Complex, this family-owned restaurant has been feeding Denver and its visitors since 1927. Featured on Diners, Drive-ins & Dives for their Famous Kickin' Pork Green Chili, it's not a spot to be missed.",wikivoyage,red,1500 Curtis St ,http://samsno3.com/ ,Eat_Budget_Downtown,"(39.7463, -104.9957)",,,,,,,,"(39.7463, -104.9957)"
2,,39.75257,-105.0009764,Zoe Ma Ma ,Chinese street food,wikivoyage,red,1625 Wynkoop St , ,Eat_Budget_Around the Union Station,"(39.75257, -105.0009764)",,,,,,,,"(39.75257, -105.0009764)"
1,,39.75322,-104.99974,Olive & Finch ,"A small deli counter indoors serves grab and go coffee and sandwiches for the train commuters, while a dozen tables on the patio allow for more relaxed dining. Order at the counter, and staff bring you the food.",wikivoyage,red,1701 Wynkoop St ,https://www.oliveandfinch.com/location/olive-finch-union-station/ ,Eat_Budget_Around the Union Station,"(39.75322, -104.99974)",,,,,,,,"(39.75322, -104.99974)"
0,,39.7509,-104.9999,Illegal Pete's ,"A local favorite hangout with great, cheap burritos. Its patio is directly on the 16th St Mall, making it a great place to people watch.",wikivoyage,red,1530 16th St #101 ,http://www.illegalpetes.com/ ,Eat_Budget_Around the Union Station,"(39.7509, -104.9999)",,,,,,,,"(39.7509, -104.9999)"
0,,39.7593208,-104.9845439,The Denver Central Market ,,wikivoyage,red,2669 Larimer St , ,Eat_Food markets,"(39.7593208, -104.9845439)",,,,,,,,"(39.7593208, -104.9845439)"
2,,39.72019,-104.95317,The Wizard's Chest ,Magical toy and costume shop.,wikivoyage,red,230 Fillmore St ,http://www.wizardschest.com/ ,Buy_Specific retailers,"(39.72019, -104.95317)",,,,,,,,"(39.72019, -104.95317)"
1,,39.7398323,-104.956641,The Tattered Cover ,"The area's largest and best-known bookstore, selling new and used books. The bookstore hosts author readings and other educational programs at their two downtown locations.",wikivoyage,red, ,http://www.tatteredcover.com/ ,Buy_Specific retailers,"(39.7398323, -104.956641)",,,,,,,,"(39.7398323, -104.956641)"
0,,39.7401,-104.9742,Angelo's CDs & More ,"Eclectic record store offering thousands of new and used vinyl records, CDs, and DVDs.",wikivoyage,red,1959 S. Broadway ,https://www.angeloscds.com/ ,Buy_Specific retailers,"(39.7401, -104.9742)",,,,,,,,"(39.7401, -104.9742)"
3,,39.7482,-104.9999,Larimer Square ,,wikivoyage,red,,"https://www.larimersquare.com/ offers some of the best shopping districts in the city and was one of the first urban shopping concepts, dating back to the 1960s.  The area is full of all kinds of stuff from clothing to furniture.  Check out the district's rich history, as well. The main part is along Larimer Street between 14th and 16th Streets.",Buy_Districts,"(39.7482, -104.9999)",,,,,,,,"(39.7482, -104.9999)"
2,,39.742043,-104.991531,Let's Roam Denver Brewery Tour ,Guided walking tour in downtown Denver's famed Brewery district LoDO. The tour is a fun pub brawl crawl combined brewery tour.,wikivoyage,red,2201 Arapahoe St ,https://www.letsroam.com/bar_hunt/LODO_Denver_Bar_Crawl ,Do_Brewery tours,"(39.742043, -104.991531)",,,,,,,,"(39.742043, -104.991531)"
1,,39.75363,-105.0007481,Denver Microbrew Tour ,"Guided walking tour in downtown Denver’s historic LODO (lower downtown) area. The tour includes a brewery tour, beer samplings at several microbreweries, everything you want to know about beer, and local Denver history.",wikivoyage,red,Denver Downtown ,http://denvermicrobrewtour.com/ ,Do_Brewery tours,"(39.75363, -105.0007481)",,,,,,,,"(39.75363, -105.0007481)"
0,,39.754,-104.9885,Great Divide Brewing Company ,This celebrated local microbrewery is helping make Denver an international destination for beer-lovers. Learn firsthand how they do it. Tours happen Monday-Saturday.,wikivoyage,red,2201 Arapahoe St ,http://www.greatdivide.com ,Do_Brewery tours,"(39.754, -104.9885)",,,,,,,,"(39.754, -104.9885)"
0,,39.682106,-104.961592,Denver Pioneers ,"The University of Denver (DU), which plays NCAA Division I sports, mostly in the Summit League. With no football program, the highest-profile sports are men's basketball, men's ice hockey (in which it is a traditional powerhouse, playing in the National Collegiate Hockey Conference), and men's lacrosse (an emerging national power in the Big East Conference).",wikivoyage,red,"Ritchie Center, 2240 E. Buchtel Blvd ",https://denverpioneers.com/ ,Do_Sports,"(39.682106, -104.961592)",,,,,,,,"(39.682106, -104.961592)"
3,,39.80569,-104.89188,Denver Barbarians Rugby Club ,"The lower-profile but more successful of Denver's two rugby union teams, competing in the U.S. Rugby Super League since 1967 with three championships to their name.",wikivoyage,red,"Dick's Sporting Goods Park, 6000 Victory Way, Commerce City ",https://www.denverbarbariansrugby.com/ ,Do_Sports,"(39.80569, -104.89188)",,,,,,,,"(39.80569, -104.89188)"
2,,39.69925,-104.93496,Glendale Raptors Rugby Club ,"Rugby union club whose top side competes in Major League Rugby, the USA's latest attempt at a professional league in the sport. The organization also fields women's, developmental men's, and youth teams, some of which play as the Glendale Merlins. Also of note: In 2018, Infinity Park became home to the USA Women's Sevens, a tournament in the World Rugby Women's Sevens Series for national teams in rugby sevens, a variant of union with 7 players per side instead of 15, with halves of 7 minutes instead of 40.",wikivoyage,red,"Infinity Park, 4599 E. Tennessee Ave., Glendale ",https://www.glendaleraptors.com ,Do_Sports,"(39.69925, -104.93496)",,,,,,,,"(39.69925, -104.93496)"
1,,39.7485,-105.0074,Colorado Mammoth ,"They may have only won one Champions' Cup, in 2006, but the Mammoth are a perennial force to be reckoned within the National Lacrosse League. They play at '''Ball Arena''', and tickets are easy to come by (and a relative steal, starting at $10 for single seats).",wikivoyage,red,"Ball Arena, 1000 Chopper Circle ",http://www.coloradomammoth.com/ ,Do_Sports,"(39.7485, -105.0074)",,,,,,,,"(39.7485, -105.0074)"
3,,39.7485,-105.0079,Denver Nuggets ,"After decades of disappointment, Denver's [[Basketball in North America",wikivoyage,red,"Ball Arena, 1000 Chopper Circle ",http://www.nba.com/nuggets/ ,Do_Sports,"(39.7485, -105.0079)",,,,,,,,"(39.7485, -105.0079)"
2,,39.75611,-104.99406,Colorado Rockies ,Denver's [[Baseball in the United States,wikivoyage,red,"Coors Field, 2001 Blake St ",http://colorado.rockies.mlb.com ,Do_Sports,"(39.75611, -104.99406)",,,,,,,,"(39.75611, -104.99406)"
1,,39.7489,-105.0076,Colorado Avalanche ,"In 1995, the erstwhile [[Quebec City",wikivoyage,red,"Ball Arena, 1000 Chopper Circle ",http://avalanche.nhl.com ,Do_Sports,"(39.7489, -105.0076)",,,,,,,,"(39.7489, -105.0076)"
0,,39.74394,-105.02008,Denver Broncos ,The Broncos are among the most successful teams in the [[American Football,wikivoyage,red,"Empower Field at Mile High, 1701 Bryant St ",http://www.denverbroncos.com ,Do_Sports,"(39.74394, -105.02008)",,,,,,,,"(39.74394, -105.02008)"
6,,39.7769,-105.0437,Oriental Theater ,"Yet another movie palace turned music venue, the Oriental is the Berkeley neighborhood's destination of choice for everyone from rock and rollers to stand-up comedy fans to arthouse cinephiles.",wikivoyage,red,4335 W 44th Ave ,http://www.theorientaltheater.com ,Do_Live music,"(39.7769, -105.0437)",,,,,,,,"(39.7769, -105.0437)"
5,,39.74018,-104.97529,Ogden Theatre ,"Like the smaller Bluebird, the Ogden Theatre is another old silent movie house and vaudeville hall that's been repurposed as a music venue. Whatever your favorite genre - rock, hip-hop, R&B, electronica, country - you can probably find a show you like at this affable midsize venue.",wikivoyage,red,935 E Colfax Ave ,https://www.ogdentheatre.com/ ,Do_Live music,"(39.74018, -104.97529)",,,,,,,,"(39.74018, -104.97529)"
4,,39.73983,-104.96244,Lion's Lair ,"Famous, or should we say ''in''famous, dive bar in Colfax that's been a gathering place for Denver-area punk, hardcore, and thrash fans since the 80s. The drinks are cheap, the lights are dim, and the ambience is grungy - and that's meant in a good way.",wikivoyage,red,2022 E. Colfax Ave ,http://lionslairco.com/ ,Do_Live music,"(39.73983, -104.96244)",,,,,,,,"(39.73983, -104.96244)"
3,,39.75992,-104.98381,Larimer Lounge ,"You can't miss this hipster-friendly club and concert hall in RiNo, with huge, brightly painted Op Art murals covering the whole front of the building. Catch mostly local rock, country, and electronica acts, with a few national touring artists to mix things up, in an ambience that's a lot cleaner and less skeevy than some of the dives around town.",wikivoyage,red,2721 Larimer St ,http://larimerlounge.com/ ,Do_Live music,"(39.75992, -104.98381)",,,,,,,,"(39.75992, -104.98381)"
2,,39.71632,-104.98774,hi-dive ,"A small, scruffy bar with character to the hilt, hi-dive is mostly a place to go if you want to check out Denver's local music scene. But it's also made a name for itself as a place rising stars play just before they make it big, so come out to a show here and maybe you can say you ""saw them when....""",wikivoyage,red,7 S Broadway ,http://www.hi-dive.com/ ,Do_Live music,"(39.71632, -104.98774)",,,,,,,,"(39.71632, -104.98774)"
1,,39.74038,-104.97724,Fillmore Auditorium ,"Capitol Hill is where you'll find what may be the epicenter of Denver's live music scene. This cavernous space is famous for its dual Minors with Adults Liquor License, so if you're underage, you're not necessarily segregated into crappy seats.",wikivoyage,red,1510 Clarkson St , ,Do_Live music,"(39.74038, -104.97724)",,,,,,,,"(39.74038, -104.97724)"
0,,39.74036,-104.94835,Bluebird Theater ,"A beautiful old World War I-era silent movie palace on Colfax Avenue, now repurposed as a music hall where concerts in a variety of genres (primarily rock, but also blues, country, bluegrass and the like) are presented in an intimate setting.",wikivoyage,red,3317 E Colfax Ave ,http://www.bluebirdtheater.net/ ,Do_Live music,"(39.74036, -104.94835)",,,,,,,,"(39.74036, -104.94835)"
0,,39.75076,-104.98533,Mercury Cafe ,"Highly recommended. This popular restaurant/cafe/event center is a must for any lovers of poetry, theater, or counterculture. Live music almost every night, salsa classes, and more. Particularly recommended Sundays nights, when it hosts Denver's best poetry slam. Often, you might run into well-known names like Andrea Gibson. Check out their schedule for more information.",wikivoyage,red,2199 California St ,http://www.mercurycafe.com/ ,Do_Performing arts,"(39.75076, -104.98533)",,,,,,,,"(39.75076, -104.98533)"
3,,39.7452,-104.9978,Opera Colorado ,This young company performs classic operas in their downtown venue.,wikivoyage,red,Ellie Caulkins Opera House ,http://www.operacolorado.org/ ,Do_Performing arts,"(39.7452, -104.9978)",,,,,,,,"(39.7452, -104.9978)"
2,,39.74446,-104.9991,Denver Center for the Performing Arts ,"Spend an evening at the theater watching anything from revivals to world premieres. The center hosts a Tony Award-winning professional resident company, and touring productions.",wikivoyage,red,The Buell Theatre ,http://www.denvercenter.org ,Do_Performing arts,"(39.74446, -104.9991)",,,,,,,,"(39.74446, -104.9991)"
1,,39.7448,-104.99735,Colorado Symphony ,"The Colorado Symphony Orchestra is an American orchestra established in 1989, as the successor to the Denver Symphony.",wikivoyage,red,Boettcher Concert Hall ,http://www.coloradosymphony.org ,Do_Performing arts,"(39.7448, -104.99735)",,,,,,,,"(39.7448, -104.99735)"
0,,39.7454,-104.9982,Colorado Ballet ,"Founded in 1951, this internationally acclaimed company presents classical and contemporary ballets.",wikivoyage,red,Ellie Caulkins Opera House ,http://www.coloradoballet.org/ ,Do_Performing arts,"(39.7454, -104.9982)",,,,,,,,"(39.7454, -104.9982)"
1,,39.747,-104.9968,Comedy Works ,Laugh it up with local comedians and big name acts. 21 and up.,wikivoyage,red,1226 15th St ,http://www.comedyworks.com/ ,Do_Comedy,"(39.747, -104.9968)",,,,,,,,"(39.747, -104.9968)"
0,,39.7461,-104.995,Bovine Metropolis Theater ,"Nope, no cows on stage. Just exciting and surprising improv comedy shows five nights a week. All ages.",wikivoyage,red,1527 Champa St ,http://www.bovinemetropolis.com/ ,Do_Comedy,"(39.7461, -104.995)",,,,,,,,"(39.7461, -104.995)"
1,,39.78034,-105.05408,Lakeside ,"A throwback from Denver's past, Lakeside is an amusement park like they used to make; without all the corporate branding and commercialism. While it may have a somewhat seedy exterior, Lakeside is still a staple of local kids' upbringings, and remains a fixture of Denver culture as well as a much cheaper alternative to Elitch Gardens. Coaster buffs will squeal with glee over the Cyclone, the park's original 1940 Edward Vettel-designed wood coaster.",wikivoyage,red,4601 Sheridan Blvd ,http://www.lakesideamusementpark.com/ ,Do_Amusement parks,"(39.78034, -105.05408)",,,,,,,,"(39.78034, -105.05408)"
0,,39.750556,-105.011111,Elitch Gardens ,A huge amusement park with rides and family entertainment.,wikivoyage,red,2000 Elitch Cir ,https://www.elitchgardens.com ,Do_Amusement parks,"(39.750556, -105.011111)",,,,,,,,"(39.750556, -105.011111)"
2,,39.8005,-105.0553,Archery Games Denver ,Play archery dodgeball with bows and foam-tipped arrows at this indoor arena.,wikivoyage,red,"5405 W 56th Ave, Unit D ",https://www.archerygamesdenver.com/ ,Do,"(39.8005, -105.0553)",,,,,,,,"(39.8005, -105.0553)"
1,,39.74868,-104.99505,The Southwest Rink at Skyline Park ,Skating rink in downtown Denver open from late November to mid February.,wikivoyage,red,511 16th St ,http://www.downtowndenverrink.com/ ,Do,"(39.74868, -104.99505)",,,,,,,,"(39.74868, -104.99505)"
0,,39.74078,-105.01588,Convergence Station ,"A labrynthine, immersive, surreal, confusing explosion of creativity in this  five-floor installation by the Meow Wolf art team. ""Convergence Station"" is the official name for this location at Denver, but it is often referred to as ""Meow Wolf"". The narrative is that this is a station transporting you to other worlds.  Your ""tram"" drops you off at an upper floor, and you percolate down to the ground floor and exit. There is a restaurant off the lobby, and a bar tucked away in one of the astral planes. General admission is for a specific date and time, but paying more buys flexibility. Be aware you will need to wait outside, in the weather, until that time arrives.",wikivoyage,red,1338 1st St ,https://meowwolf.com/visit/denver ,Do,"(39.74078, -105.01588)",,,,,,,,"(39.74078, -105.01588)"
5,,39.71521,-105.00308,Denver Animal Shelter dog sculpture ,"A 20-foot-high sculpture of a dog, made out of metal dog tags.",wikivoyage,red,1241 W. Bayaud Ave , ,See_Parks and gardens,"(39.71521, -105.00308)",,,,,,,,"(39.71521, -105.00308)"
4,,39.754,-105.0085,Confluence Park ,"Named for the confluence of Cherry Creek and the South Platte River, Confluence Park is a summertime spot for many of Denver's residents. Cool off in the river, or bring a kayak or inner tube for the purpose built rapids near the REI store. The park is also accessible via the Cherry Creek or Platte bike trails.",wikivoyage,red,15th Street at the Platte River , ,See_Parks and gardens,"(39.754, -105.0085)",,,,,,,,"(39.754, -105.0085)"
3,,39.733,-104.9663,Cheesman Park ,The Acropolis-inspired pavilion has a commanding view of the Denver skyline.,wikivoyage,red,12th Ave at High St , ,See_Parks and gardens,"(39.733, -104.9663)",,,,,,,,"(39.733, -104.9663)"
2,,39.7,-104.971,Washington Park ,"Beautiful and lush Denver park, with lakes, flower gardens, a recreation center, soccer fields and tennis courts. Over 160 acres of natural beauty, surrounded by turn-of-the-19th-century homes. A favorite jogging, volleyball, and drinking destination. This used to be the favorite hang-out of young residents during the summer months, but regulations requiring permits for many common activities have reduced park usage and transferred it to City Park.",wikivoyage,red,S Downing St and E Louisiana Ave ,https://www.denver.org/listing/washington-park/6828/ ,See_Parks and gardens,"(39.7, -104.971)",,,,,,,,"(39.7, -104.971)"
1,,39.7325,-104.960833,Denver Botanic Gardens ,"Come for the array of flowers and plants from around the world, stay for the peace and quiet (and the free WiFi), then check out the bonus attractions. Above the gardens' bistro, you'll find Denver's first public green roof, a living example of the benefits of green design. Space and science buffs won't want to miss the OmniGlobe exhibit, a spherical simulation of the Earth from space.",wikivoyage,red,1005 York St ,http://www.botanicgardens.org ,See_Parks and gardens,"(39.7325, -104.960833)",,,,,,,,"(39.7325, -104.960833)"
0,,39.7477,-104.9501,City Park ,"Enjoy the Denver sunshine at this 330-acre urban park east of downtown. Two lakes, numerous fields, playgrounds, and a golf course, as well as the Denver Zoo and the Museum of Nature and Science are all within its expansive bounds.",wikivoyage,red, , ,See_Parks and gardens,"(39.7477, -104.9501)",,,,,,,,"(39.7477, -104.9501)"
12,,39.73645,-104.98992,Clyfford Still Museum ,"Clyfford Still was in the first generation of US abstract expressionist artist of the early-mid 20th century. He pioneered the path which Rothko, Pollock, and others followed. But Still was not concerned with fame or sales, which is why you have heard of the others but not Still. And so he kept most of his works, and his will called for a city to create a museum to exhibit the whole collection, intact, which was a very Still move. Denver rose to the challenge, and the result is this museum: fascinating architecture with fascinating contents. The curators are interested not just in Still's work but in the questions it raises, such as how to preserve forever drawings which fade with light and paintings which darken with time.",wikivoyage,red,1250 Bannock Street ,https://clyffordstillmuseum.org/ ,See_Museums and architecture,"(39.73645, -104.98992)",,,,,,,,"(39.73645, -104.98992)"
11,,39.7210515,-104.8954657,Wings Over the Rockies Air & Space Museum ,An air museum at the former Lowry Air Force Base with large aircraft and spacecraft collection.,wikivoyage,red,7711 East Academy Blvd ,https://wingsmuseum.org/ ,See_Museums and architecture,"(39.7210515, -104.8954657)",,,,,,,,"(39.7210515, -104.8954657)"
10,,39.7356,-104.9905,Kirkland Museum ,"Fine and Decorative art museum featuring over 30,000 works by more than 1,500 artists and designers. Building was moved in 2016. ",wikivoyage,red,1201 Bannock St ,http://www.kirklandmuseum.org/ ,See_Museums and architecture,"(39.7356, -104.9905)",,,,,,,,"(39.7356, -104.9905)"
9,,39.75383,-104.99462,National Ballpark Museum ,"A family-run museum that contains one of the best private baseball collections in the country, this museum holds a stunning collection of artifacts from ballparks all over the country, including signs, bricks, and seats from the classic ballparks of old, as well as a section of Fenway Park's ""Green Monster"".",wikivoyage,red,1940 Blake St ,http://www.ballparkmuseum.com/ ,See_Museums and architecture,"(39.75383, -104.99462)",,,,,,,,"(39.75383, -104.99462)"
8,,39.7523,-105.0042,Museum of Contemporary Art Denver ,"Housed in an ultra-modern building downtown, this innovative museum seeks to engage the community with workshops, films, lectures, and a relaxing, open environment. Visit the rooftop deck for 360-degree views of Denver, grab a quick bite in the cafe, and check out the functional public performance space called The Lane.",wikivoyage,red,1485 Delgany St ,http://www.mcadenver.org ,See_Museums and architecture,"(39.7523, -105.0042)",,,,,,,,"(39.7523, -105.0042)"
7,,39.73,-104.999,Museo de las Americas ,"Denver is home to a large and growing Latino population, and this museum focuses on their art and heritage.",wikivoyage,red,861 Santa Fe Dr ,http://museo.org/ ,See_Museums and architecture,"(39.73, -104.999)",,,,,,,,"(39.73, -104.999)"
6,,39.73749,-104.98073,Molly Brown House Museum ,"This restored Victorian was once home to labor reformist, actress and ''Titanic'' survivor Margaret Brown. It now showcases that era of Colorado history through exhibits and special events. Museum is limited to 16 visitors at a time, so purchasing tickets in advance is highly recommended.",wikivoyage,red,1340 Pennsylvania St ,http://www.mollybrown.org ,See_Museums and architecture,"(39.73749, -104.98073)",,,,,,,,"(39.73749, -104.98073)"
5,,39.7361,-104.987,History Colorado Center ,"The center has many displays and exhibits focusing on historical sites throughout Colorado (prairie settlement, mine, Native American life, etc.) Great for families with kids and even adults; only takes 1-1½ hours to take in.",wikivoyage,red,1200 Broadway ,http://www.historycoloradocenter.org ,See_Museums and architecture,"(39.7361, -104.987)",,,,,,,,"(39.7361, -104.987)"
4,,39.77779,-104.97073,Forney Transportation Museum ,,wikivoyage,red,4303 Brighton Blvd ,http://forneymuseum.org ,See_Museums and architecture,"(39.77779, -104.97073)",,,,,,,,"(39.77779, -104.97073)"
3,,39.7475,-104.942,Denver Museum of Nature & Science ,"Exhibitions, planetarium and IMAX. Highlights include extensive geological specimens and a lovely view of the mountains with a diagram identifying which peaks are which.",wikivoyage,red,2001 Colorado Blvd ,http://www.dmns.org ,See_Museums and architecture,"(39.7475, -104.942)",,,,,,,,"(39.7475, -104.942)"
2,,39.73978,-104.99225,Denver Mint ,"Thanks to this place, more U.S. money is made in Denver than anywhere else in the world. Fish a coin out of your pocket and look for the ""D"" on the face side (usually in the bottom right quadrant). That means the money was minted in Denver. Tour times vary by day. Each day, tickets are available starting at 7AM until they run out. Check the website for closures and for the list of permitted/forbidden items before your visit.",wikivoyage,red,320 W Colfax Ave ,https://www.usmint.gov/about/tours-and-locations/denver/tour-denver-mint ,See_Museums and architecture,"(39.73978, -104.99225)",,,,,,,,"(39.73978, -104.99225)"
1,,39.74039,-104.99269,Denver Firefighters Museum ,"Historical and interactive exhibits, activities and special events celebrating Denver's firefighters.",wikivoyage,red,1326 Tremont Pl ,http://www.denverfirefightersmuseum.org ,See_Museums and architecture,"(39.74039, -104.99269)",,,,,,,,"(39.74039, -104.99269)"
0,,39.737222,-104.989722,Denver Art Museum ,A huge museum with art from all over the world. You'll want to give yourself several hours to properly explore the place.,wikivoyage,red,100 W 14th Ave Pkwy ,http://www.denverartmuseum.org/ ,See_Museums and architecture,"(39.737222, -104.989722)",,,,,,,,"(39.737222, -104.989722)"
4,,39.739232,-104.984868,Colorado State Capitol ,"A gorgeous domed building at the southern edge of Downtown. Tours are available, though the big attraction for tourists is standing above the words ""One Mile Above Sea Level"" engraved into one of the steps out front. Free tours start at the visitor information desk every hour M-F 10AM-3PM.",wikivoyage,red,200 E Colfax Ave ,https://capitol.colorado.gov/ ,See_Museums and architecture,"(39.739232, -104.984868)",,,,,,,,"(39.739232, -104.984868)"
3,,39.749,-105.017,Children's Museum of Denver ,"This educational museum takes a fun, hands-on approach to learning. Note: No adults are allowed in the Museum without a child, and no children without an adult.",wikivoyage,red,2121 Children's Museum Dr ,http://www.mychildsmuseum.org/ ,See_Museums and architecture,"(39.749, -105.017)",,,,,,,,"(39.749, -105.017)"
2,,39.67605,-104.95297,Chamberlin Observatory ,"Built in 1890, this working observatory is a historic landmark and a pride of the University of Denver. Star Parties and other events are open to the public.",wikivoyage,red,2930 E Warren Ave ,http://mysite.du.edu/~rstencel/Chamberlin/ ,See_Museums and architecture,"(39.67605, -104.95297)",,,,,,,,"(39.67605, -104.95297)"
1,,39.73713,-104.98982,Center for Colorado Women's History ,"One of Denver's great historic homes, built in 1883 by ''Rocky Mountain News'' publisher Williams Byers and elegantly furnished with original turn of the (20th) century pieces. Tour the house or catch featured exhibitions in the gallery.",wikivoyage,red,1310 Bannock St ,https://www.historycolorado.org/center-colorado-womens-history ,See_Museums and architecture,"(39.73713, -104.98982)",,,,,,,,"(39.73713, -104.98982)"
1,,39.7517,-104.98764,Los Paisanos ,"Travels between Caldwell (near Boise) and El Paso via Salt Lake City, Greely, Denver and Roswell.",wikivoyage,red,(bus station) 2147 Broadway ,http://lospaisanosautobuses.com/ ,Get in_By bus,"(39.7517, -104.98764)",,,,,,,,"(39.7517, -104.98764)"
0,,39.7513,-104.98493,El Paso Los Angeles Limousine Express ,"Travels along I-25 between Greeley, Denver, Colorado Springs, Pueblo, Santa Fe, Albuquerque, Deming, Las Cruces and El Paso. The depot in Greeley is at 2410 8th Ave.",wikivoyage,red,(bus station) 2215 E California St ,http://www.eplalimo.com ,Get in_By bus,"(39.7513, -104.98493)",,,,,,,,"(39.7513, -104.98493)"
4,,39.7585496,-105.011396,Boulder,'''U.S. Highway 36''' connects to the northwestern suburbs and on to Boulder.,wikivoyage,red,,,Get in_By highway,"(39.7585496, -105.011396)",,,,,,,,"(39.7585496, -105.011396)"
0,,39.7531,-105.0,Denver Union Station ," An extensive renovation has restored Union Station to its former glory. It now boasts an on-premise hotel, several restaurants and bars as well as plenty of seating for the tired traveller. Denver Union Station is often cited as the ""poster boy"" for the revival of train stations, train travel in general and the adjacent neighborhoods that can be observed in several North American and European cities. Union Station is also known for its iconic ""travel by train"" sign first put there in the 1950s when arrivals at Stapleton Airport started to outstrip traffic at Union Station. In addition to Amtrak trains, [http://www.rtd-denver.com/ '''RTD'''] commuter and light rail services also call at Union Station, providing easy access to many places in the Denver area if you arrive by train.",wikivoyage,red, 1701 Wynkoop St ,http://unionstationindenver.com ,Get in_By train,"(39.7531, -105.0)",,,,,,,,"(39.7531, -105.0)"
0,,39.739166666667,-104.98472222222,Denver,,S,orange,,,city in the United States,,http://www.wikidata.org/entity/Q16554,https://de.wikipedia.org/wiki/Denver,https://en.wikipedia.org/wiki/Denver,Point(-104.984722222 39.739166666),0.014,183.0,http://www.wikidata.org/entity/Q1093829,"('39.739166666667', '-104.98472222222')"
3,,39.706389,-105.102778,Lakewood,,S,orange,,,city in the United States,,http://www.wikidata.org/entity/Q462804,https://de.wikipedia.org/wiki/Lakewood_(Colorado),"https://en.wikipedia.org/wiki/Lakewood,_Colorado",Point(-105.102778 39.706389),10.725,65.0,http://www.wikidata.org/entity/Q1093829,"('39.706389', '-105.102778')"
5,,39.8027644,-105.0874842,Arvada,,S,orange,,,city in the United States,,http://www.wikidata.org/entity/Q590849,https://de.wikipedia.org/wiki/Arvada,"https://en.wikipedia.org/wiki/Arvada,_Colorado",Point(-105.0874842 39.8027644),11.261,62.0,http://www.wikidata.org/entity/Q1093829,"('39.8027644', '-105.0874842')"
7,,39.836111111111,-105.03722222222,Westminster,,S,orange,,,city in the United States,,http://www.wikidata.org/entity/Q948129,https://de.wikipedia.org/wiki/Westminster_(Colorado),"https://en.wikipedia.org/wiki/Westminster,_Colorado",Point(-105.037222222 39.836111111),11.664,58.0,http://www.wikidata.org/entity/Q1093829,"('39.836111111111', '-105.03722222222')"
9,,39.613321,-105.0166498,Littleton,,S,orange,,,city in the United States,,http://www.wikidata.org/entity/Q953583,https://de.wikipedia.org/wiki/Littleton_(Colorado),"https://en.wikipedia.org/wiki/Littleton,_Colorado",Point(-105.0166498 39.613321),14.262,56.0,http://www.wikidata.org/entity/Q1093829,"('39.613321', '-105.0166498')"
11,,39.6469,-104.992,Englewood,,S,orange,,,city in the United States,,http://www.wikidata.org/entity/Q991177,https://de.wikipedia.org/wiki/Englewood_(Colorado),"https://en.wikipedia.org/wiki/Englewood,_Colorado",Point(-104.992 39.6469),10.285,47.0,http://www.wikidata.org/entity/Q1093829,"('39.6469', '-104.992')"
12,,39.840833333333,-104.90111111111,Commerce City,,S,orange,,,city in the United States,,http://www.wikidata.org/entity/Q994452,https://de.wikipedia.org/wiki/Commerce_City,"https://en.wikipedia.org/wiki/Commerce_City,_Colorado",Point(-104.901111111 39.840833333),13.372,45.0,http://www.wikidata.org/entity/Q1093829,"('39.840833333333', '-104.90111111111')"
13,,39.771388888889,-105.09611111111,Wheat Ridge,,S,orange,,,city in the United States,,http://www.wikidata.org/entity/Q994465,https://de.wikipedia.org/wiki/Wheat_Ridge,"https://en.wikipedia.org/wiki/Wheat_Ridge,_Colorado",Point(-105.096111111 39.771388888),10.159,42.0,http://www.wikidata.org/entity/Q1093829,"('39.771388888889', '-105.09611111111')"
14,,39.866111111111,-105.01416666667,Federal Heights,,S,orange,,,city in the United States,,http://www.wikidata.org/entity/Q994446,https://de.wikipedia.org/wiki/Federal_Heights,"https://en.wikipedia.org/wiki/Federal_Heights,_Colorado",Point(-105.014166666 39.866111111),14.328,41.0,http://www.wikidata.org/entity/Q1093829,"('39.866111111111', '-105.01416666667')"
15,,39.750277777778,-105.06194444444,Edgewater,,S,orange,,,city in the United States,,http://www.wikidata.org/entity/Q2129231,,"https://en.wikipedia.org/wiki/Edgewater,_Colorado",Point(-105.061944444 39.750277777),6.703,39.0,http://www.wikidata.org/entity/Q1093829,"('39.750277777778', '-105.06194444444')"
16,,39.6372,-104.947,Cherry Hills Village,,S,orange,,,city in the United States,,http://www.wikidata.org/entity/Q136507,https://de.wikipedia.org/wiki/Cherry_Hills_Village,"https://en.wikipedia.org/wiki/Cherry_Hills_Village,_Colorado",Point(-104.947 39.6372),11.799,39.0,http://www.wikidata.org/entity/Q1093829,"('39.6372', '-104.947')"
17,,39.7059,-104.8206,2012 Aurora shooting,,S,orange,,,mass murder,,http://www.wikidata.org/entity/Q202512,https://de.wikipedia.org/wiki/Amoklauf_von_Aurora,https://en.wikipedia.org/wiki/2012_Aurora_theater_shooting,Point(-104.8206 39.7059),14.529,39.0,http://www.wikidata.org/entity/Q750215,"('39.7059', '-104.8206')"
19,,39.7025,-104.934,Glendale,,S,orange,,,city in the United States,,http://www.wikidata.org/entity/Q2076184,,"https://en.wikipedia.org/wiki/Glendale,_Colorado",Point(-104.935123 39.70364),5.81,37.0,http://www.wikidata.org/entity/Q1093829,"('39.7025', '-104.934')"
23,,39.6489,-105.018,Sheridan,,S,orange,,,city in the United States,,http://www.wikidata.org/entity/Q2276170,,"https://en.wikipedia.org/wiki/Sheridan,_Colorado",Point(-105.018 39.6489),10.437,37.0,http://www.wikidata.org/entity/Q1093829,"('39.6489', '-105.018')"
24,,39.7756,-105.056,Mountain View,,S,orange,,,town in the United States,,http://www.wikidata.org/entity/Q2303213,,"https://en.wikipedia.org/wiki/Mountain_View,_Colorado",Point(-105.056 39.7756),7.302,34.0,http://www.wikidata.org/entity/Q15127012,"('39.7756', '-105.056')"
25,,39.748611111111,-105.0075,Ball Arena,,S,orange,,,arena,,http://www.wikidata.org/entity/Q795470,https://de.wikipedia.org/wiki/Ball_Arena,https://en.wikipedia.org/wiki/Ball_Arena,Point(-105.0075 39.748611111),2.198,34.0,http://www.wikidata.org/entity/Q641226,"('39.748611111111', '-105.0075')"
26,,39.6269,-105.051,Bow Mar,,S,orange,,,town in the United States,,http://www.wikidata.org/entity/Q895383,https://de.wikipedia.org/wiki/Bow_Mar,"https://en.wikipedia.org/wiki/Bow_Mar,_Colorado",Point(-105.051 39.6269),13.713,32.0,http://www.wikidata.org/entity/Q15127012,"('39.6269', '-105.051')"
27,,39.7833,-105.057,Lakeside,,S,orange,,,town in the United States,,http://www.wikidata.org/entity/Q2370198,,"https://en.wikipedia.org/wiki/Lakeside,_Colorado",Point(-105.057 39.7833),7.875,31.0,http://www.wikidata.org/entity/Q15127012,"('39.7833', '-105.057')"
28,,39.678333,-104.962222,University of Denver,,S,orange,,,private university,,http://www.wikidata.org/entity/Q519427,https://de.wikipedia.org/wiki/University_of_Denver,https://en.wikipedia.org/wiki/University_of_Denver,Point(-104.962222 39.678333),7.043,30.0,http://www.wikidata.org/entity/Q902104,"('39.678333', '-104.962222')"
31,,39.743888888889,-105.02,Empower Field at Mile High,,S,orange,,,American football stadium,,http://www.wikidata.org/entity/Q1046135,https://de.wikipedia.org/wiki/Empower_Field_at_Mile_High,https://en.wikipedia.org/wiki/Empower_Field_at_Mile_High,Point(-105.02 39.743888888),3.048,30.0,http://www.wikidata.org/entity/Q37985280,"('39.743888888889', '-105.02')"
32,,39.8472,-104.966,Welby,,S,orange,,,census-designated place in the United States,,http://www.wikidata.org/entity/Q2161532,https://de.wikipedia.org/wiki/Welby_(Colorado),"https://en.wikipedia.org/wiki/Welby,_Colorado",Point(-104.966 39.8472),12.112,27.0,http://www.wikidata.org/entity/Q498162,"('39.8472', '-104.966')"
33,,39.840833333333,-105.00166666667,Sherrelwood,,S,orange,,,census-designated place in the United States,,http://www.wikidata.org/entity/Q1729611,https://de.wikipedia.org/wiki/Sherrelwood,"https://en.wikipedia.org/wiki/Sherrelwood,_Colorado",Point(-105.001666666 39.840833333),11.387,27.0,http://www.wikidata.org/entity/Q498162,"('39.840833333333', '-105.00166666667')"
34,,39.8039,-105.027,Berkley,,S,orange,,,census-designated place in the United States,,http://www.wikidata.org/entity/Q120847,https://de.wikipedia.org/wiki/Berkley_(Colorado),"https://en.wikipedia.org/wiki/Berkley,_Colorado",Point(-105.027 39.8039),8.041,26.0,http://www.wikidata.org/entity/Q498162,"('39.8039', '-105.027')"
36,,39.74972,-105.155,Applewood,,S,orange,,,census-designated place in the United States,,http://www.wikidata.org/entity/Q621578,https://de.wikipedia.org/wiki/Applewood_(Colorado),"https://en.wikipedia.org/wiki/Applewood,_Colorado",Point(-105.155 39.74972),14.592,25.0,http://www.wikidata.org/entity/Q498162,"('39.74972', '-105.155')"
37,,39.756111111111,-104.99416666667,Coors Field,,S,orange,,,stadium,,http://www.wikidata.org/entity/Q1129916,https://de.wikipedia.org/wiki/Coors_Field,https://en.wikipedia.org/wiki/Coors_Field,Point(-104.994166666 39.756111111),2.038,25.0,http://www.wikidata.org/entity/Q483110,"('39.756111111111', '-104.99416666667')"
39,,39.8053,-104.982,North Washington,,S,orange,,,census-designated place in the United States,,http://www.wikidata.org/entity/Q2444764,,"https://en.wikipedia.org/wiki/North_Washington,_Colorado",Point(-104.982 39.8053),7.35,24.0,http://www.wikidata.org/entity/Q498162,"('39.8053', '-104.982')"
40,,39.737188,-104.989345,Denver Art Museum,,S,orange,,,nonprofit organization,,http://www.wikidata.org/entity/Q1189960,https://de.wikipedia.org/wiki/Denver_Art_Museum,https://en.wikipedia.org/wiki/Denver_Art_Museum,Point(-104.989345 39.737188),0.446,24.0,http://www.wikidata.org/entity/Q163740,"('39.737188', '-104.989345')"
43,,39.8389,-104.917,Derby,,S,orange,,,census-designated place in the United States,,http://www.wikidata.org/entity/Q2535145,,"https://en.wikipedia.org/wiki/Derby,_Colorado",Point(-104.917 39.8389),12.507,23.0,http://www.wikidata.org/entity/Q498162,"('39.8389', '-104.917')"
44,,39.7278,-105.157,East Pleasant View,,S,orange,,,census-designated place in the United States,,http://www.wikidata.org/entity/Q2101472,,"https://en.wikipedia.org/wiki/East_Pleasant_View,_Colorado",Point(-105.157 39.7278),14.774,21.0,http://www.wikidata.org/entity/Q498162,"('39.7278', '-105.157')"
45,,39.805555555556,-104.89194444444,Dick's Sporting Goods Park,,S,orange,,,association football venue,,http://www.wikidata.org/entity/Q1210268,https://de.wikipedia.org/wiki/Dick%E2%80%99s_Sporting_Goods_Park,https://en.wikipedia.org/wiki/Dick%27s_Sporting_Goods_Park,Point(-104.891944444 39.805555555),10.837,21.0,http://www.wikidata.org/entity/Q1154710,"('39.805555555556', '-104.89194444444')"
46,,39.825,-105.004,Twin Lakes,,S,orange,,,census-designated place in the United States,,http://www.wikidata.org/entity/Q1901403,,"https://en.wikipedia.org/wiki/Twin_Lakes,_Adams_County,_Colorado",Point(-105.004 39.825),9.675,20.0,http://www.wikidata.org/entity/Q498162,"('39.825', '-105.004')"
47,,39.743461,-105.003119,University of Colorado Denver,,A,green,,,public university,,http://www.wikidata.org/entity/Q1468161,https://de.wikipedia.org/wiki/University_of_Colorado_Denver,https://en.wikipedia.org/wiki/University_of_Colorado_Denver,Point(-105.003119 39.743461),1.63,18.0,http://www.wikidata.org/entity/Q875538,"('39.743461', '-105.003119')"
49,,39.761,-104.892,Continental Airlines Flight 1713,,A,green,,,aircraft crash,,http://www.wikidata.org/entity/Q5165237,https://de.wikipedia.org/wiki/Continental-Airlines-Flug_1713,https://en.wikipedia.org/wiki/Continental_Airlines_Flight_1713,Point(-104.892 39.761),8.299,16.0,http://www.wikidata.org/entity/Q3002150,"('39.761', '-104.892')"
50,,39.743333333333,-104.98861111111,Republic Plaza,,A,green,,,skyscraper,,http://www.wikidata.org/entity/Q1147408,https://de.wikipedia.org/wiki/Republic_Plaza_(Denver),https://en.wikipedia.org/wiki/Republic_Plaza_(Denver),Point(-104.988611111 39.743333333),0.557,16.0,http://www.wikidata.org/entity/Q11303,"('39.743333333333', '-104.98861111111')"
51,,39.693333333333,-104.94805555556,Roman Catholic Archdiocese of Denver,,A,green,,,Roman Catholic metropolitan archdiocese,,http://www.wikidata.org/entity/Q1364433,https://de.wikipedia.org/wiki/Erzbistum_Denver,https://en.wikipedia.org/wiki/Archdiocese_of_Denver,Point(-104.948055555 39.693333333),5.997,15.0,http://www.wikidata.org/entity/Q105390172,"('39.693333333333', '-104.94805555556')"
52,,39.634444444444,-104.88277777778,Cherry Creek,,A,green,,,census-designated place in the United States,,http://www.wikidata.org/entity/Q5092313,,"https://en.wikipedia.org/wiki/Cherry_Creek,_Colorado",Point(-104.882777777 39.634444444),14.562,14.0,http://www.wikidata.org/entity/Q498162,"('39.634444444444', '-104.88277777778')"
53,,39.779255,-104.88184,Stapleton International Airport,,A,green,,,neighborhood,,http://www.wikidata.org/entity/Q1436575,https://de.wikipedia.org/wiki/Stapleton_International_Airport,https://en.wikipedia.org/wiki/Stapleton_International_Airport,Point(-104.88184 39.779255),9.866,14.0,http://www.wikidata.org/entity/Q123705,"('39.779255', '-104.88184')"
54,,39.739094444444,-104.98489722222,Colorado State Capitol,,A,green,,,capitol building,,http://www.wikidata.org/entity/Q1111402,https://de.wikipedia.org/wiki/Colorado_State_Capitol,https://en.wikipedia.org/wiki/Colorado_State_Capitol,Point(-104.984897222 39.739094444),0.016,14.0,http://www.wikidata.org/entity/Q3284499,"('39.739094444444', '-104.98489722222')"
55,,39.6675,-104.918,Holly Hills,,A,green,,,census-designated place in the United States,,http://www.wikidata.org/entity/Q5882059,,"https://en.wikipedia.org/wiki/Holly_Hills,_Colorado",Point(-104.918 39.6675),9.815,13.0,http://www.wikidata.org/entity/Q498162,"('39.6675', '-104.918')"
56,,39.8525,-105.043,Shaw Heights,,A,green,,,census-designated place in the United States,,http://www.wikidata.org/entity/Q6126924,,"https://en.wikipedia.org/wiki/Shaw_Heights,_Colorado",Point(-105.043 39.8525),13.538,13.0,http://www.wikidata.org/entity/Q498162,"('39.8525', '-105.043')"
60,,39.7392,-104.9848,Colorado House of Representatives,,A,green,,,house of representatives,,http://www.wikidata.org/entity/Q1494548,https://de.wikipedia.org/wiki/Repr%C3%A4sentantenhaus_von_Colorado,https://en.wikipedia.org/wiki/Colorado_House_of_Representatives,Point(-104.9848 39.7392),0.007,13.0,http://www.wikidata.org/entity/Q2145277,"('39.7392', '-104.9848')"
62,,39.7406,-105.156,National Renewable Energy Laboratory,,A,green,,,laboratory,,http://www.wikidata.org/entity/Q1856153,https://de.wikipedia.org/wiki/National_Renewable_Energy_Laboratory,https://en.wikipedia.org/wiki/National_Renewable_Energy_Laboratory,Point(-105.156 39.7406),14.633,13.0,http://www.wikidata.org/entity/Q483242,"('39.7406', '-105.156')"
64,,39.7392166,-104.9849171,Denver metropolitan area,,A,green,,,metropolitan statistical area,,http://www.wikidata.org/entity/Q2750084,https://de.wikipedia.org/wiki/Metropolregion_Denver,https://en.wikipedia.org/wiki/Denver_metropolitan_area,Point(-104.9849171 39.7392166),0.005,13.0,http://www.wikidata.org/entity/Q1768043,"('39.7392166', '-104.9849171')"
65,,39.739444444444,-104.9925,Denver Mint,,A,green,,,branch mint,,http://www.wikidata.org/entity/Q2956452,,https://en.wikipedia.org/wiki/Denver_Mint,Point(-104.9925 39.739444444),0.653,12.0,http://www.wikidata.org/entity/Q4956389,"('39.739444444444', '-104.9925')"
66,,39.746111111111,-105.02166666667,Mile High Stadium,,A,green,,,stadium,,http://www.wikidata.org/entity/Q1934586,https://de.wikipedia.org/wiki/Mile_High_Stadium,https://en.wikipedia.org/wiki/Mile_High_Stadium,Point(-105.021666666 39.746111111),3.238,12.0,http://www.wikidata.org/entity/Q483110,"('39.746111111111', '-105.02166666667')"
67,,39.739222222222,-104.98486111111,Colorado General Assembly,,A,green,,,bicameral legislature,,http://www.wikidata.org/entity/Q5148810,https://de.wikipedia.org/wiki/Colorado_General_Assembly,https://en.wikipedia.org/wiki/Colorado_General_Assembly,Point(-104.984861111 39.739222222),0.002,12.0,http://www.wikidata.org/entity/Q189445,"('39.739222222222', '-104.98486111111')"
69,,39.7392,-104.985,Denver County,,A,green,,,county of Colorado,,http://www.wikidata.org/entity/Q15906757,,https://en.wikipedia.org/wiki/Denver_County,Point(-104.985 39.7392),0.012,11.0,http://www.wikidata.org/entity/Q13410403,"('39.7392', '-104.985')"
70,,39.747777777778,-104.98972222222,1801 California Street,,A,green,,,tower block,,http://www.wikidata.org/entity/Q200328,https://de.wikipedia.org/wiki/1801_California_Street,https://en.wikipedia.org/wiki/1801_California_Street,Point(-104.989722222 39.747777777),1.037,11.0,http://www.wikidata.org/entity/Q18142,"('39.747777777778', '-104.98972222222')"
71,,39.789693,-105.031765,Regis University,,A,green,,,private not-for-profit educational institution,,http://www.wikidata.org/entity/Q649299,https://de.wikipedia.org/wiki/Regis_University,https://en.wikipedia.org/wiki/Regis_University,Point(-105.031765 39.789693),6.895,11.0,http://www.wikidata.org/entity/Q23002054,"('39.789693', '-105.031765')"
74,,39.7403,-104.982,Cathedral Basilica of the Immaculate Conception,,A,green,,,minor basilica,,http://www.wikidata.org/entity/Q2942873,https://de.wikipedia.org/wiki/Kathedralbasilika_der_Unbefleckten_Empf%C3%A4ngnis_(Denver),https://en.wikipedia.org/wiki/Cathedral_Basilica_of_the_Immaculate_Conception_(Denver),Point(-104.982 39.7403),0.272,11.0,http://www.wikidata.org/entity/Q120560,"('39.7403', '-104.982')"
76,,39.753056,-105.0,Union Station,,A,green,,,union station,,http://www.wikidata.org/entity/Q3550021,,https://en.wikipedia.org/wiki/Denver_Union_Station,Point(-105.0 39.753056),2.009,10.0,http://www.wikidata.org/entity/Q7886778,"('39.753056', '-105.0')"
78,,39.75,-104.95,Denver Zoo,,A,green,,,nonprofit organization,,http://www.wikidata.org/entity/Q581344,https://de.wikipedia.org/wiki/Denver_Zoo,https://en.wikipedia.org/wiki/Denver_Zoo_Conservation_Alliance,Point(-104.95 39.75),3.212,10.0,http://www.wikidata.org/entity/Q163740,"('39.75', '-104.95')"
80,,39.742777777778,-105.0225,McNichols Sports Arena,,A,green,,,arena,,http://www.wikidata.org/entity/Q2081796,https://de.wikipedia.org/wiki/McNichols_Sports_Arena,https://en.wikipedia.org/wiki/McNichols_Sports_Arena,Point(-105.0225 39.742777777),3.242,10.0,http://www.wikidata.org/entity/Q641226,"('39.742777777778', '-105.0225')"
83,,39.7446,-104.985,Wells Fargo Center,,A,green,,,bank building,,http://www.wikidata.org/entity/Q1631887,https://de.wikipedia.org/wiki/Wells_Fargo_Center_(Denver),https://en.wikipedia.org/wiki/Wells_Fargo_Center_(Denver),Point(-104.985 39.7446),0.596,10.0,http://www.wikidata.org/entity/Q18761864,"('39.7446', '-104.985')"
84,,39.748552237484,-104.99053584399,United States Court of Appeals for the Tenth Circuit,,B,violet,,,United States court of appeals,,http://www.wikidata.org/entity/Q286918,,https://en.wikipedia.org/wiki/United_States_Court_of_Appeals_for_the_Tenth_Circuit,Point(-104.990535843 39.748552237),1.144,9.0,http://www.wikidata.org/entity/Q1641851,"('39.748552237484', '-104.99053584399')"
85,,39.643,-104.963,BMW Championship,,B,violet,,,golf tournament,,http://www.wikidata.org/entity/Q2505370,,https://en.wikipedia.org/wiki/BMW_Championship_(PGA_Tour),Point(-104.963 39.643),10.863,9.0,http://www.wikidata.org/entity/Q2990946,"('39.643', '-104.963')"
86,,39.74637,-104.99846,Four Seasons Hotel Denver,,B,violet,,,skyscraper,,http://www.wikidata.org/entity/Q5475508,,https://en.wikipedia.org/wiki/Four_Seasons_Hotel_Denver,Point(-104.99846 39.74637),1.407,8.0,http://www.wikidata.org/entity/Q11303,"('39.74637', '-104.99846')"
94,,39.659722222222,-105.00277777778,Pike's Peak gold rush,,B,violet,,,gold rush,,http://www.wikidata.org/entity/Q331895,https://de.wikipedia.org/wiki/Pikes_Peak_Goldrausch,https://en.wikipedia.org/wiki/Pike%27s_Peak_gold_rush,Point(-105.002777777 39.659722222),8.973,8.0,http://www.wikidata.org/entity/Q273182,"('39.659722222222', '-105.00277777778')"
95,,39.74191,-105.002689,Metropolitan State University of Denver,,B,violet,,,public university,,http://www.wikidata.org/entity/Q613736,https://de.wikipedia.org/wiki/Metropolitan_State_University_of_Denver,https://en.wikipedia.org/wiki/Metropolitan_State_University_of_Denver,Point(-105.002689 39.74191),1.553,8.0,http://www.wikidata.org/entity/Q875538,"('39.74191', '-105.002689')"
98,,39.7475,-104.942,Denver Museum of Nature and Science,,B,violet,,,nonprofit organization,,http://www.wikidata.org/entity/Q3330052,,https://en.wikipedia.org/wiki/Denver_Museum_of_Nature_and_Science,Point(-104.942829257 39.74812003),3.727,7.0,http://www.wikidata.org/entity/Q163740,"('39.7475', '-104.942')"
110,,39.7325,-104.960833,Denver Botanic Gardens,,B,violet,,,nonprofit organization,,http://www.wikidata.org/entity/Q3003810,,https://en.wikipedia.org/wiki/Denver_Botanic_Gardens,Point(-104.960619226 39.732265514),2.213,6.0,http://www.wikidata.org/entity/Q163740,"('39.7325', '-104.960833')"
122,,39.71275,-105.0945,Colorado Christian University,,B,violet,,,church college,,http://www.wikidata.org/entity/Q5148756,,https://en.wikipedia.org/wiki/Colorado_Christian_University,Point(-105.0945 39.71275),9.828,6.0,http://www.wikidata.org/entity/Q1743327,"('39.71275', '-105.0945')"
125,,39.676111,-104.953056,Chamberlin Observatory,,B,violet,,,astronomical observatory,,http://www.wikidata.org/entity/Q5069616,https://de.wikipedia.org/wiki/Chamberlin_Observatory,https://en.wikipedia.org/wiki/Chamberlin_Observatory,Point(-104.953056 39.676111),7.528,6.0,http://www.wikidata.org/entity/Q1254933,"('39.676111', '-104.953056')"
126,,39.8275,-104.94916666667,Clear Creek,,B,violet,,,river,,http://www.wikidata.org/entity/Q5130667,https://de.wikipedia.org/wiki/Clear_Creek_(South_Platte_River),https://en.wikipedia.org/wiki/Clear_Creek_(Colorado),Point(-104.949166666 39.8275),10.277,6.0,http://www.wikidata.org/entity/Q4022,"('39.8275', '-104.94916666667')"
127,,39.760722222222,-104.89197222222,United Airlines Flight 859,,B,violet,,,aviation accident,,http://www.wikidata.org/entity/Q7887366,https://de.wikipedia.org/wiki/United-Air-Lines-Flug_859,https://en.wikipedia.org/wiki/United_Air_Lines_Flight_859,Point(-104.891972222 39.760722222),8.292,6.0,http://www.wikidata.org/entity/Q744913,"('39.760722222222', '-104.89197222222')"
128,,39.8473,-105.031442,Westminster Castle,,B,violet,,,building,,http://www.wikidata.org/entity/Q7989133,https://de.wikipedia.org/wiki/Westminster_Castle,https://en.wikipedia.org/wiki/Westminster_Castle,Point(-105.031442 39.8473),12.657,6.0,http://www.wikidata.org/entity/Q41176,"('39.8473', '-105.031442')"
130,,39.732778,-104.965833,Cheesman Park,,B,violet,,,historic district,,http://www.wikidata.org/entity/Q2961964,,"https://en.wikipedia.org/wiki/Cheesman_Park,_Denver",Point(-104.965833 39.732778),1.778,5.0,http://www.wikidata.org/entity/Q15243209,"('39.732778', '-104.965833')"
132,,39.755,-105.00805555556,Cherry Creek,,B,violet,,,river,,http://www.wikidata.org/entity/Q2962773,,https://en.wikipedia.org/wiki/Cherry_Creek_(Colorado),Point(-105.008055555 39.755),2.646,5.0,http://www.wikidata.org/entity/Q4022,"('39.755', '-105.00805555556')"
136,,39.7517,-105.014,"Downtown Aquarium, Denver",,B,violet,,,zoo,,http://www.wikidata.org/entity/Q3023370,,https://en.wikipedia.org/wiki/Downtown_Aquarium_(Denver),Point(-105.014 39.7517),2.851,5.0,http://www.wikidata.org/entity/Q43501,"('39.7517', '-105.014')"
137,,39.7375,-104.98888889,1.26,,B,violet,,,sculpture,,http://www.wikidata.org/entity/Q4028116,,https://en.wikipedia.org/wiki/Earthtime_Series,Point(-104.98888889 39.7375),0.395,5.0,http://www.wikidata.org/entity/Q860861,"('39.7375', '-104.98888889')"
138,,39.7452,-104.99,555 17th Street,,B,violet,,,office building,,http://www.wikidata.org/entity/Q4640570,,https://en.wikipedia.org/wiki/555_17th_Street,Point(-104.99 39.7452),0.795,5.0,http://www.wikidata.org/entity/Q1021645,"('39.7452', '-104.99')"
141,,39.8131,-104.888,Sand Creek,,B,violet,,,river,,http://www.wikidata.org/entity/Q7415772,,"https://en.wikipedia.org/wiki/Sand_Creek_(Denver,_Colorado)",Point(-104.888 39.8131),11.66,5.0,http://www.wikidata.org/entity/Q4022,"('39.8131', '-104.888')"
142,,39.6525,-104.927,Temple Sinai,,B,violet,,,synagogue,,http://www.wikidata.org/entity/Q7698657,,https://en.wikipedia.org/wiki/Temple_Sinai_(Denver),Point(-104.927 39.6525),10.84,5.0,http://www.wikidata.org/entity/Q34627,"('39.6525', '-104.927')"
143,,39.6992,-104.935,Infinity Park,,B,violet,,,stadium,,http://www.wikidata.org/entity/Q14684631,,https://en.wikipedia.org/wiki/Infinity_Park,Point(-104.935 39.6992),6.165,5.0,http://www.wikidata.org/entity/Q483110,"('39.6992', '-104.935')"
145,,39.69732418594,-104.93496660201,American Raptors,,B,violet,,,rugby union team,,http://www.wikidata.org/entity/Q48861120,,https://en.wikipedia.org/wiki/American_Raptors,Point(-104.934966602 39.697324185),6.319,5.0,http://www.wikidata.org/entity/Q14645593,"('39.69732418594', '-104.93496660201')"
146,,39.7467,-105.006,Grand Prix of Denver,,B,violet,,,recurring sporting event,,http://www.wikidata.org/entity/Q689010,https://de.wikipedia.org/wiki/Streets_of_Denver_(Pepsi_Center),https://en.wikipedia.org/wiki/Grand_Prix_of_Denver,Point(-105.006 39.7467),1.989,5.0,http://www.wikidata.org/entity/Q18608583,"('39.7467', '-105.006')"
147,,39.750555555556,-105.01111111111,Elitch Gardens Theme Park,,B,violet,,,amusement park,,http://www.wikidata.org/entity/Q3051155,https://de.wikipedia.org/wiki/Elitch_Gardens,https://en.wikipedia.org/wiki/Elitch_Gardens_Theme_Park,Point(-105.011111111 39.750555555),2.573,5.0,http://www.wikidata.org/entity/Q194195,"('39.750555555556', '-105.01111111111')"
148,,39.7447,-104.998,Ellie Caulkins Opera House,,B,violet,,,theatre building,,http://www.wikidata.org/entity/Q3051472,https://de.wikipedia.org/wiki/Ellie_Caulkins_Opera_House,https://en.wikipedia.org/wiki/Ellie_Caulkins_Opera_House,Point(-104.998 39.7447),1.277,5.0,http://www.wikidata.org/entity/Q24354,"('39.7447', '-104.998')"
153,,39.7419,-104.996,Colorado Convention Center,,C,yellow,,,stadium,,http://www.wikidata.org/entity/Q573848,,https://en.wikipedia.org/wiki/Colorado_Convention_Center,Point(-104.996 39.7419),0.997,4.0,http://www.wikidata.org/entity/Q483110,"('39.7419', '-104.996')"
155,,39.764530555556,-105.13530555556,Great American Beer Festival,,C,yellow,,,beer festival,,http://www.wikidata.org/entity/Q1864870,,https://en.wikipedia.org/wiki/Great_American_Beer_Festival,Point(-105.135305555 39.764530555),13.165,4.0,http://www.wikidata.org/entity/Q2919327,"('39.764530555556', '-105.13530555556')"
157,,39.747222,-104.950556,City Park,,C,yellow,,,historic district,,http://www.wikidata.org/entity/Q2974574,,"https://en.wikipedia.org/wiki/City_Park,_Denver",Point(-104.950556 39.747222),3.064,4.0,http://www.wikidata.org/entity/Q15243209,"('39.747222', '-104.950556')"
159,,39.75472,-105.00778,Confluence Park,,C,yellow,,,park,,http://www.wikidata.org/entity/Q2992562,,https://en.wikipedia.org/wiki/Confluence_Park,Point(-105.00778 39.75472),2.608,4.0,http://www.wikidata.org/entity/Q22698,"('39.75472', '-105.00778')"
164,,39.749166666667,-104.99611111111,One Tabor Center,,C,yellow,,,skyscraper,,http://www.wikidata.org/entity/Q3352653,,https://en.wikipedia.org/wiki/One_Tabor_Center,Point(-104.996111111 39.749166666),1.464,4.0,http://www.wikidata.org/entity/Q11303,"('39.749166666667', '-104.99611111111')"
166,,39.7,-104.971,Washington Park,,C,yellow,,,historic district,,http://www.wikidata.org/entity/Q3566514,,"https://en.wikipedia.org/wiki/Washington_Park,_Denver",Point(-104.971 39.7),4.521,4.0,http://www.wikidata.org/entity/Q15243209,"('39.7', '-104.971')"
168,,39.7429,-104.987,1670 Broadway,,C,yellow,,,skyscraper,,http://www.wikidata.org/entity/Q4551716,,https://en.wikipedia.org/wiki/1670_Broadway,Point(-104.987 39.7429),0.446,4.0,http://www.wikidata.org/entity/Q11303,"('39.7429', '-104.987')"
169,,39.7478,-104.988,1999 Broadway,,C,yellow,,,skyscraper,,http://www.wikidata.org/entity/Q4594548,,https://en.wikipedia.org/wiki/1999_Broadway,Point(-104.988 39.7478),0.989,4.0,http://www.wikidata.org/entity/Q11303,"('39.7478', '-104.988')"
170,,39.76,-105.003333,19th Street Bridge,,C,yellow,,,truss bridge,,http://www.wikidata.org/entity/Q4595824,,https://en.wikipedia.org/wiki/19th_Street_Bridge,Point(-105.003333 39.76),2.797,4.0,http://www.wikidata.org/entity/Q158218,"('39.76', '-105.003333')"
171,,39.826666666667,-104.92888888889,Adams City,,C,yellow,,,unincorporated community in the United States,,http://www.wikidata.org/entity/Q4680311,,"https://en.wikipedia.org/wiki/Adams_City,_Colorado",Point(-104.928888888 39.826666666),10.834,4.0,http://www.wikidata.org/entity/Q17343829,"('39.826666666667', '-104.92888888889')"
173,,39.7333,-104.983,Capitol Hill,,C,yellow,,,gay village,,http://www.wikidata.org/entity/Q5035880,,"https://en.wikipedia.org/wiki/Capitol_Hill,_Denver",Point(-104.983 39.7333),0.679,4.0,http://www.wikidata.org/entity/Q748198,"('39.7333', '-104.983')"
174,,39.74,-104.98,Denver Formation,,C,yellow,,,geological formation,,http://www.wikidata.org/entity/Q5259726,,https://en.wikipedia.org/wiki/Denver_Formation,Point(-104.98 39.74),0.424,4.0,http://www.wikidata.org/entity/Q736917,"('39.74', '-104.98')"
175,,39.7375,-104.988056,Denver Public Library,,C,yellow,,,library network,,http://www.wikidata.org/entity/Q5259775,,https://en.wikipedia.org/wiki/Denver_Public_Library,Point(-104.988056 39.7375),0.334,4.0,http://www.wikidata.org/entity/Q26271642,"('39.7375', '-104.988056')"
177,,39.8381,-104.912,Dupont,,C,yellow,,,unincorporated community in the United States,,http://www.wikidata.org/entity/Q5316033,,"https://en.wikipedia.org/wiki/Dupont,_Colorado",Point(-104.912 39.8381),12.633,4.0,http://www.wikidata.org/entity/Q17343829,"('39.8381', '-104.912')"
178,,39.743611111111,-104.99361111111,Hyatt Regency Denver at Colorado Convention Center,,C,yellow,,,skyscraper,,http://www.wikidata.org/entity/Q5952883,,https://en.wikipedia.org/wiki/Hyatt_Regency_Denver_at_the_Colorado_Convention_Center,Point(-104.993611111 39.743611111),0.892,4.0,http://www.wikidata.org/entity/Q11303,"('39.743611111111', '-104.99361111111')"
179,,39.62666667,-104.90166667,Nan Desu Kan,,C,yellow,,,recurring event,,http://www.wikidata.org/entity/Q6962193,,https://en.wikipedia.org/wiki/Nan_Desu_Kan,Point(-104.90166667 39.62666667),14.4,4.0,http://www.wikidata.org/entity/Q15275719,"('39.62666667', '-104.90166667')"
181,,39.7391,-104.942,National Jewish Health,,C,yellow,,,research institute,,http://www.wikidata.org/entity/Q6973875,,https://en.wikipedia.org/wiki/National_Jewish_Health,Point(-104.942 39.7391),3.665,4.0,http://www.wikidata.org/entity/Q31855,"('39.7391', '-104.942')"
182,,39.8283,-104.859,Rocky Mountain Arsenal,,C,yellow,,,factory,,http://www.wikidata.org/entity/Q7355871,,https://en.wikipedia.org/wiki/Rocky_Mountain_Arsenal,Point(-104.859 39.8283),14.619,4.0,http://www.wikidata.org/entity/Q83405,"('39.8283', '-104.859')"
184,,39.7446,-104.996,Spire,,C,yellow,,,skyscraper,,http://www.wikidata.org/entity/Q7577797,,https://en.wikipedia.org/wiki/Spire_(Denver),Point(-104.996 39.7446),1.124,4.0,http://www.wikidata.org/entity/Q11303,"('39.7446', '-104.996')"
185,,39.751389,-104.959722,St. Ignatius Loyola Church,,C,yellow,,,church building,,http://www.wikidata.org/entity/Q7588361,,https://en.wikipedia.org/wiki/St._Ignatius_Loyola_Church_(Denver),Point(-104.959722 39.751389),2.539,4.0,http://www.wikidata.org/entity/Q16970,"('39.751389', '-104.959722')"
186,,39.7525,-105.004,Museum of Contemporary Art Denver,,C,yellow,,,nonprofit organization,,http://www.wikidata.org/entity/Q16895577,,https://en.wikipedia.org/wiki/Museum_of_Contemporary_Art_Denver,Point(-105.004 39.7525),2.203,4.0,http://www.wikidata.org/entity/Q163740,"('39.7525', '-105.004')"
189,,39.747777777778,-104.99944444444,Larimer Square,,C,yellow,,,city block,,http://www.wikidata.org/entity/Q30590441,,"https://en.wikipedia.org/wiki/Larimer_Square,_Denver",Point(-104.999444444 39.747777777),1.567,4.0,http://www.wikidata.org/entity/Q1348006,"('39.747777777778', '-104.99944444444')"
191,,39.73527778,-104.90611111,Richthofen Castle,,C,yellow,,,mansion,,http://www.wikidata.org/entity/Q30622005,,https://en.wikipedia.org/wiki/Richthofen_Castle,Point(-104.90611111 39.73527778),6.748,4.0,http://www.wikidata.org/entity/Q1802963,"('39.73527778', '-104.90611111')"
192,,39.730085,-105.109007,"Denver Museum of Miniatures, Dolls and Toys",,C,yellow,,,doll museum,,http://www.wikidata.org/entity/Q5259750,"https://de.wikipedia.org/wiki/Denver_Museum_of_Miniatures,_Dolls_and_Toys","https://en.wikipedia.org/wiki/Denver_Museum_of_Miniatures,_Dolls_and_Toys",Point(-105.109007 39.730085),10.664,4.0,http://www.wikidata.org/entity/Q1850552,"('39.730085', '-105.109007')"
194,,39.7486,-104.997,16th Street Mall,,C,yellow,,,pedestrian zone,,http://www.wikidata.org/entity/Q527049,,https://en.wikipedia.org/wiki/16th_Street_Mall,Point(-104.997 39.7486),1.47,3.0,http://www.wikidata.org/entity/Q369730,"('39.7486', '-104.997')"
196,,39.748333,-104.995278,Daniels & Fisher Tower,,C,yellow,,,commercial building,,http://www.wikidata.org/entity/Q901770,,https://en.wikipedia.org/wiki/Daniels_%26_Fisher_Tower,Point(-104.995278 39.748333),1.348,3.0,http://www.wikidata.org/entity/Q655686,"('39.748333', '-104.995278')"
197,,39.7444,-104.997,Denver Performing Arts Complex,,C,yellow,,,performing arts center,,http://www.wikidata.org/entity/Q3023372,,https://en.wikipedia.org/wiki/Denver_Performing_Arts_Complex,Point(-104.997 39.7444),1.186,3.0,http://www.wikidata.org/entity/Q3469910,"('39.7444', '-104.997')"
198,,39.6703,-104.975,AdventHealth Porter,,C,yellow,,,non-profit hospital,,http://www.wikidata.org/entity/Q3145247,,https://en.wikipedia.org/wiki/AdventHealth_Porter,Point(-104.975 39.6703),7.711,3.0,http://www.wikidata.org/entity/Q7048982,"('39.6703', '-104.975')"
199,,39.7981,-105.054,Ralston Creek,,C,yellow,,,river,,http://www.wikidata.org/entity/Q3418317,,https://en.wikipedia.org/wiki/Ralston_Creek_(Colorado),Point(-105.054 39.7981),8.818,3.0,http://www.wikidata.org/entity/Q4022,"('39.7981', '-105.054')"
200,,39.6783,-104.962,Josef Korbel School of International Studies,,C,yellow,,,academic institution,,http://www.wikidata.org/entity/Q3577962,,https://en.wikipedia.org/wiki/Josef_Korbel_School_of_International_Studies,Point(-104.962 39.6783),7.052,3.0,http://www.wikidata.org/entity/Q4671277,"('39.6783', '-104.962')"
201,,39.7503,-104.995,17th Street Plaza,,C,yellow,,,skyscraper,,http://www.wikidata.org/entity/Q4553686,,https://en.wikipedia.org/wiki/17th_Street_Plaza,Point(-104.995 39.7503),1.505,3.0,http://www.wikidata.org/entity/Q11303,"('39.7503', '-104.995')"
202,,39.745867,-104.99007,621 17th Street,,C,yellow,,,skyscraper,,http://www.wikidata.org/entity/Q4641833,,https://en.wikipedia.org/wiki/621_17th_Street,Point(-104.99007 39.745867),0.861,3.0,http://www.wikidata.org/entity/Q11303,"('39.745867', '-104.99007')"
203,,39.746599,-104.989919,633 17th Street,,C,yellow,,,skyscraper,,http://www.wikidata.org/entity/Q4641918,,https://en.wikipedia.org/wiki/633_17th_Street,Point(-104.989919 39.746599),0.926,3.0,http://www.wikidata.org/entity/Q11303,"('39.746599', '-104.989919')"
204,,39.7471,-104.99,707 17th Street,,C,yellow,,,building,,http://www.wikidata.org/entity/Q4642996,,https://en.wikipedia.org/wiki/707_17th_Street,Point(-104.99 39.7471),0.978,3.0,http://www.wikidata.org/entity/Q41176,"('39.7471', '-104.99')"
205,,39.7451,-104.838,Anschutz Medical Campus,,C,yellow,,,campus,,http://www.wikidata.org/entity/Q4770537,,https://en.wikipedia.org/wiki/University_of_Colorado_Anschutz,Point(-104.838 39.7451),12.573,3.0,http://www.wikidata.org/entity/Q209465,"('39.7451', '-104.838')"
207,,39.746944,-104.9925,Boston Building,,C,yellow,,,commercial building,,http://www.wikidata.org/entity/Q4947785,,https://en.wikipedia.org/wiki/Boston_Building,Point(-104.9925 39.746944),1.077,3.0,http://www.wikidata.org/entity/Q655686,"('39.746944', '-104.9925')"
211,,39.7136,-104.939,Cableland,,C,yellow,,,official residence,,http://www.wikidata.org/entity/Q5015703,,https://en.wikipedia.org/wiki/Cableland,Point(-104.939 39.7136),4.848,3.0,http://www.wikidata.org/entity/Q481289,"('39.7136', '-104.939')"
212,,39.737778,-104.9775,Cathedral of St. John in the Wilderness,,C,yellow,,,Anglican or Episcopal cathedral,,http://www.wikidata.org/entity/Q5052395,,https://en.wikipedia.org/wiki/Cathedral_of_St._John_in_the_Wilderness,Point(-104.9775 39.737778),0.65,3.0,http://www.wikidata.org/entity/Q56242250,"('39.737778', '-104.9775')"
213,,39.721111,-104.901111,Chapel No. 1,,C,yellow,,,chapel,,http://www.wikidata.org/entity/Q5073038,,https://en.wikipedia.org/wiki/Chapel_No._1,Point(-104.901111 39.721111),7.44,3.0,http://www.wikidata.org/entity/Q108325,"('39.721111', '-104.901111')"
214,,39.65138,-104.85525,Cherry Creek Dam,,C,yellow,,,dam,,http://www.wikidata.org/entity/Q5092322,,https://en.wikipedia.org/wiki/Cherry_Creek_Dam,Point(-104.86 39.648),14.732,3.0,http://www.wikidata.org/entity/Q12323,"('39.65138', '-104.85525')"
218,,39.7394,-104.989,Civic Center Park,,C,yellow,,,park,,http://www.wikidata.org/entity/Q5124271,,https://en.wikipedia.org/wiki/Denver_Civic_Center,Point(-104.989 39.7394),0.354,3.0,http://www.wikidata.org/entity/Q22698,"('39.7394', '-104.989')"
219,,39.6615,-105.028,Colorado Heights University,,C,yellow,,,private not-for-profit educational institution,,http://www.wikidata.org/entity/Q5148817,,https://en.wikipedia.org/wiki/Colorado_Heights_University,Point(-105.028 39.6615),9.398,3.0,http://www.wikidata.org/entity/Q23002054,"('39.6615', '-105.028')"
220,,39.741,-105.003,Community College of Denver,,C,yellow,,,public educational institution of the United States,,http://www.wikidata.org/entity/Q5154691,,https://en.wikipedia.org/wiki/Community_College_of_Denver,Point(-105.003 39.741),1.563,3.0,http://www.wikidata.org/entity/Q23002039,"('39.741', '-105.003')"
221,,39.744444,-104.9975,Denver Auditorium Arena,,C,yellow,,,arena,,http://www.wikidata.org/entity/Q5259672,,https://en.wikipedia.org/wiki/Denver_Auditorium_Arena,Point(-104.9975 39.744444),1.226,3.0,http://www.wikidata.org/entity/Q641226,"('39.744444', '-104.9975')"
222,,39.7791279,-104.9707305,Denver Coliseum,,C,yellow,,,sports venue,,http://www.wikidata.org/entity/Q5259698,,https://en.wikipedia.org/wiki/Denver_Coliseum,Point(-104.9707305 39.7791279),4.597,3.0,http://www.wikidata.org/entity/Q1076486,"('39.7791279', '-104.9707305')"
223,,39.7196,-105.121,Denver Federal Center,,C,yellow,,,campus,,http://www.wikidata.org/entity/Q5259722,,https://en.wikipedia.org/wiki/Denver_Federal_Center,Point(-105.121 39.7196),11.845,3.0,http://www.wikidata.org/entity/Q209465,"('39.7196', '-105.121')"
227,,39.745,-104.99111111111,Dominion Plaza,,C,yellow,,,skyscraper,,http://www.wikidata.org/entity/Q5291065,,https://en.wikipedia.org/wiki/Dominion_Plaza,Point(-104.991111111 39.745),0.834,3.0,http://www.wikidata.org/entity/Q11303,"('39.745', '-104.99111111111')"
229,,39.7459,-104.993,Downtown,,C,yellow,,,central business district,,http://www.wikidata.org/entity/Q5303415,,https://en.wikipedia.org/wiki/Downtown_Denver,Point(-104.993 39.7459),1.016,3.0,http://www.wikidata.org/entity/Q738570,"('39.7459', '-104.993')"
230,,39.768333,-105.046111,Elitch Theatre,,C,yellow,,,theatre building,,http://www.wikidata.org/entity/Q5361887,,https://en.wikipedia.org/wiki/Elitch_Theatre,Point(-105.046111 39.768333),6.155,3.0,http://www.wikidata.org/entity/Q24354,"('39.768333', '-105.046111')"
232,,39.676666666667,-104.96305555556,Evans Memorial Chapel,,C,yellow,,,chapel,,http://www.wikidata.org/entity/Q5415935,,https://en.wikipedia.org/wiki/Evans_Memorial_Chapel,Point(-104.963055555 39.676666666),7.203,3.0,http://www.wikidata.org/entity/Q108325,"('39.676666666667', '-104.96305555556')"
233,,39.7053,-104.897,Fairmount Cemetery,,C,yellow,,,cemetery,,http://www.wikidata.org/entity/Q5430638,,https://en.wikipedia.org/wiki/Fairmount_Cemetery_(Denver),Point(-104.897 39.7053),8.408,3.0,http://www.wikidata.org/entity/Q39614,"('39.7053', '-104.897')"
234,,39.7053,-104.893,Fairmount Mausoleum,,C,yellow,,,mausoleum,,http://www.wikidata.org/entity/Q5430649,,https://en.wikipedia.org/wiki/Fairmount_Mausoleum_(Denver),Point(-104.893 39.7053),8.715,3.0,http://www.wikidata.org/entity/Q162875,"('39.7053', '-104.893')"
235,,39.6417,-105.105,"Federal Correctional Institution, Englewood",,C,yellow,,,United States federal prison,,http://www.wikidata.org/entity/Q5440113,,"https://en.wikipedia.org/wiki/Federal_Correctional_Institution,_Englewood",Point(-105.105 39.6417),14.942,3.0,http://www.wikidata.org/entity/Q61016951,"('39.6417', '-105.105')"
236,,39.74038,-104.97724,Fillmore Auditorium,,C,yellow,,,sports venue,,http://www.wikidata.org/entity/Q5448849,,https://en.wikipedia.org/wiki/Fillmore_Auditorium_(Denver),Point(-104.97724 39.74038),0.664,3.0,http://www.wikidata.org/entity/Q1076486,"('39.74038', '-104.97724')"
237,,39.645155555556,-105.04122777778,Fort Logan National Cemetery,,C,yellow,,,military cemetery,,http://www.wikidata.org/entity/Q5471539,,https://en.wikipedia.org/wiki/Fort_Logan_National_Cemetery,Point(-105.041227777 39.645155555),11.519,3.0,http://www.wikidata.org/entity/Q1241568,"('39.645155555556', '-105.04122777778')"
239,,39.7499,-104.992,Granite Tower,,C,yellow,,,skyscraper,,http://www.wikidata.org/entity/Q5595938,,https://en.wikipedia.org/wiki/Granite_Tower_(Denver),Point(-104.992 39.7499),1.334,3.0,http://www.wikidata.org/entity/Q11303,"('39.7499', '-104.992')"
241,,39.778333333333,-105.05944444444,Lakeside Amusement Park,,C,yellow,,,amusement park,,http://www.wikidata.org/entity/Q6479071,,https://en.wikipedia.org/wiki/Lakeside_Amusement_Park,Point(-105.059444444 39.778333333),7.716,3.0,http://www.wikidata.org/entity/Q194195,"('39.778333333333', '-105.05944444444')"
242,,39.7083,-105.085,Lakewood Cultural Center,,C,yellow,,,cultural center,,http://www.wikidata.org/entity/Q6479388,,https://en.wikipedia.org/wiki/Lakewood_Cultural_Center,Point(-105.085 39.7083),9.229,3.0,http://www.wikidata.org/entity/Q1329623,"('39.7083', '-105.085')"
250,,39.66,-105.003,Little Dry Creek,,C,yellow,,,river,,http://www.wikidata.org/entity/Q6649857,,"https://en.wikipedia.org/wiki/Little_Dry_Creek_(Arapahoe_County,_Colorado)",Point(-105.003 39.66),8.946,3.0,http://www.wikidata.org/entity/Q4022,"('39.66', '-105.003')"
251,,39.72305556,-104.8919444,Lowry Air Force Base,,C,yellow,,,air base,,http://www.wikidata.org/entity/Q6694148,,https://en.wikipedia.org/wiki/Lowry_Air_Force_Base,Point(-104.8919444 39.72305556),8.147,3.0,http://www.wikidata.org/entity/Q695850,"('39.72305556', '-104.8919444')"
252,,39.744444,-104.990278,Masonic Temple Building,,C,yellow,,,masonic temple,,http://www.wikidata.org/entity/Q6783777,,"https://en.wikipedia.org/wiki/Masonic_Temple_Building_(Denver,_Colorado)",Point(-104.990278 39.744444),0.741,3.0,http://www.wikidata.org/entity/Q1454583,"('39.744444', '-104.990278')"
253,,39.737222,-104.980278,Molly Brown House,,C,yellow,,,house,,http://www.wikidata.org/entity/Q6896531,,https://en.wikipedia.org/wiki/Molly_Brown_House,Point(-104.980278 39.737222),0.451,3.0,http://www.wikidata.org/entity/Q3947,"('39.737222', '-104.980278')"
255,,39.794167,-104.959167,Riverside Cemetery,,C,yellow,,,historic district,,http://www.wikidata.org/entity/Q7338437,,https://en.wikipedia.org/wiki/Riverside_Cemetery_(Denver),Point(-104.959167 39.794167),6.491,3.0,http://www.wikidata.org/entity/Q15243209,"('39.794167', '-104.959167')"
257,,39.743611,-105.07,Rocky Mountain College of Art and Design,,C,yellow,,,art academy,,http://www.wikidata.org/entity/Q7355881,,https://en.wikipedia.org/wiki/Rocky_Mountain_College_of_Art_and_Design,Point(-105.07 39.743611),7.295,3.0,http://www.wikidata.org/entity/Q383092,"('39.743611', '-105.07')"
260,,39.6928,-104.948,Saint John Vianney Theological Seminary,,C,yellow,,,Catholic seminary,,http://www.wikidata.org/entity/Q7401474,,https://en.wikipedia.org/wiki/Saint_John_Vianney_Seminary_(Denver),Point(-104.948 39.6928),6.05,3.0,http://www.wikidata.org/entity/Q14911880,"('39.6928', '-104.948')"
262,,39.6923,-104.966,South High School,,C,yellow,,,high school,,http://www.wikidata.org/entity/Q7567459,,"https://en.wikipedia.org/wiki/South_High_School_(Denver,_Colorado)",Point(-104.966 39.6923),5.462,3.0,http://www.wikidata.org/entity/Q9826,"('39.6923', '-104.966')"
263,,39.758889,-105.025278,St. Dominic's Church,,C,yellow,,,church building,,http://www.wikidata.org/entity/Q7587751,,https://en.wikipedia.org/wiki/St._Dominic%27s_Church_(Denver),Point(-105.025278 39.758889),4.088,3.0,http://www.wikidata.org/entity/Q16970,"('39.758889', '-105.025278')"
264,,39.726111,-104.995556,St. Joseph's Roman Catholic Church of Denver,,C,yellow,,,church building,,http://www.wikidata.org/entity/Q7589219,,https://en.wikipedia.org/wiki/St._Joseph%27s_Roman_Catholic_Church_(Denver),Point(-104.995556 39.726111),1.722,3.0,http://www.wikidata.org/entity/Q16970,"('39.726111', '-104.995556')"
265,,39.741389,-104.979722,Temple Emanuel,,C,yellow,,,synagogue,,http://www.wikidata.org/entity/Q7698532,,"https://en.wikipedia.org/wiki/Temple_Emanuel_(Pearl_Street,_Denver)",Point(-104.979722 39.741389),0.5,3.0,http://www.wikidata.org/entity/Q34627,"('39.741389', '-104.979722')"
266,,39.7356,-104.986,The Art Institute of Colorado,,C,yellow,,,art academy,,http://www.wikidata.org/entity/Q7714374,,https://en.wikipedia.org/wiki/Art_Institute_of_Colorado,Point(-104.986 39.7356),0.416,3.0,http://www.wikidata.org/entity/Q383092,"('39.7356', '-104.986')"
269,,39.746111111111,-104.99138888889,United Western Financial Center,,C,yellow,,,skyscraper,,http://www.wikidata.org/entity/Q7893648,,https://en.wikipedia.org/wiki/United_Western_Financial_Center,Point(-104.991388888 39.746111111),0.946,3.0,http://www.wikidata.org/entity/Q11303,"('39.746111111111', '-104.99138888889')"
270,,39.74503692,-104.83753502,University of Colorado School of Medicine,,C,yellow,,,medical school,,http://www.wikidata.org/entity/Q7895287,,https://en.wikipedia.org/wiki/University_of_Colorado_School_of_Medicine,Point(-104.83753502 39.74503692),12.613,3.0,http://www.wikidata.org/entity/Q494230,"('39.74503692', '-104.83753502')"
271,,39.7207,-104.896,Wings Over the Rockies Air and Space Museum,,C,yellow,,,nonprofit organization,,http://www.wikidata.org/entity/Q8025276,,https://en.wikipedia.org/wiki/Wings_Over_the_Rockies_Air_and_Space_Museum,Point(-104.896 39.7207),7.873,3.0,http://www.wikidata.org/entity/Q163740,"('39.7207', '-104.896')"
283,,39.744419,-104.990208,Paramount Theatre,,C,yellow,,,movie theater,,http://www.wikidata.org/entity/Q12065284,,https://en.wikipedia.org/wiki/Paramount_Theatre_(Denver),Point(-104.990208 39.744419),0.736,3.0,http://www.wikidata.org/entity/Q41253,"('39.744419', '-104.990208')"
284,,39.64999,-105.01359,Bear Creek,,C,yellow,,,river,,http://www.wikidata.org/entity/Q14684299,,https://en.wikipedia.org/wiki/Bear_Creek_(Colorado),Point(-105.014 39.65),10.231,3.0,http://www.wikidata.org/entity/Q4022,"('39.64999', '-105.01359')"
288,,39.7469,-104.991,Johns Manville Plaza,,C,yellow,,,skyscraper,,http://www.wikidata.org/entity/Q14684660,,https://en.wikipedia.org/wiki/Johns_Manville_Plaza,Point(-104.991 39.7469),1.001,3.0,http://www.wikidata.org/entity/Q11303,"('39.7469', '-104.991')"
289,,39.681466,-104.96327883,University of Denver Soccer Stadium,,C,yellow,,,association football venue,,http://www.wikidata.org/entity/Q15206564,,https://en.wikipedia.org/wiki/CIBER_Field_at_the_University_of_Denver_Soccer_Stadium,Point(-104.96327883 39.681466),6.684,3.0,http://www.wikidata.org/entity/Q1154710,"('39.681466', '-104.96327883')"
290,,39.7092,-104.9823,International Church of Cannabis,,C,yellow,,,church building,,http://www.wikidata.org/entity/Q30314653,,https://en.wikipedia.org/wiki/International_Church_of_Cannabis,Point(-104.9823 39.7092),3.347,3.0,http://www.wikidata.org/entity/Q16970,"('39.7092', '-104.9823')"
291,,39.740303,-104.987709,Pioneer Fountain,,C,yellow,,,statue,,http://www.wikidata.org/entity/Q85793411,,https://en.wikipedia.org/wiki/Pioneer_Fountain,Point(-104.987709 39.740303),0.271,3.0,http://www.wikidata.org/entity/Q179700,"('39.740303', '-104.987709')"
293,,39.736979430092,-104.98951275028,Clyfford Still Museum,,C,yellow,,,art museum,,http://www.wikidata.org/entity/Q95984747,,https://en.wikipedia.org/wiki/The_Clyfford_Still_Museum,Point(-104.98951275 39.73697943),0.47,3.0,http://www.wikidata.org/entity/Q207694,"('39.736979430092', '-104.98951275028')"
311,,39.7464,-105.014,Twister II,,C,yellow,,,wooden roller coaster,,http://www.wikidata.org/entity/Q1432851,https://de.wikipedia.org/wiki/Twister_II,https://en.wikipedia.org/wiki/Twister_III:_Storm_Chaser,Point(-105.014 39.7464),2.615,3.0,http://www.wikidata.org/entity/Q973560,"('39.7464', '-105.014')"
313,,39.743032573392,-104.98444543078,Central Presbyterian Church,,C,yellow,,,church building,,http://www.wikidata.org/entity/Q5061699,https://de.wikipedia.org/wiki/Central_Presbyterian_Church_(Denver),"https://en.wikipedia.org/wiki/Central_Presbyterian_Church_(Denver,_Colorado)",Point(-104.98444543 39.743032573),0.424,3.0,http://www.wikidata.org/entity/Q16970,"('39.743032573392', '-104.98444543078')"
314,,39.7381,-104.987,Colorado Supreme Court,,C,yellow,,,supreme court,,http://www.wikidata.org/entity/Q5148967,https://de.wikipedia.org/wiki/Colorado_Supreme_Court,https://en.wikipedia.org/wiki/Colorado_Supreme_Court,Point(-104.987 39.7381),0.222,3.0,http://www.wikidata.org/entity/Q190752,"('39.7381', '-104.987')"
316,,39.6558,-105.075,KDMT,,C,yellow,,,radio station,,http://www.wikidata.org/entity/Q6327719,https://de.wikipedia.org/wiki/KDMT,https://en.wikipedia.org/wiki/KDMT_(AM),Point(-105.075 39.6558),12.064,3.0,http://www.wikidata.org/entity/Q14350,"('39.6558', '-105.075')"
317,,39.748877777778,-105.04748333333,Sloan Lake,,C,yellow,,,lake,,http://www.wikidata.org/entity/Q7352210,https://de.wikipedia.org/wiki/Sloan_Lake_(Colorado),https://en.wikipedia.org/wiki/Sloan_Lake_(Colorado),Point(-105.047483333 39.748877777),5.46,3.0,http://www.wikidata.org/entity/Q23397,"('39.748877777778', '-105.04748333333')"
318,,39.758056,-105.094722,Tower of Memories,,C,yellow,,,mausoleum,,http://www.wikidata.org/entity/Q7829777,https://de.wikipedia.org/wiki/Tower_of_Memories,https://en.wikipedia.org/wiki/Tower_of_Memories,Point(-105.094722 39.758056),9.622,3.0,http://www.wikidata.org/entity/Q162875,"('39.758056', '-105.094722')"
319,,39.8433,-104.954,KLZ,,C,yellow,,,radio station,,http://www.wikidata.org/entity/Q14684757,https://de.wikipedia.org/wiki/KLZ_(H%C3%B6rfunksender),https://en.wikipedia.org/wiki/KLZ,Point(-104.954 39.8433),11.867,3.0,http://www.wikidata.org/entity/Q14350,"('39.8433', '-104.954')"
320,,39.613333,-105.016389,Town Hall Arts Center,,C,yellow,,,arts center,,http://www.wikidata.org/entity/Q7829962,https://de.wikipedia.org/wiki/Town_Hall_Arts_Center,https://en.wikipedia.org/wiki/Town_Hall_Arts_Center,Point(-105.016389 39.613333),14.257,3.0,http://www.wikidata.org/entity/Q2190251,"('39.613333', '-105.016389')"
321,,39.745278,-104.986389,Trinity United Methodist Church,,C,yellow,,,Protestant church building,,http://www.wikidata.org/entity/Q7842995,https://de.wikipedia.org/wiki/Trinity_United_Methodist_Church_(Denver),https://en.wikipedia.org/wiki/Trinity_United_Methodist_Church_(Denver),Point(-104.986389 39.745278),0.684,3.0,http://www.wikidata.org/entity/Q56242063,"('39.745278', '-104.986389')"
322,,39.7471,-105.114,Jefferson County Public Library,,C,yellow,,,public library,,http://www.wikidata.org/entity/Q609974,,https://en.wikipedia.org/wiki/Jefferson_County_Public_Library,Point(-105.114 39.7471),11.075,2.0,http://www.wikidata.org/entity/Q28564,"('39.7471', '-105.114')"
324,,39.7536,-105.0,LoDo,,C,yellow,,,historic district,,http://www.wikidata.org/entity/Q2369973,,"https://en.wikipedia.org/wiki/LoDo,_Denver",Point(-105.0 39.7536),2.056,2.0,http://www.wikidata.org/entity/Q15243209,"('39.7536', '-105.0')"
327,,39.6765,-104.997,Grant-Frontier Park,,C,yellow,,,park,,http://www.wikidata.org/entity/Q3115377,,https://en.wikipedia.org/wiki/Grant-Frontier_Park,Point(-104.997 39.6765),7.052,2.0,http://www.wikidata.org/entity/Q22698,"('39.6765', '-104.997')"
328,,39.7714,-104.993,Regency Student Housing,,C,yellow,,,student housing,,http://www.wikidata.org/entity/Q3931685,,https://en.wikipedia.org/wiki/Regency_Student_Housing,Point(-104.993 39.7714),3.643,2.0,http://www.wikidata.org/entity/Q30301498,"('39.7714', '-104.993')"
329,,39.731924,-105.005605,10th/Osage,,C,yellow,,,tram stop,,http://www.wikidata.org/entity/Q4546966,,https://en.wikipedia.org/wiki/10th_%26_Osage_station,Point(-105.005605 39.731924),1.951,2.0,http://www.wikidata.org/entity/Q2175765,"('39.731924', '-105.005605')"
331,,39.7497,-104.9944,1125 17th Street,,C,yellow,,,skyscraper,,http://www.wikidata.org/entity/Q4547364,,https://en.wikipedia.org/wiki/1125_17th_Street,Point(-104.9944 39.7497),1.421,2.0,http://www.wikidata.org/entity/Q11303,"('39.7497', '-104.9944')"
332,,39.743888888889,-104.98972222222,1600 Glenarm Place,,C,yellow,,,skyscraper,,http://www.wikidata.org/entity/Q4551087,,https://en.wikipedia.org/wiki/1600_Glenarm_Place,Point(-104.989722222 39.743888888),0.664,2.0,http://www.wikidata.org/entity/Q11303,"('39.743888888889', '-104.98972222222')"
334,,39.7422,-104.987,1600 Broadway,,C,yellow,,,skyscraper,,http://www.wikidata.org/entity/Q4551089,,https://en.wikipedia.org/wiki/1600_Broadway,Point(-104.987 39.7422),0.377,2.0,http://www.wikidata.org/entity/Q11303,"('39.7422', '-104.987')"
335,,39.74685,-104.98994,18th/California,,C,yellow,,,tram stop,,http://www.wikidata.org/entity/Q4557546,,https://en.wikipedia.org/wiki/18th_%26_California_and_18th_%26_Stout_stations,Point(-104.98994 39.74685),0.951,2.0,http://www.wikidata.org/entity/Q2175765,"('39.74685', '-104.98994')"
342,,39.74666667,-105.00638889,2004 Centrix Financial Grand Prix of Denver,,C,yellow,,,Grand Prix of Denver,,http://www.wikidata.org/entity/Q4602619,,https://en.wikipedia.org/wiki/2004_Centrix_Financial_Grand_Prix_of_Denver,Point(-105.00638889 39.74666667),2.017,2.0,http://www.wikidata.org/entity/Q689010,"('39.74666667', '-105.00638889')"
344,,39.755234,-104.977372,27th/Welton,,C,yellow,,,tram stop,,http://www.wikidata.org/entity/Q4632564,,https://en.wikipedia.org/wiki/27th_%26_Welton_station,Point(-104.977372 39.755234),1.891,2.0,http://www.wikidata.org/entity/Q2175765,"('39.755234', '-104.977372')"
346,,39.76717,-104.96998,Annunciation Church,,C,yellow,,,church building,,http://www.wikidata.org/entity/Q4769764,,https://en.wikipedia.org/wiki/Annunciation_Roman_Catholic_Church_(Denver),Point(-104.96998 39.76717),3.356,2.0,http://www.wikidata.org/entity/Q16970,"('39.76717', '-104.96998')"
347,,39.7447,-104.988,American Museum of Western Art – The Anschutz Collection,,C,yellow,,,museum,,http://www.wikidata.org/entity/Q4770539,,https://en.wikipedia.org/wiki/American_Museum_of_Western_Art_%E2%80%93_The_Anschutz_Collection,Point(-104.988 39.7447),0.664,2.0,http://www.wikidata.org/entity/Q33506,"('39.7447', '-104.988')"
351,,39.608986222719,-105.01890692329,Arapahoe Community College,,C,yellow,,,community college,,http://www.wikidata.org/entity/Q4784195,,https://en.wikipedia.org/wiki/Arapahoe_Community_College,Point(-105.02 39.6084),14.855,2.0,http://www.wikidata.org/entity/Q1336920,"('39.608986222719', '-105.01890692329')"
363,,39.8233,-105.084,Arvada Center for the Arts and Humanities,,C,yellow,,,performing arts center,,http://www.wikidata.org/entity/Q4802342,,https://en.wikipedia.org/wiki/Arvada_Center_for_the_Arts_and_Humanities,Point(-105.084 39.8233),12.615,2.0,http://www.wikidata.org/entity/Q3469910,"('39.8233', '-105.084')"
365,,39.798333,-105.080833,Arvada Flour Mill,,C,yellow,,,mill,,http://www.wikidata.org/entity/Q4802347,,https://en.wikipedia.org/wiki/Arvada_Flour_Mill,Point(-105.080833 39.798333),10.51,2.0,http://www.wikidata.org/entity/Q44494,"('39.798333', '-105.080833')"
366,,39.810555555556,-105.12611111111,Arvada West High School,,C,yellow,,,high school,,http://www.wikidata.org/entity/Q4802350,,https://en.wikipedia.org/wiki/Arvada_West_High_School,Point(-105.126111111 39.810555555),14.442,2.0,http://www.wikidata.org/entity/Q9826,"('39.810555555556', '-105.12611111111')"
367,,39.704,-104.941,Aspen University,,C,yellow,,,private for-profit educational institution,,http://www.wikidata.org/entity/Q4807851,,https://en.wikipedia.org/wiki/Aspen_University,Point(-104.941 39.704),5.424,2.0,http://www.wikidata.org/entity/Q23002052,"('39.704', '-104.941')"
368,,39.7434,-105.003,Auraria Library,,C,yellow,,,academic library,,http://www.wikidata.org/entity/Q4822140,,https://en.wikipedia.org/wiki/Auraria_Library,Point(-105.003 39.7434),1.618,2.0,http://www.wikidata.org/entity/Q856234,"('39.7434', '-105.003')"
376,,39.7397,-104.872,Aurora Fox Arts Center,,C,yellow,,,performing arts center,,http://www.wikidata.org/entity/Q4822533,,https://en.wikipedia.org/wiki/Aurora_Fox_Arts_Center,Point(-104.872 39.7397),9.65,2.0,http://www.wikidata.org/entity/Q3469910,"('39.7397', '-104.872')"
379,,39.668056,-105.080556,Avoca Lodge,,C,yellow,,,house,,http://www.wikidata.org/entity/Q4829106,,https://en.wikipedia.org/wiki/Avoca_Lodge,Point(-105.080556 39.668056),11.386,2.0,http://www.wikidata.org/entity/Q3947,"('39.668056', '-105.080556')"
380,,39.741944,-104.973889,Bailey House,,C,yellow,,,single-family detached home,,http://www.wikidata.org/entity/Q4848362,,"https://en.wikipedia.org/wiki/Bailey_House_(Denver,_Colorado)",Point(-104.97446 39.74192),0.938,2.0,http://www.wikidata.org/entity/Q1307276,"('39.741944', '-104.973889')"
385,,39.723919,-104.99515,Baker,,C,yellow,,,historic district,,http://www.wikidata.org/entity/Q4849089,,"https://en.wikipedia.org/wiki/Baker,_Denver",Point(-104.99515 39.723919),1.917,2.0,http://www.wikidata.org/entity/Q15243209,"('39.723919', '-104.99515')"
386,,39.746944,-104.992222,Bank Lofts,,C,yellow,,,bank building,,http://www.wikidata.org/entity/Q4855939,,https://en.wikipedia.org/wiki/Bank_Lofts,Point(-104.992222 39.746944),1.063,2.0,http://www.wikidata.org/entity/Q18761864,"('39.746944', '-104.992222')"
388,,39.7056,-104.912,Beth HaMedrosh Hagodol-Beth Joseph,,C,yellow,,,synagogue,,http://www.wikidata.org/entity/Q4897508,,https://en.wikipedia.org/wiki/Beth_HaMedrosh_Hagodol-Beth_Joseph,Point(-104.912 39.7056),7.267,2.0,http://www.wikidata.org/entity/Q34627,"('39.7056', '-104.912')"
389,,39.6306,-105.014,Big Dry Creek,,C,yellow,,,river,,http://www.wikidata.org/entity/Q4905604,,"https://en.wikipedia.org/wiki/Big_Dry_Creek_(Littleton,_Colorado)",Point(-105.01443 39.63054),12.348,2.0,http://www.wikidata.org/entity/Q4022,"('39.6306', '-105.014')"
393,,39.74036,-104.94835,Bluebird Theater,,C,yellow,,,music venue,,http://www.wikidata.org/entity/Q4930253,,https://en.wikipedia.org/wiki/Bluebird_Theater,Point(-104.94835 39.74036),3.124,2.0,http://www.wikidata.org/entity/Q8719053,"('39.74036', '-104.94835')"
395,,39.7448,-104.997,Boettcher Concert Hall,,C,yellow,,,concert hall,,http://www.wikidata.org/entity/Q4937250,,https://en.wikipedia.org/wiki/Boettcher_Concert_Hall,Point(-104.997 39.7448),1.208,2.0,http://www.wikidata.org/entity/Q1060829,"('39.7448', '-104.997')"
396,,39.7325,-104.961,Boettcher Memorial Tropical Conservatory,,C,yellow,,,botanical garden,,http://www.wikidata.org/entity/Q4937253,,https://en.wikipedia.org/wiki/Boettcher_Memorial_Tropical_Conservatory,Point(-104.961 39.7325),2.173,2.0,http://www.wikidata.org/entity/Q167346,"('39.7325', '-104.961')"
397,,39.8269088,-105.0388088,Bowles House,,C,yellow,,,house,,http://www.wikidata.org/entity/Q4951111,,"https://en.wikipedia.org/wiki/Bowles_House_(Westminster,_Colorado)",Point(-105.0388088 39.8269088),10.783,2.0,http://www.wikidata.org/entity/Q3947,"('39.8269088', '-105.0388088')"
399,,39.7466,-104.996,Brooks Tower,,C,yellow,,,skyscraper,,http://www.wikidata.org/entity/Q4975059,,https://en.wikipedia.org/wiki/Brooks_Tower,Point(-104.996 39.7466),1.256,2.0,http://www.wikidata.org/entity/Q11303,"('39.7466', '-104.996')"
400,,39.737222,-104.989444,Byers-Evans House,,C,yellow,,,house,,http://www.wikidata.org/entity/Q5004062,,https://en.wikipedia.org/wiki/Byers%E2%80%93Evans_House,Point(-104.989444 39.737222),0.451,2.0,http://www.wikidata.org/entity/Q3947,"('39.737222', '-104.989444')"
401,,39.7497,-104.989,Byron G. Rogers Federal Building and United States Courthouse,,C,yellow,,,courthouse,,http://www.wikidata.org/entity/Q5004359,,https://en.wikipedia.org/wiki/Byron_G._Rogers_Federal_Building_and_United_States_Courthouse,Point(-104.989 39.7497),1.216,2.0,http://www.wikidata.org/entity/Q1137809,"('39.7497', '-104.989')"
402,,39.748611,-104.989722,Byron White United States Courthouse,,C,yellow,,,building,,http://www.wikidata.org/entity/Q5004496,,https://en.wikipedia.org/wiki/Byron_White_United_States_Courthouse,Point(-104.989722 39.748611),1.122,2.0,http://www.wikidata.org/entity/Q41176,"('39.748611', '-104.989722')"
403,,39.7419,-105.071,Casa Bonita,,C,yellow,,,restaurant,,http://www.wikidata.org/entity/Q5047790,,https://en.wikipedia.org/wiki/Casa_Bonita,Point(-105.071 39.7419),7.371,2.0,http://www.wikidata.org/entity/Q11707,"('39.7419', '-105.071')"
407,,39.749,-105.017,Children's Museum of Denver,,C,yellow,,,nonprofit organization,,http://www.wikidata.org/entity/Q5098167,,https://en.wikipedia.org/wiki/Children%27s_Museum_of_Denver,Point(-105.017 39.749),2.954,2.0,http://www.wikidata.org/entity/Q163740,"('39.749', '-105.017')"
413,,39.728611,-104.981389,Colorado Governor's Mansion,,C,yellow,,,museum,,http://www.wikidata.org/entity/Q5148812,,https://en.wikipedia.org/wiki/Colorado_Governor%27s_Mansion,Point(-104.981389 39.728611),1.218,2.0,http://www.wikidata.org/entity/Q33506,"('39.728611', '-104.981389')"
415,,39.711944444444,-105.12527777778,Core Research Center,,C,yellow,,,research center,,http://www.wikidata.org/entity/Q5170178,,https://en.wikipedia.org/wiki/Core_Research_Center,Point(-105.125277777 39.711944444),12.386,2.0,http://www.wikidata.org/entity/Q7315155,"('39.711944444444', '-105.12527777778')"
418,,39.719444,-104.935,Cranmer Park,,C,yellow,,,urban park,,http://www.wikidata.org/entity/Q5182219,,https://en.wikipedia.org/wiki/Cranmer_Park,Point(-104.93609 39.71915),4.731,2.0,http://www.wikidata.org/entity/Q22746,"('39.719444', '-104.935')"
422,,39.75861,-105.10333,Crown Hill Park,,C,yellow,,,county park,,http://www.wikidata.org/entity/Q5189373,,https://en.wikipedia.org/wiki/Crown_Hill_Park,Point(-105.10333 39.75861),10.354,2.0,http://www.wikidata.org/entity/Q5177940,"('39.75861', '-105.10333')"
426,,39.6815,-104.963,DU Stadium,,C,yellow,,,stadium,,http://www.wikidata.org/entity/Q5206333,,https://en.wikipedia.org/wiki/DU_Stadium,Point(-104.963 39.6815),6.686,2.0,http://www.wikidata.org/entity/Q483110,"('39.6815', '-104.963')"
427,,39.68195,-104.961849,Daniel L. Ritchie Center,,C,yellow,,,sports venue,,http://www.wikidata.org/entity/Q5217851,,https://en.wikipedia.org/wiki/Ritchie_Center,Point(-104.961849 39.68195),6.667,2.0,http://www.wikidata.org/entity/Q1076486,"('39.68195', '-104.961849')"
430,,39.74176,-104.99353,Denver Athletic Club,,C,yellow,,,sports club,,http://www.wikidata.org/entity/Q5259673,,https://en.wikipedia.org/wiki/Denver_Athletic_Club,Point(-104.99353 39.74176),0.792,2.0,http://www.wikidata.org/entity/Q847017,"('39.74176', '-104.99353')"
442,,39.744623,-104.998476,Denver Center for the Performing Arts,,C,yellow,,,nonprofit organization,,http://www.wikidata.org/entity/Q5259689,,https://en.wikipedia.org/wiki/Denver_Center_for_the_Performing_Arts,Point(-104.998476 39.744623),1.309,2.0,http://www.wikidata.org/entity/Q163740,"('39.744623', '-104.998476')"
444,,39.750533,-104.993814,Denver City Cable Railway Building,,C,yellow,,,commercial building,,http://www.wikidata.org/entity/Q5259693,,https://en.wikipedia.org/wiki/Denver_City_Cable_Railway_Building,Point(-104.993814 39.750533),1.471,2.0,http://www.wikidata.org/entity/Q655686,"('39.750533', '-104.993814')"
445,,39.7449,-104.993,Denver Dry Goods Company Building,,C,yellow,,,department store,,http://www.wikidata.org/entity/Q5259714,,https://en.wikipedia.org/wiki/Denver_Dry_Goods_Company_Building,Point(-104.993 39.7449),0.938,2.0,http://www.wikidata.org/entity/Q216107,"('39.7449', '-104.993')"
446,,39.740833,-104.991944,Denver Firefighters Museum,,C,yellow,,,firefighting museum,,http://www.wikidata.org/entity/Q5259725,,https://en.wikipedia.org/wiki/Denver_Firefighters_Museum,Point(-104.991944 39.740833),0.631,2.0,http://www.wikidata.org/entity/Q11786880,"('39.740833', '-104.991944')"
449,,39.7544,-105.004,Denver Millennium Bridge,,C,yellow,,,footbridge,,http://www.wikidata.org/entity/Q5259745,,https://en.wikipedia.org/wiki/Denver_Millennium_Bridge,Point(-105.004 39.7544),2.349,2.0,http://www.wikidata.org/entity/Q1068842,"('39.7544', '-105.004')"
450,,39.749166666667,-104.99194444444,Denver Place,,C,yellow,,,skyscraper,,http://www.wikidata.org/entity/Q5259769,,https://en.wikipedia.org/wiki/Denver_Place,Point(-104.991944444 39.749166666),1.259,2.0,http://www.wikidata.org/entity/Q11303,"('39.749166666667', '-104.99194444444')"
451,,39.6241,-104.895,Denver Technological Center,,C,yellow,,,business park,,http://www.wikidata.org/entity/Q5259787,,https://en.wikipedia.org/wiki/Denver_Technological_Center,Point(-104.895 39.6241),14.934,2.0,http://www.wikidata.org/entity/Q338313,"('39.6241', '-104.895')"
452,,39.7355,-105.00988,Denver Water,,C,yellow,,,water utility,,http://www.wikidata.org/entity/Q5259799,,https://en.wikipedia.org/wiki/Denver_Water,Point(-105.00988 39.7355),2.179,2.0,http://www.wikidata.org/entity/Q7258040,"('39.7355', '-105.00988')"
453,,39.751,-104.9942,Denver Tramway,,C,yellow,,,tram system,,http://www.wikidata.org/entity/Q5259796,,https://en.wikipedia.org/wiki/Denver_Tramway,Point(-104.9942 39.751),1.532,2.0,http://www.wikidata.org/entity/Q15640053,"('39.751', '-104.9942')"
454,,39.741666666667,-104.95611111111,East High School,,C,yellow,,,high school,,http://www.wikidata.org/entity/Q5328588,,"https://en.wikipedia.org/wiki/East_High_School_(Denver,_Colorado)",Point(-104.956111111 39.741666666),2.473,2.0,http://www.wikidata.org/entity/Q9826,"('39.741666666667', '-104.95611111111')"
455,,39.6913,-104.827,Ecotech Institute,,C,yellow,,,private for-profit educational institution,,http://www.wikidata.org/entity/Q5333889,,https://en.wikipedia.org/wiki/Ecotech_Institute,Point(-104.827 39.6913),14.516,2.0,http://www.wikidata.org/entity/Q23002052,"('39.6913', '-104.827')"
456,,39.7411,-104.995,Emily Griffith Opportunity School,,C,yellow,,,public educational institution of the United States,,http://www.wikidata.org/entity/Q5372188,,https://en.wikipedia.org/wiki/Emily_Griffith_Technical_College,Point(-104.995 39.7411),0.891,2.0,http://www.wikidata.org/entity/Q23002039,"('39.7411', '-104.995')"
457,,39.685,-104.937,Environmental and Engineering Geophysical Society,,C,yellow,,,organization,,http://www.wikidata.org/entity/Q5381189,,https://en.wikipedia.org/wiki/Environmental_and_Engineering_Geophysical_Society,Point(-104.937 39.685),7.289,2.0,http://www.wikidata.org/entity/Q43229,"('39.685', '-104.937')"
458,,39.7378,-104.978,Episcopal Diocese of Colorado,,C,yellow,,,diocese,,http://www.wikidata.org/entity/Q5383361,,https://en.wikipedia.org/wiki/The_Episcopal_Church_in_Colorado,Point(-104.978 39.7378),0.608,2.0,http://www.wikidata.org/entity/Q665487,"('39.7378', '-104.978')"
459,,39.746389,-104.991111,Equitable Building,,C,yellow,,,bank building,,http://www.wikidata.org/entity/Q5384616,,https://en.wikipedia.org/wiki/Equitable_Building_(Denver),Point(-104.991111 39.746389),0.958,2.0,http://www.wikidata.org/entity/Q18761864,"('39.746389', '-104.991111')"
461,,39.738333,-104.983611,First Baptist Church of Denver,,C,yellow,,,church building,,http://www.wikidata.org/entity/Q5452463,,https://en.wikipedia.org/wiki/First_Baptist_Church_of_Denver,Point(-104.983611 39.738333),0.147,2.0,http://www.wikidata.org/entity/Q16970,"('39.738333', '-104.983611')"
462,,39.745277777778,-104.83722222222,Fitzsimons Army Medical Center,,C,yellow,,,former hospital,,http://www.wikidata.org/entity/Q5455733,,https://en.wikipedia.org/wiki/Fitzsimons_Army_Medical_Center,Point(-104.837222222 39.745277777),12.641,2.0,http://www.wikidata.org/entity/Q64578911,"('39.745277777778', '-104.83722222222')"
466,,39.7771,-104.971,Forney Transportation Museum,,C,yellow,,,automobile museum,,http://www.wikidata.org/entity/Q5470379,,https://en.wikipedia.org/wiki/Forney_Transportation_Museum,Point(-104.971 39.7771),4.374,2.0,http://www.wikidata.org/entity/Q787934,"('39.7771', '-104.971')"
474,,39.7056,-104.914,George Washington High School,,C,yellow,,,high school,,http://www.wikidata.org/entity/Q5545973,,https://en.wikipedia.org/wiki/George_Washington_High_School_(Colorado),Point(-104.914 39.7056),7.121,2.0,http://www.wikidata.org/entity/Q9826,"('39.7056', '-104.914')"
476,,39.6576,-104.988,Gothic Theatre,,C,yellow,,,concert hall,,http://www.wikidata.org/entity/Q5587876,,https://en.wikipedia.org/wiki/Gothic_Theatre,Point(-104.988 39.6576),9.081,2.0,http://www.wikidata.org/entity/Q1060829,"('39.6576', '-104.988')"
479,,39.758,-105.009,Highland Bridge,,C,yellow,,,footbridge,,http://www.wikidata.org/entity/Q5758679,,https://en.wikipedia.org/wiki/Highland_Bridge,Point(-105.009 39.758),2.934,2.0,http://www.wikidata.org/entity/Q1068842,"('39.758', '-105.009')"
481,,39.7625,-105.024167,Highlands Masonic Lodge,,C,yellow,,,masonic temple,,http://www.wikidata.org/entity/Q5759388,,https://en.wikipedia.org/wiki/Highlands_Masonic_Lodge,Point(-105.024167 39.7625),4.24,2.0,http://www.wikidata.org/entity/Q1454583,"('39.7625', '-105.024167')"
482,,39.7361,-104.987,History Colorado Center,,C,yellow,,,museum,,http://www.wikidata.org/entity/Q5774677,,https://en.wikipedia.org/wiki/History_Colorado_Center,Point(-104.987 39.7361),0.394,2.0,http://www.wikidata.org/entity/Q33506,"('39.7361', '-104.987')"
483,,39.6375,-104.93805556,Hopkins Farm,,C,yellow,,,historic district,,http://www.wikidata.org/entity/Q5900656,,"https://en.wikipedia.org/wiki/Hopkins_Farm_(Cherry_Hills_Village,_Colorado)",Point(-104.93805556 39.6375),12.0,2.0,http://www.wikidata.org/entity/Q15243209,"('39.6375', '-104.93805556')"
484,,39.701698,-104.990072,I-25 & Broadway,,C,yellow,,,tram stop,,http://www.wikidata.org/entity/Q5967528,,https://en.wikipedia.org/wiki/I-25_%26_Broadway_station,Point(-104.990072 39.701698),4.198,2.0,http://www.wikidata.org/entity/Q2175765,"('39.701698', '-104.990072')"
486,,39.7419,-104.978,Independence Institute,,C,yellow,,,nonprofit organization,,http://www.wikidata.org/entity/Q6016098,,https://en.wikipedia.org/wiki/Independence_Institute,Point(-104.978 39.7419),0.657,2.0,http://www.wikidata.org/entity/Q163740,"('39.7419', '-104.978')"
487,,39.736228050105,-104.99022566149,Kirkland Museum of Fine & Decorative Art,,C,yellow,,,museum,,http://www.wikidata.org/entity/Q6415740,,https://en.wikipedia.org/wiki/Kirkland_Museum_of_Fine_%26_Decorative_Art,Point(-104.99 39.735),0.644,2.0,http://www.wikidata.org/entity/Q33506,"('39.736228050105', '-104.99022566149')"
491,,39.7378,-105.022,Lakewood Gulch,,C,yellow,,,landform,,http://www.wikidata.org/entity/Q6479400,,https://en.wikipedia.org/wiki/Lakewood_Gulch,Point(-105.022 39.7378),3.179,2.0,http://www.wikidata.org/entity/Q271669,"('39.7378', '-105.022')"
492,,39.6742,-104.96,Lamont School of Music,,C,yellow,,,conservatory,,http://www.wikidata.org/entity/Q6482219,,https://en.wikipedia.org/wiki/Lamont_School_of_Music,Point(-104.96 39.6742),7.538,2.0,http://www.wikidata.org/entity/Q184644,"('39.6742', '-104.96')"
493,,39.743055555556,-104.98583333333,Lincoln Center,,C,yellow,,,skyscraper,,http://www.wikidata.org/entity/Q6550518,,https://en.wikipedia.org/wiki/Lincoln_Center_(Denver),Point(-104.985833333 39.743055555),0.433,2.0,http://www.wikidata.org/entity/Q11303,"('39.743055555556', '-104.98583333333')"
495,,39.613889,-105.016111,Littleton Main Street,,C,yellow,,,historic district,,http://www.wikidata.org/entity/Q6653128,,https://en.wikipedia.org/wiki/Littleton_Main_Street,Point(-105.016111 39.613889),14.192,2.0,http://www.wikidata.org/entity/Q15243209,"('39.613889', '-105.016111')"
496,,39.611666666667,-105.00833333333,Littleton Public Schools,,C,yellow,,,school district,,http://www.wikidata.org/entity/Q6653132,,https://en.wikipedia.org/wiki/Littleton_Public_Schools,Point(-105.008333333 39.611666666),14.326,2.0,http://www.wikidata.org/entity/Q398141,"('39.611666666667', '-105.00833333333')"
498,,39.692778,-104.978333,Louisiana–Pearl,,C,yellow,,,tram stop,,http://www.wikidata.org/entity/Q6689057,,https://en.wikipedia.org/wiki/Louisiana%E2%80%93Pearl_station,Point(-104.978333 39.692778),5.196,2.0,http://www.wikidata.org/entity/Q2175765,"('39.692778', '-104.978333')"
499,,39.8057,-104.892,Mile High Music Festival,,C,yellow,,,music festival,,http://www.wikidata.org/entity/Q6851086,,https://en.wikipedia.org/wiki/Mile_High_Music_Festival,Point(-104.892 39.8057),10.844,2.0,http://www.wikidata.org/entity/Q868557,"('39.8057', '-104.892')"
500,,39.744722,-104.983889,Mosque of the El Jebel Shrine,,C,yellow,,,building,,http://www.wikidata.org/entity/Q6916449,,https://en.wikipedia.org/wiki/Sherman_Street_Event_Center,Point(-104.983889 39.744722),0.616,2.0,http://www.wikidata.org/entity/Q41176,"('39.744722', '-104.983889')"
501,,39.7825,-104.969,National Western Stock Show,,C,yellow,,,livestock show,,http://www.wikidata.org/entity/Q6979405,,https://en.wikipedia.org/wiki/National_Western_Stock_Show,Point(-104.969 39.7825),4.998,2.0,http://www.wikidata.org/entity/Q6658760,"('39.7825', '-104.969')"
504,,39.740278,-104.974722,Ogden Theater,,C,yellow,,,music venue,,http://www.wikidata.org/entity/Q7079953,,https://en.wikipedia.org/wiki/Ogden_Theatre,Point(-104.974722 39.740278),0.875,2.0,http://www.wikidata.org/entity/Q8719053,"('39.740278', '-104.974722')"
506,,39.7457,-104.907,Olinger Tower,,C,yellow,,,building,,http://www.wikidata.org/entity/Q7086936,,https://en.wikipedia.org/wiki/Olinger_Tower,Point(-104.907 39.7457),6.696,2.0,http://www.wikidata.org/entity/Q41176,"('39.7457', '-104.907')"
507,,39.7478,-104.987,"One Lincoln Park, Denver",,C,yellow,,,building,,http://www.wikidata.org/entity/Q7092815,,"https://en.wikipedia.org/wiki/One_Lincoln_Park,_Denver",Point(-104.987 39.7478),0.97,2.0,http://www.wikidata.org/entity/Q41176,"('39.7478', '-104.987')"
513,,39.7564,-105.007,Platte River Bridge,,C,yellow,,,footbridge,,http://www.wikidata.org/entity/Q7202497,,https://en.wikipedia.org/wiki/Platte_River_Bridge,Point(-105.007 39.7564),2.688,2.0,http://www.wikidata.org/entity/Q1068842,"('39.7564', '-105.007')"
514,,39.739444444444,-104.98888888889,PrideFest,,C,yellow,,,pride festival,,http://www.wikidata.org/entity/Q7242731,,https://en.wikipedia.org/wiki/PrideFest_(Denver),Point(-104.988888888 39.739444444),0.345,2.0,http://www.wikidata.org/entity/Q129598636,"('39.739444444444', '-104.98888888889')"
516,,39.680702554405,-104.90586523864,Rocky Mountain Philatelic Library,,C,yellow,,,philatelic library,,http://www.wikidata.org/entity/Q7355922,,https://en.wikipedia.org/wiki/Rocky_Mountain_Philatelic_Library,Point(-104.905865238 39.680702554),9.382,2.0,http://www.wikidata.org/entity/Q131597220,"('39.680702554405', '-104.90586523864')"
518,,39.7486,-105.013,Sidewinder,,C,yellow,,,amusement ride,,http://www.wikidata.org/entity/Q7508555,,https://en.wikipedia.org/wiki/Sidewinder_(Elitch_Gardens),Point(-105.013 39.7486),2.621,2.0,http://www.wikidata.org/entity/Q1144661,"('39.7486', '-105.013')"
520,,39.70667,-104.96889,Smith's Irrigation Ditch,,C,yellow,,,historic district,,http://www.wikidata.org/entity/Q7544865,,https://en.wikipedia.org/wiki/Smith%27s_Irrigation_Ditch,Point(-104.970278 39.700278),4.508,2.0,http://www.wikidata.org/entity/Q15243209,"('39.70667', '-104.96889')"
524,,39.743333,-105.015556,South Platte River Bridges,,C,yellow,,,deck arch bridge,,http://www.wikidata.org/entity/Q7568238,,https://en.wikipedia.org/wiki/South_Platte_River_Bridges,Point(-105.015556 39.743333),2.664,2.0,http://www.wikidata.org/entity/Q14276458,"('39.743333', '-105.015556')"
525,,39.743457,-105.013198,Empower Field at Mile High,,C,yellow,,,tram stop,,http://www.wikidata.org/entity/Q7579687,,https://en.wikipedia.org/wiki/Empower_Field_at_Mile_High_station,Point(-105.013198 39.743457),2.468,2.0,http://www.wikidata.org/entity/Q2175765,"('39.743457', '-105.013198')"
528,,39.742778,-105.001667,St. Elizabeth's Church,,C,yellow,,,church building,,http://www.wikidata.org/entity/Q7587834,,"https://en.wikipedia.org/wiki/St._Elizabeth%27s_Church_(Denver,_Colorado)",Point(-105.001667 39.742778),1.49,2.0,http://www.wikidata.org/entity/Q16970,"('39.742778', '-105.001667')"
529,,39.780278,-104.981667,St. Joseph's Polish Roman Catholic Church,,C,yellow,,,Catholic church building,,http://www.wikidata.org/entity/Q7589207,,https://en.wikipedia.org/wiki/St._Joseph%27s_Polish_Roman_Catholic_Church,Point(-104.981667 39.780278),4.572,2.0,http://www.wikidata.org/entity/Q1088552,"('39.780278', '-104.981667')"
530,,39.63,-104.981,St. Mark Coptic Orthodox Church,,C,yellow,,,church building,,http://www.wikidata.org/entity/Q7589984,,"https://en.wikipedia.org/wiki/St._Mark_Coptic_Orthodox_Church_(Centennial,_Colorado)",Point(-104.981 39.63),12.15,2.0,http://www.wikidata.org/entity/Q16970,"('39.63', '-104.981')"
532,,39.763611,-105.006389,St. Patrick Mission Church,,C,yellow,,,church building,,http://www.wikidata.org/entity/Q7591007,,https://en.wikipedia.org/wiki/St._Patrick_Mission_Church,Point(-105.006389 39.763611),3.276,2.0,http://www.wikidata.org/entity/Q16970,"('39.763611', '-105.006389')"
533,,39.741944,-104.982778,St. Paul's English Evangelical Lutheran Church,,C,yellow,,,church building,,http://www.wikidata.org/entity/Q7591083,,https://en.wikipedia.org/wiki/Saint_Paul_Lutheran_and_Roman_Catholic_Community_of_Faith,Point(-104.982778 39.741944),0.35,2.0,http://www.wikidata.org/entity/Q16970,"('39.741944', '-104.982778')"
535,,39.6792,-104.961,Sturm College of Law,,C,yellow,,,law school,,http://www.wikidata.org/entity/Q7629097,,https://en.wikipedia.org/wiki/Sturm_College_of_Law,Point(-104.961 39.6792),6.98,2.0,http://www.wikidata.org/entity/Q1321960,"('39.6792', '-104.961')"
536,,39.739722222222,-104.95638888889,Tattered Cover,,C,yellow,,,business,,http://www.wikidata.org/entity/Q7688396,,https://en.wikipedia.org/wiki/Tattered_Cover,Point(-104.956388888 39.739722222),2.435,2.0,http://www.wikidata.org/entity/Q4830453,"('39.739722222222', '-104.95638888889')"
539,,39.744722,-104.995,Telephone Building,,C,yellow,,,commercial building,,http://www.wikidata.org/entity/Q7696460,,https://en.wikipedia.org/wiki/Mountain_States_Telephone_Building,Point(-104.995 39.744722),1.06,2.0,http://www.wikidata.org/entity/Q655686,"('39.744722', '-104.995')"
540,,39.745833333333,-104.99694444444,The Curtis,,C,yellow,,,skyscraper,,http://www.wikidata.org/entity/Q7728492,,https://en.wikipedia.org/wiki/The_Curtis,Point(-104.996944444 39.745833333),1.267,2.0,http://www.wikidata.org/entity/Q11303,"('39.745833333333', '-104.99694444444')"
543,,39.743727,-104.996341,Theatre District / Convention Center,,C,yellow,,,tram stop,,http://www.wikidata.org/entity/Q7777369,,https://en.wikipedia.org/wiki/Theatre_District%E2%80%93Convention_Center_station,Point(-104.996341 39.743727),1.101,2.0,http://www.wikidata.org/entity/Q2175765,"('39.743727', '-104.996341')"
545,,39.7475,-104.99388888889,U.S. Bank Tower,,C,yellow,,,skyscraper,,http://www.wikidata.org/entity/Q7863084,,https://en.wikipedia.org/wiki/U.S._Bank_Tower_(Denver),Point(-104.993888888 39.7475),1.2,2.0,http://www.wikidata.org/entity/Q11303,"('39.7475', '-104.99388888889')"
547,,39.748611,-104.988333,United States Customhouse,,C,yellow,,,building,,http://www.wikidata.org/entity/Q7889701,,https://en.wikipedia.org/wiki/United_States_Customhouse_(Denver),Point(-104.988333 39.748611),1.084,2.0,http://www.wikidata.org/entity/Q41176,"('39.748611', '-104.988333')"
548,,39.7441,-104.836,University of Colorado Denver School of Dental Medicine,,C,yellow,,,dental school,,http://www.wikidata.org/entity/Q7895283,,https://en.wikipedia.org/wiki/University_of_Colorado_School_of_Dental_Medicine,Point(-104.836 39.7441),12.739,2.0,http://www.wikidata.org/entity/Q5259432,"('39.7441', '-104.836')"
549,,39.74755,-104.99833,University of Colorado Denver Business School,,C,yellow,,,business school,,http://www.wikidata.org/entity/Q7895281,,https://en.wikipedia.org/wiki/University_of_Colorado_Denver_Business_School,Point(-104.99833 39.74755),1.477,2.0,http://www.wikidata.org/entity/Q1143635,"('39.74755', '-104.99833')"
550,,39.6852626,-104.9647861,University of Denver station,,C,yellow,,,tram stop,,http://www.wikidata.org/entity/Q7895330,,https://en.wikipedia.org/wiki/University_of_Denver_station,Point(-104.9647861 39.6852626),6.242,2.0,http://www.wikidata.org/entity/Q2175765,"('39.6852626', '-104.9647861')"
551,,39.822,-105.04,Westminster High School,,C,yellow,,,high school,,http://www.wikidata.org/entity/Q7989166,,https://en.wikipedia.org/wiki/Westminster_High_School_(Colorado),Point(-105.04 39.822),10.338,2.0,http://www.wikidata.org/entity/Q9826,"('39.822', '-105.04')"
553,,39.844444,-105.033611,William J. Gregory House,,C,yellow,,,single-family detached home,,http://www.wikidata.org/entity/Q8013230,,https://en.wikipedia.org/wiki/William_J._Gregory_House,Point(-105.033611 39.844444),12.417,2.0,http://www.wikidata.org/entity/Q1307276,"('39.844444', '-105.033611')"
554,,39.7206191,-104.851048,William Smith House,,C,yellow,,,house,,http://www.wikidata.org/entity/Q8018566,,"https://en.wikipedia.org/wiki/William_Smith_House_(Aurora,_Colorado)",Point(-104.851048 39.7206191),11.628,2.0,http://www.wikidata.org/entity/Q3947,"('39.7206191', '-104.851048')"
555,,39.74497,-104.99238,16th/California,,C,yellow,,,tram stop,,http://www.wikidata.org/entity/Q14684287,,https://en.wikipedia.org/wiki/16th_%26_California_and_16th_%26_Stout_stations,Point(-104.99238 39.74497),0.905,2.0,http://www.wikidata.org/entity/Q2175765,"('39.74497', '-104.99238')"
557,,39.72755,-104.97791,Adolph Zang Mansion,,C,yellow,,,house,,http://www.wikidata.org/entity/Q14684292,,https://en.wikipedia.org/wiki/Adolph_Zang_Mansion,Point(-104.978 39.7275),1.431,2.0,http://www.wikidata.org/entity/Q3947,"('39.72755', '-104.97791')"
561,,39.682222222222,-104.96166666667,Magness Arena,,C,yellow,,,arena,,http://www.wikidata.org/entity/Q14684923,,https://en.wikipedia.org/wiki/Magness_Arena,Point(-104.961666666 39.682222222),6.643,2.0,http://www.wikidata.org/entity/Q641226,"('39.682222222222', '-104.96166666667')"
562,,39.6506,-105.036,Mullen High School,,C,yellow,,,high school,,http://www.wikidata.org/entity/Q14685016,,https://en.wikipedia.org/wiki/Mullen_High_School,Point(-105.036 39.6506),10.783,2.0,http://www.wikidata.org/entity/Q9826,"('39.6506', '-105.036')"
563,,39.7519,-104.993,Sakura Square,,C,yellow,,,square,,http://www.wikidata.org/entity/Q14685084,,https://en.wikipedia.org/wiki/Sakura_Square,Point(-104.993 39.7519),1.571,2.0,http://www.wikidata.org/entity/Q174782,"('39.7519', '-104.993')"
565,,39.73916667,-104.98472222,Chinatown,,C,yellow,,,Chinatown,,http://www.wikidata.org/entity/Q15209731,,"https://en.wikipedia.org/wiki/Chinatown,_Denver",Point(-104.98472222 39.73916667),0.014,2.0,http://www.wikidata.org/entity/Q202509,"('39.73916667', '-104.98472222')"
566,,39.72916667,-105.10666667,Lakewood High School,,C,yellow,,,public school,,http://www.wikidata.org/entity/Q15241376,,https://en.wikipedia.org/wiki/Lakewood_High_School_(Colorado),Point(-105.10666667 39.72916667),10.475,2.0,http://www.wikidata.org/entity/Q1080794,"('39.72916667', '-105.10666667')"
568,,39.72,-105.129,Federal Center,,C,yellow,,,tram stop,,http://www.wikidata.org/entity/Q16891234,,https://en.wikipedia.org/wiki/Federal_Center_station_(RTD),Point(-105.129 39.72),12.51,2.0,http://www.wikidata.org/entity/Q2175765,"('39.72', '-105.129')"
569,,39.782,-105.145,Mount Olivet Cemetery,,C,yellow,,,Catholic cemetery,,http://www.wikidata.org/entity/Q16953658,,"https://en.wikipedia.org/wiki/Mount_Olivet_Cemetery_(Wheat_Ridge,_Colorado)",Point(-105.145 39.782),14.49,2.0,http://www.wikidata.org/entity/Q21554881,"('39.782', '-105.145')"
571,,39.70465556,-104.93700833,Colorado Department of Public Health and Environment,,C,yellow,,,ministry of health,,http://www.wikidata.org/entity/Q17510567,,https://en.wikipedia.org/wiki/Colorado_Department_of_Public_Health_and_Environment,Point(-104.93700833 39.70465556),5.615,2.0,http://www.wikidata.org/entity/Q1519799,"('39.70465556', '-104.93700833')"
572,,39.8075,-104.965,Cherokee Generating Station,,C,yellow,,,gas turbine power station,,http://www.wikidata.org/entity/Q17762185,,https://en.wikipedia.org/wiki/Cherokee_Generating_Station,Point(-104.965 39.8075),7.778,2.0,http://www.wikidata.org/entity/Q1427536,"('39.8075', '-104.965')"
574,,39.7448,-104.957,Thatcher Memorial Fountain,,C,yellow,,,fountain,,http://www.wikidata.org/entity/Q18749232,,https://en.wikipedia.org/wiki/Thatcher_Memorial_Fountain,Point(-104.957 39.7448),2.461,2.0,http://www.wikidata.org/entity/Q483453,"('39.7448', '-104.957')"
576,,39.72054,-104.97581,Alamo Placita Park,,C,yellow,,,park,,http://www.wikidata.org/entity/Q19460143,,https://en.wikipedia.org/wiki/Alamo_Placita_Park,Point(-104.97581 39.72054),2.218,2.0,http://www.wikidata.org/entity/Q22698,"('39.72054', '-104.97581')"
577,,39.741408,-104.993397,Denver Press Club,,C,yellow,,,trade association,,http://www.wikidata.org/entity/Q19605840,,https://en.wikipedia.org/wiki/Denver_Press_Club,Point(-104.993397 39.741408),0.769,2.0,http://www.wikidata.org/entity/Q2178147,"('39.741408', '-104.993397')"
579,,39.6755,-104.84483333333,1993 Aurora shooting,,C,yellow,,,murder,,http://www.wikidata.org/entity/Q20501842,,"https://en.wikipedia.org/wiki/1993_Aurora,_Colorado_shooting",Point(-104.844833333 39.6755),13.918,2.0,http://www.wikidata.org/entity/Q132821,"('39.6755', '-104.84483333333')"
582,,39.76755556,-104.85041667,Peoria station,,C,yellow,,,tram stop,,http://www.wikidata.org/entity/Q24514632,,https://en.wikipedia.org/wiki/Peoria_station,Point(-104.85041667 39.76755556),11.916,2.0,http://www.wikidata.org/entity/Q2175765,"('39.76755556', '-104.85041667')"
585,,39.71866,-104.98721,Mayan Theater,,C,yellow,,,movie theater,,http://www.wikidata.org/entity/Q25208882,,https://en.wikipedia.org/wiki/Mayan_Theater_(Denver),Point(-104.98721 39.71866),2.297,2.0,http://www.wikidata.org/entity/Q41253,"('39.71866', '-104.98721')"
586,,39.74416667,-105.00333333,Emmanuel Shearith Israel Chapel,,C,yellow,,,synagogue,,http://www.wikidata.org/entity/Q26258346,,https://en.wikipedia.org/wiki/Emmanuel_Shearith_Israel_Chapel,Point(-105.00333333 39.74416667),1.672,2.0,http://www.wikidata.org/entity/Q34627,"('39.74416667', '-105.00333333')"
587,,39.63,-105.06777778,Marston Lake,,C,yellow,,,reservoir,,http://www.wikidata.org/entity/Q26823127,,https://en.wikipedia.org/wiki/Marston_Lake,Point(-105.06777778 39.63),14.066,2.0,http://www.wikidata.org/entity/Q131681,"('39.63', '-105.06777778')"
588,,39.77665,-105.043588,Oriental Theater,,C,yellow,,,movie theater,,http://www.wikidata.org/entity/Q28126176,,https://en.wikipedia.org/wiki/Oriental_Theater_(Denver),Point(-105.043588 39.77665),6.519,2.0,http://www.wikidata.org/entity/Q41253,"('39.77665', '-105.043588')"
590,,39.70880556,-104.81908333,Aurora Metro Center station,,C,yellow,,,tram stop,,http://www.wikidata.org/entity/Q28841953,,https://en.wikipedia.org/wiki/Aurora_Metro_Center_station,Point(-104.81908333 39.70880556),14.575,2.0,http://www.wikidata.org/entity/Q2175765,"('39.70880556', '-104.81908333')"
592,,39.803333333333,-105.02166666667,Zuni,,C,yellow,,,unincorporated community in the United States,,http://www.wikidata.org/entity/Q29033979,,,Point(-105.021666666 39.803333333),7.79,2.0,http://www.wikidata.org/entity/Q17343829,"('39.803333333333', '-105.02166666667')"
593,,39.6927,-104.9477,St. Thomas Seminary,,C,yellow,,,seminary,,http://www.wikidata.org/entity/Q42345454,,https://en.wikipedia.org/wiki/St._Thomas_Seminary_(Denver),Point(-104.9477 39.6927),6.073,2.0,http://www.wikidata.org/entity/Q233324,"('39.6927', '-104.9477')"
595,,39.745833333333,-104.99888888889,Tramway Building,,C,yellow,,,building,,http://www.wikidata.org/entity/Q49482832,,,Point(-104.998888888 39.745833333),1.406,2.0,http://www.wikidata.org/entity/Q41176,"('39.745833333333', '-104.99888888889')"
596,,39.746388888889,-104.99166666667,Equitable Building,,C,yellow,,,park,,http://www.wikidata.org/entity/Q49487263,,,Point(-104.991666666 39.746388888),0.985,2.0,http://www.wikidata.org/entity/Q22698,"('39.746388888889', '-104.99166666667')"
597,,39.7474567,-104.9922129,Ideal Building,,C,yellow,,,office building,,http://www.wikidata.org/entity/Q49504537,,,Point(-104.9922129 39.7474567),1.109,2.0,http://www.wikidata.org/entity/Q1021645,"('39.7474567', '-104.9922129')"
598,,39.744166666667,-104.99027777778,Kittredge Building,,C,yellow,,,building,,http://www.wikidata.org/entity/Q49511334,,,Point(-104.990277777 39.744166666),0.718,2.0,http://www.wikidata.org/entity/Q41176,"('39.744166666667', '-104.99027777778')"
599,,39.776111111111,-105.12444444444,Prospect Park,,C,yellow,,,park,,http://www.wikidata.org/entity/Q49546382,,,Point(-105.124444444 39.776111111),12.616,2.0,http://www.wikidata.org/entity/Q22698,"('39.776111111111', '-105.12444444444')"
600,,39.799444444444,-105.08277777778,Russell-Graves House,,C,yellow,,,house,,http://www.wikidata.org/entity/Q49554942,,,Point(-105.082777777 39.799444444),10.716,2.0,http://www.wikidata.org/entity/Q3947,"('39.799444444444', '-105.08277777778')"
601,,39.740277777778,-104.98888888889,Voorhies Memorial,,C,yellow,,,triumphal arch,,http://www.wikidata.org/entity/Q49575931,,,Point(-104.988888888 39.740277777),0.363,2.0,http://www.wikidata.org/entity/Q143912,"('39.740277777778', '-104.98888888889')"
608,,39.73175556,-104.98524167,Crawford Hill Mansion,,C,yellow,,,mansion,,http://www.wikidata.org/entity/Q55608537,,https://en.wikipedia.org/wiki/Crawford_Hill_Mansion,Point(-104.98524167 39.73175556),0.832,2.0,http://www.wikidata.org/entity/Q1802963,"('39.73175556', '-104.98524167')"
609,,39.61027778,-104.96027778,Curtis School,,C,yellow,,,school building,,http://www.wikidata.org/entity/Q55608704,,"https://en.wikipedia.org/wiki/Curtis_School_(Greenwood_Village,_Colorado)",Point(-104.96027778 39.61027778),14.492,2.0,http://www.wikidata.org/entity/Q1244442,"('39.61027778', '-104.96027778')"
610,,39.73665556,-104.96568889,Tears-McFarlane House,,C,yellow,,,house,,http://www.wikidata.org/entity/Q55634778,,https://en.wikipedia.org/wiki/Tears%E2%80%93McFarlane_House,Point(-104.96568889 39.73665556),1.664,2.0,http://www.wikidata.org/entity/Q3947,"('39.73665556', '-104.96568889')"
611,,39.74808333,-104.98794444,Holy Ghost Catholic Church,,C,yellow,,,Catholic church building,,http://www.wikidata.org/entity/Q56669162,,https://en.wikipedia.org/wiki/Holy_Ghost_Catholic_Church_(Denver),Point(-104.98794444 39.74808333),1.018,2.0,http://www.wikidata.org/entity/Q1088552,"('39.74808333', '-104.98794444')"
612,,39.7322,-105.005,Buckhorn Exchange,,C,yellow,,,commercial building,,http://www.wikidata.org/entity/Q60761501,,https://en.wikipedia.org/wiki/Buckhorn_Exchange,Point(-105.005 39.7322),1.891,2.0,http://www.wikidata.org/entity/Q655686,"('39.7322', '-105.005')"
613,,39.737345,-104.98826,Denver Central Library,,C,yellow,,,main library,,http://www.wikidata.org/entity/Q69779512,,https://en.wikipedia.org/wiki/Denver_Central_Library,Point(-104.98826 39.737345),0.359,2.0,http://www.wikidata.org/entity/Q12317349,"('39.737345', '-104.98826')"
616,,39.74038,-104.98455,Colorado State Library,,C,yellow,,,state agency of the United States,,http://www.wikidata.org/entity/Q73006668,,https://en.wikipedia.org/wiki/Colorado_State_Library,Point(-104.98455 39.74038),0.13,2.0,http://www.wikidata.org/entity/Q20857085,"('39.74038', '-104.98455')"
624,,39.739722222222,-104.98675,Statue of Joe P. Martínez,,C,yellow,,,statue,,http://www.wikidata.org/entity/Q84842812,,https://en.wikipedia.org/wiki/Statue_of_Joe_P._Mart%C3%ADnez,Point(-104.98675 39.739722222),0.17,2.0,http://www.wikidata.org/entity/Q179700,"('39.739722222222', '-104.98675')"
625,,39.739235,-104.985642,Civil War Monument,,C,yellow,,,statue,,http://www.wikidata.org/entity/Q84842875,,https://en.wikipedia.org/wiki/Civil_War_Monument_(Denver),Point(-104.985642 39.739235),0.067,2.0,http://www.wikidata.org/entity/Q179700,"('39.739235', '-104.985642')"
627,,39.739235,-104.983983,The Closing Era,,C,yellow,,,sculpture,,http://www.wikidata.org/entity/Q84875931,,https://en.wikipedia.org/wiki/The_Closing_Era,Point(-104.983983 39.739235),0.075,2.0,http://www.wikidata.org/entity/Q860861,"('39.739235', '-104.983983')"
628,,39.738912,-104.988647,On the War Trail,,C,yellow,,,sculpture,,http://www.wikidata.org/entity/Q84878088,,https://en.wikipedia.org/wiki/On_the_War_Trail,Point(-104.988647 39.738912),0.326,2.0,http://www.wikidata.org/entity/Q860861,"('39.738912', '-104.988647')"
629,,39.738912,-104.989069,Bronco Buster,,C,yellow,,,statue,,http://www.wikidata.org/entity/Q84971299,,https://en.wikipedia.org/wiki/Bronco_Buster_(Proctor),Point(-104.989069 39.738912),0.362,2.0,http://www.wikidata.org/entity/Q179700,"('39.738912', '-104.989069')"
631,,39.7808,-105.054,Cyclone,,C,yellow,,,wooden roller coaster,,http://www.wikidata.org/entity/Q85754903,,https://en.wikipedia.org/wiki/Cyclone_(Lakeside_Amusement_Park),Point(-105.054 39.7808),7.502,2.0,http://www.wikidata.org/entity/Q973560,"('39.7808', '-105.054')"
632,,39.7468,-104.9923,First National Bank Building,,C,yellow,,,bank building,,http://www.wikidata.org/entity/Q85761059,,"https://en.wikipedia.org/wiki/First_National_Bank_Building_(Denver,_Colorado)",Point(-104.9923 39.7468),1.054,2.0,http://www.wikidata.org/entity/Q18761864,"('39.7468', '-104.9923')"
633,,39.738892,-104.986731,Liberty Bell,,C,yellow,,,sculpture,,http://www.wikidata.org/entity/Q85776518,,https://en.wikipedia.org/wiki/Liberty_Bell_(Denver),Point(-104.986731 39.738892),0.164,2.0,http://www.wikidata.org/entity/Q860861,"('39.738892', '-104.986731')"
635,,39.745632,-104.995651,Denver Gas & Electric Building,,C,yellow,,,office building,,http://www.wikidata.org/entity/Q101251270,,https://en.wikipedia.org/wiki/Denver_Gas_%26_Electric_Building,Point(-104.995651 39.745632),1.165,2.0,http://www.wikidata.org/entity/Q1021645,"('39.745632', '-104.995651')"
636,,39.74748,-104.9933,Colorado National Bank Building,,C,yellow,,,bank building,,http://www.wikidata.org/entity/Q104834126,,https://en.wikipedia.org/wiki/Colorado_National_Bank_Building,Point(-104.9933 39.74748),1.166,2.0,http://www.wikidata.org/entity/Q18761864,"('39.74748', '-104.9933')"
638,,39.74471,-104.98807,Brinker Collegiate Institute,,C,yellow,,,school building,,http://www.wikidata.org/entity/Q107121457,,https://en.wikipedia.org/wiki/Brinker_Collegiate_Institute,Point(-104.98807 39.74471),0.668,2.0,http://www.wikidata.org/entity/Q1244442,"('39.74471', '-104.98807')"
639,,39.74975,-104.99991666667,Barney L. Ford Building,,C,yellow,,,commercial building,,http://www.wikidata.org/entity/Q107143930,,https://en.wikipedia.org/wiki/Barney_L._Ford_Building,Point(-104.999916666 39.74975),1.739,2.0,http://www.wikidata.org/entity/Q655686,"('39.74975', '-104.99991666667')"
641,,39.754166666667,-104.97777777778,Rossonian Hotel,,C,yellow,,,hotel building,,http://www.wikidata.org/entity/Q111182021,,https://en.wikipedia.org/wiki/Rossonian_Hotel,Point(-104.977777777 39.754166666),1.767,2.0,http://www.wikidata.org/entity/Q63099748,"('39.754166666667', '-104.97777777778')"
642,,39.736111111111,-104.98361111111,Creswell Mansion,,C,yellow,,,house,,http://www.wikidata.org/entity/Q117075177,,https://en.wikipedia.org/wiki/Creswell_Mansion,Point(-104.983611111 39.736111111),0.364,2.0,http://www.wikidata.org/entity/Q3947,"('39.736111111111', '-104.98361111111')"
643,,39.66154,-105.02775,Loretto Heights Academy,,C,yellow,,,school building,,http://www.wikidata.org/entity/Q133703031,,https://en.wikipedia.org/wiki/Loretto_Heights_Academy,Point(-105.02775 39.66154),9.386,2.0,http://www.wikidata.org/entity/Q1244442,"('39.66154', '-105.02775')"
645,,39.7436,-104.87,Blanche A. Wilson House,,C,yellow,,,house,,http://www.wikidata.org/entity/Q881394,https://de.wikipedia.org/wiki/Blanche_A._Wilson_House,https://en.wikipedia.org/wiki/Blanche_A._Wilson_House,Point(-104.87 39.7436),9.832,2.0,http://www.wikidata.org/entity/Q3947,"('39.7436', '-104.87')"
646,,39.75,-104.83333333333,Montana County,,C,yellow,,,county of the United States,,http://www.wikidata.org/entity/Q1533581,https://de.wikipedia.org/wiki/Montana_County,"https://en.wikipedia.org/wiki/Montana_County,_Kansas_Territory",Point(-104.833333333 39.75),13.01,2.0,http://www.wikidata.org/entity/Q47168,"('39.75', '-104.83333333333')"
648,,39.7374,-104.987,Colorado History Museum,,C,yellow,,,museum,,http://www.wikidata.org/entity/Q5148816,https://de.wikipedia.org/wiki/Colorado_History_Museum,https://en.wikipedia.org/wiki/Colorado_History_Museum,Point(-104.987 39.7374),0.274,2.0,http://www.wikidata.org/entity/Q33506,"('39.7374', '-104.987')"
652,,39.80355,-104.947545,Commerce City Refinery,,C,yellow,,,oil refinery,,http://www.wikidata.org/entity/Q101584493,https://de.wikipedia.org/wiki/Commerce-City-Raffinerie,,Point(-104.947545 39.80355),7.83,2.0,http://www.wikidata.org/entity/Q12353044,"('39.80355', '-104.947545')"
654,,39.747932,-104.986895,20th/Welton,,D,blue,,,tram stop,,http://www.wikidata.org/entity/Q4630641,,https://en.wikipedia.org/wiki/20th_%26_Welton_station,Point(-104.986895 39.747932),0.982,1.0,http://www.wikidata.org/entity/Q2175765,"('39.747932', '-104.986895')"
656,,39.753378,-104.97975,25th/Welton,,D,blue,,,tram stop,,http://www.wikidata.org/entity/Q4632215,,https://en.wikipedia.org/wiki/25th_%26_Welton_station,Point(-104.97975 39.753378),1.632,1.0,http://www.wikidata.org/entity/Q2175765,"('39.753378', '-104.97975')"
658,,39.756919,-104.975211,29th/Welton,,D,blue,,,tram stop,,http://www.wikidata.org/entity/Q4632907,,https://en.wikipedia.org/wiki/29th_%26_Welton_station,Point(-104.975211 39.756919),2.132,1.0,http://www.wikidata.org/entity/Q2175765,"('39.756919', '-104.975211')"
660,,39.758805,-104.973536,30th/Downing,,D,blue,,,tram stop,,http://www.wikidata.org/entity/Q4634566,,https://en.wikipedia.org/wiki/30th_%26_Downing_station,Point(-104.973536 39.758805),2.382,1.0,http://www.wikidata.org/entity/Q2175765,"('39.758805', '-104.973536')"
662,,39.6761,-105.027,Abraham Lincoln High School,,D,blue,,,high school,,http://www.wikidata.org/entity/Q4669022,,https://en.wikipedia.org/wiki/Abraham_Lincoln_High_School_(Colorado),Point(-105.027 39.6761),7.891,1.0,http://www.wikidata.org/entity/Q9826,"('39.6761', '-105.027')"
663,,39.8213,-104.935,Adams City High School,,D,blue,,,high school,,http://www.wikidata.org/entity/Q4680312,,https://en.wikipedia.org/wiki/Adams_City_High_School,Point(-104.935 39.8213),10.07,1.0,http://www.wikidata.org/entity/Q9826,"('39.8213', '-104.935')"
664,,39.825,-105.041,Adams County School District 50,,D,blue,,,school district in the United States,,http://www.wikidata.org/entity/Q4680332,,https://en.wikipedia.org/wiki/Westminster_Public_Schools,Point(-105.041 39.825),10.675,1.0,http://www.wikidata.org/entity/Q15726209,"('39.825', '-105.041')"
665,,39.708511,-104.993028,Alameda,,D,blue,,,tram stop,,http://www.wikidata.org/entity/Q4705848,,https://en.wikipedia.org/wiki/Alameda_station_(RTD),Point(-104.993028 39.708511),3.487,1.0,http://www.wikidata.org/entity/Q2175765,"('39.708511', '-104.993028')"
667,,39.7096,-104.874,Alameda East Veterinary Hospital,,D,blue,,,veterinary hospital,,http://www.wikidata.org/entity/Q4705870,,https://en.wikipedia.org/wiki/Alameda_East_Veterinary_Hospital,Point(-104.874 39.7096),10.037,1.0,http://www.wikidata.org/entity/Q1706476,"('39.7096', '-104.874')"
668,,39.761944,-105.013611,All Saints Episcopal Church,,D,blue,,,church building,,http://www.wikidata.org/entity/Q4729566,,https://en.wikipedia.org/wiki/All_Saints_Episcopal_Church_(Denver),Point(-105.013611 39.761944),3.523,1.0,http://www.wikidata.org/entity/Q16970,"('39.761944', '-105.013611')"
669,,39.662222,-104.970278,Arapahoe Acres,,D,blue,,,historic district,,http://www.wikidata.org/entity/Q4784193,,https://en.wikipedia.org/wiki/Arapahoe_Acres,Point(-104.970278 39.662222),8.654,1.0,http://www.wikidata.org/entity/Q15243209,"('39.662222', '-104.970278')"
670,,39.7756,-105.046,Arrupe Jesuit High School,,D,blue,,,high school,,http://www.wikidata.org/entity/Q4796288,,https://en.wikipedia.org/wiki/Arrupe_Jesuit_High_School,Point(-105.046 39.7756),6.607,1.0,http://www.wikidata.org/entity/Q9826,"('39.7756', '-105.046')"
671,,39.8009,-105.08,Olde Town Arvada,,D,blue,,,historic district,,http://www.wikidata.org/entity/Q4802344,,https://en.wikipedia.org/wiki/Olde_Town_Arvada,Point(-105.08 39.8009),10.636,1.0,http://www.wikidata.org/entity/Q15243209,"('39.8009', '-105.08')"
672,,39.8158,-105.085,Arvada High School,,D,blue,,,high school,,http://www.wikidata.org/entity/Q4802348,,https://en.wikipedia.org/wiki/Arvada_High_School,Point(-105.085 39.8158),12.07,1.0,http://www.wikidata.org/entity/Q9826,"('39.8158', '-105.085')"
674,,39.741667,-105.003333,Auraria 9th Street Historic District,,D,blue,,,historic district,,http://www.wikidata.org/entity/Q4822138,,https://en.wikipedia.org/wiki/Auraria_9th_Street_Historic_District,Point(-105.003333 39.741667),1.602,1.0,http://www.wikidata.org/entity/Q15243209,"('39.741667', '-105.003333')"
675,,39.7431,-105.006,Auraria Campus,,D,blue,,,campus,,http://www.wikidata.org/entity/Q4822139,,https://en.wikipedia.org/wiki/Auraria_Campus,Point(-105.006 39.7431),1.858,1.0,http://www.wikidata.org/entity/Q209465,"('39.7431', '-105.006')"
676,,39.741367,-105.010693,Auraria West,,D,blue,,,tram stop,,http://www.wikidata.org/entity/Q4822143,,https://en.wikipedia.org/wiki/Auraria_West_station,Point(-105.010693 39.741367),2.221,1.0,http://www.wikidata.org/entity/Q2175765,"('39.741367', '-105.010693')"
678,,39.732222222222,-104.85222222222,Aurora Central High School,,D,blue,,,high school,,http://www.wikidata.org/entity/Q4822511,,https://en.wikipedia.org/wiki/Aurora_Central_High_School,Point(-104.852222222 39.732222222),11.368,1.0,http://www.wikidata.org/entity/Q9826,"('39.732222222222', '-104.85222222222')"
679,,39.7325,-104.848,Aurora Public Schools,,D,blue,,,school district,,http://www.wikidata.org/entity/Q4822594,,https://en.wikipedia.org/wiki/Aurora_Public_Schools_(Colorado),Point(-104.848 39.7325),11.726,1.0,http://www.wikidata.org/entity/Q398141,"('39.7325', '-104.848')"
680,,39.7433,-104.982,Avenue Theater,,D,blue,,,theatre building,,http://www.wikidata.org/entity/Q4828207,,https://en.wikipedia.org/wiki/Avenue_Theater,Point(-104.982 39.7433),0.514,1.0,http://www.wikidata.org/entity/Q24354,"('39.7433', '-104.982')"
682,,39.6579,-105.108,Bear Creek High School,,D,blue,,,high school,,http://www.wikidata.org/entity/Q4876397,,https://en.wikipedia.org/wiki/Bear_Creek_High_School_(Colorado),Point(-105.108 39.6579),13.884,1.0,http://www.wikidata.org/entity/Q9826,"('39.6579', '-105.108')"
684,,39.6279,-104.9046,Belleview,,D,blue,,,tram stop,,http://www.wikidata.org/entity/Q4883836,,https://en.wikipedia.org/wiki/Belleview_station,Point(-104.9046 39.6279),14.157,1.0,http://www.wikidata.org/entity/Q2175765,"('39.6279', '-104.9046')"
685,,39.7244,-104.891,Bishop Machebeuf Catholic High School,,D,blue,,,high school,,http://www.wikidata.org/entity/Q4917636,,https://en.wikipedia.org/wiki/Bishop_Machebeuf_High_School,Point(-104.891 39.7244),8.194,1.0,http://www.wikidata.org/entity/Q9826,"('39.7244', '-104.891')"
686,,39.7524,-104.981,Blair-Caldwell African American Research Library,,D,blue,,,research library,,http://www.wikidata.org/entity/Q4924033,,https://en.wikipedia.org/wiki/Blair-Caldwell_African_American_Research_Library,Point(-104.981415 39.752235),1.475,1.0,http://www.wikidata.org/entity/Q1438040,"('39.7524', '-104.981')"
699,,39.772,-104.951,Bruce Randolph School,,D,blue,,,high school,,http://www.wikidata.org/entity/Q4978180,,https://en.wikipedia.org/wiki/Bruce_Randolph_School,Point(-104.951 39.772),4.653,1.0,http://www.wikidata.org/entity/Q9826,"('39.772', '-104.951')"
700,,39.7492,-105.012,Wild Kitty,,D,blue,,,amusement ride,,http://www.wikidata.org/entity/Q5016151,,https://en.wikipedia.org/wiki/Wild_Kitty,Point(-105.012 39.7492),2.571,1.0,http://www.wikidata.org/entity/Q1144661,"('39.7492', '-105.012')"
703,,39.742183333333,-104.98678333333,Charter School Institute,,D,blue,,,government agency,,http://www.wikidata.org/entity/Q5086749,,https://en.wikipedia.org/wiki/Charter_School_Institute,Point(-104.986783333 39.742183333),0.367,1.0,http://www.wikidata.org/entity/Q327333,"('39.742183333333', '-104.98678333333')"
704,,39.719416666667,-104.95341666667,Cherry Creek Arts Festival,,D,blue,,,nonprofit organization,,http://www.wikidata.org/entity/Q5092319,,https://en.wikipedia.org/wiki/Cherry_Creek_Arts_Festival,Point(-104.953416666 39.719416666),3.477,1.0,http://www.wikidata.org/entity/Q163740,"('39.719416666667', '-104.95341666667')"
707,,39.6764,-104.962,Chester M. Alter Arboretum,,D,blue,,,botanical garden,,http://www.wikidata.org/entity/Q5093642,,https://en.wikipedia.org/wiki/Chester_M._Alter_Arboretum,Point(-104.962 39.6764),7.255,1.0,http://www.wikidata.org/entity/Q167346,"('39.6764', '-104.962')"
708,,39.749722,-104.974444,Christ Methodist Episcopal Church,,D,blue,,,church building,,http://www.wikidata.org/entity/Q5108926,,https://en.wikipedia.org/wiki/Christ_Methodist_Episcopal_Church,Point(-104.974444 39.749722),1.467,1.0,http://www.wikidata.org/entity/Q16970,"('39.749722', '-104.974444')"
710,,39.752778,-104.95,City Park Golf,,D,blue,,,historic district,,http://www.wikidata.org/entity/Q5123350,,https://en.wikipedia.org/wiki/City_Park_Golf,Point(-104.95 39.752778),3.339,1.0,http://www.wikidata.org/entity/Q15243209,"('39.752778', '-104.95')"
712,,39.740319,-105.001918,Colfax at Auraria,,D,blue,,,tram stop,,http://www.wikidata.org/entity/Q5144757,,https://en.wikipedia.org/wiki/Colfax_at_Auraria_station,Point(-105.001918 39.740319),1.463,1.0,http://www.wikidata.org/entity/Q2175765,"('39.740319', '-105.001918')"
713,,39.6725,-105.015,Colorado's Finest Alternative High School,,D,blue,,,high school,,http://www.wikidata.org/entity/Q5148675,,https://en.wikipedia.org/wiki/Colorado%27s_Finest_High_School_of_Choice,Point(-105.015 39.6725),7.855,1.0,http://www.wikidata.org/entity/Q9826,"('39.6725', '-105.015')"
714,,39.6795,-104.9375,Colorado,,D,blue,,,tram stop,,http://www.wikidata.org/entity/Q5148687,,https://en.wikipedia.org/wiki/Colorado_station,Point(-104.9375 39.6795),7.78,1.0,http://www.wikidata.org/entity/Q2175765,"('39.6795', '-104.9375')"
715,,39.690148562709,-104.94244673098,Colorado Alliance of Research Libraries,,D,blue,,,nonprofit organization,,http://www.wikidata.org/entity/Q5148699,,https://en.wikipedia.org/wiki/Colorado_Alliance_of_Research_Libraries,Point(-104.94244673 39.690148562),6.554,1.0,http://www.wikidata.org/entity/Q163740,"('39.690148562709', '-104.94244673098')"
717,,39.726307,-104.879885,Colorado Community College System,,D,blue,,,university system,,http://www.wikidata.org/entity/Q5148766,,https://en.wikipedia.org/wiki/Colorado_Community_College_System,Point(-104.879885 39.726307),9.091,1.0,http://www.wikidata.org/entity/Q20857129,"('39.726307', '-104.879885')"
718,,39.681243,-104.827017,Colorado Community Church,,D,blue,,,church building,,http://www.wikidata.org/entity/Q5148765,,https://en.wikipedia.org/wiki/Colorado_Community_Church,Point(-104.827017 39.681243),14.962,1.0,http://www.wikidata.org/entity/Q16970,"('39.681243', '-104.827017')"
719,,39.741262,-104.986712,Colorado Department of Higher Education,,D,blue,,,government agency,,http://www.wikidata.org/entity/Q5148787,,https://en.wikipedia.org/wiki/Colorado_Department_of_Higher_Education,Point(-104.986712 39.741262),0.275,1.0,http://www.wikidata.org/entity/Q327333,"('39.741262', '-104.986712')"
720,,39.7344,-105.16,Colorado Mills,,D,blue,,,outlet store,,http://www.wikidata.org/entity/Q5148840,,https://en.wikipedia.org/wiki/Colorado_Mills,Point(-105.16 39.7344),14.985,1.0,http://www.wikidata.org/entity/Q76470,"('39.7344', '-105.16')"
722,,39.7419,-105.104,Colorado School of Trades,,D,blue,,,private for-profit educational institution,,http://www.wikidata.org/entity/Q5148912,,https://en.wikipedia.org/wiki/Colorado_School_of_Trades,Point(-105.104 39.7419),10.19,1.0,http://www.wikidata.org/entity/Q23002052,"('39.7419', '-105.104')"
723,,39.7441,-105.021,Colorado Sports Hall of Fame,,D,blue,,,sports hall of fame,,http://www.wikidata.org/entity/Q5148916,,https://en.wikipedia.org/wiki/Colorado_Sports_Hall_of_Fame,Point(-105.021 39.7441),3.137,1.0,http://www.wikidata.org/entity/Q42245028,"('39.7441', '-105.021')"
727,,39.736944,-104.963611,Cornwall Apartments,,D,blue,,,apartment building,,http://www.wikidata.org/entity/Q5171945,,https://en.wikipedia.org/wiki/Cornwall_Apartments,Point(-104.963611 39.736944),1.835,1.0,http://www.wikidata.org/entity/Q13402009,"('39.736944', '-104.963611')"
728,,39.7145,-105.062,Cougar Field House,,D,blue,,,arena,,http://www.wikidata.org/entity/Q5176021,,https://en.wikipedia.org/wiki/Colorado_Christian_Event_Center,Point(-105.062 39.7145),7.147,1.0,http://www.wikidata.org/entity/Q641226,"('39.7145', '-105.062')"
729,,39.719722,-104.933056,Cranmer House,,D,blue,,,single-family detached home,,http://www.wikidata.org/entity/Q5182218,,"https://en.wikipedia.org/wiki/Cranmer_House_(Denver,_Colorado)",Point(-104.933056 39.719722),4.933,1.0,http://www.wikidata.org/entity/Q1307276,"('39.719722', '-104.933056')"
730,,39.6776,-104.96,Daniels College of Business,,D,blue,,,business school,,http://www.wikidata.org/entity/Q5219480,,https://en.wikipedia.org/wiki/Daniels_College_of_Business,Point(-104.96 39.6776),7.176,1.0,http://www.wikidata.org/entity/Q1143635,"('39.6776', '-104.96')"
731,,39.660556,-104.960556,David W. Brown House,,D,blue,,,historic house,,http://www.wikidata.org/entity/Q5240692,,https://en.wikipedia.org/wiki/David_W._Brown_House,Point(-104.960556 39.660556),8.992,1.0,http://www.wikidata.org/entity/Q5773747,"('39.660556', '-104.960556')"
732,,39.6428,-104.8781,Dayton,,D,blue,,,tram stop,,http://www.wikidata.org/entity/Q5243497,,https://en.wikipedia.org/wiki/Dayton_station,Point(-104.8781 39.6428),14.086,1.0,http://www.wikidata.org/entity/Q2175765,"('39.6428', '-104.8781')"
734,,39.67773,-104.98106,Denver Christian School,,D,blue,,,private school,,http://www.wikidata.org/entity/Q5259690,,https://en.wikipedia.org/wiki/Denver_Christian_School,Point(-104.98106 39.67773),6.847,1.0,http://www.wikidata.org/entity/Q423208,"('39.67773', '-104.98106')"
735,,39.717477,-104.946592,Denver Foundation,,D,blue,,,nonprofit organization,,http://www.wikidata.org/entity/Q5259728,,https://en.wikipedia.org/wiki/Denver_Foundation,Point(-104.946592 39.717477),4.07,1.0,http://www.wikidata.org/entity/Q163740,"('39.717477', '-104.946592')"
737,,39.7748472,-105.0096899,Denver Online High School,,D,blue,,,high school,,http://www.wikidata.org/entity/Q5259757,,https://en.wikipedia.org/wiki/Denver_Online,Point(-105.0096899 39.7748472),4.492,1.0,http://www.wikidata.org/entity/Q9826,"('39.7748472', '-105.0096899')"
738,,39.7481,-104.905,Denver School of the Arts,,D,blue,,,high school,,http://www.wikidata.org/entity/Q5259782,,https://en.wikipedia.org/wiki/Denver_School_of_the_Arts,Point(-104.905 39.7481),6.899,1.0,http://www.wikidata.org/entity/Q9826,"('39.7481', '-104.905')"
743,,39.747825,-104.889964,Denver School of Science and Technology,,D,blue,,,charter school network,,http://www.wikidata.org/entity/Q5259780,,https://en.wikipedia.org/wiki/DSST_Public_Schools,Point(-104.891 39.7479),8.082,1.0,http://www.wikidata.org/entity/Q30103121,"('39.747825', '-104.889964')"
751,,39.742222222222,-104.98777777778,Denver World Trade Center,,D,blue,,,skyscraper,,http://www.wikidata.org/entity/Q5259802,,https://en.wikipedia.org/wiki/Denver_Energy_Center,Point(-104.987777777 39.742222222),0.415,1.0,http://www.wikidata.org/entity/Q11303,"('39.742222222222', '-104.98777777778')"
752,,39.74,-105.046,Denver West Side Jewish Community,,D,blue,,,Jewish community,,http://www.wikidata.org/entity/Q5259801,,https://en.wikipedia.org/wiki/Denver_West_Side_Jewish_community,Point(-105.046 39.74),5.228,1.0,http://www.wikidata.org/entity/Q101063310,"('39.74', '-105.046')"
754,,39.7683,-105.046,Elitch Gardens,,D,blue,,,botanical garden,,http://www.wikidata.org/entity/Q5361885,,https://en.wikipedia.org/wiki/Elitch_Gardens,Point(-105.046 39.7683),6.145,1.0,http://www.wikidata.org/entity/Q167346,"('39.7683', '-105.046')"
755,,39.655611,-104.99994,Englewood,,D,blue,,,tram stop,,http://www.wikidata.org/entity/Q5378117,,https://en.wikipedia.org/wiki/Englewood_station_(RTD),Point(-104.99994 39.655611),9.387,1.0,http://www.wikidata.org/entity/Q2175765,"('39.655611', '-104.99994')"
757,,39.6411,-105.105,Englewood Federal Detention Center,,D,blue,,,prison,,http://www.wikidata.org/entity/Q5378122,,,Point(-105.105 39.6411),14.991,1.0,http://www.wikidata.org/entity/Q40357,"('39.6411', '-105.105')"
758,,39.6466,-104.983,Englewood High School,,D,blue,,,high school,,http://www.wikidata.org/entity/Q5378126,,https://en.wikipedia.org/wiki/Englewood_High_School_(Colorado),Point(-104.983 39.6466),10.301,1.0,http://www.wikidata.org/entity/Q9826,"('39.6466', '-104.983')"
759,,39.67765,-104.992846,Evans,,D,blue,,,tram stop,,http://www.wikidata.org/entity/Q5415873,,https://en.wikipedia.org/wiki/Evans_station_(RTD),Point(-104.992846 39.67765),6.882,1.0,http://www.wikidata.org/entity/Q2175765,"('39.67765', '-104.992846')"
762,,39.747319,-104.99543,Federal Reserve Bank of Kansas City Denver Branch,,D,blue,,,building,,http://www.wikidata.org/entity/Q5440381,,https://en.wikipedia.org/wiki/Federal_Reserve_Bank_of_Kansas_City_Denver_Branch,Point(-104.99543 39.747319),1.274,1.0,http://www.wikidata.org/entity/Q41176,"('39.747319', '-104.99543')"
763,,39.731667,-104.976667,First Congregational Church,,D,blue,,,church building,,http://www.wikidata.org/entity/Q5452794,,https://en.wikipedia.org/wiki/First_Congregational_Church_(Denver),Point(-104.976667 39.731667),1.095,1.0,http://www.wikidata.org/entity/Q16970,"('39.731667', '-104.976667')"
765,,39.644,-105.044,Fort Logan,,D,blue,,,military base,,http://www.wikidata.org/entity/Q5471534,,https://en.wikipedia.org/wiki/Fort_Logan,Point(-105.044 39.644),11.736,1.0,http://www.wikidata.org/entity/Q245016,"('39.644', '-105.044')"
767,,39.647222,-104.950278,Foster-Buell Estate,,D,blue,,,single-family detached home,,http://www.wikidata.org/entity/Q5473606,,https://en.wikipedia.org/wiki/Foster-Buell_Estate,Point(-104.950278 39.647222),10.65,1.0,http://www.wikidata.org/entity/Q1307276,"('39.647222', '-104.950278')"
768,,39.761111,-105.026944,"Fourth Church of Christ, Scientist",,D,blue,,,church building,,http://www.wikidata.org/entity/Q5476026,,"https://en.wikipedia.org/wiki/Fourth_Church_of_Christ,_Scientist_(Denver)",Point(-105.026944 39.761111),4.343,1.0,http://www.wikidata.org/entity/Q16970,"('39.761111', '-105.026944')"
769,,39.749722,-105.026389,Frederick W. Neef House,,D,blue,,,house,,http://www.wikidata.org/entity/Q5498956,,https://en.wikipedia.org/wiki/Frederick_W._Neef_House,Point(-105.026389 39.749722),3.737,1.0,http://www.wikidata.org/entity/Q3947,"('39.749722', '-105.026389')"
770,,39.617778,-105.014722,Geneva Home,,D,blue,,,building,,http://www.wikidata.org/entity/Q5533016,,https://en.wikipedia.org/wiki/Geneva_Home,Point(-105.014722 39.617778),13.745,1.0,http://www.wikidata.org/entity/Q41176,"('39.617778', '-105.014722')"
772,,39.6777,-104.965,Graduate School of Social Work at the University of Denver,,D,blue,,,university,,http://www.wikidata.org/entity/Q5592045,,https://en.wikipedia.org/wiki/Graduate_School_of_Social_Work_at_the_University_of_Denver,Point(-104.965 39.6777),7.05,1.0,http://www.wikidata.org/entity/Q3918,"('39.6777', '-104.965')"
773,,39.728102,-104.980577,Grant–Humphreys Mansion,,D,blue,,,house,,http://www.wikidata.org/entity/Q5596082,,https://en.wikipedia.org/wiki/Grant%E2%80%93Humphreys_Mansion,Point(-104.980577 39.728102),1.291,1.0,http://www.wikidata.org/entity/Q3947,"('39.728102', '-104.980577')"
774,,39.74805,-104.86959,Granville Fuller House,,D,blue,,,house,,http://www.wikidata.org/entity/Q5596896,,https://en.wikipedia.org/wiki/Granville_Fuller_House,Point(-104.86959 39.74805),9.904,1.0,http://www.wikidata.org/entity/Q3947,"('39.74805', '-104.86959')"
775,,39.6934,-105.145,Green Mountain High School,,D,blue,,,high school,,http://www.wikidata.org/entity/Q5602898,,https://en.wikipedia.org/wiki/Green_Mountain_High_School,Point(-105.145 39.6934),14.614,1.0,http://www.wikidata.org/entity/Q9826,"('39.6934', '-105.145')"
776,,39.8269,-105.081,Hackberry Hill,,D,blue,,,hill,,http://www.wikidata.org/entity/Q5637197,,https://en.wikipedia.org/wiki/Hackberry_Hill,Point(-105.081 39.8269),12.747,1.0,http://www.wikidata.org/entity/Q54050,"('39.8269', '-105.081')"
780,,39.736011326405,-104.98714766846,History Colorado,,D,blue,,,nonprofit organization,,http://www.wikidata.org/entity/Q5774674,,https://en.wikipedia.org/wiki/History_Colorado,Point(-104.987147668 39.736011326),0.408,1.0,http://www.wikidata.org/entity/Q163740,"('39.736011326405', '-104.98714766846')"
784,,39.6674,-105.015,Humanex Academy,,D,blue,,,private school,,http://www.wikidata.org/entity/Q5939290,,https://en.wikipedia.org/wiki/Humanex_Academy,Point(-105.015 39.6674),8.393,1.0,http://www.wikidata.org/entity/Q423208,"('39.6674', '-105.015')"
785,,39.733611,-104.968611,Humboldt Street Historic District,,D,blue,,,historic district,,http://www.wikidata.org/entity/Q5940403,,https://en.wikipedia.org/wiki/Humboldt_Street_Historic_District,Point(-104.968611 39.733611),1.524,1.0,http://www.wikidata.org/entity/Q15243209,"('39.733611', '-104.968611')"
786,,39.7508,-105.072,Jefferson High School,,D,blue,,,high school,,http://www.wikidata.org/entity/Q6175491,,https://en.wikipedia.org/wiki/Jefferson_Junior/Senior_High_School,Point(-105.072 39.7508),7.56,1.0,http://www.wikidata.org/entity/Q9826,"('39.7508', '-105.072')"
788,,39.6645,-105.067,John F. Kennedy High School,,D,blue,,,high school,,http://www.wikidata.org/entity/Q6232351,,https://en.wikipedia.org/wiki/Kennedy_High_School_(Colorado),Point(-105.067 39.6645),10.882,1.0,http://www.wikidata.org/entity/Q9826,"('39.6645', '-105.067')"
789,,39.6929,-104.95,John Paul II Center for the New Evangelization,,D,blue,,,church building,,http://www.wikidata.org/entity/Q6252216,,https://en.wikipedia.org/wiki/John_Paul_II_Center_for_the_New_Evangelization,Point(-104.95 39.6929),5.953,1.0,http://www.wikidata.org/entity/Q16970,"('39.6929', '-104.95')"
790,,39.730278,-104.970278,John and Elivera Doud House,,D,blue,,,house,,http://www.wikidata.org/entity/Q6265375,,https://en.wikipedia.org/wiki/John_and_Elivera_Doud_House,Point(-104.970278 39.730278),1.596,1.0,http://www.wikidata.org/entity/Q3947,"('39.730278', '-104.970278')"
791,,39.746944,-104.994444,Joslin Dry Goods Company Building,,D,blue,,,department store,,http://www.wikidata.org/entity/Q6291019,,https://en.wikipedia.org/wiki/Joslin_Dry_Goods_Company_Building,Point(-104.994444 39.746944),1.186,1.0,http://www.wikidata.org/entity/Q216107,"('39.746944', '-104.994444')"
792,,39.7442,-104.961,Judi's House,,D,blue,,,nonprofit organization,,http://www.wikidata.org/entity/Q6302788,,https://en.wikipedia.org/wiki/Judi%27s_House,Point(-104.961 39.7442),2.113,1.0,http://www.wikidata.org/entity/Q163740,"('39.7442', '-104.961')"
794,,39.737052,-104.98706,Judiciary of Colorado,,D,blue,,,government agency,,http://www.wikidata.org/entity/Q6303093,,https://en.wikipedia.org/wiki/Judiciary_of_Colorado,Point(-104.98706 39.737052),0.307,1.0,http://www.wikidata.org/entity/Q327333,"('39.737052', '-104.98706')"
795,,39.6556,-105.074,KEPN,,D,blue,,,radio station,,http://www.wikidata.org/entity/Q6328587,,https://en.wikipedia.org/wiki/KEPN,Point(-105.074 39.6556),12.026,1.0,http://www.wikidata.org/entity/Q14350,"('39.6556', '-105.074')"
796,,39.6833,-105.007,KLDC,,D,blue,,,radio station,,http://www.wikidata.org/entity/Q6332500,,https://en.wikipedia.org/wiki/KLDC,Point(-105.007 39.6833),6.501,1.0,http://www.wikidata.org/entity/Q14350,"('39.6833', '-105.007')"
797,,39.8464,-105.033,KPOF,,D,blue,,,radio station,,http://www.wikidata.org/entity/Q6335762,,https://en.wikipedia.org/wiki/KPOF,Point(-105.033 39.8464),12.605,1.0,http://www.wikidata.org/entity/Q14350,"('39.8464', '-105.033')"
798,,39.7989,-104.971,KRKS,,D,blue,,,radio station,,http://www.wikidata.org/entity/Q6336800,,https://en.wikipedia.org/wiki/KRKS_(AM),Point(-104.971 39.7989),6.739,1.0,http://www.wikidata.org/entity/Q14350,"('39.7989', '-104.971')"
800,,39.613056,-105.009444,Knight-Wood House,,D,blue,,,house,,http://www.wikidata.org/entity/Q6422183,,https://en.wikipedia.org/wiki/Knight-Wood_House,Point(-105.009444 39.613056),14.187,1.0,http://www.wikidata.org/entity/Q3947,"('39.613056', '-105.009444')"
801,,39.7808,-105.0582,Lake Rhoda,,D,blue,,,lake,,http://www.wikidata.org/entity/Q6477516,,https://en.wikipedia.org/wiki/Lake_Rhoda,Point(-105.0582 39.7808),7.788,1.0,http://www.wikidata.org/entity/Q23397,"('39.7808', '-105.0582')"
802,,39.76,-105.00333333,list of bridges on the National Register of Historic Places in Colorado,,D,blue,,,Wikimedia list article,,http://www.wikidata.org/entity/Q6608240,,https://en.wikipedia.org/wiki/List_of_bridges_on_the_National_Register_of_Historic_Places_in_Colorado,Point(-105.00333333 39.76),2.797,1.0,http://www.wikidata.org/entity/Q13406463,"('39.76', '-105.00333333')"
803,,39.611993,-105.014901,Littleton/Downtown,,D,blue,,,tram stop,,http://www.wikidata.org/entity/Q6653088,,https://en.wikipedia.org/wiki/Littleton%E2%80%93Downtown_station,Point(-105.014901 39.611993),14.38,1.0,http://www.wikidata.org/entity/Q2175765,"('39.611993', '-105.014901')"
804,,39.6138,-104.986,Littleton High School,,D,blue,,,high school,,http://www.wikidata.org/entity/Q6653116,,https://en.wikipedia.org/wiki/Littleton_High_School_(Colorado),Point(-104.986 39.6138),13.948,1.0,http://www.wikidata.org/entity/Q9826,"('39.6138', '-104.986')"
805,,39.7129,-105.152,Long View High School,,D,blue,,,high school,,http://www.wikidata.org/entity/Q6673343,,https://en.wikipedia.org/wiki/Long_View_High_School,Point(-105.152 39.7129),14.59,1.0,http://www.wikidata.org/entity/Q9826,"('39.7129', '-105.152')"
807,,39.742222,-104.869722,M.J. Lavina Robidoux House,,D,blue,,,house,,http://www.wikidata.org/entity/Q6712201,,https://en.wikipedia.org/wiki/M.J._Lavina_Robidoux_House,Point(-104.869722 39.742222),9.85,1.0,http://www.wikidata.org/entity/Q3947,"('39.742222', '-104.869722')"
808,,39.647778,-104.959722,Maitland Estate,,D,blue,,,house,,http://www.wikidata.org/entity/Q6737152,,https://en.wikipedia.org/wiki/Maitland_Estate,Point(-104.959722 39.647778),10.394,1.0,http://www.wikidata.org/entity/Q3947,"('39.647778', '-104.959722')"
809,,39.7565,-104.967,Manual High School,,D,blue,,,high school,,http://www.wikidata.org/entity/Q6752306,,https://en.wikipedia.org/wiki/Manual_High_School_(Colorado),Point(-104.967 39.7565),2.453,1.0,http://www.wikidata.org/entity/Q9826,"('39.7565', '-104.967')"
810,,39.739443,-104.984211,Marcus Foundation,,D,blue,,,nonprofit organization,,http://www.wikidata.org/entity/Q6758168,,https://en.wikipedia.org/wiki/Marcus_Foundation,Point(-104.984211 39.739443),0.06,1.0,http://www.wikidata.org/entity/Q163740,"('39.739443', '-104.984211')"
811,,39.793278,-105.024028,Marycrest Girls High School,,D,blue,,,high school,,http://www.wikidata.org/entity/Q6781161,,https://en.wikipedia.org/wiki/Marycrest_Girls_High_School,Point(-105.024028 39.793278),6.878,1.0,http://www.wikidata.org/entity/Q9826,"('39.793278', '-105.024028')"
812,,39.740833,-105.015278,Midwest Steel and Iron Works Company Complex,,D,blue,,,building complex,,http://www.wikidata.org/entity/Q6843435,,https://en.wikipedia.org/wiki/Midwest_Steel_and_Iron_Works_Company_Complex,Point(-105.015278 39.740833),2.607,1.0,http://www.wikidata.org/entity/Q1497364,"('39.740833', '-105.015278')"
813,,39.787,-104.827,Montbello High School,,D,blue,,,high school,,http://www.wikidata.org/entity/Q6904530,,https://en.wikipedia.org/wiki/Montbello_High_School,Point(-104.827 39.787),14.5,1.0,http://www.wikidata.org/entity/Q9826,"('39.787', '-104.827')"
816,,39.746944,-104.931111,Montview Boulevard Presbyterian Church,,D,blue,,,church building,,http://www.wikidata.org/entity/Q6906649,,https://en.wikipedia.org/wiki/Montview_Boulevard_Presbyterian_Church,Point(-104.931111 39.746944),4.675,1.0,http://www.wikidata.org/entity/Q16970,"('39.746944', '-104.931111')"
817,,39.6788,-104.965,Morgridge College of Education,,D,blue,,,academic institution,,http://www.wikidata.org/entity/Q6912074,,https://en.wikipedia.org/wiki/Morgridge_College_of_Education,Point(-104.965 39.6788),6.931,1.0,http://www.wikidata.org/entity/Q4671277,"('39.6788', '-104.965')"
818,,39.655,-104.998,Museum of Outdoor Arts,,D,blue,,,nonprofit organization,,http://www.wikidata.org/entity/Q6940971,,https://en.wikipedia.org/wiki/Museum_of_Outdoor_Arts,Point(-104.998 39.655),9.433,1.0,http://www.wikidata.org/entity/Q163740,"('39.655', '-104.998')"
821,,39.7138,-105.126,National Science Foundation Ice Core Facility,,D,blue,,,laboratory,,http://www.wikidata.org/entity/Q6973470,,https://en.wikipedia.org/wiki/National_Science_Foundation_Ice_Core_Facility,Point(-105.126 39.7138),12.397,1.0,http://www.wikidata.org/entity/Q483242,"('39.7138', '-105.126')"
823,,39.7601,-105.023,North High School,,D,blue,,,high school,,http://www.wikidata.org/entity/Q7055601,,https://en.wikipedia.org/wiki/North_High_School_(Colorado),Point(-105.023 39.7601),4.001,1.0,http://www.wikidata.org/entity/Q9826,"('39.7601', '-105.023')"
824,,39.647222,-104.9675,Owen Estate,,D,blue,,,single-family detached home,,http://www.wikidata.org/entity/Q7114470,,https://en.wikipedia.org/wiki/Owen_Estate,Point(-104.9675 39.647222),10.338,1.0,http://www.wikidata.org/entity/Q1307276,"('39.647222', '-104.9675')"
825,,39.6429,-105.004849,Oxford / City of Sheridan,,D,blue,,,tram stop,,http://www.wikidata.org/entity/Q7115225,,https://en.wikipedia.org/wiki/Oxford%E2%80%93City_of_Sheridan_station,Point(-105.004849 39.6429),10.847,1.0,http://www.wikidata.org/entity/Q2175765,"('39.6429', '-105.004849')"
828,,39.762,-104.922,Park Hill,,D,blue,,,historic district,,http://www.wikidata.org/entity/Q7137776,,"https://en.wikipedia.org/wiki/Park_Hill,_Denver",Point(-104.922 39.762),5.94,1.0,http://www.wikidata.org/entity/Q15243209,"('39.762', '-104.922')"
829,,39.746111,-104.960278,Pearce–McAllister Cottage,,D,blue,,,house,,http://www.wikidata.org/entity/Q7157974,,https://en.wikipedia.org/wiki/Pearce%E2%80%93McAllister_Cottage,Point(-104.960278 39.746111),2.237,1.0,http://www.wikidata.org/entity/Q3947,"('39.746111', '-104.960278')"
831,,39.748668,-105.009643,Ball Arena / Elitch Gardens,,D,blue,,,tram stop,,http://www.wikidata.org/entity/Q7166484,,https://en.wikipedia.org/wiki/Ball_Arena%E2%80%93Elitch_Gardens_station,Point(-105.009643 39.748668),2.364,1.0,http://www.wikidata.org/entity/Q2175765,"('39.748668', '-105.009643')"
833,,39.751667,-104.998889,Peters Paper Company Warehouse,,D,blue,,,commercial building,,http://www.wikidata.org/entity/Q7178134,,https://en.wikipedia.org/wiki/Peters_Paper_Company_Warehouse,Point(-104.998889 39.751667),1.83,1.0,http://www.wikidata.org/entity/Q655686,"('39.751667', '-104.998889')"
834,,39.780833,-105.125,Pioneer Sod House,,D,blue,,,house,,http://www.wikidata.org/entity/Q7196790,,https://en.wikipedia.org/wiki/Pioneer_Sod_House,Point(-105.125 39.780833),12.84,1.0,http://www.wikidata.org/entity/Q3947,"('39.780833', '-105.125')"
843,,39.6845,-105.005,Ruby Hill Terrain Park,,D,blue,,,sports venue,,http://www.wikidata.org/entity/Q7376329,,https://en.wikipedia.org/wiki/Ruby_Hill_Terrain_Park,Point(-105.005 39.6845),6.325,1.0,http://www.wikidata.org/entity/Q1076486,"('39.6845', '-105.005')"
844,,39.7257,-104.995,Saint Joseph High School,,D,blue,,,high school,,http://www.wikidata.org/entity/Q7401555,,https://en.wikipedia.org/wiki/St._Joseph%27s_High_School_(Denver),Point(-104.995 39.7257),1.737,1.0,http://www.wikidata.org/entity/Q9826,"('39.7257', '-104.995')"
845,,39.7278,-105.003,Side 3 Studios,,D,blue,,,recording studio,,http://www.wikidata.org/entity/Q7508257,,,Point(-105.003 39.7278),2.006,1.0,http://www.wikidata.org/entity/Q746369,"('39.7278', '-105.003')"
847,,39.6488,-104.9163,Southmoor,,D,blue,,,tram stop,,http://www.wikidata.org/entity/Q7570906,,https://en.wikipedia.org/wiki/Southmoor_station,Point(-104.9163 39.6488),11.641,1.0,http://www.wikidata.org/entity/Q2175765,"('39.6488', '-104.9163')"
848,,39.6616,-105.027,Southwest Early College,,D,blue,,,high school,,http://www.wikidata.org/entity/Q7571268,,https://en.wikipedia.org/wiki/Early_College_of_Denver_High_School,Point(-105.027 39.6616),9.355,1.0,http://www.wikidata.org/entity/Q9826,"('39.6616', '-105.027')"
850,,39.748056,-104.984722,St. Andrews Episcopal Church,,D,blue,,,church building,,http://www.wikidata.org/entity/Q7586934,,https://en.wikipedia.org/wiki/St._Andrew%27s_Episcopal_Church_(Denver),Point(-104.984722 39.748056),0.981,1.0,http://www.wikidata.org/entity/Q16970,"('39.748056', '-104.984722')"
851,,39.762778,-105.021944,St. Elizabeth's Retreat Chapel,,D,blue,,,chapel,,http://www.wikidata.org/entity/Q7587841,,https://en.wikipedia.org/wiki/St._Elizabeth%27s_Retreat_Chapel,Point(-105.021944 39.762778),4.111,1.0,http://www.wikidata.org/entity/Q108325,"('39.762778', '-105.021944')"
852,,39.735,-104.984722,St. Mark's Parish Church,,D,blue,,,parish church,,http://www.wikidata.org/entity/Q7589970,,https://en.wikipedia.org/wiki/St._Mark%27s_Parish_Church,Point(-104.984722 39.735),0.471,1.0,http://www.wikidata.org/entity/Q317557,"('39.735', '-104.984722')"
854,,39.6677,-104.987,Swallow Hill Music Association,,D,blue,,,conservatory,,http://www.wikidata.org/entity/Q7653099,,https://en.wikipedia.org/wiki/Swallow_Hill_Music_Association,Point(-104.987 39.6677),7.956,1.0,http://www.wikidata.org/entity/Q184644,"('39.6677', '-104.987')"
856,,39.716667,-104.925,Temple Emanuel,,D,blue,,,synagogue,,http://www.wikidata.org/entity/Q7698531,,https://en.wikipedia.org/wiki/Temple_Emanuel_(Denver),Point(-104.925 39.716667),5.701,1.0,http://www.wikidata.org/entity/Q34627,"('39.716667', '-104.925')"
857,,39.754444,-104.984167,Temple Emanuel,,D,blue,,,synagogue,,http://www.wikidata.org/entity/Q7698528,,"https://en.wikipedia.org/wiki/Temple_Emanuel_(Curtis_Street,_Denver,_Colorado)",Point(-104.984167 39.754444),1.692,1.0,http://www.wikidata.org/entity/Q34627,"('39.754444', '-104.984167')"
858,,39.709,-105.078,The Laboratory of Art and Ideas at Belmar,,D,blue,,,art museum,,http://www.wikidata.org/entity/Q7745053,,https://en.wikipedia.org/wiki/The_Laboratory_of_Art_and_Ideas_at_Belmar,Point(-105.078 39.709),8.646,1.0,http://www.wikidata.org/entity/Q207694,"('39.709', '-105.078')"
859,,39.7011,-104.948,The Phipps Mansion,,D,blue,,,single-family detached home,,http://www.wikidata.org/entity/Q7756942,,https://en.wikipedia.org/wiki/Phipps_Mansion,Point(-104.948 39.7011),5.284,1.0,http://www.wikidata.org/entity/Q1307276,"('39.7011', '-104.948')"
860,,39.7528,-104.994,The Real World: Denver,,D,blue,,,television series season,,http://www.wikidata.org/entity/Q7759659,,https://en.wikipedia.org/wiki/The_Real_World:_Denver,Point(-104.994 39.7528),1.698,1.0,http://www.wikidata.org/entity/Q3464665,"('39.7528', '-104.994')"
861,,39.6467,-104.922,Thomas Jefferson High School,,D,blue,,,high school,,http://www.wikidata.org/entity/Q7791261,,https://en.wikipedia.org/wiki/Thomas_Jefferson_High_School_(Denver),Point(-104.922 39.6467),11.61,1.0,http://www.wikidata.org/entity/Q9826,"('39.6467', '-104.922')"
862,,39.867,-104.98,Thornton High School,,D,blue,,,high school,,http://www.wikidata.org/entity/Q7796537,,https://en.wikipedia.org/wiki/Thornton_High_School_(Colorado),Point(-104.98 39.867),14.212,1.0,http://www.wikidata.org/entity/Q9826,"('39.867', '-104.98')"
863,,39.745278,-105.004722,Tivoli Brewery Company,,D,blue,,,brewery,,http://www.wikidata.org/entity/Q7810429,,https://en.wikipedia.org/wiki/Tivoli_Brewery_Company_(building),Point(-105.004722 39.745278),1.826,1.0,http://www.wikidata.org/entity/Q131734,"('39.745278', '-105.004722')"
864,,39.7804,-105.054,Tower of Jewels,,D,blue,,,architectural structure,,http://www.wikidata.org/entity/Q7829768,,https://en.wikipedia.org/wiki/Tower_of_Jewels_(Lakeside_Amusement_Park),Point(-105.054 39.7804),7.475,1.0,http://www.wikidata.org/entity/Q811979,"('39.7804', '-105.054')"
865,,39.751667,-104.997778,Union Warehouse,,D,blue,,,commercial building,,http://www.wikidata.org/entity/Q7886387,,https://en.wikipedia.org/wiki/Barth_Hotel,Point(-104.997778 39.751667),1.769,1.0,http://www.wikidata.org/entity/Q655686,"('39.751667', '-104.997778')"
869,,39.6821,-104.962,University of Denver Arena,,D,blue,,,sports venue,,http://www.wikidata.org/entity/Q7895331,,https://en.wikipedia.org/wiki/University_of_Denver_Arena,Point(-104.962 39.6821),6.647,1.0,http://www.wikidata.org/entity/Q1076486,"('39.6821', '-104.962')"
873,,39.856980555556,-105.01081944444,"Water World, Colorado",,D,blue,,,water park,,http://www.wikidata.org/entity/Q7973427,,"https://en.wikipedia.org/wiki/Water_World,_Colorado",Point(-105.010819444 39.856980555),13.278,1.0,http://www.wikidata.org/entity/Q740326,"('39.856980555556', '-105.01081944444')"
875,,39.731877,-104.995243,West High School,,D,blue,,,public school,,http://www.wikidata.org/entity/Q7985359,,https://en.wikipedia.org/wiki/West_High_School_(Colorado),Point(-104.995243 39.731877),1.207,1.0,http://www.wikidata.org/entity/Q1080794,"('39.731877', '-104.995243')"
877,,39.7633,-105.104,Wheat Ridge High School,,D,blue,,,high school,,http://www.wikidata.org/entity/Q7991823,,https://en.wikipedia.org/wiki/Wheat_Ridge_High_School,Point(-105.104 39.7633),10.53,1.0,http://www.wikidata.org/entity/Q9826,"('39.7633', '-105.104')"
879,,39.6807,-104.965,Women's College of the University of Denver,,D,blue,,,academic institution,,http://www.wikidata.org/entity/Q8030865,,https://en.wikipedia.org/wiki/Women%27s_College_of_the_University_of_Denver,Point(-104.965 39.6807),6.727,1.0,http://www.wikidata.org/entity/Q4671277,"('39.6807', '-104.965')"
880,,39.6691,-104.9272,Yale,,D,blue,,,tram stop,,http://www.wikidata.org/entity/Q8047338,,https://en.wikipedia.org/wiki/Yale_station,Point(-104.9272 39.6691),9.227,1.0,http://www.wikidata.org/entity/Q2175765,"('39.6691', '-104.9272')"
881,,39.7418,-105.043,Yeshiva Toras Chaim,,D,blue,,,yeshiva,,http://www.wikidata.org/entity/Q8052844,,https://en.wikipedia.org/wiki/Yeshiva_Toras_Chaim,Point(-105.043 39.7418),4.979,1.0,http://www.wikidata.org/entity/Q154773,"('39.7418', '-105.043')"
883,,39.641388888889,-104.99055555556,Englewood Schools,,D,blue,,,school district,,http://www.wikidata.org/entity/Q11256836,,https://en.wikipedia.org/wiki/Englewood_Schools,Point(-104.990555555 39.641388888),10.891,1.0,http://www.wikidata.org/entity/Q398141,"('39.641388888889', '-104.99055555556')"
884,,39.7801,-104.981,Q11809149,,D,blue,,,parish,,http://www.wikidata.org/entity/Q11809149,,,Point(-104.981 39.7801),4.556,1.0,http://www.wikidata.org/entity/Q102496,"('39.7801', '-104.981')"
885,,39.740233,-104.982189,Q12183772,,D,blue,,,monument,,http://www.wikidata.org/entity/Q12183772,,,Point(-104.982189 39.740233),0.254,1.0,http://www.wikidata.org/entity/Q4989906,"('39.740233', '-104.982189')"
886,,39.7408,-104.975,Adolph J. Zang House,,D,blue,,,single-family detached home,,http://www.wikidata.org/entity/Q14684291,,https://en.wikipedia.org/wiki/Adolph_J._Zang_House,Point(-104.975 39.7408),0.861,1.0,http://www.wikidata.org/entity/Q1307276,"('39.7408', '-104.975')"
887,,39.8423,-105.017,Iver C. Ranum High School,,D,blue,,,high school,,http://www.wikidata.org/entity/Q14684648,,https://en.wikipedia.org/wiki/Iver_C._Ranum_High_School,Point(-105.017 39.8423),11.784,1.0,http://www.wikidata.org/entity/Q9826,"('39.8423', '-105.017')"
888,,39.7989,-104.97,KBJD,,D,blue,,,radio station,,http://www.wikidata.org/entity/Q14684692,,https://en.wikipedia.org/wiki/KBJD,Point(-104.97 39.7989),6.754,1.0,http://www.wikidata.org/entity/Q14350,"('39.7989', '-104.97')"
890,,39.6494,-104.969,Little Estate,,D,blue,,,house,,http://www.wikidata.org/entity/Q14684902,,https://en.wikipedia.org/wiki/Little_Estate,Point(-104.969 39.6494),10.081,1.0,http://www.wikidata.org/entity/Q3947,"('39.6494', '-104.969')"
891,,39.7125,-104.931,Lloyd M. Joshel House,,D,blue,,,single-family detached home,,http://www.wikidata.org/entity/Q14684905,,https://en.wikipedia.org/wiki/Lloyd_M._Joshel_House,Point(-104.931 39.7125),5.482,1.0,http://www.wikidata.org/entity/Q1307276,"('39.7125', '-104.931')"
892,,39.6804,-104.843,Overland High School,,D,blue,,,high school,,http://www.wikidata.org/entity/Q14685039,,https://en.wikipedia.org/wiki/Overland_High_School,Point(-104.843 39.6804),13.786,1.0,http://www.wikidata.org/entity/Q9826,"('39.6804', '-104.843')"
893,,39.7335,-104.993,Pet Sounds Studio,,D,blue,,,recording studio,,http://www.wikidata.org/entity/Q14685052,,https://en.wikipedia.org/wiki/Pet_Sounds_Studio,Point(-104.993 39.7335),0.944,1.0,http://www.wikidata.org/entity/Q746369,"('39.7335', '-104.993')"
896,,39.7366,-105.1,Garrison,,D,blue,,,tram stop,,http://www.wikidata.org/entity/Q16891541,,https://en.wikipedia.org/wiki/Garrison_station_(RTD),Point(-105.1 39.7366),9.849,1.0,http://www.wikidata.org/entity/Q2175765,"('39.7366', '-105.1')"
897,,39.634,-104.94,Kent Denver School,,D,blue,,,university-preparatory school,,http://www.wikidata.org/entity/Q16893242,,https://en.wikipedia.org/wiki/Kent_Denver_School,Point(-104.94 39.634),12.315,1.0,http://www.wikidata.org/entity/Q428602,"('39.634', '-104.94')"
898,,39.7357,-105.033,Knox,,D,blue,,,tram stop,,http://www.wikidata.org/entity/Q16893539,,https://en.wikipedia.org/wiki/Knox_station,Point(-105.033 39.7357),4.135,1.0,http://www.wikidata.org/entity/Q2175765,"('39.7357', '-105.033')"
899,,39.7367,-105.067,Lamar,,D,blue,,,tram stop,,http://www.wikidata.org/entity/Q16893934,,https://en.wikipedia.org/wiki/Lamar_station_(RTD),Point(-105.067 39.7367),7.029,1.0,http://www.wikidata.org/entity/Q2175765,"('39.7367', '-105.067')"
900,,39.7366,-105.081,Lakewood/Wadsworth,,D,blue,,,tram stop,,http://www.wikidata.org/entity/Q16893933,,https://en.wikipedia.org/wiki/Lakewood%E2%80%93Wadsworth_station,Point(-105.081 39.7366),8.225,1.0,http://www.wikidata.org/entity/Q2175765,"('39.7366', '-105.081')"
902,,39.7373,-105.12,Oak,,D,blue,,,tram stop,,http://www.wikidata.org/entity/Q16896002,,https://en.wikipedia.org/wiki/Oak_station_(RTD),Point(-105.12 39.7373),11.557,1.0,http://www.wikidata.org/entity/Q2175765,"('39.7373', '-105.12')"
903,,39.7347,-105.04,Perry,,D,blue,,,tram stop,,http://www.wikidata.org/entity/Q16898221,,https://en.wikipedia.org/wiki/Perry_station,Point(-105.04 39.7347),4.741,1.0,http://www.wikidata.org/entity/Q2175765,"('39.7347', '-105.04')"
904,,39.7251,-105.152,Red Rocks College,,D,blue,,,tram stop,,http://www.wikidata.org/entity/Q16899183,,https://en.wikipedia.org/wiki/Red_Rocks_College_station,Point(-105.152 39.7251),14.378,1.0,http://www.wikidata.org/entity/Q2175765,"('39.7251', '-105.152')"
905,,39.7351,-105.053,Sheridan,,D,blue,,,tram stop,,http://www.wikidata.org/entity/Q16900019,,https://en.wikipedia.org/wiki/Sheridan_station_(RTD),Point(-105.053 39.7351),5.844,1.0,http://www.wikidata.org/entity/Q2175765,"('39.7351', '-105.053')"
909,,39.75683,-104.98065,Curtis-Champa Streets Historic District,,D,blue,,,historic district,,http://www.wikidata.org/entity/Q16953304,,https://en.wikipedia.org/wiki/Curtis%E2%80%93Champa_Streets_Historic_District,Point(-104.98065 39.75683),1.989,1.0,http://www.wikidata.org/entity/Q15243209,"('39.75683', '-104.98065')"
910,,39.73729,-105.02403,Decatur/Federal,,D,blue,,,tram stop,,http://www.wikidata.org/entity/Q16954924,,https://en.wikipedia.org/wiki/Decatur%E2%80%93Federal_station,Point(-105.02403 39.73729),3.356,1.0,http://www.wikidata.org/entity/Q2175765,"('39.73729', '-105.02403')"
911,,39.8514,-105.051,Insight School of Colorado,,D,blue,,,high school,,http://www.wikidata.org/entity/Q16977216,,https://en.wikipedia.org/wiki/Destinations_Career_Academy_of_Colorado,Point(-105.051 39.8514),13.692,1.0,http://www.wikidata.org/entity/Q9826,"('39.8514', '-105.051')"
912,,39.759770448922,-104.97419885028,Black American West Museum and Heritage Center,,D,blue,,,museum,,http://www.wikidata.org/entity/Q16984450,,https://en.wikipedia.org/wiki/Black_American_West_Museum_and_Heritage_Center,Point(-104.97419885 39.759770448),2.458,1.0,http://www.wikidata.org/entity/Q33506,"('39.759770448922', '-104.97419885028')"
913,,39.741944444444,-104.99611111111,Denver Comic Con,,D,blue,,,recurring event,,http://www.wikidata.org/entity/Q16991678,,https://en.wikipedia.org/wiki/Fan_Expo_Denver,Point(-104.996111111 39.741944444),1.008,1.0,http://www.wikidata.org/entity/Q15275719,"('39.741944444444', '-104.99611111111')"
914,,39.736807,-104.989156,Big Sweep,,D,blue,,,sculpture,,http://www.wikidata.org/entity/Q18084744,,,Point(-104.989156 39.736807),0.456,1.0,http://www.wikidata.org/entity/Q860861,"('39.736807', '-104.989156')"
915,,39.7369,-104.97,Doyle–Benton House,,D,blue,,,house,,http://www.wikidata.org/entity/Q18149502,,https://en.wikipedia.org/wiki/Doyle%E2%80%93Benton_House,Point(-104.97 39.7369),1.297,1.0,http://www.wikidata.org/entity/Q3947,"('39.7369', '-104.97')"
916,,39.73,-104.999,Museo de las Americas,,D,blue,,,art museum,,http://www.wikidata.org/entity/Q18154827,,https://en.wikipedia.org/wiki/Museo_de_las_Americas,Point(-104.999 39.73),1.586,1.0,http://www.wikidata.org/entity/Q207694,"('39.73', '-104.999')"
918,,39.653573,-104.992395,Chase Tower,,D,blue,,,building,,http://www.wikidata.org/entity/Q18228710,,,Point(-104.992395 39.653573),9.547,1.0,http://www.wikidata.org/entity/Q41176,"('39.653573', '-104.992395')"
922,,39.7103,-104.815,Aurora Public Library,,D,blue,,,public library,,http://www.wikidata.org/entity/Q20064927,,https://en.wikipedia.org/wiki/Aurora_Public_Library_(Colorado),Point(-104.815 39.7103),14.878,1.0,http://www.wikidata.org/entity/Q28564,"('39.7103', '-104.815')"
924,,39.6939,-105.0843,Alameda International Junior/Senior High School,,D,blue,,,high school,,http://www.wikidata.org/entity/Q21015902,,https://en.wikipedia.org/wiki/Alameda_International_Junior/Senior_High_School,Point(-105.0843 39.6939),9.886,1.0,http://www.wikidata.org/entity/Q9826,"('39.6939', '-105.0843')"
925,,39.73972222,-104.9725,Tiki Boyd's,,D,blue,,,tiki bar,,http://www.wikidata.org/entity/Q22236262,,https://en.wikipedia.org/wiki/Tiki_Boyd%27s,Point(-104.9725 39.73972222),1.058,1.0,http://www.wikidata.org/entity/Q16186061,"('39.73972222', '-104.9725')"
927,,39.8028,-105.0875,"list of people from Arvada, Colorado",,D,blue,,,Wikimedia list article,,http://www.wikidata.org/entity/Q24962390,,"https://en.wikipedia.org/wiki/List_of_people_from_Arvada,_Colorado",Point(-105.0875 39.8028),11.265,1.0,http://www.wikidata.org/entity/Q13406463,"('39.8028', '-105.0875')"
928,,39.7294,-104.8319,"list of people from Aurora, Colorado",,D,blue,,,Wikimedia list article,,http://www.wikidata.org/entity/Q24962402,,"https://en.wikipedia.org/wiki/List_of_people_from_Aurora,_Colorado",Point(-104.8319 39.7294),13.125,1.0,http://www.wikidata.org/entity/Q13406463,"('39.7294', '-104.8319')"
938,,39.7275,-104.97861111,Wood–Morris–Bonfils House,,D,blue,,,house,,http://www.wikidata.org/entity/Q28408381,,https://en.wikipedia.org/wiki/Wood%E2%80%93Morris%E2%80%93Bonfils_House,Point(-104.97861111 39.7275),1.41,1.0,http://www.wikidata.org/entity/Q3947,"('39.7275', '-104.97861111')"
941,,39.75497222,-104.84047222,Fitzsimons,,D,blue,,,tram stop,,http://www.wikidata.org/entity/Q28841954,,https://en.wikipedia.org/wiki/Fitzsimons_station,Point(-104.84047222 39.75497222),12.467,1.0,http://www.wikidata.org/entity/Q2175765,"('39.75497222', '-104.84047222')"
943,,39.73497222,-104.82361111,13th Avenue station,,D,blue,,,tram stop,,http://www.wikidata.org/entity/Q28841956,,https://en.wikipedia.org/wiki/13th_Avenue_station_(RTD),Point(-104.82361111 39.73497222),13.796,1.0,http://www.wikidata.org/entity/Q2175765,"('39.73497222', '-104.82361111')"
945,,39.71944444,-104.82566667,2nd Avenue & Abilene station,,D,blue,,,tram stop,,http://www.wikidata.org/entity/Q28841957,,https://en.wikipedia.org/wiki/2nd_Avenue_%26_Abilene_station,Point(-104.82566667 39.71944444),13.79,1.0,http://www.wikidata.org/entity/Q2175765,"('39.71944444', '-104.82566667')"
947,,39.6899,-104.8285,Florida station,,D,blue,,,tram stop,,http://www.wikidata.org/entity/Q28864594,,https://en.wikipedia.org/wiki/Florida_station_(RTD),Point(-104.8285 39.6899),14.455,1.0,http://www.wikidata.org/entity/Q2175765,"('39.6899', '-104.8285')"
949,,39.74025,-104.827,Colfax station,,D,blue,,,tram stop,,http://www.wikidata.org/entity/Q28864597,,https://en.wikipedia.org/wiki/Colfax_station_(RTD),Point(-104.827 39.74025),13.498,1.0,http://www.wikidata.org/entity/Q2175765,"('39.74025', '-104.827')"
951,,39.74,-104.95666666667,Bonfils Memorial Theatre,,D,blue,,,bookstore,,http://www.wikidata.org/entity/Q29097953,,https://en.wikipedia.org/wiki/Bonfils_Memorial_Theatre,Point(-104.956666666 39.74),2.412,1.0,http://www.wikidata.org/entity/Q200764,"('39.74', '-104.95666666667')"
953,,39.772222222222,-104.98277777778,KOMF-LP,,D,blue,,,radio station,,http://www.wikidata.org/entity/Q29641735,,https://en.wikipedia.org/wiki/KOMF-LP,Point(-104.982777777 39.772222222),3.672,1.0,http://www.wikidata.org/entity/Q14350,"('39.772222222222', '-104.98277777778')"
954,,39.711039,-104.821545,Century Aurora & XD,,D,blue,,,movie theater,,http://www.wikidata.org/entity/Q42383115,,,Point(-104.821545 39.711039),14.314,1.0,http://www.wikidata.org/entity/Q41253,"('39.711039', '-104.821545')"
955,,39.7451972,-104.8377105,Fitzsimons Hospital Theatre,,D,blue,,,destroyed building or structure,,http://www.wikidata.org/entity/Q42383656,,,Point(-104.8377105 39.7451972),12.598,1.0,http://www.wikidata.org/entity/Q19860854,"('39.7451972', '-104.8377105')"
958,,39.8558083,-104.8995642,88 Drive-In,,D,blue,,,drive-in theater,,http://www.wikidata.org/entity/Q42384376,,https://en.wikipedia.org/wiki/88_Drive-In,Point(-104.8995642 39.8558083),14.869,1.0,http://www.wikidata.org/entity/Q786922,"('39.8558083', '-104.8995642')"
960,,39.7444698,-104.9873156,Broadway Theater,,D,blue,,,destroyed building or structure,,http://www.wikidata.org/entity/Q42385335,,,Point(-104.9873156 39.7444698),0.619,1.0,http://www.wikidata.org/entity/Q19860854,"('39.7444698', '-104.9873156')"
962,,39.7277691,-104.9988656,Su Teatro Cultral and Performing Arts Center,,D,blue,,,movie theater,,http://www.wikidata.org/entity/Q42385472,,https://en.wikipedia.org/wiki/Su_Teatro,Point(-104.9988656 39.7277691),1.749,1.0,http://www.wikidata.org/entity/Q41253,"('39.7277691', '-104.9988656')"
964,,39.731944444444,-104.85111111111,KETO-LP,,D,blue,,,radio station,,http://www.wikidata.org/entity/Q48838575,,https://en.wikipedia.org/wiki/KETO-LP,Point(-104.851111111 39.731944444),11.465,1.0,http://www.wikidata.org/entity/Q14350,"('39.731944444444', '-104.85111111111')"
967,,39.873333333333,-104.98722222222,Badding Dam,,D,blue,,,dam,,http://www.wikidata.org/entity/Q48979256,,,Point(-104.987222222 39.873333333),14.912,1.0,http://www.wikidata.org/entity/Q12323,"('39.873333333333', '-104.98722222222')"
968,,39.725,-105.02722222222,Barnum Park Lake Dam,,D,blue,,,dam,,http://www.wikidata.org/entity/Q48979503,,,Point(-105.027222222 39.725),3.953,1.0,http://www.wikidata.org/entity/Q12323,"('39.725', '-105.02722222222')"
969,,39.63,-105.00388888889,Belisle Dam,,D,blue,,,dam,,http://www.wikidata.org/entity/Q48979948,,,Point(-105.003888888 39.63),12.255,1.0,http://www.wikidata.org/entity/Q12323,"('39.63', '-105.00388888889')"
970,,39.631666666667,-104.93722222222,Blackmer Number 1 Dam,,D,blue,,,dam,,http://www.wikidata.org/entity/Q48980629,,,Point(-104.937222222 39.631666666),12.636,1.0,http://www.wikidata.org/entity/Q12323,"('39.631666666667', '-104.93722222222')"
971,,39.62062130055,-105.0662312187,Bowles Number 1 Dam,,D,blue,,,dam,,http://www.wikidata.org/entity/Q48981017,,,Point(-105.066231218 39.6206213),14.914,1.0,http://www.wikidata.org/entity/Q12323,"('39.62062130055', '-105.0662312187')"
972,,39.805833333333,-104.98194444444,Copeland Dam,,D,blue,,,dam,,http://www.wikidata.org/entity/Q48983526,,,Point(-104.981944444 39.805833333),7.409,1.0,http://www.wikidata.org/entity/Q12323,"('39.805833333333', '-104.98194444444')"
974,,39.69,-105.06055555556,Crosley and Westfield Dam,,D,blue,,,dam,,http://www.wikidata.org/entity/Q48983919,,,Point(-105.060555555 39.69),8.479,1.0,http://www.wikidata.org/entity/Q12323,"('39.69', '-105.06055555556')"
975,,39.758333333333,-105.09888888889,Crown Hill Cemetery Dam,,D,blue,,,dam,,http://www.wikidata.org/entity/Q48984053,,,Point(-105.098888888 39.758333333),9.977,1.0,http://www.wikidata.org/entity/Q12323,"('39.758333333333', '-105.09888888889')"
976,,39.801666666667,-104.98888888889,Dewey Number 1 Dam,,D,blue,,,dam,,http://www.wikidata.org/entity/Q48984702,,,Point(-104.988888888 39.801666666),6.95,1.0,http://www.wikidata.org/entity/Q12323,"('39.801666666667', '-104.98888888889')"
977,,39.693333333333,-105.11388888889,East Dam,,D,blue,,,dam,,http://www.wikidata.org/entity/Q48985373,,,Point(-105.113888888 39.693333333),12.159,1.0,http://www.wikidata.org/entity/Q12323,"('39.693333333333', '-105.11388888889')"
978,,39.639166666667,-105.09138888889,Henry Lake Dam,,D,blue,,,dam,,http://www.wikidata.org/entity/Q48989143,,,Point(-105.091388888 39.639166666),14.383,1.0,http://www.wikidata.org/entity/Q12323,"('39.639166666667', '-105.09138888889')"
979,,39.818539,-105.036196,Hidden Lake Dam,,D,blue,,,dam,,http://www.wikidata.org/entity/Q48989297,,,Point(-105.036196 39.818539),9.848,1.0,http://www.wikidata.org/entity/Q12323,"('39.818539', '-105.036196')"
980,,39.841666666667,-105.00388888889,Kalcevic Dam,,D,blue,,,dam,,http://www.wikidata.org/entity/Q48991059,,,Point(-105.003888888 39.841666666),11.505,1.0,http://www.wikidata.org/entity/Q12323,"('39.841666666667', '-105.00388888889')"
981,,39.685,-105.10555555556,Kendrick Dam,,D,blue,,,dam,,http://www.wikidata.org/entity/Q48991179,,,Point(-105.105555555 39.685),11.956,1.0,http://www.wikidata.org/entity/Q12323,"('39.685', '-105.10555555556')"
982,,39.820277777778,-104.86,Ladora Lake Dam,,D,blue,,,dam,,http://www.wikidata.org/entity/Q48991626,,,Point(-104.86 39.820277777),13.966,1.0,http://www.wikidata.org/entity/Q12323,"('39.820277777778', '-104.86')"
983,,39.815,-104.84555555556,Lower Derby Lake Dam,,D,blue,,,dam,,http://www.wikidata.org/entity/Q48992815,,,Point(-104.845555555 39.815),14.583,1.0,http://www.wikidata.org/entity/Q12323,"('39.815', '-104.84555555556')"
987,,39.695,-105.11555555556,Main Dam,,D,blue,,,dam,,http://www.wikidata.org/entity/Q48993114,,,Point(-105.115555555 39.695),12.212,1.0,http://www.wikidata.org/entity/Q12323,"('39.695', '-105.11555555556')"
988,,39.755555555556,-105.13888888889,Maple Grove Dam,,D,blue,,,dam,,http://www.wikidata.org/entity/Q48993188,,,Point(-105.138888888 39.755555555),13.292,1.0,http://www.wikidata.org/entity/Q12323,"('39.755555555556', '-105.13888888889')"
989,,39.635286,-105.062798,Marston Lake Dam,,D,blue,,,dam,,http://www.wikidata.org/entity/Q48993274,,,Point(-105.062798 39.635286),13.344,1.0,http://www.wikidata.org/entity/Q12323,"('39.635286', '-105.062798')"
990,,39.856666666667,-104.99388888889,Niver Creek Detention Dam,,D,blue,,,dam,,http://www.wikidata.org/entity/Q48994590,,,Point(-104.993888888 39.856666666),13.08,1.0,http://www.wikidata.org/entity/Q12323,"('39.856666666667', '-104.99388888889')"
991,,39.82,-105.10555555556,Oberon Lake Number 1 Dam,,D,blue,,,dam,,http://www.wikidata.org/entity/Q48994922,,,Point(-105.105555555 39.82),13.675,1.0,http://www.wikidata.org/entity/Q12323,"('39.82', '-105.10555555556')"
992,,39.615804,-105.048533,Patrick Lake Dam,,D,blue,,,dam,,http://www.wikidata.org/entity/Q48995406,,,Point(-105.048533 39.615804),14.766,1.0,http://www.wikidata.org/entity/Q12323,"('39.615804', '-105.048533')"
993,,39.656666666667,-104.94388888889,Skeel Dam,,D,blue,,,dam,,http://www.wikidata.org/entity/Q48999402,,,Point(-104.943888888 39.656666666),9.827,1.0,http://www.wikidata.org/entity/Q12323,"('39.656666666667', '-104.94388888889')"
994,,39.643333333333,-104.94055555556,Skeel Ranch Dam,,D,blue,,,dam,,http://www.wikidata.org/entity/Q48999404,,,Point(-104.940555555 39.643333333),11.317,1.0,http://www.wikidata.org/entity/Q12323,"('39.643333333333', '-104.94055555556')"
995,,39.6867992,-105.1135042,Smith Dam,,D,blue,,,dam,,http://www.wikidata.org/entity/Q48999534,,,Point(-105.1135042 39.6867992),12.452,1.0,http://www.wikidata.org/entity/Q12323,"('39.6867992', '-105.1135042')"
996,,39.83,-104.99222222222,Storm Dam,,D,blue,,,dam,,http://www.wikidata.org/entity/Q49000602,,,Point(-104.992222222 39.83),10.112,1.0,http://www.wikidata.org/entity/Q12323,"('39.83', '-104.99222222222')"
997,,39.82917840342,-105.06307266292,Tepper Number 1 Dam,,D,blue,,,dam,,http://www.wikidata.org/entity/Q49001426,,,Point(-105.063072662 39.829178403),12.028,1.0,http://www.wikidata.org/entity/Q12323,"('39.82917840342', '-105.06307266292')"
998,,39.613333333333,-105.04277777778,Tule Lake Lower Dam,,D,blue,,,dam,,http://www.wikidata.org/entity/Q49002150,,,Point(-105.042777777 39.613333333),14.851,1.0,http://www.wikidata.org/entity/Q12323,"('39.613333333333', '-105.04277777778')"
999,,39.614166666667,-105.0475,Tule Lake Upper Dam,,D,blue,,,dam,,http://www.wikidata.org/entity/Q49002151,,,Point(-105.0475 39.614166666),14.904,1.0,http://www.wikidata.org/entity/Q12323,"('39.614166666667', '-105.0475')"
1000,,39.675,-105.07388888889,Ward Number 1 Dam,,D,blue,,,dam,,http://www.wikidata.org/entity/Q49002955,,,Point(-105.073888888 39.675),10.441,1.0,http://www.wikidata.org/entity/Q12323,"('39.675', '-105.07388888889')"
1001,,39.678333333333,-105.04388888889,Ward Number 5 Dam,,D,blue,,,dam,,http://www.wikidata.org/entity/Q49002956,,,Point(-105.043888888 39.678333333),8.447,1.0,http://www.wikidata.org/entity/Q12323,"('39.678333333333', '-105.04388888889')"
1002,,39.73168,-104.890573,Westerly Creek Colorado-Aurora Dam,,D,blue,,,dam,,http://www.wikidata.org/entity/Q49003214,,,Point(-104.890573 39.73168),8.106,1.0,http://www.wikidata.org/entity/Q12323,"('39.73168', '-104.890573')"
1003,,39.702332,-104.889488,Windsor Dam,,D,blue,,,dam,,http://www.wikidata.org/entity/Q49003635,,,Point(-104.889488 39.702332),9.131,1.0,http://www.wikidata.org/entity/Q12323,"('39.702332', '-104.889488')"
1004,,39.78693,-105.05915,Inspiration Point,,D,blue,,,summit,,http://www.wikidata.org/entity/Q49038862,,,Point(-105.05915 39.78693),8.273,1.0,http://www.wikidata.org/entity/Q207326,"('39.78693', '-105.05915')"
1005,,39.683611111111,-105.00722222222,Ruby Hill,,D,blue,,,mountain,,http://www.wikidata.org/entity/Q49070266,,,Point(-105.007222222 39.683611111),6.474,1.0,http://www.wikidata.org/entity/Q8502,"('39.683611111111', '-105.00722222222')"
1006,,39.741944444444,-105.14194444444,Agricultural Ditch,,D,blue,,,canal,,http://www.wikidata.org/entity/Q49241073,,,Point(-105.141944444 39.741944444),13.434,1.0,http://www.wikidata.org/entity/Q12284,"('39.741944444444', '-105.14194444444')"
1007,,39.855277777778,-105.05027777778,Allen Ditch,,D,blue,,,canal,,http://www.wikidata.org/entity/Q49241225,,,Point(-105.050277777 39.855277777),14.061,1.0,http://www.wikidata.org/entity/Q12284,"('39.855277777778', '-105.05027777778')"
1008,,39.611666666667,-105.02888888889,Brown Ditch,,D,blue,,,canal,,http://www.wikidata.org/entity/Q49243218,,,Point(-105.028888888 39.611666666),14.676,1.0,http://www.wikidata.org/entity/Q12284,"('39.611666666667', '-105.02888888889')"
1009,,39.647222222222,-104.99416666667,City Ditch,,D,blue,,,canal,,http://www.wikidata.org/entity/Q49245021,,,Point(-104.994166666 39.647222222),10.262,1.0,http://www.wikidata.org/entity/Q12284,"('39.647222222222', '-104.99416666667')"
1010,,39.693611111111,-105.07722222222,Clover Knoll Ditch,,D,blue,,,canal,,http://www.wikidata.org/entity/Q49245123,,,Point(-105.077222222 39.693611111),9.388,1.0,http://www.wikidata.org/entity/Q12284,"('39.693611111111', '-105.07722222222')"
1011,,39.868333333333,-104.94416666667,Colorado Agricultural Canal,,D,blue,,,canal,,http://www.wikidata.org/entity/Q49245244,,,Point(-104.944166666 39.868333333),14.769,1.0,http://www.wikidata.org/entity/Q12284,"('39.868333333333', '-104.94416666667')"
1012,,39.754722222222,-105.10277777778,Crown Hill Ditch,,D,blue,,,canal,,http://www.wikidata.org/entity/Q49245708,,,Point(-105.102777777 39.754722222),10.227,1.0,http://www.wikidata.org/entity/Q12284,"('39.754722222222', '-105.10277777778')"
1013,,39.749444444444,-105.11416666667,Dike Ditch,,D,blue,,,canal,,http://www.wikidata.org/entity/Q49246063,,,Point(-105.114166666 39.749444444),11.113,1.0,http://www.wikidata.org/entity/Q12284,"('39.749444444444', '-105.11416666667')"
1014,,39.803888888889,-105.01166666667,Fisher Ditch,,D,blue,,,canal,,http://www.wikidata.org/entity/Q49248362,,,Point(-105.011666666 39.803888888),7.545,1.0,http://www.wikidata.org/entity/Q12284,"('39.803888888889', '-105.01166666667')"
1015,,39.661944444444,-105.09055555556,Hodgson Ditch,,D,blue,,,canal,,http://www.wikidata.org/entity/Q49251409,,,Point(-105.090555555 39.661944444),12.475,1.0,http://www.wikidata.org/entity/Q12284,"('39.661944444444', '-105.09055555556')"
1016,,39.635555555556,-105.08972222222,Johnson Lateral,,D,blue,,,canal,,http://www.wikidata.org/entity/Q49252662,,,Point(-105.089722222 39.635555555),14.608,1.0,http://www.wikidata.org/entity/Q12284,"('39.635555555556', '-105.08972222222')"
1017,,39.813611111111,-105.05916666667,Juchem Ditch,,D,blue,,,canal,,http://www.wikidata.org/entity/Q49252774,,,Point(-105.059166666 39.813611111),10.426,1.0,http://www.wikidata.org/entity/Q12284,"('39.813611111111', '-105.05916666667')"
1018,,39.807222222222,-105.035,Kershaw Ditch,,D,blue,,,canal,,http://www.wikidata.org/entity/Q49253616,,,Point(-105.035 39.807222222),8.689,1.0,http://www.wikidata.org/entity/Q12284,"('39.807222222222', '-105.035')"
1019,,39.821944444444,-104.87111111111,Lone Tree Ditch,,D,blue,,,canal,,http://www.wikidata.org/entity/Q49261065,,,Point(-104.871111111 39.821944444),13.381,1.0,http://www.wikidata.org/entity/Q12284,"('39.821944444444', '-104.87111111111')"
1020,,39.849444444444,-104.89305555556,O'Brian Canal,,D,blue,,,canal,,http://www.wikidata.org/entity/Q49264916,,,Point(-104.893055555 39.849444444),14.549,1.0,http://www.wikidata.org/entity/Q12284,"('39.849444444444', '-104.89305555556')"
1021,,39.778611111111,-105.145,Reno Ditch,,D,blue,,,canal,,http://www.wikidata.org/entity/Q49266338,,,Point(-105.145 39.778611111),14.371,1.0,http://www.wikidata.org/entity/Q12284,"('39.778611111111', '-105.145')"
1022,,39.7575,-105.13055555556,Rocky Mountain Ditch,,D,blue,,,canal,,http://www.wikidata.org/entity/Q49266581,,,Point(-105.130555555 39.7575),12.62,1.0,http://www.wikidata.org/entity/Q12284,"('39.7575', '-105.13055555556')"
1023,,39.696666666667,-105.08694444444,Salisbury Lateral,,D,blue,,,canal,,http://www.wikidata.org/entity/Q49266924,,,Point(-105.086944444 39.696666666),9.931,1.0,http://www.wikidata.org/entity/Q12284,"('39.696666666667', '-105.08694444444')"
1024,,39.784722222222,-105.13083333333,Swadley Ditch,,D,blue,,,canal,,http://www.wikidata.org/entity/Q49269098,,,Point(-105.130833333 39.784722222),13.463,1.0,http://www.wikidata.org/entity/Q12284,"('39.784722222222', '-105.13083333333')"
1025,,39.671111111111,-105.1325,Ward Canal,,D,blue,,,canal,,http://www.wikidata.org/entity/Q49270689,,,Point(-105.1325 39.671111111),14.727,1.0,http://www.wikidata.org/entity/Q12284,"('39.671111111111', '-105.1325')"
1026,,39.68,-105.12027777778,Ward Lateral,,D,blue,,,canal,,http://www.wikidata.org/entity/Q49270701,,,Point(-105.120277777 39.68),13.325,1.0,http://www.wikidata.org/entity/Q12284,"('39.68', '-105.12027777778')"
1027,,39.783055555556,-105.04888888889,Berkeley Lake,,D,blue,,,lake,,http://www.wikidata.org/entity/Q49299351,,,Point(-105.048888888 39.783055555),7.327,1.0,http://www.wikidata.org/entity/Q23397,"('39.783055555556', '-105.04888888889')"
1028,,39.701666666667,-105.01583333333,Huston Lake,,D,blue,,,lake,,http://www.wikidata.org/entity/Q49303131,,,Point(-105.015833333 39.701666666),4.946,1.0,http://www.wikidata.org/entity/Q23397,"('39.701666666667', '-105.01583333333')"
1029,,39.819166666667,-105.04444444444,Mayham Lake,,D,blue,,,lake,,http://www.wikidata.org/entity/Q49305468,,,Point(-105.044444444 39.819166666),10.242,1.0,http://www.wikidata.org/entity/Q23397,"('39.819166666667', '-105.04444444444')"
1030,,39.7825,-105.03027777778,Rocky Mountain Lake,,D,blue,,,lake,,http://www.wikidata.org/entity/Q49309230,,,Point(-105.030277777 39.7825),6.181,1.0,http://www.wikidata.org/entity/Q23397,"('39.7825', '-105.03027777778')"
1031,,39.844444444444,-104.92805555556,Albert Frei and Sons Sand and Gravel Pit,,D,blue,,,mine,,http://www.wikidata.org/entity/Q49396347,,,Point(-104.928055555 39.844444444),12.665,1.0,http://www.wikidata.org/entity/Q820477,"('39.844444444444', '-104.92805555556')"
1032,,39.794444444444,-105.045,Asphalt Paving Company Pit,,D,blue,,,mine,,http://www.wikidata.org/entity/Q49397775,,,Point(-105.045 39.794444444),8.006,1.0,http://www.wikidata.org/entity/Q820477,"('39.794444444444', '-105.045')"
1033,,39.795833333333,-105.04916666667,Asphalt Paving Company Pit,,D,blue,,,mine,,http://www.wikidata.org/entity/Q49397776,,,Point(-105.049166666 39.795833333),8.355,1.0,http://www.wikidata.org/entity/Q820477,"('39.795833333333', '-105.04916666667')"
1034,,39.805833333333,-105.00638888889,Brannan Sand and Gravel Company Pit,,D,blue,,,mine,,http://www.wikidata.org/entity/Q49401868,,,Point(-105.006388888 39.805833333),7.63,1.0,http://www.wikidata.org/entity/Q820477,"('39.805833333333', '-105.00638888889')"
1035,,39.809722222222,-105.02416666667,Brannan Sand and Gravel Company Pit,,D,blue,,,mine,,http://www.wikidata.org/entity/Q49401869,,,Point(-105.024166666 39.809722222),8.527,1.0,http://www.wikidata.org/entity/Q820477,"('39.809722222222', '-105.02416666667')"
1036,,39.832777777778,-104.93055555556,C and H Construction Company Pit,,D,blue,,,mine,,http://www.wikidata.org/entity/Q49402952,,,Point(-104.930555555 39.832777777),11.389,1.0,http://www.wikidata.org/entity/Q820477,"('39.832777777778', '-104.93055555556')"
1037,,39.61,-105.02361111111,Clarke Pit,,D,blue,,,mine,,http://www.wikidata.org/entity/Q49404852,,,Point(-105.023611111 39.61),14.747,1.0,http://www.wikidata.org/entity/Q820477,"('39.61', '-105.02361111111')"
1038,,39.818333333333,-104.98888888889,Colorado-Wyoming Improvement Company Pit,,D,blue,,,mine,,http://www.wikidata.org/entity/Q49405454,,,Point(-104.988888888 39.818333333),8.801,1.0,http://www.wikidata.org/entity/Q820477,"('39.818333333333', '-104.98888888889')"
1039,,39.815,-105.01222222222,Colorado-Wyoming Improvement Company Pit,,D,blue,,,mine,,http://www.wikidata.org/entity/Q49405455,,,Point(-105.012222222 39.815),8.743,1.0,http://www.wikidata.org/entity/Q820477,"('39.815', '-105.01222222222')"
1040,,39.805833333333,-105.04388888889,Cooley Gravel Company Pit,,D,blue,,,mine,,http://www.wikidata.org/entity/Q49405995,,,Point(-105.043888888 39.805833333),8.96,1.0,http://www.wikidata.org/entity/Q820477,"('39.805833333333', '-105.04388888889')"
1041,,39.8625,-104.91527777778,Cooley Gravel Company Pit,,D,blue,,,mine,,http://www.wikidata.org/entity/Q49405992,,,Point(-104.915277777 39.8625),14.939,1.0,http://www.wikidata.org/entity/Q820477,"('39.8625', '-104.91527777778')"
1042,,39.797222222222,-105.03972222222,Cooley Gravel Company Pit,,D,blue,,,mine,,http://www.wikidata.org/entity/Q49405993,,,Point(-105.039722222 39.797222222),7.972,1.0,http://www.wikidata.org/entity/Q820477,"('39.797222222222', '-105.03972222222')"
1043,,39.806388888889,-105.02277777778,Cooley Sand and Gravel Company Pit,,D,blue,,,mine,,http://www.wikidata.org/entity/Q49405999,,,Point(-105.022777777 39.806388888),8.139,1.0,http://www.wikidata.org/entity/Q820477,"('39.806388888889', '-105.02277777778')"
1044,,39.796944444444,-105.04722222222,Cooley Sand and Gravel Company Pit,,D,blue,,,mine,,http://www.wikidata.org/entity/Q49405997,,,Point(-105.047222222 39.796944444),8.341,1.0,http://www.wikidata.org/entity/Q820477,"('39.796944444444', '-105.04722222222')"
1045,,39.805833333333,-105.03916666667,Cooley Sand and Gravel Pit,,D,blue,,,mine,,http://www.wikidata.org/entity/Q49406000,,,Point(-105.039166666 39.805833333),8.739,1.0,http://www.wikidata.org/entity/Q820477,"('39.805833333333', '-105.03916666667')"
1046,,39.824722222222,-104.95722222222,Department of Wildlife Pit,,D,blue,,,mine,,http://www.wikidata.org/entity/Q49407972,,,Point(-104.957222222 39.824722222),9.794,1.0,http://www.wikidata.org/entity/Q820477,"('39.824722222222', '-104.95722222222')"
1047,,39.763333333333,-105.15,Dog Pound Pit,,D,blue,,,mine,,http://www.wikidata.org/entity/Q49408532,,,Point(-105.15 39.763333333),14.369,1.0,http://www.wikidata.org/entity/Q820477,"('39.763333333333', '-105.15')"
1048,,39.84,-104.92694444444,Fast Construction Company Pit,,D,blue,,,mine,,http://www.wikidata.org/entity/Q49411645,,,Point(-104.926944444 39.84),12.248,1.0,http://www.wikidata.org/entity/Q820477,"('39.84', '-104.92694444444')"
1049,,39.677777777778,-104.99305555556,"Flanagan, Walt, and Company Incorporated Pit",,D,blue,,,mine,,http://www.wikidata.org/entity/Q49412050,,,Point(-104.993055555 39.677777777),6.869,1.0,http://www.wikidata.org/entity/Q820477,"('39.677777777778', '-104.99305555556')"
1050,,39.833888888889,-104.93055555556,Houston Construction Pit,,D,blue,,,mine,,http://www.wikidata.org/entity/Q49419334,,,Point(-104.930555555 39.833888888),11.502,1.0,http://www.wikidata.org/entity/Q820477,"('39.833888888889', '-104.93055555556')"
1051,,39.795555555556,-104.93055555556,Jones Fine Sand Company Pit,,D,blue,,,mine,,http://www.wikidata.org/entity/Q49422163,,,Point(-104.930555555 39.795555555),7.795,1.0,http://www.wikidata.org/entity/Q820477,"('39.795555555556', '-104.93055555556')"
1052,,39.833333333333,-104.93277777778,Kilgore-Atchinson Pit,,D,blue,,,mine,,http://www.wikidata.org/entity/Q49423682,,,Point(-104.932777777 39.833333333),11.37,1.0,http://www.wikidata.org/entity/Q820477,"('39.833333333333', '-104.93277777778')"
1053,,39.705555555556,-105.07944444444,Lakewood Pottery Pit,,D,blue,,,mine,,http://www.wikidata.org/entity/Q49424806,,,Point(-105.079444444 39.705555555),8.914,1.0,http://www.wikidata.org/entity/Q820477,"('39.705555555556', '-105.07944444444')"
1055,,39.850833333333,-104.93055555556,Mobile Pre-mix Concrete Incorporated Pit,,D,blue,,,mine,,http://www.wikidata.org/entity/Q49433163,,,Point(-104.930555555 39.850833333),13.247,1.0,http://www.wikidata.org/entity/Q820477,"('39.850833333333', '-104.93055555556')"
1056,,39.836388888889,-104.97166666667,Northwestern Engineering Company Pit,,D,blue,,,mine,,http://www.wikidata.org/entity/Q49437174,,,Point(-104.971666666 39.836388888),10.861,1.0,http://www.wikidata.org/entity/Q820477,"('39.836388888889', '-104.97166666667')"
1057,,39.819444444444,-104.97833333333,Pete Kiewit Sons Pit,,D,blue,,,mine,,http://www.wikidata.org/entity/Q49440064,,,Point(-104.978333333 39.819444444),8.936,1.0,http://www.wikidata.org/entity/Q820477,"('39.819444444444', '-104.97833333333')"
1058,,39.733333333333,-105.00888888889,Rodger Steele Claim Mine,,D,blue,,,mine,,http://www.wikidata.org/entity/Q49444892,,,Point(-105.008888888 39.733333333),2.157,1.0,http://www.wikidata.org/entity/Q820477,"('39.733333333333', '-105.00888888889')"
1059,,39.840555555556,-104.925,Sterling Pit,,D,blue,,,mine,,http://www.wikidata.org/entity/Q49451441,,,Point(-104.925 39.840555555),12.372,1.0,http://www.wikidata.org/entity/Q820477,"('39.840555555556', '-104.925')"
1060,,39.746666666667,-105.00805555556,Strainland Mine,,D,blue,,,mine,,http://www.wikidata.org/entity/Q49451704,,,Point(-105.008055555 39.746666666),2.148,1.0,http://www.wikidata.org/entity/Q820477,"('39.746666666667', '-105.00805555556')"
1061,,39.791388888889,-104.91416666667,Superior Sand and Gravel Company Pit,,D,blue,,,mine,,http://www.wikidata.org/entity/Q49452499,,,Point(-104.914166666 39.791388888),8.375,1.0,http://www.wikidata.org/entity/Q820477,"('39.791388888889', '-104.91416666667')"
1062,,39.771666666667,-105.14166666667,West Lake Pit,,D,blue,,,mine,,http://www.wikidata.org/entity/Q49458097,,,Point(-105.141666666 39.771666666),13.88,1.0,http://www.wikidata.org/entity/Q820477,"('39.771666666667', '-105.14166666667')"
1063,,39.818333333333,-104.96555555556,Western Paving Company Pit,,D,blue,,,mine,,http://www.wikidata.org/entity/Q49458238,,,Point(-104.965555555 39.818333333),8.948,1.0,http://www.wikidata.org/entity/Q820477,"('39.818333333333', '-104.96555555556')"
1064,,39.808611111111,-105.03222222222,Western Paving Company Pit,,D,blue,,,mine,,http://www.wikidata.org/entity/Q49458243,,,Point(-105.032222222 39.808611111),8.711,1.0,http://www.wikidata.org/entity/Q820477,"('39.808611111111', '-105.03222222222')"
1065,,39.819444444444,-105.00277777778,Western Paving Company Pit,,D,blue,,,mine,,http://www.wikidata.org/entity/Q49458246,,,Point(-105.002777777 39.819444444),9.049,1.0,http://www.wikidata.org/entity/Q820477,"('39.819444444444', '-105.00277777778')"
1066,,39.807777777778,-105.0,Western Paving Company Pit,,D,blue,,,mine,,http://www.wikidata.org/entity/Q49458247,,,Point(-105.0 39.807777777),7.73,1.0,http://www.wikidata.org/entity/Q820477,"('39.807777777778', '-105.0')"
1067,,39.705277777778,-105.10472222222,Addenbrooke Park,,D,blue,,,park,,http://www.wikidata.org/entity/Q49471892,,,Point(-105.104722222 39.705277777),10.924,1.0,http://www.wikidata.org/entity/Q22698,"('39.705277777778', '-105.10472222222')"
1068,,39.705,-105.06166666667,Alemeda Park,,D,blue,,,park,,http://www.wikidata.org/entity/Q49472130,,,Point(-105.061666666 39.705),7.592,1.0,http://www.wikidata.org/entity/Q22698,"('39.705', '-105.06166666667')"
1069,,39.81,-105.11972222222,Allendale Park,,D,blue,,,park,,http://www.wikidata.org/entity/Q49472244,,,Point(-105.119722222 39.81),13.954,1.0,http://www.wikidata.org/entity/Q22698,"('39.81', '-105.11972222222')"
1070,,39.775833333333,-105.09861111111,Anderson Park,,D,blue,,,park,,http://www.wikidata.org/entity/Q49472559,,,Point(-105.098611111 39.775833333),10.54,1.0,http://www.wikidata.org/entity/Q22698,"('39.775833333333', '-105.09861111111')"
1071,,39.778055555556,-105.07972222222,Apel-Bacher Park,,D,blue,,,park,,http://www.wikidata.org/entity/Q49472697,,,Point(-105.079722222 39.778055555),9.186,1.0,http://www.wikidata.org/entity/Q22698,"('39.778055555556', '-105.07972222222')"
1072,,39.745277777778,-105.15,Applewood Park,,D,blue,,,park,,http://www.wikidata.org/entity/Q49472728,,,Point(-105.15 39.745277777),14.135,1.0,http://www.wikidata.org/entity/Q22698,"('39.745277777778', '-105.15')"
1073,,39.783333333333,-104.98166666667,Argo Park,,D,blue,,,park,,http://www.wikidata.org/entity/Q49472854,,,Point(-104.981666666 39.783333333),4.911,1.0,http://www.wikidata.org/entity/Q22698,"('39.783333333333', '-104.98166666667')"
1074,,39.718611111111,-104.97694444444,Arlington Park,,D,blue,,,park,,http://www.wikidata.org/entity/Q49472880,,,Point(-104.976944444 39.718611111),2.391,1.0,http://www.wikidata.org/entity/Q22698,"('39.718611111111', '-104.97694444444')"
1075,,39.814166666667,-105.11361111111,Arvada Tennis Center,,D,blue,,,park,,http://www.wikidata.org/entity/Q49473014,,,Point(-105.113611111 39.814166666),13.801,1.0,http://www.wikidata.org/entity/Q22698,"('39.814166666667', '-105.11361111111')"
1076,,39.685277777778,-104.92416666667,Ash Grove Park,,D,blue,,,park,,http://www.wikidata.org/entity/Q49473032,,,Point(-104.924166666 39.685277777),7.934,1.0,http://www.wikidata.org/entity/Q22698,"('39.685277777778', '-104.92416666667')"
1077,,39.863333333333,-104.94444444444,Aspen Park,,D,blue,,,park,,http://www.wikidata.org/entity/Q49473094,,,Point(-104.944444444 39.863333333),14.224,1.0,http://www.wikidata.org/entity/Q22698,"('39.863333333333', '-104.94444444444')"
1078,,39.741666666667,-105.00388888889,Auraria Ninth Street Historic District,,D,blue,,,historic district,,http://www.wikidata.org/entity/Q49473238,,,Point(-105.003888888 39.741666666),1.649,1.0,http://www.wikidata.org/entity/Q15243209,"('39.741666666667', '-105.00388888889')"
1079,,39.668055555556,-105.08111111111,Avoca Lodge / Molly Brown Summer Home,,D,blue,,,park,,http://www.wikidata.org/entity/Q49473302,,,Point(-105.081111111 39.668055555),11.421,1.0,http://www.wikidata.org/entity/Q22698,"('39.668055555556', '-105.08111111111')"
1080,,39.668888888889,-104.86805555556,Babi Yar Park,,D,blue,,,park,,http://www.wikidata.org/entity/Q49473376,,,Point(-104.868055555 39.668888888),12.69,1.0,http://www.wikidata.org/entity/Q22698,"('39.668888888889', '-104.86805555556')"
1081,,39.659722222222,-104.9725,Barde Park,,D,blue,,,park,,http://www.wikidata.org/entity/Q49473630,,,Point(-104.9725 39.659722222),8.904,1.0,http://www.wikidata.org/entity/Q22698,"('39.659722222222', '-104.9725')"
1082,,39.725,-105.02777777778,Barnum Park,,D,blue,,,park,,http://www.wikidata.org/entity/Q49473678,,,Point(-105.027777777 39.725),3.997,1.0,http://www.wikidata.org/entity/Q22698,"('39.725', '-105.02777777778')"
1083,,39.724444444444,-105.02361111111,Barnum East Park,,D,blue,,,park,,http://www.wikidata.org/entity/Q49473676,,,Point(-105.023611111 39.724444444),3.699,1.0,http://www.wikidata.org/entity/Q22698,"('39.724444444444', '-105.02361111111')"
1084,,39.663611111111,-104.98138888889,Bates-Logan Park,,D,blue,,,park,,http://www.wikidata.org/entity/Q49473797,,,Point(-104.981388888 39.663611111),8.414,1.0,http://www.wikidata.org/entity/Q22698,"('39.663611111111', '-104.98138888889')"
1085,,39.664722222222,-105.09444444444,Bear Creek Greenbelt,,D,blue,,,park,,http://www.wikidata.org/entity/Q49473998,,,Point(-105.094444444 39.664722222),12.511,1.0,http://www.wikidata.org/entity/Q22698,"('39.664722222222', '-105.09444444444')"
1086,,39.653055555556,-105.04527777778,Bear Creek Park,,D,blue,,,park,,http://www.wikidata.org/entity/Q49474001,,,Point(-105.045277777 39.653055555),10.888,1.0,http://www.wikidata.org/entity/Q22698,"('39.653055555556', '-105.04527777778')"
1087,,39.658611111111,-105.06666666667,Bear Valley Park,,D,blue,,,park,,http://www.wikidata.org/entity/Q49474039,,,Point(-105.066666666 39.658611111),11.373,1.0,http://www.wikidata.org/entity/Q22698,"('39.658611111111', '-105.06666666667')"
1088,,39.613333333333,-105.01388888889,Bega Park,,D,blue,,,park,,http://www.wikidata.org/entity/Q49474187,,,Point(-105.013888888 39.613333333),14.218,1.0,http://www.wikidata.org/entity/Q22698,"('39.613333333333', '-105.01388888889')"
1089,,39.626111111111,-105.00472222222,Belleview Park,,D,blue,,,park,,http://www.wikidata.org/entity/Q49474260,,,Point(-105.004722222 39.626111111),12.693,1.0,http://www.wikidata.org/entity/Q22698,"('39.626111111111', '-105.00472222222')"
1090,,39.734166666667,-104.9325,Belleview Park,,D,blue,,,park,,http://www.wikidata.org/entity/Q49474261,,,Point(-104.9325 39.734166666),4.512,1.0,http://www.wikidata.org/entity/Q22698,"('39.734166666667', '-104.9325')"
1091,,39.703333333333,-105.08638888889,Belmar Park,,D,blue,,,park,,http://www.wikidata.org/entity/Q49474291,,,Point(-105.086388888 39.703333333),9.557,1.0,http://www.wikidata.org/entity/Q22698,"('39.703333333333', '-105.08638888889')"
1092,,39.704722222222,-104.87,Ben Bezoff Park,,D,blue,,,park,,http://www.wikidata.org/entity/Q49474329,,,Point(-104.87 39.704722222),10.546,1.0,http://www.wikidata.org/entity/Q22698,"('39.704722222222', '-104.87')"
1093,,39.793888888889,-105.01972222222,Berkeley Hills Park,,D,blue,,,park,,http://www.wikidata.org/entity/Q49474454,,,Point(-105.019722222 39.793888888),6.768,1.0,http://www.wikidata.org/entity/Q22698,"('39.793888888889', '-105.01972222222')"
1094,,39.780833333333,-105.04833333333,Berkeley Park,,D,blue,,,park,,http://www.wikidata.org/entity/Q49474461,,,Point(-105.048333333 39.780833333),7.129,1.0,http://www.wikidata.org/entity/Q22698,"('39.780833333333', '-105.04833333333')"
1095,,39.788333333333,-105.035,Berkeley School,,D,blue,,,park,,http://www.wikidata.org/entity/Q49474465,,,Point(-105.035 39.788333333),6.94,1.0,http://www.wikidata.org/entity/Q22698,"('39.788333333333', '-105.035')"
1096,,39.617222222222,-105.03388888889,Berry Park,,D,blue,,,park,,http://www.wikidata.org/entity/Q49474511,,,Point(-105.033888888 39.617222222),14.201,1.0,http://www.wikidata.org/entity/Q22698,"('39.617222222222', '-105.03388888889')"
1097,,39.664722222222,-104.90527777778,Bible Park,,D,blue,,,park,,http://www.wikidata.org/entity/Q49474619,,,Point(-104.905277777 39.664722222),10.724,1.0,http://www.wikidata.org/entity/Q22698,"('39.664722222222', '-104.90527777778')"
1098,,39.713333333333,-104.83055555556,Bicentennial Park,,D,blue,,,park,,http://www.wikidata.org/entity/Q49474639,,,Point(-104.830555555 39.713333333),13.506,1.0,http://www.wikidata.org/entity/Q22698,"('39.713333333333', '-104.83055555556')"
1099,,39.844166666667,-105.02833333333,Bishop Square Park,,D,blue,,,park,,http://www.wikidata.org/entity/Q49474872,,,Point(-105.028333333 39.844166666),12.244,1.0,http://www.wikidata.org/entity/Q22698,"('39.844166666667', '-105.02833333333')"
1100,,39.740833333333,-105.1375,Blue Star Memorial Park,,D,blue,,,park,,http://www.wikidata.org/entity/Q49475098,,,Point(-105.1375 39.740833333),13.052,1.0,http://www.wikidata.org/entity/Q22698,"('39.740833333333', '-105.1375')"
1101,,39.700277777778,-104.955,Bonnie Brae Park,,D,blue,,,park,,http://www.wikidata.org/entity/Q49475280,,,Point(-104.955 39.700277777),5.029,1.0,http://www.wikidata.org/entity/Q22698,"('39.700277777778', '-104.955')"
1102,,39.635277777778,-105.03972222222,Bow Mar Heights Park,,D,blue,,,park,,http://www.wikidata.org/entity/Q49475414,,,Point(-105.039722222 39.635277777),12.476,1.0,http://www.wikidata.org/entity/Q22698,"('39.635277777778', '-105.03972222222')"
1103,,39.614722222222,-105.02944444444,Bowles Grove Park,,D,blue,,,park,,http://www.wikidata.org/entity/Q49475439,,,Point(-105.029444444 39.614722222),14.361,1.0,http://www.wikidata.org/entity/Q22698,"('39.614722222222', '-105.02944444444')"
1104,,39.804166666667,-105.12777777778,Bridgeside Park,,D,blue,,,park,,http://www.wikidata.org/entity/Q49475752,,,Point(-105.127777777 39.804166666),14.188,1.0,http://www.wikidata.org/entity/Q22698,"('39.804166666667', '-105.12777777778')"
1105,,39.616111111111,-104.9825,Brookridge Park,,D,blue,,,park,,http://www.wikidata.org/entity/Q49475886,,,Point(-104.9825 39.616111111),13.692,1.0,http://www.wikidata.org/entity/Q22698,"('39.616111111111', '-104.9825')"
1106,,39.7125,-104.93944444444,Burns Park,,D,blue,,,park,,http://www.wikidata.org/entity/Q49476266,,,Point(-104.939444444 39.7125),4.891,1.0,http://www.wikidata.org/entity/Q22698,"('39.7125', '-104.93944444444')"
1107,,39.691666666667,-104.86027777778,Canterbury Park,,D,blue,,,park,,http://www.wikidata.org/entity/Q49476821,,,Point(-104.860277777 39.691666666),11.896,1.0,http://www.wikidata.org/entity/Q22698,"('39.691666666667', '-104.86027777778')"
1108,,39.746666666667,-105.08888888889,Carl G Morse Park,,D,blue,,,park,,http://www.wikidata.org/entity/Q49476957,,,Point(-105.088888888 39.746666666),8.932,1.0,http://www.wikidata.org/entity/Q22698,"('39.746666666667', '-105.08888888889')"
1109,,39.855555555556,-105.01111111111,Carmenisch Park,,D,blue,,,park,,http://www.wikidata.org/entity/Q49477005,,,Point(-105.011111111 39.855555555),13.126,1.0,http://www.wikidata.org/entity/Q22698,"('39.855555555556', '-105.01111111111')"
1110,,39.676944444444,-105.10666666667,Carmody Park,,D,blue,,,park,,http://www.wikidata.org/entity/Q49477010,,,Point(-105.106666666 39.676944444),12.511,1.0,http://www.wikidata.org/entity/Q22698,"('39.676944444444', '-105.10666666667')"
1111,,39.752777777778,-105.01027777778,Centennial Park,,D,blue,,,park,,http://www.wikidata.org/entity/Q49477426,,,Point(-105.010277777 39.752777777),2.644,1.0,http://www.wikidata.org/entity/Q22698,"('39.752777777778', '-105.01027777778')"
1112,,39.776111111111,-105.01083333333,Chaffee Park,,D,blue,,,park,,http://www.wikidata.org/entity/Q49477642,,,Point(-105.010833333 39.776111111),4.663,1.0,http://www.wikidata.org/entity/Q22698,"('39.776111111111', '-105.01083333333')"
1113,,39.743333333333,-105.095,Charles Whitlock Recreation Park,,D,blue,,,park,,http://www.wikidata.org/entity/Q49477797,,,Point(-105.095 39.743333333),9.428,1.0,http://www.wikidata.org/entity/Q22698,"('39.743333333333', '-105.095')"
1114,,39.756944444444,-105.13861111111,Chester - Portsmouth Park,,D,blue,,,park,,http://www.wikidata.org/entity/Q49477937,,,Point(-105.138611111 39.756944444),13.291,1.0,http://www.wikidata.org/entity/Q22698,"('39.756944444444', '-105.13861111111')"
1115,,39.711944444444,-104.81583333333,City Center Park,,D,blue,,,park,,http://www.wikidata.org/entity/Q49478240,,,Point(-104.815833333 39.711944444),14.77,1.0,http://www.wikidata.org/entity/Q22698,"('39.711944444444', '-104.81583333333')"
1116,,39.707777777778,-104.94472222222,City of Brest Park,,D,blue,,,park,,http://www.wikidata.org/entity/Q49478265,,,Point(-104.944722222 39.707777777),4.901,1.0,http://www.wikidata.org/entity/Q22698,"('39.707777777778', '-104.94472222222')"
1117,,39.766388888889,-104.94694444444,City of Nairobi Park,,D,blue,,,park,,http://www.wikidata.org/entity/Q49478271,,,Point(-104.946944444 39.766388888),4.43,1.0,http://www.wikidata.org/entity/Q22698,"('39.766388888889', '-104.94694444444')"
1118,,39.686666666667,-104.9025,City of Madras Park,,D,blue,,,park,,http://www.wikidata.org/entity/Q49478269,,,Point(-104.9025 39.686666666),9.154,1.0,http://www.wikidata.org/entity/Q22698,"('39.686666666667', '-104.9025')"
1119,,39.696111111111,-104.92388888889,City of Potenza Park,,D,blue,,,park,,http://www.wikidata.org/entity/Q49478272,,,Point(-104.923888888 39.696111111),7.084,1.0,http://www.wikidata.org/entity/Q22698,"('39.696111111111', '-104.92388888889')"
1120,,39.739166666667,-104.98888888889,Civic Center Historic District,,D,blue,,,historic district,,http://www.wikidata.org/entity/Q49478305,,,Point(-104.988888888 39.739166666),0.344,1.0,http://www.wikidata.org/entity/Q15243209,"('39.739166666667', '-104.98888888889')"
1121,,39.763055555556,-104.93527777778,Clayton Park,,D,blue,,,park,,http://www.wikidata.org/entity/Q49478516,,,Point(-104.935277777 39.763055555),4.998,1.0,http://www.wikidata.org/entity/Q22698,"('39.763055555556', '-104.93527777778')"
1122,,39.8325,-105.09777777778,Club Crest Park,,D,blue,,,park,,http://www.wikidata.org/entity/Q49478679,,,Point(-105.097777777 39.8325),14.164,1.0,http://www.wikidata.org/entity/Q22698,"('39.8325', '-105.09777777778')"
1123,,39.835277777778,-105.09916666667,Club Crest North Park,,D,blue,,,park,,http://www.wikidata.org/entity/Q49478677,,,Point(-105.099166666 39.835277777),14.471,1.0,http://www.wikidata.org/entity/Q22698,"('39.835277777778', '-105.09916666667')"
1124,,39.845277777778,-105.02138888889,Cobblestone Park,,D,blue,,,park,,http://www.wikidata.org/entity/Q49478750,,,Point(-105.021388888 39.845277777),12.197,1.0,http://www.wikidata.org/entity/Q22698,"('39.845277777778', '-105.02138888889')"
1125,,39.7625,-104.96277777778,Cole Neighborhood Historic District,,D,blue,,,historic district,,http://www.wikidata.org/entity/Q49478957,,,Point(-104.962777777 39.7625),3.202,1.0,http://www.wikidata.org/entity/Q15243209,"('39.7625', '-104.96277777778')"
1126,,39.859166666667,-104.94416666667,Columbia Park,,D,blue,,,park,,http://www.wikidata.org/entity/Q49479322,,,Point(-104.944166666 39.859166666),13.781,1.0,http://www.wikidata.org/entity/Q22698,"('39.859166666667', '-104.94416666667')"
1127,,39.792222222222,-105.07083333333,Columbine Park,,D,blue,,,park,,http://www.wikidata.org/entity/Q49479372,,,Point(-105.070833333 39.792222222),9.418,1.0,http://www.wikidata.org/entity/Q22698,"('39.792222222222', '-105.07083333333')"
1128,,39.769722222222,-105.005,Columbus Park,,D,blue,,,park,,http://www.wikidata.org/entity/Q49479390,,,Point(-105.005 39.769722222),3.802,1.0,http://www.wikidata.org/entity/Q22698,"('39.769722222222', '-105.005')"
1129,,39.868333333333,-104.95777777778,Community Park,,D,blue,,,park,,http://www.wikidata.org/entity/Q49479560,,,Point(-104.957777777 39.868333333),14.539,1.0,http://www.wikidata.org/entity/Q22698,"('39.868333333333', '-104.95777777778')"
1130,,39.73,-104.95638888889,Congress Park,,D,blue,,,park,,http://www.wikidata.org/entity/Q49479775,,,Point(-104.956388888 39.73),2.642,1.0,http://www.wikidata.org/entity/Q22698,"('39.73', '-104.95638888889')"
1131,,39.687777777778,-104.91111111111,Cook Park,,D,blue,,,park,,http://www.wikidata.org/entity/Q49479966,,,Point(-104.911111111 39.687777777),8.516,1.0,http://www.wikidata.org/entity/Q22698,"('39.687777777778', '-104.91111111111')"
1132,,39.754166666667,-104.82527777778,Cottonwood Park,,D,blue,,,park,,http://www.wikidata.org/entity/Q49480401,,,Point(-104.825277777 39.754166666),13.744,1.0,http://www.wikidata.org/entity/Q22698,"('39.754166666667', '-104.82527777778')"
1133,,39.680277777778,-105.11722222222,Cottonwood Park,,D,blue,,,park,,http://www.wikidata.org/entity/Q49480406,,,Point(-105.117222222 39.680277777),13.083,1.0,http://www.wikidata.org/entity/Q22698,"('39.680277777778', '-105.11722222222')"
1134,,39.716388888889,-104.96694444444,Country Club Historic District,,D,blue,,,historic district,,http://www.wikidata.org/entity/Q49480497,,,Point(-104.966944444 39.716388888),2.967,1.0,http://www.wikidata.org/entity/Q15243209,"('39.716388888889', '-104.96694444444')"
1135,,39.714722222222,-104.91638888889,Crestmoor Park,,D,blue,,,park,,http://www.wikidata.org/entity/Q49480980,,,Point(-104.916388888 39.714722222),6.459,1.0,http://www.wikidata.org/entity/Q22698,"('39.714722222222', '-104.91638888889')"
1136,,39.760833333333,-104.97611111111,Curtis Park,,D,blue,,,park,,http://www.wikidata.org/entity/Q49481448,,,Point(-104.976111111 39.760833333),2.515,1.0,http://www.wikidata.org/entity/Q22698,"('39.760833333333', '-104.97611111111')"
1137,,39.757777777778,-104.97944444444,Curtis-Champa Streets Historic District,,D,blue,,,historic district,,http://www.wikidata.org/entity/Q49481453,,,Point(-104.979444444 39.757777777),2.113,1.0,http://www.wikidata.org/entity/Q15243209,"('39.757777777778', '-104.97944444444')"
1138,,39.659722222222,-104.99638888889,Cushing Park,,D,blue,,,park,,http://www.wikidata.org/entity/Q49481464,,,Point(-104.996388888 39.659722222),8.896,1.0,http://www.wikidata.org/entity/Q22698,"('39.659722222222', '-104.99638888889')"
1139,,39.785833333333,-105.07027777778,D A V Park,,D,blue,,,park,,http://www.wikidata.org/entity/Q49481596,,,Point(-105.070277777 39.785833333),8.952,1.0,http://www.wikidata.org/entity/Q22698,"('39.785833333333', '-105.07027777778')"
1140,,39.641666666667,-104.93305555556,Dahlia Hollow Park,,D,blue,,,park,,http://www.wikidata.org/entity/Q49481658,,,Point(-104.933055555 39.641666666),11.719,1.0,http://www.wikidata.org/entity/Q22698,"('39.641666666667', '-104.93305555556')"
1141,,39.716388888889,-104.99277777778,Dailey Park,,D,blue,,,park,,http://www.wikidata.org/entity/Q49481669,,,Point(-104.992777777 39.716388888),2.629,1.0,http://www.wikidata.org/entity/Q22698,"('39.716388888889', '-104.99277777778')"
1142,,39.748055555556,-104.99555555556,Daniels and Fisher Tower,,D,blue,,,park,,http://www.wikidata.org/entity/Q49481869,,,Point(-104.995555555 39.748055555),1.341,1.0,http://www.wikidata.org/entity/Q22698,"('39.748055555556', '-104.99555555556')"
1143,,39.660833333333,-104.96083333333,David W. Brown House,,D,blue,,,park,,http://www.wikidata.org/entity/Q49482054,,,Point(-104.960833333 39.660833333),8.957,1.0,http://www.wikidata.org/entity/Q22698,"('39.660833333333', '-104.96083333333')"
1144,,39.670833333333,-104.96138888889,De Boer Park,,D,blue,,,park,,http://www.wikidata.org/entity/Q49482220,,,Point(-104.961388888 39.670833333),7.866,1.0,http://www.wikidata.org/entity/Q22698,"('39.670833333333', '-104.96138888889')"
1145,,39.724722222222,-104.8475,Del Mar Park,,D,blue,,,park,,http://www.wikidata.org/entity/Q49482552,,,Point(-104.8475 39.724722222),11.856,1.0,http://www.wikidata.org/entity/Q22698,"('39.724722222222', '-104.8475')"
1146,,39.733611111111,-104.90416666667,Denison Park,,D,blue,,,park,,http://www.wikidata.org/entity/Q49482751,,,Point(-104.904166666 39.733611111),6.928,1.0,http://www.wikidata.org/entity/Q22698,"('39.733611111111', '-104.90416666667')"
1147,,39.734444444444,-105.04472222222,Dry Gulch Park,,D,blue,,,park,,http://www.wikidata.org/entity/Q49484298,,,Point(-105.044722222 39.734444444),5.146,1.0,http://www.wikidata.org/entity/Q22698,"('39.734444444444', '-105.04472222222')"
1148,,39.778333333333,-104.95472222222,Dunham Park,,D,blue,,,park,,http://www.wikidata.org/entity/Q49484520,,,Point(-104.954722222 39.778333333),5.053,1.0,http://www.wikidata.org/entity/Q22698,"('39.778333333333', '-104.95472222222')"
1149,,39.639722222222,-104.90888888889,Eastmoor Park,,D,blue,,,park,,http://www.wikidata.org/entity/Q49485429,,,Point(-104.908888888 39.639722222),12.833,1.0,http://www.wikidata.org/entity/Q22698,"('39.639722222222', '-104.90888888889')"
1150,,39.673888888889,-104.85222222222,Eastridge Park,,D,blue,,,park,,http://www.wikidata.org/entity/Q49485442,,,Point(-104.852222222 39.673888888),13.473,1.0,http://www.wikidata.org/entity/Q22698,"('39.673888888889', '-104.85222222222')"
1151,,39.7925,-104.84138888889,Elmendorf Park,,D,blue,,,park,,http://www.wikidata.org/entity/Q49486692,,,Point(-104.841388888 39.7925),13.618,1.0,http://www.wikidata.org/entity/Q22698,"('39.7925', '-104.84138888889')"
1152,,39.628611111111,-104.98166666667,Elsie Duncan Park,,D,blue,,,park,,http://www.wikidata.org/entity/Q49486779,,,Point(-104.981666666 39.628611111),12.303,1.0,http://www.wikidata.org/entity/Q22698,"('39.628611111111', '-104.98166666667')"
1153,,39.784444444444,-104.96416666667,Elyria Park,,D,blue,,,park,,http://www.wikidata.org/entity/Q49486832,,,Point(-104.964166666 39.784444444),5.329,1.0,http://www.wikidata.org/entity/Q22698,"('39.784444444444', '-104.96416666667')"
1154,,39.825277777778,-105.03916666667,England Park,,D,blue,,,park,,http://www.wikidata.org/entity/Q49487140,,,Point(-105.039166666 39.825277777),10.633,1.0,http://www.wikidata.org/entity/Q22698,"('39.825277777778', '-105.03916666667')"
1155,,39.6606861,-104.995558,Englewood Depot,,D,blue,,,station building,,http://www.wikidata.org/entity/Q49487149,,,Point(-104.995558 39.6606861),8.782,1.0,http://www.wikidata.org/entity/Q1339195,"('39.6606861', '-104.995558')"
1156,,39.749722222222,-104.98222222222,Enterprise Hill Historic District,,D,blue,,,historic district,,http://www.wikidata.org/entity/Q49487209,,,Point(-104.982222222 39.749722222),1.188,1.0,http://www.wikidata.org/entity/Q15243209,"('39.749722222222', '-104.98222222222')"
1157,,39.709166666667,-104.86055555556,Expo Park,,D,blue,,,park,,http://www.wikidata.org/entity/Q49487835,,,Point(-104.860555555 39.709166666),11.144,1.0,http://www.wikidata.org/entity/Q22698,"('39.709166666667', '-104.86055555556')"
1158,,39.819722222222,-104.92833333333,Fairfax Park,,D,blue,,,park,,http://www.wikidata.org/entity/Q49487953,,,Point(-104.928333333 39.819722222),10.17,1.0,http://www.wikidata.org/entity/Q22698,"('39.819722222222', '-104.92833333333')"
1159,,39.751388888889,-104.81527777778,Fairplay Park,,D,blue,,,park,,http://www.wikidata.org/entity/Q49488081,,,Point(-104.815277777 39.751388888),14.561,1.0,http://www.wikidata.org/entity/Q22698,"('39.751388888889', '-104.81527777778')"
1160,,39.793055555556,-104.82861111111,Falcon Park,,D,blue,,,park,,http://www.wikidata.org/entity/Q49488179,,,Point(-104.828611111 39.793055555),14.634,1.0,http://www.wikidata.org/entity/Q22698,"('39.793055555556', '-104.82861111111')"
1161,,39.847777777778,-105.06166666667,Far Horizon Park,,D,blue,,,park,,http://www.wikidata.org/entity/Q49488329,,,Point(-105.061666666 39.847777777),13.737,1.0,http://www.wikidata.org/entity/Q22698,"('39.847777777778', '-105.06166666667')"
1162,,39.83,-105.06027777778,Faversham Park,,D,blue,,,park,,http://www.wikidata.org/entity/Q49488628,,,Point(-105.060277777 39.83),11.974,1.0,http://www.wikidata.org/entity/Q22698,"('39.83', '-105.06027777778')"
1163,,39.828611111111,-105.03972222222,Fireman Park,,D,blue,,,park,,http://www.wikidata.org/entity/Q49489148,,,Point(-105.039722222 39.828611111),10.988,1.0,http://www.wikidata.org/entity/Q22698,"('39.828611111111', '-105.03972222222')"
1164,,39.811666666667,-105.10388888889,Fitzmorris Park,,D,blue,,,park,,http://www.wikidata.org/entity/Q49489682,,,Point(-105.103888888 39.811666666),12.974,1.0,http://www.wikidata.org/entity/Q22698,"('39.811666666667', '-105.10388888889')"
1165,,39.705277777778,-105.14611111111,Foothills Park,,D,blue,,,park,,http://www.wikidata.org/entity/Q49490177,,,Point(-105.146111111 39.705277777),14.298,1.0,http://www.wikidata.org/entity/Q22698,"('39.705277777778', '-105.14611111111')"
1166,,39.792222222222,-105.07666666667,Foster Park,,D,blue,,,park,,http://www.wikidata.org/entity/Q49490890,,,Point(-105.076666666 39.792222222),9.812,1.0,http://www.wikidata.org/entity/Q22698,"('39.792222222222', '-105.07666666667')"
1167,,39.703055555556,-104.92722222222,Four Mile Historic Park,,D,blue,,,park,,http://www.wikidata.org/entity/Q49491013,,,Point(-104.929168126 39.70423556),6.151,1.0,http://www.wikidata.org/entity/Q22698,"('39.703055555556', '-104.92722222222')"
1175,,39.752777777778,-104.90194444444,Fred Thomas Park,,D,blue,,,park,,http://www.wikidata.org/entity/Q49491701,,,Point(-104.901944444 39.752777777),7.247,1.0,http://www.wikidata.org/entity/Q22698,"('39.752777777778', '-104.90194444444')"
1176,,39.736388888889,-104.82888888889,Freedom Park,,D,blue,,,park,,http://www.wikidata.org/entity/Q49491791,,,Point(-104.828888888 39.736388888),13.34,1.0,http://www.wikidata.org/entity/Q22698,"('39.736388888889', '-104.82888888889')"
1177,,39.727777777778,-105.01527777778,Frog Hollow Park,,D,blue,,,park,,http://www.wikidata.org/entity/Q49492210,,,Point(-105.015277777 39.727777777),2.896,1.0,http://www.wikidata.org/entity/Q22698,"('39.727777777778', '-105.01527777778')"
1178,,39.781944444444,-105.11361111111,Fruitdale Park,,D,blue,,,park,,http://www.wikidata.org/entity/Q49492301,,,Point(-105.113611111 39.781944444),11.986,1.0,http://www.wikidata.org/entity/Q22698,"('39.781944444444', '-105.11361111111')"
1179,,39.7575,-104.96805555556,Fuller Park,,D,blue,,,park,,http://www.wikidata.org/entity/Q49492372,,,Point(-104.968055555 39.7575),2.488,1.0,http://www.wikidata.org/entity/Q22698,"('39.7575', '-104.96805555556')"
1180,,39.727777777778,-104.87277777778,Fulton Park,,D,blue,,,park,,http://www.wikidata.org/entity/Q49492433,,,Point(-104.872777777 39.727777777),9.668,1.0,http://www.wikidata.org/entity/Q22698,"('39.727777777778', '-104.87277777778')"
1181,,39.605555555556,-105.00305555556,Gallup Park,,D,blue,,,park,,http://www.wikidata.org/entity/Q49492701,,,Point(-105.003055555 39.605555555),14.945,1.0,http://www.wikidata.org/entity/Q22698,"('39.605555555556', '-105.00305555556')"
1182,,39.694166666667,-105.03583333333,Garfield Lake Park,,D,blue,,,park,,http://www.wikidata.org/entity/Q49492870,,,Point(-105.035833333 39.694166666),6.642,1.0,http://www.wikidata.org/entity/Q22698,"('39.694166666667', '-105.03583333333')"
1183,,39.695277777778,-104.91833333333,Garland Park,,D,blue,,,park,,http://www.wikidata.org/entity/Q49492925,,,Point(-104.918333333 39.695277777),7.501,1.0,http://www.wikidata.org/entity/Q22698,"('39.695277777778', '-104.91833333333')"
1184,,39.733055555556,-105.13083333333,Gary McDonnell Park,,D,blue,,,park,,http://www.wikidata.org/entity/Q49493000,,,Point(-105.130833333 39.733055555),12.5,1.0,http://www.wikidata.org/entity/Q22698,"('39.733055555556', '-105.13083333333')"
1185,,39.750277777778,-105.01555555556,Gates Crescent Park,,D,blue,,,park,,http://www.wikidata.org/entity/Q49493042,,,Point(-105.015555555 39.750277777),2.897,1.0,http://www.wikidata.org/entity/Q22698,"('39.750277777778', '-105.01555555556')"
1186,,39.741111111111,-104.84611111111,Generals Park,,D,blue,,,park,,http://www.wikidata.org/entity/Q49493260,,,Point(-104.846111111 39.741111111),11.865,1.0,http://www.wikidata.org/entity/Q22698,"('39.741111111111', '-104.84611111111')"
1187,,39.618888888889,-105.01416666667,Geneva Park,,D,blue,,,park,,http://www.wikidata.org/entity/Q49493287,,,Point(-105.014166666 39.618888888),13.614,1.0,http://www.wikidata.org/entity/Q22698,"('39.618888888889', '-105.01416666667')"
1188,,39.751666666667,-104.98,Glenarm Place Historic Residential District,,D,blue,,,park,,http://www.wikidata.org/entity/Q49494075,,,Point(-104.98 39.751666666),1.443,1.0,http://www.wikidata.org/entity/Q22698,"('39.751666666667', '-104.98')"
1189,,39.705833333333,-105.11083333333,Glennon Dale Park,,D,blue,,,park,,http://www.wikidata.org/entity/Q49494175,,,Point(-105.110833333 39.705833333),11.395,1.0,http://www.wikidata.org/entity/Q22698,"('39.705833333333', '-105.11083333333')"
1190,,39.707222222222,-105.11833333333,Glennon Heights Park,,D,blue,,,park,,http://www.wikidata.org/entity/Q49494176,,,Point(-105.118333333 39.707222222),11.957,1.0,http://www.wikidata.org/entity/Q22698,"('39.707222222222', '-105.11833333333')"
1191,,39.7775,-104.97694444444,Globeville Landing Park,,D,blue,,,park,,http://www.wikidata.org/entity/Q49494243,,,Point(-104.976944444 39.7775),4.308,1.0,http://www.wikidata.org/entity/Q22698,"('39.7775', '-104.97694444444')"
1192,,39.688888888889,-105.0125,Godsman Park,,D,blue,,,park,,http://www.wikidata.org/entity/Q49494323,,,Point(-105.0125 39.688888888),6.077,1.0,http://www.wikidata.org/entity/Q22698,"('39.688888888889', '-105.0125')"
1193,,39.663333333333,-104.88694444444,Golden Key Park,,D,blue,,,park,,http://www.wikidata.org/entity/Q49494411,,,Point(-104.886944444 39.663333333),11.891,1.0,http://www.wikidata.org/entity/Q22698,"('39.663333333333', '-104.88694444444')"
1194,,39.8218401,-104.8623783,Gottlieb and Rose Egli House,,D,blue,,,house,,http://www.wikidata.org/entity/Q49494798,,,Point(-104.8623783 39.8218401),13.925,1.0,http://www.wikidata.org/entity/Q3947,"('39.8218401', '-104.8623783')"
1195,,39.728055555556,-104.98166666667,Governors Park,,D,blue,,,park,,http://www.wikidata.org/entity/Q49494878,,,Point(-104.981666666 39.728055555),1.273,1.0,http://www.wikidata.org/entity/Q22698,"('39.728055555556', '-104.98166666667')"
1196,,39.728333333333,-104.98055555556,Grant - Humphreys Mansion,,D,blue,,,park,,http://www.wikidata.org/entity/Q49495258,,,Point(-104.980555555 39.728333333),1.267,1.0,http://www.wikidata.org/entity/Q22698,"('39.728333333333', '-104.98055555556')"
1197,,39.690277777778,-105.09916666667,Green Gables Park,,D,blue,,,park,,http://www.wikidata.org/entity/Q49495737,,,Point(-105.099166666 39.690277777),11.19,1.0,http://www.wikidata.org/entity/Q22698,"('39.690277777778', '-105.09916666667')"
1198,,39.688333333333,-105.12972222222,Green Mountain Park,,D,blue,,,park,,http://www.wikidata.org/entity/Q49495783,,,Point(-105.129722222 39.688333333),13.622,1.0,http://www.wikidata.org/entity/Q22698,"('39.688333333333', '-105.12972222222')"
1199,,39.6975,-105.13,Green Mountain Village Park,,D,blue,,,park,,http://www.wikidata.org/entity/Q49495786,,,Point(-105.13 39.6975),13.252,1.0,http://www.wikidata.org/entity/Q22698,"('39.6975', '-105.13')"
1200,,39.705833333333,-104.99861111111,Habitat Park,,D,blue,,,park,,http://www.wikidata.org/entity/Q49496975,,,Point(-104.998611111 39.705833333),3.896,1.0,http://www.wikidata.org/entity/Q22698,"('39.705833333333', '-104.99861111111')"
1201,,39.834166666667,-105.0775,Hackberry Park,,D,blue,,,park,,http://www.wikidata.org/entity/Q49496999,,,Point(-105.0775 39.834166666),13.193,1.0,http://www.wikidata.org/entity/Q22698,"('39.834166666667', '-105.0775')"
1202,,39.746944444444,-105.03083333333,Hallack Park,,D,blue,,,park,,http://www.wikidata.org/entity/Q49497253,,,Point(-105.030833333 39.746944444),4.023,1.0,http://www.wikidata.org/entity/Q22698,"('39.746944444444', '-105.03083333333')"
1203,,39.657777777778,-104.87777777778,Hampden Heights Park,,D,blue,,,park,,http://www.wikidata.org/entity/Q49497474,,,Point(-104.877777777 39.657777777),12.883,1.0,http://www.wikidata.org/entity/Q22698,"('39.657777777778', '-104.87777777778')"
1204,,39.623611111111,-105.03555555556,Harlow Park,,D,blue,,,park,,http://www.wikidata.org/entity/Q49498019,,,Point(-105.035555555 39.623611111),13.568,1.0,http://www.wikidata.org/entity/Q22698,"('39.623611111111', '-105.03555555556')"
1205,,39.8,-105.12,Harold D Lutz Sports Complex,,D,blue,,,park,,http://www.wikidata.org/entity/Q49498196,,,Point(-105.12 39.8),13.38,1.0,http://www.wikidata.org/entity/Q22698,"('39.8', '-105.12')"
1206,,39.672777777778,-104.97972222222,Harvard Gulch Park,,D,blue,,,park,,http://www.wikidata.org/entity/Q49498579,,,Point(-104.979722222 39.672777777),7.403,1.0,http://www.wikidata.org/entity/Q22698,"('39.672777777778', '-104.97972222222')"
1207,,39.678888888889,-105.04277777778,Harvey Park,,D,blue,,,park,,http://www.wikidata.org/entity/Q49498623,,,Point(-105.042777777 39.678888888),8.341,1.0,http://www.wikidata.org/entity/Q22698,"('39.678888888889', '-105.04277777778')"
1208,,39.658333333333,-104.86527777778,Havana And Cornell Park,,D,blue,,,park,,http://www.wikidata.org/entity/Q49498790,,,Point(-104.865277777 39.658333333),13.623,1.0,http://www.wikidata.org/entity/Q22698,"('39.658333333333', '-104.86527777778')"
1209,,39.676944444444,-104.86083333333,Havana Heights Park,,D,blue,,,park,,http://www.wikidata.org/entity/Q49498794,,,Point(-104.860833333 39.676944444),12.67,1.0,http://www.wikidata.org/entity/Q22698,"('39.676944444444', '-104.86083333333')"
1210,,39.731944444444,-104.86388888889,Havana Park,,D,blue,,,park,,http://www.wikidata.org/entity/Q49498796,,,Point(-104.863888888 39.731944444),10.376,1.0,http://www.wikidata.org/entity/Q22698,"('39.731944444444', '-104.86388888889')"
1211,,39.763055555556,-105.02638888889,Highland Park,,D,blue,,,park,,http://www.wikidata.org/entity/Q49501025,,,Point(-105.026388888 39.763055555),4.429,1.0,http://www.wikidata.org/entity/Q22698,"('39.763055555556', '-105.02638888889')"
1212,,39.760833333333,-105.01805555556,Highland Park Historical District,,D,blue,,,park,,http://www.wikidata.org/entity/Q49501182,,,Point(-105.018055555 39.760833333),3.717,1.0,http://www.wikidata.org/entity/Q22698,"('39.760833333333', '-105.01805555556')"
1213,,39.717222222222,-104.845,Highline Park,,D,blue,,,park,,http://www.wikidata.org/entity/Q49501284,,,Point(-104.845 39.717222222),12.208,1.0,http://www.wikidata.org/entity/Q22698,"('39.717222222222', '-104.845')"
1214,,39.831111111111,-105.06333333333,Hillside Park,,D,blue,,,park,,http://www.wikidata.org/entity/Q49501697,,,Point(-105.063333333 39.831111111),12.219,1.0,http://www.wikidata.org/entity/Q22698,"('39.831111111111', '-105.06333333333')"
1215,,39.760555555556,-105.01083333333,Hirshorn Park,,D,blue,,,park,,http://www.wikidata.org/entity/Q49501845,,,Point(-105.010833333 39.760555555),3.248,1.0,http://www.wikidata.org/entity/Q22698,"('39.760555555556', '-105.01083333333')"
1216,,39.727777777778,-104.84194444444,Hoffman Park,,D,blue,,,park,,http://www.wikidata.org/entity/Q49502088,,,Point(-104.841944444 39.727777777),12.287,1.0,http://www.wikidata.org/entity/Q22698,"('39.727777777778', '-104.84194444444')"
1217,,39.728611111111,-105.09722222222,Holbrook Park,,D,blue,,,park,,http://www.wikidata.org/entity/Q49502181,,,Point(-105.097222222 39.728611111),9.68,1.0,http://www.wikidata.org/entity/Q22698,"('39.728611111111', '-105.09722222222')"
1218,,39.81,-105.05916666667,Homestead Park,,D,blue,,,park,,http://www.wikidata.org/entity/Q49502676,,,Point(-105.059166666 39.81),10.111,1.0,http://www.wikidata.org/entity/Q22698,"('39.81', '-105.05916666667')"
1219,,39.638333333333,-104.93694444444,Hopkins Farm,,D,blue,,,park,,http://www.wikidata.org/entity/Q49502955,,,Point(-104.936944444 39.638333333),11.945,1.0,http://www.wikidata.org/entity/Q22698,"('39.638333333333', '-104.93694444444')"
1220,,39.61,-104.97638888889,Horsemans Park,,D,blue,,,park,,http://www.wikidata.org/entity/Q49503178,,,Point(-104.976388888 39.61),14.388,1.0,http://www.wikidata.org/entity/Q22698,"('39.61', '-104.97638888889')"
1221,,39.803611111111,-105.09638888889,Hoskinson Park,,D,blue,,,park,,http://www.wikidata.org/entity/Q49503287,,,Point(-105.096388888 39.803611111),11.92,1.0,http://www.wikidata.org/entity/Q22698,"('39.803611111111', '-105.09638888889')"
1222,,39.718611111111,-104.97666666667,Hungarian Freedom Park,,D,blue,,,park,,http://www.wikidata.org/entity/Q49504007,,,Point(-104.976666666 39.718611111),2.398,1.0,http://www.wikidata.org/entity/Q22698,"('39.718611111111', '-104.97666666667')"
1223,,39.676388888889,-105.13055555556,Hutchinson Park,,D,blue,,,park,,http://www.wikidata.org/entity/Q49504343,,,Point(-105.130555555 39.676388888),14.288,1.0,http://www.wikidata.org/entity/Q22698,"('39.676388888889', '-105.13055555556')"
1224,,39.658333333333,-104.90388888889,Hutchinson Park,,D,blue,,,park,,http://www.wikidata.org/entity/Q49504341,,,Point(-104.903888888 39.658333333),11.354,1.0,http://www.wikidata.org/entity/Q22698,"('39.658333333333', '-104.90388888889')"
1225,,39.819166666667,-105.10555555556,Independence Park,,D,blue,,,park,,http://www.wikidata.org/entity/Q49504666,,,Point(-105.105555555 39.819166666),13.614,1.0,http://www.wikidata.org/entity/Q22698,"('39.819166666667', '-105.10555555556')"
1226,,39.656388888889,-104.855,J F Kennedy Park,,D,blue,,,park,,http://www.wikidata.org/entity/Q49505901,,,Point(-104.855 39.656388888),14.432,1.0,http://www.wikidata.org/entity/Q22698,"('39.656388888889', '-104.855')"
1227,,39.624444444444,-105.03888888889,James A Taylor Park,,D,blue,,,park,,http://www.wikidata.org/entity/Q49506497,,,Point(-105.038888888 39.624444444),13.575,1.0,http://www.wikidata.org/entity/Q22698,"('39.624444444444', '-105.03888888889')"
1228,,39.737222222222,-105.0925,James J Richey Park,,D,blue,,,park,,http://www.wikidata.org/entity/Q49506605,,,Point(-105.0925 39.737222222),9.206,1.0,http://www.wikidata.org/entity/Q22698,"('39.737222222222', '-105.0925')"
1229,,39.639722222222,-105.00027777778,Jason Park,,D,blue,,,park,,http://www.wikidata.org/entity/Q49506861,,,Point(-105.000277777 39.639722222),11.143,1.0,http://www.wikidata.org/entity/Q22698,"('39.639722222222', '-105.00027777778')"
1230,,39.656388888889,-105.09861111111,Jefferson Green Park,,D,blue,,,park,,http://www.wikidata.org/entity/Q49507215,,,Point(-105.098611111 39.656388888),13.4,1.0,http://www.wikidata.org/entity/Q22698,"('39.656388888889', '-105.09861111111')"
1231,,39.750277777778,-105.02222222222,Jefferson Park,,D,blue,,,park,,http://www.wikidata.org/entity/Q49507253,,,Point(-105.022222222 39.750277777),3.422,1.0,http://www.wikidata.org/entity/Q22698,"('39.750277777778', '-105.02222222222')"
1232,,39.683333333333,-105.09833333333,Jewell Park,,D,blue,,,park,,http://www.wikidata.org/entity/Q49507681,,,Point(-105.098333333 39.683333333),11.526,1.0,http://www.wikidata.org/entity/Q22698,"('39.683333333333', '-105.09833333333')"
1233,,39.783888888889,-105.08361111111,Johnson Park,,D,blue,,,park,,http://www.wikidata.org/entity/Q49508556,,,Point(-105.083611111 39.783888888),9.792,1.0,http://www.wikidata.org/entity/Q22698,"('39.783888888889', '-105.08361111111')"
1234,,39.682777777778,-105.10722222222,Kendrick Lake Park,,D,blue,,,park,,http://www.wikidata.org/entity/Q49510021,,,Point(-105.107222222 39.682777777),12.204,1.0,http://www.wikidata.org/entity/Q22698,"('39.682777777778', '-105.10722222222')"
1235,,39.832222222222,-105.04777777778,Kennedy Park,,D,blue,,,park,,http://www.wikidata.org/entity/Q49510087,,,Point(-105.047777777 39.832222222),11.653,1.0,http://www.wikidata.org/entity/Q22698,"('39.832222222222', '-105.04777777778')"
1236,,39.608611111111,-104.99944444444,Ketring Park,,D,blue,,,park,,http://www.wikidata.org/entity/Q49510435,,,Point(-104.999444444 39.608611111),14.578,1.0,http://www.wikidata.org/entity/Q22698,"('39.608611111111', '-104.99944444444')"
1237,,39.73,-104.90777777778,Kittredge Park,,D,blue,,,park,,http://www.wikidata.org/entity/Q49511336,,,Point(-104.907777777 39.73),6.671,1.0,http://www.wikidata.org/entity/Q22698,"('39.73', '-104.90777777778')"
1238,,39.816111111111,-105.09416666667,Ladybug Park,,D,blue,,,park,,http://www.wikidata.org/entity/Q49512690,,,Point(-105.094166666 39.816111111),12.661,1.0,http://www.wikidata.org/entity/Q22698,"('39.816111111111', '-105.09416666667')"
1239,,39.748888888889,-104.97083333333,Lafayette Historic District,,D,blue,,,historic district,,http://www.wikidata.org/entity/Q49512708,,,Point(-104.970833333 39.748888888),1.609,1.0,http://www.wikidata.org/entity/Q15243209,"('39.748888888889', '-104.97083333333')"
1240,,39.845277777778,-105.06861111111,Lake Arbor Park,,D,blue,,,park,,http://www.wikidata.org/entity/Q49512990,,,Point(-105.068611111 39.845277777),13.792,1.0,http://www.wikidata.org/entity/Q22698,"('39.845277777778', '-105.06861111111')"
1241,,39.637222222222,-105.09,Lake of Lakes Park,,D,blue,,,park,,http://www.wikidata.org/entity/Q49513489,,,Point(-105.09 39.637222222),14.477,1.0,http://www.wikidata.org/entity/Q22698,"('39.637222222222', '-105.09')"
1242,,39.777777777778,-105.05583333333,Lake Side Amusement Park,,D,blue,,,park,,http://www.wikidata.org/entity/Q49513682,,,Point(-105.055833333 39.777777777),7.427,1.0,http://www.wikidata.org/entity/Q22698,"('39.777777777778', '-105.05583333333')"
1243,,39.713888888889,-105.10722222222,Lakewood Park,,D,blue,,,park,,http://www.wikidata.org/entity/Q49514180,,,Point(-105.107222222 39.713888888),10.837,1.0,http://www.wikidata.org/entity/Q22698,"('39.713888888889', '-105.10722222222')"
1244,,39.657222222222,-105.0875,Lakewood Sister City Park,,D,blue,,,park,,http://www.wikidata.org/entity/Q49514215,,,Point(-105.0875 39.657222222),12.659,1.0,http://www.wikidata.org/entity/Q22698,"('39.657222222222', '-105.0875')"
1245,,39.69,-105.06888888889,Lasley Park,,D,blue,,,park,,http://www.wikidata.org/entity/Q49514871,,,Point(-105.068888888 39.69),9.035,1.0,http://www.wikidata.org/entity/Q22698,"('39.69', '-105.06888888889')"
1246,,39.751666666667,-104.98277777778,Lawson Park,,D,blue,,,park,,http://www.wikidata.org/entity/Q49515232,,,Point(-104.982777777 39.751666666),1.394,1.0,http://www.wikidata.org/entity/Q22698,"('39.751666666667', '-104.98277777778')"
1247,,39.823055555556,-105.07055555556,Lew Walsh Park,,D,blue,,,park,,http://www.wikidata.org/entity/Q49516164,,,Point(-105.070555555 39.823055555),11.852,1.0,http://www.wikidata.org/entity/Q22698,"('39.823055555556', '-105.07055555556')"
1248,,39.764444444444,-105.13166666667,Lewis Meadows Park,,D,blue,,,park,,http://www.wikidata.org/entity/Q49516280,,,Point(-105.131666666 39.764444444),12.859,1.0,http://www.wikidata.org/entity/Q22698,"('39.764444444444', '-105.13166666667')"
1249,,39.798333333333,-105.05722222222,Lewis Ralston Gold Site Park,,D,blue,,,park,,http://www.wikidata.org/entity/Q49516310,,,Point(-105.057222222 39.798333333),9.023,1.0,http://www.wikidata.org/entity/Q22698,"('39.798333333333', '-105.05722222222')"
1250,,39.859444444444,-104.96166666667,Lily Park,,D,blue,,,park,,http://www.wikidata.org/entity/Q49516711,,,Point(-104.961666666 39.859444444),13.512,1.0,http://www.wikidata.org/entity/Q22698,"('39.859444444444', '-104.96166666667')"
1251,,39.735277777778,-105.00416666667,Lincoln Park,,D,blue,,,park,,http://www.wikidata.org/entity/Q49516927,,,Point(-105.004166666 39.735277777),1.708,1.0,http://www.wikidata.org/entity/Q22698,"('39.735277777778', '-105.00416666667')"
1252,,39.734166666667,-104.93277777778,Lindsley Park,,D,blue,,,park,,http://www.wikidata.org/entity/Q49517368,,,Point(-104.932777777 39.734166666),4.489,1.0,http://www.wikidata.org/entity/Q22698,"('39.734166666667', '-104.93277777778')"
1253,,39.811944444444,-105.01111111111,Little Dry Creek Lake Park,,D,blue,,,park,,http://www.wikidata.org/entity/Q49518018,,,Point(-105.011111111 39.811944444),8.39,1.0,http://www.wikidata.org/entity/Q22698,"('39.811944444444', '-105.01111111111')"
1254,,39.838888888889,-105.07083333333,Little Dry Creek Park,,D,blue,,,park,,http://www.wikidata.org/entity/Q49518021,,,Point(-105.070833333 39.838888888),13.294,1.0,http://www.wikidata.org/entity/Q22698,"('39.838888888889', '-105.07083333333')"
1255,,39.694722222222,-105.12638888889,Lochwood Park,,D,blue,,,park,,http://www.wikidata.org/entity/Q49518489,,,Point(-105.126388888 39.694722222),13.077,1.0,http://www.wikidata.org/entity/Q22698,"('39.694722222222', '-105.12638888889')"
1256,,39.663888888889,-105.03305555556,Loretto Heights Park,,D,blue,,,park,,http://www.wikidata.org/entity/Q49519298,,,Point(-105.033055555 39.663888888),9.337,1.0,http://www.wikidata.org/entity/Q22698,"('39.663888888889', '-105.03305555556')"
1257,,39.829444444444,-104.90916666667,Los Valientes Park,,D,blue,,,park,,http://www.wikidata.org/entity/Q49519429,,,Point(-104.909166666 39.829444444),11.935,1.0,http://www.wikidata.org/entity/Q22698,"('39.829444444444', '-104.90916666667')"
1258,,39.768888888889,-105.12083333333,Louise Turner Park,,D,blue,,,park,,http://www.wikidata.org/entity/Q49519609,,,Point(-105.120833333 39.768888888),12.082,1.0,http://www.wikidata.org/entity/Q22698,"('39.768888888889', '-105.12083333333')"
1259,,39.7975,-105.03361111111,Lowell Street Park,,D,blue,,,park,,http://www.wikidata.org/entity/Q49519814,,,Point(-105.033611111 39.7975),7.702,1.0,http://www.wikidata.org/entity/Q22698,"('39.7975', '-105.03361111111')"
1260,,39.7525,-104.9975,Lower Downtown Historic District,,D,blue,,,historic district,,http://www.wikidata.org/entity/Q49519849,,,Point(-104.9975 39.7525),1.828,1.0,http://www.wikidata.org/entity/Q15243209,"('39.7525', '-104.9975')"
1261,,39.653888888889,-104.94027777778,Magna Carta Park,,D,blue,,,park,,http://www.wikidata.org/entity/Q49520717,,,Point(-104.940277777 39.653888888),10.228,1.0,http://www.wikidata.org/entity/Q22698,"('39.653888888889', '-104.94027777778')"
1262,,39.825277777778,-105.0975,Majestic View Park,,D,blue,,,park,,http://www.wikidata.org/entity/Q49520954,,,Point(-105.0975 39.825277777),13.57,1.0,http://www.wikidata.org/entity/Q22698,"('39.825277777778', '-105.0975')"
1263,,39.659444444444,-104.93638888889,Mamie D Eisenhower Park,,D,blue,,,park,,http://www.wikidata.org/entity/Q49521119,,,Point(-104.936388888 39.659444444),9.793,1.0,http://www.wikidata.org/entity/Q22698,"('39.659444444444', '-104.93638888889')"
1264,,39.770277777778,-104.90833333333,Martin Luther King Park,,D,blue,,,park,,http://www.wikidata.org/entity/Q49522229,,,Point(-104.908333333 39.770277777),7.396,1.0,http://www.wikidata.org/entity/Q22698,"('39.770277777778', '-104.90833333333')"
1265,,39.720833333333,-105.04166666667,Martinez Park,,D,blue,,,park,,http://www.wikidata.org/entity/Q49522312,,,Point(-105.041666666 39.720833333),5.271,1.0,http://www.wikidata.org/entity/Q22698,"('39.720833333333', '-105.04166666667')"
1266,,39.773611111111,-105.02583333333,McDonough Park,,D,blue,,,park,,http://www.wikidata.org/entity/Q49523517,,,Point(-105.025833333 39.773611111),5.184,1.0,http://www.wikidata.org/entity/Q22698,"('39.773611111111', '-105.02583333333')"
1267,,39.800833333333,-105.07777777778,McIlvoy Park,,D,blue,,,park,,http://www.wikidata.org/entity/Q49523669,,,Point(-105.077777777 39.800833333),10.486,1.0,http://www.wikidata.org/entity/Q22698,"('39.800833333333', '-105.07777777778')"
1268,,39.719722222222,-104.87388888889,McMullen Park,,D,blue,,,park,,http://www.wikidata.org/entity/Q49523978,,,Point(-104.873888888 39.719722222),9.735,1.0,http://www.wikidata.org/entity/Q22698,"('39.719722222222', '-104.87388888889')"
1269,,39.744722222222,-104.89944444444,McNichols Park,,D,blue,,,park,,http://www.wikidata.org/entity/Q49524023,,,Point(-104.899444444 39.744722222),7.328,1.0,http://www.wikidata.org/entity/Q22698,"('39.744722222222', '-104.89944444444')"
1270,,39.668055555556,-104.95277777778,McWilliams Park,,D,blue,,,park,,http://www.wikidata.org/entity/Q49524090,,,Point(-104.952777777 39.668055555),8.377,1.0,http://www.wikidata.org/entity/Q22698,"('39.668055555556', '-104.95277777778')"
1271,,39.785833333333,-104.84027777778,Mel Silverman Park,,D,blue,,,park,,http://www.wikidata.org/entity/Q49524547,,,Point(-104.840277777 39.785833333),13.4,1.0,http://www.wikidata.org/entity/Q22698,"('39.785833333333', '-104.84027777778')"
1272,,39.804444444444,-105.08527777778,Memorial Park,,D,blue,,,park,,http://www.wikidata.org/entity/Q49524778,,,Point(-105.085277777 39.804444444),11.234,1.0,http://www.wikidata.org/entity/Q22698,"('39.804444444444', '-105.08527777778')"
1273,,39.845277777778,-105.01416666667,Metz Park,,D,blue,,,park,,http://www.wikidata.org/entity/Q49525721,,,Point(-105.014166666 39.845277777),12.054,1.0,http://www.wikidata.org/entity/Q22698,"('39.845277777778', '-105.01416666667')"
1274,,39.651388888889,-104.99277777778,Miller Field,,D,blue,,,park,,http://www.wikidata.org/entity/Q49526556,,,Point(-104.992777777 39.651388888),9.791,1.0,http://www.wikidata.org/entity/Q22698,"('39.651388888889', '-104.99277777778')"
1275,,39.800277777778,-104.9125,Monaco Park,,D,blue,,,park,,http://www.wikidata.org/entity/Q49527519,,,Point(-104.9125 39.800277777),9.182,1.0,http://www.wikidata.org/entity/Q22698,"('39.800277777778', '-104.9125')"
1276,,39.783888888889,-104.82777777778,Montbello State Central Park,,D,blue,,,park,,http://www.wikidata.org/entity/Q49527746,,,Point(-104.827777777 39.783888888),14.315,1.0,http://www.wikidata.org/entity/Q22698,"('39.783888888889', '-104.82777777778')"
1277,,39.780833333333,-104.83972222222,Montbello Civic Center Park,,D,blue,,,park,,http://www.wikidata.org/entity/Q49527744,,,Point(-104.839722222 39.780833333),13.24,1.0,http://www.wikidata.org/entity/Q22698,"('39.780833333333', '-104.83972222222')"
1278,,39.735277777778,-104.90888888889,Montclair Park,,D,blue,,,park,,http://www.wikidata.org/entity/Q49527749,,,Point(-104.908888888 39.735277777),6.511,1.0,http://www.wikidata.org/entity/Q22698,"('39.735277777778', '-104.90888888889')"
1279,,39.746666666667,-104.87944444444,Montview Park,,D,blue,,,park,,http://www.wikidata.org/entity/Q49527923,,,Point(-104.879444444 39.746666666),9.051,1.0,http://www.wikidata.org/entity/Q22698,"('39.746666666667', '-104.87944444444')"
1280,,39.751944444444,-104.86527777778,Moorhead Park,,D,blue,,,park,,http://www.wikidata.org/entity/Q49528160,,,Point(-104.865277777 39.751944444),10.321,1.0,http://www.wikidata.org/entity/Q22698,"('39.751944444444', '-104.86527777778')"
1281,,39.761666666667,-104.96777777778,Morrison Park,,D,blue,,,park,,http://www.wikidata.org/entity/Q49528550,,,Point(-104.967777777 39.761666666),2.89,1.0,http://www.wikidata.org/entity/Q22698,"('39.761666666667', '-104.96777777778')"
1282,,39.738055555556,-105.05861111111,Mountair Park,,D,blue,,,park,,http://www.wikidata.org/entity/Q49529383,,,Point(-105.058611111 39.738055555),6.307,1.0,http://www.wikidata.org/entity/Q22698,"('39.738055555556', '-105.05861111111')"
1283,,39.835277777778,-105.02611111111,Municipal Court Park,,D,blue,,,park,,http://www.wikidata.org/entity/Q49529675,,,Point(-105.026111111 39.835277777),11.245,1.0,http://www.wikidata.org/entity/Q22698,"('39.835277777778', '-105.02611111111')"
1285,,39.735277777778,-104.85027777778,Nome Park,,D,blue,,,park,,http://www.wikidata.org/entity/Q49531928,,,Point(-104.850277777 39.735277777),11.516,1.0,http://www.wikidata.org/entity/Q22698,"('39.735277777778', '-104.85027777778')"
1286,,39.855277777778,-104.99111111111,Northstar Park,,D,blue,,,park,,http://www.wikidata.org/entity/Q49533398,,,Point(-104.991111111 39.855277777),12.914,1.0,http://www.wikidata.org/entity/Q22698,"('39.855277777778', '-104.99111111111')"
1287,,39.719444444444,-105.07277777778,O'Kane Park,,D,blue,,,park,,http://www.wikidata.org/entity/Q49533820,,,Point(-105.072777777 39.719444444),7.833,1.0,http://www.wikidata.org/entity/Q22698,"('39.719444444444', '-105.07277777778')"
1288,,39.846388888889,-105.04333333333,Oakwood Park,,D,blue,,,park,,http://www.wikidata.org/entity/Q49534482,,,Point(-105.043333333 39.846388888),12.919,1.0,http://www.wikidata.org/entity/Q22698,"('39.846388888889', '-105.04333333333')"
1289,,39.6775,-104.95305555556,Observatory Park,,D,blue,,,park,,http://www.wikidata.org/entity/Q49534601,,,Point(-104.953055555 39.6775),7.384,1.0,http://www.wikidata.org/entity/Q22698,"('39.6775', '-104.95305555556')"
1290,,39.758333333333,-105.0375,Osceola And 29th Park,,D,blue,,,park,,http://www.wikidata.org/entity/Q49536294,,,Point(-105.0375 39.758333333),4.976,1.0,http://www.wikidata.org/entity/Q22698,"('39.758333333333', '-105.0375')"
1291,,39.690277777778,-104.99611111111,Overland Lake Park,,D,blue,,,park,,http://www.wikidata.org/entity/Q49536600,,,Point(-104.996111111 39.690277777),5.528,1.0,http://www.wikidata.org/entity/Q22698,"('39.690277777778', '-104.99611111111')"
1292,,39.656666666667,-104.96666666667,Packy Romans Park,,D,blue,,,park,,http://www.wikidata.org/entity/Q49536931,,,Point(-104.966666666 39.656666666),9.312,1.0,http://www.wikidata.org/entity/Q22698,"('39.656666666667', '-104.96666666667')"
1293,,39.764722222222,-105.05916666667,Panorama Park,,D,blue,,,park,,http://www.wikidata.org/entity/Q49537415,,,Point(-105.059166666 39.764722222),6.955,1.0,http://www.wikidata.org/entity/Q22698,"('39.764722222222', '-105.05916666667')"
1294,,39.7575,-105.11083333333,Paramount Park,,D,blue,,,park,,http://www.wikidata.org/entity/Q49537579,,,Point(-105.110833333 39.7575),10.959,1.0,http://www.wikidata.org/entity/Q22698,"('39.7575', '-105.11083333333')"
1295,,39.760277777778,-104.8375,Park Lane Park,,D,blue,,,park,,http://www.wikidata.org/entity/Q49539331,,,Point(-104.8375 39.760277777),12.813,1.0,http://www.wikidata.org/entity/Q22698,"('39.760277777778', '-104.8375')"
1296,,39.780833333333,-105.00722222222,Pecos And 46th Park,,D,blue,,,park,,http://www.wikidata.org/entity/Q49540845,,,Point(-105.007222222 39.780833333),5.004,1.0,http://www.wikidata.org/entity/Q22698,"('39.780833333333', '-105.00722222222')"
1297,,39.870277777778,-105.00388888889,Pecos Park,,D,blue,,,park,,http://www.wikidata.org/entity/Q49540856,,,Point(-105.003888888 39.870277777),14.661,1.0,http://www.wikidata.org/entity/Q22698,"('39.870277777778', '-105.00388888889')"
1298,,39.691111111111,-104.84333333333,Peoria Hills Park,,D,blue,,,park,,http://www.wikidata.org/entity/Q49541281,,,Point(-104.843333333 39.691111111),13.235,1.0,http://www.wikidata.org/entity/Q22698,"('39.691111111111', '-104.84333333333')"
1299,,39.701388888889,-105.14638888889,Peterson Park,,D,blue,,,park,,http://www.wikidata.org/entity/Q49541792,,,Point(-105.146388888 39.701388888),14.441,1.0,http://www.wikidata.org/entity/Q22698,"('39.701388888889', '-105.14638888889')"
1300,,39.763611111111,-105.04972222222,Pferdsteller Park,,D,blue,,,park,,http://www.wikidata.org/entity/Q49541952,,,Point(-105.049722222 39.763611111),6.172,1.0,http://www.wikidata.org/entity/Q22698,"('39.763611111111', '-105.04972222222')"
1301,,39.646666666667,-105.05583333333,Pinecrest Park,,D,blue,,,park,,http://www.wikidata.org/entity/Q49542935,,,Point(-105.055833333 39.646666666),11.95,1.0,http://www.wikidata.org/entity/Q22698,"('39.646666666667', '-105.05583333333')"
1302,,39.740277777778,-104.98777777778,Pioneer Monument Fountain,,D,blue,,,park,,http://www.wikidata.org/entity/Q49543236,,,Point(-104.987777777 39.740277777),0.275,1.0,http://www.wikidata.org/entity/Q22698,"('39.740277777778', '-104.98777777778')"
1303,,39.688333333333,-104.98361111111,Platte Park,,D,blue,,,park,,http://www.wikidata.org/entity/Q49543809,,,Point(-104.983611111 39.688333333),5.661,1.0,http://www.wikidata.org/entity/Q22698,"('39.688333333333', '-104.98361111111')"
1304,,39.765555555556,-105.02055555556,Potter Highlands Historic District,,D,blue,,,historic district,,http://www.wikidata.org/entity/Q49545450,,,Point(-105.020555555 39.765555555),4.228,1.0,http://www.wikidata.org/entity/Q15243209,"('39.765555555556', '-105.02055555556')"
1305,,39.616111111111,-104.99583333333,Powers Park,,D,blue,,,park,,http://www.wikidata.org/entity/Q49545657,,,Point(-104.995833333 39.616111111),13.722,1.0,http://www.wikidata.org/entity/Q22698,"('39.616111111111', '-104.99583333333')"
1306,,39.622222222222,-104.99777777778,Progress Park,,D,blue,,,park,,http://www.wikidata.org/entity/Q49546292,,,Point(-104.997777777 39.622222222),13.058,1.0,http://www.wikidata.org/entity/Q22698,"('39.622222222222', '-104.99777777778')"
1307,,39.713055555556,-104.94805555556,Pulaski Park,,D,blue,,,park,,http://www.wikidata.org/entity/Q49546748,,,Point(-104.948055555 39.713055555),4.287,1.0,http://www.wikidata.org/entity/Q22698,"('39.713055555556', '-104.94805555556')"
1308,,39.731111111111,-104.98,Quality Hill Historic District,,D,blue,,,historic district,,http://www.wikidata.org/entity/Q49547132,,,Point(-104.98 39.731111111),0.995,1.0,http://www.wikidata.org/entity/Q15243209,"('39.731111111111', '-104.98')"
1309,,39.845277777778,-105.08472222222,Rainbow III Park,,D,blue,,,park,,http://www.wikidata.org/entity/Q49547663,,,Point(-105.084722222 39.845277777),14.554,1.0,http://www.wikidata.org/entity/Q22698,"('39.845277777778', '-105.08472222222')"
1310,,39.845833333333,-105.08972222222,Rainbow II Park,,D,blue,,,park,,http://www.wikidata.org/entity/Q49547661,,,Point(-105.089722222 39.845833333),14.857,1.0,http://www.wikidata.org/entity/Q22698,"('39.845833333333', '-105.08972222222')"
1311,,39.797777777778,-105.13277777778,Rainbow Ridge Park,,D,blue,,,park,,http://www.wikidata.org/entity/Q49547713,,,Point(-105.132777777 39.797777777),14.219,1.0,http://www.wikidata.org/entity/Q22698,"('39.797777777778', '-105.13277777778')"
1312,,39.805277777778,-105.10416666667,Ralston Cove Park,,D,blue,,,park,,http://www.wikidata.org/entity/Q49547816,,,Point(-105.104166666 39.805277777),12.565,1.0,http://www.wikidata.org/entity/Q22698,"('39.805277777778', '-105.10416666667')"
1313,,39.774166666667,-105.06111111111,Randall Park,,D,blue,,,park,,http://www.wikidata.org/entity/Q49548049,,,Point(-105.061111111 39.774166666),7.587,1.0,http://www.wikidata.org/entity/Q22698,"('39.774166666667', '-105.06111111111')"
1314,,39.683055555556,-105.14027777778,Ravines Open Space,,D,blue,,,park,,http://www.wikidata.org/entity/Q49548330,,,Point(-105.140277777 39.683055555),14.688,1.0,http://www.wikidata.org/entity/Q22698,"('39.683055555556', '-105.14027777778')"
1315,,39.756388888889,-105.05583333333,Richards Mansion / Hart Estate,,D,blue,,,house,,http://www.wikidata.org/entity/Q49549858,,,Point(-105.055833333 39.756388888),6.36,1.0,http://www.wikidata.org/entity/Q3947,"('39.756388888889', '-105.05583333333')"
1316,,39.733888888889,-104.90777777778,Richthofen Fountain,,D,blue,,,park,,http://www.wikidata.org/entity/Q49550043,,,Point(-104.907777777 39.733888888),6.618,1.0,http://www.wikidata.org/entity/Q22698,"('39.733888888889', '-104.90777777778')"
1317,,39.760833333333,-105.00111111111,River Front Park,,D,blue,,,park,,http://www.wikidata.org/entity/Q49550669,,,Point(-105.001111111 39.760833333),2.774,1.0,http://www.wikidata.org/entity/Q22698,"('39.760833333333', '-105.00111111111')"
1318,,39.720277777778,-104.92694444444,Robinson Park,,D,blue,,,park,,http://www.wikidata.org/entity/Q49552251,,,Point(-104.926944444 39.720277777),5.383,1.0,http://www.wikidata.org/entity/Q22698,"('39.720277777778', '-104.92694444444')"
1319,,39.780833333333,-105.03055555556,Rocky Mountain Park,,D,blue,,,park,,http://www.wikidata.org/entity/Q49552883,,,Point(-105.030555555 39.780833333),6.054,1.0,http://www.wikidata.org/entity/Q22698,"('39.780833333333', '-105.03055555556')"
1320,,39.681944444444,-104.98444444444,Rosedale Park,,D,blue,,,park,,http://www.wikidata.org/entity/Q49553758,,,Point(-104.984444444 39.681944444),6.37,1.0,http://www.wikidata.org/entity/Q22698,"('39.681944444444', '-104.98444444444')"
1321,,39.840277777778,-104.965,Rotella Park,,D,blue,,,park,,http://www.wikidata.org/entity/Q49554312,,,Point(-104.965 39.840277777),11.362,1.0,http://www.wikidata.org/entity/Q22698,"('39.840277777778', '-104.965')"
1322,,39.636111111111,-104.99777777778,Rotolo Park,,D,blue,,,park,,http://www.wikidata.org/entity/Q49554341,,,Point(-104.997777777 39.636111111),11.52,1.0,http://www.wikidata.org/entity/Q22698,"('39.636111111111', '-104.99777777778')"
1323,,39.686388888889,-105.00388888889,Ruby Hill Park,,D,blue,,,park,,http://www.wikidata.org/entity/Q49554688,,,Point(-105.003888888 39.686388888),6.097,1.0,http://www.wikidata.org/entity/Q22698,"('39.686388888889', '-105.00388888889')"
1324,,39.736666666667,-105.02388888889,Rude Park,,D,blue,,,park,,http://www.wikidata.org/entity/Q49554717,,,Point(-105.023888888 39.736666666),3.349,1.0,http://www.wikidata.org/entity/Q22698,"('39.736666666667', '-105.02388888889')"
1325,,39.7675,-104.96166666667,Russell Square Park,,D,blue,,,park,,http://www.wikidata.org/entity/Q49555007,,,Point(-104.961666666 39.7675),3.716,1.0,http://www.wikidata.org/entity/Q22698,"('39.7675', '-104.96166666667')"
1326,,39.769722222222,-104.97083333333,Saint Charles Place Park,,D,blue,,,park,,http://www.wikidata.org/entity/Q49555586,,,Point(-104.970833333 39.769722222),3.596,1.0,http://www.wikidata.org/entity/Q22698,"('39.769722222222', '-104.97083333333')"
1327,,39.751944444444,-104.97583333333,San Rafael Historic District,,D,blue,,,historic district,,http://www.wikidata.org/entity/Q49557090,,,Point(-104.975833333 39.751944444),1.61,1.0,http://www.wikidata.org/entity/Q15243209,"('39.751944444444', '-104.97583333333')"
1328,,39.736666666667,-105.03083333333,Sanchez Park,,D,blue,,,park,,http://www.wikidata.org/entity/Q49557170,,,Point(-105.030833333 39.736666666),3.941,1.0,http://www.wikidata.org/entity/Q22698,"('39.736666666667', '-105.03083333333')"
1329,,39.69,-105.10166666667,Sanctuary Park,,D,blue,,,park,,http://www.wikidata.org/entity/Q49557173,,,Point(-105.101666666 39.69),11.392,1.0,http://www.wikidata.org/entity/Q22698,"('39.69', '-105.10166666667')"
1330,,39.756111111111,-104.83805555556,Sand Creek Park,,D,blue,,,park,,http://www.wikidata.org/entity/Q49557201,,,Point(-104.838055555 39.756111111),12.69,1.0,http://www.wikidata.org/entity/Q22698,"('39.756111111111', '-104.83805555556')"
1331,,39.684722222222,-105.03972222222,Sanderson Gulch Park,,D,blue,,,park,,http://www.wikidata.org/entity/Q49557338,,,Point(-105.039722222 39.684722222),7.665,1.0,http://www.wikidata.org/entity/Q22698,"('39.684722222222', '-105.03972222222')"
1332,,39.769166666667,-104.95611111111,Schafer Park,,D,blue,,,park,,http://www.wikidata.org/entity/Q49558329,,,Point(-104.956111111 39.769166666),4.137,1.0,http://www.wikidata.org/entity/Q22698,"('39.769166666667', '-104.95611111111')"
1333,,39.660555555556,-105.08472222222,Schnell Farm,,D,blue,,,park,,http://www.wikidata.org/entity/Q49558528,,,Point(-105.084722222 39.660555555),12.228,1.0,http://www.wikidata.org/entity/Q22698,"('39.660555555556', '-105.08472222222')"
1334,,39.815555555556,-105.07333333333,Secrest Park,,D,blue,,,park,,http://www.wikidata.org/entity/Q49559364,,,Point(-105.073333333 39.815555555),11.365,1.0,http://www.wikidata.org/entity/Q22698,"('39.815555555556', '-105.07333333333')"
1335,,39.734166666667,-104.98388888889,Sheedy Mansion,,D,blue,,,park,,http://www.wikidata.org/entity/Q49560658,,,Point(-104.983888888 39.734166666),0.57,1.0,http://www.wikidata.org/entity/Q22698,"('39.734166666667', '-104.98388888889')"
1336,,39.670555555556,-104.98472222222,Sherman And Vassar Park,,D,blue,,,park,,http://www.wikidata.org/entity/Q49561014,,,Point(-104.984722222 39.670555555),7.637,1.0,http://www.wikidata.org/entity/Q22698,"('39.670555555556', '-104.98472222222')"
1337,,39.732777777778,-104.98472222222,Sherman Street Historic District,,D,blue,,,historic district,,http://www.wikidata.org/entity/Q49561102,,,Point(-104.984722222 39.732777777),0.718,1.0,http://www.wikidata.org/entity/Q15243209,"('39.732777777778', '-104.98472222222')"
1338,,39.765,-104.92111111111,Skyland Park,,D,blue,,,park,,http://www.wikidata.org/entity/Q49562271,,,Point(-104.921111111 39.765),6.157,1.0,http://www.wikidata.org/entity/Q22698,"('39.765', '-104.92111111111')"
1339,,39.748611111111,-104.99527777778,Skyline Park,,D,blue,,,park,,http://www.wikidata.org/entity/Q49562285,,,Point(-104.995277777 39.748611111),1.371,1.0,http://www.wikidata.org/entity/Q22698,"('39.748611111111', '-104.99527777778')"
1340,,39.828333333333,-105.01666666667,Skyline Vista Park,,D,blue,,,park,,http://www.wikidata.org/entity/Q49562314,,,Point(-105.016666666 39.828333333),10.273,1.0,http://www.wikidata.org/entity/Q22698,"('39.828333333333', '-105.01666666667')"
1341,,39.753333333333,-105.04833333333,Sloans Lake Park,,D,blue,,,park,,http://www.wikidata.org/entity/Q49562416,,,Point(-105.048333333 39.753333333),5.648,1.0,http://www.wikidata.org/entity/Q22698,"('39.753333333333', '-105.04833333333')"
1342,,39.706388888889,-105.12777777778,South Simms Park,,D,blue,,,park,,http://www.wikidata.org/entity/Q49563758,,,Point(-105.127777777 39.706388888),12.756,1.0,http://www.wikidata.org/entity/Q22698,"('39.706388888889', '-105.12777777778')"
1343,,39.718333333333,-104.97583333333,South Side-Baker Historic District,,D,blue,,,historic district,,http://www.wikidata.org/entity/Q49563756,,,Point(-104.975833333 39.718333333),2.449,1.0,http://www.wikidata.org/entity/Q15243209,"('39.718333333333', '-104.97583333333')"
1344,,39.651388888889,-104.90722222222,Southmoor Park,,D,blue,,,park,,http://www.wikidata.org/entity/Q49563973,,,Point(-104.907222222 39.651388888),11.812,1.0,http://www.wikidata.org/entity/Q22698,"('39.651388888889', '-104.90722222222')"
1345,,39.742777777778,-104.86027777778,Spencer Garrett Park,,D,blue,,,park,,http://www.wikidata.org/entity/Q49564330,,,Point(-104.860277777 39.742777777),10.659,1.0,http://www.wikidata.org/entity/Q22698,"('39.742777777778', '-104.86027777778')"
1346,,39.610277777778,-105.01138888889,Sterne Park,,D,blue,,,park,,http://www.wikidata.org/entity/Q49566228,,,Point(-105.011388888 39.610277777),14.517,1.0,http://www.wikidata.org/entity/Q22698,"('39.610277777778', '-105.01138888889')"
1347,,39.758888888889,-105.06972222222,Stites Park,,D,blue,,,park,,http://www.wikidata.org/entity/Q49566470,,,Point(-105.069722222 39.758888888),7.577,1.0,http://www.wikidata.org/entity/Q22698,"('39.758888888889', '-105.06972222222')"
1348,,39.757222222222,-105.0125,Stonemen's Row Historic District,,D,blue,,,historic district,,http://www.wikidata.org/entity/Q49566652,,,Point(-105.0125 39.757222222),3.095,1.0,http://www.wikidata.org/entity/Q15243209,"('39.757222222222', '-105.0125')"
1349,,39.730555555556,-104.9925,Sunken Gardens Park,,D,blue,,,park,,http://www.wikidata.org/entity/Q49567481,,,Point(-104.9925 39.730555555),1.165,1.0,http://www.wikidata.org/entity/Q22698,"('39.730555555556', '-104.9925')"
1350,,39.819722222222,-105.06611111111,Sunrise Park,,D,blue,,,park,,http://www.wikidata.org/entity/Q49567709,,,Point(-105.066111111 39.819722222),11.327,1.0,http://www.wikidata.org/entity/Q22698,"('39.819722222222', '-105.06611111111')"
1351,,39.84,-105.04722222222,Sunset Park,,D,blue,,,park,,http://www.wikidata.org/entity/Q49567858,,,Point(-105.047222222 39.84),12.406,1.0,http://www.wikidata.org/entity/Q22698,"('39.84', '-105.04722222222')"
1352,,39.733888888889,-105.11611111111,Sunset Park,,D,blue,,,park,,http://www.wikidata.org/entity/Q49567862,,,Point(-105.116111111 39.733888888),11.238,1.0,http://www.wikidata.org/entity/Q22698,"('39.733888888889', '-105.11611111111')"
1353,,39.699722222222,-105.11527777778,Sutherland Shire Park,,D,blue,,,park,,http://www.wikidata.org/entity/Q49568194,,,Point(-105.115277777 39.699722222),11.988,1.0,http://www.wikidata.org/entity/Q22698,"('39.699722222222', '-105.11527777778')"
1354,,39.741666666667,-104.97555555556,Swallow Hill Historic District,,D,blue,,,historic district,,http://www.wikidata.org/entity/Q49568259,,,Point(-104.975555555 39.741666666),0.84,1.0,http://www.wikidata.org/entity/Q15243209,"('39.741666666667', '-104.97555555556')"
1355,,39.785833333333,-104.95555555556,Swansea Park,,D,blue,,,park,,http://www.wikidata.org/entity/Q49568329,,,Point(-104.955555555 39.785833333),5.755,1.0,http://www.wikidata.org/entity/Q22698,"('39.785833333333', '-104.95555555556')"
1356,,39.746666666667,-105.15444444444,Tanglewood Sports Park,,D,blue,,,park,,http://www.wikidata.org/entity/Q49569110,,,Point(-105.154444444 39.746666666),14.522,1.0,http://www.wikidata.org/entity/Q22698,"('39.746666666667', '-105.15444444444')"
1357,,39.809444444444,-105.0475,Tennyson Knolls Park,,D,blue,,,park,,http://www.wikidata.org/entity/Q49569600,,,Point(-105.0475 39.809444444),9.465,1.0,http://www.wikidata.org/entity/Q22698,"('39.809444444444', '-105.0475')"
1358,,39.773611111111,-105.04472222222,Tennyson Park,,D,blue,,,park,,http://www.wikidata.org/entity/Q49569604,,,Point(-105.044722222 39.773611111),6.387,1.0,http://www.wikidata.org/entity/Q22698,"('39.773611111111', '-105.04472222222')"
1359,,39.793888888889,-105.09444444444,Terrace Park,,D,blue,,,park,,http://www.wikidata.org/entity/Q49569674,,,Point(-105.094444444 39.793888888),11.164,1.0,http://www.wikidata.org/entity/Q22698,"('39.793888888889', '-105.09444444444')"
1360,,39.744166666667,-104.9875,The Brown Palace Hotel and Spa,,D,blue,,,park,,http://www.wikidata.org/entity/Q49569804,,,Point(-104.9875 39.744166666),0.593,1.0,http://www.wikidata.org/entity/Q22698,"('39.744166666667', '-104.9875')"
1361,,39.642222222222,-104.93972222222,Three Pond Park,,D,blue,,,park,,http://www.wikidata.org/entity/Q49570533,,,Point(-104.939722222 39.642222222),11.458,1.0,http://www.wikidata.org/entity/Q22698,"('39.642222222222', '-104.93972222222')"
1362,,39.826666666667,-105.08055555556,Thundercloud Park,,D,blue,,,park,,http://www.wikidata.org/entity/Q49570605,,,Point(-105.080555555 39.826666666),12.703,1.0,http://www.wikidata.org/entity/Q22698,"('39.826666666667', '-105.08055555556')"
1363,,39.745277777778,-105.00583333333,Tivoli Brewery Company,,D,blue,,,park,,http://www.wikidata.org/entity/Q49570921,,,Point(-105.005833333 39.745277777),1.915,1.0,http://www.wikidata.org/entity/Q22698,"('39.745277777778', '-105.00583333333')"
1364,,39.789444444444,-105.10194444444,Tomlinson Park,,D,blue,,,park,,http://www.wikidata.org/entity/Q49571155,,,Point(-105.101944444 39.789444444),11.459,1.0,http://www.wikidata.org/entity/Q22698,"('39.789444444444', '-105.10194444444')"
1365,,39.723333333333,-105.14277777778,Union Ridge Park,,D,blue,,,park,,http://www.wikidata.org/entity/Q49573206,,,Point(-105.142777777 39.723333333),13.619,1.0,http://www.wikidata.org/entity/Q22698,"('39.723333333333', '-105.14277777778')"
1366,,39.716111111111,-105.13916666667,Union Square Park,,D,blue,,,park,,http://www.wikidata.org/entity/Q49573228,,,Point(-105.139166666 39.716111111),13.444,1.0,http://www.wikidata.org/entity/Q22698,"('39.716111111111', '-105.13916666667')"
1367,,39.741666666667,-104.9875,United Nations Park,,D,blue,,,park,,http://www.wikidata.org/entity/Q49573273,,,Point(-104.9875 39.741666666),0.352,1.0,http://www.wikidata.org/entity/Q22698,"('39.741666666667', '-104.9875')"
1368,,39.684166666667,-104.84388888889,Utah Park,,D,blue,,,park,,http://www.wikidata.org/entity/Q49573662,,,Point(-104.843888888 39.684166666),13.524,1.0,http://www.wikidata.org/entity/Q22698,"('39.684166666667', '-104.84388888889')"
1369,,39.611388888889,-105.03944444444,Valley Vista Park,,D,blue,,,park,,http://www.wikidata.org/entity/Q49573994,,,Point(-105.039444444 39.611388888),14.963,1.0,http://www.wikidata.org/entity/Q22698,"('39.611388888889', '-105.03944444444')"
1370,,39.713611111111,-105.00277777778,Valverde Park,,D,blue,,,park,,http://www.wikidata.org/entity/Q49574029,,,Point(-105.002777777 39.713611111),3.235,1.0,http://www.wikidata.org/entity/Q22698,"('39.713611111111', '-105.00277777778')"
1371,,39.700277777778,-104.99527777778,Vanderbilt Park,,D,blue,,,park,,http://www.wikidata.org/entity/Q49574170,,,Point(-104.995277777 39.700277777),4.422,1.0,http://www.wikidata.org/entity/Q22698,"('39.700277777778', '-104.99527777778')"
1372,,39.734166666667,-104.89138888889,Verbena Park,,D,blue,,,park,,http://www.wikidata.org/entity/Q49574324,,,Point(-104.891388888 39.734166666),8.012,1.0,http://www.wikidata.org/entity/Q22698,"('39.734166666667', '-104.89138888889')"
1373,,39.691944444444,-104.85333333333,Village East Park,,D,blue,,,park,,http://www.wikidata.org/entity/Q49575393,,,Point(-104.853333333 39.691944444),12.418,1.0,http://www.wikidata.org/entity/Q22698,"('39.691944444444', '-104.85333333333')"
1374,,39.777777777778,-104.83277777778,Village Place Park,,D,blue,,,park,,http://www.wikidata.org/entity/Q49575518,,,Point(-104.832777777 39.777777777),13.688,1.0,http://www.wikidata.org/entity/Q22698,"('39.777777777778', '-104.83277777778')"
1375,,39.687222222222,-104.96472222222,Vine And Iowa Park,,D,blue,,,park,,http://www.wikidata.org/entity/Q49575565,,,Point(-104.964722222 39.687222222),6.035,1.0,http://www.wikidata.org/entity/Q22698,"('39.687222222222', '-104.96472222222')"
1376,,39.706111111111,-104.84,Virginia Court Park,,D,blue,,,park,,http://www.wikidata.org/entity/Q49575670,,,Point(-104.84 39.706111111),12.925,1.0,http://www.wikidata.org/entity/Q22698,"('39.706111111111', '-104.84')"
1377,,39.743888888889,-105.06166666667,Walker Branch Park,,D,blue,,,park,,http://www.wikidata.org/entity/Q49576340,,,Point(-105.061666666 39.743888888),6.587,1.0,http://www.wikidata.org/entity/Q22698,"('39.743888888889', '-105.06166666667')"
1378,,39.628333333333,-104.89027777778,Wallace Park,,D,blue,,,park,,http://www.wikidata.org/entity/Q49576414,,,Point(-104.890277777 39.628333333),14.75,1.0,http://www.wikidata.org/entity/Q22698,"('39.628333333333', '-104.89027777778')"
1379,,39.719722222222,-105.0675,Washington Heights Park,,D,blue,,,park,,http://www.wikidata.org/entity/Q49577010,,,Point(-105.0675 39.719722222),7.392,1.0,http://www.wikidata.org/entity/Q22698,"('39.719722222222', '-105.0675')"
1380,,39.713333333333,-105.04833333333,Weir Gulch Park,,D,blue,,,park,,http://www.wikidata.org/entity/Q49578132,,,Point(-105.048333333 39.713333333),6.145,1.0,http://www.wikidata.org/entity/Q22698,"('39.713333333333', '-105.04833333333')"
1381,,39.730555555556,-105.14166666667,Welchester Tree Grant Park,,D,blue,,,park,,http://www.wikidata.org/entity/Q49578177,,,Point(-105.141666666 39.730555555),13.442,1.0,http://www.wikidata.org/entity/Q22698,"('39.730555555556', '-105.14166666667')"
1382,,39.714166666667,-105.01277777778,West-Bar-Val Wood Park,,D,blue,,,park,,http://www.wikidata.org/entity/Q49579163,,,Point(-105.012777777 39.714166666),3.67,1.0,http://www.wikidata.org/entity/Q22698,"('39.714166666667', '-105.01277777778')"
1383,,39.668333333333,-105.09194444444,Westgate Park,,D,blue,,,park,,http://www.wikidata.org/entity/Q49579328,,,Point(-105.091944444 39.668333333),12.086,1.0,http://www.wikidata.org/entity/Q22698,"('39.668333333333', '-105.09194444444')"
1384,,39.701388888889,-105.05,Westwood Park,,D,blue,,,park,,http://www.wikidata.org/entity/Q49579606,,,Point(-105.05 39.701388888),6.982,1.0,http://www.wikidata.org/entity/Q22698,"('39.701388888889', '-105.05')"
1385,,39.703888888889,-104.83138888889,Wheeling Park,,D,blue,,,park,,http://www.wikidata.org/entity/Q49579790,,,Point(-104.831388888 39.703888888),13.701,1.0,http://www.wikidata.org/entity/Q22698,"('39.703888888889', '-104.83138888889')"
1386,,39.741944444444,-104.98194444444,William G Fisher House / International House,,D,blue,,,single-family detached home,,http://www.wikidata.org/entity/Q49580996,,,Point(-104.981944444 39.741944444),0.391,1.0,http://www.wikidata.org/entity/Q1307276,"('39.741944444444', '-104.98194444444')"
1388,,39.836388888889,-105.04777777778,Wolff Run Park,,D,blue,,,park,,http://www.wikidata.org/entity/Q49582475,,,Point(-105.047777777 39.836388888),12.066,1.0,http://www.wikidata.org/entity/Q22698,"('39.836388888889', '-105.04777777778')"
1389,,39.6375,-105.04777777778,Wolff And Quincy Park,,D,blue,,,park,,http://www.wikidata.org/entity/Q49582473,,,Point(-105.047777777 39.6375),12.528,1.0,http://www.wikidata.org/entity/Q22698,"('39.6375', '-105.04777777778')"
1390,,39.624722222222,-104.9625,Woody Hollow Park,,D,blue,,,park,,http://www.wikidata.org/entity/Q49583092,,,Point(-104.9625 39.624722222),12.876,1.0,http://www.wikidata.org/entity/Q22698,"('39.624722222222', '-104.9625')"
1391,,39.721666666667,-105.13833333333,Wright Park,,D,blue,,,park,,http://www.wikidata.org/entity/Q49583247,,,Point(-105.138333333 39.721666666),13.268,1.0,http://www.wikidata.org/entity/Q22698,"('39.721666666667', '-105.13833333333')"
1392,,39.79,-105.01472222222,Zuni And 51st Park,,D,blue,,,park,,http://www.wikidata.org/entity/Q49584096,,,Point(-105.014722222 39.79),6.195,1.0,http://www.wikidata.org/entity/Q22698,"('39.79', '-105.01472222222')"
1393,,39.843333333333,-105.06666666667,Lake Arbor,,D,blue,,,reservoir,,http://www.wikidata.org/entity/Q49701379,,,Point(-105.066666666 39.843333333),13.521,1.0,http://www.wikidata.org/entity/Q131681,"('39.843333333333', '-105.06666666667')"
1394,,39.614722222222,-105.05,Upper Tule Lake,,D,blue,,,reservoir,,http://www.wikidata.org/entity/Q49703049,,,Point(-105.05 39.614722222),14.925,1.0,http://www.wikidata.org/entity/Q131681,"('39.614722222222', '-105.05')"
1395,,39.723055555556,-105.11111111111,Denver Federal Center Helistop,,D,blue,,,airport,,http://www.wikidata.org/entity/Q49745907,,,Point(-105.111111111 39.723055555),10.945,1.0,http://www.wikidata.org/entity/Q1248784,"('39.723055555556', '-105.11111111111')"
1396,,39.720833333333,-104.98305555556,Kusa Helistop,,D,blue,,,airport,,http://www.wikidata.org/entity/Q49747312,,,Point(-104.983055555 39.720833333),2.052,1.0,http://www.wikidata.org/entity/Q1248784,"('39.720833333333', '-104.98305555556')"
1397,,39.733888888889,-105.03777777778,Dry Gulch,,D,blue,,,valley,,http://www.wikidata.org/entity/Q49797982,,,Point(-105.037777777 39.733888888),4.563,1.0,http://www.wikidata.org/entity/Q39816,"('39.733888888889', '-105.03777777778')"
1398,,39.685555555556,-104.91194444444,Goldsmith Gulch,,D,blue,,,valley,,http://www.wikidata.org/entity/Q49805372,,,Point(-104.911944444 39.685555555),8.633,1.0,http://www.wikidata.org/entity/Q39816,"('39.685555555556', '-104.91194444444')"
1399,,39.672222222222,-104.98388888889,Harvard Gulch,,D,blue,,,valley,,http://www.wikidata.org/entity/Q49809461,,,Point(-104.983888888 39.672222222),7.452,1.0,http://www.wikidata.org/entity/Q39816,"('39.672222222222', '-104.98388888889')"
1400,,39.77388,-105.10729,Lena Gulch,,D,blue,,,valley,,http://www.wikidata.org/entity/Q49930423,,,Point(-105.10729 39.77388),11.151,1.0,http://www.wikidata.org/entity/Q39816,"('39.77388', '-105.10729')"
1401,,39.821111111111,-105.12277777778,Leyden Creek,,D,blue,,,stream,,http://www.wikidata.org/entity/Q49931856,,,Point(-105.122777777 39.821111111),14.892,1.0,http://www.wikidata.org/entity/Q47521,"('39.821111111111', '-105.12277777778')"
1402,,39.810833333333,-105.01166666667,Little Dry Creek,,D,blue,,,stream,,http://www.wikidata.org/entity/Q49939661,,,Point(-105.011666666 39.810833333),8.284,1.0,http://www.wikidata.org/entity/Q47521,"('39.810833333333', '-105.01166666667')"
1403,,39.662222222222,-105.11222222222,Weaver Creek,,D,blue,,,stream,,http://www.wikidata.org/entity/Q49944849,,,Point(-105.112222222 39.662222222),13.858,1.0,http://www.wikidata.org/entity/Q47521,"('39.662222222222', '-105.11222222222')"
1406,,39.75916667,-105.015,Romeo Block,,D,blue,,,commercial building,,http://www.wikidata.org/entity/Q55075294,,https://en.wikipedia.org/wiki/Romeo_Block,Point(-105.015 39.75916667),3.398,1.0,http://www.wikidata.org/entity/Q655686,"('39.75916667', '-105.015')"
1408,,39.7328,-104.9119,Monaco Street Parkway,,D,blue,,,parkway,,http://www.wikidata.org/entity/Q55075512,,https://en.wikipedia.org/wiki/Monaco_Street_Parkway,Point(-104.9119 39.7328),6.279,1.0,http://www.wikidata.org/entity/Q130954,"('39.7328', '-104.9119')"
1410,,39.7425,-104.97277778,Caroline Bancroft House,,D,blue,,,single-family detached home,,http://www.wikidata.org/entity/Q55606687,,https://en.wikipedia.org/wiki/Caroline_Bancroft_House,Point(-104.97277778 39.7425),1.095,1.0,http://www.wikidata.org/entity/Q1307276,"('39.7425', '-104.97277778')"
1411,,39.736375,-104.97615833,Eppich Apartments,,D,blue,,,apartment building,,http://www.wikidata.org/entity/Q55610972,,https://en.wikipedia.org/wiki/Eppich_Apartments,Point(-104.97615833 39.736375),0.809,1.0,http://www.wikidata.org/entity/Q13402009,"('39.736375', '-104.97615833')"
1412,,39.74222222,-104.97527778,Flower-Vaile House,,D,blue,,,house,,http://www.wikidata.org/entity/Q55611812,,https://en.wikipedia.org/wiki/Flower-Vaile_House,Point(-104.97527778 39.74222222),0.884,1.0,http://www.wikidata.org/entity/Q3947,"('39.74222222', '-104.97527778')"
1413,,39.72172778,-104.935975,Nordlund House,,D,blue,,,single-family detached home,,http://www.wikidata.org/entity/Q55625395,,https://en.wikipedia.org/wiki/Nordlund_House,Point(-104.935975 39.72172778),4.611,1.0,http://www.wikidata.org/entity/Q1307276,"('39.72172778', '-104.935975')"
1414,,39.73722222,-104.95972222,Owen E. LeFevre House,,D,blue,,,house,,http://www.wikidata.org/entity/Q55628199,,https://en.wikipedia.org/wiki/Owen_E._LeFevre_House,Point(-104.95972222 39.73722222),2.161,1.0,http://www.wikidata.org/entity/Q3947,"('39.73722222', '-104.95972222')"
1415,,39.725277777778,-104.98638888889,Leeman Auto Company Building,,D,blue,,,commercial building,,http://www.wikidata.org/entity/Q55888298,,https://en.wikipedia.org/wiki/Leeman_Auto_Company_Building,Point(-104.986388888 39.725277777),1.558,1.0,http://www.wikidata.org/entity/Q655686,"('39.725277777778', '-104.98638888889')"
1416,,39.824157,-105.040688,Disappearances of Lorenzo Chivers and Paul and Sarah Skiba,,D,blue,,,unexplained disappearance,,http://www.wikidata.org/entity/Q56731556,,https://en.wikipedia.org/wiki/Disappearances_of_Paul_and_Sarah_Skiba_and_Lorenzo_Chivers,Point(-105.040688 39.824157),10.579,1.0,http://www.wikidata.org/entity/Q7884274,"('39.824157', '-105.040688')"
1417,,39.747861111111,-104.99111111111,Ghost Building,,D,blue,,,architectural structure,,http://www.wikidata.org/entity/Q60742055,,https://en.wikipedia.org/wiki/Ghost_Building,Point(-104.991111111 39.747861111),1.098,1.0,http://www.wikidata.org/entity/Q811979,"('39.747861111111', '-104.99111111111')"
1418,,39.713972222222,-104.93788888889,Shangri-La,,D,blue,,,building,,http://www.wikidata.org/entity/Q60766041,,https://en.wikipedia.org/wiki/Shangri-La_(house),Point(-104.937888888 39.713972222),4.902,1.0,http://www.wikidata.org/entity/Q41176,"('39.713972222222', '-104.93788888889')"
1419,,39.711965,-105.125352,National Geospatial Program,,D,blue,,,United States federal agency,,http://www.wikidata.org/entity/Q68213640,,,Point(-105.125352 39.711965),12.391,1.0,http://www.wikidata.org/entity/Q20857065,"('39.711965', '-105.125352')"
1421,,39.71479,-104.986666,Ross-Broadway Branch,,D,blue,,,library branch,,http://www.wikidata.org/entity/Q69779561,,,Point(-104.986666 39.71479),2.723,1.0,http://www.wikidata.org/entity/Q11396180,"('39.71479', '-104.986666')"
1424,,39.739444444444,-104.98455555556,Armenian Khachkar,,D,blue,,,khachkar,,http://www.wikidata.org/entity/Q85743001,,https://en.wikipedia.org/wiki/Armenian_Khachkar,Point(-104.984555555 39.739444444),0.035,1.0,http://www.wikidata.org/entity/Q654476,"('39.739444444444', '-104.98455555556')"
1426,,39.64066,-104.881046,Arrest of Robert Seacat,,D,blue,,,arrest,,http://www.wikidata.org/entity/Q85743094,,https://en.wikipedia.org/wiki/Arrest_of_Robert_Seacat,Point(-104.881046 39.64066),14.108,1.0,http://www.wikidata.org/entity/Q1403016,"('39.64066', '-104.881046')"
1427,,39.71264,-104.93942,Burns Park Sculpture Garden,,D,blue,,,sculpture garden,,http://www.wikidata.org/entity/Q85749589,,https://en.wikipedia.org/wiki/Burns_Park_Sculpture_Garden,Point(-104.93942 39.71264),4.883,1.0,http://www.wikidata.org/entity/Q1759852,"('39.71264', '-104.93942')"
1428,,39.729444444444,-105.01277777778,Fort Weld,,D,blue,,,fort,,http://www.wikidata.org/entity/Q85761733,,https://en.wikipedia.org/wiki/Fort_Weld,Point(-105.012777777 39.729444444),2.624,1.0,http://www.wikidata.org/entity/Q1785071,"('39.729444444444', '-105.01277777778')"
1429,,39.7414,-104.9985,Indeterminate Line,,D,blue,,,sculpture,,http://www.wikidata.org/entity/Q85769256,,https://en.wikipedia.org/wiki/Indeterminate_Line,Point(-104.9985 39.7414),1.191,1.0,http://www.wikidata.org/entity/Q860861,"('39.7414', '-104.9985')"
1430,,39.7371,-104.9888,Lao Tzu,,D,blue,,,sculpture,,http://www.wikidata.org/entity/Q85775837,,https://en.wikipedia.org/wiki/Lao_Tzu_(sculpture),Point(-104.9888 39.7371),0.412,1.0,http://www.wikidata.org/entity/Q860861,"('39.7371', '-104.9888')"
1431,,39.775902,-104.969521,Mission Ballroom,,D,blue,,,music venue,,http://www.wikidata.org/entity/Q85785906,,https://en.wikipedia.org/wiki/Mission_Ballroom,Point(-104.969521 39.775902),4.283,1.0,http://www.wikidata.org/entity/Q8719053,"('39.775902', '-104.969521')"
1432,,39.733888888889,-104.98388888889,Montgomery Court,,D,blue,,,apartment building,,http://www.wikidata.org/entity/Q85786180,,https://en.wikipedia.org/wiki/Montgomery_Court_(Denver),Point(-104.983888888 39.733888888),0.6,1.0,http://www.wikidata.org/entity/Q13402009,"('39.733888888889', '-104.98388888889')"
1433,,39.749894936463,-104.99535728302,Soft Landing,,D,blue,,,sculpture,,http://www.wikidata.org/entity/Q85801875,,https://en.wikipedia.org/wiki/Soft_Landing_(Snelson),Point(-104.995357283 39.749894936),1.486,1.0,http://www.wikidata.org/entity/Q860861,"('39.749894936463', '-104.99535728302')"
1434,,39.745833333333,-103.04555555556,Statue of Martin Luther King Jr.,,D,blue,,,statue,,http://www.wikidata.org/entity/Q85803338,,https://en.wikipedia.org/wiki/Statue_of_Martin_Luther_King_Jr._(Denver),Point(-104.954541 39.746037),2.7,1.0,http://www.wikidata.org/entity/Q179700,"('39.745833333333', '-103.04555555556')"
1436,,39.737535,-104.986186,Lincoln Street,,D,blue,,,street,,http://www.wikidata.org/entity/Q95953089,,,Point(-104.986186 39.737535),0.22,1.0,http://www.wikidata.org/entity/Q79007,"('39.737535', '-104.986186')"
1437,,39.739444444444,-104.98861111111,Statue of Christopher Columbus,,D,blue,,,statue,,http://www.wikidata.org/entity/Q96406473,,https://en.wikipedia.org/wiki/Statue_of_Christopher_Columbus_(Denver),Point(-104.988611111 39.739444444),0.321,1.0,http://www.wikidata.org/entity/Q179700,"('39.739444444444', '-104.98861111111')"
1438,,39.806111,-105.032222,Brannan Sand and Gravel Pit No. 8-Lake Sangraco Boathouse Complex,,D,blue,,,historic district,,http://www.wikidata.org/entity/Q96417895,,https://en.wikipedia.org/wiki/Brannan_Sand_and_Gravel_Pit_No._8-Lake_Sangraco_Boathouse_Complex,Point(-105.032222 39.806111),8.466,1.0,http://www.wikidata.org/entity/Q15243209,"('39.806111', '-105.032222')"
1439,,39.827778,-105.033333,Harris Park School,,D,blue,,,school building,,http://www.wikidata.org/entity/Q96418531,,https://en.wikipedia.org/wiki/Harris_Park_School,Point(-105.033333 39.827778),10.681,1.0,http://www.wikidata.org/entity/Q1244442,"('39.827778', '-105.033333')"
1440,,39.827778,-105.032222,Union High School,,D,blue,,,school building,,http://www.wikidata.org/entity/Q96419596,,https://en.wikipedia.org/wiki/Union_High_School_(Colorado),Point(-105.032222 39.827778),10.644,1.0,http://www.wikidata.org/entity/Q1244442,"('39.827778', '-105.032222')"
1441,,39.73277778,-104.96583333,Q97205663,,D,blue,,,Wikimedia duplicated page,,http://www.wikidata.org/entity/Q97205663,,,Point(-104.96583333 39.73277778),1.778,1.0,http://www.wikidata.org/entity/Q17362920,"('39.73277778', '-104.96583333')"
1442,,39.669,-104.94,American Board of Obesity Medicine,,D,blue,,,medical association,,http://www.wikidata.org/entity/Q101316904,,https://en.wikipedia.org/wiki/American_Board_of_Obesity_Medicine,Point(-104.94 39.669),8.702,1.0,http://www.wikidata.org/entity/Q10729872,"('39.669', '-104.94')"
1444,,39.754157,-105.0000004,Union Station Pedestrian Bridge,,D,blue,,,footbridge,,http://www.wikidata.org/entity/Q104370482,,,Point(-105.0000004 39.754157),2.104,1.0,http://www.wikidata.org/entity/Q1068842,"('39.754157', '-105.0000004')"
1445,,39.756666666667,-105.00888888889,Amos H. Root Building,,D,blue,,,commercial building,,http://www.wikidata.org/entity/Q107260555,,https://en.wikipedia.org/wiki/Amos_H._Root_Building,Point(-105.008888888 39.756666666),2.824,1.0,http://www.wikidata.org/entity/Q655686,"('39.756666666667', '-105.00888888889')"
1446,,39.741388888889,-105.02805555556,Dickinson Branch Library,,D,blue,,,library building,,http://www.wikidata.org/entity/Q107260913,,https://en.wikipedia.org/wiki/Dickinson_Branch_Library,Point(-105.028055555 39.741388888),3.701,1.0,http://www.wikidata.org/entity/Q856584,"('39.741388888889', '-105.02805555556')"
1447,,39.7383,-105.04316,Bliss House,,D,blue,,,house,,http://www.wikidata.org/entity/Q107283863,,https://en.wikipedia.org/wiki/Bliss_House_(Denver),Point(-105.04316 39.7383),4.986,1.0,http://www.wikidata.org/entity/Q3947,"('39.7383', '-105.04316')"
1448,,39.740833333333,-105.01583333333,Convergence Station,,D,blue,,,immersive art exhibit,,http://www.wikidata.org/entity/Q108139453,,,Point(-105.015833333 39.740833333),2.654,1.0,http://www.wikidata.org/entity/Q63442021,"('39.740833333333', '-105.01583333333')"
1449,,39.7319,-104.9952,West High School,,D,blue,,,secondary school,,http://www.wikidata.org/entity/Q109406915,,"https://en.wikipedia.org/wiki/West_High_School_(Denver,_Colorado)",Point(-104.9952 39.7319),1.203,1.0,http://www.wikidata.org/entity/Q159334,"('39.7319', '-104.9952')"
1451,,39.7253,-104.9943,Denver Center for International Studies at Baker,,D,blue,,,magnet school,,http://www.wikidata.org/entity/Q109849909,,https://en.wikipedia.org/wiki/Denver_Center_for_International_Studies_at_Baker,Point(-104.9943 39.7253),1.747,1.0,http://www.wikidata.org/entity/Q1703577,"('39.7253', '-104.9943')"
1452,,39.74,-105.15888888889,2019 Lakewood semi-truck crash,,D,blue,,,traffic collision,,http://www.wikidata.org/entity/Q110223645,,https://en.wikipedia.org/wiki/2019_Lakewood_semi-truck_crash,Point(-105.158888888 39.74),14.88,1.0,http://www.wikidata.org/entity/Q9687,"('39.74', '-105.15888888889')"
1453,,39.777212247853,-105.0342438,Tocabe,,D,blue,,,restaurant,,http://www.wikidata.org/entity/Q110392524,,,Point(-105.0342438 39.777212247),5.97,1.0,http://www.wikidata.org/entity/Q11707,"('39.777212247853', '-105.0342438')"
1454,,39.760833333333,-105.01722222222,Highland Park Historic District,,D,blue,,,historic district,,http://www.wikidata.org/entity/Q110469264,,https://en.wikipedia.org/wiki/Highland_Park_Historic_District_(Denver),Point(-105.017222222 39.760833333),3.663,1.0,http://www.wikidata.org/entity/Q15243209,"('39.760833333333', '-105.01722222222')"
1455,,39.73971,-104.97054,Altamaha Apartments,,D,blue,,,apartment building,,http://www.wikidata.org/entity/Q112124627,,https://en.wikipedia.org/wiki/Altamaha_Apartments,Point(-104.97054 39.73971),1.226,1.0,http://www.wikidata.org/entity/Q13402009,"('39.73971', '-104.97054')"
1456,,39.7580986,-105.0942001,Crown Hill Cemetery,,D,blue,,,cemetery,,http://www.wikidata.org/entity/Q112762093,,,Point(-105.0942001 39.7580986),9.58,1.0,http://www.wikidata.org/entity/Q39614,"('39.7580986', '-105.0942001')"
1457,,39.74797,-104.99048,18th/Stout,,D,blue,,,tram stop,,http://www.wikidata.org/entity/Q114832889,,,Point(-104.99048 39.74797),1.083,1.0,http://www.wikidata.org/entity/Q2175765,"('39.74797', '-104.99048')"
1460,,39.70298,-104.92739,Four Mile House,,D,blue,,,building,,http://www.wikidata.org/entity/Q115689625,,,Point(-104.92739 39.70298),6.357,1.0,http://www.wikidata.org/entity/Q41176,"('39.70298', '-104.92739')"
1461,,39.67717,-104.94725,Fitzroy Place,,D,blue,,,house,,http://www.wikidata.org/entity/Q115805391,,https://en.wikipedia.org/wiki/Fitzroy_Place_(Colorado),Point(-104.94725 39.67717),7.614,1.0,http://www.wikidata.org/entity/Q3947,"('39.67717', '-104.94725')"
1462,,39.734166666667,-104.98361111111,Sheedy Mansion,,D,blue,,,house,,http://www.wikidata.org/entity/Q117039254,,https://en.wikipedia.org/wiki/Sheedy_Mansion,Point(-104.983611111 39.734166666),0.574,1.0,http://www.wikidata.org/entity/Q3947,"('39.734166666667', '-104.98361111111')"
1463,,39.759166666667,-104.98083333333,John Elsner House,,D,blue,,,house,,http://www.wikidata.org/entity/Q117100740,,https://en.wikipedia.org/wiki/John_Elsner_House,Point(-104.980833333 39.759166666),2.243,1.0,http://www.wikidata.org/entity/Q3947,"('39.759166666667', '-104.98083333333')"
1464,,39.741944444444,-104.97611111111,Bouvier-Lothrop House,,D,blue,,,house,,http://www.wikidata.org/entity/Q117183790,,https://en.wikipedia.org/wiki/Bouvier-Lothrop_House,Point(-104.976111111 39.741944444),0.807,1.0,http://www.wikidata.org/entity/Q3947,"('39.741944444444', '-104.97611111111')"
1465,,39.709922177098,-104.91760968041,Mizel Museum,,D,blue,,,museum,,http://www.wikidata.org/entity/Q117817349,,https://en.wikipedia.org/wiki/Mizel_Museum,Point(-104.91760968 39.709922177),6.611,1.0,http://www.wikidata.org/entity/Q33506,"('39.709922177098', '-104.91760968041')"
1466,,39.7434,-104.9874,Q118287911,,D,blue,,,tower block,,http://www.wikidata.org/entity/Q118287911,,,Point(-104.9874 39.7434),0.511,1.0,http://www.wikidata.org/entity/Q18142,"('39.7434', '-104.9874')"
1467,,39.772833333333,-105.01111111111,The Wolf's Tailor,,D,blue,,,restaurant,,http://www.wikidata.org/entity/Q122898212,,https://en.wikipedia.org/wiki/The_Wolf%27s_Tailor,Point(-105.011111111 39.772833333),4.358,1.0,http://www.wikidata.org/entity/Q11707,"('39.772833333333', '-105.01111111111')"
1468,,39.678333333333,-104.96222222222,South Denver,,D,blue,,,administrative territorial entity,,http://www.wikidata.org/entity/Q122909379,,"https://en.wikipedia.org/wiki/South_Denver,_Colorado",Point(-104.962222222 39.678333333),7.043,1.0,http://www.wikidata.org/entity/Q56061,"('39.678333333333', '-104.96222222222')"
1469,,39.755444444444,-104.98972222222,La Diabla Pozole y Mezcal,,D,blue,,,restaurant,,http://www.wikidata.org/entity/Q122942025,,https://en.wikipedia.org/wiki/La_Diabla_Pozole_y_Mezcal,Point(-104.989722222 39.755444444),1.849,1.0,http://www.wikidata.org/entity/Q11707,"('39.755444444444', '-104.98972222222')"
1470,,39.740333333333,-104.94805555556,Molotov Kitschen + Cocktails,,D,blue,,,restaurant,,http://www.wikidata.org/entity/Q122942059,,https://en.wikipedia.org/wiki/Molotov_Kitschen_%2B_Cocktails,Point(-104.948055555 39.740333333),3.149,1.0,http://www.wikidata.org/entity/Q11707,"('39.740333333333', '-104.94805555556')"
1471,,39.752777777778,-104.99694444444,Brutø,,D,blue,,,restaurant,,http://www.wikidata.org/entity/Q123050441,,https://en.wikipedia.org/wiki/Brut%C3%B8,Point(-104.996944444 39.752777777),1.826,1.0,http://www.wikidata.org/entity/Q11707,"('39.752777777778', '-104.99694444444')"
1472,,39.754444444444,-104.97861111111,Cervantes' Masterpiece Ballroom,,D,blue,,,venue,,http://www.wikidata.org/entity/Q123367273,,https://en.wikipedia.org/wiki/Cervantes%27_Masterpiece_Ballroom,Point(-104.978611111 39.754444444),1.773,1.0,http://www.wikidata.org/entity/Q17350442,"('39.754444444444', '-104.97861111111')"
1473,,39.7538934,-105.0096383,Speer Boulevard Bridge,,D,blue,,,road bridge,,http://www.wikidata.org/entity/Q123369602,,,Point(-105.0096383 39.7538934),2.673,1.0,http://www.wikidata.org/entity/Q537127,"('39.7538934', '-105.0096383')"
1474,,39.7969413,-105.055089,Gold Strike Park Pedestrian Bridge,,D,blue,,,footbridge,,http://www.wikidata.org/entity/Q123371167,,,Point(-105.055089 39.7969413),8.786,1.0,http://www.wikidata.org/entity/Q1068842,"('39.7969413', '-105.055089')"
1475,,39.786175,-104.9748314,Meatpacking Bridge,,D,blue,,,footbridge,,http://www.wikidata.org/entity/Q123377300,,,Point(-104.9748314 39.786175),5.289,1.0,http://www.wikidata.org/entity/Q1068842,"('39.786175', '-104.9748314')"
1476,,39.6545092,-104.9880388,Englewood IOOF Lodge No. 138 Building,,D,blue,,,building,,http://www.wikidata.org/entity/Q123413620,,,Point(-104.9880388 39.6545092),9.425,1.0,http://www.wikidata.org/entity/Q41176,"('39.6545092', '-104.9880388')"
1477,,39.6561867,-104.987271,Englewood Post Office,,D,blue,,,post office,,http://www.wikidata.org/entity/Q123413675,,,Point(-104.987271 39.6561867),9.237,1.0,http://www.wikidata.org/entity/Q35054,"('39.6561867', '-104.987271')"
1478,,39.6528629,-104.9879774,Key Savings and Loan Association Building,,D,blue,,,building,,http://www.wikidata.org/entity/Q123413736,,,Point(-104.9879774 39.6528629),9.608,1.0,http://www.wikidata.org/entity/Q41176,"('39.6528629', '-104.9879774')"
1479,,39.761138888889,-104.98233333333,Beckon,,D,blue,,,restaurant,,http://www.wikidata.org/entity/Q124153549,,https://en.wikipedia.org/wiki/Beckon,Point(-104.982333333 39.761138888),2.445,1.0,http://www.wikidata.org/entity/Q11707,"('39.761138888889', '-104.98233333333')"
1480,,39.75791,-104.92811,Yuan Wonton,,D,blue,,,restaurant,,http://www.wikidata.org/entity/Q130453819,,https://en.wikipedia.org/wiki/Yuan_Wonton,Point(-104.92811 39.75791),5.277,1.0,http://www.wikidata.org/entity/Q11707,"('39.75791', '-104.92811')"
1481,,39.777981,-104.982594,Globe Hall,,D,blue,,,dive bar,,http://www.wikidata.org/entity/Q131379080,,,Point(-104.982594 39.777981),4.312,1.0,http://www.wikidata.org/entity/Q458517,"('39.777981', '-104.982594')"
1484,,39.759918,-104.983812,Larimer Lounge,,D,blue,,,music venue,,http://www.wikidata.org/entity/Q131469319,,,Point(-104.983812 39.759918),2.301,1.0,http://www.wikidata.org/entity/Q8719053,"('39.759918', '-104.983812')"
1487,,39.67627,-104.96058,Iliff Hall,,D,blue,,,university building,,http://www.wikidata.org/entity/Q133698009,,,Point(-104.96058 39.67627),7.303,1.0,http://www.wikidata.org/entity/Q19844914,"('39.67627', '-104.96058')"
1488,,39.72814,-104.97729,Bennett-Field House,,D,blue,,,single-family detached home,,http://www.wikidata.org/entity/Q133698451,,,Point(-104.97729 39.72814),1.393,1.0,http://www.wikidata.org/entity/Q1307276,"('39.72814', '-104.97729')"
1490,,39.75679,-104.95945,Peoples Presbyterian Church,,D,blue,,,building,,http://www.wikidata.org/entity/Q133698846,,,Point(-104.95945 39.75679),2.92,1.0,http://www.wikidata.org/entity/Q41176,"('39.75679', '-104.95945')"
1492,,39.74308,-104.98391,George Schleier Mansion,,D,blue,,,single-family detached home,,http://www.wikidata.org/entity/Q133730349,,,Point(-104.98391 39.74308),0.435,1.0,http://www.wikidata.org/entity/Q1307276,"('39.74308', '-104.98391')"
1494,,39.74666,-104.99435,A.C. Foster Building,,D,blue,,,building,,http://www.wikidata.org/entity/Q133730399,,,Point(-104.99435 39.74666),1.157,1.0,http://www.wikidata.org/entity/Q41176,"('39.74666', '-104.99435')"
1495,,39.74106,-104.96314,Schlessinger House,,D,blue,,,single-family detached home,,http://www.wikidata.org/entity/Q133730651,,,Point(-104.96314 39.74106),1.868,1.0,http://www.wikidata.org/entity/Q1307276,"('39.74106', '-104.96314')"
1497,,39.73435,-104.98928,Evans School,,D,blue,,,school building,,http://www.wikidata.org/entity/Q133730714,,,Point(-104.98928 39.73435),0.662,1.0,http://www.wikidata.org/entity/Q1244442,"('39.73435', '-104.98928')"
1498,,39.767049,-105.046084,Q1547753,,D,blue,,,architectural structure,,http://www.wikidata.org/entity/Q1547753,https://de.wikipedia.org/wiki/Mr._Twister,,Point(-105.046084 39.767049),6.079,1.0,http://www.wikidata.org/entity/Q811979,"('39.767049', '-105.046084')"
1500,,39.73539,-104.98142,Jeffery and Mary Keating House,,D,blue,,,house,,http://www.wikidata.org/entity/Q133730931,,,Point(-104.98142 39.73539),0.519,1.0,http://www.wikidata.org/entity/Q3947,"('39.73539', '-104.98142')"
1501,,39.73446,-104.98137,Fleming-Hanington House,,D,blue,,,house,,http://www.wikidata.org/entity/Q133730970,,,Point(-104.98137 39.73446),0.609,1.0,http://www.wikidata.org/entity/Q3947,"('39.73446', '-104.98137')"
1502,,39.73433,-104.98135,Alfred Butters House,,D,blue,,,single-family detached home,,http://www.wikidata.org/entity/Q133733173,,,Point(-104.98135 39.73433),0.623,1.0,http://www.wikidata.org/entity/Q1307276,"('39.73433', '-104.98135')"
1504,,39.75239,-104.99639,General Electric Building,,D,blue,,,building,,http://www.wikidata.org/entity/Q133733213,,,Point(-104.99639 39.75239),1.764,1.0,http://www.wikidata.org/entity/Q41176,"('39.75239', '-104.99639')"
1505,,39.75925,-104.97449,Justina Ford House,,D,blue,,,house,,http://www.wikidata.org/entity/Q133733435,,,Point(-104.97449 39.75925),2.395,1.0,http://www.wikidata.org/entity/Q3947,"('39.75925', '-104.97449')"
1506,,39.73007,-104.98399,Pierce-Haley House,,D,blue,,,house,,http://www.wikidata.org/entity/Q133733444,,,Point(-104.98399 39.73007),1.022,1.0,http://www.wikidata.org/entity/Q3947,"('39.73007', '-104.98399')"
1507,,39.71335,-104.96692,Weckbaugh House,,D,blue,,,single-family detached home,,http://www.wikidata.org/entity/Q133733761,,,Point(-104.96692 39.71335),3.262,1.0,http://www.wikidata.org/entity/Q1307276,"('39.71335', '-104.96692')"
1509,,39.75417,-104.99853,Littleton Creamery-Beatrice Foods Cold Storage Warehouse,,D,blue,,,building,,http://www.wikidata.org/entity/Q133733859,,,Point(-104.99853 39.75417),2.03,1.0,http://www.wikidata.org/entity/Q41176,"('39.75417', '-104.99853')"
1510,,39.75158,-104.98955,S.A. Grimm Block,,D,blue,,,building,,http://www.wikidata.org/entity/Q133764368,,,Point(-104.98955 39.75158),1.43,1.0,http://www.wikidata.org/entity/Q41176,"('39.75158', '-104.98955')"
1511,,39.74701,-104.99297,Kistler Stationery Company Building,,D,blue,,,building,,http://www.wikidata.org/entity/Q133768116,,,Point(-104.99297 39.74701),1.108,1.0,http://www.wikidata.org/entity/Q41176,"('39.74701', '-104.99297')"
1513,,39.7552,-104.9902,Burlington Hotel,,D,blue,,,building,,http://www.wikidata.org/entity/Q133779023,,,Point(-104.9902 39.7552),1.833,1.0,http://www.wikidata.org/entity/Q41176,"('39.7552', '-104.9902')"
1514,,39.66552,-105.094,Stone House,,D,blue,,,house,,http://www.wikidata.org/entity/Q133808607,,,Point(-105.094 39.66552),12.424,1.0,http://www.wikidata.org/entity/Q3947,"('39.66552', '-105.094')"
1515,,39.74048,-105.10343,Davies' Chuck Wagon Diner,,D,blue,,,building,,http://www.wikidata.org/entity/Q133808628,,,Point(-105.10343 39.74048),10.138,1.0,http://www.wikidata.org/entity/Q41176,"('39.74048', '-105.10343')"
