<?xml version="1.0" encoding="UTF-8"?>
<kml xmlns="http://www.opengis.net/kml/2.2" xmlns:gx="http://www.google.com/kml/ext/2.2">
    <Document id="1">
        <Style id="icon-1739-E65100-normal">
            <IconStyle id="19">
                <colorMode>normal</colorMode>
                <scale>1</scale>
                <heading>0</heading>
                <Icon id="20">
                    <href>https://www.gstatic.com/mapspro/images/stock/503-wht-blank_maps.png</href>
                </Icon>
            </IconStyle>
        </Style>
        <Style id="2400"/>
        <Style id="icon-1739-7CB342-normal">
            <IconStyle id="23">
                <colorMode>normal</colorMode>
                <scale>1</scale>
                <heading>0</heading>
                <Icon id="24">
                    <href>https://www.gstatic.com/mapspro/images/stock/503-wht-blank_maps.png</href>
                </Icon>
            </IconStyle>
        </Style>
        <Style id="2401"/>
        <Style id="icon-1739-9C27B0-normal">
            <IconStyle id="27">
                <colorMode>normal</colorMode>
                <scale>1</scale>
                <heading>0</heading>
                <Icon id="28">
                    <href>https://www.gstatic.com/mapspro/images/stock/503-wht-blank_maps.png</href>
                </Icon>
            </IconStyle>
        </Style>
        <Style id="2402"/>
        <Style id="icon-1739-FFEA00-normal">
            <IconStyle id="31">
                <colorMode>normal</colorMode>
                <scale>1</scale>
                <heading>0</heading>
                <Icon id="32">
                    <href>https://www.gstatic.com/mapspro/images/stock/503-wht-blank_maps.png</href>
                </Icon>
            </IconStyle>
        </Style>
        <Style id="2403"/>
        <Style id="icon-1739-0288D1-normal">
            <IconStyle id="35">
                <colorMode>normal</colorMode>
                <scale>1</scale>
                <heading>0</heading>
                <Icon id="36">
                    <href>https://www.gstatic.com/mapspro/images/stock/503-wht-blank_maps.png</href>
                </Icon>
            </IconStyle>
        </Style>
        <Style id="2404"/>
        <Style id="icon-1556-FFD600-normal">
            <IconStyle id="43">
                <colorMode>normal</colorMode>
                <scale>1</scale>
                <heading>0</heading>
                <Icon id="44">
                    <href>https://www.gstatic.com/mapspro/images/stock/503-wht-blank_maps.png</href>
                </Icon>
            </IconStyle>
        </Style>
        <Style id="2405"/>
        <Style id="icon-1594-000000-normal">
            <IconStyle id="39">
                <colorMode>normal</colorMode>
                <scale>1</scale>
                <heading>0</heading>
                <Icon id="40">
                    <href>https://www.gstatic.com/mapspro/images/stock/503-wht-blank_maps.png</href>
                </Icon>
            </IconStyle>
        </Style>
        <Style id="2406"/>
        <Style id="icon-1636-0288D1-normal">
            <IconStyle id="47">
                <colorMode>normal</colorMode>
                <scale>1</scale>
                <heading>0</heading>
                <Icon id="48">
                    <href>https://www.gstatic.com/mapspro/images/stock/503-wht-blank_maps.png</href>
                </Icon>
            </IconStyle>
        </Style>
        <Style id="2407"/>
        <Style id="icon-1577-0288D1-normal">
            <IconStyle id="75">
                <colorMode>normal</colorMode>
                <scale>1</scale>
                <heading>0</heading>
                <Icon id="76">
                    <href>https://www.gstatic.com/mapspro/images/stock/503-wht-blank_maps.png</href>
                </Icon>
            </IconStyle>
        </Style>
        <Style id="2408"/>
        <Style id="icon-1577-0F9D58-normal">
            <IconStyle id="79">
                <colorMode>normal</colorMode>
                <scale>1</scale>
                <heading>0</heading>
                <Icon id="80">
                    <href>https://www.gstatic.com/mapspro/images/stock/503-wht-blank_maps.png</href>
                </Icon>
            </IconStyle>
        </Style>
        <Style id="2409"/>
        <Style id="icon-1577-FFEA00-normal">
            <IconStyle id="83">
                <colorMode>normal</colorMode>
                <scale>1</scale>
                <heading>0</heading>
                <Icon id="84">
                    <href>https://www.gstatic.com/mapspro/images/stock/503-wht-blank_maps.png</href>
                </Icon>
            </IconStyle>
        </Style>
        <Style id="2410"/>
        <Style id="icon-1577-FF5252-normal">
            <IconStyle id="87">
                <colorMode>normal</colorMode>
                <scale>1</scale>
                <heading>0</heading>
                <Icon id="88">
                    <href>https://www.gstatic.com/mapspro/images/stock/503-wht-blank_maps.png</href>
                </Icon>
            </IconStyle>
        </Style>
        <Style id="2411"/>
        <Style id="icon-1798-0288D1-normal">
            <IconStyle id="55">
                <colorMode>normal</colorMode>
                <scale>1</scale>
                <heading>0</heading>
                <Icon id="56">
                    <href>https://www.gstatic.com/mapspro/images/stock/503-wht-blank_maps.png</href>
                </Icon>
            </IconStyle>
        </Style>
        <Style id="2412"/>
        <Style id="icon-1798-0F9D58-normal">
            <IconStyle id="59">
                <colorMode>normal</colorMode>
                <scale>1</scale>
                <heading>0</heading>
                <Icon id="60">
                    <href>https://www.gstatic.com/mapspro/images/stock/503-wht-blank_maps.png</href>
                </Icon>
            </IconStyle>
        </Style>
        <Style id="2413"/>
        <Style id="icon-1798-FFEA00-normal">
            <IconStyle id="63">
                <colorMode>normal</colorMode>
                <scale>1</scale>
                <heading>0</heading>
                <Icon id="64">
                    <href>https://www.gstatic.com/mapspro/images/stock/503-wht-blank_maps.png</href>
                </Icon>
            </IconStyle>
        </Style>
        <Style id="2414"/>
        <Style id="icon-1798-FF5252-normal">
            <IconStyle id="67">
                <colorMode>normal</colorMode>
                <scale>1</scale>
                <heading>0</heading>
                <Icon id="68">
                    <href>https://www.gstatic.com/mapspro/images/stock/503-wht-blank_maps.png</href>
                </Icon>
            </IconStyle>
        </Style>
        <Style id="2415"/>
        <Style id="icon-1534-0288D1-normal">
            <IconStyle id="71">
                <colorMode>normal</colorMode>
                <scale>1</scale>
                <heading>0</heading>
                <Icon id="72">
                    <href>https://www.gstatic.com/mapspro/images/stock/503-wht-blank_maps.png</href>
                </Icon>
            </IconStyle>
        </Style>
        <Style id="2416"/>
        <Style id="2417"/>
        <Style id="icon-1602-0288D1-normal">
            <IconStyle id="91">
                <colorMode>normal</colorMode>
                <scale>1</scale>
                <heading>0</heading>
                <Icon id="92">
                    <href>https://www.gstatic.com/mapspro/images/stock/503-wht-blank_maps.png</href>
                </Icon>
            </IconStyle>
        </Style>
        <Style id="2418"/>
        <Style id="icon-1602-0F9D58-normal">
            <IconStyle id="95">
                <colorMode>normal</colorMode>
                <scale>1</scale>
                <heading>0</heading>
                <Icon id="96">
                    <href>https://www.gstatic.com/mapspro/images/stock/503-wht-blank_maps.png</href>
                </Icon>
            </IconStyle>
        </Style>
        <Style id="2419"/>
        <Style id="icon-1602-FFEA00-normal">
            <IconStyle id="99">
                <colorMode>normal</colorMode>
                <scale>1</scale>
                <heading>0</heading>
                <Icon id="100">
                    <href>https://www.gstatic.com/mapspro/images/stock/503-wht-blank_maps.png</href>
                </Icon>
            </IconStyle>
        </Style>
        <Style id="2420"/>
        <Style id="icon-1602-FF5252-normal">
            <IconStyle id="103">
                <colorMode>normal</colorMode>
                <scale>1</scale>
                <heading>0</heading>
                <Icon id="104">
                    <href>https://www.gstatic.com/mapspro/images/stock/503-wht-blank_maps.png</href>
                </Icon>
            </IconStyle>
        </Style>
        <Style id="2421"/>
        <Style id="icon-1502-0288D1-normal">
            <IconStyle id="107">
                <colorMode>normal</colorMode>
                <scale>1</scale>
                <heading>0</heading>
                <Icon id="108">
                    <href>https://www.gstatic.com/mapspro/images/stock/503-wht-blank_maps.png</href>
                </Icon>
            </IconStyle>
        </Style>
        <Style id="2422"/>
        <Style id="icon-1670-0288D1-normal">
            <IconStyle id="127">
                <colorMode>normal</colorMode>
                <scale>1</scale>
                <heading>0</heading>
                <Icon id="128">
                    <href>https://www.gstatic.com/mapspro/images/stock/503-wht-blank_maps.png</href>
                </Icon>
            </IconStyle>
        </Style>
        <Style id="2423"/>
        <Style id="icon-1591-0288D1-normal">
            <IconStyle id="115">
                <colorMode>normal</colorMode>
                <scale>1</scale>
                <heading>0</heading>
                <Icon id="116">
                    <href>https://www.gstatic.com/mapspro/images/stock/503-wht-blank_maps.png</href>
                </Icon>
            </IconStyle>
        </Style>
        <Style id="2424"/>
        <Style id="icon-1720-0288D1-normal">
            <IconStyle id="111">
                <colorMode>normal</colorMode>
                <scale>1</scale>
                <heading>0</heading>
                <Icon id="112">
                    <href>https://www.gstatic.com/mapspro/images/stock/503-wht-blank_maps.png</href>
                </Icon>
            </IconStyle>
        </Style>
        <Style id="2425"/>
        <Style id="icon-1706-0288D1-normal">
            <IconStyle id="123">
                <colorMode>normal</colorMode>
                <scale>1</scale>
                <heading>0</heading>
                <Icon id="124">
                    <href>https://www.gstatic.com/mapspro/images/stock/503-wht-blank_maps.png</href>
                </Icon>
            </IconStyle>
        </Style>
        <Style id="2426"/>
        <Style id="2427"/>
        <Style id="icon-1569-0288D1-normal">
            <IconStyle id="143">
                <colorMode>normal</colorMode>
                <scale>1</scale>
                <heading>0</heading>
                <Icon id="144">
                    <href>https://www.gstatic.com/mapspro/images/stock/503-wht-blank_maps.png</href>
                </Icon>
            </IconStyle>
        </Style>
        <Style id="2428"/>
        <Style id="icon-1532-0288D1-normal">
            <IconStyle id="139">
                <colorMode>normal</colorMode>
                <scale>1</scale>
                <heading>0</heading>
                <Icon id="140">
                    <href>https://www.gstatic.com/mapspro/images/stock/503-wht-blank_maps.png</href>
                </Icon>
            </IconStyle>
        </Style>
        <Style id="2429"/>
        <Style id="icon-1504-0288D1-normal">
            <IconStyle id="135">
                <colorMode>normal</colorMode>
                <scale>1</scale>
                <heading>0</heading>
                <Icon id="136">
                    <href>https://www.gstatic.com/mapspro/images/stock/503-wht-blank_maps.png</href>
                </Icon>
            </IconStyle>
        </Style>
        <Style id="2430"/>
        <Style id="icon-1716-0288D1-normal">
            <IconStyle id="131">
                <colorMode>normal</colorMode>
                <scale>1</scale>
                <heading>0</heading>
                <Icon id="132">
                    <href>https://www.gstatic.com/mapspro/images/stock/503-wht-blank_maps.png</href>
                </Icon>
            </IconStyle>
        </Style>
        <Style id="2431"/>
        <Style id="icon-1731-0288D1-normal">
            <IconStyle id="147">
                <colorMode>normal</colorMode>
                <scale>1</scale>
                <heading>0</heading>
                <Icon id="148">
                    <href>https://www.gstatic.com/mapspro/images/stock/503-wht-blank_maps.png</href>
                </Icon>
            </IconStyle>
        </Style>
        <Style id="2432"/>
        <Style id="icon-1511-0288D1-normal">
            <IconStyle id="151">
                <colorMode>normal</colorMode>
                <scale>1</scale>
                <heading>0</heading>
                <Icon id="152">
                    <href>https://www.gstatic.com/mapspro/images/stock/503-wht-blank_maps.png</href>
                </Icon>
            </IconStyle>
        </Style>
        <Style id="2433"/>
        <Style id="icon-1637-0288D1-normal">
            <IconStyle id="159">
                <colorMode>normal</colorMode>
                <scale>1</scale>
                <heading>0</heading>
                <Icon id="160">
                    <href>https://www.gstatic.com/mapspro/images/stock/503-wht-blank_maps.png</href>
                </Icon>
            </IconStyle>
        </Style>
        <Style id="2434"/>
        <Style id="icon-1635-0288D1-normal">
            <IconStyle id="155">
                <colorMode>normal</colorMode>
                <scale>1</scale>
                <heading>0</heading>
                <Icon id="156">
                    <href>https://www.gstatic.com/mapspro/images/stock/503-wht-blank_maps.png</href>
                </Icon>
            </IconStyle>
        </Style>
        <Style id="2435"/>
        <Style id="icon-1685-0288D1-normal">
            <IconStyle id="163">
                <colorMode>normal</colorMode>
                <scale>1</scale>
                <heading>0</heading>
                <Icon id="164">
                    <href>https://www.gstatic.com/mapspro/images/stock/503-wht-blank_maps.png</href>
                </Icon>
            </IconStyle>
        </Style>
        <Style id="2436"/>
        <Style id="icon-1654-0288D1-normal">
            <IconStyle id="167">
                <colorMode>normal</colorMode>
                <scale>1</scale>
                <heading>0</heading>
                <Icon id="168">
                    <href>https://www.gstatic.com/mapspro/images/stock/503-wht-blank_maps.png</href>
                </Icon>
            </IconStyle>
        </Style>
        <Style id="2437"/>
        <Style id="icon-1522-0288D1-normal">
            <IconStyle id="171">
                <colorMode>normal</colorMode>
                <scale>1</scale>
                <heading>0</heading>
                <Icon id="172">
                    <href>https://www.gstatic.com/mapspro/images/stock/503-wht-blank_maps.png</href>
                </Icon>
            </IconStyle>
        </Style>
        <Style id="2438"/>
        <Style id="icon-1726-0288D1-normal">
            <IconStyle id="175">
                <colorMode>normal</colorMode>
                <scale>1</scale>
                <heading>0</heading>
                <Icon id="176">
                    <href>https://www.gstatic.com/mapspro/images/stock/503-wht-blank_maps.png</href>
                </Icon>
            </IconStyle>
        </Style>
        <Style id="2439"/>
        <Style id="icon-1608-0288D1-normal">
            <IconStyle id="179">
                <colorMode>normal</colorMode>
                <scale>1</scale>
                <heading>0</heading>
                <Icon id="180">
                    <href>https://www.gstatic.com/mapspro/images/stock/503-wht-blank_maps.png</href>
                </Icon>
            </IconStyle>
        </Style>
        <Style id="2440"/>
        <StyleMap id="icon-1739-E65100">
            <Pair>
                <key>normal</key>
                <styleUrl>#icon-1739-E65100-normal</styleUrl>
            </Pair>
            <Pair>
                <key>highlight</key>
                <styleUrl>#2400</styleUrl>
            </Pair>
        </StyleMap>
        <StyleMap id="icon-1739-7CB342">
            <Pair>
                <key>normal</key>
                <styleUrl>#icon-1739-7CB342-normal</styleUrl>
            </Pair>
            <Pair>
                <key>highlight</key>
                <styleUrl>#2401</styleUrl>
            </Pair>
        </StyleMap>
        <StyleMap id="29">
            <Pair>
                <key>normal</key>
                <styleUrl>#icon-1739-9C27B0-normal</styleUrl>
            </Pair>
            <Pair>
                <key>highlight</key>
                <styleUrl>#2402</styleUrl>
            </Pair>
        </StyleMap>
        <StyleMap id="33">
            <Pair>
                <key>normal</key>
                <styleUrl>#icon-1739-FFEA00-normal</styleUrl>
            </Pair>
            <Pair>
                <key>highlight</key>
                <styleUrl>#2403</styleUrl>
            </Pair>
        </StyleMap>
        <StyleMap id="37">
            <Pair>
                <key>normal</key>
                <styleUrl>#icon-1739-0288D1-normal</styleUrl>
            </Pair>
            <Pair>
                <key>highlight</key>
                <styleUrl>#2404</styleUrl>
            </Pair>
        </StyleMap>
        <StyleMap id="45">
            <Pair>
                <key>normal</key>
                <styleUrl>#icon-1556-FFD600-normal</styleUrl>
            </Pair>
            <Pair>
                <key>highlight</key>
                <styleUrl>#2405</styleUrl>
            </Pair>
        </StyleMap>
        <StyleMap id="41">
            <Pair>
                <key>normal</key>
                <styleUrl>#icon-1594-000000-normal</styleUrl>
            </Pair>
            <Pair>
                <key>highlight</key>
                <styleUrl>#2406</styleUrl>
            </Pair>
        </StyleMap>
        <StyleMap id="49">
            <Pair>
                <key>normal</key>
                <styleUrl>#icon-1636-0288D1-normal</styleUrl>
            </Pair>
            <Pair>
                <key>highlight</key>
                <styleUrl>#2407</styleUrl>
            </Pair>
        </StyleMap>
        <StyleMap id="77">
            <Pair>
                <key>normal</key>
                <styleUrl>#icon-1577-0288D1-normal</styleUrl>
            </Pair>
            <Pair>
                <key>highlight</key>
                <styleUrl>#2408</styleUrl>
            </Pair>
        </StyleMap>
        <StyleMap id="81">
            <Pair>
                <key>normal</key>
                <styleUrl>#icon-1577-0F9D58-normal</styleUrl>
            </Pair>
            <Pair>
                <key>highlight</key>
                <styleUrl>#2409</styleUrl>
            </Pair>
        </StyleMap>
        <StyleMap id="85">
            <Pair>
                <key>normal</key>
                <styleUrl>#icon-1577-FFEA00-normal</styleUrl>
            </Pair>
            <Pair>
                <key>highlight</key>
                <styleUrl>#2410</styleUrl>
            </Pair>
        </StyleMap>
        <StyleMap id="89">
            <Pair>
                <key>normal</key>
                <styleUrl>#icon-1577-FF5252-normal</styleUrl>
            </Pair>
            <Pair>
                <key>highlight</key>
                <styleUrl>#2411</styleUrl>
            </Pair>
        </StyleMap>
        <StyleMap id="57">
            <Pair>
                <key>normal</key>
                <styleUrl>#icon-1798-0288D1-normal</styleUrl>
            </Pair>
            <Pair>
                <key>highlight</key>
                <styleUrl>#2412</styleUrl>
            </Pair>
        </StyleMap>
        <StyleMap id="61">
            <Pair>
                <key>normal</key>
                <styleUrl>#icon-1798-0F9D58-normal</styleUrl>
            </Pair>
            <Pair>
                <key>highlight</key>
                <styleUrl>#2413</styleUrl>
            </Pair>
        </StyleMap>
        <StyleMap id="65">
            <Pair>
                <key>normal</key>
                <styleUrl>#icon-1798-FFEA00-normal</styleUrl>
            </Pair>
            <Pair>
                <key>highlight</key>
                <styleUrl>#2414</styleUrl>
            </Pair>
        </StyleMap>
        <StyleMap id="69">
            <Pair>
                <key>normal</key>
                <styleUrl>#icon-1798-FF5252-normal</styleUrl>
            </Pair>
            <Pair>
                <key>highlight</key>
                <styleUrl>#2415</styleUrl>
            </Pair>
        </StyleMap>
        <StyleMap id="73">
            <Pair>
                <key>normal</key>
                <styleUrl>#icon-1534-0288D1-normal</styleUrl>
            </Pair>
            <Pair>
                <key>highlight</key>
                <styleUrl>#2416</styleUrl>
            </Pair>
        </StyleMap>
        <StyleMap id="53">
            <Pair>
                <key>normal</key>
                <styleUrl>#icon-1798-0288D1-normal</styleUrl>
            </Pair>
            <Pair>
                <key>highlight</key>
                <styleUrl>#2417</styleUrl>
            </Pair>
        </StyleMap>
        <StyleMap id="93">
            <Pair>
                <key>normal</key>
                <styleUrl>#icon-1602-0288D1-normal</styleUrl>
            </Pair>
            <Pair>
                <key>highlight</key>
                <styleUrl>#2418</styleUrl>
            </Pair>
        </StyleMap>
        <StyleMap id="97">
            <Pair>
                <key>normal</key>
                <styleUrl>#icon-1602-0F9D58-normal</styleUrl>
            </Pair>
            <Pair>
                <key>highlight</key>
                <styleUrl>#2419</styleUrl>
            </Pair>
        </StyleMap>
        <StyleMap id="101">
            <Pair>
                <key>normal</key>
                <styleUrl>#icon-1602-FFEA00-normal</styleUrl>
            </Pair>
            <Pair>
                <key>highlight</key>
                <styleUrl>#2420</styleUrl>
            </Pair>
        </StyleMap>
        <StyleMap id="105">
            <Pair>
                <key>normal</key>
                <styleUrl>#icon-1602-FF5252-normal</styleUrl>
            </Pair>
            <Pair>
                <key>highlight</key>
                <styleUrl>#2421</styleUrl>
            </Pair>
        </StyleMap>
        <StyleMap id="109">
            <Pair>
                <key>normal</key>
                <styleUrl>#icon-1502-0288D1-normal</styleUrl>
            </Pair>
            <Pair>
                <key>highlight</key>
                <styleUrl>#2422</styleUrl>
            </Pair>
        </StyleMap>
        <StyleMap id="129">
            <Pair>
                <key>normal</key>
                <styleUrl>#icon-1670-0288D1-normal</styleUrl>
            </Pair>
            <Pair>
                <key>highlight</key>
                <styleUrl>#2423</styleUrl>
            </Pair>
        </StyleMap>
        <StyleMap id="117">
            <Pair>
                <key>normal</key>
                <styleUrl>#icon-1591-0288D1-normal</styleUrl>
            </Pair>
            <Pair>
                <key>highlight</key>
                <styleUrl>#2424</styleUrl>
            </Pair>
        </StyleMap>
        <StyleMap id="113">
            <Pair>
                <key>normal</key>
                <styleUrl>#icon-1720-0288D1-normal</styleUrl>
            </Pair>
            <Pair>
                <key>highlight</key>
                <styleUrl>#2425</styleUrl>
            </Pair>
        </StyleMap>
        <StyleMap id="125">
            <Pair>
                <key>normal</key>
                <styleUrl>#icon-1706-0288D1-normal</styleUrl>
            </Pair>
            <Pair>
                <key>highlight</key>
                <styleUrl>#2426</styleUrl>
            </Pair>
        </StyleMap>
        <StyleMap id="121">
            <Pair>
                <key>normal</key>
                <styleUrl>#icon-1636-0288D1-normal</styleUrl>
            </Pair>
            <Pair>
                <key>highlight</key>
                <styleUrl>#2427</styleUrl>
            </Pair>
        </StyleMap>
        <StyleMap id="145">
            <Pair>
                <key>normal</key>
                <styleUrl>#icon-1569-0288D1-normal</styleUrl>
            </Pair>
            <Pair>
                <key>highlight</key>
                <styleUrl>#2428</styleUrl>
            </Pair>
        </StyleMap>
        <StyleMap id="141">
            <Pair>
                <key>normal</key>
                <styleUrl>#icon-1532-0288D1-normal</styleUrl>
            </Pair>
            <Pair>
                <key>highlight</key>
                <styleUrl>#2429</styleUrl>
            </Pair>
        </StyleMap>
        <StyleMap id="137">
            <Pair>
                <key>normal</key>
                <styleUrl>#icon-1504-0288D1-normal</styleUrl>
            </Pair>
            <Pair>
                <key>highlight</key>
                <styleUrl>#2430</styleUrl>
            </Pair>
        </StyleMap>
        <StyleMap id="133">
            <Pair>
                <key>normal</key>
                <styleUrl>#icon-1716-0288D1-normal</styleUrl>
            </Pair>
            <Pair>
                <key>highlight</key>
                <styleUrl>#2431</styleUrl>
            </Pair>
        </StyleMap>
        <StyleMap id="149">
            <Pair>
                <key>normal</key>
                <styleUrl>#icon-1731-0288D1-normal</styleUrl>
            </Pair>
            <Pair>
                <key>highlight</key>
                <styleUrl>#2432</styleUrl>
            </Pair>
        </StyleMap>
        <StyleMap id="153">
            <Pair>
                <key>normal</key>
                <styleUrl>#icon-1511-0288D1-normal</styleUrl>
            </Pair>
            <Pair>
                <key>highlight</key>
                <styleUrl>#2433</styleUrl>
            </Pair>
        </StyleMap>
        <StyleMap id="161">
            <Pair>
                <key>normal</key>
                <styleUrl>#icon-1637-0288D1-normal</styleUrl>
            </Pair>
            <Pair>
                <key>highlight</key>
                <styleUrl>#2434</styleUrl>
            </Pair>
        </StyleMap>
        <StyleMap id="157">
            <Pair>
                <key>normal</key>
                <styleUrl>#icon-1635-0288D1-normal</styleUrl>
            </Pair>
            <Pair>
                <key>highlight</key>
                <styleUrl>#2435</styleUrl>
            </Pair>
        </StyleMap>
        <StyleMap id="165">
            <Pair>
                <key>normal</key>
                <styleUrl>#icon-1685-0288D1-normal</styleUrl>
            </Pair>
            <Pair>
                <key>highlight</key>
                <styleUrl>#2436</styleUrl>
            </Pair>
        </StyleMap>
        <StyleMap id="169">
            <Pair>
                <key>normal</key>
                <styleUrl>#icon-1654-0288D1-normal</styleUrl>
            </Pair>
            <Pair>
                <key>highlight</key>
                <styleUrl>#2437</styleUrl>
            </Pair>
        </StyleMap>
        <StyleMap id="173">
            <Pair>
                <key>normal</key>
                <styleUrl>#icon-1522-0288D1-normal</styleUrl>
            </Pair>
            <Pair>
                <key>highlight</key>
                <styleUrl>#2438</styleUrl>
            </Pair>
        </StyleMap>
        <StyleMap id="177">
            <Pair>
                <key>normal</key>
                <styleUrl>#icon-1726-0288D1-normal</styleUrl>
            </Pair>
            <Pair>
                <key>highlight</key>
                <styleUrl>#2439</styleUrl>
            </Pair>
        </StyleMap>
        <StyleMap id="181">
            <Pair>
                <key>normal</key>
                <styleUrl>#icon-1608-0288D1-normal</styleUrl>
            </Pair>
            <Pair>
                <key>highlight</key>
                <styleUrl>#2440</styleUrl>
            </Pair>
        </StyleMap>
        <Folder id="11">
            <name>B</name>
            <Placemark id="1965">
                <name>Urdenbach</name>
                <description>                    category  : locality of Düsseldorf &lt;br&gt;   
                    sitelinks : 5.0 &lt;br&gt;   
                    articleEN : https://en.wikipedia.org/wiki/Urdenbach &lt;br&gt;             
                    articleDE : https://de.wikipedia.org/wiki/Urdenbach &lt;br&gt;              
                    wikidata_link : http://www.wikidata.org/entity/Q2500388</description>
                <styleUrl>#29</styleUrl>
                <Point id="1964">
                    <coordinates>6.86694,51.1458,0.0</coordinates>
                </Point>
            </Placemark>
            <Placemark id="1967">
                <name>Kaiserpfalz Kaiserswerth</name>
                <description>                    category  : castle &lt;br&gt;   
                    sitelinks : 5.0 &lt;br&gt;   
                    articleEN : https://en.wikipedia.org/wiki/Kaiserpfalz_Kaiserswerth &lt;br&gt;             
                    articleDE : https://de.wikipedia.org/wiki/Kaiserpfalz_Kaiserswerth &lt;br&gt;              
                    wikidata_link : http://www.wikidata.org/entity/Q1721716</description>
                <styleUrl>#29</styleUrl>
                <Point id="1966">
                    <coordinates>6.7313888888889,51.299555555556,0.0</coordinates>
                </Point>
            </Placemark>
            <Placemark id="1969">
                <name>Friedenskirche (Monheim-Baumberg)</name>
                <description>                    category  : church building &lt;br&gt;   
                    sitelinks : 5.0 &lt;br&gt;   
                    articleEN : https://en.wikipedia.org/wiki/Friedenskirche_(Monheim-Baumberg) &lt;br&gt;             
                    articleDE : https://de.wikipedia.org/wiki/Friedenskirche_(Monheim-Baumberg) &lt;br&gt;              
                    wikidata_link : http://www.wikidata.org/entity/Q68936314</description>
                <styleUrl>#29</styleUrl>
                <Point id="1968">
                    <coordinates>6.894165,51.117996,0.0</coordinates>
                </Point>
            </Placemark>
            <Placemark id="1971">
                <name>Niederkassel</name>
                <description>                    category  : locality of Düsseldorf &lt;br&gt;   
                    sitelinks : 5.0 &lt;br&gt;   
                    articleEN : https://en.wikipedia.org/wiki/D%C3%BCsseldorf-Niederkassel &lt;br&gt;             
                    articleDE : https://de.wikipedia.org/wiki/Niederkassel_(D%C3%BCsseldorf) &lt;br&gt;              
                    wikidata_link : http://www.wikidata.org/entity/Q1413348</description>
                <styleUrl>#29</styleUrl>
                <Point id="1970">
                    <coordinates>6.74972,51.24,0.0</coordinates>
                </Point>
            </Placemark>
            <Placemark id="1973">
                <name>Düsseldorf-Eller station</name>
                <description>                    category  : junction station &lt;br&gt;   
                    sitelinks : 5.0 &lt;br&gt;   
                    articleEN : https://en.wikipedia.org/wiki/D%C3%BCsseldorf-Eller_station &lt;br&gt;             
                    articleDE : https://de.wikipedia.org/wiki/Bahnhof_D%C3%BCsseldorf-Eller &lt;br&gt;              
                    wikidata_link : http://www.wikidata.org/entity/Q323654</description>
                <styleUrl>#29</styleUrl>
                <Point id="1972">
                    <coordinates>6.852,51.2027,0.0</coordinates>
                </Point>
            </Placemark>
            <Placemark id="1975">
                <name>Düsseldorf-Derendorf station</name>
                <description>                    category  : S-Bahn station &lt;br&gt;   
                    sitelinks : 5.0 &lt;br&gt;   
                    articleEN : https://en.wikipedia.org/wiki/D%C3%BCsseldorf-Derendorf_station &lt;br&gt;             
                    articleDE : https://de.wikipedia.org/wiki/Haltepunkt_D%C3%BCsseldorf-Derendorf &lt;br&gt;              
                    wikidata_link : http://www.wikidata.org/entity/Q323555</description>
                <styleUrl>#29</styleUrl>
                <Point id="1974">
                    <coordinates>6.79458,51.2475,0.0</coordinates>
                </Point>
            </Placemark>
            <Placemark id="1977">
                <name>Düsseldorf Zoo station</name>
                <description>                    category  : S-Bahn station &lt;br&gt;   
                    sitelinks : 5.0 &lt;br&gt;   
                    articleEN : https://en.wikipedia.org/wiki/D%C3%BCsseldorf_Zoo_station &lt;br&gt;             
                    articleDE : https://de.wikipedia.org/wiki/Haltepunkt_D%C3%BCsseldorf_Zoo &lt;br&gt;              
                    wikidata_link : http://www.wikidata.org/entity/Q323541</description>
                <styleUrl>#29</styleUrl>
                <Point id="1976">
                    <coordinates>6.79692,51.2365,0.0</coordinates>
                </Point>
            </Placemark>
            <Placemark id="1979">
                <name>Hofgarten</name>
                <description>                    category  : French formal garden &lt;br&gt;   
                    sitelinks : 5.0 &lt;br&gt;   
                    articleEN :  &lt;br&gt;             
                    articleDE : https://de.wikipedia.org/wiki/Hofgarten_(D%C3%BCsseldorf) &lt;br&gt;              
                    wikidata_link : http://www.wikidata.org/entity/Q1623080</description>
                <styleUrl>#29</styleUrl>
                <Point id="1978">
                    <coordinates>6.78,51.22944444,0.0</coordinates>
                </Point>
            </Placemark>
            <Placemark id="1981">
                <name>Holthausen</name>
                <description>                    category  : locality of Düsseldorf &lt;br&gt;   
                    sitelinks : 5.0 &lt;br&gt;   
                    articleEN : https://en.wikipedia.org/wiki/D%C3%BCsseldorf-Holthausen &lt;br&gt;             
                    articleDE : https://de.wikipedia.org/wiki/Holthausen_(D%C3%BCsseldorf) &lt;br&gt;              
                    wikidata_link : http://www.wikidata.org/entity/Q1599076</description>
                <styleUrl>#29</styleUrl>
                <Point id="1980">
                    <coordinates>6.8316666666667,51.171944444444,0.0</coordinates>
                </Point>
            </Placemark>
            <Placemark id="1983">
                <name>Museum Island Hombroich</name>
                <description>                    category  : art museum &lt;br&gt;   
                    sitelinks : 5.0 &lt;br&gt;   
                    articleEN : https://en.wikipedia.org/wiki/Museum_Insel_Hombroich &lt;br&gt;             
                    articleDE : https://de.wikipedia.org/wiki/Museum_Insel_Hombroich &lt;br&gt;              
                    wikidata_link : http://www.wikidata.org/entity/Q10862311</description>
                <styleUrl>#29</styleUrl>
                <Point id="1982">
                    <coordinates>6.658745,51.147412,0.0</coordinates>
                </Point>
            </Placemark>
            <Placemark id="1985">
                <name>St. Suitbertus</name>
                <description>                    category  : church building &lt;br&gt;   
                    sitelinks : 5.0 &lt;br&gt;   
                    articleEN :  &lt;br&gt;             
                    articleDE : https://de.wikipedia.org/wiki/St._Suitbertus_(D%C3%BCsseldorf-Kaiserswerth) &lt;br&gt;              
                    wikidata_link : http://www.wikidata.org/entity/Q1476335</description>
                <styleUrl>#29</styleUrl>
                <Point id="1984">
                    <coordinates>6.73318889,51.30045833,0.0</coordinates>
                </Point>
            </Placemark>
            <Placemark id="1987">
                <name>Lichtenbroich</name>
                <description>                    category  : locality of Düsseldorf &lt;br&gt;   
                    sitelinks : 5.0 &lt;br&gt;   
                    articleEN : https://en.wikipedia.org/wiki/Lichtenbroich &lt;br&gt;             
                    articleDE : https://de.wikipedia.org/wiki/Lichtenbroich &lt;br&gt;              
                    wikidata_link : http://www.wikidata.org/entity/Q1309282</description>
                <styleUrl>#29</styleUrl>
                <Point id="1986">
                    <coordinates>6.78333,51.2683,0.0</coordinates>
                </Point>
            </Placemark>
            <Placemark id="1989">
                <name>Neuss Am Kaiser station</name>
                <description>                    category  : S-Bahn station &lt;br&gt;   
                    sitelinks : 5.0 &lt;br&gt;   
                    articleEN : https://en.wikipedia.org/wiki/Neuss_Am_Kaiser_station &lt;br&gt;             
                    articleDE : https://de.wikipedia.org/wiki/Haltepunkt_Neuss_Am_Kaiser &lt;br&gt;              
                    wikidata_link : http://www.wikidata.org/entity/Q2733876</description>
                <styleUrl>#29</styleUrl>
                <Point id="1988">
                    <coordinates>6.698551,51.219953,0.0</coordinates>
                </Point>
            </Placemark>
            <Placemark id="1991">
                <name>Eller</name>
                <description>                    category  : locality of Düsseldorf &lt;br&gt;   
                    sitelinks : 5.0 &lt;br&gt;   
                    articleEN : https://en.wikipedia.org/wiki/D%C3%BCsseldorf-Eller &lt;br&gt;             
                    articleDE : https://de.wikipedia.org/wiki/Eller &lt;br&gt;              
                    wikidata_link : http://www.wikidata.org/entity/Q1259204</description>
                <styleUrl>#29</styleUrl>
                <Point id="1990">
                    <coordinates>6.83889,51.2006,0.0</coordinates>
                </Point>
            </Placemark>
            <Placemark id="1993">
                <name>Mickeln House</name>
                <description>                    category  : manor house &lt;br&gt;   
                    sitelinks : 5.0 &lt;br&gt;   
                    articleEN : https://en.wikipedia.org/wiki/Mickeln_House &lt;br&gt;             
                    articleDE : https://de.wikipedia.org/wiki/Schloss_Mickeln &lt;br&gt;              
                    wikidata_link : http://www.wikidata.org/entity/Q724257</description>
                <styleUrl>#29</styleUrl>
                <Point id="1992">
                    <coordinates>6.80708,51.1661,0.0</coordinates>
                </Point>
            </Placemark>
            <Placemark id="1995">
                <name>Unterrath</name>
                <description>                    category  : locality of Düsseldorf &lt;br&gt;   
                    sitelinks : 5.0 &lt;br&gt;   
                    articleEN : https://en.wikipedia.org/wiki/Unterrath &lt;br&gt;             
                    articleDE : https://de.wikipedia.org/wiki/Unterrath &lt;br&gt;              
                    wikidata_link : http://www.wikidata.org/entity/Q2498723</description>
                <styleUrl>#29</styleUrl>
                <Point id="1994">
                    <coordinates>6.79056,51.2736,0.0</coordinates>
                </Point>
            </Placemark>
            <Placemark id="1997">
                <name>University and State Library Düsseldorf</name>
                <description>                    category  : state library of Germany &lt;br&gt;   
                    sitelinks : 5.0 &lt;br&gt;   
                    articleEN : https://en.wikipedia.org/wiki/University_and_State_Library_D%C3%BCsseldorf &lt;br&gt;             
                    articleDE : https://de.wikipedia.org/wiki/Universit%C3%A4ts-_und_Landesbibliothek_D%C3%BCsseldorf &lt;br&gt;              
                    wikidata_link : http://www.wikidata.org/entity/Q2496254</description>
                <styleUrl>#29</styleUrl>
                <Point id="1996">
                    <coordinates>6.79494,51.1884,0.0</coordinates>
                </Point>
            </Placemark>
            <Placemark id="1999">
                <name>Große Synagoge (Düsseldorf)</name>
                <description>                    category  : destroyed building or structure &lt;br&gt;   
                    sitelinks : 5.0 &lt;br&gt;   
                    articleEN :  &lt;br&gt;             
                    articleDE : https://de.wikipedia.org/wiki/Gro%C3%9Fe_Synagoge_(D%C3%BCsseldorf) &lt;br&gt;              
                    wikidata_link : http://www.wikidata.org/entity/Q1548425</description>
                <styleUrl>#29</styleUrl>
                <Point id="1998">
                    <coordinates>6.77507,51.2202,0.0</coordinates>
                </Point>
            </Placemark>
            <Placemark id="2001">
                <name>Grefrath</name>
                <description>                    category  : Ortsteil &lt;br&gt;   
                    sitelinks : 5.0 &lt;br&gt;   
                    articleEN : https://en.wikipedia.org/wiki/Grefrath,_Neuss &lt;br&gt;             
                    articleDE : https://de.wikipedia.org/wiki/Grefrath_(Neuss) &lt;br&gt;              
                    wikidata_link : http://www.wikidata.org/entity/Q1544862</description>
                <styleUrl>#29</styleUrl>
                <Point id="2000">
                    <coordinates>6.63291,51.1721,0.0</coordinates>
                </Point>
            </Placemark>
            <Placemark id="2003">
                <name>Breidenbacher Hof</name>
                <description>                    category  : architectural structure &lt;br&gt;   
                    sitelinks : 5.0 &lt;br&gt;   
                    articleEN : https://en.wikipedia.org/wiki/Breidenbacher_Hof &lt;br&gt;             
                    articleDE : https://de.wikipedia.org/wiki/Breidenbacher_Hof &lt;br&gt;              
                    wikidata_link : http://www.wikidata.org/entity/Q905565</description>
                <styleUrl>#29</styleUrl>
                <Point id="2002">
                    <coordinates>6.777778,51.225278,0.0</coordinates>
                </Point>
            </Placemark>
            <Placemark id="2005">
                <name>Angermund</name>
                <description>                    category  : quarter &lt;br&gt;   
                    sitelinks : 5.0 &lt;br&gt;   
                    articleEN : https://en.wikipedia.org/wiki/Angermund &lt;br&gt;             
                    articleDE : https://de.wikipedia.org/wiki/Angermund &lt;br&gt;              
                    wikidata_link : http://www.wikidata.org/entity/Q315481</description>
                <styleUrl>#29</styleUrl>
                <Point id="2004">
                    <coordinates>6.78011,51.33,0.0</coordinates>
                </Point>
            </Placemark>
            <Placemark id="2007">
                <name>Robert Schumann Hochschule</name>
                <description>                    category  : conservatory &lt;br&gt;   
                    sitelinks : 5.0 &lt;br&gt;   
                    articleEN : https://en.wikipedia.org/wiki/Robert_Schumann_Hochschule &lt;br&gt;             
                    articleDE : https://de.wikipedia.org/wiki/Robert_Schumann_Hochschule_D%C3%BCsseldorf &lt;br&gt;              
                    wikidata_link : http://www.wikidata.org/entity/Q315238</description>
                <styleUrl>#29</styleUrl>
                <Point id="2006">
                    <coordinates>6.771944,51.242222,0.0</coordinates>
                </Point>
            </Placemark>
            <Placemark id="2009">
                <name>Pempelfort</name>
                <description>                    category  : locality of Düsseldorf &lt;br&gt;   
                    sitelinks : 5.0 &lt;br&gt;   
                    articleEN : https://en.wikipedia.org/wiki/Pempelfort &lt;br&gt;             
                    articleDE : https://de.wikipedia.org/wiki/Pempelfort &lt;br&gt;              
                    wikidata_link : http://www.wikidata.org/entity/Q315215</description>
                <styleUrl>#29</styleUrl>
                <Point id="2008">
                    <coordinates>6.78694,51.2381,0.0</coordinates>
                </Point>
            </Placemark>
            <Placemark id="2011">
                <name>Dreischeibenhaus</name>
                <description>                    category  : tower block &lt;br&gt;   
                    sitelinks : 5.0 &lt;br&gt;   
                    articleEN : https://en.wikipedia.org/wiki/Dreischeibenhaus &lt;br&gt;             
                    articleDE : https://de.wikipedia.org/wiki/Dreischeibenhaus &lt;br&gt;              
                    wikidata_link : http://www.wikidata.org/entity/Q251582</description>
                <styleUrl>#29</styleUrl>
                <Point id="2010">
                    <coordinates>6.78222222,51.22777778,0.0</coordinates>
                </Point>
            </Placemark>
            <Placemark id="2013">
                <name>Düsseldorfer Schauspielhaus</name>
                <description>                    category  : theatre company &lt;br&gt;   
                    sitelinks : 5.0 &lt;br&gt;   
                    articleEN : https://en.wikipedia.org/wiki/D%C3%BCsseldorfer_Schauspielhaus &lt;br&gt;             
                    articleDE : https://de.wikipedia.org/wiki/D%C3%BCsseldorfer_Schauspielhaus &lt;br&gt;              
                    wikidata_link : http://www.wikidata.org/entity/Q882133</description>
                <styleUrl>#29</styleUrl>
                <Point id="2012">
                    <coordinates>6.783328,51.228146,0.0</coordinates>
                </Point>
            </Placemark>
            <Placemark id="2015">
                <name>Max Planck Institute for Sustainable Materials</name>
                <description>                    category  : Max Planck Institute &lt;br&gt;   
                    sitelinks : 5.0 &lt;br&gt;   
                    articleEN : https://en.wikipedia.org/wiki/Max_Planck_Institute_for_Sustainable_Materials &lt;br&gt;             
                    articleDE : https://de.wikipedia.org/wiki/Max-Planck-Institut_f%C3%BCr_Nachhaltige_Materialien &lt;br&gt;              
                    wikidata_link : http://www.wikidata.org/entity/Q881977</description>
                <styleUrl>#29</styleUrl>
                <Point id="2014">
                    <coordinates>6.8130555555556,51.239444444444,0.0</coordinates>
                </Point>
            </Placemark>
            <Placemark id="2017">
                <name>Stadttor</name>
                <description>                    category  : office building &lt;br&gt;   
                    sitelinks : 5.0 &lt;br&gt;   
                    articleEN : https://en.wikipedia.org/wiki/Stadttor &lt;br&gt;             
                    articleDE : https://de.wikipedia.org/wiki/Stadttor_(D%C3%BCsseldorf) &lt;br&gt;              
                    wikidata_link : http://www.wikidata.org/entity/Q881790</description>
                <styleUrl>#29</styleUrl>
                <Point id="2016">
                    <coordinates>6.7612222222222,51.215544444444,0.0</coordinates>
                </Point>
            </Placemark>
            <Placemark id="2019">
                <name>Wittlaer</name>
                <description>                    category  : Ortsteil &lt;br&gt;   
                    sitelinks : 5.0 &lt;br&gt;   
                    articleEN : https://en.wikipedia.org/wiki/Wittlaer &lt;br&gt;             
                    articleDE : https://de.wikipedia.org/wiki/Wittlaer &lt;br&gt;              
                    wikidata_link : http://www.wikidata.org/entity/Q881495</description>
                <styleUrl>#29</styleUrl>
                <Point id="2018">
                    <coordinates>6.74333,51.3186,0.0</coordinates>
                </Point>
            </Placemark>
            <Placemark id="2021">
                <name>Hülchrath</name>
                <description>                    category  : Ortsteil &lt;br&gt;   
                    sitelinks : 5.0 &lt;br&gt;   
                    articleEN : https://en.wikipedia.org/wiki/H%C3%BClchrath &lt;br&gt;             
                    articleDE : https://de.wikipedia.org/wiki/Stadt_H%C3%BClchrath &lt;br&gt;              
                    wikidata_link : http://www.wikidata.org/entity/Q880435</description>
                <styleUrl>#29</styleUrl>
                <Point id="2020">
                    <coordinates>6.6611111111111,51.1225,0.0</coordinates>
                </Point>
            </Placemark>
            <Placemark id="2023">
                <name>Theodor Heuss Bridge</name>
                <description>                    category  : cable-stayed bridge &lt;br&gt;   
                    sitelinks : 5.0 &lt;br&gt;   
                    articleEN : https://en.wikipedia.org/wiki/Theodor_Heuss_Bridge_(D%C3%BCsseldorf) &lt;br&gt;             
                    articleDE : https://de.wikipedia.org/wiki/Theodor-Heuss-Br%C3%BCcke_(D%C3%BCsseldorf) &lt;br&gt;              
                    wikidata_link : http://www.wikidata.org/entity/Q876943</description>
                <styleUrl>#29</styleUrl>
                <Point id="2022">
                    <coordinates>6.7597222222222,51.246944444444,0.0</coordinates>
                </Point>
            </Placemark>
            <Placemark id="2025">
                <name>Hochschule Düsseldorf</name>
                <description>                    category  : public university &lt;br&gt;   
                    sitelinks : 5.0 &lt;br&gt;   
                    articleEN : https://en.wikipedia.org/wiki/Hochschule_D%C3%BCsseldorf &lt;br&gt;             
                    articleDE : https://de.wikipedia.org/wiki/Hochschule_D%C3%BCsseldorf &lt;br&gt;              
                    wikidata_link : http://www.wikidata.org/entity/Q322886</description>
                <styleUrl>#29</styleUrl>
                <Point id="2024">
                    <coordinates>6.7913611111111,51.247388888889,0.0</coordinates>
                </Point>
            </Placemark>
            <Placemark id="2027">
                <name>Tonhalle Düsseldorf</name>
                <description>                    category  : concert hall &lt;br&gt;   
                    sitelinks : 5.0 &lt;br&gt;   
                    articleEN : https://en.wikipedia.org/wiki/Tonhalle_D%C3%BCsseldorf &lt;br&gt;             
                    articleDE : https://de.wikipedia.org/wiki/Tonhalle_D%C3%BCsseldorf &lt;br&gt;              
                    wikidata_link : http://www.wikidata.org/entity/Q139206</description>
                <styleUrl>#29</styleUrl>
                <Point id="2026">
                    <coordinates>6.77278,51.2319,0.0</coordinates>
                </Point>
            </Placemark>
            <Placemark id="2029">
                <name>Düsseldorfer Schloss</name>
                <description>                    category  : residence &lt;br&gt;   
                    sitelinks : 6.0 &lt;br&gt;   
                    articleEN : https://en.wikipedia.org/wiki/D%C3%BCsseldorf_Castle &lt;br&gt;             
                    articleDE : https://de.wikipedia.org/wiki/D%C3%BCsseldorfer_Schloss &lt;br&gt;              
                    wikidata_link : http://www.wikidata.org/entity/Q1272393</description>
                <styleUrl>#29</styleUrl>
                <Point id="2028">
                    <coordinates>6.77111,51.2275,0.0</coordinates>
                </Point>
            </Placemark>
            <Placemark id="2031">
                <name>Derendorf</name>
                <description>                    category  : locality of Düsseldorf &lt;br&gt;   
                    sitelinks : 6.0 &lt;br&gt;   
                    articleEN : https://en.wikipedia.org/wiki/Derendorf &lt;br&gt;             
                    articleDE : https://de.wikipedia.org/wiki/Derendorf &lt;br&gt;              
                    wikidata_link : http://www.wikidata.org/entity/Q458131</description>
                <styleUrl>#29</styleUrl>
                <Point id="2030">
                    <coordinates>6.79222,51.2439,0.0</coordinates>
                </Point>
            </Placemark>
            <Placemark id="2033">
                <name>Textilfabrik Cromford</name>
                <description>                    category  : architectural heritage monument &lt;br&gt;   
                    sitelinks : 6.0 &lt;br&gt;   
                    articleEN : https://en.wikipedia.org/wiki/Textilfabrik_Cromford &lt;br&gt;             
                    articleDE : https://de.wikipedia.org/wiki/Textilfabrik_Cromford &lt;br&gt;              
                    wikidata_link : http://www.wikidata.org/entity/Q1586071</description>
                <styleUrl>#29</styleUrl>
                <Point id="2032">
                    <coordinates>6.85344,51.30617,0.0</coordinates>
                </Point>
            </Placemark>
            <Placemark id="2035">
                <name>Schwarzbach</name>
                <description>                    category  : river &lt;br&gt;   
                    sitelinks : 6.0 &lt;br&gt;   
                    articleEN : https://en.wikipedia.org/wiki/Schwarzbach_(Bergisches_Land) &lt;br&gt;             
                    articleDE : https://de.wikipedia.org/wiki/Schwarzbach_(Rhein,_Wittlaer) &lt;br&gt;              
                    wikidata_link : http://www.wikidata.org/entity/Q2253493</description>
                <styleUrl>#29</styleUrl>
                <Point id="2034">
                    <coordinates>6.735,51.3222,0.0</coordinates>
                </Point>
            </Placemark>
            <Placemark id="2037">
                <name>Strümp</name>
                <description>                    category  : Ortsteil &lt;br&gt;   
                    sitelinks : 6.0 &lt;br&gt;   
                    articleEN : https://en.wikipedia.org/wiki/Str%C3%BCmp &lt;br&gt;             
                    articleDE : https://de.wikipedia.org/wiki/Str%C3%BCmp &lt;br&gt;              
                    wikidata_link : http://www.wikidata.org/entity/Q829042</description>
                <styleUrl>#29</styleUrl>
                <Point id="2036">
                    <coordinates>6.6597222222222,51.283888888889,0.0</coordinates>
                </Point>
            </Placemark>
            <Placemark id="2039">
                <name>New Synagogue</name>
                <description>                    category  : architectural structure &lt;br&gt;   
                    sitelinks : 6.0 &lt;br&gt;   
                    articleEN : https://en.wikipedia.org/wiki/New_Synagogue_(D%C3%BCsseldorf) &lt;br&gt;             
                    articleDE : https://de.wikipedia.org/wiki/Neue_Synagoge_(D%C3%BCsseldorf) &lt;br&gt;              
                    wikidata_link : http://www.wikidata.org/entity/Q823014</description>
                <styleUrl>#29</styleUrl>
                <Point id="2038">
                    <coordinates>6.77861111,51.24305556,0.0</coordinates>
                </Point>
            </Placemark>
            <Placemark id="2041">
                <name>Neuer Zollhof</name>
                <description>                    category  : architectural ensemble &lt;br&gt;   
                    sitelinks : 6.0 &lt;br&gt;   
                    articleEN : https://en.wikipedia.org/wiki/Neuer_Zollhof &lt;br&gt;             
                    articleDE : https://de.wikipedia.org/wiki/Neuer_Zollhof &lt;br&gt;              
                    wikidata_link : http://www.wikidata.org/entity/Q822071</description>
                <styleUrl>#29</styleUrl>
                <Point id="2040">
                    <coordinates>6.7577083333333,51.216197222222,0.0</coordinates>
                </Point>
            </Placemark>
            <Placemark id="2043">
                <name>District 7</name>
                <description>                    category  : district of Düsseldorf &lt;br&gt;   
                    sitelinks : 6.0 &lt;br&gt;   
                    articleEN : https://en.wikipedia.org/wiki/Borough_7_(D%C3%BCsseldorf) &lt;br&gt;             
                    articleDE : https://de.wikipedia.org/wiki/Stadtbezirk_7_(D%C3%BCsseldorf) &lt;br&gt;              
                    wikidata_link : http://www.wikidata.org/entity/Q323826</description>
                <styleUrl>#29</styleUrl>
                <Point id="2042">
                    <coordinates>6.8641666666667,51.236944444444,0.0</coordinates>
                </Point>
            </Placemark>
            <Placemark id="2045">
                <name>District 4</name>
                <description>                    category  : district of Düsseldorf &lt;br&gt;   
                    sitelinks : 6.0 &lt;br&gt;   
                    articleEN : https://en.wikipedia.org/wiki/Borough_4_(D%C3%BCsseldorf) &lt;br&gt;             
                    articleDE : https://de.wikipedia.org/wiki/Stadtbezirk_4_(D%C3%BCsseldorf) &lt;br&gt;              
                    wikidata_link : http://www.wikidata.org/entity/Q323607</description>
                <styleUrl>#29</styleUrl>
                <Point id="2044">
                    <coordinates>6.7547222222222,51.230277777778,0.0</coordinates>
                </Point>
            </Placemark>
            <Placemark id="2047">
                <name>District 5</name>
                <description>                    category  : district of Düsseldorf &lt;br&gt;   
                    sitelinks : 6.0 &lt;br&gt;   
                    articleEN : https://en.wikipedia.org/wiki/Borough_5_(D%C3%BCsseldorf) &lt;br&gt;             
                    articleDE : https://de.wikipedia.org/wiki/Stadtbezirk_5_(D%C3%BCsseldorf) &lt;br&gt;              
                    wikidata_link : http://www.wikidata.org/entity/Q323588</description>
                <styleUrl>#29</styleUrl>
                <Point id="2046">
                    <coordinates>6.7391666666667,51.297222222222,0.0</coordinates>
                </Point>
            </Placemark>
            <Placemark id="2049">
                <name>District 9</name>
                <description>                    category  : district of Düsseldorf &lt;br&gt;   
                    sitelinks : 6.0 &lt;br&gt;   
                    articleEN : https://en.wikipedia.org/wiki/Borough_9_(D%C3%BCsseldorf) &lt;br&gt;             
                    articleDE : https://de.wikipedia.org/wiki/Stadtbezirk_9_(D%C3%BCsseldorf) &lt;br&gt;              
                    wikidata_link : http://www.wikidata.org/entity/Q323577</description>
                <styleUrl>#29</styleUrl>
                <Point id="2048">
                    <coordinates>6.8691666666667,51.164166666667,0.0</coordinates>
                </Point>
            </Placemark>
            <Placemark id="2051">
                <name>Rheinknie Bridge</name>
                <description>                    category  : cable-stayed bridge &lt;br&gt;   
                    sitelinks : 6.0 &lt;br&gt;   
                    articleEN : https://en.wikipedia.org/wiki/Rheinkniebr%C3%BCcke &lt;br&gt;             
                    articleDE : https://de.wikipedia.org/wiki/Rheinkniebr%C3%BCcke &lt;br&gt;              
                    wikidata_link : http://www.wikidata.org/entity/Q2147862</description>
                <styleUrl>#29</styleUrl>
                <Point id="2050">
                    <coordinates>6.7641666666667,51.220833333333,0.0</coordinates>
                </Point>
            </Placemark>
            <Placemark id="2053">
                <name>Schloss Kalkum</name>
                <description>                    category  : castle &lt;br&gt;   
                    sitelinks : 6.0 &lt;br&gt;   
                    articleEN : https://en.wikipedia.org/wiki/Kalkum_Castle &lt;br&gt;             
                    articleDE : https://de.wikipedia.org/wiki/Schloss_Kalkum &lt;br&gt;              
                    wikidata_link : http://www.wikidata.org/entity/Q1548863</description>
                <styleUrl>#29</styleUrl>
                <Point id="2052">
                    <coordinates>6.7569444444444,51.304166666667,0.0</coordinates>
                </Point>
            </Placemark>
            <Placemark id="2055">
                <name>Nordkanal</name>
                <description>                    category  : canal &lt;br&gt;   
                    sitelinks : 6.0 &lt;br&gt;   
                    articleEN :  &lt;br&gt;             
                    articleDE : https://de.wikipedia.org/wiki/Nordkanal &lt;br&gt;              
                    wikidata_link : http://www.wikidata.org/entity/Q316300</description>
                <styleUrl>#29</styleUrl>
                <Point id="2054">
                    <coordinates>6.5622,51.22825,0.0</coordinates>
                </Point>
            </Placemark>
            <Placemark id="2057">
                <name>7th Panzer Division (Bundeswehr)</name>
                <description>                    category  : Panzer division &lt;br&gt;   
                    sitelinks : 6.0 &lt;br&gt;   
                    articleEN : https://en.wikipedia.org/wiki/7th_Panzer_Division_(Bundeswehr) &lt;br&gt;             
                    articleDE : https://de.wikipedia.org/wiki/7._Panzerdivision_(Bundeswehr) &lt;br&gt;              
                    wikidata_link : http://www.wikidata.org/entity/Q260803</description>
                <styleUrl>#29</styleUrl>
                <Point id="2056">
                    <coordinates>6.818819,51.247357,0.0</coordinates>
                </Point>
            </Placemark>
            <Placemark id="2059">
                <name>District 8</name>
                <description>                    category  : district of Düsseldorf &lt;br&gt;   
                    sitelinks : 6.0 &lt;br&gt;   
                    articleEN : https://en.wikipedia.org/wiki/Borough_8_(D%C3%BCsseldorf) &lt;br&gt;             
                    articleDE : https://de.wikipedia.org/wiki/Stadtbezirk_8_(D%C3%BCsseldorf) &lt;br&gt;              
                    wikidata_link : http://www.wikidata.org/entity/Q870865</description>
                <styleUrl>#29</styleUrl>
                <Point id="2058">
                    <coordinates>6.8275,51.2092,0.0</coordinates>
                </Point>
            </Placemark>
            <Placemark id="2061">
                <name>Bilk</name>
                <description>                    category  : locality of Düsseldorf &lt;br&gt;   
                    sitelinks : 6.0 &lt;br&gt;   
                    articleEN : https://en.wikipedia.org/wiki/Bilk &lt;br&gt;             
                    articleDE : https://de.wikipedia.org/wiki/Bilk &lt;br&gt;              
                    wikidata_link : http://www.wikidata.org/entity/Q861878</description>
                <styleUrl>#29</styleUrl>
                <Point id="2060">
                    <coordinates>6.77667,51.2081,0.0</coordinates>
                </Point>
            </Placemark>
            <Placemark id="2063">
                <name>Castra Gelduba</name>
                <description>                    category  : castrum &lt;br&gt;   
                    sitelinks : 6.0 &lt;br&gt;   
                    articleEN :  &lt;br&gt;             
                    articleDE : https://de.wikipedia.org/wiki/Gelduba &lt;br&gt;              
                    wikidata_link : http://www.wikidata.org/entity/Q835315</description>
                <styleUrl>#29</styleUrl>
                <Point id="2062">
                    <coordinates>6.6825,51.3332,0.0</coordinates>
                </Point>
            </Placemark>
            <Placemark id="2065">
                <name>District 10</name>
                <description>                    category  : district of Düsseldorf &lt;br&gt;   
                    sitelinks : 6.0 &lt;br&gt;   
                    articleEN : https://en.wikipedia.org/wiki/Borough_10_(D%C3%BCsseldorf) &lt;br&gt;             
                    articleDE : https://de.wikipedia.org/wiki/Stadtbezirk_10_(D%C3%BCsseldorf) &lt;br&gt;              
                    wikidata_link : http://www.wikidata.org/entity/Q831067</description>
                <styleUrl>#29</styleUrl>
                <Point id="2064">
                    <coordinates>6.89528,51.1489,0.0</coordinates>
                </Point>
            </Placemark>
            <Placemark id="2067">
                <name>District 6</name>
                <description>                    category  : district of Düsseldorf &lt;br&gt;   
                    sitelinks : 6.0 &lt;br&gt;   
                    articleEN : https://en.wikipedia.org/wiki/Borough_6_(D%C3%BCsseldorf) &lt;br&gt;             
                    articleDE : https://de.wikipedia.org/wiki/Stadtbezirk_6_(D%C3%BCsseldorf) &lt;br&gt;              
                    wikidata_link : http://www.wikidata.org/entity/Q831039</description>
                <styleUrl>#29</styleUrl>
                <Point id="2066">
                    <coordinates>6.81417,51.2661,0.0</coordinates>
                </Point>
            </Placemark>
            <Placemark id="2069">
                <name>Wersten</name>
                <description>                    category  : locality of Düsseldorf &lt;br&gt;   
                    sitelinks : 6.0 &lt;br&gt;   
                    articleEN : https://en.wikipedia.org/wiki/Wersten &lt;br&gt;             
                    articleDE : https://de.wikipedia.org/wiki/Wersten &lt;br&gt;              
                    wikidata_link : http://www.wikidata.org/entity/Q882560</description>
                <styleUrl>#29</styleUrl>
                <Point id="2068">
                    <coordinates>6.81639,51.1817,0.0</coordinates>
                </Point>
            </Placemark>
            <Placemark id="2071">
                <name>Düsseldorf Hafen</name>
                <description>                    category  : locality of Düsseldorf &lt;br&gt;   
                    sitelinks : 6.0 &lt;br&gt;   
                    articleEN : https://en.wikipedia.org/wiki/D%C3%BCsseldorf-Hafen &lt;br&gt;             
                    articleDE : https://de.wikipedia.org/wiki/Hafen_(D%C3%BCsseldorf) &lt;br&gt;              
                    wikidata_link : http://www.wikidata.org/entity/Q876240</description>
                <styleUrl>#29</styleUrl>
                <Point id="2070">
                    <coordinates>6.75778,51.2192,0.0</coordinates>
                </Point>
            </Placemark>
            <Placemark id="2073">
                <name>Gillbach</name>
                <description>                    category  : river &lt;br&gt;   
                    sitelinks : 6.0 &lt;br&gt;   
                    articleEN : https://en.wikipedia.org/wiki/Gillbach &lt;br&gt;             
                    articleDE : https://de.wikipedia.org/wiki/Gillbach &lt;br&gt;              
                    wikidata_link : http://www.wikidata.org/entity/Q589054</description>
                <styleUrl>#29</styleUrl>
                <Point id="2072">
                    <coordinates>6.6889305555556,51.160366666667,0.0</coordinates>
                </Point>
            </Placemark>
            <Placemark id="2075">
                <name>District 2</name>
                <description>                    category  : district of Düsseldorf &lt;br&gt;   
                    sitelinks : 6.0 &lt;br&gt;   
                    articleEN : https://en.wikipedia.org/wiki/Borough_2_(D%C3%BCsseldorf) &lt;br&gt;             
                    articleDE : https://de.wikipedia.org/wiki/Stadtbezirk_2_(D%C3%BCsseldorf) &lt;br&gt;              
                    wikidata_link : http://www.wikidata.org/entity/Q320896</description>
                <styleUrl>#29</styleUrl>
                <Point id="2074">
                    <coordinates>6.8130555555556,51.226944444444,0.0</coordinates>
                </Point>
            </Placemark>
            <Placemark id="2077">
                <name>Flehe Bridge</name>
                <description>                    category  : cable-stayed bridge &lt;br&gt;   
                    sitelinks : 6.0 &lt;br&gt;   
                    articleEN : https://en.wikipedia.org/wiki/Flehe_Bridge &lt;br&gt;             
                    articleDE : https://de.wikipedia.org/wiki/Fleher_Br%C3%BCcke &lt;br&gt;              
                    wikidata_link : http://www.wikidata.org/entity/Q319850</description>
                <styleUrl>#29</styleUrl>
                <Point id="2076">
                    <coordinates>6.7751305555556,51.185544444444,0.0</coordinates>
                </Point>
            </Placemark>
            <Placemark id="2079">
                <name>Gerresheim</name>
                <description>                    category  : locality of Düsseldorf &lt;br&gt;   
                    sitelinks : 6.0 &lt;br&gt;   
                    articleEN : https://en.wikipedia.org/wiki/Gerresheim &lt;br&gt;             
                    articleDE : https://de.wikipedia.org/wiki/Gerresheim &lt;br&gt;              
                    wikidata_link : http://www.wikidata.org/entity/Q472141</description>
                <styleUrl>#29</styleUrl>
                <Point id="2078">
                    <coordinates>6.86611,51.2394,0.0</coordinates>
                </Point>
            </Placemark>
            <Placemark id="2081">
                <name>Garath</name>
                <description>                    category  : locality of Düsseldorf &lt;br&gt;   
                    sitelinks : 6.0 &lt;br&gt;   
                    articleEN : https://en.wikipedia.org/wiki/D%C3%BCsseldorf-Garath &lt;br&gt;             
                    articleDE : https://de.wikipedia.org/wiki/Garath &lt;br&gt;              
                    wikidata_link : http://www.wikidata.org/entity/Q460145</description>
                <styleUrl>#29</styleUrl>
                <Point id="2080">
                    <coordinates>6.89722,51.1433,0.0</coordinates>
                </Point>
            </Placemark>
            <Placemark id="2083">
                <name>Carlstadt</name>
                <description>                    category  : locality of Düsseldorf &lt;br&gt;   
                    sitelinks : 6.0 &lt;br&gt;   
                    articleEN : https://en.wikipedia.org/wiki/D%C3%BCsseldorf-Carlstadt &lt;br&gt;             
                    articleDE : https://de.wikipedia.org/wiki/Carlstadt_(D%C3%BCsseldorf) &lt;br&gt;              
                    wikidata_link : http://www.wikidata.org/entity/Q142760</description>
                <styleUrl>#29</styleUrl>
                <Point id="2082">
                    <coordinates>6.77083,51.2228,0.0</coordinates>
                </Point>
            </Placemark>
            <Placemark id="2085">
                <name>Altstadt</name>
                <description>                    category  : old town &lt;br&gt;   
                    sitelinks : 7.0 &lt;br&gt;   
                    articleEN : https://en.wikipedia.org/wiki/Altstadt_(D%C3%BCsseldorf) &lt;br&gt;             
                    articleDE : https://de.wikipedia.org/wiki/Altstadt_(D%C3%BCsseldorf) &lt;br&gt;              
                    wikidata_link : http://www.wikidata.org/entity/Q445486</description>
                <styleUrl>#29</styleUrl>
                <Point id="2084">
                    <coordinates>6.77361,51.2289,0.0</coordinates>
                </Point>
            </Placemark>
            <Placemark id="2087">
                <name>Itter</name>
                <description>                    category  : river &lt;br&gt;   
                    sitelinks : 7.0 &lt;br&gt;   
                    articleEN : https://en.wikipedia.org/wiki/Itter_(Rhine) &lt;br&gt;             
                    articleDE : https://de.wikipedia.org/wiki/Itter_(Rhein) &lt;br&gt;              
                    wikidata_link : http://www.wikidata.org/entity/Q5122</description>
                <styleUrl>#29</styleUrl>
                <Point id="2086">
                    <coordinates>7.0760277777778,51.215527777778,0.0</coordinates>
                </Point>
            </Placemark>
            <Placemark id="2089">
                <name>Basilika St. Margareta</name>
                <description>                    category  : church building &lt;br&gt;   
                    sitelinks : 7.0 &lt;br&gt;   
                    articleEN :  &lt;br&gt;             
                    articleDE : https://de.wikipedia.org/wiki/Basilika_St._Margareta &lt;br&gt;              
                    wikidata_link : http://www.wikidata.org/entity/Q810113</description>
                <styleUrl>#29</styleUrl>
                <Point id="2088">
                    <coordinates>6.86296,51.2371,0.0</coordinates>
                </Point>
            </Placemark>
            <Placemark id="2091">
                <name>Düsseldorf Airport Terminal station</name>
                <description>                    category  : S-Bahn station &lt;br&gt;   
                    sitelinks : 7.0 &lt;br&gt;   
                    articleEN : https://en.wikipedia.org/wiki/D%C3%BCsseldorf_Airport_Terminal_station &lt;br&gt;             
                    articleDE : https://de.wikipedia.org/wiki/Bahnhof_D%C3%BCsseldorf_Flughafen_Terminal &lt;br&gt;              
                    wikidata_link : http://www.wikidata.org/entity/Q323405</description>
                <styleUrl>#29</styleUrl>
                <Point id="2090">
                    <coordinates>6.76833,51.2792,0.0</coordinates>
                </Point>
            </Placemark>
            <Placemark id="2093">
                <name>Oberkassel</name>
                <description>                    category  : locality of Düsseldorf &lt;br&gt;   
                    sitelinks : 7.0 &lt;br&gt;   
                    articleEN : https://en.wikipedia.org/wiki/D%C3%BCsseldorf-Oberkassel &lt;br&gt;             
                    articleDE : https://de.wikipedia.org/wiki/Oberkassel_(D%C3%BCsseldorf) &lt;br&gt;              
                    wikidata_link : http://www.wikidata.org/entity/Q896850</description>
                <styleUrl>#29</styleUrl>
                <Point id="2092">
                    <coordinates>6.755,51.2303,0.0</coordinates>
                </Point>
            </Placemark>
            <Placemark id="2095">
                <name>Langen Foundation</name>
                <description>                    category  : foundation &lt;br&gt;   
                    sitelinks : 7.0 &lt;br&gt;   
                    articleEN : https://en.wikipedia.org/wiki/Langen_Foundation &lt;br&gt;             
                    articleDE : https://de.wikipedia.org/wiki/Langen_Foundation &lt;br&gt;              
                    wikidata_link : http://www.wikidata.org/entity/Q830675</description>
                <styleUrl>#29</styleUrl>
                <Point id="2094">
                    <coordinates>6.6446111111111,51.152383333333,0.0</coordinates>
                </Point>
            </Placemark>
            <Placemark id="2097">
                <name>District 3</name>
                <description>                    category  : district of Düsseldorf &lt;br&gt;   
                    sitelinks : 7.0 &lt;br&gt;   
                    articleEN : https://en.wikipedia.org/wiki/Borough_3_(D%C3%BCsseldorf) &lt;br&gt;             
                    articleDE : https://de.wikipedia.org/wiki/Stadtbezirk_3_(D%C3%BCsseldorf) &lt;br&gt;              
                    wikidata_link : http://www.wikidata.org/entity/Q322875</description>
                <styleUrl>#29</styleUrl>
                <Point id="2096">
                    <coordinates>6.7766666666667,51.208055555556,0.0</coordinates>
                </Point>
            </Placemark>
            <Placemark id="2099">
                <name>North Rhine-Westphalia Academy for Sciences and Arts</name>
                <description>                    category  : academy of sciences &lt;br&gt;   
                    sitelinks : 7.0 &lt;br&gt;   
                    articleEN : https://en.wikipedia.org/wiki/North_Rhine-Westphalian_Academy_of_Sciences,_Humanities_and_the_Arts &lt;br&gt;             
                    articleDE : https://de.wikipedia.org/wiki/Nordrhein-Westf%C3%A4lische_Akademie_der_Wissenschaften_und_der_K%C3%BCnste &lt;br&gt;              
                    wikidata_link : http://www.wikidata.org/entity/Q320642</description>
                <styleUrl>#29</styleUrl>
                <Point id="2098">
                    <coordinates>6.77141,51.20964,0.0</coordinates>
                </Point>
            </Placemark>
            <Placemark id="2101">
                <name>Castra Novaesium</name>
                <description>                    category  : castrum &lt;br&gt;   
                    sitelinks : 7.0 &lt;br&gt;   
                    articleEN : https://en.wikipedia.org/wiki/Novaesium &lt;br&gt;             
                    articleDE : https://de.wikipedia.org/wiki/Novaesium &lt;br&gt;              
                    wikidata_link : http://www.wikidata.org/entity/Q318196</description>
                <styleUrl>#29</styleUrl>
                <Point id="2100">
                    <coordinates>6.72194,51.1839,0.0</coordinates>
                </Point>
            </Placemark>
            <Placemark id="2103">
                <name>Mitsubishi Electric Halle</name>
                <description>                    category  : multi-purpose hall &lt;br&gt;   
                    sitelinks : 7.0 &lt;br&gt;   
                    articleEN : https://en.wikipedia.org/wiki/Mitsubishi_Electric_Halle &lt;br&gt;             
                    articleDE : https://de.wikipedia.org/wiki/Mitsubishi_Electric_Halle &lt;br&gt;              
                    wikidata_link : http://www.wikidata.org/entity/Q318120</description>
                <styleUrl>#29</styleUrl>
                <Point id="2102">
                    <coordinates>6.80861111,51.20638889,0.0</coordinates>
                </Point>
            </Placemark>
            <Placemark id="2105">
                <name>Düsseldorf-Benrath station</name>
                <description>                    category  : S-Bahn station &lt;br&gt;   
                    sitelinks : 7.0 &lt;br&gt;   
                    articleEN : https://en.wikipedia.org/wiki/D%C3%BCsseldorf-Benrath_station &lt;br&gt;             
                    articleDE : https://de.wikipedia.org/wiki/Haltepunkt_D%C3%BCsseldorf-Benrath &lt;br&gt;              
                    wikidata_link : http://www.wikidata.org/entity/Q473906</description>
                <styleUrl>#29</styleUrl>
                <Point id="2104">
                    <coordinates>6.8783888888889,51.16225,0.0</coordinates>
                </Point>
            </Placemark>
            <Placemark id="2107">
                <name>Neuss Central Station</name>
                <description>                    category  : central station &lt;br&gt;   
                    sitelinks : 7.0 &lt;br&gt;   
                    articleEN : https://en.wikipedia.org/wiki/Neuss_Hauptbahnhof &lt;br&gt;             
                    articleDE : https://de.wikipedia.org/wiki/Neuss_Hauptbahnhof &lt;br&gt;              
                    wikidata_link : http://www.wikidata.org/entity/Q472236</description>
                <styleUrl>#29</styleUrl>
                <Point id="2106">
                    <coordinates>6.6840277777778,51.204222222222,0.0</coordinates>
                </Point>
            </Placemark>
            <Placemark id="2109">
                <name>Johanneskirche</name>
                <description>                    category  : church building &lt;br&gt;   
                    sitelinks : 8.0 &lt;br&gt;   
                    articleEN : https://en.wikipedia.org/wiki/Johanneskirche,_D%C3%BCsseldorf &lt;br&gt;             
                    articleDE : https://de.wikipedia.org/wiki/Johanneskirche_(D%C3%BCsseldorf) &lt;br&gt;              
                    wikidata_link : http://www.wikidata.org/entity/Q1698830</description>
                <styleUrl>#29</styleUrl>
                <Point id="2108">
                    <coordinates>6.78244,51.2245,0.0</coordinates>
                </Point>
            </Placemark>
            <Placemark id="2111">
                <name>Arag-Tower</name>
                <description>                    category  : skyscraper &lt;br&gt;   
                    sitelinks : 8.0 &lt;br&gt;   
                    articleEN : https://en.wikipedia.org/wiki/Arag-Tower &lt;br&gt;             
                    articleDE : https://de.wikipedia.org/wiki/ARAG-Tower &lt;br&gt;              
                    wikidata_link : http://www.wikidata.org/entity/Q296392</description>
                <styleUrl>#29</styleUrl>
                <Point id="2110">
                    <coordinates>6.800556,51.25,0.0</coordinates>
                </Point>
            </Placemark>
            <Placemark id="2113">
                <name>Drupa</name>
                <description>                    category  : trade fair &lt;br&gt;   
                    sitelinks : 8.0 &lt;br&gt;   
                    articleEN : https://en.wikipedia.org/wiki/Drupa &lt;br&gt;             
                    articleDE : https://de.wikipedia.org/wiki/Drupa &lt;br&gt;              
                    wikidata_link : http://www.wikidata.org/entity/Q265549</description>
                <styleUrl>#29</styleUrl>
                <Point id="2112">
                    <coordinates>6.74252,51.2607,0.0</coordinates>
                </Point>
            </Placemark>
            <Placemark id="2115">
                <name>Stadtmitte</name>
                <description>                    category  : locality of Düsseldorf &lt;br&gt;   
                    sitelinks : 8.0 &lt;br&gt;   
                    articleEN : https://en.wikipedia.org/wiki/D%C3%BCsseldorf-Stadtmitte &lt;br&gt;             
                    articleDE : https://de.wikipedia.org/wiki/Stadtmitte_(D%C3%BCsseldorf) &lt;br&gt;              
                    wikidata_link : http://www.wikidata.org/entity/Q879822</description>
                <styleUrl>#29</styleUrl>
                <Point id="2114">
                    <coordinates>6.78694,51.2244,0.0</coordinates>
                </Point>
            </Placemark>
            <Placemark id="2117">
                <name>Church of St. Andrew</name>
                <description>                    category  : court church &lt;br&gt;   
                    sitelinks : 8.0 &lt;br&gt;   
                    articleEN : https://en.wikipedia.org/wiki/St._Andreas,_D%C3%BCsseldorf &lt;br&gt;             
                    articleDE : https://de.wikipedia.org/wiki/St._Andreas_(D%C3%BCsseldorf) &lt;br&gt;              
                    wikidata_link : http://www.wikidata.org/entity/Q501527</description>
                <styleUrl>#29</styleUrl>
                <Point id="2116">
                    <coordinates>6.775278,51.2275,0.0</coordinates>
                </Point>
            </Placemark>
            <Placemark id="2119">
                <name>Schloss Jägerhof</name>
                <description>                    category  : château &lt;br&gt;   
                    sitelinks : 8.0 &lt;br&gt;   
                    articleEN : https://en.wikipedia.org/wiki/Schloss_J%C3%A4gerhof &lt;br&gt;             
                    articleDE : https://de.wikipedia.org/wiki/Schloss_J%C3%A4gerhof &lt;br&gt;              
                    wikidata_link : http://www.wikidata.org/entity/Q175400</description>
                <styleUrl>#29</styleUrl>
                <Point id="2118">
                    <coordinates>6.78778,51.231,0.0</coordinates>
                </Point>
            </Placemark>
            <Placemark id="2121">
                <name>Düsseldorfer Löwensenf</name>
                <description>                    category  : trademark &lt;br&gt;   
                    sitelinks : 8.0 &lt;br&gt;   
                    articleEN : https://en.wikipedia.org/wiki/L%C3%B6wensenf &lt;br&gt;             
                    articleDE : https://de.wikipedia.org/wiki/L%C3%B6wensenf &lt;br&gt;              
                    wikidata_link : http://www.wikidata.org/entity/Q473411</description>
                <styleUrl>#29</styleUrl>
                <Point id="2120">
                    <coordinates>6.77741,51.28057,0.0</coordinates>
                </Point>
            </Placemark>
            <Placemark id="2123">
                <name>Kunsthalle Düsseldorf</name>
                <description>                    category  : museum &lt;br&gt;   
                    sitelinks : 9.0 &lt;br&gt;   
                    articleEN : https://en.wikipedia.org/wiki/Kunsthalle_D%C3%BCsseldorf &lt;br&gt;             
                    articleDE : https://de.wikipedia.org/wiki/Kunsthalle_D%C3%BCsseldorf &lt;br&gt;              
                    wikidata_link : http://www.wikidata.org/entity/Q324658</description>
                <styleUrl>#29</styleUrl>
                <Point id="2122">
                    <coordinates>6.77594,51.2276,0.0</coordinates>
                </Point>
            </Placemark>
            <Placemark id="2125">
                <name>Kleine Feldhofer Grotte</name>
                <description>                    category  : archaeological site &lt;br&gt;   
                    sitelinks : 9.0 &lt;br&gt;   
                    articleEN : https://en.wikipedia.org/wiki/Kleine_Feldhofer_Grotte &lt;br&gt;             
                    articleDE : https://de.wikipedia.org/wiki/Kleine_Feldhofer_Grotte &lt;br&gt;              
                    wikidata_link : http://www.wikidata.org/entity/Q6420219</description>
                <styleUrl>#29</styleUrl>
                <Point id="2124">
                    <coordinates>6.94555556,51.2275,0.0</coordinates>
                </Point>
            </Placemark>
            <Placemark id="2127">
                <name>St. Lambertus</name>
                <description>                    category  : minor basilica &lt;br&gt;   
                    sitelinks : 9.0 &lt;br&gt;   
                    articleEN :  &lt;br&gt;             
                    articleDE : https://de.wikipedia.org/wiki/St._Lambertus_(D%C3%BCsseldorf) &lt;br&gt;              
                    wikidata_link : http://www.wikidata.org/entity/Q876885</description>
                <styleUrl>#29</styleUrl>
                <Point id="2126">
                    <coordinates>6.77138889,51.22805556,0.0</coordinates>
                </Point>
            </Placemark>
            <Placemark id="2129">
                <name>District 1</name>
                <description>                    category  : district of Düsseldorf &lt;br&gt;   
                    sitelinks : 9.0 &lt;br&gt;   
                    articleEN : https://en.wikipedia.org/wiki/Borough_1_(D%C3%BCsseldorf) &lt;br&gt;             
                    articleDE : https://de.wikipedia.org/wiki/Stadtbezirk_1_(D%C3%BCsseldorf) &lt;br&gt;              
                    wikidata_link : http://www.wikidata.org/entity/Q551600</description>
                <styleUrl>#29</styleUrl>
                <Point id="2128">
                    <coordinates>6.7766666666667,51.225,0.0</coordinates>
                </Point>
            </Placemark>
            <Placemark id="2131">
                <name>Kunstsammlung Nordrhein-Westfalen</name>
                <description>                    category  : art museum &lt;br&gt;   
                    sitelinks : 9.0 &lt;br&gt;   
                    articleEN : https://en.wikipedia.org/wiki/Kunstsammlung_Nordrhein-Westfalen &lt;br&gt;             
                    articleDE : https://de.wikipedia.org/wiki/Kunstsammlung_Nordrhein-Westfalen &lt;br&gt;              
                    wikidata_link : http://www.wikidata.org/entity/Q548427</description>
                <styleUrl>#29</styleUrl>
                <Point id="2130">
                    <coordinates>6.77555556,51.22722222,0.0</coordinates>
                </Point>
            </Placemark>
            <Placemark id="2133">
                <name>ISS Dome</name>
                <description>                    category  : architectural structure &lt;br&gt;   
                    sitelinks : 9.0 &lt;br&gt;   
                    articleEN : https://en.wikipedia.org/wiki/PSD_Bank_Dome &lt;br&gt;             
                    articleDE : https://de.wikipedia.org/wiki/PSD_Bank_Dome &lt;br&gt;              
                    wikidata_link : http://www.wikidata.org/entity/Q319387</description>
                <styleUrl>#29</styleUrl>
                <Point id="2132">
                    <coordinates>6.811389,51.271944,0.0</coordinates>
                </Point>
            </Placemark>
            <Placemark id="2135">
                <name>Zons</name>
                <description>                    category  : quarter &lt;br&gt;   
                    sitelinks : 9.0 &lt;br&gt;   
                    articleEN : https://en.wikipedia.org/wiki/Zons &lt;br&gt;             
                    articleDE : https://de.wikipedia.org/wiki/Stadt_Zons &lt;br&gt;              
                    wikidata_link : http://www.wikidata.org/entity/Q219964</description>
                <styleUrl>#29</styleUrl>
                <Point id="2134">
                    <coordinates>6.84278,51.1219,0.0</coordinates>
                </Point>
            </Placemark>
            <Placemark id="2137">
                <name>Benrath</name>
                <description>                    category  : locality of Düsseldorf &lt;br&gt;   
                    sitelinks : 9.0 &lt;br&gt;   
                    articleEN : https://en.wikipedia.org/wiki/D%C3%BCsseldorf-Benrath &lt;br&gt;             
                    articleDE : https://de.wikipedia.org/wiki/Benrath &lt;br&gt;              
                    wikidata_link : http://www.wikidata.org/entity/Q459769</description>
                <styleUrl>#29</styleUrl>
                <Point id="2136">
                    <coordinates>6.87389,51.1614,0.0</coordinates>
                </Point>
            </Placemark>
        </Folder>
        <Folder id="12">
            <name>S</name>
            <Placemark id="2169">
                <name>Erft</name>
                <description>                    category  : river &lt;br&gt;   
                    sitelinks : 21.0 &lt;br&gt;   
                    articleEN : https://en.wikipedia.org/wiki/Erft &lt;br&gt;             
                    articleDE : https://de.wikipedia.org/wiki/Erft &lt;br&gt;              
                    wikidata_link : http://www.wikidata.org/entity/Q708840</description>
                <styleUrl>#icon-1739-E65100</styleUrl>
                <Point id="2168">
                    <coordinates>6.7317,51.1844,0.0</coordinates>
                </Point>
            </Placemark>
            <Placemark id="2171">
                <name>World Team Cup</name>
                <description>                    category  : tournament &lt;br&gt;   
                    sitelinks : 22.0 &lt;br&gt;   
                    articleEN : https://en.wikipedia.org/wiki/World_Team_Cup &lt;br&gt;             
                    articleDE : https://de.wikipedia.org/wiki/World_Team_Cup &lt;br&gt;              
                    wikidata_link : http://www.wikidata.org/entity/Q168582</description>
                <styleUrl>#icon-1739-E65100</styleUrl>
                <Point id="2170">
                    <coordinates>6.772381,51.231144,0.0</coordinates>
                </Point>
            </Placemark>
            <Placemark id="2173">
                <name>Düssel</name>
                <description>                    category  : river &lt;br&gt;   
                    sitelinks : 24.0 &lt;br&gt;   
                    articleEN : https://en.wikipedia.org/wiki/D%C3%BCssel &lt;br&gt;             
                    articleDE : https://de.wikipedia.org/wiki/D%C3%BCssel &lt;br&gt;              
                    wikidata_link : http://www.wikidata.org/entity/Q701645</description>
                <styleUrl>#icon-1739-E65100</styleUrl>
                <Point id="2172">
                    <coordinates>6.7958333333333,51.181111111111,0.0</coordinates>
                </Point>
            </Placemark>
            <Placemark id="2175">
                <name>Rheinstadion</name>
                <description>                    category  : multi-purpose sports venue &lt;br&gt;   
                    sitelinks : 24.0 &lt;br&gt;   
                    articleEN : https://en.wikipedia.org/wiki/Rheinstadion &lt;br&gt;             
                    articleDE : https://de.wikipedia.org/wiki/Rheinstadion &lt;br&gt;              
                    wikidata_link : http://www.wikidata.org/entity/Q699555</description>
                <styleUrl>#icon-1739-E65100</styleUrl>
                <Point id="2174">
                    <coordinates>6.734167,51.260278,0.0</coordinates>
                </Point>
            </Placemark>
            <Placemark id="2177">
                <name>Kunstakademie Düsseldorf</name>
                <description>                    category  : art academy &lt;br&gt;   
                    sitelinks : 26.0 &lt;br&gt;   
                    articleEN : https://en.wikipedia.org/wiki/Kunstakademie_D%C3%BCsseldorf &lt;br&gt;             
                    articleDE : https://de.wikipedia.org/wiki/Kunstakademie_D%C3%BCsseldorf &lt;br&gt;              
                    wikidata_link : http://www.wikidata.org/entity/Q662355</description>
                <styleUrl>#icon-1739-E65100</styleUrl>
                <Point id="2176">
                    <coordinates>6.77365,51.23054,0.0</coordinates>
                </Point>
            </Placemark>
            <Placemark id="2179">
                <name>Duchy of Berg</name>
                <description>                    category  : historical territory &lt;br&gt;   
                    sitelinks : 34.0 &lt;br&gt;   
                    articleEN : https://en.wikipedia.org/wiki/Duchy_of_Berg &lt;br&gt;             
                    articleDE : https://de.wikipedia.org/wiki/Herzogtum_Berg &lt;br&gt;              
                    wikidata_link : http://www.wikidata.org/entity/Q151095</description>
                <styleUrl>#icon-1739-E65100</styleUrl>
                <Point id="2178">
                    <coordinates>6.8125,51.207222222222,0.0</coordinates>
                </Point>
            </Placemark>
            <Placemark id="2181">
                <name>University of Düsseldorf</name>
                <description>                    category  : public university &lt;br&gt;   
                    sitelinks : 35.0 &lt;br&gt;   
                    articleEN : https://en.wikipedia.org/wiki/Heinrich_Heine_University_D%C3%BCsseldorf &lt;br&gt;             
                    articleDE : https://de.wikipedia.org/wiki/Heinrich-Heine-Universit%C3%A4t_D%C3%BCsseldorf &lt;br&gt;              
                    wikidata_link : http://www.wikidata.org/entity/Q317032</description>
                <styleUrl>#icon-1739-E65100</styleUrl>
                <Point id="2180">
                    <coordinates>6.7941694444444,51.1903,0.0</coordinates>
                </Point>
            </Placemark>
            <Placemark id="2183">
                <name>Neandertal</name>
                <description>                    category  : valley &lt;br&gt;   
                    sitelinks : 35.0 &lt;br&gt;   
                    articleEN : https://en.wikipedia.org/wiki/Neandertal_(valley) &lt;br&gt;             
                    articleDE : https://de.wikipedia.org/wiki/Neandertal &lt;br&gt;              
                    wikidata_link : http://www.wikidata.org/entity/Q170081</description>
                <styleUrl>#icon-1739-E65100</styleUrl>
                <Point id="2182">
                    <coordinates>6.9511111111111,51.226666666667,0.0</coordinates>
                </Point>
            </Placemark>
            <Placemark id="2185">
                <name>Rhein-Kreis Neuss</name>
                <description>                    category  : rural district of North Rhine-Westphalia &lt;br&gt;   
                    sitelinks : 37.0 &lt;br&gt;   
                    articleEN : https://en.wikipedia.org/wiki/Rhein-Kreis_Neuss &lt;br&gt;             
                    articleDE : https://de.wikipedia.org/wiki/Rhein-Kreis_Neuss &lt;br&gt;              
                    wikidata_link : http://www.wikidata.org/entity/Q6253</description>
                <styleUrl>#icon-1739-E65100</styleUrl>
                <Point id="2184">
                    <coordinates>6.67,51.17,0.0</coordinates>
                </Point>
            </Placemark>
            <Placemark id="2187">
                <name>Kaarst</name>
                <description>                    category  : urban municipality in Germany &lt;br&gt;   
                    sitelinks : 40.0 &lt;br&gt;   
                    articleEN : https://en.wikipedia.org/wiki/Kaarst &lt;br&gt;             
                    articleDE : https://de.wikipedia.org/wiki/Kaarst &lt;br&gt;              
                    wikidata_link : http://www.wikidata.org/entity/Q7088</description>
                <styleUrl>#icon-1739-E65100</styleUrl>
                <Point id="2186">
                    <coordinates>6.6273305555556,51.22785,0.0</coordinates>
                </Point>
            </Placemark>
            <Placemark id="2189">
                <name>Erkrath</name>
                <description>                    category  : urban municipality in Germany &lt;br&gt;   
                    sitelinks : 41.0 &lt;br&gt;   
                    articleEN : https://en.wikipedia.org/wiki/Erkrath &lt;br&gt;             
                    articleDE : https://de.wikipedia.org/wiki/Erkrath &lt;br&gt;              
                    wikidata_link : http://www.wikidata.org/entity/Q6968</description>
                <styleUrl>#icon-1739-E65100</styleUrl>
                <Point id="2188">
                    <coordinates>6.9147222222222,51.223888888889,0.0</coordinates>
                </Point>
            </Placemark>
            <Placemark id="2191">
                <name>Mettmann</name>
                <description>                    category  : district capital &lt;br&gt;   
                    sitelinks : 46.0 &lt;br&gt;   
                    articleEN : https://en.wikipedia.org/wiki/Mettmann &lt;br&gt;             
                    articleDE : https://de.wikipedia.org/wiki/Mettmann &lt;br&gt;              
                    wikidata_link : http://www.wikidata.org/entity/Q14878</description>
                <styleUrl>#icon-1739-E65100</styleUrl>
                <Point id="2190">
                    <coordinates>6.9666666666667,51.25,0.0</coordinates>
                </Point>
            </Placemark>
            <Placemark id="2193">
                <name>Merkur Spiel-Arena</name>
                <description>                    category  : association football venue &lt;br&gt;   
                    sitelinks : 47.0 &lt;br&gt;   
                    articleEN : https://en.wikipedia.org/wiki/Merkur_Spiel-Arena &lt;br&gt;             
                    articleDE : https://de.wikipedia.org/wiki/Merkur_Spiel-Arena &lt;br&gt;              
                    wikidata_link : http://www.wikidata.org/entity/Q155351</description>
                <styleUrl>#icon-1739-E65100</styleUrl>
                <Point id="2192">
                    <coordinates>6.733083,51.261539,0.0</coordinates>
                </Point>
            </Placemark>
            <Placemark id="2195">
                <name>Düsseldorf Airport</name>
                <description>                    category  : international airport &lt;br&gt;   
                    sitelinks : 48.0 &lt;br&gt;   
                    articleEN : https://en.wikipedia.org/wiki/D%C3%BCsseldorf_Airport &lt;br&gt;             
                    articleDE : https://de.wikipedia.org/wiki/Flughafen_D%C3%BCsseldorf &lt;br&gt;              
                    wikidata_link : http://www.wikidata.org/entity/Q58226</description>
                <styleUrl>#icon-1739-E65100</styleUrl>
                <Point id="2194">
                    <coordinates>6.7573111111111,51.280925,0.0</coordinates>
                </Point>
            </Placemark>
            <Placemark id="2197">
                <name>Meerbusch</name>
                <description>                    category  : urban municipality in Germany &lt;br&gt;   
                    sitelinks : 49.0 &lt;br&gt;   
                    articleEN : https://en.wikipedia.org/wiki/Meerbusch &lt;br&gt;             
                    articleDE : https://de.wikipedia.org/wiki/Meerbusch &lt;br&gt;              
                    wikidata_link : http://www.wikidata.org/entity/Q4105</description>
                <styleUrl>#icon-1739-E65100</styleUrl>
                <Point id="2196">
                    <coordinates>6.6666666666667,51.266666666667,0.0</coordinates>
                </Point>
            </Placemark>
            <Placemark id="2199">
                <name>Hilden</name>
                <description>                    category  : urban municipality in Germany &lt;br&gt;   
                    sitelinks : 49.0 &lt;br&gt;   
                    articleEN : https://en.wikipedia.org/wiki/Hilden &lt;br&gt;             
                    articleDE : https://de.wikipedia.org/wiki/Hilden &lt;br&gt;              
                    wikidata_link : http://www.wikidata.org/entity/Q4094</description>
                <styleUrl>#icon-1739-E65100</styleUrl>
                <Point id="2198">
                    <coordinates>6.9394444444444,51.171388888889,0.0</coordinates>
                </Point>
            </Placemark>
            <Placemark id="2201">
                <name>Ratingen</name>
                <description>                    category  : Hanseatic city &lt;br&gt;   
                    sitelinks : 54.0 &lt;br&gt;   
                    articleEN : https://en.wikipedia.org/wiki/Ratingen &lt;br&gt;             
                    articleDE : https://de.wikipedia.org/wiki/Ratingen &lt;br&gt;              
                    wikidata_link : http://www.wikidata.org/entity/Q3791</description>
                <styleUrl>#icon-1739-E65100</styleUrl>
                <Point id="2200">
                    <coordinates>6.85,51.3,0.0</coordinates>
                </Point>
            </Placemark>
            <Placemark id="2203">
                <name>Eurovision Song Contest 2011</name>
                <description>                    category  : Eurovision Song Contest edition &lt;br&gt;   
                    sitelinks : 64.0 &lt;br&gt;   
                    articleEN : https://en.wikipedia.org/wiki/Eurovision_Song_Contest_2011 &lt;br&gt;             
                    articleDE : https://de.wikipedia.org/wiki/Eurovision_Song_Contest_2011 &lt;br&gt;              
                    wikidata_link : http://www.wikidata.org/entity/Q10160</description>
                <styleUrl>#icon-1739-E65100</styleUrl>
                <Point id="2202">
                    <coordinates>6.73308,51.26154,0.0</coordinates>
                </Point>
            </Placemark>
            <Placemark id="2205">
                <name>Neuss</name>
                <description>                    category  : district capital &lt;br&gt;   
                    sitelinks : 92.0 &lt;br&gt;   
                    articleEN : https://en.wikipedia.org/wiki/Neuss &lt;br&gt;             
                    articleDE : https://de.wikipedia.org/wiki/Neuss &lt;br&gt;              
                    wikidata_link : http://www.wikidata.org/entity/Q2948</description>
                <styleUrl>#icon-1739-E65100</styleUrl>
                <Point id="2204">
                    <coordinates>6.6938888888889,51.200277777778,0.0</coordinates>
                </Point>
            </Placemark>
            <Placemark id="2207">
                <name>Düsseldorf</name>
                <description>                    category  : big city &lt;br&gt;   
                    sitelinks : 170.0 &lt;br&gt;   
                    articleEN : https://en.wikipedia.org/wiki/D%C3%BCsseldorf &lt;br&gt;             
                    articleDE : https://de.wikipedia.org/wiki/D%C3%BCsseldorf &lt;br&gt;              
                    wikidata_link : http://www.wikidata.org/entity/Q1718</description>
                <styleUrl>#icon-1739-E65100</styleUrl>
                <Point id="2206">
                    <coordinates>6.7723805555556,51.231144444444,0.0</coordinates>
                </Point>
            </Placemark>
        </Folder>
        <Folder id="13">
            <name>A</name>
            <Placemark id="2139">
                <name>2013 Power Horse Cup</name>
                <description>                    category  : Power Horse Cup &lt;br&gt;   
                    sitelinks : 11.0 &lt;br&gt;   
                    articleEN : https://en.wikipedia.org/wiki/2013_Power_Horse_Cup &lt;br&gt;             
                    articleDE : https://de.wikipedia.org/wiki/Power_Horse_Cup_2013 &lt;br&gt;              
                    wikidata_link : http://www.wikidata.org/entity/Q13099640</description>
                <styleUrl>#icon-1739-7CB342</styleUrl>
                <Point id="2138">
                    <coordinates>6.82813,51.2501,0.0</coordinates>
                </Point>
            </Placemark>
            <Placemark id="2141">
                <name>2012 Power Horse World Team Cup</name>
                <description>                    category  : World Team Cup &lt;br&gt;   
                    sitelinks : 11.0 &lt;br&gt;   
                    articleEN : https://en.wikipedia.org/wiki/2012_Power_Horse_World_Team_Cup &lt;br&gt;             
                    articleDE : https://de.wikipedia.org/wiki/World_Team_Cup_2012 &lt;br&gt;              
                    wikidata_link : http://www.wikidata.org/entity/Q819283</description>
                <styleUrl>#icon-1739-7CB342</styleUrl>
                <Point id="2140">
                    <coordinates>6.82792,51.25013,0.0</coordinates>
                </Point>
            </Placemark>
            <Placemark id="2143">
                <name>Basilica of St. Quirinus</name>
                <description>                    category  : minor basilica &lt;br&gt;   
                    sitelinks : 11.0 &lt;br&gt;   
                    articleEN : https://en.wikipedia.org/wiki/Quirinus-M%C3%BCnster,_Neuss &lt;br&gt;             
                    articleDE : https://de.wikipedia.org/wiki/Quirinus-M%C3%BCnster_(Neuss) &lt;br&gt;              
                    wikidata_link : http://www.wikidata.org/entity/Q896410</description>
                <styleUrl>#icon-1739-7CB342</styleUrl>
                <Point id="2142">
                    <coordinates>6.69321,51.1991,0.0</coordinates>
                </Point>
            </Placemark>
            <Placemark id="2145">
                <name>Benrath Palace</name>
                <description>                    category  : château &lt;br&gt;   
                    sitelinks : 12.0 &lt;br&gt;   
                    articleEN : https://en.wikipedia.org/wiki/Schloss_Benrath &lt;br&gt;             
                    articleDE : https://de.wikipedia.org/wiki/Schloss_Benrath &lt;br&gt;              
                    wikidata_link : http://www.wikidata.org/entity/Q455965</description>
                <styleUrl>#icon-1739-7CB342</styleUrl>
                <Point id="2144">
                    <coordinates>6.8705698333333,51.161029833333,0.0</coordinates>
                </Point>
            </Placemark>
            <Placemark id="2147">
                <name>Königsallee</name>
                <description>                    category  : thoroughfare &lt;br&gt;   
                    sitelinks : 12.0 &lt;br&gt;   
                    articleEN : https://en.wikipedia.org/wiki/K%C3%B6nigsallee_(D%C3%BCsseldorf) &lt;br&gt;             
                    articleDE : https://de.wikipedia.org/wiki/K%C3%B6nigsallee_(D%C3%BCsseldorf) &lt;br&gt;              
                    wikidata_link : http://www.wikidata.org/entity/Q694675</description>
                <styleUrl>#icon-1739-7CB342</styleUrl>
                <Point id="2146">
                    <coordinates>6.7791666666667,51.223055555556,0.0</coordinates>
                </Point>
            </Placemark>
            <Placemark id="2149">
                <name>Deutsche Oper am Rhein</name>
                <description>                    category  : mixed public company &lt;br&gt;   
                    sitelinks : 12.0 &lt;br&gt;   
                    articleEN : https://en.wikipedia.org/wiki/Deutsche_Oper_am_Rhein &lt;br&gt;             
                    articleDE : https://de.wikipedia.org/wiki/Deutsche_Oper_am_Rhein &lt;br&gt;              
                    wikidata_link : http://www.wikidata.org/entity/Q523473</description>
                <styleUrl>#icon-1739-7CB342</styleUrl>
                <Point id="2148">
                    <coordinates>6.77788,51.22737,0.0</coordinates>
                </Point>
            </Placemark>
            <Placemark id="2151">
                <name>Düsseldorf Airport station</name>
                <description>                    category  : S-Bahn station &lt;br&gt;   
                    sitelinks : 13.0 &lt;br&gt;   
                    articleEN : https://en.wikipedia.org/wiki/D%C3%BCsseldorf_Airport_station &lt;br&gt;             
                    articleDE : https://de.wikipedia.org/wiki/Bahnhof_D%C3%BCsseldorf_Flughafen &lt;br&gt;              
                    wikidata_link : http://www.wikidata.org/entity/Q800701</description>
                <styleUrl>#icon-1739-7CB342</styleUrl>
                <Point id="2150">
                    <coordinates>6.7863333333333,51.291638888889,0.0</coordinates>
                </Point>
            </Placemark>
            <Placemark id="2153">
                <name>Düsseldorf-Bilk Observatory</name>
                <description>                    category  : astronomical observatory &lt;br&gt;   
                    sitelinks : 13.0 &lt;br&gt;   
                    articleEN : https://en.wikipedia.org/wiki/D%C3%BCsseldorf-Bilk_Observatory &lt;br&gt;             
                    articleDE : https://de.wikipedia.org/wiki/Sternwarte_D%C3%BCsseldorf &lt;br&gt;              
                    wikidata_link : http://www.wikidata.org/entity/Q552312</description>
                <styleUrl>#icon-1739-7CB342</styleUrl>
                <Point id="2152">
                    <coordinates>6.7648,51.2074,0.0</coordinates>
                </Point>
            </Placemark>
            <Placemark id="2155">
                <name>Trams in Düsseldorf</name>
                <description>                    category  : tram system &lt;br&gt;   
                    sitelinks : 13.0 &lt;br&gt;   
                    articleEN : https://en.wikipedia.org/wiki/Trams_in_D%C3%BCsseldorf &lt;br&gt;             
                    articleDE : https://de.wikipedia.org/wiki/Stra%C3%9Fenbahn_D%C3%BCsseldorf &lt;br&gt;              
                    wikidata_link : http://www.wikidata.org/entity/Q472754</description>
                <styleUrl>#icon-1739-7CB342</styleUrl>
                <Point id="2154">
                    <coordinates>6.78333,51.2333,0.0</coordinates>
                </Point>
            </Placemark>
            <Placemark id="2157">
                <name>Museum Kunstpalast</name>
                <description>                    category  : nonprofit organization &lt;br&gt;   
                    sitelinks : 13.0 &lt;br&gt;   
                    articleEN : https://en.wikipedia.org/wiki/Museum_Kunstpalast &lt;br&gt;             
                    articleDE : https://de.wikipedia.org/wiki/Museum_Kunstpalast &lt;br&gt;              
                    wikidata_link : http://www.wikidata.org/entity/Q461277</description>
                <styleUrl>#icon-1739-7CB342</styleUrl>
                <Point id="2156">
                    <coordinates>6.77333,51.2343,0.0</coordinates>
                </Point>
            </Placemark>
            <Placemark id="2159">
                <name>Neanderthal 1</name>
                <description>                    category  : holotype &lt;br&gt;   
                    sitelinks : 14.0 &lt;br&gt;   
                    articleEN : https://en.wikipedia.org/wiki/Neanderthal_1 &lt;br&gt;             
                    articleDE : https://de.wikipedia.org/wiki/Neandertal_1 &lt;br&gt;              
                    wikidata_link : http://www.wikidata.org/entity/Q821603</description>
                <styleUrl>#icon-1739-7CB342</styleUrl>
                <Point id="2158">
                    <coordinates>6.94444444,51.22722222,0.0</coordinates>
                </Point>
            </Placemark>
            <Placemark id="2161">
                <name>Neanderthal Museum</name>
                <description>                    category  : museum &lt;br&gt;   
                    sitelinks : 14.0 &lt;br&gt;   
                    articleEN : https://en.wikipedia.org/wiki/Neanderthal_Museum &lt;br&gt;             
                    articleDE : https://de.wikipedia.org/wiki/Neanderthal_Museum &lt;br&gt;              
                    wikidata_link : http://www.wikidata.org/entity/Q464416</description>
                <styleUrl>#icon-1739-7CB342</styleUrl>
                <Point id="2160">
                    <coordinates>6.95056,51.2269,0.0</coordinates>
                </Point>
            </Placemark>
            <Placemark id="2163">
                <name>Kaiserswerth</name>
                <description>                    category  : locality of Düsseldorf &lt;br&gt;   
                    sitelinks : 15.0 &lt;br&gt;   
                    articleEN : https://en.wikipedia.org/wiki/Kaiserswerth &lt;br&gt;             
                    articleDE : https://de.wikipedia.org/wiki/Kaiserswerth &lt;br&gt;              
                    wikidata_link : http://www.wikidata.org/entity/Q678456</description>
                <styleUrl>#icon-1739-7CB342</styleUrl>
                <Point id="2162">
                    <coordinates>6.7391666666667,51.3,0.0</coordinates>
                </Point>
            </Placemark>
            <Placemark id="2165">
                <name>Rheinturm</name>
                <description>                    category  : television tower &lt;br&gt;   
                    sitelinks : 16.0 &lt;br&gt;   
                    articleEN : https://en.wikipedia.org/wiki/Rheinturm &lt;br&gt;             
                    articleDE : https://de.wikipedia.org/wiki/Rheinturm &lt;br&gt;              
                    wikidata_link : http://www.wikidata.org/entity/Q679491</description>
                <styleUrl>#icon-1739-7CB342</styleUrl>
                <Point id="2164">
                    <coordinates>6.7616666666667,51.217777777778,0.0</coordinates>
                </Point>
            </Placemark>
            <Placemark id="2167">
                <name>Düsseldorf Central Station</name>
                <description>                    category  : interchange station &lt;br&gt;   
                    sitelinks : 17.0 &lt;br&gt;   
                    articleEN : https://en.wikipedia.org/wiki/D%C3%BCsseldorf_Hauptbahnhof &lt;br&gt;             
                    articleDE : https://de.wikipedia.org/wiki/D%C3%BCsseldorf_Hauptbahnhof &lt;br&gt;              
                    wikidata_link : http://www.wikidata.org/entity/Q255951</description>
                <styleUrl>#icon-1739-7CB342</styleUrl>
                <Point id="2166">
                    <coordinates>6.7927777777778,51.220277777778,0.0</coordinates>
                </Point>
            </Placemark>
        </Folder>
        <Folder id="14">
            <name>C</name>
            <Placemark id="185">
                <name>Missionskreuz St. Maximiliam</name>
                <description>                    category  : Mission cross &lt;br&gt;   
                    sitelinks : 2.0 &lt;br&gt;   
                    articleEN :  &lt;br&gt;             
                    articleDE :  &lt;br&gt;              
                    wikidata_link : http://www.wikidata.org/entity/Q115498633</description>
                <styleUrl>#33</styleUrl>
                <Point id="184">
                    <coordinates>6.771495,51.223155,0.0</coordinates>
                </Point>
            </Placemark>
            <Placemark id="187">
                <name>Am Alten Rhein 8</name>
                <description>                    category  : building &lt;br&gt;   
                    sitelinks : 2.0 &lt;br&gt;   
                    articleEN :  &lt;br&gt;             
                    articleDE :  &lt;br&gt;              
                    wikidata_link : http://www.wikidata.org/entity/Q110319343</description>
                <styleUrl>#33</styleUrl>
                <Point id="186">
                    <coordinates>6.86255,51.14635,0.0</coordinates>
                </Point>
            </Placemark>
            <Placemark id="189">
                <name>Belsenplatz</name>
                <description>                    category  : square &lt;br&gt;   
                    sitelinks : 2.0 &lt;br&gt;   
                    articleEN :  &lt;br&gt;             
                    articleDE : https://de.wikipedia.org/wiki/Belsenplatz_(D%C3%BCsseldorf) &lt;br&gt;              
                    wikidata_link : http://www.wikidata.org/entity/Q36413494</description>
                <styleUrl>#33</styleUrl>
                <Point id="188">
                    <coordinates>6.7473333333333,51.231472222222,0.0</coordinates>
                </Point>
            </Placemark>
            <Placemark id="191">
                <name>Johanna Etienne Hospital</name>
                <description>                    category  : nonprofit organization &lt;br&gt;   
                    sitelinks : 2.0 &lt;br&gt;   
                    articleEN :  &lt;br&gt;             
                    articleDE : https://de.wikipedia.org/wiki/Johanna-Etienne-Krankenhaus &lt;br&gt;              
                    wikidata_link : http://www.wikidata.org/entity/Q35387599</description>
                <styleUrl>#33</styleUrl>
                <Point id="190">
                    <coordinates>6.65894,51.21354,0.0</coordinates>
                </Point>
            </Placemark>
            <Placemark id="193">
                <name>Roggendorf-Haus</name>
                <description>                    category  : building &lt;br&gt;   
                    sitelinks : 2.0 &lt;br&gt;   
                    articleEN :  &lt;br&gt;             
                    articleDE : https://de.wikipedia.org/wiki/Roggendorf-Haus &lt;br&gt;              
                    wikidata_link : http://www.wikidata.org/entity/Q33280302</description>
                <styleUrl>#33</styleUrl>
                <Point id="192">
                    <coordinates>6.75175,51.21569,0.0</coordinates>
                </Point>
            </Placemark>
            <Placemark id="195">
                <name>Ministerium für Heimat, Kommunales, Bau und Digitalisierung des Landes Nordrhein-Westfalen</name>
                <description>                    category  : ministry &lt;br&gt;   
                    sitelinks : 2.0 &lt;br&gt;   
                    articleEN :  &lt;br&gt;             
                    articleDE : https://de.wikipedia.org/wiki/Ministerium_f%C3%BCr_Heimat,_Kommunales,_Bau_und_Digitalisierung_des_Landes_Nordrhein-Westfalen &lt;br&gt;              
                    wikidata_link : http://www.wikidata.org/entity/Q31841289</description>
                <styleUrl>#33</styleUrl>
                <Point id="194">
                    <coordinates>6.7671459486074,51.217144428668,0.0</coordinates>
                </Point>
            </Placemark>
            <Placemark id="197">
                <name>Hülsen-Berg</name>
                <description>                    category  : hill &lt;br&gt;   
                    sitelinks : 2.0 &lt;br&gt;   
                    articleEN :  &lt;br&gt;             
                    articleDE : https://de.wikipedia.org/wiki/H%C3%BClsenberg_(Ratingen) &lt;br&gt;              
                    wikidata_link : http://www.wikidata.org/entity/Q30665009</description>
                <styleUrl>#33</styleUrl>
                <Point id="196">
                    <coordinates>6.8563888888889,51.327222222222,0.0</coordinates>
                </Point>
            </Placemark>
            <Placemark id="199">
                <name>St. Dionysius</name>
                <description>                    category  : chapel &lt;br&gt;   
                    sitelinks : 2.0 &lt;br&gt;   
                    articleEN :  &lt;br&gt;             
                    articleDE : https://de.wikipedia.org/wiki/St._Dionysius_(Duisburg-Serm) &lt;br&gt;              
                    wikidata_link : http://www.wikidata.org/entity/Q30539399</description>
                <styleUrl>#33</styleUrl>
                <Point id="198">
                    <coordinates>6.700987,51.34754,0.0</coordinates>
                </Point>
            </Placemark>
            <Placemark id="201">
                <name>In der kleinen und großen Hacken</name>
                <description>                    category  : architectural structure &lt;br&gt;   
                    sitelinks : 2.0 &lt;br&gt;   
                    articleEN :  &lt;br&gt;             
                    articleDE : https://de.wikipedia.org/wiki/In_der_kleinen_und_gro%C3%9Fen_Hacken &lt;br&gt;              
                    wikidata_link : http://www.wikidata.org/entity/Q29531440</description>
                <styleUrl>#33</styleUrl>
                <Point id="200">
                    <coordinates>6.932311,51.168085,0.0</coordinates>
                </Point>
            </Placemark>
            <Placemark id="203">
                <name>Radrennbahn Düsseldorf</name>
                <description>                    category  : velodrome &lt;br&gt;   
                    sitelinks : 2.0 &lt;br&gt;   
                    articleEN :  &lt;br&gt;             
                    articleDE : https://de.wikipedia.org/wiki/Radrennbahn_D%C3%BCsseldorf &lt;br&gt;              
                    wikidata_link : http://www.wikidata.org/entity/Q28966753</description>
                <styleUrl>#33</styleUrl>
                <Point id="202">
                    <coordinates>6.732175,51.24256944,0.0</coordinates>
                </Point>
            </Placemark>
            <Placemark id="205">
                <name>2017 Düsseldorf axe attack</name>
                <description>                    category  : spree killing &lt;br&gt;   
                    sitelinks : 2.0 &lt;br&gt;   
                    articleEN : https://en.wikipedia.org/wiki/D%C3%BCsseldorf_axe_attack &lt;br&gt;             
                    articleDE : https://de.wikipedia.org/wiki/Amoklauf_in_D%C3%BCsseldorf &lt;br&gt;              
                    wikidata_link : http://www.wikidata.org/entity/Q28924341</description>
                <styleUrl>#33</styleUrl>
                <Point id="204">
                    <coordinates>6.793006,51.220226,0.0</coordinates>
                </Point>
            </Placemark>
            <Placemark id="207">
                <name>Haus der Architekten</name>
                <description>                    category  : office building &lt;br&gt;   
                    sitelinks : 2.0 &lt;br&gt;   
                    articleEN :  &lt;br&gt;             
                    articleDE : https://de.wikipedia.org/wiki/Haus_der_Architekten_(D%C3%BCsseldorf) &lt;br&gt;              
                    wikidata_link : http://www.wikidata.org/entity/Q15114127</description>
                <styleUrl>#33</styleUrl>
                <Point id="206">
                    <coordinates>6.756272,51.21537,0.0</coordinates>
                </Point>
            </Placemark>
            <Placemark id="209">
                <name>Haus Bilkrath</name>
                <description>                    category  : house &lt;br&gt;   
                    sitelinks : 2.0 &lt;br&gt;   
                    articleEN :  &lt;br&gt;             
                    articleDE : https://de.wikipedia.org/wiki/Haus_Bilkrath &lt;br&gt;              
                    wikidata_link : http://www.wikidata.org/entity/Q15112207</description>
                <styleUrl>#33</styleUrl>
                <Point id="208">
                    <coordinates>6.77126667,51.334125,0.0</coordinates>
                </Point>
            </Placemark>
            <Placemark id="211">
                <name>Haus Anger</name>
                <description>                    category  : manor house &lt;br&gt;   
                    sitelinks : 2.0 &lt;br&gt;   
                    articleEN :  &lt;br&gt;             
                    articleDE : https://de.wikipedia.org/wiki/Haus_Anger &lt;br&gt;              
                    wikidata_link : http://www.wikidata.org/entity/Q15112202</description>
                <styleUrl>#33</styleUrl>
                <Point id="210">
                    <coordinates>6.93259167,51.31495833,0.0</coordinates>
                </Point>
            </Placemark>
            <Placemark id="213">
                <name>Brücke Jülicher Straße</name>
                <description>                    category  : cable-stayed bridge &lt;br&gt;   
                    sitelinks : 2.0 &lt;br&gt;   
                    articleEN :  &lt;br&gt;             
                    articleDE : https://de.wikipedia.org/wiki/Br%C3%BCcke_J%C3%BClicher_Stra%C3%9Fe &lt;br&gt;              
                    wikidata_link : http://www.wikidata.org/entity/Q15108101</description>
                <styleUrl>#33</styleUrl>
                <Point id="212">
                    <coordinates>6.79506,51.243475,0.0</coordinates>
                </Point>
            </Placemark>
            <Placemark id="215">
                <name>St. Martinus</name>
                <description>                    category  : church building &lt;br&gt;   
                    sitelinks : 2.0 &lt;br&gt;   
                    articleEN :  &lt;br&gt;             
                    articleDE : https://de.wikipedia.org/wiki/St._Martinus_(Zons) &lt;br&gt;              
                    wikidata_link : http://www.wikidata.org/entity/Q14545335</description>
                <styleUrl>#33</styleUrl>
                <Point id="214">
                    <coordinates>6.84927,51.1208,0.0</coordinates>
                </Point>
            </Placemark>
            <Placemark id="217">
                <name>Düsseldorf Kasernenstrasse 40</name>
                <description>                    category  : office building &lt;br&gt;   
                    sitelinks : 2.0 &lt;br&gt;   
                    articleEN :  &lt;br&gt;             
                    articleDE : https://de.wikipedia.org/wiki/Ehemalige_Industrie-Kreditbank_IKB_D%C3%BCsseldorf &lt;br&gt;              
                    wikidata_link : http://www.wikidata.org/entity/Q1299374</description>
                <styleUrl>#33</styleUrl>
                <Point id="216">
                    <coordinates>6.77642,51.2199,0.0</coordinates>
                </Point>
            </Placemark>
            <Placemark id="219">
                <name>Hans-Böckler-Stiftung</name>
                <description>                    category  : foundation &lt;br&gt;   
                    sitelinks : 2.0 &lt;br&gt;   
                    articleEN :  &lt;br&gt;             
                    articleDE : https://de.wikipedia.org/wiki/Hans-B%C3%B6ckler-Stiftung &lt;br&gt;              
                    wikidata_link : http://www.wikidata.org/entity/Q1283089</description>
                <styleUrl>#33</styleUrl>
                <Point id="218">
                    <coordinates>6.7736692418277,51.247038744697,0.0</coordinates>
                </Point>
            </Placemark>
            <Placemark id="221">
                <name>Gnadental</name>
                <description>                    category  : Ortsteil &lt;br&gt;   
                    sitelinks : 2.0 &lt;br&gt;   
                    articleEN :  &lt;br&gt;             
                    articleDE : https://de.wikipedia.org/wiki/Gnadental_(Neuss) &lt;br&gt;              
                    wikidata_link : http://www.wikidata.org/entity/Q1280016</description>
                <styleUrl>#33</styleUrl>
                <Point id="220">
                    <coordinates>6.71861,51.1814,0.0</coordinates>
                </Point>
            </Placemark>
            <Placemark id="223">
                <name>Jan-Wellem-Chapel</name>
                <description>                    category  : chapel &lt;br&gt;   
                    sitelinks : 2.0 &lt;br&gt;   
                    articleEN :  &lt;br&gt;             
                    articleDE : https://de.wikipedia.org/wiki/Jan-Wellem-Kapelle &lt;br&gt;              
                    wikidata_link : http://www.wikidata.org/entity/Q1277953</description>
                <styleUrl>#33</styleUrl>
                <Point id="222">
                    <coordinates>6.75053,51.2061,0.0</coordinates>
                </Point>
            </Placemark>
            <Placemark id="225">
                <name>St. Norbert</name>
                <description>                    category  : church building &lt;br&gt;   
                    sitelinks : 2.0 &lt;br&gt;   
                    articleEN :  &lt;br&gt;             
                    articleDE : https://de.wikipedia.org/wiki/St._Norbert_(D%C3%BCsseldorf) &lt;br&gt;              
                    wikidata_link : http://www.wikidata.org/entity/Q1276576</description>
                <styleUrl>#33</styleUrl>
                <Point id="224">
                    <coordinates>6.88914,51.146,0.0</coordinates>
                </Point>
            </Placemark>
            <Placemark id="227">
                <name>Benrather Straße</name>
                <description>                    category  : tram stop &lt;br&gt;   
                    sitelinks : 2.0 &lt;br&gt;   
                    articleEN :  &lt;br&gt;             
                    articleDE : https://de.wikipedia.org/wiki/U-Bahnhof_Benrather_Stra%C3%9Fe &lt;br&gt;              
                    wikidata_link : http://www.wikidata.org/entity/Q1275545</description>
                <styleUrl>#33</styleUrl>
                <Point id="226">
                    <coordinates>6.77556,51.2225,0.0</coordinates>
                </Point>
            </Placemark>
            <Placemark id="229">
                <name>Schadowstraße 23</name>
                <description>                    category  : building &lt;br&gt;   
                    sitelinks : 2.0 &lt;br&gt;   
                    articleEN :  &lt;br&gt;             
                    articleDE : https://de.wikipedia.org/wiki/Schadowstra%C3%9Fe_23 &lt;br&gt;              
                    wikidata_link : http://www.wikidata.org/entity/Q1275029</description>
                <styleUrl>#33</styleUrl>
                <Point id="228">
                    <coordinates>6.7815,51.2258,0.0</coordinates>
                </Point>
            </Placemark>
            <Placemark id="231">
                <name>Lukaskirche</name>
                <description>                    category  : church building &lt;br&gt;   
                    sitelinks : 2.0 &lt;br&gt;   
                    articleEN :  &lt;br&gt;             
                    articleDE : https://de.wikipedia.org/wiki/Lukaskirche_(D%C3%BCsseldorf-Derendorf) &lt;br&gt;              
                    wikidata_link : http://www.wikidata.org/entity/Q1272813</description>
                <styleUrl>#33</styleUrl>
                <Point id="230">
                    <coordinates>6.7793,51.257,0.0</coordinates>
                </Point>
            </Placemark>
            <Placemark id="233">
                <name>Düsselschlösschen</name>
                <description>                    category  : destroyed building or structure &lt;br&gt;   
                    sitelinks : 2.0 &lt;br&gt;   
                    articleEN :  &lt;br&gt;             
                    articleDE : https://de.wikipedia.org/wiki/D%C3%BCsselschl%C3%B6sschen &lt;br&gt;              
                    wikidata_link : http://www.wikidata.org/entity/Q1272408</description>
                <styleUrl>#33</styleUrl>
                <Point id="232">
                    <coordinates>6.77069,51.2276,0.0</coordinates>
                </Point>
            </Placemark>
            <Placemark id="235">
                <name>Düsseldorfer Stadtwald</name>
                <description>                    category  : urban forest &lt;br&gt;   
                    sitelinks : 2.0 &lt;br&gt;   
                    articleEN :  &lt;br&gt;             
                    articleDE : https://de.wikipedia.org/wiki/D%C3%BCsseldorfer_Stadtwald &lt;br&gt;              
                    wikidata_link : http://www.wikidata.org/entity/Q1272395</description>
                <styleUrl>#33</styleUrl>
                <Point id="234">
                    <coordinates>6.83378,51.2624,0.0</coordinates>
                </Point>
            </Placemark>
            <Placemark id="237">
                <name>Polizeipräsidium Düsseldorf</name>
                <description>                    category  : Polizeipräsidium &lt;br&gt;   
                    sitelinks : 2.0 &lt;br&gt;   
                    articleEN :  &lt;br&gt;             
                    articleDE : https://de.wikipedia.org/wiki/Polizeipr%C3%A4sidium_D%C3%BCsseldorf &lt;br&gt;              
                    wikidata_link : http://www.wikidata.org/entity/Q1271210</description>
                <styleUrl>#33</styleUrl>
                <Point id="236">
                    <coordinates>6.76659,51.2158,0.0</coordinates>
                </Point>
            </Placemark>
            <Placemark id="239">
                <name>WDR Studio Düsseldorf</name>
                <description>                    category  : architectural structure &lt;br&gt;   
                    sitelinks : 2.0 &lt;br&gt;   
                    articleEN :  &lt;br&gt;             
                    articleDE : https://de.wikipedia.org/wiki/WDR-Studio_D%C3%BCsseldorf &lt;br&gt;              
                    wikidata_link : http://www.wikidata.org/entity/Q2537037</description>
                <styleUrl>#33</styleUrl>
                <Point id="238">
                    <coordinates>6.75998,51.2169,0.0</coordinates>
                </Point>
            </Placemark>
            <Placemark id="241">
                <name>Vorst</name>
                <description>                    category  : Ortsteil &lt;br&gt;   
                    sitelinks : 2.0 &lt;br&gt;   
                    articleEN :  &lt;br&gt;             
                    articleDE : https://de.wikipedia.org/wiki/Vorst_(Kaarst) &lt;br&gt;              
                    wikidata_link : http://www.wikidata.org/entity/Q2534487</description>
                <styleUrl>#33</styleUrl>
                <Point id="240">
                    <coordinates>6.58073,51.2135,0.0</coordinates>
                </Point>
            </Placemark>
            <Placemark id="243">
                <name>Volksgarten</name>
                <description>                    category  : park &lt;br&gt;   
                    sitelinks : 2.0 &lt;br&gt;   
                    articleEN :  &lt;br&gt;             
                    articleDE : https://de.wikipedia.org/wiki/Volksgarten_(D%C3%BCsseldorf) &lt;br&gt;              
                    wikidata_link : http://www.wikidata.org/entity/Q2531918</description>
                <styleUrl>#33</styleUrl>
                <Point id="242">
                    <coordinates>6.79882,51.207,0.0</coordinates>
                </Point>
            </Placemark>
            <Placemark id="245">
                <name>Villa Horion</name>
                <description>                    category  : architectural structure &lt;br&gt;   
                    sitelinks : 2.0 &lt;br&gt;   
                    articleEN :  &lt;br&gt;             
                    articleDE : https://de.wikipedia.org/wiki/Villa_Horion &lt;br&gt;              
                    wikidata_link : http://www.wikidata.org/entity/Q2525279</description>
                <styleUrl>#33</styleUrl>
                <Point id="244">
                    <coordinates>6.76746,51.2192,0.0</coordinates>
                </Point>
            </Placemark>
            <Placemark id="247">
                <name>Varnhagenstraße</name>
                <description>                    category  : architectural structure &lt;br&gt;   
                    sitelinks : 2.0 &lt;br&gt;   
                    articleEN :  &lt;br&gt;             
                    articleDE : https://de.wikipedia.org/wiki/Varnhagenstra%C3%9Fe_38 &lt;br&gt;              
                    wikidata_link : http://www.wikidata.org/entity/Q2510888</description>
                <styleUrl>#33</styleUrl>
                <Point id="246">
                    <coordinates>6.78389,51.1991,0.0</coordinates>
                </Point>
            </Placemark>
            <Placemark id="249">
                <name>Urdenbacher Kämpen</name>
                <description>                    category  : protected area &lt;br&gt;   
                    sitelinks : 2.0 &lt;br&gt;   
                    articleEN :  &lt;br&gt;             
                    articleDE : https://de.wikipedia.org/wiki/Naturschutzgebiet_Urdenbacher_K%C3%A4mpen &lt;br&gt;              
                    wikidata_link : http://www.wikidata.org/entity/Q2500376</description>
                <styleUrl>#33</styleUrl>
                <Point id="248">
                    <coordinates>6.8665,51.1416,0.0</coordinates>
                </Point>
            </Placemark>
            <Placemark id="251">
                <name>Am Tannenwäldchen 7 und 10 in Düsseldorf</name>
                <description>                    category  : architectural ensemble &lt;br&gt;   
                    sitelinks : 2.0 &lt;br&gt;   
                    articleEN :  &lt;br&gt;             
                    articleDE : https://de.wikipedia.org/wiki/Am_Tannenw%C3%A4ldchen_7_und_10 &lt;br&gt;              
                    wikidata_link : http://www.wikidata.org/entity/Q451500</description>
                <styleUrl>#33</styleUrl>
                <Point id="250">
                    <coordinates>6.77458,51.2542,0.0</coordinates>
                </Point>
            </Placemark>
            <Placemark id="253">
                <name>Alter Kirchturm (Büderich)</name>
                <description>                    category  : church building &lt;br&gt;   
                    sitelinks : 2.0 &lt;br&gt;   
                    articleEN :  &lt;br&gt;             
                    articleDE : https://de.wikipedia.org/wiki/Alter_Kirchturm_(B%C3%BCderich) &lt;br&gt;              
                    wikidata_link : http://www.wikidata.org/entity/Q438039</description>
                <styleUrl>#33</styleUrl>
                <Point id="252">
                    <coordinates>6.69803,51.2541,0.0</coordinates>
                </Point>
            </Placemark>
            <Placemark id="255">
                <name>Alte Synagoge</name>
                <description>                    category  : destroyed building or structure &lt;br&gt;   
                    sitelinks : 2.0 &lt;br&gt;   
                    articleEN :  &lt;br&gt;             
                    articleDE : https://de.wikipedia.org/wiki/Alte_Synagoge_(D%C3%BCsseldorf) &lt;br&gt;              
                    wikidata_link : http://www.wikidata.org/entity/Q436279</description>
                <styleUrl>#33</styleUrl>
                <Point id="254">
                    <coordinates>6.77506,51.2239,0.0</coordinates>
                </Point>
            </Placemark>
            <Placemark id="257">
                <name>Alt St. Martinus</name>
                <description>                    category  : church building &lt;br&gt;   
                    sitelinks : 2.0 &lt;br&gt;   
                    articleEN :  &lt;br&gt;             
                    articleDE : https://de.wikipedia.org/wiki/Alt_St._Martinus_(Kaarst) &lt;br&gt;              
                    wikidata_link : http://www.wikidata.org/entity/Q433302</description>
                <styleUrl>#33</styleUrl>
                <Point id="256">
                    <coordinates>6.61671,51.2342,0.0</coordinates>
                </Point>
            </Placemark>
            <Placemark id="259">
                <name>Ahnfeldstraße 107</name>
                <description>                    category  : building &lt;br&gt;   
                    sitelinks : 2.0 &lt;br&gt;   
                    articleEN :  &lt;br&gt;             
                    articleDE : https://de.wikipedia.org/wiki/Ahnfeldstra%C3%9Fe_107 &lt;br&gt;              
                    wikidata_link : http://www.wikidata.org/entity/Q402303</description>
                <styleUrl>#33</styleUrl>
                <Point id="258">
                    <coordinates>6.79654,51.2432,0.0</coordinates>
                </Point>
            </Placemark>
            <Placemark id="261">
                <name>Ückerath</name>
                <description>                    category  : Ortsteil &lt;br&gt;   
                    sitelinks : 2.0 &lt;br&gt;   
                    articleEN :  &lt;br&gt;             
                    articleDE : https://de.wikipedia.org/wiki/%C3%9Cckerath &lt;br&gt;              
                    wikidata_link : http://www.wikidata.org/entity/Q334616</description>
                <styleUrl>#33</styleUrl>
                <Point id="260">
                    <coordinates>6.75724,51.1116,0.0</coordinates>
                </Point>
            </Placemark>
            <Placemark id="263">
                <name>Райсхольцштрасе</name>
                <description>                    category  : street &lt;br&gt;   
                    sitelinks : 2.0 &lt;br&gt;   
                    articleEN :  &lt;br&gt;             
                    articleDE :  &lt;br&gt;              
                    wikidata_link : http://www.wikidata.org/entity/Q64937978</description>
                <styleUrl>#33</styleUrl>
                <Point id="262">
                    <coordinates>6.90088,51.16512,0.0</coordinates>
                </Point>
            </Placemark>
            <Placemark id="265">
                <name>Polish Institute in Düsseldorf</name>
                <description>                    category  : diplomatic mission &lt;br&gt;   
                    sitelinks : 2.0 &lt;br&gt;   
                    articleEN :  &lt;br&gt;             
                    articleDE :  &lt;br&gt;              
                    wikidata_link : http://www.wikidata.org/entity/Q64597257</description>
                <styleUrl>#33</styleUrl>
                <Point id="264">
                    <coordinates>6.7707222222222,51.223555555556,0.0</coordinates>
                </Point>
            </Placemark>
            <Placemark id="267">
                <name>Urdenbach - Kirberger Loch - Zonser Grind</name>
                <description>                    category  : site of community importance &lt;br&gt;   
                    sitelinks : 2.0 &lt;br&gt;   
                    articleEN :  &lt;br&gt;             
                    articleDE :  &lt;br&gt;              
                    wikidata_link : http://www.wikidata.org/entity/Q60690088</description>
                <styleUrl>#33</styleUrl>
                <Point id="266">
                    <coordinates>6.8605530555556,51.138936944444,0.0</coordinates>
                </Point>
            </Placemark>
            <Placemark id="269">
                <name>Überanger Mark</name>
                <description>                    category  : site of community importance &lt;br&gt;   
                    sitelinks : 2.0 &lt;br&gt;   
                    articleEN :  &lt;br&gt;             
                    articleDE :  &lt;br&gt;              
                    wikidata_link : http://www.wikidata.org/entity/Q60690081</description>
                <styleUrl>#33</styleUrl>
                <Point id="268">
                    <coordinates>6.8042780555556,51.33284,0.0</coordinates>
                </Point>
            </Placemark>
            <Placemark id="271">
                <name>Rotthäuser und Morper Bachtal</name>
                <description>                    category  : site of community importance &lt;br&gt;   
                    sitelinks : 2.0 &lt;br&gt;   
                    articleEN :  &lt;br&gt;             
                    articleDE :  &lt;br&gt;              
                    wikidata_link : http://www.wikidata.org/entity/Q60689981</description>
                <styleUrl>#33</styleUrl>
                <Point id="270">
                    <coordinates>6.8887780555556,51.244603888889,0.0</coordinates>
                </Point>
            </Placemark>
            <Placemark id="273">
                <name>Rhein-Fischschutzzonen zwischen Emmerich und Bad Honnef</name>
                <description>                    category  : site of community importance &lt;br&gt;   
                    sitelinks : 2.0 &lt;br&gt;   
                    articleEN :  &lt;br&gt;             
                    articleDE :  &lt;br&gt;              
                    wikidata_link : http://www.wikidata.org/entity/Q60689972</description>
                <styleUrl>#33</styleUrl>
                <Point id="272">
                    <coordinates>6.6484080555556,51.249948055556,0.0</coordinates>
                </Point>
            </Placemark>
            <Placemark id="275">
                <name>NSG Uedesheimer Rheinbogen</name>
                <description>                    category  : site of community importance &lt;br&gt;   
                    sitelinks : 2.0 &lt;br&gt;   
                    articleEN :  &lt;br&gt;             
                    articleDE :  &lt;br&gt;              
                    wikidata_link : http://www.wikidata.org/entity/Q60689949</description>
                <styleUrl>#33</styleUrl>
                <Point id="274">
                    <coordinates>6.7741588888889,51.175216944444,0.0</coordinates>
                </Point>
            </Placemark>
            <Placemark id="277">
                <name>Latumer Bruch mit Buersbach, Stadtgräben und Wasserwerk</name>
                <description>                    category  : site of community importance &lt;br&gt;   
                    sitelinks : 2.0 &lt;br&gt;   
                    articleEN :  &lt;br&gt;             
                    articleDE :  &lt;br&gt;              
                    wikidata_link : http://www.wikidata.org/entity/Q60689876</description>
                <styleUrl>#33</styleUrl>
                <Point id="276">
                    <coordinates>6.6533319444444,51.321286111111,0.0</coordinates>
                </Point>
            </Placemark>
            <Placemark id="279">
                <name>Ilvericher Altrheinschlinge</name>
                <description>                    category  : site of community importance &lt;br&gt;   
                    sitelinks : 2.0 &lt;br&gt;   
                    articleEN :  &lt;br&gt;             
                    articleDE :  &lt;br&gt;              
                    wikidata_link : http://www.wikidata.org/entity/Q60689821</description>
                <styleUrl>#33</styleUrl>
                <Point id="278">
                    <coordinates>6.68555,51.277441111111,0.0</coordinates>
                </Point>
            </Placemark>
            <Placemark id="281">
                <name>Hilden - Spörkelnbruch</name>
                <description>                    category  : site of community importance &lt;br&gt;   
                    sitelinks : 2.0 &lt;br&gt;   
                    articleEN :  &lt;br&gt;             
                    articleDE :  &lt;br&gt;              
                    wikidata_link : http://www.wikidata.org/entity/Q60689801</description>
                <styleUrl>#33</styleUrl>
                <Point id="280">
                    <coordinates>6.9651411111111,51.182818888889,0.0</coordinates>
                </Point>
            </Placemark>
            <Placemark id="283">
                <name>Die Spey</name>
                <description>                    category  : site of community importance &lt;br&gt;   
                    sitelinks : 2.0 &lt;br&gt;   
                    articleEN :  &lt;br&gt;             
                    articleDE :  &lt;br&gt;              
                    wikidata_link : http://www.wikidata.org/entity/Q60689658</description>
                <styleUrl>#33</styleUrl>
                <Point id="282">
                    <coordinates>6.7062161111111,51.331451944444,0.0</coordinates>
                </Point>
            </Placemark>
            <Placemark id="285">
                <name>Consulate-General of Japan in Düsseldorf</name>
                <description>                    category  : consulate general &lt;br&gt;   
                    sitelinks : 2.0 &lt;br&gt;   
                    articleEN :  &lt;br&gt;             
                    articleDE :  &lt;br&gt;              
                    wikidata_link : http://www.wikidata.org/entity/Q49755279</description>
                <styleUrl>#33</styleUrl>
                <Point id="284">
                    <coordinates>6.77675,51.222305555556,0.0</coordinates>
                </Point>
            </Placemark>
            <Placemark id="287">
                <name>Ölgangsinsel</name>
                <description>                    category  : protected area &lt;br&gt;   
                    sitelinks : 2.0 &lt;br&gt;   
                    articleEN :  &lt;br&gt;             
                    articleDE :  &lt;br&gt;              
                    wikidata_link : http://www.wikidata.org/entity/Q32174375</description>
                <styleUrl>#33</styleUrl>
                <Point id="286">
                    <coordinates>6.7180555555556,51.220833333333,0.0</coordinates>
                </Point>
            </Placemark>
            <Placemark id="289">
                <name>Alte Landstraße</name>
                <description>                    category  : tram stop &lt;br&gt;   
                    sitelinks : 2.0 &lt;br&gt;   
                    articleEN :  &lt;br&gt;             
                    articleDE :  &lt;br&gt;              
                    wikidata_link : http://www.wikidata.org/entity/Q30897321</description>
                <styleUrl>#33</styleUrl>
                <Point id="288">
                    <coordinates>6.7389306,51.2895444,0.0</coordinates>
                </Point>
            </Placemark>
            <Placemark id="291">
                <name>Klemensplatz station</name>
                <description>                    category  : tram stop &lt;br&gt;   
                    sitelinks : 2.0 &lt;br&gt;   
                    articleEN :  &lt;br&gt;             
                    articleDE :  &lt;br&gt;              
                    wikidata_link : http://www.wikidata.org/entity/Q28671323</description>
                <styleUrl>#33</styleUrl>
                <Point id="290">
                    <coordinates>6.73933,51.30061,0.0</coordinates>
                </Point>
            </Placemark>
            <Placemark id="293">
                <name>Am Mühlenturm 8</name>
                <description>                    category  : building &lt;br&gt;   
                    sitelinks : 2.0 &lt;br&gt;   
                    articleEN :  &lt;br&gt;             
                    articleDE :  &lt;br&gt;              
                    wikidata_link : http://www.wikidata.org/entity/Q28671319</description>
                <styleUrl>#33</styleUrl>
                <Point id="292">
                    <coordinates>6.7343055555556,51.302083333333,0.0</coordinates>
                </Point>
            </Placemark>
            <Placemark id="295">
                <name>Am Binnenwasser 3</name>
                <description>                    category  : residential building &lt;br&gt;   
                    sitelinks : 2.0 &lt;br&gt;   
                    articleEN :  &lt;br&gt;             
                    articleDE :  &lt;br&gt;              
                    wikidata_link : http://www.wikidata.org/entity/Q28478467</description>
                <styleUrl>#33</styleUrl>
                <Point id="294">
                    <coordinates>6.764861,51.24778,0.0</coordinates>
                </Point>
            </Placemark>
            <Placemark id="297">
                <name>Niederdonk Chapel</name>
                <description>                    category  : chapel &lt;br&gt;   
                    sitelinks : 2.0 &lt;br&gt;   
                    articleEN :  &lt;br&gt;             
                    articleDE :  &lt;br&gt;              
                    wikidata_link : http://www.wikidata.org/entity/Q4507606</description>
                <styleUrl>#33</styleUrl>
                <Point id="296">
                    <coordinates>6.684503,51.243264,0.0</coordinates>
                </Point>
            </Placemark>
            <Placemark id="299">
                <name>Ursulinengasse</name>
                <description>                    category  : street &lt;br&gt;   
                    sitelinks : 2.0 &lt;br&gt;   
                    articleEN :  &lt;br&gt;             
                    articleDE :  &lt;br&gt;              
                    wikidata_link : http://www.wikidata.org/entity/Q4477300</description>
                <styleUrl>#33</styleUrl>
                <Point id="298">
                    <coordinates>6.7724222222222,51.229633333333,0.0</coordinates>
                </Point>
            </Placemark>
            <Placemark id="301">
                <name>Weststrasse 13 Benrath</name>
                <description>                    category  : street &lt;br&gt;   
                    sitelinks : 2.0 &lt;br&gt;   
                    articleEN :  &lt;br&gt;             
                    articleDE :  &lt;br&gt;              
                    wikidata_link : http://www.wikidata.org/entity/Q4109666</description>
                <styleUrl>#33</styleUrl>
                <Point id="300">
                    <coordinates>6.8709166666667,51.165252777778,0.0</coordinates>
                </Point>
            </Placemark>
            <Placemark id="303">
                <name>Ansbacher Strasse Benrath</name>
                <description>                    category  : street &lt;br&gt;   
                    sitelinks : 2.0 &lt;br&gt;   
                    articleEN :  &lt;br&gt;             
                    articleDE :  &lt;br&gt;              
                    wikidata_link : http://www.wikidata.org/entity/Q4066919</description>
                <styleUrl>#33</styleUrl>
                <Point id="302">
                    <coordinates>6.86414,51.16537,0.0</coordinates>
                </Point>
            </Placemark>
            <Placemark id="305">
                <name>Dutch memorial cemetery Düsseldorf</name>
                <description>                    category  : war memorial &lt;br&gt;   
                    sitelinks : 2.0 &lt;br&gt;   
                    articleEN :  &lt;br&gt;             
                    articleDE :  &lt;br&gt;              
                    wikidata_link : http://www.wikidata.org/entity/Q1924580</description>
                <styleUrl>#33</styleUrl>
                <Point id="304">
                    <coordinates>6.79889,51.20444,0.0</coordinates>
                </Point>
            </Placemark>
            <Placemark id="307">
                <name>Hubbelrather Bachtal</name>
                <description>                    category  : protected area &lt;br&gt;   
                    sitelinks : 2.0 &lt;br&gt;   
                    articleEN :  &lt;br&gt;             
                    articleDE : https://de.wikipedia.org/wiki/Hubbelrather_Bachtal &lt;br&gt;              
                    wikidata_link : http://www.wikidata.org/entity/Q62070282</description>
                <styleUrl>#33</styleUrl>
                <Point id="306">
                    <coordinates>6.8983811111111,51.236458888889,0.0</coordinates>
                </Point>
            </Placemark>
            <Placemark id="309">
                <name>Spörkelnbruch</name>
                <description>                    category  : protected area &lt;br&gt;   
                    sitelinks : 2.0 &lt;br&gt;   
                    articleEN :  &lt;br&gt;             
                    articleDE : https://de.wikipedia.org/wiki/Naturschutzgebiet_Sp%C3%B6rkelnbruch_(Hilden) &lt;br&gt;              
                    wikidata_link : http://www.wikidata.org/entity/Q62065467</description>
                <styleUrl>#33</styleUrl>
                <Point id="308">
                    <coordinates>6.974455,51.190383888889,0.0</coordinates>
                </Point>
            </Placemark>
            <Placemark id="311">
                <name>Schönheitsbachtal und Mauerbachtal</name>
                <description>                    category  : protected area &lt;br&gt;   
                    sitelinks : 2.0 &lt;br&gt;   
                    articleEN :  &lt;br&gt;             
                    articleDE : https://de.wikipedia.org/wiki/Sch%C3%B6nheitsbachtal_und_Mauerbachtal &lt;br&gt;              
                    wikidata_link : http://www.wikidata.org/entity/Q62065466</description>
                <styleUrl>#33</styleUrl>
                <Point id="310">
                    <coordinates>6.8717788888889,51.279511111111,0.0</coordinates>
                </Point>
            </Placemark>
            <Placemark id="313">
                <name>Rheinufer- Urdenbacher Altrhein bei Baumberg</name>
                <description>                    category  : protected area &lt;br&gt;   
                    sitelinks : 2.0 &lt;br&gt;   
                    articleEN :  &lt;br&gt;             
                    articleDE : https://de.wikipedia.org/wiki/Rheinufer_%E2%80%93_Urdenbacher_Altrhein_bei_Baumberg &lt;br&gt;              
                    wikidata_link : http://www.wikidata.org/entity/Q62065460</description>
                <styleUrl>#33</styleUrl>
                <Point id="312">
                    <coordinates>6.871465,51.123383888889,0.0</coordinates>
                </Point>
            </Placemark>
            <Placemark id="315">
                <name>Überanger Mark - Hinkesforst</name>
                <description>                    category  : protected area &lt;br&gt;   
                    sitelinks : 2.0 &lt;br&gt;   
                    articleEN :  &lt;br&gt;             
                    articleDE : https://de.wikipedia.org/wiki/%C3%9Cberanger_Mark_%E2%80%93_Hinkesforst &lt;br&gt;              
                    wikidata_link : http://www.wikidata.org/entity/Q62065462</description>
                <styleUrl>#33</styleUrl>
                <Point id="314">
                    <coordinates>6.8108038888889,51.324648888889,0.0</coordinates>
                </Point>
            </Placemark>
            <Placemark id="317">
                <name>Mahnerter Bachtal</name>
                <description>                    category  : protected area &lt;br&gt;   
                    sitelinks : 2.0 &lt;br&gt;   
                    articleEN :  &lt;br&gt;             
                    articleDE : https://de.wikipedia.org/wiki/Mahnerter_Bachtal &lt;br&gt;              
                    wikidata_link : http://www.wikidata.org/entity/Q62065457</description>
                <styleUrl>#33</styleUrl>
                <Point id="316">
                    <coordinates>6.9869,51.203806111111,0.0</coordinates>
                </Point>
            </Placemark>
            <Placemark id="319">
                <name>Hühnerbachtal</name>
                <description>                    category  : protected area &lt;br&gt;   
                    sitelinks : 2.0 &lt;br&gt;   
                    articleEN :  &lt;br&gt;             
                    articleDE : https://de.wikipedia.org/wiki/H%C3%BChnerbachtal &lt;br&gt;              
                    wikidata_link : http://www.wikidata.org/entity/Q62065458</description>
                <styleUrl>#33</styleUrl>
                <Point id="318">
                    <coordinates>6.9822919444444,51.196476111111,0.0</coordinates>
                </Point>
            </Placemark>
            <Placemark id="321">
                <name>Tongrube Majefski</name>
                <description>                    category  : protected area &lt;br&gt;   
                    sitelinks : 2.0 &lt;br&gt;   
                    articleEN :  &lt;br&gt;             
                    articleDE : https://de.wikipedia.org/wiki/Tongrube_Majefski &lt;br&gt;              
                    wikidata_link : http://www.wikidata.org/entity/Q62065453</description>
                <styleUrl>#33</styleUrl>
                <Point id="320">
                    <coordinates>6.9519619444444,51.216536111111,0.0</coordinates>
                </Point>
            </Placemark>
            <Placemark id="323">
                <name>Stinderbachtal</name>
                <description>                    category  : protected area &lt;br&gt;   
                    sitelinks : 2.0 &lt;br&gt;   
                    articleEN :  &lt;br&gt;             
                    articleDE : https://de.wikipedia.org/wiki/Stinderbachtal &lt;br&gt;              
                    wikidata_link : http://www.wikidata.org/entity/Q62065455</description>
                <styleUrl>#33</styleUrl>
                <Point id="322">
                    <coordinates>6.9324619444444,51.23776,0.0</coordinates>
                </Point>
            </Placemark>
            <Placemark id="325">
                <name>Laubachtal</name>
                <description>                    category  : protected area &lt;br&gt;   
                    sitelinks : 2.0 &lt;br&gt;   
                    articleEN :  &lt;br&gt;             
                    articleDE : https://de.wikipedia.org/wiki/Laubachtal &lt;br&gt;              
                    wikidata_link : http://www.wikidata.org/entity/Q62065454</description>
                <styleUrl>#33</styleUrl>
                <Point id="324">
                    <coordinates>6.95429,51.244223055556,0.0</coordinates>
                </Point>
            </Placemark>
            <Placemark id="327">
                <name>Hildener Stadtwald-Bereich Biesenbach</name>
                <description>                    category  : protected area &lt;br&gt;   
                    sitelinks : 2.0 &lt;br&gt;   
                    articleEN :  &lt;br&gt;             
                    articleDE : https://de.wikipedia.org/wiki/Hildener_Stadtwald,_Bereich_Biesenbach &lt;br&gt;              
                    wikidata_link : http://www.wikidata.org/entity/Q62065449</description>
                <styleUrl>#33</styleUrl>
                <Point id="326">
                    <coordinates>6.9513519444444,51.179418055556,0.0</coordinates>
                </Point>
            </Placemark>
            <Placemark id="329">
                <name>Düsselaue bei Gödinghoven</name>
                <description>                    category  : protected area &lt;br&gt;   
                    sitelinks : 2.0 &lt;br&gt;   
                    articleEN :  &lt;br&gt;             
                    articleDE : https://de.wikipedia.org/wiki/D%C3%BCsselaue_bei_G%C3%B6dinghoven &lt;br&gt;              
                    wikidata_link : http://www.wikidata.org/entity/Q62065451</description>
                <styleUrl>#33</styleUrl>
                <Point id="328">
                    <coordinates>6.8838388888889,51.21783,0.0</coordinates>
                </Point>
            </Placemark>
            <Placemark id="331">
                <name>Rahmer Benden / Scheiderbruch</name>
                <description>                    category  : protected area &lt;br&gt;   
                    sitelinks : 2.0 &lt;br&gt;   
                    articleEN :  &lt;br&gt;             
                    articleDE : https://de.wikipedia.org/wiki/Rahmer_Benden_/_Scheiderbruch &lt;br&gt;              
                    wikidata_link : http://www.wikidata.org/entity/Q62065445</description>
                <styleUrl>#33</styleUrl>
                <Point id="330">
                    <coordinates>6.8119769444444,51.344225,0.0</coordinates>
                </Point>
            </Placemark>
            <Placemark id="333">
                <name>Ratinger Waldsee</name>
                <description>                    category  : protected area &lt;br&gt;   
                    sitelinks : 2.0 &lt;br&gt;   
                    articleEN :  &lt;br&gt;             
                    articleDE : https://de.wikipedia.org/wiki/Ratinger_Waldsee &lt;br&gt;              
                    wikidata_link : http://www.wikidata.org/entity/Q62065446</description>
                <styleUrl>#33</styleUrl>
                <Point id="332">
                    <coordinates>6.8561876,51.3390574,0.0</coordinates>
                </Point>
            </Placemark>
            <Placemark id="335">
                <name>Am Kirberger Loch</name>
                <description>                    category  : protected area &lt;br&gt;   
                    sitelinks : 2.0 &lt;br&gt;   
                    articleEN :  &lt;br&gt;             
                    articleDE : https://de.wikipedia.org/wiki/Am_Kirberger_Loch &lt;br&gt;              
                    wikidata_link : http://www.wikidata.org/entity/Q62065443</description>
                <styleUrl>#33</styleUrl>
                <Point id="334">
                    <coordinates>6.86621,51.124476111111,0.0</coordinates>
                </Point>
            </Placemark>
            <Placemark id="337">
                <name>Schlackenhalde / Bruchhauser Feuchtwiesen in Erkrath</name>
                <description>                    category  : protected area &lt;br&gt;   
                    sitelinks : 2.0 &lt;br&gt;   
                    articleEN :  &lt;br&gt;             
                    articleDE : https://de.wikipedia.org/wiki/Schlackenhalde_/_Bruchhauser_Feuchtwiesen_in_Erkrath &lt;br&gt;              
                    wikidata_link : http://www.wikidata.org/entity/Q62065436</description>
                <styleUrl>#33</styleUrl>
                <Point id="336">
                    <coordinates>6.9363288888889,51.211235,0.0</coordinates>
                </Point>
            </Placemark>
            <Placemark id="339">
                <name>Oerkhaussee</name>
                <description>                    category  : protected area &lt;br&gt;   
                    sitelinks : 2.0 &lt;br&gt;   
                    articleEN :  &lt;br&gt;             
                    articleDE : https://de.wikipedia.org/wiki/Oerkhaussee &lt;br&gt;              
                    wikidata_link : http://www.wikidata.org/entity/Q62065438</description>
                <styleUrl>#33</styleUrl>
                <Point id="338">
                    <coordinates>6.9284138888889,51.145543888889,0.0</coordinates>
                </Point>
            </Placemark>
            <Placemark id="341">
                <name>Spörkelnbruch</name>
                <description>                    category  : protected area &lt;br&gt;   
                    sitelinks : 2.0 &lt;br&gt;   
                    articleEN :  &lt;br&gt;             
                    articleDE : https://de.wikipedia.org/wiki/Naturschutzgebiet_Sp%C3%B6rkelnbruch_(Haan) &lt;br&gt;              
                    wikidata_link : http://www.wikidata.org/entity/Q62065435</description>
                <styleUrl>#33</styleUrl>
                <Point id="340">
                    <coordinates>6.97544,51.192633888889,0.0</coordinates>
                </Point>
            </Placemark>
            <Placemark id="343">
                <name>Schwarzbachtal bei Götzenberg</name>
                <description>                    category  : protected area &lt;br&gt;   
                    sitelinks : 2.0 &lt;br&gt;   
                    articleEN :  &lt;br&gt;             
                    articleDE : https://de.wikipedia.org/wiki/Schwarzbachtal_bei_G%C3%B6tzenberg &lt;br&gt;              
                    wikidata_link : http://www.wikidata.org/entity/Q62065434</description>
                <styleUrl>#33</styleUrl>
                <Point id="342">
                    <coordinates>6.9138061111111,51.284828888889,0.0</coordinates>
                </Point>
            </Placemark>
            <Placemark id="345">
                <name>Morper Bachtal</name>
                <description>                    category  : protected area &lt;br&gt;   
                    sitelinks : 2.0 &lt;br&gt;   
                    articleEN :  &lt;br&gt;             
                    articleDE : https://de.wikipedia.org/wiki/Morper_Bachtal &lt;br&gt;              
                    wikidata_link : http://www.wikidata.org/entity/Q62065429</description>
                <styleUrl>#33</styleUrl>
                <Point id="344">
                    <coordinates>6.8846530555556,51.233716111111,0.0</coordinates>
                </Point>
            </Placemark>
            <Placemark id="347">
                <name>Baulofsbruch</name>
                <description>                    category  : protected area &lt;br&gt;   
                    sitelinks : 2.0 &lt;br&gt;   
                    articleEN :  &lt;br&gt;             
                    articleDE : https://de.wikipedia.org/wiki/Baulofsbruch &lt;br&gt;              
                    wikidata_link : http://www.wikidata.org/entity/Q62065428</description>
                <styleUrl>#33</styleUrl>
                <Point id="346">
                    <coordinates>6.8668030555556,51.314696944444,0.0</coordinates>
                </Point>
            </Placemark>
            <Placemark id="349">
                <name>Hummelsbach</name>
                <description>                    category  : protected area &lt;br&gt;   
                    sitelinks : 2.0 &lt;br&gt;   
                    articleEN :  &lt;br&gt;             
                    articleDE : https://de.wikipedia.org/wiki/Hummelsbach_(Naturschutzgebiet) &lt;br&gt;              
                    wikidata_link : http://www.wikidata.org/entity/Q62065430</description>
                <styleUrl>#33</styleUrl>
                <Point id="348">
                    <coordinates>6.8635980555556,51.342506111111,0.0</coordinates>
                </Point>
            </Placemark>
            <Placemark id="351">
                <name>Waldgebiet &quot;Grindsmark&quot;</name>
                <description>                    category  : protected area &lt;br&gt;   
                    sitelinks : 2.0 &lt;br&gt;   
                    articleEN :  &lt;br&gt;             
                    articleDE : https://de.wikipedia.org/wiki/Waldgebiet_Grindsmark &lt;br&gt;              
                    wikidata_link : http://www.wikidata.org/entity/Q61737565</description>
                <styleUrl>#33</styleUrl>
                <Point id="350">
                    <coordinates>6.8065380555556,51.353158055556,0.0</coordinates>
                </Point>
            </Placemark>
            <Placemark id="353">
                <name>Rahmer Benden</name>
                <description>                    category  : protected area &lt;br&gt;   
                    sitelinks : 2.0 &lt;br&gt;   
                    articleEN :  &lt;br&gt;             
                    articleDE : https://de.wikipedia.org/wiki/Naturschutzgebiet_Rahmer_Benden &lt;br&gt;              
                    wikidata_link : http://www.wikidata.org/entity/Q61598624</description>
                <styleUrl>#33</styleUrl>
                <Point id="352">
                    <coordinates>6.8047980555556,51.341661944444,0.0</coordinates>
                </Point>
            </Placemark>
            <Placemark id="355">
                <name>Hubbelrather Bachtal</name>
                <description>                    category  : protected area &lt;br&gt;   
                    sitelinks : 2.0 &lt;br&gt;   
                    articleEN :  &lt;br&gt;             
                    articleDE : https://de.wikipedia.org/wiki/Naturschutzgebiet_Hubbelrather_Bachtal &lt;br&gt;              
                    wikidata_link : http://www.wikidata.org/entity/Q61598622</description>
                <styleUrl>#33</styleUrl>
                <Point id="354">
                    <coordinates>6.9043838888889,51.245681944444,0.0</coordinates>
                </Point>
            </Placemark>
            <Placemark id="357">
                <name>Rotthäuser Bachtal</name>
                <description>                    category  : protected area &lt;br&gt;   
                    sitelinks : 2.0 &lt;br&gt;   
                    articleEN :  &lt;br&gt;             
                    articleDE : https://de.wikipedia.org/wiki/Naturschutzgebiet_Rotth%C3%A4user_Bachtal &lt;br&gt;              
                    wikidata_link : http://www.wikidata.org/entity/Q61598619</description>
                <styleUrl>#33</styleUrl>
                <Point id="356">
                    <coordinates>6.8942088888889,51.250193055556,0.0</coordinates>
                </Point>
            </Placemark>
            <Placemark id="359">
                <name>Rheinaue Zons-Rheinfeld und Altrheinschlinge Zons</name>
                <description>                    category  : Naturschutzgebiet &lt;br&gt;   
                    sitelinks : 2.0 &lt;br&gt;   
                    articleEN :  &lt;br&gt;             
                    articleDE : https://de.wikipedia.org/wiki/Rheinaue_Zons-Rheinfeld_und_Altrheinschlinge_Zons &lt;br&gt;              
                    wikidata_link : http://www.wikidata.org/entity/Q61570427</description>
                <styleUrl>#33</styleUrl>
                <Point id="358">
                    <coordinates>6.8650388888889,51.115178055556,0.0</coordinates>
                </Point>
            </Placemark>
            <Placemark id="361">
                <name>Q61440338</name>
                <description>                    category  : chapel &lt;br&gt;   
                    sitelinks : 2.0 &lt;br&gt;   
                    articleEN :  &lt;br&gt;             
                    articleDE : https://de.wikipedia.org/wiki/Kapellchen_(B%C3%BCderich) &lt;br&gt;              
                    wikidata_link : http://www.wikidata.org/entity/Q61440338</description>
                <styleUrl>#33</styleUrl>
                <Point id="360">
                    <coordinates>6.6797304153442,51.254663495796,0.0</coordinates>
                </Point>
            </Placemark>
            <Placemark id="363">
                <name>Matthäikirche (Düsseldorf-Düsseltal)</name>
                <description>                    category  : church building &lt;br&gt;   
                    sitelinks : 2.0 &lt;br&gt;   
                    articleEN :  &lt;br&gt;             
                    articleDE : https://de.wikipedia.org/wiki/Matth%C3%A4ikirche_(D%C3%BCsseldorf-D%C3%BCsseltal) &lt;br&gt;              
                    wikidata_link : http://www.wikidata.org/entity/Q1910484</description>
                <styleUrl>#33</styleUrl>
                <Point id="362">
                    <coordinates>6.80748,51.2349,0.0</coordinates>
                </Point>
            </Placemark>
            <Placemark id="365">
                <name>Mater Dolorosa</name>
                <description>                    category  : parish church &lt;br&gt;   
                    sitelinks : 2.0 &lt;br&gt;   
                    articleEN :  &lt;br&gt;             
                    articleDE : https://de.wikipedia.org/wiki/Mater_Dolorosa_(D%C3%BCsseldorf) &lt;br&gt;              
                    wikidata_link : http://www.wikidata.org/entity/Q1908197</description>
                <styleUrl>#33</styleUrl>
                <Point id="364">
                    <coordinates>6.77256,51.1909,0.0</coordinates>
                </Point>
            </Placemark>
            <Placemark id="367">
                <name>Martinskirche</name>
                <description>                    category  : church building &lt;br&gt;   
                    sitelinks : 2.0 &lt;br&gt;   
                    articleEN :  &lt;br&gt;             
                    articleDE : https://de.wikipedia.org/wiki/Martinskirche_(D%C3%BCsseldorf-Unterbilk) &lt;br&gt;              
                    wikidata_link : http://www.wikidata.org/entity/Q1905676</description>
                <styleUrl>#33</styleUrl>
                <Point id="366">
                    <coordinates>6.76374,51.2116,0.0</coordinates>
                </Point>
            </Placemark>
            <Placemark id="369">
                <name>Mariensäule</name>
                <description>                    category  : architectural structure &lt;br&gt;   
                    sitelinks : 2.0 &lt;br&gt;   
                    articleEN :  &lt;br&gt;             
                    articleDE : https://de.wikipedia.org/wiki/Mariens%C3%A4ule_(D%C3%BCsseldorf) &lt;br&gt;              
                    wikidata_link : http://www.wikidata.org/entity/Q1897955</description>
                <styleUrl>#33</styleUrl>
                <Point id="368">
                    <coordinates>6.7713,51.2224,0.0</coordinates>
                </Point>
            </Placemark>
            <Placemark id="371">
                <name>Q127384989</name>
                <description>                    category  : group of sculptures &lt;br&gt;   
                    sitelinks : 2.0 &lt;br&gt;   
                    articleEN :  &lt;br&gt;             
                    articleDE : https://de.wikipedia.org/wiki/Jr%C3%B6ne_Jong &lt;br&gt;              
                    wikidata_link : http://www.wikidata.org/entity/Q127384989</description>
                <styleUrl>#33</styleUrl>
                <Point id="370">
                    <coordinates>6.781943,51.22913,0.0</coordinates>
                </Point>
            </Placemark>
            <Placemark id="373">
                <name>Q126903128</name>
                <description>                    category  : architectural structure &lt;br&gt;   
                    sitelinks : 2.0 &lt;br&gt;   
                    articleEN :  &lt;br&gt;             
                    articleDE : https://de.wikipedia.org/wiki/Rheinhof &lt;br&gt;              
                    wikidata_link : http://www.wikidata.org/entity/Q126903128</description>
                <styleUrl>#33</styleUrl>
                <Point id="372">
                    <coordinates>6.777257,51.222908,0.0</coordinates>
                </Point>
            </Placemark>
            <Placemark id="375">
                <name>Q126595475</name>
                <description>                    category  : architectural structure &lt;br&gt;   
                    sitelinks : 2.0 &lt;br&gt;   
                    articleEN :  &lt;br&gt;             
                    articleDE : https://de.wikipedia.org/wiki/Solitaire_(D%C3%BCsseldorf) &lt;br&gt;              
                    wikidata_link : http://www.wikidata.org/entity/Q126595475</description>
                <styleUrl>#33</styleUrl>
                <Point id="374">
                    <coordinates>6.749479,51.214364,0.0</coordinates>
                </Point>
            </Placemark>
            <Placemark id="377">
                <name>Neusser Lagerhaus</name>
                <description>                    category  : building complex &lt;br&gt;   
                    sitelinks : 2.0 &lt;br&gt;   
                    articleEN :  &lt;br&gt;             
                    articleDE : https://de.wikipedia.org/wiki/Neusser_Lagerhaus &lt;br&gt;              
                    wikidata_link : http://www.wikidata.org/entity/Q125691789</description>
                <styleUrl>#33</styleUrl>
                <Point id="376">
                    <coordinates>6.6901858839791,51.208278894259,0.0</coordinates>
                </Point>
            </Placemark>
            <Placemark id="379">
                <name>Q125470401</name>
                <description>                    category  : architectural structure &lt;br&gt;   
                    sitelinks : 2.0 &lt;br&gt;   
                    articleEN :  &lt;br&gt;             
                    articleDE : https://de.wikipedia.org/wiki/Haus_der_Jugend_(Hilden) &lt;br&gt;              
                    wikidata_link : http://www.wikidata.org/entity/Q125470401</description>
                <styleUrl>#33</styleUrl>
                <Point id="378">
                    <coordinates>6.933741,51.165623,0.0</coordinates>
                </Point>
            </Placemark>
            <Placemark id="381">
                <name>Thomaskirche</name>
                <description>                    category  : church building &lt;br&gt;   
                    sitelinks : 2.0 &lt;br&gt;   
                    articleEN :  &lt;br&gt;             
                    articleDE : https://de.wikipedia.org/wiki/Thomaskirche_(D%C3%BCsseldorf-Reisholz) &lt;br&gt;              
                    wikidata_link : http://www.wikidata.org/entity/Q2428517</description>
                <styleUrl>#33</styleUrl>
                <Point id="380">
                    <coordinates>6.85739,51.1762,0.0</coordinates>
                </Point>
            </Placemark>
            <Placemark id="383">
                <name>Theater FLIN</name>
                <description>                    category  : theatre building &lt;br&gt;   
                    sitelinks : 2.0 &lt;br&gt;   
                    articleEN : https://en.wikipedia.org/wiki/Theater_FLIN &lt;br&gt;             
                    articleDE : https://de.wikipedia.org/wiki/KaBARett_FLiN &lt;br&gt;              
                    wikidata_link : http://www.wikidata.org/entity/Q2415758</description>
                <styleUrl>#33</styleUrl>
                <Point id="382">
                    <coordinates>6.8058,51.2295,0.0</coordinates>
                </Point>
            </Placemark>
            <Placemark id="385">
                <name>Teloy-Mühle</name>
                <description>                    category  : windmill &lt;br&gt;   
                    sitelinks : 2.0 &lt;br&gt;   
                    articleEN :  &lt;br&gt;             
                    articleDE : https://de.wikipedia.org/wiki/Teloy-M%C3%BChle &lt;br&gt;              
                    wikidata_link : http://www.wikidata.org/entity/Q2402380</description>
                <styleUrl>#33</styleUrl>
                <Point id="384">
                    <coordinates>6.6793,51.3063,0.0</coordinates>
                </Point>
            </Placemark>
            <Placemark id="387">
                <name>Tanzhaus Nordrhein-Westfalen</name>
                <description>                    category  : theatre building &lt;br&gt;   
                    sitelinks : 2.0 &lt;br&gt;   
                    articleEN :  &lt;br&gt;             
                    articleDE : https://de.wikipedia.org/wiki/Tanzhaus_NRW &lt;br&gt;              
                    wikidata_link : http://www.wikidata.org/entity/Q2393329</description>
                <styleUrl>#33</styleUrl>
                <Point id="386">
                    <coordinates>6.8009,51.2239,0.0</coordinates>
                </Point>
            </Placemark>
            <Placemark id="389">
                <name>Südpark</name>
                <description>                    category  : architectural structure &lt;br&gt;   
                    sitelinks : 2.0 &lt;br&gt;   
                    articleEN :  &lt;br&gt;             
                    articleDE : https://de.wikipedia.org/wiki/S%C3%BCdpark_(D%C3%BCsseldorf) &lt;br&gt;              
                    wikidata_link : http://www.wikidata.org/entity/Q2381375</description>
                <styleUrl>#33</styleUrl>
                <Point id="388">
                    <coordinates>6.80843,51.2003,0.0</coordinates>
                </Point>
            </Placemark>
            <Placemark id="391">
                <name>Südfriedhof</name>
                <description>                    category  : cemetery &lt;br&gt;   
                    sitelinks : 2.0 &lt;br&gt;   
                    articleEN :  &lt;br&gt;             
                    articleDE : https://de.wikipedia.org/wiki/S%C3%BCdfriedhof_(D%C3%BCsseldorf) &lt;br&gt;              
                    wikidata_link : http://www.wikidata.org/entity/Q2380741</description>
                <styleUrl>#33</styleUrl>
                <Point id="390">
                    <coordinates>6.75502,51.1963,0.0</coordinates>
                </Point>
            </Placemark>
            <Placemark id="393">
                <name>Straberg</name>
                <description>                    category  : Ortsteil &lt;br&gt;   
                    sitelinks : 2.0 &lt;br&gt;   
                    articleEN :  &lt;br&gt;             
                    articleDE : https://de.wikipedia.org/wiki/Straberg &lt;br&gt;              
                    wikidata_link : http://www.wikidata.org/entity/Q2352538</description>
                <styleUrl>#33</styleUrl>
                <Point id="392">
                    <coordinates>6.76278,51.0922,0.0</coordinates>
                </Point>
            </Placemark>
            <Placemark id="395">
                <name>Stoffeler Kapelle</name>
                <description>                    category  : church building &lt;br&gt;   
                    sitelinks : 2.0 &lt;br&gt;   
                    articleEN :  &lt;br&gt;             
                    articleDE : https://de.wikipedia.org/wiki/Stoffeler_Kapelle &lt;br&gt;              
                    wikidata_link : http://www.wikidata.org/entity/Q2350966</description>
                <styleUrl>#33</styleUrl>
                <Point id="394">
                    <coordinates>6.7968,51.1962,0.0</coordinates>
                </Point>
            </Placemark>
            <Placemark id="397">
                <name>Sternwarte Neanderhöhe Hochdahl</name>
                <description>                    category  : public observatory &lt;br&gt;   
                    sitelinks : 2.0 &lt;br&gt;   
                    articleEN :  &lt;br&gt;             
                    articleDE : https://de.wikipedia.org/wiki/Sternwarte_Neanderh%C3%B6he_Hochdahl &lt;br&gt;              
                    wikidata_link : http://www.wikidata.org/entity/Q2346093</description>
                <styleUrl>#33</styleUrl>
                <Point id="396">
                    <coordinates>6.98239,51.209,0.0</coordinates>
                </Point>
            </Placemark>
            <Placemark id="399">
                <name>Sternhaus (Düsseldorf)</name>
                <description>                    category  : architectural structure &lt;br&gt;   
                    sitelinks : 2.0 &lt;br&gt;   
                    articleEN :  &lt;br&gt;             
                    articleDE : https://de.wikipedia.org/wiki/Sternhaus_(D%C3%BCsseldorf) &lt;br&gt;              
                    wikidata_link : http://www.wikidata.org/entity/Q2345875</description>
                <styleUrl>#33</styleUrl>
                <Point id="398">
                    <coordinates>6.77144,51.2442,0.0</coordinates>
                </Point>
            </Placemark>
            <Placemark id="401">
                <name>Steilrampe Erkrath-Hochdahl</name>
                <description>                    category  : railway line &lt;br&gt;   
                    sitelinks : 2.0 &lt;br&gt;   
                    articleEN :  &lt;br&gt;             
                    articleDE : https://de.wikipedia.org/wiki/Steilrampe_Erkrath%E2%80%93Hochdahl &lt;br&gt;              
                    wikidata_link : http://www.wikidata.org/entity/Q2339427</description>
                <styleUrl>#33</styleUrl>
                <Point id="400">
                    <coordinates>6.92611,51.2194,0.0</coordinates>
                </Point>
            </Placemark>
            <Placemark id="403">
                <name>Q2329612</name>
                <description>                    category  : church building &lt;br&gt;   
                    sitelinks : 2.0 &lt;br&gt;   
                    articleEN :  &lt;br&gt;             
                    articleDE : https://de.wikipedia.org/wiki/Stammhauskirche_Kaiserswerth &lt;br&gt;              
                    wikidata_link : http://www.wikidata.org/entity/Q2329612</description>
                <styleUrl>#33</styleUrl>
                <Point id="402">
                    <coordinates>6.7358,51.3019,0.0</coordinates>
                </Point>
            </Placemark>
            <Placemark id="405">
                <name>St. Victor</name>
                <description>                    category  : church building &lt;br&gt;   
                    sitelinks : 2.0 &lt;br&gt;   
                    articleEN :  &lt;br&gt;             
                    articleDE : https://de.wikipedia.org/wiki/St._Victor_(D%C3%BCsseldorf) &lt;br&gt;              
                    wikidata_link : http://www.wikidata.org/entity/Q2323538</description>
                <styleUrl>#33</styleUrl>
                <Point id="404">
                    <coordinates>6.87421,51.2662,0.0</coordinates>
                </Point>
            </Placemark>
            <Placemark id="407">
                <name>St. Theresia vom Kinde Jesu</name>
                <description>                    category  : church building &lt;br&gt;   
                    sitelinks : 2.0 &lt;br&gt;   
                    articleEN :  &lt;br&gt;             
                    articleDE : https://de.wikipedia.org/wiki/St._Theresia_vom_Kinde_Jesu_(D%C3%BCsseldorf) &lt;br&gt;              
                    wikidata_link : http://www.wikidata.org/entity/Q2323355</description>
                <styleUrl>#33</styleUrl>
                <Point id="406">
                    <coordinates>6.89791,51.1499,0.0</coordinates>
                </Point>
            </Placemark>
            <Placemark id="409">
                <name>St. Suitbertus</name>
                <description>                    category  : parish church &lt;br&gt;   
                    sitelinks : 2.0 &lt;br&gt;   
                    articleEN :  &lt;br&gt;             
                    articleDE : https://de.wikipedia.org/wiki/St._Suitbertus_(D%C3%BCsseldorf-Bilk) &lt;br&gt;              
                    wikidata_link : http://www.wikidata.org/entity/Q2323313</description>
                <styleUrl>#33</styleUrl>
                <Point id="408">
                    <coordinates>6.78188,51.204,0.0</coordinates>
                </Point>
            </Placemark>
            <Placemark id="411">
                <name>St Stephen's Church</name>
                <description>                    category  : parish church &lt;br&gt;   
                    sitelinks : 2.0 &lt;br&gt;   
                    articleEN :  &lt;br&gt;             
                    articleDE : https://de.wikipedia.org/wiki/St._Stephanus_(Lank-Latum) &lt;br&gt;              
                    wikidata_link : http://www.wikidata.org/entity/Q2323291</description>
                <styleUrl>#33</styleUrl>
                <Point id="410">
                    <coordinates>6.68114,51.3018,0.0</coordinates>
                </Point>
            </Placemark>
            <Placemark id="413">
                <name>St. Reinold</name>
                <description>                    category  : church building &lt;br&gt;   
                    sitelinks : 2.0 &lt;br&gt;   
                    articleEN :  &lt;br&gt;             
                    articleDE : https://de.wikipedia.org/wiki/St._Reinold_(D%C3%BCsseldorf) &lt;br&gt;              
                    wikidata_link : http://www.wikidata.org/entity/Q2322985</description>
                <styleUrl>#33</styleUrl>
                <Point id="412">
                    <coordinates>6.84878,51.2158,0.0</coordinates>
                </Point>
            </Placemark>
            <Placemark id="415">
                <name>Kapelle St Pankratius</name>
                <description>                    category  : filial church &lt;br&gt;   
                    sitelinks : 2.0 &lt;br&gt;   
                    articleEN :  &lt;br&gt;             
                    articleDE : https://de.wikipedia.org/wiki/St._Pankratius_(Ossum) &lt;br&gt;              
                    wikidata_link : http://www.wikidata.org/entity/Q2322269</description>
                <styleUrl>#33</styleUrl>
                <Point id="414">
                    <coordinates>6.64562,51.3066,0.0</coordinates>
                </Point>
            </Placemark>
            <Placemark id="417">
                <name>St. Pankratius</name>
                <description>                    category  : Catholic church building &lt;br&gt;   
                    sitelinks : 2.0 &lt;br&gt;   
                    articleEN :  &lt;br&gt;             
                    articleDE : https://de.wikipedia.org/wiki/St._Pankratius_(Nievenheim) &lt;br&gt;              
                    wikidata_link : http://www.wikidata.org/entity/Q2322263</description>
                <styleUrl>#33</styleUrl>
                <Point id="416">
                    <coordinates>6.7725,51.1137,0.0</coordinates>
                </Point>
            </Placemark>
            <Placemark id="419">
                <name>St. Odilia</name>
                <description>                    category  : Catholic church building &lt;br&gt;   
                    sitelinks : 2.0 &lt;br&gt;   
                    articleEN :  &lt;br&gt;             
                    articleDE : https://de.wikipedia.org/wiki/St._Odilia_(Gohr) &lt;br&gt;              
                    wikidata_link : http://www.wikidata.org/entity/Q2322159</description>
                <styleUrl>#33</styleUrl>
                <Point id="418">
                    <coordinates>6.71888,51.1036,0.0</coordinates>
                </Point>
            </Placemark>
            <Placemark id="421">
                <name>St. Michael</name>
                <description>                    category  : church building &lt;br&gt;   
                    sitelinks : 2.0 &lt;br&gt;   
                    articleEN :  &lt;br&gt;             
                    articleDE : https://de.wikipedia.org/wiki/St._Michael_(D%C3%BCsseldorf-Lierenfeld) &lt;br&gt;              
                    wikidata_link : http://www.wikidata.org/entity/Q2321586</description>
                <styleUrl>#33</styleUrl>
                <Point id="420">
                    <coordinates>6.83056,51.2083,0.0</coordinates>
                </Point>
            </Placemark>
            <Placemark id="423">
                <name>St. Matthäus</name>
                <description>                    category  : church building &lt;br&gt;   
                    sitelinks : 2.0 &lt;br&gt;   
                    articleEN :  &lt;br&gt;             
                    articleDE : https://de.wikipedia.org/wiki/St._Matth%C3%A4us_(D%C3%BCsseldorf) &lt;br&gt;              
                    wikidata_link : http://www.wikidata.org/entity/Q2321428</description>
                <styleUrl>#33</styleUrl>
                <Point id="422">
                    <coordinates>6.89926,51.1387,0.0</coordinates>
                </Point>
            </Placemark>
            <Placemark id="425">
                <name>St. Mariä Himmelfahrt</name>
                <description>                    category  : church building &lt;br&gt;   
                    sitelinks : 2.0 &lt;br&gt;   
                    articleEN :  &lt;br&gt;             
                    articleDE : https://de.wikipedia.org/wiki/St._Mari%C3%A4_Himmelfahrt_(D%C3%BCsseldorf-Flingern) &lt;br&gt;              
                    wikidata_link : http://www.wikidata.org/entity/Q2320983</description>
                <styleUrl>#33</styleUrl>
                <Point id="424">
                    <coordinates>6.81128,51.2307,0.0</coordinates>
                </Point>
            </Placemark>
            <Placemark id="427">
                <name>St. Maria vom Frieden</name>
                <description>                    category  : church building &lt;br&gt;   
                    sitelinks : 2.0 &lt;br&gt;   
                    articleEN :  &lt;br&gt;             
                    articleDE : https://de.wikipedia.org/wiki/St._Maria_vom_Frieden_(D%C3%BCsseldorf) &lt;br&gt;              
                    wikidata_link : http://www.wikidata.org/entity/Q2320742</description>
                <styleUrl>#33</styleUrl>
                <Point id="426">
                    <coordinates>6.84381,51.229,0.0</coordinates>
                </Point>
            </Placemark>
            <Placemark id="429">
                <name>St. Maria Rosenkranz</name>
                <description>                    category  : church building &lt;br&gt;   
                    sitelinks : 2.0 &lt;br&gt;   
                    articleEN :  &lt;br&gt;             
                    articleDE : https://de.wikipedia.org/wiki/St._Maria_Rosenkranz_(D%C3%BCsseldorf-Wersten) &lt;br&gt;              
                    wikidata_link : http://www.wikidata.org/entity/Q2320695</description>
                <styleUrl>#33</styleUrl>
                <Point id="428">
                    <coordinates>6.82253,51.1891,0.0</coordinates>
                </Point>
            </Placemark>
            <Placemark id="431">
                <name>St. Maria Hilfe der Christen</name>
                <description>                    category  : church building &lt;br&gt;   
                    sitelinks : 2.0 &lt;br&gt;   
                    articleEN :  &lt;br&gt;             
                    articleDE : https://de.wikipedia.org/wiki/St._Maria_Hilfe_der_Christen_(D%C3%BCsseldorf-L%C3%B6rick) &lt;br&gt;              
                    wikidata_link : http://www.wikidata.org/entity/Q2320642</description>
                <styleUrl>#33</styleUrl>
                <Point id="430">
                    <coordinates>6.72299,51.2453,0.0</coordinates>
                </Point>
            </Placemark>
            <Placemark id="433">
                <name>St. Konrad</name>
                <description>                    category  : parish church &lt;br&gt;   
                    sitelinks : 2.0 &lt;br&gt;   
                    articleEN :  &lt;br&gt;             
                    articleDE : https://de.wikipedia.org/wiki/St._Konrad_(Neuss) &lt;br&gt;              
                    wikidata_link : http://www.wikidata.org/entity/Q2319959</description>
                <styleUrl>#33</styleUrl>
                <Point id="432">
                    <coordinates>6.71527,51.1831,0.0</coordinates>
                </Point>
            </Placemark>
            <Placemark id="435">
                <name>St. Katharina</name>
                <description>                    category  : church building &lt;br&gt;   
                    sitelinks : 2.0 &lt;br&gt;   
                    articleEN :  &lt;br&gt;             
                    articleDE : https://de.wikipedia.org/wiki/St._Katharina_(D%C3%BCsseldorf-Gerresheim) &lt;br&gt;              
                    wikidata_link : http://www.wikidata.org/entity/Q2319848</description>
                <styleUrl>#33</styleUrl>
                <Point id="434">
                    <coordinates>6.86463,51.2173,0.0</coordinates>
                </Point>
            </Placemark>
            <Placemark id="437">
                <name>St. Joseph</name>
                <description>                    category  : church building &lt;br&gt;   
                    sitelinks : 2.0 &lt;br&gt;   
                    articleEN :  &lt;br&gt;             
                    articleDE : https://de.wikipedia.org/wiki/St._Joseph_(D%C3%BCsseldorf-Holthausen) &lt;br&gt;              
                    wikidata_link : http://www.wikidata.org/entity/Q2319698</description>
                <styleUrl>#33</styleUrl>
                <Point id="436">
                    <coordinates>6.83436,51.1772,0.0</coordinates>
                </Point>
            </Placemark>
            <Placemark id="439">
                <name>Marie-Curie-Gymnasium Düsseldorf</name>
                <description>                    category  : Gymnasium in Germany &lt;br&gt;   
                    sitelinks : 2.0 &lt;br&gt;   
                    articleEN :  &lt;br&gt;             
                    articleDE : https://de.wikipedia.org/wiki/Marie-Curie-Gymnasium_D%C3%BCsseldorf &lt;br&gt;              
                    wikidata_link : http://www.wikidata.org/entity/Q1897118</description>
                <styleUrl>#33</styleUrl>
                <Point id="438">
                    <coordinates>6.86248,51.2385,0.0</coordinates>
                </Point>
            </Placemark>
            <Placemark id="441">
                <name>Mannesmann-Haus</name>
                <description>                    category  : office building &lt;br&gt;   
                    sitelinks : 2.0 &lt;br&gt;   
                    articleEN :  &lt;br&gt;             
                    articleDE : https://de.wikipedia.org/wiki/Mannesmann-Haus &lt;br&gt;              
                    wikidata_link : http://www.wikidata.org/entity/Q1890644</description>
                <styleUrl>#33</styleUrl>
                <Point id="440">
                    <coordinates>6.76809722,51.22109722,0.0</coordinates>
                </Point>
            </Placemark>
            <Placemark id="443">
                <name>Majolikahäuschen</name>
                <description>                    category  : pavilion &lt;br&gt;   
                    sitelinks : 2.0 &lt;br&gt;   
                    articleEN :  &lt;br&gt;             
                    articleDE : https://de.wikipedia.org/wiki/Majolikah%C3%A4uschen &lt;br&gt;              
                    wikidata_link : http://www.wikidata.org/entity/Q1886087</description>
                <styleUrl>#33</styleUrl>
                <Point id="442">
                    <coordinates>6.77327,51.2329,0.0</coordinates>
                </Point>
            </Placemark>
            <Placemark id="445">
                <name>Lutherkirche</name>
                <description>                    category  : church building &lt;br&gt;   
                    sitelinks : 2.0 &lt;br&gt;   
                    articleEN :  &lt;br&gt;             
                    articleDE : https://de.wikipedia.org/wiki/Lutherkirche_(Bilk) &lt;br&gt;              
                    wikidata_link : http://www.wikidata.org/entity/Q1877933</description>
                <styleUrl>#33</styleUrl>
                <Point id="444">
                    <coordinates>6.77392,51.2012,0.0</coordinates>
                </Point>
            </Placemark>
            <Placemark id="447">
                <name>Luegallee</name>
                <description>                    category  : street &lt;br&gt;   
                    sitelinks : 2.0 &lt;br&gt;   
                    articleEN :  &lt;br&gt;             
                    articleDE : https://de.wikipedia.org/wiki/Luegallee &lt;br&gt;              
                    wikidata_link : http://www.wikidata.org/entity/Q1875500</description>
                <styleUrl>#33</styleUrl>
                <Point id="446">
                    <coordinates>6.75535,51.2316,0.0</coordinates>
                </Point>
            </Placemark>
            <Placemark id="449">
                <name>Lorettostraße</name>
                <description>                    category  : street &lt;br&gt;   
                    sitelinks : 2.0 &lt;br&gt;   
                    articleEN :  &lt;br&gt;             
                    articleDE : https://de.wikipedia.org/wiki/Lorettostra%C3%9Fe_(D%C3%BCsseldorf) &lt;br&gt;              
                    wikidata_link : http://www.wikidata.org/entity/Q1870294</description>
                <styleUrl>#33</styleUrl>
                <Point id="448">
                    <coordinates>6.76597,51.2139,0.0</coordinates>
                </Point>
            </Placemark>
            <Placemark id="451">
                <name>Loretokapelle, Düsseldorf-Bilk</name>
                <description>                    category  : chapel of Loreto &lt;br&gt;   
                    sitelinks : 2.0 &lt;br&gt;   
                    articleEN :  &lt;br&gt;             
                    articleDE : https://de.wikipedia.org/wiki/Loretokapelle_(D%C3%BCsseldorf-Bilk) &lt;br&gt;              
                    wikidata_link : http://www.wikidata.org/entity/Q1870263</description>
                <styleUrl>#33</styleUrl>
                <Point id="450">
                    <coordinates>6.76365,51.2116,0.0</coordinates>
                </Point>
            </Placemark>
            <Placemark id="453">
                <name>Leibniz-Montessori-Gymnasium</name>
                <description>                    category  : Gymnasium in Germany &lt;br&gt;   
                    sitelinks : 2.0 &lt;br&gt;   
                    articleEN :  &lt;br&gt;             
                    articleDE : https://de.wikipedia.org/wiki/Leibniz-Montessori-Gymnasium &lt;br&gt;              
                    wikidata_link : http://www.wikidata.org/entity/Q1813707</description>
                <styleUrl>#33</styleUrl>
                <Point id="452">
                    <coordinates>6.78598,51.2416,0.0</coordinates>
                </Point>
            </Placemark>
            <Placemark id="455">
                <name>Latumer Bruch</name>
                <description>                    category  : protected area &lt;br&gt;   
                    sitelinks : 2.0 &lt;br&gt;   
                    articleEN :  &lt;br&gt;             
                    articleDE : https://de.wikipedia.org/wiki/Latumer_Bruch &lt;br&gt;              
                    wikidata_link : http://www.wikidata.org/entity/Q1807072</description>
                <styleUrl>#33</styleUrl>
                <Point id="454">
                    <coordinates>6.6554,51.3165,0.0</coordinates>
                </Point>
            </Placemark>
            <Placemark id="457">
                <name>Langst-Kierst</name>
                <description>                    category  : Ortsteil &lt;br&gt;   
                    sitelinks : 2.0 &lt;br&gt;   
                    articleEN :  &lt;br&gt;             
                    articleDE : https://de.wikipedia.org/wiki/Langst-Kierst &lt;br&gt;              
                    wikidata_link : http://www.wikidata.org/entity/Q1805402</description>
                <styleUrl>#33</styleUrl>
                <Point id="456">
                    <coordinates>6.71611,51.2978,0.0</coordinates>
                </Point>
            </Placemark>
            <Placemark id="459">
                <name>Landeshaus Düsseldorf</name>
                <description>                    category  : architectural structure &lt;br&gt;   
                    sitelinks : 2.0 &lt;br&gt;   
                    articleEN :  &lt;br&gt;             
                    articleDE : https://de.wikipedia.org/wiki/Landeshaus_D%C3%BCsseldorf &lt;br&gt;              
                    wikidata_link : http://www.wikidata.org/entity/Q1802237</description>
                <styleUrl>#33</styleUrl>
                <Point id="458">
                    <coordinates>6.7673,51.22,0.0</coordinates>
                </Point>
            </Placemark>
            <Placemark id="461">
                <name>Lambertusstraße 6</name>
                <description>                    category  : building &lt;br&gt;   
                    sitelinks : 2.0 &lt;br&gt;   
                    articleEN :  &lt;br&gt;             
                    articleDE : https://de.wikipedia.org/wiki/Lambertusstra%C3%9Fe_6_(D%C3%BCsseldorf) &lt;br&gt;              
                    wikidata_link : http://www.wikidata.org/entity/Q1801452</description>
                <styleUrl>#33</styleUrl>
                <Point id="460">
                    <coordinates>6.77283,51.228,0.0</coordinates>
                </Point>
            </Placemark>
            <Placemark id="463">
                <name>St. Mariä Himmelfahrt</name>
                <description>                    category  : church building &lt;br&gt;   
                    sitelinks : 2.0 &lt;br&gt;   
                    articleEN :  &lt;br&gt;             
                    articleDE : https://de.wikipedia.org/wiki/St._Mari%C3%A4_Himmelfahrt_(D%C3%BCsseldorf-Unterbach) &lt;br&gt;              
                    wikidata_link : http://www.wikidata.org/entity/Q1798514</description>
                <styleUrl>#33</styleUrl>
                <Point id="462">
                    <coordinates>6.89938,51.2028,0.0</coordinates>
                </Point>
            </Placemark>
            <Placemark id="465">
                <name>Königsallee 13 (Düsseldorf)</name>
                <description>                    category  : building &lt;br&gt;   
                    sitelinks : 2.0 &lt;br&gt;   
                    articleEN :  &lt;br&gt;             
                    articleDE : https://de.wikipedia.org/wiki/K%C3%B6nigsallee_13 &lt;br&gt;              
                    wikidata_link : http://www.wikidata.org/entity/Q1796260</description>
                <styleUrl>#33</styleUrl>
                <Point id="464">
                    <coordinates>6.77814,51.2254,0.0</coordinates>
                </Point>
            </Placemark>
            <Placemark id="467">
                <name>Kölner Straße</name>
                <description>                    category  : street &lt;br&gt;   
                    sitelinks : 2.0 &lt;br&gt;   
                    articleEN :  &lt;br&gt;             
                    articleDE : https://de.wikipedia.org/wiki/K%C3%B6lner_Stra%C3%9Fe_(D%C3%BCsseldorf) &lt;br&gt;              
                    wikidata_link : http://www.wikidata.org/entity/Q1795873</description>
                <styleUrl>#33</styleUrl>
                <Point id="466">
                    <coordinates>6.79861,51.2208,0.0</coordinates>
                </Point>
            </Placemark>
            <Placemark id="469">
                <name>Kö-Bogen</name>
                <description>                    category  : department store &lt;br&gt;   
                    sitelinks : 2.0 &lt;br&gt;   
                    articleEN :  &lt;br&gt;             
                    articleDE : https://de.wikipedia.org/wiki/K%C3%B6-Bogen &lt;br&gt;              
                    wikidata_link : http://www.wikidata.org/entity/Q1795612</description>
                <styleUrl>#33</styleUrl>
                <Point id="468">
                    <coordinates>6.78111,51.2269,0.0</coordinates>
                </Point>
            </Placemark>
            <Placemark id="471">
                <name>Kunstgewerbeschule Düsseldorf</name>
                <description>                    category  : former educational institution &lt;br&gt;   
                    sitelinks : 2.0 &lt;br&gt;   
                    articleEN : https://en.wikipedia.org/wiki/Kunstgewerbeschule_D%C3%BCsseldorf &lt;br&gt;             
                    articleDE : https://de.wikipedia.org/wiki/Kunstgewerbeschule_D%C3%BCsseldorf &lt;br&gt;              
                    wikidata_link : http://www.wikidata.org/entity/Q1792392</description>
                <styleUrl>#33</styleUrl>
                <Point id="470">
                    <coordinates>6.77151,51.2268,0.0</coordinates>
                </Point>
            </Placemark>
            <Placemark id="473">
                <name>Kunstgewerbe-Museum</name>
                <description>                    category  : museum &lt;br&gt;   
                    sitelinks : 2.0 &lt;br&gt;   
                    articleEN :  &lt;br&gt;             
                    articleDE : https://de.wikipedia.org/wiki/Kunstgewerbemuseum_D%C3%BCsseldorf &lt;br&gt;              
                    wikidata_link : http://www.wikidata.org/entity/Q1792388</description>
                <styleUrl>#33</styleUrl>
                <Point id="472">
                    <coordinates>6.77647,51.2284,0.0</coordinates>
                </Point>
            </Placemark>
            <Placemark id="475">
                <name>Schule an der Kronprinzenstraße</name>
                <description>                    category  : primary school &lt;br&gt;   
                    sitelinks : 2.0 &lt;br&gt;   
                    articleEN :  &lt;br&gt;             
                    articleDE : https://de.wikipedia.org/wiki/Kronprinzenschule &lt;br&gt;              
                    wikidata_link : http://www.wikidata.org/entity/Q1789981</description>
                <styleUrl>#33</styleUrl>
                <Point id="474">
                    <coordinates>6.76917,51.2102,0.0</coordinates>
                </Point>
            </Placemark>
            <Placemark id="477">
                <name>Kriegerdenkmal in Düsseldorf-Stadtmitte</name>
                <description>                    category  : monument &lt;br&gt;   
                    sitelinks : 2.0 &lt;br&gt;   
                    articleEN :  &lt;br&gt;             
                    articleDE : https://de.wikipedia.org/wiki/Kriegerdenkmal_im_Hofgarten_(D%C3%BCsseldorf) &lt;br&gt;              
                    wikidata_link : http://www.wikidata.org/entity/Q1788661</description>
                <styleUrl>#33</styleUrl>
                <Point id="476">
                    <coordinates>6.77982,51.2276,0.0</coordinates>
                </Point>
            </Placemark>
            <Placemark id="479">
                <name>Kreuzkirche</name>
                <description>                    category  : church building &lt;br&gt;   
                    sitelinks : 2.0 &lt;br&gt;   
                    articleEN :  &lt;br&gt;             
                    articleDE : https://de.wikipedia.org/wiki/Kreuzkirche_(D%C3%BCsseldorf-Pempelfort) &lt;br&gt;              
                    wikidata_link : http://www.wikidata.org/entity/Q1788334</description>
                <styleUrl>#33</styleUrl>
                <Point id="478">
                    <coordinates>6.78155,51.2418,0.0</coordinates>
                </Point>
            </Placemark>
            <Placemark id="481">
                <name>Kreuzherrenkirche</name>
                <description>                    category  : church building &lt;br&gt;   
                    sitelinks : 2.0 &lt;br&gt;   
                    articleEN :  &lt;br&gt;             
                    articleDE : https://de.wikipedia.org/wiki/Kreuzherrenkirche_(D%C3%BCsseldorf) &lt;br&gt;              
                    wikidata_link : http://www.wikidata.org/entity/Q1788281</description>
                <styleUrl>#33</styleUrl>
                <Point id="480">
                    <coordinates>6.77322,51.2289,0.0</coordinates>
                </Point>
            </Placemark>
            <Placemark id="483">
                <name>Q124055059</name>
                <description>                    category  : inn &lt;br&gt;   
                    sitelinks : 2.0 &lt;br&gt;   
                    articleEN :  &lt;br&gt;             
                    articleDE : https://de.wikipedia.org/wiki/Hirschburg_(D%C3%BCsseldorf) &lt;br&gt;              
                    wikidata_link : http://www.wikidata.org/entity/Q124055059</description>
                <styleUrl>#33</styleUrl>
                <Point id="482">
                    <coordinates>6.837616,51.240775,0.0</coordinates>
                </Point>
            </Placemark>
            <Placemark id="485">
                <name>Hummelsbach</name>
                <description>                    category  : natural watercourse &lt;br&gt;   
                    sitelinks : 2.0 &lt;br&gt;   
                    articleEN :  &lt;br&gt;             
                    articleDE : https://de.wikipedia.org/wiki/Hummelsbach_(Dickelsbach) &lt;br&gt;              
                    wikidata_link : http://www.wikidata.org/entity/Q121693377</description>
                <styleUrl>#33</styleUrl>
                <Point id="484">
                    <coordinates>6.8523422,51.3356803,0.0</coordinates>
                </Point>
            </Placemark>
            <Placemark id="487">
                <name>Q121084528</name>
                <description>                    category  : architectural structure &lt;br&gt;   
                    sitelinks : 2.0 &lt;br&gt;   
                    articleEN :  &lt;br&gt;             
                    articleDE : https://de.wikipedia.org/wiki/Capricorn-Haus &lt;br&gt;              
                    wikidata_link : http://www.wikidata.org/entity/Q121084528</description>
                <styleUrl>#33</styleUrl>
                <Point id="486">
                    <coordinates>6.74822,51.21275,0.0</coordinates>
                </Point>
            </Placemark>
            <Placemark id="489">
                <name>Q118292099</name>
                <description>                    category  : architectural structure &lt;br&gt;   
                    sitelinks : 2.0 &lt;br&gt;   
                    articleEN :  &lt;br&gt;             
                    articleDE : https://de.wikipedia.org/wiki/B%C3%BCrgerhaus_Angermund &lt;br&gt;              
                    wikidata_link : http://www.wikidata.org/entity/Q118292099</description>
                <styleUrl>#33</styleUrl>
                <Point id="488">
                    <coordinates>6.792787,51.332894,0.0</coordinates>
                </Point>
            </Placemark>
            <Placemark id="491">
                <name>Q117747932</name>
                <description>                    category  : still waters &lt;br&gt;   
                    sitelinks : 2.0 &lt;br&gt;   
                    articleEN :  &lt;br&gt;             
                    articleDE : https://de.wikipedia.org/wiki/Gr%C3%BCner_See_(Ratingen) &lt;br&gt;              
                    wikidata_link : http://www.wikidata.org/entity/Q117747932</description>
                <styleUrl>#33</styleUrl>
                <Point id="490">
                    <coordinates>6.82253,51.28485,0.0</coordinates>
                </Point>
            </Placemark>
            <Placemark id="493">
                <name>Collegium Marianum</name>
                <description>                    category  : building &lt;br&gt;   
                    sitelinks : 2.0 &lt;br&gt;   
                    articleEN :  &lt;br&gt;             
                    articleDE : https://de.wikipedia.org/wiki/Collegium_Marianum_(Neuss) &lt;br&gt;              
                    wikidata_link : http://www.wikidata.org/entity/Q116478822</description>
                <styleUrl>#33</styleUrl>
                <Point id="492">
                    <coordinates>6.67525,51.190677777778,0.0</coordinates>
                </Point>
            </Placemark>
            <Placemark id="495">
                <name>Bergischer Löwe, Königsallee</name>
                <description>                    category  : plastic artwork &lt;br&gt;   
                    sitelinks : 2.0 &lt;br&gt;   
                    articleEN :  &lt;br&gt;             
                    articleDE : https://de.wikipedia.org/wiki/D%C3%BCsseldorfer_L%C3%B6we &lt;br&gt;              
                    wikidata_link : http://www.wikidata.org/entity/Q116447275</description>
                <styleUrl>#33</styleUrl>
                <Point id="494">
                    <coordinates>6.771438,51.225208,0.0</coordinates>
                </Point>
            </Placemark>
            <Placemark id="497">
                <name>Marmorbank mit Katzen</name>
                <description>                    category  : sculpture &lt;br&gt;   
                    sitelinks : 2.0 &lt;br&gt;   
                    articleEN :  &lt;br&gt;             
                    articleDE : https://de.wikipedia.org/wiki/Marmorbank_mit_Katzen &lt;br&gt;              
                    wikidata_link : http://www.wikidata.org/entity/Q116281837</description>
                <styleUrl>#33</styleUrl>
                <Point id="496">
                    <coordinates>6.78345,51.22858,0.0</coordinates>
                </Point>
            </Placemark>
            <Placemark id="499">
                <name>Große Mannesmann</name>
                <description>                    category  : plastic artwork &lt;br&gt;   
                    sitelinks : 2.0 &lt;br&gt;   
                    articleEN :  &lt;br&gt;             
                    articleDE : https://de.wikipedia.org/wiki/Gro%C3%9Fe_Mannesmann &lt;br&gt;              
                    wikidata_link : http://www.wikidata.org/entity/Q116214866</description>
                <styleUrl>#33</styleUrl>
                <Point id="498">
                    <coordinates>6.76786,51.220604,0.0</coordinates>
                </Point>
            </Placemark>
            <Placemark id="501">
                <name>Rather Waldstadion</name>
                <description>                    category  : architectural structure &lt;br&gt;   
                    sitelinks : 2.0 &lt;br&gt;   
                    articleEN :  &lt;br&gt;             
                    articleDE : https://de.wikipedia.org/wiki/Rather_Waldstadion &lt;br&gt;              
                    wikidata_link : http://www.wikidata.org/entity/Q115920255</description>
                <styleUrl>#33</styleUrl>
                <Point id="500">
                    <coordinates>6.8264237270599,51.262724993168,0.0</coordinates>
                </Point>
            </Placemark>
            <Placemark id="503">
                <name>Gedenkstein für die Opfer des 10. Januar 1919 in Düsseldorf</name>
                <description>                    category  : monument &lt;br&gt;   
                    sitelinks : 2.0 &lt;br&gt;   
                    articleEN :  &lt;br&gt;             
                    articleDE : https://de.wikipedia.org/wiki/Spartakus-Denkmal_(D%C3%BCsseldorf) &lt;br&gt;              
                    wikidata_link : http://www.wikidata.org/entity/Q115789625</description>
                <styleUrl>#33</styleUrl>
                <Point id="502">
                    <coordinates>6.770833,51.256389,0.0</coordinates>
                </Point>
            </Placemark>
            <Placemark id="505">
                <name>Skulpturenhalle</name>
                <description>                    category  : architectural structure &lt;br&gt;   
                    sitelinks : 2.0 &lt;br&gt;   
                    articleEN :  &lt;br&gt;             
                    articleDE : https://de.wikipedia.org/wiki/Skulpturenhalle_Neuss &lt;br&gt;              
                    wikidata_link : http://www.wikidata.org/entity/Q114903331</description>
                <styleUrl>#33</styleUrl>
                <Point id="504">
                    <coordinates>6.647187,51.151018,0.0</coordinates>
                </Point>
            </Placemark>
            <Placemark id="507">
                <name>Mendelssohn-Denkmal</name>
                <description>                    category  : monument &lt;br&gt;   
                    sitelinks : 2.0 &lt;br&gt;   
                    articleEN :  &lt;br&gt;             
                    articleDE : https://de.wikipedia.org/wiki/Mendelssohn-Denkmal_(D%C3%BCsseldorf) &lt;br&gt;              
                    wikidata_link : http://www.wikidata.org/entity/Q113990025</description>
                <styleUrl>#33</styleUrl>
                <Point id="506">
                    <coordinates>6.777328,51.227924,0.0</coordinates>
                </Point>
            </Placemark>
            <Placemark id="509">
                <name>Immermann Tower</name>
                <description>                    category  : tower block &lt;br&gt;   
                    sitelinks : 2.0 &lt;br&gt;   
                    articleEN :  &lt;br&gt;             
                    articleDE : https://de.wikipedia.org/wiki/Immermann-Tower &lt;br&gt;              
                    wikidata_link : http://www.wikidata.org/entity/Q113950534</description>
                <styleUrl>#33</styleUrl>
                <Point id="508">
                    <coordinates>6.7898857,51.2232849,0.0</coordinates>
                </Point>
            </Placemark>
            <Placemark id="511">
                <name>Deutsch-Japanisches Center</name>
                <description>                    category  : building &lt;br&gt;   
                    sitelinks : 2.0 &lt;br&gt;   
                    articleEN :  &lt;br&gt;             
                    articleDE : https://de.wikipedia.org/wiki/Deutsch-Japanisches_Center &lt;br&gt;              
                    wikidata_link : http://www.wikidata.org/entity/Q113469730</description>
                <styleUrl>#33</styleUrl>
                <Point id="510">
                    <coordinates>6.788924,51.222695,0.0</coordinates>
                </Point>
            </Placemark>
            <Placemark id="513">
                <name>Q113435287</name>
                <description>                    category  : gymnasium &lt;br&gt;   
                    sitelinks : 2.0 &lt;br&gt;   
                    articleEN :  &lt;br&gt;             
                    articleDE : https://de.wikipedia.org/wiki/Comenius-Gymnasium_D%C3%BCsseldorf &lt;br&gt;              
                    wikidata_link : http://www.wikidata.org/entity/Q113435287</description>
                <styleUrl>#33</styleUrl>
                <Point id="512">
                    <coordinates>6.74482,51.2355,0.0</coordinates>
                </Point>
            </Placemark>
            <Placemark id="515">
                <name>Sportforum Kaarst-Büttgen</name>
                <description>                    category  : architectural structure &lt;br&gt;   
                    sitelinks : 2.0 &lt;br&gt;   
                    articleEN :  &lt;br&gt;             
                    articleDE : https://de.wikipedia.org/wiki/Sportforum_Kaarst-B%C3%BCttgen &lt;br&gt;              
                    wikidata_link : http://www.wikidata.org/entity/Q111433675</description>
                <styleUrl>#33</styleUrl>
                <Point id="514">
                    <coordinates>6.606102,51.202207,0.0</coordinates>
                </Point>
            </Placemark>
            <Placemark id="517">
                <name>Immermannstraße</name>
                <description>                    category  : street &lt;br&gt;   
                    sitelinks : 2.0 &lt;br&gt;   
                    articleEN :  &lt;br&gt;             
                    articleDE : https://de.wikipedia.org/wiki/Immermannstra%C3%9Fe_(D%C3%BCsseldorf) &lt;br&gt;              
                    wikidata_link : http://www.wikidata.org/entity/Q110584241</description>
                <styleUrl>#33</styleUrl>
                <Point id="516">
                    <coordinates>6.787534,51.224034,0.0</coordinates>
                </Point>
            </Placemark>
            <Placemark id="519">
                <name>Jüdischer Friedhof</name>
                <description>                    category  : Jewish cemetery &lt;br&gt;   
                    sitelinks : 2.0 &lt;br&gt;   
                    articleEN :  &lt;br&gt;             
                    articleDE : https://de.wikipedia.org/wiki/J%C3%BCdischer_Friedhof_(Grimlinghausen) &lt;br&gt;              
                    wikidata_link : http://www.wikidata.org/entity/Q110062918</description>
                <styleUrl>#33</styleUrl>
                <Point id="518">
                    <coordinates>6.74757,51.17444,0.0</coordinates>
                </Point>
            </Placemark>
            <Placemark id="521">
                <name>Kaistraße 16</name>
                <description>                    category  : architectural structure &lt;br&gt;   
                    sitelinks : 2.0 &lt;br&gt;   
                    articleEN :  &lt;br&gt;             
                    articleDE : https://de.wikipedia.org/wiki/Kaistra%C3%9Fe_Studios &lt;br&gt;              
                    wikidata_link : http://www.wikidata.org/entity/Q109605078</description>
                <styleUrl>#33</styleUrl>
                <Point id="520">
                    <coordinates>6.754667,51.21525,0.0</coordinates>
                </Point>
            </Placemark>
            <Placemark id="523">
                <name>Wilhelm-Busch-Schule</name>
                <description>                    category  : architectural structure &lt;br&gt;   
                    sitelinks : 2.0 &lt;br&gt;   
                    articleEN :  &lt;br&gt;             
                    articleDE : https://de.wikipedia.org/wiki/Wilhelm-Busch-Schule_(Hilden) &lt;br&gt;              
                    wikidata_link : http://www.wikidata.org/entity/Q107631360</description>
                <styleUrl>#33</styleUrl>
                <Point id="522">
                    <coordinates>6.94766,51.15383,0.0</coordinates>
                </Point>
            </Placemark>
            <Placemark id="525">
                <name>Kirche der Apostolischen Gemeinschaft</name>
                <description>                    category  : church building &lt;br&gt;   
                    sitelinks : 2.0 &lt;br&gt;   
                    articleEN :  &lt;br&gt;             
                    articleDE : https://de.wikipedia.org/wiki/Apostolische_Gemeinde_D%C3%BCsseldorf-Mitte &lt;br&gt;              
                    wikidata_link : http://www.wikidata.org/entity/Q106691961</description>
                <styleUrl>#33</styleUrl>
                <Point id="524">
                    <coordinates>6.79111,51.22715,0.0</coordinates>
                </Point>
            </Placemark>
            <Placemark id="527">
                <name>Urdenbacher Dorfkirche</name>
                <description>                    category  : church building &lt;br&gt;   
                    sitelinks : 2.0 &lt;br&gt;   
                    articleEN :  &lt;br&gt;             
                    articleDE : https://de.wikipedia.org/wiki/Dorfkirche_Urdenbach &lt;br&gt;              
                    wikidata_link : http://www.wikidata.org/entity/Q106501160</description>
                <styleUrl>#33</styleUrl>
                <Point id="526">
                    <coordinates>6.8671944444444,51.147888888889,0.0</coordinates>
                </Point>
            </Placemark>
            <Placemark id="529">
                <name>Tersteegen Kirche</name>
                <description>                    category  : church building &lt;br&gt;   
                    sitelinks : 2.0 &lt;br&gt;   
                    articleEN :  &lt;br&gt;             
                    articleDE : https://de.wikipedia.org/wiki/Tersteegenkirche_(D%C3%BCsseldorf) &lt;br&gt;              
                    wikidata_link : http://www.wikidata.org/entity/Q106501129</description>
                <styleUrl>#33</styleUrl>
                <Point id="528">
                    <coordinates>6.759489,51.255288,0.0</coordinates>
                </Point>
            </Placemark>
            <Placemark id="531">
                <name>Thomaskirche</name>
                <description>                    category  : former church &lt;br&gt;   
                    sitelinks : 2.0 &lt;br&gt;   
                    articleEN :  &lt;br&gt;             
                    articleDE : https://de.wikipedia.org/wiki/Thomaskirche_(D%C3%BCsseldorf-M%C3%B6rsenbroich) &lt;br&gt;              
                    wikidata_link : http://www.wikidata.org/entity/Q106501131</description>
                <styleUrl>#33</styleUrl>
                <Point id="530">
                    <coordinates>6.80745,51.24897,0.0</coordinates>
                </Point>
            </Placemark>
            <Placemark id="533">
                <name>St. Stephanus</name>
                <description>                    category  : church building &lt;br&gt;   
                    sitelinks : 2.0 &lt;br&gt;   
                    articleEN :  &lt;br&gt;             
                    articleDE : https://de.wikipedia.org/wiki/St._Stephanus_(Neuss-Grefrath) &lt;br&gt;              
                    wikidata_link : http://www.wikidata.org/entity/Q106501087</description>
                <styleUrl>#33</styleUrl>
                <Point id="532">
                    <coordinates>6.6333936339572,51.1718632736,0.0</coordinates>
                </Point>
            </Placemark>
            <Placemark id="535">
                <name>St. Sebastianus</name>
                <description>                    category  : church building &lt;br&gt;   
                    sitelinks : 2.0 &lt;br&gt;   
                    articleEN :  &lt;br&gt;             
                    articleDE : https://de.wikipedia.org/wiki/St._Sebastian_(Neuss) &lt;br&gt;              
                    wikidata_link : http://www.wikidata.org/entity/Q106501062</description>
                <styleUrl>#33</styleUrl>
                <Point id="534">
                    <coordinates>6.6889,51.19962,0.0</coordinates>
                </Point>
            </Placemark>
            <Placemark id="537">
                <name>St Peter's Church</name>
                <description>                    category  : church building &lt;br&gt;   
                    sitelinks : 2.0 &lt;br&gt;   
                    articleEN :  &lt;br&gt;             
                    articleDE : https://de.wikipedia.org/wiki/St._Peter_(Rosellen) &lt;br&gt;              
                    wikidata_link : http://www.wikidata.org/entity/Q106500978</description>
                <styleUrl>#33</styleUrl>
                <Point id="536">
                    <coordinates>6.7275388888889,51.133138888889,0.0</coordinates>
                </Point>
            </Placemark>
            <Placemark id="539">
                <name>Dreiecksweiher</name>
                <description>                    category  : Naturschutzgebiet &lt;br&gt;   
                    sitelinks : 2.0 &lt;br&gt;   
                    articleEN :  &lt;br&gt;             
                    articleDE : https://de.wikipedia.org/wiki/Naturschutzgebiet_Dreiecksweiher &lt;br&gt;              
                    wikidata_link : http://www.wikidata.org/entity/Q60633534</description>
                <styleUrl>#33</styleUrl>
                <Point id="538">
                    <coordinates>6.8949947,51.1847554,0.0</coordinates>
                </Point>
            </Placemark>
            <Placemark id="541">
                <name>Pillebachtal, Dernkamp und Gallberg</name>
                <description>                    category  : protected area &lt;br&gt;   
                    sitelinks : 2.0 &lt;br&gt;   
                    articleEN :  &lt;br&gt;             
                    articleDE : https://de.wikipedia.org/wiki/Naturschutzgebiet_Pillebachtal,_Dernkamp_und_Gallberg &lt;br&gt;              
                    wikidata_link : http://www.wikidata.org/entity/Q60633528</description>
                <styleUrl>#33</styleUrl>
                <Point id="540">
                    <coordinates>6.8651185,51.2490325,0.0</coordinates>
                </Point>
            </Placemark>
            <Placemark id="543">
                <name>Elbsee</name>
                <description>                    category  : protected area &lt;br&gt;   
                    sitelinks : 2.0 &lt;br&gt;   
                    articleEN :  &lt;br&gt;             
                    articleDE : https://de.wikipedia.org/wiki/Naturschutzgebiet_Elbsee &lt;br&gt;              
                    wikidata_link : http://www.wikidata.org/entity/Q60633531</description>
                <styleUrl>#33</styleUrl>
                <Point id="542">
                    <coordinates>6.9022534,51.1885523,0.0</coordinates>
                </Point>
            </Placemark>
            <Placemark id="545">
                <name>Fraunhofer Steinbruch</name>
                <description>                    category  : protected area &lt;br&gt;   
                    sitelinks : 2.0 &lt;br&gt;   
                    articleEN :  &lt;br&gt;             
                    articleDE : https://de.wikipedia.org/wiki/Fraunhofer_Steinbruch &lt;br&gt;              
                    wikidata_link : http://www.wikidata.org/entity/Q60542892</description>
                <styleUrl>#33</styleUrl>
                <Point id="544">
                    <coordinates>6.9433809,51.2268895,0.0</coordinates>
                </Point>
            </Placemark>
            <Placemark id="547">
                <name>Urdenbacher Altrhein und Baumberger Aue</name>
                <description>                    category  : protected area &lt;br&gt;   
                    sitelinks : 2.0 &lt;br&gt;   
                    articleEN :  &lt;br&gt;             
                    articleDE : https://de.wikipedia.org/wiki/Urdenbacher_Altrhein_und_Baumberger_Aue &lt;br&gt;              
                    wikidata_link : http://www.wikidata.org/entity/Q60542877</description>
                <styleUrl>#33</styleUrl>
                <Point id="546">
                    <coordinates>6.8881159,51.1267167,0.0</coordinates>
                </Point>
            </Placemark>
            <Placemark id="549">
                <name>Hildener Heide, östlich Taubenberg</name>
                <description>                    category  : protected area &lt;br&gt;   
                    sitelinks : 2.0 &lt;br&gt;   
                    articleEN :  &lt;br&gt;             
                    articleDE : https://de.wikipedia.org/wiki/Hildener_Heide,_%C3%B6stlich_Taubenberg &lt;br&gt;              
                    wikidata_link : http://www.wikidata.org/entity/Q60542860</description>
                <styleUrl>#33</styleUrl>
                <Point id="548">
                    <coordinates>6.9644389,51.1824611,0.0</coordinates>
                </Point>
            </Placemark>
            <Placemark id="551">
                <name>Hildener Heide-Schönholz</name>
                <description>                    category  : protected area &lt;br&gt;   
                    sitelinks : 2.0 &lt;br&gt;   
                    articleEN :  &lt;br&gt;             
                    articleDE : https://de.wikipedia.org/wiki/Hildener_Heide,_Sch%C3%B6nholz &lt;br&gt;              
                    wikidata_link : http://www.wikidata.org/entity/Q60542845</description>
                <styleUrl>#33</styleUrl>
                <Point id="550">
                    <coordinates>6.9696288,51.1746369,0.0</coordinates>
                </Point>
            </Placemark>
            <Placemark id="553">
                <name>Hildener Stadtwald, Bereich Sandbach–Krebsbach</name>
                <description>                    category  : protected area &lt;br&gt;   
                    sitelinks : 2.0 &lt;br&gt;   
                    articleEN :  &lt;br&gt;             
                    articleDE : https://de.wikipedia.org/wiki/Hildener_Stadtwald,_Bereich_Sandbach-Krebsbach &lt;br&gt;              
                    wikidata_link : http://www.wikidata.org/entity/Q60542821</description>
                <styleUrl>#33</styleUrl>
                <Point id="552">
                    <coordinates>6.9526079,51.1887942,0.0</coordinates>
                </Point>
            </Placemark>
            <Placemark id="555">
                <name>Sandberg</name>
                <description>                    category  : protected area &lt;br&gt;   
                    sitelinks : 2.0 &lt;br&gt;   
                    articleEN :  &lt;br&gt;             
                    articleDE : https://de.wikipedia.org/wiki/Naturschutzgebiet_Sandberg_(Hilden) &lt;br&gt;              
                    wikidata_link : http://www.wikidata.org/entity/Q60528478</description>
                <styleUrl>#33</styleUrl>
                <Point id="554">
                    <coordinates>6.977066,51.1784562,0.0</coordinates>
                </Point>
            </Placemark>
            <Placemark id="557">
                <name>Angertal</name>
                <description>                    category  : Naturschutzgebiet &lt;br&gt;   
                    sitelinks : 2.0 &lt;br&gt;   
                    articleEN :  &lt;br&gt;             
                    articleDE : https://de.wikipedia.org/wiki/Naturschutzgebiet_Angertal &lt;br&gt;              
                    wikidata_link : http://www.wikidata.org/entity/Q60526717</description>
                <styleUrl>#33</styleUrl>
                <Point id="556">
                    <coordinates>6.9247033,51.3160942,0.0</coordinates>
                </Point>
            </Placemark>
            <Placemark id="559">
                <name>Kennedydamm</name>
                <description>                    category  : street &lt;br&gt;   
                    sitelinks : 2.0 &lt;br&gt;   
                    articleEN :  &lt;br&gt;             
                    articleDE : https://de.wikipedia.org/wiki/Kennedydamm &lt;br&gt;              
                    wikidata_link : http://www.wikidata.org/entity/Q60182638</description>
                <styleUrl>#33</styleUrl>
                <Point id="558">
                    <coordinates>6.7719444444444,51.2475,0.0</coordinates>
                </Point>
            </Placemark>
            <Placemark id="561">
                <name>Oberkassel railway station</name>
                <description>                    category  : station building &lt;br&gt;   
                    sitelinks : 2.0 &lt;br&gt;   
                    articleEN :  &lt;br&gt;             
                    articleDE : https://de.wikipedia.org/wiki/Alter_Bahnhof_Oberkassel &lt;br&gt;              
                    wikidata_link : http://www.wikidata.org/entity/Q60029512</description>
                <styleUrl>#33</styleUrl>
                <Point id="560">
                    <coordinates>6.74684,51.23153,0.0</coordinates>
                </Point>
            </Placemark>
            <Placemark id="563">
                <name>An der schwarzen Brücke</name>
                <description>                    category  : protected area &lt;br&gt;   
                    sitelinks : 2.0 &lt;br&gt;   
                    articleEN :  &lt;br&gt;             
                    articleDE : https://de.wikipedia.org/wiki/An_der_schwarzen_Br%C3%BCcke &lt;br&gt;              
                    wikidata_link : http://www.wikidata.org/entity/Q60006197</description>
                <styleUrl>#33</styleUrl>
                <Point id="562">
                    <coordinates>6.6367016,51.1259889,0.0</coordinates>
                </Point>
            </Placemark>
            <Placemark id="565">
                <name>Die Buersbach</name>
                <description>                    category  : protected area &lt;br&gt;   
                    sitelinks : 2.0 &lt;br&gt;   
                    articleEN :  &lt;br&gt;             
                    articleDE : https://de.wikipedia.org/wiki/Die_Buersbach &lt;br&gt;              
                    wikidata_link : http://www.wikidata.org/entity/Q60002769</description>
                <styleUrl>#33</styleUrl>
                <Point id="564">
                    <coordinates>6.6710741,51.3112626,0.0</coordinates>
                </Point>
            </Placemark>
            <Placemark id="567">
                <name>Waldnaturschutzgebiet Knechtsteden</name>
                <description>                    category  : Naturschutzgebiet &lt;br&gt;   
                    sitelinks : 2.0 &lt;br&gt;   
                    articleEN :  &lt;br&gt;             
                    articleDE : https://de.wikipedia.org/wiki/Waldnaturschutzgebiet_Knechtsteden &lt;br&gt;              
                    wikidata_link : http://www.wikidata.org/entity/Q60001975</description>
                <styleUrl>#33</styleUrl>
                <Point id="566">
                    <coordinates>6.7436522,51.0927582,0.0</coordinates>
                </Point>
            </Placemark>
            <Placemark id="569">
                <name>Tongruben am Ratinger Weg</name>
                <description>                    category  : protected area &lt;br&gt;   
                    sitelinks : 2.0 &lt;br&gt;   
                    articleEN :  &lt;br&gt;             
                    articleDE : https://de.wikipedia.org/wiki/Naturschutzgebiet_Tongruben_am_Ratinger_Weg &lt;br&gt;              
                    wikidata_link : http://www.wikidata.org/entity/Q59975036</description>
                <styleUrl>#33</styleUrl>
                <Point id="568">
                    <coordinates>6.8497976,51.2470631,0.0</coordinates>
                </Point>
            </Placemark>
            <Placemark id="571">
                <name>Überanger Mark</name>
                <description>                    category  : protected area &lt;br&gt;   
                    sitelinks : 2.0 &lt;br&gt;   
                    articleEN :  &lt;br&gt;             
                    articleDE : https://de.wikipedia.org/wiki/Naturschutzgebiet_%C3%9Cberanger_Mark &lt;br&gt;              
                    wikidata_link : http://www.wikidata.org/entity/Q59973457</description>
                <styleUrl>#33</styleUrl>
                <Point id="570">
                    <coordinates>6.8010659,51.3283074,0.0</coordinates>
                </Point>
            </Placemark>
            <Placemark id="573">
                <name>Kronprinzendenkmal</name>
                <description>                    category  : sculpture &lt;br&gt;   
                    sitelinks : 2.0 &lt;br&gt;   
                    articleEN :  &lt;br&gt;             
                    articleDE : https://de.wikipedia.org/wiki/Kronprinzendenkmal_(Kaiserswerth) &lt;br&gt;              
                    wikidata_link : http://www.wikidata.org/entity/Q59310833</description>
                <styleUrl>#33</styleUrl>
                <Point id="572">
                    <coordinates>6.74551,51.2999,0.0</coordinates>
                </Point>
            </Placemark>
            <Placemark id="575">
                <name>Städtisches Gymnasium Gerresheim</name>
                <description>                    category  : Gymnasium in Germany &lt;br&gt;   
                    sitelinks : 2.0 &lt;br&gt;   
                    articleEN :  &lt;br&gt;             
                    articleDE : https://de.wikipedia.org/wiki/St%C3%A4dtisches_Gymnasium_Gerresheim &lt;br&gt;              
                    wikidata_link : http://www.wikidata.org/entity/Q57401268</description>
                <styleUrl>#33</styleUrl>
                <Point id="574">
                    <coordinates>6.8586111111111,51.240555555556,0.0</coordinates>
                </Point>
            </Placemark>
            <Placemark id="577">
                <name>Lessing-Gymnasium Düsseldorf</name>
                <description>                    category  : vocational college in Germany &lt;br&gt;   
                    sitelinks : 2.0 &lt;br&gt;   
                    articleEN :  &lt;br&gt;             
                    articleDE : https://de.wikipedia.org/wiki/Lessing-Gymnasium_und_Lessing-Berufskolleg &lt;br&gt;              
                    wikidata_link : http://www.wikidata.org/entity/Q55460103</description>
                <styleUrl>#33</styleUrl>
                <Point id="576">
                    <coordinates>6.7969194444444,51.2163,0.0</coordinates>
                </Point>
            </Placemark>
            <Placemark id="579">
                <name>Saint Maurice Church</name>
                <description>                    category  : church building &lt;br&gt;   
                    sitelinks : 2.0 &lt;br&gt;   
                    articleEN :  &lt;br&gt;             
                    articleDE : https://de.wikipedia.org/wiki/St._Mauritius_(B%C3%BCderich) &lt;br&gt;              
                    wikidata_link : http://www.wikidata.org/entity/Q55189557</description>
                <styleUrl>#33</styleUrl>
                <Point id="578">
                    <coordinates>6.69,51.251388888889,0.0</coordinates>
                </Point>
            </Placemark>
            <Placemark id="581">
                <name>Napoleonsberg Düsseldorf</name>
                <description>                    category  : architectural structure &lt;br&gt;   
                    sitelinks : 2.0 &lt;br&gt;   
                    articleEN :  &lt;br&gt;             
                    articleDE : https://de.wikipedia.org/wiki/Napoleonsberg_(D%C3%BCsseldorf) &lt;br&gt;              
                    wikidata_link : http://www.wikidata.org/entity/Q54556016</description>
                <styleUrl>#33</styleUrl>
                <Point id="580">
                    <coordinates>6.776915,51.232468,0.0</coordinates>
                </Point>
            </Placemark>
            <Placemark id="583">
                <name>Saint Hubertus Church</name>
                <description>                    category  : church building &lt;br&gt;   
                    sitelinks : 2.0 &lt;br&gt;   
                    articleEN :  &lt;br&gt;             
                    articleDE : https://de.wikipedia.org/wiki/St._Hubertus_(Duisburg-Rahm) &lt;br&gt;              
                    wikidata_link : http://www.wikidata.org/entity/Q53596623</description>
                <styleUrl>#33</styleUrl>
                <Point id="582">
                    <coordinates>6.783719,51.351379,0.0</coordinates>
                </Point>
            </Placemark>
            <Placemark id="585">
                <name>Elisabethstraße</name>
                <description>                    category  : street &lt;br&gt;   
                    sitelinks : 2.0 &lt;br&gt;   
                    articleEN :  &lt;br&gt;             
                    articleDE : https://de.wikipedia.org/wiki/Elisabethstra%C3%9Fe_(D%C3%BCsseldorf) &lt;br&gt;              
                    wikidata_link : http://www.wikidata.org/entity/Q52092032</description>
                <styleUrl>#33</styleUrl>
                <Point id="584">
                    <coordinates>6.775328,51.215637,0.0</coordinates>
                </Point>
            </Placemark>
            <Placemark id="587">
                <name>Sankt Lambertus</name>
                <description>                    category  : Catholic church building &lt;br&gt;   
                    sitelinks : 2.0 &lt;br&gt;   
                    articleEN :  &lt;br&gt;             
                    articleDE : https://de.wikipedia.org/wiki/St._Lambertus_(Mettmann) &lt;br&gt;              
                    wikidata_link : http://www.wikidata.org/entity/Q50252363</description>
                <styleUrl>#33</styleUrl>
                <Point id="586">
                    <coordinates>6.977072,51.251528,0.0</coordinates>
                </Point>
            </Placemark>
            <Placemark id="589">
                <name>Evangelisches Krankenhaus Düsseldorf</name>
                <description>                    category  : medical organization &lt;br&gt;   
                    sitelinks : 2.0 &lt;br&gt;   
                    articleEN :  &lt;br&gt;             
                    articleDE : https://de.wikipedia.org/wiki/Evangelisches_Krankenhaus_D%C3%BCsseldorf &lt;br&gt;              
                    wikidata_link : http://www.wikidata.org/entity/Q50038913</description>
                <styleUrl>#33</styleUrl>
                <Point id="588">
                    <coordinates>6.773098,51.213563,0.0</coordinates>
                </Point>
            </Placemark>
            <Placemark id="591">
                <name>Grand Central Düsseldorf</name>
                <description>                    category  : house-building &lt;br&gt;   
                    sitelinks : 2.0 &lt;br&gt;   
                    articleEN :  &lt;br&gt;             
                    articleDE : https://de.wikipedia.org/wiki/Grand_Central_D%C3%BCsseldorf &lt;br&gt;              
                    wikidata_link : http://www.wikidata.org/entity/Q48757914</description>
                <styleUrl>#33</styleUrl>
                <Point id="590">
                    <coordinates>6.7997,51.2225,0.0</coordinates>
                </Point>
            </Placemark>
            <Placemark id="593">
                <name>Q47507419</name>
                <description>                    category  : church building &lt;br&gt;   
                    sitelinks : 2.0 &lt;br&gt;   
                    articleEN :  &lt;br&gt;             
                    articleDE : https://de.wikipedia.org/wiki/Kirche_des_Heiligen_Nikolaus_von_Myra_(D%C3%BCsseldorf) &lt;br&gt;              
                    wikidata_link : http://www.wikidata.org/entity/Q47507419</description>
                <styleUrl>#33</styleUrl>
                <Point id="592">
                    <coordinates>6.827082,51.186399,0.0</coordinates>
                </Point>
            </Placemark>
            <Placemark id="595">
                <name>Gut Vellbrüggen</name>
                <description>                    category  : architectural structure &lt;br&gt;   
                    sitelinks : 2.0 &lt;br&gt;   
                    articleEN :  &lt;br&gt;             
                    articleDE : https://de.wikipedia.org/wiki/Haus_Vellbr%C3%BCggen &lt;br&gt;              
                    wikidata_link : http://www.wikidata.org/entity/Q47155695</description>
                <styleUrl>#33</styleUrl>
                <Point id="594">
                    <coordinates>6.72573581,51.1607725,0.0</coordinates>
                </Point>
            </Placemark>
            <Placemark id="597">
                <name>Eckamp</name>
                <description>                    category  : municipality &lt;br&gt;   
                    sitelinks : 2.0 &lt;br&gt;   
                    articleEN :  &lt;br&gt;             
                    articleDE : https://de.wikipedia.org/wiki/Eckamp &lt;br&gt;              
                    wikidata_link : http://www.wikidata.org/entity/Q44333791</description>
                <styleUrl>#33</styleUrl>
                <Point id="596">
                    <coordinates>6.90173,51.27254,0.0</coordinates>
                </Point>
            </Placemark>
            <Placemark id="599">
                <name>Benrather Straße</name>
                <description>                    category  : street &lt;br&gt;   
                    sitelinks : 2.0 &lt;br&gt;   
                    articleEN :  &lt;br&gt;             
                    articleDE : https://de.wikipedia.org/wiki/Benrather_Stra%C3%9Fe_(D%C3%BCsseldorf) &lt;br&gt;              
                    wikidata_link : http://www.wikidata.org/entity/Q42894442</description>
                <styleUrl>#33</styleUrl>
                <Point id="598">
                    <coordinates>6.77565,51.2231,0.0</coordinates>
                </Point>
            </Placemark>
            <Placemark id="601">
                <name>Evangeliumskirche</name>
                <description>                    category  : church building &lt;br&gt;   
                    sitelinks : 2.0 &lt;br&gt;   
                    articleEN :  &lt;br&gt;             
                    articleDE : https://de.wikipedia.org/wiki/Evangeliumskirche_(D%C3%BCsseldorf) &lt;br&gt;              
                    wikidata_link : http://www.wikidata.org/entity/Q41791393</description>
                <styleUrl>#33</styleUrl>
                <Point id="600">
                    <coordinates>6.7815555555556,51.217166666667,0.0</coordinates>
                </Point>
            </Placemark>
            <Placemark id="603">
                <name>Berger Allee</name>
                <description>                    category  : street &lt;br&gt;   
                    sitelinks : 2.0 &lt;br&gt;   
                    articleEN :  &lt;br&gt;             
                    articleDE : https://de.wikipedia.org/wiki/Berger_Allee_(D%C3%BCsseldorf) &lt;br&gt;              
                    wikidata_link : http://www.wikidata.org/entity/Q38856581</description>
                <styleUrl>#33</styleUrl>
                <Point id="602">
                    <coordinates>6.76908,51.22127,0.0</coordinates>
                </Point>
            </Placemark>
            <Placemark id="605">
                <name>Stinkesberg</name>
                <description>                    category  : hill &lt;br&gt;   
                    sitelinks : 2.0 &lt;br&gt;   
                    articleEN :  &lt;br&gt;             
                    articleDE : https://de.wikipedia.org/wiki/Stinkesberg &lt;br&gt;              
                    wikidata_link : http://www.wikidata.org/entity/Q2350211</description>
                <styleUrl>#33</styleUrl>
                <Point id="604">
                    <coordinates>6.8530555555556,51.316111111111,0.0</coordinates>
                </Point>
            </Placemark>
            <Placemark id="607">
                <name>St. Sebastian</name>
                <description>                    category  : church building &lt;br&gt;   
                    sitelinks : 2.0 &lt;br&gt;   
                    articleEN :  &lt;br&gt;             
                    articleDE : https://de.wikipedia.org/wiki/St._Sebastian_(H%C3%BClchrath) &lt;br&gt;              
                    wikidata_link : http://www.wikidata.org/entity/Q2323107</description>
                <styleUrl>#33</styleUrl>
                <Point id="606">
                    <coordinates>6.66053,51.1247,0.0</coordinates>
                </Point>
            </Placemark>
            <Placemark id="609">
                <name>St. Pius X.</name>
                <description>                    category  : church building &lt;br&gt;   
                    sitelinks : 2.0 &lt;br&gt;   
                    articleEN :  &lt;br&gt;             
                    articleDE : https://de.wikipedia.org/wiki/St._Pius_X._(D%C3%BCsseldorf-Eller) &lt;br&gt;              
                    wikidata_link : http://www.wikidata.org/entity/Q2322936</description>
                <styleUrl>#33</styleUrl>
                <Point id="608">
                    <coordinates>6.82195,51.2044,0.0</coordinates>
                </Point>
            </Placemark>
            <Placemark id="611">
                <name>St. Martinus</name>
                <description>                    category  : church building &lt;br&gt;   
                    sitelinks : 2.0 &lt;br&gt;   
                    articleEN :  &lt;br&gt;             
                    articleDE : https://de.wikipedia.org/wiki/St._Martinus_(Uedesheim) &lt;br&gt;              
                    wikidata_link : http://www.wikidata.org/entity/Q2321333</description>
                <styleUrl>#33</styleUrl>
                <Point id="610">
                    <coordinates>6.7933,51.1652,0.0</coordinates>
                </Point>
            </Placemark>
            <Placemark id="613">
                <name>St. Laurentius</name>
                <description>                    category  : church building &lt;br&gt;   
                    sitelinks : 2.0 &lt;br&gt;   
                    articleEN :  &lt;br&gt;             
                    articleDE : https://de.wikipedia.org/wiki/St._Laurentius_(D%C3%BCsseldorf) &lt;br&gt;              
                    wikidata_link : http://www.wikidata.org/entity/Q2320074</description>
                <styleUrl>#33</styleUrl>
                <Point id="612">
                    <coordinates>6.82763,51.1718,0.0</coordinates>
                </Point>
            </Placemark>
            <Placemark id="615">
                <name>St. Lambertus</name>
                <description>                    category  : church building &lt;br&gt;   
                    sitelinks : 2.0 &lt;br&gt;   
                    articleEN :  &lt;br&gt;             
                    articleDE : https://de.wikipedia.org/wiki/St._Lambertus_(Kalkum) &lt;br&gt;              
                    wikidata_link : http://www.wikidata.org/entity/Q2320014</description>
                <styleUrl>#33</styleUrl>
                <Point id="614">
                    <coordinates>6.75797,51.3029,0.0</coordinates>
                </Point>
            </Placemark>
            <Placemark id="617">
                <name>St. Kamillus</name>
                <description>                    category  : church building &lt;br&gt;   
                    sitelinks : 2.0 &lt;br&gt;   
                    articleEN :  &lt;br&gt;             
                    articleDE : https://de.wikipedia.org/wiki/St._Kamillus_(Neuss) &lt;br&gt;              
                    wikidata_link : http://www.wikidata.org/entity/Q2319808</description>
                <styleUrl>#33</styleUrl>
                <Point id="616">
                    <coordinates>6.67018,51.1958,0.0</coordinates>
                </Point>
            </Placemark>
            <Placemark id="619">
                <name>Kreissparkasse Düsseldorf - Hauptstelle</name>
                <description>                    category  : architectural structure &lt;br&gt;   
                    sitelinks : 2.0 &lt;br&gt;   
                    articleEN :  &lt;br&gt;             
                    articleDE : https://de.wikipedia.org/wiki/Kreissparkasse_D%C3%BCsseldorf_(Geb%C3%A4ude) &lt;br&gt;              
                    wikidata_link : http://www.wikidata.org/entity/Q1787771</description>
                <styleUrl>#33</styleUrl>
                <Point id="618">
                    <coordinates>6.77505,51.2199,0.0</coordinates>
                </Point>
            </Placemark>
            <Placemark id="621">
                <name>Kreismuseum Zons</name>
                <description>                    category  : museum &lt;br&gt;   
                    sitelinks : 2.0 &lt;br&gt;   
                    articleEN :  &lt;br&gt;             
                    articleDE : https://de.wikipedia.org/wiki/Kreismuseum_Zons &lt;br&gt;              
                    wikidata_link : http://www.wikidata.org/entity/Q1787731</description>
                <styleUrl>#33</styleUrl>
                <Point id="620">
                    <coordinates>6.85114,51.1204,0.0</coordinates>
                </Point>
            </Placemark>
            <Placemark id="623">
                <name>Kreishaus Düsseldorf</name>
                <description>                    category  : destroyed building or structure &lt;br&gt;   
                    sitelinks : 2.0 &lt;br&gt;   
                    articleEN :  &lt;br&gt;             
                    articleDE : https://de.wikipedia.org/wiki/Kreishaus_D%C3%BCsseldorf &lt;br&gt;              
                    wikidata_link : http://www.wikidata.org/entity/Q1787694</description>
                <styleUrl>#33</styleUrl>
                <Point id="622">
                    <coordinates>6.7752,51.2198,0.0</coordinates>
                </Point>
            </Placemark>
            <Placemark id="625">
                <name>Klever Straße</name>
                <description>                    category  : street &lt;br&gt;   
                    sitelinks : 2.0 &lt;br&gt;   
                    articleEN :  &lt;br&gt;             
                    articleDE : https://de.wikipedia.org/wiki/Klever_Stra%C3%9Fe_(D%C3%BCsseldorf) &lt;br&gt;              
                    wikidata_link : http://www.wikidata.org/entity/Q1774281</description>
                <styleUrl>#33</styleUrl>
                <Point id="624">
                    <coordinates>6.77731,51.2407,0.0</coordinates>
                </Point>
            </Placemark>
            <Placemark id="627">
                <name>Museum Ratingen</name>
                <description>                    category  : museum &lt;br&gt;   
                    sitelinks : 2.0 &lt;br&gt;   
                    articleEN :  &lt;br&gt;             
                    articleDE : https://de.wikipedia.org/wiki/Museum_Ratingen &lt;br&gt;              
                    wikidata_link : http://www.wikidata.org/entity/Q1771700</description>
                <styleUrl>#33</styleUrl>
                <Point id="626">
                    <coordinates>6.847107,51.298782,0.0</coordinates>
                </Point>
            </Placemark>
            <Placemark id="629">
                <name>Q1757238</name>
                <description>                    category  : architectural structure &lt;br&gt;   
                    sitelinks : 2.0 &lt;br&gt;   
                    articleEN :  &lt;br&gt;             
                    articleDE : https://de.wikipedia.org/wiki/Schadow-Denkmal_D%C3%BCsseldorf &lt;br&gt;              
                    wikidata_link : http://www.wikidata.org/entity/Q1757238</description>
                <styleUrl>#33</styleUrl>
                <Point id="628">
                    <coordinates>6.78078,51.2262,0.0</coordinates>
                </Point>
            </Placemark>
            <Placemark id="631">
                <name>Q1748024</name>
                <description>                    category  : abbey &lt;br&gt;   
                    sitelinks : 2.0 &lt;br&gt;   
                    articleEN :  &lt;br&gt;             
                    articleDE : https://de.wikipedia.org/wiki/Kloster_Kreitz &lt;br&gt;              
                    wikidata_link : http://www.wikidata.org/entity/Q1748024</description>
                <styleUrl>#33</styleUrl>
                <Point id="630">
                    <coordinates>6.655,51.16916667,0.0</coordinates>
                </Point>
            </Placemark>
            <Placemark id="633">
                <name>St. Bonifatius</name>
                <description>                    category  : church building &lt;br&gt;   
                    sitelinks : 2.0 &lt;br&gt;   
                    articleEN :  &lt;br&gt;             
                    articleDE : https://de.wikipedia.org/wiki/St._Bonifatius_(D%C3%BCsseldorf-Bilk) &lt;br&gt;              
                    wikidata_link : http://www.wikidata.org/entity/Q1746984</description>
                <styleUrl>#33</styleUrl>
                <Point id="632">
                    <coordinates>6.76512,51.2034,0.0</coordinates>
                </Point>
            </Placemark>
            <Placemark id="635">
                <name>St. Josef</name>
                <description>                    category  : church building &lt;br&gt;   
                    sitelinks : 2.0 &lt;br&gt;   
                    articleEN :  &lt;br&gt;             
                    articleDE : https://de.wikipedia.org/wiki/St._Josef_(D%C3%BCsseldorf-Oberbilk) &lt;br&gt;              
                    wikidata_link : http://www.wikidata.org/entity/Q1743981</description>
                <styleUrl>#33</styleUrl>
                <Point id="634">
                    <coordinates>6.80345,51.2145,0.0</coordinates>
                </Point>
            </Placemark>
            <Placemark id="637">
                <name>Kirchplatz</name>
                <description>                    category  : architectural structure &lt;br&gt;   
                    sitelinks : 2.0 &lt;br&gt;   
                    articleEN :  &lt;br&gt;             
                    articleDE : https://de.wikipedia.org/wiki/Kirchplatz_(D%C3%BCsseldorf) &lt;br&gt;              
                    wikidata_link : http://www.wikidata.org/entity/Q1743362</description>
                <styleUrl>#33</styleUrl>
                <Point id="636">
                    <coordinates>6.77583,51.2133,0.0</coordinates>
                </Point>
            </Placemark>
            <Placemark id="639">
                <name>Graf-Adolf-Platz</name>
                <description>                    category  : tram stop &lt;br&gt;   
                    sitelinks : 2.0 &lt;br&gt;   
                    articleEN :  &lt;br&gt;             
                    articleDE : https://de.wikipedia.org/wiki/U-Bahnhof_Graf-Adolf-Platz &lt;br&gt;              
                    wikidata_link : http://www.wikidata.org/entity/Q1742189</description>
                <styleUrl>#33</styleUrl>
                <Point id="638">
                    <coordinates>6.77528,51.2186,0.0</coordinates>
                </Point>
            </Placemark>
            <Placemark id="641">
                <name>St. Barbara</name>
                <description>                    category  : church building &lt;br&gt;   
                    sitelinks : 2.0 &lt;br&gt;   
                    articleEN :  &lt;br&gt;             
                    articleDE : https://de.wikipedia.org/wiki/St._Barbara_(Neuss) &lt;br&gt;              
                    wikidata_link : http://www.wikidata.org/entity/Q1738128</description>
                <styleUrl>#33</styleUrl>
                <Point id="640">
                    <coordinates>6.69141,51.2149,0.0</coordinates>
                </Point>
            </Placemark>
            <Placemark id="643">
                <name>Kasernenstrasse 63</name>
                <description>                    category  : architectural structure &lt;br&gt;   
                    sitelinks : 2.0 &lt;br&gt;   
                    articleEN :  &lt;br&gt;             
                    articleDE : https://de.wikipedia.org/wiki/Kasernenstra%C3%9Fe_63_(D%C3%BCsseldorf) &lt;br&gt;              
                    wikidata_link : http://www.wikidata.org/entity/Q1734931</description>
                <styleUrl>#33</styleUrl>
                <Point id="642">
                    <coordinates>6.77533,51.2208,0.0</coordinates>
                </Point>
            </Placemark>
            <Placemark id="645">
                <name>Kasernenstraße 61</name>
                <description>                    category  : building &lt;br&gt;   
                    sitelinks : 2.0 &lt;br&gt;   
                    articleEN :  &lt;br&gt;             
                    articleDE : https://de.wikipedia.org/wiki/Kasernenstra%C3%9Fe_61 &lt;br&gt;              
                    wikidata_link : http://www.wikidata.org/entity/Q1734930</description>
                <styleUrl>#33</styleUrl>
                <Point id="644">
                    <coordinates>6.7754,51.221,0.0</coordinates>
                </Point>
            </Placemark>
            <Placemark id="647">
                <name>Klarissenkloster Düsseldorf</name>
                <description>                    category  : monastery &lt;br&gt;   
                    sitelinks : 2.0 &lt;br&gt;   
                    articleEN :  &lt;br&gt;             
                    articleDE : https://de.wikipedia.org/wiki/Herz-Jesu-Kloster_(D%C3%BCsseldorf) &lt;br&gt;              
                    wikidata_link : http://www.wikidata.org/entity/Q1726772</description>
                <styleUrl>#33</styleUrl>
                <Point id="646">
                    <coordinates>6.7802,51.2325,0.0</coordinates>
                </Point>
            </Placemark>
            <Placemark id="649">
                <name>Peter-von-Cornelius-Memorial</name>
                <description>                    category  : statue &lt;br&gt;   
                    sitelinks : 2.0 &lt;br&gt;   
                    articleEN :  &lt;br&gt;             
                    articleDE : https://de.wikipedia.org/wiki/Peter-von-Cornelius-Denkmal &lt;br&gt;              
                    wikidata_link : http://www.wikidata.org/entity/Q1723354</description>
                <styleUrl>#33</styleUrl>
                <Point id="648">
                    <coordinates>6.779,51.2271,0.0</coordinates>
                </Point>
            </Placemark>
            <Placemark id="651">
                <name>Q1722759</name>
                <description>                    category  : calvary &lt;br&gt;   
                    sitelinks : 2.0 &lt;br&gt;   
                    articleEN :  &lt;br&gt;             
                    articleDE : https://de.wikipedia.org/wiki/Kalvarienberg_bei_St._Lambertus_(D%C3%BCsseldorf) &lt;br&gt;              
                    wikidata_link : http://www.wikidata.org/entity/Q1722759</description>
                <styleUrl>#33</styleUrl>
                <Point id="650">
                    <coordinates>6.7713,51.2283,0.0</coordinates>
                </Point>
            </Placemark>
            <Placemark id="653">
                <name>Düsseldorf city libraries</name>
                <description>                    category  : library &lt;br&gt;   
                    sitelinks : 2.0 &lt;br&gt;   
                    articleEN :  &lt;br&gt;             
                    articleDE : https://de.wikipedia.org/wiki/Stadtb%C3%BCchereien_D%C3%BCsseldorf &lt;br&gt;              
                    wikidata_link : http://www.wikidata.org/entity/Q1722676</description>
                <styleUrl>#33</styleUrl>
                <Point id="652">
                    <coordinates>6.79299,51.22207,0.0</coordinates>
                </Point>
            </Placemark>
            <Placemark id="655">
                <name>Kaiserswerther Straße</name>
                <description>                    category  : street &lt;br&gt;   
                    sitelinks : 2.0 &lt;br&gt;   
                    articleEN :  &lt;br&gt;             
                    articleDE : https://de.wikipedia.org/wiki/Kaiserswerther_Stra%C3%9Fe &lt;br&gt;              
                    wikidata_link : http://www.wikidata.org/entity/Q1721764</description>
                <styleUrl>#33</styleUrl>
                <Point id="654">
                    <coordinates>6.76611,51.2486,0.0</coordinates>
                </Point>
            </Placemark>
            <Placemark id="657">
                <name>Jüdischer Friedhof Werdener Straße</name>
                <description>                    category  : Jewish cemetery &lt;br&gt;   
                    sitelinks : 2.0 &lt;br&gt;   
                    articleEN :  &lt;br&gt;             
                    articleDE : https://de.wikipedia.org/wiki/J%C3%BCdischer_Friedhof_Werdener_Stra%C3%9Fe_(Ratingen) &lt;br&gt;              
                    wikidata_link : http://www.wikidata.org/entity/Q1716779</description>
                <styleUrl>#33</styleUrl>
                <Point id="656">
                    <coordinates>6.84982491,51.29948425,0.0</coordinates>
                </Point>
            </Placemark>
            <Placemark id="659">
                <name>Jüdischer Friedhof Lank-Latum</name>
                <description>                    category  : Jewish cemetery &lt;br&gt;   
                    sitelinks : 2.0 &lt;br&gt;   
                    articleEN :  &lt;br&gt;             
                    articleDE : https://de.wikipedia.org/wiki/J%C3%BCdischer_Friedhof_Lank-Latum &lt;br&gt;              
                    wikidata_link : http://www.wikidata.org/entity/Q1716718</description>
                <styleUrl>#33</styleUrl>
                <Point id="658">
                    <coordinates>6.66964,51.302,0.0</coordinates>
                </Point>
            </Placemark>
            <Placemark id="661">
                <name>Jüdischer Friedhof</name>
                <description>                    category  : Jewish cemetery &lt;br&gt;   
                    sitelinks : 2.0 &lt;br&gt;   
                    articleEN :  &lt;br&gt;             
                    articleDE : https://de.wikipedia.org/wiki/J%C3%BCdischer_Friedhof_(Zons) &lt;br&gt;              
                    wikidata_link : http://www.wikidata.org/entity/Q1716624</description>
                <styleUrl>#33</styleUrl>
                <Point id="660">
                    <coordinates>6.8325,51.1219,0.0</coordinates>
                </Point>
            </Placemark>
            <Placemark id="663">
                <name>St. Josef</name>
                <description>                    category  : church building &lt;br&gt;   
                    sitelinks : 2.0 &lt;br&gt;   
                    articleEN :  &lt;br&gt;             
                    articleDE : https://de.wikipedia.org/wiki/St._Josef_(Neuss) &lt;br&gt;              
                    wikidata_link : http://www.wikidata.org/entity/Q106500330</description>
                <styleUrl>#33</styleUrl>
                <Point id="662">
                    <coordinates>6.663405,51.2173,0.0</coordinates>
                </Point>
            </Placemark>
            <Placemark id="665">
                <name>St. Andreas</name>
                <description>                    category  : church building &lt;br&gt;   
                    sitelinks : 2.0 &lt;br&gt;   
                    articleEN :  &lt;br&gt;             
                    articleDE : https://de.wikipedia.org/wiki/St._Andreas_(Norf) &lt;br&gt;              
                    wikidata_link : http://www.wikidata.org/entity/Q106500042</description>
                <styleUrl>#33</styleUrl>
                <Point id="664">
                    <coordinates>6.7240416666667,51.156047222222,0.0</coordinates>
                </Point>
            </Placemark>
            <Placemark id="667">
                <name>Obertorkapelle</name>
                <description>                    category  : church building &lt;br&gt;   
                    sitelinks : 2.0 &lt;br&gt;   
                    articleEN :  &lt;br&gt;             
                    articleDE : https://de.wikipedia.org/wiki/Obertorkapelle &lt;br&gt;              
                    wikidata_link : http://www.wikidata.org/entity/Q106499800</description>
                <styleUrl>#33</styleUrl>
                <Point id="666">
                    <coordinates>6.69855,51.19452,0.0</coordinates>
                </Point>
            </Placemark>
            <Placemark id="669">
                <name>Bumpman</name>
                <description>                    category  : sculpture &lt;br&gt;   
                    sitelinks : 2.0 &lt;br&gt;   
                    articleEN :  &lt;br&gt;             
                    articleDE : https://de.wikipedia.org/wiki/Beulenmann &lt;br&gt;              
                    wikidata_link : http://www.wikidata.org/entity/Q106406933</description>
                <styleUrl>#33</styleUrl>
                <Point id="668">
                    <coordinates>6.792739,51.220348,0.0</coordinates>
                </Point>
            </Placemark>
            <Placemark id="671">
                <name>Konrad-Adenauer-Platz</name>
                <description>                    category  : square &lt;br&gt;   
                    sitelinks : 2.0 &lt;br&gt;   
                    articleEN :  &lt;br&gt;             
                    articleDE : https://de.wikipedia.org/wiki/Konrad-Adenauer-Platz_(D%C3%BCsseldorf) &lt;br&gt;              
                    wikidata_link : http://www.wikidata.org/entity/Q106391708</description>
                <styleUrl>#33</styleUrl>
                <Point id="670">
                    <coordinates>6.7922222222222,51.220555555556,0.0</coordinates>
                </Point>
            </Placemark>
            <Placemark id="673">
                <name>Hauptfriedhof</name>
                <description>                    category  : cemetery &lt;br&gt;   
                    sitelinks : 2.0 &lt;br&gt;   
                    articleEN :  &lt;br&gt;             
                    articleDE : https://de.wikipedia.org/wiki/Hauptfriedhof_in_Hilden &lt;br&gt;              
                    wikidata_link : http://www.wikidata.org/entity/Q105071141</description>
                <styleUrl>#33</styleUrl>
                <Point id="672">
                    <coordinates>6.939441,51.164822,0.0</coordinates>
                </Point>
            </Placemark>
            <Placemark id="675">
                <name>Herrenhaus Lantz</name>
                <description>                    category  : building &lt;br&gt;   
                    sitelinks : 2.0 &lt;br&gt;   
                    articleEN :  &lt;br&gt;             
                    articleDE : https://de.wikipedia.org/wiki/Villa_Lantz &lt;br&gt;              
                    wikidata_link : http://www.wikidata.org/entity/Q104921337</description>
                <styleUrl>#33</styleUrl>
                <Point id="674">
                    <coordinates>6.734958,51.271994,0.0</coordinates>
                </Point>
            </Placemark>
            <Placemark id="677">
                <name>Fahnenburg</name>
                <description>                    category  : building &lt;br&gt;   
                    sitelinks : 2.0 &lt;br&gt;   
                    articleEN :  &lt;br&gt;             
                    articleDE : https://de.wikipedia.org/wiki/Fahnenburg &lt;br&gt;              
                    wikidata_link : http://www.wikidata.org/entity/Q104804898</description>
                <styleUrl>#33</styleUrl>
                <Point id="676">
                    <coordinates>6.8259786,51.25053,0.0</coordinates>
                </Point>
            </Placemark>
            <Placemark id="679">
                <name>Zeitfeld</name>
                <description>                    category  : work of art &lt;br&gt;   
                    sitelinks : 2.0 &lt;br&gt;   
                    articleEN :  &lt;br&gt;             
                    articleDE : https://de.wikipedia.org/wiki/Zeitfeld &lt;br&gt;              
                    wikidata_link : http://www.wikidata.org/entity/Q104439662</description>
                <styleUrl>#33</styleUrl>
                <Point id="678">
                    <coordinates>6.793251,51.208113,0.0</coordinates>
                </Point>
            </Placemark>
            <Placemark id="681">
                <name>St. Gabriel (Delrath)</name>
                <description>                    category  : church building &lt;br&gt;   
                    sitelinks : 2.0 &lt;br&gt;   
                    articleEN :  &lt;br&gt;             
                    articleDE : https://de.wikipedia.org/wiki/St._Gabriel_(Delrath) &lt;br&gt;              
                    wikidata_link : http://www.wikidata.org/entity/Q102486743</description>
                <styleUrl>#33</styleUrl>
                <Point id="680">
                    <coordinates>6.7860724093702,51.128272202329,0.0</coordinates>
                </Point>
            </Placemark>
            <Placemark id="683">
                <name>Christuskirche (Dormagen)</name>
                <description>                    category  : church building &lt;br&gt;   
                    sitelinks : 2.0 &lt;br&gt;   
                    articleEN :  &lt;br&gt;             
                    articleDE : https://de.wikipedia.org/wiki/Christuskirche_(Dormagen) &lt;br&gt;              
                    wikidata_link : http://www.wikidata.org/entity/Q102484518</description>
                <styleUrl>#33</styleUrl>
                <Point id="682">
                    <coordinates>6.8324876256354,51.097347470718,0.0</coordinates>
                </Point>
            </Placemark>
            <Placemark id="685">
                <name>Monumento</name>
                <description>                    category  : sculpture &lt;br&gt;   
                    sitelinks : 2.0 &lt;br&gt;   
                    articleEN :  &lt;br&gt;             
                    articleDE : https://de.wikipedia.org/wiki/Monumento_(Plastik) &lt;br&gt;              
                    wikidata_link : http://www.wikidata.org/entity/Q101608972</description>
                <styleUrl>#33</styleUrl>
                <Point id="684">
                    <coordinates>6.78176,51.22839,0.0</coordinates>
                </Point>
            </Placemark>
            <Placemark id="687">
                <name>Kugelspielerin</name>
                <description>                    category  : sculpture &lt;br&gt;   
                    sitelinks : 2.0 &lt;br&gt;   
                    articleEN :  &lt;br&gt;             
                    articleDE : https://de.wikipedia.org/wiki/Die_Kugelspielerin_(D%C3%BCsseldorf) &lt;br&gt;              
                    wikidata_link : http://www.wikidata.org/entity/Q100278332</description>
                <styleUrl>#33</styleUrl>
                <Point id="686">
                    <coordinates>6.778698,51.219248,0.0</coordinates>
                </Point>
            </Placemark>
            <Placemark id="689">
                <name>Gefallenen-Ehrenmal Kalkstraße</name>
                <description>                    category  : monument &lt;br&gt;   
                    sitelinks : 2.0 &lt;br&gt;   
                    articleEN :  &lt;br&gt;             
                    articleDE : https://de.wikipedia.org/wiki/Gefallenen-Ehrenmal_(Wittlaer) &lt;br&gt;              
                    wikidata_link : http://www.wikidata.org/entity/Q98844720</description>
                <styleUrl>#33</styleUrl>
                <Point id="688">
                    <coordinates>6.7386,51.321,0.0</coordinates>
                </Point>
            </Placemark>
            <Placemark id="691">
                <name>Worringer Platz</name>
                <description>                    category  : square &lt;br&gt;   
                    sitelinks : 2.0 &lt;br&gt;   
                    articleEN :  &lt;br&gt;             
                    articleDE : https://de.wikipedia.org/wiki/Worringer_Platz &lt;br&gt;              
                    wikidata_link : http://www.wikidata.org/entity/Q98110163</description>
                <styleUrl>#33</styleUrl>
                <Point id="690">
                    <coordinates>6.795776,51.223825,0.0</coordinates>
                </Point>
            </Placemark>
            <Placemark id="693">
                <name>St Antonius (Neuss-Schlicherum)</name>
                <description>                    category  : chapel &lt;br&gt;   
                    sitelinks : 2.0 &lt;br&gt;   
                    articleEN :  &lt;br&gt;             
                    articleDE : https://de.wikipedia.org/wiki/St._Antonius_(Neuss-Schlicherum) &lt;br&gt;              
                    wikidata_link : http://www.wikidata.org/entity/Q95949341</description>
                <styleUrl>#33</styleUrl>
                <Point id="692">
                    <coordinates>6.72225,51.14275,0.0</coordinates>
                </Point>
            </Placemark>
            <Placemark id="695">
                <name>Synagoge Hülchrath</name>
                <description>                    category  : synagogue &lt;br&gt;   
                    sitelinks : 2.0 &lt;br&gt;   
                    articleEN :  &lt;br&gt;             
                    articleDE : https://de.wikipedia.org/wiki/Synagoge_H%C3%BClchrath &lt;br&gt;              
                    wikidata_link : http://www.wikidata.org/entity/Q84941349</description>
                <styleUrl>#33</styleUrl>
                <Point id="694">
                    <coordinates>6.66096,51.1249,0.0</coordinates>
                </Point>
            </Placemark>
            <Placemark id="697">
                <name>Müggenburg, Neuss-Norf</name>
                <description>                    category  : château &lt;br&gt;   
                    sitelinks : 2.0 &lt;br&gt;   
                    articleEN :  &lt;br&gt;             
                    articleDE : https://de.wikipedia.org/wiki/Schloss_M%C3%BCggenburg &lt;br&gt;              
                    wikidata_link : http://www.wikidata.org/entity/Q84731895</description>
                <styleUrl>#33</styleUrl>
                <Point id="696">
                    <coordinates>6.721447,51.155623,0.0</coordinates>
                </Point>
            </Placemark>
            <Placemark id="699">
                <name>Kolonialkriegerdenkmal Düsseldorf</name>
                <description>                    category  : statue &lt;br&gt;   
                    sitelinks : 2.0 &lt;br&gt;   
                    articleEN :  &lt;br&gt;             
                    articleDE : https://de.wikipedia.org/wiki/Kolonialkriegerdenkmal_(D%C3%BCsseldorf) &lt;br&gt;              
                    wikidata_link : http://www.wikidata.org/entity/Q83718816</description>
                <styleUrl>#33</styleUrl>
                <Point id="698">
                    <coordinates>6.775853,51.249419,0.0</coordinates>
                </Point>
            </Placemark>
            <Placemark id="701">
                <name>Düsseldorf-Wolfsaap gliding site</name>
                <description>                    category  : glider airfield &lt;br&gt;   
                    sitelinks : 2.0 &lt;br&gt;   
                    articleEN :  &lt;br&gt;             
                    articleDE : https://de.wikipedia.org/wiki/Segelfluggel%C3%A4nde_D%C3%BCsseldorf-Wolfsaap &lt;br&gt;              
                    wikidata_link : http://www.wikidata.org/entity/Q83423381</description>
                <styleUrl>#33</styleUrl>
                <Point id="700">
                    <coordinates>6.8536666666667,51.264666666667,0.0</coordinates>
                </Point>
            </Placemark>
            <Placemark id="703">
                <name>Haus Hildener Künstler</name>
                <description>                    category  : building &lt;br&gt;   
                    sitelinks : 2.0 &lt;br&gt;   
                    articleEN :  &lt;br&gt;             
                    articleDE : https://de.wikipedia.org/wiki/Haus_Hildener_K%C3%BCnstler,_H6 &lt;br&gt;              
                    wikidata_link : http://www.wikidata.org/entity/Q83183592</description>
                <styleUrl>#33</styleUrl>
                <Point id="702">
                    <coordinates>6.930474,51.166509,0.0</coordinates>
                </Point>
            </Placemark>
            <Placemark id="705">
                <name>Rheingärtchen</name>
                <description>                    category  : ornamental garden &lt;br&gt;   
                    sitelinks : 2.0 &lt;br&gt;   
                    articleEN :  &lt;br&gt;             
                    articleDE : https://de.wikipedia.org/wiki/Rheing%C3%A4rtchen &lt;br&gt;              
                    wikidata_link : http://www.wikidata.org/entity/Q80092065</description>
                <styleUrl>#33</styleUrl>
                <Point id="704">
                    <coordinates>6.77129,51.23525,0.0</coordinates>
                </Point>
            </Placemark>
            <Placemark id="707">
                <name>Pumpstation Kaiserswerth</name>
                <description>                    category  : building &lt;br&gt;   
                    sitelinks : 2.0 &lt;br&gt;   
                    articleEN :  &lt;br&gt;             
                    articleDE : https://de.wikipedia.org/wiki/Pumpstation_Kaiserswerth &lt;br&gt;              
                    wikidata_link : http://www.wikidata.org/entity/Q78587159</description>
                <styleUrl>#33</styleUrl>
                <Point id="706">
                    <coordinates>6.735149,51.30346,0.0</coordinates>
                </Point>
            </Placemark>
            <Placemark id="709">
                <name>Palais Spinrath</name>
                <description>                    category  : monastery &lt;br&gt;   
                    sitelinks : 2.0 &lt;br&gt;   
                    articleEN :  &lt;br&gt;             
                    articleDE : https://de.wikipedia.org/wiki/Palais_Spinrath &lt;br&gt;              
                    wikidata_link : http://www.wikidata.org/entity/Q2047178</description>
                <styleUrl>#33</styleUrl>
                <Point id="708">
                    <coordinates>6.7739,51.2292,0.0</coordinates>
                </Point>
            </Placemark>
            <Placemark id="711">
                <name>Oberpostdirektion Düsseldorf</name>
                <description>                    category  : office building &lt;br&gt;   
                    sitelinks : 2.0 &lt;br&gt;   
                    articleEN :  &lt;br&gt;             
                    articleDE : https://de.wikipedia.org/wiki/Oberpostdirektion_D%C3%BCsseldorf &lt;br&gt;              
                    wikidata_link : http://www.wikidata.org/entity/Q2010629</description>
                <styleUrl>#33</styleUrl>
                <Point id="710">
                    <coordinates>6.77528,51.2192,0.0</coordinates>
                </Point>
            </Placemark>
            <Placemark id="713">
                <name>Oberbilker Markt</name>
                <description>                    category  : square &lt;br&gt;   
                    sitelinks : 2.0 &lt;br&gt;   
                    articleEN :  &lt;br&gt;             
                    articleDE : https://de.wikipedia.org/wiki/Oberbilker_Markt &lt;br&gt;              
                    wikidata_link : http://www.wikidata.org/entity/Q2009215</description>
                <styleUrl>#33</styleUrl>
                <Point id="712">
                    <coordinates>6.80306,51.2161,0.0</coordinates>
                </Point>
            </Placemark>
            <Placemark id="715">
                <name>Oberbilker Allee 287</name>
                <description>                    category  : architectural structure &lt;br&gt;   
                    sitelinks : 2.0 &lt;br&gt;   
                    articleEN :  &lt;br&gt;             
                    articleDE : https://de.wikipedia.org/wiki/Oberbilker_Allee_287 &lt;br&gt;              
                    wikidata_link : http://www.wikidata.org/entity/Q2009207</description>
                <styleUrl>#33</styleUrl>
                <Point id="714">
                    <coordinates>6.80578,51.209,0.0</coordinates>
                </Point>
            </Placemark>
            <Placemark id="717">
                <name>Oberbilker Allee</name>
                <description>                    category  : street &lt;br&gt;   
                    sitelinks : 2.0 &lt;br&gt;   
                    articleEN :  &lt;br&gt;             
                    articleDE : https://de.wikipedia.org/wiki/Oberbilker_Allee &lt;br&gt;              
                    wikidata_link : http://www.wikidata.org/entity/Q2009203</description>
                <styleUrl>#33</styleUrl>
                <Point id="716">
                    <coordinates>6.79333,51.2108,0.0</coordinates>
                </Point>
            </Placemark>
            <Placemark id="719">
                <name>Nordpark Düsseldorf</name>
                <description>                    category  : Japanese garden &lt;br&gt;   
                    sitelinks : 2.0 &lt;br&gt;   
                    articleEN :  &lt;br&gt;             
                    articleDE : https://de.wikipedia.org/wiki/Nordpark_D%C3%BCsseldorf &lt;br&gt;              
                    wikidata_link : http://www.wikidata.org/entity/Q1998504</description>
                <styleUrl>#33</styleUrl>
                <Point id="718">
                    <coordinates>6.74919,51.2567,0.0</coordinates>
                </Point>
            </Placemark>
            <Placemark id="721">
                <name>Niederrheinstraße 327</name>
                <description>                    category  : residential building &lt;br&gt;   
                    sitelinks : 2.0 &lt;br&gt;   
                    articleEN :  &lt;br&gt;             
                    articleDE : https://de.wikipedia.org/wiki/Niederrheinstra%C3%9Fe_327 &lt;br&gt;              
                    wikidata_link : http://www.wikidata.org/entity/Q1988379</description>
                <styleUrl>#33</styleUrl>
                <Point id="720">
                    <coordinates>6.73702,51.2915,0.0</coordinates>
                </Point>
            </Placemark>
            <Placemark id="723">
                <name>Neusser Stadtwald</name>
                <description>                    category  : forest &lt;br&gt;   
                    sitelinks : 2.0 &lt;br&gt;   
                    articleEN :  &lt;br&gt;             
                    articleDE : https://de.wikipedia.org/wiki/Neusser_Stadtwald &lt;br&gt;              
                    wikidata_link : http://www.wikidata.org/entity/Q1981650</description>
                <styleUrl>#33</styleUrl>
                <Point id="722">
                    <coordinates>6.6591,51.2048,0.0</coordinates>
                </Point>
            </Placemark>
            <Placemark id="725">
                <name>Neubrück</name>
                <description>                    category  : Ortsteil &lt;br&gt;   
                    sitelinks : 2.0 &lt;br&gt;   
                    articleEN :  &lt;br&gt;             
                    articleDE : https://de.wikipedia.org/wiki/Neubr%C3%BCck_(Grevenbroich) &lt;br&gt;              
                    wikidata_link : http://www.wikidata.org/entity/Q1979310</description>
                <styleUrl>#33</styleUrl>
                <Point id="724">
                    <coordinates>6.63845,51.135,0.0</coordinates>
                </Point>
            </Placemark>
            <Placemark id="727">
                <name>Neanderkirche Hochdahl</name>
                <description>                    category  : church building &lt;br&gt;   
                    sitelinks : 2.0 &lt;br&gt;   
                    articleEN :  &lt;br&gt;             
                    articleDE : https://de.wikipedia.org/wiki/Neanderkirche_(Erkrath-Hochdahl) &lt;br&gt;              
                    wikidata_link : http://www.wikidata.org/entity/Q1973077</description>
                <styleUrl>#33</styleUrl>
                <Point id="726">
                    <coordinates>6.9425,51.2203,0.0</coordinates>
                </Point>
            </Placemark>
            <Placemark id="729">
                <name>Naturwaldzelle Hinkesforst</name>
                <description>                    category  : biological reserve &lt;br&gt;   
                    sitelinks : 2.0 &lt;br&gt;   
                    articleEN :  &lt;br&gt;             
                    articleDE : https://de.wikipedia.org/wiki/Naturwaldzelle_Hinkesforst &lt;br&gt;              
                    wikidata_link : http://www.wikidata.org/entity/Q1971594</description>
                <styleUrl>#33</styleUrl>
                <Point id="728">
                    <coordinates>6.81017,51.3237,0.0</coordinates>
                </Point>
            </Placemark>
            <Placemark id="731">
                <name>Münster-Therme</name>
                <description>                    category  : indoor swimming pool &lt;br&gt;   
                    sitelinks : 2.0 &lt;br&gt;   
                    articleEN :  &lt;br&gt;             
                    articleDE : https://de.wikipedia.org/wiki/M%C3%BCnster-Therme &lt;br&gt;              
                    wikidata_link : http://www.wikidata.org/entity/Q1959120</description>
                <styleUrl>#33</styleUrl>
                <Point id="730">
                    <coordinates>6.78306,51.2414,0.0</coordinates>
                </Point>
            </Placemark>
            <Placemark id="733">
                <name>Mörsenbroicher Ei</name>
                <description>                    category  : square &lt;br&gt;   
                    sitelinks : 2.0 &lt;br&gt;   
                    articleEN :  &lt;br&gt;             
                    articleDE : https://de.wikipedia.org/wiki/M%C3%B6rsenbroicher_Ei &lt;br&gt;              
                    wikidata_link : http://www.wikidata.org/entity/Q1958132</description>
                <styleUrl>#33</styleUrl>
                <Point id="732">
                    <coordinates>6.80138889,51.25055556,0.0</coordinates>
                </Point>
            </Placemark>
            <Placemark id="735">
                <name>Märchenbrunnen in Düsseldorf</name>
                <description>                    category  : water well &lt;br&gt;   
                    sitelinks : 2.0 &lt;br&gt;   
                    articleEN :  &lt;br&gt;             
                    articleDE : https://de.wikipedia.org/wiki/M%C3%A4rchenbrunnen_(D%C3%BCsseldorf) &lt;br&gt;              
                    wikidata_link : http://www.wikidata.org/entity/Q1957383</description>
                <styleUrl>#33</styleUrl>
                <Point id="734">
                    <coordinates>6.77884,51.2284,0.0</coordinates>
                </Point>
            </Placemark>
            <Placemark id="737">
                <name>Morgensternsheide</name>
                <description>                    category  : Ortsteil &lt;br&gt;   
                    sitelinks : 2.0 &lt;br&gt;   
                    articleEN :  &lt;br&gt;             
                    articleDE : https://de.wikipedia.org/wiki/Morgensternsheide &lt;br&gt;              
                    wikidata_link : http://www.wikidata.org/entity/Q1947767</description>
                <styleUrl>#33</styleUrl>
                <Point id="736">
                    <coordinates>6.6525,51.2086,0.0</coordinates>
                </Point>
            </Placemark>
            <Placemark id="739">
                <name>Moltke-Denkmal</name>
                <description>                    category  : architectural structure &lt;br&gt;   
                    sitelinks : 2.0 &lt;br&gt;   
                    articleEN :  &lt;br&gt;             
                    articleDE : https://de.wikipedia.org/wiki/Moltkedenkmal_(D%C3%BCsseldorf) &lt;br&gt;              
                    wikidata_link : http://www.wikidata.org/entity/Q1943763</description>
                <styleUrl>#33</styleUrl>
                <Point id="738">
                    <coordinates>6.78209,51.2239,0.0</coordinates>
                </Point>
            </Placemark>
            <Placemark id="741">
                <name>Innenministerium NRW</name>
                <description>                    category  : German state agency &lt;br&gt;   
                    sitelinks : 2.0 &lt;br&gt;   
                    articleEN :  &lt;br&gt;             
                    articleDE : https://de.wikipedia.org/wiki/Ministerium_des_Innern_des_Landes_Nordrhein-Westfalen &lt;br&gt;              
                    wikidata_link : http://www.wikidata.org/entity/Q1937060</description>
                <styleUrl>#33</styleUrl>
                <Point id="740">
                    <coordinates>6.7694444444444,51.218277777778,0.0</coordinates>
                </Point>
            </Placemark>
            <Placemark id="743">
                <name>Ministry of Labor, Health and Social Affairs of North Rhine-Westphalia</name>
                <description>                    category  : ministry of health &lt;br&gt;   
                    sitelinks : 2.0 &lt;br&gt;   
                    articleEN :  &lt;br&gt;             
                    articleDE : https://de.wikipedia.org/wiki/Ministerium_f%C3%BCr_Arbeit,_Gesundheit_und_Soziales_des_Landes_Nordrhein-Westfalen &lt;br&gt;              
                    wikidata_link : http://www.wikidata.org/entity/Q1937023</description>
                <styleUrl>#33</styleUrl>
                <Point id="742">
                    <coordinates>6.7659444444444,51.215444444444,0.0</coordinates>
                </Point>
            </Placemark>
            <Placemark id="745">
                <name>Kaiserswerther Menhir</name>
                <description>                    category  : menhir &lt;br&gt;   
                    sitelinks : 2.0 &lt;br&gt;   
                    articleEN :  &lt;br&gt;             
                    articleDE : https://de.wikipedia.org/wiki/Menhir_von_Kaiserswerth &lt;br&gt;              
                    wikidata_link : http://www.wikidata.org/entity/Q1920543</description>
                <styleUrl>#33</styleUrl>
                <Point id="744">
                    <coordinates>6.74287,51.299,0.0</coordinates>
                </Point>
            </Placemark>
            <Placemark id="747">
                <name>Mendelssohn-Haus, Geschäftshaus, Schadowstraße 30</name>
                <description>                    category  : destroyed building or structure &lt;br&gt;   
                    sitelinks : 2.0 &lt;br&gt;   
                    articleEN :  &lt;br&gt;             
                    articleDE : https://de.wikipedia.org/wiki/Mendelssohn-Haus_(D%C3%BCsseldorf) &lt;br&gt;              
                    wikidata_link : http://www.wikidata.org/entity/Q1920313</description>
                <styleUrl>#33</styleUrl>
                <Point id="746">
                    <coordinates>6.78182,51.2262,0.0</coordinates>
                </Point>
            </Placemark>
            <Placemark id="749">
                <name>Q1919330</name>
                <description>                    category  : architectural structure &lt;br&gt;   
                    sitelinks : 2.0 &lt;br&gt;   
                    articleEN :  &lt;br&gt;             
                    articleDE : https://de.wikipedia.org/wiki/Meliesallee_7 &lt;br&gt;              
                    wikidata_link : http://www.wikidata.org/entity/Q1919330</description>
                <styleUrl>#33</styleUrl>
                <Point id="748">
                    <coordinates>6.86543,51.1609,0.0</coordinates>
                </Point>
            </Placemark>
            <Placemark id="751">
                <name>Q1919321</name>
                <description>                    category  : architectural structure &lt;br&gt;   
                    sitelinks : 2.0 &lt;br&gt;   
                    articleEN :  &lt;br&gt;             
                    articleDE : https://de.wikipedia.org/wiki/Meliesallee_17 &lt;br&gt;              
                    wikidata_link : http://www.wikidata.org/entity/Q1919321</description>
                <styleUrl>#33</styleUrl>
                <Point id="750">
                    <coordinates>6.8619,51.161,0.0</coordinates>
                </Point>
            </Placemark>
            <Placemark id="753">
                <name>Heine Haus</name>
                <description>                    category  : architectural structure &lt;br&gt;   
                    sitelinks : 2.0 &lt;br&gt;   
                    articleEN :  &lt;br&gt;             
                    articleDE : https://de.wikipedia.org/wiki/Heine_Haus_(D%C3%BCsseldorf) &lt;br&gt;              
                    wikidata_link : http://www.wikidata.org/entity/Q1595977</description>
                <styleUrl>#33</styleUrl>
                <Point id="752">
                    <coordinates>6.77468,51.2262,0.0</coordinates>
                </Point>
            </Placemark>
            <Placemark id="755">
                <name>Q1595055</name>
                <description>                    category  : church building &lt;br&gt;   
                    sitelinks : 2.0 &lt;br&gt;   
                    articleEN :  &lt;br&gt;             
                    articleDE : https://de.wikipedia.org/wiki/Heilige_Familie_(D%C3%BCsseldorf-Stockum) &lt;br&gt;              
                    wikidata_link : http://www.wikidata.org/entity/Q1595055</description>
                <styleUrl>#33</styleUrl>
                <Point id="754">
                    <coordinates>6.76079,51.2643,0.0</coordinates>
                </Point>
            </Placemark>
            <Placemark id="757">
                <name>Heilig-Geist-Kirche Erkrath-Hochdahl Sandheide</name>
                <description>                    category  : church building &lt;br&gt;   
                    sitelinks : 2.0 &lt;br&gt;   
                    articleEN :  &lt;br&gt;             
                    articleDE : https://de.wikipedia.org/wiki/Heilig-Geist-Kirche_(Erkrath) &lt;br&gt;              
                    wikidata_link : http://www.wikidata.org/entity/Q1594868</description>
                <styleUrl>#33</styleUrl>
                <Point id="756">
                    <coordinates>6.96047,51.2019,0.0</coordinates>
                </Point>
            </Placemark>
            <Placemark id="759">
                <name>Holy-Spirit-Church</name>
                <description>                    category  : church building &lt;br&gt;   
                    sitelinks : 2.0 &lt;br&gt;   
                    articleEN :  &lt;br&gt;             
                    articleDE : https://de.wikipedia.org/wiki/Heilig-Geist-Kirche_(D%C3%BCsseldorf) &lt;br&gt;              
                    wikidata_link : http://www.wikidata.org/entity/Q1594863</description>
                <styleUrl>#33</styleUrl>
                <Point id="758">
                    <coordinates>6.78837,51.2383,0.0</coordinates>
                </Point>
            </Placemark>
            <Placemark id="761">
                <name>Heidbergmühle (Lank)</name>
                <description>                    category  : windmill &lt;br&gt;   
                    sitelinks : 2.0 &lt;br&gt;   
                    articleEN :  &lt;br&gt;             
                    articleDE : https://de.wikipedia.org/wiki/Heidbergm%C3%BChle &lt;br&gt;              
                    wikidata_link : http://www.wikidata.org/entity/Q1593843</description>
                <styleUrl>#33</styleUrl>
                <Point id="760">
                    <coordinates>6.69669,51.3048,0.0</coordinates>
                </Point>
            </Placemark>
            <Placemark id="763">
                <name>Haus des Karnevals</name>
                <description>                    category  : building &lt;br&gt;   
                    sitelinks : 2.0 &lt;br&gt;   
                    articleEN :  &lt;br&gt;             
                    articleDE : https://de.wikipedia.org/wiki/Haus_des_Karnevals &lt;br&gt;              
                    wikidata_link : http://www.wikidata.org/entity/Q1590896</description>
                <styleUrl>#33</styleUrl>
                <Point id="762">
                    <coordinates>6.77107,51.2255,0.0</coordinates>
                </Point>
            </Placemark>
            <Placemark id="765">
                <name>Haus auf der Bech</name>
                <description>                    category  : building &lt;br&gt;   
                    sitelinks : 2.0 &lt;br&gt;   
                    articleEN :  &lt;br&gt;             
                    articleDE : https://de.wikipedia.org/wiki/Haus_auf_der_Bech &lt;br&gt;              
                    wikidata_link : http://www.wikidata.org/entity/Q1590727</description>
                <styleUrl>#33</styleUrl>
                <Point id="764">
                    <coordinates>6.931458,51.168668,0.0</coordinates>
                </Point>
            </Placemark>
            <Placemark id="767">
                <name>Himmelgeister Landstraße 171-173</name>
                <description>                    category  : single-family detached home &lt;br&gt;   
                    sitelinks : 2.0 &lt;br&gt;   
                    articleEN :  &lt;br&gt;             
                    articleDE : https://de.wikipedia.org/wiki/Haus_Zindler &lt;br&gt;              
                    wikidata_link : http://www.wikidata.org/entity/Q1590710</description>
                <styleUrl>#33</styleUrl>
                <Point id="766">
                    <coordinates>6.80232,51.1748,0.0</coordinates>
                </Point>
            </Placemark>
            <Placemark id="769">
                <name>Haus Weber</name>
                <description>                    category  : residential building &lt;br&gt;   
                    sitelinks : 2.0 &lt;br&gt;   
                    articleEN :  &lt;br&gt;             
                    articleDE : https://de.wikipedia.org/wiki/Haus_Weber_(D%C3%BCsseldorf) &lt;br&gt;              
                    wikidata_link : http://www.wikidata.org/entity/Q1590649</description>
                <styleUrl>#33</styleUrl>
                <Point id="768">
                    <coordinates>6.75722,51.3005,0.0</coordinates>
                </Point>
            </Placemark>
            <Placemark id="771">
                <name>Haus Schulz</name>
                <description>                    category  : architectural structure &lt;br&gt;   
                    sitelinks : 2.0 &lt;br&gt;   
                    articleEN :  &lt;br&gt;             
                    articleDE : https://de.wikipedia.org/wiki/Haus_Schulz &lt;br&gt;              
                    wikidata_link : http://www.wikidata.org/entity/Q1590522</description>
                <styleUrl>#33</styleUrl>
                <Point id="770">
                    <coordinates>6.86234,51.1486,0.0</coordinates>
                </Point>
            </Placemark>
            <Placemark id="773">
                <name>Haus Sack, Düsseldorf</name>
                <description>                    category  : building &lt;br&gt;   
                    sitelinks : 2.0 &lt;br&gt;   
                    articleEN :  &lt;br&gt;             
                    articleDE : https://de.wikipedia.org/wiki/Haus_Sack &lt;br&gt;              
                    wikidata_link : http://www.wikidata.org/entity/Q1590494</description>
                <styleUrl>#33</styleUrl>
                <Point id="772">
                    <coordinates>6.8266,51.2478,0.0</coordinates>
                </Point>
            </Placemark>
            <Placemark id="775">
                <name>Haus Rottels</name>
                <description>                    category  : monastery &lt;br&gt;   
                    sitelinks : 2.0 &lt;br&gt;   
                    articleEN :  &lt;br&gt;             
                    articleDE : https://de.wikipedia.org/wiki/Haus_Rottels &lt;br&gt;              
                    wikidata_link : http://www.wikidata.org/entity/Q1590479</description>
                <styleUrl>#33</styleUrl>
                <Point id="774">
                    <coordinates>6.69689,51.1952,0.0</coordinates>
                </Point>
            </Placemark>
            <Placemark id="777">
                <name>Haus Neiser</name>
                <description>                    category  : architectural structure &lt;br&gt;   
                    sitelinks : 2.0 &lt;br&gt;   
                    articleEN :  &lt;br&gt;             
                    articleDE : https://de.wikipedia.org/wiki/Haus_Neiser &lt;br&gt;              
                    wikidata_link : http://www.wikidata.org/entity/Q1590380</description>
                <styleUrl>#33</styleUrl>
                <Point id="776">
                    <coordinates>6.81487,51.2422,0.0</coordinates>
                </Point>
            </Placemark>
            <Placemark id="779">
                <name>Haus Morp</name>
                <description>                    category  : building &lt;br&gt;   
                    sitelinks : 2.0 &lt;br&gt;   
                    articleEN :  &lt;br&gt;             
                    articleDE : https://de.wikipedia.org/wiki/Haus_Morp &lt;br&gt;              
                    wikidata_link : http://www.wikidata.org/entity/Q1590373</description>
                <styleUrl>#33</styleUrl>
                <Point id="778">
                    <coordinates>6.8952,51.2271,0.0</coordinates>
                </Point>
            </Placemark>
            <Placemark id="781">
                <name>Haus Meer</name>
                <description>                    category  : manor house &lt;br&gt;   
                    sitelinks : 2.0 &lt;br&gt;   
                    articleEN :  &lt;br&gt;             
                    articleDE : https://de.wikipedia.org/wiki/Haus_Meer &lt;br&gt;              
                    wikidata_link : http://www.wikidata.org/entity/Q1590361</description>
                <styleUrl>#33</styleUrl>
                <Point id="780">
                    <coordinates>6.67444,51.2664,0.0</coordinates>
                </Point>
            </Placemark>
            <Placemark id="783">
                <name>Haus Latum</name>
                <description>                    category  : building &lt;br&gt;   
                    sitelinks : 2.0 &lt;br&gt;   
                    articleEN :  &lt;br&gt;             
                    articleDE : https://de.wikipedia.org/wiki/Haus_Latum &lt;br&gt;              
                    wikidata_link : http://www.wikidata.org/entity/Q1590300</description>
                <styleUrl>#33</styleUrl>
                <Point id="782">
                    <coordinates>6.6701,51.3128,0.0</coordinates>
                </Point>
            </Placemark>
            <Placemark id="785">
                <name>Haus Horst</name>
                <description>                    category  : castle &lt;br&gt;   
                    sitelinks : 2.0 &lt;br&gt;   
                    articleEN :  &lt;br&gt;             
                    articleDE : https://de.wikipedia.org/wiki/Haus_Horst_(Hilden) &lt;br&gt;              
                    wikidata_link : http://www.wikidata.org/entity/Q1590221</description>
                <styleUrl>#33</styleUrl>
                <Point id="784">
                    <coordinates>6.90744,51.1564,0.0</coordinates>
                </Point>
            </Placemark>
            <Placemark id="787">
                <name>Henkelstraße 67, Gebäude A5</name>
                <description>                    category  : architectural structure &lt;br&gt;   
                    sitelinks : 2.0 &lt;br&gt;   
                    articleEN :  &lt;br&gt;             
                    articleDE : https://de.wikipedia.org/wiki/Haus_Henkel_(D%C3%BCsseldorf-Holthausen) &lt;br&gt;              
                    wikidata_link : http://www.wikidata.org/entity/Q1590199</description>
                <styleUrl>#33</styleUrl>
                <Point id="786">
                    <coordinates>6.83592,51.1766,0.0</coordinates>
                </Point>
            </Placemark>
            <Placemark id="789">
                <name>Haus Hannemann</name>
                <description>                    category  : architectural structure &lt;br&gt;   
                    sitelinks : 2.0 &lt;br&gt;   
                    articleEN :  &lt;br&gt;             
                    articleDE : https://de.wikipedia.org/wiki/Haus_Hannemann &lt;br&gt;              
                    wikidata_link : http://www.wikidata.org/entity/Q1590154</description>
                <styleUrl>#33</styleUrl>
                <Point id="788">
                    <coordinates>6.73866,51.2776,0.0</coordinates>
                </Point>
            </Placemark>
            <Placemark id="791">
                <name>Haus Gripswald</name>
                <description>                    category  : water castle &lt;br&gt;   
                    sitelinks : 2.0 &lt;br&gt;   
                    articleEN :  &lt;br&gt;             
                    articleDE : https://de.wikipedia.org/wiki/Haus_Gripswald &lt;br&gt;              
                    wikidata_link : http://www.wikidata.org/entity/Q1590135</description>
                <styleUrl>#33</styleUrl>
                <Point id="790">
                    <coordinates>6.64532,51.3031,0.0</coordinates>
                </Point>
            </Placemark>
            <Placemark id="793">
                <name>Q1590061</name>
                <description>                    category  : single-family detached home &lt;br&gt;   
                    sitelinks : 2.0 &lt;br&gt;   
                    articleEN :  &lt;br&gt;             
                    articleDE : https://de.wikipedia.org/wiki/Haus_Eichhorn_(D%C3%BCsseldorf) &lt;br&gt;              
                    wikidata_link : http://www.wikidata.org/entity/Q1590061</description>
                <styleUrl>#33</styleUrl>
                <Point id="792">
                    <coordinates>6.74849,51.2666,0.0</coordinates>
                </Point>
            </Placemark>
            <Placemark id="795">
                <name>Haroldstraße (Düsseldorf)</name>
                <description>                    category  : street &lt;br&gt;   
                    sitelinks : 2.0 &lt;br&gt;   
                    articleEN :  &lt;br&gt;             
                    articleDE : https://de.wikipedia.org/wiki/Haroldstra%C3%9Fe &lt;br&gt;              
                    wikidata_link : http://www.wikidata.org/entity/Q1585972</description>
                <styleUrl>#33</styleUrl>
                <Point id="794">
                    <coordinates>6.77127,51.2187,0.0</coordinates>
                </Point>
            </Placemark>
            <Placemark id="797">
                <name>Hansahaus</name>
                <description>                    category  : building &lt;br&gt;   
                    sitelinks : 2.0 &lt;br&gt;   
                    articleEN :  &lt;br&gt;             
                    articleDE : https://de.wikipedia.org/wiki/Hansahaus_(D%C3%BCsseldorf) &lt;br&gt;              
                    wikidata_link : http://www.wikidata.org/entity/Q1583639</description>
                <styleUrl>#33</styleUrl>
                <Point id="796">
                    <coordinates>6.79056,51.2195,0.0</coordinates>
                </Point>
            </Placemark>
            <Placemark id="799">
                <name>Düsseldorf, Hondheim'sches Palais</name>
                <description>                    category  : destroyed building or structure &lt;br&gt;   
                    sitelinks : 2.0 &lt;br&gt;   
                    articleEN :  &lt;br&gt;             
                    articleDE : https://de.wikipedia.org/wiki/Hondheimsches_Palais &lt;br&gt;              
                    wikidata_link : http://www.wikidata.org/entity/Q1577626</description>
                <styleUrl>#33</styleUrl>
                <Point id="798">
                    <coordinates>6.77144,51.2244,0.0</coordinates>
                </Point>
            </Placemark>
            <Placemark id="801">
                <name>Hanielgarage</name>
                <description>                    category  : parking garage &lt;br&gt;   
                    sitelinks : 2.0 &lt;br&gt;   
                    articleEN :  &lt;br&gt;             
                    articleDE : https://de.wikipedia.org/wiki/Hanielgarage &lt;br&gt;              
                    wikidata_link : http://www.wikidata.org/entity/Q1575531</description>
                <styleUrl>#33</styleUrl>
                <Point id="800">
                    <coordinates>6.81767,51.2347,0.0</coordinates>
                </Point>
            </Placemark>
            <Placemark id="803">
                <name>Haus der Handelskammer, Graf-Adolf-Straße Düsseldorf</name>
                <description>                    category  : architectural structure &lt;br&gt;   
                    sitelinks : 2.0 &lt;br&gt;   
                    articleEN :  &lt;br&gt;             
                    articleDE : https://de.wikipedia.org/wiki/Haus_der_Handelskammer &lt;br&gt;              
                    wikidata_link : http://www.wikidata.org/entity/Q1571113</description>
                <styleUrl>#33</styleUrl>
                <Point id="802">
                    <coordinates>6.78449,51.2186,0.0</coordinates>
                </Point>
            </Placemark>
            <Placemark id="805">
                <name>Düsseldorf Walzstahlhaus</name>
                <description>                    category  : office building &lt;br&gt;   
                    sitelinks : 2.0 &lt;br&gt;   
                    articleEN :  &lt;br&gt;             
                    articleDE : https://de.wikipedia.org/wiki/Walzstahlhaus &lt;br&gt;              
                    wikidata_link : http://www.wikidata.org/entity/Q1569539</description>
                <styleUrl>#33</styleUrl>
                <Point id="804">
                    <coordinates>6.77576,51.2209,0.0</coordinates>
                </Point>
            </Placemark>
            <Placemark id="807">
                <name>Q1518028</name>
                <description>                    category  : church building &lt;br&gt;   
                    sitelinks : 2.0 &lt;br&gt;   
                    articleEN :  &lt;br&gt;             
                    articleDE : https://de.wikipedia.org/wiki/Kapelle_St._Cornelius_(Neuss) &lt;br&gt;              
                    wikidata_link : http://www.wikidata.org/entity/Q1518028</description>
                <styleUrl>#33</styleUrl>
                <Point id="806">
                    <coordinates>6.7027,51.1697,0.0</coordinates>
                </Point>
            </Placemark>
            <Placemark id="809">
                <name>Hofgartenstraße 14</name>
                <description>                    category  : building &lt;br&gt;   
                    sitelinks : 2.0 &lt;br&gt;   
                    articleEN :  &lt;br&gt;             
                    articleDE : https://de.wikipedia.org/wiki/Trinkaus-Palais &lt;br&gt;              
                    wikidata_link : http://www.wikidata.org/entity/Q1495058</description>
                <styleUrl>#33</styleUrl>
                <Point id="808">
                    <coordinates>6.78204,51.2274,0.0</coordinates>
                </Point>
            </Placemark>
            <Placemark id="811">
                <name>Saint Roch Chapel</name>
                <description>                    category  : church building &lt;br&gt;   
                    sitelinks : 2.0 &lt;br&gt;   
                    articleEN :  &lt;br&gt;             
                    articleDE : https://de.wikipedia.org/wiki/Rochuskapelle_(L%C3%BCttenglehn) &lt;br&gt;              
                    wikidata_link : http://www.wikidata.org/entity/Q21093455</description>
                <styleUrl>#33</styleUrl>
                <Point id="810">
                    <coordinates>6.610348,51.167682,0.0</coordinates>
                </Point>
            </Placemark>
            <Placemark id="813">
                <name>Friedhof Eller</name>
                <description>                    category  : cemetery &lt;br&gt;   
                    sitelinks : 2.0 &lt;br&gt;   
                    articleEN :  &lt;br&gt;             
                    articleDE : https://de.wikipedia.org/wiki/Friedhof_Eller &lt;br&gt;              
                    wikidata_link : http://www.wikidata.org/entity/Q21037189</description>
                <styleUrl>#33</styleUrl>
                <Point id="812">
                    <coordinates>6.8309,51.1924,0.0</coordinates>
                </Point>
            </Placemark>
            <Placemark id="815">
                <name>Reuterkaserne</name>
                <description>                    category  : street &lt;br&gt;   
                    sitelinks : 2.0 &lt;br&gt;   
                    articleEN :  &lt;br&gt;             
                    articleDE : https://de.wikipedia.org/wiki/Reuterkaserne &lt;br&gt;              
                    wikidata_link : http://www.wikidata.org/entity/Q21037022</description>
                <styleUrl>#33</styleUrl>
                <Point id="814">
                    <coordinates>6.77222204,51.23027802,0.0</coordinates>
                </Point>
            </Placemark>
            <Placemark id="817">
                <name>Heiligenhäuschen</name>
                <description>                    category  : building &lt;br&gt;   
                    sitelinks : 2.0 &lt;br&gt;   
                    articleEN :  &lt;br&gt;             
                    articleDE : https://de.wikipedia.org/wiki/Heiligenh%C3%A4uschen_(D%C3%BCsseldorf-Oberkassel) &lt;br&gt;              
                    wikidata_link : http://www.wikidata.org/entity/Q19964840</description>
                <styleUrl>#33</styleUrl>
                <Point id="816">
                    <coordinates>6.75266319,51.22713331,0.0</coordinates>
                </Point>
            </Placemark>
            <Placemark id="819">
                <name>Haus Hagdorn</name>
                <description>                    category  : building &lt;br&gt;   
                    sitelinks : 2.0 &lt;br&gt;   
                    articleEN :  &lt;br&gt;             
                    articleDE : https://de.wikipedia.org/wiki/Haus_Hagdorn &lt;br&gt;              
                    wikidata_link : http://www.wikidata.org/entity/Q19964612</description>
                <styleUrl>#33</styleUrl>
                <Point id="818">
                    <coordinates>6.9307208,51.1672754,0.0</coordinates>
                </Point>
            </Placemark>
            <Placemark id="821">
                <name>Eiskellerberg</name>
                <description>                    category  : street &lt;br&gt;   
                    sitelinks : 2.0 &lt;br&gt;   
                    articleEN :  &lt;br&gt;             
                    articleDE : https://de.wikipedia.org/wiki/Eiskellerberg_(D%C3%BCsseldorf) &lt;br&gt;              
                    wikidata_link : http://www.wikidata.org/entity/Q19962276</description>
                <styleUrl>#33</styleUrl>
                <Point id="820">
                    <coordinates>6.77536,51.23018,0.0</coordinates>
                </Point>
            </Placemark>
            <Placemark id="823">
                <name>Q19286899</name>
                <description>                    category  : umbrella organization &lt;br&gt;   
                    sitelinks : 2.0 &lt;br&gt;   
                    articleEN :  &lt;br&gt;             
                    articleDE : https://de.wikipedia.org/wiki/Johannes-Rau-Forschungsgemeinschaft &lt;br&gt;              
                    wikidata_link : http://www.wikidata.org/entity/Q19286899</description>
                <styleUrl>#33</styleUrl>
                <Point id="822">
                    <coordinates>6.77134,51.20927,0.0</coordinates>
                </Point>
            </Placemark>
            <Placemark id="825">
                <name>Tzaphon</name>
                <description>                    category  : sculpture &lt;br&gt;   
                    sitelinks : 2.0 &lt;br&gt;   
                    articleEN :  &lt;br&gt;             
                    articleDE : https://de.wikipedia.org/wiki/Tzaphon &lt;br&gt;              
                    wikidata_link : http://www.wikidata.org/entity/Q18844902</description>
                <styleUrl>#33</styleUrl>
                <Point id="824">
                    <coordinates>6.76370882,51.218143,0.0</coordinates>
                </Point>
            </Placemark>
            <Placemark id="827">
                <name>Innenstadt</name>
                <description>                    category  : Ortsteil &lt;br&gt;   
                    sitelinks : 2.0 &lt;br&gt;   
                    articleEN :  &lt;br&gt;             
                    articleDE : https://de.wikipedia.org/wiki/Innenstadt_(Neuss) &lt;br&gt;              
                    wikidata_link : http://www.wikidata.org/entity/Q18625977</description>
                <styleUrl>#33</styleUrl>
                <Point id="826">
                    <coordinates>6.691389,51.198611,0.0</coordinates>
                </Point>
            </Placemark>
            <Placemark id="829">
                <name>Haus Rheinpark</name>
                <description>                    category  : building &lt;br&gt;   
                    sitelinks : 2.0 &lt;br&gt;   
                    articleEN :  &lt;br&gt;             
                    articleDE : https://de.wikipedia.org/wiki/Haus_Rheinpark &lt;br&gt;              
                    wikidata_link : http://www.wikidata.org/entity/Q18625281</description>
                <styleUrl>#33</styleUrl>
                <Point id="828">
                    <coordinates>6.764758,51.2495,0.0</coordinates>
                </Point>
            </Placemark>
            <Placemark id="831">
                <name>Gasthaus zur Krone</name>
                <description>                    category  : Gasthaus &lt;br&gt;   
                    sitelinks : 2.0 &lt;br&gt;   
                    articleEN :  &lt;br&gt;             
                    articleDE : https://de.wikipedia.org/wiki/Gasthaus_zur_Krone_(Hilden) &lt;br&gt;              
                    wikidata_link : http://www.wikidata.org/entity/Q18624410</description>
                <styleUrl>#33</styleUrl>
                <Point id="830">
                    <coordinates>6.938427,51.168933,0.0</coordinates>
                </Point>
            </Placemark>
            <Placemark id="833">
                <name>Rheinfähre Langst-Kaiserswerth</name>
                <description>                    category  : car ferry &lt;br&gt;   
                    sitelinks : 2.0 &lt;br&gt;   
                    articleEN :  &lt;br&gt;             
                    articleDE : https://de.wikipedia.org/wiki/Rheinf%C3%A4hre_Langst%E2%80%93Kaiserswerth &lt;br&gt;              
                    wikidata_link : http://www.wikidata.org/entity/Q18412606</description>
                <styleUrl>#33</styleUrl>
                <Point id="832">
                    <coordinates>6.726614,51.29778,0.0</coordinates>
                </Point>
            </Placemark>
            <Placemark id="835">
                <name>Ratingen Mitte</name>
                <description>                    category  : tram stop &lt;br&gt;   
                    sitelinks : 2.0 &lt;br&gt;   
                    articleEN :  &lt;br&gt;             
                    articleDE : https://de.wikipedia.org/wiki/Stadtbahnhaltestelle_Ratingen_Mitte &lt;br&gt;              
                    wikidata_link : http://www.wikidata.org/entity/Q18333211</description>
                <styleUrl>#33</styleUrl>
                <Point id="834">
                    <coordinates>6.846041,51.294918,0.0</coordinates>
                </Point>
            </Placemark>
            <Placemark id="837">
                <name>Gymnasium Marienberg</name>
                <description>                    category  : gymnasium &lt;br&gt;   
                    sitelinks : 2.0 &lt;br&gt;   
                    articleEN :  &lt;br&gt;             
                    articleDE : https://de.wikipedia.org/wiki/Gymnasium_Marienberg_(Neuss) &lt;br&gt;              
                    wikidata_link : http://www.wikidata.org/entity/Q17575196</description>
                <styleUrl>#33</styleUrl>
                <Point id="836">
                    <coordinates>6.69272089,51.20082474,0.0</coordinates>
                </Point>
            </Placemark>
            <Placemark id="839">
                <name>Stadtgraben</name>
                <description>                    category  : lake &lt;br&gt;   
                    sitelinks : 2.0 &lt;br&gt;   
                    articleEN :  &lt;br&gt;             
                    articleDE : https://de.wikipedia.org/wiki/Stadtgraben_(D%C3%BCsseldorf) &lt;br&gt;              
                    wikidata_link : http://www.wikidata.org/entity/Q17493673</description>
                <styleUrl>#33</styleUrl>
                <Point id="838">
                    <coordinates>6.778838,51.222755,0.0</coordinates>
                </Point>
            </Placemark>
            <Placemark id="841">
                <name>Schwanenspiegel</name>
                <description>                    category  : lake &lt;br&gt;   
                    sitelinks : 2.0 &lt;br&gt;   
                    articleEN :  &lt;br&gt;             
                    articleDE : https://de.wikipedia.org/wiki/Schwanenspiegel &lt;br&gt;              
                    wikidata_link : http://www.wikidata.org/entity/Q17354071</description>
                <styleUrl>#33</styleUrl>
                <Point id="840">
                    <coordinates>6.773454,51.218409,0.0</coordinates>
                </Point>
            </Placemark>
            <Placemark id="843">
                <name>Q17353728</name>
                <description>                    category  : lake &lt;br&gt;   
                    sitelinks : 2.0 &lt;br&gt;   
                    articleEN :  &lt;br&gt;             
                    articleDE : https://de.wikipedia.org/wiki/Kaarster_See &lt;br&gt;              
                    wikidata_link : http://www.wikidata.org/entity/Q17353728</description>
                <styleUrl>#33</styleUrl>
                <Point id="842">
                    <coordinates>6.57499981,51.23055649,0.0</coordinates>
                </Point>
            </Placemark>
            <Placemark id="845">
                <name>Kaiserteich</name>
                <description>                    category  : lake &lt;br&gt;   
                    sitelinks : 2.0 &lt;br&gt;   
                    articleEN :  &lt;br&gt;             
                    articleDE : https://de.wikipedia.org/wiki/Kaiserteich &lt;br&gt;              
                    wikidata_link : http://www.wikidata.org/entity/Q17353731</description>
                <styleUrl>#33</styleUrl>
                <Point id="844">
                    <coordinates>6.773917,51.217306,0.0</coordinates>
                </Point>
            </Placemark>
            <Placemark id="847">
                <name>Wilhelm-Heinrich-Riehl-Kolleg</name>
                <description>                    category  : private school &lt;br&gt;   
                    sitelinks : 2.0 &lt;br&gt;   
                    articleEN :  &lt;br&gt;             
                    articleDE : https://de.wikipedia.org/wiki/Wilhelm-Heinrich-Riehl-Kolleg &lt;br&gt;              
                    wikidata_link : http://www.wikidata.org/entity/Q17326980</description>
                <styleUrl>#33</styleUrl>
                <Point id="846">
                    <coordinates>6.8348754,51.206516,0.0</coordinates>
                </Point>
            </Placemark>
            <Placemark id="849">
                <name>Stadterhebungsmonument</name>
                <description>                    category  : sculpture &lt;br&gt;   
                    sitelinks : 2.0 &lt;br&gt;   
                    articleEN :  &lt;br&gt;             
                    articleDE : https://de.wikipedia.org/wiki/Stadterhebungsmonument &lt;br&gt;              
                    wikidata_link : http://www.wikidata.org/entity/Q17326367</description>
                <styleUrl>#33</styleUrl>
                <Point id="848">
                    <coordinates>6.771907,51.227508,0.0</coordinates>
                </Point>
            </Placemark>
            <Placemark id="851">
                <name>St. Franziskus Xaverius</name>
                <description>                    category  : church building &lt;br&gt;   
                    sitelinks : 2.0 &lt;br&gt;   
                    articleEN :  &lt;br&gt;             
                    articleDE : https://de.wikipedia.org/wiki/St._Franziskus_Xaverius_(D%C3%BCsseldorf) &lt;br&gt;              
                    wikidata_link : http://www.wikidata.org/entity/Q2318262</description>
                <styleUrl>#33</styleUrl>
                <Point id="850">
                    <coordinates>6.8034,51.251,0.0</coordinates>
                </Point>
            </Placemark>
            <Placemark id="853">
                <name>St. Dionysius</name>
                <description>                    category  : church building &lt;br&gt;   
                    sitelinks : 2.0 &lt;br&gt;   
                    articleEN :  &lt;br&gt;             
                    articleDE : https://de.wikipedia.org/wiki/St._Dionysius_(D%C3%BCsseldorf) &lt;br&gt;              
                    wikidata_link : http://www.wikidata.org/entity/Q2317994</description>
                <styleUrl>#33</styleUrl>
                <Point id="852">
                    <coordinates>6.76493,51.1851,0.0</coordinates>
                </Point>
            </Placemark>
            <Placemark id="855">
                <name>St. Dionysius</name>
                <description>                    category  : church building &lt;br&gt;   
                    sitelinks : 2.0 &lt;br&gt;   
                    articleEN :  &lt;br&gt;             
                    articleDE : https://de.wikipedia.org/wiki/St._Dionysius_(Baumberg) &lt;br&gt;              
                    wikidata_link : http://www.wikidata.org/entity/Q2317977</description>
                <styleUrl>#33</styleUrl>
                <Point id="854">
                    <coordinates>6.89036,51.1151,0.0</coordinates>
                </Point>
            </Placemark>
            <Placemark id="857">
                <name>St. Cecilia</name>
                <description>                    category  : church building &lt;br&gt;   
                    sitelinks : 2.0 &lt;br&gt;   
                    articleEN :  &lt;br&gt;             
                    articleDE : https://de.wikipedia.org/wiki/St._C%C3%A4cilia_(D%C3%BCsseldorf-Hubbelrath) &lt;br&gt;              
                    wikidata_link : http://www.wikidata.org/entity/Q2317953</description>
                <styleUrl>#33</styleUrl>
                <Point id="856">
                    <coordinates>6.90966,51.257,0.0</coordinates>
                </Point>
            </Placemark>
            <Placemark id="859">
                <name>St. Bruno</name>
                <description>                    category  : church building &lt;br&gt;   
                    sitelinks : 2.0 &lt;br&gt;   
                    articleEN :  &lt;br&gt;             
                    articleDE : https://de.wikipedia.org/wiki/St._Bruno_(D%C3%BCsseldorf) &lt;br&gt;              
                    wikidata_link : http://www.wikidata.org/entity/Q2317707</description>
                <styleUrl>#33</styleUrl>
                <Point id="858">
                    <coordinates>6.7755,51.2661,0.0</coordinates>
                </Point>
            </Placemark>
            <Placemark id="861">
                <name>St. Benedict</name>
                <description>                    category  : church building &lt;br&gt;   
                    sitelinks : 2.0 &lt;br&gt;   
                    articleEN :  &lt;br&gt;             
                    articleDE : https://de.wikipedia.org/wiki/St._Benediktus_(D%C3%BCsseldorf-Heerdt) &lt;br&gt;              
                    wikidata_link : http://www.wikidata.org/entity/Q2317536</description>
                <styleUrl>#33</styleUrl>
                <Point id="860">
                    <coordinates>6.72181,51.2318,0.0</coordinates>
                </Point>
            </Placemark>
            <Placemark id="863">
                <name>St. Anthony</name>
                <description>                    category  : church building &lt;br&gt;   
                    sitelinks : 2.0 &lt;br&gt;   
                    articleEN :  &lt;br&gt;             
                    articleDE : https://de.wikipedia.org/wiki/St._Antonius_(D%C3%BCsseldorf-Stadtmitte) &lt;br&gt;              
                    wikidata_link : http://www.wikidata.org/entity/Q2317257</description>
                <styleUrl>#33</styleUrl>
                <Point id="862">
                    <coordinates>6.78823,51.2242,0.0</coordinates>
                </Point>
            </Placemark>
            <Placemark id="865">
                <name>St. Anna</name>
                <description>                    category  : church building &lt;br&gt;   
                    sitelinks : 2.0 &lt;br&gt;   
                    articleEN :  &lt;br&gt;             
                    articleDE : https://de.wikipedia.org/wiki/St._Anna_(D%C3%BCsseldorf) &lt;br&gt;              
                    wikidata_link : http://www.wikidata.org/entity/Q2317086</description>
                <styleUrl>#33</styleUrl>
                <Point id="864">
                    <coordinates>6.75396,51.2382,0.0</coordinates>
                </Point>
            </Placemark>
            <Placemark id="867">
                <name>St. Albertus Magnus</name>
                <description>                    category  : church building &lt;br&gt;   
                    sitelinks : 2.0 &lt;br&gt;   
                    articleEN :  &lt;br&gt;             
                    articleDE : https://de.wikipedia.org/wiki/St._Albertus_Magnus_(D%C3%BCsseldorf) &lt;br&gt;              
                    wikidata_link : http://www.wikidata.org/entity/Q2316905</description>
                <styleUrl>#33</styleUrl>
                <Point id="866">
                    <coordinates>6.76706,51.2488,0.0</coordinates>
                </Point>
            </Placemark>
            <Placemark id="869">
                <name>St. Agnes</name>
                <description>                    category  : church building &lt;br&gt;   
                    sitelinks : 2.0 &lt;br&gt;   
                    articleEN :  &lt;br&gt;             
                    articleDE : https://de.wikipedia.org/wiki/St._Agnes_(Angermund) &lt;br&gt;              
                    wikidata_link : http://www.wikidata.org/entity/Q2316885</description>
                <styleUrl>#33</styleUrl>
                <Point id="868">
                    <coordinates>6.79297,51.3316,0.0</coordinates>
                </Point>
            </Placemark>
            <Placemark id="871">
                <name>St.-Ursula-Gymnasium</name>
                <description>                    category  : Gymnasium in Germany &lt;br&gt;   
                    sitelinks : 2.0 &lt;br&gt;   
                    articleEN :  &lt;br&gt;             
                    articleDE : https://de.wikipedia.org/wiki/St.-Ursula-Gymnasium_(D%C3%BCsseldorf) &lt;br&gt;              
                    wikidata_link : http://www.wikidata.org/entity/Q2316777</description>
                <styleUrl>#33</styleUrl>
                <Point id="870">
                    <coordinates>6.77305,51.2301,0.0</coordinates>
                </Point>
            </Placemark>
            <Placemark id="873">
                <name>Naturschutzgebiet &quot;Die Spey&quot;</name>
                <description>                    category  : group &lt;br&gt;   
                    sitelinks : 2.0 &lt;br&gt;   
                    articleEN :  &lt;br&gt;             
                    articleDE : https://de.wikipedia.org/wiki/Spey_(Naturschutzgebiet) &lt;br&gt;              
                    wikidata_link : http://www.wikidata.org/entity/Q2309397</description>
                <styleUrl>#33</styleUrl>
                <Point id="872">
                    <coordinates>6.70432,51.3335,0.0</coordinates>
                </Point>
            </Placemark>
            <Placemark id="875">
                <name>Sky Office Tower</name>
                <description>                    category  : architectural structure &lt;br&gt;   
                    sitelinks : 2.0 &lt;br&gt;   
                    articleEN :  &lt;br&gt;             
                    articleDE : https://de.wikipedia.org/wiki/Sky_Office_(D%C3%BCsseldorf) &lt;br&gt;              
                    wikidata_link : http://www.wikidata.org/entity/Q2293216</description>
                <styleUrl>#33</styleUrl>
                <Point id="874">
                    <coordinates>6.77083,51.2469,0.0</coordinates>
                </Point>
            </Placemark>
            <Placemark id="877">
                <name>Duisburg-Serm</name>
                <description>                    category  : Ortsteil &lt;br&gt;   
                    sitelinks : 2.0 &lt;br&gt;   
                    articleEN :  &lt;br&gt;             
                    articleDE : https://de.wikipedia.org/wiki/Serm_(Duisburg) &lt;br&gt;              
                    wikidata_link : http://www.wikidata.org/entity/Q2273757</description>
                <styleUrl>#33</styleUrl>
                <Point id="876">
                    <coordinates>6.71167,51.3492,0.0</coordinates>
                </Point>
            </Placemark>
            <Placemark id="879">
                <name>Selikum</name>
                <description>                    category  : Ortsteil &lt;br&gt;   
                    sitelinks : 2.0 &lt;br&gt;   
                    articleEN :  &lt;br&gt;             
                    articleDE : https://de.wikipedia.org/wiki/Selikum &lt;br&gt;              
                    wikidata_link : http://www.wikidata.org/entity/Q2268305</description>
                <styleUrl>#33</styleUrl>
                <Point id="878">
                    <coordinates>6.70381,51.1731,0.0</coordinates>
                </Point>
            </Placemark>
            <Placemark id="881">
                <name>Eller</name>
                <description>                    category  : château &lt;br&gt;   
                    sitelinks : 2.0 &lt;br&gt;   
                    articleEN :  &lt;br&gt;             
                    articleDE : https://de.wikipedia.org/wiki/Schloss_Eller &lt;br&gt;              
                    wikidata_link : http://www.wikidata.org/entity/Q2240804</description>
                <styleUrl>#33</styleUrl>
                <Point id="880">
                    <coordinates>6.84944,51.1953,0.0</coordinates>
                </Point>
            </Placemark>
            <Placemark id="883">
                <name>Schlicherum</name>
                <description>                    category  : Ortsteil &lt;br&gt;   
                    sitelinks : 2.0 &lt;br&gt;   
                    articleEN :  &lt;br&gt;             
                    articleDE : https://de.wikipedia.org/wiki/Schlicherum &lt;br&gt;              
                    wikidata_link : http://www.wikidata.org/entity/Q2239579</description>
                <styleUrl>#33</styleUrl>
                <Point id="882">
                    <coordinates>6.72235,51.1439,0.0</coordinates>
                </Point>
            </Placemark>
            <Placemark id="885">
                <name>Düsseldorf, Schadowstraße 47</name>
                <description>                    category  : architectural structure &lt;br&gt;   
                    sitelinks : 2.0 &lt;br&gt;   
                    articleEN :  &lt;br&gt;             
                    articleDE : https://de.wikipedia.org/wiki/Schadowstra%C3%9Fe_47 &lt;br&gt;              
                    wikidata_link : http://www.wikidata.org/entity/Q2229920</description>
                <styleUrl>#33</styleUrl>
                <Point id="884">
                    <coordinates>6.78384,51.2267,0.0</coordinates>
                </Point>
            </Placemark>
            <Placemark id="887">
                <name>Schadowstraße 36</name>
                <description>                    category  : building &lt;br&gt;   
                    sitelinks : 2.0 &lt;br&gt;   
                    articleEN :  &lt;br&gt;             
                    articleDE : https://de.wikipedia.org/wiki/Schadowstra%C3%9Fe_36 &lt;br&gt;              
                    wikidata_link : http://www.wikidata.org/entity/Q2229916</description>
                <styleUrl>#33</styleUrl>
                <Point id="886">
                    <coordinates>6.78228,51.2261,0.0</coordinates>
                </Point>
            </Placemark>
            <Placemark id="889">
                <name>Schadowstraße 31-33, Peek &amp; Cloppenburg</name>
                <description>                    category  : department store &lt;br&gt;   
                    sitelinks : 2.0 &lt;br&gt;   
                    articleEN :  &lt;br&gt;             
                    articleDE : https://de.wikipedia.org/wiki/Schadowstra%C3%9Fe_31%E2%80%9333 &lt;br&gt;              
                    wikidata_link : http://www.wikidata.org/entity/Q2229913</description>
                <styleUrl>#33</styleUrl>
                <Point id="888">
                    <coordinates>6.78183,51.2261,0.0</coordinates>
                </Point>
            </Placemark>
            <Placemark id="891">
                <name>Sandmühle</name>
                <description>                    category  : watermill &lt;br&gt;   
                    sitelinks : 2.0 &lt;br&gt;   
                    articleEN :  &lt;br&gt;             
                    articleDE : https://de.wikipedia.org/wiki/Sandm%C3%BChle_(Duisburg) &lt;br&gt;              
                    wikidata_link : http://www.wikidata.org/entity/Q2220898</description>
                <styleUrl>#33</styleUrl>
                <Point id="890">
                    <coordinates>6.74468,51.355,0.0</coordinates>
                </Point>
            </Placemark>
            <Placemark id="893">
                <name>Kloster Gnadental</name>
                <description>                    category  : religious community &lt;br&gt;   
                    sitelinks : 2.0 &lt;br&gt;   
                    articleEN :  &lt;br&gt;             
                    articleDE : https://de.wikipedia.org/wiki/Kloster_Gnadental_(Neuss) &lt;br&gt;              
                    wikidata_link : http://www.wikidata.org/entity/Q1775268</description>
                <styleUrl>#33</styleUrl>
                <Point id="892">
                    <coordinates>6.71517,51.1726,0.0</coordinates>
                </Point>
            </Placemark>
            <Placemark id="895">
                <name>Radschlägerbrunnen</name>
                <description>                    category  : water well &lt;br&gt;   
                    sitelinks : 2.0 &lt;br&gt;   
                    articleEN :  &lt;br&gt;             
                    articleDE : https://de.wikipedia.org/wiki/Radschl%C3%A4gerbrunnen &lt;br&gt;              
                    wikidata_link : http://www.wikidata.org/entity/Q1720633</description>
                <styleUrl>#33</styleUrl>
                <Point id="894">
                    <coordinates>6.77138,51.2269,0.0</coordinates>
                </Point>
            </Placemark>
            <Placemark id="897">
                <name>Haus Roland</name>
                <description>                    category  : manor house &lt;br&gt;   
                    sitelinks : 2.0 &lt;br&gt;   
                    articleEN :  &lt;br&gt;             
                    articleDE : https://de.wikipedia.org/wiki/Haus_Roland &lt;br&gt;              
                    wikidata_link : http://www.wikidata.org/entity/Q73664341</description>
                <styleUrl>#33</styleUrl>
                <Point id="896">
                    <coordinates>6.8490555555556,51.256944444444,0.0</coordinates>
                </Point>
            </Placemark>
            <Placemark id="899">
                <name>Q73295628</name>
                <description>                    category  : synagogue &lt;br&gt;   
                    sitelinks : 2.0 &lt;br&gt;   
                    articleEN :  &lt;br&gt;             
                    articleDE : https://de.wikipedia.org/wiki/Alte_Synagoge_(Neuss) &lt;br&gt;              
                    wikidata_link : http://www.wikidata.org/entity/Q73295628</description>
                <styleUrl>#33</styleUrl>
                <Point id="898">
                    <coordinates>6.6913,51.19677,0.0</coordinates>
                </Point>
            </Placemark>
            <Placemark id="901">
                <name>Pungshaus</name>
                <description>                    category  : architectural structure &lt;br&gt;   
                    sitelinks : 2.0 &lt;br&gt;   
                    articleEN :  &lt;br&gt;             
                    articleDE : https://de.wikipedia.org/wiki/Pungshaus &lt;br&gt;              
                    wikidata_link : http://www.wikidata.org/entity/Q65095539</description>
                <styleUrl>#33</styleUrl>
                <Point id="900">
                    <coordinates>6.95027,51.16599,0.0</coordinates>
                </Point>
            </Placemark>
            <Placemark id="903">
                <name>The Living Bridge</name>
                <description>                    category  : footbridge &lt;br&gt;   
                    sitelinks : 2.0 &lt;br&gt;   
                    articleEN :  &lt;br&gt;             
                    articleDE : https://de.wikipedia.org/wiki/The_Living_Bridge &lt;br&gt;              
                    wikidata_link : http://www.wikidata.org/entity/Q64682359</description>
                <styleUrl>#33</styleUrl>
                <Point id="902">
                    <coordinates>6.75355,51.215803,0.0</coordinates>
                </Point>
            </Placemark>
            <Placemark id="905">
                <name>Theodor-Flieder-Gymnasium</name>
                <description>                    category  : Gymnasium in Germany &lt;br&gt;   
                    sitelinks : 2.0 &lt;br&gt;   
                    articleEN :  &lt;br&gt;             
                    articleDE : https://de.wikipedia.org/wiki/Theodor-Fliedner-Gymnasium &lt;br&gt;              
                    wikidata_link : http://www.wikidata.org/entity/Q64027384</description>
                <styleUrl>#33</styleUrl>
                <Point id="904">
                    <coordinates>6.7463888888889,51.305555555556,0.0</coordinates>
                </Point>
            </Placemark>
            <Placemark id="907">
                <name>Rheinische Fachhochschule Neuss</name>
                <description>                    category  : university of applied sciences &lt;br&gt;   
                    sitelinks : 2.0 &lt;br&gt;   
                    articleEN :  &lt;br&gt;             
                    articleDE : https://de.wikipedia.org/wiki/Rheinische_Fachhochschule_Neuss &lt;br&gt;              
                    wikidata_link : http://www.wikidata.org/entity/Q1447117</description>
                <styleUrl>#33</styleUrl>
                <Point id="906">
                    <coordinates>6.69349,51.198,0.0</coordinates>
                </Point>
            </Placemark>
            <Placemark id="909">
                <name>Franz-von-Sales-Kirche</name>
                <description>                    category  : church building &lt;br&gt;   
                    sitelinks : 2.0 &lt;br&gt;   
                    articleEN :  &lt;br&gt;             
                    articleDE : https://de.wikipedia.org/wiki/Franz-von-Sales-Kirche_(D%C3%BCsseldorf) &lt;br&gt;              
                    wikidata_link : http://www.wikidata.org/entity/Q1445934</description>
                <styleUrl>#33</styleUrl>
                <Point id="908">
                    <coordinates>6.81146,51.1979,0.0</coordinates>
                </Point>
            </Placemark>
            <Placemark id="911">
                <name>Stadtkirche Kaiserswerth</name>
                <description>                    category  : church building &lt;br&gt;   
                    sitelinks : 2.0 &lt;br&gt;   
                    articleEN :  &lt;br&gt;             
                    articleDE : https://de.wikipedia.org/wiki/Stadtkirche_Kaiserswerth &lt;br&gt;              
                    wikidata_link : http://www.wikidata.org/entity/Q1435722</description>
                <styleUrl>#33</styleUrl>
                <Point id="910">
                    <coordinates>6.73599,51.3025,0.0</coordinates>
                </Point>
            </Placemark>
            <Placemark id="913">
                <name>Statthalterpalais</name>
                <description>                    category  : destroyed building or structure &lt;br&gt;   
                    sitelinks : 2.0 &lt;br&gt;   
                    articleEN :  &lt;br&gt;             
                    articleDE : https://de.wikipedia.org/wiki/Statthalterpalais &lt;br&gt;              
                    wikidata_link : http://www.wikidata.org/entity/Q1434795</description>
                <styleUrl>#33</styleUrl>
                <Point id="912">
                    <coordinates>6.77439,51.2279,0.0</coordinates>
                </Point>
            </Placemark>
            <Placemark id="915">
                <name>Florapark</name>
                <description>                    category  : park &lt;br&gt;   
                    sitelinks : 2.0 &lt;br&gt;   
                    articleEN :  &lt;br&gt;             
                    articleDE : https://de.wikipedia.org/wiki/Florapark_D%C3%BCsseldorf &lt;br&gt;              
                    wikidata_link : http://www.wikidata.org/entity/Q1429328</description>
                <styleUrl>#33</styleUrl>
                <Point id="914">
                    <coordinates>6.77259,51.2099,0.0</coordinates>
                </Point>
            </Placemark>
            <Placemark id="917">
                <name>Flinger Straße 8</name>
                <description>                    category  : building &lt;br&gt;   
                    sitelinks : 2.0 &lt;br&gt;   
                    articleEN :  &lt;br&gt;             
                    articleDE : https://de.wikipedia.org/wiki/Flinger_Stra%C3%9Fe_8 &lt;br&gt;              
                    wikidata_link : http://www.wikidata.org/entity/Q1428804</description>
                <styleUrl>#33</styleUrl>
                <Point id="916">
                    <coordinates>6.77304,51.2252,0.0</coordinates>
                </Point>
            </Placemark>
            <Placemark id="919">
                <name>Flinger Straße 22/26, Düsseldorf</name>
                <description>                    category  : destroyed building or structure &lt;br&gt;   
                    sitelinks : 2.0 &lt;br&gt;   
                    articleEN :  &lt;br&gt;             
                    articleDE : https://de.wikipedia.org/wiki/Flinger_Stra%C3%9Fe_22%E2%80%9326 &lt;br&gt;              
                    wikidata_link : http://www.wikidata.org/entity/Q1428802</description>
                <styleUrl>#33</styleUrl>
                <Point id="918">
                    <coordinates>6.77358,51.2253,0.0</coordinates>
                </Point>
            </Placemark>
            <Placemark id="921">
                <name>Flinger Straße</name>
                <description>                    category  : street &lt;br&gt;   
                    sitelinks : 2.0 &lt;br&gt;   
                    articleEN :  &lt;br&gt;             
                    articleDE : https://de.wikipedia.org/wiki/Flinger_Stra%C3%9Fe &lt;br&gt;              
                    wikidata_link : http://www.wikidata.org/entity/Q1428799</description>
                <styleUrl>#33</styleUrl>
                <Point id="920">
                    <coordinates>6.77498,51.2254,0.0</coordinates>
                </Point>
            </Placemark>
            <Placemark id="923">
                <name>Verlagsgruppe Handelsblatt</name>
                <description>                    category  : publishing company &lt;br&gt;   
                    sitelinks : 2.0 &lt;br&gt;   
                    articleEN :  &lt;br&gt;             
                    articleDE : https://de.wikipedia.org/wiki/Handelsblatt_Media_Group &lt;br&gt;              
                    wikidata_link : http://www.wikidata.org/entity/Q1425068</description>
                <styleUrl>#33</styleUrl>
                <Point id="922">
                    <coordinates>6.7752222222222,51.220138888889,0.0</coordinates>
                </Point>
            </Placemark>
            <Placemark id="925">
                <name>St. Nikolaus</name>
                <description>                    category  : parish church &lt;br&gt;   
                    sitelinks : 2.0 &lt;br&gt;   
                    articleEN :  &lt;br&gt;             
                    articleDE : https://de.wikipedia.org/wiki/St._Nikolaus_(Osterath) &lt;br&gt;              
                    wikidata_link : http://www.wikidata.org/entity/Q1420202</description>
                <styleUrl>#33</styleUrl>
                <Point id="924">
                    <coordinates>6.61988,51.2693,0.0</coordinates>
                </Point>
            </Placemark>
            <Placemark id="927">
                <name>Fischerjungen-Brunnen</name>
                <description>                    category  : water well &lt;br&gt;   
                    sitelinks : 2.0 &lt;br&gt;   
                    articleEN :  &lt;br&gt;             
                    articleDE : https://de.wikipedia.org/wiki/Fischerjungen-Brunnen &lt;br&gt;              
                    wikidata_link : http://www.wikidata.org/entity/Q1420102</description>
                <styleUrl>#33</styleUrl>
                <Point id="926">
                    <coordinates>6.77178,51.2285,0.0</coordinates>
                </Point>
            </Placemark>
            <Placemark id="929">
                <name>Q1418580</name>
                <description>                    category  : residential building &lt;br&gt;   
                    sitelinks : 2.0 &lt;br&gt;   
                    articleEN :  &lt;br&gt;             
                    articleDE : https://de.wikipedia.org/wiki/M%C3%BCnsterpark &lt;br&gt;              
                    wikidata_link : http://www.wikidata.org/entity/Q1418580</description>
                <styleUrl>#33</styleUrl>
                <Point id="928">
                    <coordinates>6.78693,51.2461,0.0</coordinates>
                </Point>
            </Placemark>
            <Placemark id="931">
                <name>Finanzgericht Düsseldorf</name>
                <description>                    category  : Finance Court &lt;br&gt;   
                    sitelinks : 2.0 &lt;br&gt;   
                    articleEN :  &lt;br&gt;             
                    articleDE : https://de.wikipedia.org/wiki/Finanzgericht_D%C3%BCsseldorf &lt;br&gt;              
                    wikidata_link : http://www.wikidata.org/entity/Q1416337</description>
                <styleUrl>#33</styleUrl>
                <Point id="930">
                    <coordinates>6.79665,51.2202,0.0</coordinates>
                </Point>
            </Placemark>
            <Placemark id="933">
                <name>Filmmuseum Düsseldorf</name>
                <description>                    category  : film museum &lt;br&gt;   
                    sitelinks : 2.0 &lt;br&gt;   
                    articleEN :  &lt;br&gt;             
                    articleDE : https://de.wikipedia.org/wiki/Filmmuseum_D%C3%BCsseldorf &lt;br&gt;              
                    wikidata_link : http://www.wikidata.org/entity/Q1415137</description>
                <styleUrl>#33</styleUrl>
                <Point id="932">
                    <coordinates>6.77043,51.2241,0.0</coordinates>
                </Point>
            </Placemark>
            <Placemark id="935">
                <name>Geschwister-Scholl-Gymnasium Düsseldorf</name>
                <description>                    category  : gymnasium &lt;br&gt;   
                    sitelinks : 2.0 &lt;br&gt;   
                    articleEN :  &lt;br&gt;             
                    articleDE : https://de.wikipedia.org/wiki/Geschwister-Scholl-Gymnasium_D%C3%BCsseldorf &lt;br&gt;              
                    wikidata_link : http://www.wikidata.org/entity/Q1414442</description>
                <styleUrl>#33</styleUrl>
                <Point id="934">
                    <coordinates>6.79211,51.2051,0.0</coordinates>
                </Point>
            </Placemark>
            <Placemark id="937">
                <name>Festum Fluxorum Fluxus</name>
                <description>                    category  : festival &lt;br&gt;   
                    sitelinks : 2.0 &lt;br&gt;   
                    articleEN :  &lt;br&gt;             
                    articleDE : https://de.wikipedia.org/wiki/Festum_Fluxorum_Fluxus &lt;br&gt;              
                    wikidata_link : http://www.wikidata.org/entity/Q1408831</description>
                <styleUrl>#33</styleUrl>
                <Point id="936">
                    <coordinates>6.77365111,51.23053806,0.0</coordinates>
                </Point>
            </Placemark>
            <Placemark id="939">
                <name>Q1400490</name>
                <description>                    category  : office building &lt;br&gt;   
                    sitelinks : 2.0 &lt;br&gt;   
                    articleEN :  &lt;br&gt;             
                    articleDE : https://de.wikipedia.org/wiki/Stummhaus &lt;br&gt;              
                    wikidata_link : http://www.wikidata.org/entity/Q1400490</description>
                <styleUrl>#33</styleUrl>
                <Point id="938">
                    <coordinates>6.77671,51.2203,0.0</coordinates>
                </Point>
            </Placemark>
            <Placemark id="941">
                <name>Osterather Windmühle</name>
                <description>                    category  : windmill &lt;br&gt;   
                    sitelinks : 2.0 &lt;br&gt;   
                    articleEN :  &lt;br&gt;             
                    articleDE : https://de.wikipedia.org/wiki/Osterather_Windm%C3%BChle &lt;br&gt;              
                    wikidata_link : http://www.wikidata.org/entity/Q1399763</description>
                <styleUrl>#33</styleUrl>
                <Point id="940">
                    <coordinates>6.60892,51.2677,0.0</coordinates>
                </Point>
            </Placemark>
            <Placemark id="943">
                <name>Maxhaus</name>
                <description>                    category  : architectural structure &lt;br&gt;   
                    sitelinks : 2.0 &lt;br&gt;   
                    articleEN :  &lt;br&gt;             
                    articleDE : https://de.wikipedia.org/wiki/Maxhaus &lt;br&gt;              
                    wikidata_link : http://www.wikidata.org/entity/Q1395308</description>
                <styleUrl>#33</styleUrl>
                <Point id="942">
                    <coordinates>6.77117,51.2234,0.0</coordinates>
                </Point>
            </Placemark>
            <Placemark id="945">
                <name>St. Mariä Himmelfahrt</name>
                <description>                    category  : church building &lt;br&gt;   
                    sitelinks : 2.0 &lt;br&gt;   
                    articleEN :  &lt;br&gt;             
                    articleDE : https://de.wikipedia.org/wiki/St._Mari%C3%A4_Himmelfahrt_(D%C3%BCsseldorf-Lohausen) &lt;br&gt;              
                    wikidata_link : http://www.wikidata.org/entity/Q1391472</description>
                <styleUrl>#33</styleUrl>
                <Point id="944">
                    <coordinates>6.73608,51.275,0.0</coordinates>
                </Point>
            </Placemark>
            <Placemark id="947">
                <name>Evangelische Kirche Erkrath</name>
                <description>                    category  : church building &lt;br&gt;   
                    sitelinks : 2.0 &lt;br&gt;   
                    articleEN :  &lt;br&gt;             
                    articleDE : https://de.wikipedia.org/wiki/Evangelische_Kirche_Erkrath &lt;br&gt;              
                    wikidata_link : http://www.wikidata.org/entity/Q1380693</description>
                <styleUrl>#33</styleUrl>
                <Point id="946">
                    <coordinates>6.9117,51.2215,0.0</coordinates>
                </Point>
            </Placemark>
            <Placemark id="949">
                <name>St. Maria unter dem Kreuz</name>
                <description>                    category  : church building &lt;br&gt;   
                    sitelinks : 2.0 &lt;br&gt;   
                    articleEN :  &lt;br&gt;             
                    articleDE : https://de.wikipedia.org/wiki/St._Maria_unter_dem_Kreuz &lt;br&gt;              
                    wikidata_link : http://www.wikidata.org/entity/Q1378300</description>
                <styleUrl>#33</styleUrl>
                <Point id="948">
                    <coordinates>6.79222,51.274,0.0</coordinates>
                </Point>
            </Placemark>
            <Placemark id="951">
                <name>Berufskolleg Neandertal</name>
                <description>                    category  : vocational school (Germany) &lt;br&gt;   
                    sitelinks : 2.0 &lt;br&gt;   
                    articleEN :  &lt;br&gt;             
                    articleDE : https://de.wikipedia.org/wiki/Berufskolleg_Neandertal &lt;br&gt;              
                    wikidata_link : http://www.wikidata.org/entity/Q828985</description>
                <styleUrl>#33</styleUrl>
                <Point id="950">
                    <coordinates>6.98495,51.2503,0.0</coordinates>
                </Point>
            </Placemark>
            <Placemark id="953">
                <name>Bertha von Suttner square</name>
                <description>                    category  : square &lt;br&gt;   
                    sitelinks : 2.0 &lt;br&gt;   
                    articleEN :  &lt;br&gt;             
                    articleDE : https://de.wikipedia.org/wiki/Bertha-von-Suttner-Platz_(D%C3%BCsseldorf) &lt;br&gt;              
                    wikidata_link : http://www.wikidata.org/entity/Q827672</description>
                <styleUrl>#33</styleUrl>
                <Point id="952">
                    <coordinates>6.79657,51.2192,0.0</coordinates>
                </Point>
            </Placemark>
            <Placemark id="955">
                <name>Berliner Allee</name>
                <description>                    category  : street &lt;br&gt;   
                    sitelinks : 2.0 &lt;br&gt;   
                    articleEN :  &lt;br&gt;             
                    articleDE : https://de.wikipedia.org/wiki/Berliner_Allee_(D%C3%BCsseldorf) &lt;br&gt;              
                    wikidata_link : http://www.wikidata.org/entity/Q821390</description>
                <styleUrl>#33</styleUrl>
                <Point id="954">
                    <coordinates>6.78253,51.2223,0.0</coordinates>
                </Point>
            </Placemark>
            <Placemark id="957">
                <name>Berger Tor (Düsseldorf)</name>
                <description>                    category  : city gate &lt;br&gt;   
                    sitelinks : 2.0 &lt;br&gt;   
                    articleEN :  &lt;br&gt;             
                    articleDE : https://de.wikipedia.org/wiki/Berger_Tor &lt;br&gt;              
                    wikidata_link : http://www.wikidata.org/entity/Q819586</description>
                <styleUrl>#33</styleUrl>
                <Point id="956">
                    <coordinates>6.76944,51.2222,0.0</coordinates>
                </Point>
            </Placemark>
            <Placemark id="959">
                <name>Berger Straße 3, Düsseldorf</name>
                <description>                    category  : building &lt;br&gt;   
                    sitelinks : 2.0 &lt;br&gt;   
                    articleEN :  &lt;br&gt;             
                    articleDE : https://de.wikipedia.org/wiki/Berger_Stra%C3%9Fe_3_(D%C3%BCsseldorf) &lt;br&gt;              
                    wikidata_link : http://www.wikidata.org/entity/Q819583</description>
                <styleUrl>#33</styleUrl>
                <Point id="958">
                    <coordinates>6.77219,51.2248,0.0</coordinates>
                </Point>
            </Placemark>
            <Placemark id="961">
                <name>Berger Kirche</name>
                <description>                    category  : church building &lt;br&gt;   
                    sitelinks : 2.0 &lt;br&gt;   
                    articleEN :  &lt;br&gt;             
                    articleDE : https://de.wikipedia.org/wiki/Berger_Kirche_(D%C3%BCsseldorf) &lt;br&gt;              
                    wikidata_link : http://www.wikidata.org/entity/Q819573</description>
                <styleUrl>#33</styleUrl>
                <Point id="960">
                    <coordinates>6.77328,51.2244,0.0</coordinates>
                </Point>
            </Placemark>
            <Placemark id="963">
                <name>Benders Marie</name>
                <description>                    category  : architectural structure &lt;br&gt;   
                    sitelinks : 2.0 &lt;br&gt;   
                    articleEN :  &lt;br&gt;             
                    articleDE : https://de.wikipedia.org/wiki/Benders_Marie &lt;br&gt;              
                    wikidata_link : http://www.wikidata.org/entity/Q816771</description>
                <styleUrl>#33</styleUrl>
                <Point id="962">
                    <coordinates>6.77443,51.2269,0.0</coordinates>
                </Point>
            </Placemark>
            <Placemark id="965">
                <name>Neuss City Library</name>
                <description>                    category  : municipal library &lt;br&gt;   
                    sitelinks : 2.0 &lt;br&gt;   
                    articleEN :  &lt;br&gt;             
                    articleDE : https://de.wikipedia.org/wiki/Stadtbibliothek_Neuss &lt;br&gt;              
                    wikidata_link : http://www.wikidata.org/entity/Q28686758</description>
                <styleUrl>#33</styleUrl>
                <Point id="964">
                    <coordinates>6.69142,51.20126,0.0</coordinates>
                </Point>
            </Placemark>
            <Placemark id="967">
                <name>Bilker Straße 15</name>
                <description>                    category  : building &lt;br&gt;   
                    sitelinks : 2.0 &lt;br&gt;   
                    articleEN :  &lt;br&gt;             
                    articleDE : https://de.wikipedia.org/wiki/Schumannhaus_D%C3%BCsseldorf &lt;br&gt;              
                    wikidata_link : http://www.wikidata.org/entity/Q28038644</description>
                <styleUrl>#33</styleUrl>
                <Point id="966">
                    <coordinates>6.772696,51.221864,0.0</coordinates>
                </Point>
            </Placemark>
            <Placemark id="969">
                <name>Kückeshaus</name>
                <description>                    category  : architectural structure &lt;br&gt;   
                    sitelinks : 2.0 &lt;br&gt;   
                    articleEN :  &lt;br&gt;             
                    articleDE : https://de.wikipedia.org/wiki/K%C3%BCckeshaus &lt;br&gt;              
                    wikidata_link : http://www.wikidata.org/entity/Q27649253</description>
                <styleUrl>#33</styleUrl>
                <Point id="968">
                    <coordinates>6.931788,51.168409,0.0</coordinates>
                </Point>
            </Placemark>
            <Placemark id="971">
                <name>Himmelgeister Rheinbogen</name>
                <description>                    category  : protected area &lt;br&gt;   
                    sitelinks : 2.0 &lt;br&gt;   
                    articleEN :  &lt;br&gt;             
                    articleDE : https://de.wikipedia.org/wiki/Naturschutzgebiet_Himmelgeister_Rheinbogen &lt;br&gt;              
                    wikidata_link : http://www.wikidata.org/entity/Q27506725</description>
                <styleUrl>#33</styleUrl>
                <Point id="970">
                    <coordinates>6.7986111111111,51.150833333333,0.0</coordinates>
                </Point>
            </Placemark>
            <Placemark id="973">
                <name>Flingern incinerator</name>
                <description>                    category  : incinerator &lt;br&gt;   
                    sitelinks : 2.0 &lt;br&gt;   
                    articleEN :  &lt;br&gt;             
                    articleDE : https://de.wikipedia.org/wiki/M%C3%BCllverbrennungsanlage_Flingern &lt;br&gt;              
                    wikidata_link : http://www.wikidata.org/entity/Q27478657</description>
                <styleUrl>#33</styleUrl>
                <Point id="972">
                    <coordinates>6.8230555555556,51.225,0.0</coordinates>
                </Point>
            </Placemark>
            <Placemark id="975">
                <name>Eller Forst</name>
                <description>                    category  : protected area &lt;br&gt;   
                    sitelinks : 2.0 &lt;br&gt;   
                    articleEN :  &lt;br&gt;             
                    articleDE : https://de.wikipedia.org/wiki/Naturschutzgebiet_Eller_Forst &lt;br&gt;              
                    wikidata_link : http://www.wikidata.org/entity/Q27244388</description>
                <styleUrl>#33</styleUrl>
                <Point id="974">
                    <coordinates>6.8755555555556,51.200833333333,0.0</coordinates>
                </Point>
            </Placemark>
            <Placemark id="977">
                <name>Silbersee</name>
                <description>                    category  : lake &lt;br&gt;   
                    sitelinks : 2.0 &lt;br&gt;   
                    articleEN :  &lt;br&gt;             
                    articleDE : https://de.wikipedia.org/wiki/Silbersee_(Neuss) &lt;br&gt;              
                    wikidata_link : http://www.wikidata.org/entity/Q25392974</description>
                <styleUrl>#33</styleUrl>
                <Point id="976">
                    <coordinates>6.78583333,51.14611111,0.0</coordinates>
                </Point>
            </Placemark>
            <Placemark id="979">
                <name>Plange Mühle</name>
                <description>                    category  : business &lt;br&gt;   
                    sitelinks : 2.0 &lt;br&gt;   
                    articleEN :  &lt;br&gt;             
                    articleDE : https://de.wikipedia.org/wiki/Georg_Plange_Weizenm%C3%BChlen &lt;br&gt;              
                    wikidata_link : http://www.wikidata.org/entity/Q25291332</description>
                <styleUrl>#33</styleUrl>
                <Point id="978">
                    <coordinates>6.74875,51.21792,0.0</coordinates>
                </Point>
            </Placemark>
            <Placemark id="981">
                <name>Philippuskirche</name>
                <description>                    category  : church building &lt;br&gt;   
                    sitelinks : 2.0 &lt;br&gt;   
                    articleEN :  &lt;br&gt;             
                    articleDE : https://de.wikipedia.org/wiki/Philippuskirche_(D%C3%BCsseldorf) &lt;br&gt;              
                    wikidata_link : http://www.wikidata.org/entity/Q25089811</description>
                <styleUrl>#33</styleUrl>
                <Point id="980">
                    <coordinates>6.7287,51.24063,0.0</coordinates>
                </Point>
            </Placemark>
            <Placemark id="983">
                <name>Q25089662</name>
                <description>                    category  : chapel &lt;br&gt;   
                    sitelinks : 2.0 &lt;br&gt;   
                    articleEN :  &lt;br&gt;             
                    articleDE : https://de.wikipedia.org/wiki/Maternuskapelle_(Kleinenbroich) &lt;br&gt;              
                    wikidata_link : http://www.wikidata.org/entity/Q25089662</description>
                <styleUrl>#33</styleUrl>
                <Point id="982">
                    <coordinates>6.569544,51.199161,0.0</coordinates>
                </Point>
            </Placemark>
            <Placemark id="985">
                <name>Synagogen-Gedenkstein, Düsseldorf-Gerresheim</name>
                <description>                    category  : synagogue &lt;br&gt;   
                    sitelinks : 2.0 &lt;br&gt;   
                    articleEN :  &lt;br&gt;             
                    articleDE : https://de.wikipedia.org/wiki/Synagoge_(Gerresheim) &lt;br&gt;              
                    wikidata_link : http://www.wikidata.org/entity/Q24238307</description>
                <styleUrl>#33</styleUrl>
                <Point id="984">
                    <coordinates>6.8606,51.23531,0.0</coordinates>
                </Point>
            </Placemark>
            <Placemark id="987">
                <name>Stadtarchiv Neuss</name>
                <description>                    category  : municipal archive &lt;br&gt;   
                    sitelinks : 2.0 &lt;br&gt;   
                    articleEN :  &lt;br&gt;             
                    articleDE : https://de.wikipedia.org/wiki/Stadtarchiv_Neuss &lt;br&gt;              
                    wikidata_link : http://www.wikidata.org/entity/Q24074664</description>
                <styleUrl>#33</styleUrl>
                <Point id="986">
                    <coordinates>6.69764,51.1951,0.0</coordinates>
                </Point>
            </Placemark>
            <Placemark id="989">
                <name>Uedesheimer Rheinbogen</name>
                <description>                    category  : protected area &lt;br&gt;   
                    sitelinks : 2.0 &lt;br&gt;   
                    articleEN :  &lt;br&gt;             
                    articleDE : https://de.wikipedia.org/wiki/Uedesheimer_Rheinbogen &lt;br&gt;              
                    wikidata_link : http://www.wikidata.org/entity/Q24068651</description>
                <styleUrl>#33</styleUrl>
                <Point id="988">
                    <coordinates>6.7773805555556,51.183030555556,0.0</coordinates>
                </Point>
            </Placemark>
            <Placemark id="991">
                <name>Zeughaus</name>
                <description>                    category  : architectural structure &lt;br&gt;   
                    sitelinks : 2.0 &lt;br&gt;   
                    articleEN :  &lt;br&gt;             
                    articleDE : https://de.wikipedia.org/wiki/Zeughaus_(Neuss) &lt;br&gt;              
                    wikidata_link : http://www.wikidata.org/entity/Q24052948</description>
                <styleUrl>#33</styleUrl>
                <Point id="990">
                    <coordinates>6.69465,51.19852,0.0</coordinates>
                </Point>
            </Placemark>
            <Placemark id="993">
                <name>Jesuitenturm</name>
                <description>                    category  : tower &lt;br&gt;   
                    sitelinks : 2.0 &lt;br&gt;   
                    articleEN :  &lt;br&gt;             
                    articleDE : https://de.wikipedia.org/wiki/Jesuitenturm &lt;br&gt;              
                    wikidata_link : http://www.wikidata.org/entity/Q24025191</description>
                <styleUrl>#33</styleUrl>
                <Point id="992">
                    <coordinates>6.6952777777778,51.195833333333,0.0</coordinates>
                </Point>
            </Placemark>
            <Placemark id="995">
                <name>Blutturm</name>
                <description>                    category  : fortified tower &lt;br&gt;   
                    sitelinks : 2.0 &lt;br&gt;   
                    articleEN :  &lt;br&gt;             
                    articleDE : https://de.wikipedia.org/wiki/Blutturm_(Neuss) &lt;br&gt;              
                    wikidata_link : http://www.wikidata.org/entity/Q23991123</description>
                <styleUrl>#33</styleUrl>
                <Point id="994">
                    <coordinates>6.69433,51.19529,0.0</coordinates>
                </Point>
            </Placemark>
            <Placemark id="997">
                <name>Schwanenmarkt</name>
                <description>                    category  : square &lt;br&gt;   
                    sitelinks : 2.0 &lt;br&gt;   
                    articleEN :  &lt;br&gt;             
                    articleDE : https://de.wikipedia.org/wiki/Schwanenmarkt_(D%C3%BCsseldorf) &lt;br&gt;              
                    wikidata_link : http://www.wikidata.org/entity/Q23955043</description>
                <styleUrl>#33</styleUrl>
                <Point id="996">
                    <coordinates>6.7735,51.219611111111,0.0</coordinates>
                </Point>
            </Placemark>
            <Placemark id="999">
                <name>Erprather Mühle</name>
                <description>                    category  : watermill &lt;br&gt;   
                    sitelinks : 2.0 &lt;br&gt;   
                    articleEN :  &lt;br&gt;             
                    articleDE : https://de.wikipedia.org/wiki/Erprather_M%C3%BChle &lt;br&gt;              
                    wikidata_link : http://www.wikidata.org/entity/Q23901362</description>
                <styleUrl>#33</styleUrl>
                <Point id="998">
                    <coordinates>6.688556,51.160505,0.0</coordinates>
                </Point>
            </Placemark>
            <Placemark id="1001">
                <name>Statue of Theodor Schwann</name>
                <description>                    category  : monument &lt;br&gt;   
                    sitelinks : 2.0 &lt;br&gt;   
                    articleEN :  &lt;br&gt;             
                    articleDE : https://de.wikipedia.org/wiki/Theodor-Schwann-Denkmal &lt;br&gt;              
                    wikidata_link : http://www.wikidata.org/entity/Q23900423</description>
                <styleUrl>#33</styleUrl>
                <Point id="1000">
                    <coordinates>6.6895555555556,51.197083333333,0.0</coordinates>
                </Point>
            </Placemark>
            <Placemark id="1003">
                <name>Georg-Büchner-Gymnasium Düsseldorf</name>
                <description>                    category  : gymnasium &lt;br&gt;   
                    sitelinks : 2.0 &lt;br&gt;   
                    articleEN :  &lt;br&gt;             
                    articleDE : https://de.wikipedia.org/wiki/Georg-B%C3%BCchner-Gymnasium_D%C3%BCsseldorf &lt;br&gt;              
                    wikidata_link : http://www.wikidata.org/entity/Q23046335</description>
                <styleUrl>#33</styleUrl>
                <Point id="1002">
                    <coordinates>6.76168,51.253369,0.0</coordinates>
                </Point>
            </Placemark>
            <Placemark id="1005">
                <name>Q22691061</name>
                <description>                    category  : architectural structure &lt;br&gt;   
                    sitelinks : 2.0 &lt;br&gt;   
                    articleEN :  &lt;br&gt;             
                    articleDE : https://de.wikipedia.org/wiki/Altes_Helmholtz &lt;br&gt;              
                    wikidata_link : http://www.wikidata.org/entity/Q22691061</description>
                <styleUrl>#33</styleUrl>
                <Point id="1004">
                    <coordinates>6.930349,51.171099,0.0</coordinates>
                </Point>
            </Placemark>
            <Placemark id="1007">
                <name>Hyatt Regency Düsseldorf</name>
                <description>                    category  : tower block &lt;br&gt;   
                    sitelinks : 2.0 &lt;br&gt;   
                    articleEN :  &lt;br&gt;             
                    articleDE : https://de.wikipedia.org/wiki/Hyatt_Regency_D%C3%BCsseldorf &lt;br&gt;              
                    wikidata_link : http://www.wikidata.org/entity/Q22674583</description>
                <styleUrl>#33</styleUrl>
                <Point id="1006">
                    <coordinates>6.752983,51.216312,0.0</coordinates>
                </Point>
            </Placemark>
            <Placemark id="1009">
                <name>Schadowstraße 52</name>
                <description>                    category  : destroyed building or structure &lt;br&gt;   
                    sitelinks : 2.0 &lt;br&gt;   
                    articleEN :  &lt;br&gt;             
                    articleDE : https://de.wikipedia.org/wiki/Ibach-Haus_(D%C3%BCsseldorf) &lt;br&gt;              
                    wikidata_link : http://www.wikidata.org/entity/Q1655736</description>
                <styleUrl>#33</styleUrl>
                <Point id="1008">
                    <coordinates>6.78408,51.227,0.0</coordinates>
                </Point>
            </Placemark>
            <Placemark id="1011">
                <name>Schloss Reuschenberg</name>
                <description>                    category  : château &lt;br&gt;   
                    sitelinks : 2.0 &lt;br&gt;   
                    articleEN :  &lt;br&gt;             
                    articleDE : https://de.wikipedia.org/wiki/Schloss_Reuschenberg_(Neuss) &lt;br&gt;              
                    wikidata_link : http://www.wikidata.org/entity/Q1653885</description>
                <styleUrl>#33</styleUrl>
                <Point id="1010">
                    <coordinates>6.7053,51.1697,0.0</coordinates>
                </Point>
            </Placemark>
            <Placemark id="1013">
                <name>Hösel</name>
                <description>                    category  : quarter &lt;br&gt;   
                    sitelinks : 2.0 &lt;br&gt;   
                    articleEN :  &lt;br&gt;             
                    articleDE : https://de.wikipedia.org/wiki/H%C3%B6sel &lt;br&gt;              
                    wikidata_link : http://www.wikidata.org/entity/Q1651894</description>
                <styleUrl>#33</styleUrl>
                <Point id="1012">
                    <coordinates>6.90946,51.3308,0.0</coordinates>
                </Point>
            </Placemark>
            <Placemark id="1015">
                <name>Villa Bayer, Erkrath</name>
                <description>                    category  : villa &lt;br&gt;   
                    sitelinks : 2.0 &lt;br&gt;   
                    articleEN :  &lt;br&gt;             
                    articleDE : https://de.wikipedia.org/wiki/Villa_Bayer_(Erkrath) &lt;br&gt;              
                    wikidata_link : http://www.wikidata.org/entity/Q1650510</description>
                <styleUrl>#33</styleUrl>
                <Point id="1014">
                    <coordinates>6.95191,51.2124,0.0</coordinates>
                </Point>
            </Placemark>
            <Placemark id="1017">
                <name>Q1645272</name>
                <description>                    category  : church building &lt;br&gt;   
                    sitelinks : 2.0 &lt;br&gt;   
                    articleEN :  &lt;br&gt;             
                    articleDE : https://de.wikipedia.org/wiki/Trinitatiskirche_(Rath) &lt;br&gt;              
                    wikidata_link : http://www.wikidata.org/entity/Q1645272</description>
                <styleUrl>#33</styleUrl>
                <Point id="1016">
                    <coordinates>6.82699,51.2698,0.0</coordinates>
                </Point>
            </Placemark>
            <Placemark id="1019">
                <name>Wallstraße 31 a</name>
                <description>                    category  : building &lt;br&gt;   
                    sitelinks : 2.0 &lt;br&gt;   
                    articleEN :  &lt;br&gt;             
                    articleDE : https://de.wikipedia.org/wiki/Wallstra%C3%9Fe_31_a_(D%C3%BCsseldorf) &lt;br&gt;              
                    wikidata_link : http://www.wikidata.org/entity/Q1639549</description>
                <styleUrl>#33</styleUrl>
                <Point id="1018">
                    <coordinates>6.77469,51.2247,0.0</coordinates>
                </Point>
            </Placemark>
            <Placemark id="1021">
                <name>Humboldtstraße 15</name>
                <description>                    category  : residential building &lt;br&gt;   
                    sitelinks : 2.0 &lt;br&gt;   
                    articleEN :  &lt;br&gt;             
                    articleDE : https://de.wikipedia.org/wiki/Humboldtstra%C3%9Fe_15_(D%C3%BCsseldorf) &lt;br&gt;              
                    wikidata_link : http://www.wikidata.org/entity/Q1636995</description>
                <styleUrl>#33</styleUrl>
                <Point id="1020">
                    <coordinates>6.80468,51.2319,0.0</coordinates>
                </Point>
            </Placemark>
            <Placemark id="1023">
                <name>Humboldt-Gymnasium Düsseldorf</name>
                <description>                    category  : Gymnasium in Germany &lt;br&gt;   
                    sitelinks : 2.0 &lt;br&gt;   
                    articleEN :  &lt;br&gt;             
                    articleDE : https://de.wikipedia.org/wiki/Humboldt-Gymnasium_D%C3%BCsseldorf &lt;br&gt;              
                    wikidata_link : http://www.wikidata.org/entity/Q1636899</description>
                <styleUrl>#33</styleUrl>
                <Point id="1022">
                    <coordinates>6.79191,51.2298,0.0</coordinates>
                </Point>
            </Placemark>
            <Placemark id="1025">
                <name>Q1634891</name>
                <description>                    category  : road tunnel &lt;br&gt;   
                    sitelinks : 2.0 &lt;br&gt;   
                    articleEN :  &lt;br&gt;             
                    articleDE : https://de.wikipedia.org/wiki/Universit%C3%A4tstunnel &lt;br&gt;              
                    wikidata_link : http://www.wikidata.org/entity/Q1634891</description>
                <styleUrl>#33</styleUrl>
                <Point id="1024">
                    <coordinates>6.79167,51.1925,0.0</coordinates>
                </Point>
            </Placemark>
            <Placemark id="1027">
                <name>Hubertus-Stift</name>
                <description>                    category  : retirement home &lt;br&gt;   
                    sitelinks : 2.0 &lt;br&gt;   
                    articleEN :  &lt;br&gt;             
                    articleDE : https://de.wikipedia.org/wiki/Hubertus-Stift &lt;br&gt;              
                    wikidata_link : http://www.wikidata.org/entity/Q1633539</description>
                <styleUrl>#33</styleUrl>
                <Point id="1026">
                    <coordinates>6.76601,51.2177,0.0</coordinates>
                </Point>
            </Placemark>
            <Placemark id="1029">
                <name>Horrem</name>
                <description>                    category  : Ortsteil &lt;br&gt;   
                    sitelinks : 2.0 &lt;br&gt;   
                    articleEN :  &lt;br&gt;             
                    articleDE : https://de.wikipedia.org/wiki/Horrem_(Dormagen) &lt;br&gt;              
                    wikidata_link : http://www.wikidata.org/entity/Q1628872</description>
                <styleUrl>#33</styleUrl>
                <Point id="1028">
                    <coordinates>6.81056,51.0983,0.0</coordinates>
                </Point>
            </Placemark>
            <Placemark id="1031">
                <name>Holzheim</name>
                <description>                    category  : quarter &lt;br&gt;   
                    sitelinks : 2.0 &lt;br&gt;   
                    articleEN :  &lt;br&gt;             
                    articleDE : https://de.wikipedia.org/wiki/Holzheim_(Neuss) &lt;br&gt;              
                    wikidata_link : http://www.wikidata.org/entity/Q1625560</description>
                <styleUrl>#33</styleUrl>
                <Point id="1030">
                    <coordinates>6.6675,51.1606,0.0</coordinates>
                </Point>
            </Placemark>
            <Placemark id="1033">
                <name>Holzbüttgen</name>
                <description>                    category  : Ortsteil &lt;br&gt;   
                    sitelinks : 2.0 &lt;br&gt;   
                    articleEN :  &lt;br&gt;             
                    articleDE : https://de.wikipedia.org/wiki/Holzb%C3%BCttgen &lt;br&gt;              
                    wikidata_link : http://www.wikidata.org/entity/Q1625441</description>
                <styleUrl>#33</styleUrl>
                <Point id="1032">
                    <coordinates>6.61446,51.2168,0.0</coordinates>
                </Point>
            </Placemark>
            <Placemark id="1035">
                <name>Holterhöfchen</name>
                <description>                    category  : castle &lt;br&gt;   
                    sitelinks : 2.0 &lt;br&gt;   
                    articleEN :  &lt;br&gt;             
                    articleDE : https://de.wikipedia.org/wiki/Holterh%C3%B6fchen &lt;br&gt;              
                    wikidata_link : http://www.wikidata.org/entity/Q1625195</description>
                <styleUrl>#33</styleUrl>
                <Point id="1034">
                    <coordinates>6.94519,51.1672,0.0</coordinates>
                </Point>
            </Placemark>
            <Placemark id="1037">
                <name>Hoisten</name>
                <description>                    category  : Ortsteil &lt;br&gt;   
                    sitelinks : 2.0 &lt;br&gt;   
                    articleEN :  &lt;br&gt;             
                    articleDE : https://de.wikipedia.org/wiki/Hoisten &lt;br&gt;              
                    wikidata_link : http://www.wikidata.org/entity/Q1624198</description>
                <styleUrl>#33</styleUrl>
                <Point id="1036">
                    <coordinates>6.70235,51.144,0.0</coordinates>
                </Point>
            </Placemark>
            <Placemark id="1039">
                <name>Hohe Straße 51</name>
                <description>                    category  : building &lt;br&gt;   
                    sitelinks : 2.0 &lt;br&gt;   
                    articleEN :  &lt;br&gt;             
                    articleDE : https://de.wikipedia.org/wiki/Hohe_Stra%C3%9Fe_51_(D%C3%BCsseldorf) &lt;br&gt;              
                    wikidata_link : http://www.wikidata.org/entity/Q1623538</description>
                <styleUrl>#33</styleUrl>
                <Point id="1038">
                    <coordinates>6.77402,51.2202,0.0</coordinates>
                </Point>
            </Placemark>
            <Placemark id="1041">
                <name>Hohe Straße</name>
                <description>                    category  : street &lt;br&gt;   
                    sitelinks : 2.0 &lt;br&gt;   
                    articleEN :  &lt;br&gt;             
                    articleDE : https://de.wikipedia.org/wiki/Hohe_Stra%C3%9Fe_(D%C3%BCsseldorf) &lt;br&gt;              
                    wikidata_link : http://www.wikidata.org/entity/Q1623519</description>
                <styleUrl>#33</styleUrl>
                <Point id="1040">
                    <coordinates>6.77421,51.22152,0.0</coordinates>
                </Point>
            </Placemark>
            <Placemark id="1043">
                <name>Himmelgeister Kastanie</name>
                <description>                    category  : remarkable tree &lt;br&gt;   
                    sitelinks : 2.0 &lt;br&gt;   
                    articleEN :  &lt;br&gt;             
                    articleDE : https://de.wikipedia.org/wiki/Himmelgeister_Kastanie &lt;br&gt;              
                    wikidata_link : http://www.wikidata.org/entity/Q1619113</description>
                <styleUrl>#33</styleUrl>
                <Point id="1042">
                    <coordinates>6.81305556,51.15638889,0.0</coordinates>
                </Point>
            </Placemark>
            <Placemark id="1045">
                <name>Hetjens-Museum</name>
                <description>                    category  : museum &lt;br&gt;   
                    sitelinks : 2.0 &lt;br&gt;   
                    articleEN :  &lt;br&gt;             
                    articleDE : https://de.wikipedia.org/wiki/Hetjens-Museum &lt;br&gt;              
                    wikidata_link : http://www.wikidata.org/entity/Q1616272</description>
                <styleUrl>#33</styleUrl>
                <Point id="1044">
                    <coordinates>6.77111,51.2239,0.0</coordinates>
                </Point>
            </Placemark>
            <Placemark id="1047">
                <name>Sacred-Heart-Church</name>
                <description>                    category  : church building &lt;br&gt;   
                    sitelinks : 2.0 &lt;br&gt;   
                    articleEN :  &lt;br&gt;             
                    articleDE : https://de.wikipedia.org/wiki/Herz-Jesu-Kirche_(D%C3%BCsseldorf-Urdenbach) &lt;br&gt;              
                    wikidata_link : http://www.wikidata.org/entity/Q1614955</description>
                <styleUrl>#33</styleUrl>
                <Point id="1046">
                    <coordinates>6.86853,51.1498,0.0</coordinates>
                </Point>
            </Placemark>
            <Placemark id="1049">
                <name>Norf</name>
                <description>                    category  : quarter &lt;br&gt;   
                    sitelinks : 2.0 &lt;br&gt;   
                    articleEN :  &lt;br&gt;             
                    articleDE : https://de.wikipedia.org/wiki/Norf &lt;br&gt;              
                    wikidata_link : http://www.wikidata.org/entity/Q1610635</description>
                <styleUrl>#33</styleUrl>
                <Point id="1048">
                    <coordinates>6.72243,51.1588,0.0</coordinates>
                </Point>
            </Placemark>
            <Placemark id="1051">
                <name>Helmholtz-Gymnasium Hilden</name>
                <description>                    category  : Gymnasium in Germany &lt;br&gt;   
                    sitelinks : 2.0 &lt;br&gt;   
                    articleEN :  &lt;br&gt;             
                    articleDE : https://de.wikipedia.org/wiki/Helmholtz-Gymnasium_Hilden &lt;br&gt;              
                    wikidata_link : http://www.wikidata.org/entity/Q1603226</description>
                <styleUrl>#33</styleUrl>
                <Point id="1050">
                    <coordinates>6.94748,51.1658,0.0</coordinates>
                </Point>
            </Placemark>
            <Placemark id="1053">
                <name>Flingern power station</name>
                <description>                    category  : combined heat and power station &lt;br&gt;   
                    sitelinks : 2.0 &lt;br&gt;   
                    articleEN :  &lt;br&gt;             
                    articleDE : https://de.wikipedia.org/wiki/Heizkraftwerk_Flingern &lt;br&gt;              
                    wikidata_link : http://www.wikidata.org/entity/Q1601468</description>
                <styleUrl>#33</styleUrl>
                <Point id="1052">
                    <coordinates>6.8155555555556,51.224722222222,0.0</coordinates>
                </Point>
            </Placemark>
            <Placemark id="1055">
                <name>Luisen-Gymnasium Düsseldorf</name>
                <description>                    category  : Gymnasium in Germany &lt;br&gt;   
                    sitelinks : 2.0 &lt;br&gt;   
                    articleEN :  &lt;br&gt;             
                    articleDE : https://de.wikipedia.org/wiki/Luisen-Gymnasium_D%C3%BCsseldorf &lt;br&gt;              
                    wikidata_link : http://www.wikidata.org/entity/Q1598013</description>
                <styleUrl>#33</styleUrl>
                <Point id="1054">
                    <coordinates>6.77592,51.2216,0.0</coordinates>
                </Point>
            </Placemark>
            <Placemark id="1057">
                <name>Heinrich-Hertz-Berufskolleg</name>
                <description>                    category  : Vocational college in North Rhine-Westphalia &lt;br&gt;   
                    sitelinks : 2.0 &lt;br&gt;   
                    articleEN :  &lt;br&gt;             
                    articleDE : https://de.wikipedia.org/wiki/Heinrich-Hertz-Berufskolleg_(D%C3%BCsseldorf) &lt;br&gt;              
                    wikidata_link : http://www.wikidata.org/entity/Q1596423</description>
                <styleUrl>#33</styleUrl>
                <Point id="1056">
                    <coordinates>6.78979,51.2061,0.0</coordinates>
                </Point>
            </Placemark>
            <Placemark id="1059">
                <name>Spee'scher Graben</name>
                <description>                    category  : body of water &lt;br&gt;   
                    sitelinks : 2.0 &lt;br&gt;   
                    articleEN :  &lt;br&gt;             
                    articleDE : https://de.wikipedia.org/wiki/Spee%E2%80%99scher_Graben &lt;br&gt;              
                    wikidata_link : http://www.wikidata.org/entity/Q17326242</description>
                <styleUrl>#33</styleUrl>
                <Point id="1058">
                    <coordinates>6.770136,51.220601,0.0</coordinates>
                </Point>
            </Placemark>
            <Placemark id="1061">
                <name>Balgheimer See</name>
                <description>                    category  : excavation lake &lt;br&gt;   
                    sitelinks : 2.0 &lt;br&gt;   
                    articleEN :  &lt;br&gt;             
                    articleDE : https://de.wikipedia.org/wiki/Balgheimer_See &lt;br&gt;              
                    wikidata_link : http://www.wikidata.org/entity/Q17310451</description>
                <styleUrl>#33</styleUrl>
                <Point id="1060">
                    <coordinates>6.7853,51.0922,0.0</coordinates>
                </Point>
            </Placemark>
            <Placemark id="1063">
                <name>Bürgerhaus (Hilden)</name>
                <description>                    category  : building &lt;br&gt;   
                    sitelinks : 2.0 &lt;br&gt;   
                    articleEN :  &lt;br&gt;             
                    articleDE : https://de.wikipedia.org/wiki/B%C3%BCrgerhaus,_Altes_Rathaus_in_Hilden &lt;br&gt;              
                    wikidata_link : http://www.wikidata.org/entity/Q17279423</description>
                <styleUrl>#33</styleUrl>
                <Point id="1062">
                    <coordinates>6.93642,51.1691,0.0</coordinates>
                </Point>
            </Placemark>
            <Placemark id="1065">
                <name>Garagenanlage (Düsseldorf-Unterbilk)</name>
                <description>                    category  : parking garage &lt;br&gt;   
                    sitelinks : 2.0 &lt;br&gt;   
                    articleEN :  &lt;br&gt;             
                    articleDE : https://de.wikipedia.org/wiki/Erftstra%C3%9Fe_9%E2%80%9311 &lt;br&gt;              
                    wikidata_link : http://www.wikidata.org/entity/Q17123042</description>
                <styleUrl>#33</styleUrl>
                <Point id="1064">
                    <coordinates>6.756935,51.213479,0.0</coordinates>
                </Point>
            </Placemark>
            <Placemark id="1067">
                <name>Buscher Mühle</name>
                <description>                    category  : watermill &lt;br&gt;   
                    sitelinks : 2.0 &lt;br&gt;   
                    articleEN :  &lt;br&gt;             
                    articleDE : https://de.wikipedia.org/wiki/Buscher_M%C3%BChle &lt;br&gt;              
                    wikidata_link : http://www.wikidata.org/entity/Q17122556</description>
                <styleUrl>#33</styleUrl>
                <Point id="1066">
                    <coordinates>6.795912,51.245067,0.0</coordinates>
                </Point>
            </Placemark>
            <Placemark id="1069">
                <name>Bagel paper mill</name>
                <description>                    category  : paper mill &lt;br&gt;   
                    sitelinks : 2.0 &lt;br&gt;   
                    articleEN :  &lt;br&gt;             
                    articleDE : https://de.wikipedia.org/wiki/Papierfabrik_Bagel &lt;br&gt;              
                    wikidata_link : http://www.wikidata.org/entity/Q16855539</description>
                <styleUrl>#33</styleUrl>
                <Point id="1068">
                    <coordinates>6.874111,51.306858,0.0</coordinates>
                </Point>
            </Placemark>
            <Placemark id="1071">
                <name>Bank11</name>
                <description>                    category  : specialized bank &lt;br&gt;   
                    sitelinks : 2.0 &lt;br&gt;   
                    articleEN :  &lt;br&gt;             
                    articleDE : https://de.wikipedia.org/wiki/Bank11 &lt;br&gt;              
                    wikidata_link : http://www.wikidata.org/entity/Q15905627</description>
                <styleUrl>#33</styleUrl>
                <Point id="1070">
                    <coordinates>6.712977,51.20338,0.0</coordinates>
                </Point>
            </Placemark>
            <Placemark id="1073">
                <name>Wilhelm-Fabry-Museum</name>
                <description>                    category  : local museum &lt;br&gt;   
                    sitelinks : 2.0 &lt;br&gt;   
                    articleEN :  &lt;br&gt;             
                    articleDE : https://de.wikipedia.org/wiki/Wilhelm-Fabry-Museum &lt;br&gt;              
                    wikidata_link : http://www.wikidata.org/entity/Q15854431</description>
                <styleUrl>#33</styleUrl>
                <Point id="1072">
                    <coordinates>6.92761,51.16811,0.0</coordinates>
                </Point>
            </Placemark>
            <Placemark id="1075">
                <name>Suitbertus-Stiftsplatz 8</name>
                <description>                    category  : building &lt;br&gt;   
                    sitelinks : 2.0 &lt;br&gt;   
                    articleEN :  &lt;br&gt;             
                    articleDE : https://de.wikipedia.org/wiki/Suitbertus-Stiftsplatz_8 &lt;br&gt;              
                    wikidata_link : http://www.wikidata.org/entity/Q15849605</description>
                <styleUrl>#33</styleUrl>
                <Point id="1074">
                    <coordinates>6.732964,51.300947,0.0</coordinates>
                </Point>
            </Placemark>
            <Placemark id="1077">
                <name>Suitbertus-Stiftsplatz 7</name>
                <description>                    category  : building &lt;br&gt;   
                    sitelinks : 2.0 &lt;br&gt;   
                    articleEN :  &lt;br&gt;             
                    articleDE : https://de.wikipedia.org/wiki/Suitbertus-Stiftsplatz_7 &lt;br&gt;              
                    wikidata_link : http://www.wikidata.org/entity/Q15849604</description>
                <styleUrl>#33</styleUrl>
                <Point id="1076">
                    <coordinates>6.732911,51.300809,0.0</coordinates>
                </Point>
            </Placemark>
            <Placemark id="1079">
                <name>Suitbertus-Stiftsplatz 3</name>
                <description>                    category  : clergy house &lt;br&gt;   
                    sitelinks : 2.0 &lt;br&gt;   
                    articleEN :  &lt;br&gt;             
                    articleDE : https://de.wikipedia.org/wiki/Suitbertus-Stiftsplatz_3 &lt;br&gt;              
                    wikidata_link : http://www.wikidata.org/entity/Q15849603</description>
                <styleUrl>#33</styleUrl>
                <Point id="1078">
                    <coordinates>6.73329,51.3002,0.0</coordinates>
                </Point>
            </Placemark>
            <Placemark id="1081">
                <name>Memorials in Hilden</name>
                <description>                    category  : Wikimedia list article &lt;br&gt;   
                    sitelinks : 2.0 &lt;br&gt;   
                    articleEN :  &lt;br&gt;             
                    articleDE : https://de.wikipedia.org/wiki/Liste_der_Denkm%C3%A4ler_in_Hilden &lt;br&gt;              
                    wikidata_link : http://www.wikidata.org/entity/Q15827101</description>
                <styleUrl>#33</styleUrl>
                <Point id="1080">
                    <coordinates>6.934098,51.167917,0.0</coordinates>
                </Point>
            </Placemark>
            <Placemark id="1083">
                <name>Kaiserswerther Markt 9</name>
                <description>                    category  : building &lt;br&gt;   
                    sitelinks : 2.0 &lt;br&gt;   
                    articleEN :  &lt;br&gt;             
                    articleDE : https://de.wikipedia.org/wiki/Im_Schiffchen_(Kaiserswerth) &lt;br&gt;              
                    wikidata_link : http://www.wikidata.org/entity/Q15819978</description>
                <styleUrl>#33</styleUrl>
                <Point id="1082">
                    <coordinates>6.733837,51.301394,0.0</coordinates>
                </Point>
            </Placemark>
            <Placemark id="1085">
                <name>Hof Kaldenberg</name>
                <description>                    category  : archaeological site &lt;br&gt;   
                    sitelinks : 2.0 &lt;br&gt;   
                    articleEN :  &lt;br&gt;             
                    articleDE : https://de.wikipedia.org/wiki/Hof_Kaldenberg &lt;br&gt;              
                    wikidata_link : http://www.wikidata.org/entity/Q15815748</description>
                <styleUrl>#33</styleUrl>
                <Point id="1084">
                    <coordinates>6.74661111,51.3155,0.0</coordinates>
                </Point>
            </Placemark>
            <Placemark id="1087">
                <name>Apollo Varieté</name>
                <description>                    category  : theatre building &lt;br&gt;   
                    sitelinks : 2.0 &lt;br&gt;   
                    articleEN :  &lt;br&gt;             
                    articleDE : https://de.wikipedia.org/wiki/Apollo_Variet%C3%A9_(D%C3%BCsseldorf) &lt;br&gt;              
                    wikidata_link : http://www.wikidata.org/entity/Q15792035</description>
                <styleUrl>#33</styleUrl>
                <Point id="1086">
                    <coordinates>6.7653735,51.2197199,0.0</coordinates>
                </Point>
            </Placemark>
            <Placemark id="1089">
                <name>Altes Zollhaus (Kaiserswerth)</name>
                <description>                    category  : building &lt;br&gt;   
                    sitelinks : 2.0 &lt;br&gt;   
                    articleEN :  &lt;br&gt;             
                    articleDE : https://de.wikipedia.org/wiki/Altes_Zollhaus_(Kaiserswerth) &lt;br&gt;              
                    wikidata_link : http://www.wikidata.org/entity/Q15782805</description>
                <styleUrl>#33</styleUrl>
                <Point id="1088">
                    <coordinates>6.733621,51.301638,0.0</coordinates>
                </Point>
            </Placemark>
            <Placemark id="1091">
                <name>Nordstraße</name>
                <description>                    category  : street &lt;br&gt;   
                    sitelinks : 2.0 &lt;br&gt;   
                    articleEN :  &lt;br&gt;             
                    articleDE : https://de.wikipedia.org/wiki/Nordstra%C3%9Fe_(D%C3%BCsseldorf) &lt;br&gt;              
                    wikidata_link : http://www.wikidata.org/entity/Q15734325</description>
                <styleUrl>#33</styleUrl>
                <Point id="1090">
                    <coordinates>6.780462,51.23919,0.0</coordinates>
                </Point>
            </Placemark>
            <Placemark id="1093">
                <name>SIGN!</name>
                <description>                    category  : architectural structure &lt;br&gt;   
                    sitelinks : 2.0 &lt;br&gt;   
                    articleEN :  &lt;br&gt;             
                    articleDE : https://de.wikipedia.org/wiki/SIGN! &lt;br&gt;              
                    wikidata_link : http://www.wikidata.org/entity/Q15713748</description>
                <styleUrl>#33</styleUrl>
                <Point id="1092">
                    <coordinates>6.74916667,51.21416667,0.0</coordinates>
                </Point>
            </Placemark>
            <Placemark id="1095">
                <name>Lörick waterworks</name>
                <description>                    category  : waterworks &lt;br&gt;   
                    sitelinks : 2.0 &lt;br&gt;   
                    articleEN :  &lt;br&gt;             
                    articleDE : https://de.wikipedia.org/wiki/Wasserwerk_L%C3%B6rick &lt;br&gt;              
                    wikidata_link : http://www.wikidata.org/entity/Q15134505</description>
                <styleUrl>#33</styleUrl>
                <Point id="1094">
                    <coordinates>6.73970833,51.24727778,0.0</coordinates>
                </Point>
            </Placemark>
            <Placemark id="1097">
                <name>Holthausen waterworks</name>
                <description>                    category  : waterworks &lt;br&gt;   
                    sitelinks : 2.0 &lt;br&gt;   
                    articleEN :  &lt;br&gt;             
                    articleDE : https://de.wikipedia.org/wiki/Wasserwerk_Holthausen &lt;br&gt;              
                    wikidata_link : http://www.wikidata.org/entity/Q15134503</description>
                <styleUrl>#33</styleUrl>
                <Point id="1096">
                    <coordinates>6.82359722,51.16216944,0.0</coordinates>
                </Point>
            </Placemark>
            <Placemark id="1099">
                <name>Flehe waterworks</name>
                <description>                    category  : waterworks &lt;br&gt;   
                    sitelinks : 2.0 &lt;br&gt;   
                    articleEN :  &lt;br&gt;             
                    articleDE : https://de.wikipedia.org/wiki/Wasserwerk_Flehe &lt;br&gt;              
                    wikidata_link : http://www.wikidata.org/entity/Q15134502</description>
                <styleUrl>#33</styleUrl>
                <Point id="1098">
                    <coordinates>6.79125,51.18536667,0.0</coordinates>
                </Point>
            </Placemark>
            <Placemark id="1101">
                <name>Am Staad waterworks</name>
                <description>                    category  : waterworks &lt;br&gt;   
                    sitelinks : 2.0 &lt;br&gt;   
                    articleEN :  &lt;br&gt;             
                    articleDE : https://de.wikipedia.org/wiki/Wasserwerk_Am_Staad &lt;br&gt;              
                    wikidata_link : http://www.wikidata.org/entity/Q15134499</description>
                <styleUrl>#33</styleUrl>
                <Point id="1100">
                    <coordinates>6.72669722,51.26012222,0.0</coordinates>
                </Point>
            </Placemark>
            <Placemark id="1103">
                <name>Wohn- und Atelierhaus Wach</name>
                <description>                    category  : architectural structure &lt;br&gt;   
                    sitelinks : 2.0 &lt;br&gt;   
                    articleEN :  &lt;br&gt;             
                    articleDE : https://de.wikipedia.org/wiki/Wohn-_und_Atelierhaus_Wach &lt;br&gt;              
                    wikidata_link : http://www.wikidata.org/entity/Q2587879</description>
                <styleUrl>#33</styleUrl>
                <Point id="1102">
                    <coordinates>6.77185,51.2419,0.0</coordinates>
                </Point>
            </Placemark>
            <Placemark id="1105">
                <name>Rosellerheide</name>
                <description>                    category  : quarter &lt;br&gt;   
                    sitelinks : 2.0 &lt;br&gt;   
                    articleEN :  &lt;br&gt;             
                    articleDE : https://de.wikipedia.org/wiki/Rosellerheide &lt;br&gt;              
                    wikidata_link : http://www.wikidata.org/entity/Q2166852</description>
                <styleUrl>#33</styleUrl>
                <Point id="1104">
                    <coordinates>6.73342,51.1287,0.0</coordinates>
                </Point>
            </Placemark>
            <Placemark id="1107">
                <name>Romaneum</name>
                <description>                    category  : building &lt;br&gt;   
                    sitelinks : 2.0 &lt;br&gt;   
                    articleEN :  &lt;br&gt;             
                    articleDE : https://de.wikipedia.org/wiki/Romaneum &lt;br&gt;              
                    wikidata_link : http://www.wikidata.org/entity/Q2164845</description>
                <styleUrl>#33</styleUrl>
                <Point id="1106">
                    <coordinates>6.69558,51.1977,0.0</coordinates>
                </Point>
            </Placemark>
            <Placemark id="1109">
                <name>Rolandschule</name>
                <description>                    category  : architectural structure &lt;br&gt;   
                    sitelinks : 2.0 &lt;br&gt;   
                    articleEN :  &lt;br&gt;             
                    articleDE : https://de.wikipedia.org/wiki/Rolandschule &lt;br&gt;              
                    wikidata_link : http://www.wikidata.org/entity/Q2163128</description>
                <styleUrl>#33</styleUrl>
                <Point id="1108">
                    <coordinates>6.77635,51.2457,0.0</coordinates>
                </Point>
            </Placemark>
            <Placemark id="1111">
                <name>Ritterstraße 10</name>
                <description>                    category  : building &lt;br&gt;   
                    sitelinks : 2.0 &lt;br&gt;   
                    articleEN :  &lt;br&gt;             
                    articleDE : https://de.wikipedia.org/wiki/Ritterstra%C3%9Fe_10_/_Ursulinengasse_3a &lt;br&gt;              
                    wikidata_link : http://www.wikidata.org/entity/Q2155268</description>
                <styleUrl>#33</styleUrl>
                <Point id="1110">
                    <coordinates>6.7725,51.2295,0.0</coordinates>
                </Point>
            </Placemark>
            <Placemark id="1113">
                <name>Ritterstraße</name>
                <description>                    category  : street &lt;br&gt;   
                    sitelinks : 2.0 &lt;br&gt;   
                    articleEN :  &lt;br&gt;             
                    articleDE : https://de.wikipedia.org/wiki/Ritterstra%C3%9Fe_(D%C3%BCsseldorf) &lt;br&gt;              
                    wikidata_link : http://www.wikidata.org/entity/Q2155265</description>
                <styleUrl>#33</styleUrl>
                <Point id="1112">
                    <coordinates>6.77362,51.2296,0.0</coordinates>
                </Point>
            </Placemark>
            <Placemark id="1115">
                <name>Rittersitz Groß-Winkelhausen</name>
                <description>                    category  : water castle &lt;br&gt;   
                    sitelinks : 2.0 &lt;br&gt;   
                    articleEN :  &lt;br&gt;             
                    articleDE : https://de.wikipedia.org/wiki/Rittersitz_Gro%C3%9F-Winkelhausen &lt;br&gt;              
                    wikidata_link : http://www.wikidata.org/entity/Q2155257</description>
                <styleUrl>#33</styleUrl>
                <Point id="1114">
                    <coordinates>6.7511,51.3482,0.0</coordinates>
                </Point>
            </Placemark>
            <Placemark id="1117">
                <name>Rittergut Birkhof</name>
                <description>                    category  : house &lt;br&gt;   
                    sitelinks : 2.0 &lt;br&gt;   
                    articleEN :  &lt;br&gt;             
                    articleDE : https://de.wikipedia.org/wiki/Rittergut_Birkhof &lt;br&gt;              
                    wikidata_link : http://www.wikidata.org/entity/Q2155125</description>
                <styleUrl>#33</styleUrl>
                <Point id="1116">
                    <coordinates>6.61079,51.1744,0.0</coordinates>
                </Point>
            </Placemark>
            <Placemark id="1119">
                <name>Rheinfeld</name>
                <description>                    category  : Ortsteil &lt;br&gt;   
                    sitelinks : 2.0 &lt;br&gt;   
                    articleEN :  &lt;br&gt;             
                    articleDE : https://de.wikipedia.org/wiki/Rheinfeld &lt;br&gt;              
                    wikidata_link : http://www.wikidata.org/entity/Q2147631</description>
                <styleUrl>#33</styleUrl>
                <Point id="1118">
                    <coordinates>6.85684,51.1128,0.0</coordinates>
                </Point>
            </Placemark>
            <Placemark id="1121">
                <name>Ratinger Tor</name>
                <description>                    category  : city gate &lt;br&gt;   
                    sitelinks : 2.0 &lt;br&gt;   
                    articleEN :  &lt;br&gt;             
                    articleDE : https://de.wikipedia.org/wiki/Ratinger_Tor &lt;br&gt;              
                    wikidata_link : http://www.wikidata.org/entity/Q2132765</description>
                <styleUrl>#33</styleUrl>
                <Point id="1120">
                    <coordinates>6.77756,51.2298,0.0</coordinates>
                </Point>
            </Placemark>
            <Placemark id="1123">
                <name>Kapelle Raphaelshaus Dormagen</name>
                <description>                    category  : chapel &lt;br&gt;   
                    sitelinks : 2.0 &lt;br&gt;   
                    articleEN :  &lt;br&gt;             
                    articleDE : https://de.wikipedia.org/wiki/Raphaelshaus &lt;br&gt;              
                    wikidata_link : http://www.wikidata.org/entity/Q2131444</description>
                <styleUrl>#33</styleUrl>
                <Point id="1122">
                    <coordinates>6.82793,51.1052,0.0</coordinates>
                </Point>
            </Placemark>
            <Placemark id="1125">
                <name>Quirinus Gymnasium Neuss</name>
                <description>                    category  : Gymnasium in Germany &lt;br&gt;   
                    sitelinks : 2.0 &lt;br&gt;   
                    articleEN :  &lt;br&gt;             
                    articleDE : https://de.wikipedia.org/wiki/Quirinus-Gymnasium_Neuss &lt;br&gt;              
                    wikidata_link : http://www.wikidata.org/entity/Q2123455</description>
                <styleUrl>#33</styleUrl>
                <Point id="1124">
                    <coordinates>6.68302,51.1969,0.0</coordinates>
                </Point>
            </Placemark>
            <Placemark id="1127">
                <name>Prinz-Georg-Straße 9</name>
                <description>                    category  : building &lt;br&gt;   
                    sitelinks : 2.0 &lt;br&gt;   
                    articleEN :  &lt;br&gt;             
                    articleDE : https://de.wikipedia.org/wiki/Prinz-Georg-Stra%C3%9Fe_9 &lt;br&gt;              
                    wikidata_link : http://www.wikidata.org/entity/Q2110540</description>
                <styleUrl>#33</styleUrl>
                <Point id="1126">
                    <coordinates>6.78631,51.239,0.0</coordinates>
                </Point>
            </Placemark>
            <Placemark id="1129">
                <name>Poststraße 24</name>
                <description>                    category  : building &lt;br&gt;   
                    sitelinks : 2.0 &lt;br&gt;   
                    articleEN :  &lt;br&gt;             
                    articleDE : https://de.wikipedia.org/wiki/Poststra%C3%9Fe_24_(D%C3%BCsseldorf) &lt;br&gt;              
                    wikidata_link : http://www.wikidata.org/entity/Q2106311</description>
                <styleUrl>#33</styleUrl>
                <Point id="1128">
                    <coordinates>6.7716,51.22,0.0</coordinates>
                </Point>
            </Placemark>
            <Placemark id="1131">
                <name>Q2098852</name>
                <description>                    category  : interchange &lt;br&gt;   
                    sitelinks : 2.0 &lt;br&gt;   
                    articleEN :  &lt;br&gt;             
                    articleDE : https://de.wikipedia.org/wiki/Autobahnkreuz_D%C3%BCsseldorf-Nord &lt;br&gt;              
                    wikidata_link : http://www.wikidata.org/entity/Q2098852</description>
                <styleUrl>#33</styleUrl>
                <Point id="1130">
                    <coordinates>6.804117,51.286646,0.0</coordinates>
                </Point>
            </Placemark>
            <Placemark id="1133">
                <name>Phoenix-Haus</name>
                <description>                    category  : administrative building &lt;br&gt;   
                    sitelinks : 2.0 &lt;br&gt;   
                    articleEN :  &lt;br&gt;             
                    articleDE : https://de.wikipedia.org/wiki/Phoenix-Haus &lt;br&gt;              
                    wikidata_link : http://www.wikidata.org/entity/Q2088463</description>
                <styleUrl>#33</styleUrl>
                <Point id="1132">
                    <coordinates>6.77639,51.2306,0.0</coordinates>
                </Point>
            </Placemark>
            <Placemark id="1135">
                <name>St. Vinzenz</name>
                <description>                    category  : church building &lt;br&gt;   
                    sitelinks : 2.0 &lt;br&gt;   
                    articleEN :  &lt;br&gt;             
                    articleDE : https://de.wikipedia.org/wiki/St._Vinzenz_(D%C3%BCsseldorf-Flingern) &lt;br&gt;              
                    wikidata_link : http://www.wikidata.org/entity/Q1716307</description>
                <styleUrl>#33</styleUrl>
                <Point id="1134">
                    <coordinates>6.80908,51.2235,0.0</coordinates>
                </Point>
            </Placemark>
            <Placemark id="1137">
                <name>Jüdischer Friedhof Kaiserswerth</name>
                <description>                    category  : Jewish cemetery &lt;br&gt;   
                    sitelinks : 2.0 &lt;br&gt;   
                    articleEN :  &lt;br&gt;             
                    articleDE : https://de.wikipedia.org/wiki/J%C3%BCdischer_Friedhof_Kaiserswerth &lt;br&gt;              
                    wikidata_link : http://www.wikidata.org/entity/Q1716295</description>
                <styleUrl>#33</styleUrl>
                <Point id="1136">
                    <coordinates>6.74319,51.299,0.0</coordinates>
                </Point>
            </Placemark>
            <Placemark id="1139">
                <name>Jüdischer Friedhof</name>
                <description>                    category  : Jewish cemetery &lt;br&gt;   
                    sitelinks : 2.0 &lt;br&gt;   
                    articleEN :  &lt;br&gt;             
                    articleDE : https://de.wikipedia.org/wiki/J%C3%BCdischer_Friedhof_(Dormagen) &lt;br&gt;              
                    wikidata_link : http://www.wikidata.org/entity/Q1716156</description>
                <styleUrl>#33</styleUrl>
                <Point id="1138">
                    <coordinates>6.83359,51.1007,0.0</coordinates>
                </Point>
            </Placemark>
            <Placemark id="1141">
                <name>Jägerhofstraße 22, Düsseldorf</name>
                <description>                    category  : architectural structure &lt;br&gt;   
                    sitelinks : 2.0 &lt;br&gt;   
                    articleEN :  &lt;br&gt;             
                    articleDE : https://de.wikipedia.org/wiki/J%C3%A4gerhofstra%C3%9Fe_22 &lt;br&gt;              
                    wikidata_link : http://www.wikidata.org/entity/Q1714865</description>
                <styleUrl>#33</styleUrl>
                <Point id="1140">
                    <coordinates>6.78518,51.2307,0.0</coordinates>
                </Point>
            </Placemark>
            <Placemark id="1143">
                <name>Düsseldorf Jägerhofstraße 20</name>
                <description>                    category  : architectural structure &lt;br&gt;   
                    sitelinks : 2.0 &lt;br&gt;   
                    articleEN :  &lt;br&gt;             
                    articleDE : https://de.wikipedia.org/wiki/J%C3%A4gerhofstra%C3%9Fe_20 &lt;br&gt;              
                    wikidata_link : http://www.wikidata.org/entity/Q1714863</description>
                <styleUrl>#33</styleUrl>
                <Point id="1142">
                    <coordinates>6.7845,51.2307,0.0</coordinates>
                </Point>
            </Placemark>
            <Placemark id="1145">
                <name>Ludenberger Straße 1</name>
                <description>                    category  : building &lt;br&gt;   
                    sitelinks : 2.0 &lt;br&gt;   
                    articleEN :  &lt;br&gt;             
                    articleDE : https://de.wikipedia.org/wiki/J%C3%A4gerhaus_(D%C3%BCsseldorf) &lt;br&gt;              
                    wikidata_link : http://www.wikidata.org/entity/Q1714852</description>
                <styleUrl>#33</styleUrl>
                <Point id="1144">
                    <coordinates>6.83057,51.2413,0.0</coordinates>
                </Point>
            </Placemark>
            <Placemark id="1147">
                <name>Justizvollzugsanstalt Düsseldorf</name>
                <description>                    category  : correctional facility &lt;br&gt;   
                    sitelinks : 2.0 &lt;br&gt;   
                    articleEN :  &lt;br&gt;             
                    articleDE : https://de.wikipedia.org/wiki/Justizvollzugsanstalt_D%C3%BCsseldorf &lt;br&gt;              
                    wikidata_link : http://www.wikidata.org/entity/Q1714374</description>
                <styleUrl>#33</styleUrl>
                <Point id="1146">
                    <coordinates>6.82444444,51.27555556,0.0</coordinates>
                </Point>
            </Placemark>
            <Placemark id="1149">
                <name>Jugendhaus</name>
                <description>                    category  : building &lt;br&gt;   
                    sitelinks : 2.0 &lt;br&gt;   
                    articleEN :  &lt;br&gt;             
                    articleDE : https://de.wikipedia.org/wiki/Jugendhaus_D%C3%BCsseldorf &lt;br&gt;              
                    wikidata_link : http://www.wikidata.org/entity/Q1711309</description>
                <styleUrl>#33</styleUrl>
                <Point id="1148">
                    <coordinates>6.7887,51.2379,0.0</coordinates>
                </Point>
            </Placemark>
            <Placemark id="1151">
                <name>Jröne Meerke</name>
                <description>                    category  : park &lt;br&gt;   
                    sitelinks : 2.0 &lt;br&gt;   
                    articleEN :  &lt;br&gt;             
                    articleDE : https://de.wikipedia.org/wiki/Jr%C3%B6ne_Meerke &lt;br&gt;              
                    wikidata_link : http://www.wikidata.org/entity/Q1710285</description>
                <styleUrl>#33</styleUrl>
                <Point id="1150">
                    <coordinates>6.65405,51.215,0.0</coordinates>
                </Point>
            </Placemark>
            <Placemark id="1153">
                <name>Josephskapelle Düsseldorf</name>
                <description>                    category  : church building &lt;br&gt;   
                    sitelinks : 2.0 &lt;br&gt;   
                    articleEN :  &lt;br&gt;             
                    articleDE : https://de.wikipedia.org/wiki/Josephskapelle_(D%C3%BCsseldorf) &lt;br&gt;              
                    wikidata_link : http://www.wikidata.org/entity/Q1708433</description>
                <styleUrl>#33</styleUrl>
                <Point id="1152">
                    <coordinates>6.7711,51.2285,0.0</coordinates>
                </Point>
            </Placemark>
            <Placemark id="1155">
                <name>St. Hubertus</name>
                <description>                    category  : church building &lt;br&gt;   
                    sitelinks : 2.0 &lt;br&gt;   
                    articleEN :  &lt;br&gt;             
                    articleDE : https://de.wikipedia.org/wiki/St._Hubertus_(D%C3%BCsseldorf-Itter) &lt;br&gt;              
                    wikidata_link : http://www.wikidata.org/entity/Q1702034</description>
                <styleUrl>#33</styleUrl>
                <Point id="1154">
                    <coordinates>6.81722,51.1675,0.0</coordinates>
                </Point>
            </Placemark>
            <Placemark id="1157">
                <name>Petruskirche</name>
                <description>                    category  : church building &lt;br&gt;   
                    sitelinks : 2.0 &lt;br&gt;   
                    articleEN :  &lt;br&gt;             
                    articleDE : https://de.wikipedia.org/wiki/Petruskirche_(Unterrath) &lt;br&gt;              
                    wikidata_link : http://www.wikidata.org/entity/Q1691851</description>
                <styleUrl>#33</styleUrl>
                <Point id="1156">
                    <coordinates>6.78237,51.2727,0.0</coordinates>
                </Point>
            </Placemark>
            <Placemark id="1159">
                <name>Rahm</name>
                <description>                    category  : Ortsteil &lt;br&gt;   
                    sitelinks : 2.0 &lt;br&gt;   
                    articleEN :  &lt;br&gt;             
                    articleDE : https://de.wikipedia.org/wiki/Rahm_(Duisburg) &lt;br&gt;              
                    wikidata_link : http://www.wikidata.org/entity/Q1691251</description>
                <styleUrl>#33</styleUrl>
                <Point id="1158">
                    <coordinates>6.78722,51.3497,0.0</coordinates>
                </Point>
            </Placemark>
            <Placemark id="1161">
                <name>Jazz-Schmiede</name>
                <description>                    category  : music venue &lt;br&gt;   
                    sitelinks : 2.0 &lt;br&gt;   
                    articleEN :  &lt;br&gt;             
                    articleDE : https://de.wikipedia.org/wiki/Jazz-Schmiede &lt;br&gt;              
                    wikidata_link : http://www.wikidata.org/entity/Q1684442</description>
                <styleUrl>#33</styleUrl>
                <Point id="1160">
                    <coordinates>6.78083,51.1984,0.0</coordinates>
                </Point>
            </Placemark>
            <Placemark id="1163">
                <name>Jan-Wellem-Platz</name>
                <description>                    category  : architectural structure &lt;br&gt;   
                    sitelinks : 2.0 &lt;br&gt;   
                    articleEN :  &lt;br&gt;             
                    articleDE : https://de.wikipedia.org/wiki/Jan-Wellem-Platz &lt;br&gt;              
                    wikidata_link : http://www.wikidata.org/entity/Q1681555</description>
                <styleUrl>#33</styleUrl>
                <Point id="1162">
                    <coordinates>6.78104,51.2272,0.0</coordinates>
                </Point>
            </Placemark>
            <Placemark id="1165">
                <name>Jahnstadion (Neuss)</name>
                <description>                    category  : association football venue &lt;br&gt;   
                    sitelinks : 2.0 &lt;br&gt;   
                    articleEN :  &lt;br&gt;             
                    articleDE : https://de.wikipedia.org/wiki/Jahnstadion_(Neuss) &lt;br&gt;              
                    wikidata_link : http://www.wikidata.org/entity/Q1678574</description>
                <styleUrl>#33</styleUrl>
                <Point id="1164">
                    <coordinates>6.6753,51.1943,0.0</coordinates>
                </Point>
            </Placemark>
            <Placemark id="1167">
                <name>St. Ludger</name>
                <description>                    category  : church building &lt;br&gt;   
                    sitelinks : 2.0 &lt;br&gt;   
                    articleEN :  &lt;br&gt;             
                    articleDE : https://de.wikipedia.org/wiki/St._Ludger_(D%C3%BCsseldorf-Bilk) &lt;br&gt;              
                    wikidata_link : http://www.wikidata.org/entity/Q1671172</description>
                <styleUrl>#33</styleUrl>
                <Point id="1166">
                    <coordinates>6.77867,51.1969,0.0</coordinates>
                </Point>
            </Placemark>
            <Placemark id="1169">
                <name>Schadowstraße</name>
                <description>                    category  : tram stop &lt;br&gt;   
                    sitelinks : 2.0 &lt;br&gt;   
                    articleEN :  &lt;br&gt;             
                    articleDE : https://de.wikipedia.org/wiki/U-Bahnhof_Schadowstra%C3%9Fe &lt;br&gt;              
                    wikidata_link : http://www.wikidata.org/entity/Q1668997</description>
                <styleUrl>#33</styleUrl>
                <Point id="1168">
                    <coordinates>6.7836,51.2266,0.0</coordinates>
                </Point>
            </Placemark>
            <Placemark id="1171">
                <name>ISR Internationale Schule am Rhein in Neus</name>
                <description>                    category  : nonprofit organization &lt;br&gt;   
                    sitelinks : 2.0 &lt;br&gt;   
                    articleEN : https://en.wikipedia.org/wiki/ISR_International_School_on_the_Rhine &lt;br&gt;             
                    articleDE : https://de.wikipedia.org/wiki/International_School_on_the_Rhine &lt;br&gt;              
                    wikidata_link : http://www.wikidata.org/entity/Q1667440</description>
                <styleUrl>#33</styleUrl>
                <Point id="1170">
                    <coordinates>6.66278,51.19981,0.0</coordinates>
                </Point>
            </Placemark>
            <Placemark id="1173">
                <name>Malkasten-Haus</name>
                <description>                    category  : architectural structure &lt;br&gt;   
                    sitelinks : 2.0 &lt;br&gt;   
                    articleEN :  &lt;br&gt;             
                    articleDE : https://de.wikipedia.org/wiki/Malkasten-Haus &lt;br&gt;              
                    wikidata_link : http://www.wikidata.org/entity/Q1665963</description>
                <styleUrl>#33</styleUrl>
                <Point id="1172">
                    <coordinates>6.78776,51.2296,0.0</coordinates>
                </Point>
            </Placemark>
            <Placemark id="1175">
                <name>Inselstraße 26</name>
                <description>                    category  : building &lt;br&gt;   
                    sitelinks : 2.0 &lt;br&gt;   
                    articleEN :  &lt;br&gt;             
                    articleDE : https://de.wikipedia.org/wiki/Inselstra%C3%9Fe_26_(D%C3%BCsseldorf-Pempelfort) &lt;br&gt;              
                    wikidata_link : http://www.wikidata.org/entity/Q1664505</description>
                <styleUrl>#33</styleUrl>
                <Point id="1174">
                    <coordinates>6.7752,51.2337,0.0</coordinates>
                </Point>
            </Placemark>
            <Placemark id="1177">
                <name>Düsseldorf Inselstraße 27</name>
                <description>                    category  : building &lt;br&gt;   
                    sitelinks : 2.0 &lt;br&gt;   
                    articleEN :  &lt;br&gt;             
                    articleDE : https://de.wikipedia.org/wiki/Inselstra%C3%9Fe_27_(D%C3%BCsseldorf) &lt;br&gt;              
                    wikidata_link : http://www.wikidata.org/entity/Q1664507</description>
                <styleUrl>#33</styleUrl>
                <Point id="1176">
                    <coordinates>6.77505,51.2337,0.0</coordinates>
                </Point>
            </Placemark>
            <Placemark id="1179">
                <name>Industriehaus am Wehrhahn</name>
                <description>                    category  : architectural structure &lt;br&gt;   
                    sitelinks : 2.0 &lt;br&gt;   
                    articleEN :  &lt;br&gt;             
                    articleDE : https://de.wikipedia.org/wiki/Industriehaus_D%C3%BCsseldorf &lt;br&gt;              
                    wikidata_link : http://www.wikidata.org/entity/Q1662043</description>
                <styleUrl>#33</styleUrl>
                <Point id="1178">
                    <coordinates>6.79608,51.2298,0.0</coordinates>
                </Point>
            </Placemark>
            <Placemark id="1181">
                <name>Industrie-Club e.V. Düsseldorf</name>
                <description>                    category  : pressure group &lt;br&gt;   
                    sitelinks : 2.0 &lt;br&gt;   
                    articleEN :  &lt;br&gt;             
                    articleDE : https://de.wikipedia.org/wiki/Industrie-Club_D%C3%BCsseldorf &lt;br&gt;              
                    wikidata_link : http://www.wikidata.org/entity/Q1661960</description>
                <styleUrl>#33</styleUrl>
                <Point id="1180">
                    <coordinates>6.7775,51.22666667,0.0</coordinates>
                </Point>
            </Placemark>
            <Placemark id="1183">
                <name>Immanuelkirche</name>
                <description>                    category  : church building &lt;br&gt;   
                    sitelinks : 2.0 &lt;br&gt;   
                    articleEN :  &lt;br&gt;             
                    articleDE : https://de.wikipedia.org/wiki/Immanuelkirche_(D%C3%BCsseldorf) &lt;br&gt;              
                    wikidata_link : http://www.wikidata.org/entity/Q1659951</description>
                <styleUrl>#33</styleUrl>
                <Point id="1182">
                    <coordinates>6.78528,51.2146,0.0</coordinates>
                </Point>
            </Placemark>
            <Placemark id="1185">
                <name>Ilvericher Altrheinschlinge</name>
                <description>                    category  : protected area &lt;br&gt;   
                    sitelinks : 2.0 &lt;br&gt;   
                    articleEN :  &lt;br&gt;             
                    articleDE : https://de.wikipedia.org/wiki/Ilvericher_Altrheinschlinge &lt;br&gt;              
                    wikidata_link : http://www.wikidata.org/entity/Q1659263</description>
                <styleUrl>#33</styleUrl>
                <Point id="1184">
                    <coordinates>6.6719444444444,51.283472222222,0.0</coordinates>
                </Point>
            </Placemark>
            <Placemark id="1187">
                <name>Ickbach</name>
                <description>                    category  : river &lt;br&gt;   
                    sitelinks : 2.0 &lt;br&gt;   
                    articleEN : https://en.wikipedia.org/wiki/Ickbach &lt;br&gt;             
                    articleDE : https://de.wikipedia.org/wiki/Ickbach_(D%C3%BCssel) &lt;br&gt;              
                    wikidata_link : http://www.wikidata.org/entity/Q1656424</description>
                <styleUrl>#33</styleUrl>
                <Point id="1186">
                    <coordinates>6.80917,51.2042,0.0</coordinates>
                </Point>
            </Placemark>
            <Placemark id="1189">
                <name>Düsseldorf Ziemhaus</name>
                <description>                    category  : architectural structure &lt;br&gt;   
                    sitelinks : 2.0 &lt;br&gt;   
                    articleEN :  &lt;br&gt;             
                    articleDE : https://de.wikipedia.org/wiki/Gesch%C3%A4ftshaus_Ziem &lt;br&gt;              
                    wikidata_link : http://www.wikidata.org/entity/Q1518176</description>
                <styleUrl>#33</styleUrl>
                <Point id="1188">
                    <coordinates>6.77659,51.2263,0.0</coordinates>
                </Point>
            </Placemark>
            <Placemark id="1191">
                <name>Q1515123</name>
                <description>                    category  : Rathaus &lt;br&gt;   
                    sitelinks : 2.0 &lt;br&gt;   
                    articleEN :  &lt;br&gt;             
                    articleDE : https://de.wikipedia.org/wiki/Neues_Rathaus_(D%C3%BCsseldorf) &lt;br&gt;              
                    wikidata_link : http://www.wikidata.org/entity/Q1515123</description>
                <styleUrl>#33</styleUrl>
                <Point id="1190">
                    <coordinates>6.77167,51.2259,0.0</coordinates>
                </Point>
            </Placemark>
            <Placemark id="1193">
                <name>Kunstakademie Düsseldorf</name>
                <description>                    category  : building &lt;br&gt;   
                    sitelinks : 2.0 &lt;br&gt;   
                    articleEN :  &lt;br&gt;             
                    articleDE : https://de.wikipedia.org/wiki/Kunstakademie_D%C3%BCsseldorf_(Geb%C3%A4ude) &lt;br&gt;              
                    wikidata_link : http://www.wikidata.org/entity/Q1513678</description>
                <styleUrl>#33</styleUrl>
                <Point id="1192">
                    <coordinates>6.77473,51.2305,0.0</coordinates>
                </Point>
            </Placemark>
            <Placemark id="1195">
                <name>Beethovenstraße 21</name>
                <description>                    category  : building &lt;br&gt;   
                    sitelinks : 2.0 &lt;br&gt;   
                    articleEN :  &lt;br&gt;             
                    articleDE : https://de.wikipedia.org/wiki/Stadthaus_Maria_Fremerey &lt;br&gt;              
                    wikidata_link : http://www.wikidata.org/entity/Q1504323</description>
                <styleUrl>#33</styleUrl>
                <Point id="1194">
                    <coordinates>6.80224,51.2295,0.0</coordinates>
                </Point>
            </Placemark>
            <Placemark id="1197">
                <name>St. Cyriakus</name>
                <description>                    category  : church building &lt;br&gt;   
                    sitelinks : 2.0 &lt;br&gt;   
                    articleEN :  &lt;br&gt;             
                    articleDE : https://de.wikipedia.org/wiki/St._Cyriakus_(Grimlinghausen) &lt;br&gt;              
                    wikidata_link : http://www.wikidata.org/entity/Q1503606</description>
                <styleUrl>#33</styleUrl>
                <Point id="1196">
                    <coordinates>6.74095,51.1796,0.0</coordinates>
                </Point>
            </Placemark>
            <Placemark id="1199">
                <name>Gellep-Stratum</name>
                <description>                    category  : quarter &lt;br&gt;   
                    sitelinks : 2.0 &lt;br&gt;   
                    articleEN :  &lt;br&gt;             
                    articleDE : https://de.wikipedia.org/wiki/Gellep-Stratum &lt;br&gt;              
                    wikidata_link : http://www.wikidata.org/entity/Q1499723</description>
                <styleUrl>#33</styleUrl>
                <Point id="1198">
                    <coordinates>6.67111,51.3278,0.0</coordinates>
                </Point>
            </Placemark>
            <Placemark id="1201">
                <name>Geismühle</name>
                <description>                    category  : windmill &lt;br&gt;   
                    sitelinks : 2.0 &lt;br&gt;   
                    articleEN :  &lt;br&gt;             
                    articleDE : https://de.wikipedia.org/wiki/Geism%C3%BChle &lt;br&gt;              
                    wikidata_link : http://www.wikidata.org/entity/Q1498920</description>
                <styleUrl>#33</styleUrl>
                <Point id="1200">
                    <coordinates>6.63289,51.3108,0.0</coordinates>
                </Point>
            </Placemark>
            <Placemark id="1203">
                <name>Wasserstraße</name>
                <description>                    category  : street &lt;br&gt;   
                    sitelinks : 2.0 &lt;br&gt;   
                    articleEN :  &lt;br&gt;             
                    articleDE : https://de.wikipedia.org/wiki/Wasserstra%C3%9Fe_(D%C3%BCsseldorf) &lt;br&gt;              
                    wikidata_link : http://www.wikidata.org/entity/Q1498400</description>
                <styleUrl>#33</styleUrl>
                <Point id="1202">
                    <coordinates>6.7724,51.2173,0.0</coordinates>
                </Point>
            </Placemark>
            <Placemark id="1205">
                <name>Garnisonskirche St. Anna</name>
                <description>                    category  : church building &lt;br&gt;   
                    sitelinks : 2.0 &lt;br&gt;   
                    articleEN :  &lt;br&gt;             
                    articleDE : https://de.wikipedia.org/wiki/Garnisonskirche_D%C3%BCsseldorf &lt;br&gt;              
                    wikidata_link : http://www.wikidata.org/entity/Q1494396</description>
                <styleUrl>#33</styleUrl>
                <Point id="1204">
                    <coordinates>6.77597,51.2225,0.0</coordinates>
                </Point>
            </Placemark>
            <Placemark id="1207">
                <name>Garather Mühlenbach</name>
                <description>                    category  : river &lt;br&gt;   
                    sitelinks : 2.0 &lt;br&gt;   
                    articleEN :  &lt;br&gt;             
                    articleDE : https://de.wikipedia.org/wiki/Garather_M%C3%BChlenbach &lt;br&gt;              
                    wikidata_link : http://www.wikidata.org/entity/Q1493905</description>
                <styleUrl>#33</styleUrl>
                <Point id="1206">
                    <coordinates>6.89639,51.1312,0.0</coordinates>
                </Point>
            </Placemark>
            <Placemark id="1209">
                <name>Waldfriedhof Düsseldorf-Gerresheim</name>
                <description>                    category  : cemetery &lt;br&gt;   
                    sitelinks : 2.0 &lt;br&gt;   
                    articleEN :  &lt;br&gt;             
                    articleDE : https://de.wikipedia.org/wiki/Gerresheimer_Waldfriedhof &lt;br&gt;              
                    wikidata_link : http://www.wikidata.org/entity/Q1479324</description>
                <styleUrl>#33</styleUrl>
                <Point id="1208">
                    <coordinates>6.86914,51.2308,0.0</coordinates>
                </Point>
            </Placemark>
            <Placemark id="1211">
                <name>Schloss Garath</name>
                <description>                    category  : architectural structure &lt;br&gt;   
                    sitelinks : 2.0 &lt;br&gt;   
                    articleEN :  &lt;br&gt;             
                    articleDE : https://de.wikipedia.org/wiki/Schloss_Garath &lt;br&gt;              
                    wikidata_link : http://www.wikidata.org/entity/Q1479304</description>
                <styleUrl>#33</styleUrl>
                <Point id="1210">
                    <coordinates>6.90889,51.1399,0.0</coordinates>
                </Point>
            </Placemark>
            <Placemark id="1213">
                <name>Schäferstraße 10, Düsseldorf</name>
                <description>                    category  : residential building &lt;br&gt;   
                    sitelinks : 2.0 &lt;br&gt;   
                    articleEN :  &lt;br&gt;             
                    articleDE : https://de.wikipedia.org/wiki/Sch%C3%A4ferstra%C3%9Fe_10_(D%C3%BCsseldorf) &lt;br&gt;              
                    wikidata_link : http://www.wikidata.org/entity/Q1477132</description>
                <styleUrl>#33</styleUrl>
                <Point id="1212">
                    <coordinates>6.77566,51.2342,0.0</coordinates>
                </Point>
            </Placemark>
            <Placemark id="1215">
                <name>Klarissenkloster Neuss</name>
                <description>                    category  : religious community &lt;br&gt;   
                    sitelinks : 2.0 &lt;br&gt;   
                    articleEN :  &lt;br&gt;             
                    articleDE : https://de.wikipedia.org/wiki/Klarissenkloster_Neuss &lt;br&gt;              
                    wikidata_link : http://www.wikidata.org/entity/Q1466823</description>
                <styleUrl>#33</styleUrl>
                <Point id="1214">
                    <coordinates>6.69378,51.1967,0.0</coordinates>
                </Point>
            </Placemark>
            <Placemark id="1217">
                <name>Friedenskirche</name>
                <description>                    category  : church building &lt;br&gt;   
                    sitelinks : 2.0 &lt;br&gt;   
                    articleEN :  &lt;br&gt;             
                    articleDE : https://de.wikipedia.org/wiki/Friedenskirche_(D%C3%BCsseldorf) &lt;br&gt;              
                    wikidata_link : http://www.wikidata.org/entity/Q1456779</description>
                <styleUrl>#33</styleUrl>
                <Point id="1216">
                    <coordinates>6.77165,51.2118,0.0</coordinates>
                </Point>
            </Placemark>
            <Placemark id="1219">
                <name>Koburg</name>
                <description>                    category  : villa &lt;br&gt;   
                    sitelinks : 2.0 &lt;br&gt;   
                    articleEN :  &lt;br&gt;             
                    articleDE : https://de.wikipedia.org/wiki/Koburg_(Mettmann) &lt;br&gt;              
                    wikidata_link : http://www.wikidata.org/entity/Q1456022</description>
                <styleUrl>#33</styleUrl>
                <Point id="1218">
                    <coordinates>6.96174,51.2271,0.0</coordinates>
                </Point>
            </Placemark>
            <Placemark id="1221">
                <name>Freiligrathplatz</name>
                <description>                    category  : architectural structure &lt;br&gt;   
                    sitelinks : 2.0 &lt;br&gt;   
                    articleEN :  &lt;br&gt;             
                    articleDE : https://de.wikipedia.org/wiki/Freiligrathplatz &lt;br&gt;              
                    wikidata_link : http://www.wikidata.org/entity/Q1454544</description>
                <styleUrl>#33</styleUrl>
                <Point id="1220">
                    <coordinates>6.75275,51.2652,0.0</coordinates>
                </Point>
            </Placemark>
            <Placemark id="1223">
                <name>Palais Nesselrode</name>
                <description>                    category  : architectural structure &lt;br&gt;   
                    sitelinks : 2.0 &lt;br&gt;   
                    articleEN :  &lt;br&gt;             
                    articleDE : https://de.wikipedia.org/wiki/Palais_Nesselrode &lt;br&gt;              
                    wikidata_link : http://www.wikidata.org/entity/Q1453301</description>
                <styleUrl>#33</styleUrl>
                <Point id="1222">
                    <coordinates>6.77103,51.224,0.0</coordinates>
                </Point>
            </Placemark>
            <Placemark id="1225">
                <name>Frauensteine</name>
                <description>                    category  : stone &lt;br&gt;   
                    sitelinks : 2.0 &lt;br&gt;   
                    articleEN :  &lt;br&gt;             
                    articleDE : https://de.wikipedia.org/wiki/Frauensteine &lt;br&gt;              
                    wikidata_link : http://www.wikidata.org/entity/Q1451873</description>
                <styleUrl>#33</styleUrl>
                <Point id="1224">
                    <coordinates>6.83306,51.2651,0.0</coordinates>
                </Point>
            </Placemark>
            <Placemark id="1227">
                <name>Gymnasium Koblenzer Straße</name>
                <description>                    category  : Gymnasium in Germany &lt;br&gt;   
                    sitelinks : 2.0 &lt;br&gt;   
                    articleEN :  &lt;br&gt;             
                    articleDE : https://de.wikipedia.org/wiki/Gymnasium_Koblenzer_Stra%C3%9Fe &lt;br&gt;              
                    wikidata_link : http://www.wikidata.org/entity/Q1451339</description>
                <styleUrl>#33</styleUrl>
                <Point id="1226">
                    <coordinates>6.88758,51.1501,0.0</coordinates>
                </Point>
            </Placemark>
            <Placemark id="1229">
                <name>St. Maria in den Benden</name>
                <description>                    category  : church building &lt;br&gt;   
                    sitelinks : 2.0 &lt;br&gt;   
                    articleEN :  &lt;br&gt;             
                    articleDE : https://de.wikipedia.org/wiki/St._Maria_in_den_Benden_(D%C3%BCsseldorf) &lt;br&gt;              
                    wikidata_link : http://www.wikidata.org/entity/Q1448845</description>
                <styleUrl>#33</styleUrl>
                <Point id="1228">
                    <coordinates>6.81387,51.1843,0.0</coordinates>
                </Point>
            </Placemark>
            <Placemark id="1231">
                <name>Jacobistraße 10</name>
                <description>                    category  : residential building &lt;br&gt;   
                    sitelinks : 2.0 &lt;br&gt;   
                    articleEN :  &lt;br&gt;             
                    articleDE : https://de.wikipedia.org/wiki/Haus_u._Privatgalerie_Oeder &lt;br&gt;              
                    wikidata_link : http://www.wikidata.org/entity/Q1375230</description>
                <styleUrl>#33</styleUrl>
                <Point id="1230">
                    <coordinates>6.78752,51.2291,0.0</coordinates>
                </Point>
            </Placemark>
            <Placemark id="1233">
                <name>Uedesheimer Straße (Düsseldorf)</name>
                <description>                    category  : architectural structure &lt;br&gt;   
                    sitelinks : 2.0 &lt;br&gt;   
                    articleEN :  &lt;br&gt;             
                    articleDE : https://de.wikipedia.org/wiki/Uedesheimer_Stra%C3%9Fe_22%E2%80%9328,_30%E2%80%9348,_50%E2%80%9356 &lt;br&gt;              
                    wikidata_link : http://www.wikidata.org/entity/Q1367674</description>
                <styleUrl>#33</styleUrl>
                <Point id="1232">
                    <coordinates>6.76595,51.1981,0.0</coordinates>
                </Point>
            </Placemark>
            <Placemark id="1235">
                <name>Marktplatz</name>
                <description>                    category  : square &lt;br&gt;   
                    sitelinks : 2.0 &lt;br&gt;   
                    articleEN :  &lt;br&gt;             
                    articleDE : https://de.wikipedia.org/wiki/Marktplatz_(D%C3%BCsseldorf) &lt;br&gt;              
                    wikidata_link : http://www.wikidata.org/entity/Q1358486</description>
                <styleUrl>#33</styleUrl>
                <Point id="1234">
                    <coordinates>6.7719444444444,51.225833333333,0.0</coordinates>
                </Point>
            </Placemark>
            <Placemark id="1237">
                <name>Hochdahl</name>
                <description>                    category  : quarter &lt;br&gt;   
                    sitelinks : 2.0 &lt;br&gt;   
                    articleEN :  &lt;br&gt;             
                    articleDE : https://de.wikipedia.org/wiki/Erkrath-Hochdahl &lt;br&gt;              
                    wikidata_link : http://www.wikidata.org/entity/Q1355151</description>
                <styleUrl>#33</styleUrl>
                <Point id="1236">
                    <coordinates>6.95694,51.2078,0.0</coordinates>
                </Point>
            </Placemark>
            <Placemark id="1239">
                <name>Erinneringe</name>
                <description>                    category  : sculpture &lt;br&gt;   
                    sitelinks : 2.0 &lt;br&gt;   
                    articleEN :  &lt;br&gt;             
                    articleDE : https://de.wikipedia.org/wiki/Erinneringe &lt;br&gt;              
                    wikidata_link : http://www.wikidata.org/entity/Q1354625</description>
                <styleUrl>#33</styleUrl>
                <Point id="1238">
                    <coordinates>6.976477,51.250398,0.0</coordinates>
                </Point>
            </Placemark>
            <Placemark id="1241">
                <name>LVA-Hauptgebäude</name>
                <description>                    category  : architectural structure &lt;br&gt;   
                    sitelinks : 2.0 &lt;br&gt;   
                    articleEN :  &lt;br&gt;             
                    articleDE : https://de.wikipedia.org/wiki/LVA-Hauptgeb%C3%A4ude &lt;br&gt;              
                    wikidata_link : http://www.wikidata.org/entity/Q1353766</description>
                <styleUrl>#33</styleUrl>
                <Point id="1240">
                    <coordinates>6.7778,51.2178,0.0</coordinates>
                </Point>
            </Placemark>
            <Placemark id="1243">
                <name>Haus Vionville</name>
                <description>                    category  : building &lt;br&gt;   
                    sitelinks : 2.0 &lt;br&gt;   
                    articleEN :  &lt;br&gt;             
                    articleDE : https://de.wikipedia.org/wiki/Haus_Vionville &lt;br&gt;              
                    wikidata_link : http://www.wikidata.org/entity/Q1351073</description>
                <styleUrl>#33</styleUrl>
                <Point id="1242">
                    <coordinates>6.76656,51.2475,0.0</coordinates>
                </Point>
            </Placemark>
            <Placemark id="1245">
                <name>Erfttal</name>
                <description>                    category  : Ortsteil &lt;br&gt;   
                    sitelinks : 2.0 &lt;br&gt;   
                    articleEN :  &lt;br&gt;             
                    articleDE : https://de.wikipedia.org/wiki/Erfttal &lt;br&gt;              
                    wikidata_link : http://www.wikidata.org/entity/Q1350163</description>
                <styleUrl>#33</styleUrl>
                <Point id="1244">
                    <coordinates>6.7287,51.1704,0.0</coordinates>
                </Point>
            </Placemark>
            <Placemark id="1247">
                <name>Neukirchen</name>
                <description>                    category  : Ortsteil &lt;br&gt;   
                    sitelinks : 2.0 &lt;br&gt;   
                    articleEN :  &lt;br&gt;             
                    articleDE : https://de.wikipedia.org/wiki/Neukirchen_(Grevenbroich) &lt;br&gt;              
                    wikidata_link : http://www.wikidata.org/entity/Q1344515</description>
                <styleUrl>#33</styleUrl>
                <Point id="1246">
                    <coordinates>6.68007,51.1227,0.0</coordinates>
                </Point>
            </Placemark>
            <Placemark id="1249">
                <name>Karl-Arnold-Haus</name>
                <description>                    category  : office building &lt;br&gt;   
                    sitelinks : 2.0 &lt;br&gt;   
                    articleEN :  &lt;br&gt;             
                    articleDE : https://de.wikipedia.org/wiki/Karl-Arnold-Haus &lt;br&gt;              
                    wikidata_link : http://www.wikidata.org/entity/Q1339562</description>
                <styleUrl>#33</styleUrl>
                <Point id="1248">
                    <coordinates>6.77141,51.2095,0.0</coordinates>
                </Point>
            </Placemark>
            <Placemark id="1251">
                <name>Elvekum</name>
                <description>                    category  : Ortsteil &lt;br&gt;   
                    sitelinks : 2.0 &lt;br&gt;   
                    articleEN :  &lt;br&gt;             
                    articleDE : https://de.wikipedia.org/wiki/Elvekum &lt;br&gt;              
                    wikidata_link : http://www.wikidata.org/entity/Q1334185</description>
                <styleUrl>#33</styleUrl>
                <Point id="1250">
                    <coordinates>6.75111,51.1481,0.0</coordinates>
                </Point>
            </Placemark>
            <Placemark id="1253">
                <name>Ellerstraße</name>
                <description>                    category  : street &lt;br&gt;   
                    sitelinks : 2.0 &lt;br&gt;   
                    articleEN :  &lt;br&gt;             
                    articleDE : https://de.wikipedia.org/wiki/Ellerstra%C3%9Fe_(D%C3%BCsseldorf) &lt;br&gt;              
                    wikidata_link : http://www.wikidata.org/entity/Q1332053</description>
                <styleUrl>#33</styleUrl>
                <Point id="1252">
                    <coordinates>6.79868,51.2153,0.0</coordinates>
                </Point>
            </Placemark>
            <Placemark id="1255">
                <name>Elektrothek Osterath</name>
                <description>                    category  : technology museum &lt;br&gt;   
                    sitelinks : 2.0 &lt;br&gt;   
                    articleEN :  &lt;br&gt;             
                    articleDE : https://de.wikipedia.org/wiki/Elektrothek_Osterath &lt;br&gt;              
                    wikidata_link : http://www.wikidata.org/entity/Q1327650</description>
                <styleUrl>#33</styleUrl>
                <Point id="1254">
                    <coordinates>6.62691,51.2615,0.0</coordinates>
                </Point>
            </Placemark>
            <Placemark id="1257">
                <name>Neandertal game reserve</name>
                <description>                    category  : game reserve &lt;br&gt;   
                    sitelinks : 2.0 &lt;br&gt;   
                    articleEN :  &lt;br&gt;             
                    articleDE : https://de.wikipedia.org/wiki/Eiszeitliches_Wildgehege_Neandertal &lt;br&gt;              
                    wikidata_link : http://www.wikidata.org/entity/Q1321058</description>
                <styleUrl>#33</styleUrl>
                <Point id="1256">
                    <coordinates>6.9544444444444,51.223611111111,0.0</coordinates>
                </Point>
            </Placemark>
            <Placemark id="1259">
                <name>Vodafone-Hochhaus</name>
                <description>                    category  : tower block &lt;br&gt;   
                    sitelinks : 2.0 &lt;br&gt;   
                    articleEN :  &lt;br&gt;             
                    articleDE : https://de.wikipedia.org/wiki/Mannesmann-Hochhaus &lt;br&gt;              
                    wikidata_link : http://www.wikidata.org/entity/Q1314000</description>
                <styleUrl>#33</styleUrl>
                <Point id="1258">
                    <coordinates>6.76805,51.220611111111,0.0</coordinates>
                </Point>
            </Placemark>
            <Placemark id="1261">
                <name>Stoffeler Friedhof</name>
                <description>                    category  : cemetery &lt;br&gt;   
                    sitelinks : 2.0 &lt;br&gt;   
                    articleEN :  &lt;br&gt;             
                    articleDE : https://de.wikipedia.org/wiki/Stoffeler_Friedhof &lt;br&gt;              
                    wikidata_link : http://www.wikidata.org/entity/Q1310983</description>
                <styleUrl>#33</styleUrl>
                <Point id="1260">
                    <coordinates>6.7975,51.201666666667,0.0</coordinates>
                </Point>
            </Placemark>
            <Placemark id="1263">
                <name>St. Elisabeth (Düsseldorf-Reisholz)</name>
                <description>                    category  : parish church &lt;br&gt;   
                    sitelinks : 2.0 &lt;br&gt;   
                    articleEN :  &lt;br&gt;             
                    articleDE : https://de.wikipedia.org/wiki/St._Elisabeth_(D%C3%BCsseldorf-Reisholz) &lt;br&gt;              
                    wikidata_link : http://www.wikidata.org/entity/Q1310430</description>
                <styleUrl>#33</styleUrl>
                <Point id="1262">
                    <coordinates>6.8606,51.1765,0.0</coordinates>
                </Point>
            </Placemark>
            <Placemark id="1265">
                <name>Tonhalle/Ehrenhof</name>
                <description>                    category  : tram stop &lt;br&gt;   
                    sitelinks : 2.0 &lt;br&gt;   
                    articleEN :  &lt;br&gt;             
                    articleDE : https://de.wikipedia.org/wiki/U-Bahnhof_Tonhalle/Ehrenhof &lt;br&gt;              
                    wikidata_link : http://www.wikidata.org/entity/Q1309755</description>
                <styleUrl>#33</styleUrl>
                <Point id="1264">
                    <coordinates>6.77386,51.2316,0.0</coordinates>
                </Point>
            </Placemark>
            <Placemark id="1267">
                <name>Alleestraße 26, Ecke Elberfeldstraße in Düsseldorf</name>
                <description>                    category  : destroyed building or structure &lt;br&gt;   
                    sitelinks : 2.0 &lt;br&gt;   
                    articleEN :  &lt;br&gt;             
                    articleDE : https://de.wikipedia.org/wiki/Gesch%C3%A4ftshaus_Johann_Peters &lt;br&gt;              
                    wikidata_link : http://www.wikidata.org/entity/Q1306818</description>
                <styleUrl>#33</styleUrl>
                <Point id="1266">
                    <coordinates>6.77738,51.2261,0.0</coordinates>
                </Point>
            </Placemark>
            <Placemark id="1269">
                <name>Alleestraße 42</name>
                <description>                    category  : destroyed building or structure &lt;br&gt;   
                    sitelinks : 2.0 &lt;br&gt;   
                    articleEN :  &lt;br&gt;             
                    articleDE : https://de.wikipedia.org/wiki/Haus_u._Privatgalerie_Schulte &lt;br&gt;              
                    wikidata_link : http://www.wikidata.org/entity/Q1302039</description>
                <styleUrl>#33</styleUrl>
                <Point id="1268">
                    <coordinates>6.7767,51.2257,0.0</coordinates>
                </Point>
            </Placemark>
            <Placemark id="1271">
                <name>Ehrenhof</name>
                <description>                    category  : architectural ensemble &lt;br&gt;   
                    sitelinks : 2.0 &lt;br&gt;   
                    articleEN :  &lt;br&gt;             
                    articleDE : https://de.wikipedia.org/wiki/Ehrenhof_(D%C3%BCsseldorf) &lt;br&gt;              
                    wikidata_link : http://www.wikidata.org/entity/Q1300150</description>
                <styleUrl>#33</styleUrl>
                <Point id="1270">
                    <coordinates>6.77258,51.2344,0.0</coordinates>
                </Point>
            </Placemark>
            <Placemark id="1273">
                <name>Ehra oder Kind mit Ball</name>
                <description>                    category  : statue &lt;br&gt;   
                    sitelinks : 2.0 &lt;br&gt;   
                    articleEN :  &lt;br&gt;             
                    articleDE : https://de.wikipedia.org/wiki/Ehra_oder_Kind_mit_Ball &lt;br&gt;              
                    wikidata_link : http://www.wikidata.org/entity/Q1299807</description>
                <styleUrl>#33</styleUrl>
                <Point id="1272">
                    <coordinates>6.77093,51.2247,0.0</coordinates>
                </Point>
            </Placemark>
            <Placemark id="1275">
                <name>Ehemaliges Pressehaus Düsseldorf</name>
                <description>                    category  : architectural structure &lt;br&gt;   
                    sitelinks : 2.0 &lt;br&gt;   
                    articleEN :  &lt;br&gt;             
                    articleDE : https://de.wikipedia.org/wiki/Ehemaliges_Pressehaus_D%C3%BCsseldorf &lt;br&gt;              
                    wikidata_link : http://www.wikidata.org/entity/Q1299518</description>
                <styleUrl>#33</styleUrl>
                <Point id="1274">
                    <coordinates>6.78208,51.2249,0.0</coordinates>
                </Point>
            </Placemark>
            <Placemark id="1277">
                <name>Dominikanerkloster an der Herzogstraße in Düsseldorf</name>
                <description>                    category  : monastery &lt;br&gt;   
                    sitelinks : 2.0 &lt;br&gt;   
                    articleEN :  &lt;br&gt;             
                    articleDE : https://de.wikipedia.org/wiki/Ehemaliges_Dominikanerkloster_(D%C3%BCsseldorf) &lt;br&gt;              
                    wikidata_link : http://www.wikidata.org/entity/Q1299486</description>
                <styleUrl>#33</styleUrl>
                <Point id="1276">
                    <coordinates>6.77824,51.2153,0.0</coordinates>
                </Point>
            </Placemark>
            <Placemark id="1279">
                <name>Q4337181</name>
                <description>                    category  : interchange &lt;br&gt;   
                    sitelinks : 2.0 &lt;br&gt;   
                    articleEN :  &lt;br&gt;             
                    articleDE : https://de.wikipedia.org/wiki/Autobahndreieck_D%C3%BCsseldorf-S%C3%BCd &lt;br&gt;              
                    wikidata_link : http://www.wikidata.org/entity/Q4337181</description>
                <styleUrl>#33</styleUrl>
                <Point id="1278">
                    <coordinates>6.8696,51.18991,0.0</coordinates>
                </Point>
            </Placemark>
            <Placemark id="1281">
                <name>Unterfeldhaus</name>
                <description>                    category  : Ortsteil &lt;br&gt;   
                    sitelinks : 2.0 &lt;br&gt;   
                    articleEN :  &lt;br&gt;             
                    articleDE : https://de.wikipedia.org/wiki/Erkrath-Unterfeldhaus &lt;br&gt;              
                    wikidata_link : http://www.wikidata.org/entity/Q2692901</description>
                <styleUrl>#33</styleUrl>
                <Point id="1280">
                    <coordinates>6.92259,51.2004,0.0</coordinates>
                </Point>
            </Placemark>
            <Placemark id="1283">
                <name>Hofgartenstraße 6 (Düsseldorf)</name>
                <description>                    category  : destroyed building or structure &lt;br&gt;   
                    sitelinks : 2.0 &lt;br&gt;   
                    articleEN :  &lt;br&gt;             
                    articleDE : https://de.wikipedia.org/wiki/Wohnhaus_Ernst_Cramer &lt;br&gt;              
                    wikidata_link : http://www.wikidata.org/entity/Q2587977</description>
                <styleUrl>#33</styleUrl>
                <Point id="1282">
                    <coordinates>6.78056,51.2272,0.0</coordinates>
                </Point>
            </Placemark>
            <Placemark id="1285">
                <name>Grabenstraße 4, Düsseldorf</name>
                <description>                    category  : building &lt;br&gt;   
                    sitelinks : 2.0 &lt;br&gt;   
                    articleEN :  &lt;br&gt;             
                    articleDE : https://de.wikipedia.org/wiki/Wohn-_und_Gesch%C3%A4ftshaus_Mangold &lt;br&gt;              
                    wikidata_link : http://www.wikidata.org/entity/Q2587909</description>
                <styleUrl>#33</styleUrl>
                <Point id="1284">
                    <coordinates>6.77463,51.2245,0.0</coordinates>
                </Point>
            </Placemark>
            <Placemark id="1287">
                <name>Wohn- und Geschäftshaus Ludwig Kraus, Düsseldorf</name>
                <description>                    category  : building &lt;br&gt;   
                    sitelinks : 2.0 &lt;br&gt;   
                    articleEN :  &lt;br&gt;             
                    articleDE : https://de.wikipedia.org/wiki/Wohn-_und_Gesch%C3%A4ftshaus_Ludwig_Kraus &lt;br&gt;              
                    wikidata_link : http://www.wikidata.org/entity/Q2587907</description>
                <styleUrl>#33</styleUrl>
                <Point id="1286">
                    <coordinates>6.7887,51.2249,0.0</coordinates>
                </Point>
            </Placemark>
            <Placemark id="1289">
                <name>Weckhoven</name>
                <description>                    category  : Ortsteil &lt;br&gt;   
                    sitelinks : 2.0 &lt;br&gt;   
                    articleEN :  &lt;br&gt;             
                    articleDE : https://de.wikipedia.org/wiki/Weckhoven &lt;br&gt;              
                    wikidata_link : http://www.wikidata.org/entity/Q2553834</description>
                <styleUrl>#33</styleUrl>
                <Point id="1288">
                    <coordinates>6.69256,51.1581,0.0</coordinates>
                </Point>
            </Placemark>
            <Placemark id="1291">
                <name>Wasserwerk Bockum</name>
                <description>                    category  : architectural structure &lt;br&gt;   
                    sitelinks : 2.0 &lt;br&gt;   
                    articleEN :  &lt;br&gt;             
                    articleDE : https://de.wikipedia.org/wiki/Wasserwerk_Bockum &lt;br&gt;              
                    wikidata_link : http://www.wikidata.org/entity/Q2551947</description>
                <styleUrl>#33</styleUrl>
                <Point id="1290">
                    <coordinates>6.73063,51.337,0.0</coordinates>
                </Point>
            </Placemark>
            <Placemark id="1293">
                <name>Goethe Museum, Düsseldorf</name>
                <description>                    category  : museum &lt;br&gt;   
                    sitelinks : 2.0 &lt;br&gt;   
                    articleEN :  &lt;br&gt;             
                    articleDE : https://de.wikipedia.org/wiki/Goethe-Museum_(D%C3%BCsseldorf) &lt;br&gt;              
                    wikidata_link : http://www.wikidata.org/entity/Q28746263</description>
                <styleUrl>#33</styleUrl>
                <Point id="1292">
                    <coordinates>6.78772,51.23093,0.0</coordinates>
                </Point>
            </Placemark>
            <Placemark id="1295">
                <name>Westliches Neandertal</name>
                <description>                    category  : protected area &lt;br&gt;   
                    sitelinks : 2.0 &lt;br&gt;   
                    articleEN :  &lt;br&gt;             
                    articleDE : https://de.wikipedia.org/wiki/Westliches_Neandertal &lt;br&gt;              
                    wikidata_link : http://www.wikidata.org/entity/Q27347991</description>
                <styleUrl>#33</styleUrl>
                <Point id="1294">
                    <coordinates>6.9352777777778,51.226666666667,0.0</coordinates>
                </Point>
            </Placemark>
            <Placemark id="1297">
                <name>Laubacher Steinbruch</name>
                <description>                    category  : protected area &lt;br&gt;   
                    sitelinks : 2.0 &lt;br&gt;   
                    articleEN :  &lt;br&gt;             
                    articleDE : https://de.wikipedia.org/wiki/Laubacher_Steinbruch &lt;br&gt;              
                    wikidata_link : http://www.wikidata.org/entity/Q27313350</description>
                <styleUrl>#33</styleUrl>
                <Point id="1296">
                    <coordinates>6.9455555555556,51.228333333333,0.0</coordinates>
                </Point>
            </Placemark>
            <Placemark id="1299">
                <name>Neandertal</name>
                <description>                    category  : protected area &lt;br&gt;   
                    sitelinks : 2.0 &lt;br&gt;   
                    articleEN :  &lt;br&gt;             
                    articleDE : https://de.wikipedia.org/wiki/Naturschutzgebiet_Neandertal &lt;br&gt;              
                    wikidata_link : http://www.wikidata.org/entity/Q27312782</description>
                <styleUrl>#33</styleUrl>
                <Point id="1298">
                    <coordinates>6.9719444444444,51.223611111111,0.0</coordinates>
                </Point>
            </Placemark>
            <Placemark id="1301">
                <name>U-Bahnhof Handelszentrum/Moskauer Straße</name>
                <description>                    category  : tram stop &lt;br&gt;   
                    sitelinks : 2.0 &lt;br&gt;   
                    articleEN :  &lt;br&gt;             
                    articleDE : https://de.wikipedia.org/wiki/U-Bahnhof_Handelszentrum/Moskauer_Stra%C3%9Fe &lt;br&gt;              
                    wikidata_link : http://www.wikidata.org/entity/Q1270573</description>
                <styleUrl>#33</styleUrl>
                <Point id="1300">
                    <coordinates>6.80017,51.2188,0.0</coordinates>
                </Point>
            </Placemark>
            <Placemark id="1303">
                <name>Dyckhof</name>
                <description>                    category  : estate &lt;br&gt;   
                    sitelinks : 2.0 &lt;br&gt;   
                    articleEN :  &lt;br&gt;             
                    articleDE : https://de.wikipedia.org/wiki/Dyckhof &lt;br&gt;              
                    wikidata_link : http://www.wikidata.org/entity/Q1268620</description>
                <styleUrl>#33</styleUrl>
                <Point id="1302">
                    <coordinates>6.683123,51.241449,0.0</coordinates>
                </Point>
            </Placemark>
            <Placemark id="1305">
                <name>Westfeld</name>
                <description>                    category  : Ortsteil &lt;br&gt;   
                    sitelinks : 2.0 &lt;br&gt;   
                    articleEN :  &lt;br&gt;             
                    articleDE : https://de.wikipedia.org/wiki/Westfeld_(Neuss) &lt;br&gt;              
                    wikidata_link : http://www.wikidata.org/entity/Q1266669</description>
                <styleUrl>#33</styleUrl>
                <Point id="1304">
                    <coordinates>6.64722,51.1919,0.0</coordinates>
                </Point>
            </Placemark>
            <Placemark id="1307">
                <name>Stadionviertel</name>
                <description>                    category  : Ortsteil &lt;br&gt;   
                    sitelinks : 2.0 &lt;br&gt;   
                    articleEN :  &lt;br&gt;             
                    articleDE : https://de.wikipedia.org/wiki/Stadionviertel &lt;br&gt;              
                    wikidata_link : http://www.wikidata.org/entity/Q1263891</description>
                <styleUrl>#33</styleUrl>
                <Point id="1306">
                    <coordinates>6.67306,51.1919,0.0</coordinates>
                </Point>
            </Placemark>
            <Placemark id="1309">
                <name>Duisburg-Rheinheim</name>
                <description>                    category  : Ortsteil &lt;br&gt;   
                    sitelinks : 2.0 &lt;br&gt;   
                    articleEN :  &lt;br&gt;             
                    articleDE : https://de.wikipedia.org/wiki/Rheinheim_(Duisburg) &lt;br&gt;              
                    wikidata_link : http://www.wikidata.org/entity/Q1262478</description>
                <styleUrl>#33</styleUrl>
                <Point id="1308">
                    <coordinates>6.6963,51.3424,0.0</coordinates>
                </Point>
            </Placemark>
            <Placemark id="1311">
                <name>Wildpark im Grafenberger Wald</name>
                <description>                    category  : zoo &lt;br&gt;   
                    sitelinks : 2.0 &lt;br&gt;   
                    articleEN :  &lt;br&gt;             
                    articleDE : https://de.wikipedia.org/wiki/Wildpark_im_Grafenberger_Wald &lt;br&gt;              
                    wikidata_link : http://www.wikidata.org/entity/Q1261659</description>
                <styleUrl>#33</styleUrl>
                <Point id="1310">
                    <coordinates>6.8427,51.2491,0.0</coordinates>
                </Point>
            </Placemark>
            <Placemark id="1313">
                <name>Mauerstraße</name>
                <description>                    category  : street &lt;br&gt;   
                    sitelinks : 2.0 &lt;br&gt;   
                    articleEN :  &lt;br&gt;             
                    articleDE : https://de.wikipedia.org/wiki/Mauerstra%C3%9Fe_(D%C3%BCsseldorf) &lt;br&gt;              
                    wikidata_link : http://www.wikidata.org/entity/Q1261207</description>
                <styleUrl>#33</styleUrl>
                <Point id="1312">
                    <coordinates>6.77865,51.2423,0.0</coordinates>
                </Point>
            </Placemark>
            <Placemark id="1315">
                <name>Elisabethstraße 12</name>
                <description>                    category  : building &lt;br&gt;   
                    sitelinks : 2.0 &lt;br&gt;   
                    articleEN :  &lt;br&gt;             
                    articleDE : https://de.wikipedia.org/wiki/Elisabethstra%C3%9Fe_12_(D%C3%BCsseldorf) &lt;br&gt;              
                    wikidata_link : http://www.wikidata.org/entity/Q1257810</description>
                <styleUrl>#33</styleUrl>
                <Point id="1314">
                    <coordinates>6.77565,51.217,0.0</coordinates>
                </Point>
            </Placemark>
            <Placemark id="1317">
                <name>St. Augustine</name>
                <description>                    category  : church building &lt;br&gt;   
                    sitelinks : 2.0 &lt;br&gt;   
                    articleEN :  &lt;br&gt;             
                    articleDE : https://de.wikipedia.org/wiki/St._Augustinus_(D%C3%BCsseldorf-Eller) &lt;br&gt;              
                    wikidata_link : http://www.wikidata.org/entity/Q1255819</description>
                <styleUrl>#33</styleUrl>
                <Point id="1316">
                    <coordinates>6.83976,51.2,0.0</coordinates>
                </Point>
            </Placemark>
            <Placemark id="1319">
                <name>Douvenhaus</name>
                <description>                    category  : building &lt;br&gt;   
                    sitelinks : 2.0 &lt;br&gt;   
                    articleEN :  &lt;br&gt;             
                    articleDE : https://de.wikipedia.org/wiki/Douvenhaus &lt;br&gt;              
                    wikidata_link : http://www.wikidata.org/entity/Q1252770</description>
                <styleUrl>#33</styleUrl>
                <Point id="1318">
                    <coordinates>6.77116,51.2283,0.0</coordinates>
                </Point>
            </Placemark>
            <Placemark id="1321">
                <name>Klarenbachkirche</name>
                <description>                    category  : church building &lt;br&gt;   
                    sitelinks : 2.0 &lt;br&gt;   
                    articleEN :  &lt;br&gt;             
                    articleDE : https://de.wikipedia.org/wiki/Klarenbachkirche_(D%C3%BCsseldorf-Holthausen) &lt;br&gt;              
                    wikidata_link : http://www.wikidata.org/entity/Q1248104</description>
                <styleUrl>#33</styleUrl>
                <Point id="1320">
                    <coordinates>6.83477,51.1731,0.0</coordinates>
                </Point>
            </Placemark>
            <Placemark id="1323">
                <name>Jüdischer Friedhof am Glehner Weg</name>
                <description>                    category  : Jewish cemetery &lt;br&gt;   
                    sitelinks : 2.0 &lt;br&gt;   
                    articleEN :  &lt;br&gt;             
                    articleDE : https://de.wikipedia.org/wiki/J%C3%BCdischer_Friedhof_am_Glehner_Weg &lt;br&gt;              
                    wikidata_link : http://www.wikidata.org/entity/Q1246741</description>
                <styleUrl>#33</styleUrl>
                <Point id="1322">
                    <coordinates>6.66822,51.1947,0.0</coordinates>
                </Point>
            </Placemark>
            <Placemark id="1325">
                <name>Inselstraße 17</name>
                <description>                    category  : building &lt;br&gt;   
                    sitelinks : 2.0 &lt;br&gt;   
                    articleEN :  &lt;br&gt;             
                    articleDE : https://de.wikipedia.org/wiki/Inselstra%C3%9Fe_17_(D%C3%BCsseldorf-Pempelfort) &lt;br&gt;              
                    wikidata_link : http://www.wikidata.org/entity/Q1234907</description>
                <styleUrl>#33</styleUrl>
                <Point id="1324">
                    <coordinates>6.77666,51.2333,0.0</coordinates>
                </Point>
            </Placemark>
            <Placemark id="1327">
                <name>St. Ursula</name>
                <description>                    category  : church building &lt;br&gt;   
                    sitelinks : 2.0 &lt;br&gt;   
                    articleEN :  &lt;br&gt;             
                    articleDE : https://de.wikipedia.org/wiki/St._Ursula_(D%C3%BCsseldorf-Grafenberg) &lt;br&gt;              
                    wikidata_link : http://www.wikidata.org/entity/Q1232421</description>
                <styleUrl>#33</styleUrl>
                <Point id="1326">
                    <coordinates>6.82617,51.2395,0.0</coordinates>
                </Point>
            </Placemark>
            <Placemark id="1329">
                <name>Dietrich-Bonhoeffer-Kirche</name>
                <description>                    category  : church building &lt;br&gt;   
                    sitelinks : 2.0 &lt;br&gt;   
                    articleEN :  &lt;br&gt;             
                    articleDE : https://de.wikipedia.org/wiki/Dietrich-Bonhoeffer-Kirche_(D%C3%BCsseldorf) &lt;br&gt;              
                    wikidata_link : http://www.wikidata.org/entity/Q1223624</description>
                <styleUrl>#33</styleUrl>
                <Point id="1328">
                    <coordinates>6.8901,51.1447,0.0</coordinates>
                </Point>
            </Placemark>
            <Placemark id="1331">
                <name>Nubian Woman</name>
                <description>                    category  : statue &lt;br&gt;   
                    sitelinks : 2.0 &lt;br&gt;   
                    articleEN :  &lt;br&gt;             
                    articleDE : https://de.wikipedia.org/wiki/Die_Nubierin &lt;br&gt;              
                    wikidata_link : http://www.wikidata.org/entity/Q1215217</description>
                <styleUrl>#33</styleUrl>
                <Point id="1330">
                    <coordinates>6.77129,51.2352,0.0</coordinates>
                </Point>
            </Placemark>
            <Placemark id="1333">
                <name>Deutscher Sportklub Düsseldorf</name>
                <description>                    category  : sports club &lt;br&gt;   
                    sitelinks : 2.0 &lt;br&gt;   
                    articleEN :  &lt;br&gt;             
                    articleDE : https://de.wikipedia.org/wiki/Deutscher_Sportklub_D%C3%BCsseldorf &lt;br&gt;              
                    wikidata_link : http://www.wikidata.org/entity/Q1205340</description>
                <styleUrl>#33</styleUrl>
                <Point id="1332">
                    <coordinates>6.82858,51.23633,0.0</coordinates>
                </Point>
            </Placemark>
            <Placemark id="1335">
                <name>Denkmal Prinzessin Stephanie von Hohenzollern, Hofgarten Düsseldorf</name>
                <description>                    category  : monument &lt;br&gt;   
                    sitelinks : 2.0 &lt;br&gt;   
                    articleEN :  &lt;br&gt;             
                    articleDE : https://de.wikipedia.org/wiki/Denkmal_f%C3%BCr_die_Prinzessin_Stephanie_von_Hohenzollern &lt;br&gt;              
                    wikidata_link : http://www.wikidata.org/entity/Q1188043</description>
                <styleUrl>#33</styleUrl>
                <Point id="1334">
                    <coordinates>6.78455,51.2297,0.0</coordinates>
                </Point>
            </Placemark>
            <Placemark id="1337">
                <name>Delrath</name>
                <description>                    category  : Ortsteil &lt;br&gt;   
                    sitelinks : 2.0 &lt;br&gt;   
                    articleEN :  &lt;br&gt;             
                    articleDE : https://de.wikipedia.org/wiki/Delrath &lt;br&gt;              
                    wikidata_link : http://www.wikidata.org/entity/Q1184710</description>
                <styleUrl>#33</styleUrl>
                <Point id="1336">
                    <coordinates>6.78371,51.1282,0.0</coordinates>
                </Point>
            </Placemark>
            <Placemark id="1339">
                <name>Degodehaus</name>
                <description>                    category  : building &lt;br&gt;   
                    sitelinks : 2.0 &lt;br&gt;   
                    articleEN :  &lt;br&gt;             
                    articleDE : https://de.wikipedia.org/wiki/Degodehaus_(D%C3%BCsseldorf) &lt;br&gt;              
                    wikidata_link : http://www.wikidata.org/entity/Q1182898</description>
                <styleUrl>#33</styleUrl>
                <Point id="1338">
                    <coordinates>6.73323,51.3006,0.0</coordinates>
                </Point>
            </Placemark>
            <Placemark id="1341">
                <name>Corneliusplatz</name>
                <description>                    category  : square &lt;br&gt;   
                    sitelinks : 2.0 &lt;br&gt;   
                    articleEN :  &lt;br&gt;             
                    articleDE : https://de.wikipedia.org/wiki/Corneliusplatz &lt;br&gt;              
                    wikidata_link : http://www.wikidata.org/entity/Q1134028</description>
                <styleUrl>#33</styleUrl>
                <Point id="1340">
                    <coordinates>6.77889,51.2258,0.0</coordinates>
                </Point>
            </Placemark>
            <Placemark id="1343">
                <name>Cornelius-Haus</name>
                <description>                    category  : building &lt;br&gt;   
                    sitelinks : 2.0 &lt;br&gt;   
                    articleEN :  &lt;br&gt;             
                    articleDE : https://de.wikipedia.org/wiki/Cornelius-Haus &lt;br&gt;              
                    wikidata_link : http://www.wikidata.org/entity/Q1133695</description>
                <styleUrl>#33</styleUrl>
                <Point id="1342">
                    <coordinates>6.77963,51.2253,0.0</coordinates>
                </Point>
            </Placemark>
            <Placemark id="1345">
                <name>Citadellstrasse 21 (Düsseldorf)</name>
                <description>                    category  : building &lt;br&gt;   
                    sitelinks : 2.0 &lt;br&gt;   
                    articleEN :  &lt;br&gt;             
                    articleDE : https://de.wikipedia.org/wiki/Citadellstra%C3%9Fe_21 &lt;br&gt;              
                    wikidata_link : http://www.wikidata.org/entity/Q1093308</description>
                <styleUrl>#33</styleUrl>
                <Point id="1344">
                    <coordinates>6.76981,51.2229,0.0</coordinates>
                </Point>
            </Placemark>
            <Placemark id="1347">
                <name>Citadellstraße 7</name>
                <description>                    category  : building &lt;br&gt;   
                    sitelinks : 2.0 &lt;br&gt;   
                    articleEN :  &lt;br&gt;             
                    articleDE : https://de.wikipedia.org/wiki/Citadellstra%C3%9Fe_7 &lt;br&gt;              
                    wikidata_link : http://www.wikidata.org/entity/Q1093310</description>
                <styleUrl>#33</styleUrl>
                <Point id="1346">
                    <coordinates>6.77055,51.2234,0.0</coordinates>
                </Point>
            </Placemark>
            <Placemark id="1349">
                <name>Citadellstrasse 17 (Düsseldorf)</name>
                <description>                    category  : building &lt;br&gt;   
                    sitelinks : 2.0 &lt;br&gt;   
                    articleEN :  &lt;br&gt;             
                    articleDE : https://de.wikipedia.org/wiki/Citadellstra%C3%9Fe_17 &lt;br&gt;              
                    wikidata_link : http://www.wikidata.org/entity/Q1093304</description>
                <styleUrl>#33</styleUrl>
                <Point id="1348">
                    <coordinates>6.76998,51.223,0.0</coordinates>
                </Point>
            </Placemark>
            <Placemark id="1351">
                <name>Citadellstrasse 19</name>
                <description>                    category  : building &lt;br&gt;   
                    sitelinks : 2.0 &lt;br&gt;   
                    articleEN :  &lt;br&gt;             
                    articleDE : https://de.wikipedia.org/wiki/Citadellstra%C3%9Fe_19 &lt;br&gt;              
                    wikidata_link : http://www.wikidata.org/entity/Q1093302</description>
                <styleUrl>#33</styleUrl>
                <Point id="1350">
                    <coordinates>6.76996,51.2228,0.0</coordinates>
                </Point>
            </Placemark>
            <Placemark id="1353">
                <name>Automeile Höherweg</name>
                <description>                    category  : architectural ensemble &lt;br&gt;   
                    sitelinks : 2.0 &lt;br&gt;   
                    articleEN :  &lt;br&gt;             
                    articleDE : https://de.wikipedia.org/wiki/Automeile_H%C3%B6herweg &lt;br&gt;              
                    wikidata_link : http://www.wikidata.org/entity/Q787453</description>
                <styleUrl>#33</styleUrl>
                <Point id="1352">
                    <coordinates>6.81983,51.2206,0.0</coordinates>
                </Point>
            </Placemark>
            <Placemark id="1355">
                <name>Resurrection Church</name>
                <description>                    category  : church building &lt;br&gt;   
                    sitelinks : 2.0 &lt;br&gt;   
                    articleEN :  &lt;br&gt;             
                    articleDE : https://de.wikipedia.org/wiki/Auferstehungskirche_(Oberkassel) &lt;br&gt;              
                    wikidata_link : http://www.wikidata.org/entity/Q759634</description>
                <styleUrl>#33</styleUrl>
                <Point id="1354">
                    <coordinates>6.74971,51.2336,0.0</coordinates>
                </Point>
            </Placemark>
            <Placemark id="1357">
                <name>Auermühle</name>
                <description>                    category  : watermill &lt;br&gt;   
                    sitelinks : 2.0 &lt;br&gt;   
                    articleEN :  &lt;br&gt;             
                    articleDE : https://de.wikipedia.org/wiki/Auerm%C3%BChle_(Ratingen) &lt;br&gt;              
                    wikidata_link : http://www.wikidata.org/entity/Q759261</description>
                <styleUrl>#33</styleUrl>
                <Point id="1356">
                    <coordinates>6.88111,51.3067,0.0</coordinates>
                </Point>
            </Placemark>
            <Placemark id="1359">
                <name>Ateliergebäude der Kunstakademie Düsseldorf</name>
                <description>                    category  : building &lt;br&gt;   
                    sitelinks : 2.0 &lt;br&gt;   
                    articleEN :  &lt;br&gt;             
                    articleDE : https://de.wikipedia.org/wiki/Ateliergeb%C3%A4ude_der_Kunstakademie_D%C3%BCsseldorf &lt;br&gt;              
                    wikidata_link : http://www.wikidata.org/entity/Q754073</description>
                <styleUrl>#33</styleUrl>
                <Point id="1358">
                    <coordinates>6.77252,51.2309,0.0</coordinates>
                </Point>
            </Placemark>
            <Placemark id="1361">
                <name>Osterath substation</name>
                <description>                    category  : electrical substation &lt;br&gt;   
                    sitelinks : 2.0 &lt;br&gt;   
                    articleEN :  &lt;br&gt;             
                    articleDE : https://de.wikipedia.org/wiki/Umspannanlage_Osterath &lt;br&gt;              
                    wikidata_link : http://www.wikidata.org/entity/Q2478696</description>
                <styleUrl>#33</styleUrl>
                <Point id="1360">
                    <coordinates>6.62598,51.2603,0.0</coordinates>
                </Point>
            </Placemark>
            <Placemark id="1363">
                <name>Sportpark Nord/Europaplatz</name>
                <description>                    category  : tram stop &lt;br&gt;   
                    sitelinks : 2.0 &lt;br&gt;   
                    articleEN :  &lt;br&gt;             
                    articleDE : https://de.wikipedia.org/wiki/U-Bahnhof_Sportpark_Nord/Europaplatz &lt;br&gt;              
                    wikidata_link : http://www.wikidata.org/entity/Q2466071</description>
                <styleUrl>#33</styleUrl>
                <Point id="1362">
                    <coordinates>6.73694,51.2636,0.0</coordinates>
                </Point>
            </Placemark>
            <Placemark id="1365">
                <name>U-Bahnhof Oberbilk S</name>
                <description>                    category  : tram stop &lt;br&gt;   
                    sitelinks : 2.0 &lt;br&gt;   
                    articleEN :  &lt;br&gt;             
                    articleDE : https://de.wikipedia.org/wiki/U-Bahnhof_Oberbilk_S &lt;br&gt;              
                    wikidata_link : http://www.wikidata.org/entity/Q2466020</description>
                <styleUrl>#33</styleUrl>
                <Point id="1364">
                    <coordinates>6.80778,51.2083,0.0</coordinates>
                </Point>
            </Placemark>
            <Placemark id="1367">
                <name>Kirchplatz</name>
                <description>                    category  : tram stop &lt;br&gt;   
                    sitelinks : 2.0 &lt;br&gt;   
                    articleEN :  &lt;br&gt;             
                    articleDE : https://de.wikipedia.org/wiki/U-Bahnhof_Kirchplatz_(D%C3%BCsseldorf) &lt;br&gt;              
                    wikidata_link : http://www.wikidata.org/entity/Q2465967</description>
                <styleUrl>#33</styleUrl>
                <Point id="1366">
                    <coordinates>6.77528,51.2136,0.0</coordinates>
                </Point>
            </Placemark>
            <Placemark id="1369">
                <name>Kettwiger Straße</name>
                <description>                    category  : tram stop &lt;br&gt;   
                    sitelinks : 2.0 &lt;br&gt;   
                    articleEN :  &lt;br&gt;             
                    articleDE : https://de.wikipedia.org/wiki/U-Bahnhof_Kettwiger_Stra%C3%9Fe &lt;br&gt;              
                    wikidata_link : http://www.wikidata.org/entity/Q2465960</description>
                <styleUrl>#33</styleUrl>
                <Point id="1368">
                    <coordinates>6.8085,51.2207,0.0</coordinates>
                </Point>
            </Placemark>
            <Placemark id="1371">
                <name>Pempelforter Straße</name>
                <description>                    category  : tram stop &lt;br&gt;   
                    sitelinks : 2.0 &lt;br&gt;   
                    articleEN :  &lt;br&gt;             
                    articleDE : https://de.wikipedia.org/wiki/U-Bahnhof_Pempelforter_Stra%C3%9Fe &lt;br&gt;              
                    wikidata_link : http://www.wikidata.org/entity/Q2465940</description>
                <styleUrl>#33</styleUrl>
                <Point id="1370">
                    <coordinates>6.79061,51.2282,0.0</coordinates>
                </Point>
            </Placemark>
            <Placemark id="1373">
                <name>Düsseldorf Hbf (Stadtbahn)</name>
                <description>                    category  : tram stop &lt;br&gt;   
                    sitelinks : 2.0 &lt;br&gt;   
                    articleEN :  &lt;br&gt;             
                    articleDE : https://de.wikipedia.org/wiki/U-Bahnhof_D%C3%BCsseldorf_Hauptbahnhof &lt;br&gt;              
                    wikidata_link : http://www.wikidata.org/entity/Q2465866</description>
                <styleUrl>#33</styleUrl>
                <Point id="1372">
                    <coordinates>6.79277778,51.22027778,0.0</coordinates>
                </Point>
            </Placemark>
            <Placemark id="1375">
                <name>Toulouser Allee</name>
                <description>                    category  : street &lt;br&gt;   
                    sitelinks : 2.0 &lt;br&gt;   
                    articleEN :  &lt;br&gt;             
                    articleDE : https://de.wikipedia.org/wiki/Toulouser_Allee &lt;br&gt;              
                    wikidata_link : http://www.wikidata.org/entity/Q2445956</description>
                <styleUrl>#33</styleUrl>
                <Point id="1374">
                    <coordinates>6.79658,51.2392,0.0</coordinates>
                </Point>
            </Placemark>
            <Placemark id="1377">
                <name>Hafenspitze Düsseldorf</name>
                <description>                    category  : architectural structure &lt;br&gt;   
                    sitelinks : 2.0 &lt;br&gt;   
                    articleEN :  &lt;br&gt;             
                    articleDE : https://de.wikipedia.org/wiki/Hafenspitze_D%C3%BCsseldorf &lt;br&gt;              
                    wikidata_link : http://www.wikidata.org/entity/Q1567974</description>
                <styleUrl>#33</styleUrl>
                <Point id="1376">
                    <coordinates>6.75303,51.2167,0.0</coordinates>
                </Point>
            </Placemark>
            <Placemark id="1379">
                <name>Görres-Gymnasium Düsseldorf</name>
                <description>                    category  : Gymnasium in Germany &lt;br&gt;   
                    sitelinks : 2.0 &lt;br&gt;   
                    articleEN :  &lt;br&gt;             
                    articleDE : https://de.wikipedia.org/wiki/G%C3%B6rres-Gymnasium_(D%C3%BCsseldorf) &lt;br&gt;              
                    wikidata_link : http://www.wikidata.org/entity/Q1559562</description>
                <styleUrl>#33</styleUrl>
                <Point id="1378">
                    <coordinates>6.77778,51.2208,0.0</coordinates>
                </Point>
            </Placemark>
            <Placemark id="1381">
                <name>Gänsebrunnen in Düsseldorf</name>
                <description>                    category  : water well &lt;br&gt;   
                    sitelinks : 2.0 &lt;br&gt;   
                    articleEN :  &lt;br&gt;             
                    articleDE : https://de.wikipedia.org/wiki/G%C3%A4nsebrunnen_(D%C3%BCsseldorf) &lt;br&gt;              
                    wikidata_link : http://www.wikidata.org/entity/Q1558778</description>
                <styleUrl>#33</styleUrl>
                <Point id="1380">
                    <coordinates>6.77154,51.2256,0.0</coordinates>
                </Point>
            </Placemark>
            <Placemark id="1383">
                <name>Gymnasium Hochdahl</name>
                <description>                    category  : Gymnasium in Germany &lt;br&gt;   
                    sitelinks : 2.0 &lt;br&gt;   
                    articleEN :  &lt;br&gt;             
                    articleDE : https://de.wikipedia.org/wiki/Gymnasium_Hochdahl &lt;br&gt;              
                    wikidata_link : http://www.wikidata.org/entity/Q1558140</description>
                <styleUrl>#33</styleUrl>
                <Point id="1382">
                    <coordinates>6.96611,51.2086,0.0</coordinates>
                </Point>
            </Placemark>
            <Placemark id="1385">
                <name>Grimlinghausen</name>
                <description>                    category  : Ortsteil &lt;br&gt;   
                    sitelinks : 2.0 &lt;br&gt;   
                    articleEN :  &lt;br&gt;             
                    articleDE : https://de.wikipedia.org/wiki/Grimlinghausen_(Neuss) &lt;br&gt;              
                    wikidata_link : http://www.wikidata.org/entity/Q1546849</description>
                <styleUrl>#33</styleUrl>
                <Point id="1384">
                    <coordinates>6.74083,51.1775,0.0</coordinates>
                </Point>
            </Placemark>
            <Placemark id="1387">
                <name>Marienborn Neuss</name>
                <description>                    category  : monument &lt;br&gt;   
                    sitelinks : 2.0 &lt;br&gt;   
                    articleEN :  &lt;br&gt;             
                    articleDE : https://de.wikipedia.org/wiki/Marienborn_(Denkmal) &lt;br&gt;              
                    wikidata_link : http://www.wikidata.org/entity/Q1542538</description>
                <styleUrl>#33</styleUrl>
                <Point id="1386">
                    <coordinates>6.68545,51.2031,0.0</coordinates>
                </Point>
            </Placemark>
            <Placemark id="1389">
                <name>Melanchthonkirche</name>
                <description>                    category  : church building &lt;br&gt;   
                    sitelinks : 2.0 &lt;br&gt;   
                    articleEN :  &lt;br&gt;             
                    articleDE : https://de.wikipedia.org/wiki/Grafenberger_Glockenspiel &lt;br&gt;              
                    wikidata_link : http://www.wikidata.org/entity/Q1541476</description>
                <styleUrl>#33</styleUrl>
                <Point id="1388">
                    <coordinates>6.81971,51.2445,0.0</coordinates>
                </Point>
            </Placemark>
            <Placemark id="1391">
                <name>Graf-Adolf-Platz</name>
                <description>                    category  : square &lt;br&gt;   
                    sitelinks : 2.0 &lt;br&gt;   
                    articleEN :  &lt;br&gt;             
                    articleDE : https://de.wikipedia.org/wiki/Graf-Adolf-Platz &lt;br&gt;              
                    wikidata_link : http://www.wikidata.org/entity/Q1541348</description>
                <styleUrl>#33</styleUrl>
                <Point id="1390">
                    <coordinates>6.77611,51.2186,0.0</coordinates>
                </Point>
            </Placemark>
            <Placemark id="1393">
                <name>Essmannsche Geschäftshäuser, Düsseldorf</name>
                <description>                    category  : architectural ensemble &lt;br&gt;   
                    sitelinks : 2.0 &lt;br&gt;   
                    articleEN :  &lt;br&gt;             
                    articleDE : https://de.wikipedia.org/wiki/Graf-Adolf-Stra%C3%9Fe_11_und_15 &lt;br&gt;              
                    wikidata_link : http://www.wikidata.org/entity/Q1541347</description>
                <styleUrl>#33</styleUrl>
                <Point id="1392">
                    <coordinates>6.77972,51.2187,0.0</coordinates>
                </Point>
            </Placemark>
            <Placemark id="1395">
                <name>Grabbeplatz</name>
                <description>                    category  : square &lt;br&gt;   
                    sitelinks : 2.0 &lt;br&gt;   
                    articleEN :  &lt;br&gt;             
                    articleDE : https://de.wikipedia.org/wiki/Grabbeplatz &lt;br&gt;              
                    wikidata_link : http://www.wikidata.org/entity/Q1540725</description>
                <styleUrl>#33</styleUrl>
                <Point id="1394">
                    <coordinates>6.77613,51.2279,0.0</coordinates>
                </Point>
            </Placemark>
            <Placemark id="1397">
                <name>Theatermuseum Düsseldorf</name>
                <description>                    category  : theatre museum &lt;br&gt;   
                    sitelinks : 2.0 &lt;br&gt;   
                    articleEN :  &lt;br&gt;             
                    articleDE : https://de.wikipedia.org/wiki/Theatermuseum_D%C3%BCsseldorf &lt;br&gt;              
                    wikidata_link : http://www.wikidata.org/entity/Q1540630</description>
                <styleUrl>#33</styleUrl>
                <Point id="1396">
                    <coordinates>6.78133,51.2301,0.0</coordinates>
                </Point>
            </Placemark>
            <Placemark id="1399">
                <name>Golzheimer Straße 120</name>
                <description>                    category  : residential building &lt;br&gt;   
                    sitelinks : 2.0 &lt;br&gt;   
                    articleEN :  &lt;br&gt;             
                    articleDE : https://de.wikipedia.org/wiki/Golzheimer_Stra%C3%9Fe_120 &lt;br&gt;              
                    wikidata_link : http://www.wikidata.org/entity/Q1536752</description>
                <styleUrl>#33</styleUrl>
                <Point id="1398">
                    <coordinates>6.78161,51.2456,0.0</coordinates>
                </Point>
            </Placemark>
            <Placemark id="1401">
                <name>Goltsteinstraße 15/16</name>
                <description>                    category  : building &lt;br&gt;   
                    sitelinks : 2.0 &lt;br&gt;   
                    articleEN :  &lt;br&gt;             
                    articleDE : https://de.wikipedia.org/wiki/Goltsteinstra%C3%9Fe_15/16 &lt;br&gt;              
                    wikidata_link : http://www.wikidata.org/entity/Q1536705</description>
                <styleUrl>#33</styleUrl>
                <Point id="1400">
                    <coordinates>6.7847611111111,51.228719444444,0.0</coordinates>
                </Point>
            </Placemark>
            <Placemark id="1403">
                <name>Q1535600</name>
                <description>                    category  : lake &lt;br&gt;   
                    sitelinks : 2.0 &lt;br&gt;   
                    articleEN :  &lt;br&gt;             
                    articleDE : https://de.wikipedia.org/wiki/Latumer_See &lt;br&gt;              
                    wikidata_link : http://www.wikidata.org/entity/Q1535600</description>
                <styleUrl>#33</styleUrl>
                <Point id="1402">
                    <coordinates>6.66784,51.3041,0.0</coordinates>
                </Point>
            </Placemark>
            <Placemark id="1405">
                <name>Kloster Marienberg</name>
                <description>                    category  : religious community &lt;br&gt;   
                    sitelinks : 2.0 &lt;br&gt;   
                    articleEN :  &lt;br&gt;             
                    articleDE : https://de.wikipedia.org/wiki/Kloster_Marienberg_(Neuss) &lt;br&gt;              
                    wikidata_link : http://www.wikidata.org/entity/Q1529999</description>
                <styleUrl>#33</styleUrl>
                <Point id="1404">
                    <coordinates>6.69342,51.2002,0.0</coordinates>
                </Point>
            </Placemark>
            <Placemark id="1407">
                <name>Nievenheim</name>
                <description>                    category  : Ortsteil &lt;br&gt;   
                    sitelinks : 2.0 &lt;br&gt;   
                    articleEN :  &lt;br&gt;             
                    articleDE : https://de.wikipedia.org/wiki/Nievenheim &lt;br&gt;              
                    wikidata_link : http://www.wikidata.org/entity/Q1525372</description>
                <styleUrl>#33</styleUrl>
                <Point id="1406">
                    <coordinates>6.76861,51.1142,0.0</coordinates>
                </Point>
            </Placemark>
            <Placemark id="1409">
                <name>Grafenberger Wald</name>
                <description>                    category  : forest &lt;br&gt;   
                    sitelinks : 2.0 &lt;br&gt;   
                    articleEN :  &lt;br&gt;             
                    articleDE : https://de.wikipedia.org/wiki/Grafenberger_Wald &lt;br&gt;              
                    wikidata_link : http://www.wikidata.org/entity/Q1525130</description>
                <styleUrl>#33</styleUrl>
                <Point id="1408">
                    <coordinates>6.83855,51.2484,0.0</coordinates>
                </Point>
            </Placemark>
            <Placemark id="1411">
                <name>St. Maria Königin (Düsseldorf)</name>
                <description>                    category  : church building &lt;br&gt;   
                    sitelinks : 2.0 &lt;br&gt;   
                    articleEN :  &lt;br&gt;             
                    articleDE : https://de.wikipedia.org/wiki/St._Maria_K%C3%B6nigin_(D%C3%BCsseldorf) &lt;br&gt;              
                    wikidata_link : http://www.wikidata.org/entity/Q1523159</description>
                <styleUrl>#33</styleUrl>
                <Point id="1410">
                    <coordinates>6.7942,51.2843,0.0</coordinates>
                </Point>
            </Placemark>
            <Placemark id="1413">
                <name>Hauptstaatsarchiv Düsseldorf</name>
                <description>                    category  : architectural structure &lt;br&gt;   
                    sitelinks : 2.0 &lt;br&gt;   
                    articleEN :  &lt;br&gt;             
                    articleDE : https://de.wikipedia.org/wiki/Hauptstaatsarchiv_D%C3%BCsseldorf_(Geb%C3%A4ude) &lt;br&gt;              
                    wikidata_link : http://www.wikidata.org/entity/Q1523031</description>
                <styleUrl>#33</styleUrl>
                <Point id="1412">
                    <coordinates>6.78771,51.2367,0.0</coordinates>
                </Point>
            </Placemark>
            <Placemark id="1415">
                <name>Q1520415</name>
                <description>                    category  : exhibition &lt;br&gt;   
                    sitelinks : 2.0 &lt;br&gt;   
                    articleEN :  &lt;br&gt;             
                    articleDE : https://de.wikipedia.org/wiki/Gewerbe-Ausstellung_f%C3%BCr_Rheinland,_Westfalen_und_benachbarte_Bezirke &lt;br&gt;              
                    wikidata_link : http://www.wikidata.org/entity/Q1520415</description>
                <styleUrl>#33</styleUrl>
                <Point id="1414">
                    <coordinates>6.80486,51.2425,0.0</coordinates>
                </Point>
            </Placemark>
            <Placemark id="1417">
                <name>Reuschenberg</name>
                <description>                    category  : Ortsteil &lt;br&gt;   
                    sitelinks : 2.0 &lt;br&gt;   
                    articleEN :  &lt;br&gt;             
                    articleDE : https://de.wikipedia.org/wiki/Reuschenberg_(Neuss) &lt;br&gt;              
                    wikidata_link : http://www.wikidata.org/entity/Q1520057</description>
                <styleUrl>#33</styleUrl>
                <Point id="1416">
                    <coordinates>6.68479,51.1686,0.0</coordinates>
                </Point>
            </Placemark>
            <Placemark id="1419">
                <name>Citadellstrasse 11 (Düsseldorf)</name>
                <description>                    category  : building &lt;br&gt;   
                    sitelinks : 2.0 &lt;br&gt;   
                    articleEN :  &lt;br&gt;             
                    articleDE : https://de.wikipedia.org/wiki/Citadellstra%C3%9Fe_11 &lt;br&gt;              
                    wikidata_link : http://www.wikidata.org/entity/Q1093295</description>
                <styleUrl>#33</styleUrl>
                <Point id="1418">
                    <coordinates>6.77038,51.2233,0.0</coordinates>
                </Point>
            </Placemark>
            <Placemark id="1421">
                <name>Christ Church</name>
                <description>                    category  : church building &lt;br&gt;   
                    sitelinks : 2.0 &lt;br&gt;   
                    articleEN :  &lt;br&gt;             
                    articleDE : https://de.wikipedia.org/wiki/Christuskirche_(Oberbilk) &lt;br&gt;              
                    wikidata_link : http://www.wikidata.org/entity/Q1087386</description>
                <styleUrl>#33</styleUrl>
                <Point id="1420">
                    <coordinates>6.80149,51.2155,0.0</coordinates>
                </Point>
            </Placemark>
            <Placemark id="1423">
                <name>Christ King</name>
                <description>                    category  : church building &lt;br&gt;   
                    sitelinks : 2.0 &lt;br&gt;   
                    articleEN :  &lt;br&gt;             
                    articleDE : https://de.wikipedia.org/wiki/Christus_K%C3%B6nig_(D%C3%BCsseldorf) &lt;br&gt;              
                    wikidata_link : http://www.wikidata.org/entity/Q1087200</description>
                <styleUrl>#33</styleUrl>
                <Point id="1422">
                    <coordinates>6.73783,51.2391,0.0</coordinates>
                </Point>
            </Placemark>
            <Placemark id="1425">
                <name>Christ Church</name>
                <description>                    category  : church building &lt;br&gt;   
                    sitelinks : 2.0 &lt;br&gt;   
                    articleEN :  &lt;br&gt;             
                    articleDE : https://de.wikipedia.org/wiki/Christ_Church_(D%C3%BCsseldorf) &lt;br&gt;              
                    wikidata_link : http://www.wikidata.org/entity/Q1077962</description>
                <styleUrl>#33</styleUrl>
                <Point id="1424">
                    <coordinates>6.74477,51.2547,0.0</coordinates>
                </Point>
            </Placemark>
            <Placemark id="1427">
                <name>Cecilienallee</name>
                <description>                    category  : architectural structure &lt;br&gt;   
                    sitelinks : 2.0 &lt;br&gt;   
                    articleEN :  &lt;br&gt;             
                    articleDE : https://de.wikipedia.org/wiki/Cecilienallee &lt;br&gt;              
                    wikidata_link : http://www.wikidata.org/entity/Q1052433</description>
                <styleUrl>#33</styleUrl>
                <Point id="1426">
                    <coordinates>6.7667,51.2459,0.0</coordinates>
                </Point>
            </Placemark>
            <Placemark id="1429">
                <name>Cecilien-Gymnasium Düsseldorf</name>
                <description>                    category  : gymnasium &lt;br&gt;   
                    sitelinks : 2.0 &lt;br&gt;   
                    articleEN :  &lt;br&gt;             
                    articleDE : https://de.wikipedia.org/wiki/Cecilien-Gymnasium_D%C3%BCsseldorf &lt;br&gt;              
                    wikidata_link : http://www.wikidata.org/entity/Q1052431</description>
                <styleUrl>#33</styleUrl>
                <Point id="1428">
                    <coordinates>6.74914,51.2387,0.0</coordinates>
                </Point>
            </Placemark>
            <Placemark id="1431">
                <name>Carlsplatz</name>
                <description>                    category  : square &lt;br&gt;   
                    sitelinks : 2.0 &lt;br&gt;   
                    articleEN :  &lt;br&gt;             
                    articleDE : https://de.wikipedia.org/wiki/Carlsplatz &lt;br&gt;              
                    wikidata_link : http://www.wikidata.org/entity/Q1043389</description>
                <styleUrl>#33</styleUrl>
                <Point id="1430">
                    <coordinates>6.77374,51.2235,0.0</coordinates>
                </Point>
            </Placemark>
            <Placemark id="1433">
                <name>Burg Friedestrom</name>
                <description>                    category  : castle &lt;br&gt;   
                    sitelinks : 2.0 &lt;br&gt;   
                    articleEN :  &lt;br&gt;             
                    articleDE : https://de.wikipedia.org/wiki/Burg_Friedestrom &lt;br&gt;              
                    wikidata_link : http://www.wikidata.org/entity/Q1011860</description>
                <styleUrl>#33</styleUrl>
                <Point id="1432">
                    <coordinates>6.85113,51.1199,0.0</coordinates>
                </Point>
            </Placemark>
            <Placemark id="1435">
                <name>Burg Erprath</name>
                <description>                    category  : castle &lt;br&gt;   
                    sitelinks : 2.0 &lt;br&gt;   
                    articleEN :  &lt;br&gt;             
                    articleDE : https://de.wikipedia.org/wiki/Burg_Erprath &lt;br&gt;              
                    wikidata_link : http://www.wikidata.org/entity/Q1011650</description>
                <styleUrl>#33</styleUrl>
                <Point id="1434">
                    <coordinates>6.68799,51.157697,0.0</coordinates>
                </Point>
            </Placemark>
            <Placemark id="1437">
                <name>Burg Angermund</name>
                <description>                    category  : castle &lt;br&gt;   
                    sitelinks : 2.0 &lt;br&gt;   
                    articleEN :  &lt;br&gt;             
                    articleDE : https://de.wikipedia.org/wiki/Burg_Angermund &lt;br&gt;              
                    wikidata_link : http://www.wikidata.org/entity/Q1010814</description>
                <styleUrl>#33</styleUrl>
                <Point id="1436">
                    <coordinates>6.795,51.3288,0.0</coordinates>
                </Point>
            </Placemark>
            <Placemark id="1439">
                <name>Brunnen am Carlsplatz</name>
                <description>                    category  : water well &lt;br&gt;   
                    sitelinks : 2.0 &lt;br&gt;   
                    articleEN :  &lt;br&gt;             
                    articleDE : https://de.wikipedia.org/wiki/Brunnen_am_Carlsplatz &lt;br&gt;              
                    wikidata_link : http://www.wikidata.org/entity/Q992746</description>
                <styleUrl>#33</styleUrl>
                <Point id="1438">
                    <coordinates>6.77321,51.2234,0.0</coordinates>
                </Point>
            </Placemark>
            <Placemark id="1441">
                <name>Industriebrunnen</name>
                <description>                    category  : water well &lt;br&gt;   
                    sitelinks : 2.0 &lt;br&gt;   
                    articleEN :  &lt;br&gt;             
                    articleDE : https://de.wikipedia.org/wiki/Industriebrunnen &lt;br&gt;              
                    wikidata_link : http://www.wikidata.org/entity/Q975409</description>
                <styleUrl>#33</styleUrl>
                <Point id="1440">
                    <coordinates>6.78552,51.2137,0.0</coordinates>
                </Point>
            </Placemark>
            <Placemark id="1443">
                <name>Haus Breite Straße 8</name>
                <description>                    category  : building &lt;br&gt;   
                    sitelinks : 2.0 &lt;br&gt;   
                    articleEN :  &lt;br&gt;             
                    articleDE : https://de.wikipedia.org/wiki/Breite_Stra%C3%9Fe_8_(D%C3%BCsseldorf) &lt;br&gt;              
                    wikidata_link : http://www.wikidata.org/entity/Q906032</description>
                <styleUrl>#33</styleUrl>
                <Point id="1442">
                    <coordinates>6.77728,51.2235,0.0</coordinates>
                </Point>
            </Placemark>
            <Placemark id="1445">
                <name>Brehmstraße</name>
                <description>                    category  : street &lt;br&gt;   
                    sitelinks : 2.0 &lt;br&gt;   
                    articleEN :  &lt;br&gt;             
                    articleDE : https://de.wikipedia.org/wiki/Brehmstra%C3%9Fe_(D%C3%BCsseldorf) &lt;br&gt;              
                    wikidata_link : http://www.wikidata.org/entity/Q905464</description>
                <styleUrl>#33</styleUrl>
                <Point id="1444">
                    <coordinates>6.8025,51.23916667,0.0</coordinates>
                </Point>
            </Placemark>
            <Placemark id="1447">
                <name>Braunsmühle</name>
                <description>                    category  : windmill &lt;br&gt;   
                    sitelinks : 2.0 &lt;br&gt;   
                    articleEN :  &lt;br&gt;             
                    articleDE : https://de.wikipedia.org/wiki/Braunsm%C3%BChle &lt;br&gt;              
                    wikidata_link : http://www.wikidata.org/entity/Q902119</description>
                <styleUrl>#33</styleUrl>
                <Point id="1446">
                    <coordinates>6.62521,51.1976,0.0</coordinates>
                </Point>
            </Placemark>
            <Placemark id="1449">
                <name>Brewery „Zum Schlüssel“, Düsseldorf</name>
                <description>                    category  : brewery &lt;br&gt;   
                    sitelinks : 2.0 &lt;br&gt;   
                    articleEN :  &lt;br&gt;             
                    articleDE : https://de.wikipedia.org/wiki/Brauerei_zum_Schl%C3%BCssel &lt;br&gt;              
                    wikidata_link : http://www.wikidata.org/entity/Q900425</description>
                <styleUrl>#33</styleUrl>
                <Point id="1448">
                    <coordinates>6.77464,51.22611,0.0</coordinates>
                </Point>
            </Placemark>
            <Placemark id="1451">
                <name>Brauerei Schlösser (Gebäude)</name>
                <description>                    category  : building &lt;br&gt;   
                    sitelinks : 2.0 &lt;br&gt;   
                    articleEN :  &lt;br&gt;             
                    articleDE : https://de.wikipedia.org/wiki/Brauerei_Schl%C3%B6sser_(Geb%C3%A4ude) &lt;br&gt;              
                    wikidata_link : http://www.wikidata.org/entity/Q900373</description>
                <styleUrl>#33</styleUrl>
                <Point id="1450">
                    <coordinates>6.77259,51.2288,0.0</coordinates>
                </Point>
            </Placemark>
            <Placemark id="1453">
                <name>Aaper Wald</name>
                <description>                    category  : forest &lt;br&gt;   
                    sitelinks : 2.0 &lt;br&gt;   
                    articleEN :  &lt;br&gt;             
                    articleDE : https://de.wikipedia.org/wiki/Aaper_Wald &lt;br&gt;              
                    wikidata_link : http://www.wikidata.org/entity/Q301013</description>
                <styleUrl>#33</styleUrl>
                <Point id="1452">
                    <coordinates>6.8413888888889,51.271944444444,0.0</coordinates>
                </Point>
            </Placemark>
            <Placemark id="1455">
                <name>Aachener Straße (Düsseldorf)</name>
                <description>                    category  : street &lt;br&gt;   
                    sitelinks : 2.0 &lt;br&gt;   
                    articleEN :  &lt;br&gt;             
                    articleDE : https://de.wikipedia.org/wiki/Aachener_Stra%C3%9Fe_(D%C3%BCsseldorf) &lt;br&gt;              
                    wikidata_link : http://www.wikidata.org/entity/Q300754</description>
                <styleUrl>#33</styleUrl>
                <Point id="1454">
                    <coordinates>6.77075,51.2009,0.0</coordinates>
                </Point>
            </Placemark>
            <Placemark id="1457">
                <name>Ölmühle</name>
                <description>                    category  : watermill &lt;br&gt;   
                    sitelinks : 2.0 &lt;br&gt;   
                    articleEN :  &lt;br&gt;             
                    articleDE : https://de.wikipedia.org/wiki/%C3%96lm%C3%BChle_(D%C3%BCsseldorf-Angermund) &lt;br&gt;              
                    wikidata_link : http://www.wikidata.org/entity/Q297171</description>
                <styleUrl>#33</styleUrl>
                <Point id="1456">
                    <coordinates>6.7477,51.3523,0.0</coordinates>
                </Point>
            </Placemark>
            <Placemark id="1459">
                <name>Ölgangsinsel</name>
                <description>                    category  : peninsula &lt;br&gt;   
                    sitelinks : 2.0 &lt;br&gt;   
                    articleEN :  &lt;br&gt;             
                    articleDE : https://de.wikipedia.org/wiki/%C3%96lgangsinsel &lt;br&gt;              
                    wikidata_link : http://www.wikidata.org/entity/Q297017</description>
                <styleUrl>#33</styleUrl>
                <Point id="1458">
                    <coordinates>6.71806,51.2208,0.0</coordinates>
                </Point>
            </Placemark>
            <Placemark id="1461">
                <name>Bilker Straße 5</name>
                <description>                    category  : building &lt;br&gt;   
                    sitelinks : 2.0 &lt;br&gt;   
                    articleEN :  &lt;br&gt;             
                    articleDE : https://de.wikipedia.org/wiki/Bilker_Stra%C3%9Fe_5 &lt;br&gt;              
                    wikidata_link : http://www.wikidata.org/entity/Q861889</description>
                <styleUrl>#33</styleUrl>
                <Point id="1460">
                    <coordinates>6.77272,51.2225,0.0</coordinates>
                </Point>
            </Placemark>
            <Placemark id="1463">
                <name>Cecilienallee 1–2</name>
                <description>                    category  : building &lt;br&gt;   
                    sitelinks : 2.0 &lt;br&gt;   
                    articleEN :  &lt;br&gt;             
                    articleDE : https://de.wikipedia.org/wiki/Bezirksregierung_D%C3%BCsseldorf_(Geb%C3%A4ude) &lt;br&gt;              
                    wikidata_link : http://www.wikidata.org/entity/Q854363</description>
                <styleUrl>#33</styleUrl>
                <Point id="1462">
                    <coordinates>6.773,51.238,0.0</coordinates>
                </Point>
            </Placemark>
            <Placemark id="1465">
                <name>Heerdt Depot</name>
                <description>                    category  : tram depot &lt;br&gt;   
                    sitelinks : 2.0 &lt;br&gt;   
                    articleEN :  &lt;br&gt;             
                    articleDE : https://de.wikipedia.org/wiki/Betriebshof_Heerdt &lt;br&gt;              
                    wikidata_link : http://www.wikidata.org/entity/Q831909</description>
                <styleUrl>#33</styleUrl>
                <Point id="1464">
                    <coordinates>6.69833,51.2288,0.0</coordinates>
                </Point>
            </Placemark>
            <Placemark id="1467">
                <name>Bolkerstraße</name>
                <description>                    category  : street &lt;br&gt;   
                    sitelinks : 2.0 &lt;br&gt;   
                    articleEN :  &lt;br&gt;             
                    articleDE : https://de.wikipedia.org/wiki/Bolkerstra%C3%9Fe &lt;br&gt;              
                    wikidata_link : http://www.wikidata.org/entity/Q891392</description>
                <styleUrl>#33</styleUrl>
                <Point id="1466">
                    <coordinates>6.7747222222222,51.226111111111,0.0</coordinates>
                </Point>
            </Placemark>
            <Placemark id="1469">
                <name>Bockum</name>
                <description>                    category  : Ortsteil &lt;br&gt;   
                    sitelinks : 2.0 &lt;br&gt;   
                    articleEN :  &lt;br&gt;             
                    articleDE : https://de.wikipedia.org/wiki/Bockum_(D%C3%BCsseldorf) &lt;br&gt;              
                    wikidata_link : http://www.wikidata.org/entity/Q889291</description>
                <styleUrl>#33</styleUrl>
                <Point id="1468">
                    <coordinates>6.73538,51.3255,0.0</coordinates>
                </Point>
            </Placemark>
            <Placemark id="1471">
                <name>Blumenstraße</name>
                <description>                    category  : street &lt;br&gt;   
                    sitelinks : 2.0 &lt;br&gt;   
                    articleEN :  &lt;br&gt;             
                    articleDE : https://de.wikipedia.org/wiki/Blumenstra%C3%9Fe_(D%C3%BCsseldorf) &lt;br&gt;              
                    wikidata_link : http://www.wikidata.org/entity/Q886287</description>
                <styleUrl>#33</styleUrl>
                <Point id="1470">
                    <coordinates>6.7816,51.2245,0.0</coordinates>
                </Point>
            </Placemark>
            <Placemark id="1473">
                <name>Blauer See</name>
                <description>                    category  : lake &lt;br&gt;   
                    sitelinks : 2.0 &lt;br&gt;   
                    articleEN :  &lt;br&gt;             
                    articleDE : https://de.wikipedia.org/wiki/Blauer_See_(Ratingen) &lt;br&gt;              
                    wikidata_link : http://www.wikidata.org/entity/Q882709</description>
                <styleUrl>#33</styleUrl>
                <Point id="1472">
                    <coordinates>6.85889,51.3081,0.0</coordinates>
                </Point>
            </Placemark>
            <Placemark id="1475">
                <name>Anton Rubinstein Academy</name>
                <description>                    category  : music school &lt;br&gt;   
                    sitelinks : 2.0 &lt;br&gt;   
                    articleEN :  &lt;br&gt;             
                    articleDE : https://de.wikipedia.org/wiki/Internationale_Musikakademie_Anton_Rubinstein &lt;br&gt;              
                    wikidata_link : http://www.wikidata.org/entity/Q593562</description>
                <styleUrl>#33</styleUrl>
                <Point id="1474">
                    <coordinates>6.78004,51.2257,0.0</coordinates>
                </Point>
            </Placemark>
            <Placemark id="1477">
                <name>Q566509</name>
                <description>                    category  : Gymnasium in Germany &lt;br&gt;   
                    sitelinks : 2.0 &lt;br&gt;   
                    articleEN :  &lt;br&gt;             
                    articleDE : https://de.wikipedia.org/wiki/Annette-von-Droste-H%C3%BClshoff-Gymnasium_(Benrath) &lt;br&gt;              
                    wikidata_link : http://www.wikidata.org/entity/Q566509</description>
                <styleUrl>#33</styleUrl>
                <Point id="1476">
                    <coordinates>6.87846,51.1582,0.0</coordinates>
                </Point>
            </Placemark>
            <Placemark id="1479">
                <name>Holy-Cross-Church</name>
                <description>                    category  : parish church &lt;br&gt;   
                    sitelinks : 2.0 &lt;br&gt;   
                    articleEN :  &lt;br&gt;             
                    articleDE : https://de.wikipedia.org/wiki/Zum_Heiligen_Kreuz_(D%C3%BCsseldorf) &lt;br&gt;              
                    wikidata_link : http://www.wikidata.org/entity/Q228967</description>
                <styleUrl>#33</styleUrl>
                <Point id="1478">
                    <coordinates>6.80681,51.2634,0.0</coordinates>
                </Point>
            </Placemark>
            <Placemark id="1481">
                <name>Zonser Grind</name>
                <description>                    category  : Naturschutzgebiet &lt;br&gt;   
                    sitelinks : 2.0 &lt;br&gt;   
                    articleEN :  &lt;br&gt;             
                    articleDE : https://de.wikipedia.org/wiki/Zonser_Grind &lt;br&gt;              
                    wikidata_link : http://www.wikidata.org/entity/Q219965</description>
                <styleUrl>#33</styleUrl>
                <Point id="1480">
                    <coordinates>6.84583,51.1536,0.0</coordinates>
                </Point>
            </Placemark>
            <Placemark id="1483">
                <name>Zollstraße (Düsseldorf)</name>
                <description>                    category  : street &lt;br&gt;   
                    sitelinks : 2.0 &lt;br&gt;   
                    articleEN :  &lt;br&gt;             
                    articleDE : https://de.wikipedia.org/wiki/Zollstra%C3%9Fe_(D%C3%BCsseldorf) &lt;br&gt;              
                    wikidata_link : http://www.wikidata.org/entity/Q218783</description>
                <styleUrl>#33</styleUrl>
                <Point id="1482">
                    <coordinates>6.77143,51.2256,0.0</coordinates>
                </Point>
            </Placemark>
            <Placemark id="1485">
                <name>Zionskirche (Düsseldorf)</name>
                <description>                    category  : church building &lt;br&gt;   
                    sitelinks : 2.0 &lt;br&gt;   
                    articleEN :  &lt;br&gt;             
                    articleDE : https://de.wikipedia.org/wiki/Zionskirche_(D%C3%BCsseldorf) &lt;br&gt;              
                    wikidata_link : http://www.wikidata.org/entity/Q205402</description>
                <styleUrl>#33</styleUrl>
                <Point id="1484">
                    <coordinates>6.78295,51.248,0.0</coordinates>
                </Point>
            </Placemark>
            <Placemark id="1487">
                <name>Zietenstraße</name>
                <description>                    category  : street &lt;br&gt;   
                    sitelinks : 2.0 &lt;br&gt;   
                    articleEN :  &lt;br&gt;             
                    articleDE : https://de.wikipedia.org/wiki/Zietenstra%C3%9Fe &lt;br&gt;              
                    wikidata_link : http://www.wikidata.org/entity/Q199267</description>
                <styleUrl>#33</styleUrl>
                <Point id="1486">
                    <coordinates>6.77865,51.2431,0.0</coordinates>
                </Point>
            </Placemark>
            <Placemark id="1489">
                <name>Zentrum für Aktion, Kultur und Kommunikation</name>
                <description>                    category  : cultural center &lt;br&gt;   
                    sitelinks : 2.0 &lt;br&gt;   
                    articleEN :  &lt;br&gt;             
                    articleDE : https://de.wikipedia.org/wiki/Zentrum_f%C3%BCr_Aktion,_Kultur_und_Kommunikation &lt;br&gt;              
                    wikidata_link : http://www.wikidata.org/entity/Q191185</description>
                <styleUrl>#33</styleUrl>
                <Point id="1488">
                    <coordinates>6.81063,51.2167,0.0</coordinates>
                </Point>
            </Placemark>
            <Placemark id="1491">
                <name>Anbetungskirche</name>
                <description>                    category  : church building &lt;br&gt;   
                    sitelinks : 2.0 &lt;br&gt;   
                    articleEN :  &lt;br&gt;             
                    articleDE : https://de.wikipedia.org/wiki/Anbetungskirche_(Hassels) &lt;br&gt;              
                    wikidata_link : http://www.wikidata.org/entity/Q488834</description>
                <styleUrl>#33</styleUrl>
                <Point id="1490">
                    <coordinates>6.87054,51.1752,0.0</coordinates>
                </Point>
            </Placemark>
            <Placemark id="1493">
                <name>Amtsgericht Mettmann</name>
                <description>                    category  : Local court (Germany) &lt;br&gt;   
                    sitelinks : 2.0 &lt;br&gt;   
                    articleEN :  &lt;br&gt;             
                    articleDE : https://de.wikipedia.org/wiki/Amtsgericht_Mettmann &lt;br&gt;              
                    wikidata_link : http://www.wikidata.org/entity/Q480890</description>
                <styleUrl>#33</styleUrl>
                <Point id="1492">
                    <coordinates>6.97106,51.2503,0.0</coordinates>
                </Point>
            </Placemark>
            <Placemark id="1495">
                <name>Local Court Düsseldorf</name>
                <description>                    category  : Local court (Germany) &lt;br&gt;   
                    sitelinks : 2.0 &lt;br&gt;   
                    articleEN :  &lt;br&gt;             
                    articleDE : https://de.wikipedia.org/wiki/Amtsgericht_D%C3%BCsseldorf &lt;br&gt;              
                    wikidata_link : http://www.wikidata.org/entity/Q480648</description>
                <styleUrl>#33</styleUrl>
                <Point id="1494">
                    <coordinates>6.7741,51.2285,0.0</coordinates>
                </Point>
            </Placemark>
            <Placemark id="1497">
                <name>Consulate General of the United States, Düsseldorf</name>
                <description>                    category  : building &lt;br&gt;   
                    sitelinks : 2.0 &lt;br&gt;   
                    articleEN : https://en.wikipedia.org/wiki/Consulate_General_of_the_United_States,_D%C3%BCsseldorf &lt;br&gt;             
                    articleDE : https://de.wikipedia.org/wiki/Amerikanisches_Generalkonsulat_in_D%C3%BCsseldorf &lt;br&gt;              
                    wikidata_link : http://www.wikidata.org/entity/Q470081</description>
                <styleUrl>#33</styleUrl>
                <Point id="1496">
                    <coordinates>6.77155,51.2404,0.0</coordinates>
                </Point>
            </Placemark>
            <Placemark id="1499">
                <name>Q151685</name>
                <description>                    category  : aid agency &lt;br&gt;   
                    sitelinks : 2.0 &lt;br&gt;   
                    articleEN :  &lt;br&gt;             
                    articleDE : https://de.wikipedia.org/wiki/Fiftyfifty &lt;br&gt;              
                    wikidata_link : http://www.wikidata.org/entity/Q151685</description>
                <styleUrl>#33</styleUrl>
                <Point id="1498">
                    <coordinates>6.83694444,51.20361111,0.0</coordinates>
                </Point>
            </Placemark>
            <Placemark id="1501">
                <name>Meerbusch</name>
                <description>                    category  : forest &lt;br&gt;   
                    sitelinks : 3.0 &lt;br&gt;   
                    articleEN :  &lt;br&gt;             
                    articleDE : https://de.wikipedia.org/wiki/Meerbusch_(Waldgebiet) &lt;br&gt;              
                    wikidata_link : http://www.wikidata.org/entity/Q32128317</description>
                <styleUrl>#33</styleUrl>
                <Point id="1500">
                    <coordinates>6.65747,51.25946,0.0</coordinates>
                </Point>
            </Placemark>
            <Placemark id="1503">
                <name>Jaberg</name>
                <description>                    category  : hill &lt;br&gt;   
                    sitelinks : 3.0 &lt;br&gt;   
                    articleEN :  &lt;br&gt;             
                    articleDE : https://de.wikipedia.org/wiki/Jaberg_(Hilden) &lt;br&gt;              
                    wikidata_link : http://www.wikidata.org/entity/Q28922954</description>
                <styleUrl>#33</styleUrl>
                <Point id="1502">
                    <coordinates>6.9695,51.178238888889,0.0</coordinates>
                </Point>
            </Placemark>
            <Placemark id="1505">
                <name>Vodafone-Campus</name>
                <description>                    category  : architectural ensemble &lt;br&gt;   
                    sitelinks : 3.0 &lt;br&gt;   
                    articleEN :  &lt;br&gt;             
                    articleDE : https://de.wikipedia.org/wiki/Vodafone-Campus &lt;br&gt;              
                    wikidata_link : http://www.wikidata.org/entity/Q15134041</description>
                <styleUrl>#33</styleUrl>
                <Point id="1504">
                    <coordinates>6.733875,51.235608333333,0.0</coordinates>
                </Point>
            </Placemark>
            <Placemark id="1507">
                <name>Haus Unterbach</name>
                <description>                    category  : water castle &lt;br&gt;   
                    sitelinks : 3.0 &lt;br&gt;   
                    articleEN :  &lt;br&gt;             
                    articleDE : https://de.wikipedia.org/wiki/Haus_Unterbach &lt;br&gt;              
                    wikidata_link : http://www.wikidata.org/entity/Q14552565</description>
                <styleUrl>#33</styleUrl>
                <Point id="1506">
                    <coordinates>6.90694,51.2014,0.0</coordinates>
                </Point>
            </Placemark>
            <Placemark id="1509">
                <name>Unterbacher See</name>
                <description>                    category  : lake &lt;br&gt;   
                    sitelinks : 3.0 &lt;br&gt;   
                    articleEN :  &lt;br&gt;             
                    articleDE : https://de.wikipedia.org/wiki/Unterbacher_See &lt;br&gt;              
                    wikidata_link : http://www.wikidata.org/entity/Q14524203</description>
                <styleUrl>#33</styleUrl>
                <Point id="1508">
                    <coordinates>6.89167,51.1947,0.0</coordinates>
                </Point>
            </Placemark>
            <Placemark id="1511">
                <name>Catholic Church St. Anna, Ratingen Lintorf</name>
                <description>                    category  : church building &lt;br&gt;   
                    sitelinks : 3.0 &lt;br&gt;   
                    articleEN :  &lt;br&gt;             
                    articleDE : https://de.wikipedia.org/wiki/St._Anna_(Ratingen-Lintorf) &lt;br&gt;              
                    wikidata_link : http://www.wikidata.org/entity/Q14497860</description>
                <styleUrl>#33</styleUrl>
                <Point id="1510">
                    <coordinates>6.83132,51.332,0.0</coordinates>
                </Point>
            </Placemark>
            <Placemark id="1513">
                <name>Schadowstraße 34</name>
                <description>                    category  : building &lt;br&gt;   
                    sitelinks : 3.0 &lt;br&gt;   
                    articleEN :  &lt;br&gt;             
                    articleDE : https://de.wikipedia.org/wiki/Schadowstra%C3%9Fe_34 &lt;br&gt;              
                    wikidata_link : http://www.wikidata.org/entity/Q1299332</description>
                <styleUrl>#33</styleUrl>
                <Point id="1512">
                    <coordinates>6.78189,51.2261,0.0</coordinates>
                </Point>
            </Placemark>
            <Placemark id="1515">
                <name>St. Blasius</name>
                <description>                    category  : church building &lt;br&gt;   
                    sitelinks : 3.0 &lt;br&gt;   
                    articleEN :  &lt;br&gt;             
                    articleDE : https://de.wikipedia.org/wiki/St._Blasius_(D%C3%BCsseldorf-Hamm) &lt;br&gt;              
                    wikidata_link : http://www.wikidata.org/entity/Q1283049</description>
                <styleUrl>#33</styleUrl>
                <Point id="1514">
                    <coordinates>6.73984,51.2083,0.0</coordinates>
                </Point>
            </Placemark>
            <Placemark id="1517">
                <name>Düsseldorfer HC</name>
                <description>                    category  : sports club &lt;br&gt;   
                    sitelinks : 3.0 &lt;br&gt;   
                    articleEN :  &lt;br&gt;             
                    articleDE : https://de.wikipedia.org/wiki/D%C3%BCsseldorfer_HC &lt;br&gt;              
                    wikidata_link : http://www.wikidata.org/entity/Q1272358</description>
                <styleUrl>#33</styleUrl>
                <Point id="1516">
                    <coordinates>6.73583333,51.24361111,0.0</coordinates>
                </Point>
            </Placemark>
            <Placemark id="1519">
                <name>Düsseldorfer Automobil- und Motorsport-Club 05</name>
                <description>                    category  : clan &lt;br&gt;   
                    sitelinks : 3.0 &lt;br&gt;   
                    articleEN : https://en.wikipedia.org/wiki/D%C3%BCsseldorfer_Automobil-_und_Motorsport-Club_05 &lt;br&gt;             
                    articleDE : https://de.wikipedia.org/wiki/D%C3%BCsseldorfer_Automobil-_und_Motorsport-Club_05 &lt;br&gt;              
                    wikidata_link : http://www.wikidata.org/entity/Q1272349</description>
                <styleUrl>#33</styleUrl>
                <Point id="1518">
                    <coordinates>6.8233333333333,51.195,0.0</coordinates>
                </Point>
            </Placemark>
            <Placemark id="1521">
                <name>Warenhaus Hartoch, Düsseldorf</name>
                <description>                    category  : department store &lt;br&gt;   
                    sitelinks : 3.0 &lt;br&gt;   
                    articleEN :  &lt;br&gt;             
                    articleDE : https://de.wikipedia.org/wiki/Warenhaus_Hartoch &lt;br&gt;              
                    wikidata_link : http://www.wikidata.org/entity/Q2549150</description>
                <styleUrl>#33</styleUrl>
                <Point id="1520">
                    <coordinates>6.77307,51.2261,0.0</coordinates>
                </Point>
            </Placemark>
            <Placemark id="1523">
                <name>Waldkaserne</name>
                <description>                    category  : barracks &lt;br&gt;   
                    sitelinks : 3.0 &lt;br&gt;   
                    articleEN :  &lt;br&gt;             
                    articleDE : https://de.wikipedia.org/wiki/Waldkaserne &lt;br&gt;              
                    wikidata_link : http://www.wikidata.org/entity/Q2541677</description>
                <styleUrl>#33</styleUrl>
                <Point id="1522">
                    <coordinates>6.96333,51.1769,0.0</coordinates>
                </Point>
            </Placemark>
            <Placemark id="1525">
                <name>Victoria House</name>
                <description>                    category  : architectural structure &lt;br&gt;   
                    sitelinks : 3.0 &lt;br&gt;   
                    articleEN :  &lt;br&gt;             
                    articleDE : https://de.wikipedia.org/wiki/Victoria-Haus &lt;br&gt;              
                    wikidata_link : http://www.wikidata.org/entity/Q2522677</description>
                <styleUrl>#33</styleUrl>
                <Point id="1524">
                    <coordinates>6.7744444444444,51.236388888889,0.0</coordinates>
                </Point>
            </Placemark>
            <Placemark id="1527">
                <name>Altestadt 6</name>
                <description>                    category  : building &lt;br&gt;   
                    sitelinks : 3.0 &lt;br&gt;   
                    articleEN :  &lt;br&gt;             
                    articleDE : https://de.wikipedia.org/wiki/Altestadt_6 &lt;br&gt;              
                    wikidata_link : http://www.wikidata.org/entity/Q439827</description>
                <styleUrl>#33</styleUrl>
                <Point id="1526">
                    <coordinates>6.77227,51.2289,0.0</coordinates>
                </Point>
            </Placemark>
            <Placemark id="1529">
                <name>Altestadt 14</name>
                <description>                    category  : building &lt;br&gt;   
                    sitelinks : 3.0 &lt;br&gt;   
                    articleEN :  &lt;br&gt;             
                    articleDE : https://de.wikipedia.org/wiki/Altestadt_14 &lt;br&gt;              
                    wikidata_link : http://www.wikidata.org/entity/Q439821</description>
                <styleUrl>#33</styleUrl>
                <Point id="1528">
                    <coordinates>6.7729,51.2289,0.0</coordinates>
                </Point>
            </Placemark>
            <Placemark id="1531">
                <name>Altestadt</name>
                <description>                    category  : street &lt;br&gt;   
                    sitelinks : 3.0 &lt;br&gt;   
                    articleEN :  &lt;br&gt;             
                    articleDE : https://de.wikipedia.org/wiki/Altestadt &lt;br&gt;              
                    wikidata_link : http://www.wikidata.org/entity/Q439814</description>
                <styleUrl>#33</styleUrl>
                <Point id="1530">
                    <coordinates>6.77274,51.2289,0.0</coordinates>
                </Point>
            </Placemark>
            <Placemark id="1533">
                <name>Altes Theater</name>
                <description>                    category  : destroyed building or structure &lt;br&gt;   
                    sitelinks : 3.0 &lt;br&gt;   
                    articleEN : https://en.wikipedia.org/wiki/Altes_Theater_(D%C3%BCsseldorf) &lt;br&gt;             
                    articleDE : https://de.wikipedia.org/wiki/Altes_Theater_(D%C3%BCsseldorf) &lt;br&gt;              
                    wikidata_link : http://www.wikidata.org/entity/Q439720</description>
                <styleUrl>#33</styleUrl>
                <Point id="1532">
                    <coordinates>6.77153,51.2259,0.0</coordinates>
                </Point>
            </Placemark>
            <Placemark id="1535">
                <name>AirBerlin World</name>
                <description>                    category  : association football venue &lt;br&gt;   
                    sitelinks : 3.0 &lt;br&gt;   
                    articleEN : https://en.wikipedia.org/wiki/Lena-Arena &lt;br&gt;             
                    articleDE : https://de.wikipedia.org/wiki/Lena-Arena &lt;br&gt;              
                    wikidata_link : http://www.wikidata.org/entity/Q408040</description>
                <styleUrl>#33</styleUrl>
                <Point id="1534">
                    <coordinates>6.72941,51.2638,0.0</coordinates>
                </Point>
            </Placemark>
            <Placemark id="1537">
                <name>Rheinisches Landestheater Neuss</name>
                <description>                    category  : theatre building &lt;br&gt;   
                    sitelinks : 3.0 &lt;br&gt;   
                    articleEN : https://en.wikipedia.org/wiki/Rheinisches_Landestheater_Neuss &lt;br&gt;             
                    articleDE : https://de.wikipedia.org/wiki/Rheinisches_Landestheater_Neuss &lt;br&gt;              
                    wikidata_link : http://www.wikidata.org/entity/Q389817</description>
                <styleUrl>#33</styleUrl>
                <Point id="1536">
                    <coordinates>6.69544,51.1968,0.0</coordinates>
                </Point>
            </Placemark>
            <Placemark id="1539">
                <name>Chaosdorf</name>
                <description>                    category  : hackspace &lt;br&gt;   
                    sitelinks : 3.0 &lt;br&gt;   
                    articleEN : https://en.wikipedia.org/wiki/Chaosdorf &lt;br&gt;             
                    articleDE :  &lt;br&gt;              
                    wikidata_link : http://www.wikidata.org/entity/Q16826280</description>
                <styleUrl>#33</styleUrl>
                <Point id="1538">
                    <coordinates>6.799648,51.212627,0.0</coordinates>
                </Point>
            </Placemark>
            <Placemark id="1541">
                <name>Q4501164</name>
                <description>                    category  : church building &lt;br&gt;   
                    sitelinks : 3.0 &lt;br&gt;   
                    articleEN :  &lt;br&gt;             
                    articleDE :  &lt;br&gt;              
                    wikidata_link : http://www.wikidata.org/entity/Q4501164</description>
                <styleUrl>#33</styleUrl>
                <Point id="1540">
                    <coordinates>6.7979083333333,51.285483333333,0.0</coordinates>
                </Point>
            </Placemark>
            <Placemark id="1543">
                <name>Kaarst IKEA station</name>
                <description>                    category  : S-Bahn station &lt;br&gt;   
                    sitelinks : 3.0 &lt;br&gt;   
                    articleEN : https://en.wikipedia.org/wiki/Kaarst_IKEA_station &lt;br&gt;             
                    articleDE :  &lt;br&gt;              
                    wikidata_link : http://www.wikidata.org/entity/Q2061311</description>
                <styleUrl>#33</styleUrl>
                <Point id="1542">
                    <coordinates>6.62984,51.2168,0.0</coordinates>
                </Point>
            </Placemark>
            <Placemark id="1545">
                <name>Interchange Duisburg-Süd</name>
                <description>                    category  : interchange &lt;br&gt;   
                    sitelinks : 3.0 &lt;br&gt;   
                    articleEN :  &lt;br&gt;             
                    articleDE : https://de.wikipedia.org/wiki/Autobahnkreuz_Duisburg-S%C3%BCd &lt;br&gt;              
                    wikidata_link : http://www.wikidata.org/entity/Q2406010</description>
                <styleUrl>#33</styleUrl>
                <Point id="1544">
                    <coordinates>6.75834,51.3532,0.0</coordinates>
                </Point>
            </Placemark>
            <Placemark id="1547">
                <name>Stürzelberg</name>
                <description>                    category  : quarter &lt;br&gt;   
                    sitelinks : 3.0 &lt;br&gt;   
                    articleEN :  &lt;br&gt;             
                    articleDE : https://de.wikipedia.org/wiki/St%C3%BCrzelberg &lt;br&gt;              
                    wikidata_link : http://www.wikidata.org/entity/Q2361112</description>
                <styleUrl>#33</styleUrl>
                <Point id="1546">
                    <coordinates>6.81556,51.1408,0.0</coordinates>
                </Point>
            </Placemark>
            <Placemark id="1549">
                <name>Ständehaus Düsseldorf</name>
                <description>                    category  : art museum &lt;br&gt;   
                    sitelinks : 3.0 &lt;br&gt;   
                    articleEN :  &lt;br&gt;             
                    articleDE : https://de.wikipedia.org/wiki/St%C3%A4ndehaus_(D%C3%BCsseldorf) &lt;br&gt;              
                    wikidata_link : http://www.wikidata.org/entity/Q2360156</description>
                <styleUrl>#33</styleUrl>
                <Point id="1548">
                    <coordinates>6.77388889,51.21666667,0.0</coordinates>
                </Point>
            </Placemark>
            <Placemark id="1551">
                <name>Stahlhof</name>
                <description>                    category  : architectural structure &lt;br&gt;   
                    sitelinks : 3.0 &lt;br&gt;   
                    articleEN : https://en.wikipedia.org/wiki/Stahlhof_(D%C3%BCsseldorf) &lt;br&gt;             
                    articleDE : https://de.wikipedia.org/wiki/Stahlhof &lt;br&gt;              
                    wikidata_link : http://www.wikidata.org/entity/Q2328985</description>
                <styleUrl>#33</styleUrl>
                <Point id="1550">
                    <coordinates>6.7763,51.2213,0.0</coordinates>
                </Point>
            </Placemark>
            <Placemark id="1553">
                <name>St. Peter</name>
                <description>                    category  : church building &lt;br&gt;   
                    sitelinks : 3.0 &lt;br&gt;   
                    articleEN :  &lt;br&gt;             
                    articleDE : https://de.wikipedia.org/wiki/St._Peter_(D%C3%BCsseldorf) &lt;br&gt;              
                    wikidata_link : http://www.wikidata.org/entity/Q2322467</description>
                <styleUrl>#33</styleUrl>
                <Point id="1552">
                    <coordinates>6.7761,51.2128,0.0</coordinates>
                </Point>
            </Placemark>
            <Placemark id="1555">
                <name>St. Josef</name>
                <description>                    category  : church building &lt;br&gt;   
                    sitelinks : 3.0 &lt;br&gt;   
                    articleEN :  &lt;br&gt;             
                    articleDE : https://de.wikipedia.org/wiki/St._Josef_(D%C3%BCsseldorf-Rath) &lt;br&gt;              
                    wikidata_link : http://www.wikidata.org/entity/Q2319592</description>
                <styleUrl>#33</styleUrl>
                <Point id="1554">
                    <coordinates>6.82466,51.2656,0.0</coordinates>
                </Point>
            </Placemark>
            <Placemark id="1557">
                <name>Mahn- und Gedenkstätte Düsseldorf</name>
                <description>                    category  : organization &lt;br&gt;   
                    sitelinks : 3.0 &lt;br&gt;   
                    articleEN :  &lt;br&gt;             
                    articleDE : https://de.wikipedia.org/wiki/Mahn-_und_Gedenkst%C3%A4tte_D%C3%BCsseldorf &lt;br&gt;              
                    wikidata_link : http://www.wikidata.org/entity/Q1884997</description>
                <styleUrl>#33</styleUrl>
                <Point id="1556">
                    <coordinates>6.77251,51.2273,0.0</coordinates>
                </Point>
            </Placemark>
            <Placemark id="1559">
                <name>Lörick</name>
                <description>                    category  : locality of Düsseldorf &lt;br&gt;   
                    sitelinks : 3.0 &lt;br&gt;   
                    articleEN : https://en.wikipedia.org/wiki/L%C3%B6rick &lt;br&gt;             
                    articleDE : https://de.wikipedia.org/wiki/L%C3%B6rick &lt;br&gt;              
                    wikidata_link : http://www.wikidata.org/entity/Q1879740</description>
                <styleUrl>#33</styleUrl>
                <Point id="1558">
                    <coordinates>6.72778,51.2464,0.0</coordinates>
                </Point>
            </Placemark>
            <Placemark id="1561">
                <name>Lohausen</name>
                <description>                    category  : locality of Düsseldorf &lt;br&gt;   
                    sitelinks : 3.0 &lt;br&gt;   
                    articleEN : https://en.wikipedia.org/wiki/Lohausen &lt;br&gt;             
                    articleDE : https://de.wikipedia.org/wiki/Lohausen &lt;br&gt;              
                    wikidata_link : http://www.wikidata.org/entity/Q1868132</description>
                <styleUrl>#33</styleUrl>
                <Point id="1560">
                    <coordinates>6.73667,51.2808,0.0</coordinates>
                </Point>
            </Placemark>
            <Placemark id="1563">
                <name>Lantz'scher Park</name>
                <description>                    category  : park &lt;br&gt;   
                    sitelinks : 3.0 &lt;br&gt;   
                    articleEN :  &lt;br&gt;             
                    articleDE : https://de.wikipedia.org/wiki/Lantz%E2%80%99scher_Park &lt;br&gt;              
                    wikidata_link : http://www.wikidata.org/entity/Q1805609</description>
                <styleUrl>#33</styleUrl>
                <Point id="1562">
                    <coordinates>6.735,51.27194444,0.0</coordinates>
                </Point>
            </Placemark>
            <Placemark id="1565">
                <name>Landtag of North Rhine-Westphalia</name>
                <description>                    category  : parliament building &lt;br&gt;   
                    sitelinks : 3.0 &lt;br&gt;   
                    articleEN :  &lt;br&gt;             
                    articleDE : https://de.wikipedia.org/wiki/Landtagsgeb%C3%A4ude_Nordrhein-Westfalen &lt;br&gt;              
                    wikidata_link : http://www.wikidata.org/entity/Q1803999</description>
                <styleUrl>#33</styleUrl>
                <Point id="1564">
                    <coordinates>6.7636111111111,51.218888888889,0.0</coordinates>
                </Point>
            </Placemark>
            <Placemark id="1567">
                <name>Kö-Galerie</name>
                <description>                    category  : office building &lt;br&gt;   
                    sitelinks : 3.0 &lt;br&gt;   
                    articleEN :  &lt;br&gt;             
                    articleDE : https://de.wikipedia.org/wiki/K%C3%B6-Galerie &lt;br&gt;              
                    wikidata_link : http://www.wikidata.org/entity/Q1795614</description>
                <styleUrl>#33</styleUrl>
                <Point id="1566">
                    <coordinates>6.78083,51.2217,0.0</coordinates>
                </Point>
            </Placemark>
            <Placemark id="1569">
                <name>Fossa Sanguinis</name>
                <description>                    category  : archaeological site &lt;br&gt;   
                    sitelinks : 3.0 &lt;br&gt;   
                    articleEN :  &lt;br&gt;             
                    articleDE : https://de.wikipedia.org/wiki/Kybele-Kultst%C3%A4tte_(Neuss) &lt;br&gt;              
                    wikidata_link : http://www.wikidata.org/entity/Q1794981</description>
                <styleUrl>#33</styleUrl>
                <Point id="1568">
                    <coordinates>6.71748,51.1839,0.0</coordinates>
                </Point>
            </Placemark>
            <Placemark id="1571">
                <name>Kunstweg MenschenSpuren</name>
                <description>                    category  : sculpture trail &lt;br&gt;   
                    sitelinks : 3.0 &lt;br&gt;   
                    articleEN :  &lt;br&gt;             
                    articleDE : https://de.wikipedia.org/wiki/Kunstweg_MenschenSpuren &lt;br&gt;              
                    wikidata_link : http://www.wikidata.org/entity/Q1792692</description>
                <styleUrl>#33</styleUrl>
                <Point id="1570">
                    <coordinates>6.95056,51.2242,0.0</coordinates>
                </Point>
            </Placemark>
            <Placemark id="1573">
                <name>Kriegerdenkmal</name>
                <description>                    category  : war memorial &lt;br&gt;   
                    sitelinks : 3.0 &lt;br&gt;   
                    articleEN :  &lt;br&gt;             
                    articleDE : https://de.wikipedia.org/wiki/Kriegerdenkmal_(D%C3%BCsseldorf-Golzheim) &lt;br&gt;              
                    wikidata_link : http://www.wikidata.org/entity/Q1788611</description>
                <styleUrl>#33</styleUrl>
                <Point id="1572">
                    <coordinates>6.75778,51.2515,0.0</coordinates>
                </Point>
            </Placemark>
            <Placemark id="1575">
                <name>Schlosspark Benrath</name>
                <description>                    category  : protected area &lt;br&gt;   
                    sitelinks : 3.0 &lt;br&gt;   
                    articleEN :  &lt;br&gt;             
                    articleDE : https://de.wikipedia.org/wiki/Naturschutzgebiet_Schlosspark_Benrath &lt;br&gt;              
                    wikidata_link : http://www.wikidata.org/entity/Q59975890</description>
                <styleUrl>#33</styleUrl>
                <Point id="1574">
                    <coordinates>6.8654225,51.1575293,0.0</coordinates>
                </Point>
            </Placemark>
            <Placemark id="1577">
                <name>Meerbusch train crash</name>
                <description>                    category  : rear-end collision &lt;br&gt;   
                    sitelinks : 3.0 &lt;br&gt;   
                    articleEN : https://en.wikipedia.org/wiki/Meerbusch_train_crash &lt;br&gt;             
                    articleDE : https://de.wikipedia.org/wiki/Eisenbahnunfall_von_Meerbusch-Osterath &lt;br&gt;              
                    wikidata_link : http://www.wikidata.org/entity/Q44906517</description>
                <styleUrl>#33</styleUrl>
                <Point id="1576">
                    <coordinates>6.6331,51.2598,0.0</coordinates>
                </Point>
            </Placemark>
            <Placemark id="1579">
                <name>Sankt Johannes der Täufer (Erkrath)</name>
                <description>                    category  : parish church &lt;br&gt;   
                    sitelinks : 3.0 &lt;br&gt;   
                    articleEN :  &lt;br&gt;             
                    articleDE : https://de.wikipedia.org/wiki/St._Johannes_der_T%C3%A4ufer_(Erkrath) &lt;br&gt;              
                    wikidata_link : http://www.wikidata.org/entity/Q2319400</description>
                <styleUrl>#33</styleUrl>
                <Point id="1578">
                    <coordinates>6.91358,51.222,0.0</coordinates>
                </Point>
            </Placemark>
            <Placemark id="1581">
                <name>Kom(m)ödchen</name>
                <description>                    category  : theatre building &lt;br&gt;   
                    sitelinks : 3.0 &lt;br&gt;   
                    articleEN : https://en.wikipedia.org/wiki/Kom(m)%C3%B6dchen &lt;br&gt;             
                    articleDE : https://de.wikipedia.org/wiki/Kom(m)%C3%B6dchen &lt;br&gt;              
                    wikidata_link : http://www.wikidata.org/entity/Q1779736</description>
                <styleUrl>#33</styleUrl>
                <Point id="1580">
                    <coordinates>6.77556,51.2272,0.0</coordinates>
                </Point>
            </Placemark>
            <Placemark id="1583">
                <name>Albert Mooren fountain</name>
                <description>                    category  : fountain &lt;br&gt;   
                    sitelinks : 3.0 &lt;br&gt;   
                    articleEN :  &lt;br&gt;             
                    articleDE : https://de.wikipedia.org/wiki/Albert-Mooren-Brunnen &lt;br&gt;              
                    wikidata_link : http://www.wikidata.org/entity/Q1748114</description>
                <styleUrl>#33</styleUrl>
                <Point id="1582">
                    <coordinates>6.79013,51.1995,0.0</coordinates>
                </Point>
            </Placemark>
            <Placemark id="1585">
                <name>Reckenberg Roman Watchtower</name>
                <description>                    category  : castellum &lt;br&gt;   
                    sitelinks : 3.0 &lt;br&gt;   
                    articleEN :  &lt;br&gt;             
                    articleDE : https://de.wikipedia.org/wiki/Kleinkastell_am_Reckberg &lt;br&gt;              
                    wikidata_link : http://www.wikidata.org/entity/Q1746901</description>
                <styleUrl>#33</styleUrl>
                <Point id="1584">
                    <coordinates>6.76654,51.1751,0.0</coordinates>
                </Point>
            </Placemark>
            <Placemark id="1587">
                <name>Chartreuse de Hain</name>
                <description>                    category  : Carthusian monastery &lt;br&gt;   
                    sitelinks : 3.0 &lt;br&gt;   
                    articleEN :  &lt;br&gt;             
                    articleDE : https://de.wikipedia.org/wiki/Kartause_Maria_Hain &lt;br&gt;              
                    wikidata_link : http://www.wikidata.org/entity/Q1734524</description>
                <styleUrl>#33</styleUrl>
                <Point id="1586">
                    <coordinates>6.78101,51.2873,0.0</coordinates>
                </Point>
            </Placemark>
            <Placemark id="1589">
                <name>Q2052208</name>
                <description>                    category  : interchange &lt;br&gt;   
                    sitelinks : 3.0 &lt;br&gt;   
                    articleEN :  &lt;br&gt;             
                    articleDE : https://de.wikipedia.org/wiki/Autobahnkreuz_Neuss-West &lt;br&gt;              
                    wikidata_link : http://www.wikidata.org/entity/Q2052208</description>
                <styleUrl>#33</styleUrl>
                <Point id="1588">
                    <coordinates>6.66909,51.18045,0.0</coordinates>
                </Point>
            </Placemark>
            <Placemark id="1591">
                <name>Osterath</name>
                <description>                    category  : Ortsteil &lt;br&gt;   
                    sitelinks : 3.0 &lt;br&gt;   
                    articleEN :  &lt;br&gt;             
                    articleDE : https://de.wikipedia.org/wiki/Osterath &lt;br&gt;              
                    wikidata_link : http://www.wikidata.org/entity/Q2035124</description>
                <styleUrl>#33</styleUrl>
                <Point id="1590">
                    <coordinates>6.6202777777778,51.269166666667,0.0</coordinates>
                </Point>
            </Placemark>
            <Placemark id="1593">
                <name>Ossum-Bösinghoven</name>
                <description>                    category  : quarter &lt;br&gt;   
                    sitelinks : 3.0 &lt;br&gt;   
                    articleEN :  &lt;br&gt;             
                    articleDE : https://de.wikipedia.org/wiki/Ossum-B%C3%B6singhoven &lt;br&gt;              
                    wikidata_link : http://www.wikidata.org/entity/Q2034752</description>
                <styleUrl>#33</styleUrl>
                <Point id="1592">
                    <coordinates>6.62759,51.3038,0.0</coordinates>
                </Point>
            </Placemark>
            <Placemark id="1595">
                <name>Neckereibrunnen Düsseldorf</name>
                <description>                    category  : water well &lt;br&gt;   
                    sitelinks : 3.0 &lt;br&gt;   
                    articleEN :  &lt;br&gt;             
                    articleDE : https://de.wikipedia.org/wiki/Neckereibrunnen &lt;br&gt;              
                    wikidata_link : http://www.wikidata.org/entity/Q1973779</description>
                <styleUrl>#33</styleUrl>
                <Point id="1594">
                    <coordinates>6.77826,51.2214,0.0</coordinates>
                </Point>
            </Placemark>
            <Placemark id="1597">
                <name>Q1955242</name>
                <description>                    category  : music school &lt;br&gt;   
                    sitelinks : 3.0 &lt;br&gt;   
                    articleEN :  &lt;br&gt;             
                    articleDE : https://de.wikipedia.org/wiki/Musikschule_Hilden &lt;br&gt;              
                    wikidata_link : http://www.wikidata.org/entity/Q1955242</description>
                <styleUrl>#33</styleUrl>
                <Point id="1596">
                    <coordinates>6.92971,51.1712,0.0</coordinates>
                </Point>
            </Placemark>
            <Placemark id="1599">
                <name>Heinrich Heine monument</name>
                <description>                    category  : sculpture &lt;br&gt;   
                    sitelinks : 3.0 &lt;br&gt;   
                    articleEN :  &lt;br&gt;             
                    articleDE : https://de.wikipedia.org/wiki/Heinrich-Heine-Denkmal_(D%C3%BCsseldorf) &lt;br&gt;              
                    wikidata_link : http://www.wikidata.org/entity/Q1596390</description>
                <styleUrl>#33</styleUrl>
                <Point id="1598">
                    <coordinates>6.77334,51.21938,0.0</coordinates>
                </Point>
            </Placemark>
            <Placemark id="1601">
                <name>Heinrich-Heine-Allee</name>
                <description>                    category  : street &lt;br&gt;   
                    sitelinks : 3.0 &lt;br&gt;   
                    articleEN :  &lt;br&gt;             
                    articleDE : https://de.wikipedia.org/wiki/Heinrich-Heine-Allee_(D%C3%BCsseldorf) &lt;br&gt;              
                    wikidata_link : http://www.wikidata.org/entity/Q1596386</description>
                <styleUrl>#33</styleUrl>
                <Point id="1600">
                    <coordinates>6.7770277777778,51.228,0.0</coordinates>
                </Point>
            </Placemark>
            <Placemark id="1603">
                <name>manor Rommeljans</name>
                <description>                    category  : manor estate &lt;br&gt;   
                    sitelinks : 3.0 &lt;br&gt;   
                    articleEN :  &lt;br&gt;             
                    articleDE : https://de.wikipedia.org/wiki/Haus_Rommeljans &lt;br&gt;              
                    wikidata_link : http://www.wikidata.org/entity/Q1590464</description>
                <styleUrl>#33</styleUrl>
                <Point id="1602">
                    <coordinates>6.88523,51.2917,0.0</coordinates>
                </Point>
            </Placemark>
            <Placemark id="1605">
                <name>Haus Böckum</name>
                <description>                    category  : water castle &lt;br&gt;   
                    sitelinks : 3.0 &lt;br&gt;   
                    articleEN :  &lt;br&gt;             
                    articleDE : https://de.wikipedia.org/wiki/Haus_B%C3%B6ckum &lt;br&gt;              
                    wikidata_link : http://www.wikidata.org/entity/Q1590010</description>
                <styleUrl>#33</styleUrl>
                <Point id="1604">
                    <coordinates>6.75847,51.3594,0.0</coordinates>
                </Point>
            </Placemark>
            <Placemark id="1607">
                <name>Victoriaplatz/Klever Straße</name>
                <description>                    category  : tram stop &lt;br&gt;   
                    sitelinks : 3.0 &lt;br&gt;   
                    articleEN : https://en.wikipedia.org/wiki/ERGO-Platz/Klever_Stra%C3%9Fe_station &lt;br&gt;             
                    articleDE : https://de.wikipedia.org/wiki/U-Bahnhof_ERGO-Platz/Klever_Stra%C3%9Fe &lt;br&gt;              
                    wikidata_link : http://www.wikidata.org/entity/Q1484267</description>
                <styleUrl>#33</styleUrl>
                <Point id="1606">
                    <coordinates>6.77325,51.2396,0.0</coordinates>
                </Point>
            </Placemark>
            <Placemark id="1609">
                <name>Dusseldorf Higher Regional Court</name>
                <description>                    category  : Oberlandesgericht &lt;br&gt;   
                    sitelinks : 3.0 &lt;br&gt;   
                    articleEN :  &lt;br&gt;             
                    articleDE : https://de.wikipedia.org/wiki/Oberlandesgericht_D%C3%BCsseldorf &lt;br&gt;              
                    wikidata_link : http://www.wikidata.org/entity/Q1479788</description>
                <styleUrl>#33</styleUrl>
                <Point id="1608">
                    <coordinates>6.77219,51.2389,0.0</coordinates>
                </Point>
            </Placemark>
            <Placemark id="1611">
                <name>Malkasten Park</name>
                <description>                    category  : park &lt;br&gt;   
                    sitelinks : 3.0 &lt;br&gt;   
                    articleEN : https://en.wikipedia.org/wiki/Malkastenpark &lt;br&gt;             
                    articleDE : https://de.wikipedia.org/wiki/Malkastenpark &lt;br&gt;              
                    wikidata_link : http://www.wikidata.org/entity/Q21037303</description>
                <styleUrl>#33</styleUrl>
                <Point id="1610">
                    <coordinates>6.78911111,51.22961111,0.0</coordinates>
                </Point>
            </Placemark>
            <Placemark id="1613">
                <name>Angermunder See</name>
                <description>                    category  : lake &lt;br&gt;   
                    sitelinks : 3.0 &lt;br&gt;   
                    articleEN :  &lt;br&gt;             
                    articleDE : https://de.wikipedia.org/wiki/Angermunder_See &lt;br&gt;              
                    wikidata_link : http://www.wikidata.org/entity/Q18616315</description>
                <styleUrl>#33</styleUrl>
                <Point id="1612">
                    <coordinates>6.7894780555556,51.318568888889,0.0</coordinates>
                </Point>
            </Placemark>
            <Placemark id="1615">
                <name>Q17521428</name>
                <description>                    category  : interchange &lt;br&gt;   
                    sitelinks : 3.0 &lt;br&gt;   
                    articleEN :  &lt;br&gt;             
                    articleDE : https://de.wikipedia.org/wiki/Autobahnkreuz_Kaarst &lt;br&gt;              
                    wikidata_link : http://www.wikidata.org/entity/Q17521428</description>
                <styleUrl>#33</styleUrl>
                <Point id="1614">
                    <coordinates>6.63824,51.23292,0.0</coordinates>
                </Point>
            </Placemark>
            <Placemark id="1617">
                <name>St. Cäcilia</name>
                <description>                    category  : church building &lt;br&gt;   
                    sitelinks : 3.0 &lt;br&gt;   
                    articleEN :  &lt;br&gt;             
                    articleDE : https://de.wikipedia.org/wiki/St._C%C3%A4cilia_(D%C3%BCsseldorf-Benrath) &lt;br&gt;              
                    wikidata_link : http://www.wikidata.org/entity/Q2317958</description>
                <styleUrl>#33</styleUrl>
                <Point id="1616">
                    <coordinates>6.87393,51.1631,0.0</coordinates>
                </Point>
            </Placemark>
            <Placemark id="1619">
                <name>St. Apollinaris</name>
                <description>                    category  : church building &lt;br&gt;   
                    sitelinks : 3.0 &lt;br&gt;   
                    articleEN :  &lt;br&gt;             
                    articleDE : https://de.wikipedia.org/wiki/St._Apollinaris_(D%C3%BCsseldorf) &lt;br&gt;              
                    wikidata_link : http://www.wikidata.org/entity/Q2317361</description>
                <styleUrl>#33</styleUrl>
                <Point id="1618">
                    <coordinates>6.79504,51.2129,0.0</coordinates>
                </Point>
            </Placemark>
            <Placemark id="1621">
                <name>St. Anthony</name>
                <description>                    category  : parish church &lt;br&gt;   
                    sitelinks : 3.0 &lt;br&gt;   
                    articleEN :  &lt;br&gt;             
                    articleDE : https://de.wikipedia.org/wiki/St._Antonius_(D%C3%BCsseldorf-Oberkassel) &lt;br&gt;              
                    wikidata_link : http://www.wikidata.org/entity/Q2317253</description>
                <styleUrl>#33</styleUrl>
                <Point id="1620">
                    <coordinates>6.75434,51.231,0.0</coordinates>
                </Point>
            </Placemark>
            <Placemark id="1623">
                <name>St. Anthony</name>
                <description>                    category  : church building &lt;br&gt;   
                    sitelinks : 3.0 &lt;br&gt;   
                    articleEN :  &lt;br&gt;             
                    articleDE : https://de.wikipedia.org/wiki/St._Antonius_(D%C3%BCsseldorf-Hassels) &lt;br&gt;              
                    wikidata_link : http://www.wikidata.org/entity/Q2317247</description>
                <styleUrl>#33</styleUrl>
                <Point id="1622">
                    <coordinates>6.87553,51.18,0.0</coordinates>
                </Point>
            </Placemark>
            <Placemark id="1625">
                <name>St. Adolfus</name>
                <description>                    category  : church building &lt;br&gt;   
                    sitelinks : 3.0 &lt;br&gt;   
                    articleEN :  &lt;br&gt;             
                    articleDE : https://de.wikipedia.org/wiki/St._Adolfus_(D%C3%BCsseldorf-Pempelfort) &lt;br&gt;              
                    wikidata_link : http://www.wikidata.org/entity/Q2316838</description>
                <styleUrl>#33</styleUrl>
                <Point id="1624">
                    <coordinates>6.77635,51.2392,0.0</coordinates>
                </Point>
            </Placemark>
            <Placemark id="1627">
                <name>Schloss-Gymnasium Benrath</name>
                <description>                    category  : Gymnasium in Germany &lt;br&gt;   
                    sitelinks : 3.0 &lt;br&gt;   
                    articleEN :  &lt;br&gt;             
                    articleDE : https://de.wikipedia.org/wiki/Schlo%C3%9F-Gymnasium_Benrath &lt;br&gt;              
                    wikidata_link : http://www.wikidata.org/entity/Q2244790</description>
                <styleUrl>#33</styleUrl>
                <Point id="1626">
                    <coordinates>6.86676,51.1672,0.0</coordinates>
                </Point>
            </Placemark>
            <Placemark id="1629">
                <name>Elbroich</name>
                <description>                    category  : château &lt;br&gt;   
                    sitelinks : 3.0 &lt;br&gt;   
                    articleEN :  &lt;br&gt;             
                    articleDE : https://de.wikipedia.org/wiki/Schloss_Elbroich &lt;br&gt;              
                    wikidata_link : http://www.wikidata.org/entity/Q2240799</description>
                <styleUrl>#33</styleUrl>
                <Point id="1628">
                    <coordinates>6.82587,51.1752,0.0</coordinates>
                </Point>
            </Placemark>
            <Placemark id="1631">
                <name>Schauspielhaus Düsseldorf</name>
                <description>                    category  : theatre building &lt;br&gt;   
                    sitelinks : 3.0 &lt;br&gt;   
                    articleEN : https://en.wikipedia.org/wiki/Altes_Schauspielhausgeb%C3%A4ude_D%C3%BCsseldorf &lt;br&gt;             
                    articleDE : https://de.wikipedia.org/wiki/Schauspielhaus_D%C3%BCsseldorf &lt;br&gt;              
                    wikidata_link : http://www.wikidata.org/entity/Q2232125</description>
                <styleUrl>#33</styleUrl>
                <Point id="1630">
                    <coordinates>6.77586,51.2201,0.0</coordinates>
                </Point>
            </Placemark>
            <Placemark id="1633">
                <name>Schadow-Arkaden</name>
                <description>                    category  : architectural structure &lt;br&gt;   
                    sitelinks : 3.0 &lt;br&gt;   
                    articleEN :  &lt;br&gt;             
                    articleDE : https://de.wikipedia.org/wiki/Schadow-Arkaden &lt;br&gt;              
                    wikidata_link : http://www.wikidata.org/entity/Q2229888</description>
                <styleUrl>#33</styleUrl>
                <Point id="1632">
                    <coordinates>6.78139,51.2253,0.0</coordinates>
                </Point>
            </Placemark>
            <Placemark id="1635">
                <name>Komödie Düsseldorf</name>
                <description>                    category  : theatre building &lt;br&gt;   
                    sitelinks : 3.0 &lt;br&gt;   
                    articleEN : https://en.wikipedia.org/wiki/Kom%C3%B6die_D%C3%BCsseldorf &lt;br&gt;             
                    articleDE : https://de.wikipedia.org/wiki/Kom%C3%B6die_D%C3%BCsseldorf &lt;br&gt;              
                    wikidata_link : http://www.wikidata.org/entity/Q1781091</description>
                <styleUrl>#33</styleUrl>
                <Point id="1634">
                    <coordinates>6.78333,51.2228,0.0</coordinates>
                </Point>
            </Placemark>
            <Placemark id="1637">
                <name>Kloster Eppinghoven</name>
                <description>                    category  : religious community &lt;br&gt;   
                    sitelinks : 3.0 &lt;br&gt;   
                    articleEN :  &lt;br&gt;             
                    articleDE : https://de.wikipedia.org/wiki/Kloster_Eppinghoven &lt;br&gt;              
                    wikidata_link : http://www.wikidata.org/entity/Q1775199</description>
                <styleUrl>#33</styleUrl>
                <Point id="1636">
                    <coordinates>6.67948,51.1547,0.0</coordinates>
                </Point>
            </Placemark>
            <Placemark id="1639">
                <name>Kiefernstraße</name>
                <description>                    category  : architectural structure &lt;br&gt;   
                    sitelinks : 3.0 &lt;br&gt;   
                    articleEN : https://en.wikipedia.org/wiki/Kiefernstra%C3%9Fe &lt;br&gt;             
                    articleDE : https://de.wikipedia.org/wiki/Kiefernstra%C3%9Fe_(D%C3%BCsseldorf) &lt;br&gt;              
                    wikidata_link : http://www.wikidata.org/entity/Q1740915</description>
                <styleUrl>#33</styleUrl>
                <Point id="1638">
                    <coordinates>6.8096,51.2192,0.0</coordinates>
                </Point>
            </Placemark>
            <Placemark id="1641">
                <name>Q64627075</name>
                <description>                    category  : river &lt;br&gt;   
                    sitelinks : 3.0 &lt;br&gt;   
                    articleEN :  &lt;br&gt;             
                    articleDE : https://de.wikipedia.org/wiki/J%C3%BCchener_Bach &lt;br&gt;              
                    wikidata_link : http://www.wikidata.org/entity/Q64627075</description>
                <styleUrl>#33</styleUrl>
                <Point id="1640">
                    <coordinates>6.56131,51.22834,0.0</coordinates>
                </Point>
            </Placemark>
            <Placemark id="1643">
                <name>Steinstraße/Königsallee</name>
                <description>                    category  : tram stop &lt;br&gt;   
                    sitelinks : 3.0 &lt;br&gt;   
                    articleEN : https://en.wikipedia.org/wiki/Steinstra%C3%9Fe/K%C3%B6nigsallee_station &lt;br&gt;             
                    articleDE : https://de.wikipedia.org/wiki/U-Bahnhof_Steinstra%C3%9Fe/K%C3%B6nigsallee &lt;br&gt;              
                    wikidata_link : http://www.wikidata.org/entity/Q1434716</description>
                <styleUrl>#33</styleUrl>
                <Point id="1642">
                    <coordinates>6.7808,51.223,0.0</coordinates>
                </Point>
            </Placemark>
            <Placemark id="1645">
                <name>Flughafenbrücke</name>
                <description>                    category  : cable-stayed bridge &lt;br&gt;   
                    sitelinks : 3.0 &lt;br&gt;   
                    articleEN :  &lt;br&gt;             
                    articleDE : https://de.wikipedia.org/wiki/Flughafenbr%C3%BCcke &lt;br&gt;              
                    wikidata_link : http://www.wikidata.org/entity/Q1433327</description>
                <styleUrl>#33</styleUrl>
                <Point id="1644">
                    <coordinates>6.705,51.278055555556,0.0</coordinates>
                </Point>
            </Placemark>
            <Placemark id="1647">
                <name>Flingern</name>
                <description>                    category  : locality of Düsseldorf &lt;br&gt;   
                    sitelinks : 3.0 &lt;br&gt;   
                    articleEN : https://en.wikipedia.org/wiki/Flingern &lt;br&gt;             
                    articleDE : https://de.wikipedia.org/wiki/Flingern &lt;br&gt;              
                    wikidata_link : http://www.wikidata.org/entity/Q1428808</description>
                <styleUrl>#33</styleUrl>
                <Point id="1646">
                    <coordinates>6.81306,51.2269,0.0</coordinates>
                </Point>
            </Placemark>
            <Placemark id="1649">
                <name>St. Remigius</name>
                <description>                    category  : church building &lt;br&gt;   
                    sitelinks : 3.0 &lt;br&gt;   
                    articleEN :  &lt;br&gt;             
                    articleDE : https://de.wikipedia.org/wiki/St._Remigius_(D%C3%BCsseldorf-Wittlaer) &lt;br&gt;              
                    wikidata_link : http://www.wikidata.org/entity/Q1422787</description>
                <styleUrl>#33</styleUrl>
                <Point id="1648">
                    <coordinates>6.73851,51.3211,0.0</coordinates>
                </Point>
            </Placemark>
            <Placemark id="1651">
                <name>Königliches Gymnasium, Alleestraße 32</name>
                <description>                    category  : school building &lt;br&gt;   
                    sitelinks : 3.0 &lt;br&gt;   
                    articleEN :  &lt;br&gt;             
                    articleDE : https://de.wikipedia.org/wiki/K%C3%B6nigliches_Gymnasium_(D%C3%BCsseldorf) &lt;br&gt;              
                    wikidata_link : http://www.wikidata.org/entity/Q1419424</description>
                <styleUrl>#33</styleUrl>
                <Point id="1650">
                    <coordinates>6.77794,51.226,0.0</coordinates>
                </Point>
            </Placemark>
            <Placemark id="1653">
                <name>Q1408935</name>
                <description>                    category  : watermill &lt;br&gt;   
                    sitelinks : 3.0 &lt;br&gt;   
                    articleEN :  &lt;br&gt;             
                    articleDE : https://de.wikipedia.org/wiki/Helpensteinm%C3%BChle &lt;br&gt;              
                    wikidata_link : http://www.wikidata.org/entity/Q1408935</description>
                <styleUrl>#33</styleUrl>
                <Point id="1652">
                    <coordinates>6.83306,51.3308,0.0</coordinates>
                </Point>
            </Placemark>
            <Placemark id="1655">
                <name>St. Nikolaus</name>
                <description>                    category  : church building &lt;br&gt;   
                    sitelinks : 3.0 &lt;br&gt;   
                    articleEN :  &lt;br&gt;             
                    articleDE : https://de.wikipedia.org/wiki/St._Nikolaus_(D%C3%BCsseldorf-Himmelgeist) &lt;br&gt;              
                    wikidata_link : http://www.wikidata.org/entity/Q1408855</description>
                <styleUrl>#33</styleUrl>
                <Point id="1654">
                    <coordinates>6.80393,51.1662,0.0</coordinates>
                </Point>
            </Placemark>
            <Placemark id="1657">
                <name>Lank-Latum</name>
                <description>                    category  : Ortsteil &lt;br&gt;   
                    sitelinks : 3.0 &lt;br&gt;   
                    articleEN :  &lt;br&gt;             
                    articleDE : https://de.wikipedia.org/wiki/Lank-Latum &lt;br&gt;              
                    wikidata_link : http://www.wikidata.org/entity/Q1387208</description>
                <styleUrl>#33</styleUrl>
                <Point id="1656">
                    <coordinates>6.67972,51.3067,0.0</coordinates>
                </Point>
            </Placemark>
            <Placemark id="1659">
                <name>Jan-Wellem-Reiterstandbild</name>
                <description>                    category  : statue &lt;br&gt;   
                    sitelinks : 3.0 &lt;br&gt;   
                    articleEN :  &lt;br&gt;             
                    articleDE : https://de.wikipedia.org/wiki/Jan-Wellem-Reiterdenkmal &lt;br&gt;              
                    wikidata_link : http://www.wikidata.org/entity/Q1380111</description>
                <styleUrl>#33</styleUrl>
                <Point id="1658">
                    <coordinates>6.77202,51.2258,0.0</coordinates>
                </Point>
            </Placemark>
            <Placemark id="1661">
                <name>Steigenberger Parkhotel Düsseldorf</name>
                <description>                    category  : architectural structure &lt;br&gt;   
                    sitelinks : 3.0 &lt;br&gt;   
                    articleEN : https://en.wikipedia.org/wiki/Steigenberger_Parkhotel_D%C3%BCsseldorf &lt;br&gt;             
                    articleDE : https://de.wikipedia.org/wiki/Parkhotel_(D%C3%BCsseldorf) &lt;br&gt;              
                    wikidata_link : http://www.wikidata.org/entity/Q1377459</description>
                <styleUrl>#33</styleUrl>
                <Point id="1660">
                    <coordinates>6.77856,51.2268,0.0</coordinates>
                </Point>
            </Placemark>
            <Placemark id="1663">
                <name>Baumberg</name>
                <description>                    category  : quarter &lt;br&gt;   
                    sitelinks : 3.0 &lt;br&gt;   
                    articleEN : https://en.wikipedia.org/wiki/Baumberg &lt;br&gt;             
                    articleDE : https://de.wikipedia.org/wiki/Baumberg_(Monheim_am_Rhein) &lt;br&gt;              
                    wikidata_link : http://www.wikidata.org/entity/Q811521</description>
                <styleUrl>#33</styleUrl>
                <Point id="1662">
                    <coordinates>6.89111,51.1175,0.0</coordinates>
                </Point>
            </Placemark>
            <Placemark id="1665">
                <name>Golden Bridge</name>
                <description>                    category  : footbridge &lt;br&gt;   
                    sitelinks : 3.0 &lt;br&gt;   
                    articleEN : https://en.wikipedia.org/wiki/Golden_Bridge_(Germany) &lt;br&gt;             
                    articleDE : https://de.wikipedia.org/wiki/Goldene_Br%C3%BCcke_(D%C3%BCsseldorf) &lt;br&gt;              
                    wikidata_link : http://www.wikidata.org/entity/Q25089923</description>
                <styleUrl>#33</styleUrl>
                <Point id="1664">
                    <coordinates>6.778934,51.22822,0.0</coordinates>
                </Point>
            </Placemark>
            <Placemark id="1667">
                <name>Goltsteinstraße</name>
                <description>                    category  : street &lt;br&gt;   
                    sitelinks : 3.0 &lt;br&gt;   
                    articleEN :  &lt;br&gt;             
                    articleDE : https://de.wikipedia.org/wiki/Goltsteinstra%C3%9Fe_(D%C3%BCsseldorf) &lt;br&gt;              
                    wikidata_link : http://www.wikidata.org/entity/Q25089305</description>
                <styleUrl>#33</styleUrl>
                <Point id="1666">
                    <coordinates>6.785737,51.228679,0.0</coordinates>
                </Point>
            </Placemark>
            <Placemark id="1669">
                <name>Hubbelrath</name>
                <description>                    category  : locality of Düsseldorf &lt;br&gt;   
                    sitelinks : 3.0 &lt;br&gt;   
                    articleEN : https://en.wikipedia.org/wiki/Hubbelrath &lt;br&gt;             
                    articleDE : https://de.wikipedia.org/wiki/Hubbelrath &lt;br&gt;              
                    wikidata_link : http://www.wikidata.org/entity/Q1632960</description>
                <styleUrl>#33</styleUrl>
                <Point id="1668">
                    <coordinates>6.9108333333333,51.256666666667,0.0</coordinates>
                </Point>
            </Placemark>
            <Placemark id="1671">
                <name>Hotel „Römischer Kaiser“</name>
                <description>                    category  : architectural structure &lt;br&gt;   
                    sitelinks : 3.0 &lt;br&gt;   
                    articleEN : https://en.wikipedia.org/wiki/Hotel_R%C3%B6mischer_Kaiser &lt;br&gt;             
                    articleDE : https://de.wikipedia.org/wiki/Hotel_%E2%80%9ER%C3%B6mischer_Kaiser%E2%80%9C &lt;br&gt;              
                    wikidata_link : http://www.wikidata.org/entity/Q1631110</description>
                <styleUrl>#33</styleUrl>
                <Point id="1670">
                    <coordinates>6.7852,51.2206,0.0</coordinates>
                </Point>
            </Placemark>
            <Placemark id="1673">
                <name>Ratingen-Homberg</name>
                <description>                    category  : Ortsteil &lt;br&gt;   
                    sitelinks : 3.0 &lt;br&gt;   
                    articleEN : https://en.wikipedia.org/wiki/Ratingen-Homberg &lt;br&gt;             
                    articleDE : https://de.wikipedia.org/wiki/Ratingen-Homberg &lt;br&gt;              
                    wikidata_link : http://www.wikidata.org/entity/Q1625856</description>
                <styleUrl>#33</styleUrl>
                <Point id="1672">
                    <coordinates>6.9277,51.2934,0.0</coordinates>
                </Point>
            </Placemark>
            <Placemark id="1675">
                <name>Hofgärtnerhaus Düsseldorf</name>
                <description>                    category  : building &lt;br&gt;   
                    sitelinks : 3.0 &lt;br&gt;   
                    articleEN :  &lt;br&gt;             
                    articleDE : https://de.wikipedia.org/wiki/Hofg%C3%A4rtnerhaus_D%C3%BCsseldorf &lt;br&gt;              
                    wikidata_link : http://www.wikidata.org/entity/Q1623109</description>
                <styleUrl>#33</styleUrl>
                <Point id="1674">
                    <coordinates>6.78133,51.23,0.0</coordinates>
                </Point>
            </Placemark>
            <Placemark id="1677">
                <name>Hildener Heide</name>
                <description>                    category  : forest &lt;br&gt;   
                    sitelinks : 3.0 &lt;br&gt;   
                    articleEN :  &lt;br&gt;             
                    articleDE : https://de.wikipedia.org/wiki/Hildener_Heide &lt;br&gt;              
                    wikidata_link : http://www.wikidata.org/entity/Q1618437</description>
                <styleUrl>#33</styleUrl>
                <Point id="1676">
                    <coordinates>6.96667,51.1833,0.0</coordinates>
                </Point>
            </Placemark>
            <Placemark id="1679">
                <name>Sacred-Heart-Church</name>
                <description>                    category  : church building &lt;br&gt;   
                    sitelinks : 3.0 &lt;br&gt;   
                    articleEN :  &lt;br&gt;             
                    articleDE : https://de.wikipedia.org/wiki/Herz-Jesu-Kirche_(D%C3%BCsseldorf-Derendorf) &lt;br&gt;              
                    wikidata_link : http://www.wikidata.org/entity/Q1614954</description>
                <styleUrl>#33</styleUrl>
                <Point id="1678">
                    <coordinates>6.77934,51.2467,0.0</coordinates>
                </Point>
            </Placemark>
            <Placemark id="1681">
                <name>Minorite Monastery Ratingen</name>
                <description>                    category  : building complex &lt;br&gt;   
                    sitelinks : 3.0 &lt;br&gt;   
                    articleEN :  &lt;br&gt;             
                    articleDE : https://de.wikipedia.org/wiki/Minoritenkloster_Ratingen &lt;br&gt;              
                    wikidata_link : http://www.wikidata.org/entity/Q1611478</description>
                <styleUrl>#33</styleUrl>
                <Point id="1680">
                    <coordinates>6.84833,51.2975,0.0</coordinates>
                </Point>
            </Placemark>
            <Placemark id="1683">
                <name>Heinrich-Heine-Institut</name>
                <description>                    category  : collection &lt;br&gt;   
                    sitelinks : 3.0 &lt;br&gt;   
                    articleEN :  &lt;br&gt;             
                    articleDE : https://de.wikipedia.org/wiki/Heinrich-Heine-Institut &lt;br&gt;              
                    wikidata_link : http://www.wikidata.org/entity/Q1596405</description>
                <styleUrl>#33</styleUrl>
                <Point id="1682">
                    <coordinates>6.77311,51.2222,0.0</coordinates>
                </Point>
            </Placemark>
            <Placemark id="1685">
                <name>St. Antonius (Düsseldorf-Friedrichstadt)</name>
                <description>                    category  : church building &lt;br&gt;   
                    sitelinks : 3.0 &lt;br&gt;   
                    articleEN :  &lt;br&gt;             
                    articleDE : https://de.wikipedia.org/wiki/St._Antonius_(D%C3%BCsseldorf-Friedrichstadt) &lt;br&gt;              
                    wikidata_link : http://www.wikidata.org/entity/Q15881976</description>
                <styleUrl>#33</styleUrl>
                <Point id="1684">
                    <coordinates>6.78644,51.2136,0.0</coordinates>
                </Point>
            </Placemark>
            <Placemark id="1687">
                <name>Christuskirche (Neuss)</name>
                <description>                    category  : church building &lt;br&gt;   
                    sitelinks : 3.0 &lt;br&gt;   
                    articleEN :  &lt;br&gt;             
                    articleDE : https://de.wikipedia.org/wiki/Christuskirche_(Neuss) &lt;br&gt;              
                    wikidata_link : http://www.wikidata.org/entity/Q15873914</description>
                <styleUrl>#33</styleUrl>
                <Point id="1686">
                    <coordinates>6.685937,51.197613,0.0</coordinates>
                </Point>
            </Placemark>
            <Placemark id="1689">
                <name>Universitäts-Augenklinik Düsseldorf</name>
                <description>                    category  : eye hospital &lt;br&gt;   
                    sitelinks : 3.0 &lt;br&gt;   
                    articleEN : https://en.wikipedia.org/wiki/Universit%C3%A4ts-Augenklinik_D%C3%BCsseldorf &lt;br&gt;             
                    articleDE : https://de.wikipedia.org/wiki/Universit%C3%A4ts-Augenklinik_D%C3%BCsseldorf &lt;br&gt;              
                    wikidata_link : http://www.wikidata.org/entity/Q15852121</description>
                <styleUrl>#33</styleUrl>
                <Point id="1688">
                    <coordinates>6.78937889,51.19712194,0.0</coordinates>
                </Point>
            </Placemark>
            <Placemark id="1691">
                <name>Skihalle Neuss</name>
                <description>                    category  : ski resort &lt;br&gt;   
                    sitelinks : 3.0 &lt;br&gt;   
                    articleEN :  &lt;br&gt;             
                    articleDE : https://de.wikipedia.org/wiki/Skihalle_Neuss &lt;br&gt;              
                    wikidata_link : http://www.wikidata.org/entity/Q15847736</description>
                <styleUrl>#33</styleUrl>
                <Point id="1690">
                    <coordinates>6.65029,51.17185,0.0</coordinates>
                </Point>
            </Placemark>
            <Placemark id="1693">
                <name>Suitbertus-Stiftsplatz</name>
                <description>                    category  : architectural ensemble &lt;br&gt;   
                    sitelinks : 3.0 &lt;br&gt;   
                    articleEN :  &lt;br&gt;             
                    articleDE : https://de.wikipedia.org/wiki/Suitbertus-Stiftsplatz &lt;br&gt;              
                    wikidata_link : http://www.wikidata.org/entity/Q15222724</description>
                <styleUrl>#33</styleUrl>
                <Point id="1692">
                    <coordinates>6.732962,51.300514,0.0</coordinates>
                </Point>
            </Placemark>
            <Placemark id="1695">
                <name>Kaufhaus Tietz (Düsseldorf)</name>
                <description>                    category  : department store &lt;br&gt;   
                    sitelinks : 3.0 &lt;br&gt;   
                    articleEN :  &lt;br&gt;             
                    articleDE : https://de.wikipedia.org/wiki/Warenhaus_Tietz_(Heinrich-Heine-Allee) &lt;br&gt;              
                    wikidata_link : http://www.wikidata.org/entity/Q2549170</description>
                <styleUrl>#33</styleUrl>
                <Point id="1694">
                    <coordinates>6.77777,51.2259,0.0</coordinates>
                </Point>
            </Placemark>
            <Placemark id="1697">
                <name>Sandberg</name>
                <description>                    category  : mountain &lt;br&gt;   
                    sitelinks : 3.0 &lt;br&gt;   
                    articleEN :  &lt;br&gt;             
                    articleDE : https://de.wikipedia.org/wiki/Sandberg_(D%C3%BCsseldorf) &lt;br&gt;              
                    wikidata_link : http://www.wikidata.org/entity/Q2220451</description>
                <styleUrl>#33</styleUrl>
                <Point id="1696">
                    <coordinates>6.9275,51.256388888889,0.0</coordinates>
                </Point>
            </Placemark>
            <Placemark id="1699">
                <name>Autobahndreieck Breitscheid</name>
                <description>                    category  : three-way interchange &lt;br&gt;   
                    sitelinks : 3.0 &lt;br&gt;   
                    articleEN :  &lt;br&gt;             
                    articleDE : https://de.wikipedia.org/wiki/Autobahndreieck_Breitscheid &lt;br&gt;              
                    wikidata_link : http://www.wikidata.org/entity/Q2187072</description>
                <styleUrl>#33</styleUrl>
                <Point id="1698">
                    <coordinates>6.8529,51.34576,0.0</coordinates>
                </Point>
            </Placemark>
            <Placemark id="1701">
                <name>Rochuskirche</name>
                <description>                    category  : church building &lt;br&gt;   
                    sitelinks : 3.0 &lt;br&gt;   
                    articleEN :  &lt;br&gt;             
                    articleDE : https://de.wikipedia.org/wiki/Rochuskirche_(D%C3%BCsseldorf) &lt;br&gt;              
                    wikidata_link : http://www.wikidata.org/entity/Q2160330</description>
                <styleUrl>#33</styleUrl>
                <Point id="1700">
                    <coordinates>6.78861,51.2333,0.0</coordinates>
                </Point>
            </Placemark>
            <Placemark id="1703">
                <name>Rochuskapelle</name>
                <description>                    category  : church building &lt;br&gt;   
                    sitelinks : 3.0 &lt;br&gt;   
                    articleEN : https://en.wikipedia.org/wiki/Chapel_of_St._Roch,_D%C3%BCsseldorf &lt;br&gt;             
                    articleDE : https://de.wikipedia.org/wiki/Rochuskapelle_(D%C3%BCsseldorf) &lt;br&gt;              
                    wikidata_link : http://www.wikidata.org/entity/Q2160316</description>
                <styleUrl>#33</styleUrl>
                <Point id="1702">
                    <coordinates>6.78876,51.2318,0.0</coordinates>
                </Point>
            </Placemark>
            <Placemark id="1705">
                <name>Rheinterrasse</name>
                <description>                    category  : building &lt;br&gt;   
                    sitelinks : 3.0 &lt;br&gt;   
                    articleEN :  &lt;br&gt;             
                    articleDE : https://de.wikipedia.org/wiki/Rheinterrasse_(D%C3%BCsseldorf) &lt;br&gt;              
                    wikidata_link : http://www.wikidata.org/entity/Q2148000</description>
                <styleUrl>#33</styleUrl>
                <Point id="1704">
                    <coordinates>6.7713,51.2359,0.0</coordinates>
                </Point>
            </Placemark>
            <Placemark id="1707">
                <name>Rheinpark</name>
                <description>                    category  : park &lt;br&gt;   
                    sitelinks : 3.0 &lt;br&gt;   
                    articleEN :  &lt;br&gt;             
                    articleDE : https://de.wikipedia.org/wiki/Rheinpark_Golzheim &lt;br&gt;              
                    wikidata_link : http://www.wikidata.org/entity/Q2147904</description>
                <styleUrl>#33</styleUrl>
                <Point id="1706">
                    <coordinates>6.76796,51.2434,0.0</coordinates>
                </Point>
            </Placemark>
            <Placemark id="1709">
                <name>Reisholz Rhine power line crossing</name>
                <description>                    category  : overhead power line crossing &lt;br&gt;   
                    sitelinks : 3.0 &lt;br&gt;   
                    articleEN : https://en.wikipedia.org/wiki/Reisholz_Rhine_Powerline_Crossing &lt;br&gt;             
                    articleDE : https://de.wikipedia.org/wiki/Rhein-Freileitungskreuzung_Reisholz &lt;br&gt;              
                    wikidata_link : http://www.wikidata.org/entity/Q2147459</description>
                <styleUrl>#33</styleUrl>
                <Point id="1708">
                    <coordinates>6.8341666666667,51.159722222222,0.0</coordinates>
                </Point>
            </Placemark>
            <Placemark id="1711">
                <name>Reisholz</name>
                <description>                    category  : locality of Düsseldorf &lt;br&gt;   
                    sitelinks : 3.0 &lt;br&gt;   
                    articleEN : https://en.wikipedia.org/wiki/Reisholz &lt;br&gt;             
                    articleDE : https://de.wikipedia.org/wiki/Reisholz &lt;br&gt;              
                    wikidata_link : http://www.wikidata.org/entity/Q2141962</description>
                <styleUrl>#33</styleUrl>
                <Point id="1710">
                    <coordinates>6.86583,51.1767,0.0</coordinates>
                </Point>
            </Placemark>
            <Placemark id="1713">
                <name>Reformationskirche</name>
                <description>                    category  : church building &lt;br&gt;   
                    sitelinks : 3.0 &lt;br&gt;   
                    articleEN :  &lt;br&gt;             
                    articleDE : https://de.wikipedia.org/wiki/Reformationskirche_(Hilden) &lt;br&gt;              
                    wikidata_link : http://www.wikidata.org/entity/Q2136777</description>
                <styleUrl>#33</styleUrl>
                <Point id="1712">
                    <coordinates>6.93278,51.1683,0.0</coordinates>
                </Point>
            </Placemark>
            <Placemark id="1715">
                <name>Ratinger Hof</name>
                <description>                    category  : architectural structure &lt;br&gt;   
                    sitelinks : 3.0 &lt;br&gt;   
                    articleEN :  &lt;br&gt;             
                    articleDE : https://de.wikipedia.org/wiki/Ratinger_Hof &lt;br&gt;              
                    wikidata_link : http://www.wikidata.org/entity/Q2132762</description>
                <styleUrl>#33</styleUrl>
                <Point id="1714">
                    <coordinates>6.77524,51.2295,0.0</coordinates>
                </Point>
            </Placemark>
            <Placemark id="1717">
                <name>Autobahnkapelle Geismühle</name>
                <description>                    category  : simultaneum &lt;br&gt;   
                    sitelinks : 3.0 &lt;br&gt;   
                    articleEN :  &lt;br&gt;             
                    articleDE : https://de.wikipedia.org/wiki/Autobahnkapelle_Geism%C3%BChle &lt;br&gt;              
                    wikidata_link : http://www.wikidata.org/entity/Q11722132</description>
                <styleUrl>#33</styleUrl>
                <Point id="1716">
                    <coordinates>6.63205,51.3109,0.0</coordinates>
                </Point>
            </Placemark>
            <Placemark id="1719">
                <name>Oberbilk</name>
                <description>                    category  : quarter &lt;br&gt;   
                    sitelinks : 3.0 &lt;br&gt;   
                    articleEN : https://en.wikipedia.org/wiki/Oberbilk &lt;br&gt;             
                    articleDE : https://de.wikipedia.org/wiki/Oberbilk &lt;br&gt;              
                    wikidata_link : http://www.wikidata.org/entity/Q8249663</description>
                <styleUrl>#33</styleUrl>
                <Point id="1718">
                    <coordinates>6.80361,51.2161,0.0</coordinates>
                </Point>
            </Placemark>
            <Placemark id="1721">
                <name>Meliesallee 3</name>
                <description>                    category  : architectural structure &lt;br&gt;   
                    sitelinks : 3.0 &lt;br&gt;   
                    articleEN :  &lt;br&gt;             
                    articleDE : https://de.wikipedia.org/wiki/Meliesallee_3 &lt;br&gt;              
                    wikidata_link : http://www.wikidata.org/entity/Q1715039</description>
                <styleUrl>#33</styleUrl>
                <Point id="1720">
                    <coordinates>6.86628,51.1611,0.0</coordinates>
                </Point>
            </Placemark>
            <Placemark id="1723">
                <name>Obertor Neuss</name>
                <description>                    category  : city gate &lt;br&gt;   
                    sitelinks : 3.0 &lt;br&gt;   
                    articleEN :  &lt;br&gt;             
                    articleDE : https://de.wikipedia.org/wiki/Obertor_(Neuss) &lt;br&gt;              
                    wikidata_link : http://www.wikidata.org/entity/Q1699165</description>
                <styleUrl>#33</styleUrl>
                <Point id="1722">
                    <coordinates>6.69832,51.1945,0.0</coordinates>
                </Point>
            </Placemark>
            <Placemark id="1725">
                <name>Paul-Janes-Stadion</name>
                <description>                    category  : association football venue &lt;br&gt;   
                    sitelinks : 3.0 &lt;br&gt;   
                    articleEN : https://en.wikipedia.org/wiki/Paul-Janes-Stadion &lt;br&gt;             
                    articleDE : https://de.wikipedia.org/wiki/Paul-Janes-Stadion &lt;br&gt;              
                    wikidata_link : http://www.wikidata.org/entity/Q1695505</description>
                <styleUrl>#33</styleUrl>
                <Point id="1724">
                    <coordinates>6.827222,51.225,0.0</coordinates>
                </Point>
            </Placemark>
            <Placemark id="1727">
                <name>Alleestraße 24</name>
                <description>                    category  : building &lt;br&gt;   
                    sitelinks : 3.0 &lt;br&gt;   
                    articleEN :  &lt;br&gt;             
                    articleDE : https://de.wikipedia.org/wiki/Alleestra%C3%9Fe_24_(D%C3%BCsseldorf) &lt;br&gt;              
                    wikidata_link : http://www.wikidata.org/entity/Q1687470</description>
                <styleUrl>#33</styleUrl>
                <Point id="1726">
                    <coordinates>6.77736,51.2266,0.0</coordinates>
                </Point>
            </Placemark>
            <Placemark id="1729">
                <name>St. Marien</name>
                <description>                    category  : parish church &lt;br&gt;   
                    sitelinks : 3.0 &lt;br&gt;   
                    articleEN :  &lt;br&gt;             
                    articleDE : https://de.wikipedia.org/wiki/St._Marien_(Neuss) &lt;br&gt;              
                    wikidata_link : http://www.wikidata.org/entity/Q1481049</description>
                <styleUrl>#33</styleUrl>
                <Point id="1728">
                    <coordinates>6.68572,51.2034,0.0</coordinates>
                </Point>
            </Placemark>
            <Placemark id="1731">
                <name>St. Peter und Paul, Ratingen</name>
                <description>                    category  : tourist attraction &lt;br&gt;   
                    sitelinks : 3.0 &lt;br&gt;   
                    articleEN :  &lt;br&gt;             
                    articleDE : https://de.wikipedia.org/wiki/St._Peter_und_Paul_(Ratingen) &lt;br&gt;              
                    wikidata_link : http://www.wikidata.org/entity/Q1473597</description>
                <styleUrl>#33</styleUrl>
                <Point id="1730">
                    <coordinates>6.84997,51.2975,0.0</coordinates>
                </Point>
            </Placemark>
            <Placemark id="1733">
                <name>Nierst</name>
                <description>                    category  : Ortsteil &lt;br&gt;   
                    sitelinks : 3.0 &lt;br&gt;   
                    articleEN :  &lt;br&gt;             
                    articleDE : https://de.wikipedia.org/wiki/Nierst &lt;br&gt;              
                    wikidata_link : http://www.wikidata.org/entity/Q1458651</description>
                <styleUrl>#33</styleUrl>
                <Point id="1732">
                    <coordinates>6.7152777777778,51.315555555556,0.0</coordinates>
                </Point>
            </Placemark>
            <Placemark id="1735">
                <name>Schloss Hülchrath</name>
                <description>                    category  : château &lt;br&gt;   
                    sitelinks : 3.0 &lt;br&gt;   
                    articleEN :  &lt;br&gt;             
                    articleDE : https://de.wikipedia.org/wiki/Schloss_H%C3%BClchrath &lt;br&gt;              
                    wikidata_link : http://www.wikidata.org/entity/Q1455612</description>
                <styleUrl>#33</styleUrl>
                <Point id="1734">
                    <coordinates>6.65841,51.1232,0.0</coordinates>
                </Point>
            </Placemark>
            <Placemark id="1737">
                <name>Haus Bürgel</name>
                <description>                    category  : building &lt;br&gt;   
                    sitelinks : 3.0 &lt;br&gt;   
                    articleEN :  &lt;br&gt;             
                    articleDE : https://de.wikipedia.org/wiki/Haus_B%C3%BCrgel &lt;br&gt;              
                    wikidata_link : http://www.wikidata.org/entity/Q1360812</description>
                <styleUrl>#33</styleUrl>
                <Point id="1736">
                    <coordinates>6.87333333,51.12972222,0.0</coordinates>
                </Point>
            </Placemark>
            <Placemark id="1739">
                <name>Straberg-Nievenheimer See</name>
                <description>                    category  : excavation lake &lt;br&gt;   
                    sitelinks : 3.0 &lt;br&gt;   
                    articleEN :  &lt;br&gt;             
                    articleDE : https://de.wikipedia.org/wiki/Straberg-Nievenheimer_See &lt;br&gt;              
                    wikidata_link : http://www.wikidata.org/entity/Q1356655</description>
                <styleUrl>#33</styleUrl>
                <Point id="1738">
                    <coordinates>6.7818,51.1018,0.0</coordinates>
                </Point>
            </Placemark>
            <Placemark id="1741">
                <name>Maria-Obhut-Kirche</name>
                <description>                    category  : church building &lt;br&gt;   
                    sitelinks : 3.0 &lt;br&gt;   
                    articleEN :  &lt;br&gt;             
                    articleDE : https://de.wikipedia.org/wiki/Maria-Obhut-Kirche &lt;br&gt;              
                    wikidata_link : http://www.wikidata.org/entity/Q1350517</description>
                <styleUrl>#33</styleUrl>
                <Point id="1740">
                    <coordinates>6.8055222222222,51.213227777778,0.0</coordinates>
                </Point>
            </Placemark>
            <Placemark id="1743">
                <name>Eller Forst</name>
                <description>                    category  : forest &lt;br&gt;   
                    sitelinks : 3.0 &lt;br&gt;   
                    articleEN :  &lt;br&gt;             
                    articleDE : https://de.wikipedia.org/wiki/Eller_Forst &lt;br&gt;              
                    wikidata_link : http://www.wikidata.org/entity/Q1331969</description>
                <styleUrl>#33</styleUrl>
                <Point id="1742">
                    <coordinates>6.87,51.206111111111,0.0</coordinates>
                </Point>
            </Placemark>
            <Placemark id="1745">
                <name>St. Hubert Chapel</name>
                <description>                    category  : chapel &lt;br&gt;   
                    sitelinks : 3.0 &lt;br&gt;   
                    articleEN :  &lt;br&gt;             
                    articleDE : https://de.wikipedia.org/wiki/Hubertuskapelle_(D%C3%BCsseldorf-Angermund) &lt;br&gt;              
                    wikidata_link : http://www.wikidata.org/entity/Q1325799</description>
                <styleUrl>#33</styleUrl>
                <Point id="1744">
                    <coordinates>6.75333,51.3481,0.0</coordinates>
                </Point>
            </Placemark>
            <Placemark id="1747">
                <name>Elbsee</name>
                <description>                    category  : lake &lt;br&gt;   
                    sitelinks : 3.0 &lt;br&gt;   
                    articleEN :  &lt;br&gt;             
                    articleDE : https://de.wikipedia.org/wiki/Elbsee_(D%C3%BCsseldorf) &lt;br&gt;              
                    wikidata_link : http://www.wikidata.org/entity/Q1325443</description>
                <styleUrl>#33</styleUrl>
                <Point id="1746">
                    <coordinates>6.90516,51.1836,0.0</coordinates>
                </Point>
            </Placemark>
            <Placemark id="1749">
                <name>Brehmstraße</name>
                <description>                    category  : indoor ice rink &lt;br&gt;   
                    sitelinks : 3.0 &lt;br&gt;   
                    articleEN : https://en.wikipedia.org/wiki/Eisstadion_an_der_Brehmstra%C3%9Fe &lt;br&gt;             
                    articleDE : https://de.wikipedia.org/wiki/Eisstadion_an_der_Brehmstra%C3%9Fe &lt;br&gt;              
                    wikidata_link : http://www.wikidata.org/entity/Q1320684</description>
                <styleUrl>#33</styleUrl>
                <Point id="1748">
                    <coordinates>6.80278,51.2417,0.0</coordinates>
                </Point>
            </Placemark>
            <Placemark id="1751">
                <name>Kaiser-Wilhelm-Denkmal</name>
                <description>                    category  : Kaiser William monuments &lt;br&gt;   
                    sitelinks : 3.0 &lt;br&gt;   
                    articleEN :  &lt;br&gt;             
                    articleDE : https://de.wikipedia.org/wiki/Kaiser-Wilhelm-Denkmal_(D%C3%BCsseldorf) &lt;br&gt;              
                    wikidata_link : http://www.wikidata.org/entity/Q1318506</description>
                <styleUrl>#33</styleUrl>
                <Point id="1750">
                    <coordinates>6.7818,51.2241,0.0</coordinates>
                </Point>
            </Placemark>
            <Placemark id="1753">
                <name>Schloß Pesch</name>
                <description>                    category  : château &lt;br&gt;   
                    sitelinks : 3.0 &lt;br&gt;   
                    articleEN :  &lt;br&gt;             
                    articleDE : https://de.wikipedia.org/wiki/Schloss_Pesch &lt;br&gt;              
                    wikidata_link : http://www.wikidata.org/entity/Q1317057</description>
                <styleUrl>#33</styleUrl>
                <Point id="1752">
                    <coordinates>6.645,51.296666666667,0.0</coordinates>
                </Point>
            </Placemark>
            <Placemark id="1755">
                <name>Q4847367</name>
                <description>                    category  : three-way interchange &lt;br&gt;   
                    sitelinks : 3.0 &lt;br&gt;   
                    articleEN :  &lt;br&gt;             
                    articleDE : https://de.wikipedia.org/wiki/Autobahndreieck_Neuss-S%C3%BCd &lt;br&gt;              
                    wikidata_link : http://www.wikidata.org/entity/Q4847367</description>
                <styleUrl>#33</styleUrl>
                <Point id="1754">
                    <coordinates>6.75239,51.15431,0.0</coordinates>
                </Point>
            </Placemark>
            <Placemark id="1757">
                <name>Volmerswerth</name>
                <description>                    category  : locality of Düsseldorf &lt;br&gt;   
                    sitelinks : 3.0 &lt;br&gt;   
                    articleEN : https://en.wikipedia.org/wiki/Volmerswerth &lt;br&gt;             
                    articleDE : https://de.wikipedia.org/wiki/Volmerswerth &lt;br&gt;              
                    wikidata_link : http://www.wikidata.org/entity/Q1266697</description>
                <styleUrl>#33</styleUrl>
                <Point id="1756">
                    <coordinates>6.76389,51.1883,0.0</coordinates>
                </Point>
            </Placemark>
            <Placemark id="1759">
                <name>Dreimädelbrunnen</name>
                <description>                    category  : water well &lt;br&gt;   
                    sitelinks : 3.0 &lt;br&gt;   
                    articleEN :  &lt;br&gt;             
                    articleDE : https://de.wikipedia.org/wiki/Dreim%C3%A4delbrunnen &lt;br&gt;              
                    wikidata_link : http://www.wikidata.org/entity/Q1257998</description>
                <styleUrl>#33</styleUrl>
                <Point id="1758">
                    <coordinates>6.75959,51.2535,0.0</coordinates>
                </Point>
            </Placemark>
            <Placemark id="1761">
                <name>Heilige Dreikönige</name>
                <description>                    category  : parish church &lt;br&gt;   
                    sitelinks : 3.0 &lt;br&gt;   
                    articleEN :  &lt;br&gt;             
                    articleDE : https://de.wikipedia.org/wiki/Dreik%C3%B6nigenkirche_(Neuss) &lt;br&gt;              
                    wikidata_link : http://www.wikidata.org/entity/Q1257919</description>
                <styleUrl>#33</styleUrl>
                <Point id="1760">
                    <coordinates>6.6886,51.1898,0.0</coordinates>
                </Point>
            </Placemark>
            <Placemark id="1763">
                <name>Düsseldorfer Marionetten-Theater</name>
                <description>                    category  : theatre building &lt;br&gt;   
                    sitelinks : 3.0 &lt;br&gt;   
                    articleEN : https://en.wikipedia.org/wiki/D%C3%BCsseldorfer_Marionetten-Theater &lt;br&gt;             
                    articleDE : https://de.wikipedia.org/wiki/D%C3%BCsseldorfer_Marionetten-Theater &lt;br&gt;              
                    wikidata_link : http://www.wikidata.org/entity/Q1250800</description>
                <styleUrl>#33</styleUrl>
                <Point id="1762">
                    <coordinates>6.77263,51.2224,0.0</coordinates>
                </Point>
            </Placemark>
            <Placemark id="1765">
                <name>Deutsches Diabetes-Zentrum</name>
                <description>                    category  : facility &lt;br&gt;   
                    sitelinks : 3.0 &lt;br&gt;   
                    articleEN : https://en.wikipedia.org/wiki/German_Diabetes_Center &lt;br&gt;             
                    articleDE : https://de.wikipedia.org/wiki/Deutsches_Diabetes-Zentrum &lt;br&gt;              
                    wikidata_link : http://www.wikidata.org/entity/Q1205596</description>
                <styleUrl>#33</styleUrl>
                <Point id="1764">
                    <coordinates>6.78728,51.204816,0.0</coordinates>
                </Point>
            </Placemark>
            <Placemark id="1767">
                <name>Dankeskirche</name>
                <description>                    category  : church building &lt;br&gt;   
                    sitelinks : 3.0 &lt;br&gt;   
                    articleEN :  &lt;br&gt;             
                    articleDE : https://de.wikipedia.org/wiki/Dankeskirche_(Benrath) &lt;br&gt;              
                    wikidata_link : http://www.wikidata.org/entity/Q1164244</description>
                <styleUrl>#33</styleUrl>
                <Point id="1766">
                    <coordinates>6.87003,51.1656,0.0</coordinates>
                </Point>
            </Placemark>
            <Placemark id="1769">
                <name>Jägerhofstraße</name>
                <description>                    category  : street &lt;br&gt;   
                    sitelinks : 3.0 &lt;br&gt;   
                    articleEN :  &lt;br&gt;             
                    articleDE : https://de.wikipedia.org/wiki/J%C3%A4gerhofstra%C3%9Fe_(D%C3%BCsseldorf) &lt;br&gt;              
                    wikidata_link : http://www.wikidata.org/entity/Q1146394</description>
                <styleUrl>#33</styleUrl>
                <Point id="1768">
                    <coordinates>6.78389,51.2305,0.0</coordinates>
                </Point>
            </Placemark>
            <Placemark id="1771">
                <name>Colorium</name>
                <description>                    category  : office building &lt;br&gt;   
                    sitelinks : 3.0 &lt;br&gt;   
                    articleEN :  &lt;br&gt;             
                    articleDE : https://de.wikipedia.org/wiki/Colorium &lt;br&gt;              
                    wikidata_link : http://www.wikidata.org/entity/Q1111633</description>
                <styleUrl>#33</styleUrl>
                <Point id="1770">
                    <coordinates>6.75055556,51.21472222,0.0</coordinates>
                </Point>
            </Placemark>
            <Placemark id="1773">
                <name>Autobahnkreuz Ratingen-Ost</name>
                <description>                    category  : interchange &lt;br&gt;   
                    sitelinks : 3.0 &lt;br&gt;   
                    articleEN :  &lt;br&gt;             
                    articleDE : https://de.wikipedia.org/wiki/Autobahnkreuz_Ratingen-Ost &lt;br&gt;              
                    wikidata_link : http://www.wikidata.org/entity/Q785887</description>
                <styleUrl>#33</styleUrl>
                <Point id="1772">
                    <coordinates>6.89622,51.2982,0.0</coordinates>
                </Point>
            </Placemark>
            <Placemark id="1775">
                <name>Q785836</name>
                <description>                    category  : interchange &lt;br&gt;   
                    sitelinks : 3.0 &lt;br&gt;   
                    articleEN :  &lt;br&gt;             
                    articleDE : https://de.wikipedia.org/wiki/Autobahnkreuz_Meerbusch &lt;br&gt;              
                    wikidata_link : http://www.wikidata.org/entity/Q785836</description>
                <styleUrl>#33</styleUrl>
                <Point id="1774">
                    <coordinates>6.63549,51.2917,0.0</coordinates>
                </Point>
            </Placemark>
            <Placemark id="1777">
                <name>Interchange Breitscheid</name>
                <description>                    category  : interchange &lt;br&gt;   
                    sitelinks : 3.0 &lt;br&gt;   
                    articleEN :  &lt;br&gt;             
                    articleDE : https://de.wikipedia.org/wiki/Autobahnkreuz_Breitscheid &lt;br&gt;              
                    wikidata_link : http://www.wikidata.org/entity/Q785739</description>
                <styleUrl>#33</styleUrl>
                <Point id="1776">
                    <coordinates>6.85746,51.3494,0.0</coordinates>
                </Point>
            </Placemark>
            <Placemark id="1779">
                <name>Rathaus Düsseldorf</name>
                <description>                    category  : Rathaus &lt;br&gt;   
                    sitelinks : 3.0 &lt;br&gt;   
                    articleEN :  &lt;br&gt;             
                    articleDE : https://de.wikipedia.org/wiki/Rathaus_D%C3%BCsseldorf &lt;br&gt;              
                    wikidata_link : http://www.wikidata.org/entity/Q728078</description>
                <styleUrl>#33</styleUrl>
                <Point id="1778">
                    <coordinates>6.7719944444444,51.226083333333,0.0</coordinates>
                </Point>
            </Placemark>
            <Placemark id="1781">
                <name>Oststraße</name>
                <description>                    category  : tram stop &lt;br&gt;   
                    sitelinks : 3.0 &lt;br&gt;   
                    articleEN : https://en.wikipedia.org/wiki/Oststra%C3%9Fe_station &lt;br&gt;             
                    articleDE : https://de.wikipedia.org/wiki/U-Bahnhof_Oststra%C3%9Fe &lt;br&gt;              
                    wikidata_link : http://www.wikidata.org/entity/Q2466029</description>
                <styleUrl>#33</styleUrl>
                <Point id="1780">
                    <coordinates>6.78655,51.2228,0.0</coordinates>
                </Point>
            </Placemark>
            <Placemark id="1783">
                <name>Nordstraße</name>
                <description>                    category  : tram stop &lt;br&gt;   
                    sitelinks : 3.0 &lt;br&gt;   
                    articleEN : https://en.wikipedia.org/wiki/Nordstra%C3%9Fe_station &lt;br&gt;             
                    articleDE : https://de.wikipedia.org/wiki/U-Bahnhof_Nordstra%C3%9Fe &lt;br&gt;              
                    wikidata_link : http://www.wikidata.org/entity/Q2466018</description>
                <styleUrl>#33</styleUrl>
                <Point id="1782">
                    <coordinates>6.77721,51.2353,0.0</coordinates>
                </Point>
            </Placemark>
            <Placemark id="1785">
                <name>Heinrich-Heine-Allee</name>
                <description>                    category  : interchange station &lt;br&gt;   
                    sitelinks : 3.0 &lt;br&gt;   
                    articleEN : https://en.wikipedia.org/wiki/Heinrich-Heine-Allee_station &lt;br&gt;             
                    articleDE : https://de.wikipedia.org/wiki/U-Bahnhof_Heinrich-Heine-Allee &lt;br&gt;              
                    wikidata_link : http://www.wikidata.org/entity/Q2465929</description>
                <styleUrl>#33</styleUrl>
                <Point id="1784">
                    <coordinates>6.77628,51.2256,0.0</coordinates>
                </Point>
            </Placemark>
            <Placemark id="1787">
                <name>Ellerstraße</name>
                <description>                    category  : tram stop &lt;br&gt;   
                    sitelinks : 3.0 &lt;br&gt;   
                    articleEN : https://en.wikipedia.org/wiki/Ellerstra%C3%9Fe_station &lt;br&gt;             
                    articleDE : https://de.wikipedia.org/wiki/U-Bahnhof_Ellerstra%C3%9Fe &lt;br&gt;              
                    wikidata_link : http://www.wikidata.org/entity/Q2465879</description>
                <styleUrl>#33</styleUrl>
                <Point id="1786">
                    <coordinates>6.80793,51.2111,0.0</coordinates>
                </Point>
            </Placemark>
            <Placemark id="1789">
                <name>Merkur Spiel-Arena/Messe Nord</name>
                <description>                    category  : tram stop &lt;br&gt;   
                    sitelinks : 3.0 &lt;br&gt;   
                    articleEN : https://en.wikipedia.org/wiki/Merkur_Spiel-Arena/Messe_Nord_station &lt;br&gt;             
                    articleDE : https://de.wikipedia.org/wiki/U-Bahnhof_Merkur_Spiel-Arena/Messe_Nord &lt;br&gt;              
                    wikidata_link : http://www.wikidata.org/entity/Q2465862</description>
                <styleUrl>#33</styleUrl>
                <Point id="1788">
                    <coordinates>6.73639,51.2611,0.0</coordinates>
                </Point>
            </Placemark>
            <Placemark id="1791">
                <name>Tritonenbrunnen in Düsseldorf</name>
                <description>                    category  : water well &lt;br&gt;   
                    sitelinks : 3.0 &lt;br&gt;   
                    articleEN :  &lt;br&gt;             
                    articleDE : https://de.wikipedia.org/wiki/Tritonenbrunnen_(D%C3%BCsseldorf) &lt;br&gt;              
                    wikidata_link : http://www.wikidata.org/entity/Q2454334</description>
                <styleUrl>#33</styleUrl>
                <Point id="1790">
                    <coordinates>6.77893,51.2253,0.0</coordinates>
                </Point>
            </Placemark>
            <Placemark id="1793">
                <name>Wahler Berg</name>
                <description>                    category  : site of community importance &lt;br&gt;   
                    sitelinks : 3.0 &lt;br&gt;   
                    articleEN :  &lt;br&gt;             
                    articleDE : https://de.wikipedia.org/wiki/Wahler_Berg &lt;br&gt;              
                    wikidata_link : http://www.wikidata.org/entity/Q1568775</description>
                <styleUrl>#33</styleUrl>
                <Point id="1792">
                    <coordinates>6.8108333333333,51.124166666667,0.0</coordinates>
                </Point>
            </Placemark>
            <Placemark id="1795">
                <name>Hellerhof</name>
                <description>                    category  : locality of Düsseldorf &lt;br&gt;   
                    sitelinks : 3.0 &lt;br&gt;   
                    articleEN : https://en.wikipedia.org/wiki/Hellerhof &lt;br&gt;             
                    articleDE : https://de.wikipedia.org/wiki/Hellerhof_(D%C3%BCsseldorf) &lt;br&gt;              
                    wikidata_link : http://www.wikidata.org/entity/Q1561876</description>
                <styleUrl>#33</styleUrl>
                <Point id="1794">
                    <coordinates>6.90814,51.1324,0.0</coordinates>
                </Point>
            </Placemark>
            <Placemark id="1797">
                <name>Heerdt</name>
                <description>                    category  : locality of Düsseldorf &lt;br&gt;   
                    sitelinks : 3.0 &lt;br&gt;   
                    articleEN : https://en.wikipedia.org/wiki/Heerdt &lt;br&gt;             
                    articleDE : https://de.wikipedia.org/wiki/Heerdt &lt;br&gt;              
                    wikidata_link : http://www.wikidata.org/entity/Q1551074</description>
                <styleUrl>#33</styleUrl>
                <Point id="1796">
                    <coordinates>6.71583,51.2283,0.0</coordinates>
                </Point>
            </Placemark>
            <Placemark id="1799">
                <name>Schlosskirche Eller</name>
                <description>                    category  : church building &lt;br&gt;   
                    sitelinks : 3.0 &lt;br&gt;   
                    articleEN :  &lt;br&gt;             
                    articleDE : https://de.wikipedia.org/wiki/Schlosskirche_Eller &lt;br&gt;              
                    wikidata_link : http://www.wikidata.org/entity/Q1550986</description>
                <styleUrl>#33</styleUrl>
                <Point id="1798">
                    <coordinates>6.84568,51.198,0.0</coordinates>
                </Point>
            </Placemark>
            <Placemark id="1801">
                <name>Golzheimer Friedhof</name>
                <description>                    category  : park &lt;br&gt;   
                    sitelinks : 3.0 &lt;br&gt;   
                    articleEN :  &lt;br&gt;             
                    articleDE : https://de.wikipedia.org/wiki/Golzheimer_Friedhof &lt;br&gt;              
                    wikidata_link : http://www.wikidata.org/entity/Q1536749</description>
                <styleUrl>#33</styleUrl>
                <Point id="1800">
                    <coordinates>6.77363,51.2398,0.0</coordinates>
                </Point>
            </Placemark>
            <Placemark id="1803">
                <name>Castello Düsseldorf</name>
                <description>                    category  : architectural structure &lt;br&gt;   
                    sitelinks : 3.0 &lt;br&gt;   
                    articleEN :  &lt;br&gt;             
                    articleDE : https://de.wikipedia.org/wiki/Castello_D%C3%BCsseldorf &lt;br&gt;              
                    wikidata_link : http://www.wikidata.org/entity/Q1048796</description>
                <styleUrl>#33</styleUrl>
                <Point id="1802">
                    <coordinates>6.86476,51.1755,0.0</coordinates>
                </Point>
            </Placemark>
            <Placemark id="1805">
                <name>Carsch-Haus in Düsseldorf</name>
                <description>                    category  : department store &lt;br&gt;   
                    sitelinks : 3.0 &lt;br&gt;   
                    articleEN :  &lt;br&gt;             
                    articleDE : https://de.wikipedia.org/wiki/Carsch-Haus &lt;br&gt;              
                    wikidata_link : http://www.wikidata.org/entity/Q1045381</description>
                <styleUrl>#33</styleUrl>
                <Point id="1804">
                    <coordinates>6.77605,51.2252,0.0</coordinates>
                </Point>
            </Placemark>
            <Placemark id="1807">
                <name>Büttgen</name>
                <description>                    category  : Ortsteil &lt;br&gt;   
                    sitelinks : 3.0 &lt;br&gt;   
                    articleEN :  &lt;br&gt;             
                    articleDE : https://de.wikipedia.org/wiki/B%C3%BCttgen &lt;br&gt;              
                    wikidata_link : http://www.wikidata.org/entity/Q1021846</description>
                <styleUrl>#33</styleUrl>
                <Point id="1806">
                    <coordinates>6.60694,51.1961,0.0</coordinates>
                </Point>
            </Placemark>
            <Placemark id="1809">
                <name>Büderich</name>
                <description>                    category  : Ortsteil &lt;br&gt;   
                    sitelinks : 3.0 &lt;br&gt;   
                    articleEN :  &lt;br&gt;             
                    articleDE : https://de.wikipedia.org/wiki/B%C3%BCderich_(Meerbusch) &lt;br&gt;              
                    wikidata_link : http://www.wikidata.org/entity/Q1020465</description>
                <styleUrl>#33</styleUrl>
                <Point id="1808">
                    <coordinates>6.695,51.2467,0.0</coordinates>
                </Point>
            </Placemark>
            <Placemark id="1811">
                <name>Buersbach</name>
                <description>                    category  : river &lt;br&gt;   
                    sitelinks : 3.0 &lt;br&gt;   
                    articleEN :  &lt;br&gt;             
                    articleDE : https://de.wikipedia.org/wiki/Buersbach &lt;br&gt;              
                    wikidata_link : http://www.wikidata.org/entity/Q1001872</description>
                <styleUrl>#33</styleUrl>
                <Point id="1810">
                    <coordinates>6.68121,51.3353,0.0</coordinates>
                </Point>
            </Placemark>
            <Placemark id="1813">
                <name>Pauluskirche</name>
                <description>                    category  : church building &lt;br&gt;   
                    sitelinks : 3.0 &lt;br&gt;   
                    articleEN :  &lt;br&gt;             
                    articleDE : https://de.wikipedia.org/wiki/Pauluskirche_(D%C3%BCsseldorf-D%C3%BCsseltal) &lt;br&gt;              
                    wikidata_link : http://www.wikidata.org/entity/Q992039</description>
                <styleUrl>#33</styleUrl>
                <Point id="1812">
                    <coordinates>6.80392,51.2366,0.0</coordinates>
                </Point>
            </Placemark>
            <Placemark id="1815">
                <name>NRW Forum</name>
                <description>                    category  : art museum &lt;br&gt;   
                    sitelinks : 3.0 &lt;br&gt;   
                    articleEN : https://en.wikipedia.org/wiki/NRW_Forum &lt;br&gt;             
                    articleDE : https://de.wikipedia.org/wiki/NRW-Forum_D%C3%BCsseldorf &lt;br&gt;              
                    wikidata_link : http://www.wikidata.org/entity/Q973307</description>
                <styleUrl>#33</styleUrl>
                <Point id="1814">
                    <coordinates>6.77204,51.2333,0.0</coordinates>
                </Point>
            </Placemark>
            <Placemark id="1817">
                <name>GAP 15</name>
                <description>                    category  : office building &lt;br&gt;   
                    sitelinks : 3.0 &lt;br&gt;   
                    articleEN :  &lt;br&gt;             
                    articleDE : https://de.wikipedia.org/wiki/GAP_15 &lt;br&gt;              
                    wikidata_link : http://www.wikidata.org/entity/Q953367</description>
                <styleUrl>#33</styleUrl>
                <Point id="1816">
                    <coordinates>6.7764888888889,51.219347222222,0.0</coordinates>
                </Point>
            </Placemark>
            <Placemark id="1819">
                <name>Oberbilker Markt/Warschauer Straße</name>
                <description>                    category  : tram stop &lt;br&gt;   
                    sitelinks : 3.0 &lt;br&gt;   
                    articleEN : https://en.wikipedia.org/wiki/Oberbilker_Markt/Warschauer_Stra%C3%9Fe_station &lt;br&gt;             
                    articleDE : https://de.wikipedia.org/wiki/U-Bahnhof_Oberbilker_Markt/Warschauer_Stra%C3%9Fe &lt;br&gt;              
                    wikidata_link : http://www.wikidata.org/entity/Q914220</description>
                <styleUrl>#33</styleUrl>
                <Point id="1818">
                    <coordinates>6.80347,51.2162,0.0</coordinates>
                </Point>
            </Placemark>
            <Placemark id="1821">
                <name>Cardinal Frings Bridge</name>
                <description>                    category  : road bridge &lt;br&gt;   
                    sitelinks : 3.0 &lt;br&gt;   
                    articleEN :  &lt;br&gt;             
                    articleDE : https://de.wikipedia.org/wiki/Josef-Kardinal-Frings-Br%C3%BCcke &lt;br&gt;              
                    wikidata_link : http://www.wikidata.org/entity/Q690762</description>
                <styleUrl>#33</styleUrl>
                <Point id="1820">
                    <coordinates>6.7319444444444,51.198333333333,0.0</coordinates>
                </Point>
            </Placemark>
            <Placemark id="1823">
                <name>AWD</name>
                <description>                    category  : motorcycle manufacturer &lt;br&gt;   
                    sitelinks : 3.0 &lt;br&gt;   
                    articleEN :  &lt;br&gt;             
                    articleDE : https://de.wikipedia.org/wiki/AWD_(Motorradhersteller) &lt;br&gt;              
                    wikidata_link : http://www.wikidata.org/entity/Q278491</description>
                <styleUrl>#33</styleUrl>
                <Point id="1822">
                    <coordinates>6.8680445,51.3416848,0.0</coordinates>
                </Point>
            </Placemark>
            <Placemark id="1825">
                <name>Von hier aus – Zwei Monate neue deutsche Kunst in Düsseldorf</name>
                <description>                    category  : art exhibition &lt;br&gt;   
                    sitelinks : 3.0 &lt;br&gt;   
                    articleEN : https://en.wikipedia.org/wiki/Von_hier_aus_%E2%80%93_Zwei_Monate_neue_deutsche_Kunst_in_D%C3%BCsseldorf &lt;br&gt;             
                    articleDE : https://de.wikipedia.org/wiki/Von_hier_aus_%E2%80%93_Zwei_Monate_neue_deutsche_Kunst_in_D%C3%BCsseldorf &lt;br&gt;              
                    wikidata_link : http://www.wikidata.org/entity/Q869950</description>
                <styleUrl>#33</styleUrl>
                <Point id="1824">
                    <coordinates>6.7456,51.2634,0.0</coordinates>
                </Point>
            </Placemark>
            <Placemark id="1827">
                <name>Bismarck-Denkmal</name>
                <description>                    category  : Bismarck monument &lt;br&gt;   
                    sitelinks : 3.0 &lt;br&gt;   
                    articleEN : https://en.wikipedia.org/wiki/Bismarck_Monument_(D%C3%BCsseldorf) &lt;br&gt;             
                    articleDE : https://de.wikipedia.org/wiki/Bismarck-Denkmal_(D%C3%BCsseldorf) &lt;br&gt;              
                    wikidata_link : http://www.wikidata.org/entity/Q866413</description>
                <styleUrl>#33</styleUrl>
                <Point id="1826">
                    <coordinates>6.78154,51.2243,0.0</coordinates>
                </Point>
            </Placemark>
            <Placemark id="1829">
                <name>Bilker Allee</name>
                <description>                    category  : street &lt;br&gt;   
                    sitelinks : 3.0 &lt;br&gt;   
                    articleEN :  &lt;br&gt;             
                    articleDE : https://de.wikipedia.org/wiki/Bilker_Allee &lt;br&gt;              
                    wikidata_link : http://www.wikidata.org/entity/Q861882</description>
                <styleUrl>#33</styleUrl>
                <Point id="1828">
                    <coordinates>6.77252,51.2107,0.0</coordinates>
                </Point>
            </Placemark>
            <Placemark id="1831">
                <name>Forum Freies Theater</name>
                <description>                    category  : Freies Theater &lt;br&gt;   
                    sitelinks : 3.0 &lt;br&gt;   
                    articleEN : https://en.wikipedia.org/wiki/Forum_Freies_Theater &lt;br&gt;             
                    articleDE : https://de.wikipedia.org/wiki/Forum_Freies_Theater &lt;br&gt;              
                    wikidata_link : http://www.wikidata.org/entity/Q647360</description>
                <styleUrl>#33</styleUrl>
                <Point id="1830">
                    <coordinates>6.78063889,51.21745833,0.0</coordinates>
                </Point>
            </Placemark>
            <Placemark id="1833">
                <name>Arabisches Café</name>
                <description>                    category  : destroyed building or structure &lt;br&gt;   
                    sitelinks : 3.0 &lt;br&gt;   
                    articleEN :  &lt;br&gt;             
                    articleDE : https://de.wikipedia.org/wiki/Arabisches_Caf%C3%A9_(D%C3%BCsseldorf) &lt;br&gt;              
                    wikidata_link : http://www.wikidata.org/entity/Q624311</description>
                <styleUrl>#33</styleUrl>
                <Point id="1832">
                    <coordinates>6.7825,51.2192,0.0</coordinates>
                </Point>
            </Placemark>
            <Placemark id="1835">
                <name>Apollo-Theater</name>
                <description>                    category  : destroyed building or structure &lt;br&gt;   
                    sitelinks : 3.0 &lt;br&gt;   
                    articleEN : https://en.wikipedia.org/wiki/Apollo-Theater_(D%C3%BCsseldorf) &lt;br&gt;             
                    articleDE : https://de.wikipedia.org/wiki/Apollo-Theater_(D%C3%BCsseldorf) &lt;br&gt;              
                    wikidata_link : http://www.wikidata.org/entity/Q618963</description>
                <styleUrl>#33</styleUrl>
                <Point id="1834">
                    <coordinates>6.77907,51.218,0.0</coordinates>
                </Point>
            </Placemark>
            <Placemark id="1837">
                <name>Zoologischer Garten Düsseldorf</name>
                <description>                    category  : zoo &lt;br&gt;   
                    sitelinks : 3.0 &lt;br&gt;   
                    articleEN :  &lt;br&gt;             
                    articleDE : https://de.wikipedia.org/wiki/Zoologischer_Garten_D%C3%BCsseldorf &lt;br&gt;              
                    wikidata_link : http://www.wikidata.org/entity/Q220238</description>
                <styleUrl>#33</styleUrl>
                <Point id="1836">
                    <coordinates>6.80527778,51.24194444,0.0</coordinates>
                </Point>
            </Placemark>
            <Placemark id="1839">
                <name>Burgplatz</name>
                <description>                    category  : square &lt;br&gt;   
                    sitelinks : 3.0 &lt;br&gt;   
                    articleEN :  &lt;br&gt;             
                    articleDE : https://de.wikipedia.org/wiki/Burgplatz_(D%C3%BCsseldorf) &lt;br&gt;              
                    wikidata_link : http://www.wikidata.org/entity/Q201537</description>
                <styleUrl>#33</styleUrl>
                <Point id="1838">
                    <coordinates>6.7713888888889,51.226944444444,0.0</coordinates>
                </Point>
            </Placemark>
            <Placemark id="1841">
                <name>Hassels</name>
                <description>                    category  : locality of Düsseldorf &lt;br&gt;   
                    sitelinks : 3.0 &lt;br&gt;   
                    articleEN : https://en.wikipedia.org/wiki/Hassels &lt;br&gt;             
                    articleDE : https://de.wikipedia.org/wiki/Hassels &lt;br&gt;              
                    wikidata_link : http://www.wikidata.org/entity/Q166602</description>
                <styleUrl>#33</styleUrl>
                <Point id="1840">
                    <coordinates>6.87389,51.1783,0.0</coordinates>
                </Point>
            </Placemark>
            <Placemark id="1843">
                <name>Schadowstraße</name>
                <description>                    category  : street &lt;br&gt;   
                    sitelinks : 4.0 &lt;br&gt;   
                    articleEN : https://en.wikipedia.org/wiki/Schadowstra%C3%9Fe &lt;br&gt;             
                    articleDE : https://de.wikipedia.org/wiki/Schadowstra%C3%9Fe_(D%C3%BCsseldorf) &lt;br&gt;              
                    wikidata_link : http://www.wikidata.org/entity/Q1296436</description>
                <styleUrl>#33</styleUrl>
                <Point id="1842">
                    <coordinates>6.78194444,51.22611111,0.0</coordinates>
                </Point>
            </Placemark>
            <Placemark id="1845">
                <name>Düsseldorfer Symphoniker</name>
                <description>                    category  : symphony orchestra &lt;br&gt;   
                    sitelinks : 4.0 &lt;br&gt;   
                    articleEN : https://en.wikipedia.org/wiki/D%C3%BCsseldorf_Symphony_Orchestra &lt;br&gt;             
                    articleDE : https://de.wikipedia.org/wiki/D%C3%BCsseldorfer_Symphoniker &lt;br&gt;              
                    wikidata_link : http://www.wikidata.org/entity/Q1272397</description>
                <styleUrl>#33</styleUrl>
                <Point id="1844">
                    <coordinates>6.7727777777778,51.231944444444,0.0</coordinates>
                </Point>
            </Placemark>
            <Placemark id="1847">
                <name>Altes Rathaus Düsseldorf</name>
                <description>                    category  : Rathaus &lt;br&gt;   
                    sitelinks : 4.0 &lt;br&gt;   
                    articleEN :  &lt;br&gt;             
                    articleDE : https://de.wikipedia.org/wiki/Altes_Rathaus_(D%C3%BCsseldorf) &lt;br&gt;              
                    wikidata_link : http://www.wikidata.org/entity/Q439369</description>
                <styleUrl>#33</styleUrl>
                <Point id="1846">
                    <coordinates>6.77199,51.2261,0.0</coordinates>
                </Point>
            </Placemark>
            <Placemark id="1849">
                <name>Tonhalle</name>
                <description>                    category  : concert hall &lt;br&gt;   
                    sitelinks : 4.0 &lt;br&gt;   
                    articleEN : https://en.wikipedia.org/wiki/Alte_Tonhalle &lt;br&gt;             
                    articleDE : https://de.wikipedia.org/wiki/Alte_Tonhalle &lt;br&gt;              
                    wikidata_link : http://www.wikidata.org/entity/Q436334</description>
                <styleUrl>#33</styleUrl>
                <Point id="1848">
                    <coordinates>6.78708,51.2272,0.0</coordinates>
                </Point>
            </Placemark>
            <Placemark id="1851">
                <name>Alte Kunsthalle</name>
                <description>                    category  : destroyed building or structure &lt;br&gt;   
                    sitelinks : 4.0 &lt;br&gt;   
                    articleEN :  &lt;br&gt;             
                    articleDE : https://de.wikipedia.org/wiki/Alte_Kunsthalle_(D%C3%BCsseldorf) &lt;br&gt;              
                    wikidata_link : http://www.wikidata.org/entity/Q435834</description>
                <styleUrl>#33</styleUrl>
                <Point id="1850">
                    <coordinates>6.77645,51.2276,0.0</coordinates>
                </Point>
            </Placemark>
            <Placemark id="1853">
                <name>Alt St. Martin</name>
                <description>                    category  : church building &lt;br&gt;   
                    sitelinks : 4.0 &lt;br&gt;   
                    articleEN :  &lt;br&gt;             
                    articleDE : https://de.wikipedia.org/wiki/Alt_St._Martin_(D%C3%BCsseldorf) &lt;br&gt;              
                    wikidata_link : http://www.wikidata.org/entity/Q433292</description>
                <styleUrl>#33</styleUrl>
                <Point id="1852">
                    <coordinates>6.76525,51.2074,0.0</coordinates>
                </Point>
            </Placemark>
            <Placemark id="1855">
                <name>Grafenberg</name>
                <description>                    category  : locality of Düsseldorf &lt;br&gt;   
                    sitelinks : 4.0 &lt;br&gt;   
                    articleEN : https://en.wikipedia.org/wiki/D%C3%BCsseldorf-Grafenberg &lt;br&gt;             
                    articleDE : https://de.wikipedia.org/wiki/Grafenberg_(D%C3%BCsseldorf) &lt;br&gt;              
                    wikidata_link : http://www.wikidata.org/entity/Q339549</description>
                <styleUrl>#33</styleUrl>
                <Point id="1854">
                    <coordinates>6.82472,51.2408,0.0</coordinates>
                </Point>
            </Placemark>
            <Placemark id="1857">
                <name>Camel (in Rhythmic Landscape with Trees)</name>
                <description>                    category  : painting &lt;br&gt;   
                    sitelinks : 4.0 &lt;br&gt;   
                    articleEN : https://en.wikipedia.org/wiki/Camel_(in_Rhythmic_Landscape_with_Trees) &lt;br&gt;             
                    articleDE :  &lt;br&gt;              
                    wikidata_link : http://www.wikidata.org/entity/Q21153070</description>
                <styleUrl>#33</styleUrl>
                <Point id="1856">
                    <coordinates>6.7755555555556,51.227222222222,0.0</coordinates>
                </Point>
            </Placemark>
            <Placemark id="1859">
                <name>Japanische Internationale Schule in Düsseldorf</name>
                <description>                    category  : international school &lt;br&gt;   
                    sitelinks : 4.0 &lt;br&gt;   
                    articleEN : https://en.wikipedia.org/wiki/Japanische_Internationale_Schule_in_D%C3%BCsseldorf &lt;br&gt;             
                    articleDE :  &lt;br&gt;              
                    wikidata_link : http://www.wikidata.org/entity/Q16987950</description>
                <styleUrl>#33</styleUrl>
                <Point id="1858">
                    <coordinates>6.74017,51.23665,0.0</coordinates>
                </Point>
            </Placemark>
            <Placemark id="1861">
                <name>Destruction of Neuss</name>
                <description>                    category  : conflict &lt;br&gt;   
                    sitelinks : 4.0 &lt;br&gt;   
                    articleEN : https://en.wikipedia.org/wiki/Destruction_of_Neuss &lt;br&gt;             
                    articleDE :  &lt;br&gt;              
                    wikidata_link : http://www.wikidata.org/entity/Q2213756</description>
                <styleUrl>#33</styleUrl>
                <Point id="1860">
                    <coordinates>6.69388889,51.20027778,0.0</coordinates>
                </Point>
            </Placemark>
            <Placemark id="1863">
                <name>Stockum</name>
                <description>                    category  : locality of Düsseldorf &lt;br&gt;   
                    sitelinks : 4.0 &lt;br&gt;   
                    articleEN : https://en.wikipedia.org/wiki/Stockum &lt;br&gt;             
                    articleDE : https://de.wikipedia.org/wiki/Stockum_(D%C3%BCsseldorf) &lt;br&gt;              
                    wikidata_link : http://www.wikidata.org/entity/Q2350846</description>
                <styleUrl>#33</styleUrl>
                <Point id="1862">
                    <coordinates>6.75361,51.26,0.0</coordinates>
                </Point>
            </Placemark>
            <Placemark id="1865">
                <name>Stadtmuseum Düsseldorf</name>
                <description>                    category  : local museum &lt;br&gt;   
                    sitelinks : 4.0 &lt;br&gt;   
                    articleEN :  &lt;br&gt;             
                    articleDE : https://de.wikipedia.org/wiki/Stadtmuseum_Landeshauptstadt_D%C3%BCsseldorf &lt;br&gt;              
                    wikidata_link : http://www.wikidata.org/entity/Q2327666</description>
                <styleUrl>#33</styleUrl>
                <Point id="1864">
                    <coordinates>6.76948,51.2221,0.0</coordinates>
                </Point>
            </Placemark>
            <Placemark id="1867">
                <name>Kunst im Tunnel</name>
                <description>                    category  : art museum &lt;br&gt;   
                    sitelinks : 4.0 &lt;br&gt;   
                    articleEN : https://en.wikipedia.org/wiki/Kunst_im_Tunnel &lt;br&gt;             
                    articleDE : https://de.wikipedia.org/wiki/Kunst_im_Tunnel &lt;br&gt;              
                    wikidata_link : http://www.wikidata.org/entity/Q1792324</description>
                <styleUrl>#33</styleUrl>
                <Point id="1866">
                    <coordinates>6.76678,51.2199,0.0</coordinates>
                </Point>
            </Placemark>
            <Placemark id="1869">
                <name>St. Mariä Empfängnis</name>
                <description>                    category  : church building &lt;br&gt;   
                    sitelinks : 4.0 &lt;br&gt;   
                    articleEN :  &lt;br&gt;             
                    articleDE : https://de.wikipedia.org/wiki/St._Mari%C3%A4_Empf%C3%A4ngnis_(D%C3%BCsseldorf) &lt;br&gt;              
                    wikidata_link : http://www.wikidata.org/entity/Q2320940</description>
                <styleUrl>#33</styleUrl>
                <Point id="1868">
                    <coordinates>6.7893611111111,51.225547222222,0.0</coordinates>
                </Point>
            </Placemark>
            <Placemark id="1871">
                <name>Lausward power station</name>
                <description>                    category  : combined cycle power station &lt;br&gt;   
                    sitelinks : 4.0 &lt;br&gt;   
                    articleEN :  &lt;br&gt;             
                    articleDE : https://de.wikipedia.org/wiki/Kraftwerk_Lausward &lt;br&gt;              
                    wikidata_link : http://www.wikidata.org/entity/Q1786148</description>
                <styleUrl>#33</styleUrl>
                <Point id="1870">
                    <coordinates>6.73111,51.2214,0.0</coordinates>
                </Point>
            </Placemark>
            <Placemark id="1873">
                <name>Poensgen Park</name>
                <description>                    category  : park &lt;br&gt;   
                    sitelinks : 4.0 &lt;br&gt;   
                    articleEN :  &lt;br&gt;             
                    articleDE : https://de.wikipedia.org/wiki/Poensgenpark &lt;br&gt;              
                    wikidata_link : http://www.wikidata.org/entity/Q1779637</description>
                <styleUrl>#33</styleUrl>
                <Point id="1872">
                    <coordinates>6.85,51.3056,0.0</coordinates>
                </Point>
            </Placemark>
            <Placemark id="1875">
                <name>Lintorf</name>
                <description>                    category  : quarter &lt;br&gt;   
                    sitelinks : 4.0 &lt;br&gt;   
                    articleEN : https://en.wikipedia.org/wiki/Ratingen-Lintorf &lt;br&gt;             
                    articleDE : https://de.wikipedia.org/wiki/Lintorf_(Ratingen) &lt;br&gt;              
                    wikidata_link : http://www.wikidata.org/entity/Q1770852</description>
                <styleUrl>#33</styleUrl>
                <Point id="1874">
                    <coordinates>6.8308333333333,51.332777777778,0.0</coordinates>
                </Point>
            </Placemark>
            <Placemark id="1877">
                <name>Opernhaus Düsseldorf</name>
                <description>                    category  : opera house &lt;br&gt;   
                    sitelinks : 4.0 &lt;br&gt;   
                    articleEN : https://en.wikipedia.org/wiki/Opernhaus_D%C3%BCsseldorf &lt;br&gt;             
                    articleDE : https://de.wikipedia.org/wiki/Opernhaus_D%C3%BCsseldorf &lt;br&gt;              
                    wikidata_link : http://www.wikidata.org/entity/Q2026671</description>
                <styleUrl>#33</styleUrl>
                <Point id="1876">
                    <coordinates>6.77728,51.2274,0.0</coordinates>
                </Point>
            </Placemark>
            <Placemark id="1879">
                <name>Nordfriedhof</name>
                <description>                    category  : cemetery &lt;br&gt;   
                    sitelinks : 4.0 &lt;br&gt;   
                    articleEN :  &lt;br&gt;             
                    articleDE : https://de.wikipedia.org/wiki/Nordfriedhof_(D%C3%BCsseldorf) &lt;br&gt;              
                    wikidata_link : http://www.wikidata.org/entity/Q1997967</description>
                <styleUrl>#33</styleUrl>
                <Point id="1878">
                    <coordinates>6.772,51.258,0.0</coordinates>
                </Point>
            </Placemark>
            <Placemark id="1881">
                <name>Neanderkirche</name>
                <description>                    category  : church building &lt;br&gt;   
                    sitelinks : 4.0 &lt;br&gt;   
                    articleEN : https://en.wikipedia.org/wiki/Neanderkirche &lt;br&gt;             
                    articleDE : https://de.wikipedia.org/wiki/Neanderkirche_(D%C3%BCsseldorf) &lt;br&gt;              
                    wikidata_link : http://www.wikidata.org/entity/Q1973070</description>
                <styleUrl>#33</styleUrl>
                <Point id="1880">
                    <coordinates>6.7745,51.2267,0.0</coordinates>
                </Point>
            </Placemark>
            <Placemark id="1883">
                <name>St. Maximilian</name>
                <description>                    category  : church building &lt;br&gt;   
                    sitelinks : 4.0 &lt;br&gt;   
                    articleEN :  &lt;br&gt;             
                    articleDE : https://de.wikipedia.org/wiki/Maxkirche_(D%C3%BCsseldorf) &lt;br&gt;              
                    wikidata_link : http://www.wikidata.org/entity/Q1914284</description>
                <styleUrl>#33</styleUrl>
                <Point id="1882">
                    <coordinates>6.77145,51.2233,0.0</coordinates>
                </Point>
            </Placemark>
            <Placemark id="1885">
                <name>Holy-Trinity-Church</name>
                <description>                    category  : church building &lt;br&gt;   
                    sitelinks : 4.0 &lt;br&gt;   
                    articleEN :  &lt;br&gt;             
                    articleDE : https://de.wikipedia.org/wiki/Heilige_Dreifaltigkeit_(D%C3%BCsseldorf) &lt;br&gt;              
                    wikidata_link : http://www.wikidata.org/entity/Q1595042</description>
                <styleUrl>#33</styleUrl>
                <Point id="1884">
                    <coordinates>6.789,51.2429,0.0</coordinates>
                </Point>
            </Placemark>
            <Placemark id="1887">
                <name>Haus zum Haus</name>
                <description>                    category  : water castle &lt;br&gt;   
                    sitelinks : 4.0 &lt;br&gt;   
                    articleEN :  &lt;br&gt;             
                    articleDE : https://de.wikipedia.org/wiki/Haus_zum_Haus &lt;br&gt;              
                    wikidata_link : http://www.wikidata.org/entity/Q1590934</description>
                <styleUrl>#33</styleUrl>
                <Point id="1886">
                    <coordinates>6.84611,51.3036,0.0</coordinates>
                </Point>
            </Placemark>
            <Placemark id="1889">
                <name>Hamm Railway Bridge</name>
                <description>                    category  : arch bridge &lt;br&gt;   
                    sitelinks : 4.0 &lt;br&gt;   
                    articleEN : https://en.wikipedia.org/wiki/Hamm_Railway_Bridge &lt;br&gt;             
                    articleDE : https://de.wikipedia.org/wiki/Hammer_Eisenbahnbr%C3%BCcke &lt;br&gt;              
                    wikidata_link : http://www.wikidata.org/entity/Q1573711</description>
                <styleUrl>#33</styleUrl>
                <Point id="1888">
                    <coordinates>6.7308333333333,51.208333333333,0.0</coordinates>
                </Point>
            </Placemark>
            <Placemark id="1891">
                <name>Kaarster Bahnhof station</name>
                <description>                    category  : S-Bahn station &lt;br&gt;   
                    sitelinks : 4.0 &lt;br&gt;   
                    articleEN : https://en.wikipedia.org/wiki/Kaarster_Bahnhof_station &lt;br&gt;             
                    articleDE : https://de.wikipedia.org/wiki/Kaarster_Bahnhof &lt;br&gt;              
                    wikidata_link : http://www.wikidata.org/entity/Q18616526</description>
                <styleUrl>#33</styleUrl>
                <Point id="1890">
                    <coordinates>6.606944,51.222778,0.0</coordinates>
                </Point>
            </Placemark>
            <Placemark id="1893">
                <name>St. Jakobus</name>
                <description>                    category  : church building &lt;br&gt;   
                    sitelinks : 4.0 &lt;br&gt;   
                    articleEN :  &lt;br&gt;             
                    articleDE : https://de.wikipedia.org/wiki/St.-Jacobus-Kirche_(Hilden) &lt;br&gt;              
                    wikidata_link : http://www.wikidata.org/entity/Q17592460</description>
                <styleUrl>#33</styleUrl>
                <Point id="1892">
                    <coordinates>6.93897,51.169346,0.0</coordinates>
                </Point>
            </Placemark>
            <Placemark id="1895">
                <name>Knittkuhl</name>
                <description>                    category  : locality of Düsseldorf &lt;br&gt;   
                    sitelinks : 4.0 &lt;br&gt;   
                    articleEN : https://en.wikipedia.org/wiki/Knittkuhl &lt;br&gt;             
                    articleDE : https://de.wikipedia.org/wiki/Knittkuhl &lt;br&gt;              
                    wikidata_link : http://www.wikidata.org/entity/Q17351610</description>
                <styleUrl>#33</styleUrl>
                <Point id="1894">
                    <coordinates>6.87192,51.26759,0.0</coordinates>
                </Point>
            </Placemark>
            <Placemark id="1897">
                <name>Heltorf Castle</name>
                <description>                    category  : château &lt;br&gt;   
                    sitelinks : 4.0 &lt;br&gt;   
                    articleEN :  &lt;br&gt;             
                    articleDE : https://de.wikipedia.org/wiki/Schloss_Heltorf &lt;br&gt;              
                    wikidata_link : http://www.wikidata.org/entity/Q2241521</description>
                <styleUrl>#33</styleUrl>
                <Point id="1896">
                    <coordinates>6.7705555555556,51.342222222222,0.0</coordinates>
                </Point>
            </Placemark>
            <Placemark id="1899">
                <name>St. Elisabeth</name>
                <description>                    category  : church building &lt;br&gt;   
                    sitelinks : 4.0 &lt;br&gt;   
                    articleEN :  &lt;br&gt;             
                    articleDE : https://de.wikipedia.org/wiki/St._Elisabeth_(D%C3%BCsseldorf-Stadtmitte) &lt;br&gt;              
                    wikidata_link : http://www.wikidata.org/entity/Q1761741</description>
                <styleUrl>#33</styleUrl>
                <Point id="1898">
                    <coordinates>6.79819,51.2263,0.0</coordinates>
                </Point>
            </Placemark>
            <Placemark id="1901">
                <name>Hamm</name>
                <description>                    category  : locality of Düsseldorf &lt;br&gt;   
                    sitelinks : 4.0 &lt;br&gt;   
                    articleEN : https://en.wikipedia.org/wiki/D%C3%BCsseldorf-Hamm &lt;br&gt;             
                    articleDE : https://de.wikipedia.org/wiki/Hamm_(D%C3%BCsseldorf) &lt;br&gt;              
                    wikidata_link : http://www.wikidata.org/entity/Q1384350</description>
                <styleUrl>#33</styleUrl>
                <Point id="1900">
                    <coordinates>6.74444,51.205,0.0</coordinates>
                </Point>
            </Placemark>
            <Placemark id="1903">
                <name>Neanderthal</name>
                <description>                    category  : Haltepunkt (train stop) &lt;br&gt;   
                    sitelinks : 4.0 &lt;br&gt;   
                    articleEN : https://en.wikipedia.org/wiki/Neanderthal_station &lt;br&gt;             
                    articleDE : https://de.wikipedia.org/wiki/Bahnhof_Neanderthal &lt;br&gt;              
                    wikidata_link : http://www.wikidata.org/entity/Q801233</description>
                <styleUrl>#33</styleUrl>
                <Point id="1902">
                    <coordinates>6.95306,51.2278,0.0</coordinates>
                </Point>
            </Placemark>
            <Placemark id="1905">
                <name>Himmelgeist</name>
                <description>                    category  : locality of Düsseldorf &lt;br&gt;   
                    sitelinks : 4.0 &lt;br&gt;   
                    articleEN : https://en.wikipedia.org/wiki/Himmelgeist &lt;br&gt;             
                    articleDE : https://de.wikipedia.org/wiki/Himmelgeist &lt;br&gt;              
                    wikidata_link : http://www.wikidata.org/entity/Q1619115</description>
                <styleUrl>#33</styleUrl>
                <Point id="1904">
                    <coordinates>6.80972,51.1728,0.0</coordinates>
                </Point>
            </Placemark>
            <Placemark id="1907">
                <name>Botanischer Garten der Stadt Neuss</name>
                <description>                    category  : botanical garden &lt;br&gt;   
                    sitelinks : 4.0 &lt;br&gt;   
                    articleEN : https://en.wikipedia.org/wiki/Botanischer_Garten_der_Stadt_Neuss &lt;br&gt;             
                    articleDE : https://de.wikipedia.org/wiki/Botanischer_Garten_der_Stadt_Neuss &lt;br&gt;              
                    wikidata_link : http://www.wikidata.org/entity/Q4948477</description>
                <styleUrl>#33</styleUrl>
                <Point id="1906">
                    <coordinates>6.69216,51.1896,0.0</coordinates>
                </Point>
            </Placemark>
            <Placemark id="1909">
                <name>Vater Rhein und seine Töchter</name>
                <description>                    category  : monument &lt;br&gt;   
                    sitelinks : 4.0 &lt;br&gt;   
                    articleEN :  &lt;br&gt;             
                    articleDE : https://de.wikipedia.org/wiki/Vater_Rhein_und_seine_T%C3%B6chter &lt;br&gt;              
                    wikidata_link : http://www.wikidata.org/entity/Q1692367</description>
                <styleUrl>#33</styleUrl>
                <Point id="1908">
                    <coordinates>6.77403,51.2169,0.0</coordinates>
                </Point>
            </Placemark>
            <Placemark id="1911">
                <name>Itter</name>
                <description>                    category  : locality of Düsseldorf &lt;br&gt;   
                    sitelinks : 4.0 &lt;br&gt;   
                    articleEN : https://en.wikipedia.org/wiki/D%C3%BCsseldorf-Itter &lt;br&gt;             
                    articleDE : https://de.wikipedia.org/wiki/Itter_(D%C3%BCsseldorf) &lt;br&gt;              
                    wikidata_link : http://www.wikidata.org/entity/Q1675319</description>
                <styleUrl>#33</styleUrl>
                <Point id="1910">
                    <coordinates>6.815,51.165,0.0</coordinates>
                </Point>
            </Placemark>
            <Placemark id="1913">
                <name>Rheinuferpromenade</name>
                <description>                    category  : architectural structure &lt;br&gt;   
                    sitelinks : 4.0 &lt;br&gt;   
                    articleEN :  &lt;br&gt;             
                    articleDE : https://de.wikipedia.org/wiki/Rheinuferpromenade &lt;br&gt;              
                    wikidata_link : http://www.wikidata.org/entity/Q1517664</description>
                <styleUrl>#33</styleUrl>
                <Point id="1912">
                    <coordinates>6.7691666666667,51.223611111111,0.0</coordinates>
                </Point>
            </Placemark>
            <Placemark id="1915">
                <name>Galkhauser Bach</name>
                <description>                    category  : river &lt;br&gt;   
                    sitelinks : 4.0 &lt;br&gt;   
                    articleEN : https://en.wikipedia.org/wiki/Galkhauser_Bach &lt;br&gt;             
                    articleDE : https://de.wikipedia.org/wiki/Galkhauser_Bach &lt;br&gt;              
                    wikidata_link : http://www.wikidata.org/entity/Q1345799</description>
                <styleUrl>#33</styleUrl>
                <Point id="1914">
                    <coordinates>6.90638,51.1376,0.0</coordinates>
                </Point>
            </Placemark>
            <Placemark id="1917">
                <name>Ludenberg</name>
                <description>                    category  : locality of Düsseldorf &lt;br&gt;   
                    sitelinks : 4.0 &lt;br&gt;   
                    articleEN : https://en.wikipedia.org/wiki/Ludenberg &lt;br&gt;             
                    articleDE : https://de.wikipedia.org/wiki/Ludenberg &lt;br&gt;              
                    wikidata_link : http://www.wikidata.org/entity/Q1316769</description>
                <styleUrl>#33</styleUrl>
                <Point id="1916">
                    <coordinates>6.86417,51.2572,0.0</coordinates>
                </Point>
            </Placemark>
            <Placemark id="1919">
                <name>Wilhelm Marx House</name>
                <description>                    category  : commercial building &lt;br&gt;   
                    sitelinks : 4.0 &lt;br&gt;   
                    articleEN : https://en.wikipedia.org/wiki/Wilhelm_Marx_House &lt;br&gt;             
                    articleDE : https://de.wikipedia.org/wiki/Wilhelm-Marx-Haus &lt;br&gt;              
                    wikidata_link : http://www.wikidata.org/entity/Q2571528</description>
                <styleUrl>#33</styleUrl>
                <Point id="1918">
                    <coordinates>6.77667,51.225,0.0</coordinates>
                </Point>
            </Placemark>
            <Placemark id="1921">
                <name>Tausendfüßler</name>
                <description>                    category  : road bridge &lt;br&gt;   
                    sitelinks : 4.0 &lt;br&gt;   
                    articleEN : https://en.wikipedia.org/wiki/Tausendf%C3%BC%C3%9Fler &lt;br&gt;             
                    articleDE : https://de.wikipedia.org/wiki/Tausendf%C3%BC%C3%9Fler_(D%C3%BCsseldorf) &lt;br&gt;              
                    wikidata_link : http://www.wikidata.org/entity/Q1247935</description>
                <styleUrl>#33</styleUrl>
                <Point id="1920">
                    <coordinates>6.78278,51.2258,0.0</coordinates>
                </Point>
            </Placemark>
            <Placemark id="1923">
                <name>Clemens Sels Museum Neuss</name>
                <description>                    category  : art museum &lt;br&gt;   
                    sitelinks : 4.0 &lt;br&gt;   
                    articleEN :  &lt;br&gt;             
                    articleDE : https://de.wikipedia.org/wiki/Clemens_Sels_Museum_Neuss &lt;br&gt;              
                    wikidata_link : http://www.wikidata.org/entity/Q1099859</description>
                <styleUrl>#33</styleUrl>
                <Point id="1922">
                    <coordinates>6.69812,51.1943,0.0</coordinates>
                </Point>
            </Placemark>
            <Placemark id="1925">
                <name>Kreuz Hilden</name>
                <description>                    category  : interchange &lt;br&gt;   
                    sitelinks : 4.0 &lt;br&gt;   
                    articleEN : https://en.wikipedia.org/wiki/Kreuz_Hilden &lt;br&gt;             
                    articleDE : https://de.wikipedia.org/wiki/Autobahnkreuz_Hilden &lt;br&gt;              
                    wikidata_link : http://www.wikidata.org/entity/Q785781</description>
                <styleUrl>#33</styleUrl>
                <Point id="1924">
                    <coordinates>6.9394,51.1947,0.0</coordinates>
                </Point>
            </Placemark>
            <Placemark id="1927">
                <name>Unterbach</name>
                <description>                    category  : Ortsteil &lt;br&gt;   
                    sitelinks : 4.0 &lt;br&gt;   
                    articleEN : https://en.wikipedia.org/wiki/D%C3%BCsseldorf-Unterbach &lt;br&gt;             
                    articleDE : https://de.wikipedia.org/wiki/Unterbach_(D%C3%BCsseldorf) &lt;br&gt;              
                    wikidata_link : http://www.wikidata.org/entity/Q2497218</description>
                <styleUrl>#33</styleUrl>
                <Point id="1926">
                    <coordinates>6.9,51.2,0.0</coordinates>
                </Point>
            </Placemark>
            <Placemark id="1929">
                <name>University Hospital of Düsseldorf</name>
                <description>                    category  : university hospital &lt;br&gt;   
                    sitelinks : 4.0 &lt;br&gt;   
                    articleEN : https://en.wikipedia.org/wiki/University_Hospital_of_D%C3%BCsseldorf &lt;br&gt;             
                    articleDE : https://de.wikipedia.org/wiki/Universit%C3%A4tsklinikum_D%C3%BCsseldorf &lt;br&gt;              
                    wikidata_link : http://www.wikidata.org/entity/Q2496389</description>
                <styleUrl>#33</styleUrl>
                <Point id="1928">
                    <coordinates>6.78938,51.1971,0.0</coordinates>
                </Point>
            </Placemark>
            <Placemark id="1931">
                <name>Mörsenbroich</name>
                <description>                    category  : locality of Düsseldorf &lt;br&gt;   
                    sitelinks : 4.0 &lt;br&gt;   
                    articleEN : https://en.wikipedia.org/wiki/M%C3%B6rsenbroich &lt;br&gt;             
                    articleDE : https://de.wikipedia.org/wiki/M%C3%B6rsenbroich &lt;br&gt;              
                    wikidata_link : http://www.wikidata.org/entity/Q1564106</description>
                <styleUrl>#33</styleUrl>
                <Point id="1930">
                    <coordinates>6.80778,51.255,0.0</coordinates>
                </Point>
            </Placemark>
            <Placemark id="1933">
                <name>Grupello-Haus</name>
                <description>                    category  : house &lt;br&gt;   
                    sitelinks : 4.0 &lt;br&gt;   
                    articleEN : https://en.wikipedia.org/wiki/Grupello-Haus &lt;br&gt;             
                    articleDE : https://de.wikipedia.org/wiki/Grupello-Haus &lt;br&gt;              
                    wikidata_link : http://www.wikidata.org/entity/Q1550875</description>
                <styleUrl>#33</styleUrl>
                <Point id="1932">
                    <coordinates>6.77169,51.2256,0.0</coordinates>
                </Point>
            </Placemark>
            <Placemark id="1935">
                <name>Capitol Theater</name>
                <description>                    category  : theatre building &lt;br&gt;   
                    sitelinks : 4.0 &lt;br&gt;   
                    articleEN : https://en.wikipedia.org/wiki/Capitol_Theater_(D%C3%BCsseldorf) &lt;br&gt;             
                    articleDE : https://de.wikipedia.org/wiki/Capitol_Theater_(D%C3%BCsseldorf) &lt;br&gt;              
                    wikidata_link : http://www.wikidata.org/entity/Q1034700</description>
                <styleUrl>#33</styleUrl>
                <Point id="1934">
                    <coordinates>6.79939,51.2236,0.0</coordinates>
                </Point>
            </Placemark>
            <Placemark id="1937">
                <name>Norfbach</name>
                <description>                    category  : river &lt;br&gt;   
                    sitelinks : 4.0 &lt;br&gt;   
                    articleEN : https://en.wikipedia.org/wiki/Norfbach &lt;br&gt;             
                    articleDE : https://de.wikipedia.org/wiki/Norfbach &lt;br&gt;              
                    wikidata_link : http://www.wikidata.org/entity/Q966783</description>
                <styleUrl>#33</styleUrl>
                <Point id="1936">
                    <coordinates>6.72514,51.1739,0.0</coordinates>
                </Point>
            </Placemark>
            <Placemark id="1939">
                <name>Sankt Sakrament</name>
                <description>                    category  : air-raid shelter &lt;br&gt;   
                    sitelinks : 4.0 &lt;br&gt;   
                    articleEN :  &lt;br&gt;             
                    articleDE : https://de.wikipedia.org/wiki/Bunkerkirche_Sankt_Sakrament_(D%C3%BCsseldorf) &lt;br&gt;              
                    wikidata_link : http://www.wikidata.org/entity/Q918999</description>
                <styleUrl>#33</styleUrl>
                <Point id="1938">
                    <coordinates>6.7,51.22916667,0.0</coordinates>
                </Point>
            </Placemark>
            <Placemark id="1941">
                <name>Oberkasseler Brücke</name>
                <description>                    category  : cable-stayed bridge &lt;br&gt;   
                    sitelinks : 4.0 &lt;br&gt;   
                    articleEN :  &lt;br&gt;             
                    articleDE : https://de.wikipedia.org/wiki/Oberkasseler_Br%C3%BCcke &lt;br&gt;              
                    wikidata_link : http://www.wikidata.org/entity/Q876228</description>
                <styleUrl>#33</styleUrl>
                <Point id="1940">
                    <coordinates>6.7675,51.231388888889,0.0</coordinates>
                </Point>
            </Placemark>
            <Placemark id="1943">
                <name>Friedrichstadt</name>
                <description>                    category  : locality of Düsseldorf &lt;br&gt;   
                    sitelinks : 4.0 &lt;br&gt;   
                    articleEN : https://en.wikipedia.org/wiki/D%C3%BCsseldorf-Friedrichstadt &lt;br&gt;             
                    articleDE : https://de.wikipedia.org/wiki/Friedrichstadt_(D%C3%BCsseldorf) &lt;br&gt;              
                    wikidata_link : http://www.wikidata.org/entity/Q875774</description>
                <styleUrl>#33</styleUrl>
                <Point id="1942">
                    <coordinates>6.78056,51.2122,0.0</coordinates>
                </Point>
            </Placemark>
            <Placemark id="1945">
                <name>Rheinufer Tunnel</name>
                <description>                    category  : road tunnel &lt;br&gt;   
                    sitelinks : 4.0 &lt;br&gt;   
                    articleEN : https://en.wikipedia.org/wiki/Rheinufer_Tunnel &lt;br&gt;             
                    articleDE : https://de.wikipedia.org/wiki/Rheinufertunnel_(D%C3%BCsseldorf) &lt;br&gt;              
                    wikidata_link : http://www.wikidata.org/entity/Q875002</description>
                <styleUrl>#33</styleUrl>
                <Point id="1944">
                    <coordinates>6.77139,51.2303,0.0</coordinates>
                </Point>
            </Placemark>
            <Placemark id="1947">
                <name>Ilverich</name>
                <description>                    category  : Ortsteil &lt;br&gt;   
                    sitelinks : 4.0 &lt;br&gt;   
                    articleEN :  &lt;br&gt;             
                    articleDE : https://de.wikipedia.org/wiki/Ilverich &lt;br&gt;              
                    wikidata_link : http://www.wikidata.org/entity/Q833294</description>
                <styleUrl>#33</styleUrl>
                <Point id="1946">
                    <coordinates>6.6958055555556,51.28925,0.0</coordinates>
                </Point>
            </Placemark>
            <Placemark id="1949">
                <name>Largest Fair on the Rhine</name>
                <description>                    category  : Volksfest &lt;br&gt;   
                    sitelinks : 4.0 &lt;br&gt;   
                    articleEN : https://en.wikipedia.org/wiki/Largest_Fair_on_the_Rhine &lt;br&gt;             
                    articleDE : https://de.wikipedia.org/wiki/Rheinkirmes &lt;br&gt;              
                    wikidata_link : http://www.wikidata.org/entity/Q881343</description>
                <styleUrl>#33</styleUrl>
                <Point id="1948">
                    <coordinates>6.76333333,51.22777778,0.0</coordinates>
                </Point>
            </Placemark>
            <Placemark id="1951">
                <name>Düsseldorf Botanical Garden</name>
                <description>                    category  : botanical garden &lt;br&gt;   
                    sitelinks : 4.0 &lt;br&gt;   
                    articleEN : https://en.wikipedia.org/wiki/Botanical_garden_of_D%C3%BCsseldorf &lt;br&gt;             
                    articleDE : https://de.wikipedia.org/wiki/Botanischer_Garten_D%C3%BCsseldorf &lt;br&gt;              
                    wikidata_link : http://www.wikidata.org/entity/Q879081</description>
                <styleUrl>#33</styleUrl>
                <Point id="1950">
                    <coordinates>6.8025,51.1869,0.0</coordinates>
                </Point>
            </Placemark>
            <Placemark id="1953">
                <name>Düsseltal</name>
                <description>                    category  : locality of Düsseldorf &lt;br&gt;   
                    sitelinks : 4.0 &lt;br&gt;   
                    articleEN : https://en.wikipedia.org/wiki/D%C3%BCsseltal &lt;br&gt;             
                    articleDE : https://de.wikipedia.org/wiki/D%C3%BCsseltal &lt;br&gt;              
                    wikidata_link : http://www.wikidata.org/entity/Q876278</description>
                <styleUrl>#33</styleUrl>
                <Point id="1952">
                    <coordinates>6.80944,51.2367,0.0</coordinates>
                </Point>
            </Placemark>
            <Placemark id="1955">
                <name>Golzheim</name>
                <description>                    category  : locality of Düsseldorf &lt;br&gt;   
                    sitelinks : 4.0 &lt;br&gt;   
                    articleEN : https://en.wikipedia.org/wiki/Golzheim &lt;br&gt;             
                    articleDE : https://de.wikipedia.org/wiki/Golzheim_(D%C3%BCsseldorf) &lt;br&gt;              
                    wikidata_link : http://www.wikidata.org/entity/Q876263</description>
                <styleUrl>#33</styleUrl>
                <Point id="1954">
                    <coordinates>6.77222,51.2433,0.0</coordinates>
                </Point>
            </Placemark>
            <Placemark id="1957">
                <name>Kalkum</name>
                <description>                    category  : locality of Düsseldorf &lt;br&gt;   
                    sitelinks : 4.0 &lt;br&gt;   
                    articleEN : https://en.wikipedia.org/wiki/Kalkum &lt;br&gt;             
                    articleDE : https://de.wikipedia.org/wiki/Kalkum &lt;br&gt;              
                    wikidata_link : http://www.wikidata.org/entity/Q876248</description>
                <styleUrl>#33</styleUrl>
                <Point id="1956">
                    <coordinates>6.7625,51.3064,0.0</coordinates>
                </Point>
            </Placemark>
            <Placemark id="1959">
                <name>Flehe</name>
                <description>                    category  : locality of Düsseldorf &lt;br&gt;   
                    sitelinks : 4.0 &lt;br&gt;   
                    articleEN : https://en.wikipedia.org/wiki/Flehe &lt;br&gt;             
                    articleDE : https://de.wikipedia.org/wiki/Flehe &lt;br&gt;              
                    wikidata_link : http://www.wikidata.org/entity/Q876233</description>
                <styleUrl>#33</styleUrl>
                <Point id="1958">
                    <coordinates>6.77222,51.1878,0.0</coordinates>
                </Point>
            </Placemark>
            <Placemark id="1961">
                <name>Löbbecke Museum und Aquazoo</name>
                <description>                    category  : public aquarium &lt;br&gt;   
                    sitelinks : 4.0 &lt;br&gt;   
                    articleEN : https://en.wikipedia.org/wiki/Aquazoo_L%C3%B6bbecke_Museum &lt;br&gt;             
                    articleDE : https://de.wikipedia.org/wiki/Aquazoo_%E2%80%93_L%C3%B6bbecke_Museum &lt;br&gt;              
                    wikidata_link : http://www.wikidata.org/entity/Q623210</description>
                <styleUrl>#33</styleUrl>
                <Point id="1960">
                    <coordinates>6.74972,51.2564,0.0</coordinates>
                </Point>
            </Placemark>
            <Placemark id="1963">
                <name>Vennhausen</name>
                <description>                    category  : locality of Düsseldorf &lt;br&gt;   
                    sitelinks : 4.0 &lt;br&gt;   
                    articleEN : https://en.wikipedia.org/wiki/Vennhausen &lt;br&gt;             
                    articleDE : https://de.wikipedia.org/wiki/Vennhausen &lt;br&gt;              
                    wikidata_link : http://www.wikidata.org/entity/Q151651</description>
                <styleUrl>#33</styleUrl>
                <Point id="1962">
                    <coordinates>6.86,51.2108,0.0</coordinates>
                </Point>
            </Placemark>
        </Folder>
        <Folder id="15">
            <name>wikivoyage</name>
            <Placemark id="2209">
                <name>Tourist Information Office Hauptbahnhof </name>
                <description>
                category  : Understand_Tourist information &lt;br&gt;
                address  : Immermannstraße 65b  &lt;br&gt;
                url  : http://www.duesseldorf-tourismus.de/en/tourist-information-offices/  &lt;br&gt;
                description  :  &lt;br&gt;
                </description>
                <styleUrl>#181</styleUrl>
                <Point id="2208">
                    <coordinates>6.79227,51.22102,0.0</coordinates>
                </Point>
            </Placemark>
            <Placemark id="2211">
                <name>Tourist Information Office Altstadt </name>
                <description>
                category  : Understand_Tourist information &lt;br&gt;
                address  : Marktstraße/Rheinstraße  &lt;br&gt;
                url  : http://www.duesseldorf-tourismus.de/en/tourist-information-offices/  &lt;br&gt;
                description  :  &lt;br&gt;
                </description>
                <styleUrl>#181</styleUrl>
                <Point id="2210">
                    <coordinates>6.77223,51.22524,0.0</coordinates>
                </Point>
            </Placemark>
            <Placemark id="2213">
                <name>Intercity bus station </name>
                <description>
                category  : Get in_By bus &lt;br&gt;
                address  :   &lt;br&gt;
                url  :   &lt;br&gt;
                description  :  &lt;br&gt;
                </description>
                <styleUrl>#141</styleUrl>
                <Point id="2212">
                    <coordinates>6.7953809,51.2229972,0.0</coordinates>
                </Point>
            </Placemark>
            <Placemark id="2215">
                <name>Theatermuseum </name>
                <description>
                category  : See_Stadtmitte &lt;br&gt;
                address  : Hofgärtnerhaus, Jägerhofstraße 1  &lt;br&gt;
                url  :   &lt;br&gt;
                description  :  &lt;br&gt;
                </description>
                <styleUrl>#109</styleUrl>
                <Point id="2214">
                    <coordinates>6.78131,51.23005,0.0</coordinates>
                </Point>
            </Placemark>
            <Placemark id="2217">
                <name>Burgplatz </name>
                <description>
                category  : See_Altstadt &lt;br&gt;
                address  :   &lt;br&gt;
                url  :   &lt;br&gt;
                description  : At the old town limits next to Rhine. Here was the erstwhile castle of the Earls of Berg, the later duke of Jülich-Kleve-Berg. The castle was later reconstructed as a baroque palace, which burned down in 1872. In 1888 the ruins were removed completely, and only a tower was left. Today the tower houses an inland navigation museum. The coffee-shop in the towers top offers a grand view onto the Rhine and the ships passing by. The square won an award as one of the nicest squares in Germany after World War II. &lt;br&gt;
                </description>
                <styleUrl>#109</styleUrl>
                <Point id="2216">
                    <coordinates>6.77139,51.22704,0.0</coordinates>
                </Point>
            </Placemark>
            <Placemark id="2219">
                <name>Schifffahrtmuseum Düsseldorf </name>
                <description>
                category  : See_Altstadt &lt;br&gt;
                address  : Burgplatz 30  &lt;br&gt;
                url  :   &lt;br&gt;
                description  : The shipping museum in the old castle tower. &lt;br&gt;
                </description>
                <styleUrl>#109</styleUrl>
                <Point id="2218">
                    <coordinates>6.77107,51.22738,0.0</coordinates>
                </Point>
            </Placemark>
            <Placemark id="2221">
                <name>Pegeluhr </name>
                <description>
                category  : See_Altstadt &lt;br&gt;
                address  :   &lt;br&gt;
                url  :   &lt;br&gt;
                description  : This clock also shows the current water level in the river. &lt;br&gt;
                </description>
                <styleUrl>#109</styleUrl>
                <Point id="2220">
                    <coordinates>6.77001,51.22551,0.0</coordinates>
                </Point>
            </Placemark>
            <Placemark id="2223">
                <name>St. Lambertus Basilika </name>
                <description>
                category  : See_Altstadt &lt;br&gt;
                address  :   &lt;br&gt;
                url  :   &lt;br&gt;
                description  : Built with bricks in the style of the Lower Rhine Gothic, it is a landmark of Düsseldorf. The church-hall was the last residence of St. Apollinaris, the city’s patron. A particular characteristic is the winding tower. Although there are legends saying they used wet arbors for reconstruction after a fire in 1815, locals know better. They say that about 100 years ago, a bride dressed in a snow-white wedding dress came to the altar pretending to be a virgin. Being ashamed, the tower turned aside. They also say that it will straighten again if a real virgin appears at the altar. As you can clearly see, the tower is still twisted. But the fact is, the citizens love their twisted tower. After the war, it was reconstructed as twisted as it was before. &lt;br&gt;
                </description>
                <styleUrl>#109</styleUrl>
                <Point id="2222">
                    <coordinates>6.7717,51.22823,0.0</coordinates>
                </Point>
            </Placemark>
            <Placemark id="2225">
                <name>Stiftsplatz </name>
                <description>
                category  : See_Altstadt &lt;br&gt;
                address  :   &lt;br&gt;
                url  :   &lt;br&gt;
                description  : The square breathes a contemplative tranquility, only 100 meters beside the noisy old town. Follow Lambertus-Street forwards. Near the intersection with “Liefergasse”, you see a marvellous house front on your left. There are many fine fronts in Düsseldorf, but this one is among the prettiest. &lt;br&gt;
                </description>
                <styleUrl>#109</styleUrl>
                <Point id="2224">
                    <coordinates>6.77164,51.22802,0.0</coordinates>
                </Point>
            </Placemark>
            <Placemark id="2227">
                <name>Neanderkirche </name>
                <description>
                category  : See_Altstadt &lt;br&gt;
                address  :   &lt;br&gt;
                url  :   &lt;br&gt;
                description  : The population of the Rhinelands is mainly Catholic, and Protestants and members of the Reformed Church had to suffer many restrictions. Finally, the Contract of Rheinberg 1682 granted everybody the free practice of religion. This led to the construction of the Reformed church-house at Bolkerstraße in 1683 in a style of the early baroque with a simplified façade. Although the Protestants and members of the reformed church had the right to their own churches, they were not well-liked. So the new church had to be built in a way that was not visible from the street, meaning in the yard of already existing buildings. But today you have an unlimited view onto the church from Bolkerstraße because the building that used to block the view was the only one not rebuilt after the war. In 1916, the church got the name Neander-Church. &lt;br&gt;
                </description>
                <styleUrl>#109</styleUrl>
                <Point id="2226">
                    <coordinates>6.77451,51.22675,0.0</coordinates>
                </Point>
            </Placemark>
            <Placemark id="2229">
                <name>Nördliche Düssel </name>
                <description>
                category  : See_Altstadt &lt;br&gt;
                address  :   &lt;br&gt;
                url  :   &lt;br&gt;
                description  : On the right hand of the monument is a little river, named the northern Düssel. It gave the city its name (Düsseldorf means village at Düssel). The balustrade is an artwork of Bert Gerreshein too. It is also full of symbols. &lt;br&gt;
                </description>
                <styleUrl>#109</styleUrl>
                <Point id="2228">
                    <coordinates>6.77204,51.22753,0.0</coordinates>
                </Point>
            </Placemark>
            <Placemark id="2231">
                <name>Birthplace of Heinrich Heine </name>
                <description>
                category  : See_Altstadt &lt;br&gt;
                address  : Bolkerstraße 56  &lt;br&gt;
                url  :   &lt;br&gt;
                description  : Heine (1797-1856) was a poet and author and perhaps the most famed Düsseldorfer in German history &lt;br&gt;
                </description>
                <styleUrl>#109</styleUrl>
                <Point id="2230">
                    <coordinates>6.77601,51.22653,0.0</coordinates>
                </Point>
            </Placemark>
            <Placemark id="2233">
                <name>Schneider-Wibbel-Gasse </name>
                <description>
                category  : See_Altstadt &lt;br&gt;
                address  :   &lt;br&gt;
                url  :   &lt;br&gt;
                description  : A small lane inside the old town, connecting Bolkerstraße and Flingerstraße. It is packed with restaurants and bars, most of them offering Spanish-American and Latin American food (particularly Argentinian). Tailor Wibbel is the main character of a popular theatre play, written by Hans Müller-Schlösser in 1913. Tailor Wibbel had opposed Napoleon and, therefore, was sent to prison. But, instead of himself, his assistant went to jail under the name of Wibbel. Unfortunately, the assistant died in prison as a result of a former disease, so the actual Wibbel was able to witness his own burial incognito. After the end of the French occupation, Wibbel had the chance to disclose his identity and became a local hero. Across Bolkerstraße is the Wibble clock. Daily, at 11:00, 13:00, 15:00, 18:00 and 21:00, it shows the Wibbel character. At the other end of Tailor Wibbel Lane, near Flingerstraße, is the Wibble sculpture. Walk near by and examine the sculpture. Did you see the mouse? &lt;br&gt;
                </description>
                <styleUrl>#109</styleUrl>
                <Point id="2232">
                    <coordinates>6.77336,51.22568,0.0</coordinates>
                </Point>
            </Placemark>
            <Placemark id="2235">
                <name>Rathaus </name>
                <description>
                category  : See_Altstadt &lt;br&gt;
                address  :   &lt;br&gt;
                url  :   &lt;br&gt;
                description  : The historic and striking city hall of Düsseldorf dates from the 16th century. Since then it has housed the city parliament. The building consists of three parts, and there are guided tours for free every Wednesday at 15:00. They will show you the council hall, the Jan-Wellem hall and the reception hall of the Lord Mayor where they present the city’s silver coins and roof-paintings of the artists Domenico Zanetti and Johannes Spilberg. &lt;br&gt;
                </description>
                <styleUrl>#109</styleUrl>
                <Point id="2234">
                    <coordinates>6.77123,51.22596,0.0</coordinates>
                </Point>
            </Placemark>
            <Placemark id="2237">
                <name>Jan Wellem </name>
                <description>
                category  : See_Altstadt &lt;br&gt;
                address  :   &lt;br&gt;
                url  :   &lt;br&gt;
                description  : In front of the city hall is the '''monument of elector Johann Wilhelms II''' (1658-1716) on horseback. The citizens affectionately call him Jan Wellem. His monument is among the most important baroque equestrian sculptures north of the Alps. Because of his connections to European dynasties and by the powers invested in him he was a very important man. In co-operation with other electors he elected the German Emperor. He was a representative of a pompous baroque sovereign. In 1691 he married Anna Maria Luisa de‘ Medici (1667-1743). Jan Wellem died in 1716; his grave site is in St. Andreas-Church. Jan Wellem boosted the development of Düsseldorf, so the citizens still love him. The monument was realised by Gabriel Grupello in 1711. &lt;br&gt;
                </description>
                <styleUrl>#109</styleUrl>
                <Point id="2236">
                    <coordinates>6.77202,51.2258,0.0</coordinates>
                </Point>
            </Placemark>
            <Placemark id="2239">
                <name> Gießer-Junge </name>
                <description>
                category  : See_Altstadt &lt;br&gt;
                address  :   &lt;br&gt;
                url  : https://emuseum.duesseldorf.de/view/objects/asitem/items%240040:135870  &lt;br&gt;
                description  : At the side of market square, in the shadow of Jan Wellem, stands the statue of the cast boy. They say that just before the cast of the Jan Wellem monument master Grupello realised that the amount of metal was not sufficient. This prompted the cast boy to ask the citizens for a donation of noble metal like silver forks or coins. He got so much that the cast could be finished very well. Out of thankfulness he got a statue too. The one you see today was designed by Willi Hoselmann and realised in 1932. &lt;br&gt;
                </description>
                <styleUrl>#109</styleUrl>
                <Point id="2238">
                    <coordinates>6.77169,51.22567,0.0</coordinates>
                </Point>
            </Placemark>
            <Placemark id="2241">
                <name>Wilhelm-Marx-Haus </name>
                <description>
                category  : See_Altstadt &lt;br&gt;
                address  :   &lt;br&gt;
                url  :   &lt;br&gt;
                description  : The Wilhelm-Marx-Haus was the first ''Hochhaus'', or highrise building, in Germany and, apparently, in Europe. Finished in 1924, it is 57 m high and has 13 floors above ground level. The architect was Wilhelm Kreis. It used to be the home of the Düsseldorf Stock Exchange and includes a theatre. It is named after Wilhelm Marx, who was mayor of Düsseldorf in the early 20th century and started a programme for the modernisation of the city at that time. &lt;br&gt;
                </description>
                <styleUrl>#109</styleUrl>
                <Point id="2240">
                    <coordinates>6.77678,51.22484,0.0</coordinates>
                </Point>
            </Placemark>
            <Placemark id="2243">
                <name>Filmmuseum Düsseldorf </name>
                <description>
                category  : See_Altstadt &lt;br&gt;
                address  : Schulstraße 4  &lt;br&gt;
                url  :   &lt;br&gt;
                description  :  &lt;br&gt;
                </description>
                <styleUrl>#109</styleUrl>
                <Point id="2242">
                    <coordinates>6.77074,51.22411,0.0</coordinates>
                </Point>
            </Placemark>
            <Placemark id="2245">
                <name>K20 Kunstsammlung NRW </name>
                <description>
                category  : See_Altstadt &lt;br&gt;
                address  : Grabbeplatz 5  &lt;br&gt;
                url  : https://www.kunstsammlung.de/en/  &lt;br&gt;
                description  : Kunstsammlung NRW has two buildings, K20 at Altstadt and K21 in Carlstadt. K20 has a great collection of 20th-century art, including Picasso, Klee, Richter, Kandinsky, and Warhol. &lt;br&gt;
                </description>
                <styleUrl>#109</styleUrl>
                <Point id="2244">
                    <coordinates>6.77593,51.22862,0.0</coordinates>
                </Point>
            </Placemark>
            <Placemark id="2247">
                <name>Carlsplatz </name>
                <description>
                category  : See_Carlstadt &lt;br&gt;
                address  :   &lt;br&gt;
                url  :   &lt;br&gt;
                description  : The Carlsplatz is the centre of Carlstadt and houses the city's only permanent weekday market, featuring savory food, sweets, flowers as well as popular artworks &lt;br&gt;
                </description>
                <styleUrl>#109</styleUrl>
                <Point id="2246">
                    <coordinates>6.77359,51.2234,0.0</coordinates>
                </Point>
            </Placemark>
            <Placemark id="2249">
                <name>Maxkirche </name>
                <description>
                category  : See_Carlstadt &lt;br&gt;
                address  :   &lt;br&gt;
                url  :   &lt;br&gt;
                description  : The late baroque church was built in the mid-17th century for the Franciscan convent and, after its dissolution in 1804, was renamed St. Maximillian as a nod towards the then-Elector to protect it from destruction. The church is renowned for its organ music and choir. &lt;br&gt;
                </description>
                <styleUrl>#109</styleUrl>
                <Point id="2248">
                    <coordinates>6.77146,51.22332,0.0</coordinates>
                </Point>
            </Placemark>
            <Placemark id="2251">
                <name>Alter Hafen </name>
                <description>
                category  : See_Carlstadt &lt;br&gt;
                address  :   &lt;br&gt;
                url  :   &lt;br&gt;
                description  : Neither a haven nor actually old, the ''Alter Hafen'' occupies the area that was once the haven of the fortress of Düsseldorf. Today it is not connected to the Rhine, nor is it actually deep enough (there is a parking garage and tunnel underneath) to serve as a haven, and is surrounded by buildings constructed after the Second World War, but it is still a very nice area for a stroll. &lt;br&gt;
                </description>
                <styleUrl>#109</styleUrl>
                <Point id="2250">
                    <coordinates>6.77078,51.22442,0.0</coordinates>
                </Point>
            </Placemark>
            <Placemark id="2253">
                <name>Palais Nesselrode </name>
                <description>
                category  : See_Carlstadt &lt;br&gt;
                address  : Schulstraße 4  &lt;br&gt;
                url  :   &lt;br&gt;
                description  :  &lt;br&gt;
                </description>
                <styleUrl>#109</styleUrl>
                <Point id="2252">
                    <coordinates>6.77108,51.22383,0.0</coordinates>
                </Point>
            </Placemark>
            <Placemark id="2255">
                <name>Palais Wittgenstein </name>
                <description>
                category  : See_Carlstadt &lt;br&gt;
                address  : Bilker Straße 7-9  &lt;br&gt;
                url  :   &lt;br&gt;
                description  : The residences at Bilker Straße 7 and 9 both have rich history (including ownership by Prince von Sayn-Wittgenstein, which gave them the name), and are owned by the municipality. They were reconstructed in the 1970s with their historic façades preserved, but the interior was redeveloped to house cultural institutions. Today it is the home to the ''Marionetten-Theater'', a chamber music hall and the ''Institut Francais'' &lt;br&gt;
                </description>
                <styleUrl>#109</styleUrl>
                <Point id="2254">
                    <coordinates>6.77268,51.22235,0.0</coordinates>
                </Point>
            </Placemark>
            <Placemark id="2257">
                <name>Stadtmuseum </name>
                <description>
                category  : See_Carlstadt &lt;br&gt;
                address  : Berger Allee 2  &lt;br&gt;
                url  :   &lt;br&gt;
                description  : The municipal museum features collections of artifacts, art and photographs related to the history of the city. It is located in the reconstructed baroque ''Palais Spee'' (as well as a postmodern west wing added in the 1970s), which features an extensive garden park with a pond formed from the ''Südliche Düssel''. Even if you pass on the museum's collections, the park is worth a visit. &lt;br&gt;
                </description>
                <styleUrl>#109</styleUrl>
                <Point id="2256">
                    <coordinates>6.76992,51.22235,0.0</coordinates>
                </Point>
            </Placemark>
            <Placemark id="2259">
                <name>K21 Kunstsammlung NRW </name>
                <description>
                category  : See_Carlstadt &lt;br&gt;
                address  : Ständehausstraße 1  &lt;br&gt;
                url  : https://www.kunstsammlung.de/en/  &lt;br&gt;
                description  : Kunstsammlung NRW has two buildings, K20 at Altstadt and K21 in Carlstadt. K21 houses a modern art collection after 1960s, mainly from local artists. &lt;br&gt;
                </description>
                <styleUrl>#109</styleUrl>
                <Point id="2258">
                    <coordinates>6.77396,51.2165,0.0</coordinates>
                </Point>
            </Placemark>
            <Placemark id="2261">
                <name>Rheinturm </name>
                <description>
                category  : See_Unterbilk and Hafen &lt;br&gt;
                address  :   &lt;br&gt;
                url  : http://www.duesseldorf.de/thema/sights/rheinturm/index.shtml  &lt;br&gt;
                description  : The 240-m-high Rhine Tower is right on the Rhine river, near the Media Harbor. It offers a 360-degree view from the restaurant, at 172 m. The restaurant is overpriced, but it is worth a trip for the amazing view. &lt;br&gt;
                </description>
                <styleUrl>#109</styleUrl>
                <Point id="2260">
                    <coordinates>6.76163,51.21794,0.0</coordinates>
                </Point>
            </Placemark>
            <Placemark id="2263">
                <name>Medienhafen </name>
                <description>
                category  : See_Unterbilk and Hafen &lt;br&gt;
                address  :   &lt;br&gt;
                url  :   &lt;br&gt;
                description  : At the southern end of the Rhine promenade you will find the newest landmark of Düsseldorf, the so called Media Harbour. The former harbour was transformed into a quarter with restaurants, bars, coffee shops, discotheques and hotels. Its flair is based on the mixture of old and new. Protected buildings like depots, quay walls and industrial surroundings stand side by side with modern architecture. There are buildings constructed by Frank O. Gehry, Claude Vasconi or David Chipperfield. It is mainly the Gehry buildings that form the face of the quarter. &lt;br&gt;
                </description>
                <styleUrl>#109</styleUrl>
                <Point id="2262">
                    <coordinates>6.75787,51.21618,0.0</coordinates>
                </Point>
            </Placemark>
            <Placemark id="2265">
                <name>Nordpark</name>
                <description>
                category  : See_Other districts &lt;br&gt;
                address  :  &lt;br&gt;
                url  :  &lt;br&gt;
                description  : on the right bank of Rhine in the northern city, is one of the major Parks in Düsseldorf. Its most interesting part is the Japanese garden inside, a gift of the Japanese community to the citizens. Within about 5,000 m², you will find an example of Japanese horticulture with traditional elements like stones, trees, bushes, ponds and bridges. Entrance is free. &lt;br&gt;
                </description>
                <styleUrl>#109</styleUrl>
                <Point id="2264">
                    <coordinates>6.74696,51.25662,0.0</coordinates>
                </Point>
            </Placemark>
            <Placemark id="2267">
                <name>EKO-Haus</name>
                <description>
                category  : See_Other districts &lt;br&gt;
                address  : Brüggener Weg 6 &lt;br&gt;
                url  :  &lt;br&gt;
                description  :  The house of Japanese culture in the quarter of Niederkassel on the left bank of the Rhein. It was Europe’s first Buddhist temple, and it is surrounded by several buildings like a kindergarten and a library. The garden is styled like a Japanese garden. There are guided tours, but if you respect the dignity of the location they will not prevent you from stepping in without a guide during daytime. &lt;br&gt;
                </description>
                <styleUrl>#109</styleUrl>
                <Point id="2266">
                    <coordinates>6.74573,51.23924,0.0</coordinates>
                </Point>
            </Placemark>
            <Placemark id="2269">
                <name>Benrath Palace and Park </name>
                <description>
                category  : See_Other districts &lt;br&gt;
                address  :   &lt;br&gt;
                url  : http://www.schloss-benrath.de  &lt;br&gt;
                description  : The Corps de Logis is the central building of the three-wing maison de plaisance, which was erected for the Palatine Elector Carl Theodor by his garden and building director Nicolas de Pigage. Construction was completed in 1770: it is a complete work of art that unites architecture and nature in one overlapping concept, and is rated as one of the most beautiful palaces of the rococo epoch. The park beside the Palace is enormous, nearly 62,000 m². Take the U71 or the U83 tram towards Benrath, exit Schloss-Benrath. You can also take the S6 towards Cologne, exit Benrath, then walk about 200 m east. &lt;br&gt;
                </description>
                <styleUrl>#109</styleUrl>
                <Point id="2268">
                    <coordinates>6.87051,51.16103,0.0</coordinates>
                </Point>
            </Placemark>
            <Placemark id="2271">
                <name>Zoo </name>
                <description>
                category  : See_Other districts &lt;br&gt;
                address  :   &lt;br&gt;
                url  :   &lt;br&gt;
                description  : There's no longer a zoo here, so if you're looking for animal interactions, the Wildpark in Grafenberg is the nearest option, where you can feed roaming deer by hand. Apart from the Zoopark - which still contains some statues appropriate to the name - there are quite a lot of dining options and the ice-rink on Brehmstraße. &lt;br&gt;
                </description>
                <styleUrl>#109</styleUrl>
                <Point id="2270">
                    <coordinates>6.796926,51.2371253,0.0</coordinates>
                </Point>
            </Placemark>
            <Placemark id="2273">
                <name>Christmas market </name>
                <description>
                category  : Do_Events &lt;br&gt;
                address  :   &lt;br&gt;
                url  :   &lt;br&gt;
                description  : The annual Christmas market, which centres around the Altstadt. Try a Glühwein (mulled wine) and Bratwurst (grilled sausage in bread roll). &lt;br&gt;
                </description>
                <styleUrl>#149</styleUrl>
                <Point id="2272">
                    <coordinates>130.4015519,33.5887777,0.0</coordinates>
                </Point>
            </Placemark>
            <Placemark id="2275">
                <name>Kirmes </name>
                <description>
                category  : Do_Events &lt;br&gt;
                address  :   &lt;br&gt;
                url  :   &lt;br&gt;
                description  : Between the 2nd and 3rd weekend of July there is a fun fair on the banks of Rhine. You will find there roller coasters, a Ferris wheel, a flying jinny and at least a beer garden too. Also, watermelons are sold everywhere. It is the biggest fair on the Rhine and very enjoyable. Monday, called pink Monday, is the day of lesbians and gays. On Friday, there is a firework display. &lt;br&gt;
                </description>
                <styleUrl>#149</styleUrl>
                <Point id="2274">
                    <coordinates>7.162276300345862,51.545380800000004,0.0</coordinates>
                </Point>
            </Placemark>
            <Placemark id="2277">
                <name>Breuninger </name>
                <description>
                category  : Buy &lt;br&gt;
                address  : Königsallee 2  &lt;br&gt;
                url  : http://www.e-breuninger.de/en/stores/duesseldorf/  &lt;br&gt;
                description  : The [[Stuttgart]]-based upscale department store chain has opened their North-Rhein outpost in 2014 in the new Kö-Bogen complex at the north end of the Königsallee. The store is filled with a collection of luxury goods, mainly apparel and accessories, from Germany, Europe and the world. Inside you can also find a premium restaurant operated in a co-branding agreement with the famous Sansibar from [[Sylt]]. &lt;br&gt;
                </description>
                <styleUrl>#165</styleUrl>
                <Point id="2276">
                    <coordinates>6.78058,51.22712,0.0</coordinates>
                </Point>
            </Placemark>
            <Placemark id="2279">
                <name>Kaufhof an der Kö </name>
                <description>
                category  : Buy &lt;br&gt;
                address  :  &lt;br&gt;
                url  :  &lt;br&gt;
                description  :  &lt;br&gt;
                </description>
                <styleUrl>#165</styleUrl>
                <Point id="2278">
                    <coordinates>6.77785,51.22593,0.0</coordinates>
                </Point>
            </Placemark>
            <Placemark id="2281">
                <name>KÖ Galerie </name>
                <description>
                category  : Buy &lt;br&gt;
                address  : Königsallee 60  &lt;br&gt;
                url  : http://koegalerie.com/index.php/en/home  &lt;br&gt;
                description  : The extensive shopping gallery fills up most the block between Steinstraße and Grünstraße, with multi-level indoor passages featuring exquisite boutiques, as well as a REWE supermarket and a selection of bars, cafes and restaurants. &lt;br&gt;
                </description>
                <styleUrl>#165</styleUrl>
                <Point id="2280">
                    <coordinates>6.78092,51.22208,0.0</coordinates>
                </Point>
            </Placemark>
            <Placemark id="2283">
                <name>Mayersche Droste </name>
                <description>
                category  : Buy &lt;br&gt;
                address  : Königsallee 18  &lt;br&gt;
                url  :   &lt;br&gt;
                description  : At the corner of Königsallee and Schadowstraße, the six-level store of the Meyersche Buchhandlung (bookstore) chain will most likely be on your way at some point, filled with books, magazines, DVDs and other media. Worth visiting even for the views from the upper-level windows in all directions. &lt;br&gt;
                </description>
                <styleUrl>#165</styleUrl>
                <Point id="2282">
                    <coordinates>6.77979,51.22532,0.0</coordinates>
                </Point>
            </Placemark>
            <Placemark id="2285">
                <name>Karstadt </name>
                <description>
                category  : Buy &lt;br&gt;
                address  :   &lt;br&gt;
                url  :   &lt;br&gt;
                description  : The quintessential German department store selling anything from apparel to foodstuffs &lt;br&gt;
                </description>
                <styleUrl>#165</styleUrl>
                <Point id="2284">
                    <coordinates>6.78717,51.22695,0.0</coordinates>
                </Point>
            </Placemark>
            <Placemark id="2287">
                <name>Galeria Kaufhof </name>
                <description>
                category  : Buy &lt;br&gt;
                address  :   &lt;br&gt;
                url  :   &lt;br&gt;
                description  : Karstadt's main competitor, Galeria Kaufhof, has a huge department store right across the street.  &lt;br&gt;
                </description>
                <styleUrl>#165</styleUrl>
                <Point id="2286">
                    <coordinates>6.78818,51.22749,0.0</coordinates>
                </Point>
            </Placemark>
            <Placemark id="2289">
                <name>Schadow-Arkaden </name>
                <description>
                category  : Buy &lt;br&gt;
                address  : Schadowstraße 11  &lt;br&gt;
                url  : http://www.schadow-arkaden.com/  &lt;br&gt;
                description  : The three-floor shopping centre at the western end of Schadowstraße features a mix of different retailers and an occasional antique marketplace within its premises. &lt;br&gt;
                </description>
                <styleUrl>#165</styleUrl>
                <Point id="2288">
                    <coordinates>6.78182,51.2252,0.0</coordinates>
                </Point>
            </Placemark>
            <Placemark id="2291">
                <name>Carsch-Haus </name>
                <description>
                category  : Buy &lt;br&gt;
                address  : Heinrich-Heine-Platz 1  &lt;br&gt;
                url  : http://Saks off 5th  &lt;br&gt;
                description  :  &lt;br&gt;
                </description>
                <styleUrl>#165</styleUrl>
                <Point id="2290">
                    <coordinates>6.77602,51.22524,0.0</coordinates>
                </Point>
            </Placemark>
            <Placemark id="2293">
                <name>Apropos </name>
                <description>
                category  : Buy &lt;br&gt;
                address  : Benrather Straße 15  &lt;br&gt;
                url  : http://apropos-store.com  &lt;br&gt;
                description  :  &lt;br&gt;
                </description>
                <styleUrl>#165</styleUrl>
                <Point id="2292">
                    <coordinates>6.7751,51.22291,0.0</coordinates>
                </Point>
            </Placemark>
            <Placemark id="2295">
                <name>Getränkemarkt El Charip </name>
                <description>
                category  : Buy &lt;br&gt;
                address  : Gubener Straße 59  &lt;br&gt;
                url  : https://charip.de/  &lt;br&gt;
                description  : You can find all the special types of beer and spirits from Düsseldorf at this store, which is one of the oldest owner-managed beverage markets in Düsseldorf. &lt;br&gt;
                </description>
                <styleUrl>#165</styleUrl>
                <Point id="2294">
                    <coordinates>353.15058,51.21887,0.0</coordinates>
                </Point>
            </Placemark>
            <Placemark id="2297">
                <name>Löwensenf </name>
                <description>
                category  : Buy_Local specialties &lt;br&gt;
                address  : Berger Straße 29  &lt;br&gt;
                url  : http://www.loewensenf.de/  &lt;br&gt;
                description  : One of the most famous producers of German Mustard is situated in Düsseldorf. Moveover, a special mustard store, with a mustard tasting area, is based in the Düsseldorf-Altstadt (some fancy mustards are available at this place: for example &quot;Altbier Mustard&quot;, &quot;Chilli Mustard&quot;, &quot;Strawberry Mustard&quot;, etc.) &lt;br&gt;
                </description>
                <styleUrl>#165</styleUrl>
                <Point id="2296">
                    <coordinates>6.77237,51.22408,0.0</coordinates>
                </Point>
            </Placemark>
            <Placemark id="2299">
                <name>Zum Kochlöffel </name>
                <description>
                category  : Eat_Budget_City centre &lt;br&gt;
                address  : Friedrich-Ebert-Str. 41  &lt;br&gt;
                url  :   &lt;br&gt;
                description  : Very good German home cooking. You can go here for sandwiches to meals. Individual daily specials are being presented every day. Tasty and freshly prepared with passion.  &lt;br&gt;
                </description>
                <styleUrl>#81</styleUrl>
                <Point id="2298">
                    <coordinates>6.7899253,51.2213633,0.0</coordinates>
                </Point>
            </Placemark>
            <Placemark id="2301">
                <name>Ham Ham bei Josef </name>
                <description>
                category  : Eat_Budget_City centre &lt;br&gt;
                address  :  Kurze Str. 5 &lt;br&gt;
                url  :   &lt;br&gt;
                description  : Real hearty German home cooking. Very good and varied food, and magnificent attention. They have the best pork rolls in Düsseldorf and they are made like 40 years ago. &lt;br&gt;
                </description>
                <styleUrl>#81</styleUrl>
                <Point id="2300">
                    <coordinates>6.7728195,51.2267076,0.0</coordinates>
                </Point>
            </Placemark>
            <Placemark id="2303">
                <name> Schweine Janes Altstadt </name>
                <description>
                category  : Eat_Budget_City centre &lt;br&gt;
                address  : Bolkerstraße 13  &lt;br&gt;
                url  :   &lt;br&gt;
                description  : A great place to taste the flavors of a good simple cuisine that evokes the stories of the old city. Small restaurant with freshly roasting pork knuckles near the window that is popular. Delicious and satisfying. Portions are big. &lt;br&gt;
                </description>
                <styleUrl>#81</styleUrl>
                <Point id="2302">
                    <coordinates>6.7729258,51.2260622,0.0</coordinates>
                </Point>
            </Placemark>
            <Placemark id="2305">
                <name>Ludwigs Bier&amp;Brot </name>
                <description>
                category  : Eat_Budget_City centre &lt;br&gt;
                address  : Mertensgasse 11  &lt;br&gt;
                url  :   &lt;br&gt;
                description  : One of the gastronomic establishments where every guest is warmly welcomed. The sexual orientation, culture, religious affiliation, are not assessed here, only you as an independent individual. The audience is open to the world and ranges from TV chef, top star from the sports and music scene to Düsseldorf's veteran and trade fair guest. The drinks and the food are very good and have reasonable prices. &lt;br&gt;
                </description>
                <styleUrl>#81</styleUrl>
                <Point id="2304">
                    <coordinates>6.7736594,51.2265581,0.0</coordinates>
                </Point>
            </Placemark>
            <Placemark id="2307">
                <name>Pizzeria Lupo </name>
                <description>
                category  : Eat_Budget_City centre &lt;br&gt;
                address  : Bolkerstraße 52  &lt;br&gt;
                url  :   &lt;br&gt;
                description  : It's there for 40 years. Pizza super tasty. Original Italy dishes. &lt;br&gt;
                </description>
                <styleUrl>#81</styleUrl>
                <Point id="2306">
                    <coordinates>6.7755225,51.2265157,0.0</coordinates>
                </Point>
            </Placemark>
            <Placemark id="2309">
                <name>Vegan Pizza Döner Restaurant </name>
                <description>
                category  : Eat_Budget_City centre &lt;br&gt;
                address  : Bismarckstraße 104  &lt;br&gt;
                url  :   &lt;br&gt;
                description  : Great vegan food and cozy atmosphere. The so-called Seitan Döner is super delicious. &lt;br&gt;
                </description>
                <styleUrl>#81</styleUrl>
                <Point id="2308">
                    <coordinates>6.7907246,51.220479,0.0</coordinates>
                </Point>
            </Placemark>
            <Placemark id="2311">
                <name>Ess-Klasse </name>
                <description>
                category  : Eat_Budget_Media Harbour &lt;br&gt;
                address  : Erftstraße 12  &lt;br&gt;
                url  :   &lt;br&gt;
                description  :  Fresh home made food Fast, delicious and varied lunch menu. The stews and soups are recommended. The atmosphere is appropriate &lt;br&gt;
                </description>
                <styleUrl>#81</styleUrl>
                <Point id="2310">
                    <coordinates>6.7571272,51.2141587,0.0</coordinates>
                </Point>
            </Placemark>
            <Placemark id="2313">
                <name> Pizzeria Am Medienhafen </name>
                <description>
                category  : Eat_Budget_Media Harbour &lt;br&gt;
                address  : Wupperstraße 14  &lt;br&gt;
                url  :   &lt;br&gt;
                description  : The pizzas taste very good. The ambience is modern with two super nice owners. &lt;br&gt;
                </description>
                <styleUrl>#81</styleUrl>
                <Point id="2312">
                    <coordinates>6.7577854,51.2146405,0.0</coordinates>
                </Point>
            </Placemark>
            <Placemark id="2315">
                <name> Adriana Ristorante - Pizza, Pasta, Antipasto </name>
                <description>
                category  : Eat_Budget_Flingern &lt;br&gt;
                address  : Dorotheenstr. 104  &lt;br&gt;
                url  :   &lt;br&gt;
                description  :  Italian cuisine, budget prices and superb quality. Reservation recommended. &lt;br&gt;
                </description>
                <styleUrl>#81</styleUrl>
                <Point id="2314">
                    <coordinates>6.8116398,51.2253695,0.0</coordinates>
                </Point>
            </Placemark>
            <Placemark id="2317">
                <name>Pizzeria Trattoria Romantica </name>
                <description>
                category  : Eat_Budget_Near the local train station Zoo &lt;br&gt;
                address  : Düsselthaerstr. 48  &lt;br&gt;
                url  : http://romanticaduesseldorf.de/  &lt;br&gt;
                description  : Palermo pizza in a cosy dining area or to take away. Excellent value for money. &lt;br&gt;
                </description>
                <styleUrl>#81</styleUrl>
                <Point id="2316">
                    <coordinates>6.7925981,51.2338023,0.0</coordinates>
                </Point>
            </Placemark>
            <Placemark id="2319">
                <name>Zum Schiffchen </name>
                <description>
                category  : Eat_Mid-range_German cuisine &lt;br&gt;
                address  : Hafenstraße 5  &lt;br&gt;
                url  : http://www.brauerei-zum-schiffchen.de/en/  &lt;br&gt;
                description  : Rustic bourgeois brewery restaurant, delicious beer and attentive service. Excellent cream of Pfifferlinge (chanterelle) soup in season. Established in 1628, this restaurant was patronised by local poet Heinrich Heine and has served a bevy of celebrities, including Napoleon. &lt;br&gt;
                </description>
                <styleUrl>#85</styleUrl>
                <Point id="2318">
                    <coordinates>6.7721027,51.2237798,0.0</coordinates>
                </Point>
            </Placemark>
            <Placemark id="2321">
                <name>Brauerei im Füchschen </name>
                <description>
                category  : Eat_Mid-range_German cuisine &lt;br&gt;
                address  : Ratingerstraße 28  &lt;br&gt;
                url  : http://www.fuechschen.de/  &lt;br&gt;
                description  : A traditional brewery restaurant in the old town serving their own beer. Here you can try the local specialty Sauerbraten; vinegar marinated beef with red cabbage. &lt;br&gt;
                </description>
                <styleUrl>#85</styleUrl>
                <Point id="2320">
                    <coordinates>6.7752241,51.2295311,0.0</coordinates>
                </Point>
            </Placemark>
            <Placemark id="2323">
                <name>Mongos </name>
                <description>
                category  : Eat_Mid-range_International cuisine &lt;br&gt;
                address  : Zollhof 10, Media Harbour  &lt;br&gt;
                url  : http://www.mongos.de  &lt;br&gt;
                description  : All-you-can-eat Mongolian cuisine, with an enormous choice of unusual foods (i.e. zebra, crocodiles, emu, barracuda, etc.) &lt;br&gt;
                </description>
                <styleUrl>#85</styleUrl>
                <Point id="2322">
                    <coordinates>6.7545221,51.2144445,0.0</coordinates>
                </Point>
            </Placemark>
            <Placemark id="2325">
                <name>El Amigo Primo Lopez </name>
                <description>
                category  : Eat_Mid-range_International cuisine &lt;br&gt;
                address  : Schneider-Wibbel-Gasse 9  &lt;br&gt;
                url  : http://www.primolopez.de/  &lt;br&gt;
                description  : An Argentinian beef restaurant situated in the old town. &lt;br&gt;
                </description>
                <styleUrl>#85</styleUrl>
                <Point id="2324">
                    <coordinates>6.77337,51.2255597,0.0</coordinates>
                </Point>
            </Placemark>
            <Placemark id="2327">
                <name>Casita Mexicana </name>
                <description>
                category  : Eat_Mid-range_International cuisine &lt;br&gt;
                address  : Hunsrückenstraße 15 (Altstadt), Bilker Alle 128 (Bilk), and Beuthstraße 1 (Pempelfort)  &lt;br&gt;
                url  : http://casitamexicana.de/  &lt;br&gt;
                description  : Small chain with very high quality. Eat-in or take-away, but consider reserving a table if eating in, especially in Bilk location. &lt;br&gt;
                </description>
                <styleUrl>#85</styleUrl>
                <Point id="2326">
                    <coordinates>6.7752858,51.2265936,0.0</coordinates>
                </Point>
            </Placemark>
            <Placemark id="2329">
                <name>Nagaya </name>
                <description>
                category  : Eat_Splurge &lt;br&gt;
                address  : Bilker Straße 3  &lt;br&gt;
                url  : http://www.nagaya.de/  &lt;br&gt;
                description  :  Japanese, nouvelle cuisine. &lt;br&gt;
                </description>
                <styleUrl>#89</styleUrl>
                <Point id="2328">
                    <coordinates>6.77268219994691,51.2226989,0.0</coordinates>
                </Point>
            </Placemark>
            <Placemark id="2331">
                <name>Sila Thai </name>
                <description>
                category  : Eat_Splurge &lt;br&gt;
                address  : Bahnstr. 76  &lt;br&gt;
                url  : http://www.silathai.com/en/  &lt;br&gt;
                description  : Excellent original Thai cuisine in the city centre. Reservations essential. &lt;br&gt;
                </description>
                <styleUrl>#89</styleUrl>
                <Point id="2330">
                    <coordinates>6.7856817,51.2192775,0.0</coordinates>
                </Point>
            </Placemark>
            <Placemark id="2333">
                <name>Meerbar </name>
                <description>
                category  : Eat_Splurge &lt;br&gt;
                address  : Neuer Zollhof 1, im Medienhafen  &lt;br&gt;
                url  : http://www.meerbar.de  &lt;br&gt;
                description  :  Fish restaurant in the Gehry-buildings of the Media harbour; very stylish, very good cooking. &lt;br&gt;
                </description>
                <styleUrl>#89</styleUrl>
                <Point id="2332">
                    <coordinates>0.0,0.0,0.0</coordinates>
                </Point>
            </Placemark>
            <Placemark id="2335">
                <name>Classic Western Steakhouse </name>
                <description>
                category  : Eat_Splurge &lt;br&gt;
                address  : Tußmannstraße 12 &lt;br&gt;
                url  : http://steakhouse-duesseldorf.de/  &lt;br&gt;
                description  : American steakhouse with very good steak and seafood options, and prices to match. &lt;br&gt;
                </description>
                <styleUrl>#89</styleUrl>
                <Point id="2334">
                    <coordinates>6.793276751511419,51.23713775,0.0</coordinates>
                </Point>
            </Placemark>
            <Placemark id="2337">
                <name>Jugendherberge Düsseldorf (Backpackers) </name>
                <description>
                category  : Sleep_Budget &lt;br&gt;
                address  : Düsseldorfer Straße 1  &lt;br&gt;
                url  : http://www.duesseldorf.jugendherberge.de  &lt;br&gt;
                description  :  &lt;br&gt;
                </description>
                <styleUrl>#97</styleUrl>
                <Point id="2336">
                    <coordinates>6.7581,51.22669,0.0</coordinates>
                </Point>
            </Placemark>
            <Placemark id="2339">
                <name>Rheingoldhotel Düsseldorf City </name>
                <description>
                category  : Sleep_Budget &lt;br&gt;
                address  : Oststraße 166  &lt;br&gt;
                url  :   &lt;br&gt;
                description  : Family-run hotel in the city centre between the Central Train Station and the Oldtown. &lt;br&gt;
                </description>
                <styleUrl>#97</styleUrl>
                <Point id="2338">
                    <coordinates>6.78421,51.21924,0.0</coordinates>
                </Point>
            </Placemark>
            <Placemark id="2341">
                <name>Backpackers Düsseldorf </name>
                <description>
                category  : Sleep_Budget &lt;br&gt;
                address  : Fürstenwall 180  &lt;br&gt;
                url  : http://www.backpackers-duesseldorf.de/  &lt;br&gt;
                description  :  &lt;br&gt;
                </description>
                <styleUrl>#97</styleUrl>
                <Point id="2340">
                    <coordinates>6.77956,51.21407,0.0</coordinates>
                </Point>
            </Placemark>
            <Placemark id="2343">
                <name>A&amp;O Düsseldorf </name>
                <description>
                category  : Sleep_Budget &lt;br&gt;
                address  : Corneliusstraße 9  &lt;br&gt;
                url  : http://www.aohostels.com/de/duesseldorf/duesseldorf-hauptbahnhof/  &lt;br&gt;
                description  :  &lt;br&gt;
                </description>
                <styleUrl>#97</styleUrl>
                <Point id="2342">
                    <coordinates>6.78229,51.21635,0.0</coordinates>
                </Point>
            </Placemark>
            <Placemark id="2345">
                <name>Wyndham Garden Düsseldorf City Centre Königsallee </name>
                <description>
                category  : Sleep_Mid-range &lt;br&gt;
                address  : Luisenstraße 42  &lt;br&gt;
                url  : https://www.wyndhamgardenduesseldorf.com/de  &lt;br&gt;
                description  : The former Four Points lost its branding as the hotel's standards fell below traveller's expectations, but now it is coming back after a slight renovation. Despite the name, the hotel is quite a distance away from the ''Kö'', on a side street south of it. &lt;br&gt;
                </description>
                <styleUrl>#101</styleUrl>
                <Point id="2344">
                    <coordinates>6.78162,51.21739,0.0</coordinates>
                </Point>
            </Placemark>
            <Placemark id="2347">
                <name>Hilton Düsseldorf </name>
                <description>
                category  : Sleep_Mid-range &lt;br&gt;
                address  : Georg-Glock-Straße 20  &lt;br&gt;
                url  : http://dusseldorf.hilton.com  &lt;br&gt;
                description  : Renovated traditional hotel in the north of Düsseldorf. &lt;br&gt;
                </description>
                <styleUrl>#101</styleUrl>
                <Point id="2346">
                    <coordinates>6.76966,51.25086,0.0</coordinates>
                </Point>
            </Placemark>
            <Placemark id="2349">
                <name>Ibis Düsseldorf Hauptbahnhof </name>
                <description>
                category  : Sleep_Mid-range &lt;br&gt;
                address  : Konrad-Adenauer-Platz 14  &lt;br&gt;
                url  : https://all.accor.com/hotel/0793/index.en.shtml  &lt;br&gt;
                description  : A clean hotel with the basic equipment. The hotel is situated in the central railway station which also is the hub for local transportation, therefore the connect to both inside and outside Düsseldorf are excellent. &lt;br&gt;
                </description>
                <styleUrl>#101</styleUrl>
                <Point id="2348">
                    <coordinates>6.7929,51.22016,0.0</coordinates>
                </Point>
            </Placemark>
            <Placemark id="2351">
                <name>InterCity Hotel Düsseldorf </name>
                <description>
                category  : Sleep_Mid-range &lt;br&gt;
                address  : Graf-Adolf-Straße 81-87  &lt;br&gt;
                url  : https://www.hotel-duesseldorf.net/  &lt;br&gt;
                description  : Next to the main station, easy access to all sightseeing spots. &lt;br&gt;
                </description>
                <styleUrl>#101</styleUrl>
                <Point id="2350">
                    <coordinates>6.78927,51.2193,0.0</coordinates>
                </Point>
            </Placemark>
            <Placemark id="2353">
                <name>Innside Premium Hotel Derendorf </name>
                <description>
                category  : Sleep_Mid-range &lt;br&gt;
                address  : Derendorfer Allee 8  &lt;br&gt;
                url  : http://www.innside.de/_new/innside_premium_hotels/duesseldorf_derendorf/willkommen.de.php4?music &lt;br&gt;
                description  : Hotel in the north of Düsseldorf. &lt;br&gt;
                </description>
                <styleUrl>#101</styleUrl>
                <Point id="2352">
                    <coordinates>6.78285,51.25303,0.0</coordinates>
                </Point>
            </Placemark>
            <Placemark id="2355">
                <name>NH Düsseldorf City Nord </name>
                <description>
                category  : Sleep_Mid-range &lt;br&gt;
                address  : Kölner Straße, 186-188  &lt;br&gt;
                url  : http://www.nh-hotels.com/nh/en/hotels/germany/dusseldorf.html  &lt;br&gt;
                description  :  In the centre of the city on the Rhine, near the Oberbilker Market. &lt;br&gt;
                </description>
                <styleUrl>#101</styleUrl>
                <Point id="2354">
                    <coordinates>6.79671,51.24849,0.0</coordinates>
                </Point>
            </Placemark>
            <Placemark id="2357">
                <name>Radisson Blu Scandinavia Hotel </name>
                <description>
                category  : Sleep_Mid-range &lt;br&gt;
                address  : Karl-Arnold-Platz 5  &lt;br&gt;
                url  : https://www.radissonhotels.com/en-us/hotels/radisson-blu-duesseldorf-scandinavia  &lt;br&gt;
                description  :  &lt;br&gt;
                </description>
                <styleUrl>#101</styleUrl>
                <Point id="2356">
                    <coordinates>6.76907,51.2468,0.0</coordinates>
                </Point>
            </Placemark>
            <Placemark id="2359">
                <name>Breidenbacher Hof </name>
                <description>
                category  : Sleep_Splurge &lt;br&gt;
                address  : Königsallee 11, D-40212  &lt;br&gt;
                url  : http://www.breidenbacherhofcapella.com/  &lt;br&gt;
                description  : Perhaps the most famed luxury boutique hotel in Düsseldorf, in the centre, on the Kö. The 5-star property consists of 92 guest rooms and suites and offers retail shops, a fitness centre, meeting space, the 1806 Restaurant, and a cigar lounge. &lt;br&gt;
                </description>
                <styleUrl>#105</styleUrl>
                <Point id="2358">
                    <coordinates>6.77779,51.22522,0.0</coordinates>
                </Point>
            </Placemark>
            <Placemark id="2361">
                <name>Intercontinental Düsseldorf </name>
                <description>
                category  : Sleep_Splurge &lt;br&gt;
                address  : Königsallee 59  &lt;br&gt;
                url  : http://www.duesseldorf.intercontinental.com  &lt;br&gt;
                description  : First-class hotel. Awesome atrium, top-restaurants and concierge-service. &lt;br&gt;
                </description>
                <styleUrl>#105</styleUrl>
                <Point id="2360">
                    <coordinates>6.77809,51.2204,0.0</coordinates>
                </Point>
            </Placemark>
            <Placemark id="2363">
                <name>Radisson Blu Media Harbour Hotel, Düsseldorf </name>
                <description>
                category  : Sleep_Splurge &lt;br&gt;
                address  : Hammer Straße 23  &lt;br&gt;
                url  : https://www.radissonhotels.com/en-us/hotels/radisson-blu-duesseldorf-media-harbour  &lt;br&gt;
                description  : Design-hotel in Düsseldorf Media Harbour, very hip!. &lt;br&gt;
                </description>
                <styleUrl>#105</styleUrl>
                <Point id="2362">
                    <coordinates>6.75374,51.21399,0.0</coordinates>
                </Point>
            </Placemark>
            <Placemark id="2365">
                <name>--</name>
                <description>
                category  : Cope_Religious services &lt;br&gt;
                address  :  &lt;br&gt;
                url  :  &lt;br&gt;
                description  :  &lt;br&gt;
                </description>
                <styleUrl>#37</styleUrl>
                <Point id="2364">
                    <coordinates>6.7763137,51.2254018,0.0</coordinates>
                </Point>
            </Placemark>
            <Placemark id="2367">
                <name>Cologne</name>
                <description>
                category  : Go next_Close by &lt;br&gt;
                address  :  &lt;br&gt;
                url  :  &lt;br&gt;
                description  : Cologne — the largest city in North Rhine-Westphalia maintaining a legendary rivalry with its close neighbour &lt;br&gt;
                </description>
                <styleUrl>#169</styleUrl>
                <Point id="2366">
                    <coordinates>0.9774958,43.7218277,0.0</coordinates>
                </Point>
            </Placemark>
            <Placemark id="2369">
                <name>Brühl</name>
                <description>
                category  : Go next_Close by &lt;br&gt;
                address  :  &lt;br&gt;
                url  :  &lt;br&gt;
                description  : Brühl — almost a suburb of Cologne and contains the Augustusburg Palace which has been placed on the UNESCO World Heritage List. The palace is one of the key works of Balthasar Neuman, and contains one of the finest Rococo interiors in the world, the highlight being the main staircase. Also in the grounds is the magnificent hunting Lodge of Falkenslust. Brühl is easily reached by train. The '''Phantasialand''' theme park is also in Brühl. &lt;br&gt;
                </description>
                <styleUrl>#169</styleUrl>
                <Point id="2368">
                    <coordinates>6.9037057,50.8291313,0.0</coordinates>
                </Point>
            </Placemark>
            <Placemark id="2371">
                <name>Bonn</name>
                <description>
                category  : Go next_Close by &lt;br&gt;
                address  :  &lt;br&gt;
                url  :  &lt;br&gt;
                description  : Bonn — the former capital of (West) Germany is due south and easy to reach by train or S-Bahn &lt;br&gt;
                </description>
                <styleUrl>#169</styleUrl>
                <Point id="2370">
                    <coordinates>7.10066,50.735851,0.0</coordinates>
                </Point>
            </Placemark>
            <Placemark id="2373">
                <name>Königswinter</name>
                <description>
                category  : Go next_Close by &lt;br&gt;
                address  :  &lt;br&gt;
                url  :  &lt;br&gt;
                description  : Königswinter and Bad Honnef — small towns at the Middle Rhine Valley reachable by train &lt;br&gt;
                </description>
                <styleUrl>#169</styleUrl>
                <Point id="2372">
                    <coordinates>7.1930989,50.6739719,0.0</coordinates>
                </Point>
            </Placemark>
            <Placemark id="2375">
                <name>Lower Rhine</name>
                <description>
                category  : Go next_Close by &lt;br&gt;
                address  :  &lt;br&gt;
                url  :  &lt;br&gt;
                description  : Lower Rhine with the towns of Neuss, Meerbusch and Krefeld &lt;br&gt;
                </description>
                <styleUrl>#169</styleUrl>
                <Point id="2374">
                    <coordinates>6.3602769,51.5367686,0.0</coordinates>
                </Point>
            </Placemark>
            <Placemark id="2377">
                <name>Ratingen</name>
                <description>
                category  : Go next_Close by &lt;br&gt;
                address  :  &lt;br&gt;
                url  :  &lt;br&gt;
                description  : Ratingen city to the northeast &lt;br&gt;
                </description>
                <styleUrl>#169</styleUrl>
                <Point id="2376">
                    <coordinates>6.8493503,51.2973261,0.0</coordinates>
                </Point>
            </Placemark>
            <Placemark id="2379">
                <name>Ruhr</name>
                <description>
                category  : Go next_Close by &lt;br&gt;
                address  :  &lt;br&gt;
                url  :  &lt;br&gt;
                description  : Ruhr (''Ruhrgebiet'') — If you are interested in heavy industry and/or industrial culture this might be a worthwhile trip. It is about 50&amp;nbsp;km north of Düsseldorf. The region, which was the centre of Germany's mining industry (coal and steel) is going through a structural transformation and presents its industrial heritage (not without pride) on the [http://www.metropoleruhr.de/en/home/discovering-experiencing/industrial-heritage-trail.html Industrial Heritage Trail]. &lt;br&gt;
                </description>
                <styleUrl>#169</styleUrl>
                <Point id="2378">
                    <coordinates>7.6347828,51.4523694,0.0</coordinates>
                </Point>
            </Placemark>
            <Placemark id="2381">
                <name>Amsterdam</name>
                <description>
                category  : Go next_International &lt;br&gt;
                address  :  &lt;br&gt;
                url  :  &lt;br&gt;
                description  : Amsterdam &lt;br&gt;
                </description>
                <styleUrl>#169</styleUrl>
                <Point id="2380">
                    <coordinates>4.8924534,52.3730796,0.0</coordinates>
                </Point>
            </Placemark>
            <Placemark id="2383">
                <name>Paris</name>
                <description>
                category  : Go next_International &lt;br&gt;
                address  :  &lt;br&gt;
                url  :  &lt;br&gt;
                description  : Paris &lt;br&gt;
                </description>
                <styleUrl>#169</styleUrl>
                <Point id="2382">
                    <coordinates>2.3200410217200766,48.8588897,0.0</coordinates>
                </Point>
            </Placemark>
            <Placemark id="2385">
                <name>Brussels</name>
                <description>
                category  : Go next_International &lt;br&gt;
                address  :  &lt;br&gt;
                url  :  &lt;br&gt;
                description  : Brussels &lt;br&gt;
                </description>
                <styleUrl>#169</styleUrl>
                <Point id="2384">
                    <coordinates>4.351697,50.8465573,0.0</coordinates>
                </Point>
            </Placemark>
            <Placemark id="2387">
                <name>Eindhoven</name>
                <description>
                category  : Go next_International &lt;br&gt;
                address  :  &lt;br&gt;
                url  :  &lt;br&gt;
                description  : Eindhoven &lt;br&gt;
                </description>
                <styleUrl>#169</styleUrl>
                <Point id="2386">
                    <coordinates>5.478633,51.4392648,0.0</coordinates>
                </Point>
            </Placemark>
            <Placemark id="2389">
                <name>Antwerp</name>
                <description>
                category  : Go next_International &lt;br&gt;
                address  :  &lt;br&gt;
                url  :  &lt;br&gt;
                description  : Antwerp &lt;br&gt;
                </description>
                <styleUrl>#169</styleUrl>
                <Point id="2388">
                    <coordinates>4.3997081,51.2211097,0.0</coordinates>
                </Point>
            </Placemark>
            <Placemark id="2391">
                <name>Arnhem</name>
                <description>
                category  : Go next_International &lt;br&gt;
                address  :  &lt;br&gt;
                url  :  &lt;br&gt;
                description  : Arnhem &lt;br&gt;
                </description>
                <styleUrl>#169</styleUrl>
                <Point id="2390">
                    <coordinates>5.9108573,51.984257,0.0</coordinates>
                </Point>
            </Placemark>
        </Folder>
        <Folder id="16">
            <name>atlas_obscura</name>
            <Placemark id="2393">
                <name>
Rheinturm
</name>
                <description>
This futuristic German television spire is actually the world's largest digital clock.
 &lt;br&gt; &lt;br&gt; https://www.atlasobscura.com/places/rheinturm</description>
                <styleUrl>#41</styleUrl>
                <Point id="2392">
                    <coordinates>6.76168,51.217942,0.0</coordinates>
                </Point>
            </Placemark>
            <Placemark id="2395">
                <name>
Museumsinsel Hombroich
</name>
                <description>
Be it nature, art, or abandoned military architecture this eclectic German &quot;museum&quot; has you covered.
 &lt;br&gt; &lt;br&gt; https://www.atlasobscura.com/places/museumsinsel-hombroich</description>
                <styleUrl>#41</styleUrl>
                <Point id="2394">
                    <coordinates>6.659504,51.147773,0.0</coordinates>
                </Point>
            </Placemark>
            <Placemark id="2397">
                <name>
C. und O. Vogt Institue of Brain Research Collection
</name>
                <description>
A varied collection of brains in alcohol.
 &lt;br&gt; &lt;br&gt; https://www.atlasobscura.com/places/c-und-o-vogt-institue-brain-research-collection</description>
                <styleUrl>#41</styleUrl>
                <Point id="2396">
                    <coordinates>6.792072,51.193819,0.0</coordinates>
                </Point>
            </Placemark>
            <Placemark id="2399">
                <name>
The Gehry Buildings of Dusseldorf Harbor
</name>
                <description>
Twisted buildings adorn the banks of the Rhine river.
 &lt;br&gt; &lt;br&gt; https://www.atlasobscura.com/places/gehry-buildings-dusseldorf-harbor</description>
                <styleUrl>#41</styleUrl>
                <Point id="2398">
                    <coordinates>6.760193,51.216605,0.0</coordinates>
                </Point>
            </Placemark>
        </Folder>
        <Placemark id="183">
            <styleUrl>#181</styleUrl>
            <Point id="182">
                <coordinates>0.0, 0.0, 0.0</coordinates>
            </Point>
        </Placemark>
    </Document>
</kml>
