<?xml version="1.0" encoding="UTF-8"?>
<kml xmlns="http://www.opengis.net/kml/2.2" xmlns:gx="http://www.google.com/kml/ext/2.2">
    <Document id="1">
        <Style id="icon-1739-E65100-normal">
            <IconStyle id="19">
                <colorMode>normal</colorMode>
                <scale>1</scale>
                <heading>0</heading>
                <Icon id="20">
                    <href>https://www.gstatic.com/mapspro/images/stock/503-wht-blank_maps.png</href>
                </Icon>
            </IconStyle>
        </Style>
        <Style id="538"/>
        <Style id="icon-1739-7CB342-normal">
            <IconStyle id="23">
                <colorMode>normal</colorMode>
                <scale>1</scale>
                <heading>0</heading>
                <Icon id="24">
                    <href>https://www.gstatic.com/mapspro/images/stock/503-wht-blank_maps.png</href>
                </Icon>
            </IconStyle>
        </Style>
        <Style id="539"/>
        <Style id="icon-1739-9C27B0-normal">
            <IconStyle id="27">
                <colorMode>normal</colorMode>
                <scale>1</scale>
                <heading>0</heading>
                <Icon id="28">
                    <href>https://www.gstatic.com/mapspro/images/stock/503-wht-blank_maps.png</href>
                </Icon>
            </IconStyle>
        </Style>
        <Style id="540"/>
        <Style id="icon-1739-FFEA00-normal">
            <IconStyle id="31">
                <colorMode>normal</colorMode>
                <scale>1</scale>
                <heading>0</heading>
                <Icon id="32">
                    <href>https://www.gstatic.com/mapspro/images/stock/503-wht-blank_maps.png</href>
                </Icon>
            </IconStyle>
        </Style>
        <Style id="541"/>
        <Style id="icon-1739-0288D1-normal">
            <IconStyle id="35">
                <colorMode>normal</colorMode>
                <scale>1</scale>
                <heading>0</heading>
                <Icon id="36">
                    <href>https://www.gstatic.com/mapspro/images/stock/503-wht-blank_maps.png</href>
                </Icon>
            </IconStyle>
        </Style>
        <Style id="542"/>
        <Style id="icon-1556-FFD600-normal">
            <IconStyle id="43">
                <colorMode>normal</colorMode>
                <scale>1</scale>
                <heading>0</heading>
                <Icon id="44">
                    <href>https://www.gstatic.com/mapspro/images/stock/503-wht-blank_maps.png</href>
                </Icon>
            </IconStyle>
        </Style>
        <Style id="543"/>
        <Style id="icon-1594-000000-normal">
            <IconStyle id="39">
                <colorMode>normal</colorMode>
                <scale>1</scale>
                <heading>0</heading>
                <Icon id="40">
                    <href>https://www.gstatic.com/mapspro/images/stock/503-wht-blank_maps.png</href>
                </Icon>
            </IconStyle>
        </Style>
        <Style id="544"/>
        <Style id="icon-1636-0288D1-normal">
            <IconStyle id="47">
                <colorMode>normal</colorMode>
                <scale>1</scale>
                <heading>0</heading>
                <Icon id="48">
                    <href>https://www.gstatic.com/mapspro/images/stock/503-wht-blank_maps.png</href>
                </Icon>
            </IconStyle>
        </Style>
        <Style id="545"/>
        <Style id="icon-1577-0288D1-normal">
            <IconStyle id="75">
                <colorMode>normal</colorMode>
                <scale>1</scale>
                <heading>0</heading>
                <Icon id="76">
                    <href>https://www.gstatic.com/mapspro/images/stock/503-wht-blank_maps.png</href>
                </Icon>
            </IconStyle>
        </Style>
        <Style id="546"/>
        <Style id="icon-1577-0F9D58-normal">
            <IconStyle id="79">
                <colorMode>normal</colorMode>
                <scale>1</scale>
                <heading>0</heading>
                <Icon id="80">
                    <href>https://www.gstatic.com/mapspro/images/stock/503-wht-blank_maps.png</href>
                </Icon>
            </IconStyle>
        </Style>
        <Style id="547"/>
        <Style id="icon-1577-FFEA00-normal">
            <IconStyle id="83">
                <colorMode>normal</colorMode>
                <scale>1</scale>
                <heading>0</heading>
                <Icon id="84">
                    <href>https://www.gstatic.com/mapspro/images/stock/503-wht-blank_maps.png</href>
                </Icon>
            </IconStyle>
        </Style>
        <Style id="548"/>
        <Style id="icon-1577-FF5252-normal">
            <IconStyle id="87">
                <colorMode>normal</colorMode>
                <scale>1</scale>
                <heading>0</heading>
                <Icon id="88">
                    <href>https://www.gstatic.com/mapspro/images/stock/503-wht-blank_maps.png</href>
                </Icon>
            </IconStyle>
        </Style>
        <Style id="549"/>
        <Style id="icon-1798-0288D1-normal">
            <IconStyle id="55">
                <colorMode>normal</colorMode>
                <scale>1</scale>
                <heading>0</heading>
                <Icon id="56">
                    <href>https://www.gstatic.com/mapspro/images/stock/503-wht-blank_maps.png</href>
                </Icon>
            </IconStyle>
        </Style>
        <Style id="550"/>
        <Style id="icon-1798-0F9D58-normal">
            <IconStyle id="59">
                <colorMode>normal</colorMode>
                <scale>1</scale>
                <heading>0</heading>
                <Icon id="60">
                    <href>https://www.gstatic.com/mapspro/images/stock/503-wht-blank_maps.png</href>
                </Icon>
            </IconStyle>
        </Style>
        <Style id="551"/>
        <Style id="icon-1798-FFEA00-normal">
            <IconStyle id="63">
                <colorMode>normal</colorMode>
                <scale>1</scale>
                <heading>0</heading>
                <Icon id="64">
                    <href>https://www.gstatic.com/mapspro/images/stock/503-wht-blank_maps.png</href>
                </Icon>
            </IconStyle>
        </Style>
        <Style id="552"/>
        <Style id="icon-1798-FF5252-normal">
            <IconStyle id="67">
                <colorMode>normal</colorMode>
                <scale>1</scale>
                <heading>0</heading>
                <Icon id="68">
                    <href>https://www.gstatic.com/mapspro/images/stock/503-wht-blank_maps.png</href>
                </Icon>
            </IconStyle>
        </Style>
        <Style id="553"/>
        <Style id="icon-1534-0288D1-normal">
            <IconStyle id="71">
                <colorMode>normal</colorMode>
                <scale>1</scale>
                <heading>0</heading>
                <Icon id="72">
                    <href>https://www.gstatic.com/mapspro/images/stock/503-wht-blank_maps.png</href>
                </Icon>
            </IconStyle>
        </Style>
        <Style id="554"/>
        <Style id="555"/>
        <Style id="icon-1602-0288D1-normal">
            <IconStyle id="91">
                <colorMode>normal</colorMode>
                <scale>1</scale>
                <heading>0</heading>
                <Icon id="92">
                    <href>https://www.gstatic.com/mapspro/images/stock/503-wht-blank_maps.png</href>
                </Icon>
            </IconStyle>
        </Style>
        <Style id="556"/>
        <Style id="icon-1602-0F9D58-normal">
            <IconStyle id="95">
                <colorMode>normal</colorMode>
                <scale>1</scale>
                <heading>0</heading>
                <Icon id="96">
                    <href>https://www.gstatic.com/mapspro/images/stock/503-wht-blank_maps.png</href>
                </Icon>
            </IconStyle>
        </Style>
        <Style id="557"/>
        <Style id="icon-1602-FFEA00-normal">
            <IconStyle id="99">
                <colorMode>normal</colorMode>
                <scale>1</scale>
                <heading>0</heading>
                <Icon id="100">
                    <href>https://www.gstatic.com/mapspro/images/stock/503-wht-blank_maps.png</href>
                </Icon>
            </IconStyle>
        </Style>
        <Style id="558"/>
        <Style id="icon-1602-FF5252-normal">
            <IconStyle id="103">
                <colorMode>normal</colorMode>
                <scale>1</scale>
                <heading>0</heading>
                <Icon id="104">
                    <href>https://www.gstatic.com/mapspro/images/stock/503-wht-blank_maps.png</href>
                </Icon>
            </IconStyle>
        </Style>
        <Style id="559"/>
        <Style id="icon-1502-0288D1-normal">
            <IconStyle id="107">
                <colorMode>normal</colorMode>
                <scale>1</scale>
                <heading>0</heading>
                <Icon id="108">
                    <href>https://www.gstatic.com/mapspro/images/stock/503-wht-blank_maps.png</href>
                </Icon>
            </IconStyle>
        </Style>
        <Style id="560"/>
        <Style id="icon-1670-0288D1-normal">
            <IconStyle id="127">
                <colorMode>normal</colorMode>
                <scale>1</scale>
                <heading>0</heading>
                <Icon id="128">
                    <href>https://www.gstatic.com/mapspro/images/stock/503-wht-blank_maps.png</href>
                </Icon>
            </IconStyle>
        </Style>
        <Style id="561"/>
        <Style id="icon-1591-0288D1-normal">
            <IconStyle id="115">
                <colorMode>normal</colorMode>
                <scale>1</scale>
                <heading>0</heading>
                <Icon id="116">
                    <href>https://www.gstatic.com/mapspro/images/stock/503-wht-blank_maps.png</href>
                </Icon>
            </IconStyle>
        </Style>
        <Style id="562"/>
        <Style id="icon-1720-0288D1-normal">
            <IconStyle id="111">
                <colorMode>normal</colorMode>
                <scale>1</scale>
                <heading>0</heading>
                <Icon id="112">
                    <href>https://www.gstatic.com/mapspro/images/stock/503-wht-blank_maps.png</href>
                </Icon>
            </IconStyle>
        </Style>
        <Style id="563"/>
        <Style id="icon-1706-0288D1-normal">
            <IconStyle id="123">
                <colorMode>normal</colorMode>
                <scale>1</scale>
                <heading>0</heading>
                <Icon id="124">
                    <href>https://www.gstatic.com/mapspro/images/stock/503-wht-blank_maps.png</href>
                </Icon>
            </IconStyle>
        </Style>
        <Style id="564"/>
        <Style id="565"/>
        <Style id="icon-1569-0288D1-normal">
            <IconStyle id="143">
                <colorMode>normal</colorMode>
                <scale>1</scale>
                <heading>0</heading>
                <Icon id="144">
                    <href>https://www.gstatic.com/mapspro/images/stock/503-wht-blank_maps.png</href>
                </Icon>
            </IconStyle>
        </Style>
        <Style id="566"/>
        <Style id="icon-1532-0288D1-normal">
            <IconStyle id="139">
                <colorMode>normal</colorMode>
                <scale>1</scale>
                <heading>0</heading>
                <Icon id="140">
                    <href>https://www.gstatic.com/mapspro/images/stock/503-wht-blank_maps.png</href>
                </Icon>
            </IconStyle>
        </Style>
        <Style id="567"/>
        <Style id="icon-1504-0288D1-normal">
            <IconStyle id="135">
                <colorMode>normal</colorMode>
                <scale>1</scale>
                <heading>0</heading>
                <Icon id="136">
                    <href>https://www.gstatic.com/mapspro/images/stock/503-wht-blank_maps.png</href>
                </Icon>
            </IconStyle>
        </Style>
        <Style id="568"/>
        <Style id="icon-1716-0288D1-normal">
            <IconStyle id="131">
                <colorMode>normal</colorMode>
                <scale>1</scale>
                <heading>0</heading>
                <Icon id="132">
                    <href>https://www.gstatic.com/mapspro/images/stock/503-wht-blank_maps.png</href>
                </Icon>
            </IconStyle>
        </Style>
        <Style id="569"/>
        <Style id="icon-1731-0288D1-normal">
            <IconStyle id="147">
                <colorMode>normal</colorMode>
                <scale>1</scale>
                <heading>0</heading>
                <Icon id="148">
                    <href>https://www.gstatic.com/mapspro/images/stock/503-wht-blank_maps.png</href>
                </Icon>
            </IconStyle>
        </Style>
        <Style id="570"/>
        <Style id="icon-1511-0288D1-normal">
            <IconStyle id="151">
                <colorMode>normal</colorMode>
                <scale>1</scale>
                <heading>0</heading>
                <Icon id="152">
                    <href>https://www.gstatic.com/mapspro/images/stock/503-wht-blank_maps.png</href>
                </Icon>
            </IconStyle>
        </Style>
        <Style id="571"/>
        <Style id="icon-1637-0288D1-normal">
            <IconStyle id="159">
                <colorMode>normal</colorMode>
                <scale>1</scale>
                <heading>0</heading>
                <Icon id="160">
                    <href>https://www.gstatic.com/mapspro/images/stock/503-wht-blank_maps.png</href>
                </Icon>
            </IconStyle>
        </Style>
        <Style id="572"/>
        <Style id="icon-1635-0288D1-normal">
            <IconStyle id="155">
                <colorMode>normal</colorMode>
                <scale>1</scale>
                <heading>0</heading>
                <Icon id="156">
                    <href>https://www.gstatic.com/mapspro/images/stock/503-wht-blank_maps.png</href>
                </Icon>
            </IconStyle>
        </Style>
        <Style id="573"/>
        <Style id="icon-1685-0288D1-normal">
            <IconStyle id="163">
                <colorMode>normal</colorMode>
                <scale>1</scale>
                <heading>0</heading>
                <Icon id="164">
                    <href>https://www.gstatic.com/mapspro/images/stock/503-wht-blank_maps.png</href>
                </Icon>
            </IconStyle>
        </Style>
        <Style id="574"/>
        <Style id="icon-1654-0288D1-normal">
            <IconStyle id="167">
                <colorMode>normal</colorMode>
                <scale>1</scale>
                <heading>0</heading>
                <Icon id="168">
                    <href>https://www.gstatic.com/mapspro/images/stock/503-wht-blank_maps.png</href>
                </Icon>
            </IconStyle>
        </Style>
        <Style id="575"/>
        <Style id="icon-1522-0288D1-normal">
            <IconStyle id="171">
                <colorMode>normal</colorMode>
                <scale>1</scale>
                <heading>0</heading>
                <Icon id="172">
                    <href>https://www.gstatic.com/mapspro/images/stock/503-wht-blank_maps.png</href>
                </Icon>
            </IconStyle>
        </Style>
        <Style id="576"/>
        <Style id="icon-1726-0288D1-normal">
            <IconStyle id="175">
                <colorMode>normal</colorMode>
                <scale>1</scale>
                <heading>0</heading>
                <Icon id="176">
                    <href>https://www.gstatic.com/mapspro/images/stock/503-wht-blank_maps.png</href>
                </Icon>
            </IconStyle>
        </Style>
        <Style id="577"/>
        <Style id="icon-1608-0288D1-normal">
            <IconStyle id="179">
                <colorMode>normal</colorMode>
                <scale>1</scale>
                <heading>0</heading>
                <Icon id="180">
                    <href>https://www.gstatic.com/mapspro/images/stock/503-wht-blank_maps.png</href>
                </Icon>
            </IconStyle>
        </Style>
        <Style id="578"/>
        <StyleMap id="icon-1739-E65100">
            <Pair>
                <key>normal</key>
                <styleUrl>#icon-1739-E65100-normal</styleUrl>
            </Pair>
            <Pair>
                <key>highlight</key>
                <styleUrl>#538</styleUrl>
            </Pair>
        </StyleMap>
        <StyleMap id="icon-1739-7CB342">
            <Pair>
                <key>normal</key>
                <styleUrl>#icon-1739-7CB342-normal</styleUrl>
            </Pair>
            <Pair>
                <key>highlight</key>
                <styleUrl>#539</styleUrl>
            </Pair>
        </StyleMap>
        <StyleMap id="29">
            <Pair>
                <key>normal</key>
                <styleUrl>#icon-1739-9C27B0-normal</styleUrl>
            </Pair>
            <Pair>
                <key>highlight</key>
                <styleUrl>#540</styleUrl>
            </Pair>
        </StyleMap>
        <StyleMap id="33">
            <Pair>
                <key>normal</key>
                <styleUrl>#icon-1739-FFEA00-normal</styleUrl>
            </Pair>
            <Pair>
                <key>highlight</key>
                <styleUrl>#541</styleUrl>
            </Pair>
        </StyleMap>
        <StyleMap id="37">
            <Pair>
                <key>normal</key>
                <styleUrl>#icon-1739-0288D1-normal</styleUrl>
            </Pair>
            <Pair>
                <key>highlight</key>
                <styleUrl>#542</styleUrl>
            </Pair>
        </StyleMap>
        <StyleMap id="45">
            <Pair>
                <key>normal</key>
                <styleUrl>#icon-1556-FFD600-normal</styleUrl>
            </Pair>
            <Pair>
                <key>highlight</key>
                <styleUrl>#543</styleUrl>
            </Pair>
        </StyleMap>
        <StyleMap id="41">
            <Pair>
                <key>normal</key>
                <styleUrl>#icon-1594-000000-normal</styleUrl>
            </Pair>
            <Pair>
                <key>highlight</key>
                <styleUrl>#544</styleUrl>
            </Pair>
        </StyleMap>
        <StyleMap id="49">
            <Pair>
                <key>normal</key>
                <styleUrl>#icon-1636-0288D1-normal</styleUrl>
            </Pair>
            <Pair>
                <key>highlight</key>
                <styleUrl>#545</styleUrl>
            </Pair>
        </StyleMap>
        <StyleMap id="77">
            <Pair>
                <key>normal</key>
                <styleUrl>#icon-1577-0288D1-normal</styleUrl>
            </Pair>
            <Pair>
                <key>highlight</key>
                <styleUrl>#546</styleUrl>
            </Pair>
        </StyleMap>
        <StyleMap id="81">
            <Pair>
                <key>normal</key>
                <styleUrl>#icon-1577-0F9D58-normal</styleUrl>
            </Pair>
            <Pair>
                <key>highlight</key>
                <styleUrl>#547</styleUrl>
            </Pair>
        </StyleMap>
        <StyleMap id="85">
            <Pair>
                <key>normal</key>
                <styleUrl>#icon-1577-FFEA00-normal</styleUrl>
            </Pair>
            <Pair>
                <key>highlight</key>
                <styleUrl>#548</styleUrl>
            </Pair>
        </StyleMap>
        <StyleMap id="89">
            <Pair>
                <key>normal</key>
                <styleUrl>#icon-1577-FF5252-normal</styleUrl>
            </Pair>
            <Pair>
                <key>highlight</key>
                <styleUrl>#549</styleUrl>
            </Pair>
        </StyleMap>
        <StyleMap id="57">
            <Pair>
                <key>normal</key>
                <styleUrl>#icon-1798-0288D1-normal</styleUrl>
            </Pair>
            <Pair>
                <key>highlight</key>
                <styleUrl>#550</styleUrl>
            </Pair>
        </StyleMap>
        <StyleMap id="61">
            <Pair>
                <key>normal</key>
                <styleUrl>#icon-1798-0F9D58-normal</styleUrl>
            </Pair>
            <Pair>
                <key>highlight</key>
                <styleUrl>#551</styleUrl>
            </Pair>
        </StyleMap>
        <StyleMap id="65">
            <Pair>
                <key>normal</key>
                <styleUrl>#icon-1798-FFEA00-normal</styleUrl>
            </Pair>
            <Pair>
                <key>highlight</key>
                <styleUrl>#552</styleUrl>
            </Pair>
        </StyleMap>
        <StyleMap id="69">
            <Pair>
                <key>normal</key>
                <styleUrl>#icon-1798-FF5252-normal</styleUrl>
            </Pair>
            <Pair>
                <key>highlight</key>
                <styleUrl>#553</styleUrl>
            </Pair>
        </StyleMap>
        <StyleMap id="73">
            <Pair>
                <key>normal</key>
                <styleUrl>#icon-1534-0288D1-normal</styleUrl>
            </Pair>
            <Pair>
                <key>highlight</key>
                <styleUrl>#554</styleUrl>
            </Pair>
        </StyleMap>
        <StyleMap id="53">
            <Pair>
                <key>normal</key>
                <styleUrl>#icon-1798-0288D1-normal</styleUrl>
            </Pair>
            <Pair>
                <key>highlight</key>
                <styleUrl>#555</styleUrl>
            </Pair>
        </StyleMap>
        <StyleMap id="93">
            <Pair>
                <key>normal</key>
                <styleUrl>#icon-1602-0288D1-normal</styleUrl>
            </Pair>
            <Pair>
                <key>highlight</key>
                <styleUrl>#556</styleUrl>
            </Pair>
        </StyleMap>
        <StyleMap id="97">
            <Pair>
                <key>normal</key>
                <styleUrl>#icon-1602-0F9D58-normal</styleUrl>
            </Pair>
            <Pair>
                <key>highlight</key>
                <styleUrl>#557</styleUrl>
            </Pair>
        </StyleMap>
        <StyleMap id="101">
            <Pair>
                <key>normal</key>
                <styleUrl>#icon-1602-FFEA00-normal</styleUrl>
            </Pair>
            <Pair>
                <key>highlight</key>
                <styleUrl>#558</styleUrl>
            </Pair>
        </StyleMap>
        <StyleMap id="105">
            <Pair>
                <key>normal</key>
                <styleUrl>#icon-1602-FF5252-normal</styleUrl>
            </Pair>
            <Pair>
                <key>highlight</key>
                <styleUrl>#559</styleUrl>
            </Pair>
        </StyleMap>
        <StyleMap id="109">
            <Pair>
                <key>normal</key>
                <styleUrl>#icon-1502-0288D1-normal</styleUrl>
            </Pair>
            <Pair>
                <key>highlight</key>
                <styleUrl>#560</styleUrl>
            </Pair>
        </StyleMap>
        <StyleMap id="129">
            <Pair>
                <key>normal</key>
                <styleUrl>#icon-1670-0288D1-normal</styleUrl>
            </Pair>
            <Pair>
                <key>highlight</key>
                <styleUrl>#561</styleUrl>
            </Pair>
        </StyleMap>
        <StyleMap id="117">
            <Pair>
                <key>normal</key>
                <styleUrl>#icon-1591-0288D1-normal</styleUrl>
            </Pair>
            <Pair>
                <key>highlight</key>
                <styleUrl>#562</styleUrl>
            </Pair>
        </StyleMap>
        <StyleMap id="113">
            <Pair>
                <key>normal</key>
                <styleUrl>#icon-1720-0288D1-normal</styleUrl>
            </Pair>
            <Pair>
                <key>highlight</key>
                <styleUrl>#563</styleUrl>
            </Pair>
        </StyleMap>
        <StyleMap id="125">
            <Pair>
                <key>normal</key>
                <styleUrl>#icon-1706-0288D1-normal</styleUrl>
            </Pair>
            <Pair>
                <key>highlight</key>
                <styleUrl>#564</styleUrl>
            </Pair>
        </StyleMap>
        <StyleMap id="121">
            <Pair>
                <key>normal</key>
                <styleUrl>#icon-1636-0288D1-normal</styleUrl>
            </Pair>
            <Pair>
                <key>highlight</key>
                <styleUrl>#565</styleUrl>
            </Pair>
        </StyleMap>
        <StyleMap id="145">
            <Pair>
                <key>normal</key>
                <styleUrl>#icon-1569-0288D1-normal</styleUrl>
            </Pair>
            <Pair>
                <key>highlight</key>
                <styleUrl>#566</styleUrl>
            </Pair>
        </StyleMap>
        <StyleMap id="141">
            <Pair>
                <key>normal</key>
                <styleUrl>#icon-1532-0288D1-normal</styleUrl>
            </Pair>
            <Pair>
                <key>highlight</key>
                <styleUrl>#567</styleUrl>
            </Pair>
        </StyleMap>
        <StyleMap id="137">
            <Pair>
                <key>normal</key>
                <styleUrl>#icon-1504-0288D1-normal</styleUrl>
            </Pair>
            <Pair>
                <key>highlight</key>
                <styleUrl>#568</styleUrl>
            </Pair>
        </StyleMap>
        <StyleMap id="133">
            <Pair>
                <key>normal</key>
                <styleUrl>#icon-1716-0288D1-normal</styleUrl>
            </Pair>
            <Pair>
                <key>highlight</key>
                <styleUrl>#569</styleUrl>
            </Pair>
        </StyleMap>
        <StyleMap id="149">
            <Pair>
                <key>normal</key>
                <styleUrl>#icon-1731-0288D1-normal</styleUrl>
            </Pair>
            <Pair>
                <key>highlight</key>
                <styleUrl>#570</styleUrl>
            </Pair>
        </StyleMap>
        <StyleMap id="153">
            <Pair>
                <key>normal</key>
                <styleUrl>#icon-1511-0288D1-normal</styleUrl>
            </Pair>
            <Pair>
                <key>highlight</key>
                <styleUrl>#571</styleUrl>
            </Pair>
        </StyleMap>
        <StyleMap id="161">
            <Pair>
                <key>normal</key>
                <styleUrl>#icon-1637-0288D1-normal</styleUrl>
            </Pair>
            <Pair>
                <key>highlight</key>
                <styleUrl>#572</styleUrl>
            </Pair>
        </StyleMap>
        <StyleMap id="157">
            <Pair>
                <key>normal</key>
                <styleUrl>#icon-1635-0288D1-normal</styleUrl>
            </Pair>
            <Pair>
                <key>highlight</key>
                <styleUrl>#573</styleUrl>
            </Pair>
        </StyleMap>
        <StyleMap id="165">
            <Pair>
                <key>normal</key>
                <styleUrl>#icon-1685-0288D1-normal</styleUrl>
            </Pair>
            <Pair>
                <key>highlight</key>
                <styleUrl>#574</styleUrl>
            </Pair>
        </StyleMap>
        <StyleMap id="169">
            <Pair>
                <key>normal</key>
                <styleUrl>#icon-1654-0288D1-normal</styleUrl>
            </Pair>
            <Pair>
                <key>highlight</key>
                <styleUrl>#575</styleUrl>
            </Pair>
        </StyleMap>
        <StyleMap id="173">
            <Pair>
                <key>normal</key>
                <styleUrl>#icon-1522-0288D1-normal</styleUrl>
            </Pair>
            <Pair>
                <key>highlight</key>
                <styleUrl>#576</styleUrl>
            </Pair>
        </StyleMap>
        <StyleMap id="177">
            <Pair>
                <key>normal</key>
                <styleUrl>#icon-1726-0288D1-normal</styleUrl>
            </Pair>
            <Pair>
                <key>highlight</key>
                <styleUrl>#577</styleUrl>
            </Pair>
        </StyleMap>
        <StyleMap id="181">
            <Pair>
                <key>normal</key>
                <styleUrl>#icon-1608-0288D1-normal</styleUrl>
            </Pair>
            <Pair>
                <key>highlight</key>
                <styleUrl>#578</styleUrl>
            </Pair>
        </StyleMap>
        <Folder id="11">
            <name>C</name>
            <Placemark id="185">
                <name>Amrapali Museum</name>
                <description>                    category  : museum &lt;br&gt;   
                    sitelinks : 2.0 &lt;br&gt;   
                    articleEN : https://en.wikipedia.org/wiki/Amrapali_Museum &lt;br&gt;             
                    articleDE :  &lt;br&gt;              
                    wikidata_link : http://www.wikidata.org/entity/Q117473179</description>
                <styleUrl>#33</styleUrl>
                <Point id="184">
                    <coordinates>75.801424724315,26.915242605588,0.0</coordinates>
                </Point>
            </Placemark>
            <Placemark id="187">
                <name>Cathedral of Our Lady of the Annunciation in Jaipur</name>
                <description>                    category  : Catholic cathedral &lt;br&gt;   
                    sitelinks : 2.0 &lt;br&gt;   
                    articleEN :  &lt;br&gt;             
                    articleDE :  &lt;br&gt;              
                    wikidata_link : http://www.wikidata.org/entity/Q117428610</description>
                <styleUrl>#33</styleUrl>
                <Point id="186">
                    <coordinates>75.8146,26.8586,0.0</coordinates>
                </Point>
            </Placemark>
            <Placemark id="189">
                <name>Tarkeshwar Nath Temple</name>
                <description>                    category  : Hindu temple &lt;br&gt;   
                    sitelinks : 2.0 &lt;br&gt;   
                    articleEN : https://en.wikipedia.org/wiki/Tarkeshwar_Nath_Temple &lt;br&gt;             
                    articleDE :  &lt;br&gt;              
                    wikidata_link : http://www.wikidata.org/entity/Q65122612</description>
                <styleUrl>#33</styleUrl>
                <Point id="188">
                    <coordinates>75.822593,26.922964,0.0</coordinates>
                </Point>
            </Placemark>
            <Placemark id="191">
                <name>Arya College</name>
                <description>                    category  : private university &lt;br&gt;   
                    sitelinks : 2.0 &lt;br&gt;   
                    articleEN : https://en.wikipedia.org/wiki/Arya_College &lt;br&gt;             
                    articleDE :  &lt;br&gt;              
                    wikidata_link : http://www.wikidata.org/entity/Q48732496</description>
                <styleUrl>#33</styleUrl>
                <Point id="190">
                    <coordinates>75.894,27.031,0.0</coordinates>
                </Point>
            </Placemark>
            <Placemark id="193">
                <name>Rawat PG Girls College</name>
                <description>                    category  : academic institution &lt;br&gt;   
                    sitelinks : 2.0 &lt;br&gt;   
                    articleEN : https://en.wikipedia.org/wiki/Rawat_PG_Girls_College &lt;br&gt;             
                    articleDE :  &lt;br&gt;              
                    wikidata_link : http://www.wikidata.org/entity/Q30625906</description>
                <styleUrl>#33</styleUrl>
                <Point id="192">
                    <coordinates>75.730431,26.889042,0.0</coordinates>
                </Point>
            </Placemark>
            <Placemark id="195">
                <name>Manaksas</name>
                <description>                    category  : human-geographic territorial entity &lt;br&gt;   
                    sitelinks : 2.0 &lt;br&gt;   
                    articleEN : https://en.wikipedia.org/wiki/Manaksas &lt;br&gt;             
                    articleDE :  &lt;br&gt;              
                    wikidata_link : http://www.wikidata.org/entity/Q27964045</description>
                <styleUrl>#33</styleUrl>
                <Point id="194">
                    <coordinates>75.8,26.92,0.0</coordinates>
                </Point>
            </Placemark>
            <Placemark id="197">
                <name>Bit Jaipur</name>
                <description>                    category  : academic institution &lt;br&gt;   
                    sitelinks : 2.0 &lt;br&gt;   
                    articleEN : https://en.wikipedia.org/wiki/Birla_Institute_of_Technology,_Jaipur &lt;br&gt;             
                    articleDE :  &lt;br&gt;              
                    wikidata_link : http://www.wikidata.org/entity/Q24590285</description>
                <styleUrl>#33</styleUrl>
                <Point id="196">
                    <coordinates>75.8261661,26.854536,0.0</coordinates>
                </Point>
            </Placemark>
            <Placemark id="199">
                <name>Sawai Mansingh Indoor Stadium</name>
                <description>                    category  : stadium &lt;br&gt;   
                    sitelinks : 2.0 &lt;br&gt;   
                    articleEN : https://en.wikipedia.org/wiki/Sawai_Mansingh_Indoor_Stadium &lt;br&gt;             
                    articleDE :  &lt;br&gt;              
                    wikidata_link : http://www.wikidata.org/entity/Q21519711</description>
                <styleUrl>#33</styleUrl>
                <Point id="198">
                    <coordinates>75.803222222222,26.894027777778,0.0</coordinates>
                </Point>
            </Placemark>
            <Placemark id="201">
                <name>Indian Institute of Crafts and Design</name>
                <description>                    category  : university &lt;br&gt;   
                    sitelinks : 2.0 &lt;br&gt;   
                    articleEN : https://en.wikipedia.org/wiki/Indian_Institute_of_Crafts_and_Design &lt;br&gt;             
                    articleDE :  &lt;br&gt;              
                    wikidata_link : http://www.wikidata.org/entity/Q19891888</description>
                <styleUrl>#33</styleUrl>
                <Point id="200">
                    <coordinates>75.8144564,26.8731552,0.0</coordinates>
                </Point>
            </Placemark>
            <Placemark id="203">
                <name>Biyani Group of Colleges</name>
                <description>                    category  : university &lt;br&gt;   
                    sitelinks : 2.0 &lt;br&gt;   
                    articleEN : https://en.wikipedia.org/wiki/Biyani_Group_of_Colleges &lt;br&gt;             
                    articleDE :  &lt;br&gt;              
                    wikidata_link : http://www.wikidata.org/entity/Q19882378</description>
                <styleUrl>#33</styleUrl>
                <Point id="202">
                    <coordinates>75.7768861,26.9566266,0.0</coordinates>
                </Point>
            </Placemark>
            <Placemark id="205">
                <name>St Xaviers College, Jaipur</name>
                <description>                    category  : university &lt;br&gt;   
                    sitelinks : 2.0 &lt;br&gt;   
                    articleEN : https://en.wikipedia.org/wiki/St._Xavier%27s_College_Jaipur &lt;br&gt;             
                    articleDE :  &lt;br&gt;              
                    wikidata_link : http://www.wikidata.org/entity/Q14957049</description>
                <styleUrl>#33</styleUrl>
                <Point id="204">
                    <coordinates>75.79804444,26.91738333,0.0</coordinates>
                </Point>
            </Placemark>
            <Placemark id="207">
                <name>Jaipur National University</name>
                <description>                    category  : university &lt;br&gt;   
                    sitelinks : 2.0 &lt;br&gt;   
                    articleEN : https://en.wikipedia.org/wiki/Jaipur_National_University &lt;br&gt;             
                    articleDE :  &lt;br&gt;              
                    wikidata_link : http://www.wikidata.org/entity/Q14957004</description>
                <styleUrl>#33</styleUrl>
                <Point id="206">
                    <coordinates>75.8572343,26.8482911,0.0</coordinates>
                </Point>
            </Placemark>
            <Placemark id="209">
                <name>Maharaja College, Jaipur</name>
                <description>                    category  : academic institution &lt;br&gt;   
                    sitelinks : 2.0 &lt;br&gt;   
                    articleEN : https://en.wikipedia.org/wiki/Maharaja_College,_Jaipur &lt;br&gt;             
                    articleDE :  &lt;br&gt;              
                    wikidata_link : http://www.wikidata.org/entity/Q13645962</description>
                <styleUrl>#33</styleUrl>
                <Point id="208">
                    <coordinates>75.8164,26.9106,0.0</coordinates>
                </Point>
            </Placemark>
            <Placemark id="211">
                <name>Cenotaphs of Gaitore</name>
                <description>                    category  : cenotaph &lt;br&gt;   
                    sitelinks : 2.0 &lt;br&gt;   
                    articleEN :  &lt;br&gt;             
                    articleDE :  &lt;br&gt;              
                    wikidata_link : http://www.wikidata.org/entity/Q12424215</description>
                <styleUrl>#33</styleUrl>
                <Point id="210">
                    <coordinates>75.8246595,26.942922,0.0</coordinates>
                </Point>
            </Placemark>
            <Placemark id="213">
                <name>Sotwara</name>
                <description>                    category  : Village in India &lt;br&gt;   
                    sitelinks : 2.0 &lt;br&gt;   
                    articleEN : https://en.wikipedia.org/wiki/Sotwara &lt;br&gt;             
                    articleDE :  &lt;br&gt;              
                    wikidata_link : http://www.wikidata.org/entity/Q7564039</description>
                <styleUrl>#33</styleUrl>
                <Point id="212">
                    <coordinates>75.8,26.9,0.0</coordinates>
                </Point>
            </Placemark>
            <Placemark id="215">
                <name>Raj Mandir Cinema, Jaipur</name>
                <description>                    category  : movie theater &lt;br&gt;   
                    sitelinks : 2.0 &lt;br&gt;   
                    articleEN : https://en.wikipedia.org/wiki/Raj_Mandir_Cinema &lt;br&gt;             
                    articleDE :  &lt;br&gt;              
                    wikidata_link : http://www.wikidata.org/entity/Q7285323</description>
                <styleUrl>#33</styleUrl>
                <Point id="214">
                    <coordinates>75.8101639,26.9154985,0.0</coordinates>
                </Point>
            </Placemark>
            <Placemark id="217">
                <name>Maharani College</name>
                <description>                    category  : constituent college &lt;br&gt;   
                    sitelinks : 2.0 &lt;br&gt;   
                    articleEN : https://en.wikipedia.org/wiki/Maharani_College &lt;br&gt;             
                    articleDE :  &lt;br&gt;              
                    wikidata_link : http://www.wikidata.org/entity/Q6733298</description>
                <styleUrl>#33</styleUrl>
                <Point id="216">
                    <coordinates>75.815130272243,26.911666022398,0.0</coordinates>
                </Point>
            </Placemark>
            <Placemark id="219">
                <name>LNM Institute of Information Technology</name>
                <description>                    category  : university &lt;br&gt;   
                    sitelinks : 2.0 &lt;br&gt;   
                    articleEN : https://en.wikipedia.org/wiki/LNM_Institute_of_Information_Technology &lt;br&gt;             
                    articleDE :  &lt;br&gt;              
                    wikidata_link : http://www.wikidata.org/entity/Q6459368</description>
                <styleUrl>#33</styleUrl>
                <Point id="218">
                    <coordinates>75.923522222222,26.936347222222,0.0</coordinates>
                </Point>
            </Placemark>
            <Placemark id="221">
                <name>Jaipur Development Authority</name>
                <description>                    category  : organization &lt;br&gt;   
                    sitelinks : 2.0 &lt;br&gt;   
                    articleEN : https://en.wikipedia.org/wiki/Jaipur_Development_Authority &lt;br&gt;             
                    articleDE :  &lt;br&gt;              
                    wikidata_link : http://www.wikidata.org/entity/Q6124124</description>
                <styleUrl>#33</styleUrl>
                <Point id="220">
                    <coordinates>75.8141408,26.8928872,0.0</coordinates>
                </Point>
            </Placemark>
            <Placemark id="223">
                <name>National Institute of Food Technology, Entrepreneurship and Management, Thanjavur</name>
                <description>                    category  : university &lt;br&gt;   
                    sitelinks : 2.0 &lt;br&gt;   
                    articleEN : https://en.wikipedia.org/wiki/National_Institute_of_Food_Technology,_Entrepreneurship_and_Management,_Thanjavur &lt;br&gt;             
                    articleDE :  &lt;br&gt;              
                    wikidata_link : http://www.wikidata.org/entity/Q6020591</description>
                <styleUrl>#33</styleUrl>
                <Point id="222">
                    <coordinates>75.8156,26.8622,0.0</coordinates>
                </Point>
            </Placemark>
            <Placemark id="225">
                <name>City Park, Jaipur</name>
                <description>                    category  : urban park &lt;br&gt;   
                    sitelinks : 3.0 &lt;br&gt;   
                    articleEN : https://en.wikipedia.org/wiki/City_Park,_Jaipur &lt;br&gt;             
                    articleDE :  &lt;br&gt;              
                    wikidata_link : http://www.wikidata.org/entity/Q127787701</description>
                <styleUrl>#33</styleUrl>
                <Point id="224">
                    <coordinates>75.7625,26.8575,0.0</coordinates>
                </Point>
            </Placemark>
            <Placemark id="227">
                <name>Kalki Mandir</name>
                <description>                    category  : Hindu temple &lt;br&gt;   
                    sitelinks : 3.0 &lt;br&gt;   
                    articleEN : https://en.wikipedia.org/wiki/Kalki_Mandir &lt;br&gt;             
                    articleDE :  &lt;br&gt;              
                    wikidata_link : http://www.wikidata.org/entity/Q55615608</description>
                <styleUrl>#33</styleUrl>
                <Point id="226">
                    <coordinates>75.8268671,26.9262837,0.0</coordinates>
                </Point>
            </Placemark>
            <Placemark id="229">
                <name>Moti Dungri</name>
                <description>                    category  : Hindu temple &lt;br&gt;   
                    sitelinks : 3.0 &lt;br&gt;   
                    articleEN : https://en.wikipedia.org/wiki/Moti_Dungri &lt;br&gt;             
                    articleDE :  &lt;br&gt;              
                    wikidata_link : http://www.wikidata.org/entity/Q28154167</description>
                <styleUrl>#33</styleUrl>
                <Point id="228">
                    <coordinates>75.81674,26.894621,0.0</coordinates>
                </Point>
            </Placemark>
            <Placemark id="231">
                <name>Sanghiji</name>
                <description>                    category  : Jain temple &lt;br&gt;   
                    sitelinks : 3.0 &lt;br&gt;   
                    articleEN : https://en.wikipedia.org/wiki/Sanghiji &lt;br&gt;             
                    articleDE :  &lt;br&gt;              
                    wikidata_link : http://www.wikidata.org/entity/Q24931166</description>
                <styleUrl>#33</styleUrl>
                <Point id="230">
                    <coordinates>75.78611111,26.815,0.0</coordinates>
                </Point>
            </Placemark>
            <Placemark id="233">
                <name>Railway Cricket Ground, Jaipur</name>
                <description>                    category  : cricket field &lt;br&gt;   
                    sitelinks : 3.0 &lt;br&gt;   
                    articleEN : https://en.wikipedia.org/wiki/Railway_Cricket_Ground,_Jaipur &lt;br&gt;             
                    articleDE :  &lt;br&gt;              
                    wikidata_link : http://www.wikidata.org/entity/Q24748004</description>
                <styleUrl>#33</styleUrl>
                <Point id="232">
                    <coordinates>75.78694444,26.91527778,0.0</coordinates>
                </Point>
            </Placemark>
            <Placemark id="235">
                <name>Biyani Institute of Science and Management for Girls</name>
                <description>                    category  : university &lt;br&gt;   
                    sitelinks : 3.0 &lt;br&gt;   
                    articleEN : https://en.wikipedia.org/wiki/Biyani_Institute_of_Science_and_Management_for_Girls &lt;br&gt;             
                    articleDE :  &lt;br&gt;              
                    wikidata_link : http://www.wikidata.org/entity/Q19882379</description>
                <styleUrl>#33</styleUrl>
                <Point id="234">
                    <coordinates>75.779,26.9567,0.0</coordinates>
                </Point>
            </Placemark>
            <Placemark id="237">
                <name>Kanak Vrindavan</name>
                <description>                    category  : park &lt;br&gt;   
                    sitelinks : 3.0 &lt;br&gt;   
                    articleEN : https://en.wikipedia.org/wiki/Kanak_Vrindavan &lt;br&gt;             
                    articleDE :  &lt;br&gt;              
                    wikidata_link : http://www.wikidata.org/entity/Q12417933</description>
                <styleUrl>#33</styleUrl>
                <Point id="236">
                    <coordinates>75.84738889,26.96356389,0.0</coordinates>
                </Point>
            </Placemark>
            <Placemark id="239">
                <name>Sawai ManSingh Medical College</name>
                <description>                    category  : medical college in India &lt;br&gt;   
                    sitelinks : 3.0 &lt;br&gt;   
                    articleEN : https://en.wikipedia.org/wiki/Sawai_Man_Singh_Medical_College &lt;br&gt;             
                    articleDE :  &lt;br&gt;              
                    wikidata_link : http://www.wikidata.org/entity/Q7428546</description>
                <styleUrl>#33</styleUrl>
                <Point id="238">
                    <coordinates>75.81914444,26.90578611,0.0</coordinates>
                </Point>
            </Placemark>
            <Placemark id="241">
                <name>Rajasthan University of Health Sciences</name>
                <description>                    category  : university &lt;br&gt;   
                    sitelinks : 3.0 &lt;br&gt;   
                    articleEN : https://en.wikipedia.org/wiki/Rajasthan_University_of_Health_Sciences &lt;br&gt;             
                    articleDE :  &lt;br&gt;              
                    wikidata_link : http://www.wikidata.org/entity/Q7285851</description>
                <styleUrl>#33</styleUrl>
                <Point id="240">
                    <coordinates>75.8266,26.7975,0.0</coordinates>
                </Point>
            </Placemark>
            <Placemark id="243">
                <name>Indian Institute of Health Management Research</name>
                <description>                    category  : institute &lt;br&gt;   
                    sitelinks : 3.0 &lt;br&gt;   
                    articleEN : https://en.wikipedia.org/wiki/Indian_Institute_of_Health_Management_Research &lt;br&gt;             
                    articleDE :  &lt;br&gt;              
                    wikidata_link : http://www.wikidata.org/entity/Q6020608</description>
                <styleUrl>#33</styleUrl>
                <Point id="242">
                    <coordinates>75.816261111111,26.820819444444,0.0</coordinates>
                </Point>
            </Placemark>
            <Placemark id="245">
                <name>Gyanvihar University</name>
                <description>                    category  : deemed university &lt;br&gt;   
                    sitelinks : 3.0 &lt;br&gt;   
                    articleEN : https://en.wikipedia.org/wiki/Suresh_Gyan_Vihar_University &lt;br&gt;             
                    articleDE :  &lt;br&gt;              
                    wikidata_link : http://www.wikidata.org/entity/Q5624011</description>
                <styleUrl>#33</styleUrl>
                <Point id="244">
                    <coordinates>75.8625,26.8099,0.0</coordinates>
                </Point>
            </Placemark>
            <Placemark id="247">
                <name>Garh Ganesh Temple</name>
                <description>                    category  : Hindu temple &lt;br&gt;   
                    sitelinks : 3.0 &lt;br&gt;   
                    articleEN : https://en.wikipedia.org/wiki/Garh_Ganesh_Temple &lt;br&gt;             
                    articleDE :  &lt;br&gt;              
                    wikidata_link : http://www.wikidata.org/entity/Q5523215</description>
                <styleUrl>#33</styleUrl>
                <Point id="246">
                    <coordinates>75.8269604,26.9453466,0.0</coordinates>
                </Point>
            </Placemark>
            <Placemark id="249">
                <name>Chitrakoot Colony</name>
                <description>                    category  : Village in India &lt;br&gt;   
                    sitelinks : 3.0 &lt;br&gt;   
                    articleEN : https://en.wikipedia.org/wiki/Chitrakoot_Colony &lt;br&gt;             
                    articleDE :  &lt;br&gt;              
                    wikidata_link : http://www.wikidata.org/entity/Q5102315</description>
                <styleUrl>#33</styleUrl>
                <Point id="248">
                    <coordinates>75.73,26.9,0.0</coordinates>
                </Point>
            </Placemark>
            <Placemark id="251">
                <name>Ram Niwas Garden</name>
                <description>                    category  : garden &lt;br&gt;   
                    sitelinks : 3.0 &lt;br&gt;   
                    articleEN : https://en.wikipedia.org/wiki/Ram_Niwas_Garden &lt;br&gt;             
                    articleDE :  &lt;br&gt;              
                    wikidata_link : http://www.wikidata.org/entity/Q2770471</description>
                <styleUrl>#33</styleUrl>
                <Point id="250">
                    <coordinates>75.8187,26.9153,0.0</coordinates>
                </Point>
            </Placemark>
            <Placemark id="253">
                <name>Hirnoda</name>
                <description>                    category  : Village in India &lt;br&gt;   
                    sitelinks : 4.0 &lt;br&gt;   
                    articleEN : https://en.wikipedia.org/wiki/Hirnoda &lt;br&gt;             
                    articleDE :  &lt;br&gt;              
                    wikidata_link : http://www.wikidata.org/entity/Q24907568</description>
                <styleUrl>#33</styleUrl>
                <Point id="252">
                    <coordinates>75.7872809,26.9124235,0.0</coordinates>
                </Point>
            </Placemark>
            <Placemark id="255">
                <name>National Institute of Agricultural Marketing</name>
                <description>                    category  : academic institution &lt;br&gt;   
                    sitelinks : 4.0 &lt;br&gt;   
                    articleEN : https://en.wikipedia.org/wiki/National_Institute_of_Agricultural_Marketing &lt;br&gt;             
                    articleDE :  &lt;br&gt;              
                    wikidata_link : http://www.wikidata.org/entity/Q16895680</description>
                <styleUrl>#33</styleUrl>
                <Point id="254">
                    <coordinates>75.82,26.92,0.0</coordinates>
                </Point>
            </Placemark>
            <Placemark id="257">
                <name>Jaipur Zoo</name>
                <description>                    category  : zoo &lt;br&gt;   
                    sitelinks : 4.0 &lt;br&gt;   
                    articleEN : https://en.wikipedia.org/wiki/Jaipur_Zoo &lt;br&gt;             
                    articleDE :  &lt;br&gt;              
                    wikidata_link : http://www.wikidata.org/entity/Q15229182</description>
                <styleUrl>#33</styleUrl>
                <Point id="256">
                    <coordinates>75.8214355,26.9122356,0.0</coordinates>
                </Point>
            </Placemark>
            <Placemark id="259">
                <name>Sisodiya Rani Bagh</name>
                <description>                    category  : garden &lt;br&gt;   
                    sitelinks : 4.0 &lt;br&gt;   
                    articleEN : https://en.wikipedia.org/wiki/Sisodiya_Rani_Bagh &lt;br&gt;             
                    articleDE :  &lt;br&gt;              
                    wikidata_link : http://www.wikidata.org/entity/Q7530898</description>
                <styleUrl>#33</styleUrl>
                <Point id="258">
                    <coordinates>75.858629,26.8992687,0.0</coordinates>
                </Point>
            </Placemark>
            <Placemark id="261">
                <name>Jawahar Circle</name>
                <description>                    category  : park &lt;br&gt;   
                    sitelinks : 4.0 &lt;br&gt;   
                    articleEN : https://en.wikipedia.org/wiki/Jawahar_Circle &lt;br&gt;             
                    articleDE :  &lt;br&gt;              
                    wikidata_link : http://www.wikidata.org/entity/Q6165899</description>
                <styleUrl>#33</styleUrl>
                <Point id="260">
                    <coordinates>75.8003,26.8404,0.0</coordinates>
                </Point>
            </Placemark>
        </Folder>
        <Folder id="12">
            <name>atlas_obscura</name>
            <Placemark id="523">
                <name>
The Wall of Amer
</name>
                <description>nan &lt;br&gt; &lt;br&gt; https://www.atlasobscura.com/places/the-wall-of-amer</description>
                <styleUrl>#41</styleUrl>
                <Point id="522">
                    <coordinates>75.854547,26.985026,0.0</coordinates>
                </Point>
            </Placemark>
            <Placemark id="525">
                <name>
Gaitore Ki Chhatriyan
</name>
                <description>nan &lt;br&gt; &lt;br&gt; https://www.atlasobscura.com/places/gaitore-ki-chhatriyan</description>
                <styleUrl>#41</styleUrl>
                <Point id="524">
                    <coordinates>75.824623,26.942997,0.0</coordinates>
                </Point>
            </Placemark>
            <Placemark id="527">
                <name>
Amber Fort
</name>
                <description>nan &lt;br&gt; &lt;br&gt; https://www.atlasobscura.com/places/amber-fort</description>
                <styleUrl>#41</styleUrl>
                <Point id="526">
                    <coordinates>75.851345,26.985487,0.0</coordinates>
                </Point>
            </Placemark>
            <Placemark id="529">
                <name>
Panna Meena ka Kund
</name>
                <description>nan &lt;br&gt; &lt;br&gt; https://www.atlasobscura.com/places/panna-meena-kund</description>
                <styleUrl>#41</styleUrl>
                <Point id="528">
                    <coordinates>75.851229,26.991105,0.0</coordinates>
                </Point>
            </Placemark>
            <Placemark id="531">
                <name>
Jantar Mantar
</name>
                <description>nan &lt;br&gt; &lt;br&gt; https://www.atlasobscura.com/places/jantar-mantar</description>
                <styleUrl>#41</styleUrl>
                <Point id="530">
                    <coordinates>75.824203,26.924567,0.0</coordinates>
                </Point>
            </Placemark>
            <Placemark id="533">
                <name>
Hanuman’s Temple
</name>
                <description>nan &lt;br&gt; &lt;br&gt; https://www.atlasobscura.com/places/temple-of-galtaji-at-galwar-bagh-hanuman-s-temple</description>
                <styleUrl>#41</styleUrl>
                <Point id="532">
                    <coordinates>75.858944,26.916805,0.0</coordinates>
                </Point>
            </Placemark>
            <Placemark id="535">
                <name>
Jal Mahal
</name>
                <description>nan &lt;br&gt; &lt;br&gt; https://www.atlasobscura.com/places/jal-mahal</description>
                <styleUrl>#41</styleUrl>
                <Point id="534">
                    <coordinates>75.8463,26.9537,0.0</coordinates>
                </Point>
            </Placemark>
            <Placemark id="537">
                <name>
Hawa Mahal (Palace of Winds)
</name>
                <description>nan &lt;br&gt; &lt;br&gt; https://www.atlasobscura.com/places/hawa-mahal-palace-of-winds</description>
                <styleUrl>#41</styleUrl>
                <Point id="536">
                    <coordinates>75.787288,26.912417,0.0</coordinates>
                </Point>
            </Placemark>
        </Folder>
        <Folder id="13">
            <name>wikivoyage</name>
            <Placemark id="319">
                <name>Nagaur</name>
                <description>
                category  : Understand_Read &lt;br&gt;
                address  :  &lt;br&gt;
                url  :  &lt;br&gt;
                description  : ''Jaipur – Nagaur - Deshnoke (India Charming Chaos)'' by Johnny Fincioen. This book concentrates on Jaipur and two small villages and puts them in historic context. The text and the 190 original pictures offer the reader a holistic view of the particular way of life in Rajasthan. &lt;br&gt;
                </description>
                <styleUrl>#37</styleUrl>
                <Point id="318">
                    <coordinates>73.73890107316704,26.9873443,0.0</coordinates>
                </Point>
            </Placemark>
            <Placemark id="321">
                <name>Jaipur International Airport </name>
                <description>
                category  : Get in_By plane &lt;br&gt;
                address  :   &lt;br&gt;
                url  :   &lt;br&gt;
                description  : Offers sporadic (chartered) service from [[London]] and [[Dublin]]. Direct flights from Singapore, Bangkok, Sharjah, Muscat and [[Dubai]] are also available. Jaipur also has daily domestic air links with many Indian cities such as [[Jodhpur]], [[Udaipur]], [[Aurangabad]], [[Delhi]], [[Hyderabad]], [[Kolkata]], [[Goa]], [[Chennai]], [[Ahmedabad]], [[Bangalore]], [[Mumbai]], [[Pune]] and [[Indore]]. &lt;br&gt;
                </description>
                <styleUrl>#137</styleUrl>
                <Point id="320">
                    <coordinates>75.812222,26.824167,0.0</coordinates>
                </Point>
            </Placemark>
            <Placemark id="323">
                <name>Amber Fort </name>
                <description>
                category  : See_Forts &lt;br&gt;
                address  :   &lt;br&gt;
                url  : http://www.tourism.rajasthan.gov.in/amber-palace.html  &lt;br&gt;
                description  : This massive fort-palace complex built in hybrid Hindu-Muslim style dates back to Raja Man Singh and was the royal palace of the Kachwahas from c. 1600-1727. It's one of six [[world heritage]] forts in Rajasthan. The name has nothing to do with the rather pretty pastel yellow colour; instead, the fort is named after the town of Amber, in turn named after the goddess Amba. The main sights within the fort include the ''Sheesh Mahal'', adorned with thousands on thousands of mirror tiles on the walls and ceiling. The fort/palace grounds are sprawling and the information panels (Hindi/English) are somewhat limited, so it might be worth getting an audio guide or a real guide. It's a bit of a hike up from the town, and the touristy thing to do is to ride on an elephant to the top (in order to get an elephant it is better to arrive there in the morning, otherwise at midday the elephants are done working; however, the road that the elephants walk on is not so long). If you hire a genuine guide, you will be taken not only to the Amber Fort but also to the Rajasthan Kala Mandir (a government operated shop) to buy souvenirs. Guides get a 2% commission on the items you buy there. Also see the ''Amber Light Show'' below. The site has come under scrutiny as tourists claim to have witnessed the elephants being beaten by handlers. If you walk up the hill to the Jaigarh Fort be prepared to pay the entry fee as the path terminates at a ticket window and there is no way around to the road. &lt;br&gt;
                </description>
                <styleUrl>#109</styleUrl>
                <Point id="322">
                    <coordinates>75.851345,26.985486,0.0</coordinates>
                </Point>
            </Placemark>
            <Placemark id="325">
                <name>Jaigarh Fort </name>
                <description>
                category  : See_Forts &lt;br&gt;
                address  :   &lt;br&gt;
                url  : http://tourism.rajasthan.gov.in/jaipur#jaigarh-fort  &lt;br&gt;
                description  : Never conquered in battle, this was considered the strongest of the three forts in the area. It is best known as the site of the world's largest cannon, the ''Jaivana'', which was test-fired only once &amp;mdash; according to legend, despite using only the half the design amount of gunpowder, the cannonball flew 35 km! A better reason to visit the fort, though, are the scenic gardens at the other end and the spectacular views over the Amber Fort and the hills around. The remains of the foundry where the Jaivana (and many more) were cast are also in the fort grounds. There are multiple boards with &quot;no tips allowed,&quot; in case someone is bothering you. &lt;br&gt;
                </description>
                <styleUrl>#109</styleUrl>
                <Point id="324">
                    <coordinates>75.845654,26.986654,0.0</coordinates>
                </Point>
            </Placemark>
            <Placemark id="327">
                <name>Nahargarh Fort </name>
                <description>
                category  : See_Forts &lt;br&gt;
                address  : Krishna Nagar, Brahampuri  &lt;br&gt;
                url  : http://tourismtravelindia.com/rajasthanportal/touristattractions/NAHARGARH.html  &lt;br&gt;
                description  : The smallest of the three forts, notable primarily for excellent views over Man Sagar lake and the vast sprawl of Jaipur. Built in 1734 by the Maharaja Sawai Jai Singh II in a mix of Indian and European styles, the fort also houses the (relatively) compact Madhavendra Bhawan palace, although its former splendour is fading under layers of graffiti and pigeon droppings. Some of the film ''Rang De Basanti'' were shot at this fort. To get to the area where the &quot;Pathshala&quot; song was shot, take a left turn as soon as you enter the fort. An autorickshaw can be taken from the stand in front of the Amber fort. The fort also houses the Jaipur's Wax Museum and Sheesh Mahal, although tickets for these have to be bought separately and are ridiculously expensive. Beware if buying the Wax Museum and Sheesh Mahal combo ticket, you'll be paraded through the largely unimpressive museum and then be told to queue for the Sheesh Mahal which can last from 30 minutes to 2 hours. &lt;br&gt;
                </description>
                <styleUrl>#109</styleUrl>
                <Point id="326">
                    <coordinates>75.816768,26.939946,0.0</coordinates>
                </Point>
            </Placemark>
            <Placemark id="329">
                <name>City Palace </name>
                <description>
                category  : See_Palaces &lt;br&gt;
                address  : Jaleb Chowk  &lt;br&gt;
                url  : https://royaljaipur.in/  &lt;br&gt;
                description  : An imposing blend of traditional Rajput and Mughal architecture. It is a vast palace complex occupying nearly one-seventh of the Pink City. It was built by Maharaja Jai Singh II. The complex is divided into a series of courtyards, sprawling gardens and buildings. It is home to several palatial structures like the '''Chandra Mahal''', (home to present Maharajah of Jaipur), '''Mubarak Mahal''' (housing a textile museum), '''Diwan-e-Khas''' (or Hall of Private audience housing the two largest silver vessels in the world, which are duly mentioned in the Guinness book), the '''Diwan-e-Aam''' ( or Hall of Public Audience) and the gateway '''Ridhi Sidhi Pol''' (with four small doorways decorated with motifs depicting the four seasons). Be warned that although they sell tickets for taking photos with a camera inside, most exhibits inside have a &quot;no photography&quot; sign. &lt;br&gt;
                </description>
                <styleUrl>#109</styleUrl>
                <Point id="328">
                    <coordinates>75.823,26.925,0.0</coordinates>
                </Point>
            </Placemark>
            <Placemark id="331">
                <name>Jal Mahal </name>
                <description>
                category  : See_Palaces &lt;br&gt;
                address  : Jal Mahal Amer Road  &lt;br&gt;
                url  :   &lt;br&gt;
                description  : This beautiful Jal Mahal or water palace was made by the King of Amber in the middle of the Man Sagar Lake. The Jal Mahal represents the use of Mughal and Rajput architecture style. &lt;br&gt;
                </description>
                <styleUrl>#109</styleUrl>
                <Point id="330">
                    <coordinates>75.846,26.953,0.0</coordinates>
                </Point>
            </Placemark>
            <Placemark id="333">
                <name>Akshardham Temple </name>
                <description>
                category  : See_Temples &lt;br&gt;
                address  : Vaishali Nagar  &lt;br&gt;
                url  :   &lt;br&gt;
                description  :  &lt;br&gt;
                </description>
                <styleUrl>#125</styleUrl>
                <Point id="332">
                    <coordinates>75.74062,26.90222,0.0</coordinates>
                </Point>
            </Placemark>
            <Placemark id="335">
                <name>Birla Mandir (aka The Marble Temple) </name>
                <description>
                category  : See_Temples &lt;br&gt;
                address  :   &lt;br&gt;
                url  : http://www.jaipur.org.uk/temples/birla-temple.html  &lt;br&gt;
                description  : This is a relatively new temple made of white marble with beautiful carvings. It covers a vast area in Jaipur city and is built in a contemporary manner. Birla Temple is completely constructed with the finest high-quality white marbles. In addition to having statues and paintings of Hindu deities, the temple has pictures of famous philosophers from around the world including Socrates, Confucius and Zoroaster. No bags (besides purses), food, cameras. No photos allowed in the temple, but rules are not enforced outside. &lt;br&gt;
                </description>
                <styleUrl>#125</styleUrl>
                <Point id="334">
                    <coordinates>75.817689,26.8907,0.0</coordinates>
                </Point>
            </Placemark>
            <Placemark id="337">
                <name>Galtaji </name>
                <description>
                category  : See_Temples &lt;br&gt;
                address  : 10 km from Jaipur on Jaipur-Agra highway near Sisodia Rani Garden  &lt;br&gt;
                url  : http://galtaji.org/  &lt;br&gt;
                description  : This temple is an ancient Hindu pilgrimage site. The main temple, Galtaji, is constructed in pink stone. The temple has a number of pavilions with rounded roofs, exquisitely carved pillars and painted walls. The temple is surrounded by natural springs and reservoirs that are considered holy. There are also seven tanks or ''kunds'' here. There are two routes to reach the temple: if you arrive from west you will have to hike uphill and downhill for about 20 minutes; the eastern gate is easily accessible by car, though it is a longer journey to get there. &lt;br&gt;
                </description>
                <styleUrl>#125</styleUrl>
                <Point id="336">
                    <coordinates>75.863171,26.915718,0.0</coordinates>
                </Point>
            </Placemark>
            <Placemark id="339">
                <name>Galwar Bagh </name>
                <description>
                category  : See_Temples &lt;br&gt;
                address  : Eastern edge of the city  &lt;br&gt;
                url  :   &lt;br&gt;
                description  :  Locals and tourists come here to feed the surprisingly tame monkeys, use the temples, and enjoy the views. You can climb to the top of the hill and then down into the valley to see the Monkey Temple, while enjoying the company of countless monkeys, goats and other animals. At the top of the hill, you turn right to reach the Sun Temple for one of the best views of the city, especially at sunset. Monkey food is available for purchase at the bottom of the hill. Entrance to the temples are free, but local religious people may ask for donations and there is a ₹50 charge for using a camera. &lt;br&gt;
                </description>
                <styleUrl>#125</styleUrl>
                <Point id="338">
                    <coordinates>75.858903,26.91679,0.0</coordinates>
                </Point>
            </Placemark>
            <Placemark id="341">
                <name>Govind Devji Temple </name>
                <description>
                category  : See_Temples &lt;br&gt;
                address  :   &lt;br&gt;
                url  : http://www.govinddevji.net/  &lt;br&gt;
                description  : For Vaishnavites, particularly followers of Lord Krishna, this is the most important temple in the world after Vrindavan. Lord Krishna presiding in the temple were brought to Jaipur from Vrindavan during Mughal rein. According to popular legend, Lord Krishna's idol in the temple looks exactly like Krishna's form while his incarnation of Earth. It is at Jainiwas Gardens, Jalebi Chowk, in the same campus as City Palace. The temple was constructed in 1590. &lt;br&gt;
                </description>
                <styleUrl>#125</styleUrl>
                <Point id="340">
                    <coordinates>75.824086,26.928855,0.0</coordinates>
                </Point>
            </Placemark>
            <Placemark id="343">
                <name>Jain Mandir </name>
                <description>
                category  : See_Temples &lt;br&gt;
                address  :   &lt;br&gt;
                url  :   &lt;br&gt;
                description  :  Jain temple in Shivdaspura, well known as “Bara Padampura”, famous in north India for its very beautiful statue of God Padamprabhu (The 6th Teerthankar for Jains). God is sitting in a crossed leg seating posture. The statue is 0.7 m high and made of pure white stone. It was found while digging for foundation of a house. &lt;br&gt;
                </description>
                <styleUrl>#125</styleUrl>
                <Point id="342">
                    <coordinates>75.819993,26.923767,0.0</coordinates>
                </Point>
            </Placemark>
            <Placemark id="345">
                <name>Moti Dungri Mandir </name>
                <description>
                category  : See_Temples &lt;br&gt;
                address  : JLN Road  &lt;br&gt;
                url  : https://www.facebook.com/pages/Motie-Dungri-Ganesh-Temple-Jaipur/377718742253504?rf &lt;br&gt;
                description  :  This temple, dedicated to Lord Ganesha, is the main centre of religion for Jaipur people. Moti Dungri, meaning Pearl Hill, is a small hill that hosts a temple and a palace. It is said that this temple was built before construction of the rest of the city was begun, so as to protect the city. &lt;br&gt;
                </description>
                <styleUrl>#125</styleUrl>
                <Point id="344">
                    <coordinates>75.815182,26.894818,0.0</coordinates>
                </Point>
            </Placemark>
            <Placemark id="347">
                <name>Gaitore </name>
                <description>
                category  : See_Monuments &lt;br&gt;
                address  :   &lt;br&gt;
                url  :   &lt;br&gt;
                description  : A royal cremation site of the rulers of Jaipur. &lt;br&gt;
                </description>
                <styleUrl>#109</styleUrl>
                <Point id="346">
                    <coordinates>75.824643,26.942865,0.0</coordinates>
                </Point>
            </Placemark>
            <Placemark id="349">
                <name>Iswari Minar Swarga Sal </name>
                <description>
                category  : See_Monuments &lt;br&gt;
                address  : Chandpol Bazaar near City Palace  &lt;br&gt;
                url  :   &lt;br&gt;
                description  : A minar (minaret) with great views of Jaipur. There is an alternative to the minar that's open 24/7. Just across the other side of the road (Chandpol Bazaar) from the minaret is a shopping complex with stairs up to a rooftop area where you can get basically the same view as from the minar. To get there, go through the arched gateway almost opposite the minar, then as soon as you get to the courtyard, look to the left for a metal spiral staircase and keep climbing until you reach the roof, walk around the corridor to the next set of stair and go up another floor until you know you can't go any higher. &lt;br&gt;
                </description>
                <styleUrl>#109</styleUrl>
                <Point id="348">
                    <coordinates>75.822642,26.923983,0.0</coordinates>
                </Point>
            </Placemark>
            <Placemark id="351">
                <name>Jantar Mantar </name>
                <description>
                category  : See_Monuments &lt;br&gt;
                address  :   &lt;br&gt;
                url  : http://museumsrajasthan.gov.in/mounment_Jantar-Mantar.htm  &lt;br&gt;
                description  : This [[UNESCO World Heritage site &lt;br&gt;
                </description>
                <styleUrl>#109</styleUrl>
                <Point id="350">
                    <coordinates>75.82456,26.924762,0.0</coordinates>
                </Point>
            </Placemark>
            <Placemark id="353">
                <name>Ram Niwas Garden </name>
                <description>
                category  : See_Gardens &lt;br&gt;
                address  : exact city centre  &lt;br&gt;
                url  :   &lt;br&gt;
                description  : Built in 1868 by Maharaja Sawai Ram Singh of Jaipur, this garden contains a bird park, zoo, Ravindra Rang Manch Theatre, art gallery, exhibition ground, gymnasium and several cafes and picnic spots. &lt;br&gt;
                </description>
                <styleUrl>#109</styleUrl>
                <Point id="352">
                    <coordinates>75.8201801,26.9127378,0.0</coordinates>
                </Point>
            </Placemark>
            <Placemark id="355">
                <name>Sisodia Rani Palace and Garden</name>
                <description>
                category  : See_Gardens &lt;br&gt;
                address  :   &lt;br&gt;
                url  :   &lt;br&gt;
                description  : This palace was established by Sawai Jai Singh for his queen Sisodia, rulers of one of the oldest kingdoms of India. There are tiered multi-level gardens with fountains, watercourses and painted pavilions. A double-storeyed palace occupies the top terrace of the garden. The palace has many galleries, pavilions and beautiful murals depicting scenes from the life of lord Krishna. &lt;br&gt;
                </description>
                <styleUrl>#109</styleUrl>
                <Point id="354">
                    <coordinates>75.859387,26.899164,0.0</coordinates>
                </Point>
            </Placemark>
            <Placemark id="357">
                <name>Vidyadhar Garden</name>
                <description>
                category  : See_Gardens &lt;br&gt;
                address  :   &lt;br&gt;
                url  :   &lt;br&gt;
                description  : The garden is a real treat for those who want to see a fusion of Mughal and Hindu culture. &lt;br&gt;
                </description>
                <styleUrl>#109</styleUrl>
                <Point id="356">
                    <coordinates>75.853619,26.899791,0.0</coordinates>
                </Point>
            </Placemark>
            <Placemark id="359">
                <name>Zoological Garden</name>
                <description>
                category  : See_Gardens &lt;br&gt;
                address  :   &lt;br&gt;
                url  :   &lt;br&gt;
                description  : In the serene environment of Ram Niwas Bagh, this garden is prized for its rich flora and fauna. &lt;br&gt;
                </description>
                <styleUrl>#109</styleUrl>
                <Point id="358">
                    <coordinates>75.8223,26.915,0.0</coordinates>
                </Point>
            </Placemark>
            <Placemark id="361">
                <name>Anokhi Museum of Hand Printing </name>
                <description>
                category  : See_Museums &lt;br&gt;
                address  :   &lt;br&gt;
                url  : http://www.anokhi.com/museum/home.html  &lt;br&gt;
                description  : A beautiful clean museum dedicated to the traditional art of hand block printing textiles, this museum is housed in a restored heritage haveli tucked into the back streets of old Amber. Small cafe (see &quot;Eat&quot;), clean toilets, small shop selling hand printed contemporary wearable clothes and textiles, friendly staff and a printer and block carver demonstrating their crafts every day. &lt;br&gt;
                </description>
                <styleUrl>#121</styleUrl>
                <Point id="360">
                    <coordinates>75.850814,26.992622,0.0</coordinates>
                </Point>
            </Placemark>
            <Placemark id="363">
                <name>Central Museum </name>
                <description>
                category  : See_Museums &lt;br&gt;
                address  : Ramniwas Bag, Adarsh Nagar  &lt;br&gt;
                url  : http://alberthalljaipur.gov.in  &lt;br&gt;
                description  : A fine example of Indo-Saracenic architecture, this building was designed by Sir Samuel Swinton Jacob and was opened as public museum in 1887. Maharaja Ram Singh wanted this building to be a town hall, but his successor, Madho Singh II, decided it should be a museum for the art of Jaipur and included as part of the new Ram Nivas Garden. The museum has a rich collection of artefacts like paintings, carpets, ivory, stone, metal sculptures and colourful crystal works. It is named after King Edward VII (Albert Edward), during whose visit to the city as the Prince of Wales, its foundation stone was laid on 6 February 1876. &lt;br&gt;
                </description>
                <styleUrl>#121</styleUrl>
                <Point id="362">
                    <coordinates>75.8195,26.9117,0.0</coordinates>
                </Point>
            </Placemark>
            <Placemark id="365">
                <name>Statue Circle </name>
                <description>
                category  : See_Other &lt;br&gt;
                address  : C-Scheme, Ashok Nagar  &lt;br&gt;
                url  :   &lt;br&gt;
                description  : Statue Circle is exactly what it sounds like: a roundabout that contains a statue that is beautifully lit up at night. &lt;br&gt;
                </description>
                <styleUrl>#109</styleUrl>
                <Point id="364">
                    <coordinates>75.8056,26.9075,0.0</coordinates>
                </Point>
            </Placemark>
            <Placemark id="367">
                <name>Amber Fort Sound and Light Show </name>
                <description>
                category  : Do &lt;br&gt;
                address  : Lower Amber Fort  &lt;br&gt;
                url  :   &lt;br&gt;
                description  : Experience the history, culture and life of Amber through this spectacular show. Amitabh Bachhan narrates the story of Rajasthani kings with a script written by Gulzar. Don't forget the mosquito repellent. The light show can be watched from outside the fort, but the sound won't be audible from there. There is also a sound and light show at Jantar Mantar for ₹100. &lt;br&gt;
                </description>
                <styleUrl>#149</styleUrl>
                <Point id="366">
                    <coordinates>75.8512,26.987,0.0</coordinates>
                </Point>
            </Placemark>
            <Placemark id="369">
                <name>B.M. Birla Auditorium and Conference Hall </name>
                <description>
                category  : Do &lt;br&gt;
                address  : Birla Institute of Scientific Research, Statue Circle  &lt;br&gt;
                url  : http://www.bisr.res.in/audi/auditorium.php  &lt;br&gt;
                description  : These are at the heart of Jaipur. This auditorium is spread over 9.8 acres and includes a computer centre, interactive science museum, an information processing centre, library, a processing planetarium, eight research divisions, a dissemination cell and an auditorium. The auditorium has a seating capacity of 1,350 and is among the largest in India. This auditorium is built up to international conference standards. However, people visiting Jaipur for leisure are likely to be most interested in the [http://www.bisr.res.in/planetarium.php Planetarium] (all shows in Hindi) or [http://www.bisr.res.in/museum.php Science Museum] (under renovation as of November 2015) that are part of the complex. &lt;br&gt;
                </description>
                <styleUrl>#149</styleUrl>
                <Point id="368">
                    <coordinates>75.8061,26.906,0.0</coordinates>
                </Point>
            </Placemark>
            <Placemark id="371">
                <name>Rajmandir Cinema </name>
                <description>
                category  : Do &lt;br&gt;
                address  :  C-16, Panch Batti, Bhagwan Das Rd, C-Scheme  &lt;br&gt;
                url  : http://therajmandir.com/  &lt;br&gt;
                description  : An experience in itself, and another &quot;don't miss&quot;. Once known as the best cinema India, and still the best in Rajasthan, it offers an overwhelming experience. From the pushing, shoving, and general chaos in the ticket queue, to an audience that laughs, cries, cheers, claps, and consistently talks through the entire film, the Rajmandir provides an insight into Rajasthani culture. The films can be interesting; ''Masala'' movies are action, drama, mystery, suspense, and epics all wrapped into one single film, teeming with dances and obligatory wet sari scenes, and unabashedly lifting generous amounts of plot devices from Western films. The theatre-goers are very friendly and genuinely curious about overseas visitors who come to the Raj. Don't be put off by &quot;House Full&quot; notices at the entrance. The box office opens again a nominal 45 minutes before the next performance, and there are usually tickets available. Box seats at ₹120 go first, so its worth going early to avoid disappointment. Shows at 12:30PM, 3:30PM, 6:30PM and 9:30PM. A great place to meet locals, with the nearby McDonald's as a central congregation spot. &lt;br&gt;
                </description>
                <styleUrl>#149</styleUrl>
                <Point id="370">
                    <coordinates>75.8098,26.9146,0.0</coordinates>
                </Point>
            </Placemark>
            <Placemark id="373">
                <name>Chokhi Dhani </name>
                <description>
                category  : Do_Nearby &lt;br&gt;
                address  : 12 Miles Tonk Road, Via Vatika  &lt;br&gt;
                url  : https://chokhidhaniethnicvillage.hotvel.com  &lt;br&gt;
                description  : Around 18 km from Central Jaipur on the Jaipur-[[Tonk]] highway, Chokhi Dhani (''Fine Hamlet'' in Rajasthani dialect) is a kind of virtual village and also a 5-star resort. There are lodging facilities available, but the real attraction is the evening fun-fairs. There are two excellent places to enjoy Rajasthani food served in the traditional mode at their resort. Chokhi Dhani a.k.a. Lalten Restaurant is a more popular place because it is on the main road near the airport and also has other attractions, such as horseback riding, camel riding, bullock cart rides, a maze, boating and kathputli (puppet) shows. You can also watch live folk dances and listen to live folk music for free. It gives the visitor a glimpse of culture from different parts of Rajasthan, and could be nice if you will not have time to see much of Rajasthan yourself. It opens at 5PM, and be sure to get there early as many of the sites are difficult to see when it gets dark. It's a 30-min rickshaw ride from Central Jaipur, or you can go there by bus or taxi, but you are best off making sure you have a ride back.&lt;br /&gt;Consider buying the pass for AC hall, because the outdoor seating is a self-served buffet, while in the AC Dining you'll be served food. This makes a massive difference when there are too many people at the restaurant, as the restaurant is unable to keep up with the demand for buffet food.&lt;br /&gt;If you would prefer to sleep at the resort, [https://chokhidhani.com/ethnic-resort-jaipur/ have a look at their accommodation]. Avoid going there during the rainy season. &lt;br&gt;
                </description>
                <styleUrl>#149</styleUrl>
                <Point id="372">
                    <coordinates>75.839,26.758,0.0</coordinates>
                </Point>
            </Placemark>
            <Placemark id="375">
                <name>Maharaja Sawai Mansingh Sangeet Mahavidyalaya </name>
                <description>
                category  : Learn &lt;br&gt;
                address  : Sawai Ram Singh Road  &lt;br&gt;
                url  : http://www.msmsvidyalaya.in/  &lt;br&gt;
                description  :  &lt;br&gt;
                </description>
                <styleUrl>#177</styleUrl>
                <Point id="374">
                    <coordinates>75.812,26.8976,0.0</coordinates>
                </Point>
            </Placemark>
            <Placemark id="377">
                <name>Nad Sadhna </name>
                <description>
                category  : Learn &lt;br&gt;
                address  : E-122(A) Kataria Colony, Ram Nagar Extension  &lt;br&gt;
                url  : http://nadsadhna.com  &lt;br&gt;
                description  : An institute of Rajasthani music that holds group classes for vocals, guitars, synthesizer, tabla, sitar, flute, mouthorgan, dholak and dance. Tablas and sitars can be provided to students; other instruments must be brought by students to the class. &lt;br&gt;
                </description>
                <styleUrl>#177</styleUrl>
                <Point id="376">
                    <coordinates>75.7712,26.9053,0.0</coordinates>
                </Point>
            </Placemark>
            <Placemark id="379">
                <name>--</name>
                <description>
                category  : Buy &lt;br&gt;
                address  :  &lt;br&gt;
                url  :  &lt;br&gt;
                description  :  &lt;br&gt;
                </description>
                <styleUrl>#165</styleUrl>
                <Point id="378">
                    <coordinates>75.8189817,26.9154576,0.0</coordinates>
                </Point>
            </Placemark>
            <Placemark id="381">
                <name>Gangaur Sweets </name>
                <description>
                category  : Eat_Budget_Sweet &lt;br&gt;
                address  : J-32, Subash Marg, C-Scheme  &lt;br&gt;
                url  :   &lt;br&gt;
                description  :  Sweets for chamcham, also baked sweets and crispy samosas. &lt;br&gt;
                </description>
                <styleUrl>#81</styleUrl>
                <Point id="380">
                    <coordinates>75.799,26.9077,0.0</coordinates>
                </Point>
            </Placemark>
            <Placemark id="383">
                <name>Jal Mahal </name>
                <description>
                category  : Eat_Budget_Sweet &lt;br&gt;
                address  : 85, MI Road  &lt;br&gt;
                url  : https://www.facebook.com/jalmahal.icecreamcreations/  &lt;br&gt;
                description  : A popular ice-cream parlor on MI Rd. An assortment of ice cream shakes, and some indigenous ice cream flavours. Excellent after a hearty meal at one of the MI Rd restaurants. &lt;br&gt;
                </description>
                <styleUrl>#81</styleUrl>
                <Point id="382">
                    <coordinates>75.8102,26.916,0.0</coordinates>
                </Point>
            </Placemark>
            <Placemark id="385">
                <name>Anokhi Cafe </name>
                <description>
                category  : Eat_Budget_Savoury &lt;br&gt;
                address  :  2nd Floor, KK Square, C-11 Prithviraj Road  &lt;br&gt;
                url  : https://www.facebook.com/AnokhiCafe  &lt;br&gt;
                description  : Mostly organic non-Indian-style (&quot;international flavour&quot;) home-style cakes, freshly prepared sandwiches, pastries, savoury snacks plus organic coffee and a selection of good teas. Quiet, relaxing, good value for money, situated outside the Anokhi shop (see Anokhi Museum of Hand Printing listing in &quot;See&quot;). &lt;br&gt;
                </description>
                <styleUrl>#81</styleUrl>
                <Point id="384">
                    <coordinates>75.798,26.911,0.0</coordinates>
                </Point>
            </Placemark>
            <Placemark id="387">
                <name>Ambrosia </name>
                <description>
                category  : Eat_Budget_Savoury &lt;br&gt;
                address  : In the Hotel Ramsingh Palace, B 2, Hathi Babau Ka Bagh, Kanti Nagar, Banipark  &lt;br&gt;
                url  : https://www.facebook.com/pages/Ambrosia/212615442121032  &lt;br&gt;
                description  : Serving vegetarian and vegan, Chinese food and barbecue atop a 100-foot-high building providing a breathtaking view of the city. &lt;br&gt;
                </description>
                <styleUrl>#81</styleUrl>
                <Point id="386">
                    <coordinates>75.7986,26.9231,0.0</coordinates>
                </Point>
            </Placemark>
            <Placemark id="389">
                <name>Old Take Away </name>
                <description>
                category  : Eat_Budget_Savoury &lt;br&gt;
                address  : 146, Subhash Corner, MI Roa  &lt;br&gt;
                url  :   &lt;br&gt;
                description  : Various chicken and mutton dishes for take-away. &lt;br&gt;
                </description>
                <styleUrl>#81</styleUrl>
                <Point id="388">
                    <coordinates>75.8081,26.9162,0.0</coordinates>
                </Point>
            </Placemark>
            <Placemark id="391">
                <name>Peacock Rooftop Restaurant </name>
                <description>
                category  : Eat_Budget_Savoury &lt;br&gt;
                address  : 51, Hari Kishan Somani Marg  &lt;br&gt;
                url  : https://hotelpearlpalace.com/wordpress/peacock-rooftop-restaurant  &lt;br&gt;
                description  : A rooftop restaurant serving Indian, Western and Chinese food. Fast service and good value. &lt;br&gt;
                </description>
                <styleUrl>#81</styleUrl>
                <Point id="390">
                    <coordinates>75.7956,26.916,0.0</coordinates>
                </Point>
            </Placemark>
            <Placemark id="393">
                <name>Rawat Mishthan Bhandar </name>
                <description>
                category  : Eat_Budget_Savoury &lt;br&gt;
                address  : Opposite Polo Victory Cinema, Station Road, Sindhi Camp  &lt;br&gt;
                url  :   &lt;br&gt;
                description  : Do not miss the famous Pyaz ki Kachori, a spicy onion dish. Also, the ghewar and mawa kachori is famous. &lt;br&gt;
                </description>
                <styleUrl>#81</styleUrl>
                <Point id="392">
                    <coordinates>75.7952,26.9213,0.0</coordinates>
                </Point>
            </Placemark>
            <Placemark id="395">
                <name>Apno Gaon </name>
                <description>
                category  : Eat_Mid-range &lt;br&gt;
                address  : 14, New Loha Mandi, Sikar Road, Vishwakarma Industrial Area  &lt;br&gt;
                url  :   &lt;br&gt;
                description  : Vegetarian food, including fresh vegetables and fruits. Slightly away from the main city: One has to go on a bumpy ride to reach there. &lt;br&gt;
                </description>
                <styleUrl>#85</styleUrl>
                <Point id="394">
                    <coordinates>75.7633,27.0092,0.0</coordinates>
                </Point>
            </Placemark>
            <Placemark id="397">
                <name>Four Seasons Restaurant </name>
                <description>
                category  : Eat_Mid-range &lt;br&gt;
                address  : D-43A, Subhash Marg, C Scheme  &lt;br&gt;
                url  : https://www.facebook.com/fourseasonsjaipur?rf &lt;br&gt;
                description  : Indian and Chinese food, among the most popular vegetarian restaurants in Jaipur. &lt;br&gt;
                </description>
                <styleUrl>#85</styleUrl>
                <Point id="396">
                    <coordinates>75.8016,26.9116,0.0</coordinates>
                </Point>
            </Placemark>
            <Placemark id="399">
                <name>Handi Restaurant </name>
                <description>
                category  : Eat_Mid-range &lt;br&gt;
                address  : Maya Mansion, Opp GPO, MI Rd  &lt;br&gt;
                url  : http://handirestaurant.com/  &lt;br&gt;
                description  : Specialising in meat dishes; chicken, mutton, kebab, tandoori and the super spicy Rajasthani speciality lal maas. &lt;br&gt;
                </description>
                <styleUrl>#85</styleUrl>
                <Point id="398">
                    <coordinates>75.8134,26.917,0.0</coordinates>
                </Point>
            </Placemark>
            <Placemark id="401">
                <name>Little Italy </name>
                <description>
                category  : Eat_Mid-range &lt;br&gt;
                address  : C/11, K.K. Square, Prithviraj Marg, C-Scheme  &lt;br&gt;
                url  : http://littleitaly.in/restaurant/jaipur_main.html  &lt;br&gt;
                description  : Part of a chain with restaurants around India and some other Asian countries, as the name reveals, this is a place to go to for Italian food. Wide selection of pizza, pasta and other typical Italian food, also some Mexican dishes. Large range of wines. &lt;br&gt;
                </description>
                <styleUrl>#85</styleUrl>
                <Point id="400">
                    <coordinates>75.7986,26.9107,0.0</coordinates>
                </Point>
            </Placemark>
            <Placemark id="403">
                <name>LMB </name>
                <description>
                category  : Eat_Mid-range &lt;br&gt;
                address  : LMB Hotel &amp; Restaurant, 100 Johari Bazaar  &lt;br&gt;
                url  : http://www.hotellmb.com/restaurant.aspx  &lt;br&gt;
                description  : Good mid-range north Indian vegetarian restaurant. The restaurant sells good sweets and chat, Indian sweet and savory snacks, and is most famous for its Aloo ki Tikiya and Paneer Ghewar. &lt;br&gt;
                </description>
                <styleUrl>#85</styleUrl>
                <Point id="402">
                    <coordinates>75.8256,26.9196,0.0</coordinates>
                </Point>
            </Placemark>
            <Placemark id="405">
                <name>Loharu House </name>
                <description>
                category  : Eat_Mid-range &lt;br&gt;
                address  :   &lt;br&gt;
                url  :   &lt;br&gt;
                description  : This is the house of a Royal Family in Civil Lines. Primarily a hotel, but they also serve food. You can call in advance and request a special dinner. Otherwise, dinners are served for in-house guests. &lt;br&gt;
                </description>
                <styleUrl>#85</styleUrl>
                <Point id="404">
                    <coordinates>75.7831,26.907,0.0</coordinates>
                </Point>
            </Placemark>
            <Placemark id="407">
                <name>Mamu's Infusion </name>
                <description>
                category  : Eat_Mid-range &lt;br&gt;
                address  : 101, 1st Floor, Mangalam Ambition Tower, Subhash Marg, C Scheme  &lt;br&gt;
                url  :   &lt;br&gt;
                description  : Serves Indian, Italian, Mexican, Chinese, Thai and Middle Eastern dishes. Quirky decor, large servings and friendly staff. &lt;br&gt;
                </description>
                <styleUrl>#85</styleUrl>
                <Point id="406">
                    <coordinates>75.7957,26.9098,0.0</coordinates>
                </Point>
            </Placemark>
            <Placemark id="409">
                <name>Natraj </name>
                <description>
                category  : Eat_Mid-range &lt;br&gt;
                address  : Panch Batti, M.I. Road  &lt;br&gt;
                url  : https://www.facebook.com/Natraj-Restaurant-Jaipur-943481692408153/  &lt;br&gt;
                description  : Vegetarian, speciality is the Rajasthani thali. Credit cards are accepted and they do not serve alcohol. They also have a mithai (sweets) shop. &lt;br&gt;
                </description>
                <styleUrl>#85</styleUrl>
                <Point id="408">
                    <coordinates>75.81126,26.91625,0.0</coordinates>
                </Point>
            </Placemark>
            <Placemark id="411">
                <name>Okra </name>
                <description>
                category  : Eat_Mid-range &lt;br&gt;
                address  : Ashram Marg, Jawahar Circle  &lt;br&gt;
                url  :   &lt;br&gt;
                description  : Both a large buffet and a la carte. Reservations are required. &lt;br&gt;
                </description>
                <styleUrl>#85</styleUrl>
                <Point id="410">
                    <coordinates>75.7951,26.8496,0.0</coordinates>
                </Point>
            </Placemark>
            <Placemark id="413">
                <name>Zodiac </name>
                <description>
                category  : Eat_Mid-range &lt;br&gt;
                address  : Fortune Park Bella Casa, Cityplex, 1, Ashram Marg, Tonk Road  &lt;br&gt;
                url  :   &lt;br&gt;
                description  : A buffet restaurant with North Indian dishes. &lt;br&gt;
                </description>
                <styleUrl>#85</styleUrl>
                <Point id="412">
                    <coordinates>75.79386,26.90237,0.0</coordinates>
                </Point>
            </Placemark>
            <Placemark id="415">
                <name>1135 AD Amber </name>
                <description>
                category  : Eat_Splurge &lt;br&gt;
                address  : Amer Road  &lt;br&gt;
                url  : https://www.facebook.com/1135adamber/  &lt;br&gt;
                description  : Upscale restaurant in the Amber Fort complex. They serve traditional Rajasthani cuisine in royally decorated dining rooms. &lt;br&gt;
                </description>
                <styleUrl>#89</styleUrl>
                <Point id="414">
                    <coordinates>75.8506,26.9857,0.0</coordinates>
                </Point>
            </Placemark>
            <Placemark id="417">
                <name>Cinnamon </name>
                <description>
                category  : Eat_Splurge &lt;br&gt;
                address  : Jacob Road, Civil Lines,  &lt;br&gt;
                url  : http://www.tajhotels.com/food-and-wine/jai-mahal-palace-jaipur/cinnamon/default.html  &lt;br&gt;
                description  : Northern Indian cuisine in a romantic setting, however they are reportedly a bit overpriced. &lt;br&gt;
                </description>
                <styleUrl>#89</styleUrl>
                <Point id="416">
                    <coordinates>75.7851,26.9117,0.0</coordinates>
                </Point>
            </Placemark>
            <Placemark id="419">
                <name>Niros </name>
                <description>
                category  : Eat_Splurge &lt;br&gt;
                address  : 319, MI Rd, Ashok Nagar  &lt;br&gt;
                url  : http://www.nirosindia.com/  &lt;br&gt;
                description  : Niros is a 60-year-old restaurant serving mostly Indian and Indo-Chinese dishes. Opinions are divided between those who laud the restaurant and others who consider it overpriced and more hype than quality. &lt;br&gt;
                </description>
                <styleUrl>#89</styleUrl>
                <Point id="418">
                    <coordinates>75.8112,26.9165,0.0</coordinates>
                </Point>
            </Placemark>
            <Placemark id="421">
                <name>Steam </name>
                <description>
                category  : Eat_Splurge &lt;br&gt;
                address  :   &lt;br&gt;
                url  :   &lt;br&gt;
                description  : A train turned into an Italian restaurant, on the grounds of the Taj Rambagh palace. Popular among the upper class of Jaipur, they are also famous for their pizzas. &lt;br&gt;
                </description>
                <styleUrl>#89</styleUrl>
                <Point id="420">
                    <coordinates>75.8077,26.896,0.0</coordinates>
                </Point>
            </Placemark>
            <Placemark id="423">
                <name>Amigos Bar &amp; Discoteque </name>
                <description>
                category  : Drink_Alcohol &lt;br&gt;
                address  : Church Road, MI Road  &lt;br&gt;
                url  :   &lt;br&gt;
                description  : Mexico-themed bar at the 9th floor of the OM Tower hotel, in the adjoining room there's a dance floor. Apparently a wider range of beverages and cocktails than at restaurants. &lt;br&gt;
                </description>
                <styleUrl>#57</styleUrl>
                <Point id="422">
                    <coordinates>75.8,26.9179,0.0</coordinates>
                </Point>
            </Placemark>
            <Placemark id="425">
                <name>Colorbar </name>
                <description>
                category  : Drink_Alcohol &lt;br&gt;
                address  : Radisson Blu, Plot 5 &amp; 6, Airport Plaza,Tonk Road, Durgapura  &lt;br&gt;
                url  : https://www.radissonhotels.com/en-us/hotels/radisson-blu-jaipur/restaurant-bar  &lt;br&gt;
                description  : On the top of the roof of Radission Blu Airport hotel, with nice views of the planes landing and taking off. Barbecue, pool and interesting luminescent chairs and tables. &lt;br&gt;
                </description>
                <styleUrl>#57</styleUrl>
                <Point id="424">
                    <coordinates>75.7956,26.8518,0.0</coordinates>
                </Point>
            </Placemark>
            <Placemark id="427">
                <name>District 9 Lounge </name>
                <description>
                category  : Drink_Alcohol &lt;br&gt;
                address  : E-20, Prem Plaza, Girdhar Marg, Opposite Reliance Fresh  &lt;br&gt;
                url  : https://www.facebook.com/District9lounge/  &lt;br&gt;
                description  : Rooftop and indoor seating. More of a restaurant than a bar, with dishes from all over the world ranging from spring rolls to pizzas and fajitas to burritos. &lt;br&gt;
                </description>
                <styleUrl>#57</styleUrl>
                <Point id="426">
                    <coordinates>75.8078,26.8493,0.0</coordinates>
                </Point>
            </Placemark>
            <Placemark id="429">
                <name>Drop Zone Lounge Bar </name>
                <description>
                category  : Drink_Alcohol &lt;br&gt;
                address  : 14/82 &amp; 83, Niti Nagar, Opposite Capt Amit Bhardwaj Petrol Pump, Malviya Nagar  &lt;br&gt;
                url  :   &lt;br&gt;
                description  : A bar with a pleasant rooftop seating with fantastic views, and they serve food as well. &lt;br&gt;
                </description>
                <styleUrl>#57</styleUrl>
                <Point id="428">
                    <coordinates>75.8093,26.8496,0.0</coordinates>
                </Point>
            </Placemark>
            <Placemark id="431">
                <name>Henry’s – The Pub </name>
                <description>
                category  : Drink_Alcohol &lt;br&gt;
                address  : Park Prime Hotel, Prithviraj road, Near Statue Circle  &lt;br&gt;
                url  : https://www.facebook.com/pages/Henrys-Park-Prime-Jaipur/147076938737915  &lt;br&gt;
                description  : Cozy pub in the basement of the Prime Park Hotel, reportedly great for an evening out with your friends. Many different snacks and cocktails. On the downside some guests find the service is a bit slow. &lt;br&gt;
                </description>
                <styleUrl>#57</styleUrl>
                <Point id="430">
                    <coordinates>75.8124,26.9052,0.0</coordinates>
                </Point>
            </Placemark>
            <Placemark id="433">
                <name>Skyfall By Replay </name>
                <description>
                category  : Drink_Alcohol &lt;br&gt;
                address  : SB-57, Riddhi Tower, 5th Floor  &lt;br&gt;
                url  : https://www.facebook.com/skyfalljaipur/  &lt;br&gt;
                description  : Bar, restaurant and lounge with Mexican and Italian cuisine. Different sitting areas, which makes it a good place for private events. &lt;br&gt;
                </description>
                <styleUrl>#57</styleUrl>
                <Point id="432">
                    <coordinates>75.80701,26.89262,0.0</coordinates>
                </Point>
            </Placemark>
            <Placemark id="435">
                <name>3D's Restro Lounge </name>
                <description>
                category  : Drink_Night clubs &lt;br&gt;
                address  : A2 Corporate Tower, Near Jawahar Circle  &lt;br&gt;
                url  : https://www.facebook.com/3DSRestroLounge/  &lt;br&gt;
                description  : A lounge bar with two restaurants (fine dining and casual). A good place to hang out with your friends, and fairly popular among students. &lt;br&gt;
                </description>
                <styleUrl>#57</styleUrl>
                <Point id="434">
                    <coordinates>75.8025,26.8432,0.0</coordinates>
                </Point>
            </Placemark>
            <Placemark id="437">
                <name>Blackout </name>
                <description>
                category  : Drink_Night clubs &lt;br&gt;
                address  : 9th floor, Golden Oak Hotel, Landmark Building, Ahinsa Circle, C Scheme  &lt;br&gt;
                url  : https://www.facebook.com/blackoutjaipur  &lt;br&gt;
                description  : Bar and nightclub popular with the party crowd, though their food is apparently not very good. Great views of the city from the rooftop lounge. &lt;br&gt;
                </description>
                <styleUrl>#57</styleUrl>
                <Point id="436">
                    <coordinates>75.8056,26.9139,0.0</coordinates>
                </Point>
            </Placemark>
            <Placemark id="439">
                <name>Club Seven </name>
                <description>
                category  : Drink_Night clubs &lt;br&gt;
                address  : The Byke Grassfield Resort, Kishan Nagar , Near Bansal Hospital  &lt;br&gt;
                url  : https://www.facebook.com/pages/CLUB-SEVEN/395634490599614  &lt;br&gt;
                description  : A nightclub with electronic music and different events every few weeks at the Byke Grassfield Resort, some 6-7 km southwest of the city centre. &lt;br&gt;
                </description>
                <styleUrl>#57</styleUrl>
                <Point id="438">
                    <coordinates>75.7576,26.8918,0.0</coordinates>
                </Point>
            </Placemark>
            <Placemark id="441">
                <name>Atithi Guest House </name>
                <description>
                category  : Sleep_Budget &lt;br&gt;
                address  : 1 Park House Scheme  &lt;br&gt;
                url  : http://www.atithijaipur.com/  &lt;br&gt;
                description  : A nice, modern and very clean hotel a few minutes from the Pink City. Has a simple restaurant, laundry service, Wi-Fi (check on current rates, which are not posted on their site). Be careful of rickshaw/taxi drivers as they don't get a commission here so may try to bring you somewhere else. &lt;br&gt;
                </description>
                <styleUrl>#97</styleUrl>
                <Point id="440">
                    <coordinates>75.7976,26.9202,0.0</coordinates>
                </Point>
            </Placemark>
            <Placemark id="443">
                <name>Chit Chat Palace </name>
                <description>
                category  : Sleep_Budget &lt;br&gt;
                address  : D-160 Kabir Marg, Bani Park  &lt;br&gt;
                url  : http://www.chitchatrestaurantandguesthouse.com/  &lt;br&gt;
                description  : Airport/rail station/bus station pick up available, nice restaurant. &lt;br&gt;
                </description>
                <styleUrl>#97</styleUrl>
                <Point id="442">
                    <coordinates>75.7908,26.9255,0.0</coordinates>
                </Point>
            </Placemark>
            <Placemark id="445">
                <name>Hotel Kalyan </name>
                <description>
                category  : Sleep_Budget &lt;br&gt;
                address  : Hathroi Fort, Ajmer Rd  &lt;br&gt;
                url  : https://www.hotelkalyan.com/  &lt;br&gt;
                description  : 2-star hotel with a quiet and relaxing atmosphere. Free parking and pickup is available from the train station and central bus stand. Tasty restaurant and good service. &lt;br&gt;
                </description>
                <styleUrl>#97</styleUrl>
                <Point id="444">
                    <coordinates>75.787288,26.912416,0.0</coordinates>
                </Point>
            </Placemark>
            <Placemark id="447">
                <name>Hotel Malak Mahal </name>
                <description>
                category  : Sleep_Budget &lt;br&gt;
                address  : 54, Near Jal Mahal, Amer Rd  &lt;br&gt;
                url  :   &lt;br&gt;
                description  : This hotel, which opened in 2012, has 45 rooms, an in-house restaurant and reserved parking spaces. It also provides free Wi-Fi, air-con rooms with attached washrooms and a nice guest service system. Their reservation phone number is covered 24/7. &lt;br&gt;
                </description>
                <styleUrl>#97</styleUrl>
                <Point id="446">
                    <coordinates>75.85066,26.98095,0.0</coordinates>
                </Point>
            </Placemark>
            <Placemark id="449">
                <name>Hotel Pearl Palace </name>
                <description>
                category  : Sleep_Budget &lt;br&gt;
                address  : 51 Hathroi Fort, Hari Kishan Somani Marg, Ajmer Road  &lt;br&gt;
                url  : http://www.hotelpearlpalace.com  &lt;br&gt;
                description  : The place is designed as an art museum. Wonderful roof top patio restaurant. The owners are nice but the front desk clerk is very moody. They do not always honor reservations made from their website. &lt;br&gt;
                </description>
                <styleUrl>#97</styleUrl>
                <Point id="448">
                    <coordinates>75.7956,26.9162,0.0</coordinates>
                </Point>
            </Placemark>
            <Placemark id="451">
                <name>Hotel Ramsingh Palace </name>
                <description>
                category  : Sleep_Budget &lt;br&gt;
                address  : B-2, Hathi Babu Ka Bagh, Kanti Nagar  &lt;br&gt;
                url  : http://hotelramsinghpalace.com/  &lt;br&gt;
                description  : Comfortable beds, each room comes with LCDTV with multiple channels. Walking distance to the train station and central bus stand. Airport/rail station/bus station pick up available, multi-cuisine restaurant. &lt;br&gt;
                </description>
                <styleUrl>#97</styleUrl>
                <Point id="450">
                    <coordinates>75.7988,26.9236,0.0</coordinates>
                </Point>
            </Placemark>
            <Placemark id="453">
                <name>Hotel Sangam </name>
                <description>
                category  : Sleep_Budget &lt;br&gt;
                address  : 17 Motilal Atal Rd  &lt;br&gt;
                url  : http://www.hotelsangamjaipur.com/  &lt;br&gt;
                description  : Good mattress, TV, restaurant, includes breakfast toast. &lt;br&gt;
                </description>
                <styleUrl>#97</styleUrl>
                <Point id="452">
                    <coordinates>75.7979,26.921,0.0</coordinates>
                </Point>
            </Placemark>
            <Placemark id="455">
                <name>Hotel Shikha </name>
                <description>
                category  : Sleep_Budget &lt;br&gt;
                address  : R-14, Yudhishthir Marg, C-Scheme  &lt;br&gt;
                url  : https://www.hotelshikha.com  &lt;br&gt;
                description  : The only hotel in Jaipur that is opposite to the deer park in c-scheme. Coffee &amp; wine lounge in premises with Rock Pub and discotheque. Special offers on website. &lt;br&gt;
                </description>
                <styleUrl>#97</styleUrl>
                <Point id="454">
                    <coordinates>75.7971,26.9061,0.0</coordinates>
                </Point>
            </Placemark>
            <Placemark id="457">
                <name>Jaipur Inn </name>
                <description>
                category  : Sleep_Budget &lt;br&gt;
                address  : B-17, Shiv Marg, Bani Park  &lt;br&gt;
                url  : http://www.jaipurinn.com/  &lt;br&gt;
                description  : Hot water, air-con, TV, heater, and telephone in every room. The hotel also has a backup power generator and a lift. Nice rooftop bar with great views over the city. All room rates include rooftop Wi-Fi and free cancellation. They can also serve food. During low season (April/May/June), 50% discount if you stay 2 days or more. &lt;br&gt;
                </description>
                <styleUrl>#97</styleUrl>
                <Point id="456">
                    <coordinates>75.798092,26.928307,0.0</coordinates>
                </Point>
            </Placemark>
            <Placemark id="459">
                <name>Karni Niwas </name>
                <description>
                category  : Sleep_Budget &lt;br&gt;
                address  : C-5 Motilal Atal Road  &lt;br&gt;
                url  : http://www.hotelkarniniwas.com/  &lt;br&gt;
                description  : Good budget hotel. Very clean with hot water, quiet room. Restaurant, includes continental breakfast. &lt;br&gt;
                </description>
                <styleUrl>#97</styleUrl>
                <Point id="458">
                    <coordinates>75.7973,26.9203,0.0</coordinates>
                </Point>
            </Placemark>
            <Placemark id="461">
                <name>Moustache Jaipur</name>
                <description>
                category  : Sleep_Budget &lt;br&gt;
                address  : Park House 7, Mirza Ismail Rd &lt;br&gt;
                url  : https://moustachescapes.com/accommodation/Hostel/jaipur &lt;br&gt;
                description  : Recommended by many travellers, this hostel is the headquarters of the Moustache chain. The street food tour is recommended by many. Afterwards, you can relax in the rooftop restaurant and pool. &lt;br&gt;
                </description>
                <styleUrl>#97</styleUrl>
                <Point id="460">
                    <coordinates>75.79778428274552,26.91958611458579,0.0</coordinates>
                </Point>
            </Placemark>
            <Placemark id="463">
                <name>Krishna Palace </name>
                <description>
                category  : Sleep_Budget &lt;br&gt;
                address  : E-26, Durga Marg, Bani Park  &lt;br&gt;
                url  : http://www.krishnapalace.com  &lt;br&gt;
                description  : Heritage property which looks like a palace. Nice garden, quiet and very clean. Traditional-style spacious rooms with private bath and hot shower. 24-hr service. Comfortable beds, each room comes with TV with all channels. Rooftop and garden restaurant available. Walking distance to the train station. Managed by a friendly family. Very quiet and relaxing neighbourhood surrounded by greenery. Pickup service from the train and central bus station is free of charge. &lt;br&gt;
                </description>
                <styleUrl>#97</styleUrl>
                <Point id="462">
                    <coordinates>75.7861,26.928,0.0</coordinates>
                </Point>
            </Placemark>
            <Placemark id="465">
                <name>Moon Light Palace </name>
                <description>
                category  : Sleep_Budget &lt;br&gt;
                address  : S-34, Shanti Nagar, Near Labour Court  &lt;br&gt;
                url  : http://www.hotelmoonlightpalace.com/  &lt;br&gt;
                description  : It's clean with solid Wi-Fi. Free pick up from station. Restaurant has a wide range of food. &lt;br&gt;
                </description>
                <styleUrl>#97</styleUrl>
                <Point id="464">
                    <coordinates>75.7781,26.9127,0.0</coordinates>
                </Point>
            </Placemark>
            <Placemark id="467">
                <name>Pink City Guest House </name>
                <description>
                category  : Sleep_Budget &lt;br&gt;
                address  : 18 Motilal Atal Rd  &lt;br&gt;
                url  :   &lt;br&gt;
                description  : Clean rooms and good value with reliable hot water, TV and Wi-Fi - just ask the guy at the reception. Steps away from bus station and few min walk from old town and/or rail station. Five stores down the road south on that side of the street is an amazing vegetarian restaurant Mohal's which does great cheapish food. Make sure you get one of the rooms facing the quiet backstreet. The hotel lacks its own website, and current tariffs seem to be impossible to find online. As of 2012 or so, they charged ₹400-700 for a double room, with off season rates of ₹250 for a very basic room without attached bathroom. &lt;br&gt;
                </description>
                <styleUrl>#97</styleUrl>
                <Point id="466">
                    <coordinates>75.7973,26.9209,0.0</coordinates>
                </Point>
            </Placemark>
            <Placemark id="469">
                <name>Satkar Hotel </name>
                <description>
                category  : Sleep_Budget &lt;br&gt;
                address  : 187, Barodia Scheme, Banipark  &lt;br&gt;
                url  : http://satkarhotel.com  &lt;br&gt;
                description  : Family run budget hotel, free pick up from railway station, bus stand, free Wi-Fi. Air-con and non-air-con rooms with attached bathrooms and TV. Hot shower, food, travel desk, laundry, 5 min walk from railway station. Not especially clean, ceiling fan noisy. Laundry is available for a charge. Walking distance to the bus station in a seedy neighbourhood. &lt;br&gt;
                </description>
                <styleUrl>#97</styleUrl>
                <Point id="468">
                    <coordinates>75.7905,26.9238,0.0</coordinates>
                </Point>
            </Placemark>
            <Placemark id="471">
                <name>Sunder Palace Guest House </name>
                <description>
                category  : Sleep_Budget &lt;br&gt;
                address  : No. 46, Sanjay Marg  &lt;br&gt;
                url  : http://www.sunderpalace.com  &lt;br&gt;
                description  : Clean rooms, great service, convenient location, a rooftop restaurant, a lovely garden area and a terrace. Tiled double room with cable TV, big bathroom with hot water and a Persian carpet area with a small table where you can sip tea and read. Internet available, but there was a charge for this service a few years ago, so enquire. &lt;br&gt;
                </description>
                <styleUrl>#97</styleUrl>
                <Point id="470">
                    <coordinates>75.7952,26.9174,0.0</coordinates>
                </Point>
            </Placemark>
            <Placemark id="473">
                <name>Anuraag Villa </name>
                <description>
                category  : Sleep_Mid-range &lt;br&gt;
                address  : D-249, Near Collectorate Circle  &lt;br&gt;
                url  : http://www.anuraagvilla.com/index.htm  &lt;br&gt;
                description  : 3-star hotel 15 min by rickshaw from the city centre. Peaceful place to relax with clean, comfortable rooms and free Wi-Fi Onsite restaurant offers very good vegetarian options Rajasthani style. &lt;br&gt;
                </description>
                <styleUrl>#101</styleUrl>
                <Point id="472">
                    <coordinates>75.7892,26.9274,0.0</coordinates>
                </Point>
            </Placemark>
            <Placemark id="475">
                <name>Arya Niwas </name>
                <description>
                category  : Sleep_Mid-range &lt;br&gt;
                address  : Sansar Chandra Rd  &lt;br&gt;
                url  : http://www.hotelaryaniwas.com/  &lt;br&gt;
                description  :  A feudal lord's mansion converted into a hotel with the ambience of a stately home. Centrally located, family managed, cafeteria serving decent vegetarian food and a garden to relax in during the evenings. &lt;br&gt;
                </description>
                <styleUrl>#101</styleUrl>
                <Point id="474">
                    <coordinates>75.8046,26.9217,0.0</coordinates>
                </Point>
            </Placemark>
            <Placemark id="477">
                <name>Colonel's Homestead Jaipur </name>
                <description>
                category  : Sleep_Mid-range &lt;br&gt;
                address  : 10 &amp; 11 Cosmo Colony, Ram Marg, Amrapali Rd, Vaishali Nagar  &lt;br&gt;
                url  : http://www.colonelsbnb.com  &lt;br&gt;
                description  : Run by a retired army colonel and his wife, who hails from a royal family of Rajasthan, a peaceful place to stay adjoining 50 acres of bird-filled nature. Home-cooked meals available, and good advice on attractions and shopping. &lt;br&gt;
                </description>
                <styleUrl>#101</styleUrl>
                <Point id="476">
                    <coordinates>75.74722,26.84444,0.0</coordinates>
                </Point>
            </Placemark>
            <Placemark id="479">
                <name>Hotel Classic Holidays </name>
                <description>
                category  : Sleep_Mid-range &lt;br&gt;
                address  : A-79, Shyam Nagar, Sodala, Ajmer Rd  &lt;br&gt;
                url  : http://www.hotelclassicholidays.com  &lt;br&gt;
                description  : In a residential area with peaceful, clean, green surroundings. &lt;br&gt;
                </description>
                <styleUrl>#101</styleUrl>
                <Point id="478">
                    <coordinates>75.7663,26.8912,0.0</coordinates>
                </Point>
            </Placemark>
            <Placemark id="481">
                <name>Hotel Mandakini Castle </name>
                <description>
                category  : Sleep_Mid-range &lt;br&gt;
                address  : Sansar Chandra Rd  &lt;br&gt;
                url  :   &lt;br&gt;
                description  : 3-star hotel. 12 superior rooms and 26 suites. All are fitted with a private bath with hot &amp; cold water, cable/sat TV, and broadband internet connection. The travel desk, 50-capacity conference area, complimentary transfer services. It is not easy to find current room rates, but the hotel gets mixed reviews from guests. &lt;br&gt;
                </description>
                <styleUrl>#101</styleUrl>
                <Point id="480">
                    <coordinates>75.8047,26.9225,0.0</coordinates>
                </Point>
            </Placemark>
            <Placemark id="483">
                <name>Hotel Meghniwas </name>
                <description>
                category  : Sleep_Mid-range &lt;br&gt;
                address  : C-9, Sawai Jai Singh Highway, Bani Park  &lt;br&gt;
                url  : http://www.meghniwas.com/  &lt;br&gt;
                description  : It also has a garden and a swimming pool, which is free for guests and open to non-guests for a charge. &lt;br&gt;
                </description>
                <styleUrl>#101</styleUrl>
                <Point id="482">
                    <coordinates>75.7881,26.9299,0.0</coordinates>
                </Point>
            </Placemark>
            <Placemark id="485">
                <name>Hotel Sarang Palace </name>
                <description>
                category  : Sleep_Mid-range &lt;br&gt;
                address  : A- 40, Subhash Nagar Rd, Near Peetal Factory  &lt;br&gt;
                url  : http://www.hotelsarangpalace.com  &lt;br&gt;
                description  : 3-star heritage hotel, offers free pick up from train and bus station. &lt;br&gt;
                </description>
                <styleUrl>#101</styleUrl>
                <Point id="484">
                    <coordinates>75.7965,26.9373,0.0</coordinates>
                </Point>
            </Placemark>
            <Placemark id="487">
                <name>Loharu House </name>
                <description>
                category  : Sleep_Mid-range &lt;br&gt;
                address  : Civil Lines  &lt;br&gt;
                url  :   &lt;br&gt;
                description  : This property belongs to the Royal Family of Loharu and they rent out a few rooms. The place is quaint and beautiful and the rooms are well appointed. The service also has the touch of personal care and warmth. A plus side is the cooks are excellent and put together some fine dinners. &lt;br&gt;
                </description>
                <styleUrl>#101</styleUrl>
                <Point id="486">
                    <coordinates>75.7833,26.9063,0.0</coordinates>
                </Point>
            </Placemark>
            <Placemark id="489">
                <name>Milestone 251 </name>
                <description>
                category  : Sleep_Mid-range &lt;br&gt;
                address  : Near Collectorate Circle, D-251, Devi Marg, Bani Park  &lt;br&gt;
                url  : http://www.milestone251.com/  &lt;br&gt;
                description  : Near the railway station in Bani Park area. &lt;br&gt;
                </description>
                <styleUrl>#101</styleUrl>
                <Point id="488">
                    <coordinates>75.7898,26.9268,0.0</coordinates>
                </Point>
            </Placemark>
            <Placemark id="491">
                <name>Sumati Villa </name>
                <description>
                category  : Sleep_Mid-range &lt;br&gt;
                address  : 7, Shubham Enclave, Jamnalal Bajaj Marg  &lt;br&gt;
                url  :   &lt;br&gt;
                description  : A budget guest house. &lt;br&gt;
                </description>
                <styleUrl>#101</styleUrl>
                <Point id="490">
                    <coordinates>75.7962,26.9065,0.0</coordinates>
                </Point>
            </Placemark>
            <Placemark id="493">
                <name>Umaid Bhawan </name>
                <description>
                category  : Sleep_Mid-range &lt;br&gt;
                address  : D1-2A, Behari Marg, Bani Park  &lt;br&gt;
                url  : http://www.umaidbhawan.com  &lt;br&gt;
                description  : A nicely restored heritage hotel with clean, comfortable rooms, many with balconies. Beautifully decorated, it looks like a mini-palace. It has a roof-top restaurant with views of the rising sun in the morning and the setting sun in the evening. The swimming pool is on the ground floor, and it's cold in the off-season. The friendly and helpful staff will arrange airport/train station pickup. Great value, a great place. &lt;br&gt;
                </description>
                <styleUrl>#101</styleUrl>
                <Point id="492">
                    <coordinates>75.7925,26.928,0.0</coordinates>
                </Point>
            </Placemark>
            <Placemark id="495">
                <name>Umaid Mahal </name>
                <description>
                category  : Sleep_Mid-range &lt;br&gt;
                address  : C-20 / B-2, Bihari Marg, Sawai Jai Singh Highway,  &lt;br&gt;
                url  : http://www.umaidmahal.com  &lt;br&gt;
                description  : A very nice heritage house hotel with 3-star facilities and also offers free pick up from train and bus station. &lt;br&gt;
                </description>
                <styleUrl>#101</styleUrl>
                <Point id="494">
                    <coordinates>75.7891,26.9279,0.0</coordinates>
                </Point>
            </Placemark>
            <Placemark id="497">
                <name>White Mushroom V Inn Jaipur </name>
                <description>
                category  : Sleep_Mid-range &lt;br&gt;
                address  : I - 7 C2  &lt;br&gt;
                url  : http://www.whitemushroomholidays.com/jaipur/  &lt;br&gt;
                description  :  &lt;br&gt;
                </description>
                <styleUrl>#101</styleUrl>
                <Point id="496">
                    <coordinates>-114.0698189,51.0542154,0.0</coordinates>
                </Point>
            </Placemark>
            <Placemark id="499">
                <name>Mosaics Guest House </name>
                <description>
                category  : Sleep_Mid-range &lt;br&gt;
                address  :  Siyaram ki Doongri, '''Amber'''  &lt;br&gt;
                url  : http://www.mosaicsguesthouse.com/  &lt;br&gt;
                description  :  &lt;br&gt;
                </description>
                <styleUrl>#101</styleUrl>
                <Point id="498">
                    <coordinates>75.8703,26.9883,0.0</coordinates>
                </Point>
            </Placemark>
            <Placemark id="501">
                <name>Lohagarh Fort Resort Jaipur </name>
                <description>
                category  : Sleep_Splurge &lt;br&gt;
                address  : Kachera Wala, Kukas (NH-8)  &lt;br&gt;
                url  : http://lohagarhfortresort.in/  &lt;br&gt;
                description  : 13 acres of green lush mountain area in Kukas, a 50-minute drive from Jaipur. Cottages with private pool, luxury tents with jacuzzi, luxury suite with jacuzzi. Apart from accommodation they offer spa &amp; massage and their pool is one of the biggest in the city. They also have in-house restaurant. &lt;br&gt;
                </description>
                <styleUrl>#105</styleUrl>
                <Point id="500">
                    <coordinates>75.9387,27.0764,0.0</coordinates>
                </Point>
            </Placemark>
            <Placemark id="503">
                <name>Naila Bagh Palace </name>
                <description>
                category  : Sleep_Splurge &lt;br&gt;
                address  : Moti Doongari Road  &lt;br&gt;
                url  : http://www.nailabaghpalace.com  &lt;br&gt;
                description  : Heritage home built in 1872 by the Prime Minister of Jaipur (Late Thakur Fateh Singh ji of Naila), now owned and managed by his 7th-generation descendants. It is surrounded with sprawling gardens and open spaces on all sides; the large front courtyard provides ample seating space for our visitors along with providing a calm and serine ambience. One of Jaipur's oldest heritage buildings and home the erstwhile Prime Minister, Thakur Fateh Singh Ji. Surrounded with gardens and open spaces on all sides, large front courtyard provides ample seating, antique chandeliers, original frescos, colonial furniture and a heritage of family history on display. Swimming pool, modest gym, Wi-Fi in some areas. &lt;br&gt;
                </description>
                <styleUrl>#105</styleUrl>
                <Point id="502">
                    <coordinates>75.8229,26.9066,0.0</coordinates>
                </Point>
            </Placemark>
            <Placemark id="505">
                <name>Oberoi Rajvilas Palace Hotel </name>
                <description>
                category  : Sleep_Splurge &lt;br&gt;
                address  : Goner Rd  &lt;br&gt;
                url  : http://www.oberoirajvilas.com/  &lt;br&gt;
                description  : If you have money to blow and you want to stay in the lap of luxury, this is the place for you. The only problem is that it is nearly impossible to get a booking. &lt;br&gt;
                </description>
                <styleUrl>#105</styleUrl>
                <Point id="504">
                    <coordinates>75.884,26.877,0.0</coordinates>
                </Point>
            </Placemark>
            <Placemark id="507">
                <name>Taj Rambagh Palace Hotel </name>
                <description>
                category  : Sleep_Splurge &lt;br&gt;
                address  :   &lt;br&gt;
                url  : http://www.tajhotels.com/luxury/grand-palaces-and-iconic-hotels/rambagh-palace-jaipur/overview.html  &lt;br&gt;
                description  : A former palace and an excellent place to stay. &lt;br&gt;
                </description>
                <styleUrl>#105</styleUrl>
                <Point id="506">
                    <coordinates>75.8083,26.8962,0.0</coordinates>
                </Point>
            </Placemark>
            <Placemark id="509">
                <name>The Trident Jaipur </name>
                <description>
                category  : Sleep_Splurge &lt;br&gt;
                address  : Amber Fort Rd  &lt;br&gt;
                url  : http://www.tridenthotels.com/jaipur/index.asp  &lt;br&gt;
                description  : Surprisingly intimate low-rise hotel built like a glittering white Mughal palace, renovated and well maintained. Small pool. It's worth it to pay extra for a lake view room. &lt;br&gt;
                </description>
                <styleUrl>#105</styleUrl>
                <Point id="508">
                    <coordinates>75.8424,26.9563,0.0</coordinates>
                </Point>
            </Placemark>
            <Placemark id="511">
                <name>Abhaneri</name>
                <description>
                category  : Go next &lt;br&gt;
                address  :  &lt;br&gt;
                url  :  &lt;br&gt;
                description  : '''Abhaneri''' &amp;mdash; you can arrange transport to this village, which contains an impressive ancient stepwell and a beautiful 9th-century temple &lt;br&gt;
                </description>
                <styleUrl>#169</styleUrl>
                <Point id="510">
                    <coordinates>76.6079261,27.0072885,0.0</coordinates>
                </Point>
            </Placemark>
            <Placemark id="513">
                <name>Bikaner</name>
                <description>
                category  : Go next &lt;br&gt;
                address  :  &lt;br&gt;
                url  :  &lt;br&gt;
                description  : '''Bikaner''' &amp;mdash; a city in the Thar Desert; though less visited than Jaisalmer, it is home to several important sites such as Bikaner Fort (Junagarh Fort), Laxmi Niwas Palace and Shivbari Temple &lt;br&gt;
                </description>
                <styleUrl>#169</styleUrl>
                <Point id="512">
                    <coordinates>73.3171367,28.0159286,0.0</coordinates>
                </Point>
            </Placemark>
            <Placemark id="515">
                <name>Bhandarej</name>
                <description>
                category  : Go next &lt;br&gt;
                address  :  &lt;br&gt;
                url  :  &lt;br&gt;
                description  : '''Bhandarej''' &amp;mdash; a little-known town 62 km from Jaipur off the Jaipur-Agra Highway, which dates from the times of the Mahabharata and features 11th-century monuments and temples &lt;br&gt;
                </description>
                <styleUrl>#169</styleUrl>
                <Point id="514">
                    <coordinates>0.0,0.0,0.0</coordinates>
                </Point>
            </Placemark>
            <Placemark id="517">
                <name>Jaisalmer</name>
                <description>
                category  : Go next &lt;br&gt;
                address  :  &lt;br&gt;
                url  :  &lt;br&gt;
                description  : '''Jaisalmer''' &amp;mdash; the Golden City in the Thar Desert &lt;br&gt;
                </description>
                <styleUrl>#169</styleUrl>
                <Point id="516">
                    <coordinates>70.77751197645885,27.0264162,0.0</coordinates>
                </Point>
            </Placemark>
            <Placemark id="519">
                <name>Jodhpur</name>
                <description>
                category  : Go next &lt;br&gt;
                address  :  &lt;br&gt;
                url  :  &lt;br&gt;
                description  : '''Jodhpur''' &amp;mdash;  the stunning Blue City, with its awe-inspiring Mehrangarh Fort &lt;br&gt;
                </description>
                <styleUrl>#169</styleUrl>
                <Point id="518">
                    <coordinates>73.0351433,26.2967719,0.0</coordinates>
                </Point>
            </Placemark>
            <Placemark id="521">
                <name>Udaipur</name>
                <description>
                category  : Go next &lt;br&gt;
                address  :  &lt;br&gt;
                url  :  &lt;br&gt;
                description  : '''Udaipur''' &amp;mdash; train #2965, Gwalior Udaipur Superfast Express (via Agra), is the best option for this beautiful City of Lakes &lt;br&gt;
                </description>
                <styleUrl>#169</styleUrl>
                <Point id="520">
                    <coordinates>73.6862571,24.578721,0.0</coordinates>
                </Point>
            </Placemark>
        </Folder>
        <Folder id="14">
            <name>B</name>
            <Placemark id="263">
                <name>Man Sagar Lake</name>
                <description>                    category  : lake &lt;br&gt;   
                    sitelinks : 5.0 &lt;br&gt;   
                    articleEN : https://en.wikipedia.org/wiki/Man_Sagar_Lake &lt;br&gt;             
                    articleDE : https://de.wikipedia.org/wiki/Man_Sagar_Lake &lt;br&gt;              
                    wikidata_link : http://www.wikidata.org/entity/Q19893629</description>
                <styleUrl>#29</styleUrl>
                <Point id="262">
                    <coordinates>75.84611111,26.95611111,0.0</coordinates>
                </Point>
            </Placemark>
            <Placemark id="265">
                <name>Jagat Shiromani Temple</name>
                <description>                    category  : Hindu temple &lt;br&gt;   
                    sitelinks : 5.0 &lt;br&gt;   
                    articleEN : https://en.wikipedia.org/wiki/Jagat_Shiromani_Temple,_Amer &lt;br&gt;             
                    articleDE :  &lt;br&gt;              
                    wikidata_link : http://www.wikidata.org/entity/Q21503605</description>
                <styleUrl>#29</styleUrl>
                <Point id="264">
                    <coordinates>75.85118333,26.98885556,0.0</coordinates>
                </Point>
            </Placemark>
            <Placemark id="267">
                <name>Bissau Palace Hotel, Jaipur</name>
                <description>                    category  : architectural structure &lt;br&gt;   
                    sitelinks : 5.0 &lt;br&gt;   
                    articleEN : https://en.wikipedia.org/wiki/Bissau_Palace_Hotel,_Jaipur &lt;br&gt;             
                    articleDE :  &lt;br&gt;              
                    wikidata_link : http://www.wikidata.org/entity/Q20638819</description>
                <styleUrl>#29</styleUrl>
                <Point id="266">
                    <coordinates>75.8078,26.9297,0.0</coordinates>
                </Point>
            </Placemark>
            <Placemark id="269">
                <name>Raj Bhavan</name>
                <description>                    category  : building &lt;br&gt;   
                    sitelinks : 5.0 &lt;br&gt;   
                    articleEN : https://en.wikipedia.org/wiki/Raj_Bhavan,_Jaipur &lt;br&gt;             
                    articleDE :  &lt;br&gt;              
                    wikidata_link : http://www.wikidata.org/entity/Q7285276</description>
                <styleUrl>#29</styleUrl>
                <Point id="268">
                    <coordinates>75.78593,26.907675,0.0</coordinates>
                </Point>
            </Placemark>
            <Placemark id="271">
                <name>Jawahar Kala Kendra</name>
                <description>                    category  : museum &lt;br&gt;   
                    sitelinks : 6.0 &lt;br&gt;   
                    articleEN : https://en.wikipedia.org/wiki/Jawahar_Kala_Kendra &lt;br&gt;             
                    articleDE :  &lt;br&gt;              
                    wikidata_link : http://www.wikidata.org/entity/Q6165903</description>
                <styleUrl>#29</styleUrl>
                <Point id="270">
                    <coordinates>75.809166,26.876299,0.0</coordinates>
                </Point>
            </Placemark>
            <Placemark id="273">
                <name>Jaivana Cannon</name>
                <description>                    category  : cannon &lt;br&gt;   
                    sitelinks : 6.0 &lt;br&gt;   
                    articleEN : https://en.wikipedia.org/wiki/Jaivana_Cannon &lt;br&gt;             
                    articleDE :  &lt;br&gt;              
                    wikidata_link : http://www.wikidata.org/entity/Q6124312</description>
                <styleUrl>#29</styleUrl>
                <Point id="272">
                    <coordinates>75.84369167,26.98000833,0.0</coordinates>
                </Point>
            </Placemark>
            <Placemark id="275">
                <name>National Institute of Ayurveda</name>
                <description>                    category  : university &lt;br&gt;   
                    sitelinks : 7.0 &lt;br&gt;   
                    articleEN : https://en.wikipedia.org/wiki/National_Institute_of_Ayurveda &lt;br&gt;             
                    articleDE :  &lt;br&gt;              
                    wikidata_link : http://www.wikidata.org/entity/Q6973609</description>
                <styleUrl>#29</styleUrl>
                <Point id="274">
                    <coordinates>75.8325646,26.9343638,0.0</coordinates>
                </Point>
            </Placemark>
            <Placemark id="277">
                <name>Govind Dev Ji Temple</name>
                <description>                    category  : Hindu temple &lt;br&gt;   
                    sitelinks : 7.0 &lt;br&gt;   
                    articleEN : https://en.wikipedia.org/wiki/Govind_Dev_Ji_Temple &lt;br&gt;             
                    articleDE :  &lt;br&gt;              
                    wikidata_link : http://www.wikidata.org/entity/Q5589834</description>
                <styleUrl>#29</styleUrl>
                <Point id="276">
                    <coordinates>75.82403,26.92883,0.0</coordinates>
                </Point>
            </Placemark>
            <Placemark id="279">
                <name>Albert Hall Museum</name>
                <description>                    category  : museum &lt;br&gt;   
                    sitelinks : 7.0 &lt;br&gt;   
                    articleEN : https://en.wikipedia.org/wiki/Albert_Hall_Museum &lt;br&gt;             
                    articleDE :  &lt;br&gt;              
                    wikidata_link : http://www.wikidata.org/entity/Q4710411</description>
                <styleUrl>#29</styleUrl>
                <Point id="278">
                    <coordinates>75.8195,26.9118,0.0</coordinates>
                </Point>
            </Placemark>
            <Placemark id="281">
                <name>Galtaji</name>
                <description>                    category  : Hindu temple &lt;br&gt;   
                    sitelinks : 7.0 &lt;br&gt;   
                    articleEN : https://en.wikipedia.org/wiki/Galtaji &lt;br&gt;             
                    articleDE :  &lt;br&gt;              
                    wikidata_link : http://www.wikidata.org/entity/Q3635211</description>
                <styleUrl>#29</styleUrl>
                <Point id="280">
                    <coordinates>75.85812,26.91692,0.0</coordinates>
                </Point>
            </Placemark>
            <Placemark id="283">
                <name>Maota Lake</name>
                <description>                    category  : intermittent reservoir &lt;br&gt;   
                    sitelinks : 8.0 &lt;br&gt;   
                    articleEN : https://en.wikipedia.org/wiki/Maota_Lake &lt;br&gt;             
                    articleDE :  &lt;br&gt;              
                    wikidata_link : http://www.wikidata.org/entity/Q24930625</description>
                <styleUrl>#29</styleUrl>
                <Point id="282">
                    <coordinates>75.8525,26.98333333,0.0</coordinates>
                </Point>
            </Placemark>
            <Placemark id="285">
                <name>Birla Mandir</name>
                <description>                    category  : Birla Mandir &lt;br&gt;   
                    sitelinks : 8.0 &lt;br&gt;   
                    articleEN : https://en.wikipedia.org/wiki/Birla_Mandir,_Jaipur &lt;br&gt;             
                    articleDE :  &lt;br&gt;              
                    wikidata_link : http://www.wikidata.org/entity/Q4916529</description>
                <styleUrl>#29</styleUrl>
                <Point id="284">
                    <coordinates>75.8155296,26.8921609,0.0</coordinates>
                </Point>
            </Placemark>
            <Placemark id="287">
                <name>University of Rajasthan</name>
                <description>                    category  : university &lt;br&gt;   
                    sitelinks : 9.0 &lt;br&gt;   
                    articleEN : https://en.wikipedia.org/wiki/University_of_Rajasthan &lt;br&gt;             
                    articleDE :  &lt;br&gt;              
                    wikidata_link : http://www.wikidata.org/entity/Q7896201</description>
                <styleUrl>#29</styleUrl>
                <Point id="286">
                    <coordinates>75.819983333333,26.885247222222,0.0</coordinates>
                </Point>
            </Placemark>
        </Folder>
        <Folder id="15">
            <name>A</name>
            <Placemark id="289">
                <name>Sawai Mansingh Stadium</name>
                <description>                    category  : cricket field &lt;br&gt;   
                    sitelinks : 11.0 &lt;br&gt;   
                    articleEN : https://en.wikipedia.org/wiki/Sawai_Mansingh_Stadium &lt;br&gt;             
                    articleDE : https://de.wikipedia.org/wiki/Sawai_Mansingh_Stadium &lt;br&gt;              
                    wikidata_link : http://www.wikidata.org/entity/Q7428548</description>
                <styleUrl>#icon-1739-7CB342</styleUrl>
                <Point id="288">
                    <coordinates>75.803225,26.89403056,0.0</coordinates>
                </Point>
            </Placemark>
            <Placemark id="291">
                <name>Rambagh Palace</name>
                <description>                    category  : hotel &lt;br&gt;   
                    sitelinks : 11.0 &lt;br&gt;   
                    articleEN : https://en.wikipedia.org/wiki/Rambagh_Palace,_Jaipur &lt;br&gt;             
                    articleDE :  &lt;br&gt;              
                    wikidata_link : http://www.wikidata.org/entity/Q7289168</description>
                <styleUrl>#icon-1739-7CB342</styleUrl>
                <Point id="290">
                    <coordinates>75.80833333,26.89611111,0.0</coordinates>
                </Point>
            </Placemark>
            <Placemark id="293">
                <name>Jaipur division</name>
                <description>                    category  : division of Rajasthan &lt;br&gt;   
                    sitelinks : 12.0 &lt;br&gt;   
                    articleEN : https://en.wikipedia.org/wiki/Jaipur_division &lt;br&gt;             
                    articleDE : https://de.wikipedia.org/wiki/Jaipur_(Division) &lt;br&gt;              
                    wikidata_link : http://www.wikidata.org/entity/Q1134770</description>
                <styleUrl>#icon-1739-7CB342</styleUrl>
                <Point id="292">
                    <coordinates>75.81666667,26.93333333,0.0</coordinates>
                </Point>
            </Placemark>
            <Placemark id="295">
                <name>Roman Catholic Diocese of Jaipur</name>
                <description>                    category  : diocese of the Catholic Church &lt;br&gt;   
                    sitelinks : 12.0 &lt;br&gt;   
                    articleEN : https://en.wikipedia.org/wiki/Roman_Catholic_Diocese_of_Jaipur &lt;br&gt;             
                    articleDE : https://de.wikipedia.org/wiki/Bistum_Jaipur &lt;br&gt;              
                    wikidata_link : http://www.wikidata.org/entity/Q392056</description>
                <styleUrl>#icon-1739-7CB342</styleUrl>
                <Point id="294">
                    <coordinates>75.814475,26.85865,0.0</coordinates>
                </Point>
            </Placemark>
            <Placemark id="297">
                <name>Jaipur bombings</name>
                <description>                    category  : terrorist attack &lt;br&gt;   
                    sitelinks : 12.0 &lt;br&gt;   
                    articleEN : https://en.wikipedia.org/wiki/Jaipur_bombings &lt;br&gt;             
                    articleDE :  &lt;br&gt;              
                    wikidata_link : http://www.wikidata.org/entity/Q153582</description>
                <styleUrl>#icon-1739-7CB342</styleUrl>
                <Point id="296">
                    <coordinates>75.8235,26.926,0.0</coordinates>
                </Point>
            </Placemark>
            <Placemark id="299">
                <name>Nahargarh Fort</name>
                <description>                    category  : fort &lt;br&gt;   
                    sitelinks : 17.0 &lt;br&gt;   
                    articleEN : https://en.wikipedia.org/wiki/Nahargarh_Fort &lt;br&gt;             
                    articleDE :  &lt;br&gt;              
                    wikidata_link : http://www.wikidata.org/entity/Q2723401</description>
                <styleUrl>#icon-1739-7CB342</styleUrl>
                <Point id="298">
                    <coordinates>75.815833333333,26.9375,0.0</coordinates>
                </Point>
            </Placemark>
            <Placemark id="301">
                <name>Jaigarh Fort</name>
                <description>                    category  : fort &lt;br&gt;   
                    sitelinks : 18.0 &lt;br&gt;   
                    articleEN : https://en.wikipedia.org/wiki/Jaigarh_Fort &lt;br&gt;             
                    articleDE : https://de.wikipedia.org/wiki/Fort_Jaigarh &lt;br&gt;              
                    wikidata_link : http://www.wikidata.org/entity/Q2722759</description>
                <styleUrl>#icon-1739-7CB342</styleUrl>
                <Point id="300">
                    <coordinates>75.844722222222,26.982777777778,0.0</coordinates>
                </Point>
            </Placemark>
            <Placemark id="303">
                <name>Amber</name>
                <description>                    category  : city &lt;br&gt;   
                    sitelinks : 19.0 &lt;br&gt;   
                    articleEN : https://en.wikipedia.org/wiki/Amber,_India &lt;br&gt;             
                    articleDE : https://de.wikipedia.org/wiki/Amber_(Indien) &lt;br&gt;              
                    wikidata_link : http://www.wikidata.org/entity/Q8197166</description>
                <styleUrl>#icon-1739-7CB342</styleUrl>
                <Point id="302">
                    <coordinates>75.866666666667,26.983333333333,0.0</coordinates>
                </Point>
            </Placemark>
            <Placemark id="305">
                <name>City Palace</name>
                <description>                    category  : museum &lt;br&gt;   
                    sitelinks : 19.0 &lt;br&gt;   
                    articleEN : https://en.wikipedia.org/wiki/City_Palace,_Jaipur &lt;br&gt;             
                    articleDE :  &lt;br&gt;              
                    wikidata_link : http://www.wikidata.org/entity/Q2723395</description>
                <styleUrl>#icon-1739-7CB342</styleUrl>
                <Point id="304">
                    <coordinates>75.8236,26.9255,0.0</coordinates>
                </Point>
            </Placemark>
        </Folder>
        <Folder id="16">
            <name>S</name>
            <Placemark id="307">
                <name>Jal Mahal</name>
                <description>                    category  : artificial island &lt;br&gt;   
                    sitelinks : 24.0 &lt;br&gt;   
                    articleEN : https://en.wikipedia.org/wiki/Jal_Mahal &lt;br&gt;             
                    articleDE :  &lt;br&gt;              
                    wikidata_link : http://www.wikidata.org/entity/Q2757538</description>
                <styleUrl>#icon-1739-E65100</styleUrl>
                <Point id="306">
                    <coordinates>75.846111111111,26.953333333333,0.0</coordinates>
                </Point>
            </Placemark>
            <Placemark id="309">
                <name>Jaipur International Airport</name>
                <description>                    category  : airport &lt;br&gt;   
                    sitelinks : 28.0 &lt;br&gt;   
                    articleEN : https://en.wikipedia.org/wiki/Jaipur_International_Airport &lt;br&gt;             
                    articleDE : https://de.wikipedia.org/wiki/Flughafen_Jaipur &lt;br&gt;              
                    wikidata_link : http://www.wikidata.org/entity/Q572387</description>
                <styleUrl>#icon-1739-E65100</styleUrl>
                <Point id="308">
                    <coordinates>75.812222222222,26.824166666667,0.0</coordinates>
                </Point>
            </Placemark>
            <Placemark id="311">
                <name>Amber Fort</name>
                <description>                    category  : palace &lt;br&gt;   
                    sitelinks : 38.0 &lt;br&gt;   
                    articleEN : https://en.wikipedia.org/wiki/Amber_Fort &lt;br&gt;             
                    articleDE : https://de.wikipedia.org/wiki/Fort_Amber &lt;br&gt;              
                    wikidata_link : http://www.wikidata.org/entity/Q456817</description>
                <styleUrl>#icon-1739-E65100</styleUrl>
                <Point id="310">
                    <coordinates>75.85,26.985555555556,0.0</coordinates>
                </Point>
            </Placemark>
            <Placemark id="313">
                <name>Jantar Mantar</name>
                <description>                    category  : collection &lt;br&gt;   
                    sitelinks : 46.0 &lt;br&gt;   
                    articleEN : https://en.wikipedia.org/wiki/Jantar_Mantar,_Jaipur &lt;br&gt;             
                    articleDE : https://de.wikipedia.org/wiki/Jantar_Mantar_(Jaipur) &lt;br&gt;              
                    wikidata_link : http://www.wikidata.org/entity/Q508634</description>
                <styleUrl>#icon-1739-E65100</styleUrl>
                <Point id="312">
                    <coordinates>75.825,26.924722222222,0.0</coordinates>
                </Point>
            </Placemark>
            <Placemark id="315">
                <name>Hawa Mahal</name>
                <description>                    category  : palace &lt;br&gt;   
                    sitelinks : 56.0 &lt;br&gt;   
                    articleEN : https://en.wikipedia.org/wiki/Hawa_Mahal &lt;br&gt;             
                    articleDE : https://de.wikipedia.org/wiki/Hawa_Mahal &lt;br&gt;              
                    wikidata_link : http://www.wikidata.org/entity/Q836531</description>
                <styleUrl>#icon-1739-E65100</styleUrl>
                <Point id="314">
                    <coordinates>75.82672,26.924,0.0</coordinates>
                </Point>
            </Placemark>
            <Placemark id="317">
                <name>Jaipur</name>
                <description>                    category  : urban area &lt;br&gt;   
                    sitelinks : 137.0 &lt;br&gt;   
                    articleEN : https://en.wikipedia.org/wiki/Jaipur &lt;br&gt;             
                    articleDE : https://de.wikipedia.org/wiki/Jaipur &lt;br&gt;              
                    wikidata_link : http://www.wikidata.org/entity/Q66485</description>
                <styleUrl>#icon-1739-E65100</styleUrl>
                <Point id="316">
                    <coordinates>75.866666666667,26.916666666667,0.0</coordinates>
                </Point>
            </Placemark>
        </Folder>
        <Placemark id="183">
            <styleUrl>#181</styleUrl>
            <Point id="182">
                <coordinates>0.0, 0.0, 0.0</coordinates>
            </Point>
        </Placemark>
    </Document>
</kml>
