item,articleDE,articleEN,location,distance,lat,lon,sitelinks,thing,itemLabel,thingLabel
http://www.wikidata.org/entity/Q16554,https://de.wikipedia.org/wiki/Denver,https://en.wikipedia.org/wiki/Denver,Point(-104.984722222 39.739166666),0.014,39.739166666667,-104.98472222222,183,http://www.wikidata.org/entity/Q1093829,Denver,city in the United States
http://www.wikidata.org/entity/Q16554,https://de.wikipedia.org/wiki/Denver,https://en.wikipedia.org/wiki/Denver,Point(-104.984722222 39.739166666),0.014,39.739166666667,-104.98472222222,183,http://www.wikidata.org/entity/Q1549591,Denver,big city
http://www.wikidata.org/entity/Q16554,https://de.wikipedia.org/wiki/Denver,https://en.wikipedia.org/wiki/Denver,Point(-104.984722222 39.739166666),0.014,39.739166666667,-104.98472222222,183,http://www.wikidata.org/entity/Q3301053,Denver,consolidated city-county
http://www.wikidata.org/entity/Q462804,https://de.wikipedia.org/wiki/Lakewood_(Colorado),"https://en.wikipedia.org/wiki/Lakewood,_Colorado",Point(-105.102778 39.706389),10.725,39.706389,-105.102778,65,http://www.wikidata.org/entity/Q1093829,Lakewood,city in the United States
http://www.wikidata.org/entity/Q462804,https://de.wikipedia.org/wiki/Lakewood_(Colorado),"https://en.wikipedia.org/wiki/Lakewood,_Colorado",Point(-105.102778 39.706389),10.725,39.706389,-105.102778,65,http://www.wikidata.org/entity/Q1549591,Lakewood,big city
http://www.wikidata.org/entity/Q590849,https://de.wikipedia.org/wiki/Arvada,"https://en.wikipedia.org/wiki/Arvada,_Colorado",Point(-105.0874842 39.8027644),11.261,39.8027644,-105.0874842,62,http://www.wikidata.org/entity/Q1093829,Arvada,city in the United States
http://www.wikidata.org/entity/Q590849,https://de.wikipedia.org/wiki/Arvada,"https://en.wikipedia.org/wiki/Arvada,_Colorado",Point(-105.0874842 39.8027644),11.261,39.8027644,-105.0874842,62,http://www.wikidata.org/entity/Q1549591,Arvada,big city
http://www.wikidata.org/entity/Q948129,https://de.wikipedia.org/wiki/Westminster_(Colorado),"https://en.wikipedia.org/wiki/Westminster,_Colorado",Point(-105.037222222 39.836111111),11.664,39.836111111111,-105.03722222222,58,http://www.wikidata.org/entity/Q1093829,Westminster,city in the United States
http://www.wikidata.org/entity/Q948129,https://de.wikipedia.org/wiki/Westminster_(Colorado),"https://en.wikipedia.org/wiki/Westminster,_Colorado",Point(-105.037222222 39.836111111),11.664,39.836111111111,-105.03722222222,58,http://www.wikidata.org/entity/Q1549591,Westminster,big city
http://www.wikidata.org/entity/Q953583,https://de.wikipedia.org/wiki/Littleton_(Colorado),"https://en.wikipedia.org/wiki/Littleton,_Colorado",Point(-105.0166498 39.613321),14.262,39.613321,-105.0166498,56,http://www.wikidata.org/entity/Q1093829,Littleton,city in the United States
http://www.wikidata.org/entity/Q953583,https://de.wikipedia.org/wiki/Littleton_(Colorado),"https://en.wikipedia.org/wiki/Littleton,_Colorado",Point(-105.0166498 39.613321),14.262,39.613321,-105.0166498,56,http://www.wikidata.org/entity/Q62049,Littleton,county seat
http://www.wikidata.org/entity/Q991177,https://de.wikipedia.org/wiki/Englewood_(Colorado),"https://en.wikipedia.org/wiki/Englewood,_Colorado",Point(-104.992 39.6469),10.285,39.6469,-104.992,47,http://www.wikidata.org/entity/Q1093829,Englewood,city in the United States
http://www.wikidata.org/entity/Q994452,https://de.wikipedia.org/wiki/Commerce_City,"https://en.wikipedia.org/wiki/Commerce_City,_Colorado",Point(-104.901111111 39.840833333),13.372,39.840833333333,-104.90111111111,45,http://www.wikidata.org/entity/Q1093829,Commerce City,city in the United States
http://www.wikidata.org/entity/Q994465,https://de.wikipedia.org/wiki/Wheat_Ridge,"https://en.wikipedia.org/wiki/Wheat_Ridge,_Colorado",Point(-105.096111111 39.771388888),10.159,39.771388888889,-105.09611111111,42,http://www.wikidata.org/entity/Q1093829,Wheat Ridge,city in the United States
http://www.wikidata.org/entity/Q994446,https://de.wikipedia.org/wiki/Federal_Heights,"https://en.wikipedia.org/wiki/Federal_Heights,_Colorado",Point(-105.014166666 39.866111111),14.328,39.866111111111,-105.01416666667,41,http://www.wikidata.org/entity/Q1093829,Federal Heights,city in the United States
http://www.wikidata.org/entity/Q2129231,,"https://en.wikipedia.org/wiki/Edgewater,_Colorado",Point(-105.061944444 39.750277777),6.703,39.750277777778,-105.06194444444,39,http://www.wikidata.org/entity/Q1093829,Edgewater,city in the United States
http://www.wikidata.org/entity/Q136507,https://de.wikipedia.org/wiki/Cherry_Hills_Village,"https://en.wikipedia.org/wiki/Cherry_Hills_Village,_Colorado",Point(-104.947 39.6372),11.799,39.6372,-104.947,39,http://www.wikidata.org/entity/Q1093829,Cherry Hills Village,city in the United States
http://www.wikidata.org/entity/Q202512,https://de.wikipedia.org/wiki/Amoklauf_von_Aurora,https://en.wikipedia.org/wiki/2012_Aurora_theater_shooting,Point(-104.8206 39.7059),14.529,39.7059,-104.8206,39,http://www.wikidata.org/entity/Q750215,2012 Aurora shooting,mass murder
http://www.wikidata.org/entity/Q202512,https://de.wikipedia.org/wiki/Amoklauf_von_Aurora,https://en.wikipedia.org/wiki/2012_Aurora_theater_shooting,Point(-104.8206 39.7059),14.529,39.7059,-104.8206,39,http://www.wikidata.org/entity/Q21480300,2012 Aurora shooting,mass shooting
http://www.wikidata.org/entity/Q2076184,,"https://en.wikipedia.org/wiki/Glendale,_Colorado",Point(-104.935123 39.70364),5.81,39.7025,-104.934,37,http://www.wikidata.org/entity/Q1093829,Glendale,city in the United States
http://www.wikidata.org/entity/Q2076184,,"https://en.wikipedia.org/wiki/Glendale,_Colorado",Point(-104.935123 39.70364),5.81,39.70364,-104.935123,37,http://www.wikidata.org/entity/Q1093829,Glendale,city in the United States
http://www.wikidata.org/entity/Q2076184,,"https://en.wikipedia.org/wiki/Glendale,_Colorado",Point(-104.934 39.7025),5.967,39.7025,-104.934,37,http://www.wikidata.org/entity/Q1093829,Glendale,city in the United States
http://www.wikidata.org/entity/Q2076184,,"https://en.wikipedia.org/wiki/Glendale,_Colorado",Point(-104.934 39.7025),5.967,39.70364,-104.935123,37,http://www.wikidata.org/entity/Q1093829,Glendale,city in the United States
http://www.wikidata.org/entity/Q2276170,,"https://en.wikipedia.org/wiki/Sheridan,_Colorado",Point(-105.018 39.6489),10.437,39.6489,-105.018,37,http://www.wikidata.org/entity/Q1093829,Sheridan,city in the United States
http://www.wikidata.org/entity/Q2303213,,"https://en.wikipedia.org/wiki/Mountain_View,_Colorado",Point(-105.056 39.7756),7.302,39.7756,-105.056,34,http://www.wikidata.org/entity/Q15127012,Mountain View,town in the United States
http://www.wikidata.org/entity/Q795470,https://de.wikipedia.org/wiki/Ball_Arena,https://en.wikipedia.org/wiki/Ball_Arena,Point(-105.0075 39.748611111),2.198,39.748611111111,-105.0075,34,http://www.wikidata.org/entity/Q641226,Ball Arena,arena
http://www.wikidata.org/entity/Q895383,https://de.wikipedia.org/wiki/Bow_Mar,"https://en.wikipedia.org/wiki/Bow_Mar,_Colorado",Point(-105.051 39.6269),13.713,39.6269,-105.051,32,http://www.wikidata.org/entity/Q15127012,Bow Mar,town in the United States
http://www.wikidata.org/entity/Q2370198,,"https://en.wikipedia.org/wiki/Lakeside,_Colorado",Point(-105.057 39.7833),7.875,39.7833,-105.057,31,http://www.wikidata.org/entity/Q15127012,Lakeside,town in the United States
http://www.wikidata.org/entity/Q519427,https://de.wikipedia.org/wiki/University_of_Denver,https://en.wikipedia.org/wiki/University_of_Denver,Point(-104.962222 39.678333),7.043,39.678333,-104.962222,30,http://www.wikidata.org/entity/Q902104,University of Denver,private university
http://www.wikidata.org/entity/Q519427,https://de.wikipedia.org/wiki/University_of_Denver,https://en.wikipedia.org/wiki/University_of_Denver,Point(-104.962222 39.678333),7.043,39.678333,-104.962222,30,http://www.wikidata.org/entity/Q15936437,University of Denver,research university
http://www.wikidata.org/entity/Q519427,https://de.wikipedia.org/wiki/University_of_Denver,https://en.wikipedia.org/wiki/University_of_Denver,Point(-104.962222 39.678333),7.043,39.678333,-104.962222,30,http://www.wikidata.org/entity/Q23002054,University of Denver,private not-for-profit educational institution
http://www.wikidata.org/entity/Q1046135,https://de.wikipedia.org/wiki/Empower_Field_at_Mile_High,https://en.wikipedia.org/wiki/Empower_Field_at_Mile_High,Point(-105.02 39.743888888),3.048,39.743888888889,-105.02,30,http://www.wikidata.org/entity/Q37985280,Empower Field at Mile High,American football stadium
http://www.wikidata.org/entity/Q2161532,https://de.wikipedia.org/wiki/Welby_(Colorado),"https://en.wikipedia.org/wiki/Welby,_Colorado",Point(-104.966 39.8472),12.112,39.8472,-104.966,27,http://www.wikidata.org/entity/Q498162,Welby,census-designated place in the United States
http://www.wikidata.org/entity/Q1729611,https://de.wikipedia.org/wiki/Sherrelwood,"https://en.wikipedia.org/wiki/Sherrelwood,_Colorado",Point(-105.001666666 39.840833333),11.387,39.840833333333,-105.00166666667,27,http://www.wikidata.org/entity/Q498162,Sherrelwood,census-designated place in the United States
http://www.wikidata.org/entity/Q120847,https://de.wikipedia.org/wiki/Berkley_(Colorado),"https://en.wikipedia.org/wiki/Berkley,_Colorado",Point(-105.027 39.8039),8.041,39.8039,-105.027,26,http://www.wikidata.org/entity/Q498162,Berkley,census-designated place in the United States
http://www.wikidata.org/entity/Q120847,https://de.wikipedia.org/wiki/Berkley_(Colorado),"https://en.wikipedia.org/wiki/Berkley,_Colorado",Point(-105.027 39.8039),8.041,39.8039,-105.027,26,http://www.wikidata.org/entity/Q17343829,Berkley,unincorporated community in the United States
http://www.wikidata.org/entity/Q621578,https://de.wikipedia.org/wiki/Applewood_(Colorado),"https://en.wikipedia.org/wiki/Applewood,_Colorado",Point(-105.155 39.74972),14.592,39.74972,-105.155,25,http://www.wikidata.org/entity/Q498162,Applewood,census-designated place in the United States
http://www.wikidata.org/entity/Q1129916,https://de.wikipedia.org/wiki/Coors_Field,https://en.wikipedia.org/wiki/Coors_Field,Point(-104.994166666 39.756111111),2.038,39.756111111111,-104.99416666667,25,http://www.wikidata.org/entity/Q483110,Coors Field,stadium
http://www.wikidata.org/entity/Q1129916,https://de.wikipedia.org/wiki/Coors_Field,https://en.wikipedia.org/wiki/Coors_Field,Point(-104.994166666 39.756111111),2.038,39.756111111111,-104.99416666667,25,http://www.wikidata.org/entity/Q595452,Coors Field,baseball venue
http://www.wikidata.org/entity/Q2444764,,"https://en.wikipedia.org/wiki/North_Washington,_Colorado",Point(-104.982 39.8053),7.35,39.8053,-104.982,24,http://www.wikidata.org/entity/Q498162,North Washington,census-designated place in the United States
http://www.wikidata.org/entity/Q1189960,https://de.wikipedia.org/wiki/Denver_Art_Museum,https://en.wikipedia.org/wiki/Denver_Art_Museum,Point(-104.989345 39.737188),0.446,39.737188,-104.989345,24,http://www.wikidata.org/entity/Q163740,Denver Art Museum,nonprofit organization
http://www.wikidata.org/entity/Q1189960,https://de.wikipedia.org/wiki/Denver_Art_Museum,https://en.wikipedia.org/wiki/Denver_Art_Museum,Point(-104.989345 39.737188),0.446,39.737188,-104.989345,24,http://www.wikidata.org/entity/Q207694,Denver Art Museum,art museum
http://www.wikidata.org/entity/Q1189960,https://de.wikipedia.org/wiki/Denver_Art_Museum,https://en.wikipedia.org/wiki/Denver_Art_Museum,Point(-104.989345 39.737188),0.446,39.737188,-104.989345,24,http://www.wikidata.org/entity/Q33506,Denver Art Museum,museum
http://www.wikidata.org/entity/Q2535145,,"https://en.wikipedia.org/wiki/Derby,_Colorado",Point(-104.917 39.8389),12.507,39.8389,-104.917,23,http://www.wikidata.org/entity/Q498162,Derby,census-designated place in the United States
http://www.wikidata.org/entity/Q2101472,,"https://en.wikipedia.org/wiki/East_Pleasant_View,_Colorado",Point(-105.157 39.7278),14.774,39.7278,-105.157,21,http://www.wikidata.org/entity/Q498162,East Pleasant View,census-designated place in the United States
http://www.wikidata.org/entity/Q1210268,https://de.wikipedia.org/wiki/Dick%E2%80%99s_Sporting_Goods_Park,https://en.wikipedia.org/wiki/Dick%27s_Sporting_Goods_Park,Point(-104.891944444 39.805555555),10.837,39.805555555556,-104.89194444444,21,http://www.wikidata.org/entity/Q1154710,Dick's Sporting Goods Park,association football venue
http://www.wikidata.org/entity/Q1901403,,"https://en.wikipedia.org/wiki/Twin_Lakes,_Adams_County,_Colorado",Point(-105.004 39.825),9.675,39.825,-105.004,20,http://www.wikidata.org/entity/Q498162,Twin Lakes,census-designated place in the United States
http://www.wikidata.org/entity/Q1468161,https://de.wikipedia.org/wiki/University_of_Colorado_Denver,https://en.wikipedia.org/wiki/University_of_Colorado_Denver,Point(-105.003119 39.743461),1.63,39.743461,-105.003119,18,http://www.wikidata.org/entity/Q875538,University of Colorado Denver,public university
http://www.wikidata.org/entity/Q1468161,https://de.wikipedia.org/wiki/University_of_Colorado_Denver,https://en.wikipedia.org/wiki/University_of_Colorado_Denver,Point(-105.003119 39.743461),1.63,39.743461,-105.003119,18,http://www.wikidata.org/entity/Q23002039,University of Colorado Denver,public educational institution of the United States
http://www.wikidata.org/entity/Q5165237,https://de.wikipedia.org/wiki/Continental-Airlines-Flug_1713,https://en.wikipedia.org/wiki/Continental_Airlines_Flight_1713,Point(-104.892 39.761),8.299,39.761,-104.892,16,http://www.wikidata.org/entity/Q3002150,Continental Airlines Flight 1713,aircraft crash
http://www.wikidata.org/entity/Q1147408,https://de.wikipedia.org/wiki/Republic_Plaza_(Denver),https://en.wikipedia.org/wiki/Republic_Plaza_(Denver),Point(-104.988611111 39.743333333),0.557,39.743333333333,-104.98861111111,16,http://www.wikidata.org/entity/Q11303,Republic Plaza,skyscraper
http://www.wikidata.org/entity/Q1364433,https://de.wikipedia.org/wiki/Erzbistum_Denver,https://en.wikipedia.org/wiki/Archdiocese_of_Denver,Point(-104.948055555 39.693333333),5.997,39.693333333333,-104.94805555556,15,http://www.wikidata.org/entity/Q105390172,Roman Catholic Archdiocese of Denver,Roman Catholic metropolitan archdiocese
http://www.wikidata.org/entity/Q5092313,,"https://en.wikipedia.org/wiki/Cherry_Creek,_Colorado",Point(-104.882777777 39.634444444),14.562,39.634444444444,-104.88277777778,14,http://www.wikidata.org/entity/Q498162,Cherry Creek,census-designated place in the United States
http://www.wikidata.org/entity/Q1436575,https://de.wikipedia.org/wiki/Stapleton_International_Airport,https://en.wikipedia.org/wiki/Stapleton_International_Airport,Point(-104.88184 39.779255),9.866,39.779255,-104.88184,14,http://www.wikidata.org/entity/Q123705,Stapleton International Airport,neighborhood
http://www.wikidata.org/entity/Q1111402,https://de.wikipedia.org/wiki/Colorado_State_Capitol,https://en.wikipedia.org/wiki/Colorado_State_Capitol,Point(-104.984897222 39.739094444),0.016,39.739094444444,-104.98489722222,14,http://www.wikidata.org/entity/Q3284499,Colorado State Capitol,capitol building
http://www.wikidata.org/entity/Q5882059,,"https://en.wikipedia.org/wiki/Holly_Hills,_Colorado",Point(-104.918 39.6675),9.815,39.6675,-104.918,13,http://www.wikidata.org/entity/Q498162,Holly Hills,census-designated place in the United States
http://www.wikidata.org/entity/Q6126924,,"https://en.wikipedia.org/wiki/Shaw_Heights,_Colorado",Point(-105.043 39.8525),13.538,39.8525,-105.043,13,http://www.wikidata.org/entity/Q498162,Shaw Heights,census-designated place in the United States
http://www.wikidata.org/entity/Q6126924,,"https://en.wikipedia.org/wiki/Shaw_Heights,_Colorado",Point(-105.039 39.8575),13.939,39.8525,-105.043,13,http://www.wikidata.org/entity/Q498162,Shaw Heights,census-designated place in the United States
http://www.wikidata.org/entity/Q6126924,,"https://en.wikipedia.org/wiki/Shaw_Heights,_Colorado",Point(-105.043 39.8525),13.538,39.8575,-105.039,13,http://www.wikidata.org/entity/Q498162,Shaw Heights,census-designated place in the United States
http://www.wikidata.org/entity/Q6126924,,"https://en.wikipedia.org/wiki/Shaw_Heights,_Colorado",Point(-105.039 39.8575),13.939,39.8575,-105.039,13,http://www.wikidata.org/entity/Q498162,Shaw Heights,census-designated place in the United States
http://www.wikidata.org/entity/Q1494548,https://de.wikipedia.org/wiki/Repr%C3%A4sentantenhaus_von_Colorado,https://en.wikipedia.org/wiki/Colorado_House_of_Representatives,Point(-104.9848 39.7392),0.007,39.7392,-104.9848,13,http://www.wikidata.org/entity/Q2145277,Colorado House of Representatives,house of representatives
http://www.wikidata.org/entity/Q1494548,https://de.wikipedia.org/wiki/Repr%C3%A4sentantenhaus_von_Colorado,https://en.wikipedia.org/wiki/Colorado_House_of_Representatives,Point(-104.9848 39.7392),0.007,39.7392,-104.9848,13,http://www.wikidata.org/entity/Q18608569,Colorado House of Representatives,lower house of U.S. state legislature
http://www.wikidata.org/entity/Q1856153,https://de.wikipedia.org/wiki/National_Renewable_Energy_Laboratory,https://en.wikipedia.org/wiki/National_Renewable_Energy_Laboratory,Point(-105.156 39.7406),14.633,39.7406,-105.156,13,http://www.wikidata.org/entity/Q483242,National Renewable Energy Laboratory,laboratory
http://www.wikidata.org/entity/Q1856153,https://de.wikipedia.org/wiki/National_Renewable_Energy_Laboratory,https://en.wikipedia.org/wiki/National_Renewable_Energy_Laboratory,Point(-105.156 39.7406),14.633,39.7406,-105.156,13,http://www.wikidata.org/entity/Q31855,National Renewable Energy Laboratory,research institute
http://www.wikidata.org/entity/Q2750084,https://de.wikipedia.org/wiki/Metropolregion_Denver,https://en.wikipedia.org/wiki/Denver_metropolitan_area,Point(-104.9849171 39.7392166),0.005,39.7392166,-104.9849171,13,http://www.wikidata.org/entity/Q1768043,Denver metropolitan area,metropolitan statistical area
http://www.wikidata.org/entity/Q2956452,,https://en.wikipedia.org/wiki/Denver_Mint,Point(-104.9925 39.739444444),0.653,39.739444444444,-104.9925,12,http://www.wikidata.org/entity/Q4956389,Denver Mint,branch mint
http://www.wikidata.org/entity/Q1934586,https://de.wikipedia.org/wiki/Mile_High_Stadium,https://en.wikipedia.org/wiki/Mile_High_Stadium,Point(-105.021666666 39.746111111),3.238,39.746111111111,-105.02166666667,12,http://www.wikidata.org/entity/Q483110,Mile High Stadium,stadium
http://www.wikidata.org/entity/Q5148810,https://de.wikipedia.org/wiki/Colorado_General_Assembly,https://en.wikipedia.org/wiki/Colorado_General_Assembly,Point(-104.984861111 39.739222222),0.002,39.739222222222,-104.98486111111,12,http://www.wikidata.org/entity/Q189445,Colorado General Assembly,bicameral legislature
http://www.wikidata.org/entity/Q5148810,https://de.wikipedia.org/wiki/Colorado_General_Assembly,https://en.wikipedia.org/wiki/Colorado_General_Assembly,Point(-104.984861111 39.739222222),0.002,39.739222222222,-104.98486111111,12,http://www.wikidata.org/entity/Q3270264,Colorado General Assembly,legislature of a U.S. state
http://www.wikidata.org/entity/Q15906757,,https://en.wikipedia.org/wiki/Denver_County,Point(-104.985 39.7392),0.012,39.7392,-104.985,11,http://www.wikidata.org/entity/Q13410403,Denver County,county of Colorado
http://www.wikidata.org/entity/Q200328,https://de.wikipedia.org/wiki/1801_California_Street,https://en.wikipedia.org/wiki/1801_California_Street,Point(-104.989722222 39.747777777),1.037,39.747777777778,-104.98972222222,11,http://www.wikidata.org/entity/Q18142,1801 California Street,tower block
http://www.wikidata.org/entity/Q649299,https://de.wikipedia.org/wiki/Regis_University,https://en.wikipedia.org/wiki/Regis_University,Point(-105.031765 39.789693),6.895,39.789693,-105.031765,11,http://www.wikidata.org/entity/Q23002054,Regis University,private not-for-profit educational institution
http://www.wikidata.org/entity/Q649299,https://de.wikipedia.org/wiki/Regis_University,https://en.wikipedia.org/wiki/Regis_University,Point(-105.031765 39.789693),6.895,39.789693,-105.031765,11,http://www.wikidata.org/entity/Q45400320,Regis University,open-access publisher
http://www.wikidata.org/entity/Q649299,https://de.wikipedia.org/wiki/Regis_University,https://en.wikipedia.org/wiki/Regis_University,Point(-105.031765 39.789693),6.895,39.789693,-105.031765,11,http://www.wikidata.org/entity/Q3918,Regis University,university
http://www.wikidata.org/entity/Q2942873,https://de.wikipedia.org/wiki/Kathedralbasilika_der_Unbefleckten_Empf%C3%A4ngnis_(Denver),https://en.wikipedia.org/wiki/Cathedral_Basilica_of_the_Immaculate_Conception_(Denver),Point(-104.982 39.7403),0.272,39.7403,-104.982,11,http://www.wikidata.org/entity/Q120560,Cathedral Basilica of the Immaculate Conception,minor basilica
http://www.wikidata.org/entity/Q2942873,https://de.wikipedia.org/wiki/Kathedralbasilika_der_Unbefleckten_Empf%C3%A4ngnis_(Denver),https://en.wikipedia.org/wiki/Cathedral_Basilica_of_the_Immaculate_Conception_(Denver),Point(-104.982 39.7403),0.272,39.7403,-104.982,11,http://www.wikidata.org/entity/Q56242215,Cathedral Basilica of the Immaculate Conception,Catholic cathedral
http://www.wikidata.org/entity/Q3550021,,https://en.wikipedia.org/wiki/Denver_Union_Station,Point(-105.0 39.753056),2.009,39.753056,-105.0,10,http://www.wikidata.org/entity/Q7886778,Union Station,union station
http://www.wikidata.org/entity/Q3550021,,https://en.wikipedia.org/wiki/Denver_Union_Station,Point(-105.0 39.753056),2.009,39.753056,-105.0,10,http://www.wikidata.org/entity/Q55485,Union Station,dead-end railway station
http://www.wikidata.org/entity/Q581344,https://de.wikipedia.org/wiki/Denver_Zoo,https://en.wikipedia.org/wiki/Denver_Zoo_Conservation_Alliance,Point(-104.95 39.75),3.212,39.75,-104.95,10,http://www.wikidata.org/entity/Q163740,Denver Zoo,nonprofit organization
http://www.wikidata.org/entity/Q581344,https://de.wikipedia.org/wiki/Denver_Zoo,https://en.wikipedia.org/wiki/Denver_Zoo_Conservation_Alliance,Point(-104.95 39.75),3.212,39.75,-104.95,10,http://www.wikidata.org/entity/Q43501,Denver Zoo,zoo
http://www.wikidata.org/entity/Q2081796,https://de.wikipedia.org/wiki/McNichols_Sports_Arena,https://en.wikipedia.org/wiki/McNichols_Sports_Arena,Point(-105.0225 39.742777777),3.242,39.742777777778,-105.0225,10,http://www.wikidata.org/entity/Q641226,McNichols Sports Arena,arena
http://www.wikidata.org/entity/Q1494453,https://de.wikipedia.org/wiki/Senat_von_Colorado,https://en.wikipedia.org/wiki/Colorado_Senate,Point(-104.9848 39.7392),0.007,39.7392,-104.9848,10,http://www.wikidata.org/entity/Q2570643,Colorado Senate,senate
http://www.wikidata.org/entity/Q1494453,https://de.wikipedia.org/wiki/Senat_von_Colorado,https://en.wikipedia.org/wiki/Colorado_Senate,Point(-104.9848 39.7392),0.007,39.7392,-104.9848,10,http://www.wikidata.org/entity/Q15891112,Colorado Senate,upper house of U.S. state legislature
http://www.wikidata.org/entity/Q1631887,https://de.wikipedia.org/wiki/Wells_Fargo_Center_(Denver),https://en.wikipedia.org/wiki/Wells_Fargo_Center_(Denver),Point(-104.985 39.7446),0.596,39.7446,-104.985,10,http://www.wikidata.org/entity/Q18761864,Wells Fargo Center,bank building
http://www.wikidata.org/entity/Q286918,,https://en.wikipedia.org/wiki/United_States_Court_of_Appeals_for_the_Tenth_Circuit,Point(-104.990535843 39.748552237),1.144,39.748552237484,-104.99053584399,9,http://www.wikidata.org/entity/Q1641851,United States Court of Appeals for the Tenth Circuit,United States court of appeals
http://www.wikidata.org/entity/Q2505370,,https://en.wikipedia.org/wiki/BMW_Championship_(PGA_Tour),Point(-104.963 39.643),10.863,39.643,-104.963,9,http://www.wikidata.org/entity/Q2990946,BMW Championship,golf tournament
http://www.wikidata.org/entity/Q5475508,,https://en.wikipedia.org/wiki/Four_Seasons_Hotel_Denver,Point(-104.99846 39.74637),1.407,39.74637,-104.99846,8,http://www.wikidata.org/entity/Q11303,Four Seasons Hotel Denver,skyscraper
http://www.wikidata.org/entity/Q5475508,,https://en.wikipedia.org/wiki/Four_Seasons_Hotel_Denver,Point(-104.998 39.7464),1.377,39.74637,-104.99846,8,http://www.wikidata.org/entity/Q11303,Four Seasons Hotel Denver,skyscraper
http://www.wikidata.org/entity/Q5475508,,https://en.wikipedia.org/wiki/Four_Seasons_Hotel_Denver,Point(-104.99846 39.74637),1.407,39.7464,-104.998,8,http://www.wikidata.org/entity/Q11303,Four Seasons Hotel Denver,skyscraper
http://www.wikidata.org/entity/Q5475508,,https://en.wikipedia.org/wiki/Four_Seasons_Hotel_Denver,Point(-104.998 39.7464),1.377,39.7464,-104.998,8,http://www.wikidata.org/entity/Q11303,Four Seasons Hotel Denver,skyscraper
http://www.wikidata.org/entity/Q5475508,,https://en.wikipedia.org/wiki/Four_Seasons_Hotel_Denver,Point(-104.99846 39.74637),1.407,39.74637,-104.99846,8,http://www.wikidata.org/entity/Q27686,Four Seasons Hotel Denver,hotel
http://www.wikidata.org/entity/Q5475508,,https://en.wikipedia.org/wiki/Four_Seasons_Hotel_Denver,Point(-104.998 39.7464),1.377,39.74637,-104.99846,8,http://www.wikidata.org/entity/Q27686,Four Seasons Hotel Denver,hotel
http://www.wikidata.org/entity/Q5475508,,https://en.wikipedia.org/wiki/Four_Seasons_Hotel_Denver,Point(-104.99846 39.74637),1.407,39.7464,-104.998,8,http://www.wikidata.org/entity/Q27686,Four Seasons Hotel Denver,hotel
http://www.wikidata.org/entity/Q5475508,,https://en.wikipedia.org/wiki/Four_Seasons_Hotel_Denver,Point(-104.998 39.7464),1.377,39.7464,-104.998,8,http://www.wikidata.org/entity/Q27686,Four Seasons Hotel Denver,hotel
http://www.wikidata.org/entity/Q331895,https://de.wikipedia.org/wiki/Pikes_Peak_Goldrausch,https://en.wikipedia.org/wiki/Pike%27s_Peak_gold_rush,Point(-105.002777777 39.659722222),8.973,39.659722222222,-105.00277777778,8,http://www.wikidata.org/entity/Q273182,Pike's Peak gold rush,gold rush
http://www.wikidata.org/entity/Q613736,https://de.wikipedia.org/wiki/Metropolitan_State_University_of_Denver,https://en.wikipedia.org/wiki/Metropolitan_State_University_of_Denver,Point(-105.002689 39.74191),1.553,39.74191,-105.002689,8,http://www.wikidata.org/entity/Q875538,Metropolitan State University of Denver,public university
http://www.wikidata.org/entity/Q613736,https://de.wikipedia.org/wiki/Metropolitan_State_University_of_Denver,https://en.wikipedia.org/wiki/Metropolitan_State_University_of_Denver,Point(-105.002689 39.74191),1.553,39.74191,-105.002689,8,http://www.wikidata.org/entity/Q23002039,Metropolitan State University of Denver,public educational institution of the United States
http://www.wikidata.org/entity/Q4118734,https://de.wikipedia.org/wiki/United-Air-Lines-Flug_610,https://en.wikipedia.org/wiki/United_Air_Lines_Flight_610,Point(-104.985 39.7392),0.012,39.7392,-104.985,8,http://www.wikidata.org/entity/Q744913,United Airlines Flight 610,aviation accident
http://www.wikidata.org/entity/Q3330052,,https://en.wikipedia.org/wiki/Denver_Museum_of_Nature_and_Science,Point(-104.942829257 39.74812003),3.727,39.7475,-104.942,7,http://www.wikidata.org/entity/Q163740,Denver Museum of Nature and Science,nonprofit organization
http://www.wikidata.org/entity/Q3330052,,https://en.wikipedia.org/wiki/Denver_Museum_of_Nature_and_Science,Point(-104.942 39.7475),3.778,39.7475,-104.942,7,http://www.wikidata.org/entity/Q163740,Denver Museum of Nature and Science,nonprofit organization
http://www.wikidata.org/entity/Q3330052,,https://en.wikipedia.org/wiki/Denver_Museum_of_Nature_and_Science,Point(-104.942829257 39.74812003),3.727,39.74812003077,-104.94282925767,7,http://www.wikidata.org/entity/Q163740,Denver Museum of Nature and Science,nonprofit organization
http://www.wikidata.org/entity/Q3330052,,https://en.wikipedia.org/wiki/Denver_Museum_of_Nature_and_Science,Point(-104.942 39.7475),3.778,39.74812003077,-104.94282925767,7,http://www.wikidata.org/entity/Q163740,Denver Museum of Nature and Science,nonprofit organization
http://www.wikidata.org/entity/Q3330052,,https://en.wikipedia.org/wiki/Denver_Museum_of_Nature_and_Science,Point(-104.942829257 39.74812003),3.727,39.7475,-104.942,7,http://www.wikidata.org/entity/Q1970365,Denver Museum of Nature and Science,natural history museum
http://www.wikidata.org/entity/Q3330052,,https://en.wikipedia.org/wiki/Denver_Museum_of_Nature_and_Science,Point(-104.942 39.7475),3.778,39.7475,-104.942,7,http://www.wikidata.org/entity/Q1970365,Denver Museum of Nature and Science,natural history museum
http://www.wikidata.org/entity/Q3330052,,https://en.wikipedia.org/wiki/Denver_Museum_of_Nature_and_Science,Point(-104.942829257 39.74812003),3.727,39.74812003077,-104.94282925767,7,http://www.wikidata.org/entity/Q1970365,Denver Museum of Nature and Science,natural history museum
http://www.wikidata.org/entity/Q3330052,,https://en.wikipedia.org/wiki/Denver_Museum_of_Nature_and_Science,Point(-104.942 39.7475),3.778,39.74812003077,-104.94282925767,7,http://www.wikidata.org/entity/Q1970365,Denver Museum of Nature and Science,natural history museum
http://www.wikidata.org/entity/Q3330052,,https://en.wikipedia.org/wiki/Denver_Museum_of_Nature_and_Science,Point(-104.942829257 39.74812003),3.727,39.7475,-104.942,7,http://www.wikidata.org/entity/Q33506,Denver Museum of Nature and Science,museum
http://www.wikidata.org/entity/Q3330052,,https://en.wikipedia.org/wiki/Denver_Museum_of_Nature_and_Science,Point(-104.942 39.7475),3.778,39.7475,-104.942,7,http://www.wikidata.org/entity/Q33506,Denver Museum of Nature and Science,museum
http://www.wikidata.org/entity/Q3330052,,https://en.wikipedia.org/wiki/Denver_Museum_of_Nature_and_Science,Point(-104.942829257 39.74812003),3.727,39.74812003077,-104.94282925767,7,http://www.wikidata.org/entity/Q33506,Denver Museum of Nature and Science,museum
http://www.wikidata.org/entity/Q3330052,,https://en.wikipedia.org/wiki/Denver_Museum_of_Nature_and_Science,Point(-104.942 39.7475),3.778,39.74812003077,-104.94282925767,7,http://www.wikidata.org/entity/Q33506,Denver Museum of Nature and Science,museum
http://www.wikidata.org/entity/Q3003810,,https://en.wikipedia.org/wiki/Denver_Botanic_Gardens,Point(-104.960619226 39.732265514),2.213,39.7325,-104.960833,6,http://www.wikidata.org/entity/Q163740,Denver Botanic Gardens,nonprofit organization
http://www.wikidata.org/entity/Q3003810,,https://en.wikipedia.org/wiki/Denver_Botanic_Gardens,Point(-104.960833 39.7325),2.187,39.7325,-104.960833,6,http://www.wikidata.org/entity/Q163740,Denver Botanic Gardens,nonprofit organization
http://www.wikidata.org/entity/Q3003810,,https://en.wikipedia.org/wiki/Denver_Botanic_Gardens,Point(-104.960619226 39.732265514),2.213,39.732265514541,-104.96061922643,6,http://www.wikidata.org/entity/Q163740,Denver Botanic Gardens,nonprofit organization
http://www.wikidata.org/entity/Q3003810,,https://en.wikipedia.org/wiki/Denver_Botanic_Gardens,Point(-104.960833 39.7325),2.187,39.732265514541,-104.96061922643,6,http://www.wikidata.org/entity/Q163740,Denver Botanic Gardens,nonprofit organization
http://www.wikidata.org/entity/Q3003810,,https://en.wikipedia.org/wiki/Denver_Botanic_Gardens,Point(-104.960619226 39.732265514),2.213,39.7325,-104.960833,6,http://www.wikidata.org/entity/Q167346,Denver Botanic Gardens,botanical garden
http://www.wikidata.org/entity/Q3003810,,https://en.wikipedia.org/wiki/Denver_Botanic_Gardens,Point(-104.960833 39.7325),2.187,39.7325,-104.960833,6,http://www.wikidata.org/entity/Q167346,Denver Botanic Gardens,botanical garden
http://www.wikidata.org/entity/Q3003810,,https://en.wikipedia.org/wiki/Denver_Botanic_Gardens,Point(-104.960619226 39.732265514),2.213,39.732265514541,-104.96061922643,6,http://www.wikidata.org/entity/Q167346,Denver Botanic Gardens,botanical garden
http://www.wikidata.org/entity/Q3003810,,https://en.wikipedia.org/wiki/Denver_Botanic_Gardens,Point(-104.960833 39.7325),2.187,39.732265514541,-104.96061922643,6,http://www.wikidata.org/entity/Q167346,Denver Botanic Gardens,botanical garden
http://www.wikidata.org/entity/Q3003810,,https://en.wikipedia.org/wiki/Denver_Botanic_Gardens,Point(-104.960619226 39.732265514),2.213,39.7325,-104.960833,6,http://www.wikidata.org/entity/Q33506,Denver Botanic Gardens,museum
http://www.wikidata.org/entity/Q3003810,,https://en.wikipedia.org/wiki/Denver_Botanic_Gardens,Point(-104.960833 39.7325),2.187,39.7325,-104.960833,6,http://www.wikidata.org/entity/Q33506,Denver Botanic Gardens,museum
http://www.wikidata.org/entity/Q3003810,,https://en.wikipedia.org/wiki/Denver_Botanic_Gardens,Point(-104.960619226 39.732265514),2.213,39.732265514541,-104.96061922643,6,http://www.wikidata.org/entity/Q33506,Denver Botanic Gardens,museum
http://www.wikidata.org/entity/Q3003810,,https://en.wikipedia.org/wiki/Denver_Botanic_Gardens,Point(-104.960833 39.7325),2.187,39.732265514541,-104.96061922643,6,http://www.wikidata.org/entity/Q33506,Denver Botanic Gardens,museum
http://www.wikidata.org/entity/Q5148756,,https://en.wikipedia.org/wiki/Colorado_Christian_University,Point(-105.0945 39.71275),9.828,39.71275,-105.0945,6,http://www.wikidata.org/entity/Q1743327,Colorado Christian University,church college
http://www.wikidata.org/entity/Q5148756,,https://en.wikipedia.org/wiki/Colorado_Christian_University,Point(-105.0945 39.71275),9.828,39.71275,-105.0945,6,http://www.wikidata.org/entity/Q23002054,Colorado Christian University,private not-for-profit educational institution
http://www.wikidata.org/entity/Q7895285,,https://en.wikipedia.org/wiki/University_of_Colorado_Hospital,Point(-104.841 39.7423),12.305,39.7423,-104.841,6,http://www.wikidata.org/entity/Q16917,University of Colorado Hospital,hospital
http://www.wikidata.org/entity/Q5069616,https://de.wikipedia.org/wiki/Chamberlin_Observatory,https://en.wikipedia.org/wiki/Chamberlin_Observatory,Point(-104.953056 39.676111),7.528,39.676111,-104.953056,6,http://www.wikidata.org/entity/Q1254933,Chamberlin Observatory,astronomical observatory
http://www.wikidata.org/entity/Q5130667,https://de.wikipedia.org/wiki/Clear_Creek_(South_Platte_River),https://en.wikipedia.org/wiki/Clear_Creek_(Colorado),Point(-104.949166666 39.8275),10.277,39.8275,-104.94916666667,6,http://www.wikidata.org/entity/Q4022,Clear Creek,river
http://www.wikidata.org/entity/Q7887366,https://de.wikipedia.org/wiki/United-Air-Lines-Flug_859,https://en.wikipedia.org/wiki/United_Air_Lines_Flight_859,Point(-104.891972222 39.760722222),8.292,39.760722222222,-104.89197222222,6,http://www.wikidata.org/entity/Q744913,United Airlines Flight 859,aviation accident
http://www.wikidata.org/entity/Q7989133,https://de.wikipedia.org/wiki/Westminster_Castle,https://en.wikipedia.org/wiki/Westminster_Castle,Point(-105.031442 39.8473),12.657,39.8473,-105.031442,6,http://www.wikidata.org/entity/Q41176,Westminster Castle,building
http://www.wikidata.org/entity/Q2961964,,"https://en.wikipedia.org/wiki/Cheesman_Park,_Denver",Point(-104.965833 39.732778),1.778,39.732778,-104.965833,5,http://www.wikidata.org/entity/Q123705,Cheesman Park,neighborhood
http://www.wikidata.org/entity/Q2961964,,"https://en.wikipedia.org/wiki/Cheesman_Park,_Denver",Point(-104.965833 39.732778),1.778,39.732778,-104.965833,5,http://www.wikidata.org/entity/Q15243209,Cheesman Park,historic district
http://www.wikidata.org/entity/Q2961964,,"https://en.wikipedia.org/wiki/Cheesman_Park,_Denver",Point(-104.965833 39.732778),1.778,39.732778,-104.965833,5,http://www.wikidata.org/entity/Q22746,Cheesman Park,urban park
http://www.wikidata.org/entity/Q2962773,,https://en.wikipedia.org/wiki/Cherry_Creek_(Colorado),Point(-105.008055555 39.755),2.646,39.755,-105.00805555556,5,http://www.wikidata.org/entity/Q4022,Cherry Creek,river
http://www.wikidata.org/entity/Q2962773,,https://en.wikipedia.org/wiki/Cherry_Creek_(Colorado),Point(-105.00804 39.75499),2.645,39.755,-105.00805555556,5,http://www.wikidata.org/entity/Q4022,Cherry Creek,river
http://www.wikidata.org/entity/Q2962773,,https://en.wikipedia.org/wiki/Cherry_Creek_(Colorado),Point(-105.008055555 39.755),2.646,39.75499,-105.00804,5,http://www.wikidata.org/entity/Q4022,Cherry Creek,river
http://www.wikidata.org/entity/Q2962773,,https://en.wikipedia.org/wiki/Cherry_Creek_(Colorado),Point(-105.00804 39.75499),2.645,39.75499,-105.00804,5,http://www.wikidata.org/entity/Q4022,Cherry Creek,river
http://www.wikidata.org/entity/Q3023370,,https://en.wikipedia.org/wiki/Downtown_Aquarium_(Denver),Point(-105.014 39.7517),2.851,39.7517,-105.014,5,http://www.wikidata.org/entity/Q43501,"Downtown Aquarium, Denver",zoo
http://www.wikidata.org/entity/Q4028116,,https://en.wikipedia.org/wiki/Earthtime_Series,Point(-104.98888889 39.7375),0.395,39.7375,-104.98888889,5,http://www.wikidata.org/entity/Q860861,1.26,sculpture
http://www.wikidata.org/entity/Q4640570,,https://en.wikipedia.org/wiki/555_17th_Street,Point(-104.99 39.7452),0.795,39.7452,-104.99,5,http://www.wikidata.org/entity/Q1021645,555 17th Street,office building
http://www.wikidata.org/entity/Q4640570,,https://en.wikipedia.org/wiki/555_17th_Street,Point(-104.99 39.7452),0.795,39.7452,-104.99,5,http://www.wikidata.org/entity/Q11303,555 17th Street,skyscraper
http://www.wikidata.org/entity/Q5098125,,https://en.wikipedia.org/wiki/Children%27s_Hospital_Colorado,Point(-104.836 39.741),12.729,39.741,-104.836,5,http://www.wikidata.org/entity/Q16917,Children's Hospital Colorado,hospital
http://www.wikidata.org/entity/Q7415772,,"https://en.wikipedia.org/wiki/Sand_Creek_(Denver,_Colorado)",Point(-104.888 39.8131),11.66,39.8131,-104.888,5,http://www.wikidata.org/entity/Q4022,Sand Creek,river
http://www.wikidata.org/entity/Q7698657,,https://en.wikipedia.org/wiki/Temple_Sinai_(Denver),Point(-104.927 39.6525),10.84,39.6525,-104.927,5,http://www.wikidata.org/entity/Q34627,Temple Sinai,synagogue
http://www.wikidata.org/entity/Q14684631,,https://en.wikipedia.org/wiki/Infinity_Park,Point(-104.935 39.6992),6.165,39.6992,-104.935,5,http://www.wikidata.org/entity/Q483110,Infinity Park,stadium
http://www.wikidata.org/entity/Q14684631,,https://en.wikipedia.org/wiki/Infinity_Park,Point(-104.935 39.6992),6.165,39.6992,-104.935,5,http://www.wikidata.org/entity/Q1076486,Infinity Park,sports venue
http://www.wikidata.org/entity/Q48861120,,https://en.wikipedia.org/wiki/American_Raptors,Point(-104.934966602 39.697324185),6.319,39.69732418594,-104.93496660201,5,http://www.wikidata.org/entity/Q14645593,American Raptors,rugby union team
http://www.wikidata.org/entity/Q689010,https://de.wikipedia.org/wiki/Streets_of_Denver_(Pepsi_Center),https://en.wikipedia.org/wiki/Grand_Prix_of_Denver,Point(-105.006 39.7467),1.989,39.7467,-105.006,5,http://www.wikidata.org/entity/Q18608583,Grand Prix of Denver,recurring sporting event
http://www.wikidata.org/entity/Q3051155,https://de.wikipedia.org/wiki/Elitch_Gardens,https://en.wikipedia.org/wiki/Elitch_Gardens_Theme_Park,Point(-105.011111111 39.750555555),2.573,39.750555555556,-105.01111111111,5,http://www.wikidata.org/entity/Q194195,Elitch Gardens Theme Park,amusement park
http://www.wikidata.org/entity/Q3051472,https://de.wikipedia.org/wiki/Ellie_Caulkins_Opera_House,https://en.wikipedia.org/wiki/Ellie_Caulkins_Opera_House,Point(-104.998 39.7447),1.277,39.7447,-104.998,5,http://www.wikidata.org/entity/Q24354,Ellie Caulkins Opera House,theatre building
http://www.wikidata.org/entity/Q991069,https://de.wikipedia.org/wiki/Brown_Palace_Hotel,https://en.wikipedia.org/wiki/Brown_Palace_Hotel_(Denver),Point(-104.98792 39.74395),0.586,39.7441,-104.9878,5,http://www.wikidata.org/entity/Q27686,"The Brown Palace Hotel and Spa, Autograph Collection",hotel
http://www.wikidata.org/entity/Q991069,https://de.wikipedia.org/wiki/Brown_Palace_Hotel,https://en.wikipedia.org/wiki/Brown_Palace_Hotel_(Denver),Point(-104.9878 39.7441),0.596,39.7441,-104.9878,5,http://www.wikidata.org/entity/Q27686,"The Brown Palace Hotel and Spa, Autograph Collection",hotel
http://www.wikidata.org/entity/Q991069,https://de.wikipedia.org/wiki/Brown_Palace_Hotel,https://en.wikipedia.org/wiki/Brown_Palace_Hotel_(Denver),Point(-104.98792 39.74395),0.586,39.74395,-104.98792,5,http://www.wikidata.org/entity/Q27686,"The Brown Palace Hotel and Spa, Autograph Collection",hotel
http://www.wikidata.org/entity/Q991069,https://de.wikipedia.org/wiki/Brown_Palace_Hotel,https://en.wikipedia.org/wiki/Brown_Palace_Hotel_(Denver),Point(-104.9878 39.7441),0.596,39.74395,-104.98792,5,http://www.wikidata.org/entity/Q27686,"The Brown Palace Hotel and Spa, Autograph Collection",hotel
http://www.wikidata.org/entity/Q573848,,https://en.wikipedia.org/wiki/Colorado_Convention_Center,Point(-104.996 39.7419),0.997,39.7419,-104.996,4,http://www.wikidata.org/entity/Q483110,Colorado Convention Center,stadium
http://www.wikidata.org/entity/Q573848,,https://en.wikipedia.org/wiki/Colorado_Convention_Center,Point(-104.996 39.7419),0.997,39.7419,-104.996,4,http://www.wikidata.org/entity/Q1378975,Colorado Convention Center,convention center
http://www.wikidata.org/entity/Q1864870,,https://en.wikipedia.org/wiki/Great_American_Beer_Festival,Point(-105.135305555 39.764530555),13.165,39.764530555556,-105.13530555556,4,http://www.wikidata.org/entity/Q2919327,Great American Beer Festival,beer festival
http://www.wikidata.org/entity/Q1864870,,https://en.wikipedia.org/wiki/Great_American_Beer_Festival,Point(-105.135305555 39.764530555),13.165,39.764530555556,-105.13530555556,4,http://www.wikidata.org/entity/Q46205284,Great American Beer Festival,beer award
http://www.wikidata.org/entity/Q2974574,,"https://en.wikipedia.org/wiki/City_Park,_Denver",Point(-104.950556 39.747222),3.064,39.747222,-104.950556,4,http://www.wikidata.org/entity/Q15243209,City Park,historic district
http://www.wikidata.org/entity/Q2974574,,"https://en.wikipedia.org/wiki/City_Park,_Denver",Point(-104.950556 39.747222),3.064,39.747222,-104.950556,4,http://www.wikidata.org/entity/Q22698,City Park,park
http://www.wikidata.org/entity/Q2992562,,https://en.wikipedia.org/wiki/Confluence_Park,Point(-105.00778 39.75472),2.608,39.75472,-105.00778,4,http://www.wikidata.org/entity/Q22698,Confluence Park,park
http://www.wikidata.org/entity/Q2992562,,https://en.wikipedia.org/wiki/Confluence_Park,Point(-105.00778 39.75472),2.608,39.753,-105.012,4,http://www.wikidata.org/entity/Q22698,Confluence Park,park
http://www.wikidata.org/entity/Q2992562,,https://en.wikipedia.org/wiki/Confluence_Park,Point(-105.012 39.753),2.779,39.75472,-105.00778,4,http://www.wikidata.org/entity/Q22698,Confluence Park,park
http://www.wikidata.org/entity/Q2992562,,https://en.wikipedia.org/wiki/Confluence_Park,Point(-105.012 39.753),2.779,39.753,-105.012,4,http://www.wikidata.org/entity/Q22698,Confluence Park,park
http://www.wikidata.org/entity/Q3023367,,https://en.wikipedia.org/wiki/Denver_Health_(hospital),Point(-104.991 39.7288),1.274,39.7288,-104.991,4,http://www.wikidata.org/entity/Q16917,Denver Health Medical Center,hospital
http://www.wikidata.org/entity/Q3352653,,https://en.wikipedia.org/wiki/One_Tabor_Center,Point(-104.996111111 39.749166666),1.464,39.749166666667,-104.99611111111,4,http://www.wikidata.org/entity/Q11303,One Tabor Center,skyscraper
http://www.wikidata.org/entity/Q3352653,,https://en.wikipedia.org/wiki/One_Tabor_Center,Point(-104.996111111 39.749166666),1.464,39.749166666667,-104.99611111111,4,http://www.wikidata.org/entity/Q18142,One Tabor Center,tower block
http://www.wikidata.org/entity/Q3566514,,"https://en.wikipedia.org/wiki/Washington_Park,_Denver",Point(-104.971 39.7),4.521,39.7,-104.971,4,http://www.wikidata.org/entity/Q15243209,Washington Park,historic district
http://www.wikidata.org/entity/Q3566514,,"https://en.wikipedia.org/wiki/Washington_Park,_Denver",Point(-104.971 39.7),4.521,39.7,-104.971,4,http://www.wikidata.org/entity/Q22698,Washington Park,park
http://www.wikidata.org/entity/Q4551716,,https://en.wikipedia.org/wiki/1670_Broadway,Point(-104.987 39.7429),0.446,39.7429,-104.987,4,http://www.wikidata.org/entity/Q11303,1670 Broadway,skyscraper
http://www.wikidata.org/entity/Q4594548,,https://en.wikipedia.org/wiki/1999_Broadway,Point(-104.988 39.7478),0.989,39.7478,-104.988,4,http://www.wikidata.org/entity/Q11303,1999 Broadway,skyscraper
http://www.wikidata.org/entity/Q4595824,,https://en.wikipedia.org/wiki/19th_Street_Bridge,Point(-105.003333 39.76),2.797,39.76,-105.003333,4,http://www.wikidata.org/entity/Q158218,19th Street Bridge,truss bridge
http://www.wikidata.org/entity/Q4680311,,"https://en.wikipedia.org/wiki/Adams_City,_Colorado",Point(-104.928888888 39.826666666),10.834,39.826666666667,-104.92888888889,4,http://www.wikidata.org/entity/Q17343829,Adams City,unincorporated community in the United States
http://www.wikidata.org/entity/Q5035880,,"https://en.wikipedia.org/wiki/Capitol_Hill,_Denver",Point(-104.983 39.7333),0.679,39.7333,-104.983,4,http://www.wikidata.org/entity/Q123705,Capitol Hill,neighborhood
http://www.wikidata.org/entity/Q5035880,,"https://en.wikipedia.org/wiki/Capitol_Hill,_Denver",Point(-104.983 39.7333),0.679,39.7333,-104.983,4,http://www.wikidata.org/entity/Q748198,Capitol Hill,gay village
http://www.wikidata.org/entity/Q5259726,,https://en.wikipedia.org/wiki/Denver_Formation,Point(-104.98 39.74),0.424,39.74,-104.98,4,http://www.wikidata.org/entity/Q736917,Denver Formation,geological formation
http://www.wikidata.org/entity/Q5259775,,https://en.wikipedia.org/wiki/Denver_Public_Library,Point(-104.988056 39.7375),0.334,39.7375,-104.988056,4,http://www.wikidata.org/entity/Q26271642,Denver Public Library,library network
http://www.wikidata.org/entity/Q5259775,,https://en.wikipedia.org/wiki/Denver_Public_Library,Point(-104.988056 39.7375),0.334,39.7375,-104.988056,4,http://www.wikidata.org/entity/Q7075,Denver Public Library,library
http://www.wikidata.org/entity/Q5316033,,"https://en.wikipedia.org/wiki/Dupont,_Colorado",Point(-104.912 39.8381),12.633,39.8381,-104.912,4,http://www.wikidata.org/entity/Q17343829,Dupont,unincorporated community in the United States
http://www.wikidata.org/entity/Q5952883,,https://en.wikipedia.org/wiki/Hyatt_Regency_Denver_at_the_Colorado_Convention_Center,Point(-104.993611111 39.743611111),0.892,39.743611111111,-104.99361111111,4,http://www.wikidata.org/entity/Q11303,Hyatt Regency Denver at Colorado Convention Center,skyscraper
http://www.wikidata.org/entity/Q6962193,,https://en.wikipedia.org/wiki/Nan_Desu_Kan,Point(-104.90166667 39.62666667),14.4,39.62666667,-104.90166667,4,http://www.wikidata.org/entity/Q15275719,Nan Desu Kan,recurring event
http://www.wikidata.org/entity/Q6973875,,https://en.wikipedia.org/wiki/National_Jewish_Health,Point(-104.942 39.7391),3.665,39.7391,-104.942,4,http://www.wikidata.org/entity/Q16917,National Jewish Health,hospital
http://www.wikidata.org/entity/Q6973875,,https://en.wikipedia.org/wiki/National_Jewish_Health,Point(-104.942 39.7391),3.665,39.7391,-104.942,4,http://www.wikidata.org/entity/Q31855,National Jewish Health,research institute
http://www.wikidata.org/entity/Q7355871,,https://en.wikipedia.org/wiki/Rocky_Mountain_Arsenal,Point(-104.859 39.8283),14.619,39.8283,-104.859,4,http://www.wikidata.org/entity/Q83405,Rocky Mountain Arsenal,factory
http://www.wikidata.org/entity/Q7355871,,https://en.wikipedia.org/wiki/Rocky_Mountain_Arsenal,Point(-104.859 39.8283),14.619,39.8283,-104.859,4,http://www.wikidata.org/entity/Q124638970,Rocky Mountain Arsenal,munitions factory
http://www.wikidata.org/entity/Q7577797,,https://en.wikipedia.org/wiki/Spire_(Denver),Point(-104.996 39.7446),1.124,39.7446,-104.996,4,http://www.wikidata.org/entity/Q11303,Spire,skyscraper
http://www.wikidata.org/entity/Q7588361,,https://en.wikipedia.org/wiki/St._Ignatius_Loyola_Church_(Denver),Point(-104.959722 39.751389),2.539,39.751389,-104.959722,4,http://www.wikidata.org/entity/Q16970,St. Ignatius Loyola Church,church building
http://www.wikidata.org/entity/Q16895577,,https://en.wikipedia.org/wiki/Museum_of_Contemporary_Art_Denver,Point(-105.004 39.7525),2.203,39.7525,-105.004,4,http://www.wikidata.org/entity/Q163740,Museum of Contemporary Art Denver,nonprofit organization
http://www.wikidata.org/entity/Q16895577,,https://en.wikipedia.org/wiki/Museum_of_Contemporary_Art_Denver,Point(-105.004 39.7525),2.203,39.7525,-105.004,4,http://www.wikidata.org/entity/Q207694,Museum of Contemporary Art Denver,art museum
http://www.wikidata.org/entity/Q16895577,,https://en.wikipedia.org/wiki/Museum_of_Contemporary_Art_Denver,Point(-105.004 39.7525),2.203,39.7525,-105.004,4,http://www.wikidata.org/entity/Q33506,Museum of Contemporary Art Denver,museum
http://www.wikidata.org/entity/Q30590441,,"https://en.wikipedia.org/wiki/Larimer_Square,_Denver",Point(-104.999444444 39.747777777),1.567,39.747777777778,-104.99944444444,4,http://www.wikidata.org/entity/Q1348006,Larimer Square,city block
http://www.wikidata.org/entity/Q30590441,,"https://en.wikipedia.org/wiki/Larimer_Square,_Denver",Point(-104.999444444 39.747777777),1.567,39.747777777778,-104.99944444444,4,http://www.wikidata.org/entity/Q15243209,Larimer Square,historic district
http://www.wikidata.org/entity/Q30622005,,https://en.wikipedia.org/wiki/Richthofen_Castle,Point(-104.90611111 39.73527778),6.748,39.73527778,-104.90611111,4,http://www.wikidata.org/entity/Q1802963,Richthofen Castle,mansion
http://www.wikidata.org/entity/Q5259750,"https://de.wikipedia.org/wiki/Denver_Museum_of_Miniatures,_Dolls_and_Toys","https://en.wikipedia.org/wiki/Denver_Museum_of_Miniatures,_Dolls_and_Toys",Point(-105.109007 39.730085),10.664,39.730085,-105.109007,4,http://www.wikidata.org/entity/Q1850552,"Denver Museum of Miniatures, Dolls and Toys",doll museum
http://www.wikidata.org/entity/Q5259750,"https://de.wikipedia.org/wiki/Denver_Museum_of_Miniatures,_Dolls_and_Toys","https://en.wikipedia.org/wiki/Denver_Museum_of_Miniatures,_Dolls_and_Toys",Point(-105.109007 39.730085),10.664,39.730085,-105.109007,4,http://www.wikidata.org/entity/Q2310465,"Denver Museum of Miniatures, Dolls and Toys",toy museum
http://www.wikidata.org/entity/Q527049,,https://en.wikipedia.org/wiki/16th_Street_Mall,Point(-104.997 39.7486),1.47,39.7486,-104.997,3,http://www.wikidata.org/entity/Q369730,16th Street Mall,pedestrian zone
http://www.wikidata.org/entity/Q527049,,https://en.wikipedia.org/wiki/16th_Street_Mall,Point(-104.997 39.7486),1.47,39.7486,-104.997,3,http://www.wikidata.org/entity/Q7834363,16th Street Mall,transit mall
http://www.wikidata.org/entity/Q901770,,https://en.wikipedia.org/wiki/Daniels_%26_Fisher_Tower,Point(-104.995278 39.748333),1.348,39.748333,-104.995278,3,http://www.wikidata.org/entity/Q655686,Daniels & Fisher Tower,commercial building
http://www.wikidata.org/entity/Q3023372,,https://en.wikipedia.org/wiki/Denver_Performing_Arts_Complex,Point(-104.997 39.7444),1.186,39.7444,-104.997,3,http://www.wikidata.org/entity/Q3469910,Denver Performing Arts Complex,performing arts center
http://www.wikidata.org/entity/Q3145247,,https://en.wikipedia.org/wiki/AdventHealth_Porter,Point(-104.975 39.6703),7.711,39.6703,-104.975,3,http://www.wikidata.org/entity/Q7048982,AdventHealth Porter,non-profit hospital
http://www.wikidata.org/entity/Q3418317,,https://en.wikipedia.org/wiki/Ralston_Creek_(Colorado),Point(-105.054 39.7981),8.818,39.7981,-105.054,3,http://www.wikidata.org/entity/Q4022,Ralston Creek,river
http://www.wikidata.org/entity/Q3577962,,https://en.wikipedia.org/wiki/Josef_Korbel_School_of_International_Studies,Point(-104.962 39.6783),7.052,39.6783,-104.962,3,http://www.wikidata.org/entity/Q4671277,Josef Korbel School of International Studies,academic institution
http://www.wikidata.org/entity/Q4553686,,https://en.wikipedia.org/wiki/17th_Street_Plaza,Point(-104.995 39.7503),1.505,39.7503,-104.995,3,http://www.wikidata.org/entity/Q11303,17th Street Plaza,skyscraper
http://www.wikidata.org/entity/Q4641833,,https://en.wikipedia.org/wiki/621_17th_Street,Point(-104.99007 39.745867),0.861,39.745867,-104.99007,3,http://www.wikidata.org/entity/Q11303,621 17th Street,skyscraper
http://www.wikidata.org/entity/Q4641918,,https://en.wikipedia.org/wiki/633_17th_Street,Point(-104.989919 39.746599),0.926,39.746599,-104.989919,3,http://www.wikidata.org/entity/Q11303,633 17th Street,skyscraper
http://www.wikidata.org/entity/Q4642996,,https://en.wikipedia.org/wiki/707_17th_Street,Point(-104.99 39.7471),0.978,39.7471,-104.99,3,http://www.wikidata.org/entity/Q41176,707 17th Street,building
http://www.wikidata.org/entity/Q4770537,,https://en.wikipedia.org/wiki/University_of_Colorado_Anschutz,Point(-104.838 39.7451),12.573,39.7451,-104.838,3,http://www.wikidata.org/entity/Q209465,Anschutz Medical Campus,campus
http://www.wikidata.org/entity/Q4770537,,https://en.wikipedia.org/wiki/University_of_Colorado_Anschutz,Point(-104.838 39.7451),12.573,39.7451,-104.838,3,http://www.wikidata.org/entity/Q23002039,Anschutz Medical Campus,public educational institution of the United States
http://www.wikidata.org/entity/Q4947785,,https://en.wikipedia.org/wiki/Boston_Building,Point(-104.9925 39.746944),1.077,39.746944,-104.9925,3,http://www.wikidata.org/entity/Q655686,Boston Building,commercial building
http://www.wikidata.org/entity/Q4947785,,https://en.wikipedia.org/wiki/Boston_Building,Point(-104.99257 39.74701),1.087,39.746944,-104.9925,3,http://www.wikidata.org/entity/Q655686,Boston Building,commercial building
http://www.wikidata.org/entity/Q4947785,,https://en.wikipedia.org/wiki/Boston_Building,Point(-104.9925 39.746944),1.077,39.74701,-104.99257,3,http://www.wikidata.org/entity/Q655686,Boston Building,commercial building
http://www.wikidata.org/entity/Q4947785,,https://en.wikipedia.org/wiki/Boston_Building,Point(-104.99257 39.74701),1.087,39.74701,-104.99257,3,http://www.wikidata.org/entity/Q655686,Boston Building,commercial building
http://www.wikidata.org/entity/Q5015703,,https://en.wikipedia.org/wiki/Cableland,Point(-104.939 39.7136),4.848,39.7136,-104.939,3,http://www.wikidata.org/entity/Q481289,Cableland,official residence
http://www.wikidata.org/entity/Q5052395,,https://en.wikipedia.org/wiki/Cathedral_of_St._John_in_the_Wilderness,Point(-104.9775 39.737778),0.65,39.737778,-104.9775,3,http://www.wikidata.org/entity/Q56242250,Cathedral of St. John in the Wilderness,Anglican or Episcopal cathedral
http://www.wikidata.org/entity/Q5073038,,https://en.wikipedia.org/wiki/Chapel_No._1,Point(-104.901111 39.721111),7.44,39.721111,-104.901111,3,http://www.wikidata.org/entity/Q108325,Chapel No. 1,chapel
http://www.wikidata.org/entity/Q5092322,,https://en.wikipedia.org/wiki/Cherry_Creek_Dam,Point(-104.86 39.648),14.732,39.65138,-104.85525,3,http://www.wikidata.org/entity/Q12323,Cherry Creek Dam,dam
http://www.wikidata.org/entity/Q5092322,,https://en.wikipedia.org/wiki/Cherry_Creek_Dam,Point(-104.85525 39.65138),14.778,39.65138,-104.85525,3,http://www.wikidata.org/entity/Q12323,Cherry Creek Dam,dam
http://www.wikidata.org/entity/Q5092322,,https://en.wikipedia.org/wiki/Cherry_Creek_Dam,Point(-104.86 39.648),14.732,39.648,-104.86,3,http://www.wikidata.org/entity/Q12323,Cherry Creek Dam,dam
http://www.wikidata.org/entity/Q5092322,,https://en.wikipedia.org/wiki/Cherry_Creek_Dam,Point(-104.85525 39.65138),14.778,39.648,-104.86,3,http://www.wikidata.org/entity/Q12323,Cherry Creek Dam,dam
http://www.wikidata.org/entity/Q5124271,,https://en.wikipedia.org/wiki/Denver_Civic_Center,Point(-104.989 39.7394),0.354,39.7394,-104.989,3,http://www.wikidata.org/entity/Q22698,Civic Center Park,park
http://www.wikidata.org/entity/Q5148817,,https://en.wikipedia.org/wiki/Colorado_Heights_University,Point(-105.028 39.6615),9.398,39.6615,-105.028,3,http://www.wikidata.org/entity/Q23002054,Colorado Heights University,private not-for-profit educational institution
http://www.wikidata.org/entity/Q5154691,,https://en.wikipedia.org/wiki/Community_College_of_Denver,Point(-105.003 39.741),1.563,39.741,-105.003,3,http://www.wikidata.org/entity/Q23002039,Community College of Denver,public educational institution of the United States
http://www.wikidata.org/entity/Q5259672,,https://en.wikipedia.org/wiki/Denver_Auditorium_Arena,Point(-104.9975 39.744444),1.226,39.744444,-104.9975,3,http://www.wikidata.org/entity/Q641226,Denver Auditorium Arena,arena
http://www.wikidata.org/entity/Q5259698,,https://en.wikipedia.org/wiki/Denver_Coliseum,Point(-104.9707305 39.7791279),4.597,39.7791279,-104.9707305,3,http://www.wikidata.org/entity/Q1076486,Denver Coliseum,sports venue
http://www.wikidata.org/entity/Q5259722,,https://en.wikipedia.org/wiki/Denver_Federal_Center,Point(-105.121 39.7196),11.845,39.7196,-105.121,3,http://www.wikidata.org/entity/Q209465,Denver Federal Center,campus
http://www.wikidata.org/entity/Q5259722,,https://en.wikipedia.org/wiki/Denver_Federal_Center,Point(-105.121 39.7196),11.845,39.7196,-105.121,3,http://www.wikidata.org/entity/Q1497375,Denver Federal Center,architectural ensemble
http://www.wikidata.org/entity/Q5259724,,https://en.wikipedia.org/wiki/Denver_Financial_Center,Point(-104.985 39.7446),0.596,39.7446,-104.985,3,http://www.wikidata.org/entity/Q11303,Denver Financial Center,skyscraper
http://www.wikidata.org/entity/Q5259747,,https://en.wikipedia.org/wiki/International_School_of_Denver,Point(-104.898 39.7228),7.649,39.7228,-104.898,3,http://www.wikidata.org/entity/Q3914,International School of Denver,school
http://www.wikidata.org/entity/Q5291065,,https://en.wikipedia.org/wiki/Dominion_Plaza,Point(-104.991111111 39.745),0.834,39.745,-104.99111111111,3,http://www.wikidata.org/entity/Q11303,Dominion Plaza,skyscraper
http://www.wikidata.org/entity/Q5303415,,https://en.wikipedia.org/wiki/Downtown_Denver,Point(-104.993 39.7459),1.016,39.7459,-104.993,3,http://www.wikidata.org/entity/Q123705,Downtown,neighborhood
http://www.wikidata.org/entity/Q5303415,,https://en.wikipedia.org/wiki/Downtown_Denver,Point(-104.993 39.7459),1.016,39.7459,-104.993,3,http://www.wikidata.org/entity/Q738570,Downtown,central business district
http://www.wikidata.org/entity/Q5361887,,https://en.wikipedia.org/wiki/Elitch_Theatre,Point(-105.046111 39.768333),6.155,39.768333,-105.046111,3,http://www.wikidata.org/entity/Q24354,Elitch Theatre,theatre building
http://www.wikidata.org/entity/Q5361887,,https://en.wikipedia.org/wiki/Elitch_Theatre,Point(-105.046111 39.768333),6.155,39.768333,-105.046111,3,http://www.wikidata.org/entity/Q41253,Elitch Theatre,movie theater
http://www.wikidata.org/entity/Q5415935,,https://en.wikipedia.org/wiki/Evans_Memorial_Chapel,Point(-104.963055555 39.676666666),7.203,39.676666666667,-104.96305555556,3,http://www.wikidata.org/entity/Q108325,Evans Memorial Chapel,chapel
http://www.wikidata.org/entity/Q5430638,,https://en.wikipedia.org/wiki/Fairmount_Cemetery_(Denver),Point(-104.897 39.7053),8.408,39.7053,-104.897,3,http://www.wikidata.org/entity/Q39614,Fairmount Cemetery,cemetery
http://www.wikidata.org/entity/Q5430649,,https://en.wikipedia.org/wiki/Fairmount_Mausoleum_(Denver),Point(-104.893 39.7053),8.715,39.7053,-104.893,3,http://www.wikidata.org/entity/Q162875,Fairmount Mausoleum,mausoleum
http://www.wikidata.org/entity/Q5440113,,"https://en.wikipedia.org/wiki/Federal_Correctional_Institution,_Englewood",Point(-105.105 39.6417),14.942,39.6417,-105.105,3,http://www.wikidata.org/entity/Q61016951,"Federal Correctional Institution, Englewood",United States federal prison
http://www.wikidata.org/entity/Q5448849,,https://en.wikipedia.org/wiki/Fillmore_Auditorium_(Denver),Point(-104.97724 39.74038),0.664,39.74038,-104.97724,3,http://www.wikidata.org/entity/Q1076486,Fillmore Auditorium,sports venue
http://www.wikidata.org/entity/Q5471539,,https://en.wikipedia.org/wiki/Fort_Logan_National_Cemetery,Point(-105.041227777 39.645155555),11.519,39.645155555556,-105.04122777778,3,http://www.wikidata.org/entity/Q1241568,Fort Logan National Cemetery,military cemetery
http://www.wikidata.org/entity/Q5471539,,https://en.wikipedia.org/wiki/Fort_Logan_National_Cemetery,Point(-105.041227777 39.645155555),11.519,39.645155555556,-105.04122777778,3,http://www.wikidata.org/entity/Q1516659,Fort Logan National Cemetery,United States national cemetery
http://www.wikidata.org/entity/Q5595938,,https://en.wikipedia.org/wiki/Granite_Tower_(Denver),Point(-104.992 39.7499),1.334,39.7499,-104.992,3,http://www.wikidata.org/entity/Q11303,Granite Tower,skyscraper
http://www.wikidata.org/entity/Q5758593,,"https://en.wikipedia.org/wiki/Highland,_Denver",Point(-105.012 39.7626),3.483,39.7626,-105.012,3,http://www.wikidata.org/entity/Q123705,Highland,neighborhood
http://www.wikidata.org/entity/Q6479071,,https://en.wikipedia.org/wiki/Lakeside_Amusement_Park,Point(-105.059444444 39.778333333),7.716,39.778333333333,-105.05944444444,3,http://www.wikidata.org/entity/Q194195,Lakeside Amusement Park,amusement park
http://www.wikidata.org/entity/Q6479388,,https://en.wikipedia.org/wiki/Lakewood_Cultural_Center,Point(-105.085 39.7083),9.229,39.7083,-105.085,3,http://www.wikidata.org/entity/Q1329623,Lakewood Cultural Center,cultural center
http://www.wikidata.org/entity/Q6479388,,https://en.wikipedia.org/wiki/Lakewood_Cultural_Center,Point(-105.085136926 39.708926238),9.214,39.7083,-105.085,3,http://www.wikidata.org/entity/Q1329623,Lakewood Cultural Center,cultural center
http://www.wikidata.org/entity/Q6479388,,https://en.wikipedia.org/wiki/Lakewood_Cultural_Center,Point(-105.085 39.7083),9.229,39.708926238422,-105.08513692699,3,http://www.wikidata.org/entity/Q1329623,Lakewood Cultural Center,cultural center
http://www.wikidata.org/entity/Q6479388,,https://en.wikipedia.org/wiki/Lakewood_Cultural_Center,Point(-105.085136926 39.708926238),9.214,39.708926238422,-105.08513692699,3,http://www.wikidata.org/entity/Q1329623,Lakewood Cultural Center,cultural center
http://www.wikidata.org/entity/Q6479388,,https://en.wikipedia.org/wiki/Lakewood_Cultural_Center,Point(-105.085 39.7083),9.229,39.7083,-105.085,3,http://www.wikidata.org/entity/Q33506,Lakewood Cultural Center,museum
http://www.wikidata.org/entity/Q6479388,,https://en.wikipedia.org/wiki/Lakewood_Cultural_Center,Point(-105.085136926 39.708926238),9.214,39.7083,-105.085,3,http://www.wikidata.org/entity/Q33506,Lakewood Cultural Center,museum
http://www.wikidata.org/entity/Q6479388,,https://en.wikipedia.org/wiki/Lakewood_Cultural_Center,Point(-105.085 39.7083),9.229,39.708926238422,-105.08513692699,3,http://www.wikidata.org/entity/Q33506,Lakewood Cultural Center,museum
http://www.wikidata.org/entity/Q6479388,,https://en.wikipedia.org/wiki/Lakewood_Cultural_Center,Point(-105.085136926 39.708926238),9.214,39.708926238422,-105.08513692699,3,http://www.wikidata.org/entity/Q33506,Lakewood Cultural Center,museum
http://www.wikidata.org/entity/Q6649857,,"https://en.wikipedia.org/wiki/Little_Dry_Creek_(Arapahoe_County,_Colorado)",Point(-105.003 39.66),8.946,39.66,-105.003,3,http://www.wikidata.org/entity/Q4022,Little Dry Creek,river
http://www.wikidata.org/entity/Q6694148,,https://en.wikipedia.org/wiki/Lowry_Air_Force_Base,Point(-104.8919444 39.72305556),8.147,39.72305556,-104.8919444,3,http://www.wikidata.org/entity/Q695850,Lowry Air Force Base,air base
http://www.wikidata.org/entity/Q6783777,,"https://en.wikipedia.org/wiki/Masonic_Temple_Building_(Denver,_Colorado)",Point(-104.990278 39.744444),0.741,39.744444,-104.990278,3,http://www.wikidata.org/entity/Q1454583,Masonic Temple Building,masonic temple
http://www.wikidata.org/entity/Q6896531,,https://en.wikipedia.org/wiki/Molly_Brown_House,Point(-104.980278 39.737222),0.451,39.737222,-104.980278,3,http://www.wikidata.org/entity/Q3947,Molly Brown House,house
http://www.wikidata.org/entity/Q6896531,,https://en.wikipedia.org/wiki/Molly_Brown_House,Point(-104.980278 39.737222),0.451,39.737222,-104.980278,3,http://www.wikidata.org/entity/Q33506,Molly Brown House,museum
http://www.wikidata.org/entity/Q7338437,,https://en.wikipedia.org/wiki/Riverside_Cemetery_(Denver),Point(-104.959167 39.794167),6.491,39.794167,-104.959167,3,http://www.wikidata.org/entity/Q15243209,Riverside Cemetery,historic district
http://www.wikidata.org/entity/Q7338437,,https://en.wikipedia.org/wiki/Riverside_Cemetery_(Denver),Point(-104.959167 39.794167),6.491,39.794167,-104.959167,3,http://www.wikidata.org/entity/Q39614,Riverside Cemetery,cemetery
http://www.wikidata.org/entity/Q7355881,,https://en.wikipedia.org/wiki/Rocky_Mountain_College_of_Art_and_Design,Point(-105.07 39.743611),7.295,39.743611,-105.07,3,http://www.wikidata.org/entity/Q383092,Rocky Mountain College of Art and Design,art academy
http://www.wikidata.org/entity/Q7355881,,https://en.wikipedia.org/wiki/Rocky_Mountain_College_of_Art_and_Design,Point(-105.07 39.743611),7.295,39.743611,-105.07,3,http://www.wikidata.org/entity/Q23002052,Rocky Mountain College of Art and Design,private for-profit educational institution
http://www.wikidata.org/entity/Q7367861,,https://en.wikipedia.org/wiki/Rose_Medical_Center,Point(-104.934 39.731),4.444,39.731,-104.934,3,http://www.wikidata.org/entity/Q16917,Rose Medical Center,hospital
http://www.wikidata.org/entity/Q7401474,,https://en.wikipedia.org/wiki/Saint_John_Vianney_Seminary_(Denver),Point(-104.948 39.6928),6.05,39.6928,-104.948,3,http://www.wikidata.org/entity/Q14911880,Saint John Vianney Theological Seminary,Catholic seminary
http://www.wikidata.org/entity/Q7567459,,"https://en.wikipedia.org/wiki/South_High_School_(Denver,_Colorado)",Point(-104.966 39.6923),5.462,39.6923,-104.966,3,http://www.wikidata.org/entity/Q3914,South High School,school
http://www.wikidata.org/entity/Q7567459,,"https://en.wikipedia.org/wiki/South_High_School_(Denver,_Colorado)",Point(-104.966 39.6923),5.462,39.6923,-104.966,3,http://www.wikidata.org/entity/Q9826,South High School,high school
http://www.wikidata.org/entity/Q7587751,,https://en.wikipedia.org/wiki/St._Dominic%27s_Church_(Denver),Point(-105.025278 39.758889),4.088,39.758889,-105.025278,3,http://www.wikidata.org/entity/Q16970,St. Dominic's Church,church building
http://www.wikidata.org/entity/Q7589219,,https://en.wikipedia.org/wiki/St._Joseph%27s_Roman_Catholic_Church_(Denver),Point(-104.995556 39.726111),1.722,39.726111,-104.995556,3,http://www.wikidata.org/entity/Q16970,St. Joseph's Roman Catholic Church of Denver,church building
http://www.wikidata.org/entity/Q7698532,,"https://en.wikipedia.org/wiki/Temple_Emanuel_(Pearl_Street,_Denver)",Point(-104.979722 39.741389),0.5,39.741389,-104.979722,3,http://www.wikidata.org/entity/Q34627,Temple Emanuel,synagogue
http://www.wikidata.org/entity/Q7714374,,https://en.wikipedia.org/wiki/Art_Institute_of_Colorado,Point(-104.986 39.7356),0.416,39.7356,-104.986,3,http://www.wikidata.org/entity/Q383092,The Art Institute of Colorado,art academy
http://www.wikidata.org/entity/Q7714374,,https://en.wikipedia.org/wiki/Art_Institute_of_Colorado,Point(-104.986 39.7356),0.416,39.7356,-104.986,3,http://www.wikidata.org/entity/Q23002052,The Art Institute of Colorado,private for-profit educational institution
http://www.wikidata.org/entity/Q7829917,,https://en.wikipedia.org/wiki/Town_Center_at_Aurora,Point(-104.824 39.7081),14.186,39.7081,-104.824,3,http://www.wikidata.org/entity/Q11315,Town Center at Aurora,shopping center
http://www.wikidata.org/entity/Q7893648,,https://en.wikipedia.org/wiki/United_Western_Financial_Center,Point(-104.991388888 39.746111111),0.946,39.746111111111,-104.99138888889,3,http://www.wikidata.org/entity/Q11303,United Western Financial Center,skyscraper
http://www.wikidata.org/entity/Q7895287,,https://en.wikipedia.org/wiki/University_of_Colorado_School_of_Medicine,Point(-104.83753502 39.74503692),12.613,39.74503692,-104.83753502,3,http://www.wikidata.org/entity/Q494230,University of Colorado School of Medicine,medical school
http://www.wikidata.org/entity/Q8025276,,https://en.wikipedia.org/wiki/Wings_Over_the_Rockies_Air_and_Space_Museum,Point(-104.896 39.7207),7.873,39.7207,-104.896,3,http://www.wikidata.org/entity/Q163740,Wings Over the Rockies Air and Space Museum,nonprofit organization
http://www.wikidata.org/entity/Q8025276,,https://en.wikipedia.org/wiki/Wings_Over_the_Rockies_Air_and_Space_Museum,Point(-104.895443126 39.72118778),7.905,39.7207,-104.896,3,http://www.wikidata.org/entity/Q163740,Wings Over the Rockies Air and Space Museum,nonprofit organization
http://www.wikidata.org/entity/Q8025276,,https://en.wikipedia.org/wiki/Wings_Over_the_Rockies_Air_and_Space_Museum,Point(-104.896 39.7207),7.873,39.7211877808,-104.89544312699,3,http://www.wikidata.org/entity/Q163740,Wings Over the Rockies Air and Space Museum,nonprofit organization
http://www.wikidata.org/entity/Q8025276,,https://en.wikipedia.org/wiki/Wings_Over_the_Rockies_Air_and_Space_Museum,Point(-104.895443126 39.72118778),7.905,39.7211877808,-104.89544312699,3,http://www.wikidata.org/entity/Q163740,Wings Over the Rockies Air and Space Museum,nonprofit organization
http://www.wikidata.org/entity/Q8025276,,https://en.wikipedia.org/wiki/Wings_Over_the_Rockies_Air_and_Space_Museum,Point(-104.896 39.7207),7.873,39.7207,-104.896,3,http://www.wikidata.org/entity/Q4828724,Wings Over the Rockies Air and Space Museum,aviation museum
http://www.wikidata.org/entity/Q8025276,,https://en.wikipedia.org/wiki/Wings_Over_the_Rockies_Air_and_Space_Museum,Point(-104.895443126 39.72118778),7.905,39.7207,-104.896,3,http://www.wikidata.org/entity/Q4828724,Wings Over the Rockies Air and Space Museum,aviation museum
http://www.wikidata.org/entity/Q8025276,,https://en.wikipedia.org/wiki/Wings_Over_the_Rockies_Air_and_Space_Museum,Point(-104.896 39.7207),7.873,39.7211877808,-104.89544312699,3,http://www.wikidata.org/entity/Q4828724,Wings Over the Rockies Air and Space Museum,aviation museum
http://www.wikidata.org/entity/Q8025276,,https://en.wikipedia.org/wiki/Wings_Over_the_Rockies_Air_and_Space_Museum,Point(-104.895443126 39.72118778),7.905,39.7211877808,-104.89544312699,3,http://www.wikidata.org/entity/Q4828724,Wings Over the Rockies Air and Space Museum,aviation museum
http://www.wikidata.org/entity/Q8025276,,https://en.wikipedia.org/wiki/Wings_Over_the_Rockies_Air_and_Space_Museum,Point(-104.896 39.7207),7.873,39.7207,-104.896,3,http://www.wikidata.org/entity/Q33506,Wings Over the Rockies Air and Space Museum,museum
http://www.wikidata.org/entity/Q8025276,,https://en.wikipedia.org/wiki/Wings_Over_the_Rockies_Air_and_Space_Museum,Point(-104.895443126 39.72118778),7.905,39.7207,-104.896,3,http://www.wikidata.org/entity/Q33506,Wings Over the Rockies Air and Space Museum,museum
http://www.wikidata.org/entity/Q8025276,,https://en.wikipedia.org/wiki/Wings_Over_the_Rockies_Air_and_Space_Museum,Point(-104.896 39.7207),7.873,39.7211877808,-104.89544312699,3,http://www.wikidata.org/entity/Q33506,Wings Over the Rockies Air and Space Museum,museum
http://www.wikidata.org/entity/Q8025276,,https://en.wikipedia.org/wiki/Wings_Over_the_Rockies_Air_and_Space_Museum,Point(-104.895443126 39.72118778),7.905,39.7211877808,-104.89544312699,3,http://www.wikidata.org/entity/Q33506,Wings Over the Rockies Air and Space Museum,museum
http://www.wikidata.org/entity/Q12065284,,https://en.wikipedia.org/wiki/Paramount_Theatre_(Denver),Point(-104.990208 39.744419),0.736,39.744419,-104.990208,3,http://www.wikidata.org/entity/Q41253,Paramount Theatre,movie theater
http://www.wikidata.org/entity/Q14684299,,https://en.wikipedia.org/wiki/Bear_Creek_(Colorado),Point(-105.014 39.65),10.231,39.64999,-105.01359,3,http://www.wikidata.org/entity/Q4022,Bear Creek,river
http://www.wikidata.org/entity/Q14684299,,https://en.wikipedia.org/wiki/Bear_Creek_(Colorado),Point(-105.01359 39.64999),10.223,39.64999,-105.01359,3,http://www.wikidata.org/entity/Q4022,Bear Creek,river
http://www.wikidata.org/entity/Q14684299,,https://en.wikipedia.org/wiki/Bear_Creek_(Colorado),Point(-105.014 39.65),10.231,39.65,-105.014,3,http://www.wikidata.org/entity/Q4022,Bear Creek,river
http://www.wikidata.org/entity/Q14684299,,https://en.wikipedia.org/wiki/Bear_Creek_(Colorado),Point(-105.01359 39.64999),10.223,39.65,-105.014,3,http://www.wikidata.org/entity/Q4022,Bear Creek,river
http://www.wikidata.org/entity/Q14684660,,https://en.wikipedia.org/wiki/Johns_Manville_Plaza,Point(-104.991 39.7469),1.001,39.7469,-104.991,3,http://www.wikidata.org/entity/Q11303,Johns Manville Plaza,skyscraper
http://www.wikidata.org/entity/Q15206564,,https://en.wikipedia.org/wiki/CIBER_Field_at_the_University_of_Denver_Soccer_Stadium,Point(-104.96327883 39.681466),6.684,39.681466,-104.96327883,3,http://www.wikidata.org/entity/Q1154710,University of Denver Soccer Stadium,association football venue
http://www.wikidata.org/entity/Q30314653,,https://en.wikipedia.org/wiki/International_Church_of_Cannabis,Point(-104.9823 39.7092),3.347,39.7092,-104.9823,3,http://www.wikidata.org/entity/Q16970,International Church of Cannabis,church building
http://www.wikidata.org/entity/Q85793411,,https://en.wikipedia.org/wiki/Pioneer_Fountain,Point(-104.987709 39.740303),0.271,39.740303,-104.987709,3,http://www.wikidata.org/entity/Q179700,Pioneer Fountain,statue
http://www.wikidata.org/entity/Q85793411,,https://en.wikipedia.org/wiki/Pioneer_Fountain,Point(-104.987709 39.740303),0.271,39.740303,-104.987709,3,http://www.wikidata.org/entity/Q483453,Pioneer Fountain,fountain
http://www.wikidata.org/entity/Q95984747,,https://en.wikipedia.org/wiki/The_Clyfford_Still_Museum,Point(-104.98951275 39.73697943),0.47,39.736979430092,-104.98951275028,3,http://www.wikidata.org/entity/Q207694,Clyfford Still Museum,art museum
http://www.wikidata.org/entity/Q95984747,,https://en.wikipedia.org/wiki/The_Clyfford_Still_Museum,Point(-104.98951275 39.73697943),0.47,39.7363194,-104.9919804,3,http://www.wikidata.org/entity/Q207694,Clyfford Still Museum,art museum
http://www.wikidata.org/entity/Q95984747,,https://en.wikipedia.org/wiki/The_Clyfford_Still_Museum,Point(-104.98951275 39.73697943),0.47,39.736111111111,-104.98972222222,3,http://www.wikidata.org/entity/Q207694,Clyfford Still Museum,art museum
http://www.wikidata.org/entity/Q95984747,,https://en.wikipedia.org/wiki/The_Clyfford_Still_Museum,Point(-104.989722222 39.736111111),0.542,39.736979430092,-104.98951275028,3,http://www.wikidata.org/entity/Q207694,Clyfford Still Museum,art museum
http://www.wikidata.org/entity/Q95984747,,https://en.wikipedia.org/wiki/The_Clyfford_Still_Museum,Point(-104.989722222 39.736111111),0.542,39.7363194,-104.9919804,3,http://www.wikidata.org/entity/Q207694,Clyfford Still Museum,art museum
http://www.wikidata.org/entity/Q95984747,,https://en.wikipedia.org/wiki/The_Clyfford_Still_Museum,Point(-104.989722222 39.736111111),0.542,39.736111111111,-104.98972222222,3,http://www.wikidata.org/entity/Q207694,Clyfford Still Museum,art museum
http://www.wikidata.org/entity/Q95984747,,https://en.wikipedia.org/wiki/The_Clyfford_Still_Museum,Point(-104.9919804 39.7363194),0.69,39.736979430092,-104.98951275028,3,http://www.wikidata.org/entity/Q207694,Clyfford Still Museum,art museum
http://www.wikidata.org/entity/Q95984747,,https://en.wikipedia.org/wiki/The_Clyfford_Still_Museum,Point(-104.9919804 39.7363194),0.69,39.7363194,-104.9919804,3,http://www.wikidata.org/entity/Q207694,Clyfford Still Museum,art museum
http://www.wikidata.org/entity/Q95984747,,https://en.wikipedia.org/wiki/The_Clyfford_Still_Museum,Point(-104.9919804 39.7363194),0.69,39.736111111111,-104.98972222222,3,http://www.wikidata.org/entity/Q207694,Clyfford Still Museum,art museum
http://www.wikidata.org/entity/Q95984747,,https://en.wikipedia.org/wiki/The_Clyfford_Still_Museum,Point(-104.98951275 39.73697943),0.47,39.736979430092,-104.98951275028,3,http://www.wikidata.org/entity/Q33506,Clyfford Still Museum,museum
http://www.wikidata.org/entity/Q95984747,,https://en.wikipedia.org/wiki/The_Clyfford_Still_Museum,Point(-104.98951275 39.73697943),0.47,39.7363194,-104.9919804,3,http://www.wikidata.org/entity/Q33506,Clyfford Still Museum,museum
http://www.wikidata.org/entity/Q95984747,,https://en.wikipedia.org/wiki/The_Clyfford_Still_Museum,Point(-104.98951275 39.73697943),0.47,39.736111111111,-104.98972222222,3,http://www.wikidata.org/entity/Q33506,Clyfford Still Museum,museum
http://www.wikidata.org/entity/Q95984747,,https://en.wikipedia.org/wiki/The_Clyfford_Still_Museum,Point(-104.989722222 39.736111111),0.542,39.736979430092,-104.98951275028,3,http://www.wikidata.org/entity/Q33506,Clyfford Still Museum,museum
http://www.wikidata.org/entity/Q95984747,,https://en.wikipedia.org/wiki/The_Clyfford_Still_Museum,Point(-104.989722222 39.736111111),0.542,39.7363194,-104.9919804,3,http://www.wikidata.org/entity/Q33506,Clyfford Still Museum,museum
http://www.wikidata.org/entity/Q95984747,,https://en.wikipedia.org/wiki/The_Clyfford_Still_Museum,Point(-104.989722222 39.736111111),0.542,39.736111111111,-104.98972222222,3,http://www.wikidata.org/entity/Q33506,Clyfford Still Museum,museum
http://www.wikidata.org/entity/Q95984747,,https://en.wikipedia.org/wiki/The_Clyfford_Still_Museum,Point(-104.9919804 39.7363194),0.69,39.736979430092,-104.98951275028,3,http://www.wikidata.org/entity/Q33506,Clyfford Still Museum,museum
http://www.wikidata.org/entity/Q95984747,,https://en.wikipedia.org/wiki/The_Clyfford_Still_Museum,Point(-104.9919804 39.7363194),0.69,39.7363194,-104.9919804,3,http://www.wikidata.org/entity/Q33506,Clyfford Still Museum,museum
http://www.wikidata.org/entity/Q95984747,,https://en.wikipedia.org/wiki/The_Clyfford_Still_Museum,Point(-104.9919804 39.7363194),0.69,39.736111111111,-104.98972222222,3,http://www.wikidata.org/entity/Q33506,Clyfford Still Museum,museum
http://www.wikidata.org/entity/Q1432851,https://de.wikipedia.org/wiki/Twister_II,https://en.wikipedia.org/wiki/Twister_III:_Storm_Chaser,Point(-105.014 39.7464),2.615,39.7464,-105.014,3,http://www.wikidata.org/entity/Q973560,Twister II,wooden roller coaster
http://www.wikidata.org/entity/Q1967062,https://de.wikipedia.org/wiki/National_Eagle_Repository,https://en.wikipedia.org/wiki/National_Eagle_Repository,Point(-104.859 39.8283),14.619,39.8283,-104.859,3,http://www.wikidata.org/entity/Q327333,National Eagle Repository,government agency
http://www.wikidata.org/entity/Q5061699,https://de.wikipedia.org/wiki/Central_Presbyterian_Church_(Denver),"https://en.wikipedia.org/wiki/Central_Presbyterian_Church_(Denver,_Colorado)",Point(-104.98444543 39.743032573),0.424,39.743032573392,-104.98444543078,3,http://www.wikidata.org/entity/Q16970,Central Presbyterian Church,church building
http://www.wikidata.org/entity/Q5148967,https://de.wikipedia.org/wiki/Colorado_Supreme_Court,https://en.wikipedia.org/wiki/Colorado_Supreme_Court,Point(-104.987 39.7381),0.222,39.7381,-104.987,3,http://www.wikidata.org/entity/Q190752,Colorado Supreme Court,supreme court
http://www.wikidata.org/entity/Q5148967,https://de.wikipedia.org/wiki/Colorado_Supreme_Court,https://en.wikipedia.org/wiki/Colorado_Supreme_Court,Point(-104.987 39.7381),0.222,39.7381,-104.987,3,http://www.wikidata.org/entity/Q7603882,Colorado Supreme Court,U.S. state supreme court
http://www.wikidata.org/entity/Q6327719,https://de.wikipedia.org/wiki/KDMT,https://en.wikipedia.org/wiki/KDMT_(AM),Point(-105.075 39.6558),12.064,39.6558,-105.075,3,http://www.wikidata.org/entity/Q14350,KDMT,radio station
http://www.wikidata.org/entity/Q7352210,https://de.wikipedia.org/wiki/Sloan_Lake_(Colorado),https://en.wikipedia.org/wiki/Sloan_Lake_(Colorado),Point(-105.047483333 39.748877777),5.46,39.748877777778,-105.04748333333,3,http://www.wikidata.org/entity/Q23397,Sloan Lake,lake
http://www.wikidata.org/entity/Q7829777,https://de.wikipedia.org/wiki/Tower_of_Memories,https://en.wikipedia.org/wiki/Tower_of_Memories,Point(-105.094722 39.758056),9.622,39.758056,-105.094722,3,http://www.wikidata.org/entity/Q162875,Tower of Memories,mausoleum
http://www.wikidata.org/entity/Q14684757,https://de.wikipedia.org/wiki/KLZ_(H%C3%B6rfunksender),https://en.wikipedia.org/wiki/KLZ,Point(-104.954 39.8433),11.867,39.8433,-104.954,3,http://www.wikidata.org/entity/Q14350,KLZ,radio station
http://www.wikidata.org/entity/Q7829962,https://de.wikipedia.org/wiki/Town_Hall_Arts_Center,https://en.wikipedia.org/wiki/Town_Hall_Arts_Center,Point(-105.016389 39.613333),14.257,39.613333,-105.016389,3,http://www.wikidata.org/entity/Q2190251,Town Hall Arts Center,arts center
http://www.wikidata.org/entity/Q7842995,https://de.wikipedia.org/wiki/Trinity_United_Methodist_Church_(Denver),https://en.wikipedia.org/wiki/Trinity_United_Methodist_Church_(Denver),Point(-104.986389 39.745278),0.684,39.745278,-104.986389,3,http://www.wikidata.org/entity/Q56242063,Trinity United Methodist Church,Protestant church building
http://www.wikidata.org/entity/Q609974,,https://en.wikipedia.org/wiki/Jefferson_County_Public_Library,Point(-105.114 39.7471),11.075,39.7471,-105.114,2,http://www.wikidata.org/entity/Q28564,Jefferson County Public Library,public library
http://www.wikidata.org/entity/Q2369973,,"https://en.wikipedia.org/wiki/LoDo,_Denver",Point(-105.0 39.7536),2.056,39.7536,-105.0,2,http://www.wikidata.org/entity/Q123705,LoDo,neighborhood
http://www.wikidata.org/entity/Q2369973,,"https://en.wikipedia.org/wiki/LoDo,_Denver",Point(-105.0 39.7536),2.056,39.7536,-105.0,2,http://www.wikidata.org/entity/Q15243209,LoDo,historic district
http://www.wikidata.org/entity/Q2830454,,"https://en.wikipedia.org/wiki/Alamo_Placita,_Denver",Point(-104.976 39.7208),2.186,39.7208,-104.976,2,http://www.wikidata.org/entity/Q123705,Alamo Placita,neighborhood
http://www.wikidata.org/entity/Q2871841,,"https://en.wikipedia.org/wiki/Auraria,_Denver",Point(-105.005555555 39.743055555),1.82,39.743055555556,-105.00555555556,2,http://www.wikidata.org/entity/Q123705,Auraria,neighborhood
http://www.wikidata.org/entity/Q3115377,,https://en.wikipedia.org/wiki/Grant-Frontier_Park,Point(-104.997 39.6765),7.052,39.6765,-104.997,2,http://www.wikidata.org/entity/Q22698,Grant-Frontier Park,park
http://www.wikidata.org/entity/Q3931685,,https://en.wikipedia.org/wiki/Regency_Student_Housing,Point(-104.993 39.7714),3.643,39.7714,-104.993,2,http://www.wikidata.org/entity/Q30301498,Regency Student Housing,student housing
http://www.wikidata.org/entity/Q4546966,,https://en.wikipedia.org/wiki/10th_%26_Osage_station,Point(-105.005605 39.731924),1.951,39.731924,-105.005605,2,http://www.wikidata.org/entity/Q2175765,10th/Osage,tram stop
http://www.wikidata.org/entity/Q4546966,,https://en.wikipedia.org/wiki/10th_%26_Osage_station,Point(-105.005605 39.731924),1.951,39.731924,-105.005605,2,http://www.wikidata.org/entity/Q22808404,10th/Osage,station located on surface
http://www.wikidata.org/entity/Q4547364,,https://en.wikipedia.org/wiki/1125_17th_Street,Point(-104.9944 39.7497),1.421,39.7497,-104.9944,2,http://www.wikidata.org/entity/Q11303,1125 17th Street,skyscraper
http://www.wikidata.org/entity/Q4551087,,https://en.wikipedia.org/wiki/1600_Glenarm_Place,Point(-104.989722222 39.743888888),0.664,39.743888888889,-104.98972222222,2,http://www.wikidata.org/entity/Q11303,1600 Glenarm Place,skyscraper
http://www.wikidata.org/entity/Q4551087,,https://en.wikipedia.org/wiki/1600_Glenarm_Place,Point(-104.989722222 39.743888888),0.664,39.743888888889,-104.98972222222,2,http://www.wikidata.org/entity/Q18142,1600 Glenarm Place,tower block
http://www.wikidata.org/entity/Q4551089,,https://en.wikipedia.org/wiki/1600_Broadway,Point(-104.987 39.7422),0.377,39.7422,-104.987,2,http://www.wikidata.org/entity/Q11303,1600 Broadway,skyscraper
http://www.wikidata.org/entity/Q4557546,,https://en.wikipedia.org/wiki/18th_%26_California_and_18th_%26_Stout_stations,Point(-104.98994 39.74685),0.951,39.74685,-104.98994,2,http://www.wikidata.org/entity/Q2175765,18th/California,tram stop
http://www.wikidata.org/entity/Q4557546,,https://en.wikipedia.org/wiki/18th_%26_California_and_18th_%26_Stout_stations,Point(-104.98994 39.74685),0.951,39.74685,-104.98994,2,http://www.wikidata.org/entity/Q22808404,18th/California,station located on surface
http://www.wikidata.org/entity/Q4557546,,https://en.wikipedia.org/wiki/18th_%26_California_and_18th_%26_Stout_stations,Point(-104.98994 39.74685),0.951,39.74685,-104.98994,2,http://www.wikidata.org/entity/Q108667555,18th/California,one-way station
http://www.wikidata.org/entity/Q4564937,,https://en.wikipedia.org/wiki/1941_PGA_Championship,Point(-104.963 39.643),10.863,39.643,-104.963,2,http://www.wikidata.org/entity/Q828160,1941 PGA Championship,PGA Championship
http://www.wikidata.org/entity/Q4570081,,https://en.wikipedia.org/wiki/1960_U.S._Open_(golf),Point(-104.963 39.643),10.863,39.643,-104.963,2,http://www.wikidata.org/entity/Q259776,1960 U.S. Open,U.S. Open
http://www.wikidata.org/entity/Q4578344,,https://en.wikipedia.org/wiki/1978_U.S._Open_(golf),Point(-104.963 39.643),10.863,39.643,-104.963,2,http://www.wikidata.org/entity/Q259776,1978 U.S. Open,U.S. Open
http://www.wikidata.org/entity/Q4582468,,https://en.wikipedia.org/wiki/1985_PGA_Championship,Point(-104.963 39.643),10.863,39.643,-104.963,2,http://www.wikidata.org/entity/Q828160,1985 PGA Championship,PGA Championship
http://www.wikidata.org/entity/Q4602619,,https://en.wikipedia.org/wiki/2004_Centrix_Financial_Grand_Prix_of_Denver,Point(-105.00638889 39.74666667),2.017,39.74666667,-105.00638889,2,http://www.wikidata.org/entity/Q689010,2004 Centrix Financial Grand Prix of Denver,Grand Prix of Denver
http://www.wikidata.org/entity/Q4604109,,https://en.wikipedia.org/wiki/2005_Centrix_Financial_Grand_Prix_of_Denver,Point(-105.00638889 39.74666667),2.017,39.74666667,-105.00638889,2,http://www.wikidata.org/entity/Q689010,2005 Centrix Financial Grand Prix of Denver,Grand Prix of Denver
http://www.wikidata.org/entity/Q4632564,,https://en.wikipedia.org/wiki/27th_%26_Welton_station,Point(-104.977372 39.755234),1.891,39.755234,-104.977372,2,http://www.wikidata.org/entity/Q2175765,27th/Welton,tram stop
http://www.wikidata.org/entity/Q4632564,,https://en.wikipedia.org/wiki/27th_%26_Welton_station,Point(-104.977372 39.755234),1.891,39.755234,-104.977372,2,http://www.wikidata.org/entity/Q22808404,27th/Welton,station located on surface
http://www.wikidata.org/entity/Q4769764,,https://en.wikipedia.org/wiki/Annunciation_Roman_Catholic_Church_(Denver),Point(-104.96998 39.76717),3.356,39.76717,-104.96998,2,http://www.wikidata.org/entity/Q16970,Annunciation Church,church building
http://www.wikidata.org/entity/Q4770539,,https://en.wikipedia.org/wiki/American_Museum_of_Western_Art_%E2%80%93_The_Anschutz_Collection,Point(-104.988 39.7447),0.664,39.7447,-104.988,2,http://www.wikidata.org/entity/Q33506,American Museum of Western Art – The Anschutz Collection,museum
http://www.wikidata.org/entity/Q4770539,,https://en.wikipedia.org/wiki/American_Museum_of_Western_Art_%E2%80%93_The_Anschutz_Collection,Point(-104.988 39.7447),0.664,39.745308648004,-104.98799955767,2,http://www.wikidata.org/entity/Q33506,American Museum of Western Art – The Anschutz Collection,museum
http://www.wikidata.org/entity/Q4770539,,https://en.wikipedia.org/wiki/American_Museum_of_Western_Art_%E2%80%93_The_Anschutz_Collection,Point(-104.987999557 39.745308648),0.727,39.7447,-104.988,2,http://www.wikidata.org/entity/Q33506,American Museum of Western Art – The Anschutz Collection,museum
http://www.wikidata.org/entity/Q4770539,,https://en.wikipedia.org/wiki/American_Museum_of_Western_Art_%E2%80%93_The_Anschutz_Collection,Point(-104.987999557 39.745308648),0.727,39.745308648004,-104.98799955767,2,http://www.wikidata.org/entity/Q33506,American Museum of Western Art – The Anschutz Collection,museum
http://www.wikidata.org/entity/Q4784195,,https://en.wikipedia.org/wiki/Arapahoe_Community_College,Point(-105.02 39.6084),14.855,39.608986222719,-105.01890692329,2,http://www.wikidata.org/entity/Q1336920,Arapahoe Community College,community college
http://www.wikidata.org/entity/Q4784195,,https://en.wikipedia.org/wiki/Arapahoe_Community_College,Point(-105.018906923 39.608986222),14.773,39.608986222719,-105.01890692329,2,http://www.wikidata.org/entity/Q1336920,Arapahoe Community College,community college
http://www.wikidata.org/entity/Q4784195,,https://en.wikipedia.org/wiki/Arapahoe_Community_College,Point(-105.02 39.6084),14.855,39.6084,-105.02,2,http://www.wikidata.org/entity/Q1336920,Arapahoe Community College,community college
http://www.wikidata.org/entity/Q4784195,,https://en.wikipedia.org/wiki/Arapahoe_Community_College,Point(-105.018906923 39.608986222),14.773,39.6084,-105.02,2,http://www.wikidata.org/entity/Q1336920,Arapahoe Community College,community college
http://www.wikidata.org/entity/Q4784195,,https://en.wikipedia.org/wiki/Arapahoe_Community_College,Point(-105.02 39.6084),14.855,39.608986222719,-105.01890692329,2,http://www.wikidata.org/entity/Q23002039,Arapahoe Community College,public educational institution of the United States
http://www.wikidata.org/entity/Q4784195,,https://en.wikipedia.org/wiki/Arapahoe_Community_College,Point(-105.018906923 39.608986222),14.773,39.608986222719,-105.01890692329,2,http://www.wikidata.org/entity/Q23002039,Arapahoe Community College,public educational institution of the United States
http://www.wikidata.org/entity/Q4784195,,https://en.wikipedia.org/wiki/Arapahoe_Community_College,Point(-105.02 39.6084),14.855,39.6084,-105.02,2,http://www.wikidata.org/entity/Q23002039,Arapahoe Community College,public educational institution of the United States
http://www.wikidata.org/entity/Q4784195,,https://en.wikipedia.org/wiki/Arapahoe_Community_College,Point(-105.018906923 39.608986222),14.773,39.6084,-105.02,2,http://www.wikidata.org/entity/Q23002039,Arapahoe Community College,public educational institution of the United States
http://www.wikidata.org/entity/Q4784195,,https://en.wikipedia.org/wiki/Arapahoe_Community_College,Point(-105.02 39.6084),14.855,39.608986222719,-105.01890692329,2,http://www.wikidata.org/entity/Q7075,Arapahoe Community College,library
http://www.wikidata.org/entity/Q4784195,,https://en.wikipedia.org/wiki/Arapahoe_Community_College,Point(-105.018906923 39.608986222),14.773,39.608986222719,-105.01890692329,2,http://www.wikidata.org/entity/Q7075,Arapahoe Community College,library
http://www.wikidata.org/entity/Q4784195,,https://en.wikipedia.org/wiki/Arapahoe_Community_College,Point(-105.02 39.6084),14.855,39.6084,-105.02,2,http://www.wikidata.org/entity/Q7075,Arapahoe Community College,library
http://www.wikidata.org/entity/Q4784195,,https://en.wikipedia.org/wiki/Arapahoe_Community_College,Point(-105.018906923 39.608986222),14.773,39.6084,-105.02,2,http://www.wikidata.org/entity/Q7075,Arapahoe Community College,library
http://www.wikidata.org/entity/Q4802342,,https://en.wikipedia.org/wiki/Arvada_Center_for_the_Arts_and_Humanities,Point(-105.084 39.8233),12.615,39.8233,-105.084,2,http://www.wikidata.org/entity/Q3469910,Arvada Center for the Arts and Humanities,performing arts center
http://www.wikidata.org/entity/Q4802342,,https://en.wikipedia.org/wiki/Arvada_Center_for_the_Arts_and_Humanities,Point(-105.084 39.8233),12.615,39.8233,-105.084,2,http://www.wikidata.org/entity/Q33506,Arvada Center for the Arts and Humanities,museum
http://www.wikidata.org/entity/Q4802347,,https://en.wikipedia.org/wiki/Arvada_Flour_Mill,Point(-105.080833 39.798333),10.51,39.798333,-105.080833,2,http://www.wikidata.org/entity/Q44494,Arvada Flour Mill,mill
http://www.wikidata.org/entity/Q4802350,,https://en.wikipedia.org/wiki/Arvada_West_High_School,Point(-105.126111111 39.810555555),14.442,39.810555555556,-105.12611111111,2,http://www.wikidata.org/entity/Q9826,Arvada West High School,high school
http://www.wikidata.org/entity/Q4807851,,https://en.wikipedia.org/wiki/Aspen_University,Point(-104.941 39.704),5.424,39.704,-104.941,2,http://www.wikidata.org/entity/Q23002052,Aspen University,private for-profit educational institution
http://www.wikidata.org/entity/Q4822140,,https://en.wikipedia.org/wiki/Auraria_Library,Point(-105.003 39.7434),1.618,39.7434,-105.003,2,http://www.wikidata.org/entity/Q856234,Auraria Library,academic library
http://www.wikidata.org/entity/Q4822140,,https://en.wikipedia.org/wiki/Auraria_Library,Point(-105.003036437 39.743915684),1.639,39.7434,-105.003,2,http://www.wikidata.org/entity/Q856234,Auraria Library,academic library
http://www.wikidata.org/entity/Q4822140,,https://en.wikipedia.org/wiki/Auraria_Library,Point(-105.003 39.7434),1.618,39.743915684038,-105.00303643722,2,http://www.wikidata.org/entity/Q856234,Auraria Library,academic library
http://www.wikidata.org/entity/Q4822140,,https://en.wikipedia.org/wiki/Auraria_Library,Point(-105.003036437 39.743915684),1.639,39.743915684038,-105.00303643722,2,http://www.wikidata.org/entity/Q856234,Auraria Library,academic library
http://www.wikidata.org/entity/Q4822140,,https://en.wikipedia.org/wiki/Auraria_Library,Point(-105.003 39.7434),1.618,39.7434,-105.003,2,http://www.wikidata.org/entity/Q7075,Auraria Library,library
http://www.wikidata.org/entity/Q4822140,,https://en.wikipedia.org/wiki/Auraria_Library,Point(-105.003036437 39.743915684),1.639,39.7434,-105.003,2,http://www.wikidata.org/entity/Q7075,Auraria Library,library
http://www.wikidata.org/entity/Q4822140,,https://en.wikipedia.org/wiki/Auraria_Library,Point(-105.003 39.7434),1.618,39.743915684038,-105.00303643722,2,http://www.wikidata.org/entity/Q7075,Auraria Library,library
http://www.wikidata.org/entity/Q4822140,,https://en.wikipedia.org/wiki/Auraria_Library,Point(-105.003036437 39.743915684),1.639,39.743915684038,-105.00303643722,2,http://www.wikidata.org/entity/Q7075,Auraria Library,library
http://www.wikidata.org/entity/Q4822533,,https://en.wikipedia.org/wiki/Aurora_Fox_Arts_Center,Point(-104.872 39.7397),9.65,39.7397,-104.872,2,http://www.wikidata.org/entity/Q3469910,Aurora Fox Arts Center,performing arts center
http://www.wikidata.org/entity/Q4822533,,https://en.wikipedia.org/wiki/Aurora_Fox_Arts_Center,Point(-104.872 39.7397),9.65,39.7397,-104.872,2,http://www.wikidata.org/entity/Q24354,Aurora Fox Arts Center,theatre building
http://www.wikidata.org/entity/Q4822533,,https://en.wikipedia.org/wiki/Aurora_Fox_Arts_Center,Point(-104.872 39.7397),9.65,39.7397,-104.872,2,http://www.wikidata.org/entity/Q41253,Aurora Fox Arts Center,movie theater
http://www.wikidata.org/entity/Q4829106,,https://en.wikipedia.org/wiki/Avoca_Lodge,Point(-105.080556 39.668056),11.386,39.668056,-105.080556,2,http://www.wikidata.org/entity/Q3947,Avoca Lodge,house
http://www.wikidata.org/entity/Q4848362,,"https://en.wikipedia.org/wiki/Bailey_House_(Denver,_Colorado)",Point(-104.97446 39.74192),0.938,39.741944,-104.973889,2,http://www.wikidata.org/entity/Q1307276,Bailey House,single-family detached home
http://www.wikidata.org/entity/Q4848362,,"https://en.wikipedia.org/wiki/Bailey_House_(Denver,_Colorado)",Point(-104.973889 39.741944),0.985,39.741944,-104.973889,2,http://www.wikidata.org/entity/Q1307276,Bailey House,single-family detached home
http://www.wikidata.org/entity/Q4848362,,"https://en.wikipedia.org/wiki/Bailey_House_(Denver,_Colorado)",Point(-104.97446 39.74192),0.938,39.74192,-104.97446,2,http://www.wikidata.org/entity/Q1307276,Bailey House,single-family detached home
http://www.wikidata.org/entity/Q4848362,,"https://en.wikipedia.org/wiki/Bailey_House_(Denver,_Colorado)",Point(-104.973889 39.741944),0.985,39.74192,-104.97446,2,http://www.wikidata.org/entity/Q1307276,Bailey House,single-family detached home
http://www.wikidata.org/entity/Q4849089,,"https://en.wikipedia.org/wiki/Baker,_Denver",Point(-104.99515 39.723919),1.917,39.723919,-104.99515,2,http://www.wikidata.org/entity/Q123705,Baker,neighborhood
http://www.wikidata.org/entity/Q4849089,,"https://en.wikipedia.org/wiki/Baker,_Denver",Point(-104.99515 39.723919),1.917,39.723919,-104.99515,2,http://www.wikidata.org/entity/Q15243209,Baker,historic district
http://www.wikidata.org/entity/Q4855939,,https://en.wikipedia.org/wiki/Bank_Lofts,Point(-104.992222 39.746944),1.063,39.746944,-104.992222,2,http://www.wikidata.org/entity/Q18761864,Bank Lofts,bank building
http://www.wikidata.org/entity/Q4891968,,"https://en.wikipedia.org/wiki/Berkeley,_Denver",Point(-105.038 39.7767),6.163,39.7767,-105.038,2,http://www.wikidata.org/entity/Q123705,Berkeley,neighborhood
http://www.wikidata.org/entity/Q4897508,,https://en.wikipedia.org/wiki/Beth_HaMedrosh_Hagodol-Beth_Joseph,Point(-104.912 39.7056),7.267,39.7056,-104.912,2,http://www.wikidata.org/entity/Q34627,Beth HaMedrosh Hagodol-Beth Joseph,synagogue
http://www.wikidata.org/entity/Q4905604,,"https://en.wikipedia.org/wiki/Big_Dry_Creek_(Littleton,_Colorado)",Point(-105.01443 39.63054),12.348,39.6306,-105.014,2,http://www.wikidata.org/entity/Q4022,Big Dry Creek,river
http://www.wikidata.org/entity/Q4905604,,"https://en.wikipedia.org/wiki/Big_Dry_Creek_(Littleton,_Colorado)",Point(-105.014 39.6306),12.334,39.6306,-105.014,2,http://www.wikidata.org/entity/Q4022,Big Dry Creek,river
http://www.wikidata.org/entity/Q4905604,,"https://en.wikipedia.org/wiki/Big_Dry_Creek_(Littleton,_Colorado)",Point(-105.01443 39.63054),12.348,39.63054,-105.01443,2,http://www.wikidata.org/entity/Q4022,Big Dry Creek,river
http://www.wikidata.org/entity/Q4905604,,"https://en.wikipedia.org/wiki/Big_Dry_Creek_(Littleton,_Colorado)",Point(-105.014 39.6306),12.334,39.63054,-105.01443,2,http://www.wikidata.org/entity/Q4022,Big Dry Creek,river
http://www.wikidata.org/entity/Q4930253,,https://en.wikipedia.org/wiki/Bluebird_Theater,Point(-104.94835 39.74036),3.124,39.74036,-104.94835,2,http://www.wikidata.org/entity/Q8719053,Bluebird Theater,music venue
http://www.wikidata.org/entity/Q4930253,,https://en.wikipedia.org/wiki/Bluebird_Theater,Point(-104.94835 39.74036),3.124,39.74036,-104.94835,2,http://www.wikidata.org/entity/Q41253,Bluebird Theater,movie theater
http://www.wikidata.org/entity/Q4937250,,https://en.wikipedia.org/wiki/Boettcher_Concert_Hall,Point(-104.997 39.7448),1.208,39.7448,-104.997,2,http://www.wikidata.org/entity/Q1060829,Boettcher Concert Hall,concert hall
http://www.wikidata.org/entity/Q4937253,,https://en.wikipedia.org/wiki/Boettcher_Memorial_Tropical_Conservatory,Point(-104.961 39.7325),2.173,39.7325,-104.961,2,http://www.wikidata.org/entity/Q167346,Boettcher Memorial Tropical Conservatory,botanical garden
http://www.wikidata.org/entity/Q4951111,,"https://en.wikipedia.org/wiki/Bowles_House_(Westminster,_Colorado)",Point(-105.0388088 39.8269088),10.783,39.8269088,-105.0388088,2,http://www.wikidata.org/entity/Q3947,Bowles House,house
http://www.wikidata.org/entity/Q4951111,,"https://en.wikipedia.org/wiki/Bowles_House_(Westminster,_Colorado)",Point(-105.0388088 39.8269088),10.783,39.8269088,-105.0388088,2,http://www.wikidata.org/entity/Q33506,Bowles House,museum
http://www.wikidata.org/entity/Q4975059,,https://en.wikipedia.org/wiki/Brooks_Tower,Point(-104.996 39.7466),1.256,39.7466,-104.996,2,http://www.wikidata.org/entity/Q11303,Brooks Tower,skyscraper
http://www.wikidata.org/entity/Q5004062,,https://en.wikipedia.org/wiki/Byers%E2%80%93Evans_House,Point(-104.989444 39.737222),0.451,39.737222,-104.989444,2,http://www.wikidata.org/entity/Q3947,Byers-Evans House,house
http://www.wikidata.org/entity/Q5004359,,https://en.wikipedia.org/wiki/Byron_G._Rogers_Federal_Building_and_United_States_Courthouse,Point(-104.989 39.7497),1.216,39.7497,-104.989,2,http://www.wikidata.org/entity/Q1137809,Byron G. Rogers Federal Building and United States Courthouse,courthouse
http://www.wikidata.org/entity/Q5004496,,https://en.wikipedia.org/wiki/Byron_White_United_States_Courthouse,Point(-104.989722 39.748611),1.122,39.748611,-104.989722,2,http://www.wikidata.org/entity/Q41176,Byron White United States Courthouse,building
http://www.wikidata.org/entity/Q5047790,,https://en.wikipedia.org/wiki/Casa_Bonita,Point(-105.071 39.7419),7.371,39.7419,-105.071,2,http://www.wikidata.org/entity/Q11707,Casa Bonita,restaurant
http://www.wikidata.org/entity/Q5092308,,"https://en.wikipedia.org/wiki/Cherry_Creek,_Denver",Point(-104.95 39.721),3.605,39.721,-104.95,2,http://www.wikidata.org/entity/Q123705,Cherry Creek,neighborhood
http://www.wikidata.org/entity/Q5092397,,https://en.wikipedia.org/wiki/Cherry_Hills_Country_Club,Point(-104.963 39.643),10.863,39.643,-104.963,2,http://www.wikidata.org/entity/Q1048525,Cherry Hills Country Club,golf course
http://www.wikidata.org/entity/Q5092397,,https://en.wikipedia.org/wiki/Cherry_Hills_Country_Club,Point(-104.963 39.643),10.863,39.643,-104.963,2,http://www.wikidata.org/entity/Q1137210,Cherry Hills Country Club,country club
http://www.wikidata.org/entity/Q5098167,,https://en.wikipedia.org/wiki/Children%27s_Museum_of_Denver,Point(-105.017 39.749),2.954,39.749,-105.017,2,http://www.wikidata.org/entity/Q163740,Children's Museum of Denver,nonprofit organization
http://www.wikidata.org/entity/Q5098167,,https://en.wikipedia.org/wiki/Children%27s_Museum_of_Denver,Point(-105.017 39.749),2.954,39.749,-105.017,2,http://www.wikidata.org/entity/Q842478,Children's Museum of Denver,children's museum
http://www.wikidata.org/entity/Q5098167,,https://en.wikipedia.org/wiki/Children%27s_Museum_of_Denver,Point(-105.017 39.749),2.954,39.749,-105.017,2,http://www.wikidata.org/entity/Q33506,Children's Museum of Denver,museum
http://www.wikidata.org/entity/Q5123356,,"https://en.wikipedia.org/wiki/City_Park_West,_Denver",Point(-104.965 39.7448),1.807,39.7448,-104.965,2,http://www.wikidata.org/entity/Q123705,City Park West,neighborhood
http://www.wikidata.org/entity/Q5148696,,https://en.wikipedia.org/wiki/Colorado_Academy,Point(-105.069 39.6478),12.457,39.6478,-105.069,2,http://www.wikidata.org/entity/Q3914,Colorado Academy,school
http://www.wikidata.org/entity/Q5148752,,https://en.wikipedia.org/wiki/Colorado_Catholic_Academy,Point(-105.124 39.7778),12.642,39.7778,-105.124,2,http://www.wikidata.org/entity/Q3914,Colorado Catholic Academy,school
http://www.wikidata.org/entity/Q5148812,,https://en.wikipedia.org/wiki/Colorado_Governor%27s_Mansion,Point(-104.981389 39.728611),1.218,39.728611,-104.981389,2,http://www.wikidata.org/entity/Q33506,Colorado Governor's Mansion,museum
http://www.wikidata.org/entity/Q5148812,,https://en.wikipedia.org/wiki/Colorado_Governor%27s_Mansion,Point(-104.981389 39.728611),1.218,39.728611,-104.981389,2,http://www.wikidata.org/entity/Q41176,Colorado Governor's Mansion,building
http://www.wikidata.org/entity/Q5170178,,https://en.wikipedia.org/wiki/Core_Research_Center,Point(-105.125277777 39.711944444),12.386,39.711944444444,-105.12527777778,2,http://www.wikidata.org/entity/Q7315155,Core Research Center,research center
http://www.wikidata.org/entity/Q5170178,,https://en.wikipedia.org/wiki/Core_Research_Center,Point(-105.125277777 39.711944444),12.386,39.711944444444,-105.12527777778,2,http://www.wikidata.org/entity/Q97950675,Core Research Center,USGS Science Center
http://www.wikidata.org/entity/Q5181056,,https://en.wikipedia.org/wiki/Craig_Hospital,Point(-104.978 39.6541),9.484,39.6541,-104.978,2,http://www.wikidata.org/entity/Q16917,Craig Hospital,hospital
http://www.wikidata.org/entity/Q5182219,,https://en.wikipedia.org/wiki/Cranmer_Park,Point(-104.93609 39.71915),4.731,39.719444,-104.935,2,http://www.wikidata.org/entity/Q22746,Cranmer Park,urban park
http://www.wikidata.org/entity/Q5182219,,https://en.wikipedia.org/wiki/Cranmer_Park,Point(-104.935 39.719444),4.798,39.719444,-104.935,2,http://www.wikidata.org/entity/Q22746,Cranmer Park,urban park
http://www.wikidata.org/entity/Q5182219,,https://en.wikipedia.org/wiki/Cranmer_Park,Point(-104.93609 39.71915),4.731,39.71915,-104.93609,2,http://www.wikidata.org/entity/Q22746,Cranmer Park,urban park
http://www.wikidata.org/entity/Q5182219,,https://en.wikipedia.org/wiki/Cranmer_Park,Point(-104.935 39.719444),4.798,39.71915,-104.93609,2,http://www.wikidata.org/entity/Q22746,Cranmer Park,urban park
http://www.wikidata.org/entity/Q5189373,,https://en.wikipedia.org/wiki/Crown_Hill_Park,Point(-105.10333 39.75861),10.354,39.75861,-105.10333,2,http://www.wikidata.org/entity/Q5177940,Crown Hill Park,county park
http://www.wikidata.org/entity/Q5189373,,https://en.wikipedia.org/wiki/Crown_Hill_Park,Point(-105.098 39.7597),9.936,39.75861,-105.10333,2,http://www.wikidata.org/entity/Q5177940,Crown Hill Park,county park
http://www.wikidata.org/entity/Q5189373,,https://en.wikipedia.org/wiki/Crown_Hill_Park,Point(-105.10333 39.75861),10.354,39.7597,-105.098,2,http://www.wikidata.org/entity/Q5177940,Crown Hill Park,county park
http://www.wikidata.org/entity/Q5189373,,https://en.wikipedia.org/wiki/Crown_Hill_Park,Point(-105.098 39.7597),9.936,39.7597,-105.098,2,http://www.wikidata.org/entity/Q5177940,Crown Hill Park,county park
http://www.wikidata.org/entity/Q5206333,,https://en.wikipedia.org/wiki/DU_Stadium,Point(-104.963 39.6815),6.686,39.6815,-104.963,2,http://www.wikidata.org/entity/Q483110,DU Stadium,stadium
http://www.wikidata.org/entity/Q5217851,,https://en.wikipedia.org/wiki/Ritchie_Center,Point(-104.961849 39.68195),6.667,39.68195,-104.961849,2,http://www.wikidata.org/entity/Q1076486,Daniel L. Ritchie Center,sports venue
http://www.wikidata.org/entity/Q5217851,,https://en.wikipedia.org/wiki/Ritchie_Center,Point(-104.961849 39.68195),6.667,39.68195,-104.961849,2,http://www.wikidata.org/entity/Q1497375,Daniel L. Ritchie Center,architectural ensemble
http://www.wikidata.org/entity/Q5259669,,https://en.wikipedia.org/wiki/Denver_Academy,Point(-104.938 39.6755),8.142,39.6755,-104.938,2,http://www.wikidata.org/entity/Q3914,Denver Academy,school
http://www.wikidata.org/entity/Q5259673,,https://en.wikipedia.org/wiki/Denver_Athletic_Club,Point(-104.99353 39.74176),0.792,39.74176,-104.99353,2,http://www.wikidata.org/entity/Q847017,Denver Athletic Club,sports club
http://www.wikidata.org/entity/Q5259673,,https://en.wikipedia.org/wiki/Denver_Athletic_Club,Point(-104.993056 39.741667),0.751,39.74176,-104.99353,2,http://www.wikidata.org/entity/Q847017,Denver Athletic Club,sports club
http://www.wikidata.org/entity/Q5259673,,https://en.wikipedia.org/wiki/Denver_Athletic_Club,Point(-104.99353 39.74176),0.792,39.741667,-104.993056,2,http://www.wikidata.org/entity/Q847017,Denver Athletic Club,sports club
http://www.wikidata.org/entity/Q5259673,,https://en.wikipedia.org/wiki/Denver_Athletic_Club,Point(-104.993056 39.741667),0.751,39.741667,-104.993056,2,http://www.wikidata.org/entity/Q847017,Denver Athletic Club,sports club
http://www.wikidata.org/entity/Q5259673,,https://en.wikipedia.org/wiki/Denver_Athletic_Club,Point(-104.99353 39.74176),0.792,39.74176,-104.99353,2,http://www.wikidata.org/entity/Q1103285,Denver Athletic Club,clubhouse
http://www.wikidata.org/entity/Q5259673,,https://en.wikipedia.org/wiki/Denver_Athletic_Club,Point(-104.993056 39.741667),0.751,39.74176,-104.99353,2,http://www.wikidata.org/entity/Q1103285,Denver Athletic Club,clubhouse
http://www.wikidata.org/entity/Q5259673,,https://en.wikipedia.org/wiki/Denver_Athletic_Club,Point(-104.99353 39.74176),0.792,39.741667,-104.993056,2,http://www.wikidata.org/entity/Q1103285,Denver Athletic Club,clubhouse
http://www.wikidata.org/entity/Q5259673,,https://en.wikipedia.org/wiki/Denver_Athletic_Club,Point(-104.993056 39.741667),0.751,39.741667,-104.993056,2,http://www.wikidata.org/entity/Q1103285,Denver Athletic Club,clubhouse
http://www.wikidata.org/entity/Q5259673,,https://en.wikipedia.org/wiki/Denver_Athletic_Club,Point(-104.99353 39.74176),0.792,39.74176,-104.99353,2,http://www.wikidata.org/entity/Q17148672,Denver Athletic Club,social club
http://www.wikidata.org/entity/Q5259673,,https://en.wikipedia.org/wiki/Denver_Athletic_Club,Point(-104.993056 39.741667),0.751,39.74176,-104.99353,2,http://www.wikidata.org/entity/Q17148672,Denver Athletic Club,social club
http://www.wikidata.org/entity/Q5259673,,https://en.wikipedia.org/wiki/Denver_Athletic_Club,Point(-104.99353 39.74176),0.792,39.741667,-104.993056,2,http://www.wikidata.org/entity/Q17148672,Denver Athletic Club,social club
http://www.wikidata.org/entity/Q5259673,,https://en.wikipedia.org/wiki/Denver_Athletic_Club,Point(-104.993056 39.741667),0.751,39.741667,-104.993056,2,http://www.wikidata.org/entity/Q17148672,Denver Athletic Club,social club
http://www.wikidata.org/entity/Q5259689,,https://en.wikipedia.org/wiki/Denver_Center_for_the_Performing_Arts,Point(-104.998476 39.744623),1.309,39.744623,-104.998476,2,http://www.wikidata.org/entity/Q163740,Denver Center for the Performing Arts,nonprofit organization
http://www.wikidata.org/entity/Q5259689,,https://en.wikipedia.org/wiki/Denver_Center_for_the_Performing_Arts,Point(-104.998476 39.744623),1.309,39.744623,-104.998476,2,http://www.wikidata.org/entity/Q11812394,Denver Center for the Performing Arts,theatre company
http://www.wikidata.org/entity/Q5259693,,https://en.wikipedia.org/wiki/Denver_City_Cable_Railway_Building,Point(-104.993814 39.750533),1.471,39.750533,-104.993814,2,http://www.wikidata.org/entity/Q655686,Denver City Cable Railway Building,commercial building
http://www.wikidata.org/entity/Q5259714,,https://en.wikipedia.org/wiki/Denver_Dry_Goods_Company_Building,Point(-104.993 39.7449),0.938,39.7449,-104.993,2,http://www.wikidata.org/entity/Q216107,Denver Dry Goods Company Building,department store
http://www.wikidata.org/entity/Q5259725,,https://en.wikipedia.org/wiki/Denver_Firefighters_Museum,Point(-104.991944 39.740833),0.631,39.740833,-104.991944,2,http://www.wikidata.org/entity/Q11786880,Denver Firefighters Museum,firefighting museum
http://www.wikidata.org/entity/Q5259725,,https://en.wikipedia.org/wiki/Denver_Firefighters_Museum,Point(-104.991944 39.740833),0.631,39.740833,-104.991944,2,http://www.wikidata.org/entity/Q33506,Denver Firefighters Museum,museum
http://www.wikidata.org/entity/Q5259737,,https://en.wikipedia.org/wiki/Denver_Jewish_Day_School,Point(-104.889331 39.671634),11.103,39.671634,-104.889331,2,http://www.wikidata.org/entity/Q3914,Denver Jewish Day School,school
http://www.wikidata.org/entity/Q5259745,,https://en.wikipedia.org/wiki/Denver_Millennium_Bridge,Point(-105.004 39.7544),2.349,39.7544,-105.004,2,http://www.wikidata.org/entity/Q1068842,Denver Millennium Bridge,footbridge
http://www.wikidata.org/entity/Q5259769,,https://en.wikipedia.org/wiki/Denver_Place,Point(-104.991944444 39.749166666),1.259,39.749166666667,-104.99194444444,2,http://www.wikidata.org/entity/Q11303,Denver Place,skyscraper
http://www.wikidata.org/entity/Q5259787,,https://en.wikipedia.org/wiki/Denver_Technological_Center,Point(-104.895 39.6241),14.934,39.6241,-104.895,2,http://www.wikidata.org/entity/Q338313,Denver Technological Center,business park
http://www.wikidata.org/entity/Q5259799,,https://en.wikipedia.org/wiki/Denver_Water,Point(-105.00988 39.7355),2.179,39.7355,-105.00988,2,http://www.wikidata.org/entity/Q7258040,Denver Water,water utility
http://www.wikidata.org/entity/Q5259796,,https://en.wikipedia.org/wiki/Denver_Tramway,Point(-104.9942 39.751),1.532,39.751,-104.9942,2,http://www.wikidata.org/entity/Q15640053,Denver Tramway,tram system
http://www.wikidata.org/entity/Q5328588,,"https://en.wikipedia.org/wiki/East_High_School_(Denver,_Colorado)",Point(-104.956111111 39.741666666),2.473,39.741666666667,-104.95611111111,2,http://www.wikidata.org/entity/Q9826,East High School,high school
http://www.wikidata.org/entity/Q5333889,,https://en.wikipedia.org/wiki/Ecotech_Institute,Point(-104.827 39.6913),14.516,39.6913,-104.827,2,http://www.wikidata.org/entity/Q23002052,Ecotech Institute,private for-profit educational institution
http://www.wikidata.org/entity/Q5372188,,https://en.wikipedia.org/wiki/Emily_Griffith_Technical_College,Point(-104.995 39.7411),0.891,39.7411,-104.995,2,http://www.wikidata.org/entity/Q23002039,Emily Griffith Opportunity School,public educational institution of the United States
http://www.wikidata.org/entity/Q5381189,,https://en.wikipedia.org/wiki/Environmental_and_Engineering_Geophysical_Society,Point(-104.937 39.685),7.289,39.685,-104.937,2,http://www.wikidata.org/entity/Q43229,Environmental and Engineering Geophysical Society,organization
http://www.wikidata.org/entity/Q5383361,,https://en.wikipedia.org/wiki/The_Episcopal_Church_in_Colorado,Point(-104.978 39.7378),0.608,39.7378,-104.978,2,http://www.wikidata.org/entity/Q665487,Episcopal Diocese of Colorado,diocese
http://www.wikidata.org/entity/Q5384616,,https://en.wikipedia.org/wiki/Equitable_Building_(Denver),Point(-104.991111 39.746389),0.958,39.746389,-104.991111,2,http://www.wikidata.org/entity/Q18761864,Equitable Building,bank building
http://www.wikidata.org/entity/Q5419994,,"https://en.wikipedia.org/wiki/Saint_Joseph_Hospital_(Denver,_Colorado)",Point(-104.969 39.7454),1.519,39.7454,-104.969,2,http://www.wikidata.org/entity/Q16917,Saint Joseph Hospital,hospital
http://www.wikidata.org/entity/Q5452463,,https://en.wikipedia.org/wiki/First_Baptist_Church_of_Denver,Point(-104.983611 39.738333),0.147,39.738333,-104.983611,2,http://www.wikidata.org/entity/Q16970,First Baptist Church of Denver,church building
http://www.wikidata.org/entity/Q5455733,,https://en.wikipedia.org/wiki/Fitzsimons_Army_Medical_Center,Point(-104.837222222 39.745277777),12.641,39.745277777778,-104.83722222222,2,http://www.wikidata.org/entity/Q64578911,Fitzsimons Army Medical Center,former hospital
http://www.wikidata.org/entity/Q5455733,,https://en.wikipedia.org/wiki/Fitzsimons_Army_Medical_Center,Point(-104.837222222 39.745277777),12.641,39.745277777778,-104.83722222222,2,http://www.wikidata.org/entity/Q16917,Fitzsimons Army Medical Center,hospital
http://www.wikidata.org/entity/Q5456069,,"https://en.wikipedia.org/wiki/Five_Points,_Denver",Point(-104.978 39.7548),1.827,39.7548,-104.978,2,http://www.wikidata.org/entity/Q123705,Five Points,neighborhood
http://www.wikidata.org/entity/Q5466498,,https://en.wikipedia.org/wiki/Foothills_Academy_(Colorado),Point(-105.115 39.7833),12.155,39.7833,-105.115,2,http://www.wikidata.org/entity/Q3914,Foothills Academy,school
http://www.wikidata.org/entity/Q5470379,,https://en.wikipedia.org/wiki/Forney_Transportation_Museum,Point(-104.971 39.7771),4.374,39.7771,-104.971,2,http://www.wikidata.org/entity/Q787934,Forney Transportation Museum,automobile museum
http://www.wikidata.org/entity/Q5470379,,https://en.wikipedia.org/wiki/Forney_Transportation_Museum,Point(-104.970094442 39.778810737),4.578,39.7771,-104.971,2,http://www.wikidata.org/entity/Q787934,Forney Transportation Museum,automobile museum
http://www.wikidata.org/entity/Q5470379,,https://en.wikipedia.org/wiki/Forney_Transportation_Museum,Point(-104.971 39.7771),4.374,39.778810737645,-104.97009444289,2,http://www.wikidata.org/entity/Q787934,Forney Transportation Museum,automobile museum
http://www.wikidata.org/entity/Q5470379,,https://en.wikipedia.org/wiki/Forney_Transportation_Museum,Point(-104.970094442 39.778810737),4.578,39.778810737645,-104.97009444289,2,http://www.wikidata.org/entity/Q787934,Forney Transportation Museum,automobile museum
http://www.wikidata.org/entity/Q5470379,,https://en.wikipedia.org/wiki/Forney_Transportation_Museum,Point(-104.971 39.7771),4.374,39.7771,-104.971,2,http://www.wikidata.org/entity/Q33506,Forney Transportation Museum,museum
http://www.wikidata.org/entity/Q5470379,,https://en.wikipedia.org/wiki/Forney_Transportation_Museum,Point(-104.970094442 39.778810737),4.578,39.7771,-104.971,2,http://www.wikidata.org/entity/Q33506,Forney Transportation Museum,museum
http://www.wikidata.org/entity/Q5470379,,https://en.wikipedia.org/wiki/Forney_Transportation_Museum,Point(-104.971 39.7771),4.374,39.778810737645,-104.97009444289,2,http://www.wikidata.org/entity/Q33506,Forney Transportation Museum,museum
http://www.wikidata.org/entity/Q5470379,,https://en.wikipedia.org/wiki/Forney_Transportation_Museum,Point(-104.970094442 39.778810737),4.578,39.778810737645,-104.97009444289,2,http://www.wikidata.org/entity/Q33506,Forney Transportation Museum,museum
http://www.wikidata.org/entity/Q5545973,,https://en.wikipedia.org/wiki/George_Washington_High_School_(Colorado),Point(-104.914 39.7056),7.121,39.7056,-104.914,2,http://www.wikidata.org/entity/Q9826,George Washington High School,high school
http://www.wikidata.org/entity/Q5571034,,"https://en.wikipedia.org/wiki/Globeville,_Denver",Point(-104.983 39.7843),5.013,39.7843,-104.983,2,http://www.wikidata.org/entity/Q123705,Globeville,neighborhood
http://www.wikidata.org/entity/Q5587876,,https://en.wikipedia.org/wiki/Gothic_Theatre,Point(-104.988 39.6576),9.081,39.6576,-104.988,2,http://www.wikidata.org/entity/Q1060829,Gothic Theatre,concert hall
http://www.wikidata.org/entity/Q5587876,,https://en.wikipedia.org/wiki/Gothic_Theatre,Point(-104.988 39.6576),9.081,39.6576,-104.988,2,http://www.wikidata.org/entity/Q41253,Gothic Theatre,movie theater
http://www.wikidata.org/entity/Q5593556,,https://en.wikipedia.org/wiki/Graland_Country_Day_School,Point(-104.936 39.7169),4.861,39.7169,-104.936,2,http://www.wikidata.org/entity/Q3914,Graland,school
http://www.wikidata.org/entity/Q5758679,,https://en.wikipedia.org/wiki/Highland_Bridge,Point(-105.009 39.758),2.934,39.758,-105.009,2,http://www.wikidata.org/entity/Q1068842,Highland Bridge,footbridge
http://www.wikidata.org/entity/Q5758679,,https://en.wikipedia.org/wiki/Highland_Bridge,Point(-105.009 39.758),2.934,39.758,-105.009,2,http://www.wikidata.org/entity/Q5592057,Highland Bridge,through arch bridge
http://www.wikidata.org/entity/Q5759388,,https://en.wikipedia.org/wiki/Highlands_Masonic_Lodge,Point(-105.024167 39.7625),4.24,39.7625,-105.024167,2,http://www.wikidata.org/entity/Q1454583,Highlands Masonic Lodge,masonic temple
http://www.wikidata.org/entity/Q5774677,,https://en.wikipedia.org/wiki/History_Colorado_Center,Point(-104.987 39.7361),0.394,39.7361,-104.987,2,http://www.wikidata.org/entity/Q33506,History Colorado Center,museum
http://www.wikidata.org/entity/Q5900656,,"https://en.wikipedia.org/wiki/Hopkins_Farm_(Cherry_Hills_Village,_Colorado)",Point(-104.93805556 39.6375),12.0,39.6375,-104.93805556,2,http://www.wikidata.org/entity/Q15243209,Hopkins Farm,historic district
http://www.wikidata.org/entity/Q5967528,,https://en.wikipedia.org/wiki/I-25_%26_Broadway_station,Point(-104.990072 39.701698),4.198,39.701698,-104.990072,2,http://www.wikidata.org/entity/Q2175765,I-25 & Broadway,tram stop
http://www.wikidata.org/entity/Q5967528,,https://en.wikipedia.org/wiki/I-25_%26_Broadway_station,Point(-104.990072 39.701698),4.198,39.701698,-104.990072,2,http://www.wikidata.org/entity/Q22808404,I-25 & Broadway,station located on surface
http://www.wikidata.org/entity/Q6016098,,https://en.wikipedia.org/wiki/Independence_Institute,Point(-104.978 39.7419),0.657,39.7419,-104.978,2,http://www.wikidata.org/entity/Q163740,Independence Institute,nonprofit organization
http://www.wikidata.org/entity/Q6415740,,https://en.wikipedia.org/wiki/Kirkland_Museum_of_Fine_%26_Decorative_Art,Point(-104.99 39.735),0.644,39.736228050105,-104.99022566149,2,http://www.wikidata.org/entity/Q33506,Kirkland Museum of Fine & Decorative Art,museum
http://www.wikidata.org/entity/Q6415740,,https://en.wikipedia.org/wiki/Kirkland_Museum_of_Fine_%26_Decorative_Art,Point(-104.990225661 39.73622805),0.568,39.736228050105,-104.99022566149,2,http://www.wikidata.org/entity/Q33506,Kirkland Museum of Fine & Decorative Art,museum
http://www.wikidata.org/entity/Q6415740,,https://en.wikipedia.org/wiki/Kirkland_Museum_of_Fine_%26_Decorative_Art,Point(-104.99 39.735),0.644,39.735,-104.99,2,http://www.wikidata.org/entity/Q33506,Kirkland Museum of Fine & Decorative Art,museum
http://www.wikidata.org/entity/Q6415740,,https://en.wikipedia.org/wiki/Kirkland_Museum_of_Fine_%26_Decorative_Art,Point(-104.990225661 39.73622805),0.568,39.735,-104.99,2,http://www.wikidata.org/entity/Q33506,Kirkland Museum of Fine & Decorative Art,museum
http://www.wikidata.org/entity/Q6479400,,https://en.wikipedia.org/wiki/Lakewood_Gulch,Point(-105.022 39.7378),3.179,39.7378,-105.022,2,http://www.wikidata.org/entity/Q271669,Lakewood Gulch,landform
http://www.wikidata.org/entity/Q6482219,,https://en.wikipedia.org/wiki/Lamont_School_of_Music,Point(-104.96 39.6742),7.538,39.6742,-104.96,2,http://www.wikidata.org/entity/Q184644,Lamont School of Music,conservatory
http://www.wikidata.org/entity/Q6550518,,https://en.wikipedia.org/wiki/Lincoln_Center_(Denver),Point(-104.985833333 39.743055555),0.433,39.743055555556,-104.98583333333,2,http://www.wikidata.org/entity/Q11303,Lincoln Center,skyscraper
http://www.wikidata.org/entity/Q6550902,,"https://en.wikipedia.org/wiki/Lincoln_Park,_Denver",Point(-105.004 39.7351),1.7,39.7351,-105.004,2,http://www.wikidata.org/entity/Q123705,Lincoln Park,neighborhood
http://www.wikidata.org/entity/Q6653128,,https://en.wikipedia.org/wiki/Littleton_Main_Street,Point(-105.016111 39.613889),14.192,39.613889,-105.016111,2,http://www.wikidata.org/entity/Q15243209,Littleton Main Street,historic district
http://www.wikidata.org/entity/Q6653132,,https://en.wikipedia.org/wiki/Littleton_Public_Schools,Point(-105.008333333 39.611666666),14.326,39.611666666667,-105.00833333333,2,http://www.wikidata.org/entity/Q398141,Littleton Public Schools,school district
http://www.wikidata.org/entity/Q6667149,,https://en.wikipedia.org/wiki/Logan_School_for_Creative_Learning,Point(-104.887 39.7314),8.413,39.7314,-104.887,2,http://www.wikidata.org/entity/Q3914,Logan School for Creative Learning,school
http://www.wikidata.org/entity/Q6689057,,https://en.wikipedia.org/wiki/Louisiana%E2%80%93Pearl_station,Point(-104.978333 39.692778),5.196,39.692778,-104.978333,2,http://www.wikidata.org/entity/Q2175765,Louisiana–Pearl,tram stop
http://www.wikidata.org/entity/Q6851086,,https://en.wikipedia.org/wiki/Mile_High_Music_Festival,Point(-104.892 39.8057),10.844,39.8057,-104.892,2,http://www.wikidata.org/entity/Q868557,Mile High Music Festival,music festival
http://www.wikidata.org/entity/Q6916449,,https://en.wikipedia.org/wiki/Sherman_Street_Event_Center,Point(-104.983889 39.744722),0.616,39.744722,-104.983889,2,http://www.wikidata.org/entity/Q41176,Mosque of the El Jebel Shrine,building
http://www.wikidata.org/entity/Q6979405,,https://en.wikipedia.org/wiki/National_Western_Stock_Show,Point(-104.969 39.7825),4.998,39.7825,-104.969,2,http://www.wikidata.org/entity/Q6658760,National Western Stock Show,livestock show
http://www.wikidata.org/entity/Q6979405,,https://en.wikipedia.org/wiki/National_Western_Stock_Show,Point(-104.969 39.7825),4.998,39.7825,-104.969,2,http://www.wikidata.org/entity/Q11483816,National Western Stock Show,annual event
http://www.wikidata.org/entity/Q7054363,,"https://en.wikipedia.org/wiki/North_Capitol_Hill,_Denver",Point(-104.982 39.7433),0.514,39.7433,-104.982,2,http://www.wikidata.org/entity/Q123705,North Capitol Hill,neighborhood
http://www.wikidata.org/entity/Q7079953,,https://en.wikipedia.org/wiki/Ogden_Theatre,Point(-104.974722 39.740278),0.875,39.740278,-104.974722,2,http://www.wikidata.org/entity/Q8719053,Ogden Theater,music venue
http://www.wikidata.org/entity/Q7079953,,https://en.wikipedia.org/wiki/Ogden_Theatre,Point(-104.974722 39.740278),0.875,39.740278,-104.974722,2,http://www.wikidata.org/entity/Q41253,Ogden Theater,movie theater
http://www.wikidata.org/entity/Q7086936,,https://en.wikipedia.org/wiki/Olinger_Tower,Point(-104.907 39.7457),6.696,39.7457,-104.907,2,http://www.wikidata.org/entity/Q41176,Olinger Tower,building
http://www.wikidata.org/entity/Q7092815,,"https://en.wikipedia.org/wiki/One_Lincoln_Park,_Denver",Point(-104.987 39.7478),0.97,39.7478,-104.987,2,http://www.wikidata.org/entity/Q41176,"One Lincoln Park, Denver",building
http://www.wikidata.org/entity/Q7111032,,https://en.wikipedia.org/wiki/Our_Lady_of_the_Rosary_Academy,Point(-105.059 39.7739),7.417,39.7739,-105.059,2,http://www.wikidata.org/entity/Q3914,Our Lady of the Rosary Academy,school
http://www.wikidata.org/entity/Q7115365,,https://en.wikipedia.org/wiki/Oxford_Hotel_(Denver),Point(-104.998611 39.751944),1.838,39.751944,-104.998611,2,http://www.wikidata.org/entity/Q27686,Oxford Hotel,hotel
http://www.wikidata.org/entity/Q7115365,,https://en.wikipedia.org/wiki/Oxford_Hotel_(Denver),Point(-104.99914 39.75235),1.902,39.751944,-104.998611,2,http://www.wikidata.org/entity/Q27686,Oxford Hotel,hotel
http://www.wikidata.org/entity/Q7115365,,https://en.wikipedia.org/wiki/Oxford_Hotel_(Denver),Point(-104.998611 39.751944),1.838,39.75235,-104.99914,2,http://www.wikidata.org/entity/Q27686,Oxford Hotel,hotel
http://www.wikidata.org/entity/Q7115365,,https://en.wikipedia.org/wiki/Oxford_Hotel_(Denver),Point(-104.99914 39.75235),1.902,39.75235,-104.99914,2,http://www.wikidata.org/entity/Q27686,Oxford Hotel,hotel
http://www.wikidata.org/entity/Q7202497,,https://en.wikipedia.org/wiki/Platte_River_Bridge,Point(-105.007 39.7564),2.688,39.7564,-105.007,2,http://www.wikidata.org/entity/Q1068842,Platte River Bridge,footbridge
http://www.wikidata.org/entity/Q7242731,,https://en.wikipedia.org/wiki/PrideFest_(Denver),Point(-104.988888888 39.739444444),0.345,39.739444444444,-104.98888888889,2,http://www.wikidata.org/entity/Q129598636,PrideFest,pride festival
http://www.wikidata.org/entity/Q7242731,,https://en.wikipedia.org/wiki/PrideFest_(Denver),Point(-104.988888888 39.739444444),0.345,39.739444444444,-104.98888888889,2,http://www.wikidata.org/entity/Q51404,PrideFest,Pride parade
http://www.wikidata.org/entity/Q7355922,,https://en.wikipedia.org/wiki/Rocky_Mountain_Philatelic_Library,Point(-104.905865238 39.680702554),9.382,39.680702554405,-104.90586523864,2,http://www.wikidata.org/entity/Q131597220,Rocky Mountain Philatelic Library,philatelic library
http://www.wikidata.org/entity/Q7355922,,https://en.wikipedia.org/wiki/Rocky_Mountain_Philatelic_Library,Point(-104.905865238 39.680702554),9.382,39.680702554405,-104.90586523864,2,http://www.wikidata.org/entity/Q7075,Rocky Mountain Philatelic Library,library
http://www.wikidata.org/entity/Q7508555,,https://en.wikipedia.org/wiki/Sidewinder_(Elitch_Gardens),Point(-105.013 39.7486),2.621,39.7486,-105.013,2,http://www.wikidata.org/entity/Q1144661,Sidewinder,amusement ride
http://www.wikidata.org/entity/Q7508555,,https://en.wikipedia.org/wiki/Sidewinder_(Elitch_Gardens),Point(-105.013 39.7486),2.621,39.7486,-105.013,2,http://www.wikidata.org/entity/Q2389789,Sidewinder,steel roller coaster
http://www.wikidata.org/entity/Q7544865,,https://en.wikipedia.org/wiki/Smith%27s_Irrigation_Ditch,Point(-104.970278 39.700278),4.508,39.70667,-104.96889,2,http://www.wikidata.org/entity/Q15243209,Smith's Irrigation Ditch,historic district
http://www.wikidata.org/entity/Q7544865,,https://en.wikipedia.org/wiki/Smith%27s_Irrigation_Ditch,Point(-104.96889 39.70667),3.87,39.70667,-104.96889,2,http://www.wikidata.org/entity/Q15243209,Smith's Irrigation Ditch,historic district
http://www.wikidata.org/entity/Q7544865,,https://en.wikipedia.org/wiki/Smith%27s_Irrigation_Ditch,Point(-104.970278 39.700278),4.508,39.700278,-104.970278,2,http://www.wikidata.org/entity/Q15243209,Smith's Irrigation Ditch,historic district
http://www.wikidata.org/entity/Q7544865,,https://en.wikipedia.org/wiki/Smith%27s_Irrigation_Ditch,Point(-104.96889 39.70667),3.87,39.700278,-104.970278,2,http://www.wikidata.org/entity/Q15243209,Smith's Irrigation Ditch,historic district
http://www.wikidata.org/entity/Q7568238,,https://en.wikipedia.org/wiki/South_Platte_River_Bridges,Point(-105.015556 39.743333),2.664,39.743333,-105.015556,2,http://www.wikidata.org/entity/Q14276458,South Platte River Bridges,deck arch bridge
http://www.wikidata.org/entity/Q7579687,,https://en.wikipedia.org/wiki/Empower_Field_at_Mile_High_station,Point(-105.013198 39.743457),2.468,39.743457,-105.013198,2,http://www.wikidata.org/entity/Q2175765,Empower Field at Mile High,tram stop
http://www.wikidata.org/entity/Q7579687,,https://en.wikipedia.org/wiki/Empower_Field_at_Mile_High_station,Point(-105.013198 39.743457),2.468,39.743457,-105.013198,2,http://www.wikidata.org/entity/Q22808404,Empower Field at Mile High,station located on surface
http://www.wikidata.org/entity/Q7587096,,https://en.wikipedia.org/wiki/St._Anthony_Hospital_(Colorado),Point(-105.041 39.7429),4.817,39.7429,-105.041,2,http://www.wikidata.org/entity/Q16917,St. Anthony Hospital,hospital
http://www.wikidata.org/entity/Q7587834,,"https://en.wikipedia.org/wiki/St._Elizabeth%27s_Church_(Denver,_Colorado)",Point(-105.001667 39.742778),1.49,39.742778,-105.001667,2,http://www.wikidata.org/entity/Q16970,St. Elizabeth's Church,church building
http://www.wikidata.org/entity/Q7589207,,https://en.wikipedia.org/wiki/St._Joseph%27s_Polish_Roman_Catholic_Church,Point(-104.981667 39.780278),4.572,39.780278,-104.981667,2,http://www.wikidata.org/entity/Q1088552,St. Joseph's Polish Roman Catholic Church,Catholic church building
http://www.wikidata.org/entity/Q7589984,,"https://en.wikipedia.org/wiki/St._Mark_Coptic_Orthodox_Church_(Centennial,_Colorado)",Point(-104.981 39.63),12.15,39.63,-104.981,2,http://www.wikidata.org/entity/Q16970,St. Mark Coptic Orthodox Church,church building
http://www.wikidata.org/entity/Q7590067,,https://en.wikipedia.org/wiki/St._Mary%27s_Academy_(Colorado),Point(-104.961 39.6339),11.889,39.6339,-104.961,2,http://www.wikidata.org/entity/Q3914,St. Mary's Academy,school
http://www.wikidata.org/entity/Q7591007,,https://en.wikipedia.org/wiki/St._Patrick_Mission_Church,Point(-105.006389 39.763611),3.276,39.763611,-105.006389,2,http://www.wikidata.org/entity/Q16970,St. Patrick Mission Church,church building
http://www.wikidata.org/entity/Q7591083,,https://en.wikipedia.org/wiki/Saint_Paul_Lutheran_and_Roman_Catholic_Community_of_Faith,Point(-104.982778 39.741944),0.35,39.741944,-104.982778,2,http://www.wikidata.org/entity/Q16970,St. Paul's English Evangelical Lutheran Church,church building
http://www.wikidata.org/entity/Q7591554,,"https://en.wikipedia.org/wiki/St._Pius_X_Catholic_School_(Aurora,_Colorado)",Point(-104.829 39.7375),13.328,39.7375,-104.829,2,http://www.wikidata.org/entity/Q3914,St. Pius X Catholic School,school
http://www.wikidata.org/entity/Q7629097,,https://en.wikipedia.org/wiki/Sturm_College_of_Law,Point(-104.961 39.6792),6.98,39.6792,-104.961,2,http://www.wikidata.org/entity/Q1321960,Sturm College of Law,law school
http://www.wikidata.org/entity/Q7688396,,https://en.wikipedia.org/wiki/Tattered_Cover,Point(-104.956388888 39.739722222),2.435,39.739722222222,-104.95638888889,2,http://www.wikidata.org/entity/Q4830453,Tattered Cover,business
http://www.wikidata.org/entity/Q7688396,,https://en.wikipedia.org/wiki/Tattered_Cover,Point(-104.956388888 39.739722222),2.435,39.739722222222,-104.95638888889,2,http://www.wikidata.org/entity/Q6017407,Tattered Cover,independent bookstore
http://www.wikidata.org/entity/Q7688396,,https://en.wikipedia.org/wiki/Tattered_Cover,Point(-104.956388888 39.739722222),2.435,39.739722222222,-104.95638888889,2,http://www.wikidata.org/entity/Q42414514,Tattered Cover,bookstore chain
http://www.wikidata.org/entity/Q7696460,,https://en.wikipedia.org/wiki/Mountain_States_Telephone_Building,Point(-104.995 39.744722),1.06,39.744722,-104.995,2,http://www.wikidata.org/entity/Q655686,Telephone Building,commercial building
http://www.wikidata.org/entity/Q7728492,,https://en.wikipedia.org/wiki/The_Curtis,Point(-104.996944444 39.745833333),1.267,39.745833333333,-104.99694444444,2,http://www.wikidata.org/entity/Q11303,The Curtis,skyscraper
http://www.wikidata.org/entity/Q7728492,,https://en.wikipedia.org/wiki/The_Curtis,Point(-104.996944444 39.745833333),1.267,39.745833333333,-104.99694444444,2,http://www.wikidata.org/entity/Q27686,The Curtis,hotel
http://www.wikidata.org/entity/Q7750861,,https://en.wikipedia.org/wiki/The_Medical_Center_of_Aurora,Point(-104.832 39.6889),14.222,39.6889,-104.832,2,http://www.wikidata.org/entity/Q16917,The Medical Center of Aurora,hospital
http://www.wikidata.org/entity/Q7777369,,https://en.wikipedia.org/wiki/Theatre_District%E2%80%93Convention_Center_station,Point(-104.996341 39.743727),1.101,39.743727,-104.996341,2,http://www.wikidata.org/entity/Q2175765,Theatre District / Convention Center,tram stop
http://www.wikidata.org/entity/Q7777369,,https://en.wikipedia.org/wiki/Theatre_District%E2%80%93Convention_Center_station,Point(-104.996341 39.743727),1.101,39.743727,-104.996341,2,http://www.wikidata.org/entity/Q22808404,Theatre District / Convention Center,station located on surface
http://www.wikidata.org/entity/Q7863084,,https://en.wikipedia.org/wiki/U.S._Bank_Tower_(Denver),Point(-104.993888888 39.7475),1.2,39.7475,-104.99388888889,2,http://www.wikidata.org/entity/Q11303,U.S. Bank Tower,skyscraper
http://www.wikidata.org/entity/Q7886061,,"https://en.wikipedia.org/wiki/Union_Station,_Denver",Point(-104.997 39.7571),2.241,39.7571,-104.997,2,http://www.wikidata.org/entity/Q123705,Union Station,neighborhood
http://www.wikidata.org/entity/Q7889701,,https://en.wikipedia.org/wiki/United_States_Customhouse_(Denver),Point(-104.988333 39.748611),1.084,39.748611,-104.988333,2,http://www.wikidata.org/entity/Q41176,United States Customhouse,building
http://www.wikidata.org/entity/Q7895283,,https://en.wikipedia.org/wiki/University_of_Colorado_School_of_Dental_Medicine,Point(-104.836 39.7441),12.739,39.7441,-104.836,2,http://www.wikidata.org/entity/Q5259432,University of Colorado Denver School of Dental Medicine,dental school
http://www.wikidata.org/entity/Q7895281,,https://en.wikipedia.org/wiki/University_of_Colorado_Denver_Business_School,Point(-104.99833 39.74755),1.477,39.74755,-104.99833,2,http://www.wikidata.org/entity/Q1143635,University of Colorado Denver Business School,business school
http://www.wikidata.org/entity/Q7895330,,https://en.wikipedia.org/wiki/University_of_Denver_station,Point(-104.9647861 39.6852626),6.242,39.6852626,-104.9647861,2,http://www.wikidata.org/entity/Q2175765,University of Denver station,tram stop
http://www.wikidata.org/entity/Q7989166,,https://en.wikipedia.org/wiki/Westminster_High_School_(Colorado),Point(-105.04 39.822),10.338,39.822,-105.04,2,http://www.wikidata.org/entity/Q9826,Westminster High School,high school
http://www.wikidata.org/entity/Q7989180,,https://en.wikipedia.org/wiki/Westminster_Mall_(Colorado),Point(-105.06 39.859),14.783,39.859,-105.06,2,http://www.wikidata.org/entity/Q11315,Westminster Mall,shopping center
http://www.wikidata.org/entity/Q8013230,,https://en.wikipedia.org/wiki/William_J._Gregory_House,Point(-105.033611 39.844444),12.417,39.844444,-105.033611,2,http://www.wikidata.org/entity/Q1307276,William J. Gregory House,single-family detached home
http://www.wikidata.org/entity/Q8018566,,"https://en.wikipedia.org/wiki/William_Smith_House_(Aurora,_Colorado)",Point(-104.851048 39.7206191),11.628,39.7206191,-104.851048,2,http://www.wikidata.org/entity/Q3947,William Smith House,house
http://www.wikidata.org/entity/Q14684287,,https://en.wikipedia.org/wiki/16th_%26_California_and_16th_%26_Stout_stations,Point(-104.99238 39.74497),0.905,39.74497,-104.99238,2,http://www.wikidata.org/entity/Q2175765,16th/California,tram stop
http://www.wikidata.org/entity/Q14684288,,https://en.wikipedia.org/wiki/1938_U.S._Open_(golf),Point(-104.963 39.643),10.863,39.643,-104.963,2,http://www.wikidata.org/entity/Q259776,1938 U.S. Open,U.S. Open
http://www.wikidata.org/entity/Q14684292,,https://en.wikipedia.org/wiki/Adolph_Zang_Mansion,Point(-104.978 39.7275),1.431,39.72755,-104.97791,2,http://www.wikidata.org/entity/Q3947,Adolph Zang Mansion,house
http://www.wikidata.org/entity/Q14684292,,https://en.wikipedia.org/wiki/Adolph_Zang_Mansion,Point(-104.97791 39.72755),1.429,39.72755,-104.97791,2,http://www.wikidata.org/entity/Q3947,Adolph Zang Mansion,house
http://www.wikidata.org/entity/Q14684292,,https://en.wikipedia.org/wiki/Adolph_Zang_Mansion,Point(-104.978 39.7275),1.431,39.7275,-104.978,2,http://www.wikidata.org/entity/Q3947,Adolph Zang Mansion,house
http://www.wikidata.org/entity/Q14684292,,https://en.wikipedia.org/wiki/Adolph_Zang_Mansion,Point(-104.97791 39.72755),1.429,39.7275,-104.978,2,http://www.wikidata.org/entity/Q3947,Adolph Zang Mansion,house
http://www.wikidata.org/entity/Q14684923,,https://en.wikipedia.org/wiki/Magness_Arena,Point(-104.961666666 39.682222222),6.643,39.682222222222,-104.96166666667,2,http://www.wikidata.org/entity/Q641226,Magness Arena,arena
http://www.wikidata.org/entity/Q14685016,,https://en.wikipedia.org/wiki/Mullen_High_School,Point(-105.036 39.6506),10.783,39.6506,-105.036,2,http://www.wikidata.org/entity/Q9826,Mullen High School,high school
http://www.wikidata.org/entity/Q14685084,,https://en.wikipedia.org/wiki/Sakura_Square,Point(-104.993 39.7519),1.571,39.7519,-104.993,2,http://www.wikidata.org/entity/Q174782,Sakura Square,square
http://www.wikidata.org/entity/Q15209731,,"https://en.wikipedia.org/wiki/Chinatown,_Denver",Point(-104.98472222 39.73916667),0.014,39.73916667,-104.98472222,2,http://www.wikidata.org/entity/Q123705,Chinatown,neighborhood
http://www.wikidata.org/entity/Q15209731,,"https://en.wikipedia.org/wiki/Chinatown,_Denver",Point(-104.98472222 39.73916667),0.014,39.73916667,-104.98472222,2,http://www.wikidata.org/entity/Q202509,Chinatown,Chinatown
http://www.wikidata.org/entity/Q15241376,,https://en.wikipedia.org/wiki/Lakewood_High_School_(Colorado),Point(-105.10666667 39.72916667),10.475,39.72916667,-105.10666667,2,http://www.wikidata.org/entity/Q1080794,Lakewood High School,public school
http://www.wikidata.org/entity/Q15241376,,https://en.wikipedia.org/wiki/Lakewood_High_School_(Colorado),Point(-105.10666667 39.72916667),10.475,39.72916667,-105.10666667,2,http://www.wikidata.org/entity/Q9826,Lakewood High School,high school
http://www.wikidata.org/entity/Q16891234,,https://en.wikipedia.org/wiki/Federal_Center_station_(RTD),Point(-105.129 39.72),12.51,39.72,-105.129,2,http://www.wikidata.org/entity/Q2175765,Federal Center,tram stop
http://www.wikidata.org/entity/Q16953658,,"https://en.wikipedia.org/wiki/Mount_Olivet_Cemetery_(Wheat_Ridge,_Colorado)",Point(-105.145 39.782),14.49,39.782,-105.145,2,http://www.wikidata.org/entity/Q21554881,Mount Olivet Cemetery,Catholic cemetery
http://www.wikidata.org/entity/Q16991680,,https://en.wikipedia.org/wiki/Denver_Fire_Department,Point(-104.985 39.7392),0.012,39.7392,-104.985,2,http://www.wikidata.org/entity/Q6498663,Denver Fire Department,fire department
http://www.wikidata.org/entity/Q17510567,,https://en.wikipedia.org/wiki/Colorado_Department_of_Public_Health_and_Environment,Point(-104.93700833 39.70465556),5.615,39.70465556,-104.93700833,2,http://www.wikidata.org/entity/Q1519799,Colorado Department of Public Health and Environment,ministry of health
http://www.wikidata.org/entity/Q17762185,,https://en.wikipedia.org/wiki/Cherokee_Generating_Station,Point(-104.965 39.8075),7.778,39.8075,-104.965,2,http://www.wikidata.org/entity/Q1427536,Cherokee Generating Station,gas turbine power station
http://www.wikidata.org/entity/Q17762185,,https://en.wikipedia.org/wiki/Cherokee_Generating_Station,Point(-104.965 39.8075),7.778,39.8075,-104.965,2,http://www.wikidata.org/entity/Q3498533,Cherokee Generating Station,natural gas-fired power station
http://www.wikidata.org/entity/Q18749232,,https://en.wikipedia.org/wiki/Thatcher_Memorial_Fountain,Point(-104.957 39.7448),2.461,39.7448,-104.957,2,http://www.wikidata.org/entity/Q483453,Thatcher Memorial Fountain,fountain
http://www.wikidata.org/entity/Q18749232,,https://en.wikipedia.org/wiki/Thatcher_Memorial_Fountain,Point(-104.957 39.7448),2.461,39.7448,-104.957,2,http://www.wikidata.org/entity/Q860861,Thatcher Memorial Fountain,sculpture
http://www.wikidata.org/entity/Q19460143,,https://en.wikipedia.org/wiki/Alamo_Placita_Park,Point(-104.97581 39.72054),2.218,39.72054,-104.97581,2,http://www.wikidata.org/entity/Q22698,Alamo Placita Park,park
http://www.wikidata.org/entity/Q19605840,,https://en.wikipedia.org/wiki/Denver_Press_Club,Point(-104.993397 39.741408),0.769,39.741408,-104.993397,2,http://www.wikidata.org/entity/Q2178147,Denver Press Club,trade association
http://www.wikidata.org/entity/Q19605840,,https://en.wikipedia.org/wiki/Denver_Press_Club,Point(-104.993397 39.741408),0.769,39.741408,-104.993397,2,http://www.wikidata.org/entity/Q41176,Denver Press Club,building
http://www.wikidata.org/entity/Q20501842,,"https://en.wikipedia.org/wiki/1993_Aurora,_Colorado_shooting",Point(-104.844833333 39.6755),13.918,39.6755,-104.84483333333,2,http://www.wikidata.org/entity/Q132821,1993 Aurora shooting,murder
http://www.wikidata.org/entity/Q24514631,,https://en.wikipedia.org/wiki/40th_%26_Colorado_station,Point(-104.94258333 39.77605556),5.461,39.77605556,-104.94258333,2,http://www.wikidata.org/entity/Q22808404,40th & Colorado station,station located on surface
http://www.wikidata.org/entity/Q24514631,,https://en.wikipedia.org/wiki/40th_%26_Colorado_station,Point(-104.94258333 39.77605556),5.461,39.77605556,-104.94258333,2,http://www.wikidata.org/entity/Q55488,40th & Colorado station,railway station
http://www.wikidata.org/entity/Q24514632,,https://en.wikipedia.org/wiki/Peoria_station,Point(-104.85041667 39.76755556),11.916,39.76755556,-104.85041667,2,http://www.wikidata.org/entity/Q2175765,Peoria station,tram stop
http://www.wikidata.org/entity/Q24514632,,https://en.wikipedia.org/wiki/Peoria_station,Point(-104.85041667 39.76755556),11.916,39.76755556,-104.85041667,2,http://www.wikidata.org/entity/Q22808404,Peoria station,station located on surface
http://www.wikidata.org/entity/Q24514632,,https://en.wikipedia.org/wiki/Peoria_station,Point(-104.85041667 39.76755556),11.916,39.76755556,-104.85041667,2,http://www.wikidata.org/entity/Q55488,Peoria station,railway station
http://www.wikidata.org/entity/Q25208882,,https://en.wikipedia.org/wiki/Mayan_Theater_(Denver),Point(-104.98721 39.71866),2.297,39.71866,-104.98721,2,http://www.wikidata.org/entity/Q41253,Mayan Theater,movie theater
http://www.wikidata.org/entity/Q26258346,,https://en.wikipedia.org/wiki/Emmanuel_Shearith_Israel_Chapel,Point(-105.00333333 39.74416667),1.672,39.74416667,-105.00333333,2,http://www.wikidata.org/entity/Q34627,Emmanuel Shearith Israel Chapel,synagogue
http://www.wikidata.org/entity/Q26823127,,https://en.wikipedia.org/wiki/Marston_Lake,Point(-105.06777778 39.63),14.066,39.63,-105.06777778,2,http://www.wikidata.org/entity/Q131681,Marston Lake,reservoir
http://www.wikidata.org/entity/Q28126176,,https://en.wikipedia.org/wiki/Oriental_Theater_(Denver),Point(-105.043588 39.77665),6.519,39.77665,-105.043588,2,http://www.wikidata.org/entity/Q41253,Oriental Theater,movie theater
http://www.wikidata.org/entity/Q28441874,,https://en.wikipedia.org/wiki/Colorado_Center_for_the_Blind,Point(-105.0147 39.6102),14.573,39.6102,-105.0147,2,http://www.wikidata.org/entity/Q3914,Colorado Center for the Blind,school
http://www.wikidata.org/entity/Q28841953,,https://en.wikipedia.org/wiki/Aurora_Metro_Center_station,Point(-104.81908333 39.70880556),14.575,39.70880556,-104.81908333,2,http://www.wikidata.org/entity/Q2175765,Aurora Metro Center station,tram stop
http://www.wikidata.org/entity/Q28841953,,https://en.wikipedia.org/wiki/Aurora_Metro_Center_station,Point(-104.81908333 39.70880556),14.575,39.70880556,-104.81908333,2,http://www.wikidata.org/entity/Q22808404,Aurora Metro Center station,station located on surface
http://www.wikidata.org/entity/Q29033979,,,Point(-105.021666666 39.803333333),7.79,39.803333333333,-105.02166666667,2,http://www.wikidata.org/entity/Q17343829,Zuni,unincorporated community in the United States
http://www.wikidata.org/entity/Q42345454,,https://en.wikipedia.org/wiki/St._Thomas_Seminary_(Denver),Point(-104.9477 39.6927),6.073,39.6927,-104.9477,2,http://www.wikidata.org/entity/Q233324,St. Thomas Seminary,seminary
http://www.wikidata.org/entity/Q48861785,,https://en.wikipedia.org/wiki/Denver_Pavilions,Point(-104.99065 39.74358),0.691,39.74358,-104.99065,2,http://www.wikidata.org/entity/Q11315,Denver Pavilions,shopping center
http://www.wikidata.org/entity/Q49482832,,,Point(-104.998888888 39.745833333),1.406,39.745833333333,-104.99888888889,2,http://www.wikidata.org/entity/Q41176,Tramway Building,building
http://www.wikidata.org/entity/Q49487263,,,Point(-104.991666666 39.746388888),0.985,39.746388888889,-104.99166666667,2,http://www.wikidata.org/entity/Q22698,Equitable Building,park
http://www.wikidata.org/entity/Q49504537,,,Point(-104.9922129 39.7474567),1.109,39.7474567,-104.9922129,2,http://www.wikidata.org/entity/Q1021645,Ideal Building,office building
http://www.wikidata.org/entity/Q49511334,,,Point(-104.990277777 39.744166666),0.718,39.744166666667,-104.99027777778,2,http://www.wikidata.org/entity/Q41176,Kittredge Building,building
http://www.wikidata.org/entity/Q49546382,,,Point(-105.124444444 39.776111111),12.616,39.776111111111,-105.12444444444,2,http://www.wikidata.org/entity/Q22698,Prospect Park,park
http://www.wikidata.org/entity/Q49554942,,,Point(-105.082777777 39.799444444),10.716,39.799444444444,-105.08277777778,2,http://www.wikidata.org/entity/Q3947,Russell-Graves House,house
http://www.wikidata.org/entity/Q49575931,,,Point(-104.988888888 39.740277777),0.363,39.740277777778,-104.98888888889,2,http://www.wikidata.org/entity/Q143912,Voorhies Memorial,triumphal arch
http://www.wikidata.org/entity/Q54933040,,https://en.wikipedia.org/wiki/Olde_Town_Arvada_station,Point(-105.0803 39.799),10.521,39.799,-105.0803,2,http://www.wikidata.org/entity/Q22808404,Olde Town Arvada station,station located on surface
http://www.wikidata.org/entity/Q54933040,,https://en.wikipedia.org/wiki/Olde_Town_Arvada_station,Point(-105.0803 39.799),10.521,39.799,-105.0803,2,http://www.wikidata.org/entity/Q55488,Olde Town Arvada station,railway station
http://www.wikidata.org/entity/Q54933091,,https://en.wikipedia.org/wiki/Arvada_Ridge_station,Point(-105.11138889 39.7925),12.329,39.7925,-105.11138889,2,http://www.wikidata.org/entity/Q22808404,Arvada Ridge station,station located on surface
http://www.wikidata.org/entity/Q54933091,,https://en.wikipedia.org/wiki/Arvada_Ridge_station,Point(-105.11138889 39.7925),12.329,39.7925,-105.11138889,2,http://www.wikidata.org/entity/Q55488,Arvada Ridge station,railway station
http://www.wikidata.org/entity/Q54933092,,https://en.wikipedia.org/wiki/Wheat_Ridge/Ward_station,Point(-105.13305556 39.78805556),13.78,39.78805556,-105.13305556,2,http://www.wikidata.org/entity/Q22808404,Wheat Ridge/Ward station,station located on surface
http://www.wikidata.org/entity/Q54933092,,https://en.wikipedia.org/wiki/Wheat_Ridge/Ward_station,Point(-105.13305556 39.78805556),13.78,39.78805556,-105.13305556,2,http://www.wikidata.org/entity/Q55488,Wheat Ridge/Ward station,railway station
http://www.wikidata.org/entity/Q55608537,,https://en.wikipedia.org/wiki/Crawford_Hill_Mansion,Point(-104.98524167 39.73175556),0.832,39.73175556,-104.98524167,2,http://www.wikidata.org/entity/Q1802963,Crawford Hill Mansion,mansion
http://www.wikidata.org/entity/Q55608704,,"https://en.wikipedia.org/wiki/Curtis_School_(Greenwood_Village,_Colorado)",Point(-104.96027778 39.61027778),14.492,39.61027778,-104.96027778,2,http://www.wikidata.org/entity/Q1244442,Curtis School,school building
http://www.wikidata.org/entity/Q55634778,,https://en.wikipedia.org/wiki/Tears%E2%80%93McFarlane_House,Point(-104.96568889 39.73665556),1.664,39.73665556,-104.96568889,2,http://www.wikidata.org/entity/Q3947,Tears-McFarlane House,house
http://www.wikidata.org/entity/Q56669162,,https://en.wikipedia.org/wiki/Holy_Ghost_Catholic_Church_(Denver),Point(-104.98794444 39.74808333),1.018,39.74808333,-104.98794444,2,http://www.wikidata.org/entity/Q1088552,Holy Ghost Catholic Church,Catholic church building
http://www.wikidata.org/entity/Q60761501,,https://en.wikipedia.org/wiki/Buckhorn_Exchange,Point(-105.005 39.7322),1.891,39.7322,-105.005,2,http://www.wikidata.org/entity/Q655686,Buckhorn Exchange,commercial building
http://www.wikidata.org/entity/Q69779512,,https://en.wikipedia.org/wiki/Denver_Central_Library,Point(-104.98826 39.737345),0.359,39.737345,-104.98826,2,http://www.wikidata.org/entity/Q12317349,Denver Central Library,main library
http://www.wikidata.org/entity/Q69779512,,https://en.wikipedia.org/wiki/Denver_Central_Library,Point(-104.98826 39.737345),0.359,39.737345,-104.98826,2,http://www.wikidata.org/entity/Q7075,Denver Central Library,library
http://www.wikidata.org/entity/Q69779512,,https://en.wikipedia.org/wiki/Denver_Central_Library,Point(-104.98826 39.737345),0.359,39.737345,-104.98826,2,http://www.wikidata.org/entity/Q28564,Denver Central Library,public library
http://www.wikidata.org/entity/Q73006668,,https://en.wikipedia.org/wiki/Colorado_State_Library,Point(-104.98455 39.74038),0.13,39.74038,-104.98455,2,http://www.wikidata.org/entity/Q20857085,Colorado State Library,state agency of the United States
http://www.wikidata.org/entity/Q73006668,,https://en.wikipedia.org/wiki/Colorado_State_Library,Point(-104.984321052 39.740548771),0.153,39.74038,-104.98455,2,http://www.wikidata.org/entity/Q20857085,Colorado State Library,state agency of the United States
http://www.wikidata.org/entity/Q73006668,,https://en.wikipedia.org/wiki/Colorado_State_Library,Point(-104.98455 39.74038),0.13,39.740548771657,-104.98432105204,2,http://www.wikidata.org/entity/Q20857085,Colorado State Library,state agency of the United States
http://www.wikidata.org/entity/Q73006668,,https://en.wikipedia.org/wiki/Colorado_State_Library,Point(-104.984321052 39.740548771),0.153,39.740548771657,-104.98432105204,2,http://www.wikidata.org/entity/Q20857085,Colorado State Library,state agency of the United States
http://www.wikidata.org/entity/Q73006668,,https://en.wikipedia.org/wiki/Colorado_State_Library,Point(-104.98455 39.74038),0.13,39.74038,-104.98455,2,http://www.wikidata.org/entity/Q7075,Colorado State Library,library
http://www.wikidata.org/entity/Q73006668,,https://en.wikipedia.org/wiki/Colorado_State_Library,Point(-104.984321052 39.740548771),0.153,39.74038,-104.98455,2,http://www.wikidata.org/entity/Q7075,Colorado State Library,library
http://www.wikidata.org/entity/Q73006668,,https://en.wikipedia.org/wiki/Colorado_State_Library,Point(-104.98455 39.74038),0.13,39.740548771657,-104.98432105204,2,http://www.wikidata.org/entity/Q7075,Colorado State Library,library
http://www.wikidata.org/entity/Q73006668,,https://en.wikipedia.org/wiki/Colorado_State_Library,Point(-104.984321052 39.740548771),0.153,39.740548771657,-104.98432105204,2,http://www.wikidata.org/entity/Q7075,Colorado State Library,library
http://www.wikidata.org/entity/Q84842812,,https://en.wikipedia.org/wiki/Statue_of_Joe_P._Mart%C3%ADnez,Point(-104.98675 39.739722222),0.17,39.739722222222,-104.98675,2,http://www.wikidata.org/entity/Q179700,Statue of Joe P. Martínez,statue
http://www.wikidata.org/entity/Q84842875,,https://en.wikipedia.org/wiki/Civil_War_Monument_(Denver),Point(-104.985642 39.739235),0.067,39.739235,-104.985642,2,http://www.wikidata.org/entity/Q179700,Civil War Monument,statue
http://www.wikidata.org/entity/Q84842875,,https://en.wikipedia.org/wiki/Civil_War_Monument_(Denver),Point(-104.985642 39.739235),0.067,39.739235,-104.985642,2,http://www.wikidata.org/entity/Q4989906,Civil War Monument,monument
http://www.wikidata.org/entity/Q84875931,,https://en.wikipedia.org/wiki/The_Closing_Era,Point(-104.983983 39.739235),0.075,39.739235,-104.983983,2,http://www.wikidata.org/entity/Q860861,The Closing Era,sculpture
http://www.wikidata.org/entity/Q84878088,,https://en.wikipedia.org/wiki/On_the_War_Trail,Point(-104.988647 39.738912),0.326,39.738912,-104.988647,2,http://www.wikidata.org/entity/Q860861,On the War Trail,sculpture
http://www.wikidata.org/entity/Q84971299,,https://en.wikipedia.org/wiki/Bronco_Buster_(Proctor),Point(-104.989069 39.738912),0.362,39.738912,-104.989069,2,http://www.wikidata.org/entity/Q179700,Bronco Buster,statue
http://www.wikidata.org/entity/Q85753563,,https://en.wikipedia.org/wiki/Commerce_City/72nd_station,Point(-104.943057 39.826361),10.325,39.826361,-104.943057,2,http://www.wikidata.org/entity/Q55488,Commerce City/72nd station,railway station
http://www.wikidata.org/entity/Q85754903,,https://en.wikipedia.org/wiki/Cyclone_(Lakeside_Amusement_Park),Point(-105.054 39.7808),7.502,39.7808,-105.054,2,http://www.wikidata.org/entity/Q973560,Cyclone,wooden roller coaster
http://www.wikidata.org/entity/Q85761059,,"https://en.wikipedia.org/wiki/First_National_Bank_Building_(Denver,_Colorado)",Point(-104.9923 39.7468),1.054,39.7468,-104.9923,2,http://www.wikidata.org/entity/Q18761864,First National Bank Building,bank building
http://www.wikidata.org/entity/Q85776518,,https://en.wikipedia.org/wiki/Liberty_Bell_(Denver),Point(-104.986731 39.738892),0.164,39.738892,-104.986731,2,http://www.wikidata.org/entity/Q860861,Liberty Bell,sculpture
http://www.wikidata.org/entity/Q85791236,,https://en.wikipedia.org/wiki/Original_Thornton/88th_station,Point(-104.95308 39.858785),13.567,39.858785,-104.95308,2,http://www.wikidata.org/entity/Q55488,Original Thornton/88th station,railway station
http://www.wikidata.org/entity/Q101251270,,https://en.wikipedia.org/wiki/Denver_Gas_%26_Electric_Building,Point(-104.995651 39.745632),1.165,39.745632,-104.995651,2,http://www.wikidata.org/entity/Q1021645,Denver Gas & Electric Building,office building
http://www.wikidata.org/entity/Q104834126,,https://en.wikipedia.org/wiki/Colorado_National_Bank_Building,Point(-104.9933 39.74748),1.166,39.74748,-104.9933,2,http://www.wikidata.org/entity/Q18761864,Colorado National Bank Building,bank building
http://www.wikidata.org/entity/Q104834126,,https://en.wikipedia.org/wiki/Colorado_National_Bank_Building,Point(-104.9933 39.74748),1.166,39.74748,-104.9933,2,http://www.wikidata.org/entity/Q41176,Colorado National Bank Building,building
http://www.wikidata.org/entity/Q107121457,,https://en.wikipedia.org/wiki/Brinker_Collegiate_Institute,Point(-104.98807 39.74471),0.668,39.74471,-104.98807,2,http://www.wikidata.org/entity/Q1244442,Brinker Collegiate Institute,school building
http://www.wikidata.org/entity/Q107143930,,https://en.wikipedia.org/wiki/Barney_L._Ford_Building,Point(-104.999916666 39.74975),1.739,39.74975,-104.99991666667,2,http://www.wikidata.org/entity/Q655686,Barney L. Ford Building,commercial building
http://www.wikidata.org/entity/Q107619371,,https://en.wikipedia.org/wiki/Union_Station_North,Point(-104.985 39.7392),0.012,39.7392,-104.985,2,http://www.wikidata.org/entity/Q123705,Union Station North,neighborhood
http://www.wikidata.org/entity/Q111182021,,https://en.wikipedia.org/wiki/Rossonian_Hotel,Point(-104.977777777 39.754166666),1.767,39.754166666667,-104.97777777778,2,http://www.wikidata.org/entity/Q63099748,Rossonian Hotel,hotel building
http://www.wikidata.org/entity/Q117075177,,https://en.wikipedia.org/wiki/Creswell_Mansion,Point(-104.983611111 39.736111111),0.364,39.736111111111,-104.98361111111,2,http://www.wikidata.org/entity/Q3947,Creswell Mansion,house
http://www.wikidata.org/entity/Q133703031,,https://en.wikipedia.org/wiki/Loretto_Heights_Academy,Point(-105.02775 39.66154),9.386,39.66154,-105.02775,2,http://www.wikidata.org/entity/Q1244442,Loretto Heights Academy,school building
http://www.wikidata.org/entity/Q133703031,,https://en.wikipedia.org/wiki/Loretto_Heights_Academy,Point(-105.02775 39.66154),9.386,39.66154,-105.02775,2,http://www.wikidata.org/entity/Q41176,Loretto Heights Academy,building
http://www.wikidata.org/entity/Q881394,https://de.wikipedia.org/wiki/Blanche_A._Wilson_House,https://en.wikipedia.org/wiki/Blanche_A._Wilson_House,Point(-104.87 39.7436),9.832,39.7436,-104.87,2,http://www.wikidata.org/entity/Q3947,Blanche A. Wilson House,house
http://www.wikidata.org/entity/Q1533581,https://de.wikipedia.org/wiki/Montana_County,"https://en.wikipedia.org/wiki/Montana_County,_Kansas_Territory",Point(-104.833333333 39.75),13.01,39.75,-104.83333333333,2,http://www.wikidata.org/entity/Q47168,Montana County,county of the United States
http://www.wikidata.org/entity/Q5142608,https://de.wikipedia.org/wiki/Cole_(Denver),"https://en.wikipedia.org/wiki/Cole,_Denver",Point(-104.966 39.767),3.483,39.767,-104.966,2,http://www.wikidata.org/entity/Q123705,Cole,neighborhood
http://www.wikidata.org/entity/Q5148816,https://de.wikipedia.org/wiki/Colorado_History_Museum,https://en.wikipedia.org/wiki/Colorado_History_Museum,Point(-104.987 39.7374),0.274,39.7374,-104.987,2,http://www.wikidata.org/entity/Q33506,Colorado History Museum,museum
http://www.wikidata.org/entity/Q5177227,https://de.wikipedia.org/wiki/Country_Club_(Denver),"https://en.wikipedia.org/wiki/Country_Club,_Denver",Point(-104.965 39.7183),2.882,39.7183,-104.965,2,http://www.wikidata.org/entity/Q123705,Country Club,neighborhood
http://www.wikidata.org/entity/Q5764046,https://de.wikipedia.org/wiki/Hilltop_(Denver),"https://en.wikipedia.org/wiki/Hilltop,_Denver",Point(-104.922 39.7178),5.88,39.7178,-104.922,2,http://www.wikidata.org/entity/Q123705,Hilltop,neighborhood
http://www.wikidata.org/entity/Q16902935,https://de.wikipedia.org/wiki/Washington-Virginia_Vale,"https://en.wikipedia.org/wiki/Washington_Virginia_Vale,_Denver",Point(-104.913 39.7038),7.3,39.7038,-104.913,2,http://www.wikidata.org/entity/Q123705,Washington Virginia Vale,neighborhood
http://www.wikidata.org/entity/Q101584493,https://de.wikipedia.org/wiki/Commerce-City-Raffinerie,,Point(-104.947545 39.80355),7.83,39.80355,-104.947545,2,http://www.wikidata.org/entity/Q12353044,Commerce City Refinery,oil refinery
http://www.wikidata.org/entity/Q4604972,,https://en.wikipedia.org/wiki/2005_U.S._Women%27s_Open,Point(-104.963 39.643),10.863,39.643,-104.963,1,http://www.wikidata.org/entity/Q2300124,2005 U.S. Women's Open Golf Championship,United States Women's Open Championship
http://www.wikidata.org/entity/Q4630641,,https://en.wikipedia.org/wiki/20th_%26_Welton_station,Point(-104.986895 39.747932),0.982,39.747932,-104.986895,1,http://www.wikidata.org/entity/Q2175765,20th/Welton,tram stop
http://www.wikidata.org/entity/Q4630641,,https://en.wikipedia.org/wiki/20th_%26_Welton_station,Point(-104.986895 39.747932),0.982,39.747932,-104.986895,1,http://www.wikidata.org/entity/Q22808404,20th/Welton,station located on surface
http://www.wikidata.org/entity/Q4632215,,https://en.wikipedia.org/wiki/25th_%26_Welton_station,Point(-104.97975 39.753378),1.632,39.753378,-104.97975,1,http://www.wikidata.org/entity/Q2175765,25th/Welton,tram stop
http://www.wikidata.org/entity/Q4632215,,https://en.wikipedia.org/wiki/25th_%26_Welton_station,Point(-104.97975 39.753378),1.632,39.753378,-104.97975,1,http://www.wikidata.org/entity/Q22808404,25th/Welton,station located on surface
http://www.wikidata.org/entity/Q4632907,,https://en.wikipedia.org/wiki/29th_%26_Welton_station,Point(-104.975211 39.756919),2.132,39.756919,-104.975211,1,http://www.wikidata.org/entity/Q2175765,29th/Welton,tram stop
http://www.wikidata.org/entity/Q4632907,,https://en.wikipedia.org/wiki/29th_%26_Welton_station,Point(-104.975211 39.756919),2.132,39.756919,-104.975211,1,http://www.wikidata.org/entity/Q22808404,29th/Welton,station located on surface
http://www.wikidata.org/entity/Q4634566,,https://en.wikipedia.org/wiki/30th_%26_Downing_station,Point(-104.973536 39.758805),2.382,39.758805,-104.973536,1,http://www.wikidata.org/entity/Q2175765,30th/Downing,tram stop
http://www.wikidata.org/entity/Q4634566,,https://en.wikipedia.org/wiki/30th_%26_Downing_station,Point(-104.973536 39.758805),2.382,39.758805,-104.973536,1,http://www.wikidata.org/entity/Q22808404,30th/Downing,station located on surface
http://www.wikidata.org/entity/Q4669022,,https://en.wikipedia.org/wiki/Abraham_Lincoln_High_School_(Colorado),Point(-105.027 39.6761),7.891,39.6761,-105.027,1,http://www.wikidata.org/entity/Q9826,Abraham Lincoln High School,high school
http://www.wikidata.org/entity/Q4680312,,https://en.wikipedia.org/wiki/Adams_City_High_School,Point(-104.935 39.8213),10.07,39.8213,-104.935,1,http://www.wikidata.org/entity/Q9826,Adams City High School,high school
http://www.wikidata.org/entity/Q4680332,,https://en.wikipedia.org/wiki/Westminster_Public_Schools,Point(-105.041 39.825),10.675,39.825,-105.041,1,http://www.wikidata.org/entity/Q15726209,Adams County School District 50,school district in the United States
http://www.wikidata.org/entity/Q4705848,,https://en.wikipedia.org/wiki/Alameda_station_(RTD),Point(-104.993028 39.708511),3.487,39.708511,-104.993028,1,http://www.wikidata.org/entity/Q2175765,Alameda,tram stop
http://www.wikidata.org/entity/Q4705848,,https://en.wikipedia.org/wiki/Alameda_station_(RTD),Point(-104.993028 39.708511),3.487,39.708511,-104.993028,1,http://www.wikidata.org/entity/Q22808404,Alameda,station located on surface
http://www.wikidata.org/entity/Q4705870,,https://en.wikipedia.org/wiki/Alameda_East_Veterinary_Hospital,Point(-104.874 39.7096),10.037,39.7096,-104.874,1,http://www.wikidata.org/entity/Q1706476,Alameda East Veterinary Hospital,veterinary hospital
http://www.wikidata.org/entity/Q4729566,,https://en.wikipedia.org/wiki/All_Saints_Episcopal_Church_(Denver),Point(-105.013611 39.761944),3.523,39.761944,-105.013611,1,http://www.wikidata.org/entity/Q16970,All Saints Episcopal Church,church building
http://www.wikidata.org/entity/Q4784193,,https://en.wikipedia.org/wiki/Arapahoe_Acres,Point(-104.970278 39.662222),8.654,39.662222,-104.970278,1,http://www.wikidata.org/entity/Q15243209,Arapahoe Acres,historic district
http://www.wikidata.org/entity/Q4796288,,https://en.wikipedia.org/wiki/Arrupe_Jesuit_High_School,Point(-105.046 39.7756),6.607,39.7756,-105.046,1,http://www.wikidata.org/entity/Q9826,Arrupe Jesuit High School,high school
http://www.wikidata.org/entity/Q4802344,,https://en.wikipedia.org/wiki/Olde_Town_Arvada,Point(-105.08 39.8009),10.636,39.8009,-105.08,1,http://www.wikidata.org/entity/Q15243209,Olde Town Arvada,historic district
http://www.wikidata.org/entity/Q4802348,,https://en.wikipedia.org/wiki/Arvada_High_School,Point(-105.085 39.8158),12.07,39.8158,-105.085,1,http://www.wikidata.org/entity/Q9826,Arvada High School,high school
http://www.wikidata.org/entity/Q4815612,,"https://en.wikipedia.org/wiki/Athmar_Park,_Denver",Point(-105.010833333 39.703888888),4.514,39.703888888889,-105.01083333333,1,http://www.wikidata.org/entity/Q123705,Athmar Park,neighborhood
http://www.wikidata.org/entity/Q4822138,,https://en.wikipedia.org/wiki/Auraria_9th_Street_Historic_District,Point(-105.003333 39.741667),1.602,39.741667,-105.003333,1,http://www.wikidata.org/entity/Q15243209,Auraria 9th Street Historic District,historic district
http://www.wikidata.org/entity/Q4822139,,https://en.wikipedia.org/wiki/Auraria_Campus,Point(-105.006 39.7431),1.858,39.7431,-105.006,1,http://www.wikidata.org/entity/Q209465,Auraria Campus,campus
http://www.wikidata.org/entity/Q4822143,,https://en.wikipedia.org/wiki/Auraria_West_station,Point(-105.010693 39.741367),2.221,39.741367,-105.010693,1,http://www.wikidata.org/entity/Q2175765,Auraria West,tram stop
http://www.wikidata.org/entity/Q4822143,,https://en.wikipedia.org/wiki/Auraria_West_station,Point(-105.010693 39.741367),2.221,39.741367,-105.010693,1,http://www.wikidata.org/entity/Q22808404,Auraria West,station located on surface
http://www.wikidata.org/entity/Q4822511,,https://en.wikipedia.org/wiki/Aurora_Central_High_School,Point(-104.852222222 39.732222222),11.368,39.732222222222,-104.85222222222,1,http://www.wikidata.org/entity/Q9826,Aurora Central High School,high school
http://www.wikidata.org/entity/Q4822594,,https://en.wikipedia.org/wiki/Aurora_Public_Schools_(Colorado),Point(-104.848 39.7325),11.726,39.7325,-104.848,1,http://www.wikidata.org/entity/Q398141,Aurora Public Schools,school district
http://www.wikidata.org/entity/Q4828207,,https://en.wikipedia.org/wiki/Avenue_Theater,Point(-104.982 39.7433),0.514,39.7433,-104.982,1,http://www.wikidata.org/entity/Q24354,Avenue Theater,theatre building
http://www.wikidata.org/entity/Q4862003,,"https://en.wikipedia.org/wiki/Barnum,_Denver",Point(-105.033 39.7181),4.74,39.7181,-105.033,1,http://www.wikidata.org/entity/Q123705,Barnum,neighborhood
http://www.wikidata.org/entity/Q4876397,,https://en.wikipedia.org/wiki/Bear_Creek_High_School_(Colorado),Point(-105.108 39.6579),13.884,39.6579,-105.108,1,http://www.wikidata.org/entity/Q9826,Bear Creek High School,high school
http://www.wikidata.org/entity/Q4882035,,"https://en.wikipedia.org/wiki/Belcaro,_Denver",Point(-104.95 39.7039),4.932,39.7039,-104.95,1,http://www.wikidata.org/entity/Q123705,Belcaro,neighborhood
http://www.wikidata.org/entity/Q4883836,,https://en.wikipedia.org/wiki/Belleview_station,Point(-104.9046 39.6279),14.157,39.6279,-104.9046,1,http://www.wikidata.org/entity/Q2175765,Belleview,tram stop
http://www.wikidata.org/entity/Q4917636,,https://en.wikipedia.org/wiki/Bishop_Machebeuf_High_School,Point(-104.891 39.7244),8.194,39.7244,-104.891,1,http://www.wikidata.org/entity/Q9826,Bishop Machebeuf Catholic High School,high school
http://www.wikidata.org/entity/Q4924033,,https://en.wikipedia.org/wiki/Blair-Caldwell_African_American_Research_Library,Point(-104.981415 39.752235),1.475,39.7524,-104.981,1,http://www.wikidata.org/entity/Q1438040,Blair-Caldwell African American Research Library,research library
http://www.wikidata.org/entity/Q4924033,,https://en.wikipedia.org/wiki/Blair-Caldwell_African_American_Research_Library,Point(-104.981 39.7524),1.5,39.7524,-104.981,1,http://www.wikidata.org/entity/Q1438040,Blair-Caldwell African American Research Library,research library
http://www.wikidata.org/entity/Q4924033,,https://en.wikipedia.org/wiki/Blair-Caldwell_African_American_Research_Library,Point(-104.981415 39.752235),1.475,39.752235,-104.981415,1,http://www.wikidata.org/entity/Q1438040,Blair-Caldwell African American Research Library,research library
http://www.wikidata.org/entity/Q4924033,,https://en.wikipedia.org/wiki/Blair-Caldwell_African_American_Research_Library,Point(-104.981 39.7524),1.5,39.752235,-104.981415,1,http://www.wikidata.org/entity/Q1438040,Blair-Caldwell African American Research Library,research library
http://www.wikidata.org/entity/Q4924033,,https://en.wikipedia.org/wiki/Blair-Caldwell_African_American_Research_Library,Point(-104.981415 39.752235),1.475,39.7524,-104.981,1,http://www.wikidata.org/entity/Q11396180,Blair-Caldwell African American Research Library,library branch
http://www.wikidata.org/entity/Q4924033,,https://en.wikipedia.org/wiki/Blair-Caldwell_African_American_Research_Library,Point(-104.981 39.7524),1.5,39.7524,-104.981,1,http://www.wikidata.org/entity/Q11396180,Blair-Caldwell African American Research Library,library branch
http://www.wikidata.org/entity/Q4924033,,https://en.wikipedia.org/wiki/Blair-Caldwell_African_American_Research_Library,Point(-104.981415 39.752235),1.475,39.752235,-104.981415,1,http://www.wikidata.org/entity/Q11396180,Blair-Caldwell African American Research Library,library branch
http://www.wikidata.org/entity/Q4924033,,https://en.wikipedia.org/wiki/Blair-Caldwell_African_American_Research_Library,Point(-104.981 39.7524),1.5,39.752235,-104.981415,1,http://www.wikidata.org/entity/Q11396180,Blair-Caldwell African American Research Library,library branch
http://www.wikidata.org/entity/Q4924033,,https://en.wikipedia.org/wiki/Blair-Caldwell_African_American_Research_Library,Point(-104.981415 39.752235),1.475,39.7524,-104.981,1,http://www.wikidata.org/entity/Q28564,Blair-Caldwell African American Research Library,public library
http://www.wikidata.org/entity/Q4924033,,https://en.wikipedia.org/wiki/Blair-Caldwell_African_American_Research_Library,Point(-104.981 39.7524),1.5,39.7524,-104.981,1,http://www.wikidata.org/entity/Q28564,Blair-Caldwell African American Research Library,public library
http://www.wikidata.org/entity/Q4924033,,https://en.wikipedia.org/wiki/Blair-Caldwell_African_American_Research_Library,Point(-104.981415 39.752235),1.475,39.752235,-104.981415,1,http://www.wikidata.org/entity/Q28564,Blair-Caldwell African American Research Library,public library
http://www.wikidata.org/entity/Q4924033,,https://en.wikipedia.org/wiki/Blair-Caldwell_African_American_Research_Library,Point(-104.981 39.7524),1.5,39.752235,-104.981415,1,http://www.wikidata.org/entity/Q28564,Blair-Caldwell African American Research Library,public library
http://www.wikidata.org/entity/Q4972497,,https://en.wikipedia.org/wiki/Broadway_Plaza_(Denver),Point(-104.989 39.7042),3.912,39.7042,-104.989,1,http://www.wikidata.org/entity/Q11315,Broadway Plaza,shopping center
http://www.wikidata.org/entity/Q4978180,,https://en.wikipedia.org/wiki/Bruce_Randolph_School,Point(-104.951 39.772),4.653,39.772,-104.951,1,http://www.wikidata.org/entity/Q9826,Bruce Randolph School,high school
http://www.wikidata.org/entity/Q5016151,,https://en.wikipedia.org/wiki/Wild_Kitty,Point(-105.012 39.7492),2.571,39.7492,-105.012,1,http://www.wikidata.org/entity/Q1144661,Wild Kitty,amusement ride
http://www.wikidata.org/entity/Q5016151,,https://en.wikipedia.org/wiki/Wild_Kitty,Point(-105.012 39.7492),2.571,39.7492,-105.012,1,http://www.wikidata.org/entity/Q2389789,Wild Kitty,steel roller coaster
http://www.wikidata.org/entity/Q5066787,,"https://en.wikipedia.org/wiki/Chaffee_Park,_Denver",Point(-105.016 39.7874),5.98,39.7874,-105.016,1,http://www.wikidata.org/entity/Q123705,Chaffee Park,neighborhood
http://www.wikidata.org/entity/Q5086749,,https://en.wikipedia.org/wiki/Charter_School_Institute,Point(-104.986783333 39.742183333),0.367,39.742183333333,-104.98678333333,1,http://www.wikidata.org/entity/Q327333,Charter School Institute,government agency
http://www.wikidata.org/entity/Q5092319,,https://en.wikipedia.org/wiki/Cherry_Creek_Arts_Festival,Point(-104.953416666 39.719416666),3.477,39.719416666667,-104.95341666667,1,http://www.wikidata.org/entity/Q163740,Cherry Creek Arts Festival,nonprofit organization
http://www.wikidata.org/entity/Q5092319,,https://en.wikipedia.org/wiki/Cherry_Creek_Arts_Festival,Point(-104.953416666 39.719416666),3.477,39.719416666667,-104.95341666667,1,http://www.wikidata.org/entity/Q4801521,Cherry Creek Arts Festival,arts festival
http://www.wikidata.org/entity/Q5092331,,https://en.wikipedia.org/wiki/Cherry_Creek_Shopping_Center,Point(-104.953 39.7169),3.687,39.7169,-104.953,1,http://www.wikidata.org/entity/Q11315,Cherry Creek Shopping Center,shopping center
http://www.wikidata.org/entity/Q5093642,,https://en.wikipedia.org/wiki/Chester_M._Alter_Arboretum,Point(-104.962 39.6764),7.255,39.6764,-104.962,1,http://www.wikidata.org/entity/Q167346,Chester M. Alter Arboretum,botanical garden
http://www.wikidata.org/entity/Q5108926,,https://en.wikipedia.org/wiki/Christ_Methodist_Episcopal_Church,Point(-104.974444 39.749722),1.467,39.749722,-104.974444,1,http://www.wikidata.org/entity/Q16970,Christ Methodist Episcopal Church,church building
http://www.wikidata.org/entity/Q5120440,,https://en.wikipedia.org/wiki/Cinderella_City,Point(-105.0 39.65),10.006,39.65,-105.0,1,http://www.wikidata.org/entity/Q11315,Cinderella City,shopping center
http://www.wikidata.org/entity/Q5123350,,https://en.wikipedia.org/wiki/City_Park_Golf,Point(-104.95 39.752778),3.339,39.752778,-104.95,1,http://www.wikidata.org/entity/Q15243209,City Park Golf,historic district
http://www.wikidata.org/entity/Q5130144,,"https://en.wikipedia.org/wiki/Clayton,_Denver",Point(-104.95 39.767),4.291,39.767,-104.95,1,http://www.wikidata.org/entity/Q123705,Clayton,neighborhood
http://www.wikidata.org/entity/Q5144757,,https://en.wikipedia.org/wiki/Colfax_at_Auraria_station,Point(-105.001918 39.740319),1.463,39.740319,-105.001918,1,http://www.wikidata.org/entity/Q2175765,Colfax at Auraria,tram stop
http://www.wikidata.org/entity/Q5148675,,https://en.wikipedia.org/wiki/Colorado%27s_Finest_High_School_of_Choice,Point(-105.015 39.6725),7.855,39.6725,-105.015,1,http://www.wikidata.org/entity/Q9826,Colorado's Finest Alternative High School,high school
http://www.wikidata.org/entity/Q5148687,,https://en.wikipedia.org/wiki/Colorado_station,Point(-104.9375 39.6795),7.78,39.6795,-104.9375,1,http://www.wikidata.org/entity/Q2175765,Colorado,tram stop
http://www.wikidata.org/entity/Q5148699,,https://en.wikipedia.org/wiki/Colorado_Alliance_of_Research_Libraries,Point(-104.94244673 39.690148562),6.554,39.690148562709,-104.94244673098,1,http://www.wikidata.org/entity/Q163740,Colorado Alliance of Research Libraries,nonprofit organization
http://www.wikidata.org/entity/Q5148699,,https://en.wikipedia.org/wiki/Colorado_Alliance_of_Research_Libraries,Point(-104.94244673 39.690148562),6.554,39.690148562709,-104.94244673098,1,http://www.wikidata.org/entity/Q7075,Colorado Alliance of Research Libraries,library
http://www.wikidata.org/entity/Q5148766,,https://en.wikipedia.org/wiki/Colorado_Community_College_System,Point(-104.879885 39.726307),9.091,39.726307,-104.879885,1,http://www.wikidata.org/entity/Q20857129,Colorado Community College System,university system
http://www.wikidata.org/entity/Q5148765,,https://en.wikipedia.org/wiki/Colorado_Community_Church,Point(-104.827017 39.681243),14.962,39.681243,-104.827017,1,http://www.wikidata.org/entity/Q16970,Colorado Community Church,church building
http://www.wikidata.org/entity/Q5148787,,https://en.wikipedia.org/wiki/Colorado_Department_of_Higher_Education,Point(-104.986712 39.741262),0.275,39.741262,-104.986712,1,http://www.wikidata.org/entity/Q327333,Colorado Department of Higher Education,government agency
http://www.wikidata.org/entity/Q5148840,,https://en.wikipedia.org/wiki/Colorado_Mills,Point(-105.16 39.7344),14.985,39.7344,-105.16,1,http://www.wikidata.org/entity/Q76470,Colorado Mills,outlet store
http://www.wikidata.org/entity/Q5148840,,https://en.wikipedia.org/wiki/Colorado_Mills,Point(-105.16 39.7344),14.985,39.7344,-105.16,1,http://www.wikidata.org/entity/Q11315,Colorado Mills,shopping center
http://www.wikidata.org/entity/Q5148912,,https://en.wikipedia.org/wiki/Colorado_School_of_Trades,Point(-105.104 39.7419),10.19,39.7419,-105.104,1,http://www.wikidata.org/entity/Q23002052,Colorado School of Trades,private for-profit educational institution
http://www.wikidata.org/entity/Q5148916,,https://en.wikipedia.org/wiki/Colorado_Sports_Hall_of_Fame,Point(-105.021 39.7441),3.137,39.7441,-105.021,1,http://www.wikidata.org/entity/Q42245028,Colorado Sports Hall of Fame,sports hall of fame
http://www.wikidata.org/entity/Q5148916,,https://en.wikipedia.org/wiki/Colorado_Sports_Hall_of_Fame,Point(-105.021 39.7441),3.137,39.7441,-105.021,1,http://www.wikidata.org/entity/Q33506,Colorado Sports Hall of Fame,museum
http://www.wikidata.org/entity/Q5148983,,https://en.wikipedia.org/wiki/Colorado_Women%27s_College,Point(-104.965 39.6806),6.737,39.6806,-104.965,1,http://www.wikidata.org/entity/Q189004,Colorado Women's College,college
http://www.wikidata.org/entity/Q5160811,,"https://en.wikipedia.org/wiki/Congress_Park,_Denver",Point(-104.949 39.7321),3.167,39.7321,-104.949,1,http://www.wikidata.org/entity/Q123705,Congress Park,neighborhood
http://www.wikidata.org/entity/Q5171945,,https://en.wikipedia.org/wiki/Cornwall_Apartments,Point(-104.963611 39.736944),1.835,39.736944,-104.963611,1,http://www.wikidata.org/entity/Q13402009,Cornwall Apartments,apartment building
http://www.wikidata.org/entity/Q5176021,,https://en.wikipedia.org/wiki/Colorado_Christian_Event_Center,Point(-105.062 39.7145),7.147,39.7145,-105.062,1,http://www.wikidata.org/entity/Q641226,Cougar Field House,arena
http://www.wikidata.org/entity/Q5182218,,"https://en.wikipedia.org/wiki/Cranmer_House_(Denver,_Colorado)",Point(-104.933056 39.719722),4.933,39.719722,-104.933056,1,http://www.wikidata.org/entity/Q1307276,Cranmer House,single-family detached home
http://www.wikidata.org/entity/Q5219480,,https://en.wikipedia.org/wiki/Daniels_College_of_Business,Point(-104.96 39.6776),7.176,39.6776,-104.96,1,http://www.wikidata.org/entity/Q1143635,Daniels College of Business,business school
http://www.wikidata.org/entity/Q5240692,,https://en.wikipedia.org/wiki/David_W._Brown_House,Point(-104.960556 39.660556),8.992,39.660556,-104.960556,1,http://www.wikidata.org/entity/Q5773747,David W. Brown House,historic house
http://www.wikidata.org/entity/Q5243497,,https://en.wikipedia.org/wiki/Dayton_station,Point(-104.8781 39.6428),14.086,39.6428,-104.8781,1,http://www.wikidata.org/entity/Q2175765,Dayton,tram stop
http://www.wikidata.org/entity/Q5243497,,https://en.wikipedia.org/wiki/Dayton_station,Point(-104.8781 39.6428),14.086,39.6428,-104.8781,1,http://www.wikidata.org/entity/Q132555858,Dayton,railway station in a highway median
http://www.wikidata.org/entity/Q5259690,,https://en.wikipedia.org/wiki/Denver_Christian_School,Point(-104.98106 39.67773),6.847,39.67773,-104.98106,1,http://www.wikidata.org/entity/Q423208,Denver Christian School,private school
http://www.wikidata.org/entity/Q5259728,,https://en.wikipedia.org/wiki/Denver_Foundation,Point(-104.946592 39.717477),4.07,39.717477,-104.946592,1,http://www.wikidata.org/entity/Q163740,Denver Foundation,nonprofit organization
http://www.wikidata.org/entity/Q5259728,,https://en.wikipedia.org/wiki/Denver_Foundation,Point(-104.946592 39.717477),4.07,39.717477,-104.946592,1,http://www.wikidata.org/entity/Q1021488,Denver Foundation,community foundation
http://www.wikidata.org/entity/Q5259757,,https://en.wikipedia.org/wiki/Denver_Online,Point(-105.0096899 39.7748472),4.492,39.7748472,-105.0096899,1,http://www.wikidata.org/entity/Q9826,Denver Online High School,high school
http://www.wikidata.org/entity/Q5259782,,https://en.wikipedia.org/wiki/Denver_School_of_the_Arts,Point(-104.905 39.7481),6.899,39.7481,-104.905,1,http://www.wikidata.org/entity/Q9826,Denver School of the Arts,high school
http://www.wikidata.org/entity/Q5259780,,https://en.wikipedia.org/wiki/DSST_Public_Schools,Point(-104.891 39.7479),8.082,39.747825,-104.889964,1,http://www.wikidata.org/entity/Q2385804,Denver School of Science and Technology,educational institution
http://www.wikidata.org/entity/Q5259780,,https://en.wikipedia.org/wiki/DSST_Public_Schools,Point(-104.889964 39.747825),8.169,39.747825,-104.889964,1,http://www.wikidata.org/entity/Q2385804,Denver School of Science and Technology,educational institution
http://www.wikidata.org/entity/Q5259780,,https://en.wikipedia.org/wiki/DSST_Public_Schools,Point(-104.891 39.7479),8.082,39.7479,-104.891,1,http://www.wikidata.org/entity/Q2385804,Denver School of Science and Technology,educational institution
http://www.wikidata.org/entity/Q5259780,,https://en.wikipedia.org/wiki/DSST_Public_Schools,Point(-104.889964 39.747825),8.169,39.7479,-104.891,1,http://www.wikidata.org/entity/Q2385804,Denver School of Science and Technology,educational institution
http://www.wikidata.org/entity/Q5259780,,https://en.wikipedia.org/wiki/DSST_Public_Schools,Point(-104.891 39.7479),8.082,39.747825,-104.889964,1,http://www.wikidata.org/entity/Q30103121,Denver School of Science and Technology,charter school network
http://www.wikidata.org/entity/Q5259780,,https://en.wikipedia.org/wiki/DSST_Public_Schools,Point(-104.889964 39.747825),8.169,39.747825,-104.889964,1,http://www.wikidata.org/entity/Q30103121,Denver School of Science and Technology,charter school network
http://www.wikidata.org/entity/Q5259780,,https://en.wikipedia.org/wiki/DSST_Public_Schools,Point(-104.891 39.7479),8.082,39.7479,-104.891,1,http://www.wikidata.org/entity/Q30103121,Denver School of Science and Technology,charter school network
http://www.wikidata.org/entity/Q5259780,,https://en.wikipedia.org/wiki/DSST_Public_Schools,Point(-104.889964 39.747825),8.169,39.7479,-104.891,1,http://www.wikidata.org/entity/Q30103121,Denver School of Science and Technology,charter school network
http://www.wikidata.org/entity/Q5259780,,https://en.wikipedia.org/wiki/DSST_Public_Schools,Point(-104.891 39.7479),8.082,39.747825,-104.889964,1,http://www.wikidata.org/entity/Q9826,Denver School of Science and Technology,high school
http://www.wikidata.org/entity/Q5259780,,https://en.wikipedia.org/wiki/DSST_Public_Schools,Point(-104.889964 39.747825),8.169,39.747825,-104.889964,1,http://www.wikidata.org/entity/Q9826,Denver School of Science and Technology,high school
http://www.wikidata.org/entity/Q5259780,,https://en.wikipedia.org/wiki/DSST_Public_Schools,Point(-104.891 39.7479),8.082,39.7479,-104.891,1,http://www.wikidata.org/entity/Q9826,Denver School of Science and Technology,high school
http://www.wikidata.org/entity/Q5259780,,https://en.wikipedia.org/wiki/DSST_Public_Schools,Point(-104.889964 39.747825),8.169,39.7479,-104.891,1,http://www.wikidata.org/entity/Q9826,Denver School of Science and Technology,high school
http://www.wikidata.org/entity/Q5259802,,https://en.wikipedia.org/wiki/Denver_Energy_Center,Point(-104.987777777 39.742222222),0.415,39.742222222222,-104.98777777778,1,http://www.wikidata.org/entity/Q11303,Denver World Trade Center,skyscraper
http://www.wikidata.org/entity/Q5259801,,https://en.wikipedia.org/wiki/Denver_West_Side_Jewish_community,Point(-105.046 39.74),5.228,39.74,-105.046,1,http://www.wikidata.org/entity/Q101063310,Denver West Side Jewish Community,Jewish community
http://www.wikidata.org/entity/Q5259818,,https://en.wikipedia.org/wiki/Denver%E2%80%93Aurora%E2%80%93Greeley_combined_statistical_area,Point(-104.9849171 39.7392166),0.005,39.7392166,-104.9849171,1,http://www.wikidata.org/entity/Q2985090,Denver–Aurora combined statistical area,combined statistical area
http://www.wikidata.org/entity/Q5361885,,https://en.wikipedia.org/wiki/Elitch_Gardens,Point(-105.046 39.7683),6.145,39.7683,-105.046,1,http://www.wikidata.org/entity/Q167346,Elitch Gardens,botanical garden
http://www.wikidata.org/entity/Q5378117,,https://en.wikipedia.org/wiki/Englewood_station_(RTD),Point(-104.99994 39.655611),9.387,39.655611,-104.99994,1,http://www.wikidata.org/entity/Q2175765,Englewood,tram stop
http://www.wikidata.org/entity/Q5378117,,https://en.wikipedia.org/wiki/Englewood_station_(RTD),Point(-104.99994 39.655611),9.387,39.655611,-104.99994,1,http://www.wikidata.org/entity/Q11670533,Englewood,elevated station
http://www.wikidata.org/entity/Q5378122,,,Point(-105.105 39.6411),14.991,39.6411,-105.105,1,http://www.wikidata.org/entity/Q40357,Englewood Federal Detention Center,prison
http://www.wikidata.org/entity/Q5378126,,https://en.wikipedia.org/wiki/Englewood_High_School_(Colorado),Point(-104.983 39.6466),10.301,39.6466,-104.983,1,http://www.wikidata.org/entity/Q9826,Englewood High School,high school
http://www.wikidata.org/entity/Q5415873,,https://en.wikipedia.org/wiki/Evans_station_(RTD),Point(-104.992846 39.67765),6.882,39.67765,-104.992846,1,http://www.wikidata.org/entity/Q2175765,Evans,tram stop
http://www.wikidata.org/entity/Q5415873,,https://en.wikipedia.org/wiki/Evans_station_(RTD),Point(-104.992846 39.67765),6.882,39.67765,-104.992846,1,http://www.wikidata.org/entity/Q22808404,Evans,station located on surface
http://www.wikidata.org/entity/Q5419993,,https://en.wikipedia.org/wiki/Intermountain_Health_Lutheran_Hospital,Point(-105.09 39.7683),9.551,39.7683,-105.09,1,http://www.wikidata.org/entity/Q16917,Exempla Lutheran Medical Center,hospital
http://www.wikidata.org/entity/Q5440381,,https://en.wikipedia.org/wiki/Federal_Reserve_Bank_of_Kansas_City_Denver_Branch,Point(-104.99543 39.747319),1.274,39.747319,-104.99543,1,http://www.wikidata.org/entity/Q41176,Federal Reserve Bank of Kansas City Denver Branch,building
http://www.wikidata.org/entity/Q5452794,,https://en.wikipedia.org/wiki/First_Congregational_Church_(Denver),Point(-104.976667 39.731667),1.095,39.731667,-104.976667,1,http://www.wikidata.org/entity/Q16970,First Congregational Church,church building
http://www.wikidata.org/entity/Q5455734,,https://en.wikipedia.org/wiki/Fitzsimons_Life_Science_District,Point(-104.838 39.7451),12.573,39.7451,-104.838,1,http://www.wikidata.org/entity/Q43229,Fitzsimons Life Science District,organization
http://www.wikidata.org/entity/Q5471534,,https://en.wikipedia.org/wiki/Fort_Logan,Point(-105.044 39.644),11.736,39.644,-105.044,1,http://www.wikidata.org/entity/Q245016,Fort Logan,military base
http://www.wikidata.org/entity/Q5471535,,"https://en.wikipedia.org/wiki/Fort_Logan,_Colorado",Point(-105.033 39.6333),12.478,39.6333,-105.033,1,http://www.wikidata.org/entity/Q123705,Fort Logan,neighborhood
http://www.wikidata.org/entity/Q5473606,,https://en.wikipedia.org/wiki/Foster-Buell_Estate,Point(-104.950278 39.647222),10.65,39.647222,-104.950278,1,http://www.wikidata.org/entity/Q1307276,Foster-Buell Estate,single-family detached home
http://www.wikidata.org/entity/Q5476026,,"https://en.wikipedia.org/wiki/Fourth_Church_of_Christ,_Scientist_(Denver)",Point(-105.026944 39.761111),4.343,39.761111,-105.026944,1,http://www.wikidata.org/entity/Q16970,"Fourth Church of Christ, Scientist",church building
http://www.wikidata.org/entity/Q5498956,,https://en.wikipedia.org/wiki/Frederick_W._Neef_House,Point(-105.026389 39.749722),3.737,39.749722,-105.026389,1,http://www.wikidata.org/entity/Q3947,Frederick W. Neef House,house
http://www.wikidata.org/entity/Q5533016,,https://en.wikipedia.org/wiki/Geneva_Home,Point(-105.014722 39.617778),13.745,39.617778,-105.014722,1,http://www.wikidata.org/entity/Q41176,Geneva Home,building
http://www.wikidata.org/entity/Q5579897,,"https://en.wikipedia.org/wiki/Civic_Center,_Denver_(neighborhood)",Point(-104.99 39.7369),0.51,39.7369,-104.99,1,http://www.wikidata.org/entity/Q123705,Civic Center,neighborhood
http://www.wikidata.org/entity/Q5592045,,https://en.wikipedia.org/wiki/Graduate_School_of_Social_Work_at_the_University_of_Denver,Point(-104.965 39.6777),7.05,39.6777,-104.965,1,http://www.wikidata.org/entity/Q3918,Graduate School of Social Work at the University of Denver,university
http://www.wikidata.org/entity/Q5596082,,https://en.wikipedia.org/wiki/Grant%E2%80%93Humphreys_Mansion,Point(-104.980577 39.728102),1.291,39.728102,-104.980577,1,http://www.wikidata.org/entity/Q3947,Grant–Humphreys Mansion,house
http://www.wikidata.org/entity/Q5596896,,https://en.wikipedia.org/wiki/Granville_Fuller_House,Point(-104.86959 39.74805),9.904,39.74805,-104.86959,1,http://www.wikidata.org/entity/Q3947,Granville Fuller House,house
http://www.wikidata.org/entity/Q5602898,,https://en.wikipedia.org/wiki/Green_Mountain_High_School,Point(-105.145 39.6934),14.614,39.6934,-105.145,1,http://www.wikidata.org/entity/Q9826,Green Mountain High School,high school
http://www.wikidata.org/entity/Q5637197,,https://en.wikipedia.org/wiki/Hackberry_Hill,Point(-105.081 39.8269),12.747,39.8269,-105.081,1,http://www.wikidata.org/entity/Q54050,Hackberry Hill,hill
http://www.wikidata.org/entity/Q5641339,,"https://en.wikipedia.org/wiki/Hale,_Denver",Point(-104.93 39.7331),4.74,39.7331,-104.93,1,http://www.wikidata.org/entity/Q123705,Hale,neighborhood
http://www.wikidata.org/entity/Q5645997,,"https://en.wikipedia.org/wiki/Hampden_South,_Denver",Point(-104.9 39.6446),12.784,39.6446,-104.9,1,http://www.wikidata.org/entity/Q123705,Hampden South,neighborhood
http://www.wikidata.org/entity/Q5760668,,,Point(-104.961 39.7325),2.173,39.7325,-104.961,1,http://www.wikidata.org/entity/Q167346,Q5760668,botanical garden
http://www.wikidata.org/entity/Q5774674,,https://en.wikipedia.org/wiki/History_Colorado,Point(-104.987147668 39.736011326),0.408,39.736011326405,-104.98714766846,1,http://www.wikidata.org/entity/Q163740,History Colorado,nonprofit organization
http://www.wikidata.org/entity/Q5774674,,https://en.wikipedia.org/wiki/History_Colorado,Point(-104.987147668 39.736011326),0.408,39.736011326405,-104.98714766846,1,http://www.wikidata.org/entity/Q5774403,History Colorado,historical society
http://www.wikidata.org/entity/Q5774674,,https://en.wikipedia.org/wiki/History_Colorado,Point(-104.987147668 39.736011326),0.408,39.736011326405,-104.98714766846,1,http://www.wikidata.org/entity/Q134016096,History Colorado,state agency of Colorado
http://www.wikidata.org/entity/Q5774674,,https://en.wikipedia.org/wiki/History_Colorado,Point(-104.987147668 39.736011326),0.408,39.736011326405,-104.98714766846,1,http://www.wikidata.org/entity/Q7075,History Colorado,library
http://www.wikidata.org/entity/Q5939290,,https://en.wikipedia.org/wiki/Humanex_Academy,Point(-105.015 39.6674),8.393,39.6674,-105.015,1,http://www.wikidata.org/entity/Q423208,Humanex Academy,private school
http://www.wikidata.org/entity/Q5940403,,https://en.wikipedia.org/wiki/Humboldt_Street_Historic_District,Point(-104.968611 39.733611),1.524,39.733611,-104.968611,1,http://www.wikidata.org/entity/Q15243209,Humboldt Street Historic District,historic district
http://www.wikidata.org/entity/Q6175491,,https://en.wikipedia.org/wiki/Jefferson_Junior/Senior_High_School,Point(-105.072 39.7508),7.56,39.7508,-105.072,1,http://www.wikidata.org/entity/Q9826,Jefferson High School,high school
http://www.wikidata.org/entity/Q6175554,,"https://en.wikipedia.org/wiki/Jefferson_Park,_Denver",Point(-105.021 39.7512),3.364,39.7512,-105.021,1,http://www.wikidata.org/entity/Q123705,Jefferson Park,neighborhood
http://www.wikidata.org/entity/Q6232351,,https://en.wikipedia.org/wiki/Kennedy_High_School_(Colorado),Point(-105.067 39.6645),10.882,39.6645,-105.067,1,http://www.wikidata.org/entity/Q9826,John F. Kennedy High School,high school
http://www.wikidata.org/entity/Q6252216,,https://en.wikipedia.org/wiki/John_Paul_II_Center_for_the_New_Evangelization,Point(-104.95 39.6929),5.953,39.6929,-104.95,1,http://www.wikidata.org/entity/Q16970,John Paul II Center for the New Evangelization,church building
http://www.wikidata.org/entity/Q6265375,,https://en.wikipedia.org/wiki/John_and_Elivera_Doud_House,Point(-104.970278 39.730278),1.596,39.730278,-104.970278,1,http://www.wikidata.org/entity/Q3947,John and Elivera Doud House,house
http://www.wikidata.org/entity/Q6291019,,https://en.wikipedia.org/wiki/Joslin_Dry_Goods_Company_Building,Point(-104.994444 39.746944),1.186,39.746944,-104.994444,1,http://www.wikidata.org/entity/Q216107,Joslin Dry Goods Company Building,department store
http://www.wikidata.org/entity/Q6302788,,https://en.wikipedia.org/wiki/Judi%27s_House,Point(-104.961 39.7442),2.113,39.7442,-104.961,1,http://www.wikidata.org/entity/Q163740,Judi's House,nonprofit organization
http://www.wikidata.org/entity/Q6302788,,https://en.wikipedia.org/wiki/Judi%27s_House,Point(-104.961 39.7442),2.113,39.7442,-104.961,1,http://www.wikidata.org/entity/Q3947,Judi's House,house
http://www.wikidata.org/entity/Q6303093,,https://en.wikipedia.org/wiki/Judiciary_of_Colorado,Point(-104.98706 39.737052),0.307,39.737052,-104.98706,1,http://www.wikidata.org/entity/Q327333,Judiciary of Colorado,government agency
http://www.wikidata.org/entity/Q6328587,,https://en.wikipedia.org/wiki/KEPN,Point(-105.074 39.6556),12.026,39.6556,-105.074,1,http://www.wikidata.org/entity/Q14350,KEPN,radio station
http://www.wikidata.org/entity/Q6332500,,https://en.wikipedia.org/wiki/KLDC,Point(-105.007 39.6833),6.501,39.6833,-105.007,1,http://www.wikidata.org/entity/Q14350,KLDC,radio station
http://www.wikidata.org/entity/Q6335762,,https://en.wikipedia.org/wiki/KPOF,Point(-105.033 39.8464),12.605,39.8464,-105.033,1,http://www.wikidata.org/entity/Q14350,KPOF,radio station
http://www.wikidata.org/entity/Q6336800,,https://en.wikipedia.org/wiki/KRKS_(AM),Point(-104.971 39.7989),6.739,39.7989,-104.971,1,http://www.wikidata.org/entity/Q14350,KRKS,radio station
http://www.wikidata.org/entity/Q6340193,,https://en.wikipedia.org/wiki/KDCO_(AM),Point(-105.007 39.6833),6.501,39.6833,-105.007,1,http://www.wikidata.org/entity/Q14350,KDCO,radio station
http://www.wikidata.org/entity/Q6422183,,https://en.wikipedia.org/wiki/Knight-Wood_House,Point(-105.009444 39.613056),14.187,39.613056,-105.009444,1,http://www.wikidata.org/entity/Q3947,Knight-Wood House,house
http://www.wikidata.org/entity/Q6477516,,https://en.wikipedia.org/wiki/Lake_Rhoda,Point(-105.0582 39.7808),7.788,39.7808,-105.0582,1,http://www.wikidata.org/entity/Q23397,Lake Rhoda,lake
http://www.wikidata.org/entity/Q6608240,,https://en.wikipedia.org/wiki/List_of_bridges_on_the_National_Register_of_Historic_Places_in_Colorado,Point(-105.00333333 39.76),2.797,39.76,-105.00333333,1,http://www.wikidata.org/entity/Q13406463,list of bridges on the National Register of Historic Places in Colorado,Wikimedia list article
http://www.wikidata.org/entity/Q6653088,,https://en.wikipedia.org/wiki/Littleton%E2%80%93Downtown_station,Point(-105.014901 39.611993),14.38,39.611993,-105.014901,1,http://www.wikidata.org/entity/Q2175765,Littleton/Downtown,tram stop
http://www.wikidata.org/entity/Q6653116,,https://en.wikipedia.org/wiki/Littleton_High_School_(Colorado),Point(-104.986 39.6138),13.948,39.6138,-104.986,1,http://www.wikidata.org/entity/Q9826,Littleton High School,high school
http://www.wikidata.org/entity/Q6673343,,https://en.wikipedia.org/wiki/Long_View_High_School,Point(-105.152 39.7129),14.59,39.7129,-105.152,1,http://www.wikidata.org/entity/Q9826,Long View High School,high school
http://www.wikidata.org/entity/Q6694146,,"https://en.wikipedia.org/wiki/Lowry,_Denver",Point(-104.896 39.7214),7.853,39.7214,-104.896,1,http://www.wikidata.org/entity/Q123705,Lowry,neighborhood
http://www.wikidata.org/entity/Q6712201,,https://en.wikipedia.org/wiki/M.J._Lavina_Robidoux_House,Point(-104.869722 39.742222),9.85,39.742222,-104.869722,1,http://www.wikidata.org/entity/Q3947,M.J. Lavina Robidoux House,house
http://www.wikidata.org/entity/Q6737152,,https://en.wikipedia.org/wiki/Maitland_Estate,Point(-104.959722 39.647778),10.394,39.647778,-104.959722,1,http://www.wikidata.org/entity/Q3947,Maitland Estate,house
http://www.wikidata.org/entity/Q6752306,,https://en.wikipedia.org/wiki/Manual_High_School_(Colorado),Point(-104.967 39.7565),2.453,39.7565,-104.967,1,http://www.wikidata.org/entity/Q9826,Manual High School,high school
http://www.wikidata.org/entity/Q6758168,,https://en.wikipedia.org/wiki/Marcus_Foundation,Point(-104.984211 39.739443),0.06,39.739443,-104.984211,1,http://www.wikidata.org/entity/Q163740,Marcus Foundation,nonprofit organization
http://www.wikidata.org/entity/Q6781161,,https://en.wikipedia.org/wiki/Marycrest_Girls_High_School,Point(-105.024028 39.793278),6.878,39.793278,-105.024028,1,http://www.wikidata.org/entity/Q9826,Marycrest Girls High School,high school
http://www.wikidata.org/entity/Q6843435,,https://en.wikipedia.org/wiki/Midwest_Steel_and_Iron_Works_Company_Complex,Point(-105.015278 39.740833),2.607,39.740833,-105.015278,1,http://www.wikidata.org/entity/Q1497364,Midwest Steel and Iron Works Company Complex,building complex
http://www.wikidata.org/entity/Q6904530,,https://en.wikipedia.org/wiki/Montbello_High_School,Point(-104.827 39.787),14.5,39.787,-104.827,1,http://www.wikidata.org/entity/Q9826,Montbello High School,high school
http://www.wikidata.org/entity/Q6904529,,"https://en.wikipedia.org/wiki/Montbello,_Denver",Point(-104.833 39.7935),14.313,39.7935,-104.833,1,http://www.wikidata.org/entity/Q123705,Montbello,neighborhood
http://www.wikidata.org/entity/Q6904572,,"https://en.wikipedia.org/wiki/Montclair,_Denver",Point(-104.909 39.7349),6.504,39.7349,-104.909,1,http://www.wikidata.org/entity/Q123705,Montclair,neighborhood
http://www.wikidata.org/entity/Q6906649,,https://en.wikipedia.org/wiki/Montview_Boulevard_Presbyterian_Church,Point(-104.931111 39.746944),4.675,39.746944,-104.931111,1,http://www.wikidata.org/entity/Q16970,Montview Boulevard Presbyterian Church,church building
http://www.wikidata.org/entity/Q6912074,,https://en.wikipedia.org/wiki/Morgridge_College_of_Education,Point(-104.965 39.6788),6.931,39.6788,-104.965,1,http://www.wikidata.org/entity/Q4671277,Morgridge College of Education,academic institution
http://www.wikidata.org/entity/Q6940971,,https://en.wikipedia.org/wiki/Museum_of_Outdoor_Arts,Point(-104.998 39.655),9.433,39.655,-104.998,1,http://www.wikidata.org/entity/Q163740,Museum of Outdoor Arts,nonprofit organization
http://www.wikidata.org/entity/Q6940971,,https://en.wikipedia.org/wiki/Museum_of_Outdoor_Arts,Point(-104.998 39.655),9.433,39.655,-104.998,1,http://www.wikidata.org/entity/Q207694,Museum of Outdoor Arts,art museum
http://www.wikidata.org/entity/Q6940971,,https://en.wikipedia.org/wiki/Museum_of_Outdoor_Arts,Point(-104.998 39.655),9.433,39.655,-104.998,1,http://www.wikidata.org/entity/Q1759852,Museum of Outdoor Arts,sculpture garden
http://www.wikidata.org/entity/Q6973470,,https://en.wikipedia.org/wiki/National_Science_Foundation_Ice_Core_Facility,Point(-105.126 39.7138),12.397,39.7138,-105.126,1,http://www.wikidata.org/entity/Q483242,National Science Foundation Ice Core Facility,laboratory
http://www.wikidata.org/entity/Q6973470,,https://en.wikipedia.org/wiki/National_Science_Foundation_Ice_Core_Facility,Point(-105.126 39.7138),12.397,39.7138,-105.126,1,http://www.wikidata.org/entity/Q2940101,National Science Foundation Ice Core Facility,core repository
http://www.wikidata.org/entity/Q7055601,,https://en.wikipedia.org/wiki/North_High_School_(Colorado),Point(-105.023 39.7601),4.001,39.7601,-105.023,1,http://www.wikidata.org/entity/Q9826,North High School,high school
http://www.wikidata.org/entity/Q7114470,,https://en.wikipedia.org/wiki/Owen_Estate,Point(-104.9675 39.647222),10.338,39.647222,-104.9675,1,http://www.wikidata.org/entity/Q1307276,Owen Estate,single-family detached home
http://www.wikidata.org/entity/Q7115225,,https://en.wikipedia.org/wiki/Oxford%E2%80%93City_of_Sheridan_station,Point(-105.004849 39.6429),10.847,39.6429,-105.004849,1,http://www.wikidata.org/entity/Q2175765,Oxford / City of Sheridan,tram stop
http://www.wikidata.org/entity/Q7115225,,https://en.wikipedia.org/wiki/Oxford%E2%80%93City_of_Sheridan_station,Point(-105.004849 39.6429),10.847,39.6429,-105.004849,1,http://www.wikidata.org/entity/Q11670533,Oxford / City of Sheridan,elevated station
http://www.wikidata.org/entity/Q7137776,,"https://en.wikipedia.org/wiki/Park_Hill,_Denver",Point(-104.922 39.762),5.94,39.762,-104.922,1,http://www.wikidata.org/entity/Q123705,Park Hill,neighborhood
http://www.wikidata.org/entity/Q7137776,,"https://en.wikipedia.org/wiki/Park_Hill,_Denver",Point(-104.922 39.762),5.94,39.762,-104.922,1,http://www.wikidata.org/entity/Q15243209,Park Hill,historic district
http://www.wikidata.org/entity/Q7157974,,https://en.wikipedia.org/wiki/Pearce%E2%80%93McAllister_Cottage,Point(-104.960278 39.746111),2.237,39.746111,-104.960278,1,http://www.wikidata.org/entity/Q3947,Pearce–McAllister Cottage,house
http://www.wikidata.org/entity/Q7157974,,https://en.wikipedia.org/wiki/Pearce%E2%80%93McAllister_Cottage,Point(-104.960278 39.746111),2.237,39.746111,-104.960278,1,http://www.wikidata.org/entity/Q33506,Pearce–McAllister Cottage,museum
http://www.wikidata.org/entity/Q7166484,,https://en.wikipedia.org/wiki/Ball_Arena%E2%80%93Elitch_Gardens_station,Point(-105.009643 39.748668),2.364,39.748668,-105.009643,1,http://www.wikidata.org/entity/Q2175765,Ball Arena / Elitch Gardens,tram stop
http://www.wikidata.org/entity/Q7166484,,https://en.wikipedia.org/wiki/Ball_Arena%E2%80%93Elitch_Gardens_station,Point(-105.009643 39.748668),2.364,39.748668,-105.009643,1,http://www.wikidata.org/entity/Q22808404,Ball Arena / Elitch Gardens,station located on surface
http://www.wikidata.org/entity/Q7178134,,https://en.wikipedia.org/wiki/Peters_Paper_Company_Warehouse,Point(-104.998889 39.751667),1.83,39.751667,-104.998889,1,http://www.wikidata.org/entity/Q655686,Peters Paper Company Warehouse,commercial building
http://www.wikidata.org/entity/Q7196790,,https://en.wikipedia.org/wiki/Pioneer_Sod_House,Point(-105.125 39.780833),12.84,39.780833,-105.125,1,http://www.wikidata.org/entity/Q3947,Pioneer Sod House,house
http://www.wikidata.org/entity/Q7240717,,https://en.wikipedia.org/wiki/St._Luke%27s_Medical_Center_(Denver),Point(-104.967 39.7468),1.743,39.7468,-104.967,1,http://www.wikidata.org/entity/Q16917,Presbyterian/St. Luke's Medical Center,hospital
http://www.wikidata.org/entity/Q7309316,,"https://en.wikipedia.org/wiki/Regis,_Denver",Point(-105.044 39.7874),7.364,39.7874,-105.044,1,http://www.wikidata.org/entity/Q123705,Regis,neighborhood
http://www.wikidata.org/entity/Q7331106,,https://en.wikipedia.org/wiki/Richthofen_Place_Parkway,Point(-104.9075 39.734167),6.639,39.734167,-104.9075,1,http://www.wikidata.org/entity/Q34442,Richthofen Place Parkway,road
http://www.wikidata.org/entity/Q7336898,,"https://en.wikipedia.org/wiki/The_Ritz-Carlton,_Denver",Point(-104.99177 39.74962),1.297,39.74962,-104.99177,1,http://www.wikidata.org/entity/Q27686,Ritz-Carlton Denver,hotel
http://www.wikidata.org/entity/Q7336898,,"https://en.wikipedia.org/wiki/The_Ritz-Carlton,_Denver",Point(-104.99177 39.74962),1.297,39.750277777778,-104.99194444444,1,http://www.wikidata.org/entity/Q27686,Ritz-Carlton Denver,hotel
http://www.wikidata.org/entity/Q7336898,,"https://en.wikipedia.org/wiki/The_Ritz-Carlton,_Denver",Point(-104.991944444 39.750277777),1.369,39.74962,-104.99177,1,http://www.wikidata.org/entity/Q27686,Ritz-Carlton Denver,hotel
http://www.wikidata.org/entity/Q7336898,,"https://en.wikipedia.org/wiki/The_Ritz-Carlton,_Denver",Point(-104.991944444 39.750277777),1.369,39.750277777778,-104.99194444444,1,http://www.wikidata.org/entity/Q27686,Ritz-Carlton Denver,hotel
http://www.wikidata.org/entity/Q7355927,,https://en.wikipedia.org/wiki/Rocky_Mountain_Poison_and_Drug_Center,Point(-104.99 39.7317),0.946,39.7317,-104.99,1,http://www.wikidata.org/entity/Q16917,Rocky Mountain Poison & Drug Safety,hospital
http://www.wikidata.org/entity/Q7376329,,https://en.wikipedia.org/wiki/Ruby_Hill_Terrain_Park,Point(-105.005 39.6845),6.325,39.6845,-105.005,1,http://www.wikidata.org/entity/Q1076486,Ruby Hill Terrain Park,sports venue
http://www.wikidata.org/entity/Q7401555,,https://en.wikipedia.org/wiki/St._Joseph%27s_High_School_(Denver),Point(-104.995 39.7257),1.737,39.7257,-104.995,1,http://www.wikidata.org/entity/Q9826,Saint Joseph High School,high school
http://www.wikidata.org/entity/Q7508257,,,Point(-105.003 39.7278),2.006,39.7278,-105.003,1,http://www.wikidata.org/entity/Q746369,Side 3 Studios,recording studio
http://www.wikidata.org/entity/Q7567911,,https://en.wikipedia.org/wiki/South_Marion_Street_Parkway,Point(-104.972222 39.713056),3.105,39.713056,-104.972222,1,http://www.wikidata.org/entity/Q34442,South Marion Street Parkway,road
http://www.wikidata.org/entity/Q7570906,,https://en.wikipedia.org/wiki/Southmoor_station,Point(-104.9163 39.6488),11.641,39.6488,-104.9163,1,http://www.wikidata.org/entity/Q2175765,Southmoor,tram stop
http://www.wikidata.org/entity/Q7571268,,https://en.wikipedia.org/wiki/Early_College_of_Denver_High_School,Point(-105.027 39.6616),9.355,39.6616,-105.027,1,http://www.wikidata.org/entity/Q9826,Southwest Early College,high school
http://www.wikidata.org/entity/Q7575736,,"https://en.wikipedia.org/wiki/Speer,_Denver",Point(-104.983 39.7194),2.211,39.7194,-104.983,1,http://www.wikidata.org/entity/Q123705,Speer,neighborhood
http://www.wikidata.org/entity/Q7586934,,https://en.wikipedia.org/wiki/St._Andrew%27s_Episcopal_Church_(Denver),Point(-104.984722 39.748056),0.981,39.748056,-104.984722,1,http://www.wikidata.org/entity/Q16970,St. Andrews Episcopal Church,church building
http://www.wikidata.org/entity/Q7587841,,https://en.wikipedia.org/wiki/St._Elizabeth%27s_Retreat_Chapel,Point(-105.021944 39.762778),4.111,39.762778,-105.021944,1,http://www.wikidata.org/entity/Q108325,St. Elizabeth's Retreat Chapel,chapel
http://www.wikidata.org/entity/Q7589970,,https://en.wikipedia.org/wiki/St._Mark%27s_Parish_Church,Point(-104.984722 39.735),0.471,39.735,-104.984722,1,http://www.wikidata.org/entity/Q317557,St. Mark's Parish Church,parish church
http://www.wikidata.org/entity/Q7638553,,"https://en.wikipedia.org/wiki/Sun_Valley,_Denver",Point(-105.022 39.7356),3.201,39.7356,-105.022,1,http://www.wikidata.org/entity/Q123705,Sun Valley,neighborhood
http://www.wikidata.org/entity/Q7653099,,https://en.wikipedia.org/wiki/Swallow_Hill_Music_Association,Point(-104.987 39.6677),7.956,39.6677,-104.987,1,http://www.wikidata.org/entity/Q184644,Swallow Hill Music Association,conservatory
http://www.wikidata.org/entity/Q7654751,,https://en.wikipedia.org/wiki/Swedish_Medical_Center_(Colorado),Point(-104.982 39.6534),9.547,39.6534,-104.982,1,http://www.wikidata.org/entity/Q16917,Swedish Medical Center,hospital
http://www.wikidata.org/entity/Q7698531,,https://en.wikipedia.org/wiki/Temple_Emanuel_(Denver),Point(-104.925 39.716667),5.701,39.716667,-104.925,1,http://www.wikidata.org/entity/Q34627,Temple Emanuel,synagogue
http://www.wikidata.org/entity/Q7698528,,"https://en.wikipedia.org/wiki/Temple_Emanuel_(Curtis_Street,_Denver,_Colorado)",Point(-104.984167 39.754444),1.692,39.754444,-104.984167,1,http://www.wikidata.org/entity/Q34627,Temple Emanuel,synagogue
http://www.wikidata.org/entity/Q7745053,,https://en.wikipedia.org/wiki/The_Laboratory_of_Art_and_Ideas_at_Belmar,Point(-105.078 39.709),8.646,39.709,-105.078,1,http://www.wikidata.org/entity/Q207694,The Laboratory of Art and Ideas at Belmar,art museum
http://www.wikidata.org/entity/Q7756942,,https://en.wikipedia.org/wiki/Phipps_Mansion,Point(-104.948 39.7011),5.284,39.7011,-104.948,1,http://www.wikidata.org/entity/Q1307276,The Phipps Mansion,single-family detached home
http://www.wikidata.org/entity/Q7759659,,https://en.wikipedia.org/wiki/The_Real_World:_Denver,Point(-104.994 39.7528),1.698,39.7528,-104.994,1,http://www.wikidata.org/entity/Q3464665,The Real World: Denver,television series season
http://www.wikidata.org/entity/Q7791261,,https://en.wikipedia.org/wiki/Thomas_Jefferson_High_School_(Denver),Point(-104.922 39.6467),11.61,39.6467,-104.922,1,http://www.wikidata.org/entity/Q9826,Thomas Jefferson High School,high school
http://www.wikidata.org/entity/Q7796537,,https://en.wikipedia.org/wiki/Thornton_High_School_(Colorado),Point(-104.98 39.867),14.212,39.867,-104.98,1,http://www.wikidata.org/entity/Q9826,Thornton High School,high school
http://www.wikidata.org/entity/Q7810429,,https://en.wikipedia.org/wiki/Tivoli_Brewery_Company_(building),Point(-105.004722 39.745278),1.826,39.745278,-105.004722,1,http://www.wikidata.org/entity/Q131734,Tivoli Brewery Company,brewery
http://www.wikidata.org/entity/Q7829768,,https://en.wikipedia.org/wiki/Tower_of_Jewels_(Lakeside_Amusement_Park),Point(-105.054 39.7804),7.475,39.7804,-105.054,1,http://www.wikidata.org/entity/Q811979,Tower of Jewels,architectural structure
http://www.wikidata.org/entity/Q7886387,,https://en.wikipedia.org/wiki/Barth_Hotel,Point(-104.997778 39.751667),1.769,39.751667,-104.997778,1,http://www.wikidata.org/entity/Q655686,Union Warehouse,commercial building
http://www.wikidata.org/entity/Q7887360,,https://en.wikipedia.org/wiki/United_Airlines_Flight_696,Point(-104.891972222 39.760722222),8.292,39.760722222222,-104.89197222222,1,http://www.wikidata.org/entity/Q744913,United Airlines Flight 696,aviation accident
http://www.wikidata.org/entity/Q7894472,,"https://en.wikipedia.org/wiki/University,_Denver",Point(-104.967 39.674),7.413,39.674,-104.967,1,http://www.wikidata.org/entity/Q123705,University,neighborhood
http://www.wikidata.org/entity/Q7894636,,https://en.wikipedia.org/wiki/University_College_University_of_Denver,Point(-104.958177236 39.676189224),7.372,39.676189224969,-104.95817723606,1,http://www.wikidata.org/entity/Q189004,University College University of Denver,college
http://www.wikidata.org/entity/Q7895331,,https://en.wikipedia.org/wiki/University_of_Denver_Arena,Point(-104.962 39.6821),6.647,39.6821,-104.962,1,http://www.wikidata.org/entity/Q1076486,University of Denver Arena,sports venue
http://www.wikidata.org/entity/Q7912840,,"https://en.wikipedia.org/wiki/Valverde,_Denver",Point(-105.015 39.7166),3.602,39.7166,-105.015,1,http://www.wikidata.org/entity/Q123705,Valverde,neighborhood
http://www.wikidata.org/entity/Q7930455,,"https://en.wikipedia.org/wiki/Villa_Park,_Denver",Point(-105.039 39.7306),4.728,39.7306,-105.039,1,http://www.wikidata.org/entity/Q123705,Villa Park,neighborhood
http://www.wikidata.org/entity/Q7934649,,"https://en.wikipedia.org/wiki/Virginia_Village,_Denver",Point(-104.924 39.6854),7.933,39.6854,-104.924,1,http://www.wikidata.org/entity/Q123705,Virginia Village,neighborhood
http://www.wikidata.org/entity/Q7973427,,"https://en.wikipedia.org/wiki/Water_World,_Colorado",Point(-105.010819444 39.856980555),13.278,39.856980555556,-105.01081944444,1,http://www.wikidata.org/entity/Q740326,"Water World, Colorado",water park
http://www.wikidata.org/entity/Q7984857,,"https://en.wikipedia.org/wiki/West_Colfax,_Denver",Point(-105.039 39.7403),4.63,39.7403,-105.039,1,http://www.wikidata.org/entity/Q123705,West Colfax,neighborhood
http://www.wikidata.org/entity/Q7985359,,https://en.wikipedia.org/wiki/West_High_School_(Colorado),Point(-104.995243 39.731877),1.207,39.731877,-104.995243,1,http://www.wikidata.org/entity/Q1080794,West High School,public school
http://www.wikidata.org/entity/Q7985359,,https://en.wikipedia.org/wiki/West_High_School_(Colorado),Point(-104.995243 39.731877),1.207,39.731877,-104.995243,1,http://www.wikidata.org/entity/Q9826,West High School,high school
http://www.wikidata.org/entity/Q7991823,,https://en.wikipedia.org/wiki/Wheat_Ridge_High_School,Point(-105.104 39.7633),10.53,39.7633,-105.104,1,http://www.wikidata.org/entity/Q9826,Wheat Ridge High School,high school
http://www.wikidata.org/entity/Q7996858,,"https://en.wikipedia.org/wiki/Whittier,_Denver",Point(-104.967 39.7572),2.514,39.7572,-104.967,1,http://www.wikidata.org/entity/Q123705,Whittier,neighborhood
http://www.wikidata.org/entity/Q8030865,,https://en.wikipedia.org/wiki/Women%27s_College_of_the_University_of_Denver,Point(-104.965 39.6807),6.727,39.6807,-104.965,1,http://www.wikidata.org/entity/Q4671277,Women's College of the University of Denver,academic institution
http://www.wikidata.org/entity/Q8047338,,https://en.wikipedia.org/wiki/Yale_station,Point(-104.9272 39.6691),9.227,39.6691,-104.9272,1,http://www.wikidata.org/entity/Q2175765,Yale,tram stop
http://www.wikidata.org/entity/Q8052844,,https://en.wikipedia.org/wiki/Yeshiva_Toras_Chaim,Point(-105.043 39.7418),4.979,39.7418,-105.043,1,http://www.wikidata.org/entity/Q154773,Yeshiva Toras Chaim,yeshiva
http://www.wikidata.org/entity/Q8052844,,https://en.wikipedia.org/wiki/Yeshiva_Toras_Chaim,Point(-105.043 39.7418),4.979,39.7418,-105.043,1,http://www.wikidata.org/entity/Q23002054,Yeshiva Toras Chaim,private not-for-profit educational institution
http://www.wikidata.org/entity/Q11256836,,https://en.wikipedia.org/wiki/Englewood_Schools,Point(-104.990555555 39.641388888),10.891,39.641388888889,-104.99055555556,1,http://www.wikidata.org/entity/Q398141,Englewood Schools,school district
http://www.wikidata.org/entity/Q11809149,,,Point(-104.981 39.7801),4.556,39.7801,-104.981,1,http://www.wikidata.org/entity/Q102496,Q11809149,parish
http://www.wikidata.org/entity/Q12183772,,,Point(-104.982189 39.740233),0.254,39.740233,-104.982189,1,http://www.wikidata.org/entity/Q4989906,Q12183772,monument
http://www.wikidata.org/entity/Q14684291,,https://en.wikipedia.org/wiki/Adolph_J._Zang_House,Point(-104.975 39.7408),0.861,39.7408,-104.975,1,http://www.wikidata.org/entity/Q1307276,Adolph J. Zang House,single-family detached home
http://www.wikidata.org/entity/Q14684648,,https://en.wikipedia.org/wiki/Iver_C._Ranum_High_School,Point(-105.017 39.8423),11.784,39.8423,-105.017,1,http://www.wikidata.org/entity/Q9826,Iver C. Ranum High School,high school
http://www.wikidata.org/entity/Q14684692,,https://en.wikipedia.org/wiki/KBJD,Point(-104.97 39.7989),6.754,39.7989,-104.97,1,http://www.wikidata.org/entity/Q14350,KBJD,radio station
http://www.wikidata.org/entity/Q14684869,,https://en.wikipedia.org/wiki/Kopper%27s_Hotel_and_Saloon,Point(-104.991 39.7528),1.597,39.7528,-104.991,1,http://www.wikidata.org/entity/Q27686,Kopper's Hotel and Saloon,hotel
http://www.wikidata.org/entity/Q14684902,,https://en.wikipedia.org/wiki/Little_Estate,Point(-104.969 39.6494),10.081,39.6494,-104.969,1,http://www.wikidata.org/entity/Q3947,Little Estate,house
http://www.wikidata.org/entity/Q14684905,,https://en.wikipedia.org/wiki/Lloyd_M._Joshel_House,Point(-104.931 39.7125),5.482,39.7125,-104.931,1,http://www.wikidata.org/entity/Q1307276,Lloyd M. Joshel House,single-family detached home
http://www.wikidata.org/entity/Q14685039,,https://en.wikipedia.org/wiki/Overland_High_School,Point(-104.843 39.6804),13.786,39.6804,-104.843,1,http://www.wikidata.org/entity/Q9826,Overland High School,high school
http://www.wikidata.org/entity/Q14685052,,https://en.wikipedia.org/wiki/Pet_Sounds_Studio,Point(-104.993 39.7335),0.944,39.7335,-104.993,1,http://www.wikidata.org/entity/Q746369,Pet Sounds Studio,recording studio
http://www.wikidata.org/entity/Q16154736,,https://en.wikipedia.org/wiki/1950_Women%27s_Western_Open,Point(-104.963 39.643),10.863,39.643,-104.963,1,http://www.wikidata.org/entity/Q27020041,1950 Women's Western Open,sports season
http://www.wikidata.org/entity/Q16890996,,"https://en.wikipedia.org/wiki/Elyria-Swansea,_Denver",Point(-104.955 39.786),5.792,39.786,-104.955,1,http://www.wikidata.org/entity/Q123705,Elyria-Swansea,neighborhood
http://www.wikidata.org/entity/Q16891541,,https://en.wikipedia.org/wiki/Garrison_station_(RTD),Point(-105.1 39.7366),9.849,39.7366,-105.1,1,http://www.wikidata.org/entity/Q2175765,Garrison,tram stop
http://www.wikidata.org/entity/Q16893242,,https://en.wikipedia.org/wiki/Kent_Denver_School,Point(-104.94 39.634),12.315,39.634,-104.94,1,http://www.wikidata.org/entity/Q428602,Kent Denver School,university-preparatory school
http://www.wikidata.org/entity/Q16893539,,https://en.wikipedia.org/wiki/Knox_station,Point(-105.033 39.7357),4.135,39.7357,-105.033,1,http://www.wikidata.org/entity/Q2175765,Knox,tram stop
http://www.wikidata.org/entity/Q16893934,,https://en.wikipedia.org/wiki/Lamar_station_(RTD),Point(-105.067 39.7367),7.029,39.7367,-105.067,1,http://www.wikidata.org/entity/Q2175765,Lamar,tram stop
http://www.wikidata.org/entity/Q16893933,,https://en.wikipedia.org/wiki/Lakewood%E2%80%93Wadsworth_station,Point(-105.081 39.7366),8.225,39.7366,-105.081,1,http://www.wikidata.org/entity/Q2175765,Lakewood/Wadsworth,tram stop
http://www.wikidata.org/entity/Q16895966,,https://en.wikipedia.org/wiki/The_Shops_at_Northfield,Point(-104.892 39.7824),9.275,39.7824,-104.892,1,http://www.wikidata.org/entity/Q11315,The Shops at Northfield,shopping center
http://www.wikidata.org/entity/Q16896002,,https://en.wikipedia.org/wiki/Oak_station_(RTD),Point(-105.12 39.7373),11.557,39.7373,-105.12,1,http://www.wikidata.org/entity/Q2175765,Oak,tram stop
http://www.wikidata.org/entity/Q16898221,,https://en.wikipedia.org/wiki/Perry_station,Point(-105.04 39.7347),4.741,39.7347,-105.04,1,http://www.wikidata.org/entity/Q2175765,Perry,tram stop
http://www.wikidata.org/entity/Q16899183,,https://en.wikipedia.org/wiki/Red_Rocks_College_station,Point(-105.152 39.7251),14.378,39.7251,-105.152,1,http://www.wikidata.org/entity/Q2175765,Red Rocks College,tram stop
http://www.wikidata.org/entity/Q16900019,,https://en.wikipedia.org/wiki/Sheridan_station_(RTD),Point(-105.053 39.7351),5.844,39.7351,-105.053,1,http://www.wikidata.org/entity/Q2175765,Sheridan,tram stop
http://www.wikidata.org/entity/Q16900910,,"https://en.wikipedia.org/wiki/Sunnyside,_Denver",Point(-105.016 39.7766),4.934,39.7766,-105.016,1,http://www.wikidata.org/entity/Q123705,Sunnyside,neighborhood
http://www.wikidata.org/entity/Q16901693,,https://en.wikipedia.org/wiki/Timeline_of_Denver,Point(-104.985 39.7392),0.012,39.7392,-104.985,1,http://www.wikidata.org/entity/Q186117,timeline of Denver,timeline
http://www.wikidata.org/entity/Q16901693,,https://en.wikipedia.org/wiki/Timeline_of_Denver,Point(-104.985 39.7392),0.012,39.7392,-104.985,1,http://www.wikidata.org/entity/Q18340550,timeline of Denver,Wikimedia timeline
http://www.wikidata.org/entity/Q16953304,,https://en.wikipedia.org/wiki/Curtis%E2%80%93Champa_Streets_Historic_District,Point(-104.98065 39.75683),1.989,39.75683,-104.98065,1,http://www.wikidata.org/entity/Q15243209,Curtis-Champa Streets Historic District,historic district
http://www.wikidata.org/entity/Q16954924,,https://en.wikipedia.org/wiki/Decatur%E2%80%93Federal_station,Point(-105.02403 39.73729),3.356,39.73729,-105.02403,1,http://www.wikidata.org/entity/Q2175765,Decatur/Federal,tram stop
http://www.wikidata.org/entity/Q16977216,,https://en.wikipedia.org/wiki/Destinations_Career_Academy_of_Colorado,Point(-105.051 39.8514),13.692,39.8514,-105.051,1,http://www.wikidata.org/entity/Q9826,Insight School of Colorado,high school
http://www.wikidata.org/entity/Q16984450,,https://en.wikipedia.org/wiki/Black_American_West_Museum_and_Heritage_Center,Point(-104.97419885 39.759770448),2.458,39.759770448922,-104.97419885028,1,http://www.wikidata.org/entity/Q33506,Black American West Museum and Heritage Center,museum
http://www.wikidata.org/entity/Q16991678,,https://en.wikipedia.org/wiki/Fan_Expo_Denver,Point(-104.996111111 39.741944444),1.008,39.741944444444,-104.99611111111,1,http://www.wikidata.org/entity/Q15275719,Denver Comic Con,recurring event
http://www.wikidata.org/entity/Q18084744,,,Point(-104.989156 39.736807),0.456,39.736807,-104.989156,1,http://www.wikidata.org/entity/Q860861,Big Sweep,sculpture
http://www.wikidata.org/entity/Q18149502,,https://en.wikipedia.org/wiki/Doyle%E2%80%93Benton_House,Point(-104.97 39.7369),1.297,39.7369,-104.97,1,http://www.wikidata.org/entity/Q3947,Doyle–Benton House,house
http://www.wikidata.org/entity/Q18154827,,https://en.wikipedia.org/wiki/Museo_de_las_Americas,Point(-104.999 39.73),1.586,39.73,-104.999,1,http://www.wikidata.org/entity/Q207694,Museo de las Americas,art museum
http://www.wikidata.org/entity/Q18154827,,https://en.wikipedia.org/wiki/Museo_de_las_Americas,Point(-104.999 39.73),1.586,39.73,-104.999,1,http://www.wikidata.org/entity/Q33506,Museo de las Americas,museum
http://www.wikidata.org/entity/Q18228710,,,Point(-104.992395 39.653573),9.547,39.653573,-104.992395,1,http://www.wikidata.org/entity/Q41176,Chase Tower,building
http://www.wikidata.org/entity/Q18228710,,,Point(-104.992 39.6536),9.541,39.653573,-104.992395,1,http://www.wikidata.org/entity/Q41176,Chase Tower,building
http://www.wikidata.org/entity/Q18228710,,,Point(-104.992395 39.653573),9.547,39.6536,-104.992,1,http://www.wikidata.org/entity/Q41176,Chase Tower,building
http://www.wikidata.org/entity/Q18228710,,,Point(-104.992 39.6536),9.541,39.6536,-104.992,1,http://www.wikidata.org/entity/Q41176,Chase Tower,building
http://www.wikidata.org/entity/Q20064927,,https://en.wikipedia.org/wiki/Aurora_Public_Library_(Colorado),Point(-104.815 39.7103),14.878,39.7103,-104.815,1,http://www.wikidata.org/entity/Q28564,Aurora Public Library,public library
http://www.wikidata.org/entity/Q20714314,,https://en.wikipedia.org/wiki/38th_%26_Blake_station,Point(-104.97377778 39.77069444),3.624,39.77069444,-104.97377778,1,http://www.wikidata.org/entity/Q55488,38th & Blake,railway station
http://www.wikidata.org/entity/Q21015902,,https://en.wikipedia.org/wiki/Alameda_International_Junior/Senior_High_School,Point(-105.0843 39.6939),9.886,39.6939,-105.0843,1,http://www.wikidata.org/entity/Q9826,Alameda International Junior/Senior High School,high school
http://www.wikidata.org/entity/Q22236262,,https://en.wikipedia.org/wiki/Tiki_Boyd%27s,Point(-104.9725 39.73972222),1.058,39.73972222,-104.9725,1,http://www.wikidata.org/entity/Q16186061,Tiki Boyd's,tiki bar
http://www.wikidata.org/entity/Q23018053,,https://en.wikipedia.org/wiki/Belmar_(Lakewood),Point(-105.077661 39.707332),8.693,39.707332,-105.077661,1,http://www.wikidata.org/entity/Q11315,Belmar,shopping center
http://www.wikidata.org/entity/Q24962390,,"https://en.wikipedia.org/wiki/List_of_people_from_Arvada,_Colorado",Point(-105.0875 39.8028),11.265,39.8028,-105.0875,1,http://www.wikidata.org/entity/Q13406463,"list of people from Arvada, Colorado",Wikimedia list article
http://www.wikidata.org/entity/Q24962402,,"https://en.wikipedia.org/wiki/List_of_people_from_Aurora,_Colorado",Point(-104.8319 39.7294),13.125,39.7294,-104.8319,1,http://www.wikidata.org/entity/Q13406463,"list of people from Aurora, Colorado",Wikimedia list article
http://www.wikidata.org/entity/Q25006759,,https://en.wikipedia.org/wiki/Pecos_Junction_station,Point(-105.0051 39.8051),7.525,39.8051,-105.0051,1,http://www.wikidata.org/entity/Q22808404,Pecos Junction,station located on surface
http://www.wikidata.org/entity/Q25006759,,https://en.wikipedia.org/wiki/Pecos_Junction_station,Point(-105.0051 39.8051),7.525,39.8051,-105.0051,1,http://www.wikidata.org/entity/Q55488,Pecos Junction,railway station
http://www.wikidata.org/entity/Q25197242,,https://en.wikipedia.org/wiki/Central_Park_station_(RTD),Point(-104.89163889 39.77036111),8.688,39.77036111,-104.89163889,1,http://www.wikidata.org/entity/Q494829,Central Park station,bus station
http://www.wikidata.org/entity/Q25197242,,https://en.wikipedia.org/wiki/Central_Park_station_(RTD),Point(-104.89163889 39.77036111),8.688,39.77036111,-104.89163889,1,http://www.wikidata.org/entity/Q22808404,Central Park station,station located on surface
http://www.wikidata.org/entity/Q25197242,,https://en.wikipedia.org/wiki/Central_Park_station_(RTD),Point(-104.89163889 39.77036111),8.688,39.77036111,-104.89163889,1,http://www.wikidata.org/entity/Q55488,Central Park station,railway station
http://www.wikidata.org/entity/Q27048806,,https://en.wikipedia.org/wiki/Westminster_station_(RTD),Point(-105.02916667 39.82277778),10.031,39.82277778,-105.02916667,1,http://www.wikidata.org/entity/Q22808404,Westminster station,station located on surface
http://www.wikidata.org/entity/Q27048806,,https://en.wikipedia.org/wiki/Westminster_station_(RTD),Point(-105.02916667 39.82277778),10.031,39.82277778,-105.02916667,1,http://www.wikidata.org/entity/Q55488,Westminster station,railway station
http://www.wikidata.org/entity/Q28197686,,https://en.wikipedia.org/wiki/48th_%26_Brighton/National_Western_Center_station,Point(-104.97122222 39.78288889),4.992,39.78288889,-104.97122222,1,http://www.wikidata.org/entity/Q22808404,48th & Brighton / National Western Center station,station located on surface
http://www.wikidata.org/entity/Q28197686,,https://en.wikipedia.org/wiki/48th_%26_Brighton/National_Western_Center_station,Point(-104.97122222 39.78288889),4.992,39.78288889,-104.97122222,1,http://www.wikidata.org/entity/Q55488,48th & Brighton / National Western Center station,railway station
http://www.wikidata.org/entity/Q28408381,,https://en.wikipedia.org/wiki/Wood%E2%80%93Morris%E2%80%93Bonfils_House,Point(-104.97861111 39.7275),1.41,39.7275,-104.97861111,1,http://www.wikidata.org/entity/Q3947,Wood–Morris–Bonfils House,house
http://www.wikidata.org/entity/Q28449956,,https://en.wikipedia.org/wiki/41st_%26_Fox_station,Point(-104.99666667 39.77305556),3.893,39.77305556,-104.99666667,1,http://www.wikidata.org/entity/Q22808404,41st & Fox station,station located on surface
http://www.wikidata.org/entity/Q28449956,,https://en.wikipedia.org/wiki/41st_%26_Fox_station,Point(-104.99666667 39.77305556),3.893,39.77305556,-104.99666667,1,http://www.wikidata.org/entity/Q55488,41st & Fox station,railway station
http://www.wikidata.org/entity/Q28841954,,https://en.wikipedia.org/wiki/Fitzsimons_station,Point(-104.84047222 39.75497222),12.467,39.75497222,-104.84047222,1,http://www.wikidata.org/entity/Q2175765,Fitzsimons,tram stop
http://www.wikidata.org/entity/Q28841954,,https://en.wikipedia.org/wiki/Fitzsimons_station,Point(-104.84047222 39.75497222),12.467,39.75497222,-104.84047222,1,http://www.wikidata.org/entity/Q22808404,Fitzsimons,station located on surface
http://www.wikidata.org/entity/Q28841956,,https://en.wikipedia.org/wiki/13th_Avenue_station_(RTD),Point(-104.82361111 39.73497222),13.796,39.73497222,-104.82361111,1,http://www.wikidata.org/entity/Q2175765,13th Avenue station,tram stop
http://www.wikidata.org/entity/Q28841956,,https://en.wikipedia.org/wiki/13th_Avenue_station_(RTD),Point(-104.82361111 39.73497222),13.796,39.73497222,-104.82361111,1,http://www.wikidata.org/entity/Q22808404,13th Avenue station,station located on surface
http://www.wikidata.org/entity/Q28841957,,https://en.wikipedia.org/wiki/2nd_Avenue_%26_Abilene_station,Point(-104.82566667 39.71944444),13.79,39.71944444,-104.82566667,1,http://www.wikidata.org/entity/Q2175765,2nd Avenue & Abilene station,tram stop
http://www.wikidata.org/entity/Q28841957,,https://en.wikipedia.org/wiki/2nd_Avenue_%26_Abilene_station,Point(-104.82566667 39.71944444),13.79,39.71944444,-104.82566667,1,http://www.wikidata.org/entity/Q22808404,2nd Avenue & Abilene station,station located on surface
http://www.wikidata.org/entity/Q28864594,,https://en.wikipedia.org/wiki/Florida_station_(RTD),Point(-104.8285 39.6899),14.455,39.6899,-104.8285,1,http://www.wikidata.org/entity/Q2175765,Florida station,tram stop
http://www.wikidata.org/entity/Q28864594,,https://en.wikipedia.org/wiki/Florida_station_(RTD),Point(-104.8285 39.6899),14.455,39.6899,-104.8285,1,http://www.wikidata.org/entity/Q22808404,Florida station,station located on surface
http://www.wikidata.org/entity/Q28864597,,https://en.wikipedia.org/wiki/Colfax_station_(RTD),Point(-104.827 39.74025),13.498,39.74025,-104.827,1,http://www.wikidata.org/entity/Q2175765,Colfax station,tram stop
http://www.wikidata.org/entity/Q28864597,,https://en.wikipedia.org/wiki/Colfax_station_(RTD),Point(-104.827 39.74025),13.498,39.74025,-104.827,1,http://www.wikidata.org/entity/Q11670533,Colfax station,elevated station
http://www.wikidata.org/entity/Q29097953,,https://en.wikipedia.org/wiki/Bonfils_Memorial_Theatre,Point(-104.956666666 39.74),2.412,39.74,-104.95666666667,1,http://www.wikidata.org/entity/Q200764,Bonfils Memorial Theatre,bookstore
http://www.wikidata.org/entity/Q29097953,,https://en.wikipedia.org/wiki/Bonfils_Memorial_Theatre,Point(-104.956666666 39.74),2.412,39.74,-104.95666666667,1,http://www.wikidata.org/entity/Q24354,Bonfils Memorial Theatre,theatre building
http://www.wikidata.org/entity/Q29641735,,https://en.wikipedia.org/wiki/KOMF-LP,Point(-104.982777777 39.772222222),3.672,39.772222222222,-104.98277777778,1,http://www.wikidata.org/entity/Q14350,KOMF-LP,radio station
http://www.wikidata.org/entity/Q42383115,,,Point(-104.821545 39.711039),14.314,39.711039,-104.821545,1,http://www.wikidata.org/entity/Q41253,Century Aurora & XD,movie theater
http://www.wikidata.org/entity/Q42383656,,,Point(-104.8377105 39.7451972),12.598,39.7451972,-104.8377105,1,http://www.wikidata.org/entity/Q19860854,Fitzsimons Hospital Theatre,destroyed building or structure
http://www.wikidata.org/entity/Q42383656,,,Point(-104.8377105 39.7451972),12.598,39.7451972,-104.8377105,1,http://www.wikidata.org/entity/Q24354,Fitzsimons Hospital Theatre,theatre building
http://www.wikidata.org/entity/Q42383656,,,Point(-104.8377105 39.7451972),12.598,39.7451972,-104.8377105,1,http://www.wikidata.org/entity/Q41253,Fitzsimons Hospital Theatre,movie theater
http://www.wikidata.org/entity/Q42384376,,https://en.wikipedia.org/wiki/88_Drive-In,Point(-104.8995642 39.8558083),14.869,39.8558083,-104.8995642,1,http://www.wikidata.org/entity/Q786922,88 Drive-In,drive-in theater
http://www.wikidata.org/entity/Q42384376,,https://en.wikipedia.org/wiki/88_Drive-In,Point(-104.8995642 39.8558083),14.869,39.8558083,-104.8995642,1,http://www.wikidata.org/entity/Q41253,88 Drive-In,movie theater
http://www.wikidata.org/entity/Q42385335,,,Point(-104.9873156 39.7444698),0.619,39.7444698,-104.9873156,1,http://www.wikidata.org/entity/Q19860854,Broadway Theater,destroyed building or structure
http://www.wikidata.org/entity/Q42385335,,,Point(-104.9873156 39.7444698),0.619,39.7444698,-104.9873156,1,http://www.wikidata.org/entity/Q41253,Broadway Theater,movie theater
http://www.wikidata.org/entity/Q42385472,,https://en.wikipedia.org/wiki/Su_Teatro,Point(-104.9988656 39.7277691),1.749,39.7277691,-104.9988656,1,http://www.wikidata.org/entity/Q41253,Su Teatro Cultral and Performing Arts Center,movie theater
http://www.wikidata.org/entity/Q48806577,,https://en.wikipedia.org/wiki/Denver%27s_Art_District_on_Santa_Fe,Point(-104.99855 39.7288),1.648,39.7288,-104.99855,1,http://www.wikidata.org/entity/Q123705,Denver's Art District on Santa Fe,neighborhood
http://www.wikidata.org/entity/Q48838575,,https://en.wikipedia.org/wiki/KETO-LP,Point(-104.851111111 39.731944444),11.465,39.731944444444,-104.85111111111,1,http://www.wikidata.org/entity/Q14350,KETO-LP,radio station
http://www.wikidata.org/entity/Q48851872,,https://en.wikipedia.org/wiki/60th_%26_Sheridan/Arvada_Gold_Strike_station,Point(-105.0492 39.8037),9.034,39.8037,-105.0492,1,http://www.wikidata.org/entity/Q22808404,60th & Sheridan / Arvada Gold Strike station,station located on surface
http://www.wikidata.org/entity/Q48851872,,https://en.wikipedia.org/wiki/60th_%26_Sheridan/Arvada_Gold_Strike_station,Point(-105.0492 39.8037),9.034,39.8037,-105.0492,1,http://www.wikidata.org/entity/Q55488,60th & Sheridan / Arvada Gold Strike station,railway station
http://www.wikidata.org/entity/Q48979256,,,Point(-104.987222222 39.873333333),14.912,39.873333333333,-104.98722222222,1,http://www.wikidata.org/entity/Q12323,Badding Dam,dam
http://www.wikidata.org/entity/Q48979503,,,Point(-105.027222222 39.725),3.953,39.725,-105.02722222222,1,http://www.wikidata.org/entity/Q12323,Barnum Park Lake Dam,dam
http://www.wikidata.org/entity/Q48979948,,,Point(-105.003888888 39.63),12.255,39.63,-105.00388888889,1,http://www.wikidata.org/entity/Q12323,Belisle Dam,dam
http://www.wikidata.org/entity/Q48980629,,,Point(-104.937222222 39.631666666),12.636,39.631666666667,-104.93722222222,1,http://www.wikidata.org/entity/Q12323,Blackmer Number 1 Dam,dam
http://www.wikidata.org/entity/Q48981017,,,Point(-105.066231218 39.6206213),14.914,39.62062130055,-105.0662312187,1,http://www.wikidata.org/entity/Q12323,Bowles Number 1 Dam,dam
http://www.wikidata.org/entity/Q48983526,,,Point(-104.981944444 39.805833333),7.409,39.805833333333,-104.98194444444,1,http://www.wikidata.org/entity/Q12323,Copeland Dam,dam
http://www.wikidata.org/entity/Q48983891,,,Point(-104.987222222 39.873333333),14.912,39.873333333333,-104.98722222222,1,http://www.wikidata.org/entity/Q12323,Croke Lake Dam,dam
http://www.wikidata.org/entity/Q48983919,,,Point(-105.060555555 39.69),8.479,39.69,-105.06055555556,1,http://www.wikidata.org/entity/Q12323,Crosley and Westfield Dam,dam
http://www.wikidata.org/entity/Q48984053,,,Point(-105.098888888 39.758333333),9.977,39.758333333333,-105.09888888889,1,http://www.wikidata.org/entity/Q12323,Crown Hill Cemetery Dam,dam
http://www.wikidata.org/entity/Q48984702,,,Point(-104.988888888 39.801666666),6.95,39.801666666667,-104.98888888889,1,http://www.wikidata.org/entity/Q12323,Dewey Number 1 Dam,dam
http://www.wikidata.org/entity/Q48985373,,,Point(-105.113888888 39.693333333),12.159,39.693333333333,-105.11388888889,1,http://www.wikidata.org/entity/Q12323,East Dam,dam
http://www.wikidata.org/entity/Q48989143,,,Point(-105.091388888 39.639166666),14.383,39.639166666667,-105.09138888889,1,http://www.wikidata.org/entity/Q12323,Henry Lake Dam,dam
http://www.wikidata.org/entity/Q48989297,,,Point(-105.036196 39.818539),9.848,39.818539,-105.036196,1,http://www.wikidata.org/entity/Q12323,Hidden Lake Dam,dam
http://www.wikidata.org/entity/Q48991059,,,Point(-105.003888888 39.841666666),11.505,39.841666666667,-105.00388888889,1,http://www.wikidata.org/entity/Q12323,Kalcevic Dam,dam
http://www.wikidata.org/entity/Q48991179,,,Point(-105.105555555 39.685),11.956,39.685,-105.10555555556,1,http://www.wikidata.org/entity/Q12323,Kendrick Dam,dam
http://www.wikidata.org/entity/Q48991626,,,Point(-104.86 39.820277777),13.966,39.820277777778,-104.86,1,http://www.wikidata.org/entity/Q12323,Ladora Lake Dam,dam
http://www.wikidata.org/entity/Q48992815,,,Point(-104.845555555 39.815),14.583,39.815,-104.84555555556,1,http://www.wikidata.org/entity/Q12323,Lower Derby Lake Dam,dam
http://www.wikidata.org/entity/Q48992815,,,Point(-104.845741365 39.815124309),14.578,39.815,-104.84555555556,1,http://www.wikidata.org/entity/Q12323,Lower Derby Lake Dam,dam
http://www.wikidata.org/entity/Q48992815,,,Point(-104.845555555 39.815),14.583,39.81512430992,-104.84574136521,1,http://www.wikidata.org/entity/Q12323,Lower Derby Lake Dam,dam
http://www.wikidata.org/entity/Q48992815,,,Point(-104.845741365 39.815124309),14.578,39.81512430992,-104.84574136521,1,http://www.wikidata.org/entity/Q12323,Lower Derby Lake Dam,dam
http://www.wikidata.org/entity/Q48993114,,,Point(-105.115555555 39.695),12.212,39.695,-105.11555555556,1,http://www.wikidata.org/entity/Q12323,Main Dam,dam
http://www.wikidata.org/entity/Q48993188,,,Point(-105.138888888 39.755555555),13.292,39.755555555556,-105.13888888889,1,http://www.wikidata.org/entity/Q12323,Maple Grove Dam,dam
http://www.wikidata.org/entity/Q48993274,,,Point(-105.062798 39.635286),13.344,39.635286,-105.062798,1,http://www.wikidata.org/entity/Q12323,Marston Lake Dam,dam
http://www.wikidata.org/entity/Q48994590,,,Point(-104.993888888 39.856666666),13.08,39.856666666667,-104.99388888889,1,http://www.wikidata.org/entity/Q12323,Niver Creek Detention Dam,dam
http://www.wikidata.org/entity/Q48994922,,,Point(-105.105555555 39.82),13.675,39.82,-105.10555555556,1,http://www.wikidata.org/entity/Q12323,Oberon Lake Number 1 Dam,dam
http://www.wikidata.org/entity/Q48995406,,,Point(-105.048533 39.615804),14.766,39.615804,-105.048533,1,http://www.wikidata.org/entity/Q12323,Patrick Lake Dam,dam
http://www.wikidata.org/entity/Q48999402,,,Point(-104.943888888 39.656666666),9.827,39.656666666667,-104.94388888889,1,http://www.wikidata.org/entity/Q12323,Skeel Dam,dam
http://www.wikidata.org/entity/Q48999404,,,Point(-104.940555555 39.643333333),11.317,39.643333333333,-104.94055555556,1,http://www.wikidata.org/entity/Q12323,Skeel Ranch Dam,dam
http://www.wikidata.org/entity/Q48999534,,,Point(-105.1135042 39.6867992),12.452,39.6867992,-105.1135042,1,http://www.wikidata.org/entity/Q12323,Smith Dam,dam
http://www.wikidata.org/entity/Q49000602,,,Point(-104.992222222 39.83),10.112,39.83,-104.99222222222,1,http://www.wikidata.org/entity/Q12323,Storm Dam,dam
http://www.wikidata.org/entity/Q49001426,,,Point(-105.063072662 39.829178403),12.028,39.82917840342,-105.06307266292,1,http://www.wikidata.org/entity/Q12323,Tepper Number 1 Dam,dam
http://www.wikidata.org/entity/Q49002150,,,Point(-105.042777777 39.613333333),14.851,39.613333333333,-105.04277777778,1,http://www.wikidata.org/entity/Q12323,Tule Lake Lower Dam,dam
http://www.wikidata.org/entity/Q49002151,,,Point(-105.0475 39.614166666),14.904,39.614166666667,-105.0475,1,http://www.wikidata.org/entity/Q12323,Tule Lake Upper Dam,dam
http://www.wikidata.org/entity/Q49002955,,,Point(-105.073888888 39.675),10.441,39.675,-105.07388888889,1,http://www.wikidata.org/entity/Q12323,Ward Number 1 Dam,dam
http://www.wikidata.org/entity/Q49002956,,,Point(-105.043888888 39.678333333),8.447,39.678333333333,-105.04388888889,1,http://www.wikidata.org/entity/Q12323,Ward Number 5 Dam,dam
http://www.wikidata.org/entity/Q49003214,,,Point(-104.890573 39.73168),8.106,39.73168,-104.890573,1,http://www.wikidata.org/entity/Q12323,Westerly Creek Colorado-Aurora Dam,dam
http://www.wikidata.org/entity/Q49003635,,,Point(-104.889488 39.702332),9.131,39.702332,-104.889488,1,http://www.wikidata.org/entity/Q12323,Windsor Dam,dam
http://www.wikidata.org/entity/Q49038862,,,Point(-105.05915 39.78693),8.273,39.78693,-105.05915,1,http://www.wikidata.org/entity/Q207326,Inspiration Point,summit
http://www.wikidata.org/entity/Q49070266,,,Point(-105.007222222 39.683611111),6.474,39.683611111111,-105.00722222222,1,http://www.wikidata.org/entity/Q8502,Ruby Hill,mountain
http://www.wikidata.org/entity/Q49241073,,,Point(-105.141944444 39.741944444),13.434,39.741944444444,-105.14194444444,1,http://www.wikidata.org/entity/Q12284,Agricultural Ditch,canal
http://www.wikidata.org/entity/Q49241225,,,Point(-105.050277777 39.855277777),14.061,39.855277777778,-105.05027777778,1,http://www.wikidata.org/entity/Q12284,Allen Ditch,canal
http://www.wikidata.org/entity/Q49243218,,,Point(-105.028888888 39.611666666),14.676,39.611666666667,-105.02888888889,1,http://www.wikidata.org/entity/Q12284,Brown Ditch,canal
http://www.wikidata.org/entity/Q49245021,,,Point(-104.994166666 39.647222222),10.262,39.647222222222,-104.99416666667,1,http://www.wikidata.org/entity/Q12284,City Ditch,canal
http://www.wikidata.org/entity/Q49245123,,,Point(-105.077222222 39.693611111),9.388,39.693611111111,-105.07722222222,1,http://www.wikidata.org/entity/Q12284,Clover Knoll Ditch,canal
http://www.wikidata.org/entity/Q49245244,,,Point(-104.944166666 39.868333333),14.769,39.868333333333,-104.94416666667,1,http://www.wikidata.org/entity/Q12284,Colorado Agricultural Canal,canal
http://www.wikidata.org/entity/Q49245708,,,Point(-105.102777777 39.754722222),10.227,39.754722222222,-105.10277777778,1,http://www.wikidata.org/entity/Q12284,Crown Hill Ditch,canal
http://www.wikidata.org/entity/Q49246063,,,Point(-105.114166666 39.749444444),11.113,39.749444444444,-105.11416666667,1,http://www.wikidata.org/entity/Q12284,Dike Ditch,canal
http://www.wikidata.org/entity/Q49248362,,,Point(-105.011666666 39.803888888),7.545,39.803888888889,-105.01166666667,1,http://www.wikidata.org/entity/Q12284,Fisher Ditch,canal
http://www.wikidata.org/entity/Q49251409,,,Point(-105.090555555 39.661944444),12.475,39.661944444444,-105.09055555556,1,http://www.wikidata.org/entity/Q12284,Hodgson Ditch,canal
http://www.wikidata.org/entity/Q49252662,,,Point(-105.089722222 39.635555555),14.608,39.635555555556,-105.08972222222,1,http://www.wikidata.org/entity/Q12284,Johnson Lateral,canal
http://www.wikidata.org/entity/Q49252774,,,Point(-105.059166666 39.813611111),10.426,39.813611111111,-105.05916666667,1,http://www.wikidata.org/entity/Q12284,Juchem Ditch,canal
http://www.wikidata.org/entity/Q49253616,,,Point(-105.035 39.807222222),8.689,39.807222222222,-105.035,1,http://www.wikidata.org/entity/Q12284,Kershaw Ditch,canal
http://www.wikidata.org/entity/Q49261065,,,Point(-104.871111111 39.821944444),13.381,39.821944444444,-104.87111111111,1,http://www.wikidata.org/entity/Q12284,Lone Tree Ditch,canal
http://www.wikidata.org/entity/Q49264916,,,Point(-104.893055555 39.849444444),14.549,39.849444444444,-104.89305555556,1,http://www.wikidata.org/entity/Q12284,O'Brian Canal,canal
http://www.wikidata.org/entity/Q49266338,,,Point(-105.145 39.778611111),14.371,39.778611111111,-105.145,1,http://www.wikidata.org/entity/Q12284,Reno Ditch,canal
http://www.wikidata.org/entity/Q49266581,,,Point(-105.130555555 39.7575),12.62,39.7575,-105.13055555556,1,http://www.wikidata.org/entity/Q12284,Rocky Mountain Ditch,canal
http://www.wikidata.org/entity/Q49266924,,,Point(-105.086944444 39.696666666),9.931,39.696666666667,-105.08694444444,1,http://www.wikidata.org/entity/Q12284,Salisbury Lateral,canal
http://www.wikidata.org/entity/Q49269098,,,Point(-105.130833333 39.784722222),13.463,39.784722222222,-105.13083333333,1,http://www.wikidata.org/entity/Q12284,Swadley Ditch,canal
http://www.wikidata.org/entity/Q49270689,,,Point(-105.1325 39.671111111),14.727,39.671111111111,-105.1325,1,http://www.wikidata.org/entity/Q12284,Ward Canal,canal
http://www.wikidata.org/entity/Q49270701,,,Point(-105.120277777 39.68),13.325,39.68,-105.12027777778,1,http://www.wikidata.org/entity/Q12284,Ward Lateral,canal
http://www.wikidata.org/entity/Q49299351,,,Point(-105.048888888 39.783055555),7.327,39.783055555556,-105.04888888889,1,http://www.wikidata.org/entity/Q23397,Berkeley Lake,lake
http://www.wikidata.org/entity/Q49303131,,,Point(-105.015833333 39.701666666),4.946,39.701666666667,-105.01583333333,1,http://www.wikidata.org/entity/Q23397,Huston Lake,lake
http://www.wikidata.org/entity/Q49305468,,,Point(-105.044444444 39.819166666),10.242,39.819166666667,-105.04444444444,1,http://www.wikidata.org/entity/Q23397,Mayham Lake,lake
http://www.wikidata.org/entity/Q49309230,,,Point(-105.030277777 39.7825),6.181,39.7825,-105.03027777778,1,http://www.wikidata.org/entity/Q23397,Rocky Mountain Lake,lake
http://www.wikidata.org/entity/Q49396347,,,Point(-104.928055555 39.844444444),12.665,39.844444444444,-104.92805555556,1,http://www.wikidata.org/entity/Q820477,Albert Frei and Sons Sand and Gravel Pit,mine
http://www.wikidata.org/entity/Q49397775,,,Point(-105.045 39.794444444),8.006,39.794444444444,-105.045,1,http://www.wikidata.org/entity/Q820477,Asphalt Paving Company Pit,mine
http://www.wikidata.org/entity/Q49397776,,,Point(-105.049166666 39.795833333),8.355,39.795833333333,-105.04916666667,1,http://www.wikidata.org/entity/Q820477,Asphalt Paving Company Pit,mine
http://www.wikidata.org/entity/Q49401868,,,Point(-105.006388888 39.805833333),7.63,39.805833333333,-105.00638888889,1,http://www.wikidata.org/entity/Q820477,Brannan Sand and Gravel Company Pit,mine
http://www.wikidata.org/entity/Q49401869,,,Point(-105.024166666 39.809722222),8.527,39.809722222222,-105.02416666667,1,http://www.wikidata.org/entity/Q820477,Brannan Sand and Gravel Company Pit,mine
http://www.wikidata.org/entity/Q49402952,,,Point(-104.930555555 39.832777777),11.389,39.832777777778,-104.93055555556,1,http://www.wikidata.org/entity/Q820477,C and H Construction Company Pit,mine
http://www.wikidata.org/entity/Q49404852,,,Point(-105.023611111 39.61),14.747,39.61,-105.02361111111,1,http://www.wikidata.org/entity/Q820477,Clarke Pit,mine
http://www.wikidata.org/entity/Q49405454,,,Point(-104.988888888 39.818333333),8.801,39.818333333333,-104.98888888889,1,http://www.wikidata.org/entity/Q820477,Colorado-Wyoming Improvement Company Pit,mine
http://www.wikidata.org/entity/Q49405455,,,Point(-105.012222222 39.815),8.743,39.815,-105.01222222222,1,http://www.wikidata.org/entity/Q820477,Colorado-Wyoming Improvement Company Pit,mine
http://www.wikidata.org/entity/Q49405995,,,Point(-105.043888888 39.805833333),8.96,39.805833333333,-105.04388888889,1,http://www.wikidata.org/entity/Q820477,Cooley Gravel Company Pit,mine
http://www.wikidata.org/entity/Q49405992,,,Point(-104.915277777 39.8625),14.939,39.8625,-104.91527777778,1,http://www.wikidata.org/entity/Q820477,Cooley Gravel Company Pit,mine
http://www.wikidata.org/entity/Q49405993,,,Point(-105.039722222 39.797222222),7.972,39.797222222222,-105.03972222222,1,http://www.wikidata.org/entity/Q820477,Cooley Gravel Company Pit,mine
http://www.wikidata.org/entity/Q49405999,,,Point(-105.022777777 39.806388888),8.139,39.806388888889,-105.02277777778,1,http://www.wikidata.org/entity/Q820477,Cooley Sand and Gravel Company Pit,mine
http://www.wikidata.org/entity/Q49405997,,,Point(-105.047222222 39.796944444),8.341,39.796944444444,-105.04722222222,1,http://www.wikidata.org/entity/Q820477,Cooley Sand and Gravel Company Pit,mine
http://www.wikidata.org/entity/Q49406000,,,Point(-105.039166666 39.805833333),8.739,39.805833333333,-105.03916666667,1,http://www.wikidata.org/entity/Q820477,Cooley Sand and Gravel Pit,mine
http://www.wikidata.org/entity/Q49407972,,,Point(-104.957222222 39.824722222),9.794,39.824722222222,-104.95722222222,1,http://www.wikidata.org/entity/Q820477,Department of Wildlife Pit,mine
http://www.wikidata.org/entity/Q49408532,,,Point(-105.15 39.763333333),14.369,39.763333333333,-105.15,1,http://www.wikidata.org/entity/Q820477,Dog Pound Pit,mine
http://www.wikidata.org/entity/Q49411645,,,Point(-104.926944444 39.84),12.248,39.84,-104.92694444444,1,http://www.wikidata.org/entity/Q820477,Fast Construction Company Pit,mine
http://www.wikidata.org/entity/Q49412050,,,Point(-104.993055555 39.677777777),6.869,39.677777777778,-104.99305555556,1,http://www.wikidata.org/entity/Q820477,"Flanagan, Walt, and Company Incorporated Pit",mine
http://www.wikidata.org/entity/Q49419334,,,Point(-104.930555555 39.833888888),11.502,39.833888888889,-104.93055555556,1,http://www.wikidata.org/entity/Q820477,Houston Construction Pit,mine
http://www.wikidata.org/entity/Q49422163,,,Point(-104.930555555 39.795555555),7.795,39.795555555556,-104.93055555556,1,http://www.wikidata.org/entity/Q820477,Jones Fine Sand Company Pit,mine
http://www.wikidata.org/entity/Q49423682,,,Point(-104.932777777 39.833333333),11.37,39.833333333333,-104.93277777778,1,http://www.wikidata.org/entity/Q820477,Kilgore-Atchinson Pit,mine
http://www.wikidata.org/entity/Q49424806,,,Point(-105.079444444 39.705555555),8.914,39.705555555556,-105.07944444444,1,http://www.wikidata.org/entity/Q820477,Lakewood Pottery Pit,mine
http://www.wikidata.org/entity/Q49424804,,,Point(-105.079444444 39.705555555),8.914,39.705555555556,-105.07944444444,1,http://www.wikidata.org/entity/Q820477,Lakewood Brick and Tile Pit,mine
http://www.wikidata.org/entity/Q49433163,,,Point(-104.930555555 39.850833333),13.247,39.850833333333,-104.93055555556,1,http://www.wikidata.org/entity/Q820477,Mobile Pre-mix Concrete Incorporated Pit,mine
http://www.wikidata.org/entity/Q49437174,,,Point(-104.971666666 39.836388888),10.861,39.836388888889,-104.97166666667,1,http://www.wikidata.org/entity/Q820477,Northwestern Engineering Company Pit,mine
http://www.wikidata.org/entity/Q49440064,,,Point(-104.978333333 39.819444444),8.936,39.819444444444,-104.97833333333,1,http://www.wikidata.org/entity/Q820477,Pete Kiewit Sons Pit,mine
http://www.wikidata.org/entity/Q49444892,,,Point(-105.008888888 39.733333333),2.157,39.733333333333,-105.00888888889,1,http://www.wikidata.org/entity/Q820477,Rodger Steele Claim Mine,mine
http://www.wikidata.org/entity/Q49451441,,,Point(-104.925 39.840555555),12.372,39.840555555556,-104.925,1,http://www.wikidata.org/entity/Q820477,Sterling Pit,mine
http://www.wikidata.org/entity/Q49451704,,,Point(-105.008055555 39.746666666),2.148,39.746666666667,-105.00805555556,1,http://www.wikidata.org/entity/Q820477,Strainland Mine,mine
http://www.wikidata.org/entity/Q49452499,,,Point(-104.914166666 39.791388888),8.375,39.791388888889,-104.91416666667,1,http://www.wikidata.org/entity/Q820477,Superior Sand and Gravel Company Pit,mine
http://www.wikidata.org/entity/Q49458097,,,Point(-105.141666666 39.771666666),13.88,39.771666666667,-105.14166666667,1,http://www.wikidata.org/entity/Q820477,West Lake Pit,mine
http://www.wikidata.org/entity/Q49458238,,,Point(-104.965555555 39.818333333),8.948,39.818333333333,-104.96555555556,1,http://www.wikidata.org/entity/Q820477,Western Paving Company Pit,mine
http://www.wikidata.org/entity/Q49458243,,,Point(-105.032222222 39.808611111),8.711,39.808611111111,-105.03222222222,1,http://www.wikidata.org/entity/Q820477,Western Paving Company Pit,mine
http://www.wikidata.org/entity/Q49458246,,,Point(-105.002777777 39.819444444),9.049,39.819444444444,-105.00277777778,1,http://www.wikidata.org/entity/Q820477,Western Paving Company Pit,mine
http://www.wikidata.org/entity/Q49458247,,,Point(-105.0 39.807777777),7.73,39.807777777778,-105.0,1,http://www.wikidata.org/entity/Q820477,Western Paving Company Pit,mine
http://www.wikidata.org/entity/Q49471892,,,Point(-105.104722222 39.705277777),10.924,39.705277777778,-105.10472222222,1,http://www.wikidata.org/entity/Q22698,Addenbrooke Park,park
http://www.wikidata.org/entity/Q49472130,,,Point(-105.061666666 39.705),7.592,39.705,-105.06166666667,1,http://www.wikidata.org/entity/Q22698,Alemeda Park,park
http://www.wikidata.org/entity/Q49472244,,,Point(-105.119722222 39.81),13.954,39.81,-105.11972222222,1,http://www.wikidata.org/entity/Q22698,Allendale Park,park
http://www.wikidata.org/entity/Q49472559,,,Point(-105.098611111 39.775833333),10.54,39.775833333333,-105.09861111111,1,http://www.wikidata.org/entity/Q22698,Anderson Park,park
http://www.wikidata.org/entity/Q49472697,,,Point(-105.079722222 39.778055555),9.186,39.778055555556,-105.07972222222,1,http://www.wikidata.org/entity/Q22698,Apel-Bacher Park,park
http://www.wikidata.org/entity/Q49472728,,,Point(-105.15 39.745277777),14.135,39.745277777778,-105.15,1,http://www.wikidata.org/entity/Q22698,Applewood Park,park
http://www.wikidata.org/entity/Q49472854,,,Point(-104.981666666 39.783333333),4.911,39.783333333333,-104.98166666667,1,http://www.wikidata.org/entity/Q22698,Argo Park,park
http://www.wikidata.org/entity/Q49472880,,,Point(-104.976944444 39.718611111),2.391,39.718611111111,-104.97694444444,1,http://www.wikidata.org/entity/Q22698,Arlington Park,park
http://www.wikidata.org/entity/Q49473014,,,Point(-105.113611111 39.814166666),13.801,39.814166666667,-105.11361111111,1,http://www.wikidata.org/entity/Q22698,Arvada Tennis Center,park
http://www.wikidata.org/entity/Q49473032,,,Point(-104.924166666 39.685277777),7.934,39.685277777778,-104.92416666667,1,http://www.wikidata.org/entity/Q22698,Ash Grove Park,park
http://www.wikidata.org/entity/Q49473094,,,Point(-104.944444444 39.863333333),14.224,39.863333333333,-104.94444444444,1,http://www.wikidata.org/entity/Q22698,Aspen Park,park
http://www.wikidata.org/entity/Q49473238,,,Point(-105.003888888 39.741666666),1.649,39.741666666667,-105.00388888889,1,http://www.wikidata.org/entity/Q15243209,Auraria Ninth Street Historic District,historic district
http://www.wikidata.org/entity/Q49473302,,,Point(-105.081111111 39.668055555),11.421,39.668055555556,-105.08111111111,1,http://www.wikidata.org/entity/Q22698,Avoca Lodge / Molly Brown Summer Home,park
http://www.wikidata.org/entity/Q49473376,,,Point(-104.868055555 39.668888888),12.69,39.668888888889,-104.86805555556,1,http://www.wikidata.org/entity/Q22698,Babi Yar Park,park
http://www.wikidata.org/entity/Q49473630,,,Point(-104.9725 39.659722222),8.904,39.659722222222,-104.9725,1,http://www.wikidata.org/entity/Q22698,Barde Park,park
http://www.wikidata.org/entity/Q49473678,,,Point(-105.027777777 39.725),3.997,39.725,-105.02777777778,1,http://www.wikidata.org/entity/Q22698,Barnum Park,park
http://www.wikidata.org/entity/Q49473676,,,Point(-105.023611111 39.724444444),3.699,39.724444444444,-105.02361111111,1,http://www.wikidata.org/entity/Q22698,Barnum East Park,park
http://www.wikidata.org/entity/Q49473797,,,Point(-104.981388888 39.663611111),8.414,39.663611111111,-104.98138888889,1,http://www.wikidata.org/entity/Q22698,Bates-Logan Park,park
http://www.wikidata.org/entity/Q49473998,,,Point(-105.094444444 39.664722222),12.511,39.664722222222,-105.09444444444,1,http://www.wikidata.org/entity/Q22698,Bear Creek Greenbelt,park
http://www.wikidata.org/entity/Q49474001,,,Point(-105.045277777 39.653055555),10.888,39.653055555556,-105.04527777778,1,http://www.wikidata.org/entity/Q22698,Bear Creek Park,park
http://www.wikidata.org/entity/Q49474039,,,Point(-105.066666666 39.658611111),11.373,39.658611111111,-105.06666666667,1,http://www.wikidata.org/entity/Q22698,Bear Valley Park,park
http://www.wikidata.org/entity/Q49474187,,,Point(-105.013888888 39.613333333),14.218,39.613333333333,-105.01388888889,1,http://www.wikidata.org/entity/Q22698,Bega Park,park
http://www.wikidata.org/entity/Q49474260,,,Point(-105.004722222 39.626111111),12.693,39.626111111111,-105.00472222222,1,http://www.wikidata.org/entity/Q22698,Belleview Park,park
http://www.wikidata.org/entity/Q49474261,,,Point(-104.9325 39.734166666),4.512,39.734166666667,-104.9325,1,http://www.wikidata.org/entity/Q22698,Belleview Park,park
http://www.wikidata.org/entity/Q49474291,,,Point(-105.086388888 39.703333333),9.557,39.703333333333,-105.08638888889,1,http://www.wikidata.org/entity/Q22698,Belmar Park,park
http://www.wikidata.org/entity/Q49474329,,,Point(-104.87 39.704722222),10.546,39.704722222222,-104.87,1,http://www.wikidata.org/entity/Q22698,Ben Bezoff Park,park
http://www.wikidata.org/entity/Q49474454,,,Point(-105.019722222 39.793888888),6.768,39.793888888889,-105.01972222222,1,http://www.wikidata.org/entity/Q22698,Berkeley Hills Park,park
http://www.wikidata.org/entity/Q49474461,,,Point(-105.048333333 39.780833333),7.129,39.780833333333,-105.04833333333,1,http://www.wikidata.org/entity/Q22698,Berkeley Park,park
http://www.wikidata.org/entity/Q49474465,,,Point(-105.035 39.788333333),6.94,39.788333333333,-105.035,1,http://www.wikidata.org/entity/Q22698,Berkeley School,park
http://www.wikidata.org/entity/Q49474511,,,Point(-105.033888888 39.617222222),14.201,39.617222222222,-105.03388888889,1,http://www.wikidata.org/entity/Q22698,Berry Park,park
http://www.wikidata.org/entity/Q49474619,,,Point(-104.905277777 39.664722222),10.724,39.664722222222,-104.90527777778,1,http://www.wikidata.org/entity/Q22698,Bible Park,park
http://www.wikidata.org/entity/Q49474639,,,Point(-104.830555555 39.713333333),13.506,39.713333333333,-104.83055555556,1,http://www.wikidata.org/entity/Q22698,Bicentennial Park,park
http://www.wikidata.org/entity/Q49474872,,,Point(-105.028333333 39.844166666),12.244,39.844166666667,-105.02833333333,1,http://www.wikidata.org/entity/Q22698,Bishop Square Park,park
http://www.wikidata.org/entity/Q49475098,,,Point(-105.1375 39.740833333),13.052,39.740833333333,-105.1375,1,http://www.wikidata.org/entity/Q22698,Blue Star Memorial Park,park
http://www.wikidata.org/entity/Q49475280,,,Point(-104.955 39.700277777),5.029,39.700277777778,-104.955,1,http://www.wikidata.org/entity/Q22698,Bonnie Brae Park,park
http://www.wikidata.org/entity/Q49475414,,,Point(-105.039722222 39.635277777),12.476,39.635277777778,-105.03972222222,1,http://www.wikidata.org/entity/Q22698,Bow Mar Heights Park,park
http://www.wikidata.org/entity/Q49475439,,,Point(-105.029444444 39.614722222),14.361,39.614722222222,-105.02944444444,1,http://www.wikidata.org/entity/Q22698,Bowles Grove Park,park
http://www.wikidata.org/entity/Q49475752,,,Point(-105.127777777 39.804166666),14.188,39.804166666667,-105.12777777778,1,http://www.wikidata.org/entity/Q22698,Bridgeside Park,park
http://www.wikidata.org/entity/Q49475886,,,Point(-104.9825 39.616111111),13.692,39.616111111111,-104.9825,1,http://www.wikidata.org/entity/Q22698,Brookridge Park,park
http://www.wikidata.org/entity/Q49476266,,,Point(-104.939444444 39.7125),4.891,39.7125,-104.93944444444,1,http://www.wikidata.org/entity/Q22698,Burns Park,park
http://www.wikidata.org/entity/Q49476821,,,Point(-104.860277777 39.691666666),11.896,39.691666666667,-104.86027777778,1,http://www.wikidata.org/entity/Q22698,Canterbury Park,park
http://www.wikidata.org/entity/Q49476957,,,Point(-105.088888888 39.746666666),8.932,39.746666666667,-105.08888888889,1,http://www.wikidata.org/entity/Q22698,Carl G Morse Park,park
http://www.wikidata.org/entity/Q49477005,,,Point(-105.011111111 39.855555555),13.126,39.855555555556,-105.01111111111,1,http://www.wikidata.org/entity/Q22698,Carmenisch Park,park
http://www.wikidata.org/entity/Q49477010,,,Point(-105.106666666 39.676944444),12.511,39.676944444444,-105.10666666667,1,http://www.wikidata.org/entity/Q22698,Carmody Park,park
http://www.wikidata.org/entity/Q49477426,,,Point(-105.010277777 39.752777777),2.644,39.752777777778,-105.01027777778,1,http://www.wikidata.org/entity/Q22698,Centennial Park,park
http://www.wikidata.org/entity/Q49477642,,,Point(-105.010833333 39.776111111),4.663,39.776111111111,-105.01083333333,1,http://www.wikidata.org/entity/Q22698,Chaffee Park,park
http://www.wikidata.org/entity/Q49477797,,,Point(-105.095 39.743333333),9.428,39.743333333333,-105.095,1,http://www.wikidata.org/entity/Q22698,Charles Whitlock Recreation Park,park
http://www.wikidata.org/entity/Q49477937,,,Point(-105.138611111 39.756944444),13.291,39.756944444444,-105.13861111111,1,http://www.wikidata.org/entity/Q22698,Chester - Portsmouth Park,park
http://www.wikidata.org/entity/Q49478240,,,Point(-104.815833333 39.711944444),14.77,39.711944444444,-104.81583333333,1,http://www.wikidata.org/entity/Q22698,City Center Park,park
http://www.wikidata.org/entity/Q49478265,,,Point(-104.944722222 39.707777777),4.901,39.707777777778,-104.94472222222,1,http://www.wikidata.org/entity/Q22698,City of Brest Park,park
http://www.wikidata.org/entity/Q49478271,,,Point(-104.946944444 39.766388888),4.43,39.766388888889,-104.94694444444,1,http://www.wikidata.org/entity/Q22698,City of Nairobi Park,park
http://www.wikidata.org/entity/Q49478269,,,Point(-104.9025 39.686666666),9.154,39.686666666667,-104.9025,1,http://www.wikidata.org/entity/Q22698,City of Madras Park,park
http://www.wikidata.org/entity/Q49478272,,,Point(-104.923888888 39.696111111),7.084,39.696111111111,-104.92388888889,1,http://www.wikidata.org/entity/Q22698,City of Potenza Park,park
http://www.wikidata.org/entity/Q49478305,,,Point(-104.988888888 39.739166666),0.344,39.739166666667,-104.98888888889,1,http://www.wikidata.org/entity/Q15243209,Civic Center Historic District,historic district
http://www.wikidata.org/entity/Q49478516,,,Point(-104.935277777 39.763055555),4.998,39.763055555556,-104.93527777778,1,http://www.wikidata.org/entity/Q22698,Clayton Park,park
http://www.wikidata.org/entity/Q49478679,,,Point(-105.097777777 39.8325),14.164,39.8325,-105.09777777778,1,http://www.wikidata.org/entity/Q22698,Club Crest Park,park
http://www.wikidata.org/entity/Q49478677,,,Point(-105.099166666 39.835277777),14.471,39.835277777778,-105.09916666667,1,http://www.wikidata.org/entity/Q22698,Club Crest North Park,park
http://www.wikidata.org/entity/Q49478750,,,Point(-105.021388888 39.845277777),12.197,39.845277777778,-105.02138888889,1,http://www.wikidata.org/entity/Q22698,Cobblestone Park,park
http://www.wikidata.org/entity/Q49478957,,,Point(-104.962777777 39.7625),3.202,39.7625,-104.96277777778,1,http://www.wikidata.org/entity/Q15243209,Cole Neighborhood Historic District,historic district
http://www.wikidata.org/entity/Q49479322,,,Point(-104.944166666 39.859166666),13.781,39.859166666667,-104.94416666667,1,http://www.wikidata.org/entity/Q22698,Columbia Park,park
http://www.wikidata.org/entity/Q49479372,,,Point(-105.070833333 39.792222222),9.418,39.792222222222,-105.07083333333,1,http://www.wikidata.org/entity/Q22698,Columbine Park,park
http://www.wikidata.org/entity/Q49479390,,,Point(-105.005 39.769722222),3.802,39.769722222222,-105.005,1,http://www.wikidata.org/entity/Q22698,Columbus Park,park
http://www.wikidata.org/entity/Q49479560,,,Point(-104.957777777 39.868333333),14.539,39.868333333333,-104.95777777778,1,http://www.wikidata.org/entity/Q22698,Community Park,park
http://www.wikidata.org/entity/Q49479775,,,Point(-104.956388888 39.73),2.642,39.73,-104.95638888889,1,http://www.wikidata.org/entity/Q22698,Congress Park,park
http://www.wikidata.org/entity/Q49479966,,,Point(-104.911111111 39.687777777),8.516,39.687777777778,-104.91111111111,1,http://www.wikidata.org/entity/Q22698,Cook Park,park
http://www.wikidata.org/entity/Q49480401,,,Point(-104.825277777 39.754166666),13.744,39.754166666667,-104.82527777778,1,http://www.wikidata.org/entity/Q22698,Cottonwood Park,park
http://www.wikidata.org/entity/Q49480406,,,Point(-105.117222222 39.680277777),13.083,39.680277777778,-105.11722222222,1,http://www.wikidata.org/entity/Q22698,Cottonwood Park,park
http://www.wikidata.org/entity/Q49480497,,,Point(-104.966944444 39.716388888),2.967,39.716388888889,-104.96694444444,1,http://www.wikidata.org/entity/Q15243209,Country Club Historic District,historic district
http://www.wikidata.org/entity/Q49480980,,,Point(-104.916388888 39.714722222),6.459,39.714722222222,-104.91638888889,1,http://www.wikidata.org/entity/Q22698,Crestmoor Park,park
http://www.wikidata.org/entity/Q49481448,,,Point(-104.976111111 39.760833333),2.515,39.760833333333,-104.97611111111,1,http://www.wikidata.org/entity/Q22698,Curtis Park,park
http://www.wikidata.org/entity/Q49481453,,,Point(-104.979444444 39.757777777),2.113,39.757777777778,-104.97944444444,1,http://www.wikidata.org/entity/Q15243209,Curtis-Champa Streets Historic District,historic district
http://www.wikidata.org/entity/Q49481464,,,Point(-104.996388888 39.659722222),8.896,39.659722222222,-104.99638888889,1,http://www.wikidata.org/entity/Q22698,Cushing Park,park
http://www.wikidata.org/entity/Q49481596,,,Point(-105.070277777 39.785833333),8.952,39.785833333333,-105.07027777778,1,http://www.wikidata.org/entity/Q22698,D A V Park,park
http://www.wikidata.org/entity/Q49481658,,,Point(-104.933055555 39.641666666),11.719,39.641666666667,-104.93305555556,1,http://www.wikidata.org/entity/Q22698,Dahlia Hollow Park,park
http://www.wikidata.org/entity/Q49481669,,,Point(-104.992777777 39.716388888),2.629,39.716388888889,-104.99277777778,1,http://www.wikidata.org/entity/Q22698,Dailey Park,park
http://www.wikidata.org/entity/Q49481869,,,Point(-104.995555555 39.748055555),1.341,39.748055555556,-104.99555555556,1,http://www.wikidata.org/entity/Q22698,Daniels and Fisher Tower,park
http://www.wikidata.org/entity/Q49482054,,,Point(-104.960833333 39.660833333),8.957,39.660833333333,-104.96083333333,1,http://www.wikidata.org/entity/Q22698,David W. Brown House,park
http://www.wikidata.org/entity/Q49482220,,,Point(-104.961388888 39.670833333),7.866,39.670833333333,-104.96138888889,1,http://www.wikidata.org/entity/Q22698,De Boer Park,park
http://www.wikidata.org/entity/Q49482552,,,Point(-104.8475 39.724722222),11.856,39.724722222222,-104.8475,1,http://www.wikidata.org/entity/Q22698,Del Mar Park,park
http://www.wikidata.org/entity/Q49482751,,,Point(-104.904166666 39.733611111),6.928,39.733611111111,-104.90416666667,1,http://www.wikidata.org/entity/Q22698,Denison Park,park
http://www.wikidata.org/entity/Q49484298,,,Point(-105.044722222 39.734444444),5.146,39.734444444444,-105.04472222222,1,http://www.wikidata.org/entity/Q22698,Dry Gulch Park,park
http://www.wikidata.org/entity/Q49484520,,,Point(-104.954722222 39.778333333),5.053,39.778333333333,-104.95472222222,1,http://www.wikidata.org/entity/Q22698,Dunham Park,park
http://www.wikidata.org/entity/Q49485429,,,Point(-104.908888888 39.639722222),12.833,39.639722222222,-104.90888888889,1,http://www.wikidata.org/entity/Q22698,Eastmoor Park,park
http://www.wikidata.org/entity/Q49485442,,,Point(-104.852222222 39.673888888),13.473,39.673888888889,-104.85222222222,1,http://www.wikidata.org/entity/Q22698,Eastridge Park,park
http://www.wikidata.org/entity/Q49486692,,,Point(-104.841388888 39.7925),13.618,39.7925,-104.84138888889,1,http://www.wikidata.org/entity/Q22698,Elmendorf Park,park
http://www.wikidata.org/entity/Q49486779,,,Point(-104.981666666 39.628611111),12.303,39.628611111111,-104.98166666667,1,http://www.wikidata.org/entity/Q22698,Elsie Duncan Park,park
http://www.wikidata.org/entity/Q49486832,,,Point(-104.964166666 39.784444444),5.329,39.784444444444,-104.96416666667,1,http://www.wikidata.org/entity/Q22698,Elyria Park,park
http://www.wikidata.org/entity/Q49487140,,,Point(-105.039166666 39.825277777),10.633,39.825277777778,-105.03916666667,1,http://www.wikidata.org/entity/Q22698,England Park,park
http://www.wikidata.org/entity/Q49487149,,,Point(-104.995558 39.6606861),8.782,39.6606861,-104.995558,1,http://www.wikidata.org/entity/Q1339195,Englewood Depot,station building
http://www.wikidata.org/entity/Q49487209,,,Point(-104.982222222 39.749722222),1.188,39.749722222222,-104.98222222222,1,http://www.wikidata.org/entity/Q15243209,Enterprise Hill Historic District,historic district
http://www.wikidata.org/entity/Q49487835,,,Point(-104.860555555 39.709166666),11.144,39.709166666667,-104.86055555556,1,http://www.wikidata.org/entity/Q22698,Expo Park,park
http://www.wikidata.org/entity/Q49487953,,,Point(-104.928333333 39.819722222),10.17,39.819722222222,-104.92833333333,1,http://www.wikidata.org/entity/Q22698,Fairfax Park,park
http://www.wikidata.org/entity/Q49488081,,,Point(-104.815277777 39.751388888),14.561,39.751388888889,-104.81527777778,1,http://www.wikidata.org/entity/Q22698,Fairplay Park,park
http://www.wikidata.org/entity/Q49488179,,,Point(-104.828611111 39.793055555),14.634,39.793055555556,-104.82861111111,1,http://www.wikidata.org/entity/Q22698,Falcon Park,park
http://www.wikidata.org/entity/Q49488329,,,Point(-105.061666666 39.847777777),13.737,39.847777777778,-105.06166666667,1,http://www.wikidata.org/entity/Q22698,Far Horizon Park,park
http://www.wikidata.org/entity/Q49488628,,,Point(-105.060277777 39.83),11.974,39.83,-105.06027777778,1,http://www.wikidata.org/entity/Q22698,Faversham Park,park
http://www.wikidata.org/entity/Q49489148,,,Point(-105.039722222 39.828611111),10.988,39.828611111111,-105.03972222222,1,http://www.wikidata.org/entity/Q22698,Fireman Park,park
http://www.wikidata.org/entity/Q49489682,,,Point(-105.103888888 39.811666666),12.974,39.811666666667,-105.10388888889,1,http://www.wikidata.org/entity/Q22698,Fitzmorris Park,park
http://www.wikidata.org/entity/Q49490177,,,Point(-105.146111111 39.705277777),14.298,39.705277777778,-105.14611111111,1,http://www.wikidata.org/entity/Q22698,Foothills Park,park
http://www.wikidata.org/entity/Q49490890,,,Point(-105.076666666 39.792222222),9.812,39.792222222222,-105.07666666667,1,http://www.wikidata.org/entity/Q22698,Foster Park,park
http://www.wikidata.org/entity/Q49491013,,,Point(-104.929168126 39.70423556),6.151,39.703055555556,-104.92722222222,1,http://www.wikidata.org/entity/Q22698,Four Mile Historic Park,park
http://www.wikidata.org/entity/Q49491013,,,Point(-104.929168126 39.70423556),6.151,39.704235560894,-104.92916812699,1,http://www.wikidata.org/entity/Q22698,Four Mile Historic Park,park
http://www.wikidata.org/entity/Q49491013,,,Point(-104.927222222 39.703055555),6.363,39.703055555556,-104.92722222222,1,http://www.wikidata.org/entity/Q22698,Four Mile Historic Park,park
http://www.wikidata.org/entity/Q49491013,,,Point(-104.927222222 39.703055555),6.363,39.704235560894,-104.92916812699,1,http://www.wikidata.org/entity/Q22698,Four Mile Historic Park,park
http://www.wikidata.org/entity/Q49491013,,,Point(-104.929168126 39.70423556),6.151,39.703055555556,-104.92722222222,1,http://www.wikidata.org/entity/Q33506,Four Mile Historic Park,museum
http://www.wikidata.org/entity/Q49491013,,,Point(-104.929168126 39.70423556),6.151,39.704235560894,-104.92916812699,1,http://www.wikidata.org/entity/Q33506,Four Mile Historic Park,museum
http://www.wikidata.org/entity/Q49491013,,,Point(-104.927222222 39.703055555),6.363,39.703055555556,-104.92722222222,1,http://www.wikidata.org/entity/Q33506,Four Mile Historic Park,museum
http://www.wikidata.org/entity/Q49491013,,,Point(-104.927222222 39.703055555),6.363,39.704235560894,-104.92916812699,1,http://www.wikidata.org/entity/Q33506,Four Mile Historic Park,museum
http://www.wikidata.org/entity/Q49491701,,,Point(-104.901944444 39.752777777),7.247,39.752777777778,-104.90194444444,1,http://www.wikidata.org/entity/Q22698,Fred Thomas Park,park
http://www.wikidata.org/entity/Q49491791,,,Point(-104.828888888 39.736388888),13.34,39.736388888889,-104.82888888889,1,http://www.wikidata.org/entity/Q22698,Freedom Park,park
http://www.wikidata.org/entity/Q49492210,,,Point(-105.015277777 39.727777777),2.896,39.727777777778,-105.01527777778,1,http://www.wikidata.org/entity/Q22698,Frog Hollow Park,park
http://www.wikidata.org/entity/Q49492301,,,Point(-105.113611111 39.781944444),11.986,39.781944444444,-105.11361111111,1,http://www.wikidata.org/entity/Q22698,Fruitdale Park,park
http://www.wikidata.org/entity/Q49492372,,,Point(-104.968055555 39.7575),2.488,39.7575,-104.96805555556,1,http://www.wikidata.org/entity/Q22698,Fuller Park,park
http://www.wikidata.org/entity/Q49492433,,,Point(-104.872777777 39.727777777),9.668,39.727777777778,-104.87277777778,1,http://www.wikidata.org/entity/Q22698,Fulton Park,park
http://www.wikidata.org/entity/Q49492701,,,Point(-105.003055555 39.605555555),14.945,39.605555555556,-105.00305555556,1,http://www.wikidata.org/entity/Q22698,Gallup Park,park
http://www.wikidata.org/entity/Q49492870,,,Point(-105.035833333 39.694166666),6.642,39.694166666667,-105.03583333333,1,http://www.wikidata.org/entity/Q22698,Garfield Lake Park,park
http://www.wikidata.org/entity/Q49492925,,,Point(-104.918333333 39.695277777),7.501,39.695277777778,-104.91833333333,1,http://www.wikidata.org/entity/Q22698,Garland Park,park
http://www.wikidata.org/entity/Q49493000,,,Point(-105.130833333 39.733055555),12.5,39.733055555556,-105.13083333333,1,http://www.wikidata.org/entity/Q22698,Gary McDonnell Park,park
http://www.wikidata.org/entity/Q49493042,,,Point(-105.015555555 39.750277777),2.897,39.750277777778,-105.01555555556,1,http://www.wikidata.org/entity/Q22698,Gates Crescent Park,park
http://www.wikidata.org/entity/Q49493260,,,Point(-104.846111111 39.741111111),11.865,39.741111111111,-104.84611111111,1,http://www.wikidata.org/entity/Q22698,Generals Park,park
http://www.wikidata.org/entity/Q49493287,,,Point(-105.014166666 39.618888888),13.614,39.618888888889,-105.01416666667,1,http://www.wikidata.org/entity/Q22698,Geneva Park,park
http://www.wikidata.org/entity/Q49494075,,,Point(-104.98 39.751666666),1.443,39.751666666667,-104.98,1,http://www.wikidata.org/entity/Q22698,Glenarm Place Historic Residential District,park
http://www.wikidata.org/entity/Q49494175,,,Point(-105.110833333 39.705833333),11.395,39.705833333333,-105.11083333333,1,http://www.wikidata.org/entity/Q22698,Glennon Dale Park,park
http://www.wikidata.org/entity/Q49494176,,,Point(-105.118333333 39.707222222),11.957,39.707222222222,-105.11833333333,1,http://www.wikidata.org/entity/Q22698,Glennon Heights Park,park
http://www.wikidata.org/entity/Q49494243,,,Point(-104.976944444 39.7775),4.308,39.7775,-104.97694444444,1,http://www.wikidata.org/entity/Q22698,Globeville Landing Park,park
http://www.wikidata.org/entity/Q49494323,,,Point(-105.0125 39.688888888),6.077,39.688888888889,-105.0125,1,http://www.wikidata.org/entity/Q22698,Godsman Park,park
http://www.wikidata.org/entity/Q49494411,,,Point(-104.886944444 39.663333333),11.891,39.663333333333,-104.88694444444,1,http://www.wikidata.org/entity/Q22698,Golden Key Park,park
http://www.wikidata.org/entity/Q49494798,,,Point(-104.8623783 39.8218401),13.925,39.8218401,-104.8623783,1,http://www.wikidata.org/entity/Q3947,Gottlieb and Rose Egli House,house
http://www.wikidata.org/entity/Q49494878,,,Point(-104.981666666 39.728055555),1.273,39.728055555556,-104.98166666667,1,http://www.wikidata.org/entity/Q22698,Governors Park,park
http://www.wikidata.org/entity/Q49495258,,,Point(-104.980555555 39.728333333),1.267,39.728333333333,-104.98055555556,1,http://www.wikidata.org/entity/Q22698,Grant - Humphreys Mansion,park
http://www.wikidata.org/entity/Q49495737,,,Point(-105.099166666 39.690277777),11.19,39.690277777778,-105.09916666667,1,http://www.wikidata.org/entity/Q22698,Green Gables Park,park
http://www.wikidata.org/entity/Q49495783,,,Point(-105.129722222 39.688333333),13.622,39.688333333333,-105.12972222222,1,http://www.wikidata.org/entity/Q22698,Green Mountain Park,park
http://www.wikidata.org/entity/Q49495786,,,Point(-105.13 39.6975),13.252,39.6975,-105.13,1,http://www.wikidata.org/entity/Q22698,Green Mountain Village Park,park
http://www.wikidata.org/entity/Q49496975,,,Point(-104.998611111 39.705833333),3.896,39.705833333333,-104.99861111111,1,http://www.wikidata.org/entity/Q22698,Habitat Park,park
http://www.wikidata.org/entity/Q49496999,,,Point(-105.0775 39.834166666),13.193,39.834166666667,-105.0775,1,http://www.wikidata.org/entity/Q22698,Hackberry Park,park
http://www.wikidata.org/entity/Q49497253,,,Point(-105.030833333 39.746944444),4.023,39.746944444444,-105.03083333333,1,http://www.wikidata.org/entity/Q22698,Hallack Park,park
http://www.wikidata.org/entity/Q49497474,,,Point(-104.877777777 39.657777777),12.883,39.657777777778,-104.87777777778,1,http://www.wikidata.org/entity/Q22698,Hampden Heights Park,park
http://www.wikidata.org/entity/Q49498019,,,Point(-105.035555555 39.623611111),13.568,39.623611111111,-105.03555555556,1,http://www.wikidata.org/entity/Q22698,Harlow Park,park
http://www.wikidata.org/entity/Q49498196,,,Point(-105.12 39.8),13.38,39.8,-105.12,1,http://www.wikidata.org/entity/Q22698,Harold D Lutz Sports Complex,park
http://www.wikidata.org/entity/Q49498579,,,Point(-104.979722222 39.672777777),7.403,39.672777777778,-104.97972222222,1,http://www.wikidata.org/entity/Q22698,Harvard Gulch Park,park
http://www.wikidata.org/entity/Q49498623,,,Point(-105.042777777 39.678888888),8.341,39.678888888889,-105.04277777778,1,http://www.wikidata.org/entity/Q22698,Harvey Park,park
http://www.wikidata.org/entity/Q49498790,,,Point(-104.865277777 39.658333333),13.623,39.658333333333,-104.86527777778,1,http://www.wikidata.org/entity/Q22698,Havana And Cornell Park,park
http://www.wikidata.org/entity/Q49498794,,,Point(-104.860833333 39.676944444),12.67,39.676944444444,-104.86083333333,1,http://www.wikidata.org/entity/Q22698,Havana Heights Park,park
http://www.wikidata.org/entity/Q49498796,,,Point(-104.863888888 39.731944444),10.376,39.731944444444,-104.86388888889,1,http://www.wikidata.org/entity/Q22698,Havana Park,park
http://www.wikidata.org/entity/Q49501025,,,Point(-105.026388888 39.763055555),4.429,39.763055555556,-105.02638888889,1,http://www.wikidata.org/entity/Q22698,Highland Park,park
http://www.wikidata.org/entity/Q49501182,,,Point(-105.018055555 39.760833333),3.717,39.760833333333,-105.01805555556,1,http://www.wikidata.org/entity/Q22698,Highland Park Historical District,park
http://www.wikidata.org/entity/Q49501284,,,Point(-104.845 39.717222222),12.208,39.717222222222,-104.845,1,http://www.wikidata.org/entity/Q22698,Highline Park,park
http://www.wikidata.org/entity/Q49501697,,,Point(-105.063333333 39.831111111),12.219,39.831111111111,-105.06333333333,1,http://www.wikidata.org/entity/Q22698,Hillside Park,park
http://www.wikidata.org/entity/Q49501845,,,Point(-105.010833333 39.760555555),3.248,39.760555555556,-105.01083333333,1,http://www.wikidata.org/entity/Q22698,Hirshorn Park,park
http://www.wikidata.org/entity/Q49502088,,,Point(-104.841944444 39.727777777),12.287,39.727777777778,-104.84194444444,1,http://www.wikidata.org/entity/Q22698,Hoffman Park,park
http://www.wikidata.org/entity/Q49502181,,,Point(-105.097222222 39.728611111),9.68,39.728611111111,-105.09722222222,1,http://www.wikidata.org/entity/Q22698,Holbrook Park,park
http://www.wikidata.org/entity/Q49502676,,,Point(-105.059166666 39.81),10.111,39.81,-105.05916666667,1,http://www.wikidata.org/entity/Q22698,Homestead Park,park
http://www.wikidata.org/entity/Q49502955,,,Point(-104.936944444 39.638333333),11.945,39.638333333333,-104.93694444444,1,http://www.wikidata.org/entity/Q22698,Hopkins Farm,park
http://www.wikidata.org/entity/Q49503178,,,Point(-104.976388888 39.61),14.388,39.61,-104.97638888889,1,http://www.wikidata.org/entity/Q22698,Horsemans Park,park
http://www.wikidata.org/entity/Q49503287,,,Point(-105.096388888 39.803611111),11.92,39.803611111111,-105.09638888889,1,http://www.wikidata.org/entity/Q22698,Hoskinson Park,park
http://www.wikidata.org/entity/Q49504007,,,Point(-104.976666666 39.718611111),2.398,39.718611111111,-104.97666666667,1,http://www.wikidata.org/entity/Q22698,Hungarian Freedom Park,park
http://www.wikidata.org/entity/Q49504343,,,Point(-105.130555555 39.676388888),14.288,39.676388888889,-105.13055555556,1,http://www.wikidata.org/entity/Q22698,Hutchinson Park,park
http://www.wikidata.org/entity/Q49504341,,,Point(-104.903888888 39.658333333),11.354,39.658333333333,-104.90388888889,1,http://www.wikidata.org/entity/Q22698,Hutchinson Park,park
http://www.wikidata.org/entity/Q49504666,,,Point(-105.105555555 39.819166666),13.614,39.819166666667,-105.10555555556,1,http://www.wikidata.org/entity/Q22698,Independence Park,park
http://www.wikidata.org/entity/Q49505901,,,Point(-104.855 39.656388888),14.432,39.656388888889,-104.855,1,http://www.wikidata.org/entity/Q22698,J F Kennedy Park,park
http://www.wikidata.org/entity/Q49506497,,,Point(-105.038888888 39.624444444),13.575,39.624444444444,-105.03888888889,1,http://www.wikidata.org/entity/Q22698,James A Taylor Park,park
http://www.wikidata.org/entity/Q49506605,,,Point(-105.0925 39.737222222),9.206,39.737222222222,-105.0925,1,http://www.wikidata.org/entity/Q22698,James J Richey Park,park
http://www.wikidata.org/entity/Q49506861,,,Point(-105.000277777 39.639722222),11.143,39.639722222222,-105.00027777778,1,http://www.wikidata.org/entity/Q22698,Jason Park,park
http://www.wikidata.org/entity/Q49507215,,,Point(-105.098611111 39.656388888),13.4,39.656388888889,-105.09861111111,1,http://www.wikidata.org/entity/Q22698,Jefferson Green Park,park
http://www.wikidata.org/entity/Q49507253,,,Point(-105.022222222 39.750277777),3.422,39.750277777778,-105.02222222222,1,http://www.wikidata.org/entity/Q22698,Jefferson Park,park
http://www.wikidata.org/entity/Q49507681,,,Point(-105.098333333 39.683333333),11.526,39.683333333333,-105.09833333333,1,http://www.wikidata.org/entity/Q22698,Jewell Park,park
http://www.wikidata.org/entity/Q49508556,,,Point(-105.083611111 39.783888888),9.792,39.783888888889,-105.08361111111,1,http://www.wikidata.org/entity/Q22698,Johnson Park,park
http://www.wikidata.org/entity/Q49510021,,,Point(-105.107222222 39.682777777),12.204,39.682777777778,-105.10722222222,1,http://www.wikidata.org/entity/Q22698,Kendrick Lake Park,park
http://www.wikidata.org/entity/Q49510087,,,Point(-105.047777777 39.832222222),11.653,39.832222222222,-105.04777777778,1,http://www.wikidata.org/entity/Q22698,Kennedy Park,park
http://www.wikidata.org/entity/Q49510435,,,Point(-104.999444444 39.608611111),14.578,39.608611111111,-104.99944444444,1,http://www.wikidata.org/entity/Q22698,Ketring Park,park
http://www.wikidata.org/entity/Q49511336,,,Point(-104.907777777 39.73),6.671,39.73,-104.90777777778,1,http://www.wikidata.org/entity/Q22698,Kittredge Park,park
http://www.wikidata.org/entity/Q49512690,,,Point(-105.094166666 39.816111111),12.661,39.816111111111,-105.09416666667,1,http://www.wikidata.org/entity/Q22698,Ladybug Park,park
http://www.wikidata.org/entity/Q49512708,,,Point(-104.970833333 39.748888888),1.609,39.748888888889,-104.97083333333,1,http://www.wikidata.org/entity/Q15243209,Lafayette Historic District,historic district
http://www.wikidata.org/entity/Q49512990,,,Point(-105.068611111 39.845277777),13.792,39.845277777778,-105.06861111111,1,http://www.wikidata.org/entity/Q22698,Lake Arbor Park,park
http://www.wikidata.org/entity/Q49513489,,,Point(-105.09 39.637222222),14.477,39.637222222222,-105.09,1,http://www.wikidata.org/entity/Q22698,Lake of Lakes Park,park
http://www.wikidata.org/entity/Q49513682,,,Point(-105.055833333 39.777777777),7.427,39.777777777778,-105.05583333333,1,http://www.wikidata.org/entity/Q22698,Lake Side Amusement Park,park
http://www.wikidata.org/entity/Q49514180,,,Point(-105.107222222 39.713888888),10.837,39.713888888889,-105.10722222222,1,http://www.wikidata.org/entity/Q22698,Lakewood Park,park
http://www.wikidata.org/entity/Q49514215,,,Point(-105.0875 39.657222222),12.659,39.657222222222,-105.0875,1,http://www.wikidata.org/entity/Q22698,Lakewood Sister City Park,park
http://www.wikidata.org/entity/Q49514871,,,Point(-105.068888888 39.69),9.035,39.69,-105.06888888889,1,http://www.wikidata.org/entity/Q22698,Lasley Park,park
http://www.wikidata.org/entity/Q49515232,,,Point(-104.982777777 39.751666666),1.394,39.751666666667,-104.98277777778,1,http://www.wikidata.org/entity/Q22698,Lawson Park,park
http://www.wikidata.org/entity/Q49516164,,,Point(-105.070555555 39.823055555),11.852,39.823055555556,-105.07055555556,1,http://www.wikidata.org/entity/Q22698,Lew Walsh Park,park
http://www.wikidata.org/entity/Q49516280,,,Point(-105.131666666 39.764444444),12.859,39.764444444444,-105.13166666667,1,http://www.wikidata.org/entity/Q22698,Lewis Meadows Park,park
http://www.wikidata.org/entity/Q49516310,,,Point(-105.057222222 39.798333333),9.023,39.798333333333,-105.05722222222,1,http://www.wikidata.org/entity/Q22698,Lewis Ralston Gold Site Park,park
http://www.wikidata.org/entity/Q49516711,,,Point(-104.961666666 39.859444444),13.512,39.859444444444,-104.96166666667,1,http://www.wikidata.org/entity/Q22698,Lily Park,park
http://www.wikidata.org/entity/Q49516927,,,Point(-105.004166666 39.735277777),1.708,39.735277777778,-105.00416666667,1,http://www.wikidata.org/entity/Q22698,Lincoln Park,park
http://www.wikidata.org/entity/Q49517368,,,Point(-104.932777777 39.734166666),4.489,39.734166666667,-104.93277777778,1,http://www.wikidata.org/entity/Q22698,Lindsley Park,park
http://www.wikidata.org/entity/Q49518018,,,Point(-105.011111111 39.811944444),8.39,39.811944444444,-105.01111111111,1,http://www.wikidata.org/entity/Q22698,Little Dry Creek Lake Park,park
http://www.wikidata.org/entity/Q49518021,,,Point(-105.070833333 39.838888888),13.294,39.838888888889,-105.07083333333,1,http://www.wikidata.org/entity/Q22698,Little Dry Creek Park,park
http://www.wikidata.org/entity/Q49518489,,,Point(-105.126388888 39.694722222),13.077,39.694722222222,-105.12638888889,1,http://www.wikidata.org/entity/Q22698,Lochwood Park,park
http://www.wikidata.org/entity/Q49519298,,,Point(-105.033055555 39.663888888),9.337,39.663888888889,-105.03305555556,1,http://www.wikidata.org/entity/Q22698,Loretto Heights Park,park
http://www.wikidata.org/entity/Q49519429,,,Point(-104.909166666 39.829444444),11.935,39.829444444444,-104.90916666667,1,http://www.wikidata.org/entity/Q22698,Los Valientes Park,park
http://www.wikidata.org/entity/Q49519609,,,Point(-105.120833333 39.768888888),12.082,39.768888888889,-105.12083333333,1,http://www.wikidata.org/entity/Q22698,Louise Turner Park,park
http://www.wikidata.org/entity/Q49519814,,,Point(-105.033611111 39.7975),7.702,39.7975,-105.03361111111,1,http://www.wikidata.org/entity/Q22698,Lowell Street Park,park
http://www.wikidata.org/entity/Q49519849,,,Point(-104.9975 39.7525),1.828,39.7525,-104.9975,1,http://www.wikidata.org/entity/Q15243209,Lower Downtown Historic District,historic district
http://www.wikidata.org/entity/Q49520717,,,Point(-104.940277777 39.653888888),10.228,39.653888888889,-104.94027777778,1,http://www.wikidata.org/entity/Q22698,Magna Carta Park,park
http://www.wikidata.org/entity/Q49520954,,,Point(-105.0975 39.825277777),13.57,39.825277777778,-105.0975,1,http://www.wikidata.org/entity/Q22698,Majestic View Park,park
http://www.wikidata.org/entity/Q49521119,,,Point(-104.936388888 39.659444444),9.793,39.659444444444,-104.93638888889,1,http://www.wikidata.org/entity/Q22698,Mamie D Eisenhower Park,park
http://www.wikidata.org/entity/Q49522229,,,Point(-104.908333333 39.770277777),7.396,39.770277777778,-104.90833333333,1,http://www.wikidata.org/entity/Q22698,Martin Luther King Park,park
http://www.wikidata.org/entity/Q49522312,,,Point(-105.041666666 39.720833333),5.271,39.720833333333,-105.04166666667,1,http://www.wikidata.org/entity/Q22698,Martinez Park,park
http://www.wikidata.org/entity/Q49523517,,,Point(-105.025833333 39.773611111),5.184,39.773611111111,-105.02583333333,1,http://www.wikidata.org/entity/Q22698,McDonough Park,park
http://www.wikidata.org/entity/Q49523669,,,Point(-105.077777777 39.800833333),10.486,39.800833333333,-105.07777777778,1,http://www.wikidata.org/entity/Q22698,McIlvoy Park,park
http://www.wikidata.org/entity/Q49523978,,,Point(-104.873888888 39.719722222),9.735,39.719722222222,-104.87388888889,1,http://www.wikidata.org/entity/Q22698,McMullen Park,park
http://www.wikidata.org/entity/Q49524023,,,Point(-104.899444444 39.744722222),7.328,39.744722222222,-104.89944444444,1,http://www.wikidata.org/entity/Q22698,McNichols Park,park
http://www.wikidata.org/entity/Q49524090,,,Point(-104.952777777 39.668055555),8.377,39.668055555556,-104.95277777778,1,http://www.wikidata.org/entity/Q22698,McWilliams Park,park
http://www.wikidata.org/entity/Q49524547,,,Point(-104.840277777 39.785833333),13.4,39.785833333333,-104.84027777778,1,http://www.wikidata.org/entity/Q22698,Mel Silverman Park,park
http://www.wikidata.org/entity/Q49524778,,,Point(-105.085277777 39.804444444),11.234,39.804444444444,-105.08527777778,1,http://www.wikidata.org/entity/Q22698,Memorial Park,park
http://www.wikidata.org/entity/Q49525721,,,Point(-105.014166666 39.845277777),12.054,39.845277777778,-105.01416666667,1,http://www.wikidata.org/entity/Q22698,Metz Park,park
http://www.wikidata.org/entity/Q49526556,,,Point(-104.992777777 39.651388888),9.791,39.651388888889,-104.99277777778,1,http://www.wikidata.org/entity/Q22698,Miller Field,park
http://www.wikidata.org/entity/Q49527519,,,Point(-104.9125 39.800277777),9.182,39.800277777778,-104.9125,1,http://www.wikidata.org/entity/Q22698,Monaco Park,park
http://www.wikidata.org/entity/Q49527746,,,Point(-104.827777777 39.783888888),14.315,39.783888888889,-104.82777777778,1,http://www.wikidata.org/entity/Q22698,Montbello State Central Park,park
http://www.wikidata.org/entity/Q49527744,,,Point(-104.839722222 39.780833333),13.24,39.780833333333,-104.83972222222,1,http://www.wikidata.org/entity/Q22698,Montbello Civic Center Park,park
http://www.wikidata.org/entity/Q49527749,,,Point(-104.908888888 39.735277777),6.511,39.735277777778,-104.90888888889,1,http://www.wikidata.org/entity/Q22698,Montclair Park,park
http://www.wikidata.org/entity/Q49527923,,,Point(-104.879444444 39.746666666),9.051,39.746666666667,-104.87944444444,1,http://www.wikidata.org/entity/Q22698,Montview Park,park
http://www.wikidata.org/entity/Q49528160,,,Point(-104.865277777 39.751944444),10.321,39.751944444444,-104.86527777778,1,http://www.wikidata.org/entity/Q22698,Moorhead Park,park
http://www.wikidata.org/entity/Q49528550,,,Point(-104.967777777 39.761666666),2.89,39.761666666667,-104.96777777778,1,http://www.wikidata.org/entity/Q22698,Morrison Park,park
http://www.wikidata.org/entity/Q49529383,,,Point(-105.058611111 39.738055555),6.307,39.738055555556,-105.05861111111,1,http://www.wikidata.org/entity/Q22698,Mountair Park,park
http://www.wikidata.org/entity/Q49529675,,,Point(-105.026111111 39.835277777),11.245,39.835277777778,-105.02611111111,1,http://www.wikidata.org/entity/Q22698,Municipal Court Park,park
http://www.wikidata.org/entity/Q49531745,,,Point(-105.003888888 39.741666666),1.649,39.741666666667,-105.00388888889,1,http://www.wikidata.org/entity/Q22698,Ninth Street Historic Park,park
http://www.wikidata.org/entity/Q49531928,,,Point(-104.850277777 39.735277777),11.516,39.735277777778,-104.85027777778,1,http://www.wikidata.org/entity/Q22698,Nome Park,park
http://www.wikidata.org/entity/Q49533398,,,Point(-104.991111111 39.855277777),12.914,39.855277777778,-104.99111111111,1,http://www.wikidata.org/entity/Q22698,Northstar Park,park
http://www.wikidata.org/entity/Q49533820,,,Point(-105.072777777 39.719444444),7.833,39.719444444444,-105.07277777778,1,http://www.wikidata.org/entity/Q22698,O'Kane Park,park
http://www.wikidata.org/entity/Q49534482,,,Point(-105.043333333 39.846388888),12.919,39.846388888889,-105.04333333333,1,http://www.wikidata.org/entity/Q22698,Oakwood Park,park
http://www.wikidata.org/entity/Q49534601,,,Point(-104.953055555 39.6775),7.384,39.6775,-104.95305555556,1,http://www.wikidata.org/entity/Q22698,Observatory Park,park
http://www.wikidata.org/entity/Q49536294,,,Point(-105.0375 39.758333333),4.976,39.758333333333,-105.0375,1,http://www.wikidata.org/entity/Q22698,Osceola And 29th Park,park
http://www.wikidata.org/entity/Q49536600,,,Point(-104.996111111 39.690277777),5.528,39.690277777778,-104.99611111111,1,http://www.wikidata.org/entity/Q22698,Overland Lake Park,park
http://www.wikidata.org/entity/Q49536931,,,Point(-104.966666666 39.656666666),9.312,39.656666666667,-104.96666666667,1,http://www.wikidata.org/entity/Q22698,Packy Romans Park,park
http://www.wikidata.org/entity/Q49537415,,,Point(-105.059166666 39.764722222),6.955,39.764722222222,-105.05916666667,1,http://www.wikidata.org/entity/Q22698,Panorama Park,park
http://www.wikidata.org/entity/Q49537579,,,Point(-105.110833333 39.7575),10.959,39.7575,-105.11083333333,1,http://www.wikidata.org/entity/Q22698,Paramount Park,park
http://www.wikidata.org/entity/Q49539331,,,Point(-104.8375 39.760277777),12.813,39.760277777778,-104.8375,1,http://www.wikidata.org/entity/Q22698,Park Lane Park,park
http://www.wikidata.org/entity/Q49540845,,,Point(-105.007222222 39.780833333),5.004,39.780833333333,-105.00722222222,1,http://www.wikidata.org/entity/Q22698,Pecos And 46th Park,park
http://www.wikidata.org/entity/Q49540856,,,Point(-105.003888888 39.870277777),14.661,39.870277777778,-105.00388888889,1,http://www.wikidata.org/entity/Q22698,Pecos Park,park
http://www.wikidata.org/entity/Q49541281,,,Point(-104.843333333 39.691111111),13.235,39.691111111111,-104.84333333333,1,http://www.wikidata.org/entity/Q22698,Peoria Hills Park,park
http://www.wikidata.org/entity/Q49541792,,,Point(-105.146388888 39.701388888),14.441,39.701388888889,-105.14638888889,1,http://www.wikidata.org/entity/Q22698,Peterson Park,park
http://www.wikidata.org/entity/Q49541952,,,Point(-105.049722222 39.763611111),6.172,39.763611111111,-105.04972222222,1,http://www.wikidata.org/entity/Q22698,Pferdsteller Park,park
http://www.wikidata.org/entity/Q49542935,,,Point(-105.055833333 39.646666666),11.95,39.646666666667,-105.05583333333,1,http://www.wikidata.org/entity/Q22698,Pinecrest Park,park
http://www.wikidata.org/entity/Q49543236,,,Point(-104.987777777 39.740277777),0.275,39.740277777778,-104.98777777778,1,http://www.wikidata.org/entity/Q22698,Pioneer Monument Fountain,park
http://www.wikidata.org/entity/Q49543809,,,Point(-104.983611111 39.688333333),5.661,39.688333333333,-104.98361111111,1,http://www.wikidata.org/entity/Q22698,Platte Park,park
http://www.wikidata.org/entity/Q49545450,,,Point(-105.020555555 39.765555555),4.228,39.765555555556,-105.02055555556,1,http://www.wikidata.org/entity/Q15243209,Potter Highlands Historic District,historic district
http://www.wikidata.org/entity/Q49545657,,,Point(-104.995833333 39.616111111),13.722,39.616111111111,-104.99583333333,1,http://www.wikidata.org/entity/Q22698,Powers Park,park
http://www.wikidata.org/entity/Q49546292,,,Point(-104.997777777 39.622222222),13.058,39.622222222222,-104.99777777778,1,http://www.wikidata.org/entity/Q22698,Progress Park,park
http://www.wikidata.org/entity/Q49546748,,,Point(-104.948055555 39.713055555),4.287,39.713055555556,-104.94805555556,1,http://www.wikidata.org/entity/Q22698,Pulaski Park,park
http://www.wikidata.org/entity/Q49547132,,,Point(-104.98 39.731111111),0.995,39.731111111111,-104.98,1,http://www.wikidata.org/entity/Q15243209,Quality Hill Historic District,historic district
http://www.wikidata.org/entity/Q49547663,,,Point(-105.084722222 39.845277777),14.554,39.845277777778,-105.08472222222,1,http://www.wikidata.org/entity/Q22698,Rainbow III Park,park
http://www.wikidata.org/entity/Q49547661,,,Point(-105.089722222 39.845833333),14.857,39.845833333333,-105.08972222222,1,http://www.wikidata.org/entity/Q22698,Rainbow II Park,park
http://www.wikidata.org/entity/Q49547713,,,Point(-105.132777777 39.797777777),14.219,39.797777777778,-105.13277777778,1,http://www.wikidata.org/entity/Q22698,Rainbow Ridge Park,park
http://www.wikidata.org/entity/Q49547816,,,Point(-105.104166666 39.805277777),12.565,39.805277777778,-105.10416666667,1,http://www.wikidata.org/entity/Q22698,Ralston Cove Park,park
http://www.wikidata.org/entity/Q49548049,,,Point(-105.061111111 39.774166666),7.587,39.774166666667,-105.06111111111,1,http://www.wikidata.org/entity/Q22698,Randall Park,park
http://www.wikidata.org/entity/Q49548330,,,Point(-105.140277777 39.683055555),14.688,39.683055555556,-105.14027777778,1,http://www.wikidata.org/entity/Q22698,Ravines Open Space,park
http://www.wikidata.org/entity/Q49549858,,,Point(-105.055833333 39.756388888),6.36,39.756388888889,-105.05583333333,1,http://www.wikidata.org/entity/Q3947,Richards Mansion / Hart Estate,house
http://www.wikidata.org/entity/Q49550043,,,Point(-104.907777777 39.733888888),6.618,39.733888888889,-104.90777777778,1,http://www.wikidata.org/entity/Q22698,Richthofen Fountain,park
http://www.wikidata.org/entity/Q49550669,,,Point(-105.001111111 39.760833333),2.774,39.760833333333,-105.00111111111,1,http://www.wikidata.org/entity/Q22698,River Front Park,park
http://www.wikidata.org/entity/Q49552251,,,Point(-104.926944444 39.720277777),5.383,39.720277777778,-104.92694444444,1,http://www.wikidata.org/entity/Q22698,Robinson Park,park
http://www.wikidata.org/entity/Q49552883,,,Point(-105.030555555 39.780833333),6.054,39.780833333333,-105.03055555556,1,http://www.wikidata.org/entity/Q22698,Rocky Mountain Park,park
http://www.wikidata.org/entity/Q49553758,,,Point(-104.984444444 39.681944444),6.37,39.681944444444,-104.98444444444,1,http://www.wikidata.org/entity/Q22698,Rosedale Park,park
http://www.wikidata.org/entity/Q49554312,,,Point(-104.965 39.840277777),11.362,39.840277777778,-104.965,1,http://www.wikidata.org/entity/Q22698,Rotella Park,park
http://www.wikidata.org/entity/Q49554341,,,Point(-104.997777777 39.636111111),11.52,39.636111111111,-104.99777777778,1,http://www.wikidata.org/entity/Q22698,Rotolo Park,park
http://www.wikidata.org/entity/Q49554688,,,Point(-105.003888888 39.686388888),6.097,39.686388888889,-105.00388888889,1,http://www.wikidata.org/entity/Q22698,Ruby Hill Park,park
http://www.wikidata.org/entity/Q49554717,,,Point(-105.023888888 39.736666666),3.349,39.736666666667,-105.02388888889,1,http://www.wikidata.org/entity/Q22698,Rude Park,park
http://www.wikidata.org/entity/Q49555007,,,Point(-104.961666666 39.7675),3.716,39.7675,-104.96166666667,1,http://www.wikidata.org/entity/Q22698,Russell Square Park,park
http://www.wikidata.org/entity/Q49555586,,,Point(-104.970833333 39.769722222),3.596,39.769722222222,-104.97083333333,1,http://www.wikidata.org/entity/Q22698,Saint Charles Place Park,park
http://www.wikidata.org/entity/Q49557090,,,Point(-104.975833333 39.751944444),1.61,39.751944444444,-104.97583333333,1,http://www.wikidata.org/entity/Q15243209,San Rafael Historic District,historic district
http://www.wikidata.org/entity/Q49557170,,,Point(-105.030833333 39.736666666),3.941,39.736666666667,-105.03083333333,1,http://www.wikidata.org/entity/Q22698,Sanchez Park,park
http://www.wikidata.org/entity/Q49557173,,,Point(-105.101666666 39.69),11.392,39.69,-105.10166666667,1,http://www.wikidata.org/entity/Q22698,Sanctuary Park,park
http://www.wikidata.org/entity/Q49557201,,,Point(-104.838055555 39.756111111),12.69,39.756111111111,-104.83805555556,1,http://www.wikidata.org/entity/Q22698,Sand Creek Park,park
http://www.wikidata.org/entity/Q49557338,,,Point(-105.039722222 39.684722222),7.665,39.684722222222,-105.03972222222,1,http://www.wikidata.org/entity/Q22698,Sanderson Gulch Park,park
http://www.wikidata.org/entity/Q49558329,,,Point(-104.956111111 39.769166666),4.137,39.769166666667,-104.95611111111,1,http://www.wikidata.org/entity/Q22698,Schafer Park,park
http://www.wikidata.org/entity/Q49558528,,,Point(-105.084722222 39.660555555),12.228,39.660555555556,-105.08472222222,1,http://www.wikidata.org/entity/Q22698,Schnell Farm,park
http://www.wikidata.org/entity/Q49559364,,,Point(-105.073333333 39.815555555),11.365,39.815555555556,-105.07333333333,1,http://www.wikidata.org/entity/Q22698,Secrest Park,park
http://www.wikidata.org/entity/Q49560658,,,Point(-104.983888888 39.734166666),0.57,39.734166666667,-104.98388888889,1,http://www.wikidata.org/entity/Q22698,Sheedy Mansion,park
http://www.wikidata.org/entity/Q49561014,,,Point(-104.984722222 39.670555555),7.637,39.670555555556,-104.98472222222,1,http://www.wikidata.org/entity/Q22698,Sherman And Vassar Park,park
http://www.wikidata.org/entity/Q49561102,,,Point(-104.984722222 39.732777777),0.718,39.732777777778,-104.98472222222,1,http://www.wikidata.org/entity/Q15243209,Sherman Street Historic District,historic district
http://www.wikidata.org/entity/Q49562271,,,Point(-104.921111111 39.765),6.157,39.765,-104.92111111111,1,http://www.wikidata.org/entity/Q22698,Skyland Park,park
http://www.wikidata.org/entity/Q49562285,,,Point(-104.995277777 39.748611111),1.371,39.748611111111,-104.99527777778,1,http://www.wikidata.org/entity/Q22698,Skyline Park,park
http://www.wikidata.org/entity/Q49562314,,,Point(-105.016666666 39.828333333),10.273,39.828333333333,-105.01666666667,1,http://www.wikidata.org/entity/Q22698,Skyline Vista Park,park
http://www.wikidata.org/entity/Q49562416,,,Point(-105.048333333 39.753333333),5.648,39.753333333333,-105.04833333333,1,http://www.wikidata.org/entity/Q22698,Sloans Lake Park,park
http://www.wikidata.org/entity/Q49563758,,,Point(-105.127777777 39.706388888),12.756,39.706388888889,-105.12777777778,1,http://www.wikidata.org/entity/Q22698,South Simms Park,park
http://www.wikidata.org/entity/Q49563756,,,Point(-104.975833333 39.718333333),2.449,39.718333333333,-104.97583333333,1,http://www.wikidata.org/entity/Q15243209,South Side-Baker Historic District,historic district
http://www.wikidata.org/entity/Q49563973,,,Point(-104.907222222 39.651388888),11.812,39.651388888889,-104.90722222222,1,http://www.wikidata.org/entity/Q22698,Southmoor Park,park
http://www.wikidata.org/entity/Q49564330,,,Point(-104.860277777 39.742777777),10.659,39.742777777778,-104.86027777778,1,http://www.wikidata.org/entity/Q22698,Spencer Garrett Park,park
http://www.wikidata.org/entity/Q49566228,,,Point(-105.011388888 39.610277777),14.517,39.610277777778,-105.01138888889,1,http://www.wikidata.org/entity/Q22698,Sterne Park,park
http://www.wikidata.org/entity/Q49566470,,,Point(-105.069722222 39.758888888),7.577,39.758888888889,-105.06972222222,1,http://www.wikidata.org/entity/Q22698,Stites Park,park
http://www.wikidata.org/entity/Q49566652,,,Point(-105.0125 39.757222222),3.095,39.757222222222,-105.0125,1,http://www.wikidata.org/entity/Q15243209,Stonemen's Row Historic District,historic district
http://www.wikidata.org/entity/Q49567481,,,Point(-104.9925 39.730555555),1.165,39.730555555556,-104.9925,1,http://www.wikidata.org/entity/Q22698,Sunken Gardens Park,park
http://www.wikidata.org/entity/Q49567709,,,Point(-105.066111111 39.819722222),11.327,39.819722222222,-105.06611111111,1,http://www.wikidata.org/entity/Q22698,Sunrise Park,park
http://www.wikidata.org/entity/Q49567858,,,Point(-105.047222222 39.84),12.406,39.84,-105.04722222222,1,http://www.wikidata.org/entity/Q22698,Sunset Park,park
http://www.wikidata.org/entity/Q49567862,,,Point(-105.116111111 39.733888888),11.238,39.733888888889,-105.11611111111,1,http://www.wikidata.org/entity/Q22698,Sunset Park,park
http://www.wikidata.org/entity/Q49568194,,,Point(-105.115277777 39.699722222),11.988,39.699722222222,-105.11527777778,1,http://www.wikidata.org/entity/Q22698,Sutherland Shire Park,park
http://www.wikidata.org/entity/Q49568259,,,Point(-104.975555555 39.741666666),0.84,39.741666666667,-104.97555555556,1,http://www.wikidata.org/entity/Q15243209,Swallow Hill Historic District,historic district
http://www.wikidata.org/entity/Q49568329,,,Point(-104.955555555 39.785833333),5.755,39.785833333333,-104.95555555556,1,http://www.wikidata.org/entity/Q22698,Swansea Park,park
http://www.wikidata.org/entity/Q49569110,,,Point(-105.154444444 39.746666666),14.522,39.746666666667,-105.15444444444,1,http://www.wikidata.org/entity/Q22698,Tanglewood Sports Park,park
http://www.wikidata.org/entity/Q49569600,,,Point(-105.0475 39.809444444),9.465,39.809444444444,-105.0475,1,http://www.wikidata.org/entity/Q22698,Tennyson Knolls Park,park
http://www.wikidata.org/entity/Q49569604,,,Point(-105.044722222 39.773611111),6.387,39.773611111111,-105.04472222222,1,http://www.wikidata.org/entity/Q22698,Tennyson Park,park
http://www.wikidata.org/entity/Q49569674,,,Point(-105.094444444 39.793888888),11.164,39.793888888889,-105.09444444444,1,http://www.wikidata.org/entity/Q22698,Terrace Park,park
http://www.wikidata.org/entity/Q49569804,,,Point(-104.9875 39.744166666),0.593,39.744166666667,-104.9875,1,http://www.wikidata.org/entity/Q22698,The Brown Palace Hotel and Spa,park
http://www.wikidata.org/entity/Q49570533,,,Point(-104.939722222 39.642222222),11.458,39.642222222222,-104.93972222222,1,http://www.wikidata.org/entity/Q22698,Three Pond Park,park
http://www.wikidata.org/entity/Q49570605,,,Point(-105.080555555 39.826666666),12.703,39.826666666667,-105.08055555556,1,http://www.wikidata.org/entity/Q22698,Thundercloud Park,park
http://www.wikidata.org/entity/Q49570921,,,Point(-105.005833333 39.745277777),1.915,39.745277777778,-105.00583333333,1,http://www.wikidata.org/entity/Q22698,Tivoli Brewery Company,park
http://www.wikidata.org/entity/Q49571155,,,Point(-105.101944444 39.789444444),11.459,39.789444444444,-105.10194444444,1,http://www.wikidata.org/entity/Q22698,Tomlinson Park,park
http://www.wikidata.org/entity/Q49573206,,,Point(-105.142777777 39.723333333),13.619,39.723333333333,-105.14277777778,1,http://www.wikidata.org/entity/Q22698,Union Ridge Park,park
http://www.wikidata.org/entity/Q49573228,,,Point(-105.139166666 39.716111111),13.444,39.716111111111,-105.13916666667,1,http://www.wikidata.org/entity/Q22698,Union Square Park,park
http://www.wikidata.org/entity/Q49573273,,,Point(-104.9875 39.741666666),0.352,39.741666666667,-104.9875,1,http://www.wikidata.org/entity/Q22698,United Nations Park,park
http://www.wikidata.org/entity/Q49573662,,,Point(-104.843888888 39.684166666),13.524,39.684166666667,-104.84388888889,1,http://www.wikidata.org/entity/Q22698,Utah Park,park
http://www.wikidata.org/entity/Q49573994,,,Point(-105.039444444 39.611388888),14.963,39.611388888889,-105.03944444444,1,http://www.wikidata.org/entity/Q22698,Valley Vista Park,park
http://www.wikidata.org/entity/Q49574029,,,Point(-105.002777777 39.713611111),3.235,39.713611111111,-105.00277777778,1,http://www.wikidata.org/entity/Q22698,Valverde Park,park
http://www.wikidata.org/entity/Q49574170,,,Point(-104.995277777 39.700277777),4.422,39.700277777778,-104.99527777778,1,http://www.wikidata.org/entity/Q22698,Vanderbilt Park,park
http://www.wikidata.org/entity/Q49574324,,,Point(-104.891388888 39.734166666),8.012,39.734166666667,-104.89138888889,1,http://www.wikidata.org/entity/Q22698,Verbena Park,park
http://www.wikidata.org/entity/Q49575393,,,Point(-104.853333333 39.691944444),12.418,39.691944444444,-104.85333333333,1,http://www.wikidata.org/entity/Q22698,Village East Park,park
http://www.wikidata.org/entity/Q49575518,,,Point(-104.832777777 39.777777777),13.688,39.777777777778,-104.83277777778,1,http://www.wikidata.org/entity/Q22698,Village Place Park,park
http://www.wikidata.org/entity/Q49575565,,,Point(-104.964722222 39.687222222),6.035,39.687222222222,-104.96472222222,1,http://www.wikidata.org/entity/Q22698,Vine And Iowa Park,park
http://www.wikidata.org/entity/Q49575670,,,Point(-104.84 39.706111111),12.925,39.706111111111,-104.84,1,http://www.wikidata.org/entity/Q22698,Virginia Court Park,park
http://www.wikidata.org/entity/Q49576340,,,Point(-105.061666666 39.743888888),6.587,39.743888888889,-105.06166666667,1,http://www.wikidata.org/entity/Q22698,Walker Branch Park,park
http://www.wikidata.org/entity/Q49576414,,,Point(-104.890277777 39.628333333),14.75,39.628333333333,-104.89027777778,1,http://www.wikidata.org/entity/Q22698,Wallace Park,park
http://www.wikidata.org/entity/Q49577010,,,Point(-105.0675 39.719722222),7.392,39.719722222222,-105.0675,1,http://www.wikidata.org/entity/Q22698,Washington Heights Park,park
http://www.wikidata.org/entity/Q49578132,,,Point(-105.048333333 39.713333333),6.145,39.713333333333,-105.04833333333,1,http://www.wikidata.org/entity/Q22698,Weir Gulch Park,park
http://www.wikidata.org/entity/Q49578177,,,Point(-105.141666666 39.730555555),13.442,39.730555555556,-105.14166666667,1,http://www.wikidata.org/entity/Q22698,Welchester Tree Grant Park,park
http://www.wikidata.org/entity/Q49579163,,,Point(-105.012777777 39.714166666),3.67,39.714166666667,-105.01277777778,1,http://www.wikidata.org/entity/Q22698,West-Bar-Val Wood Park,park
http://www.wikidata.org/entity/Q49579328,,,Point(-105.091944444 39.668333333),12.086,39.668333333333,-105.09194444444,1,http://www.wikidata.org/entity/Q22698,Westgate Park,park
http://www.wikidata.org/entity/Q49579606,,,Point(-105.05 39.701388888),6.982,39.701388888889,-105.05,1,http://www.wikidata.org/entity/Q22698,Westwood Park,park
http://www.wikidata.org/entity/Q49579790,,,Point(-104.831388888 39.703888888),13.701,39.703888888889,-104.83138888889,1,http://www.wikidata.org/entity/Q22698,Wheeling Park,park
http://www.wikidata.org/entity/Q49580996,,,Point(-104.981944444 39.741944444),0.391,39.741944444444,-104.98194444444,1,http://www.wikidata.org/entity/Q1307276,William G Fisher House / International House,single-family detached home
http://www.wikidata.org/entity/Q49580996,,,Point(-104.981944444 39.741944444),0.391,39.741944444444,-104.98194444444,1,http://www.wikidata.org/entity/Q3947,William G Fisher House / International House,house
http://www.wikidata.org/entity/Q49582475,,,Point(-105.047777777 39.836388888),12.066,39.836388888889,-105.04777777778,1,http://www.wikidata.org/entity/Q22698,Wolff Run Park,park
http://www.wikidata.org/entity/Q49582473,,,Point(-105.047777777 39.6375),12.528,39.6375,-105.04777777778,1,http://www.wikidata.org/entity/Q22698,Wolff And Quincy Park,park
http://www.wikidata.org/entity/Q49583092,,,Point(-104.9625 39.624722222),12.876,39.624722222222,-104.9625,1,http://www.wikidata.org/entity/Q22698,Woody Hollow Park,park
http://www.wikidata.org/entity/Q49583247,,,Point(-105.138333333 39.721666666),13.268,39.721666666667,-105.13833333333,1,http://www.wikidata.org/entity/Q22698,Wright Park,park
http://www.wikidata.org/entity/Q49584096,,,Point(-105.014722222 39.79),6.195,39.79,-105.01472222222,1,http://www.wikidata.org/entity/Q22698,Zuni And 51st Park,park
http://www.wikidata.org/entity/Q49701379,,,Point(-105.066666666 39.843333333),13.521,39.843333333333,-105.06666666667,1,http://www.wikidata.org/entity/Q131681,Lake Arbor,reservoir
http://www.wikidata.org/entity/Q49703049,,,Point(-105.05 39.614722222),14.925,39.614722222222,-105.05,1,http://www.wikidata.org/entity/Q131681,Upper Tule Lake,reservoir
http://www.wikidata.org/entity/Q49745907,,,Point(-105.111111111 39.723055555),10.945,39.723055555556,-105.11111111111,1,http://www.wikidata.org/entity/Q1248784,Denver Federal Center Helistop,airport
http://www.wikidata.org/entity/Q49747312,,,Point(-104.983055555 39.720833333),2.052,39.720833333333,-104.98305555556,1,http://www.wikidata.org/entity/Q1248784,Kusa Helistop,airport
http://www.wikidata.org/entity/Q49797982,,,Point(-105.037777777 39.733888888),4.563,39.733888888889,-105.03777777778,1,http://www.wikidata.org/entity/Q39816,Dry Gulch,valley
http://www.wikidata.org/entity/Q49805372,,,Point(-104.911944444 39.685555555),8.633,39.685555555556,-104.91194444444,1,http://www.wikidata.org/entity/Q39816,Goldsmith Gulch,valley
http://www.wikidata.org/entity/Q49809461,,,Point(-104.983888888 39.672222222),7.452,39.672222222222,-104.98388888889,1,http://www.wikidata.org/entity/Q39816,Harvard Gulch,valley
http://www.wikidata.org/entity/Q49930423,,,Point(-105.10729 39.77388),11.151,39.77388,-105.10729,1,http://www.wikidata.org/entity/Q39816,Lena Gulch,valley
http://www.wikidata.org/entity/Q49931856,,,Point(-105.122777777 39.821111111),14.892,39.821111111111,-105.12277777778,1,http://www.wikidata.org/entity/Q47521,Leyden Creek,stream
http://www.wikidata.org/entity/Q49939661,,,Point(-105.011666666 39.810833333),8.284,39.810833333333,-105.01166666667,1,http://www.wikidata.org/entity/Q47521,Little Dry Creek,stream
http://www.wikidata.org/entity/Q49944849,,,Point(-105.112222222 39.662222222),13.858,39.662222222222,-105.11222222222,1,http://www.wikidata.org/entity/Q47521,Weaver Creek,stream
http://www.wikidata.org/entity/Q54933090,,https://en.wikipedia.org/wiki/Clear_Creek/Federal_station,Point(-105.02333333 39.80388889),7.905,39.80388889,-105.02333333,1,http://www.wikidata.org/entity/Q22808404,Clear Creek/Federal station,station located on surface
http://www.wikidata.org/entity/Q54933090,,https://en.wikipedia.org/wiki/Clear_Creek/Federal_station,Point(-105.02333333 39.80388889),7.905,39.80388889,-105.02333333,1,http://www.wikidata.org/entity/Q55488,Clear Creek/Federal station,railway station
http://www.wikidata.org/entity/Q55075294,,https://en.wikipedia.org/wiki/Romeo_Block,Point(-105.015 39.75916667),3.398,39.75916667,-105.015,1,http://www.wikidata.org/entity/Q655686,Romeo Block,commercial building
http://www.wikidata.org/entity/Q55075508,,https://en.wikipedia.org/wiki/East_Sixth_Avenue_Parkway,Point(-104.927222 39.718611),5.436,39.718611,-104.927222,1,http://www.wikidata.org/entity/Q34442,East Sixth Avenue Parkway,road
http://www.wikidata.org/entity/Q55075512,,https://en.wikipedia.org/wiki/Monaco_Street_Parkway,Point(-104.9119 39.7328),6.279,39.7328,-104.9119,1,http://www.wikidata.org/entity/Q130954,Monaco Street Parkway,parkway
http://www.wikidata.org/entity/Q55075512,,https://en.wikipedia.org/wiki/Monaco_Street_Parkway,Point(-104.9119 39.7328),6.279,39.7328,-104.9119,1,http://www.wikidata.org/entity/Q34442,Monaco Street Parkway,road
http://www.wikidata.org/entity/Q55606687,,https://en.wikipedia.org/wiki/Caroline_Bancroft_House,Point(-104.97277778 39.7425),1.095,39.7425,-104.97277778,1,http://www.wikidata.org/entity/Q1307276,Caroline Bancroft House,single-family detached home
http://www.wikidata.org/entity/Q55610972,,https://en.wikipedia.org/wiki/Eppich_Apartments,Point(-104.97615833 39.736375),0.809,39.736375,-104.97615833,1,http://www.wikidata.org/entity/Q13402009,Eppich Apartments,apartment building
http://www.wikidata.org/entity/Q55611812,,https://en.wikipedia.org/wiki/Flower-Vaile_House,Point(-104.97527778 39.74222222),0.884,39.74222222,-104.97527778,1,http://www.wikidata.org/entity/Q3947,Flower-Vaile House,house
http://www.wikidata.org/entity/Q55625395,,https://en.wikipedia.org/wiki/Nordlund_House,Point(-104.935975 39.72172778),4.611,39.72172778,-104.935975,1,http://www.wikidata.org/entity/Q1307276,Nordlund House,single-family detached home
http://www.wikidata.org/entity/Q55628199,,https://en.wikipedia.org/wiki/Owen_E._LeFevre_House,Point(-104.95972222 39.73722222),2.161,39.73722222,-104.95972222,1,http://www.wikidata.org/entity/Q3947,Owen E. LeFevre House,house
http://www.wikidata.org/entity/Q55888298,,https://en.wikipedia.org/wiki/Leeman_Auto_Company_Building,Point(-104.986388888 39.725277777),1.558,39.725277777778,-104.98638888889,1,http://www.wikidata.org/entity/Q655686,Leeman Auto Company Building,commercial building
http://www.wikidata.org/entity/Q56731556,,https://en.wikipedia.org/wiki/Disappearances_of_Paul_and_Sarah_Skiba_and_Lorenzo_Chivers,Point(-105.040688 39.824157),10.579,39.824157,-105.040688,1,http://www.wikidata.org/entity/Q7884274,Disappearances of Lorenzo Chivers and Paul and Sarah Skiba,unexplained disappearance
http://www.wikidata.org/entity/Q60742055,,https://en.wikipedia.org/wiki/Ghost_Building,Point(-104.991111111 39.747861111),1.098,39.747861111111,-104.99111111111,1,http://www.wikidata.org/entity/Q811979,Ghost Building,architectural structure
http://www.wikidata.org/entity/Q60766041,,https://en.wikipedia.org/wiki/Shangri-La_(house),Point(-104.937888888 39.713972222),4.902,39.713972222222,-104.93788888889,1,http://www.wikidata.org/entity/Q41176,Shangri-La,building
http://www.wikidata.org/entity/Q68213640,,,Point(-105.125352 39.711965),12.391,39.711965,-105.125352,1,http://www.wikidata.org/entity/Q20857065,National Geospatial Program,United States federal agency
http://www.wikidata.org/entity/Q68213640,,,Point(-105.125352 39.711965),12.391,39.711965,-105.125352,1,http://www.wikidata.org/entity/Q97950542,National Geospatial Program,USGS Program
http://www.wikidata.org/entity/Q69779561,,,Point(-104.986666 39.71479),2.723,39.71479,-104.986666,1,http://www.wikidata.org/entity/Q11396180,Ross-Broadway Branch,library branch
http://www.wikidata.org/entity/Q69779561,,,Point(-104.986666 39.71479),2.723,39.71479,-104.986666,1,http://www.wikidata.org/entity/Q7075,Ross-Broadway Branch,library
http://www.wikidata.org/entity/Q69779561,,,Point(-104.986666 39.71479),2.723,39.71479,-104.986666,1,http://www.wikidata.org/entity/Q28564,Ross-Broadway Branch,public library
http://www.wikidata.org/entity/Q85743001,,https://en.wikipedia.org/wiki/Armenian_Khachkar,Point(-104.984555555 39.739444444),0.035,39.739444444444,-104.98455555556,1,http://www.wikidata.org/entity/Q654476,Armenian Khachkar,khachkar
http://www.wikidata.org/entity/Q85743001,,https://en.wikipedia.org/wiki/Armenian_Khachkar,Point(-104.984555555 39.739444444),0.035,39.739444444444,-104.98455555556,1,http://www.wikidata.org/entity/Q135645306,Armenian Khachkar,Armenian Genocide memorial
http://www.wikidata.org/entity/Q85743094,,https://en.wikipedia.org/wiki/Arrest_of_Robert_Seacat,Point(-104.881046 39.64066),14.108,39.64066,-104.881046,1,http://www.wikidata.org/entity/Q1403016,Arrest of Robert Seacat,arrest
http://www.wikidata.org/entity/Q85749589,,https://en.wikipedia.org/wiki/Burns_Park_Sculpture_Garden,Point(-104.93942 39.71264),4.883,39.71264,-104.93942,1,http://www.wikidata.org/entity/Q1759852,Burns Park Sculpture Garden,sculpture garden
http://www.wikidata.org/entity/Q85761733,,https://en.wikipedia.org/wiki/Fort_Weld,Point(-105.012777777 39.729444444),2.624,39.729444444444,-105.01277777778,1,http://www.wikidata.org/entity/Q1785071,Fort Weld,fort
http://www.wikidata.org/entity/Q85769256,,https://en.wikipedia.org/wiki/Indeterminate_Line,Point(-104.9985 39.7414),1.191,39.7414,-104.9985,1,http://www.wikidata.org/entity/Q860861,Indeterminate Line,sculpture
http://www.wikidata.org/entity/Q85775837,,https://en.wikipedia.org/wiki/Lao_Tzu_(sculpture),Point(-104.9888 39.7371),0.412,39.7371,-104.9888,1,http://www.wikidata.org/entity/Q860861,Lao Tzu,sculpture
http://www.wikidata.org/entity/Q85785906,,https://en.wikipedia.org/wiki/Mission_Ballroom,Point(-104.969521 39.775902),4.283,39.775902,-104.969521,1,http://www.wikidata.org/entity/Q8719053,Mission Ballroom,music venue
http://www.wikidata.org/entity/Q85786180,,https://en.wikipedia.org/wiki/Montgomery_Court_(Denver),Point(-104.983888888 39.733888888),0.6,39.733888888889,-104.98388888889,1,http://www.wikidata.org/entity/Q13402009,Montgomery Court,apartment building
http://www.wikidata.org/entity/Q85801875,,https://en.wikipedia.org/wiki/Soft_Landing_(Snelson),Point(-104.995357283 39.749894936),1.486,39.749894936463,-104.99535728302,1,http://www.wikidata.org/entity/Q860861,Soft Landing,sculpture
http://www.wikidata.org/entity/Q85803338,,https://en.wikipedia.org/wiki/Statue_of_Martin_Luther_King_Jr._(Denver),Point(-104.954541 39.746037),2.7,39.745833333333,-103.04555555556,1,http://www.wikidata.org/entity/Q179700,Statue of Martin Luther King Jr.,statue
http://www.wikidata.org/entity/Q85803338,,https://en.wikipedia.org/wiki/Statue_of_Martin_Luther_King_Jr._(Denver),Point(-104.954541 39.746037),2.7,39.746037,-104.954541,1,http://www.wikidata.org/entity/Q179700,Statue of Martin Luther King Jr.,statue
http://www.wikidata.org/entity/Q95953089,,,Point(-104.986186 39.737535),0.22,39.737535,-104.986186,1,http://www.wikidata.org/entity/Q79007,Lincoln Street,street
http://www.wikidata.org/entity/Q96406473,,https://en.wikipedia.org/wiki/Statue_of_Christopher_Columbus_(Denver),Point(-104.988611111 39.739444444),0.321,39.739444444444,-104.98861111111,1,http://www.wikidata.org/entity/Q179700,Statue of Christopher Columbus,statue
http://www.wikidata.org/entity/Q96417895,,https://en.wikipedia.org/wiki/Brannan_Sand_and_Gravel_Pit_No._8-Lake_Sangraco_Boathouse_Complex,Point(-105.032222 39.806111),8.466,39.806111,-105.032222,1,http://www.wikidata.org/entity/Q15243209,Brannan Sand and Gravel Pit No. 8-Lake Sangraco Boathouse Complex,historic district
http://www.wikidata.org/entity/Q96418531,,https://en.wikipedia.org/wiki/Harris_Park_School,Point(-105.033333 39.827778),10.681,39.827778,-105.033333,1,http://www.wikidata.org/entity/Q1244442,Harris Park School,school building
http://www.wikidata.org/entity/Q96419596,,https://en.wikipedia.org/wiki/Union_High_School_(Colorado),Point(-105.032222 39.827778),10.644,39.827778,-105.032222,1,http://www.wikidata.org/entity/Q1244442,Union High School,school building
http://www.wikidata.org/entity/Q97205663,,,Point(-104.96583333 39.73277778),1.778,39.73277778,-104.96583333,1,http://www.wikidata.org/entity/Q17362920,Q97205663,Wikimedia duplicated page
http://www.wikidata.org/entity/Q101316904,,https://en.wikipedia.org/wiki/American_Board_of_Obesity_Medicine,Point(-104.94 39.669),8.702,39.669,-104.94,1,http://www.wikidata.org/entity/Q10729872,American Board of Obesity Medicine,medical association
http://www.wikidata.org/entity/Q101316904,,https://en.wikipedia.org/wiki/American_Board_of_Obesity_Medicine,Point(-104.94 39.669),8.702,39.669,-104.94,1,http://www.wikidata.org/entity/Q18325436,American Board of Obesity Medicine,501(c)(3) organization
http://www.wikidata.org/entity/Q104370482,,,Point(-105.0000004 39.754157),2.104,39.754157,-105.0000004,1,http://www.wikidata.org/entity/Q1068842,Union Station Pedestrian Bridge,footbridge
http://www.wikidata.org/entity/Q107260555,,https://en.wikipedia.org/wiki/Amos_H._Root_Building,Point(-105.008888888 39.756666666),2.824,39.756666666667,-105.00888888889,1,http://www.wikidata.org/entity/Q655686,Amos H. Root Building,commercial building
http://www.wikidata.org/entity/Q107260913,,https://en.wikipedia.org/wiki/Dickinson_Branch_Library,Point(-105.028055555 39.741388888),3.701,39.741388888889,-105.02805555556,1,http://www.wikidata.org/entity/Q856584,Dickinson Branch Library,library building
http://www.wikidata.org/entity/Q107283863,,https://en.wikipedia.org/wiki/Bliss_House_(Denver),Point(-105.04316 39.7383),4.986,39.7383,-105.04316,1,http://www.wikidata.org/entity/Q3947,Bliss House,house
http://www.wikidata.org/entity/Q108139453,,,Point(-105.015833333 39.740833333),2.654,39.740833333333,-105.01583333333,1,http://www.wikidata.org/entity/Q63442021,Convergence Station,immersive art exhibit
http://www.wikidata.org/entity/Q109406915,,"https://en.wikipedia.org/wiki/West_High_School_(Denver,_Colorado)",Point(-104.9952 39.7319),1.203,39.7319,-104.9952,1,http://www.wikidata.org/entity/Q159334,West High School,secondary school
http://www.wikidata.org/entity/Q109406915,,"https://en.wikipedia.org/wiki/West_High_School_(Denver,_Colorado)",Point(-104.9952 39.7319),1.203,39.7319,-104.9952,1,http://www.wikidata.org/entity/Q1080794,West High School,public school
http://www.wikidata.org/entity/Q109849909,,https://en.wikipedia.org/wiki/Denver_Center_for_International_Studies_at_Baker,Point(-104.9943 39.7253),1.747,39.7253,-104.9943,1,http://www.wikidata.org/entity/Q1703577,Denver Center for International Studies at Baker,magnet school
http://www.wikidata.org/entity/Q110223645,,https://en.wikipedia.org/wiki/2019_Lakewood_semi-truck_crash,Point(-105.158888888 39.74),14.88,39.74,-105.15888888889,1,http://www.wikidata.org/entity/Q9687,2019 Lakewood semi-truck crash,traffic collision
http://www.wikidata.org/entity/Q110392524,,,Point(-105.0342438 39.777212247),5.97,39.777212247853,-105.0342438,1,http://www.wikidata.org/entity/Q11707,Tocabe,restaurant
http://www.wikidata.org/entity/Q110469264,,https://en.wikipedia.org/wiki/Highland_Park_Historic_District_(Denver),Point(-105.017222222 39.760833333),3.663,39.760833333333,-105.01722222222,1,http://www.wikidata.org/entity/Q15243209,Highland Park Historic District,historic district
http://www.wikidata.org/entity/Q112124627,,https://en.wikipedia.org/wiki/Altamaha_Apartments,Point(-104.97054 39.73971),1.226,39.73971,-104.97054,1,http://www.wikidata.org/entity/Q13402009,Altamaha Apartments,apartment building
http://www.wikidata.org/entity/Q112762093,,,Point(-105.0942001 39.7580986),9.58,39.7580986,-105.0942001,1,http://www.wikidata.org/entity/Q39614,Crown Hill Cemetery,cemetery
http://www.wikidata.org/entity/Q114832889,,,Point(-104.99048 39.74797),1.083,39.74797,-104.99048,1,http://www.wikidata.org/entity/Q2175765,18th/Stout,tram stop
http://www.wikidata.org/entity/Q114832889,,,Point(-104.99048 39.74797),1.083,39.74797,-104.99048,1,http://www.wikidata.org/entity/Q22808404,18th/Stout,station located on surface
http://www.wikidata.org/entity/Q114832889,,,Point(-104.99048 39.74797),1.083,39.74797,-104.99048,1,http://www.wikidata.org/entity/Q108667555,18th/Stout,one-way station
http://www.wikidata.org/entity/Q115689625,,,Point(-104.92739 39.70298),6.357,39.70298,-104.92739,1,http://www.wikidata.org/entity/Q41176,Four Mile House,building
http://www.wikidata.org/entity/Q115805391,,https://en.wikipedia.org/wiki/Fitzroy_Place_(Colorado),Point(-104.94725 39.67717),7.614,39.67717,-104.94725,1,http://www.wikidata.org/entity/Q3947,Fitzroy Place,house
http://www.wikidata.org/entity/Q117039254,,https://en.wikipedia.org/wiki/Sheedy_Mansion,Point(-104.983611111 39.734166666),0.574,39.734166666667,-104.98361111111,1,http://www.wikidata.org/entity/Q3947,Sheedy Mansion,house
http://www.wikidata.org/entity/Q117100740,,https://en.wikipedia.org/wiki/John_Elsner_House,Point(-104.980833333 39.759166666),2.243,39.759166666667,-104.98083333333,1,http://www.wikidata.org/entity/Q3947,John Elsner House,house
http://www.wikidata.org/entity/Q117183790,,https://en.wikipedia.org/wiki/Bouvier-Lothrop_House,Point(-104.976111111 39.741944444),0.807,39.741944444444,-104.97611111111,1,http://www.wikidata.org/entity/Q3947,Bouvier-Lothrop House,house
http://www.wikidata.org/entity/Q117817349,,https://en.wikipedia.org/wiki/Mizel_Museum,Point(-104.91760968 39.709922177),6.611,39.709922177098,-104.91760968041,1,http://www.wikidata.org/entity/Q33506,Mizel Museum,museum
http://www.wikidata.org/entity/Q118287911,,,Point(-104.9874 39.7434),0.511,39.7434,-104.9874,1,http://www.wikidata.org/entity/Q18142,Q118287911,tower block
http://www.wikidata.org/entity/Q122898212,,https://en.wikipedia.org/wiki/The_Wolf%27s_Tailor,Point(-105.011111111 39.772833333),4.358,39.772833333333,-105.01111111111,1,http://www.wikidata.org/entity/Q11707,The Wolf's Tailor,restaurant
http://www.wikidata.org/entity/Q122909379,,"https://en.wikipedia.org/wiki/South_Denver,_Colorado",Point(-104.962222222 39.678333333),7.043,39.678333333333,-104.96222222222,1,http://www.wikidata.org/entity/Q56061,South Denver,administrative territorial entity
http://www.wikidata.org/entity/Q122942025,,https://en.wikipedia.org/wiki/La_Diabla_Pozole_y_Mezcal,Point(-104.989722222 39.755444444),1.849,39.755444444444,-104.98972222222,1,http://www.wikidata.org/entity/Q11707,La Diabla Pozole y Mezcal,restaurant
http://www.wikidata.org/entity/Q122942059,,https://en.wikipedia.org/wiki/Molotov_Kitschen_%2B_Cocktails,Point(-104.948055555 39.740333333),3.149,39.740333333333,-104.94805555556,1,http://www.wikidata.org/entity/Q11707,Molotov Kitschen + Cocktails,restaurant
http://www.wikidata.org/entity/Q123050441,,https://en.wikipedia.org/wiki/Brut%C3%B8,Point(-104.996944444 39.752777777),1.826,39.752777777778,-104.99694444444,1,http://www.wikidata.org/entity/Q11707,Brutø,restaurant
http://www.wikidata.org/entity/Q123367273,,https://en.wikipedia.org/wiki/Cervantes%27_Masterpiece_Ballroom,Point(-104.978611111 39.754444444),1.773,39.754444444444,-104.97861111111,1,http://www.wikidata.org/entity/Q17350442,Cervantes' Masterpiece Ballroom,venue
http://www.wikidata.org/entity/Q123369602,,,Point(-105.0096383 39.7538934),2.673,39.7538934,-105.0096383,1,http://www.wikidata.org/entity/Q537127,Speer Boulevard Bridge,road bridge
http://www.wikidata.org/entity/Q123371167,,,Point(-105.055089 39.7969413),8.786,39.7969413,-105.055089,1,http://www.wikidata.org/entity/Q1068842,Gold Strike Park Pedestrian Bridge,footbridge
http://www.wikidata.org/entity/Q123377300,,,Point(-104.9748314 39.786175),5.289,39.786175,-104.9748314,1,http://www.wikidata.org/entity/Q1068842,Meatpacking Bridge,footbridge
http://www.wikidata.org/entity/Q123413620,,,Point(-104.9880388 39.6545092),9.425,39.6545092,-104.9880388,1,http://www.wikidata.org/entity/Q41176,Englewood IOOF Lodge No. 138 Building,building
http://www.wikidata.org/entity/Q123413675,,,Point(-104.987271 39.6561867),9.237,39.6561867,-104.987271,1,http://www.wikidata.org/entity/Q35054,Englewood Post Office,post office
http://www.wikidata.org/entity/Q123413736,,,Point(-104.9879774 39.6528629),9.608,39.6528629,-104.9879774,1,http://www.wikidata.org/entity/Q41176,Key Savings and Loan Association Building,building
http://www.wikidata.org/entity/Q124153549,,https://en.wikipedia.org/wiki/Beckon,Point(-104.982333333 39.761138888),2.445,39.761138888889,-104.98233333333,1,http://www.wikidata.org/entity/Q11707,Beckon,restaurant
http://www.wikidata.org/entity/Q130453819,,https://en.wikipedia.org/wiki/Yuan_Wonton,Point(-104.92811 39.75791),5.277,39.75791,-104.92811,1,http://www.wikidata.org/entity/Q11707,Yuan Wonton,restaurant
http://www.wikidata.org/entity/Q131379080,,,Point(-104.982594 39.777981),4.312,39.777981,-104.982594,1,http://www.wikidata.org/entity/Q458517,Globe Hall,dive bar
http://www.wikidata.org/entity/Q131379080,,,Point(-104.982594 39.777981),4.312,39.777981,-104.982594,1,http://www.wikidata.org/entity/Q8719053,Globe Hall,music venue
http://www.wikidata.org/entity/Q131379080,,,Point(-104.982594 39.777981),4.312,39.777981,-104.982594,1,http://www.wikidata.org/entity/Q24439113,Globe Hall,barbecue restaurant
http://www.wikidata.org/entity/Q131469319,,,Point(-104.983812 39.759918),2.301,39.759918,-104.983812,1,http://www.wikidata.org/entity/Q8719053,Larimer Lounge,music venue
http://www.wikidata.org/entity/Q131469319,,,Point(-104.983812 39.759918),2.301,39.759918,-104.983812,1,http://www.wikidata.org/entity/Q30748895,Larimer Lounge,cocktail lounge
http://www.wikidata.org/entity/Q132853388,,https://en.wikipedia.org/wiki/Denver_Academy_of_Torah,Point(-104.9092 39.712),7.144,39.712,-104.9092,1,http://www.wikidata.org/entity/Q3914,Denver Academy of Torah,school
http://www.wikidata.org/entity/Q133698009,,,Point(-104.96058 39.67627),7.303,39.67627,-104.96058,1,http://www.wikidata.org/entity/Q19844914,Iliff Hall,university building
http://www.wikidata.org/entity/Q133698451,,,Point(-104.97729 39.72814),1.393,39.72814,-104.97729,1,http://www.wikidata.org/entity/Q1307276,Bennett-Field House,single-family detached home
http://www.wikidata.org/entity/Q133698451,,,Point(-104.97729 39.72814),1.393,39.72814,-104.97729,1,http://www.wikidata.org/entity/Q3947,Bennett-Field House,house
http://www.wikidata.org/entity/Q133698846,,,Point(-104.95945 39.75679),2.92,39.75679,-104.95945,1,http://www.wikidata.org/entity/Q41176,Peoples Presbyterian Church,building
http://www.wikidata.org/entity/Q133730257,,,Point(-105.00564 39.75393),2.413,39.75393,-105.00564,1,http://www.wikidata.org/entity/Q55488,Moffat Station,railway station
http://www.wikidata.org/entity/Q133730349,,,Point(-104.98391 39.74308),0.435,39.74308,-104.98391,1,http://www.wikidata.org/entity/Q1307276,George Schleier Mansion,single-family detached home
http://www.wikidata.org/entity/Q133730349,,,Point(-104.98391 39.74308),0.435,39.74308,-104.98391,1,http://www.wikidata.org/entity/Q3947,George Schleier Mansion,house
http://www.wikidata.org/entity/Q133730399,,,Point(-104.99435 39.74666),1.157,39.74666,-104.99435,1,http://www.wikidata.org/entity/Q41176,A.C. Foster Building,building
http://www.wikidata.org/entity/Q133730651,,,Point(-104.96314 39.74106),1.868,39.74106,-104.96314,1,http://www.wikidata.org/entity/Q1307276,Schlessinger House,single-family detached home
http://www.wikidata.org/entity/Q133730651,,,Point(-104.96314 39.74106),1.868,39.74106,-104.96314,1,http://www.wikidata.org/entity/Q3947,Schlessinger House,house
http://www.wikidata.org/entity/Q133730714,,,Point(-104.98928 39.73435),0.662,39.73435,-104.98928,1,http://www.wikidata.org/entity/Q1244442,Evans School,school building
http://www.wikidata.org/entity/Q1547753,https://de.wikipedia.org/wiki/Mr._Twister,,Point(-105.046084 39.767049),6.079,39.767049,-105.046084,1,http://www.wikidata.org/entity/Q811979,Q1547753,architectural structure
http://www.wikidata.org/entity/Q133730714,,,Point(-104.98928 39.73435),0.662,39.73435,-104.98928,1,http://www.wikidata.org/entity/Q41176,Evans School,building
http://www.wikidata.org/entity/Q133730931,,,Point(-104.98142 39.73539),0.519,39.73539,-104.98142,1,http://www.wikidata.org/entity/Q3947,Jeffery and Mary Keating House,house
http://www.wikidata.org/entity/Q133730970,,,Point(-104.98137 39.73446),0.609,39.73446,-104.98137,1,http://www.wikidata.org/entity/Q3947,Fleming-Hanington House,house
http://www.wikidata.org/entity/Q133733173,,,Point(-104.98135 39.73433),0.623,39.73433,-104.98135,1,http://www.wikidata.org/entity/Q1307276,Alfred Butters House,single-family detached home
http://www.wikidata.org/entity/Q133733173,,,Point(-104.98135 39.73433),0.623,39.73433,-104.98135,1,http://www.wikidata.org/entity/Q3947,Alfred Butters House,house
http://www.wikidata.org/entity/Q133733213,,,Point(-104.99639 39.75239),1.764,39.75239,-104.99639,1,http://www.wikidata.org/entity/Q41176,General Electric Building,building
http://www.wikidata.org/entity/Q133733435,,,Point(-104.97449 39.75925),2.395,39.75925,-104.97449,1,http://www.wikidata.org/entity/Q3947,Justina Ford House,house
http://www.wikidata.org/entity/Q133733444,,,Point(-104.98399 39.73007),1.022,39.73007,-104.98399,1,http://www.wikidata.org/entity/Q3947,Pierce-Haley House,house
http://www.wikidata.org/entity/Q133733761,,,Point(-104.96692 39.71335),3.262,39.71335,-104.96692,1,http://www.wikidata.org/entity/Q1307276,Weckbaugh House,single-family detached home
http://www.wikidata.org/entity/Q133733761,,,Point(-104.96692 39.71335),3.262,39.71335,-104.96692,1,http://www.wikidata.org/entity/Q3947,Weckbaugh House,house
http://www.wikidata.org/entity/Q133733859,,,Point(-104.99853 39.75417),2.03,39.75417,-104.99853,1,http://www.wikidata.org/entity/Q41176,Littleton Creamery-Beatrice Foods Cold Storage Warehouse,building
http://www.wikidata.org/entity/Q133764368,,,Point(-104.98955 39.75158),1.43,39.75158,-104.98955,1,http://www.wikidata.org/entity/Q41176,S.A. Grimm Block,building
http://www.wikidata.org/entity/Q133768116,,,Point(-104.99297 39.74701),1.108,39.74701,-104.99297,1,http://www.wikidata.org/entity/Q41176,Kistler Stationery Company Building,building
http://www.wikidata.org/entity/Q133779023,,,Point(-104.9902 39.7552),1.833,39.7552,-104.9902,1,http://www.wikidata.org/entity/Q27686,Burlington Hotel,hotel
http://www.wikidata.org/entity/Q133779023,,,Point(-104.9902 39.7552),1.833,39.7552,-104.9902,1,http://www.wikidata.org/entity/Q41176,Burlington Hotel,building
http://www.wikidata.org/entity/Q133808607,,,Point(-105.094 39.66552),12.424,39.66552,-105.094,1,http://www.wikidata.org/entity/Q3947,Stone House,house
http://www.wikidata.org/entity/Q133808628,,,Point(-105.10343 39.74048),10.138,39.74048,-105.10343,1,http://www.wikidata.org/entity/Q41176,Davies' Chuck Wagon Diner,building
http://www.wikidata.org/entity/Q133836625,,,Point(-104.998115766 39.750687101),1.704,39.750687101937,-104.99811576638,1,http://www.wikidata.org/entity/Q494829,Market Street Station,bus station
