,item,articleDE,location,distance,lat,lon,sitelinks,thing,itemLabel,thingLabel,articleEN,tier,color
0,http://www.wikidata.org/entity/Q3075,https://de.wikipedia.org/wiki/F%C3%BCrth,Point(10.990277777 49.478333333),6.851,49.478333333333,10.990277777778,96,http://www.wikidata.org/entity/Q253030,Fürth,major regional center,https://en.wikipedia.org/wiki/F%C3%BCrth,S,orange
1,http://www.wikidata.org/entity/Q80130,https://de.wikipedia.org/wiki/N%C3%BCrnberger_Prozess_gegen_die_Hauptkriegsverbrecher,Point(11.048333333 49.454444444),2.095,49.454444444444,11.048333333333,88,http://www.wikidata.org/entity/Q1265353,Nuremberg trials,war crimes trial,https://en.wikipedia.org/wiki/Nuremberg_trials,S,orange
2,http://www.wikidata.org/entity/Q72977,https://de.wikipedia.org/wiki/Zirndorf,Point(10.95 49.45),9.212,49.45,10.95,45,http://www.wikidata.org/entity/Q134626,Zirndorf,district capital,https://en.wikipedia.org/wiki/Zirndorf,S,orange
3,http://www.wikidata.org/entity/Q152599,https://de.wikipedia.org/wiki/Max-Morlock-Stadion,Point(11.125617009 49.426240624),4.652,49.42624062489,11.125617009146,41,http://www.wikidata.org/entity/Q1154710,Max-Morlock-Stadion,association football venue,https://en.wikipedia.org/wiki/Max-Morlock-Stadion,S,orange
4,http://www.wikidata.org/entity/Q512293,https://de.wikipedia.org/wiki/Feucht_(Mittelfranken),Point(11.213055555 49.375833333),13.105,49.375833333333,11.213055555556,41,http://www.wikidata.org/entity/Q100341898,Feucht,market municipality of Germany,https://en.wikipedia.org/wiki/Feucht,S,orange
6,http://www.wikidata.org/entity/Q522236,https://de.wikipedia.org/wiki/Wendelstein_(Mittelfranken),Point(11.148333333 49.353611111),12.276,49.353611111111,11.148333333333,38,http://www.wikidata.org/entity/Q100341898,Wendelstein,market municipality of Germany,"https://en.wikipedia.org/wiki/Wendelstein,_Bavaria",S,orange
8,http://www.wikidata.org/entity/Q73542,https://de.wikipedia.org/wiki/Heroldsberg,Point(11.15 49.533333333),10.278,49.533333333333,11.15,37,http://www.wikidata.org/entity/Q100341898,Heroldsberg,market municipality of Germany,https://en.wikipedia.org/wiki/Heroldsberg,S,orange
10,http://www.wikidata.org/entity/Q524234,https://de.wikipedia.org/wiki/Veitsbronn,Point(10.889444444 49.510833333),14.975,49.510833333333,10.889444444444,37,http://www.wikidata.org/entity/Q116457956,Veitsbronn,municipality without town privileges in Germany,https://en.wikipedia.org/wiki/Veitsbronn,S,orange
11,http://www.wikidata.org/entity/Q521007,https://de.wikipedia.org/wiki/Obermichelbach,Point(10.91 49.530833333),14.806,49.530833333333,10.91,37,http://www.wikidata.org/entity/Q116457956,Obermichelbach,municipality without town privileges in Germany,https://en.wikipedia.org/wiki/Obermichelbach,S,orange
12,http://www.wikidata.org/entity/Q265994,https://de.wikipedia.org/wiki/Flughafen_N%C3%BCrnberg,Point(11.078008333 49.4987),4.985,49.4987,11.078008333333,36,http://www.wikidata.org/entity/Q21836433,Nuremberg Airport,commercial airport,https://en.wikipedia.org/wiki/Nuremberg_Airport,S,orange
13,http://www.wikidata.org/entity/Q163880,https://de.wikipedia.org/wiki/Pegnitz_(Fluss),Point(10.9867 49.4867),7.495,49.7582,11.5377,36,http://www.wikidata.org/entity/Q355304,Pegnitz,watercourse,https://en.wikipedia.org/wiki/Pegnitz_(river),S,orange
17,http://www.wikidata.org/entity/Q160721,https://de.wikipedia.org/wiki/N%C3%BCrnberger_%C3%84rzteprozess,Point(11.0485 49.4543),2.082,49.4543,11.0485,35,http://www.wikidata.org/entity/Q1265353,Nuremberg Medical Trial,war crimes trial,https://en.wikipedia.org/wiki/Doctors%27_Trial,S,orange
20,http://www.wikidata.org/entity/Q529947,https://de.wikipedia.org/wiki/R%C3%BCckersdorf_(Mittelfranken),Point(11.25 49.5),13.49,49.5,11.25,35,http://www.wikidata.org/entity/Q116457956,Rückersdorf,municipality without town privileges in Germany,"https://en.wikipedia.org/wiki/R%C3%BCckersdorf,_Bavaria",S,orange
21,http://www.wikidata.org/entity/Q507773,https://de.wikipedia.org/wiki/Kalchreuth,Point(11.133333333 49.566666666),13.178,49.566666666667,11.133333333333,35,http://www.wikidata.org/entity/Q116457956,Kalchreuth,municipality without town privileges in Germany,https://en.wikipedia.org/wiki/Kalchreuth,S,orange
22,http://www.wikidata.org/entity/Q508122,https://de.wikipedia.org/wiki/Schwaig_bei_N%C3%BCrnberg,Point(11.200833333 49.469166666),9.088,49.469166666667,11.200833333333,35,http://www.wikidata.org/entity/Q116457956,Schwaig bei Nürnberg,municipality without town privileges in Germany,https://en.wikipedia.org/wiki/Schwaig,S,orange
24,http://www.wikidata.org/entity/Q643525,https://de.wikipedia.org/wiki/Regnitz,Point(10.9867 49.4867),7.495,49.9144,10.8303,32,http://www.wikidata.org/entity/Q4022,Regnitz,river,https://en.wikipedia.org/wiki/Regnitz,S,orange
26,http://www.wikidata.org/entity/Q707396,https://de.wikipedia.org/wiki/N%C3%BCrnberger_Burg,Point(11.0759 49.4579),0.459,49.4579,11.0759,30,http://www.wikidata.org/entity/Q23413,Nuremberg Castle,castle,https://en.wikipedia.org/wiki/Nuremberg_Castle,S,orange
27,http://www.wikidata.org/entity/Q694389,https://de.wikipedia.org/wiki/Rednitz,Point(10.9867 49.4867),7.495,49.1881,11.0222,25,http://www.wikidata.org/entity/Q4022,Rednitz,river,https://en.wikipedia.org/wiki/Rednitz,S,orange
29,http://www.wikidata.org/entity/Q478695,https://de.wikipedia.org/wiki/Germanisches_Nationalmuseum,Point(11.075556 49.448333),0.629,49.448333,11.075556,25,http://www.wikidata.org/entity/Q163740,Germanisches Nationalmuseum,nonprofit organization,https://en.wikipedia.org/wiki/Germanisches_Nationalmuseum,S,orange
32,http://www.wikidata.org/entity/Q819439,https://de.wikipedia.org/wiki/Reichsparteitagsgel%C3%A4nde,Point(11.117530086 49.426632775),4.199,49.426632775011,11.117530086817,24,http://www.wikidata.org/entity/Q1497364,Nazi party rally grounds,building complex,https://en.wikipedia.org/wiki/Nazi_Party_rally_grounds,S,orange
33,http://www.wikidata.org/entity/Q684301,https://de.wikipedia.org/wiki/Sportpark_Ronhof,Point(10.999167 49.486944),6.737,49.486944,10.999167,22,http://www.wikidata.org/entity/Q1154710,Trolli Arena,association football venue,https://en.wikipedia.org/wiki/Sportpark_Ronhof_Thomas_Sommer,S,orange
34,http://www.wikidata.org/entity/Q368576,https://de.wikipedia.org/wiki/St._Sebald_(N%C3%BCrnberg),Point(11.076475 49.455314),0.171,49.455314,11.076475,21,http://www.wikidata.org/entity/Q16970,St. Sebaldus,church building,"https://en.wikipedia.org/wiki/St._Sebaldus_Church,_Nuremberg",S,orange
35,http://www.wikidata.org/entity/Q820192,https://de.wikipedia.org/wiki/Juristenprozess,Point(11.048505 49.45433833),2.082,49.45433833,11.048505,19,http://www.wikidata.org/entity/Q1265353,Judges' Trial,war crimes trial,https://en.wikipedia.org/wiki/Judges%27_Trial,A,green
36,http://www.wikidata.org/entity/Q628929,https://de.wikipedia.org/wiki/N%C3%BCrnberger_Flugblatt_von_1561,Point(11.083333 49.45),0.613,49.45,11.083333,19,http://www.wikidata.org/entity/Q189349,1561 celestial phenomenon over Nuremberg,urban legend,https://en.wikipedia.org/wiki/1561_celestial_phenomenon_over_Nuremberg,A,green
38,http://www.wikidata.org/entity/Q682583,https://de.wikipedia.org/wiki/N%C3%BCrnberg_Hauptbahnhof,Point(11.081944444 49.446388888),0.897,49.446388888889,11.081944444444,19,http://www.wikidata.org/entity/Q18543139,Nuremberg Central Station,central station,https://en.wikipedia.org/wiki/N%C3%BCrnberg_Hauptbahnhof,A,green
39,http://www.wikidata.org/entity/Q702903,https://de.wikipedia.org/wiki/Norisring,Point(11.125 49.4314),4.259,49.4314,11.125,19,http://www.wikidata.org/entity/Q926439,Norisring,street circuit,https://en.wikipedia.org/wiki/Norisring,A,green
40,http://www.wikidata.org/entity/Q707357,https://de.wikipedia.org/wiki/St._Lorenz_(N%C3%BCrnberg),Point(11.078702397 49.450999894),0.335,49.450999894273,11.078702397907,19,http://www.wikidata.org/entity/Q16970,St. Lawrence,church building,"https://en.wikipedia.org/wiki/St._Lorenz,_Nuremberg",A,green
41,http://www.wikidata.org/entity/Q445400,https://de.wikipedia.org/wiki/Ludwig-Donau-Main-Kanal,Point(11.0762 49.41022),4.854,49.41022,11.0762,18,http://www.wikidata.org/entity/Q12284,Ludwig Canal,canal,https://en.wikipedia.org/wiki/Ludwig_Canal,A,green
42,http://www.wikidata.org/entity/Q695069,https://de.wikipedia.org/wiki/Frauenkirche_(N%C3%BCrnberg),Point(11.078186957 49.454034655),0.067,49.45403465522,11.078186957077,18,http://www.wikidata.org/entity/Q317557,Frauenkirche,parish church,"https://en.wikipedia.org/wiki/Frauenkirche,_Nuremberg",A,green
44,http://www.wikidata.org/entity/Q166438,https://de.wikipedia.org/wiki/N%C3%BCrnberger_Spielwarenmesse,Point(11.11773333 49.41739444),5.0,49.41739444,11.11773333,17,http://www.wikidata.org/entity/Q57305,Nuremberg International Toy Fair,trade fair,https://en.wikipedia.org/wiki/Nuremberg_International_Toy_Fair,A,green
45,http://www.wikidata.org/entity/Q523148,https://de.wikipedia.org/wiki/Albrecht-D%C3%BCrer-Haus,Point(11.0739 49.4572),0.444,49.4572,11.0739,17,http://www.wikidata.org/entity/Q207694,Albrecht Dürer's House,art museum,https://en.wikipedia.org/wiki/Albrecht_D%C3%BCrer%27s_House,A,green
47,http://www.wikidata.org/entity/Q564895,https://de.wikipedia.org/wiki/S-Bahn_N%C3%BCrnberg,Point(11.083333333 49.45),0.613,49.45,11.083333333333,17,http://www.wikidata.org/entity/Q95723,Nuremberg S-Bahn,S-Bahn,https://en.wikipedia.org/wiki/Nuremberg_S-Bahn,A,green
48,http://www.wikidata.org/entity/Q538314,https://de.wikipedia.org/wiki/Stadtmauer_(N%C3%BCrnberg),Point(11.0883 49.4577),0.902,49.4577,11.0883,14,http://www.wikidata.org/entity/Q16748868,City walls of Nuremberg,city walls,https://en.wikipedia.org/wiki/City_walls_of_Nuremberg,A,green
49,http://www.wikidata.org/entity/Q686220,https://de.wikipedia.org/wiki/Tiergarten_N%C3%BCrnberg,Point(11.144819921 49.447367421),4.934,49.447367421531,11.144819921531,14,http://www.wikidata.org/entity/Q43501,Nuremberg Zoo,zoo,https://en.wikipedia.org/wiki/Nuremberg_Zoo,A,green
50,http://www.wikidata.org/entity/Q318656,https://de.wikipedia.org/wiki/Stra%C3%9Fenbahn_N%C3%BCrnberg,Point(11.0833 49.45),0.611,49.45,11.0833,13,http://www.wikidata.org/entity/Q15640053,Nuremberg tram system,tram system,https://en.wikipedia.org/wiki/Trams_in_Nuremberg,A,green
51,http://www.wikidata.org/entity/Q2002331,https://de.wikipedia.org/wiki/Schlacht_an_der_Alten_Veste,Point(10.96527778 49.45277778),8.098,49.45277778,10.96527778,13,http://www.wikidata.org/entity/Q178561,Battle of the Alte Veste,battle,https://en.wikipedia.org/wiki/Battle_of_the_Alte_Veste,A,green
52,http://www.wikidata.org/entity/Q128652,https://de.wikipedia.org/wiki/Justizpalast_(N%C3%BCrnberg),Point(11.046461274 49.454830791),2.231,49.454830791892,11.046461274603,12,http://www.wikidata.org/entity/Q1137809,Palace of Justice,courthouse,"https://en.wikipedia.org/wiki/Palace_of_Justice,_Nuremberg",A,green
54,http://www.wikidata.org/entity/Q458915,https://de.wikipedia.org/wiki/Verkehrsmuseum_N%C3%BCrnberg,Point(11.074444 49.445556),0.947,49.445556,11.074444,12,http://www.wikidata.org/entity/Q18704634,Nuremberg Transport Museum,railway museum,https://en.wikipedia.org/wiki/Nuremberg_Transport_Museum,A,green
55,http://www.wikidata.org/entity/Q473806,https://de.wikipedia.org/wiki/Deutsches_Stadion_(N%C3%BCrnberg),Point(11.114142 49.422197),4.416,49.422197,11.114142,12,http://www.wikidata.org/entity/Q483110,Deutsches Stadion,stadium,https://en.wikipedia.org/wiki/Deutsches_Stadion,A,green
57,http://www.wikidata.org/entity/Q883512,https://de.wikipedia.org/wiki/Staatstheater_N%C3%BCrnberg,Point(11.0751 49.4464),0.846,49.4464,11.0751,12,http://www.wikidata.org/entity/Q153562,Staatstheater Nürnberg,opera house,https://en.wikipedia.org/wiki/Staatstheater_N%C3%BCrnberg,A,green
59,http://www.wikidata.org/entity/Q832700,https://de.wikipedia.org/wiki/N%C3%BCrnberger_Christkindlesmarkt,Point(11.0772661 49.45393727),0.008,49.45393727,11.0772661,11,http://www.wikidata.org/entity/Q11483816,Christkindlesmarkt,annual event,"https://en.wikipedia.org/wiki/Christkindlesmarkt,_Nuremberg",A,green
61,http://www.wikidata.org/entity/Q519595,https://de.wikipedia.org/wiki/Sch%C3%B6ner_Brunnen_(N%C3%BCrnberg),Point(11.077035418 49.454225847),0.044,49.454225847317,11.077035418164,10,http://www.wikidata.org/entity/Q43483,Schöner Brunnen,water well,https://en.wikipedia.org/wiki/Sch%C3%B6ner_Brunnen,A,green
66,http://www.wikidata.org/entity/Q1225005,https://de.wikipedia.org/wiki/Heilig-Geist-Spital_(N%C3%BCrnberg),Point(11.079302073 49.452964525),0.177,49.452964525758,11.079302073172,9,http://www.wikidata.org/entity/Q1594896,Heilig-Geist-Spital Nuremberg,Heilig-Geist-Spital,https://en.wikipedia.org/wiki/Heilig-Geist-Spital,B,violet
78,http://www.wikidata.org/entity/Q833679,https://de.wikipedia.org/wiki/Fleischbr%C3%BCcke,Point(11.0768 49.4529),0.114,49.4529,11.0768,9,http://www.wikidata.org/entity/Q158438,Fleischbrücke (Nürnberg),arch bridge,https://en.wikipedia.org/wiki/Fleisch_Bridge,B,violet
81,http://www.wikidata.org/entity/Q878524,https://de.wikipedia.org/wiki/Schwarzach_(Rednitz),Point(11.0697 49.3314),13.629,49.3314,11.0697,9,http://www.wikidata.org/entity/Q4022,Schwarzach,river,https://en.wikipedia.org/wiki/Schwarzach_(Rednitz),B,violet
84,http://www.wikidata.org/entity/Q460855,https://de.wikipedia.org/wiki/PSD_Bank_N%C3%BCrnberg_Arena,Point(11.1232 49.4274),4.436,49.4274,11.1232,9,http://www.wikidata.org/entity/Q1763828,PSD Bank Nürnberg ARENA,multi-purpose hall,https://en.wikipedia.org/wiki/PSD_Bank_N%C3%BCrnberg_Arena,B,violet
85,http://www.wikidata.org/entity/Q461314,https://de.wikipedia.org/wiki/Rathaus_(N%C3%BCrnberg),Point(11.0776 49.4552),0.149,49.4552,11.0776,9,http://www.wikidata.org/entity/Q543654,Altes Rathaus Nürnberg,Rathaus,https://en.wikipedia.org/wiki/Nuremberg_City_Hall,B,violet
90,http://www.wikidata.org/entity/Q833478,https://de.wikipedia.org/wiki/U-Bahnhof_Rathenauplatz,Point(11.0894 49.4569),0.937,49.4569,11.0894,8,http://www.wikidata.org/entity/Q2451577,Rathenauplatz metro station,junction station,https://en.wikipedia.org/wiki/Rathenauplatz_station,B,violet
99,http://www.wikidata.org/entity/Q1736108,https://de.wikipedia.org/wiki/Katharinenkloster_N%C3%BCrnberg,Point(11.082130337 49.451990592),0.407,49.451990592205,11.082130337993,8,http://www.wikidata.org/entity/Q109607,"Katharinenkirche, Nuremberg",ruins,"https://en.wikipedia.org/wiki/Katharinenkirche,_Nuremberg",B,violet
109,http://www.wikidata.org/entity/Q835973,https://de.wikipedia.org/wiki/Gauchsbach,Point(11.1736 49.3614),12.42,49.3614,11.1736,8,http://www.wikidata.org/entity/Q355304,Gauchsbach,watercourse,https://en.wikipedia.org/wiki/Gauchsbach,B,violet
115,http://www.wikidata.org/entity/Q317594,https://de.wikipedia.org/wiki/Mittlere_Aurach,Point(10.9834 49.5712),14.702,49.5712,10.9834,8,http://www.wikidata.org/entity/Q4022,Aurach,river,"https://en.wikipedia.org/wiki/Aurach_(Regnitz,_Mittelfranken)",B,violet
116,http://www.wikidata.org/entity/Q319542,https://de.wikipedia.org/wiki/F%C3%BCrth_(Bayern)_Hauptbahnhof,Point(10.990124 49.469947),6.549,49.469947,10.990124,8,http://www.wikidata.org/entity/Q18543139,Fürth Central Station,central station,https://en.wikipedia.org/wiki/F%C3%BCrth_Hauptbahnhof,B,violet
117,http://www.wikidata.org/entity/Q895720,https://de.wikipedia.org/wiki/Neues_Museum_N%C3%BCrnberg,Point(11.08 49.4478),0.703,49.4478,11.08,8,http://www.wikidata.org/entity/Q207694,Neues Museum Nürnberg,art museum,https://en.wikipedia.org/wiki/Neues_Museum_N%C3%BCrnberg,B,violet
118,http://www.wikidata.org/entity/Q896228,https://de.wikipedia.org/wiki/Rock_im_Park,Point(11.12222 49.42917),4.253,49.42917,11.12222,8,http://www.wikidata.org/entity/Q868557,Rock im Park,music festival,,B,violet
134,http://www.wikidata.org/entity/Q833588,https://de.wikipedia.org/wiki/U-Bahnhof_Rothenburger_Stra%C3%9Fe,Point(11.0553 49.4444),1.907,49.4444,11.0553,7,http://www.wikidata.org/entity/Q2451577,Rothenburger Straße metro station,junction station,https://en.wikipedia.org/wiki/Rothenburger_Stra%C3%9Fe_station,B,violet
166,http://www.wikidata.org/entity/Q856248,https://de.wikipedia.org/wiki/Bibert,Point(10.9844 49.4452),6.784,49.4452,10.9844,7,http://www.wikidata.org/entity/Q4022,Bibert,river,https://en.wikipedia.org/wiki/Bibert,B,violet
167,http://www.wikidata.org/entity/Q880086,https://de.wikipedia.org/wiki/Gr%C3%BCndlach,Point(10.9775 49.5429),12.245,49.5429,10.9775,7,http://www.wikidata.org/entity/Q4022,Gründlach,river,https://en.wikipedia.org/wiki/Gr%C3%BCndlach,B,violet
175,http://www.wikidata.org/entity/Q414041,https://de.wikipedia.org/wiki/Akademie_der_Bildenden_K%C3%BCnste_N%C3%BCrnberg,Point(11.135396642 49.445693214),4.297,49.445693214585,11.135396642661,7,http://www.wikidata.org/entity/Q383092,"Academy of Fine Arts, Nuremberg",art academy,"https://en.wikipedia.org/wiki/Academy_of_Fine_Arts,_Nuremberg",B,violet
177,http://www.wikidata.org/entity/Q733883,https://de.wikipedia.org/wiki/Schwabach_(Rednitz),Point(11.0554 49.3413),12.617,49.3317,10.7696,7,http://www.wikidata.org/entity/Q4022,Schwabach,river,https://en.wikipedia.org/wiki/Schwabach_(Rednitz),B,violet
183,http://www.wikidata.org/entity/Q2318048,https://de.wikipedia.org/wiki/St._Egidien_(N%C3%BCrnberg),Point(11.081799123 49.456566323),0.442,49.4566,11.0815,7,http://www.wikidata.org/entity/Q16970,St. Egidien,church building,"https://en.wikipedia.org/wiki/St._Egidien,_Nuremberg",B,violet
187,http://www.wikidata.org/entity/Q458405,https://de.wikipedia.org/wiki/Fernmeldeturm_N%C3%BCrnberg,Point(11.038888888 49.426111111),4.152,49.426111111111,11.038888888889,7,http://www.wikidata.org/entity/Q11166728,Fernmeldeturm Nürnberg,television tower,https://en.wikipedia.org/wiki/Fernmeldeturm_N%C3%BCrnberg,B,violet
188,http://www.wikidata.org/entity/Q985129,https://de.wikipedia.org/wiki/Nassauer_Haus,Point(11.0777 49.4511),0.31,49.4511,11.0777,7,http://www.wikidata.org/entity/Q12518,Nassauer Haus,tower,https://en.wikipedia.org/wiki/Nassauer_Haus,B,violet
191,http://www.wikidata.org/entity/Q1627131,https://de.wikipedia.org/wiki/Pellerhaus,Point(11.080955555 49.456947222),0.432,49.456947222222,11.080955555556,7,http://www.wikidata.org/entity/Q41176,Pellerhaus,building,https://en.wikipedia.org/wiki/Pellerhaus,B,violet
192,http://www.wikidata.org/entity/Q7510280,,Point(11.077777777 49.452777777),0.127,49.452777777778,11.077777777778,7,http://www.wikidata.org/entity/Q188055,Siege of Nuremberg,siege,https://en.wikipedia.org/wiki/Siege_of_Nuremberg,B,violet
196,http://www.wikidata.org/entity/Q261203,https://de.wikipedia.org/wiki/Ehekarussell,Point(11.071 49.4506),0.583,49.4506,11.071,6,http://www.wikidata.org/entity/Q483453,Ehekarussell,fountain,,B,violet
199,http://www.wikidata.org/entity/Q1733910,https://de.wikipedia.org/wiki/Karlsbr%C3%BCcke_(N%C3%BCrnberg),Point(11.074529616 49.453070178),0.219,49.453070178724,11.074529616176,6,http://www.wikidata.org/entity/Q158438,Karlsbrücke (Nuremberg),arch bridge,,B,violet
202,http://www.wikidata.org/entity/Q154364,https://de.wikipedia.org/wiki/St._Elisabeth_(N%C3%BCrnberg),Point(11.0697 49.4501),0.691,49.4501,11.0697,6,http://www.wikidata.org/entity/Q317557,St. Elizabeth,parish church,"https://en.wikipedia.org/wiki/St._Elizabeth,_Nuremberg",B,violet
204,http://www.wikidata.org/entity/Q827222,https://de.wikipedia.org/wiki/Fischbach_(Goldbach),Point(11.130555555 49.433055555),4.492,49.433055555556,11.130555555556,6,http://www.wikidata.org/entity/Q355304,Fischbach,watercourse,https://en.wikipedia.org/wiki/Fischbach_(Pegnitz),B,violet
209,http://www.wikidata.org/entity/Q138528,https://de.wikipedia.org/wiki/St._Jakob_(N%C3%BCrnberg),Point(11.0699 49.4495),0.723,49.4495,11.0699,6,http://www.wikidata.org/entity/Q317557,St. Jakob,parish church,"https://en.wikipedia.org/wiki/St._Jakob,_Nuremberg",B,violet
213,http://www.wikidata.org/entity/Q870529,https://de.wikipedia.org/wiki/Goldbach_(Pegnitz),Point(11.1325 49.4389),4.324,49.4389,11.1325,6,http://www.wikidata.org/entity/Q4022,Goldbach,river,https://en.wikipedia.org/wiki/Goldbach_(Pegnitz),B,violet
214,http://www.wikidata.org/entity/Q877333,https://de.wikipedia.org/wiki/Dokumentationszentrum_Reichsparteitagsgel%C3%A4nde,Point(11.1128 49.4339),3.394,49.4339,11.1128,6,http://www.wikidata.org/entity/Q16735822,Documentation Center Nazi Party Rally Grounds,history museum,https://en.wikipedia.org/wiki/Documentation_Center_Nazi_Party_Rally_Grounds,B,violet
215,http://www.wikidata.org/entity/Q1311217,https://de.wikipedia.org/wiki/Kettensteg_(N%C3%BCrnberg),Point(11.070889557 49.454271438),0.465,49.45427143891,11.070889557185,6,http://www.wikidata.org/entity/Q1068842,Chain Bridge,footbridge,https://en.wikipedia.org/wiki/Chain_Bridge_(Nuremberg),B,violet
217,http://www.wikidata.org/entity/Q1390181,https://de.wikipedia.org/wiki/Faberschloss,Point(11.0212 49.4174),5.736,49.4174,11.0212,6,http://www.wikidata.org/entity/Q751876,Faber-Castell-Schloss,château,,B,violet
218,http://www.wikidata.org/entity/Q2354270,https://de.wikipedia.org/wiki/Stra%C3%9Fe_der_Menschenrechte,Point(11.0752 49.4482),0.649,49.4482,11.0752,6,http://www.wikidata.org/entity/Q860861,Way of Human Rights,sculpture,https://en.wikipedia.org/wiki/Way_of_Human_Rights,B,violet
221,http://www.wikidata.org/entity/Q2310413,https://de.wikipedia.org/wiki/Spielzeugmuseum_N%C3%BCrnberg,Point(11.074379801 49.45454007),0.224,49.454540070554,11.074379801206,6,http://www.wikidata.org/entity/Q2310465,Nuremberg Toy Museum,toy museum,https://en.wikipedia.org/wiki/Nuremberg_Toy_Museum,B,violet
222,http://www.wikidata.org/entity/Q2321040,https://de.wikipedia.org/wiki/St._Martha_(N%C3%BCrnberg),Point(11.081 49.4485),0.655,49.4485,11.081,6,http://www.wikidata.org/entity/Q16970,St. Martha,church building,"https://en.wikipedia.org/wiki/St._Martha,_Nuremberg",B,violet
227,http://www.wikidata.org/entity/Q1569173,https://de.wikipedia.org/wiki/Rochusfriedhof_(N%C3%BCrnberg),Point(11.060277777 49.4475),1.42,49.4475,11.060277777778,6,http://www.wikidata.org/entity/Q39614,St. Rochus Cemetery,cemetery,"https://en.wikipedia.org/wiki/St._Rochus_Cemetery,_Nuremberg",B,violet
228,http://www.wikidata.org/entity/Q2556277,https://de.wikipedia.org/wiki/Weinstadel,Point(11.0732 49.4536),0.298,49.4536,11.0732,6,http://www.wikidata.org/entity/Q41176,Weinstadel,building,,B,violet
229,http://www.wikidata.org/entity/Q15309917,https://de.wikipedia.org/wiki/Haimendorfer_Forst,Point(11.223705555 49.45945),10.6,49.45945,11.223705555556,6,http://www.wikidata.org/entity/Q15974311,Haimendorfer Forst,unincorporated area in Germany,,B,violet
236,http://www.wikidata.org/entity/Q10375134,,Point(11.0833 49.45),0.611,49.45,11.0833,6,http://www.wikidata.org/entity/Q27020041,1931 Summer Deaflympics,sports season,https://en.wikipedia.org/wiki/1931_Summer_Deaflympics,B,violet
237,http://www.wikidata.org/entity/Q15727825,,Point(11.0167 49.4667),4.606,49.4667,11.0167,6,http://www.wikidata.org/entity/Q178561,Battle of Fürth,battle,https://en.wikipedia.org/wiki/Battle_of_F%C3%BCrth,B,violet
238,http://www.wikidata.org/entity/Q15958599,,Point(11.079722222 49.453333333),0.185,49.453333333333,11.079722222222,6,http://www.wikidata.org/entity/Q34627,Grand Synagogue of Nuremberg,synagogue,https://en.wikipedia.org/wiki/Grand_Synagogue_of_Nuremberg,B,violet
239,http://www.wikidata.org/entity/Q1245519,https://de.wikipedia.org/wiki/Dormitzer_Forst,Point(11.0908 49.5633),12.206,49.5633,11.0908,5,http://www.wikidata.org/entity/Q15974311,Dormitzer Forst,unincorporated area in Germany,,B,violet
240,http://www.wikidata.org/entity/Q1272268,https://de.wikipedia.org/wiki/Fischbach_(gemeindefreies_Gebiet),Point(11.2031 49.4083),10.413,49.4083,11.2031,5,http://www.wikidata.org/entity/Q15974311,Fischbach,unincorporated area in Germany,,B,violet
241,http://www.wikidata.org/entity/Q1279207,https://de.wikipedia.org/wiki/Pilatushaus_(N%C3%BCrnberg),Point(11.0746 49.4576),0.458,49.4576,11.0746,5,http://www.wikidata.org/entity/Q12020836,Pilatushaus,timber-framed house,,B,violet
243,http://www.wikidata.org/entity/Q189636,https://de.wikipedia.org/wiki/Zenn,Point(10.9705 49.5224),10.843,49.5224,10.9705,5,http://www.wikidata.org/entity/Q159675,Zenn,tributary,https://en.wikipedia.org/wiki/Zenn_(river),B,violet
244,http://www.wikidata.org/entity/Q196794,https://de.wikipedia.org/wiki/Zerzabelshofer_Forst,Point(11.1692 49.4461),6.699,49.4461,11.1692,5,http://www.wikidata.org/entity/Q15974311,Zerzabelshofer Forst,unincorporated area in Germany,,B,violet
245,http://www.wikidata.org/entity/Q1772161,https://de.wikipedia.org/wiki/Wei%C3%9Fgerbergasse_(N%C3%BCrnberg),Point(11.073 49.4552),0.344,49.4552,11.073,5,http://www.wikidata.org/entity/Q79007,Weißgerbergasse (Nürnberg),street,,B,violet
247,http://www.wikidata.org/entity/Q814568,https://de.wikipedia.org/wiki/Behringersdorfer_Forst,Point(11.2031 49.4972),10.287,49.4972,11.2031,5,http://www.wikidata.org/entity/Q15974311,Behringersdorfer Forst,unincorporated area in Germany,,B,violet
248,http://www.wikidata.org/entity/Q835535,https://de.wikipedia.org/wiki/Fraunhofer-Institut_f%C3%BCr_Integrierte_Schaltungen,Point(11.0196 49.5472),11.182,49.5472,11.0196,5,http://www.wikidata.org/entity/Q20168706,Fraunhofer Institute for Integrated Circuits,Fraunhofer institute,,B,violet
250,http://www.wikidata.org/entity/Q1911848,https://de.wikipedia.org/wiki/Mauthalle_(N%C3%BCrnberg),Point(11.0786 49.4493),0.517,49.4493,11.0786,5,http://www.wikidata.org/entity/Q41176,Mauthalle,building,,B,violet
251,http://www.wikidata.org/entity/Q1327984,https://de.wikipedia.org/wiki/Maxbr%C3%BCcke_(N%C3%BCrnberg),Point(11.0726 49.4534),0.344,49.4534,11.0726,5,http://www.wikidata.org/entity/Q158438,Maxbrücke,arch bridge,,B,violet
253,http://www.wikidata.org/entity/Q1329963,https://de.wikipedia.org/wiki/Farrnbach,Point(10.9747 49.5008),9.065,49.5008,10.9747,5,http://www.wikidata.org/entity/Q4022,Farrnbach,river,https://en.wikipedia.org/wiki/Farrnbach,B,violet
254,http://www.wikidata.org/entity/Q1409367,https://de.wikipedia.org/wiki/Feuchter_Forst,Point(11.2431 49.3819),14.418,49.3819,11.2431,5,http://www.wikidata.org/entity/Q15974311,Feuchter Forst,unincorporated area in Germany,,B,violet
255,http://www.wikidata.org/entity/Q1488981,https://de.wikipedia.org/wiki/Sch%C3%BCrstabhaus,Point(11.0764 49.4558),0.224,49.4558,11.0764,5,http://www.wikidata.org/entity/Q41176,"Albrecht-Dürer-Platz 4, Schürstabhaus",building,,B,violet
256,http://www.wikidata.org/entity/Q1499414,https://de.wikipedia.org/wiki/Laufamholzer_Forst,Point(11.1964 49.4442),8.676,49.4442,11.1964,5,http://www.wikidata.org/entity/Q15974311,Laufamholzer Forst,unincorporated area in Germany,,B,violet
257,http://www.wikidata.org/entity/Q2432227,https://de.wikipedia.org/wiki/Tierg%C3%A4rtnertor,Point(11.0743 49.4575),0.458,49.4575,11.0743,5,http://www.wikidata.org/entity/Q12518,Tiergärtnertor,tower,,B,violet
260,http://www.wikidata.org/entity/Q2496747,https://de.wikipedia.org/wiki/Unschlittplatz,Point(11.0724 49.4528),0.374,49.4528,11.0724,5,http://www.wikidata.org/entity/Q174782,Unschlittplatz,square,,B,violet
261,http://www.wikidata.org/entity/Q549878,https://de.wikipedia.org/wiki/Kart%C3%A4userkloster_N%C3%BCrnberg,Point(11.0764 49.4481),0.645,49.4481,11.0764,5,http://www.wikidata.org/entity/Q2742167,Nuremberg Charterhouse,religious community,https://en.wikipedia.org/wiki/Nuremberg_Charterhouse,B,violet
264,http://www.wikidata.org/entity/Q2203229,https://de.wikipedia.org/wiki/R%C3%BCckersdorfer_Forst,Point(11.2358 49.5192),13.559,49.5192,11.2358,5,http://www.wikidata.org/entity/Q15974311,Rückersdorfer Forst,unincorporated area in Germany,,B,violet
265,http://www.wikidata.org/entity/Q2250927,https://de.wikipedia.org/wiki/Schuldturm_(N%C3%BCrnberg),Point(11.0809 49.4526),0.296,49.4526,11.0809,5,http://www.wikidata.org/entity/Q12518,Schuldturm,tower,,B,violet
266,http://www.wikidata.org/entity/Q884805,https://de.wikipedia.org/wiki/Knoblauchsland,Point(11.0364 49.4889),4.889,49.4889,11.0364,5,http://www.wikidata.org/entity/Q82794,Knoblauchsland,region,,B,violet
267,http://www.wikidata.org/entity/Q972490,https://de.wikipedia.org/wiki/Narrenschiffbrunnen_(N%C3%BCrnberg),Point(11.0781 49.4531),0.104,49.4531,11.0781,5,http://www.wikidata.org/entity/Q43483,Narrenschiff (Nürnberg),water well,,B,violet
268,http://www.wikidata.org/entity/Q992716,https://de.wikipedia.org/wiki/Brunn_(gemeindefreies_Gebiet),Point(11.2378 49.4369),11.756,49.4369,11.2378,5,http://www.wikidata.org/entity/Q15974311,Brunn,unincorporated area in Germany,,B,violet
269,http://www.wikidata.org/entity/Q1017529,https://de.wikipedia.org/wiki/Business_Tower_N%C3%BCrnberg,Point(11.1171 49.4546),2.878,49.4546,11.1171,5,http://www.wikidata.org/entity/Q12518,Business-Tower (Nuremberg),tower,https://en.wikipedia.org/wiki/Business_Tower_N%C3%BCrnberg,B,violet
270,http://www.wikidata.org/entity/Q1438221,https://de.wikipedia.org/wiki/Forst_Kleinschwarzenlohe,Point(11.1364 49.3775),9.507,49.3775,11.1364,5,http://www.wikidata.org/entity/Q15974311,Forst Kleinschwarzenlohe,unincorporated area in Germany,,B,violet
271,http://www.wikidata.org/entity/Q1438227,https://de.wikipedia.org/wiki/Forst_Tennenlohe,Point(11.05 49.5564),11.569,49.5564,11.05,5,http://www.wikidata.org/entity/Q15974311,Forst Tennenlohe,unincorporated area in Germany,,B,violet
272,http://www.wikidata.org/entity/Q1438322,https://de.wikipedia.org/wiki/Forsthof_(gemeindefreies_Gebiet),Point(11.1556 49.4278),6.36,49.4278,11.1556,5,http://www.wikidata.org/entity/Q15974311,Forsthof,unincorporated area in Germany,,B,violet
273,http://www.wikidata.org/entity/Q1561987,https://de.wikipedia.org/wiki/G%C3%BCnthersb%C3%BChler_Forst,Point(11.2044 49.5231),11.98,49.5231,11.2044,5,http://www.wikidata.org/entity/Q15974311,Günthersbühler Forst,unincorporated area in Germany,,B,violet
274,http://www.wikidata.org/entity/Q2557138,https://de.wikipedia.org/wiki/Wei%C3%9Fer_Turm_(N%C3%BCrnberg),Point(11.0707 49.4504),0.614,49.4504,11.0707,5,http://www.wikidata.org/entity/Q12518,Weißer Turm,tower,,B,violet
278,http://www.wikidata.org/entity/Q1589543,https://de.wikipedia.org/wiki/Hauptmarkt_(N%C3%BCrnberg),Point(11.0769 49.4539),0.029,49.4539,11.0769,5,http://www.wikidata.org/entity/Q174782,Hauptmarkt,square,,B,violet
279,http://www.wikidata.org/entity/Q1605293,https://de.wikipedia.org/wiki/Henkersteg,Point(11.073326456 49.453381738),0.292,49.453381738199,11.073326456187,5,http://www.wikidata.org/entity/Q299232,Henkersteg,chemin de ronde,,B,violet
282,http://www.wikidata.org/entity/Q1615657,https://de.wikipedia.org/wiki/Hesperideng%C3%A4rten,Point(11.0636 49.4579),1.087,49.4579,11.0636,5,http://www.wikidata.org/entity/Q1107656,Hesperidengärten,garden,,B,violet
284,http://www.wikidata.org/entity/Q1786000,https://de.wikipedia.org/wiki/Kraftshofer_Forst,Point(11.0903 49.5139),6.74,49.5139,11.0903,5,http://www.wikidata.org/entity/Q15974311,Kraftshofer Forst,unincorporated area in Germany,,B,violet
287,http://www.wikidata.org/entity/Q1254235,https://de.wikipedia.org/wiki/Laufer_Tor,Point(11.08806 49.45755),0.879,49.45755,11.08806,4,http://www.wikidata.org/entity/Q53060,Laufer Tor,gate,,C,yellow
288,http://www.wikidata.org/entity/Q1272032,https://de.wikipedia.org/wiki/D%C3%BCrer-Pirckheimer-Brunnen,Point(11.0732 49.4541),0.297,49.4541,11.0732,4,http://www.wikidata.org/entity/Q43483,Dürer-Pirckheimer-Brunnen,water well,,C,yellow
289,http://www.wikidata.org/entity/Q1289877,https://de.wikipedia.org/wiki/Fischbach_bei_N%C3%BCrnberg,Point(11.193611111 49.421111111),9.165,49.421111111111,11.193611111111,4,http://www.wikidata.org/entity/Q253019,Fischbach bei Nürnberg,Ortsteil,https://en.wikipedia.org/wiki/Fischbach_(Nuremberg),C,yellow
292,http://www.wikidata.org/entity/Q1668088,https://de.wikipedia.org/wiki/Irrhain,Point(11.060357539 49.514658545),6.869,49.51465854564,11.0603575393,4,http://www.wikidata.org/entity/Q22698,Irrhain,park,https://en.wikipedia.org/wiki/Irrhain,C,yellow
293,http://www.wikidata.org/entity/Q1698918,https://de.wikipedia.org/wiki/Johannisfriedhof_(N%C3%BCrnberg),Point(11.061211563 49.45858605),1.275,49.458586050003,11.061211563308,4,http://www.wikidata.org/entity/Q39614,Johannisfriedhof (Nürnberg),cemetery,,C,yellow
294,http://www.wikidata.org/entity/Q1722095,https://de.wikipedia.org/wiki/Kalchreuther_Forst,Point(11.1156 49.5333),9.255,49.5333,11.1156,4,http://www.wikidata.org/entity/Q15974311,Kalchreuther Forst,unincorporated area in Germany,,C,yellow
295,http://www.wikidata.org/entity/Q1735702,https://de.wikipedia.org/wiki/Luftangriffe_auf_N%C3%BCrnberg,Point(11.0775 49.453888888),0.015,49.453888888889,11.0775,4,http://www.wikidata.org/entity/Q4688003,Bombing of Nuremberg in World War II,aerial bombing of a city,https://en.wikipedia.org/wiki/Bombing_of_Nuremberg_in_World_War_II,C,yellow
296,http://www.wikidata.org/entity/Q1760098,"https://de.wikipedia.org/wiki/Rum%C3%A4nische_Orthodoxe_Metropolie_f%C3%BCr_Deutschland,_Zentral-_und_Nordeuropa",Point(11.03967222 49.45682778),2.739,49.45682778,11.03967222,4,http://www.wikidata.org/entity/Q427961,Q1760098,metropolis,,C,yellow
297,http://www.wikidata.org/entity/Q827256,https://de.wikipedia.org/wiki/Eichenwaldgraben,Point(11.0286 49.3961),7.326,49.3961,11.0286,4,http://www.wikidata.org/entity/Q4022,Eichenwaldgraben,river,https://en.wikipedia.org/wiki/Eichenwaldgraben,C,yellow
298,http://www.wikidata.org/entity/Q878008,https://de.wikipedia.org/wiki/Katzwang,Point(11.05 49.35),11.717,49.35,11.05,4,http://www.wikidata.org/entity/Q253019,Katzwang,Ortsteil,https://en.wikipedia.org/wiki/Katzwang,C,yellow
300,http://www.wikidata.org/entity/Q1875426,https://de.wikipedia.org/wiki/M%C3%B6geldorf,Point(11.131944444 49.459444444),3.998,49.459444444444,11.131944444444,4,http://www.wikidata.org/entity/Q28538792,Mögeldorf,Q28538792,,C,yellow
301,http://www.wikidata.org/entity/Q1912109,https://de.wikipedia.org/wiki/Max-Planck-Institut_f%C3%BCr_die_Physik_des_Lichts,Point(11.027331 49.582461),14.746,49.576667,11.005556,4,http://www.wikidata.org/entity/Q6019423,Max Planck Institute for the Science of Light,Max Planck Institute,https://en.wikipedia.org/wiki/Max_Planck_Institute_for_the_Science_of_Light,C,yellow
305,http://www.wikidata.org/entity/Q1954644,https://de.wikipedia.org/wiki/Museum_f%C3%BCr_Kommunikation_N%C3%BCrnberg,Point(11.07444444 49.44555556),0.947,49.44555556,11.07444444,4,http://www.wikidata.org/entity/Q33506,Museum of Communication Nuremberg,museum,"https://en.wikipedia.org/wiki/Museum_of_Communication,_Nuremberg,_Germany",C,yellow
306,http://www.wikidata.org/entity/Q1355575,https://de.wikipedia.org/wiki/Erlenstegener_Forst,Point(11.1583 49.4889),7.03,49.4889,11.1583,4,http://www.wikidata.org/entity/Q15974311,Erlenstegener Forst,unincorporated area in Germany,,C,yellow
307,http://www.wikidata.org/entity/Q1516261,https://de.wikipedia.org/wiki/Geschaidt,Point(11.1828 49.5381),12.073,49.5381,11.1828,4,http://www.wikidata.org/entity/Q15974311,Geschaidt,unincorporated area in Germany,,C,yellow
308,http://www.wikidata.org/entity/Q1534162,https://de.wikipedia.org/wiki/Schmausenbuck,Point(11.14891 49.44934),5.201,49.44934,11.14891,4,http://www.wikidata.org/entity/Q54050,Schmausenbuck,hill,https://en.wikipedia.org/wiki/Schmausenbuck,C,yellow
311,http://www.wikidata.org/entity/Q1538632,https://de.wikipedia.org/wiki/Gostenhof,Point(11.058888888 49.446666666),1.553,49.446666666667,11.058888888889,4,http://www.wikidata.org/entity/Q28538792,Gostenhof,Q28538792,,C,yellow
312,http://www.wikidata.org/entity/Q785859,https://de.wikipedia.org/wiki/Autobahnkreuz_N%C3%BCrnberg,Point(11.2438 49.4587),12.046,49.4587,11.2438,4,http://www.wikidata.org/entity/Q2376564,Kreuz Nürnberg,interchange,,C,yellow
313,http://www.wikidata.org/entity/Q2380753,https://de.wikipedia.org/wiki/S%C3%BCdfriedhof_(N%C3%BCrnberg),Point(11.088760972 49.409930212),4.956,49.409930212964,11.08876097252,4,http://www.wikidata.org/entity/Q39614,Nürnberg South Cemetery,cemetery,,C,yellow
317,http://www.wikidata.org/entity/Q2454326,https://de.wikipedia.org/wiki/Tritonbrunnen_(N%C3%BCrnberg),Point(11.0724 49.4544),0.359,49.4544,11.0724,4,http://www.wikidata.org/entity/Q43483,Tritonbrunnen,water well,,C,yellow
318,http://www.wikidata.org/entity/Q2459075,https://de.wikipedia.org/wiki/Tucherschloss,Point(11.0842 49.4575),0.642,49.4575,11.0842,4,http://www.wikidata.org/entity/Q751876,Tucherschloss,château,,C,yellow
320,http://www.wikidata.org/entity/Q586580,https://de.wikipedia.org/wiki/Verwaltungsgemeinschaft_Obermichelbach-Tuchenbach,Point(10.91 49.5308),14.804,49.5308,10.91,4,http://www.wikidata.org/entity/Q15725618,Verwaltungsgemeinschaft Obermichelbach-Tuchenbach,administrative community of Bavaria,,C,yellow
321,http://www.wikidata.org/entity/Q2327648,https://de.wikipedia.org/wiki/Stadtmuseum_Fembohaus,Point(11.077170977 49.456549168),0.298,49.456549168857,11.077170977427,4,http://www.wikidata.org/entity/Q2327632,Stadtmuseum Fembohaus,city museum,,C,yellow
323,http://www.wikidata.org/entity/Q2327771,https://de.wikipedia.org/wiki/Stadtpark_N%C3%BCrnberg,Point(11.0925 49.465),1.655,49.465,11.0925,4,http://www.wikidata.org/entity/Q22698,Stadtpark Nürnberg,park,,C,yellow
324,http://www.wikidata.org/entity/Q27836093,https://de.wikipedia.org/wiki/St._Michael_(F%C3%BCrth),Point(10.9885 49.480055555),7.046,49.480055555556,10.9885,4,http://www.wikidata.org/entity/Q317557,St. Michael (Fürth),parish church,"https://en.wikipedia.org/wiki/St._Michael,_F%C3%BCrth",C,yellow
326,http://www.wikidata.org/entity/Q27926530,https://de.wikipedia.org/wiki/F%C3%BCrther_Stadtwald,Point(10.93122 49.46451),10.623,49.46451,10.93122,4,http://www.wikidata.org/entity/Q4421,Fürther Stadtwald,forest,,C,yellow
327,http://www.wikidata.org/entity/Q436352,https://de.wikipedia.org/wiki/Alte_Veste,Point(10.9661 49.4532),8.038,49.4532,10.9661,4,http://www.wikidata.org/entity/Q23413,Alte Veste,castle,,C,yellow
328,http://www.wikidata.org/entity/Q475312,https://de.wikipedia.org/wiki/Evangelische_Hochschule_N%C3%BCrnberg,Point(11.060323 49.450809),1.273,49.450809,11.060323,4,http://www.wikidata.org/entity/Q1365560,Lutheran University of Applied Sciences Nuremberg,university of applied sciences,https://en.wikipedia.org/wiki/Lutheran_University_of_Applied_Sciences_Nuremberg,C,yellow
331,http://www.wikidata.org/entity/Q895956,https://de.wikipedia.org/wiki/N%C3%BCrnberg_Messe,Point(11.115 49.417222),4.903,49.417222,11.115,4,http://www.wikidata.org/entity/Q18674739,Nuremberg Exhibition Centre,event venue,,C,yellow
332,http://www.wikidata.org/entity/Q896486,https://de.wikipedia.org/wiki/Gro%C3%9Fgr%C3%BCndlach,Point(11.008333333 49.527222222),9.557,49.527222222222,11.008333333333,4,http://www.wikidata.org/entity/Q253019,Großgründlach,Ortsteil,,C,yellow
335,http://www.wikidata.org/entity/Q935026,https://de.wikipedia.org/wiki/Faberpark,Point(11.025893268 49.413769618),5.805,49.413769618432,11.025893268648,4,http://www.wikidata.org/entity/Q4421,Faber Park,forest,,C,yellow
337,http://www.wikidata.org/entity/Q999499,https://de.wikipedia.org/wiki/Buckenhofer_Forst,Point(11.0608 49.5819),14.285,49.5819,11.0608,4,http://www.wikidata.org/entity/Q15974311,Buckenhofer Forst,unincorporated area in Germany,,C,yellow
338,http://www.wikidata.org/entity/Q1014921,https://de.wikipedia.org/wiki/Burgfarrnbach,Point(10.925 49.4883),11.651,49.4883,10.925,4,http://www.wikidata.org/entity/Q253019,Burgfarrnbach,Ortsteil,,C,yellow
340,http://www.wikidata.org/entity/Q1439511,https://de.wikipedia.org/wiki/St._Klara_(N%C3%BCrnberg),Point(11.0797 49.4485),0.622,49.4485,11.0797,4,http://www.wikidata.org/entity/Q16970,Klarakirche (Nuremberg),church building,,C,yellow
341,http://www.wikidata.org/entity/Q1451375,https://de.wikipedia.org/wiki/Synagogendenkmal_(N%C3%BCrnberg),Point(11.0807 49.4533),0.254,49.4533,11.0807,4,http://www.wikidata.org/entity/Q4989906,Synagogenmahnmal,monument,,C,yellow
342,http://www.wikidata.org/entity/Q1558805,https://de.wikipedia.org/wiki/G%C3%A4nsem%C3%A4nnchenbrunnen_(N%C3%BCrnberg),Point(11.0777 49.4547),0.097,49.4547,11.0777,4,http://www.wikidata.org/entity/Q43483,Gänsemännchenbrunnen,water well,,C,yellow
343,http://www.wikidata.org/entity/Q1571634,https://de.wikipedia.org/wiki/Hallert%C3%BCrlein,Point(11.071 49.4547),0.464,49.4547,11.071,4,http://www.wikidata.org/entity/Q811979,Hallertürlein (Nürnberg),architectural structure,,C,yellow
344,http://www.wikidata.org/entity/Q1578188,https://de.wikipedia.org/wiki/Hans-Sachs-Denkmal,Point(11.0801 49.4537),0.203,49.4537,11.0801,4,http://www.wikidata.org/entity/Q4989906,Hans-Sachs-Denkmal (Nürnberg),monument,,C,yellow
345,http://www.wikidata.org/entity/Q2556325,https://de.wikipedia.org/wiki/Weinzierlein,Point(10.899166666 49.424444444),13.288,49.424444444444,10.899166666667,4,http://www.wikidata.org/entity/Q253019,Weinzierlein,Ortsteil,https://en.wikipedia.org/wiki/Weinzierlein,C,yellow
347,http://www.wikidata.org/entity/Q2581799,https://de.wikipedia.org/wiki/Willy-Brandt-Denkmal_(N%C3%BCrnberg),Point(11.0865 49.4483),0.909,49.4483,11.0865,4,http://www.wikidata.org/entity/Q860861,Willy Brandt Memorial,sculpture,https://en.wikipedia.org/wiki/Willy_Brandt_Memorial_(Nuremberg),C,yellow
356,http://www.wikidata.org/entity/Q16293227,https://de.wikipedia.org/wiki/R%C3%B6thenbach_(Pegnitz),Point(11.234444444 49.486944444),11.935,49.486944444444,11.234444444444,4,http://www.wikidata.org/entity/Q355304,Röthenbach,watercourse,,C,yellow
364,http://www.wikidata.org/entity/Q16678427,https://de.wikipedia.org/wiki/Synagoge_Adass_Jisroel_(N%C3%BCrnberg),Point(11.07281 49.44597),0.937,49.44597,11.07281,4,http://www.wikidata.org/entity/Q34627,Synagoge Adass Jisroel (Nürnberg),synagogue,,C,yellow
372,http://www.wikidata.org/entity/Q60643610,https://de.wikipedia.org/wiki/Playmobil_FunPark,Point(10.942111 49.430722),10.107,49.430722,10.942111,4,http://www.wikidata.org/entity/Q2099052,Playmobil FunPark in Germany,Playmobil FunPark,,C,yellow
373,http://www.wikidata.org/entity/Q1604544,https://de.wikipedia.org/wiki/Unschlitthaus,Point(11.072737199 49.452724243),0.353,49.452724243772,11.072737199106,4,http://www.wikidata.org/entity/Q41176,Unschlitthaus (Nuremberg-St. Lorenz),building,,C,yellow
377,http://www.wikidata.org/entity/Q1605295,https://de.wikipedia.org/wiki/Henkerturm_(N%C3%BCrnberg),Point(11.073289792 49.45323907),0.298,49.453239070092,11.073289792455,4,http://www.wikidata.org/entity/Q1516079,Henkerturm,cultural heritage ensemble,,C,yellow
379,http://www.wikidata.org/entity/Q1620940,https://de.wikipedia.org/wiki/Historischer_Kunstbunker,Point(11.0754 49.4568),0.353,49.4568,11.0754,4,http://www.wikidata.org/entity/Q91122,Historischer Kunstbunker,bunker,https://en.wikipedia.org/wiki/Historischer_Kunstbunker,C,yellow
381,http://www.wikidata.org/entity/Q1622205,https://de.wikipedia.org/wiki/Hochschule_f%C3%BCr_Musik_N%C3%BCrnberg,Point(11.10868056 49.45861111),2.329,49.45861111,11.10868056,4,http://www.wikidata.org/entity/Q184644,Nuremberg University of Music,conservatory,https://en.wikipedia.org/wiki/Hochschule_f%C3%BCr_Musik_N%C3%BCrnberg,C,yellow
384,http://www.wikidata.org/entity/Q1786001,https://de.wikipedia.org/wiki/Kraftshof,Point(11.046666666 49.5125),6.884,49.5125,11.046666666667,4,http://www.wikidata.org/entity/Q28538792,Kraftshof,Q28538792,,C,yellow
385,http://www.wikidata.org/entity/Q1792415,https://de.wikipedia.org/wiki/Kunsthalle_N%C3%BCrnberg,Point(11.082580976 49.449606772),0.609,49.449606772044,11.082580976581,4,http://www.wikidata.org/entity/Q1475403,Kunsthalle Nürnberg,kunsthalle,https://en.wikipedia.org/wiki/Kunsthalle_N%C3%BCrnberg,C,yellow
386,http://www.wikidata.org/entity/Q1810013,https://de.wikipedia.org/wiki/Le_M%C3%A9ridien_Grand_Hotel_N%C3%BCrnberg,Point(11.08269 49.44775),0.784,49.44775,11.08269,4,http://www.wikidata.org/entity/Q1516079,Le Méridien Grand Hotel Nürnberg,cultural heritage ensemble,,C,yellow
388,http://www.wikidata.org/entity/Q1977831,https://de.wikipedia.org/wiki/Neptunbrunnen_(N%C3%BCrnberg),Point(11.0918 49.4645),1.58,49.4645,11.0918,4,http://www.wikidata.org/entity/Q43483,Neptunbrunnen (Nuremberg),water well,,C,yellow
389,http://www.wikidata.org/entity/Q1981041,https://de.wikipedia.org/wiki/Neunhofer_Forst,Point(11.0833 49.5333),8.842,49.5333,11.0833,4,http://www.wikidata.org/entity/Q15974311,Neunhofer Forst,unincorporated area in Germany,,C,yellow
392,http://www.wikidata.org/entity/Q56187114,https://de.wikipedia.org/wiki/Technische_Universit%C3%A4t_N%C3%BCrnberg,Point(11.104166666 49.42),4.238,49.42,11.104166666667,4,http://www.wikidata.org/entity/Q875538,University of Technology Nuremberg,public university,https://en.wikipedia.org/wiki/University_of_Technology_Nuremberg,C,yellow
394,http://www.wikidata.org/entity/Q24553360,,Point(10.98322 49.47905),7.352,49.47905,10.98322,4,http://www.wikidata.org/entity/Q1763828,Stadthalle Fürth,multi-purpose hall,https://en.wikipedia.org/wiki/Stadthalle_F%C3%BCrth,C,yellow
396,http://www.wikidata.org/entity/Q1148817,https://de.wikipedia.org/wiki/Silbersee_(N%C3%BCrnberg),Point(11.1108 49.4219),4.302,49.4219,11.1108,3,http://www.wikidata.org/entity/Q152810,Silbersee in Nürnberg,landfill,,C,yellow
398,http://www.wikidata.org/entity/Q1205799,https://de.wikipedia.org/wiki/Deutsches_Kunstarchiv,Point(11.075561111 49.448330555),0.629,49.448330555556,11.075561111111,3,http://www.wikidata.org/entity/Q2668072,Deutsches Kunstarchiv im Germanischen Nationalmuseum,collection,https://en.wikipedia.org/wiki/German_Art_Archive,C,yellow
400,http://www.wikidata.org/entity/Q1263653,https://de.wikipedia.org/wiki/Dudelsackpfeiferbrunnen,Point(11.0723 49.4527),0.384,49.4527,11.0723,3,http://www.wikidata.org/entity/Q43483,Dudelsackpfeiferbrunnen,water well,,C,yellow
401,http://www.wikidata.org/entity/Q1297797,https://de.wikipedia.org/wiki/Egidienkloster_N%C3%BCrnberg,Point(11.0817 49.4564),0.425,49.4564,11.0817,3,http://www.wikidata.org/entity/Q2742167,Q1297797,religious community,,C,yellow
403,http://www.wikidata.org/entity/Q1301080,https://de.wikipedia.org/wiki/Eibach_(N%C3%BCrnberg),Point(11.0369 49.4042),6.248,49.4042,11.0369,3,http://www.wikidata.org/entity/Q28538792,Eibach,Q28538792,,C,yellow
404,http://www.wikidata.org/entity/Q182686,https://de.wikipedia.org/wiki/H%C3%B6fen_(N%C3%BCrnberg),Point(11.0097 49.4508),4.898,49.4508,11.0097,3,http://www.wikidata.org/entity/Q28538792,Höfen (Nürnberg),Q28538792,,C,yellow
405,http://www.wikidata.org/entity/Q196795,https://de.wikipedia.org/wiki/Zerzabelshof,Point(11.128333333 49.445),3.819,49.445,11.128333333333,3,http://www.wikidata.org/entity/Q28538792,Zerzabelshof,Q28538792,,C,yellow
406,http://www.wikidata.org/entity/Q200415,https://de.wikipedia.org/wiki/Buch_(N%C3%BCrnberg),Point(11.0454 49.4968),5.3,49.4968,11.0454,3,http://www.wikidata.org/entity/Q28538792,Buch,Q28538792,,C,yellow
407,http://www.wikidata.org/entity/Q241556,https://de.wikipedia.org/wiki/Banderbach,Point(10.925277777 49.448333333),11.006,49.448333333333,10.925277777778,3,http://www.wikidata.org/entity/Q253019,Banderbach,Ortsteil,,C,yellow
409,http://www.wikidata.org/entity/Q250914,https://de.wikipedia.org/wiki/Valznerweiher,Point(11.1342 49.4381),4.472,49.4381,11.1342,3,http://www.wikidata.org/entity/Q337567,Valznerweiher,still waters,,C,yellow
412,http://www.wikidata.org/entity/Q1664795,https://de.wikipedia.org/wiki/Sandreuth,Point(11.059819444 49.435075),2.442,49.435075,11.059819444444,3,http://www.wikidata.org/entity/Q28538792,Sandreuth,Q28538792,,C,yellow
413,http://www.wikidata.org/entity/Q1695202,https://de.wikipedia.org/wiki/Stadtkirche_St._Johannes_und_St._Martin_(Schwabach),Point(11.0218 49.3291),14.443,49.3291,11.0218,3,http://www.wikidata.org/entity/Q16970,St. Johannes and St. Martin,church building,,C,yellow
414,http://www.wikidata.org/entity/Q1710810,https://de.wikipedia.org/wiki/Vach_(F%C3%BCrth),Point(10.9653 49.5261),11.399,49.5261,10.9653,3,http://www.wikidata.org/entity/Q253019,Vach,Ortsteil,https://en.wikipedia.org/wiki/Vach,C,yellow
416,http://www.wikidata.org/entity/Q1713923,https://de.wikipedia.org/wiki/Reutles,Point(11.024722222 49.533888888),9.673,49.533888888889,11.024722222222,3,http://www.wikidata.org/entity/Q253019,Reutles,Ortsteil,,C,yellow
418,http://www.wikidata.org/entity/Q1716823,https://de.wikipedia.org/wiki/J%C3%BCdisches_Museum_Franken,Point(10.9903 49.4771),6.797,49.4771,10.9903,3,http://www.wikidata.org/entity/Q1307560,Jüdisches Museum Franken,Jewish museum,,C,yellow
419,http://www.wikidata.org/entity/Q1721558,https://de.wikipedia.org/wiki/Kaiser-Wilhelm-I.-Denkmal_(N%C3%BCrnberg),Point(11.081 49.4567),0.413,49.4567,11.081,3,http://www.wikidata.org/entity/Q659396,Reiterdenkmal Kaiser Wilhelm I.,equestrian statue,,C,yellow
421,http://www.wikidata.org/entity/Q1734355,https://de.wikipedia.org/wiki/Meistersingerhalle,Point(11.10474 49.43732),2.706,49.43732,11.10474,3,http://www.wikidata.org/entity/Q1060829,Meistersingerhalle,concert hall,https://en.wikipedia.org/wiki/Meistersingerhalle,C,yellow
425,http://www.wikidata.org/entity/Q785873,https://de.wikipedia.org/wiki/Autobahnkreuz_N%C3%BCrnberg-Ost,Point(11.1999 49.3957),10.975,49.3957,11.1999,3,http://www.wikidata.org/entity/Q2376564,Autobahnkreuz Nürnberg-Ost,interchange,,C,yellow
426,http://www.wikidata.org/entity/Q801273,https://de.wikipedia.org/wiki/Bahnhof_N%C3%BCrnberg-Langwasser,Point(11.135119 49.4096),6.459,49.4096,11.135119,3,http://www.wikidata.org/entity/Q55493,Nuremberg-Langwasser,goods station,,C,yellow
427,http://www.wikidata.org/entity/Q812279,https://de.wikipedia.org/wiki/Bayerische_Staatsbank,Point(11.079185 49.451824),0.265,49.451824,11.079185,3,http://www.wikidata.org/entity/Q22687,Bayerische Staatsbank,bank,https://en.wikipedia.org/wiki/Bavarian_State_Bank,C,yellow
428,http://www.wikidata.org/entity/Q862605,https://de.wikipedia.org/wiki/Dutzendteich_(Weiherlandschaft),Point(11.115 49.4308),3.743,49.4308,11.115,3,http://www.wikidata.org/entity/Q3253281,Dutzendteich,artificial pond,,C,yellow
429,http://www.wikidata.org/entity/Q865601,https://de.wikipedia.org/wiki/Birkensee_(N%C3%BCrnberger_Land),Point(11.2583 49.4567),13.086,49.4567,11.2583,3,http://www.wikidata.org/entity/Q337567,Birkensee (Nürnberg),still waters,,C,yellow
431,http://www.wikidata.org/entity/Q877582,https://de.wikipedia.org/wiki/Sender_N%C3%BCrnberg-Kleinreuth,Point(11.0085 49.4438),5.098,49.4438,11.0085,3,http://www.wikidata.org/entity/Q12518,Nuremberg-Kleinreuth radio transmitter,tower,https://en.wikipedia.org/wiki/Nuremberg-Kleinreuth_radio_transmitter,C,yellow
432,http://www.wikidata.org/entity/Q1870164,https://de.wikipedia.org/wiki/Lorenzer_Reichswald,Point(11.0303 49.5842),14.883,49.5842,11.0303,3,http://www.wikidata.org/entity/Q4421,Lorenzer Reichswald,forest,,C,yellow
433,http://www.wikidata.org/entity/Q1914287,https://de.wikipedia.org/wiki/Maxplatz_(N%C3%BCrnberg),Point(11.0725 49.4544),0.352,49.4544,11.0725,3,http://www.wikidata.org/entity/Q79007,Maxplatz,street,,C,yellow
435,http://www.wikidata.org/entity/Q1946939,https://de.wikipedia.org/wiki/Moosbach_(Feucht),Point(11.2606 49.3927),14.9,49.3927,11.2606,3,http://www.wikidata.org/entity/Q253019,Moosbach,Ortsteil,,C,yellow
437,http://www.wikidata.org/entity/Q1954801,https://de.wikipedia.org/wiki/Museumsbr%C3%BCcke,Point(11.0779 49.4527),0.137,49.4527,11.0779,3,http://www.wikidata.org/entity/Q158438,Museumsbrücke (Nürnberg),arch bridge,,C,yellow
440,http://www.wikidata.org/entity/Q1301543,https://de.wikipedia.org/wiki/Vestnertor,Point(11.0762 49.4583),0.499,49.4583,11.0762,3,http://www.wikidata.org/entity/Q811979,Vestnertor,architectural structure,,C,yellow
442,http://www.wikidata.org/entity/Q1326411,https://de.wikipedia.org/wiki/Neunhof_(N%C3%BCrnberg),Point(11.05 49.5194),7.548,49.5194,11.05,3,http://www.wikidata.org/entity/Q253019,Neunhof,Ortsteil,,C,yellow
445,http://www.wikidata.org/entity/Q1355579,https://de.wikipedia.org/wiki/Erlenstegen,Point(11.14 49.474444444),5.076,49.474444444444,11.14,3,http://www.wikidata.org/entity/Q28538792,Erlenstegen,Q28538792,,C,yellow
446,http://www.wikidata.org/entity/Q1376576,https://de.wikipedia.org/wiki/Lorenz_(N%C3%BCrnberg),Point(11.077 49.45),0.431,49.45,11.077,3,http://www.wikidata.org/entity/Q2740635,Lorenz,Stadtbezirk,,C,yellow
448,http://www.wikidata.org/entity/Q1378711,https://de.wikipedia.org/wiki/Schlayerturm,Point(11.0708 49.4543),0.472,49.4543,11.0708,3,http://www.wikidata.org/entity/Q12518,Schlayerturm (Nürnberg),tower,,C,yellow
449,http://www.wikidata.org/entity/Q1393860,https://de.wikipedia.org/wiki/Skulpturengarten_am_Neuen_Museum_N%C3%BCrnberg,Point(11.0752 49.447),0.779,49.447,11.0752,3,http://www.wikidata.org/entity/Q1759852,Skulpturengarten Nürnberg,sculpture garden,,C,yellow
451,http://www.wikidata.org/entity/Q1404238,https://de.wikipedia.org/wiki/Felseng%C3%A4nge_(N%C3%BCrnberg),Point(11.075785664 49.456255215),0.287,49.456255215657,11.075785664393,3,http://www.wikidata.org/entity/Q1277340,Felsengänge Nürnberg,rock cellar,,C,yellow
452,http://www.wikidata.org/entity/Q1478190,https://de.wikipedia.org/wiki/St._Johannis_(N%C3%BCrnberg),Point(11.0603 49.4597),1.389,49.4597,11.0603,3,http://www.wikidata.org/entity/Q253019,St. Johannis,Ortsteil,,C,yellow
454,http://www.wikidata.org/entity/Q1495923,https://de.wikipedia.org/wiki/Gauchsm%C3%BChle_(Feucht),Point(11.2519 49.3873),14.638,49.3873,11.2519,3,http://www.wikidata.org/entity/Q253019,Gauchsmühle,Ortsteil,,C,yellow
456,http://www.wikidata.org/entity/Q1496844,https://de.wikipedia.org/wiki/Gebersdorf_(N%C3%BCrnberg),Point(11.0086 49.43),5.631,49.43,11.0086,3,http://www.wikidata.org/entity/Q28538792,Gebersdorf,Q28538792,,C,yellow
457,http://www.wikidata.org/entity/Q1512850,https://de.wikipedia.org/wiki/Schnepfenreuth,Point(11.048888888 49.485277777),4.051,49.485277777778,11.048888888889,3,http://www.wikidata.org/entity/Q2983893,Schnepfenreuth,quarter,,C,yellow
458,http://www.wikidata.org/entity/Q1520447,https://de.wikipedia.org/wiki/Gewerbemuseum_N%C3%BCrnberg,Point(11.083333306 49.451458826),0.512,49.451458826951,11.083333306989,3,http://www.wikidata.org/entity/Q33506,Gewerbemuseum Nürnberg,museum,,C,yellow
459,http://www.wikidata.org/entity/Q1522925,https://de.wikipedia.org/wiki/Gibitzenhof,Point(11.065555555 49.427777777),3.023,49.427777777778,11.065555555556,3,http://www.wikidata.org/entity/Q28538792,Gibitzenhof,Q28538792,,C,yellow
460,http://www.wikidata.org/entity/Q1535456,https://de.wikipedia.org/wiki/Goldener_Saal_(N%C3%BCrnberg),Point(11.1246 49.4318),4.209,49.4318,11.1246,3,http://www.wikidata.org/entity/Q240854,Goldener Saal,hall,,C,yellow
462,http://www.wikidata.org/entity/Q1538130,https://de.wikipedia.org/wiki/Allerheiligenkapelle_(N%C3%BCrnberg),Point(11.083786111 49.456425),0.548,49.456425,11.083786111111,3,http://www.wikidata.org/entity/Q16970,Allerheiligenkapelle (Nuremberg-Sankt Sebald),church building,,C,yellow
466,http://www.wikidata.org/entity/Q1538411,https://de.wikipedia.org/wiki/Schwabacher_Altar,Point(11.0218 49.3291),14.443,49.3291,11.0218,3,http://www.wikidata.org/entity/Q11801536,Schwabacher Altar,winged altarpiece,,C,yellow
467,http://www.wikidata.org/entity/Q1541045,https://de.wikipedia.org/wiki/Albrecht-D%C3%BCrer-Denkmal,Point(11.0759 49.4563),0.288,49.4563,11.0759,3,http://www.wikidata.org/entity/Q5003624,Albrecht-Dürer-Denkmal,memorial,,C,yellow
468,http://www.wikidata.org/entity/Q774285,https://de.wikipedia.org/wiki/Gymnasium_Fridericianum_Erlangen,Point(11.0255 49.5822),14.751,49.5822,11.0255,3,http://www.wikidata.org/entity/Q55043,Gymnasium Fridericianum Erlangen,gymnasium,,C,yellow
469,http://www.wikidata.org/entity/Q785758,https://de.wikipedia.org/wiki/Autobahnkreuz_F%C3%BCrth/Erlangen,Point(10.992 49.5598),13.291,49.5598,10.992,3,http://www.wikidata.org/entity/Q2376564,Q785758,interchange,,C,yellow
470,http://www.wikidata.org/entity/Q785872,https://de.wikipedia.org/wiki/Autobahnkreuz_N%C3%BCrnberg-S%C3%BCd,Point(11.1365 49.3777),9.491,49.3777,11.1365,3,http://www.wikidata.org/entity/Q2376564,Q785872,interchange,,C,yellow
471,http://www.wikidata.org/entity/Q2328218,https://de.wikipedia.org/wiki/Stadttheater_F%C3%BCrth,Point(10.991298074 49.475506061),6.664,49.475506061816,10.991298074173,3,http://www.wikidata.org/entity/Q24354,Stadttheater Fürth,theatre building,https://en.wikipedia.org/wiki/Stadttheater_F%C3%BCrth,C,yellow
472,http://www.wikidata.org/entity/Q2346008,https://de.wikipedia.org/wiki/Sterntor_(N%C3%BCrnberg),Point(11.0779 49.447),0.765,49.447,11.0779,3,http://www.wikidata.org/entity/Q82117,Sterntor (Nürnberg),city gate,,C,yellow
473,http://www.wikidata.org/entity/Q2403591,https://de.wikipedia.org/wiki/Tennenlohe,Point(11.0283 49.5511),11.375,49.5511,11.0283,3,http://www.wikidata.org/entity/Q253019,Tennenlohe,Ortsteil,https://en.wikipedia.org/wiki/Tennenlohe,C,yellow
477,http://www.wikidata.org/entity/Q2443316,https://de.wikipedia.org/wiki/Toplerhaus_(N%C3%BCrnberg),Point(11.079 49.4581),0.486,49.4581,11.079,3,http://www.wikidata.org/entity/Q41176,Toplerhaus (Nürnberg),building,https://en.wikipedia.org/wiki/Toplerhaus,C,yellow
478,http://www.wikidata.org/entity/Q2459077,https://de.wikipedia.org/wiki/Tucherschloss_(Feucht),Point(11.213705416 49.374187192),13.262,49.374187192757,11.213705416989,3,http://www.wikidata.org/entity/Q751876,Tucherschloss in Feucht,château,,C,yellow
481,http://www.wikidata.org/entity/Q2460905,https://de.wikipedia.org/wiki/Turm_der_Sinne,Point(11.06951952 49.45221056),0.592,49.45221056,11.06951952,3,http://www.wikidata.org/entity/Q33506,Turm der Sinne,museum,,C,yellow
482,http://www.wikidata.org/entity/Q2531625,https://de.wikipedia.org/wiki/Volksbad_N%C3%BCrnberg,Point(11.062244444 49.447719444),1.285,49.447719444444,11.062244444444,3,http://www.wikidata.org/entity/Q357380,Volksbad (Nuremberg-Gostenhof),indoor swimming pool,,C,yellow
483,http://www.wikidata.org/entity/Q569270,https://de.wikipedia.org/wiki/Glei%C3%9Fhammer,Point(11.116666666 49.446111111),2.974,49.446111111111,11.116666666667,3,http://www.wikidata.org/entity/Q28538792,Gleisshammer,Q28538792,,C,yellow
484,http://www.wikidata.org/entity/Q573371,https://de.wikipedia.org/wiki/Bronnamberg,Point(10.909444444 49.438611111),12.252,49.438611111111,10.909444444444,3,http://www.wikidata.org/entity/Q253019,Bronnamberg,Ortsteil,,C,yellow
486,http://www.wikidata.org/entity/Q613158,https://de.wikipedia.org/wiki/Anwanden_(Zirndorf),Point(10.9311 49.4086),11.709,49.4086,10.9311,3,http://www.wikidata.org/entity/Q253019,Anwanden (Zirndorf),Ortsteil,,C,yellow
488,http://www.wikidata.org/entity/Q2238837,https://de.wikipedia.org/wiki/Schleifersteg,Point(11.0755 49.4531),0.156,49.4531,11.0755,3,http://www.wikidata.org/entity/Q1068842,Schleifersteg (Nürnberg),footbridge,,C,yellow
490,http://www.wikidata.org/entity/Q2242659,https://de.wikipedia.org/wiki/Schloss_Neunhof,Point(11.0508 49.5186),7.447,49.5186,11.0508,3,http://www.wikidata.org/entity/Q751876,Schloss Neunhof,château,,C,yellow
491,http://www.wikidata.org/entity/Q2262489,https://de.wikipedia.org/wiki/Sebald_(N%C3%BCrnberg),Point(11.0795 49.455),0.203,49.455,11.0795,3,http://www.wikidata.org/entity/Q28538792,Sebald,Q28538792,,C,yellow
492,http://www.wikidata.org/entity/Q2262501,https://de.wikipedia.org/wiki/Sebalder_Reichswald,Point(11.1 49.5355),9.223,49.5355,11.1,3,http://www.wikidata.org/entity/Q4421,Sebalder Reichswald,forest,,C,yellow
493,http://www.wikidata.org/entity/Q2311245,https://de.wikipedia.org/wiki/Spitalbr%C3%BCcke_(N%C3%BCrnberg),Point(11.0807 49.4531),0.26,49.4531,11.0807,3,http://www.wikidata.org/entity/Q976622,Spitalbrücke (Nürnberg),bridge over valley,,C,yellow
494,http://www.wikidata.org/entity/Q27729242,https://de.wikipedia.org/wiki/Wehrkirche_Katzwang,Point(11.05509 49.34955),11.71,49.34955,11.05509,3,http://www.wikidata.org/entity/Q16970,Pfarrkirche zu Unserer Lieben Frau,church building,,C,yellow
495,http://www.wikidata.org/entity/Q437063,https://de.wikipedia.org/wiki/Altenfurt,Point(11.174166666 49.406388888),8.772,49.406388888889,11.174166666667,3,http://www.wikidata.org/entity/Q253019,Altenfurt,Ortsteil,,C,yellow
497,http://www.wikidata.org/entity/Q437991,https://de.wikipedia.org/wiki/Alter_J%C3%BCdischer_Friedhof_(F%C3%BCrth),Point(10.982326809 49.47719187),7.336,49.477191870821,10.982326809465,3,http://www.wikidata.org/entity/Q846659,Alter Jüdischer Friedhof Fürth,Jewish cemetery,,C,yellow
501,http://www.wikidata.org/entity/Q437999,https://de.wikipedia.org/wiki/Alter_J%C3%BCdischer_Friedhof_(N%C3%BCrnberg),Point(11.0537 49.4538),1.706,49.4538,11.0537,3,http://www.wikidata.org/entity/Q846659,Alter Jüdischer Friedhof,Jewish cemetery,,C,yellow
502,http://www.wikidata.org/entity/Q474615,https://de.wikipedia.org/wiki/Almoshof,Point(11.061388888 49.491388888),4.327,49.491388888889,11.061388888889,3,http://www.wikidata.org/entity/Q28538792,Almoshof,Q28538792,,C,yellow
503,http://www.wikidata.org/entity/Q895568,https://de.wikipedia.org/wiki/Boxdorf_(N%C3%BCrnberg),Point(11.0247 49.5164),7.923,49.5164,11.0247,3,http://www.wikidata.org/entity/Q253019,Boxdorf,Ortsteil,,C,yellow
506,http://www.wikidata.org/entity/Q943001,https://de.wikipedia.org/wiki/Laufamholz,Point(11.162777777 49.466527777),6.336,49.466527777778,11.162777777778,3,http://www.wikidata.org/entity/Q28538792,Laufamholz,Q28538792,,C,yellow
507,http://www.wikidata.org/entity/Q977244,https://de.wikipedia.org/wiki/Brunn_(N%C3%BCrnberg),Point(11.2528 49.4358),12.846,49.4358,11.2528,3,http://www.wikidata.org/entity/Q253019,Brunn,Ortsteil,,C,yellow
510,http://www.wikidata.org/entity/Q977524,https://de.wikipedia.org/wiki/Kleingeschaidt,Point(11.181641666 49.557727777),13.788,49.557727777778,11.181641666667,3,http://www.wikidata.org/entity/Q253019,Kleingeschaidt,Ortsteil,,C,yellow
512,http://www.wikidata.org/entity/Q998277,https://de.wikipedia.org/wiki/Buchenb%C3%BChl,Point(11.11 49.504166666),6.071,49.504166666667,11.11,3,http://www.wikidata.org/entity/Q2983893,Buchenbühl,quarter,,C,yellow
513,http://www.wikidata.org/entity/Q1014793,https://de.wikipedia.org/wiki/Burgbasteien,Point(11.074770408 49.458374557),0.533,49.458374557631,11.074770408526,3,http://www.wikidata.org/entity/Q81839,Burgbasteien,roundel bastion,,C,yellow
516,http://www.wikidata.org/entity/Q1015623,https://de.wikipedia.org/wiki/Burgschmietbrunnen,Point(11.0722 49.4576),0.555,49.4576,11.0722,3,http://www.wikidata.org/entity/Q358,Burgschmietbrunnen,heritage site,,C,yellow
519,http://www.wikidata.org/entity/Q1123338,https://de.wikipedia.org/wiki/Com%C3%B6die_F%C3%BCrth,Point(10.9872 49.4711),6.787,49.4711,10.9872,3,http://www.wikidata.org/entity/Q11812394,Comödie Fürth,theatre company,https://en.wikipedia.org/wiki/Com%C3%B6die_F%C3%BCrth,C,yellow
520,http://www.wikidata.org/entity/Q1451897,https://de.wikipedia.org/wiki/Frauentor_(N%C3%BCrnberg),Point(11.0811 49.4472),0.791,49.4472,11.0811,3,http://www.wikidata.org/entity/Q12518,Frauentor,tower,,C,yellow
521,http://www.wikidata.org/entity/Q1453651,https://de.wikipedia.org/wiki/Hallertorbr%C3%BCcke,Point(11.069972654 49.454518629),0.534,49.4542,11.0707,3,http://www.wikidata.org/entity/Q158438,Hallertorbrücke (Nürnberg),arch bridge,,C,yellow
529,http://www.wikidata.org/entity/Q1549532,https://de.wikipedia.org/wiki/Gro%C3%9Freuth_bei_Schweinau,Point(11.0251 49.4332),4.419,49.4332,11.0251,3,http://www.wikidata.org/entity/Q28538792,Großreuth bei Schweinau,Q28538792,,C,yellow
532,http://www.wikidata.org/entity/Q1560402,https://de.wikipedia.org/wiki/Regiomontanus-Sternwarte,Point(11.110215139 49.464459773),2.654,49.464459773783,11.110215139934,3,http://www.wikidata.org/entity/Q2532203,Regiomontanus-Sternwarte,public observatory,,C,yellow
533,http://www.wikidata.org/entity/Q1571636,https://de.wikipedia.org/wiki/Hallerwiese,Point(11.0672 49.4555),0.752,49.4555,11.0672,3,http://www.wikidata.org/entity/Q22698,Hallerwiese,park,,C,yellow
534,http://www.wikidata.org/entity/Q1583596,https://de.wikipedia.org/wiki/Hansa-Haus_(N%C3%BCrnberg),Point(11.064354 49.449433),1.058,49.449433,11.064354,3,http://www.wikidata.org/entity/Q18760306,Hansa-Haus,residential and commercial building,,C,yellow
535,http://www.wikidata.org/entity/Q2532111,https://de.wikipedia.org/wiki/Volkspark_Dutzendteich,Point(11.115 49.4308),3.743,49.4308,11.115,3,http://www.wikidata.org/entity/Q22698,Volkspark Dutzendteich,park,https://en.wikipedia.org/wiki/Volkspark_Dutzendteich,C,yellow
536,http://www.wikidata.org/entity/Q2551672,https://de.wikipedia.org/wiki/Wasserturm_(N%C3%BCrnberg),Point(11.0734 49.4535),0.285,49.4535,11.0734,3,http://www.wikidata.org/entity/Q12518,Wasserturm (Nürnberg),tower,,C,yellow
537,http://www.wikidata.org/entity/Q2555386,https://de.wikipedia.org/wiki/Weiherhof_(Zirndorf),Point(10.9289 49.4592),10.742,49.4592,10.9289,3,http://www.wikidata.org/entity/Q253019,Weiherhof (Zirndorf),Ortsteil,,C,yellow
539,http://www.wikidata.org/entity/Q2585122,https://de.wikipedia.org/wiki/Wintersdorf_(Zirndorf),Point(10.9125 49.4275),12.27,49.4275,10.9125,3,http://www.wikidata.org/entity/Q253019,Wintersdorf (Zirndorf),Ortsteil,,C,yellow
541,http://www.wikidata.org/entity/Q5511766,https://de.wikipedia.org/wiki/Industrieflughafen_N%C3%BCrnberg-F%C3%BCrth,Point(10.953333333 49.481666666),9.476,49.481666666667,10.953333333333,3,http://www.wikidata.org/entity/Q644371,Nürnberg-Fürth Industry Airfield,international airport,https://en.wikipedia.org/wiki/F%C3%BCrth_Airfield,C,yellow
548,http://www.wikidata.org/entity/Q11722093,https://de.wikipedia.org/wiki/St._Peter_und_Paul_(Erlangen-Bruck),Point(10.9854 49.5728),14.794,49.5728,10.9854,3,http://www.wikidata.org/entity/Q16970,Evangelisch-lutherische St. Peter und Paul,church building,,C,yellow
554,http://www.wikidata.org/entity/Q13683145,https://de.wikipedia.org/wiki/Unsere_Liebe_Frau_(F%C3%BCrth),Point(10.9921 49.4742),6.559,49.4742,10.9921,3,http://www.wikidata.org/entity/Q317557,"Our Lady's Church, Fürth",parish church,,C,yellow
555,http://www.wikidata.org/entity/Q15127841,https://de.wikipedia.org/wiki/Schloss_Tennenlohe,Point(11.028864 49.548511),11.089,49.548511,11.028864,3,http://www.wikidata.org/entity/Q751876,Schloss Tennenlohe,château,,C,yellow
556,http://www.wikidata.org/entity/Q17124049,https://de.wikipedia.org/wiki/Kicker-Statue,Point(11.087033 49.44909),0.882,49.44909,11.087033,3,http://www.wikidata.org/entity/Q179700,Kicker Statue,statue,https://en.wikipedia.org/wiki/Kicker_Statue,C,yellow
557,http://www.wikidata.org/entity/Q18020172,https://de.wikipedia.org/wiki/Flexdorf,Point(10.9552 49.5118),10.921,49.5118,10.9552,3,http://www.wikidata.org/entity/Q253019,Flexdorf,Ortsteil,,C,yellow
559,http://www.wikidata.org/entity/Q18022571,https://de.wikipedia.org/wiki/Kronach_(F%C3%BCrth),Point(10.999007 49.500146),7.646,49.500146,10.999007,3,http://www.wikidata.org/entity/Q253019,Kronach,Ortsteil,,C,yellow
561,http://www.wikidata.org/entity/Q18027409,https://de.wikipedia.org/wiki/Ritzmannshof_(F%C3%BCrth),Point(10.9384 49.5085),11.729,49.5085,10.9384,3,http://www.wikidata.org/entity/Q253019,Ritzmannshof,Ortsteil,,C,yellow
563,http://www.wikidata.org/entity/Q18589555,https://de.wikipedia.org/wiki/Westfriedhof_(N%C3%BCrnberg),Point(11.04547 49.46343),2.534,49.46343,11.04547,3,http://www.wikidata.org/entity/Q28538792,Westfriedhof (Nürnberg),Q28538792,,C,yellow
564,http://www.wikidata.org/entity/Q19294951,https://de.wikipedia.org/wiki/Lohbach_(Schwarzach),Point(11.10907222 49.34201389),12.648,49.34201389,11.10907222,3,http://www.wikidata.org/entity/Q47521,Lohbach,stream,,C,yellow
565,http://www.wikidata.org/entity/Q19570231,https://de.wikipedia.org/wiki/Auferstehungskirche_(F%C3%BCrth),Point(10.995685 49.47191),6.23,49.47191,10.995685,3,http://www.wikidata.org/entity/Q56242275,Auferstehungskirche,Lutheran church,,C,yellow
566,http://www.wikidata.org/entity/Q19962068,https://de.wikipedia.org/wiki/Bitterbach,Point(11.26542222 49.50218056),14.614,49.50218056,11.26542222,3,http://www.wikidata.org/entity/Q355304,Bitterbach,watercourse,,C,yellow
568,http://www.wikidata.org/entity/Q19963839,https://de.wikipedia.org/wiki/Lettensturz,Point(11.22415 49.39123),12.701,49.383333333333,11.233333333333,3,http://www.wikidata.org/entity/Q15115254,Lettensturz,stone quarry,,C,yellow
572,http://www.wikidata.org/entity/Q19964615,https://de.wikipedia.org/wiki/Schneidersbach_(Pegnitz),Point(11.17938995 49.47249985),7.663,49.47249985,11.17938995,3,http://www.wikidata.org/entity/Q4022,Schneidersbach,river,,C,yellow
573,http://www.wikidata.org/entity/Q20058325,https://de.wikipedia.org/wiki/Haidelbach_(R%C3%B6thenbach),Point(11.27095 49.44758),14.016,49.44758,11.27095,3,http://www.wikidata.org/entity/Q355304,Haidelbach (Röthenbach),watercourse,,C,yellow
574,http://www.wikidata.org/entity/Q20180499,https://de.wikipedia.org/wiki/H%C3%BClzlgraben_(Pegnitz),Point(11.17675972 49.47002029),7.409,49.47002029,11.17675972,3,http://www.wikidata.org/entity/Q355304,Hülzlgraben,watercourse,,C,yellow
576,http://www.wikidata.org/entity/Q20180560,https://de.wikipedia.org/wiki/Langwassergraben_(Pegnitz),Point(11.15575 49.47058),5.966,49.47058,11.15575,3,http://www.wikidata.org/entity/Q355304,Langwassergraben,watercourse,,C,yellow
578,http://www.wikidata.org/entity/Q20184645,https://de.wikipedia.org/wiki/Ludergraben_(R%C3%B6thenbach),Point(11.27271 49.43657),14.257,49.43657,11.27271,3,http://www.wikidata.org/entity/Q355304,Ludergraben,watercourse,,C,yellow
580,http://www.wikidata.org/entity/Q20819376,https://de.wikipedia.org/wiki/Hirschsprunggraben,Point(11.09642982 49.48917007),4.161,49.48917007,11.09642982,3,http://www.wikidata.org/entity/Q4022,Hirschsprunggraben,river,,C,yellow
581,http://www.wikidata.org/entity/Q20819398,https://de.wikipedia.org/wiki/Tiefgraben_(Pegnitz),Point(11.13816 49.47112),4.798,49.47112,11.13816,3,http://www.wikidata.org/entity/Q4022,Tiefgraben,river,,C,yellow
582,http://www.wikidata.org/entity/Q41410669,https://de.wikipedia.org/wiki/St._Karl_Borrom%C3%A4us_(N%C3%BCrnberg),Point(11.125199549 49.457086232),3.481,49.457086232648,11.125199549039,3,http://www.wikidata.org/entity/Q317557,St. Karl Borromäus,parish church,,C,yellow
583,http://www.wikidata.org/entity/Q41419541,https://de.wikipedia.org/wiki/St._Johannes_der_T%C3%A4ufer_(Burgfarrnbach),Point(10.925345 49.487862),11.612,49.487862,10.925345,3,http://www.wikidata.org/entity/Q16970,St. Johannis (Burgfarrnbach),church building,,C,yellow
584,http://www.wikidata.org/entity/Q41419548,https://de.wikipedia.org/wiki/Schloss_Burgfarrnbach,Point(10.927475 49.485975),11.399,49.485975,10.927475,3,http://www.wikidata.org/entity/Q751876,Schloß Burgfarrnbach,château,,C,yellow
585,http://www.wikidata.org/entity/Q661021,https://de.wikipedia.org/wiki/Reichelsdorf,Point(11.033888888 49.381666666),8.621,49.381666666667,11.033888888889,3,http://www.wikidata.org/entity/Q28538792,Reichelsdorf,Q28538792,,C,yellow
586,http://www.wikidata.org/entity/Q664042,https://de.wikipedia.org/wiki/Moorenbrunn,Point(11.1722 49.3964),9.378,49.3964,11.1722,3,http://www.wikidata.org/entity/Q253019,Moorenbrunn,Ortsteil,,C,yellow
588,http://www.wikidata.org/entity/Q680489,https://de.wikipedia.org/wiki/Armbrustsch%C3%BCtzenbrunnen,Point(11.0682 49.4554),0.679,49.4554,11.0682,3,http://www.wikidata.org/entity/Q43483,Armbrustschützenbrunnen,water well,,C,yellow
589,http://www.wikidata.org/entity/Q685443,https://de.wikipedia.org/wiki/Kraftwerk_Franken_I,Point(11.0088 49.4208),6.169,49.4208,11.0088,3,http://www.wikidata.org/entity/Q3498533,Franken I power station,natural gas-fired power station,,C,yellow
590,http://www.wikidata.org/entity/Q29944158,https://de.wikipedia.org/wiki/Stadtmuseum_Schwabach,Point(11.0183 49.336952),13.683,49.336952,11.0183,3,http://www.wikidata.org/entity/Q33506,Stadtmuseum Schwabach,museum,,C,yellow
597,http://www.wikidata.org/entity/Q480686,https://de.wikipedia.org/wiki/Amtsgericht_F%C3%BCrth_(Bayern),Point(10.99149 49.47458),6.615,49.47458,10.99149,3,http://www.wikidata.org/entity/Q480477,Local Court Fürth,Local court (Germany),,C,yellow
599,http://www.wikidata.org/entity/Q517038,https://de.wikipedia.org/wiki/Wolfgangshof,Point(10.924839167 49.407354519),12.178,49.407354519186,10.924839167919,3,http://www.wikidata.org/entity/Q253019,Wolfgangshof,Ortsteil,,C,yellow
601,http://www.wikidata.org/entity/Q1605372,https://de.wikipedia.org/wiki/Ludwig-Eisenbahn-Denkmal,Point(11.0523 49.4521),1.818,49.4521,11.0523,3,http://www.wikidata.org/entity/Q43483,Ludwig-Eisenbahn-Denkmal,water well,,C,yellow
602,http://www.wikidata.org/entity/Q1610464,https://de.wikipedia.org/wiki/Hermann-Oberth-Raumfahrt-Museum,Point(11.211666666 49.375),13.091,49.375,11.211666666667,3,http://www.wikidata.org/entity/Q26959070,Hermann Oberth Space Travel Museum,astronautical museum,https://en.wikipedia.org/wiki/Hermann_Oberth_Space_Travel_Museum,C,yellow
604,http://www.wikidata.org/entity/Q1616398,https://de.wikipedia.org/wiki/Heubr%C3%BCcke_(N%C3%BCrnberg),Point(11.0808 49.4525),0.296,49.4525,11.0808,3,http://www.wikidata.org/entity/Q537127,Heubrücke (Nürnberg),road bridge,,C,yellow
605,http://www.wikidata.org/entity/Q1775797,https://de.wikipedia.org/wiki/Kloster_Pillenreuth,Point(11.0781 49.3792),8.303,49.3792,11.0781,3,http://www.wikidata.org/entity/Q2742167,Augustinerchorfrauenstift Pillenreuth,religious community,,C,yellow
607,http://www.wikidata.org/entity/Q1783382,https://de.wikipedia.org/wiki/Kontumazgarten,Point(11.0675 49.4544),0.711,49.4544,11.0675,3,http://www.wikidata.org/entity/Q22698,Kontumazgarten,park,,C,yellow
608,http://www.wikidata.org/entity/Q1784501,https://de.wikipedia.org/wiki/Kornburg,Point(11.099444444 49.355833333),11.018,49.355833333333,11.099444444444,3,http://www.wikidata.org/entity/Q253019,Kornburg,Ortsteil,,C,yellow
610,http://www.wikidata.org/entity/Q1796489,https://de.wikipedia.org/wiki/K%C3%B6nigstor_(N%C3%BCrnberg),Point(11.0815 49.4479),0.73,49.4479,11.0815,3,http://www.wikidata.org/entity/Q82117,Königstor,city gate,,C,yellow
611,http://www.wikidata.org/entity/Q1800440,https://de.wikipedia.org/wiki/Martin-Behaim-Denkmal,Point(11.0804 49.4557),0.303,49.4557,11.0804,3,http://www.wikidata.org/entity/Q179700,Martin-Behaim-Denkmal (Nuremberg),statue,,C,yellow
612,http://www.wikidata.org/entity/Q1807440,https://de.wikipedia.org/wiki/Laufer_Schlagturm,Point(11.0836 49.4561),0.519,49.4561,11.0836,3,http://www.wikidata.org/entity/Q12518,"Innerer Laufer Platz 3a, Inneres Laufer Tor (Nuremberg-Sankt Sebald)",tower,,C,yellow
613,http://www.wikidata.org/entity/Q1813902,https://de.wikipedia.org/wiki/Leichendorf,Point(10.934722222 49.432222222),10.585,49.432222222222,10.934722222222,3,http://www.wikidata.org/entity/Q253019,Leichendorf,Ortsteil,,C,yellow
615,http://www.wikidata.org/entity/Q1813906,https://de.wikipedia.org/wiki/Leichendorferm%C3%BChle,Point(10.925277777 49.431666666),11.264,49.431666666667,10.925277777778,3,http://www.wikidata.org/entity/Q253019,Leichendorfermühle,Ortsteil,,C,yellow
617,http://www.wikidata.org/entity/Q1825810,https://de.wikipedia.org/wiki/Lind_(Zirndorf),Point(10.9369 49.4222),10.745,49.4222,10.9369,3,http://www.wikidata.org/entity/Q253019,Lind (Zirndorf),Ortsteil,,C,yellow
620,http://www.wikidata.org/entity/Q1980159,https://de.wikipedia.org/wiki/Neuer_J%C3%BCdischer_Friedhof_(F%C3%BCrth),Point(10.993396562 49.487531643),7.125,49.487531643847,10.993396562895,3,http://www.wikidata.org/entity/Q846659,Neuer Jüdischer Friedhof Fürth,Jewish cemetery,,C,yellow
621,http://www.wikidata.org/entity/Q1980166,https://de.wikipedia.org/wiki/Neuer_J%C3%BCdischer_Friedhof_(N%C3%BCrnberg),Point(11.03759 49.46607),3.174,49.46607,11.03759,3,http://www.wikidata.org/entity/Q846659,Neuer Jüdischer Friedhof,Jewish cemetery,,C,yellow
625,http://www.wikidata.org/entity/Q1981845,https://de.wikipedia.org/wiki/Neutor_(N%C3%BCrnberg),Point(11.0717 49.4564),0.493,49.4564,11.0717,3,http://www.wikidata.org/entity/Q12518,Neutor (Nürnberg),tower,,C,yellow
626,http://www.wikidata.org/entity/Q1986741,https://de.wikipedia.org/wiki/Nicolaus-Copernicus-Planetarium,Point(11.062870547 49.447917801),1.235,49.447917801946,11.062870547962,3,http://www.wikidata.org/entity/Q148319,Nicolaus-Copernicus-Planetarium,planetarium,,C,yellow
627,http://www.wikidata.org/entity/Q2007078,https://de.wikipedia.org/wiki/N%C3%BCrnberger_Kreuzweg,Point(11.072 49.4578),0.581,49.4578,11.072,3,http://www.wikidata.org/entity/Q231685,Nürnberger Kreuzweg,stations of the Cross,,C,yellow
628,http://www.wikidata.org/entity/Q2073419,https://de.wikipedia.org/wiki/Peter-Henlein-Brunnen_(N%C3%BCrnberg),Point(11.0731 49.4508),0.457,49.4508,11.0731,3,http://www.wikidata.org/entity/Q43483,Peter-Henlein-Brunnen (Nürnberg),water well,,C,yellow
629,http://www.wikidata.org/entity/Q2083838,https://de.wikipedia.org/wiki/Pfinzingschloss,Point(11.211690564 49.375174708),13.08,49.375174708789,11.211690564755,3,http://www.wikidata.org/entity/Q879050,Pfinzingschloss,manor house,https://en.wikipedia.org/wiki/Pfinzing_Castle,C,yellow
630,http://www.wikidata.org/entity/Q98608482,https://de.wikipedia.org/wiki/St._Rochus_(Zirndorf),Point(10.955241625 49.442480178),8.914,49.442480178583,10.955241625113,3,http://www.wikidata.org/entity/Q317557,Pfarrkirche,parish church,,C,yellow
638,http://www.wikidata.org/entity/Q41420035,https://de.wikipedia.org/wiki/St._Heinrich_(F%C3%BCrth),Point(10.996719 49.464213),5.936,49.464213,10.996719,3,http://www.wikidata.org/entity/Q317557,St. Heinrich,parish church,,C,yellow
639,http://www.wikidata.org/entity/Q2099898,https://de.wikipedia.org/wiki/Pl%C3%A4rrerhochhaus,Point(11.063194444 49.448194444),1.199,49.448474029347,11.062289382421,3,http://www.wikidata.org/entity/Q811979,Plärrerhochhaus,architectural structure,,C,yellow
643,http://www.wikidata.org/entity/Q2104231,https://de.wikipedia.org/wiki/Poppenreuth_(F%C3%BCrth),Point(11.0144 49.4822),5.53,49.4822,11.0144,3,http://www.wikidata.org/entity/Q253019,Poppenreuth,Ortsteil,,C,yellow
645,http://www.wikidata.org/entity/Q2135230,https://de.wikipedia.org/wiki/Rechenberg_(N%C3%BCrnberg),Point(11.1108 49.4636),2.652,49.4636,11.1108,3,http://www.wikidata.org/entity/Q2983893,Rechenberg,quarter,,C,yellow
646,http://www.wikidata.org/entity/Q2166988,https://de.wikipedia.org/wiki/Rosenaupark,Point(11.0639 49.4511),1.016,49.4511,11.0639,3,http://www.wikidata.org/entity/Q22698,Rosenau,park,,C,yellow
647,http://www.wikidata.org/entity/Q59163428,https://de.wikipedia.org/wiki/Kunstvilla_N%C3%BCrnberg,Point(11.08703 49.44999),0.825,49.44999,11.08703,3,http://www.wikidata.org/entity/Q3950,Kunstvilla,villa,,C,yellow
648,http://www.wikidata.org/entity/Q98608243,https://de.wikipedia.org/wiki/Rieterschloss,Point(11.098496661 49.355343209),11.062,49.355343209222,11.098496661477,3,http://www.wikidata.org/entity/Q615810,Rieterschloss,water castle,,C,yellow
649,http://www.wikidata.org/entity/Q48689281,https://de.wikipedia.org/wiki/Zirndorfer_Stadtwald,Point(10.9562 49.4534),8.753,49.4534,10.9562,3,http://www.wikidata.org/entity/Q4421,Q48689281,forest,,C,yellow
650,http://www.wikidata.org/entity/Q49006263,https://de.wikipedia.org/wiki/Zeppelintrib%C3%BCne,Point(11.12508 49.43158),4.252,49.43158,11.12508,3,http://www.wikidata.org/entity/Q2067349,Zeppelinhaupttribüne,bleacher,,C,yellow
653,http://www.wikidata.org/entity/Q7079752,,Point(11.123 49.4276),4.41,49.4276,11.123,3,http://www.wikidata.org/entity/Q1070290,Oflag XIII-A,prisoner-of-war camp,https://en.wikipedia.org/wiki/Oflag_XIII-A,C,yellow
654,http://www.wikidata.org/entity/Q1146088,https://de.wikipedia.org/wiki/Museum_im_Koffer,Point(11.05214 49.44283),2.194,49.44283,11.05214,2,http://www.wikidata.org/entity/Q842478,Q1146088,children's museum,,C,yellow
656,http://www.wikidata.org/entity/Q1158292,https://de.wikipedia.org/wiki/Dambach_(F%C3%BCrth),Point(10.9727 49.4626),7.622,49.4626,10.9727,2,http://www.wikidata.org/entity/Q253019,Dambach,Ortsteil,,C,yellow
659,http://www.wikidata.org/entity/Q1205987,https://de.wikipedia.org/wiki/Deutsches_Spielearchiv_N%C3%BCrnberg,Point(11.080956 49.456947),0.432,49.456947,11.080956,2,http://www.wikidata.org/entity/Q166118,Deutsches Spielearchiv Nürnberg,archive,,C,yellow
661,http://www.wikidata.org/entity/Q1206450,https://de.wikipedia.org/wiki/Deutschordenskommende_N%C3%BCrnberg,Point(11.069 49.4499),0.745,49.4499,11.069,2,http://www.wikidata.org/entity/Q1149783,Deutschordenskommende Nürnberg,In commendam,,C,yellow
664,http://www.wikidata.org/entity/Q1223116,https://de.wikipedia.org/wiki/Dietersdorf_(Schwabach),Point(11.00026 49.36762),11.092,49.36762,11.00026,2,http://www.wikidata.org/entity/Q253019,Dietersdorf (Schwabach),Ortsteil,,C,yellow
666,http://www.wikidata.org/entity/Q1229754,https://de.wikipedia.org/wiki/Rathaus_(F%C3%BCrth),Point(10.98908441 49.477220703),6.883,49.47722070392,10.98908441084,2,http://www.wikidata.org/entity/Q543654,Town Hall of Fürth,Rathaus,,C,yellow
668,http://www.wikidata.org/entity/Q1237992,https://de.wikipedia.org/wiki/Dominikanerkloster_N%C3%BCrnberg,Point(11.077777777 49.455833333),0.221,49.455833333333,11.077777777778,2,http://www.wikidata.org/entity/Q2742167,Dominikanerkloster Nürnberg,religious community,,C,yellow
671,http://www.wikidata.org/entity/Q1249092,https://de.wikipedia.org/wiki/Frankenhalle,Point(11.1132 49.4174),4.815,49.4174,11.1132,2,http://www.wikidata.org/entity/Q41176,Frankenhalle,building,https://en.wikipedia.org/wiki/Frankenhalle,C,yellow
672,http://www.wikidata.org/entity/Q1265708,https://de.wikipedia.org/wiki/Glockenhof,Point(11.0496 49.4529),2.005,49.4529,11.0496,2,http://www.wikidata.org/entity/Q28538792,Glockenhof,Q28538792,,C,yellow
673,http://www.wikidata.org/entity/Q1272025,https://de.wikipedia.org/wiki/D%C3%BCrer-Gymnasium_N%C3%BCrnberg,Point(11.0511798 49.455496801),1.896,49.455496801874,11.051179800506,2,http://www.wikidata.org/entity/Q1542966,Q1272025,gymnasium,,C,yellow
677,http://www.wikidata.org/entity/Q1272678,https://de.wikipedia.org/wiki/F%C3%A4rbertor_(N%C3%BCrnberg),Point(11.0718 49.4474),0.822,49.4474,11.0718,2,http://www.wikidata.org/entity/Q82117,Färbertor,city gate,,C,yellow
678,http://www.wikidata.org/entity/Q1277794,https://de.wikipedia.org/wiki/Polizeipr%C3%A4sidium_Mittelfranken,Point(11.0688 49.4498),0.763,49.4498,11.0688,2,http://www.wikidata.org/entity/Q2101791,Polizeipräsidium Mittelfranken,Polizeipräsidium,,C,yellow
679,http://www.wikidata.org/entity/Q1279659,https://de.wikipedia.org/wiki/Eberhardshof,Point(11.0278 49.4578),3.604,49.4578,11.0278,2,http://www.wikidata.org/entity/Q28538792,Eberhardshof,Q28538792,,C,yellow
680,http://www.wikidata.org/entity/Q1291207,https://de.wikipedia.org/wiki/Handwerkerh%C3%A4uschen,Point(11.0755 49.4575),0.424,49.4575,11.0755,2,http://www.wikidata.org/entity/Q811979,Q1291207,architectural structure,,C,yellow
681,http://www.wikidata.org/entity/Q1291788,https://de.wikipedia.org/wiki/N%C3%BCrnberger_Reichswald,Point(11.1848 49.4971),9.134,49.4971,11.1848,2,http://www.wikidata.org/entity/Q4421,Nürnberger Reichswald,forest,,C,yellow
682,http://www.wikidata.org/entity/Q1295981,https://de.wikipedia.org/wiki/Langsee_(N%C3%BCrnberg),Point(11.1378 49.4703),4.739,49.4703,11.1378,2,http://www.wikidata.org/entity/Q444677,Q1295981,bathing lake,,C,yellow
684,http://www.wikidata.org/entity/Q1299505,https://de.wikipedia.org/wiki/Volkspark_Marienberg,Point(11.0913 49.4803),3.108,49.4803,11.0913,2,http://www.wikidata.org/entity/Q22698,Volkspark Marienberg,park,,C,yellow
685,http://www.wikidata.org/entity/Q1300717,https://de.wikipedia.org/wiki/E._Otto_Schmidt,Point(11.11902778 49.40104167),6.604,49.40104167,11.11902778,2,http://www.wikidata.org/entity/Q6881511,Q1300717,enterprise,,C,yellow
686,http://www.wikidata.org/entity/Q1301254,https://de.wikipedia.org/wiki/Oberf%C3%BCrberg,Point(10.9415 49.4714),10.005,49.4714,10.9415,2,http://www.wikidata.org/entity/Q253019,Oberfürberg,Ortsteil,,C,yellow
688,http://www.wikidata.org/entity/Q184804,https://de.wikipedia.org/wiki/Zeidlerschloss,Point(11.213904404 49.376440223),13.106,49.37644022373,11.213904404501,2,http://www.wikidata.org/entity/Q751876,Zeidlerschloss,château,,C,yellow
690,http://www.wikidata.org/entity/Q187725,https://de.wikipedia.org/wiki/Zellengef%C3%A4ngnis_N%C3%BCrnberg,Point(11.0466 49.4557),2.228,49.454694444444,11.046388888889,2,http://www.wikidata.org/entity/Q628858,Nuremberg Court Prison,workplace,,C,yellow
706,http://www.wikidata.org/entity/Q198730,https://de.wikipedia.org/wiki/Ziegelstein_(N%C3%BCrnberg),Point(11.1036 49.49),4.444,49.49,11.1036,2,http://www.wikidata.org/entity/Q2983893,Ziegelstein,quarter,,C,yellow
707,http://www.wikidata.org/entity/Q203429,https://de.wikipedia.org/wiki/Spielwarenmesse_eG,Point(11.01797 49.47048),4.668,49.47048,11.01797,2,http://www.wikidata.org/entity/Q4539,Spielwarenmesse eG,cooperative,https://en.wikipedia.org/wiki/Spielwarenmesse_eG,C,yellow
708,http://www.wikidata.org/entity/Q1637148,https://de.wikipedia.org/wiki/Hummelstein,Point(11.0864 49.4333),2.38,49.4333,11.0864,2,http://www.wikidata.org/entity/Q28538792,Hummelstein,Q28538792,,C,yellow
710,http://www.wikidata.org/entity/Q1652575,https://de.wikipedia.org/wiki/H%C3%BCttendorf_(Erlangen),Point(10.9615 49.5407),12.773,49.5407,10.9615,2,http://www.wikidata.org/entity/Q253019,Hüttendorf,Ortsteil,,C,yellow
714,http://www.wikidata.org/entity/Q1663687,https://de.wikipedia.org/wiki/Ronhof,Point(11.0069 49.4967),6.967,49.4967,11.0069,2,http://www.wikidata.org/entity/Q253019,Ronhof,Ortsteil,,C,yellow
716,http://www.wikidata.org/entity/Q1664805,https://de.wikipedia.org/wiki/Institut_f%C3%BCr_Arbeitsmarkt-_und_Berufsforschung,Point(11.104862901 49.442106864),2.384,49.442106864801,11.10486290189,2,http://www.wikidata.org/entity/Q31855,Institut für Arbeitsmarkt- und Berufsforschung,research institute,,C,yellow
717,http://www.wikidata.org/entity/Q1687484,https://de.wikipedia.org/wiki/Steinkreuz_bei_Kriegenbrunn,Point(10.971358029 49.558046162),13.881,49.558046162626,10.971358029406,2,http://www.wikidata.org/entity/Q1640496,Steinkreuz bei Kriegenbrunn,conciliation cross,,C,yellow
718,http://www.wikidata.org/entity/Q1689641,https://de.wikipedia.org/wiki/Lutherkirche_(N%C3%BCrnberg),Point(11.0891 49.4261),3.204,49.4261,11.0891,2,http://www.wikidata.org/entity/Q16970,Lutherkirche,church building,,C,yellow
719,http://www.wikidata.org/entity/Q1697123,https://de.wikipedia.org/wiki/Johannes-Scharrer-Gymnasium_(N%C3%BCrnberg),Point(11.0811 49.4575),0.488,49.4575,11.0811,2,http://www.wikidata.org/entity/Q1542966,Q1697123,gymnasium,,C,yellow
720,http://www.wikidata.org/entity/Q1697999,https://de.wikipedia.org/wiki/Seeleinsb%C3%BChl,Point(11.0589 49.4467),1.551,49.4467,11.0589,2,http://www.wikidata.org/entity/Q2983893,Seeleinsbühl,quarter,,C,yellow
721,http://www.wikidata.org/entity/Q1714428,https://de.wikipedia.org/wiki/Justizvollzugsanstalt_N%C3%BCrnberg,Point(11.048 49.4557),2.127,49.4557,11.048,2,http://www.wikidata.org/entity/Q594128,Justizvollzugsanstalt Nürnberg,correctional facility,,C,yellow
722,http://www.wikidata.org/entity/Q1714896,https://de.wikipedia.org/wiki/J%C3%A4gersee_bei_Feucht,Point(11.1916 49.3723),12.273,49.3723,11.1916,2,http://www.wikidata.org/entity/Q337567,Jägersee,still waters,,C,yellow
724,http://www.wikidata.org/entity/Q1734051,https://de.wikipedia.org/wiki/Karmelitenkloster_N%C3%BCrnberg,Point(11.0742 49.4514),0.355,49.4514,11.0742,2,http://www.wikidata.org/entity/Q2742167,Karmelitenkloster Nürnberg,religious community,,C,yellow
726,http://www.wikidata.org/entity/Q1741871,https://de.wikipedia.org/wiki/Steinach_(F%C3%BCrth),Point(10.995 49.515),9.03,49.515,10.995,2,http://www.wikidata.org/entity/Q253019,Steinach (Fürth),Ortsteil,,C,yellow
728,http://www.wikidata.org/entity/Q1746817,https://de.wikipedia.org/wiki/Kleingr%C3%BCndlach,Point(10.99914 49.53487),10.629,49.53487,10.99914,2,http://www.wikidata.org/entity/Q253019,Kleingründlach,Ortsteil,,C,yellow
730,http://www.wikidata.org/entity/Q1747003,https://de.wikipedia.org/wiki/Kleinreuth_hinter_der_Veste,Point(11.0743 49.477),2.581,49.477,11.0743,2,http://www.wikidata.org/entity/Q253019,Kleinreuth hinter der Veste,Ortsteil,,C,yellow
732,http://www.wikidata.org/entity/Q800320,https://de.wikipedia.org/wiki/Bahnbetriebswerk_N%C3%BCrnberg_West,Point(11.0408 49.4519),2.647,49.4519,11.0408,2,http://www.wikidata.org/entity/Q10283556,Bahnbetriebswerk Nürnberg West,motive power depot,,C,yellow
733,http://www.wikidata.org/entity/Q812420,https://de.wikipedia.org/wiki/Bayerisches_Landesamt_f%C3%BCr_Statistik,Point(11.005 49.468333),5.467,49.468333,11.005,2,http://www.wikidata.org/entity/Q24054178,Bavarian State Office for Statistics and Data,statistical office of German states,,C,yellow
734,http://www.wikidata.org/entity/Q812502,https://de.wikipedia.org/wiki/Hafen_N%C3%BCrnberg,Point(11.0619 49.3922),6.947,49.3922,11.0619,2,http://www.wikidata.org/entity/Q863915,Bayernhafen Nürnberg,inland port,,C,yellow
735,http://www.wikidata.org/entity/Q814077,https://de.wikipedia.org/wiki/Beerbach_(Lauf_an_der_Pegnitz),Point(11.2031 49.5567),14.602,49.5567,11.2031,2,http://www.wikidata.org/entity/Q253019,Beerbach,Ortsteil,,C,yellow
737,http://www.wikidata.org/entity/Q814569,https://de.wikipedia.org/wiki/Behringersdorf,Point(11.1989 49.4722),9.021,49.4722,11.1989,2,http://www.wikidata.org/entity/Q253019,Behringersdorf,Ortsteil,,C,yellow
739,http://www.wikidata.org/entity/Q828380,https://de.wikipedia.org/wiki/Bertolt-Brecht-Schule_N%C3%BCrnberg,Point(11.126283953 49.418295848),5.31,49.418295848005,11.126283953023,2,http://www.wikidata.org/entity/Q2251791,Bertolt-Brecht-Schule Nürnberg,school center,,C,yellow
740,http://www.wikidata.org/entity/Q861648,https://de.wikipedia.org/wiki/Bildungszentrum_N%C3%BCrnberg,Point(11.0836 49.4517),0.516,49.4517,11.0836,2,http://www.wikidata.org/entity/Q1469420,Bildungszentrum Nürnberg,Volkshochschule,,C,yellow
741,http://www.wikidata.org/entity/Q865816,https://de.wikipedia.org/wiki/Birnthon,Point(11.2622 49.4122),14.15,49.4122,11.2622,2,http://www.wikidata.org/entity/Q253019,Birnthon,Ortsteil,,C,yellow
743,http://www.wikidata.org/entity/Q866396,https://de.wikipedia.org/wiki/Bislohe,Point(11.0083 49.5106),8.039,49.5106,11.0083,2,http://www.wikidata.org/entity/Q2983893,Bislohe,quarter,,C,yellow
745,http://www.wikidata.org/entity/Q1885114,https://de.wikipedia.org/wiki/Maiach,Point(11.0582 49.4045),5.661,49.4045,11.0582,2,http://www.wikidata.org/entity/Q28538792,Maiach,Q28538792,,C,yellow
746,http://www.wikidata.org/entity/Q1890723,https://de.wikipedia.org/wiki/Mannhof_(F%C3%BCrth),Point(10.97608 49.52394),10.684,49.52394,10.97608,2,http://www.wikidata.org/entity/Q253019,Mannhof,Ortsteil,,C,yellow
748,http://www.wikidata.org/entity/Q1910590,https://de.wikipedia.org/wiki/Matth%C3%A4uskirche_(N%C3%BCrnberg),Point(11.082 49.4667),1.466,49.4667,11.082,2,http://www.wikidata.org/entity/Q16970,St. Matthäus (Großreuth hinter der Veste),church building,,C,yellow
749,http://www.wikidata.org/entity/Q1913766,https://de.wikipedia.org/wiki/Maxfeld_(N%C3%BCrnberg),Point(11.0897 49.465),1.528,49.465,11.0897,2,http://www.wikidata.org/entity/Q28538792,Maxfeld,Q28538792,,C,yellow
750,http://www.wikidata.org/entity/Q1914298,https://de.wikipedia.org/wiki/Maxtor_(N%C3%BCrnberg),Point(11.0827 49.4589),0.682,49.4589,11.0827,2,http://www.wikidata.org/entity/Q811979,Maxtor,architectural structure,,C,yellow
751,http://www.wikidata.org/entity/Q1920112,https://de.wikipedia.org/wiki/Memorium_N%C3%BCrnberger_Prozesse,Point(11.0480624 49.4544391),2.114,49.4544391,11.0480624,2,http://www.wikidata.org/entity/Q33506,Memorium Nürnberger Prozesse,museum,,C,yellow
753,http://www.wikidata.org/entity/Q1934412,https://de.wikipedia.org/wiki/Milchhof_N%C3%BCrnberg,Point(11.098144 49.449714),1.576,49.449714,11.098144,2,http://www.wikidata.org/entity/Q41176,Milchhof,building,,C,yellow
754,http://www.wikidata.org/entity/Q1951778,https://de.wikipedia.org/wiki/Muggenhof,Point(11.0214 49.4622),4.145,49.4622,11.0214,2,http://www.wikidata.org/entity/Q28538792,Muggenhof,Q28538792,,C,yellow
755,http://www.wikidata.org/entity/Q1954627,https://de.wikipedia.org/wiki/Museum_f%C3%BCr_historische_Wehrtechnik,Point(11.2208 49.4765),10.671,49.4765,11.2208,2,http://www.wikidata.org/entity/Q33506,Museum für historische Wehrtechnik,museum,,C,yellow
757,http://www.wikidata.org/entity/Q1971021,https://de.wikipedia.org/wiki/Naturschutzgebiet_Hainberg,Point(10.9925 49.4258),6.88,49.4258,10.9925,2,http://www.wikidata.org/entity/Q759421,Hainberg,Naturschutzgebiet,,C,yellow
758,http://www.wikidata.org/entity/Q348373,https://de.wikipedia.org/wiki/Adam-Kraft-Gymnasium_(Schwabach),Point(11.0189 49.3267),14.758,49.3267,11.0189,2,http://www.wikidata.org/entity/Q1542966,Q348373,gymnasium,,C,yellow
768,http://www.wikidata.org/entity/Q380588,https://de.wikipedia.org/wiki/Melanchthon-Gymnasium_N%C3%BCrnberg,Point(11.09413 49.45793),1.298,49.45793,11.09413,2,http://www.wikidata.org/entity/Q55043,Melanchthon-Gymnasium Nürnberg,gymnasium,,C,yellow
777,http://www.wikidata.org/entity/Q394815,https://de.wikipedia.org/wiki/Agnesbr%C3%BCcke_(N%C3%BCrnberg),Point(11.0847 49.4523),0.563,49.4523,11.0847,2,http://www.wikidata.org/entity/Q537127,Q394815,road bridge,,C,yellow
778,http://www.wikidata.org/entity/Q1302127,https://de.wikipedia.org/wiki/Steubenbr%C3%BCcke,Point(11.0858 49.4522),0.642,49.4522,11.0858,2,http://www.wikidata.org/entity/Q537127,Q1302127,road bridge,,C,yellow
780,http://www.wikidata.org/entity/Q1303212,https://de.wikipedia.org/wiki/Helene-Lange-Gymnasium_F%C3%BCrth,Point(11.001663976 49.47129732),5.799,49.471297320563,11.001663976627,2,http://www.wikidata.org/entity/Q811165,Helene-Lange-Gymnasium,architectural heritage monument,,C,yellow
792,http://www.wikidata.org/entity/Q1310787,https://de.wikipedia.org/wiki/Felsenkeller_bei_Fischbach_bei_N%C3%BCrnberg,Point(11.1965 49.428),9.086,49.428,11.1965,2,http://www.wikidata.org/entity/Q1277340,Felsenkeller bei Fischbach,rock cellar,,C,yellow
794,http://www.wikidata.org/entity/Q1316166,https://de.wikipedia.org/wiki/Klarissenkloster_St._Klara_(N%C3%BCrnberg),Point(11.0794 49.4486),0.606,49.4486,11.0794,2,http://www.wikidata.org/entity/Q96371565,Klarissenkloster St. Klara (Nürnberg),former monastery,,C,yellow
795,http://www.wikidata.org/entity/Q1334111,https://de.wikipedia.org/wiki/Eltersdorf,Point(10.9888 49.5531),12.75,49.5531,10.9888,2,http://www.wikidata.org/entity/Q253019,Eltersdorf,Ortsteil,,C,yellow
799,http://www.wikidata.org/entity/Q1334155,https://de.wikipedia.org/wiki/Herpersdorf_(N%C3%BCrnberg),Point(11.0858 49.3703),9.313,49.3703,11.0858,2,http://www.wikidata.org/entity/Q253019,Herpersdorf,Ortsteil,,C,yellow
801,http://www.wikidata.org/entity/Q1340515,https://de.wikipedia.org/wiki/Rennweg_(N%C3%BCrnberg),Point(11.0975 49.4626),1.753,49.4626,11.0975,2,http://www.wikidata.org/entity/Q2983893,Rennweg,quarter,,C,yellow
802,http://www.wikidata.org/entity/Q1345914,https://de.wikipedia.org/wiki/Ludwigsfeld_(N%C3%BCrnberg),Point(11.0496 49.4529),2.005,49.4529,11.0496,2,http://www.wikidata.org/entity/Q28538792,Q1345914,Q28538792,,C,yellow
804,http://www.wikidata.org/entity/Q1347640,https://de.wikipedia.org/wiki/Hirsvogelsaal,Point(11.0841 49.4579),0.665,49.4579,11.0841,2,http://www.wikidata.org/entity/Q811979,Hirsvogelsaal,architectural structure,,C,yellow
805,http://www.wikidata.org/entity/Q1365198,https://de.wikipedia.org/wiki/Sorg_(Wendelstein),Point(11.1267 49.3469),12.42,49.3469,11.1267,2,http://www.wikidata.org/entity/Q253019,Sorg,Ortsteil,,C,yellow
807,http://www.wikidata.org/entity/Q1374314,https://de.wikipedia.org/wiki/Schmalau_(N%C3%BCrnberg),Point(11.0887 49.426),3.207,49.426,11.0887,2,http://www.wikidata.org/entity/Q2983893,Schmalau,quarter,,C,yellow
808,http://www.wikidata.org/entity/Q1379994,https://de.wikipedia.org/wiki/Evangelisch-Lutherisches_Dekanat_N%C3%BCrnberg,Point(11.07705 49.45594),0.231,49.45594,11.07705,2,http://www.wikidata.org/entity/Q385337,Evangelisch-Lutherisches Dekanat Nürnberg,deanery,,C,yellow
809,http://www.wikidata.org/entity/Q1383703,https://de.wikipedia.org/wiki/Exerzierplatz_(Naturschutzgebiet),Point(11.0303 49.5842),14.883,49.5842,11.0303,2,http://www.wikidata.org/entity/Q473972,Exerzierplatz,protected area,,C,yellow
811,http://www.wikidata.org/entity/Q1386711,https://de.wikipedia.org/wiki/Wolfsfelden,Point(11.1053 49.5453),10.365,49.5453,11.1053,2,http://www.wikidata.org/entity/Q350895,Wolfsfelden,abandoned village,,C,yellow
812,http://www.wikidata.org/entity/Q1394380,https://de.wikipedia.org/wiki/Villa_Spaeth,Point(11.1142 49.4371),3.255,49.4371,11.1142,2,http://www.wikidata.org/entity/Q41176,Villa Spaeth,building,,C,yellow
813,http://www.wikidata.org/entity/Q1406575,https://de.wikipedia.org/wiki/Luitpoldhain_(N%C3%BCrnberg),Point(11.1063 49.4345),3.006,49.4345,11.1063,2,http://www.wikidata.org/entity/Q22698,Luitpoldhain,park,,C,yellow
814,http://www.wikidata.org/entity/Q1409783,https://de.wikipedia.org/wiki/Feuerwache_West_(N%C3%BCrnberg),Point(11.0569 49.4536),1.475,49.4536,11.0569,2,http://www.wikidata.org/entity/Q41176,Feuerwache West,building,,C,yellow
815,http://www.wikidata.org/entity/Q1410049,https://de.wikipedia.org/wiki/Feuerwehrmuseum_N%C3%BCrnberg,Point(11.0875 49.4483),0.963,49.4483,11.0875,2,http://www.wikidata.org/entity/Q11786880,Feuerwehrmuseum Nürnberg,firefighting museum,,C,yellow
816,http://www.wikidata.org/entity/Q1416350,https://de.wikipedia.org/wiki/Finanzgericht_N%C3%BCrnberg,Point(11.0639 49.454),0.969,49.454,11.0639,2,http://www.wikidata.org/entity/Q897056,Finanzgericht Nürnberg,Finance Court,,C,yellow
817,http://www.wikidata.org/entity/Q1466366,https://de.wikipedia.org/wiki/F%C3%BCrther_Tor,Point(11.0664 49.4497),0.914,49.4497,11.0664,2,http://www.wikidata.org/entity/Q82117,Fürther Tor,city gate,,C,yellow
818,http://www.wikidata.org/entity/Q1474539,https://de.wikipedia.org/wiki/Rundfunkmuseum_F%C3%BCrth,Point(11.0127 49.4687),4.951,49.4687,11.0127,2,http://www.wikidata.org/entity/Q2176201,Rundfunkmuseum Fürth,museum of broadcasting,,C,yellow
819,http://www.wikidata.org/entity/Q1483724,https://de.wikipedia.org/wiki/F%C3%BCrther_Stra%C3%9Fe,Point(11.0409 49.4558),2.64,49.4558,11.0409,2,http://www.wikidata.org/entity/Q79007,Fürther Straße (Nürnberg),street,,C,yellow
820,http://www.wikidata.org/entity/Q1485573,https://de.wikipedia.org/wiki/Gro%C3%9Fschwarzenlohe,Point(11.1131 49.3397),12.956,49.3397,11.1131,2,http://www.wikidata.org/entity/Q253019,Großschwarzenlohe,Ortsteil,,C,yellow
822,http://www.wikidata.org/entity/Q1491084,https://de.wikipedia.org/wiki/Neukatzwang,Point(11.05358 49.3613),10.435,49.3613,11.05358,2,http://www.wikidata.org/entity/Q253019,Neukatzwang,Ortsteil,,C,yellow
824,http://www.wikidata.org/entity/Q1491375,https://de.wikipedia.org/wiki/Gaismannshof,Point(11.0253 49.4479),3.817,49.4479,11.0253,2,http://www.wikidata.org/entity/Q28538792,Gaismannshof,Q28538792,,C,yellow
825,http://www.wikidata.org/entity/Q1492027,https://de.wikipedia.org/wiki/Galgenhof,Point(11.0822 49.4392),1.669,49.4392,11.0822,2,http://www.wikidata.org/entity/Q28538792,Galgenhof,Q28538792,,C,yellow
826,http://www.wikidata.org/entity/Q1494690,https://de.wikipedia.org/wiki/Gartenstadt_(N%C3%BCrnberg),Point(11.0783 49.4134),4.501,49.4134,11.0783,2,http://www.wikidata.org/entity/Q28538792,Gartenstadt,Q28538792,,C,yellow
827,http://www.wikidata.org/entity/Q1496219,https://de.wikipedia.org/wiki/Gaulnhofen,Point(11.0756 49.3639),10.005,49.3639,11.0756,2,http://www.wikidata.org/entity/Q253019,Gaulnhofen,Ortsteil,,C,yellow
829,http://www.wikidata.org/entity/Q1498210,https://de.wikipedia.org/wiki/Gef%C3%BCtterter_Graben_bei_Ungelstetten,Point(11.2698 49.4248),14.289,49.4248,11.2698,2,http://www.wikidata.org/entity/Q192810,Gefütterter Graben bei Ungelstetten,graben,,C,yellow
833,http://www.wikidata.org/entity/Q1503692,https://de.wikipedia.org/wiki/Tafelwerk_N%C3%BCrnberg,Point(11.11083333 49.46111111),2.554,49.46111111,11.11083333,2,http://www.wikidata.org/entity/Q4830453,Q1503692,business,,C,yellow
834,http://www.wikidata.org/entity/Q1508327,https://de.wikipedia.org/wiki/Mittelm%C3%BChle_(N%C3%BCrnberg),Point(10.998 49.5345),10.638,49.5345,10.998,2,http://www.wikidata.org/entity/Q41176,Mittelmühle,building,,C,yellow
835,http://www.wikidata.org/entity/Q1510695,https://de.wikipedia.org/wiki/Poststadt,Point(11.091332927 49.436011468),2.23,49.436011468753,11.091332927536,2,http://www.wikidata.org/entity/Q811979,Poststadt Nürnberg,architectural structure,,C,yellow
836,http://www.wikidata.org/entity/Q1514111,https://de.wikipedia.org/wiki/Sch%C3%BCsselstein_bei_Fischbach,Point(11.1887 49.4383),8.237,49.4383,11.1887,2,http://www.wikidata.org/entity/Q372363,Schüsselstein bei Fischbach,geotope,,C,yellow
839,http://www.wikidata.org/entity/Q1517025,https://de.wikipedia.org/wiki/K%C3%BCnstlerhaus_N%C3%BCrnberg,Point(11.0818 49.4484),0.69,49.4484,11.0818,2,http://www.wikidata.org/entity/Q1797122,Künstlerhaus Nürnberg,artist's house,,C,yellow
841,http://www.wikidata.org/entity/Q1518174,https://de.wikipedia.org/wiki/Gesch%C3%A4ftshaus_Theresienstra%C3%9Fe_11_(N%C3%BCrnberg),Point(11.0793 49.4558),0.259,49.4558,11.0793,2,http://www.wikidata.org/entity/Q811979,"Geschäftshaus Theresienstraße 11, Nürnberg",architectural structure,,C,yellow
842,http://www.wikidata.org/entity/Q1524103,https://de.wikipedia.org/wiki/Heeresmunitionsanstalt_Feucht,Point(11.18138889 49.38138889),11.029,49.38138889,11.18138889,2,http://www.wikidata.org/entity/Q1953305,Heeresmunitionsanstalt Feucht,German armed forces munitions plant,,C,yellow
843,http://www.wikidata.org/entity/Q1524469,https://de.wikipedia.org/wiki/Schafhof_(N%C3%BCrnberg),Point(11.118333333 49.480083333),4.158,49.480083333333,11.118333333333,2,http://www.wikidata.org/entity/Q28538792,Schafhof,Q28538792,,C,yellow
846,http://www.wikidata.org/entity/Q758328,https://de.wikipedia.org/wiki/Atzenhof_(F%C3%BCrth),Point(10.9528 49.5042),10.593,49.5042,10.9528,2,http://www.wikidata.org/entity/Q253019,Atzenhof,Ortsteil,,C,yellow
849,http://www.wikidata.org/entity/Q768527,https://de.wikipedia.org/wiki/Augustinerkloster_N%C3%BCrnberg,Point(11.0753 49.4542),0.149,49.4542,11.0753,2,http://www.wikidata.org/entity/Q2742167,Augustinerkloster Nürnberg,religious community,,C,yellow
851,http://www.wikidata.org/entity/Q785585,https://de.wikipedia.org/wiki/Autobahndreieck_N%C3%BCrnberg/Feucht,Point(11.2036 49.3494),14.78,49.3494,11.2036,2,http://www.wikidata.org/entity/Q2376564,Autobahndreieck Nürnberg/Feucht,interchange,,C,yellow
852,http://www.wikidata.org/entity/Q2340286,https://de.wikipedia.org/wiki/Steinb%C3%BChl_(N%C3%BCrnberg),Point(11.0589 49.4467),1.551,49.4467,11.0589,2,http://www.wikidata.org/entity/Q28538792,Steinbühl,Q28538792,,C,yellow
853,http://www.wikidata.org/entity/Q2381523,https://de.wikipedia.org/wiki/S%C3%BCdstadtpark_(N%C3%BCrnberg),Point(11.0781 49.4441),1.088,49.4441,11.0781,2,http://www.wikidata.org/entity/Q22698,Südstadtpark,park,,C,yellow
854,http://www.wikidata.org/entity/Q2381794,https://de.wikipedia.org/wiki/S%C3%BCdwestpark,Point(11.0197 49.4286),5.024,49.4286,11.0197,2,http://www.wikidata.org/entity/Q338313,Südwestpark,business park,,C,yellow
855,http://www.wikidata.org/entity/Q2382147,https://de.wikipedia.org/wiki/S%C3%BCndersb%C3%BChl,Point(11.0417 49.4444),2.78,49.4444,11.0417,2,http://www.wikidata.org/entity/Q28538792,Sündersbühl,Q28538792,,C,yellow
856,http://www.wikidata.org/entity/Q2387526,https://de.wikipedia.org/wiki/Tafelhof_(N%C3%BCrnberg),Point(11.0589 49.4467),1.551,49.4467,11.0589,2,http://www.wikidata.org/entity/Q28538792,Tafelhof (Nürnberg),Q28538792,,C,yellow
857,http://www.wikidata.org/entity/Q2403583,https://de.wikipedia.org/wiki/Tennenloher_Forst,Point(11.0508 49.5592),11.867,49.5592,11.0508,2,http://www.wikidata.org/entity/Q473972,Tennenloher Forst,protected area,,C,yellow
859,http://www.wikidata.org/entity/Q2407015,https://de.wikipedia.org/wiki/Teufelsbr%C3%BCnnlein,Point(11.078 49.4512),0.301,49.4512,11.078,2,http://www.wikidata.org/entity/Q43483,Teufelsbrünnlein,water well,,C,yellow
860,http://www.wikidata.org/entity/Q2415919,https://de.wikipedia.org/wiki/Theater_Pf%C3%BCtze,Point(11.08773 49.4566),0.813,49.4566,11.08773,2,http://www.wikidata.org/entity/Q742421,Theater Pfütze,theatre company,,C,yellow
861,http://www.wikidata.org/entity/Q2428744,https://de.wikipedia.org/wiki/Thon_(N%C3%BCrnberg),Point(11.0583 49.4783),3.043,49.4783,11.0583,2,http://www.wikidata.org/entity/Q28538792,"Thon, Nuremberg",Q28538792,,C,yellow
862,http://www.wikidata.org/entity/Q2457151,https://de.wikipedia.org/wiki/Tr%C3%B6delmarkt_(N%C3%BCrnberg),Point(11.0744 49.4531),0.226,49.4531,11.0744,2,http://www.wikidata.org/entity/Q174782,Trödelmarkt,square,,C,yellow
863,http://www.wikidata.org/entity/Q2459506,https://de.wikipedia.org/wiki/Tullnau,Point(11.0589 49.4467),1.551,49.4467,11.0589,2,http://www.wikidata.org/entity/Q28538792,Tullnau,Q28538792,,C,yellow
864,http://www.wikidata.org/entity/Q2474193,https://de.wikipedia.org/wiki/Uhrensammlung_Karl_Gebhardt,Point(11.0833 49.4517),0.497,49.4517,11.0833,2,http://www.wikidata.org/entity/Q2668072,Karl Gebhardt watch collection,collection,,C,yellow
866,http://www.wikidata.org/entity/Q2497521,https://de.wikipedia.org/wiki/Unterfarrnbach,Point(10.95166667 49.49055556),9.952,49.49055556,10.95166667,2,http://www.wikidata.org/entity/Q253019,Unterfarrnbach,Ortsteil,,C,yellow
868,http://www.wikidata.org/entity/Q2498082,https://de.wikipedia.org/wiki/Untermichelbach_(Obermichelbach),Point(10.9222 49.5311),14.114,49.5311,10.9222,2,http://www.wikidata.org/entity/Q253019,Untermichelbach (Obermichelbach),Ortsteil,,C,yellow
870,http://www.wikidata.org/entity/Q2512011,https://de.wikipedia.org/wiki/Veilhof,Point(11.1286 49.4106),6.075,49.4106,11.1286,2,http://www.wikidata.org/entity/Q28538792,Veilhof,Q28538792,,C,yellow
871,http://www.wikidata.org/entity/Q32843543,https://de.wikipedia.org/wiki/F%C3%B6hrenbuck,Point(11.07014 49.3944),6.633,49.3944,11.07014,2,http://www.wikidata.org/entity/Q54050,Föhrenbuck,hill,,C,yellow
873,http://www.wikidata.org/entity/Q33104742,https://de.wikipedia.org/wiki/Allerheiligenkirche_(Kleinschwarzenlohe),Point(11.109144 49.345181),12.303,49.345181,11.109144,2,http://www.wikidata.org/entity/Q16970,Allerheiligenkirche,church building,,C,yellow
874,http://www.wikidata.org/entity/Q627894,https://de.wikipedia.org/wiki/Arbeitsgericht_N%C3%BCrnberg,Point(11.059305555 49.4535),1.301,49.4535,11.059305555556,2,http://www.wikidata.org/entity/Q3250652,Arbeitsgericht Nürnberg,labor court,,C,yellow
875,http://www.wikidata.org/entity/Q635978,https://de.wikipedia.org/wiki/Archivpark,Point(11.0737 49.4618),0.919,49.4618,11.0737,2,http://www.wikidata.org/entity/Q22698,Archivpark Nürnberg,park,,C,yellow
876,http://www.wikidata.org/entity/Q2179279,https://de.wikipedia.org/wiki/R%C3%B6ckenhof,Point(11.1478 49.5664),13.508,49.5664,11.1478,2,http://www.wikidata.org/entity/Q253019,Röckenhof,Ortsteil,,C,yellow
878,http://www.wikidata.org/entity/Q2202919,https://de.wikipedia.org/wiki/R%C3%B6thenbach_bei_Sankt_Wolfgang,Point(11.1697 49.3631),12.106,49.3631,11.1697,2,http://www.wikidata.org/entity/Q253019,Röthenbach bei Sankt Wolfgang,Ortsteil,,C,yellow
880,http://www.wikidata.org/entity/Q2202922,https://de.wikipedia.org/wiki/R%C3%B6thenbach_bei_Schweinau,Point(11.0367 49.4172),5.024,49.4172,11.0367,2,http://www.wikidata.org/entity/Q2983893,Röthenbach bei Schweinau,quarter,,C,yellow
881,http://www.wikidata.org/entity/Q2207774,https://de.wikipedia.org/wiki/SS-Kaserne_(N%C3%BCrnberg),Point(11.097575 49.430417),2.992,49.430417,11.097575,2,http://www.wikidata.org/entity/Q41176,SS-Kaserne,building,,C,yellow
882,http://www.wikidata.org/entity/Q2210767,https://de.wikipedia.org/wiki/Sack_(F%C3%BCrth),Point(11.0125 49.5033),7.219,49.5033,11.0125,2,http://www.wikidata.org/entity/Q253019,Sack,Ortsteil,,C,yellow
884,http://www.wikidata.org/entity/Q2238924,https://de.wikipedia.org/wiki/Schleifweg_(N%C3%BCrnberg),Point(11.0912 49.4714),2.193,49.4714,11.0912,2,http://www.wikidata.org/entity/Q28538792,Schleifweg,Q28538792,,C,yellow
885,http://www.wikidata.org/entity/Q2242335,https://de.wikipedia.org/wiki/Schloss_Malmsbach,Point(11.18549 49.47389),8.129,49.47389,11.18549,2,http://www.wikidata.org/entity/Q615810,Malmsbach Castle,water castle,,C,yellow
888,http://www.wikidata.org/entity/Q2247979,https://de.wikipedia.org/wiki/Schniegling,Point(11.0284 49.4695),3.938,49.4695,11.0284,2,http://www.wikidata.org/entity/Q28538792,Schniegling,Q28538792,,C,yellow
889,http://www.wikidata.org/entity/Q2248941,https://de.wikipedia.org/wiki/Schoppershof,Point(11.1097 49.4694),2.909,49.4694,11.1097,2,http://www.wikidata.org/entity/Q28538792,Schoppershof,Q28538792,,C,yellow
890,http://www.wikidata.org/entity/Q2255611,https://de.wikipedia.org/wiki/Schweinau,Point(11.0453 49.4352),3.108,49.4352,11.0453,2,http://www.wikidata.org/entity/Q28538792,Schweinau,Q28538792,,C,yellow
891,http://www.wikidata.org/entity/Q2282655,https://de.wikipedia.org/wiki/Siedlung_Nordbahnhof,Point(11.0887 49.426),3.207,49.426,11.0887,2,http://www.wikidata.org/entity/Q2983893,Siedlung Nordbahnhof,quarter,,C,yellow
892,http://www.wikidata.org/entity/Q2282656,https://de.wikipedia.org/wiki/Siedlung_Nordostbahnhof,Point(11.1052 49.4721),2.859,49.4721,11.1052,2,http://www.wikidata.org/entity/Q2983893,Siedlung Nordostbahnhof,quarter,,C,yellow
893,http://www.wikidata.org/entity/Q2284924,https://de.wikipedia.org/wiki/Schulzentrum_S%C3%BCdwest_N%C3%BCrnberg,Point(11.0436 49.4118),5.275,49.4118,11.0436,2,http://www.wikidata.org/entity/Q55043,Q2284924,gymnasium,,C,yellow
894,http://www.wikidata.org/entity/Q2311268,https://de.wikipedia.org/wiki/Spitalhof_(N%C3%BCrnberg),Point(11.120833333 49.473888888),3.854,49.473888888889,11.120833333333,2,http://www.wikidata.org/entity/Q79007,Spitalhof (Nürnberg),street,,C,yellow
896,http://www.wikidata.org/entity/Q2311296,https://de.wikipedia.org/wiki/Spitalkirche_(Schwabach),Point(11.0191 49.3301),14.392,49.3301,11.0191,2,http://www.wikidata.org/entity/Q16970,Spitalkirche,church building,,C,yellow
897,http://www.wikidata.org/entity/Q2311413,https://de.wikipedia.org/wiki/Spittlertor,Point(11.0668 49.4483),0.98,49.4483,11.0668,2,http://www.wikidata.org/entity/Q12518,Q2311413,tower,,C,yellow
898,http://www.wikidata.org/entity/Q2312370,https://de.wikipedia.org/wiki/Sportanlage_Langenau,Point(10.9947 49.5557),12.797,49.5557,10.9947,2,http://www.wikidata.org/entity/Q1154710,Sportanlage Langenau,association football venue,,C,yellow
899,http://www.wikidata.org/entity/Q2317007,https://de.wikipedia.org/wiki/St._Andreas_(N%C3%BCrnberg),Point(11.0709 49.4718),2.046,49.4718,11.0709,2,http://www.wikidata.org/entity/Q16970,St. Andreas,church building,,C,yellow
900,http://www.wikidata.org/entity/Q2320268,https://de.wikipedia.org/wiki/St._Leonhard_(N%C3%BCrnberg),Point(11.052 49.4398),2.407,49.4398,11.052,2,http://www.wikidata.org/entity/Q28538792,St. Leonhard,Q28538792,,C,yellow
901,http://www.wikidata.org/entity/Q2324736,https://de.wikipedia.org/wiki/Staatsarchiv_N%C3%BCrnberg,Point(11.0743 49.4627),1.005,49.4627,11.0743,2,http://www.wikidata.org/entity/Q166118,Bayerisches Staatsarchiv Nürnberg,archive,,C,yellow
902,http://www.wikidata.org/entity/Q2325970,https://de.wikipedia.org/wiki/Stadeln_(F%C3%BCrth),Point(10.9758 49.5125),9.811,49.5125,10.9758,2,http://www.wikidata.org/entity/Q253019,Stadeln,Ortsteil,,C,yellow
904,http://www.wikidata.org/entity/Q2326574,https://de.wikipedia.org/wiki/Stadtarchiv_N%C3%BCrnberg,Point(11.08442 49.45154),0.576,49.45154,11.08442,2,http://www.wikidata.org/entity/Q604177,Stadtarchiv Nürnberg,municipal archive,,C,yellow
906,http://www.wikidata.org/entity/Q2326885,https://de.wikipedia.org/wiki/Stadtbibliothek_N%C3%BCrnberg,Point(11.081 49.4569),0.43,49.4569,11.081,2,http://www.wikidata.org/entity/Q2326815,Nuremberg City Library,municipal library,,C,yellow
907,http://www.wikidata.org/entity/Q2327651,https://de.wikipedia.org/wiki/Stadtmuseum_F%C3%BCrth,Point(10.987108333 49.473886111),6.887,49.473886111111,10.987108333333,2,http://www.wikidata.org/entity/Q2327632,Fürth municipal museum,city museum,,C,yellow
908,http://www.wikidata.org/entity/Q23649547,https://de.wikipedia.org/wiki/Kopernikusplatz_(N%C3%BCrnberg),Point(11.08122 49.43916),1.66,49.43916,11.08122,2,http://www.wikidata.org/entity/Q174782,Kopernikusplatz,square,,C,yellow
909,http://www.wikidata.org/entity/Q23786271,https://de.wikipedia.org/wiki/Wilhelm-L%C3%B6he-Schule,Point(11.06252 49.4545),1.07,49.4545,11.06252,2,http://www.wikidata.org/entity/Q811979,Wilhelm-Löhe-Schule,architectural structure,,C,yellow
911,http://www.wikidata.org/entity/Q23796888,https://de.wikipedia.org/wiki/Gustav-Adolf-Ged%C3%A4chtniskirche_(N%C3%BCrnberg),Point(11.08956 49.43786),1.989,49.43786,11.08956,2,http://www.wikidata.org/entity/Q16970,Gustav-Adolf-Gedächtniskirche (Nürnberg),church building,,C,yellow
912,http://www.wikidata.org/entity/Q24422295,https://de.wikipedia.org/wiki/Bibliothek_der_Technischen_Hochschule_N%C3%BCrnberg_Georg_Simon_Ohm,Point(11.09251 49.45257),1.109,49.45257,11.09251,2,http://www.wikidata.org/entity/Q1622062,Library of the Technische Hochschule Nuremberg Georg Simon Ohm,university library,,C,yellow
913,http://www.wikidata.org/entity/Q25089203,https://de.wikipedia.org/wiki/Lokschuppen_F%C3%BCrth,Point(11.009537 49.46563),5.069,49.46563,11.009537,2,http://www.wikidata.org/entity/Q131163540,Lokschuppen,engine shed,,C,yellow
915,http://www.wikidata.org/entity/Q25089828,https://de.wikipedia.org/wiki/Orpheum_(N%C3%BCrnberg),Point(11.066475 49.458146),0.915,49.458146,11.066475,2,http://www.wikidata.org/entity/Q1763828,Orpheum,multi-purpose hall,,C,yellow
917,http://www.wikidata.org/entity/Q25089842,https://de.wikipedia.org/wiki/Die_Camera_(F%C3%BCrth),Point(10.986492 49.463409),6.648,49.463409,10.986492,2,http://www.wikidata.org/entity/Q8719053,Die Camera,music venue,,C,yellow
919,http://www.wikidata.org/entity/Q25392626,https://de.wikipedia.org/wiki/Laufamholz_(Happurger_Str.),Point(11.157627 49.464818),5.932,49.464818,11.157627,2,http://www.wikidata.org/entity/Q253019,Laufamholz,Ortsteil,,C,yellow
921,http://www.wikidata.org/entity/Q26207174,https://de.wikipedia.org/wiki/Hubertusbrunnen_bei_Feucht,Point(11.24249 49.39483),13.632,49.39483,11.24249,2,http://www.wikidata.org/entity/Q124714,Hubertusbrunnen (Feucht),spring,,C,yellow
922,http://www.wikidata.org/entity/Q26226430,https://de.wikipedia.org/wiki/Krugsweiher,Point(11.18879 49.36929),12.39,49.36929,11.18879,2,http://www.wikidata.org/entity/Q337567,Krugsweiher,still waters,,C,yellow
923,http://www.wikidata.org/entity/Q27842214,https://de.wikipedia.org/wiki/Bismarckschule_(N%C3%BCrnberg),Point(11.10277778 49.46361111),2.136,49.46361111,11.10277778,2,http://www.wikidata.org/entity/Q1244442,Bismarckschule,school building,,C,yellow
925,http://www.wikidata.org/entity/Q28038711,https://de.wikipedia.org/wiki/Tucherkeller_(N%C3%BCrnberg),Point(11.08463 49.45815),0.712,49.45815,11.08463,2,http://www.wikidata.org/entity/Q91122,Nuremberg Bunker,bunker,,C,yellow
927,http://www.wikidata.org/entity/Q28255272,https://de.wikipedia.org/wiki/D%C3%BCrerquelle,Point(11.11605 49.561080555),12.244,49.561080555556,11.11605,2,http://www.wikidata.org/entity/Q124714,Dürerquelle,spring,,C,yellow
928,http://www.wikidata.org/entity/Q28657264,https://de.wikipedia.org/wiki/Apollo-Theater_(N%C3%BCrnberg),Point(11.0775 49.4495),0.486,49.4495,11.0775,2,http://www.wikidata.org/entity/Q24354,Apollo-Theater,theatre building,,C,yellow
929,http://www.wikidata.org/entity/Q28735005,https://de.wikipedia.org/wiki/Landeskirchliches_Archiv_der_Evangelisch-Lutherischen_Kirche_in_Bayern,Point(11.1038 49.45758),1.959,49.45758,11.1038,2,http://www.wikidata.org/entity/Q166118,Q28735005,archive,,C,yellow
931,http://www.wikidata.org/entity/Q901767,https://de.wikipedia.org/wiki/Braunsbach_(F%C3%BCrth),Point(11.0194 49.5),6.618,49.5,11.0194,2,http://www.wikidata.org/entity/Q253019,Braunsbach (Fürth),Ortsteil,,C,yellow
933,http://www.wikidata.org/entity/Q992071,https://de.wikipedia.org/wiki/Bruck_(Erlangen),Point(10.9969 49.5692),14.076,49.5692,10.9969,2,http://www.wikidata.org/entity/Q253019,Bruck,Ortsteil,,C,yellow
936,http://www.wikidata.org/entity/Q992091,https://de.wikipedia.org/wiki/Brucker_Lache,Point(11.0205 49.5636),12.871,49.5636,11.0205,2,http://www.wikidata.org/entity/Q759421,Brucker Lache,Naturschutzgebiet,,C,yellow
937,http://www.wikidata.org/entity/Q1007235,https://de.wikipedia.org/wiki/Bundesstra%C3%9Fe_4f,Point(11.0990648 49.5114986),6.598,49.5114986,11.0990648,2,http://www.wikidata.org/entity/Q811683,Bundesstraße 4f,proposed building or structure,,C,yellow
949,http://www.wikidata.org/entity/Q1019163,https://de.wikipedia.org/wiki/B%C3%A4renschanze,Point(11.0496 49.4529),2.005,49.4529,11.0496,2,http://www.wikidata.org/entity/Q28538792,Bärenschanze,Q28538792,,C,yellow
950,http://www.wikidata.org/entity/Q1092370,https://de.wikipedia.org/wiki/Cinecitta%E2%80%99_Multiplexkino_N%C3%BCrnberg,Point(11.08333333 49.45194444),0.486,49.45194444,11.08333333,2,http://www.wikidata.org/entity/Q1153108,Cinecittà Nürnberg,multiplex,,C,yellow
951,http://www.wikidata.org/entity/Q1138775,https://de.wikipedia.org/wiki/Cramer-Klett-Park,Point(11.0909 49.4548),0.989,49.4548,11.0909,2,http://www.wikidata.org/entity/Q22698,Q1138775,park,,C,yellow
952,http://www.wikidata.org/entity/Q1419641,https://de.wikipedia.org/wiki/Rathenauplatz_(N%C3%BCrnberg),Point(11.0894 49.4569),0.937,49.4569,11.0894,2,http://www.wikidata.org/entity/Q174782,Rathenauplatz,square,,C,yellow
953,http://www.wikidata.org/entity/Q1421175,https://de.wikipedia.org/wiki/Kleinweidenm%C3%BChle,Point(11.0638 49.4558),0.999,49.4558,11.0638,2,http://www.wikidata.org/entity/Q253019,Kleinweidenmühle,Ortsteil,,C,yellow
954,http://www.wikidata.org/entity/Q1423672,https://de.wikipedia.org/wiki/Museum_Industriekultur_(N%C3%BCrnberg),Point(11.1108 49.4611),2.551,49.4611,11.1108,2,http://www.wikidata.org/entity/Q33506,Museum of Industrial Culture,museum,,C,yellow
955,http://www.wikidata.org/entity/Q1425604,https://de.wikipedia.org/wiki/Penzendorf_(Schwabach),Point(11.0631 49.3269),14.155,49.3269,11.0631,2,http://www.wikidata.org/entity/Q253019,Penzendorf,Ortsteil,,C,yellow
957,http://www.wikidata.org/entity/Q1441092,https://de.wikipedia.org/wiki/Konrad-Adenauer-Br%C3%BCcke_(N%C3%BCrnberg),Point(11.0973 49.4509),1.483,49.4509,11.0973,2,http://www.wikidata.org/entity/Q537127,Konrad-Adenauer-Brücke,road bridge,,C,yellow
959,http://www.wikidata.org/entity/Q1450452,https://de.wikipedia.org/wiki/Franzosenkirche_(Schwabach),Point(11.017 49.3295),14.501,49.3295,11.017,2,http://www.wikidata.org/entity/Q16970,French Church of Schwabach,church building,,C,yellow
960,http://www.wikidata.org/entity/Q1456819,https://de.wikipedia.org/wiki/Friedenskirche_(N%C3%BCrnberg),Point(11.065305555 49.459780555),1.088,49.459780555556,11.065305555556,2,http://www.wikidata.org/entity/Q16970,Friedenskirche,church building,,C,yellow
964,http://www.wikidata.org/entity/Q1456860,https://de.wikipedia.org/wiki/Friedensmuseum_N%C3%BCrnberg,Point(11.0776 49.4612),0.815,49.4612,11.0776,2,http://www.wikidata.org/entity/Q7157526,Q1456860,peace museum,,C,yellow
965,http://www.wikidata.org/entity/Q1457725,https://de.wikipedia.org/wiki/Friedrich-Ebert-Platz_(N%C3%BCrnberg),Point(11.0711 49.4626),1.069,49.4626,11.0711,2,http://www.wikidata.org/entity/Q174782,Friedrich-Ebert-Platz,square,,C,yellow
966,http://www.wikidata.org/entity/Q1461949,https://de.wikipedia.org/wiki/Siebenbogenbr%C3%BCcke_(F%C3%BCrth),Point(10.9811 49.4713),7.217,49.4713,10.9811,2,http://www.wikidata.org/entity/Q158438,Siebenbogenbrücke,arch bridge,,C,yellow
968,http://www.wikidata.org/entity/Q1462766,https://de.wikipedia.org/wiki/Himmelgarten_(R%C3%B6thenbach_an_der_Pegnitz),Point(11.2746 49.4806),14.564,49.4806,11.2746,2,http://www.wikidata.org/entity/Q253019,Himmelgarten,Ortsteil,,C,yellow
970,http://www.wikidata.org/entity/Q1464370,https://de.wikipedia.org/wiki/Insel_Sch%C3%BCtt,Point(11.0833 49.4528),0.45,49.4528,11.0833,2,http://www.wikidata.org/entity/Q23442,Q1464370,island,,C,yellow
971,http://www.wikidata.org/entity/Q1543340,https://de.wikipedia.org/wiki/Graphische_Sammlung_der_Stadt_N%C3%BCrnberg,Point(11.1115 49.4613),2.606,49.4613,11.1115,2,http://www.wikidata.org/entity/Q207694,Graphic Art Collection of the City of Nuremberg,art museum,,C,yellow
972,http://www.wikidata.org/entity/Q1549261,https://de.wikipedia.org/wiki/Gro%C3%9Fgeschaidt,Point(11.1753 49.5626),14.008,49.5626,11.1753,2,http://www.wikidata.org/entity/Q253019,Großgeschaidt,Ortsteil,,C,yellow
974,http://www.wikidata.org/entity/Q1554873,https://de.wikipedia.org/wiki/Schindlerhof_Klaus_Kobjoll,Point(11.023646 49.51619),7.939,49.51619,11.023646,2,http://www.wikidata.org/entity/Q4830453,Schindlerhof,business,,C,yellow
976,http://www.wikidata.org/entity/Q1554944,https://de.wikipedia.org/wiki/Guntherstra%C3%9Fe,Point(11.098775 49.435132),2.599,49.435132,11.098775,2,http://www.wikidata.org/entity/Q79007,Guntherstraße (Nürnberg),street,,C,yellow
978,http://www.wikidata.org/entity/Q1567950,https://de.wikipedia.org/wiki/N%C3%BCrnberg_Rangierbahnhof,Point(11.083246 49.417711),4.044,49.417711,11.083246,2,http://www.wikidata.org/entity/Q519608,Nuremberg Rbf,classification yard,,C,yellow
981,http://www.wikidata.org/entity/Q1575248,https://de.wikipedia.org/wiki/Handwerkerhof_N%C3%BCrnberg,Point(11.0811 49.4474),0.77,49.4474,11.0811,2,http://www.wikidata.org/entity/Q309250,Q1575248,courtyard,,C,yellow
983,http://www.wikidata.org/entity/Q1575249,https://de.wikipedia.org/wiki/Handwerkerh%C3%A4user_K%C3%BChnertsgasse,Point(11.082448348 49.450355417),0.54,49.450355417256,11.082448348607,2,http://www.wikidata.org/entity/Q1497375,Handwerkerhäuser Kühnertsgasse,architectural ensemble,,C,yellow
984,http://www.wikidata.org/entity/Q1578192,https://de.wikipedia.org/wiki/Hans-Sachs-Gymnasium_N%C3%BCrnberg,Point(11.085555555 49.462777777),1.156,49.462651970232,11.085429711804,2,http://www.wikidata.org/entity/Q1244442,Hans-Sachs-Gymnasium (Nuremberg-Gärten hinter der Veste),school building,,C,yellow
992,http://www.wikidata.org/entity/Q1579046,https://de.wikipedia.org/wiki/St._Martin_(N%C3%BCrnberg),Point(11.0814 49.4655),1.326,49.4655,11.0814,2,http://www.wikidata.org/entity/Q317557,St. Martin (Großreuth hinter der Veste),parish church,,C,yellow
993,http://www.wikidata.org/entity/Q1585070,https://de.wikipedia.org/wiki/Hardenberg-Gymnasium_F%C3%BCrth,Point(10.9957 49.4635),5.994,49.4635,10.9957,2,http://www.wikidata.org/entity/Q1464145,Hardenberg-Gymnasium Fürth,Gymnasium (Bavaria),,C,yellow
997,http://www.wikidata.org/entity/Q1585106,https://de.wikipedia.org/wiki/Hardh%C3%B6he,Point(10.9561 49.4803),9.238,49.4803,10.9561,2,http://www.wikidata.org/entity/Q253019,Hardhöhe,Ortsteil,,C,yellow
998,http://www.wikidata.org/entity/Q1588322,https://de.wikipedia.org/wiki/Hasenbuck,Point(11.0887 49.426),3.207,49.426,11.0887,2,http://www.wikidata.org/entity/Q28538792,Hasenbuck,Q28538792,,C,yellow
999,http://www.wikidata.org/entity/Q41392623,https://de.wikipedia.org/wiki/St._Georg_(R%C3%BCckersdorf),Point(11.242725106 49.493529352),12.74,49.493529352161,11.242725106491,2,http://www.wikidata.org/entity/Q16970,Q41392623,church building,,C,yellow
1000,http://www.wikidata.org/entity/Q2538341,https://de.wikipedia.org/wiki/Wachendorf_(Cadolzburg),Point(10.8889 49.4583),13.626,49.4583,10.8889,2,http://www.wikidata.org/entity/Q253019,Wachendorf,Ortsteil,,C,yellow
1003,http://www.wikidata.org/entity/Q2555362,https://de.wikipedia.org/wiki/Weiherhaus_(N%C3%BCrnberg),Point(11.0789 49.3714),9.171,49.3714,11.0789,2,http://www.wikidata.org/entity/Q253019,Weiherhaus (Nürnberg),Ortsteil,,C,yellow
1005,http://www.wikidata.org/entity/Q2555545,https://de.wikipedia.org/wiki/Weikershof,Point(10.9869 49.4456),6.599,49.4456,10.9869,2,http://www.wikidata.org/entity/Q253019,Weikershof,Ortsteil,,C,yellow
1007,http://www.wikidata.org/entity/Q2557168,https://de.wikipedia.org/wiki/Wei%C3%9Fes_Kreuz_(Forst_Tennenlohe),Point(11.0548 49.5585),11.746,49.5585,11.0548,2,http://www.wikidata.org/entity/Q1640496,Weißes Kreuz,conciliation cross,,C,yellow
1008,http://www.wikidata.org/entity/Q2565679,https://de.wikipedia.org/wiki/Westtor,Point(11.0698 49.4526),0.56,49.4526,11.0698,2,http://www.wikidata.org/entity/Q811979,Q2565679,architectural structure,,C,yellow
1010,http://www.wikidata.org/entity/Q2566189,https://de.wikipedia.org/wiki/Wetzendorf_(N%C3%BCrnberg),Point(11.0406 49.4705),3.233,49.4705,11.0406,2,http://www.wikidata.org/entity/Q28538792,Wetzendorf,Q28538792,,C,yellow
1011,http://www.wikidata.org/entity/Q2581791,https://de.wikipedia.org/wiki/Willst%C3%A4tter-Gymnasium_N%C3%BCrnberg,Point(11.083 49.4566),0.512,49.4566,11.083,2,http://www.wikidata.org/entity/Q1542966,"Innerer Laufer Platz 11, Willstätter-Gymnasium",gymnasium,,C,yellow
1012,http://www.wikidata.org/entity/Q2596359,https://de.wikipedia.org/wiki/W%C3%B6hrd,Point(11.0958 49.4541),1.338,49.4541,11.0958,2,http://www.wikidata.org/entity/Q28538792,Wöhrd,Q28538792,,C,yellow
1013,http://www.wikidata.org/entity/Q2596362,https://de.wikipedia.org/wiki/W%C3%B6hrder_See,Point(11.1019 49.4525),1.785,49.4525,11.1019,2,http://www.wikidata.org/entity/Q131681,Wöhrder See,reservoir,,C,yellow
1014,http://www.wikidata.org/entity/Q2656495,https://de.wikipedia.org/wiki/Augustinerhof,Point(11.0753 49.4542),0.149,49.4542,11.0753,2,http://www.wikidata.org/entity/Q41176,Augustinerhof,building,,C,yellow
1015,http://www.wikidata.org/entity/Q2657895,https://de.wikipedia.org/wiki/Bahnh%C3%B6fe_in_Feucht,Point(11.203684 49.382111),12.134,49.382111,11.203684,2,http://www.wikidata.org/entity/Q13406463,Bahnhöfe in Feucht,Wikimedia list article,,C,yellow
1016,http://www.wikidata.org/entity/Q2793980,https://de.wikipedia.org/wiki/Bibliothek_des_Germanischen_Nationalmuseums,Point(11.0755 49.4482),0.644,49.4482,11.0755,2,http://www.wikidata.org/entity/Q7075,Library of the Germanisches Nationalmuseum,library,,C,yellow
1017,http://www.wikidata.org/entity/Q11722094,https://de.wikipedia.org/wiki/Katholische_Kirche_St._Peter_und_Paul_(Erlangen-Bruck),Point(10.9885 49.5719),14.606,49.5719,10.9885,2,http://www.wikidata.org/entity/Q317557,Römisch-katholische St. Peter und Paul,parish church,,C,yellow
1018,http://www.wikidata.org/entity/Q14544337,https://de.wikipedia.org/wiki/Steinkreuz_in_Stadeln,Point(10.9811 49.5084),9.222,49.5084,10.9811,2,http://www.wikidata.org/entity/Q1640496,Steinkreuz,conciliation cross,,C,yellow
1019,http://www.wikidata.org/entity/Q14544421,https://de.wikipedia.org/wiki/Ruhstein_bei_H%C3%BCttendorf,Point(10.9713 49.5447),12.672,49.5447,10.9713,2,http://www.wikidata.org/entity/Q2175135,Ruhstein,resting stone,,C,yellow
1020,http://www.wikidata.org/entity/Q14544461,https://de.wikipedia.org/wiki/Egidienstein,Point(10.994 49.5485),12.12,49.5485,10.994,2,http://www.wikidata.org/entity/Q1640496,Egidienstein (Eltersdorf),conciliation cross,,C,yellow
1022,http://www.wikidata.org/entity/Q14544518,https://de.wikipedia.org/wiki/Keltschensteine,Point(10.9844 49.569),14.452,49.569,10.9844,2,http://www.wikidata.org/entity/Q1640496,Keltschensteine,conciliation cross,,C,yellow
1023,http://www.wikidata.org/entity/Q14546970,https://de.wikipedia.org/wiki/Siebenstein_(Forst_Tennenlohe),Point(11.0527 49.5544),11.318,49.5544,11.0527,2,http://www.wikidata.org/entity/Q1640496,Siebenstein im Forst Tennenlohe,conciliation cross,,C,yellow
1024,http://www.wikidata.org/entity/Q14546968,https://de.wikipedia.org/wiki/Fuhrmannsstein,Point(11.0363 49.5388),9.896,49.5388,11.0363,2,http://www.wikidata.org/entity/Q1640496,Fuhrmannsstein,conciliation cross,,C,yellow
1025,http://www.wikidata.org/entity/Q14548845,https://de.wikipedia.org/wiki/Steinkreuz_bei_Frauenaurach,Point(10.9566 49.5625),14.894,49.5625,10.9566,2,http://www.wikidata.org/entity/Q1640496,Steinkreuz bei Frauenaurach,conciliation cross,,C,yellow
1026,http://www.wikidata.org/entity/Q14548873,https://de.wikipedia.org/wiki/Hauptpost_(N%C3%BCrnberg),Point(11.0832 49.4469),0.885,49.4469,11.0832,2,http://www.wikidata.org/entity/Q41176,Hauptpost,building,,C,yellow
1027,http://www.wikidata.org/entity/Q14912276,https://de.wikipedia.org/wiki/Wernloch,Point(11.134 49.364),10.802,49.364,11.134,2,http://www.wikidata.org/entity/Q15115254,Wernloch,stone quarry,,C,yellow
1029,http://www.wikidata.org/entity/Q14916818,https://de.wikipedia.org/wiki/Synagoge_(Bruck),Point(10.9878 49.5747),14.908,49.5747,10.9878,2,http://www.wikidata.org/entity/Q96376027,Synagogue,former synagogue,,C,yellow
1030,http://www.wikidata.org/entity/Q15108323,https://de.wikipedia.org/wiki/Burggrafenburg_(N%C3%BCrnberg),Point(11.07708333 49.45819444),0.481,49.45819444,11.07708333,2,http://www.wikidata.org/entity/Q23413,Burggrafenburg,castle,,C,yellow
1031,http://www.wikidata.org/entity/Q15125908,https://de.wikipedia.org/wiki/Raubersried_(Wendelstein),Point(11.14679 49.34281),13.334,49.34281,11.14679,2,http://www.wikidata.org/entity/Q253019,Raubersried,Ortsteil,,C,yellow
1033,http://www.wikidata.org/entity/Q15131092,https://de.wikipedia.org/wiki/Synagoge_(Schwabach),Point(11.022792909 49.331140534),14.205,49.331055,11.022703,2,http://www.wikidata.org/entity/Q34627,Synagogengasse 6 (Schwabach),synagogue,,C,yellow
1037,http://www.wikidata.org/entity/Q15391909,https://de.wikipedia.org/wiki/Christoph_27,Point(11.0727 49.4958),4.674,49.4958,11.0727,2,http://www.wikidata.org/entity/Q2146417,Q15391909,rescue helicopter,,C,yellow
1038,http://www.wikidata.org/entity/Q15794362,https://de.wikipedia.org/wiki/Christoph_N%C3%BCrnberg,Point(11.0727 49.4958),4.674,49.4958,11.0727,2,http://www.wikidata.org/entity/Q1628220,Christoph Nürnberg,intensive care transport helicopter,,C,yellow
1039,http://www.wikidata.org/entity/Q15812944,https://de.wikipedia.org/wiki/Gro%C3%9Fer_Saal_(Altes_Rathaus_N%C3%BCrnberg),Point(11.0774803 49.4549655),0.122,49.4549655,11.0774803,2,http://www.wikidata.org/entity/Q811979,Q15812944,architectural structure,,C,yellow
1041,http://www.wikidata.org/entity/Q15814995,https://de.wikipedia.org/wiki/Heizkraftwerk_Sandreuth,Point(11.06055556 49.43861111),2.084,49.43861111,11.06055556,2,http://www.wikidata.org/entity/Q900729,Heizkraftwerk Sandreuth,combined cycle power station,,C,yellow
1043,http://www.wikidata.org/entity/Q15843074,https://de.wikipedia.org/wiki/Theater_rote_B%C3%BChne,Point(11.1019001 49.44758987),1.911,49.44758987,11.1019001,2,http://www.wikidata.org/entity/Q24354,Rote Bühne,theatre building,,C,yellow
1044,http://www.wikidata.org/entity/Q15849064,https://de.wikipedia.org/wiki/Steinbr%C3%BCche_im_F%C3%BCrther_Stadtwald,Point(10.917 49.474),11.798,49.474,10.917,2,http://www.wikidata.org/entity/Q15115254,Steinbrüche im Fürther Stadtwald,stone quarry,,C,yellow
1045,http://www.wikidata.org/entity/Q41410968,https://de.wikipedia.org/wiki/St._Georg_(N%C3%BCrnberg-Kraftshof),Point(11.04989 49.51206),6.766,49.51206,11.04989,2,http://www.wikidata.org/entity/Q16970,St. Georg,church building,,C,yellow
1046,http://www.wikidata.org/entity/Q41373246,https://de.wikipedia.org/wiki/Bildstock_in_Gro%C3%9Fschwarzenlohe,Point(11.110056394 49.338736052),13.02,49.338736052048,11.1100563948,2,http://www.wikidata.org/entity/Q3395121,Bildstock in Großschwarzenlohe,wayside shrine,,C,yellow
1047,http://www.wikidata.org/entity/Q16294981,https://de.wikipedia.org/wiki/Teufelsbadstube,Point(11.118 49.549),10.978,49.549,11.118,2,http://www.wikidata.org/entity/Q372363,Teufelsbadstube,geotope,,C,yellow
1049,http://www.wikidata.org/entity/Q16548583,https://de.wikipedia.org/wiki/F%C3%BCnf-Fl%C3%BCsse-Radweg,Point(11.0977237 49.4485222),1.592,49.4485222,11.0977237,2,http://www.wikidata.org/entity/Q353027,Fünf-Flüsse-Radweg,long-distance cycling route,,C,yellow
1050,http://www.wikidata.org/entity/Q17326037,https://de.wikipedia.org/wiki/Sandgruben_am_F%C3%B6hrenbuck,Point(11.072777777 49.387222222),7.418,49.387222222222,11.072777777778,2,http://www.wikidata.org/entity/Q473972,Sandgruben am Föhrenbuck,protected area,,C,yellow
1052,http://www.wikidata.org/entity/Q17326827,https://de.wikipedia.org/wiki/Volkach_(Schwabach),Point(10.99378333 49.331525),14.886,49.331525,10.99378333,2,http://www.wikidata.org/entity/Q47521,Volkach,stream,,C,yellow
1053,http://www.wikidata.org/entity/Q18019721,https://de.wikipedia.org/wiki/Steinbr%C3%BCchlein,Point(11.1109 49.39123),7.377,49.39123,11.1109,2,http://www.wikidata.org/entity/Q253019,Steinbrüchlein,Ortsteil,,C,yellow
1055,http://www.wikidata.org/entity/Q18020866,https://de.wikipedia.org/wiki/Herboldshof_(F%C3%BCrth),Point(10.9901 49.5211),9.775,49.5211,10.9901,2,http://www.wikidata.org/entity/Q253019,Herboldshof,Ortsteil,,C,yellow
1057,http://www.wikidata.org/entity/Q18026943,https://de.wikipedia.org/wiki/Pillenreuth_(N%C3%BCrnberg),Point(11.07412 49.37937),8.287,49.37937,11.07412,2,http://www.wikidata.org/entity/Q253019,Pillenreuth,Ortsteil,,C,yellow
1059,http://www.wikidata.org/entity/Q18202273,https://de.wikipedia.org/wiki/Westpark_(N%C3%BCrnberg),Point(11.037 49.4452),3.068,49.4452,11.037,2,http://www.wikidata.org/entity/Q22698,Westpark (Nürnberg),park,,C,yellow
1060,http://www.wikidata.org/entity/Q18508816,https://de.wikipedia.org/wiki/Feldbahn-Museum_500,Point(11.023374 49.386138),8.481,49.386138,11.023374,2,http://www.wikidata.org/entity/Q18704634,Feldbahn-Museum 500,railway museum,,C,yellow
1061,http://www.wikidata.org/entity/Q18628691,https://de.wikipedia.org/wiki/Liste_der_Steinkreuze_in_der_Stadt_N%C3%BCrnberg,Point(11.13535 49.43053),4.935,49.43053,11.13535,2,http://www.wikidata.org/entity/Q13406463,Stone crosses in Nuremberg,Wikimedia list article,,C,yellow
1062,http://www.wikidata.org/entity/Q18628989,https://de.wikipedia.org/wiki/Marienvorstadt,Point(11.0906 49.4485),1.132,49.4485,11.0906,2,http://www.wikidata.org/entity/Q28538792,Marienvorstadt,Q28538792,,C,yellow
1063,http://www.wikidata.org/entity/Q18629892,https://de.wikipedia.org/wiki/Pirckheimerstra%C3%9Fe,Point(11.07820988 49.46030045),0.718,49.46030045,11.07820988,2,http://www.wikidata.org/entity/Q28538792,Pirckheimerstraße,Q28538792,,C,yellow
1064,http://www.wikidata.org/entity/Q18630456,https://de.wikipedia.org/wiki/Sandberg_(N%C3%BCrnberg),Point(11.05435 49.46),1.793,49.46,11.05435,2,http://www.wikidata.org/entity/Q28538792,Sandberg,Q28538792,,C,yellow
1065,http://www.wikidata.org/entity/Q18816441,https://de.wikipedia.org/wiki/Nerreth,Point(11.197273 49.352086),14.263,49.352086,11.197273,2,http://www.wikidata.org/entity/Q253019,Nerreth,Ortsteil,,C,yellow
1067,http://www.wikidata.org/entity/Q19245404,https://de.wikipedia.org/wiki/Villa_Chillingworth,Point(11.091959 49.452377),1.073,49.452377,11.091959,2,http://www.wikidata.org/entity/Q41176,Villa Chillingworth,building,,C,yellow
1068,http://www.wikidata.org/entity/Q19279236,https://de.wikipedia.org/wiki/Erichm%C3%BChle,Point(11.11061954 49.34284973),12.578,49.34284973,11.11061954,2,http://www.wikidata.org/entity/Q253019,Erichmühle,Ortsteil,,C,yellow
1070,http://www.wikidata.org/entity/Q19284459,https://de.wikipedia.org/wiki/Gugelhammer,Point(11.18055556 49.36333333),12.536,49.36333333,11.18055556,2,http://www.wikidata.org/entity/Q253019,Gugelhammer,Ortsteil,,C,yellow
1072,http://www.wikidata.org/entity/Q19284460,https://de.wikipedia.org/wiki/Gugelstra%C3%9Fe,Point(11.07600021 49.43470001),2.134,49.43470001,11.07600021,2,http://www.wikidata.org/entity/Q28538792,Gugelstraße,Q28538792,,C,yellow
1073,http://www.wikidata.org/entity/Q19288048,https://de.wikipedia.org/wiki/Kleinschwarzenlohe,Point(11.10825 49.34752),12.035,49.34752,11.10825,2,http://www.wikidata.org/entity/Q253019,Kleinschwarzenlohe,Ortsteil,,C,yellow
1075,http://www.wikidata.org/entity/Q19288617,https://de.wikipedia.org/wiki/K%C3%B6nigshammer,Point(11.10453 49.33906),12.917,49.33906,11.10453,2,http://www.wikidata.org/entity/Q253019,Königshammer,Ortsteil,,C,yellow
1077,http://www.wikidata.org/entity/Q19297212,https://de.wikipedia.org/wiki/Neuses_(Wendelstein),Point(11.08849 49.33494),13.249,49.33494,11.08849,2,http://www.wikidata.org/entity/Q253019,Neuses,Ortsteil,,C,yellow
1079,http://www.wikidata.org/entity/Q19299497,https://de.wikipedia.org/wiki/Russenwiese,Point(11.14634 49.43181),5.562,49.43181,11.14634,2,http://www.wikidata.org/entity/Q7777019,Russenwiese,meadow,,C,yellow
1080,http://www.wikidata.org/entity/Q19308844,https://de.wikipedia.org/wiki/Schwarzach_bei_Schwabach,Point(11.06700039 49.33300018),13.46,49.33300018,11.06700039,2,http://www.wikidata.org/entity/Q253019,Schwarzach bei Schwabach,Ortsteil,,C,yellow
1082,http://www.wikidata.org/entity/Q19310215,https://de.wikipedia.org/wiki/Tr%C3%BCmmerbahn_N%C3%BCrnberg,Point(11.15785 49.429961111),6.402,49.429961111111,11.15785,2,http://www.wikidata.org/entity/Q728937,Trümmerbahn Nürnberg,railway line,,C,yellow
1084,http://www.wikidata.org/entity/Q19594825,https://de.wikipedia.org/wiki/Musikzentrale_(N%C3%BCrnberg),Point(11.05578041 49.45051956),1.599,49.45051956,11.05578041,2,http://www.wikidata.org/entity/Q66765217,Musikzentrale,officially recognised youth welfare service,,C,yellow
1085,http://www.wikidata.org/entity/Q19756076,https://de.wikipedia.org/wiki/Kirchenzentrum_Langwasser,Point(11.127801 49.413722),5.768,49.413722,11.127801,2,http://www.wikidata.org/entity/Q43229,Kirchenzentrum Langwasser,organization,,C,yellow
1086,http://www.wikidata.org/entity/Q19787600,https://de.wikipedia.org/wiki/Kleingeschaidt_33,Point(11.18301964 49.55776978),13.847,49.55776978,11.18301964,2,http://www.wikidata.org/entity/Q811979,Q19787600,architectural structure,,C,yellow
1087,http://www.wikidata.org/entity/Q19819007,https://de.wikipedia.org/wiki/Pellerschloss,Point(11.192177922 49.421034517),9.073,49.421034517341,11.192177922602,2,http://www.wikidata.org/entity/Q12020836,Pellerschloss,timber-framed house,,C,yellow
1089,http://www.wikidata.org/entity/Q19962023,https://de.wikipedia.org/wiki/Altenfurt_Nord,Point(11.167578 49.411553),8.047,49.411553,11.167578,2,http://www.wikidata.org/entity/Q28538792,Altenfurt Nord,Q28538792,,C,yellow
1090,http://www.wikidata.org/entity/Q19962066,https://de.wikipedia.org/wiki/Bielingplatz_(N%C3%BCrnberg),Point(11.06397 49.464739),1.545,49.464739,11.06397,2,http://www.wikidata.org/entity/Q28538792,Bielingplatz,Q28538792,,C,yellow
1091,http://www.wikidata.org/entity/Q41411279,https://de.wikipedia.org/wiki/Seckendorff-Eggloffstein%E2%80%99sches_Freihaus,Point(11.098691 49.356053),10.986,49.356053,11.098691,2,http://www.wikidata.org/entity/Q3947,Q41411279,house,,C,yellow
1092,http://www.wikidata.org/entity/Q41411294,https://de.wikipedia.org/wiki/St._Nikolaus_(Kornburg),Point(11.09983 49.35521),11.091,49.35521,11.09983,2,http://www.wikidata.org/entity/Q16970,St. Nikolaus,church building,,C,yellow
1093,http://www.wikidata.org/entity/Q41411345,https://de.wikipedia.org/wiki/St._Johannes_Baptist_(Eibach),Point(11.03578 49.40293),6.411,49.40293,11.03578,2,http://www.wikidata.org/entity/Q16970,St. Johannes Baptist,church building,,C,yellow
1094,http://www.wikidata.org/entity/Q41411352,https://de.wikipedia.org/wiki/Schwarzer_Adler_Eibach_(N%C3%BCrnberg),Point(11.03547 49.4019),6.523,49.4019,11.03547,2,http://www.wikidata.org/entity/Q256020,Fritz-Weidner-Straße 1,inn,,C,yellow
1096,http://www.wikidata.org/entity/Q41411369,https://de.wikipedia.org/wiki/Heilige_Familie_(N%C3%BCrnberg),Point(11.03491 49.38308),8.447,49.38308,11.03491,2,http://www.wikidata.org/entity/Q16970,Pfarrkirche Hl. Familie,church building,,C,yellow
1097,http://www.wikidata.org/entity/Q19962209,https://de.wikipedia.org/wiki/Dianastra%C3%9Fe_(N%C3%BCrnberg),Point(11.068616 49.425559),3.21,49.425559,11.068616,2,http://www.wikidata.org/entity/Q28538792,Dianastraße,Q28538792,,C,yellow
1098,http://www.wikidata.org/entity/Q19962259,https://de.wikipedia.org/wiki/Dutzendteich_(N%C3%BCrnberg),Point(11.114106 49.427675),3.945,49.427675,11.114106,2,http://www.wikidata.org/entity/Q28538792,Dutzendteich,Q28538792,,C,yellow
1099,http://www.wikidata.org/entity/Q19963192,https://de.wikipedia.org/wiki/Gewerbepark_N%C3%BCrnberg-Feucht,Point(11.176033 49.389518),10.109,49.389518,11.176033,2,http://www.wikidata.org/entity/Q338313,Gewerbepark Nürnberg-Feucht-Wendelstein,business park,,C,yellow
1101,http://www.wikidata.org/entity/Q19963258,https://de.wikipedia.org/wiki/Hermann-Kesten-Kolleg,Point(11.03345013 49.45963669),3.233,49.45963669,11.03345013,2,http://www.wikidata.org/entity/Q1597339,Hermann-Kesten-Kolleg,Kolleg,,C,yellow
1102,http://www.wikidata.org/entity/Q19963737,https://de.wikipedia.org/wiki/Katzwanger_Stra%C3%9Fe_(N%C3%BCrnberg),Point(11.07776737 49.42576981),3.125,49.42576981,11.07776737,2,http://www.wikidata.org/entity/Q28538792,Katzwanger Straße,Q28538792,,C,yellow
1103,http://www.wikidata.org/entity/Q19963767,https://de.wikipedia.org/wiki/Kohlbuck,Point(11.138772 49.477175),5.143,49.477175,11.138772,2,http://www.wikidata.org/entity/Q253019,Kohlbuck,Ortsteil,,C,yellow
1105,http://www.wikidata.org/entity/Q19963795,https://de.wikipedia.org/wiki/Hafen_F%C3%BCrth,Point(10.95291042 49.49971008),10.331,49.49971008,10.95291042,2,http://www.wikidata.org/entity/Q58816330,Fürth river port,river ferry pier,,C,yellow
1106,http://www.wikidata.org/entity/Q19964264,https://de.wikipedia.org/wiki/Rangierbahnhof_(N%C3%BCrnberg),Point(11.10555556 49.41527778),4.753,49.41527778,11.10555556,2,http://www.wikidata.org/entity/Q28538792,Rangierbahnhof,Q28538792,,C,yellow
1107,http://www.wikidata.org/entity/Q19964604,https://de.wikipedia.org/wiki/Schmausenbuckstra%C3%9Fe,Point(11.135812 49.456433),4.239,49.456433,11.135812,2,http://www.wikidata.org/entity/Q28538792,Schmausenbuckstraße,Q28538792,,C,yellow
1108,http://www.wikidata.org/entity/Q19964916,https://de.wikipedia.org/wiki/Trierer_Stra%C3%9Fe_(N%C3%BCrnberg),Point(11.0998 49.400278),6.177,49.400278,11.0998,2,http://www.wikidata.org/entity/Q28538792,Kettelersiedlung,Q28538792,,C,yellow
1109,http://www.wikidata.org/entity/Q19964982,https://de.wikipedia.org/wiki/Uhlandstra%C3%9Fe_(N%C3%BCrnberg),Point(11.076032 49.465682),1.316,49.465682,11.076032,2,http://www.wikidata.org/entity/Q79007,Uhlandstraße (Nürnberg),street,,C,yellow
1111,http://www.wikidata.org/entity/Q19965066,https://de.wikipedia.org/wiki/Wasserwerk_(N%C3%BCrnberg),Point(11.161373 49.472765),6.429,49.472765,11.161373,2,http://www.wikidata.org/entity/Q28538792,Wasserwerk,Q28538792,,C,yellow
1112,http://www.wikidata.org/entity/Q20080435,https://de.wikipedia.org/wiki/Zollhaus_(N%C3%BCrnberg),Point(11.128534 49.390937),7.918,49.390937,11.128534,2,http://www.wikidata.org/entity/Q253019,Zollhaus,Ortsteil,,C,yellow
1115,http://www.wikidata.org/entity/Q20191189,https://de.wikipedia.org/wiki/Pulversee,Point(11.11029 49.45617),2.398,49.45617,11.11029,2,http://www.wikidata.org/entity/Q337567,Q20191189,still waters,,C,yellow
1116,http://www.wikidata.org/entity/Q20754319,https://de.wikipedia.org/wiki/Burg_Brunn,Point(11.24689 49.43612),12.418,49.43612,11.24689,2,http://www.wikidata.org/entity/Q1015644,Burg Brunn,deserted castle site,,C,yellow
1119,http://www.wikidata.org/entity/Q20826875,https://de.wikipedia.org/wiki/Hohe_Marter,Point(11.06741 49.43302),2.426,49.43302,11.06741,2,http://www.wikidata.org/entity/Q28538792,Hohe Marter,Q28538792,,C,yellow
1120,http://www.wikidata.org/entity/Q20826939,https://de.wikipedia.org/wiki/Tauchersreuth,Point(11.20731 49.54639),13.927,49.54639,11.20731,2,http://www.wikidata.org/entity/Q253019,Tauchersreuth,Ortsteil,,C,yellow
1122,http://www.wikidata.org/entity/Q20978841,https://de.wikipedia.org/wiki/K%C3%B6nigstra%C3%9Fe_27_(F%C3%BCrth),Point(10.98566 49.479923),7.228,49.479930141056,10.985370654688,2,http://www.wikidata.org/entity/Q811979,Königstraße 27 (Fürth),architectural structure,,C,yellow
1126,http://www.wikidata.org/entity/Q21011170,https://de.wikipedia.org/wiki/Zinkburg,Point(11.01679516 49.3298912),14.464,49.3298912,11.01679516,2,http://www.wikidata.org/entity/Q811979,Boxlohe 18 (Schwabach),architectural structure,,C,yellow
1127,http://www.wikidata.org/entity/Q21035630,https://de.wikipedia.org/wiki/St%C3%A4dtisches_Museum_Zirndorf,Point(10.956174 49.44126),8.868,49.44126,10.956174,2,http://www.wikidata.org/entity/Q2310465,Städtisches Museum Zirndorf,toy museum,,C,yellow
1129,http://www.wikidata.org/entity/Q21036644,https://de.wikipedia.org/wiki/K%C3%B6nigstra%C3%9Fe_17_(F%C3%BCrth),Point(10.98476219 49.4799881),7.29,49.4799881,10.98476219,2,http://www.wikidata.org/entity/Q41176,Königstraße 17,building,,C,yellow
1130,http://www.wikidata.org/entity/Q21039786,https://de.wikipedia.org/wiki/Strengenberg,Point(11.25717685 49.50370186),14.127,49.50370186,11.25717685,2,http://www.wikidata.org/entity/Q253019,Strengenberg,Ortsteil,,C,yellow
1133,http://www.wikidata.org/entity/Q21039784,https://de.wikipedia.org/wiki/Ludwigsh%C3%B6he_(R%C3%BCckersdorf),Point(11.24608707 49.5030098),13.362,49.5030098,11.24608707,2,http://www.wikidata.org/entity/Q253019,Ludwigshöhe,Ortsteil,,C,yellow
1135,http://www.wikidata.org/entity/Q21051911,https://de.wikipedia.org/wiki/Trauerhalle_(Neuer_J%C3%BCdischer_Friedhof_F%C3%BCrth),Point(10.993823424 49.487383988),7.09,49.487383988048,10.993823424484,2,http://www.wikidata.org/entity/Q6451172,Trauerhalle,morgue,,C,yellow
1137,http://www.wikidata.org/entity/Q21403258,https://de.wikipedia.org/wiki/Heimatmuseum_Stein_(Mittelfranken),Point(11.0175 49.4157),6.059,49.4157,11.0175,2,http://www.wikidata.org/entity/Q1595639,Heimatmuseum Stein,local museum,,C,yellow
1138,http://www.wikidata.org/entity/Q22965403,https://de.wikipedia.org/wiki/Bionicum,Point(11.140124 49.45027),4.559,49.45027,11.140124,2,http://www.wikidata.org/entity/Q18411786,Bionicum,visitor center,,C,yellow
1140,http://www.wikidata.org/entity/Q23009709,https://de.wikipedia.org/wiki/Mikwe_K%C3%B6nigstra%C3%9Fe_89_(F%C3%BCrth),Point(10.990373 49.477094),6.791,49.477094,10.990373,2,http://www.wikidata.org/entity/Q811979,Miqveh in Fürth,architectural structure,,C,yellow
1141,http://www.wikidata.org/entity/Q41410659,https://de.wikipedia.org/wiki/St._Nikolaus_und_Ulrich_(M%C3%B6geldorf),Point(11.13224 49.4625),4.085,49.4625,11.13224,2,http://www.wikidata.org/entity/Q317557,Kirchenberg 15,parish church,,C,yellow
1143,http://www.wikidata.org/entity/Q41411441,https://de.wikipedia.org/wiki/St._Stephanus_(Gebersdorf),Point(11.0047 49.42811),5.98,49.42811,11.0047,2,http://www.wikidata.org/entity/Q16970,St. Stephanus,church building,,C,yellow
1144,http://www.wikidata.org/entity/Q41411467,https://de.wikipedia.org/wiki/Erl%C3%B6serkirche_(Leyh),Point(11.01653 49.45567),4.397,49.45567,11.01653,2,http://www.wikidata.org/entity/Q16970,Erlöserkirche (Leyh),church building,,C,yellow
1145,http://www.wikidata.org/entity/Q41413558,https://de.wikipedia.org/wiki/St._Bartholom%C3%A4us_(N%C3%BCrnberg-W%C3%B6hrd),Point(11.09589 49.45423),1.344,49.45423,11.09589,2,http://www.wikidata.org/entity/Q16970,St. Bartholomäus,church building,,C,yellow
1146,http://www.wikidata.org/entity/Q41413566,https://de.wikipedia.org/wiki/Reformations-Ged%C3%A4chtnis-Kirche_(N%C3%BCrnberg),Point(11.09544 49.46369),1.706,49.46369,11.09544,2,http://www.wikidata.org/entity/Q317557,Reformation Memorial Church,parish church,,C,yellow
1147,http://www.wikidata.org/entity/Q41419334,https://de.wikipedia.org/wiki/St._Matth%C3%A4us_(Vach),Point(10.968573 49.526912),11.297,49.526912,10.968573,2,http://www.wikidata.org/entity/Q16970,St. Matthäus,church building,,C,yellow
1148,http://www.wikidata.org/entity/Q41419346,https://de.wikipedia.org/wiki/Unterfarrnbacher_Stra%C3%9Fe_174,Point(10.95258 49.49107),9.915,49.49107,10.95258,2,http://www.wikidata.org/entity/Q5526694,Q41419346,Gasthaus,,C,yellow
1149,http://www.wikidata.org/entity/Q41419358,https://de.wikipedia.org/wiki/Schloss_Steinach_(F%C3%BCrth-Steinach),Point(10.995087 49.514662),8.997,49.514662,10.995087,2,http://www.wikidata.org/entity/Q16823155,Schloss Steinach,Schloss,,C,yellow
1150,http://www.wikidata.org/entity/Q41427616,https://de.wikipedia.org/wiki/Karl-Br%C3%B6ger-Haus,Point(11.07863 49.44365),1.141,49.44365,11.07863,2,http://www.wikidata.org/entity/Q1021645,Karl-Bröger-Straße 9,office building,,C,yellow
1151,http://www.wikidata.org/entity/Q41427682,https://de.wikipedia.org/wiki/Christuskirche_(N%C3%BCrnberg),Point(11.07574 49.44014),1.531,49.44014,11.07574,2,http://www.wikidata.org/entity/Q317557,Christuskirche,parish church,,C,yellow
1153,http://www.wikidata.org/entity/Q41427695,https://de.wikipedia.org/wiki/Pirckheimer-Gymnasium_N%C3%BCrnberg,Point(11.067367 49.431341),2.606,49.43125,11.06734,2,http://www.wikidata.org/entity/Q811165,Pirckheimer-Gymnasium Nürnberg,architectural heritage monument,,C,yellow
1158,http://www.wikidata.org/entity/Q41303676,https://de.wikipedia.org/wiki/St._Georg_(Dietersdorf),Point(11.000375 49.366391),11.206,49.366391,11.000375,2,http://www.wikidata.org/entity/Q16970,St. Georg,church building,,C,yellow
1159,http://www.wikidata.org/entity/Q41303723,https://de.wikipedia.org/wiki/Wasserschloss_Wolkersdorf,Point(11.019923 49.361551),11.073,49.361551,11.019923,2,http://www.wikidata.org/entity/Q16823155,Former moated castle,Schloss,,C,yellow
1160,http://www.wikidata.org/entity/Q41365951,https://de.wikipedia.org/wiki/St._Lorenz_(Oberasbach),Point(10.958317193 49.421802427),9.312,49.421802427593,10.958317193706,2,http://www.wikidata.org/entity/Q16970,St. Lorenz,church building,,C,yellow
1161,http://www.wikidata.org/entity/Q41365969,https://de.wikipedia.org/wiki/Heilig-Geist-Kirche_(Obermichelbach),Point(10.909015743 49.531638114),14.916,49.531638114993,10.909015743931,2,http://www.wikidata.org/entity/Q16970,Heilig-Geist-Kirche,church building,,C,yellow
1162,http://www.wikidata.org/entity/Q41366128,https://de.wikipedia.org/wiki/St._%C3%84gidius_(Weitersdorf),Point(10.910368 49.402781),13.342,49.402781,10.910368,2,http://www.wikidata.org/entity/Q16970,St. Ägidius,church building,,C,yellow
1163,http://www.wikidata.org/entity/Q41366142,https://de.wikipedia.org/wiki/Kohlersm%C3%BChle,Point(10.8824 49.48305),14.452,49.48305,10.8824,2,http://www.wikidata.org/entity/Q3947,Kohlersmühle,house,,C,yellow
1164,http://www.wikidata.org/entity/Q41366151,https://de.wikipedia.org/wiki/St._Katharina_(Seukendorf),Point(10.878347953 49.486914623),14.837,49.486914623674,10.878347953275,2,http://www.wikidata.org/entity/Q317557,St. Katharina,parish church,,C,yellow
1165,http://www.wikidata.org/entity/Q41369862,https://de.wikipedia.org/wiki/Martin-Luther-Kirche_(Stein),Point(11.015072243 49.414367986),6.288,49.414367986714,11.015072243286,2,http://www.wikidata.org/entity/Q16970,Martin-Luther-Kirche,church building,,C,yellow
1166,http://www.wikidata.org/entity/Q41370349,https://de.wikipedia.org/wiki/Gelbes_Schloss_(Heroldsberg),Point(11.15979 49.53607),10.91,49.53607,11.15979,2,http://www.wikidata.org/entity/Q16823155,Gelbes Schloss,Schloss,,C,yellow
1167,http://www.wikidata.org/entity/Q41370396,https://de.wikipedia.org/wiki/St._Matth%C3%A4us_(Heroldsberg),Point(11.15842 49.5359),10.84,49.5359,11.15842,2,http://www.wikidata.org/entity/Q16970,St. Matthäus (Heroldsberg),church building,,C,yellow
1168,http://www.wikidata.org/entity/Q41370402,https://de.wikipedia.org/wiki/Wei%C3%9Fes_Schloss_(Heroldsberg),Point(11.15791 49.53603),10.832,49.53603,11.15791,2,http://www.wikidata.org/entity/Q16823155,Weißes Schloss (Heroldsberg),Schloss,,C,yellow
1169,http://www.wikidata.org/entity/Q41370404,https://de.wikipedia.org/wiki/Gr%C3%BCnes_Schloss_(Heroldsberg),Point(11.15773236 49.535727112),10.797,49.535727112353,11.157732360197,2,http://www.wikidata.org/entity/Q16823155,Grünes Schloss,Schloss,,C,yellow
1170,http://www.wikidata.org/entity/Q41370452,https://de.wikipedia.org/wiki/Rotes_Schloss_(Heroldsberg),Point(11.157403877 49.535001387),10.716,49.535001387398,11.157403877402,2,http://www.wikidata.org/entity/Q16823155,Rotes Schloss Heroldsberg,Schloss,,C,yellow
1171,http://www.wikidata.org/entity/Q41292402,https://de.wikipedia.org/wiki/St._Egidien_(Eltersdorf),Point(10.989053 49.553539),12.783,49.553539,10.989053,2,http://www.wikidata.org/entity/Q16970,Egidienkirche,church building,,C,yellow
1172,http://www.wikidata.org/entity/Q41300281,https://de.wikipedia.org/wiki/St._Johannes_der_T%C3%A4ufer_(Kriegenbrunn),Point(10.952889 49.554698),14.366,49.554698,10.952889,2,http://www.wikidata.org/entity/Q16970,St.-Johannis-Kirche,church building,,C,yellow
1173,http://www.wikidata.org/entity/Q41302744,https://de.wikipedia.org/wiki/St._Maria_Magdalena_(Tennenlohe),Point(11.029738 49.550188),11.247,49.550188,11.029738,2,http://www.wikidata.org/entity/Q16970,St. Maria Magdalena,church building,,C,yellow
1174,http://www.wikidata.org/entity/Q41303282,https://de.wikipedia.org/wiki/Boxlohe_5,Point(11.01691 49.32938),14.516,49.32938,11.01691,2,http://www.wikidata.org/entity/Q3947,Boxlohe 5,house,,C,yellow
1175,http://www.wikidata.org/entity/Q41303429,https://de.wikipedia.org/wiki/St._Sebald_(Schwabach),Point(11.025479734 49.329185051),14.362,49.329185051777,11.02547973443,2,http://www.wikidata.org/entity/Q16970,St. Sebald,church building,,C,yellow
1176,http://www.wikidata.org/entity/Q30039110,https://de.wikipedia.org/wiki/Theater_Salz_%2B_Pfeffer,Point(11.06841 49.44713),0.987,49.44713,11.06841,2,http://www.wikidata.org/entity/Q3982337,Theater Salz+Pfeffer,puppetry company,,C,yellow
1177,http://www.wikidata.org/entity/Q30112701,https://de.wikipedia.org/wiki/Badhaus_Wendelstein,Point(11.141573 49.35504),11.933,49.35504,11.141573,2,http://www.wikidata.org/entity/Q3947,Badhaus Wendelstein,house,,C,yellow
1179,http://www.wikidata.org/entity/Q41388734,https://de.wikipedia.org/wiki/St._Andreas_(Kalchreuth),Point(11.132557663 49.557506028),12.194,49.557488,11.132536,2,http://www.wikidata.org/entity/Q16970,St. Andreas,church building,,C,yellow
1183,http://www.wikidata.org/entity/Q41390530,https://de.wikipedia.org/wiki/Forsthaus_(Feucht),Point(11.211177816 49.377755907),12.861,49.37775590761,11.211177816566,2,http://www.wikidata.org/entity/Q1425352,Ehemaliger Forsthof und Forsthaus in Feucht,forester's lodge,,C,yellow
1184,http://www.wikidata.org/entity/Q41390531,https://de.wikipedia.org/wiki/Herz-Jesu-Kirche_(Feucht),Point(11.2117 49.37625),13.0,49.37625,11.2117,2,http://www.wikidata.org/entity/Q16970,Katholische Pfarrkirche Herz Jesu in Feucht,church building,,C,yellow
1185,http://www.wikidata.org/entity/Q41390528,https://de.wikipedia.org/wiki/Streckenw%C3%A4rterhaus_(Feucht),Point(11.20648 49.38097),12.37,49.38097,11.20648,2,http://www.wikidata.org/entity/Q58034399,Bahnhofstraße 30,route attendant's house,,C,yellow
1186,http://www.wikidata.org/entity/Q41390540,https://de.wikipedia.org/wiki/Rathaus_(Feucht),Point(11.213879231 49.37564147),13.163,49.375641470681,11.213879231058,2,http://www.wikidata.org/entity/Q543654,Rathaus in Feucht,Rathaus,,C,yellow
1187,http://www.wikidata.org/entity/Q41390550,https://de.wikipedia.org/wiki/St._Jakob_(Feucht),Point(11.21368 49.37498),13.201,49.37498,11.21368,2,http://www.wikidata.org/entity/Q16970,Evangelisch-lutherisch Pfarrkirche St. Jakob in Feucht,church building,,C,yellow
1188,http://www.wikidata.org/entity/Q41390554,https://de.wikipedia.org/wiki/Evangelisches_Pfarrhaus_(Feucht),Point(11.21348 49.37446),13.229,49.37446,11.21348,2,http://www.wikidata.org/entity/Q607241,Pfarrhaus in Feucht,clergy house,,C,yellow
1189,http://www.wikidata.org/entity/Q41390558,https://de.wikipedia.org/wiki/Zeidelgericht,Point(11.21333 49.37649),13.071,49.37649,11.21333,2,http://www.wikidata.org/entity/Q1137809,Zeidelgericht,courthouse,,C,yellow
1191,http://www.wikidata.org/entity/Q41390561,https://de.wikipedia.org/wiki/Zeidelmuseum,Point(11.21217 49.37541),13.088,49.37541,11.21217,2,http://www.wikidata.org/entity/Q11755880,Hutzlerhaus,residential building,,C,yellow
1194,http://www.wikidata.org/entity/Q41390569,https://de.wikipedia.org/wiki/Waldschl%C3%B6sschen_(Feucht),Point(11.21784 49.3689),13.879,49.3689,11.21784,2,http://www.wikidata.org/entity/Q58034429,Waldschlösschen,Q58034429,,C,yellow
1195,http://www.wikidata.org/entity/Q41390890,https://de.wikipedia.org/wiki/Maria-Magdalena-Kirche_(Behringersdorf),Point(11.20071 49.47887),9.341,49.47887,11.20071,2,http://www.wikidata.org/entity/Q16970,Evang.-Luth. Pfarrkirche St. Maria Magdalena in Behringersdorf,church building,,C,yellow
1196,http://www.wikidata.org/entity/Q41390896,https://de.wikipedia.org/wiki/Altes_Schloss_(Behringersdorf),Point(11.20049 49.47895),9.329,49.47895,11.20049,2,http://www.wikidata.org/entity/Q879050,Herrensitz in Schwaig,manor house,,C,yellow
1198,http://www.wikidata.org/entity/Q41390900,https://de.wikipedia.org/wiki/Neues_Schloss_(Behringersdorf),Point(11.19997 49.47926),9.303,49.47926,11.19997,2,http://www.wikidata.org/entity/Q879050,Schloss in Schwaig,manor house,,C,yellow
1200,http://www.wikidata.org/entity/Q41390938,https://de.wikipedia.org/wiki/Schloss_Renzenhof,Point(11.26777 49.4719),13.91,49.4719,11.26777,2,http://www.wikidata.org/entity/Q879050,Schloss Renzenhof,manor house,,C,yellow
1201,http://www.wikidata.org/entity/Q41390964,https://de.wikipedia.org/wiki/Herrensitz_R%C3%B6thenbach_an_der_Pegnitz_I,Point(11.2373047 49.482418),11.99,49.482418,11.2373047,2,http://www.wikidata.org/entity/Q879050,Ehem. Herrensitz in Röthenbach an der Pegnitz,manor house,,C,yellow
1202,http://www.wikidata.org/entity/Q41391395,https://de.wikipedia.org/wiki/St._Egidien_(Beerbach),Point(11.20832 49.55758),14.915,49.55758,11.20832,2,http://www.wikidata.org/entity/Q16970,St. Egidien,church building,,C,yellow
1203,http://www.wikidata.org/entity/Q33473293,https://de.wikipedia.org/wiki/Club-Museum,Point(11.1310304 49.4349184),4.419,49.4349184,11.1310304,2,http://www.wikidata.org/entity/Q17000324,1. FC Nürnberg Club Museum,sports museum,,C,yellow
1204,http://www.wikidata.org/entity/Q36747604,https://de.wikipedia.org/wiki/Heilig-Kreuz-Kirche_(R%C3%B6thenbach_an_der_Pegnitz),Point(11.23413521 49.481089451),11.73,49.481089451623,11.23413521084,2,http://www.wikidata.org/entity/Q16970,Evang.-Luth. Pfarrkirche Hl. Kreuz in Röthenbach an der Pegnitz,church building,,C,yellow
1205,http://www.wikidata.org/entity/Q37068920,https://de.wikipedia.org/wiki/Erbsch%C3%A4nke_Muggenhof,Point(11.025 49.463888888),3.94,49.463888888889,11.025,2,http://www.wikidata.org/entity/Q41176,Erbschänke Muggenhof,building,,C,yellow
1209,http://www.wikidata.org/entity/Q37380913,https://de.wikipedia.org/wiki/Bahnhof_N%C3%BCrnberg-Doos,Point(11.018597222 49.461033333),4.317,49.461033333333,11.018597222222,2,http://www.wikidata.org/entity/Q4663385,Nürnberg-Doos,former railway station,,C,yellow
1210,http://www.wikidata.org/entity/Q37380922,https://de.wikipedia.org/wiki/Bahnhof_Gro%C3%9Fgr%C3%BCndlach,Point(10.997038888 49.535816666),10.799,49.535816666667,10.997038888889,2,http://www.wikidata.org/entity/Q65464941,Großgründlach,former railway stop,,C,yellow
1212,http://www.wikidata.org/entity/Q37380923,https://de.wikipedia.org/wiki/Bahnhof_N%C3%BCrnberg-Neus%C3%BCndersb%C3%BChl,Point(11.037391666 49.452475),2.889,49.452475,11.037391666667,2,http://www.wikidata.org/entity/Q65464941,Nürnberg-Neusündersbühl,former railway stop,,C,yellow
1216,http://www.wikidata.org/entity/Q37380936,https://de.wikipedia.org/wiki/Bahnhof_F%C3%BCrth_S%C3%BCd,Point(10.993586111 49.436391666),6.356,49.436391666667,10.993586111111,2,http://www.wikidata.org/entity/Q65464941,Fürth Süd,former railway stop,,C,yellow
1217,http://www.wikidata.org/entity/Q40825027,https://de.wikipedia.org/wiki/KfH-Dialysemuseum_F%C3%BCrth,Point(10.97793 49.48561),8.0,49.48561,10.97793,2,http://www.wikidata.org/entity/Q33506,Dialysemuseum Fürth,museum,,C,yellow
1218,http://www.wikidata.org/entity/Q41126367,https://de.wikipedia.org/wiki/Altdorfer_Stra%C3%9Fe_9_(Feucht),Point(11.214938888 49.376361111),13.168,49.376361111111,11.214938888889,2,http://www.wikidata.org/entity/Q11755880,Wohnhaus in Feucht,residential building,,C,yellow
1219,http://www.wikidata.org/entity/Q41247445,https://de.wikipedia.org/wiki/Luginsland_(N%C3%BCrnberg),Point(11.07819 49.45834),0.501,49.45834,11.07819,2,http://www.wikidata.org/entity/Q811979,Turm Schwarzes A,architectural structure,,C,yellow
1221,http://www.wikidata.org/entity/Q41247449,https://de.wikipedia.org/wiki/Laufer_Torturm,Point(11.088259 49.457652),0.897,49.457652,11.088259,2,http://www.wikidata.org/entity/Q685204,Laufertorturm,gate tower,,C,yellow
1222,http://www.wikidata.org/entity/Q41292323,https://de.wikipedia.org/wiki/Keltschenschloss,Point(10.985301 49.571125),14.632,49.571125,10.985301,2,http://www.wikidata.org/entity/Q811979,Fürther Straße 53,architectural structure,,C,yellow
1224,http://www.wikidata.org/entity/Q41373270,https://de.wikipedia.org/wiki/Schloss_Kugelhammer_(Gugelhammer),Point(11.18098 49.36333),12.555,49.36333,11.18098,2,http://www.wikidata.org/entity/Q16823155,Schloss Kugelhammer,Schloss,,C,yellow
1225,http://www.wikidata.org/entity/Q41373377,https://de.wikipedia.org/wiki/Wolfgangskirche_(R%C3%B6thenbach_bei_Sankt_Wolfgang),Point(11.169660926 49.36305716),12.108,49.363057160618,11.169660926878,2,http://www.wikidata.org/entity/Q16970,St. Willibald und Kilian,church building,,C,yellow
1226,http://www.wikidata.org/entity/Q41373415,https://de.wikipedia.org/wiki/Schleusenw%C3%A4rterhaus_Schleuse_61_(Wendelstein),Point(11.19631 49.36076),13.466,49.36076,11.19631,2,http://www.wikidata.org/entity/Q105731,Schleuse 61 des Ludwig-Donau-Main-Kanals in Wendelstein,lock,,C,yellow
1227,http://www.wikidata.org/entity/Q41373497,https://de.wikipedia.org/wiki/Schloss_Sorg,Point(11.126276282 49.346831686),12.418,49.346831686551,11.126276282017,2,http://www.wikidata.org/entity/Q751876,Schloss Sorg,château,,C,yellow
1228,http://www.wikidata.org/entity/Q41373500,https://de.wikipedia.org/wiki/Schloss_Wendelstein,Point(11.144873459 49.355836429),11.947,49.355836429177,11.144873459952,2,http://www.wikidata.org/entity/Q41176,Ehemaliger Amtsrichterhof Kirchenstraße 3,building,,C,yellow
1229,http://www.wikidata.org/entity/Q41373510,https://de.wikipedia.org/wiki/St._Georg_(Wendelstein),Point(11.14556 49.35606),11.945,49.35606,11.14556,2,http://www.wikidata.org/entity/Q16970,St. Georg (Wendelstein),church building,,C,yellow
1230,http://www.wikidata.org/entity/Q41410771,https://de.wikipedia.org/wiki/Schmausenbuckturm,Point(11.1489 49.44935),5.2,49.44935,11.1489,2,http://www.wikidata.org/entity/Q1440300,Schmausenbuck-Tower,observation tower,,C,yellow
1231,http://www.wikidata.org/entity/Q41410785,https://de.wikipedia.org/wiki/St._Marien_(N%C3%BCrnberg-Fischbach),Point(11.19292 49.42019),9.161,49.42019,11.19292,2,http://www.wikidata.org/entity/Q16970,Pfarrkirche St. Marien,church building,,C,yellow
1232,http://www.wikidata.org/entity/Q41411046,https://de.wikipedia.org/wiki/St._Laurentius_(Gro%C3%9Fgr%C3%BCndlach),Point(11.01109 49.53008),9.73,49.53008,11.01109,2,http://www.wikidata.org/entity/Q16970,St. Lorenz,church building,,C,yellow
1233,http://www.wikidata.org/entity/Q41411073,https://de.wikipedia.org/wiki/St._Felicitas_(Reutles),Point(11.02564 49.53383),9.642,49.53383,11.02564,2,http://www.wikidata.org/entity/Q16970,St. Felicitas,church building,,C,yellow
1234,http://www.wikidata.org/entity/Q41411150,https://de.wikipedia.org/wiki/Paul-Gerhardt-Kirche_(Langwasser),Point(11.137176 49.4031),7.115,49.4031,11.137176,2,http://www.wikidata.org/entity/Q317557,Paul-Gerhardt-Kirche (Nuremberg-Langwasser),parish church,,C,yellow
1236,http://www.wikidata.org/entity/Q41411153,https://de.wikipedia.org/wiki/Rundkapelle_Altenfurt,Point(11.16438 49.40675),8.192,49.40675,11.16438,2,http://www.wikidata.org/entity/Q108325,St. Johannes und Katharina,chapel,,C,yellow
1237,http://www.wikidata.org/entity/Q41411159,https://de.wikipedia.org/wiki/St._Sebald_(Altenfurt),Point(11.17176 49.40618),8.648,49.40618,11.17176,2,http://www.wikidata.org/entity/Q317557,St. Sebaldus,parish church,,C,yellow
1242,http://www.wikidata.org/entity/Q41427741,https://de.wikipedia.org/wiki/Petzenschloss,Point(11.08854323 49.437587293),1.985,49.437587293083,11.088543230152,2,http://www.wikidata.org/entity/Q16823155,Petzenschloss (Nürnberg),Schloss,,C,yellow
1243,http://www.wikidata.org/entity/Q41427754,https://de.wikipedia.org/wiki/St._Wolfgang_(N%C3%BCrnberg),Point(11.046875524 49.42926519),3.51,49.429265190574,11.046875524858,2,http://www.wikidata.org/entity/Q16970,St. Wolfgang,church building,,C,yellow
1244,http://www.wikidata.org/entity/Q59645209,https://de.wikipedia.org/wiki/Sch%C3%BCbelsberg,Point(11.10523 49.46439),2.333,49.46439,11.10523,2,http://www.wikidata.org/entity/Q22674925,Schübelsberg,former settlement,,C,yellow
1245,http://www.wikidata.org/entity/Q59835612,https://de.wikipedia.org/wiki/Pegnitztal_Ost,Point(11.152111111 49.468561111),5.648,49.468561111111,11.152111111111,2,http://www.wikidata.org/entity/Q759421,Pegnitztal Ost,Naturschutzgebiet,,C,yellow
1246,http://www.wikidata.org/entity/Q60238364,https://de.wikipedia.org/wiki/Witze-Automat,Point(11.138055555 49.473694444),4.913,49.473694444444,11.138055555556,2,http://www.wikidata.org/entity/Q211584,joke machine,vending machine,,C,yellow
1247,http://www.wikidata.org/entity/Q61851324,https://de.wikipedia.org/wiki/%C3%96kumenisches_Zentrum_St._Clemens/St._Andreas,Point(11.066556 49.47675),2.66,49.47675,11.066556,2,http://www.wikidata.org/entity/Q16970,Ökumenisches Gemeindezentrum Thon,church building,,C,yellow
1248,http://www.wikidata.org/entity/Q62036210,https://de.wikipedia.org/wiki/Obersch%C3%B6llenbach,Point(11.166333333 49.572916666),14.715,49.572916666667,11.166333333333,2,http://www.wikidata.org/entity/Q253019,Oberschöllenbach,Ortsteil,,C,yellow
1250,http://www.wikidata.org/entity/Q62563391,https://de.wikipedia.org/wiki/Z-Bau_(Haus_f%C3%BCr_Gegenwartskultur),Point(11.094323 49.429999),2.926,49.429999,11.094323,2,http://www.wikidata.org/entity/Q857909,Z-Bau,beer garden,,C,yellow
1253,http://www.wikidata.org/entity/Q482550,https://de.wikipedia.org/wiki/An_den_Fleischb%C3%A4nken,Point(11.0767 49.453),0.106,49.453,11.0767,2,http://www.wikidata.org/entity/Q811979,Q482550,architectural structure,,C,yellow
1255,http://www.wikidata.org/entity/Q1594987,https://de.wikipedia.org/wiki/Heilig-Kreuz-Pilgerspital,Point(11.0684 49.4574),0.753,49.4574,11.0684,2,http://www.wikidata.org/entity/Q811979,Q1594987,architectural structure,,C,yellow
1256,http://www.wikidata.org/entity/Q1596447,https://de.wikipedia.org/wiki/Heinrich-Schliemann-Gymnasium_F%C3%BCrth,Point(10.9915 49.4761),6.675,49.4761,10.9915,2,http://www.wikidata.org/entity/Q1542966,Heinrich-Schliemann-Gymnasium,gymnasium,,C,yellow
1257,http://www.wikidata.org/entity/Q1601428,https://de.wikipedia.org/wiki/Stabilit%C3%A4tsrat,Point(10.959933 49.5271105),11.755,49.5271105,10.959933,2,http://www.wikidata.org/entity/Q43229,Stabilitätsrat,organization,https://en.wikipedia.org/wiki/Stabilit%C3%A4tsrat,C,yellow
1259,http://www.wikidata.org/entity/Q1618993,https://de.wikipedia.org/wiki/Worzeldorf,Point(11.0969 49.3697),9.466,49.3697,11.0969,2,http://www.wikidata.org/entity/Q253019,Worzeldorf,Ortsteil,,C,yellow
1261,http://www.wikidata.org/entity/Q1619175,https://de.wikipedia.org/wiki/Rothenberg_(Obermichelbach),Point(10.9253 49.5144),12.878,49.5144,10.9253,2,http://www.wikidata.org/entity/Q253019,Rothenberg (Obermichelbach),Ortsteil,,C,yellow
1263,http://www.wikidata.org/entity/Q1619213,https://de.wikipedia.org/wiki/Himpfelshof,Point(11.0887 49.426),3.207,49.426,11.0887,2,http://www.wikidata.org/entity/Q28538792,Himpfelshof,Q28538792,,C,yellow
1264,http://www.wikidata.org/entity/Q1620585,https://de.wikipedia.org/wiki/St._Jobst,Point(11.1189 49.4647),3.239,49.4647,11.1189,2,http://www.wikidata.org/entity/Q28538792,St. Jobst (Nuremberg),Q28538792,,C,yellow
1265,http://www.wikidata.org/entity/Q1621032,https://de.wikipedia.org/wiki/Historisches_Stra%C3%9Fenbahndepot_St._Peter,Point(11.100833 49.443611),2.048,49.443611,11.100833,2,http://www.wikidata.org/entity/Q1614140,Historic tram depot Nuremberg,tramway museum,,C,yellow
1266,http://www.wikidata.org/entity/Q1623261,https://de.wikipedia.org/wiki/N._Wiederer_%26_Co.,Point(11.00140103 49.465835598),5.644,49.465835598041,11.001401030974,2,http://www.wikidata.org/entity/Q6881511,Q1623261,enterprise,,C,yellow
1267,http://www.wikidata.org/entity/Q1625469,https://de.wikipedia.org/wiki/W%C3%B6hrder_Wiese,Point(11.0919 49.4506),1.116,49.4506,11.0919,2,http://www.wikidata.org/entity/Q22698,Wöhrder Wiese,park,,C,yellow
1268,http://www.wikidata.org/entity/Q1630882,https://de.wikipedia.org/wiki/Hotel_Deutscher_Kaiser_(N%C3%BCrnberg),Point(11.080044439 49.449191313),0.557,49.4491397,11.0795345,2,http://www.wikidata.org/entity/Q41176,Hotel Deutscher Kaiser (Nürnberg),building,,C,yellow
1272,http://www.wikidata.org/entity/Q1630880,https://de.wikipedia.org/wiki/Deutscher_Hof_(N%C3%BCrnberg),Point(11.07444 49.446651),0.829,49.446552415934,11.074584668733,2,http://www.wikidata.org/entity/Q41176,Deutscher Hof,building,,C,yellow
1277,http://www.wikidata.org/entity/Q1773564,https://de.wikipedia.org/wiki/Ludwigstor_(N%C3%BCrnberg),Point(11.0663 49.4482),1.015,49.4482,11.0663,2,http://www.wikidata.org/entity/Q82117,Q1773564,city gate,,C,yellow
1278,http://www.wikidata.org/entity/Q1774647,https://de.wikipedia.org/wiki/Klinikum_N%C3%BCrnberg,Point(11.063166 49.463362),1.469,49.463362,11.063166,2,http://www.wikidata.org/entity/Q1813474,Nuremberg Hospital,teaching hospital,,C,yellow
1281,http://www.wikidata.org/entity/Q1778342,https://de.wikipedia.org/wiki/Kofferfabrik,Point(11.0075 49.4682),5.29,49.4682,11.0075,2,http://www.wikidata.org/entity/Q1329623,Kofferfabrik Fürth,cultural center,,C,yellow
1282,http://www.wikidata.org/entity/Q1781704,https://de.wikipedia.org/wiki/St._Paul_(N%C3%BCrnberg),Point(11.1032 49.4149),4.721,49.4149,11.1032,2,http://www.wikidata.org/entity/Q16970,St. Paul's Church,church building,,C,yellow
1283,http://www.wikidata.org/entity/Q1785529,https://de.wikipedia.org/wiki/Kotzenhof_(Lauf_an_der_Pegnitz),Point(11.2583 49.5153),14.751,49.5153,11.2583,2,http://www.wikidata.org/entity/Q253019,Kotzenhof,Ortsteil,,C,yellow
1285,http://www.wikidata.org/entity/Q1786100,https://de.wikipedia.org/wiki/Kraftwerk_Franken_II,Point(10.9746 49.5642),14.334,49.5642,10.9746,2,http://www.wikidata.org/entity/Q6558431,Franken II power station,coal-fired power station,,C,yellow
1286,http://www.wikidata.org/entity/Q1786355,https://de.wikipedia.org/wiki/Krakauer_Haus,Point(11.0858 49.453),0.622,49.453,11.0858,2,http://www.wikidata.org/entity/Q12518,Krakow House in Nuremberg,tower,,C,yellow
1287,http://www.wikidata.org/entity/Q1788444,https://de.wikipedia.org/wiki/Kreuzstein_(Eltersdorf),Point(10.9876 49.5581),13.276,49.5581,10.9876,2,http://www.wikidata.org/entity/Q1640496,Kreuzstein in Eltersdorf,conciliation cross,,C,yellow
1288,http://www.wikidata.org/entity/Q1788598,https://de.wikipedia.org/wiki/Kriegenbrunn,Point(10.9539 49.5549),14.338,49.5549,10.9539,2,http://www.wikidata.org/entity/Q253019,Kriegenbrunn,Ortsteil,,C,yellow
1292,http://www.wikidata.org/entity/Q1788979,https://de.wikipedia.org/wiki/Kriminalmuseum_F%C3%BCrth,Point(10.98887 49.47691),6.884,49.47691,10.98887,2,http://www.wikidata.org/entity/Q33506,Fürth Crime Museum,museum,https://en.wikipedia.org/wiki/F%C3%BCrth_Crime_Museum,C,yellow
1294,http://www.wikidata.org/entity/Q1791681,https://de.wikipedia.org/wiki/Kulturforum_F%C3%BCrth,Point(10.982025176 49.480433064),7.491,49.480433064596,10.982025176389,2,http://www.wikidata.org/entity/Q1329623,Kulturforum Fürth,cultural center,,C,yellow
1295,http://www.wikidata.org/entity/Q1792308,https://de.wikipedia.org/wiki/Kunst_Galerie_F%C3%BCrth,Point(10.989997222 49.477755555),6.845,49.477755555556,10.989997222222,2,http://www.wikidata.org/entity/Q1475403,Kunst Galerie Fürth,kunsthalle,,C,yellow
1296,http://www.wikidata.org/entity/Q1796376,https://de.wikipedia.org/wiki/K%C3%B6nigshof_(N%C3%BCrnberg),Point(11.07531 49.38474),7.688,49.38474,11.07531,2,http://www.wikidata.org/entity/Q253019,Königshof,Ortsteil,,C,yellow
1299,http://www.wikidata.org/entity/Q1812219,https://de.wikipedia.org/wiki/Leerstetten,Point(11.1225 49.3255),14.644,49.3255,11.1225,2,http://www.wikidata.org/entity/Q253019,Leerstetten,Ortsteil,,C,yellow
1301,http://www.wikidata.org/entity/Q1825947,https://de.wikipedia.org/wiki/Linde-Stadion,Point(11.1017 49.47),2.515,49.47,11.1017,2,http://www.wikidata.org/entity/Q12019965,Q1825947,indoor ice rink,,C,yellow
1302,http://www.wikidata.org/entity/Q1867199,https://de.wikipedia.org/wiki/Loch_(Stein),Point(10.9642 49.4),10.138,49.4,10.9642,2,http://www.wikidata.org/entity/Q253019,Loch,Ortsteil,,C,yellow
1304,http://www.wikidata.org/entity/Q1867340,https://de.wikipedia.org/wiki/Lochgef%C3%A4ngnisse_(N%C3%BCrnberg),Point(11.0773 49.4553),0.159,49.4553,11.0773,2,http://www.wikidata.org/entity/Q811979,Lochgefängnisse Nürnberg,architectural structure,,C,yellow
1305,http://www.wikidata.org/entity/Q1978952,https://de.wikipedia.org/wiki/Netzstall_(N%C3%BCrnberg),Point(11.2544 49.4264),13.164,49.4264,11.2544,2,http://www.wikidata.org/entity/Q253019,Netzstall (Nürnberg),Ortsteil,,C,yellow
1307,http://www.wikidata.org/entity/Q1980320,https://de.wikipedia.org/wiki/Neues_Gymnasium_N%C3%BCrnberg,Point(11.106944444 49.438333333),2.753,49.438333333333,11.106944444444,2,http://www.wikidata.org/entity/Q1542966,Q1980320,gymnasium,,C,yellow
1309,http://www.wikidata.org/entity/Q2049492,https://de.wikipedia.org/wiki/Paniersbunker,Point(11.0808 49.4583),0.554,49.4583,11.0808,2,http://www.wikidata.org/entity/Q91122,Paniersbunker,bunker,,C,yellow
1313,http://www.wikidata.org/entity/Q2098659,https://de.wikipedia.org/wiki/Platnersberg,Point(11.1286 49.4713),4.183,49.4713,11.1286,2,http://www.wikidata.org/entity/Q22698,Platnersberg (Nürnberg),park,,C,yellow
1314,http://www.wikidata.org/entity/Q2099224,https://de.wikipedia.org/wiki/Pleikershof,Point(10.875854191 49.439727522),14.647,49.439722222222,10.875277777778,2,http://www.wikidata.org/entity/Q253019,Pleikershof,Ortsteil,,C,yellow
1326,http://www.wikidata.org/entity/Q2099897,https://de.wikipedia.org/wiki/Pl%C3%A4rrer_(N%C3%BCrnberg),Point(11.0647 49.4483),1.101,49.4483,11.0647,2,http://www.wikidata.org/entity/Q174782,Plärrer,square,,C,yellow
1327,http://www.wikidata.org/entity/Q54763889,https://de.wikipedia.org/wiki/Kleiner_Birkensee,Point(11.24941 49.4603),12.46,49.4603,11.24941,2,http://www.wikidata.org/entity/Q337567,Kleiner Birkensee,still waters,,C,yellow
1330,http://www.wikidata.org/entity/Q55004229,https://de.wikipedia.org/wiki/Gauchsbach-Leitgraben,Point(11.18255 49.366488888),12.344,49.366488888889,11.18255,2,http://www.wikidata.org/entity/Q97146798,Gauchsbach-Leitgraben,Q97146798,,C,yellow
1331,http://www.wikidata.org/entity/Q55080537,https://de.wikipedia.org/wiki/Aufse%C3%9Fplatz,Point(11.079916666 49.441555555),1.382,49.441555555556,11.079916666667,2,http://www.wikidata.org/entity/Q79007,Aufseßplatz,street,,C,yellow
1333,http://www.wikidata.org/entity/Q56005981,https://de.wikipedia.org/wiki/Sandsteinfelsen_N%C3%BCrnberger_Kaiserburg,Point(11.07716 49.45758),0.412,49.45758,11.07716,2,http://www.wikidata.org/entity/Q372363,Sandsteinfelsen Nürnberger Kaiserburg,geotope,,C,yellow
1336,http://www.wikidata.org/entity/Q56144427,https://de.wikipedia.org/wiki/Schleusenw%C3%A4rterhaus_Schleuse_70_(N%C3%BCrnberg),Point(11.09269 49.38717),7.5,49.38717,11.09269,2,http://www.wikidata.org/entity/Q27685913,Schleusenwärterhaus Schleuse 70,lock keeper's house,,C,yellow
1337,http://www.wikidata.org/entity/Q56144652,https://de.wikipedia.org/wiki/Schleusenw%C3%A4rterhaus_Schleuse_72_(N%C3%BCrnberg),Point(11.08031 49.40361),5.593,49.40361,11.08031,2,http://www.wikidata.org/entity/Q27685913,Schleusenwärterhaus Schleuse 72,lock keeper's house,,C,yellow
1338,http://www.wikidata.org/entity/Q56518088,https://de.wikipedia.org/wiki/St._Peter_und_Paul_(Leerstetten),Point(11.122821 49.32548),14.651,49.32548,11.122821,2,http://www.wikidata.org/entity/Q16970,St. Peter und Paul in Leerstetten,church building,,C,yellow
1339,http://www.wikidata.org/entity/Q56750709,https://de.wikipedia.org/wiki/Kreppendorf,Point(10.903055555 49.508055555),13.955,49.508055555556,10.903055555556,2,http://www.wikidata.org/entity/Q253019,Kreppendorf,Ortsteil,,C,yellow
1342,http://www.wikidata.org/entity/Q56825880,https://de.wikipedia.org/wiki/Tafelhof_Palais,Point(11.083055555 49.446666666),0.903,49.446666666667,11.083055555556,2,http://www.wikidata.org/entity/Q1497375,Q56825880,architectural ensemble,,C,yellow
1343,http://www.wikidata.org/entity/Q56826933,https://de.wikipedia.org/wiki/Bernbach_(Veitsbronn),Point(10.8925 49.505555555),14.534,49.505555555556,10.8925,2,http://www.wikidata.org/entity/Q253019,Bernbach,Ortsteil,,C,yellow
1346,http://www.wikidata.org/entity/Q56859924,https://de.wikipedia.org/wiki/Flughafen_N%C3%BCrnberg-Marienberg,Point(11.094166666 49.475833333),2.729,49.475833333333,11.094166666667,2,http://www.wikidata.org/entity/Q811979,Nuremberg-Marienberg airport,architectural structure,,C,yellow
1348,http://www.wikidata.org/entity/Q56872994,https://de.wikipedia.org/wiki/St._Sebald_(Erlangen),Point(11.024507 49.573993),13.889,49.573993,11.024507,2,http://www.wikidata.org/entity/Q811979,St. Sebald,architectural structure,,C,yellow
1350,http://www.wikidata.org/entity/Q57332400,https://de.wikipedia.org/wiki/Hiltmannsdorf,Point(10.893055555 49.481944444),13.674,49.481944444444,10.893055555556,2,http://www.wikidata.org/entity/Q253019,Hiltmannsdorf,Ortsteil,,C,yellow
1352,http://www.wikidata.org/entity/Q57378765,https://de.wikipedia.org/wiki/Egersdorf,Point(10.882222222 49.465555555),14.158,49.465555555556,10.882222222222,2,http://www.wikidata.org/entity/Q253019,Egersdorf,Ortsteil,,C,yellow
1355,http://www.wikidata.org/entity/Q57543167,https://de.wikipedia.org/wiki/Weitersdorf_(Ro%C3%9Ftal),Point(10.9104 49.40259),13.349,49.40259,10.9104,2,http://www.wikidata.org/entity/Q253019,Weitersdorf (Roßtal),Ortsteil,,C,yellow
1357,http://www.wikidata.org/entity/Q57553282,https://de.wikipedia.org/wiki/Gro%C3%9Fweismannsdorf,Point(10.9366 49.38113),13.0,49.38113,10.9366,2,http://www.wikidata.org/entity/Q253019,Großweismannsdorf,Ortsteil,,C,yellow
1359,http://www.wikidata.org/entity/Q95710213,https://de.wikipedia.org/wiki/Kemmeterkreuz_in_Gro%C3%9Fschwarzenlohe,Point(11.11235 49.33822),13.107,49.33822,11.11235,2,http://www.wikidata.org/entity/Q1640496,Kemmeterkreuz in Großschwarzenlohe,conciliation cross,,C,yellow
1360,http://www.wikidata.org/entity/Q96593855,https://de.wikipedia.org/wiki/Langwasser_(Fischbach),Point(11.12535 49.42014),5.113,49.42014,11.12535,2,http://www.wikidata.org/entity/Q355304,Langwasser,watercourse,,C,yellow
1362,http://www.wikidata.org/entity/Q96602520,https://de.wikipedia.org/wiki/Langwassersee,Point(11.131191 49.416969),5.659,49.416969,11.131191,2,http://www.wikidata.org/entity/Q3253281,Langwassersee,artificial pond,,C,yellow
1363,http://www.wikidata.org/entity/Q98606024,https://de.wikipedia.org/wiki/Deckungsgraben_(Eibach),Point(11.040736292 49.404150301),6.128,49.404150301239,11.040736292082,2,http://www.wikidata.org/entity/Q1182020,Luftschutzanlage,cover ditch,,C,yellow
1364,http://www.wikidata.org/entity/Q41420040,https://de.wikipedia.org/wiki/Christk%C3%B6nig_(F%C3%BCrth),Point(10.968954 49.482327),8.444,49.482327,10.968954,2,http://www.wikidata.org/entity/Q16970,Christkönig,church building,,C,yellow
1365,http://www.wikidata.org/entity/Q2122714,https://de.wikipedia.org/wiki/Quelleturm,Point(11.0309 49.4562),3.364,49.4562,11.0309,2,http://www.wikidata.org/entity/Q12518,Quelleturm,tower,,C,yellow
1366,http://www.wikidata.org/entity/Q2125446,https://de.wikipedia.org/wiki/Radbrunnen-_und_Neutorkeller,Point(11.073 49.4566),0.434,49.4566,11.073,2,http://www.wikidata.org/entity/Q811979,Radbrunnen- und Neutorkeller,architectural structure,,C,yellow
1367,http://www.wikidata.org/entity/Q2130924,https://de.wikipedia.org/wiki/Rangierbahnhof-Siedlung,Point(11.1056 49.4153),4.752,49.4153,11.1056,2,http://www.wikidata.org/entity/Q19760240,Rangierbahnhof-Siedlung,Q19760240,,C,yellow
1369,http://www.wikidata.org/entity/Q2138360,https://de.wikipedia.org/wiki/Regionales_Rechenzentrum_Erlangen,Point(11.0277 49.5737),13.796,49.5737,11.0277,2,http://www.wikidata.org/entity/Q671224,Regional Computing Centre of Erlangen,data center,,C,yellow
1370,http://www.wikidata.org/entity/Q2138973,https://de.wikipedia.org/wiki/Rehhof_(N%C3%BCrnberg),Point(11.0887 49.426),3.207,49.426,11.0887,2,http://www.wikidata.org/entity/Q2983893,Rehhof,quarter,,C,yellow
1371,http://www.wikidata.org/entity/Q2139111,https://de.wikipedia.org/wiki/Reichelsdorfer_Keller,Point(11.0452 49.3666),9.978,49.3666,11.0452,2,http://www.wikidata.org/entity/Q253019,Reichelsdorfer Keller,Ortsteil,,C,yellow
1373,http://www.wikidata.org/entity/Q2144434,https://de.wikipedia.org/wiki/Renzenhof,Point(11.2681 49.4719),13.934,49.4719,11.2681,2,http://www.wikidata.org/entity/Q253019,Renzenhof,Ortsteil,,C,yellow
1375,http://www.wikidata.org/entity/Q2166983,https://de.wikipedia.org/wiki/Rosenau_(N%C3%BCrnberg),Point(11.063644166 49.450750833),1.046,49.450750833333,11.063644166667,2,http://www.wikidata.org/entity/Q2983893,Rosenau,quarter,,C,yellow
1376,http://www.wikidata.org/entity/Q57702264,https://de.wikipedia.org/wiki/Gr%C3%BCndlach_%C3%B6stlich_Heroldsberg,Point(11.13507 49.52515),8.957,49.52515,11.13507,2,http://www.wikidata.org/entity/Q180537,Gründlach östlich von Heroldsberg,meander,,C,yellow
1380,http://www.wikidata.org/entity/Q57893643,https://de.wikipedia.org/wiki/Altenberg_(Oberasbach),Point(10.97453 49.43573),7.698,49.43573,10.97453,2,http://www.wikidata.org/entity/Q253019,Altenberg,Ortsteil,,C,yellow
1382,http://www.wikidata.org/entity/Q57935391,https://de.wikipedia.org/wiki/Kreutles,Point(10.97805 49.42623),7.806,49.42623,10.97805,2,http://www.wikidata.org/entity/Q253019,Kreutles,Ortsteil,,C,yellow
1384,http://www.wikidata.org/entity/Q57938720,https://de.wikipedia.org/wiki/Unterasbach_(Oberasbach),Point(10.98039 49.42231),7.836,49.42231,10.98039,2,http://www.wikidata.org/entity/Q253019,Unterasbach,Ortsteil,,C,yellow
1386,http://www.wikidata.org/entity/Q59106097,https://de.wikipedia.org/wiki/Hallerh%C3%BCtte,Point(11.101333333 49.440416666),2.293,49.440416666667,11.101333333333,2,http://www.wikidata.org/entity/Q22674925,Hallerhütte,former settlement,,C,yellow
1387,http://www.wikidata.org/entity/Q59163436,https://de.wikipedia.org/wiki/Flaschenhof,Point(11.092777777 49.448888888),1.249,49.448888888889,11.092777777778,2,http://www.wikidata.org/entity/Q22674925,Flaschenhof,former settlement,,C,yellow
1388,http://www.wikidata.org/entity/Q59168753,https://de.wikipedia.org/wiki/Hallerschlo%C3%9F_(N%C3%BCrnberg),Point(11.102972222 49.441805555),2.29,49.441805555556,11.102972222222,2,http://www.wikidata.org/entity/Q350895,Hallerschloß,abandoned village,,C,yellow
1390,http://www.wikidata.org/entity/Q59220609,https://de.wikipedia.org/wiki/Hutmuseum_N%C3%BCrnberg,Point(11.08294 49.45599),0.471,49.45599,11.08294,2,http://www.wikidata.org/entity/Q614316,Hutmuseum Nürnberg,private museum,,C,yellow
1393,http://www.wikidata.org/entity/Q59485176,https://de.wikipedia.org/wiki/Lanzenweiher,Point(11.1626 49.3649),11.66,49.3649,11.1626,2,http://www.wikidata.org/entity/Q23397,Lanzenweiher,lake,,C,yellow
1394,http://www.wikidata.org/entity/Q98608275,https://de.wikipedia.org/wiki/Norishalle,Point(11.084662281 49.4517708),0.581,49.45177080054,11.084662281843,2,http://www.wikidata.org/entity/Q33506,Norishalle Nürnberg,museum,,C,yellow
1395,http://www.wikidata.org/entity/Q98630274,https://de.wikipedia.org/wiki/Jakobstor_(N%C3%BCrnberg),Point(11.06973156 49.447641194),0.883,49.447641194483,11.069731560272,2,http://www.wikidata.org/entity/Q16748868,Stadtmauer Frauentormauer 35 in Nürnberg,city walls,,C,yellow
1396,http://www.wikidata.org/entity/Q98630369,https://de.wikipedia.org/wiki/Sinwellturm,Point(11.076583333 49.457805555),0.44,49.457805555556,11.076583333333,2,http://www.wikidata.org/entity/Q2302643,Bergfried Burg 11 in Nürnberg,Bergfried,,C,yellow
1404,http://www.wikidata.org/entity/Q98630408,https://de.wikipedia.org/wiki/H%C3%BCbnerstor,Point(11.086514605 49.453765647),0.666,49.45364,11.08646,2,http://www.wikidata.org/entity/Q947103,Wachturm Laufertormauer 17 in Nürnberg,watchtower,,C,yellow
1412,http://www.wikidata.org/entity/Q100491807,https://de.wikipedia.org/wiki/Albrecht-D%C3%BCrer-Stra%C3%9Fe_(N%C3%BCrnberg),Point(11.073877777 49.457177777),0.443,49.457177777778,11.073877777778,2,http://www.wikidata.org/entity/Q79007,Albrecht-Dürer-Straße (Nürnberg),street,,C,yellow
1413,http://www.wikidata.org/entity/Q100491950,https://de.wikipedia.org/wiki/Nelson-Mandela-Platz,Point(11.08248 49.44376),1.185,49.44376,11.08248,2,http://www.wikidata.org/entity/Q79007,Nelson-Mandela-Platz,street,,C,yellow
1415,http://www.wikidata.org/entity/Q100492490,https://de.wikipedia.org/wiki/Egidienplatz,Point(11.081013 49.456734),0.416,49.456734,11.081013,2,http://www.wikidata.org/entity/Q79007,Egidienplatz,street,,C,yellow
1417,http://www.wikidata.org/entity/Q100494936,https://de.wikipedia.org/wiki/Frauentormauer,Point(11.06933 49.44768),0.898,49.44768,11.06933,2,http://www.wikidata.org/entity/Q79007,Frauentormauer,street,,C,yellow
1418,http://www.wikidata.org/entity/Q100496143,https://de.wikipedia.org/wiki/Kart%C3%A4usertor,Point(11.074948 49.4472922),0.751,49.4472922,11.074948,2,http://www.wikidata.org/entity/Q79007,Kartäusertor,street,,C,yellow
1419,http://www.wikidata.org/entity/Q100497008,https://de.wikipedia.org/wiki/M%C3%BCnchener_Stra%C3%9Fe_(N%C3%BCrnberg),Point(11.11272 49.41354),5.164,49.41354,11.11272,2,http://www.wikidata.org/entity/Q79007,Münchener Straße,street,,C,yellow
1421,http://www.wikidata.org/entity/Q102077227,https://de.wikipedia.org/wiki/Ergo-Hochhaus,Point(11.080075 49.446306),0.865,49.446306,11.080075,2,http://www.wikidata.org/entity/Q18142,Q102077227,tower block,,C,yellow
1422,http://www.wikidata.org/entity/Q105342678,https://de.wikipedia.org/wiki/St._Thomas_(Erlangen),Point(11.0244 49.57665),14.176,49.57665,11.0244,2,http://www.wikidata.org/entity/Q16970,St. Thomas,church building,,C,yellow
1423,http://www.wikidata.org/entity/Q105622553,https://de.wikipedia.org/wiki/MAN-Motorenwerk_N%C3%BCrnberg,Point(11.078889 49.427222),2.965,49.427222,11.078889,2,http://www.wikidata.org/entity/Q83405,MAN Werk Nürnberg,factory,,C,yellow
1425,http://www.wikidata.org/entity/Q105796643,https://de.wikipedia.org/wiki/Staatliche_Realschule_Feucht,Point(11.20437 49.37536),12.677,49.37536,11.20437,2,http://www.wikidata.org/entity/Q667471,Staatliche Realschule in Feucht,Realschule,,C,yellow
1426,http://www.wikidata.org/entity/Q135316168,https://de.wikipedia.org/wiki/Prateranlage,Point(11.066882 49.451612),0.794,49.451612,11.066882,2,http://www.wikidata.org/entity/Q22652,Q135316168,urban green space,,C,yellow
1427,http://www.wikidata.org/entity/Q41427762,https://de.wikipedia.org/wiki/Kreuzkirche_(N%C3%BCrnberg-Schweinau),Point(11.051175 49.431722),3.104,49.431722,11.051175,2,http://www.wikidata.org/entity/Q16970,Kreuzkirche (Nuremberg-Schweinau),church building,,C,yellow
1428,http://www.wikidata.org/entity/Q41427790,https://de.wikipedia.org/wiki/Garnisonmuseum_N%C3%BCrnberg,Point(11.04609 49.42716),3.73,49.42716,11.04609,2,http://www.wikidata.org/entity/Q15815716,Garnisonsmuseum,hochbunker,,C,yellow
1430,http://www.wikidata.org/entity/Q41427838,https://de.wikipedia.org/wiki/St._Leonhard_(Schweinau),Point(11.052107351 49.439793083),2.401,49.439793083352,11.052107351504,2,http://www.wikidata.org/entity/Q317557,St. Leonhard,parish church,,C,yellow
1431,http://www.wikidata.org/entity/Q41793680,https://de.wikipedia.org/wiki/Steinkreuz_am_Lechle,Point(11.216530555 49.3732),13.487,49.3732,11.216530555556,2,http://www.wikidata.org/entity/Q1640496,Steinkreuz am Lechle,conciliation cross,,C,yellow
1432,http://www.wikidata.org/entity/Q41806869,https://de.wikipedia.org/wiki/Steinkreuz_Regensburger_Stra%C3%9Fe_(Feucht),Point(11.21675 49.371711111),13.61,49.371711111111,11.21675,2,http://www.wikidata.org/entity/Q1640496,Sühnekreuz in Feucht,conciliation cross,,C,yellow
1433,http://www.wikidata.org/entity/Q41853857,https://de.wikipedia.org/wiki/Malmsbach,Point(11.186138888 49.472805555),8.142,49.472805555556,11.186138888889,2,http://www.wikidata.org/entity/Q253019,Malmsbach,Ortsteil,,C,yellow
1435,http://www.wikidata.org/entity/Q42315567,https://de.wikipedia.org/wiki/F%C3%B6rsterkreuz_bei_Feucht,Point(11.229338888 49.388238888),13.198,49.388238888889,11.229338888889,2,http://www.wikidata.org/entity/Q1640496,Försterkreuz bei Feucht,conciliation cross,,C,yellow
1436,http://www.wikidata.org/entity/Q42328076,https://de.wikipedia.org/wiki/Steinkreuz_am_Kirchb%C3%BChl,Point(11.226588888 49.363638888),14.742,49.363638888889,11.226588888889,2,http://www.wikidata.org/entity/Q1640496,Steinkreuz am Kirchbühl,conciliation cross,,C,yellow
1437,http://www.wikidata.org/entity/Q42412612,https://de.wikipedia.org/wiki/Ehemalige_Strafanstalt_am_Holzweiher,Point(11.154588888 49.434961111),5.97,49.434961111111,11.154588888889,2,http://www.wikidata.org/entity/Q40357,Ehemalige Strafanstalt am Holzweiher,prison,,C,yellow
1438,http://www.wikidata.org/entity/Q42871727,https://de.wikipedia.org/wiki/Bahnhof_N%C3%BCrnberg_Nord,Point(11.076869444 49.467047222),1.465,49.467047222222,11.076869444444,2,http://www.wikidata.org/entity/Q116505222,Nuremberg Nord,former goods station,,C,yellow
1439,http://www.wikidata.org/entity/Q42883773,https://de.wikipedia.org/wiki/Bahnhof_N%C3%BCrnberg-Zollhaus,Point(11.106305555 49.411905555),5.116,49.411905555556,11.106305555556,2,http://www.wikidata.org/entity/Q4663385,Nürnberg-Zollhaus,former railway station,,C,yellow
1440,http://www.wikidata.org/entity/Q42883796,https://de.wikipedia.org/wiki/Bahnhof_N%C3%BCrnberg_S%C3%BCd,Point(11.1025 49.421388888),4.045,49.421388888889,11.1025,2,http://www.wikidata.org/entity/Q116505222,Nürnberg Süd,former goods station,,C,yellow
1441,http://www.wikidata.org/entity/Q42916713,https://de.wikipedia.org/wiki/N%C3%BCrnberg_Hauptg%C3%BCterbahnhof,Point(11.049287 49.447908),2.131,49.447908,11.049287,2,http://www.wikidata.org/entity/Q116505222,Nuremberg Hgbf,former goods station,,C,yellow
1442,http://www.wikidata.org/entity/Q43706504,https://de.wikipedia.org/wiki/Forsthaus_(Leinburg),Point(11.28 49.438333333),14.755,49.438333333333,11.28,2,http://www.wikidata.org/entity/Q253019,Forester's lodge Leinburg,Ortsteil,,C,yellow
1444,http://www.wikidata.org/entity/Q44143549,https://de.wikipedia.org/wiki/Labenwolf-Gymnasium_N%C3%BCrnberg,Point(11.084818 49.460236),0.892,49.460236,11.084818,2,http://www.wikidata.org/entity/Q811979,Labenwolf-Gymnasium,architectural structure,,C,yellow
1445,http://www.wikidata.org/entity/Q44444908,https://de.wikipedia.org/wiki/Rudolf-Steiner-Schule_N%C3%BCrnberg,Point(11.11669 49.46774),3.238,49.46774,11.11669,2,http://www.wikidata.org/entity/Q14551995,Q44444908,Waldorf school,,C,yellow
1453,http://www.wikidata.org/entity/Q44444914,https://de.wikipedia.org/wiki/Martin-Behaim-Gymnasium_N%C3%BCrnberg,Point(11.103996944 49.439386111),2.514,49.439386111111,11.103996944444,2,http://www.wikidata.org/entity/Q1542966,Q44444914,gymnasium,,C,yellow
1454,http://www.wikidata.org/entity/Q44444919,https://de.wikipedia.org/wiki/Sigena-Gymnasium_N%C3%BCrnberg,Point(11.067367 49.431341),2.606,49.431341,11.067367,2,http://www.wikidata.org/entity/Q1542966,Sigena-Gymnasium,gymnasium,,C,yellow
1456,http://www.wikidata.org/entity/Q44444924,https://de.wikipedia.org/wiki/Jenaplan-Schule_N%C3%BCrnberg,Point(11.086645 49.429853),2.755,49.429853,11.086645,2,http://www.wikidata.org/entity/Q56345406,Jenaplan-Schule Nuremberg,Grundschule,,C,yellow
1457,http://www.wikidata.org/entity/Q44484029,https://de.wikipedia.org/wiki/Adam-Kraft-Realschule_N%C3%BCrnberg,Point(11.085083 49.435884),2.078,49.435884,11.085083,2,http://www.wikidata.org/entity/Q667471,Adam-Kraft-Realschule,Realschule,,C,yellow
1458,http://www.wikidata.org/entity/Q44549186,https://de.wikipedia.org/wiki/Veit-Sto%C3%9F-Realschule_N%C3%BCrnberg,Point(11.105037 49.469565),2.658,49.469565,11.105037,2,http://www.wikidata.org/entity/Q667471,Veit-Stoß-Realschule,Realschule,,C,yellow
1460,http://www.wikidata.org/entity/Q44549187,https://de.wikipedia.org/wiki/Johann-Pachelbel-Realschule,Point(11.019802 49.440777),4.404,49.440777,11.019802,2,http://www.wikidata.org/entity/Q667471,Q44549187,Realschule,,C,yellow
1462,http://www.wikidata.org/entity/Q47463994,https://de.wikipedia.org/wiki/Bahnhof_N%C3%BCrnberg_Nordwest,Point(11.039825 49.467405555),3.098,49.467405555556,11.039825,2,http://www.wikidata.org/entity/Q116505222,Nürnberg Nordwest,former goods station,,C,yellow
1464,http://www.wikidata.org/entity/Q47535838,https://de.wikipedia.org/wiki/F%C3%BCrther_M%C3%BCll-Schwelbrennanlage,Point(10.94767 49.49889),10.619,49.49889,10.94767,2,http://www.wikidata.org/entity/Q13416228,Fürther Müll-Schwelbrennanlage,incinerator,,C,yellow
1465,http://www.wikidata.org/entity/Q47716876,https://de.wikipedia.org/wiki/Kraftwerk_Tullnau,Point(11.103388888 49.449722222),1.942,49.449722222222,11.103388888889,2,http://www.wikidata.org/entity/Q811979,Kraftwerk Tullnau,architectural structure,,C,yellow
1466,http://www.wikidata.org/entity/Q50107666,https://de.wikipedia.org/wiki/Schleuse_N%C3%BCrnberg,Point(11.0568 49.41565),4.501,49.41565,11.0568,2,http://www.wikidata.org/entity/Q2307906,Nuremberg lock,water-saving lock,,C,yellow
1467,http://www.wikidata.org/entity/Q50107667,https://de.wikipedia.org/wiki/Schleuse_Kriegenbrunn,Point(10.9698 49.556408),13.792,49.556408,10.9698,2,http://www.wikidata.org/entity/Q2307906,Kriegenbrunn lock,water-saving lock,,C,yellow
1468,http://www.wikidata.org/entity/Q50107664,https://de.wikipedia.org/wiki/Schleuse_Eibach,Point(11.064079 49.38476),7.744,49.38476,11.064079,2,http://www.wikidata.org/entity/Q2307906,Schleuse Eibach,water-saving lock,,C,yellow
1469,http://www.wikidata.org/entity/Q52458372,https://de.wikipedia.org/wiki/Limbach_(Schwabach),Point(11.046213 49.338692),13.003,49.338692,11.046213,2,http://www.wikidata.org/entity/Q253019,Limbach,Ortsteil,,C,yellow
1472,http://www.wikidata.org/entity/Q52545282,https://de.wikipedia.org/wiki/Regelsbach_(Rohr),Point(10.949722222 49.369722222),13.142,49.369722222222,10.949722222222,2,http://www.wikidata.org/entity/Q253019,Regelsbach (Rohr),Ortsteil,,C,yellow
1475,http://www.wikidata.org/entity/Q52545281,https://de.wikipedia.org/wiki/Nemsdorf_(Rohr),Point(10.980555555 49.370833333),11.586,49.370833333333,10.980555555556,2,http://www.wikidata.org/entity/Q253019,Nemsdorf (Rohr),Ortsteil,,C,yellow
1478,http://www.wikidata.org/entity/Q52702383,https://de.wikipedia.org/wiki/Oberbaimbach,Point(10.9925 49.356388888),12.455,49.356388888889,10.9925,2,http://www.wikidata.org/entity/Q253019,Oberbaimbach,Ortsteil,,C,yellow
1481,http://www.wikidata.org/entity/Q52778795,https://de.wikipedia.org/wiki/Wolkersdorf_(Schwabach),Point(11.024166666 49.361944444),10.92,49.361944444444,11.024166666667,2,http://www.wikidata.org/entity/Q253019,Wolkersdorf (Schwabach),Ortsteil,,C,yellow
1483,http://www.wikidata.org/entity/Q52865431,https://de.wikipedia.org/wiki/Nasbach,Point(11.024444444 49.341111111),13.108,49.341111111111,11.024444444444,2,http://www.wikidata.org/entity/Q253019,Nasbach,Ortsteil,,C,yellow
1486,http://www.wikidata.org/entity/Q53596636,https://de.wikipedia.org/wiki/St._Theresien-Krankenhaus_N%C3%BCrnberg,Point(11.10981 49.469567),2.927,49.469567,11.10981,2,http://www.wikidata.org/entity/Q1813474,St. Theresien Hospital Nuremberg,teaching hospital,,C,yellow
1488,http://www.wikidata.org/entity/Q7597205,,Point(11.1225 49.4275),4.391,49.4275,11.1225,2,http://www.wikidata.org/entity/Q245016,Stalag XIII-D,military base,https://en.wikipedia.org/wiki/Stalag_XIII-D,C,yellow
1491,http://www.wikidata.org/entity/Q28135007,,Point(11.07984167 49.44868333),0.606,49.44868333,11.07984167,2,http://www.wikidata.org/entity/Q31855,Jesuitenmission,research institute,https://en.wikipedia.org/wiki/Jesuitenmission,C,yellow
1492,http://www.wikidata.org/entity/Q32068090,,Point(11.133055555 49.576666666),14.234,49.576666666667,11.133055555556,2,http://www.wikidata.org/entity/Q23397,Kreuz-Weiher,lake,,C,yellow
1493,http://www.wikidata.org/entity/Q32290660,,Point(11.200555555 49.469444444),9.074,49.469444444444,11.200555555556,2,http://www.wikidata.org/entity/Q253019,Schwaig,Ortsteil,,C,yellow
1496,http://www.wikidata.org/entity/Q41419388,,Point(11.015033 49.482185),5.491,49.482185,11.015033,2,http://www.wikidata.org/entity/Q16970,St. Peter und Paul,church building,,C,yellow
1497,http://www.wikidata.org/entity/Q41419954,,Point(10.992091069 49.485985158),7.117,49.485985158073,10.992091069756,2,http://www.wikidata.org/entity/Q1516079,Städtischer Friedhof Fürth,cultural heritage ensemble,,C,yellow
1498,http://www.wikidata.org/entity/Q41421997,,Point(10.997965275 49.473157727),6.121,49.473157727416,10.997965275767,2,http://www.wikidata.org/entity/Q1516079,Stadtpark,cultural heritage ensemble,,C,yellow
1499,http://www.wikidata.org/entity/Q56062169,,Point(11.03967 49.45683),2.739,49.45683,11.03967,2,http://www.wikidata.org/entity/Q16970,St. Demetrius-Kathedrale,church building,,C,yellow
1500,http://www.wikidata.org/entity/Q60764993,,Point(10.922836 49.466076),11.245,49.466076,10.922836,2,http://www.wikidata.org/entity/Q1191622,Fürther und Zirndorfer Stadtwald,Special Area of Conservation,,C,yellow
1501,http://www.wikidata.org/entity/Q60765269,,Point(11.126746944 49.368891944),10.103,49.368891944444,11.126746944444,2,http://www.wikidata.org/entity/Q796174,Kornberge bei Worzeldorf,site of community importance,,C,yellow
1504,http://www.wikidata.org/entity/Q60765908,,Point(11.041148 49.374796),9.173,49.374796,11.041148,2,http://www.wikidata.org/entity/Q1191622,Rednitztal in Nürnberg,Special Area of Conservation,,C,yellow
1505,http://www.wikidata.org/entity/Q60765933,,Point(11.256792 49.425169),13.364,49.425169,11.256792,2,http://www.wikidata.org/entity/Q1191622,Rodungsinseln im Reichswald,Special Area of Conservation,,C,yellow
1506,http://www.wikidata.org/entity/Q60765958,,Point(11.032289 49.492994),5.431,49.492994,11.032289,2,http://www.wikidata.org/entity/Q1191622,Sandheiden im mittelfränkischen Becken,Special Area of Conservation,,C,yellow
1507,http://www.wikidata.org/entity/Q60766222,,Point(11.170146944 49.448868888),6.734,49.448868888889,11.170146944444,2,http://www.wikidata.org/entity/Q796174,Tiergarten Nürnberg mit Schmausenbuck,site of community importance,,C,yellow
1510,http://www.wikidata.org/entity/Q60766414,,Point(10.885454 49.433754),14.049,49.433754,10.885454,2,http://www.wikidata.org/entity/Q1191622,Weiherkette nördlich Weinzierlein,Special Area of Conservation,,C,yellow
1511,http://www.wikidata.org/entity/Q60786911,,Point(11.069744 49.516277),6.96,49.516277,11.069744,2,http://www.wikidata.org/entity/Q1191622,Irrhain,Special Area of Conservation,,C,yellow
1512,http://www.wikidata.org/entity/Q60786948,,Point(11.158541944 49.471363055),6.185,49.471363055556,11.158541944444,2,http://www.wikidata.org/entity/Q796174,Wasserwerk Erlenstegen,site of community importance,,C,yellow
1517,http://www.wikidata.org/entity/Q63382868,,Point(10.9670269 49.4833145),8.614,49.4833145,10.9670269,2,http://www.wikidata.org/entity/Q65464941,Fürth-Unterfarrnbach,former railway stop,https://en.wikipedia.org/wiki/F%C3%BCrth-Klinikum_station,C,yellow
1520,http://www.wikidata.org/entity/Q98606601,,Point(11.077973038 49.451208797),0.3,49.451208797047,11.077973038003,2,http://www.wikidata.org/entity/Q43483,Brunnen,water well,,C,yellow
1521,http://www.wikidata.org/entity/Q98608470,,Point(11.075717879 49.455626718),0.226,49.455626718086,11.075717879275,2,http://www.wikidata.org/entity/Q607241,Sebalder Pfarrhof,clergy house,,C,yellow
1522,http://www.wikidata.org/entity/Q98624120,,Point(10.993335131 49.485660765),7.021,49.485660765388,10.993335131018,2,http://www.wikidata.org/entity/Q98445120,Cementery hall Fürth,arcade hall,,C,yellow
1523,http://www.wikidata.org/entity/Q113551715,,Point(11.07664 49.45506),0.14,49.45506,11.07664,2,http://www.wikidata.org/entity/Q294422,Alte Schau,public building,,C,yellow
1525,http://www.wikidata.org/entity/Q115094583,https://de.wikipedia.org/wiki/Bahnhof_Ziegelstein,Point(11.1095405 49.4899145),4.635,49.4899145,11.1095405,2,http://www.wikidata.org/entity/Q4663385,Ziegelstein,former railway station,,C,yellow
1526,http://www.wikidata.org/entity/Q115740196,https://de.wikipedia.org/wiki/Backhaus_(Pfarrhaus_Katzwang),Point(11.05493 49.349727),11.692,49.349727,11.05493,2,http://www.wikidata.org/entity/Q798436,Baking oven of Kirchhof Katzwang,bakehouse,,C,yellow
1527,http://www.wikidata.org/entity/Q119361593,https://de.wikipedia.org/wiki/Glockenspiel_im_Rathaus_F%C3%BCrth,Point(10.98908441 49.477220703),6.883,49.47722070392,10.98908441084,2,http://www.wikidata.org/entity/Q626035,Q119361593,glockenspiel,,C,yellow
1528,http://www.wikidata.org/entity/Q120513805,https://de.wikipedia.org/wiki/Heilig-Geist-Kirche_(Moosbach),Point(11.26029 49.39336),14.847,49.39336,11.26029,2,http://www.wikidata.org/entity/Q16970,Q120513805,church building,,C,yellow
1529,http://www.wikidata.org/entity/Q120513852,https://de.wikipedia.org/wiki/Herz_Jesu_(Mannhof),Point(10.97826 49.52467),10.637,49.52467,10.97826,2,http://www.wikidata.org/entity/Q16970,Q120513852,church building,,C,yellow
1530,http://www.wikidata.org/entity/Q120513972,https://de.wikipedia.org/wiki/Moritzkapelle_(N%C3%BCrnberg),Point(11.076384419 49.455683479),0.212,49.455683479558,11.076384419428,2,http://www.wikidata.org/entity/Q108325,Q120513972,chapel,,C,yellow
1531,http://www.wikidata.org/entity/Q120514105,https://de.wikipedia.org/wiki/St._Josef_(Zirndorf),Point(10.958814 49.4456801),8.613,49.4456801,10.958814,2,http://www.wikidata.org/entity/Q16970,Q120514105,church building,,C,yellow
1532,http://www.wikidata.org/entity/Q122492601,https://de.wikipedia.org/wiki/Mesnerhaus_(Feucht),Point(11.21408 49.37485),13.233,49.37485,11.21408,2,http://www.wikidata.org/entity/Q11755880,Q122492601,residential building,,C,yellow
1534,http://www.wikidata.org/entity/Q123018205,https://de.wikipedia.org/wiki/N%C3%BCrnberger_Rotlichtviertel,Point(11.068499 49.447773),0.93,49.447773,11.068499,2,http://www.wikidata.org/entity/Q272888,Red-light district Nuremberg,red-light district,,C,yellow
1535,http://www.wikidata.org/entity/Q123531408,https://de.wikipedia.org/wiki/Naturwald_Feuchtw%C3%A4lder_im_N%C3%BCrnberger_Reichswald,Point(11.12461 49.5794),14.369,49.5794,11.12461,2,http://www.wikidata.org/entity/Q16966008,Q123531408,protected forest,,C,yellow
1536,http://www.wikidata.org/entity/Q123938377,https://de.wikipedia.org/wiki/Kasemattentor_(N%C3%BCrnberg),Point(11.086116 49.453101),0.643,49.453101,11.086116,2,http://www.wikidata.org/entity/Q53060,Q123938377,gate,,C,yellow
1537,http://www.wikidata.org/entity/Q124157050,https://de.wikipedia.org/wiki/Imhoffhaus_(N%C3%BCrnberg),Point(11.08123 49.45695),0.445,49.45695,11.08123,2,http://www.wikidata.org/entity/Q811979,Imhoffhaus (Nürnberg),architectural structure,,C,yellow
1538,http://www.wikidata.org/entity/Q124838795,https://de.wikipedia.org/wiki/Henkerhaus_N%C3%BCrnberg,Point(11.073277391 49.453272312),0.298,49.453272312374,11.07327739193,2,http://www.wikidata.org/entity/Q33506,Henkerhaus Nürnberg,museum,,C,yellow
1539,http://www.wikidata.org/entity/Q125505064,https://de.wikipedia.org/wiki/Caritas-Pirckheimer-Haus_(N%C3%BCrnberg),Point(11.07902 49.44859),0.6,49.44859,11.07902,2,http://www.wikidata.org/entity/Q811979,Q125505064,architectural structure,,C,yellow
1540,http://www.wikidata.org/entity/Q126739407,https://de.wikipedia.org/wiki/ASN-Radrennbahn_N%C3%BCrnberg,Point(11.099946 49.483084),3.637,49.483084,11.099946,2,http://www.wikidata.org/entity/Q830528,ASN-Radrennbahn Nürnberg,velodrome,,C,yellow
1542,http://www.wikidata.org/entity/Q130419932,https://de.wikipedia.org/wiki/Bratwurstgl%C3%B6cklein,Point(11.076164598 49.455710448),0.22,49.455710448671,11.07616459844,2,http://www.wikidata.org/entity/Q811979,Q130419932,architectural structure,,C,yellow
1543,http://www.wikidata.org/entity/Q98606482,https://de.wikipedia.org/wiki/Minnes%C3%A4ngerbrunnen,Point(11.064988658 49.451131534),0.94,49.451131534768,11.064988658529,2,http://www.wikidata.org/entity/Q43483,Brunnen,water well,,C,yellow
1544,http://www.wikidata.org/entity/Q106729081,https://de.wikipedia.org/wiki/Verk%C3%BCndigung_an_Maria_(Tucherschloss),Point(11.084166666 49.4575),0.64,49.4575,11.084166666667,2,http://www.wikidata.org/entity/Q488094,Q106729081,leadlight,,C,yellow
1546,http://www.wikidata.org/entity/Q106945957,https://de.wikipedia.org/wiki/Deutsches_Museum_N%C3%BCrnberg_%E2%80%93_Das_Zukunftsmuseum,Point(11.074758333 49.453688888),0.185,49.453688888889,11.074758333333,2,http://www.wikidata.org/entity/Q2398990,Deutsches Museum Nürnberg,technology museum,,C,yellow
1547,http://www.wikidata.org/entity/Q108903212,https://de.wikipedia.org/wiki/Emmy-Noether-Gymnasium_Erlangen,Point(11.0022 49.5611),13.098,49.5611,11.0022,2,http://www.wikidata.org/entity/Q1244442,Emmy-Noether-Gymnasium,school building,,C,yellow
1549,http://www.wikidata.org/entity/Q109718657,https://de.wikipedia.org/wiki/St._Margaretha_(Heroldsberg),Point(11.153642 49.531224),10.216,49.531224,11.153642,2,http://www.wikidata.org/entity/Q317557,St. Margaretha,parish church,,C,yellow
1550,http://www.wikidata.org/entity/Q109767530,https://de.wikipedia.org/wiki/Forstweiher_(Eibach),Point(11.04136 49.40388),6.136,49.40388,11.04136,2,http://www.wikidata.org/entity/Q3253281,Forstweiher,artificial pond,,C,yellow
1551,http://www.wikidata.org/entity/Q109776329,https://de.wikipedia.org/wiki/St._Walburga_(Eibach),Point(11.03635 49.40844),5.855,49.40844,11.03635,2,http://www.wikidata.org/entity/Q317557,Pfarrkirche St. Walburga,parish church,,C,yellow
1552,http://www.wikidata.org/entity/Q110044405,https://de.wikipedia.org/wiki/St._Marien_(Erlangen-Bruck),Point(11.00422 49.56956),13.903,49.56956,11.00422,2,http://www.wikidata.org/entity/Q16970,Q110044405,church building,,C,yellow
1553,http://www.wikidata.org/entity/Q111904273,https://de.wikipedia.org/wiki/Gro%C3%9Fmarkt_N%C3%BCrnberg,Point(11.021472 49.452716),4.037,49.452716,11.021472,2,http://www.wikidata.org/entity/Q2128165,Großmarkt Nürnberg,wholesale market,,C,yellow
1554,http://www.wikidata.org/entity/Q112649199,https://de.wikipedia.org/wiki/Magnus-Hirschfeld-Platz,Point(11.077644 49.447033),0.761,49.447033,11.077644,2,http://www.wikidata.org/entity/Q174782,Magnus-Hirschfeld-Platz,square,,C,yellow
1558,http://www.wikidata.org/entity/Q112961871,https://de.wikipedia.org/wiki/Orgeln_von_St._Lorenz_(N%C3%BCrnberg),Point(11.078501 49.45097),0.334,49.45097,11.078501,2,http://www.wikidata.org/entity/Q15976349,"Main Organ of St. Lawrence's Church, Nuremberg, Germany",church organ,,C,yellow
1559,http://www.wikidata.org/entity/Q134087146,https://de.wikipedia.org/wiki/Gemeinschaftshaus_Langwasser,Point(11.13601 49.40209),7.154,49.40209,11.13601,2,http://www.wikidata.org/entity/Q811979,Q134087146,architectural structure,,C,yellow
1560,http://www.wikidata.org/entity/Q98626606,https://de.wikipedia.org/wiki/Kongresshalle_(N%C3%BCrnberg),Point(11.112689019 49.432408187),3.499,49.43240818789,11.112689019692,2,http://www.wikidata.org/entity/Q1570262,Kongresshalle,unfinished building,,C,yellow
1561,http://www.wikidata.org/entity/Q98626801,https://de.wikipedia.org/wiki/Rochuskapelle_(N%C3%BCrnberg),Point(11.06078955 49.44732469),1.398,49.447324690716,11.060789550128,2,http://www.wikidata.org/entity/Q1457501,Friedhofskapelle Rothenburger Straße 24 in Nürnberg,cemetery chapel,,C,yellow
1562,http://www.wikidata.org/entity/Q98629922,https://de.wikipedia.org/wiki/Backhaus_(Schloss_Neunhof),Point(11.050525334 49.51869851),7.463,49.518698510856,11.050525334035,2,http://www.wikidata.org/entity/Q798436,Backhaus Nähe Neunhofer Schloßplatz in Nürnberg,bakehouse,,C,yellow
1564,http://www.wikidata.org/entity/Q54199531,https://de.wikipedia.org/wiki/Hautastein_bei_Fischbach,Point(11.233736111 49.422058333),11.851,49.422058333333,11.233736111111,2,http://www.wikidata.org/entity/Q1640496,Hautastein bei Fischbach,conciliation cross,,C,yellow
1565,http://www.wikidata.org/entity/Q54339439,https://de.wikipedia.org/wiki/Tassilo-Theater,Point(11.049917 49.453472),1.98,49.453472,11.049917,2,http://www.wikidata.org/entity/Q131183,Tassilo-Theater,cabaret,,C,yellow
1566,http://www.wikidata.org/entity/Q54351898,https://de.wikipedia.org/wiki/Frauenkreuz_im_Kraftshofer_Forst,Point(11.09434 49.51679),7.103,49.51679,11.09434,2,http://www.wikidata.org/entity/Q1640496,Frauenkreuz im Kraftshofer Forst,conciliation cross,,C,yellow
1567,http://www.wikidata.org/entity/Q54459781,https://de.wikipedia.org/wiki/Steinkreuz_bei_der_Autobahnrastst%C3%A4tte_Feucht_West,Point(11.202280555 49.355261111),14.212,49.355261111111,11.202280555556,2,http://www.wikidata.org/entity/Q1640496,"Steinkreuz bei der Autobahnraststätte ""Feucht West""",conciliation cross,,C,yellow
1568,http://www.wikidata.org/entity/Q54756967,https://de.wikipedia.org/wiki/Froschstein,Point(11.212513888 49.438036111),9.932,49.438036111111,11.212513888889,2,http://www.wikidata.org/entity/Q1404150,Froschstein bei Brunn,rock,,C,yellow
1569,http://www.wikidata.org/entity/Q54759745,https://de.wikipedia.org/wiki/Sandsteinbr%C3%BCche_am_Schmausenbuck,Point(11.15295 49.45054),5.481,49.45054,11.15295,2,http://www.wikidata.org/entity/Q372363,Steinbrüche am Schmausenbuck,geotope,,C,yellow
1572,http://www.wikidata.org/entity/Q54760728,https://de.wikipedia.org/wiki/Buchenklinge,Point(11.154836111 49.451805555),5.609,49.451805555556,11.154836111111,2,http://www.wikidata.org/entity/Q124714,Buchenklinge,spring,,C,yellow
1573,http://www.wikidata.org/entity/Q63253489,https://de.wikipedia.org/wiki/Maria_am_Hauch,Point(11.025658 49.421458),5.189,49.421458,11.025658,2,http://www.wikidata.org/entity/Q317557,Maria am Hauch,parish church,,C,yellow
1575,http://www.wikidata.org/entity/Q63758686,https://de.wikipedia.org/wiki/St._Josef_(N%C3%BCrnberg),Point(11.09391 49.45529),1.211,49.45529,11.09391,2,http://www.wikidata.org/entity/Q317557,St. Josef,parish church,,C,yellow
1576,http://www.wikidata.org/entity/Q64131153,https://de.wikipedia.org/wiki/Haagsweiher_bei_Feucht,Point(11.22918 49.3807),13.671,49.3807,11.22918,2,http://www.wikidata.org/entity/Q3253281,Haagsweiher bei Feucht,artificial pond,,C,yellow
1577,http://www.wikidata.org/entity/Q64735576,https://de.wikipedia.org/wiki/Helmkreuz_in_Gro%C3%9Fschwarzenlohe,Point(11.11021 49.33865),13.031,49.33865,11.11021,2,http://www.wikidata.org/entity/Q1640496,Helmkreuz in Großschwarzenlohe,conciliation cross,,C,yellow
1578,http://www.wikidata.org/entity/Q66360556,https://de.wikipedia.org/wiki/Merks_Motor_Museum,Point(11.113231 49.4771),3.662,49.4771,11.113231,2,http://www.wikidata.org/entity/Q33506,Merks Motor Museum,museum,,C,yellow
1579,http://www.wikidata.org/entity/Q72973385,https://de.wikipedia.org/wiki/K%C3%A4swasser,Point(11.151444444 49.558),12.756,49.558,11.151444444444,2,http://www.wikidata.org/entity/Q253019,Käswasser,Ortsteil,,C,yellow
1581,http://www.wikidata.org/entity/Q72990182,https://de.wikipedia.org/wiki/Stettenberg_(Kalchreuth),Point(11.13454 49.53715),10.141,49.53715,11.13454,2,http://www.wikidata.org/entity/Q253019,Stettenberg (Kalchreuth),Ortsteil,,C,yellow
1583,http://www.wikidata.org/entity/Q73002247,https://de.wikipedia.org/wiki/Hundsm%C3%BChle_(Heroldsberg),Point(11.13982 49.5253),9.136,49.5253,11.13982,2,http://www.wikidata.org/entity/Q253019,Hundsmühle (Heroldsberg),Ortsteil,,C,yellow
1585,http://www.wikidata.org/entity/Q80277139,https://de.wikipedia.org/wiki/Laufertorkeller,Point(11.08756 49.45749),0.844,49.45749,11.08756,2,http://www.wikidata.org/entity/Q91122,Laufertorkeller,bunker,,C,yellow
1587,http://www.wikidata.org/entity/Q1169033,https://de.wikipedia.org/wiki/Das_H%C3%BCttlinger,Point(11.0212073 49.3286365),14.505,49.3286365,11.0212073,1,http://www.wikidata.org/entity/Q811979,Q1169033,architectural structure,,D,blue
1588,http://www.wikidata.org/entity/Q1246897,https://de.wikipedia.org/wiki/Mach_1,Point(11.077 49.4522),0.187,49.4522,11.077,1,http://www.wikidata.org/entity/Q1228895,Q1246897,discothèque,,D,blue
1590,http://www.wikidata.org/entity/Q1278601,https://de.wikipedia.org/wiki/Weizenglasmuseum_N%C3%BCrnberg,Point(11.172473 49.464726),6.984,49.464726,11.172473,1,http://www.wikidata.org/entity/Q33506,Q1278601,museum,,D,blue
1592,http://www.wikidata.org/entity/Q189255,https://de.wikipedia.org/wiki/Zeltnerweiher,Point(11.1093 49.4472),2.429,49.4472,11.1093,1,http://www.wikidata.org/entity/Q23397,Zeltnerweiher,lake,,D,blue
1593,http://www.wikidata.org/entity/Q190363,https://de.wikipedia.org/wiki/Zentrale_der_Bundesagentur_f%C3%BCr_Arbeit,Point(11.10638889 49.44111111),2.537,49.44111111,11.10638889,1,http://www.wikidata.org/entity/Q1530704,Zentrale der Bundesagentur für Arbeit,corporate headquarters,,D,blue
1594,http://www.wikidata.org/entity/Q1675674,https://de.wikipedia.org/wiki/Landgericht_N%C3%BCrnberg-F%C3%BCrth,Point(11.046388888 49.454694444),2.236,49.454694444444,11.046388888889,1,http://www.wikidata.org/entity/Q13384978,Nuremberg-Fürth District court,regional court,,D,blue
1595,http://www.wikidata.org/entity/Q1677351,https://de.wikipedia.org/wiki/N%C3%BCrnberger_Burgtheater,Point(11.0747 49.4558),0.285,49.4558,11.0747,1,http://www.wikidata.org/entity/Q24354,Q1677351,theatre building,,D,blue
1596,http://www.wikidata.org/entity/Q1718878,https://de.wikipedia.org/wiki/KOMM_(N%C3%BCrnberg),Point(11.0817 49.4481),0.716,49.4481,11.0817,1,http://www.wikidata.org/entity/Q1329623,Q1718878,cultural center,,D,blue
1597,http://www.wikidata.org/entity/Q1724295,https://de.wikipedia.org/wiki/Kloster_Himmelthron,Point(11.0109 49.5301),9.738,49.5301,11.0109,1,http://www.wikidata.org/entity/Q2742167,Q1724295,religious community,,D,blue
1599,http://www.wikidata.org/entity/Q1727742,https://de.wikipedia.org/wiki/Vereinigte_Margarine-Werke_N%C3%BCrnberg,Point(11.1119 49.476),3.508,49.476,11.1119,1,http://www.wikidata.org/entity/Q811979,Q1727742,architectural structure,,D,blue
1600,http://www.wikidata.org/entity/Q1743163,https://de.wikipedia.org/wiki/Kirchenkreis_N%C3%BCrnberg,Point(11.07772 49.456409),0.284,49.456409,11.07772,1,http://www.wikidata.org/entity/Q897303,Q1743163,Kirchenkreis,,D,blue
1601,http://www.wikidata.org/entity/Q1748612,https://de.wikipedia.org/wiki/Schwarzachtalbr%C3%BCcke,Point(11.2012 49.3555),14.142,49.3555,11.2012,1,http://www.wikidata.org/entity/Q976622,Schwarzachtalbrücke,bridge over valley,,D,blue
1603,http://www.wikidata.org/entity/Q1757085,https://de.wikipedia.org/wiki/Steinplatte_(N%C3%BCrnberg),Point(11.0589 49.4467),1.551,49.4467,11.0589,1,http://www.wikidata.org/entity/Q253019,Steinplatte,Ortsteil,,D,blue
1604,http://www.wikidata.org/entity/Q828828,https://de.wikipedia.org/wiki/Berufsbildungswerk_Bezirk_Mittelfranken,Point(11.0431663 49.4133786),5.135,49.4133786,11.0431663,1,http://www.wikidata.org/entity/Q828823,Q828828,Vocational Training Center,,D,blue
1608,http://www.wikidata.org/entity/Q828902,https://de.wikipedia.org/wiki/Berufsf%C3%B6rderungswerk_N%C3%BCrnberg,Point(11.0475 49.475),3.187,49.475,11.0475,1,http://www.wikidata.org/entity/Q163740,Q828902,nonprofit organization,,D,blue
1611,http://www.wikidata.org/entity/Q866518,https://de.wikipedia.org/wiki/Bismarckturm_(F%C3%BCrth),Point(10.955 49.479),9.269,49.479,10.955,1,http://www.wikidata.org/entity/Q44844,Bismarckturm,Bismarck tower,,D,blue
1612,http://www.wikidata.org/entity/Q1897628,https://de.wikipedia.org/wiki/Marienberg_(N%C3%BCrnberg),Point(11.0901 49.4784),2.88,49.4784,11.0901,1,http://www.wikidata.org/entity/Q28538792,Q1897628,Q28538792,,D,blue
1613,http://www.wikidata.org/entity/Q1946992,https://de.wikipedia.org/wiki/Mooshof_(N%C3%BCrnberg),Point(11.0214 49.4622),4.145,49.4622,11.0214,1,http://www.wikidata.org/entity/Q28538792,Q1946992,Q28538792,,D,blue
1614,http://www.wikidata.org/entity/Q351747,https://de.wikipedia.org/wiki/Adams_Barracks,Point(10.9526 49.4332),9.303,49.4332,10.9526,1,http://www.wikidata.org/entity/Q131263,Q351747,barracks,,D,blue
1615,http://www.wikidata.org/entity/Q1301728,https://de.wikipedia.org/wiki/Eichenl%C3%B6hlein,Point(11.1283 49.445),3.816,49.445,11.1283,1,http://www.wikidata.org/entity/Q1390618,Eichenlöhlein,statistical district,,D,blue
1616,http://www.wikidata.org/entity/Q1341205,https://de.wikipedia.org/wiki/Energie_Campus_N%C3%BCrnberg,Point(11.02805556 49.46027778),3.63,49.46027778,11.02805556,1,http://www.wikidata.org/entity/Q31855,Q1341205,research institute,,D,blue
1617,http://www.wikidata.org/entity/Q1344244,https://de.wikipedia.org/wiki/Ensemble_Eigenes_Heim,Point(10.977803 49.487994),8.129,49.487994,10.977803,1,http://www.wikidata.org/entity/Q1497375,Ensemble Eigenes Heim,architectural ensemble,,D,blue
1620,http://www.wikidata.org/entity/Q1386399,https://de.wikipedia.org/wiki/Institut_f%C3%BCr_moderne_Kunst_N%C3%BCrnberg,Point(11.079778539 49.448195062),0.656,49.448195062272,11.079778539354,1,http://www.wikidata.org/entity/Q166118,Institut für moderne Kunst Nürnberg,archive,,D,blue
1625,http://www.wikidata.org/entity/Q1473970,https://de.wikipedia.org/wiki/Pinderpark,Point(10.9469 49.44),9.552,49.44,10.9469,1,http://www.wikidata.org/entity/Q253019,Q1473970,Ortsteil,,D,blue
1626,http://www.wikidata.org/entity/Q1515171,https://de.wikipedia.org/wiki/K4_(Kulturzentrum),Point(11.0817 49.4481),0.716,49.4481,11.0817,1,http://www.wikidata.org/entity/Q1329623,K4 (Musical group),cultural center,,D,blue
1628,http://www.wikidata.org/entity/Q1532259,https://de.wikipedia.org/wiki/Wilhelm_L%C3%B6he_Hochschule_f%C3%BCr_angewandte_Wissenschaften,Point(10.997838888 49.459661111),5.779,49.459661111111,10.997838888889,1,http://www.wikidata.org/entity/Q1365560,Q1532259,university of applied sciences,,D,blue
1630,http://www.wikidata.org/entity/Q1538642,https://de.wikipedia.org/wiki/Gostner_Hoftheater,Point(11.0501 49.44986111),2.016,49.44986111,11.0501,1,http://www.wikidata.org/entity/Q24354,Gostner Hoftheater,theatre building,,D,blue
1631,http://www.wikidata.org/entity/Q2358679,https://de.wikipedia.org/wiki/Studio_Franken,Point(11.0272 49.4342),4.231,49.4342,11.0272,1,http://www.wikidata.org/entity/Q12518,Q2358679,tower,,D,blue
1632,http://www.wikidata.org/entity/Q2415876,https://de.wikipedia.org/wiki/Theater_Mummpitz,Point(11.05213889 49.44283333),2.194,49.44283333,11.05213889,1,http://www.wikidata.org/entity/Q24354,Theater Mummpitz,theatre building,,D,blue
1633,http://www.wikidata.org/entity/Q2509130,https://de.wikipedia.org/wiki/Valka-Lager,Point(11.143223 49.402945),7.402,49.402945,11.143223,1,http://www.wikidata.org/entity/Q1070290,Q2509130,prisoner-of-war camp,,D,blue
1634,http://www.wikidata.org/entity/Q23561231,https://de.wikipedia.org/wiki/Fraunhofer-Institut_f%C3%BCr_Integrierte_Systeme_und_Bauelementetechnologie,Point(11.030037 49.570921),13.454,49.570921,11.030037,1,http://www.wikidata.org/entity/Q20168706,Fraunhofer Institute for Integrated Systems and Device Technology,Fraunhofer institute,,D,blue
1635,http://www.wikidata.org/entity/Q23785410,https://de.wikipedia.org/wiki/Gasometer_N%C3%BCrnberg,Point(11.062 49.437),2.178,49.437,11.062,1,http://www.wikidata.org/entity/Q962715,Q23785410,gas holder,,D,blue
1636,http://www.wikidata.org/entity/Q23786211,https://de.wikipedia.org/wiki/Self-Transcendence_6-Stunden-Lauf_N%C3%BCrnberg,Point(11.087772 49.451706),0.794,49.451706,11.087772,1,http://www.wikidata.org/entity/Q917206,Q23786211,long-distance running,,D,blue
1638,http://www.wikidata.org/entity/Q23786224,https://de.wikipedia.org/wiki/F%C3%BCrther_Kreuzung,Point(11.017277777 49.462861111),4.452,49.462861111111,11.017277777778,1,http://www.wikidata.org/entity/Q4663385,Fürther Kreuzung,former railway station,,D,blue
1639,http://www.wikidata.org/entity/Q24451217,https://de.wikipedia.org/wiki/Humanistische_Grundschule_F%C3%BCrth,Point(11.004295 49.461189),5.339,49.461189,11.004295,1,http://www.wikidata.org/entity/Q56345406,Q24451217,Grundschule,,D,blue
1640,http://www.wikidata.org/entity/Q25392793,https://de.wikipedia.org/wiki/Kruzifix_(Ignaz_G%C3%BCnther),Point(11.075511 49.448249),0.638,49.448249,11.075511,1,http://www.wikidata.org/entity/Q860861,Crucifix,sculpture,,D,blue
1642,http://www.wikidata.org/entity/Q884232,https://de.wikipedia.org/wiki/Blindenanstalt_N%C3%BCrnberg,Point(11.1457 49.4144),6.613,49.4144,11.1457,1,http://www.wikidata.org/entity/Q163740,Blindenanstalt Nürnberg,nonprofit organization,,D,blue
1644,http://www.wikidata.org/entity/Q980147,https://de.wikipedia.org/wiki/Terziarinnenspital_N%C3%BCrnberg,Point(11.0808 49.4483),0.669,49.4483,11.0808,1,http://www.wikidata.org/entity/Q2742167,Terziarinnenspital Nürnberg,religious community,,D,blue
1646,http://www.wikidata.org/entity/Q1009578,https://de.wikipedia.org/wiki/Bunker_Wodanstra%C3%9Fe,Point(11.095 49.4373),2.243,49.4373,11.095,1,http://www.wikidata.org/entity/Q389959,Bunker Wodanstraße,air-raid shelter,,D,blue
1647,http://www.wikidata.org/entity/Q1092369,https://de.wikipedia.org/wiki/Cinecitt%C3%A0-Br%C3%BCcke,Point(11.0831 49.4524),0.45,49.4524,11.0831,1,http://www.wikidata.org/entity/Q158555,Q1092369,cable-stayed bridge,,D,blue
1649,http://www.wikidata.org/entity/Q1431243,https://de.wikipedia.org/wiki/Geismannsaal,Point(10.9899 49.4753),6.75,49.4753,10.9899,1,http://www.wikidata.org/entity/Q858012,Geismannsaal,beer hall,,D,blue
1652,http://www.wikidata.org/entity/Q1450353,https://de.wikipedia.org/wiki/Franziskanerkloster_N%C3%BCrnberg,Point(11.0786 49.4519),0.239,49.4519,11.0786,1,http://www.wikidata.org/entity/Q2742167,Q1450353,religious community,,D,blue
1654,http://www.wikidata.org/entity/Q1546096,https://de.wikipedia.org/wiki/Greuth_(N%C3%BCrnberg),Point(11.0804 49.3452),12.085,49.3452,11.0804,1,http://www.wikidata.org/entity/Q253019,Greuth,Ortsteil,,D,blue
1656,http://www.wikidata.org/entity/Q1558241,https://de.wikipedia.org/wiki/Gymnasium_Stein,Point(11.0078 49.405),7.402,49.405,11.0078,1,http://www.wikidata.org/entity/Q55043,Q1558241,gymnasium,,D,blue
1657,http://www.wikidata.org/entity/Q1564045,https://de.wikipedia.org/wiki/Lessingtheater_(N%C3%BCrnberg),Point(11.0744 49.4467),0.825,49.4467,11.0744,1,http://www.wikidata.org/entity/Q24354,Lessingtheater,theatre building,,D,blue
1658,http://www.wikidata.org/entity/Q1564930,https://de.wikipedia.org/wiki/Tafelhalle,Point(11.1117 49.4612),2.616,49.4612,11.1117,1,http://www.wikidata.org/entity/Q1329623,Tafelhalle,cultural center,,D,blue
1659,http://www.wikidata.org/entity/Q1579065,https://de.wikipedia.org/wiki/Werderau,Point(11.0595 49.4223),3.739,49.4223,11.0595,1,http://www.wikidata.org/entity/Q28538792,Werderau,Q28538792,,D,blue
1660,http://www.wikidata.org/entity/Q1588266,https://de.wikipedia.org/wiki/Haselhof_(W%C3%BCstung),Point(11.0006 49.5449),11.538,49.5449,11.0006,1,http://www.wikidata.org/entity/Q350895,Haselhof,abandoned village,,D,blue
1663,http://www.wikidata.org/entity/Q2566184,https://de.wikipedia.org/wiki/Wetzendorf_(Lauf_an_der_Pegnitz),Point(11.2614 49.4994),14.231,49.4994,11.2614,1,http://www.wikidata.org/entity/Q253019,Wetzendorf,Ortsteil,,D,blue
1665,http://www.wikidata.org/entity/Q2567302,https://de.wikipedia.org/wiki/WiSo-F%C3%BChrungskr%C3%A4fte-Akademie_N%C3%BCrnberg,Point(11.112777777 49.475833333),3.541,49.475833333333,11.112777777778,1,http://www.wikidata.org/entity/Q2169973,WiSo-Führungskräfte-Akademie Nürnberg,service provider,,D,blue
1667,http://www.wikidata.org/entity/Q2596363,https://de.wikipedia.org/wiki/W%C3%B6hrder_Tor,Point(11.0893 49.4555),0.886,49.4555,11.0893,1,http://www.wikidata.org/entity/Q811979,Q2596363,architectural structure,,D,blue
1668,http://www.wikidata.org/entity/Q15059652,https://de.wikipedia.org/wiki/Sahlmannvilla,Point(10.9914499 49.4711866),6.496,49.4711866,10.9914499,1,http://www.wikidata.org/entity/Q3950,Q15059652,villa,,D,blue
1669,http://www.wikidata.org/entity/Q15805403,https://de.wikipedia.org/wiki/Deutsche_Dreiband-Meisterschaft_1954,Point(11.077778 49.452778),0.126,49.452778,11.077778,1,http://www.wikidata.org/entity/Q27020041,Q15805403,sports season,,D,blue
1670,http://www.wikidata.org/entity/Q15835872,https://de.wikipedia.org/wiki/Museum_Frauenkultur,Point(10.9259 49.487),11.543,49.487,10.9259,1,http://www.wikidata.org/entity/Q33506,Q15835872,museum,,D,blue
1672,http://www.wikidata.org/entity/Q16216481,https://de.wikipedia.org/wiki/K%C3%B6nigsm%C3%BChle_(Erlangen),Point(10.9857 49.5399),11.63,49.5399,10.9857,1,http://www.wikidata.org/entity/Q253019,Königsmühle,Ortsteil,,D,blue
1675,http://www.wikidata.org/entity/Q16292799,https://de.wikipedia.org/wiki/Rennweg_72_(N%C3%BCrnberg),Point(11.099001 49.462762),1.854,49.462762,11.099001,1,http://www.wikidata.org/entity/Q811979,Q16292799,architectural structure,,D,blue
1676,http://www.wikidata.org/entity/Q17577648,https://de.wikipedia.org/wiki/Liste_der_h%C3%B6chsten_Bauwerke_in_N%C3%BCrnberg,Point(11.063147 49.4482),1.202,49.4482,11.063147,1,http://www.wikidata.org/entity/Q13406463,Q17577648,Wikimedia list article,,D,blue
1677,http://www.wikidata.org/entity/Q18018310,https://de.wikipedia.org/wiki/Altes_Schl%C3%B6sschen_(Zirndorf),Point(10.954382 49.442292),8.978,49.442292,10.954382,1,http://www.wikidata.org/entity/Q811979,Q18018310,architectural structure,,D,blue
1678,http://www.wikidata.org/entity/Q18020928,https://de.wikipedia.org/wiki/Holsteinbruch,Point(11.1059 49.37538),8.969,49.37538,11.1059,1,http://www.wikidata.org/entity/Q188040,Holsteinbruch,quarry,,D,blue
1683,http://www.wikidata.org/entity/Q18028959,https://de.wikipedia.org/wiki/Unterf%C3%BCrberg,Point(10.9577 49.4722),8.88,49.4722,10.9577,1,http://www.wikidata.org/entity/Q253019,Unterfürberg,Ortsteil,,D,blue
1685,http://www.wikidata.org/entity/Q18288271,https://de.wikipedia.org/wiki/Ludwig_Erhard_Zentrum,Point(10.98849 49.47714),6.919,49.47714,10.98849,1,http://www.wikidata.org/entity/Q33506,Ludwig Erhard Center,museum,,D,blue
1686,http://www.wikidata.org/entity/Q19308547,https://de.wikipedia.org/wiki/Schaftnach,Point(11.0798 49.3225),14.608,49.3225,11.0798,1,http://www.wikidata.org/entity/Q253019,Schaftnach,Ortsteil,,D,blue
1688,http://www.wikidata.org/entity/Q19885466,https://de.wikipedia.org/wiki/Burgstall_Braunsbach,Point(11.01984119 49.50046921),6.639,49.50046921,11.01984119,1,http://www.wikidata.org/entity/Q811979,Q19885466,architectural structure,,D,blue
1689,http://www.wikidata.org/entity/Q19885475,https://de.wikipedia.org/wiki/Burg_Tennenlohe,Point(11.028399 49.548143),11.061,49.548143,11.028399,1,http://www.wikidata.org/entity/Q839954,Q19885475,archaeological site,,D,blue
1690,http://www.wikidata.org/entity/Q19962024,"https://de.wikipedia.org/wiki/Altenfurt,_Moorenbrunn",Point(11.0887 49.426),3.207,49.426,11.0887,1,http://www.wikidata.org/entity/Q28538792,"Altenfurt, Moorenbrunn",Q28538792,,D,blue
1691,http://www.wikidata.org/entity/Q19962104,https://de.wikipedia.org/wiki/Burgstall_Burgfarrnbach,Point(10.92453 49.486728),11.627,49.486728,10.92453,1,http://www.wikidata.org/entity/Q839954,Burgstall Burgfarrnbach,archaeological site,,D,blue
1692,http://www.wikidata.org/entity/Q19963228,https://de.wikipedia.org/wiki/Gustavstra%C3%9Fe,Point(10.98888874 49.47888947),6.968,49.47888947,10.98888874,1,http://www.wikidata.org/entity/Q79007,Q19963228,street,,D,blue
1693,http://www.wikidata.org/entity/Q19963596,https://de.wikipedia.org/wiki/J%C3%BCdisches_Kriegerdenkmal_(F%C3%BCrth),Point(10.994207 49.487558),7.076,49.487558,10.994207,1,http://www.wikidata.org/entity/Q575759,Kriegerdenkmal Erlanger Straße 99 in Fürth,war memorial,,D,blue
1694,http://www.wikidata.org/entity/Q19963736,"https://de.wikipedia.org/wiki/Katzwang,_Reichelsdorf_Ost,_Reichelsdorfer_Keller",Point(11.0575 49.35),11.638,49.35,11.0575,1,http://www.wikidata.org/entity/Q28538792,Q19963736,Q28538792,,D,blue
1695,http://www.wikidata.org/entity/Q19963770,"https://de.wikipedia.org/wiki/Kornburg,_Worzeldorf",Point(11.09944444 49.35583333),11.018,49.35583333,11.09944444,1,http://www.wikidata.org/entity/Q28538792,Q19963770,Q28538792,,D,blue
1696,http://www.wikidata.org/entity/Q19963783,"https://de.wikipedia.org/wiki/Krottenbach,_M%C3%BChlhof",Point(11.02982 49.362575),10.717,49.362575,11.02982,1,http://www.wikidata.org/entity/Q28538792,Q19963783,Q28538792,,D,blue
1697,http://www.wikidata.org/entity/Q19963810,https://de.wikipedia.org/wiki/Langwasser_Nordost,Point(11.13080025 49.41398239),5.885,49.41398239,11.13080025,1,http://www.wikidata.org/entity/Q28538792,Langwasser Nordost,Q28538792,,D,blue
1698,http://www.wikidata.org/entity/Q19963815,https://de.wikipedia.org/wiki/Langwasser_S%C3%BCdost,Point(11.14762306 49.40091324),7.781,49.40091324,11.14762306,1,http://www.wikidata.org/entity/Q28538792,Langwasser Südost,Q28538792,,D,blue
1699,http://www.wikidata.org/entity/Q19963813,https://de.wikipedia.org/wiki/Langwasser_Nordwest,Point(11.118955 49.410185),5.716,49.410185,11.118955,1,http://www.wikidata.org/entity/Q28538792,Langwasser Nordwest,Q28538792,,D,blue
1700,http://www.wikidata.org/entity/Q19963818,https://de.wikipedia.org/wiki/Langwasser_S%C3%BCdwest,Point(11.126723 49.396752),7.288,49.396752,11.126723,1,http://www.wikidata.org/entity/Q28538792,Q19963818,Q28538792,,D,blue
1701,http://www.wikidata.org/entity/Q19963938,https://de.wikipedia.org/wiki/Martin-Niem%C3%B6ller-Kirche,Point(11.128042 49.413398),5.807,49.413398,11.128042,1,http://www.wikidata.org/entity/Q16970,Q19963938,church building,,D,blue
1702,http://www.wikidata.org/entity/Q19964325,https://de.wikipedia.org/wiki/R%C3%B6thenbach_Ost,Point(11.036425 49.415818),5.161,49.415818,11.036425,1,http://www.wikidata.org/entity/Q28538792,Röthenbach Ost,Q28538792,,D,blue
1703,http://www.wikidata.org/entity/Q19964329,https://de.wikipedia.org/wiki/R%C3%B6thenbach_West,Point(11.0183363 49.42016602),5.676,49.42016602,11.0183363,1,http://www.wikidata.org/entity/Q28538792,Röthenbach West,Q28538792,,D,blue
1704,http://www.wikidata.org/entity/Q19968209,https://de.wikipedia.org/wiki/L%C3%A4nde_Frauenaurach,Point(10.97122002 49.5623703),14.29,49.5623703,10.97122002,1,http://www.wikidata.org/entity/Q58816330,Frauenaurach river port,river ferry pier,,D,blue
1705,http://www.wikidata.org/entity/Q20170684,https://de.wikipedia.org/wiki/Turmh%C3%BCgel_Beerbach,Point(11.208795 49.55818),14.989,49.55818,11.208795,1,http://www.wikidata.org/entity/Q92062,Turmhügel Beerbach,motte-and-bailey castle,,D,blue
1706,http://www.wikidata.org/entity/Q20180394,https://de.wikipedia.org/wiki/Flughafen_(N%C3%BCrnberg),Point(11.07678 49.49845),4.957,49.49845,11.07678,1,http://www.wikidata.org/entity/Q28538792,Flughafen,Q28538792,,D,blue
1707,http://www.wikidata.org/entity/Q20988118,https://de.wikipedia.org/wiki/Wikipedia:WikiCon_2011,Point(11.083338 49.45139),0.516,49.45139,11.083338,1,http://www.wikidata.org/entity/Q14204246,WikiCon 2011,Wikimedia project page,,D,blue
1709,http://www.wikidata.org/entity/Q21974520,https://de.wikipedia.org/wiki/Music_College,Point(11.09186 49.4573),1.119,49.4573,11.09186,1,http://www.wikidata.org/entity/Q6881511,Q21974520,enterprise,,D,blue
1710,http://www.wikidata.org/entity/Q23210613,https://de.wikipedia.org/wiki/Carl_Leidig,Point(11.078641 49.450363),0.402,49.450363,11.078641,1,http://www.wikidata.org/entity/Q6881511,Carl Leidig,enterprise,,D,blue
1711,http://www.wikidata.org/entity/Q658952,https://de.wikipedia.org/wiki/Sandachse_Franken,Point(11.1378 49.4875),5.753,49.4875,11.1378,1,http://www.wikidata.org/entity/Q170584,Q658952,project,,D,blue
1712,http://www.wikidata.org/entity/Q30261350,https://de.wikipedia.org/wiki/Helmholtz-Institut_Erlangen-N%C3%BCrnberg_f%C3%BCr_Erneuerbare_Energien,Point(11.026305555 49.571305555),13.566,49.571305555556,11.026305555556,1,http://www.wikidata.org/entity/Q31855,Helmholtz Institute Erlangen-Nürnberg,research institute,,D,blue
1713,http://www.wikidata.org/entity/Q40310642,https://de.wikipedia.org/wiki/Kunstgewerbeschule_N%C3%BCrnberg,Point(11.136472 49.446028),4.365,49.446028,11.136472,1,http://www.wikidata.org/entity/Q392376,Kunstgewerbeschule Nürnberg,Kunstgewerbeschule,,D,blue
1714,http://www.wikidata.org/entity/Q40941429,https://de.wikipedia.org/wiki/Beuthener_Stra%C3%9Fe,Point(11.140555555 49.420833333),5.866,49.420833333333,11.140555555556,1,http://www.wikidata.org/entity/Q1390618,Beuthener Straße,statistical district,,D,blue
1715,http://www.wikidata.org/entity/Q41411074,https://de.wikipedia.org/wiki/Arbeitersiedlung_Rangierbahnhof,Point(11.1034649 49.414732981),4.745,49.414732981683,11.103464900628,1,http://www.wikidata.org/entity/Q1516079,Q41411074,cultural heritage ensemble,,D,blue
1716,http://www.wikidata.org/entity/Q41411079,https://de.wikipedia.org/wiki/Ensemble_Gartenstadt_Werderau,Point(11.060711769 49.423312805),3.603,49.423312805542,11.060711769162,1,http://www.wikidata.org/entity/Q1516079,Q41411079,cultural heritage ensemble,,D,blue
1717,http://www.wikidata.org/entity/Q59567203,https://de.wikipedia.org/wiki/Oberweihersbuch,Point(10.99167 49.40477),8.255,49.40477,10.99167,1,http://www.wikidata.org/entity/Q253019,Oberweihersbuch,Ortsteil,,D,blue
1720,http://www.wikidata.org/entity/Q59567204,https://de.wikipedia.org/wiki/Unterweihersbuch,Point(10.99996 49.4116),7.305,49.4116,10.99996,1,http://www.wikidata.org/entity/Q253019,Unterweihersbuch,Ortsteil,,D,blue
1723,http://www.wikidata.org/entity/Q60680052,https://de.wikipedia.org/wiki/Ronwaldsiedlung,Point(10.98542 49.4952),8.073,49.4952,10.98542,1,http://www.wikidata.org/entity/Q3257686,Q60680052,locality,,D,blue
1724,http://www.wikidata.org/entity/Q62857869,https://de.wikipedia.org/wiki/Waldamt_Laurenzi,Point(11.237472222 49.437361111),11.724,49.437361111111,11.237472222222,1,http://www.wikidata.org/entity/Q1371288,Waldamt Laurenzi,vassal state,,D,blue
1728,http://www.wikidata.org/entity/Q1625561,https://de.wikipedia.org/wiki/Holzheim_(N%C3%BCrnberg),Point(11.0887 49.426),3.207,49.426,11.0887,1,http://www.wikidata.org/entity/Q253019,Holzheim,Ortsteil,,D,blue
1731,http://www.wikidata.org/entity/Q1784479,https://de.wikipedia.org/wiki/Korn_und_Berg,Point(11.076669 49.453816),0.046,49.453816,11.076669,1,http://www.wikidata.org/entity/Q43229,Q1784479,organization,,D,blue
1732,http://www.wikidata.org/entity/Q1802093,https://de.wikipedia.org/wiki/Landesarbeitsgericht_N%C3%BCrnberg,Point(11.0596 49.4533),1.281,49.4533,11.0596,1,http://www.wikidata.org/entity/Q1802087,Landesarbeitsgericht Nürnberg,Q1802087,,D,blue
1733,http://www.wikidata.org/entity/Q1850923,https://de.wikipedia.org/wiki/Liste_von_Sakralbauten_in_N%C3%BCrnberg,Point(11.080741 49.453437),0.254,49.453437,11.080741,1,http://www.wikidata.org/entity/Q16970,Religious buildings in Nuremberg,church building,,D,blue
1735,http://www.wikidata.org/entity/Q2009261,https://de.wikipedia.org/wiki/Oberb%C3%BCchlein,Point(10.9439 49.3947),11.678,49.3947,10.9439,1,http://www.wikidata.org/entity/Q253019,Oberbüchlein,Ortsteil,,D,blue
1737,http://www.wikidata.org/entity/Q2048208,https://de.wikipedia.org/wiki/Palmenhofbunker,Point(11.068652037 49.451071218),0.698,49.451071218105,11.068652037392,1,http://www.wikidata.org/entity/Q389959,Luftschutzbunker,air-raid shelter,,D,blue
1739,http://www.wikidata.org/entity/Q2095474,https://de.wikipedia.org/wiki/Pinder_Barracks,Point(10.9481 49.44),9.466,49.44,10.9481,1,http://www.wikidata.org/entity/Q18691599,Q2095474,military installation,,D,blue
1740,http://www.wikidata.org/entity/Q2098123,https://de.wikipedia.org/wiki/Planet_(Diskothek),Point(11.110708 49.47603),3.449,49.47603,11.110708,1,http://www.wikidata.org/entity/Q6881511,Q2098123,enterprise,,D,blue
1741,http://www.wikidata.org/entity/Q56114068,https://de.wikipedia.org/wiki/Schleusenw%C3%A4rterhaus_Schleuse_64_(N%C3%BCrnberg),Point(11.1127 49.36614),10.085,49.36614,11.1127,1,http://www.wikidata.org/entity/Q27685913,Q56114068,lock keeper's house,,D,blue
1743,http://www.wikidata.org/entity/Q56127157,https://de.wikipedia.org/wiki/310Klinik,Point(11.12068 49.48114),4.361,49.48114,11.12068,1,http://www.wikidata.org/entity/Q4287745,310Klinik,medical organization,,D,blue
1745,http://www.wikidata.org/entity/Q57307386,https://de.wikipedia.org/wiki/Veitsm%C3%BChle_(Veitsbronn),Point(10.891666666 49.507222222),14.664,49.507222222222,10.891666666667,1,http://www.wikidata.org/entity/Q3257686,Veitsmühle (Veitsbronn),locality,,D,blue
1746,http://www.wikidata.org/entity/Q57378762,https://de.wikipedia.org/wiki/Taubenhof_(Seukendorf),Point(10.891666666 49.485277777),13.86,49.485277777778,10.891666666667,1,http://www.wikidata.org/entity/Q253019,Taubenhof,Ortsteil,,D,blue
1749,http://www.wikidata.org/entity/Q57479090,https://de.wikipedia.org/wiki/Rehdorf_(Oberasbach),Point(10.95206 49.4144),10.063,49.4144,10.95206,1,http://www.wikidata.org/entity/Q253019,Rehdorf (Oberasbach),Ortsteil,,D,blue
1752,http://www.wikidata.org/entity/Q57558306,https://de.wikipedia.org/wiki/Oedenreuth,Point(10.91008 49.38069),14.578,49.38069,10.91008,1,http://www.wikidata.org/entity/Q253019,Oedenreuth,Ortsteil,,D,blue
1754,http://www.wikidata.org/entity/Q57558315,https://de.wikipedia.org/wiki/Kleinweismannsdorf,Point(10.93289 49.37953),13.321,49.37953,10.93289,1,http://www.wikidata.org/entity/Q253019,Kleinweismannsdorf,Ortsteil,,D,blue
1756,http://www.wikidata.org/entity/Q91307627,https://de.wikipedia.org/wiki/Haus_33,Point(11.069918 49.447744),0.865,49.447744,11.069918,1,http://www.wikidata.org/entity/Q2399482,Haus 33,techno club,,D,blue
1757,http://www.wikidata.org/entity/Q96467933,https://de.wikipedia.org/wiki/Amtsgericht_Eichst%C3%A4tt,Point(11.046694444 49.453972222),2.212,49.453972222222,11.046694444444,1,http://www.wikidata.org/entity/Q480477,Amtsgericht Eichstätt,Local court (Germany),,D,blue
1758,http://www.wikidata.org/entity/Q97147261,https://de.wikipedia.org/wiki/Erler-Klinik,Point(11.067555555 49.453388888),0.706,49.453388888889,11.067555555556,1,http://www.wikidata.org/entity/Q1813474,Clinics Dr. Erler,teaching hospital,,D,blue
1761,http://www.wikidata.org/entity/Q2099893,https://de.wikipedia.org/wiki/Pl%C3%A4rrer-Automat,Point(11.065 49.448333333),1.081,49.448333333333,11.065,1,http://www.wikidata.org/entity/Q811979,Q2099893,architectural structure,,D,blue
1762,http://www.wikidata.org/entity/Q2125108,https://de.wikipedia.org/wiki/Rabus_(N%C3%BCrnberg),Point(11.0887 49.426),3.207,49.426,11.0887,1,http://www.wikidata.org/entity/Q2983893,Rabus,quarter,,D,blue
1763,http://www.wikidata.org/entity/Q2168365,https://de.wikipedia.org/wiki/Roter_B%C3%BChl,Point(11.0887 49.426),3.207,49.426,11.0887,1,http://www.wikidata.org/entity/Q2983893,Roter Bühl,quarter,,D,blue
1765,http://www.wikidata.org/entity/Q2168814,https://de.wikipedia.org/wiki/Rotkreuz-Museum_N%C3%BCrnberg,Point(11.0955363 49.4573976),1.375,49.4573976,11.0955363,1,http://www.wikidata.org/entity/Q33506,Red Cross Museum Nuremberg,museum,,D,blue
1766,http://www.wikidata.org/entity/Q2172226,https://de.wikipedia.org/wiki/Rudolf-Diesel-Fachschule,Point(11.0967 49.46517),1.883,49.46517,11.0967,1,http://www.wikidata.org/entity/Q1391465,Q2172226,Fachschule,,D,blue
1767,http://www.wikidata.org/entity/Q57567122,https://de.wikipedia.org/wiki/Kastenreuth_(Ro%C3%9Ftal),Point(10.91445 49.38751),13.899,49.38751,10.91445,1,http://www.wikidata.org/entity/Q253019,Kastenreuth (Roßtal),Ortsteil,,D,blue
1770,http://www.wikidata.org/entity/Q57594193,https://de.wikipedia.org/wiki/Sichersdorf,Point(10.9322 49.3935),12.457,49.3935,10.9322,1,http://www.wikidata.org/entity/Q253019,Sichersdorf,Ortsteil,,D,blue
1772,http://www.wikidata.org/entity/Q57594199,https://de.wikipedia.org/wiki/Gutzberg,Point(10.96752 49.39191),10.512,49.39191,10.96752,1,http://www.wikidata.org/entity/Q253019,Gutzberg,Ortsteil,,D,blue
1774,http://www.wikidata.org/entity/Q57635322,https://de.wikipedia.org/wiki/Unterb%C3%BCchlein,Point(10.95346 49.39395),11.163,49.39395,10.95346,1,http://www.wikidata.org/entity/Q253019,Unterbüchlein,Ortsteil,,D,blue
1776,http://www.wikidata.org/entity/Q57912559,https://de.wikipedia.org/wiki/St._Maximilian_Kolbe_(N%C3%BCrnberg),Point(11.1275 49.413888888),5.739,49.413888888889,11.1275,1,http://www.wikidata.org/entity/Q16970,Q57912559,church building,,D,blue
1777,http://www.wikidata.org/entity/Q57966602,https://de.wikipedia.org/wiki/Neum%C3%BChle_(Oberasbach),Point(10.99322 49.43257),6.524,49.43257,10.99322,1,http://www.wikidata.org/entity/Q253019,Neumühle (Oberasbach),Ortsteil,,D,blue
1780,http://www.wikidata.org/entity/Q58137456,https://de.wikipedia.org/wiki/Oberm%C3%BChle_(N%C3%BCrnberg),Point(11.00264 49.53257),10.278,49.53257,11.00264,1,http://www.wikidata.org/entity/Q3257686,Obermühle,locality,,D,blue
1781,http://www.wikidata.org/entity/Q58374686,https://de.wikipedia.org/wiki/Stadelhof_(F%C3%BCrth),Point(10.9716 49.49827),9.093,49.49827,10.9716,1,http://www.wikidata.org/entity/Q3257686,Stadelhof (Fürth),locality,,D,blue
1782,http://www.wikidata.org/entity/Q58415199,https://de.wikipedia.org/wiki/Bremenstall,Point(10.97986 49.49775),8.565,49.49775,10.97986,1,http://www.wikidata.org/entity/Q350895,Bremenstall,abandoned village,,D,blue
1783,http://www.wikidata.org/entity/Q59149138,https://de.wikipedia.org/wiki/Kressengarten,Point(11.09925 49.449916666),1.647,49.449916666667,11.09925,1,http://www.wikidata.org/entity/Q22674925,Kressengarten,former settlement,,D,blue
1784,http://www.wikidata.org/entity/Q59163469,https://de.wikipedia.org/wiki/Neubleiche,Point(11.098916666 49.447083333),1.735,49.447083333333,11.098916666667,1,http://www.wikidata.org/entity/Q22674925,Neubleiche,former settlement,,D,blue
1785,http://www.wikidata.org/entity/Q59163486,https://de.wikipedia.org/wiki/Vogelsgarten,Point(11.095777777 49.449305555),1.429,49.449305555556,11.095777777778,1,http://www.wikidata.org/entity/Q22674925,Vogelsgarten,former settlement,,D,blue
1786,http://www.wikidata.org/entity/Q59168724,https://de.wikipedia.org/wiki/Museum_f%C3%BCr_Soziale_Hygiene_(N%C3%BCrnberg),Point(11.076955 49.453412),0.057,49.453412,11.076955,1,http://www.wikidata.org/entity/Q33506,Q59168724,museum,,D,blue
1787,http://www.wikidata.org/entity/Q59168751,https://de.wikipedia.org/wiki/Fallh%C3%BCtte_(N%C3%BCrnberg),Point(11.096555555 49.437722222),2.272,49.437722222222,11.096555555556,1,http://www.wikidata.org/entity/Q22674925,Fallhütte,former settlement,,D,blue
1788,http://www.wikidata.org/entity/Q59168754,https://de.wikipedia.org/wiki/D%C3%BCrrenhof_(N%C3%BCrnberg),Point(11.09701 49.44842),1.548,49.44842,11.09701,1,http://www.wikidata.org/entity/Q22674925,Dürrenhof,former settlement,,D,blue
1789,http://www.wikidata.org/entity/Q59168755,https://de.wikipedia.org/wiki/Haderm%C3%BChle_(N%C3%BCrnberg),Point(11.087777777 49.449722222),0.887,49.449722222222,11.087777777778,1,http://www.wikidata.org/entity/Q22674925,Hadermühle,former settlement,,D,blue
1790,http://www.wikidata.org/entity/Q59168752,https://de.wikipedia.org/wiki/Forsthof_(N%C3%BCrnberg),Point(11.098861111 49.440722222),2.137,49.440722222222,11.098861111111,1,http://www.wikidata.org/entity/Q22674925,Forsthof,former settlement,,D,blue
1791,http://www.wikidata.org/entity/Q59168757,https://de.wikipedia.org/wiki/Sandb%C3%BChl_(N%C3%BCrnberg),Point(11.09499 49.44929),1.377,49.44929,11.09499,1,http://www.wikidata.org/entity/Q22674925,Sandbühl,former settlement,,D,blue
1792,http://www.wikidata.org/entity/Q98630397,https://de.wikipedia.org/wiki/Stadtgraben_(N%C3%BCrnberg),Point(11.074517769 49.458760133),0.579,49.458760133777,11.074517769398,1,http://www.wikidata.org/entity/Q192810,Stadtgraben Tiergärtnertor in Nürnberg,graben,,D,blue
1793,http://www.wikidata.org/entity/Q98630477,https://de.wikipedia.org/wiki/Hallertor,Point(11.070763862 49.454328641),0.475,49.454328641112,11.070763862696,1,http://www.wikidata.org/entity/Q12518,Turm Nähe Hallertor in Nürnberg,tower,,D,blue
1794,http://www.wikidata.org/entity/Q135435581,https://de.wikipedia.org/wiki/Weiherhaus_(R%C3%B6thenbach_bei_Schweinau),Point(11.02237 49.41336),6.006,49.41336,11.02237,1,http://www.wikidata.org/entity/Q350895,Q135435581,abandoned village,,D,blue
1795,http://www.wikidata.org/entity/Q135439175,https://de.wikipedia.org/wiki/Rennm%C3%BChle,Point(11.05595 49.33285),13.545,49.33285,11.05595,1,http://www.wikidata.org/entity/Q253019,Q135439175,Ortsteil,,D,blue
1797,http://www.wikidata.org/entity/Q135439551,https://de.wikipedia.org/wiki/Rohrersm%C3%BChle,Point(11.03394 49.33027),14.097,49.33027,11.03394,1,http://www.wikidata.org/entity/Q253019,Q135439551,Ortsteil,,D,blue
1799,http://www.wikidata.org/entity/Q135439777,https://de.wikipedia.org/wiki/R%C3%B6%C3%9Fleinsm%C3%BChle,Point(11.04892 49.33046),13.875,49.33046,11.04892,1,http://www.wikidata.org/entity/Q253019,Q135439777,Ortsteil,,D,blue
1801,http://www.wikidata.org/entity/Q135447160,https://de.wikipedia.org/wiki/Wasenmeisterei_(Schwabach),Point(11.03992 49.32954),14.087,49.32954,11.03992,1,http://www.wikidata.org/entity/Q350895,Q135447160,abandoned village,,D,blue
1802,http://www.wikidata.org/entity/Q135447255,https://de.wikipedia.org/wiki/Ziegelh%C3%BCtte_auf_dem_Eichwasen,Point(11.01085 49.34182),13.355,49.34182,11.01085,1,http://www.wikidata.org/entity/Q350895,Q135447255,abandoned village,,D,blue
1803,http://www.wikidata.org/entity/Q135447332,https://de.wikipedia.org/wiki/Ziegelh%C3%BCtte_am_Reichenbacherweg,Point(11.00598 49.32865),14.849,49.32865,11.00598,1,http://www.wikidata.org/entity/Q350895,Q135447332,abandoned village,,D,blue
1804,http://www.wikidata.org/entity/Q135496043,https://de.wikipedia.org/wiki/W%C3%B6hrder_Kirchhof,Point(11.10344 49.45828),1.952,49.45828,11.10344,1,http://www.wikidata.org/entity/Q350895,Q135496043,abandoned village,,D,blue
1805,http://www.wikidata.org/entity/Q135649106,https://de.wikipedia.org/wiki/Vogelherd_(N%C3%BCrnberg),Point(11.10078 49.48033),3.396,49.48033,11.10078,1,http://www.wikidata.org/entity/Q350895,Q135649106,abandoned village,,D,blue
1806,http://www.wikidata.org/entity/Q135915419,https://de.wikipedia.org/wiki/St%C3%A4lle_vor_dem_Frauentor,Point(11.08366 49.4484),0.763,49.4484,11.08366,1,http://www.wikidata.org/entity/Q350895,Q135915419,abandoned village,,D,blue
1807,http://www.wikidata.org/entity/Q136089681,https://de.wikipedia.org/wiki/Felsen_bei_Stein,Point(11.0162 49.41734),6.001,49.41734,11.0162,1,http://www.wikidata.org/entity/Q350895,Q136089681,abandoned village,,D,blue
1808,http://www.wikidata.org/entity/Q136100658,https://de.wikipedia.org/wiki/Neuhaus_(N%C3%BCrnberg),Point(11.08518 49.47738),2.675,49.47738,11.08518,1,http://www.wikidata.org/entity/Q350895,Q136100658,abandoned village,,D,blue
1809,http://www.wikidata.org/entity/Q98606743,https://de.wikipedia.org/wiki/Obstmarkt-Bunker,Point(11.078617836 49.454740171),0.136,49.454740171866,11.078617836544,1,http://www.wikidata.org/entity/Q811979,Obstmarkt-Bunker,architectural structure,,D,blue
1811,http://www.wikidata.org/entity/Q43380619,https://de.wikipedia.org/wiki/Weihnachtsmarkt_(F%C3%BCrth),Point(10.99218 49.47175),6.464,49.47175,10.99218,1,http://www.wikidata.org/entity/Q57607,Q43380619,Christmas market,,D,blue
1812,http://www.wikidata.org/entity/Q44444854,https://de.wikipedia.org/wiki/Ludwig-Scholz-Br%C3%BCcke,Point(11.0375569 49.4227892),4.495,49.4227892,11.0375569,1,http://www.wikidata.org/entity/Q537127,Ludwig-Scholz-Brücke,road bridge,,D,blue
1814,http://www.wikidata.org/entity/Q46162651,https://de.wikipedia.org/wiki/S%C3%BCdstadtpark_(F%C3%BCrth),Point(10.99749 49.46032),5.813,49.46032,10.99749,1,http://www.wikidata.org/entity/Q22698,Südstadtpark,park,,D,blue
1815,http://www.wikidata.org/entity/Q46285842,https://de.wikipedia.org/wiki/Alter_Flughafen_Atzenhof,Point(10.955277777 49.497777777),10.077,49.497777777778,10.955277777778,1,http://www.wikidata.org/entity/Q253019,Q46285842,Ortsteil,,D,blue
1816,http://www.wikidata.org/entity/Q48370807,https://de.wikipedia.org/wiki/Hermann-Stamm-Realschule,Point(11.010378 49.32673),14.943,49.32673,11.010378,1,http://www.wikidata.org/entity/Q667471,Q48370807,Realschule,,D,blue
1817,http://www.wikidata.org/entity/Q50201438,https://de.wikipedia.org/wiki/Meisengeige,Point(11.08339 49.45611),0.506,49.45611,11.08339,1,http://www.wikidata.org/entity/Q41253,Q50201438,movie theater,,D,blue
1818,http://www.wikidata.org/entity/Q52404082,https://de.wikipedia.org/wiki/Bertelsdorf_(Stein),Point(10.995277777 49.393055555),8.995,49.393055555556,10.995277777778,1,http://www.wikidata.org/entity/Q253019,Bertelsdorf (Stein),Ortsteil,,D,blue
1821,http://www.wikidata.org/entity/Q52404087,https://de.wikipedia.org/wiki/Eckershof_(Stein),Point(10.988055555 49.388888888),9.689,49.388888888889,10.988055555556,1,http://www.wikidata.org/entity/Q253019,Eckershof (Stein),Ortsteil,,D,blue
1823,http://www.wikidata.org/entity/Q52458362,https://de.wikipedia.org/wiki/Leitelshof,Point(10.943333333 49.357222222),14.472,49.357222222222,10.943333333333,1,http://www.wikidata.org/entity/Q253019,Leitelshof,Ortsteil,,D,blue
1826,http://www.wikidata.org/entity/Q52458364,https://de.wikipedia.org/wiki/Hengdorf,Point(10.966944444 49.371944444),12.112,49.371944444444,10.966944444444,1,http://www.wikidata.org/entity/Q253019,Hengdorf,Ortsteil,,D,blue
1829,http://www.wikidata.org/entity/Q52458365,https://de.wikipedia.org/wiki/G%C3%B6ckenhof,Point(10.980555555 49.373055555),11.39,49.373055555556,10.980555555556,1,http://www.wikidata.org/entity/Q253019,Göckenhof,Ortsteil,,D,blue
1832,http://www.wikidata.org/entity/Q52545279,https://de.wikipedia.org/wiki/Zwieselhof,Point(10.954166666 49.376944444),12.349,49.376944444444,10.954166666667,1,http://www.wikidata.org/entity/Q253019,Zwieselhof,Ortsteil,,D,blue
1835,http://www.wikidata.org/entity/Q52589174,https://de.wikipedia.org/wiki/Wildenbergen,Point(10.96 49.347777777),14.533,49.347777777778,10.96,1,http://www.wikidata.org/entity/Q253019,Wildenbergen,Ortsteil,,D,blue
1838,http://www.wikidata.org/entity/Q52702387,https://de.wikipedia.org/wiki/Raubershof,Point(11.018611111 49.353333333),11.958,49.353333333333,11.018611111111,1,http://www.wikidata.org/entity/Q253019,Raubershof,Ortsteil,,D,blue
1841,http://www.wikidata.org/entity/Q52865419,https://de.wikipedia.org/wiki/Unterbaimbach,Point(10.999166666 49.357777777),12.088,49.357777777778,10.999166666667,1,http://www.wikidata.org/entity/Q253019,Unterbaimbach,Ortsteil,,D,blue
1844,http://www.wikidata.org/entity/Q53293987,https://de.wikipedia.org/wiki/Glasersberg,Point(11.11594 49.37039),9.694,49.37039,11.11594,1,http://www.wikidata.org/entity/Q3257686,Glasersberg,locality,,D,blue
1845,http://www.wikidata.org/entity/Q53410106,https://de.wikipedia.org/wiki/Allerheiligen_(Wendelstein),Point(11.108055555 49.345555555),12.248,49.345555555556,11.108055555556,1,http://www.wikidata.org/entity/Q3257686,Allerheiligen (Wendelstein),locality,,D,blue
1846,http://www.wikidata.org/entity/Q2009267,,Point(11.155138888 49.469722222),5.895,49.469722222222,11.155138888889,1,http://www.wikidata.org/entity/Q16823155,Schloss Oberbürg,Schloss,,D,blue
1850,http://www.wikidata.org/entity/Q5059903,,Point(11.0791 49.4561),0.28,49.4561,11.0791,1,http://www.wikidata.org/entity/Q43229,Center for Transportation and Logistics Neuer Adler,organization,https://en.wikipedia.org/wiki/Center_for_Transportation_and_Logistics_Neuer_Adler,D,blue
1851,http://www.wikidata.org/entity/Q7070168,,Point(10.992778 49.456615),6.117,49.456615,10.992778,1,http://www.wikidata.org/entity/Q9826,Nurnberg American High School,high school,https://en.wikipedia.org/wiki/N%C3%BCrnberg_American_High_School,D,blue
1853,http://www.wikidata.org/entity/Q16979066,,Point(11.115 49.41722222),4.903,49.41722222,11.115,1,http://www.wikidata.org/entity/Q1378975,Messezentrum Nuremberg,convention center,https://en.wikipedia.org/wiki/Messezentrum_Nuremberg,D,blue
1854,http://www.wikidata.org/entity/Q19759109,,Point(11.0761561 49.4509867),0.331,49.4509867,11.0761561,1,http://www.wikidata.org/entity/Q860861,Large Totem Head,sculpture,,D,blue
1855,http://www.wikidata.org/entity/Q19962064,,Point(11.14067 49.420766),5.878,49.420766,11.14067,1,http://www.wikidata.org/entity/Q28538792,Beuthener Straße,Q28538792,,D,blue
1856,http://www.wikidata.org/entity/Q20458895,,Point(11.174166666 49.381388333),10.679,49.381388333333,11.174166666667,1,http://www.wikidata.org/entity/Q502074,Eisenach-Kindel Heliport,heliport,,D,blue
1858,http://www.wikidata.org/entity/Q28681735,,Point(10.92741 49.48598),11.404,49.48598,10.92741,1,http://www.wikidata.org/entity/Q7075,Stadtbibliothek Fürth,library,,D,blue
1859,http://www.wikidata.org/entity/Q28738735,,Point(11.07436 49.4455),0.955,49.4455,11.07436,1,http://www.wikidata.org/entity/Q13866185,Library of DB Museum Nürnberg,museum library,,D,blue
1860,http://www.wikidata.org/entity/Q28841781,,Point(11.07106 49.44556),1.028,49.44556,11.07106,1,http://www.wikidata.org/entity/Q573607,Q28841781,revenue service,,D,blue
1861,http://www.wikidata.org/entity/Q30300063,,Point(11.08143889 49.45439167),0.305,49.45439167,11.08143889,1,http://www.wikidata.org/entity/Q2668072,Bernsteinmuseum,collection,,D,blue
1863,http://www.wikidata.org/entity/Q30604920,,Point(11.262 49.4794),13.645,49.4794,11.262,1,http://www.wikidata.org/entity/Q54050,Steinberg,hill,,D,blue
1864,http://www.wikidata.org/entity/Q30604946,,Point(11.2418 49.42423),12.342,49.42423,11.2418,1,http://www.wikidata.org/entity/Q54050,Netzstaller Rangen,hill,,D,blue
1865,http://www.wikidata.org/entity/Q30604997,,Point(11.23609 49.40697),12.612,49.40697,11.23609,1,http://www.wikidata.org/entity/Q54050,Büchleinsberg,hill,,D,blue
1867,http://www.wikidata.org/entity/Q30605025,,Point(11.23708 49.49531),12.43,49.49531,11.23708,1,http://www.wikidata.org/entity/Q54050,Bug,hill,,D,blue
1868,http://www.wikidata.org/entity/Q30605056,,Point(11.24983 49.5054),13.718,49.5054,11.24983,1,http://www.wikidata.org/entity/Q54050,Schmalzberg,hill,,D,blue
1869,http://www.wikidata.org/entity/Q30605085,,Point(11.21734 49.52039),12.531,49.52039,11.21734,1,http://www.wikidata.org/entity/Q54050,Hinterer Steinberg,hill,,D,blue
1870,http://www.wikidata.org/entity/Q30605116,,Point(11.2212 49.5482),14.764,49.5482,11.2212,1,http://www.wikidata.org/entity/Q54050,Ochsenkopf,hill,,D,blue
1871,http://www.wikidata.org/entity/Q30605145,,Point(11.24026 49.53621),14.911,49.53621,11.24026,1,http://www.wikidata.org/entity/Q54050,Nuschelberg Ebene,hill,,D,blue
1872,http://www.wikidata.org/entity/Q30650144,,Point(11.15718 49.51328),8.771,49.51328,11.15718,1,http://www.wikidata.org/entity/Q54050,Haidberg,hill,,D,blue
1873,http://www.wikidata.org/entity/Q30652119,,Point(11.10439 49.54902),10.759,49.54902,11.10439,1,http://www.wikidata.org/entity/Q54050,Kahlberg,hill,,D,blue
1875,http://www.wikidata.org/entity/Q30656226,,Point(11.05568 49.54363),10.102,49.545555555556,11.052777777778,1,http://www.wikidata.org/entity/Q54050,Gründlacher Berg,hill,,D,blue
1877,http://www.wikidata.org/entity/Q30660240,,Point(11.20524 49.40826),10.551,49.4089,11.2085,1,http://www.wikidata.org/entity/Q54050,Hutberg,hill,,D,blue
1879,http://www.wikidata.org/entity/Q30681501,,Point(11.11586 49.37026),9.706,49.37026,11.11586,1,http://www.wikidata.org/entity/Q54050,Glasersberg,hill,,D,blue
1880,http://www.wikidata.org/entity/Q30705666,,Point(11.182222222 49.538611111),12.091,49.538611111111,11.182222222222,1,http://www.wikidata.org/entity/Q54050,Beigels Berg,hill,,D,blue
1881,http://www.wikidata.org/entity/Q30732504,,Point(11.19814 49.45014),8.745,49.450555555556,11.198611111111,1,http://www.wikidata.org/entity/Q54050,Hirschenkopf,hill,,D,blue
1883,http://www.wikidata.org/entity/Q30734959,,Point(11.11937 49.56223),12.425,49.562222222222,11.119722222222,1,http://www.wikidata.org/entity/Q54050,Hirschberg,hill,,D,blue
1885,http://www.wikidata.org/entity/Q30752265,,Point(11.00994 49.36191),11.327,49.36191,11.00994,1,http://www.wikidata.org/entity/Q54050,Heroldsberg,hill,,D,blue
1887,http://www.wikidata.org/entity/Q30755368,,Point(10.94148 49.45401),9.817,49.466666666667,10.933333333333,1,http://www.wikidata.org/entity/Q54050,Hensenberg,hill,,D,blue
1889,http://www.wikidata.org/entity/Q30783193,,Point(11.1183 49.38952),7.745,49.4,11.116666666667,1,http://www.wikidata.org/entity/Q54050,Eichenbühl,hill,,D,blue
1891,http://www.wikidata.org/entity/Q30785265,,Point(11.16164 49.47857),6.685,49.478611111111,11.161111111111,1,http://www.wikidata.org/entity/Q54050,Eichelberg,hill,,D,blue
1893,http://www.wikidata.org/entity/Q30785365,,Point(10.92448 49.41569),11.837,49.41569,10.92448,1,http://www.wikidata.org/entity/Q54050,Eichelberg,hill,,D,blue
1894,http://www.wikidata.org/entity/Q30797061,,Point(11.05038 49.56028),11.99,49.56028,11.05038,1,http://www.wikidata.org/entity/Q54050,Dornberg,hill,,D,blue
1896,http://www.wikidata.org/entity/Q30806690,,Point(11.22541 49.49274),11.541,49.49274,11.22541,1,http://www.wikidata.org/entity/Q54050,Dachsberg,hill,,D,blue
1897,http://www.wikidata.org/entity/Q30814416,,Point(11.12959 49.51164),7.452,49.51164,11.12959,1,http://www.wikidata.org/entity/Q54050,Buchenbühl,hill,,D,blue
1899,http://www.wikidata.org/entity/Q30815962,,Point(11.23468 49.51041),12.991,49.51041,11.23468,1,http://www.wikidata.org/entity/Q54050,Buchberg,hill,,D,blue
1900,http://www.wikidata.org/entity/Q30816801,,Point(11.23747 49.43707),11.729,49.43707,11.23747,1,http://www.wikidata.org/entity/Q54050,Brunner Berg,hill,,D,blue
1901,http://www.wikidata.org/entity/Q31289608,,Point(10.88602 49.42844),14.115,49.42844,10.88602,1,http://www.wikidata.org/entity/Q54050,Weinberg,hill,,D,blue
1902,http://www.wikidata.org/entity/Q31296581,,Point(11.03935 49.55985),12.098,49.55985,11.03935,1,http://www.wikidata.org/entity/Q54050,Turmberg,hill,,D,blue
1904,http://www.wikidata.org/entity/Q31307049,,Point(11.12915 49.54691),11.002,49.54691,11.12915,1,http://www.wikidata.org/entity/Q54050,Mistelberg,hill,,D,blue
1905,http://www.wikidata.org/entity/Q31309974,,Point(11.23687 49.51925),13.627,49.51925,11.23687,1,http://www.wikidata.org/entity/Q54050,Steinberg,hill,,D,blue
1906,http://www.wikidata.org/entity/Q31316355,,Point(11.02202 49.49013),5.675,49.483333333333,11.016666666667,1,http://www.wikidata.org/entity/Q54050,Lerchenbühl,hill,,D,blue
1908,http://www.wikidata.org/entity/Q31335902,,Point(10.935 49.5425),14.238,49.5425,10.935,1,http://www.wikidata.org/entity/Q54050,Kohlberg,hill,,D,blue
1909,http://www.wikidata.org/entity/Q31337617,,Point(11.03657 49.33751),13.27,49.33751,11.03657,1,http://www.wikidata.org/entity/Q54050,Sandbuck,hill,,D,blue
1910,http://www.wikidata.org/entity/Q31351632,,Point(11.2 49.55),13.883,49.55,11.2,1,http://www.wikidata.org/entity/Q54050,Kirchen-Berg,hill,,D,blue
1911,http://www.wikidata.org/entity/Q31351970,,Point(11.00865 49.36837),10.726,49.36837,11.00865,1,http://www.wikidata.org/entity/Q54050,Rotenberg,hill,,D,blue
1912,http://www.wikidata.org/entity/Q31361196,,Point(11.25 49.416666666),13.155,49.416666666667,11.25,1,http://www.wikidata.org/entity/Q54050,Ranken,hill,,D,blue
1913,http://www.wikidata.org/entity/Q31996636,,Point(11.05 49.383333333),8.088,49.383333333333,11.05,1,http://www.wikidata.org/entity/Q4421,Entengraben,forest,,D,blue
1914,http://www.wikidata.org/entity/Q32004186,,Point(11.214444444 49.375833333),13.18,49.375833333333,11.214444444444,1,http://www.wikidata.org/entity/Q253019,Feucht,Ortsteil,,D,blue
1916,http://www.wikidata.org/entity/Q32050632,,Point(11.166666666 49.516666666),9.509,49.516666666667,11.166666666667,1,http://www.wikidata.org/entity/Q4421,Haid,forest,,D,blue
1917,http://www.wikidata.org/entity/Q32050637,,Point(11.159722222 49.511388888),8.738,49.511388888889,11.159722222222,1,http://www.wikidata.org/entity/Q124714,Haid-Brunnen,spring,,D,blue
1918,http://www.wikidata.org/entity/Q32057199,,Point(11.155555555 49.5325),10.41,49.5325,11.155555555556,1,http://www.wikidata.org/entity/Q253019,Heroldsberg,Ortsteil,,D,blue
1920,http://www.wikidata.org/entity/Q32087344,,Point(11.133333333 49.383333333),8.829,49.383333333333,11.133333333333,1,http://www.wikidata.org/entity/Q4421,Langeweg,forest,,D,blue
1922,http://www.wikidata.org/entity/Q32201501,,Point(10.90891 49.53117),14.892,49.53117,10.90891,1,http://www.wikidata.org/entity/Q253019,Obermichelbach,Ortsteil,,D,blue
1925,http://www.wikidata.org/entity/Q32211475,,Point(11.116666666 49.366666666),10.106,49.366666666667,11.116666666667,1,http://www.wikidata.org/entity/Q4421,Otterlach,forest,,D,blue
1926,http://www.wikidata.org/entity/Q32222731,,Point(10.9 49.466666666),12.892,49.466666666667,10.9,1,http://www.wikidata.org/entity/Q4421,Pfalzhaus,forest,,D,blue
1927,http://www.wikidata.org/entity/Q32276261,,Point(11.25 49.45),12.491,49.45,11.25,1,http://www.wikidata.org/entity/Q4421,Salzlecke,forest,,D,blue
1928,http://www.wikidata.org/entity/Q32292364,,Point(11.216666666 49.416666666),10.893,49.416666666667,11.216666666667,1,http://www.wikidata.org/entity/Q4421,Schwarzlach,forest,,D,blue
1929,http://www.wikidata.org/entity/Q32302319,,Point(10.984444444 49.571666666),14.713,49.571666666667,10.984444444444,1,http://www.wikidata.org/entity/Q4022,Bach-Graben,river,,D,blue
1930,http://www.wikidata.org/entity/Q32751190,,Point(11.065 49.531666666),8.695,49.531666666667,11.065,1,http://www.wikidata.org/entity/Q4022,Escher Graben,river,,D,blue
1931,http://www.wikidata.org/entity/Q33158814,,Point(10.98736 49.478),7.031,49.478,10.98736,1,http://www.wikidata.org/entity/Q13221722,Kreisfreie Stadt Fürth,third-level administrative division,,D,blue
1932,http://www.wikidata.org/entity/Q33369995,,Point(11.22 49.451666666),10.318,49.451666666667,11.22,1,http://www.wikidata.org/entity/Q4421,Drei Höhen,forest,,D,blue
1933,http://www.wikidata.org/entity/Q33376030,,Point(11.183333333 49.383333333),10.97,49.383333333333,11.183333333333,1,http://www.wikidata.org/entity/Q4421,Feuchtenhöhe,forest,,D,blue
1934,http://www.wikidata.org/entity/Q33386631,,Point(11.216666666 49.366666666),13.988,49.366666666667,11.216666666667,1,http://www.wikidata.org/entity/Q4421,Kirchbühl,forest,,D,blue
1935,http://www.wikidata.org/entity/Q33399125,,Point(11.268333333 49.466666666),13.879,49.466666666667,11.268333333333,1,http://www.wikidata.org/entity/Q4421,Soos,forest,,D,blue
1936,http://www.wikidata.org/entity/Q33399661,,Point(11.240555555 49.532222222),14.66,49.532222222222,11.240555555556,1,http://www.wikidata.org/entity/Q4421,Spital Holz,forest,,D,blue
1937,http://www.wikidata.org/entity/Q33403793,,Point(10.878611111 49.430555555),14.597,49.430555555556,10.878611111111,1,http://www.wikidata.org/entity/Q4421,Streitlach,forest,,D,blue
1938,http://www.wikidata.org/entity/Q33407548,,Point(11.25 49.383333333),14.75,49.383333333333,11.25,1,http://www.wikidata.org/entity/Q4421,Thanersteig,forest,,D,blue
1939,http://www.wikidata.org/entity/Q33413695,,Point(11.146111111 49.575833333),14.442,49.575833333333,11.146111111111,1,http://www.wikidata.org/entity/Q4421,Weidlach,forest,,D,blue
1940,http://www.wikidata.org/entity/Q33414355,,Point(10.883333333 49.433333333),14.207,49.433333333333,10.883333333333,1,http://www.wikidata.org/entity/Q4421,Weißersee,forest,,D,blue
1941,http://www.wikidata.org/entity/Q33514703,,Point(11.15069 49.3523),12.48,49.3523,11.15069,1,http://www.wikidata.org/entity/Q253019,Wendelstein,Ortsteil,,D,blue
1943,http://www.wikidata.org/entity/Q34380847,,Point(11.08341 49.44942),0.663,49.44942,11.08341,1,http://www.wikidata.org/entity/Q19860854,Phoebus-Palast,destroyed building or structure,,D,blue
1945,http://www.wikidata.org/entity/Q34853259,,Point(11.033333333 49.583333333),14.74,49.583333333333,11.033333333333,1,http://www.wikidata.org/entity/Q4022,Weißensee Graben,river,,D,blue
1946,http://www.wikidata.org/entity/Q35265497,,Point(11.25 49.466666666),12.562,49.466666666667,11.25,1,http://www.wikidata.org/entity/Q47521,Roggenbach,stream,,D,blue
1947,http://www.wikidata.org/entity/Q41247411,,Point(11.077642356 49.453037127),0.096,49.453037127066,11.077642356088,1,http://www.wikidata.org/entity/Q1516079,Q41247411,cultural heritage ensemble,,D,blue
1948,http://www.wikidata.org/entity/Q41247415,,Point(11.07524758 49.457870878),0.469,49.457870878063,11.075247580068,1,http://www.wikidata.org/entity/Q1516079,Q41247415,cultural heritage ensemble,,D,blue
1949,http://www.wikidata.org/entity/Q41247423,,Point(11.077797071 49.458253316),0.488,49.458253316575,11.077797071826,1,http://www.wikidata.org/entity/Q1516079,Kaiserstallung,cultural heritage ensemble,,D,blue
1950,http://www.wikidata.org/entity/Q41247438,,Point(11.081000733 49.453005654),0.284,49.453005654525,11.081000733151,1,http://www.wikidata.org/entity/Q1516079,"Mauerturm, Vordere Insel Schütt 1",cultural heritage ensemble,,D,blue
1951,http://www.wikidata.org/entity/Q41247441,,Point(11.080944293 49.452690193),0.294,49.452690193143,11.080944293927,1,http://www.wikidata.org/entity/Q1516079,Schuldturm,cultural heritage ensemble,,D,blue
1952,http://www.wikidata.org/entity/Q41247444,,Point(11.07825 49.45857),0.527,49.45857,11.07825,1,http://www.wikidata.org/entity/Q1516079,Vestnertormauer,cultural heritage ensemble,,D,blue
1953,http://www.wikidata.org/entity/Q41247448,,Point(11.085330175 49.459100573),0.822,49.459100573016,11.085330175928,1,http://www.wikidata.org/entity/Q811165,Maxtormauer,architectural heritage monument,,D,blue
1955,http://www.wikidata.org/entity/Q41247455,,Point(11.0856799 49.452695582),0.62,49.452695582013,11.085679900574,1,http://www.wikidata.org/entity/Q1516079,Marientormauer,cultural heritage ensemble,,D,blue
1956,http://www.wikidata.org/entity/Q41247452,,Point(11.08699722 49.454283781),0.703,49.454283781712,11.086997220248,1,http://www.wikidata.org/entity/Q1516079,Laufertormauer,cultural heritage ensemble,,D,blue
1957,http://www.wikidata.org/entity/Q41247459,,Point(11.082443383 49.449243186),0.635,49.449243186373,11.082443383856,1,http://www.wikidata.org/entity/Q1516079,Königstormauer,cultural heritage ensemble,,D,blue
1958,http://www.wikidata.org/entity/Q41247456,,Point(11.083547961 49.450806283),0.566,49.450806283862,11.08354796101,1,http://www.wikidata.org/entity/Q1516079,Turm Blaues B,cultural heritage ensemble,,D,blue
1959,http://www.wikidata.org/entity/Q41247463,,Point(11.081173976 49.447424028),0.77,49.447424028542,11.081173976327,1,http://www.wikidata.org/entity/Q1516079,Handwerkerhof Nürnberg,cultural heritage ensemble,,D,blue
1960,http://www.wikidata.org/entity/Q41247461,,Point(11.08135 49.44773),0.743,49.44773,11.08135,1,http://www.wikidata.org/entity/Q1516079,Frauentorturm (Nürnberg),cultural heritage ensemble,,D,blue
1961,http://www.wikidata.org/entity/Q41247466,,Point(11.079628461 49.446935262),0.789,49.446935262548,11.079628461807,1,http://www.wikidata.org/entity/Q1516079,Frauentormauer,cultural heritage ensemble,,D,blue
1963,http://www.wikidata.org/entity/Q41247471,,Point(11.067018124 49.448428336),0.958,49.448428336403,11.067018124679,1,http://www.wikidata.org/entity/Q1516079,Spittlertorturm,cultural heritage ensemble,,D,blue
1964,http://www.wikidata.org/entity/Q41247468,,Point(11.07422 49.44725),0.769,49.44725,11.07422,1,http://www.wikidata.org/entity/Q1516079,Frauentormauer,cultural heritage ensemble,,D,blue
1965,http://www.wikidata.org/entity/Q41247474,,Point(11.067419088 49.45069658),0.797,49.450696580104,11.06741908847,1,http://www.wikidata.org/entity/Q37821712,Spittlertormauer,Q37821712,,D,blue
1966,http://www.wikidata.org/entity/Q41247476,,Point(11.069871007 49.452552476),0.557,49.452552476178,11.069871007404,1,http://www.wikidata.org/entity/Q1516079,Westtormauer,cultural heritage ensemble,,D,blue
1967,http://www.wikidata.org/entity/Q41247481,,Point(11.07099 49.45477),0.467,49.45477,11.07099,1,http://www.wikidata.org/entity/Q1516079,Turm Grünes G,cultural heritage ensemble,,D,blue
1968,http://www.wikidata.org/entity/Q41247487,,Point(11.07151 49.45624),0.494,49.45624,11.07151,1,http://www.wikidata.org/entity/Q1516079,Neutorturm (Nuremberg-Sankt Sebald),cultural heritage ensemble,,D,blue
1969,http://www.wikidata.org/entity/Q41247485,,Point(11.07233 49.4567),0.477,49.4567,11.07233,1,http://www.wikidata.org/entity/Q123975272,Neutormauer,Q123975272,,D,blue
1970,http://www.wikidata.org/entity/Q41247490,,Point(11.07166 49.45644),0.498,49.45644,11.07166,1,http://www.wikidata.org/entity/Q1516079,Neutor,cultural heritage ensemble,,D,blue
1971,http://www.wikidata.org/entity/Q41292256,,Point(10.996867 49.570184),14.176,49.570184,10.996867,1,http://www.wikidata.org/entity/Q1339195,station building at Erlangen-Bruck,station building,,D,blue
1972,http://www.wikidata.org/entity/Q41292263,,Point(10.986258 49.5722),14.707,49.5722,10.986258,1,http://www.wikidata.org/entity/Q607241,Friedhofstraße 2 (Erlangen),clergy house,,D,blue
1973,http://www.wikidata.org/entity/Q41292260,,Point(10.988396 49.568465),14.267,49.568465,10.988396,1,http://www.wikidata.org/entity/Q1516079,Basismarkierungsstein Bruck,cultural heritage ensemble,,D,blue
1974,http://www.wikidata.org/entity/Q41292278,,Point(10.985625 49.572445),14.752,49.572445,10.985625,1,http://www.wikidata.org/entity/Q79007,Fürther Straße,street,,D,blue
1976,http://www.wikidata.org/entity/Q41292276,,Point(10.989082851 49.57134275),14.531,49.571342750208,10.989082851386,1,http://www.wikidata.org/entity/Q1516079,Friedhof Bruck (Erlangen),cultural heritage ensemble,,D,blue
1977,http://www.wikidata.org/entity/Q41292292,,Point(10.985597 49.573953),14.903,49.573953,10.985597,1,http://www.wikidata.org/entity/Q5526694,Fürther Straße 19,Gasthaus,,D,blue
1978,http://www.wikidata.org/entity/Q41292303,,Point(10.985363 49.573375),14.853,49.573375,10.985363,1,http://www.wikidata.org/entity/Q3947,Fürther Straße 30,house,,D,blue
1979,http://www.wikidata.org/entity/Q41292316,,Point(10.985668 49.571805),14.687,49.571805,10.985668,1,http://www.wikidata.org/entity/Q5526694,Fürther Straße 45 (Erlangen),Gasthaus,,D,blue
1980,http://www.wikidata.org/entity/Q41292317,,Point(10.985286 49.571262),14.646,49.571262,10.985286,1,http://www.wikidata.org/entity/Q3947,Fürther Straße 51,house,,D,blue
1981,http://www.wikidata.org/entity/Q41292320,,Point(10.985444 49.572424),14.756,49.572424,10.985444,1,http://www.wikidata.org/entity/Q5526694,Fürther Straße 52,Gasthaus,,D,blue
1982,http://www.wikidata.org/entity/Q41292344,,Point(10.986551 49.574912),14.968,49.574912,10.986551,1,http://www.wikidata.org/entity/Q3947,Leipziger Straße 2,house,,D,blue
1983,http://www.wikidata.org/entity/Q41292351,,Point(10.986563 49.574658),14.942,49.574658,10.986563,1,http://www.wikidata.org/entity/Q3947,Leipziger Straße 3 (Erlangen),house,,D,blue
1984,http://www.wikidata.org/entity/Q41292391,,Point(10.989735 49.552717),12.679,49.552717,10.989735,1,http://www.wikidata.org/entity/Q1516079,Egidienplatz 4,cultural heritage ensemble,,D,blue
1985,http://www.wikidata.org/entity/Q41292392,,Point(10.989574 49.55308),12.72,49.55308,10.989574,1,http://www.wikidata.org/entity/Q1516079,Egidienplatz 5,cultural heritage ensemble,,D,blue
1986,http://www.wikidata.org/entity/Q41292408,,Point(10.985869 49.539908),11.624,49.539908,10.985869,1,http://www.wikidata.org/entity/Q3947,Königsmühle,house,,D,blue
1987,http://www.wikidata.org/entity/Q41300266,,Point(10.961547 49.540472),12.751,49.540472,10.961547,1,http://www.wikidata.org/entity/Q358,Kriegerdenkmal Hüttendorf,heritage site,,D,blue
1988,http://www.wikidata.org/entity/Q41300267,,Point(10.959927 49.540452),12.826,49.540452,10.959927,1,http://www.wikidata.org/entity/Q3947,Hüttendorfer Straße 3,house,,D,blue
1989,http://www.wikidata.org/entity/Q41300275,,Point(10.960126 49.539091),12.704,49.539091,10.960126,1,http://www.wikidata.org/entity/Q1516079,Vacher Straße 11 (Hüttendorf),cultural heritage ensemble,,D,blue
1990,http://www.wikidata.org/entity/Q41300272,,Point(10.960792 49.540481),12.788,49.540481,10.960792,1,http://www.wikidata.org/entity/Q3947,Hüttendorfer Straße 7 (Erlangen),house,,D,blue
1991,http://www.wikidata.org/entity/Q41300286,,Point(10.952286 49.554858),14.407,49.554858,10.952286,1,http://www.wikidata.org/entity/Q5526694,Gasthaus Zur Linde,Gasthaus,,D,blue
1992,http://www.wikidata.org/entity/Q41300287,,Point(10.952269 49.555687),14.48,49.555687,10.952269,1,http://www.wikidata.org/entity/Q1516079,Kriegenbrunner Straße 15,cultural heritage ensemble,,D,blue
1993,http://www.wikidata.org/entity/Q41300298,,Point(10.95276 49.556322),14.513,49.556322,10.95276,1,http://www.wikidata.org/entity/Q5526694,Gasthaus Goldener Fuchs,Gasthaus,,D,blue
1994,http://www.wikidata.org/entity/Q41302717,,Point(11.029805 49.550565),11.285,49.550565,11.029805,1,http://www.wikidata.org/entity/Q3947,Branderweg 1,house,,D,blue
1995,http://www.wikidata.org/entity/Q41302721,,Point(11.029064 49.549869),11.228,49.549869,11.029064,1,http://www.wikidata.org/entity/Q3947,Branderweg 7,house,,D,blue
1996,http://www.wikidata.org/entity/Q41302724,,Point(11.024969706 49.553050902),11.657,49.55305090262,11.024969706679,1,http://www.wikidata.org/entity/Q1516079,Friedhof Tennenlohe,cultural heritage ensemble,,D,blue
1997,http://www.wikidata.org/entity/Q41302747,,Point(11.03086 49.547499),10.937,49.547499,11.03086,1,http://www.wikidata.org/entity/Q3947,Sebastianstraße 11,house,,D,blue
1998,http://www.wikidata.org/entity/Q41302745,,Point(11.029915 49.549703),11.191,49.549703,11.029915,1,http://www.wikidata.org/entity/Q5526694,Sebastianstraße 8,Gasthaus,,D,blue
1999,http://www.wikidata.org/entity/Q41302749,,Point(11.031138 49.546719),10.848,49.546719,11.031138,1,http://www.wikidata.org/entity/Q5526694,Sebastianstraße 17,Gasthaus,,D,blue
2000,http://www.wikidata.org/entity/Q41302753,,Point(11.030582 49.547167),10.908,49.547167,11.030582,1,http://www.wikidata.org/entity/Q3947,Sebastianstraße 20,house,,D,blue
2001,http://www.wikidata.org/entity/Q41303239,,Point(11.01962 49.33064),14.324,49.33064,11.01962,1,http://www.wikidata.org/entity/Q3947,Auf der Aich 6,house,,D,blue
2002,http://www.wikidata.org/entity/Q41303237,,Point(11.018662765 49.330237277),14.387,49.330237277708,11.018662765916,1,http://www.wikidata.org/entity/Q1516079,Nördliche Mauerstraße 10 (Schwabach),cultural heritage ensemble,,D,blue
2003,http://www.wikidata.org/entity/Q41303243,,Point(11.02077 49.32997),14.371,49.32997,11.02077,1,http://www.wikidata.org/entity/Q3947,Bachgasse 10,house,,D,blue
2004,http://www.wikidata.org/entity/Q41303241,,Point(11.01932 49.3309),14.303,49.3309,11.01932,1,http://www.wikidata.org/entity/Q3947,Auf der Aich 7 (Schwabach),house,,D,blue
2005,http://www.wikidata.org/entity/Q41303247,,Point(11.01991 49.33025),14.359,49.33025,11.01991,1,http://www.wikidata.org/entity/Q3947,Bachgasse 24,house,,D,blue
2006,http://www.wikidata.org/entity/Q41303245,,Point(11.02048 49.33002),14.372,49.33002,11.02048,1,http://www.wikidata.org/entity/Q3947,Bachgasse 14,house,,D,blue
2007,http://www.wikidata.org/entity/Q41303262,,Point(11.01886 49.33054),14.351,49.33054,11.01886,1,http://www.wikidata.org/entity/Q5526694,Benkendorferstraße 7,Gasthaus,,D,blue
2008,http://www.wikidata.org/entity/Q41303263,,Point(11.01857 49.33058),14.353,49.33058,11.01857,1,http://www.wikidata.org/entity/Q1516079,Benkendorferstraße 9,cultural heritage ensemble,,D,blue
2009,http://www.wikidata.org/entity/Q41303260,,Point(11.037585437 49.330848986),13.978,49.330848986535,11.0375854377,1,http://www.wikidata.org/entity/Q158438,Eisenbahnbrücke,arch bridge,,D,blue
2011,http://www.wikidata.org/entity/Q41303267,,Point(11.018417 49.330772),14.335,49.330772,11.018417,1,http://www.wikidata.org/entity/Q3947,Benkendorferstraße 10 (Schwabach),house,,D,blue
2012,http://www.wikidata.org/entity/Q41303270,,Point(11.01804 49.3307),14.351,49.3307,11.01804,1,http://www.wikidata.org/entity/Q3947,Benkendorferstraße 17 (Schwabach),house,,D,blue
2013,http://www.wikidata.org/entity/Q41303274,,Point(11.01744 49.33098),14.335,49.33098,11.01744,1,http://www.wikidata.org/entity/Q3947,Benkendorferstraße 24,house,,D,blue
2014,http://www.wikidata.org/entity/Q41303272,,Point(11.0176 49.33081),14.349,49.33081,11.0176,1,http://www.wikidata.org/entity/Q3947,Benkendorferstraße 23,house,,D,blue
2015,http://www.wikidata.org/entity/Q41303286,,Point(11.01654413 49.32955515),14.505,49.329555150558,11.016544130862,1,http://www.wikidata.org/entity/Q1516079,Boxlohe 9,cultural heritage ensemble,,D,blue
2016,http://www.wikidata.org/entity/Q41303284,,Point(11.01647 49.32946),14.517,49.32946,11.01647,1,http://www.wikidata.org/entity/Q3947,Boxlohe 7 (Schwabach),house,,D,blue
2017,http://www.wikidata.org/entity/Q41303288,,Point(11.01718 49.32966),14.48,49.32966,11.01718,1,http://www.wikidata.org/entity/Q3947,Boxlohe 10,house,,D,blue
2018,http://www.wikidata.org/entity/Q41303289,,Point(11.01659 49.32967),14.492,49.32967,11.01659,1,http://www.wikidata.org/entity/Q3947,Boxlohe 11 (Schwabach),house,,D,blue
2019,http://www.wikidata.org/entity/Q41303292,,Point(11.0169 49.32978),14.474,49.32978,11.0169,1,http://www.wikidata.org/entity/Q3947,Boxlohe 16,house,,D,blue
2020,http://www.wikidata.org/entity/Q41303311,,Point(11.02147 49.32934),14.424,49.32934,11.02147,1,http://www.wikidata.org/entity/Q3947,Fleischbrücke 2 (Schwabach),house,,D,blue
2021,http://www.wikidata.org/entity/Q41303309,,Point(11.01791 49.33015),14.412,49.33015,11.01791,1,http://www.wikidata.org/entity/Q1516079,"Fischgrubengasse 1, 3, 5",cultural heritage ensemble,,D,blue
2022,http://www.wikidata.org/entity/Q41303315,,Point(11.02153 49.32957),14.398,49.32957,11.02153,1,http://www.wikidata.org/entity/Q3947,Fleischbrücke 4,house,,D,blue
2023,http://www.wikidata.org/entity/Q41303312,,Point(11.0213 49.32947),14.414,49.32947,11.0213,1,http://www.wikidata.org/entity/Q3947,Fleischbrücke 3,house,,D,blue
2024,http://www.wikidata.org/entity/Q41303318,,Point(11.022946265 49.33038805),14.282,49.330388050656,11.022946265982,1,http://www.wikidata.org/entity/Q1516079,Friedrichstraße 1,cultural heritage ensemble,,D,blue
2025,http://www.wikidata.org/entity/Q41303316,,Point(11.02134 49.32964),14.395,49.32964,11.02134,1,http://www.wikidata.org/entity/Q1516079,Fleischbrücke 5,cultural heritage ensemble,,D,blue
2026,http://www.wikidata.org/entity/Q41303323,,Point(11.02162 49.33078),14.267,49.33078,11.02162,1,http://www.wikidata.org/entity/Q3947,Friedrichstraße 6 (Schwabach),house,,D,blue
2027,http://www.wikidata.org/entity/Q41303320,,Point(11.02218 49.33068),14.267,49.33068,11.02218,1,http://www.wikidata.org/entity/Q3947,Friedrichstraße 2,house,,D,blue
2028,http://www.wikidata.org/entity/Q41303321,,Point(11.0228 49.33041),14.283,49.33041,11.0228,1,http://www.wikidata.org/entity/Q1516079,Friedrichstraße 3,cultural heritage ensemble,,D,blue
2029,http://www.wikidata.org/entity/Q41303327,,Point(11.02176 49.33058),14.286,49.33058,11.02176,1,http://www.wikidata.org/entity/Q3947,Friedrichstraße 11,house,,D,blue
2030,http://www.wikidata.org/entity/Q41303325,,Point(11.02254 49.33045),14.284,49.33045,11.02254,1,http://www.wikidata.org/entity/Q3947,Friedrichstraße 7,house,,D,blue
2031,http://www.wikidata.org/entity/Q41303329,,Point(11.02144 49.33062),14.288,49.33062,11.02144,1,http://www.wikidata.org/entity/Q3947,Residential building at Friedrichstrasse 15,house,,D,blue
2032,http://www.wikidata.org/entity/Q41303334,,Point(11.02093 49.3307),14.29,49.3307,11.02093,1,http://www.wikidata.org/entity/Q3947,Friedrichstraße 21,house,,D,blue
2033,http://www.wikidata.org/entity/Q41303332,,Point(11.02077 49.33087),14.275,49.33087,11.02077,1,http://www.wikidata.org/entity/Q3947,Friedrichstraße 20 (Schwabach),house,,D,blue
2034,http://www.wikidata.org/entity/Q41303339,,Point(11.02015 49.33093),14.282,49.33093,11.02015,1,http://www.wikidata.org/entity/Q3947,Friedrichstraße 26,house,,D,blue
2035,http://www.wikidata.org/entity/Q41303336,,Point(11.02051 49.33091),14.276,49.33091,11.02051,1,http://www.wikidata.org/entity/Q5526694,Kino-Lichtspielhaus,Gasthaus,,D,blue
2037,http://www.wikidata.org/entity/Q41303337,,Point(11.02056 49.33071),14.297,49.33071,11.02056,1,http://www.wikidata.org/entity/Q3947,Friedrichstraße 25,house,,D,blue
2038,http://www.wikidata.org/entity/Q41303343,,Point(11.02019 49.33077),14.298,49.33077,11.02019,1,http://www.wikidata.org/entity/Q3947,"Friedrichstraße 29, 29a",house,,D,blue
2039,http://www.wikidata.org/entity/Q41303341,,Point(11.02038 49.33074),14.297,49.33074,11.02038,1,http://www.wikidata.org/entity/Q3947,Friedrichstraße 27,house,,D,blue
2040,http://www.wikidata.org/entity/Q41303354,,Point(11.02045 49.3297),14.407,49.3297,11.02045,1,http://www.wikidata.org/entity/Q3947,Höllgasse 2,house,,D,blue
2041,http://www.wikidata.org/entity/Q41303353,,Point(11.020248611 49.32950094),14.432,49.329500940152,11.020248611987,1,http://www.wikidata.org/entity/Q3947,Q41303353,house,,D,blue
2042,http://www.wikidata.org/entity/Q41303356,,Point(11.0195 49.33122),14.265,49.33122,11.0195,1,http://www.wikidata.org/entity/Q5526694,"Hördlertorstraße 2, 2a",Gasthaus,,D,blue
2043,http://www.wikidata.org/entity/Q41303357,,Point(11.01908 49.33106),14.291,49.33106,11.01908,1,http://www.wikidata.org/entity/Q3947,Hördlertorstraße 3,house,,D,blue
2044,http://www.wikidata.org/entity/Q41303363,,Point(11.018525659 49.331519189),14.254,49.33151918934,11.018525659704,1,http://www.wikidata.org/entity/Q1516079,"Hördlertorstraße 12, 14 (Schwabach)",cultural heritage ensemble,,D,blue
2045,http://www.wikidata.org/entity/Q41303360,,Point(11.018756073 49.331178441),14.285,49.331178441804,11.018756073736,1,http://www.wikidata.org/entity/Q1516079,"Hördlertorstraße 5, 7",cultural heritage ensemble,,D,blue
2046,http://www.wikidata.org/entity/Q41303361,,Point(11.01814 49.33139),14.276,49.33139,11.01814,1,http://www.wikidata.org/entity/Q1516079,Hördlertorstraße 13,cultural heritage ensemble,,D,blue
2047,http://www.wikidata.org/entity/Q41303366,,Point(11.01806 49.33161),14.254,49.33161,11.01806,1,http://www.wikidata.org/entity/Q1516079,Hördlertorstraße 18,cultural heritage ensemble,,D,blue
2048,http://www.wikidata.org/entity/Q41303364,,Point(11.01827 49.33156),14.255,49.33156,11.01827,1,http://www.wikidata.org/entity/Q1516079,Hördlertorstraße 16 (Schwabach),cultural heritage ensemble,,D,blue
2049,http://www.wikidata.org/entity/Q41303371,,Point(11.022694037 49.329850614),14.345,49.329850614236,11.022694037949,1,http://www.wikidata.org/entity/Q5526694,Kappadozia 1 (Schwabach),Gasthaus,,D,blue
2050,http://www.wikidata.org/entity/Q41303368,,Point(11.01686 49.33133),14.31,49.33133,11.01686,1,http://www.wikidata.org/entity/Q3947,Hördlertorstraße 25,house,,D,blue
2051,http://www.wikidata.org/entity/Q41303369,,Point(11.017017 49.331667),14.271,49.331667,11.017017,1,http://www.wikidata.org/entity/Q3947,Hördlertorstraße 29,house,,D,blue
2052,http://www.wikidata.org/entity/Q41303374,,Point(11.022766619 49.329953442),14.333,49.329953442065,11.022766619904,1,http://www.wikidata.org/entity/Q5526694,Kappadozia 3,Gasthaus,,D,blue
2053,http://www.wikidata.org/entity/Q41303375,,Point(11.023290369 49.330177127),14.298,49.330177127026,11.023290369081,1,http://www.wikidata.org/entity/Q11755880,Q41303375,residential building,,D,blue
2056,http://www.wikidata.org/entity/Q41303378,,Point(11.020576586 49.329215352),14.456,49.329215352757,11.020576586314,1,http://www.wikidata.org/entity/Q43483,Pferdebrunnen,water well,,D,blue
2057,http://www.wikidata.org/entity/Q41303379,,Point(11.020853377 49.329024368),14.47,49.329024368189,11.020853377767,1,http://www.wikidata.org/entity/Q43483,Schöner Brunnen,water well,,D,blue
2058,http://www.wikidata.org/entity/Q41303376,,Point(11.022945236 49.33024761),14.297,49.330247610021,11.022945236102,1,http://www.wikidata.org/entity/Q1516079,Kappadozia 9,cultural heritage ensemble,,D,blue
2059,http://www.wikidata.org/entity/Q41303382,,Point(11.021 49.32928),14.44,49.32928,11.021,1,http://www.wikidata.org/entity/Q3947,Königsplatz 6,house,,D,blue
2060,http://www.wikidata.org/entity/Q41303380,,Point(11.02139 49.3291),14.451,49.3291,11.02139,1,http://www.wikidata.org/entity/Q3947,Rathaus Schwabach,house,,D,blue
2061,http://www.wikidata.org/entity/Q41303381,,Point(11.02111 49.32928),14.438,49.32928,11.02111,1,http://www.wikidata.org/entity/Q3947,Königsplatz 4,house,,D,blue
2062,http://www.wikidata.org/entity/Q41303386,,Point(11.02024 49.32934),14.449,49.32934,11.02024,1,http://www.wikidata.org/entity/Q1516079,Königsplatz 12,cultural heritage ensemble,,D,blue
2063,http://www.wikidata.org/entity/Q41303387,,Point(11.02012 49.32921),14.466,49.32921,11.02012,1,http://www.wikidata.org/entity/Q3947,Königsplatz 14,house,,D,blue
2064,http://www.wikidata.org/entity/Q41303384,,Point(11.0206 49.3294),14.435,49.3294,11.0206,1,http://www.wikidata.org/entity/Q3947,"Königsplatz 8, 10 (Schwabach)",house,,D,blue
2065,http://www.wikidata.org/entity/Q41303391,,Point(11.02054 49.32876),14.505,49.32876,11.02054,1,http://www.wikidata.org/entity/Q3947,Königsplatz 27 (Schwabach),house,,D,blue
2066,http://www.wikidata.org/entity/Q41303388,,Point(11.02127 49.32867),14.5,49.32867,11.02127,1,http://www.wikidata.org/entity/Q3947,Königsplatz 21 (Schwabach),house,,D,blue
2067,http://www.wikidata.org/entity/Q41303389,,Point(11.02081 49.32868),14.508,49.32868,11.02081,1,http://www.wikidata.org/entity/Q3947,Königsplatz 25 (Schwabach),house,,D,blue
2068,http://www.wikidata.org/entity/Q41303395,,Point(11.01999 49.3289),14.501,49.3289,11.01999,1,http://www.wikidata.org/entity/Q5526694,Königsplatz 33,Gasthaus,,D,blue
2069,http://www.wikidata.org/entity/Q41303392,,Point(11.02033 49.32881),14.504,49.32881,11.02033,1,http://www.wikidata.org/entity/Q1516079,Königsplatz 29,cultural heritage ensemble,,D,blue
2070,http://www.wikidata.org/entity/Q41303393,,Point(11.02013 49.32885),14.504,49.32885,11.02013,1,http://www.wikidata.org/entity/Q5526694,Königsplatz 31,Gasthaus,,D,blue
2071,http://www.wikidata.org/entity/Q41303398,,Point(11.0199 49.32927),14.464,49.32927,11.0199,1,http://www.wikidata.org/entity/Q3947,Königstraße 2,house,,D,blue
2072,http://www.wikidata.org/entity/Q41303399,,Point(11.01956 49.32905),14.494,49.32905,11.01956,1,http://www.wikidata.org/entity/Q3947,Königstraße 3,house,,D,blue
2073,http://www.wikidata.org/entity/Q41303396,,Point(11.019792447 49.32898729),14.496,49.328987290789,11.019792447096,1,http://www.wikidata.org/entity/Q1516079,Königstraße 1,cultural heritage ensemble,,D,blue
2074,http://www.wikidata.org/entity/Q41303402,,Point(11.01943 49.32938),14.462,49.32938,11.01943,1,http://www.wikidata.org/entity/Q3947,Königstraße 8,house,,D,blue
2075,http://www.wikidata.org/entity/Q41303403,,Point(11.01914 49.32927),14.48,49.32927,11.01914,1,http://www.wikidata.org/entity/Q3947,Königstraße 9,house,,D,blue
2076,http://www.wikidata.org/entity/Q41303400,,Point(11.01947 49.32919),14.481,49.32919,11.01947,1,http://www.wikidata.org/entity/Q3947,Königstraße 5,house,,D,blue
2077,http://www.wikidata.org/entity/Q41303401,,Point(11.01923 49.32923),14.482,49.32923,11.01923,1,http://www.wikidata.org/entity/Q3947,Königstraße 7,house,,D,blue
2078,http://www.wikidata.org/entity/Q41303407,,Point(11.01859 49.32956),14.46,49.32956,11.01859,1,http://www.wikidata.org/entity/Q3947,Königstraße 14 (Schwabach),house,,D,blue
2079,http://www.wikidata.org/entity/Q41303404,,Point(11.01896 49.32934),14.476,49.32934,11.01896,1,http://www.wikidata.org/entity/Q3947,Königstraße 11,house,,D,blue
2080,http://www.wikidata.org/entity/Q41303405,,Point(11.018790356 49.329279688),14.486,49.329279688847,11.018790356291,1,http://www.wikidata.org/entity/Q3947,Königstraße 13 (Schwabach),house,,D,blue
2081,http://www.wikidata.org/entity/Q41303410,,Point(11.01795 49.32956),14.474,49.32956,11.01795,1,http://www.wikidata.org/entity/Q3947,Königstraße 22,house,,D,blue
2082,http://www.wikidata.org/entity/Q41303408,,Point(11.01822 49.32936),14.49,49.32936,11.01822,1,http://www.wikidata.org/entity/Q3947,Königstraße 19,house,,D,blue
2083,http://www.wikidata.org/entity/Q41303409,,Point(11.01813 49.32959),14.467,49.32959,11.01813,1,http://www.wikidata.org/entity/Q1516079,Königstraße 20 (Schwabach),cultural heritage ensemble,,D,blue
2084,http://www.wikidata.org/entity/Q41303419,,Point(11.0233 49.32907),14.416,49.32907,11.0233,1,http://www.wikidata.org/entity/Q44613,"Ludwigstraße 1, 3",monastery,,D,blue
2085,http://www.wikidata.org/entity/Q41303422,,Point(11.02313 49.32889),14.439,49.32889,11.02313,1,http://www.wikidata.org/entity/Q3947,Ludwigstraße 4 (Schwabach),house,,D,blue
2086,http://www.wikidata.org/entity/Q41303423,,Point(11.02368 49.32919),14.396,49.32919,11.02368,1,http://www.wikidata.org/entity/Q1516079,Ludwigstraße 5,cultural heritage ensemble,,D,blue
2087,http://www.wikidata.org/entity/Q41303420,,Point(11.02295 49.32889),14.443,49.32889,11.02295,1,http://www.wikidata.org/entity/Q1516079,Ludwigstraße 2,cultural heritage ensemble,,D,blue
2088,http://www.wikidata.org/entity/Q41303426,,Point(11.02354 49.32892),14.428,49.32892,11.02354,1,http://www.wikidata.org/entity/Q3947,Ludwigstraße 8,house,,D,blue
2089,http://www.wikidata.org/entity/Q41303427,,Point(11.02361 49.32891),14.428,49.32891,11.02361,1,http://www.wikidata.org/entity/Q3947,Ludwigstraße 10,house,,D,blue
2090,http://www.wikidata.org/entity/Q41303425,,Point(11.02332 49.3289),14.434,49.3289,11.02332,1,http://www.wikidata.org/entity/Q3947,Ludwigstraße 6 (Schwabach),house,,D,blue
2091,http://www.wikidata.org/entity/Q41303431,,Point(11.02274 49.32883),14.453,49.32883,11.02274,1,http://www.wikidata.org/entity/Q1516079,Evangelisch-Lutherisches Dekanatamt Schwabach,cultural heritage ensemble,,D,blue
2092,http://www.wikidata.org/entity/Q41303433,,Point(11.02254 49.32873),14.468,49.32873,11.02254,1,http://www.wikidata.org/entity/Q3947,Martin-Luther-Platz 5,house,,D,blue
2093,http://www.wikidata.org/entity/Q41303438,,Point(11.0217 49.32847),14.512,49.32847,11.0217,1,http://www.wikidata.org/entity/Q3947,Martin-Luther-Platz 17,house,,D,blue
2094,http://www.wikidata.org/entity/Q41303439,,Point(11.01831 49.33098),14.316,49.33098,11.01831,1,http://www.wikidata.org/entity/Q3947,Mühlgasse 6,house,,D,blue
2095,http://www.wikidata.org/entity/Q41303437,,Point(11.021801999 49.328497201),14.507,49.328497201298,11.021801999727,1,http://www.wikidata.org/entity/Q5526694,Martin-Luther-Platz 15,Gasthaus,,D,blue
2097,http://www.wikidata.org/entity/Q41303442,,Point(11.01792 49.33122),14.299,49.33122,11.01792,1,http://www.wikidata.org/entity/Q1516079,Münzgasse 5,cultural heritage ensemble,,D,blue
2098,http://www.wikidata.org/entity/Q41303443,,Point(11.01717 49.32914),14.536,49.32914,11.01717,1,http://www.wikidata.org/entity/Q3947,Q41303443,house,,D,blue
2099,http://www.wikidata.org/entity/Q41303440,,Point(11.01752 49.33118),14.312,49.33118,11.01752,1,http://www.wikidata.org/entity/Q1516079,"Münzgasse 3, 3a",cultural heritage ensemble,,D,blue
2100,http://www.wikidata.org/entity/Q41303451,,Point(11.02358 49.33048),14.26,49.33048,11.02358,1,http://www.wikidata.org/entity/Q3947,Neutorstraße 4 (Schwabach),house,,D,blue
2101,http://www.wikidata.org/entity/Q41303448,,Point(11.02302 49.33065),14.253,49.33065,11.02302,1,http://www.wikidata.org/entity/Q3947,Neutorstraße 1 (Schwabach),house,,D,blue
2102,http://www.wikidata.org/entity/Q41303454,,Point(11.02369 49.33068),14.236,49.33068,11.02369,1,http://www.wikidata.org/entity/Q1516079,Q41303454,cultural heritage ensemble,,D,blue
2104,http://www.wikidata.org/entity/Q41303453,,Point(11.0234 49.33083),14.226,49.33083,11.0234,1,http://www.wikidata.org/entity/Q3947,Neutorstraße 5 (Schwabach),house,,D,blue
2105,http://www.wikidata.org/entity/Q41303458,,Point(11.02283 49.3315),14.166,49.3315,11.02283,1,http://www.wikidata.org/entity/Q3947,Nördliche Mauerstraße 25,house,,D,blue
2106,http://www.wikidata.org/entity/Q41303456,,Point(11.02297 49.33138),14.176,49.33138,11.02297,1,http://www.wikidata.org/entity/Q3947,Nördliche Mauerstraße 23,house,,D,blue
2107,http://www.wikidata.org/entity/Q41303463,,Point(11.023220811 49.331663969),14.141,49.331663969392,11.02322081199,1,http://www.wikidata.org/entity/Q1516079,Nördliche Ringstraße 9,cultural heritage ensemble,,D,blue
2108,http://www.wikidata.org/entity/Q41303460,,Point(11.02434 49.32953),14.347,49.32953,11.02434,1,http://www.wikidata.org/entity/Q3947,Nördliche Ringstraße 1b,house,,D,blue
2109,http://www.wikidata.org/entity/Q41303461,,Point(11.02426 49.3309),14.202,49.3309,11.02426,1,http://www.wikidata.org/entity/Q3947,Nördliche Ringstraße 7 (Schwabach),house,,D,blue
2110,http://www.wikidata.org/entity/Q41303471,,Point(11.02156 49.32993),14.359,49.32993,11.02156,1,http://www.wikidata.org/entity/Q3947,Nürnberger Straße 3,house,,D,blue
2111,http://www.wikidata.org/entity/Q41303468,,Point(11.02137 49.3299),14.366,49.3299,11.02137,1,http://www.wikidata.org/entity/Q3947,Nürnberger Straße 1,house,,D,blue
2112,http://www.wikidata.org/entity/Q41303469,,Point(11.0218 49.32974),14.375,49.32974,11.0218,1,http://www.wikidata.org/entity/Q3947,Nürnberger Straße 2,house,,D,blue
2113,http://www.wikidata.org/entity/Q41303475,,Point(11.02191 49.3302),14.323,49.3302,11.02191,1,http://www.wikidata.org/entity/Q3947,Nürnberger Straße 12,house,,D,blue
2114,http://www.wikidata.org/entity/Q41303473,,Point(11.02186 49.33012),14.333,49.33012,11.02186,1,http://www.wikidata.org/entity/Q3947,Nürnberger Straße 10,house,,D,blue
2115,http://www.wikidata.org/entity/Q41303478,,Point(11.02203 49.33052),14.287,49.33052,11.02203,1,http://www.wikidata.org/entity/Q3947,Nürnberger Straße 18,house,,D,blue
2116,http://www.wikidata.org/entity/Q41303476,,Point(11.02193 49.33037),14.305,49.33037,11.02193,1,http://www.wikidata.org/entity/Q3947,Nürnberger Straße 14,house,,D,blue
2117,http://www.wikidata.org/entity/Q41303511,,Point(11.02126 49.33147),14.201,49.33147,11.02126,1,http://www.wikidata.org/entity/Q3947,Pinzenberg 3,house,,D,blue
2118,http://www.wikidata.org/entity/Q41303515,,Point(11.0211 49.33174),14.176,49.33174,11.0211,1,http://www.wikidata.org/entity/Q3947,Pinzenberg 8,house,,D,blue
2119,http://www.wikidata.org/entity/Q41303512,,Point(11.02125 49.33177),14.169,49.33177,11.02125,1,http://www.wikidata.org/entity/Q3947,Pinzenberg 6,house,,D,blue
2120,http://www.wikidata.org/entity/Q41303513,,Point(11.02059 49.33149),14.213,49.33149,11.02059,1,http://www.wikidata.org/entity/Q3947,Pinzenberg 7,house,,D,blue
2121,http://www.wikidata.org/entity/Q41303519,,Point(11.02035 49.33145),14.222,49.33145,11.02035,1,http://www.wikidata.org/entity/Q3947,Pinzenberg 11,house,,D,blue
2122,http://www.wikidata.org/entity/Q41303517,,Point(11.02048 49.33147),14.217,49.33147,11.02048,1,http://www.wikidata.org/entity/Q3947,Pinzenberg 9 (Schwabach),house,,D,blue
2123,http://www.wikidata.org/entity/Q41303521,,Point(11.02017 49.33142),14.229,49.33142,11.02017,1,http://www.wikidata.org/entity/Q3947,Pinzenberg 13,house,,D,blue
2124,http://www.wikidata.org/entity/Q41303524,,Point(11.02002 49.33141),14.233,49.33141,11.02002,1,http://www.wikidata.org/entity/Q3947,Pinzenberg 15,house,,D,blue
2125,http://www.wikidata.org/entity/Q41303525,,Point(11.01985 49.3314),14.238,49.3314,11.01985,1,http://www.wikidata.org/entity/Q3947,Pinzenberg 17,house,,D,blue
2126,http://www.wikidata.org/entity/Q41303530,,Point(11.020137968 49.331599092),14.211,49.331599092028,11.020137968295,1,http://www.wikidata.org/entity/Q5526694,Pinzenberg 20,Gasthaus,,D,blue
2127,http://www.wikidata.org/entity/Q41303528,,Point(11.02036 49.33162),14.204,49.33162,11.02036,1,http://www.wikidata.org/entity/Q3947,Pinzenberg 18,house,,D,blue
2128,http://www.wikidata.org/entity/Q41303534,,Point(11.01974 49.3316),14.219,49.3316,11.01974,1,http://www.wikidata.org/entity/Q3947,Pinzenberg 24 (Schwabach),house,,D,blue
2129,http://www.wikidata.org/entity/Q41303535,,Point(11.01895 49.33151),14.246,49.33151,11.01895,1,http://www.wikidata.org/entity/Q5526694,Pinzenberg 36,Gasthaus,,D,blue
2130,http://www.wikidata.org/entity/Q41303532,,Point(11.01923 49.33142),14.249,49.33142,11.01923,1,http://www.wikidata.org/entity/Q3947,"Pinzenberg 23, 25",house,,D,blue
2131,http://www.wikidata.org/entity/Q41303565,,Point(11.0209 49.33144),14.212,49.33144,11.0209,1,http://www.wikidata.org/entity/Q3947,Schulgasse 1,house,,D,blue
2132,http://www.wikidata.org/entity/Q41303570,,Point(11.01971 49.33119),14.263,49.33119,11.01971,1,http://www.wikidata.org/entity/Q3947,Schulgasse 15,house,,D,blue
2133,http://www.wikidata.org/entity/Q41303571,,Point(11.0167 49.33022),14.431,49.33022,11.0167,1,http://www.wikidata.org/entity/Q1516079,Neubaubrücke,cultural heritage ensemble,,D,blue
2134,http://www.wikidata.org/entity/Q41303569,,Point(11.02019 49.3313),14.242,49.3313,11.02019,1,http://www.wikidata.org/entity/Q5526694,Schulgasse 11,Gasthaus,,D,blue
2135,http://www.wikidata.org/entity/Q41303572,,Point(11.02397 49.33005),14.298,49.33005,11.02397,1,http://www.wikidata.org/entity/Q1516079,Ausflusssteg (Schwabach),cultural heritage ensemble,,D,blue
2136,http://www.wikidata.org/entity/Q41303578,,Point(11.0211 49.3303),14.329,49.3303,11.0211,1,http://www.wikidata.org/entity/Q3947,Silbergasse 3 (Schwabach),house,,D,blue
2137,http://www.wikidata.org/entity/Q41303576,,Point(11.02114 49.33049),14.308,49.33049,11.02114,1,http://www.wikidata.org/entity/Q3947,Silbergasse 1 (Schwabach),house,,D,blue
2138,http://www.wikidata.org/entity/Q41303577,,Point(11.02094 49.33058),14.303,49.33058,11.02094,1,http://www.wikidata.org/entity/Q5526694,Silbergasse 2,Gasthaus,,D,blue
2139,http://www.wikidata.org/entity/Q41303581,,Point(11.02087 49.33035),14.329,49.33035,11.02087,1,http://www.wikidata.org/entity/Q3947,Silbergasse 6 (Schwabach),house,,D,blue
2140,http://www.wikidata.org/entity/Q41303594,,Point(11.01665 49.32917),14.544,49.32917,11.01665,1,http://www.wikidata.org/entity/Q3947,Südliche Mauerstraße 9 (Schwabach),house,,D,blue
2141,http://www.wikidata.org/entity/Q41303596,,Point(11.01663 49.32936),14.524,49.32936,11.01663,1,http://www.wikidata.org/entity/Q1516079,"Südliche Mauerstraße 11, 11 b",cultural heritage ensemble,,D,blue
2142,http://www.wikidata.org/entity/Q41303615,,Point(11.02251 49.33102),14.224,49.33102,11.02251,1,http://www.wikidata.org/entity/Q1516079,Synagogengasse 5,cultural heritage ensemble,,D,blue
2143,http://www.wikidata.org/entity/Q41303612,,Point(11.02265 49.33088),14.236,49.33088,11.02265,1,http://www.wikidata.org/entity/Q3947,Synagogengasse 4,house,,D,blue
2144,http://www.wikidata.org/entity/Q41303618,,Point(11.02267 49.33141),14.179,49.33141,11.02267,1,http://www.wikidata.org/entity/Q3947,Synagogengasse 10,house,,D,blue
2145,http://www.wikidata.org/entity/Q41303619,,Point(11.02259 49.33162),14.158,49.33162,11.02259,1,http://www.wikidata.org/entity/Q3947,Synagogengasse 14,house,,D,blue
2146,http://www.wikidata.org/entity/Q41303616,,Point(11.02272 49.33133),14.186,49.33133,11.02272,1,http://www.wikidata.org/entity/Q3947,Synagogengasse 8,house,,D,blue
2147,http://www.wikidata.org/entity/Q41303646,,Point(11.0172 49.33076),14.363,49.33076,11.0172,1,http://www.wikidata.org/entity/Q1516079,Wöhrwiese 1,cultural heritage ensemble,,D,blue
2148,http://www.wikidata.org/entity/Q41303651,,Point(11.01691 49.33052),14.395,49.33052,11.01691,1,http://www.wikidata.org/entity/Q3947,Wöhrwiese 5,house,,D,blue
2149,http://www.wikidata.org/entity/Q41303648,,Point(11.01686 49.33042),14.407,49.33042,11.01686,1,http://www.wikidata.org/entity/Q3947,Wöhrwiese 3,house,,D,blue
2150,http://www.wikidata.org/entity/Q41303658,,Point(11.01767 49.32926),14.512,49.32926,11.01767,1,http://www.wikidata.org/entity/Q3947,"Zöllnertorstraße 4a, 4b",house,,D,blue
2151,http://www.wikidata.org/entity/Q41303656,,Point(11.01776 49.32939),14.496,49.32939,11.01776,1,http://www.wikidata.org/entity/Q5526694,Zöllnertorstraße 2 (Schwabach),Gasthaus,,D,blue
2152,http://www.wikidata.org/entity/Q41303662,,Point(11.01731 49.32898),14.55,49.32898,11.01731,1,http://www.wikidata.org/entity/Q3947,Zöllnertorstraße 8,house,,D,blue
2153,http://www.wikidata.org/entity/Q41303661,,Point(11.017521 49.329116),14.531,49.329116,11.017521,1,http://www.wikidata.org/entity/Q3947,Zöllnertorstraße 6 (Schwabach),house,,D,blue
2154,http://www.wikidata.org/entity/Q41303665,,Point(11.017352 49.328859),14.561,49.328859,11.017352,1,http://www.wikidata.org/entity/Q1516079,Zöllnertorstraße 10,cultural heritage ensemble,,D,blue
2155,http://www.wikidata.org/entity/Q41303722,,Point(11.020748 49.361086),11.098,49.361086,11.020748,1,http://www.wikidata.org/entity/Q3947,Am Wasserschloß 35,house,,D,blue
2156,http://www.wikidata.org/entity/Q41303726,,Point(11.040471 49.362536),10.499,49.362536,11.040471,1,http://www.wikidata.org/entity/Q1516079,Rednitzbruecke-Wolkersdorf,cultural heritage ensemble,,D,blue
2157,http://www.wikidata.org/entity/Q41303729,,Point(11.01425 49.361554),11.233,49.361554,11.01425,1,http://www.wikidata.org/entity/Q3947,Baimbacher Straße 4,house,,D,blue
2158,http://www.wikidata.org/entity/Q41303736,,Point(11.027503 49.365327),10.484,49.365327,11.027503,1,http://www.wikidata.org/entity/Q3947,Finkenschlag 6,house,,D,blue
2159,http://www.wikidata.org/entity/Q41303742,,Point(11.02295 49.33011),14.312,49.33011,11.02295,1,http://www.wikidata.org/entity/Q1516079,Kappadozia 7,cultural heritage ensemble,,D,blue
2160,http://www.wikidata.org/entity/Q41365945,,Point(10.95755 49.42988),9.059,49.42988,10.95755,1,http://www.wikidata.org/entity/Q1640496,Steinkreuz in Oberasbach,conciliation cross,,D,blue
2161,http://www.wikidata.org/entity/Q41365948,,Point(10.958413163 49.422710336),9.268,49.422710336182,10.958413163776,1,http://www.wikidata.org/entity/Q3947,Albrecht-Dürer-Straße 103,house,,D,blue
2162,http://www.wikidata.org/entity/Q41366024,,Point(10.932255 49.381557),13.218,49.381557,10.932255,1,http://www.wikidata.org/entity/Q1640496,Steinkreuze in Großweismannsdorf,conciliation cross,,D,blue
2163,http://www.wikidata.org/entity/Q41366036,,Point(10.943252 49.382956),12.497,49.382956,10.943252,1,http://www.wikidata.org/entity/Q1516079,Gedenkstein bei Großweismannsdorf,cultural heritage ensemble,,D,blue
2164,http://www.wikidata.org/entity/Q41366130,,Point(10.91709527 49.40537861),12.778,49.405378610941,10.917095270954,1,http://www.wikidata.org/entity/Q1640496,Steinkreuz bei Weitersdorf,conciliation cross,,D,blue
2165,http://www.wikidata.org/entity/Q41369771,,Point(10.911035 49.463545),12.064,49.463545,10.911035,1,http://www.wikidata.org/entity/Q1516079,"Forstgrenzsteine der Nord- und Westgrenzen des Fürther Stadtwaldes Nrn. 4–5, 10, 12, 13–15, 18–25, 27, 29",cultural heritage ensemble,,D,blue
2166,http://www.wikidata.org/entity/Q41369868,,Point(11.017507134 49.415698575),6.059,49.415698575467,11.017507134872,1,http://www.wikidata.org/entity/Q5526694,Mühlstrasse 1,Gasthaus,,D,blue
2167,http://www.wikidata.org/entity/Q41369934,,Point(10.89264 49.50575),14.534,49.50575,10.89264,1,http://www.wikidata.org/entity/Q3947,Ehemaliges Wirtshaus Bernbach,house,,D,blue
2168,http://www.wikidata.org/entity/Q41369932,,Point(11.019364365 49.415809885),5.955,49.415809885004,11.019364365856,1,http://www.wikidata.org/entity/Q1516079,Bleistiftfabrik A. W. Faber-Castell,cultural heritage ensemble,,D,blue
2169,http://www.wikidata.org/entity/Q41370104,,Point(10.965180035 49.453073881),8.104,49.453073881153,10.965180035391,1,http://www.wikidata.org/entity/Q5526694,Forsthaus,Gasthaus,,D,blue
2170,http://www.wikidata.org/entity/Q41370335,,Point(11.14984 49.52962),9.919,49.52962,11.14984,1,http://www.wikidata.org/entity/Q1516079,Q41370335,cultural heritage ensemble,,D,blue
2171,http://www.wikidata.org/entity/Q41370355,,Point(11.15528 49.53685),10.809,49.53685,11.15528,1,http://www.wikidata.org/entity/Q3947,Q41370355,house,,D,blue
2172,http://www.wikidata.org/entity/Q41370352,,Point(11.15526 49.53806),10.924,49.53806,11.15526,1,http://www.wikidata.org/entity/Q5526694,Q41370352,Gasthaus,,D,blue
2173,http://www.wikidata.org/entity/Q41370361,,Point(11.15449 49.53669),10.764,49.53669,11.15449,1,http://www.wikidata.org/entity/Q12020836,Small half-timbered house in Heroldsberg,timber-framed house,,D,blue
2175,http://www.wikidata.org/entity/Q41370366,,Point(11.15435 49.53559),10.655,49.53559,11.15435,1,http://www.wikidata.org/entity/Q5526694,Q41370366,Gasthaus,,D,blue
2176,http://www.wikidata.org/entity/Q41370367,,Point(11.154207417 49.535395076),10.631,49.535395076588,11.154207417528,1,http://www.wikidata.org/entity/Q3947,Q41370367,house,,D,blue
2177,http://www.wikidata.org/entity/Q41370371,,Point(11.15359 49.53507),10.577,49.53507,11.15359,1,http://www.wikidata.org/entity/Q1516079,Q41370371,cultural heritage ensemble,,D,blue
2178,http://www.wikidata.org/entity/Q41370377,,Point(11.15359 49.53441),10.514,49.53441,11.15359,1,http://www.wikidata.org/entity/Q3947,Q41370377,house,,D,blue
2179,http://www.wikidata.org/entity/Q41370380,,Point(11.15229 49.53317),10.348,49.53317,11.15229,1,http://www.wikidata.org/entity/Q3950,Q41370380,villa,,D,blue
2180,http://www.wikidata.org/entity/Q41370386,,Point(11.15341 49.54124),11.162,49.54124,11.15341,1,http://www.wikidata.org/entity/Q1516079,Q41370386,cultural heritage ensemble,,D,blue
2181,http://www.wikidata.org/entity/Q41370384,,Point(11.15171 49.53272),10.283,49.53272,11.15171,1,http://www.wikidata.org/entity/Q1516079,Q41370384,cultural heritage ensemble,,D,blue
2182,http://www.wikidata.org/entity/Q41370392,,Point(11.1595 49.53577),10.87,49.53577,11.1595,1,http://www.wikidata.org/entity/Q607241,Q41370392,clergy house,,D,blue
2183,http://www.wikidata.org/entity/Q41370410,,Point(11.15718 49.53564),10.768,49.53564,11.15718,1,http://www.wikidata.org/entity/Q5526694,Kirchenweg 9,Gasthaus,,D,blue
2184,http://www.wikidata.org/entity/Q41370419,,Point(11.15865 49.53633),10.889,49.53633,11.15865,1,http://www.wikidata.org/entity/Q3947,Q41370419,house,,D,blue
2185,http://www.wikidata.org/entity/Q41370416,,Point(11.15223 49.53294),10.324,49.53294,11.15223,1,http://www.wikidata.org/entity/Q3947,Q41370416,house,,D,blue
2186,http://www.wikidata.org/entity/Q41370422,,Point(11.15978 49.53544),10.851,49.53544,11.15978,1,http://www.wikidata.org/entity/Q3947,Q41370422,house,,D,blue
2187,http://www.wikidata.org/entity/Q41370440,,Point(11.15753619 49.533938778),10.622,49.533938778244,11.157536190072,1,http://www.wikidata.org/entity/Q1516079,Q41370440,cultural heritage ensemble,,D,blue
2188,http://www.wikidata.org/entity/Q41370457,,Point(11.15269 49.5336),10.404,49.5336,11.15269,1,http://www.wikidata.org/entity/Q3947,Q41370457,house,,D,blue
2189,http://www.wikidata.org/entity/Q41370463,,Point(11.14747 49.51967),8.9,49.51967,11.14747,1,http://www.wikidata.org/entity/Q1640496,Zwei Steinkreuze,conciliation cross,,D,blue
2190,http://www.wikidata.org/entity/Q41370467,,Point(11.181643845 49.557704603),13.786,49.557704603645,11.181643845273,1,http://www.wikidata.org/entity/Q879050,Anwesen Kleingeschaidt 25,manor house,,D,blue
2191,http://www.wikidata.org/entity/Q41370470,,Point(11.18201 49.55779),13.808,49.55779,11.18201,1,http://www.wikidata.org/entity/Q11755880,Wohnhaus Kleingeschaidt 27,residential building,,D,blue
2192,http://www.wikidata.org/entity/Q41370472,,Point(11.18262 49.55779),13.833,49.55779,11.18262,1,http://www.wikidata.org/entity/Q11755880,Wohnhaus Kleingeschaidt 31,residential building,,D,blue
2193,http://www.wikidata.org/entity/Q41373250,,Point(11.112245454 49.339757374),12.938,49.33975737496,11.112245454358,1,http://www.wikidata.org/entity/Q2588110,Bauernhof Hinteres Dorf 12,aisled house,,D,blue
2194,http://www.wikidata.org/entity/Q41373248,,Point(11.111695232 49.339606666),12.947,49.339606666275,11.11169523266,1,http://www.wikidata.org/entity/Q3947,Anwesen Hinteres Dorf 8,house,,D,blue
2195,http://www.wikidata.org/entity/Q41373253,,Point(11.11213 49.33931),12.985,49.33931,11.11213,1,http://www.wikidata.org/entity/Q5526694,Gasthaus Rother Straße 5,Gasthaus,,D,blue
2196,http://www.wikidata.org/entity/Q41373259,,Point(11.113262559 49.339367379),12.995,49.339367379822,11.113262559435,1,http://www.wikidata.org/entity/Q2588110,Anwesen Rother Straße 21,aisled house,,D,blue
2197,http://www.wikidata.org/entity/Q41373263,,Point(11.110810759 49.338791779),13.024,49.338791779492,11.110810759641,1,http://www.wikidata.org/entity/Q1277340,Felsenkeller Schaftnacher Weg 5,rock cellar,,D,blue
2198,http://www.wikidata.org/entity/Q41373265,,Point(11.18039 49.36362),12.503,49.36362,11.18039,1,http://www.wikidata.org/entity/Q12661150,Bildstock Wendelstein,column shrine,,D,blue
2199,http://www.wikidata.org/entity/Q41373268,,Point(11.180345066 49.363151583),12.543,49.363151583996,11.180345066794,1,http://www.wikidata.org/entity/Q22698,Schlosspark,park,,D,blue
2200,http://www.wikidata.org/entity/Q41373275,,Point(11.180726252 49.36357633),12.522,49.363576330979,11.180726252792,1,http://www.wikidata.org/entity/Q98141586,Verwalterhaus,Q98141586,,D,blue
2201,http://www.wikidata.org/entity/Q41373273,,Point(11.180817596 49.363258403),12.554,49.3632584031,11.18081759686,1,http://www.wikidata.org/entity/Q41176,Köblergut,building,,D,blue
2202,http://www.wikidata.org/entity/Q41373278,,Point(11.180288664 49.363481257),12.511,49.363481257112,11.180288664818,1,http://www.wikidata.org/entity/Q3947,Wohnstallhaus,house,,D,blue
2203,http://www.wikidata.org/entity/Q41373282,,Point(11.114417 49.3478),12.096,49.3478,11.114417,1,http://www.wikidata.org/entity/Q43483,Pumpbrunnen Rangaustraße,water well,,D,blue
2204,http://www.wikidata.org/entity/Q41373281,,Point(11.18143 49.36299),12.604,49.36299,11.18143,1,http://www.wikidata.org/entity/Q992794,Wolfgangsquelle am Gauchsbach,spring box,,D,blue
2205,http://www.wikidata.org/entity/Q41373287,,Point(11.122640694 49.358700855),11.079,49.358700855083,11.122640694858,1,http://www.wikidata.org/entity/Q158438,Sorger Brücke,arch bridge,,D,blue
2206,http://www.wikidata.org/entity/Q41373303,,Point(11.113430373 49.346691634),12.201,49.346691634663,11.113430373752,1,http://www.wikidata.org/entity/Q3947,Anwesen Rangaustraße 8,house,,D,blue
2207,http://www.wikidata.org/entity/Q41373300,,Point(11.10951396 49.345337545),12.291,49.345337545633,11.109513960831,1,http://www.wikidata.org/entity/Q98446138,Mesnerhaus Rangaustraße 3,verger's house,,D,blue
2208,http://www.wikidata.org/entity/Q41373311,,Point(11.115249614 49.349173768),11.961,49.349173768872,11.115249614521,1,http://www.wikidata.org/entity/Q2588110,Wohnstallhaus Rangaustraße 28,aisled house,,D,blue
2209,http://www.wikidata.org/entity/Q41373308,,Point(11.11466 49.34804),12.074,49.34804,11.11466,1,http://www.wikidata.org/entity/Q798436,Backhaus Rangaustraße 22,bakehouse,,D,blue
2210,http://www.wikidata.org/entity/Q41373313,,Point(11.115975488 49.349225528),11.967,49.349225528785,11.115975488205,1,http://www.wikidata.org/entity/Q58148313,Hirtenhaus Rangaustraße 41,Q58148313,,D,blue
2211,http://www.wikidata.org/entity/Q41373316,,Point(11.114213758 49.348907433),11.973,49.348907433138,11.114213758787,1,http://www.wikidata.org/entity/Q2588110,Anwesen Rangaustraße 31,aisled house,,D,blue
2212,http://www.wikidata.org/entity/Q41373317,,Point(11.11405 49.34949),11.907,49.34949,11.11405,1,http://www.wikidata.org/entity/Q131596,Anwesen Rangaustraße 37,farm,,D,blue
2213,http://www.wikidata.org/entity/Q41373326,,Point(11.19683 49.35239),14.217,49.35239,11.19683,1,http://www.wikidata.org/entity/Q3947,Ehemaliges Forsthaus,house,,D,blue
2214,http://www.wikidata.org/entity/Q41373327,,Point(11.1975 49.35194),14.286,49.35194,11.1975,1,http://www.wikidata.org/entity/Q1516079,Ehemaliges Forstgut,cultural heritage ensemble,,D,blue
2215,http://www.wikidata.org/entity/Q41373331,,Point(11.085548293 49.334043508),13.337,49.334043508087,11.085548293389,1,http://www.wikidata.org/entity/Q1303167,Scheune An der Mühle 2,barn,,D,blue
2216,http://www.wikidata.org/entity/Q41373339,,Point(11.0880183 49.334385416),13.308,49.334385416824,11.088018300449,1,http://www.wikidata.org/entity/Q5526694,Gasthaus Penzendorfer Straße 2,Gasthaus,,D,blue
2217,http://www.wikidata.org/entity/Q41373346,,Point(11.14563551 49.343033558),13.279,49.343033558147,11.145635510867,1,http://www.wikidata.org/entity/Q131596,Wohnstallhaus Dobeneckstraße 6,farm,,D,blue
2218,http://www.wikidata.org/entity/Q41373344,,Point(11.145914276 49.342971236),13.293,49.342971236582,11.145914276112,1,http://www.wikidata.org/entity/Q131596,Köblergut Dobeneckstraße 2,farm,,D,blue
2219,http://www.wikidata.org/entity/Q41373354,,Point(11.1489853 49.3426575),13.41,49.3426575,11.1489853,1,http://www.wikidata.org/entity/Q131596,Wohnstallhaus Rosengartenstraße 10,farm,,D,blue
2220,http://www.wikidata.org/entity/Q41373352,,Point(11.1489551 49.3428663),13.388,49.3428663,11.1489551,1,http://www.wikidata.org/entity/Q2588110,Wohnstallhaus Rosengartenstraße 7,aisled house,,D,blue
2221,http://www.wikidata.org/entity/Q41373359,,Point(11.171771477 49.358775299),12.591,49.358775299141,11.171771477198,1,http://www.wikidata.org/entity/Q1640496,Zwei Steinkreuze bei Röthenbach b. Sankt Wolfgang,conciliation cross,,D,blue
2222,http://www.wikidata.org/entity/Q41373361,,Point(11.170010634 49.363723401),12.061,49.363723401067,11.170010634635,1,http://www.wikidata.org/entity/Q5526694,Gasthaus Alte Salzstraße 14,Gasthaus,,D,blue
2223,http://www.wikidata.org/entity/Q41373367,,Point(11.17045086 49.363504876),12.099,49.363504876071,11.170450860609,1,http://www.wikidata.org/entity/Q5526694,Gasthaus Alte Salzstraße 21,Gasthaus,,D,blue
2224,http://www.wikidata.org/entity/Q41373364,,Point(11.1694386 49.3608391),12.306,49.3608391,11.1694386,1,http://www.wikidata.org/entity/Q3947,Ehem. Richter- und Zollhaus,house,,D,blue
2225,http://www.wikidata.org/entity/Q41373371,,Point(11.169832436 49.362642294),12.154,49.362642294488,11.169832436229,1,http://www.wikidata.org/entity/Q2588110,Wohnstallhaus Alte Salzstraße 27,aisled house,,D,blue
2226,http://www.wikidata.org/entity/Q41373369,,Point(11.170370672 49.363210255),12.123,49.36321025577,11.170370672766,1,http://www.wikidata.org/entity/Q12292478,Gutshaus Alte Salzstraße 23,estate,,D,blue
2227,http://www.wikidata.org/entity/Q41373374,,Point(11.169988808 49.360678554),12.343,49.360678554152,11.169988808299,1,http://www.wikidata.org/entity/Q3947,Ehem. Bauernhof in Röthenbach bei Sankt Wolfgang (D-5-76-151-125),house,,D,blue
2228,http://www.wikidata.org/entity/Q41373375,,Point(11.1694 49.36305),12.099,49.36305,11.1694,1,http://www.wikidata.org/entity/Q607241,Pfarrhaus in Röthenbach bei Sankt Wolfgang,clergy house,,D,blue
2229,http://www.wikidata.org/entity/Q41373379,,Point(11.169281077 49.36320789),12.079,49.363207890905,11.169281077834,1,http://www.wikidata.org/entity/Q5526694,Hem. Gasthaus in Röthenbach bei Sankt Wolfgang,Gasthaus,,D,blue
2230,http://www.wikidata.org/entity/Q41373382,,Point(11.16900901 49.363256663),12.064,49.363256663671,11.1690090107,1,http://www.wikidata.org/entity/Q1303167,Scheune Am Zehnthof 5,barn,,D,blue
2231,http://www.wikidata.org/entity/Q41373387,,Point(11.20575 49.35452),14.436,49.35452,11.20575,1,http://www.wikidata.org/entity/Q1030403,Brückkanal über die Schwarzach,navigable aqueduct,,D,blue
2232,http://www.wikidata.org/entity/Q41373385,,Point(11.17912 49.36425),12.392,49.36425,11.17912,1,http://www.wikidata.org/entity/Q158438,Brücke über den Ludwig-Donau-Main-Kanal bei Gugelhammer,arch bridge,,D,blue
2234,http://www.wikidata.org/entity/Q41373389,,Point(11.171543367 49.363128895),12.178,49.363128895613,11.171543367158,1,http://www.wikidata.org/entity/Q108325,Friedhofskapelle Feuchter Straße,chapel,,D,blue
2235,http://www.wikidata.org/entity/Q41373393,,Point(11.1685335 49.3659579),11.795,49.3659579,11.1685335,1,http://www.wikidata.org/entity/Q1640496,Zwei Steinkreuze und Rest eines dritten Kreuzes beim Kübler-Hof in Röthenbach b. Sankt Wolfgang,conciliation cross,,D,blue
2236,http://www.wikidata.org/entity/Q41373399,,Point(11.170866 49.3628575),12.175,49.3628575,11.170866,1,http://www.wikidata.org/entity/Q2588110,Wohnstallhaus Kugelhammerweg 2,aisled house,,D,blue
2237,http://www.wikidata.org/entity/Q41373397,,Point(11.18186 49.36387),12.545,49.36387,11.18186,1,http://www.wikidata.org/entity/Q158438,Brückkanal über den Gauchsbach,arch bridge,,D,blue
2239,http://www.wikidata.org/entity/Q41373402,,Point(11.20548 49.35274),14.576,49.35274,11.20548,1,http://www.wikidata.org/entity/Q105731,Schleuse 59 des Ludwig-Donau-Main-Kanals,lock,,D,blue
2240,http://www.wikidata.org/entity/Q41373406,,Point(11.20379 49.35911),13.956,49.35911,11.20379,1,http://www.wikidata.org/entity/Q105731,Schleuse 60 des Ludwig-Donau-Main-Kanals,lock,,D,blue
2241,http://www.wikidata.org/entity/Q41373404,,Point(11.182847437 49.363653393),12.607,49.36365339376,11.182847437303,1,http://www.wikidata.org/entity/Q105731,Schleuse 62 des Ludwig-Donau-Main-Kanals in Kugelhammer,lock,,D,blue
2242,http://www.wikidata.org/entity/Q41373413,,Point(11.170422465 49.364756585),11.982,49.364756585765,11.170422465514,1,http://www.wikidata.org/entity/Q105731,Schleuse 63 des Ludwig-Donau-Main-Kanals,lock,,D,blue
2243,http://www.wikidata.org/entity/Q41373418,,Point(11.2089423 49.3508739),14.896,49.3508739,11.2089423,1,http://www.wikidata.org/entity/Q105731,Schleuse 58 des Ludwig-Donau-Main-Kanals,lock,,D,blue
2244,http://www.wikidata.org/entity/Q41373421,,Point(11.169114314 49.362917224),12.1,49.36291722454,11.169114314275,1,http://www.wikidata.org/entity/Q3947,Ehemaliges Schul- und Mesnerhaus Schulstraße 2,house,,D,blue
2245,http://www.wikidata.org/entity/Q41373427,,Point(11.126783342 49.347222523),12.387,49.347222523336,11.126783342263,1,http://www.wikidata.org/entity/Q5526694,Gasthaus in Sorg,Gasthaus,,D,blue
2246,http://www.wikidata.org/entity/Q41373431,,Point(11.125358343 49.347672957),12.31,49.347672957979,11.125358343287,1,http://www.wikidata.org/entity/Q3947,Wohnhaus in Sorg,house,,D,blue
2247,http://www.wikidata.org/entity/Q41373429,,Point(11.12654 49.34709),12.396,49.34709,11.12654,1,http://www.wikidata.org/entity/Q11755880,Sorg Talstraße 10,residential building,,D,blue
2248,http://www.wikidata.org/entity/Q41373445,,Point(11.144438888 49.359238888),11.589,49.359238888889,11.144438888889,1,http://www.wikidata.org/entity/Q1339195,station building at Wendelstein station,station building,,D,blue
2249,http://www.wikidata.org/entity/Q41373450,,Point(11.144479517 49.356852242),11.832,49.356852242929,11.144479517315,1,http://www.wikidata.org/entity/Q1520848,Türsturz Fabrikstraße 6,splay,,D,blue
2250,http://www.wikidata.org/entity/Q41373454,,Point(11.14572 49.35743),11.811,49.35743,11.14572,1,http://www.wikidata.org/entity/Q185187,Ehem. Papiermühle in Wendelstein,watermill,,D,blue
2251,http://www.wikidata.org/entity/Q41373452,,Point(11.14496 49.35721),11.81,49.35721,11.14496,1,http://www.wikidata.org/entity/Q3947,Wohnhaus in Wendelstein,house,,D,blue
2252,http://www.wikidata.org/entity/Q41373459,,Point(11.145139675 49.357445362),11.792,49.35744536255,11.145139675431,1,http://www.wikidata.org/entity/Q3947,Bauernhof Fabrikstraße 17,house,,D,blue
2253,http://www.wikidata.org/entity/Q41373457,,Point(11.144988161 49.357252191),11.807,49.357252191292,11.144988161278,1,http://www.wikidata.org/entity/Q1303167,Scheune Fabrikstraße 15,barn,,D,blue
2254,http://www.wikidata.org/entity/Q41373462,,Point(11.14283 49.35554),11.917,49.35554,11.14283,1,http://www.wikidata.org/entity/Q43483,Wendenbrunnen in Wendelstein,water well,,D,blue
2255,http://www.wikidata.org/entity/Q41373466,,Point(11.14162306 49.35473945),11.965,49.354739450145,11.141623060243,1,http://www.wikidata.org/entity/Q58036156,Ackerbürgerhaus Hauptstraße 4,Ackerbürgerhaus,,D,blue
2256,http://www.wikidata.org/entity/Q41373471,,Point(11.142760166 49.355312801),11.938,49.355312801613,11.142760166598,1,http://www.wikidata.org/entity/Q5526694,Gasthaus Hauptstraße 12,Gasthaus,,D,blue
2257,http://www.wikidata.org/entity/Q41373469,,Point(11.142051486 49.354957069),11.955,49.354957069169,11.142051486192,1,http://www.wikidata.org/entity/Q11755880,Wohnhaus Enßerweg 1,residential building,,D,blue
2258,http://www.wikidata.org/entity/Q41373474,,Point(11.142989286 49.355310997),11.945,49.355310997289,11.142989286126,1,http://www.wikidata.org/entity/Q3947,Wohnstallhaus Hauptstraße 14,house,,D,blue
2259,http://www.wikidata.org/entity/Q41373473,,Point(11.142775797 49.355708171),11.899,49.355708171594,11.142775797615,1,http://www.wikidata.org/entity/Q3947,Ehem. Ackerbürgeranwesen in Wendelstein,house,,D,blue
2260,http://www.wikidata.org/entity/Q41373479,,Point(11.143492015 49.355657181),11.925,49.355657181274,11.143492015685,1,http://www.wikidata.org/entity/Q5526694,Gasthaus in Wendelstein,Gasthaus,,D,blue
2261,http://www.wikidata.org/entity/Q41373477,,Point(11.14336 49.35546),11.941,49.35546,11.14336,1,http://www.wikidata.org/entity/Q3947,Rathausin Wendelstein,house,,D,blue
2262,http://www.wikidata.org/entity/Q41373482,,Point(11.143780252 49.355394117),11.96,49.355394117442,11.14378025275,1,http://www.wikidata.org/entity/Q5526694,Gasthaus Hauptstraße 22,Gasthaus,,D,blue
2263,http://www.wikidata.org/entity/Q41373480,,Point(11.143440991 49.355257363),11.964,49.355257363538,11.143440991491,1,http://www.wikidata.org/entity/Q3947,Satteldachhaus in Wendelstein,house,,D,blue
2264,http://www.wikidata.org/entity/Q41373485,,Point(11.144091627 49.355524393),11.955,49.355524393627,11.14409162739,1,http://www.wikidata.org/entity/Q607241,Pfarrhaus Hauptstraße 25,clergy house,,D,blue
2265,http://www.wikidata.org/entity/Q41373490,,Point(11.144751678 49.355512203),11.976,49.355512203646,11.144751678817,1,http://www.wikidata.org/entity/Q2588110,Wohnstallhaus Hauptstraße 31,aisled house,,D,blue
2266,http://www.wikidata.org/entity/Q41373491,,Point(11.144401308 49.35507263),12.011,49.35507263014,11.144401308114,1,http://www.wikidata.org/entity/Q5526694,Gasthaus Hauptstraße 30,Gasthaus,,D,blue
2267,http://www.wikidata.org/entity/Q41373495,,Point(11.145782615 49.355887978),11.969,49.355887978436,11.145782615991,1,http://www.wikidata.org/entity/Q3947,Wohnstallhaus Unterer Hirtenbuck 5,house,,D,blue
2268,http://www.wikidata.org/entity/Q41373492,,Point(11.14480918 49.355124412),12.017,49.355124412638,11.144809180994,1,http://www.wikidata.org/entity/Q3947,Feuerwache Hauptstraße 35,house,,D,blue
2269,http://www.wikidata.org/entity/Q41373503,,Point(11.145321617 49.355530655),11.991,49.355530655043,11.145321617131,1,http://www.wikidata.org/entity/Q3947,Bauernhaus Kirchenstraße 6,house,,D,blue
2270,http://www.wikidata.org/entity/Q41373505,,Point(11.145087398 49.355614477),11.976,49.35561447746,11.145087398612,1,http://www.wikidata.org/entity/Q3947,Tagelöhnerhaus Kirchenstraße 8,house,,D,blue
2271,http://www.wikidata.org/entity/Q41373508,,Point(11.14535 49.35582),11.963,49.35582,11.14535,1,http://www.wikidata.org/entity/Q3947,Mesnerhaus in Wendelstein,house,,D,blue
2272,http://www.wikidata.org/entity/Q41373513,,Point(11.14517 49.35597),11.942,49.35597,11.14517,1,http://www.wikidata.org/entity/Q3947,Kleine Wohnhausgruppe in Wendelstein,house,,D,blue
2273,http://www.wikidata.org/entity/Q41373519,,Point(11.145043197 49.356316617),11.903,49.356316617325,11.145043197577,1,http://www.wikidata.org/entity/Q3947,Wohnhaus Kirchenstraße 24,house,,D,blue
2274,http://www.wikidata.org/entity/Q41373517,,Point(11.145231612 49.356240183),11.917,49.356240183346,11.145231612515,1,http://www.wikidata.org/entity/Q3947,Wohnhaus Kirchenstraße 22,house,,D,blue
2275,http://www.wikidata.org/entity/Q41373523,,Point(11.1435911 49.3562219),11.87,49.3562219,11.1435911,1,http://www.wikidata.org/entity/Q3947,Bauernhaus Marktstraße 5,house,,D,blue
2276,http://www.wikidata.org/entity/Q41373521,,Point(11.143295376 49.355944925),11.889,49.355944925026,11.143295376656,1,http://www.wikidata.org/entity/Q1244442,Schulgebäude Marktstraße 1,school building,,D,blue
2277,http://www.wikidata.org/entity/Q41373527,,Point(11.142572704 49.356564087),11.805,49.3565640874,11.142572704166,1,http://www.wikidata.org/entity/Q41176,Wohnhaus Mühlstraße 9,building,,D,blue
2278,http://www.wikidata.org/entity/Q41373525,,Point(11.14377 49.35606),11.892,49.35606,11.14377,1,http://www.wikidata.org/entity/Q3947,Ehem. Bauernhof in Wendelstein D-5-76-151-39,house,,D,blue
2279,http://www.wikidata.org/entity/Q41373530,,Point(11.140420008 49.356040161),11.798,49.35604016175,11.140420008212,1,http://www.wikidata.org/entity/Q1516079,Forstdienststelle in Wendelstein (D-5-76-151-41),cultural heritage ensemble,,D,blue
2280,http://www.wikidata.org/entity/Q41373534,,Point(11.14101 49.35672),11.745,49.35672,11.14101,1,http://www.wikidata.org/entity/Q3947,Mansarddachhaus in Wendelstein,house,,D,blue
2281,http://www.wikidata.org/entity/Q41373536,,Point(11.14126144 49.356913347),11.732,49.356913347077,11.14126144063,1,http://www.wikidata.org/entity/Q3947,Köblergut Nürnberger Straße 11,house,,D,blue
2282,http://www.wikidata.org/entity/Q41373543,,Point(11.142481261 49.357977927),11.659,49.357977927415,11.142481261132,1,http://www.wikidata.org/entity/Q3947,Wohnhaus Nürnberger Straße 30,house,,D,blue
2283,http://www.wikidata.org/entity/Q41373541,,Point(11.142282099 49.357783828),11.673,49.357783828161,11.14228209951,1,http://www.wikidata.org/entity/Q83405,Wohnhaus Nürnberger Straße 26,factory,,D,blue
2284,http://www.wikidata.org/entity/Q41373545,,Point(11.14321 49.35625),11.856,49.35625,11.14321,1,http://www.wikidata.org/entity/Q3947,Q41373545,house,,D,blue
2285,http://www.wikidata.org/entity/Q41373551,,Point(11.140242361 49.355371432),11.861,49.355371432545,11.140242361859,1,http://www.wikidata.org/entity/Q3947,Wohnhaus Schwabacher Straße 2,house,,D,blue
2286,http://www.wikidata.org/entity/Q41373548,,Point(11.140850531 49.355162693),11.9,49.355162693584,11.140850531526,1,http://www.wikidata.org/entity/Q5526694,Gasthaus Schwabacher Straße 1,Gasthaus,,D,blue
2287,http://www.wikidata.org/entity/Q41373552,,Point(11.142514059 49.355009641),11.962,49.355009641512,11.142514059248,1,http://www.wikidata.org/entity/Q1303167,Scheune Seitenstraße 1,barn,,D,blue
2288,http://www.wikidata.org/entity/Q41373562,,Point(11.143420385 49.354972924),11.992,49.354972924643,11.143420385387,1,http://www.wikidata.org/entity/Q970201,Kleinhaus Untere Rathausgasse 16,Q970201,,D,blue
2289,http://www.wikidata.org/entity/Q41373560,,Point(11.14331 49.35503),11.983,49.35503,11.14331,1,http://www.wikidata.org/entity/Q3947,Kleinhaus Untere Rathausgasse 14,house,,D,blue
2290,http://www.wikidata.org/entity/Q41373567,,Point(11.142856446 49.356757793),11.794,49.356757793311,11.142856446665,1,http://www.wikidata.org/entity/Q42948,Befestigungsmauer Vorderer Mühlbuck 3,wall,,D,blue
2291,http://www.wikidata.org/entity/Q41373564,,Point(11.14476 49.3549),12.039,49.3549,11.14476,1,http://www.wikidata.org/entity/Q3947,Ehem. Schul- und Armenhaus in Wendelstein,house,,D,blue
2292,http://www.wikidata.org/entity/Q41375510,,Point(11.122545039 49.326799661),14.504,49.326799661692,11.122545039103,1,http://www.wikidata.org/entity/Q489357,Bauernhaus Hauptstraße 2,farmhouse,,D,blue
2293,http://www.wikidata.org/entity/Q41375518,,Point(11.1224973 49.3253761),14.657,49.3253761,11.1224973,1,http://www.wikidata.org/entity/Q5526694,Q41375518,Gasthaus,,D,blue
2294,http://www.wikidata.org/entity/Q41388746,,Point(11.1319307 49.5574103),12.169,49.5574103,11.1319307,1,http://www.wikidata.org/entity/Q16823155,Schloss Kalchreuth,Schloss,,D,blue
2295,http://www.wikidata.org/entity/Q41389279,,Point(11.16809 49.57242),14.721,49.57242,11.16809,1,http://www.wikidata.org/entity/Q3947,Q41389279,house,,D,blue
2296,http://www.wikidata.org/entity/Q41389277,,Point(11.16966 49.57224),14.754,49.57224,11.16966,1,http://www.wikidata.org/entity/Q3947,Q41389277,house,,D,blue
2297,http://www.wikidata.org/entity/Q41389292,,Point(11.16536 49.57336),14.729,49.57336,11.16536,1,http://www.wikidata.org/entity/Q1516079,Q41389292,cultural heritage ensemble,,D,blue
2298,http://www.wikidata.org/entity/Q41390532,,Point(11.21223 49.37613),13.038,49.37613,11.21223,1,http://www.wikidata.org/entity/Q11755880,Ehemaliges Wohnhaus in Feucht,residential building,,D,blue
2299,http://www.wikidata.org/entity/Q41390538,,Point(11.21274 49.37591),13.082,49.37591,11.21274,1,http://www.wikidata.org/entity/Q655686,Wohn- und Geschäftshaus in Feucht,commercial building,,D,blue
2301,http://www.wikidata.org/entity/Q41390542,,Point(11.21422 49.37546),13.195,49.37546,11.21422,1,http://www.wikidata.org/entity/Q5526694,Gasthaus in Feucht,Gasthaus,,D,blue
2302,http://www.wikidata.org/entity/Q41390543,,Point(11.21433 49.37477),13.252,49.37477,11.21433,1,http://www.wikidata.org/entity/Q655686,Wohn- und Geschäftshaus in Feucht,commercial building,,D,blue
2305,http://www.wikidata.org/entity/Q41390546,,Point(11.21376 49.37528),13.184,49.37528,11.21376,1,http://www.wikidata.org/entity/Q11755880,Wohnhaus in Feucht,residential building,,D,blue
2306,http://www.wikidata.org/entity/Q41390545,,Point(11.21358 49.37532),13.171,49.37532,11.21358,1,http://www.wikidata.org/entity/Q5526694,Ehemaliges Gasthaus in Feucht,Gasthaus,,D,blue
2307,http://www.wikidata.org/entity/Q41390549,,Point(11.2139 49.37517),13.199,49.37517,11.2139,1,http://www.wikidata.org/entity/Q3044808,Nebengebäude in Feucht,outbuilding,,D,blue
2308,http://www.wikidata.org/entity/Q41390562,,Point(11.21152 49.37488),13.093,49.37488,11.21152,1,http://www.wikidata.org/entity/Q11755880,Wohnhaus in Feucht,residential building,,D,blue
2309,http://www.wikidata.org/entity/Q41390566,,Point(11.21211 49.37594),13.046,49.37594,11.21211,1,http://www.wikidata.org/entity/Q11755880,Wohnhaus in Feucht,residential building,,D,blue
2310,http://www.wikidata.org/entity/Q41390567,,Point(11.213956299 49.375960317),13.144,49.375960317579,11.213956299408,1,http://www.wikidata.org/entity/Q11755880,Wohnhaus in Feucht,residential building,,D,blue
2311,http://www.wikidata.org/entity/Q41390571,,Point(11.25782 49.38806),14.968,49.38806,11.25782,1,http://www.wikidata.org/entity/Q879050,Ehemaliger Herrensitz und Ehemaliges Herrenhaus in Feucht,manor house,,D,blue
2312,http://www.wikidata.org/entity/Q41390574,,Point(11.24941 49.38733),14.481,49.38733,11.24941,1,http://www.wikidata.org/entity/Q1425352,Ehemaliger Forsthof und Forsthaus in Feucht (Moosbach),forester's lodge,,D,blue
2313,http://www.wikidata.org/entity/Q41390572,,Point(11.25172 49.38711),14.638,49.38711,11.25172,1,http://www.wikidata.org/entity/Q5526694,Ehemaliges Gasthaus in Moosbach,Gasthaus,,D,blue
2314,http://www.wikidata.org/entity/Q41390579,,Point(11.259213546 49.394363647),14.727,49.394363647443,11.259213546119,1,http://www.wikidata.org/entity/Q2588110,Wohnstallhaus in Feucht,aisled house,,D,blue
2315,http://www.wikidata.org/entity/Q41390891,,Point(11.2007508 49.478412758),9.329,49.47841275832,11.200750800769,1,http://www.wikidata.org/entity/Q607241,Pfarrhaus in Schwaig,clergy house,,D,blue
2316,http://www.wikidata.org/entity/Q41390892,,Point(11.20042 49.47881),9.319,49.47881,11.20042,1,http://www.wikidata.org/entity/Q58035206,Messnerhaus in Schwaig,Q58035206,,D,blue
2317,http://www.wikidata.org/entity/Q41390898,,Point(11.200061609 49.478905152),9.297,49.478905152754,11.200061609699,1,http://www.wikidata.org/entity/Q131596,Wirtschaftshof in Schwaig,farm,,D,blue
2318,http://www.wikidata.org/entity/Q41390901,,Point(11.18593 49.47327),8.141,49.47327,11.18593,1,http://www.wikidata.org/entity/Q2588110,Ehem. Wohnstallhaus in Schwaig,aisled house,,D,blue
2319,http://www.wikidata.org/entity/Q41390915,,Point(11.217363 49.480965),10.56,49.480965,11.217363,1,http://www.wikidata.org/entity/Q1303167,Sog. Wendenscheune in Schwaig,barn,,D,blue
2320,http://www.wikidata.org/entity/Q41390919,,Point(11.197455109 49.47325148),8.947,49.473251480295,11.197455109802,1,http://www.wikidata.org/entity/Q879050,Ehem. Herrensitz in Schwaig,manor house,,D,blue
2321,http://www.wikidata.org/entity/Q41390916,,Point(11.216646058 49.481236671),10.519,49.481236671174,11.216646058641,1,http://www.wikidata.org/entity/Q2588110,Ehem. Wohnstallhaus in Schwaig,aisled house,,D,blue
2322,http://www.wikidata.org/entity/Q41390922,,Point(11.191234 49.470525),8.44,49.470525,11.191234,1,http://www.wikidata.org/entity/Q11755880,Wohnhaus in Schwaig,residential building,,D,blue
2323,http://www.wikidata.org/entity/Q41390934,,Point(11.27446 49.48116),14.566,49.48116,11.27446,1,http://www.wikidata.org/entity/Q11755880,Wohnhaus in Röthenbach an der Pegnitz,residential building,,D,blue
2324,http://www.wikidata.org/entity/Q41390933,,Point(11.274168058 49.480933987),14.541,49.480933987758,11.274168058168,1,http://www.wikidata.org/entity/Q879050,Gutshof in Röthenbach an der Pegnitz,manor house,,D,blue
2327,http://www.wikidata.org/entity/Q41390941,,Point(11.241391 49.48268),12.282,49.48268,11.241391,1,http://www.wikidata.org/entity/Q1497375,Ensemble Arbeitersiedlung II in Röthenbach an der Pegnitz,architectural ensemble,,D,blue
2328,http://www.wikidata.org/entity/Q41390950,,Point(11.2361496 49.482184),11.902,49.482184,11.2361496,1,http://www.wikidata.org/entity/Q2588110,Wohnstallhaus in Röthenbach an der Pegnitz,aisled house,,D,blue
2329,http://www.wikidata.org/entity/Q41390951,,Point(11.2360961 49.4816405),11.883,49.4816405,11.2360961,1,http://www.wikidata.org/entity/Q543654,Rathaus in Röthenbach an der Pegnitz,Rathaus,,D,blue
2330,http://www.wikidata.org/entity/Q41390948,,Point(11.237556 49.4819894),11.995,49.4819894,11.237556,1,http://www.wikidata.org/entity/Q5526694,Gasthaus in Röthenbach an der Pegnitz,Gasthaus,,D,blue
2331,http://www.wikidata.org/entity/Q41390953,,Point(11.2393244 49.4816197),12.108,49.4816197,11.2393244,1,http://www.wikidata.org/entity/Q11755880,Sog. Beamtenwohnhaus in Röthenbach an der Pegnitz,residential building,,D,blue
2332,http://www.wikidata.org/entity/Q41390957,,Point(11.2391801 49.4818032),12.103,49.4818032,11.2391801,1,http://www.wikidata.org/entity/Q11755880,Sog. Beamtenwohnhaus in Röthenbach an der Pegnitz,residential building,,D,blue
2333,http://www.wikidata.org/entity/Q41390960,,Point(11.236861 49.4811155),11.921,49.4811155,11.236861,1,http://www.wikidata.org/entity/Q11755880,Ehem. Arbeiterwohnhaus in Röthenbach an der Pegnitz,residential building,,D,blue
2334,http://www.wikidata.org/entity/Q41390961,,Point(11.2392383 49.4830124),12.142,49.4830124,11.2392383,1,http://www.wikidata.org/entity/Q11755880,Mehrfamilienhaus in Röthenbach an der Pegnitz,residential building,,D,blue
2335,http://www.wikidata.org/entity/Q41391445,,Point(11.273722222 49.490555555),14.767,49.490555555556,11.273722222222,1,http://www.wikidata.org/entity/Q879050,Former manor house Letten,manor house,,D,blue
2336,http://www.wikidata.org/entity/Q41391488,,Point(11.2335 49.53768),14.632,49.53768,11.2335,1,http://www.wikidata.org/entity/Q879050,Ehemaliger Herrensitz in Lauf an der Pegnitz,manor house,,D,blue
2337,http://www.wikidata.org/entity/Q41391495,,Point(11.20337 49.53277),12.644,49.53277,11.20337,1,http://www.wikidata.org/entity/Q131596,Ehemaliges Bauernhaus in Lauf an der Pegnitz,farm,,D,blue
2338,http://www.wikidata.org/entity/Q41391499,,Point(11.20434 49.53313),12.722,49.53313,11.20434,1,http://www.wikidata.org/entity/Q131596,"Bauernhof, Wohnstallhaus in Lauf an der Pegnitz",farm,,D,blue
2340,http://www.wikidata.org/entity/Q41391497,,Point(11.20387 49.53273),12.667,49.53273,11.20387,1,http://www.wikidata.org/entity/Q131596,Bauernhaus in Lauf an der Pegnitz,farm,,D,blue
2341,http://www.wikidata.org/entity/Q41391503,,Point(11.205041231 49.533083144),12.755,49.533083144023,11.205041231663,1,http://www.wikidata.org/entity/Q58037646,Hopfenbauernhaus in Lauf an der Pegnitz,Q58037646,,D,blue
2342,http://www.wikidata.org/entity/Q41391501,,Point(11.205249897 49.53292093),12.753,49.532920930054,11.205249897255,1,http://www.wikidata.org/entity/Q131596,"Bauernhof, Wohnstallhaus in Lauf an der Pegnitz",farm,,D,blue
2344,http://www.wikidata.org/entity/Q41391505,,Point(11.205388066 49.533248215),12.786,49.533248215929,11.205388066837,1,http://www.wikidata.org/entity/Q2588110,Wohnstallhaus in Lauf an der Pegnitz,aisled house,,D,blue
2345,http://www.wikidata.org/entity/Q41391508,,Point(11.20448 49.53351),12.758,49.53351,11.20448,1,http://www.wikidata.org/entity/Q879050,Ehemaliger Herrensitz in Lauf an der Pegnitz,manor house,,D,blue
2346,http://www.wikidata.org/entity/Q41391589,,Point(11.20689 49.54365),13.683,49.54365,11.20689,1,http://www.wikidata.org/entity/Q274153,Wasserturm in Lauf an der Pegnitz,water tower,,D,blue
2347,http://www.wikidata.org/entity/Q41391595,,Point(11.20725 49.54654),13.937,49.54654,11.20725,1,http://www.wikidata.org/entity/Q131596,Bauernhaus in Lauf an der Pegnitz,farm,,D,blue
2348,http://www.wikidata.org/entity/Q41391593,,Point(11.208413031 49.546403383),13.982,49.546403383254,11.208413031158,1,http://www.wikidata.org/entity/Q131596,Bauernhaus in Lauf an der Pegnitz,farm,,D,blue
2349,http://www.wikidata.org/entity/Q41391598,,Point(11.20676 49.54651),13.91,49.54651,11.20676,1,http://www.wikidata.org/entity/Q131596,"Bauernhof, Wohnstallhaus in Lauf an der Pegnitz",farm,,D,blue
2351,http://www.wikidata.org/entity/Q41391597,,Point(11.2064 49.54632),13.877,49.54632,11.2064,1,http://www.wikidata.org/entity/Q2588110,Ehemaliges Wohnstallhaus in Lauf an der Pegnitz,aisled house,,D,blue
2352,http://www.wikidata.org/entity/Q41391603,,Point(11.20606 49.54632),13.861,49.54632,11.20606,1,http://www.wikidata.org/entity/Q2588110,Wohnstallhaus in Lauf an der Pegnitz,aisled house,,D,blue
2353,http://www.wikidata.org/entity/Q41391601,,Point(11.20608 49.54662),13.886,49.54662,11.20608,1,http://www.wikidata.org/entity/Q131596,"Bauernhof, Bauernhaus in Lauf an der Pegnitz",farm,,D,blue
2354,http://www.wikidata.org/entity/Q41392615,,Point(11.24514907 49.49412166),12.927,49.494121660069,11.245149070077,1,http://www.wikidata.org/entity/Q16748868,Teile der Schlossmauer in Rückersdorf,city walls,,D,blue
2356,http://www.wikidata.org/entity/Q41392618,,Point(11.241893294 49.493241459),12.672,49.493241459954,11.241893294176,1,http://www.wikidata.org/entity/Q11755880,Wohnhaus in Rückersdorf,residential building,,D,blue
2357,http://www.wikidata.org/entity/Q41392619,,Point(11.24051095 49.493207333),12.577,49.493207333392,11.240510950897,1,http://www.wikidata.org/entity/Q11755880,Wohnhaus in Rückersdorf,residential building,,D,blue
2358,http://www.wikidata.org/entity/Q41392616,,Point(11.23943 49.49254),12.478,49.49254,11.23943,1,http://www.wikidata.org/entity/Q218653,Ehem. Zollstätte in Rückersdorf,custom house,,D,blue
2359,http://www.wikidata.org/entity/Q41392621,,Point(11.242415482 49.493407639),12.714,49.493407639364,11.242415482258,1,http://www.wikidata.org/entity/Q11755880,Ehem. Wohnhaus in Rückersdorf,residential building,,D,blue
2360,http://www.wikidata.org/entity/Q41392626,,Point(11.2439543 49.49405088),12.843,49.49405088,11.2439543,1,http://www.wikidata.org/entity/Q5526694,Ehem. Gasthaus in Rückersdorf,Gasthaus,,D,blue
2361,http://www.wikidata.org/entity/Q41392627,,Point(11.24428688 49.49440717),12.879,49.49440717,11.24428688,1,http://www.wikidata.org/entity/Q11755880,Wohnhaus in Rückersdorf,residential building,,D,blue
2362,http://www.wikidata.org/entity/Q41392630,,Point(11.24456048 49.49453173),12.903,49.49453173,11.24456048,1,http://www.wikidata.org/entity/Q1371789,Ehem. Lusthaus bzw. Winterung und Gartenhaus in Rückersdorf,vacation home,,D,blue
2363,http://www.wikidata.org/entity/Q41392631,,Point(11.242556027 49.49388671),12.742,49.493886710656,11.242556027777,1,http://www.wikidata.org/entity/Q1207909,Ehem. Stall in Rückersdorf,livestock housing,,D,blue
2364,http://www.wikidata.org/entity/Q41392629,,Point(11.242383851 49.493814652),12.728,49.493814652365,11.242383851979,1,http://www.wikidata.org/entity/Q2588110,Ehem. Gasthaus und Wohnstallhaus in Rückersdorf,aisled house,,D,blue
2366,http://www.wikidata.org/entity/Q41392633,,Point(11.24482333 49.4946502),12.925,49.4946502,11.24482333,1,http://www.wikidata.org/entity/Q58037722,Ehem. Taglöhnerhaus in Rückersdorf,Q58037722,,D,blue
2367,http://www.wikidata.org/entity/Q41392638,,Point(11.242952128 49.494220352),12.782,49.494220352247,11.242952128972,1,http://www.wikidata.org/entity/Q5526694,Gasthaus in Rückersdorf,Gasthaus,,D,blue
2368,http://www.wikidata.org/entity/Q41392642,,Point(11.24341 49.49426),12.814,49.49426,11.24341,1,http://www.wikidata.org/entity/Q11755880,Wohnhaus in Rückersdorf,residential building,,D,blue
2369,http://www.wikidata.org/entity/Q41392643,,Point(11.243594 49.4944342),12.833,49.4944342,11.243594,1,http://www.wikidata.org/entity/Q5526694,Gasthof in Rückersdorf,Gasthaus,,D,blue
2370,http://www.wikidata.org/entity/Q41392647,,Point(11.24259615 49.493005904),12.711,49.493005904523,11.242596150752,1,http://www.wikidata.org/entity/Q131596,Ehem. Bauernhaus in Rückersdorf,farm,,D,blue
2371,http://www.wikidata.org/entity/Q41392645,,Point(11.2457031 49.49504392),13.0,49.49504392,11.2457031,1,http://www.wikidata.org/entity/Q58037722,Taglöhnerhaus in Rückersdorf,Q58037722,,D,blue
2372,http://www.wikidata.org/entity/Q41392651,,Point(11.246772843 49.497264702),13.161,49.497264702868,11.246772843603,1,http://www.wikidata.org/entity/Q11755880,Mehrfamilienhaus in Rückersdorf,residential building,,D,blue
2373,http://www.wikidata.org/entity/Q41392649,,Point(11.24360025 49.49146893),12.722,49.49146893,11.24360025,1,http://www.wikidata.org/entity/Q2588110,Ehem. Wohnstallhaus in Rückersdorf,aisled house,,D,blue
2374,http://www.wikidata.org/entity/Q41392654,,Point(11.24365388 49.4936258),12.806,49.4936258,11.24365388,1,http://www.wikidata.org/entity/Q58037772,Kleinhaus in Rückersdorf,Q58037772,,D,blue
2375,http://www.wikidata.org/entity/Q41392653,,Point(11.24409913 49.4938488),12.845,49.4938488,11.24409913,1,http://www.wikidata.org/entity/Q879050,Ehem. Herrensitz: Herrenhaus in Rückersdorf,manor house,,D,blue
2376,http://www.wikidata.org/entity/Q41392659,,Point(11.24468923 49.49301603),12.854,49.49301603,11.24468923,1,http://www.wikidata.org/entity/Q131596,"Bauernhof, Wohnstallhaus in Rückersdorf",farm,,D,blue
2378,http://www.wikidata.org/entity/Q41392656,,Point(11.24495208 49.49307877),12.874,49.49307877,11.24495208,1,http://www.wikidata.org/entity/Q2588110,Ehem. Wohnstallhaus in Rückersdorf,aisled house,,D,blue
2379,http://www.wikidata.org/entity/Q41392661,,Point(11.24469458 49.49257352),12.837,49.49257352,11.24469458,1,http://www.wikidata.org/entity/Q607241,"Pfarrhof, Evang.-Luth. Pfarrhaus in Rückersdorf",clergy house,,D,blue
2380,http://www.wikidata.org/entity/Q41392664,,Point(11.26101 49.50538),14.455,49.50538,11.26101,1,http://www.wikidata.org/entity/Q879050,Ehem. Herrensitz in Rückersdorf,manor house,,D,blue
2381,http://www.wikidata.org/entity/Q41404678,,Point(11.20755 49.43851),9.57,49.43851,11.20755,1,http://www.wikidata.org/entity/Q921099,Forstreviergrenzstein in Laufamholzer Forst,boundary marker,,D,blue
2382,http://www.wikidata.org/entity/Q41404679,,Point(11.16197 49.42027),7.172,49.42027,11.16197,1,http://www.wikidata.org/entity/Q1640496,Steinkreuz in Forsthof,conciliation cross,,D,blue
2383,http://www.wikidata.org/entity/Q41410551,,Point(11.1048 49.46436),2.304,49.46436,11.1048,1,http://www.wikidata.org/entity/Q1516079,Herrensitz Schübelsberg,cultural heritage ensemble,,D,blue
2384,http://www.wikidata.org/entity/Q41410554,,Point(11.10713 49.46365),2.415,49.46365,11.10713,1,http://www.wikidata.org/entity/Q3950,Q41410554,villa,,D,blue
2385,http://www.wikidata.org/entity/Q41410552,,Point(11.10739 49.46683),2.609,49.46683,11.10739,1,http://www.wikidata.org/entity/Q3947,Q41410552,house,,D,blue
2386,http://www.wikidata.org/entity/Q41410556,,Point(11.10706 49.46376),2.416,49.46376,11.10706,1,http://www.wikidata.org/entity/Q3950,Q41410556,villa,,D,blue
2387,http://www.wikidata.org/entity/Q41410557,,Point(11.10743 49.46389),2.446,49.46389,11.10743,1,http://www.wikidata.org/entity/Q3947,Q41410557,house,,D,blue
2388,http://www.wikidata.org/entity/Q41410560,,Point(11.109336954 49.466342051),2.699,49.466342051855,11.109336954812,1,http://www.wikidata.org/entity/Q1516079,Q41410560,cultural heritage ensemble,,D,blue
2389,http://www.wikidata.org/entity/Q41410561,,Point(11.10647 49.46322),2.351,49.46322,11.10647,1,http://www.wikidata.org/entity/Q1516079,Q41410561,cultural heritage ensemble,,D,blue
2390,http://www.wikidata.org/entity/Q41410567,,Point(11.10864 49.4615),2.419,49.4615,11.10864,1,http://www.wikidata.org/entity/Q3947,Q41410567,house,,D,blue
2391,http://www.wikidata.org/entity/Q41410564,,Point(11.10801 49.46137),2.371,49.46137,11.10801,1,http://www.wikidata.org/entity/Q3947,Q41410564,house,,D,blue
2392,http://www.wikidata.org/entity/Q41410565,,Point(11.10846 49.46147),2.405,49.46147,11.10846,1,http://www.wikidata.org/entity/Q3947,Q41410565,house,,D,blue
2393,http://www.wikidata.org/entity/Q41410570,,Point(11.11014 49.46332),2.596,49.46332,11.11014,1,http://www.wikidata.org/entity/Q4989906,Monument to Ludwig Feuerbach in Nuremberg,monument,,D,blue
2395,http://www.wikidata.org/entity/Q41410571,,Point(11.11097 49.4623),2.608,49.4623,11.11097,1,http://www.wikidata.org/entity/Q3947,Q41410571,house,,D,blue
2396,http://www.wikidata.org/entity/Q41410569,,Point(11.10879 49.46152),2.43,49.46152,11.10879,1,http://www.wikidata.org/entity/Q3947,Q41410569,house,,D,blue
2397,http://www.wikidata.org/entity/Q41410575,,Point(11.11617 49.46616),3.124,49.46616,11.11617,1,http://www.wikidata.org/entity/Q3947,Gneisenaustraße 15,house,,D,blue
2398,http://www.wikidata.org/entity/Q41410572,,Point(11.10897 49.46159),2.445,49.46159,11.10897,1,http://www.wikidata.org/entity/Q3947,Q41410572,house,,D,blue
2399,http://www.wikidata.org/entity/Q41410573,,Point(11.10931 49.46205),2.486,49.46205,11.10931,1,http://www.wikidata.org/entity/Q3947,Q41410573,house,,D,blue
2400,http://www.wikidata.org/entity/Q41410578,,Point(11.118513091 49.466046161),3.272,49.466046161203,11.118513091653,1,http://www.wikidata.org/entity/Q3947,Hohenlohestraße 9-17,house,,D,blue
2401,http://www.wikidata.org/entity/Q41410579,,Point(11.11868 49.46779),3.367,49.46779,11.11868,1,http://www.wikidata.org/entity/Q3950,Steinplattenweg 24,villa,,D,blue
2402,http://www.wikidata.org/entity/Q41410576,,Point(11.11863 49.46566),3.262,49.46566,11.11863,1,http://www.wikidata.org/entity/Q3947,Hohenlohestraße 8,house,,D,blue
2403,http://www.wikidata.org/entity/Q41410583,,Point(11.120833827 49.465033371),3.382,49.465033371054,11.120833827181,1,http://www.wikidata.org/entity/Q317557,St. Jobst,parish church,,D,blue
2404,http://www.wikidata.org/entity/Q41410580,,Point(11.11915 49.4658),3.303,49.4658,11.11915,1,http://www.wikidata.org/entity/Q3947,Steuerwald-Landmann-Straße 5-13,house,,D,blue
2405,http://www.wikidata.org/entity/Q41410581,,Point(11.10986 49.46131),2.494,49.46131,11.10986,1,http://www.wikidata.org/entity/Q3947,Q41410581,house,,D,blue
2406,http://www.wikidata.org/entity/Q41410586,,Point(11.12248 49.46382),3.448,49.46382,11.12248,1,http://www.wikidata.org/entity/Q1516079,Q41410586,cultural heritage ensemble,,D,blue
2407,http://www.wikidata.org/entity/Q41410585,,Point(11.12133 49.46488),3.41,49.46488,11.12133,1,http://www.wikidata.org/entity/Q607241,Q41410585,clergy house,,D,blue
2408,http://www.wikidata.org/entity/Q41410590,,Point(11.032889 49.530995),9.155,49.530995,11.032889,1,http://www.wikidata.org/entity/Q1516079,Boundary stone Elanger Straße,cultural heritage ensemble,,D,blue
2409,http://www.wikidata.org/entity/Q41410591,,Point(11.127347676 49.467308583),3.913,49.467308583028,11.127347676194,1,http://www.wikidata.org/entity/Q3950,Erlenstegenstraße 16-16a,villa,,D,blue
2410,http://www.wikidata.org/entity/Q41410588,,Point(11.129448 49.473477),4.354,49.473477,11.129448,1,http://www.wikidata.org/entity/Q3950,Eichendorffstraße 33,villa,,D,blue
2411,http://www.wikidata.org/entity/Q41410589,,Point(11.13005 49.47403),4.422,49.47403,11.13005,1,http://www.wikidata.org/entity/Q3950,Eichendorffstraße 34,villa,,D,blue
2412,http://www.wikidata.org/entity/Q41410594,,Point(11.12938 49.46899),4.122,49.46899,11.12938,1,http://www.wikidata.org/entity/Q1516079,Erlenstegenstraße 39 (D-5-64-000-2516),cultural heritage ensemble,,D,blue
2413,http://www.wikidata.org/entity/Q41410592,,Point(11.12809 49.46728),3.962,49.46728,11.12809,1,http://www.wikidata.org/entity/Q3950,Erlenstegenstraße 18,villa,,D,blue
2414,http://www.wikidata.org/entity/Q41410593,,Point(11.1294 49.46823),4.09,49.46823,11.1294,1,http://www.wikidata.org/entity/Q3950,Erlenstegenstraße 28,villa,,D,blue
2415,http://www.wikidata.org/entity/Q41410598,,Point(11.130604607 49.469067652),4.207,49.469067652429,11.13060460774,1,http://www.wikidata.org/entity/Q3950,Erlenstegenstraße 44,villa,,D,blue
2416,http://www.wikidata.org/entity/Q41410599,,Point(11.13095 49.47),4.272,49.47,11.13095,1,http://www.wikidata.org/entity/Q3947,Erlenstegenstraße 53,house,,D,blue
2417,http://www.wikidata.org/entity/Q41410597,,Point(11.130140975 49.46877149),4.163,49.46877149047,11.130140975299,1,http://www.wikidata.org/entity/Q3950,Erlenstegenstraße 40,villa,,D,blue
2418,http://www.wikidata.org/entity/Q41410602,,Point(11.13548 49.4723),4.677,49.4723,11.13548,1,http://www.wikidata.org/entity/Q3947,Erlenstegenstraße 89,house,,D,blue
2419,http://www.wikidata.org/entity/Q41410600,,Point(11.13164 49.46979),4.308,49.46979,11.13164,1,http://www.wikidata.org/entity/Q3950,Erlenstegenstraße 54,villa,,D,blue
2420,http://www.wikidata.org/entity/Q41410606,,Point(11.13601 49.47242),4.718,49.47242,11.13601,1,http://www.wikidata.org/entity/Q5526694,Erlenstegenstraße 95,Gasthaus,,D,blue
2421,http://www.wikidata.org/entity/Q41410607,,Point(11.13909 49.47214),4.906,49.47214,11.13909,1,http://www.wikidata.org/entity/Q3947,Erlenstegenstraße 106,house,,D,blue
2422,http://www.wikidata.org/entity/Q41410604,,Point(11.13579 49.4723),4.697,49.4723,11.13579,1,http://www.wikidata.org/entity/Q3947,Erlenstegenstraße 93,house,,D,blue
2423,http://www.wikidata.org/entity/Q41410610,,Point(11.13784 49.4728),4.855,49.4728,11.13784,1,http://www.wikidata.org/entity/Q16823155,Erlenstegenstraße 111 (D-5-64-000-440),Schloss,,D,blue
2424,http://www.wikidata.org/entity/Q41410611,,Point(11.13952 49.47208),4.931,49.47208,11.13952,1,http://www.wikidata.org/entity/Q3947,Erlenstegenstraße 112,house,,D,blue
2425,http://www.wikidata.org/entity/Q41410608,,Point(11.13927 49.47211),4.916,49.47211,11.13927,1,http://www.wikidata.org/entity/Q3947,Erlenstegenstraße 108,house,,D,blue
2426,http://www.wikidata.org/entity/Q41410612,,Point(11.14023 49.4721),4.979,49.4721,11.14023,1,http://www.wikidata.org/entity/Q1516079,Erlenstegenstraße 116-118,cultural heritage ensemble,,D,blue
2427,http://www.wikidata.org/entity/Q41410613,,Point(11.12609 49.46779),3.851,49.46779,11.12609,1,http://www.wikidata.org/entity/Q3950,Grimmstraße 3,villa,,D,blue
2428,http://www.wikidata.org/entity/Q41410618,,Point(11.13728 49.47442),4.9,49.47442,11.13728,1,http://www.wikidata.org/entity/Q3947,Günthersbühler Straße 25,house,,D,blue
2429,http://www.wikidata.org/entity/Q41410616,,Point(11.13828 49.47309),4.898,49.47309,11.13828,1,http://www.wikidata.org/entity/Q3947,Günthersbühler Straße 7,house,,D,blue
2430,http://www.wikidata.org/entity/Q41410617,,Point(11.13794 49.47369),4.905,49.47369,11.13794,1,http://www.wikidata.org/entity/Q1516079,Günthersbühler Straße 15,cultural heritage ensemble,,D,blue
2431,http://www.wikidata.org/entity/Q41410622,,Point(11.130786649 49.474258997),4.481,49.474258997833,11.130786649596,1,http://www.wikidata.org/entity/Q3950,Hebelstraße 2,villa,,D,blue
2432,http://www.wikidata.org/entity/Q41410623,,Point(11.12833 49.47307),4.261,49.47307,11.12833,1,http://www.wikidata.org/entity/Q3947,Q41410623,house,,D,blue
2433,http://www.wikidata.org/entity/Q41410621,,Point(11.142525261 49.483609089),5.757,49.483609089499,11.142525261172,1,http://www.wikidata.org/entity/Q3947,Günthersbühler Straße 145,house,,D,blue
2434,http://www.wikidata.org/entity/Q41410626,,Point(11.14028 49.4733),5.038,49.4733,11.14028,1,http://www.wikidata.org/entity/Q3947,Kohlbuckweg 9,house,,D,blue
2435,http://www.wikidata.org/entity/Q41410627,,Point(11.13277 49.47412),4.598,49.47412,11.13277,1,http://www.wikidata.org/entity/Q3950,Mörikestraße 4,villa,,D,blue
2436,http://www.wikidata.org/entity/Q41410625,,Point(11.12835 49.47345),4.284,49.47345,11.12835,1,http://www.wikidata.org/entity/Q1307276,Hubertusstraße 10,single-family detached home,,D,blue
2437,http://www.wikidata.org/entity/Q41410630,,Point(11.122104941 49.473408472),3.899,49.473408472788,11.122104941123,1,http://www.wikidata.org/entity/Q1516079,Spitalhof 3a-3b,cultural heritage ensemble,,D,blue
2438,http://www.wikidata.org/entity/Q41410631,,Point(11.13014 49.47112),4.273,49.47112,11.13014,1,http://www.wikidata.org/entity/Q43483,Bärenbrunnen (Nürnberg),water well,,D,blue
2439,http://www.wikidata.org/entity/Q41410628,,Point(11.13357 49.47318),4.598,49.47318,11.13357,1,http://www.wikidata.org/entity/Q3950,Schlegelstraße 11,villa,,D,blue
2440,http://www.wikidata.org/entity/Q41410629,,Point(11.121355769 49.473860291),3.883,49.473860291423,11.121355769901,1,http://www.wikidata.org/entity/Q3947,Spitalhof 1,house,,D,blue
2441,http://www.wikidata.org/entity/Q41410634,,Point(11.13628 49.47278),4.753,49.47278,11.13628,1,http://www.wikidata.org/entity/Q1516079,Voßstraße 19a,cultural heritage ensemble,,D,blue
2442,http://www.wikidata.org/entity/Q41410635,,Point(11.13687 49.47291),4.797,49.47291,11.13687,1,http://www.wikidata.org/entity/Q3947,Zapfengasse 5,house,,D,blue
2443,http://www.wikidata.org/entity/Q41410639,,Point(11.13535 49.45839),4.226,49.45839,11.13535,1,http://www.wikidata.org/entity/Q3947,Bothmerstraße 43,house,,D,blue
2444,http://www.wikidata.org/entity/Q41410637,,Point(11.133243983 49.457723631),4.066,49.457723631202,11.133243983385,1,http://www.wikidata.org/entity/Q3950,Bothmerstraße 2,villa,,D,blue
2445,http://www.wikidata.org/entity/Q41410642,,Point(11.13339 49.46018),4.114,49.46018,11.13339,1,http://www.wikidata.org/entity/Q1516079,Christophstraße 17,cultural heritage ensemble,,D,blue
2446,http://www.wikidata.org/entity/Q41410643,,Point(11.14142 49.46249),4.732,49.46249,11.14142,1,http://www.wikidata.org/entity/Q1516079,Föhrenstraße,cultural heritage ensemble,,D,blue
2447,http://www.wikidata.org/entity/Q41410640,,Point(11.13567 49.45846),4.25,49.45846,11.13567,1,http://www.wikidata.org/entity/Q3947,Bothmerstraße 45,house,,D,blue
2448,http://www.wikidata.org/entity/Q41410646,,Point(11.13347 49.46026),4.122,49.46026,11.13347,1,http://www.wikidata.org/entity/Q3947,Freiligrathstraße 29,house,,D,blue
2449,http://www.wikidata.org/entity/Q41410647,,Point(11.12936 49.45929),3.811,49.45929,11.12936,1,http://www.wikidata.org/entity/Q3947,Kinkelstraße 2,house,,D,blue
2450,http://www.wikidata.org/entity/Q41410644,,Point(11.13368 49.45933),4.12,49.45933,11.13368,1,http://www.wikidata.org/entity/Q1339195,station building at Nuremberg-Mögeldorf station,station building,,D,blue
2451,http://www.wikidata.org/entity/Q41410651,,Point(11.13086 49.46184),3.971,49.46184,11.13086,1,http://www.wikidata.org/entity/Q1516079,Kirchenberg 1,cultural heritage ensemble,,D,blue
2452,http://www.wikidata.org/entity/Q41410649,,Point(11.13056 49.45883),3.889,49.45883,11.13056,1,http://www.wikidata.org/entity/Q3950,Kinkelstraße 12,villa,,D,blue
2453,http://www.wikidata.org/entity/Q41410654,,Point(11.13186 49.46226),4.052,49.46226,11.13186,1,http://www.wikidata.org/entity/Q16823155,Kirchenberg 7,Schloss,,D,blue
2454,http://www.wikidata.org/entity/Q41410653,,Point(11.13151 49.46201),4.021,49.46201,11.13151,1,http://www.wikidata.org/entity/Q3947,Kirchenberg 5,house,,D,blue
2455,http://www.wikidata.org/entity/Q41410658,,Point(11.1324 49.462112),4.086,49.462112,11.1324,1,http://www.wikidata.org/entity/Q607241,Kirchenberg 13,clergy house,,D,blue
2456,http://www.wikidata.org/entity/Q41410656,,Point(11.13188 49.46205),4.048,49.46205,11.13188,1,http://www.wikidata.org/entity/Q1516079,Kirchenberg 9 (D-5-64-000-998),cultural heritage ensemble,,D,blue
2457,http://www.wikidata.org/entity/Q41410657,,Point(11.13211 49.46221),4.069,49.46221,11.13211,1,http://www.wikidata.org/entity/Q16823155,Kirchenberg 11,Schloss,,D,blue
2458,http://www.wikidata.org/entity/Q41410663,,Point(11.1325 49.46114),4.071,49.46114,11.1325,1,http://www.wikidata.org/entity/Q3947,Laufamholzstraße 6 (D-5-64-000-1176),house,,D,blue
2459,http://www.wikidata.org/entity/Q41410661,,Point(11.13225 49.46135),4.058,49.46135,11.13225,1,http://www.wikidata.org/entity/Q3947,Laufamholzstraße 5,house,,D,blue
2460,http://www.wikidata.org/entity/Q41410667,,Point(11.132923231 49.461461104),4.108,49.461461104302,11.132923231962,1,http://www.wikidata.org/entity/Q16823155,Laufamholzstraße 11-13,Schloss,,D,blue
2461,http://www.wikidata.org/entity/Q41410664,,Point(11.13269 49.46147),4.092,49.46147,11.13269,1,http://www.wikidata.org/entity/Q3947,Laufamholzstraße 9,house,,D,blue
2462,http://www.wikidata.org/entity/Q41410665,,Point(11.13298 49.46123),4.107,49.46123,11.13298,1,http://www.wikidata.org/entity/Q1516079,Laufamholzstraße 10,cultural heritage ensemble,,D,blue
2463,http://www.wikidata.org/entity/Q41410670,,Point(11.125080998 49.456797334),3.469,49.456797334795,11.125080998704,1,http://www.wikidata.org/entity/Q607241,Lindnerstraße 9,clergy house,,D,blue
2464,http://www.wikidata.org/entity/Q41410668,,Point(11.13334 49.4613),4.134,49.4613,11.13334,1,http://www.wikidata.org/entity/Q3947,Laufamholzstraße 14,house,,D,blue
2465,http://www.wikidata.org/entity/Q41410674,,Point(11.12773 49.4587),3.684,49.4587,11.12773,1,http://www.wikidata.org/entity/Q3947,Mögeldorfer Hauptstraße 5 (D-5-64-000-1342),house,,D,blue
2466,http://www.wikidata.org/entity/Q41410675,,Point(11.12792 49.4588),3.7,49.4588,11.12792,1,http://www.wikidata.org/entity/Q3947,Mögeldorfer Hauptstraße 7 (D-5-64-000-1343),house,,D,blue
2467,http://www.wikidata.org/entity/Q41410673,,Point(11.12724 49.45892),3.653,49.45892,11.12724,1,http://www.wikidata.org/entity/Q3950,Mögeldorfer Hauptstraße 1,villa,,D,blue
2468,http://www.wikidata.org/entity/Q41410679,,Point(11.130049697 49.46022911),3.878,49.460229110846,11.130049697247,1,http://www.wikidata.org/entity/Q1516079,Mögeldorfer Hauptstraße 47,cultural heritage ensemble,,D,blue
2469,http://www.wikidata.org/entity/Q41410677,,Point(11.12963 49.46049),3.853,49.46049,11.12963,1,http://www.wikidata.org/entity/Q3947,Mögeldorfer Hauptstraße 45,house,,D,blue
2470,http://www.wikidata.org/entity/Q41410683,,Point(11.131111973 49.460922308),3.968,49.460922308554,11.131111973294,1,http://www.wikidata.org/entity/Q5526694,Mögeldorfer Hauptstraße 59,Gasthaus,,D,blue
2471,http://www.wikidata.org/entity/Q41410680,,Point(11.130623 49.460841),3.931,49.460841,11.130623,1,http://www.wikidata.org/entity/Q16823155,Mögeldorfer Hauptstraße 55,Schloss,,D,blue
2472,http://www.wikidata.org/entity/Q41410681,,Point(11.13096 49.46081),3.954,49.46081,11.13096,1,http://www.wikidata.org/entity/Q3947,Mögeldorfer Hauptstraße 57,house,,D,blue
2473,http://www.wikidata.org/entity/Q41410686,,Point(11.13145 49.46108),3.995,49.46108,11.13145,1,http://www.wikidata.org/entity/Q5526694,Mögeldorfer Hauptstraße 63,Gasthaus,,D,blue
2474,http://www.wikidata.org/entity/Q41410685,,Point(11.13183 49.46095),4.019,49.46095,11.13183,1,http://www.wikidata.org/entity/Q3947,Mögeldorfer Hauptstraße 62,house,,D,blue
2475,http://www.wikidata.org/entity/Q41410690,,Point(11.13352 49.45552),4.068,49.45552,11.13352,1,http://www.wikidata.org/entity/Q3950,Schmausenbuckstraße 62 (D-5-64-000-1774),villa,,D,blue
2476,http://www.wikidata.org/entity/Q41410688,,Point(11.13121 49.45949),3.946,49.45949,11.13121,1,http://www.wikidata.org/entity/Q5526694,Schmausenbuckstraße 14,Gasthaus,,D,blue
2477,http://www.wikidata.org/entity/Q41410689,,Point(11.13321 49.45712),4.057,49.45712,11.13321,1,http://www.wikidata.org/entity/Q3947,Schmausenbuckstraße 37,house,,D,blue
2478,http://www.wikidata.org/entity/Q41410694,,Point(11.13405 49.45485),4.103,49.45485,11.13405,1,http://www.wikidata.org/entity/Q3947,Schmausenbuckstraße 70 (D-5-64-000-2351),house,,D,blue
2479,http://www.wikidata.org/entity/Q41410693,,Point(11.134850659 49.454851772),4.161,49.454851772809,11.134850659308,1,http://www.wikidata.org/entity/Q3950,Schmausenbuckstraße 67,villa,,D,blue
2480,http://www.wikidata.org/entity/Q41410698,,Point(11.12968 49.45674),3.799,49.45674,11.12968,1,http://www.wikidata.org/entity/Q3950,Q41410698,villa,,D,blue
2481,http://www.wikidata.org/entity/Q41410699,,Point(11.132276033 49.461793954),4.07,49.461793954363,11.132276033528,1,http://www.wikidata.org/entity/Q16823155,Ziegenstraße 3-5,Schloss,,D,blue
2482,http://www.wikidata.org/entity/Q41410696,,Point(11.1244 49.45682),3.42,49.45682,11.1244,1,http://www.wikidata.org/entity/Q149566,Thusneldastraße 5,middle school,,D,blue
2486,http://www.wikidata.org/entity/Q41410702,,Point(11.133246627 49.462085464),4.145,49.462085464915,11.133246627999,1,http://www.wikidata.org/entity/Q16823155,Ziegenstraße 12,Schloss,,D,blue
2487,http://www.wikidata.org/entity/Q41410700,,Point(11.13258 49.4616),4.087,49.4616,11.13258,1,http://www.wikidata.org/entity/Q5526694,Ziegenstraße 8,Gasthaus,,D,blue
2488,http://www.wikidata.org/entity/Q41410706,,Point(11.13729 49.46732),4.586,49.46732,11.13729,1,http://www.wikidata.org/entity/Q3947,Ebenseestraße 2a-4 (D-5-64-000-2295),house,,D,blue
2489,http://www.wikidata.org/entity/Q41410704,,Point(11.13329781 49.462384103),4.156,49.462384103044,11.133297810975,1,http://www.wikidata.org/entity/Q3947,Ziegenstraße 20 (D-5-64-000-2508),house,,D,blue
2490,http://www.wikidata.org/entity/Q41410705,,Point(11.133436139 49.462718744),4.175,49.462718744345,11.133436139421,1,http://www.wikidata.org/entity/Q1516079,Ziegenstraße 27,cultural heritage ensemble,,D,blue
2491,http://www.wikidata.org/entity/Q41410710,,Point(11.14264 49.46719),4.949,49.46719,11.14264,1,http://www.wikidata.org/entity/Q3950,Im Weller 29,villa,,D,blue
2492,http://www.wikidata.org/entity/Q41410708,,Point(11.1366 49.46723),4.536,49.46723,11.1366,1,http://www.wikidata.org/entity/Q3947,Kapferstraße 4-6 Ebenseestraße 3,house,,D,blue
2493,http://www.wikidata.org/entity/Q41410709,,Point(11.13693 49.46742),4.565,49.46742,11.13693,1,http://www.wikidata.org/entity/Q3947,Ebenseestraße 5-7,house,,D,blue
2494,http://www.wikidata.org/entity/Q41410715,,Point(11.17577 49.46654),7.255,49.46654,11.17577,1,http://www.wikidata.org/entity/Q3947,Am Herrenwäldchen 2,house,,D,blue
2495,http://www.wikidata.org/entity/Q41410712,,Point(11.13608 49.46732),4.504,49.46732,11.13608,1,http://www.wikidata.org/entity/Q3947,Kapferstraße 8-14 (D-5-64-000-2320),house,,D,blue
2496,http://www.wikidata.org/entity/Q41410713,,Point(11.13668 49.46771),4.559,49.46771,11.13668,1,http://www.wikidata.org/entity/Q3947,Schilfstraße 5-7,house,,D,blue
2497,http://www.wikidata.org/entity/Q41410718,,Point(11.17468 49.46618),7.17,49.46618,11.17468,1,http://www.wikidata.org/entity/Q3947,Am Herrenwäldchen 10-12 (D-5-64-000-2272),house,,D,blue
2498,http://www.wikidata.org/entity/Q41410716,,Point(11.17554 49.46615),7.23,49.46615,11.17554,1,http://www.wikidata.org/entity/Q3947,Am Herrenwäldchen 5,house,,D,blue
2499,http://www.wikidata.org/entity/Q41410717,,Point(11.17501 49.46634),7.197,49.46634,11.17501,1,http://www.wikidata.org/entity/Q3947,Am Herrenwäldchen 8,house,,D,blue
2500,http://www.wikidata.org/entity/Q41410722,,Point(11.1747 49.4659),7.165,49.4659,11.1747,1,http://www.wikidata.org/entity/Q3947,Am Herrenwäldchen 15,house,,D,blue
2501,http://www.wikidata.org/entity/Q41410723,,Point(11.17468 49.46572),7.16,49.46572,11.17468,1,http://www.wikidata.org/entity/Q3947,Am Herrenwäldchen 17,house,,D,blue
2502,http://www.wikidata.org/entity/Q41410720,,Point(11.17497 49.46602),7.187,49.46602,11.17497,1,http://www.wikidata.org/entity/Q3947,Am Herrenwäldchen 11,house,,D,blue
2503,http://www.wikidata.org/entity/Q41410727,,Point(11.15651 49.46636),5.891,49.46636,11.15651,1,http://www.wikidata.org/entity/Q3947,Laufamholzstraße 197,house,,D,blue
2504,http://www.wikidata.org/entity/Q41410724,,Point(11.16799 49.46786),6.736,49.46786,11.16799,1,http://www.wikidata.org/entity/Q16970,Heuchlinger Straße 15,church building,,D,blue
2505,http://www.wikidata.org/entity/Q41410725,,Point(11.16424 49.46185),6.346,49.46185,11.16424,1,http://www.wikidata.org/entity/Q3947,In der Finstermail 11,house,,D,blue
2506,http://www.wikidata.org/entity/Q41410730,,Point(11.16125 49.46653),6.228,49.46653,11.16125,1,http://www.wikidata.org/entity/Q3947,Moritzbergstraße 36,house,,D,blue
2507,http://www.wikidata.org/entity/Q41410731,,Point(11.16344 49.46609),6.372,49.46609,11.16344,1,http://www.wikidata.org/entity/Q1516079,Moritzbergstraße 50-52,cultural heritage ensemble,,D,blue
2508,http://www.wikidata.org/entity/Q41410728,,Point(11.15659 49.46658),5.902,49.46658,11.15659,1,http://www.wikidata.org/entity/Q3947,Laufamholzstraße 199 (D-5-64-000-2395),house,,D,blue
2509,http://www.wikidata.org/entity/Q41410729,,Point(11.15695 49.46665),5.929,49.46665,11.15695,1,http://www.wikidata.org/entity/Q3947,Laufamholzstraße 201,house,,D,blue
2510,http://www.wikidata.org/entity/Q41410734,,Point(11.16436 49.46626),6.441,49.46626,11.16436,1,http://www.wikidata.org/entity/Q16970,Moritzbergstraße 62,church building,,D,blue
2511,http://www.wikidata.org/entity/Q41410733,,Point(11.16373 49.46669),6.407,49.46669,11.16373,1,http://www.wikidata.org/entity/Q3947,Moritzbergstraße 51,house,,D,blue
2512,http://www.wikidata.org/entity/Q41410738,,Point(11.14744 49.46644),5.258,49.46644,11.14744,1,http://www.wikidata.org/entity/Q43483,Zur schmerzhaften Mutter,water well,,D,blue
2513,http://www.wikidata.org/entity/Q41410739,,Point(11.14813 49.46698),5.322,49.46698,11.14813,1,http://www.wikidata.org/entity/Q16823155,Schloss Unterbürg,Schloss,,D,blue
2514,http://www.wikidata.org/entity/Q41410736,,Point(11.160811829 49.467366729),6.219,49.467366729061,11.160811829079,1,http://www.wikidata.org/entity/Q3947,Winner Zeile 15,house,,D,blue
2515,http://www.wikidata.org/entity/Q41410742,,Point(11.16898 49.46961),6.853,49.46961,11.16898,1,http://www.wikidata.org/entity/Q5526694,Einkehr zum Hammer,Gasthaus,,D,blue
2516,http://www.wikidata.org/entity/Q41410743,,Point(11.16869 49.46976),6.837,49.46976,11.16869,1,http://www.wikidata.org/entity/Q170980,Denkmal in Hammer,obelisk,,D,blue
2518,http://www.wikidata.org/entity/Q41410741,,Point(11.168551976 49.46963101),6.824,49.469631010083,11.168551976006,1,http://www.wikidata.org/entity/Q3947,Herrenhaus Hammer (Nuremberg),house,,D,blue
2519,http://www.wikidata.org/entity/Q41410746,,Point(11.16926 49.46957),6.871,49.46957,11.16926,1,http://www.wikidata.org/entity/Q3947,Christoph-Carl-Platz 10 / 12,house,,D,blue
2520,http://www.wikidata.org/entity/Q41410744,,Point(11.16802 49.46995),6.796,49.46995,11.16802,1,http://www.wikidata.org/entity/Q3947,Christoph-Carl-Platz 1,house,,D,blue
2521,http://www.wikidata.org/entity/Q41410745,,Point(11.168215216 49.469772956),6.804,49.469772956905,11.168215216181,1,http://www.wikidata.org/entity/Q3947,Christoph-Carl-Platz 2 / 4,house,,D,blue
2522,http://www.wikidata.org/entity/Q41410750,,Point(11.16882 49.46998),6.852,49.46998,11.16882,1,http://www.wikidata.org/entity/Q3947,Doppelhaus in Hammer,house,,D,blue
2523,http://www.wikidata.org/entity/Q41410751,,Point(11.16909 49.46999),6.871,49.46999,11.16909,1,http://www.wikidata.org/entity/Q1516079,Christoph-Carl-Platz 25,cultural heritage ensemble,,D,blue
2524,http://www.wikidata.org/entity/Q41410748,,Point(11.16947 49.46952),6.885,49.46952,11.16947,1,http://www.wikidata.org/entity/Q3947,Christoph-Carl-Platz 14,house,,D,blue
2525,http://www.wikidata.org/entity/Q41410749,,Point(11.16844 49.46996),6.825,49.46996,11.16844,1,http://www.wikidata.org/entity/Q3947,Uhrenhaus,house,,D,blue
2526,http://www.wikidata.org/entity/Q41410755,,Point(11.16978 49.46969),6.911,49.46969,11.16978,1,http://www.wikidata.org/entity/Q11755880,Gießerei,residential building,,D,blue
2527,http://www.wikidata.org/entity/Q41410753,,Point(11.16928 49.46982),6.88,49.46982,11.16928,1,http://www.wikidata.org/entity/Q3947,Ehemaliges Arbeiterwohnhaus und Verwaltungsgebäude in Hammer,house,,D,blue
2528,http://www.wikidata.org/entity/Q41410759,,Point(11.12359 49.44396),3.523,49.44396,11.12359,1,http://www.wikidata.org/entity/Q3947,Q41410759,house,,D,blue
2529,http://www.wikidata.org/entity/Q41410756,,Point(11.124235 49.4436583),3.578,49.4436583,11.124235,1,http://www.wikidata.org/entity/Q1516079,Endressche Gaststätte,cultural heritage ensemble,,D,blue
2532,http://www.wikidata.org/entity/Q41410757,,Point(11.12398 49.44379),3.556,49.44379,11.12398,1,http://www.wikidata.org/entity/Q3947,Q41410757,house,,D,blue
2533,http://www.wikidata.org/entity/Q41410763,,Point(11.13526 49.43066),4.922,49.43066,11.13526,1,http://www.wikidata.org/entity/Q1516079,Martersäule Zum Sebald in Nürnberg,cultural heritage ensemble,,D,blue
2534,http://www.wikidata.org/entity/Q41410760,,Point(11.13237 49.44561),4.086,49.44561,11.13237,1,http://www.wikidata.org/entity/Q1516079,Q41410760,cultural heritage ensemble,,D,blue
2536,http://www.wikidata.org/entity/Q41410766,,Point(11.13029 49.43241),4.514,49.43241,11.13029,1,http://www.wikidata.org/entity/Q1516079,Umspannwerk Regensburger Straße,cultural heritage ensemble,,D,blue
2537,http://www.wikidata.org/entity/Q41410767,,Point(11.13338 49.43069),4.805,49.43069,11.13338,1,http://www.wikidata.org/entity/Q1516079,Q41410767,cultural heritage ensemble,,D,blue
2538,http://www.wikidata.org/entity/Q41410765,,Point(11.13523 49.4307),4.917,49.4307,11.13523,1,http://www.wikidata.org/entity/Q1640496,Steinkreuz in Nürnberg,conciliation cross,,D,blue
2539,http://www.wikidata.org/entity/Q41410770,,Point(11.139851062 49.42811877),5.353,49.428118770464,11.13985106291,1,http://www.wikidata.org/entity/Q1516079,Q41410770,cultural heritage ensemble,,D,blue
2540,http://www.wikidata.org/entity/Q41410768,,Point(11.13556 49.4294),5.015,49.4294,11.13556,1,http://www.wikidata.org/entity/Q1516079,Q41410768,cultural heritage ensemble,,D,blue
2541,http://www.wikidata.org/entity/Q41410774,,Point(11.148858456 49.451049357),5.182,49.451049357178,11.14885845636,1,http://www.wikidata.org/entity/Q1516079,Q41410774,cultural heritage ensemble,,D,blue
2542,http://www.wikidata.org/entity/Q41410772,,Point(11.14897 49.44933),5.205,49.44933,11.14897,1,http://www.wikidata.org/entity/Q1516079,Memorial stone for a student who died in an accident in 1869,cultural heritage ensemble,,D,blue
2543,http://www.wikidata.org/entity/Q41410779,,Point(11.18622 49.41903),8.777,49.41903,11.18622,1,http://www.wikidata.org/entity/Q2519340,Nuremberg Fischbacher Hauptstraße 121,administrative building,,D,blue
2545,http://www.wikidata.org/entity/Q41410776,,Point(11.127366294 49.440321109),3.921,49.440321109662,11.127366294134,1,http://www.wikidata.org/entity/Q3950,Q41410776,villa,,D,blue
2546,http://www.wikidata.org/entity/Q41410782,,Point(11.1909 49.42024),9.025,49.42024,11.1909,1,http://www.wikidata.org/entity/Q2588110,Anwesen Fischbacher Hauptstraße 169,aisled house,,D,blue
2547,http://www.wikidata.org/entity/Q41410783,,Point(11.192194272 49.420123041),9.116,49.420123041695,11.192194272573,1,http://www.wikidata.org/entity/Q16823155,Scheurl’sches Schloss Nürnberg-Fischbach,Schloss,,D,blue
2548,http://www.wikidata.org/entity/Q41410780,,Point(11.18711 49.41861),8.855,49.41861,11.18711,1,http://www.wikidata.org/entity/Q16970,Heilig-Geist,church building,,D,blue
2549,http://www.wikidata.org/entity/Q41410787,,Point(11.19199 49.42073),9.075,49.42073,11.19199,1,http://www.wikidata.org/entity/Q3947,Nuremberg Fischbacher Hauptstraße 181,house,,D,blue
2550,http://www.wikidata.org/entity/Q41410784,,Point(11.19256 49.4203),9.132,49.4203,11.19256,1,http://www.wikidata.org/entity/Q2588110,Anwesen Fischbacher Hauptstraße 176,aisled house,,D,blue
2551,http://www.wikidata.org/entity/Q41410790,,Point(11.1932 49.42044),9.168,49.42044,11.1932,1,http://www.wikidata.org/entity/Q11755880,Nuremberg Fischbacher Hauptstraße 189,residential building,,D,blue
2552,http://www.wikidata.org/entity/Q41410788,,Point(11.19379 49.41994),9.229,49.41994,11.19379,1,http://www.wikidata.org/entity/Q5526694,Nuremberg Fischbacher Hauptstraße 186,Gasthaus,,D,blue
2553,http://www.wikidata.org/entity/Q41410789,,Point(11.193 49.42039),9.157,49.42039,11.193,1,http://www.wikidata.org/entity/Q1591278,Anwesen Fischbacher Hauptstraße 187,house mark,,D,blue
2554,http://www.wikidata.org/entity/Q41410794,,Point(11.19575 49.4188),9.411,49.4188,11.19575,1,http://www.wikidata.org/entity/Q5526694,Gasthaus „Zum Roten Ochsen“ Nürnberg-Fischbach,Gasthaus,,D,blue
2555,http://www.wikidata.org/entity/Q41410795,,Point(11.197881117 49.41881329),9.551,49.418813290455,11.197881117007,1,http://www.wikidata.org/entity/Q1425352,Ehem. Forstanwesen Nürnberg Fischbacher Hauptstraße 233,forester's lodge,,D,blue
2556,http://www.wikidata.org/entity/Q41410793,,Point(11.194229754 49.420334966),9.241,49.420334966189,11.194229754528,1,http://www.wikidata.org/entity/Q16823155,Harsdorfsches Schloss Nürnberg-Fischbach,Schloss,,D,blue
2557,http://www.wikidata.org/entity/Q41410799,,Point(11.18805 49.42078),8.813,49.42078,11.18805,1,http://www.wikidata.org/entity/Q1640496,Steinkreuz in Fischbach,conciliation cross,,D,blue
2558,http://www.wikidata.org/entity/Q41410796,,Point(11.202286378 49.420838992),9.755,49.420838992286,11.20228637871,1,http://www.wikidata.org/entity/Q2354897,Autobahnmeisterei Nürnberg-Fischbach,road maintenance depot,,D,blue
2559,http://www.wikidata.org/entity/Q41410797,,Point(11.19597 49.41966),9.386,49.41966,11.19597,1,http://www.wikidata.org/entity/Q317557,Auferstehungskirche,parish church,,D,blue
2561,http://www.wikidata.org/entity/Q41410802,,Point(11.19518 49.41983),9.326,49.41983,11.19518,1,http://www.wikidata.org/entity/Q358,Kriegerdenkmal,heritage site,,D,blue
2562,http://www.wikidata.org/entity/Q41410800,,Point(11.196545401 49.418370167),9.483,49.418370167143,11.196545401001,1,http://www.wikidata.org/entity/Q3947,Nuremberg-Fischbach Hutbergstraße 3,house,,D,blue
2563,http://www.wikidata.org/entity/Q41410806,,Point(11.26183 49.41197),14.134,49.41197,11.26183,1,http://www.wikidata.org/entity/Q3947,Ehemaliges Gasthaus in Birnthon,house,,D,blue
2564,http://www.wikidata.org/entity/Q41410807,,Point(11.26159 49.41215),14.111,49.41215,11.26159,1,http://www.wikidata.org/entity/Q11755880,Wohnhaus Birnthon 7,residential building,,D,blue
2565,http://www.wikidata.org/entity/Q41410804,,Point(11.26186 49.41219),14.128,49.41219,11.26186,1,http://www.wikidata.org/entity/Q879050,Ehemaliger Herrensitz Birnthon,manor house,,D,blue
2566,http://www.wikidata.org/entity/Q41410810,,Point(11.25359 49.43587),12.901,49.43587,11.25359,1,http://www.wikidata.org/entity/Q1516079,Brunner Hauptstraße 25,cultural heritage ensemble,,D,blue
2567,http://www.wikidata.org/entity/Q41410811,,Point(11.25343 49.43633),12.882,49.43633,11.25343,1,http://www.wikidata.org/entity/Q1516079,Dillbergstraße 1,cultural heritage ensemble,,D,blue
2568,http://www.wikidata.org/entity/Q41410809,,Point(11.25247 49.43597),12.819,49.43597,11.25247,1,http://www.wikidata.org/entity/Q1516079,Brunner Hauptstraße 17,cultural heritage ensemble,,D,blue
2569,http://www.wikidata.org/entity/Q41410819,,Point(11.028757082 49.470160922),3.948,49.470160922035,11.028757082841,1,http://www.wikidata.org/entity/Q1640496,Soldatenkreuz,conciliation cross,,D,blue
2570,http://www.wikidata.org/entity/Q41410822,,Point(11.02838 49.46862),3.897,49.46862,11.02838,1,http://www.wikidata.org/entity/Q3947,Holsteiner Straße 2a,house,,D,blue
2571,http://www.wikidata.org/entity/Q41410820,,Point(11.027345143 49.470058074),4.034,49.47005807491,11.027345143486,1,http://www.wikidata.org/entity/Q1516079,Dannreuther'scher Herrensitz,cultural heritage ensemble,,D,blue
2572,http://www.wikidata.org/entity/Q41410821,,Point(11.01766 49.47085),4.705,49.47085,11.01766,1,http://www.wikidata.org/entity/Q1516079,Herderstraße 7,cultural heritage ensemble,,D,blue
2573,http://www.wikidata.org/entity/Q41410826,,Point(11.03439 49.46681),3.418,49.46681,11.03439,1,http://www.wikidata.org/entity/Q1516079,Ehemalige Wohn- und Pflegestätte für Lungenkranke,cultural heritage ensemble,,D,blue
2575,http://www.wikidata.org/entity/Q41410825,,Point(11.01811 49.46921),4.605,49.46921,11.01811,1,http://www.wikidata.org/entity/Q1516079,Niederweg 10,cultural heritage ensemble,,D,blue
2576,http://www.wikidata.org/entity/Q41410830,,Point(11.02915 49.46742),3.792,49.46742,11.02915,1,http://www.wikidata.org/entity/Q3947,Serz'sches Herrenhaus,house,,D,blue
2577,http://www.wikidata.org/entity/Q41410828,,Point(11.030710504 49.466907315),3.666,49.466907315038,11.030710504513,1,http://www.wikidata.org/entity/Q3950,Schnieglinger Straße 223,villa,,D,blue
2578,http://www.wikidata.org/entity/Q41410829,,Point(11.03007 49.46723),3.722,49.46723,11.03007,1,http://www.wikidata.org/entity/Q1516079,Louis Vetter,cultural heritage ensemble,,D,blue
2579,http://www.wikidata.org/entity/Q41410835,,Point(11.026915576 49.468211782),3.975,49.468211782351,11.026915576881,1,http://www.wikidata.org/entity/Q1516079,Hörmann’scher Herrensitz,cultural heritage ensemble,,D,blue
2580,http://www.wikidata.org/entity/Q41410832,,Point(11.02868 49.46731),3.818,49.46731,11.02868,1,http://www.wikidata.org/entity/Q3947,Schnieglinger Straße 233,house,,D,blue
2581,http://www.wikidata.org/entity/Q41410833,,Point(11.02817 49.46803),3.884,49.46803,11.02817,1,http://www.wikidata.org/entity/Q3947,Schnieglinger Straße 244 (Nuremberg-Schniegling),house,,D,blue
2582,http://www.wikidata.org/entity/Q41410838,,Point(11.01841 49.46915),4.582,49.46915,11.01841,1,http://www.wikidata.org/entity/Q3947,Schnieglinger Straße 333,house,,D,blue
2583,http://www.wikidata.org/entity/Q41410839,,Point(11.0318 49.46653),3.577,49.46653,11.0318,1,http://www.wikidata.org/entity/Q1516079,Sturmauslassabzweigung Süßheimweg,cultural heritage ensemble,,D,blue
2584,http://www.wikidata.org/entity/Q41410837,,Point(11.0263 49.46855),4.031,49.46855,11.0263,1,http://www.wikidata.org/entity/Q3947,Schnieglinger Straße 258,house,,D,blue
2585,http://www.wikidata.org/entity/Q41410842,,Point(11.026850885 49.46769385),3.956,49.467693850673,11.026850885142,1,http://www.wikidata.org/entity/Q3947,Weihergartenstraße 8,house,,D,blue
2586,http://www.wikidata.org/entity/Q41410843,,Point(11.02641 49.46724),3.967,49.46724,11.02641,1,http://www.wikidata.org/entity/Q3947,Weihergartenstraße 9,house,,D,blue
2587,http://www.wikidata.org/entity/Q41410841,,Point(11.02761 49.46753),3.899,49.46753,11.02761,1,http://www.wikidata.org/entity/Q1516079,Doppelbauernhof Wahlerstraße,cultural heritage ensemble,,D,blue
2588,http://www.wikidata.org/entity/Q41410847,,Point(11.04278 49.47049),3.104,49.47049,11.04278,1,http://www.wikidata.org/entity/Q1516079,Alte Parlerstraße 9,cultural heritage ensemble,,D,blue
2589,http://www.wikidata.org/entity/Q41410844,,Point(11.04248 49.47068),3.134,49.47068,11.04248,1,http://www.wikidata.org/entity/Q3947,Alte Parlerstraße 7,house,,D,blue
2590,http://www.wikidata.org/entity/Q41410849,,Point(11.053901614 49.466535263),2.2,49.466535263267,11.053901614031,1,http://www.wikidata.org/entity/Q1516079,Figurengruppe Bielefelder Straße,cultural heritage ensemble,,D,blue
2591,http://www.wikidata.org/entity/Q41410855,,Point(11.044122658 49.463448206),2.623,49.463448206062,11.044122658584,1,http://www.wikidata.org/entity/Q1516079,Westfriedhof,cultural heritage ensemble,,D,blue
2592,http://www.wikidata.org/entity/Q41410852,,Point(11.0358 49.47254),3.647,49.47254,11.0358,1,http://www.wikidata.org/entity/Q1516079,Pestmarter (Wetzendorf),cultural heritage ensemble,,D,blue
2593,http://www.wikidata.org/entity/Q41410853,,Point(11.03651 49.47127),3.526,49.47127,11.03651,1,http://www.wikidata.org/entity/Q3947,Frauentaler Weg 47,house,,D,blue
2594,http://www.wikidata.org/entity/Q41410858,,Point(11.04097 49.47005),3.182,49.47005,11.04097,1,http://www.wikidata.org/entity/Q3947,Wetzendorfer Straße 239,house,,D,blue
2595,http://www.wikidata.org/entity/Q41410859,,Point(11.03928 49.47104),3.346,49.47104,11.03928,1,http://www.wikidata.org/entity/Q3947,Wetzendorfer Straße 252,house,,D,blue
2596,http://www.wikidata.org/entity/Q41410856,,Point(11.05301 49.46294),2.024,49.46294,11.05301,1,http://www.wikidata.org/entity/Q3947,Dr.-Theo-Schöller-Schule,house,,D,blue
2597,http://www.wikidata.org/entity/Q41410857,,Point(11.04578 49.46527),2.607,49.46527,11.04578,1,http://www.wikidata.org/entity/Q3947,Schnieglinger Straße 102,house,,D,blue
2598,http://www.wikidata.org/entity/Q41410863,,Point(11.03724 49.47124),3.48,49.47124,11.03724,1,http://www.wikidata.org/entity/Q3947,Wetzendorfer Straße 274,house,,D,blue
2599,http://www.wikidata.org/entity/Q41410861,,Point(11.038039086 49.471260925),3.433,49.471260925219,11.038039086046,1,http://www.wikidata.org/entity/Q3947,Wetzendorfer Straße 266,house,,D,blue
2600,http://www.wikidata.org/entity/Q41410866,,Point(11.04442 49.49897),5.549,49.49897,11.04442,1,http://www.wikidata.org/entity/Q3947,Baststraße 4,house,,D,blue
2601,http://www.wikidata.org/entity/Q41410867,,Point(11.04638 49.49891),5.483,49.49891,11.04638,1,http://www.wikidata.org/entity/Q1516079,Baststraße 20-22 (Nuremberg),cultural heritage ensemble,,D,blue
2602,http://www.wikidata.org/entity/Q41410864,,Point(11.04407605 49.499289248),5.591,49.499289248854,11.044076050224,1,http://www.wikidata.org/entity/Q3947,Baststraße 1,house,,D,blue
2603,http://www.wikidata.org/entity/Q41410865,,Point(11.04441 49.499206),5.573,49.499206,11.04441,1,http://www.wikidata.org/entity/Q1516079,Baststraße 3 (Nuremberg),cultural heritage ensemble,,D,blue
2604,http://www.wikidata.org/entity/Q41410870,,Point(11.04723 49.49916),5.484,49.49916,11.04723,1,http://www.wikidata.org/entity/Q3947,Baststraße 28,house,,D,blue
2605,http://www.wikidata.org/entity/Q41410871,,Point(11.04714 49.49955),5.527,49.49955,11.04714,1,http://www.wikidata.org/entity/Q3947,Baststraße 29,house,,D,blue
2606,http://www.wikidata.org/entity/Q41410869,,Point(11.04641577 49.499430175),5.535,49.499430175693,11.04641577026,1,http://www.wikidata.org/entity/Q1516079,Baststraße 21,cultural heritage ensemble,,D,blue
2607,http://www.wikidata.org/entity/Q41410874,,Point(11.04511 49.49738),5.368,49.49738,11.04511,1,http://www.wikidata.org/entity/Q1516079,Sandsteinbrücke,cultural heritage ensemble,,D,blue
2608,http://www.wikidata.org/entity/Q41410875,,Point(11.046645159 49.496049994),5.186,49.496049994731,11.046645159514,1,http://www.wikidata.org/entity/Q3947,Bucher Hauptstraße 55,house,,D,blue
2609,http://www.wikidata.org/entity/Q41410872,,Point(11.0482 49.49553),5.087,49.49553,11.0482,1,http://www.wikidata.org/entity/Q1516079,Kunigundenmarter (Buch),cultural heritage ensemble,,D,blue
2610,http://www.wikidata.org/entity/Q41410878,,Point(11.04687 49.4964),5.215,49.4964,11.04687,1,http://www.wikidata.org/entity/Q3947,Bucher Hauptstraße 64,house,,D,blue
2611,http://www.wikidata.org/entity/Q41410876,,Point(11.04555 49.49675),5.291,49.49675,11.04555,1,http://www.wikidata.org/entity/Q5526694,Bucher Hauptstraße 63 (Nuremberg),Gasthaus,,D,blue
2612,http://www.wikidata.org/entity/Q41410882,,Point(11.04376 49.49869),5.541,49.49869,11.04376,1,http://www.wikidata.org/entity/Q3947,Bucher Hauptstraße 89,house,,D,blue
2613,http://www.wikidata.org/entity/Q41410880,,Point(11.046418224 49.496759407),5.265,49.496759407523,11.046418224285,1,http://www.wikidata.org/entity/Q3947,Bucher Hauptstraße 68,house,,D,blue
2614,http://www.wikidata.org/entity/Q41410881,,Point(11.04528 49.49732),5.356,49.49732,11.04528,1,http://www.wikidata.org/entity/Q3947,Bucher Hauptstraße 78,house,,D,blue
2615,http://www.wikidata.org/entity/Q41410887,,Point(11.03117 49.48938),5.167,49.48938,11.03117,1,http://www.wikidata.org/entity/Q5526694,Höfleser Hauptstraße 61,Gasthaus,,D,blue
2616,http://www.wikidata.org/entity/Q41410884,,Point(11.04413 49.49899),5.56,49.49899,11.04413,1,http://www.wikidata.org/entity/Q3947,Bucher Hauptstraße 102,house,,D,blue
2617,http://www.wikidata.org/entity/Q41410885,,Point(11.04411 49.49998),5.66,49.49998,11.04411,1,http://www.wikidata.org/entity/Q5526694,Gasthaus zum goldnen Stern (Nuremberg-Buch),Gasthaus,,D,blue
2618,http://www.wikidata.org/entity/Q41410890,,Point(11.02949 49.4888),5.198,49.4888,11.02949,1,http://www.wikidata.org/entity/Q5526694,Herrensitz Höfles,Gasthaus,,D,blue
2619,http://www.wikidata.org/entity/Q41410891,,Point(11.0287 49.48837),5.2,49.48837,11.0287,1,http://www.wikidata.org/entity/Q1516079,Höfleser Hauptstraße 82,cultural heritage ensemble,,D,blue
2620,http://www.wikidata.org/entity/Q41410889,,Point(11.03029 49.48921),5.194,49.48921,11.03029,1,http://www.wikidata.org/entity/Q3947,Höfleser Hauptstraße 66,house,,D,blue
2621,http://www.wikidata.org/entity/Q41410898,,Point(11.04977 49.48479),3.972,49.48479,11.04977,1,http://www.wikidata.org/entity/Q3947,Schnepfenreuther Hauptstraße 69,house,,D,blue
2622,http://www.wikidata.org/entity/Q41410899,,Point(11.049249927 49.485045065),4.015,49.48504506584,11.049249927887,1,http://www.wikidata.org/entity/Q3947,Schnepfenreuther Hauptstraße 75,house,,D,blue
2623,http://www.wikidata.org/entity/Q41410896,,Point(11.05002 49.4847),3.954,49.4847,11.05002,1,http://www.wikidata.org/entity/Q3947,Schnepfenreuther Hauptstraße 65,house,,D,blue
2624,http://www.wikidata.org/entity/Q41410902,,Point(11.04859 49.48526),4.06,49.48526,11.04859,1,http://www.wikidata.org/entity/Q1516079,Schnepfenreuther Hauptstraße 81,cultural heritage ensemble,,D,blue
2625,http://www.wikidata.org/entity/Q41410901,,Point(11.04835 49.48576),4.117,49.48576,11.04835,1,http://www.wikidata.org/entity/Q1516079,Schnepfenreuther Hauptstraße 78,cultural heritage ensemble,,D,blue
2626,http://www.wikidata.org/entity/Q41410907,,Point(11.06624 49.47213),2.182,49.47213,11.06624,1,http://www.wikidata.org/entity/Q1516079,Äußere Bucher Straße 15,cultural heritage ensemble,,D,blue
2627,http://www.wikidata.org/entity/Q41410904,,Point(11.04811 49.48606),4.154,49.48606,11.04811,1,http://www.wikidata.org/entity/Q3947,Schnepfenreuther Hauptstraße 82,house,,D,blue
2628,http://www.wikidata.org/entity/Q41410910,,Point(11.06601 49.47275),2.252,49.47275,11.06601,1,http://www.wikidata.org/entity/Q5526694,Zu den zwei goldenen Hirschen,Gasthaus,,D,blue
2629,http://www.wikidata.org/entity/Q41410911,,Point(11.06602 49.47304),2.282,49.47304,11.06602,1,http://www.wikidata.org/entity/Q3947,Äußere Bucher Straße 31,house,,D,blue
2630,http://www.wikidata.org/entity/Q41410909,,Point(11.06602 49.4722),2.195,49.4722,11.06602,1,http://www.wikidata.org/entity/Q3947,Äußere Bucher Straße 17,house,,D,blue
2631,http://www.wikidata.org/entity/Q41410915,,Point(11.07164 49.47573),2.465,49.47573,11.07164,1,http://www.wikidata.org/entity/Q3947,Mittelstraße 6,house,,D,blue
2632,http://www.wikidata.org/entity/Q41410912,,Point(11.06692 49.46794),1.735,49.46794,11.06692,1,http://www.wikidata.org/entity/Q3947,Sonnenwohnheim (Nuremberg-Thon),house,,D,blue
2633,http://www.wikidata.org/entity/Q41410913,,Point(11.0707 49.47047),1.906,49.47047,11.0707,1,http://www.wikidata.org/entity/Q1516079,Kleinreuther Weg 87,cultural heritage ensemble,,D,blue
2634,http://www.wikidata.org/entity/Q41410919,,Point(11.07399 49.47706),2.589,49.47706,11.07399,1,http://www.wikidata.org/entity/Q3947,Mittelstraße 37 (Nuremberg),house,,D,blue
2635,http://www.wikidata.org/entity/Q41410916,,Point(11.073243383 49.47627002),2.508,49.47627002036,11.073243383704,1,http://www.wikidata.org/entity/Q1516079,Mittelstraße 24,cultural heritage ensemble,,D,blue
2636,http://www.wikidata.org/entity/Q41410922,,Point(11.07453 49.47702),2.582,49.47702,11.07453,1,http://www.wikidata.org/entity/Q3947,Mittelstraße 40,house,,D,blue
2637,http://www.wikidata.org/entity/Q41410921,,Point(11.07428 49.47695),2.575,49.47695,11.07428,1,http://www.wikidata.org/entity/Q3947,Mittelstraße 38,house,,D,blue
2638,http://www.wikidata.org/entity/Q41410926,,Point(11.064917005 49.488725831),3.977,49.488725831726,11.064917005542,1,http://www.wikidata.org/entity/Q1516079,Holzschuher-Schlösschen,cultural heritage ensemble,,D,blue
2639,http://www.wikidata.org/entity/Q41410924,,Point(11.076466266 49.477667431),2.646,49.477667431171,11.076466266667,1,http://www.wikidata.org/entity/Q3947,Mittelstraße 63,house,,D,blue
2640,http://www.wikidata.org/entity/Q41410925,,Point(11.07074 49.4756),2.462,49.4756,11.07074,1,http://www.wikidata.org/entity/Q3947,Sebaldusstraße 3,house,,D,blue
2641,http://www.wikidata.org/entity/Q41410930,,Point(11.06248 49.48979),4.135,49.48979,11.06248,1,http://www.wikidata.org/entity/Q3947,Almoshofer Hauptstraße 77,house,,D,blue
2642,http://www.wikidata.org/entity/Q41410931,,Point(11.061226564 49.490972902),4.286,49.490972902723,11.061226564989,1,http://www.wikidata.org/entity/Q3947,Almoshofer Hauptstraße 93,house,,D,blue
2643,http://www.wikidata.org/entity/Q41410928,,Point(11.06341 49.48975),4.114,49.48975,11.06341,1,http://www.wikidata.org/entity/Q5526694,Schwarzer Adler,Gasthaus,,D,blue
2644,http://www.wikidata.org/entity/Q41410935,,Point(11.06267 49.49232),4.404,49.49232,11.06267,1,http://www.wikidata.org/entity/Q3947,Irrhainstraße 23,house,,D,blue
2645,http://www.wikidata.org/entity/Q41410932,,Point(11.062781108 49.491842538),4.35,49.491842538864,11.062781108751,1,http://www.wikidata.org/entity/Q1516079,Imhoff'scher Herrensitz,cultural heritage ensemble,,D,blue
2646,http://www.wikidata.org/entity/Q41410933,,Point(11.06245 49.49236),4.412,49.49236,11.06245,1,http://www.wikidata.org/entity/Q1516079,Irrhainstraße 19,cultural heritage ensemble,,D,blue
2647,http://www.wikidata.org/entity/Q41410936,,Point(11.06289 49.49229),4.397,49.49229,11.06289,1,http://www.wikidata.org/entity/Q3947,Irrhainstraße 25,house,,D,blue
2648,http://www.wikidata.org/entity/Q41410937,,Point(11.06309 49.49229),4.393,49.49229,11.06309,1,http://www.wikidata.org/entity/Q3947,Irrhainstraße 27,house,,D,blue
2649,http://www.wikidata.org/entity/Q41410942,,Point(11.07643 49.48684),3.666,49.48684,11.07643,1,http://www.wikidata.org/entity/Q358,Kriegerdenkmal Lohe,heritage site,,D,blue
2650,http://www.wikidata.org/entity/Q41410943,,Point(11.0762 49.48704),3.689,49.48704,11.0762,1,http://www.wikidata.org/entity/Q3947,Kriegerlindenstraße 1 (Nuremberg),house,,D,blue
2651,http://www.wikidata.org/entity/Q41410940,,Point(11.066 49.48206),3.239,49.48206,11.066,1,http://www.wikidata.org/entity/Q3395121,Praun'sche Säule,wayside shrine,,D,blue
2652,http://www.wikidata.org/entity/Q41410946,,Point(11.074115599 49.487791558),3.779,49.487791558234,11.074115599241,1,http://www.wikidata.org/entity/Q3947,Loher Hauptstraße 102,house,,D,blue
2653,http://www.wikidata.org/entity/Q41410947,,Point(11.07381 49.48785),3.786,49.48785,11.07381,1,http://www.wikidata.org/entity/Q3947,Loher Hauptstraße 104,house,,D,blue
2654,http://www.wikidata.org/entity/Q41410945,,Point(11.07427 49.48766),3.763,49.48766,11.07427,1,http://www.wikidata.org/entity/Q3947,Loher Hauptstraße 100,house,,D,blue
2655,http://www.wikidata.org/entity/Q41410950,,Point(11.072185436 49.487164792),3.72,49.487164792694,11.072185436461,1,http://www.wikidata.org/entity/Q1516079,Lohestraße 227,cultural heritage ensemble,,D,blue
2656,http://www.wikidata.org/entity/Q41410951,,Point(11.050256512 49.511103252),6.657,49.511103252463,11.050256512124,1,http://www.wikidata.org/entity/Q3947,Glaserstraße 15 (Nuremberg),house,,D,blue
2657,http://www.wikidata.org/entity/Q41410949,,Point(11.07132 49.48802),3.821,49.48802,11.07132,1,http://www.wikidata.org/entity/Q3947,Loher Hauptstraße 128,house,,D,blue
2658,http://www.wikidata.org/entity/Q41410954,,Point(11.04691 49.50697),6.299,49.50697,11.04691,1,http://www.wikidata.org/entity/Q1516079,Zigeunergrab (Kraftshof),cultural heritage ensemble,,D,blue
2659,http://www.wikidata.org/entity/Q41410952,,Point(11.05212 49.51056),6.56,49.51056,11.05212,1,http://www.wikidata.org/entity/Q3947,Glaserstraße 36,house,,D,blue
2660,http://www.wikidata.org/entity/Q41410959,,Point(11.049135448 49.510860693),6.655,49.51086069349,11.049135448186,1,http://www.wikidata.org/entity/Q2588110,Kraftshofer Hauptstraße 156,aisled house,,D,blue
2661,http://www.wikidata.org/entity/Q41410956,,Point(11.04857 49.51051),6.631,49.51051,11.04857,1,http://www.wikidata.org/entity/Q3947,Kraftshofer Hauptstraße 152 (Nuremberg),house,,D,blue
2662,http://www.wikidata.org/entity/Q41410960,,Point(11.04915 49.511),6.67,49.511,11.04915,1,http://www.wikidata.org/entity/Q3947,Kraftshofer Hauptstraße 158,house,,D,blue
2663,http://www.wikidata.org/entity/Q41410961,,Point(11.049617544 49.511361742),6.698,49.511361742392,11.049617544717,1,http://www.wikidata.org/entity/Q3947,Kraftshofer Hauptstraße 162,house,,D,blue
2664,http://www.wikidata.org/entity/Q41410967,,Point(11.04985 49.51168),6.727,49.51168,11.04985,1,http://www.wikidata.org/entity/Q5526694,Schwarzer Adler (Kraftshof),Gasthaus,,D,blue
2665,http://www.wikidata.org/entity/Q41410964,,Point(11.04972 49.51151),6.711,49.51151,11.04972,1,http://www.wikidata.org/entity/Q5526694,Gasthaus Alte Post,Gasthaus,,D,blue
2666,http://www.wikidata.org/entity/Q41410965,,Point(11.049099251 49.511760055),6.751,49.51176005556,11.04909925158,1,http://www.wikidata.org/entity/Q607241,Kraftshofer Hauptstraße 165 (Nuremberg),clergy house,,D,blue
2667,http://www.wikidata.org/entity/Q41410971,,Point(11.04912 49.51213),6.79,49.51213,11.04912,1,http://www.wikidata.org/entity/Q11755880,Anwesen Kraftshofer Hauptstraße 176,residential building,,D,blue
2668,http://www.wikidata.org/entity/Q41410969,,Point(11.050036997 49.512289962),6.787,49.512289962257,11.050036997544,1,http://www.wikidata.org/entity/Q1244442,Ehemalige Schule,school building,,D,blue
2669,http://www.wikidata.org/entity/Q41410974,,Point(11.046996946 49.512386159),6.864,49.512386159357,11.046996946984,1,http://www.wikidata.org/entity/Q1516079,Q41410974,cultural heritage ensemble,,D,blue
2670,http://www.wikidata.org/entity/Q41410975,,Point(11.04852 49.51234),6.825,49.51234,11.04852,1,http://www.wikidata.org/entity/Q2588110,Anwesen Kraftshofer Hauptstraße 182,aisled house,,D,blue
2671,http://www.wikidata.org/entity/Q41410978,,Point(11.045422782 49.512804531),6.945,49.512804531741,11.045422782338,1,http://www.wikidata.org/entity/Q879050,Herrensitzes des Freiherrn Kress von Kressenstein,manor house,,D,blue
2672,http://www.wikidata.org/entity/Q41410979,,Point(11.04754 49.51256),6.87,49.51256,11.04754,1,http://www.wikidata.org/entity/Q11755880,Wohnhaus Kraftshofer Hauptstraße 192,residential building,,D,blue
2673,http://www.wikidata.org/entity/Q41410977,,Point(11.04828 49.51248),6.845,49.51248,11.04828,1,http://www.wikidata.org/entity/Q11755880,Wohnhaus Kraftshofer Hauptstraße 184,residential building,,D,blue
2674,http://www.wikidata.org/entity/Q41410981,,Point(11.04621 49.51411),7.064,49.51411,11.04621,1,http://www.wikidata.org/entity/Q1516079,Q41410981,cultural heritage ensemble,,D,blue
2675,http://www.wikidata.org/entity/Q41410986,,Point(11.046221371 49.513553662),7.005,49.513553662093,11.046221371962,1,http://www.wikidata.org/entity/Q1425352,Anwesen Kraftshofer Hauptstraße 212,forester's lodge,,D,blue
2676,http://www.wikidata.org/entity/Q41410984,,Point(11.04663 49.51309),6.947,49.51309,11.04663,1,http://www.wikidata.org/entity/Q131596,Wohnhaus Kraftshofer Hauptstraße 206,farm,,D,blue
2677,http://www.wikidata.org/entity/Q41410990,,Point(11.045986651 49.514034093),7.061,49.514034093134,11.04598665197,1,http://www.wikidata.org/entity/Q489357,Anwesen Neunhofer Schulweg 1,farmhouse,,D,blue
2678,http://www.wikidata.org/entity/Q41410991,,Point(11.05012 49.51162),6.714,49.51162,11.05012,1,http://www.wikidata.org/entity/Q11755880,Wohnhaus Schiestlstraße 3,residential building,,D,blue
2679,http://www.wikidata.org/entity/Q41410989,,Point(11.04525 49.51364),7.037,49.51364,11.04525,1,http://www.wikidata.org/entity/Q1516079,Q41410989,cultural heritage ensemble,,D,blue
2680,http://www.wikidata.org/entity/Q41410995,,Point(11.05162 49.52323),7.932,49.52323,11.05162,1,http://www.wikidata.org/entity/Q1640496,Steinkreuz (Neunhof),conciliation cross,,D,blue
2681,http://www.wikidata.org/entity/Q41410992,,Point(11.05117 49.51123),6.651,49.51123,11.05117,1,http://www.wikidata.org/entity/Q2588110,Anwesen Schiestlstraße 12,aisled house,,D,blue
2682,http://www.wikidata.org/entity/Q41410993,,Point(11.04847 49.51769),7.395,49.51769,11.04847,1,http://www.wikidata.org/entity/Q358,Kriegerdenkmal Neunhof,heritage site,,D,blue
2683,http://www.wikidata.org/entity/Q41410998,,Point(11.04859 49.52085),7.731,49.52085,11.04859,1,http://www.wikidata.org/entity/Q3947,Bauernhaus,house,,D,blue
2684,http://www.wikidata.org/entity/Q41410996,,Point(11.0491 49.5216),7.801,49.5216,11.0491,1,http://www.wikidata.org/entity/Q3947,Wohnstallhaus,house,,D,blue
2685,http://www.wikidata.org/entity/Q41410997,,Point(11.04986 49.52183),7.812,49.52183,11.04986,1,http://www.wikidata.org/entity/Q1516079,Wohnstallhaus,cultural heritage ensemble,,D,blue
2686,http://www.wikidata.org/entity/Q41411002,,Point(11.04985 49.51879),7.486,49.51879,11.04985,1,http://www.wikidata.org/entity/Q1516079,Q41411002,cultural heritage ensemble,,D,blue
2687,http://www.wikidata.org/entity/Q41411003,,Point(11.05256 49.52037),7.607,49.52037,11.05256,1,http://www.wikidata.org/entity/Q3947,Q41411003,house,,D,blue
2688,http://www.wikidata.org/entity/Q41411001,,Point(11.04836 49.51621),7.24,49.51621,11.04836,1,http://www.wikidata.org/entity/Q1640496,Bildstock und Steinkreuze,conciliation cross,,D,blue
2690,http://www.wikidata.org/entity/Q41411006,,Point(11.05016 49.519),7.502,49.519,11.05016,1,http://www.wikidata.org/entity/Q3947,Q41411006,house,,D,blue
2691,http://www.wikidata.org/entity/Q41411004,,Point(11.05015 49.51881),7.482,49.51881,11.05015,1,http://www.wikidata.org/entity/Q3947,Q41411004,house,,D,blue
2692,http://www.wikidata.org/entity/Q41411010,,Point(11.05329 49.51982),7.535,49.51982,11.05329,1,http://www.wikidata.org/entity/Q3947,Q41411010,house,,D,blue
2693,http://www.wikidata.org/entity/Q41411008,,Point(11.05094 49.51949),7.54,49.51949,11.05094,1,http://www.wikidata.org/entity/Q1516079,Q41411008,cultural heritage ensemble,,D,blue
2694,http://www.wikidata.org/entity/Q41411009,,Point(11.05256 49.52008),7.575,49.52008,11.05256,1,http://www.wikidata.org/entity/Q3947,Q41411009,house,,D,blue
2695,http://www.wikidata.org/entity/Q41411014,,Point(11.052438 49.520559),7.629,49.520559,11.052438,1,http://www.wikidata.org/entity/Q1516079,Q41411014,cultural heritage ensemble,,D,blue
2696,http://www.wikidata.org/entity/Q41411015,,Point(11.05171 49.52045),7.63,49.52045,11.05171,1,http://www.wikidata.org/entity/Q5526694,Q41411015,Gasthaus,,D,blue
2697,http://www.wikidata.org/entity/Q41411013,,Point(11.05316 49.51951),7.504,49.51951,11.05316,1,http://www.wikidata.org/entity/Q3947,Q41411013,house,,D,blue
2698,http://www.wikidata.org/entity/Q41411018,,Point(11.05093 49.52053),7.652,49.52053,11.05093,1,http://www.wikidata.org/entity/Q3947,Untere Dorfstraße 10 (Neunhof),house,,D,blue
2699,http://www.wikidata.org/entity/Q41411019,,Point(11.050107456 49.520475437),7.662,49.52047543728,11.050107456963,1,http://www.wikidata.org/entity/Q3947,Q41411019,house,,D,blue
2700,http://www.wikidata.org/entity/Q41411016,,Point(11.05121 49.52042),7.636,49.52042,11.05121,1,http://www.wikidata.org/entity/Q3947,Q41411016,house,,D,blue
2701,http://www.wikidata.org/entity/Q41411021,,Point(11.04942 49.52075),7.704,49.52075,11.04942,1,http://www.wikidata.org/entity/Q3947,Q41411021,house,,D,blue
2702,http://www.wikidata.org/entity/Q41411027,,Point(11.02271 49.51613),7.967,49.51613,11.02271,1,http://www.wikidata.org/entity/Q1516079,Schindlerhof; Bauernhaus,cultural heritage ensemble,,D,blue
2703,http://www.wikidata.org/entity/Q41411024,,Point(11.02176 49.51654),8.04,49.51654,11.02176,1,http://www.wikidata.org/entity/Q3947,Hasengasse 7,house,,D,blue
2704,http://www.wikidata.org/entity/Q41411025,,Point(11.02182 49.51683),8.066,49.51683,11.02182,1,http://www.wikidata.org/entity/Q3947,Hasengasse 9,house,,D,blue
2705,http://www.wikidata.org/entity/Q41411031,,Point(11.01095 49.52663),9.403,49.52663,11.01095,1,http://www.wikidata.org/entity/Q1516079,Großgründlacher Hauptstraße 2 (Nuremberg),cultural heritage ensemble,,D,blue
2706,http://www.wikidata.org/entity/Q41411029,,Point(11.022360052 49.516514319),8.016,49.516514319672,11.022360052647,1,http://www.wikidata.org/entity/Q3947,Steinacher Straße 12,house,,D,blue
2707,http://www.wikidata.org/entity/Q41411034,,Point(11.01071 49.52798),9.541,49.52798,11.01071,1,http://www.wikidata.org/entity/Q3947,Großgründlacher Hauptstraße 19,house,,D,blue
2708,http://www.wikidata.org/entity/Q41411035,,Point(11.01079 49.52825),9.564,49.52825,11.01079,1,http://www.wikidata.org/entity/Q3947,Baderhaus,house,,D,blue
2709,http://www.wikidata.org/entity/Q41411032,,Point(11.011 49.52739),9.474,49.52739,11.011,1,http://www.wikidata.org/entity/Q1516079,Großgründlacher Hauptstraße 8,cultural heritage ensemble,,D,blue
2710,http://www.wikidata.org/entity/Q41411033,,Point(11.01068 49.52766),9.511,49.52766,11.01068,1,http://www.wikidata.org/entity/Q1516079,Großgründlacher Hauptstraße 17,cultural heritage ensemble,,D,blue
2711,http://www.wikidata.org/entity/Q41411038,,Point(11.01123 49.5292),9.64,49.5292,11.01123,1,http://www.wikidata.org/entity/Q3947,Großgründlacher Hauptstraße 30,house,,D,blue
2712,http://www.wikidata.org/entity/Q41411037,,Point(11.01036 49.52824),9.579,49.52824,11.01036,1,http://www.wikidata.org/entity/Q3947,Großgründlacher Hauptstraße 25,house,,D,blue
2713,http://www.wikidata.org/entity/Q41411042,,Point(11.01063 49.52925),9.666,49.52925,11.01063,1,http://www.wikidata.org/entity/Q607241,Großgründlacher Hauptstraße 37,clergy house,,D,blue
2714,http://www.wikidata.org/entity/Q41411043,,Point(11.01082 49.52942),9.675,49.52942,11.01082,1,http://www.wikidata.org/entity/Q5526694,Goldener Schwan,Gasthaus,,D,blue
2715,http://www.wikidata.org/entity/Q41411040,,Point(11.00472 49.53153),10.101,49.53153,11.00472,1,http://www.wikidata.org/entity/Q3947,Großgründlacher Hauptstraße 36,house,,D,blue
2716,http://www.wikidata.org/entity/Q41411045,,Point(11.01105 49.52985),9.709,49.52985,11.01105,1,http://www.wikidata.org/entity/Q3947,Großgründlacher Hauptstraße 47,house,,D,blue
2717,http://www.wikidata.org/entity/Q41411051,,Point(11.01361 49.52661),9.304,49.52661,11.01361,1,http://www.wikidata.org/entity/Q3947,Hans-Fellner-Straße 7 (Nuremberg),house,,D,blue
2718,http://www.wikidata.org/entity/Q41411048,,Point(11.01132 49.52992),9.706,49.52992,11.01132,1,http://www.wikidata.org/entity/Q3947,Großgründlacher Hauptstraße 51,house,,D,blue
2719,http://www.wikidata.org/entity/Q41411049,,Point(11.01333 49.52717),9.368,49.52717,11.01333,1,http://www.wikidata.org/entity/Q1516079,Fachwerkscheune Hans-Fellner-Straße 2,cultural heritage ensemble,,D,blue
2721,http://www.wikidata.org/entity/Q41411052,,Point(11.0115 49.5306),9.766,49.5306,11.0115,1,http://www.wikidata.org/entity/Q1516079,Wolfsmantelmarter,cultural heritage ensemble,,D,blue
2722,http://www.wikidata.org/entity/Q41411059,,Point(11.01202 49.52749),9.446,49.52749,11.01202,1,http://www.wikidata.org/entity/Q3947,Volkacher Straße 5,house,,D,blue
2723,http://www.wikidata.org/entity/Q41411056,,Point(11.01067 49.52598),9.351,49.52598,11.01067,1,http://www.wikidata.org/entity/Q1516079,Metzgerzeichen Schweinfurter Straße 1,cultural heritage ensemble,,D,blue
2724,http://www.wikidata.org/entity/Q41411057,,Point(11.01031 49.5256),9.328,49.5256,11.01031,1,http://www.wikidata.org/entity/Q3947,Schweinfurter Straße 4,house,,D,blue
2725,http://www.wikidata.org/entity/Q41411062,,Point(10.99771 49.5345),10.649,49.5345,10.99771,1,http://www.wikidata.org/entity/Q1516079,Q41411062,cultural heritage ensemble,,D,blue
2726,http://www.wikidata.org/entity/Q41411060,,Point(11.01498 49.52671),9.266,49.52671,11.01498,1,http://www.wikidata.org/entity/Q3947,Volkacher Straße 22,house,,D,blue
2727,http://www.wikidata.org/entity/Q41411061,,Point(11.00093 49.53425),10.502,49.53425,11.00093,1,http://www.wikidata.org/entity/Q3947,Kleingründlacher Straße 11 (Nuremberg),house,,D,blue
2728,http://www.wikidata.org/entity/Q41411067,,Point(11.02063 49.53271),9.674,49.53271,11.02063,1,http://www.wikidata.org/entity/Q3947,Reutleser Straße 51 (Nuremberg),house,,D,blue
2729,http://www.wikidata.org/entity/Q41411064,,Point(11.00265 49.53249),10.27,49.53249,11.00265,1,http://www.wikidata.org/entity/Q1516079,Obermühle,cultural heritage ensemble,,D,blue
2730,http://www.wikidata.org/entity/Q41411065,,Point(11.020492147 49.532659954),9.673,49.532659954738,11.020492147021,1,http://www.wikidata.org/entity/Q1516079,Reutleser Straße 49,cultural heritage ensemble,,D,blue
2731,http://www.wikidata.org/entity/Q41411068,,Point(11.02085 49.53281),9.678,49.53281,11.02085,1,http://www.wikidata.org/entity/Q3947,Reutleser Straße 53,house,,D,blue
2732,http://www.wikidata.org/entity/Q41411069,,Point(11.02202 49.53311),9.673,49.53311,11.02202,1,http://www.wikidata.org/entity/Q1516079,Reutleser Straße 57,cultural heritage ensemble,,D,blue
2733,http://www.wikidata.org/entity/Q41411072,,Point(11.023183443 49.533618889),9.69,49.533618889419,11.023183443674,1,http://www.wikidata.org/entity/Q3947,Reutleser Straße 63,house,,D,blue
2734,http://www.wikidata.org/entity/Q41411082,,Point(11.05489262 49.349722024),11.693,49.349722024576,11.054892620235,1,http://www.wikidata.org/entity/Q1516079,Ensemble Kirchhof Katzwang,cultural heritage ensemble,,D,blue
2735,http://www.wikidata.org/entity/Q41411087,,Point(11.11646 49.43548),3.492,49.43548,11.11646,1,http://www.wikidata.org/entity/Q1516079,Bayernstraße 150 (D-5-64-000-2515),cultural heritage ensemble,,D,blue
2736,http://www.wikidata.org/entity/Q41411090,,Point(11.11761 49.43622),3.514,49.43622,11.11761,1,http://www.wikidata.org/entity/Q3947,Bayernstraße 157,house,,D,blue
2737,http://www.wikidata.org/entity/Q41411088,,Point(11.11733 49.43616),3.501,49.43616,11.11733,1,http://www.wikidata.org/entity/Q3947,Bayernstraße 155,house,,D,blue
2738,http://www.wikidata.org/entity/Q41411094,,Point(11.11864 49.4347),3.671,49.4347,11.11864,1,http://www.wikidata.org/entity/Q3950,Q41411094,villa,,D,blue
2739,http://www.wikidata.org/entity/Q41411099,,Point(11.10282 49.41501),4.699,49.41501,11.10282,1,http://www.wikidata.org/entity/Q16970,St. Paul,church building,,D,blue
2740,http://www.wikidata.org/entity/Q41411096,,Point(11.10216 49.41319),4.868,49.41319,11.10216,1,http://www.wikidata.org/entity/Q3947,Q41411096,house,,D,blue
2741,http://www.wikidata.org/entity/Q41411102,,Point(11.10365 49.41516),4.707,49.41516,11.10365,1,http://www.wikidata.org/entity/Q1244442,Q41411102,school building,,D,blue
2743,http://www.wikidata.org/entity/Q41411103,,Point(11.10213 49.41505),4.675,49.41505,11.10213,1,http://www.wikidata.org/entity/Q1516079,Q41411103,cultural heritage ensemble,,D,blue
2744,http://www.wikidata.org/entity/Q41411100,,Point(11.10285 49.41537),4.663,49.41537,11.10285,1,http://www.wikidata.org/entity/Q3947,Q41411100,house,,D,blue
2745,http://www.wikidata.org/entity/Q41411107,,Point(11.10532 49.41544),4.729,49.41544,11.10532,1,http://www.wikidata.org/entity/Q43483,Q41411107,water well,,D,blue
2746,http://www.wikidata.org/entity/Q41411104,,Point(11.10466 49.41348),4.908,49.41348,11.10466,1,http://www.wikidata.org/entity/Q1516079,Q41411104,cultural heritage ensemble,,D,blue
2747,http://www.wikidata.org/entity/Q41411110,,Point(11.10261 49.41256),4.945,49.41256,11.10261,1,http://www.wikidata.org/entity/Q3947,Q41411110,house,,D,blue
2748,http://www.wikidata.org/entity/Q41411111,,Point(11.1028 49.41209),4.998,49.41209,11.1028,1,http://www.wikidata.org/entity/Q3947,Q41411111,house,,D,blue
2749,http://www.wikidata.org/entity/Q41411109,,Point(11.10541 49.41505),4.771,49.41505,11.10541,1,http://www.wikidata.org/entity/Q5526694,Q41411109,Gasthaus,,D,blue
2750,http://www.wikidata.org/entity/Q41411115,,Point(11.10194 49.41218),4.966,49.41218,11.10194,1,http://www.wikidata.org/entity/Q3947,Q41411115,house,,D,blue
2751,http://www.wikidata.org/entity/Q41411113,,Point(11.09494 49.4108),4.956,49.4108,11.09494,1,http://www.wikidata.org/entity/Q1516079,Q41411113,cultural heritage ensemble,,D,blue
2752,http://www.wikidata.org/entity/Q41411118,,Point(11.10334 49.41354),4.864,49.41354,11.10334,1,http://www.wikidata.org/entity/Q1516079,Q41411118,cultural heritage ensemble,,D,blue
2753,http://www.wikidata.org/entity/Q41411119,,Point(11.10407 49.4137),4.868,49.4137,11.10407,1,http://www.wikidata.org/entity/Q16970,St. Willibald,church building,,D,blue
2754,http://www.wikidata.org/entity/Q41411116,,Point(11.10103 49.41341),4.815,49.41341,11.10103,1,http://www.wikidata.org/entity/Q3947,Q41411116,house,,D,blue
2755,http://www.wikidata.org/entity/Q41411122,,Point(11.10416 49.41384),4.856,49.41384,11.10416,1,http://www.wikidata.org/entity/Q607241,Q41411122,clergy house,,D,blue
2756,http://www.wikidata.org/entity/Q41411126,,Point(11.10866 49.41251),5.128,49.41251,11.10866,1,http://www.wikidata.org/entity/Q1516079,Straßenschild Im Erdwinkel,cultural heritage ensemble,,D,blue
2757,http://www.wikidata.org/entity/Q41411127,,Point(11.10746 49.41278),5.063,49.41278,11.10746,1,http://www.wikidata.org/entity/Q1516079,Straßenschild Jupiterwinkel,cultural heritage ensemble,,D,blue
2758,http://www.wikidata.org/entity/Q41411130,,Point(11.10806 49.41476),4.885,49.41476,11.10806,1,http://www.wikidata.org/entity/Q1516079,Straßenschilder Neptunweg,cultural heritage ensemble,,D,blue
2759,http://www.wikidata.org/entity/Q41411128,,Point(11.10618 49.41333),4.968,49.41333,11.10618,1,http://www.wikidata.org/entity/Q1516079,Straßenschilder Marsweg,cultural heritage ensemble,,D,blue
2760,http://www.wikidata.org/entity/Q41411134,,Point(11.10735 49.41484),4.854,49.41484,11.10735,1,http://www.wikidata.org/entity/Q3947,Ladenzentrum der Parkwohnanlage Zollhaus,house,,D,blue
2761,http://www.wikidata.org/entity/Q41411132,,Point(11.10764 49.41501),4.846,49.41501,11.10764,1,http://www.wikidata.org/entity/Q1516079,Straßenschilder Planetenring,cultural heritage ensemble,,D,blue
2762,http://www.wikidata.org/entity/Q41411133,,Point(11.107645767 49.41382895),4.964,49.413828950994,11.107645767077,1,http://www.wikidata.org/entity/Q3947,Grünanlage der Parkwohnanlage Zollhaus,house,,D,blue
2763,http://www.wikidata.org/entity/Q41411138,,Point(11.10872 49.41305),5.076,49.41305,11.10872,1,http://www.wikidata.org/entity/Q3947,Wasch- und Heizhaus der Parkwohnanlage Zollhaus,house,,D,blue
2764,http://www.wikidata.org/entity/Q41411137,,Point(11.10811 49.41309),5.052,49.41309,11.10811,1,http://www.wikidata.org/entity/Q3947,Planetenring 23,house,,D,blue
2765,http://www.wikidata.org/entity/Q41411142,,Point(11.109 49.41307),5.083,49.41307,11.109,1,http://www.wikidata.org/entity/Q1516079,Straßenschilder Saturnweg,cultural heritage ensemble,,D,blue
2766,http://www.wikidata.org/entity/Q41411143,,Point(11.11136 49.41362),5.109,49.41362,11.11136,1,http://www.wikidata.org/entity/Q3947,Q41411143,house,,D,blue
2767,http://www.wikidata.org/entity/Q41411140,,Point(11.10819 49.41409),4.955,49.41409,11.10819,1,http://www.wikidata.org/entity/Q3947,Planetenring 35-43 (Nuremberg),house,,D,blue
2768,http://www.wikidata.org/entity/Q41411145,,Point(11.10748 49.41538),4.804,49.41538,11.10748,1,http://www.wikidata.org/entity/Q1516079,Straßenschilder Sonnenstraße,cultural heritage ensemble,,D,blue
2769,http://www.wikidata.org/entity/Q41411148,,Point(11.129842 49.397049),7.373,49.397049,11.129842,1,http://www.wikidata.org/entity/Q16970,Passionskirche,church building,,D,blue
2770,http://www.wikidata.org/entity/Q41411149,,Point(11.144898 49.401891),7.57,49.401891,11.144898,1,http://www.wikidata.org/entity/Q16970,Hl. Dreifaltigkeit,church building,,D,blue
2771,http://www.wikidata.org/entity/Q41411154,,Point(11.16416 49.406601),8.19,49.406601,11.16416,1,http://www.wikidata.org/entity/Q1516079,Scheurl'scher Herrensitz,cultural heritage ensemble,,D,blue
2772,http://www.wikidata.org/entity/Q41411155,,Point(11.15566 49.41548),7.094,49.41548,11.15566,1,http://www.wikidata.org/entity/Q1516079,Q41411155,cultural heritage ensemble,,D,blue
2773,http://www.wikidata.org/entity/Q41411152,,Point(11.131044 49.398271),7.303,49.398271,11.131044,1,http://www.wikidata.org/entity/Q16970,Zum Guten Hirten,church building,,D,blue
2774,http://www.wikidata.org/entity/Q41411158,,Point(11.163893 49.407849),8.087,49.407849,11.163893,1,http://www.wikidata.org/entity/Q3947,Altenfurt.Oelser.Str.Forsthaus (Nuremberg),house,,D,blue
2775,http://www.wikidata.org/entity/Q41411156,,Point(11.16286 49.40773),8.038,49.40773,11.16286,1,http://www.wikidata.org/entity/Q3947,Altenfurt.Oelser.Str.Kleinhaus,house,,D,blue
2776,http://www.wikidata.org/entity/Q41411161,,Point(11.12902 49.39054),7.974,49.39054,11.12902,1,http://www.wikidata.org/entity/Q3947,Q41411161,house,,D,blue
2777,http://www.wikidata.org/entity/Q41411167,,Point(11.085657573 49.428422014),2.894,49.428422014055,11.08565757337,1,http://www.wikidata.org/entity/Q575759,MAN-Kriegerdenkmal,war memorial,,D,blue
2779,http://www.wikidata.org/entity/Q41411164,,Point(11.12876 49.39038),7.981,49.39038,11.12876,1,http://www.wikidata.org/entity/Q3947,Terrasse der Gaststätte Zollhauspark,house,,D,blue
2780,http://www.wikidata.org/entity/Q41411171,,Point(11.08644 49.40315),5.678,49.40315,11.08644,1,http://www.wikidata.org/entity/Q3947,Q41411171,house,,D,blue
2781,http://www.wikidata.org/entity/Q41411174,,Point(11.10927 49.39946),6.477,49.39946,11.10927,1,http://www.wikidata.org/entity/Q1640496,Steinkreuz Kettlersiedlung (D-5-64-000-1100),conciliation cross,,D,blue
2782,http://www.wikidata.org/entity/Q41411175,,Point(11.11327 49.39791),6.744,49.39791,11.11327,1,http://www.wikidata.org/entity/Q1640496,Eselskreuz,conciliation cross,,D,blue
2783,http://www.wikidata.org/entity/Q41411172,,Point(11.08673 49.39955),6.078,49.39955,11.08673,1,http://www.wikidata.org/entity/Q16970,St. Wunibald,church building,,D,blue
2784,http://www.wikidata.org/entity/Q41411178,,Point(11.07763 49.41438),4.391,49.41438,11.07763,1,http://www.wikidata.org/entity/Q3947,Q41411178,house,,D,blue
2785,http://www.wikidata.org/entity/Q41411179,,Point(11.07722 49.41418),4.413,49.41418,11.07722,1,http://www.wikidata.org/entity/Q3947,Q41411179,house,,D,blue
2786,http://www.wikidata.org/entity/Q41411176,,Point(11.10679 49.40382),5.96,49.40382,11.10679,1,http://www.wikidata.org/entity/Q317557,St. Rupert,parish church,,D,blue
2788,http://www.wikidata.org/entity/Q41411182,,Point(11.0779 49.41475),4.35,49.41475,11.0779,1,http://www.wikidata.org/entity/Q3947,Q41411182,house,,D,blue
2789,http://www.wikidata.org/entity/Q41411180,,Point(11.07677 49.41465),4.361,49.41465,11.07677,1,http://www.wikidata.org/entity/Q3947,Q41411180,house,,D,blue
2790,http://www.wikidata.org/entity/Q41411186,,Point(11.07621 49.41528),4.292,49.41528,11.07621,1,http://www.wikidata.org/entity/Q3947,Q41411186,house,,D,blue
2791,http://www.wikidata.org/entity/Q41411187,,Point(11.07592 49.41555),4.262,49.41555,11.07592,1,http://www.wikidata.org/entity/Q3947,Q41411187,house,,D,blue
2792,http://www.wikidata.org/entity/Q41411184,,Point(11.07642 49.41508),4.314,49.41508,11.07642,1,http://www.wikidata.org/entity/Q3947,Q41411184,house,,D,blue
2793,http://www.wikidata.org/entity/Q41411191,,Point(11.07892 49.41399),4.436,49.41399,11.07892,1,http://www.wikidata.org/entity/Q3947,Finkenbrunn 5-11 (Nuremberg-Gartenstadt),house,,D,blue
2794,http://www.wikidata.org/entity/Q41411188,,Point(11.07534 49.41601),4.212,49.41601,11.07534,1,http://www.wikidata.org/entity/Q3947,Q41411188,house,,D,blue
2795,http://www.wikidata.org/entity/Q41411189,,Point(11.0748 49.41624),4.188,49.41624,11.0748,1,http://www.wikidata.org/entity/Q3947,Q41411189,house,,D,blue
2796,http://www.wikidata.org/entity/Q41411194,,Point(11.07806 49.41377),4.459,49.41377,11.07806,1,http://www.wikidata.org/entity/Q3947,Finkenbrunn 26-30,house,,D,blue
2797,http://www.wikidata.org/entity/Q41411195,,Point(11.07794 49.41326),4.516,49.41326,11.07794,1,http://www.wikidata.org/entity/Q3947,Q41411195,house,,D,blue
2798,http://www.wikidata.org/entity/Q41411192,,Point(11.07834 49.41412),4.421,49.41412,11.07834,1,http://www.wikidata.org/entity/Q3947,Finkenbrunn 6-24,house,,D,blue
2799,http://www.wikidata.org/entity/Q41411193,,Point(11.07872 49.41361),4.478,49.41361,11.07872,1,http://www.wikidata.org/entity/Q3947,Q41411193,house,,D,blue
2800,http://www.wikidata.org/entity/Q41411197,,Point(11.07524 49.41564),4.254,49.41564,11.07524,1,http://www.wikidata.org/entity/Q3947,Q41411197,house,,D,blue
2801,http://www.wikidata.org/entity/Q41411200,,Point(11.08006 49.40357),5.597,49.40357,11.08006,1,http://www.wikidata.org/entity/Q105731,Schleuse 72 des Ludwig-Donau-Main-Kanals,lock,,D,blue
2802,http://www.wikidata.org/entity/Q41411204,,Point(11.07476 49.41201),4.658,49.41201,11.07476,1,http://www.wikidata.org/entity/Q105731,Schleuse 73 des Ludwig-Donau-Main-Kanals,lock,,D,blue
2803,http://www.wikidata.org/entity/Q41411205,,Point(11.07157 49.41606),4.225,49.41606,11.07157,1,http://www.wikidata.org/entity/Q105731,Schleuse 74 des Ludwig-Donau-Main-Kanals,lock,,D,blue
2805,http://www.wikidata.org/entity/Q41411211,,Point(11.07758 49.41127),4.737,49.41127,11.07758,1,http://www.wikidata.org/entity/Q16970,Emmauskirche (Gartenstadt),church building,,D,blue
2806,http://www.wikidata.org/entity/Q41411208,,Point(11.07009 49.4182),4.0,49.4182,11.07009,1,http://www.wikidata.org/entity/Q13222303,Kilometerstein Nürnberg Gartenstadt,highway location marker,,D,blue
2807,http://www.wikidata.org/entity/Q41411209,,Point(11.07208 49.41886),3.911,49.41886,11.07208,1,http://www.wikidata.org/entity/Q1516079,Q41411209,cultural heritage ensemble,,D,blue
2808,http://www.wikidata.org/entity/Q41411215,,Point(11.07625 49.41394),4.441,49.41394,11.07625,1,http://www.wikidata.org/entity/Q3947,Q41411215,house,,D,blue
2809,http://www.wikidata.org/entity/Q41411212,,Point(11.07649 49.41421),4.41,49.41421,11.07649,1,http://www.wikidata.org/entity/Q3947,Q41411212,house,,D,blue
2810,http://www.wikidata.org/entity/Q41411213,,Point(11.07635 49.41436),4.394,49.41436,11.07635,1,http://www.wikidata.org/entity/Q3947,Q41411213,house,,D,blue
2811,http://www.wikidata.org/entity/Q41411219,,Point(11.07683 49.41586),4.227,49.41586,11.07683,1,http://www.wikidata.org/entity/Q3947,Q41411219,house,,D,blue
2812,http://www.wikidata.org/entity/Q41411217,,Point(11.07096 49.41845),3.965,49.41845,11.07096,1,http://www.wikidata.org/entity/Q3947,Q41411217,house,,D,blue
2813,http://www.wikidata.org/entity/Q41411222,,Point(11.06152 49.42229),3.692,49.42229,11.06152,1,http://www.wikidata.org/entity/Q1516079,Q41411222,cultural heritage ensemble,,D,blue
2814,http://www.wikidata.org/entity/Q41411221,,Point(11.06214 49.4232),3.582,49.4232,11.06214,1,http://www.wikidata.org/entity/Q1516079,Q41411221,cultural heritage ensemble,,D,blue
2815,http://www.wikidata.org/entity/Q41411227,,Point(11.06072 49.42234),3.705,49.42234,11.06072,1,http://www.wikidata.org/entity/Q3947,Q41411227,house,,D,blue
2816,http://www.wikidata.org/entity/Q41411224,,Point(11.06093 49.4226),3.673,49.4226,11.06093,1,http://www.wikidata.org/entity/Q3947,Q41411224,house,,D,blue
2817,http://www.wikidata.org/entity/Q41411225,,Point(11.06066 49.42282),3.656,49.42282,11.06066,1,http://www.wikidata.org/entity/Q3947,Q41411225,house,,D,blue
2818,http://www.wikidata.org/entity/Q41411231,,Point(11.062 49.42268),3.64,49.42268,11.062,1,http://www.wikidata.org/entity/Q358,Q41411231,heritage site,,D,blue
2819,http://www.wikidata.org/entity/Q41411228,,Point(11.06039 49.42236),3.711,49.42236,11.06039,1,http://www.wikidata.org/entity/Q3947,Q41411228,house,,D,blue
2820,http://www.wikidata.org/entity/Q41411232,,Point(11.06146 49.42286),3.633,49.42286,11.06146,1,http://www.wikidata.org/entity/Q3947,Q41411232,house,,D,blue
2821,http://www.wikidata.org/entity/Q41411233,,Point(11.06105 49.42281),3.648,49.42281,11.06105,1,http://www.wikidata.org/entity/Q3947,Q41411233,house,,D,blue
2822,http://www.wikidata.org/entity/Q41411242,,Point(11.054131287 49.353006143),11.34,49.353006143335,11.054131287243,1,http://www.wikidata.org/entity/Q1516079,Q41411242,cultural heritage ensemble,,D,blue
2823,http://www.wikidata.org/entity/Q41411243,,Point(11.05441 49.35301),11.336,49.35301,11.05441,1,http://www.wikidata.org/entity/Q3947,Q41411243,house,,D,blue
2824,http://www.wikidata.org/entity/Q41411240,,Point(11.05433 49.35283),11.357,49.35283,11.05433,1,http://www.wikidata.org/entity/Q3947,Q41411240,house,,D,blue
2825,http://www.wikidata.org/entity/Q41411246,,Point(11.055512142 49.349730367),11.686,49.349730367235,11.055512142489,1,http://www.wikidata.org/entity/Q607241,Evangelisch-Lutherisches Pfarrhaus,clergy house,,D,blue
2826,http://www.wikidata.org/entity/Q41411244,,Point(11.05467 49.35308),11.326,49.35308,11.05467,1,http://www.wikidata.org/entity/Q3947,Q41411244,house,,D,blue
2827,http://www.wikidata.org/entity/Q41411245,,Point(11.05574 49.34961),11.697,49.34961,11.05574,1,http://www.wikidata.org/entity/Q1640496,Martersäule und Steinkreuz,conciliation cross,,D,blue
2829,http://www.wikidata.org/entity/Q41411250,,Point(11.05552 49.3495),11.712,49.3495,11.05552,1,http://www.wikidata.org/entity/Q3947,Ehemaliges Schulhaus,house,,D,blue
2830,http://www.wikidata.org/entity/Q41411252,,Point(11.05504 49.34933),11.735,49.34933,11.05504,1,http://www.wikidata.org/entity/Q1516079,Karner,cultural heritage ensemble,,D,blue
2831,http://www.wikidata.org/entity/Q41411253,,Point(11.08138 49.37551),8.718,49.37551,11.08138,1,http://www.wikidata.org/entity/Q1640496,Steinkreuz Herpersdorf,conciliation cross,,D,blue
2832,http://www.wikidata.org/entity/Q41411258,,Point(11.08947 49.34837),11.764,49.34837,11.08947,1,http://www.wikidata.org/entity/Q1640496,Steinkreuz Kornburg,conciliation cross,,D,blue
2833,http://www.wikidata.org/entity/Q41411256,,Point(11.09471 49.35897),10.627,49.35897,11.09471,1,http://www.wikidata.org/entity/Q1640496,Schwedenkreuz bei Kornburg,conciliation cross,,D,blue
2834,http://www.wikidata.org/entity/Q41411263,,Point(11.102473748 49.355532752),11.085,49.355532752138,11.102473748206,1,http://www.wikidata.org/entity/Q1516079,Q41411263,cultural heritage ensemble,,D,blue
2835,http://www.wikidata.org/entity/Q41411260,,Point(11.09396 49.35318),11.261,49.35318,11.09396,1,http://www.wikidata.org/entity/Q1640496,Steinkreuze Kornburg,conciliation cross,,D,blue
2836,http://www.wikidata.org/entity/Q41411266,,Point(11.10244 49.356),11.033,49.356,11.10244,1,http://www.wikidata.org/entity/Q1516079,Q41411266,cultural heritage ensemble,,D,blue
2837,http://www.wikidata.org/entity/Q41411267,,Point(11.09818 49.35568),11.022,49.35568,11.09818,1,http://www.wikidata.org/entity/Q1516079,Q41411267,cultural heritage ensemble,,D,blue
2838,http://www.wikidata.org/entity/Q41411265,,Point(11.10281 49.35576),11.064,49.35576,11.10281,1,http://www.wikidata.org/entity/Q3947,Q41411265,house,,D,blue
2839,http://www.wikidata.org/entity/Q41411270,,Point(11.09929 49.35509),11.098,49.35509,11.09929,1,http://www.wikidata.org/entity/Q1516079,Q41411270,cultural heritage ensemble,,D,blue
2840,http://www.wikidata.org/entity/Q41411268,,Point(11.09935 49.35524),11.082,49.35524,11.09935,1,http://www.wikidata.org/entity/Q1516079,Q41411268,cultural heritage ensemble,,D,blue
2841,http://www.wikidata.org/entity/Q41411275,,Point(11.09972 49.35598),11.005,49.35598,11.09972,1,http://www.wikidata.org/entity/Q358,Q41411275,heritage site,,D,blue
2842,http://www.wikidata.org/entity/Q41411273,,Point(11.09941 49.35617),10.981,49.35617,11.09941,1,http://www.wikidata.org/entity/Q358,Q41411273,heritage site,,D,blue
2843,http://www.wikidata.org/entity/Q41411277,,Point(11.09841 49.35611),10.977,49.35611,11.09841,1,http://www.wikidata.org/entity/Q3947,Q41411277,house,,D,blue
2844,http://www.wikidata.org/entity/Q41411282,,Point(11.09824 49.35653),10.929,49.35653,11.09824,1,http://www.wikidata.org/entity/Q5526694,Q41411282,Gasthaus,,D,blue
2845,http://www.wikidata.org/entity/Q41411280,,Point(11.09884 49.35602),10.991,49.35602,11.09884,1,http://www.wikidata.org/entity/Q3947,Q41411280,house,,D,blue
2846,http://www.wikidata.org/entity/Q41411286,,Point(11.09988 49.35596),11.009,49.35596,11.09988,1,http://www.wikidata.org/entity/Q607241,Q41411286,clergy house,,D,blue
2847,http://www.wikidata.org/entity/Q41411287,,Point(11.09957 49.35486),11.126,49.35486,11.09957,1,http://www.wikidata.org/entity/Q1516079,Q41411287,cultural heritage ensemble,,D,blue
2848,http://www.wikidata.org/entity/Q41411284,,Point(11.09946 49.35589),11.012,49.35589,11.09946,1,http://www.wikidata.org/entity/Q3947,Q41411284,house,,D,blue
2849,http://www.wikidata.org/entity/Q41411285,,Point(11.09972 49.35609),10.993,49.35609,11.09972,1,http://www.wikidata.org/entity/Q3947,Q41411285,house,,D,blue
2850,http://www.wikidata.org/entity/Q41411290,,Point(11.10246 49.35537),11.103,49.35537,11.10246,1,http://www.wikidata.org/entity/Q3947,Q41411290,house,,D,blue
2851,http://www.wikidata.org/entity/Q41411295,,Point(11.10016 49.35516),11.1,49.35516,11.10016,1,http://www.wikidata.org/entity/Q98446138,Mesnerhaus Venatoriusstraße 4,verger's house,,D,blue
2852,http://www.wikidata.org/entity/Q41411292,,Point(11.10027 49.35537),11.078,49.35537,11.10027,1,http://www.wikidata.org/entity/Q3947,Q41411292,house,,D,blue
2853,http://www.wikidata.org/entity/Q41411298,,Point(11.10129 49.35488),11.143,49.35488,11.10129,1,http://www.wikidata.org/entity/Q2588110,Wohnstallhaus Venatoriusstraße 9,aisled house,,D,blue
2854,http://www.wikidata.org/entity/Q41411296,,Point(11.10014 49.35504),11.113,49.35504,11.10014,1,http://www.wikidata.org/entity/Q3947,Q41411296,house,,D,blue
2855,http://www.wikidata.org/entity/Q41411303,,Point(11.09834 49.37437),8.97,49.37437,11.09834,1,http://www.wikidata.org/entity/Q12284,Abschnitt des Ludwig-Donau-Main-Kanals,canal,,D,blue
2856,http://www.wikidata.org/entity/Q41411301,,Point(11.09898 49.37304),9.124,49.37304,11.09898,1,http://www.wikidata.org/entity/Q97145897,Ehemaliges Kanalgehöft in Worzeldorf,Kanalgehöft,,D,blue
2858,http://www.wikidata.org/entity/Q41411307,,Point(11.09704 49.37598),8.778,49.37598,11.09704,1,http://www.wikidata.org/entity/Q105731,Q41411307,lock,,D,blue
2859,http://www.wikidata.org/entity/Q41411305,,Point(11.09957 49.37306),9.129,49.37306,11.09957,1,http://www.wikidata.org/entity/Q105731,Schleuse 67 des Ludwig-Donau-Main-Kanals,lock,,D,blue
2860,http://www.wikidata.org/entity/Q41411311,,Point(11.075302 49.384634),7.7,49.384634,11.075302,1,http://www.wikidata.org/entity/Q1516079,Q41411311,cultural heritage ensemble,,D,blue
2861,http://www.wikidata.org/entity/Q41411314,,Point(11.07819 49.37896),8.33,49.37896,11.07819,1,http://www.wikidata.org/entity/Q44613,Klösterle Pillenreuth,monastery,,D,blue
2862,http://www.wikidata.org/entity/Q41411312,,Point(11.07923 49.37939),8.283,49.37939,11.07923,1,http://www.wikidata.org/entity/Q44613,Q41411312,monastery,,D,blue
2863,http://www.wikidata.org/entity/Q41411323,,Point(11.09243 49.3871),7.505,49.3871,11.09243,1,http://www.wikidata.org/entity/Q105731,Schleuse 70 des Ludwig-Donau-Main-Kanals,lock,,D,blue
2864,http://www.wikidata.org/entity/Q41411321,,Point(11.09543 49.38021),8.295,49.38021,11.09543,1,http://www.wikidata.org/entity/Q105731,Schleuse 69 des Ludwig-Donau-Main-Kanals,lock,,D,blue
2865,http://www.wikidata.org/entity/Q41411327,,Point(11.10875 49.38571),7.913,49.38571,11.10875,1,http://www.wikidata.org/entity/Q1640496,Ullherkreuz,conciliation cross,,D,blue
2866,http://www.wikidata.org/entity/Q41411325,,Point(11.08424 49.39397),6.679,49.39397,11.08424,1,http://www.wikidata.org/entity/Q105731,Q41411325,lock,,D,blue
2867,http://www.wikidata.org/entity/Q41411331,,Point(11.07269 49.37128),9.189,49.37128,11.07269,1,http://www.wikidata.org/entity/Q1640496,Weiherhaus D-5-64-000-2260,conciliation cross,,D,blue
2868,http://www.wikidata.org/entity/Q41411328,,Point(11.06336 49.37293),9.056,49.37293,11.06336,1,http://www.wikidata.org/entity/Q3947,Q41411328,house,,D,blue
2869,http://www.wikidata.org/entity/Q41411332,,Point(11.03359 49.41726),5.154,49.41726,11.03359,1,http://www.wikidata.org/entity/Q3947,Q41411332,house,,D,blue
2870,http://www.wikidata.org/entity/Q41411333,,Point(11.0324 49.41387),5.507,49.41387,11.0324,1,http://www.wikidata.org/entity/Q3947,Q41411333,house,,D,blue
2871,http://www.wikidata.org/entity/Q41411338,,Point(11.023841395 49.417157615),5.622,49.417157615381,11.023841395218,1,http://www.wikidata.org/entity/Q16823155,Q41411338,Schloss,,D,blue
2872,http://www.wikidata.org/entity/Q41411336,,Point(11.03209 49.41355),5.549,49.41355,11.03209,1,http://www.wikidata.org/entity/Q5526694,Q41411336,Gasthaus,,D,blue
2873,http://www.wikidata.org/entity/Q41411342,,Point(11.01251 49.42293),5.812,49.42293,11.01251,1,http://www.wikidata.org/entity/Q3947,Q41411342,house,,D,blue
2874,http://www.wikidata.org/entity/Q41411343,,Point(11.03576 49.40319),6.386,49.40319,11.03576,1,http://www.wikidata.org/entity/Q607241,Eibacher Hauptstraße 55,clergy house,,D,blue
2875,http://www.wikidata.org/entity/Q41411340,,Point(11.031816753 49.41557399),5.38,49.415573990012,11.031816753946,1,http://www.wikidata.org/entity/Q3947,Q41411340,house,,D,blue
2876,http://www.wikidata.org/entity/Q41411347,,Point(11.03572 49.40171),6.533,49.40171,11.03572,1,http://www.wikidata.org/entity/Q3947,Eibacher Hauptstraße 78,house,,D,blue
2877,http://www.wikidata.org/entity/Q41411350,,Point(11.03675 49.4045),6.224,49.4045,11.03675,1,http://www.wikidata.org/entity/Q3947,Forstweiherstraße 14,house,,D,blue
2878,http://www.wikidata.org/entity/Q41411349,,Point(11.03637 49.40839),5.86,49.40839,11.03637,1,http://www.wikidata.org/entity/Q16970,Q41411349,church building,,D,blue
2879,http://www.wikidata.org/entity/Q41411354,,Point(11.03511 49.40194),6.531,49.40194,11.03511,1,http://www.wikidata.org/entity/Q16823155,Fritz-Weidner-Straße 4,Schloss,,D,blue
2880,http://www.wikidata.org/entity/Q41411359,,Point(11.0416 49.40511),6.005,49.40511,11.0416,1,http://www.wikidata.org/entity/Q3947,Heidestraße 27 (Nuremberg),house,,D,blue
2881,http://www.wikidata.org/entity/Q41411356,,Point(11.03372 49.40013),6.756,49.40013,11.03372,1,http://www.wikidata.org/entity/Q3947,Leichenhaus (Nuremberg-Eibach),house,,D,blue
2882,http://www.wikidata.org/entity/Q41411363,,Point(11.04143 49.40429),6.093,49.40429,11.04143,1,http://www.wikidata.org/entity/Q1640496,Steinkreuz am Forstweiher,conciliation cross,,D,blue
2883,http://www.wikidata.org/entity/Q41411361,,Point(11.04118 49.40454),6.075,49.40454,11.04118,1,http://www.wikidata.org/entity/Q3947,Motterstraße 39 (Nuremberg),house,,D,blue
2884,http://www.wikidata.org/entity/Q41411366,,Point(11.03635 49.40344),6.341,49.40344,11.03635,1,http://www.wikidata.org/entity/Q3947,Zeitenwendeplatz 13,house,,D,blue
2885,http://www.wikidata.org/entity/Q41411367,,Point(11.0368 49.40326),6.344,49.40326,11.0368,1,http://www.wikidata.org/entity/Q3947,Zeitenwendeplatz 17-17a,house,,D,blue
2886,http://www.wikidata.org/entity/Q41411364,,Point(11.04117 49.4037),6.16,49.4037,11.04117,1,http://www.wikidata.org/entity/Q575759,Q41411364,war memorial,,D,blue
2887,http://www.wikidata.org/entity/Q41411374,,Point(11.02884 49.37834),9.101,49.37834,11.02884,1,http://www.wikidata.org/entity/Q3947,Q41411374,house,,D,blue
2888,http://www.wikidata.org/entity/Q41411373,,Point(11.02898 49.37891),9.038,49.37891,11.02898,1,http://www.wikidata.org/entity/Q3947,Q41411373,house,,D,blue
2889,http://www.wikidata.org/entity/Q41411378,,Point(11.03307 49.38039),8.774,49.38039,11.03307,1,http://www.wikidata.org/entity/Q1516079,Q41411378,cultural heritage ensemble,,D,blue
2890,http://www.wikidata.org/entity/Q41411376,,Point(11.028669 49.375954),9.351,49.375954,11.028669,1,http://www.wikidata.org/entity/Q1516079,Q41411376,cultural heritage ensemble,,D,blue
2891,http://www.wikidata.org/entity/Q41411377,,Point(11.02939 49.376219),9.304,49.376219,11.02939,1,http://www.wikidata.org/entity/Q1516079,Q41411377,cultural heritage ensemble,,D,blue
2892,http://www.wikidata.org/entity/Q41411383,,Point(10.999857 49.375276),10.38,49.375276,10.999857,1,http://www.wikidata.org/entity/Q1640496,Schusserkreuz,conciliation cross,,D,blue
2893,http://www.wikidata.org/entity/Q41411380,,Point(11.03551 49.38162),8.583,49.38162,11.03551,1,http://www.wikidata.org/entity/Q3950,Q41411380,villa,,D,blue
2894,http://www.wikidata.org/entity/Q41411393,,Point(11.02521 49.37592),9.451,49.37592,11.02521,1,http://www.wikidata.org/entity/Q3947,Q41411393,house,,D,blue
2895,http://www.wikidata.org/entity/Q41411398,,Point(11.02545 49.37597),9.439,49.37597,11.02545,1,http://www.wikidata.org/entity/Q3947,Q41411398,house,,D,blue
2896,http://www.wikidata.org/entity/Q41411399,,Point(11.02628 49.37477),9.538,49.37477,11.02628,1,http://www.wikidata.org/entity/Q1516079,Q41411399,cultural heritage ensemble,,D,blue
2897,http://www.wikidata.org/entity/Q41411396,,Point(11.02595 49.37552),9.471,49.37552,11.02595,1,http://www.wikidata.org/entity/Q1516079,Q41411396,cultural heritage ensemble,,D,blue
2898,http://www.wikidata.org/entity/Q41411410,,Point(11.02404 49.39396),7.695,49.39396,11.02404,1,http://www.wikidata.org/entity/Q5526694,Q41411410,Gasthaus,,D,blue
2899,http://www.wikidata.org/entity/Q41411412,,Point(11.02358 49.39416),7.693,49.39416,11.02358,1,http://www.wikidata.org/entity/Q1516079,Q41411412,cultural heritage ensemble,,D,blue
2900,http://www.wikidata.org/entity/Q41411418,,Point(11.02243 49.43496),4.49,49.43496,11.02243,1,http://www.wikidata.org/entity/Q3947,Q41411418,house,,D,blue
2901,http://www.wikidata.org/entity/Q41411419,,Point(11.02261 49.43473),4.49,49.43473,11.02261,1,http://www.wikidata.org/entity/Q3947,Q41411419,house,,D,blue
2902,http://www.wikidata.org/entity/Q41411416,,Point(11.02318 49.43487),4.446,49.43487,11.02318,1,http://www.wikidata.org/entity/Q5526694,Q41411416,Gasthaus,,D,blue
2903,http://www.wikidata.org/entity/Q41411417,,Point(11.022874157 49.435153626),4.451,49.435153626484,11.022874157941,1,http://www.wikidata.org/entity/Q1516079,Q41411417,cultural heritage ensemble,,D,blue
2904,http://www.wikidata.org/entity/Q41411422,,Point(11.022316834 49.434548706),4.518,49.434548706066,11.022316834253,1,http://www.wikidata.org/entity/Q3947,Q41411422,house,,D,blue
2905,http://www.wikidata.org/entity/Q41411423,,Point(11.02125 49.43474),4.576,49.43474,11.02125,1,http://www.wikidata.org/entity/Q3947,Q41411423,house,,D,blue
2906,http://www.wikidata.org/entity/Q41411421,,Point(11.02191 49.434677),4.538,49.434677,11.02191,1,http://www.wikidata.org/entity/Q1516079,Q41411421,cultural heritage ensemble,,D,blue
2907,http://www.wikidata.org/entity/Q41411426,,Point(11.02095 49.43453),4.606,49.43453,11.02095,1,http://www.wikidata.org/entity/Q1516079,Q41411426,cultural heritage ensemble,,D,blue
2908,http://www.wikidata.org/entity/Q41411427,,Point(11.02131 49.43429),4.596,49.43429,11.02131,1,http://www.wikidata.org/entity/Q3947,Q41411427,house,,D,blue
2909,http://www.wikidata.org/entity/Q41411430,,Point(11.02111 49.43838),4.412,49.43838,11.02111,1,http://www.wikidata.org/entity/Q1516079,Q41411430,cultural heritage ensemble,,D,blue
2910,http://www.wikidata.org/entity/Q41411429,,Point(11.02032 49.43518),4.614,49.43518,11.02032,1,http://www.wikidata.org/entity/Q3947,Q41411429,house,,D,blue
2911,http://www.wikidata.org/entity/Q41411432,,Point(11.02314 49.43524),4.43,49.43524,11.02314,1,http://www.wikidata.org/entity/Q3947,Q41411432,house,,D,blue
2912,http://www.wikidata.org/entity/Q41411433,,Point(11.02106 49.43529),4.561,49.43529,11.02106,1,http://www.wikidata.org/entity/Q5526694,Q41411433,Gasthaus,,D,blue
2913,http://www.wikidata.org/entity/Q41411439,,Point(11.00908 49.42446),5.918,49.42446,11.00908,1,http://www.wikidata.org/entity/Q5526694,Q41411439,Gasthaus,,D,blue
2914,http://www.wikidata.org/entity/Q41411436,,Point(11.021551327 49.436017451),4.493,49.436017451357,11.021551327016,1,http://www.wikidata.org/entity/Q16970,St. Thomas (Nuremberg-Großreuth bei Schweinau),church building,,D,blue
2915,http://www.wikidata.org/entity/Q41411437,,Point(11.01019 49.42438),5.856,49.42438,11.01019,1,http://www.wikidata.org/entity/Q1516079,Q41411437,cultural heritage ensemble,,D,blue
2916,http://www.wikidata.org/entity/Q41411440,,Point(11.009810508 49.424543777),5.869,49.424543777418,11.009810508984,1,http://www.wikidata.org/entity/Q3947,Q41411440,house,,D,blue
2917,http://www.wikidata.org/entity/Q41411446,,Point(11.01017 49.45069),4.865,49.45069,11.01017,1,http://www.wikidata.org/entity/Q3947,Höfener Straße 175,house,,D,blue
2918,http://www.wikidata.org/entity/Q41411469,,Point(11.03034 49.45539),3.398,49.45539,11.03034,1,http://www.wikidata.org/entity/Q5526694,Eberhardshof 1,Gasthaus,,D,blue
2919,http://www.wikidata.org/entity/Q41411474,,Point(11.04045 49.45618),2.676,49.45618,11.04045,1,http://www.wikidata.org/entity/Q3947,Q41411474,house,,D,blue
2920,http://www.wikidata.org/entity/Q41411472,,Point(11.04109 49.45597),2.627,49.45597,11.04109,1,http://www.wikidata.org/entity/Q3947,Q41411472,house,,D,blue
2921,http://www.wikidata.org/entity/Q41411473,,Point(11.04085 49.45603),2.645,49.45603,11.04085,1,http://www.wikidata.org/entity/Q3947,Q41411473,house,,D,blue
2922,http://www.wikidata.org/entity/Q41411478,,Point(11.03878 49.45673),2.802,49.45673,11.03878,1,http://www.wikidata.org/entity/Q3950,Q41411478,villa,,D,blue
2923,http://www.wikidata.org/entity/Q41411479,,Point(11.03559 49.45726),3.038,49.45726,11.03559,1,http://www.wikidata.org/entity/Q1516079,Q41411479,cultural heritage ensemble,,D,blue
2924,http://www.wikidata.org/entity/Q41411476,,Point(11.03971 49.45588),2.726,49.45588,11.03971,1,http://www.wikidata.org/entity/Q3947,Q41411476,house,,D,blue
2925,http://www.wikidata.org/entity/Q41411477,,Point(11.03937 49.45649),2.757,49.45649,11.03937,1,http://www.wikidata.org/entity/Q3947,Q41411477,house,,D,blue
2926,http://www.wikidata.org/entity/Q41411482,,Point(11.04244 49.45718),2.546,49.45718,11.04244,1,http://www.wikidata.org/entity/Q3947,Q41411482,house,,D,blue
2927,http://www.wikidata.org/entity/Q41411483,,Point(11.04166 49.4566),2.594,49.4566,11.04166,1,http://www.wikidata.org/entity/Q3947,Q41411483,house,,D,blue
2928,http://www.wikidata.org/entity/Q41411480,,Point(11.03234 49.45707),3.269,49.45707,11.03234,1,http://www.wikidata.org/entity/Q3947,Quelle Großversandhaus Nürnberg,house,,D,blue
2929,http://www.wikidata.org/entity/Q41411487,,Point(11.04179 49.45764),2.6,49.45764,11.04179,1,http://www.wikidata.org/entity/Q1516079,Q41411487,cultural heritage ensemble,,D,blue
2930,http://www.wikidata.org/entity/Q41411485,,Point(11.0412 49.45609),2.621,49.45609,11.0412,1,http://www.wikidata.org/entity/Q3947,Q41411485,house,,D,blue
2931,http://www.wikidata.org/entity/Q41411491,,Point(11.03884 49.45574),2.787,49.45574,11.03884,1,http://www.wikidata.org/entity/Q3947,Q41411491,house,,D,blue
2932,http://www.wikidata.org/entity/Q41411488,,Point(11.03859 49.45958),2.869,49.45958,11.03859,1,http://www.wikidata.org/entity/Q1516079,Q41411488,cultural heritage ensemble,,D,blue
2933,http://www.wikidata.org/entity/Q41411489,,Point(11.03991 49.45969),2.779,49.45969,11.03991,1,http://www.wikidata.org/entity/Q811165,Q41411489,architectural heritage monument,,D,blue
2935,http://www.wikidata.org/entity/Q41411495,,Point(11.03078 49.45605),3.371,49.45605,11.03078,1,http://www.wikidata.org/entity/Q918457,Q41411495,heat-only boiler station,,D,blue
2937,http://www.wikidata.org/entity/Q41411493,,Point(11.03193 49.45575),3.286,49.45575,11.03193,1,http://www.wikidata.org/entity/Q3947,Q41411493,house,,D,blue
2938,http://www.wikidata.org/entity/Q41411498,,Point(11.02548 49.46422),3.918,49.46422,11.02548,1,http://www.wikidata.org/entity/Q3947,Adolf-Braun-Straße 40,house,,D,blue
2939,http://www.wikidata.org/entity/Q41411496,,Point(11.02494 49.46423),3.955,49.46423,11.02494,1,http://www.wikidata.org/entity/Q3947,Q41411496,house,,D,blue
2940,http://www.wikidata.org/entity/Q41411502,,Point(11.0258 49.462957),3.857,49.462957,11.0258,1,http://www.wikidata.org/entity/Q1516079,Straßenbahn-Hauptwerkstätten (Nuremberg-Muggenhof),cultural heritage ensemble,,D,blue
2941,http://www.wikidata.org/entity/Q41411500,,Point(11.02522 49.46453),3.946,49.46453,11.02522,1,http://www.wikidata.org/entity/Q3947,Adolf-Braun-Straße 42,house,,D,blue
2942,http://www.wikidata.org/entity/Q41411501,,Point(11.02457 49.46477),3.999,49.46477,11.02457,1,http://www.wikidata.org/entity/Q3947,Q41411501,house,,D,blue
2943,http://www.wikidata.org/entity/Q41411507,,Point(11.0218 49.46131),4.095,49.46131,11.0218,1,http://www.wikidata.org/entity/Q3950,Q41411507,villa,,D,blue
2944,http://www.wikidata.org/entity/Q41411504,,Point(11.02384 49.46165),3.959,49.46165,11.02384,1,http://www.wikidata.org/entity/Q3947,Fürther Straße 310,house,,D,blue
2945,http://www.wikidata.org/entity/Q41411505,,Point(11.02361 49.46172),3.977,49.46172,11.02361,1,http://www.wikidata.org/entity/Q3947,Fürther Straße 312,house,,D,blue
2946,http://www.wikidata.org/entity/Q41411511,,Point(11.025075 49.464797),3.965,49.464797,11.025075,1,http://www.wikidata.org/entity/Q3947,Adolf-Braun-Straße 46,house,,D,blue
2947,http://www.wikidata.org/entity/Q41411509,,Point(11.01952 49.46347),4.31,49.46347,11.01952,1,http://www.wikidata.org/entity/Q3947,Q41411509,house,,D,blue
2948,http://www.wikidata.org/entity/Q41413475,,Point(11.08785 49.4499),0.881,49.4499,11.08785,1,http://www.wikidata.org/entity/Q1577547,Badstraße 1a,revenue house,,D,blue
2950,http://www.wikidata.org/entity/Q41413472,,Point(11.088279762 49.45260238),0.806,49.452602380159,11.08827976257,1,http://www.wikidata.org/entity/Q1516079,Q41413472,cultural heritage ensemble,,D,blue
2951,http://www.wikidata.org/entity/Q41413476,,Point(11.087726526 49.449417906),0.902,49.449417906577,11.087726526848,1,http://www.wikidata.org/entity/Q3947,Badstraße 5,house,,D,blue
2952,http://www.wikidata.org/entity/Q41413482,,Point(11.08964 49.44803),1.104,49.44803,11.08964,1,http://www.wikidata.org/entity/Q3947,Q41413482,house,,D,blue
2953,http://www.wikidata.org/entity/Q41413483,,Point(11.08988 49.44806),1.116,49.44806,11.08988,1,http://www.wikidata.org/entity/Q3947,Q41413483,house,,D,blue
2954,http://www.wikidata.org/entity/Q41413480,,Point(11.08334 49.44782),0.802,49.44782,11.08334,1,http://www.wikidata.org/entity/Q3947,American Bavarian Hotel,house,,D,blue
2955,http://www.wikidata.org/entity/Q41413487,,Point(11.08841 49.45314),0.807,49.45314,11.08841,1,http://www.wikidata.org/entity/Q3947,Q41413487,house,,D,blue
2956,http://www.wikidata.org/entity/Q41413484,,Point(11.103319716 49.457974329),1.935,49.457974329775,11.103319716201,1,http://www.wikidata.org/entity/Q1516079,Q41413484,cultural heritage ensemble,,D,blue
2957,http://www.wikidata.org/entity/Q41413490,,Point(11.08846 49.45333),0.809,49.45333,11.08846,1,http://www.wikidata.org/entity/Q3947,Q41413490,house,,D,blue
2958,http://www.wikidata.org/entity/Q41413491,,Point(11.08808 49.4536),0.78,49.4536,11.08808,1,http://www.wikidata.org/entity/Q3947,Q41413491,house,,D,blue
2959,http://www.wikidata.org/entity/Q41413488,,Point(11.08789 49.45343),0.767,49.45343,11.08789,1,http://www.wikidata.org/entity/Q3947,Q41413488,house,,D,blue
2960,http://www.wikidata.org/entity/Q41413492,,Point(11.0888 49.4538),0.831,49.4538,11.0888,1,http://www.wikidata.org/entity/Q3947,Q41413492,house,,D,blue
2961,http://www.wikidata.org/entity/Q41413493,,Point(11.08953 49.44869),1.055,49.44869,11.08953,1,http://www.wikidata.org/entity/Q3947,Q41413493,house,,D,blue
2962,http://www.wikidata.org/entity/Q41413498,,Point(11.09076 49.45368),0.973,49.45368,11.09076,1,http://www.wikidata.org/entity/Q3947,Q41413498,house,,D,blue
2963,http://www.wikidata.org/entity/Q41413499,,Point(11.09099 49.45362),0.99,49.45362,11.09099,1,http://www.wikidata.org/entity/Q3947,Q41413499,house,,D,blue
2964,http://www.wikidata.org/entity/Q41413497,,Point(11.09331 49.45418),1.158,49.45418,11.09331,1,http://www.wikidata.org/entity/Q1516079,Hirsvogelbunker,cultural heritage ensemble,,D,blue
2966,http://www.wikidata.org/entity/Q41413503,,Point(11.092 49.45351),1.063,49.45351,11.092,1,http://www.wikidata.org/entity/Q3947,Q41413503,house,,D,blue
2967,http://www.wikidata.org/entity/Q41413500,,Point(11.09128 49.45364),1.011,49.45364,11.09128,1,http://www.wikidata.org/entity/Q3947,Q41413500,house,,D,blue
2968,http://www.wikidata.org/entity/Q41413501,,Point(11.09175 49.45352),1.045,49.45352,11.09175,1,http://www.wikidata.org/entity/Q3947,Q41413501,house,,D,blue
2969,http://www.wikidata.org/entity/Q41413507,,Point(11.08346 49.44941),0.667,49.44941,11.08346,1,http://www.wikidata.org/entity/Q1516079,Q41413507,cultural heritage ensemble,,D,blue
2970,http://www.wikidata.org/entity/Q41413505,,Point(11.09246 49.45341),1.097,49.45341,11.09246,1,http://www.wikidata.org/entity/Q3947,Q41413505,house,,D,blue
2971,http://www.wikidata.org/entity/Q41413511,,Point(11.08716 49.44864),0.92,49.44864,11.08716,1,http://www.wikidata.org/entity/Q3947,Pressehaus (Nuremberg-Gleißbühl),house,,D,blue
2972,http://www.wikidata.org/entity/Q41413508,,Point(11.08722 49.45332),0.72,49.45332,11.08722,1,http://www.wikidata.org/entity/Q3947,Q41413508,house,,D,blue
2973,http://www.wikidata.org/entity/Q41413514,,Point(11.09128 49.45458),1.014,49.45458,11.09128,1,http://www.wikidata.org/entity/Q1516079,Q41413514,cultural heritage ensemble,,D,blue
2974,http://www.wikidata.org/entity/Q41413512,,Point(11.08456 49.45086),0.623,49.45086,11.08456,1,http://www.wikidata.org/entity/Q1516079,Q41413512,cultural heritage ensemble,,D,blue
2975,http://www.wikidata.org/entity/Q41413513,,Point(11.08417 49.45051),0.622,49.45051,11.08417,1,http://www.wikidata.org/entity/Q1516079,Q41413513,cultural heritage ensemble,,D,blue
2976,http://www.wikidata.org/entity/Q41413516,,Point(11.08945 49.44861),1.055,49.44861,11.08945,1,http://www.wikidata.org/entity/Q3947,Q41413516,house,,D,blue
2977,http://www.wikidata.org/entity/Q41413517,,Point(11.08798 49.4524),0.789,49.4524,11.08798,1,http://www.wikidata.org/entity/Q1516079,Q41413517,cultural heritage ensemble,,D,blue
2978,http://www.wikidata.org/entity/Q41413522,,Point(11.0882 49.45269),0.799,49.45269,11.0882,1,http://www.wikidata.org/entity/Q3947,Q41413522,house,,D,blue
2979,http://www.wikidata.org/entity/Q41413523,,Point(11.08846 49.45253),0.82,49.45253,11.08846,1,http://www.wikidata.org/entity/Q3947,Q41413523,house,,D,blue
2980,http://www.wikidata.org/entity/Q41413520,,Point(11.08746 49.45318),0.739,49.45318,11.08746,1,http://www.wikidata.org/entity/Q3947,Q41413520,house,,D,blue
2981,http://www.wikidata.org/entity/Q41413521,,Point(11.08778 49.45309),0.763,49.45309,11.08778,1,http://www.wikidata.org/entity/Q3947,Q41413521,house,,D,blue
2982,http://www.wikidata.org/entity/Q41413527,,Point(11.08899 49.45239),0.861,49.45239,11.08899,1,http://www.wikidata.org/entity/Q3947,Q41413527,house,,D,blue
2983,http://www.wikidata.org/entity/Q41413525,,Point(11.08874 49.45246),0.842,49.45246,11.08874,1,http://www.wikidata.org/entity/Q3947,Q41413525,house,,D,blue
2984,http://www.wikidata.org/entity/Q41413531,,Point(11.094301787 49.452068329),1.245,49.452068329901,11.094301787681,1,http://www.wikidata.org/entity/Q3950,Q41413531,villa,,D,blue
2985,http://www.wikidata.org/entity/Q41413534,,Point(11.08937 49.45195),0.898,49.45195,11.08937,1,http://www.wikidata.org/entity/Q358,Bismarck-Denkmal,heritage site,,D,blue
2986,http://www.wikidata.org/entity/Q41413535,,Point(11.09372 49.45483),1.192,49.45483,11.09372,1,http://www.wikidata.org/entity/Q3947,Q41413535,house,,D,blue
2987,http://www.wikidata.org/entity/Q41413533,,Point(11.09475 49.45197),1.279,49.45197,11.09475,1,http://www.wikidata.org/entity/Q3950,Q41413533,villa,,D,blue
2988,http://www.wikidata.org/entity/Q41413538,,Point(11.090409403 49.449581131),1.061,49.449581131333,11.090409403466,1,http://www.wikidata.org/entity/Q1516079,Q41413538,cultural heritage ensemble,,D,blue
2989,http://www.wikidata.org/entity/Q41413537,,Point(11.09381 49.45491),1.199,49.45491,11.09381,1,http://www.wikidata.org/entity/Q3947,Q41413537,house,,D,blue
2990,http://www.wikidata.org/entity/Q41413550,,Point(11.09491 49.45876),1.384,49.45876,11.09491,1,http://www.wikidata.org/entity/Q3947,Q41413550,house,,D,blue
2991,http://www.wikidata.org/entity/Q41413551,,Point(11.09676 49.45901),1.518,49.45901,11.09676,1,http://www.wikidata.org/entity/Q3947,Q41413551,house,,D,blue
2992,http://www.wikidata.org/entity/Q41413548,,Point(11.09427 49.45856),1.333,49.45856,11.09427,1,http://www.wikidata.org/entity/Q3947,Q41413548,house,,D,blue
2993,http://www.wikidata.org/entity/Q41413549,,Point(11.09449 49.45858),1.348,49.45858,11.09449,1,http://www.wikidata.org/entity/Q3947,Q41413549,house,,D,blue
2994,http://www.wikidata.org/entity/Q41413555,,Point(11.08915 49.45328),0.859,49.45328,11.08915,1,http://www.wikidata.org/entity/Q3947,Q41413555,house,,D,blue
2995,http://www.wikidata.org/entity/Q41413553,,Point(11.08877 49.45318),0.833,49.45318,11.08877,1,http://www.wikidata.org/entity/Q3947,Q41413553,house,,D,blue
2996,http://www.wikidata.org/entity/Q41413559,,Point(11.09767 49.45074),1.513,49.45074,11.09767,1,http://www.wikidata.org/entity/Q43483,Q41413559,water well,,D,blue
2997,http://www.wikidata.org/entity/Q41413556,,Point(11.08955 49.45333),0.888,49.45333,11.08955,1,http://www.wikidata.org/entity/Q3947,Q41413556,house,,D,blue
2998,http://www.wikidata.org/entity/Q41413557,,Point(11.08987 49.45338),0.91,49.45338,11.08987,1,http://www.wikidata.org/entity/Q3947,Q41413557,house,,D,blue
2999,http://www.wikidata.org/entity/Q41413562,,Point(11.09802 49.46078),1.683,49.46078,11.09802,1,http://www.wikidata.org/entity/Q3947,Q41413562,house,,D,blue
3000,http://www.wikidata.org/entity/Q41413568,,Point(11.09648 49.46339),1.744,49.46339,11.09648,1,http://www.wikidata.org/entity/Q16970,Q41413568,church building,,D,blue
3001,http://www.wikidata.org/entity/Q41413579,,Point(11.10667 49.45872),2.19,49.45872,11.10667,1,http://www.wikidata.org/entity/Q3947,Q41413579,house,,D,blue
3002,http://www.wikidata.org/entity/Q41413576,,Point(11.09796 49.46165),1.726,49.46165,11.09796,1,http://www.wikidata.org/entity/Q3947,Q41413576,house,,D,blue
3003,http://www.wikidata.org/entity/Q41413577,,Point(11.09765 49.46204),1.729,49.46204,11.09765,1,http://www.wikidata.org/entity/Q3947,Q41413577,house,,D,blue
3004,http://www.wikidata.org/entity/Q41413580,,Point(11.10637 49.45925),2.185,49.45925,11.10637,1,http://www.wikidata.org/entity/Q3947,Q41413580,house,,D,blue
3005,http://www.wikidata.org/entity/Q41413581,,Point(11.10627 49.4594),2.182,49.4594,11.10627,1,http://www.wikidata.org/entity/Q3947,Q41413581,house,,D,blue
3006,http://www.wikidata.org/entity/Q41413586,,Point(11.09902 49.46172),1.796,49.46172,11.09902,1,http://www.wikidata.org/entity/Q3947,Q41413586,house,,D,blue
3007,http://www.wikidata.org/entity/Q41413587,,Point(11.09918 49.46174),1.807,49.46174,11.09918,1,http://www.wikidata.org/entity/Q3947,Q41413587,house,,D,blue
3008,http://www.wikidata.org/entity/Q41413590,,Point(11.09969 49.4618),1.843,49.4618,11.09969,1,http://www.wikidata.org/entity/Q3947,Q41413590,house,,D,blue
3009,http://www.wikidata.org/entity/Q41413589,,Point(11.09935 49.46175),1.819,49.46175,11.09935,1,http://www.wikidata.org/entity/Q3947,Q41413589,house,,D,blue
3010,http://www.wikidata.org/entity/Q41413594,,Point(11.10045 49.46121),1.862,49.46121,11.10045,1,http://www.wikidata.org/entity/Q3947,Q41413594,house,,D,blue
3011,http://www.wikidata.org/entity/Q41413592,,Point(11.09738 49.46031),1.618,49.46031,11.09738,1,http://www.wikidata.org/entity/Q3947,Q41413592,house,,D,blue
3012,http://www.wikidata.org/entity/Q41413607,,Point(11.098697025 49.462633806),1.828,49.462633806609,11.098697025991,1,http://www.wikidata.org/entity/Q3947,Q41413607,house,,D,blue
3013,http://www.wikidata.org/entity/Q41413604,,Point(11.09495 49.46179),1.55,49.46179,11.09495,1,http://www.wikidata.org/entity/Q3947,Q41413604,house,,D,blue
3014,http://www.wikidata.org/entity/Q41413610,,Point(11.09933 49.45957),1.714,49.45957,11.09933,1,http://www.wikidata.org/entity/Q3947,Q41413610,house,,D,blue
3015,http://www.wikidata.org/entity/Q41413613,,Point(11.09948 49.45956),1.723,49.45956,11.09948,1,http://www.wikidata.org/entity/Q3947,Q41413613,house,,D,blue
3016,http://www.wikidata.org/entity/Q41413616,,Point(11.08922 49.44689),1.16,49.44689,11.08922,1,http://www.wikidata.org/entity/Q1516079,Q41413616,cultural heritage ensemble,,D,blue
3017,http://www.wikidata.org/entity/Q41419310,,Point(10.96803 49.526617),11.301,49.526617,10.96803,1,http://www.wikidata.org/entity/Q358,Kriegerdenkmal Vach,heritage site,,D,blue
3018,http://www.wikidata.org/entity/Q41419309,,Point(10.967244 49.527056),11.375,49.527056,10.967244,1,http://www.wikidata.org/entity/Q5526694,Am Vacher Markt 8,Gasthaus,,D,blue
3019,http://www.wikidata.org/entity/Q41419314,,Point(10.967778 49.526838),11.331,49.526838,10.967778,1,http://www.wikidata.org/entity/Q3947,Brückenstraße 1,house,,D,blue
3020,http://www.wikidata.org/entity/Q41419313,,Point(10.971407 49.526054),11.086,49.526054,10.971407,1,http://www.wikidata.org/entity/Q1516079,Bogenbrücke,cultural heritage ensemble,,D,blue
3021,http://www.wikidata.org/entity/Q41419318,,Point(10.969643 49.526585),11.217,49.526585,10.969643,1,http://www.wikidata.org/entity/Q5526694,Brückenstraße 11 / 11a (Vach),Gasthaus,,D,blue
3022,http://www.wikidata.org/entity/Q41419316,,Point(10.967327 49.526712),11.344,49.526712,10.967327,1,http://www.wikidata.org/entity/Q1516079,Brückenstraße 2 (Fürth),cultural heritage ensemble,,D,blue
3023,http://www.wikidata.org/entity/Q41419322,,Point(10.968243 49.526546),11.284,49.526546,10.968243,1,http://www.wikidata.org/entity/Q5526694,Brückenstraße 12 (Fürth),Gasthaus,,D,blue
3024,http://www.wikidata.org/entity/Q41419326,,Point(10.966796 49.5273),11.417,49.5273,10.966796,1,http://www.wikidata.org/entity/Q1516079,Brauerei Dornbräu,cultural heritage ensemble,,D,blue
3025,http://www.wikidata.org/entity/Q41419324,,Point(10.967447 49.527263),11.382,49.527263,10.967447,1,http://www.wikidata.org/entity/Q1516079,Herzogenauracher Straße 2,cultural heritage ensemble,,D,blue
3026,http://www.wikidata.org/entity/Q41419330,,Point(10.969586 49.531406),11.612,49.531406,10.969586,1,http://www.wikidata.org/entity/Q16823155,Ehemaliges Wasserschloss,Schloss,,D,blue
3027,http://www.wikidata.org/entity/Q41419335,,Point(10.96856 49.527131),11.315,49.527131,10.96856,1,http://www.wikidata.org/entity/Q607241,Vacher Kirchenweg 5 (Fürth),clergy house,,D,blue
3028,http://www.wikidata.org/entity/Q41419332,,Point(10.964932 49.526255),11.43,49.526255,10.964932,1,http://www.wikidata.org/entity/Q3947,Rotdornstraße 7,house,,D,blue
3029,http://www.wikidata.org/entity/Q41419338,,Point(10.962892058 49.52475547),11.419,49.52475547042,10.962892058028,1,http://www.wikidata.org/entity/Q1516079,Friedhof Vach,cultural heritage ensemble,,D,blue
3030,http://www.wikidata.org/entity/Q41419339,,Point(10.94921 49.485737),9.91,49.485737,10.94921,1,http://www.wikidata.org/entity/Q1640496,Steinkreuz,conciliation cross,,D,blue
3031,http://www.wikidata.org/entity/Q41419349,,Point(10.95226 49.490948),9.93,49.490948,10.95226,1,http://www.wikidata.org/entity/Q5526694,Gasthaus Rotes Ross,Gasthaus,,D,blue
3032,http://www.wikidata.org/entity/Q41419362,,Point(10.976183 49.512051),9.757,49.512051,10.976183,1,http://www.wikidata.org/entity/Q16970,Christuskirche,church building,,D,blue
3033,http://www.wikidata.org/entity/Q41419363,,Point(10.973741 49.510992),9.813,49.510992,10.973741,1,http://www.wikidata.org/entity/Q3947,Romminggasse 9,house,,D,blue
3034,http://www.wikidata.org/entity/Q41419365,,Point(10.973885 49.51164),9.852,49.51164,10.973885,1,http://www.wikidata.org/entity/Q1516079,Romminggasse 17a,cultural heritage ensemble,,D,blue
3035,http://www.wikidata.org/entity/Q41419371,,Point(11.011827 49.499911),6.97,49.499911,11.011827,1,http://www.wikidata.org/entity/Q3947,Blütenstraße 2 (Fürth),house,,D,blue
3036,http://www.wikidata.org/entity/Q41419372,,Point(11.007193 49.496622),6.946,49.496622,11.007193,1,http://www.wikidata.org/entity/Q3947,Ronhofer Hauptstraße 192,house,,D,blue
3037,http://www.wikidata.org/entity/Q41419373,,Point(11.006826 49.496838),6.982,49.496838,11.006826,1,http://www.wikidata.org/entity/Q3947,Ronhofer Hauptstraße 200,house,,D,blue
3038,http://www.wikidata.org/entity/Q41419378,,Point(11.020707 49.478328),4.911,49.478328,11.020707,1,http://www.wikidata.org/entity/Q1640496,Steinkreuz und Ruhstein Poppenreuth,conciliation cross,,D,blue
3040,http://www.wikidata.org/entity/Q41419379,,Point(11.012724 49.482541),5.651,49.482541,11.012724,1,http://www.wikidata.org/entity/Q1516079,Scheune Poppenreuther Straße,cultural heritage ensemble,,D,blue
3041,http://www.wikidata.org/entity/Q41419383,,Point(11.014196 49.482048),5.532,49.482048,11.014196,1,http://www.wikidata.org/entity/Q3947,Poppenreuther Straße 130,house,,D,blue
3042,http://www.wikidata.org/entity/Q41419381,,Point(11.013003 49.48233),5.621,49.48233,11.013003,1,http://www.wikidata.org/entity/Q1516079,Poppenreuther Straße 120,cultural heritage ensemble,,D,blue
3043,http://www.wikidata.org/entity/Q41419386,,Point(11.013826 49.482407),5.577,49.482407,11.013826,1,http://www.wikidata.org/entity/Q3947,Poppenreuther Straße 133 (Fürth),house,,D,blue
3044,http://www.wikidata.org/entity/Q41419387,,Point(11.014518 49.482326),5.531,49.482326,11.014518,1,http://www.wikidata.org/entity/Q1516079,Poppenreuther Straße 139,cultural heritage ensemble,,D,blue
3045,http://www.wikidata.org/entity/Q41419394,,Point(10.950226 49.466712),9.294,49.466712,10.950226,1,http://www.wikidata.org/entity/Q1516079,"Forstgrenzsteine des Fürther Stadtwaldes Nr. 8-11, 26-39, 41-51",cultural heritage ensemble,,D,blue
3046,http://www.wikidata.org/entity/Q41419395,,Point(10.929131571 49.472260721),10.901,49.472260721385,10.929131571893,1,http://www.wikidata.org/entity/Q1516079,"Forstgrenzsteine des Fürther Stadtwaldes Nr. 58-60, 63-64, 66, 68, 70, 72-73, 75-77, 79",cultural heritage ensemble,,D,blue
3047,http://www.wikidata.org/entity/Q41419393,,Point(11.015315 49.484357),5.617,49.484357,11.015315,1,http://www.wikidata.org/entity/Q1516079,Friedhof Poppenreuth,cultural heritage ensemble,,D,blue
3048,http://www.wikidata.org/entity/Q41419398,,Point(10.935272 49.466438),10.359,49.466438,10.935272,1,http://www.wikidata.org/entity/Q1425352,Stadtförsterei im Fürther Stadtwald,forester's lodge,,D,blue
3050,http://www.wikidata.org/entity/Q41419396,,Point(10.922245717 49.462628422),11.248,49.462628422794,10.92224571797,1,http://www.wikidata.org/entity/Q1516079,"Forstgrenzsteine des Fürther Stadtwaldes Nr. 92, 102, 104-105, 107-111, 113-114, 116-120, 122-136",cultural heritage ensemble,,D,blue
3051,http://www.wikidata.org/entity/Q41419397,,Point(10.910551425 49.476021176),12.299,49.476021176774,10.910551425969,1,http://www.wikidata.org/entity/Q1516079,"Forstgrenzsteine der Nord- und Westgrenzen des Fürther Stadtwaldes Nr. 52–54, 56–59, 64–65, 67, 69–75, 77, 82–84, 86, 88, 91–95, 99–102, 105",cultural heritage ensemble,,D,blue
3052,http://www.wikidata.org/entity/Q41419403,,Point(10.976366 49.523307),10.618,49.523307,10.976366,1,http://www.wikidata.org/entity/Q5526694,Stadelner Hauptstraße 181,Gasthaus,,D,blue
3053,http://www.wikidata.org/entity/Q41419404,,Point(10.999663 49.500274),7.621,49.500274,10.999663,1,http://www.wikidata.org/entity/Q1516079,Ronhofer Hauptstraße 312,cultural heritage ensemble,,D,blue
3054,http://www.wikidata.org/entity/Q41419496,,Point(10.973133 49.461443),7.575,49.461443,10.973133,1,http://www.wikidata.org/entity/Q1516079,Q41419496,cultural heritage ensemble,,D,blue
3055,http://www.wikidata.org/entity/Q41419525,,Point(10.931356 49.487282),11.18,49.487282,10.931356,1,http://www.wikidata.org/entity/Q23413,Burgfarrnbacher Viadukt,castle,,D,blue
3056,http://www.wikidata.org/entity/Q41419528,,Point(10.923701 49.487998),11.729,49.487998,10.923701,1,http://www.wikidata.org/entity/Q16970,St. Marien,church building,,D,blue
3057,http://www.wikidata.org/entity/Q41419566,,Point(10.9253 49.488507),11.638,49.488507,10.9253,1,http://www.wikidata.org/entity/Q3947,Würzburger Straße 486,house,,D,blue
3058,http://www.wikidata.org/entity/Q41419577,,Point(11.019429 49.500042),6.621,49.500042,11.019429,1,http://www.wikidata.org/entity/Q3947,Braunsbacher Straße 10 (Fürth),house,,D,blue
3059,http://www.wikidata.org/entity/Q41419583,,Point(11.006083 49.506504),7.792,49.506504,11.006083,1,http://www.wikidata.org/entity/Q1516079,Schloss Bislohe,cultural heritage ensemble,,D,blue
3060,http://www.wikidata.org/entity/Q41419587,,Point(10.953002 49.506029),10.689,49.506029,10.953002,1,http://www.wikidata.org/entity/Q3947,Atzenhofer Straße 48,house,,D,blue
3061,http://www.wikidata.org/entity/Q41419590,,Point(10.967232401 49.498983649),9.402,49.498983649514,10.967232401662,1,http://www.wikidata.org/entity/Q1516079,Flughafen Nürnberg-Fürth,cultural heritage ensemble,,D,blue
3062,http://www.wikidata.org/entity/Q41419589,,Point(10.967574 49.500686),9.483,49.500686,10.967574,1,http://www.wikidata.org/entity/Q1516079,Normalflugzeughalle,cultural heritage ensemble,,D,blue
3063,http://www.wikidata.org/entity/Q41419594,,Point(10.989162 49.475217),6.797,49.475217,10.989162,1,http://www.wikidata.org/entity/Q3947,Alexanderstraße 2,house,,D,blue
3064,http://www.wikidata.org/entity/Q41419592,,Point(10.98915 49.475432),6.806,49.475432,10.98915,1,http://www.wikidata.org/entity/Q3947,Alexanderstraße 1 (Fürth),house,,D,blue
3065,http://www.wikidata.org/entity/Q41419598,,Point(10.989524 49.475044),6.766,49.475044,10.989524,1,http://www.wikidata.org/entity/Q3947,Alexanderstraße 6 (Fürth),house,,D,blue
3066,http://www.wikidata.org/entity/Q41419604,,Point(10.989814 49.474905),6.741,49.474905,10.989814,1,http://www.wikidata.org/entity/Q3947,Alexanderstraße 10,house,,D,blue
3067,http://www.wikidata.org/entity/Q41419611,,Point(10.990086 49.474766),6.717,49.474766,10.990086,1,http://www.wikidata.org/entity/Q3947,Alexanderstraße 14,house,,D,blue
3068,http://www.wikidata.org/entity/Q41419622,,Point(10.991816 49.473928),6.568,49.473928,10.991816,1,http://www.wikidata.org/entity/Q3947,Alexanderstraße 32,house,,D,blue
3069,http://www.wikidata.org/entity/Q41419630,,Point(10.986186 49.468324),6.778,49.468324,10.986186,1,http://www.wikidata.org/entity/Q3947,Volksschule Schwabacher Straße,house,,D,blue
3070,http://www.wikidata.org/entity/Q41419638,,Point(10.987167 49.468565),6.715,49.468565,10.987167,1,http://www.wikidata.org/entity/Q3947,Amalienstraße 21 (Fürth),house,,D,blue
3071,http://www.wikidata.org/entity/Q41419639,,Point(10.987393 49.468513),6.698,49.468513,10.987393,1,http://www.wikidata.org/entity/Q3947,Amalienstraße 23,house,,D,blue
3072,http://www.wikidata.org/entity/Q41419636,,Point(10.987058 49.468586),6.724,49.468586,10.987058,1,http://www.wikidata.org/entity/Q3947,Amalienstraße 19,house,,D,blue
3073,http://www.wikidata.org/entity/Q41419642,,Point(10.987912 49.468397),6.659,49.468397,10.987912,1,http://www.wikidata.org/entity/Q3947,Amalienstraße 29 (Fürth),house,,D,blue
3074,http://www.wikidata.org/entity/Q41419641,,Point(10.987739 49.468434),6.672,49.468434,10.987739,1,http://www.wikidata.org/entity/Q3947,Amalienstraße 27,house,,D,blue
3075,http://www.wikidata.org/entity/Q41419644,,Point(10.988001 49.468378),6.652,49.468378,10.988001,1,http://www.wikidata.org/entity/Q3947,Amalienstraße 31,house,,D,blue
3076,http://www.wikidata.org/entity/Q41419653,,Point(10.990405 49.467836),6.469,49.467836,10.990405,1,http://www.wikidata.org/entity/Q3947,Amalienstraße 51,house,,D,blue
3077,http://www.wikidata.org/entity/Q41419658,,Point(10.991045 49.467687),6.42,49.467687,10.991045,1,http://www.wikidata.org/entity/Q3947,Amalienstraße 57,house,,D,blue
3078,http://www.wikidata.org/entity/Q41419659,,Point(10.991254 49.467631),6.404,49.467631,10.991254,1,http://www.wikidata.org/entity/Q3947,Amalienstraße 59,house,,D,blue
3079,http://www.wikidata.org/entity/Q41419667,,Point(10.991954 49.466947),6.337,49.466947,10.991954,1,http://www.wikidata.org/entity/Q16970,St. Paul,church building,,D,blue
3080,http://www.wikidata.org/entity/Q41419664,,Point(10.991516 49.467572),6.384,49.467572,10.991516,1,http://www.wikidata.org/entity/Q3947,Amalienstraße 61,house,,D,blue
3081,http://www.wikidata.org/entity/Q41419670,,Point(10.992968 49.4672),6.272,49.4672,10.992968,1,http://www.wikidata.org/entity/Q3947,Amalienstraße 71,house,,D,blue
3082,http://www.wikidata.org/entity/Q41419678,,Point(10.994212 49.466923),6.178,49.466923,10.994212,1,http://www.wikidata.org/entity/Q3947,Amalienstraße 79,house,,D,blue
3083,http://www.wikidata.org/entity/Q41419677,,Point(10.99401 49.466956),6.193,49.466956,10.99401,1,http://www.wikidata.org/entity/Q3947,Amalienstraße 77,house,,D,blue
3084,http://www.wikidata.org/entity/Q41419682,,Point(10.986862 49.480254),7.163,49.480254,10.986862,1,http://www.wikidata.org/entity/Q3947,Angerstraße 1a,house,,D,blue
3085,http://www.wikidata.org/entity/Q41419680,,Point(10.969647 49.482739),8.415,49.482739,10.969647,1,http://www.wikidata.org/entity/Q1516079,Rote Marter,cultural heritage ensemble,,D,blue
3086,http://www.wikidata.org/entity/Q41419686,,Point(10.987396 49.480152),7.123,49.480152,10.987396,1,http://www.wikidata.org/entity/Q3947,"Angerstraße 2, ehemals Heiligenstraße 3",house,,D,blue
3087,http://www.wikidata.org/entity/Q41419684,,Point(10.987366 49.480101),7.123,49.480101,10.987366,1,http://www.wikidata.org/entity/Q3947,Angerstraße 2,house,,D,blue
3088,http://www.wikidata.org/entity/Q41419699,,Point(10.986339 49.481114),7.237,49.481114,10.986339,1,http://www.wikidata.org/entity/Q3947,Q41419699,house,,D,blue
3089,http://www.wikidata.org/entity/Q41419714,,Point(10.982206 49.473914),7.224,49.473914,10.982206,1,http://www.wikidata.org/entity/Q1516079,Q41419714,cultural heritage ensemble,,D,blue
3090,http://www.wikidata.org/entity/Q41419717,,Point(10.99051 49.47057),6.541,49.47057,10.99051,1,http://www.wikidata.org/entity/Q43483,Centaurenbrunnen,water well,,D,blue
3091,http://www.wikidata.org/entity/Q41419727,,Point(10.989415 49.471035),6.632,49.471035,10.989415,1,http://www.wikidata.org/entity/Q3947,Bahnhofplatz 11,house,,D,blue
3092,http://www.wikidata.org/entity/Q41419724,,Point(10.991825 49.470495),6.448,49.470495,10.991825,1,http://www.wikidata.org/entity/Q3947,Bahnhofplatz 7,house,,D,blue
3093,http://www.wikidata.org/entity/Q41419725,,Point(10.991735 49.470322),6.448,49.470322,10.991735,1,http://www.wikidata.org/entity/Q3947,Bahnhofplatz 8,house,,D,blue
3094,http://www.wikidata.org/entity/Q41419779,,Point(10.985958 49.477829),7.118,49.477829,10.985958,1,http://www.wikidata.org/entity/Q3947,Beim Liershof 1 (Fürth),house,,D,blue
3095,http://www.wikidata.org/entity/Q41419783,,Point(10.977686 49.480552),7.785,49.480552,10.977686,1,http://www.wikidata.org/entity/Q3947,Zollhäuschen Billinganlage,house,,D,blue
3096,http://www.wikidata.org/entity/Q41419793,,Point(10.987983 49.474611),6.854,49.474611,10.987983,1,http://www.wikidata.org/entity/Q1516079,Blumenstraße 5,cultural heritage ensemble,,D,blue
3097,http://www.wikidata.org/entity/Q41419800,,Point(10.98739 49.47489),6.905,49.47489,10.98739,1,http://www.wikidata.org/entity/Q3947,Blumenstraße 11 (Fürth),house,,D,blue
3098,http://www.wikidata.org/entity/Q41419801,,Point(10.987177 49.475279),6.934,49.475279,10.987177,1,http://www.wikidata.org/entity/Q3947,Blumenstraße 12,house,,D,blue
3099,http://www.wikidata.org/entity/Q41419816,,Point(10.98615 49.475857),7.026,49.475857,10.98615,1,http://www.wikidata.org/entity/Q1516079,Blumenstraße 22,cultural heritage ensemble,,D,blue
3100,http://www.wikidata.org/entity/Q41419823,,Point(10.985438 49.476204),7.087,49.476204,10.985438,1,http://www.wikidata.org/entity/Q3947,Blumenstraße 28 (Fürth),house,,D,blue
3101,http://www.wikidata.org/entity/Q41419850,,Point(10.983309 49.47733),7.276,49.47733,10.983309,1,http://www.wikidata.org/entity/Q3947,Blumenstraße 46 (Fürth),house,,D,blue
3102,http://www.wikidata.org/entity/Q41419848,,Point(10.983886 49.476789),7.215,49.476789,10.983886,1,http://www.wikidata.org/entity/Q3947,Blumenstraße 45,house,,D,blue
3103,http://www.wikidata.org/entity/Q41419854,,Point(10.983236 49.477172),7.274,49.477172,10.983236,1,http://www.wikidata.org/entity/Q3947,Blumenstraße 51 (Fürth),house,,D,blue
3104,http://www.wikidata.org/entity/Q41419862,,Point(10.978054 49.479897),7.733,49.479897,10.978054,1,http://www.wikidata.org/entity/Q3947,Cadolzburger Straße 1/3,house,,D,blue
3105,http://www.wikidata.org/entity/Q41419865,,Point(10.977524 49.479154),7.738,49.479154,10.977524,1,http://www.wikidata.org/entity/Q3947,Cadolzburger Straße 14a,house,,D,blue
3106,http://www.wikidata.org/entity/Q41419868,,Point(10.977805 49.478484),7.693,49.478484,10.977805,1,http://www.wikidata.org/entity/Q3947,Cadolzburger Straße 24,house,,D,blue
3107,http://www.wikidata.org/entity/Q41419869,,Point(10.97772 49.478193),7.687,49.478193,10.97772,1,http://www.wikidata.org/entity/Q3947,Cadolzburger Straße 30,house,,D,blue
3108,http://www.wikidata.org/entity/Q41419882,,Point(10.984995 49.469166),6.884,49.469166,10.984995,1,http://www.wikidata.org/entity/Q3947,Logenhaus,house,,D,blue
3109,http://www.wikidata.org/entity/Q41419887,,Point(10.981334 49.475209),7.329,49.475209,10.981334,1,http://www.wikidata.org/entity/Q3947,Q41419887,house,,D,blue
3110,http://www.wikidata.org/entity/Q41419924,,Point(10.996055 49.480292),6.565,49.480292,10.996055,1,http://www.wikidata.org/entity/Q3947,Erlanger Straße 19,house,,D,blue
3111,http://www.wikidata.org/entity/Q41419936,,Point(10.997261 49.480598),6.502,49.480598,10.997261,1,http://www.wikidata.org/entity/Q3947,Erlanger Straße 35,house,,D,blue
3112,http://www.wikidata.org/entity/Q41419943,,Point(10.997764 49.482621),6.576,49.482621,10.997764,1,http://www.wikidata.org/entity/Q3947,Erlanger Straße 65/67,house,,D,blue
3113,http://www.wikidata.org/entity/Q41419946,,Point(10.997482 49.483103),6.62,49.483103,10.997482,1,http://www.wikidata.org/entity/Q3947,Erlanger Straße 73,house,,D,blue
3114,http://www.wikidata.org/entity/Q41419945,,Point(10.99758 49.482939),6.605,49.482939,10.99758,1,http://www.wikidata.org/entity/Q3947,Erlanger Straße 71,house,,D,blue
3115,http://www.wikidata.org/entity/Q41419951,,Point(10.99707 49.483724),6.68,49.483724,10.99707,1,http://www.wikidata.org/entity/Q1516079,Erlanger Straße 81,cultural heritage ensemble,,D,blue
3116,http://www.wikidata.org/entity/Q41419948,,Point(10.997407 49.483227),6.632,49.483227,10.997407,1,http://www.wikidata.org/entity/Q3947,Erlanger Straße 75,house,,D,blue
3117,http://www.wikidata.org/entity/Q41419959,,Point(10.986476 49.467116),6.727,49.467116,10.986476,1,http://www.wikidata.org/entity/Q3947,Fichtenstraße 23,house,,D,blue
3118,http://www.wikidata.org/entity/Q41419957,,Point(10.985104 49.467494),6.833,49.467494,10.985104,1,http://www.wikidata.org/entity/Q1516079,Staatliche Berufsschule I,cultural heritage ensemble,,D,blue
3119,http://www.wikidata.org/entity/Q41419961,,Point(10.986849 49.467063),6.699,49.467063,10.986849,1,http://www.wikidata.org/entity/Q3947,Fichtenstraße 27 (Fürth),house,,D,blue
3120,http://www.wikidata.org/entity/Q41419980,,Point(10.983708 49.460554),6.805,49.460554,10.983708,1,http://www.wikidata.org/entity/Q3950,Flößaustraße 5,villa,,D,blue
3121,http://www.wikidata.org/entity/Q41420010,,Point(10.99876 49.463463),5.775,49.463463,10.99876,1,http://www.wikidata.org/entity/Q3947,Flößaustraße 143,house,,D,blue
3122,http://www.wikidata.org/entity/Q41420014,,Point(11.000319 49.463787),5.672,49.463787,11.000319,1,http://www.wikidata.org/entity/Q3947,Flößaustraße 153,house,,D,blue
3123,http://www.wikidata.org/entity/Q41420020,,Point(11.00161 49.464049),5.586,49.464049,11.00161,1,http://www.wikidata.org/entity/Q3947,Flößaustraße 165,house,,D,blue
3124,http://www.wikidata.org/entity/Q41420026,,Point(11.002337 49.464341),5.541,49.464341,11.002337,1,http://www.wikidata.org/entity/Q3947,Flößaustraße 171,house,,D,blue
3125,http://www.wikidata.org/entity/Q41420024,,Point(11.002179 49.464279),5.551,49.464279,11.002179,1,http://www.wikidata.org/entity/Q3947,Flößaustraße 169,house,,D,blue
3126,http://www.wikidata.org/entity/Q41420038,,Point(10.99718 49.46351),5.889,49.46351,10.99718,1,http://www.wikidata.org/entity/Q1516079,Grundschule Frauenstraße (Fürth),cultural heritage ensemble,,D,blue
3127,http://www.wikidata.org/entity/Q41420036,,Point(10.996735 49.463775),5.926,49.463775,10.996735,1,http://www.wikidata.org/entity/Q1516079,III. Städtisches Brause- und Wannenbad,cultural heritage ensemble,,D,blue
3128,http://www.wikidata.org/entity/Q41420044,,Point(10.991128566 49.473518741),6.599,49.473518741913,10.991128566085,1,http://www.wikidata.org/entity/Q1516079,Friedrichstraße 4,cultural heritage ensemble,,D,blue
3129,http://www.wikidata.org/entity/Q41420058,,Point(10.989504 49.472357),6.669,49.472357,10.989504,1,http://www.wikidata.org/entity/Q3947,Q41420058,house,,D,blue
3130,http://www.wikidata.org/entity/Q41420057,,Point(10.989757 49.472515),6.657,49.472515,10.989757,1,http://www.wikidata.org/entity/Q3947,Friedrichstraße 14,house,,D,blue
3131,http://www.wikidata.org/entity/Q41420070,,Point(10.990838 49.472343),6.577,49.472343,10.990838,1,http://www.wikidata.org/entity/Q3947,Q41420070,house,,D,blue
3132,http://www.wikidata.org/entity/Q41420122,,Point(10.987994 49.476935),6.944,49.476935,10.987994,1,http://www.wikidata.org/entity/Q3947,Gartenstraße 8,house,,D,blue
3133,http://www.wikidata.org/entity/Q41420123,,Point(10.9877 49.476864),6.961,49.476864,10.9877,1,http://www.wikidata.org/entity/Q3947,Gartenstraße 9,house,,D,blue
3134,http://www.wikidata.org/entity/Q41420126,,Point(10.987286 49.477076),6.998,49.477076,10.987286,1,http://www.wikidata.org/entity/Q1516079,Gartenstraße 11-11a (Fürth),cultural heritage ensemble,,D,blue
3135,http://www.wikidata.org/entity/Q41420130,,Point(10.98684 49.477311),7.037,49.477311,10.98684,1,http://www.wikidata.org/entity/Q3947,Gartenstraße 13-13a,house,,D,blue
3136,http://www.wikidata.org/entity/Q41420139,,Point(10.992395 49.47016),6.397,49.47016,10.992395,1,http://www.wikidata.org/entity/Q3947,Gebhardtstraße 5-5a,house,,D,blue
3137,http://www.wikidata.org/entity/Q41420136,,Point(10.992187 49.470211),6.413,49.470211,10.992187,1,http://www.wikidata.org/entity/Q3947,Gebhardtstraße 3,house,,D,blue
3138,http://www.wikidata.org/entity/Q41420143,,Point(10.995693 49.469417),6.146,49.469417,10.995693,1,http://www.wikidata.org/entity/Q3947,Gebhardtstraße 25 (Fürth),house,,D,blue
3139,http://www.wikidata.org/entity/Q41420140,,Point(10.992641 49.470109),6.379,49.470109,10.992641,1,http://www.wikidata.org/entity/Q3947,Gebhardtstraße 7,house,,D,blue
3140,http://www.wikidata.org/entity/Q41420144,,Point(11.000147 49.468439),5.806,49.468439,11.000147,1,http://www.wikidata.org/entity/Q3947,Gebhardtstraße 49,house,,D,blue
3141,http://www.wikidata.org/entity/Q41420153,,Point(10.997548 49.471204),6.077,49.471204,10.997548,1,http://www.wikidata.org/entity/Q3947,Goethestraße 1,house,,D,blue
3142,http://www.wikidata.org/entity/Q41420158,,Point(10.997791 49.471479),6.07,49.471479,10.997791,1,http://www.wikidata.org/entity/Q3947,Goethestraße 5,house,,D,blue
3143,http://www.wikidata.org/entity/Q41420167,,Point(10.998206 49.471511),6.043,49.471511,10.998206,1,http://www.wikidata.org/entity/Q3947,Goethestraße 12 (Fürth),house,,D,blue
3144,http://www.wikidata.org/entity/Q41420165,,Point(10.998138 49.471873),6.061,49.471873,10.998138,1,http://www.wikidata.org/entity/Q3947,Goethestraße 11,house,,D,blue
3145,http://www.wikidata.org/entity/Q41420169,,Point(10.998515 49.471871),6.035,49.471871,10.998515,1,http://www.wikidata.org/entity/Q3947,Goethestraße 18,house,,D,blue
3146,http://www.wikidata.org/entity/Q41420176,,Point(10.990722 49.471173),6.546,49.471173,10.990722,1,http://www.wikidata.org/entity/Q3947,Gustav-Schickedanz-Straße (Fürth),house,,D,blue
3147,http://www.wikidata.org/entity/Q41420185,,Point(10.990001 49.47813),6.861,49.47813,10.990001,1,http://www.wikidata.org/entity/Q3947,Gustavstraße 3,house,,D,blue
3148,http://www.wikidata.org/entity/Q41420204,,Point(10.989216 49.478746),6.94,49.478746,10.989216,1,http://www.wikidata.org/entity/Q3947,Gustavstraße 27,house,,D,blue
3149,http://www.wikidata.org/entity/Q41420213,,Point(10.989047 49.479188),6.971,49.479188,10.989047,1,http://www.wikidata.org/entity/Q1516079,Gasthof Grüner Baum,cultural heritage ensemble,,D,blue
3150,http://www.wikidata.org/entity/Q41420235,,Point(10.987864 49.479797),7.076,49.479797,10.987864,1,http://www.wikidata.org/entity/Q3947,Gustavstraße 54 (Fürth),house,,D,blue
3151,http://www.wikidata.org/entity/Q41420233,,Point(10.988062 49.479347),7.043,49.479347,10.988062,1,http://www.wikidata.org/entity/Q3947,Gustavstraße 51 / 53 / 53a,house,,D,blue
3152,http://www.wikidata.org/entity/Q41420239,,Point(10.987676 49.479877),7.092,49.479877,10.987676,1,http://www.wikidata.org/entity/Q3947,Gustavstraße 56 (Fürth),house,,D,blue
3153,http://www.wikidata.org/entity/Q41420237,,Point(10.987936 49.479424),7.055,49.479424,10.987936,1,http://www.wikidata.org/entity/Q3947,Gustavstraße 55 (Fürth),house,,D,blue
3154,http://www.wikidata.org/entity/Q41420243,,Point(10.987456 49.479651),7.097,49.479651,10.987456,1,http://www.wikidata.org/entity/Q3947,Gustavstraße 65,house,,D,blue
3155,http://www.wikidata.org/entity/Q41420240,,Point(10.987579 49.479969),7.103,49.479969,10.987579,1,http://www.wikidata.org/entity/Q5526694,Gustavstraße 58,Gasthaus,,D,blue
3156,http://www.wikidata.org/entity/Q41420241,,Point(10.987659 49.479469),7.075,49.479469,10.987659,1,http://www.wikidata.org/entity/Q1516079,Gasthaus Zum Alten Rentamt,cultural heritage ensemble,,D,blue
3157,http://www.wikidata.org/entity/Q41420261,,Point(10.987481 49.480188),7.119,49.480188,10.987481,1,http://www.wikidata.org/entity/Q3947,Heiligenstraße 5,house,,D,blue
3158,http://www.wikidata.org/entity/Q41420268,,Point(10.98787 49.480458),7.106,49.480458,10.98787,1,http://www.wikidata.org/entity/Q3947,Heiligenstraße 13,house,,D,blue
3159,http://www.wikidata.org/entity/Q41420269,,Point(10.988009 49.480662),7.106,49.480662,10.988009,1,http://www.wikidata.org/entity/Q3947,Heiligenstraße 17 (Fürth),house,,D,blue
3160,http://www.wikidata.org/entity/Q41420272,,Point(10.991309 49.476852),6.719,49.476852,10.991309,1,http://www.wikidata.org/entity/Q3947,Q41420272,house,,D,blue
3161,http://www.wikidata.org/entity/Q41420273,,Point(10.991325 49.476499),6.703,49.476499,10.991325,1,http://www.wikidata.org/entity/Q1516079,Städtische Feuerwache,cultural heritage ensemble,,D,blue
3162,http://www.wikidata.org/entity/Q41420276,,Point(10.991903 49.476895),6.681,49.476895,10.991903,1,http://www.wikidata.org/entity/Q1516079,Ehemaliges Eichamt,cultural heritage ensemble,,D,blue
3163,http://www.wikidata.org/entity/Q41420286,,Point(10.991115 49.477082),6.741,49.477082,10.991115,1,http://www.wikidata.org/entity/Q3947,Helmstraße 9,house,,D,blue
3164,http://www.wikidata.org/entity/Q41420288,,Point(10.990803 49.477015),6.759,49.477015,10.990803,1,http://www.wikidata.org/entity/Q1516079,Gaststätte Zum Tannenbaum,cultural heritage ensemble,,D,blue
3165,http://www.wikidata.org/entity/Q41420293,,Point(10.988754 49.47624),6.865,49.47624,10.988754,1,http://www.wikidata.org/entity/Q3947,Hirschenstraße 1/3,house,,D,blue
3166,http://www.wikidata.org/entity/Q41420298,,Point(10.988621 49.476067),6.867,49.476067,10.988621,1,http://www.wikidata.org/entity/Q3947,Q41420298,house,,D,blue
3167,http://www.wikidata.org/entity/Q41420307,,Point(10.987207 49.474724),6.911,49.474724,10.987207,1,http://www.wikidata.org/entity/Q3947,Hirschenstraße 12,house,,D,blue
3168,http://www.wikidata.org/entity/Q41420310,,Point(10.988308 49.475476),6.865,49.475476,10.988308,1,http://www.wikidata.org/entity/Q3947,Hirschenstraße 15/17 (Fürth),house,,D,blue
3169,http://www.wikidata.org/entity/Q41420318,,Point(10.985947 49.473804),6.964,49.473804,10.985947,1,http://www.wikidata.org/entity/Q3947,Hirschenstraße 28,house,,D,blue
3170,http://www.wikidata.org/entity/Q41420319,,Point(10.98729 49.474477),6.896,49.474477,10.98729,1,http://www.wikidata.org/entity/Q1516079,I. Städtisches Brause- und Wannenbad (Fürth),cultural heritage ensemble,,D,blue
3171,http://www.wikidata.org/entity/Q41420316,,Point(10.98611 49.473926),6.957,49.473926,10.98611,1,http://www.wikidata.org/entity/Q3947,Hirschenstraße 26 (Fürth),house,,D,blue
3172,http://www.wikidata.org/entity/Q41420320,,Point(10.98577 49.473675),6.971,49.473675,10.98577,1,http://www.wikidata.org/entity/Q3947,Hirschenstraße 30/32 (Fürth),house,,D,blue
3173,http://www.wikidata.org/entity/Q41420324,,Point(10.985628 49.473563),6.977,49.473563,10.985628,1,http://www.wikidata.org/entity/Q3947,Hirschenstraße 34,house,,D,blue
3174,http://www.wikidata.org/entity/Q41420343,,Point(10.972652 49.481272),8.152,49.481272,10.972652,1,http://www.wikidata.org/entity/Q16970,St. Martin,church building,,D,blue
3175,http://www.wikidata.org/entity/Q41420346,,Point(11.010802 49.462843),4.908,49.462843,11.010802,1,http://www.wikidata.org/entity/Q3947,Höfener Straße 20 (Fürth),house,,D,blue
3176,http://www.wikidata.org/entity/Q41420347,,Point(11.010791 49.462705),4.906,49.462705,11.010791,1,http://www.wikidata.org/entity/Q3947,Höfener Straße 22 (Fürth),house,,D,blue
3177,http://www.wikidata.org/entity/Q41420344,,Point(11.011035 49.463669),4.911,49.463669,11.011035,1,http://www.wikidata.org/entity/Q3947,Höfener Straße 10/14,house,,D,blue
3178,http://www.wikidata.org/entity/Q41420348,,Point(11.010774 49.462577),4.904,49.462577,11.010774,1,http://www.wikidata.org/entity/Q3947,Höfener Straße 24,house,,D,blue
3179,http://www.wikidata.org/entity/Q41420349,,Point(11.010758 49.462434),4.902,49.462434,11.010758,1,http://www.wikidata.org/entity/Q3947,Höfener Straße 26,house,,D,blue
3180,http://www.wikidata.org/entity/Q41420363,,Point(10.997465 49.470317),6.052,49.470317,10.997465,1,http://www.wikidata.org/entity/Q3947,Hornschuchpromenade 1,house,,D,blue
3181,http://www.wikidata.org/entity/Q41420366,,Point(10.997906 49.470164),6.017,49.470164,10.997906,1,http://www.wikidata.org/entity/Q3947,Hornschuchpromenade 3/4,house,,D,blue
3182,http://www.wikidata.org/entity/Q41420367,,Point(10.998116 49.470088),6.0,49.470088,10.998116,1,http://www.wikidata.org/entity/Q3947,Hornschuchpromenade 5,house,,D,blue
3183,http://www.wikidata.org/entity/Q41420365,,Point(10.99762 49.47027),6.04,49.47027,10.99762,1,http://www.wikidata.org/entity/Q3947,Hornschuchpromenade 2,house,,D,blue
3184,http://www.wikidata.org/entity/Q41420370,,Point(10.998672 49.46988),5.954,49.46988,10.998672,1,http://www.wikidata.org/entity/Q3947,Hornschuchpromenade 7,house,,D,blue
3185,http://www.wikidata.org/entity/Q41420371,,Point(10.99893 49.469788),5.934,49.469788,10.99893,1,http://www.wikidata.org/entity/Q3947,Hornschuchpromenade 8,house,,D,blue
3186,http://www.wikidata.org/entity/Q41420369,,Point(10.9983 49.470009),5.984,49.470009,10.9983,1,http://www.wikidata.org/entity/Q3947,Hornschuchpromenade 6,house,,D,blue
3187,http://www.wikidata.org/entity/Q41420374,,Point(11.000048 49.469349),5.842,49.469349,11.000048,1,http://www.wikidata.org/entity/Q3947,Hornschuchpromenade 15,house,,D,blue
3188,http://www.wikidata.org/entity/Q41420375,,Point(11.000834 49.469093),5.779,49.469093,11.000834,1,http://www.wikidata.org/entity/Q3947,Hornschuchpromenade 17,house,,D,blue
3189,http://www.wikidata.org/entity/Q41420373,,Point(10.999673 49.469496),5.873,49.469496,10.999673,1,http://www.wikidata.org/entity/Q3947,Hornschuchpromenade 13,house,,D,blue
3190,http://www.wikidata.org/entity/Q41420378,,Point(11.001413 49.468888),5.733,49.468888,11.001413,1,http://www.wikidata.org/entity/Q3947,Hornschuchpromenade 20 (Fürth),house,,D,blue
3191,http://www.wikidata.org/entity/Q41420379,,Point(11.001579 49.468824),5.719,49.468824,11.001579,1,http://www.wikidata.org/entity/Q3947,Hornschuchpromenade 21,house,,D,blue
3192,http://www.wikidata.org/entity/Q41420376,,Point(11.001033 49.469025),5.763,49.469025,11.001033,1,http://www.wikidata.org/entity/Q3947,Hornschuchpromenade 18,house,,D,blue
3193,http://www.wikidata.org/entity/Q41420383,,Point(11.002423 49.468603),5.654,49.468603,11.002423,1,http://www.wikidata.org/entity/Q3947,Hornschuchpromenade 24,house,,D,blue
3194,http://www.wikidata.org/entity/Q41420386,,Point(11.003544 49.468092),5.56,49.468092,11.003544,1,http://www.wikidata.org/entity/Q3947,Hornschuchpromenade 30,house,,D,blue
3195,http://www.wikidata.org/entity/Q41420387,,Point(11.006286 49.467192),5.341,49.467192,11.006286,1,http://www.wikidata.org/entity/Q1516079,Hornschuchpromenade 44,cultural heritage ensemble,,D,blue
3196,http://www.wikidata.org/entity/Q41420395,,Point(10.986055 49.459116),6.62,49.459116,10.986055,1,http://www.wikidata.org/entity/Q1516079,Jahnstraße 7,cultural heritage ensemble,,D,blue
3197,http://www.wikidata.org/entity/Q41420406,,Point(11.002593 49.469999),5.689,49.469999,11.002593,1,http://www.wikidata.org/entity/Q3947,Jakobinenstraße 11,house,,D,blue
3198,http://www.wikidata.org/entity/Q41420404,,Point(11.002051 49.468999),5.692,49.468999,11.002051,1,http://www.wikidata.org/entity/Q3947,Jakobinenstraße 8,house,,D,blue
3199,http://www.wikidata.org/entity/Q41420430,,Point(11.002524974 49.462509101),5.489,49.46250910133,11.002524974376,1,http://www.wikidata.org/entity/Q1516079,Kaserne der Königlich Bayerischen Train-Abteilung Nr. 3,cultural heritage ensemble,,D,blue
3200,http://www.wikidata.org/entity/Q41420534,,Point(10.98416 49.461651),6.787,49.461651,10.98416,1,http://www.wikidata.org/entity/Q3947,Kaiserstraße 14,house,,D,blue
3201,http://www.wikidata.org/entity/Q41420545,,Point(10.996974 49.464613),5.927,49.464613,10.996974,1,http://www.wikidata.org/entity/Q1516079,Pfarramt St. Heinrich,cultural heritage ensemble,,D,blue
3202,http://www.wikidata.org/entity/Q41420550,,Point(11.002974 49.466163),5.543,49.466163,11.002974,1,http://www.wikidata.org/entity/Q1516079,Kaiserstraße 168-170,cultural heritage ensemble,,D,blue
3203,http://www.wikidata.org/entity/Q41420551,,Point(10.983556 49.483682),7.541,49.483682,10.983556,1,http://www.wikidata.org/entity/Q108325,Denkmal Kapellenruh,chapel,,D,blue
3204,http://www.wikidata.org/entity/Q41420586,,Point(10.986787 49.470198),6.788,49.470198,10.986787,1,http://www.wikidata.org/entity/Q3947,Letra-Haus,house,,D,blue
3205,http://www.wikidata.org/entity/Q41420591,,Point(10.986854 49.469846),6.773,49.469846,10.986854,1,http://www.wikidata.org/entity/Q3947,Karolinenstraße 20,house,,D,blue
3206,http://www.wikidata.org/entity/Q41420613,,Point(10.985147 49.47685),7.132,49.47685,10.985147,1,http://www.wikidata.org/entity/Q3947,Theaterstraße 14,house,,D,blue
3207,http://www.wikidata.org/entity/Q41420619,,Point(10.988515 49.479929),7.039,49.479929,10.988515,1,http://www.wikidata.org/entity/Q358,Wilhelm-Löhe-Denkmal,heritage site,,D,blue
3208,http://www.wikidata.org/entity/Q41420622,,Point(10.988811 49.480349),7.039,49.480349,10.988811,1,http://www.wikidata.org/entity/Q3947,Kirchenplatz 3,house,,D,blue
3209,http://www.wikidata.org/entity/Q41420620,,Point(10.988169 49.480266),7.078,49.480266,10.988169,1,http://www.wikidata.org/entity/Q1516079,Kirchenplatz 2 / 2a,cultural heritage ensemble,,D,blue
3210,http://www.wikidata.org/entity/Q41420626,,Point(10.989325 49.479922),6.986,49.479922,10.989325,1,http://www.wikidata.org/entity/Q3947,Kirchenplatz 6,house,,D,blue
3211,http://www.wikidata.org/entity/Q41420627,,Point(10.994226 49.471298),6.308,49.471298,10.994226,1,http://www.wikidata.org/entity/Q3947,Kirchenstraße 6 (Fürth),house,,D,blue
3212,http://www.wikidata.org/entity/Q41420624,,Point(10.989232 49.480105),7.0,49.480105,10.989232,1,http://www.wikidata.org/entity/Q1516079,Grundschule Kirchenplatz (Fürth),cultural heritage ensemble,,D,blue
3213,http://www.wikidata.org/entity/Q41420628,,Point(10.989068 49.47661),6.859,49.47661,10.989068,1,http://www.wikidata.org/entity/Q3947,Q41420628,house,,D,blue
3214,http://www.wikidata.org/entity/Q41420629,,Point(10.988521 49.476725),6.9,49.476725,10.988521,1,http://www.wikidata.org/entity/Q3947,Kaufhaus Tietz,house,,D,blue
3215,http://www.wikidata.org/entity/Q41420636,,Point(10.983953 49.479873),7.339,49.479873,10.983953,1,http://www.wikidata.org/entity/Q3947,Königstraße 5,house,,D,blue
3216,http://www.wikidata.org/entity/Q41420640,,Point(10.984231 49.479906),7.322,49.479906,10.984231,1,http://www.wikidata.org/entity/Q3947,Königstraße 11,house,,D,blue
3217,http://www.wikidata.org/entity/Q41420650,,Point(10.98566 49.479923),7.228,49.479923,10.98566,1,http://www.wikidata.org/entity/Q11755880,Königstraße 31 (Fürth),residential building,,D,blue
3218,http://www.wikidata.org/entity/Q41420660,,Point(10.986886 49.479063),7.108,49.479063,10.986886,1,http://www.wikidata.org/entity/Q3947,Königstraße 45,house,,D,blue
3219,http://www.wikidata.org/entity/Q41420671,,Point(10.98755 49.478676),7.047,49.478676,10.98755,1,http://www.wikidata.org/entity/Q3947,Königstraße 59,house,,D,blue
3220,http://www.wikidata.org/entity/Q41420668,,Point(10.987439 49.47873),7.057,49.47873,10.987439,1,http://www.wikidata.org/entity/Q3947,Königstraße 57,house,,D,blue
3221,http://www.wikidata.org/entity/Q41420678,,Point(10.988473 49.47827),6.968,49.47827,10.988473,1,http://www.wikidata.org/entity/Q3947,Königstraße 69,house,,D,blue
3222,http://www.wikidata.org/entity/Q41420676,,Point(10.988344 49.478319),6.979,49.478319,10.988344,1,http://www.wikidata.org/entity/Q3947,Königstraße 67 (Fürth),house,,D,blue
3223,http://www.wikidata.org/entity/Q41420683,,Point(10.988789 49.478129),6.941,49.478129,10.988789,1,http://www.wikidata.org/entity/Q3947,Königstraße 73,house,,D,blue
3224,http://www.wikidata.org/entity/Q41420680,,Point(10.987247 49.478485),7.059,49.478485,10.987247,1,http://www.wikidata.org/entity/Q1516079,Gasthof Weiße Rose,cultural heritage ensemble,,D,blue
3225,http://www.wikidata.org/entity/Q41420681,,Point(10.988662 49.47818),6.952,49.47818,10.988662,1,http://www.wikidata.org/entity/Q3947,Königstraße 71 (Fürth),house,,D,blue
3226,http://www.wikidata.org/entity/Q41420687,,Point(10.988935 49.478032),6.927,49.478032,10.988935,1,http://www.wikidata.org/entity/Q3947,Königstraße 75,house,,D,blue
3227,http://www.wikidata.org/entity/Q41420691,,Point(10.989096 49.47792),6.912,49.47792,10.989096,1,http://www.wikidata.org/entity/Q3947,Königstraße 77 (Fürth),house,,D,blue
3228,http://www.wikidata.org/entity/Q41420693,,Point(10.989268 49.477838),6.897,49.477838,10.989268,1,http://www.wikidata.org/entity/Q3947,Königstraße 79,house,,D,blue
3229,http://www.wikidata.org/entity/Q41420698,,Point(10.988713 49.47767),6.927,49.47767,10.988713,1,http://www.wikidata.org/entity/Q3947,Königstraße 82,house,,D,blue
3230,http://www.wikidata.org/entity/Q41420696,,Point(10.98941 49.477748),6.884,49.477748,10.98941,1,http://www.wikidata.org/entity/Q1516079,Gasthof Schwarzes Kreuz,cultural heritage ensemble,,D,blue
3231,http://www.wikidata.org/entity/Q41420709,,Point(10.990748 49.476767),6.753,49.476767,10.990748,1,http://www.wikidata.org/entity/Q3947,Königstraße 95,house,,D,blue
3232,http://www.wikidata.org/entity/Q41420716,,Point(10.991072 49.476479),6.719,49.476479,10.991072,1,http://www.wikidata.org/entity/Q43483,Jugendbrunnen (Fürth),water well,,D,blue
3233,http://www.wikidata.org/entity/Q41420726,,Point(10.99204 49.47525),6.604,49.47525,10.99204,1,http://www.wikidata.org/entity/Q3947,Königstraße 115 (Fürth),house,,D,blue
3234,http://www.wikidata.org/entity/Q41420728,,Point(10.992116 49.47511),6.593,49.47511,10.992116,1,http://www.wikidata.org/entity/Q3947,Königstraße 117,house,,D,blue
3235,http://www.wikidata.org/entity/Q41420734,,Point(10.992529 49.474378),6.536,49.474378,10.992529,1,http://www.wikidata.org/entity/Q3947,Königstraße 125,house,,D,blue
3236,http://www.wikidata.org/entity/Q41420733,,Point(10.992417 49.47457),6.551,49.47457,10.992417,1,http://www.wikidata.org/entity/Q3947,Königstraße 123,house,,D,blue
3237,http://www.wikidata.org/entity/Q41420736,,Point(10.992174 49.47372),6.535,49.47372,10.992174,1,http://www.wikidata.org/entity/Q3947,Königstraße 128,house,,D,blue
3238,http://www.wikidata.org/entity/Q41420737,,Point(10.992669 49.474116),6.517,49.474116,10.992669,1,http://www.wikidata.org/entity/Q3947,Königstraße 129,house,,D,blue
3239,http://www.wikidata.org/entity/Q41420742,,Point(10.993058 49.472568),6.433,49.472568,10.993058,1,http://www.wikidata.org/entity/Q43483,König-Ludwig-II.-Brunnen,water well,,D,blue
3240,http://www.wikidata.org/entity/Q41420740,,Point(10.99305 49.473423),6.465,49.473423,10.99305,1,http://www.wikidata.org/entity/Q3947,Königstraße 137-137a,house,,D,blue
3241,http://www.wikidata.org/entity/Q41420741,,Point(10.993177 49.473251),6.45,49.473251,10.993177,1,http://www.wikidata.org/entity/Q3947,Königstraße 139,house,,D,blue
3242,http://www.wikidata.org/entity/Q41420747,,Point(10.992811 49.470959),6.394,49.470959,10.992811,1,http://www.wikidata.org/entity/Q3950,Königswarterstraße 22 (Fürth),villa,,D,blue
3243,http://www.wikidata.org/entity/Q41420745,,Point(10.992529 49.471113),6.419,49.471113,10.992529,1,http://www.wikidata.org/entity/Q3950,Königswarterstraße 20 (Fürth),villa,,D,blue
3244,http://www.wikidata.org/entity/Q41420751,,Point(10.995473 49.470261),6.188,49.470261,10.995473,1,http://www.wikidata.org/entity/Q3947,Königswarterstraße 42,house,,D,blue
3245,http://www.wikidata.org/entity/Q41420748,,Point(10.99304 49.470854),6.375,49.470854,10.99304,1,http://www.wikidata.org/entity/Q3950,Königswarterstraße 24,villa,,D,blue
3246,http://www.wikidata.org/entity/Q41420767,,Point(10.998917 49.469157),5.914,49.469157,10.998917,1,http://www.wikidata.org/entity/Q3947,Königswarterstraße 68,house,,D,blue
3247,http://www.wikidata.org/entity/Q41420771,,Point(10.999627 49.468928),5.858,49.468928,10.999627,1,http://www.wikidata.org/entity/Q3947,Königswarterstraße 74,house,,D,blue
3248,http://www.wikidata.org/entity/Q41420774,,Point(11.000132 49.468713),5.816,49.468713,11.000132,1,http://www.wikidata.org/entity/Q3947,Königswarterstraße 77,house,,D,blue
3249,http://www.wikidata.org/entity/Q41420782,,Point(10.990255 49.478007),6.838,49.478007,10.990255,1,http://www.wikidata.org/entity/Q3947,Kreuzstraße 6,house,,D,blue
3250,http://www.wikidata.org/entity/Q41420787,,Point(11.009505 49.466895),5.109,49.466895,11.009505,1,http://www.wikidata.org/entity/Q3947,Exporthaus Berlin,house,,D,blue
3251,http://www.wikidata.org/entity/Q41420784,,Point(10.995362 49.489779),7.141,49.489779,10.995362,1,http://www.wikidata.org/entity/Q1516079,Hochbunker Kronacher Straße,cultural heritage ensemble,,D,blue
3252,http://www.wikidata.org/entity/Q41420790,,Point(11.01346 49.468861),4.905,49.468861,11.01346,1,http://www.wikidata.org/entity/Q1516079,König-Ludwig-Quelle I,cultural heritage ensemble,,D,blue
3253,http://www.wikidata.org/entity/Q41420839,,Point(11.003045 49.468315),5.601,49.468315,11.003045,1,http://www.wikidata.org/entity/Q3947,Zähstraße 3,house,,D,blue
3254,http://www.wikidata.org/entity/Q41420842,,Point(10.987837 49.478638),7.027,49.478638,10.987837,1,http://www.wikidata.org/entity/Q1516079,Waagstraße 1 (Fürth),cultural heritage ensemble,,D,blue
3255,http://www.wikidata.org/entity/Q41420840,,Point(11.00283 49.468464),5.621,49.468464,11.00283,1,http://www.wikidata.org/entity/Q3947,Zähstraße 4,house,,D,blue
3256,http://www.wikidata.org/entity/Q41420846,,Point(11.001068 49.465211),5.652,49.465211,11.001068,1,http://www.wikidata.org/entity/Q3947,Waldstraße 7,house,,D,blue
3257,http://www.wikidata.org/entity/Q41420845,,Point(10.988348 49.478999),7.009,49.478999,10.988348,1,http://www.wikidata.org/entity/Q1516079,Q41420845,cultural heritage ensemble,,D,blue
3258,http://www.wikidata.org/entity/Q41420856,,Point(11.001408 49.46428),5.605,49.46428,11.001408,1,http://www.wikidata.org/entity/Q3947,Waldstraße 28,house,,D,blue
3259,http://www.wikidata.org/entity/Q41420875,,Point(10.984882 49.480361),7.299,49.480361,10.984882,1,http://www.wikidata.org/entity/Q3947,Wilhelm-Löhe-Straße 3,house,,D,blue
3260,http://www.wikidata.org/entity/Q41420876,,Point(10.984734 49.480499),7.315,49.480499,10.984734,1,http://www.wikidata.org/entity/Q3947,Wilhelm-Löhe-Straße 5,house,,D,blue
3261,http://www.wikidata.org/entity/Q41420886,,Point(10.977123 49.480369),7.815,49.480369,10.977123,1,http://www.wikidata.org/entity/Q5526694,Amm'sche Wirtschaft,Gasthaus,,D,blue
3262,http://www.wikidata.org/entity/Q41420887,,Point(10.97683 49.480301),7.832,49.480301,10.97683,1,http://www.wikidata.org/entity/Q3947,Würzburger Straße 38,house,,D,blue
3263,http://www.wikidata.org/entity/Q41420885,,Point(10.96308 49.483034),8.867,49.483034,10.96308,1,http://www.wikidata.org/entity/Q1516079,Luisenstein,cultural heritage ensemble,,D,blue
3264,http://www.wikidata.org/entity/Q41420888,,Point(10.976458 49.480278),7.856,49.480278,10.976458,1,http://www.wikidata.org/entity/Q3947,Würzburger Straße 42,house,,D,blue
3265,http://www.wikidata.org/entity/Q41420894,,Point(10.977119 49.481431),7.861,49.481431,10.977119,1,http://www.wikidata.org/entity/Q3947,Vacher Straße 4,house,,D,blue
3266,http://www.wikidata.org/entity/Q41420900,,Point(10.976734 49.481656),7.896,49.481656,10.976734,1,http://www.wikidata.org/entity/Q3950,Vacher Straße 13,villa,,D,blue
3267,http://www.wikidata.org/entity/Q41421062,,Point(11.000681 49.46976),5.812,49.46976,11.000681,1,http://www.wikidata.org/entity/Q3947,Tannenstraße 1,house,,D,blue
3268,http://www.wikidata.org/entity/Q41421064,,Point(11.00096 49.469671),5.79,49.469671,11.00096,1,http://www.wikidata.org/entity/Q3947,Tannenstraße 2,house,,D,blue
3269,http://www.wikidata.org/entity/Q41421070,,Point(11.001261376 49.470932258),5.813,49.470932258317,11.001261376452,1,http://www.wikidata.org/entity/Q1516079,Nathanstift,cultural heritage ensemble,,D,blue
3270,http://www.wikidata.org/entity/Q41421074,,Point(10.985175 49.476353),7.111,49.476353,10.985175,1,http://www.wikidata.org/entity/Q3947,Theaterstraße 9,house,,D,blue
3271,http://www.wikidata.org/entity/Q41421107,,Point(10.983709 49.474962),7.158,49.474962,10.983709,1,http://www.wikidata.org/entity/Q64578911,Jüdisches Krankenhaus,former hospital,,D,blue
3273,http://www.wikidata.org/entity/Q41421105,,Point(10.983926 49.474588),7.13,49.474588,10.983926,1,http://www.wikidata.org/entity/Q3947,Lochnersches Gartenhaus,house,,D,blue
3274,http://www.wikidata.org/entity/Q41421121,,Point(10.983434 49.474289),7.153,49.474289,10.983434,1,http://www.wikidata.org/entity/Q3947,Theaterstraße 46,house,,D,blue
3275,http://www.wikidata.org/entity/Q41421133,,Point(10.987221 49.470834),6.777,49.470834,10.987221,1,http://www.wikidata.org/entity/Q3947,Berolzheimerianum,house,,D,blue
3276,http://www.wikidata.org/entity/Q41421157,,Point(10.983337 49.472875),7.111,49.472875,10.983337,1,http://www.wikidata.org/entity/Q5526694,Q41421157,Gasthaus,,D,blue
3277,http://www.wikidata.org/entity/Q41421176,,Point(10.984385 49.480205),7.325,49.480205,10.984385,1,http://www.wikidata.org/entity/Q3947,Traubenhof 4,house,,D,blue
3278,http://www.wikidata.org/entity/Q41421197,,Point(10.999904 49.484306),6.536,49.484306,10.999904,1,http://www.wikidata.org/entity/Q1516079,Grenzstein im Laubenweg,cultural heritage ensemble,,D,blue
3279,http://www.wikidata.org/entity/Q41421228,,Point(11.001082 49.4666),5.687,49.4666,11.001082,1,http://www.wikidata.org/entity/Q3950,Leyher Straße 1 (Fürth),villa,,D,blue
3280,http://www.wikidata.org/entity/Q41421243,,Point(11.007652 49.461883),5.112,49.461883,11.007652,1,http://www.wikidata.org/entity/Q1516079,Verwaltungsgebäude des Neuen Städtischen Gaswerks (Fürth),cultural heritage ensemble,,D,blue
3281,http://www.wikidata.org/entity/Q41421241,,Point(11.003728 49.464665),5.451,49.464665,11.003728,1,http://www.wikidata.org/entity/Q3947,Leyher Straße 33,house,,D,blue
3282,http://www.wikidata.org/entity/Q41421244,,Point(11.006626 49.46293),5.206,49.46293,11.006626,1,http://www.wikidata.org/entity/Q1516079,Wasserturm Leyher Straße (Fürth),cultural heritage ensemble,,D,blue
3283,http://www.wikidata.org/entity/Q41421259,,Point(10.988601 49.476846),6.9,49.476846,10.988601,1,http://www.wikidata.org/entity/Q3947,Ludwig-Erhard-Straße 1,house,,D,blue
3284,http://www.wikidata.org/entity/Q41421264,,Point(10.98825 49.477321),6.943,49.477321,10.98825,1,http://www.wikidata.org/entity/Q3947,Ludwig-Erhard-Straße 13,house,,D,blue
3285,http://www.wikidata.org/entity/Q41421274,,Point(10.989457 49.468937),6.565,49.468937,10.989457,1,http://www.wikidata.org/entity/Q3947,Ludwigstraße 4,house,,D,blue
3286,http://www.wikidata.org/entity/Q41421300,,Point(10.997204 49.470422),6.074,49.470422,10.997204,1,http://www.wikidata.org/entity/Q3947,Luisenstraße 3,house,,D,blue
3287,http://www.wikidata.org/entity/Q41421314,,Point(10.99948 49.470202),5.91,49.470202,10.99948,1,http://www.wikidata.org/entity/Q3947,Nürnberger Straße 41,house,,D,blue
3288,http://www.wikidata.org/entity/Q41421319,,Point(10.999747 49.470537),5.903,49.470537,10.999747,1,http://www.wikidata.org/entity/Q3947,Maistraße 5,house,,D,blue
3289,http://www.wikidata.org/entity/Q41421317,,Point(10.999659 49.470421),5.905,49.470421,10.999659,1,http://www.wikidata.org/entity/Q3947,Maistraße 3,house,,D,blue
3290,http://www.wikidata.org/entity/Q41421323,,Point(10.999942 49.47075),5.897,49.47075,10.999942,1,http://www.wikidata.org/entity/Q3947,Maistraße 9 (Fürth),house,,D,blue
3291,http://www.wikidata.org/entity/Q41421321,,Point(10.999841 49.470639),5.9,49.470639,10.999841,1,http://www.wikidata.org/entity/Q3947,Maistraße 7,house,,D,blue
3292,http://www.wikidata.org/entity/Q41421326,,Point(11.000088 49.470923),5.893,49.470923,11.000088,1,http://www.wikidata.org/entity/Q3947,Maistraße 11-11a (Fürth),house,,D,blue
3293,http://www.wikidata.org/entity/Q41421327,,Point(11.000434 49.47135),5.885,49.47135,11.000434,1,http://www.wikidata.org/entity/Q1516079,Maischule,cultural heritage ensemble,,D,blue
3294,http://www.wikidata.org/entity/Q41421330,,Point(11.000768 49.471223),5.857,49.471223,11.000768,1,http://www.wikidata.org/entity/Q1516079,Krautheimer-Krippe,cultural heritage ensemble,,D,blue
3295,http://www.wikidata.org/entity/Q41421364,,Point(10.985046 49.47366),7.02,49.47366,10.985046,1,http://www.wikidata.org/entity/Q3947,Marienstraße 26/28,house,,D,blue
3296,http://www.wikidata.org/entity/Q41421370,,Point(10.98454 49.473858),7.062,49.473858,10.98454,1,http://www.wikidata.org/entity/Q3947,Marienstraße 30,house,,D,blue
3297,http://www.wikidata.org/entity/Q41421368,,Point(10.984413 49.473701),7.065,49.473701,10.984413,1,http://www.wikidata.org/entity/Q3947,Marienstraße 29,house,,D,blue
3298,http://www.wikidata.org/entity/Q41421376,,Point(10.984259 49.473967),7.085,49.473967,10.984259,1,http://www.wikidata.org/entity/Q3947,Marienstraße 34,house,,D,blue
3299,http://www.wikidata.org/entity/Q41421399,,Point(10.986352 49.479752),7.174,49.479752,10.986352,1,http://www.wikidata.org/entity/Q3947,Marktplatz 1,house,,D,blue
3300,http://www.wikidata.org/entity/Q41421403,,Point(10.98681 49.479513),7.133,49.479513,10.98681,1,http://www.wikidata.org/entity/Q3947,Q41421403,house,,D,blue
3301,http://www.wikidata.org/entity/Q41421401,,Point(10.986612 49.479418),7.142,49.479418,10.986612,1,http://www.wikidata.org/entity/Q5526694,Marktplatz 2 (Fürth),Gasthaus,,D,blue
3302,http://www.wikidata.org/entity/Q41421407,,Point(10.986932 49.479904),7.143,49.479904,10.986932,1,http://www.wikidata.org/entity/Q3947,Marktplatz 7/9 (Fürth),house,,D,blue
3303,http://www.wikidata.org/entity/Q41421405,,Point(10.986729 49.479831),7.153,49.479831,10.986729,1,http://www.wikidata.org/entity/Q3947,Marktplatz 5,house,,D,blue
3304,http://www.wikidata.org/entity/Q41421413,,Point(10.987086 49.479999),7.137,49.479999,10.987086,1,http://www.wikidata.org/entity/Q1516079,Marktplatz 11,cultural heritage ensemble,,D,blue
3305,http://www.wikidata.org/entity/Q41421468,,Point(10.982848 49.479826),7.41,49.479826,10.982848,1,http://www.wikidata.org/entity/Q1516079,Böschungsgeländer an der Maxbrücke,cultural heritage ensemble,,D,blue
3306,http://www.wikidata.org/entity/Q41421515,,Point(11.003128 49.469103),5.621,49.469103,11.003128,1,http://www.wikidata.org/entity/Q3947,Meckstraße 1,house,,D,blue
3307,http://www.wikidata.org/entity/Q41421553,,Point(10.990467 49.47849),6.846,49.47849,10.990467,1,http://www.wikidata.org/entity/Q3947,Q41421553,house,,D,blue
3308,http://www.wikidata.org/entity/Q41421559,,Point(10.991682 49.477496),6.721,49.477496,10.991682,1,http://www.wikidata.org/entity/Q3947,Q41421559,house,,D,blue
3309,http://www.wikidata.org/entity/Q41421562,,Point(10.991701 49.477331),6.713,49.477331,10.991701,1,http://www.wikidata.org/entity/Q3947,Q41421562,house,,D,blue
3310,http://www.wikidata.org/entity/Q41421568,,Point(10.991958 49.477511),6.704,49.477511,10.991958,1,http://www.wikidata.org/entity/Q1516079,Wolfsgrubermühle,cultural heritage ensemble,,D,blue
3311,http://www.wikidata.org/entity/Q41421569,,Point(10.991875 49.477098),6.691,49.477098,10.991875,1,http://www.wikidata.org/entity/Q1516079,Mühlstraße 31,cultural heritage ensemble,,D,blue
3312,http://www.wikidata.org/entity/Q41421581,,Point(10.984528 49.461377),6.757,49.461377,10.984528,1,http://www.wikidata.org/entity/Q3947,Neumannstraße 22,house,,D,blue
3313,http://www.wikidata.org/entity/Q41421587,,Point(10.984638 49.460773),6.741,49.460773,10.984638,1,http://www.wikidata.org/entity/Q1516079,Neumannstraße 30 (Fürth),cultural heritage ensemble,,D,blue
3314,http://www.wikidata.org/entity/Q41421589,,Point(10.985152 49.46086),6.705,49.46086,10.985152,1,http://www.wikidata.org/entity/Q3947,Neumannstraße 33,house,,D,blue
3315,http://www.wikidata.org/entity/Q41421593,,Point(10.985473 49.458329),6.655,49.458329,10.985473,1,http://www.wikidata.org/entity/Q3950,Neumannstraße 60,villa,,D,blue
3316,http://www.wikidata.org/entity/Q41421596,,Point(10.993213 49.472353),6.415,49.472353,10.993213,1,http://www.wikidata.org/entity/Q3947,Nürnberger Straße 2,house,,D,blue
3317,http://www.wikidata.org/entity/Q41421597,,Point(10.993347 49.472265),6.402,49.472265,10.993347,1,http://www.wikidata.org/entity/Q11755880,Nürnberger Straße 2a,residential building,,D,blue
3319,http://www.wikidata.org/entity/Q41421615,,Point(10.997638 49.470862),6.059,49.470862,10.997638,1,http://www.wikidata.org/entity/Q3947,Nürnberger Straße 27,house,,D,blue
3320,http://www.wikidata.org/entity/Q41421613,,Point(10.997325 49.470977),6.084,49.470977,10.997325,1,http://www.wikidata.org/entity/Q3947,Nürnberger Straße 25 (Fürth),house,,D,blue
3321,http://www.wikidata.org/entity/Q41421618,,Point(10.998511 49.470548),5.988,49.470548,10.998511,1,http://www.wikidata.org/entity/Q3947,Sommerstraße 2,house,,D,blue
3322,http://www.wikidata.org/entity/Q41421617,,Point(10.998192 49.470662),6.014,49.470662,10.998192,1,http://www.wikidata.org/entity/Q3947,Nürnberger Straße 31,house,,D,blue
3323,http://www.wikidata.org/entity/Q41421622,,Point(10.997396 49.470658),6.068,49.470658,10.997396,1,http://www.wikidata.org/entity/Q3947,Nürnberger Straße 38,house,,D,blue
3324,http://www.wikidata.org/entity/Q41421621,,Point(10.999307 49.470936),5.947,49.470936,10.999307,1,http://www.wikidata.org/entity/Q1516079,Nürnberger Straße 37-37d,cultural heritage ensemble,,D,blue
3325,http://www.wikidata.org/entity/Q41421627,,Point(10.999762 49.470095),5.887,49.470095,10.999762,1,http://www.wikidata.org/entity/Q3947,Nürnberger Straße 43 (Fürth),house,,D,blue
3326,http://www.wikidata.org/entity/Q41421624,,Point(10.99922 49.470299),5.931,49.470299,10.99922,1,http://www.wikidata.org/entity/Q3947,Nürnberger Straße 39,house,,D,blue
3327,http://www.wikidata.org/entity/Q41421630,,Point(10.999951 49.470022),5.871,49.470022,10.999951,1,http://www.wikidata.org/entity/Q3947,Nürnberger Straße 45,house,,D,blue
3328,http://www.wikidata.org/entity/Q41421632,,Point(11.000309 49.469897),5.842,49.469897,11.000309,1,http://www.wikidata.org/entity/Q3947,Nürnberger Straße 49,house,,D,blue
3329,http://www.wikidata.org/entity/Q41421646,,Point(11.002326 49.469186),5.679,49.469186,11.002326,1,http://www.wikidata.org/entity/Q3947,Nürnberger Straße 69,house,,D,blue
3330,http://www.wikidata.org/entity/Q41421647,,Point(11.002605 49.469085),5.657,49.469085,11.002605,1,http://www.wikidata.org/entity/Q3947,Nürnberger Straße 71,house,,D,blue
3331,http://www.wikidata.org/entity/Q41421648,,Point(11.002818 49.469011),5.64,49.469011,11.002818,1,http://www.wikidata.org/entity/Q3947,Nürnberger Straße 73,house,,D,blue
3332,http://www.wikidata.org/entity/Q41421652,,Point(11.002983 49.468944),5.626,49.468944,11.002983,1,http://www.wikidata.org/entity/Q3947,Nürnberger Straße 75,house,,D,blue
3333,http://www.wikidata.org/entity/Q41421658,,Point(11.003441 49.468786),5.589,49.468786,11.003441,1,http://www.wikidata.org/entity/Q3947,Nürnberger Straße 81,house,,D,blue
3334,http://www.wikidata.org/entity/Q41421657,,Point(11.003234 49.468853),5.606,49.468853,11.003234,1,http://www.wikidata.org/entity/Q3947,Nürnberger Straße 79,house,,D,blue
3335,http://www.wikidata.org/entity/Q41421663,,Point(11.003642 49.468715),5.573,49.468715,11.003642,1,http://www.wikidata.org/entity/Q3947,Nürnberger Straße 83 (Fürth),house,,D,blue
3336,http://www.wikidata.org/entity/Q41421667,,Point(11.003831 49.468647),5.558,49.468647,11.003831,1,http://www.wikidata.org/entity/Q3947,Nürnberger Straße 85,house,,D,blue
3337,http://www.wikidata.org/entity/Q41421670,,Point(11.002236 49.468955),5.678,49.468955,11.002236,1,http://www.wikidata.org/entity/Q3947,Nürnberger Straße 88,house,,D,blue
3338,http://www.wikidata.org/entity/Q41421679,,Point(11.003551 49.468418),5.57,49.468418,11.003551,1,http://www.wikidata.org/entity/Q3947,Nürnberger Straße 102,house,,D,blue
3339,http://www.wikidata.org/entity/Q41421686,,Point(11.006557 49.467651),5.337,49.467651,11.006557,1,http://www.wikidata.org/entity/Q3947,Nürnberger Straße 109 (Fürth),house,,D,blue
3340,http://www.wikidata.org/entity/Q41421704,,Point(11.008565 49.467022),5.178,49.467022,11.008565,1,http://www.wikidata.org/entity/Q3947,Nürnberger Straße 127,house,,D,blue
3341,http://www.wikidata.org/entity/Q41421710,,Point(11.012276 49.465795),4.883,49.465795,11.012276,1,http://www.wikidata.org/entity/Q3947,Autohaus Pillenstein,house,,D,blue
3342,http://www.wikidata.org/entity/Q41421738,,Point(10.985039 49.481025),7.318,49.481025,10.985039,1,http://www.wikidata.org/entity/Q3947,Schießplatz 5,house,,D,blue
3343,http://www.wikidata.org/entity/Q41421745,,Point(10.986536 49.481322),7.234,49.481322,10.986536,1,http://www.wikidata.org/entity/Q3947,Schießplatz 18-20,house,,D,blue
3344,http://www.wikidata.org/entity/Q41421757,,Point(10.984882 49.474222),7.051,49.474222,10.984882,1,http://www.wikidata.org/entity/Q3947,Schillerstraße 8,house,,D,blue
3345,http://www.wikidata.org/entity/Q41421761,,Point(10.984752 49.474089),7.056,49.474089,10.984752,1,http://www.wikidata.org/entity/Q3947,Schillerstraße 10/12,house,,D,blue
3346,http://www.wikidata.org/entity/Q41421789,,Point(10.988828 49.480432),7.042,49.480432,10.988828,1,http://www.wikidata.org/entity/Q3947,Q41421789,house,,D,blue
3347,http://www.wikidata.org/entity/Q41421847,,Point(10.987594124 49.472273911),6.798,49.472273911878,10.987594124444,1,http://www.wikidata.org/entity/Q3947,Kaufhaus Woolworth,house,,D,blue
3348,http://www.wikidata.org/entity/Q41421845,,Point(10.987241 49.46979),6.745,49.46979,10.987241,1,http://www.wikidata.org/entity/Q3947,Schwabacher Straße 53,house,,D,blue
3349,http://www.wikidata.org/entity/Q41421850,,Point(10.987148 49.469502),6.743,49.469502,10.987148,1,http://www.wikidata.org/entity/Q3947,Schwabacher Straße 57 (Fürth),house,,D,blue
3350,http://www.wikidata.org/entity/Q41421851,,Point(10.987075 49.469366),6.744,49.469366,10.987075,1,http://www.wikidata.org/entity/Q3947,Schwabacher Straße 59,house,,D,blue
3351,http://www.wikidata.org/entity/Q41421854,,Point(10.987488 49.471195),6.77,49.471195,10.987488,1,http://www.wikidata.org/entity/Q3950,Villa Büchenbacher,villa,,D,blue
3352,http://www.wikidata.org/entity/Q41421855,,Point(10.986906 49.468966),6.745,49.468966,10.986906,1,http://www.wikidata.org/entity/Q3947,Schwabacher Straße 65,house,,D,blue
3353,http://www.wikidata.org/entity/Q41421857,,Point(10.986842 49.468807),6.745,49.468807,10.986842,1,http://www.wikidata.org/entity/Q3947,Schwabacher Straße 67,house,,D,blue
3354,http://www.wikidata.org/entity/Q41421862,,Point(10.986787 49.46969),6.773,49.46969,10.986787,1,http://www.wikidata.org/entity/Q3947,Schwabacher Straße 72,house,,D,blue
3355,http://www.wikidata.org/entity/Q41421867,,Point(10.986692 49.469438),6.773,49.469438,10.986692,1,http://www.wikidata.org/entity/Q3947,Schwabacher Straße 76,house,,D,blue
3356,http://www.wikidata.org/entity/Q41421869,,Point(10.986515 49.467949),6.745,49.467949,10.986515,1,http://www.wikidata.org/entity/Q3947,Schwabacher Straße 77,house,,D,blue
3357,http://www.wikidata.org/entity/Q41421872,,Point(10.98647 49.467834),6.745,49.467834,10.98647,1,http://www.wikidata.org/entity/Q3947,Schwabacher Straße 79,house,,D,blue
3358,http://www.wikidata.org/entity/Q41421873,,Point(10.986465 49.468987),6.776,49.468987,10.986465,1,http://www.wikidata.org/entity/Q3947,Schwabacher Straße 80,house,,D,blue
3359,http://www.wikidata.org/entity/Q41421878,,Point(10.986421 49.468871),6.776,49.468871,10.986421,1,http://www.wikidata.org/entity/Q3947,Schwabacher Straße 82,house,,D,blue
3360,http://www.wikidata.org/entity/Q41421876,,Point(10.986443 49.467722),6.744,49.467722,10.986443,1,http://www.wikidata.org/entity/Q3947,Schwabacher Straße 81,house,,D,blue
3361,http://www.wikidata.org/entity/Q41421881,,Point(10.9863 49.467344),6.745,49.467344,10.9863,1,http://www.wikidata.org/entity/Q3947,Schwabacher Straße 87,house,,D,blue
3362,http://www.wikidata.org/entity/Q41421890,,Point(10.986073 49.465373),6.716,49.465373,10.986073,1,http://www.wikidata.org/entity/Q1516079,Schwabacher Straße 117 (Fürth),cultural heritage ensemble,,D,blue
3363,http://www.wikidata.org/entity/Q41421888,,Point(10.985600355 49.466546187),6.775,49.466546187196,10.985600355997,1,http://www.wikidata.org/entity/Q3947,Brauerei Humbser Schwabacher Straße (Fürth),house,,D,blue
3364,http://www.wikidata.org/entity/Q41421889,,Point(10.986025 49.465534),6.723,49.465534,10.986025,1,http://www.wikidata.org/entity/Q3947,Schwabacher Straße 115,house,,D,blue
3365,http://www.wikidata.org/entity/Q41421894,,Point(10.986071 49.465005),6.708,49.465005,10.986071,1,http://www.wikidata.org/entity/Q3947,Schwabacher Straße 125,house,,D,blue
3366,http://www.wikidata.org/entity/Q41421892,,Point(10.986053 49.465222),6.714,49.465222,10.986053,1,http://www.wikidata.org/entity/Q3947,Schwabacher Straße 121,house,,D,blue
3367,http://www.wikidata.org/entity/Q41421893,,Point(10.986065 49.465117),6.711,49.465117,10.986065,1,http://www.wikidata.org/entity/Q3947,Schwabacher Straße 123,house,,D,blue
3368,http://www.wikidata.org/entity/Q41421899,,Point(10.98614 49.464572),6.695,49.464572,10.98614,1,http://www.wikidata.org/entity/Q3947,Schwabacher Straße 129,house,,D,blue
3369,http://www.wikidata.org/entity/Q41421901,,Point(10.986175 49.464449),6.69,49.464449,10.986175,1,http://www.wikidata.org/entity/Q3947,Schwabacher Straße 131,house,,D,blue
3370,http://www.wikidata.org/entity/Q41421907,,Point(10.986544 49.463244),6.641,49.463244,10.986544,1,http://www.wikidata.org/entity/Q3947,Schwabacher Straße 151,house,,D,blue
3371,http://www.wikidata.org/entity/Q41421911,,Point(10.986612 49.463098),6.634,49.463098,10.986612,1,http://www.wikidata.org/entity/Q3947,Schwabacher Straße 153,house,,D,blue
3372,http://www.wikidata.org/entity/Q41421912,,Point(10.986759 49.462782),6.618,49.462782,10.986759,1,http://www.wikidata.org/entity/Q3947,Schwabacher Straße 157,house,,D,blue
3373,http://www.wikidata.org/entity/Q41421950,,Point(10.998493 49.470962),6.004,49.470962,10.998493,1,http://www.wikidata.org/entity/Q3947,Sommerstraße 3,house,,D,blue
3374,http://www.wikidata.org/entity/Q41421949,,Point(10.998365 49.47082),6.007,49.47082,10.998365,1,http://www.wikidata.org/entity/Q3947,Sommerstraße 1,house,,D,blue
3375,http://www.wikidata.org/entity/Q41421959,,Point(10.998857 49.471374),5.993,49.471374,10.998857,1,http://www.wikidata.org/entity/Q3947,Sommerstraße 9,house,,D,blue
3376,http://www.wikidata.org/entity/Q41421956,,Point(10.998736 49.471236),5.997,49.471236,10.998736,1,http://www.wikidata.org/entity/Q3947,Sommerstraße 7,house,,D,blue
3377,http://www.wikidata.org/entity/Q41421962,,Point(10.998977 49.471513),5.99,49.471513,10.998977,1,http://www.wikidata.org/entity/Q3947,Sommerstraße 11,house,,D,blue
3378,http://www.wikidata.org/entity/Q41421986,,Point(10.989411 49.479333),6.953,49.479333,10.989411,1,http://www.wikidata.org/entity/Q3947,Q41421986,house,,D,blue
3379,http://www.wikidata.org/entity/Q41421990,,Point(10.98948 49.479393),6.951,49.479393,10.98948,1,http://www.wikidata.org/entity/Q3947,Q41421990,house,,D,blue
3380,http://www.wikidata.org/entity/Q41422025,,Point(10.98619 49.472063),6.888,49.472063,10.98619,1,http://www.wikidata.org/entity/Q3947,Q41422025,house,,D,blue
3381,http://www.wikidata.org/entity/Q41422201,,Point(10.989242 49.479451),6.97,49.479451,10.989242,1,http://www.wikidata.org/entity/Q3947,Q41422201,house,,D,blue
3382,http://www.wikidata.org/entity/Q41422227,,Point(10.982806 49.475635),7.244,49.475635,10.982806,1,http://www.wikidata.org/entity/Q3947,Q41422227,house,,D,blue
3383,http://www.wikidata.org/entity/Q41422225,,Point(10.982938 49.475817),7.242,49.475817,10.982938,1,http://www.wikidata.org/entity/Q3947,Q41422225,house,,D,blue
3384,http://www.wikidata.org/entity/Q41422231,,Point(10.982977 49.475228),7.218,49.475228,10.982977,1,http://www.wikidata.org/entity/Q1516079,Q41422231,cultural heritage ensemble,,D,blue
3385,http://www.wikidata.org/entity/Q41422255,,Point(10.982297 49.474222),7.229,49.474222,10.982297,1,http://www.wikidata.org/entity/Q3947,Q41422255,house,,D,blue
3386,http://www.wikidata.org/entity/Q41422253,,Point(10.982306 49.47434),7.232,49.47434,10.982306,1,http://www.wikidata.org/entity/Q3947,Q41422253,house,,D,blue
3387,http://www.wikidata.org/entity/Q41422259,,Point(10.982274 49.473987),7.222,49.473987,10.982274,1,http://www.wikidata.org/entity/Q1516079,Q41422259,cultural heritage ensemble,,D,blue
3388,http://www.wikidata.org/entity/Q41422262,,Point(10.999785 49.468533),5.834,49.468533,10.999785,1,http://www.wikidata.org/entity/Q3947,Pickertstraße 1,house,,D,blue
3389,http://www.wikidata.org/entity/Q41422271,,Point(11.000363 49.466796),5.743,49.466796,11.000363,1,http://www.wikidata.org/entity/Q3947,Ritterstraße 2 (Fürth),house,,D,blue
3390,http://www.wikidata.org/entity/Q41422274,,Point(11.000156 49.466411),5.747,49.466411,11.000156,1,http://www.wikidata.org/entity/Q3947,Ritterstraße 6,house,,D,blue
3391,http://www.wikidata.org/entity/Q41422273,,Point(11.000261 49.466616),5.745,49.466616,11.000261,1,http://www.wikidata.org/entity/Q3947,Ritterstraße 4,house,,D,blue
3392,http://www.wikidata.org/entity/Q41422277,,Point(10.988061 49.475655),6.888,49.475655,10.988061,1,http://www.wikidata.org/entity/Q3947,Rosenstraße 1,house,,D,blue
3393,http://www.wikidata.org/entity/Q41422297,,Point(10.986055 49.477171),7.084,49.477171,10.986055,1,http://www.wikidata.org/entity/Q3947,Rosenstraße 22 (Fürth),house,,D,blue
3394,http://www.wikidata.org/entity/Q41422310,,Point(10.996417 49.470429),6.128,49.470429,10.996417,1,http://www.wikidata.org/entity/Q11755880,"Residential building Rudolf-Breitscheid-Straße 49, Fürth",residential building,,D,blue
3395,http://www.wikidata.org/entity/Q41422312,,Point(10.996711 49.470338),6.105,49.470338,10.996711,1,http://www.wikidata.org/entity/Q3947,Rudolf-Breitscheid-Straße 51,house,,D,blue
3396,http://www.wikidata.org/entity/Q41427474,,Point(11.10789 49.43535),3.022,49.43535,11.10789,1,http://www.wikidata.org/entity/Q1516079,Ehrenhalle,cultural heritage ensemble,,D,blue
3397,http://www.wikidata.org/entity/Q41427472,,Point(11.10852 49.43554),3.041,49.43554,11.10852,1,http://www.wikidata.org/entity/Q358,Fliegerdenkmal,heritage site,,D,blue
3398,http://www.wikidata.org/entity/Q41427479,,Point(11.10694 49.44376),2.42,49.44376,11.10694,1,http://www.wikidata.org/entity/Q317557,St. Kunigund,parish church,,D,blue
3399,http://www.wikidata.org/entity/Q41427476,,Point(11.09878 49.44445),1.873,49.44445,11.09878,1,http://www.wikidata.org/entity/Q108325,Peterskapelle,chapel,,D,blue
3400,http://www.wikidata.org/entity/Q41427481,,Point(11.10276079 49.444406895),2.12,49.444406895176,11.102760790117,1,http://www.wikidata.org/entity/Q3947,Q41427481,house,,D,blue
3402,http://www.wikidata.org/entity/Q41427487,,Point(11.10637 49.44487),2.328,49.44487,11.10637,1,http://www.wikidata.org/entity/Q3947,Q41427487,house,,D,blue
3403,http://www.wikidata.org/entity/Q41427484,,Point(11.09895 49.44611),1.787,49.44611,11.09895,1,http://www.wikidata.org/entity/Q3947,Q41427484,house,,D,blue
3404,http://www.wikidata.org/entity/Q41427490,,Point(11.10952 49.43686),3.001,49.43686,11.10952,1,http://www.wikidata.org/entity/Q3947,Q41427490,house,,D,blue
3405,http://www.wikidata.org/entity/Q41427488,,Point(11.10132 49.4441),2.048,49.4441,11.10132,1,http://www.wikidata.org/entity/Q1516079,Cemetery St. Peter,cultural heritage ensemble,,D,blue
3407,http://www.wikidata.org/entity/Q41427489,,Point(11.10393 49.44479),2.174,49.44479,11.10393,1,http://www.wikidata.org/entity/Q3947,Q41427489,house,,D,blue
3408,http://www.wikidata.org/entity/Q41427494,,Point(11.11247 49.43618),3.215,49.43618,11.11247,1,http://www.wikidata.org/entity/Q3950,Q41427494,villa,,D,blue
3409,http://www.wikidata.org/entity/Q41427495,,Point(11.098061983 49.445697507),1.755,49.445697507754,11.09806198372,1,http://www.wikidata.org/entity/Q3947,Q41427495,house,,D,blue
3410,http://www.wikidata.org/entity/Q41427493,,Point(11.111012659 49.43524742),3.198,49.435247420878,11.111012659593,1,http://www.wikidata.org/entity/Q3950,Q41427493,villa,,D,blue
3414,http://www.wikidata.org/entity/Q41427498,,Point(11.10661 49.44651),2.271,49.44651,11.10661,1,http://www.wikidata.org/entity/Q3947,Q41427498,house,,D,blue
3415,http://www.wikidata.org/entity/Q41427497,,Point(11.09855 49.44607),1.764,49.44607,11.09855,1,http://www.wikidata.org/entity/Q3947,Q41427497,house,,D,blue
3416,http://www.wikidata.org/entity/Q41427502,,Point(11.094814285 49.440631948),1.942,49.440631948783,11.094814285626,1,http://www.wikidata.org/entity/Q1516079,Berufsschule 1,cultural heritage ensemble,,D,blue
3417,http://www.wikidata.org/entity/Q41427500,,Point(11.09063 49.43911),1.903,49.43911,11.09063,1,http://www.wikidata.org/entity/Q1516079,Q41427500,cultural heritage ensemble,,D,blue
3418,http://www.wikidata.org/entity/Q41427506,,Point(11.1016 49.44054),2.299,49.44054,11.1016,1,http://www.wikidata.org/entity/Q3947,Baaderstraße 19,house,,D,blue
3419,http://www.wikidata.org/entity/Q41427505,,Point(11.10124 49.44068),2.269,49.44068,11.10124,1,http://www.wikidata.org/entity/Q3947,Baaderstraße 15,house,,D,blue
3420,http://www.wikidata.org/entity/Q41427511,,Point(11.09126 49.44446),1.454,49.44446,11.09126,1,http://www.wikidata.org/entity/Q3947,Glockenhofstraße 29 a,house,,D,blue
3421,http://www.wikidata.org/entity/Q41427508,,Point(11.09058 49.4442),1.442,49.4442,11.09058,1,http://www.wikidata.org/entity/Q3947,Glockenhofstraße 28,house,,D,blue
3422,http://www.wikidata.org/entity/Q41427509,,Point(11.09105 49.44449),1.441,49.44449,11.09105,1,http://www.wikidata.org/entity/Q3947,Glockenhofstraße 29,house,,D,blue
3423,http://www.wikidata.org/entity/Q41427514,,Point(11.0873 49.4437),1.342,49.4437,11.0873,1,http://www.wikidata.org/entity/Q213441,Guttenbergplatz 9,shop,,D,blue
3426,http://www.wikidata.org/entity/Q41427515,,Point(11.10144 49.44131),2.235,49.44131,11.10144,1,http://www.wikidata.org/entity/Q3947,Hainstraße 16,house,,D,blue
3427,http://www.wikidata.org/entity/Q41427513,,Point(11.09336 49.44371),1.62,49.44371,11.09336,1,http://www.wikidata.org/entity/Q16823155,Herrensitz Glockenhof,Schloss,,D,blue
3428,http://www.wikidata.org/entity/Q41427518,,Point(11.10169 49.44107),2.266,49.44107,11.10169,1,http://www.wikidata.org/entity/Q3947,Hainstraße 20 (D-5-64-000-695),house,,D,blue
3429,http://www.wikidata.org/entity/Q41427519,,Point(11.1018 49.44094),2.281,49.44094,11.1018,1,http://www.wikidata.org/entity/Q3947,Hainstraße 22,house,,D,blue
3430,http://www.wikidata.org/entity/Q41427517,,Point(11.10159 49.44117),2.254,49.44117,11.10159,1,http://www.wikidata.org/entity/Q3947,Hainstraße 18,house,,D,blue
3431,http://www.wikidata.org/entity/Q41427522,,Point(11.10083 49.44135),2.198,49.44135,11.10083,1,http://www.wikidata.org/entity/Q3947,Hallerhüttenstraße 6 (D-5-64-000-699),house,,D,blue
3432,http://www.wikidata.org/entity/Q41427521,,Point(11.10117 49.44098),2.243,49.44098,11.10117,1,http://www.wikidata.org/entity/Q3947,Hallerhüttenstraße 5,house,,D,blue
3433,http://www.wikidata.org/entity/Q41427526,,Point(11.10068 49.44036),2.261,49.44036,11.10068,1,http://www.wikidata.org/entity/Q3947,Hallerhüttenstraße 13 (D-5-64-000-702),house,,D,blue
3434,http://www.wikidata.org/entity/Q41427527,,Point(11.09501 49.44153),1.877,49.44153,11.09501,1,http://www.wikidata.org/entity/Q3947,Holzgartenstraße 1,house,,D,blue
3435,http://www.wikidata.org/entity/Q41427524,,Point(11.10101 49.44075),2.251,49.44075,11.10101,1,http://www.wikidata.org/entity/Q3947,Hallerhüttenstraße 9 (D-5-64-000-700),house,,D,blue
3436,http://www.wikidata.org/entity/Q41427525,,Point(11.10081 49.44049),2.259,49.44049,11.10081,1,http://www.wikidata.org/entity/Q3947,Hallerhüttenstraße 11,house,,D,blue
3437,http://www.wikidata.org/entity/Q41427531,,Point(11.09655 49.44387),1.781,49.44387,11.09655,1,http://www.wikidata.org/entity/Q3947,Kirchenstraße 23,house,,D,blue
3438,http://www.wikidata.org/entity/Q41427529,,Point(11.09557 49.44019),2.015,49.44019,11.09557,1,http://www.wikidata.org/entity/Q1516079,Q41427529,cultural heritage ensemble,,D,blue
3440,http://www.wikidata.org/entity/Q41427535,,Point(11.09883 49.43854),2.308,49.43854,11.09883,1,http://www.wikidata.org/entity/Q3947,Q41427535,house,,D,blue
3441,http://www.wikidata.org/entity/Q41427533,,Point(11.099037385 49.438910531),2.288,49.438910531344,11.099037385158,1,http://www.wikidata.org/entity/Q3947,Q41427533,house,,D,blue
3442,http://www.wikidata.org/entity/Q41427538,,Point(11.09982 49.43875),2.341,49.43875,11.09982,1,http://www.wikidata.org/entity/Q3947,Q41427538,house,,D,blue
3443,http://www.wikidata.org/entity/Q41427537,,Point(11.09905 49.43841),2.33,49.43841,11.09905,1,http://www.wikidata.org/entity/Q3947,Q41427537,house,,D,blue
3444,http://www.wikidata.org/entity/Q41427542,,Point(11.09538 49.4456),1.598,49.4456,11.09538,1,http://www.wikidata.org/entity/Q1516079,Regensburger Straße 30,cultural heritage ensemble,,D,blue
3445,http://www.wikidata.org/entity/Q41427540,,Point(11.09438 49.44586),1.523,49.44586,11.09438,1,http://www.wikidata.org/entity/Q3947,Regensburger Straße 24 (D-5-64-000-1604),house,,D,blue
3446,http://www.wikidata.org/entity/Q41427541,,Point(11.09512101 49.445693247),1.577,49.44569324705,11.095121010082,1,http://www.wikidata.org/entity/Q3947,Regensburger Straße 28,house,,D,blue
3447,http://www.wikidata.org/entity/Q41427546,,Point(11.09679 49.44528),1.702,49.44528,11.09679,1,http://www.wikidata.org/entity/Q3947,Regensburger Straße 37,house,,D,blue
3448,http://www.wikidata.org/entity/Q41427547,,Point(11.09754 49.44435),1.806,49.44435,11.09754,1,http://www.wikidata.org/entity/Q3950,Regensburger Straße 48,villa,,D,blue
3449,http://www.wikidata.org/entity/Q41427544,,Point(11.09648 49.44547),1.672,49.44547,11.09648,1,http://www.wikidata.org/entity/Q3947,Regensburger Straße 33,house,,D,blue
3450,http://www.wikidata.org/entity/Q41427545,,Point(11.09663 49.44538),1.687,49.44538,11.09663,1,http://www.wikidata.org/entity/Q3947,Regensburger Straße 35,house,,D,blue
3451,http://www.wikidata.org/entity/Q41427550,,Point(11.09432 49.44576),1.526,49.44576,11.09432,1,http://www.wikidata.org/entity/Q3947,Untere Baustraße 2,house,,D,blue
3452,http://www.wikidata.org/entity/Q41427551,,Point(11.09426 49.44566),1.529,49.44566,11.09426,1,http://www.wikidata.org/entity/Q3947,Untere Baustraße 2 a,house,,D,blue
3453,http://www.wikidata.org/entity/Q41427549,,Point(11.09853 49.44334),1.931,49.44334,11.09853,1,http://www.wikidata.org/entity/Q16970,St. Peter,church building,,D,blue
3454,http://www.wikidata.org/entity/Q41427554,,Point(11.09201 49.43667),2.189,49.43667,11.09201,1,http://www.wikidata.org/entity/Q3947,Q41427554,house,,D,blue
3455,http://www.wikidata.org/entity/Q41427555,,Point(11.092244784 49.436709673),2.193,49.436709673421,11.092244784006,1,http://www.wikidata.org/entity/Q3947,Q41427555,house,,D,blue
3456,http://www.wikidata.org/entity/Q41427552,,Point(11.093293024 49.444307421),1.571,49.444307421387,11.093293024301,1,http://www.wikidata.org/entity/Q3950,Untere Baustraße 20,villa,,D,blue
3457,http://www.wikidata.org/entity/Q41427558,,Point(11.09263 49.43679),2.199,49.43679,11.09263,1,http://www.wikidata.org/entity/Q3947,Q41427558,house,,D,blue
3458,http://www.wikidata.org/entity/Q41427559,,Point(11.09594 49.43756),2.26,49.43756,11.09594,1,http://www.wikidata.org/entity/Q3947,Q41427559,house,,D,blue
3459,http://www.wikidata.org/entity/Q41427557,,Point(11.09245317 49.436759569),2.196,49.436759569462,11.092453170165,1,http://www.wikidata.org/entity/Q3947,Q41427557,house,,D,blue
3460,http://www.wikidata.org/entity/Q41427562,,Point(11.09632 49.43767),2.266,49.43767,11.09632,1,http://www.wikidata.org/entity/Q3947,Q41427562,house,,D,blue
3461,http://www.wikidata.org/entity/Q41427563,,Point(11.09727 49.43785),2.293,49.43785,11.09727,1,http://www.wikidata.org/entity/Q3947,Q41427563,house,,D,blue
3462,http://www.wikidata.org/entity/Q41427561,,Point(11.09612 49.4376),2.264,49.4376,11.09612,1,http://www.wikidata.org/entity/Q3947,Q41427561,house,,D,blue
3463,http://www.wikidata.org/entity/Q41427566,,Point(11.09462 49.43432),2.509,49.43432,11.09462,1,http://www.wikidata.org/entity/Q3947,Q41427566,house,,D,blue
3464,http://www.wikidata.org/entity/Q41427567,,Point(11.09593 49.43397),2.591,49.43397,11.09593,1,http://www.wikidata.org/entity/Q3947,Q41427567,house,,D,blue
3465,http://www.wikidata.org/entity/Q41427564,,Point(11.09886 49.43832),2.328,49.43832,11.09886,1,http://www.wikidata.org/entity/Q3947,Q41427564,house,,D,blue
3466,http://www.wikidata.org/entity/Q41427565,,Point(11.10065 49.43875),2.383,49.43875,11.10065,1,http://www.wikidata.org/entity/Q3947,Q41427565,house,,D,blue
3467,http://www.wikidata.org/entity/Q41427570,,Point(11.09859 49.43553),2.555,49.43553,11.09859,1,http://www.wikidata.org/entity/Q3950,Q41427570,villa,,D,blue
3468,http://www.wikidata.org/entity/Q41427571,,Point(11.09919 49.43529),2.603,49.43529,11.09919,1,http://www.wikidata.org/entity/Q3950,Q41427571,villa,,D,blue
3469,http://www.wikidata.org/entity/Q41427568,,Point(11.09617 49.43387),2.609,49.43387,11.09617,1,http://www.wikidata.org/entity/Q3947,Q41427568,house,,D,blue
3470,http://www.wikidata.org/entity/Q41427575,,Point(11.100301558 49.433889885),2.775,49.433889885781,11.10030155842,1,http://www.wikidata.org/entity/Q16823155,Q41427575,Schloss,,D,blue
3471,http://www.wikidata.org/entity/Q41427573,,Point(11.10101 49.43785),2.472,49.43785,11.10101,1,http://www.wikidata.org/entity/Q3947,Q41427573,house,,D,blue
3472,http://www.wikidata.org/entity/Q41427578,,Point(11.09216 49.43631),2.229,49.43631,11.09216,1,http://www.wikidata.org/entity/Q3947,Q41427578,house,,D,blue
3473,http://www.wikidata.org/entity/Q41427579,,Point(11.09258 49.43642),2.233,49.43642,11.09258,1,http://www.wikidata.org/entity/Q3947,Q41427579,house,,D,blue
3474,http://www.wikidata.org/entity/Q41427577,,Point(11.09522 49.43449),2.515,49.43449,11.09522,1,http://www.wikidata.org/entity/Q3950,Q41427577,villa,,D,blue
3475,http://www.wikidata.org/entity/Q41427582,,Point(11.09276 49.43645),2.237,49.43645,11.09276,1,http://www.wikidata.org/entity/Q3947,Q41427582,house,,D,blue
3476,http://www.wikidata.org/entity/Q41427583,,Point(11.09294 49.43649),2.239,49.43649,11.09294,1,http://www.wikidata.org/entity/Q3947,Q41427583,house,,D,blue
3477,http://www.wikidata.org/entity/Q41427584,,Point(11.09317 49.43652),2.245,49.43652,11.09317,1,http://www.wikidata.org/entity/Q3947,Q41427584,house,,D,blue
3478,http://www.wikidata.org/entity/Q41427590,,Point(11.10076 49.43841),2.415,49.43841,11.10076,1,http://www.wikidata.org/entity/Q3947,Q41427590,house,,D,blue
3479,http://www.wikidata.org/entity/Q41427591,,Point(11.10098 49.43844),2.424,49.43844,11.10098,1,http://www.wikidata.org/entity/Q3947,Q41427591,house,,D,blue
3480,http://www.wikidata.org/entity/Q41427588,,Point(11.09523 49.43697),2.283,49.43697,11.09523,1,http://www.wikidata.org/entity/Q3947,Q41427588,house,,D,blue
3481,http://www.wikidata.org/entity/Q41427589,,Point(11.09544 49.43702),2.287,49.43702,11.09544,1,http://www.wikidata.org/entity/Q3947,Q41427589,house,,D,blue
3482,http://www.wikidata.org/entity/Q41427595,,Point(11.07941 49.4418),1.351,49.4418,11.07941,1,http://www.wikidata.org/entity/Q190107,Clock tower on Aufseßplatz,weather station,,D,blue
3484,http://www.wikidata.org/entity/Q41427592,,Point(11.08032 49.4419),1.349,49.4419,11.08032,1,http://www.wikidata.org/entity/Q3947,Aufseßplatz 5,house,,D,blue
3485,http://www.wikidata.org/entity/Q41427593,,Point(11.07974 49.44158),1.378,49.44158,11.07974,1,http://www.wikidata.org/entity/Q43483,Nymphenbrunnen (Nürnberg),water well,,D,blue
3486,http://www.wikidata.org/entity/Q41427598,,Point(11.07784 49.43942),1.607,49.43942,11.07784,1,http://www.wikidata.org/entity/Q3947,Bönerstraße 5,house,,D,blue
3487,http://www.wikidata.org/entity/Q41427599,,Point(11.07746 49.43924),1.627,49.43924,11.07746,1,http://www.wikidata.org/entity/Q3947,Bönerstraße 8 (D-5-64-000-235),house,,D,blue
3488,http://www.wikidata.org/entity/Q41427596,,Point(11.08012 49.4431),1.215,49.4431,11.08012,1,http://www.wikidata.org/entity/Q3947,Bogenstraße 39,house,,D,blue
3489,http://www.wikidata.org/entity/Q41427603,,Point(11.07797 49.43895),1.66,49.43895,11.07797,1,http://www.wikidata.org/entity/Q3947,Bönerstraße 11,house,,D,blue
3490,http://www.wikidata.org/entity/Q41427600,,Point(11.0779 49.43915),1.638,49.43915,11.0779,1,http://www.wikidata.org/entity/Q3947,Bönerstraße 9,house,,D,blue
3491,http://www.wikidata.org/entity/Q41427601,,Point(11.07752 49.43905),1.648,49.43905,11.07752,1,http://www.wikidata.org/entity/Q3947,Bönerstraße 10 (D-5-64-000-237),house,,D,blue
3492,http://www.wikidata.org/entity/Q41427607,,Point(11.07798 49.43863),1.695,49.43863,11.07798,1,http://www.wikidata.org/entity/Q3947,Bönerstraße 15 (D-5-64-000-240),house,,D,blue
3493,http://www.wikidata.org/entity/Q41427604,,Point(11.078 49.43882),1.674,49.43882,11.078,1,http://www.wikidata.org/entity/Q3947,Bönerstraße 13,house,,D,blue
3494,http://www.wikidata.org/entity/Q41427610,,Point(11.0796 49.44259),1.265,49.44259,11.0796,1,http://www.wikidata.org/entity/Q3947,Endterstraße 14,house,,D,blue
3495,http://www.wikidata.org/entity/Q41427608,,Point(11.07992 49.44309),1.214,49.44309,11.07992,1,http://www.wikidata.org/entity/Q3947,Endterstraße 7,house,,D,blue
3496,http://www.wikidata.org/entity/Q41427614,,Point(11.07805 49.43838),1.723,49.43838,11.07805,1,http://www.wikidata.org/entity/Q3947,Humboldtstraße 86 (D-5-64-000-834),house,,D,blue
3497,http://www.wikidata.org/entity/Q41427615,,Point(11.08066 49.43907),1.664,49.43907,11.08066,1,http://www.wikidata.org/entity/Q3947,Humboldtstraße 87 (D-5-64-000-835),house,,D,blue
3498,http://www.wikidata.org/entity/Q41427612,,Point(11.08475 49.44434),1.189,49.44434,11.08475,1,http://www.wikidata.org/entity/Q3947,Hinterm Bahnhof 35,house,,D,blue
3499,http://www.wikidata.org/entity/Q41427613,,Point(11.07763 49.43831),1.73,49.43831,11.07763,1,http://www.wikidata.org/entity/Q3947,Humboldtstraße 82,house,,D,blue
3500,http://www.wikidata.org/entity/Q41427618,,Point(11.08037 49.43976),1.585,49.43976,11.08037,1,http://www.wikidata.org/entity/Q3947,Kopernikusplatz 6,house,,D,blue
3501,http://www.wikidata.org/entity/Q41427619,,Point(11.08047 49.43965),1.598,49.43965,11.08047,1,http://www.wikidata.org/entity/Q3947,Kopernikusplatz 8,house,,D,blue
3502,http://www.wikidata.org/entity/Q41427623,,Point(11.080671064 49.439377345),1.63,49.439377345796,11.080671064282,1,http://www.wikidata.org/entity/Q3947,Kopernikusplatz 14,house,,D,blue
3503,http://www.wikidata.org/entity/Q41427620,,Point(11.08058 49.43952),1.613,49.43952,11.08058,1,http://www.wikidata.org/entity/Q3947,Kopernikusplatz 10 (D-5-64-000-1083),house,,D,blue
3504,http://www.wikidata.org/entity/Q41427627,,Point(11.080452157 49.442371756),1.299,49.442371756636,11.080452157069,1,http://www.wikidata.org/entity/Q3947,Peter-Henlein-Straße 71,house,,D,blue
3505,http://www.wikidata.org/entity/Q41427624,,Point(11.08078 49.43926),1.644,49.43926,11.08078,1,http://www.wikidata.org/entity/Q3947,Kopernikusplatz 16 (D-5-64-000-1085),house,,D,blue
3506,http://www.wikidata.org/entity/Q41427625,,Point(11.07797 49.43975),1.571,49.43975,11.07797,1,http://www.wikidata.org/entity/Q3947,Landgrabenstraße 130,house,,D,blue
3507,http://www.wikidata.org/entity/Q41427631,,Point(11.082115642 49.440600812),1.516,49.44060081264,11.082115642863,1,http://www.wikidata.org/entity/Q3947,Pillenreuther Straße 41,house,,D,blue
3508,http://www.wikidata.org/entity/Q41427628,,Point(11.08204 49.44258),1.302,49.44258,11.08204,1,http://www.wikidata.org/entity/Q3947,Peter-Henlein-Straße 85,house,,D,blue
3509,http://www.wikidata.org/entity/Q41427629,,Point(11.082 49.44096),1.475,49.44096,11.082,1,http://www.wikidata.org/entity/Q3947,Pillenreuther Straße 35,house,,D,blue
3510,http://www.wikidata.org/entity/Q41427634,,Point(11.08704 49.44145),1.55,49.44145,11.08704,1,http://www.wikidata.org/entity/Q3947,Wirthstraße 27,house,,D,blue
3511,http://www.wikidata.org/entity/Q41427635,,Point(11.08231 49.44063),1.516,49.44063,11.08231,1,http://www.wikidata.org/entity/Q3947,Wölckernstraße 19,house,,D,blue
3512,http://www.wikidata.org/entity/Q41427632,,Point(11.08217 49.44029),1.551,49.44029,11.08217,1,http://www.wikidata.org/entity/Q3947,Pillenreuther Straße 43,house,,D,blue
3513,http://www.wikidata.org/entity/Q41427633,,Point(11.08222 49.44017),1.565,49.44017,11.08222,1,http://www.wikidata.org/entity/Q3947,Pillenreuther Straße 45,house,,D,blue
3514,http://www.wikidata.org/entity/Q41427636,,Point(11.08786 49.44108),1.614,49.44108,11.08786,1,http://www.wikidata.org/entity/Q3947,Wölckernstraße 66,house,,D,blue
3515,http://www.wikidata.org/entity/Q41427642,,Point(11.08983 49.4353),2.255,49.4353,11.08983,1,http://www.wikidata.org/entity/Q3947,Kleestraße 16,house,,D,blue
3516,http://www.wikidata.org/entity/Q41427640,,Point(11.08919 49.43348),2.425,49.43348,11.08919,1,http://www.wikidata.org/entity/Q1516079,Hummelsteiner Schlösschen,cultural heritage ensemble,,D,blue
3517,http://www.wikidata.org/entity/Q41427646,,Point(11.0871 49.43139),2.598,49.43139,11.0871,1,http://www.wikidata.org/entity/Q3947,Pillenreuther Straße 147,house,,D,blue
3518,http://www.wikidata.org/entity/Q41427647,,Point(11.08659 49.42983),2.756,49.42983,11.08659,1,http://www.wikidata.org/entity/Q1516079,Pillenreuther Straße 165,cultural heritage ensemble,,D,blue
3519,http://www.wikidata.org/entity/Q41427644,,Point(11.08921 49.43468),2.301,49.43468,11.08921,1,http://www.wikidata.org/entity/Q3947,Pflugstraße 10,house,,D,blue
3520,http://www.wikidata.org/entity/Q41427645,,Point(11.08676 49.43131),2.6,49.43131,11.08676,1,http://www.wikidata.org/entity/Q3947,Pillenreuther Straße 143 und 145 (Hummelstein),house,,D,blue
3521,http://www.wikidata.org/entity/Q41427651,,Point(11.08694 49.43201),2.529,49.43201,11.08694,1,http://www.wikidata.org/entity/Q3950,Sperberstraße 73,villa,,D,blue
3522,http://www.wikidata.org/entity/Q41427649,,Point(11.08292 49.43448),2.194,49.43448,11.08292,1,http://www.wikidata.org/entity/Q3947,Siemensstraße 40,house,,D,blue
3523,http://www.wikidata.org/entity/Q41427654,,Point(11.06212 49.44098),1.805,49.44098,11.06212,1,http://www.wikidata.org/entity/Q1210334,Q41427654,railway bridge,,D,blue
3524,http://www.wikidata.org/entity/Q41427652,,Point(11.08744 49.43193),2.548,49.43193,11.08744,1,http://www.wikidata.org/entity/Q3950,Sperberstraße 77 (Hummelstein),villa,,D,blue
3525,http://www.wikidata.org/entity/Q41427653,,Point(11.088818978 49.432186798),2.551,49.432186798376,11.088818978614,1,http://www.wikidata.org/entity/Q3947,Sperberschule,house,,D,blue
3526,http://www.wikidata.org/entity/Q41427658,,Point(11.06778 49.43754),1.942,49.43754,11.06778,1,http://www.wikidata.org/entity/Q3947,Gibitzenhofstraße 69,house,,D,blue
3527,http://www.wikidata.org/entity/Q41427659,,Point(11.06787 49.43739),1.955,49.43739,11.06787,1,http://www.wikidata.org/entity/Q3947,Gibitzenhofstraße 71,house,,D,blue
3528,http://www.wikidata.org/entity/Q41427656,,Point(11.06824 49.44054),1.621,49.44054,11.06824,1,http://www.wikidata.org/entity/Q3947,Gebhard-Ott-Straße 8 (D-5-64-000-593),house,,D,blue
3529,http://www.wikidata.org/entity/Q41427657,,Point(11.06729 49.43892),1.813,49.43892,11.06729,1,http://www.wikidata.org/entity/Q3947,Gibitzenhofstraße 51,house,,D,blue
3530,http://www.wikidata.org/entity/Q41427662,,Point(11.07256 49.44085),1.488,49.44085,11.07256,1,http://www.wikidata.org/entity/Q3947,Heynestraße 4,house,,D,blue
3531,http://www.wikidata.org/entity/Q41427663,,Point(11.07266 49.44062),1.511,49.44062,11.07266,1,http://www.wikidata.org/entity/Q3947,Heynestraße 7,house,,D,blue
3532,http://www.wikidata.org/entity/Q41427666,,Point(11.07498 49.44184),1.348,49.44184,11.07498,1,http://www.wikidata.org/entity/Q3947,Jahnstraße 18,house,,D,blue
3533,http://www.wikidata.org/entity/Q41427667,,Point(11.07639 49.43944),1.606,49.43944,11.07639,1,http://www.wikidata.org/entity/Q1516079,Landgrabenstraße 98 D-5-64-000-2318,cultural heritage ensemble,,D,blue
3534,http://www.wikidata.org/entity/Q41427664,,Point(11.07233 49.4407),1.508,49.4407,11.07233,1,http://www.wikidata.org/entity/Q3947,Heynestraße 8,house,,D,blue
3535,http://www.wikidata.org/entity/Q41427670,,Point(11.07634 49.43315),2.305,49.43315,11.07634,1,http://www.wikidata.org/entity/Q3947,Q41427670,house,,D,blue
3536,http://www.wikidata.org/entity/Q41427668,,Point(11.07634 49.43329),2.29,49.43329,11.07634,1,http://www.wikidata.org/entity/Q3947,Q41427668,house,,D,blue
3537,http://www.wikidata.org/entity/Q41427674,,Point(11.07043 49.43987),1.634,49.43987,11.07043,1,http://www.wikidata.org/entity/Q3947,Melanchthonplatz 9,house,,D,blue
3538,http://www.wikidata.org/entity/Q41427675,,Point(11.07051 49.43974),1.646,49.43974,11.07051,1,http://www.wikidata.org/entity/Q3947,Melanchthonplatz 11,house,,D,blue
3539,http://www.wikidata.org/entity/Q41427672,,Point(11.07636 49.43302),2.32,49.43302,11.07636,1,http://www.wikidata.org/entity/Q3947,Q41427672,house,,D,blue
3540,http://www.wikidata.org/entity/Q41427673,,Point(11.07636 49.43288),2.335,49.43288,11.07636,1,http://www.wikidata.org/entity/Q3947,Q41427673,house,,D,blue
3541,http://www.wikidata.org/entity/Q41427678,,Point(11.07659 49.43276),2.348,49.43276,11.07659,1,http://www.wikidata.org/entity/Q3947,Q41427678,house,,D,blue
3542,http://www.wikidata.org/entity/Q41427676,,Point(11.07505 49.44168),1.365,49.44168,11.07505,1,http://www.wikidata.org/entity/Q3947,Peter-Henlein-Straße 35,house,,D,blue
3543,http://www.wikidata.org/entity/Q41427677,,Point(11.07152 49.44212),1.372,49.44212,11.07152,1,http://www.wikidata.org/entity/Q1516079,Schloßäckerstraße 17,cultural heritage ensemble,,D,blue
3544,http://www.wikidata.org/entity/Q41427680,,Point(11.07678 49.4328),2.343,49.4328,11.07678,1,http://www.wikidata.org/entity/Q3947,Q41427680,house,,D,blue
3545,http://www.wikidata.org/entity/Q41427681,,Point(11.07696 49.43285),2.338,49.43285,11.07696,1,http://www.wikidata.org/entity/Q3947,Q41427681,house,,D,blue
3546,http://www.wikidata.org/entity/Q41427686,,Point(11.07705 49.43873),1.684,49.43873,11.07705,1,http://www.wikidata.org/entity/Q3947,Tafelfeldstraße 71,house,,D,blue
3547,http://www.wikidata.org/entity/Q41427684,,Point(11.076970657 49.439238755),1.627,49.439238755213,11.076970657623,1,http://www.wikidata.org/entity/Q607241,Tafelfeldstraße 65,clergy house,,D,blue
3548,http://www.wikidata.org/entity/Q41427685,,Point(11.07701 49.43888),1.667,49.43888,11.07701,1,http://www.wikidata.org/entity/Q3947,Tafelfeldstraße 69,house,,D,blue
3549,http://www.wikidata.org/entity/Q41427690,,Point(11.0652 49.42762),3.047,49.42762,11.0652,1,http://www.wikidata.org/entity/Q3947,Q41427690,house,,D,blue
3550,http://www.wikidata.org/entity/Q41427691,,Point(11.06469 49.4267),3.156,49.4267,11.06469,1,http://www.wikidata.org/entity/Q1516079,Kleinwohnungsanlage Dianastraße,cultural heritage ensemble,,D,blue
3551,http://www.wikidata.org/entity/Q41427688,,Point(11.07739 49.43827),1.735,49.43827,11.07739,1,http://www.wikidata.org/entity/Q3947,Voltastraße 1,house,,D,blue
3552,http://www.wikidata.org/entity/Q41427689,,Point(11.083503261 49.439903289),1.617,49.439903289302,11.083503261209,1,http://www.wikidata.org/entity/Q3947,Q41427689,house,,D,blue
3553,http://www.wikidata.org/entity/Q41427693,,Point(11.08698 49.43965),1.729,49.43965,11.08698,1,http://www.wikidata.org/entity/Q3947,Q41427693,house,,D,blue
3554,http://www.wikidata.org/entity/Q41427698,,Point(11.08345 49.43956),1.652,49.43956,11.08345,1,http://www.wikidata.org/entity/Q3947,Q41427698,house,,D,blue
3555,http://www.wikidata.org/entity/Q41427699,,Point(11.084731764 49.43979179),1.655,49.439791790812,11.08473176466,1,http://www.wikidata.org/entity/Q3947,Q41427699,house,,D,blue
3556,http://www.wikidata.org/entity/Q41427696,,Point(11.08333 49.43954),1.652,49.43954,11.08333,1,http://www.wikidata.org/entity/Q3947,Q41427696,house,,D,blue
3557,http://www.wikidata.org/entity/Q41427702,,Point(11.0844 49.43942),1.687,49.43942,11.0844,1,http://www.wikidata.org/entity/Q3947,Q41427702,house,,D,blue
3558,http://www.wikidata.org/entity/Q41427701,,Point(11.08318 49.43919),1.687,49.43919,11.08318,1,http://www.wikidata.org/entity/Q1516079,Q41427701,cultural heritage ensemble,,D,blue
3559,http://www.wikidata.org/entity/Q41427706,,Point(11.08531 49.43958),1.691,49.43958,11.08531,1,http://www.wikidata.org/entity/Q3947,Q41427706,house,,D,blue
3560,http://www.wikidata.org/entity/Q41427707,,Point(11.08553 49.43962),1.693,49.43962,11.08553,1,http://www.wikidata.org/entity/Q3947,Q41427707,house,,D,blue
3561,http://www.wikidata.org/entity/Q41427704,,Point(11.08461 49.43946),1.687,49.43946,11.08461,1,http://www.wikidata.org/entity/Q3947,Q41427704,house,,D,blue
3562,http://www.wikidata.org/entity/Q41427705,,Point(11.08513 49.43954),1.691,49.43954,11.08513,1,http://www.wikidata.org/entity/Q3947,Q41427705,house,,D,blue
3563,http://www.wikidata.org/entity/Q41427710,,Point(11.08641 49.43889),1.791,49.43889,11.08641,1,http://www.wikidata.org/entity/Q3947,Q41427710,house,,D,blue
3564,http://www.wikidata.org/entity/Q41427709,,Point(11.08695 49.43981),1.712,49.43981,11.08695,1,http://www.wikidata.org/entity/Q3947,Q41427709,house,,D,blue
3565,http://www.wikidata.org/entity/Q41427715,,Point(11.08254 49.43824),1.779,49.43824,11.08254,1,http://www.wikidata.org/entity/Q1516079,Q41427715,cultural heritage ensemble,,D,blue
3566,http://www.wikidata.org/entity/Q41427712,,Point(11.08562 49.43947),1.711,49.43947,11.08562,1,http://www.wikidata.org/entity/Q3947,Q41427712,house,,D,blue
3567,http://www.wikidata.org/entity/Q41427713,,Point(11.08569 49.43934),1.726,49.43934,11.08569,1,http://www.wikidata.org/entity/Q3947,Q41427713,house,,D,blue
3568,http://www.wikidata.org/entity/Q41427718,,Point(11.0673 49.43677),2.034,49.43677,11.0673,1,http://www.wikidata.org/entity/Q3947,Q41427718,house,,D,blue
3569,http://www.wikidata.org/entity/Q41427719,,Point(11.06664 49.43814),1.911,49.43814,11.06664,1,http://www.wikidata.org/entity/Q3947,Q41427719,house,,D,blue
3570,http://www.wikidata.org/entity/Q41427716,,Point(11.06708 49.43675),2.042,49.43675,11.06708,1,http://www.wikidata.org/entity/Q3947,Q41427716,house,,D,blue
3571,http://www.wikidata.org/entity/Q41427722,,Point(11.06808 49.42847),2.902,49.42847,11.06808,1,http://www.wikidata.org/entity/Q3947,Q41427722,house,,D,blue
3572,http://www.wikidata.org/entity/Q41427720,,Point(11.06488 49.43007),2.795,49.43007,11.06488,1,http://www.wikidata.org/entity/Q1516079,Q41427720,cultural heritage ensemble,,D,blue
3573,http://www.wikidata.org/entity/Q41427721,,Point(11.06803 49.42865),2.883,49.42865,11.06803,1,http://www.wikidata.org/entity/Q3947,Q41427721,house,,D,blue
3574,http://www.wikidata.org/entity/Q41427726,,Point(11.07589 49.43228),2.403,49.43228,11.07589,1,http://www.wikidata.org/entity/Q3947,Q41427726,house,,D,blue
3575,http://www.wikidata.org/entity/Q41427727,,Point(11.0763 49.43243),2.385,49.43243,11.0763,1,http://www.wikidata.org/entity/Q1516079,Q41427727,cultural heritage ensemble,,D,blue
3576,http://www.wikidata.org/entity/Q41427731,,Point(11.07685 49.43249),2.378,49.43249,11.07685,1,http://www.wikidata.org/entity/Q3947,Q41427731,house,,D,blue
3577,http://www.wikidata.org/entity/Q41427729,,Point(11.07665 49.43245),2.382,49.43245,11.07665,1,http://www.wikidata.org/entity/Q3947,Q41427729,house,,D,blue
3578,http://www.wikidata.org/entity/Q41427735,,Point(11.07432 49.42961),2.706,49.42961,11.07432,1,http://www.wikidata.org/entity/Q1516079,Q41427735,cultural heritage ensemble,,D,blue
3579,http://www.wikidata.org/entity/Q41427732,,Point(11.06983 49.43482),2.186,49.43482,11.06983,1,http://www.wikidata.org/entity/Q317557,St. Ludwig,parish church,,D,blue
3580,http://www.wikidata.org/entity/Q41427733,,Point(11.06974854 49.434276278),2.246,49.434276278115,11.069748540957,1,http://www.wikidata.org/entity/Q607241,Straßburger Straße 14,clergy house,,D,blue
3581,http://www.wikidata.org/entity/Q41427739,,Point(11.08796 49.44027),1.697,49.44027,11.08796,1,http://www.wikidata.org/entity/Q16970,Herz-Jesu (Nürnberg),church building,,D,blue
3582,http://www.wikidata.org/entity/Q41427740,,Point(11.08862 49.43863),1.882,49.43863,11.08862,1,http://www.wikidata.org/entity/Q3947,Q41427740,house,,D,blue
3583,http://www.wikidata.org/entity/Q41427747,,Point(11.048878835 49.428025029),3.533,49.428025029567,11.048878835257,1,http://www.wikidata.org/entity/Q3947,Q41427747,house,,D,blue
3584,http://www.wikidata.org/entity/Q41427744,,Point(11.0601 49.43559),2.383,49.43559,11.0601,1,http://www.wikidata.org/entity/Q43483,Pomonabrunnen,water well,,D,blue
3585,http://www.wikidata.org/entity/Q41427751,,Point(11.04859 49.43607),2.868,49.43607,11.04859,1,http://www.wikidata.org/entity/Q3947,Q41427751,house,,D,blue
3586,http://www.wikidata.org/entity/Q41427749,,Point(11.04476 49.43574),3.098,49.43574,11.04476,1,http://www.wikidata.org/entity/Q3950,Q41427749,villa,,D,blue
3587,http://www.wikidata.org/entity/Q41427753,,Point(11.04495 49.43483),3.155,49.43483,11.04495,1,http://www.wikidata.org/entity/Q1516079,Q41427753,cultural heritage ensemble,,D,blue
3588,http://www.wikidata.org/entity/Q41427758,,Point(11.0496 49.43259),3.1,49.43259,11.0496,1,http://www.wikidata.org/entity/Q3947,Q41427758,house,,D,blue
3589,http://www.wikidata.org/entity/Q41427759,,Point(11.04643 49.43109),3.376,49.43109,11.04643,1,http://www.wikidata.org/entity/Q3947,Q41427759,house,,D,blue
3590,http://www.wikidata.org/entity/Q41427756,,Point(11.0512 49.43375),2.927,49.43375,11.0512,1,http://www.wikidata.org/entity/Q3947,Q41427756,house,,D,blue
3591,http://www.wikidata.org/entity/Q41427757,,Point(11.05045 49.43327),3.002,49.43327,11.05045,1,http://www.wikidata.org/entity/Q3947,Q41427757,house,,D,blue
3592,http://www.wikidata.org/entity/Q41427763,,Point(11.05017 49.43735),2.687,49.43735,11.05017,1,http://www.wikidata.org/entity/Q3947,Q41427763,house,,D,blue
3593,http://www.wikidata.org/entity/Q41427760,,Point(11.04987 49.43433),2.942,49.43433,11.04987,1,http://www.wikidata.org/entity/Q3947,Q41427760,house,,D,blue
3594,http://www.wikidata.org/entity/Q41427761,,Point(11.04809 49.43627),2.879,49.43627,11.04809,1,http://www.wikidata.org/entity/Q3947,Q41427761,house,,D,blue
3595,http://www.wikidata.org/entity/Q41427766,,Point(11.0496 49.4347),2.925,49.4347,11.0496,1,http://www.wikidata.org/entity/Q3947,Q41427766,house,,D,blue
3596,http://www.wikidata.org/entity/Q41427767,,Point(11.04975 49.43541),2.86,49.43541,11.04975,1,http://www.wikidata.org/entity/Q3947,Q41427767,house,,D,blue
3597,http://www.wikidata.org/entity/Q41427765,,Point(11.04865 49.43754),2.754,49.43754,11.04865,1,http://www.wikidata.org/entity/Q3947,Q41427765,house,,D,blue
3598,http://www.wikidata.org/entity/Q41427771,,Point(11.04753 49.43338),3.134,49.43338,11.04753,1,http://www.wikidata.org/entity/Q3947,Q41427771,house,,D,blue
3599,http://www.wikidata.org/entity/Q41427768,,Point(11.04811 49.4337),3.08,49.4337,11.04811,1,http://www.wikidata.org/entity/Q3947,Q41427768,house,,D,blue
3600,http://www.wikidata.org/entity/Q41427769,,Point(11.04785 49.43357),3.103,49.43357,11.04785,1,http://www.wikidata.org/entity/Q3947,Q41427769,house,,D,blue
3601,http://www.wikidata.org/entity/Q41427772,,Point(11.04735 49.43328),3.151,49.43328,11.04735,1,http://www.wikidata.org/entity/Q3947,Q41427772,house,,D,blue
3602,http://www.wikidata.org/entity/Q41427773,,Point(11.047206083 49.43319166),3.165,49.433191660032,11.047206083004,1,http://www.wikidata.org/entity/Q3947,Q41427773,house,,D,blue
3603,http://www.wikidata.org/entity/Q41427778,,Point(11.04584 49.43097),3.414,49.43097,11.04584,1,http://www.wikidata.org/entity/Q3947,Q41427778,house,,D,blue
3604,http://www.wikidata.org/entity/Q41427779,,Point(11.04617 49.43096),3.399,49.43096,11.04617,1,http://www.wikidata.org/entity/Q811165,Q41427779,architectural heritage monument,,D,blue
3606,http://www.wikidata.org/entity/Q41427776,,Point(11.04586 49.43174),3.35,49.43174,11.04586,1,http://www.wikidata.org/entity/Q6453233,Q41427776,duplex,,D,blue
3608,http://www.wikidata.org/entity/Q41427777,,Point(11.0457 49.43156),3.372,49.43156,11.0457,1,http://www.wikidata.org/entity/Q5526694,Q41427777,Gasthaus,,D,blue
3609,http://www.wikidata.org/entity/Q41427782,,Point(11.04932 49.43744),2.726,49.43744,11.04932,1,http://www.wikidata.org/entity/Q3947,Q41427782,house,,D,blue
3610,http://www.wikidata.org/entity/Q41427783,,Point(11.049318125 49.437288782),2.737,49.437288782206,11.049318125335,1,http://www.wikidata.org/entity/Q3947,Q41427783,house,,D,blue
3611,http://www.wikidata.org/entity/Q41427786,,Point(11.0491 49.43676),2.788,49.43676,11.0491,1,http://www.wikidata.org/entity/Q3947,Q41427786,house,,D,blue
3612,http://www.wikidata.org/entity/Q41427784,,Point(11.04926 49.43714),2.751,49.43714,11.04926,1,http://www.wikidata.org/entity/Q3947,Q41427784,house,,D,blue
3613,http://www.wikidata.org/entity/Q41427785,,Point(11.04967 49.43712),2.731,49.43712,11.04967,1,http://www.wikidata.org/entity/Q3947,Q41427785,house,,D,blue
3614,http://www.wikidata.org/entity/Q41427791,,Point(11.04624 49.42709),3.73,49.42709,11.04624,1,http://www.wikidata.org/entity/Q358,Q41427791,heritage site,,D,blue
3615,http://www.wikidata.org/entity/Q41427788,,Point(11.052455215 49.426318081),3.551,49.4263180812,11.052455215596,1,http://www.wikidata.org/entity/Q3950,Q41427788,villa,,D,blue
3616,http://www.wikidata.org/entity/Q41427794,,Point(11.05068 49.43974),2.484,49.43974,11.05068,1,http://www.wikidata.org/entity/Q3947,Q41427794,house,,D,blue
3617,http://www.wikidata.org/entity/Q41427792,,Point(11.0429 49.4272),3.87,49.4272,11.0429,1,http://www.wikidata.org/entity/Q1516079,Q41427792,cultural heritage ensemble,,D,blue
3618,http://www.wikidata.org/entity/Q41427793,,Point(11.04391 49.42771),3.78,49.42771,11.04391,1,http://www.wikidata.org/entity/Q358,Q41427793,heritage site,,D,blue
3619,http://www.wikidata.org/entity/Q41427798,,Point(11.05089 49.44004),2.451,49.44004,11.05089,1,http://www.wikidata.org/entity/Q3947,Q41427798,house,,D,blue
3620,http://www.wikidata.org/entity/Q41427796,,Point(11.05057 49.43992),2.478,49.43992,11.05057,1,http://www.wikidata.org/entity/Q3947,Q41427796,house,,D,blue
3621,http://www.wikidata.org/entity/Q41427802,,Point(11.050749614 49.439249304),2.515,49.439249304652,11.050749614655,1,http://www.wikidata.org/entity/Q811165,Q41427802,architectural heritage monument,,D,blue
3623,http://www.wikidata.org/entity/Q41427803,,Point(11.04888 49.44182),2.453,49.44182,11.04888,1,http://www.wikidata.org/entity/Q3947,Q41427803,house,,D,blue
3624,http://www.wikidata.org/entity/Q41427801,,Point(11.05043 49.43951),2.514,49.43951,11.05043,1,http://www.wikidata.org/entity/Q811165,Q41427801,architectural heritage monument,,D,blue
3626,http://www.wikidata.org/entity/Q41427806,,Point(11.0483 49.44159),2.502,49.44159,11.0483,1,http://www.wikidata.org/entity/Q3947,Q41427806,house,,D,blue
3627,http://www.wikidata.org/entity/Q41427805,,Point(11.04845 49.44182),2.479,49.44182,11.04845,1,http://www.wikidata.org/entity/Q3947,Q41427805,house,,D,blue
3628,http://www.wikidata.org/entity/Q41427811,,Point(11.050634637 49.438167587),2.601,49.438167587374,11.050634637926,1,http://www.wikidata.org/entity/Q3947,Q41427811,house,,D,blue
3629,http://www.wikidata.org/entity/Q41427808,,Point(11.04877 49.43838),2.687,49.43838,11.04877,1,http://www.wikidata.org/entity/Q3947,Q41427808,house,,D,blue
3630,http://www.wikidata.org/entity/Q41427809,,Point(11.048718546 49.438264687),2.698,49.438264687423,11.04871854629,1,http://www.wikidata.org/entity/Q3947,Q41427809,house,,D,blue
3631,http://www.wikidata.org/entity/Q41427814,,Point(11.04997 49.43822),2.633,49.43822,11.04997,1,http://www.wikidata.org/entity/Q3947,Q41427814,house,,D,blue
3632,http://www.wikidata.org/entity/Q41427812,,Point(11.0501 49.43851),2.605,49.43851,11.0501,1,http://www.wikidata.org/entity/Q3947,Q41427812,house,,D,blue
3633,http://www.wikidata.org/entity/Q41427818,,Point(11.04896 49.43835),2.679,49.43835,11.04896,1,http://www.wikidata.org/entity/Q3947,Q41427818,house,,D,blue
3634,http://www.wikidata.org/entity/Q41427819,,Point(11.04839 49.43845),2.703,49.43845,11.04839,1,http://www.wikidata.org/entity/Q3947,Q41427819,house,,D,blue
3635,http://www.wikidata.org/entity/Q41427816,,Point(11.049233182 49.43833199),2.665,49.438331990631,11.049233182521,1,http://www.wikidata.org/entity/Q3947,Q41427816,house,,D,blue
3636,http://www.wikidata.org/entity/Q41427817,,Point(11.04927 49.43862),2.642,49.43862,11.04927,1,http://www.wikidata.org/entity/Q3947,Q41427817,house,,D,blue
3637,http://www.wikidata.org/entity/Q41427822,,Point(11.045722809 49.43965069),2.777,49.439650690436,11.04572280935,1,http://www.wikidata.org/entity/Q16970,St. Bonifaz,church building,,D,blue
3638,http://www.wikidata.org/entity/Q41427823,,Point(11.05205 49.44271),2.207,49.44271,11.05205,1,http://www.wikidata.org/entity/Q1516079,Q41427823,cultural heritage ensemble,,D,blue
3639,http://www.wikidata.org/entity/Q41427821,,Point(11.048234999 49.438509987),2.708,49.438509987981,11.048234999731,1,http://www.wikidata.org/entity/Q3947,Q41427821,house,,D,blue
3640,http://www.wikidata.org/entity/Q41427827,,Point(11.04983 49.43768),2.68,49.43768,11.04983,1,http://www.wikidata.org/entity/Q3947,Q41427827,house,,D,blue
3641,http://www.wikidata.org/entity/Q41427824,,Point(11.05053 49.43758),2.651,49.43758,11.05053,1,http://www.wikidata.org/entity/Q3947,Q41427824,house,,D,blue
3642,http://www.wikidata.org/entity/Q41427825,,Point(11.05034 49.43761),2.658,49.43761,11.05034,1,http://www.wikidata.org/entity/Q3947,Q41427825,house,,D,blue
3643,http://www.wikidata.org/entity/Q41427830,,Point(11.05419 49.44325),2.046,49.44325,11.05419,1,http://www.wikidata.org/entity/Q1516079,Philipp-Koerber-Weg 1,cultural heritage ensemble,,D,blue
3644,http://www.wikidata.org/entity/Q41427831,,Point(11.05444 49.44293),2.052,49.44293,11.05444,1,http://www.wikidata.org/entity/Q3947,Q41427831,house,,D,blue
3645,http://www.wikidata.org/entity/Q41427834,,Point(11.04701 49.44215),2.548,49.44215,11.04701,1,http://www.wikidata.org/entity/Q3947,Q41427834,house,,D,blue
3646,http://www.wikidata.org/entity/Q41427835,,Point(11.05374 49.44058),2.255,49.44058,11.05374,1,http://www.wikidata.org/entity/Q3947,Q41427835,house,,D,blue
3647,http://www.wikidata.org/entity/Q41427832,,Point(11.05493 49.44278),2.034,49.44278,11.05493,1,http://www.wikidata.org/entity/Q5526694,Philipp-Koerber-Weg 2,Gasthaus,,D,blue
3648,http://www.wikidata.org/entity/Q41427836,,Point(11.053605345 49.440507855),2.267,49.440507855714,11.053605345715,1,http://www.wikidata.org/entity/Q3947,Q41427836,house,,D,blue
3649,http://www.wikidata.org/entity/Q41427843,,Point(11.05083 49.4377),2.626,49.4377,11.05083,1,http://www.wikidata.org/entity/Q3947,Q41427843,house,,D,blue
3650,http://www.wikidata.org/entity/Q41427840,,Point(11.05136 49.43903),2.498,49.43903,11.05136,1,http://www.wikidata.org/entity/Q3947,Q41427840,house,,D,blue
3651,http://www.wikidata.org/entity/Q41427841,,Point(11.05135 49.43893),2.506,49.43893,11.05135,1,http://www.wikidata.org/entity/Q3947,Q41427841,house,,D,blue
3652,http://www.wikidata.org/entity/Q41427846,,Point(11.050140358 49.440747222),2.446,49.440747222228,11.050140358375,1,http://www.wikidata.org/entity/Q1516079,Q41427846,cultural heritage ensemble,,D,blue
3653,http://www.wikidata.org/entity/Q41427847,,Point(11.04995 49.43974),2.525,49.43974,11.04995,1,http://www.wikidata.org/entity/Q3947,Schweinauer Straße 30,house,,D,blue
3654,http://www.wikidata.org/entity/Q41427845,,Point(11.05075 49.43757),2.64,49.43757,11.05075,1,http://www.wikidata.org/entity/Q3947,Q41427845,house,,D,blue
3655,http://www.wikidata.org/entity/Q41427850,,Point(11.04977 49.43908),2.582,49.43908,11.04977,1,http://www.wikidata.org/entity/Q3947,Q41427850,house,,D,blue
3656,http://www.wikidata.org/entity/Q41427851,,Point(11.04976 49.43892),2.594,49.43892,11.04976,1,http://www.wikidata.org/entity/Q3947,Q41427851,house,,D,blue
3657,http://www.wikidata.org/entity/Q41427848,,Point(11.05031 49.43969),2.509,49.43969,11.05031,1,http://www.wikidata.org/entity/Q3947,Q41427848,house,,D,blue
3658,http://www.wikidata.org/entity/Q41427849,,Point(11.05027 49.43956),2.52,49.43956,11.05027,1,http://www.wikidata.org/entity/Q3947,Q41427849,house,,D,blue
3659,http://www.wikidata.org/entity/Q41427855,,Point(11.04966 49.43858),2.624,49.43858,11.04966,1,http://www.wikidata.org/entity/Q3947,Q41427855,house,,D,blue
3660,http://www.wikidata.org/entity/Q41427852,,Point(11.04974 49.43882),2.602,49.43882,11.04974,1,http://www.wikidata.org/entity/Q3947,Q41427852,house,,D,blue
3661,http://www.wikidata.org/entity/Q41427853,,Point(11.049722997 49.43872125),2.61,49.438721250369,11.049722997966,1,http://www.wikidata.org/entity/Q3947,Q41427853,house,,D,blue
3662,http://www.wikidata.org/entity/Q41427859,,Point(11.05311 49.44406),2.061,49.44406,11.05311,1,http://www.wikidata.org/entity/Q3950,Q41427859,villa,,D,blue
3663,http://www.wikidata.org/entity/Q41427856,,Point(11.049549051 49.438107607),2.664,49.438107607604,11.049549051383,1,http://www.wikidata.org/entity/Q3947,Q41427856,house,,D,blue
3664,http://www.wikidata.org/entity/Q41427857,,Point(11.04671 49.44205),2.572,49.44205,11.04671,1,http://www.wikidata.org/entity/Q3947,Q41427857,house,,D,blue
3665,http://www.wikidata.org/entity/Q41427862,,Point(11.044421063 49.443690558),2.632,49.443690558189,11.044421063304,1,http://www.wikidata.org/entity/Q149566,Q41427862,middle school,,D,blue
3668,http://www.wikidata.org/entity/Q41427863,,Point(11.05421 49.44438),1.975,49.44438,11.05421,1,http://www.wikidata.org/entity/Q3947,Q41427863,house,,D,blue
3669,http://www.wikidata.org/entity/Q41427860,,Point(11.05233 49.44435),2.092,49.44435,11.05233,1,http://www.wikidata.org/entity/Q1516079,Holzschuherstraße 9,cultural heritage ensemble,,D,blue
3670,http://www.wikidata.org/entity/Q41427867,,Point(11.05318 49.44472),2.019,49.44472,11.05318,1,http://www.wikidata.org/entity/Q3947,Q41427867,house,,D,blue
3671,http://www.wikidata.org/entity/Q41427864,,Point(11.04891 49.44256),2.407,49.44256,11.04891,1,http://www.wikidata.org/entity/Q1516079,Q41427864,cultural heritage ensemble,,D,blue
3672,http://www.wikidata.org/entity/Q41427868,,Point(11.05307 49.44461),2.032,49.44461,11.05307,1,http://www.wikidata.org/entity/Q3947,Q41427868,house,,D,blue
3673,http://www.wikidata.org/entity/Q41427875,,Point(11.0917 49.46187),1.369,49.46187,11.0917,1,http://www.wikidata.org/entity/Q3947,Am Stadtpark 3,house,,D,blue
3674,http://www.wikidata.org/entity/Q41427878,,Point(11.09331 49.46512),1.704,49.46512,11.09331,1,http://www.wikidata.org/entity/Q358,Schillerdenkmal,heritage site,,D,blue
3675,http://www.wikidata.org/entity/Q41427876,,Point(11.09316 49.46252),1.496,49.46252,11.09316,1,http://www.wikidata.org/entity/Q1516079,Q41427876,cultural heritage ensemble,,D,blue
3676,http://www.wikidata.org/entity/Q41427877,,Point(11.09259 49.46301),1.501,49.46301,11.09259,1,http://www.wikidata.org/entity/Q1516079,Q41427877,cultural heritage ensemble,,D,blue
3677,http://www.wikidata.org/entity/Q41427882,,Point(11.09126 49.46737),1.808,49.46737,11.09126,1,http://www.wikidata.org/entity/Q3947,Q41427882,house,,D,blue
3678,http://www.wikidata.org/entity/Q41427883,,Point(11.09479 49.46598),1.847,49.46598,11.09479,1,http://www.wikidata.org/entity/Q1516079,Q41427883,cultural heritage ensemble,,D,blue
3679,http://www.wikidata.org/entity/Q41427880,,Point(11.09223 49.46312),1.491,49.46312,11.09223,1,http://www.wikidata.org/entity/Q1516079,Q41427880,cultural heritage ensemble,,D,blue
3680,http://www.wikidata.org/entity/Q41427884,,Point(11.09714 49.46661),2.016,49.46661,11.09714,1,http://www.wikidata.org/entity/Q3947,Q41427884,house,,D,blue
3681,http://www.wikidata.org/entity/Q41427891,,Point(11.08901 49.46376),1.388,49.46376,11.08901,1,http://www.wikidata.org/entity/Q3947,Q41427891,house,,D,blue
3682,http://www.wikidata.org/entity/Q41427888,,Point(11.09201 49.46129),1.346,49.46129,11.09201,1,http://www.wikidata.org/entity/Q3947,Bayreuther Straße 29a,house,,D,blue
3683,http://www.wikidata.org/entity/Q41427889,,Point(11.09194 49.46143),1.351,49.46143,11.09194,1,http://www.wikidata.org/entity/Q3947,Bayreuther Straße 31,house,,D,blue
3684,http://www.wikidata.org/entity/Q41427894,,Point(11.08871 49.46393),1.39,49.46393,11.08871,1,http://www.wikidata.org/entity/Q3947,Q41427894,house,,D,blue
3685,http://www.wikidata.org/entity/Q41427893,,Point(11.08883 49.46383),1.386,49.46383,11.08883,1,http://www.wikidata.org/entity/Q3947,Q41427893,house,,D,blue
3686,http://www.wikidata.org/entity/Q41427898,,Point(11.08902 49.4641),1.418,49.4641,11.08902,1,http://www.wikidata.org/entity/Q3947,Q41427898,house,,D,blue
3687,http://www.wikidata.org/entity/Q41427899,,Point(11.08881 49.46415),1.414,49.46415,11.08881,1,http://www.wikidata.org/entity/Q3947,Q41427899,house,,D,blue
3688,http://www.wikidata.org/entity/Q41427896,,Point(11.08854 49.46405),1.393,49.46405,11.08854,1,http://www.wikidata.org/entity/Q3947,Q41427896,house,,D,blue
3689,http://www.wikidata.org/entity/Q41427897,,Point(11.08795 49.46441),1.402,49.46441,11.08795,1,http://www.wikidata.org/entity/Q3947,Q41427897,house,,D,blue
3690,http://www.wikidata.org/entity/Q41427902,,Point(11.0884 49.46471),1.448,49.46471,11.0884,1,http://www.wikidata.org/entity/Q3947,Q41427902,house,,D,blue
3691,http://www.wikidata.org/entity/Q41427903,,Point(11.08799 49.4647),1.431,49.4647,11.08799,1,http://www.wikidata.org/entity/Q3947,Q41427903,house,,D,blue
3692,http://www.wikidata.org/entity/Q41427901,,Point(11.08867 49.46431),1.422,49.46431,11.08867,1,http://www.wikidata.org/entity/Q3947,Q41427901,house,,D,blue
3693,http://www.wikidata.org/entity/Q41427907,,Point(11.08866 49.46513),1.497,49.46513,11.08866,1,http://www.wikidata.org/entity/Q3947,Q41427907,house,,D,blue
3694,http://www.wikidata.org/entity/Q41427905,,Point(11.08786 49.46477),1.432,49.46477,11.08786,1,http://www.wikidata.org/entity/Q3947,Q41427905,house,,D,blue
3695,http://www.wikidata.org/entity/Q41427910,,Point(11.08824 49.46506),1.474,49.46506,11.08824,1,http://www.wikidata.org/entity/Q3947,Q41427910,house,,D,blue
3696,http://www.wikidata.org/entity/Q41427911,,Point(11.08718 49.46227),1.176,49.46227,11.08718,1,http://www.wikidata.org/entity/Q3947,Maxfeldstraße 51 (Nuremberg-Maxfeld),house,,D,blue
3697,http://www.wikidata.org/entity/Q41427909,,Point(11.08838 49.46498),1.472,49.46498,11.08838,1,http://www.wikidata.org/entity/Q3947,Q41427909,house,,D,blue
3698,http://www.wikidata.org/entity/Q41427915,,Point(11.08738 49.46398),1.339,49.46398,11.08738,1,http://www.wikidata.org/entity/Q3947,Q41427915,house,,D,blue
3699,http://www.wikidata.org/entity/Q41427913,,Point(11.08727 49.46387),1.325,49.46387,11.08727,1,http://www.wikidata.org/entity/Q3947,Q41427913,house,,D,blue
3700,http://www.wikidata.org/entity/Q41427918,,Point(11.08771 49.46428),1.38,49.46428,11.08771,1,http://www.wikidata.org/entity/Q3947,Q41427918,house,,D,blue
3701,http://www.wikidata.org/entity/Q41427917,,Point(11.08761 49.46414),1.363,49.46414,11.08761,1,http://www.wikidata.org/entity/Q3947,Q41427917,house,,D,blue
3702,http://www.wikidata.org/entity/Q41427922,,Point(11.08884 49.46504),1.496,49.46504,11.08884,1,http://www.wikidata.org/entity/Q3947,Q41427922,house,,D,blue
3703,http://www.wikidata.org/entity/Q41427923,,Point(11.08886 49.46463),1.459,49.46463,11.08886,1,http://www.wikidata.org/entity/Q3947,Q41427923,house,,D,blue
3704,http://www.wikidata.org/entity/Q41427920,,Point(11.08826 49.46421),1.396,49.46421,11.08826,1,http://www.wikidata.org/entity/Q3947,Q41427920,house,,D,blue
3705,http://www.wikidata.org/entity/Q41427927,,Point(11.08917 49.46489),1.496,49.46489,11.08917,1,http://www.wikidata.org/entity/Q3947,Q41427927,house,,D,blue
3706,http://www.wikidata.org/entity/Q41427924,,Point(11.08899 49.46514),1.511,49.46514,11.08899,1,http://www.wikidata.org/entity/Q3947,Q41427924,house,,D,blue
3707,http://www.wikidata.org/entity/Q41427925,,Point(11.08904 49.46478),1.48,49.46478,11.08904,1,http://www.wikidata.org/entity/Q3947,Q41427925,house,,D,blue
3708,http://www.wikidata.org/entity/Q41427930,,Point(11.09492509 49.467594736),1.988,49.467594736549,11.094925090002,1,http://www.wikidata.org/entity/Q3950,Q41427930,villa,,D,blue
3709,http://www.wikidata.org/entity/Q41427928,,Point(11.08934 49.46542),1.551,49.46542,11.08934,1,http://www.wikidata.org/entity/Q3947,Q41427928,house,,D,blue
3710,http://www.wikidata.org/entity/Q41427929,,Point(11.08949 49.46552),1.566,49.46552,11.08949,1,http://www.wikidata.org/entity/Q3947,Q41427929,house,,D,blue
3711,http://www.wikidata.org/entity/Q41427934,,Point(11.0936 49.46854),2.012,49.46854,11.0936,1,http://www.wikidata.org/entity/Q3950,Q41427934,villa,,D,blue
3712,http://www.wikidata.org/entity/Q41427932,,Point(11.09429 49.46805),1.998,49.46805,11.09429,1,http://www.wikidata.org/entity/Q3950,Q41427932,villa,,D,blue
3713,http://www.wikidata.org/entity/Q41427933,,Point(11.09395 49.46829),2.005,49.46829,11.09395,1,http://www.wikidata.org/entity/Q3950,Q41427933,villa,,D,blue
3714,http://www.wikidata.org/entity/Q41427939,,Point(11.11203 49.45703),2.535,49.45703,11.11203,1,http://www.wikidata.org/entity/Q1516079,Q41427939,cultural heritage ensemble,,D,blue
3716,http://www.wikidata.org/entity/Q41427940,,Point(11.10564 49.45927),2.135,49.45927,11.10564,1,http://www.wikidata.org/entity/Q3947,Q41427940,house,,D,blue
3717,http://www.wikidata.org/entity/Q41427941,,Point(11.10864 49.45864),2.326,49.45864,11.10864,1,http://www.wikidata.org/entity/Q1516079,Q41427941,cultural heritage ensemble,,D,blue
3718,http://www.wikidata.org/entity/Q41427947,,Point(11.10875 49.45397),2.273,49.45397,11.10875,1,http://www.wikidata.org/entity/Q1516079,Q41427947,cultural heritage ensemble,,D,blue
3719,http://www.wikidata.org/entity/Q41427944,,Point(11.10728 49.45101),2.19,49.45101,11.10728,1,http://www.wikidata.org/entity/Q3947,Q41427944,house,,D,blue
3720,http://www.wikidata.org/entity/Q41427945,,Point(11.10622 49.45049),2.124,49.45049,11.10622,1,http://www.wikidata.org/entity/Q1516079,Q41427945,cultural heritage ensemble,,D,blue
3721,http://www.wikidata.org/entity/Q41427951,,Point(11.09791 49.4674),2.117,49.4674,11.09791,1,http://www.wikidata.org/entity/Q3947,Q41427951,house,,D,blue
3722,http://www.wikidata.org/entity/Q41427948,,Point(11.109347741 49.44730732),2.429,49.447307320141,11.109347741444,1,http://www.wikidata.org/entity/Q16823155,Zeltnerschloß,Schloss,,D,blue
3723,http://www.wikidata.org/entity/Q41427955,,Point(11.10202 49.47166),2.665,49.47166,11.10202,1,http://www.wikidata.org/entity/Q3947,Q41427955,house,,D,blue
3724,http://www.wikidata.org/entity/Q41427952,,Point(11.09992 49.46945),2.382,49.46945,11.09992,1,http://www.wikidata.org/entity/Q3947,Q41427952,house,,D,blue
3725,http://www.wikidata.org/entity/Q41427953,,Point(11.10176 49.47126),2.62,49.47126,11.10176,1,http://www.wikidata.org/entity/Q3947,Q41427953,house,,D,blue
3726,http://www.wikidata.org/entity/Q41427958,,Point(11.10165 49.47147),2.632,49.47147,11.10165,1,http://www.wikidata.org/entity/Q3947,Q41427958,house,,D,blue
3727,http://www.wikidata.org/entity/Q41427959,,Point(11.10113 49.46628),2.207,49.46628,11.10113,1,http://www.wikidata.org/entity/Q3947,Q41427959,house,,D,blue
3728,http://www.wikidata.org/entity/Q41427957,,Point(11.101916541 49.468038389),2.376,49.4680383891,11.101916541437,1,http://www.wikidata.org/entity/Q1516079,Q41427957,cultural heritage ensemble,,D,blue
3729,http://www.wikidata.org/entity/Q41427962,,Point(11.102 49.46665),2.282,49.46665,11.102,1,http://www.wikidata.org/entity/Q3947,Q41427962,house,,D,blue
3730,http://www.wikidata.org/entity/Q41427963,,Point(11.107349457 49.468772113),2.732,49.468772113319,11.107349457575,1,http://www.wikidata.org/entity/Q317557,Allerheiligen,parish church,,D,blue
3732,http://www.wikidata.org/entity/Q41427960,,Point(11.102323 49.465966),2.254,49.465966,11.102323,1,http://www.wikidata.org/entity/Q1516079,Q41427960,cultural heritage ensemble,,D,blue
3733,http://www.wikidata.org/entity/Q41427966,,Point(11.10233 49.46662),2.298,49.46662,11.10233,1,http://www.wikidata.org/entity/Q3947,Q41427966,house,,D,blue
3734,http://www.wikidata.org/entity/Q41427967,,Point(11.10311 49.46628),2.32,49.46628,11.10311,1,http://www.wikidata.org/entity/Q3947,Q41427967,house,,D,blue
3735,http://www.wikidata.org/entity/Q41427971,,Point(11.09978 49.46934),2.366,49.46934,11.09978,1,http://www.wikidata.org/entity/Q3947,Q41427971,house,,D,blue
3736,http://www.wikidata.org/entity/Q41427968,,Point(11.10337 49.46626),2.334,49.46626,11.10337,1,http://www.wikidata.org/entity/Q3947,Q41427968,house,,D,blue
3737,http://www.wikidata.org/entity/Q41427969,,Point(11.11553 49.47209),3.426,49.47209,11.11553,1,http://www.wikidata.org/entity/Q1516079,Q41427969,cultural heritage ensemble,,D,blue
3738,http://www.wikidata.org/entity/Q41427974,,Point(11.111678611 49.476218852),3.514,49.476218852899,11.111678611698,1,http://www.wikidata.org/entity/Q1516079,Resi,cultural heritage ensemble,,D,blue
3739,http://www.wikidata.org/entity/Q41427972,,Point(11.0996 49.46944),2.365,49.46944,11.0996,1,http://www.wikidata.org/entity/Q3947,Q41427972,house,,D,blue
3740,http://www.wikidata.org/entity/Q41427973,,Point(11.10131 49.46657),2.237,49.46657,11.10131,1,http://www.wikidata.org/entity/Q3947,Q41427973,house,,D,blue
3741,http://www.wikidata.org/entity/Q41427978,,Point(11.11799 49.48012),4.143,49.48012,11.11799,1,http://www.wikidata.org/entity/Q3947,Q41427978,house,,D,blue
3742,http://www.wikidata.org/entity/Q41427977,,Point(11.12219 49.48375),4.643,49.48375,11.12219,1,http://www.wikidata.org/entity/Q16970,Q41427977,church building,,D,blue
3743,http://www.wikidata.org/entity/Q41427982,,Point(11.0822 49.47495),2.37,49.47495,11.0822,1,http://www.wikidata.org/entity/Q3947,Q41427982,house,,D,blue
3744,http://www.wikidata.org/entity/Q41427980,,Point(11.11865 49.47954),4.132,49.47954,11.11865,1,http://www.wikidata.org/entity/Q1516079,Q41427980,cultural heritage ensemble,,D,blue
3745,http://www.wikidata.org/entity/Q41427981,,Point(11.081941299 49.474703237),2.34,49.474703237957,11.081941299121,1,http://www.wikidata.org/entity/Q1516079,Q41427981,cultural heritage ensemble,,D,blue
3746,http://www.wikidata.org/entity/Q41427986,,Point(11.08487 49.47487),2.398,49.47487,11.08487,1,http://www.wikidata.org/entity/Q3947,Q41427986,house,,D,blue
3747,http://www.wikidata.org/entity/Q41427987,,Point(11.08537 49.47485),2.404,49.47485,11.08537,1,http://www.wikidata.org/entity/Q5526694,Q41427987,Gasthaus,,D,blue
3748,http://www.wikidata.org/entity/Q41427984,,Point(11.082951977 49.47493334),2.377,49.474933340844,11.082951977818,1,http://www.wikidata.org/entity/Q1516079,Q41427984,cultural heritage ensemble,,D,blue
3749,http://www.wikidata.org/entity/Q41427985,,Point(11.08337 49.4747),2.357,49.4747,11.08337,1,http://www.wikidata.org/entity/Q3947,Schwedenhaus,house,,D,blue
3750,http://www.wikidata.org/entity/Q41427990,,Point(11.10157 49.48109),3.498,49.48109,11.10157,1,http://www.wikidata.org/entity/Q43483,Brunnen Gräfenberger Straße Nürnberg,water well,,D,blue
3751,http://www.wikidata.org/entity/Q41427991,,Point(11.10779 49.48895),4.48,49.48895,11.10779,1,http://www.wikidata.org/entity/Q3947,Q41427991,house,,D,blue
3752,http://www.wikidata.org/entity/Q41427988,,Point(11.08624 49.47473),2.408,49.47473,11.08624,1,http://www.wikidata.org/entity/Q3947,Q41427988,house,,D,blue
3753,http://www.wikidata.org/entity/Q41427992,,Point(11.10706 49.48614),4.183,49.48614,11.10706,1,http://www.wikidata.org/entity/Q317557,Melanchthonkirche,parish church,,D,blue
3755,http://www.wikidata.org/entity/Q41427998,,Point(11.10496 49.48705),4.196,49.48705,11.10496,1,http://www.wikidata.org/entity/Q1516079,Ziegelsteinstraße 183,cultural heritage ensemble,,D,blue
3756,http://www.wikidata.org/entity/Q41427999,,Point(11.10481 49.4873),4.215,49.4873,11.10481,1,http://www.wikidata.org/entity/Q3947,Q41427999,house,,D,blue
3757,http://www.wikidata.org/entity/Q41427996,,Point(11.10886 49.48212),3.882,49.48212,11.10886,1,http://www.wikidata.org/entity/Q811165,Q41427996,architectural heritage monument,,D,blue
3759,http://www.wikidata.org/entity/Q41428002,,Point(11.11074 49.50281),5.954,49.50281,11.11074,1,http://www.wikidata.org/entity/Q1516079,Q41428002,cultural heritage ensemble,,D,blue
3760,http://www.wikidata.org/entity/Q41428003,,Point(11.1074 49.505264),6.114,49.505264,11.1074,1,http://www.wikidata.org/entity/Q16970,Himmelfahrtskirche Buchenbühl,church building,,D,blue
3761,http://www.wikidata.org/entity/Q41428006,,Point(11.1023 49.50088),5.53,49.50088,11.1023,1,http://www.wikidata.org/entity/Q1516079,Q41428006,cultural heritage ensemble,,D,blue
3762,http://www.wikidata.org/entity/Q41428007,,Point(11.11549 49.50557),6.376,49.50557,11.11549,1,http://www.wikidata.org/entity/Q1516079,Q41428007,cultural heritage ensemble,,D,blue
3763,http://www.wikidata.org/entity/Q41428005,,Point(11.10995733 49.503837965),6.036,49.503837965393,11.109957330045,1,http://www.wikidata.org/entity/Q1516079,Q41428005,cultural heritage ensemble,,D,blue
3764,http://www.wikidata.org/entity/Q46922826,,Point(11.010491666 49.530091666),9.752,49.530091666667,11.010491666667,1,http://www.wikidata.org/entity/Q879050,Schloss Großgründlach,manor house,,D,blue
3765,http://www.wikidata.org/entity/Q49288976,,Point(11.24751 49.49757),13.222,49.49757,11.24751,1,http://www.wikidata.org/entity/Q253019,Rückersdorf,Ortsteil,,D,blue
3768,http://www.wikidata.org/entity/Q49289432,,Point(10.88333 49.48333),14.393,49.48333,10.88333,1,http://www.wikidata.org/entity/Q253019,Seukendorf,Ortsteil,,D,blue
3771,http://www.wikidata.org/entity/Q50843589,,Point(11.08935 49.44128),1.649,49.44128,11.08935,1,http://www.wikidata.org/entity/Q41253,Atrium Filmpalast,movie theater,,D,blue
3772,http://www.wikidata.org/entity/Q50843597,,Point(11.05553956 49.450625514),1.614,49.450625514043,11.055539560254,1,http://www.wikidata.org/entity/Q41253,Rio Palast - Türk Sinemasi,movie theater,,D,blue
3773,http://www.wikidata.org/entity/Q54142502,,Point(11.071719444 49.583169444),14.382,49.583169444444,11.071719444444,1,http://www.wikidata.org/entity/Q11734477,Birkenlachstein,memorial stone,,D,blue
3774,http://www.wikidata.org/entity/Q54278536,,Point(11.258719444 49.406688888),14.13,49.406688888889,11.258719444444,1,http://www.wikidata.org/entity/Q921099,"Forstreviergrenzstein Fischbach, Feucht und Ungelstetten",boundary marker,,D,blue
3775,http://www.wikidata.org/entity/Q54279422,,Point(11.212211111 49.448630555),9.769,49.448630555556,11.212211111111,1,http://www.wikidata.org/entity/Q921099,"Forstreviergrenzstein Brunn, Laufamholz und Röthenbach",boundary marker,,D,blue
3776,http://www.wikidata.org/entity/Q54280053,,Point(11.224869444 49.407419444),11.856,49.407419444444,11.224869444444,1,http://www.wikidata.org/entity/Q921099,"Forstreviergrenzstein Fischbach, Feucht und Altenfurt",boundary marker,,D,blue
3777,http://www.wikidata.org/entity/Q54280823,,Point(11.184419444 49.389361111),10.558,49.389361111111,11.184419444444,1,http://www.wikidata.org/entity/Q921099,"Forstreviergrenzstein Feucht, Altenfurt und Schwarzenlohe",boundary marker,,D,blue
3778,http://www.wikidata.org/entity/Q54281401,,Point(11.187188888 49.438119444),8.135,49.438119444444,11.187188888889,1,http://www.wikidata.org/entity/Q921099,Forstreviergrenzstein in Laufamholzer Forst,boundary marker,,D,blue
3779,http://www.wikidata.org/entity/Q54350089,,Point(11.06585 49.584588888),14.558,49.584588888889,11.06585,1,http://www.wikidata.org/entity/Q11734477,Fuchsstein,memorial stone,,D,blue
3780,http://www.wikidata.org/entity/Q54351787,,Point(11.13185 49.579880555),14.554,49.579880555556,11.13185,1,http://www.wikidata.org/entity/Q4989906,Bannwalddenkmal,monument,,D,blue
3781,http://www.wikidata.org/entity/Q54364610,,Point(11.210472222 49.450377777),9.634,49.450377777778,11.210472222222,1,http://www.wikidata.org/entity/Q4989906,Denkmal Mordopfer Juni 1945,monument,,D,blue
3782,http://www.wikidata.org/entity/Q54370530,,Point(11.177130555 49.4244),7.927,49.4244,11.177130555556,1,http://www.wikidata.org/entity/Q4989906,Ludwig Weber Denkmal,monument,,D,blue
3783,http://www.wikidata.org/entity/Q54391736,,Point(11.1755 49.419788888),8.049,49.419788888889,11.1755,1,http://www.wikidata.org/entity/Q7325635,Ehemalige Flakbatterie bei Fischbach,anti-aircraft gun,,D,blue
3785,http://www.wikidata.org/entity/Q54393483,,Point(11.17475 49.425588888),7.716,49.425588888889,11.17475,1,http://www.wikidata.org/entity/Q3253281,Eisweiher bei Fischbach,artificial pond,,D,blue
3786,http://www.wikidata.org/entity/Q54460009,,Point(11.078088888 49.503330555),5.5,49.503330555556,11.078088888889,1,http://www.wikidata.org/entity/Q1640496,Harte Tränke,conciliation cross,,D,blue
3787,http://www.wikidata.org/entity/Q54460055,,Point(11.100819444 49.578380555),13.948,49.578380555556,11.100819444444,1,http://www.wikidata.org/entity/Q4989906,Hasensteinsäule,monument,,D,blue
3788,http://www.wikidata.org/entity/Q54487945,,Point(11.263080555 49.435230555),13.59,49.435230555556,11.263080555556,1,http://www.wikidata.org/entity/Q1639182,Eichenhain bei Brunn,Hutanger,,D,blue
3789,http://www.wikidata.org/entity/Q54489259,,Point(11.156161111 49.431761111),6.209,49.431761111111,11.156161111111,1,http://www.wikidata.org/entity/Q3253281,Holzweiher,artificial pond,,D,blue
3790,http://www.wikidata.org/entity/Q54491677,,Point(11.249655555 49.492158333),13.161,49.492158333333,11.249655555556,1,http://www.wikidata.org/entity/Q390384,Sandmagerrasen Brunnleite,calcareous grassland,,D,blue
3792,http://www.wikidata.org/entity/Q54670463,,Point(11.208011111 49.37905),12.594,49.37905,11.208011111111,1,http://www.wikidata.org/entity/Q22698,Eichenhain in Feucht,park,,D,blue
3793,http://www.wikidata.org/entity/Q54670475,,Point(11.207963888 49.379286111),12.574,49.379286111111,11.207963888889,1,http://www.wikidata.org/entity/Q4989906,Hermann Oberth Denkmal in Feucht,monument,,D,blue
3794,http://www.wikidata.org/entity/Q54758409,,Point(11.213338888 49.3855),12.435,49.3855,11.213338888889,1,http://www.wikidata.org/entity/Q4989906,Reichswald-Denkmal bei Feucht,monument,,D,blue
3795,http://www.wikidata.org/entity/Q54758909,,Point(11.22216 49.36137),14.684,49.36137,11.22216,1,http://www.wikidata.org/entity/Q2220733,Sandgruben bei Gsteinach,sand mine,,D,blue
3796,http://www.wikidata.org/entity/Q54802375,,Point(11.1853 49.369938888),12.171,49.369938888889,11.1853,1,http://www.wikidata.org/entity/Q4989906,Gedenkstein J.C.Meixner,monument,,D,blue
3797,http://www.wikidata.org/entity/Q54802536,,Point(11.123019444 49.356819444),11.287,49.356819444444,11.123019444444,1,http://www.wikidata.org/entity/Q1640496,Schneiderkreuz bei Wendelstein,conciliation cross,,D,blue
3798,http://www.wikidata.org/entity/Q54923915,,Point(11.143481417 49.358898404),11.595,49.358898404658,11.143481417803,1,http://www.wikidata.org/entity/Q1879141,Lände Wendelstein,Q1879141,,D,blue
3799,http://www.wikidata.org/entity/Q55003952,,Point(11.193800808 49.357573502),13.627,49.357573502033,11.193800808007,1,http://www.wikidata.org/entity/Q12284,Abschnitt des Ludwig-Donau-Main-Kanals,canal,,D,blue
3801,http://www.wikidata.org/entity/Q55040070,,Point(11.205038888 49.354169444),14.433,49.354169444444,11.205038888889,1,http://www.wikidata.org/entity/Q1550436,Grundablass Schwarzach,gatehouse,,D,blue
3802,http://www.wikidata.org/entity/Q55041032,,Point(11.119731741 49.363450959),10.512,49.363450959829,11.119731741311,1,http://www.wikidata.org/entity/Q12284,Abschnitt des Ludwig-Donau-Main-Kanals,canal,,D,blue
3803,http://www.wikidata.org/entity/Q55041875,,Point(11.13251 49.35937),11.241,49.35937,11.13251,1,http://www.wikidata.org/entity/Q2281315,Kanalsperre bei Kleinschwarzenlohe,Safety gates (water transport),,D,blue
3804,http://www.wikidata.org/entity/Q55042312,,Point(11.112511111 49.366027777),10.094,49.366027777778,11.112511111111,1,http://www.wikidata.org/entity/Q105731,Q55042312,lock,,D,blue
3805,http://www.wikidata.org/entity/Q55042559,,Point(11.108786111 49.369122222),9.695,49.369122222222,11.108786111111,1,http://www.wikidata.org/entity/Q105731,Schleuse 65 des Ludwig-Donau-Main-Kanals,lock,,D,blue
3806,http://www.wikidata.org/entity/Q55042738,,Point(11.103855555 49.371361111),9.373,49.371361111111,11.103855555556,1,http://www.wikidata.org/entity/Q105731,Schleuse 66 des Ludwig-Donau-Main-Kanals,lock,,D,blue
3807,http://www.wikidata.org/entity/Q55078251,,Point(11.146416666 49.359102777),11.664,49.359102777778,11.146416666667,1,http://www.wikidata.org/entity/Q12284,Abschnitt des Ludwig-Donau-Main-Kanals,canal,,D,blue
3808,http://www.wikidata.org/entity/Q55118209,,Point(11.145139252 49.359026763),11.632,49.35902676319,11.145139252109,1,http://www.wikidata.org/entity/Q4168092,Bachdurchlass Wendelsteiner Graben,culvert,,D,blue
3809,http://www.wikidata.org/entity/Q55118510,,Point(11.15038 49.35955),11.745,49.35955,11.15038,1,http://www.wikidata.org/entity/Q13222303,Kilometerstein bei Wendelstein,highway location marker,,D,blue
3810,http://www.wikidata.org/entity/Q55118715,,Point(11.157577777 49.361988888),11.752,49.361988888889,11.157577777778,1,http://www.wikidata.org/entity/Q97146605,Kanalwärterhaus bei Röthenbach,Q97146605,,D,blue
3811,http://www.wikidata.org/entity/Q55129624,,Point(11.118179942 49.361217284),10.718,49.361217284531,11.118179942365,1,http://www.wikidata.org/entity/Q12284,Abschnitt des Ludwig-Donau-Main-Kanals,canal,,D,blue
3812,http://www.wikidata.org/entity/Q55129699,,Point(11.097072222 49.375944444),8.782,49.375944444444,11.097072222222,1,http://www.wikidata.org/entity/Q863915,Kanalhafen Worzeldorf,inland port,,D,blue
3813,http://www.wikidata.org/entity/Q55129745,,Point(11.094877777 49.381638888),8.132,49.381638888889,11.094877777778,1,http://www.wikidata.org/entity/Q12284,Abschnitt des Ludwig-Donau-Main-Kanals,canal,,D,blue
3814,http://www.wikidata.org/entity/Q55129770,,Point(11.0925779 49.3868964),7.529,49.3868964,11.0925779,1,http://www.wikidata.org/entity/Q4168092,Ottergraben-Durchlass,culvert,,D,blue
3815,http://www.wikidata.org/entity/Q55129797,,Point(11.093022222 49.386980555),7.524,49.386980555556,11.093022222222,1,http://www.wikidata.org/entity/Q1308315,Ottergraben-Leitgraben,inlet structure,,D,blue
3816,http://www.wikidata.org/entity/Q55131921,,Point(11.077514951 49.408441159),5.051,49.40844115958,11.077514951566,1,http://www.wikidata.org/entity/Q12284,Abschnitt des Ludwig-Donau-Main-Kanals,canal,,D,blue
3817,http://www.wikidata.org/entity/Q55132003,,Point(11.078174361 49.407619416),5.143,49.407619416437,11.078174361839,1,http://www.wikidata.org/entity/Q158438,Bogenbrücke Kindermannstraße in Nürnberg,arch bridge,,D,blue
3819,http://www.wikidata.org/entity/Q55132654,,Point(11.079580609 49.404914592),5.446,49.404914592327,11.079580609163,1,http://www.wikidata.org/entity/Q12284,Abschnitt des Ludwig-Donau-Main-Kanals,canal,,D,blue
3820,http://www.wikidata.org/entity/Q55155437,,Point(11.056788888 49.443902777),1.851,49.443902777778,11.056788888889,1,http://www.wikidata.org/entity/Q863915,Q55155437,inland port,,D,blue
3821,http://www.wikidata.org/entity/Q55155512,,Point(11.05551 49.44445),1.892,49.44445,11.05551,1,http://www.wikidata.org/entity/Q11880367,Q55155512,earthworks,,D,blue
3824,http://www.wikidata.org/entity/Q55155599,,Point(11.072030555 49.415469444),4.287,49.415469444444,11.072030555556,1,http://www.wikidata.org/entity/Q11880367,Erdbauten des Ludwig-Donau-Main-Kanals #22,earthworks,,D,blue
3827,http://www.wikidata.org/entity/Q55155627,,Point(11.01647 49.46926),4.717,49.46926,11.01647,1,http://www.wikidata.org/entity/Q1030403,Q55155627,navigable aqueduct,,D,blue
3828,http://www.wikidata.org/entity/Q55155669,,Point(11.00546 49.48183),6.051,49.48183,11.00546,1,http://www.wikidata.org/entity/Q11880367,Erdbauten des Ludwig-Donau-Main-Kanals #24,earthworks,,D,blue
3830,http://www.wikidata.org/entity/Q55163792,,Point(10.99623 49.49517),7.443,49.49517,10.99623,1,http://www.wikidata.org/entity/Q11880367,Erdbauten des Ludwig-Donau-Main-Kanals #25,earthworks,,D,blue
3833,http://www.wikidata.org/entity/Q55163831,,Point(11.004438888 49.482108333),6.13,49.482108333333,11.004438888889,1,http://www.wikidata.org/entity/Q863915,Kanalhafen Fürth,inland port,,D,blue
3834,http://www.wikidata.org/entity/Q55163874,,Point(11.0056197 49.4819915),6.05,49.4819915,11.0056197,1,http://www.wikidata.org/entity/Q13222303,Kilometerstein 120 KM in Fürth,highway location marker,,D,blue
3835,http://www.wikidata.org/entity/Q55183497,,Point(11.11502 49.36491),10.261,49.36491,11.11502,1,http://www.wikidata.org/entity/Q11880367,Erdbauten des Ludwig-Donau-Main-Kanals #21,earthworks,,D,blue
3838,http://www.wikidata.org/entity/Q55184956,,Point(11.183147134 49.366894373),12.336,49.366894373179,11.183147134339,1,http://www.wikidata.org/entity/Q192810,Erdbauten des Ludwig-Donau-Main-Kanals #20,graben,,D,blue
3843,http://www.wikidata.org/entity/Q55190121,,Point(11.134444444 49.359166666),11.313,49.359166666667,11.134444444444,1,http://www.wikidata.org/entity/Q4168092,Bachdurchlass westlich von Wendelstein,culvert,,D,blue
3844,http://www.wikidata.org/entity/Q55224020,,Point(11.18847 49.36267),12.943,49.36267,11.18847,1,http://www.wikidata.org/entity/Q11880367,Erdbauten des Ludwig-Donau-Main-Kanals #19,earthworks,,D,blue
3847,http://www.wikidata.org/entity/Q55406630,,Point(11.18755 49.36906),12.351,49.36906,11.18755,1,http://www.wikidata.org/entity/Q97290396,Gauchsbach Ausleitung in den Gauchsbach-Leitgraben,Q97290396,,D,blue
3848,http://www.wikidata.org/entity/Q55406973,,Point(11.18708 49.36884),12.348,49.36884,11.18708,1,http://www.wikidata.org/entity/Q610559,Gauchsbach-Schütz und Wehr,sluice,,D,blue
3850,http://www.wikidata.org/entity/Q55407042,,Point(11.18275 49.36663),12.341,49.36663,11.18275,1,http://www.wikidata.org/entity/Q158438,Bogenbrücke über den Gauchsbach-Leitgraben,arch bridge,,D,blue
3851,http://www.wikidata.org/entity/Q55407072,,Point(11.17393 49.36471),12.131,49.36471,11.17393,1,http://www.wikidata.org/entity/Q1308315,Einleitung des Gauchsbach-Leitgraben,inlet structure,,D,blue
3852,http://www.wikidata.org/entity/Q55407175,,Point(11.18688 49.36895),12.329,49.36895,11.18688,1,http://www.wikidata.org/entity/Q610559,Gauchsbach-Leitgraben Schütz,sluice,,D,blue
3853,http://www.wikidata.org/entity/Q55407316,,Point(11.18638 49.36875),12.323,49.36875,11.18638,1,http://www.wikidata.org/entity/Q97146798,Gauchsbach-Leitgraben nördlich der A 73,Q97146798,,D,blue
3854,http://www.wikidata.org/entity/Q55407353,,Point(11.18201 49.36586),12.375,49.36586,11.18201,1,http://www.wikidata.org/entity/Q97146798,Gauchsbach-Leitgraben südlich der A 73,Q97146798,,D,blue
3855,http://www.wikidata.org/entity/Q55593156,,Point(11.10841 49.36945),9.653,49.36945,11.10841,1,http://www.wikidata.org/entity/Q1308315,Kanaleinleitung bei der Schleuse 65,inlet structure,,D,blue
3856,http://www.wikidata.org/entity/Q55725459,,Point(11.09305 49.38633),7.596,49.38633,11.09305,1,http://www.wikidata.org/entity/Q13222303,Kilometerstein 106 KM im Eibacher Forst,highway location marker,,D,blue
3857,http://www.wikidata.org/entity/Q55970787,,Point(11.1739529 49.3646613),12.136,49.3646613,11.1739529,1,http://www.wikidata.org/entity/Q3771516,Q55970787,gangway,,D,blue
3858,http://www.wikidata.org/entity/Q55983736,,Point(11.08091 49.40183),5.792,49.40183,11.08091,1,http://www.wikidata.org/entity/Q13222303,Kilometerstein 108 KM in Nürnberg,highway location marker,,D,blue
3859,http://www.wikidata.org/entity/Q55983748,,Point(11.18203 49.3645),12.496,49.3645,11.18203,1,http://www.wikidata.org/entity/Q34038,Wasserfall,waterfall,,D,blue
3860,http://www.wikidata.org/entity/Q55983755,,Point(11.14249 49.35879),11.577,49.35879,11.14249,1,http://www.wikidata.org/entity/Q3644569,Lore am Ludwig-Donau-Main-Kanal,mining cart,,D,blue
3862,http://www.wikidata.org/entity/Q56094603,,Point(11.17059 49.36479),11.986,49.36479,11.17059,1,http://www.wikidata.org/entity/Q1879141,Lände Röthenbach bei Sankt Wolfgang,Q1879141,,D,blue
3863,http://www.wikidata.org/entity/Q56144098,,Point(11.097184996 49.376088347),8.768,49.376088347492,11.09718499674,1,http://www.wikidata.org/entity/Q178692,Eisenkran am Kanalhafen Worzeldorf,crane,,D,blue
3864,http://www.wikidata.org/entity/Q56394680,,Point(10.914213749 49.474596408),12.008,49.474596408924,10.914213749429,1,http://www.wikidata.org/entity/Q1277340,Felsenkeller,rock cellar,,D,blue
3865,http://www.wikidata.org/entity/Q56872311,,Point(11.125529 49.473913),4.137,49.473913,11.125529,1,http://www.wikidata.org/entity/Q75762,Esperantostraße (Nürnberg),Zamenhof-Esperanto object,,D,blue
3867,http://www.wikidata.org/entity/Q56872334,,Point(11.074028 49.455529),0.3,49.455529,11.074028,1,http://www.wikidata.org/entity/Q75762,Weinmarkt 14,Zamenhof-Esperanto object,,D,blue
3869,http://www.wikidata.org/entity/Q57578485,,Point(11.068536017 49.447112121),0.983,49.44711212132,11.068536017881,1,http://www.wikidata.org/entity/Q41253,Ka-Li,movie theater,,D,blue
3870,http://www.wikidata.org/entity/Q58068103,,Point(11.2395926 49.4812662),12.116,49.4812662,11.2395926,1,http://www.wikidata.org/entity/Q11755880,Sog. Beamtenwohnhaus in Röthenbach an der Pegnitz,residential building,,D,blue
3871,http://www.wikidata.org/entity/Q58068100,,Point(11.2395461 49.4831079),12.166,49.4831079,11.2395461,1,http://www.wikidata.org/entity/Q11755880,Mehrfamilienhaus in Röthenbach an der Pegnitz,residential building,,D,blue
3872,http://www.wikidata.org/entity/Q58068101,,Point(11.2394604 49.4814442),12.112,49.4814442,11.2394604,1,http://www.wikidata.org/entity/Q11755880,Sog. Beamtenwohnhaus in Röthenbach an der Pegnitz,residential building,,D,blue
3873,http://www.wikidata.org/entity/Q58068189,,Point(11.24370217 49.49280697),12.779,49.49280697,11.24370217,1,http://www.wikidata.org/entity/Q1303167,Scheune in Rückersdorf,barn,,D,blue
3874,http://www.wikidata.org/entity/Q58330375,,Point(11.206393 49.365887),13.525,49.365887,11.206393,1,http://www.wikidata.org/entity/Q350895,Wüstung in Feucht,abandoned village,,D,blue
3876,http://www.wikidata.org/entity/Q58330376,,Point(11.200652 49.370624),12.857,49.370624,11.200652,1,http://www.wikidata.org/entity/Q350895,Wüstung in Feucht,abandoned village,,D,blue
3877,http://www.wikidata.org/entity/Q58340229,,Point(11.2054 49.40869),10.538,49.40869,11.2054,1,http://www.wikidata.org/entity/Q1416685,Wallanlage in Fischbach (gemeindefreies Gebiet),rampart,,D,blue
3879,http://www.wikidata.org/entity/Q59305303,,Point(11.20574 49.37873),12.495,49.37873,11.20574,1,http://www.wikidata.org/entity/Q149566,Grund und Mittelschule,middle school,,D,blue
3882,http://www.wikidata.org/entity/Q59305644,,Point(11.21337 49.3732),13.317,49.3732,11.21337,1,http://www.wikidata.org/entity/Q43483,Entenbrunnen vor dem Alten Friedhof,water well,,D,blue
3883,http://www.wikidata.org/entity/Q59348361,,Point(11.21451 49.3758),13.186,49.3758,11.21451,1,http://www.wikidata.org/entity/Q43483,Brunnen am Meer in Feucht,water well,,D,blue
3884,http://www.wikidata.org/entity/Q59524568,,Point(11.23726 49.53874),14.916,49.53874,11.23726,1,http://www.wikidata.org/entity/Q473972,LSG Nuschelberg,protected area,,D,blue
3886,http://www.wikidata.org/entity/Q59525859,,Point(11.24548 49.49059),12.819,49.49059,11.24548,1,http://www.wikidata.org/entity/Q473972,LSG Rückersdorf,protected area,,D,blue
3888,http://www.wikidata.org/entity/Q59526170,,Point(11.20413 49.47867),9.571,49.47867,11.20413,1,http://www.wikidata.org/entity/Q473972,LSG Pegnitzaue Schwaig,protected area,,D,blue
3890,http://www.wikidata.org/entity/Q59527015,,Point(11.08836 49.38254),7.972,49.38254,11.08836,1,http://www.wikidata.org/entity/Q473972,Königshof,protected area,,D,blue
3892,http://www.wikidata.org/entity/Q59527019,,Point(11.11144 49.37348),9.274,49.37348,11.11144,1,http://www.wikidata.org/entity/Q473972,Worzeldorfer Berg - Glasersberg,protected area,,D,blue
3894,http://www.wikidata.org/entity/Q59527016,,Point(11.18547 49.4225),8.564,49.4225,11.18547,1,http://www.wikidata.org/entity/Q473972,Fischbach,protected area,,D,blue
3896,http://www.wikidata.org/entity/Q59527022,,Point(11.15556 49.47039),5.947,49.47039,11.15556,1,http://www.wikidata.org/entity/Q473972,Pegnitztal Ost,protected area,,D,blue
3898,http://www.wikidata.org/entity/Q59527021,,Point(11.02662 49.38878),8.113,49.38878,11.02662,1,http://www.wikidata.org/entity/Q473972,Rednitztal - Mitte,protected area,,D,blue
3900,http://www.wikidata.org/entity/Q59527026,,Point(11.04332 49.46108),2.583,49.46108,11.04332,1,http://www.wikidata.org/entity/Q473972,Pegnitztal West,protected area,,D,blue
3902,http://www.wikidata.org/entity/Q59527027,,Point(11.05104 49.37558),8.91,49.37558,11.05104,1,http://www.wikidata.org/entity/Q473972,Eichenwaldgraben - Stockweiher,protected area,,D,blue
3904,http://www.wikidata.org/entity/Q59527030,,Point(11.00467 49.4237),6.231,49.4237,11.00467,1,http://www.wikidata.org/entity/Q473972,Rednitztal - Nord,protected area,,D,blue
3906,http://www.wikidata.org/entity/Q59527031,,Point(11.26557 49.42673),13.943,49.42673,11.26557,1,http://www.wikidata.org/entity/Q473972,Brunn - Netzstall,protected area,,D,blue
3908,http://www.wikidata.org/entity/Q59527028,,Point(11.01654 49.37168),10.141,49.37168,11.01654,1,http://www.wikidata.org/entity/Q473972,Holzheim,protected area,,D,blue
3910,http://www.wikidata.org/entity/Q59527035,,Point(11.05527 49.52555),8.127,49.52555,11.05527,1,http://www.wikidata.org/entity/Q473972,Gründlachtal - Ost,protected area,,D,blue
3912,http://www.wikidata.org/entity/Q59527033,,Point(11.26008 49.41347),13.959,49.41347,11.26008,1,http://www.wikidata.org/entity/Q473972,Birnthon,protected area,,D,blue
3914,http://www.wikidata.org/entity/Q59527039,,Point(11.14117 49.47326),5.094,49.47326,11.14117,1,http://www.wikidata.org/entity/Q473972,Tiefgraben und Kohlbuck,protected area,,D,blue
3916,http://www.wikidata.org/entity/Q59527042,,Point(11.06025 49.34214),12.485,49.34214,11.06025,1,http://www.wikidata.org/entity/Q473972,Rednitztal - Süd,protected area,,D,blue
3918,http://www.wikidata.org/entity/Q59527047,,Point(11.14238 49.39217),8.32,49.39217,11.14238,1,http://www.wikidata.org/entity/Q473972,Langwasser,protected area,,D,blue
3920,http://www.wikidata.org/entity/Q59527045,,Point(11.08154 49.34695),11.893,49.34695,11.08154,1,http://www.wikidata.org/entity/Q473972,Kornburg,protected area,,D,blue
3922,http://www.wikidata.org/entity/Q59527570,,Point(11.10875 49.45615),2.287,49.45615,11.10875,1,http://www.wikidata.org/entity/Q473972,Wöhrder See,protected area,,D,blue
3924,http://www.wikidata.org/entity/Q59528003,,Point(11.11641 49.49163),5.061,49.49163,11.11641,1,http://www.wikidata.org/entity/Q473972,Kraftshofer Forst,protected area,,D,blue
3926,http://www.wikidata.org/entity/Q59528120,,Point(11.14189 49.44794),4.715,49.44794,11.14189,1,http://www.wikidata.org/entity/Q473972,Schmausenbuck,protected area,,D,blue
3928,http://www.wikidata.org/entity/Q59533538,,Point(10.99147 49.33148),14.959,49.33148,10.99147,1,http://www.wikidata.org/entity/Q473972,Oberes Schwabachtal mit Nadlersbach und Mittelbach,protected area,,D,blue
3930,http://www.wikidata.org/entity/Q59533536,,Point(11.00555 49.35114),12.547,49.35114,11.00555,1,http://www.wikidata.org/entity/Q473972,Landschaftsschutzverordnung für das ehemalige Übungsgelände der US-Army (LSchV-US-Army),protected area,,D,blue
3932,http://www.wikidata.org/entity/Q59533540,,Point(11.07107 49.31948),14.95,49.31948,11.07107,1,http://www.wikidata.org/entity/Q473972,Mündungsgebiet von Rednitz und Schwabach,protected area,,D,blue
3934,http://www.wikidata.org/entity/Q59533551,,Point(11.03528 49.35767),11.12,49.35767,11.03528,1,http://www.wikidata.org/entity/Q473972,Nördlicher Abschnitt des Rednitztales,protected area,,D,blue
3936,http://www.wikidata.org/entity/Q59533548,,Point(11.03367 49.33096),14.027,49.33096,11.03367,1,http://www.wikidata.org/entity/Q473972,mittlerer Abschnitt des Schwabachtales,protected area,,D,blue
3938,http://www.wikidata.org/entity/Q59533655,,Point(11.03223 49.33939),13.14,49.33939,11.03223,1,http://www.wikidata.org/entity/Q473972,östlicher Abschnitt des westlich-östlich gerichteten Talgrundes Pointwiesen,protected area,,D,blue
3940,http://www.wikidata.org/entity/Q59533934,,Point(11.01213 49.33994),13.517,49.33994,11.01213,1,http://www.wikidata.org/entity/Q473972,westlicher Abschnitt des westlich-östlich gerichteten Talgrundes Pointwiesen,protected area,,D,blue
3942,http://www.wikidata.org/entity/Q59534011,,Point(11.03351 49.34842),12.146,49.34842,11.03351,1,http://www.wikidata.org/entity/Q473972,Im Gebiet Kappelberg und Ellbogental,protected area,,D,blue
3944,http://www.wikidata.org/entity/Q59584802,,Point(10.9851 49.53049),10.813,49.53049,10.9851,1,http://www.wikidata.org/entity/Q473972,Waldgebiet Mannhof,protected area,,D,blue
3946,http://www.wikidata.org/entity/Q59584803,,Point(10.89798 49.49487),13.734,49.49487,10.89798,1,http://www.wikidata.org/entity/Q473972,Trappenholz (Wald am Schießplatz Burgfarrnbach),protected area,,D,blue
3948,http://www.wikidata.org/entity/Q59584801,,Point(10.97002 49.51755),10.497,49.51755,10.97002,1,http://www.wikidata.org/entity/Q473972,"Rednitz-, Pegnitz- und Regnitztalsystem",protected area,,D,blue
3950,http://www.wikidata.org/entity/Q59584806,,Point(10.95895 49.49468),9.68,49.49468,10.95895,1,http://www.wikidata.org/entity/Q473972,Talzug Heidestraße,protected area,,D,blue
3952,http://www.wikidata.org/entity/Q59584804,,Point(10.92239 49.5051),12.557,49.5051,10.92239,1,http://www.wikidata.org/entity/Q473972,Zenntal/Zennwald,protected area,,D,blue
3954,http://www.wikidata.org/entity/Q59584810,,Point(10.99781 49.52379),9.664,49.52379,10.99781,1,http://www.wikidata.org/entity/Q473972,Herboldshofer Landgraben,protected area,,D,blue
3956,http://www.wikidata.org/entity/Q59584808,,Point(11.01413 49.47959),5.386,49.47959,11.01413,1,http://www.wikidata.org/entity/Q473972,Poppenreuther Landgraben,protected area,,D,blue
3958,http://www.wikidata.org/entity/Q59584809,,Point(10.99122 49.50451),8.389,49.50451,10.99122,1,http://www.wikidata.org/entity/Q473972,Am (Bucher) Landgraben,protected area,,D,blue
3960,http://www.wikidata.org/entity/Q59584814,,Point(10.9161 49.48586),12.179,49.48586,10.9161,1,http://www.wikidata.org/entity/Q473972,Farrnbachtal,protected area,,D,blue
3962,http://www.wikidata.org/entity/Q59584815,,Point(10.94231 49.52965),12.886,49.52965,10.94231,1,http://www.wikidata.org/entity/Q21503788,Michelbachtal,Landschaftsschutzgebiet,,D,blue
3963,http://www.wikidata.org/entity/Q59584812,,Point(10.99936 49.50382),7.909,49.50382,10.99936,1,http://www.wikidata.org/entity/Q473972,"Bucher Landgraben, Bisloher Entwässerungsgraben",protected area,,D,blue
3965,http://www.wikidata.org/entity/Q59584813,,Point(10.9445 49.47132),9.791,49.47132,10.9445,1,http://www.wikidata.org/entity/Q473972,Scherbsgraben,protected area,,D,blue
3967,http://www.wikidata.org/entity/Q59584816,,Point(10.9305 49.46835),10.73,49.46835,10.9305,1,http://www.wikidata.org/entity/Q473972,Stadtwald,protected area,,D,blue
3969,http://www.wikidata.org/entity/Q59584937,,Point(10.97059 49.39044),10.455,49.39044,10.97059,1,http://www.wikidata.org/entity/Q473972,LSG Stein,protected area,,D,blue
3971,http://www.wikidata.org/entity/Q59585112,,Point(10.97855 49.5502),12.867,49.5502,10.97855,1,http://www.wikidata.org/entity/Q473972,Regnitztal,protected area,,D,blue
3973,http://www.wikidata.org/entity/Q59585131,,Point(11.0061 49.5698),13.877,49.5698,11.0061,1,http://www.wikidata.org/entity/Q473972,Bachgraben,protected area,,D,blue
3975,http://www.wikidata.org/entity/Q59585128,,Point(10.9406 49.5529),14.787,49.5529,10.9406,1,http://www.wikidata.org/entity/Q473972,Römerreuth und Umgebung,protected area,,D,blue
3977,http://www.wikidata.org/entity/Q59585129,,Point(11.00552 49.54411),11.293,49.54411,11.00552,1,http://www.wikidata.org/entity/Q473972,Hutgraben mit Winkelfeld und Wolfsmantel,protected area,,D,blue
3979,http://www.wikidata.org/entity/Q59585133,,Point(11.0197 49.563),12.827,49.563,11.0197,1,http://www.wikidata.org/entity/Q473972,Brucker Lache mit Langenaufeld,protected area,,D,blue
3981,http://www.wikidata.org/entity/Q60192491,,Point(11.21428 49.3756),13.188,49.3756,11.21428,1,http://www.wikidata.org/entity/Q42896655,Hauptstraße 37,farm building,,D,blue
3982,http://www.wikidata.org/entity/Q60192890,,Point(11.21418 49.37589),13.162,49.37589,11.21418,1,http://www.wikidata.org/entity/Q11755880,Unterer Zeidlerweg 1b,residential building,,D,blue
3983,http://www.wikidata.org/entity/Q60192954,,Point(11.2138 49.37633),13.109,49.37633,11.2138,1,http://www.wikidata.org/entity/Q158438,Bogenbrücke Zeidlerschloss,arch bridge,,D,blue
3984,http://www.wikidata.org/entity/Q60192970,,Point(11.21382 49.37623),13.117,49.37623,11.21382,1,http://www.wikidata.org/entity/Q98141590,Ehemaliges Wärterhaus am Zeidlerschloss,Q98141590,,D,blue
3985,http://www.wikidata.org/entity/Q60211922,,Point(11.21194 49.37702),12.957,49.37702,11.21194,1,http://www.wikidata.org/entity/Q11755880,Hauptstraße 11,residential building,,D,blue
3987,http://www.wikidata.org/entity/Q60212293,,Point(11.21118 49.37776),12.861,49.37776,11.21118,1,http://www.wikidata.org/entity/Q1021645,Former forester's lodge in Feucht,office building,,D,blue
3989,http://www.wikidata.org/entity/Q60212352,,Point(11.21131 49.37781),12.865,49.37781,11.21131,1,http://www.wikidata.org/entity/Q3044808,Hauptstraße 1b,outbuilding,,D,blue
3990,http://www.wikidata.org/entity/Q60212416,,Point(11.21147 49.3777),12.881,49.3777,11.21147,1,http://www.wikidata.org/entity/Q1570373,Hauptstraße 1f,chancery,,D,blue
3991,http://www.wikidata.org/entity/Q60212655,,Point(11.21138 49.37759),12.884,49.37759,11.21138,1,http://www.wikidata.org/entity/Q41176,Hauptstraße 1g,building,,D,blue
3992,http://www.wikidata.org/entity/Q60212865,,Point(11.21058 49.37771),12.832,49.37771,11.21058,1,http://www.wikidata.org/entity/Q718966,Hauptstraße 4,doctor's office,,D,blue
3994,http://www.wikidata.org/entity/Q60212990,,Point(11.21061 49.37614),12.95,49.37614,11.21061,1,http://www.wikidata.org/entity/Q41176,Untere Kellerstraße 31,building,,D,blue
3995,http://www.wikidata.org/entity/Q60213507,,Point(11.21207 49.37634),13.014,49.37634,11.21207,1,http://www.wikidata.org/entity/Q42948,Kirchhofmauer Herz Jesu Kirche,wall,,D,blue
3996,http://www.wikidata.org/entity/Q60213615,,Point(11.21191 49.37604),13.027,49.37604,11.21191,1,http://www.wikidata.org/entity/Q607241,Pfarrhaus Herz Jesu Kirche,clergy house,,D,blue
3997,http://www.wikidata.org/entity/Q60213840,,Point(11.21196 49.37631),13.01,49.37631,11.21196,1,http://www.wikidata.org/entity/Q108325,Kriegergedächtniskapelle,chapel,,D,blue
3999,http://www.wikidata.org/entity/Q60214022,,Point(11.21188 49.37645),12.995,49.37645,11.21188,1,http://www.wikidata.org/entity/Q43483,Brunnenstele Lebendiges Wasser,water well,,D,blue
4000,http://www.wikidata.org/entity/Q60231093,,Point(11.21105 49.37372),13.154,49.37372,11.21105,1,http://www.wikidata.org/entity/Q857628,Bienenhaus,apiary,,D,blue
4001,http://www.wikidata.org/entity/Q60231320,,Point(11.21208 49.37504),13.111,49.37504,11.21208,1,http://www.wikidata.org/entity/Q11734477,Brauerei-Gedenkstein,memorial stone,,D,blue
4002,http://www.wikidata.org/entity/Q60231820,,Point(11.21162 49.37538),13.061,49.37538,11.21162,1,http://www.wikidata.org/entity/Q3044808,Pfinzingstraße 8,outbuilding,,D,blue
4003,http://www.wikidata.org/entity/Q60231913,,Point(11.21186 49.37508),13.096,49.37508,11.21186,1,http://www.wikidata.org/entity/Q3044808,Pfinzingstraße 12/14,outbuilding,,D,blue
4004,http://www.wikidata.org/entity/Q60278878,,Point(11.21377 49.37396),13.282,49.37396,11.21377,1,http://www.wikidata.org/entity/Q5787273,Q60278878,garden house,,D,blue
4005,http://www.wikidata.org/entity/Q60280061,,Point(11.21364 49.37389),13.28,49.37389,11.21364,1,http://www.wikidata.org/entity/Q1371789,Hauptstraße 72,vacation home,,D,blue
4006,http://www.wikidata.org/entity/Q60282579,,Point(11.21367 49.37441),13.243,49.37441,11.21367,1,http://www.wikidata.org/entity/Q3044808,Hauptstraße 64,outbuilding,,D,blue
4007,http://www.wikidata.org/entity/Q60329002,,Point(11.21351 49.37505),13.187,49.37505,11.21351,1,http://www.wikidata.org/entity/Q40211238,Kirchhofmauer,churchyard wall,,D,blue
4008,http://www.wikidata.org/entity/Q60329330,,Point(11.2139 49.37505),13.208,49.37505,11.2139,1,http://www.wikidata.org/entity/Q4989906,Schreitender Jakobus,monument,,D,blue
4009,http://www.wikidata.org/entity/Q60330270,,Point(11.21308 49.37305),13.313,49.37305,11.21308,1,http://www.wikidata.org/entity/Q575759,Kriegerdenkmal am Alten Friedhof,war memorial,,D,blue
4010,http://www.wikidata.org/entity/Q60330288,,Point(11.21241 49.37319),13.267,49.37319,11.21241,1,http://www.wikidata.org/entity/Q39614,Alter Friedhof in Feucht,cemetery,,D,blue
4011,http://www.wikidata.org/entity/Q60330413,,Point(11.21677 49.37304),13.512,49.37304,11.21677,1,http://www.wikidata.org/entity/Q127849,Einheitslinde in Feucht,Tilia,,D,blue
4013,http://www.wikidata.org/entity/Q60330589,,Point(11.21302 49.37615),13.079,49.37615,11.21302,1,http://www.wikidata.org/entity/Q655686,Wohnhaus Hauptstraße 25,commercial building,,D,blue
4015,http://www.wikidata.org/entity/Q60365456,,Point(11.20225 49.38122),12.122,49.38122,11.20225,1,http://www.wikidata.org/entity/Q4989906,Urbogenschütze,monument,,D,blue
4016,http://www.wikidata.org/entity/Q60399867,,Point(11.21107 49.37337),13.182,49.37337,11.21107,1,http://www.wikidata.org/entity/Q838948,Schnecke am Gauchsbach,work of art,,D,blue
4017,http://www.wikidata.org/entity/Q60400130,,Point(11.21016 49.37275),13.181,49.37275,11.21016,1,http://www.wikidata.org/entity/Q1066997,Ehemaliges Wehr am Gauchsbach,weir,,D,blue
4018,http://www.wikidata.org/entity/Q60400191,,Point(11.19631 49.36995),12.696,49.36995,11.19631,1,http://www.wikidata.org/entity/Q1066997,Steg und Wehr am Gauchsbach,weir,,D,blue
4020,http://www.wikidata.org/entity/Q60400487,,Point(11.20911 49.37873),12.677,49.37873,11.20911,1,http://www.wikidata.org/entity/Q43483,Brunnen am Eichenhain,water well,,D,blue
4021,http://www.wikidata.org/entity/Q60400569,,Point(11.21313 49.37598),13.098,49.37598,11.21313,1,http://www.wikidata.org/entity/Q43483,Brunnen am Sparkassenplatz in Feucht,water well,,D,blue
4022,http://www.wikidata.org/entity/Q60400761,,Point(11.21279 49.37564),13.105,49.37564,11.21279,1,http://www.wikidata.org/entity/Q838948,Grashalme auf dem Pfinzingplatz,work of art,,D,blue
4023,http://www.wikidata.org/entity/Q60401201,,Point(11.22586 49.37967),13.548,49.37967,11.22586,1,http://www.wikidata.org/entity/Q13586493,Freibad Feuchtasia,outdoor swimming pool,,D,blue
4024,http://www.wikidata.org/entity/Q60401379,,Point(11.2147 49.37609),13.175,49.37609,11.2147,1,http://www.wikidata.org/entity/Q22908,Seniorenzentrum am Zeidlerschloss,retirement home,,D,blue
4025,http://www.wikidata.org/entity/Q60401660,,Point(11.21318 49.37476),13.191,49.37476,11.21318,1,http://www.wikidata.org/entity/Q31838271,Reichswaldhalle,assembly hall,,D,blue
4026,http://www.wikidata.org/entity/Q60401984,,Point(11.2136 49.374),13.27,49.374,11.2136,1,http://www.wikidata.org/entity/Q294297,Bücherschrank,public bookcase,,D,blue
4027,http://www.wikidata.org/entity/Q60455622,,Point(11.21335 49.38328),12.588,49.38328,11.21335,1,http://www.wikidata.org/entity/Q43483,Honigbrunnen,water well,,D,blue
4028,http://www.wikidata.org/entity/Q60550748,,Point(11.25795 49.38783),14.988,49.38783,11.25795,1,http://www.wikidata.org/entity/Q1519223,Gesindehaus Gauchsmühle,servants' house,,D,blue
4029,http://www.wikidata.org/entity/Q62531052,,Point(11.017033888 49.56601),13.206,49.56601,11.017033888889,1,http://www.wikidata.org/entity/Q445467,Brucker Lache,biological reserve,,D,blue
4030,http://www.wikidata.org/entity/Q62837367,,Point(11.07755 49.4493),0.509,49.4493,11.07755,1,http://www.wikidata.org/entity/Q1412205,Zeughaus,armory,,D,blue
4031,http://www.wikidata.org/entity/Q63158935,,Point(11.097804 49.358533),10.704,49.358533,11.097804,1,http://www.wikidata.org/entity/Q16970,Q63158935,church building,,D,blue
4032,http://www.wikidata.org/entity/Q63246628,,Point(11.048834168 49.451092508),2.081,49.45109250828,11.04883416895,1,http://www.wikidata.org/entity/Q55876909,St. Anton,Catholic parish church,,D,blue
4033,http://www.wikidata.org/entity/Q63258994,,Point(11.085904165 49.370307516),9.312,49.370307516169,11.085904165418,1,http://www.wikidata.org/entity/Q317557,Easter Church,parish church,,D,blue
4034,http://www.wikidata.org/entity/Q63301901,,Point(11.174792 49.396144),9.535,49.396144,11.174792,1,http://www.wikidata.org/entity/Q1129743,Mutter vom Guten Rat,filial church,,D,blue
4036,http://www.wikidata.org/entity/Q63312314,,Point(11.06956 49.4304),2.669,49.4304,11.06956,1,http://www.wikidata.org/entity/Q317557,St. Markus,parish church,,D,blue
4038,http://www.wikidata.org/entity/Q63327466,,Point(11.08101 49.371261),9.189,49.371261,11.08101,1,http://www.wikidata.org/entity/Q317557,Corpus Christi,parish church,,D,blue
4040,http://www.wikidata.org/entity/Q63343307,,Point(11.05229962 49.450736906),1.84,49.450736906729,11.052299620974,1,http://www.wikidata.org/entity/Q16970,Dreieinigkeitskirche,church building,,D,blue
4041,http://www.wikidata.org/entity/Q63382656,,Point(11.001194444 49.431194444),6.052,49.431194444444,11.001194444444,1,http://www.wikidata.org/entity/Q317557,Hl. Kreuz,parish church,,D,blue
4043,http://www.wikidata.org/entity/Q63438207,,Point(11.20618 49.35492),14.423,49.35492,11.20618,1,http://www.wikidata.org/entity/Q4989906,Denkmal am Brückkanal,monument,,D,blue
4044,http://www.wikidata.org/entity/Q63447875,,Point(11.11405 49.3649),10.244,49.3649,11.11405,1,http://www.wikidata.org/entity/Q13222303,Kilometerstein 103 KM,highway location marker,,D,blue
4045,http://www.wikidata.org/entity/Q63472843,,Point(11.22731 49.421),11.446,49.421,11.22731,1,http://www.wikidata.org/entity/Q3253281,Aufgelassener Weiher bei Fischbach b. Nürnberg,artificial pond,,D,blue
4046,http://www.wikidata.org/entity/Q63473408,,Point(11.22636 49.42056),11.397,49.42056,11.22636,1,http://www.wikidata.org/entity/Q12280,Südliche Brücke am Steinbruchweg,bridge,,D,blue
4047,http://www.wikidata.org/entity/Q63473643,,Point(11.23283 49.42154),11.806,49.42154,11.23283,1,http://www.wikidata.org/entity/Q12280,Nördliche Brücke am Steinbruchweg,bridge,,D,blue
4048,http://www.wikidata.org/entity/Q63474076,,Point(11.23608 49.42422),11.944,49.42422,11.23608,1,http://www.wikidata.org/entity/Q15115254,Ehemaliger Steinbruch östlich von Fischbach b. Nürnberg,stone quarry,,D,blue
4049,http://www.wikidata.org/entity/Q63485778,,Point(11.1734 49.56082),13.768,49.56082,11.1734,1,http://www.wikidata.org/entity/Q896318,Easter fountains in Großgeschaidt,Osterbrunnen,,D,blue
4050,http://www.wikidata.org/entity/Q63486384,,Point(11.18081 49.55809),13.789,49.55809,11.18081,1,http://www.wikidata.org/entity/Q896318,Easter fountains in Kleingeschaidt,Osterbrunnen,,D,blue
4051,http://www.wikidata.org/entity/Q63486524,,Point(11.1466 49.566333),13.468,49.566333,11.1466,1,http://www.wikidata.org/entity/Q896318,Easter fountains in Röckenhof,Osterbrunnen,,D,blue
4052,http://www.wikidata.org/entity/Q63488979,,Point(11.26028 49.39092),14.971,49.39092,11.26028,1,http://www.wikidata.org/entity/Q896318,Easter fountains in Moosbach,Osterbrunnen,,D,blue
4053,http://www.wikidata.org/entity/Q63533152,,Point(11.25841 49.45689),13.095,49.45689,11.25841,1,http://www.wikidata.org/entity/Q23397,Grosser Birkensee,lake,,D,blue
4054,http://www.wikidata.org/entity/Q63981496,,Point(11.13007 49.36389),10.709,49.36389,11.13007,1,http://www.wikidata.org/entity/Q124714,Schichtquelle beim Wernloch,spring,,D,blue
4055,http://www.wikidata.org/entity/Q64005504,,Point(11.26504 49.39654),15.0,49.39654,11.26504,1,http://www.wikidata.org/entity/Q3253281,Weiher nördlich von Moosbach,artificial pond,,D,blue
4056,http://www.wikidata.org/entity/Q64005698,,Point(11.27487 49.4563),14.283,49.4563,11.27487,1,http://www.wikidata.org/entity/Q1518285,Diepersdorfer Anger,Protected landscape component,,D,blue
4058,http://www.wikidata.org/entity/Q64128135,,Point(11.19982 49.55685),14.469,49.55685,11.19982,1,http://www.wikidata.org/entity/Q21573182,Toteneichen bei Beerbach,natural monument in Germany,,D,blue
4061,http://www.wikidata.org/entity/Q64497709,,Point(11.22249 49.37553),13.645,49.37553,11.22249,1,http://www.wikidata.org/entity/Q208502,Heideweg 26,railroad car,,D,blue
4063,http://www.wikidata.org/entity/Q64541447,,Point(11.21879 49.37257),13.656,49.37257,11.21879,1,http://www.wikidata.org/entity/Q22698,Grünanlage Am Lechle,park,,D,blue
4064,http://www.wikidata.org/entity/Q64576064,,Point(11.22149 49.3803),13.255,49.3803,11.22149,1,http://www.wikidata.org/entity/Q193110,Gauchsbachgrund 'Altdorfer Straße',floodplain,,D,blue
4067,http://www.wikidata.org/entity/Q64585061,,Point(11.21437 49.37905),12.943,49.37905,11.21437,1,http://www.wikidata.org/entity/Q3253281,Teich in der Schwarzwasserstraße,artificial pond,,D,blue
4068,http://www.wikidata.org/entity/Q64585091,,Point(11.21405 49.37878),12.945,49.37878,11.21405,1,http://www.wikidata.org/entity/Q478986,Trafohaus Schwarzwasserstraße-Roter Graben,distribution substation,,D,blue
4069,http://www.wikidata.org/entity/Q64684738,,Point(11.20936 49.37222),13.179,49.37222,11.20936,1,http://www.wikidata.org/entity/Q193110,Gauchsbachgrund 'Schwabacher Straße',floodplain,,D,blue
4072,http://www.wikidata.org/entity/Q64684753,,Point(11.20528 49.37085),13.074,49.37085,11.20528,1,http://www.wikidata.org/entity/Q193110,Gauchsbachgrund 'Zeidler Siedlung',floodplain,,D,blue
4075,http://www.wikidata.org/entity/Q64684787,,Point(11.18387 49.36657),12.396,49.36657,11.18387,1,http://www.wikidata.org/entity/Q11177275,Gauchsbachaue nördlich von Röthenbach bei Sankt Wolfgang,riparian forest,,D,blue
4076,http://www.wikidata.org/entity/Q64684874,,Point(11.20018 49.35994),13.716,49.35994,11.20018,1,http://www.wikidata.org/entity/Q97147168,Kanaldurchlass A73,Q97147168,,D,blue
4077,http://www.wikidata.org/entity/Q64684905,,Point(11.20112 49.35974),13.777,49.35974,11.20112,1,http://www.wikidata.org/entity/Q97147168,Kanaldurchlass Schnellfahrstrecke Nürnberg–Ingolstadt–München,Q97147168,,D,blue
4078,http://www.wikidata.org/entity/Q64684920,,Point(11.20269 49.35949),13.872,49.35949,11.20269,1,http://www.wikidata.org/entity/Q97147168,Kanaldurchlass A9,Q97147168,,D,blue
4079,http://www.wikidata.org/entity/Q64697804,,Point(11.20623 49.3607),13.94,49.3607,11.20623,1,http://www.wikidata.org/entity/Q152810,Bauschuttdeponie bei Feucht,landfill,,D,blue
4080,http://www.wikidata.org/entity/Q64797156,,Point(11.08009 49.40379),5.572,49.40379,11.08009,1,http://www.wikidata.org/entity/Q1308315,Einlaufbauwerk am Unterhaupt der Schleuse 72,inlet structure,,D,blue
4081,http://www.wikidata.org/entity/Q64797168,,Point(11.07582 49.41062),4.81,49.41062,11.07582,1,http://www.wikidata.org/entity/Q97290396,Ausleitung in Nürnberg Gibitzenhof,Q97290396,,D,blue
4088,http://www.wikidata.org/entity/Q66304502,,Point(11.110646 49.502832),5.953,49.502832,11.110646,1,http://www.wikidata.org/entity/Q79007,Am Paulusstein,street,,D,blue
4090,http://www.wikidata.org/entity/Q66305509,,Point(11.10772 49.499479),5.527,49.499479,11.10772,1,http://www.wikidata.org/entity/Q79007,Am Reichsforst,street,,D,blue
4091,http://www.wikidata.org/entity/Q66305518,,Point(11.11226 49.504728),6.193,49.504728,11.11226,1,http://www.wikidata.org/entity/Q79007,Am Schwedenbrunnen,street,,D,blue
4092,http://www.wikidata.org/entity/Q66305531,,Point(11.118984 49.500472),5.993,49.500472,11.118984,1,http://www.wikidata.org/entity/Q79007,Buchenbühler Weg,street,,D,blue
4093,http://www.wikidata.org/entity/Q66305528,,Point(11.105614 49.50392),5.929,49.50392,11.105614,1,http://www.wikidata.org/entity/Q79007,Baiersdorfer Straße,street,,D,blue
4094,http://www.wikidata.org/entity/Q66305538,,Point(11.114395 49.503061),6.091,49.503061,11.114395,1,http://www.wikidata.org/entity/Q79007,Fuchsweg,street,,D,blue
4095,http://www.wikidata.org/entity/Q66305536,,Point(11.103208 49.505744),6.064,49.505744,11.103208,1,http://www.wikidata.org/entity/Q79007,Ehrenbürgweg (Nürnberg),street,,D,blue
4096,http://www.wikidata.org/entity/Q66305544,,Point(11.104908 49.50832),6.374,49.50832,11.104908,1,http://www.wikidata.org/entity/Q79007,Greifensteinweg,street,,D,blue
4097,http://www.wikidata.org/entity/Q66305551,,Point(11.11466 49.501515),5.945,49.501515,11.11466,1,http://www.wikidata.org/entity/Q79007,Hermann-Löns-Straße,street,,D,blue
4098,http://www.wikidata.org/entity/Q66305548,,Point(11.109326 49.511915),6.856,49.511915,11.109326,1,http://www.wikidata.org/entity/Q79007,Hahnenbalz,street,,D,blue
4099,http://www.wikidata.org/entity/Q66305579,,Point(11.107886 49.504368),6.034,49.504368,11.107886,1,http://www.wikidata.org/entity/Q79007,Igensdorfer Straße,street,,D,blue
4100,http://www.wikidata.org/entity/Q66305583,,Point(11.10403 49.504981),6.002,49.504981,11.10403,1,http://www.wikidata.org/entity/Q79007,Kahlbergweg,street,,D,blue
4101,http://www.wikidata.org/entity/Q66305624,,Point(11.110425 49.503295),5.994,49.503295,11.110425,1,http://www.wikidata.org/entity/Q79007,Kalchreuther Straße,street,,D,blue
4102,http://www.wikidata.org/entity/Q66305647,,Point(11.108096 49.505559),6.163,49.505559,11.108096,1,http://www.wikidata.org/entity/Q79007,Märzenweg,street,,D,blue
4103,http://www.wikidata.org/entity/Q66305691,,Point(11.105173 49.505379),6.071,49.505379,11.105173,1,http://www.wikidata.org/entity/Q79007,Nuschelbergweg,street,,D,blue
4104,http://www.wikidata.org/entity/Q66305707,,Point(11.104958 49.505601),6.089,49.505601,11.104958,1,http://www.wikidata.org/entity/Q79007,Ohrwaschelweg,street,,D,blue
4105,http://www.wikidata.org/entity/Q66305731,,Point(11.105427 49.507641),6.314,49.507641,11.105427,1,http://www.wikidata.org/entity/Q79007,Rabensteinweg,street,,D,blue
4106,http://www.wikidata.org/entity/Q66305742,,Point(11.101524 49.501487),5.576,49.501487,11.101524,1,http://www.wikidata.org/entity/Q79007,Rathsbergstraße,street,,D,blue
4107,http://www.wikidata.org/entity/Q66305751,,Point(11.104257 49.504381),5.944,49.504381,11.104257,1,http://www.wikidata.org/entity/Q79007,Strahlenfelsweg,street,,D,blue
4108,http://www.wikidata.org/entity/Q66305758,,Point(11.113399 49.502164),5.969,49.502164,11.113399,1,http://www.wikidata.org/entity/Q79007,Vollandstraße,street,,D,blue
4109,http://www.wikidata.org/entity/Q66305774,,Point(11.108034 49.501221),5.714,49.501221,11.108034,1,http://www.wikidata.org/entity/Q79007,Waldamtstraße,street,,D,blue
4110,http://www.wikidata.org/entity/Q66305780,,Point(11.107852 49.500127),5.597,49.500127,11.107852,1,http://www.wikidata.org/entity/Q79007,Waldherrenstraße,street,,D,blue
4111,http://www.wikidata.org/entity/Q66305789,,Point(11.106449 49.506026),6.17,49.506026,11.106449,1,http://www.wikidata.org/entity/Q79007,Wichsensteinweg,street,,D,blue
4112,http://www.wikidata.org/entity/Q66305795,,Point(11.102385 49.507644),6.248,49.507644,11.102385,1,http://www.wikidata.org/entity/Q79007,Wildenfelsweg,street,,D,blue
4113,http://www.wikidata.org/entity/Q66305800,,Point(11.107735 49.50243),5.83,49.50243,11.107735,1,http://www.wikidata.org/entity/Q79007,Zum Felsenkeller,street,,D,blue
4114,http://www.wikidata.org/entity/Q66305810,,Point(11.113794 49.504042),6.17,49.504042,11.113794,1,http://www.wikidata.org/entity/Q79007,Zum Froschbrücklein,street,,D,blue
4115,http://www.wikidata.org/entity/Q66305816,,Point(11.118303 49.504226),6.334,49.504226,11.118303,1,http://www.wikidata.org/entity/Q79007,Zum Steinbruch,street,,D,blue
4116,http://www.wikidata.org/entity/Q66382945,,Point(11.0962 49.37767),8.582,49.37767,11.0962,1,http://www.wikidata.org/entity/Q13222303,Kilometerstein 105 KM im Eibacher Forst,highway location marker,,D,blue
4117,http://www.wikidata.org/entity/Q76628893,,Point(11.07604 49.45787),0.454,49.45787,11.07604,1,http://www.wikidata.org/entity/Q33506,Kaiserburg Nürnberg museum,museum,,D,blue
4118,http://www.wikidata.org/entity/Q81815920,,Point(11.14246 49.41152),6.662,49.41152,11.14246,1,http://www.wikidata.org/entity/Q79007,Breslauer Straße,street,,D,blue
4119,http://www.wikidata.org/entity/Q84135623,,Point(11.1076639 49.4136654),4.981,49.4136654,11.1076639,1,http://www.wikidata.org/entity/Q860861,The couple,sculpture,,D,blue
4120,http://www.wikidata.org/entity/Q84709958,,Point(11.09778 49.36504),9.988,49.36504,11.09778,1,http://www.wikidata.org/entity/Q1640496,Steinkreuz zwischen Worzeldorf und Kornburg,conciliation cross,,D,blue
4121,http://www.wikidata.org/entity/Q84710252,,Point(11.1134 49.474456),3.471,49.474456,11.1134,1,http://www.wikidata.org/entity/Q1640496,Steinkreuz Schoppershof,conciliation cross,,D,blue
4122,http://www.wikidata.org/entity/Q84710749,,Point(11.15714 49.46623),5.932,49.46623,11.15714,1,http://www.wikidata.org/entity/Q1640496,Steinkreuz in Laufamholz,conciliation cross,,D,blue
4123,http://www.wikidata.org/entity/Q84915449,,Point(11.04461 49.55022),10.97,49.55022,11.04461,1,http://www.wikidata.org/entity/Q5003624,Hirschenstein,memorial,,D,blue
4124,http://www.wikidata.org/entity/Q84917316,,Point(11.03902 49.5553),11.611,49.5553,11.03902,1,http://www.wikidata.org/entity/Q860861,Quellstein,sculpture,,D,blue
4125,http://www.wikidata.org/entity/Q87471993,,Point(10.96082 49.45357),8.419,49.45357,10.96082,1,http://www.wikidata.org/entity/Q15115254,Steinbruch nördlich von Zirndorf,stone quarry,,D,blue
4126,http://www.wikidata.org/entity/Q87472049,,Point(10.95102 49.45851),9.141,49.45851,10.95102,1,http://www.wikidata.org/entity/Q15115254,Steinbruch im Eschenaubuck,stone quarry,,D,blue
4128,http://www.wikidata.org/entity/Q87472055,,Point(10.96736 49.45317),7.947,49.45317,10.96736,1,http://www.wikidata.org/entity/Q91122,Felsenkeller an der Alten Veste,bunker,,D,blue
4130,http://www.wikidata.org/entity/Q87830396,,Point(11.0780304 49.4538482),0.053,49.4538482,11.0780304,1,http://www.wikidata.org/entity/Q860861,Margarethe Engelhardt memorial,sculpture,,D,blue
4132,http://www.wikidata.org/entity/Q87891075,,Point(11.077287176 49.454497411),0.07,49.454497411707,11.077287176146,1,http://www.wikidata.org/entity/Q543654,Neues Rathaus (Nürnberg),Rathaus,,D,blue
4133,http://www.wikidata.org/entity/Q90678193,,Point(11.05062 49.47762),3.269,49.47762,11.05062,1,http://www.wikidata.org/entity/Q1640496,Schnepfenreuth 1,conciliation cross,,D,blue
4134,http://www.wikidata.org/entity/Q90679805,,Point(11.056 49.34945),11.712,49.34945,11.056,1,http://www.wikidata.org/entity/Q1640496,Steinkreuz in Katzwang,conciliation cross,,D,blue
4135,http://www.wikidata.org/entity/Q90680179,,Point(11.014403872 49.523894918),9.014,49.52388,11.01442,1,http://www.wikidata.org/entity/Q380356,Steinkreuz in Großgründlach 1,True Cross,,D,blue
4143,http://www.wikidata.org/entity/Q90680181,,Point(11.01442 49.52388),9.012,49.52388,11.01442,1,http://www.wikidata.org/entity/Q1640496,Steinkreuz in Großgründlach 2,conciliation cross,,D,blue
4144,http://www.wikidata.org/entity/Q90680191,,Point(11.09805 49.36673),9.805,49.36673,11.09805,1,http://www.wikidata.org/entity/Q1640496,Steinkreuz bei Worzeldorf,conciliation cross,,D,blue
4145,http://www.wikidata.org/entity/Q91094181,,Point(10.89335 49.42263),13.746,49.42263,10.89335,1,http://www.wikidata.org/entity/Q1640496,Steinkreuz in Weinzierlein,conciliation cross,,D,blue
4146,http://www.wikidata.org/entity/Q91303377,,Point(10.99454 49.55383),12.619,49.55383,10.99454,1,http://www.wikidata.org/entity/Q1640496,Steinkreuz in Eltersdorf,conciliation cross,,D,blue
4147,http://www.wikidata.org/entity/Q95426299,,Point(11.11005 49.33869),13.024,49.33869,11.11005,1,http://www.wikidata.org/entity/Q575759,Kriegerdenkmal in Großschwarzenlohe,war memorial,,D,blue
4148,http://www.wikidata.org/entity/Q95975284,,Point(11.21121 49.37762),12.873,49.37762,11.21121,1,http://www.wikidata.org/entity/Q1307347,Hauptstraße 1,boundary,,D,blue
4149,http://www.wikidata.org/entity/Q95975428,,Point(11.25198 49.3871),14.654,49.3871,11.25198,1,http://www.wikidata.org/entity/Q36539,Backofen Gauchsmühle,oven,,D,blue
4150,http://www.wikidata.org/entity/Q96479505,,Point(11.1129 49.33935),12.992,49.33935,11.1129,1,http://www.wikidata.org/entity/Q798436,Backhaus in Großschwarzenlohe,bakehouse,,D,blue
4151,http://www.wikidata.org/entity/Q97056265,,Point(11.16817 49.36424),11.939,49.36424,11.16817,1,http://www.wikidata.org/entity/Q1879141,Anlände Röthenbach bei Sankt Wolfgang,Q1879141,,D,blue
4152,http://www.wikidata.org/entity/Q97056830,,Point(11.16738 49.36405),11.926,49.36405,11.16738,1,http://www.wikidata.org/entity/Q3771516,Steg bei der Grundschule in Sankt Wolfgang,gangway,,D,blue
4153,http://www.wikidata.org/entity/Q97153958,,Point(11.06059 49.46311),1.585,49.46311,11.06059,1,http://www.wikidata.org/entity/Q4287745,Nuremberg Hospital North,medical organization,,D,blue
4155,http://www.wikidata.org/entity/Q97153973,,Point(11.1488 49.4126),6.913,49.4126,11.1488,1,http://www.wikidata.org/entity/Q4287745,Nuremberg Hospital South,medical organization,,D,blue
4157,http://www.wikidata.org/entity/Q97455689,,Point(11.20656 49.35495),14.438,49.35495,11.20656,1,http://www.wikidata.org/entity/Q97146605,Kanalwärterhaus am Schwarzach-Brückkanal,Q97146605,,D,blue
4158,http://www.wikidata.org/entity/Q98140763,,Point(11.087578406 49.334148088),13.333,49.33414808836,11.087578406172,1,http://www.wikidata.org/entity/Q1329623,Bürgerzentrum Schäferstraße 2,cultural center,,D,blue
4159,http://www.wikidata.org/entity/Q98140767,,Point(11.112689739 49.339643156),12.957,49.339643156639,11.112689739895,1,http://www.wikidata.org/entity/Q5526694,Gasthaus Rother Straße 14,Gasthaus,,D,blue
4160,http://www.wikidata.org/entity/Q98140764,,Point(11.087364949 49.334467699),13.296,49.334467699094,11.087364949343,1,http://www.wikidata.org/entity/Q489357,Bauernhaus Penzendorfer Straße 1,farmhouse,,D,blue
4161,http://www.wikidata.org/entity/Q98140765,,Point(11.087153598 49.333125225),13.445,49.333125225368,11.087153598743,1,http://www.wikidata.org/entity/Q1303167,Scheune Hembacher Weg 4,barn,,D,blue
4162,http://www.wikidata.org/entity/Q98140768,,Point(11.1127923 49.33935205),12.99,49.339352050106,11.112792300086,1,http://www.wikidata.org/entity/Q58148313,Ehemaliges Hirtenhaus Rother Straße 23,Q58148313,,D,blue
4163,http://www.wikidata.org/entity/Q98140769,,Point(11.112740449 49.341062055),12.803,49.341062055675,11.112740449295,1,http://www.wikidata.org/entity/Q1519223,Gesindehaus Rother Straße 29,servants' house,,D,blue
4164,http://www.wikidata.org/entity/Q98142265,,Point(11.114595273 49.349212329),11.946,49.349212329414,11.114595273527,1,http://www.wikidata.org/entity/Q1520848,Anwesen Rangaustraße 39,splay,,D,blue
4165,http://www.wikidata.org/entity/Q98142277,,Point(11.169758688 49.363084097),12.11,49.363084097119,11.169758688081,1,http://www.wikidata.org/entity/Q40211238,Pfarrkirche St. Willibald und Kilian in Röthenbach bei Sankt Wolfgang,churchyard wall,,D,blue
4166,http://www.wikidata.org/entity/Q98142308,,Point(11.145486791 49.356026252),11.946,49.356026252842,11.145486791418,1,http://www.wikidata.org/entity/Q98141380,St. Georg churchyard fortification,churchyard fortification,,D,blue
4167,http://www.wikidata.org/entity/Q98264381,,Point(11.045414059 49.512797038),6.945,49.512797038911,11.045414059235,1,http://www.wikidata.org/entity/Q814254,Cultural heritage D-5-6432-0127 in Nürnberg,feature,,D,blue
4170,http://www.wikidata.org/entity/Q98264479,,Point(11.050899115 49.518513589),7.436,49.518513589825,11.050899115182,1,http://www.wikidata.org/entity/Q615810,Cultural heritage D-5-6432-0179 in Nürnberg,water castle,,D,blue
4176,http://www.wikidata.org/entity/Q98265576,,Point(11.104293997 49.48865158),4.331,49.488651580152,11.104293997482,1,http://www.wikidata.org/entity/Q92062,Cultural heritage D-5-6532-0288 in Nürnberg,motte-and-bailey castle,,D,blue
4180,http://www.wikidata.org/entity/Q98265657,,Point(11.103218289 49.441839651),2.302,49.441839651037,11.10321828988,1,http://www.wikidata.org/entity/Q350895,Cultural heritage D-5-6532-0470 in Nürnberg,abandoned village,,D,blue
4184,http://www.wikidata.org/entity/Q98265723,,Point(11.192954135 49.420197542),9.162,49.420197542765,11.192954135455,1,http://www.wikidata.org/entity/Q814254,Q98265723,feature,,D,blue
4187,http://www.wikidata.org/entity/Q98265721,,Point(11.189940304 49.421612607),8.899,49.421612607407,11.189940304277,1,http://www.wikidata.org/entity/Q22969563,Cultural heritage D-5-6533-0004 in Nürnberg,Bodendenkmal,,D,blue
4189,http://www.wikidata.org/entity/Q98265726,,Point(11.192201516 49.421034742),9.075,49.421034742125,11.192201516527,1,http://www.wikidata.org/entity/Q751876,Q98265726,château,,D,blue
4193,http://www.wikidata.org/entity/Q98265724,,Point(11.194203342 49.420215914),9.244,49.420215914513,11.194203342642,1,http://www.wikidata.org/entity/Q751876,Q98265724,château,,D,blue
4197,http://www.wikidata.org/entity/Q98265725,,Point(11.192194275 49.420123039),9.116,49.420123039901,11.19219427517,1,http://www.wikidata.org/entity/Q751876,Q98265725,château,,D,blue
4199,http://www.wikidata.org/entity/Q98270964,,Point(11.213775421 49.374970357),13.207,49.3749703573,11.213775421704,1,http://www.wikidata.org/entity/Q317557,Cultural heritage D-5-6633-0169 in Feucht (Mittelfranken),parish church,,D,blue
4204,http://www.wikidata.org/entity/Q98605990,,Point(10.91562705 49.47589897),11.937,49.475898970258,10.915627050898,1,http://www.wikidata.org/entity/Q181623,Hopfenlagerhalle,warehouse,,D,blue
4205,http://www.wikidata.org/entity/Q98606027,,Point(11.07097429 49.464018037),1.217,49.464018037488,11.070974290351,1,http://www.wikidata.org/entity/Q11755880,Wohnhaus,residential building,,D,blue
4206,http://www.wikidata.org/entity/Q98606030,,Point(11.079968681 49.46109746),0.826,49.461097460068,11.079968681367,1,http://www.wikidata.org/entity/Q1577547,Q98606030,revenue house,,D,blue
4208,http://www.wikidata.org/entity/Q98606028,,Point(11.071090483 49.4646461),1.279,49.46464610065,11.071090483758,1,http://www.wikidata.org/entity/Q1577547,Mietshaus,revenue house,,D,blue
4209,http://www.wikidata.org/entity/Q98606034,,Point(11.072330737 49.462584211),1.033,49.462584211281,11.072330737577,1,http://www.wikidata.org/entity/Q11755880,Wohnhaus,residential building,,D,blue
4210,http://www.wikidata.org/entity/Q98606038,,Point(11.07345332 49.462610874),1.011,49.462610874243,11.073453320882,1,http://www.wikidata.org/entity/Q11755880,Wohnhaus,residential building,,D,blue
4211,http://www.wikidata.org/entity/Q98606036,,Point(11.072522224 49.462591312),1.029,49.462591312274,11.072522224131,1,http://www.wikidata.org/entity/Q11755880,Wohnhaus,residential building,,D,blue
4212,http://www.wikidata.org/entity/Q98606037,,Point(11.072936138 49.462612141),1.022,49.462612141446,11.072936138341,1,http://www.wikidata.org/entity/Q1577547,Mietshaus,revenue house,,D,blue
4213,http://www.wikidata.org/entity/Q98606041,,Point(11.073124655 49.45983124),0.728,49.459831240122,11.073124655844,1,http://www.wikidata.org/entity/Q11755880,Wohnhaus,residential building,,D,blue
4214,http://www.wikidata.org/entity/Q98606046,,Point(11.071981045 49.462721154),1.056,49.462721154027,11.071981045253,1,http://www.wikidata.org/entity/Q1577547,Mietshaus,revenue house,,D,blue
4215,http://www.wikidata.org/entity/Q98606047,,Point(11.07197497 49.462849951),1.07,49.462849951087,11.071974970241,1,http://www.wikidata.org/entity/Q1577547,Mietshaus,revenue house,,D,blue
4216,http://www.wikidata.org/entity/Q98606045,,Point(11.072083182 49.462580765),1.039,49.462580765013,11.072083182239,1,http://www.wikidata.org/entity/Q11755880,Wohnhaus,residential building,,D,blue
4217,http://www.wikidata.org/entity/Q98606050,,Point(11.071709082 49.463550529),1.149,49.463550529619,11.071709082419,1,http://www.wikidata.org/entity/Q11755880,Wohnhaus,residential building,,D,blue
4218,http://www.wikidata.org/entity/Q98606048,,Point(11.071769869 49.463310205),1.123,49.463310205636,11.071769869604,1,http://www.wikidata.org/entity/Q1577547,Mietshaus,revenue house,,D,blue
4219,http://www.wikidata.org/entity/Q98606049,,Point(11.071743587 49.463456017),1.139,49.463456017234,11.071743587755,1,http://www.wikidata.org/entity/Q11755880,Wohnhaus,residential building,,D,blue
4220,http://www.wikidata.org/entity/Q98606052,,Point(11.071026054 49.463820361),1.195,49.463820361261,11.071026054403,1,http://www.wikidata.org/entity/Q1577547,Mietshaus,revenue house,,D,blue
4221,http://www.wikidata.org/entity/Q98606053,,Point(11.07079792 49.463879727),1.208,49.463879727845,11.070797920081,1,http://www.wikidata.org/entity/Q1577547,Mietshaus,revenue house,,D,blue
4222,http://www.wikidata.org/entity/Q98606058,,Point(11.081104013 49.459920184),0.727,49.459920184252,11.0811040139,1,http://www.wikidata.org/entity/Q1577547,Mietshaus,revenue house,,D,blue
4223,http://www.wikidata.org/entity/Q98606059,,Point(11.080012088 49.463016148),1.035,49.463016148781,11.080012088372,1,http://www.wikidata.org/entity/Q11755880,Wohnhaus,residential building,,D,blue
4224,http://www.wikidata.org/entity/Q98606056,,Point(11.070243653 49.464970667),1.335,49.464970667181,11.070243653001,1,http://www.wikidata.org/entity/Q11755880,Wohnhaus,residential building,,D,blue
4225,http://www.wikidata.org/entity/Q98606057,,Point(11.070171147 49.465100484),1.351,49.465100484994,11.07017114779,1,http://www.wikidata.org/entity/Q1577547,Mietshaus,revenue house,,D,blue
4226,http://www.wikidata.org/entity/Q98606062,,Point(11.07923775 49.463713064),1.103,49.463713064182,11.079237750438,1,http://www.wikidata.org/entity/Q11755880,Wohnhaus,residential building,,D,blue
4227,http://www.wikidata.org/entity/Q98606060,,Point(11.080894844 49.462605371),1.005,49.462605371003,11.080894844435,1,http://www.wikidata.org/entity/Q11755880,Wohnhaus,residential building,,D,blue
4228,http://www.wikidata.org/entity/Q98606061,,Point(11.079469522 49.46350755),1.083,49.463507550895,11.079469522372,1,http://www.wikidata.org/entity/Q1577547,Mietshaus,revenue house,,D,blue
4229,http://www.wikidata.org/entity/Q98606067,,Point(11.077479527 49.462455023),0.954,49.46245502318,11.077479527625,1,http://www.wikidata.org/entity/Q11755880,Wohnhaus,residential building,,D,blue
4230,http://www.wikidata.org/entity/Q98606064,,Point(11.08488383 49.463466104),1.199,49.463466104692,11.084883830325,1,http://www.wikidata.org/entity/Q1577547,Mietshaus,revenue house,,D,blue
4231,http://www.wikidata.org/entity/Q98606071,,Point(11.077505198 49.462988792),1.014,49.462988792037,11.077505198503,1,http://www.wikidata.org/entity/Q11755880,Wohnhaus,residential building,,D,blue
4232,http://www.wikidata.org/entity/Q98606075,,Point(11.078822327 49.463950745),1.126,49.463950745694,11.078822327687,1,http://www.wikidata.org/entity/Q1577547,Mietshaus,revenue house,,D,blue
4233,http://www.wikidata.org/entity/Q98606072,,Point(11.077514379 49.46313114),1.03,49.463131140491,11.077514379205,1,http://www.wikidata.org/entity/Q11755880,Wohnhaus,residential building,,D,blue
4234,http://www.wikidata.org/entity/Q98606078,,Point(11.073028516 49.463927264),1.16,49.463927264897,11.073028516665,1,http://www.wikidata.org/entity/Q11755880,Wohnhaus,residential building,,D,blue
4235,http://www.wikidata.org/entity/Q98606082,,Point(11.078192209 49.461431183),0.843,49.461431183262,11.078192209046,1,http://www.wikidata.org/entity/Q11755880,Wohnhaus,residential building,,D,blue
4236,http://www.wikidata.org/entity/Q98606083,,Point(11.078196417 49.461590851),0.861,49.461590851686,11.078196417762,1,http://www.wikidata.org/entity/Q1577547,Mietshaus,revenue house,,D,blue
4237,http://www.wikidata.org/entity/Q98606081,,Point(11.078173814 49.461326779),0.831,49.461326779713,11.078173814358,1,http://www.wikidata.org/entity/Q1577547,Mietshaus,revenue house,,D,blue
4238,http://www.wikidata.org/entity/Q98606084,,Point(11.078194971 49.461695947),0.872,49.461695947928,11.078194971752,1,http://www.wikidata.org/entity/Q11755880,Wohnhaus,residential building,,D,blue
4239,http://www.wikidata.org/entity/Q98606088,,Point(11.070711408 49.464602422),1.285,49.464602422665,11.0707114084,1,http://www.wikidata.org/entity/Q11755880,Wohnhaus,residential building,,D,blue
4240,http://www.wikidata.org/entity/Q98606089,,Point(11.070564031 49.464853729),1.314,49.464853729397,11.070564031599,1,http://www.wikidata.org/entity/Q11755880,Wohnhaus,residential building,,D,blue
4241,http://www.wikidata.org/entity/Q98606094,,Point(11.077452879 49.462123424),0.918,49.462123424143,11.077452879813,1,http://www.wikidata.org/entity/Q11755880,Wohnhaus,residential building,,D,blue
4242,http://www.wikidata.org/entity/Q98606093,,Point(11.076355632 49.462577188),0.97,49.462577188685,11.076355632164,1,http://www.wikidata.org/entity/Q1577547,Mietshaus,revenue house,,D,blue
4243,http://www.wikidata.org/entity/Q98606098,,Point(11.078080737 49.462094387),0.916,49.462094387183,11.078080737529,1,http://www.wikidata.org/entity/Q1577547,Mietshaus,revenue house,,D,blue
4244,http://www.wikidata.org/entity/Q98606099,,Point(11.077678335 49.46241606),0.95,49.462416060069,11.077678335926,1,http://www.wikidata.org/entity/Q11755880,Wohnhaus,residential building,,D,blue
4245,http://www.wikidata.org/entity/Q98606096,,Point(11.077668179 49.462114755),0.917,49.462114755126,11.077668179164,1,http://www.wikidata.org/entity/Q11755880,Wohnhaus,residential building,,D,blue
4246,http://www.wikidata.org/entity/Q98606097,,Point(11.077851582 49.462093452),0.915,49.46209345222,11.077851582412,1,http://www.wikidata.org/entity/Q11755880,Wohnhaus,residential building,,D,blue
4247,http://www.wikidata.org/entity/Q98606103,,Point(11.079048633 49.462070709),0.92,49.462070709964,11.079048633254,1,http://www.wikidata.org/entity/Q11755880,Wohnhaus,residential building,,D,blue
4248,http://www.wikidata.org/entity/Q98606109,,Point(11.080545454 49.462406883),0.978,49.462406883316,11.080545454788,1,http://www.wikidata.org/entity/Q1577547,Mietshaus,revenue house,,D,blue
4249,http://www.wikidata.org/entity/Q98606114,,Point(11.076023227 49.460602355),0.754,49.46060235594,11.076023227897,1,http://www.wikidata.org/entity/Q11755880,Wohnhaus,residential building,,D,blue
4250,http://www.wikidata.org/entity/Q98606115,,Point(11.075904006 49.460741285),0.77,49.460741285385,11.075904006516,1,http://www.wikidata.org/entity/Q11755880,Wohnhaus,residential building,,D,blue
4251,http://www.wikidata.org/entity/Q98606112,,Point(11.076368726 49.460105093),0.696,49.46010509378,11.07636872647,1,http://www.wikidata.org/entity/Q3950,Villa,villa,,D,blue
4252,http://www.wikidata.org/entity/Q98606119,,Point(11.074855615 49.460698445),0.779,49.460698445861,11.074855615428,1,http://www.wikidata.org/entity/Q3950,Villa,villa,,D,blue
4253,http://www.wikidata.org/entity/Q98606122,,Point(11.075725863 49.460792011),0.778,49.4607920117,11.075725863957,1,http://www.wikidata.org/entity/Q11755880,Wohnhaus,residential building,,D,blue
4254,http://www.wikidata.org/entity/Q98606127,,Point(11.078251286 49.460734182),0.766,49.460734182721,11.078251286371,1,http://www.wikidata.org/entity/Q3950,Villa,villa,,D,blue
4255,http://www.wikidata.org/entity/Q98606124,,Point(11.077375222 49.460678639),0.757,49.460678639057,11.077375222461,1,http://www.wikidata.org/entity/Q3950,Villa,villa,,D,blue
4256,http://www.wikidata.org/entity/Q98606125,,Point(11.077746633 49.460708959),0.761,49.460708959026,11.077746633984,1,http://www.wikidata.org/entity/Q3950,Villa,villa,,D,blue
4257,http://www.wikidata.org/entity/Q98606130,,Point(11.079880705 49.460788831),0.791,49.460788831467,11.079880705741,1,http://www.wikidata.org/entity/Q18760306,Wohn- und Geschäftshaus,residential and commercial building,,D,blue
4258,http://www.wikidata.org/entity/Q98606131,,Point(11.085699003 49.460870226),0.987,49.460870226302,11.085699003063,1,http://www.wikidata.org/entity/Q1577547,Mietshaus,revenue house,,D,blue
4259,http://www.wikidata.org/entity/Q98606132,,Point(11.072911847 49.462929829),1.056,49.462929829764,11.072911847351,1,http://www.wikidata.org/entity/Q11755880,Wohnhaus,residential building,,D,blue
4260,http://www.wikidata.org/entity/Q98606138,,Point(11.081911164 49.459616),0.72,49.459616000226,11.081911164998,1,http://www.wikidata.org/entity/Q11755880,Wohnhaus,residential building,,D,blue
4261,http://www.wikidata.org/entity/Q98606137,,Point(11.072655497 49.463844254),1.158,49.46384425406,11.072655497712,1,http://www.wikidata.org/entity/Q11755880,Wohnhaus,residential building,,D,blue
4262,http://www.wikidata.org/entity/Q98606146,,Point(11.07775094 49.463135855),1.031,49.463135855333,11.077750940759,1,http://www.wikidata.org/entity/Q1577547,Mietshaus,revenue house,,D,blue
4263,http://www.wikidata.org/entity/Q98606147,,Point(11.077941441 49.463133393),1.031,49.463133393,11.07794144143,1,http://www.wikidata.org/entity/Q1577547,Mietshaus,revenue house,,D,blue
4264,http://www.wikidata.org/entity/Q98606145,,Point(11.076505486 49.463441898),1.066,49.463441898177,11.076505486235,1,http://www.wikidata.org/entity/Q1577547,Mietshaus,revenue house,,D,blue
4265,http://www.wikidata.org/entity/Q98606150,,Point(11.075761511 49.463568753),1.084,49.463568753787,11.075761511853,1,http://www.wikidata.org/entity/Q11755880,Wohnhaus,residential building,,D,blue
4266,http://www.wikidata.org/entity/Q98606149,,Point(11.081602141 49.46347083),1.112,49.463470830555,11.081602141418,1,http://www.wikidata.org/entity/Q1577547,Mietshaus,revenue house,,D,blue
4267,http://www.wikidata.org/entity/Q98606155,,Point(11.075892806 49.45866685),0.543,49.458666850076,11.075892806608,1,http://www.wikidata.org/entity/Q41176,Torwache,building,,D,blue
4268,http://www.wikidata.org/entity/Q98606152,,Point(11.075767734 49.46369548),1.098,49.463695480657,11.07576773416,1,http://www.wikidata.org/entity/Q1577547,Mietshaus,revenue house,,D,blue
4269,http://www.wikidata.org/entity/Q98606158,,Point(11.079304087 49.461083525),0.815,49.461083525639,11.079304087893,1,http://www.wikidata.org/entity/Q1577547,Mietshaus,revenue house,,D,blue
4270,http://www.wikidata.org/entity/Q98606160,,Point(11.076010529 49.425949049),3.106,49.425949049603,11.076010529515,1,http://www.wikidata.org/entity/Q4989906,Denkmal,monument,,D,blue
4271,http://www.wikidata.org/entity/Q98606161,,Point(11.088998701 49.426242839),3.186,49.426242839303,11.088998701061,1,http://www.wikidata.org/entity/Q3395121,Marter,wayside shrine,,D,blue
4272,http://www.wikidata.org/entity/Q98606167,,Point(11.101947705 49.440854393),2.296,49.440854393254,11.101947705485,1,http://www.wikidata.org/entity/Q1577547,Mietshaus,revenue house,,D,blue
4273,http://www.wikidata.org/entity/Q98606165,,Point(11.114025943 49.437115634),3.244,49.437115634887,11.114025943706,1,http://www.wikidata.org/entity/Q3950,Fabrikantenvilla,villa,,D,blue
4274,http://www.wikidata.org/entity/Q98606171,,Point(11.064293013 49.446918087),1.217,49.446918087381,11.06429301361,1,http://www.wikidata.org/entity/Q1577547,Mietshaus,revenue house,,D,blue
4275,http://www.wikidata.org/entity/Q98606169,,Point(11.054544844 49.450332339),1.691,49.450332339482,11.054544844396,1,http://www.wikidata.org/entity/Q1577547,Mietshaus,revenue house,,D,blue
4276,http://www.wikidata.org/entity/Q98606173,,Point(11.062328838 49.445004052),1.464,49.445004052942,11.062328838481,1,http://www.wikidata.org/entity/Q1577547,Mietshaus,revenue house,,D,blue
4277,http://www.wikidata.org/entity/Q98606176,,Point(11.051374687 49.449303278),1.941,49.449303278061,11.051374687182,1,http://www.wikidata.org/entity/Q5526694,Gasthaus,Gasthaus,,D,blue
4278,http://www.wikidata.org/entity/Q98606180,,Point(11.05245986 49.450152805),1.842,49.450152805239,11.052459860433,1,http://www.wikidata.org/entity/Q1577547,Mietshaus,revenue house,,D,blue
4279,http://www.wikidata.org/entity/Q98606186,,Point(11.060474279 49.445304417),1.545,49.445304417834,11.060474279481,1,http://www.wikidata.org/entity/Q11755880,Wohnhaus,residential building,,D,blue
4280,http://www.wikidata.org/entity/Q98606185,,Point(11.060946472 49.445329711),1.516,49.445329711438,11.060946472892,1,http://www.wikidata.org/entity/Q1577547,Mietshaus,revenue house,,D,blue
4281,http://www.wikidata.org/entity/Q98606190,,Point(11.050280564 49.450173149),1.996,49.450173149699,11.050280564525,1,http://www.wikidata.org/entity/Q1577547,Mietshaus,revenue house,,D,blue
4282,http://www.wikidata.org/entity/Q98606191,,Point(11.049789713 49.450596348),2.021,49.450596348751,11.049789713015,1,http://www.wikidata.org/entity/Q1577547,Mietshaus,revenue house,,D,blue
4283,http://www.wikidata.org/entity/Q98606188,,Point(11.060042003 49.444440419),1.63,49.444440419236,11.060042003774,1,http://www.wikidata.org/entity/Q1577547,Mietshaus,revenue house,,D,blue
4284,http://www.wikidata.org/entity/Q98606189,,Point(11.052354548 49.449778952),1.86,49.449778952313,11.052354548898,1,http://www.wikidata.org/entity/Q1577547,Mietshaus,revenue house,,D,blue
4285,http://www.wikidata.org/entity/Q98606194,,Point(11.057283651 49.449992194),1.51,49.449992194991,11.057283651248,1,http://www.wikidata.org/entity/Q1577547,Mietshaus,revenue house,,D,blue
4286,http://www.wikidata.org/entity/Q98606195,,Point(11.057135021 49.449984363),1.52,49.449984363045,11.057135021987,1,http://www.wikidata.org/entity/Q1577547,Mietshaus,revenue house,,D,blue
4287,http://www.wikidata.org/entity/Q98606193,,Point(11.047040405 49.451233505),2.207,49.451233505333,11.047040405785,1,http://www.wikidata.org/entity/Q1577547,Mietshaus,revenue house,,D,blue
4288,http://www.wikidata.org/entity/Q98606199,,Point(11.061750027 49.449385293),1.23,49.449385293001,11.061750027657,1,http://www.wikidata.org/entity/Q1577547,Mietshaus,revenue house,,D,blue
4289,http://www.wikidata.org/entity/Q98606196,,Point(11.056232492 49.449744643),1.59,49.449744643479,11.056232492801,1,http://www.wikidata.org/entity/Q1577547,Mietshaus,revenue house,,D,blue
4290,http://www.wikidata.org/entity/Q98606197,,Point(11.055861787 49.449736522),1.616,49.449736522052,11.055861787562,1,http://www.wikidata.org/entity/Q11755880,Wohnhaus,residential building,,D,blue
4291,http://www.wikidata.org/entity/Q98606202,,Point(11.059622106 49.449382686),1.372,49.449382686183,11.059622106018,1,http://www.wikidata.org/entity/Q5526694,Gasthaus,Gasthaus,,D,blue
4292,http://www.wikidata.org/entity/Q98606203,,Point(11.055653923 49.451246317),1.591,49.451246317936,11.055653923682,1,http://www.wikidata.org/entity/Q1577547,Mietshaus,revenue house,,D,blue
4293,http://www.wikidata.org/entity/Q98606201,,Point(11.060744505 49.449498918),1.292,49.449498918912,11.060744505406,1,http://www.wikidata.org/entity/Q1577547,Mietshaus,revenue house,,D,blue
4294,http://www.wikidata.org/entity/Q98606207,,Point(11.055039503 49.450900149),1.642,49.450900149745,11.055039503396,1,http://www.wikidata.org/entity/Q1577547,Mietshaus,revenue house,,D,blue
4295,http://www.wikidata.org/entity/Q98606204,,Point(11.055302722 49.451341682),1.615,49.451341682948,11.055302722407,1,http://www.wikidata.org/entity/Q1577547,Mietshaus,revenue house,,D,blue
4296,http://www.wikidata.org/entity/Q98606205,,Point(11.055091539 49.451397861),1.629,49.451397861555,11.055091539449,1,http://www.wikidata.org/entity/Q1577547,Mietshaus,revenue house,,D,blue
4297,http://www.wikidata.org/entity/Q98606210,,Point(11.051504926 49.452572056),1.87,49.452572056557,11.051504926048,1,http://www.wikidata.org/entity/Q1577547,Mietshaus,revenue house,,D,blue
4298,http://www.wikidata.org/entity/Q98606211,,Point(11.051143459 49.452706858),1.895,49.452706858545,11.05114345973,1,http://www.wikidata.org/entity/Q1577547,Mietshaus,revenue house,,D,blue
4299,http://www.wikidata.org/entity/Q98606209,,Point(11.05406922 49.451103366),1.707,49.451103366246,11.054069220407,1,http://www.wikidata.org/entity/Q1244442,Schulgebäude,school building,,D,blue
4300,http://www.wikidata.org/entity/Q98606214,,Point(11.051633424 49.451934275),1.868,49.45193427529,11.051633424057,1,http://www.wikidata.org/entity/Q1577547,Mietshaus,revenue house,,D,blue
4301,http://www.wikidata.org/entity/Q98606212,,Point(11.05200036 49.451840975),1.842,49.451840975032,11.052000360299,1,http://www.wikidata.org/entity/Q1577547,Mietshaus,revenue house,,D,blue
4302,http://www.wikidata.org/entity/Q98606213,,Point(11.051819788 49.451901783),1.855,49.451901783366,11.051819788724,1,http://www.wikidata.org/entity/Q1577547,Mietshaus,revenue house,,D,blue
4303,http://www.wikidata.org/entity/Q98606219,,Point(11.050215498 49.45297893),1.96,49.452978930639,11.050215498186,1,http://www.wikidata.org/entity/Q1577547,Mietshaus,revenue house,,D,blue
4304,http://www.wikidata.org/entity/Q98606216,,Point(11.051198128 49.452071127),1.897,49.452071127506,11.051198128316,1,http://www.wikidata.org/entity/Q1577547,Mietshaus,revenue house,,D,blue
4305,http://www.wikidata.org/entity/Q98606217,,Point(11.051036318 49.452176236),1.908,49.452176236221,11.051036318947,1,http://www.wikidata.org/entity/Q1577547,Mietshaus,revenue house,,D,blue
4306,http://www.wikidata.org/entity/Q98606222,,Point(11.050233989 49.452411479),1.963,49.452411479183,11.050233989755,1,http://www.wikidata.org/entity/Q1577547,Mietshaus,revenue house,,D,blue
4307,http://www.wikidata.org/entity/Q98606223,,Point(11.049989634 49.452493033),1.98,49.452493033288,11.049989634414,1,http://www.wikidata.org/entity/Q1577547,Mietshaus,revenue house,,D,blue
4308,http://www.wikidata.org/entity/Q98606221,,Point(11.050415143 49.452353137),1.95,49.452353137028,11.050415143504,1,http://www.wikidata.org/entity/Q1577547,Mietshaus,revenue house,,D,blue
4309,http://www.wikidata.org/entity/Q98606226,,Point(11.049801528 49.452536975),1.993,49.452536975786,11.049801528971,1,http://www.wikidata.org/entity/Q1577547,Mietshaus,revenue house,,D,blue
4310,http://www.wikidata.org/entity/Q98606224,,Point(11.04940475 49.453238406),2.017,49.453238406689,11.049404750109,1,http://www.wikidata.org/entity/Q1577547,Mietshaus,revenue house,,D,blue
4311,http://www.wikidata.org/entity/Q98606234,,Point(11.0519405 49.451729787),1.848,49.451729787339,11.051940500241,1,http://www.wikidata.org/entity/Q1577547,Mietshaus,revenue house,,D,blue
4312,http://www.wikidata.org/entity/Q98606233,,Point(11.048553354 49.452945163),2.08,49.452945163799,11.048553354288,1,http://www.wikidata.org/entity/Q655686,Geschäftshaus,commercial building,,D,blue
4313,http://www.wikidata.org/entity/Q98606246,,Point(11.051350196 49.45096073),1.903,49.450960730291,11.051350196765,1,http://www.wikidata.org/entity/Q1577547,Mietshaus,revenue house,,D,blue
4314,http://www.wikidata.org/entity/Q98606247,,Point(11.051252989 49.450860367),1.912,49.450860367095,11.051252989903,1,http://www.wikidata.org/entity/Q1577547,Mietshaus,revenue house,,D,blue
4315,http://www.wikidata.org/entity/Q98606258,,Point(11.061615391 49.446000612),1.432,49.446000612722,11.061615391633,1,http://www.wikidata.org/entity/Q1577547,Mietshaus,revenue house,,D,blue
4316,http://www.wikidata.org/entity/Q98606259,,Point(11.061443163 49.44595581),1.445,49.44595581034,11.061443163448,1,http://www.wikidata.org/entity/Q1577547,Mietshaus,revenue house,,D,blue
4317,http://www.wikidata.org/entity/Q98606263,,Point(11.060991006 49.445476635),1.504,49.445476635796,11.060991006507,1,http://www.wikidata.org/entity/Q1577547,Mietshaus,revenue house,,D,blue
4318,http://www.wikidata.org/entity/Q98606261,,Point(11.061544283 49.445707945),1.456,49.445707945567,11.061544283637,1,http://www.wikidata.org/entity/Q1577547,Mietshaus,revenue house,,D,blue
4319,http://www.wikidata.org/entity/Q98606266,,Point(11.057692485 49.445516857),1.695,49.44551685761,11.057692485749,1,http://www.wikidata.org/entity/Q1021645,Bürogebäude,office building,,D,blue
4320,http://www.wikidata.org/entity/Q98606274,,Point(11.060787968 49.446470212),1.45,49.446470212305,11.060787968365,1,http://www.wikidata.org/entity/Q1577547,Mietshaus,revenue house,,D,blue
4321,http://www.wikidata.org/entity/Q98606278,,Point(11.054744721 49.450761992),1.666,49.450761992927,11.054744721905,1,http://www.wikidata.org/entity/Q1577547,Mietshaus,revenue house,,D,blue
4322,http://www.wikidata.org/entity/Q98606277,,Point(11.059830589 49.446549926),1.502,49.44654992656,11.059830589465,1,http://www.wikidata.org/entity/Q1577547,Mietshaus,revenue house,,D,blue
4323,http://www.wikidata.org/entity/Q98606282,,Point(11.054266439 49.449714936),1.728,49.449714936302,11.054266439818,1,http://www.wikidata.org/entity/Q1577547,Mietshaus,revenue house,,D,blue
4324,http://www.wikidata.org/entity/Q98606280,,Point(11.054593156 49.450434833),1.685,49.450434833061,11.054593156107,1,http://www.wikidata.org/entity/Q1577547,Mietshaus,revenue house,,D,blue
4325,http://www.wikidata.org/entity/Q98606287,,Point(11.053883011 49.449312088),1.767,49.449312088187,11.053883011953,1,http://www.wikidata.org/entity/Q1577547,Mietshaus,revenue house,,D,blue
4326,http://www.wikidata.org/entity/Q98606284,,Point(11.053956475 49.449735888),1.749,49.449735888794,11.053956475683,1,http://www.wikidata.org/entity/Q1577547,Mietshaus,revenue house,,D,blue
4327,http://www.wikidata.org/entity/Q98606288,,Point(11.05410321 49.448810331),1.769,49.448810331382,11.054103210901,1,http://www.wikidata.org/entity/Q1577547,Mietshaus,revenue house,,D,blue
4328,http://www.wikidata.org/entity/Q98606289,,Point(11.054071381 49.448551578),1.78,49.448551578774,11.054071381501,1,http://www.wikidata.org/entity/Q1577547,Mietshaus,revenue house,,D,blue
4329,http://www.wikidata.org/entity/Q98606294,,Point(11.056954955 49.445765848),1.725,49.445765848566,11.056954955213,1,http://www.wikidata.org/entity/Q1577547,Mietshaus,revenue house,,D,blue
4330,http://www.wikidata.org/entity/Q98606299,,Point(11.056762812 49.445799071),1.735,49.445799071045,11.056762812745,1,http://www.wikidata.org/entity/Q1577547,Mietshaus,revenue house,,D,blue
4331,http://www.wikidata.org/entity/Q98606301,,Point(11.057486445 49.445986974),1.679,49.44598697497,11.057486445074,1,http://www.wikidata.org/entity/Q1577547,Mietshaus,revenue house,,D,blue
4332,http://www.wikidata.org/entity/Q98606307,,Point(11.04170624 49.454860151),2.575,49.454860151204,11.041706240342,1,http://www.wikidata.org/entity/Q1577547,Mietshaus,revenue house,,D,blue
4333,http://www.wikidata.org/entity/Q98606311,,Point(11.04948388 49.452446709),2.017,49.452446709706,11.049483880436,1,http://www.wikidata.org/entity/Q1577547,Mietshaus,revenue house,,D,blue
4334,http://www.wikidata.org/entity/Q98606308,,Point(11.045551997 49.451714584),2.307,49.45171458463,11.045551997533,1,http://www.wikidata.org/entity/Q1577547,Mietshaus,revenue house,,D,blue
4335,http://www.wikidata.org/entity/Q98606315,,Point(11.0477999 49.450820821),2.159,49.450820821476,11.047799900517,1,http://www.wikidata.org/entity/Q1577547,Mietshaus,revenue house,,D,blue
4336,http://www.wikidata.org/entity/Q98606328,,Point(11.058801971 49.446941282),1.543,49.446941282777,11.058801971892,1,http://www.wikidata.org/entity/Q1577547,Mietshaus,revenue house,,D,blue
4337,http://www.wikidata.org/entity/Q98606334,,Point(11.056412207 49.446226604),1.733,49.446226604061,11.056412207886,1,http://www.wikidata.org/entity/Q1577547,Mietshaus,revenue house,,D,blue
4338,http://www.wikidata.org/entity/Q98606335,,Point(11.05615177 49.446018407),1.76,49.446018407133,11.056151770717,1,http://www.wikidata.org/entity/Q1577547,Mietshaus,revenue house,,D,blue
4339,http://www.wikidata.org/entity/Q98606343,,Point(11.056610078 49.45169174),1.515,49.4516917407,11.056610078185,1,http://www.wikidata.org/entity/Q1577547,Mietshaus,revenue house,,D,blue
4340,http://www.wikidata.org/entity/Q98606341,,Point(11.05653181 49.445819499),1.748,49.445819499897,11.056531810872,1,http://www.wikidata.org/entity/Q1577547,Mietshaus,revenue house,,D,blue
4341,http://www.wikidata.org/entity/Q98606344,,Point(11.05651943 49.451580635),1.523,49.451580635109,11.056519430196,1,http://www.wikidata.org/entity/Q1577547,Mietshaus,revenue house,,D,blue
4342,http://www.wikidata.org/entity/Q98606351,,Point(11.068377745 49.446984824),1.001,49.446984824232,11.068377745648,1,http://www.wikidata.org/entity/Q18760306,Wohn- und Geschäftshaus,residential and commercial building,,D,blue
4343,http://www.wikidata.org/entity/Q98606348,,Point(11.056373547 49.451388511),1.537,49.451388511447,11.056373547717,1,http://www.wikidata.org/entity/Q1577547,Mietshaus,revenue house,,D,blue
4344,http://www.wikidata.org/entity/Q98606349,,Point(11.056274684 49.451260755),1.547,49.451260755832,11.056274684426,1,http://www.wikidata.org/entity/Q1577547,Mietshaus,revenue house,,D,blue
4345,http://www.wikidata.org/entity/Q98606355,,Point(11.059501113 49.44614277),1.547,49.446142770542,11.059501113809,1,http://www.wikidata.org/entity/Q1577547,Mietshaus,revenue house,,D,blue
4346,http://www.wikidata.org/entity/Q98606353,,Point(11.059534066 49.44633009),1.534,49.446330090533,11.059534066784,1,http://www.wikidata.org/entity/Q1577547,Mietshaus,revenue house,,D,blue
4347,http://www.wikidata.org/entity/Q98606362,,Point(11.049745953 49.453401562),1.992,49.453401562759,11.049745953767,1,http://www.wikidata.org/entity/Q1577547,Mietshaus,revenue house,,D,blue
4348,http://www.wikidata.org/entity/Q98606363,,Point(11.049821439 49.453498709),1.986,49.453498709142,11.049821439851,1,http://www.wikidata.org/entity/Q1577547,Mietshaus,revenue house,,D,blue
4349,http://www.wikidata.org/entity/Q98606366,,Point(11.050117079 49.453259096),1.966,49.45325909692,11.050117079338,1,http://www.wikidata.org/entity/Q1577547,Mietshaus,revenue house,,D,blue
4350,http://www.wikidata.org/entity/Q98606370,,Point(11.055699146 49.446534171),1.762,49.446534171157,11.055699146376,1,http://www.wikidata.org/entity/Q1577547,Mietshaus,revenue house,,D,blue
4351,http://www.wikidata.org/entity/Q98606368,,Point(11.055981161 49.446121978),1.765,49.446121978507,11.055981161496,1,http://www.wikidata.org/entity/Q1577547,Mietshaus,revenue house,,D,blue
4352,http://www.wikidata.org/entity/Q98606374,,Point(11.051715863 49.452501589),1.855,49.452501589091,11.051715863094,1,http://www.wikidata.org/entity/Q1577547,Mietshaus,revenue house,,D,blue
4353,http://www.wikidata.org/entity/Q98606375,,Point(11.054690339 49.447585217),1.777,49.447585217774,11.054690339594,1,http://www.wikidata.org/entity/Q11755880,Wohnhaus,residential building,,D,blue
4354,http://www.wikidata.org/entity/Q98606377,,Point(11.054151564 49.448921181),1.761,49.448921181826,11.054151564659,1,http://www.wikidata.org/entity/Q1577547,Mietshaus,revenue house,,D,blue
4355,http://www.wikidata.org/entity/Q98606384,,Point(11.053048339 49.44899466),1.835,49.448994660991,11.053048339502,1,http://www.wikidata.org/entity/Q1577547,Mietshaus,revenue house,,D,blue
4356,http://www.wikidata.org/entity/Q98606385,,Point(11.052599983 49.449010384),1.865,49.449010384076,11.052599983746,1,http://www.wikidata.org/entity/Q1577547,Mietshaus,revenue house,,D,blue
4357,http://www.wikidata.org/entity/Q98606390,,Point(11.062701656 49.446018695),1.37,49.446018695912,11.06270165645,1,http://www.wikidata.org/entity/Q1577547,Mietshaus,revenue house,,D,blue
4358,http://www.wikidata.org/entity/Q98606392,,Point(11.062533765 49.445999195),1.38,49.445999195383,11.062533765941,1,http://www.wikidata.org/entity/Q1577547,Mietshaus,revenue house,,D,blue
4359,http://www.wikidata.org/entity/Q98606393,,Point(11.053409333 49.451362245),1.749,49.451362245382,11.05340933369,1,http://www.wikidata.org/entity/Q813966,Bedürfnisanstalt,public toilet,,D,blue
4360,http://www.wikidata.org/entity/Q98606400,,Point(11.087465686 49.475992031),2.567,49.475992031059,11.087465686242,1,http://www.wikidata.org/entity/Q192375,Hangar,hangar,,D,blue
4361,http://www.wikidata.org/entity/Q98606407,,Point(11.059390386 49.45432739),1.295,49.454327390327,11.059390386987,1,http://www.wikidata.org/entity/Q1577547,Mietshaus,revenue house,,D,blue
4362,http://www.wikidata.org/entity/Q98606415,,Point(11.059408747 49.453877242),1.293,49.45387724226,11.059408747694,1,http://www.wikidata.org/entity/Q1577547,Mietshaus,revenue house,,D,blue
4363,http://www.wikidata.org/entity/Q98606412,,Point(11.059583323 49.453837298),1.28,49.453837298531,11.059583323799,1,http://www.wikidata.org/entity/Q1577547,Mietshaus,revenue house,,D,blue
4364,http://www.wikidata.org/entity/Q98606417,,Point(11.045933791 49.45744332),2.301,49.457443320231,11.045933791535,1,http://www.wikidata.org/entity/Q40357,Gefängnis,prison,,D,blue
4365,http://www.wikidata.org/entity/Q98606421,,Point(11.061695256 49.450379661),1.193,49.450379661085,11.061695256406,1,http://www.wikidata.org/entity/Q11289374,Eckerker,oriel window,,D,blue
4366,http://www.wikidata.org/entity/Q98606427,,Point(11.049697719 49.454976091),1.999,49.454976091899,11.049697719823,1,http://www.wikidata.org/entity/Q40357,Untersuchungshaftanstalt,prison,,D,blue
4367,http://www.wikidata.org/entity/Q98606431,,Point(11.063347267 49.451815361),1.034,49.451815361929,11.063347267252,1,http://www.wikidata.org/entity/Q1577547,Mietshaus,revenue house,,D,blue
4368,http://www.wikidata.org/entity/Q98606429,,Point(11.06352761 49.451888366),1.019,49.451888366648,11.063527610528,1,http://www.wikidata.org/entity/Q1577547,Mietshaus,revenue house,,D,blue
4369,http://www.wikidata.org/entity/Q98606434,,Point(11.059926755 49.453798091),1.256,49.453798091114,11.059926755163,1,http://www.wikidata.org/entity/Q1577547,Mietshaus,revenue house,,D,blue
4370,http://www.wikidata.org/entity/Q98606442,,Point(11.063362549 49.449589993),1.114,49.449589993048,11.063362549505,1,http://www.wikidata.org/entity/Q1577547,Mietshaus,revenue house,,D,blue
4371,http://www.wikidata.org/entity/Q98606443,,Point(11.063096721 49.449607563),1.131,49.44960756307,11.063096721291,1,http://www.wikidata.org/entity/Q1577547,Mietshaus,revenue house,,D,blue
4372,http://www.wikidata.org/entity/Q98606440,,Point(11.058213325 49.450535385),1.429,49.450535385843,11.058213325895,1,http://www.wikidata.org/entity/Q1577547,Mietshaus,revenue house,,D,blue
4373,http://www.wikidata.org/entity/Q98606441,,Point(11.063555384 49.449571009),1.102,49.449571009401,11.063555384448,1,http://www.wikidata.org/entity/Q1577547,Mietshaus,revenue house,,D,blue
4374,http://www.wikidata.org/entity/Q98606447,,Point(11.060175805 49.449856506),1.316,49.449856506607,11.060175805726,1,http://www.wikidata.org/entity/Q1577547,Mietshaus,revenue house,,D,blue
4375,http://www.wikidata.org/entity/Q98606444,,Point(11.062578512 49.44968528),1.161,49.449685280371,11.062578512665,1,http://www.wikidata.org/entity/Q1577547,Mietshaus,revenue house,,D,blue
4376,http://www.wikidata.org/entity/Q98606445,,Point(11.062345514 49.449662582),1.178,49.449662582283,11.062345514406,1,http://www.wikidata.org/entity/Q1577547,Mietshaus,revenue house,,D,blue
4377,http://www.wikidata.org/entity/Q98606448,,Point(11.058539397 49.450264136),1.414,49.450264136774,11.058539397464,1,http://www.wikidata.org/entity/Q1577547,Mietshaus,revenue house,,D,blue
4378,http://www.wikidata.org/entity/Q98606449,,Point(11.058179149 49.45038723),1.435,49.450387230271,11.058179149766,1,http://www.wikidata.org/entity/Q1577547,Mietshaus,revenue house,,D,blue
4379,http://www.wikidata.org/entity/Q98606454,,Point(11.06318139 49.452694052),1.029,49.452694052484,11.063181390876,1,http://www.wikidata.org/entity/Q1577547,Mietshaus,revenue house,,D,blue
4380,http://www.wikidata.org/entity/Q98606455,,Point(11.062273201 49.453050047),1.09,49.453050047362,11.062273201446,1,http://www.wikidata.org/entity/Q1577547,Mietshaus,revenue house,,D,blue
4381,http://www.wikidata.org/entity/Q98606452,,Point(11.061756913 49.451583176),1.152,49.451583176131,11.061756913216,1,http://www.wikidata.org/entity/Q1577547,Mietshaus,revenue house,,D,blue
4382,http://www.wikidata.org/entity/Q98606458,,Point(11.061848926 49.453411546),1.118,49.453411546636,11.061848926564,1,http://www.wikidata.org/entity/Q1577547,Mietshaus,revenue house,,D,blue
4383,http://www.wikidata.org/entity/Q98606463,,Point(11.05975526 49.453803218),1.268,49.453803218288,11.059755260851,1,http://www.wikidata.org/entity/Q1577547,Mietshaus,revenue house,,D,blue
4384,http://www.wikidata.org/entity/Q98606461,,Point(11.060603307 49.45365415),1.207,49.453654150672,11.060603307445,1,http://www.wikidata.org/entity/Q1577547,Mietshaus,revenue house,,D,blue
4385,http://www.wikidata.org/entity/Q98606471,,Point(11.061685152 49.453993116),1.129,49.453993116792,11.061685152103,1,http://www.wikidata.org/entity/Q1577547,Mietshaus,revenue house,,D,blue
4386,http://www.wikidata.org/entity/Q98606468,,Point(11.068690981 49.4531054),0.628,49.453105400916,11.068690981131,1,http://www.wikidata.org/entity/Q1577547,Mietshaus,revenue house,,D,blue
4387,http://www.wikidata.org/entity/Q98606474,,Point(11.061180311 49.453896962),1.165,49.453896962295,11.061180311915,1,http://www.wikidata.org/entity/Q1577547,Mietshaus,revenue house,,D,blue
4388,http://www.wikidata.org/entity/Q98606475,,Point(11.065416236 49.451714645),0.892,49.45171464537,11.065416236612,1,http://www.wikidata.org/entity/Q11755880,Wohnhaus,residential building,,D,blue
4389,http://www.wikidata.org/entity/Q98606472,,Point(11.061247323 49.45404302),1.16,49.454043020148,11.061247323832,1,http://www.wikidata.org/entity/Q1577547,Mietshaus,revenue house,,D,blue
4390,http://www.wikidata.org/entity/Q98606476,,Point(11.065236841 49.451820852),0.901,49.451820852487,11.065236841172,1,http://www.wikidata.org/entity/Q11755880,Wohnhaus,residential building,,D,blue
4391,http://www.wikidata.org/entity/Q98606483,,Point(11.062657136 49.449881253),1.148,49.449881253599,11.062657136467,1,http://www.wikidata.org/entity/Q1577547,Mietshaus,revenue house,,D,blue
4392,http://www.wikidata.org/entity/Q98606486,,Point(11.062507323 49.453854135),1.069,49.453854135473,11.062507323657,1,http://www.wikidata.org/entity/Q1577547,Mietshaus,revenue house,,D,blue
4393,http://www.wikidata.org/entity/Q98606484,,Point(11.062716377 49.45003936),1.137,49.450039360603,11.062716377646,1,http://www.wikidata.org/entity/Q1577547,Mietshaus,revenue house,,D,blue
4394,http://www.wikidata.org/entity/Q98606485,,Point(11.062503559 49.454084171),1.07,49.454084171428,11.062503559406,1,http://www.wikidata.org/entity/Q1577547,Mietshaus,revenue house,,D,blue
4395,http://www.wikidata.org/entity/Q98606490,,Point(11.062290897 49.452947543),1.09,49.452947543942,11.062290897582,1,http://www.wikidata.org/entity/Q1577547,Mietshaus,revenue house,,D,blue
4396,http://www.wikidata.org/entity/Q98606491,,Point(11.062202271 49.452843421),1.097,49.452843421341,11.062202271823,1,http://www.wikidata.org/entity/Q1577547,Mietshaus,revenue house,,D,blue
4397,http://www.wikidata.org/entity/Q98606489,,Point(11.062449913 49.453316324),1.075,49.453316324017,11.062449913529,1,http://www.wikidata.org/entity/Q1577547,Mietshaus,revenue house,,D,blue
4398,http://www.wikidata.org/entity/Q98606494,,Point(11.062254761 49.452317835),1.101,49.452317835786,11.062254761292,1,http://www.wikidata.org/entity/Q1577547,Mietshaus,revenue house,,D,blue
4399,http://www.wikidata.org/entity/Q98606492,,Point(11.06208255 49.45273461),1.107,49.452734610841,11.062082550379,1,http://www.wikidata.org/entity/Q1577547,Mietshaus,revenue house,,D,blue
4400,http://www.wikidata.org/entity/Q98606493,,Point(11.062321361 49.452446927),1.094,49.452446927775,11.062321361867,1,http://www.wikidata.org/entity/Q1577547,Mietshaus,revenue house,,D,blue
4401,http://www.wikidata.org/entity/Q98606498,,Point(11.066170352 49.451023892),0.864,49.451023892886,11.066170352564,1,http://www.wikidata.org/entity/Q3950,Villa,villa,,D,blue
4402,http://www.wikidata.org/entity/Q98606499,,Point(11.066188656 49.451299285),0.852,49.451299285109,11.066188656619,1,http://www.wikidata.org/entity/Q1577547,Mietshaus,revenue house,,D,blue
4403,http://www.wikidata.org/entity/Q98606497,,Point(11.061879235 49.452449476),1.126,49.452449476226,11.06187923547,1,http://www.wikidata.org/entity/Q1577547,Mietshaus,revenue house,,D,blue
4404,http://www.wikidata.org/entity/Q98606502,,Point(11.059956496 49.450458473),1.31,49.450458473906,11.059956496089,1,http://www.wikidata.org/entity/Q11755880,Wohnhaus,residential building,,D,blue
4405,http://www.wikidata.org/entity/Q98606503,,Point(11.069144988 49.453108608),0.595,49.453108608773,11.069144988967,1,http://www.wikidata.org/entity/Q1577547,Mietshaus,revenue house,,D,blue
4406,http://www.wikidata.org/entity/Q98606500,,Point(11.068103037 49.452239727),0.689,49.452239727132,11.06810303775,1,http://www.wikidata.org/entity/Q1577547,Mietshaus,revenue house,,D,blue
4407,http://www.wikidata.org/entity/Q98606501,,Point(11.068579959 49.452473487),0.649,49.45247348737,11.068579959668,1,http://www.wikidata.org/entity/Q1577547,Mietshaus,revenue house,,D,blue
4408,http://www.wikidata.org/entity/Q98606504,,Point(11.058141748 49.454444013),1.386,49.454444013923,11.058141748445,1,http://www.wikidata.org/entity/Q813966,Bedürfnisanstalt,public toilet,,D,blue
4409,http://www.wikidata.org/entity/Q98606508,,Point(11.135397993 49.466888649),4.441,49.466888649014,11.135397993323,1,http://www.wikidata.org/entity/Q279118,Wohnhaus,wooden house,,D,blue
4411,http://www.wikidata.org/entity/Q98606509,,Point(11.135491446 49.467162435),4.458,49.467162435115,11.135491446132,1,http://www.wikidata.org/entity/Q11755880,Wohnhaus,residential building,,D,blue
4412,http://www.wikidata.org/entity/Q98606514,,Point(11.082035359 49.45024136),0.529,49.450241360552,11.082035359946,1,http://www.wikidata.org/entity/Q1021106,Bürgerhaus,bourgeois house,,D,blue
4413,http://www.wikidata.org/entity/Q98606515,,Point(11.067834711 49.449192578),0.859,49.44919257874,11.067834711041,1,http://www.wikidata.org/entity/Q11755880,Wohnhaus,residential building,,D,blue
4414,http://www.wikidata.org/entity/Q98606512,,Point(11.047700105 49.521362815),7.803,49.521362815773,11.047700105079,1,http://www.wikidata.org/entity/Q1303167,Scheune,barn,,D,blue
4415,http://www.wikidata.org/entity/Q98606513,,Point(11.071767239 49.448050558),0.761,49.448050558285,11.071767239939,1,http://www.wikidata.org/entity/Q1021106,Bürgerhaus,bourgeois house,,D,blue
4416,http://www.wikidata.org/entity/Q98606522,,Point(11.07522946 49.447188261),0.758,49.447188261359,11.075229460469,1,http://www.wikidata.org/entity/Q5526694,Gasthaus,Gasthaus,,D,blue
4417,http://www.wikidata.org/entity/Q98606523,,Point(11.076367347 49.451989965),0.22,49.451989965571,11.076367347031,1,http://www.wikidata.org/entity/Q18760306,Wohn- und Geschäftshaus,residential and commercial building,,D,blue
4418,http://www.wikidata.org/entity/Q98606524,,Point(11.076272533 49.451995107),0.221,49.451995107773,11.076272533353,1,http://www.wikidata.org/entity/Q18760306,Wohn- und Geschäftshaus,residential and commercial building,,D,blue
4419,http://www.wikidata.org/entity/Q98606525,,Point(11.076173492 49.451999087),0.224,49.451999087099,11.076173492839,1,http://www.wikidata.org/entity/Q5526694,Gasthaus,Gasthaus,,D,blue
4420,http://www.wikidata.org/entity/Q98606530,,Point(11.081454368 49.449542466),0.567,49.449542466539,11.08145436828,1,http://www.wikidata.org/entity/Q41176,Büro- und Verwaltungsgebäude,building,,D,blue
4421,http://www.wikidata.org/entity/Q98606528,,Point(11.075930367 49.451999059),0.231,49.451999059956,11.075930367634,1,http://www.wikidata.org/entity/Q18761864,Bank,bank building,,D,blue
4422,http://www.wikidata.org/entity/Q98606529,,Point(11.075346418 49.451992208),0.252,49.45199220846,11.07534641892,1,http://www.wikidata.org/entity/Q18760306,Wohn- und Geschäftshaus,residential and commercial building,,D,blue
4423,http://www.wikidata.org/entity/Q98606534,,Point(11.072280365 49.450075808),0.557,49.450075808553,11.072280365448,1,http://www.wikidata.org/entity/Q18760306,Wohn- und Geschäftshaus,residential and commercial building,,D,blue
4424,http://www.wikidata.org/entity/Q98606538,,Point(11.072619975 49.449033281),0.635,49.449033281504,11.07261997577,1,http://www.wikidata.org/entity/Q274393,Bäckerei,bakery,,D,blue
4425,http://www.wikidata.org/entity/Q98606539,,Point(11.072240693 49.448195164),0.729,49.448195164012,11.072240693964,1,http://www.wikidata.org/entity/Q131734,Brauerei,brewery,,D,blue
4426,http://www.wikidata.org/entity/Q98606536,,Point(11.070595658 49.449758351),0.666,49.449758351759,11.070595658751,1,http://www.wikidata.org/entity/Q1091027,Chörlein,Oriel Chapel,,D,blue
4427,http://www.wikidata.org/entity/Q98606537,,Point(11.072591367 49.449413157),0.601,49.44941315787,11.072591367338,1,http://www.wikidata.org/entity/Q12280,Sandsteinbrücke,bridge,,D,blue
4428,http://www.wikidata.org/entity/Q98606542,,Point(11.06917993 49.447857655),0.89,49.447857655373,11.069179930055,1,http://www.wikidata.org/entity/Q1371789,Gartenhaus,vacation home,,D,blue
4429,http://www.wikidata.org/entity/Q98606546,,Point(11.07251101 49.451848548),0.413,49.451848548022,11.072511010158,1,http://www.wikidata.org/entity/Q1021106,Bürgerhaus,bourgeois house,,D,blue
4430,http://www.wikidata.org/entity/Q98606545,,Point(11.072880434 49.451100278),0.444,49.451100278768,11.072880434424,1,http://www.wikidata.org/entity/Q18760306,Wohn- und Geschäftshaus,residential and commercial building,,D,blue
4431,http://www.wikidata.org/entity/Q98606550,,Point(11.071656976 49.45173095),0.472,49.451730950316,11.071656976881,1,http://www.wikidata.org/entity/Q58037906,Gerberhaus,Q58037906,,D,blue
4432,http://www.wikidata.org/entity/Q98606551,,Point(11.071524949 49.451724695),0.481,49.451724695694,11.071524949014,1,http://www.wikidata.org/entity/Q58037906,Gerberhaus,Q58037906,,D,blue
4433,http://www.wikidata.org/entity/Q98606548,,Point(11.072405934 49.451842038),0.42,49.451842038023,11.072405934442,1,http://www.wikidata.org/entity/Q11755880,Wohnhaus,residential building,,D,blue
4434,http://www.wikidata.org/entity/Q98606549,,Point(11.07206141 49.451757087),0.446,49.451757087529,11.07206141095,1,http://www.wikidata.org/entity/Q58037906,Gerberhaus,Q58037906,,D,blue
4435,http://www.wikidata.org/entity/Q98606554,,Point(11.07219118 49.451810853),0.434,49.451810853311,11.072191180254,1,http://www.wikidata.org/entity/Q11755880,Wohnhaus,residential building,,D,blue
4436,http://www.wikidata.org/entity/Q98606553,,Point(11.071113167 49.451653292),0.511,49.451653292469,11.071113167669,1,http://www.wikidata.org/entity/Q58037906,Gerberhaus,Q58037906,,D,blue
4437,http://www.wikidata.org/entity/Q98606558,,Point(11.069951255 49.450254596),0.666,49.450254596953,11.069951255465,1,http://www.wikidata.org/entity/Q44613,Kloster,monastery,,D,blue
4438,http://www.wikidata.org/entity/Q98606559,,Point(11.070489359 49.449391724),0.7,49.44939172431,11.070489359758,1,http://www.wikidata.org/entity/Q18412278,Hausmadonna,Hausmadonna,,D,blue
4439,http://www.wikidata.org/entity/Q98606557,,Point(11.07225201 49.45172786),0.436,49.451727860728,11.072252010703,1,http://www.wikidata.org/entity/Q58037906,Gerberhaus,Q58037906,,D,blue
4440,http://www.wikidata.org/entity/Q98606566,,Point(11.072845455 49.451221619),0.436,49.451221619864,11.072845455642,1,http://www.wikidata.org/entity/Q18760306,Wohn- und Geschäftshaus,residential and commercial building,,D,blue
4441,http://www.wikidata.org/entity/Q98606565,,Point(11.072961882 49.451258258),0.427,49.451258258141,11.072961882686,1,http://www.wikidata.org/entity/Q18760306,Wohn- und Geschäftshaus,residential and commercial building,,D,blue
4442,http://www.wikidata.org/entity/Q98606568,,Point(11.072492414 49.451540326),0.433,49.451540326649,11.072492414692,1,http://www.wikidata.org/entity/Q18760306,Wohn- und Geschäftshaus,residential and commercial building,,D,blue
4443,http://www.wikidata.org/entity/Q98606569,,Point(11.072048892 49.451478601),0.463,49.45147860101,11.072048892029,1,http://www.wikidata.org/entity/Q1021106,Bürgerhaus,bourgeois house,,D,blue
4444,http://www.wikidata.org/entity/Q98606575,,Point(11.073802122 49.450964371),0.41,49.450964371014,11.073802122537,1,http://www.wikidata.org/entity/Q183061,Fassade,façade,,D,blue
4445,http://www.wikidata.org/entity/Q98606572,,Point(11.068977901 49.451652801),0.65,49.451652801292,11.068977901637,1,http://www.wikidata.org/entity/Q11755880,Wohnhaus,residential building,,D,blue
4446,http://www.wikidata.org/entity/Q98606573,,Point(11.070951615 49.452082051),0.5,49.452082051813,11.070951615695,1,http://www.wikidata.org/entity/Q41176,Verwaltungsbau,building,,D,blue
4447,http://www.wikidata.org/entity/Q98606582,,Point(11.071145063 49.449285481),0.677,49.449285481973,11.071145063452,1,http://www.wikidata.org/entity/Q1021106,Bürgerhaus,bourgeois house,,D,blue
4448,http://www.wikidata.org/entity/Q98606583,,Point(11.078255729 49.452108126),0.208,49.452108126902,11.078255729956,1,http://www.wikidata.org/entity/Q18761864,Bank,bank building,,D,blue
4449,http://www.wikidata.org/entity/Q98606581,,Point(11.077240797 49.448829471),0.561,49.448829471434,11.07724079741,1,http://www.wikidata.org/entity/Q18760306,Klaragasse 26,residential and commercial building,,D,blue
4450,http://www.wikidata.org/entity/Q98606586,,Point(11.078701118 49.450618376),0.376,49.450618376549,11.078701118183,1,http://www.wikidata.org/entity/Q18761864,Königstraße 21,bank building,,D,blue
4451,http://www.wikidata.org/entity/Q98606587,,Point(11.078887044 49.450088768),0.436,49.450088768465,11.078887044129,1,http://www.wikidata.org/entity/Q29527347,Figuren,figure,,D,blue
4452,http://www.wikidata.org/entity/Q98606590,,Point(11.079832136 49.449360618),0.534,49.449360618181,11.079832136569,1,http://www.wikidata.org/entity/Q18760306,Königstraße 51,residential and commercial building,,D,blue
4453,http://www.wikidata.org/entity/Q98606594,,Point(11.079924714 49.448373175),0.64,49.448373175552,11.079924714886,1,http://www.wikidata.org/entity/Q18760306,Königstraße 70,residential and commercial building,,D,blue
4454,http://www.wikidata.org/entity/Q98606598,,Point(11.080888664 49.447674687),0.736,49.447674687358,11.080888664343,1,http://www.wikidata.org/entity/Q811165,Hotel,architectural heritage monument,,D,blue
4456,http://www.wikidata.org/entity/Q98606597,,Point(11.080875564 49.448381303),0.663,49.448381303026,11.080875564436,1,http://www.wikidata.org/entity/Q607241,Pfarrhaus,clergy house,,D,blue
4457,http://www.wikidata.org/entity/Q98606602,,Point(11.074454403 49.447858128),0.7,49.447858128844,11.074454403487,1,http://www.wikidata.org/entity/Q41176,Gebäudeflügel,building,,D,blue
4458,http://www.wikidata.org/entity/Q98606611,,Point(11.072153848 49.450690219),0.513,49.450690219759,11.072153848509,1,http://www.wikidata.org/entity/Q18760306,Wohn- und Geschäftshaus,residential and commercial building,,D,blue
4459,http://www.wikidata.org/entity/Q98606609,,Point(11.07228305 49.450739375),0.503,49.450739375698,11.072283050204,1,http://www.wikidata.org/entity/Q18760306,Wohn- und Geschäftshaus,residential and commercial building,,D,blue
4460,http://www.wikidata.org/entity/Q98606612,,Point(11.072029393 49.450725208),0.517,49.450725208815,11.072029393017,1,http://www.wikidata.org/entity/Q18760306,Wohn- und Geschäftshaus,residential and commercial building,,D,blue
4461,http://www.wikidata.org/entity/Q98606613,,Point(11.071751531 49.45065717),0.537,49.450657170012,11.071751531046,1,http://www.wikidata.org/entity/Q18760306,Wohn- und Geschäftshaus,residential and commercial building,,D,blue
4462,http://www.wikidata.org/entity/Q98606619,,Point(11.068540914 49.449390158),0.806,49.449390158748,11.068540914726,1,http://www.wikidata.org/entity/Q18760306,Wohn- und Geschäftshaus,residential and commercial building,,D,blue
4463,http://www.wikidata.org/entity/Q98606617,,Point(11.068398393 49.450532025),0.743,49.450532025779,11.068398393207,1,http://www.wikidata.org/entity/Q114768,Kornspeicher,granary,,D,blue
4464,http://www.wikidata.org/entity/Q98606622,,Point(11.068714473 49.449041299),0.821,49.449041299599,11.068714473306,1,http://www.wikidata.org/entity/Q11755880,Wohnhaus,residential building,,D,blue
4465,http://www.wikidata.org/entity/Q98606623,,Point(11.067725458 49.449005234),0.878,49.449005234995,11.067725458315,1,http://www.wikidata.org/entity/Q18760306,Wohn- und Geschäftshaus,residential and commercial building,,D,blue
4466,http://www.wikidata.org/entity/Q98606620,,Point(11.068815046 49.449551114),0.779,49.449551114114,11.068815046411,1,http://www.wikidata.org/entity/Q43483,Brunnen,water well,,D,blue
4467,http://www.wikidata.org/entity/Q98606626,,Point(11.067561519 49.448961761),0.891,49.448961761456,11.067561519255,1,http://www.wikidata.org/entity/Q18760306,Wohn- und Geschäftshaus,residential and commercial building,,D,blue
4468,http://www.wikidata.org/entity/Q98606627,,Point(11.067465014 49.448926598),0.899,49.44892659856,11.067465014518,1,http://www.wikidata.org/entity/Q18760306,Wohn- und Geschäftshaus,residential and commercial building,,D,blue
4469,http://www.wikidata.org/entity/Q98606625,,Point(11.068183278 49.448755957),0.87,49.448755957825,11.068183278234,1,http://www.wikidata.org/entity/Q18760306,Wohn- und Geschäftshaus,residential and commercial building,,D,blue
4470,http://www.wikidata.org/entity/Q98606628,,Point(11.067385091 49.448906003),0.905,49.448906003142,11.067385091818,1,http://www.wikidata.org/entity/Q18760306,Wohn- und Geschäftshaus,residential and commercial building,,D,blue
4471,http://www.wikidata.org/entity/Q98606629,,Point(11.067888163 49.448646274),0.895,49.448646274015,11.067888163346,1,http://www.wikidata.org/entity/Q5526694,Gasthaus,Gasthaus,,D,blue
4472,http://www.wikidata.org/entity/Q98606632,,Point(11.067038996 49.448735977),0.936,49.448735977685,11.067038996064,1,http://www.wikidata.org/entity/Q11755880,Handwerkerhaus,residential building,,D,blue
4473,http://www.wikidata.org/entity/Q98606638,,Point(11.078928966 49.448309911),0.63,49.448309911567,11.078928966678,1,http://www.wikidata.org/entity/Q18760306,Luitpoldstraße 12,residential and commercial building,,D,blue
4474,http://www.wikidata.org/entity/Q98606639,,Point(11.078729053 49.448279586),0.63,49.448279586321,11.078729053116,1,http://www.wikidata.org/entity/Q18760306,Luitpoldstraße 14,residential and commercial building,,D,blue
4475,http://www.wikidata.org/entity/Q98606637,,Point(11.079327998 49.447917956),0.678,49.447917956526,11.079327998254,1,http://www.wikidata.org/entity/Q18760306,Wohn- und Geschäftshaus,residential and commercial building,,D,blue
4476,http://www.wikidata.org/entity/Q98606642,,Point(11.067410883 49.449671049),0.854,49.449671049122,11.067410883708,1,http://www.wikidata.org/entity/Q11755880,Mostgasse 4 (Nürnberg),residential building,,D,blue
4477,http://www.wikidata.org/entity/Q98606643,,Point(11.067351444 49.449444177),0.871,49.449444177702,11.067351444766,1,http://www.wikidata.org/entity/Q11755880,Handwerkerhaus,residential building,,D,blue
4478,http://www.wikidata.org/entity/Q98606640,,Point(11.06755373 49.449720607),0.842,49.449720607668,11.067553730265,1,http://www.wikidata.org/entity/Q5526694,Gasthaus,Gasthaus,,D,blue
4479,http://www.wikidata.org/entity/Q98606641,,Point(11.067440846 49.449451273),0.866,49.449451273353,11.067440846173,1,http://www.wikidata.org/entity/Q11755880,Handwerkerhaus,residential building,,D,blue
4480,http://www.wikidata.org/entity/Q98606646,,Point(11.067185832 49.449655962),0.868,49.449655962519,11.067185832724,1,http://www.wikidata.org/entity/Q11755880,Handwerkerhaus,residential building,,D,blue
4481,http://www.wikidata.org/entity/Q98606645,,Point(11.067265921 49.449457086),0.876,49.449457086571,11.067265921653,1,http://www.wikidata.org/entity/Q11755880,Handwerkerhaus,residential building,,D,blue
4482,http://www.wikidata.org/entity/Q98606650,,Point(11.072295667 49.452414234),0.396,49.452414234453,11.072295667824,1,http://www.wikidata.org/entity/Q11755880,Handwerkerhaus,residential building,,D,blue
4483,http://www.wikidata.org/entity/Q98606651,,Point(11.072022911 49.452161626),0.426,49.452161626126,11.07202291197,1,http://www.wikidata.org/entity/Q41176,Müllerhaus,building,,D,blue
4484,http://www.wikidata.org/entity/Q98606649,,Point(11.072204638 49.45215144),0.415,49.452151440041,11.072204638247,1,http://www.wikidata.org/entity/Q44494,Mühle,mill,,D,blue
4485,http://www.wikidata.org/entity/Q98606655,,Point(11.073555882 49.452295026),0.322,49.452295026168,11.073555882412,1,http://www.wikidata.org/entity/Q11755880,Handwerkerhaus,residential building,,D,blue
4486,http://www.wikidata.org/entity/Q98606652,,Point(11.080342171 49.451220466),0.368,49.45122046633,11.080342171301,1,http://www.wikidata.org/entity/Q97730005,Wappenstein,coat of arms stone,,D,blue
4487,http://www.wikidata.org/entity/Q98606653,,Point(11.080303745 49.451131851),0.374,49.451131851364,11.080303745939,1,http://www.wikidata.org/entity/Q97730005,Wappenstein,coat of arms stone,,D,blue
4488,http://www.wikidata.org/entity/Q98606659,,Point(11.073689623 49.452481686),0.303,49.45248168667,11.07368962307,1,http://www.wikidata.org/entity/Q1021106,Bürgerhaus,bourgeois house,,D,blue
4489,http://www.wikidata.org/entity/Q98606656,,Point(11.074096921 49.452442446),0.281,49.452442446488,11.074096921228,1,http://www.wikidata.org/entity/Q1021106,Bürgerhaus,bourgeois house,,D,blue
4490,http://www.wikidata.org/entity/Q98606662,,Point(11.072867121 49.452318859),0.364,49.452318859188,11.072867121756,1,http://www.wikidata.org/entity/Q1021106,Bürgerhaus,bourgeois house,,D,blue
4491,http://www.wikidata.org/entity/Q98606663,,Point(11.07331342 49.452480863),0.327,49.452480863734,11.07331342057,1,http://www.wikidata.org/entity/Q1021106,Bürgerhaus,bourgeois house,,D,blue
4492,http://www.wikidata.org/entity/Q98606660,,Point(11.073572961 49.452472201),0.311,49.452472201281,11.073572961461,1,http://www.wikidata.org/entity/Q1021106,Bürgerhaus,bourgeois house,,D,blue
4493,http://www.wikidata.org/entity/Q98606661,,Point(11.073461017 49.452472104),0.318,49.452472104837,11.073461017716,1,http://www.wikidata.org/entity/Q11755880,Handwerkerhaus,residential building,,D,blue
4494,http://www.wikidata.org/entity/Q98606667,,Point(11.072571943 49.452294328),0.384,49.452294328313,11.072571943594,1,http://www.wikidata.org/entity/Q1021106,Bürgerhaus,bourgeois house,,D,blue
4495,http://www.wikidata.org/entity/Q98606665,,Point(11.072701206 49.45230658),0.375,49.452306580089,11.072701206525,1,http://www.wikidata.org/entity/Q1021106,Bürgerhaus,bourgeois house,,D,blue
4496,http://www.wikidata.org/entity/Q98606670,,Point(11.067861939 49.448406685),0.914,49.448406685263,11.067861939298,1,http://www.wikidata.org/entity/Q11755880,Handwerkerhaus,residential building,,D,blue
4497,http://www.wikidata.org/entity/Q98606671,,Point(11.067732817 49.448372561),0.923,49.448372561798,11.067732817873,1,http://www.wikidata.org/entity/Q1577547,Mietshaus,revenue house,,D,blue
4498,http://www.wikidata.org/entity/Q98606668,,Point(11.068247846 49.448287948),0.902,49.448287948641,11.068247846697,1,http://www.wikidata.org/entity/Q11755880,Wohnhaus,residential building,,D,blue
4499,http://www.wikidata.org/entity/Q98606669,,Point(11.068040378 49.44820084),0.919,49.448200840546,11.068040378823,1,http://www.wikidata.org/entity/Q1577547,Mietshaus,revenue house,,D,blue
4500,http://www.wikidata.org/entity/Q98606675,,Point(11.070728851 49.448008028),0.807,49.448008028922,11.070728851587,1,http://www.wikidata.org/entity/Q11755880,Wohnhaus,residential building,,D,blue
4501,http://www.wikidata.org/entity/Q98606673,,Point(11.081410582 49.4519821),0.364,49.451982100903,11.081410582019,1,http://www.wikidata.org/entity/Q1021106,Bürgerhaus,bourgeois house,,D,blue
4502,http://www.wikidata.org/entity/Q98606678,,Point(11.070619317 49.447879056),0.823,49.447879056524,11.070619317676,1,http://www.wikidata.org/entity/Q11755880,Handwerkerhaus,residential building,,D,blue
4503,http://www.wikidata.org/entity/Q98606679,,Point(11.070467778 49.448030573),0.816,49.448030573903,11.070467778634,1,http://www.wikidata.org/entity/Q114768,Kornspeicher,granary,,D,blue
4504,http://www.wikidata.org/entity/Q98606677,,Point(11.070607249 49.448004055),0.812,49.448004055989,11.070607249065,1,http://www.wikidata.org/entity/Q11755880,Handwerkerhaus,residential building,,D,blue
4505,http://www.wikidata.org/entity/Q98606682,,Point(11.067337131 49.449308006),0.881,49.449308006683,11.067337131478,1,http://www.wikidata.org/entity/Q1577547,Mietshaus,revenue house,,D,blue
4506,http://www.wikidata.org/entity/Q98606683,,Point(11.068121948 49.449299885),0.836,49.449299885746,11.068121948509,1,http://www.wikidata.org/entity/Q11755880,Handwerkerhaus,residential building,,D,blue
4507,http://www.wikidata.org/entity/Q98606680,,Point(11.07006938 49.447942601),0.841,49.447942601068,11.070069380083,1,http://www.wikidata.org/entity/Q11755880,Handwerkerhaus,residential building,,D,blue
4508,http://www.wikidata.org/entity/Q98606681,,Point(11.067580048 49.449399227),0.861,49.44939922701,11.067580048763,1,http://www.wikidata.org/entity/Q18760306,Wohn- und Geschäftshaus,residential and commercial building,,D,blue
4509,http://www.wikidata.org/entity/Q98606686,,Point(11.067730368 49.449156449),0.868,49.449156449354,11.067730368578,1,http://www.wikidata.org/entity/Q11755880,Handwerkerhaus,residential building,,D,blue
4510,http://www.wikidata.org/entity/Q98606687,,Point(11.067447794 49.449062439),0.89,49.449062439816,11.067447794884,1,http://www.wikidata.org/entity/Q11755880,Wohnhaus,residential building,,D,blue
4511,http://www.wikidata.org/entity/Q98606684,,Point(11.06719775 49.449269944),0.892,49.449269944286,11.067197750879,1,http://www.wikidata.org/entity/Q11755880,Handwerkerhaus,residential building,,D,blue
4512,http://www.wikidata.org/entity/Q98606685,,Point(11.06793113 49.449225436),0.852,49.449225436949,11.067931130915,1,http://www.wikidata.org/entity/Q11755880,Wohnhaus,residential building,,D,blue
4513,http://www.wikidata.org/entity/Q98606690,,Point(11.067042523 49.44892703),0.923,49.448927030264,11.067042523141,1,http://www.wikidata.org/entity/Q11755880,Wohnhaus,residential building,,D,blue
4514,http://www.wikidata.org/entity/Q98606691,,Point(11.06754193 49.449844019),0.835,49.449844019814,11.067541930866,1,http://www.wikidata.org/entity/Q1021106,Bürgerhaus,bourgeois house,,D,blue
4515,http://www.wikidata.org/entity/Q98606688,,Point(11.067347932 49.449035487),0.898,49.449035487394,11.067347932577,1,http://www.wikidata.org/entity/Q11755880,Handwerkerhaus,residential building,,D,blue
4516,http://www.wikidata.org/entity/Q98606689,,Point(11.067280782 49.449017407),0.903,49.449017407728,11.067280782294,1,http://www.wikidata.org/entity/Q11755880,Handwerkerhaus,residential building,,D,blue
4517,http://www.wikidata.org/entity/Q98606694,,Point(11.067199672 49.450279084),0.832,49.450279084273,11.067199672133,1,http://www.wikidata.org/entity/Q18760306,Wohn- und Geschäftshaus,residential and commercial building,,D,blue
4518,http://www.wikidata.org/entity/Q98606695,,Point(11.06696654 49.450105509),0.856,49.45010550997,11.066966540802,1,http://www.wikidata.org/entity/Q1021106,Bürgerhaus,bourgeois house,,D,blue
4519,http://www.wikidata.org/entity/Q98606692,,Point(11.06747467 49.449991806),0.831,49.449991806913,11.067474670775,1,http://www.wikidata.org/entity/Q1577547,Mietshaus,revenue house,,D,blue
4520,http://www.wikidata.org/entity/Q98606693,,Point(11.067094305 49.449919618),0.859,49.449919618451,11.067094305872,1,http://www.wikidata.org/entity/Q42896655,Wirtschaftsgebäude,farm building,,D,blue
4521,http://www.wikidata.org/entity/Q98606698,,Point(11.066882847 49.448824372),0.939,49.448824372792,11.066882847098,1,http://www.wikidata.org/entity/Q131734,Brauerei,brewery,,D,blue
4522,http://www.wikidata.org/entity/Q98606697,,Point(11.070756038 49.448323138),0.777,49.448323138405,11.070756038957,1,http://www.wikidata.org/entity/Q11755880,Handwerkerhaus,residential building,,D,blue
4523,http://www.wikidata.org/entity/Q98606703,,Point(11.072254774 49.45288316),0.381,49.45288316027,11.072254774599,1,http://www.wikidata.org/entity/Q1021106,Bürgerhaus,bourgeois house,,D,blue
4524,http://www.wikidata.org/entity/Q98606704,,Point(11.072434024 49.452825373),0.37,49.452825373284,11.07243402467,1,http://www.wikidata.org/entity/Q1021106,Bürgerhaus,bourgeois house,,D,blue
4525,http://www.wikidata.org/entity/Q98606705,,Point(11.071825605 49.452823176),0.412,49.452823176357,11.071825605772,1,http://www.wikidata.org/entity/Q1021106,Bürgerhaus,bourgeois house,,D,blue
4526,http://www.wikidata.org/entity/Q98606708,,Point(11.072234123 49.4526949),0.389,49.452694900066,11.072234123717,1,http://www.wikidata.org/entity/Q860861,Brunnenfigur,sculpture,,D,blue
4527,http://www.wikidata.org/entity/Q98606715,,Point(11.073884908 49.452509194),0.29,49.452509194929,11.073884908138,1,http://www.wikidata.org/entity/Q11755880,Wohnhaus,residential building,,D,blue
4528,http://www.wikidata.org/entity/Q98606716,,Point(11.073651146 49.452631934),0.297,49.452631934277,11.073651146652,1,http://www.wikidata.org/entity/Q41176,Fischerhaus,building,,D,blue
4529,http://www.wikidata.org/entity/Q98606717,,Point(11.07378127 49.452517794),0.295,49.452517794614,11.073781270365,1,http://www.wikidata.org/entity/Q11755880,Handwerkerhaus,residential building,,D,blue
4530,http://www.wikidata.org/entity/Q98606722,,Point(11.078257342 49.44866011),0.584,49.448660110486,11.078257342902,1,http://www.wikidata.org/entity/Q11289374,Erker,oriel window,,D,blue
4531,http://www.wikidata.org/entity/Q98606723,,Point(11.078366968 49.447853848),0.674,49.447853848784,11.078366968949,1,http://www.wikidata.org/entity/Q18760306,Wohn- und Geschäftshaus,residential and commercial building,,D,blue
4532,http://www.wikidata.org/entity/Q98606726,,Point(11.070878009 49.448169398),0.786,49.448169398151,11.070878009877,1,http://www.wikidata.org/entity/Q1021106,Bürgerhaus,bourgeois house,,D,blue
4533,http://www.wikidata.org/entity/Q98606727,,Point(11.07088434 49.448023836),0.799,49.448023836719,11.070884340847,1,http://www.wikidata.org/entity/Q114768,Kornspeicher,granary,,D,blue
4534,http://www.wikidata.org/entity/Q98606724,,Point(11.070851512 49.448309312),0.774,49.448309312438,11.070851512971,1,http://www.wikidata.org/entity/Q5526694,Gasthaus,Gasthaus,,D,blue
4535,http://www.wikidata.org/entity/Q98606725,,Point(11.082309661 49.452205515),0.407,49.452205515433,11.082309661307,1,http://www.wikidata.org/entity/Q11755880,Wohnhaus,residential building,,D,blue
4536,http://www.wikidata.org/entity/Q98606730,,Point(11.073260753 49.450616283),0.465,49.450616283081,11.073260753522,1,http://www.wikidata.org/entity/Q1021106,Bürgerhaus,bourgeois house,,D,blue
4537,http://www.wikidata.org/entity/Q98606731,,Point(11.067321894 49.449664668),0.86,49.449664668447,11.067321894391,1,http://www.wikidata.org/entity/Q11755880,Handwerkerhaus,residential building,,D,blue
4538,http://www.wikidata.org/entity/Q98606735,,Point(11.070011102 49.447842091),0.853,49.447842091026,11.07001110295,1,http://www.wikidata.org/entity/Q1577547,Mietshaus,revenue house,,D,blue
4539,http://www.wikidata.org/entity/Q98606740,,Point(11.076689351 49.453052277),0.101,49.453052277923,11.076689351098,1,http://www.wikidata.org/entity/Q854429,Ochsenportal (Nürnberg),portal,,D,blue
4540,http://www.wikidata.org/entity/Q98606741,,Point(11.080448421 49.45698733),0.415,49.456987330414,11.080448421151,1,http://www.wikidata.org/entity/Q114768,Getreidekasten,granary,,D,blue
4541,http://www.wikidata.org/entity/Q98606755,,Point(11.083529134 49.456173411),0.518,49.456173411523,11.083529134699,1,http://www.wikidata.org/entity/Q11755880,Wohnhaus,residential building,,D,blue
4542,http://www.wikidata.org/entity/Q98606758,,Point(11.075159335 49.45752297),0.434,49.457522970099,11.075159335458,1,http://www.wikidata.org/entity/Q11755880,Wohnhaus,residential building,,D,blue
4543,http://www.wikidata.org/entity/Q98606756,,Point(11.075977407 49.457372582),0.401,49.457372582585,11.07597740753,1,http://www.wikidata.org/entity/Q11755880,Wohnhaus,residential building,,D,blue
4544,http://www.wikidata.org/entity/Q98606757,,Point(11.075298548 49.457469143),0.425,49.45746914384,11.075298548567,1,http://www.wikidata.org/entity/Q11755880,Wohnhaus,residential building,,D,blue
4545,http://www.wikidata.org/entity/Q98606770,,Point(11.074798838 49.457250598),0.417,49.457250598965,11.074798838658,1,http://www.wikidata.org/entity/Q1591278,Hauszeichen,house mark,,D,blue
4546,http://www.wikidata.org/entity/Q98606772,,Point(11.077066015 49.455870154),0.223,49.455870154232,11.077066015162,1,http://www.wikidata.org/entity/Q1595171,Verkündigungsengel,sculpture of a saint,,D,blue
4547,http://www.wikidata.org/entity/Q98606773,,Point(11.077617321 49.456650706),0.31,49.456650706846,11.077617321518,1,http://www.wikidata.org/entity/Q1591278,Hauszeichen,house mark,,D,blue
4548,http://www.wikidata.org/entity/Q98606779,,Point(11.081668585 49.456254852),0.412,49.456254852247,11.081668585319,1,http://www.wikidata.org/entity/Q55043,Gymnasium,gymnasium,,D,blue
4549,http://www.wikidata.org/entity/Q98606777,,Point(11.077827505 49.457362508),0.39,49.457362508081,11.077827505759,1,http://www.wikidata.org/entity/Q1021106,Bürgerhaus,bourgeois house,,D,blue
4550,http://www.wikidata.org/entity/Q98606780,,Point(11.081339904 49.456320938),0.399,49.45632093834,11.081339904231,1,http://www.wikidata.org/entity/Q4989906,Denkmal,monument,,D,blue
4551,http://www.wikidata.org/entity/Q98606785,,Point(11.074512764 49.455693325),0.286,49.455693325977,11.074512764934,1,http://www.wikidata.org/entity/Q1252133,Brüstungsgitter,grille,,D,blue
4552,http://www.wikidata.org/entity/Q98606790,,Point(11.071648947 49.455146949),0.432,49.455146949449,11.07164894722,1,http://www.wikidata.org/entity/Q43483,Brunnen,water well,,D,blue
4553,http://www.wikidata.org/entity/Q98606791,,Point(11.083914712 49.454933793),0.493,49.454933793452,11.083914712688,1,http://www.wikidata.org/entity/Q192810,Stadtgraben,graben,,D,blue
4554,http://www.wikidata.org/entity/Q98606794,,Point(11.07663328 49.453825717),0.048,49.453825717872,11.076633280764,1,http://www.wikidata.org/entity/Q1091027,Holzchörlein,Oriel Chapel,,D,blue
4555,http://www.wikidata.org/entity/Q98606793,,Point(11.076647846 49.453290472),0.08,49.45329047222,11.07664784628,1,http://www.wikidata.org/entity/Q43483,Fleischhauerbrunnen,water well,,D,blue
4556,http://www.wikidata.org/entity/Q98606798,,Point(11.082747591 49.455975784),0.458,49.455975784091,11.082747591401,1,http://www.wikidata.org/entity/Q18760306,Wohn- und Geschäftshaus,residential and commercial building,,D,blue
4557,http://www.wikidata.org/entity/Q98606799,,Point(11.08334784 49.456125174),0.504,49.456125174397,11.083347840481,1,http://www.wikidata.org/entity/Q274393,Bäckerei,bakery,,D,blue
4558,http://www.wikidata.org/entity/Q98606802,,Point(11.073665808 49.455612557),0.326,49.455612557886,11.073665808085,1,http://www.wikidata.org/entity/Q1021106,Bürgerhaus,bourgeois house,,D,blue
4559,http://www.wikidata.org/entity/Q98606806,,Point(11.07320714 49.455443792),0.343,49.455443792921,11.073207140444,1,http://www.wikidata.org/entity/Q1021106,Bürgerhaus,bourgeois house,,D,blue
4560,http://www.wikidata.org/entity/Q98606804,,Point(11.073594152 49.455414513),0.318,49.455414513428,11.073594152955,1,http://www.wikidata.org/entity/Q11755880,Handwerkerhaus,residential building,,D,blue
4561,http://www.wikidata.org/entity/Q98606809,,Point(11.073785424 49.456023095),0.349,49.456023095474,11.073785424202,1,http://www.wikidata.org/entity/Q1021106,Bürgerhaus,bourgeois house,,D,blue
4562,http://www.wikidata.org/entity/Q98606813,,Point(11.072045539 49.454333055),0.383,49.454333055662,11.072045539566,1,http://www.wikidata.org/entity/Q1021106,Bürgerhaus,bourgeois house,,D,blue
4563,http://www.wikidata.org/entity/Q98606817,,Point(11.072263201 49.454739471),0.376,49.454739471204,11.072263201125,1,http://www.wikidata.org/entity/Q1021106,Bürgerhaus,bourgeois house,,D,blue
4564,http://www.wikidata.org/entity/Q98606823,,Point(11.076617296 49.456838295),0.333,49.456838295027,11.076617296746,1,http://www.wikidata.org/entity/Q1021106,Bürgerhaus,bourgeois house,,D,blue
4565,http://www.wikidata.org/entity/Q98606820,,Point(11.076943328 49.456687146),0.314,49.456687146478,11.076943328341,1,http://www.wikidata.org/entity/Q11755880,Handwerkerhaus,residential building,,D,blue
4566,http://www.wikidata.org/entity/Q98606826,,Point(11.076028873 49.456915644),0.351,49.456915644974,11.07602887395,1,http://www.wikidata.org/entity/Q1021106,Bürgerhaus,bourgeois house,,D,blue
4567,http://www.wikidata.org/entity/Q98606830,,Point(11.07582812 49.457292144),0.395,49.457292144151,11.075828120195,1,http://www.wikidata.org/entity/Q1021106,Bürgerhaus,bourgeois house,,D,blue
4568,http://www.wikidata.org/entity/Q98606828,,Point(11.076736344 49.457221471),0.375,49.457221471568,11.076736344566,1,http://www.wikidata.org/entity/Q1021106,Bürgerhaus,bourgeois house,,D,blue
4569,http://www.wikidata.org/entity/Q98606829,,Point(11.076166405 49.457065666),0.364,49.457065666854,11.076166405896,1,http://www.wikidata.org/entity/Q1091027,Chörlein,Oriel Chapel,,D,blue
4570,http://www.wikidata.org/entity/Q98606834,,Point(11.078342046 49.454634172),0.113,49.454634172528,11.078342046485,1,http://www.wikidata.org/entity/Q1091027,Chörlein,Oriel Chapel,,D,blue
4571,http://www.wikidata.org/entity/Q98606835,,Point(11.07963173 49.45823126),0.513,49.458231260402,11.079631730815,1,http://www.wikidata.org/entity/Q97730005,Wappenstein,coat of arms stone,,D,blue
4572,http://www.wikidata.org/entity/Q98606832,,Point(11.074715733 49.45752978),0.447,49.457529780833,11.074715733136,1,http://www.wikidata.org/entity/Q1021106,Bürgerhaus,bourgeois house,,D,blue
4573,http://www.wikidata.org/entity/Q98606836,,Point(11.080604711 49.458171672),0.534,49.458171672813,11.080604711917,1,http://www.wikidata.org/entity/Q1021106,Bürgerhaus,bourgeois house,,D,blue
4574,http://www.wikidata.org/entity/Q98606842,,Point(11.077525438 49.45524618),0.154,49.455246180492,11.077525438275,1,http://www.wikidata.org/entity/Q43483,Brunnen,water well,,D,blue
4575,http://www.wikidata.org/entity/Q98606843,,Point(11.080056855 49.456163015),0.324,49.456163015735,11.080056855059,1,http://www.wikidata.org/entity/Q854429,Portalschlußstein,portal,,D,blue
4576,http://www.wikidata.org/entity/Q98606840,,Point(11.072760175 49.456686499),0.453,49.456686499687,11.072760175347,1,http://www.wikidata.org/entity/Q1091027,Rokokochörlein,Oriel Chapel,,D,blue
4577,http://www.wikidata.org/entity/Q98606847,,Point(11.076625064 49.453620534),0.056,49.453620534212,11.076625064488,1,http://www.wikidata.org/entity/Q1091027,Holzchörlein,Oriel Chapel,,D,blue
4578,http://www.wikidata.org/entity/Q98606844,,Point(11.077830887 49.455878431),0.226,49.455878431261,11.077830887277,1,http://www.wikidata.org/entity/Q480226,Amtshaus,Amtshaus,,D,blue
4579,http://www.wikidata.org/entity/Q98606850,,Point(11.076340005 49.456709651),0.323,49.456709651845,11.076340005955,1,http://www.wikidata.org/entity/Q11755880,Handwerkerhaus,residential building,,D,blue
4580,http://www.wikidata.org/entity/Q98606851,,Point(11.078736942 49.457904943),0.46,49.45790494382,11.078736942479,1,http://www.wikidata.org/entity/Q97730005,Wappenstein,coat of arms stone,,D,blue
4581,http://www.wikidata.org/entity/Q98606852,,Point(11.0837136 49.454378524),0.467,49.454378524167,11.083713600556,1,http://www.wikidata.org/entity/Q11755880,Dienstwohnhaus,residential building,,D,blue
4582,http://www.wikidata.org/entity/Q98606863,,Point(11.074766769 49.455441077),0.253,49.455441077745,11.074766769294,1,http://www.wikidata.org/entity/Q854429,Portalarchitektur,portal,,D,blue
4583,http://www.wikidata.org/entity/Q98606895,,Point(11.021433472 49.418469069),5.64,49.418469069475,11.021433472326,1,http://www.wikidata.org/entity/Q11755880,Beamtenwohnhaus,residential building,,D,blue
4584,http://www.wikidata.org/entity/Q98606893,,Point(11.086028285 49.457231665),0.733,49.457231665211,11.086028285522,1,http://www.wikidata.org/entity/Q18761864,Bank,bank building,,D,blue
4585,http://www.wikidata.org/entity/Q98606898,,Point(11.04379009 49.427102988),3.838,49.427102988889,11.043790090178,1,http://www.wikidata.org/entity/Q151511,Pissoir,pissoir,,D,blue
4586,http://www.wikidata.org/entity/Q98606896,,Point(11.053824674 49.461060934),1.875,49.461060934747,11.053824674377,1,http://www.wikidata.org/entity/Q1577547,Mietshaus,revenue house,,D,blue
4587,http://www.wikidata.org/entity/Q98606901,,Point(11.070230254 49.461532947),0.993,49.461532947608,11.070230254358,1,http://www.wikidata.org/entity/Q11755880,Wohnhaus,residential building,,D,blue
4588,http://www.wikidata.org/entity/Q98606907,,Point(11.062809673 49.459210717),1.204,49.459210717451,11.062809673742,1,http://www.wikidata.org/entity/Q11755880,Wohnhaus,residential building,,D,blue
4589,http://www.wikidata.org/entity/Q98606908,,Point(11.06573078 49.462185119),1.246,49.462185119842,11.065730780325,1,http://www.wikidata.org/entity/Q11755880,Wohnhaus,residential building,,D,blue
4590,http://www.wikidata.org/entity/Q98606909,,Point(11.065678783 49.462292334),1.258,49.462292334839,11.065678783209,1,http://www.wikidata.org/entity/Q1577547,Mietshaus,revenue house,,D,blue
4591,http://www.wikidata.org/entity/Q98606914,,Point(11.066502849 49.462519832),1.238,49.462519832814,11.066502849374,1,http://www.wikidata.org/entity/Q1577547,Mietshaus,revenue house,,D,blue
4592,http://www.wikidata.org/entity/Q98606915,,Point(11.067589752 49.463827637),1.311,49.463827637058,11.067589752787,1,http://www.wikidata.org/entity/Q1577547,Mietshaus,revenue house,,D,blue
4593,http://www.wikidata.org/entity/Q98606913,,Point(11.067342442 49.460390706),1.021,49.460390706224,11.067342442349,1,http://www.wikidata.org/entity/Q126807,Kindergarten,kindergarten,,D,blue
4594,http://www.wikidata.org/entity/Q98606916,,Point(11.064948344 49.457063477),0.961,49.45706347757,11.064948344784,1,http://www.wikidata.org/entity/Q42948,Mauer,wall,,D,blue
4595,http://www.wikidata.org/entity/Q98606917,,Point(11.068102338 49.459937397),0.947,49.459937397279,11.068102338276,1,http://www.wikidata.org/entity/Q1577547,Mietshaus,revenue house,,D,blue
4596,http://www.wikidata.org/entity/Q98606922,,Point(11.071686646 49.460195169),0.812,49.46019516935,11.071686646824,1,http://www.wikidata.org/entity/Q11755880,Wohnhaus,residential building,,D,blue
4597,http://www.wikidata.org/entity/Q98606920,,Point(11.062737908 49.458151713),1.155,49.458151713262,11.062737908401,1,http://www.wikidata.org/entity/Q607241,Pfarrhaus,clergy house,,D,blue
4598,http://www.wikidata.org/entity/Q98606921,,Point(11.071912496 49.460416051),0.825,49.460416051623,11.071912496808,1,http://www.wikidata.org/entity/Q11755880,Wohnhaus,residential building,,D,blue
4599,http://www.wikidata.org/entity/Q98606926,,Point(11.070559287 49.460176114),0.854,49.460176114469,11.070559287404,1,http://www.wikidata.org/entity/Q1577547,Mietshaus,revenue house,,D,blue
4600,http://www.wikidata.org/entity/Q98606927,,Point(11.066680767 49.461483922),1.142,49.461483922128,11.066680767035,1,http://www.wikidata.org/entity/Q1577547,Mietshaus,revenue house,,D,blue
4601,http://www.wikidata.org/entity/Q98606925,,Point(11.070570809 49.46038839),0.873,49.460388390824,11.07057080926,1,http://www.wikidata.org/entity/Q11755880,Wohnhaus,residential building,,D,blue
4602,http://www.wikidata.org/entity/Q98606930,,Point(11.058565116 49.455708956),1.369,49.455708956478,11.058565116654,1,http://www.wikidata.org/entity/Q537127,Straßenbrücke,road bridge,,D,blue
4603,http://www.wikidata.org/entity/Q98606931,,Point(11.072698515 49.459573447),0.716,49.459573447718,11.072698515798,1,http://www.wikidata.org/entity/Q11755880,Wohnhaus,residential building,,D,blue
4604,http://www.wikidata.org/entity/Q98606929,,Point(11.066617013 49.462196778),1.205,49.462196778212,11.066617013579,1,http://www.wikidata.org/entity/Q11755880,Wohnhaus,residential building,,D,blue
4605,http://www.wikidata.org/entity/Q98606934,,Point(11.071188431 49.462105732),1.016,49.462105732064,11.071188431574,1,http://www.wikidata.org/entity/Q1577547,Mietshaus,revenue house,,D,blue
4606,http://www.wikidata.org/entity/Q98606935,,Point(11.070999137 49.462167346),1.029,49.462167346358,11.070999137535,1,http://www.wikidata.org/entity/Q11755880,Wohnhaus,residential building,,D,blue
4607,http://www.wikidata.org/entity/Q98606932,,Point(11.072644924 49.459751808),0.735,49.459751808157,11.072644924475,1,http://www.wikidata.org/entity/Q1577547,Mietshaus,revenue house,,D,blue
4608,http://www.wikidata.org/entity/Q98606938,,Point(11.070060232 49.464341829),1.276,49.464341829255,11.070060232346,1,http://www.wikidata.org/entity/Q11755880,Wohnhaus,residential building,,D,blue
4609,http://www.wikidata.org/entity/Q98606939,,Point(11.069803653 49.464834426),1.334,49.464834426717,11.069803653663,1,http://www.wikidata.org/entity/Q11755880,Wohnhaus,residential building,,D,blue
4610,http://www.wikidata.org/entity/Q98606936,,Point(11.070270945 49.463899863),1.225,49.463899863602,11.070270945343,1,http://www.wikidata.org/entity/Q11755880,Wohnhaus,residential building,,D,blue
4611,http://www.wikidata.org/entity/Q98606937,,Point(11.070185048 49.464037408),1.242,49.464037408899,11.070185048898,1,http://www.wikidata.org/entity/Q1577547,Mietshaus,revenue house,,D,blue
4612,http://www.wikidata.org/entity/Q98606942,,Point(11.070885895 49.457842636),0.64,49.45784263696,11.070885895418,1,http://www.wikidata.org/entity/Q11755880,Wohnhaus,residential building,,D,blue
4613,http://www.wikidata.org/entity/Q98606943,,Point(11.07052683 49.457843061),0.659,49.457843061399,11.070526830436,1,http://www.wikidata.org/entity/Q13883136,Gießerei,foundry,,D,blue
4614,http://www.wikidata.org/entity/Q98606940,,Point(11.071915371 49.457865447),0.59,49.457865447355,11.071915371271,1,http://www.wikidata.org/entity/Q11755880,Wohnhaus,residential building,,D,blue
4615,http://www.wikidata.org/entity/Q98606941,,Point(11.071376265 49.458043157),0.631,49.458043157239,11.071376265697,1,http://www.wikidata.org/entity/Q3950,Villa,villa,,D,blue
4616,http://www.wikidata.org/entity/Q98606946,,Point(11.069400344 49.458797812),0.791,49.458797812867,11.069400344012,1,http://www.wikidata.org/entity/Q3950,Villa,villa,,D,blue
4617,http://www.wikidata.org/entity/Q98606947,,Point(11.064375703 49.462002298),1.3,49.462002298227,11.064375703279,1,http://www.wikidata.org/entity/Q11755880,Wohnhaus,residential building,,D,blue
4618,http://www.wikidata.org/entity/Q98606944,,Point(11.070237023 49.457866632),0.677,49.4578666325,11.070237023989,1,http://www.wikidata.org/entity/Q1577547,Mietshaus,revenue house,,D,blue
4619,http://www.wikidata.org/entity/Q98606953,,Point(11.072189115 49.458307947),0.616,49.458307947693,11.072189115651,1,http://www.wikidata.org/entity/Q1577547,Mietshaus,revenue house,,D,blue
4620,http://www.wikidata.org/entity/Q98606958,,Point(11.069909753 49.458428847),0.736,49.458428847948,11.069909753527,1,http://www.wikidata.org/entity/Q1577547,Mietshaus,revenue house,,D,blue
4621,http://www.wikidata.org/entity/Q98606959,,Point(11.064725153 49.456497806),0.954,49.456497806449,11.064725153802,1,http://www.wikidata.org/entity/Q11755880,Wohnhaus,residential building,,D,blue
4622,http://www.wikidata.org/entity/Q98606956,,Point(11.070499692 49.458405067),0.704,49.458405067901,11.070499692186,1,http://www.wikidata.org/entity/Q1577547,Mietshaus,revenue house,,D,blue
4623,http://www.wikidata.org/entity/Q98606963,,Point(11.06577604 49.461214614),1.166,49.461214614258,11.065776040352,1,http://www.wikidata.org/entity/Q3950,Villa,villa,,D,blue
4624,http://www.wikidata.org/entity/Q98606961,,Point(11.064022017 49.456852957),1.015,49.45685295708,11.064022017767,1,http://www.wikidata.org/entity/Q1303167,Scheune,barn,,D,blue
4625,http://www.wikidata.org/entity/Q98606964,,Point(11.065776179 49.461936913),1.224,49.461936913442,11.065776179545,1,http://www.wikidata.org/entity/Q1577547,Mietshaus,revenue house,,D,blue
4626,http://www.wikidata.org/entity/Q98606965,,Point(11.065755093 49.462089594),1.237,49.462089594323,11.065755093199,1,http://www.wikidata.org/entity/Q11755880,Wohnhaus,residential building,,D,blue
4627,http://www.wikidata.org/entity/Q98606970,,Point(11.071020042 49.460733803),0.888,49.460733803674,11.07102004264,1,http://www.wikidata.org/entity/Q1577547,Mietshaus,revenue house,,D,blue
4628,http://www.wikidata.org/entity/Q98606968,,Point(11.068092348 49.455402312),0.687,49.455402312304,11.068092348716,1,http://www.wikidata.org/entity/Q43483,Armbrustschützenbrunnen (Nürnberg),water well,,D,blue
4629,http://www.wikidata.org/entity/Q98606978,,Point(11.064830034 49.45876054),1.052,49.458760540841,11.064830034318,1,http://www.wikidata.org/entity/Q11755880,Wohnhaus,residential building,,D,blue
4630,http://www.wikidata.org/entity/Q98606979,,Point(11.064750498 49.458356374),1.035,49.458356374324,11.064750498324,1,http://www.wikidata.org/entity/Q11755880,Wohnhaus,residential building,,D,blue
4631,http://www.wikidata.org/entity/Q98606976,,Point(11.065265483 49.458671405),1.02,49.458671405137,11.06526548359,1,http://www.wikidata.org/entity/Q11755880,Wohnhaus,residential building,,D,blue
4632,http://www.wikidata.org/entity/Q98606977,,Point(11.065374827 49.458206678),0.987,49.458206678394,11.065374827265,1,http://www.wikidata.org/entity/Q11755880,Wohnhaus,residential building,,D,blue
4633,http://www.wikidata.org/entity/Q98606980,,Point(11.064419754 49.458418019),1.059,49.458418019407,11.064419754169,1,http://www.wikidata.org/entity/Q11755880,Wohnhaus,residential building,,D,blue
4634,http://www.wikidata.org/entity/Q98606981,,Point(11.064170587 49.458497889),1.079,49.458497889022,11.064170587718,1,http://www.wikidata.org/entity/Q11755880,Wohnhaus,residential building,,D,blue
4635,http://www.wikidata.org/entity/Q98606986,,Point(11.06968241 49.462462813),1.102,49.462462813448,11.069682410616,1,http://www.wikidata.org/entity/Q11755880,Wohnhaus,residential building,,D,blue
4636,http://www.wikidata.org/entity/Q98606987,,Point(11.06949996 49.462445555),1.107,49.46244555526,11.069499960948,1,http://www.wikidata.org/entity/Q11755880,Wohnhaus,residential building,,D,blue
4637,http://www.wikidata.org/entity/Q98606984,,Point(11.062990997 49.459168929),1.19,49.459168929236,11.062990997493,1,http://www.wikidata.org/entity/Q1577547,Mietshaus,revenue house,,D,blue
4638,http://www.wikidata.org/entity/Q98606985,,Point(11.060281302 49.459728005),1.392,49.459728005774,11.060281302295,1,http://www.wikidata.org/entity/Q1577547,Mietshaus,revenue house,,D,blue
4639,http://www.wikidata.org/entity/Q98606990,,Point(11.063855079 49.461332512),1.278,49.461332512273,11.063855079266,1,http://www.wikidata.org/entity/Q11755880,Wohnhaus,residential building,,D,blue
4640,http://www.wikidata.org/entity/Q98606991,,Point(11.061615528 49.460367975),1.344,49.460367975627,11.061615528309,1,http://www.wikidata.org/entity/Q1577547,Mietshaus,revenue house,,D,blue
4641,http://www.wikidata.org/entity/Q98606988,,Point(11.069347384 49.462412537),1.11,49.462412537842,11.069347384443,1,http://www.wikidata.org/entity/Q11755880,Wohnhaus,residential building,,D,blue
4642,http://www.wikidata.org/entity/Q98606989,,Point(11.06915883 49.462421967),1.118,49.462421967204,11.069158830276,1,http://www.wikidata.org/entity/Q1577547,Mietshaus,revenue house,,D,blue
4643,http://www.wikidata.org/entity/Q98606994,,Point(11.060735698 49.459665401),1.359,49.459665401885,11.060735698674,1,http://www.wikidata.org/entity/Q1577547,Mietshaus,revenue house,,D,blue
4644,http://www.wikidata.org/entity/Q98606995,,Point(11.068420847 49.459461223),0.893,49.459461223432,11.068420847095,1,http://www.wikidata.org/entity/Q11755880,Wohnhaus,residential building,,D,blue
4645,http://www.wikidata.org/entity/Q98606992,,Point(11.061723279 49.460477715),1.344,49.460477715589,11.061723279888,1,http://www.wikidata.org/entity/Q1577547,Mietshaus,revenue house,,D,blue
4646,http://www.wikidata.org/entity/Q98606993,,Point(11.060438412 49.459811813),1.386,49.459811813647,11.060438412102,1,http://www.wikidata.org/entity/Q1577547,Mietshaus,revenue house,,D,blue
4647,http://www.wikidata.org/entity/Q98606999,,Point(11.060579566 49.460511769),1.416,49.460511769649,11.06057956644,1,http://www.wikidata.org/entity/Q1577547,Mietshaus,revenue house,,D,blue
4648,http://www.wikidata.org/entity/Q98606996,,Point(11.0679578 49.461059607),1.046,49.461059607093,11.067957800883,1,http://www.wikidata.org/entity/Q1244442,Schulgebäude,school building,,D,blue
4649,http://www.wikidata.org/entity/Q98606997,,Point(11.068029738 49.461383028),1.071,49.461383028764,11.068029738279,1,http://www.wikidata.org/entity/Q11755880,Wohnhaus,residential building,,D,blue
4650,http://www.wikidata.org/entity/Q98607002,,Point(11.070035001 49.455438647),0.553,49.455438647475,11.070035001538,1,http://www.wikidata.org/entity/Q179700,Beethoven Monument,statue,,D,blue
4652,http://www.wikidata.org/entity/Q98607003,,Point(11.071521587 49.457156224),0.555,49.457156224247,11.071521587619,1,http://www.wikidata.org/entity/Q183061,Sandsteinfassade,façade,,D,blue
4653,http://www.wikidata.org/entity/Q98607000,,Point(11.060303457 49.46052196),1.434,49.460521960392,11.060303457632,1,http://www.wikidata.org/entity/Q11755880,Wohnhaus,residential building,,D,blue
4654,http://www.wikidata.org/entity/Q98607001,,Point(11.060119602 49.460531652),1.446,49.460531652349,11.060119602586,1,http://www.wikidata.org/entity/Q1577547,Mietshaus,revenue house,,D,blue
4655,http://www.wikidata.org/entity/Q98607006,,Point(11.065064351 49.457120375),0.955,49.45712037523,11.065064351867,1,http://www.wikidata.org/entity/Q1371789,Gartenhaus,vacation home,,D,blue
4656,http://www.wikidata.org/entity/Q98607007,,Point(11.070331886 49.46376211),1.209,49.463762110295,11.070331886992,1,http://www.wikidata.org/entity/Q1577547,Mietshaus,revenue house,,D,blue
4657,http://www.wikidata.org/entity/Q98607005,,Point(11.065225773 49.457114947),0.944,49.457114947148,11.06522577398,1,http://www.wikidata.org/entity/Q1371789,Gartenhaus,vacation home,,D,blue
4658,http://www.wikidata.org/entity/Q98607011,,Point(11.069843855 49.463231819),1.172,49.463231819103,11.069843855956,1,http://www.wikidata.org/entity/Q11755880,Wohnhaus,residential building,,D,blue
4659,http://www.wikidata.org/entity/Q98607008,,Point(11.070061444 49.463681956),1.21,49.463681956797,11.070061444151,1,http://www.wikidata.org/entity/Q1577547,Mietshaus,revenue house,,D,blue
4660,http://www.wikidata.org/entity/Q98607009,,Point(11.069792882 49.463618557),1.212,49.463618557048,11.069792882339,1,http://www.wikidata.org/entity/Q1577547,Mietshaus,revenue house,,D,blue
4661,http://www.wikidata.org/entity/Q98607014,,Point(11.069463293 49.463164284),1.178,49.463164284554,11.069463293033,1,http://www.wikidata.org/entity/Q1577547,Mietshaus,revenue house,,D,blue
4662,http://www.wikidata.org/entity/Q98607012,,Point(11.069302715 49.463470508),1.214,49.463470508083,11.069302715242,1,http://www.wikidata.org/entity/Q1577547,Mietshaus,revenue house,,D,blue
4663,http://www.wikidata.org/entity/Q98607013,,Point(11.069645694 49.463200855),1.176,49.463200855866,11.069645694323,1,http://www.wikidata.org/entity/Q1577547,Mietshaus,revenue house,,D,blue
4664,http://www.wikidata.org/entity/Q98607019,,Point(11.063184152 49.459134686),1.176,49.45913468688,11.06318415233,1,http://www.wikidata.org/entity/Q1577547,Mietshaus,revenue house,,D,blue
4665,http://www.wikidata.org/entity/Q98607017,,Point(11.068666169 49.463323384),1.222,49.463323384013,11.068666169556,1,http://www.wikidata.org/entity/Q11755880,Wohnhaus,residential building,,D,blue
4666,http://www.wikidata.org/entity/Q98607022,,Point(11.070174537 49.462557742),1.094,49.462557742537,11.07017453779,1,http://www.wikidata.org/entity/Q18760306,Wohn- und Geschäftshaus,residential and commercial building,,D,blue
4667,http://www.wikidata.org/entity/Q98607023,,Point(11.069895439 49.462658357),1.114,49.462658357588,11.069895439453,1,http://www.wikidata.org/entity/Q1577547,Mietshaus,revenue house,,D,blue
4668,http://www.wikidata.org/entity/Q98607020,,Point(11.06296737 49.460958679),1.301,49.460958679002,11.062967370802,1,http://www.wikidata.org/entity/Q1577547,Mietshaus,revenue house,,D,blue
4669,http://www.wikidata.org/entity/Q98607021,,Point(11.070433199 49.46057061),0.895,49.460570610644,11.070433199225,1,http://www.wikidata.org/entity/Q11755880,Wohnhaus,residential building,,D,blue
4670,http://www.wikidata.org/entity/Q98607026,,Point(11.069852129 49.462925768),1.141,49.462925768627,11.069852129127,1,http://www.wikidata.org/entity/Q1577547,Mietshaus,revenue house,,D,blue
4671,http://www.wikidata.org/entity/Q98607027,,Point(11.069302549 49.462794563),1.148,49.46279456306,11.0693025492,1,http://www.wikidata.org/entity/Q11755880,Wohnhaus,residential building,,D,blue
4672,http://www.wikidata.org/entity/Q98607024,,Point(11.069664891 49.462706541),1.127,49.462706541952,11.069664891695,1,http://www.wikidata.org/entity/Q1577547,Mietshaus,revenue house,,D,blue
4673,http://www.wikidata.org/entity/Q98607025,,Point(11.070042786 49.46289292),1.132,49.462892920248,11.070042786297,1,http://www.wikidata.org/entity/Q1577547,Mietshaus,revenue house,,D,blue
4674,http://www.wikidata.org/entity/Q98607030,,Point(11.069098149 49.462813999),1.157,49.462813999021,11.069098149176,1,http://www.wikidata.org/entity/Q1577547,Mietshaus,revenue house,,D,blue
4675,http://www.wikidata.org/entity/Q98607031,,Point(11.069116077 49.462558987),1.133,49.46255898767,11.069116077489,1,http://www.wikidata.org/entity/Q1577547,Mietshaus,revenue house,,D,blue
4676,http://www.wikidata.org/entity/Q98607028,,Point(11.069662024 49.462972743),1.153,49.462972743142,11.069662024116,1,http://www.wikidata.org/entity/Q11755880,Wohnhaus,residential building,,D,blue
4677,http://www.wikidata.org/entity/Q98607029,,Point(11.069096357 49.462672403),1.144,49.462672403822,11.069096357668,1,http://www.wikidata.org/entity/Q1577547,Mietshaus,revenue house,,D,blue
4678,http://www.wikidata.org/entity/Q98607034,,Point(11.062434189 49.460893482),1.328,49.460893482665,11.062434189862,1,http://www.wikidata.org/entity/Q1577547,Mietshaus,revenue house,,D,blue
4679,http://www.wikidata.org/entity/Q98607035,,Point(11.067689091 49.457581072),0.808,49.457581072076,11.067689091715,1,http://www.wikidata.org/entity/Q1577547,Mietshaus,revenue house,,D,blue
4680,http://www.wikidata.org/entity/Q98607033,,Point(11.062799242 49.460918237),1.308,49.460918237776,11.062799242129,1,http://www.wikidata.org/entity/Q11755880,Wohnhaus,residential building,,D,blue
4681,http://www.wikidata.org/entity/Q98607038,,Point(11.065404881 49.457096925),0.931,49.457096925527,11.065404881127,1,http://www.wikidata.org/entity/Q1371789,Gartenhaus,vacation home,,D,blue
4682,http://www.wikidata.org/entity/Q98607036,,Point(11.066413622 49.457125575),0.866,49.457125575193,11.066413622018,1,http://www.wikidata.org/entity/Q1371789,Gartenhaus,vacation home,,D,blue
4683,http://www.wikidata.org/entity/Q98607037,,Point(11.065545611 49.457075585),0.921,49.457075585805,11.065545611496,1,http://www.wikidata.org/entity/Q276173,Gartenpavillon,pavilion,,D,blue
4684,http://www.wikidata.org/entity/Q98607042,,Point(11.072288137 49.459336178),0.707,49.459336178512,11.072288137574,1,http://www.wikidata.org/entity/Q1577547,Mietshaus,revenue house,,D,blue
4685,http://www.wikidata.org/entity/Q98607043,,Point(11.072060179 49.45934395),0.717,49.459343950731,11.07206017902,1,http://www.wikidata.org/entity/Q1577547,Mietshaus,revenue house,,D,blue
4686,http://www.wikidata.org/entity/Q98607040,,Point(11.07256897 49.459317542),0.695,49.459317542184,11.072568970629,1,http://www.wikidata.org/entity/Q11755880,Wohnhaus,residential building,,D,blue
4687,http://www.wikidata.org/entity/Q98607046,,Point(11.071350937 49.459383464),0.749,49.459383464084,11.071350937534,1,http://www.wikidata.org/entity/Q11755880,Wohnhaus,residential building,,D,blue
4688,http://www.wikidata.org/entity/Q98607047,,Point(11.070726598 49.459433438),0.78,49.459433438631,11.070726598176,1,http://www.wikidata.org/entity/Q11755880,Wohnhaus,residential building,,D,blue
4689,http://www.wikidata.org/entity/Q98607050,,Point(11.069548637 49.459765024),0.862,49.459765024952,11.069548637595,1,http://www.wikidata.org/entity/Q11755880,Wohnhaus,residential building,,D,blue
4690,http://www.wikidata.org/entity/Q98607051,,Point(11.068917841 49.45956817),0.876,49.459568170301,11.068917841466,1,http://www.wikidata.org/entity/Q11755880,Wohnhaus,residential building,,D,blue
4691,http://www.wikidata.org/entity/Q98607049,,Point(11.069116395 49.45928071),0.843,49.459280710127,11.069116395248,1,http://www.wikidata.org/entity/Q3950,Villa,villa,,D,blue
4692,http://www.wikidata.org/entity/Q98607054,,Point(11.06842883 49.459591275),0.903,49.459591275854,11.068428830706,1,http://www.wikidata.org/entity/Q11755880,Wohnhaus,residential building,,D,blue
4693,http://www.wikidata.org/entity/Q98607055,,Point(11.068601304 49.459804806),0.911,49.45980480643,11.068601304132,1,http://www.wikidata.org/entity/Q11755880,Wohnhaus,residential building,,D,blue
4694,http://www.wikidata.org/entity/Q98607052,,Point(11.068960937 49.459839359),0.896,49.459839359432,11.068960937838,1,http://www.wikidata.org/entity/Q11755880,Wohnhaus,residential building,,D,blue
4695,http://www.wikidata.org/entity/Q98607053,,Point(11.068581274 49.459587789),0.895,49.459587789987,11.068581274699,1,http://www.wikidata.org/entity/Q1577547,Mietshaus,revenue house,,D,blue
4696,http://www.wikidata.org/entity/Q98607056,,Point(11.068440552 49.459839192),0.922,49.459839192769,11.068440552364,1,http://www.wikidata.org/entity/Q1577547,Mietshaus,revenue house,,D,blue
4697,http://www.wikidata.org/entity/Q98607057,,Point(11.066679232 49.461279549),1.126,49.46127954929,11.066679232754,1,http://www.wikidata.org/entity/Q11755880,Wohnhaus,residential building,,D,blue
4698,http://www.wikidata.org/entity/Q98607062,,Point(11.070293998 49.459424568),0.798,49.459424568203,11.070293998789,1,http://www.wikidata.org/entity/Q11755880,Wohnhaus,residential building,,D,blue
4699,http://www.wikidata.org/entity/Q98607063,,Point(11.063159449 49.45942345),1.194,49.459423450804,11.063159449747,1,http://www.wikidata.org/entity/Q1577547,Mietshaus,revenue house,,D,blue
4700,http://www.wikidata.org/entity/Q98607060,,Point(11.06310502 49.458322286),1.139,49.458322286825,11.063105020588,1,http://www.wikidata.org/entity/Q11755880,Wohnhaus,residential building,,D,blue
4701,http://www.wikidata.org/entity/Q98607061,,Point(11.066681099 49.461002654),1.103,49.461002654388,11.066681099902,1,http://www.wikidata.org/entity/Q11755880,Wohnhaus,residential building,,D,blue
4702,http://www.wikidata.org/entity/Q98607066,,Point(11.075639697 49.444240969),1.078,49.444240969534,11.075639697358,1,http://www.wikidata.org/entity/Q1188673,Straßenunterführung,subway,,D,blue
4703,http://www.wikidata.org/entity/Q98607065,,Point(11.062617703 49.460909533),1.318,49.460909533944,11.062617703366,1,http://www.wikidata.org/entity/Q1577547,Mietshaus,revenue house,,D,blue
4704,http://www.wikidata.org/entity/Q98607068,,Point(11.074805839 49.444942686),1.009,49.444942686119,11.074805839964,1,http://www.wikidata.org/entity/Q747567,Haupt- und Nebenrisalit,avant-corps,,D,blue
4705,http://www.wikidata.org/entity/Q98607069,,Point(11.071207812 49.444865305),1.094,49.444865305084,11.071207812355,1,http://www.wikidata.org/entity/Q1577547,Mietshaus,revenue house,,D,blue
4706,http://www.wikidata.org/entity/Q98607074,,Point(11.080852647 49.444862739),1.034,49.444862739395,11.080852647675,1,http://www.wikidata.org/entity/Q1210334,Bahnbrücke,railway bridge,,D,blue
4707,http://www.wikidata.org/entity/Q98607075,,Point(11.08548354 49.446055101),1.051,49.446055101454,11.085483540789,1,http://www.wikidata.org/entity/Q79007,Straßenunterführung,street,,D,blue
4709,http://www.wikidata.org/entity/Q98607073,,Point(11.081646282 49.446682918),0.859,49.446682918693,11.081646282056,1,http://www.wikidata.org/entity/Q13964,Litfaßsäule,advertising column,,D,blue
4710,http://www.wikidata.org/entity/Q98607083,,Point(11.053673552 49.4610868),1.887,49.461086800521,11.053673552604,1,http://www.wikidata.org/entity/Q1577547,Mietshaus,revenue house,,D,blue
4711,http://www.wikidata.org/entity/Q98607086,,Point(11.057343636 49.458457988),1.53,49.458457988493,11.057343636043,1,http://www.wikidata.org/entity/Q1577547,Mietshaus,revenue house,,D,blue
4712,http://www.wikidata.org/entity/Q98607087,,Point(11.05686875 49.466917991),2.07,49.46691799135,11.056868750163,1,http://www.wikidata.org/entity/Q3950,Villa,villa,,D,blue
4713,http://www.wikidata.org/entity/Q98607084,,Point(11.055402271 49.459850035),1.716,49.459850035143,11.055402271501,1,http://www.wikidata.org/entity/Q607241,Pfarrhaus,clergy house,,D,blue
4714,http://www.wikidata.org/entity/Q98607085,,Point(11.055723572 49.458976778),1.659,49.458976778528,11.055723572995,1,http://www.wikidata.org/entity/Q11755880,Wohnhaus,residential building,,D,blue
4715,http://www.wikidata.org/entity/Q98607088,,Point(11.055765951 49.459992768),1.699,49.459992768379,11.055765951903,1,http://www.wikidata.org/entity/Q1936626,Saalkirche,aisleless church,,D,blue
4716,http://www.wikidata.org/entity/Q98608150,,Point(11.076990961 49.462510004),0.961,49.462510004999,11.076990961723,1,http://www.wikidata.org/entity/Q11755880,Wohnhaus,residential building,,D,blue
4717,http://www.wikidata.org/entity/Q98608152,,Point(11.081829962 49.455930064),0.4,49.455930064928,11.081829962748,1,http://www.wikidata.org/entity/Q11755880,Wohnhaus,residential building,,D,blue
4718,http://www.wikidata.org/entity/Q98608153,,Point(11.070117358 49.451533529),0.581,49.451533529697,11.070117358627,1,http://www.wikidata.org/entity/Q627329,Arbeitsamt,job centre,,D,blue
4719,http://www.wikidata.org/entity/Q98608158,,Point(11.061783797 49.451438204),1.154,49.451438204866,11.061783797664,1,http://www.wikidata.org/entity/Q1577547,Mietshaus,revenue house,,D,blue
4720,http://www.wikidata.org/entity/Q98608159,,Point(11.049610061 49.452614369),2.006,49.452614369247,11.049610061339,1,http://www.wikidata.org/entity/Q1577547,Mietshaus,revenue house,,D,blue
4721,http://www.wikidata.org/entity/Q98608157,,Point(11.074613038 49.453280845),0.205,49.453280845897,11.074613038643,1,http://www.wikidata.org/entity/Q18760306,Wohn- und Geschäftshaus,residential and commercial building,,D,blue
4722,http://www.wikidata.org/entity/Q98608162,,Point(11.07328196 49.445864443),0.936,49.445864443223,11.073281960555,1,http://www.wikidata.org/entity/Q1577547,Mietshaus,revenue house,,D,blue
4723,http://www.wikidata.org/entity/Q98608163,,Point(11.062009252 49.446119193),1.402,49.446119193666,11.062009252372,1,http://www.wikidata.org/entity/Q1577547,Mietshaus,revenue house,,D,blue
4724,http://www.wikidata.org/entity/Q98608160,,Point(11.075059594 49.455500387),0.243,49.455500387214,11.075059594794,1,http://www.wikidata.org/entity/Q18760306,Wohn- und Geschäftshaus,residential and commercial building,,D,blue
4725,http://www.wikidata.org/entity/Q98608161,,Point(11.072185959 49.455136571),0.395,49.455136571455,11.072185959028,1,http://www.wikidata.org/entity/Q11755880,Handwerkerhaus,residential building,,D,blue
4726,http://www.wikidata.org/entity/Q98608166,,Point(11.058846757 49.446587043),1.56,49.446587043215,11.058846757564,1,http://www.wikidata.org/entity/Q35054,Postamt,post office,,D,blue
4727,http://www.wikidata.org/entity/Q98608165,,Point(11.0592038 49.454340162),1.309,49.454340162125,11.059203800208,1,http://www.wikidata.org/entity/Q1577547,Mietshaus,revenue house,,D,blue
4728,http://www.wikidata.org/entity/Q98608171,,Point(11.076836533 49.456692152),0.315,49.456692152426,11.076836533874,1,http://www.wikidata.org/entity/Q11755880,Handwerkerhaus,residential building,,D,blue
4729,http://www.wikidata.org/entity/Q98608168,,Point(11.075275627 49.454059399),0.148,49.454059399057,11.0752756272,1,http://www.wikidata.org/entity/Q1021106,Bürgerhaus,bourgeois house,,D,blue
4730,http://www.wikidata.org/entity/Q98608169,,Point(11.071998933 49.451141802),0.489,49.451141802536,11.071998933959,1,http://www.wikidata.org/entity/Q18760306,Wohn- und Geschäftshaus,residential and commercial building,,D,blue
4731,http://www.wikidata.org/entity/Q98608174,,Point(11.07401186 49.464422341),1.197,49.464422341804,11.074011860487,1,http://www.wikidata.org/entity/Q11755880,Wohnhaus,residential building,,D,blue
4732,http://www.wikidata.org/entity/Q98608172,,Point(11.076169384 49.456903378),0.347,49.456903378372,11.076169384511,1,http://www.wikidata.org/entity/Q1021106,Bürgerhaus,bourgeois house,,D,blue
4733,http://www.wikidata.org/entity/Q98608178,,Point(11.074431453 49.45621047),0.332,49.456210470221,11.074431453049,1,http://www.wikidata.org/entity/Q1021106,Bürgerhaus,bourgeois house,,D,blue
4734,http://www.wikidata.org/entity/Q98608176,,Point(11.086359403 49.439022022),1.776,49.439022022493,11.086359403762,1,http://www.wikidata.org/entity/Q1577547,Mietshaus,revenue house,,D,blue
4735,http://www.wikidata.org/entity/Q98608177,,Point(11.073360694 49.455430221),0.333,49.455430221069,11.073360694775,1,http://www.wikidata.org/entity/Q11755880,Handwerkerhaus,residential building,,D,blue
4736,http://www.wikidata.org/entity/Q98608182,,Point(11.07238942 49.455536853),0.4,49.455536853052,11.072389420758,1,http://www.wikidata.org/entity/Q5526694,Gasthaus,Gasthaus,,D,blue
4737,http://www.wikidata.org/entity/Q98608183,,Point(11.082860358 49.450101897),0.581,49.450101897848,11.082860358676,1,http://www.wikidata.org/entity/Q18760306,Wohn- und Geschäftshaus,residential and commercial building,,D,blue
4738,http://www.wikidata.org/entity/Q98608180,,Point(11.075168066 49.454041658),0.155,49.454041658952,11.075168066451,1,http://www.wikidata.org/entity/Q1021106,Bürgerhaus,bourgeois house,,D,blue
4739,http://www.wikidata.org/entity/Q98608181,,Point(11.063724378 49.45855767),1.111,49.458557670273,11.063724378107,1,http://www.wikidata.org/entity/Q11755880,Wohnhaus,residential building,,D,blue
4740,http://www.wikidata.org/entity/Q98608186,,Point(11.074958642 49.457232008),0.41,49.457232008188,11.074958642821,1,http://www.wikidata.org/entity/Q1021106,Bürgerhaus,bourgeois house,,D,blue
4741,http://www.wikidata.org/entity/Q98608187,,Point(11.061371328 49.44539286),1.488,49.445392860527,11.061371328857,1,http://www.wikidata.org/entity/Q1577547,Mietshaus,revenue house,,D,blue
4742,http://www.wikidata.org/entity/Q98608185,,Point(11.072895626 49.454028398),0.319,49.454028398697,11.072895626686,1,http://www.wikidata.org/entity/Q1021106,Bürgerhaus,bourgeois house,,D,blue
4743,http://www.wikidata.org/entity/Q98608190,,Point(11.072043867 49.455182407),0.407,49.45518240736,11.072043867231,1,http://www.wikidata.org/entity/Q11755880,Handwerkerhaus,residential building,,D,blue
4744,http://www.wikidata.org/entity/Q98608191,,Point(11.081108682 49.474811792),2.345,49.474811792015,11.081108682923,1,http://www.wikidata.org/entity/Q2588110,Wohnstallhaus,aisled house,,D,blue
4745,http://www.wikidata.org/entity/Q98608188,,Point(11.072283559 49.474251556),2.295,49.474251556424,11.07228355936,1,http://www.wikidata.org/entity/Q1577547,Mietshaus,revenue house,,D,blue
4746,http://www.wikidata.org/entity/Q98608189,,Point(11.076777676 49.446283588),0.845,49.446283588541,11.076777676484,1,http://www.wikidata.org/entity/Q41176,Büro- und Verwaltungsgebäude,building,,D,blue
4747,http://www.wikidata.org/entity/Q98608194,,Point(11.059312482 49.444995452),1.632,49.444995452552,11.059312482761,1,http://www.wikidata.org/entity/Q1577547,Mietshaus,revenue house,,D,blue
4749,http://www.wikidata.org/entity/Q98608192,,Point(11.108194228 49.49108298),4.701,49.491082980835,11.108194228779,1,http://www.wikidata.org/entity/Q6453233,Doppelhaus,duplex,,D,blue
4750,http://www.wikidata.org/entity/Q98608193,,Point(11.072655289 49.458283667),0.594,49.458283667142,11.072655289521,1,http://www.wikidata.org/entity/Q1577547,Mietshaus,revenue house,,D,blue
4751,http://www.wikidata.org/entity/Q98608199,,Point(11.073185184 49.455301969),0.337,49.45530196927,11.073185184724,1,http://www.wikidata.org/entity/Q11755880,Handwerkerhaus,residential building,,D,blue
4752,http://www.wikidata.org/entity/Q98608196,,Point(11.074259159 49.451838295),0.315,49.451838295217,11.074259159036,1,http://www.wikidata.org/entity/Q655686,Geschäftshaus,commercial building,,D,blue
4753,http://www.wikidata.org/entity/Q98608197,,Point(11.074922975 49.455891837),0.283,49.455891837021,11.074922975854,1,http://www.wikidata.org/entity/Q18760306,Wohn- und Geschäftshaus,residential and commercial building,,D,blue
4754,http://www.wikidata.org/entity/Q98608202,,Point(11.081438176 49.452058121),0.361,49.452058121702,11.081438176023,1,http://www.wikidata.org/entity/Q1021106,Bürgerhaus,bourgeois house,,D,blue
4755,http://www.wikidata.org/entity/Q98608203,,Point(11.071976126 49.458357927),0.63,49.45835792763,11.07197612679,1,http://www.wikidata.org/entity/Q11755880,Wohnhaus,residential building,,D,blue
4756,http://www.wikidata.org/entity/Q98608200,,Point(11.071952125 49.461228328),0.905,49.461228328721,11.071952125504,1,http://www.wikidata.org/entity/Q11755880,Wohnhaus,residential building,,D,blue
4757,http://www.wikidata.org/entity/Q98608204,,Point(11.050255093 49.454207828),1.955,49.45420782873,11.050255093909,1,http://www.wikidata.org/entity/Q1244442,Schulgebäude,school building,,D,blue
4758,http://www.wikidata.org/entity/Q98608205,,Point(11.054199312 49.45060472),1.709,49.450604720154,11.05419931214,1,http://www.wikidata.org/entity/Q1244442,Schulgebäude,school building,,D,blue
4759,http://www.wikidata.org/entity/Q98608210,,Point(11.061230453 49.445943657),1.458,49.445943657212,11.061230453928,1,http://www.wikidata.org/entity/Q1577547,Mietshaus,revenue house,,D,blue
4760,http://www.wikidata.org/entity/Q98608209,,Point(11.072249615 49.458661228),0.646,49.458661228337,11.072249615004,1,http://www.wikidata.org/entity/Q1577547,Mietshaus,revenue house,,D,blue
4761,http://www.wikidata.org/entity/Q98608214,,Point(11.074244048 49.457164936),0.428,49.457164936232,11.074244048063,1,http://www.wikidata.org/entity/Q11755880,Handwerkerhaus,residential building,,D,blue
4762,http://www.wikidata.org/entity/Q98608212,,Point(11.052707537 49.449408325),1.845,49.449408325183,11.052707537026,1,http://www.wikidata.org/entity/Q1577547,Mietshaus,revenue house,,D,blue
4763,http://www.wikidata.org/entity/Q98608213,,Point(11.060048638 49.446509729),1.492,49.446509729355,11.060048638882,1,http://www.wikidata.org/entity/Q1577547,Mietshaus,revenue house,,D,blue
4764,http://www.wikidata.org/entity/Q98608218,,Point(11.063889905 49.45671908),1.02,49.456719080736,11.063889905236,1,http://www.wikidata.org/entity/Q185187,Wassermühle,watermill,,D,blue
4765,http://www.wikidata.org/entity/Q98608219,,Point(11.079205877 49.463466815),1.076,49.463466815368,11.079205877573,1,http://www.wikidata.org/entity/Q1577547,Mietshaus,revenue house,,D,blue
4766,http://www.wikidata.org/entity/Q98608217,,Point(11.074101914 49.445797019),0.927,49.44579701974,11.074101914962,1,http://www.wikidata.org/entity/Q33506,Museum,museum,,D,blue
4767,http://www.wikidata.org/entity/Q98608222,,Point(11.053487976 49.449197596),1.798,49.449197596269,11.053487976118,1,http://www.wikidata.org/entity/Q1577547,Mietshaus,revenue house,,D,blue
4768,http://www.wikidata.org/entity/Q98608220,,Point(11.079231498 49.462677744),0.989,49.46267774414,11.079231498137,1,http://www.wikidata.org/entity/Q480226,Amtshaus,Amtshaus,,D,blue
4769,http://www.wikidata.org/entity/Q98608221,,Point(11.071217493 49.463865246),1.195,49.463865246834,11.071217493686,1,http://www.wikidata.org/entity/Q11755880,Wohnhaus,residential building,,D,blue
4770,http://www.wikidata.org/entity/Q98608226,,Point(11.072305886 49.454950629),0.38,49.4549506298,11.072305886383,1,http://www.wikidata.org/entity/Q11755880,Handwerkerhaus,residential building,,D,blue
4771,http://www.wikidata.org/entity/Q98608227,,Point(11.053973586 49.45177043),1.702,49.451770430525,11.053973586863,1,http://www.wikidata.org/entity/Q1577547,Mietshaus,revenue house,,D,blue
4772,http://www.wikidata.org/entity/Q98608225,,Point(11.072344592 49.455355254),0.394,49.455355254724,11.072344592039,1,http://www.wikidata.org/entity/Q5526694,Gasthaus,Gasthaus,,D,blue
4773,http://www.wikidata.org/entity/Q98608231,,Point(11.078266787 49.462422287),0.953,49.462422287455,11.078266787528,1,http://www.wikidata.org/entity/Q1577547,Mietshaus,revenue house,,D,blue
4774,http://www.wikidata.org/entity/Q98608228,,Point(11.071511233 49.451372159),0.502,49.451372159482,11.071511233294,1,http://www.wikidata.org/entity/Q58037906,Gerberhaus,Q58037906,,D,blue
4775,http://www.wikidata.org/entity/Q98608234,,Point(11.077208403 49.456616596),0.305,49.456616596351,11.077208403916,1,http://www.wikidata.org/entity/Q1021106,Bürgerhaus,bourgeois house,,D,blue
4776,http://www.wikidata.org/entity/Q98608235,,Point(11.049396107 49.451126157),2.04,49.451126157332,11.049396107388,1,http://www.wikidata.org/entity/Q6453233,Doppelhaus,duplex,,D,blue
4777,http://www.wikidata.org/entity/Q98608233,,Point(11.074419366 49.463147424),1.052,49.463147424647,11.074419366653,1,http://www.wikidata.org/entity/Q11755880,Wohnhaus,residential building,,D,blue
4778,http://www.wikidata.org/entity/Q98608238,,Point(11.079249392 49.45184772),0.266,49.451847720125,11.07924939208,1,http://www.wikidata.org/entity/Q18761864,Bank,bank building,,D,blue
4779,http://www.wikidata.org/entity/Q98608239,,Point(11.05915419 49.454062826),1.312,49.454062826761,11.05915419013,1,http://www.wikidata.org/entity/Q1577547,Mietshaus,revenue house,,D,blue
4780,http://www.wikidata.org/entity/Q98608236,,Point(11.067648845 49.448975556),0.885,49.448975556065,11.067648845899,1,http://www.wikidata.org/entity/Q18760306,Wohn- und Geschäftshaus,residential and commercial building,,D,blue
4782,http://www.wikidata.org/entity/Q98608242,,Point(11.075385365 49.457047352),0.379,49.457047352207,11.075385365903,1,http://www.wikidata.org/entity/Q1021106,Bürgerhaus,bourgeois house,,D,blue
4783,http://www.wikidata.org/entity/Q98608240,,Point(11.07403367 49.456326867),0.361,49.456326867318,11.074033670318,1,http://www.wikidata.org/entity/Q18760306,Wohn- und Geschäftshaus,residential and commercial building,,D,blue
4784,http://www.wikidata.org/entity/Q98608241,,Point(11.075531454 49.456320156),0.301,49.456320156535,11.075531454123,1,http://www.wikidata.org/entity/Q1021106,Bürgerhaus,bourgeois house,,D,blue
4785,http://www.wikidata.org/entity/Q98608244,,Point(11.051382311 49.452020273),1.885,49.452020273542,11.051382311788,1,http://www.wikidata.org/entity/Q1577547,Mietshaus,revenue house,,D,blue
4786,http://www.wikidata.org/entity/Q98608250,,Point(11.050615058 49.45228668),1.937,49.452286680636,11.050615058334,1,http://www.wikidata.org/entity/Q1577547,Mietshaus,revenue house,,D,blue
4787,http://www.wikidata.org/entity/Q98608251,,Point(11.067979481 49.457206998),0.769,49.457206998135,11.067979481579,1,http://www.wikidata.org/entity/Q11755880,Wohnhaus,residential building,,D,blue
4788,http://www.wikidata.org/entity/Q98608249,,Point(11.068323924 49.442734468),1.398,49.442734468487,11.068323924229,1,http://www.wikidata.org/entity/Q1188673,Straßenunterführung,subway,,D,blue
4789,http://www.wikidata.org/entity/Q98608254,,Point(11.061586476 49.445147447),1.494,49.445147447111,11.061586476008,1,http://www.wikidata.org/entity/Q1577547,Mietshaus,revenue house,,D,blue
4790,http://www.wikidata.org/entity/Q98608255,,Point(11.068706441 49.457035979),0.714,49.45703597937,11.068706441923,1,http://www.wikidata.org/entity/Q11755880,Wohnhaus,residential building,,D,blue
4791,http://www.wikidata.org/entity/Q98608252,,Point(11.060381478 49.453380667),1.224,49.453380667037,11.060381478388,1,http://www.wikidata.org/entity/Q1577547,Mietshaus,revenue house,,D,blue
4792,http://www.wikidata.org/entity/Q98608253,,Point(11.077380011 49.456663426),0.31,49.456663426361,11.077380011142,1,http://www.wikidata.org/entity/Q1091027,Holzchörlein,Oriel Chapel,,D,blue
4793,http://www.wikidata.org/entity/Q98608258,,Point(11.073681621 49.455368383),0.31,49.455368383389,11.073681621967,1,http://www.wikidata.org/entity/Q11755880,Handwerkerhaus,residential building,,D,blue
4794,http://www.wikidata.org/entity/Q98608259,,Point(11.061769046 49.44549654),1.459,49.445496540923,11.061769046833,1,http://www.wikidata.org/entity/Q1577547,Mietshaus,revenue house,,D,blue
4795,http://www.wikidata.org/entity/Q98608256,,Point(11.072680345 49.451103752),0.454,49.451103752592,11.072680345105,1,http://www.wikidata.org/entity/Q18760306,Wohn- und Geschäftshaus,residential and commercial building,,D,blue
4796,http://www.wikidata.org/entity/Q98608262,,Point(11.07502026 49.453964678),0.165,49.453964678715,11.075020260791,1,http://www.wikidata.org/entity/Q1021106,Bürgerhaus,bourgeois house,,D,blue
4797,http://www.wikidata.org/entity/Q98608260,,Point(11.091651501 49.461394592),1.333,49.461394592505,11.091651501961,1,http://www.wikidata.org/entity/Q11755880,Wohnhaus,residential building,,D,blue
4798,http://www.wikidata.org/entity/Q98608261,,Point(11.069864889 49.45670885),0.623,49.456708850368,11.069864889577,1,http://www.wikidata.org/entity/Q1577547,Mietshaus,revenue house,,D,blue
4799,http://www.wikidata.org/entity/Q98608267,,Point(11.07135028 49.451693318),0.493,49.451693318736,11.071350280089,1,http://www.wikidata.org/entity/Q58037906,Gerberhaus,Q58037906,,D,blue
4800,http://www.wikidata.org/entity/Q98608264,,Point(11.053905879 49.449449638),1.761,49.449449638292,11.053905879572,1,http://www.wikidata.org/entity/Q1577547,Mietshaus,revenue house,,D,blue
4801,http://www.wikidata.org/entity/Q98608265,,Point(11.071112827 49.460176563),0.831,49.460176563192,11.07111282727,1,http://www.wikidata.org/entity/Q11755880,Wohnhaus,residential building,,D,blue
4802,http://www.wikidata.org/entity/Q98608270,,Point(11.014650973 49.481878206),5.494,49.48187820602,11.014650973374,1,http://www.wikidata.org/entity/Q607241,Pfarrhaus,clergy house,,D,blue
4803,http://www.wikidata.org/entity/Q98608271,,Point(11.072409278 49.463072456),1.082,49.463072456675,11.072409278293,1,http://www.wikidata.org/entity/Q1577547,Mietshaus,revenue house,,D,blue
4804,http://www.wikidata.org/entity/Q98608268,,Point(11.072468183 49.455279833),0.383,49.455279833467,11.072468183919,1,http://www.wikidata.org/entity/Q11755880,Handwerkerhaus,residential building,,D,blue
4805,http://www.wikidata.org/entity/Q98608269,,Point(11.059735971 49.453128451),1.272,49.453128451817,11.059735971081,1,http://www.wikidata.org/entity/Q1577547,Mietshaus,revenue house,,D,blue
4806,http://www.wikidata.org/entity/Q98608274,,Point(11.079990441 49.461958724),0.92,49.461958724625,11.07999044111,1,http://www.wikidata.org/entity/Q1577547,Mietshaus,revenue house,,D,blue
4807,http://www.wikidata.org/entity/Q98608272,,Point(11.073772483 49.455592676),0.319,49.455592676672,11.073772483826,1,http://www.wikidata.org/entity/Q18760306,Wohn- und Geschäftshaus,residential and commercial building,,D,blue
4808,http://www.wikidata.org/entity/Q98608273,,Point(11.075267798 49.455494758),0.233,49.45549475883,11.075267798751,1,http://www.wikidata.org/entity/Q18760306,Wohn- und Geschäftshaus,residential and commercial building,,D,blue
4809,http://www.wikidata.org/entity/Q98608278,,Point(11.049008154 49.452803502),2.048,49.452803502522,11.049008154279,1,http://www.wikidata.org/entity/Q1577547,Mietshaus,revenue house,,D,blue
4810,http://www.wikidata.org/entity/Q98608279,,Point(11.072387693 49.455255657),0.387,49.455255657432,11.072387693615,1,http://www.wikidata.org/entity/Q11755880,Handwerkerhaus,residential building,,D,blue
4811,http://www.wikidata.org/entity/Q98608276,,Point(11.079181502 49.450668914),0.381,49.450668914987,11.079181502642,1,http://www.wikidata.org/entity/Q607241,"Lorenzer Platz 8, 10",clergy house,,D,blue
4812,http://www.wikidata.org/entity/Q98608282,,Point(11.072521254 49.459911527),0.755,49.459911527482,11.072521254684,1,http://www.wikidata.org/entity/Q1577547,Mietshaus,revenue house,,D,blue
4813,http://www.wikidata.org/entity/Q98608287,,Point(11.064411821 49.447011554),1.204,49.447011554021,11.064411821231,1,http://www.wikidata.org/entity/Q1577547,Mietshaus,revenue house,,D,blue
4814,http://www.wikidata.org/entity/Q98608284,,Point(11.075511013 49.464513042),1.19,49.464513042784,11.075511013583,1,http://www.wikidata.org/entity/Q11755880,Wohnhaus,residential building,,D,blue
4815,http://www.wikidata.org/entity/Q98608285,,Point(11.074262862 49.456835353),0.396,49.456835353772,11.074262862604,1,http://www.wikidata.org/entity/Q1021106,Bürgerhaus,bourgeois house,,D,blue
4816,http://www.wikidata.org/entity/Q98608291,,Point(11.079478738 49.461127562),0.822,49.46112756211,11.07947873838,1,http://www.wikidata.org/entity/Q1577547,Mietshaus,revenue house,,D,blue
4817,http://www.wikidata.org/entity/Q98608294,,Point(11.054641636 49.449710684),1.702,49.449710684284,11.054641636496,1,http://www.wikidata.org/entity/Q1577547,Mietshaus,revenue house,,D,blue
4818,http://www.wikidata.org/entity/Q98608292,,Point(11.074062185 49.463136786),1.056,49.463136786677,11.074062185781,1,http://www.wikidata.org/entity/Q11755880,Wohnhaus,residential building,,D,blue
4819,http://www.wikidata.org/entity/Q98608293,,Point(11.075644457 49.456998664),0.368,49.456998664845,11.075644457952,1,http://www.wikidata.org/entity/Q11755880,Wohnhaus,residential building,,D,blue
4820,http://www.wikidata.org/entity/Q98608299,,Point(11.054634051 49.446456075),1.834,49.446456075215,11.054634051378,1,http://www.wikidata.org/entity/Q11755880,Wohnhaus,residential building,,D,blue
4821,http://www.wikidata.org/entity/Q98608297,,Point(11.077858747 49.462423486),0.952,49.462423486604,11.077858747871,1,http://www.wikidata.org/entity/Q11755880,Wohnhaus,residential building,,D,blue
4822,http://www.wikidata.org/entity/Q98608302,,Point(11.06222802 49.454112555),1.09,49.454112555001,11.062228020537,1,http://www.wikidata.org/entity/Q1577547,Mietshaus,revenue house,,D,blue
4823,http://www.wikidata.org/entity/Q98608303,,Point(11.068830501 49.463388597),1.222,49.463388597178,11.068830501008,1,http://www.wikidata.org/entity/Q1577547,Mietshaus,revenue house,,D,blue
4824,http://www.wikidata.org/entity/Q98608300,,Point(11.070038944 49.458783669),0.757,49.458783669181,11.070038944832,1,http://www.wikidata.org/entity/Q3950,Villa,villa,,D,blue
4825,http://www.wikidata.org/entity/Q98608301,,Point(11.062551983 49.464410412),1.584,49.464410412366,11.062551983309,1,http://www.wikidata.org/entity/Q3095435,Kinderkrippe,nursery,,D,blue
4826,http://www.wikidata.org/entity/Q98608306,,Point(11.071339431 49.461003188),0.902,49.461003188142,11.071339431849,1,http://www.wikidata.org/entity/Q11755880,Wohnhaus,residential building,,D,blue
4827,http://www.wikidata.org/entity/Q98608307,,Point(11.074792537 49.457490017),0.441,49.457490017966,11.074792537019,1,http://www.wikidata.org/entity/Q1021106,Bürgerhaus,bourgeois house,,D,blue
4828,http://www.wikidata.org/entity/Q98608304,,Point(11.061493138 49.445291572),1.488,49.445291572351,11.061493138201,1,http://www.wikidata.org/entity/Q1577547,Mietshaus,revenue house,,D,blue
4829,http://www.wikidata.org/entity/Q98608305,,Point(11.070188079 49.461651232),1.006,49.461651232037,11.070188079401,1,http://www.wikidata.org/entity/Q1577547,Mietshaus,revenue house,,D,blue
4830,http://www.wikidata.org/entity/Q98608311,,Point(11.072647921 49.455064795),0.361,49.455064795736,11.072647921645,1,http://www.wikidata.org/entity/Q58037906,Gerberhaus,Q58037906,,D,blue
4831,http://www.wikidata.org/entity/Q98608309,,Point(11.070485667 49.464546675),1.285,49.464546675961,11.070485667042,1,http://www.wikidata.org/entity/Q1577547,Mietshaus,revenue house,,D,blue
4832,http://www.wikidata.org/entity/Q98608314,,Point(11.073239516 49.459680356),0.709,49.459680356362,11.073239516888,1,http://www.wikidata.org/entity/Q1577547,Mietshaus,revenue house,,D,blue
4833,http://www.wikidata.org/entity/Q98608313,,Point(11.080030344 49.462092365),0.935,49.462092365644,11.080030344983,1,http://www.wikidata.org/entity/Q1577547,Mietshaus,revenue house,,D,blue
4834,http://www.wikidata.org/entity/Q98608318,,Point(11.072892161 49.463067215),1.071,49.463067215674,11.072892161076,1,http://www.wikidata.org/entity/Q11755880,Wohnhaus,residential building,,D,blue
4835,http://www.wikidata.org/entity/Q98608319,,Point(11.050248625 49.451192862),1.978,49.451192862623,11.050248625936,1,http://www.wikidata.org/entity/Q1577547,Mietshaus,revenue house,,D,blue
4836,http://www.wikidata.org/entity/Q98608316,,Point(11.060834891 49.456793827),1.233,49.456793827083,11.060834891514,1,http://www.wikidata.org/entity/Q837142,Altenpflegeheim,nursing home,,D,blue
4837,http://www.wikidata.org/entity/Q98608317,,Point(11.071934852 49.454373229),0.392,49.454373229677,11.071934852927,1,http://www.wikidata.org/entity/Q1021106,Bürgerhaus,bourgeois house,,D,blue
4838,http://www.wikidata.org/entity/Q98608322,,Point(11.070761569 49.447869636),0.818,49.447869636658,11.070761569217,1,http://www.wikidata.org/entity/Q11755880,Handwerkerhaus,residential building,,D,blue
4839,http://www.wikidata.org/entity/Q98608323,,Point(11.074536036 49.457600195),0.46,49.457600195645,11.074536036432,1,http://www.wikidata.org/entity/Q11755880,Pilatushaus (Nürnberg),residential building,,D,blue
4840,http://www.wikidata.org/entity/Q98608326,,Point(11.071062823 49.444641033),1.121,49.444641033959,11.07106282374,1,http://www.wikidata.org/entity/Q18760306,Wohn- und Geschäftshaus,residential and commercial building,,D,blue
4841,http://www.wikidata.org/entity/Q98608327,,Point(11.077732615 49.444638699),1.027,49.444638699893,11.077732615631,1,http://www.wikidata.org/entity/Q79007,Fußgängertunnel,street,,D,blue
4843,http://www.wikidata.org/entity/Q98608324,,Point(11.085363759 49.460076179),0.903,49.46007617946,11.085363759258,1,http://www.wikidata.org/entity/Q1577547,Mietshaus,revenue house,,D,blue
4844,http://www.wikidata.org/entity/Q98608330,,Point(11.079488548 49.45227333),0.238,49.452273330926,11.079488548112,1,http://www.wikidata.org/entity/Q19844914,Universität,university building,,D,blue
4845,http://www.wikidata.org/entity/Q98608331,,Point(11.075211866 49.455887322),0.27,49.45588732247,11.075211866528,1,http://www.wikidata.org/entity/Q18760306,Wohn- und Geschäftshaus,residential and commercial building,,D,blue
4846,http://www.wikidata.org/entity/Q98608328,,Point(11.075424704 49.446383904),0.844,49.446383904727,11.075424704763,1,http://www.wikidata.org/entity/Q153562,Opernhaus Nürnberg,opera house,,D,blue
4847,http://www.wikidata.org/entity/Q98608329,,Point(11.072405945 49.459587845),0.727,49.45958784599,11.072405945033,1,http://www.wikidata.org/entity/Q1577547,Mietshaus,revenue house,,D,blue
4848,http://www.wikidata.org/entity/Q98608334,,Point(11.061179764 49.445558494),1.487,49.44555849463,11.061179764846,1,http://www.wikidata.org/entity/Q1577547,Mietshaus,revenue house,,D,blue
4849,http://www.wikidata.org/entity/Q98608335,,Point(11.061805711 49.445027438),1.49,49.445027438052,11.061805711939,1,http://www.wikidata.org/entity/Q1577547,Mietshaus,revenue house,,D,blue
4850,http://www.wikidata.org/entity/Q98608332,,Point(11.073986815 49.450246751),0.469,49.450246751582,11.073986815296,1,http://www.wikidata.org/entity/Q18760306,Wohn- und Geschäftshaus,residential and commercial building,,D,blue
4851,http://www.wikidata.org/entity/Q98608338,,Point(11.076492688 49.45681352),0.332,49.456813520262,11.076492688206,1,http://www.wikidata.org/entity/Q1021106,Bürgerhaus,bourgeois house,,D,blue
4852,http://www.wikidata.org/entity/Q98608339,,Point(11.076124233 49.462628876),0.977,49.462628876047,11.076124233439,1,http://www.wikidata.org/entity/Q1577547,Mietshaus,revenue house,,D,blue
4853,http://www.wikidata.org/entity/Q98608336,,Point(11.071904383 49.451451061),0.474,49.45145106126,11.071904383301,1,http://www.wikidata.org/entity/Q18760306,Wohn- und Geschäftshaus,residential and commercial building,,D,blue
4854,http://www.wikidata.org/entity/Q98608342,,Point(11.080163061 49.449826634),0.495,49.449826634739,11.080163061854,1,http://www.wikidata.org/entity/Q1021106,Theatergasse 13,bourgeois house,,D,blue
4855,http://www.wikidata.org/entity/Q98608340,,Point(11.071829266 49.459348605),0.726,49.459348605028,11.071829266962,1,http://www.wikidata.org/entity/Q1577547,Mietshaus,revenue house,,D,blue
4856,http://www.wikidata.org/entity/Q98608344,,Point(11.063030821 49.451688549),1.059,49.451688549944,11.063030821445,1,http://www.wikidata.org/entity/Q1577547,Mietshaus,revenue house,,D,blue
4857,http://www.wikidata.org/entity/Q98608351,,Point(11.06219124 49.445112144),1.463,49.445112144441,11.062191240828,1,http://www.wikidata.org/entity/Q1577547,Mietshaus,revenue house,,D,blue
4858,http://www.wikidata.org/entity/Q98608348,,Point(11.053089076 49.449206606),1.825,49.449206606767,11.053089076829,1,http://www.wikidata.org/entity/Q1577547,Mietshaus,revenue house,,D,blue
4859,http://www.wikidata.org/entity/Q98608349,,Point(11.074279365 49.455673233),0.296,49.455673233281,11.074279365096,1,http://www.wikidata.org/entity/Q1021106,Bürgerhaus,bourgeois house,,D,blue
4860,http://www.wikidata.org/entity/Q98608354,,Point(11.07668465 49.454600342),0.092,49.454600342603,11.076684650238,1,http://www.wikidata.org/entity/Q41176,Büro- und Verwaltungsgebäude,building,,D,blue
4861,http://www.wikidata.org/entity/Q98608355,,Point(11.074785751 49.457029914),0.395,49.457029914739,11.074785751215,1,http://www.wikidata.org/entity/Q11755880,Handwerkerhaus,residential building,,D,blue
4862,http://www.wikidata.org/entity/Q98608352,,Point(11.061632344 49.453870042),1.132,49.453870042865,11.061632344032,1,http://www.wikidata.org/entity/Q1577547,Mietshaus,revenue house,,D,blue
4863,http://www.wikidata.org/entity/Q98608358,,Point(11.075365256 49.454919479),0.182,49.4549194796,11.075365256218,1,http://www.wikidata.org/entity/Q607241,Pfarrhaus,clergy house,,D,blue
4864,http://www.wikidata.org/entity/Q98608359,,Point(11.072841867 49.455060465),0.348,49.45506046536,11.072841867938,1,http://www.wikidata.org/entity/Q11755880,Handwerkerhaus,residential building,,D,blue
4865,http://www.wikidata.org/entity/Q98608356,,Point(11.07544816 49.455475572),0.223,49.455475572403,11.075448160138,1,http://www.wikidata.org/entity/Q18760306,Wohn- und Geschäftshaus,residential and commercial building,,D,blue
4866,http://www.wikidata.org/entity/Q98608357,,Point(11.072225739 49.454925042),0.385,49.454925042988,11.072225739,1,http://www.wikidata.org/entity/Q11755880,Handwerkerhaus,residential building,,D,blue
4867,http://www.wikidata.org/entity/Q98608363,,Point(11.060807092 49.453625912),1.192,49.453625912221,11.060807092165,1,http://www.wikidata.org/entity/Q1577547,Mietshaus,revenue house,,D,blue
4868,http://www.wikidata.org/entity/Q98608360,,Point(11.08178468 49.457950332),0.557,49.457950332592,11.081784680909,1,http://www.wikidata.org/entity/Q55043,Gymnasium,gymnasium,,D,blue
4869,http://www.wikidata.org/entity/Q98608361,,Point(11.079826009 49.463769698),1.116,49.463769698881,11.079826009706,1,http://www.wikidata.org/entity/Q1577547,Mietshaus,revenue house,,D,blue
4870,http://www.wikidata.org/entity/Q98608366,,Point(11.08055115 49.452769455),0.265,49.452769455202,11.080551150397,1,http://www.wikidata.org/entity/Q22908,Altenheim,retirement home,,D,blue
4871,http://www.wikidata.org/entity/Q98608367,,Point(11.075245408 49.455214945),0.21,49.455214945091,11.075245408249,1,http://www.wikidata.org/entity/Q543654,Rathaus,Rathaus,,D,blue
4872,http://www.wikidata.org/entity/Q98608364,,Point(11.061009811 49.453577328),1.178,49.453577328068,11.061009811976,1,http://www.wikidata.org/entity/Q1577547,Mietshaus,revenue house,,D,blue
4873,http://www.wikidata.org/entity/Q98608365,,Point(11.073981012 49.456502886),0.378,49.456502886717,11.073981012019,1,http://www.wikidata.org/entity/Q11755880,Handwerkerhaus,residential building,,D,blue
4874,http://www.wikidata.org/entity/Q98608370,,Point(11.072924134 49.455061663),0.343,49.455061663344,11.072924134143,1,http://www.wikidata.org/entity/Q11755880,Handwerkerhaus,residential building,,D,blue
4875,http://www.wikidata.org/entity/Q98608371,,Point(11.073009932 49.460055704),0.754,49.460055704397,11.073009932124,1,http://www.wikidata.org/entity/Q1577547,Mietshaus,revenue house,,D,blue
4876,http://www.wikidata.org/entity/Q98608369,,Point(11.076571623 49.459686366),0.649,49.459686366152,11.076571623715,1,http://www.wikidata.org/entity/Q3950,Villa,villa,,D,blue
4877,http://www.wikidata.org/entity/Q98608374,,Point(11.081890119 49.464558489),1.234,49.464558489177,11.08189011945,1,http://www.wikidata.org/entity/Q1577547,Mietshaus,revenue house,,D,blue
4878,http://www.wikidata.org/entity/Q98608375,,Point(11.070279653 49.461393779),0.978,49.461393779628,11.070279653734,1,http://www.wikidata.org/entity/Q11755880,Wohnhaus,residential building,,D,blue
4879,http://www.wikidata.org/entity/Q98608372,,Point(11.048377642 49.453020521),2.093,49.453020521968,11.048377642737,1,http://www.wikidata.org/entity/Q1021645,Bürogebäude,office building,,D,blue
4880,http://www.wikidata.org/entity/Q98608373,,Point(11.075444255 49.46072947),0.774,49.460729470295,11.075444255087,1,http://www.wikidata.org/entity/Q3950,Villa,villa,,D,blue
4881,http://www.wikidata.org/entity/Q98608378,,Point(11.072391672 49.454659287),0.365,49.454659287248,11.072391672791,1,http://www.wikidata.org/entity/Q58037906,Gerberhaus,Q58037906,,D,blue
4882,http://www.wikidata.org/entity/Q98608379,,Point(11.06890611 49.455787961),0.643,49.45578796152,11.068906110644,1,http://www.wikidata.org/entity/Q11755880,Wohnhaus,residential building,,D,blue
4883,http://www.wikidata.org/entity/Q98608376,,Point(11.063316775 49.460977353),1.283,49.460977353922,11.063316775232,1,http://www.wikidata.org/entity/Q1577547,Mietshaus,revenue house,,D,blue
4884,http://www.wikidata.org/entity/Q98608377,,Point(11.074010149 49.456406097),0.369,49.456406097679,11.074010149359,1,http://www.wikidata.org/entity/Q11755880,Handwerkerhaus,residential building,,D,blue
4885,http://www.wikidata.org/entity/Q98608382,,Point(11.067955655 49.46055865),1.004,49.460558650122,11.0679556553,1,http://www.wikidata.org/entity/Q1244442,Schulgebäude,school building,,D,blue
4886,http://www.wikidata.org/entity/Q98608380,,Point(11.061922991 49.444938966),1.491,49.444938966344,11.061922991409,1,http://www.wikidata.org/entity/Q1577547,Mietshaus,revenue house,,D,blue
4887,http://www.wikidata.org/entity/Q98608384,,Point(11.07217682 49.447883189),0.762,49.447883189035,11.072176820139,1,http://www.wikidata.org/entity/Q18760306,Wohn- und Geschäftshaus,residential and commercial building,,D,blue
4888,http://www.wikidata.org/entity/Q98608390,,Point(11.078273645 49.462052256),0.912,49.462052256558,11.078273645044,1,http://www.wikidata.org/entity/Q1577547,Mietshaus,revenue house,,D,blue
4889,http://www.wikidata.org/entity/Q98608391,,Point(11.073305896 49.462938963),1.049,49.462938963931,11.073305896628,1,http://www.wikidata.org/entity/Q11755880,Wohnhaus,residential building,,D,blue
4890,http://www.wikidata.org/entity/Q98608388,,Point(11.071749691 49.453198178),0.408,49.453198178826,11.071749691439,1,http://www.wikidata.org/entity/Q1021106,Bürgerhaus,bourgeois house,,D,blue
4891,http://www.wikidata.org/entity/Q98608389,,Point(11.069552109 49.463605475),1.218,49.463605475559,11.069552109209,1,http://www.wikidata.org/entity/Q11755880,Wohnhaus,residential building,,D,blue
4892,http://www.wikidata.org/entity/Q98608394,,Point(11.076824333 49.456647902),0.311,49.456647902427,11.076824333837,1,http://www.wikidata.org/entity/Q11755880,Handwerkerhaus,residential building,,D,blue
4893,http://www.wikidata.org/entity/Q98608395,,Point(11.072116529 49.455106288),0.399,49.455106288803,11.072116529962,1,http://www.wikidata.org/entity/Q58037906,Gerberhaus,Q58037906,,D,blue
4894,http://www.wikidata.org/entity/Q98608393,,Point(11.072345015 49.454999775),0.379,49.454999775859,11.072345015071,1,http://www.wikidata.org/entity/Q11755880,Handwerkerhaus,residential building,,D,blue
4895,http://www.wikidata.org/entity/Q98608396,,Point(11.059833497 49.445853737),1.546,49.445853737233,11.059833497356,1,http://www.wikidata.org/entity/Q1577547,Mietshaus,revenue house,,D,blue
4896,http://www.wikidata.org/entity/Q98608397,,Point(11.076038382 49.449904263),0.45,49.449904263591,11.076038382127,1,http://www.wikidata.org/entity/Q655686,Geschäftshaus,commercial building,,D,blue
4897,http://www.wikidata.org/entity/Q98608403,,Point(11.047111115 49.455510356),2.189,49.455510356828,11.04711111528,1,http://www.wikidata.org/entity/Q40357,Gefängnis,prison,,D,blue
4898,http://www.wikidata.org/entity/Q98608400,,Point(11.069742543 49.464944872),1.347,49.464944872463,11.069742543847,1,http://www.wikidata.org/entity/Q1577547,Mietshaus,revenue house,,D,blue
4899,http://www.wikidata.org/entity/Q98608401,,Point(11.074292337 49.45721297),0.43,49.457212970445,11.074292337453,1,http://www.wikidata.org/entity/Q5526694,Gasthaus,Gasthaus,,D,blue
4900,http://www.wikidata.org/entity/Q98608406,,Point(11.078074186 49.461074398),0.803,49.46107439867,11.078074186057,1,http://www.wikidata.org/entity/Q1577547,Mietshaus,revenue house,,D,blue
4901,http://www.wikidata.org/entity/Q98608410,,Point(11.063911523 49.45845979),1.094,49.458459790719,11.06391152307,1,http://www.wikidata.org/entity/Q11755880,Wohnhaus,residential building,,D,blue
4902,http://www.wikidata.org/entity/Q98608411,,Point(11.072077057 49.454813717),0.392,49.454813717778,11.072077057541,1,http://www.wikidata.org/entity/Q1021106,Bürgerhaus,bourgeois house,,D,blue
4903,http://www.wikidata.org/entity/Q98608408,,Point(11.076741408 49.456829604),0.331,49.456829604162,11.07674140858,1,http://www.wikidata.org/entity/Q1021106,Bürgerhaus,bourgeois house,,D,blue
4904,http://www.wikidata.org/entity/Q98608409,,Point(11.072920594 49.455492793),0.364,49.455492793789,11.072920594157,1,http://www.wikidata.org/entity/Q5526694,Gasthaus,Gasthaus,,D,blue
4905,http://www.wikidata.org/entity/Q98608415,,Point(11.081926031 49.449081488),0.629,49.449081488721,11.081926031769,1,http://www.wikidata.org/entity/Q41176,Bauamt,building,,D,blue
4906,http://www.wikidata.org/entity/Q98608412,,Point(11.055864044 49.445747019),1.794,49.445747019903,11.055864044873,1,http://www.wikidata.org/entity/Q1577547,Mietshaus,revenue house,,D,blue
4907,http://www.wikidata.org/entity/Q98608413,,Point(11.070337949 49.46482709),1.318,49.464827090385,11.070337949825,1,http://www.wikidata.org/entity/Q1577547,Mietshaus,revenue house,,D,blue
4908,http://www.wikidata.org/entity/Q98608418,,Point(10.990383313 49.47301651),6.632,49.473016510229,10.990383313244,1,http://www.wikidata.org/entity/Q18760306,Wohn- und Geschäftshaus,residential and commercial building,,D,blue
4909,http://www.wikidata.org/entity/Q98608416,,Point(11.052917129 49.449219699),1.837,49.449219699437,11.052917129511,1,http://www.wikidata.org/entity/Q1577547,Mietshaus,revenue house,,D,blue
4910,http://www.wikidata.org/entity/Q98608422,,Point(11.080089476 49.449700598),0.506,49.449700598604,11.080089476047,1,http://www.wikidata.org/entity/Q1021106,Theatergasse 17,bourgeois house,,D,blue
4911,http://www.wikidata.org/entity/Q98608423,,Point(11.060707913 49.453331115),1.201,49.453331115245,11.060707913224,1,http://www.wikidata.org/entity/Q1577547,Mietshaus,revenue house,,D,blue
4912,http://www.wikidata.org/entity/Q98608420,,Point(11.073516285 49.456065883),0.366,49.456065883054,11.073516285995,1,http://www.wikidata.org/entity/Q1021106,Bürgerhaus,bourgeois house,,D,blue
4913,http://www.wikidata.org/entity/Q98608424,,Point(11.068592451 49.455812143),0.665,49.455812143644,11.068592451346,1,http://www.wikidata.org/entity/Q11755880,Wohnhaus,residential building,,D,blue
4914,http://www.wikidata.org/entity/Q98608430,,Point(11.075970363 49.447974035),0.663,49.447974035299,11.075970363561,1,http://www.wikidata.org/entity/Q334383,Klosterkirche,abbey church,,D,blue
4915,http://www.wikidata.org/entity/Q98608428,,Point(11.048298714 49.451515061),2.112,49.451515061303,11.048298714937,1,http://www.wikidata.org/entity/Q1577547,Mietshaus,revenue house,,D,blue
4916,http://www.wikidata.org/entity/Q98608429,,Point(11.074908958 49.455020379),0.215,49.4550203798,11.074908958121,1,http://www.wikidata.org/entity/Q5526694,Gasthaus,Gasthaus,,D,blue
4917,http://www.wikidata.org/entity/Q98608434,,Point(11.058489313 49.453160155),1.362,49.453160155957,11.058489313715,1,http://www.wikidata.org/entity/Q811165,Schulgebäude,architectural heritage monument,,D,blue
4920,http://www.wikidata.org/entity/Q98608435,,Point(11.062479495 49.45347767),1.072,49.45347767002,11.062479495752,1,http://www.wikidata.org/entity/Q1577547,Mietshaus,revenue house,,D,blue
4921,http://www.wikidata.org/entity/Q98608432,,Point(11.058450037 49.450828504),1.404,49.450828504385,11.058450037495,1,http://www.wikidata.org/entity/Q1577547,Mietshaus,revenue house,,D,blue
4922,http://www.wikidata.org/entity/Q98608433,,Point(11.073801816 49.455379234),0.303,49.45537923442,11.073801816136,1,http://www.wikidata.org/entity/Q785952,Badehaus,bathhouse,,D,blue
4923,http://www.wikidata.org/entity/Q98608438,,Point(11.072818743 49.45906752),0.662,49.459067520253,11.072818743587,1,http://www.wikidata.org/entity/Q11755880,Wohnhaus,residential building,,D,blue
4924,http://www.wikidata.org/entity/Q98608439,,Point(11.067149994 49.448806245),0.925,49.44880624552,11.06714999437,1,http://www.wikidata.org/entity/Q131734,Brauerei,brewery,,D,blue
4925,http://www.wikidata.org/entity/Q98608436,,Point(11.058797864 49.446046611),1.595,49.44604661109,11.058797864771,1,http://www.wikidata.org/entity/Q1244442,Schulgebäude,school building,,D,blue
4926,http://www.wikidata.org/entity/Q98608437,,Point(11.051977284 49.452778702),1.834,49.452778702649,11.051977284963,1,http://www.wikidata.org/entity/Q1577547,Mietshaus,revenue house,,D,blue
4927,http://www.wikidata.org/entity/Q98608442,,Point(11.07243569 49.45503297),0.374,49.45503297063,11.072435690544,1,http://www.wikidata.org/entity/Q11755880,Q98608442,residential building,,D,blue
4928,http://www.wikidata.org/entity/Q98608441,,Point(11.084579189 49.446972738),0.93,49.446972738428,11.084579189808,1,http://www.wikidata.org/entity/Q35054,Postamt,post office,,D,blue
4929,http://www.wikidata.org/entity/Q98608446,,Point(11.069255193 49.463089242),1.178,49.463089242408,11.069255193958,1,http://www.wikidata.org/entity/Q11755880,Wohnhaus,residential building,,D,blue
4930,http://www.wikidata.org/entity/Q98608447,,Point(11.074215054 49.452425927),0.275,49.452425927568,11.074215054899,1,http://www.wikidata.org/entity/Q1577547,Mietshaus,revenue house,,D,blue
4931,http://www.wikidata.org/entity/Q98608444,,Point(11.072652897 49.460640423),0.824,49.460640423085,11.072652897562,1,http://www.wikidata.org/entity/Q1577547,Mietshaus,revenue house,,D,blue
4932,http://www.wikidata.org/entity/Q98608450,,Point(11.099149434 49.438840102),2.3,49.438840102118,11.099149434763,1,http://www.wikidata.org/entity/Q1577547,Mietshaus,revenue house,,D,blue
4933,http://www.wikidata.org/entity/Q98608451,,Point(11.061326569 49.454239304),1.155,49.454239304178,11.061326569612,1,http://www.wikidata.org/entity/Q1577547,Mietshaus,revenue house,,D,blue
4934,http://www.wikidata.org/entity/Q98608449,,Point(11.080934654 49.458244387),0.553,49.458244387091,11.080934654295,1,http://www.wikidata.org/entity/Q1244442,Schule,school building,,D,blue
4936,http://www.wikidata.org/entity/Q98608453,,Point(11.058984374 49.454324748),1.325,49.454324748508,11.058984374479,1,http://www.wikidata.org/entity/Q1577547,Mietshaus,revenue house,,D,blue
4937,http://www.wikidata.org/entity/Q98608458,,Point(11.070767693 49.461032385),0.926,49.461032385469,11.07076769331,1,http://www.wikidata.org/entity/Q1577547,Q98608458,revenue house,,D,blue
4939,http://www.wikidata.org/entity/Q98608456,,Point(11.072751569 49.455060028),0.354,49.455060028967,11.072751569924,1,http://www.wikidata.org/entity/Q1021106,Bürgerhaus,bourgeois house,,D,blue
4940,http://www.wikidata.org/entity/Q98608457,,Point(11.074935622 49.455507743),0.249,49.455507743308,11.074935622958,1,http://www.wikidata.org/entity/Q18760306,Wohn- und Geschäftshaus,residential and commercial building,,D,blue
4941,http://www.wikidata.org/entity/Q98608462,,Point(11.081951505 49.463599203),1.133,49.463599203592,11.081951505943,1,http://www.wikidata.org/entity/Q1577547,Mietshaus,revenue house,,D,blue
4942,http://www.wikidata.org/entity/Q98608463,,Point(11.062104901 49.452145086),1.115,49.452145086448,11.062104901648,1,http://www.wikidata.org/entity/Q1577547,Mietshaus,revenue house,,D,blue
4943,http://www.wikidata.org/entity/Q98608460,,Point(11.072038779 49.453335874),0.385,49.453335874113,11.072038779011,1,http://www.wikidata.org/entity/Q1577547,Mietshaus,revenue house,,D,blue
4944,http://www.wikidata.org/entity/Q98608461,,Point(11.072615166 49.455542523),0.386,49.455542523954,11.072615166216,1,http://www.wikidata.org/entity/Q5526694,Gasthaus,Gasthaus,,D,blue
4945,http://www.wikidata.org/entity/Q98608466,,Point(11.062484917 49.453697299),1.071,49.453697299139,11.062484917252,1,http://www.wikidata.org/entity/Q1577547,Mietshaus,revenue house,,D,blue
4946,http://www.wikidata.org/entity/Q98608464,,Point(11.077710287 49.461056988),0.799,49.46105698822,11.077710287405,1,http://www.wikidata.org/entity/Q11755880,Wohnhaus,residential building,,D,blue
4947,http://www.wikidata.org/entity/Q98608465,,Point(11.074269886 49.455561125),0.288,49.455561125101,11.074269886052,1,http://www.wikidata.org/entity/Q18760306,Wohn- und Geschäftshaus,residential and commercial building,,D,blue
4948,http://www.wikidata.org/entity/Q98608471,,Point(11.08177655 49.451506724),0.417,49.451506724814,11.081776550232,1,http://www.wikidata.org/entity/Q184644,Konservatorium,conservatory,,D,blue
4949,http://www.wikidata.org/entity/Q98608468,,Point(11.068604859 49.446895825),0.998,49.446895825471,11.068604859641,1,http://www.wikidata.org/entity/Q1577547,Mietshaus,revenue house,,D,blue
4950,http://www.wikidata.org/entity/Q98608474,,Point(11.078275595 49.461106009),0.807,49.461106009467,11.078275595029,1,http://www.wikidata.org/entity/Q1577547,Mietshaus,revenue house,,D,blue
4951,http://www.wikidata.org/entity/Q98608472,,Point(11.075769847 49.463852088),1.115,49.463852088039,11.075769847573,1,http://www.wikidata.org/entity/Q11755880,Wohnhaus,residential building,,D,blue
4952,http://www.wikidata.org/entity/Q98608473,,Point(11.078787984 49.462052528),0.916,49.462052528665,11.078787984106,1,http://www.wikidata.org/entity/Q11755880,Wohnhaus,residential building,,D,blue
4953,http://www.wikidata.org/entity/Q98608476,,Point(11.048863045 49.451646787),2.07,49.451646787067,11.048863045156,1,http://www.wikidata.org/entity/Q1577547,Mietshaus,revenue house,,D,blue
4954,http://www.wikidata.org/entity/Q98608483,,Point(11.083891352 49.454446313),0.481,49.454446313895,11.083891352782,1,http://www.wikidata.org/entity/Q14524058,Schützenhaus,marksmen's club house,,D,blue
4955,http://www.wikidata.org/entity/Q98608480,,Point(11.074879503 49.45699122),0.388,49.456991220505,11.074879503621,1,http://www.wikidata.org/entity/Q12292478,Gutshof,estate,,D,blue
4956,http://www.wikidata.org/entity/Q98608486,,Point(11.073992694 49.454433899),0.247,49.454433899445,11.0739926948,1,http://www.wikidata.org/entity/Q11755880,Handwerkerhaus,residential building,,D,blue
4957,http://www.wikidata.org/entity/Q98608484,,Point(11.073316853 49.456087899),0.379,49.456087899285,11.07331685399,1,http://www.wikidata.org/entity/Q1021106,Bürgerhaus,bourgeois house,,D,blue
4958,http://www.wikidata.org/entity/Q98608485,,Point(11.081894491 49.446197412),0.916,49.446197412714,11.081894491947,1,http://www.wikidata.org/entity/Q1339195,station building at Nuremberg Central station,station building,,D,blue
4959,http://www.wikidata.org/entity/Q98608490,,Point(11.075364546 49.455899135),0.265,49.455899135005,11.075364546102,1,http://www.wikidata.org/entity/Q41176,Patrizierhaus,building,,D,blue
4960,http://www.wikidata.org/entity/Q98608489,,Point(11.059061517 49.454170881),1.319,49.454170881737,11.059061517434,1,http://www.wikidata.org/entity/Q1577547,Mietshaus,revenue house,,D,blue
4961,http://www.wikidata.org/entity/Q98608494,,Point(11.002541906 49.468536219),5.643,49.468536219707,11.002541906966,1,http://www.wikidata.org/entity/Q1577547,Mietshaus,revenue house,,D,blue
4962,http://www.wikidata.org/entity/Q98608495,,Point(11.058157002 49.446973821),1.582,49.44697382165,11.058157002818,1,http://www.wikidata.org/entity/Q1577547,Mietshaus,revenue house,,D,blue
4963,http://www.wikidata.org/entity/Q98608493,,Point(11.071008554 49.454617723),0.462,49.454617723775,11.07100855478,1,http://www.wikidata.org/entity/Q5526694,Gasthaus,Gasthaus,,D,blue
4964,http://www.wikidata.org/entity/Q98608498,,Point(11.072621235 49.461284523),0.891,49.461284523507,11.072621235992,1,http://www.wikidata.org/entity/Q11755880,Dienstwohnhaus,residential building,,D,blue
4965,http://www.wikidata.org/entity/Q98608499,,Point(11.050049159 49.451780635),1.983,49.451780635642,11.050049159338,1,http://www.wikidata.org/entity/Q1244442,Schulgebäude,school building,,D,blue
4966,http://www.wikidata.org/entity/Q98608496,,Point(11.073171532 49.452489696),0.336,49.452489696971,11.073171532759,1,http://www.wikidata.org/entity/Q11755880,Handwerkerhaus,residential building,,D,blue
4967,http://www.wikidata.org/entity/Q98608497,,Point(11.083976326 49.464621815),1.289,49.464621815175,11.083976326116,1,http://www.wikidata.org/entity/Q1264071,Sudhaus,brewhouse,,D,blue
4968,http://www.wikidata.org/entity/Q98608502,,Point(11.049828441 49.450320399),2.024,49.450320399617,11.049828441021,1,http://www.wikidata.org/entity/Q1577547,Mietshaus,revenue house,,D,blue
4969,http://www.wikidata.org/entity/Q98608500,,Point(11.061793451 49.45955479),1.286,49.459554790652,11.061793451312,1,http://www.wikidata.org/entity/Q17521458,Brausebad,bathing facility,,D,blue
4970,http://www.wikidata.org/entity/Q98608507,,Point(11.057690388 49.445959648),1.668,49.445959648083,11.057690388425,1,http://www.wikidata.org/entity/Q1577547,Mietshaus,revenue house,,D,blue
4971,http://www.wikidata.org/entity/Q98608510,,Point(11.051425045 49.451067689),1.896,49.45106768933,11.051425045643,1,http://www.wikidata.org/entity/Q1577547,Mietshaus,revenue house,,D,blue
4972,http://www.wikidata.org/entity/Q98608511,,Point(11.074029883 49.454145757),0.238,49.454145757298,11.074029883553,1,http://www.wikidata.org/entity/Q1137809,Weintraubengasse 1 (Nürnberg),courthouse,,D,blue
4973,http://www.wikidata.org/entity/Q98608508,,Point(11.06202106 49.445265608),1.461,49.44526560871,11.062021060836,1,http://www.wikidata.org/entity/Q1577547,Mietshaus,revenue house,,D,blue
4974,http://www.wikidata.org/entity/Q98608509,,Point(11.074156144 49.455780045),0.311,49.455780045021,11.074156144289,1,http://www.wikidata.org/entity/Q1021106,Bürgerhaus,bourgeois house,,D,blue
4975,http://www.wikidata.org/entity/Q98608514,,Point(11.067734831 49.459977187),0.969,49.459977187065,11.067734831495,1,http://www.wikidata.org/entity/Q11755880,Wohnhaus,residential building,,D,blue
4976,http://www.wikidata.org/entity/Q98608515,,Point(11.049231774 49.452738534),2.033,49.452738534579,11.04923177442,1,http://www.wikidata.org/entity/Q1577547,Mietshaus,revenue house,,D,blue
4977,http://www.wikidata.org/entity/Q98608512,,Point(11.072608665 49.45529692),0.374,49.455296920202,11.072608665625,1,http://www.wikidata.org/entity/Q58037906,Gerberhaus,Q58037906,,D,blue
4978,http://www.wikidata.org/entity/Q98608513,,Point(11.058190982 49.445605677),1.659,49.445605677128,11.058190982264,1,http://www.wikidata.org/entity/Q1577547,Mietshaus,revenue house,,D,blue
4979,http://www.wikidata.org/entity/Q98608518,,Point(11.073000294 49.455083847),0.339,49.455083847768,11.073000294786,1,http://www.wikidata.org/entity/Q11755880,Handwerkerhaus,residential building,,D,blue
4980,http://www.wikidata.org/entity/Q98608516,,Point(11.025916045 49.376172769),9.405,49.376172769463,11.025916045448,1,http://www.wikidata.org/entity/Q56296779,Wire drawing in Nuremberg,wire drawing workshop,,D,blue
4982,http://www.wikidata.org/entity/Q98608520,,Point(11.074185665 49.450229447),0.463,49.450229447527,11.074185665583,1,http://www.wikidata.org/entity/Q18760306,Wohn- und Geschäftshaus,residential and commercial building,,D,blue
4983,http://www.wikidata.org/entity/Q98608521,,Point(11.078438369 49.456024039),0.253,49.456024039211,11.078438369131,1,http://www.wikidata.org/entity/Q41176,Patrizierhaus,building,,D,blue
4984,http://www.wikidata.org/entity/Q98608526,,Point(11.080653453 49.456243239),0.358,49.456243239883,11.08065345313,1,http://www.wikidata.org/entity/Q751876,Adelspalast,château,,D,blue
4985,http://www.wikidata.org/entity/Q98608524,,Point(11.058915814 49.4451071),1.648,49.445107100423,11.058915814394,1,http://www.wikidata.org/entity/Q1577547,Mietshaus,revenue house,,D,blue
4986,http://www.wikidata.org/entity/Q98608525,,Point(11.076017523 49.454907287),0.148,49.454907287224,11.076017523347,1,http://www.wikidata.org/entity/Q11755880,Wohnhaus,residential building,,D,blue
4987,http://www.wikidata.org/entity/Q98608530,,Point(11.087393939 49.462313778),1.189,49.462313778466,11.087393939162,1,http://www.wikidata.org/entity/Q11755880,Handwerkerhaus,residential building,,D,blue
4988,http://www.wikidata.org/entity/Q98608531,,Point(11.074213183 49.457114973),0.424,49.457114973576,11.074213183704,1,http://www.wikidata.org/entity/Q1021106,Bürgerhaus,bourgeois house,,D,blue
4989,http://www.wikidata.org/entity/Q98608529,,Point(11.081894347 49.463464186),1.117,49.463464186107,11.081894347732,1,http://www.wikidata.org/entity/Q1577547,Mietshaus,revenue house,,D,blue
4990,http://www.wikidata.org/entity/Q98608535,,Point(11.08080613 49.451528918),0.364,49.451528918572,11.08080613094,1,http://www.wikidata.org/entity/Q3397526,Steinbrücke,stone bridge,,D,blue
4991,http://www.wikidata.org/entity/Q98608533,,Point(11.072530228 49.455293633),0.379,49.455293633347,11.072530228423,1,http://www.wikidata.org/entity/Q11755880,Handwerkerhaus,residential building,,D,blue
4992,http://www.wikidata.org/entity/Q98608536,,Point(11.072263024 49.455184731),0.392,49.455184731536,11.072263024558,1,http://www.wikidata.org/entity/Q58037906,Gerberhaus,Q58037906,,D,blue
4993,http://www.wikidata.org/entity/Q98608542,,Point(11.079471182 49.462057065),0.924,49.46205706588,11.079471182036,1,http://www.wikidata.org/entity/Q11755880,Wohnhaus,residential building,,D,blue
4994,http://www.wikidata.org/entity/Q98608543,,Point(11.073792234 49.461122015),0.845,49.461122015898,11.073792234108,1,http://www.wikidata.org/entity/Q3950,Villa,villa,,D,blue
4995,http://www.wikidata.org/entity/Q98608546,,Point(11.070145904 49.46176615),1.019,49.461766150113,11.070145904589,1,http://www.wikidata.org/entity/Q1577547,Mietshaus,revenue house,,D,blue
4996,http://www.wikidata.org/entity/Q98608547,,Point(11.071599568 49.461004248),0.894,49.461004248369,11.0715995684,1,http://www.wikidata.org/entity/Q11755880,Wohnhaus,residential building,,D,blue
4997,http://www.wikidata.org/entity/Q98608545,,Point(11.060868098 49.445207922),1.529,49.445207922732,11.060868098887,1,http://www.wikidata.org/entity/Q1577547,Mietshaus,revenue house,,D,blue
4998,http://www.wikidata.org/entity/Q98608550,,Point(11.074867582 49.461401085),0.855,49.461401085706,11.0748675826,1,http://www.wikidata.org/entity/Q41176,Dienstbotenhaus,building,,D,blue
4999,http://www.wikidata.org/entity/Q98608549,,Point(11.070652225 49.450868555),0.585,49.450868555534,11.070652225909,1,http://www.wikidata.org/entity/Q216107,Kaufhaus,department store,,D,blue
5000,http://www.wikidata.org/entity/Q98608554,,Point(11.086620594 49.459599866),0.927,49.459599866523,11.086620594264,1,http://www.wikidata.org/entity/Q1577547,Mietshaus,revenue house,,D,blue
5001,http://www.wikidata.org/entity/Q98608553,,Point(11.056449348 49.451487711),1.53,49.451487711836,11.056449348385,1,http://www.wikidata.org/entity/Q1577547,Mietshaus,revenue house,,D,blue
5002,http://www.wikidata.org/entity/Q98608562,,Point(11.070941553 49.458241479),0.669,49.458241479885,11.070941553952,1,http://www.wikidata.org/entity/Q1577547,Mietshaus,revenue house,,D,blue
5003,http://www.wikidata.org/entity/Q98608563,,Point(11.075593011 49.46269039),0.988,49.462690390875,11.075593011504,1,http://www.wikidata.org/entity/Q1577547,Mietshaus,revenue house,,D,blue
5004,http://www.wikidata.org/entity/Q98608561,,Point(11.061886486 49.452593864),1.123,49.452593864937,11.06188648601,1,http://www.wikidata.org/entity/Q1577547,Mietshaus,revenue house,,D,blue
5005,http://www.wikidata.org/entity/Q98608567,,Point(11.071649193 49.452735645),0.427,49.45273564552,11.071649193496,1,http://www.wikidata.org/entity/Q11755880,Handwerkerhaus,residential building,,D,blue
5006,http://www.wikidata.org/entity/Q98608570,,Point(11.060224483 49.461729081),1.512,49.461729081833,11.060224483559,1,http://www.wikidata.org/entity/Q1577547,Mietshaus,revenue house,,D,blue
5007,http://www.wikidata.org/entity/Q98608571,,Point(11.071561957 49.459367589),0.738,49.459367589436,11.071561957383,1,http://www.wikidata.org/entity/Q1577547,Mietshaus,revenue house,,D,blue
5008,http://www.wikidata.org/entity/Q98608569,,Point(11.070888368 49.458393516),0.684,49.458393516107,11.070888368752,1,http://www.wikidata.org/entity/Q1577547,Mietshaus,revenue house,,D,blue
5009,http://www.wikidata.org/entity/Q98608574,,Point(11.05771732 49.446195014),1.653,49.446195014426,11.057717320817,1,http://www.wikidata.org/entity/Q1577547,Mietshaus,revenue house,,D,blue
5010,http://www.wikidata.org/entity/Q98608573,,Point(11.074711805 49.457057283),0.4,49.457057283021,11.074711805865,1,http://www.wikidata.org/entity/Q11755880,Wohnhaus,residential building,,D,blue
5011,http://www.wikidata.org/entity/Q98608578,,Point(11.076853055 49.456867358),0.335,49.456867358527,11.07685305543,1,http://www.wikidata.org/entity/Q1021106,Bürgerhaus,bourgeois house,,D,blue
5012,http://www.wikidata.org/entity/Q98608577,,Point(11.076593433 49.459385073),0.615,49.459385073463,11.076593433981,1,http://www.wikidata.org/entity/Q1577547,Mietshaus,revenue house,,D,blue
5013,http://www.wikidata.org/entity/Q98608590,,Point(11.061131926 49.460797473),1.399,49.46079747387,11.061131926549,1,http://www.wikidata.org/entity/Q41176,Büro- und Verwaltungsgebäude,building,,D,blue
5015,http://www.wikidata.org/entity/Q98608588,,Point(11.069504558 49.459469412),0.839,49.459469412866,11.069504558889,1,http://www.wikidata.org/entity/Q3950,Fabrikantenvilla,villa,,D,blue
5016,http://www.wikidata.org/entity/Q98608589,,Point(11.083700793 49.45621103),0.531,49.45621103093,11.08370079398,1,http://www.wikidata.org/entity/Q43483,Brunnen,water well,,D,blue
5017,http://www.wikidata.org/entity/Q98608594,,Point(11.075488867 49.465617742),1.313,49.465617742673,11.075488867269,1,http://www.wikidata.org/entity/Q1244442,Schule,school building,,D,blue
5018,http://www.wikidata.org/entity/Q98608593,,Point(11.066819633 49.457977893),0.884,49.457977893547,11.06681963334,1,http://www.wikidata.org/entity/Q18760306,Wohn- und Geschäftshaus,residential and commercial building,,D,blue
5019,http://www.wikidata.org/entity/Q98620626,,Point(11.065173029 49.488693121),3.97,49.488693121827,11.065173029159,1,http://www.wikidata.org/entity/Q3044808,Nebengebäude Almoshofer Hauptstraße 51a in Nürnberg,outbuilding,,D,blue
5020,http://www.wikidata.org/entity/Q98620627,,Point(11.064766395 49.488867044),3.995,49.488867044264,11.064766395828,1,http://www.wikidata.org/entity/Q3044808,Nebengebäude Almoshofer Hauptstraße 51 b in Nürnberg,outbuilding,,D,blue
5021,http://www.wikidata.org/entity/Q98620624,,Point(11.06512585 49.488764047),3.978,49.488764047754,11.065125850283,1,http://www.wikidata.org/entity/Q98141338,Gartentor Almoshofer Hauptstraße 49; Almoshofer Hauptstraße 51; Almoshofer Hauptstraße 51 b; Almoshofer Hauptstraße 53 in Nürnberg,garden gate,,D,blue
5022,http://www.wikidata.org/entity/Q98620631,,Point(11.065240274 49.48885406),3.986,49.48885406001,11.065240274833,1,http://www.wikidata.org/entity/Q3044808,Nebengebäude Almoshofer Hauptstraße 49 in Nürnberg,outbuilding,,D,blue
5023,http://www.wikidata.org/entity/Q98620629,,Point(11.064960764 49.488972526),4.003,49.488972526279,11.064960764003,1,http://www.wikidata.org/entity/Q3044808,Nebengebäude Almoshofer Hauptstraße 53 in Nürnberg,outbuilding,,D,blue
5024,http://www.wikidata.org/entity/Q98620632,,Point(11.06146298 49.490947767),4.278,49.490947767878,11.061462980906,1,http://www.wikidata.org/entity/Q721931,Schuppen Almoshofer Hauptstraße 93 in Nürnberg,shed,,D,blue
5025,http://www.wikidata.org/entity/Q98620639,,Point(11.062112146 49.491441315),4.319,49.491441315505,11.062112146255,1,http://www.wikidata.org/entity/Q1303167,Scheune Nähe Irrhainstraße in Nürnberg,barn,,D,blue
5026,http://www.wikidata.org/entity/Q98620637,,Point(11.062059326 49.49172249),4.35,49.491722490281,11.062059326974,1,http://www.wikidata.org/entity/Q42948,Mauer Irrhainstraße 12 a in Nürnberg,wall,,D,blue
5027,http://www.wikidata.org/entity/Q98621364,,Point(11.206381125 49.54652119),13.893,49.546521190438,11.206381125706,1,http://www.wikidata.org/entity/Q3044808,Q98621364,outbuilding,,D,blue
5028,http://www.wikidata.org/entity/Q98621494,,Point(11.023019313 49.516053334),7.948,49.51605333451,11.023019313835,1,http://www.wikidata.org/entity/Q98141352,Hofmauer Steinacher Straße 8 in Nürnberg,Q98141352,,D,blue
5029,http://www.wikidata.org/entity/Q98621495,,Point(11.022104169 49.516152654),7.991,49.516152654054,11.022104169198,1,http://www.wikidata.org/entity/Q98141352,Hofmauer Steinacher Straße 12 in Nürnberg,Q98141352,,D,blue
5030,http://www.wikidata.org/entity/Q98621492,,Point(11.021961993 49.516709496),8.049,49.516709496576,11.021961993403,1,http://www.wikidata.org/entity/Q98141352,Hofmauer Hasengasse 9 in Nürnberg,Q98141352,,D,blue
5031,http://www.wikidata.org/entity/Q98621635,,Point(11.044643192 49.499382164),5.583,49.499382164649,11.044643192223,1,http://www.wikidata.org/entity/Q500224,Austragshaus Baststraße 3 in Nürnberg,Auszugshaus,,D,blue
5032,http://www.wikidata.org/entity/Q98621639,,Point(11.044465368 49.499351358),5.586,49.499351358768,11.04446536849,1,http://www.wikidata.org/entity/Q721931,Schuppen Baststraße 3 in Nürnberg,shed,,D,blue
5033,http://www.wikidata.org/entity/Q98621637,,Point(11.04456642 49.499650764),5.613,49.499650764175,11.044566420424,1,http://www.wikidata.org/entity/Q1303167,Scheune Baststraße 3; Bucher Hauptstraße 112 in Nürnberg,barn,,D,blue
5034,http://www.wikidata.org/entity/Q98621641,,Point(11.04643213 49.499244354),5.516,49.49924435474,11.046432130515,1,http://www.wikidata.org/entity/Q98141352,Hofmauer Baststraße 22 in Nürnberg,Q98141352,,D,blue
5035,http://www.wikidata.org/entity/Q98621646,,Point(11.046308166 49.500031503),5.6,49.500031503803,11.046308166522,1,http://www.wikidata.org/entity/Q98141352,Hofmauer Baststraße 21 in Nürnberg,Q98141352,,D,blue
5036,http://www.wikidata.org/entity/Q98621644,,Point(11.046631714 49.499075092),5.493,49.499075092325,11.046631714201,1,http://www.wikidata.org/entity/Q1303167,Scheune Baststraße 20; Baststraße 22 in Nürnberg,barn,,D,blue
5037,http://www.wikidata.org/entity/Q98621650,,Point(11.046512712 49.4958541),5.171,49.495854100319,11.046512712609,1,http://www.wikidata.org/entity/Q181623,Lagerhalle Bucher Hauptstraße 55 in Nürnberg,warehouse,,D,blue
5038,http://www.wikidata.org/entity/Q98621648,,Point(11.046409047 49.499539925),5.547,49.499539925899,11.046409047178,1,http://www.wikidata.org/entity/Q3044808,Nebengebäude Baststraße 21 in Nürnberg,outbuilding,,D,blue
5039,http://www.wikidata.org/entity/Q98621652,,Point(11.046370569 49.496643144),5.254,49.496643144445,11.046370569408,1,http://www.wikidata.org/entity/Q42948,Mauer Bucher Hauptstraße 66; Bucher Hauptstraße 68 in Nürnberg,wall,,D,blue
5040,http://www.wikidata.org/entity/Q98621658,,Point(11.044448049 49.499792702),5.631,49.49979270211,11.044448049852,1,http://www.wikidata.org/entity/Q1303167,Scheune Bucher Hauptstraße 112 in Nürnberg,barn,,D,blue
5041,http://www.wikidata.org/entity/Q98621656,,Point(11.044007867 49.498864434),5.551,49.498864434838,11.044007867656,1,http://www.wikidata.org/entity/Q111010342,Hoftor Bucher Hauptstraße 102 in Nürnberg,yard gate,,D,blue
5042,http://www.wikidata.org/entity/Q98623254,,Point(11.139544186 49.472083881),4.933,49.472083881583,11.139544186748,1,http://www.wikidata.org/entity/Q111010342,Hoftor Erlenstegenstraße 112 in Nürnberg,yard gate,,D,blue
5043,http://www.wikidata.org/entity/Q98623256,,Point(11.137857813 49.472805362),4.856,49.47280536242,11.137857813073,1,http://www.wikidata.org/entity/Q2244647,Schlosspark Erlenstegenstraße 111 in Nürnberg,castle park,,D,blue
5044,http://www.wikidata.org/entity/Q98623261,,Point(11.112519589 49.475842051),3.528,49.47584205141,11.112519589911,1,http://www.wikidata.org/entity/Q853854,Uhrturm Klingenhofstraße 56; Klingenhofstraße 58; Klingenhofstraße 60 in Nürnberg,clock tower,,D,blue
5045,http://www.wikidata.org/entity/Q98623266,,Point(11.111634057 49.47548547),3.454,49.475485470528,11.11163405748,1,http://www.wikidata.org/entity/Q1906904,Maschinenhaus Klingenhofstraße 50 b in Nürnberg,powerhouse,,D,blue
5046,http://www.wikidata.org/entity/Q98623264,,Point(11.111773072 49.475805727),3.486,49.475805727666,11.111773072424,1,http://www.wikidata.org/entity/Q2111762,Produktionshalle Klingenhofstraße 50 c in Nürnberg,machine shop,,D,blue
5047,http://www.wikidata.org/entity/Q98623279,,Point(11.11919872 49.465729723),3.303,49.46572972393,11.119198720737,1,http://www.wikidata.org/entity/Q1307347,Einfriedung Steuerwald-Landmann-Straße 5 in Nürnberg,boundary,,D,blue
5048,http://www.wikidata.org/entity/Q98623276,,Point(11.116279348 49.466209149),3.133,49.466209149412,11.116279348882,1,http://www.wikidata.org/entity/Q1307347,Einfriedung Gneisenaustraße 15 in Nürnberg,boundary,,D,blue
5049,http://www.wikidata.org/entity/Q98623282,,Point(11.118563617 49.465638652),3.257,49.465638652887,11.118563617928,1,http://www.wikidata.org/entity/Q1307347,Einfriedung Hohenlohestraße 8; Steuerwald-Landmann-Straße 3 in Nürnberg,boundary,,D,blue
5050,http://www.wikidata.org/entity/Q98623287,,Point(11.121341613 49.464889869),3.411,49.464889869217,11.121341613062,1,http://www.wikidata.org/entity/Q1307347,Einfriedung Äußere Sulzbacher Straße 144 b in Nürnberg,boundary,,D,blue
5051,http://www.wikidata.org/entity/Q98623285,,Point(11.118421322 49.465909613),3.26,49.465909613453,11.118421322033,1,http://www.wikidata.org/entity/Q1307347,Einfriedung Hohenlohestraße 17 in Nürnberg,boundary,,D,blue
5052,http://www.wikidata.org/entity/Q98623290,,Point(11.120687315 49.464893726),3.367,49.464893726763,11.120687315656,1,http://www.wikidata.org/entity/Q39614,Friedhof Äußere Sulzbacher Straße 138; Äußere Sulzbacher Straße 140 in Nürnberg,cemetery,,D,blue
5053,http://www.wikidata.org/entity/Q98623292,,Point(11.120675343 49.465190971),3.378,49.465190971174,11.120675343521,1,http://www.wikidata.org/entity/Q1244442,Schulgebäude Äußere Sulzbacher Straße 138 in Nürnberg,school building,,D,blue
5054,http://www.wikidata.org/entity/Q98623298,,Point(11.12190816 49.473583854),3.898,49.473583854693,11.12190816045,1,http://www.wikidata.org/entity/Q1207909,Stall Spitalhof 3 a in Nürnberg,livestock housing,,D,blue
5055,http://www.wikidata.org/entity/Q98623299,,Point(11.122379836 49.473126027),3.898,49.4731260273,11.122379836232,1,http://www.wikidata.org/entity/Q1303167,Scheune Nähe Gervinusstraße in Nürnberg,barn,,D,blue
5056,http://www.wikidata.org/entity/Q98623302,,Point(11.13053239 49.474116263),4.457,49.474116263222,11.130532390267,1,http://www.wikidata.org/entity/Q98141338,Gartentor Hebelstraße 2 in Nürnberg,garden gate,,D,blue
5057,http://www.wikidata.org/entity/Q98623301,,Point(11.130161766 49.473964143),4.425,49.47396414356,11.130161766618,1,http://www.wikidata.org/entity/Q1307347,Einfriedung Eichendorffstraße 34 in Nürnberg,boundary,,D,blue
5058,http://www.wikidata.org/entity/Q98623306,,Point(11.136972902 49.472997964),4.808,49.472997964964,11.136972902234,1,http://www.wikidata.org/entity/Q111010342,Hoftor Zapfengasse 5 in Nürnberg,yard gate,,D,blue
5059,http://www.wikidata.org/entity/Q98623311,,Point(11.130970524 49.470003484),4.273,49.470003484699,11.130970524897,1,http://www.wikidata.org/entity/Q1307347,Einfriedung Erlenstegenstraße 53 in Nürnberg,boundary,,D,blue
5060,http://www.wikidata.org/entity/Q98623309,,Point(11.136955273 49.473034428),4.809,49.473034428368,11.136955273113,1,http://www.wikidata.org/entity/Q3044808,Nebengebäude Zapfengasse 5 in Nürnberg,outbuilding,,D,blue
5061,http://www.wikidata.org/entity/Q98623314,,Point(11.130396981 49.469160364),4.197,49.469160364599,11.130396981823,1,http://www.wikidata.org/entity/Q1307347,Einfriedung Erlenstegenstraße 44 in Nürnberg,boundary,,D,blue
5062,http://www.wikidata.org/entity/Q98623318,,Point(11.129492855 49.469129352),4.136,49.469129352626,11.129492855381,1,http://www.wikidata.org/entity/Q656720,Werkstatt Erlenstegenstraße 39 in Nürnberg,workshop,,D,blue
5063,http://www.wikidata.org/entity/Q98623316,,Point(11.129977079 49.468891552),4.157,49.468891552535,11.12997707955,1,http://www.wikidata.org/entity/Q1307347,Einfriedung Erlenstegenstraße 40 in Nürnberg,boundary,,D,blue
5064,http://www.wikidata.org/entity/Q98623322,,Point(11.129322336 49.46818685),4.083,49.468186850023,11.129322336668,1,http://www.wikidata.org/entity/Q1307347,Einfriedung Erlenstegenstraße 28 in Nürnberg,boundary,,D,blue
5065,http://www.wikidata.org/entity/Q98623320,,Point(11.129549532 49.46831797),4.104,49.468317970811,11.129549532093,1,http://www.wikidata.org/entity/Q22733,Garage Erlenstegenstraße 28 in Nürnberg,garage,,D,blue
5066,http://www.wikidata.org/entity/Q98623324,,Point(11.127183959 49.467412342),3.907,49.467412342379,11.127183959098,1,http://www.wikidata.org/entity/Q98141338,Gartentor Erlenstegenstraße 16; Erlenstegenstraße 16 a in Nürnberg,garden gate,,D,blue
5067,http://www.wikidata.org/entity/Q98623331,,Point(11.129702616 49.473384161),4.364,49.47338416131,11.129702616985,1,http://www.wikidata.org/entity/Q3950,Villa Eichendorffstraße 33 in Nürnberg,villa,,D,blue
5068,http://www.wikidata.org/entity/Q98623328,,Point(11.129383473 49.473712579),4.363,49.473712579069,11.129383473356,1,http://www.wikidata.org/entity/Q41176,Pförtnerhaus Eichendorffstraße 33 in Nürnberg,building,,D,blue
5069,http://www.wikidata.org/entity/Q98623334,,Point(11.133756435 49.473148357),4.609,49.473148357274,11.133756435932,1,http://www.wikidata.org/entity/Q98141338,Gartentor Schlegelstraße 11 in Nürnberg,garden gate,,D,blue
5070,http://www.wikidata.org/entity/Q98623595,,Point(11.194222112 49.420107364),9.25,49.420107364295,11.194222112624,1,http://www.wikidata.org/entity/Q879050,Old manor house,manor house,,D,blue
5071,http://www.wikidata.org/entity/Q98623795,,Point(11.192403672 49.420416821),9.116,49.420416821986,11.192403672848,1,http://www.wikidata.org/entity/Q277760,Gatehouse,gatehouse,,D,blue
5072,http://www.wikidata.org/entity/Q98623793,,Point(11.262102022 49.412202263),14.144,49.412202263122,11.262102022416,1,http://www.wikidata.org/entity/Q1303167,Scheune Birnthon 1 in Nürnberg (D-5-64-000-2237#1),barn,,D,blue
5073,http://www.wikidata.org/entity/Q98623800,,Point(11.194979651 49.4202328),9.295,49.42023280068,11.194979651465,1,http://www.wikidata.org/entity/Q41176,Q98623800,building,,D,blue
5074,http://www.wikidata.org/entity/Q98623807,,Point(11.194215089 49.420018867),9.254,49.420018867874,11.194215089687,1,http://www.wikidata.org/entity/Q1307347,Q98623807,boundary,,D,blue
5075,http://www.wikidata.org/entity/Q98623805,,Point(11.194497709 49.420065951),9.27,49.420065951494,11.194497709431,1,http://www.wikidata.org/entity/Q1307347,Q98623805,boundary,,D,blue
5076,http://www.wikidata.org/entity/Q98623811,,Point(11.192235481 49.421264653),9.067,49.421264653425,11.192235481569,1,http://www.wikidata.org/entity/Q2244647,Q98623811,castle park,,D,blue
5077,http://www.wikidata.org/entity/Q98623809,,Point(11.191922058 49.421158175),9.051,49.421158175883,11.1919220587,1,http://www.wikidata.org/entity/Q3044808,Q98623809,outbuilding,,D,blue
5078,http://www.wikidata.org/entity/Q98623814,,Point(11.192235227 49.421366259),9.062,49.421366259363,11.192235227933,1,http://www.wikidata.org/entity/Q1307347,Q98623814,boundary,,D,blue
5079,http://www.wikidata.org/entity/Q98623823,,Point(11.173408932 49.413883956),8.25,49.41388395606,11.173408932412,1,http://www.wikidata.org/entity/Q1339195,station building Fischbach (b Nürnberg) station,station building,,D,blue
5080,http://www.wikidata.org/entity/Q98623829,,Point(11.192948707 49.420182029),9.163,49.420182029945,11.192948707264,1,http://www.wikidata.org/entity/Q1307347,Q98623829,boundary,,D,blue
5081,http://www.wikidata.org/entity/Q98623843,,Point(11.174203868 49.414805089),8.244,49.414805089633,11.1742038689,1,http://www.wikidata.org/entity/Q921099,Grenzstein B4,boundary marker,,D,blue
5082,http://www.wikidata.org/entity/Q98624123,,Point(10.993464312 49.485362674),6.997,49.485362674144,10.993464312126,1,http://www.wikidata.org/entity/Q6451172,Leichenhalle Städtischer Friedhof Fürth,morgue,,D,blue
5083,http://www.wikidata.org/entity/Q98624131,,Point(10.993554186 49.48511161),6.977,49.485111610045,10.993554186791,1,http://www.wikidata.org/entity/Q813966,Bedürfnisanstalt Erlanger Straße 97 in Fürth,public toilet,,D,blue
5084,http://www.wikidata.org/entity/Q98624128,,Point(10.992431691 49.4868932),7.147,49.486893200031,10.992431691885,1,http://www.wikidata.org/entity/Q675824,Kolumbarium Städtischer Friedhof Fürth,columbarium,,D,blue
5085,http://www.wikidata.org/entity/Q98626238,,Point(11.103522073 49.458121409),1.953,49.458121409941,11.103522073628,1,http://www.wikidata.org/entity/Q58148511,Totengräberhaus Bartholomäusstraße 44 in Nürnberg,Q58148511,,D,blue
5086,http://www.wikidata.org/entity/Q98626236,,Point(11.103152878 49.457909414),1.922,49.457909414354,11.103152878227,1,http://www.wikidata.org/entity/Q40211238,Friedhofsmauer Nähe Bartholomäusstraße in Nürnberg,churchyard wall,,D,blue
5087,http://www.wikidata.org/entity/Q98626242,,Point(11.091877865 49.452231436),1.07,49.452231436881,11.091877865592,1,http://www.wikidata.org/entity/Q1307347,Einfriedung Liebigstraße 3 in Nürnberg,boundary,,D,blue
5088,http://www.wikidata.org/entity/Q98626255,,Point(11.07286908 49.460142429),0.767,49.460142429629,11.072869080152,1,http://www.wikidata.org/entity/Q1307347,Einfriedung Bucher Straße 18 in Nürnberg,boundary,,D,blue
5089,http://www.wikidata.org/entity/Q98626257,,Point(11.073187322 49.461252515),0.873,49.461252515857,11.073187322068,1,http://www.wikidata.org/entity/Q1307347,Einfriedung Bucher Straße 28 in Nürnberg,boundary,,D,blue
5090,http://www.wikidata.org/entity/Q98626262,,Point(11.072794013 49.46100404),0.857,49.461004040463,11.072794013569,1,http://www.wikidata.org/entity/Q98094534,Wachgebäude Bucher Straße 28 in Nürnberg,guards building,,D,blue
5091,http://www.wikidata.org/entity/Q98626260,,Point(11.073292579 49.461052572),0.849,49.461052572436,11.073292579917,1,http://www.wikidata.org/entity/Q42896655,Wirtschaftsgebäude Pirckheimerstraße 5 in Nürnberg,farm building,,D,blue
5092,http://www.wikidata.org/entity/Q98626274,,Point(11.075521923 49.464405538),1.178,49.464405538346,11.075521923668,1,http://www.wikidata.org/entity/Q1307347,Einfriedung Kobergerstraße 44 in Nürnberg,boundary,,D,blue
5093,http://www.wikidata.org/entity/Q98626272,,Point(11.0769474 49.462404663),0.949,49.462404663257,11.076947400458,1,http://www.wikidata.org/entity/Q1307347,Einfriedung Kaulbachstraße 19 in Nürnberg,boundary,,D,blue
5094,http://www.wikidata.org/entity/Q98626290,,Point(11.076089519 49.462509675),0.964,49.462509675232,11.076089519773,1,http://www.wikidata.org/entity/Q1307347,Einfriedung Meuschelstraße; Nähe Meuschelstraße in Nürnberg,boundary,,D,blue
5095,http://www.wikidata.org/entity/Q98626294,,Point(11.077663325 49.462328176),0.941,49.462328176522,11.077663325214,1,http://www.wikidata.org/entity/Q1307347,Einfriedung Meuschelstraße 21 in Nürnberg,boundary,,D,blue
5096,http://www.wikidata.org/entity/Q98626298,,Point(11.079616208 49.462056191),0.925,49.462056191714,11.07961620895,1,http://www.wikidata.org/entity/Q1307347,Einfriedung Meuschelstraße 34 in Nürnberg,boundary,,D,blue
5097,http://www.wikidata.org/entity/Q98626296,,Point(11.077852065 49.462310099),0.939,49.462310099489,11.077852065568,1,http://www.wikidata.org/entity/Q1307347,Einfriedung Nähe Meuschelstraße in Nürnberg,boundary,,D,blue
5098,http://www.wikidata.org/entity/Q98626300,,Point(11.079822507 49.462091964),0.932,49.462091964904,11.079822507762,1,http://www.wikidata.org/entity/Q1307347,Einfriedung Meuschelstraße 38 in Nürnberg,boundary,,D,blue
5099,http://www.wikidata.org/entity/Q98626307,,Point(11.075313456 49.460840258),0.788,49.460840258819,11.075313456133,1,http://www.wikidata.org/entity/Q1307347,Einfriedung Pirckheimerstraße 16 in Nürnberg,boundary,,D,blue
5100,http://www.wikidata.org/entity/Q98626305,,Point(11.073769113 49.460931042),0.825,49.460931042159,11.073769113287,1,http://www.wikidata.org/entity/Q1307347,Einfriedung Pirckheimerstraße 9 in Nürnberg,boundary,,D,blue
5101,http://www.wikidata.org/entity/Q98626311,,Point(11.082017081 49.464561865),1.237,49.464561865499,11.082017081402,1,http://www.wikidata.org/entity/Q1307347,Einfriedung Rollnerstraße 55 in Nürnberg,boundary,,D,blue
5102,http://www.wikidata.org/entity/Q98626309,,Point(11.081934753 49.459693323),0.729,49.459693323629,11.081934753253,1,http://www.wikidata.org/entity/Q1307347,Einfriedung Rollnerstraße 5 in Nürnberg,boundary,,D,blue
5103,http://www.wikidata.org/entity/Q98626318,,Point(11.073903344 49.463163965),1.062,49.463163965385,11.073903344531,1,http://www.wikidata.org/entity/Q1307347,Einfriedung Schweppermannstraße 20 in Nürnberg,boundary,,D,blue
5104,http://www.wikidata.org/entity/Q98626321,,Point(11.074668387 49.463138957),1.048,49.463138957307,11.07466838782,1,http://www.wikidata.org/entity/Q1307347,Einfriedung Schweppermannstraße 22 in Nürnberg,boundary,,D,blue
5105,http://www.wikidata.org/entity/Q98626327,,Point(11.085529596 49.46008231),0.911,49.460082310951,11.085529596468,1,http://www.wikidata.org/entity/Q1307347,Einfriedung Tuchergartenstraße 3 in Nürnberg,boundary,,D,blue
5106,http://www.wikidata.org/entity/Q98626337,,Point(11.079653673 49.463796385),1.117,49.463796385858,11.079653673111,1,http://www.wikidata.org/entity/Q111010342,Hoftor Friedrichstraße 66 in Nürnberg,yard gate,,D,blue
5107,http://www.wikidata.org/entity/Q98626342,,Point(11.08798277 49.46432497),1.395,49.464324970472,11.087982770251,1,http://www.wikidata.org/entity/Q1307347,Einfriedung Berckhauserstraße 17 in Nürnberg,boundary,,D,blue
5108,http://www.wikidata.org/entity/Q98626340,,Point(11.087307368 49.462381849),1.191,49.462381849217,11.087307368719,1,http://www.wikidata.org/entity/Q13164546,Rückgebäude Maxfeldstraße 53 in Nürnberg,butcher shop,,D,blue
5109,http://www.wikidata.org/entity/Q98626347,,Point(11.08792617 49.46420887),1.382,49.464208870577,11.087926170706,1,http://www.wikidata.org/entity/Q1307347,Einfriedung Parkstraße 13 in Nürnberg,boundary,,D,blue
5110,http://www.wikidata.org/entity/Q98626345,,Point(11.087806033 49.464134033),1.371,49.464134033721,11.087806033408,1,http://www.wikidata.org/entity/Q1307347,Einfriedung Parkstraße 11 in Nürnberg,boundary,,D,blue
5111,http://www.wikidata.org/entity/Q98626350,,Point(11.08852132 49.464660951),1.448,49.4646609513,11.088521320519,1,http://www.wikidata.org/entity/Q1307347,Einfriedung Berckhauserstraße 28; Gellertstraße 1 in Nürnberg,boundary,,D,blue
5112,http://www.wikidata.org/entity/Q98626501,,Point(11.087745176 49.43823862),1.895,49.438238620368,11.087745176851,1,http://www.wikidata.org/entity/Q1307347,Einfriedung Hummelsteiner Weg 89; Wirthstraße 60; Wirthstraße 62 in Nürnberg,boundary,,D,blue
5113,http://www.wikidata.org/entity/Q98626506,,Point(11.089286154 49.433402701),2.435,49.433402701803,11.089286154682,1,http://www.wikidata.org/entity/Q98141338,Gartentor Hummelstein 43; Hummelstein 44 in Nürnberg,garden gate,,D,blue
5114,http://www.wikidata.org/entity/Q98626507,,Point(11.089575243 49.433465719),2.436,49.433465719347,11.089575243855,1,http://www.wikidata.org/entity/Q3044808,Nebengebäude Hummelstein 46 in Nürnberg,outbuilding,,D,blue
5115,http://www.wikidata.org/entity/Q98626504,,Point(11.088563107 49.437646379),1.979,49.437646379803,11.088563107563,1,http://www.wikidata.org/entity/Q10561522,Zwinger Wirthstraße 76 in Nürnberg,zwinger,,D,blue
5116,http://www.wikidata.org/entity/Q98626510,,Point(11.088488133 49.435139634),2.234,49.435139634043,11.088488133809,1,http://www.wikidata.org/entity/Q53060,Schlosstor Nähe Normannenstraße in Nürnberg,gate,,D,blue
5117,http://www.wikidata.org/entity/Q98626509,,Point(11.089917783 49.433152224),2.478,49.433152224337,11.089917783041,1,http://www.wikidata.org/entity/Q56055312,Grabmal Hummelstein 46 in Nürnberg,sepulchral monument,,D,blue
5118,http://www.wikidata.org/entity/Q98626516,,Point(11.060297001 49.423058508),3.64,49.423058508393,11.060297001154,1,http://www.wikidata.org/entity/Q5526694,Kegelbahn Volckamerstraße 17 in Nürnberg,Gasthaus,,D,blue
5119,http://www.wikidata.org/entity/Q98626522,,Point(11.082919241 49.411020385),4.782,49.41102038512,11.082919241333,1,http://www.wikidata.org/entity/Q213441,Laden Julius-Loßmann-Straße 51 in Nürnberg,shop,,D,blue
5120,http://www.wikidata.org/entity/Q98626520,,Point(11.083319525 49.410717087),4.818,49.410717087204,11.083319525802,1,http://www.wikidata.org/entity/Q41176,Friedhofswärterhaus Julius-Loßmann-Straße 53 in Nürnberg,building,,D,blue
5121,http://www.wikidata.org/entity/Q98626527,,Point(11.084499324 49.411545964),4.735,49.411545964202,11.084499324346,1,http://www.wikidata.org/entity/Q12042092,Trauerhalle Julius-Loßmann-Straße 55 in Nürnberg,funeral hall,,D,blue
5122,http://www.wikidata.org/entity/Q98626524,,Point(11.0831557 49.410915062),4.795,49.410915062005,11.083155700454,1,http://www.wikidata.org/entity/Q813966,Bedürfnisanstalt Julius-Loßmann-Straße 51 in Nürnberg,public toilet,,D,blue
5123,http://www.wikidata.org/entity/Q98626525,,Point(11.08309306 49.410883349),4.798,49.410883349276,11.083093060106,1,http://www.wikidata.org/entity/Q53060,Friedhofstor Julius-Loßmann-Straße 51 in Nürnberg,gate,,D,blue
5124,http://www.wikidata.org/entity/Q98626528,,Point(11.084223335 49.411090622),4.783,49.411090622403,11.084223335805,1,http://www.wikidata.org/entity/Q6451172,Leichenhalle Julius-Loßmann-Straße 55 in Nürnberg,morgue,,D,blue
5125,http://www.wikidata.org/entity/Q98626534,,Point(11.104083576 49.413697838),4.869,49.413697838818,11.104083576174,1,http://www.wikidata.org/entity/Q317557,Einfriedung Zengerstraße 12 in Nürnberg,parish church,,D,blue
5126,http://www.wikidata.org/entity/Q98626536,,Point(11.102288608 49.414911784),4.694,49.414911784269,11.102288608263,1,http://www.wikidata.org/entity/Q1307347,Einfriedung Rüberstraße 1; Rüberstraße 3 in Nürnberg,boundary,,D,blue
5127,http://www.wikidata.org/entity/Q98626541,,Point(11.105356412 49.415217349),4.753,49.415217349068,11.105356412921,1,http://www.wikidata.org/entity/Q1307347,Einfriedung Matthäus-Herrmann-Platz 2 in Nürnberg,boundary,,D,blue
5128,http://www.wikidata.org/entity/Q98626547,,Point(11.083192782 49.439863748),1.615,49.439863748631,11.08319278202,1,http://www.wikidata.org/entity/Q3044808,Nebengebäude Bulmannstraße 34 in Nürnberg,outbuilding,,D,blue
5129,http://www.wikidata.org/entity/Q98626545,,Point(11.069401371 49.433817454),2.302,49.433817454714,11.06940137167,1,http://www.wikidata.org/entity/Q1307347,Einfriedung Straßburger Straße 14 in Nürnberg,boundary,,D,blue
5130,http://www.wikidata.org/entity/Q98626551,,Point(11.084658233 49.439757395),1.657,49.439757395438,11.08465823334,1,http://www.wikidata.org/entity/Q98141338,Gartentor Humboldtstraße 111 in Nürnberg,garden gate,,D,blue
5131,http://www.wikidata.org/entity/Q98626574,,Point(11.086985904 49.431861898),2.546,49.431861898196,11.086985904447,1,http://www.wikidata.org/entity/Q1307347,Einfriedung Sperberstraße 73 in Nürnberg,boundary,,D,blue
5132,http://www.wikidata.org/entity/Q98626573,,Point(11.067862361 49.428340786),2.92,49.428340786911,11.06786236119,1,http://www.wikidata.org/entity/Q1577547,Mietshaus Platenstraße 16 in Nürnberg,revenue house,,D,blue
5133,http://www.wikidata.org/entity/Q98626578,,Point(11.088435751 49.4324626),2.513,49.432462600373,11.088435751315,1,http://www.wikidata.org/entity/Q276173,Pavillon Sperberstraße 85 in Nürnberg,pavilion,,D,blue
5134,http://www.wikidata.org/entity/Q98626579,,Point(11.088688735 49.431931803),2.575,49.431931803556,11.088688735712,1,http://www.wikidata.org/entity/Q1307347,Einfriedung Sperberstraße 85 in Nürnberg,boundary,,D,blue
5135,http://www.wikidata.org/entity/Q98626576,,Point(11.087448754 49.431842093),2.557,49.431842093866,11.087448754247,1,http://www.wikidata.org/entity/Q1307347,Einfriedung Sperberstraße 77 in Nürnberg,boundary,,D,blue
5136,http://www.wikidata.org/entity/Q98626582,,Point(11.091124553 49.435060962),2.318,49.435060962588,11.091124553389,1,http://www.wikidata.org/entity/Q98141595,Werkstattgebäude Allersberger Straße 130 a; Im Posthof 113; Im Posthof 115; Kleestraße 15 in Nürnberg,workshop building,,D,blue
5137,http://www.wikidata.org/entity/Q98626581,,Point(11.090498318 49.435822647),2.222,49.43582264783,11.090498318826,1,http://www.wikidata.org/entity/Q1021645,Bürogebäude Allersberger Straße 128; Kleestraße 11 in Nürnberg,office building,,D,blue
5138,http://www.wikidata.org/entity/Q98626587,,Point(11.092485994 49.433648083),2.502,49.433648083695,11.092485994148,1,http://www.wikidata.org/entity/Q11755880,Wohnhaus Jean-Paul-Platz 3; Jean-Paul-Platz 5; Jean-Paul-Platz 7; Jean-Paul-Platz 9; Kleestraße 21; Kleestraße 23; Kleestraße 25; Kleestraße 27 in Nürnberg,residential building,,D,blue
5139,http://www.wikidata.org/entity/Q98626584,,Point(11.092210566 49.43429176),2.429,49.43429176048,11.092210566239,1,http://www.wikidata.org/entity/Q41176,Fahrzeughalle Im Posthof in Nürnberg,building,,D,blue
5140,http://www.wikidata.org/entity/Q98626585,,Point(11.092859116 49.434826557),2.398,49.434826557646,11.092859116993,1,http://www.wikidata.org/entity/Q11755880,Wohnhaus Allersberger Straße in Nürnberg,residential building,,D,blue
5141,http://www.wikidata.org/entity/Q98626590,,Point(11.091755038 49.435777841),2.267,49.435777841201,11.09175503879,1,http://www.wikidata.org/entity/Q1307347,Einfriedung Allersberger Straße 130 in Nürnberg,boundary,,D,blue
5142,http://www.wikidata.org/entity/Q98626593,,Point(11.109004648 49.447157699),2.41,49.447157699682,11.109004648212,1,http://www.wikidata.org/entity/Q277760,Torhaus Gleißhammerstraße 2 in Nürnberg,gatehouse,,D,blue
5143,http://www.wikidata.org/entity/Q98626602,,Point(11.12341653 49.423446164),4.75,49.423446164825,11.123416530864,1,http://www.wikidata.org/entity/Q483110,Sonnenbadwiese Hans-Kalb-Straße 44 in Nürnberg,stadium,,D,blue
5144,http://www.wikidata.org/entity/Q98626615,,Point(11.124194356 49.426820765),4.532,49.426820765655,11.124194356308,1,http://www.wikidata.org/entity/Q41176,Büro- und Verwaltungsgebäude Karl-Steigelmann-Straße 5 in Nürnberg,building,,D,blue
5145,http://www.wikidata.org/entity/Q98626612,,Point(11.118873835 49.434776729),3.68,49.434776729946,11.118873835632,1,http://www.wikidata.org/entity/Q42948,Mauer Seumestraße 18 in Nürnberg,wall,,D,blue
5146,http://www.wikidata.org/entity/Q98626618,,Point(11.093554433 49.440380796),1.906,49.440380796752,11.093554433291,1,http://www.wikidata.org/entity/Q11755880,Wohnhaus Augustenstraße 22 in Nürnberg,residential building,,D,blue
5147,http://www.wikidata.org/entity/Q98626617,,Point(11.095065531 49.440895873),1.932,49.440895873845,11.095065531204,1,http://www.wikidata.org/entity/Q322563,Berufsschule Augustenstraße 30 in Nürnberg,vocational school,,D,blue
5148,http://www.wikidata.org/entity/Q98626622,,Point(11.092999439 49.439441443),1.965,49.439441443079,11.092999439711,1,http://www.wikidata.org/entity/Q98141595,Werkstattgebäude Grenzstraße 15 in Nürnberg,workshop building,,D,blue
5149,http://www.wikidata.org/entity/Q98626623,,Point(11.094665099 49.440850466),1.916,49.440850466689,11.094665099549,1,http://www.wikidata.org/entity/Q860861,Gartenskulptur Augustenstraße 30 in Nürnberg,sculpture,,D,blue
5150,http://www.wikidata.org/entity/Q98626620,,Point(11.092962443 49.440087439),1.906,49.440087439162,11.092962443725,1,http://www.wikidata.org/entity/Q98141595,Werkstattgebäude Augustenstraße 18; Augustenstraße 20 in Nürnberg,workshop building,,D,blue
5151,http://www.wikidata.org/entity/Q98626626,,Point(11.098950507 49.438611426),2.309,49.438611426338,11.098950507863,1,http://www.wikidata.org/entity/Q1307347,Einfriedung Nibelungenstraße 26 in Nürnberg,boundary,,D,blue
5152,http://www.wikidata.org/entity/Q98626625,,Point(11.093503621 49.440463731),1.896,49.440463731543,11.093503621332,1,http://www.wikidata.org/entity/Q860861,Gartenskulptur Augustenstraße 22 in Nürnberg,sculpture,,D,blue
5153,http://www.wikidata.org/entity/Q98626628,,Point(11.099041261 49.438758558),2.301,49.438758558901,11.099041261496,1,http://www.wikidata.org/entity/Q1307347,Einfriedung Nibelungenstraße 27 in Nürnberg,boundary,,D,blue
5154,http://www.wikidata.org/entity/Q98626629,,Point(11.098915654 49.438837425),2.288,49.438837425362,11.098915654354,1,http://www.wikidata.org/entity/Q1307347,Einfriedung Nibelungenstraße 25 in Nürnberg,boundary,,D,blue
5155,http://www.wikidata.org/entity/Q98626634,,Point(11.099964324 49.43874665),2.348,49.438746650325,11.0999643241,1,http://www.wikidata.org/entity/Q1307347,Einfriedung Rankestraße 20 in Nürnberg,boundary,,D,blue
5156,http://www.wikidata.org/entity/Q98626635,,Point(11.100153717 49.4338037),2.777,49.433803700807,11.100153717221,1,http://www.wikidata.org/entity/Q1307347,Einfriedung Rankestraße 69 in Nürnberg,boundary,,D,blue
5157,http://www.wikidata.org/entity/Q98626632,,Point(11.101239437 49.437865585),2.483,49.437865585056,11.10123943721,1,http://www.wikidata.org/entity/Q1307347,Einfriedung Parsifalstraße 8 in Nürnberg,boundary,,D,blue
5158,http://www.wikidata.org/entity/Q98626637,,Point(11.100086333 49.433946484),2.761,49.433946484583,11.100086333056,1,http://www.wikidata.org/entity/Q860861,Gartenskulptur Rankestraße 69 in Nürnberg,sculpture,,D,blue
5159,http://www.wikidata.org/entity/Q98626642,,Point(11.102529401 49.44441744),2.105,49.444417440979,11.102529401426,1,http://www.wikidata.org/entity/Q98478769,Holzlege Pfründnerstraße 24 in Nürnberg,Lumberyard,,D,blue
5160,http://www.wikidata.org/entity/Q98626643,,Point(11.106756996 49.444858499),2.354,49.444858499171,11.106756996911,1,http://www.wikidata.org/entity/Q1307347,Einfriedung Scharrerstraße 33 in Nürnberg,boundary,,D,blue
5161,http://www.wikidata.org/entity/Q98626640,,Point(11.101394094 49.442815323),2.132,49.442815323978,11.101394094576,1,http://www.wikidata.org/entity/Q786803,Autohaus Regensburger Straße 70 in Nürnberg,car dealership,,D,blue
5162,http://www.wikidata.org/entity/Q98626650,,Point(11.10729225 49.451016958),2.191,49.451016958685,11.10729225067,1,http://www.wikidata.org/entity/Q1307347,Einfriedung Arminiusstraße 1 in Nürnberg,boundary,,D,blue
5163,http://www.wikidata.org/entity/Q98626651,,Point(11.108851654 49.453951774),2.281,49.453951774581,11.108851654743,1,http://www.wikidata.org/entity/Q1307347,Einfriedung Teutonenstraße 43; Teutonenstraße 45 in Nürnberg,boundary,,D,blue
5164,http://www.wikidata.org/entity/Q98626699,,Point(11.050885439 49.454703205),1.911,49.454703205565,11.050885439673,1,http://www.wikidata.org/entity/Q98141338,Gartentor Sielstraße 17 in Nürnberg,garden gate,,D,blue
5165,http://www.wikidata.org/entity/Q98626696,,Point(11.049729689 49.453879391),1.993,49.453879391164,11.049729689556,1,http://www.wikidata.org/entity/Q3044808,Nebengebäude Bärenschanzstraße 60 in Nürnberg,outbuilding,,D,blue
5166,http://www.wikidata.org/entity/Q98626697,,Point(11.050175374 49.453787656),1.96,49.453787656795,11.050175374214,1,http://www.wikidata.org/entity/Q1307347,Einfriedung Bärenschanzstraße 60 in Nürnberg,boundary,,D,blue
5167,http://www.wikidata.org/entity/Q98626702,,Point(11.048837017 49.451033172),2.081,49.451033172058,11.04883701706,1,http://www.wikidata.org/entity/Q1307347,Einfriedung Denisstraße 34 in Nürnberg,boundary,,D,blue
5168,http://www.wikidata.org/entity/Q98626700,,Point(11.048492877 49.451122436),2.104,49.451122436159,11.048492877869,1,http://www.wikidata.org/entity/Q607241,Pfarrhaus  Denisstraße 34 in Nürnberg,clergy house,,D,blue
5169,http://www.wikidata.org/entity/Q98626711,,Point(11.049535168 49.452531566),2.012,49.452531566121,11.049535168788,1,http://www.wikidata.org/entity/Q1307347,Einfriedung Fürther Straße 95 in Nürnberg,boundary,,D,blue
5170,http://www.wikidata.org/entity/Q98626713,,Point(11.04917359 49.4526495),2.037,49.452649500396,11.049173590689,1,http://www.wikidata.org/entity/Q98141338,Gartentor Fürther Straße 97 in Nürnberg,garden gate,,D,blue
5171,http://www.wikidata.org/entity/Q98626719,,Point(11.050306321 49.451283004),1.972,49.451283004706,11.05030632146,1,http://www.wikidata.org/entity/Q98141338,Gartentor Adam-Klein-Straße 30 in Nürnberg,garden gate,,D,blue
5172,http://www.wikidata.org/entity/Q98626716,,Point(11.049440197 49.452539365),2.019,49.452539365458,11.049440197785,1,http://www.wikidata.org/entity/Q98141338,Gartentor Paumgartnerstraße 1 in Nürnberg,garden gate,,D,blue
5173,http://www.wikidata.org/entity/Q98626722,,Point(11.053870368 49.453854135),1.693,49.453854135398,11.053870368811,1,http://www.wikidata.org/entity/Q40211238,Friedhofsmauer Bärenschanzstraße 40 in Nürnberg,churchyard wall,,D,blue
5174,http://www.wikidata.org/entity/Q98626721,,Point(11.050263592 49.451698435),1.969,49.451698435872,11.050263592842,1,http://www.wikidata.org/entity/Q1307347,Einfriedung Preißlerstraße 6 in Nürnberg,boundary,,D,blue
5175,http://www.wikidata.org/entity/Q98626726,,Point(11.050181562 49.450262647),2.001,49.450262647564,11.050181562519,1,http://www.wikidata.org/entity/Q1307347,Einfriedung Denisstraße 23; Denisstraße 25 in Nürnberg,boundary,,D,blue
5176,http://www.wikidata.org/entity/Q98626725,,Point(11.049891322 49.450508879),2.016,49.450508879821,11.049891322533,1,http://www.wikidata.org/entity/Q98141338,Gartentor Denisstraße 24 in Nürnberg,garden gate,,D,blue
5177,http://www.wikidata.org/entity/Q98626731,,Point(11.04660592 49.454250237),2.219,49.454250237711,11.046605920787,1,http://www.wikidata.org/entity/Q1307347,Einfriedung Bärenschanzstraße 72 in Nürnberg,boundary,,D,blue
5178,http://www.wikidata.org/entity/Q98626734,,Point(11.051859165 49.451517994),1.857,49.451517994833,11.051859165362,1,http://www.wikidata.org/entity/Q98141338,Gartentor Glockendonstraße 6; Glockendonstraße 8 in Nürnberg,garden gate,,D,blue
5179,http://www.wikidata.org/entity/Q98626733,,Point(11.051509843 49.451746248),1.879,49.451746248372,11.051509843218,1,http://www.wikidata.org/entity/Q3044808,Nebengebäude Glockendonstraße 6 in Nürnberg,outbuilding,,D,blue
5180,http://www.wikidata.org/entity/Q98626742,,Point(11.05156904 49.451139498),1.884,49.45113949842,11.051569040746,1,http://www.wikidata.org/entity/Q98141338,Gartentor Glockendonstraße 12 in Nürnberg,garden gate,,D,blue
5181,http://www.wikidata.org/entity/Q98626743,,Point(11.051211251 49.451175815),1.909,49.451175815508,11.051211251699,1,http://www.wikidata.org/entity/Q3044808,Nebengebäude Glockendonstraße 14 in Nürnberg,outbuilding,,D,blue
5182,http://www.wikidata.org/entity/Q98626745,,Point(11.052828689 49.449341638),1.839,49.449341638259,11.052828689163,1,http://www.wikidata.org/entity/Q98141595,Werkstattgebäude Müllnerstraße 33 in Nürnberg,workshop building,,D,blue
5183,http://www.wikidata.org/entity/Q98626756,,Point(11.052805909 49.449175865),1.846,49.449175865976,11.052805909101,1,http://www.wikidata.org/entity/Q98141338,Gartentor Volprechtstraße 18 in Nürnberg,garden gate,,D,blue
5184,http://www.wikidata.org/entity/Q98626787,,Point(11.064977481 49.446598327),1.203,49.446598327458,11.064977481631,1,http://www.wikidata.org/entity/Q1577547,Mietshaus Gostenhofer Hauptstraße 29 in Nürnberg,revenue house,,D,blue
5185,http://www.wikidata.org/entity/Q98626784,,Point(11.060725325 49.445158006),1.541,49.445158006948,11.060725325284,1,http://www.wikidata.org/entity/Q111010342,Hoftor Bauerngasse 19 in Nürnberg,yard gate,,D,blue
5186,http://www.wikidata.org/entity/Q98626790,,Point(11.061321356 49.445583114),1.478,49.4455831146,11.061321356773,1,http://www.wikidata.org/entity/Q1307347,Einfriedung Gostenhofer Hauptstraße 71 in Nürnberg,boundary,,D,blue
5187,http://www.wikidata.org/entity/Q98626798,,Point(11.062032001 49.44516883),1.468,49.445168830255,11.062032001982,1,http://www.wikidata.org/entity/Q98141338,Gartentor Petzoltstraße 7 in Nürnberg,garden gate,,D,blue
5188,http://www.wikidata.org/entity/Q98626799,,Point(11.062368117 49.445304888),1.439,49.445304888479,11.062368117589,1,http://www.wikidata.org/entity/Q22733,Garage Petzoltstraße 9 in Nürnberg,garage,,D,blue
5189,http://www.wikidata.org/entity/Q98626802,,Point(11.059377767 49.447140484),1.496,49.447140484144,11.059377767157,1,http://www.wikidata.org/entity/Q1241568,Soldatenfriedhof Nähe Imhoffstraße in Nürnberg,military cemetery,,D,blue
5190,http://www.wikidata.org/entity/Q98626807,,Point(11.051339895 49.449508901),1.938,49.449508901412,11.051339895281,1,http://www.wikidata.org/entity/Q11755880,Wohnhaus Austraße 58 in Nürnberg,residential building,,D,blue
5191,http://www.wikidata.org/entity/Q98626810,,Point(11.060327582 49.446043033),1.504,49.446043033666,11.060327582431,1,http://www.wikidata.org/entity/Q1577547,Mietshaus Knauerstraße 8 in Nürnberg,revenue house,,D,blue
5192,http://www.wikidata.org/entity/Q98626818,,Point(11.055133692 49.442897477),2.014,49.442897477391,11.055133692453,1,http://www.wikidata.org/entity/Q1307347,Einfriedung Philipp-Koerber-Weg 2 in Nürnberg,boundary,,D,blue
5193,http://www.wikidata.org/entity/Q98626958,,Point(11.01119195 49.529283337),9.649,49.529283337089,11.011191950772,1,http://www.wikidata.org/entity/Q98141352,Hofmauer Großgründlacher Hauptstraße 30 in Nürnberg,Q98141352,,D,blue
5194,http://www.wikidata.org/entity/Q98626959,,Point(11.010940597 49.529163514),9.646,49.529163514321,11.01094059782,1,http://www.wikidata.org/entity/Q1307347,Einfriedung Großgründlacher Hauptstraße 37 in Nürnberg,boundary,,D,blue
5195,http://www.wikidata.org/entity/Q98626957,,Point(11.010761168 49.528343467),9.574,49.528343467615,11.010761168543,1,http://www.wikidata.org/entity/Q53060,Hofeinfahrt Großgründlacher Hauptstraße 23 in Nürnberg,gate,,D,blue
5196,http://www.wikidata.org/entity/Q98626962,,Point(11.004735032 49.531527127),10.1,49.531527127346,11.004735032568,1,http://www.wikidata.org/entity/Q4989906,Gedenkstein Nähe Kleingründlacher Straße in Nürnberg,monument,,D,blue
5197,http://www.wikidata.org/entity/Q98626963,,Point(11.011039 49.529698),9.695,49.529698,11.011039,1,http://www.wikidata.org/entity/Q1307347,Einfriedung Großgründlacher Hauptstraße 36,boundary,,D,blue
5198,http://www.wikidata.org/entity/Q98626960,,Point(11.010985714 49.529407882),9.668,49.529407882277,11.010985714862,1,http://www.wikidata.org/entity/Q5526694,Nebengebäude Großgründlacher Hauptstraße 39 in Nürnberg,Gasthaus,,D,blue
5199,http://www.wikidata.org/entity/Q98626961,,Point(11.010988 49.529515),9.679,49.529515,11.010988,1,http://www.wikidata.org/entity/Q3044808,Torbogen Großgründlacher Hauptstraße 41 in Nürnberg,outbuilding,,D,blue
5200,http://www.wikidata.org/entity/Q98626966,,Point(11.010789493 49.529576953),9.692,49.529576953483,11.010789493973,1,http://www.wikidata.org/entity/Q3044808,Nebengebäude Großgründlacher Hauptstraße 43 in Nürnberg,outbuilding,,D,blue
5201,http://www.wikidata.org/entity/Q98626964,,Point(11.011274419 49.529605383),9.677,49.529605383476,11.011274419307,1,http://www.wikidata.org/entity/Q1195942,Feuerwehrgerätehaus Großgründlacher Hauptstraße 36 in Nürnberg,fire station,,D,blue
5202,http://www.wikidata.org/entity/Q98626965,,Point(11.011631974 49.529848282),9.688,49.529848282369,11.011631974176,1,http://www.wikidata.org/entity/Q1303167,Scheune Nähe Großgründlacher Hauptstraße in Nürnberg,barn,,D,blue
5203,http://www.wikidata.org/entity/Q98626970,,Point(11.011314704 49.530317408),9.745,49.530317408757,11.011314704844,1,http://www.wikidata.org/entity/Q6451172,Leichenhalle Nähe Brucker Straße in Nürnberg,morgue,,D,blue
5204,http://www.wikidata.org/entity/Q98626968,,Point(11.011047083 49.529705181),9.695,49.529705181147,11.011047083524,1,http://www.wikidata.org/entity/Q1307347,Einfriedung Großgründlacher Hauptstraße 45 in Nürnberg,boundary,,D,blue
5205,http://www.wikidata.org/entity/Q98626969,,Point(11.010286997 49.530082936),9.759,49.530082936842,11.010286997895,1,http://www.wikidata.org/entity/Q2244647,Schlosspark Großgründlacher Hauptstraße 45 in Nürnberg,castle park,,D,blue
5206,http://www.wikidata.org/entity/Q98626974,,Point(11.011360371 49.530429866),9.754,49.530429866637,11.011360371639,1,http://www.wikidata.org/entity/Q39614,Friedhof Nähe Brucker Straße in Nürnberg,cemetery,,D,blue
5207,http://www.wikidata.org/entity/Q98626973,,Point(11.011310598 49.53009864),9.724,49.530098640394,11.011310598474,1,http://www.wikidata.org/entity/Q39614,Friedhof Großgründlacher Hauptstraße 51 in Nürnberg,cemetery,,D,blue
5208,http://www.wikidata.org/entity/Q98626978,,Point(11.020406867 49.53255264),9.665,49.532552640645,11.020406867105,1,http://www.wikidata.org/entity/Q1307347,Einfriedung Reutleser Straße 49 in Nürnberg,boundary,,D,blue
5209,http://www.wikidata.org/entity/Q98626979,,Point(11.023106128 49.533515652),9.682,49.533515652598,11.023106128824,1,http://www.wikidata.org/entity/Q98141352,Hofmauer Reutleser Straße 63 in Nürnberg,Q98141352,,D,blue
5210,http://www.wikidata.org/entity/Q98626977,,Point(11.020305401 49.532532233),9.666,49.532532233868,11.020305401767,1,http://www.wikidata.org/entity/Q798436,Backhaus Reutleser Straße 49 in Nürnberg,bakehouse,,D,blue
5211,http://www.wikidata.org/entity/Q98627038,,Point(11.021093449 49.438111432),4.425,49.438111432594,11.021093449953,1,http://www.wikidata.org/entity/Q40211238,Friedhofsmauer Herbststraße 50 in Nürnberg,churchyard wall,,D,blue
5212,http://www.wikidata.org/entity/Q98627036,,Point(11.021359401 49.438101769),4.408,49.438101769179,11.021359401193,1,http://www.wikidata.org/entity/Q1457501,Friedhofskapelle Herbststraße 50 in Nürnberg,cemetery chapel,,D,blue
5213,http://www.wikidata.org/entity/Q98627042,,Point(11.022741108 49.435025789),4.466,49.435025789324,11.022741108177,1,http://www.wikidata.org/entity/Q111010342,Hoftor Alte Wallensteinstraße 146 in Nürnberg,yard gate,,D,blue
5214,http://www.wikidata.org/entity/Q98627040,,Point(11.021435576 49.435881068),4.507,49.435881068024,11.021435576554,1,http://www.wikidata.org/entity/Q1307347,Einfriedung Winterstraße 20 in Nürnberg,boundary,,D,blue
5215,http://www.wikidata.org/entity/Q98627050,,Point(11.021956376 49.434611048),4.538,49.43461104861,11.021956376638,1,http://www.wikidata.org/entity/Q111010342,Hoftor Alte Wallensteinstraße 154 in Nürnberg,yard gate,,D,blue
5216,http://www.wikidata.org/entity/Q98627054,,Point(11.021347023 49.434518125),4.582,49.434518125597,11.021347023986,1,http://www.wikidata.org/entity/Q1303167,Scheune Alte Wallensteinstraße 160 in Nürnberg,barn,,D,blue
5217,http://www.wikidata.org/entity/Q98627052,,Point(11.022013183 49.434522372),4.539,49.434522372293,11.022013183556,1,http://www.wikidata.org/entity/Q98141352,Hofmauer Alte Wallensteinstraße 153 in Nürnberg,Q98141352,,D,blue
5218,http://www.wikidata.org/entity/Q98627058,,Point(11.021074211 49.434382568),4.606,49.434382568952,11.02107421187,1,http://www.wikidata.org/entity/Q111010342,Hoftor Alte Wallensteinstraße 162 in Nürnberg,yard gate,,D,blue
5219,http://www.wikidata.org/entity/Q98627066,,Point(11.010761044 49.424202061),5.833,49.424202061163,11.01076104494,1,http://www.wikidata.org/entity/Q3044808,Nebengebäude Gebersdorfer Straße 102 in Nürnberg,outbuilding,,D,blue
5220,http://www.wikidata.org/entity/Q98627064,,Point(11.010757503 49.424353426),5.824,49.424353426194,11.010757503943,1,http://www.wikidata.org/entity/Q1303167,Scheune Gebersdorfer Straße 102 in Nürnberg,barn,,D,blue
5221,http://www.wikidata.org/entity/Q98627070,,Point(11.081456711 49.47483538),2.35,49.474835380772,11.081456711486,1,http://www.wikidata.org/entity/Q3044808,Nebengebäude Großreuther Straße 77 in Nürnberg,outbuilding,,D,blue
5222,http://www.wikidata.org/entity/Q98627074,,Point(11.082116472 49.474592802),2.33,49.474592802259,11.082116472826,1,http://www.wikidata.org/entity/Q500224,Austragshaus Langer Steig 7 in Nürnberg,Auszugshaus,,D,blue
5223,http://www.wikidata.org/entity/Q98627072,,Point(11.081050598 49.474897865),2.354,49.474897865423,11.081050598745,1,http://www.wikidata.org/entity/Q42948,Mauer Großreuther Straße 77 in Nürnberg,wall,,D,blue
5224,http://www.wikidata.org/entity/Q98627078,,Point(11.081628428 49.474501784),2.315,49.474501784809,11.081628428171,1,http://www.wikidata.org/entity/Q1307347,Einfriedung Großreuther Straße 84; Langer Steig 7 in Nürnberg,boundary,,D,blue
5225,http://www.wikidata.org/entity/Q98627076,,Point(11.081820812 49.47451245),2.318,49.474512450796,11.081820812621,1,http://www.wikidata.org/entity/Q1303167,Scheune Großreuther Straße 84; Langer Steig 7 in Nürnberg,barn,,D,blue
5226,http://www.wikidata.org/entity/Q98627082,,Point(11.085625119 49.474753036),2.398,49.474753036325,11.085625119668,1,http://www.wikidata.org/entity/Q134570449,Wohn- und Wirtschaftsgebäude Großreuther Straße 113 in Nürnberg,building used for both residential and stable/barn,,D,blue
5228,http://www.wikidata.org/entity/Q98627080,,Point(11.085048854 49.474802429),2.394,49.474802429215,11.085048854513,1,http://www.wikidata.org/entity/Q111010342,Hoftor Großreuther Straße 113 in Nürnberg,yard gate,,D,blue
5229,http://www.wikidata.org/entity/Q98627086,,Point(11.082843306 49.474857547),2.368,49.474857547523,11.082843306387,1,http://www.wikidata.org/entity/Q1307347,Einfriedung Nähe Großreuther Straße in Nürnberg,boundary,,D,blue
5230,http://www.wikidata.org/entity/Q98627084,,Point(11.082778387 49.474957953),2.378,49.474957953341,11.082778387187,1,http://www.wikidata.org/entity/Q3044808,Nebengebäude Großreuther Straße 93 in Nürnberg,outbuilding,,D,blue
5231,http://www.wikidata.org/entity/Q98628143,,Point(11.025515758 49.462411097),3.861,49.462411097435,11.025515758704,1,http://www.wikidata.org/entity/Q41176,Pförtnerhaus Fuchsstraße 20 in Nürnberg,building,,D,blue
5232,http://www.wikidata.org/entity/Q98628146,,Point(11.026497679 49.462664917),3.799,49.462664917271,11.026497679459,1,http://www.wikidata.org/entity/Q41176,Wagenhalle Fuchsstraße 20 in Nürnberg,building,,D,blue
5233,http://www.wikidata.org/entity/Q98628151,,Point(11.022037162 49.461498203),4.083,49.461498203886,11.022037162901,1,http://www.wikidata.org/entity/Q1307347,Einfriedung Fürther Straße 319 in Nürnberg,boundary,,D,blue
5234,http://www.wikidata.org/entity/Q98628149,,Point(11.02581506 49.462377303),3.839,49.462377303525,11.02581506026,1,http://www.wikidata.org/entity/Q1307347,Einfriedung Fuchsstraße 20 in Nürnberg,boundary,,D,blue
5235,http://www.wikidata.org/entity/Q98628155,,Point(11.030729163 49.455368829),3.37,49.455368829988,11.030729163735,1,http://www.wikidata.org/entity/Q3044808,Nebengebäude Eberhardshof 1 in Nürnberg,outbuilding,,D,blue
5236,http://www.wikidata.org/entity/Q98628159,,Point(11.02983829 49.455737009),3.437,49.455737009716,11.029838290078,1,http://www.wikidata.org/entity/Q1303167,Scheune Eberhardshof 2 in Nürnberg,barn,,D,blue
5237,http://www.wikidata.org/entity/Q98628157,,Point(11.03049714 49.455531753),3.388,49.455531753231,11.030497140528,1,http://www.wikidata.org/entity/Q1307347,Einfriedung Eberhardshof 1 in Nürnberg,boundary,,D,blue
5238,http://www.wikidata.org/entity/Q98628169,,Point(11.020071025 49.463433783),4.27,49.463433783275,11.020071025799,1,http://www.wikidata.org/entity/Q1244442,Schulgebäude Fürther Straße 354 in Nürnberg,school building,,D,blue
5239,http://www.wikidata.org/entity/Q98628478,,Point(11.055107999 49.349554636),11.71,49.349554636452,11.055107999272,1,http://www.wikidata.org/entity/Q40211238,Friedhofsmauer Rennmühlstraße 20 in Nürnberg,churchyard wall,,D,blue
5240,http://www.wikidata.org/entity/Q98628479,,Point(11.055212084 49.349559065),11.708,49.349559065177,11.055212084791,1,http://www.wikidata.org/entity/Q39614,Friedhof Rennmühlstraße 20 in Nürnberg,cemetery,,D,blue
5241,http://www.wikidata.org/entity/Q98628480,,Point(11.054147027 49.353224908),11.316,49.353224908637,11.054147027174,1,http://www.wikidata.org/entity/Q3044808,Nebengebäude Am Hammer 23 in Nürnberg,outbuilding,,D,blue
5242,http://www.wikidata.org/entity/Q98628491,,Point(11.053668086 49.353746508),11.263,49.353746508482,11.05366808627,1,http://www.wikidata.org/entity/Q1303167,Scheune Am Hammer 21; Am Hammer 23 in Nürnberg,barn,,D,blue
5243,http://www.wikidata.org/entity/Q98628489,,Point(11.055753225 49.349604274),11.698,49.349604274941,11.055753225589,1,http://www.wikidata.org/entity/Q3395121,Muldenstein Am Hammer 17 in Nürnberg,wayside shrine,,D,blue
5244,http://www.wikidata.org/entity/Q98628634,,Point(11.073157409 49.476471638),2.531,49.476471638772,11.073157409143,1,http://www.wikidata.org/entity/Q111010342,Hoftor Mittelstraße 24 in Nürnberg,yard gate,,D,blue
5245,http://www.wikidata.org/entity/Q98628639,,Point(11.076242941 49.477638253),2.644,49.477638253529,11.076242941699,1,http://www.wikidata.org/entity/Q11755880,Wohnhaus Mittelstraße 63 a in Nürnberg,residential building,,D,blue
5246,http://www.wikidata.org/entity/Q98628637,,Point(11.074448512 49.476814619),2.559,49.476814619117,11.074448512342,1,http://www.wikidata.org/entity/Q1303167,Scheune Mittelstraße 38; Mittelstraße 40 in Nürnberg,barn,,D,blue
5247,http://www.wikidata.org/entity/Q98628671,,Point(11.063332096 49.44946239),1.122,49.44946239039,11.063332096196,1,http://www.wikidata.org/entity/Q1307347,Einfriedung Nähe Fürther Straße in Nürnberg,boundary,,D,blue
5248,http://www.wikidata.org/entity/Q98628674,,Point(11.063514047 49.449443461),1.111,49.449443461036,11.06351404718,1,http://www.wikidata.org/entity/Q1307347,Einfriedung Nähe Fürther Straße in Nürnberg,boundary,,D,blue
5249,http://www.wikidata.org/entity/Q98628676,,Point(11.062297817 49.449570235),1.185,49.449570235626,11.062297817596,1,http://www.wikidata.org/entity/Q1307347,Einfriedung Nähe Fürther Straße in Nürnberg,boundary,,D,blue
5250,http://www.wikidata.org/entity/Q98628686,,Point(11.063065126 49.451616776),1.059,49.451616776945,11.063065126939,1,http://www.wikidata.org/entity/Q1307347,Einfriedung Bleichstraße 14 in Nürnberg,boundary,,D,blue
5251,http://www.wikidata.org/entity/Q98628684,,Point(11.063386574 49.451745098),1.033,49.451745098139,11.063386574413,1,http://www.wikidata.org/entity/Q1307347,Einfriedung Bleichstraße 12 in Nürnberg,boundary,,D,blue
5252,http://www.wikidata.org/entity/Q98628705,,Point(11.06207858 49.453284666),1.102,49.453284666432,11.062078580282,1,http://www.wikidata.org/entity/Q1577547,Mietshaus Hochstraße 20 in Nürnberg,revenue house,,D,blue
5253,http://www.wikidata.org/entity/Q98628711,,Point(11.059989842 49.453737844),1.251,49.4537378449,11.059989842627,1,http://www.wikidata.org/entity/Q1307347,Einfriedung Blumenthalstraße 8 in Nürnberg,boundary,,D,blue
5254,http://www.wikidata.org/entity/Q98628714,,Point(11.061381761 49.454028964),1.151,49.454028964884,11.061381761052,1,http://www.wikidata.org/entity/Q1307347,Einfriedung Moltkestraße 4 in Nürnberg,boundary,,D,blue
5255,http://www.wikidata.org/entity/Q98628720,,Point(11.061313051 49.453869356),1.155,49.453869356143,11.061313051044,1,http://www.wikidata.org/entity/Q1307347,Einfriedung Moltkestraße 6 in Nürnberg,boundary,,D,blue
5256,http://www.wikidata.org/entity/Q98628721,,Point(11.062369078 49.4542142),1.08,49.4542142005,11.062369078361,1,http://www.wikidata.org/entity/Q1307347,Einfriedung Deutschherrnstraße 27 in Nürnberg,boundary,,D,blue
5257,http://www.wikidata.org/entity/Q98628724,,Point(11.059230763 49.453824215),1.306,49.453824215666,11.0592307632,1,http://www.wikidata.org/entity/Q1307347,Einfriedung Roonstraße 7 in Nürnberg,boundary,,D,blue
5258,http://www.wikidata.org/entity/Q98628725,,Point(11.059218804 49.454424344),1.308,49.454424344849,11.059218804554,1,http://www.wikidata.org/entity/Q1307347,Einfriedung Deutschherrnstraße 51 in Nürnberg,boundary,,D,blue
5259,http://www.wikidata.org/entity/Q98628742,,Point(11.058539731 49.453313656),1.357,49.453313656126,11.058539731047,1,http://www.wikidata.org/entity/Q14092,Turnhalle Reutersbrunnenstraße 12 in Nürnberg,gym,,D,blue
5260,http://www.wikidata.org/entity/Q98628744,,Point(11.059198899 49.453365394),1.309,49.453365394346,11.059198899304,1,http://www.wikidata.org/entity/Q1307347,Einfriedung Reutersbrunnenstraße 12 in Nürnberg,boundary,,D,blue
5261,http://www.wikidata.org/entity/Q98628750,,Point(11.060721386 49.45000102),1.273,49.450001020907,11.060721386932,1,http://www.wikidata.org/entity/Q1577547,Mietshaus Fürther Straße 18 in Nürnberg,revenue house,,D,blue
5262,http://www.wikidata.org/entity/Q98628774,,Point(11.099847679 49.355210932),11.091,49.355210932089,11.099847679664,1,http://www.wikidata.org/entity/Q40211238,Friedhofsmauer Venatoriusstraße 2 in Nürnberg,churchyard wall,,D,blue
5263,http://www.wikidata.org/entity/Q98628776,,Point(11.099756765 49.355418956),11.067,49.355418956593,11.099756765078,1,http://www.wikidata.org/entity/Q277760,Torhaus Venatoriusstraße 2 in Nürnberg,gatehouse,,D,blue
5264,http://www.wikidata.org/entity/Q98628782,,Point(11.09859574 49.355653601),11.029,49.355653601844,11.09859574058,1,http://www.wikidata.org/entity/Q41176,Pförtnerhaus Kornburger Hauptstraße 14; Kornburger Hauptstraße 16; Kornburger Hauptstraße 18 in Nürnberg,building,,D,blue
5265,http://www.wikidata.org/entity/Q98628783,,Point(11.098549566 49.355639448),11.03,49.355639448789,11.098549566978,1,http://www.wikidata.org/entity/Q111010342,Hoftor Kornburger Hauptstraße 14; Kornburger Hauptstraße 16; Kornburger Hauptstraße 18 in Nürnberg,yard gate,,D,blue
5266,http://www.wikidata.org/entity/Q98628780,,Point(11.100006283 49.356179259),10.986,49.356179259388,11.100006283351,1,http://www.wikidata.org/entity/Q1303167,Scheune Nähe Kornburger Hauptstraße in Nürnberg,barn,,D,blue
5267,http://www.wikidata.org/entity/Q98628781,,Point(11.098706681 49.35577585),11.017,49.355775850725,11.098706681493,1,http://www.wikidata.org/entity/Q3044808,Nebengebäude Kornburger Hauptstraße 16; Kornburger Hauptstraße 18 in Nürnberg,outbuilding,,D,blue
5268,http://www.wikidata.org/entity/Q98628786,,Point(11.10300115 49.355814824),11.06,49.355814824364,11.103001150171,1,http://www.wikidata.org/entity/Q111010342,Hoftor Flockenstraße 20 in Nürnberg,yard gate,,D,blue
5269,http://www.wikidata.org/entity/Q98628784,,Point(11.098695913 49.355377357),11.06,49.355377357125,11.098695913688,1,http://www.wikidata.org/entity/Q57346,fortification wall of Rieterschloss,defensive wall,,D,blue
5270,http://www.wikidata.org/entity/Q98628785,,Point(11.098133754 49.355569678),11.034,49.355569678879,11.098133754657,1,http://www.wikidata.org/entity/Q1277340,Q98628785,rock cellar,,D,blue
5271,http://www.wikidata.org/entity/Q98628788,,Point(11.100053203 49.35588729),11.019,49.355887290717,11.100053203841,1,http://www.wikidata.org/entity/Q111010342,Hoftor Kornburger Hauptstraße 31 in Nürnberg,yard gate,,D,blue
5272,http://www.wikidata.org/entity/Q98628789,,Point(11.098340528 49.35672825),10.908,49.35672825049,11.098340528301,1,http://www.wikidata.org/entity/Q1303167,Scheune Kornburger Hauptstraße 19 in Nürnberg,barn,,D,blue
5273,http://www.wikidata.org/entity/Q98628834,,Point(11.045866098 49.512897569),6.945,49.512897569333,11.045866098719,1,http://www.wikidata.org/entity/Q98141338,Q98628834,garden gate,,D,blue
5274,http://www.wikidata.org/entity/Q98628836,,Point(11.050141741 49.511064094),6.655,49.511064094095,11.050141741567,1,http://www.wikidata.org/entity/Q721931,Schuppen Glaserstraße 15 in Nürnberg,shed,,D,blue
5275,http://www.wikidata.org/entity/Q98628843,,Point(11.048962812 49.510884521),6.661,49.510884521027,11.048962812224,1,http://www.wikidata.org/entity/Q53060,Hoftor Kraftshofer Hauptstraße 156,gate,,D,blue
5276,http://www.wikidata.org/entity/Q98628841,,Point(11.050517449 49.511004702),6.641,49.511004702098,11.050517449673,1,http://www.wikidata.org/entity/Q1303167,Scheune Glaserstraße 15 in Nürnberg,barn,,D,blue
5277,http://www.wikidata.org/entity/Q98628846,,Point(11.049000484 49.51075501),6.647,49.510755010401,11.04900048439,1,http://www.wikidata.org/entity/Q721931,Schuppen Kraftshofer Hauptstraße 156,shed,,D,blue
5278,http://www.wikidata.org/entity/Q98628849,,Point(11.049138971 49.510675615),6.635,49.510675615744,11.049138971746,1,http://www.wikidata.org/entity/Q1303167,Scheune Kraftshofer Hauptstraße 156,barn,,D,blue
5279,http://www.wikidata.org/entity/Q98628855,,Point(11.049467418 49.510956066),6.658,49.510956066736,11.049467418657,1,http://www.wikidata.org/entity/Q1303167,Scheune Kraftshofer Hauptstraße 158 in Nürnberg,barn,,D,blue
5280,http://www.wikidata.org/entity/Q98628852,,Point(11.049231764 49.511109159),6.679,49.511109159838,11.049231764285,1,http://www.wikidata.org/entity/Q98141352,Hofmauer Kraftshofer Hauptstraße 158 in Nürnberg,Q98141352,,D,blue
5281,http://www.wikidata.org/entity/Q98628858,,Point(11.049513019 49.51128913),6.692,49.511289130612,11.049513019335,1,http://www.wikidata.org/entity/Q1207909,Q98628858,livestock housing,,D,blue
5282,http://www.wikidata.org/entity/Q98628862,,Point(11.04889737 49.511703743),6.75,49.511703743427,11.048897370825,1,http://www.wikidata.org/entity/Q111010342,Hoftor Kraftshofer Hauptstraße 165 in Nürnberg,yard gate,,D,blue
5283,http://www.wikidata.org/entity/Q98628868,,Point(11.049714941 49.511854467),6.748,49.511854467533,11.049714941167,1,http://www.wikidata.org/entity/Q41176,Kantorhaus,building,,D,blue
5284,http://www.wikidata.org/entity/Q98628874,,Point(11.049911018 49.512067403),6.766,49.512067403692,11.049911018709,1,http://www.wikidata.org/entity/Q1424583,Kirchhof,sepulchral chapel,,D,blue
5285,http://www.wikidata.org/entity/Q98628872,,Point(11.049969476 49.512081179),6.767,49.512081179333,11.049969476157,1,http://www.wikidata.org/entity/Q98141380,Kirchhofsbefestigung,churchyard fortification,,D,blue
5286,http://www.wikidata.org/entity/Q98628878,,Point(11.049417334 49.511923945),6.762,49.51192394516,11.049417334914,1,http://www.wikidata.org/entity/Q500224,Q98628878,Auszugshaus,,D,blue
5287,http://www.wikidata.org/entity/Q98628876,,Point(11.049101188 49.512019315),6.779,49.512019315435,11.049101188884,1,http://www.wikidata.org/entity/Q98141352,Q98628876,Q98141352,,D,blue
5288,http://www.wikidata.org/entity/Q98628880,,Point(11.047113684 49.512358123),6.859,49.51235812329,11.047113684579,1,http://www.wikidata.org/entity/Q111010342,Hoftor Kraftshofer Hauptstraße 181 in Nürnberg,yard gate,,D,blue
5289,http://www.wikidata.org/entity/Q98628881,,Point(11.046968741 49.512222635),6.848,49.512222635685,11.046968741457,1,http://www.wikidata.org/entity/Q1207909,Stall Kraftshofer Hauptstraße 181 in Nürnberg,livestock housing,,D,blue
5290,http://www.wikidata.org/entity/Q98628886,,Point(11.04869818 49.512458824),6.834,49.512458824453,11.048698180069,1,http://www.wikidata.org/entity/Q1207909,Q98628886,livestock housing,,D,blue
5291,http://www.wikidata.org/entity/Q98628884,,Point(11.048741651 49.512544308),6.842,49.512544308851,11.048741651865,1,http://www.wikidata.org/entity/Q721931,Q98628884,shed,,D,blue
5292,http://www.wikidata.org/entity/Q98628890,,Point(11.046519422 49.51416029),7.063,49.514160290022,11.046519422513,1,http://www.wikidata.org/entity/Q1303167,Scheune Kraftshofer Hauptstraße 203 in Nürnberg,barn,,D,blue
5293,http://www.wikidata.org/entity/Q98628895,,Point(11.046853868 49.513464299),6.981,49.513464299336,11.046853868906,1,http://www.wikidata.org/entity/Q1303167,Q98628895,barn,,D,blue
5294,http://www.wikidata.org/entity/Q98628893,,Point(11.046144047 49.513449331),6.996,49.513449331023,11.046144047379,1,http://www.wikidata.org/entity/Q53060,Q98628893,gate,,D,blue
5295,http://www.wikidata.org/entity/Q98628896,,Point(11.045942614 49.513820447),7.04,49.513820447333,11.045942614079,1,http://www.wikidata.org/entity/Q98141338,Q98628896,garden gate,,D,blue
5296,http://www.wikidata.org/entity/Q98628897,,Point(11.051186585 49.511234624),6.651,49.511234624145,11.051186585848,1,http://www.wikidata.org/entity/Q1303167,Q98628897,barn,,D,blue
5297,http://www.wikidata.org/entity/Q98629011,,Point(11.11603977 49.399740749),6.639,49.399740749118,11.116039770203,1,http://www.wikidata.org/entity/Q921099,Grenzstein Münchener Straße in Nürnberg,boundary marker,,D,blue
5298,http://www.wikidata.org/entity/Q98629015,,Point(11.137034371 49.402714759),7.143,49.402714759535,11.137034371612,1,http://www.wikidata.org/entity/Q25550691,Gemeindehaus Glogauer Straße 25 in Nürnberg,city hall,,D,blue
5299,http://www.wikidata.org/entity/Q98629012,,Point(11.136765855 49.40279456),7.124,49.402794560106,11.136765855421,1,http://www.wikidata.org/entity/Q72926449,Kirchturm Glogauer Straße 21 in Nürnberg,church tower,,D,blue
5300,http://www.wikidata.org/entity/Q98629013,,Point(11.136677976 49.403009),7.101,49.403009000464,11.136677976066,1,http://www.wikidata.org/entity/Q607241,Pfarrhaus  Glogauer Straße 21 in Nürnberg,clergy house,,D,blue
5301,http://www.wikidata.org/entity/Q98629018,,Point(11.131910771 49.398357298),7.328,49.398357298576,11.131910771729,1,http://www.wikidata.org/entity/Q126807,Kindergarten Namslauer Straße 11 in Nürnberg,kindergarten,,D,blue
5302,http://www.wikidata.org/entity/Q98629019,,Point(11.130840328 49.398042959),7.316,49.398042959698,11.130840328174,1,http://www.wikidata.org/entity/Q1500615,Gemeindezentrum Namslauer Straße 7 in Nürnberg,religious community center,,D,blue
5303,http://www.wikidata.org/entity/Q98629022,,Point(11.129310712 49.396821816),7.375,49.39682181637,11.129310712993,1,http://www.wikidata.org/entity/Q25550691,Gemeindehaus Dr.-Linnert-Ring 26 in Nürnberg,city hall,,D,blue
5304,http://www.wikidata.org/entity/Q98629021,,Point(11.130035119 49.397228528),7.363,49.39722852827,11.130035119772,1,http://www.wikidata.org/entity/Q607241,Pfarrhaus  Dr.-Linnert-Ring 30 in Nürnberg,clergy house,,D,blue
5305,http://www.wikidata.org/entity/Q98629027,,Point(11.144572729 49.401546949),7.584,49.401546949036,11.144572729055,1,http://www.wikidata.org/entity/Q126807,Kindergarten Giesbertsstraße 73 in Nürnberg,kindergarten,,D,blue
5306,http://www.wikidata.org/entity/Q98629024,,Point(11.129271707 49.397131591),7.344,49.397131591755,11.129271707456,1,http://www.wikidata.org/entity/Q72926449,Kirchturm Dr.-Linnert-Ring 26; Dr.-Linnert-Ring 28 in Nürnberg,church tower,,D,blue
5307,http://www.wikidata.org/entity/Q98629030,,Point(11.144261165 49.401734346),7.554,49.401734346501,11.144261165283,1,http://www.wikidata.org/entity/Q43483,Brunnen Giesbertsstraße 71 in Nürnberg,water well,,D,blue
5308,http://www.wikidata.org/entity/Q98629029,,Point(11.144766308 49.401402652),7.605,49.401402652346,11.144766308358,1,http://www.wikidata.org/entity/Q72926449,Kirchturm Giesbertsstraße 75 in Nürnberg,church tower,,D,blue
5309,http://www.wikidata.org/entity/Q98629032,,Point(11.144503449 49.401866809),7.554,49.401866809618,11.144503449013,1,http://www.wikidata.org/entity/Q1500615,Betonskulptur Giesbertsstraße 71 in Nürnberg,religious community center,,D,blue
5310,http://www.wikidata.org/entity/Q98629033,,Point(11.1284448 49.418299095),5.415,49.418299095674,11.128444800556,1,http://www.wikidata.org/entity/Q483110,Stadion Nähe Karl-Schönleben-Straße; Hermann-Thiele-Weg; Nähe Karl-Schönleben-Straße in Nürnberg,stadium,,D,blue
5311,http://www.wikidata.org/entity/Q98629114,,Point(11.163482421 49.466287181),6.38,49.466287181634,11.163482421988,1,http://www.wikidata.org/entity/Q1307347,Einfriedung Moritzbergstraße 50 in Nürnberg,boundary,,D,blue
5312,http://www.wikidata.org/entity/Q98629115,,Point(11.15503758 49.469812395),5.891,49.469812395972,11.155037580759,1,http://www.wikidata.org/entity/Q3044808,Nebengebäude Oberbürger Straße 1 in Nürnberg,outbuilding,,D,blue
5313,http://www.wikidata.org/entity/Q98629116,,Point(11.155507039 49.469243709),5.905,49.469243709662,11.155507039449,1,http://www.wikidata.org/entity/Q1307347,Einfriedung Oberbürger Straße 1 in Nürnberg,boundary,,D,blue
5314,http://www.wikidata.org/entity/Q98629122,,Point(11.160763284 49.467265852),6.213,49.467265852531,11.160763284625,1,http://www.wikidata.org/entity/Q1307347,Einfriedung Winner Zeile 15 in Nürnberg,boundary,,D,blue
5315,http://www.wikidata.org/entity/Q98629121,,Point(11.161231713 49.467465012),6.251,49.467465012294,11.161231713642,1,http://www.wikidata.org/entity/Q1303167,Scheune Winner Zeile 15,barn,,D,blue
5316,http://www.wikidata.org/entity/Q98629125,,Point(11.176997766 49.468723491),7.392,49.468723491449,11.176997766035,1,http://www.wikidata.org/entity/Q921099,Grenzstein Laufamholzstraße 370 in Nürnberg,boundary marker,,D,blue
5317,http://www.wikidata.org/entity/Q98629234,,Point(11.074044819 49.487679599),3.766,49.487679599439,11.074044819677,1,http://www.wikidata.org/entity/Q1207909,Stall Loher Hauptstraße 102 in Nürnberg,livestock housing,,D,blue
5318,http://www.wikidata.org/entity/Q98629235,,Point(11.071813383 49.487129405),3.719,49.487129405669,11.071813383878,1,http://www.wikidata.org/entity/Q721931,Schuppen Lohestraße 227 in Nürnberg,shed,,D,blue
5319,http://www.wikidata.org/entity/Q98629233,,Point(11.074535161 49.487731369),3.77,49.487731369116,11.07453516171,1,http://www.wikidata.org/entity/Q3044808,Nebengebäude Loher Hauptstraße 100 in Nürnberg,outbuilding,,D,blue
5320,http://www.wikidata.org/entity/Q98629236,,Point(11.072266797 49.487056542),3.708,49.487056542489,11.072266797545,1,http://www.wikidata.org/entity/Q98141352,Hofmauer Lohestraße 227 in Nürnberg,Q98141352,,D,blue
5321,http://www.wikidata.org/entity/Q98629534,,Point(11.132133474 49.461847672),4.061,49.461847672886,11.132133474003,1,http://www.wikidata.org/entity/Q57346,Befestigungsmauer  Ziegenstraße 5 in Nürnberg,defensive wall,,D,blue
5322,http://www.wikidata.org/entity/Q98629533,,Point(11.130714112 49.460702787),3.935,49.460702787574,11.13071411254,1,http://www.wikidata.org/entity/Q98446186,Schlossökonomie Mögeldorfer Hauptstraße 55 in Nürnberg,Q98446186,,D,blue
5323,http://www.wikidata.org/entity/Q98629539,,Point(11.13545775 49.46170367),4.293,49.461703670895,11.135457750686,1,http://www.wikidata.org/entity/Q276173,Gartenpavillon Laufamholzstraße 35 in Nürnberg,pavilion,,D,blue
5324,http://www.wikidata.org/entity/Q98629536,,Point(11.132152742 49.46153944),4.055,49.461539440073,11.132152742849,1,http://www.wikidata.org/entity/Q1307347,Einfriedung Ziegenstraße 5 in Nürnberg,boundary,,D,blue
5325,http://www.wikidata.org/entity/Q98629542,,Point(11.130884025 49.460692883),3.946,49.460692883538,11.130884025832,1,http://www.wikidata.org/entity/Q98446186,Schlossökonomie Mögeldorfer Hauptstraße 55 in Nürnberg,Q98446186,,D,blue
5326,http://www.wikidata.org/entity/Q98629543,,Point(11.130974106 49.460724342),3.954,49.460724342735,11.130974106676,1,http://www.wikidata.org/entity/Q53060,Herrensitz Mögeldorfer Hauptstraße 55 in Nürnberg,gate,,D,blue
5327,http://www.wikidata.org/entity/Q98629540,,Point(11.133957467 49.461801653),4.189,49.461801653708,11.133957467511,1,http://www.wikidata.org/entity/Q1307347,Einfriedung Laufamholzstraße 35 in Nürnberg,boundary,,D,blue
5328,http://www.wikidata.org/entity/Q98629541,,Point(11.132122774 49.46161147),4.055,49.461611470372,11.132122774251,1,http://www.wikidata.org/entity/Q2244647,Schlosspark Ziegenstraße 5 in Nürnberg,castle park,,D,blue
5329,http://www.wikidata.org/entity/Q98629547,,Point(11.134281799 49.459491075),4.166,49.459491075675,11.134281799821,1,http://www.wikidata.org/entity/Q181623,Lagerhalle Freiligrathstraße 10 in Nürnberg,warehouse,,D,blue
5330,http://www.wikidata.org/entity/Q98629544,,Point(11.132262299 49.462504626),4.087,49.462504626748,11.132262299134,1,http://www.wikidata.org/entity/Q98141380,Kirchhofbefestigung Kirchenberg 13 in Nürnberg,churchyard fortification,,D,blue
5331,http://www.wikidata.org/entity/Q98629545,,Point(11.13231382 49.462428566),4.088,49.462428566993,11.132313820134,1,http://www.wikidata.org/entity/Q39614,Friedhof Kirchenberg 15 in Nürnberg,cemetery,,D,blue
5332,http://www.wikidata.org/entity/Q98629550,,Point(11.132609703 49.462138087),4.102,49.462138087771,11.132609703329,1,http://www.wikidata.org/entity/Q1307347,Einfriedung Kirchenberg 13 in Nürnberg,boundary,,D,blue
5333,http://www.wikidata.org/entity/Q98629551,,Point(11.132633083 49.462389223),4.11,49.462389223731,11.132633083886,1,http://www.wikidata.org/entity/Q276173,Pavillon Nähe Ziegenstraße in Nürnberg,pavilion,,D,blue
5334,http://www.wikidata.org/entity/Q98629554,,Point(11.133332579 49.462848379),4.171,49.462848379036,11.133332579672,1,http://www.wikidata.org/entity/Q1303167,Scheune Ziegenstraße 27 in Nürnberg,barn,,D,blue
5335,http://www.wikidata.org/entity/Q98629553,,Point(11.130795615 49.458890247),3.907,49.458890247415,11.130795615469,1,http://www.wikidata.org/entity/Q41176,Pförtnerhaus Kinkelstraße 12 in Nürnberg,building,,D,blue
5336,http://www.wikidata.org/entity/Q98629559,,Point(11.129981393 49.46039232),3.876,49.460392320028,11.12998139355,1,http://www.wikidata.org/entity/Q1207909,Stall Mögeldorfer Hauptstraße 47 in Nürnberg,livestock housing,,D,blue
5337,http://www.wikidata.org/entity/Q98629556,,Point(11.133239156 49.461738204),4.137,49.461738204991,11.133239156176,1,http://www.wikidata.org/entity/Q500224,Austragshaus Laufamholzstraße 13 a in Nürnberg,Auszugshaus,,D,blue
5338,http://www.wikidata.org/entity/Q98629557,,Point(11.133042447 49.461705289),4.122,49.461705289319,11.133042447785,1,http://www.wikidata.org/entity/Q1303167,Scheune Laufamholzstraße 11 a in Nürnberg,barn,,D,blue
5339,http://www.wikidata.org/entity/Q98629563,,Point(11.13343343 49.457768232),4.08,49.457768232397,11.133433430934,1,http://www.wikidata.org/entity/Q22733,Garage Bothmerstraße 2 in Nürnberg,garage,,D,blue
5340,http://www.wikidata.org/entity/Q98629560,,Point(11.131021424 49.461065092),3.964,49.461065092965,11.131021424565,1,http://www.wikidata.org/entity/Q1303167,Scheune Mögeldorfer Hauptstraße 59 in Nürnberg,barn,,D,blue
5341,http://www.wikidata.org/entity/Q98629561,,Point(11.134707537 49.454789051),4.151,49.454789051013,11.134707537877,1,http://www.wikidata.org/entity/Q1307347,Einfriedung Schmausenbuckstraße 67 in Nürnberg,boundary,,D,blue
5342,http://www.wikidata.org/entity/Q98629566,,Point(11.124832004 49.45683259),3.451,49.45683259064,11.124832004377,1,http://www.wikidata.org/entity/Q98141338,Gartentor Lindnerstraße 9 in Nürnberg,garden gate,,D,blue
5343,http://www.wikidata.org/entity/Q98629564,,Point(11.133059101 49.457710244),4.053,49.457710244078,11.133059101849,1,http://www.wikidata.org/entity/Q1307347,Einfriedung Bothmerstraße 2 in Nürnberg,boundary,,D,blue
5344,http://www.wikidata.org/entity/Q98629570,,Point(11.127207309 49.440646922),3.896,49.440646922777,11.127207309763,1,http://www.wikidata.org/entity/Q276173,Gartenpavillon Valznerweiherstraße 55 in Nürnberg,pavilion,,D,blue
5345,http://www.wikidata.org/entity/Q98629578,,Point(11.139306424 49.450315682),4.5,49.450315682752,11.139306424642,1,http://www.wikidata.org/entity/Q41176,Tiergarten Am Tiergarten 30 in Nürnberg,building,,D,blue
5346,http://www.wikidata.org/entity/Q98629579,,Point(11.138786519 49.449988147),4.465,49.449988147168,11.138786519253,1,http://www.wikidata.org/entity/Q11755880,Wohnhaus Am Tiergarten 28 in Nürnberg,residential building,,D,blue
5347,http://www.wikidata.org/entity/Q98629583,,Point(11.146221939 49.446619228),5.047,49.446619228381,11.146221939278,1,http://www.wikidata.org/entity/Q43501,Tiergarten Am Tiergarten 6 in Nürnberg,zoo,,D,blue
5348,http://www.wikidata.org/entity/Q98629581,,Point(11.141979088 49.446697199),4.743,49.446697199971,11.141979088697,1,http://www.wikidata.org/entity/Q41176,Tiergarten Am Tiergarten 4 in Nürnberg,building,,D,blue
5349,http://www.wikidata.org/entity/Q98629586,,Point(11.141139723 49.448015371),4.66,49.448015371352,11.141139723754,1,http://www.wikidata.org/entity/Q43501,Tiergarten Am Tiergarten 12 in Nürnberg,zoo,,D,blue
5350,http://www.wikidata.org/entity/Q98629587,,Point(11.145560913 49.449239948),4.961,49.449239948571,11.145560913966,1,http://www.wikidata.org/entity/Q43501,Tiergarten Am Tiergarten 14 in Nürnberg,zoo,,D,blue
5351,http://www.wikidata.org/entity/Q98629584,,Point(11.150886828 49.448575881),5.352,49.448575881263,11.15088682854,1,http://www.wikidata.org/entity/Q171141,Ausschank Am Tiergarten 8 in Nürnberg,gastronomy,,D,blue
5352,http://www.wikidata.org/entity/Q98629585,,Point(11.144469579 49.447026918),4.915,49.447026918006,11.144469579356,1,http://www.wikidata.org/entity/Q42896655,Wirtschaftsgebäude Am Tiergarten 10 in Nürnberg,farm building,,D,blue
5353,http://www.wikidata.org/entity/Q98629591,,Point(11.138833229 49.449109786),4.479,49.449109786072,11.138833229889,1,http://www.wikidata.org/entity/Q41176,giraffe house Am Tiergarten 32 in Nuremberg Zoo,building,,D,blue
5354,http://www.wikidata.org/entity/Q98629918,,Point(11.049934135 49.521992712),7.828,49.521992712095,11.049934135733,1,http://www.wikidata.org/entity/Q1303167,Scheune Kreuzäckerstraße 7 in Nürnberg,barn,,D,blue
5355,http://www.wikidata.org/entity/Q98629916,,Point(11.047613404 49.521402752),7.809,49.521402752838,11.04761340481,1,http://www.wikidata.org/entity/Q1207909,Stall Untere Dorfstraße 37 in Nürnberg,livestock housing,,D,blue
5356,http://www.wikidata.org/entity/Q98629920,,Point(11.051606414 49.518843068),7.459,49.518843068157,11.051606414694,1,http://www.wikidata.org/entity/Q276173,Pavillon Nähe Neunhofer Schloßplatz in Nürnberg,pavilion,,D,blue
5357,http://www.wikidata.org/entity/Q98629926,,Point(11.050510204 49.518357108),7.427,49.51835710817,11.050510204819,1,http://www.wikidata.org/entity/Q489357,Bauernhaus Neunhofer Schloßplatz 3 in Nürnberg,farmhouse,,D,blue
5358,http://www.wikidata.org/entity/Q98629927,,Point(11.050762361 49.518634019),7.452,49.518634019044,11.050762361147,1,http://www.wikidata.org/entity/Q1690211,Waschhaus Neunhofer Schloßplatz 1 in Nürnberg,lavoir,,D,blue
5359,http://www.wikidata.org/entity/Q98629924,,Point(11.050245171 49.518447239),7.441,49.518447239405,11.050245171997,1,http://www.wikidata.org/entity/Q1303167,Scheune Nähe Neunhofer Schloßplatz in Nürnberg,barn,,D,blue
5360,http://www.wikidata.org/entity/Q98629930,,Point(11.051058404 49.518568002),7.439,49.518568002104,11.051058404896,1,http://www.wikidata.org/entity/Q214252,Pferdestall Neunhofer Schloßplatz 1 in Nürnberg,stable,,D,blue
5361,http://www.wikidata.org/entity/Q98629935,,Point(11.052890589 49.52045012),7.61,49.520450120214,11.052890589823,1,http://www.wikidata.org/entity/Q1303167,Scheune Obere Dorfstraße 33 in Nürnberg,barn,,D,blue
5362,http://www.wikidata.org/entity/Q98629932,,Point(11.050855968 49.518682953),7.455,49.518682953612,11.050855968225,1,http://www.wikidata.org/entity/Q10561522,Zwinger Neunhofer Schloßplatz 1 in Nürnberg,zwinger,,D,blue
5363,http://www.wikidata.org/entity/Q98629939,,Point(11.051472717 49.51971968),7.555,49.519719680742,11.051472717724,1,http://www.wikidata.org/entity/Q1303167,Scheune Obere Dorfstraße 44 a in Nürnberg,barn,,D,blue
5364,http://www.wikidata.org/entity/Q98629937,,Point(11.051149086 49.51964928),7.554,49.519649280558,11.051149086493,1,http://www.wikidata.org/entity/Q98141352,Hofmauer Obere Dorfstraße 44 a in Nürnberg,Q98141352,,D,blue
5365,http://www.wikidata.org/entity/Q98629943,,Point(11.053195906 49.519692146),7.523,49.519692146859,11.053195906474,1,http://www.wikidata.org/entity/Q98141352,Hofmauer Soosweg 6 in Nürnberg,Q98141352,,D,blue
5366,http://www.wikidata.org/entity/Q98629941,,Point(11.053551707 49.519804753),7.529,49.519804753764,11.053551707127,1,http://www.wikidata.org/entity/Q1303167,Scheune Soosweg 5 in Nürnberg,barn,,D,blue
5367,http://www.wikidata.org/entity/Q98629945,,Point(11.053596452 49.519571421),7.503,49.519571421275,11.053596452597,1,http://www.wikidata.org/entity/Q1303167,Scheune Soosweg 6 in Nürnberg,barn,,D,blue
5368,http://www.wikidata.org/entity/Q98629948,,Point(11.052039071 49.520390583),7.618,49.52039058365,11.052039071342,1,http://www.wikidata.org/entity/Q111010342,Hoftor Untere Dorfstraße 4 in Nürnberg,yard gate,,D,blue
5369,http://www.wikidata.org/entity/Q98629952,,Point(11.052049428 49.52067193),7.648,49.520671930938,11.052049428689,1,http://www.wikidata.org/entity/Q1207909,Stall Untere Dorfstraße 4 in Nürnberg,livestock housing,,D,blue
5370,http://www.wikidata.org/entity/Q98629953,,Point(11.052295796 49.52084152),7.662,49.520841520483,11.052295796561,1,http://www.wikidata.org/entity/Q1303167,Scheune Untere Dorfstraße 4 in Nürnberg,barn,,D,blue
5371,http://www.wikidata.org/entity/Q98629958,,Point(11.04996408 49.520513238),7.668,49.520513238642,11.04996408055,1,http://www.wikidata.org/entity/Q3044808,Nebengebäude Untere Dorfstraße 15 in Nürnberg,outbuilding,,D,blue
5372,http://www.wikidata.org/entity/Q98629956,,Point(11.051031546 49.520427325),7.64,49.520427325686,11.051031546734,1,http://www.wikidata.org/entity/Q98141352,Hofmauer Untere Dorfstraße 10 in Nürnberg,Q98141352,,D,blue
5373,http://www.wikidata.org/entity/Q98630118,,Point(11.081925869 49.451783909),0.407,49.45178390904,11.081925869802,1,http://www.wikidata.org/entity/Q17485079,Kirchenruine Am Katharinenkloster 5 in Nürnberg,church ruin,,D,blue
5374,http://www.wikidata.org/entity/Q98630119,,Point(11.074196931 49.450348309),0.451,49.450348309793,11.074196931171,1,http://www.wikidata.org/entity/Q1021645,Bürogebäude Brunnengasse 55 in Nürnberg,office building,,D,blue
5375,http://www.wikidata.org/entity/Q98630120,,Point(11.07400676 49.450365063),0.457,49.450365063092,11.074006760797,1,http://www.wikidata.org/entity/Q1021645,Bürogebäude Brunnengasse 57; Brunnengasse 59 in Nürnberg,office building,,D,blue
5376,http://www.wikidata.org/entity/Q98630130,,Point(11.075341358 49.447442901),0.729,49.447442901475,11.075341358033,1,http://www.wikidata.org/entity/Q33506,Museum Frauentormauer 36 in Nürnberg,museum,,D,blue
5377,http://www.wikidata.org/entity/Q98630150,,Point(11.067552931 49.449096401),0.882,49.449096401635,11.067552931879,1,http://www.wikidata.org/entity/Q11755880,Wohnhaus Schlehengasse 19 in Nürnberg,residential building,,D,blue
5378,http://www.wikidata.org/entity/Q98630148,,Point(11.067633526 49.449115685),0.876,49.44911568518,11.06763352646,1,http://www.wikidata.org/entity/Q42896655,Wirtschaftsgebäude Schlehengasse 17 in Nürnberg,farm building,,D,blue
5379,http://www.wikidata.org/entity/Q98630156,,Point(11.071848571 49.45158727),0.469,49.45158727064,11.071848571902,1,http://www.wikidata.org/entity/Q1303167,Scheune Josephsplatz 32 in Nürnberg,barn,,D,blue
5380,http://www.wikidata.org/entity/Q98630295,,Point(11.076832566 49.456559094),0.301,49.45655909484,11.076832566624,1,http://www.wikidata.org/entity/Q1021106,Bürgerhaus Untere Krämersgasse 14 in Nürnberg,bourgeois house,,D,blue
5381,http://www.wikidata.org/entity/Q98630299,,Point(11.075398672 49.456010746),0.275,49.456010746296,11.075398672807,1,http://www.wikidata.org/entity/Q11755880,Wohnhaus Agnesgasse 5 in Nürnberg,residential building,,D,blue
5382,http://www.wikidata.org/entity/Q98630310,,Point(11.075171616 49.456090635),0.291,49.456090635894,11.075171616924,1,http://www.wikidata.org/entity/Q11755880,Wohnhaus Agnesgasse 7 in Nürnberg,residential building,,D,blue
5383,http://www.wikidata.org/entity/Q98630312,,Point(11.074923061 49.456019395),0.294,49.456019395582,11.074923061797,1,http://www.wikidata.org/entity/Q11755880,Wohnhaus Agnesgasse 11 in Nürnberg,residential building,,D,blue
5384,http://www.wikidata.org/entity/Q98630338,,Point(11.080054835 49.452681521),0.239,49.45268152195,11.080054835103,1,http://www.wikidata.org/entity/Q41176,Predigerhaus Vordere Insel Schütt 2 a in Nürnberg,building,,D,blue
5385,http://www.wikidata.org/entity/Q98630365,,Point(11.076502777 49.457719444),0.432,49.457719444444,11.076502777778,1,http://www.wikidata.org/entity/Q108325,Burgkapelle Burg 16 in Nürnberg,chapel,,D,blue
5393,http://www.wikidata.org/entity/Q98630371,,Point(11.076543893 49.457914933),0.453,49.457914933485,11.076543893481,1,http://www.wikidata.org/entity/Q1303167,Scheune Burg 12 in Nürnberg,barn,,D,blue
5394,http://www.wikidata.org/entity/Q98630386,,Point(11.077414219 49.458270387),0.489,49.458270387848,11.077414219774,1,http://www.wikidata.org/entity/Q81917,Wachturm Burg 3 in Nürnberg,fortified tower,,D,blue
5397,http://www.wikidata.org/entity/Q98630388,,Point(11.076562285 49.458193642),0.483,49.458193642146,11.076562285755,1,http://www.wikidata.org/entity/Q11755880,Wohnhaus Burg 5 in Nürnberg,residential building,,D,blue
5398,http://www.wikidata.org/entity/Q98630594,,Point(10.908975516 49.531614755),14.917,49.531614755895,10.908975516829,1,http://www.wikidata.org/entity/Q98141380,Friedhofsmauer Burgstallstraße 12 in Obermichelbach,churchyard fortification,,D,blue
5399,http://www.wikidata.org/entity/Q98631678,,Point(11.029086917 49.376631665),9.269,49.376631665096,11.029086917946,1,http://www.wikidata.org/entity/Q98543318,Vogtei Schalkhaußerstraße 24 in Nürnberg,Q98543318,,D,blue
5400,http://www.wikidata.org/entity/Q98631681,,Point(11.029399463 49.376487806),9.276,49.376487806195,11.029399463449,1,http://www.wikidata.org/entity/Q3044808,Nebengebäude Schalkhaußerstraße 24 in Nürnberg,outbuilding,,D,blue
5401,http://www.wikidata.org/entity/Q98631686,,Point(11.02811769 49.369629877),10.02,49.369629877132,11.028117690171,1,http://www.wikidata.org/entity/Q921099,Grenzsteine Mühlespan in Nürnberg,boundary marker,,D,blue
5402,http://www.wikidata.org/entity/Q98631688,,Point(11.028849801 49.378338323),9.1,49.378338323961,11.028849801376,1,http://www.wikidata.org/entity/Q1307347,Einfriedung Reichelsdorfer Hauptstraße 181 in Nürnberg,boundary,,D,blue
5403,http://www.wikidata.org/entity/Q98631692,,Point(11.029761376 49.375955541),9.321,49.375955541537,11.029761376667,1,http://www.wikidata.org/entity/Q1303167,Scheune Schalkhaußerstraße 28 in Nürnberg,barn,,D,blue
5404,http://www.wikidata.org/entity/Q98631693,,Point(11.029513468 49.376423279),9.279,49.376423279764,11.029513468965,1,http://www.wikidata.org/entity/Q798436,Backhaus Schalkhaußerstraße 28 in Nürnberg,bakehouse,,D,blue
5405,http://www.wikidata.org/entity/Q98632116,,Point(11.02408326 49.414011532),5.869,49.414011532298,11.024083260784,1,http://www.wikidata.org/entity/Q1265665,Fischteich Nähe Rednitzstraße in Nürnberg,fish pond,,D,blue
5406,http://www.wikidata.org/entity/Q98632117,,Point(11.025201669 49.41426729),5.795,49.41426729,11.025201669924,1,http://www.wikidata.org/entity/Q1068842,Brücke Nähe Rednitzstraße in Nürnberg,footbridge,,D,blue
5407,http://www.wikidata.org/entity/Q98632120,,Point(11.025268375 49.415343988),5.701,49.415343988394,11.025268375662,1,http://www.wikidata.org/entity/Q162875,Mausoleum Nähe Rednitzstraße in Nürnberg,mausoleum,,D,blue
5408,http://www.wikidata.org/entity/Q98632126,,Point(11.024096032 49.416889295),5.631,49.416889295272,11.024096032246,1,http://www.wikidata.org/entity/Q98141338,Gartentor Rednitzstraße 84; Rednitzstraße 86 in Nürnberg,garden gate,,D,blue
5409,http://www.wikidata.org/entity/Q98633080,,Point(11.048897278 49.485721389),4.093,49.485721389241,11.048897278456,1,http://www.wikidata.org/entity/Q1303167,Scheune Nähe Schnepfenreuther Hauptstraße in Nürnberg,barn,,D,blue
5410,http://www.wikidata.org/entity/Q98633087,,Point(11.048297815 49.485626134),4.106,49.485626134385,11.048297815718,1,http://www.wikidata.org/entity/Q3044808,Nebengebäude Schnepfenreuther Hauptstraße 78 in Nürnberg,outbuilding,,D,blue
5411,http://www.wikidata.org/entity/Q98633085,,Point(11.049025697 49.484769666),3.997,49.484769666904,11.04902569727,1,http://www.wikidata.org/entity/Q1303167,Scheune Nähe Schnepfenreuther Hauptstraße in Nürnberg,barn,,D,blue
5412,http://www.wikidata.org/entity/Q98633090,,Point(11.027198678 49.47020678),4.051,49.470206780903,11.027198678076,1,http://www.wikidata.org/entity/Q3044808,Nebengebäude Brettergartenstraße 70 in Nürnberg,outbuilding,,D,blue
5413,http://www.wikidata.org/entity/Q98633091,,Point(11.027581007 49.470172876),4.024,49.470172876635,11.027581007387,1,http://www.wikidata.org/entity/Q3044808,Nebengebäude Brettergartenstraße 70 in Nürnberg,outbuilding,,D,blue
5414,http://www.wikidata.org/entity/Q98633088,,Point(11.027107643 49.470081085),4.05,49.470081085371,11.027107643371,1,http://www.wikidata.org/entity/Q42948,Mauer Brettergartenstraße 70 in Nürnberg,wall,,D,blue
5415,http://www.wikidata.org/entity/Q98633095,,Point(11.02667188 49.468205082),3.991,49.468205082209,11.026671880858,1,http://www.wikidata.org/entity/Q42948,Mauer Schnieglinger Straße 249 in Nürnberg,wall,,D,blue
5416,http://www.wikidata.org/entity/Q98633093,,Point(11.029293213 49.467252168),3.775,49.467252168223,11.029293213374,1,http://www.wikidata.org/entity/Q655686,Geschäftshaus Schnieglinger Straße 229 in Nürnberg,commercial building,,D,blue
5417,http://www.wikidata.org/entity/Q98633097,,Point(11.039774579 49.465844238),3.021,49.465844238995,11.03977457964,1,http://www.wikidata.org/entity/Q157570,Krematorium mit Trauerhalle Schnieglinger Straße 147 in Nürnberg,crematorium,,D,blue
5418,http://www.wikidata.org/entity/Q98633102,,Point(11.046928368 49.462418649),2.392,49.462418649123,11.046928368503,1,http://www.wikidata.org/entity/Q575759,Gefallenendenkmal Nordwestring 71 in Nürnberg,war memorial,,D,blue
5419,http://www.wikidata.org/entity/Q98633100,,Point(11.047464536 49.462979953),2.382,49.462979953704,11.047464536828,1,http://www.wikidata.org/entity/Q6451172,Leichenhalle Nordwestring 71 in Nürnberg,morgue,,D,blue
5420,http://www.wikidata.org/entity/Q98633107,,Point(11.036621406 49.465872823),3.228,49.465872823722,11.03662140651,1,http://www.wikidata.org/entity/Q43483,Brunnen Schnieglinger Straße 155 in Nürnberg,water well,,D,blue
5421,http://www.wikidata.org/entity/Q98633104,,Point(11.035685092 49.465443157),3.271,49.465443157939,11.035685092866,1,http://www.wikidata.org/entity/Q575759,Gefallenendenkmal Schnieglinger Straße 155 in Nürnberg,war memorial,,D,blue
5422,http://www.wikidata.org/entity/Q98633105,,Point(11.049435185 49.461978467),2.206,49.461978467449,11.049435185328,1,http://www.wikidata.org/entity/Q92909606,Friedhofstor Nordwestring 75 in Nürnberg,cemetery gate,,D,blue
5423,http://www.wikidata.org/entity/Q98633110,,Point(11.037586313 49.466041126),3.173,49.466041126379,11.037586313049,1,http://www.wikidata.org/entity/Q39614,Friedhofsamt Schnieglinger Straße 155 in Nürnberg,cemetery,,D,blue
5424,http://www.wikidata.org/entity/Q98633108,,Point(11.037667171 49.466283167),3.179,49.466283167239,11.03766717168,1,http://www.wikidata.org/entity/Q40211238,Friedhofsmauer Schnieglinger Straße 155 in Nürnberg,churchyard wall,,D,blue
5425,http://www.wikidata.org/entity/Q98633115,,Point(11.028315783 49.467367877),3.845,49.467367877261,11.028315783599,1,http://www.wikidata.org/entity/Q1303167,Scheune Schnieglinger Straße 237 in Nürnberg,barn,,D,blue
5426,http://www.wikidata.org/entity/Q98633112,,Point(11.037162774 49.465988983),3.198,49.465988983766,11.037162774584,1,http://www.wikidata.org/entity/Q19833158,Trauerhalle Schnieglinger Straße 155 in Nürnberg,funeral parlour,,D,blue
5427,http://www.wikidata.org/entity/Q98633113,,Point(11.027907765 49.467564204),3.881,49.467564204719,11.027907765993,1,http://www.wikidata.org/entity/Q111010342,Hoftor Schnieglinger Straße 237 in Nürnberg,yard gate,,D,blue
5428,http://www.wikidata.org/entity/Q98633118,,Point(11.028059518 49.467548121),3.87,49.467548121014,11.028059518093,1,http://www.wikidata.org/entity/Q489357,Bauernhaus Wahlerstraße 12 in Nürnberg,farmhouse,,D,blue
5429,http://www.wikidata.org/entity/Q98633117,,Point(11.028108683 49.467970187),3.885,49.467970187457,11.028108683892,1,http://www.wikidata.org/entity/Q1307347,Einfriedung Schnieglinger Straße in Nürnberg,boundary,,D,blue
5430,http://www.wikidata.org/entity/Q98633123,,Point(11.043578441 49.464960191),2.731,49.46496019169,11.043578441537,1,http://www.wikidata.org/entity/Q43483,Brunnen Schnieglinger Straße 73; Schnieglinger Straße 145 a; Schnieglinger Straße 147; Schnieglinger Straße 147 a; Schnieglinger Straße 147 b; Süßheimweg 50 in Nürnberg,water well,,D,blue
5431,http://www.wikidata.org/entity/Q98633120,,Point(11.02802584 49.467190646),3.857,49.467190646289,11.028025840973,1,http://www.wikidata.org/entity/Q1303167,Scheune Wahlerstraße 8 in Nürnberg,barn,,D,blue
5432,http://www.wikidata.org/entity/Q98633121,,Point(11.03047783 49.466843624),3.678,49.466843624779,11.030477830922,1,http://www.wikidata.org/entity/Q1371789,Gartenhaus Nähe Schnieglinger Straße in Nürnberg,vacation home,,D,blue
5433,http://www.wikidata.org/entity/Q98633126,,Point(11.045182037 49.464314827),2.595,49.464314827655,11.045182037196,1,http://www.wikidata.org/entity/Q43483,Brunnen Schnieglinger Straße 71; Schnieglinger Straße 73; Schnieglinger Straße 75; Schnieglinger Straße 77 in Nürnberg,water well,,D,blue
5434,http://www.wikidata.org/entity/Q98633127,,Point(11.046846701 49.463926764),2.468,49.463926764214,11.046846701958,1,http://www.wikidata.org/entity/Q43483,Brunnen Schnieglinger Straße 71; Schnieglinger Straße 73 in Nürnberg,water well,,D,blue
5435,http://www.wikidata.org/entity/Q98633125,,Point(11.042058806 49.46557096),2.86,49.465570960836,11.042058806788,1,http://www.wikidata.org/entity/Q43483,Brunnen Schnieglinger Straße 145 a; Schnieglinger Straße 147; Schnieglinger Straße 147 b in Nürnberg,water well,,D,blue
5436,http://www.wikidata.org/entity/Q98633131,,Point(11.047276884 49.462314948),2.364,49.462314948135,11.047276884052,1,http://www.wikidata.org/entity/Q43483,Brunnen Schnieglinger Straße 77 in Nürnberg,water well,,D,blue
5437,http://www.wikidata.org/entity/Q98633134,,Point(11.046618748 49.462581018),2.42,49.462581018587,11.046618748238,1,http://www.wikidata.org/entity/Q43483,Brunnen Schnieglinger Straße 77 in Nürnberg,water well,,D,blue
5438,http://www.wikidata.org/entity/Q98633132,,Point(11.04902942 49.463032439),2.283,49.463032439073,11.04902942013,1,http://www.wikidata.org/entity/Q43483,Brunnen Nordwestring 73 a; Nordwestring 73 b; Nordwestring 79; Schnieglinger Straße 71 in Nürnberg,water well,,D,blue
5439,http://www.wikidata.org/entity/Q98633138,,Point(11.039885163 49.464491719),2.95,49.464491719374,11.039885163703,1,http://www.wikidata.org/entity/Q43483,Brunnen Schnieglinger Straße 147 b in Nürnberg,water well,,D,blue
5440,http://www.wikidata.org/entity/Q98633136,,Point(11.039814158 49.463281983),2.904,49.463281983557,11.039814158013,1,http://www.wikidata.org/entity/Q43483,Brunnen Süßheimweg 50 in Nürnberg,water well,,D,blue
5441,http://www.wikidata.org/entity/Q98633143,,Point(11.042919652 49.462447604),2.661,49.462447604293,11.042919652647,1,http://www.wikidata.org/entity/Q43483,Brunnen Süßheimweg 50 in Nürnberg,water well,,D,blue
5442,http://www.wikidata.org/entity/Q98633141,,Point(11.042080211 49.46349473),2.761,49.463494730139,11.042080211698,1,http://www.wikidata.org/entity/Q43483,Brunnen Süßheimweg 50 in Nürnberg,water well,,D,blue
5443,http://www.wikidata.org/entity/Q98633145,,Point(11.04380166 49.461871867),2.579,49.461871867892,11.04380166054,1,http://www.wikidata.org/entity/Q43483,Brunnen Süßheimweg 50 in Nürnberg,water well,,D,blue
5444,http://www.wikidata.org/entity/Q98633150,,Point(11.050091221 49.462583297),2.192,49.46258329739,11.05009122161,1,http://www.wikidata.org/entity/Q40211238,Friedhofsmauer Nordwestring 75 in Nürnberg,churchyard wall,,D,blue
5445,http://www.wikidata.org/entity/Q98633148,,Point(11.038582759 49.464314164),3.029,49.464314164323,11.038582759517,1,http://www.wikidata.org/entity/Q43483,Brunnen Schnieglinger Straße 149 b; Schnieglinger Straße 151 a; Schnieglinger Straße 151 b in Nürnberg,water well,,D,blue
5446,http://www.wikidata.org/entity/Q98633149,,Point(11.039579969 49.46564595),3.024,49.465645950839,11.03957996917,1,http://www.wikidata.org/entity/Q12042092,Kolumbarium Schnieglinger Straße 147 b in Nürnberg,funeral hall,,D,blue
5447,http://www.wikidata.org/entity/Q98633153,,Point(11.046935228 49.462898644),2.413,49.462898644982,11.046935228417,1,http://www.wikidata.org/entity/Q56055312,Grabmal Schnieglinger Straße 77 in Nürnberg,sepulchral monument,,D,blue
5448,http://www.wikidata.org/entity/Q98633158,,Point(11.042322021 49.463541778),2.747,49.463541778677,11.042322021937,1,http://www.wikidata.org/entity/Q56055312,Grabmal Süßheimweg 50 in Nürnberg,sepulchral monument,,D,blue
5449,http://www.wikidata.org/entity/Q98633156,,Point(11.044732486 49.462844629),2.556,49.462844629924,11.044732486957,1,http://www.wikidata.org/entity/Q56055312,Grabmal Schnieglinger Straße 75; Schnieglinger Straße 77 in Nürnberg,sepulchral monument,,D,blue
5450,http://www.wikidata.org/entity/Q98633157,,Point(11.044952102 49.463079051),2.552,49.463079051978,11.044952102475,1,http://www.wikidata.org/entity/Q4989906,Gedenkstätte Schnieglinger Straße 75; Schnieglinger Straße 77 in Nürnberg,monument,,D,blue
5451,http://www.wikidata.org/entity/Q98633161,,Point(11.026724736 49.46763652),3.962,49.467636520237,11.026724736161,1,http://www.wikidata.org/entity/Q1307347,Einfriedung Weihergartenstraße 8 in Nürnberg,boundary,,D,blue
5452,http://www.wikidata.org/entity/Q98633164,,Point(11.041049229 49.465520126),2.922,49.465520126391,11.04104922994,1,http://www.wikidata.org/entity/Q575759,Kriegerdenkmal Schnieglinger Straße 147; Schnieglinger Straße 147 b in Nürnberg,war memorial,,D,blue
5453,http://www.wikidata.org/entity/Q98633210,,Point(11.109053269 49.466501965),2.691,49.466501965659,11.109053269005,1,http://www.wikidata.org/entity/Q1307347,Einfriedung Oedenberger Straße 52 a in Nürnberg,boundary,,D,blue
5454,http://www.wikidata.org/entity/Q98633214,,Point(11.10910004 49.466446836),2.69,49.466446836057,11.109100040083,1,http://www.wikidata.org/entity/Q1371789,Gartenhaus Oedenberger Straße 52 a in Nürnberg,vacation home,,D,blue
5455,http://www.wikidata.org/entity/Q98633218,,Point(11.103295879 49.465711745),2.294,49.465711745941,11.103295879481,1,http://www.wikidata.org/entity/Q276173,Gartenpavillon Längenstraße 14 in Nürnberg,pavilion,,D,blue
5456,http://www.wikidata.org/entity/Q98633216,,Point(11.104697915 49.465049889),2.338,49.465049889118,11.104697915478,1,http://www.wikidata.org/entity/Q276173,Gartenpavillon Oedenberger Straße 7 a in Nürnberg,pavilion,,D,blue
5457,http://www.wikidata.org/entity/Q98633222,,Point(11.101637429 49.466133511),2.226,49.466133511036,11.101637429015,1,http://www.wikidata.org/entity/Q3044808,Nebengebäude Elbinger Straße 16; Elbinger Straße 18 in Nürnberg,outbuilding,,D,blue
5458,http://www.wikidata.org/entity/Q98633220,,Point(11.103267709 49.465637005),2.288,49.465637005526,11.10326770976,1,http://www.wikidata.org/entity/Q98141338,Gartentor Elbinger Straße 16 in Nürnberg,garden gate,,D,blue
5459,http://www.wikidata.org/entity/Q98633227,,Point(11.101150068 49.468331136),2.357,49.468331136719,11.10115006888,1,http://www.wikidata.org/entity/Q22733,Großgarage Carl-von-Linde-Straße 12 in Nürnberg,garage,,D,blue
5460,http://www.wikidata.org/entity/Q98633225,,Point(11.102058939 49.466130112),2.249,49.466130112209,11.102058939546,1,http://www.wikidata.org/entity/Q98141586,Verwalterhaus Elbinger Straße 22 b in Nürnberg,Q98141586,,D,blue
5461,http://www.wikidata.org/entity/Q98633230,,Point(11.107531097 49.468531344),2.726,49.468531344044,11.107531097806,1,http://www.wikidata.org/entity/Q72926449,Kirchturm Graudenzer Straße 15 in Nürnberg,church tower,,D,blue
5462,http://www.wikidata.org/entity/Q98633232,,Point(11.107035295 49.468721366),2.71,49.468721366591,11.107035295066,1,http://www.wikidata.org/entity/Q607241,Pfarrhaus  Kasseler Straße 34 in Nürnberg,clergy house,,D,blue
5463,http://www.wikidata.org/entity/Q98633239,,Point(11.111034199 49.462256187),2.61,49.462256187947,11.111034199373,1,http://www.wikidata.org/entity/Q1307347,Einfriedung Schleiermacherstraße 8 in Nürnberg,boundary,,D,blue
5464,http://www.wikidata.org/entity/Q98633236,,Point(11.110473048 49.461441372),2.541,49.461441372339,11.110473048659,1,http://www.wikidata.org/entity/Q41176,Verwaltungsgebäude des ehem. Tafelwerks in Nürnberg-Erlenstegen Äußere Sulzbacher Straße 60,building,,D,blue
5465,http://www.wikidata.org/entity/Q98633243,,Point(11.107993997 49.466114678),2.603,49.466114678724,11.107993997499,1,http://www.wikidata.org/entity/Q1307347,Einfriedung Oedenberger Straße 34 in Nürnberg,boundary,,D,blue
5466,http://www.wikidata.org/entity/Q98633302,,Point(11.023347589 49.3275716),14.576,49.327571600182,11.023347589743,1,http://www.wikidata.org/entity/Q3044808,Nebengebäude Südliche Ringstraße 5 in Schwabach,outbuilding,,D,blue
5467,http://www.wikidata.org/entity/Q98633857,,Point(11.051204815 49.431918736),3.085,49.43191873624,11.051204815529,1,http://www.wikidata.org/entity/Q72926449,Kirchturm Lechnerstraße 19 in Nürnberg,church tower,,D,blue
5468,http://www.wikidata.org/entity/Q98633862,,Point(11.04636138 49.429333874),3.528,49.429333874526,11.04636138053,1,http://www.wikidata.org/entity/Q607241,Pfarrhaus  Friesenstraße 17; Friesenstraße 17 a in Nürnberg,clergy house,,D,blue
5469,http://www.wikidata.org/entity/Q98633863,,Point(11.048808609 49.43606104),2.857,49.436061040256,11.048808609457,1,http://www.wikidata.org/entity/Q98141338,Gartentor Geisseestraße 4 in Nürnberg,garden gate,,D,blue
5470,http://www.wikidata.org/entity/Q98633860,,Point(11.046581058 49.42938059),3.514,49.429380590188,11.046581058857,1,http://www.wikidata.org/entity/Q468939,Sakristei Friesenstraße 17 a in Nürnberg,sacristy,,D,blue
5471,http://www.wikidata.org/entity/Q98633866,,Point(11.049365384 49.427545348),3.556,49.42754534804,11.049365384954,1,http://www.wikidata.org/entity/Q517820,Remise (Straßenverkehr) Ambergerstraße 25 in Nürnberg,carriage house,,D,blue
5472,http://www.wikidata.org/entity/Q98633870,,Point(11.047390775 49.433042261),3.168,49.433042261454,11.047390775368,1,http://www.wikidata.org/entity/Q3044808,Nebengebäude Schweinauer Hauptstraße 37 in Nürnberg,outbuilding,,D,blue
5473,http://www.wikidata.org/entity/Q98633871,,Point(11.047073169 49.43315793),3.175,49.433157930561,11.047073169374,1,http://www.wikidata.org/entity/Q98141338,Gartentor Schweinauer Hauptstraße 37 in Nürnberg,garden gate,,D,blue
5474,http://www.wikidata.org/entity/Q98633869,,Point(11.051072423 49.431451004),3.132,49.431451004179,11.051072423,1,http://www.wikidata.org/entity/Q25550691,Gemeindehaus Lochnerstraße 21 in Nürnberg,city hall,,D,blue
5475,http://www.wikidata.org/entity/Q98633872,,Point(11.049716144 49.43479964),2.911,49.434799640267,11.049716144261,1,http://www.wikidata.org/entity/Q98141338,Gartentor Olgastraße 1 in Nürnberg,garden gate,,D,blue
5476,http://www.wikidata.org/entity/Q98634027,,Point(11.066758828 49.461399615),1.132,49.461399615478,11.066758828959,1,http://www.wikidata.org/entity/Q98141338,Toreinfahrt Bielingstraße 15 in Nürnberg,garden gate,,D,blue
5477,http://www.wikidata.org/entity/Q98634024,,Point(11.068119082 49.460326018),0.977,49.460326018956,11.068119082906,1,http://www.wikidata.org/entity/Q1307347,Einfriedung Adam-Kraft-Straße 2 in Nürnberg,boundary,,D,blue
5478,http://www.wikidata.org/entity/Q98634025,,Point(11.067911547 49.460022807),0.963,49.460022807801,11.067911547997,1,http://www.wikidata.org/entity/Q98141338,Gartentor Adam-Kraft-Straße 3 in Nürnberg,garden gate,,D,blue
5479,http://www.wikidata.org/entity/Q98634030,,Point(11.063605757 49.458924297),1.138,49.458924297755,11.063605757753,1,http://www.wikidata.org/entity/Q231685,Kreuzweg Johannisstraße 46 in Nürnberg,stations of the Cross,,D,blue
5480,http://www.wikidata.org/entity/Q98634028,,Point(11.070680586 49.457767558),0.645,49.457767558463,11.070680586341,1,http://www.wikidata.org/entity/Q42948,Mauer Burgschmietstraße 14 in Nürnberg,wall,,D,blue
5481,http://www.wikidata.org/entity/Q98634029,,Point(11.062757092 49.458761201),1.183,49.458761201049,11.062757092253,1,http://www.wikidata.org/entity/Q231685,Kreuzweg Lindengasse 44 in Nürnberg,stations of the Cross,,D,blue
5482,http://www.wikidata.org/entity/Q98634034,,Point(11.070265958 49.457803416),0.67,49.457803416018,11.070265958916,1,http://www.wikidata.org/entity/Q231685,Kreuzweg Burgschmietstraße 18 in Nürnberg,stations of the Cross,,D,blue
5483,http://www.wikidata.org/entity/Q98634035,,Point(11.071040562 49.45777367),0.627,49.457773670394,11.071040562444,1,http://www.wikidata.org/entity/Q1399033,Kreuzwegstation Burgschmietstraße 12 in Nürnberg,statio,,D,blue
5484,http://www.wikidata.org/entity/Q98634032,,Point(11.066241817 49.458340852),0.941,49.458340852371,11.066241817968,1,http://www.wikidata.org/entity/Q231685,Kreuzweg Burgschmietstraße 40a; Burgschmietstraße; Burgschmietstraße 42 in Nürnberg,stations of the Cross,,D,blue
5485,http://www.wikidata.org/entity/Q98634033,,Point(11.069308685 49.45791261),0.732,49.457912610866,11.069308685969,1,http://www.wikidata.org/entity/Q231685,Kreuzweg Campestraße 1 in Nürnberg,stations of the Cross,,D,blue
5488,http://www.wikidata.org/entity/Q98634036,,Point(11.070220445 49.458762115),0.747,49.45876211567,11.070220445163,1,http://www.wikidata.org/entity/Q1307347,Einfriedung Campestraße 10; Frommannstraße 20 in Nürnberg,boundary,,D,blue
5490,http://www.wikidata.org/entity/Q98634042,,Point(11.061911326 49.459514459),1.277,49.459514459664,11.061911326969,1,http://www.wikidata.org/entity/Q1307347,Einfriedung Frauenholzstraße 1 in Nürnberg,boundary,,D,blue
5491,http://www.wikidata.org/entity/Q98634043,,Point(11.072225044 49.458428296),0.625,49.458428296273,11.072225044225,1,http://www.wikidata.org/entity/Q1307347,Einfriedung Frommannstraße 3 in Nürnberg,boundary,,D,blue
5493,http://www.wikidata.org/entity/Q98634041,,Point(11.062825739 49.46392165),1.531,49.463921650718,11.062825739803,1,http://www.wikidata.org/entity/Q41176,Wohnheime Heimerichstraße 57 in Nürnberg,building,,D,blue
5494,http://www.wikidata.org/entity/Q98634046,,Point(11.070958729 49.458445787),0.685,49.45844578769,11.070958729062,1,http://www.wikidata.org/entity/Q1307347,Einfriedung Frommannstraße 17 in Nürnberg,boundary,,D,blue
5495,http://www.wikidata.org/entity/Q98634047,,Point(11.070536797 49.458510104),0.71,49.458510104344,11.07053679789,1,http://www.wikidata.org/entity/Q1307347,Einfriedung Frommannstraße 19 in Nürnberg,boundary,,D,blue
5496,http://www.wikidata.org/entity/Q98634044,,Point(11.071949605 49.458441688),0.638,49.458441688055,11.071949605904,1,http://www.wikidata.org/entity/Q1307347,Einfriedung Frommannstraße 5 in Nürnberg,boundary,,D,blue
5497,http://www.wikidata.org/entity/Q98634045,,Point(11.072245612 49.458539623),0.635,49.458539623747,11.072245612742,1,http://www.wikidata.org/entity/Q1307347,Einfriedung Frommannstraße 8 in Nürnberg,boundary,,D,blue
5498,http://www.wikidata.org/entity/Q98634050,,Point(11.069186529 49.455887444),0.628,49.455887444744,11.06918652939,1,http://www.wikidata.org/entity/Q42948,Mauer Hallerwiese 6 in Nürnberg,wall,,D,blue
5499,http://www.wikidata.org/entity/Q98634051,,Point(11.068846454 49.455656058),0.642,49.45565605886,11.068846454316,1,http://www.wikidata.org/entity/Q1307347,Einfriedung Hallerwiese 8 in Nürnberg,boundary,,D,blue
5500,http://www.wikidata.org/entity/Q98634049,,Point(11.065603171 49.462074857),1.243,49.462074857497,11.065603171489,1,http://www.wikidata.org/entity/Q1307347,Einfriedung Nähe Hallerstraße in Nürnberg,boundary,,D,blue
5501,http://www.wikidata.org/entity/Q98634054,,Point(11.071338722 49.460920088),0.894,49.460920088474,11.071338722739,1,http://www.wikidata.org/entity/Q1307347,Einfriedung Jagdstraße in Nürnberg,boundary,,D,blue
5502,http://www.wikidata.org/entity/Q98634055,,Point(11.070890449 49.460805633),0.899,49.460805633211,11.070890449773,1,http://www.wikidata.org/entity/Q1307347,Einfriedung Nähe Jagdstraße in Nürnberg,boundary,,D,blue
5503,http://www.wikidata.org/entity/Q98634053,,Point(11.068552805 49.455670453),0.663,49.455670453094,11.068552805751,1,http://www.wikidata.org/entity/Q1307347,Einfriedung Hallerwiese 10 in Nürnberg,boundary,,D,blue
5504,http://www.wikidata.org/entity/Q98634058,,Point(11.068540511 49.456749279),0.709,49.456749279976,11.068540511712,1,http://www.wikidata.org/entity/Q1107656,Garten Johannisstraße 13 in Nürnberg,garden,,D,blue
5505,http://www.wikidata.org/entity/Q98634056,,Point(11.070734201 49.460926659),0.917,49.460926659661,11.070734201817,1,http://www.wikidata.org/entity/Q1307347,Einfriedung Jagdstraße 12 in Nürnberg,boundary,,D,blue
5506,http://www.wikidata.org/entity/Q98634057,,Point(11.068457499 49.456603428),0.707,49.456603428373,11.068457499402,1,http://www.wikidata.org/entity/Q1371789,Gartenhaus Johannisstraße 13 in Nürnberg,vacation home,,D,blue
5507,http://www.wikidata.org/entity/Q98634062,,Point(11.061660769 49.459247248),1.278,49.459247248395,11.061660769313,1,http://www.wikidata.org/entity/Q39614,Friedhofsamt Johannisstraße 55 in Nürnberg,cemetery,,D,blue
5508,http://www.wikidata.org/entity/Q98634060,,Point(11.063128464 49.457556251),1.103,49.457556251882,11.06312846478,1,http://www.wikidata.org/entity/Q276173,Gartenpavillon Riesenschritt 26 in Nürnberg,pavilion,,D,blue
5509,http://www.wikidata.org/entity/Q98634061,,Point(11.059809364 49.458511792),1.365,49.458511792959,11.059809364292,1,http://www.wikidata.org/entity/Q6451172,Leichenhalle Brückenstraße 9; Brückenstraße 11 in Nürnberg,morgue,,D,blue
5510,http://www.wikidata.org/entity/Q98634067,,Point(11.065529711 49.459713153),1.07,49.45971315303,11.065529711924,1,http://www.wikidata.org/entity/Q43483,Brunnen Nähe Palmplatz in Nürnberg,water well,,D,blue
5511,http://www.wikidata.org/entity/Q98634064,,Point(11.061180699 49.459062216),1.3,49.459062216025,11.061180699018,1,http://www.wikidata.org/entity/Q1936626,St. Johannis (Nürnberg),aisleless church,,D,blue
5512,http://www.wikidata.org/entity/Q98634065,,Point(11.061801969 49.460984319),1.371,49.460984319175,11.061801969913,1,http://www.wikidata.org/entity/Q2111762,Produktionshalle Kirchenweg 56 in Nürnberg,machine shop,,D,blue
5513,http://www.wikidata.org/entity/Q98634070,,Point(11.070120189 49.463591651),1.199,49.463591651825,11.07012018973,1,http://www.wikidata.org/entity/Q1307347,Einfriedung Nähe Rieterstraße in Nürnberg,boundary,,D,blue
5514,http://www.wikidata.org/entity/Q98634071,,Point(11.069848435 49.463519502),1.2,49.463519502289,11.069848435054,1,http://www.wikidata.org/entity/Q1307347,Einfriedung Nähe Rieterstraße in Nürnberg,boundary,,D,blue
5515,http://www.wikidata.org/entity/Q98634068,,Point(11.060292689 49.46161945),1.501,49.461619450752,11.060292689734,1,http://www.wikidata.org/entity/Q98141338,Gartentor Penzstraße 9; Poppenreuther Straße 24 a in Nürnberg,garden gate,,D,blue
5516,http://www.wikidata.org/entity/Q98634069,,Point(11.070373252 49.463666896),1.199,49.463666896626,11.070373252203,1,http://www.wikidata.org/entity/Q1307347,Einfriedung Nähe Rieterstraße in Nürnberg,boundary,,D,blue
5517,http://www.wikidata.org/entity/Q98634072,,Point(11.069607593 49.463463127),1.203,49.463463127096,11.069607593425,1,http://www.wikidata.org/entity/Q1307347,Einfriedung Rieterstraße 8 in Nürnberg,boundary,,D,blue
5518,http://www.wikidata.org/entity/Q98634073,,Point(11.069821563 49.463333749),1.183,49.463333749492,11.069821563204,1,http://www.wikidata.org/entity/Q1307347,Einfriedung Rieterstraße 7; Rieterstraße 9 in Nürnberg,boundary,,D,blue
5519,http://www.wikidata.org/entity/Q98634078,,Point(11.069486454 49.462957458),1.157,49.462957458126,11.069486454234,1,http://www.wikidata.org/entity/Q1577547,Toreinfahrt Rückertstraße 10 in Nürnberg,revenue house,,D,blue
5520,http://www.wikidata.org/entity/Q98634079,,Point(11.070985848 49.458178409),0.661,49.458178409226,11.070985848802,1,http://www.wikidata.org/entity/Q42948,Mauer Weigelstraße 7 in Nürnberg,wall,,D,blue
5521,http://www.wikidata.org/entity/Q98634080,,Point(11.072379734 49.459493338),0.719,49.4594933383,11.072379734582,1,http://www.wikidata.org/entity/Q1307347,Einfriedung Wielandstraße 4 in Nürnberg,boundary,,D,blue
5522,http://www.wikidata.org/entity/Q98634086,,Point(11.066759768 49.461368281),1.129,49.461368281284,11.066759768618,1,http://www.wikidata.org/entity/Q98141338,Toreinfahrt Bielingstraße 13 in Nürnberg,garden gate,,D,blue
5523,http://www.wikidata.org/entity/Q98634084,,Point(11.069535972 49.459688957),0.856,49.459688957654,11.069535972496,1,http://www.wikidata.org/entity/Q1307347,Einfriedung Wielandstraße 30 in Nürnberg,boundary,,D,blue
5524,http://www.wikidata.org/entity/Q98634085,,Point(11.068941705 49.459729944),0.888,49.459729944804,11.068941705608,1,http://www.wikidata.org/entity/Q1307347,Einfriedung Wielandstraße 34; Wielandstraße 36 in Nürnberg,boundary,,D,blue
5525,http://www.wikidata.org/entity/Q98634091,,Point(11.072608586 49.459130928),0.676,49.459130928184,11.072608586422,1,http://www.wikidata.org/entity/Q1307347,Einfriedung Bucher Straße 9 in Nürnberg,boundary,,D,blue
5526,http://www.wikidata.org/entity/Q98634094,,Point(11.065541751 49.46229341),1.264,49.462293410256,11.065541751043,1,http://www.wikidata.org/entity/Q1307347,Einfriedung Hallerstraße 38 in Nürnberg,boundary,,D,blue
5527,http://www.wikidata.org/entity/Q98634092,,Point(11.072592222 49.459040942),0.668,49.459040942334,11.072592222243,1,http://www.wikidata.org/entity/Q1577547,Nebengebäude Bucher Straße 5 a in Nürnberg,revenue house,,D,blue
5528,http://www.wikidata.org/entity/Q98634093,,Point(11.065570262 49.46219043),1.255,49.462190430259,11.065570262376,1,http://www.wikidata.org/entity/Q1307347,Einfriedung Hallerstraße 36 in Nürnberg,boundary,,D,blue
5529,http://www.wikidata.org/entity/Q98634098,,Point(11.070971123 49.460023235),0.823,49.460023235314,11.070971123538,1,http://www.wikidata.org/entity/Q11755880,Rückgebäude Arndtstraße 17 in Nürnberg,residential building,,D,blue
5530,http://www.wikidata.org/entity/Q98634102,,Point(11.063076559 49.457622644),1.109,49.457622644667,11.063076559804,1,http://www.wikidata.org/entity/Q1307347,Einfriedung Riesenschritt 26 in Nürnberg,boundary,,D,blue
5531,http://www.wikidata.org/entity/Q98634103,,Point(11.063309368 49.457430134),1.086,49.457430134762,11.06330936803,1,http://www.wikidata.org/entity/Q1307347,Einfriedung Nähe Riesenschritt in Nürnberg,boundary,,D,blue
5532,http://www.wikidata.org/entity/Q98634101,,Point(11.063811787 49.461598256),1.299,49.461598256067,11.06381178709,1,http://www.wikidata.org/entity/Q1307347,Einfriedung Kirchenweg 40 in Nürnberg,boundary,,D,blue
5533,http://www.wikidata.org/entity/Q98634106,,Point(11.066404734 49.462612831),1.251,49.462612831543,11.066404734966,1,http://www.wikidata.org/entity/Q1307347,Einfriedung Bielingstraße 25 in Nürnberg,boundary,,D,blue
5534,http://www.wikidata.org/entity/Q98634107,,Point(11.087132069 49.448782159),0.909,49.448782159822,11.087132069348,1,http://www.wikidata.org/entity/Q1307347,Einfriedung Marienstraße 11 in Nürnberg,boundary,,D,blue
5535,http://www.wikidata.org/entity/Q98634104,,Point(11.07164177 49.460921025),0.884,49.46092102542,11.071641770717,1,http://www.wikidata.org/entity/Q1307347,Einfriedung Jagdstraße in Nürnberg,boundary,,D,blue
5536,http://www.wikidata.org/entity/Q98634105,,Point(11.061769888 49.458852328),1.251,49.458852328153,11.06176988896,1,http://www.wikidata.org/entity/Q40211238,Friedhofsmauer Johannisstraße 57; Johannisstraße 59 in Nürnberg,churchyard wall,,D,blue
5538,http://www.wikidata.org/entity/Q98634110,,Point(11.090119924 49.44972847),1.035,49.449728470796,11.090119924095,1,http://www.wikidata.org/entity/Q41176,Wohnheime Reindelstraße 5 in Nürnberg,building,,D,blue
5539,http://www.wikidata.org/entity/Q98634111,,Point(11.090076142 49.449409907),1.048,49.449409907791,11.090076142634,1,http://www.wikidata.org/entity/Q1307347,Einfriedung Reindelstraße 7 in Nürnberg,boundary,,D,blue
5540,http://www.wikidata.org/entity/Q98634115,,Point(11.094453122 49.445951469),1.521,49.445951469191,11.094453122137,1,http://www.wikidata.org/entity/Q1307347,Einfriedung Regensburger Straße 24 in Nürnberg,boundary,,D,blue
5541,http://www.wikidata.org/entity/Q98634112,,Point(11.093657945 49.443728061),1.634,49.443728061064,11.093657945521,1,http://www.wikidata.org/entity/Q1307347,Einfriedung Glockenhofstraße 47 in Nürnberg,boundary,,D,blue
5542,http://www.wikidata.org/entity/Q98634119,,Point(11.101536736 49.444018629),2.066,49.44401862944,11.10153673676,1,http://www.wikidata.org/entity/Q40211238,Friedhofsmauer Schloßstraße 9 in Nürnberg,churchyard wall,,D,blue
5543,http://www.wikidata.org/entity/Q98634116,,Point(11.093186723 49.444069552),1.583,49.444069552135,11.093186723216,1,http://www.wikidata.org/entity/Q1307347,Einfriedung Untere Baustraße 20 in Nürnberg,boundary,,D,blue
5544,http://www.wikidata.org/entity/Q98634120,,Point(11.101911139 49.443787202),2.103,49.443787202273,11.101911139791,1,http://www.wikidata.org/entity/Q6451172,Leichenhalle Schloßstraße 9 in Nürnberg,morgue,,D,blue
5545,http://www.wikidata.org/entity/Q98634155,,Point(11.07566532 49.439866431),1.562,49.439866431574,11.07566532093,1,http://www.wikidata.org/entity/Q72926449,Kirchturm Siemensplatz 4 in Nürnberg,church tower,,D,blue
5546,http://www.wikidata.org/entity/Q98634247,,Point(11.038915395 49.456623769),2.791,49.456623769141,11.038915395357,1,http://www.wikidata.org/entity/Q1307347,Einfriedung Fürther Straße 176 in Nürnberg,boundary,,D,blue
5547,http://www.wikidata.org/entity/Q98634251,,Point(11.044177191 49.443445823),2.66,49.443445823504,11.044177191139,1,http://www.wikidata.org/entity/Q1244442,Schulgebäude Ossietzkystraße 2 in Nürnberg,school building,,D,blue
5548,http://www.wikidata.org/entity/Q98634248,,Point(11.041697524 49.457564054),2.606,49.457564054222,11.041697524662,1,http://www.wikidata.org/entity/Q1307347,Einfriedung Muggenhofer Straße 28 in Nürnberg,boundary,,D,blue
5549,http://www.wikidata.org/entity/Q98634254,,Point(11.044837641 49.444179925),2.582,49.444179925753,11.044837641122,1,http://www.wikidata.org/entity/Q14092,Turnhalle Ossietzkystraße 2 in Nürnberg,gym,,D,blue
5550,http://www.wikidata.org/entity/Q98634255,,Point(11.053500458 49.440441187),2.278,49.440441187904,11.053500458906,1,http://www.wikidata.org/entity/Q1307347,Einfriedung Schwabacher Straße 44 in Nürnberg,boundary,,D,blue
5551,http://www.wikidata.org/entity/Q98634259,,Point(11.047934105 49.438117764),2.752,49.438117764776,11.04793410502,1,http://www.wikidata.org/entity/Q1577547,Mietshaus Kreutzerstraße 58 in Nürnberg,revenue house,,D,blue
5552,http://www.wikidata.org/entity/Q98634256,,Point(11.049814981 49.441048489),2.445,49.441048489497,11.049814981111,1,http://www.wikidata.org/entity/Q14092,Turnhalle Schweinauer Straße 18 in Nürnberg,gym,,D,blue
5553,http://www.wikidata.org/entity/Q98634262,,Point(11.048457391 49.441925257),2.472,49.44192525701,11.048457391156,1,http://www.wikidata.org/entity/Q1307347,Einfriedung Heinrichstraße 4 in Nürnberg,boundary,,D,blue
5554,http://www.wikidata.org/entity/Q98634263,,Point(11.051627339 49.440366283),2.387,49.440366283418,11.051627339859,1,http://www.wikidata.org/entity/Q1307347,Einfriedung Schwabacher Straße 54 in Nürnberg,boundary,,D,blue
5555,http://www.wikidata.org/entity/Q98634266,,Point(11.050881415 49.439026524),2.524,49.439026524626,11.050881415823,1,http://www.wikidata.org/entity/Q1577547,Mietshaus Grünstraße 5 in Nürnberg,revenue house,,D,blue
5556,http://www.wikidata.org/entity/Q98634264,,Point(11.051685701 49.440000076),2.41,49.44000007634,11.051685701839,1,http://www.wikidata.org/entity/Q1329623,Bürgerzentrum Schwabacher Straße 56 in Nürnberg,cultural center,,D,blue
5557,http://www.wikidata.org/entity/Q98634265,,Point(11.051905112 49.440242659),2.38,49.440242659883,11.051905112266,1,http://www.wikidata.org/entity/Q6451172,Leichenhalle Schwabacher Straße 52 in Nürnberg,morgue,,D,blue
5558,http://www.wikidata.org/entity/Q98634276,,Point(11.080156476 49.443032287),1.223,49.443032287053,11.080156476613,1,http://www.wikidata.org/entity/Q1307347,Einfriedung Bogenstraße 39 in Nürnberg,boundary,,D,blue
5559,http://www.wikidata.org/entity/Q98634277,,Point(11.079982158 49.44300788),1.223,49.443007880426,11.079982158476,1,http://www.wikidata.org/entity/Q1307347,Einfriedung Endterstraße 7 in Nürnberg,boundary,,D,blue
5560,http://www.wikidata.org/entity/Q98634355,,Point(11.066164198 49.472239561),2.195,49.472239561182,11.066164198988,1,http://www.wikidata.org/entity/Q1307347,Einfriedung Äußere Bucher Straße 17 in Nürnberg,boundary,,D,blue
5561,http://www.wikidata.org/entity/Q98634356,,Point(11.066116176 49.472934354),2.268,49.47293435407,11.066116176404,1,http://www.wikidata.org/entity/Q1307347,Einfriedung Äußere Bucher Straße 31 in Nürnberg,boundary,,D,blue
5562,http://www.wikidata.org/entity/Q98634475,,Point(10.961175029 49.495923219),9.605,49.495923219396,10.96117502909,1,http://www.wikidata.org/entity/Q192375,Flugwerft Flugplatzstraße 40 in Fürth,hangar,,D,blue
5563,http://www.wikidata.org/entity/Q98635027,,Point(11.036639746 49.471170049),3.512,49.471170049012,11.036639746692,1,http://www.wikidata.org/entity/Q1207909,Stall Frauentaler Weg 47 in Nürnberg,livestock housing,,D,blue
5564,http://www.wikidata.org/entity/Q98635024,,Point(11.053132691 49.462964756),2.018,49.462964756791,11.0531326913,1,http://www.wikidata.org/entity/Q1307347,Einfriedung Schnieglinger Straße 50 in Nürnberg,boundary,,D,blue
5565,http://www.wikidata.org/entity/Q98635030,,Point(11.037901495 49.471182665),3.437,49.471182665497,11.037901495273,1,http://www.wikidata.org/entity/Q98141338,Gartentor Wetzendorfer Straße 266 in Nürnberg,garden gate,,D,blue
5566,http://www.wikidata.org/entity/Q98635100,,Point(11.094190458 49.451838732),1.242,49.451838732,11.094190458054,1,http://www.wikidata.org/entity/Q1307347,Einfriedung Prinzregentenufer 41 in Nürnberg,boundary,,D,blue
5567,http://www.wikidata.org/entity/Q98635158,,Point(11.105083849 49.486958232),4.191,49.486958232853,11.105083849477,1,http://www.wikidata.org/entity/Q111010342,Hoftor Ziegelsteinstraße 183 in Nürnberg,yard gate,,D,blue
5568,http://www.wikidata.org/entity/Q98635163,,Point(11.109658683 49.482330939),3.935,49.482330939159,11.109658683166,1,http://www.wikidata.org/entity/Q1244442,Schule Am Bauernwald 25 in Nürnberg,school building,,D,blue
5569,http://www.wikidata.org/entity/Q98635160,,Point(11.105074497 49.486920751),4.187,49.486920751848,11.105074497887,1,http://www.wikidata.org/entity/Q3044808,Nebengebäude Ziegelsteinstraße 183 in Nürnberg,outbuilding,,D,blue
5570,http://www.wikidata.org/entity/Q98635166,,Point(11.107397951 49.505057373),6.093,49.505057373359,11.107397951766,1,http://www.wikidata.org/entity/Q607241,Pfarrhaus  Baiersdorfer Straße 8; Baiersdorfer Straße 10 in Nürnberg,clergy house,,D,blue
5571,http://www.wikidata.org/entity/Q98635167,,Point(11.128679679 49.491700219),5.61,49.491700219087,11.12867967916,1,http://www.wikidata.org/entity/Q921099,Grenzstein Äußere Bayreuther Straße in Nürnberg,boundary marker,,D,blue
5572,http://www.wikidata.org/entity/Q98635164,,Point(11.111900111 49.485109054),4.28,49.485109054449,11.111900111356,1,http://www.wikidata.org/entity/Q41176,Siedlungsblock Eschenauer Straße 76; Eschenauer Straße 78; Eschenauer Straße 80; Eschenauer Straße 82; Eschenauer Straße 84 in Nürnberg,building,,D,blue
5573,http://www.wikidata.org/entity/Q98635165,,Point(11.107533864 49.505480056),6.14,49.505480056906,11.107533864264,1,http://www.wikidata.org/entity/Q72926449,Kirchturm Baiersdorfer Straße 10 in Nürnberg,church tower,,D,blue
5574,http://www.wikidata.org/entity/Q98635168,,Point(11.109841481 49.503631106),6.011,49.50363110689,11.1098414815,1,http://www.wikidata.org/entity/Q31838271,Festsaal Kalchreuther Straße 125 in Nürnberg,assembly hall,,D,blue
5575,http://www.wikidata.org/entity/Q98635169,,Point(11.109291034 49.482015714),3.891,49.482015714216,11.109291034012,1,http://www.wikidata.org/entity/Q1244442,Schulgebäude Am Bauernwald; Am Bauernwald 25; Hasensprung in Nürnberg,school building,,D,blue
5576,http://www.wikidata.org/entity/Q98764203,,Point(11.064657805 49.456024732),0.944,49.456024732272,11.064657805838,1,http://www.wikidata.org/entity/Q1497375,Ensemble,architectural ensemble,,D,blue
5577,http://www.wikidata.org/entity/Q98825243,,Point(11.12947 49.4425085),3.977,49.4425085,11.12947,1,http://www.wikidata.org/entity/Q16970,Protestant Church (Nuremberg-Zerzabelshof),church building,,D,blue
5578,http://www.wikidata.org/entity/Q100435608,,Point(11.112326425 49.500056192),5.725,49.500056192505,11.112326425531,1,http://www.wikidata.org/entity/Q16970,Maria-Hilf,church building,,D,blue
5579,http://www.wikidata.org/entity/Q100491502,,Point(11.08368 49.45114),0.552,49.45114,11.08368,1,http://www.wikidata.org/entity/Q79007,Rosa-Luxemburg-Platz,street,,D,blue
5581,http://www.wikidata.org/entity/Q100491503,,Point(11.0829 49.45162),0.476,49.45162,11.0829,1,http://www.wikidata.org/entity/Q79007,Nonnengartenstraße,street,,D,blue
5582,http://www.wikidata.org/entity/Q100491501,,Point(11.11853 49.42288),4.557,49.42288,11.11853,1,http://www.wikidata.org/entity/Q79007,Große Straße,street,,D,blue
5583,http://www.wikidata.org/entity/Q100491506,,Point(11.07517 49.44825),0.644,49.44825,11.07517,1,http://www.wikidata.org/entity/Q79007,Kartäusergasse,street,,D,blue
5584,http://www.wikidata.org/entity/Q100491504,,Point(11.08245 49.45112),0.482,49.45112,11.08245,1,http://www.wikidata.org/entity/Q79007,Katharinengasse,street,,D,blue
5585,http://www.wikidata.org/entity/Q100491505,,Point(11.05268 49.45121),1.804,49.45121,11.05268,1,http://www.wikidata.org/entity/Q79007,Veit-Stoß-Platz-Park (Nürnberg),street,,D,blue
5586,http://www.wikidata.org/entity/Q100491511,,Point(11.17898 49.46848),7.526,49.46848,11.17898,1,http://www.wikidata.org/entity/Q79007,Strindbergstraße,street,,D,blue
5587,http://www.wikidata.org/entity/Q100491509,,Point(11.17865 49.46815),7.495,49.46815,11.17865,1,http://www.wikidata.org/entity/Q79007,Ibsenstraße,street,,D,blue
5588,http://www.wikidata.org/entity/Q100491514,,Point(11.08181 49.45399),0.326,49.45399,11.08181,1,http://www.wikidata.org/entity/Q79007,Neue Gasse,street,,D,blue
5589,http://www.wikidata.org/entity/Q100491512,,Point(11.10382 49.45111),1.942,49.45111,11.10382,1,http://www.wikidata.org/entity/Q79007,Noriker Straße,street,,D,blue
5590,http://www.wikidata.org/entity/Q100491513,,Point(11.07783 49.44994),0.439,49.44994,11.07783,1,http://www.wikidata.org/entity/Q79007,Pfannenschmiedsgasse,street,,D,blue
5591,http://www.wikidata.org/entity/Q100491517,,Point(11.11637 49.45487),2.826,49.45487,11.11637,1,http://www.wikidata.org/entity/Q79007,Ostendstraße,street,,D,blue
5592,http://www.wikidata.org/entity/Q100491522,,Point(11.07127 49.4557),0.481,49.4557,11.07127,1,http://www.wikidata.org/entity/Q79007,Neutormauer (Nürnberg),street,,D,blue
5593,http://www.wikidata.org/entity/Q100491520,,Point(11.0292 49.43682),3.96,49.43682,11.0292,1,http://www.wikidata.org/entity/Q79007,Wallensteinstraße (Nürnberg),street,,D,blue
5594,http://www.wikidata.org/entity/Q100491521,,Point(11.05386 49.43309),2.865,49.43309,11.05386,1,http://www.wikidata.org/entity/Q79007,Waldaustraße,street,,D,blue
5595,http://www.wikidata.org/entity/Q100491526,,Point(11.01051 49.4584),4.853,49.4584,11.01051,1,http://www.wikidata.org/entity/Q79007,Höfener Straße,street,,D,blue
5596,http://www.wikidata.org/entity/Q100491527,,Point(11.01097 49.52867),9.598,49.52867,11.01097,1,http://www.wikidata.org/entity/Q79007,Großgründlacher Hauptstraße,street,,D,blue
5597,http://www.wikidata.org/entity/Q100491524,,Point(11.06794 49.45103),0.747,49.45103,11.06794,1,http://www.wikidata.org/entity/Q79007,Spittlertormauer (Nürnberg),street,,D,blue
5598,http://www.wikidata.org/entity/Q100491525,,Point(11.09573 49.46192),1.605,49.46192,11.09573,1,http://www.wikidata.org/entity/Q79007,Rennweg (Nürnberg),street,,D,blue
5599,http://www.wikidata.org/entity/Q100491528,,Point(11.03113 49.48945),5.175,49.48945,11.03113,1,http://www.wikidata.org/entity/Q79007,Höfleser Hauptstraße,street,,D,blue
5600,http://www.wikidata.org/entity/Q100491726,,Point(11.07525 49.46326),1.054,49.46326,11.07525,1,http://www.wikidata.org/entity/Q79007,Schweppermannstraße (Nürnberg),street,,D,blue
5601,http://www.wikidata.org/entity/Q100491729,,Point(11.07855 49.46083),0.779,49.46083,11.07855,1,http://www.wikidata.org/entity/Q79007,Krelingstraße (Nürnberg),street,,D,blue
5602,http://www.wikidata.org/entity/Q100491800,,Point(11.07924 49.44946),0.51,49.44946,11.07924,1,http://www.wikidata.org/entity/Q79007,Königstraße (Nürnberg),street,,D,blue
5603,http://www.wikidata.org/entity/Q100491845,,Point(11.0772 49.44669),0.799,49.44669,11.0772,1,http://www.wikidata.org/entity/Q79007,Frauentorgraben (Nürnberg),street,,D,blue
5604,http://www.wikidata.org/entity/Q100491853,,Point(11.10057 49.46181),1.899,49.46181,11.10057,1,http://www.wikidata.org/entity/Q79007,Heerwagenstraße (Nürnberg),street,,D,blue
5605,http://www.wikidata.org/entity/Q100491894,,Point(11.07899 49.45131),0.31,49.45131,11.07899,1,http://www.wikidata.org/entity/Q79007,Lorenzer Platz,street,,D,blue
5606,http://www.wikidata.org/entity/Q100491898,,Point(11.06546 49.46219),1.26,49.46219,11.06546,1,http://www.wikidata.org/entity/Q79007,Hallerstraße (Nürnberg),street,,D,blue
5607,http://www.wikidata.org/entity/Q100491927,,Point(11.07804 49.45324),0.088,49.45324,11.07804,1,http://www.wikidata.org/entity/Q79007,Plobenhofstraße (Nürnberg),street,,D,blue
5608,http://www.wikidata.org/entity/Q100491928,,Point(11.07134 49.44909),0.684,49.44909,11.07134,1,http://www.wikidata.org/entity/Q79007,Jakobstraße (Nürnberg),street,,D,blue
5609,http://www.wikidata.org/entity/Q100491940,,Point(11.06129 49.45946),1.313,49.45946,11.06129,1,http://www.wikidata.org/entity/Q79007,Johannisstraße,street,,D,blue
5610,http://www.wikidata.org/entity/Q100492045,,Point(11.07428 49.45739),0.448,49.45739,11.07428,1,http://www.wikidata.org/entity/Q79007,Beim Tiergärtnertor,street,,D,blue
5611,http://www.wikidata.org/entity/Q100492101,,Point(11.12003 49.47141),3.652,49.47141,11.12003,1,http://www.wikidata.org/entity/Q79007,Ewaldstraße,street,,D,blue
5612,http://www.wikidata.org/entity/Q100492206,,Point(11.09313 49.45379),1.144,49.45379,11.09313,1,http://www.wikidata.org/entity/Q79007,Hirsvogelstraße (Nürnberg),street,,D,blue
5613,http://www.wikidata.org/entity/Q100492454,,Point(11.120844 49.466276),3.436,49.466276,11.120844,1,http://www.wikidata.org/entity/Q79007,Steuerwald-Landmann-Straße (Nürnberg),street,,D,blue
5614,http://www.wikidata.org/entity/Q100492523,,Point(11.0755 49.44519),0.974,49.44519,11.0755,1,http://www.wikidata.org/entity/Q79007,Karl-Pschigode-Platz (Nürnberg),street,,D,blue
5615,http://www.wikidata.org/entity/Q100492779,,Point(11.10648 49.48785),4.327,49.48785,11.10648,1,http://www.wikidata.org/entity/Q79007,Am Anger,street,,D,blue
5616,http://www.wikidata.org/entity/Q100493331,,Point(11.1432481 49.4444472),4.881,49.4444472,11.1432481,1,http://www.wikidata.org/entity/Q79007,Am Tiergarten,street,,D,blue
5617,http://www.wikidata.org/entity/Q100493715,,Point(11.02453 49.39368),7.704,49.39368,11.02453,1,http://www.wikidata.org/entity/Q79007,Bei der Gerasmühle,street,,D,blue
5618,http://www.wikidata.org/entity/Q100493817,,Point(11.1331737 49.4461702),4.129,49.4461702,11.1331737,1,http://www.wikidata.org/entity/Q79007,Bingstraße,street,,D,blue
5619,http://www.wikidata.org/entity/Q100494054,,Point(11.07025 49.44524),1.087,49.44524,11.07025,1,http://www.wikidata.org/entity/Q79007,Camerariusstraße,street,,D,blue
5620,http://www.wikidata.org/entity/Q100494523,,Point(11.07933 49.44556),0.936,49.44556,11.07933,1,http://www.wikidata.org/entity/Q79007,Eilgutstraße,street,,D,blue
5621,http://www.wikidata.org/entity/Q100494713,,Point(11.07258 49.44633),0.905,49.44633,11.07258,1,http://www.wikidata.org/entity/Q79007,Essenweinstraße,street,,D,blue
5622,http://www.wikidata.org/entity/Q100494761,,Point(11.0726 49.44748),0.788,49.44748,11.0726,1,http://www.wikidata.org/entity/Q79007,Färberplatz,street,,D,blue
5623,http://www.wikidata.org/entity/Q100494805,,Point(11.09933 49.46037),1.749,49.46037,11.09933,1,http://www.wikidata.org/entity/Q79007,Fenitzerstraße,street,,D,blue
5624,http://www.wikidata.org/entity/Q100494840,,Point(11.1956906 49.4191048),9.393,49.4191048,11.1956906,1,http://www.wikidata.org/entity/Q79007,Fischbacher Hauptstraße,street,,D,blue
5625,http://www.wikidata.org/entity/Q100494884,,Point(11.1964738 49.4195305),9.425,49.4195305,11.1964738,1,http://www.wikidata.org/entity/Q79007,Förstergäßchen,street,,D,blue
5626,http://www.wikidata.org/entity/Q100495043,,Point(11.06458 49.44622),1.253,49.44622,11.06458,1,http://www.wikidata.org/entity/Q79007,Gartenstraße,street,,D,blue
5627,http://www.wikidata.org/entity/Q100495152,,Point(11.09361 49.45534),1.19,49.45534,11.09361,1,http://www.wikidata.org/entity/Q79007,Gießereistraße,street,,D,blue
5628,http://www.wikidata.org/entity/Q100495282,,Point(11.06122 49.45726),1.222,49.45726,11.06122,1,http://www.wikidata.org/entity/Q79007,Großweidenmühlstraße,street,,D,blue
5629,http://www.wikidata.org/entity/Q100495856,,Point(11.1980724 49.4166759),9.663,49.4166759,11.1980724,1,http://www.wikidata.org/entity/Q79007,Hutbergstraße,street,,D,blue
5630,http://www.wikidata.org/entity/Q100496363,,Point(11.08218 49.44922),0.626,49.44922,11.08218,1,http://www.wikidata.org/entity/Q79007,Königstormauer,street,,D,blue
5631,http://www.wikidata.org/entity/Q100496403,,Point(11.06985 49.44581),1.046,49.44581,11.06985,1,http://www.wikidata.org/entity/Q79007,Kraußstraße,street,,D,blue
5632,http://www.wikidata.org/entity/Q100496776,,Point(11.08591 49.48456),3.468,49.48456,11.08591,1,http://www.wikidata.org/entity/Q79007,Marienbergstraße,street,,D,blue
5633,http://www.wikidata.org/entity/Q100496781,,Point(11.08455 49.4519),0.568,49.4519,11.08455,1,http://www.wikidata.org/entity/Q79007,Marientormauer,street,,D,blue
5634,http://www.wikidata.org/entity/Q100497160,,Point(11.0551 49.4658),2.082,49.4658,11.0551,1,http://www.wikidata.org/entity/Q79007,Nordwestring,street,,D,blue
5635,http://www.wikidata.org/entity/Q100497383,,Point(11.07073 49.44794),0.813,49.44794,11.07073,1,http://www.wikidata.org/entity/Q79007,Pfeifergasse,street,,D,blue
5636,http://www.wikidata.org/entity/Q100497418,,Point(11.07317 49.4676),1.555,49.4676,11.07317,1,http://www.wikidata.org/entity/Q79007,Pleydenwurffstraße,street,,D,blue
5637,http://www.wikidata.org/entity/Q100497439,,Point(11.06417 49.44769),1.172,49.44769,11.06417,1,http://www.wikidata.org/entity/Q79007,Prechtelsgasse,street,,D,blue
5638,http://www.wikidata.org/entity/Q100497968,,Point(11.07044 49.44837),0.787,49.44837,11.07044,1,http://www.wikidata.org/entity/Q79007,Schottengasse,street,,D,blue
5639,http://www.wikidata.org/entity/Q100498166,,Point(11.062689217 49.453774144),1.056,49.453774144018,11.062689217782,1,http://www.wikidata.org/entity/Q79007,Solgerstraße,street,,D,blue
5640,http://www.wikidata.org/entity/Q100498321,,Point(11.06875 49.44586),1.084,49.44586,11.06875,1,http://www.wikidata.org/entity/Q79007,Steinbühler Straße,street,,D,blue
5641,http://www.wikidata.org/entity/Q100499152,,Point(11.05099 49.47025),2.633,49.47025,11.05099,1,http://www.wikidata.org/entity/Q79007,Zeisigweg,street,,D,blue
5642,http://www.wikidata.org/entity/Q100499175,,Point(11.07077 49.44874),0.74,49.44874,11.07077,1,http://www.wikidata.org/entity/Q79007,Zirkelschmiedsgasse,street,,D,blue
5643,http://www.wikidata.org/entity/Q102200784,,Point(11.14013 49.35848),11.54,49.35848,11.14013,1,http://www.wikidata.org/entity/Q101502735,Schleusenhaltung der Schleuse 64 am Ludwig-Donau-Main-Kanal,lock pond,,D,blue
5644,http://www.wikidata.org/entity/Q102218702,,Point(11.1638 49.3633),11.857,49.3633,11.1638,1,http://www.wikidata.org/entity/Q1879141,Ehemalige Anlegestelle in Röthenbach bei St. Wolfgang,Q1879141,,D,blue
5645,http://www.wikidata.org/entity/Q102242417,,Point(11.14902 49.35931),11.725,49.35931,11.14902,1,http://www.wikidata.org/entity/Q97147168,Kanaldurchlass bei Wendelstein,Q97147168,,D,blue
5647,http://www.wikidata.org/entity/Q102272012,,Point(11.14264 49.35874),11.586,49.35874,11.14264,1,http://www.wikidata.org/entity/Q97147168,Kanaldurchlass Nürnberger Straße in Wendelstein,Q97147168,,D,blue
5649,http://www.wikidata.org/entity/Q102307289,,Point(11.11647 49.36265),10.531,49.36265,11.11647,1,http://www.wikidata.org/entity/Q97147168,Kanaldurchlass und Straßendamm A6,Q97147168,,D,blue
5651,http://www.wikidata.org/entity/Q102343907,,Point(11.177869444 49.3643),12.334,49.3643,11.177869444444,1,http://www.wikidata.org/entity/Q101502735,Schleusenhaltung der Schleuse 63 am Ludwig-Donau-Main-Kanal,lock pond,,D,blue
5652,http://www.wikidata.org/entity/Q102370158,,Point(11.19271 49.36153),13.234,49.36153,11.19271,1,http://www.wikidata.org/entity/Q101502735,Schleusenhaltung der Schleuse 62 am Ludwig-Donau-Main-Kanal,lock pond,,D,blue
5653,http://www.wikidata.org/entity/Q102381659,,Point(11.19945 49.36006),13.671,49.36006,11.19945,1,http://www.wikidata.org/entity/Q101502735,Schleusenhaltung Schleuse 61 (Ludwig-Donau-Main-Kanal),lock pond,,D,blue
5654,http://www.wikidata.org/entity/Q102411044,,Point(11.20677 49.35709),14.267,49.35709,11.20677,1,http://www.wikidata.org/entity/Q101502735,Schleusenhaltung Schleuse 60 (Ludwig-Donau-Main-Kanal),lock pond,,D,blue
5655,http://www.wikidata.org/entity/Q102448364,,Point(11.20446 49.35912),13.987,49.35912,11.20446,1,http://www.wikidata.org/entity/Q4989906,Gedenkstein Mittelzentrum Wendelstein-Feucht-Schwarzenbruck,monument,,D,blue
5656,http://www.wikidata.org/entity/Q102663085,,Point(11.20634 49.35181),14.696,49.35181,11.20634,1,http://www.wikidata.org/entity/Q101502735,Schleusenhaltung Schleuse 59 (Ludwig-Donau-Main-Kanal),lock pond,,D,blue
5657,http://www.wikidata.org/entity/Q103819286,,Point(11.26038 49.39097),14.975,49.39097,11.26038,1,http://www.wikidata.org/entity/Q43483,Brunnen in Moosbach,water well,,D,blue
5658,http://www.wikidata.org/entity/Q104122564,,Point(11.18207 49.3618),12.738,49.3618,11.18207,1,http://www.wikidata.org/entity/Q921099,Grenzstein 3 bei Röthenbach bei Sankt Wolfgang,boundary marker,,D,blue
5659,http://www.wikidata.org/entity/Q104144352,,Point(11.12532 49.36579),10.392,49.36579,11.12532,1,http://www.wikidata.org/entity/Q921099,Grenzstein beim Wernloch,boundary marker,,D,blue
5660,http://www.wikidata.org/entity/Q104144404,,Point(11.14754 49.36158),11.451,49.36158,11.14754,1,http://www.wikidata.org/entity/Q921099,Grenzstein beim Fischleinsberg,boundary marker,,D,blue
5661,http://www.wikidata.org/entity/Q105506120,,Point(11.056416666 49.544555555),10.195,49.544555555556,11.056416666667,1,http://www.wikidata.org/entity/Q1440300,Franz-Köhl-Tower,observation tower,,D,blue
5662,http://www.wikidata.org/entity/Q106540541,,Point(11.078184684 49.455050868),0.146,49.455050868974,11.078184684738,1,http://www.wikidata.org/entity/Q1614417,Q106540541,ratskeller,,D,blue
5664,http://www.wikidata.org/entity/Q106726246,,Point(11.188694444 49.438305555),8.237,49.438305555556,11.188694444444,1,http://www.wikidata.org/entity/Q17540983,Q106726246,open air site,,D,blue
5666,http://www.wikidata.org/entity/Q106743321,,Point(11.07596 49.456233),0.28,49.456233,11.07596,1,http://www.wikidata.org/entity/Q372363,Nürnberger Felsenkeller,geotope,,D,blue
5669,http://www.wikidata.org/entity/Q107122811,,Point(11.07822 49.46089),0.783,49.46089,11.07822,1,http://www.wikidata.org/entity/Q26703203,Stolperstein dedicated to Simon Löb,Stolperstein,,D,blue
5670,http://www.wikidata.org/entity/Q107472835,,Point(11.21821 49.36883),13.904,49.36883,11.21821,1,http://www.wikidata.org/entity/Q126807,Walburgisheim,kindergarten,,D,blue
5675,http://www.wikidata.org/entity/Q107473244,,Point(11.21978 49.3665),14.164,49.3665,11.21978,1,http://www.wikidata.org/entity/Q2529983,Tucherscher Vogelherd,bird hearth,,D,blue
5677,http://www.wikidata.org/entity/Q107969259,,Point(11.1454 49.35593),11.953,49.35593,11.1454,1,http://www.wikidata.org/entity/Q39614,Kirchenfriedhof St. Georg,cemetery,,D,blue
5678,http://www.wikidata.org/entity/Q108043887,,Point(11.14348 49.35651),11.837,49.35651,11.14348,1,http://www.wikidata.org/entity/Q11755880,Wohnhaus Vorderer Mühlbuck 6,residential building,,D,blue
5679,http://www.wikidata.org/entity/Q108044026,,Point(11.14333 49.35731),11.752,49.35731,11.14333,1,http://www.wikidata.org/entity/Q1066997,Schwarzachwehr,weir,,D,blue
5680,http://www.wikidata.org/entity/Q108044328,,Point(11.13957 49.35561),11.818,49.35561,11.13957,1,http://www.wikidata.org/entity/Q543654,Neues Rathaus Schwabacher Straße 6,Rathaus,,D,blue
5681,http://www.wikidata.org/entity/Q108056430,,Point(11.12759 49.34707),12.42,49.34707,11.12759,1,http://www.wikidata.org/entity/Q108325,Kapelle Zur Heiligen Familie in Sorg,chapel,,D,blue
5682,http://www.wikidata.org/entity/Q108056479,,Point(11.14636 49.35389),12.188,49.35389,11.14636,1,http://www.wikidata.org/entity/Q16970,St. Nikolaus,church building,,D,blue
5683,http://www.wikidata.org/entity/Q108082974,,Point(11.17153 49.36335),12.157,49.36335,11.17153,1,http://www.wikidata.org/entity/Q39614,Friedhof Feuchter Straße,cemetery,,D,blue
5684,http://www.wikidata.org/entity/Q108106698,,Point(11.18099 49.36289),12.594,49.36289,11.18099,1,http://www.wikidata.org/entity/Q992794,Quellkammer beim Schloss Kugelhammer,spring box,,D,blue
5685,http://www.wikidata.org/entity/Q108112781,,Point(11.17921 49.36195),12.603,49.36195,11.17921,1,http://www.wikidata.org/entity/Q193110,Radwiese,floodplain,,D,blue
5686,http://www.wikidata.org/entity/Q108195076,,Point(11.15273 49.34177),13.607,49.34177,11.15273,1,http://www.wikidata.org/entity/Q2309609,Flurkreuz,wayside cross,,D,blue
5687,http://www.wikidata.org/entity/Q108207737,,Point(11.08564 49.33419),13.321,49.33419,11.08564,1,http://www.wikidata.org/entity/Q185187,Mühle,watermill,,D,blue
5688,http://www.wikidata.org/entity/Q108234276,,Point(11.15898 49.35936),12.056,49.35936,11.15898,1,http://www.wikidata.org/entity/Q4989906,Denkmal St. Wolfgang,monument,,D,blue
5689,http://www.wikidata.org/entity/Q108236974,,Point(11.16768 49.36277),12.057,49.36277,11.16768,1,http://www.wikidata.org/entity/Q1244442,Ehemalige Rathaus Schulstraße 6,school building,,D,blue
5690,http://www.wikidata.org/entity/Q108238942,,Point(11.16799 49.36288),12.059,49.36288,11.16799,1,http://www.wikidata.org/entity/Q11755880,Wohnhaus Am Zehnthof 14,residential building,,D,blue
5691,http://www.wikidata.org/entity/Q108239203,,Point(11.16943 49.3635),12.058,49.3635,11.16943,1,http://www.wikidata.org/entity/Q11734477,Gedenkstein Am Kirchberg 4,memorial stone,,D,blue
5692,http://www.wikidata.org/entity/Q108264925,,Point(11.16609 49.3641),11.87,49.3641,11.16609,1,http://www.wikidata.org/entity/Q11755880,Wohnhaus am Kanal 10,residential building,,D,blue
5693,http://www.wikidata.org/entity/Q108264986,,Point(11.1688 49.36399),11.988,49.36399,11.1688,1,http://www.wikidata.org/entity/Q216842,Steinwalze,road roller,,D,blue
5694,http://www.wikidata.org/entity/Q108265054,,Point(11.16986 49.36285),12.136,49.36285,11.16986,1,http://www.wikidata.org/entity/Q43483,Dorfbrunnen,water well,,D,blue
5695,http://www.wikidata.org/entity/Q108265262,,Point(11.18031 49.36588),12.299,49.36588,11.18031,1,http://www.wikidata.org/entity/Q39614,Neuer Friedhof,cemetery,,D,blue
5696,http://www.wikidata.org/entity/Q108280140,,Point(11.14334 49.35555),11.931,49.35555,11.14334,1,http://www.wikidata.org/entity/Q79007,Hauptstraße,street,,D,blue
5697,http://www.wikidata.org/entity/Q108280253,,Point(11.14454 49.35706),11.813,49.35706,11.14454,1,http://www.wikidata.org/entity/Q11755880,Wohnhaus Fabrikstraße 9,residential building,,D,blue
5698,http://www.wikidata.org/entity/Q108280499,,Point(11.14443 49.3569),11.826,49.3569,11.14443,1,http://www.wikidata.org/entity/Q79007,Fabrikstraße,street,,D,blue
5699,http://www.wikidata.org/entity/Q108280568,,Point(11.14386 49.35614),11.886,49.35614,11.14386,1,http://www.wikidata.org/entity/Q11755880,Wohnhaus Marktstraße 8,residential building,,D,blue
5700,http://www.wikidata.org/entity/Q108280698,,Point(11.14273 49.35683),11.783,49.35683,11.14273,1,http://www.wikidata.org/entity/Q41176,Anwesen Mühlstraße 13,building,,D,blue
5701,http://www.wikidata.org/entity/Q108292677,,Point(11.14254 49.35632),11.829,49.35632,11.14254,1,http://www.wikidata.org/entity/Q79007,Mühlstraße,street,,D,blue
5702,http://www.wikidata.org/entity/Q108292759,,Point(11.14331 49.35718),11.764,49.35718,11.14331,1,http://www.wikidata.org/entity/Q1411996,Flusskraftwerk Mühlstraße 25,run-of-river hydroelectric power station,,D,blue
5703,http://www.wikidata.org/entity/Q108292798,,Point(11.14292 49.35486),11.989,49.35486,11.14292,1,http://www.wikidata.org/entity/Q11755880,Wohnhaus Untere Rathausgasse 8,residential building,,D,blue
5704,http://www.wikidata.org/entity/Q108292886,,Point(11.1436 49.35733),11.758,49.35733,11.1436,1,http://www.wikidata.org/entity/Q3771516,Schwarzachsteg Mühlstraße,gangway,,D,blue
5705,http://www.wikidata.org/entity/Q108292987,,Point(11.14145 49.35722),11.706,49.35722,11.14145,1,http://www.wikidata.org/entity/Q11755880,Wohnhaus Nürnberger Straße 13,residential building,,D,blue
5706,http://www.wikidata.org/entity/Q108293088,,Point(11.14192 49.3578),11.661,49.3578,11.14192,1,http://www.wikidata.org/entity/Q256020,Gasthaus Nürnberger Straße 19,inn,,D,blue
5707,http://www.wikidata.org/entity/Q108302781,,Point(11.14451 49.35622),11.897,49.35622,11.14451,1,http://www.wikidata.org/entity/Q79007,Kirchenstraße,street,,D,blue
5708,http://www.wikidata.org/entity/Q108695534,,Point(11.19422 49.42035),9.239,49.42035,11.19422,1,http://www.wikidata.org/entity/Q751876,Q108695534,château,,D,blue
5709,http://www.wikidata.org/entity/Q109422044,,Point(10.93115 49.46767),10.673,49.46767,10.93115,1,http://www.wikidata.org/entity/Q15115254,Steinbruch im Katzenstein,stone quarry,,D,blue
5711,http://www.wikidata.org/entity/Q109422723,,Point(10.92359 49.46974),11.247,49.46974,10.92359,1,http://www.wikidata.org/entity/Q15115254,Steinbruch am Trinkwasserhochbehälter,stone quarry,,D,blue
5713,http://www.wikidata.org/entity/Q109436062,,Point(10.92125 49.47273),11.47,49.47273,10.92125,1,http://www.wikidata.org/entity/Q15115254,Steinbruch am Krummweg,stone quarry,,D,blue
5715,http://www.wikidata.org/entity/Q109436688,,Point(10.93023 49.46189),10.667,49.46189,10.93023,1,http://www.wikidata.org/entity/Q15115254,Steinbruch in den Weiherhofer Hängen,stone quarry,,D,blue
5718,http://www.wikidata.org/entity/Q110252157,,Point(10.92286 49.46972),11.299,49.46972,10.92286,1,http://www.wikidata.org/entity/Q182676,Fürther und Zirndorfer Stadtwald,mountain hut,,D,blue
5719,http://www.wikidata.org/entity/Q110267533,,Point(10.91564 49.47483),11.912,49.47483,10.91564,1,http://www.wikidata.org/entity/Q372363,Steinbruch im Winterrangen mit Kanzel und alter Schmiede,geotope,,D,blue
5722,http://www.wikidata.org/entity/Q110267573,,Point(10.98787 49.44102),6.621,49.44102,10.98787,1,http://www.wikidata.org/entity/Q21573182,Eiche an der Schwefelquelle,natural monument in Germany,,D,blue
5724,http://www.wikidata.org/entity/Q110267630,,Point(10.95504 49.52438),11.808,49.52438,10.95504,1,http://www.wikidata.org/entity/Q21573182,Siebzehn Eichen,natural monument in Germany,,D,blue
5726,http://www.wikidata.org/entity/Q110407881,,Point(11.1958 49.41418),9.639,49.41418,11.1958,1,http://www.wikidata.org/entity/Q12280,Röthenbacher Brücklein,bridge,,D,blue
5727,http://www.wikidata.org/entity/Q110463311,,Point(10.992222 49.480194),6.809,49.480194,10.992222,1,http://www.wikidata.org/entity/Q12280,Ludwigsbrücke,bridge,,D,blue
5728,http://www.wikidata.org/entity/Q110470691,,Point(11.07365 49.58875),14.999,49.58875,11.07365,1,http://www.wikidata.org/entity/Q11734477,Ludwig-Zündt-Stein,memorial stone,,D,blue
5729,http://www.wikidata.org/entity/Q110470904,,Point(11.05382 49.5598),11.899,49.5598,11.05382,1,http://www.wikidata.org/entity/Q15115254,Kleiner Steinbruch am Wildgehege,stone quarry,,D,blue
5730,http://www.wikidata.org/entity/Q110594715,,Point(10.91825 49.47313),11.691,49.47313,10.91825,1,http://www.wikidata.org/entity/Q110594726,Ehemalige Feldschmiede,Q110594726,,D,blue
5731,http://www.wikidata.org/entity/Q110595253,,Point(11.03126 49.4164),5.333,49.4164,11.03126,1,http://www.wikidata.org/entity/Q1640496,Steinkreuz Nikodemuskirche,conciliation cross,,D,blue
5732,http://www.wikidata.org/entity/Q110677477,,Point(11.18582 49.42292),8.568,49.42292,11.18582,1,http://www.wikidata.org/entity/Q107425,Bauernfeld,landscape,,D,blue
5733,http://www.wikidata.org/entity/Q110813972,,Point(11.04791 49.51228),6.833,49.51228,11.04791,1,http://www.wikidata.org/entity/Q11755880,Q110813972,residential building,,D,blue
5734,http://www.wikidata.org/entity/Q110943684,,Point(11.06443 49.4555),0.948,49.4555,11.06443,1,http://www.wikidata.org/entity/Q41176,Mietswohnhaus Kleinweidenmühle 1 in Nürnberg,building,,D,blue
5735,http://www.wikidata.org/entity/Q110943685,,Point(11.04011 49.45559),2.695,49.45559,11.04011,1,http://www.wikidata.org/entity/Q317557,"Pfarrkirche Fürther Straße 157, Fürther Straße 159 in Nürnberg",parish church,,D,blue
5736,http://www.wikidata.org/entity/Q110946090,,Point(11.111056 49.50374),6.057,49.50374,11.111056,1,http://www.wikidata.org/entity/Q1244442,Schulhaus Kalchreuther Straße 130 in Nürnberg,school building,,D,blue
5737,http://www.wikidata.org/entity/Q110946091,,Point(11.05442 49.51147),6.614,49.51147,11.05442,1,http://www.wikidata.org/entity/Q19833158,"Aussegnungshalle Lachfelderstraße 14, Lachfelderstraße 16 in Nürnberg",funeral parlour,,D,blue
5738,http://www.wikidata.org/entity/Q110961711,,Point(11.05438 49.34909),11.768,49.34909,11.05438,1,http://www.wikidata.org/entity/Q1066997,Rednitzwehr bei Katzwang,weir,,D,blue
5739,http://www.wikidata.org/entity/Q111029091,,Point(11.062055555 49.458847222),1.233,49.458847222222,11.062055555556,1,http://www.wikidata.org/entity/Q173387,Grave of Albrecht Dürer,grave,,D,blue
5740,http://www.wikidata.org/entity/Q111082151,,Point(11.0448209 49.34014335),12.862,49.458849975858,9.2116239025408,1,http://www.wikidata.org/entity/Q285852,Q111082151,volunteer fire department,,D,blue
5742,http://www.wikidata.org/entity/Q111187871,,Point(11.2609 49.41375),14.006,49.41375,11.2609,1,http://www.wikidata.org/entity/Q509028,Bighorn Ranch,ranch,,D,blue
5743,http://www.wikidata.org/entity/Q111187901,,Point(11.2596 49.41358),13.923,49.41358,11.2596,1,http://www.wikidata.org/entity/Q2309609,Flurkreuz Birnthon,wayside cross,,D,blue
5745,http://www.wikidata.org/entity/Q111532252,,Point(11.1688762 49.4702802),6.865,49.4702802,11.1688762,1,http://www.wikidata.org/entity/Q1411996,Wasserkraftwerk Hammer,run-of-river hydroelectric power station,,D,blue
5746,http://www.wikidata.org/entity/Q112827657,,Point(11.032225 49.380868),8.748,49.380868,11.032225,1,http://www.wikidata.org/entity/Q15976349,"Organ of the lutheran St. Philip's Church, Reichelsdorf, Nuremberg, Bavaria, Germany",church organ,,D,blue
5747,http://www.wikidata.org/entity/Q112947156,,Point(11.021657 49.329231),14.432,49.329231,11.021657,1,http://www.wikidata.org/entity/Q15976349,"Organ of the protestant Town Church St. John and St. Martin, Schwabach, Bavaria, Germany",church organ,,D,blue
5748,http://www.wikidata.org/entity/Q112995964,,Point(11.021528 49.435985),4.496,49.435985,11.021528,1,http://www.wikidata.org/entity/Q15976349,"Organ of the protestant Thomas' Church Großreuth, Schweinau, Nuremberg, Bavaria, Germany",church organ,,D,blue
5749,http://www.wikidata.org/entity/Q113054323,,Point(11.078788 49.451084),0.328,49.451084,11.078788,1,http://www.wikidata.org/entity/Q15976349,"St. Lawrences Organ of the lutheran Bishop Church St. Lawrence in Nuremberg, Bavaria, Germany",church organ,,D,blue
5750,http://www.wikidata.org/entity/Q113087287,,Point(11.079107 49.450952),0.35,49.450952,11.079107,1,http://www.wikidata.org/entity/Q15976349,"St. Stephen's Organ of St. Lawrence's Church (Stephanusorgel), Nuremburg, Germany",church organ,,D,blue
5751,http://www.wikidata.org/entity/Q113561972,,Point(11.03028 49.55198),11.425,49.55198,11.03028,1,http://www.wikidata.org/entity/Q1759852,Tennenlohe sculpture garden,sculpture garden,,D,blue
5752,http://www.wikidata.org/entity/Q113562043,,Point(11.0334 49.5534),11.511,49.5534,11.0334,1,http://www.wikidata.org/entity/Q2293148,Tennenlohe sculpture path,sculpture trail,,D,blue
5757,http://www.wikidata.org/entity/Q114736721,,Point(10.8979896 49.4263279),13.321,49.4263279,10.8979896,1,http://www.wikidata.org/entity/Q65464941,Weinzierlein,former railway stop,,D,blue
5758,http://www.wikidata.org/entity/Q114972035,,Point(11.201925 49.469892),9.181,49.469892,11.201925,1,http://www.wikidata.org/entity/Q16970,St. Paul,church building,,D,blue
5759,http://www.wikidata.org/entity/Q115095034,,Point(11.108156 49.5051015),6.117,49.5051015,11.108156,1,http://www.wikidata.org/entity/Q65464941,Nürnberg-Buchenbühl,former railway stop,,D,blue
5761,http://www.wikidata.org/entity/Q115253716,,Point(10.990590248 49.436350424),6.564,49.436350424742,10.990590248885,1,http://www.wikidata.org/entity/Q1210334,Rednitz railway bridge,railway bridge,,D,blue
5762,http://www.wikidata.org/entity/Q115787829,,Point(10.965766 49.563803),14.637,49.563803,10.965766,1,http://www.wikidata.org/entity/Q65227640,Frauenaurach,staff halt,,D,blue
5763,http://www.wikidata.org/entity/Q115787912,,Point(10.9522789 49.5593776),14.802,49.5593776,10.9522789,1,http://www.wikidata.org/entity/Q65464941,Kriegenbrunn,former railway stop,,D,blue
5765,http://www.wikidata.org/entity/Q116317109,,Point(10.95827 49.42099),9.351,49.42099,10.95827,1,http://www.wikidata.org/entity/Q253019,Oberasbach,Ortsteil,,D,blue
5767,http://www.wikidata.org/entity/Q116458092,,Point(11.1444598 49.3593068),11.583,49.3593068,11.1444598,1,http://www.wikidata.org/entity/Q4663385,Wendelstein,former railway station,,D,blue
5768,http://www.wikidata.org/entity/Q116835996,,Point(11.079700061 49.448660338),0.605,49.448660338598,11.079700061732,1,http://www.wikidata.org/entity/Q860861,Hiob,sculpture,,D,blue
5769,http://www.wikidata.org/entity/Q116837994,,Point(11.073992991 49.451131215),0.387,49.451131215784,11.07399299147,1,http://www.wikidata.org/entity/Q860861,Q116837994,sculpture,,D,blue
5770,http://www.wikidata.org/entity/Q116838116,,Point(11.079203182 49.449394465),0.517,49.449394465431,11.07920318253,1,http://www.wikidata.org/entity/Q483453,Hennenbrunnen,fountain,,D,blue
5772,http://www.wikidata.org/entity/Q117210395,,Point(11.103638 49.472552),2.817,49.472552,11.103638,1,http://www.wikidata.org/entity/Q811979,Q117210395,architectural structure,,D,blue
5774,http://www.wikidata.org/entity/Q117336700,,Point(10.9893626 49.4772475),6.865,49.4772475,10.9893626,1,http://www.wikidata.org/entity/Q253019,Fürth,Ortsteil,,D,blue
5777,http://www.wikidata.org/entity/Q117337469,,Point(11.0195132 49.3295535),14.442,49.3295535,11.0195132,1,http://www.wikidata.org/entity/Q253019,Schwabach,Ortsteil,,D,blue
5779,http://www.wikidata.org/entity/Q117728980,,Point(11.1326899 49.5582463),12.275,49.5582463,11.1326899,1,http://www.wikidata.org/entity/Q253019,Kalchreuth,Ortsteil,,D,blue
5781,http://www.wikidata.org/entity/Q117729508,,Point(10.9560462 49.445762),8.811,49.445762,10.9560462,1,http://www.wikidata.org/entity/Q253019,Zirndorf,Ortsteil,,D,blue
5783,http://www.wikidata.org/entity/Q119613502,,Point(11.09004 49.453),0.926,49.453,11.09004,1,http://www.wikidata.org/entity/Q108325,Q119613502,chapel,,D,blue
5784,http://www.wikidata.org/entity/Q120484406,,Point(11.026303 49.43637),4.169,49.43637,11.026303,1,http://www.wikidata.org/entity/Q16970,Q120484406,church building,,D,blue
5785,http://www.wikidata.org/entity/Q120513863,,Point(11.062520104 49.458640602),1.192,49.458640602463,11.06252010453,1,http://www.wikidata.org/entity/Q108325,Kapelle Johannisstraße 59 in Nürnberg,chapel,,D,blue
5797,http://www.wikidata.org/entity/Q120514114,,Point(10.989823336 49.547333525),12.161,49.547333525826,10.989823336402,1,http://www.wikidata.org/entity/Q16970,Q120514114,church building,,D,blue
5798,http://www.wikidata.org/entity/Q122965359,,Point(11.07799 49.45067),0.36,49.45067,11.07799,1,http://www.wikidata.org/entity/Q2566047,Q122965359,Meteorological column,,D,blue
5799,http://www.wikidata.org/entity/Q123048229,,Point(11.079304046 49.446929159),0.785,49.446929159561,11.079304046139,1,http://www.wikidata.org/entity/Q860861,Q123048229,sculpture,,D,blue
5800,http://www.wikidata.org/entity/Q123907457,,Point(11.0032 49.5333),10.326,49.5333,11.0032,1,http://www.wikidata.org/entity/Q23397,Schwemmweiher,lake,,D,blue
5801,http://www.wikidata.org/entity/Q124366280,,Point(11.032057 49.381335),8.704,49.381335,11.032057,1,http://www.wikidata.org/entity/Q16970,St. Philip's Church,church building,,D,blue
5802,http://www.wikidata.org/entity/Q124751841,,Point(10.98005 49.50835),9.276,49.50835,10.98005,1,http://www.wikidata.org/entity/Q79007,Q124751841,street,,D,blue
5803,http://www.wikidata.org/entity/Q124751847,,Point(11.00394 49.49433),6.952,49.49433,11.00394,1,http://www.wikidata.org/entity/Q79007,Q124751847,street,,D,blue
5804,http://www.wikidata.org/entity/Q124751853,,Point(11.00168 49.49595),7.193,49.49595,11.00168,1,http://www.wikidata.org/entity/Q79007,Q124751853,street,,D,blue
5805,http://www.wikidata.org/entity/Q124751861,,Point(10.96182 49.51038),10.443,49.51038,10.96182,1,http://www.wikidata.org/entity/Q152810,Q124751861,landfill,,D,blue
5807,http://www.wikidata.org/entity/Q124751876,,Point(10.99654 49.50301),7.993,49.50301,10.99654,1,http://www.wikidata.org/entity/Q537127,Q124751876,road bridge,,D,blue
5808,http://www.wikidata.org/entity/Q124751886,,Point(11.0061 49.4922),6.68,49.4922,11.0061,1,http://www.wikidata.org/entity/Q79007,Q124751886,street,,D,blue
5809,http://www.wikidata.org/entity/Q124751892,,Point(11.00742 49.47925),5.784,49.47925,11.00742,1,http://www.wikidata.org/entity/Q105501780,Q124751892,pedestrian and bicycle bridge,,D,blue
5810,http://www.wikidata.org/entity/Q124751918,,Point(10.985 49.50491),8.756,49.50491,10.985,1,http://www.wikidata.org/entity/Q1518285,Q124751918,Protected landscape component,,D,blue
5811,http://www.wikidata.org/entity/Q124751930,,Point(11.00271 49.47287),5.789,49.47287,11.00271,1,http://www.wikidata.org/entity/Q105501780,Q124751930,pedestrian and bicycle bridge,,D,blue
5812,http://www.wikidata.org/entity/Q124751978,,Point(10.97514 49.50866),9.569,49.50866,10.97514,1,http://www.wikidata.org/entity/Q79007,Q124751978,street,,D,blue
5813,http://www.wikidata.org/entity/Q124751987,,Point(10.9953 49.5028),8.043,49.5028,10.9953,1,http://www.wikidata.org/entity/Q23011975,Q124751987,paved road outside of settlements,,D,blue
5814,http://www.wikidata.org/entity/Q124751996,,Point(10.96437 49.51386),10.537,49.51386,10.96437,1,http://www.wikidata.org/entity/Q537127,Q124751996,road bridge,,D,blue
5816,http://www.wikidata.org/entity/Q125421259,,Point(11.04173 49.45596),2.581,49.45596,11.04173,1,http://www.wikidata.org/entity/Q17297633,Q125421259,architectural heritage monument in Bavaria,,D,blue
5818,http://www.wikidata.org/entity/Q126480627,,Point(11.1054 49.4513),2.051,49.4513,11.1054,1,http://www.wikidata.org/entity/Q1498804,Q126480627,multifamily residential,,D,blue
5821,http://www.wikidata.org/entity/Q126726827,,Point(11.0924 49.462),1.417,49.462,11.0924,1,http://www.wikidata.org/entity/Q1021645,Q126726827,office building,,D,blue
5822,http://www.wikidata.org/entity/Q126840086,,Point(11.200525 49.469741),9.079,49.469741,11.200525,1,http://www.wikidata.org/entity/Q16970,Thomaskirche,church building,,D,blue
5823,http://www.wikidata.org/entity/Q130323859,,Point(10.989855 49.478706),6.896,49.478706,10.989855,1,http://www.wikidata.org/entity/Q19688772,FürthWiki-Laden,Wikimedia regional meeting place,,D,blue
5824,http://www.wikidata.org/entity/Q130632721,,Point(11.0797 49.4406),1.486,49.4406,11.0797,1,http://www.wikidata.org/entity/Q216107,Q130632721,department store,,D,blue
5826,http://www.wikidata.org/entity/Q131139266,,Point(10.981251 49.47558),7.348,49.47558,10.981251,1,http://www.wikidata.org/entity/Q3947,Q131139266,house,,D,blue
5827,http://www.wikidata.org/entity/Q131404780,,Point(11.08031 49.44312),1.215,49.44312,11.08031,1,http://www.wikidata.org/entity/Q1577547,Q131404780,revenue house,,D,blue
5829,http://www.wikidata.org/entity/Q131585266,,Point(11.03289 49.4654),3.456,49.4654,11.03289,1,http://www.wikidata.org/entity/Q1210334,Railway bridge Schnieglinger Straße,railway bridge,,D,blue
5830,http://www.wikidata.org/entity/Q131604957,,Point(11.11166 49.47628),3.518,49.47628,11.11166,1,http://www.wikidata.org/entity/Q1021645,Ehemaliges Verwaltungsgebäude Klingenhofstraße 52,office building,,D,blue
5831,http://www.wikidata.org/entity/Q131607128,,Point(11.110622 49.503879),6.059,49.503879,11.110622,1,http://www.wikidata.org/entity/Q1244442,Turnhalle Kalchreuther Straße 130 in Nürnberg,school building,,D,blue
5832,http://www.wikidata.org/entity/Q131620384,,Point(11.139221 49.450117),4.495,49.450117,11.139221,1,http://www.wikidata.org/entity/Q29527347,Bronzeplastiken Am Triergarten 30,figure,,D,blue
5833,http://www.wikidata.org/entity/Q131626732,,Point(11.13785 49.40386),7.078,49.40386,11.13785,1,http://www.wikidata.org/entity/Q41176,Verwaltungs- und Bürogebäude Reinerzer Straße 16 in Nuremberg,building,,D,blue
5834,http://www.wikidata.org/entity/Q131682099,,Point(11.05571 49.4469),1.742,49.4469,11.05571,1,http://www.wikidata.org/entity/Q811165,Q131682099,architectural heritage monument,,D,blue
5836,http://www.wikidata.org/entity/Q131825432,,Point(11.0926751 49.3869195),7.527,49.3869195,11.0926751,1,http://www.wikidata.org/entity/Q1550436,Q131825432,gatehouse,,D,blue
5837,http://www.wikidata.org/entity/Q131828622,,Point(11.0924273 49.3874103),7.47,49.3874103,11.0924273,1,http://www.wikidata.org/entity/Q1308315,Q131828622,inlet structure,,D,blue
5838,http://www.wikidata.org/entity/Q133551093,,Point(11.0021088 49.4820931),6.274,49.4820931,11.0021088,1,http://www.wikidata.org/entity/Q149566,Q133551093,middle school,,D,blue
5840,http://www.wikidata.org/entity/Q133858325,,Point(11.11067 49.4637),2.648,49.4637,11.11067,1,http://www.wikidata.org/entity/Q8502,Q133858325,mountain,,D,blue
5841,http://www.wikidata.org/entity/Q133893969,,Point(11.0764 49.4584),0.508,49.4584,11.0764,1,http://www.wikidata.org/entity/Q81839,Q133893969,roundel bastion,,D,blue
5843,http://www.wikidata.org/entity/Q133894050,,Point(11.07582 49.45852),0.528,49.45852,11.07582,1,http://www.wikidata.org/entity/Q12280,Q133894050,bridge,,D,blue
5844,http://www.wikidata.org/entity/Q133894155,,Point(11.0768 49.45767),0.424,49.45767,11.0768,1,http://www.wikidata.org/entity/Q174782,Q133894155,square,,D,blue
5845,http://www.wikidata.org/entity/Q133894330,,Point(11.07699 49.45786),0.444,49.45786,11.07699,1,http://www.wikidata.org/entity/Q811165,Q133894330,architectural heritage monument,,D,blue
5848,http://www.wikidata.org/entity/Q134124345,,Point(11.07974 49.45226),0.252,49.45226,11.07974,1,http://www.wikidata.org/entity/Q811165,Q134124345,architectural heritage monument,,D,blue
5849,http://www.wikidata.org/entity/Q134485743,,Point(11.08036 49.44381),1.14,49.44381,11.08036,1,http://www.wikidata.org/entity/Q860861,Portrait of man and woman,sculpture,,D,blue
5850,http://www.wikidata.org/entity/Q134621744,,Point(10.9885 49.480055555),7.046,49.480055555556,10.9885,1,http://www.wikidata.org/entity/Q211775,Pulpit of St. Michael (Fürth),pulpit,,D,blue
5851,http://www.wikidata.org/entity/Q134621767,,Point(10.9885 49.480055555),7.046,49.480055555556,10.9885,1,http://www.wikidata.org/entity/Q932698,Tabernacle of St. Michael (Fürth),tabernacle tower,,D,blue
5852,http://www.wikidata.org/entity/Q134692977,,Point(11.061180555 49.459061111),1.3,49.459061111111,11.061180555556,1,http://www.wikidata.org/entity/Q211775,Pulpit of St. Johannis (Nürnberg),pulpit,,D,blue
5853,http://www.wikidata.org/entity/Q134693051,,Point(11.061111111 49.459166666),1.31,49.459166666667,11.061111111111,1,http://www.wikidata.org/entity/Q178743,Memorial stele of Wolfgang Münzer,stele,,D,blue
5854,http://www.wikidata.org/entity/Q134962662,,Point(11.08395 49.44311),1.29,49.44311,11.08395,1,http://www.wikidata.org/entity/Q149566,Q134962662,middle school,,D,blue
5855,http://www.wikidata.org/entity/Q134983187,,Point(11.07208 49.45395),0.377,49.45395,11.07208,1,http://www.wikidata.org/entity/Q185187,Q134983187,watermill,,D,blue
5856,http://www.wikidata.org/entity/Q135102636,,Point(11.07332 49.4534),0.292,49.4534,11.07332,1,http://www.wikidata.org/entity/Q811165,Pegnitzarmüberbrückung am Henkersturm (Nürnberg),architectural heritage monument,,D,blue
5859,http://www.wikidata.org/entity/Q135103757,,Point(11.07364 49.45073),0.438,49.45073,11.07364,1,http://www.wikidata.org/entity/Q655686,Q135103757,commercial building,,D,blue
5861,http://www.wikidata.org/entity/Q135116359,,Point(11.07817 49.45008),0.426,49.45008,11.07817,1,http://www.wikidata.org/entity/Q79007,Q135116359,street,,D,blue
5862,http://www.wikidata.org/entity/Q135156448,,Point(11.07284 49.44718),0.811,49.44718,11.07284,1,http://www.wikidata.org/entity/Q135156408,Q135156448,Q135156408,,D,blue
5863,http://www.wikidata.org/entity/Q135180810,,Point(11.07104 49.44665),0.922,49.44665,11.07104,1,http://www.wikidata.org/entity/Q2519340,Q135180810,administrative building,,D,blue
5864,http://www.wikidata.org/entity/Q135180871,,Point(11.06621 49.44902),0.966,49.44902,11.06621,1,http://www.wikidata.org/entity/Q135156408,Q135180871,Q135156408,,D,blue
5865,http://www.wikidata.org/entity/Q135189344,,Point(11.07448 49.45346),0.209,49.45346,11.07448,1,http://www.wikidata.org/entity/Q811165,Q135189344,architectural heritage monument,,D,blue
5867,http://www.wikidata.org/entity/Q135189368,,Point(11.07458 49.4527),0.236,49.4527,11.07458,1,http://www.wikidata.org/entity/Q811165,Q135189368,architectural heritage monument,,D,blue
5869,http://www.wikidata.org/entity/Q135189425,,Point(11.07188 49.45371),0.392,49.45371,11.07188,1,http://www.wikidata.org/entity/Q1066997,Q135189425,weir,,D,blue
5870,http://www.wikidata.org/entity/Q135191227,,Point(11.077 49.45848),0.513,49.45848,11.077,1,http://www.wikidata.org/entity/Q135156408,Q135191227,Q135156408,,D,blue
5871,http://www.wikidata.org/entity/Q135202563,,Point(11.08552 49.45951),0.864,49.45951,11.08552,1,http://www.wikidata.org/entity/Q135156408,Q135202563,Q135156408,,D,blue
5872,http://www.wikidata.org/entity/Q135221972,,Point(11.08086 49.4523),0.311,49.4523,11.08086,1,http://www.wikidata.org/entity/Q81917,Q135221972,fortified tower,,D,blue
5874,http://www.wikidata.org/entity/Q135237692,,Point(11.07394 49.455508),0.303,49.455508,11.07394,1,http://www.wikidata.org/entity/Q75762,Plaque to Leopold Einstein,Zamenhof-Esperanto object,,D,blue
5876,http://www.wikidata.org/entity/Q135240885,,Point(11.0976 49.45219),1.479,49.45219,11.0976,1,http://www.wikidata.org/entity/Q79007,Q135240885,street,,D,blue
5877,http://www.wikidata.org/entity/Q135446730,,Point(11.07891 49.44959),0.49,49.44959,11.07891,1,http://www.wikidata.org/entity/Q245117,Q135446730,relief sculpture,,D,blue
5878,http://www.wikidata.org/entity/Q135446791,,Point(11.07812 49.45056),0.373,49.45056,11.07812,1,http://www.wikidata.org/entity/Q860861,Q135446791,sculpture,,D,blue
5879,http://www.wikidata.org/entity/Q135446826,,Point(11.07754 49.45235),0.17,49.45235,11.07754,1,http://www.wikidata.org/entity/Q245117,Q135446826,relief sculpture,,D,blue
5880,http://www.wikidata.org/entity/Q135446868,,Point(11.07817 49.4529),0.125,49.4529,11.07817,1,http://www.wikidata.org/entity/Q860861,Q135446868,sculpture,,D,blue
5881,http://www.wikidata.org/entity/Q135446894,,Point(11.07817 49.4529),0.125,49.4529,11.07817,1,http://www.wikidata.org/entity/Q721747,Q135446894,commemorative plaque,,D,blue
5882,http://www.wikidata.org/entity/Q135446904,,Point(11.078827 49.453256),0.13,49.453256,11.078827,1,http://www.wikidata.org/entity/Q483453,Q135446904,fountain,,D,blue
5883,http://www.wikidata.org/entity/Q135451462,,Point(11.07186 49.45648),0.488,49.45648,11.07186,1,http://www.wikidata.org/entity/Q2519148,Q135451462,monument or memorial to the Heimatvertriebene,,D,blue
5884,http://www.wikidata.org/entity/Q135457695,,Point(11.07523 49.453),0.178,49.453,11.07523,1,http://www.wikidata.org/entity/Q860861,Q135457695,sculpture,,D,blue
5885,http://www.wikidata.org/entity/Q135457740,,Point(11.07774 49.45717),0.368,49.45717,11.07774,1,http://www.wikidata.org/entity/Q99516640,Q135457740,wall painting,,D,blue
5886,http://www.wikidata.org/entity/Q135458532,,Point(11.07972 49.45327),0.187,49.45327,11.07972,1,http://www.wikidata.org/entity/Q721747,Q135458532,commemorative plaque,,D,blue
5887,http://www.wikidata.org/entity/Q135487854,,Point(11.07439 49.45749),0.454,49.45749,11.07439,1,http://www.wikidata.org/entity/Q860861,Q135487854,sculpture,,D,blue
5888,http://www.wikidata.org/entity/Q135487902,,Point(11.07761 49.45425),0.048,49.45425,11.07761,1,http://www.wikidata.org/entity/Q860861,Q135487902,sculpture,,D,blue
5889,http://www.wikidata.org/entity/Q135579885,,Point(11.036354 49.435985),3.566,49.435985,11.036354,1,http://www.wikidata.org/entity/Q26877561,Q135579885,Technisches Hilfswerk Ortsverband,,D,blue
5890,http://www.wikidata.org/entity/Q135848548,,Point(10.9775104 49.4802274),7.783,49.4802274,10.9775104,1,http://www.wikidata.org/entity/Q135877385,Q135848548,Persil clock,,D,blue
5891,http://www.wikidata.org/entity/Q135906375,,Point(11.09489 49.45519),1.28,49.45519,11.09489,1,http://www.wikidata.org/entity/Q79007,Q135906375,street,,D,blue
5892,http://www.wikidata.org/entity/Q135939226,,Point(10.990797222 49.472438888),6.583,49.472438888889,10.990797222222,1,http://www.wikidata.org/entity/Q174782,Fürther Freiheit,square,,D,blue
5893,http://www.wikidata.org/entity/Q135940367,,Point(10.9905 49.470555555),6.541,49.470555555556,10.9905,1,http://www.wikidata.org/entity/Q174782,Bahnhofplatz,square,,D,blue
5894,http://www.wikidata.org/entity/Q136311593,,Point(10.991902 49.460427),6.215,49.460427,10.991902,1,http://www.wikidata.org/entity/Q41176,Steubenstraße 27,building,,D,blue
5895,http://www.wikidata.org/entity/Q113633473,https://de.wikipedia.org/wiki/Freimaurerloge_Zur_Wahrheit_und_Freundschaft,Point(10.984963921 49.469208211),6.887,49.46920821113,10.984963921909,1,http://www.wikidata.org/entity/Q1454597,Lodge Zur Wahrheit und Freundschaft,Masonic Lodge,,D,blue
5898,http://www.wikidata.org/entity/Q117336302,https://de.wikipedia.org/wiki/Bahnhof_N%C3%BCrnberg_Gro%C3%9Fmarkt,Point(11.018566 49.446858),4.316,49.446858,11.018566,1,http://www.wikidata.org/entity/Q55493,Nürnberg-Großmarkt,goods station,,D,blue
5900,http://www.wikidata.org/entity/Q119061226,https://de.wikipedia.org/wiki/Siemens_Campus_Erlangen,Point(11.0075 49.574166666),14.293,49.574166666667,11.0075,1,http://www.wikidata.org/entity/Q170584,Q119061226,project,,D,blue
5901,http://www.wikidata.org/entity/Q119445751,https://de.wikipedia.org/wiki/Oberdeutenbach,Point(11.00472 49.39905),8.044,49.39905,11.00472,1,http://www.wikidata.org/entity/Q253019,Q119445751,Ortsteil,,D,blue
5902,http://www.wikidata.org/entity/Q119448025,https://de.wikipedia.org/wiki/Unterdeutenbach,Point(11.00781 49.40154),7.688,49.40154,11.00781,1,http://www.wikidata.org/entity/Q253019,Q119448025,Ortsteil,,D,blue
5903,http://www.wikidata.org/entity/Q119507166,https://de.wikipedia.org/wiki/Hinterhof_(N%C3%BCrnberg),Point(11.06038 49.39509),6.649,49.39509,11.06038,1,http://www.wikidata.org/entity/Q350895,Q119507166,abandoned village,,D,blue
5904,http://www.wikidata.org/entity/Q120213216,https://de.wikipedia.org/wiki/Br%C3%BCnnelgraben,Point(11.107897222 49.394033333),7.012,49.401972222222,11.069580555556,1,http://www.wikidata.org/entity/Q355304,Q120213216,watercourse,,D,blue
5908,http://www.wikidata.org/entity/Q128209015,https://de.wikipedia.org/wiki/Pestfriedhof_N%C3%BCrnberg,Point(11.059611111 49.456833333),1.32,49.456833333333,11.059611111111,1,http://www.wikidata.org/entity/Q811979,Q128209015,architectural structure,,D,blue
5910,http://www.wikidata.org/entity/Q130285160,https://de.wikipedia.org/wiki/Banderbach_(Bibert),Point(10.876666666 49.456944444),14.505,49.456944444444,10.876666666667,1,http://www.wikidata.org/entity/Q355304,Q130285160,watercourse,,D,blue
5914,http://www.wikidata.org/entity/Q130337156,https://de.wikipedia.org/wiki/Klingenbuck_(Rangau),Point(10.895555555 49.456111111),13.138,49.456111111111,10.895555555556,1,http://www.wikidata.org/entity/Q8502,Q130337156,mountain,,D,blue
5915,http://www.wikidata.org/entity/Q130484384,https://de.wikipedia.org/wiki/Forst_Kleinschwarzenlohe_(Gemarkung),Point(11.1364 49.3775),9.507,49.3775,11.1364,1,http://www.wikidata.org/entity/Q15974311,Q130484384,unincorporated area in Germany,,D,blue
5918,http://www.wikidata.org/entity/Q108063579,https://de.wikipedia.org/wiki/Sportpark_Valznerweiher,Point(11.131031607 49.436121539),4.357,49.436121539315,11.131031607254,1,http://www.wikidata.org/entity/Q483110,Sportpark Valznerweiher,stadium,,D,blue
5919,http://www.wikidata.org/entity/Q108330756,https://de.wikipedia.org/wiki/Halle_am_Tillypark,Point(11.036944444 49.433055555),3.724,49.433055555556,11.036944444444,1,http://www.wikidata.org/entity/Q811979,Halle am Tillypark,architectural structure,,D,blue
5921,http://www.wikidata.org/entity/Q110264319,https://de.wikipedia.org/wiki/Zwieselbach_(Rednitz),Point(11.038283333 49.363844444),10.4,49.380469444444,10.918808333333,1,http://www.wikidata.org/entity/Q355304,Q110264319,watercourse,,D,blue
5925,http://www.wikidata.org/entity/Q110665671,https://de.wikipedia.org/wiki/SRH_Wilhelm_L%C3%B6he_Hochschule_F%C3%BCrth,Point(10.99784 49.45966),5.779,49.45966,10.99784,1,http://www.wikidata.org/entity/Q902104,SRH University Campus Fürth,private university,,D,blue
5927,http://www.wikidata.org/entity/Q112041303,https://de.wikipedia.org/wiki/Klinik_f%C3%BCr_Psychiatrie_und_Psychotherapie_F%C3%BCrth,Point(10.976027777 49.483611111),8.03,49.483611111111,10.976027777778,1,http://www.wikidata.org/entity/Q1774898,Q112041303,clinic,,D,blue
5929,http://www.wikidata.org/entity/Q112185874,https://de.wikipedia.org/wiki/Oberer_Brandgraben,Point(11.154777777 49.408022222),7.575,49.408022222222,11.154777777778,1,http://www.wikidata.org/entity/Q355304,Q112185874,watercourse,,D,blue
5933,http://www.wikidata.org/entity/Q112195006,https://de.wikipedia.org/wiki/Teufelsbackofen_(H%C3%B6hle),Point(11.166138888 49.390688888),9.521,49.390688888889,11.166138888889,1,http://www.wikidata.org/entity/Q35509,Q112195006,cave,,D,blue
5934,http://www.wikidata.org/entity/Q131152847,"https://de.wikipedia.org/wiki/Brunn_(Gemarkung,_N%C3%BCrnberg)",Point(11.254862 49.43956),12.934,49.43956,11.254862,1,http://www.wikidata.org/entity/Q1499928,Q131152847,Gemarkung,,D,blue
5935,http://www.wikidata.org/entity/Q131716716,https://de.wikipedia.org/wiki/Rundkapelle_N%C3%BCrnberg-Altenfurt,Point(11.164344444 49.406769444),8.189,49.406769444444,11.164344444444,1,http://www.wikidata.org/entity/Q108325,St. Johannes und St. Katharina (Altenfurt),chapel,,D,blue
5938,http://www.wikidata.org/entity/Q132855525,https://de.wikipedia.org/wiki/Kristall_Palm_Beach,Point(11.006107 49.406172),7.391,49.406172,11.006107,1,http://www.wikidata.org/entity/Q740326,Kristall Palm Beach,water park,,D,blue
5941,http://www.wikidata.org/entity/Q133329645,https://de.wikipedia.org/wiki/Buchenb%C3%BChl_(Frankenalb),Point(11.12957 49.51165),7.452,49.51165,11.12957,1,http://www.wikidata.org/entity/Q8502,Q133329645,mountain,,D,blue
5942,http://www.wikidata.org/entity/Q134542285,https://de.wikipedia.org/wiki/Pegnitztunnel,Point(11.015 49.4695),4.826,49.4695,11.015,1,http://www.wikidata.org/entity/Q1311958,Q134542285,railway tunnel,,D,blue
5945,http://www.wikidata.org/entity/Q134719965,https://de.wikipedia.org/wiki/Herrensitz_R%C3%B6thenbach_an_der_Pegnitz_II,Point(11.2379607 49.482401),12.035,49.482401,11.2379607,1,http://www.wikidata.org/entity/Q811979,Q134719965,architectural structure,,D,blue
5947,http://www.wikidata.org/entity/Q63256959,https://de.wikipedia.org/wiki/Waldamt_Sebaldi,Point(11.1 49.535555555),9.229,49.535555555556,11.1,1,http://www.wikidata.org/entity/Q1371288,Waldamt Sebaldi,vassal state,,D,blue
5951,http://www.wikidata.org/entity/Q73002262,https://de.wikipedia.org/wiki/Johannisthal_(Heroldsberg),Point(11.1675 49.55276),12.78,49.55276,11.1675,1,http://www.wikidata.org/entity/Q253019,Johannisthal (Heroldsberg),Ortsteil,,D,blue
5954,http://www.wikidata.org/entity/Q76115479,https://de.wikipedia.org/wiki/Laubenmuseum,Point(11.125787 49.405674),6.404,49.405674,11.125787,1,http://www.wikidata.org/entity/Q33506,Laubenmuseum,museum,,D,blue
5955,http://www.wikidata.org/entity/Q76376990,https://de.wikipedia.org/wiki/Deutsches_Taubenmuseum,Point(11.093842 49.403281),5.751,49.403281,11.093842,1,http://www.wikidata.org/entity/Q33506,Q76376990,museum,,D,blue
5956,http://www.wikidata.org/entity/Q76628875,https://de.wikipedia.org/wiki/Heimatmuseum_Neunhof,Point(11.049517 49.518636),7.475,49.518636,11.049517,1,http://www.wikidata.org/entity/Q1595639,Q76628875,local museum,,D,blue
5957,http://www.wikidata.org/entity/Q76628880,https://de.wikipedia.org/wiki/Heimatmuseum_Kornburg,Point(11.099898 49.355957),11.009,49.355957,11.099898,1,http://www.wikidata.org/entity/Q33506,Q76628880,museum,,D,blue
5958,http://www.wikidata.org/entity/Q90421909,https://de.wikipedia.org/wiki/Mahnmal_im_Sportpark_Zerzabelshof,Point(11.12572 49.44633),3.599,49.44633,11.12572,1,http://www.wikidata.org/entity/Q811979,Q90421909,architectural structure,,D,blue
5960,http://www.wikidata.org/entity/Q90422513,https://de.wikipedia.org/wiki/Die_Rakete_(N%C3%BCrnberg),Point(11.071372 49.426751),3.046,49.426751,11.071372,1,http://www.wikidata.org/entity/Q2399482,Die Rakete,techno club,,D,blue
