<?xml version="1.0" encoding="UTF-8"?>
<kml xmlns="http://www.opengis.net/kml/2.2" xmlns:gx="http://www.google.com/kml/ext/2.2">
    <Document id="1">
        <Style id="icon-1739-FF0000-normal">
            <IconStyle id="20">
                <colorMode>normal</colorMode>
                <scale>1</scale>
                <heading>0</heading>
                <Icon id="21">
                    <href>https://www.gstatic.com/mapspro/images/stock/503-wht-blank_maps.png</href>
                </Icon>
            </IconStyle>
        </Style>
        <Style id="2169"/>
        <Style id="icon-1739-7CB342-normal">
            <IconStyle id="24">
                <colorMode>normal</colorMode>
                <scale>1</scale>
                <heading>0</heading>
                <Icon id="25">
                    <href>https://www.gstatic.com/mapspro/images/stock/503-wht-blank_maps.png</href>
                </Icon>
            </IconStyle>
        </Style>
        <Style id="2170"/>
        <Style id="icon-1739-FFFF00-normal">
            <IconStyle id="28">
                <colorMode>normal</colorMode>
                <scale>1</scale>
                <heading>0</heading>
                <Icon id="29">
                    <href>https://www.gstatic.com/mapspro/images/stock/503-wht-blank_maps.png</href>
                </Icon>
            </IconStyle>
        </Style>
        <Style id="2171"/>
        <Style id="icon-1739-808080-normal">
            <IconStyle id="32">
                <colorMode>normal</colorMode>
                <scale>1</scale>
                <heading>0</heading>
                <Icon id="33">
                    <href>https://www.gstatic.com/mapspro/images/stock/503-wht-blank_maps.png</href>
                </Icon>
            </IconStyle>
        </Style>
        <Style id="2172"/>
        <Style id="icon-1739-0A0A0A-normal">
            <IconStyle id="36">
                <colorMode>normal</colorMode>
                <scale>1</scale>
                <heading>0</heading>
                <Icon id="37">
                    <href>https://www.gstatic.com/mapspro/images/stock/503-wht-blank_maps.png</href>
                </Icon>
            </IconStyle>
        </Style>
        <Style id="2173"/>
        <Style id="icon-1556-FFD600-normal">
            <IconStyle id="44">
                <colorMode>normal</colorMode>
                <scale>1</scale>
                <heading>0</heading>
                <Icon id="45">
                    <href>https://www.gstatic.com/mapspro/images/stock/503-wht-blank_maps.png</href>
                </Icon>
            </IconStyle>
        </Style>
        <Style id="2174"/>
        <Style id="icon-1594-000000-normal">
            <IconStyle id="40">
                <colorMode>normal</colorMode>
                <scale>1</scale>
                <heading>0</heading>
                <Icon id="41">
                    <href>https://www.gstatic.com/mapspro/images/stock/503-wht-blank_maps.png</href>
                </Icon>
            </IconStyle>
        </Style>
        <Style id="2175"/>
        <Style id="icon-1636-0288D1-normal">
            <IconStyle id="48">
                <colorMode>normal</colorMode>
                <scale>1</scale>
                <heading>0</heading>
                <Icon id="49">
                    <href>https://www.gstatic.com/mapspro/images/stock/503-wht-blank_maps.png</href>
                </Icon>
            </IconStyle>
        </Style>
        <Style id="2176"/>
        <Style id="icon-1577-0288D1-normal">
            <IconStyle id="76">
                <colorMode>normal</colorMode>
                <scale>1</scale>
                <heading>0</heading>
                <Icon id="77">
                    <href>https://www.gstatic.com/mapspro/images/stock/503-wht-blank_maps.png</href>
                </Icon>
            </IconStyle>
        </Style>
        <Style id="2177"/>
        <Style id="icon-1577-0F9D58-normal">
            <IconStyle id="80">
                <colorMode>normal</colorMode>
                <scale>1</scale>
                <heading>0</heading>
                <Icon id="81">
                    <href>https://www.gstatic.com/mapspro/images/stock/503-wht-blank_maps.png</href>
                </Icon>
            </IconStyle>
        </Style>
        <Style id="2178"/>
        <Style id="icon-1577-FFEA00-normal">
            <IconStyle id="84">
                <colorMode>normal</colorMode>
                <scale>1</scale>
                <heading>0</heading>
                <Icon id="85">
                    <href>https://www.gstatic.com/mapspro/images/stock/503-wht-blank_maps.png</href>
                </Icon>
            </IconStyle>
        </Style>
        <Style id="2179"/>
        <Style id="icon-1577-FF5252-normal">
            <IconStyle id="88">
                <colorMode>normal</colorMode>
                <scale>1</scale>
                <heading>0</heading>
                <Icon id="89">
                    <href>https://www.gstatic.com/mapspro/images/stock/503-wht-blank_maps.png</href>
                </Icon>
            </IconStyle>
        </Style>
        <Style id="2180"/>
        <Style id="icon-1798-0288D1-normal">
            <IconStyle id="56">
                <colorMode>normal</colorMode>
                <scale>1</scale>
                <heading>0</heading>
                <Icon id="57">
                    <href>https://www.gstatic.com/mapspro/images/stock/503-wht-blank_maps.png</href>
                </Icon>
            </IconStyle>
        </Style>
        <Style id="2181"/>
        <Style id="icon-1798-0F9D58-normal">
            <IconStyle id="60">
                <colorMode>normal</colorMode>
                <scale>1</scale>
                <heading>0</heading>
                <Icon id="61">
                    <href>https://www.gstatic.com/mapspro/images/stock/503-wht-blank_maps.png</href>
                </Icon>
            </IconStyle>
        </Style>
        <Style id="2182"/>
        <Style id="icon-1798-FFEA00-normal">
            <IconStyle id="64">
                <colorMode>normal</colorMode>
                <scale>1</scale>
                <heading>0</heading>
                <Icon id="65">
                    <href>https://www.gstatic.com/mapspro/images/stock/503-wht-blank_maps.png</href>
                </Icon>
            </IconStyle>
        </Style>
        <Style id="2183"/>
        <Style id="icon-1798-FF5252-normal">
            <IconStyle id="68">
                <colorMode>normal</colorMode>
                <scale>1</scale>
                <heading>0</heading>
                <Icon id="69">
                    <href>https://www.gstatic.com/mapspro/images/stock/503-wht-blank_maps.png</href>
                </Icon>
            </IconStyle>
        </Style>
        <Style id="2184"/>
        <Style id="icon-1534-0288D1-normal">
            <IconStyle id="72">
                <colorMode>normal</colorMode>
                <scale>1</scale>
                <heading>0</heading>
                <Icon id="73">
                    <href>https://www.gstatic.com/mapspro/images/stock/503-wht-blank_maps.png</href>
                </Icon>
            </IconStyle>
        </Style>
        <Style id="2185"/>
        <Style id="2186"/>
        <Style id="icon-1602-0288D1-normal">
            <IconStyle id="92">
                <colorMode>normal</colorMode>
                <scale>1</scale>
                <heading>0</heading>
                <Icon id="93">
                    <href>https://www.gstatic.com/mapspro/images/stock/503-wht-blank_maps.png</href>
                </Icon>
            </IconStyle>
        </Style>
        <Style id="2187"/>
        <Style id="icon-1602-0F9D58-normal">
            <IconStyle id="96">
                <colorMode>normal</colorMode>
                <scale>1</scale>
                <heading>0</heading>
                <Icon id="97">
                    <href>https://www.gstatic.com/mapspro/images/stock/503-wht-blank_maps.png</href>
                </Icon>
            </IconStyle>
        </Style>
        <Style id="2188"/>
        <Style id="icon-1602-FFEA00-normal">
            <IconStyle id="100">
                <colorMode>normal</colorMode>
                <scale>1</scale>
                <heading>0</heading>
                <Icon id="101">
                    <href>https://www.gstatic.com/mapspro/images/stock/503-wht-blank_maps.png</href>
                </Icon>
            </IconStyle>
        </Style>
        <Style id="2189"/>
        <Style id="icon-1602-FF5252-normal">
            <IconStyle id="104">
                <colorMode>normal</colorMode>
                <scale>1</scale>
                <heading>0</heading>
                <Icon id="105">
                    <href>https://www.gstatic.com/mapspro/images/stock/503-wht-blank_maps.png</href>
                </Icon>
            </IconStyle>
        </Style>
        <Style id="2190"/>
        <Style id="icon-1502-0288D1-normal">
            <IconStyle id="108">
                <colorMode>normal</colorMode>
                <scale>1</scale>
                <heading>0</heading>
                <Icon id="109">
                    <href>https://www.gstatic.com/mapspro/images/stock/503-wht-blank_maps.png</href>
                </Icon>
            </IconStyle>
        </Style>
        <Style id="2191"/>
        <Style id="icon-1670-0288D1-normal">
            <IconStyle id="128">
                <colorMode>normal</colorMode>
                <scale>1</scale>
                <heading>0</heading>
                <Icon id="129">
                    <href>https://www.gstatic.com/mapspro/images/stock/503-wht-blank_maps.png</href>
                </Icon>
            </IconStyle>
        </Style>
        <Style id="2192"/>
        <Style id="icon-1591-0288D1-normal">
            <IconStyle id="116">
                <colorMode>normal</colorMode>
                <scale>1</scale>
                <heading>0</heading>
                <Icon id="117">
                    <href>https://www.gstatic.com/mapspro/images/stock/503-wht-blank_maps.png</href>
                </Icon>
            </IconStyle>
        </Style>
        <Style id="2193"/>
        <Style id="icon-1720-0288D1-normal">
            <IconStyle id="112">
                <colorMode>normal</colorMode>
                <scale>1</scale>
                <heading>0</heading>
                <Icon id="113">
                    <href>https://www.gstatic.com/mapspro/images/stock/503-wht-blank_maps.png</href>
                </Icon>
            </IconStyle>
        </Style>
        <Style id="2194"/>
        <Style id="icon-1706-0288D1-normal">
            <IconStyle id="124">
                <colorMode>normal</colorMode>
                <scale>1</scale>
                <heading>0</heading>
                <Icon id="125">
                    <href>https://www.gstatic.com/mapspro/images/stock/503-wht-blank_maps.png</href>
                </Icon>
            </IconStyle>
        </Style>
        <Style id="2195"/>
        <Style id="2196"/>
        <Style id="icon-1569-0288D1-normal">
            <IconStyle id="144">
                <colorMode>normal</colorMode>
                <scale>1</scale>
                <heading>0</heading>
                <Icon id="145">
                    <href>https://www.gstatic.com/mapspro/images/stock/503-wht-blank_maps.png</href>
                </Icon>
            </IconStyle>
        </Style>
        <Style id="2197"/>
        <Style id="icon-1532-0288D1-normal">
            <IconStyle id="140">
                <colorMode>normal</colorMode>
                <scale>1</scale>
                <heading>0</heading>
                <Icon id="141">
                    <href>https://www.gstatic.com/mapspro/images/stock/503-wht-blank_maps.png</href>
                </Icon>
            </IconStyle>
        </Style>
        <Style id="2198"/>
        <Style id="icon-1504-0288D1-normal">
            <IconStyle id="136">
                <colorMode>normal</colorMode>
                <scale>1</scale>
                <heading>0</heading>
                <Icon id="137">
                    <href>https://www.gstatic.com/mapspro/images/stock/503-wht-blank_maps.png</href>
                </Icon>
            </IconStyle>
        </Style>
        <Style id="2199"/>
        <Style id="icon-1716-0288D1-normal">
            <IconStyle id="132">
                <colorMode>normal</colorMode>
                <scale>1</scale>
                <heading>0</heading>
                <Icon id="133">
                    <href>https://www.gstatic.com/mapspro/images/stock/503-wht-blank_maps.png</href>
                </Icon>
            </IconStyle>
        </Style>
        <Style id="2200"/>
        <Style id="icon-1731-0288D1-normal">
            <IconStyle id="148">
                <colorMode>normal</colorMode>
                <scale>1</scale>
                <heading>0</heading>
                <Icon id="149">
                    <href>https://www.gstatic.com/mapspro/images/stock/503-wht-blank_maps.png</href>
                </Icon>
            </IconStyle>
        </Style>
        <Style id="2201"/>
        <Style id="icon-1511-0288D1-normal">
            <IconStyle id="152">
                <colorMode>normal</colorMode>
                <scale>1</scale>
                <heading>0</heading>
                <Icon id="153">
                    <href>https://www.gstatic.com/mapspro/images/stock/503-wht-blank_maps.png</href>
                </Icon>
            </IconStyle>
        </Style>
        <Style id="2202"/>
        <Style id="icon-1637-0288D1-normal">
            <IconStyle id="160">
                <colorMode>normal</colorMode>
                <scale>1</scale>
                <heading>0</heading>
                <Icon id="161">
                    <href>https://www.gstatic.com/mapspro/images/stock/503-wht-blank_maps.png</href>
                </Icon>
            </IconStyle>
        </Style>
        <Style id="2203"/>
        <Style id="icon-1635-0288D1-normal">
            <IconStyle id="156">
                <colorMode>normal</colorMode>
                <scale>1</scale>
                <heading>0</heading>
                <Icon id="157">
                    <href>https://www.gstatic.com/mapspro/images/stock/503-wht-blank_maps.png</href>
                </Icon>
            </IconStyle>
        </Style>
        <Style id="2204"/>
        <Style id="icon-1685-0288D1-normal">
            <IconStyle id="164">
                <colorMode>normal</colorMode>
                <scale>1</scale>
                <heading>0</heading>
                <Icon id="165">
                    <href>https://www.gstatic.com/mapspro/images/stock/503-wht-blank_maps.png</href>
                </Icon>
            </IconStyle>
        </Style>
        <Style id="2205"/>
        <Style id="icon-1654-0288D1-normal">
            <IconStyle id="168">
                <colorMode>normal</colorMode>
                <scale>1</scale>
                <heading>0</heading>
                <Icon id="169">
                    <href>https://www.gstatic.com/mapspro/images/stock/503-wht-blank_maps.png</href>
                </Icon>
            </IconStyle>
        </Style>
        <Style id="2206"/>
        <Style id="icon-1522-0288D1-normal">
            <IconStyle id="172">
                <colorMode>normal</colorMode>
                <scale>1</scale>
                <heading>0</heading>
                <Icon id="173">
                    <href>https://www.gstatic.com/mapspro/images/stock/503-wht-blank_maps.png</href>
                </Icon>
            </IconStyle>
        </Style>
        <Style id="2207"/>
        <Style id="icon-1726-0288D1-normal">
            <IconStyle id="176">
                <colorMode>normal</colorMode>
                <scale>1</scale>
                <heading>0</heading>
                <Icon id="177">
                    <href>https://www.gstatic.com/mapspro/images/stock/503-wht-blank_maps.png</href>
                </Icon>
            </IconStyle>
        </Style>
        <Style id="2208"/>
        <Style id="icon-1608-0288D1-normal">
            <IconStyle id="180">
                <colorMode>normal</colorMode>
                <scale>1</scale>
                <heading>0</heading>
                <Icon id="181">
                    <href>https://www.gstatic.com/mapspro/images/stock/503-wht-blank_maps.png</href>
                </Icon>
            </IconStyle>
        </Style>
        <Style id="2209"/>
        <StyleMap id="icon-1739-FF0000">
            <Pair>
                <key>normal</key>
                <styleUrl>#icon-1739-FF0000-normal</styleUrl>
            </Pair>
            <Pair>
                <key>highlight</key>
                <styleUrl>#2169</styleUrl>
            </Pair>
        </StyleMap>
        <StyleMap id="icon-1739-FF8800">
            <Pair>
                <key>normal</key>
                <styleUrl>#icon-1739-7CB342-normal</styleUrl>
            </Pair>
            <Pair>
                <key>highlight</key>
                <styleUrl>#2170</styleUrl>
            </Pair>
        </StyleMap>
        <StyleMap id="30">
            <Pair>
                <key>normal</key>
                <styleUrl>#icon-1739-FFFF00-normal</styleUrl>
            </Pair>
            <Pair>
                <key>highlight</key>
                <styleUrl>#2171</styleUrl>
            </Pair>
        </StyleMap>
        <StyleMap id="34">
            <Pair>
                <key>normal</key>
                <styleUrl>#icon-1739-808080-normal</styleUrl>
            </Pair>
            <Pair>
                <key>highlight</key>
                <styleUrl>#2172</styleUrl>
            </Pair>
        </StyleMap>
        <StyleMap id="38">
            <Pair>
                <key>normal</key>
                <styleUrl>#icon-1739-0A0A0A-normal</styleUrl>
            </Pair>
            <Pair>
                <key>highlight</key>
                <styleUrl>#2173</styleUrl>
            </Pair>
        </StyleMap>
        <StyleMap id="46">
            <Pair>
                <key>normal</key>
                <styleUrl>#icon-1556-FFD600-normal</styleUrl>
            </Pair>
            <Pair>
                <key>highlight</key>
                <styleUrl>#2174</styleUrl>
            </Pair>
        </StyleMap>
        <StyleMap id="42">
            <Pair>
                <key>normal</key>
                <styleUrl>#icon-1594-000000-normal</styleUrl>
            </Pair>
            <Pair>
                <key>highlight</key>
                <styleUrl>#2175</styleUrl>
            </Pair>
        </StyleMap>
        <StyleMap id="50">
            <Pair>
                <key>normal</key>
                <styleUrl>#icon-1636-0288D1-normal</styleUrl>
            </Pair>
            <Pair>
                <key>highlight</key>
                <styleUrl>#2176</styleUrl>
            </Pair>
        </StyleMap>
        <StyleMap id="78">
            <Pair>
                <key>normal</key>
                <styleUrl>#icon-1577-0288D1-normal</styleUrl>
            </Pair>
            <Pair>
                <key>highlight</key>
                <styleUrl>#2177</styleUrl>
            </Pair>
        </StyleMap>
        <StyleMap id="82">
            <Pair>
                <key>normal</key>
                <styleUrl>#icon-1577-0F9D58-normal</styleUrl>
            </Pair>
            <Pair>
                <key>highlight</key>
                <styleUrl>#2178</styleUrl>
            </Pair>
        </StyleMap>
        <StyleMap id="86">
            <Pair>
                <key>normal</key>
                <styleUrl>#icon-1577-FFEA00-normal</styleUrl>
            </Pair>
            <Pair>
                <key>highlight</key>
                <styleUrl>#2179</styleUrl>
            </Pair>
        </StyleMap>
        <StyleMap id="90">
            <Pair>
                <key>normal</key>
                <styleUrl>#icon-1577-FF5252-normal</styleUrl>
            </Pair>
            <Pair>
                <key>highlight</key>
                <styleUrl>#2180</styleUrl>
            </Pair>
        </StyleMap>
        <StyleMap id="58">
            <Pair>
                <key>normal</key>
                <styleUrl>#icon-1798-0288D1-normal</styleUrl>
            </Pair>
            <Pair>
                <key>highlight</key>
                <styleUrl>#2181</styleUrl>
            </Pair>
        </StyleMap>
        <StyleMap id="62">
            <Pair>
                <key>normal</key>
                <styleUrl>#icon-1798-0F9D58-normal</styleUrl>
            </Pair>
            <Pair>
                <key>highlight</key>
                <styleUrl>#2182</styleUrl>
            </Pair>
        </StyleMap>
        <StyleMap id="66">
            <Pair>
                <key>normal</key>
                <styleUrl>#icon-1798-FFEA00-normal</styleUrl>
            </Pair>
            <Pair>
                <key>highlight</key>
                <styleUrl>#2183</styleUrl>
            </Pair>
        </StyleMap>
        <StyleMap id="70">
            <Pair>
                <key>normal</key>
                <styleUrl>#icon-1798-FF5252-normal</styleUrl>
            </Pair>
            <Pair>
                <key>highlight</key>
                <styleUrl>#2184</styleUrl>
            </Pair>
        </StyleMap>
        <StyleMap id="74">
            <Pair>
                <key>normal</key>
                <styleUrl>#icon-1534-0288D1-normal</styleUrl>
            </Pair>
            <Pair>
                <key>highlight</key>
                <styleUrl>#2185</styleUrl>
            </Pair>
        </StyleMap>
        <StyleMap id="54">
            <Pair>
                <key>normal</key>
                <styleUrl>#icon-1798-0288D1-normal</styleUrl>
            </Pair>
            <Pair>
                <key>highlight</key>
                <styleUrl>#2186</styleUrl>
            </Pair>
        </StyleMap>
        <StyleMap id="94">
            <Pair>
                <key>normal</key>
                <styleUrl>#icon-1602-0288D1-normal</styleUrl>
            </Pair>
            <Pair>
                <key>highlight</key>
                <styleUrl>#2187</styleUrl>
            </Pair>
        </StyleMap>
        <StyleMap id="98">
            <Pair>
                <key>normal</key>
                <styleUrl>#icon-1602-0F9D58-normal</styleUrl>
            </Pair>
            <Pair>
                <key>highlight</key>
                <styleUrl>#2188</styleUrl>
            </Pair>
        </StyleMap>
        <StyleMap id="102">
            <Pair>
                <key>normal</key>
                <styleUrl>#icon-1602-FFEA00-normal</styleUrl>
            </Pair>
            <Pair>
                <key>highlight</key>
                <styleUrl>#2189</styleUrl>
            </Pair>
        </StyleMap>
        <StyleMap id="106">
            <Pair>
                <key>normal</key>
                <styleUrl>#icon-1602-FF5252-normal</styleUrl>
            </Pair>
            <Pair>
                <key>highlight</key>
                <styleUrl>#2190</styleUrl>
            </Pair>
        </StyleMap>
        <StyleMap id="110">
            <Pair>
                <key>normal</key>
                <styleUrl>#icon-1502-0288D1-normal</styleUrl>
            </Pair>
            <Pair>
                <key>highlight</key>
                <styleUrl>#2191</styleUrl>
            </Pair>
        </StyleMap>
        <StyleMap id="130">
            <Pair>
                <key>normal</key>
                <styleUrl>#icon-1670-0288D1-normal</styleUrl>
            </Pair>
            <Pair>
                <key>highlight</key>
                <styleUrl>#2192</styleUrl>
            </Pair>
        </StyleMap>
        <StyleMap id="118">
            <Pair>
                <key>normal</key>
                <styleUrl>#icon-1591-0288D1-normal</styleUrl>
            </Pair>
            <Pair>
                <key>highlight</key>
                <styleUrl>#2193</styleUrl>
            </Pair>
        </StyleMap>
        <StyleMap id="114">
            <Pair>
                <key>normal</key>
                <styleUrl>#icon-1720-0288D1-normal</styleUrl>
            </Pair>
            <Pair>
                <key>highlight</key>
                <styleUrl>#2194</styleUrl>
            </Pair>
        </StyleMap>
        <StyleMap id="126">
            <Pair>
                <key>normal</key>
                <styleUrl>#icon-1706-0288D1-normal</styleUrl>
            </Pair>
            <Pair>
                <key>highlight</key>
                <styleUrl>#2195</styleUrl>
            </Pair>
        </StyleMap>
        <StyleMap id="122">
            <Pair>
                <key>normal</key>
                <styleUrl>#icon-1636-0288D1-normal</styleUrl>
            </Pair>
            <Pair>
                <key>highlight</key>
                <styleUrl>#2196</styleUrl>
            </Pair>
        </StyleMap>
        <StyleMap id="146">
            <Pair>
                <key>normal</key>
                <styleUrl>#icon-1569-0288D1-normal</styleUrl>
            </Pair>
            <Pair>
                <key>highlight</key>
                <styleUrl>#2197</styleUrl>
            </Pair>
        </StyleMap>
        <StyleMap id="142">
            <Pair>
                <key>normal</key>
                <styleUrl>#icon-1532-0288D1-normal</styleUrl>
            </Pair>
            <Pair>
                <key>highlight</key>
                <styleUrl>#2198</styleUrl>
            </Pair>
        </StyleMap>
        <StyleMap id="138">
            <Pair>
                <key>normal</key>
                <styleUrl>#icon-1504-0288D1-normal</styleUrl>
            </Pair>
            <Pair>
                <key>highlight</key>
                <styleUrl>#2199</styleUrl>
            </Pair>
        </StyleMap>
        <StyleMap id="134">
            <Pair>
                <key>normal</key>
                <styleUrl>#icon-1716-0288D1-normal</styleUrl>
            </Pair>
            <Pair>
                <key>highlight</key>
                <styleUrl>#2200</styleUrl>
            </Pair>
        </StyleMap>
        <StyleMap id="150">
            <Pair>
                <key>normal</key>
                <styleUrl>#icon-1731-0288D1-normal</styleUrl>
            </Pair>
            <Pair>
                <key>highlight</key>
                <styleUrl>#2201</styleUrl>
            </Pair>
        </StyleMap>
        <StyleMap id="154">
            <Pair>
                <key>normal</key>
                <styleUrl>#icon-1511-0288D1-normal</styleUrl>
            </Pair>
            <Pair>
                <key>highlight</key>
                <styleUrl>#2202</styleUrl>
            </Pair>
        </StyleMap>
        <StyleMap id="162">
            <Pair>
                <key>normal</key>
                <styleUrl>#icon-1637-0288D1-normal</styleUrl>
            </Pair>
            <Pair>
                <key>highlight</key>
                <styleUrl>#2203</styleUrl>
            </Pair>
        </StyleMap>
        <StyleMap id="158">
            <Pair>
                <key>normal</key>
                <styleUrl>#icon-1635-0288D1-normal</styleUrl>
            </Pair>
            <Pair>
                <key>highlight</key>
                <styleUrl>#2204</styleUrl>
            </Pair>
        </StyleMap>
        <StyleMap id="166">
            <Pair>
                <key>normal</key>
                <styleUrl>#icon-1685-0288D1-normal</styleUrl>
            </Pair>
            <Pair>
                <key>highlight</key>
                <styleUrl>#2205</styleUrl>
            </Pair>
        </StyleMap>
        <StyleMap id="170">
            <Pair>
                <key>normal</key>
                <styleUrl>#icon-1654-0288D1-normal</styleUrl>
            </Pair>
            <Pair>
                <key>highlight</key>
                <styleUrl>#2206</styleUrl>
            </Pair>
        </StyleMap>
        <StyleMap id="174">
            <Pair>
                <key>normal</key>
                <styleUrl>#icon-1522-0288D1-normal</styleUrl>
            </Pair>
            <Pair>
                <key>highlight</key>
                <styleUrl>#2207</styleUrl>
            </Pair>
        </StyleMap>
        <StyleMap id="178">
            <Pair>
                <key>normal</key>
                <styleUrl>#icon-1726-0288D1-normal</styleUrl>
            </Pair>
            <Pair>
                <key>highlight</key>
                <styleUrl>#2208</styleUrl>
            </Pair>
        </StyleMap>
        <StyleMap id="182">
            <Pair>
                <key>normal</key>
                <styleUrl>#icon-1608-0288D1-normal</styleUrl>
            </Pair>
            <Pair>
                <key>highlight</key>
                <styleUrl>#2209</styleUrl>
            </Pair>
        </StyleMap>
        <Folder id="11">
            <name>wikivoyage</name>
            <Placemark id="1894">
                <name>Nuremberg Main Station </name>
                <description>
                category  : Get in_By train &lt;br&gt;
                address  :   &lt;br&gt;
                url  : http://www.stationsdatenbank.bayern-takt.de/  &lt;br&gt;
                description  : Nuremberg has excellent rail connections to almost everywhere, with ICE service to Munich (roughly one hour), Leipzig (just over 2 hours), Würzburg, Frankfurt (just over 2 hours) and all major towns along those routes. Berlin is usually 3 hr 30 min, but nowadays less than 3 hours on the fastest trains. One poor connection is Prague, 5 hours by train with a change at Schwandorf, so instead take the bus which takes 3 hr 30 min, runs more frequently, and is usually cheaper. This bus is run by Deutsche Bahn so it appears in their timetables and can be booked just the same as their trains. An Austrian Nightjet sleeper runs two nights a week, north via Cologne to Brussels, and south either to Vienna or to Munich and Innsbruck - the train divides here. &lt;br /&gt;&lt;br /&gt; Nuremberg is at the heart of a very extensive ''Verkehrsverbund'' or [http://www.vgn.de VGN] - an integrated transport network stretching all the way to [[Bayreuth]] and [[Bamberg]]. Tickets are valid and allow transfers on virtually every bus, tram, U-Bahn, S-Bahn and regional train - but not on IC or ICE long-distance trains. Using discount fares such as day tickets, &quot;Sparpreis&quot; and group tickets, regional travel here is a real bargain. Single short trips in and around the city are somewhat more expensive, but see &quot;Get around&quot; for deals.&lt;br /&gt;&lt;br /&gt;Munich isn't part of the VGN but regional trains to and from Nuremberg are quick and not expensive. IC and ICE trains are expensive for a last-minute ticket, but if you can book in advance and avoid peak hours they cost no more than regional trains on this route. &lt;br&gt;
                </description>
                <styleUrl>#134</styleUrl>
                <Point id="1893">
                    <coordinates>11.081944,49.446389,0.0</coordinates>
                </Point>
            </Placemark>
            <Placemark id="1896">
                <name>Nürnberg Nordostbahnhof </name>
                <description>
                category  : Get in_By train &lt;br&gt;
                address  :   &lt;br&gt;
                url  : https://www.bahnhof.de/bahnhof-de/N%C3%BCrnberg_Nordost-1022754  &lt;br&gt;
                description  : This station is connected by rail to Hauptbahnhof but has no passenger service to it, though the {{rint &lt;br&gt;
                </description>
                <styleUrl>#134</styleUrl>
                <Point id="1895">
                    <coordinates>11.1056,49.4738,0.0</coordinates>
                </Point>
            </Placemark>
            <Placemark id="1898">
                <name>Nuremberg Castle </name>
                <description>
                category  : See_Sebalder Altstadt &lt;br&gt;
                address  :   &lt;br&gt;
                url  : http://www.kaiserburg-nuernberg.de/englisch/castle/index.htm  &lt;br&gt;
                description  : The Nuremberg Castle is the rambling fortification that dominates the old town from the higher ground at its north-west corner. It’s actually three separate entities, with interior walls and gates built not against invaders but each other. &lt;br&gt;
                </description>
                <styleUrl>#110</styleUrl>
                <Point id="1897">
                    <coordinates>11.0759,49.4579,0.0</coordinates>
                </Point>
            </Placemark>
            <Placemark id="1900">
                <name>Albrecht Dürer's House </name>
                <description>
                category  : See_Sebalder Altstadt &lt;br&gt;
                address  : Albrecht-Dürer-Straße 39  &lt;br&gt;
                url  : http://www.museums.nuremberg.de/duerer-house/index.html  &lt;br&gt;
                description  : The house in which the painter Albrecht Dürer lived and worked from 1509 until 1528. Representative of a wealthy house of that period. Exhibition about life in the house and the way Dürer worked. &lt;br&gt;
                </description>
                <styleUrl>#110</styleUrl>
                <Point id="1899">
                    <coordinates>11.0739,49.4572,0.0</coordinates>
                </Point>
            </Placemark>
            <Placemark id="1902">
                <name>Toy Museum </name>
                <description>
                category  : See_Sebalder Altstadt &lt;br&gt;
                address  : Karlstraße 13-15  &lt;br&gt;
                url  : http://www.museums.nuremberg.de/toy-museum/index.html  &lt;br&gt;
                description  : Nuremberg was one of the centres of the German toy industry. The exhibition shows wooden and metal toys, dolls and doll houses, model railways and modern toys. &lt;br&gt;
                </description>
                <styleUrl>#110</styleUrl>
                <Point id="1901">
                    <coordinates>11.07407,49.45475,0.0</coordinates>
                </Point>
            </Placemark>
            <Placemark id="1904">
                <name>Fembohaus Citymuseum </name>
                <description>
                category  : See_Sebalder Altstadt &lt;br&gt;
                address  : Burgstraße 15  &lt;br&gt;
                url  : http://www.museums.nuremberg.de/fembohaus/index.html  &lt;br&gt;
                description  : A merchant's house built about 1600, in late Renaissance style. Exhibition about the history of the city. &lt;br&gt;
                </description>
                <styleUrl>#110</styleUrl>
                <Point id="1903">
                    <coordinates>11.07706,49.45656,0.0</coordinates>
                </Point>
            </Placemark>
            <Placemark id="1906">
                <name>Museum Tucherschloss and Hirsvogelsaal </name>
                <description>
                category  : See_Sebalder Altstadt &lt;br&gt;
                address  : Hirschelgasse 9-11  &lt;br&gt;
                url  : https://museen.nuernberg.de/tucherschloss/  &lt;br&gt;
                description  : The Tuchers and the Hirsvogels were wealthy trading families. This castle built between 1533 and 1544 shows their life in that era, with several original features. &lt;br&gt;
                </description>
                <styleUrl>#110</styleUrl>
                <Point id="1905">
                    <coordinates>11.0843,49.4575,0.0</coordinates>
                </Point>
            </Placemark>
            <Placemark id="1908">
                <name>Art Bunker </name>
                <description>
                category  : See_Sebalder Altstadt &lt;br&gt;
                address  : Obere Schmiedgasse 52  &lt;br&gt;
                url  : http://www.felsengaenge-nuernberg.de/en_index.htm  &lt;br&gt;
                description  : Part of the labyrinth of tunnels underneath the city, but separate from the Felsengänge tour (listed above). During World War II this and other bunkers were converted into safe storage for the city's art treasures, with temperature and humidity controls and extra security. Frequent tours in German, but tours can be organised for up to 25 in English, French, Italian, Spanish and Czech. &lt;br&gt;
                </description>
                <styleUrl>#110</styleUrl>
                <Point id="1907">
                    <coordinates>11.07491,49.45742,0.0</coordinates>
                </Point>
            </Placemark>
            <Placemark id="1910">
                <name>St Sebald Church </name>
                <description>
                category  : See_Sebalder Altstadt &lt;br&gt;
                address  :   &lt;br&gt;
                url  :   &lt;br&gt;
                description  : Built in Romanesque style from the 13th century, with many later Gothic and Baroque additions, and now part of the Evangelical or Lutheran church of Germany, St Sebaldhus is the focus of the north-side old town. In the centre of the church a wooden monument stands over the saint's grave, carved with scenes of his life. The church organ is a modern replacement of the famous original, destroyed by bombing in WW2. &lt;br&gt;
                </description>
                <styleUrl>#110</styleUrl>
                <Point id="1909">
                    <coordinates>11.07645,49.45527,0.0</coordinates>
                </Point>
            </Placemark>
            <Placemark id="1912">
                <name>Deutsches Spielearchiv Nürnberg </name>
                <description>
                category  : See_Sebalder Altstadt &lt;br&gt;
                address  :   &lt;br&gt;
                url  : https://museen.nuernberg.de/spielearchiv/  &lt;br&gt;
                description  : A museum dedicated to preserving the history of board games with many original games, some of which can be played by visitors. If you intend to write academically about board games, this is a place with countless resources at your disposal and should certainly be among your first stops for research. &lt;br&gt;
                </description>
                <styleUrl>#110</styleUrl>
                <Point id="1911">
                    <coordinates>11.080956,49.456947,0.0</coordinates>
                </Point>
            </Placemark>
            <Placemark id="1914">
                <name>Deutsches Museum Nürnberg </name>
                <description>
                category  : See_Sebalder Altstadt &lt;br&gt;
                address  : Augustinerhof 4  &lt;br&gt;
                url  : https://www.deutsches-museum.de/en/nuernberg  &lt;br&gt;
                description  : Nuremberg's newest and most futuristic museum with numerous installations, interactive activity stations and bookable laboratory offers. &lt;br&gt;
                </description>
                <styleUrl>#110</styleUrl>
                <Point id="1913">
                    <coordinates>11.0747575,49.4536898,0.0</coordinates>
                </Point>
            </Placemark>
            <Placemark id="1916">
                <name>Natural History Museum </name>
                <description>
                category  : See_Lorenzer Altstadt &lt;br&gt;
                address  : 8 Marientorgraben  &lt;br&gt;
                url  :   &lt;br&gt;
                description  : The ground floor is the ethnology collection: masks from the South Seas, Costa Rican culture, a Berber tent from Morocco, and strange garb of the Nivchi, a Siberian people. The upper floor covers geology, prehistory and archaeology. &lt;br&gt;
                </description>
                <styleUrl>#110</styleUrl>
                <Point id="1915">
                    <coordinates>11.0848,49.4518,0.0</coordinates>
                </Point>
            </Placemark>
            <Placemark id="1918">
                <name>Tower of the Senses </name>
                <description>
                category  : See_Lorenzer Altstadt &lt;br&gt;
                address  : Westtor  &lt;br&gt;
                url  : http://www.turmdersinne.de  &lt;br&gt;
                description  : Interactive science museum with emphasis on human perception &lt;br&gt;
                </description>
                <styleUrl>#110</styleUrl>
                <Point id="1917">
                    <coordinates>11.06952,49.452211,0.0</coordinates>
                </Point>
            </Placemark>
            <Placemark id="1920">
                <name>St Lawrence Church </name>
                <description>
                category  : See_Lorenzer Altstadt &lt;br&gt;
                address  :   &lt;br&gt;
                url  : https://lorenzkirche.de/  &lt;br&gt;
                description  : Mostly built in the 15th century and now part of the Evangelical or Lutheran church of Germany, Lorenzkirche forms the focus of the south-side old town. It's dominated within by the 18m tall ''Tabernacle'', a Gothic spire made circa 1493 by Adam Kraft, with himself as one of three figures holding it up. (Find more of his work across the river in St Sebaldus, in the Germanische Nationalmuseum, and in Ulm.) Note also the stained glass windows, and Veit Stoss' &quot;Annunciation&quot; (Engelsgruss) suspended high over the altar. &lt;br&gt;
                </description>
                <styleUrl>#110</styleUrl>
                <Point id="1919">
                    <coordinates>11.078056,49.451,0.0</coordinates>
                </Point>
            </Placemark>
            <Placemark id="1922">
                <name>Nassauhaus </name>
                <description>
                category  : See_Lorenzer Altstadt &lt;br&gt;
                address  :   &lt;br&gt;
                url  :   &lt;br&gt;
                description  : The oldest building in the city - the cellars date back to the 12th Century, though most is later Gothic. &lt;br&gt;
                </description>
                <styleUrl>#110</styleUrl>
                <Point id="1921">
                    <coordinates>11.0777,49.4511,0.0</coordinates>
                </Point>
            </Placemark>
            <Placemark id="1924">
                <name>Fountain of Virtues </name>
                <description>
                category  : See_Lorenzer Altstadt &lt;br&gt;
                address  :   &lt;br&gt;
                url  :   &lt;br&gt;
                description  : Six virtuous dames spout water from their breasts, guarded by the figure of Justice. &lt;br&gt;
                </description>
                <styleUrl>#110</styleUrl>
                <Point id="1923">
                    <coordinates>11.0779,49.4512,0.0</coordinates>
                </Point>
            </Placemark>
            <Placemark id="1926">
                <name>Kunsthalle </name>
                <description>
                category  : See_Lorenzer Altstadt &lt;br&gt;
                address  :   &lt;br&gt;
                url  : http://www.kunsthalle.nuernberg.de  &lt;br&gt;
                description  : Has rotating art exhibitions, hours &amp; prices vary. &lt;br&gt;
                </description>
                <styleUrl>#110</styleUrl>
                <Point id="1925">
                    <coordinates>11.0828,49.4498,0.0</coordinates>
                </Point>
            </Placemark>
            <Placemark id="1928">
                <name>Way of Human Rights </name>
                <description>
                category  : See_Lorenzer Altstadt &lt;br&gt;
                address  :   &lt;br&gt;
                url  : http://www.menschenrechte.nuernberg.de/index.php?navi &lt;br&gt;
                description  : A monumental outdoor sculpture, opened on 24 October 1993. It is sited on the street between the new and old buildings of the Germanisches Nationalmuseum, connecting Kornmarkt street and the medieval city wall. &lt;br&gt;
                </description>
                <styleUrl>#110</styleUrl>
                <Point id="1927">
                    <coordinates>11.0752,49.4482,0.0</coordinates>
                </Point>
            </Placemark>
            <Placemark id="1930">
                <name>Neues Museum (&quot;New Museum&quot;, State Museum for Art and Design in Nürnberg) </name>
                <description>
                category  : See_Lorenzer Altstadt &lt;br&gt;
                address  : Klarissenplatz  &lt;br&gt;
                url  : http://www.nmn.de  &lt;br&gt;
                description  : Within Old Town but in a striking modern building, the museum shows art and design from 1945 to today. &lt;br&gt;
                </description>
                <styleUrl>#110</styleUrl>
                <Point id="1929">
                    <coordinates>11.0801,49.4478,0.0</coordinates>
                </Point>
            </Placemark>
            <Placemark id="1932">
                <name>Verkehrsmuseum </name>
                <description>
                category  : See_Lorenzer Altstadt &lt;br&gt;
                address  : Lessingstraße 6  &lt;br&gt;
                url  :   &lt;br&gt;
                description  : This museum contains two collections: the ''[http://www.dbmuseum.de/ DB Museum]'' (DB National Railway Museum) and the ''[http://www.museumsstiftung.de/nuernberg/ Museum for Communication]''. The ''railway museum'' explores the history of railways in Germany from 1835 - when the first railway connecting Nuremberg and Fürth opened - to today. There's a large collection of locomotives and rolling stock, extending outside, and it's a good place for families with children. The museum includes full scale replicas or originals from all eras of German rail travel, including a replica of the first ever locomotive running over German rails and a mock-up of the ICE. There's thoughtful coverage of the railways' role in German society, including their role in warfare and in the mass deportation to death of oppressed civilians. Labelling is only in German but there are free audioguides in English and other languages. The ''Museum for Communication'' is small by comparison, yet attempts to address the entire theme of communications. Some interesting items but the overall effect is superficial, with important concepts mentioned but not explored. &lt;br&gt;
                </description>
                <styleUrl>#110</styleUrl>
                <Point id="1931">
                    <coordinates>11.0747,49.4451,0.0</coordinates>
                </Point>
            </Placemark>
            <Placemark id="1934">
                <name>St Johannis Friedhof </name>
                <description>
                category  : See_Further out &lt;br&gt;
                address  :   &lt;br&gt;
                url  :   &lt;br&gt;
                description  : 14th-century graveyard with many famous citizens, including Albrecht Dürer and Adam Kraft. In summer the gardens are a riot of roses and other colourful flowers. You can walk here along Johannisstraße but the street is mostly modern, busy and uninteresting. Alternatively follow the river walk west from Hallertor. This eventually leads into Lindengasse which curls north to the church. Continue the riverside walk west for a couple of hours to reach the town of [[Fürth]]. The main sights there are the old streets, the Jewish Museum, the Radio Museum, and Town Hall. You'll probably prefer to ride back to the city, on U-1 or S-1. &lt;br&gt;
                </description>
                <styleUrl>#110</styleUrl>
                <Point id="1933">
                    <coordinates>11.0612,49.4586,0.0</coordinates>
                </Point>
            </Placemark>
            <Placemark id="1936">
                <name>Museum of Industrial Culture </name>
                <description>
                category  : See_Further out &lt;br&gt;
                address  : Äußere Sulzbacher Straße 62  &lt;br&gt;
                url  : http://www.museums.nuremberg.de/industrial-culture/index.html  &lt;br&gt;
                description  : Set in an old screw factory, the last remnant of the sprawling Tafel metalwork complex. Tells the story from the Industrial Revolution into the early 20th century. Along a museum street you see how living conditions, social life and technology developed during that era, and, not least, the gingerbread industry. &lt;br&gt;
                </description>
                <styleUrl>#110</styleUrl>
                <Point id="1935">
                    <coordinates>11.1108,49.4611,0.0</coordinates>
                </Point>
            </Placemark>
            <Placemark id="1938">
                <name>Documentation Center at the Reich Party Rally Grounds </name>
                <description>
                category  : See_Further out &lt;br&gt;
                address  : Bayernstraße 110  &lt;br&gt;
                url  : http://www.museen.nuernberg.de/dokuzentrum/  &lt;br&gt;
                description  : Soon after they came to power in 1933 the Nazis chose Nuremberg as the place for their annual party rallies. They planned a set of gigantic buildings here, few of which were built. Start at the Documentation Centre for the story of how the Nazis rose to power, their grasp of modern media and propaganda techniques, the organisation of the party rallies and wider mass agitation, and the connections between that and their crimes against minorities and plunge into World War 2. The Documentation Center is in the north wing of the Congress Hall (Kongresshalle), one of the few planned constructions that did get built. &lt;br/&gt;Although the rally grounds cover a wide area, there's little else to see here other than the reviewing stand at the Zeppelin field. The &quot;Große Straße&quot; which was the spine of the rally grounds is now just a modern road. Note you can also get here on S-2 to Dutzendteich; other S-bahn trains run through this station but don't stop. &lt;br&gt;
                </description>
                <styleUrl>#110</styleUrl>
                <Point id="1937">
                    <coordinates>11.1128,49.4339,0.0</coordinates>
                </Point>
            </Placemark>
            <Placemark id="1940">
                <name>Memorium Nuremberg Trials and Courtroom 600 </name>
                <description>
                category  : See_Further out &lt;br&gt;
                address  : Bärenschanzstraße 72  &lt;br&gt;
                url  : https://museums.nuernberg.de/memorium-nuremberg-trials/  &lt;br&gt;
                description  : After World War II, this site was chosen for trials of the Nazi high command, partly for Nuremberg's symbolic role in Nazism, but chiefly because the Palace of Justice was undamaged and contained a prison block. Charges were brought both against individuals, and against entire organisations such as the SS and Gestapo. The permanent exhibition tells the story of this and subsequent trials, eg of collaborating doctors and judges, and of officers of the individual concentration camps. It shows how these trials established many present day principles of international law and morality, eg the legal concept of genocide, and the Helsinki Principles on medical experimentation. Courtroom 600, where the trials were held, is still used today for serious crimes, so it can only be visited if no trial is in progress. &lt;br&gt;
                </description>
                <styleUrl>#110</styleUrl>
                <Point id="1939">
                    <coordinates>11.0464,49.4547,0.0</coordinates>
                </Point>
            </Placemark>
            <Placemark id="1942">
                <name>Historic tram depot (Historisches-Straßenbahndepot) </name>
                <description>
                category  : See_Further out &lt;br&gt;
                address  : 1 St. Peter Schloßstraße  &lt;br&gt;
                url  :   &lt;br&gt;
                description  : Trams since they began here in 1881. Several are in working order and when the museum is open, they make a leisurely grinding circuit of the city's public tramways. &lt;br&gt;
                </description>
                <styleUrl>#110</styleUrl>
                <Point id="1941">
                    <coordinates>11.1008,49.4436,0.0</coordinates>
                </Point>
            </Placemark>
            <Placemark id="1944">
                <name>Zoo (Tiergarten) </name>
                <description>
                category  : See_Further out &lt;br&gt;
                address  : Am Tiergarten 30  &lt;br&gt;
                url  : http://tiergarten.nuernberg.de/  &lt;br&gt;
                description  : The Nuremberg Tiergarten is one of the most beautiful zoos in Europe, set in forests and old quarries to the east of the city. Includes a Dolphinarium with regular shows. &lt;br&gt;
                </description>
                <styleUrl>#110</styleUrl>
                <Point id="1943">
                    <coordinates>11.1447,49.4475,0.0</coordinates>
                </Point>
            </Placemark>
            <Placemark id="1946">
                <name>Children's Museum (Kindermuseum) </name>
                <description>
                category  : See_Further out &lt;br&gt;
                address  : Michel-Ende Str 17, Kachelbau  &lt;br&gt;
                url  :   &lt;br&gt;
                description  : Hands-on museum, with two permanent exhibitions: everyday life of your great-grandparents, and treasure chamber earth. &lt;br&gt;
                </description>
                <styleUrl>#110</styleUrl>
                <Point id="1945">
                    <coordinates>11.0523,49.4428,0.0</coordinates>
                </Point>
            </Placemark>
            <Placemark id="1948">
                <name>Kraftshof Village Church </name>
                <description>
                category  : See_Further out &lt;br&gt;
                address  : Kraftshof  &lt;br&gt;
                url  :   &lt;br&gt;
                description  : In the Middle Ages, cities like Nuremberg were strongly protected by walls and castles, but villages lacked them. It was often impractical to build these around a straggling farm village, and the cities jealously guarded their rights to have walls - any others might be distrusted as a prelude to rebellion. So instead many villages fortified their church, and Kraftshof is a good example. See Wikipedia entry for other examples especially in Bavaria, Baden-Wurttemberg, Transylvania and the Dordogne. &lt;br&gt;
                </description>
                <styleUrl>#110</styleUrl>
                <Point id="1947">
                    <coordinates>11.04989,49.51206,0.0</coordinates>
                </Point>
            </Placemark>
            <Placemark id="1950">
                <name>Neunhof Manor, (Schloss Neunhof) </name>
                <description>
                category  : See_Further out &lt;br&gt;
                address  : Neunhofer Hauptstraße  &lt;br&gt;
                url  : http://www.gnm.de/English/NeunhofE.htm  &lt;br&gt;
                description  : Nuremberg's patricians had numerous manor houses in the surrounding villages. This is a good example, built in the 16th century. Adjoining is a small baroque garden. The castle is closed for renovation in 2017. &lt;br&gt;
                </description>
                <styleUrl>#110</styleUrl>
                <Point id="1949">
                    <coordinates>11.0508,49.5186,0.0</coordinates>
                </Point>
            </Placemark>
            <Placemark id="1952">
                <name>Nuremberg Exhibition Centre </name>
                <description>
                category  : See_Further out &lt;br&gt;
                address  : Messezentrum  &lt;br&gt;
                url  : http://www.nuernbergmesse.de/  &lt;br&gt;
                description  : The Exhibition Centre is relatively new. It offers over 160,000 m² of display area in twelve halls grouped around the central park. &lt;br&gt;
                </description>
                <styleUrl>#110</styleUrl>
                <Point id="1951">
                    <coordinates>11.115,49.417222,0.0</coordinates>
                </Point>
            </Placemark>
            <Placemark id="1954">
                <name>Embedded World </name>
                <description>
                category  : Do_Annual events_January-May &lt;br&gt;
                address  : Nürnberg Exhibition Centre  &lt;br&gt;
                url  : https://www.embedded-world.de/en  &lt;br&gt;
                description  : One of the largest electronics shows in Europe, and a must see for anyone interested in high tech gadgets (robots, tablets, artificial intelligence, ...). &lt;br&gt;
                </description>
                <styleUrl>#150</styleUrl>
                <Point id="1953">
                    <coordinates>11.117,49.4175,0.0</coordinates>
                </Point>
            </Placemark>
            <Placemark id="1956">
                <name>Rock im Park </name>
                <description>
                category  : Do_Annual events_June-August &lt;br&gt;
                address  : Zeppelinfeld, Dutzendteich  &lt;br&gt;
                url  : http://www.rock-im-park.com  &lt;br&gt;
                description  : Annual rock festival, featuring alternative rock, heavy metal, punk rock, &amp; electronic music. It’s held simultaneously with the Rock am Ring festival at Nürburgring motor racing circuit, with most artistes appearing at both. &lt;br&gt;
                </description>
                <styleUrl>#150</styleUrl>
                <Point id="1955">
                    <coordinates>11.1290765,49.4273372,0.0</coordinates>
                </Point>
            </Placemark>
            <Placemark id="1958">
                <name>Open Air Classics </name>
                <description>
                category  : Do_Annual events_June-August &lt;br&gt;
                address  : Dutzendteich  &lt;br&gt;
                url  : http://www.klassikopenair.nuernberg.de &lt;br&gt;
                description  : Concerts staged on two summer weekends, two weeks apart, in the park at Dutzendteich. &lt;br&gt;
                </description>
                <styleUrl>#150</styleUrl>
                <Point id="1957">
                    <coordinates>11.1187414,49.4258793,0.0</coordinates>
                </Point>
            </Placemark>
            <Placemark id="1960">
                <name>1. FC Nuremberg </name>
                <description>
                category  : Do_Sport &lt;br&gt;
                address  : Max Morlock Stadium  &lt;br&gt;
                url  : http://www.fcn.de/en/  &lt;br&gt;
                description  : The club, founded in 1900, play soccer in the 2. Bundesliga, Germany's second division. In 2017 the stadium was renamed for famous player Max Morlock, but the S-bahn station still reflects a former name &quot;Frankenstadion&quot;. &lt;br&gt;
                </description>
                <styleUrl>#150</styleUrl>
                <Point id="1959">
                    <coordinates>11.1256706,49.4262569,0.0</coordinates>
                </Point>
            </Placemark>
            <Placemark id="1962">
                <name>Climbing Factory </name>
                <description>
                category  : Do_Sport &lt;br&gt;
                address  :   &lt;br&gt;
                url  : http://www.climbing-factory.de  &lt;br&gt;
                description  : Indoor climbing on 850 m². &lt;br&gt;
                </description>
                <styleUrl>#150</styleUrl>
                <Point id="1961">
                    <coordinates>11.0352878,49.4596241,0.0</coordinates>
                </Point>
            </Placemark>
            <Placemark id="1964">
                <name>Nuremberg Falcons </name>
                <description>
                category  : Do_Sport &lt;br&gt;
                address  :   &lt;br&gt;
                url  : http://www.n-bc.de/  &lt;br&gt;
                description  : After finishing second in the 2018/2019 second division season they qualified for promotion to the first division on the court but were denied promotion due to their temporary home field not being up for first division standards and their somewhat limited funds. Their home games can sell out quickly and the fans make you forget that their temporary venues are essentially a glorified tent on an airport parking lot. &lt;br&gt;
                </description>
                <styleUrl>#150</styleUrl>
                <Point id="1963">
                    <coordinates>11.1265635,49.4654567,0.0</coordinates>
                </Point>
            </Placemark>
            <Placemark id="1966">
                <name>Nurembergs Underworld (Nürnberger Felsengänge) </name>
                <description>
                category  : Do_Other &lt;br&gt;
                address  : Bergstraße 19  &lt;br&gt;
                url  : http://www.felsengaenge-nuernberg.de/en_index.htm  &lt;br&gt;
                description  : The sandstone bedrock of Nuremberg's castle hill is riddled with vaulted cellars and passageways. Mostly carved out in the 14th century, they include beer cellars, casemates, water conduits; in World War II they were used as air raid shelters. By guided tour only, bring stout footwear and extra cardigans, it's cold down there. &lt;br&gt;
                </description>
                <styleUrl>#150</styleUrl>
                <Point id="1965">
                    <coordinates>11.0748841,49.4569902,0.0</coordinates>
                </Point>
            </Placemark>
            <Placemark id="1968">
                <name>Medieval Dungeons </name>
                <description>
                category  : Do_Other &lt;br&gt;
                address  : Rathausplatz 2  &lt;br&gt;
                url  : http://www.museums.nuremberg.de/mediaeval-dungeons/index.html  &lt;br&gt;
                description  : Medieval prison and torture museum under the city hall. Accessible only by guided tour. Not suitable for children under 10 and those with mobility impairments. &lt;br&gt;
                </description>
                <styleUrl>#150</styleUrl>
                <Point id="1967">
                    <coordinates>11.0772043,49.455265,0.0</coordinates>
                </Point>
            </Placemark>
            <Placemark id="1970">
                <name>Cinecitta </name>
                <description>
                category  : Do_Other &lt;br&gt;
                address  :   &lt;br&gt;
                url  : http://www.cinecitta.de  &lt;br&gt;
                description  : The biggest multiplex cinema in Germany. 18 movie theaters, one IMAX theater, one &quot;motion action drive&quot; cinema, three restaurants, twelve bars and five outside terraces with view on the historic town. &lt;br&gt;
                </description>
                <styleUrl>#150</styleUrl>
                <Point id="1969">
                    <coordinates>11.083333,49.451944,0.0</coordinates>
                </Point>
            </Placemark>
            <Placemark id="1972">
                <name>Langwasserbad </name>
                <description>
                category  : Do_Wellness &lt;br&gt;
                address  : Breslauer Straße 251  &lt;br&gt;
                url  : https://nuernbergbad.nuernberg.de  &lt;br&gt;
                description  : Large indoor swimming pool with sauna and wellness facilities. Bathing and wellness is mixed gender, use of the pool requires beach wear. No towels, slippers, or drinks included in the entrance fee so you'll need to supply these yourself. Children and teenagers from 6 years old and up are allowed in under adult supervision. &lt;br&gt;
                </description>
                <styleUrl>#150</styleUrl>
                <Point id="1971">
                    <coordinates>11.14439,49.41145,0.0</coordinates>
                </Point>
            </Placemark>
            <Placemark id="1974">
                <name>City Point </name>
                <description>
                category  : Buy_Malls &lt;br&gt;
                address  : Breite Gasse 5  &lt;br&gt;
                url  :   &lt;br&gt;
                description  :  &lt;br&gt;
                </description>
                <styleUrl>#166</styleUrl>
                <Point id="1973">
                    <coordinates>11.0769137,49.4499594,0.0</coordinates>
                </Point>
            </Placemark>
            <Placemark id="1976">
                <name>mercado </name>
                <description>
                category  : Buy_Malls &lt;br&gt;
                address  : Äußere Bayreuther Straße 80 (North)  &lt;br&gt;
                url  :   &lt;br&gt;
                description  :  &lt;br&gt;
                </description>
                <styleUrl>#166</styleUrl>
                <Point id="1975">
                    <coordinates>11.102,49.4696,0.0</coordinates>
                </Point>
            </Placemark>
            <Placemark id="1978">
                <name>Franken-Center </name>
                <description>
                category  : Buy_Malls &lt;br&gt;
                address  : Glogauer Straße 30-38 (South)  &lt;br&gt;
                url  :   &lt;br&gt;
                description  :  &lt;br&gt;
                </description>
                <styleUrl>#166</styleUrl>
                <Point id="1977">
                    <coordinates>11.133611,49.403611,0.0</coordinates>
                </Point>
            </Placemark>
            <Placemark id="1980">
                <name>Puma Sport </name>
                <description>
                category  : Buy_Outlets &lt;br&gt;
                address  : Klingenhofstr. 70 (North-West)  &lt;br&gt;
                url  :   &lt;br&gt;
                description  :  &lt;br&gt;
                </description>
                <styleUrl>#166</styleUrl>
                <Point id="1979">
                    <coordinates>0.0,0.0,0.0</coordinates>
                </Point>
            </Placemark>
            <Placemark id="1982">
                <name>Mono-Ton </name>
                <description>
                category  : Buy_Records &lt;br&gt;
                address  : Färberstraße 44  &lt;br&gt;
                url  : http://www.mono-ton.eu/  &lt;br&gt;
                description  :  &lt;br&gt;
                </description>
                <styleUrl>#166</styleUrl>
                <Point id="1981">
                    <coordinates>11.0718689,49.4481643,0.0</coordinates>
                </Point>
            </Placemark>
            <Placemark id="1984">
                <name>Red Curry House </name>
                <description>
                category  : Eat_Budget &lt;br&gt;
                address  : Lorenzer Straße 29  &lt;br&gt;
                url  : https://www.red-curry-house.de/  &lt;br&gt;
                description  : South East Asian food, tasty, with very good value for price small dishes &lt;br&gt;
                </description>
                <styleUrl>#82</styleUrl>
                <Point id="1983">
                    <coordinates>11.0823,49.4501,0.0</coordinates>
                </Point>
            </Placemark>
            <Placemark id="1986">
                <name>Suppdiwupp </name>
                <description>
                category  : Eat_Budget &lt;br&gt;
                address  : Lorenzer Straße 27  &lt;br&gt;
                url  : http://www.suppdiwupp.com/  &lt;br&gt;
                description  : Great soups and hotpots served with fresh traditional style bread; the offerings change and there are not many dishes, but usually everybody should find something along her/his taste on the menu. &lt;br&gt;
                </description>
                <styleUrl>#82</styleUrl>
                <Point id="1985">
                    <coordinates>11.0822,49.4501,0.0</coordinates>
                </Point>
            </Placemark>
            <Placemark id="1988">
                <name>Schlemmer Eck - Schlütter's Echte </name>
                <description>
                category  : Eat_Budget &lt;br&gt;
                address  : Brunnengasse 33  &lt;br&gt;
                url  :   &lt;br&gt;
                description  : The original Nuremberg sausages from the producer in the city. The place is hidden in a small lane. &lt;br&gt;
                </description>
                <styleUrl>#82</styleUrl>
                <Point id="1987">
                    <coordinates>11.0752246,49.4502938,0.0</coordinates>
                </Point>
            </Placemark>
            <Placemark id="1990">
                <name>Cafe Treibhaus </name>
                <description>
                category  : Eat_Budget &lt;br&gt;
                address  : Karl-Grillenberger-Straße 28  &lt;br&gt;
                url  :   &lt;br&gt;
                description  : Really a great corner during the day to chill &amp; enjoy. Quiet area and lovely shade on a hot day. A very pleasant and quiet place. Nice to sit outside. &lt;br&gt;
                </description>
                <styleUrl>#82</styleUrl>
                <Point id="1989">
                    <coordinates>11.0697579,49.4516195,0.0</coordinates>
                </Point>
            </Placemark>
            <Placemark id="1992">
                <name>Max Express </name>
                <description>
                category  : Eat_Budget &lt;br&gt;
                address  :  Tucherstraße 42 &lt;br&gt;
                url  :   &lt;br&gt;
                description  : Turkey schnitzel and pizza are delicious. Staff very friendly. &lt;br&gt;
                </description>
                <styleUrl>#82</styleUrl>
                <Point id="1991">
                    <coordinates>11.0823951,49.4542809,0.0</coordinates>
                </Point>
            </Placemark>
            <Placemark id="1994">
                <name>Brezen Kolb </name>
                <description>
                category  : Eat_Budget &lt;br&gt;
                address  : Karolinenstraße  &lt;br&gt;
                url  :   &lt;br&gt;
                description  : Brezen Kolb is the undisputed local hero in the Nuremberg pretzel business. Especially recommended with butter and chives. &lt;br&gt;
                </description>
                <styleUrl>#82</styleUrl>
                <Point id="1993">
                    <coordinates>11.077318,49.4508854,0.0</coordinates>
                </Point>
            </Placemark>
            <Placemark id="1996">
                <name>Wurstdurst </name>
                <description>
                category  : Eat_Budget &lt;br&gt;
                address  : Luitpoldstraße 13  &lt;br&gt;
                url  :   &lt;br&gt;
                description  : Serving the typical German currywurst. Ambiance and food top notch. Cozy atmosphere and super friendly staff. Also offering a tasty vegan currywurst. &lt;br&gt;
                </description>
                <styleUrl>#82</styleUrl>
                <Point id="1995">
                    <coordinates>11.078922,49.4480221,0.0</coordinates>
                </Point>
            </Placemark>
            <Placemark id="1998">
                <name> Bra Kebap </name>
                <description>
                category  : Eat_Budget &lt;br&gt;
                address  : Färberstraße 2  &lt;br&gt;
                url  :   &lt;br&gt;
                description  : Good fresh ingredients. The dough for Dürüm is freshly prepared. You can choose between veal and chicken when it comes to meat. &lt;br&gt;
                </description>
                <styleUrl>#82</styleUrl>
                <Point id="1997">
                    <coordinates>11.0733162,49.4512049,0.0</coordinates>
                </Point>
            </Placemark>
            <Placemark id="2000">
                <name>Historische Bratwurstküche - Zum Guldenen Stern </name>
                <description>
                category  : Eat_Mid-range &lt;br&gt;
                address  : Zirkelschmiedsgasse 26  &lt;br&gt;
                url  : http://www.bratwurstkueche.de/  &lt;br&gt;
                description  : Restaurant in an old timber-framed house specializing in roasted sausages. Oldest sausage restaurant in the world, since 1419. Located in a small pedestrian zone in the Lorenz district, near Jacobsplatz, walkable distance (ca. 10 minutes) from the central station &lt;br&gt;
                </description>
                <styleUrl>#86</styleUrl>
                <Point id="1999">
                    <coordinates>11.0708593,49.448326,0.0</coordinates>
                </Point>
            </Placemark>
            <Placemark id="2002">
                <name>Goldenes Posthorn </name>
                <description>
                category  : Eat_Mid-range &lt;br&gt;
                address  : Glöckleinsgasse 2  &lt;br&gt;
                url  : http://www.die-nuernberger-bratwurst.de  &lt;br&gt;
                description  : Traditional restaurant in the old city centre. Founded in 1498. &lt;br&gt;
                </description>
                <styleUrl>#86</styleUrl>
                <Point id="2001">
                    <coordinates>11.0765844,49.455768,0.0</coordinates>
                </Point>
            </Placemark>
            <Placemark id="2004">
                <name>Bratwursthäusle </name>
                <description>
                category  : Eat_Mid-range &lt;br&gt;
                address  : Rathausplatz 1  &lt;br&gt;
                url  : https://die-nuernberger-bratwurst.de/  &lt;br&gt;
                description  : Restaurant in the old city centre specializing in roasted sausages. You can see many tourists there as it's one of the most frequented places to have a &quot;Bratwurst&quot; (grilled sausage). One of the most common packages is &quot;Drei im Weckla&quot; (three [sausages] in a bread roll). &lt;br&gt;
                </description>
                <styleUrl>#86</styleUrl>
                <Point id="2003">
                    <coordinates>11.0767741,49.4549326,0.0</coordinates>
                </Point>
            </Placemark>
            <Placemark id="2006">
                <name>Restaurant Heilig-Geist-Spital </name>
                <description>
                category  : Eat_Mid-range &lt;br&gt;
                address  : Spitalgasse 16  &lt;br&gt;
                url  : http://www.heilig-geist-spital.de/  &lt;br&gt;
                description  : Mainly local cuisine. Historic dining room situated over the river Pegnitz. &lt;br&gt;
                </description>
                <styleUrl>#86</styleUrl>
                <Point id="2005">
                    <coordinates>11.0791668,49.453001,0.0</coordinates>
                </Point>
            </Placemark>
            <Placemark id="2008">
                <name>Steichele, Hotel &amp; Weinrestaurant. </name>
                <description>
                category  : Eat_Mid-range &lt;br&gt;
                address  : Knorrstraße 2-8  &lt;br&gt;
                url  : http://www.steichele.de/index.php?lang &lt;br&gt;
                description  : Local cuisine. The Steichele has the opportunity to try, dink and buy selected wines from &quot;Franken&quot;, the &quot;Pfalz&quot;, &quot;Südtirol&quot; and many more producing regions of Germany. &lt;br&gt;
                </description>
                <styleUrl>#86</styleUrl>
                <Point id="2007">
                    <coordinates>11.0708994,49.4493938,0.0</coordinates>
                </Point>
            </Placemark>
            <Placemark id="2010">
                <name>Kuhmuhne </name>
                <description>
                category  : Eat_Mid-range &lt;br&gt;
                address  : Weintraubengasse 2  &lt;br&gt;
                url  : http://kuhmuhne-nuernberg.de/  &lt;br&gt;
                description  : If you want tasty burgers without going to a chain of restaurants and regional quality ingredients, this nice burger place is for you. Portions are quite Franconian (i.e. a little too big, maybe ;-) &lt;br&gt;
                </description>
                <styleUrl>#86</styleUrl>
                <Point id="2009">
                    <coordinates>11.0743,49.4543,0.0</coordinates>
                </Point>
            </Placemark>
            <Placemark id="2012">
                <name>Zum Spießgesellen </name>
                <description>
                category  : Eat_Mid-range &lt;br&gt;
                address  : Rathausplatz 4  &lt;br&gt;
                url  : http://www.spiessgeselle.de  &lt;br&gt;
                description  :  &lt;br&gt;
                </description>
                <styleUrl>#86</styleUrl>
                <Point id="2011">
                    <coordinates>11.0775559,49.454634,0.0</coordinates>
                </Point>
            </Placemark>
            <Placemark id="2014">
                <name>Sangam Restaurant </name>
                <description>
                category  : Eat_Mid-range &lt;br&gt;
                address  : Königstr. 83-87  &lt;br&gt;
                url  : http://sangam-nuernberg.de/  &lt;br&gt;
                description  : Tasty authentic traditional Indian cuisine &lt;br&gt;
                </description>
                <styleUrl>#86</styleUrl>
                <Point id="2013">
                    <coordinates>11.0833,49.4474,0.0</coordinates>
                </Point>
            </Placemark>
            <Placemark id="2016">
                <name>Tibet Café Restaurant </name>
                <description>
                category  : Eat_Mid-range &lt;br&gt;
                address  : Johannisstr. 28  &lt;br&gt;
                url  : http://cafe-tibet.de/  &lt;br&gt;
                description  : Indian style food &lt;br&gt;
                </description>
                <styleUrl>#86</styleUrl>
                <Point id="2015">
                    <coordinates>11.0674688,49.4576344,0.0</coordinates>
                </Point>
            </Placemark>
            <Placemark id="2018">
                <name>Mesob </name>
                <description>
                category  : Eat_Mid-range &lt;br&gt;
                address  : Pillenreuther Straße 20  &lt;br&gt;
                url  : http://mesob.de/  &lt;br&gt;
                description  : Ethiopian and Eritrean cuisine; while the atmosphere is merely ok, the staff is friendly and the food delicious. &lt;br&gt;
                </description>
                <styleUrl>#86</styleUrl>
                <Point id="2017">
                    <coordinates>11.08131,49.44165,0.0</coordinates>
                </Point>
            </Placemark>
            <Placemark id="2020">
                <name>Albrecht-Dürer-Stube </name>
                <description>
                category  : Eat_Mid-range &lt;br&gt;
                address  : Albrecht-Dürer-Straße 6  &lt;br&gt;
                url  : http://www.albrecht-duerer-stube.de/  &lt;br&gt;
                description  : A very traditional Franconian restaurant, frequented by locals and tourists alike. It is a good choice if you want to have some hearty local food in an unpretentious atmosphere. As the venue is small and popular, it is often necessary to have an advance reservation. &lt;br&gt;
                </description>
                <styleUrl>#86</styleUrl>
                <Point id="2019">
                    <coordinates>11.07429,49.45622,0.0</coordinates>
                </Point>
            </Placemark>
            <Placemark id="2022">
                <name>Padelle d'Italia </name>
                <description>
                category  : Eat_Mid-range &lt;br&gt;
                address  : Theatergasse 17  &lt;br&gt;
                url  : http://www.padelleditalia.de/de/  &lt;br&gt;
                description  : A place to go for authentic Italian cuisine. It may be quite crowded and somewhat loud, but you will most probably find Italians here, too. &lt;br&gt;
                </description>
                <styleUrl>#86</styleUrl>
                <Point id="2021">
                    <coordinates>11.0801,49.4498,0.0</coordinates>
                </Point>
            </Placemark>
            <Placemark id="2024">
                <name>KonTiki </name>
                <description>
                category  : Eat_Splurge &lt;br&gt;
                address  : Untere Wörthstraße 10-14  &lt;br&gt;
                url  : http://www.kontiki-nuernberg.de/  &lt;br&gt;
                description  : Local, Steak and Fish cuisine. Small Beergarden on the river Pegnitz. &lt;br&gt;
                </description>
                <styleUrl>#90</styleUrl>
                <Point id="2023">
                    <coordinates>11.0738692,49.4525634,0.0</coordinates>
                </Point>
            </Placemark>
            <Placemark id="2026">
                <name>Würzhaus </name>
                <description>
                category  : Eat_Splurge &lt;br&gt;
                address  : Kirchenweg 3a  &lt;br&gt;
                url  : http://www.wuerzhaus.info/  &lt;br&gt;
                description  : Franconian lunch, on evenings a rather upscale à la carte offering (as of groups of 8, a special menu can be prepared) &lt;br&gt;
                </description>
                <styleUrl>#90</styleUrl>
                <Point id="2025">
                    <coordinates>11.0699302,49.4622654,0.0</coordinates>
                </Point>
            </Placemark>
            <Placemark id="2028">
                <name>Essigbrätlein </name>
                <description>
                category  : Eat_Splurge &lt;br&gt;
                address  : Weinmarkt 3  &lt;br&gt;
                url  : http://www.essigbraetlein.de/  &lt;br&gt;
                description  : Famous gourmet cuisine. &lt;br&gt;
                </description>
                <styleUrl>#90</styleUrl>
                <Point id="2027">
                    <coordinates>11.0749285,49.4550518,0.0</coordinates>
                </Point>
            </Placemark>
            <Placemark id="2030">
                <name>Kaffee Hörna </name>
                <description>
                category  : Drink_Cafés &lt;br&gt;
                address  : Scheurlstr. 11  &lt;br&gt;
                url  :   &lt;br&gt;
                description  : A tiny modern café with delicious Swedish-style cakes. &lt;br&gt;
                </description>
                <styleUrl>#58</styleUrl>
                <Point id="2029">
                    <coordinates>11.08935,49.44523,0.0</coordinates>
                </Point>
            </Placemark>
            <Placemark id="2032">
                <name>Café Kaulbach </name>
                <description>
                category  : Drink_Cafés &lt;br&gt;
                address  : Schweppermannstraße 28  &lt;br&gt;
                url  : http://www.daskaulbach.de/  &lt;br&gt;
                description  : The venue of the two great cake bakers that formerly operated the Café Wohlleben. &lt;br&gt;
                </description>
                <styleUrl>#58</styleUrl>
                <Point id="2031">
                    <coordinates>11.0774559,49.4631762,0.0</coordinates>
                </Point>
            </Placemark>
            <Placemark id="2034">
                <name>Balazzo Brozzi </name>
                <description>
                category  : Drink_Cafés &lt;br&gt;
                address  :   &lt;br&gt;
                url  : http://www.balazzobrozzi.de  &lt;br&gt;
                description  : A somewhat alternative café also regularly hosting subculture. &lt;br&gt;
                </description>
                <styleUrl>#58</styleUrl>
                <Point id="2033">
                    <coordinates>11.06452,49.45244,0.0</coordinates>
                </Point>
            </Placemark>
            <Placemark id="2036">
                <name>Zeitungs-Café Herrmann Kesten </name>
                <description>
                category  : Drink_Cafés &lt;br&gt;
                address  : Peter-Vischer-Straße 3  &lt;br&gt;
                url  :   &lt;br&gt;
                description  : A quiet retreat off city life, you may perfectly head here to read one of the many newspapers they offer or something you bring for yourself, for example. &lt;br&gt;
                </description>
                <styleUrl>#58</styleUrl>
                <Point id="2035">
                    <coordinates>11.08174,49.45197,0.0</coordinates>
                </Point>
            </Placemark>
            <Placemark id="2038">
                <name>Salon Regina </name>
                <description>
                category  : Drink_Cafés &lt;br&gt;
                address  : Fürther Straße 64  &lt;br&gt;
                url  :   &lt;br&gt;
                description  : A café at day and a nice bar with a variety of people in the early evening - good to visit during daytime or to start your evening in Gostenhof. &lt;br&gt;
                </description>
                <styleUrl>#58</styleUrl>
                <Point id="2037">
                    <coordinates>11.05413,49.45166,0.0</coordinates>
                </Point>
            </Placemark>
            <Placemark id="2040">
                <name>Zumikon </name>
                <description>
                category  : Drink_Cafés &lt;br&gt;
                address  : Großweidenmühlstraße 21  &lt;br&gt;
                url  :   &lt;br&gt;
                description  : Summer retreat and a friendly café with cake and partly also small, fresh dishes and great ice cream. &lt;br&gt;
                </description>
                <styleUrl>#58</styleUrl>
                <Point id="2039">
                    <coordinates>11.0625243,49.4570577,0.0</coordinates>
                </Point>
            </Placemark>
            <Placemark id="2042">
                <name>Café Mainheim </name>
                <description>
                category  : Drink_Cafés &lt;br&gt;
                address  : Bauerngasse 18 (Gostenhof)  &lt;br&gt;
                url  : http://www.cafemainheim.de/  &lt;br&gt;
                description  : a nice and friendly café with a lot of space and air to breathe. Provides free WiFi for guests. &lt;br&gt;
                </description>
                <styleUrl>#58</styleUrl>
                <Point id="2041">
                    <coordinates>11.06083,49.44571,0.0</coordinates>
                </Point>
            </Placemark>
            <Placemark id="2044">
                <name>Caffé Fatal </name>
                <description>
                category  : Drink_Cafés &lt;br&gt;
                address  : Jagdstraße 16  &lt;br&gt;
                url  : http://caffe-fatal.de/  &lt;br&gt;
                description  : A nice caffé with small dishes and a great breakfasts buffet. &lt;br&gt;
                </description>
                <styleUrl>#58</styleUrl>
                <Point id="2043">
                    <coordinates>11.07042,49.46097,0.0</coordinates>
                </Point>
            </Placemark>
            <Placemark id="2046">
                <name>Hildes Backwut </name>
                <description>
                category  : Drink_Cafés &lt;br&gt;
                address  : Schloßstraße 48  &lt;br&gt;
                url  : http://www.hildesbackwut.de/  &lt;br&gt;
                description  : A traditional bakery with a café, where they bake delicious bread, pastry, cakes. &lt;br&gt;
                </description>
                <styleUrl>#58</styleUrl>
                <Point id="2045">
                    <coordinates>11.1062,49.4457,0.0</coordinates>
                </Point>
            </Placemark>
            <Placemark id="2048">
                <name>Eddy Would Attack </name>
                <description>
                category  : Drink_Cafés &lt;br&gt;
                address  : Frauentormauer 18  &lt;br&gt;
                url  : https://www.eddywouldattack.de/  &lt;br&gt;
                description  : A crazy combination of a bike repair shop and café, located centrally in Nurembergs red light area; offers breakfast, cakes etc. – and newspapers and bike journals to read &lt;br&gt;
                </description>
                <styleUrl>#58</styleUrl>
                <Point id="2047">
                    <coordinates>11.078517,49.4470669,0.0</coordinates>
                </Point>
            </Placemark>
            <Placemark id="2050">
                <name>Café Kirsch</name>
                <description>
                category  : Drink_Cafés &lt;br&gt;
                address  :  &lt;br&gt;
                url  : https://www.cafe-kirsch.de &lt;br&gt;
                description  : A cosy and inclusive café where people with and without handicaps cooperate. Unfortunately, at the site, access for people with disabilities is limited (elevated ground floor without a ramp). &lt;br&gt;
                </description>
                <styleUrl>#58</styleUrl>
                <Point id="2049">
                    <coordinates>11.0885963,49.4657214,0.0</coordinates>
                </Point>
            </Placemark>
            <Placemark id="2052">
                <name>Di Simo - caffè e vini </name>
                <description>
                category  : Drink_Cafés &lt;br&gt;
                address  : Trödelmarkt 5-7  &lt;br&gt;
                url  : http://di-simo.de/  &lt;br&gt;
                description  : Nice location overlooking the river. &lt;br&gt;
                </description>
                <styleUrl>#58</styleUrl>
                <Point id="2051">
                    <coordinates>11.0744538,49.452895,0.0</coordinates>
                </Point>
            </Placemark>
            <Placemark id="2054">
                <name>Barfüßer </name>
                <description>
                category  : Drink_Beer &lt;br&gt;
                address  : Hallplatz 2  &lt;br&gt;
                url  : http://www.barfuesser-nuernberg.de  &lt;br&gt;
                description  : A large, lively German-style beer hall, where you can have a keg delivered to your table for you to pour your own drinks. Hearty Franconian food is on the menu, and they brew their own blonde beer. &lt;br&gt;
                </description>
                <styleUrl>#58</styleUrl>
                <Point id="2053">
                    <coordinates>11.0785407,49.4492998,0.0</coordinates>
                </Point>
            </Placemark>
            <Placemark id="2056">
                <name>Mata Hari Bar </name>
                <description>
                category  : Drink_Beer &lt;br&gt;
                address  : Weißgerbergasse 31  &lt;br&gt;
                url  : http://www.mataharibar.de/  &lt;br&gt;
                description  : One of the places where it's easiest to get into conversations when you're coming by yourself. A small but atmosphere-packed place, where you can often hardly move but have great evenings talking about everyone and his brother. &lt;br&gt;
                </description>
                <styleUrl>#58</styleUrl>
                <Point id="2055">
                    <coordinates>11.0723419,49.455017,0.0</coordinates>
                </Point>
            </Placemark>
            <Placemark id="2058">
                <name>Hannemann </name>
                <description>
                category  : Drink_Beer &lt;br&gt;
                address  : Johannesgasse 22  &lt;br&gt;
                url  : https://facebook.com/pg/barhannemann/  &lt;br&gt;
                description  : A bar in between your grandma's style of living room (and similarly relaxed) and a hip modern place – if you want to chat with friends or just hang around easy-going people, that's one of the places you can choose. &lt;br&gt;
                </description>
                <styleUrl>#58</styleUrl>
                <Point id="2057">
                    <coordinates>11.0801723,49.449396,0.0</coordinates>
                </Point>
            </Placemark>
            <Placemark id="2060">
                <name>Kater Murr </name>
                <description>
                category  : Drink_Beer &lt;br&gt;
                address  : Johannesgasse 14  &lt;br&gt;
                url  : https://kater-murr.com/  &lt;br&gt;
                description  : A friendly pub, with ties to the local creative scene, which regularly hosts exhibitions and from time to time other cultural events. &lt;br&gt;
                </description>
                <styleUrl>#58</styleUrl>
                <Point id="2059">
                    <coordinates>11.0806274,49.4495881,0.0</coordinates>
                </Point>
            </Placemark>
            <Placemark id="2062">
                <name>Arsch &amp;amp; Friedrich </name>
                <description>
                category  : Drink_Beer &lt;br&gt;
                address  : Untere Baustraße 14  &lt;br&gt;
                url  : https://facebook.com/arschundfriedrich/  &lt;br&gt;
                description  :  &lt;br&gt;
                </description>
                <styleUrl>#58</styleUrl>
                <Point id="2061">
                    <coordinates>11.09362,49.44464,0.0</coordinates>
                </Point>
            </Placemark>
            <Placemark id="2064">
                <name>Wanderer and Bieramt </name>
                <description>
                category  : Drink_Beer gardens &lt;br&gt;
                address  :  Beim Tiergärtnertor 2 - 6  &lt;br&gt;
                url  : http://www.cafe-wanderer.de/  &lt;br&gt;
                description  : Not a beer garden, but a place popular amongst locals and tourists. You can sit at the square, which becomes quite crowded on warm summer nights. &lt;br&gt;
                </description>
                <styleUrl>#58</styleUrl>
                <Point id="2063">
                    <coordinates>11.0741441,49.4574744,0.0</coordinates>
                </Point>
            </Placemark>
            <Placemark id="2066">
                <name>--</name>
                <description>
                category  : Drink_Beer gardens &lt;br&gt;
                address  :  &lt;br&gt;
                url  :  &lt;br&gt;
                description  :  &lt;br&gt;
                </description>
                <styleUrl>#58</styleUrl>
                <Point id="2065">
                    <coordinates>11.077298,49.453872,0.0</coordinates>
                </Point>
            </Placemark>
            <Placemark id="2068">
                <name>Wiesn' Biergarten on Wörder Wiese </name>
                <description>
                category  : Drink_Beer gardens &lt;br&gt;
                address  : Wöhrder Wiese  &lt;br&gt;
                url  : http://www.wiesn-biergarten.de/index.html  &lt;br&gt;
                description  :  &lt;br&gt;
                </description>
                <styleUrl>#58</styleUrl>
                <Point id="2067">
                    <coordinates>11.0910124,49.4510853,0.0</coordinates>
                </Point>
            </Placemark>
            <Placemark id="2070">
                <name>Marientorzwinger</name>
                <description>
                category  : Drink_Beer gardens &lt;br&gt;
                address  : Lorenzer Straße 33  &lt;br&gt;
                url  : http://www.wirtshaus-marientorzwinger.de/  &lt;br&gt;
                description  :  &lt;br&gt;
                </description>
                <styleUrl>#58</styleUrl>
                <Point id="2069">
                    <coordinates>11.0828251,49.4500325,0.0</coordinates>
                </Point>
            </Placemark>
            <Placemark id="2072">
                <name>Restaurant und Biergarten Kopernikus im Krakauer Haus </name>
                <description>
                category  : Drink_Beer gardens &lt;br&gt;
                address  : Hintere Insel Schütt 34  &lt;br&gt;
                url  : https://www.restauration-kopernikus.de/  &lt;br&gt;
                description  : A restaurant with a special beer garden which is nicely located on the city wall and also has tables along the city wall on a wooden path used with the fortification; the building housing the restaurant is a cultural centre connecting the region with Poland. &lt;br&gt;
                </description>
                <styleUrl>#58</styleUrl>
                <Point id="2071">
                    <coordinates>11.08579,49.4531,0.0</coordinates>
                </Point>
            </Placemark>
            <Placemark id="2074">
                <name>Kulturgarten </name>
                <description>
                category  : Drink_Beer gardens &lt;br&gt;
                address  : Königstraße 39  &lt;br&gt;
                url  : http://www.k4-kulturgarten.de/  &lt;br&gt;
                description  : At the local cultural centre Künstlerhaus. &lt;br&gt;
                </description>
                <styleUrl>#58</styleUrl>
                <Point id="2073">
                    <coordinates>11.0824146,49.4492452,0.0</coordinates>
                </Point>
            </Placemark>
            <Placemark id="2076">
                <name>Schanzenbräu Schankwirtschaft </name>
                <description>
                category  : Drink_Beer gardens &lt;br&gt;
                address  : Adam-Klein-Straße 27  &lt;br&gt;
                url  : https://www.schanzenbraeu.de/schankwirtschaft/  &lt;br&gt;
                description  : The beer garden of one of the hippest Nuremberg breweries. Serve delicious locally-brewed beer. &lt;br&gt;
                </description>
                <styleUrl>#58</styleUrl>
                <Point id="2075">
                    <coordinates>11.0509,49.45076,0.0</coordinates>
                </Point>
            </Placemark>
            <Placemark id="2078">
                <name>Kulturbrauerei Lederer </name>
                <description>
                category  : Drink_Beer gardens &lt;br&gt;
                address  : Sielstraße 12  &lt;br&gt;
                url  : http://erlebnisgastronomie-nuernberg.de/  &lt;br&gt;
                description  :  &lt;br&gt;
                </description>
                <styleUrl>#58</styleUrl>
                <Point id="2077">
                    <coordinates>11.0503851,49.4536692,0.0</coordinates>
                </Point>
            </Placemark>
            <Placemark id="2080">
                <name>Palais Schaumburg </name>
                <description>
                category  : Drink_Beer gardens &lt;br&gt;
                address  : Kernstraße 46  &lt;br&gt;
                url  : http://www.palaisschaumburg.de/  &lt;br&gt;
                description  : One of the smaller beer gardens, this place exists for over 20 years now, nearly becoming an institution. It is especially popular amonsgst the somewhat more alternative and with vegetarians as it offers extensive choice for them. &lt;br&gt;
                </description>
                <styleUrl>#58</styleUrl>
                <Point id="2079">
                    <coordinates>11.053646,49.4481871,0.0</coordinates>
                </Point>
            </Placemark>
            <Placemark id="2082">
                <name>Gelbes Haus </name>
                <description>
                category  : Drink_Cocktails &lt;br&gt;
                address  : Troststraße 10  &lt;br&gt;
                url  : http://www.gelbes-haus.de/  &lt;br&gt;
                description  : This is a mid-sized bar with two rooms, one with wood coated walls (which are nevertheless not &quot;too heavy) and another one with the actual bar in it and in the style of the building; they serve a huge variety of classical, well-prepared cocktails and a good collection of spirits. &lt;br&gt;
                </description>
                <styleUrl>#58</styleUrl>
                <Point id="2081">
                    <coordinates>11.0517576,49.4524566,0.0</coordinates>
                </Point>
            </Placemark>
            <Placemark id="2084">
                <name>Cubano </name>
                <description>
                category  : Drink_Cocktails &lt;br&gt;
                address  : Innere Laufer Gasse  &lt;br&gt;
                url  :   &lt;br&gt;
                description  : Another good cocktail bar. &lt;br&gt;
                </description>
                <styleUrl>#58</styleUrl>
                <Point id="2083">
                    <coordinates>11.0835104,49.455954,0.0</coordinates>
                </Point>
            </Placemark>
            <Placemark id="2086">
                <name>Mach 1 </name>
                <description>
                category  : Drink_Clubs &lt;br&gt;
                address  : Kaiserstraße 1  &lt;br&gt;
                url  : http://www.mach1-club.de/  &lt;br&gt;
                description  : Nice club with good flair. They usually play House music. &lt;br&gt;
                </description>
                <styleUrl>#54</styleUrl>
                <Point id="2085">
                    <coordinates>11.076882,49.452307,0.0</coordinates>
                </Point>
            </Placemark>
            <Placemark id="2088">
                <name>Die Rakete </name>
                <description>
                category  : Drink_Clubs &lt;br&gt;
                address  : Vogelweiherstraße 64  &lt;br&gt;
                url  : http://www.dierakete.com/  &lt;br&gt;
                description  : An institution in electronic music, this small but nice club is known well over the region. &lt;br&gt;
                </description>
                <styleUrl>#54</styleUrl>
                <Point id="2087">
                    <coordinates>11.0713771,49.4267508,0.0</coordinates>
                </Point>
            </Placemark>
            <Placemark id="2090">
                <name>Hirsch </name>
                <description>
                category  : Drink_Clubs &lt;br&gt;
                address  : Vogelweiherstraße 66  &lt;br&gt;
                url  : http://www.der-hirsch.de/  &lt;br&gt;
                description  : Concerts and clubbing (with a focus on electronic music), located in an industrial area in the south of Nürnberg. &lt;br&gt;
                </description>
                <styleUrl>#54</styleUrl>
                <Point id="2089">
                    <coordinates>11.0711,49.4266,0.0</coordinates>
                </Point>
            </Placemark>
            <Placemark id="2092">
                <name>Club Stereo </name>
                <description>
                category  : Drink_Clubs &lt;br&gt;
                address  : Klaragasse 8  &lt;br&gt;
                url  : http://www.club-stereo.net/  &lt;br&gt;
                description  : A small, nice club with changing offers (music genre highly depending on what the current event is), regularly offering nice concerts, too. The club is located in the basement, and shares its entrance with the bar Vorraum which is located on ground floor. &lt;br&gt;
                </description>
                <styleUrl>#54</styleUrl>
                <Point id="2091">
                    <coordinates>11.078716,49.4488696,0.0</coordinates>
                </Point>
            </Placemark>
            <Placemark id="2094">
                <name>MUZclub </name>
                <description>
                category  : Drink_Clubs &lt;br&gt;
                address  : Fürther Str. 63  &lt;br&gt;
                url  : http://www.musikzentrale.com/muzclub/  &lt;br&gt;
                description  : A live music-oriented club with a nice garden for warm summer evenings which is operated by the non-profit music supporting association &quot;Musikzentrale Nürnberg e.V.&quot; which regularly hosts concerts ranging from local scene festivals to somewhat more well-known groups. &lt;br&gt;
                </description>
                <styleUrl>#54</styleUrl>
                <Point id="2093">
                    <coordinates>11.0553,49.4504,0.0</coordinates>
                </Point>
            </Placemark>
            <Placemark id="2096">
                <name>DJH (YHA/HI) </name>
                <description>
                category  : Sleep_Budget &lt;br&gt;
                address  : Burg 2  &lt;br&gt;
                url  : http://www.nuernberg.jugendherberge.de  &lt;br&gt;
                description  : Note that DJH/YHA/HI membership is required (or an extra fee is paid) and, as in all YHA hostels in [[Bavaria]], persons over 27 years of age are only admitted if the hostel is not full. Linen included in price. &lt;br&gt;
                </description>
                <styleUrl>#98</styleUrl>
                <Point id="2095">
                    <coordinates>11.077842,49.458274,0.0</coordinates>
                </Point>
            </Placemark>
            <Placemark id="2098">
                <name>Jugend Hotel </name>
                <description>
                category  : Sleep_Budget &lt;br&gt;
                address  : Rathsbergstr. 300  &lt;br&gt;
                url  : http://www.jugendhotel-nuernberg.de/  &lt;br&gt;
                description  : Wheelchair-accessible rooms, barbecue, TV-lounge, English spoken. &lt;br&gt;
                </description>
                <styleUrl>#98</styleUrl>
                <Point id="2097">
                    <coordinates>11.102202,49.501073,0.0</coordinates>
                </Point>
            </Placemark>
            <Placemark id="2100">
                <name>Don Bosco Jugendwerk </name>
                <description>
                category  : Sleep_Budget &lt;br&gt;
                address  : Don-Bosco-Straße 2  &lt;br&gt;
                url  : http://www.don-bosco-nuernberg.de/  &lt;br&gt;
                description  : A house for young and young-at-heart people. &lt;br&gt;
                </description>
                <styleUrl>#98</styleUrl>
                <Point id="2099">
                    <coordinates>11.02254,49.4606,0.0</coordinates>
                </Point>
            </Placemark>
            <Placemark id="2102">
                <name>Five Reasons Hotel &amp; Hostel </name>
                <description>
                category  : Sleep_Budget &lt;br&gt;
                address  : Frauentormauer 42  &lt;br&gt;
                url  : https://www.five-reasons.de/  &lt;br&gt;
                description  : Renovated, with modern shared showers/WC, and guest kitchen. Breakfast available until 12:00; snacks and drinks are available from reception in the lounge afterward. Some rooms are across the street from the city walls, which keeps some noise out and provides complete privacy, but the views are more historic than lively. &lt;br&gt;
                </description>
                <styleUrl>#98</styleUrl>
                <Point id="2101">
                    <coordinates>11.07426,49.44744,0.0</coordinates>
                </Point>
            </Placemark>
            <Placemark id="2104">
                <name>a&amp;o Nürnberg Hauptbahnhof </name>
                <description>
                category  : Sleep_Budget &lt;br&gt;
                address  : Bahnhofstraße 13-15  &lt;br&gt;
                url  : https://www.aohostels.com/en/nuremberg/nuernberg-hauptbahnhof/  &lt;br&gt;
                description  : Basic rooms, with access to a guest kitchen, bar, lounge, and laundry. &lt;br&gt;
                </description>
                <styleUrl>#98</styleUrl>
                <Point id="2103">
                    <coordinates>11.08615,49.44741,0.0</coordinates>
                </Point>
            </Placemark>
            <Placemark id="2106">
                <name>Holiday Inn Nürnberg City Centre </name>
                <description>
                category  : Sleep_Mid-range_In the Old City &lt;br&gt;
                address  : Engelhardsgasse 12  &lt;br&gt;
                url  : http://www.hi-nuernberg.de/index.php?id &lt;br&gt;
                description  : Built in 2005. &lt;br&gt;
                </description>
                <styleUrl>#102</styleUrl>
                <Point id="2105">
                    <coordinates>11.069479,49.448348,0.0</coordinates>
                </Point>
            </Placemark>
            <Placemark id="2108">
                <name>Hotel Elch </name>
                <description>
                category  : Sleep_Mid-range_In the Old City &lt;br&gt;
                address  : Irrerstr. 9  &lt;br&gt;
                url  : http://www.hotel-elch.com  &lt;br&gt;
                description  : A small hotel in a quaint old building, located on a quiet street a few minutes' walk from several restaurants and sights. &lt;br&gt;
                </description>
                <styleUrl>#102</styleUrl>
                <Point id="2107">
                    <coordinates>11.07332,49.455471,0.0</coordinates>
                </Point>
            </Placemark>
            <Placemark id="2110">
                <name>Hotel Ibis Nuernberg Altstadt </name>
                <description>
                category  : Sleep_Mid-range_In the Old City &lt;br&gt;
                address  : Königstraße 74  &lt;br&gt;
                url  : https://all.accor.com/hotel/1069/index.en.shtml  &lt;br&gt;
                description  : Reasonably priced hotel in the heart of the city. &lt;br&gt;
                </description>
                <styleUrl>#102</styleUrl>
                <Point id="2109">
                    <coordinates>11.080583,49.448084,0.0</coordinates>
                </Point>
            </Placemark>
            <Placemark id="2112">
                <name>Hotel Victoria </name>
                <description>
                category  : Sleep_Mid-range_In the Old City &lt;br&gt;
                address  : Königstraße 80  &lt;br&gt;
                url  : http://www.hotelvictoria.de  &lt;br&gt;
                description  : The hotel in the old city that is closest to the Hauptbahnhof, in a renovated 19th-century building. &lt;br&gt;
                </description>
                <styleUrl>#102</styleUrl>
                <Point id="2111">
                    <coordinates>11.080996,49.447768,0.0</coordinates>
                </Point>
            </Placemark>
            <Placemark id="2114">
                <name>Hotel Fackelmann </name>
                <description>
                category  : Sleep_Mid-range_Near Plärrer &lt;br&gt;
                address  : Essenweinstr. 10  &lt;br&gt;
                url  : http://www.hotel-fackelmann.de  &lt;br&gt;
                description  :  &lt;br&gt;
                </description>
                <styleUrl>#102</styleUrl>
                <Point id="2113">
                    <coordinates>11.072362,49.446052,0.0</coordinates>
                </Point>
            </Placemark>
            <Placemark id="2116">
                <name>Hotel Ibis Nuernburg City am Plaerrer Hotel </name>
                <description>
                category  : Sleep_Mid-range_Near Plärrer &lt;br&gt;
                address  : Steinbühlerstr. 2  &lt;br&gt;
                url  : https://all.accor.com/hotel/0888/index.en.shtml  &lt;br&gt;
                description  :  &lt;br&gt;
                </description>
                <styleUrl>#102</styleUrl>
                <Point id="2115">
                    <coordinates>11.067814,49.446818,0.0</coordinates>
                </Point>
            </Placemark>
            <Placemark id="2118">
                <name>Hotel Leonardo </name>
                <description>
                category  : Sleep_Mid-range_Near Plärrer &lt;br&gt;
                address  : Zufuhrstr. 22  &lt;br&gt;
                url  : http://www.leonardo-hotel-nuernberg-city.de {{dead link &lt;br&gt;
                description  : Part of a small chain of hotels in Germany, amenities include free WiFi in the rooms and free bicycle rental. &lt;br&gt;
                </description>
                <styleUrl>#102</styleUrl>
                <Point id="2117">
                    <coordinates>11.067139,49.445131,0.0</coordinates>
                </Point>
            </Placemark>
            <Placemark id="2120">
                <name>Park Inn by Radisson Nürnberg </name>
                <description>
                category  : Sleep_Mid-range_Near Plärrer &lt;br&gt;
                address  : Sandstraße 2-8  &lt;br&gt;
                url  : https://www.radissonhotels.com/en-us/hotels/park-inn-nuernberg  &lt;br&gt;
                description  :  &lt;br&gt;
                </description>
                <styleUrl>#102</styleUrl>
                <Point id="2119">
                    <coordinates>11.06867,49.4466,0.0</coordinates>
                </Point>
            </Placemark>
            <Placemark id="2122">
                <name>NH Collection Nuremberg City </name>
                <description>
                category  : Sleep_Mid-range_Next to the main train station &lt;br&gt;
                address  : Bahnhofstraße 17-19  &lt;br&gt;
                url  : https://www.nh-hotels.com/hotel/nh-collection-nuernberg-city  &lt;br&gt;
                description  : Central, reliable and easy to find. There are a few other NH hotels in Nuremberg if this one doesn't suit your budget. &lt;br&gt;
                </description>
                <styleUrl>#102</styleUrl>
                <Point id="2121">
                    <coordinates>11.087309,49.447337,0.0</coordinates>
                </Point>
            </Placemark>
            <Placemark id="2124">
                <name>Hotel Marienbad </name>
                <description>
                category  : Sleep_Mid-range_Next to the main train station &lt;br&gt;
                address  : Eilgutstraße 5  &lt;br&gt;
                url  : http://www.hotel-marienbad.de {{dead link &lt;br&gt;
                description  :  &lt;br&gt;
                </description>
                <styleUrl>#102</styleUrl>
                <Point id="2123">
                    <coordinates>11.079509,49.445696,0.0</coordinates>
                </Point>
            </Placemark>
            <Placemark id="2126">
                <name>Hotel Kreuzeck </name>
                <description>
                category  : Sleep_Mid-range_North of the Old City &lt;br&gt;
                address  : Schnepfenreuther Weg 1 (on the corner with Erlanger Straße (B4))  &lt;br&gt;
                url  : http://www.hotel-kreuzeck.de  &lt;br&gt;
                description  :  &lt;br&gt;
                </description>
                <styleUrl>#102</styleUrl>
                <Point id="2125">
                    <coordinates>11.061895,49.4768,0.0</coordinates>
                </Point>
            </Placemark>
            <Placemark id="2128">
                <name>Acom Hotel </name>
                <description>
                category  : Sleep_Mid-range_North of the Old City &lt;br&gt;
                address  : Leipziger Platz 22  &lt;br&gt;
                url  : http://acomhotel-nuernberg.de  &lt;br&gt;
                description  : Budget hotel. &lt;br&gt;
                </description>
                <styleUrl>#102</styleUrl>
                <Point id="2127">
                    <coordinates>11.103746,49.473367,0.0</coordinates>
                </Point>
            </Placemark>
            <Placemark id="2130">
                <name>Mövenpick Hotel Nürnberg-Airport </name>
                <description>
                category  : Sleep_Mid-range_North of the Old City &lt;br&gt;
                address  : Flughafenstraße 100  &lt;br&gt;
                url  : http://www.movenpick.com/en/europe/germany/nuernberg/hotel-nuernberg/overview/  &lt;br&gt;
                description  :  &lt;br&gt;
                </description>
                <styleUrl>#102</styleUrl>
                <Point id="2129">
                    <coordinates>11.079996,49.493168,0.0</coordinates>
                </Point>
            </Placemark>
            <Placemark id="2132">
                <name>Hotel Metropol Nürnberg </name>
                <description>
                category  : Sleep_Mid-range_North of the Old City &lt;br&gt;
                address  : Fürtherstraße 338, Weststadt  &lt;br&gt;
                url  :   &lt;br&gt;
                description  : Budget hotel. Spacious room with private facilities. Buffet breakfast with wide range of foods. Wi-Fi €1 per hour. Free street parking. &lt;br&gt;
                </description>
                <styleUrl>#102</styleUrl>
                <Point id="2131">
                    <coordinates>11.021307,49.462495,0.0</coordinates>
                </Point>
            </Placemark>
            <Placemark id="2134">
                <name>Hotel Kennedy </name>
                <description>
                category  : Sleep_Mid-range_North of the Old City &lt;br&gt;
                address  : Leyher Str. 52  &lt;br&gt;
                url  :   &lt;br&gt;
                description  : Very basic hotel in the west of Nuremberg, with a slightly unfortunate location in the middle of a commercial zone. It's a 15-minute walk from {{rint &lt;br&gt;
                </description>
                <styleUrl>#102</styleUrl>
                <Point id="2133">
                    <coordinates>11.02911,49.45072,0.0</coordinates>
                </Point>
            </Placemark>
            <Placemark id="2136">
                <name>Hotel St. Peter </name>
                <description>
                category  : Sleep_Mid-range_South of the Old City &lt;br&gt;
                address  : Harsdörffer Str. 30  &lt;br&gt;
                url  : http://hotel-st-peter.de  &lt;br&gt;
                description  : Family-run hotel. &lt;br&gt;
                </description>
                <styleUrl>#102</styleUrl>
                <Point id="2135">
                    <coordinates>11.095843,49.442963,0.0</coordinates>
                </Point>
            </Placemark>
            <Placemark id="2138">
                <name>Landgasthof Hotel Gentner </name>
                <description>
                category  : Sleep_Splurge &lt;br&gt;
                address  : Bregenzer Straße 31 &lt;br&gt;
                url  : https://landgasthof-hotel-gentner.de/  &lt;br&gt;
                description  : Has a Bavarian restaurant &quot;Johanns Wirtshaus im Gentner&quot; onsite. &lt;br&gt;
                </description>
                <styleUrl>#106</styleUrl>
                <Point id="2137">
                    <coordinates>11.17391,49.39657,0.0</coordinates>
                </Point>
            </Placemark>
            <Placemark id="2140">
                <name>Fürth</name>
                <description>
                category  : Go next &lt;br&gt;
                address  :  &lt;br&gt;
                url  :  &lt;br&gt;
                description  : Fürth - just 5 km west, this has charming medieval streets, a Jewish museum and a radio museum. &lt;br&gt;
                </description>
                <styleUrl>#170</styleUrl>
                <Point id="2139">
                    <coordinates>10.9587203,49.4885711,0.0</coordinates>
                </Point>
            </Placemark>
            <Placemark id="2142">
                <name>Stein (Mittelfranken)</name>
                <description>
                category  : Go next &lt;br&gt;
                address  :  &lt;br&gt;
                url  :  &lt;br&gt;
                description  : '''Faber Castle''' (as in Faber-Castell pencils; their factory is here) is in the small town of Stein (Mittelfranken). &lt;br&gt;
                </description>
                <styleUrl>#170</styleUrl>
                <Point id="2141">
                    <coordinates>11.0153478,49.4141818,0.0</coordinates>
                </Point>
            </Placemark>
            <Placemark id="2144">
                <name>Erlangen</name>
                <description>
                category  : Go next &lt;br&gt;
                address  :  &lt;br&gt;
                url  :  &lt;br&gt;
                description  : Erlangen - University town with a remarkable collection of museums and early modern architecture (and, of course, bicycles cranked by earnest young men and women). It's also a company town, dominated by Siemens, and has a big Pentecost festival ''Bergkirchweih''. &lt;br&gt;
                </description>
                <styleUrl>#170</styleUrl>
                <Point id="2143">
                    <coordinates>10.9812072,49.5891571,0.0</coordinates>
                </Point>
            </Placemark>
            <Placemark id="2146">
                <name>Schwabach</name>
                <description>
                category  : Go next &lt;br&gt;
                address  :  &lt;br&gt;
                url  :  &lt;br&gt;
                description  : Schwabach - pleasant old town centre. &lt;br&gt;
                </description>
                <styleUrl>#170</styleUrl>
                <Point id="2145">
                    <coordinates>11.0207677,49.3290521,0.0</coordinates>
                </Point>
            </Placemark>
            <Placemark id="2148">
                <name>Bamberg</name>
                <description>
                category  : Go next &lt;br&gt;
                address  :  &lt;br&gt;
                url  :  &lt;br&gt;
                description  : Bamberg - once an ecclesiastical centre, the entire town is a UNESCO World Heritage site for its original Romanesque buildings, which survived the war. Its beer is also famous. &lt;br&gt;
                </description>
                <styleUrl>#170</styleUrl>
                <Point id="2147">
                    <coordinates>10.8868478,49.8916044,0.0</coordinates>
                </Point>
            </Placemark>
            <Placemark id="2150">
                <name>Bayreuth</name>
                <description>
                category  : Go next &lt;br&gt;
                address  :  &lt;br&gt;
                url  :  &lt;br&gt;
                description  : Bayreuth - even if you don't care for opera, admire its baroque centre and collection of palaces. Tickets for the annual Wagner Opera Festival get snapped up months in advance. &lt;br&gt;
                </description>
                <styleUrl>#170</styleUrl>
                <Point id="2149">
                    <coordinates>11.5743543,49.9446345,0.0</coordinates>
                </Point>
            </Placemark>
            <Placemark id="2152">
                <name>Ingolstadt</name>
                <description>
                category  : Go next &lt;br&gt;
                address  :  &lt;br&gt;
                url  :  &lt;br&gt;
                description  : Ingolstadt - is packed with medieval, Renaissance and baroque architecture. &lt;br&gt;
                </description>
                <styleUrl>#170</styleUrl>
                <Point id="2151">
                    <coordinates>11.4250395,48.7630165,0.0</coordinates>
                </Point>
            </Placemark>
            <Placemark id="2154">
                <name>Regensburg</name>
                <description>
                category  : Go next &lt;br&gt;
                address  :  &lt;br&gt;
                url  :  &lt;br&gt;
                description  : Regensburg - astride the Danube and still showing traces of its Roman founders, the city sights reflect its status as a former capital of Bavaria. &lt;br&gt;
                </description>
                <styleUrl>#170</styleUrl>
                <Point id="2153">
                    <coordinates>12.0974869,49.0195333,0.0</coordinates>
                </Point>
            </Placemark>
            <Placemark id="2156">
                <name>Dachau</name>
                <description>
                category  : Go next &lt;br&gt;
                address  :  &lt;br&gt;
                url  :  &lt;br&gt;
                description  : Dachau - was the site of the Third Reich's first concentration camp. &lt;br&gt;
                </description>
                <styleUrl>#170</styleUrl>
                <Point id="2155">
                    <coordinates>11.4354419,48.2592477,0.0</coordinates>
                </Point>
            </Placemark>
        </Folder>
        <Folder id="12">
            <name>atlas_obscura</name>
            <Placemark id="2158">
                <name>
Historischer Kunstbunker
</name>
                <description>
During World War II, the Nazis repurposed this beer cellar to store stolen artwork.
 &lt;br&gt; &lt;br&gt; https://www.atlasobscura.com/places/historischer-kunstbunker</description>
                <styleUrl>#42</styleUrl>
                <Point id="2157">
                    <coordinates>11.074888,49.45744,0.0</coordinates>
                </Point>
            </Placemark>
            <Placemark id="2160">
                <name>
Henkerhaus
</name>
                <description>
Nestled on the banks of a river in Nuremberg is a small museum that was once home of the city's official executioner.
 &lt;br&gt; &lt;br&gt; https://www.atlasobscura.com/places/henkerhaus</description>
                <styleUrl>#42</styleUrl>
                <Point id="2159">
                    <coordinates>11.073317,49.453289,0.0</coordinates>
                </Point>
            </Placemark>
            <Placemark id="2162">
                <name>
Nuremberg Toy Museum
</name>
                <description>
This historic toy museum brings a little whimsy to a city not usually remembered for such things.
 &lt;br&gt; &lt;br&gt; https://www.atlasobscura.com/places/nuremberg-toy-museum</description>
                <styleUrl>#42</styleUrl>
                <Point id="2161">
                    <coordinates>11.074437,49.454627,0.0</coordinates>
                </Point>
            </Placemark>
            <Placemark id="2164">
                <name>
Ehekarussell
</name>
                <description>
This lurid German fountain plots the sad course of marriage from dating to death.
 &lt;br&gt; &lt;br&gt; https://www.atlasobscura.com/places/ehekarussell</description>
                <styleUrl>#42</styleUrl>
                <Point id="2163">
                    <coordinates>11.070953,49.450553,0.0</coordinates>
                </Point>
            </Placemark>
            <Placemark id="2166">
                <name>
The Kongresshalle, Nuremberg
</name>
                <description>
This abandoned coliseum was intended to be a grand Nazi rallying ground before it was halted at the end of the war.
 &lt;br&gt; &lt;br&gt; https://www.atlasobscura.com/places/the-kongresshalle-nuremberg-nuremberg-germany</description>
                <styleUrl>#42</styleUrl>
                <Point id="2165">
                    <coordinates>11.111125,49.434143,0.0</coordinates>
                </Point>
            </Placemark>
            <Placemark id="2168">
                <name>
Nuremberg Castle
</name>
                <description>
A castle from the Holy Roman Empire that hosts traveling youth... in its stables.
 &lt;br&gt; &lt;br&gt; https://www.atlasobscura.com/places/nuremberg-castle</description>
                <styleUrl>#42</styleUrl>
                <Point id="2167">
                    <coordinates>11.075834,49.45808,0.0</coordinates>
                </Point>
            </Placemark>
        </Folder>
        <Folder id="13">
            <name>A</name>
            <Placemark id="1804">
                <name>Schöner Brunnen</name>
                <description>                    category  : water well &lt;br&gt;   
                    sitelinks : 10.0 &lt;br&gt;   
                    articleEN : https://en.wikipedia.org/wiki/Sch%C3%B6ner_Brunnen &lt;br&gt;             
                    articleDE : https://de.wikipedia.org/wiki/Sch%C3%B6ner_Brunnen_(N%C3%BCrnberg) &lt;br&gt;              
                    wikidata_link : http://www.wikidata.org/entity/Q519595</description>
                <styleUrl>#icon-1739-FF8800</styleUrl>
                <Point id="1803">
                    <coordinates>11.077035418164,49.454225847317,0.0</coordinates>
                </Point>
            </Placemark>
            <Placemark id="1806">
                <name>Christkindlesmarkt</name>
                <description>                    category  : annual event &lt;br&gt;   
                    sitelinks : 11.0 &lt;br&gt;   
                    articleEN : https://en.wikipedia.org/wiki/Christkindlesmarkt,_Nuremberg &lt;br&gt;             
                    articleDE : https://de.wikipedia.org/wiki/N%C3%BCrnberger_Christkindlesmarkt &lt;br&gt;              
                    wikidata_link : http://www.wikidata.org/entity/Q832700</description>
                <styleUrl>#icon-1739-FF8800</styleUrl>
                <Point id="1805">
                    <coordinates>11.0772661,49.45393727,0.0</coordinates>
                </Point>
            </Placemark>
            <Placemark id="1808">
                <name>Staatstheater Nürnberg</name>
                <description>                    category  : opera house &lt;br&gt;   
                    sitelinks : 12.0 &lt;br&gt;   
                    articleEN : https://en.wikipedia.org/wiki/Staatstheater_N%C3%BCrnberg &lt;br&gt;             
                    articleDE : https://de.wikipedia.org/wiki/Staatstheater_N%C3%BCrnberg &lt;br&gt;              
                    wikidata_link : http://www.wikidata.org/entity/Q883512</description>
                <styleUrl>#icon-1739-FF8800</styleUrl>
                <Point id="1807">
                    <coordinates>11.0751,49.4464,0.0</coordinates>
                </Point>
            </Placemark>
            <Placemark id="1810">
                <name>Deutsches Stadion</name>
                <description>                    category  : stadium &lt;br&gt;   
                    sitelinks : 12.0 &lt;br&gt;   
                    articleEN : https://en.wikipedia.org/wiki/Deutsches_Stadion &lt;br&gt;             
                    articleDE : https://de.wikipedia.org/wiki/Deutsches_Stadion_(N%C3%BCrnberg) &lt;br&gt;              
                    wikidata_link : http://www.wikidata.org/entity/Q473806</description>
                <styleUrl>#icon-1739-FF8800</styleUrl>
                <Point id="1809">
                    <coordinates>11.114142,49.422197,0.0</coordinates>
                </Point>
            </Placemark>
            <Placemark id="1812">
                <name>Nuremberg Transport Museum</name>
                <description>                    category  : railway museum &lt;br&gt;   
                    sitelinks : 12.0 &lt;br&gt;   
                    articleEN : https://en.wikipedia.org/wiki/Nuremberg_Transport_Museum &lt;br&gt;             
                    articleDE : https://de.wikipedia.org/wiki/Verkehrsmuseum_N%C3%BCrnberg &lt;br&gt;              
                    wikidata_link : http://www.wikidata.org/entity/Q458915</description>
                <styleUrl>#icon-1739-FF8800</styleUrl>
                <Point id="1811">
                    <coordinates>11.074444,49.445556,0.0</coordinates>
                </Point>
            </Placemark>
            <Placemark id="1814">
                <name>Palace of Justice</name>
                <description>                    category  : courthouse &lt;br&gt;   
                    sitelinks : 12.0 &lt;br&gt;   
                    articleEN : https://en.wikipedia.org/wiki/Palace_of_Justice,_Nuremberg &lt;br&gt;             
                    articleDE : https://de.wikipedia.org/wiki/Justizpalast_(N%C3%BCrnberg) &lt;br&gt;              
                    wikidata_link : http://www.wikidata.org/entity/Q128652</description>
                <styleUrl>#icon-1739-FF8800</styleUrl>
                <Point id="1813">
                    <coordinates>11.046461274603,49.454830791892,0.0</coordinates>
                </Point>
            </Placemark>
            <Placemark id="1816">
                <name>Battle of the Alte Veste</name>
                <description>                    category  : battle &lt;br&gt;   
                    sitelinks : 13.0 &lt;br&gt;   
                    articleEN : https://en.wikipedia.org/wiki/Battle_of_the_Alte_Veste &lt;br&gt;             
                    articleDE : https://de.wikipedia.org/wiki/Schlacht_an_der_Alten_Veste &lt;br&gt;              
                    wikidata_link : http://www.wikidata.org/entity/Q2002331</description>
                <styleUrl>#icon-1739-FF8800</styleUrl>
                <Point id="1815">
                    <coordinates>10.96527778,49.45277778,0.0</coordinates>
                </Point>
            </Placemark>
            <Placemark id="1818">
                <name>Nuremberg tram system</name>
                <description>                    category  : tram system &lt;br&gt;   
                    sitelinks : 13.0 &lt;br&gt;   
                    articleEN : https://en.wikipedia.org/wiki/Trams_in_Nuremberg &lt;br&gt;             
                    articleDE : https://de.wikipedia.org/wiki/Stra%C3%9Fenbahn_N%C3%BCrnberg &lt;br&gt;              
                    wikidata_link : http://www.wikidata.org/entity/Q318656</description>
                <styleUrl>#icon-1739-FF8800</styleUrl>
                <Point id="1817">
                    <coordinates>11.0833,49.45,0.0</coordinates>
                </Point>
            </Placemark>
            <Placemark id="1820">
                <name>Nuremberg Zoo</name>
                <description>                    category  : zoo &lt;br&gt;   
                    sitelinks : 14.0 &lt;br&gt;   
                    articleEN : https://en.wikipedia.org/wiki/Nuremberg_Zoo &lt;br&gt;             
                    articleDE : https://de.wikipedia.org/wiki/Tiergarten_N%C3%BCrnberg &lt;br&gt;              
                    wikidata_link : http://www.wikidata.org/entity/Q686220</description>
                <styleUrl>#icon-1739-FF8800</styleUrl>
                <Point id="1819">
                    <coordinates>11.144819921531,49.447367421531,0.0</coordinates>
                </Point>
            </Placemark>
            <Placemark id="1822">
                <name>City walls of Nuremberg</name>
                <description>                    category  : city walls &lt;br&gt;   
                    sitelinks : 14.0 &lt;br&gt;   
                    articleEN : https://en.wikipedia.org/wiki/City_walls_of_Nuremberg &lt;br&gt;             
                    articleDE : https://de.wikipedia.org/wiki/Stadtmauer_(N%C3%BCrnberg) &lt;br&gt;              
                    wikidata_link : http://www.wikidata.org/entity/Q538314</description>
                <styleUrl>#icon-1739-FF8800</styleUrl>
                <Point id="1821">
                    <coordinates>11.0883,49.4577,0.0</coordinates>
                </Point>
            </Placemark>
            <Placemark id="1824">
                <name>Nuremberg S-Bahn</name>
                <description>                    category  : S-Bahn &lt;br&gt;   
                    sitelinks : 17.0 &lt;br&gt;   
                    articleEN : https://en.wikipedia.org/wiki/Nuremberg_S-Bahn &lt;br&gt;             
                    articleDE : https://de.wikipedia.org/wiki/S-Bahn_N%C3%BCrnberg &lt;br&gt;              
                    wikidata_link : http://www.wikidata.org/entity/Q564895</description>
                <styleUrl>#icon-1739-FF8800</styleUrl>
                <Point id="1823">
                    <coordinates>11.083333333333,49.45,0.0</coordinates>
                </Point>
            </Placemark>
            <Placemark id="1826">
                <name>Albrecht Dürer's House</name>
                <description>                    category  : art museum &lt;br&gt;   
                    sitelinks : 17.0 &lt;br&gt;   
                    articleEN : https://en.wikipedia.org/wiki/Albrecht_D%C3%BCrer%27s_House &lt;br&gt;             
                    articleDE : https://de.wikipedia.org/wiki/Albrecht-D%C3%BCrer-Haus &lt;br&gt;              
                    wikidata_link : http://www.wikidata.org/entity/Q523148</description>
                <styleUrl>#icon-1739-FF8800</styleUrl>
                <Point id="1825">
                    <coordinates>11.0739,49.4572,0.0</coordinates>
                </Point>
            </Placemark>
            <Placemark id="1828">
                <name>Nuremberg International Toy Fair</name>
                <description>                    category  : trade fair &lt;br&gt;   
                    sitelinks : 17.0 &lt;br&gt;   
                    articleEN : https://en.wikipedia.org/wiki/Nuremberg_International_Toy_Fair &lt;br&gt;             
                    articleDE : https://de.wikipedia.org/wiki/N%C3%BCrnberger_Spielwarenmesse &lt;br&gt;              
                    wikidata_link : http://www.wikidata.org/entity/Q166438</description>
                <styleUrl>#icon-1739-FF8800</styleUrl>
                <Point id="1827">
                    <coordinates>11.11773333,49.41739444,0.0</coordinates>
                </Point>
            </Placemark>
            <Placemark id="1830">
                <name>Frauenkirche</name>
                <description>                    category  : parish church &lt;br&gt;   
                    sitelinks : 18.0 &lt;br&gt;   
                    articleEN : https://en.wikipedia.org/wiki/Frauenkirche,_Nuremberg &lt;br&gt;             
                    articleDE : https://de.wikipedia.org/wiki/Frauenkirche_(N%C3%BCrnberg) &lt;br&gt;              
                    wikidata_link : http://www.wikidata.org/entity/Q695069</description>
                <styleUrl>#icon-1739-FF8800</styleUrl>
                <Point id="1829">
                    <coordinates>11.078186957077,49.45403465522,0.0</coordinates>
                </Point>
            </Placemark>
            <Placemark id="1832">
                <name>Ludwig Canal</name>
                <description>                    category  : canal &lt;br&gt;   
                    sitelinks : 18.0 &lt;br&gt;   
                    articleEN : https://en.wikipedia.org/wiki/Ludwig_Canal &lt;br&gt;             
                    articleDE : https://de.wikipedia.org/wiki/Ludwig-Donau-Main-Kanal &lt;br&gt;              
                    wikidata_link : http://www.wikidata.org/entity/Q445400</description>
                <styleUrl>#icon-1739-FF8800</styleUrl>
                <Point id="1831">
                    <coordinates>11.0762,49.41022,0.0</coordinates>
                </Point>
            </Placemark>
            <Placemark id="1834">
                <name>St. Lawrence</name>
                <description>                    category  : church building &lt;br&gt;   
                    sitelinks : 19.0 &lt;br&gt;   
                    articleEN : https://en.wikipedia.org/wiki/St._Lorenz,_Nuremberg &lt;br&gt;             
                    articleDE : https://de.wikipedia.org/wiki/St._Lorenz_(N%C3%BCrnberg) &lt;br&gt;              
                    wikidata_link : http://www.wikidata.org/entity/Q707357</description>
                <styleUrl>#icon-1739-FF8800</styleUrl>
                <Point id="1833">
                    <coordinates>11.078702397907,49.450999894273,0.0</coordinates>
                </Point>
            </Placemark>
            <Placemark id="1836">
                <name>Norisring</name>
                <description>                    category  : street circuit &lt;br&gt;   
                    sitelinks : 19.0 &lt;br&gt;   
                    articleEN : https://en.wikipedia.org/wiki/Norisring &lt;br&gt;             
                    articleDE : https://de.wikipedia.org/wiki/Norisring &lt;br&gt;              
                    wikidata_link : http://www.wikidata.org/entity/Q702903</description>
                <styleUrl>#icon-1739-FF8800</styleUrl>
                <Point id="1835">
                    <coordinates>11.125,49.4314,0.0</coordinates>
                </Point>
            </Placemark>
            <Placemark id="1838">
                <name>Nuremberg Central Station</name>
                <description>                    category  : central station &lt;br&gt;   
                    sitelinks : 19.0 &lt;br&gt;   
                    articleEN : https://en.wikipedia.org/wiki/N%C3%BCrnberg_Hauptbahnhof &lt;br&gt;             
                    articleDE : https://de.wikipedia.org/wiki/N%C3%BCrnberg_Hauptbahnhof &lt;br&gt;              
                    wikidata_link : http://www.wikidata.org/entity/Q682583</description>
                <styleUrl>#icon-1739-FF8800</styleUrl>
                <Point id="1837">
                    <coordinates>11.081944444444,49.446388888889,0.0</coordinates>
                </Point>
            </Placemark>
            <Placemark id="1840">
                <name>1561 celestial phenomenon over Nuremberg</name>
                <description>                    category  : urban legend &lt;br&gt;   
                    sitelinks : 19.0 &lt;br&gt;   
                    articleEN : https://en.wikipedia.org/wiki/1561_celestial_phenomenon_over_Nuremberg &lt;br&gt;             
                    articleDE : https://de.wikipedia.org/wiki/N%C3%BCrnberger_Flugblatt_von_1561 &lt;br&gt;              
                    wikidata_link : http://www.wikidata.org/entity/Q628929</description>
                <styleUrl>#icon-1739-FF8800</styleUrl>
                <Point id="1839">
                    <coordinates>11.083333,49.45,0.0</coordinates>
                </Point>
            </Placemark>
            <Placemark id="1842">
                <name>Judges' Trial</name>
                <description>                    category  : war crimes trial &lt;br&gt;   
                    sitelinks : 19.0 &lt;br&gt;   
                    articleEN : https://en.wikipedia.org/wiki/Judges%27_Trial &lt;br&gt;             
                    articleDE : https://de.wikipedia.org/wiki/Juristenprozess &lt;br&gt;              
                    wikidata_link : http://www.wikidata.org/entity/Q820192</description>
                <styleUrl>#icon-1739-FF8800</styleUrl>
                <Point id="1841">
                    <coordinates>11.048505,49.45433833,0.0</coordinates>
                </Point>
            </Placemark>
        </Folder>
        <Folder id="14">
            <name>B</name>
            <Placemark id="1664">
                <name>Kraftshofer Forst</name>
                <description>                    category  : unincorporated area in Germany &lt;br&gt;   
                    sitelinks : 5.0 &lt;br&gt;   
                    articleEN :  &lt;br&gt;             
                    articleDE : https://de.wikipedia.org/wiki/Kraftshofer_Forst &lt;br&gt;              
                    wikidata_link : http://www.wikidata.org/entity/Q1786000</description>
                <styleUrl>#30</styleUrl>
                <Point id="1663">
                    <coordinates>11.0903,49.5139,0.0</coordinates>
                </Point>
            </Placemark>
            <Placemark id="1666">
                <name>Hesperidengärten</name>
                <description>                    category  : garden &lt;br&gt;   
                    sitelinks : 5.0 &lt;br&gt;   
                    articleEN :  &lt;br&gt;             
                    articleDE : https://de.wikipedia.org/wiki/Hesperideng%C3%A4rten &lt;br&gt;              
                    wikidata_link : http://www.wikidata.org/entity/Q1615657</description>
                <styleUrl>#30</styleUrl>
                <Point id="1665">
                    <coordinates>11.0636,49.4579,0.0</coordinates>
                </Point>
            </Placemark>
            <Placemark id="1668">
                <name>Henkersteg</name>
                <description>                    category  : chemin de ronde &lt;br&gt;   
                    sitelinks : 5.0 &lt;br&gt;   
                    articleEN :  &lt;br&gt;             
                    articleDE : https://de.wikipedia.org/wiki/Henkersteg &lt;br&gt;              
                    wikidata_link : http://www.wikidata.org/entity/Q1605293</description>
                <styleUrl>#30</styleUrl>
                <Point id="1667">
                    <coordinates>11.073326456187,49.453381738199,0.0</coordinates>
                </Point>
            </Placemark>
            <Placemark id="1670">
                <name>Hauptmarkt</name>
                <description>                    category  : square &lt;br&gt;   
                    sitelinks : 5.0 &lt;br&gt;   
                    articleEN :  &lt;br&gt;             
                    articleDE : https://de.wikipedia.org/wiki/Hauptmarkt_(N%C3%BCrnberg) &lt;br&gt;              
                    wikidata_link : http://www.wikidata.org/entity/Q1589543</description>
                <styleUrl>#30</styleUrl>
                <Point id="1669">
                    <coordinates>11.0769,49.4539,0.0</coordinates>
                </Point>
            </Placemark>
            <Placemark id="1672">
                <name>Weißer Turm</name>
                <description>                    category  : tower &lt;br&gt;   
                    sitelinks : 5.0 &lt;br&gt;   
                    articleEN :  &lt;br&gt;             
                    articleDE : https://de.wikipedia.org/wiki/Wei%C3%9Fer_Turm_(N%C3%BCrnberg) &lt;br&gt;              
                    wikidata_link : http://www.wikidata.org/entity/Q2557138</description>
                <styleUrl>#30</styleUrl>
                <Point id="1671">
                    <coordinates>11.0707,49.4504,0.0</coordinates>
                </Point>
            </Placemark>
            <Placemark id="1674">
                <name>Günthersbühler Forst</name>
                <description>                    category  : unincorporated area in Germany &lt;br&gt;   
                    sitelinks : 5.0 &lt;br&gt;   
                    articleEN :  &lt;br&gt;             
                    articleDE : https://de.wikipedia.org/wiki/G%C3%BCnthersb%C3%BChler_Forst &lt;br&gt;              
                    wikidata_link : http://www.wikidata.org/entity/Q1561987</description>
                <styleUrl>#30</styleUrl>
                <Point id="1673">
                    <coordinates>11.2044,49.5231,0.0</coordinates>
                </Point>
            </Placemark>
            <Placemark id="1676">
                <name>Forsthof</name>
                <description>                    category  : unincorporated area in Germany &lt;br&gt;   
                    sitelinks : 5.0 &lt;br&gt;   
                    articleEN :  &lt;br&gt;             
                    articleDE : https://de.wikipedia.org/wiki/Forsthof_(gemeindefreies_Gebiet) &lt;br&gt;              
                    wikidata_link : http://www.wikidata.org/entity/Q1438322</description>
                <styleUrl>#30</styleUrl>
                <Point id="1675">
                    <coordinates>11.1556,49.4278,0.0</coordinates>
                </Point>
            </Placemark>
            <Placemark id="1678">
                <name>Forst Tennenlohe</name>
                <description>                    category  : unincorporated area in Germany &lt;br&gt;   
                    sitelinks : 5.0 &lt;br&gt;   
                    articleEN :  &lt;br&gt;             
                    articleDE : https://de.wikipedia.org/wiki/Forst_Tennenlohe &lt;br&gt;              
                    wikidata_link : http://www.wikidata.org/entity/Q1438227</description>
                <styleUrl>#30</styleUrl>
                <Point id="1677">
                    <coordinates>11.05,49.5564,0.0</coordinates>
                </Point>
            </Placemark>
            <Placemark id="1680">
                <name>Forst Kleinschwarzenlohe</name>
                <description>                    category  : unincorporated area in Germany &lt;br&gt;   
                    sitelinks : 5.0 &lt;br&gt;   
                    articleEN :  &lt;br&gt;             
                    articleDE : https://de.wikipedia.org/wiki/Forst_Kleinschwarzenlohe &lt;br&gt;              
                    wikidata_link : http://www.wikidata.org/entity/Q1438221</description>
                <styleUrl>#30</styleUrl>
                <Point id="1679">
                    <coordinates>11.1364,49.3775,0.0</coordinates>
                </Point>
            </Placemark>
            <Placemark id="1682">
                <name>Business-Tower (Nuremberg)</name>
                <description>                    category  : tower &lt;br&gt;   
                    sitelinks : 5.0 &lt;br&gt;   
                    articleEN : https://en.wikipedia.org/wiki/Business_Tower_N%C3%BCrnberg &lt;br&gt;             
                    articleDE : https://de.wikipedia.org/wiki/Business_Tower_N%C3%BCrnberg &lt;br&gt;              
                    wikidata_link : http://www.wikidata.org/entity/Q1017529</description>
                <styleUrl>#30</styleUrl>
                <Point id="1681">
                    <coordinates>11.1171,49.4546,0.0</coordinates>
                </Point>
            </Placemark>
            <Placemark id="1684">
                <name>Brunn</name>
                <description>                    category  : unincorporated area in Germany &lt;br&gt;   
                    sitelinks : 5.0 &lt;br&gt;   
                    articleEN :  &lt;br&gt;             
                    articleDE : https://de.wikipedia.org/wiki/Brunn_(gemeindefreies_Gebiet) &lt;br&gt;              
                    wikidata_link : http://www.wikidata.org/entity/Q992716</description>
                <styleUrl>#30</styleUrl>
                <Point id="1683">
                    <coordinates>11.2378,49.4369,0.0</coordinates>
                </Point>
            </Placemark>
            <Placemark id="1686">
                <name>Narrenschiff (Nürnberg)</name>
                <description>                    category  : water well &lt;br&gt;   
                    sitelinks : 5.0 &lt;br&gt;   
                    articleEN :  &lt;br&gt;             
                    articleDE : https://de.wikipedia.org/wiki/Narrenschiffbrunnen_(N%C3%BCrnberg) &lt;br&gt;              
                    wikidata_link : http://www.wikidata.org/entity/Q972490</description>
                <styleUrl>#30</styleUrl>
                <Point id="1685">
                    <coordinates>11.0781,49.4531,0.0</coordinates>
                </Point>
            </Placemark>
            <Placemark id="1688">
                <name>Knoblauchsland</name>
                <description>                    category  : region &lt;br&gt;   
                    sitelinks : 5.0 &lt;br&gt;   
                    articleEN :  &lt;br&gt;             
                    articleDE : https://de.wikipedia.org/wiki/Knoblauchsland &lt;br&gt;              
                    wikidata_link : http://www.wikidata.org/entity/Q884805</description>
                <styleUrl>#30</styleUrl>
                <Point id="1687">
                    <coordinates>11.0364,49.4889,0.0</coordinates>
                </Point>
            </Placemark>
            <Placemark id="1690">
                <name>Schuldturm</name>
                <description>                    category  : tower &lt;br&gt;   
                    sitelinks : 5.0 &lt;br&gt;   
                    articleEN :  &lt;br&gt;             
                    articleDE : https://de.wikipedia.org/wiki/Schuldturm_(N%C3%BCrnberg) &lt;br&gt;              
                    wikidata_link : http://www.wikidata.org/entity/Q2250927</description>
                <styleUrl>#30</styleUrl>
                <Point id="1689">
                    <coordinates>11.0809,49.4526,0.0</coordinates>
                </Point>
            </Placemark>
            <Placemark id="1692">
                <name>Rückersdorfer Forst</name>
                <description>                    category  : unincorporated area in Germany &lt;br&gt;   
                    sitelinks : 5.0 &lt;br&gt;   
                    articleEN :  &lt;br&gt;             
                    articleDE : https://de.wikipedia.org/wiki/R%C3%BCckersdorfer_Forst &lt;br&gt;              
                    wikidata_link : http://www.wikidata.org/entity/Q2203229</description>
                <styleUrl>#30</styleUrl>
                <Point id="1691">
                    <coordinates>11.2358,49.5192,0.0</coordinates>
                </Point>
            </Placemark>
            <Placemark id="1694">
                <name>Nuremberg Charterhouse</name>
                <description>                    category  : religious community &lt;br&gt;   
                    sitelinks : 5.0 &lt;br&gt;   
                    articleEN : https://en.wikipedia.org/wiki/Nuremberg_Charterhouse &lt;br&gt;             
                    articleDE : https://de.wikipedia.org/wiki/Kart%C3%A4userkloster_N%C3%BCrnberg &lt;br&gt;              
                    wikidata_link : http://www.wikidata.org/entity/Q549878</description>
                <styleUrl>#30</styleUrl>
                <Point id="1693">
                    <coordinates>11.0764,49.4481,0.0</coordinates>
                </Point>
            </Placemark>
            <Placemark id="1696">
                <name>Unschlittplatz</name>
                <description>                    category  : square &lt;br&gt;   
                    sitelinks : 5.0 &lt;br&gt;   
                    articleEN :  &lt;br&gt;             
                    articleDE : https://de.wikipedia.org/wiki/Unschlittplatz &lt;br&gt;              
                    wikidata_link : http://www.wikidata.org/entity/Q2496747</description>
                <styleUrl>#30</styleUrl>
                <Point id="1695">
                    <coordinates>11.0724,49.4528,0.0</coordinates>
                </Point>
            </Placemark>
            <Placemark id="1698">
                <name>Tiergärtnertor</name>
                <description>                    category  : tower &lt;br&gt;   
                    sitelinks : 5.0 &lt;br&gt;   
                    articleEN :  &lt;br&gt;             
                    articleDE : https://de.wikipedia.org/wiki/Tierg%C3%A4rtnertor &lt;br&gt;              
                    wikidata_link : http://www.wikidata.org/entity/Q2432227</description>
                <styleUrl>#30</styleUrl>
                <Point id="1697">
                    <coordinates>11.0743,49.4575,0.0</coordinates>
                </Point>
            </Placemark>
            <Placemark id="1700">
                <name>Laufamholzer Forst</name>
                <description>                    category  : unincorporated area in Germany &lt;br&gt;   
                    sitelinks : 5.0 &lt;br&gt;   
                    articleEN :  &lt;br&gt;             
                    articleDE : https://de.wikipedia.org/wiki/Laufamholzer_Forst &lt;br&gt;              
                    wikidata_link : http://www.wikidata.org/entity/Q1499414</description>
                <styleUrl>#30</styleUrl>
                <Point id="1699">
                    <coordinates>11.1964,49.4442,0.0</coordinates>
                </Point>
            </Placemark>
            <Placemark id="1702">
                <name>Albrecht-Dürer-Platz 4, Schürstabhaus</name>
                <description>                    category  : building &lt;br&gt;   
                    sitelinks : 5.0 &lt;br&gt;   
                    articleEN :  &lt;br&gt;             
                    articleDE : https://de.wikipedia.org/wiki/Sch%C3%BCrstabhaus &lt;br&gt;              
                    wikidata_link : http://www.wikidata.org/entity/Q1488981</description>
                <styleUrl>#30</styleUrl>
                <Point id="1701">
                    <coordinates>11.0764,49.4558,0.0</coordinates>
                </Point>
            </Placemark>
            <Placemark id="1704">
                <name>Feuchter Forst</name>
                <description>                    category  : unincorporated area in Germany &lt;br&gt;   
                    sitelinks : 5.0 &lt;br&gt;   
                    articleEN :  &lt;br&gt;             
                    articleDE : https://de.wikipedia.org/wiki/Feuchter_Forst &lt;br&gt;              
                    wikidata_link : http://www.wikidata.org/entity/Q1409367</description>
                <styleUrl>#30</styleUrl>
                <Point id="1703">
                    <coordinates>11.2431,49.3819,0.0</coordinates>
                </Point>
            </Placemark>
            <Placemark id="1706">
                <name>Farrnbach</name>
                <description>                    category  : river &lt;br&gt;   
                    sitelinks : 5.0 &lt;br&gt;   
                    articleEN : https://en.wikipedia.org/wiki/Farrnbach &lt;br&gt;             
                    articleDE : https://de.wikipedia.org/wiki/Farrnbach &lt;br&gt;              
                    wikidata_link : http://www.wikidata.org/entity/Q1329963</description>
                <styleUrl>#30</styleUrl>
                <Point id="1705">
                    <coordinates>10.9747,49.5008,0.0</coordinates>
                </Point>
            </Placemark>
            <Placemark id="1708">
                <name>Maxbrücke</name>
                <description>                    category  : arch bridge &lt;br&gt;   
                    sitelinks : 5.0 &lt;br&gt;   
                    articleEN :  &lt;br&gt;             
                    articleDE : https://de.wikipedia.org/wiki/Maxbr%C3%BCcke_(N%C3%BCrnberg) &lt;br&gt;              
                    wikidata_link : http://www.wikidata.org/entity/Q1327984</description>
                <styleUrl>#30</styleUrl>
                <Point id="1707">
                    <coordinates>11.0726,49.4534,0.0</coordinates>
                </Point>
            </Placemark>
            <Placemark id="1710">
                <name>Mauthalle</name>
                <description>                    category  : building &lt;br&gt;   
                    sitelinks : 5.0 &lt;br&gt;   
                    articleEN :  &lt;br&gt;             
                    articleDE : https://de.wikipedia.org/wiki/Mauthalle_(N%C3%BCrnberg) &lt;br&gt;              
                    wikidata_link : http://www.wikidata.org/entity/Q1911848</description>
                <styleUrl>#30</styleUrl>
                <Point id="1709">
                    <coordinates>11.0786,49.4493,0.0</coordinates>
                </Point>
            </Placemark>
            <Placemark id="1712">
                <name>Fraunhofer Institute for Integrated Circuits</name>
                <description>                    category  : Fraunhofer institute &lt;br&gt;   
                    sitelinks : 5.0 &lt;br&gt;   
                    articleEN :  &lt;br&gt;             
                    articleDE : https://de.wikipedia.org/wiki/Fraunhofer-Institut_f%C3%BCr_Integrierte_Schaltungen &lt;br&gt;              
                    wikidata_link : http://www.wikidata.org/entity/Q835535</description>
                <styleUrl>#30</styleUrl>
                <Point id="1711">
                    <coordinates>11.0196,49.5472,0.0</coordinates>
                </Point>
            </Placemark>
            <Placemark id="1714">
                <name>Behringersdorfer Forst</name>
                <description>                    category  : unincorporated area in Germany &lt;br&gt;   
                    sitelinks : 5.0 &lt;br&gt;   
                    articleEN :  &lt;br&gt;             
                    articleDE : https://de.wikipedia.org/wiki/Behringersdorfer_Forst &lt;br&gt;              
                    wikidata_link : http://www.wikidata.org/entity/Q814568</description>
                <styleUrl>#30</styleUrl>
                <Point id="1713">
                    <coordinates>11.2031,49.4972,0.0</coordinates>
                </Point>
            </Placemark>
            <Placemark id="1716">
                <name>Weißgerbergasse (Nürnberg)</name>
                <description>                    category  : street &lt;br&gt;   
                    sitelinks : 5.0 &lt;br&gt;   
                    articleEN :  &lt;br&gt;             
                    articleDE : https://de.wikipedia.org/wiki/Wei%C3%9Fgerbergasse_(N%C3%BCrnberg) &lt;br&gt;              
                    wikidata_link : http://www.wikidata.org/entity/Q1772161</description>
                <styleUrl>#30</styleUrl>
                <Point id="1715">
                    <coordinates>11.073,49.4552,0.0</coordinates>
                </Point>
            </Placemark>
            <Placemark id="1718">
                <name>Zerzabelshofer Forst</name>
                <description>                    category  : unincorporated area in Germany &lt;br&gt;   
                    sitelinks : 5.0 &lt;br&gt;   
                    articleEN :  &lt;br&gt;             
                    articleDE : https://de.wikipedia.org/wiki/Zerzabelshofer_Forst &lt;br&gt;              
                    wikidata_link : http://www.wikidata.org/entity/Q196794</description>
                <styleUrl>#30</styleUrl>
                <Point id="1717">
                    <coordinates>11.1692,49.4461,0.0</coordinates>
                </Point>
            </Placemark>
            <Placemark id="1720">
                <name>Zenn</name>
                <description>                    category  : tributary &lt;br&gt;   
                    sitelinks : 5.0 &lt;br&gt;   
                    articleEN : https://en.wikipedia.org/wiki/Zenn_(river) &lt;br&gt;             
                    articleDE : https://de.wikipedia.org/wiki/Zenn &lt;br&gt;              
                    wikidata_link : http://www.wikidata.org/entity/Q189636</description>
                <styleUrl>#30</styleUrl>
                <Point id="1719">
                    <coordinates>10.9705,49.5224,0.0</coordinates>
                </Point>
            </Placemark>
            <Placemark id="1722">
                <name>Pilatushaus</name>
                <description>                    category  : timber-framed house &lt;br&gt;   
                    sitelinks : 5.0 &lt;br&gt;   
                    articleEN :  &lt;br&gt;             
                    articleDE : https://de.wikipedia.org/wiki/Pilatushaus_(N%C3%BCrnberg) &lt;br&gt;              
                    wikidata_link : http://www.wikidata.org/entity/Q1279207</description>
                <styleUrl>#30</styleUrl>
                <Point id="1721">
                    <coordinates>11.0746,49.4576,0.0</coordinates>
                </Point>
            </Placemark>
            <Placemark id="1724">
                <name>Fischbach</name>
                <description>                    category  : unincorporated area in Germany &lt;br&gt;   
                    sitelinks : 5.0 &lt;br&gt;   
                    articleEN :  &lt;br&gt;             
                    articleDE : https://de.wikipedia.org/wiki/Fischbach_(gemeindefreies_Gebiet) &lt;br&gt;              
                    wikidata_link : http://www.wikidata.org/entity/Q1272268</description>
                <styleUrl>#30</styleUrl>
                <Point id="1723">
                    <coordinates>11.2031,49.4083,0.0</coordinates>
                </Point>
            </Placemark>
            <Placemark id="1726">
                <name>Dormitzer Forst</name>
                <description>                    category  : unincorporated area in Germany &lt;br&gt;   
                    sitelinks : 5.0 &lt;br&gt;   
                    articleEN :  &lt;br&gt;             
                    articleDE : https://de.wikipedia.org/wiki/Dormitzer_Forst &lt;br&gt;              
                    wikidata_link : http://www.wikidata.org/entity/Q1245519</description>
                <styleUrl>#30</styleUrl>
                <Point id="1725">
                    <coordinates>11.0908,49.5633,0.0</coordinates>
                </Point>
            </Placemark>
            <Placemark id="1728">
                <name>Grand Synagogue of Nuremberg</name>
                <description>                    category  : synagogue &lt;br&gt;   
                    sitelinks : 6.0 &lt;br&gt;   
                    articleEN : https://en.wikipedia.org/wiki/Grand_Synagogue_of_Nuremberg &lt;br&gt;             
                    articleDE :  &lt;br&gt;              
                    wikidata_link : http://www.wikidata.org/entity/Q15958599</description>
                <styleUrl>#30</styleUrl>
                <Point id="1727">
                    <coordinates>11.079722222222,49.453333333333,0.0</coordinates>
                </Point>
            </Placemark>
            <Placemark id="1730">
                <name>Battle of Fürth</name>
                <description>                    category  : battle &lt;br&gt;   
                    sitelinks : 6.0 &lt;br&gt;   
                    articleEN : https://en.wikipedia.org/wiki/Battle_of_F%C3%BCrth &lt;br&gt;             
                    articleDE :  &lt;br&gt;              
                    wikidata_link : http://www.wikidata.org/entity/Q15727825</description>
                <styleUrl>#30</styleUrl>
                <Point id="1729">
                    <coordinates>11.0167,49.4667,0.0</coordinates>
                </Point>
            </Placemark>
            <Placemark id="1732">
                <name>Haimendorfer Forst</name>
                <description>                    category  : unincorporated area in Germany &lt;br&gt;   
                    sitelinks : 6.0 &lt;br&gt;   
                    articleEN :  &lt;br&gt;             
                    articleDE : https://de.wikipedia.org/wiki/Haimendorfer_Forst &lt;br&gt;              
                    wikidata_link : http://www.wikidata.org/entity/Q15309917</description>
                <styleUrl>#30</styleUrl>
                <Point id="1731">
                    <coordinates>11.223705555556,49.45945,0.0</coordinates>
                </Point>
            </Placemark>
            <Placemark id="1734">
                <name>Weinstadel</name>
                <description>                    category  : building &lt;br&gt;   
                    sitelinks : 6.0 &lt;br&gt;   
                    articleEN :  &lt;br&gt;             
                    articleDE : https://de.wikipedia.org/wiki/Weinstadel &lt;br&gt;              
                    wikidata_link : http://www.wikidata.org/entity/Q2556277</description>
                <styleUrl>#30</styleUrl>
                <Point id="1733">
                    <coordinates>11.0732,49.4536,0.0</coordinates>
                </Point>
            </Placemark>
            <Placemark id="1736">
                <name>St. Martha</name>
                <description>                    category  : church building &lt;br&gt;   
                    sitelinks : 6.0 &lt;br&gt;   
                    articleEN : https://en.wikipedia.org/wiki/St._Martha,_Nuremberg &lt;br&gt;             
                    articleDE : https://de.wikipedia.org/wiki/St._Martha_(N%C3%BCrnberg) &lt;br&gt;              
                    wikidata_link : http://www.wikidata.org/entity/Q2321040</description>
                <styleUrl>#30</styleUrl>
                <Point id="1735">
                    <coordinates>11.081,49.4485,0.0</coordinates>
                </Point>
            </Placemark>
            <Placemark id="1738">
                <name>Nuremberg Toy Museum</name>
                <description>                    category  : toy museum &lt;br&gt;   
                    sitelinks : 6.0 &lt;br&gt;   
                    articleEN : https://en.wikipedia.org/wiki/Nuremberg_Toy_Museum &lt;br&gt;             
                    articleDE : https://de.wikipedia.org/wiki/Spielzeugmuseum_N%C3%BCrnberg &lt;br&gt;              
                    wikidata_link : http://www.wikidata.org/entity/Q2310413</description>
                <styleUrl>#30</styleUrl>
                <Point id="1737">
                    <coordinates>11.074379801206,49.454540070554,0.0</coordinates>
                </Point>
            </Placemark>
            <Placemark id="1740">
                <name>Way of Human Rights</name>
                <description>                    category  : sculpture &lt;br&gt;   
                    sitelinks : 6.0 &lt;br&gt;   
                    articleEN : https://en.wikipedia.org/wiki/Way_of_Human_Rights &lt;br&gt;             
                    articleDE : https://de.wikipedia.org/wiki/Stra%C3%9Fe_der_Menschenrechte &lt;br&gt;              
                    wikidata_link : http://www.wikidata.org/entity/Q2354270</description>
                <styleUrl>#30</styleUrl>
                <Point id="1739">
                    <coordinates>11.0752,49.4482,0.0</coordinates>
                </Point>
            </Placemark>
            <Placemark id="1742">
                <name>Faber-Castell-Schloss</name>
                <description>                    category  : château &lt;br&gt;   
                    sitelinks : 6.0 &lt;br&gt;   
                    articleEN :  &lt;br&gt;             
                    articleDE : https://de.wikipedia.org/wiki/Faberschloss &lt;br&gt;              
                    wikidata_link : http://www.wikidata.org/entity/Q1390181</description>
                <styleUrl>#30</styleUrl>
                <Point id="1741">
                    <coordinates>11.0212,49.4174,0.0</coordinates>
                </Point>
            </Placemark>
            <Placemark id="1744">
                <name>Chain Bridge</name>
                <description>                    category  : footbridge &lt;br&gt;   
                    sitelinks : 6.0 &lt;br&gt;   
                    articleEN : https://en.wikipedia.org/wiki/Chain_Bridge_(Nuremberg) &lt;br&gt;             
                    articleDE : https://de.wikipedia.org/wiki/Kettensteg_(N%C3%BCrnberg) &lt;br&gt;              
                    wikidata_link : http://www.wikidata.org/entity/Q1311217</description>
                <styleUrl>#30</styleUrl>
                <Point id="1743">
                    <coordinates>11.070889557185,49.45427143891,0.0</coordinates>
                </Point>
            </Placemark>
            <Placemark id="1746">
                <name>Documentation Center Nazi Party Rally Grounds</name>
                <description>                    category  : history museum &lt;br&gt;   
                    sitelinks : 6.0 &lt;br&gt;   
                    articleEN : https://en.wikipedia.org/wiki/Documentation_Center_Nazi_Party_Rally_Grounds &lt;br&gt;             
                    articleDE : https://de.wikipedia.org/wiki/Dokumentationszentrum_Reichsparteitagsgel%C3%A4nde &lt;br&gt;              
                    wikidata_link : http://www.wikidata.org/entity/Q877333</description>
                <styleUrl>#30</styleUrl>
                <Point id="1745">
                    <coordinates>11.1128,49.4339,0.0</coordinates>
                </Point>
            </Placemark>
            <Placemark id="1748">
                <name>Goldbach</name>
                <description>                    category  : river &lt;br&gt;   
                    sitelinks : 6.0 &lt;br&gt;   
                    articleEN : https://en.wikipedia.org/wiki/Goldbach_(Pegnitz) &lt;br&gt;             
                    articleDE : https://de.wikipedia.org/wiki/Goldbach_(Pegnitz) &lt;br&gt;              
                    wikidata_link : http://www.wikidata.org/entity/Q870529</description>
                <styleUrl>#30</styleUrl>
                <Point id="1747">
                    <coordinates>11.1325,49.4389,0.0</coordinates>
                </Point>
            </Placemark>
            <Placemark id="1750">
                <name>St. Jakob</name>
                <description>                    category  : parish church &lt;br&gt;   
                    sitelinks : 6.0 &lt;br&gt;   
                    articleEN : https://en.wikipedia.org/wiki/St._Jakob,_Nuremberg &lt;br&gt;             
                    articleDE : https://de.wikipedia.org/wiki/St._Jakob_(N%C3%BCrnberg) &lt;br&gt;              
                    wikidata_link : http://www.wikidata.org/entity/Q138528</description>
                <styleUrl>#30</styleUrl>
                <Point id="1749">
                    <coordinates>11.0699,49.4495,0.0</coordinates>
                </Point>
            </Placemark>
            <Placemark id="1752">
                <name>Fischbach</name>
                <description>                    category  : watercourse &lt;br&gt;   
                    sitelinks : 6.0 &lt;br&gt;   
                    articleEN : https://en.wikipedia.org/wiki/Fischbach_(Pegnitz) &lt;br&gt;             
                    articleDE : https://de.wikipedia.org/wiki/Fischbach_(Goldbach) &lt;br&gt;              
                    wikidata_link : http://www.wikidata.org/entity/Q827222</description>
                <styleUrl>#30</styleUrl>
                <Point id="1751">
                    <coordinates>11.130555555556,49.433055555556,0.0</coordinates>
                </Point>
            </Placemark>
            <Placemark id="1754">
                <name>St. Elizabeth</name>
                <description>                    category  : parish church &lt;br&gt;   
                    sitelinks : 6.0 &lt;br&gt;   
                    articleEN : https://en.wikipedia.org/wiki/St._Elizabeth,_Nuremberg &lt;br&gt;             
                    articleDE : https://de.wikipedia.org/wiki/St._Elisabeth_(N%C3%BCrnberg) &lt;br&gt;              
                    wikidata_link : http://www.wikidata.org/entity/Q154364</description>
                <styleUrl>#30</styleUrl>
                <Point id="1753">
                    <coordinates>11.0697,49.4501,0.0</coordinates>
                </Point>
            </Placemark>
            <Placemark id="1756">
                <name>Karlsbrücke (Nuremberg)</name>
                <description>                    category  : arch bridge &lt;br&gt;   
                    sitelinks : 6.0 &lt;br&gt;   
                    articleEN :  &lt;br&gt;             
                    articleDE : https://de.wikipedia.org/wiki/Karlsbr%C3%BCcke_(N%C3%BCrnberg) &lt;br&gt;              
                    wikidata_link : http://www.wikidata.org/entity/Q1733910</description>
                <styleUrl>#30</styleUrl>
                <Point id="1755">
                    <coordinates>11.074529616176,49.453070178724,0.0</coordinates>
                </Point>
            </Placemark>
            <Placemark id="1758">
                <name>Ehekarussell</name>
                <description>                    category  : fountain &lt;br&gt;   
                    sitelinks : 6.0 &lt;br&gt;   
                    articleEN :  &lt;br&gt;             
                    articleDE : https://de.wikipedia.org/wiki/Ehekarussell &lt;br&gt;              
                    wikidata_link : http://www.wikidata.org/entity/Q261203</description>
                <styleUrl>#30</styleUrl>
                <Point id="1757">
                    <coordinates>11.071,49.4506,0.0</coordinates>
                </Point>
            </Placemark>
            <Placemark id="1760">
                <name>Siege of Nuremberg</name>
                <description>                    category  : siege &lt;br&gt;   
                    sitelinks : 7.0 &lt;br&gt;   
                    articleEN : https://en.wikipedia.org/wiki/Siege_of_Nuremberg &lt;br&gt;             
                    articleDE :  &lt;br&gt;              
                    wikidata_link : http://www.wikidata.org/entity/Q7510280</description>
                <styleUrl>#30</styleUrl>
                <Point id="1759">
                    <coordinates>11.077777777778,49.452777777778,0.0</coordinates>
                </Point>
            </Placemark>
            <Placemark id="1762">
                <name>Pellerhaus</name>
                <description>                    category  : building &lt;br&gt;   
                    sitelinks : 7.0 &lt;br&gt;   
                    articleEN : https://en.wikipedia.org/wiki/Pellerhaus &lt;br&gt;             
                    articleDE : https://de.wikipedia.org/wiki/Pellerhaus &lt;br&gt;              
                    wikidata_link : http://www.wikidata.org/entity/Q1627131</description>
                <styleUrl>#30</styleUrl>
                <Point id="1761">
                    <coordinates>11.080955555556,49.456947222222,0.0</coordinates>
                </Point>
            </Placemark>
            <Placemark id="1764">
                <name>Nassauer Haus</name>
                <description>                    category  : tower &lt;br&gt;   
                    sitelinks : 7.0 &lt;br&gt;   
                    articleEN : https://en.wikipedia.org/wiki/Nassauer_Haus &lt;br&gt;             
                    articleDE : https://de.wikipedia.org/wiki/Nassauer_Haus &lt;br&gt;              
                    wikidata_link : http://www.wikidata.org/entity/Q985129</description>
                <styleUrl>#30</styleUrl>
                <Point id="1763">
                    <coordinates>11.0777,49.4511,0.0</coordinates>
                </Point>
            </Placemark>
            <Placemark id="1766">
                <name>Fernmeldeturm Nürnberg</name>
                <description>                    category  : television tower &lt;br&gt;   
                    sitelinks : 7.0 &lt;br&gt;   
                    articleEN : https://en.wikipedia.org/wiki/Fernmeldeturm_N%C3%BCrnberg &lt;br&gt;             
                    articleDE : https://de.wikipedia.org/wiki/Fernmeldeturm_N%C3%BCrnberg &lt;br&gt;              
                    wikidata_link : http://www.wikidata.org/entity/Q458405</description>
                <styleUrl>#30</styleUrl>
                <Point id="1765">
                    <coordinates>11.038888888889,49.426111111111,0.0</coordinates>
                </Point>
            </Placemark>
            <Placemark id="1768">
                <name>St. Egidien</name>
                <description>                    category  : church building &lt;br&gt;   
                    sitelinks : 7.0 &lt;br&gt;   
                    articleEN : https://en.wikipedia.org/wiki/St._Egidien,_Nuremberg &lt;br&gt;             
                    articleDE : https://de.wikipedia.org/wiki/St._Egidien_(N%C3%BCrnberg) &lt;br&gt;              
                    wikidata_link : http://www.wikidata.org/entity/Q2318048</description>
                <styleUrl>#30</styleUrl>
                <Point id="1767">
                    <coordinates>11.0815,49.4566,0.0</coordinates>
                </Point>
            </Placemark>
            <Placemark id="1770">
                <name>Schwabach</name>
                <description>                    category  : river &lt;br&gt;   
                    sitelinks : 7.0 &lt;br&gt;   
                    articleEN : https://en.wikipedia.org/wiki/Schwabach_(Rednitz) &lt;br&gt;             
                    articleDE : https://de.wikipedia.org/wiki/Schwabach_(Rednitz) &lt;br&gt;              
                    wikidata_link : http://www.wikidata.org/entity/Q733883</description>
                <styleUrl>#30</styleUrl>
                <Point id="1769">
                    <coordinates>10.7696,49.3317,0.0</coordinates>
                </Point>
            </Placemark>
            <Placemark id="1772">
                <name>Academy of Fine Arts, Nuremberg</name>
                <description>                    category  : art academy &lt;br&gt;   
                    sitelinks : 7.0 &lt;br&gt;   
                    articleEN : https://en.wikipedia.org/wiki/Academy_of_Fine_Arts,_Nuremberg &lt;br&gt;             
                    articleDE : https://de.wikipedia.org/wiki/Akademie_der_Bildenden_K%C3%BCnste_N%C3%BCrnberg &lt;br&gt;              
                    wikidata_link : http://www.wikidata.org/entity/Q414041</description>
                <styleUrl>#30</styleUrl>
                <Point id="1771">
                    <coordinates>11.135396642661,49.445693214585,0.0</coordinates>
                </Point>
            </Placemark>
            <Placemark id="1774">
                <name>Gründlach</name>
                <description>                    category  : river &lt;br&gt;   
                    sitelinks : 7.0 &lt;br&gt;   
                    articleEN : https://en.wikipedia.org/wiki/Gr%C3%BCndlach &lt;br&gt;             
                    articleDE : https://de.wikipedia.org/wiki/Gr%C3%BCndlach &lt;br&gt;              
                    wikidata_link : http://www.wikidata.org/entity/Q880086</description>
                <styleUrl>#30</styleUrl>
                <Point id="1773">
                    <coordinates>10.9775,49.5429,0.0</coordinates>
                </Point>
            </Placemark>
            <Placemark id="1776">
                <name>Bibert</name>
                <description>                    category  : river &lt;br&gt;   
                    sitelinks : 7.0 &lt;br&gt;   
                    articleEN : https://en.wikipedia.org/wiki/Bibert &lt;br&gt;             
                    articleDE : https://de.wikipedia.org/wiki/Bibert &lt;br&gt;              
                    wikidata_link : http://www.wikidata.org/entity/Q856248</description>
                <styleUrl>#30</styleUrl>
                <Point id="1775">
                    <coordinates>10.9844,49.4452,0.0</coordinates>
                </Point>
            </Placemark>
            <Placemark id="1778">
                <name>Rothenburger Straße metro station</name>
                <description>                    category  : junction station &lt;br&gt;   
                    sitelinks : 7.0 &lt;br&gt;   
                    articleEN : https://en.wikipedia.org/wiki/Rothenburger_Stra%C3%9Fe_station &lt;br&gt;             
                    articleDE : https://de.wikipedia.org/wiki/U-Bahnhof_Rothenburger_Stra%C3%9Fe &lt;br&gt;              
                    wikidata_link : http://www.wikidata.org/entity/Q833588</description>
                <styleUrl>#30</styleUrl>
                <Point id="1777">
                    <coordinates>11.0553,49.4444,0.0</coordinates>
                </Point>
            </Placemark>
            <Placemark id="1780">
                <name>Rock im Park</name>
                <description>                    category  : music festival &lt;br&gt;   
                    sitelinks : 8.0 &lt;br&gt;   
                    articleEN :  &lt;br&gt;             
                    articleDE : https://de.wikipedia.org/wiki/Rock_im_Park &lt;br&gt;              
                    wikidata_link : http://www.wikidata.org/entity/Q896228</description>
                <styleUrl>#30</styleUrl>
                <Point id="1779">
                    <coordinates>11.12222,49.42917,0.0</coordinates>
                </Point>
            </Placemark>
            <Placemark id="1782">
                <name>Neues Museum Nürnberg</name>
                <description>                    category  : art museum &lt;br&gt;   
                    sitelinks : 8.0 &lt;br&gt;   
                    articleEN : https://en.wikipedia.org/wiki/Neues_Museum_N%C3%BCrnberg &lt;br&gt;             
                    articleDE : https://de.wikipedia.org/wiki/Neues_Museum_N%C3%BCrnberg &lt;br&gt;              
                    wikidata_link : http://www.wikidata.org/entity/Q895720</description>
                <styleUrl>#30</styleUrl>
                <Point id="1781">
                    <coordinates>11.08,49.4478,0.0</coordinates>
                </Point>
            </Placemark>
            <Placemark id="1784">
                <name>Fürth Central Station</name>
                <description>                    category  : central station &lt;br&gt;   
                    sitelinks : 8.0 &lt;br&gt;   
                    articleEN : https://en.wikipedia.org/wiki/F%C3%BCrth_Hauptbahnhof &lt;br&gt;             
                    articleDE : https://de.wikipedia.org/wiki/F%C3%BCrth_(Bayern)_Hauptbahnhof &lt;br&gt;              
                    wikidata_link : http://www.wikidata.org/entity/Q319542</description>
                <styleUrl>#30</styleUrl>
                <Point id="1783">
                    <coordinates>10.990124,49.469947,0.0</coordinates>
                </Point>
            </Placemark>
            <Placemark id="1786">
                <name>Aurach</name>
                <description>                    category  : river &lt;br&gt;   
                    sitelinks : 8.0 &lt;br&gt;   
                    articleEN : https://en.wikipedia.org/wiki/Aurach_(Regnitz,_Mittelfranken) &lt;br&gt;             
                    articleDE : https://de.wikipedia.org/wiki/Mittlere_Aurach &lt;br&gt;              
                    wikidata_link : http://www.wikidata.org/entity/Q317594</description>
                <styleUrl>#30</styleUrl>
                <Point id="1785">
                    <coordinates>10.9834,49.5712,0.0</coordinates>
                </Point>
            </Placemark>
            <Placemark id="1788">
                <name>Gauchsbach</name>
                <description>                    category  : watercourse &lt;br&gt;   
                    sitelinks : 8.0 &lt;br&gt;   
                    articleEN : https://en.wikipedia.org/wiki/Gauchsbach &lt;br&gt;             
                    articleDE : https://de.wikipedia.org/wiki/Gauchsbach &lt;br&gt;              
                    wikidata_link : http://www.wikidata.org/entity/Q835973</description>
                <styleUrl>#30</styleUrl>
                <Point id="1787">
                    <coordinates>11.1736,49.3614,0.0</coordinates>
                </Point>
            </Placemark>
            <Placemark id="1790">
                <name>Katharinenkirche, Nuremberg</name>
                <description>                    category  : ruins &lt;br&gt;   
                    sitelinks : 8.0 &lt;br&gt;   
                    articleEN : https://en.wikipedia.org/wiki/Katharinenkirche,_Nuremberg &lt;br&gt;             
                    articleDE : https://de.wikipedia.org/wiki/Katharinenkloster_N%C3%BCrnberg &lt;br&gt;              
                    wikidata_link : http://www.wikidata.org/entity/Q1736108</description>
                <styleUrl>#30</styleUrl>
                <Point id="1789">
                    <coordinates>11.082130337993,49.451990592205,0.0</coordinates>
                </Point>
            </Placemark>
            <Placemark id="1792">
                <name>Rathenauplatz metro station</name>
                <description>                    category  : junction station &lt;br&gt;   
                    sitelinks : 8.0 &lt;br&gt;   
                    articleEN : https://en.wikipedia.org/wiki/Rathenauplatz_station &lt;br&gt;             
                    articleDE : https://de.wikipedia.org/wiki/U-Bahnhof_Rathenauplatz &lt;br&gt;              
                    wikidata_link : http://www.wikidata.org/entity/Q833478</description>
                <styleUrl>#30</styleUrl>
                <Point id="1791">
                    <coordinates>11.0894,49.4569,0.0</coordinates>
                </Point>
            </Placemark>
            <Placemark id="1794">
                <name>Altes Rathaus Nürnberg</name>
                <description>                    category  : Rathaus &lt;br&gt;   
                    sitelinks : 9.0 &lt;br&gt;   
                    articleEN : https://en.wikipedia.org/wiki/Nuremberg_City_Hall &lt;br&gt;             
                    articleDE : https://de.wikipedia.org/wiki/Rathaus_(N%C3%BCrnberg) &lt;br&gt;              
                    wikidata_link : http://www.wikidata.org/entity/Q461314</description>
                <styleUrl>#30</styleUrl>
                <Point id="1793">
                    <coordinates>11.0776,49.4552,0.0</coordinates>
                </Point>
            </Placemark>
            <Placemark id="1796">
                <name>PSD Bank Nürnberg ARENA</name>
                <description>                    category  : multi-purpose hall &lt;br&gt;   
                    sitelinks : 9.0 &lt;br&gt;   
                    articleEN : https://en.wikipedia.org/wiki/PSD_Bank_N%C3%BCrnberg_Arena &lt;br&gt;             
                    articleDE : https://de.wikipedia.org/wiki/PSD_Bank_N%C3%BCrnberg_Arena &lt;br&gt;              
                    wikidata_link : http://www.wikidata.org/entity/Q460855</description>
                <styleUrl>#30</styleUrl>
                <Point id="1795">
                    <coordinates>11.1232,49.4274,0.0</coordinates>
                </Point>
            </Placemark>
            <Placemark id="1798">
                <name>Schwarzach</name>
                <description>                    category  : river &lt;br&gt;   
                    sitelinks : 9.0 &lt;br&gt;   
                    articleEN : https://en.wikipedia.org/wiki/Schwarzach_(Rednitz) &lt;br&gt;             
                    articleDE : https://de.wikipedia.org/wiki/Schwarzach_(Rednitz) &lt;br&gt;              
                    wikidata_link : http://www.wikidata.org/entity/Q878524</description>
                <styleUrl>#30</styleUrl>
                <Point id="1797">
                    <coordinates>11.0697,49.3314,0.0</coordinates>
                </Point>
            </Placemark>
            <Placemark id="1800">
                <name>Fleischbrücke (Nürnberg)</name>
                <description>                    category  : arch bridge &lt;br&gt;   
                    sitelinks : 9.0 &lt;br&gt;   
                    articleEN : https://en.wikipedia.org/wiki/Fleisch_Bridge &lt;br&gt;             
                    articleDE : https://de.wikipedia.org/wiki/Fleischbr%C3%BCcke &lt;br&gt;              
                    wikidata_link : http://www.wikidata.org/entity/Q833679</description>
                <styleUrl>#30</styleUrl>
                <Point id="1799">
                    <coordinates>11.0768,49.4529,0.0</coordinates>
                </Point>
            </Placemark>
            <Placemark id="1802">
                <name>Heilig-Geist-Spital Nuremberg</name>
                <description>                    category  : Heilig-Geist-Spital &lt;br&gt;   
                    sitelinks : 9.0 &lt;br&gt;   
                    articleEN : https://en.wikipedia.org/wiki/Heilig-Geist-Spital &lt;br&gt;             
                    articleDE : https://de.wikipedia.org/wiki/Heilig-Geist-Spital_(N%C3%BCrnberg) &lt;br&gt;              
                    wikidata_link : http://www.wikidata.org/entity/Q1225005</description>
                <styleUrl>#30</styleUrl>
                <Point id="1801">
                    <coordinates>11.079302073172,49.452964525758,0.0</coordinates>
                </Point>
            </Placemark>
        </Folder>
        <Folder id="15">
            <name>graves</name>
            <Placemark id="1888">
                <name>Hermann Oberth</name>
                <description>                    category  : nan &lt;br&gt;   
                    sitelinks : 54.0 &lt;br&gt;   
                    articleEN : nan &lt;br&gt;             
                    articleDE : nan &lt;br&gt;              
                    wikidata_link : http://www.wikidata.org/entity/Q78503</description>
                <styleUrl>#46</styleUrl>
                <Point id="1887">
                    <coordinates>11.0775,49.453888888889,0.0</coordinates>
                </Point>
            </Placemark>
            <Placemark id="1890">
                <name>Johann Pachelbel</name>
                <description>                    category  : nan &lt;br&gt;   
                    sitelinks : 58.0 &lt;br&gt;   
                    articleEN : nan &lt;br&gt;             
                    articleDE : nan &lt;br&gt;              
                    wikidata_link : http://www.wikidata.org/entity/Q76485</description>
                <styleUrl>#46</styleUrl>
                <Point id="1889">
                    <coordinates>11.060277777778,49.4475,0.0</coordinates>
                </Point>
            </Placemark>
            <Placemark id="1892">
                <name>Albrecht Dürer</name>
                <description>                    category  : nan &lt;br&gt;   
                    sitelinks : 182.0 &lt;br&gt;   
                    articleEN : nan &lt;br&gt;             
                    articleDE : nan &lt;br&gt;              
                    wikidata_link : http://www.wikidata.org/entity/Q5580</description>
                <styleUrl>#46</styleUrl>
                <Point id="1891">
                    <coordinates>11.061211563308,49.458586050003,0.0</coordinates>
                </Point>
            </Placemark>
        </Folder>
        <Folder id="16">
            <name>C</name>
            <Placemark id="186">
                <name>Laufertorkeller</name>
                <description>                    category  : bunker &lt;br&gt;   
                    sitelinks : 2.0 &lt;br&gt;   
                    articleEN :  &lt;br&gt;             
                    articleDE : https://de.wikipedia.org/wiki/Laufertorkeller &lt;br&gt;              
                    wikidata_link : http://www.wikidata.org/entity/Q80277139</description>
                <styleUrl>#34</styleUrl>
                <Point id="185">
                    <coordinates>11.08756,49.45749,0.0</coordinates>
                </Point>
            </Placemark>
            <Placemark id="188">
                <name>Hundsmühle (Heroldsberg)</name>
                <description>                    category  : Ortsteil &lt;br&gt;   
                    sitelinks : 2.0 &lt;br&gt;   
                    articleEN :  &lt;br&gt;             
                    articleDE : https://de.wikipedia.org/wiki/Hundsm%C3%BChle_(Heroldsberg) &lt;br&gt;              
                    wikidata_link : http://www.wikidata.org/entity/Q73002247</description>
                <styleUrl>#34</styleUrl>
                <Point id="187">
                    <coordinates>11.13982,49.5253,0.0</coordinates>
                </Point>
            </Placemark>
            <Placemark id="190">
                <name>Stettenberg (Kalchreuth)</name>
                <description>                    category  : Ortsteil &lt;br&gt;   
                    sitelinks : 2.0 &lt;br&gt;   
                    articleEN :  &lt;br&gt;             
                    articleDE : https://de.wikipedia.org/wiki/Stettenberg_(Kalchreuth) &lt;br&gt;              
                    wikidata_link : http://www.wikidata.org/entity/Q72990182</description>
                <styleUrl>#34</styleUrl>
                <Point id="189">
                    <coordinates>11.13454,49.53715,0.0</coordinates>
                </Point>
            </Placemark>
            <Placemark id="192">
                <name>Käswasser</name>
                <description>                    category  : Ortsteil &lt;br&gt;   
                    sitelinks : 2.0 &lt;br&gt;   
                    articleEN :  &lt;br&gt;             
                    articleDE : https://de.wikipedia.org/wiki/K%C3%A4swasser &lt;br&gt;              
                    wikidata_link : http://www.wikidata.org/entity/Q72973385</description>
                <styleUrl>#34</styleUrl>
                <Point id="191">
                    <coordinates>11.151444444444,49.558,0.0</coordinates>
                </Point>
            </Placemark>
            <Placemark id="194">
                <name>Merks Motor Museum</name>
                <description>                    category  : museum &lt;br&gt;   
                    sitelinks : 2.0 &lt;br&gt;   
                    articleEN :  &lt;br&gt;             
                    articleDE : https://de.wikipedia.org/wiki/Merks_Motor_Museum &lt;br&gt;              
                    wikidata_link : http://www.wikidata.org/entity/Q66360556</description>
                <styleUrl>#34</styleUrl>
                <Point id="193">
                    <coordinates>11.113231,49.4771,0.0</coordinates>
                </Point>
            </Placemark>
            <Placemark id="196">
                <name>Helmkreuz in Großschwarzenlohe</name>
                <description>                    category  : conciliation cross &lt;br&gt;   
                    sitelinks : 2.0 &lt;br&gt;   
                    articleEN :  &lt;br&gt;             
                    articleDE : https://de.wikipedia.org/wiki/Helmkreuz_in_Gro%C3%9Fschwarzenlohe &lt;br&gt;              
                    wikidata_link : http://www.wikidata.org/entity/Q64735576</description>
                <styleUrl>#34</styleUrl>
                <Point id="195">
                    <coordinates>11.11021,49.33865,0.0</coordinates>
                </Point>
            </Placemark>
            <Placemark id="198">
                <name>Haagsweiher bei Feucht</name>
                <description>                    category  : artificial pond &lt;br&gt;   
                    sitelinks : 2.0 &lt;br&gt;   
                    articleEN :  &lt;br&gt;             
                    articleDE : https://de.wikipedia.org/wiki/Haagsweiher_bei_Feucht &lt;br&gt;              
                    wikidata_link : http://www.wikidata.org/entity/Q64131153</description>
                <styleUrl>#34</styleUrl>
                <Point id="197">
                    <coordinates>11.22918,49.3807,0.0</coordinates>
                </Point>
            </Placemark>
            <Placemark id="200">
                <name>St. Josef</name>
                <description>                    category  : parish church &lt;br&gt;   
                    sitelinks : 2.0 &lt;br&gt;   
                    articleEN :  &lt;br&gt;             
                    articleDE : https://de.wikipedia.org/wiki/St._Josef_(N%C3%BCrnberg) &lt;br&gt;              
                    wikidata_link : http://www.wikidata.org/entity/Q63758686</description>
                <styleUrl>#34</styleUrl>
                <Point id="199">
                    <coordinates>11.09391,49.45529,0.0</coordinates>
                </Point>
            </Placemark>
            <Placemark id="202">
                <name>Maria am Hauch</name>
                <description>                    category  : parish church &lt;br&gt;   
                    sitelinks : 2.0 &lt;br&gt;   
                    articleEN :  &lt;br&gt;             
                    articleDE : https://de.wikipedia.org/wiki/Maria_am_Hauch &lt;br&gt;              
                    wikidata_link : http://www.wikidata.org/entity/Q63253489</description>
                <styleUrl>#34</styleUrl>
                <Point id="201">
                    <coordinates>11.025658,49.421458,0.0</coordinates>
                </Point>
            </Placemark>
            <Placemark id="204">
                <name>Buchenklinge</name>
                <description>                    category  : spring &lt;br&gt;   
                    sitelinks : 2.0 &lt;br&gt;   
                    articleEN :  &lt;br&gt;             
                    articleDE : https://de.wikipedia.org/wiki/Buchenklinge &lt;br&gt;              
                    wikidata_link : http://www.wikidata.org/entity/Q54760728</description>
                <styleUrl>#34</styleUrl>
                <Point id="203">
                    <coordinates>11.154836111111,49.451805555556,0.0</coordinates>
                </Point>
            </Placemark>
            <Placemark id="206">
                <name>Steinbrüche am Schmausenbuck</name>
                <description>                    category  : geotope &lt;br&gt;   
                    sitelinks : 2.0 &lt;br&gt;   
                    articleEN :  &lt;br&gt;             
                    articleDE : https://de.wikipedia.org/wiki/Sandsteinbr%C3%BCche_am_Schmausenbuck &lt;br&gt;              
                    wikidata_link : http://www.wikidata.org/entity/Q54759745</description>
                <styleUrl>#34</styleUrl>
                <Point id="205">
                    <coordinates>11.15295,49.45054,0.0</coordinates>
                </Point>
            </Placemark>
            <Placemark id="208">
                <name>Froschstein bei Brunn</name>
                <description>                    category  : rock &lt;br&gt;   
                    sitelinks : 2.0 &lt;br&gt;   
                    articleEN :  &lt;br&gt;             
                    articleDE : https://de.wikipedia.org/wiki/Froschstein &lt;br&gt;              
                    wikidata_link : http://www.wikidata.org/entity/Q54756967</description>
                <styleUrl>#34</styleUrl>
                <Point id="207">
                    <coordinates>11.212513888889,49.438036111111,0.0</coordinates>
                </Point>
            </Placemark>
            <Placemark id="210">
                <name>Steinkreuz bei der Autobahnraststätte &quot;Feucht West&quot;</name>
                <description>                    category  : conciliation cross &lt;br&gt;   
                    sitelinks : 2.0 &lt;br&gt;   
                    articleEN :  &lt;br&gt;             
                    articleDE : https://de.wikipedia.org/wiki/Steinkreuz_bei_der_Autobahnrastst%C3%A4tte_Feucht_West &lt;br&gt;              
                    wikidata_link : http://www.wikidata.org/entity/Q54459781</description>
                <styleUrl>#34</styleUrl>
                <Point id="209">
                    <coordinates>11.202280555556,49.355261111111,0.0</coordinates>
                </Point>
            </Placemark>
            <Placemark id="212">
                <name>Frauenkreuz im Kraftshofer Forst</name>
                <description>                    category  : conciliation cross &lt;br&gt;   
                    sitelinks : 2.0 &lt;br&gt;   
                    articleEN :  &lt;br&gt;             
                    articleDE : https://de.wikipedia.org/wiki/Frauenkreuz_im_Kraftshofer_Forst &lt;br&gt;              
                    wikidata_link : http://www.wikidata.org/entity/Q54351898</description>
                <styleUrl>#34</styleUrl>
                <Point id="211">
                    <coordinates>11.09434,49.51679,0.0</coordinates>
                </Point>
            </Placemark>
            <Placemark id="214">
                <name>Tassilo-Theater</name>
                <description>                    category  : cabaret &lt;br&gt;   
                    sitelinks : 2.0 &lt;br&gt;   
                    articleEN :  &lt;br&gt;             
                    articleDE : https://de.wikipedia.org/wiki/Tassilo-Theater &lt;br&gt;              
                    wikidata_link : http://www.wikidata.org/entity/Q54339439</description>
                <styleUrl>#34</styleUrl>
                <Point id="213">
                    <coordinates>11.049917,49.453472,0.0</coordinates>
                </Point>
            </Placemark>
            <Placemark id="216">
                <name>Hautastein bei Fischbach</name>
                <description>                    category  : conciliation cross &lt;br&gt;   
                    sitelinks : 2.0 &lt;br&gt;   
                    articleEN :  &lt;br&gt;             
                    articleDE : https://de.wikipedia.org/wiki/Hautastein_bei_Fischbach &lt;br&gt;              
                    wikidata_link : http://www.wikidata.org/entity/Q54199531</description>
                <styleUrl>#34</styleUrl>
                <Point id="215">
                    <coordinates>11.233736111111,49.422058333333,0.0</coordinates>
                </Point>
            </Placemark>
            <Placemark id="218">
                <name>Backhaus Nähe Neunhofer Schloßplatz in Nürnberg</name>
                <description>                    category  : bakehouse &lt;br&gt;   
                    sitelinks : 2.0 &lt;br&gt;   
                    articleEN :  &lt;br&gt;             
                    articleDE : https://de.wikipedia.org/wiki/Backhaus_(Schloss_Neunhof) &lt;br&gt;              
                    wikidata_link : http://www.wikidata.org/entity/Q98629922</description>
                <styleUrl>#34</styleUrl>
                <Point id="217">
                    <coordinates>11.050525334035,49.518698510856,0.0</coordinates>
                </Point>
            </Placemark>
            <Placemark id="220">
                <name>Friedhofskapelle Rothenburger Straße 24 in Nürnberg</name>
                <description>                    category  : cemetery chapel &lt;br&gt;   
                    sitelinks : 2.0 &lt;br&gt;   
                    articleEN :  &lt;br&gt;             
                    articleDE : https://de.wikipedia.org/wiki/Rochuskapelle_(N%C3%BCrnberg) &lt;br&gt;              
                    wikidata_link : http://www.wikidata.org/entity/Q98626801</description>
                <styleUrl>#34</styleUrl>
                <Point id="219">
                    <coordinates>11.060789550128,49.447324690716,0.0</coordinates>
                </Point>
            </Placemark>
            <Placemark id="222">
                <name>Kongresshalle</name>
                <description>                    category  : unfinished building &lt;br&gt;   
                    sitelinks : 2.0 &lt;br&gt;   
                    articleEN :  &lt;br&gt;             
                    articleDE : https://de.wikipedia.org/wiki/Kongresshalle_(N%C3%BCrnberg) &lt;br&gt;              
                    wikidata_link : http://www.wikidata.org/entity/Q98626606</description>
                <styleUrl>#34</styleUrl>
                <Point id="221">
                    <coordinates>11.112689019692,49.43240818789,0.0</coordinates>
                </Point>
            </Placemark>
            <Placemark id="224">
                <name>Q134087146</name>
                <description>                    category  : architectural structure &lt;br&gt;   
                    sitelinks : 2.0 &lt;br&gt;   
                    articleEN :  &lt;br&gt;             
                    articleDE : https://de.wikipedia.org/wiki/Gemeinschaftshaus_Langwasser &lt;br&gt;              
                    wikidata_link : http://www.wikidata.org/entity/Q134087146</description>
                <styleUrl>#34</styleUrl>
                <Point id="223">
                    <coordinates>11.13601,49.40209,0.0</coordinates>
                </Point>
            </Placemark>
            <Placemark id="226">
                <name>Main Organ of St. Lawrence's Church, Nuremberg, Germany</name>
                <description>                    category  : church organ &lt;br&gt;   
                    sitelinks : 2.0 &lt;br&gt;   
                    articleEN :  &lt;br&gt;             
                    articleDE : https://de.wikipedia.org/wiki/Orgeln_von_St._Lorenz_(N%C3%BCrnberg) &lt;br&gt;              
                    wikidata_link : http://www.wikidata.org/entity/Q112961871</description>
                <styleUrl>#34</styleUrl>
                <Point id="225">
                    <coordinates>11.078501,49.45097,0.0</coordinates>
                </Point>
            </Placemark>
            <Placemark id="228">
                <name>Magnus-Hirschfeld-Platz</name>
                <description>                    category  : square &lt;br&gt;   
                    sitelinks : 2.0 &lt;br&gt;   
                    articleEN :  &lt;br&gt;             
                    articleDE : https://de.wikipedia.org/wiki/Magnus-Hirschfeld-Platz &lt;br&gt;              
                    wikidata_link : http://www.wikidata.org/entity/Q112649199</description>
                <styleUrl>#34</styleUrl>
                <Point id="227">
                    <coordinates>11.077644,49.447033,0.0</coordinates>
                </Point>
            </Placemark>
            <Placemark id="230">
                <name>Großmarkt Nürnberg</name>
                <description>                    category  : wholesale market &lt;br&gt;   
                    sitelinks : 2.0 &lt;br&gt;   
                    articleEN :  &lt;br&gt;             
                    articleDE : https://de.wikipedia.org/wiki/Gro%C3%9Fmarkt_N%C3%BCrnberg &lt;br&gt;              
                    wikidata_link : http://www.wikidata.org/entity/Q111904273</description>
                <styleUrl>#34</styleUrl>
                <Point id="229">
                    <coordinates>11.021472,49.452716,0.0</coordinates>
                </Point>
            </Placemark>
            <Placemark id="232">
                <name>Q110044405</name>
                <description>                    category  : church building &lt;br&gt;   
                    sitelinks : 2.0 &lt;br&gt;   
                    articleEN :  &lt;br&gt;             
                    articleDE : https://de.wikipedia.org/wiki/St._Marien_(Erlangen-Bruck) &lt;br&gt;              
                    wikidata_link : http://www.wikidata.org/entity/Q110044405</description>
                <styleUrl>#34</styleUrl>
                <Point id="231">
                    <coordinates>11.00422,49.56956,0.0</coordinates>
                </Point>
            </Placemark>
            <Placemark id="234">
                <name>Pfarrkirche St. Walburga</name>
                <description>                    category  : parish church &lt;br&gt;   
                    sitelinks : 2.0 &lt;br&gt;   
                    articleEN :  &lt;br&gt;             
                    articleDE : https://de.wikipedia.org/wiki/St._Walburga_(Eibach) &lt;br&gt;              
                    wikidata_link : http://www.wikidata.org/entity/Q109776329</description>
                <styleUrl>#34</styleUrl>
                <Point id="233">
                    <coordinates>11.03635,49.40844,0.0</coordinates>
                </Point>
            </Placemark>
            <Placemark id="236">
                <name>Forstweiher</name>
                <description>                    category  : artificial pond &lt;br&gt;   
                    sitelinks : 2.0 &lt;br&gt;   
                    articleEN :  &lt;br&gt;             
                    articleDE : https://de.wikipedia.org/wiki/Forstweiher_(Eibach) &lt;br&gt;              
                    wikidata_link : http://www.wikidata.org/entity/Q109767530</description>
                <styleUrl>#34</styleUrl>
                <Point id="235">
                    <coordinates>11.04136,49.40388,0.0</coordinates>
                </Point>
            </Placemark>
            <Placemark id="238">
                <name>St. Margaretha</name>
                <description>                    category  : parish church &lt;br&gt;   
                    sitelinks : 2.0 &lt;br&gt;   
                    articleEN :  &lt;br&gt;             
                    articleDE : https://de.wikipedia.org/wiki/St._Margaretha_(Heroldsberg) &lt;br&gt;              
                    wikidata_link : http://www.wikidata.org/entity/Q109718657</description>
                <styleUrl>#34</styleUrl>
                <Point id="237">
                    <coordinates>11.153642,49.531224,0.0</coordinates>
                </Point>
            </Placemark>
            <Placemark id="240">
                <name>Emmy-Noether-Gymnasium</name>
                <description>                    category  : school building &lt;br&gt;   
                    sitelinks : 2.0 &lt;br&gt;   
                    articleEN :  &lt;br&gt;             
                    articleDE : https://de.wikipedia.org/wiki/Emmy-Noether-Gymnasium_Erlangen &lt;br&gt;              
                    wikidata_link : http://www.wikidata.org/entity/Q108903212</description>
                <styleUrl>#34</styleUrl>
                <Point id="239">
                    <coordinates>11.0022,49.5611,0.0</coordinates>
                </Point>
            </Placemark>
            <Placemark id="242">
                <name>Deutsches Museum Nürnberg</name>
                <description>                    category  : technology museum &lt;br&gt;   
                    sitelinks : 2.0 &lt;br&gt;   
                    articleEN :  &lt;br&gt;             
                    articleDE : https://de.wikipedia.org/wiki/Deutsches_Museum_N%C3%BCrnberg_%E2%80%93_Das_Zukunftsmuseum &lt;br&gt;              
                    wikidata_link : http://www.wikidata.org/entity/Q106945957</description>
                <styleUrl>#34</styleUrl>
                <Point id="241">
                    <coordinates>11.074758333333,49.453688888889,0.0</coordinates>
                </Point>
            </Placemark>
            <Placemark id="244">
                <name>Q106729081</name>
                <description>                    category  : leadlight &lt;br&gt;   
                    sitelinks : 2.0 &lt;br&gt;   
                    articleEN :  &lt;br&gt;             
                    articleDE : https://de.wikipedia.org/wiki/Verk%C3%BCndigung_an_Maria_(Tucherschloss) &lt;br&gt;              
                    wikidata_link : http://www.wikidata.org/entity/Q106729081</description>
                <styleUrl>#34</styleUrl>
                <Point id="243">
                    <coordinates>11.084166666667,49.4575,0.0</coordinates>
                </Point>
            </Placemark>
            <Placemark id="246">
                <name>Brunnen</name>
                <description>                    category  : water well &lt;br&gt;   
                    sitelinks : 2.0 &lt;br&gt;   
                    articleEN :  &lt;br&gt;             
                    articleDE : https://de.wikipedia.org/wiki/Minnes%C3%A4ngerbrunnen &lt;br&gt;              
                    wikidata_link : http://www.wikidata.org/entity/Q98606482</description>
                <styleUrl>#34</styleUrl>
                <Point id="245">
                    <coordinates>11.064988658529,49.451131534768,0.0</coordinates>
                </Point>
            </Placemark>
            <Placemark id="248">
                <name>Q130419932</name>
                <description>                    category  : architectural structure &lt;br&gt;   
                    sitelinks : 2.0 &lt;br&gt;   
                    articleEN :  &lt;br&gt;             
                    articleDE : https://de.wikipedia.org/wiki/Bratwurstgl%C3%B6cklein &lt;br&gt;              
                    wikidata_link : http://www.wikidata.org/entity/Q130419932</description>
                <styleUrl>#34</styleUrl>
                <Point id="247">
                    <coordinates>11.07616459844,49.455710448671,0.0</coordinates>
                </Point>
            </Placemark>
            <Placemark id="250">
                <name>ASN-Radrennbahn Nürnberg</name>
                <description>                    category  : velodrome &lt;br&gt;   
                    sitelinks : 2.0 &lt;br&gt;   
                    articleEN :  &lt;br&gt;             
                    articleDE : https://de.wikipedia.org/wiki/ASN-Radrennbahn_N%C3%BCrnberg &lt;br&gt;              
                    wikidata_link : http://www.wikidata.org/entity/Q126739407</description>
                <styleUrl>#34</styleUrl>
                <Point id="249">
                    <coordinates>11.099946,49.483084,0.0</coordinates>
                </Point>
            </Placemark>
            <Placemark id="252">
                <name>Q125505064</name>
                <description>                    category  : architectural structure &lt;br&gt;   
                    sitelinks : 2.0 &lt;br&gt;   
                    articleEN :  &lt;br&gt;             
                    articleDE : https://de.wikipedia.org/wiki/Caritas-Pirckheimer-Haus_(N%C3%BCrnberg) &lt;br&gt;              
                    wikidata_link : http://www.wikidata.org/entity/Q125505064</description>
                <styleUrl>#34</styleUrl>
                <Point id="251">
                    <coordinates>11.07902,49.44859,0.0</coordinates>
                </Point>
            </Placemark>
            <Placemark id="254">
                <name>Henkerhaus Nürnberg</name>
                <description>                    category  : museum &lt;br&gt;   
                    sitelinks : 2.0 &lt;br&gt;   
                    articleEN :  &lt;br&gt;             
                    articleDE : https://de.wikipedia.org/wiki/Henkerhaus_N%C3%BCrnberg &lt;br&gt;              
                    wikidata_link : http://www.wikidata.org/entity/Q124838795</description>
                <styleUrl>#34</styleUrl>
                <Point id="253">
                    <coordinates>11.07327739193,49.453272312374,0.0</coordinates>
                </Point>
            </Placemark>
            <Placemark id="256">
                <name>Imhoffhaus (Nürnberg)</name>
                <description>                    category  : architectural structure &lt;br&gt;   
                    sitelinks : 2.0 &lt;br&gt;   
                    articleEN :  &lt;br&gt;             
                    articleDE : https://de.wikipedia.org/wiki/Imhoffhaus_(N%C3%BCrnberg) &lt;br&gt;              
                    wikidata_link : http://www.wikidata.org/entity/Q124157050</description>
                <styleUrl>#34</styleUrl>
                <Point id="255">
                    <coordinates>11.08123,49.45695,0.0</coordinates>
                </Point>
            </Placemark>
            <Placemark id="258">
                <name>Q123938377</name>
                <description>                    category  : gate &lt;br&gt;   
                    sitelinks : 2.0 &lt;br&gt;   
                    articleEN :  &lt;br&gt;             
                    articleDE : https://de.wikipedia.org/wiki/Kasemattentor_(N%C3%BCrnberg) &lt;br&gt;              
                    wikidata_link : http://www.wikidata.org/entity/Q123938377</description>
                <styleUrl>#34</styleUrl>
                <Point id="257">
                    <coordinates>11.086116,49.453101,0.0</coordinates>
                </Point>
            </Placemark>
            <Placemark id="260">
                <name>Q123531408</name>
                <description>                    category  : protected forest &lt;br&gt;   
                    sitelinks : 2.0 &lt;br&gt;   
                    articleEN :  &lt;br&gt;             
                    articleDE : https://de.wikipedia.org/wiki/Naturwald_Feuchtw%C3%A4lder_im_N%C3%BCrnberger_Reichswald &lt;br&gt;              
                    wikidata_link : http://www.wikidata.org/entity/Q123531408</description>
                <styleUrl>#34</styleUrl>
                <Point id="259">
                    <coordinates>11.12461,49.5794,0.0</coordinates>
                </Point>
            </Placemark>
            <Placemark id="262">
                <name>Red-light district Nuremberg</name>
                <description>                    category  : red-light district &lt;br&gt;   
                    sitelinks : 2.0 &lt;br&gt;   
                    articleEN :  &lt;br&gt;             
                    articleDE : https://de.wikipedia.org/wiki/N%C3%BCrnberger_Rotlichtviertel &lt;br&gt;              
                    wikidata_link : http://www.wikidata.org/entity/Q123018205</description>
                <styleUrl>#34</styleUrl>
                <Point id="261">
                    <coordinates>11.068499,49.447773,0.0</coordinates>
                </Point>
            </Placemark>
            <Placemark id="264">
                <name>Q122492601</name>
                <description>                    category  : residential building &lt;br&gt;   
                    sitelinks : 2.0 &lt;br&gt;   
                    articleEN :  &lt;br&gt;             
                    articleDE : https://de.wikipedia.org/wiki/Mesnerhaus_(Feucht) &lt;br&gt;              
                    wikidata_link : http://www.wikidata.org/entity/Q122492601</description>
                <styleUrl>#34</styleUrl>
                <Point id="263">
                    <coordinates>11.21408,49.37485,0.0</coordinates>
                </Point>
            </Placemark>
            <Placemark id="266">
                <name>Q120514105</name>
                <description>                    category  : church building &lt;br&gt;   
                    sitelinks : 2.0 &lt;br&gt;   
                    articleEN :  &lt;br&gt;             
                    articleDE : https://de.wikipedia.org/wiki/St._Josef_(Zirndorf) &lt;br&gt;              
                    wikidata_link : http://www.wikidata.org/entity/Q120514105</description>
                <styleUrl>#34</styleUrl>
                <Point id="265">
                    <coordinates>10.958814,49.4456801,0.0</coordinates>
                </Point>
            </Placemark>
            <Placemark id="268">
                <name>Q120513972</name>
                <description>                    category  : chapel &lt;br&gt;   
                    sitelinks : 2.0 &lt;br&gt;   
                    articleEN :  &lt;br&gt;             
                    articleDE : https://de.wikipedia.org/wiki/Moritzkapelle_(N%C3%BCrnberg) &lt;br&gt;              
                    wikidata_link : http://www.wikidata.org/entity/Q120513972</description>
                <styleUrl>#34</styleUrl>
                <Point id="267">
                    <coordinates>11.076384419428,49.455683479558,0.0</coordinates>
                </Point>
            </Placemark>
            <Placemark id="270">
                <name>Q120513852</name>
                <description>                    category  : church building &lt;br&gt;   
                    sitelinks : 2.0 &lt;br&gt;   
                    articleEN :  &lt;br&gt;             
                    articleDE : https://de.wikipedia.org/wiki/Herz_Jesu_(Mannhof) &lt;br&gt;              
                    wikidata_link : http://www.wikidata.org/entity/Q120513852</description>
                <styleUrl>#34</styleUrl>
                <Point id="269">
                    <coordinates>10.97826,49.52467,0.0</coordinates>
                </Point>
            </Placemark>
            <Placemark id="272">
                <name>Q120513805</name>
                <description>                    category  : church building &lt;br&gt;   
                    sitelinks : 2.0 &lt;br&gt;   
                    articleEN :  &lt;br&gt;             
                    articleDE : https://de.wikipedia.org/wiki/Heilig-Geist-Kirche_(Moosbach) &lt;br&gt;              
                    wikidata_link : http://www.wikidata.org/entity/Q120513805</description>
                <styleUrl>#34</styleUrl>
                <Point id="271">
                    <coordinates>11.26029,49.39336,0.0</coordinates>
                </Point>
            </Placemark>
            <Placemark id="274">
                <name>Baking oven of Kirchhof Katzwang</name>
                <description>                    category  : bakehouse &lt;br&gt;   
                    sitelinks : 2.0 &lt;br&gt;   
                    articleEN :  &lt;br&gt;             
                    articleDE : https://de.wikipedia.org/wiki/Backhaus_(Pfarrhaus_Katzwang) &lt;br&gt;              
                    wikidata_link : http://www.wikidata.org/entity/Q115740196</description>
                <styleUrl>#34</styleUrl>
                <Point id="273">
                    <coordinates>11.05493,49.349727,0.0</coordinates>
                </Point>
            </Placemark>
            <Placemark id="276">
                <name>Ziegelstein</name>
                <description>                    category  : former railway station &lt;br&gt;   
                    sitelinks : 2.0 &lt;br&gt;   
                    articleEN :  &lt;br&gt;             
                    articleDE : https://de.wikipedia.org/wiki/Bahnhof_Ziegelstein &lt;br&gt;              
                    wikidata_link : http://www.wikidata.org/entity/Q115094583</description>
                <styleUrl>#34</styleUrl>
                <Point id="275">
                    <coordinates>11.1095405,49.4899145,0.0</coordinates>
                </Point>
            </Placemark>
            <Placemark id="278">
                <name>Alte Schau</name>
                <description>                    category  : public building &lt;br&gt;   
                    sitelinks : 2.0 &lt;br&gt;   
                    articleEN :  &lt;br&gt;             
                    articleDE :  &lt;br&gt;              
                    wikidata_link : http://www.wikidata.org/entity/Q113551715</description>
                <styleUrl>#34</styleUrl>
                <Point id="277">
                    <coordinates>11.07664,49.45506,0.0</coordinates>
                </Point>
            </Placemark>
            <Placemark id="280">
                <name>Cementery hall Fürth</name>
                <description>                    category  : arcade hall &lt;br&gt;   
                    sitelinks : 2.0 &lt;br&gt;   
                    articleEN :  &lt;br&gt;             
                    articleDE :  &lt;br&gt;              
                    wikidata_link : http://www.wikidata.org/entity/Q98624120</description>
                <styleUrl>#34</styleUrl>
                <Point id="279">
                    <coordinates>10.993335131018,49.485660765388,0.0</coordinates>
                </Point>
            </Placemark>
            <Placemark id="282">
                <name>Sebalder Pfarrhof</name>
                <description>                    category  : clergy house &lt;br&gt;   
                    sitelinks : 2.0 &lt;br&gt;   
                    articleEN :  &lt;br&gt;             
                    articleDE :  &lt;br&gt;              
                    wikidata_link : http://www.wikidata.org/entity/Q98608470</description>
                <styleUrl>#34</styleUrl>
                <Point id="281">
                    <coordinates>11.075717879275,49.455626718086,0.0</coordinates>
                </Point>
            </Placemark>
            <Placemark id="284">
                <name>Brunnen</name>
                <description>                    category  : water well &lt;br&gt;   
                    sitelinks : 2.0 &lt;br&gt;   
                    articleEN :  &lt;br&gt;             
                    articleDE :  &lt;br&gt;              
                    wikidata_link : http://www.wikidata.org/entity/Q98606601</description>
                <styleUrl>#34</styleUrl>
                <Point id="283">
                    <coordinates>11.077973038003,49.451208797047,0.0</coordinates>
                </Point>
            </Placemark>
            <Placemark id="286">
                <name>Fürth-Unterfarrnbach</name>
                <description>                    category  : former railway stop &lt;br&gt;   
                    sitelinks : 2.0 &lt;br&gt;   
                    articleEN : https://en.wikipedia.org/wiki/F%C3%BCrth-Klinikum_station &lt;br&gt;             
                    articleDE :  &lt;br&gt;              
                    wikidata_link : http://www.wikidata.org/entity/Q63382868</description>
                <styleUrl>#34</styleUrl>
                <Point id="285">
                    <coordinates>10.9670269,49.4833145,0.0</coordinates>
                </Point>
            </Placemark>
            <Placemark id="288">
                <name>Wasserwerk Erlenstegen</name>
                <description>                    category  : site of community importance &lt;br&gt;   
                    sitelinks : 2.0 &lt;br&gt;   
                    articleEN :  &lt;br&gt;             
                    articleDE :  &lt;br&gt;              
                    wikidata_link : http://www.wikidata.org/entity/Q60786948</description>
                <styleUrl>#34</styleUrl>
                <Point id="287">
                    <coordinates>11.158541944444,49.471363055556,0.0</coordinates>
                </Point>
            </Placemark>
            <Placemark id="290">
                <name>Irrhain</name>
                <description>                    category  : Special Area of Conservation &lt;br&gt;   
                    sitelinks : 2.0 &lt;br&gt;   
                    articleEN :  &lt;br&gt;             
                    articleDE :  &lt;br&gt;              
                    wikidata_link : http://www.wikidata.org/entity/Q60786911</description>
                <styleUrl>#34</styleUrl>
                <Point id="289">
                    <coordinates>11.069744,49.516277,0.0</coordinates>
                </Point>
            </Placemark>
            <Placemark id="292">
                <name>Weiherkette nördlich Weinzierlein</name>
                <description>                    category  : Special Area of Conservation &lt;br&gt;   
                    sitelinks : 2.0 &lt;br&gt;   
                    articleEN :  &lt;br&gt;             
                    articleDE :  &lt;br&gt;              
                    wikidata_link : http://www.wikidata.org/entity/Q60766414</description>
                <styleUrl>#34</styleUrl>
                <Point id="291">
                    <coordinates>10.885454,49.433754,0.0</coordinates>
                </Point>
            </Placemark>
            <Placemark id="294">
                <name>Tiergarten Nürnberg mit Schmausenbuck</name>
                <description>                    category  : site of community importance &lt;br&gt;   
                    sitelinks : 2.0 &lt;br&gt;   
                    articleEN :  &lt;br&gt;             
                    articleDE :  &lt;br&gt;              
                    wikidata_link : http://www.wikidata.org/entity/Q60766222</description>
                <styleUrl>#34</styleUrl>
                <Point id="293">
                    <coordinates>11.170146944444,49.448868888889,0.0</coordinates>
                </Point>
            </Placemark>
            <Placemark id="296">
                <name>Sandheiden im mittelfränkischen Becken</name>
                <description>                    category  : Special Area of Conservation &lt;br&gt;   
                    sitelinks : 2.0 &lt;br&gt;   
                    articleEN :  &lt;br&gt;             
                    articleDE :  &lt;br&gt;              
                    wikidata_link : http://www.wikidata.org/entity/Q60765958</description>
                <styleUrl>#34</styleUrl>
                <Point id="295">
                    <coordinates>11.032289,49.492994,0.0</coordinates>
                </Point>
            </Placemark>
            <Placemark id="298">
                <name>Rodungsinseln im Reichswald</name>
                <description>                    category  : Special Area of Conservation &lt;br&gt;   
                    sitelinks : 2.0 &lt;br&gt;   
                    articleEN :  &lt;br&gt;             
                    articleDE :  &lt;br&gt;              
                    wikidata_link : http://www.wikidata.org/entity/Q60765933</description>
                <styleUrl>#34</styleUrl>
                <Point id="297">
                    <coordinates>11.256792,49.425169,0.0</coordinates>
                </Point>
            </Placemark>
            <Placemark id="300">
                <name>Rednitztal in Nürnberg</name>
                <description>                    category  : Special Area of Conservation &lt;br&gt;   
                    sitelinks : 2.0 &lt;br&gt;   
                    articleEN :  &lt;br&gt;             
                    articleDE :  &lt;br&gt;              
                    wikidata_link : http://www.wikidata.org/entity/Q60765908</description>
                <styleUrl>#34</styleUrl>
                <Point id="299">
                    <coordinates>11.041148,49.374796,0.0</coordinates>
                </Point>
            </Placemark>
            <Placemark id="302">
                <name>Kornberge bei Worzeldorf</name>
                <description>                    category  : site of community importance &lt;br&gt;   
                    sitelinks : 2.0 &lt;br&gt;   
                    articleEN :  &lt;br&gt;             
                    articleDE :  &lt;br&gt;              
                    wikidata_link : http://www.wikidata.org/entity/Q60765269</description>
                <styleUrl>#34</styleUrl>
                <Point id="301">
                    <coordinates>11.126746944444,49.368891944444,0.0</coordinates>
                </Point>
            </Placemark>
            <Placemark id="304">
                <name>Fürther und Zirndorfer Stadtwald</name>
                <description>                    category  : Special Area of Conservation &lt;br&gt;   
                    sitelinks : 2.0 &lt;br&gt;   
                    articleEN :  &lt;br&gt;             
                    articleDE :  &lt;br&gt;              
                    wikidata_link : http://www.wikidata.org/entity/Q60764993</description>
                <styleUrl>#34</styleUrl>
                <Point id="303">
                    <coordinates>10.922836,49.466076,0.0</coordinates>
                </Point>
            </Placemark>
            <Placemark id="306">
                <name>St. Demetrius-Kathedrale</name>
                <description>                    category  : church building &lt;br&gt;   
                    sitelinks : 2.0 &lt;br&gt;   
                    articleEN :  &lt;br&gt;             
                    articleDE :  &lt;br&gt;              
                    wikidata_link : http://www.wikidata.org/entity/Q56062169</description>
                <styleUrl>#34</styleUrl>
                <Point id="305">
                    <coordinates>11.03967,49.45683,0.0</coordinates>
                </Point>
            </Placemark>
            <Placemark id="308">
                <name>Stadtpark</name>
                <description>                    category  : cultural heritage ensemble &lt;br&gt;   
                    sitelinks : 2.0 &lt;br&gt;   
                    articleEN :  &lt;br&gt;             
                    articleDE :  &lt;br&gt;              
                    wikidata_link : http://www.wikidata.org/entity/Q41421997</description>
                <styleUrl>#34</styleUrl>
                <Point id="307">
                    <coordinates>10.997965275767,49.473157727416,0.0</coordinates>
                </Point>
            </Placemark>
            <Placemark id="310">
                <name>Städtischer Friedhof Fürth</name>
                <description>                    category  : cultural heritage ensemble &lt;br&gt;   
                    sitelinks : 2.0 &lt;br&gt;   
                    articleEN :  &lt;br&gt;             
                    articleDE :  &lt;br&gt;              
                    wikidata_link : http://www.wikidata.org/entity/Q41419954</description>
                <styleUrl>#34</styleUrl>
                <Point id="309">
                    <coordinates>10.992091069756,49.485985158073,0.0</coordinates>
                </Point>
            </Placemark>
            <Placemark id="312">
                <name>St. Peter und Paul</name>
                <description>                    category  : church building &lt;br&gt;   
                    sitelinks : 2.0 &lt;br&gt;   
                    articleEN :  &lt;br&gt;             
                    articleDE :  &lt;br&gt;              
                    wikidata_link : http://www.wikidata.org/entity/Q41419388</description>
                <styleUrl>#34</styleUrl>
                <Point id="311">
                    <coordinates>11.015033,49.482185,0.0</coordinates>
                </Point>
            </Placemark>
            <Placemark id="314">
                <name>Schwaig</name>
                <description>                    category  : Ortsteil &lt;br&gt;   
                    sitelinks : 2.0 &lt;br&gt;   
                    articleEN :  &lt;br&gt;             
                    articleDE :  &lt;br&gt;              
                    wikidata_link : http://www.wikidata.org/entity/Q32290660</description>
                <styleUrl>#34</styleUrl>
                <Point id="313">
                    <coordinates>11.200555555556,49.469444444444,0.0</coordinates>
                </Point>
            </Placemark>
            <Placemark id="316">
                <name>Kreuz-Weiher</name>
                <description>                    category  : lake &lt;br&gt;   
                    sitelinks : 2.0 &lt;br&gt;   
                    articleEN :  &lt;br&gt;             
                    articleDE :  &lt;br&gt;              
                    wikidata_link : http://www.wikidata.org/entity/Q32068090</description>
                <styleUrl>#34</styleUrl>
                <Point id="315">
                    <coordinates>11.133055555556,49.576666666667,0.0</coordinates>
                </Point>
            </Placemark>
            <Placemark id="318">
                <name>Jesuitenmission</name>
                <description>                    category  : research institute &lt;br&gt;   
                    sitelinks : 2.0 &lt;br&gt;   
                    articleEN : https://en.wikipedia.org/wiki/Jesuitenmission &lt;br&gt;             
                    articleDE :  &lt;br&gt;              
                    wikidata_link : http://www.wikidata.org/entity/Q28135007</description>
                <styleUrl>#34</styleUrl>
                <Point id="317">
                    <coordinates>11.07984167,49.44868333,0.0</coordinates>
                </Point>
            </Placemark>
            <Placemark id="320">
                <name>Stalag XIII-D</name>
                <description>                    category  : military base &lt;br&gt;   
                    sitelinks : 2.0 &lt;br&gt;   
                    articleEN : https://en.wikipedia.org/wiki/Stalag_XIII-D &lt;br&gt;             
                    articleDE :  &lt;br&gt;              
                    wikidata_link : http://www.wikidata.org/entity/Q7597205</description>
                <styleUrl>#34</styleUrl>
                <Point id="319">
                    <coordinates>11.1225,49.4275,0.0</coordinates>
                </Point>
            </Placemark>
            <Placemark id="322">
                <name>St. Theresien Hospital Nuremberg</name>
                <description>                    category  : teaching hospital &lt;br&gt;   
                    sitelinks : 2.0 &lt;br&gt;   
                    articleEN :  &lt;br&gt;             
                    articleDE : https://de.wikipedia.org/wiki/St._Theresien-Krankenhaus_N%C3%BCrnberg &lt;br&gt;              
                    wikidata_link : http://www.wikidata.org/entity/Q53596636</description>
                <styleUrl>#34</styleUrl>
                <Point id="321">
                    <coordinates>11.10981,49.469567,0.0</coordinates>
                </Point>
            </Placemark>
            <Placemark id="324">
                <name>Nasbach</name>
                <description>                    category  : Ortsteil &lt;br&gt;   
                    sitelinks : 2.0 &lt;br&gt;   
                    articleEN :  &lt;br&gt;             
                    articleDE : https://de.wikipedia.org/wiki/Nasbach &lt;br&gt;              
                    wikidata_link : http://www.wikidata.org/entity/Q52865431</description>
                <styleUrl>#34</styleUrl>
                <Point id="323">
                    <coordinates>11.024444444444,49.341111111111,0.0</coordinates>
                </Point>
            </Placemark>
            <Placemark id="326">
                <name>Wolkersdorf (Schwabach)</name>
                <description>                    category  : Ortsteil &lt;br&gt;   
                    sitelinks : 2.0 &lt;br&gt;   
                    articleEN :  &lt;br&gt;             
                    articleDE : https://de.wikipedia.org/wiki/Wolkersdorf_(Schwabach) &lt;br&gt;              
                    wikidata_link : http://www.wikidata.org/entity/Q52778795</description>
                <styleUrl>#34</styleUrl>
                <Point id="325">
                    <coordinates>11.024166666667,49.361944444444,0.0</coordinates>
                </Point>
            </Placemark>
            <Placemark id="328">
                <name>Oberbaimbach</name>
                <description>                    category  : Ortsteil &lt;br&gt;   
                    sitelinks : 2.0 &lt;br&gt;   
                    articleEN :  &lt;br&gt;             
                    articleDE : https://de.wikipedia.org/wiki/Oberbaimbach &lt;br&gt;              
                    wikidata_link : http://www.wikidata.org/entity/Q52702383</description>
                <styleUrl>#34</styleUrl>
                <Point id="327">
                    <coordinates>10.9925,49.356388888889,0.0</coordinates>
                </Point>
            </Placemark>
            <Placemark id="330">
                <name>Nemsdorf (Rohr)</name>
                <description>                    category  : Ortsteil &lt;br&gt;   
                    sitelinks : 2.0 &lt;br&gt;   
                    articleEN :  &lt;br&gt;             
                    articleDE : https://de.wikipedia.org/wiki/Nemsdorf_(Rohr) &lt;br&gt;              
                    wikidata_link : http://www.wikidata.org/entity/Q52545281</description>
                <styleUrl>#34</styleUrl>
                <Point id="329">
                    <coordinates>10.980555555556,49.370833333333,0.0</coordinates>
                </Point>
            </Placemark>
            <Placemark id="332">
                <name>Regelsbach (Rohr)</name>
                <description>                    category  : Ortsteil &lt;br&gt;   
                    sitelinks : 2.0 &lt;br&gt;   
                    articleEN :  &lt;br&gt;             
                    articleDE : https://de.wikipedia.org/wiki/Regelsbach_(Rohr) &lt;br&gt;              
                    wikidata_link : http://www.wikidata.org/entity/Q52545282</description>
                <styleUrl>#34</styleUrl>
                <Point id="331">
                    <coordinates>10.949722222222,49.369722222222,0.0</coordinates>
                </Point>
            </Placemark>
            <Placemark id="334">
                <name>Limbach</name>
                <description>                    category  : Ortsteil &lt;br&gt;   
                    sitelinks : 2.0 &lt;br&gt;   
                    articleEN :  &lt;br&gt;             
                    articleDE : https://de.wikipedia.org/wiki/Limbach_(Schwabach) &lt;br&gt;              
                    wikidata_link : http://www.wikidata.org/entity/Q52458372</description>
                <styleUrl>#34</styleUrl>
                <Point id="333">
                    <coordinates>11.046213,49.338692,0.0</coordinates>
                </Point>
            </Placemark>
            <Placemark id="336">
                <name>Schleuse Eibach</name>
                <description>                    category  : water-saving lock &lt;br&gt;   
                    sitelinks : 2.0 &lt;br&gt;   
                    articleEN :  &lt;br&gt;             
                    articleDE : https://de.wikipedia.org/wiki/Schleuse_Eibach &lt;br&gt;              
                    wikidata_link : http://www.wikidata.org/entity/Q50107664</description>
                <styleUrl>#34</styleUrl>
                <Point id="335">
                    <coordinates>11.064079,49.38476,0.0</coordinates>
                </Point>
            </Placemark>
            <Placemark id="338">
                <name>Kriegenbrunn lock</name>
                <description>                    category  : water-saving lock &lt;br&gt;   
                    sitelinks : 2.0 &lt;br&gt;   
                    articleEN :  &lt;br&gt;             
                    articleDE : https://de.wikipedia.org/wiki/Schleuse_Kriegenbrunn &lt;br&gt;              
                    wikidata_link : http://www.wikidata.org/entity/Q50107667</description>
                <styleUrl>#34</styleUrl>
                <Point id="337">
                    <coordinates>10.9698,49.556408,0.0</coordinates>
                </Point>
            </Placemark>
            <Placemark id="340">
                <name>Nuremberg lock</name>
                <description>                    category  : water-saving lock &lt;br&gt;   
                    sitelinks : 2.0 &lt;br&gt;   
                    articleEN :  &lt;br&gt;             
                    articleDE : https://de.wikipedia.org/wiki/Schleuse_N%C3%BCrnberg &lt;br&gt;              
                    wikidata_link : http://www.wikidata.org/entity/Q50107666</description>
                <styleUrl>#34</styleUrl>
                <Point id="339">
                    <coordinates>11.0568,49.41565,0.0</coordinates>
                </Point>
            </Placemark>
            <Placemark id="342">
                <name>Kraftwerk Tullnau</name>
                <description>                    category  : architectural structure &lt;br&gt;   
                    sitelinks : 2.0 &lt;br&gt;   
                    articleEN :  &lt;br&gt;             
                    articleDE : https://de.wikipedia.org/wiki/Kraftwerk_Tullnau &lt;br&gt;              
                    wikidata_link : http://www.wikidata.org/entity/Q47716876</description>
                <styleUrl>#34</styleUrl>
                <Point id="341">
                    <coordinates>11.103388888889,49.449722222222,0.0</coordinates>
                </Point>
            </Placemark>
            <Placemark id="344">
                <name>Fürther Müll-Schwelbrennanlage</name>
                <description>                    category  : incinerator &lt;br&gt;   
                    sitelinks : 2.0 &lt;br&gt;   
                    articleEN :  &lt;br&gt;             
                    articleDE : https://de.wikipedia.org/wiki/F%C3%BCrther_M%C3%BCll-Schwelbrennanlage &lt;br&gt;              
                    wikidata_link : http://www.wikidata.org/entity/Q47535838</description>
                <styleUrl>#34</styleUrl>
                <Point id="343">
                    <coordinates>10.94767,49.49889,0.0</coordinates>
                </Point>
            </Placemark>
            <Placemark id="346">
                <name>Nürnberg Nordwest</name>
                <description>                    category  : former goods station &lt;br&gt;   
                    sitelinks : 2.0 &lt;br&gt;   
                    articleEN :  &lt;br&gt;             
                    articleDE : https://de.wikipedia.org/wiki/Bahnhof_N%C3%BCrnberg_Nordwest &lt;br&gt;              
                    wikidata_link : http://www.wikidata.org/entity/Q47463994</description>
                <styleUrl>#34</styleUrl>
                <Point id="345">
                    <coordinates>11.039825,49.467405555556,0.0</coordinates>
                </Point>
            </Placemark>
            <Placemark id="348">
                <name>Q44549187</name>
                <description>                    category  : Realschule &lt;br&gt;   
                    sitelinks : 2.0 &lt;br&gt;   
                    articleEN :  &lt;br&gt;             
                    articleDE : https://de.wikipedia.org/wiki/Johann-Pachelbel-Realschule &lt;br&gt;              
                    wikidata_link : http://www.wikidata.org/entity/Q44549187</description>
                <styleUrl>#34</styleUrl>
                <Point id="347">
                    <coordinates>11.019802,49.440777,0.0</coordinates>
                </Point>
            </Placemark>
            <Placemark id="350">
                <name>Veit-Stoß-Realschule</name>
                <description>                    category  : Realschule &lt;br&gt;   
                    sitelinks : 2.0 &lt;br&gt;   
                    articleEN :  &lt;br&gt;             
                    articleDE : https://de.wikipedia.org/wiki/Veit-Sto%C3%9F-Realschule_N%C3%BCrnberg &lt;br&gt;              
                    wikidata_link : http://www.wikidata.org/entity/Q44549186</description>
                <styleUrl>#34</styleUrl>
                <Point id="349">
                    <coordinates>11.105037,49.469565,0.0</coordinates>
                </Point>
            </Placemark>
            <Placemark id="352">
                <name>Adam-Kraft-Realschule</name>
                <description>                    category  : Realschule &lt;br&gt;   
                    sitelinks : 2.0 &lt;br&gt;   
                    articleEN :  &lt;br&gt;             
                    articleDE : https://de.wikipedia.org/wiki/Adam-Kraft-Realschule_N%C3%BCrnberg &lt;br&gt;              
                    wikidata_link : http://www.wikidata.org/entity/Q44484029</description>
                <styleUrl>#34</styleUrl>
                <Point id="351">
                    <coordinates>11.085083,49.435884,0.0</coordinates>
                </Point>
            </Placemark>
            <Placemark id="354">
                <name>Jenaplan-Schule Nuremberg</name>
                <description>                    category  : Grundschule &lt;br&gt;   
                    sitelinks : 2.0 &lt;br&gt;   
                    articleEN :  &lt;br&gt;             
                    articleDE : https://de.wikipedia.org/wiki/Jenaplan-Schule_N%C3%BCrnberg &lt;br&gt;              
                    wikidata_link : http://www.wikidata.org/entity/Q44444924</description>
                <styleUrl>#34</styleUrl>
                <Point id="353">
                    <coordinates>11.086645,49.429853,0.0</coordinates>
                </Point>
            </Placemark>
            <Placemark id="356">
                <name>Sigena-Gymnasium</name>
                <description>                    category  : gymnasium &lt;br&gt;   
                    sitelinks : 2.0 &lt;br&gt;   
                    articleEN :  &lt;br&gt;             
                    articleDE : https://de.wikipedia.org/wiki/Sigena-Gymnasium_N%C3%BCrnberg &lt;br&gt;              
                    wikidata_link : http://www.wikidata.org/entity/Q44444919</description>
                <styleUrl>#34</styleUrl>
                <Point id="355">
                    <coordinates>11.067367,49.431341,0.0</coordinates>
                </Point>
            </Placemark>
            <Placemark id="358">
                <name>Q44444914</name>
                <description>                    category  : gymnasium &lt;br&gt;   
                    sitelinks : 2.0 &lt;br&gt;   
                    articleEN :  &lt;br&gt;             
                    articleDE : https://de.wikipedia.org/wiki/Martin-Behaim-Gymnasium_N%C3%BCrnberg &lt;br&gt;              
                    wikidata_link : http://www.wikidata.org/entity/Q44444914</description>
                <styleUrl>#34</styleUrl>
                <Point id="357">
                    <coordinates>11.103996944444,49.439386111111,0.0</coordinates>
                </Point>
            </Placemark>
            <Placemark id="360">
                <name>Q44444908</name>
                <description>                    category  : Waldorf school &lt;br&gt;   
                    sitelinks : 2.0 &lt;br&gt;   
                    articleEN :  &lt;br&gt;             
                    articleDE : https://de.wikipedia.org/wiki/Rudolf-Steiner-Schule_N%C3%BCrnberg &lt;br&gt;              
                    wikidata_link : http://www.wikidata.org/entity/Q44444908</description>
                <styleUrl>#34</styleUrl>
                <Point id="359">
                    <coordinates>11.11669,49.46774,0.0</coordinates>
                </Point>
            </Placemark>
            <Placemark id="362">
                <name>Labenwolf-Gymnasium</name>
                <description>                    category  : architectural structure &lt;br&gt;   
                    sitelinks : 2.0 &lt;br&gt;   
                    articleEN :  &lt;br&gt;             
                    articleDE : https://de.wikipedia.org/wiki/Labenwolf-Gymnasium_N%C3%BCrnberg &lt;br&gt;              
                    wikidata_link : http://www.wikidata.org/entity/Q44143549</description>
                <styleUrl>#34</styleUrl>
                <Point id="361">
                    <coordinates>11.084818,49.460236,0.0</coordinates>
                </Point>
            </Placemark>
            <Placemark id="364">
                <name>Forester's lodge Leinburg</name>
                <description>                    category  : Ortsteil &lt;br&gt;   
                    sitelinks : 2.0 &lt;br&gt;   
                    articleEN :  &lt;br&gt;             
                    articleDE : https://de.wikipedia.org/wiki/Forsthaus_(Leinburg) &lt;br&gt;              
                    wikidata_link : http://www.wikidata.org/entity/Q43706504</description>
                <styleUrl>#34</styleUrl>
                <Point id="363">
                    <coordinates>11.28,49.438333333333,0.0</coordinates>
                </Point>
            </Placemark>
            <Placemark id="366">
                <name>Nuremberg Hgbf</name>
                <description>                    category  : former goods station &lt;br&gt;   
                    sitelinks : 2.0 &lt;br&gt;   
                    articleEN :  &lt;br&gt;             
                    articleDE : https://de.wikipedia.org/wiki/N%C3%BCrnberg_Hauptg%C3%BCterbahnhof &lt;br&gt;              
                    wikidata_link : http://www.wikidata.org/entity/Q42916713</description>
                <styleUrl>#34</styleUrl>
                <Point id="365">
                    <coordinates>11.049287,49.447908,0.0</coordinates>
                </Point>
            </Placemark>
            <Placemark id="368">
                <name>Nürnberg Süd</name>
                <description>                    category  : former goods station &lt;br&gt;   
                    sitelinks : 2.0 &lt;br&gt;   
                    articleEN :  &lt;br&gt;             
                    articleDE : https://de.wikipedia.org/wiki/Bahnhof_N%C3%BCrnberg_S%C3%BCd &lt;br&gt;              
                    wikidata_link : http://www.wikidata.org/entity/Q42883796</description>
                <styleUrl>#34</styleUrl>
                <Point id="367">
                    <coordinates>11.1025,49.421388888889,0.0</coordinates>
                </Point>
            </Placemark>
            <Placemark id="370">
                <name>Nürnberg-Zollhaus</name>
                <description>                    category  : former railway station &lt;br&gt;   
                    sitelinks : 2.0 &lt;br&gt;   
                    articleEN :  &lt;br&gt;             
                    articleDE : https://de.wikipedia.org/wiki/Bahnhof_N%C3%BCrnberg-Zollhaus &lt;br&gt;              
                    wikidata_link : http://www.wikidata.org/entity/Q42883773</description>
                <styleUrl>#34</styleUrl>
                <Point id="369">
                    <coordinates>11.106305555556,49.411905555556,0.0</coordinates>
                </Point>
            </Placemark>
            <Placemark id="372">
                <name>Nuremberg Nord</name>
                <description>                    category  : former goods station &lt;br&gt;   
                    sitelinks : 2.0 &lt;br&gt;   
                    articleEN :  &lt;br&gt;             
                    articleDE : https://de.wikipedia.org/wiki/Bahnhof_N%C3%BCrnberg_Nord &lt;br&gt;              
                    wikidata_link : http://www.wikidata.org/entity/Q42871727</description>
                <styleUrl>#34</styleUrl>
                <Point id="371">
                    <coordinates>11.076869444444,49.467047222222,0.0</coordinates>
                </Point>
            </Placemark>
            <Placemark id="374">
                <name>Ehemalige Strafanstalt am Holzweiher</name>
                <description>                    category  : prison &lt;br&gt;   
                    sitelinks : 2.0 &lt;br&gt;   
                    articleEN :  &lt;br&gt;             
                    articleDE : https://de.wikipedia.org/wiki/Ehemalige_Strafanstalt_am_Holzweiher &lt;br&gt;              
                    wikidata_link : http://www.wikidata.org/entity/Q42412612</description>
                <styleUrl>#34</styleUrl>
                <Point id="373">
                    <coordinates>11.154588888889,49.434961111111,0.0</coordinates>
                </Point>
            </Placemark>
            <Placemark id="376">
                <name>Steinkreuz am Kirchbühl</name>
                <description>                    category  : conciliation cross &lt;br&gt;   
                    sitelinks : 2.0 &lt;br&gt;   
                    articleEN :  &lt;br&gt;             
                    articleDE : https://de.wikipedia.org/wiki/Steinkreuz_am_Kirchb%C3%BChl &lt;br&gt;              
                    wikidata_link : http://www.wikidata.org/entity/Q42328076</description>
                <styleUrl>#34</styleUrl>
                <Point id="375">
                    <coordinates>11.226588888889,49.363638888889,0.0</coordinates>
                </Point>
            </Placemark>
            <Placemark id="378">
                <name>Försterkreuz bei Feucht</name>
                <description>                    category  : conciliation cross &lt;br&gt;   
                    sitelinks : 2.0 &lt;br&gt;   
                    articleEN :  &lt;br&gt;             
                    articleDE : https://de.wikipedia.org/wiki/F%C3%B6rsterkreuz_bei_Feucht &lt;br&gt;              
                    wikidata_link : http://www.wikidata.org/entity/Q42315567</description>
                <styleUrl>#34</styleUrl>
                <Point id="377">
                    <coordinates>11.229338888889,49.388238888889,0.0</coordinates>
                </Point>
            </Placemark>
            <Placemark id="380">
                <name>Malmsbach</name>
                <description>                    category  : Ortsteil &lt;br&gt;   
                    sitelinks : 2.0 &lt;br&gt;   
                    articleEN :  &lt;br&gt;             
                    articleDE : https://de.wikipedia.org/wiki/Malmsbach &lt;br&gt;              
                    wikidata_link : http://www.wikidata.org/entity/Q41853857</description>
                <styleUrl>#34</styleUrl>
                <Point id="379">
                    <coordinates>11.186138888889,49.472805555556,0.0</coordinates>
                </Point>
            </Placemark>
            <Placemark id="382">
                <name>Sühnekreuz in Feucht</name>
                <description>                    category  : conciliation cross &lt;br&gt;   
                    sitelinks : 2.0 &lt;br&gt;   
                    articleEN :  &lt;br&gt;             
                    articleDE : https://de.wikipedia.org/wiki/Steinkreuz_Regensburger_Stra%C3%9Fe_(Feucht) &lt;br&gt;              
                    wikidata_link : http://www.wikidata.org/entity/Q41806869</description>
                <styleUrl>#34</styleUrl>
                <Point id="381">
                    <coordinates>11.21675,49.371711111111,0.0</coordinates>
                </Point>
            </Placemark>
            <Placemark id="384">
                <name>Steinkreuz am Lechle</name>
                <description>                    category  : conciliation cross &lt;br&gt;   
                    sitelinks : 2.0 &lt;br&gt;   
                    articleEN :  &lt;br&gt;             
                    articleDE : https://de.wikipedia.org/wiki/Steinkreuz_am_Lechle &lt;br&gt;              
                    wikidata_link : http://www.wikidata.org/entity/Q41793680</description>
                <styleUrl>#34</styleUrl>
                <Point id="383">
                    <coordinates>11.216530555556,49.3732,0.0</coordinates>
                </Point>
            </Placemark>
            <Placemark id="386">
                <name>St. Leonhard</name>
                <description>                    category  : parish church &lt;br&gt;   
                    sitelinks : 2.0 &lt;br&gt;   
                    articleEN :  &lt;br&gt;             
                    articleDE : https://de.wikipedia.org/wiki/St._Leonhard_(Schweinau) &lt;br&gt;              
                    wikidata_link : http://www.wikidata.org/entity/Q41427838</description>
                <styleUrl>#34</styleUrl>
                <Point id="385">
                    <coordinates>11.052107351504,49.439793083352,0.0</coordinates>
                </Point>
            </Placemark>
            <Placemark id="388">
                <name>Garnisonsmuseum</name>
                <description>                    category  : hochbunker &lt;br&gt;   
                    sitelinks : 2.0 &lt;br&gt;   
                    articleEN :  &lt;br&gt;             
                    articleDE : https://de.wikipedia.org/wiki/Garnisonmuseum_N%C3%BCrnberg &lt;br&gt;              
                    wikidata_link : http://www.wikidata.org/entity/Q41427790</description>
                <styleUrl>#34</styleUrl>
                <Point id="387">
                    <coordinates>11.04609,49.42716,0.0</coordinates>
                </Point>
            </Placemark>
            <Placemark id="390">
                <name>Kreuzkirche (Nuremberg-Schweinau)</name>
                <description>                    category  : church building &lt;br&gt;   
                    sitelinks : 2.0 &lt;br&gt;   
                    articleEN :  &lt;br&gt;             
                    articleDE : https://de.wikipedia.org/wiki/Kreuzkirche_(N%C3%BCrnberg-Schweinau) &lt;br&gt;              
                    wikidata_link : http://www.wikidata.org/entity/Q41427762</description>
                <styleUrl>#34</styleUrl>
                <Point id="389">
                    <coordinates>11.051175,49.431722,0.0</coordinates>
                </Point>
            </Placemark>
            <Placemark id="392">
                <name>Q135316168</name>
                <description>                    category  : urban green space &lt;br&gt;   
                    sitelinks : 2.0 &lt;br&gt;   
                    articleEN :  &lt;br&gt;             
                    articleDE : https://de.wikipedia.org/wiki/Prateranlage &lt;br&gt;              
                    wikidata_link : http://www.wikidata.org/entity/Q135316168</description>
                <styleUrl>#34</styleUrl>
                <Point id="391">
                    <coordinates>11.066882,49.451612,0.0</coordinates>
                </Point>
            </Placemark>
            <Placemark id="394">
                <name>Staatliche Realschule in Feucht</name>
                <description>                    category  : Realschule &lt;br&gt;   
                    sitelinks : 2.0 &lt;br&gt;   
                    articleEN :  &lt;br&gt;             
                    articleDE : https://de.wikipedia.org/wiki/Staatliche_Realschule_Feucht &lt;br&gt;              
                    wikidata_link : http://www.wikidata.org/entity/Q105796643</description>
                <styleUrl>#34</styleUrl>
                <Point id="393">
                    <coordinates>11.20437,49.37536,0.0</coordinates>
                </Point>
            </Placemark>
            <Placemark id="396">
                <name>MAN Werk Nürnberg</name>
                <description>                    category  : factory &lt;br&gt;   
                    sitelinks : 2.0 &lt;br&gt;   
                    articleEN :  &lt;br&gt;             
                    articleDE : https://de.wikipedia.org/wiki/MAN-Motorenwerk_N%C3%BCrnberg &lt;br&gt;              
                    wikidata_link : http://www.wikidata.org/entity/Q105622553</description>
                <styleUrl>#34</styleUrl>
                <Point id="395">
                    <coordinates>11.078889,49.427222,0.0</coordinates>
                </Point>
            </Placemark>
            <Placemark id="398">
                <name>St. Thomas</name>
                <description>                    category  : church building &lt;br&gt;   
                    sitelinks : 2.0 &lt;br&gt;   
                    articleEN :  &lt;br&gt;             
                    articleDE : https://de.wikipedia.org/wiki/St._Thomas_(Erlangen) &lt;br&gt;              
                    wikidata_link : http://www.wikidata.org/entity/Q105342678</description>
                <styleUrl>#34</styleUrl>
                <Point id="397">
                    <coordinates>11.0244,49.57665,0.0</coordinates>
                </Point>
            </Placemark>
            <Placemark id="400">
                <name>Q102077227</name>
                <description>                    category  : tower block &lt;br&gt;   
                    sitelinks : 2.0 &lt;br&gt;   
                    articleEN :  &lt;br&gt;             
                    articleDE : https://de.wikipedia.org/wiki/Ergo-Hochhaus &lt;br&gt;              
                    wikidata_link : http://www.wikidata.org/entity/Q102077227</description>
                <styleUrl>#34</styleUrl>
                <Point id="399">
                    <coordinates>11.080075,49.446306,0.0</coordinates>
                </Point>
            </Placemark>
            <Placemark id="402">
                <name>Münchener Straße</name>
                <description>                    category  : street &lt;br&gt;   
                    sitelinks : 2.0 &lt;br&gt;   
                    articleEN :  &lt;br&gt;             
                    articleDE : https://de.wikipedia.org/wiki/M%C3%BCnchener_Stra%C3%9Fe_(N%C3%BCrnberg) &lt;br&gt;              
                    wikidata_link : http://www.wikidata.org/entity/Q100497008</description>
                <styleUrl>#34</styleUrl>
                <Point id="401">
                    <coordinates>11.11272,49.41354,0.0</coordinates>
                </Point>
            </Placemark>
            <Placemark id="404">
                <name>Kartäusertor</name>
                <description>                    category  : street &lt;br&gt;   
                    sitelinks : 2.0 &lt;br&gt;   
                    articleEN :  &lt;br&gt;             
                    articleDE : https://de.wikipedia.org/wiki/Kart%C3%A4usertor &lt;br&gt;              
                    wikidata_link : http://www.wikidata.org/entity/Q100496143</description>
                <styleUrl>#34</styleUrl>
                <Point id="403">
                    <coordinates>11.074948,49.4472922,0.0</coordinates>
                </Point>
            </Placemark>
            <Placemark id="406">
                <name>Frauentormauer</name>
                <description>                    category  : street &lt;br&gt;   
                    sitelinks : 2.0 &lt;br&gt;   
                    articleEN :  &lt;br&gt;             
                    articleDE : https://de.wikipedia.org/wiki/Frauentormauer &lt;br&gt;              
                    wikidata_link : http://www.wikidata.org/entity/Q100494936</description>
                <styleUrl>#34</styleUrl>
                <Point id="405">
                    <coordinates>11.06933,49.44768,0.0</coordinates>
                </Point>
            </Placemark>
            <Placemark id="408">
                <name>Egidienplatz</name>
                <description>                    category  : street &lt;br&gt;   
                    sitelinks : 2.0 &lt;br&gt;   
                    articleEN :  &lt;br&gt;             
                    articleDE : https://de.wikipedia.org/wiki/Egidienplatz &lt;br&gt;              
                    wikidata_link : http://www.wikidata.org/entity/Q100492490</description>
                <styleUrl>#34</styleUrl>
                <Point id="407">
                    <coordinates>11.081013,49.456734,0.0</coordinates>
                </Point>
            </Placemark>
            <Placemark id="410">
                <name>Nelson-Mandela-Platz</name>
                <description>                    category  : street &lt;br&gt;   
                    sitelinks : 2.0 &lt;br&gt;   
                    articleEN :  &lt;br&gt;             
                    articleDE : https://de.wikipedia.org/wiki/Nelson-Mandela-Platz &lt;br&gt;              
                    wikidata_link : http://www.wikidata.org/entity/Q100491950</description>
                <styleUrl>#34</styleUrl>
                <Point id="409">
                    <coordinates>11.08248,49.44376,0.0</coordinates>
                </Point>
            </Placemark>
            <Placemark id="412">
                <name>Albrecht-Dürer-Straße (Nürnberg)</name>
                <description>                    category  : street &lt;br&gt;   
                    sitelinks : 2.0 &lt;br&gt;   
                    articleEN :  &lt;br&gt;             
                    articleDE : https://de.wikipedia.org/wiki/Albrecht-D%C3%BCrer-Stra%C3%9Fe_(N%C3%BCrnberg) &lt;br&gt;              
                    wikidata_link : http://www.wikidata.org/entity/Q100491807</description>
                <styleUrl>#34</styleUrl>
                <Point id="411">
                    <coordinates>11.073877777778,49.457177777778,0.0</coordinates>
                </Point>
            </Placemark>
            <Placemark id="414">
                <name>Wachturm Laufertormauer 17 in Nürnberg</name>
                <description>                    category  : watchtower &lt;br&gt;   
                    sitelinks : 2.0 &lt;br&gt;   
                    articleEN :  &lt;br&gt;             
                    articleDE : https://de.wikipedia.org/wiki/H%C3%BCbnerstor &lt;br&gt;              
                    wikidata_link : http://www.wikidata.org/entity/Q98630408</description>
                <styleUrl>#34</styleUrl>
                <Point id="413">
                    <coordinates>11.08646,49.45364,0.0</coordinates>
                </Point>
            </Placemark>
            <Placemark id="416">
                <name>Bergfried Burg 11 in Nürnberg</name>
                <description>                    category  : Bergfried &lt;br&gt;   
                    sitelinks : 2.0 &lt;br&gt;   
                    articleEN :  &lt;br&gt;             
                    articleDE : https://de.wikipedia.org/wiki/Sinwellturm &lt;br&gt;              
                    wikidata_link : http://www.wikidata.org/entity/Q98630369</description>
                <styleUrl>#34</styleUrl>
                <Point id="415">
                    <coordinates>11.076583333333,49.457805555556,0.0</coordinates>
                </Point>
            </Placemark>
            <Placemark id="418">
                <name>Stadtmauer Frauentormauer 35 in Nürnberg</name>
                <description>                    category  : city walls &lt;br&gt;   
                    sitelinks : 2.0 &lt;br&gt;   
                    articleEN :  &lt;br&gt;             
                    articleDE : https://de.wikipedia.org/wiki/Jakobstor_(N%C3%BCrnberg) &lt;br&gt;              
                    wikidata_link : http://www.wikidata.org/entity/Q98630274</description>
                <styleUrl>#34</styleUrl>
                <Point id="417">
                    <coordinates>11.069731560272,49.447641194483,0.0</coordinates>
                </Point>
            </Placemark>
            <Placemark id="420">
                <name>Norishalle Nürnberg</name>
                <description>                    category  : museum &lt;br&gt;   
                    sitelinks : 2.0 &lt;br&gt;   
                    articleEN :  &lt;br&gt;             
                    articleDE : https://de.wikipedia.org/wiki/Norishalle &lt;br&gt;              
                    wikidata_link : http://www.wikidata.org/entity/Q98608275</description>
                <styleUrl>#34</styleUrl>
                <Point id="419">
                    <coordinates>11.084662281843,49.45177080054,0.0</coordinates>
                </Point>
            </Placemark>
            <Placemark id="422">
                <name>Lanzenweiher</name>
                <description>                    category  : lake &lt;br&gt;   
                    sitelinks : 2.0 &lt;br&gt;   
                    articleEN :  &lt;br&gt;             
                    articleDE : https://de.wikipedia.org/wiki/Lanzenweiher &lt;br&gt;              
                    wikidata_link : http://www.wikidata.org/entity/Q59485176</description>
                <styleUrl>#34</styleUrl>
                <Point id="421">
                    <coordinates>11.1626,49.3649,0.0</coordinates>
                </Point>
            </Placemark>
            <Placemark id="424">
                <name>Hutmuseum Nürnberg</name>
                <description>                    category  : private museum &lt;br&gt;   
                    sitelinks : 2.0 &lt;br&gt;   
                    articleEN :  &lt;br&gt;             
                    articleDE : https://de.wikipedia.org/wiki/Hutmuseum_N%C3%BCrnberg &lt;br&gt;              
                    wikidata_link : http://www.wikidata.org/entity/Q59220609</description>
                <styleUrl>#34</styleUrl>
                <Point id="423">
                    <coordinates>11.08294,49.45599,0.0</coordinates>
                </Point>
            </Placemark>
            <Placemark id="426">
                <name>Hallerschloß</name>
                <description>                    category  : abandoned village &lt;br&gt;   
                    sitelinks : 2.0 &lt;br&gt;   
                    articleEN :  &lt;br&gt;             
                    articleDE : https://de.wikipedia.org/wiki/Hallerschlo%C3%9F_(N%C3%BCrnberg) &lt;br&gt;              
                    wikidata_link : http://www.wikidata.org/entity/Q59168753</description>
                <styleUrl>#34</styleUrl>
                <Point id="425">
                    <coordinates>11.102972222222,49.441805555556,0.0</coordinates>
                </Point>
            </Placemark>
            <Placemark id="428">
                <name>Flaschenhof</name>
                <description>                    category  : former settlement &lt;br&gt;   
                    sitelinks : 2.0 &lt;br&gt;   
                    articleEN :  &lt;br&gt;             
                    articleDE : https://de.wikipedia.org/wiki/Flaschenhof &lt;br&gt;              
                    wikidata_link : http://www.wikidata.org/entity/Q59163436</description>
                <styleUrl>#34</styleUrl>
                <Point id="427">
                    <coordinates>11.092777777778,49.448888888889,0.0</coordinates>
                </Point>
            </Placemark>
            <Placemark id="430">
                <name>Hallerhütte</name>
                <description>                    category  : former settlement &lt;br&gt;   
                    sitelinks : 2.0 &lt;br&gt;   
                    articleEN :  &lt;br&gt;             
                    articleDE : https://de.wikipedia.org/wiki/Hallerh%C3%BCtte &lt;br&gt;              
                    wikidata_link : http://www.wikidata.org/entity/Q59106097</description>
                <styleUrl>#34</styleUrl>
                <Point id="429">
                    <coordinates>11.101333333333,49.440416666667,0.0</coordinates>
                </Point>
            </Placemark>
            <Placemark id="432">
                <name>Unterasbach</name>
                <description>                    category  : Ortsteil &lt;br&gt;   
                    sitelinks : 2.0 &lt;br&gt;   
                    articleEN :  &lt;br&gt;             
                    articleDE : https://de.wikipedia.org/wiki/Unterasbach_(Oberasbach) &lt;br&gt;              
                    wikidata_link : http://www.wikidata.org/entity/Q57938720</description>
                <styleUrl>#34</styleUrl>
                <Point id="431">
                    <coordinates>10.98039,49.42231,0.0</coordinates>
                </Point>
            </Placemark>
            <Placemark id="434">
                <name>Kreutles</name>
                <description>                    category  : Ortsteil &lt;br&gt;   
                    sitelinks : 2.0 &lt;br&gt;   
                    articleEN :  &lt;br&gt;             
                    articleDE : https://de.wikipedia.org/wiki/Kreutles &lt;br&gt;              
                    wikidata_link : http://www.wikidata.org/entity/Q57935391</description>
                <styleUrl>#34</styleUrl>
                <Point id="433">
                    <coordinates>10.97805,49.42623,0.0</coordinates>
                </Point>
            </Placemark>
            <Placemark id="436">
                <name>Altenberg</name>
                <description>                    category  : Ortsteil &lt;br&gt;   
                    sitelinks : 2.0 &lt;br&gt;   
                    articleEN :  &lt;br&gt;             
                    articleDE : https://de.wikipedia.org/wiki/Altenberg_(Oberasbach) &lt;br&gt;              
                    wikidata_link : http://www.wikidata.org/entity/Q57893643</description>
                <styleUrl>#34</styleUrl>
                <Point id="435">
                    <coordinates>10.97453,49.43573,0.0</coordinates>
                </Point>
            </Placemark>
            <Placemark id="438">
                <name>Gründlach östlich von Heroldsberg</name>
                <description>                    category  : meander &lt;br&gt;   
                    sitelinks : 2.0 &lt;br&gt;   
                    articleEN :  &lt;br&gt;             
                    articleDE : https://de.wikipedia.org/wiki/Gr%C3%BCndlach_%C3%B6stlich_Heroldsberg &lt;br&gt;              
                    wikidata_link : http://www.wikidata.org/entity/Q57702264</description>
                <styleUrl>#34</styleUrl>
                <Point id="437">
                    <coordinates>11.13507,49.52515,0.0</coordinates>
                </Point>
            </Placemark>
            <Placemark id="440">
                <name>Rosenau</name>
                <description>                    category  : quarter &lt;br&gt;   
                    sitelinks : 2.0 &lt;br&gt;   
                    articleEN :  &lt;br&gt;             
                    articleDE : https://de.wikipedia.org/wiki/Rosenau_(N%C3%BCrnberg) &lt;br&gt;              
                    wikidata_link : http://www.wikidata.org/entity/Q2166983</description>
                <styleUrl>#34</styleUrl>
                <Point id="439">
                    <coordinates>11.063644166667,49.450750833333,0.0</coordinates>
                </Point>
            </Placemark>
            <Placemark id="442">
                <name>Renzenhof</name>
                <description>                    category  : Ortsteil &lt;br&gt;   
                    sitelinks : 2.0 &lt;br&gt;   
                    articleEN :  &lt;br&gt;             
                    articleDE : https://de.wikipedia.org/wiki/Renzenhof &lt;br&gt;              
                    wikidata_link : http://www.wikidata.org/entity/Q2144434</description>
                <styleUrl>#34</styleUrl>
                <Point id="441">
                    <coordinates>11.2681,49.4719,0.0</coordinates>
                </Point>
            </Placemark>
            <Placemark id="444">
                <name>Reichelsdorfer Keller</name>
                <description>                    category  : Ortsteil &lt;br&gt;   
                    sitelinks : 2.0 &lt;br&gt;   
                    articleEN :  &lt;br&gt;             
                    articleDE : https://de.wikipedia.org/wiki/Reichelsdorfer_Keller &lt;br&gt;              
                    wikidata_link : http://www.wikidata.org/entity/Q2139111</description>
                <styleUrl>#34</styleUrl>
                <Point id="443">
                    <coordinates>11.0452,49.3666,0.0</coordinates>
                </Point>
            </Placemark>
            <Placemark id="446">
                <name>Regional Computing Centre of Erlangen</name>
                <description>                    category  : data center &lt;br&gt;   
                    sitelinks : 2.0 &lt;br&gt;   
                    articleEN :  &lt;br&gt;             
                    articleDE : https://de.wikipedia.org/wiki/Regionales_Rechenzentrum_Erlangen &lt;br&gt;              
                    wikidata_link : http://www.wikidata.org/entity/Q2138360</description>
                <styleUrl>#34</styleUrl>
                <Point id="445">
                    <coordinates>11.0277,49.5737,0.0</coordinates>
                </Point>
            </Placemark>
            <Placemark id="448">
                <name>Rangierbahnhof-Siedlung</name>
                <description>                    category  : Q19760240 &lt;br&gt;   
                    sitelinks : 2.0 &lt;br&gt;   
                    articleEN :  &lt;br&gt;             
                    articleDE : https://de.wikipedia.org/wiki/Rangierbahnhof-Siedlung &lt;br&gt;              
                    wikidata_link : http://www.wikidata.org/entity/Q2130924</description>
                <styleUrl>#34</styleUrl>
                <Point id="447">
                    <coordinates>11.1056,49.4153,0.0</coordinates>
                </Point>
            </Placemark>
            <Placemark id="450">
                <name>Radbrunnen- und Neutorkeller</name>
                <description>                    category  : architectural structure &lt;br&gt;   
                    sitelinks : 2.0 &lt;br&gt;   
                    articleEN :  &lt;br&gt;             
                    articleDE : https://de.wikipedia.org/wiki/Radbrunnen-_und_Neutorkeller &lt;br&gt;              
                    wikidata_link : http://www.wikidata.org/entity/Q2125446</description>
                <styleUrl>#34</styleUrl>
                <Point id="449">
                    <coordinates>11.073,49.4566,0.0</coordinates>
                </Point>
            </Placemark>
            <Placemark id="452">
                <name>Quelleturm</name>
                <description>                    category  : tower &lt;br&gt;   
                    sitelinks : 2.0 &lt;br&gt;   
                    articleEN :  &lt;br&gt;             
                    articleDE : https://de.wikipedia.org/wiki/Quelleturm &lt;br&gt;              
                    wikidata_link : http://www.wikidata.org/entity/Q2122714</description>
                <styleUrl>#34</styleUrl>
                <Point id="451">
                    <coordinates>11.0309,49.4562,0.0</coordinates>
                </Point>
            </Placemark>
            <Placemark id="454">
                <name>Christkönig</name>
                <description>                    category  : church building &lt;br&gt;   
                    sitelinks : 2.0 &lt;br&gt;   
                    articleEN :  &lt;br&gt;             
                    articleDE : https://de.wikipedia.org/wiki/Christk%C3%B6nig_(F%C3%BCrth) &lt;br&gt;              
                    wikidata_link : http://www.wikidata.org/entity/Q41420040</description>
                <styleUrl>#34</styleUrl>
                <Point id="453">
                    <coordinates>10.968954,49.482327,0.0</coordinates>
                </Point>
            </Placemark>
            <Placemark id="456">
                <name>Luftschutzanlage</name>
                <description>                    category  : cover ditch &lt;br&gt;   
                    sitelinks : 2.0 &lt;br&gt;   
                    articleEN :  &lt;br&gt;             
                    articleDE : https://de.wikipedia.org/wiki/Deckungsgraben_(Eibach) &lt;br&gt;              
                    wikidata_link : http://www.wikidata.org/entity/Q98606024</description>
                <styleUrl>#34</styleUrl>
                <Point id="455">
                    <coordinates>11.040736292082,49.404150301239,0.0</coordinates>
                </Point>
            </Placemark>
            <Placemark id="458">
                <name>Langwassersee</name>
                <description>                    category  : artificial pond &lt;br&gt;   
                    sitelinks : 2.0 &lt;br&gt;   
                    articleEN :  &lt;br&gt;             
                    articleDE : https://de.wikipedia.org/wiki/Langwassersee &lt;br&gt;              
                    wikidata_link : http://www.wikidata.org/entity/Q96602520</description>
                <styleUrl>#34</styleUrl>
                <Point id="457">
                    <coordinates>11.131191,49.416969,0.0</coordinates>
                </Point>
            </Placemark>
            <Placemark id="460">
                <name>Langwasser</name>
                <description>                    category  : watercourse &lt;br&gt;   
                    sitelinks : 2.0 &lt;br&gt;   
                    articleEN :  &lt;br&gt;             
                    articleDE : https://de.wikipedia.org/wiki/Langwasser_(Fischbach) &lt;br&gt;              
                    wikidata_link : http://www.wikidata.org/entity/Q96593855</description>
                <styleUrl>#34</styleUrl>
                <Point id="459">
                    <coordinates>11.12535,49.42014,0.0</coordinates>
                </Point>
            </Placemark>
            <Placemark id="462">
                <name>Kemmeterkreuz in Großschwarzenlohe</name>
                <description>                    category  : conciliation cross &lt;br&gt;   
                    sitelinks : 2.0 &lt;br&gt;   
                    articleEN :  &lt;br&gt;             
                    articleDE : https://de.wikipedia.org/wiki/Kemmeterkreuz_in_Gro%C3%9Fschwarzenlohe &lt;br&gt;              
                    wikidata_link : http://www.wikidata.org/entity/Q95710213</description>
                <styleUrl>#34</styleUrl>
                <Point id="461">
                    <coordinates>11.11235,49.33822,0.0</coordinates>
                </Point>
            </Placemark>
            <Placemark id="464">
                <name>Großweismannsdorf</name>
                <description>                    category  : Ortsteil &lt;br&gt;   
                    sitelinks : 2.0 &lt;br&gt;   
                    articleEN :  &lt;br&gt;             
                    articleDE : https://de.wikipedia.org/wiki/Gro%C3%9Fweismannsdorf &lt;br&gt;              
                    wikidata_link : http://www.wikidata.org/entity/Q57553282</description>
                <styleUrl>#34</styleUrl>
                <Point id="463">
                    <coordinates>10.9366,49.38113,0.0</coordinates>
                </Point>
            </Placemark>
            <Placemark id="466">
                <name>Weitersdorf (Roßtal)</name>
                <description>                    category  : Ortsteil &lt;br&gt;   
                    sitelinks : 2.0 &lt;br&gt;   
                    articleEN :  &lt;br&gt;             
                    articleDE : https://de.wikipedia.org/wiki/Weitersdorf_(Ro%C3%9Ftal) &lt;br&gt;              
                    wikidata_link : http://www.wikidata.org/entity/Q57543167</description>
                <styleUrl>#34</styleUrl>
                <Point id="465">
                    <coordinates>10.9104,49.40259,0.0</coordinates>
                </Point>
            </Placemark>
            <Placemark id="468">
                <name>Egersdorf</name>
                <description>                    category  : Ortsteil &lt;br&gt;   
                    sitelinks : 2.0 &lt;br&gt;   
                    articleEN :  &lt;br&gt;             
                    articleDE : https://de.wikipedia.org/wiki/Egersdorf &lt;br&gt;              
                    wikidata_link : http://www.wikidata.org/entity/Q57378765</description>
                <styleUrl>#34</styleUrl>
                <Point id="467">
                    <coordinates>10.882222222222,49.465555555556,0.0</coordinates>
                </Point>
            </Placemark>
            <Placemark id="470">
                <name>Hiltmannsdorf</name>
                <description>                    category  : Ortsteil &lt;br&gt;   
                    sitelinks : 2.0 &lt;br&gt;   
                    articleEN :  &lt;br&gt;             
                    articleDE : https://de.wikipedia.org/wiki/Hiltmannsdorf &lt;br&gt;              
                    wikidata_link : http://www.wikidata.org/entity/Q57332400</description>
                <styleUrl>#34</styleUrl>
                <Point id="469">
                    <coordinates>10.893055555556,49.481944444444,0.0</coordinates>
                </Point>
            </Placemark>
            <Placemark id="472">
                <name>St. Sebald</name>
                <description>                    category  : architectural structure &lt;br&gt;   
                    sitelinks : 2.0 &lt;br&gt;   
                    articleEN :  &lt;br&gt;             
                    articleDE : https://de.wikipedia.org/wiki/St._Sebald_(Erlangen) &lt;br&gt;              
                    wikidata_link : http://www.wikidata.org/entity/Q56872994</description>
                <styleUrl>#34</styleUrl>
                <Point id="471">
                    <coordinates>11.024507,49.573993,0.0</coordinates>
                </Point>
            </Placemark>
            <Placemark id="474">
                <name>Nuremberg-Marienberg airport</name>
                <description>                    category  : architectural structure &lt;br&gt;   
                    sitelinks : 2.0 &lt;br&gt;   
                    articleEN :  &lt;br&gt;             
                    articleDE : https://de.wikipedia.org/wiki/Flughafen_N%C3%BCrnberg-Marienberg &lt;br&gt;              
                    wikidata_link : http://www.wikidata.org/entity/Q56859924</description>
                <styleUrl>#34</styleUrl>
                <Point id="473">
                    <coordinates>11.094166666667,49.475833333333,0.0</coordinates>
                </Point>
            </Placemark>
            <Placemark id="476">
                <name>Bernbach</name>
                <description>                    category  : Ortsteil &lt;br&gt;   
                    sitelinks : 2.0 &lt;br&gt;   
                    articleEN :  &lt;br&gt;             
                    articleDE : https://de.wikipedia.org/wiki/Bernbach_(Veitsbronn) &lt;br&gt;              
                    wikidata_link : http://www.wikidata.org/entity/Q56826933</description>
                <styleUrl>#34</styleUrl>
                <Point id="475">
                    <coordinates>10.8925,49.505555555556,0.0</coordinates>
                </Point>
            </Placemark>
            <Placemark id="478">
                <name>Q56825880</name>
                <description>                    category  : architectural ensemble &lt;br&gt;   
                    sitelinks : 2.0 &lt;br&gt;   
                    articleEN :  &lt;br&gt;             
                    articleDE : https://de.wikipedia.org/wiki/Tafelhof_Palais &lt;br&gt;              
                    wikidata_link : http://www.wikidata.org/entity/Q56825880</description>
                <styleUrl>#34</styleUrl>
                <Point id="477">
                    <coordinates>11.083055555556,49.446666666667,0.0</coordinates>
                </Point>
            </Placemark>
            <Placemark id="480">
                <name>Kreppendorf</name>
                <description>                    category  : Ortsteil &lt;br&gt;   
                    sitelinks : 2.0 &lt;br&gt;   
                    articleEN :  &lt;br&gt;             
                    articleDE : https://de.wikipedia.org/wiki/Kreppendorf &lt;br&gt;              
                    wikidata_link : http://www.wikidata.org/entity/Q56750709</description>
                <styleUrl>#34</styleUrl>
                <Point id="479">
                    <coordinates>10.903055555556,49.508055555556,0.0</coordinates>
                </Point>
            </Placemark>
            <Placemark id="482">
                <name>St. Peter und Paul in Leerstetten</name>
                <description>                    category  : church building &lt;br&gt;   
                    sitelinks : 2.0 &lt;br&gt;   
                    articleEN :  &lt;br&gt;             
                    articleDE : https://de.wikipedia.org/wiki/St._Peter_und_Paul_(Leerstetten) &lt;br&gt;              
                    wikidata_link : http://www.wikidata.org/entity/Q56518088</description>
                <styleUrl>#34</styleUrl>
                <Point id="481">
                    <coordinates>11.122821,49.32548,0.0</coordinates>
                </Point>
            </Placemark>
            <Placemark id="484">
                <name>Schleusenwärterhaus Schleuse 72</name>
                <description>                    category  : lock keeper's house &lt;br&gt;   
                    sitelinks : 2.0 &lt;br&gt;   
                    articleEN :  &lt;br&gt;             
                    articleDE : https://de.wikipedia.org/wiki/Schleusenw%C3%A4rterhaus_Schleuse_72_(N%C3%BCrnberg) &lt;br&gt;              
                    wikidata_link : http://www.wikidata.org/entity/Q56144652</description>
                <styleUrl>#34</styleUrl>
                <Point id="483">
                    <coordinates>11.08031,49.40361,0.0</coordinates>
                </Point>
            </Placemark>
            <Placemark id="486">
                <name>Schleusenwärterhaus Schleuse 70</name>
                <description>                    category  : lock keeper's house &lt;br&gt;   
                    sitelinks : 2.0 &lt;br&gt;   
                    articleEN :  &lt;br&gt;             
                    articleDE : https://de.wikipedia.org/wiki/Schleusenw%C3%A4rterhaus_Schleuse_70_(N%C3%BCrnberg) &lt;br&gt;              
                    wikidata_link : http://www.wikidata.org/entity/Q56144427</description>
                <styleUrl>#34</styleUrl>
                <Point id="485">
                    <coordinates>11.09269,49.38717,0.0</coordinates>
                </Point>
            </Placemark>
            <Placemark id="488">
                <name>Sandsteinfelsen Nürnberger Kaiserburg</name>
                <description>                    category  : geotope &lt;br&gt;   
                    sitelinks : 2.0 &lt;br&gt;   
                    articleEN :  &lt;br&gt;             
                    articleDE : https://de.wikipedia.org/wiki/Sandsteinfelsen_N%C3%BCrnberger_Kaiserburg &lt;br&gt;              
                    wikidata_link : http://www.wikidata.org/entity/Q56005981</description>
                <styleUrl>#34</styleUrl>
                <Point id="487">
                    <coordinates>11.07716,49.45758,0.0</coordinates>
                </Point>
            </Placemark>
            <Placemark id="490">
                <name>Aufseßplatz</name>
                <description>                    category  : street &lt;br&gt;   
                    sitelinks : 2.0 &lt;br&gt;   
                    articleEN :  &lt;br&gt;             
                    articleDE : https://de.wikipedia.org/wiki/Aufse%C3%9Fplatz &lt;br&gt;              
                    wikidata_link : http://www.wikidata.org/entity/Q55080537</description>
                <styleUrl>#34</styleUrl>
                <Point id="489">
                    <coordinates>11.079916666667,49.441555555556,0.0</coordinates>
                </Point>
            </Placemark>
            <Placemark id="492">
                <name>Gauchsbach-Leitgraben</name>
                <description>                    category  : Q97146798 &lt;br&gt;   
                    sitelinks : 2.0 &lt;br&gt;   
                    articleEN :  &lt;br&gt;             
                    articleDE : https://de.wikipedia.org/wiki/Gauchsbach-Leitgraben &lt;br&gt;              
                    wikidata_link : http://www.wikidata.org/entity/Q55004229</description>
                <styleUrl>#34</styleUrl>
                <Point id="491">
                    <coordinates>11.18255,49.366488888889,0.0</coordinates>
                </Point>
            </Placemark>
            <Placemark id="494">
                <name>Kleiner Birkensee</name>
                <description>                    category  : still waters &lt;br&gt;   
                    sitelinks : 2.0 &lt;br&gt;   
                    articleEN :  &lt;br&gt;             
                    articleDE : https://de.wikipedia.org/wiki/Kleiner_Birkensee &lt;br&gt;              
                    wikidata_link : http://www.wikidata.org/entity/Q54763889</description>
                <styleUrl>#34</styleUrl>
                <Point id="493">
                    <coordinates>11.24941,49.4603,0.0</coordinates>
                </Point>
            </Placemark>
            <Placemark id="496">
                <name>Plärrer</name>
                <description>                    category  : square &lt;br&gt;   
                    sitelinks : 2.0 &lt;br&gt;   
                    articleEN :  &lt;br&gt;             
                    articleDE : https://de.wikipedia.org/wiki/Pl%C3%A4rrer_(N%C3%BCrnberg) &lt;br&gt;              
                    wikidata_link : http://www.wikidata.org/entity/Q2099897</description>
                <styleUrl>#34</styleUrl>
                <Point id="495">
                    <coordinates>11.0647,49.4483,0.0</coordinates>
                </Point>
            </Placemark>
            <Placemark id="498">
                <name>Pleikershof</name>
                <description>                    category  : Ortsteil &lt;br&gt;   
                    sitelinks : 2.0 &lt;br&gt;   
                    articleEN :  &lt;br&gt;             
                    articleDE : https://de.wikipedia.org/wiki/Pleikershof &lt;br&gt;              
                    wikidata_link : http://www.wikidata.org/entity/Q2099224</description>
                <styleUrl>#34</styleUrl>
                <Point id="497">
                    <coordinates>10.875277777778,49.439722222222,0.0</coordinates>
                </Point>
            </Placemark>
            <Placemark id="500">
                <name>Platnersberg (Nürnberg)</name>
                <description>                    category  : park &lt;br&gt;   
                    sitelinks : 2.0 &lt;br&gt;   
                    articleEN :  &lt;br&gt;             
                    articleDE : https://de.wikipedia.org/wiki/Platnersberg &lt;br&gt;              
                    wikidata_link : http://www.wikidata.org/entity/Q2098659</description>
                <styleUrl>#34</styleUrl>
                <Point id="499">
                    <coordinates>11.1286,49.4713,0.0</coordinates>
                </Point>
            </Placemark>
            <Placemark id="502">
                <name>Paniersbunker</name>
                <description>                    category  : bunker &lt;br&gt;   
                    sitelinks : 2.0 &lt;br&gt;   
                    articleEN :  &lt;br&gt;             
                    articleDE : https://de.wikipedia.org/wiki/Paniersbunker &lt;br&gt;              
                    wikidata_link : http://www.wikidata.org/entity/Q2049492</description>
                <styleUrl>#34</styleUrl>
                <Point id="501">
                    <coordinates>11.0808,49.4583,0.0</coordinates>
                </Point>
            </Placemark>
            <Placemark id="504">
                <name>Q1980320</name>
                <description>                    category  : gymnasium &lt;br&gt;   
                    sitelinks : 2.0 &lt;br&gt;   
                    articleEN :  &lt;br&gt;             
                    articleDE : https://de.wikipedia.org/wiki/Neues_Gymnasium_N%C3%BCrnberg &lt;br&gt;              
                    wikidata_link : http://www.wikidata.org/entity/Q1980320</description>
                <styleUrl>#34</styleUrl>
                <Point id="503">
                    <coordinates>11.106944444444,49.438333333333,0.0</coordinates>
                </Point>
            </Placemark>
            <Placemark id="506">
                <name>Netzstall (Nürnberg)</name>
                <description>                    category  : Ortsteil &lt;br&gt;   
                    sitelinks : 2.0 &lt;br&gt;   
                    articleEN :  &lt;br&gt;             
                    articleDE : https://de.wikipedia.org/wiki/Netzstall_(N%C3%BCrnberg) &lt;br&gt;              
                    wikidata_link : http://www.wikidata.org/entity/Q1978952</description>
                <styleUrl>#34</styleUrl>
                <Point id="505">
                    <coordinates>11.2544,49.4264,0.0</coordinates>
                </Point>
            </Placemark>
            <Placemark id="508">
                <name>Lochgefängnisse Nürnberg</name>
                <description>                    category  : architectural structure &lt;br&gt;   
                    sitelinks : 2.0 &lt;br&gt;   
                    articleEN :  &lt;br&gt;             
                    articleDE : https://de.wikipedia.org/wiki/Lochgef%C3%A4ngnisse_(N%C3%BCrnberg) &lt;br&gt;              
                    wikidata_link : http://www.wikidata.org/entity/Q1867340</description>
                <styleUrl>#34</styleUrl>
                <Point id="507">
                    <coordinates>11.0773,49.4553,0.0</coordinates>
                </Point>
            </Placemark>
            <Placemark id="510">
                <name>Loch</name>
                <description>                    category  : Ortsteil &lt;br&gt;   
                    sitelinks : 2.0 &lt;br&gt;   
                    articleEN :  &lt;br&gt;             
                    articleDE : https://de.wikipedia.org/wiki/Loch_(Stein) &lt;br&gt;              
                    wikidata_link : http://www.wikidata.org/entity/Q1867199</description>
                <styleUrl>#34</styleUrl>
                <Point id="509">
                    <coordinates>10.9642,49.4,0.0</coordinates>
                </Point>
            </Placemark>
            <Placemark id="512">
                <name>Q1825947</name>
                <description>                    category  : indoor ice rink &lt;br&gt;   
                    sitelinks : 2.0 &lt;br&gt;   
                    articleEN :  &lt;br&gt;             
                    articleDE : https://de.wikipedia.org/wiki/Linde-Stadion &lt;br&gt;              
                    wikidata_link : http://www.wikidata.org/entity/Q1825947</description>
                <styleUrl>#34</styleUrl>
                <Point id="511">
                    <coordinates>11.1017,49.47,0.0</coordinates>
                </Point>
            </Placemark>
            <Placemark id="514">
                <name>Leerstetten</name>
                <description>                    category  : Ortsteil &lt;br&gt;   
                    sitelinks : 2.0 &lt;br&gt;   
                    articleEN :  &lt;br&gt;             
                    articleDE : https://de.wikipedia.org/wiki/Leerstetten &lt;br&gt;              
                    wikidata_link : http://www.wikidata.org/entity/Q1812219</description>
                <styleUrl>#34</styleUrl>
                <Point id="513">
                    <coordinates>11.1225,49.3255,0.0</coordinates>
                </Point>
            </Placemark>
            <Placemark id="516">
                <name>Königshof</name>
                <description>                    category  : Ortsteil &lt;br&gt;   
                    sitelinks : 2.0 &lt;br&gt;   
                    articleEN :  &lt;br&gt;             
                    articleDE : https://de.wikipedia.org/wiki/K%C3%B6nigshof_(N%C3%BCrnberg) &lt;br&gt;              
                    wikidata_link : http://www.wikidata.org/entity/Q1796376</description>
                <styleUrl>#34</styleUrl>
                <Point id="515">
                    <coordinates>11.07531,49.38474,0.0</coordinates>
                </Point>
            </Placemark>
            <Placemark id="518">
                <name>Kunst Galerie Fürth</name>
                <description>                    category  : kunsthalle &lt;br&gt;   
                    sitelinks : 2.0 &lt;br&gt;   
                    articleEN :  &lt;br&gt;             
                    articleDE : https://de.wikipedia.org/wiki/Kunst_Galerie_F%C3%BCrth &lt;br&gt;              
                    wikidata_link : http://www.wikidata.org/entity/Q1792308</description>
                <styleUrl>#34</styleUrl>
                <Point id="517">
                    <coordinates>10.989997222222,49.477755555556,0.0</coordinates>
                </Point>
            </Placemark>
            <Placemark id="520">
                <name>Kulturforum Fürth</name>
                <description>                    category  : cultural center &lt;br&gt;   
                    sitelinks : 2.0 &lt;br&gt;   
                    articleEN :  &lt;br&gt;             
                    articleDE : https://de.wikipedia.org/wiki/Kulturforum_F%C3%BCrth &lt;br&gt;              
                    wikidata_link : http://www.wikidata.org/entity/Q1791681</description>
                <styleUrl>#34</styleUrl>
                <Point id="519">
                    <coordinates>10.982025176389,49.480433064596,0.0</coordinates>
                </Point>
            </Placemark>
            <Placemark id="522">
                <name>Fürth Crime Museum</name>
                <description>                    category  : museum &lt;br&gt;   
                    sitelinks : 2.0 &lt;br&gt;   
                    articleEN : https://en.wikipedia.org/wiki/F%C3%BCrth_Crime_Museum &lt;br&gt;             
                    articleDE : https://de.wikipedia.org/wiki/Kriminalmuseum_F%C3%BCrth &lt;br&gt;              
                    wikidata_link : http://www.wikidata.org/entity/Q1788979</description>
                <styleUrl>#34</styleUrl>
                <Point id="521">
                    <coordinates>10.98887,49.47691,0.0</coordinates>
                </Point>
            </Placemark>
            <Placemark id="524">
                <name>Kriegenbrunn</name>
                <description>                    category  : Ortsteil &lt;br&gt;   
                    sitelinks : 2.0 &lt;br&gt;   
                    articleEN :  &lt;br&gt;             
                    articleDE : https://de.wikipedia.org/wiki/Kriegenbrunn &lt;br&gt;              
                    wikidata_link : http://www.wikidata.org/entity/Q1788598</description>
                <styleUrl>#34</styleUrl>
                <Point id="523">
                    <coordinates>10.9539,49.5549,0.0</coordinates>
                </Point>
            </Placemark>
            <Placemark id="526">
                <name>Kreuzstein in Eltersdorf</name>
                <description>                    category  : conciliation cross &lt;br&gt;   
                    sitelinks : 2.0 &lt;br&gt;   
                    articleEN :  &lt;br&gt;             
                    articleDE : https://de.wikipedia.org/wiki/Kreuzstein_(Eltersdorf) &lt;br&gt;              
                    wikidata_link : http://www.wikidata.org/entity/Q1788444</description>
                <styleUrl>#34</styleUrl>
                <Point id="525">
                    <coordinates>10.9876,49.5581,0.0</coordinates>
                </Point>
            </Placemark>
            <Placemark id="528">
                <name>Krakow House in Nuremberg</name>
                <description>                    category  : tower &lt;br&gt;   
                    sitelinks : 2.0 &lt;br&gt;   
                    articleEN :  &lt;br&gt;             
                    articleDE : https://de.wikipedia.org/wiki/Krakauer_Haus &lt;br&gt;              
                    wikidata_link : http://www.wikidata.org/entity/Q1786355</description>
                <styleUrl>#34</styleUrl>
                <Point id="527">
                    <coordinates>11.0858,49.453,0.0</coordinates>
                </Point>
            </Placemark>
            <Placemark id="530">
                <name>Franken II power station</name>
                <description>                    category  : coal-fired power station &lt;br&gt;   
                    sitelinks : 2.0 &lt;br&gt;   
                    articleEN :  &lt;br&gt;             
                    articleDE : https://de.wikipedia.org/wiki/Kraftwerk_Franken_II &lt;br&gt;              
                    wikidata_link : http://www.wikidata.org/entity/Q1786100</description>
                <styleUrl>#34</styleUrl>
                <Point id="529">
                    <coordinates>10.9746,49.5642,0.0</coordinates>
                </Point>
            </Placemark>
            <Placemark id="532">
                <name>Kotzenhof</name>
                <description>                    category  : Ortsteil &lt;br&gt;   
                    sitelinks : 2.0 &lt;br&gt;   
                    articleEN :  &lt;br&gt;             
                    articleDE : https://de.wikipedia.org/wiki/Kotzenhof_(Lauf_an_der_Pegnitz) &lt;br&gt;              
                    wikidata_link : http://www.wikidata.org/entity/Q1785529</description>
                <styleUrl>#34</styleUrl>
                <Point id="531">
                    <coordinates>11.2583,49.5153,0.0</coordinates>
                </Point>
            </Placemark>
            <Placemark id="534">
                <name>St. Paul's Church</name>
                <description>                    category  : church building &lt;br&gt;   
                    sitelinks : 2.0 &lt;br&gt;   
                    articleEN :  &lt;br&gt;             
                    articleDE : https://de.wikipedia.org/wiki/St._Paul_(N%C3%BCrnberg) &lt;br&gt;              
                    wikidata_link : http://www.wikidata.org/entity/Q1781704</description>
                <styleUrl>#34</styleUrl>
                <Point id="533">
                    <coordinates>11.1032,49.4149,0.0</coordinates>
                </Point>
            </Placemark>
            <Placemark id="536">
                <name>Kofferfabrik Fürth</name>
                <description>                    category  : cultural center &lt;br&gt;   
                    sitelinks : 2.0 &lt;br&gt;   
                    articleEN :  &lt;br&gt;             
                    articleDE : https://de.wikipedia.org/wiki/Kofferfabrik &lt;br&gt;              
                    wikidata_link : http://www.wikidata.org/entity/Q1778342</description>
                <styleUrl>#34</styleUrl>
                <Point id="535">
                    <coordinates>11.0075,49.4682,0.0</coordinates>
                </Point>
            </Placemark>
            <Placemark id="538">
                <name>Nuremberg Hospital</name>
                <description>                    category  : teaching hospital &lt;br&gt;   
                    sitelinks : 2.0 &lt;br&gt;   
                    articleEN :  &lt;br&gt;             
                    articleDE : https://de.wikipedia.org/wiki/Klinikum_N%C3%BCrnberg &lt;br&gt;              
                    wikidata_link : http://www.wikidata.org/entity/Q1774647</description>
                <styleUrl>#34</styleUrl>
                <Point id="537">
                    <coordinates>11.063166,49.463362,0.0</coordinates>
                </Point>
            </Placemark>
            <Placemark id="540">
                <name>Q1773564</name>
                <description>                    category  : city gate &lt;br&gt;   
                    sitelinks : 2.0 &lt;br&gt;   
                    articleEN :  &lt;br&gt;             
                    articleDE : https://de.wikipedia.org/wiki/Ludwigstor_(N%C3%BCrnberg) &lt;br&gt;              
                    wikidata_link : http://www.wikidata.org/entity/Q1773564</description>
                <styleUrl>#34</styleUrl>
                <Point id="539">
                    <coordinates>11.0663,49.4482,0.0</coordinates>
                </Point>
            </Placemark>
            <Placemark id="542">
                <name>Deutscher Hof</name>
                <description>                    category  : building &lt;br&gt;   
                    sitelinks : 2.0 &lt;br&gt;   
                    articleEN :  &lt;br&gt;             
                    articleDE : https://de.wikipedia.org/wiki/Deutscher_Hof_(N%C3%BCrnberg) &lt;br&gt;              
                    wikidata_link : http://www.wikidata.org/entity/Q1630880</description>
                <styleUrl>#34</styleUrl>
                <Point id="541">
                    <coordinates>11.074584668733,49.446552415934,0.0</coordinates>
                </Point>
            </Placemark>
            <Placemark id="544">
                <name>Hotel Deutscher Kaiser (Nürnberg)</name>
                <description>                    category  : building &lt;br&gt;   
                    sitelinks : 2.0 &lt;br&gt;   
                    articleEN :  &lt;br&gt;             
                    articleDE : https://de.wikipedia.org/wiki/Hotel_Deutscher_Kaiser_(N%C3%BCrnberg) &lt;br&gt;              
                    wikidata_link : http://www.wikidata.org/entity/Q1630882</description>
                <styleUrl>#34</styleUrl>
                <Point id="543">
                    <coordinates>11.0795345,49.4491397,0.0</coordinates>
                </Point>
            </Placemark>
            <Placemark id="546">
                <name>Wöhrder Wiese</name>
                <description>                    category  : park &lt;br&gt;   
                    sitelinks : 2.0 &lt;br&gt;   
                    articleEN :  &lt;br&gt;             
                    articleDE : https://de.wikipedia.org/wiki/W%C3%B6hrder_Wiese &lt;br&gt;              
                    wikidata_link : http://www.wikidata.org/entity/Q1625469</description>
                <styleUrl>#34</styleUrl>
                <Point id="545">
                    <coordinates>11.0919,49.4506,0.0</coordinates>
                </Point>
            </Placemark>
            <Placemark id="548">
                <name>Q1623261</name>
                <description>                    category  : enterprise &lt;br&gt;   
                    sitelinks : 2.0 &lt;br&gt;   
                    articleEN :  &lt;br&gt;             
                    articleDE : https://de.wikipedia.org/wiki/N._Wiederer_%26_Co. &lt;br&gt;              
                    wikidata_link : http://www.wikidata.org/entity/Q1623261</description>
                <styleUrl>#34</styleUrl>
                <Point id="547">
                    <coordinates>11.001401030974,49.465835598041,0.0</coordinates>
                </Point>
            </Placemark>
            <Placemark id="550">
                <name>Historic tram depot Nuremberg</name>
                <description>                    category  : tramway museum &lt;br&gt;   
                    sitelinks : 2.0 &lt;br&gt;   
                    articleEN :  &lt;br&gt;             
                    articleDE : https://de.wikipedia.org/wiki/Historisches_Stra%C3%9Fenbahndepot_St._Peter &lt;br&gt;              
                    wikidata_link : http://www.wikidata.org/entity/Q1621032</description>
                <styleUrl>#34</styleUrl>
                <Point id="549">
                    <coordinates>11.100833,49.443611,0.0</coordinates>
                </Point>
            </Placemark>
            <Placemark id="552">
                <name>St. Jobst (Nuremberg)</name>
                <description>                    category  : Q28538792 &lt;br&gt;   
                    sitelinks : 2.0 &lt;br&gt;   
                    articleEN :  &lt;br&gt;             
                    articleDE : https://de.wikipedia.org/wiki/St._Jobst &lt;br&gt;              
                    wikidata_link : http://www.wikidata.org/entity/Q1620585</description>
                <styleUrl>#34</styleUrl>
                <Point id="551">
                    <coordinates>11.1189,49.4647,0.0</coordinates>
                </Point>
            </Placemark>
            <Placemark id="554">
                <name>Rothenberg (Obermichelbach)</name>
                <description>                    category  : Ortsteil &lt;br&gt;   
                    sitelinks : 2.0 &lt;br&gt;   
                    articleEN :  &lt;br&gt;             
                    articleDE : https://de.wikipedia.org/wiki/Rothenberg_(Obermichelbach) &lt;br&gt;              
                    wikidata_link : http://www.wikidata.org/entity/Q1619175</description>
                <styleUrl>#34</styleUrl>
                <Point id="553">
                    <coordinates>10.9253,49.5144,0.0</coordinates>
                </Point>
            </Placemark>
            <Placemark id="556">
                <name>Worzeldorf</name>
                <description>                    category  : Ortsteil &lt;br&gt;   
                    sitelinks : 2.0 &lt;br&gt;   
                    articleEN :  &lt;br&gt;             
                    articleDE : https://de.wikipedia.org/wiki/Worzeldorf &lt;br&gt;              
                    wikidata_link : http://www.wikidata.org/entity/Q1618993</description>
                <styleUrl>#34</styleUrl>
                <Point id="555">
                    <coordinates>11.0969,49.3697,0.0</coordinates>
                </Point>
            </Placemark>
            <Placemark id="558">
                <name>Stabilitätsrat</name>
                <description>                    category  : organization &lt;br&gt;   
                    sitelinks : 2.0 &lt;br&gt;   
                    articleEN : https://en.wikipedia.org/wiki/Stabilit%C3%A4tsrat &lt;br&gt;             
                    articleDE : https://de.wikipedia.org/wiki/Stabilit%C3%A4tsrat &lt;br&gt;              
                    wikidata_link : http://www.wikidata.org/entity/Q1601428</description>
                <styleUrl>#34</styleUrl>
                <Point id="557">
                    <coordinates>10.959933,49.5271105,0.0</coordinates>
                </Point>
            </Placemark>
            <Placemark id="560">
                <name>Heinrich-Schliemann-Gymnasium</name>
                <description>                    category  : gymnasium &lt;br&gt;   
                    sitelinks : 2.0 &lt;br&gt;   
                    articleEN :  &lt;br&gt;             
                    articleDE : https://de.wikipedia.org/wiki/Heinrich-Schliemann-Gymnasium_F%C3%BCrth &lt;br&gt;              
                    wikidata_link : http://www.wikidata.org/entity/Q1596447</description>
                <styleUrl>#34</styleUrl>
                <Point id="559">
                    <coordinates>10.9915,49.4761,0.0</coordinates>
                </Point>
            </Placemark>
            <Placemark id="562">
                <name>Q1594987</name>
                <description>                    category  : architectural structure &lt;br&gt;   
                    sitelinks : 2.0 &lt;br&gt;   
                    articleEN :  &lt;br&gt;             
                    articleDE : https://de.wikipedia.org/wiki/Heilig-Kreuz-Pilgerspital &lt;br&gt;              
                    wikidata_link : http://www.wikidata.org/entity/Q1594987</description>
                <styleUrl>#34</styleUrl>
                <Point id="561">
                    <coordinates>11.0684,49.4574,0.0</coordinates>
                </Point>
            </Placemark>
            <Placemark id="564">
                <name>Q482550</name>
                <description>                    category  : architectural structure &lt;br&gt;   
                    sitelinks : 2.0 &lt;br&gt;   
                    articleEN :  &lt;br&gt;             
                    articleDE : https://de.wikipedia.org/wiki/An_den_Fleischb%C3%A4nken &lt;br&gt;              
                    wikidata_link : http://www.wikidata.org/entity/Q482550</description>
                <styleUrl>#34</styleUrl>
                <Point id="563">
                    <coordinates>11.0767,49.453,0.0</coordinates>
                </Point>
            </Placemark>
            <Placemark id="566">
                <name>Z-Bau</name>
                <description>                    category  : beer garden &lt;br&gt;   
                    sitelinks : 2.0 &lt;br&gt;   
                    articleEN :  &lt;br&gt;             
                    articleDE : https://de.wikipedia.org/wiki/Z-Bau_(Haus_f%C3%BCr_Gegenwartskultur) &lt;br&gt;              
                    wikidata_link : http://www.wikidata.org/entity/Q62563391</description>
                <styleUrl>#34</styleUrl>
                <Point id="565">
                    <coordinates>11.094323,49.429999,0.0</coordinates>
                </Point>
            </Placemark>
            <Placemark id="568">
                <name>Oberschöllenbach</name>
                <description>                    category  : Ortsteil &lt;br&gt;   
                    sitelinks : 2.0 &lt;br&gt;   
                    articleEN :  &lt;br&gt;             
                    articleDE : https://de.wikipedia.org/wiki/Obersch%C3%B6llenbach &lt;br&gt;              
                    wikidata_link : http://www.wikidata.org/entity/Q62036210</description>
                <styleUrl>#34</styleUrl>
                <Point id="567">
                    <coordinates>11.166333333333,49.572916666667,0.0</coordinates>
                </Point>
            </Placemark>
            <Placemark id="570">
                <name>Ökumenisches Gemeindezentrum Thon</name>
                <description>                    category  : church building &lt;br&gt;   
                    sitelinks : 2.0 &lt;br&gt;   
                    articleEN :  &lt;br&gt;             
                    articleDE : https://de.wikipedia.org/wiki/%C3%96kumenisches_Zentrum_St._Clemens/St._Andreas &lt;br&gt;              
                    wikidata_link : http://www.wikidata.org/entity/Q61851324</description>
                <styleUrl>#34</styleUrl>
                <Point id="569">
                    <coordinates>11.066556,49.47675,0.0</coordinates>
                </Point>
            </Placemark>
            <Placemark id="572">
                <name>joke machine</name>
                <description>                    category  : vending machine &lt;br&gt;   
                    sitelinks : 2.0 &lt;br&gt;   
                    articleEN :  &lt;br&gt;             
                    articleDE : https://de.wikipedia.org/wiki/Witze-Automat &lt;br&gt;              
                    wikidata_link : http://www.wikidata.org/entity/Q60238364</description>
                <styleUrl>#34</styleUrl>
                <Point id="571">
                    <coordinates>11.138055555556,49.473694444444,0.0</coordinates>
                </Point>
            </Placemark>
            <Placemark id="574">
                <name>Pegnitztal Ost</name>
                <description>                    category  : Naturschutzgebiet &lt;br&gt;   
                    sitelinks : 2.0 &lt;br&gt;   
                    articleEN :  &lt;br&gt;             
                    articleDE : https://de.wikipedia.org/wiki/Pegnitztal_Ost &lt;br&gt;              
                    wikidata_link : http://www.wikidata.org/entity/Q59835612</description>
                <styleUrl>#34</styleUrl>
                <Point id="573">
                    <coordinates>11.152111111111,49.468561111111,0.0</coordinates>
                </Point>
            </Placemark>
            <Placemark id="576">
                <name>Schübelsberg</name>
                <description>                    category  : former settlement &lt;br&gt;   
                    sitelinks : 2.0 &lt;br&gt;   
                    articleEN :  &lt;br&gt;             
                    articleDE : https://de.wikipedia.org/wiki/Sch%C3%BCbelsberg &lt;br&gt;              
                    wikidata_link : http://www.wikidata.org/entity/Q59645209</description>
                <styleUrl>#34</styleUrl>
                <Point id="575">
                    <coordinates>11.10523,49.46439,0.0</coordinates>
                </Point>
            </Placemark>
            <Placemark id="578">
                <name>St. Wolfgang</name>
                <description>                    category  : church building &lt;br&gt;   
                    sitelinks : 2.0 &lt;br&gt;   
                    articleEN :  &lt;br&gt;             
                    articleDE : https://de.wikipedia.org/wiki/St._Wolfgang_(N%C3%BCrnberg) &lt;br&gt;              
                    wikidata_link : http://www.wikidata.org/entity/Q41427754</description>
                <styleUrl>#34</styleUrl>
                <Point id="577">
                    <coordinates>11.046875524858,49.429265190574,0.0</coordinates>
                </Point>
            </Placemark>
            <Placemark id="580">
                <name>Petzenschloss (Nürnberg)</name>
                <description>                    category  : Schloss &lt;br&gt;   
                    sitelinks : 2.0 &lt;br&gt;   
                    articleEN :  &lt;br&gt;             
                    articleDE : https://de.wikipedia.org/wiki/Petzenschloss &lt;br&gt;              
                    wikidata_link : http://www.wikidata.org/entity/Q41427741</description>
                <styleUrl>#34</styleUrl>
                <Point id="579">
                    <coordinates>11.088543230152,49.437587293083,0.0</coordinates>
                </Point>
            </Placemark>
            <Placemark id="582">
                <name>St. Sebaldus</name>
                <description>                    category  : parish church &lt;br&gt;   
                    sitelinks : 2.0 &lt;br&gt;   
                    articleEN :  &lt;br&gt;             
                    articleDE : https://de.wikipedia.org/wiki/St._Sebald_(Altenfurt) &lt;br&gt;              
                    wikidata_link : http://www.wikidata.org/entity/Q41411159</description>
                <styleUrl>#34</styleUrl>
                <Point id="581">
                    <coordinates>11.17176,49.40618,0.0</coordinates>
                </Point>
            </Placemark>
            <Placemark id="584">
                <name>St. Johannes und Katharina</name>
                <description>                    category  : chapel &lt;br&gt;   
                    sitelinks : 2.0 &lt;br&gt;   
                    articleEN :  &lt;br&gt;             
                    articleDE : https://de.wikipedia.org/wiki/Rundkapelle_Altenfurt &lt;br&gt;              
                    wikidata_link : http://www.wikidata.org/entity/Q41411153</description>
                <styleUrl>#34</styleUrl>
                <Point id="583">
                    <coordinates>11.16438,49.40675,0.0</coordinates>
                </Point>
            </Placemark>
            <Placemark id="586">
                <name>Paul-Gerhardt-Kirche (Nuremberg-Langwasser)</name>
                <description>                    category  : parish church &lt;br&gt;   
                    sitelinks : 2.0 &lt;br&gt;   
                    articleEN :  &lt;br&gt;             
                    articleDE : https://de.wikipedia.org/wiki/Paul-Gerhardt-Kirche_(Langwasser) &lt;br&gt;              
                    wikidata_link : http://www.wikidata.org/entity/Q41411150</description>
                <styleUrl>#34</styleUrl>
                <Point id="585">
                    <coordinates>11.137176,49.4031,0.0</coordinates>
                </Point>
            </Placemark>
            <Placemark id="588">
                <name>St. Felicitas</name>
                <description>                    category  : church building &lt;br&gt;   
                    sitelinks : 2.0 &lt;br&gt;   
                    articleEN :  &lt;br&gt;             
                    articleDE : https://de.wikipedia.org/wiki/St._Felicitas_(Reutles) &lt;br&gt;              
                    wikidata_link : http://www.wikidata.org/entity/Q41411073</description>
                <styleUrl>#34</styleUrl>
                <Point id="587">
                    <coordinates>11.02564,49.53383,0.0</coordinates>
                </Point>
            </Placemark>
            <Placemark id="590">
                <name>St. Lorenz</name>
                <description>                    category  : church building &lt;br&gt;   
                    sitelinks : 2.0 &lt;br&gt;   
                    articleEN :  &lt;br&gt;             
                    articleDE : https://de.wikipedia.org/wiki/St._Laurentius_(Gro%C3%9Fgr%C3%BCndlach) &lt;br&gt;              
                    wikidata_link : http://www.wikidata.org/entity/Q41411046</description>
                <styleUrl>#34</styleUrl>
                <Point id="589">
                    <coordinates>11.01109,49.53008,0.0</coordinates>
                </Point>
            </Placemark>
            <Placemark id="592">
                <name>Pfarrkirche St. Marien</name>
                <description>                    category  : church building &lt;br&gt;   
                    sitelinks : 2.0 &lt;br&gt;   
                    articleEN :  &lt;br&gt;             
                    articleDE : https://de.wikipedia.org/wiki/St._Marien_(N%C3%BCrnberg-Fischbach) &lt;br&gt;              
                    wikidata_link : http://www.wikidata.org/entity/Q41410785</description>
                <styleUrl>#34</styleUrl>
                <Point id="591">
                    <coordinates>11.19292,49.42019,0.0</coordinates>
                </Point>
            </Placemark>
            <Placemark id="594">
                <name>Schmausenbuck-Tower</name>
                <description>                    category  : observation tower &lt;br&gt;   
                    sitelinks : 2.0 &lt;br&gt;   
                    articleEN :  &lt;br&gt;             
                    articleDE : https://de.wikipedia.org/wiki/Schmausenbuckturm &lt;br&gt;              
                    wikidata_link : http://www.wikidata.org/entity/Q41410771</description>
                <styleUrl>#34</styleUrl>
                <Point id="593">
                    <coordinates>11.1489,49.44935,0.0</coordinates>
                </Point>
            </Placemark>
            <Placemark id="596">
                <name>St. Georg (Wendelstein)</name>
                <description>                    category  : church building &lt;br&gt;   
                    sitelinks : 2.0 &lt;br&gt;   
                    articleEN :  &lt;br&gt;             
                    articleDE : https://de.wikipedia.org/wiki/St._Georg_(Wendelstein) &lt;br&gt;              
                    wikidata_link : http://www.wikidata.org/entity/Q41373510</description>
                <styleUrl>#34</styleUrl>
                <Point id="595">
                    <coordinates>11.14556,49.35606,0.0</coordinates>
                </Point>
            </Placemark>
            <Placemark id="598">
                <name>Ehemaliger Amtsrichterhof Kirchenstraße 3</name>
                <description>                    category  : building &lt;br&gt;   
                    sitelinks : 2.0 &lt;br&gt;   
                    articleEN :  &lt;br&gt;             
                    articleDE : https://de.wikipedia.org/wiki/Schloss_Wendelstein &lt;br&gt;              
                    wikidata_link : http://www.wikidata.org/entity/Q41373500</description>
                <styleUrl>#34</styleUrl>
                <Point id="597">
                    <coordinates>11.144873459952,49.355836429177,0.0</coordinates>
                </Point>
            </Placemark>
            <Placemark id="600">
                <name>Schloss Sorg</name>
                <description>                    category  : château &lt;br&gt;   
                    sitelinks : 2.0 &lt;br&gt;   
                    articleEN :  &lt;br&gt;             
                    articleDE : https://de.wikipedia.org/wiki/Schloss_Sorg &lt;br&gt;              
                    wikidata_link : http://www.wikidata.org/entity/Q41373497</description>
                <styleUrl>#34</styleUrl>
                <Point id="599">
                    <coordinates>11.126276282017,49.346831686551,0.0</coordinates>
                </Point>
            </Placemark>
            <Placemark id="602">
                <name>Schleuse 61 des Ludwig-Donau-Main-Kanals in Wendelstein</name>
                <description>                    category  : lock &lt;br&gt;   
                    sitelinks : 2.0 &lt;br&gt;   
                    articleEN :  &lt;br&gt;             
                    articleDE : https://de.wikipedia.org/wiki/Schleusenw%C3%A4rterhaus_Schleuse_61_(Wendelstein) &lt;br&gt;              
                    wikidata_link : http://www.wikidata.org/entity/Q41373415</description>
                <styleUrl>#34</styleUrl>
                <Point id="601">
                    <coordinates>11.19631,49.36076,0.0</coordinates>
                </Point>
            </Placemark>
            <Placemark id="604">
                <name>St. Willibald und Kilian</name>
                <description>                    category  : church building &lt;br&gt;   
                    sitelinks : 2.0 &lt;br&gt;   
                    articleEN :  &lt;br&gt;             
                    articleDE : https://de.wikipedia.org/wiki/Wolfgangskirche_(R%C3%B6thenbach_bei_Sankt_Wolfgang) &lt;br&gt;              
                    wikidata_link : http://www.wikidata.org/entity/Q41373377</description>
                <styleUrl>#34</styleUrl>
                <Point id="603">
                    <coordinates>11.169660926878,49.363057160618,0.0</coordinates>
                </Point>
            </Placemark>
            <Placemark id="606">
                <name>Schloss Kugelhammer</name>
                <description>                    category  : Schloss &lt;br&gt;   
                    sitelinks : 2.0 &lt;br&gt;   
                    articleEN :  &lt;br&gt;             
                    articleDE : https://de.wikipedia.org/wiki/Schloss_Kugelhammer_(Gugelhammer) &lt;br&gt;              
                    wikidata_link : http://www.wikidata.org/entity/Q41373270</description>
                <styleUrl>#34</styleUrl>
                <Point id="605">
                    <coordinates>11.18098,49.36333,0.0</coordinates>
                </Point>
            </Placemark>
            <Placemark id="608">
                <name>Fürther Straße 53</name>
                <description>                    category  : architectural structure &lt;br&gt;   
                    sitelinks : 2.0 &lt;br&gt;   
                    articleEN :  &lt;br&gt;             
                    articleDE : https://de.wikipedia.org/wiki/Keltschenschloss &lt;br&gt;              
                    wikidata_link : http://www.wikidata.org/entity/Q41292323</description>
                <styleUrl>#34</styleUrl>
                <Point id="607">
                    <coordinates>10.985301,49.571125,0.0</coordinates>
                </Point>
            </Placemark>
            <Placemark id="610">
                <name>Laufertorturm</name>
                <description>                    category  : gate tower &lt;br&gt;   
                    sitelinks : 2.0 &lt;br&gt;   
                    articleEN :  &lt;br&gt;             
                    articleDE : https://de.wikipedia.org/wiki/Laufer_Torturm &lt;br&gt;              
                    wikidata_link : http://www.wikidata.org/entity/Q41247449</description>
                <styleUrl>#34</styleUrl>
                <Point id="609">
                    <coordinates>11.088259,49.457652,0.0</coordinates>
                </Point>
            </Placemark>
            <Placemark id="612">
                <name>Turm Schwarzes A</name>
                <description>                    category  : architectural structure &lt;br&gt;   
                    sitelinks : 2.0 &lt;br&gt;   
                    articleEN :  &lt;br&gt;             
                    articleDE : https://de.wikipedia.org/wiki/Luginsland_(N%C3%BCrnberg) &lt;br&gt;              
                    wikidata_link : http://www.wikidata.org/entity/Q41247445</description>
                <styleUrl>#34</styleUrl>
                <Point id="611">
                    <coordinates>11.07819,49.45834,0.0</coordinates>
                </Point>
            </Placemark>
            <Placemark id="614">
                <name>Wohnhaus in Feucht</name>
                <description>                    category  : residential building &lt;br&gt;   
                    sitelinks : 2.0 &lt;br&gt;   
                    articleEN :  &lt;br&gt;             
                    articleDE : https://de.wikipedia.org/wiki/Altdorfer_Stra%C3%9Fe_9_(Feucht) &lt;br&gt;              
                    wikidata_link : http://www.wikidata.org/entity/Q41126367</description>
                <styleUrl>#34</styleUrl>
                <Point id="613">
                    <coordinates>11.214938888889,49.376361111111,0.0</coordinates>
                </Point>
            </Placemark>
            <Placemark id="616">
                <name>Dialysemuseum Fürth</name>
                <description>                    category  : museum &lt;br&gt;   
                    sitelinks : 2.0 &lt;br&gt;   
                    articleEN :  &lt;br&gt;             
                    articleDE : https://de.wikipedia.org/wiki/KfH-Dialysemuseum_F%C3%BCrth &lt;br&gt;              
                    wikidata_link : http://www.wikidata.org/entity/Q40825027</description>
                <styleUrl>#34</styleUrl>
                <Point id="615">
                    <coordinates>10.97793,49.48561,0.0</coordinates>
                </Point>
            </Placemark>
            <Placemark id="618">
                <name>Fürth Süd</name>
                <description>                    category  : former railway stop &lt;br&gt;   
                    sitelinks : 2.0 &lt;br&gt;   
                    articleEN :  &lt;br&gt;             
                    articleDE : https://de.wikipedia.org/wiki/Bahnhof_F%C3%BCrth_S%C3%BCd &lt;br&gt;              
                    wikidata_link : http://www.wikidata.org/entity/Q37380936</description>
                <styleUrl>#34</styleUrl>
                <Point id="617">
                    <coordinates>10.993586111111,49.436391666667,0.0</coordinates>
                </Point>
            </Placemark>
            <Placemark id="620">
                <name>Nürnberg-Neusündersbühl</name>
                <description>                    category  : former railway stop &lt;br&gt;   
                    sitelinks : 2.0 &lt;br&gt;   
                    articleEN :  &lt;br&gt;             
                    articleDE : https://de.wikipedia.org/wiki/Bahnhof_N%C3%BCrnberg-Neus%C3%BCndersb%C3%BChl &lt;br&gt;              
                    wikidata_link : http://www.wikidata.org/entity/Q37380923</description>
                <styleUrl>#34</styleUrl>
                <Point id="619">
                    <coordinates>11.037391666667,49.452475,0.0</coordinates>
                </Point>
            </Placemark>
            <Placemark id="622">
                <name>Großgründlach</name>
                <description>                    category  : former railway stop &lt;br&gt;   
                    sitelinks : 2.0 &lt;br&gt;   
                    articleEN :  &lt;br&gt;             
                    articleDE : https://de.wikipedia.org/wiki/Bahnhof_Gro%C3%9Fgr%C3%BCndlach &lt;br&gt;              
                    wikidata_link : http://www.wikidata.org/entity/Q37380922</description>
                <styleUrl>#34</styleUrl>
                <Point id="621">
                    <coordinates>10.997038888889,49.535816666667,0.0</coordinates>
                </Point>
            </Placemark>
            <Placemark id="624">
                <name>Nürnberg-Doos</name>
                <description>                    category  : former railway station &lt;br&gt;   
                    sitelinks : 2.0 &lt;br&gt;   
                    articleEN :  &lt;br&gt;             
                    articleDE : https://de.wikipedia.org/wiki/Bahnhof_N%C3%BCrnberg-Doos &lt;br&gt;              
                    wikidata_link : http://www.wikidata.org/entity/Q37380913</description>
                <styleUrl>#34</styleUrl>
                <Point id="623">
                    <coordinates>11.018597222222,49.461033333333,0.0</coordinates>
                </Point>
            </Placemark>
            <Placemark id="626">
                <name>Erbschänke Muggenhof</name>
                <description>                    category  : building &lt;br&gt;   
                    sitelinks : 2.0 &lt;br&gt;   
                    articleEN :  &lt;br&gt;             
                    articleDE : https://de.wikipedia.org/wiki/Erbsch%C3%A4nke_Muggenhof &lt;br&gt;              
                    wikidata_link : http://www.wikidata.org/entity/Q37068920</description>
                <styleUrl>#34</styleUrl>
                <Point id="625">
                    <coordinates>11.025,49.463888888889,0.0</coordinates>
                </Point>
            </Placemark>
            <Placemark id="628">
                <name>Evang.-Luth. Pfarrkirche Hl. Kreuz in Röthenbach an der Pegnitz</name>
                <description>                    category  : church building &lt;br&gt;   
                    sitelinks : 2.0 &lt;br&gt;   
                    articleEN :  &lt;br&gt;             
                    articleDE : https://de.wikipedia.org/wiki/Heilig-Kreuz-Kirche_(R%C3%B6thenbach_an_der_Pegnitz) &lt;br&gt;              
                    wikidata_link : http://www.wikidata.org/entity/Q36747604</description>
                <styleUrl>#34</styleUrl>
                <Point id="627">
                    <coordinates>11.23413521084,49.481089451623,0.0</coordinates>
                </Point>
            </Placemark>
            <Placemark id="630">
                <name>1. FC Nürnberg Club Museum</name>
                <description>                    category  : sports museum &lt;br&gt;   
                    sitelinks : 2.0 &lt;br&gt;   
                    articleEN :  &lt;br&gt;             
                    articleDE : https://de.wikipedia.org/wiki/Club-Museum &lt;br&gt;              
                    wikidata_link : http://www.wikidata.org/entity/Q33473293</description>
                <styleUrl>#34</styleUrl>
                <Point id="629">
                    <coordinates>11.1310304,49.4349184,0.0</coordinates>
                </Point>
            </Placemark>
            <Placemark id="632">
                <name>St. Egidien</name>
                <description>                    category  : church building &lt;br&gt;   
                    sitelinks : 2.0 &lt;br&gt;   
                    articleEN :  &lt;br&gt;             
                    articleDE : https://de.wikipedia.org/wiki/St._Egidien_(Beerbach) &lt;br&gt;              
                    wikidata_link : http://www.wikidata.org/entity/Q41391395</description>
                <styleUrl>#34</styleUrl>
                <Point id="631">
                    <coordinates>11.20832,49.55758,0.0</coordinates>
                </Point>
            </Placemark>
            <Placemark id="634">
                <name>Ehem. Herrensitz in Röthenbach an der Pegnitz</name>
                <description>                    category  : manor house &lt;br&gt;   
                    sitelinks : 2.0 &lt;br&gt;   
                    articleEN :  &lt;br&gt;             
                    articleDE : https://de.wikipedia.org/wiki/Herrensitz_R%C3%B6thenbach_an_der_Pegnitz_I &lt;br&gt;              
                    wikidata_link : http://www.wikidata.org/entity/Q41390964</description>
                <styleUrl>#34</styleUrl>
                <Point id="633">
                    <coordinates>11.2373047,49.482418,0.0</coordinates>
                </Point>
            </Placemark>
            <Placemark id="636">
                <name>Schloss Renzenhof</name>
                <description>                    category  : manor house &lt;br&gt;   
                    sitelinks : 2.0 &lt;br&gt;   
                    articleEN :  &lt;br&gt;             
                    articleDE : https://de.wikipedia.org/wiki/Schloss_Renzenhof &lt;br&gt;              
                    wikidata_link : http://www.wikidata.org/entity/Q41390938</description>
                <styleUrl>#34</styleUrl>
                <Point id="635">
                    <coordinates>11.26777,49.4719,0.0</coordinates>
                </Point>
            </Placemark>
            <Placemark id="638">
                <name>Schloss in Schwaig</name>
                <description>                    category  : manor house &lt;br&gt;   
                    sitelinks : 2.0 &lt;br&gt;   
                    articleEN :  &lt;br&gt;             
                    articleDE : https://de.wikipedia.org/wiki/Neues_Schloss_(Behringersdorf) &lt;br&gt;              
                    wikidata_link : http://www.wikidata.org/entity/Q41390900</description>
                <styleUrl>#34</styleUrl>
                <Point id="637">
                    <coordinates>11.19997,49.47926,0.0</coordinates>
                </Point>
            </Placemark>
            <Placemark id="640">
                <name>Herrensitz in Schwaig</name>
                <description>                    category  : manor house &lt;br&gt;   
                    sitelinks : 2.0 &lt;br&gt;   
                    articleEN :  &lt;br&gt;             
                    articleDE : https://de.wikipedia.org/wiki/Altes_Schloss_(Behringersdorf) &lt;br&gt;              
                    wikidata_link : http://www.wikidata.org/entity/Q41390896</description>
                <styleUrl>#34</styleUrl>
                <Point id="639">
                    <coordinates>11.20049,49.47895,0.0</coordinates>
                </Point>
            </Placemark>
            <Placemark id="642">
                <name>Evang.-Luth. Pfarrkirche St. Maria Magdalena in Behringersdorf</name>
                <description>                    category  : church building &lt;br&gt;   
                    sitelinks : 2.0 &lt;br&gt;   
                    articleEN :  &lt;br&gt;             
                    articleDE : https://de.wikipedia.org/wiki/Maria-Magdalena-Kirche_(Behringersdorf) &lt;br&gt;              
                    wikidata_link : http://www.wikidata.org/entity/Q41390890</description>
                <styleUrl>#34</styleUrl>
                <Point id="641">
                    <coordinates>11.20071,49.47887,0.0</coordinates>
                </Point>
            </Placemark>
            <Placemark id="644">
                <name>Waldschlösschen</name>
                <description>                    category  : Q58034429 &lt;br&gt;   
                    sitelinks : 2.0 &lt;br&gt;   
                    articleEN :  &lt;br&gt;             
                    articleDE : https://de.wikipedia.org/wiki/Waldschl%C3%B6sschen_(Feucht) &lt;br&gt;              
                    wikidata_link : http://www.wikidata.org/entity/Q41390569</description>
                <styleUrl>#34</styleUrl>
                <Point id="643">
                    <coordinates>11.21784,49.3689,0.0</coordinates>
                </Point>
            </Placemark>
            <Placemark id="646">
                <name>Hutzlerhaus</name>
                <description>                    category  : residential building &lt;br&gt;   
                    sitelinks : 2.0 &lt;br&gt;   
                    articleEN :  &lt;br&gt;             
                    articleDE : https://de.wikipedia.org/wiki/Zeidelmuseum &lt;br&gt;              
                    wikidata_link : http://www.wikidata.org/entity/Q41390561</description>
                <styleUrl>#34</styleUrl>
                <Point id="645">
                    <coordinates>11.21217,49.37541,0.0</coordinates>
                </Point>
            </Placemark>
            <Placemark id="648">
                <name>Zeidelgericht</name>
                <description>                    category  : courthouse &lt;br&gt;   
                    sitelinks : 2.0 &lt;br&gt;   
                    articleEN :  &lt;br&gt;             
                    articleDE : https://de.wikipedia.org/wiki/Zeidelgericht &lt;br&gt;              
                    wikidata_link : http://www.wikidata.org/entity/Q41390558</description>
                <styleUrl>#34</styleUrl>
                <Point id="647">
                    <coordinates>11.21333,49.37649,0.0</coordinates>
                </Point>
            </Placemark>
            <Placemark id="650">
                <name>Pfarrhaus in Feucht</name>
                <description>                    category  : clergy house &lt;br&gt;   
                    sitelinks : 2.0 &lt;br&gt;   
                    articleEN :  &lt;br&gt;             
                    articleDE : https://de.wikipedia.org/wiki/Evangelisches_Pfarrhaus_(Feucht) &lt;br&gt;              
                    wikidata_link : http://www.wikidata.org/entity/Q41390554</description>
                <styleUrl>#34</styleUrl>
                <Point id="649">
                    <coordinates>11.21348,49.37446,0.0</coordinates>
                </Point>
            </Placemark>
            <Placemark id="652">
                <name>Evangelisch-lutherisch Pfarrkirche St. Jakob in Feucht</name>
                <description>                    category  : church building &lt;br&gt;   
                    sitelinks : 2.0 &lt;br&gt;   
                    articleEN :  &lt;br&gt;             
                    articleDE : https://de.wikipedia.org/wiki/St._Jakob_(Feucht) &lt;br&gt;              
                    wikidata_link : http://www.wikidata.org/entity/Q41390550</description>
                <styleUrl>#34</styleUrl>
                <Point id="651">
                    <coordinates>11.21368,49.37498,0.0</coordinates>
                </Point>
            </Placemark>
            <Placemark id="654">
                <name>Rathaus in Feucht</name>
                <description>                    category  : Rathaus &lt;br&gt;   
                    sitelinks : 2.0 &lt;br&gt;   
                    articleEN :  &lt;br&gt;             
                    articleDE : https://de.wikipedia.org/wiki/Rathaus_(Feucht) &lt;br&gt;              
                    wikidata_link : http://www.wikidata.org/entity/Q41390540</description>
                <styleUrl>#34</styleUrl>
                <Point id="653">
                    <coordinates>11.213879231058,49.375641470681,0.0</coordinates>
                </Point>
            </Placemark>
            <Placemark id="656">
                <name>Bahnhofstraße 30</name>
                <description>                    category  : route attendant's house &lt;br&gt;   
                    sitelinks : 2.0 &lt;br&gt;   
                    articleEN :  &lt;br&gt;             
                    articleDE : https://de.wikipedia.org/wiki/Streckenw%C3%A4rterhaus_(Feucht) &lt;br&gt;              
                    wikidata_link : http://www.wikidata.org/entity/Q41390528</description>
                <styleUrl>#34</styleUrl>
                <Point id="655">
                    <coordinates>11.20648,49.38097,0.0</coordinates>
                </Point>
            </Placemark>
            <Placemark id="658">
                <name>Katholische Pfarrkirche Herz Jesu in Feucht</name>
                <description>                    category  : church building &lt;br&gt;   
                    sitelinks : 2.0 &lt;br&gt;   
                    articleEN :  &lt;br&gt;             
                    articleDE : https://de.wikipedia.org/wiki/Herz-Jesu-Kirche_(Feucht) &lt;br&gt;              
                    wikidata_link : http://www.wikidata.org/entity/Q41390531</description>
                <styleUrl>#34</styleUrl>
                <Point id="657">
                    <coordinates>11.2117,49.37625,0.0</coordinates>
                </Point>
            </Placemark>
            <Placemark id="660">
                <name>Ehemaliger Forsthof und Forsthaus in Feucht</name>
                <description>                    category  : forester's lodge &lt;br&gt;   
                    sitelinks : 2.0 &lt;br&gt;   
                    articleEN :  &lt;br&gt;             
                    articleDE : https://de.wikipedia.org/wiki/Forsthaus_(Feucht) &lt;br&gt;              
                    wikidata_link : http://www.wikidata.org/entity/Q41390530</description>
                <styleUrl>#34</styleUrl>
                <Point id="659">
                    <coordinates>11.211177816566,49.37775590761,0.0</coordinates>
                </Point>
            </Placemark>
            <Placemark id="662">
                <name>St. Andreas</name>
                <description>                    category  : church building &lt;br&gt;   
                    sitelinks : 2.0 &lt;br&gt;   
                    articleEN :  &lt;br&gt;             
                    articleDE : https://de.wikipedia.org/wiki/St._Andreas_(Kalchreuth) &lt;br&gt;              
                    wikidata_link : http://www.wikidata.org/entity/Q41388734</description>
                <styleUrl>#34</styleUrl>
                <Point id="661">
                    <coordinates>11.132536,49.557488,0.0</coordinates>
                </Point>
            </Placemark>
            <Placemark id="664">
                <name>Badhaus Wendelstein</name>
                <description>                    category  : house &lt;br&gt;   
                    sitelinks : 2.0 &lt;br&gt;   
                    articleEN :  &lt;br&gt;             
                    articleDE : https://de.wikipedia.org/wiki/Badhaus_Wendelstein &lt;br&gt;              
                    wikidata_link : http://www.wikidata.org/entity/Q30112701</description>
                <styleUrl>#34</styleUrl>
                <Point id="663">
                    <coordinates>11.141573,49.35504,0.0</coordinates>
                </Point>
            </Placemark>
            <Placemark id="666">
                <name>Theater Salz+Pfeffer</name>
                <description>                    category  : puppetry company &lt;br&gt;   
                    sitelinks : 2.0 &lt;br&gt;   
                    articleEN :  &lt;br&gt;             
                    articleDE : https://de.wikipedia.org/wiki/Theater_Salz_%2B_Pfeffer &lt;br&gt;              
                    wikidata_link : http://www.wikidata.org/entity/Q30039110</description>
                <styleUrl>#34</styleUrl>
                <Point id="665">
                    <coordinates>11.06841,49.44713,0.0</coordinates>
                </Point>
            </Placemark>
            <Placemark id="668">
                <name>St. Sebald</name>
                <description>                    category  : church building &lt;br&gt;   
                    sitelinks : 2.0 &lt;br&gt;   
                    articleEN :  &lt;br&gt;             
                    articleDE : https://de.wikipedia.org/wiki/St._Sebald_(Schwabach) &lt;br&gt;              
                    wikidata_link : http://www.wikidata.org/entity/Q41303429</description>
                <styleUrl>#34</styleUrl>
                <Point id="667">
                    <coordinates>11.02547973443,49.329185051777,0.0</coordinates>
                </Point>
            </Placemark>
            <Placemark id="670">
                <name>Boxlohe 5</name>
                <description>                    category  : house &lt;br&gt;   
                    sitelinks : 2.0 &lt;br&gt;   
                    articleEN :  &lt;br&gt;             
                    articleDE : https://de.wikipedia.org/wiki/Boxlohe_5 &lt;br&gt;              
                    wikidata_link : http://www.wikidata.org/entity/Q41303282</description>
                <styleUrl>#34</styleUrl>
                <Point id="669">
                    <coordinates>11.01691,49.32938,0.0</coordinates>
                </Point>
            </Placemark>
            <Placemark id="672">
                <name>St. Maria Magdalena</name>
                <description>                    category  : church building &lt;br&gt;   
                    sitelinks : 2.0 &lt;br&gt;   
                    articleEN :  &lt;br&gt;             
                    articleDE : https://de.wikipedia.org/wiki/St._Maria_Magdalena_(Tennenlohe) &lt;br&gt;              
                    wikidata_link : http://www.wikidata.org/entity/Q41302744</description>
                <styleUrl>#34</styleUrl>
                <Point id="671">
                    <coordinates>11.029738,49.550188,0.0</coordinates>
                </Point>
            </Placemark>
            <Placemark id="674">
                <name>St.-Johannis-Kirche</name>
                <description>                    category  : church building &lt;br&gt;   
                    sitelinks : 2.0 &lt;br&gt;   
                    articleEN :  &lt;br&gt;             
                    articleDE : https://de.wikipedia.org/wiki/St._Johannes_der_T%C3%A4ufer_(Kriegenbrunn) &lt;br&gt;              
                    wikidata_link : http://www.wikidata.org/entity/Q41300281</description>
                <styleUrl>#34</styleUrl>
                <Point id="673">
                    <coordinates>10.952889,49.554698,0.0</coordinates>
                </Point>
            </Placemark>
            <Placemark id="676">
                <name>Egidienkirche</name>
                <description>                    category  : church building &lt;br&gt;   
                    sitelinks : 2.0 &lt;br&gt;   
                    articleEN :  &lt;br&gt;             
                    articleDE : https://de.wikipedia.org/wiki/St._Egidien_(Eltersdorf) &lt;br&gt;              
                    wikidata_link : http://www.wikidata.org/entity/Q41292402</description>
                <styleUrl>#34</styleUrl>
                <Point id="675">
                    <coordinates>10.989053,49.553539,0.0</coordinates>
                </Point>
            </Placemark>
            <Placemark id="678">
                <name>Rotes Schloss Heroldsberg</name>
                <description>                    category  : Schloss &lt;br&gt;   
                    sitelinks : 2.0 &lt;br&gt;   
                    articleEN :  &lt;br&gt;             
                    articleDE : https://de.wikipedia.org/wiki/Rotes_Schloss_(Heroldsberg) &lt;br&gt;              
                    wikidata_link : http://www.wikidata.org/entity/Q41370452</description>
                <styleUrl>#34</styleUrl>
                <Point id="677">
                    <coordinates>11.157403877402,49.535001387398,0.0</coordinates>
                </Point>
            </Placemark>
            <Placemark id="680">
                <name>Grünes Schloss</name>
                <description>                    category  : Schloss &lt;br&gt;   
                    sitelinks : 2.0 &lt;br&gt;   
                    articleEN :  &lt;br&gt;             
                    articleDE : https://de.wikipedia.org/wiki/Gr%C3%BCnes_Schloss_(Heroldsberg) &lt;br&gt;              
                    wikidata_link : http://www.wikidata.org/entity/Q41370404</description>
                <styleUrl>#34</styleUrl>
                <Point id="679">
                    <coordinates>11.157732360197,49.535727112353,0.0</coordinates>
                </Point>
            </Placemark>
            <Placemark id="682">
                <name>Weißes Schloss (Heroldsberg)</name>
                <description>                    category  : Schloss &lt;br&gt;   
                    sitelinks : 2.0 &lt;br&gt;   
                    articleEN :  &lt;br&gt;             
                    articleDE : https://de.wikipedia.org/wiki/Wei%C3%9Fes_Schloss_(Heroldsberg) &lt;br&gt;              
                    wikidata_link : http://www.wikidata.org/entity/Q41370402</description>
                <styleUrl>#34</styleUrl>
                <Point id="681">
                    <coordinates>11.15791,49.53603,0.0</coordinates>
                </Point>
            </Placemark>
            <Placemark id="684">
                <name>St. Matthäus (Heroldsberg)</name>
                <description>                    category  : church building &lt;br&gt;   
                    sitelinks : 2.0 &lt;br&gt;   
                    articleEN :  &lt;br&gt;             
                    articleDE : https://de.wikipedia.org/wiki/St._Matth%C3%A4us_(Heroldsberg) &lt;br&gt;              
                    wikidata_link : http://www.wikidata.org/entity/Q41370396</description>
                <styleUrl>#34</styleUrl>
                <Point id="683">
                    <coordinates>11.15842,49.5359,0.0</coordinates>
                </Point>
            </Placemark>
            <Placemark id="686">
                <name>Gelbes Schloss</name>
                <description>                    category  : Schloss &lt;br&gt;   
                    sitelinks : 2.0 &lt;br&gt;   
                    articleEN :  &lt;br&gt;             
                    articleDE : https://de.wikipedia.org/wiki/Gelbes_Schloss_(Heroldsberg) &lt;br&gt;              
                    wikidata_link : http://www.wikidata.org/entity/Q41370349</description>
                <styleUrl>#34</styleUrl>
                <Point id="685">
                    <coordinates>11.15979,49.53607,0.0</coordinates>
                </Point>
            </Placemark>
            <Placemark id="688">
                <name>Martin-Luther-Kirche</name>
                <description>                    category  : church building &lt;br&gt;   
                    sitelinks : 2.0 &lt;br&gt;   
                    articleEN :  &lt;br&gt;             
                    articleDE : https://de.wikipedia.org/wiki/Martin-Luther-Kirche_(Stein) &lt;br&gt;              
                    wikidata_link : http://www.wikidata.org/entity/Q41369862</description>
                <styleUrl>#34</styleUrl>
                <Point id="687">
                    <coordinates>11.015072243286,49.414367986714,0.0</coordinates>
                </Point>
            </Placemark>
            <Placemark id="690">
                <name>St. Katharina</name>
                <description>                    category  : parish church &lt;br&gt;   
                    sitelinks : 2.0 &lt;br&gt;   
                    articleEN :  &lt;br&gt;             
                    articleDE : https://de.wikipedia.org/wiki/St._Katharina_(Seukendorf) &lt;br&gt;              
                    wikidata_link : http://www.wikidata.org/entity/Q41366151</description>
                <styleUrl>#34</styleUrl>
                <Point id="689">
                    <coordinates>10.878347953275,49.486914623674,0.0</coordinates>
                </Point>
            </Placemark>
            <Placemark id="692">
                <name>Kohlersmühle</name>
                <description>                    category  : house &lt;br&gt;   
                    sitelinks : 2.0 &lt;br&gt;   
                    articleEN :  &lt;br&gt;             
                    articleDE : https://de.wikipedia.org/wiki/Kohlersm%C3%BChle &lt;br&gt;              
                    wikidata_link : http://www.wikidata.org/entity/Q41366142</description>
                <styleUrl>#34</styleUrl>
                <Point id="691">
                    <coordinates>10.8824,49.48305,0.0</coordinates>
                </Point>
            </Placemark>
            <Placemark id="694">
                <name>St. Ägidius</name>
                <description>                    category  : church building &lt;br&gt;   
                    sitelinks : 2.0 &lt;br&gt;   
                    articleEN :  &lt;br&gt;             
                    articleDE : https://de.wikipedia.org/wiki/St._%C3%84gidius_(Weitersdorf) &lt;br&gt;              
                    wikidata_link : http://www.wikidata.org/entity/Q41366128</description>
                <styleUrl>#34</styleUrl>
                <Point id="693">
                    <coordinates>10.910368,49.402781,0.0</coordinates>
                </Point>
            </Placemark>
            <Placemark id="696">
                <name>Heilig-Geist-Kirche</name>
                <description>                    category  : church building &lt;br&gt;   
                    sitelinks : 2.0 &lt;br&gt;   
                    articleEN :  &lt;br&gt;             
                    articleDE : https://de.wikipedia.org/wiki/Heilig-Geist-Kirche_(Obermichelbach) &lt;br&gt;              
                    wikidata_link : http://www.wikidata.org/entity/Q41365969</description>
                <styleUrl>#34</styleUrl>
                <Point id="695">
                    <coordinates>10.909015743931,49.531638114993,0.0</coordinates>
                </Point>
            </Placemark>
            <Placemark id="698">
                <name>St. Lorenz</name>
                <description>                    category  : church building &lt;br&gt;   
                    sitelinks : 2.0 &lt;br&gt;   
                    articleEN :  &lt;br&gt;             
                    articleDE : https://de.wikipedia.org/wiki/St._Lorenz_(Oberasbach) &lt;br&gt;              
                    wikidata_link : http://www.wikidata.org/entity/Q41365951</description>
                <styleUrl>#34</styleUrl>
                <Point id="697">
                    <coordinates>10.958317193706,49.421802427593,0.0</coordinates>
                </Point>
            </Placemark>
            <Placemark id="700">
                <name>Former moated castle</name>
                <description>                    category  : Schloss &lt;br&gt;   
                    sitelinks : 2.0 &lt;br&gt;   
                    articleEN :  &lt;br&gt;             
                    articleDE : https://de.wikipedia.org/wiki/Wasserschloss_Wolkersdorf &lt;br&gt;              
                    wikidata_link : http://www.wikidata.org/entity/Q41303723</description>
                <styleUrl>#34</styleUrl>
                <Point id="699">
                    <coordinates>11.019923,49.361551,0.0</coordinates>
                </Point>
            </Placemark>
            <Placemark id="702">
                <name>St. Georg</name>
                <description>                    category  : church building &lt;br&gt;   
                    sitelinks : 2.0 &lt;br&gt;   
                    articleEN :  &lt;br&gt;             
                    articleDE : https://de.wikipedia.org/wiki/St._Georg_(Dietersdorf) &lt;br&gt;              
                    wikidata_link : http://www.wikidata.org/entity/Q41303676</description>
                <styleUrl>#34</styleUrl>
                <Point id="701">
                    <coordinates>11.000375,49.366391,0.0</coordinates>
                </Point>
            </Placemark>
            <Placemark id="704">
                <name>Pirckheimer-Gymnasium Nürnberg</name>
                <description>                    category  : architectural heritage monument &lt;br&gt;   
                    sitelinks : 2.0 &lt;br&gt;   
                    articleEN :  &lt;br&gt;             
                    articleDE : https://de.wikipedia.org/wiki/Pirckheimer-Gymnasium_N%C3%BCrnberg &lt;br&gt;              
                    wikidata_link : http://www.wikidata.org/entity/Q41427695</description>
                <styleUrl>#34</styleUrl>
                <Point id="703">
                    <coordinates>11.06734,49.43125,0.0</coordinates>
                </Point>
            </Placemark>
            <Placemark id="706">
                <name>Christuskirche</name>
                <description>                    category  : parish church &lt;br&gt;   
                    sitelinks : 2.0 &lt;br&gt;   
                    articleEN :  &lt;br&gt;             
                    articleDE : https://de.wikipedia.org/wiki/Christuskirche_(N%C3%BCrnberg) &lt;br&gt;              
                    wikidata_link : http://www.wikidata.org/entity/Q41427682</description>
                <styleUrl>#34</styleUrl>
                <Point id="705">
                    <coordinates>11.07574,49.44014,0.0</coordinates>
                </Point>
            </Placemark>
            <Placemark id="708">
                <name>Karl-Bröger-Straße 9</name>
                <description>                    category  : office building &lt;br&gt;   
                    sitelinks : 2.0 &lt;br&gt;   
                    articleEN :  &lt;br&gt;             
                    articleDE : https://de.wikipedia.org/wiki/Karl-Br%C3%B6ger-Haus &lt;br&gt;              
                    wikidata_link : http://www.wikidata.org/entity/Q41427616</description>
                <styleUrl>#34</styleUrl>
                <Point id="707">
                    <coordinates>11.07863,49.44365,0.0</coordinates>
                </Point>
            </Placemark>
            <Placemark id="710">
                <name>Schloss Steinach</name>
                <description>                    category  : Schloss &lt;br&gt;   
                    sitelinks : 2.0 &lt;br&gt;   
                    articleEN :  &lt;br&gt;             
                    articleDE : https://de.wikipedia.org/wiki/Schloss_Steinach_(F%C3%BCrth-Steinach) &lt;br&gt;              
                    wikidata_link : http://www.wikidata.org/entity/Q41419358</description>
                <styleUrl>#34</styleUrl>
                <Point id="709">
                    <coordinates>10.995087,49.514662,0.0</coordinates>
                </Point>
            </Placemark>
            <Placemark id="712">
                <name>Q41419346</name>
                <description>                    category  : Gasthaus &lt;br&gt;   
                    sitelinks : 2.0 &lt;br&gt;   
                    articleEN :  &lt;br&gt;             
                    articleDE : https://de.wikipedia.org/wiki/Unterfarrnbacher_Stra%C3%9Fe_174 &lt;br&gt;              
                    wikidata_link : http://www.wikidata.org/entity/Q41419346</description>
                <styleUrl>#34</styleUrl>
                <Point id="711">
                    <coordinates>10.95258,49.49107,0.0</coordinates>
                </Point>
            </Placemark>
            <Placemark id="714">
                <name>St. Matthäus</name>
                <description>                    category  : church building &lt;br&gt;   
                    sitelinks : 2.0 &lt;br&gt;   
                    articleEN :  &lt;br&gt;             
                    articleDE : https://de.wikipedia.org/wiki/St._Matth%C3%A4us_(Vach) &lt;br&gt;              
                    wikidata_link : http://www.wikidata.org/entity/Q41419334</description>
                <styleUrl>#34</styleUrl>
                <Point id="713">
                    <coordinates>10.968573,49.526912,0.0</coordinates>
                </Point>
            </Placemark>
            <Placemark id="716">
                <name>Reformation Memorial Church</name>
                <description>                    category  : parish church &lt;br&gt;   
                    sitelinks : 2.0 &lt;br&gt;   
                    articleEN :  &lt;br&gt;             
                    articleDE : https://de.wikipedia.org/wiki/Reformations-Ged%C3%A4chtnis-Kirche_(N%C3%BCrnberg) &lt;br&gt;              
                    wikidata_link : http://www.wikidata.org/entity/Q41413566</description>
                <styleUrl>#34</styleUrl>
                <Point id="715">
                    <coordinates>11.09544,49.46369,0.0</coordinates>
                </Point>
            </Placemark>
            <Placemark id="718">
                <name>St. Bartholomäus</name>
                <description>                    category  : church building &lt;br&gt;   
                    sitelinks : 2.0 &lt;br&gt;   
                    articleEN :  &lt;br&gt;             
                    articleDE : https://de.wikipedia.org/wiki/St._Bartholom%C3%A4us_(N%C3%BCrnberg-W%C3%B6hrd) &lt;br&gt;              
                    wikidata_link : http://www.wikidata.org/entity/Q41413558</description>
                <styleUrl>#34</styleUrl>
                <Point id="717">
                    <coordinates>11.09589,49.45423,0.0</coordinates>
                </Point>
            </Placemark>
            <Placemark id="720">
                <name>Erlöserkirche (Leyh)</name>
                <description>                    category  : church building &lt;br&gt;   
                    sitelinks : 2.0 &lt;br&gt;   
                    articleEN :  &lt;br&gt;             
                    articleDE : https://de.wikipedia.org/wiki/Erl%C3%B6serkirche_(Leyh) &lt;br&gt;              
                    wikidata_link : http://www.wikidata.org/entity/Q41411467</description>
                <styleUrl>#34</styleUrl>
                <Point id="719">
                    <coordinates>11.01653,49.45567,0.0</coordinates>
                </Point>
            </Placemark>
            <Placemark id="722">
                <name>St. Stephanus</name>
                <description>                    category  : church building &lt;br&gt;   
                    sitelinks : 2.0 &lt;br&gt;   
                    articleEN :  &lt;br&gt;             
                    articleDE : https://de.wikipedia.org/wiki/St._Stephanus_(Gebersdorf) &lt;br&gt;              
                    wikidata_link : http://www.wikidata.org/entity/Q41411441</description>
                <styleUrl>#34</styleUrl>
                <Point id="721">
                    <coordinates>11.0047,49.42811,0.0</coordinates>
                </Point>
            </Placemark>
            <Placemark id="724">
                <name>Kirchenberg 15</name>
                <description>                    category  : parish church &lt;br&gt;   
                    sitelinks : 2.0 &lt;br&gt;   
                    articleEN :  &lt;br&gt;             
                    articleDE : https://de.wikipedia.org/wiki/St._Nikolaus_und_Ulrich_(M%C3%B6geldorf) &lt;br&gt;              
                    wikidata_link : http://www.wikidata.org/entity/Q41410659</description>
                <styleUrl>#34</styleUrl>
                <Point id="723">
                    <coordinates>11.13224,49.4625,0.0</coordinates>
                </Point>
            </Placemark>
            <Placemark id="726">
                <name>Miqveh in Fürth</name>
                <description>                    category  : architectural structure &lt;br&gt;   
                    sitelinks : 2.0 &lt;br&gt;   
                    articleEN :  &lt;br&gt;             
                    articleDE : https://de.wikipedia.org/wiki/Mikwe_K%C3%B6nigstra%C3%9Fe_89_(F%C3%BCrth) &lt;br&gt;              
                    wikidata_link : http://www.wikidata.org/entity/Q23009709</description>
                <styleUrl>#34</styleUrl>
                <Point id="725">
                    <coordinates>10.990373,49.477094,0.0</coordinates>
                </Point>
            </Placemark>
            <Placemark id="728">
                <name>Bionicum</name>
                <description>                    category  : visitor center &lt;br&gt;   
                    sitelinks : 2.0 &lt;br&gt;   
                    articleEN :  &lt;br&gt;             
                    articleDE : https://de.wikipedia.org/wiki/Bionicum &lt;br&gt;              
                    wikidata_link : http://www.wikidata.org/entity/Q22965403</description>
                <styleUrl>#34</styleUrl>
                <Point id="727">
                    <coordinates>11.140124,49.45027,0.0</coordinates>
                </Point>
            </Placemark>
            <Placemark id="730">
                <name>Heimatmuseum Stein</name>
                <description>                    category  : local museum &lt;br&gt;   
                    sitelinks : 2.0 &lt;br&gt;   
                    articleEN :  &lt;br&gt;             
                    articleDE : https://de.wikipedia.org/wiki/Heimatmuseum_Stein_(Mittelfranken) &lt;br&gt;              
                    wikidata_link : http://www.wikidata.org/entity/Q21403258</description>
                <styleUrl>#34</styleUrl>
                <Point id="729">
                    <coordinates>11.0175,49.4157,0.0</coordinates>
                </Point>
            </Placemark>
            <Placemark id="732">
                <name>Trauerhalle</name>
                <description>                    category  : morgue &lt;br&gt;   
                    sitelinks : 2.0 &lt;br&gt;   
                    articleEN :  &lt;br&gt;             
                    articleDE : https://de.wikipedia.org/wiki/Trauerhalle_(Neuer_J%C3%BCdischer_Friedhof_F%C3%BCrth) &lt;br&gt;              
                    wikidata_link : http://www.wikidata.org/entity/Q21051911</description>
                <styleUrl>#34</styleUrl>
                <Point id="731">
                    <coordinates>10.993823424484,49.487383988048,0.0</coordinates>
                </Point>
            </Placemark>
            <Placemark id="734">
                <name>Ludwigshöhe</name>
                <description>                    category  : Ortsteil &lt;br&gt;   
                    sitelinks : 2.0 &lt;br&gt;   
                    articleEN :  &lt;br&gt;             
                    articleDE : https://de.wikipedia.org/wiki/Ludwigsh%C3%B6he_(R%C3%BCckersdorf) &lt;br&gt;              
                    wikidata_link : http://www.wikidata.org/entity/Q21039784</description>
                <styleUrl>#34</styleUrl>
                <Point id="733">
                    <coordinates>11.24608707,49.5030098,0.0</coordinates>
                </Point>
            </Placemark>
            <Placemark id="736">
                <name>Strengenberg</name>
                <description>                    category  : Ortsteil &lt;br&gt;   
                    sitelinks : 2.0 &lt;br&gt;   
                    articleEN :  &lt;br&gt;             
                    articleDE : https://de.wikipedia.org/wiki/Strengenberg &lt;br&gt;              
                    wikidata_link : http://www.wikidata.org/entity/Q21039786</description>
                <styleUrl>#34</styleUrl>
                <Point id="735">
                    <coordinates>11.25717685,49.50370186,0.0</coordinates>
                </Point>
            </Placemark>
            <Placemark id="738">
                <name>Königstraße 17</name>
                <description>                    category  : building &lt;br&gt;   
                    sitelinks : 2.0 &lt;br&gt;   
                    articleEN :  &lt;br&gt;             
                    articleDE : https://de.wikipedia.org/wiki/K%C3%B6nigstra%C3%9Fe_17_(F%C3%BCrth) &lt;br&gt;              
                    wikidata_link : http://www.wikidata.org/entity/Q21036644</description>
                <styleUrl>#34</styleUrl>
                <Point id="737">
                    <coordinates>10.98476219,49.4799881,0.0</coordinates>
                </Point>
            </Placemark>
            <Placemark id="740">
                <name>Städtisches Museum Zirndorf</name>
                <description>                    category  : toy museum &lt;br&gt;   
                    sitelinks : 2.0 &lt;br&gt;   
                    articleEN :  &lt;br&gt;             
                    articleDE : https://de.wikipedia.org/wiki/St%C3%A4dtisches_Museum_Zirndorf &lt;br&gt;              
                    wikidata_link : http://www.wikidata.org/entity/Q21035630</description>
                <styleUrl>#34</styleUrl>
                <Point id="739">
                    <coordinates>10.956174,49.44126,0.0</coordinates>
                </Point>
            </Placemark>
            <Placemark id="742">
                <name>Boxlohe 18 (Schwabach)</name>
                <description>                    category  : architectural structure &lt;br&gt;   
                    sitelinks : 2.0 &lt;br&gt;   
                    articleEN :  &lt;br&gt;             
                    articleDE : https://de.wikipedia.org/wiki/Zinkburg &lt;br&gt;              
                    wikidata_link : http://www.wikidata.org/entity/Q21011170</description>
                <styleUrl>#34</styleUrl>
                <Point id="741">
                    <coordinates>11.01679516,49.3298912,0.0</coordinates>
                </Point>
            </Placemark>
            <Placemark id="744">
                <name>Königstraße 27 (Fürth)</name>
                <description>                    category  : architectural structure &lt;br&gt;   
                    sitelinks : 2.0 &lt;br&gt;   
                    articleEN :  &lt;br&gt;             
                    articleDE : https://de.wikipedia.org/wiki/K%C3%B6nigstra%C3%9Fe_27_(F%C3%BCrth) &lt;br&gt;              
                    wikidata_link : http://www.wikidata.org/entity/Q20978841</description>
                <styleUrl>#34</styleUrl>
                <Point id="743">
                    <coordinates>10.985370654688,49.479930141056,0.0</coordinates>
                </Point>
            </Placemark>
            <Placemark id="746">
                <name>Tauchersreuth</name>
                <description>                    category  : Ortsteil &lt;br&gt;   
                    sitelinks : 2.0 &lt;br&gt;   
                    articleEN :  &lt;br&gt;             
                    articleDE : https://de.wikipedia.org/wiki/Tauchersreuth &lt;br&gt;              
                    wikidata_link : http://www.wikidata.org/entity/Q20826939</description>
                <styleUrl>#34</styleUrl>
                <Point id="745">
                    <coordinates>11.20731,49.54639,0.0</coordinates>
                </Point>
            </Placemark>
            <Placemark id="748">
                <name>Hohe Marter</name>
                <description>                    category  : Q28538792 &lt;br&gt;   
                    sitelinks : 2.0 &lt;br&gt;   
                    articleEN :  &lt;br&gt;             
                    articleDE : https://de.wikipedia.org/wiki/Hohe_Marter &lt;br&gt;              
                    wikidata_link : http://www.wikidata.org/entity/Q20826875</description>
                <styleUrl>#34</styleUrl>
                <Point id="747">
                    <coordinates>11.06741,49.43302,0.0</coordinates>
                </Point>
            </Placemark>
            <Placemark id="750">
                <name>Burg Brunn</name>
                <description>                    category  : deserted castle site &lt;br&gt;   
                    sitelinks : 2.0 &lt;br&gt;   
                    articleEN :  &lt;br&gt;             
                    articleDE : https://de.wikipedia.org/wiki/Burg_Brunn &lt;br&gt;              
                    wikidata_link : http://www.wikidata.org/entity/Q20754319</description>
                <styleUrl>#34</styleUrl>
                <Point id="749">
                    <coordinates>11.24689,49.43612,0.0</coordinates>
                </Point>
            </Placemark>
            <Placemark id="752">
                <name>Q20191189</name>
                <description>                    category  : still waters &lt;br&gt;   
                    sitelinks : 2.0 &lt;br&gt;   
                    articleEN :  &lt;br&gt;             
                    articleDE : https://de.wikipedia.org/wiki/Pulversee &lt;br&gt;              
                    wikidata_link : http://www.wikidata.org/entity/Q20191189</description>
                <styleUrl>#34</styleUrl>
                <Point id="751">
                    <coordinates>11.11029,49.45617,0.0</coordinates>
                </Point>
            </Placemark>
            <Placemark id="754">
                <name>Zollhaus</name>
                <description>                    category  : Ortsteil &lt;br&gt;   
                    sitelinks : 2.0 &lt;br&gt;   
                    articleEN :  &lt;br&gt;             
                    articleDE : https://de.wikipedia.org/wiki/Zollhaus_(N%C3%BCrnberg) &lt;br&gt;              
                    wikidata_link : http://www.wikidata.org/entity/Q20080435</description>
                <styleUrl>#34</styleUrl>
                <Point id="753">
                    <coordinates>11.128534,49.390937,0.0</coordinates>
                </Point>
            </Placemark>
            <Placemark id="756">
                <name>Wasserwerk</name>
                <description>                    category  : Q28538792 &lt;br&gt;   
                    sitelinks : 2.0 &lt;br&gt;   
                    articleEN :  &lt;br&gt;             
                    articleDE : https://de.wikipedia.org/wiki/Wasserwerk_(N%C3%BCrnberg) &lt;br&gt;              
                    wikidata_link : http://www.wikidata.org/entity/Q19965066</description>
                <styleUrl>#34</styleUrl>
                <Point id="755">
                    <coordinates>11.161373,49.472765,0.0</coordinates>
                </Point>
            </Placemark>
            <Placemark id="758">
                <name>Uhlandstraße (Nürnberg)</name>
                <description>                    category  : street &lt;br&gt;   
                    sitelinks : 2.0 &lt;br&gt;   
                    articleEN :  &lt;br&gt;             
                    articleDE : https://de.wikipedia.org/wiki/Uhlandstra%C3%9Fe_(N%C3%BCrnberg) &lt;br&gt;              
                    wikidata_link : http://www.wikidata.org/entity/Q19964982</description>
                <styleUrl>#34</styleUrl>
                <Point id="757">
                    <coordinates>11.076032,49.465682,0.0</coordinates>
                </Point>
            </Placemark>
            <Placemark id="760">
                <name>Kettelersiedlung</name>
                <description>                    category  : Q28538792 &lt;br&gt;   
                    sitelinks : 2.0 &lt;br&gt;   
                    articleEN :  &lt;br&gt;             
                    articleDE : https://de.wikipedia.org/wiki/Trierer_Stra%C3%9Fe_(N%C3%BCrnberg) &lt;br&gt;              
                    wikidata_link : http://www.wikidata.org/entity/Q19964916</description>
                <styleUrl>#34</styleUrl>
                <Point id="759">
                    <coordinates>11.0998,49.400278,0.0</coordinates>
                </Point>
            </Placemark>
            <Placemark id="762">
                <name>Schmausenbuckstraße</name>
                <description>                    category  : Q28538792 &lt;br&gt;   
                    sitelinks : 2.0 &lt;br&gt;   
                    articleEN :  &lt;br&gt;             
                    articleDE : https://de.wikipedia.org/wiki/Schmausenbuckstra%C3%9Fe &lt;br&gt;              
                    wikidata_link : http://www.wikidata.org/entity/Q19964604</description>
                <styleUrl>#34</styleUrl>
                <Point id="761">
                    <coordinates>11.135812,49.456433,0.0</coordinates>
                </Point>
            </Placemark>
            <Placemark id="764">
                <name>Rangierbahnhof</name>
                <description>                    category  : Q28538792 &lt;br&gt;   
                    sitelinks : 2.0 &lt;br&gt;   
                    articleEN :  &lt;br&gt;             
                    articleDE : https://de.wikipedia.org/wiki/Rangierbahnhof_(N%C3%BCrnberg) &lt;br&gt;              
                    wikidata_link : http://www.wikidata.org/entity/Q19964264</description>
                <styleUrl>#34</styleUrl>
                <Point id="763">
                    <coordinates>11.10555556,49.41527778,0.0</coordinates>
                </Point>
            </Placemark>
            <Placemark id="766">
                <name>Fürth river port</name>
                <description>                    category  : river ferry pier &lt;br&gt;   
                    sitelinks : 2.0 &lt;br&gt;   
                    articleEN :  &lt;br&gt;             
                    articleDE : https://de.wikipedia.org/wiki/Hafen_F%C3%BCrth &lt;br&gt;              
                    wikidata_link : http://www.wikidata.org/entity/Q19963795</description>
                <styleUrl>#34</styleUrl>
                <Point id="765">
                    <coordinates>10.95291042,49.49971008,0.0</coordinates>
                </Point>
            </Placemark>
            <Placemark id="768">
                <name>Kohlbuck</name>
                <description>                    category  : Ortsteil &lt;br&gt;   
                    sitelinks : 2.0 &lt;br&gt;   
                    articleEN :  &lt;br&gt;             
                    articleDE : https://de.wikipedia.org/wiki/Kohlbuck &lt;br&gt;              
                    wikidata_link : http://www.wikidata.org/entity/Q19963767</description>
                <styleUrl>#34</styleUrl>
                <Point id="767">
                    <coordinates>11.138772,49.477175,0.0</coordinates>
                </Point>
            </Placemark>
            <Placemark id="770">
                <name>Katzwanger Straße</name>
                <description>                    category  : Q28538792 &lt;br&gt;   
                    sitelinks : 2.0 &lt;br&gt;   
                    articleEN :  &lt;br&gt;             
                    articleDE : https://de.wikipedia.org/wiki/Katzwanger_Stra%C3%9Fe_(N%C3%BCrnberg) &lt;br&gt;              
                    wikidata_link : http://www.wikidata.org/entity/Q19963737</description>
                <styleUrl>#34</styleUrl>
                <Point id="769">
                    <coordinates>11.07776737,49.42576981,0.0</coordinates>
                </Point>
            </Placemark>
            <Placemark id="772">
                <name>Hermann-Kesten-Kolleg</name>
                <description>                    category  : Kolleg &lt;br&gt;   
                    sitelinks : 2.0 &lt;br&gt;   
                    articleEN :  &lt;br&gt;             
                    articleDE : https://de.wikipedia.org/wiki/Hermann-Kesten-Kolleg &lt;br&gt;              
                    wikidata_link : http://www.wikidata.org/entity/Q19963258</description>
                <styleUrl>#34</styleUrl>
                <Point id="771">
                    <coordinates>11.03345013,49.45963669,0.0</coordinates>
                </Point>
            </Placemark>
            <Placemark id="774">
                <name>Gewerbepark Nürnberg-Feucht-Wendelstein</name>
                <description>                    category  : business park &lt;br&gt;   
                    sitelinks : 2.0 &lt;br&gt;   
                    articleEN :  &lt;br&gt;             
                    articleDE : https://de.wikipedia.org/wiki/Gewerbepark_N%C3%BCrnberg-Feucht &lt;br&gt;              
                    wikidata_link : http://www.wikidata.org/entity/Q19963192</description>
                <styleUrl>#34</styleUrl>
                <Point id="773">
                    <coordinates>11.176033,49.389518,0.0</coordinates>
                </Point>
            </Placemark>
            <Placemark id="776">
                <name>Dutzendteich</name>
                <description>                    category  : Q28538792 &lt;br&gt;   
                    sitelinks : 2.0 &lt;br&gt;   
                    articleEN :  &lt;br&gt;             
                    articleDE : https://de.wikipedia.org/wiki/Dutzendteich_(N%C3%BCrnberg) &lt;br&gt;              
                    wikidata_link : http://www.wikidata.org/entity/Q19962259</description>
                <styleUrl>#34</styleUrl>
                <Point id="775">
                    <coordinates>11.114106,49.427675,0.0</coordinates>
                </Point>
            </Placemark>
            <Placemark id="778">
                <name>Dianastraße</name>
                <description>                    category  : Q28538792 &lt;br&gt;   
                    sitelinks : 2.0 &lt;br&gt;   
                    articleEN :  &lt;br&gt;             
                    articleDE : https://de.wikipedia.org/wiki/Dianastra%C3%9Fe_(N%C3%BCrnberg) &lt;br&gt;              
                    wikidata_link : http://www.wikidata.org/entity/Q19962209</description>
                <styleUrl>#34</styleUrl>
                <Point id="777">
                    <coordinates>11.068616,49.425559,0.0</coordinates>
                </Point>
            </Placemark>
            <Placemark id="780">
                <name>Pfarrkirche Hl. Familie</name>
                <description>                    category  : church building &lt;br&gt;   
                    sitelinks : 2.0 &lt;br&gt;   
                    articleEN :  &lt;br&gt;             
                    articleDE : https://de.wikipedia.org/wiki/Heilige_Familie_(N%C3%BCrnberg) &lt;br&gt;              
                    wikidata_link : http://www.wikidata.org/entity/Q41411369</description>
                <styleUrl>#34</styleUrl>
                <Point id="779">
                    <coordinates>11.03491,49.38308,0.0</coordinates>
                </Point>
            </Placemark>
            <Placemark id="782">
                <name>Fritz-Weidner-Straße 1</name>
                <description>                    category  : inn &lt;br&gt;   
                    sitelinks : 2.0 &lt;br&gt;   
                    articleEN :  &lt;br&gt;             
                    articleDE : https://de.wikipedia.org/wiki/Schwarzer_Adler_Eibach_(N%C3%BCrnberg) &lt;br&gt;              
                    wikidata_link : http://www.wikidata.org/entity/Q41411352</description>
                <styleUrl>#34</styleUrl>
                <Point id="781">
                    <coordinates>11.03547,49.4019,0.0</coordinates>
                </Point>
            </Placemark>
            <Placemark id="784">
                <name>St. Johannes Baptist</name>
                <description>                    category  : church building &lt;br&gt;   
                    sitelinks : 2.0 &lt;br&gt;   
                    articleEN :  &lt;br&gt;             
                    articleDE : https://de.wikipedia.org/wiki/St._Johannes_Baptist_(Eibach) &lt;br&gt;              
                    wikidata_link : http://www.wikidata.org/entity/Q41411345</description>
                <styleUrl>#34</styleUrl>
                <Point id="783">
                    <coordinates>11.03578,49.40293,0.0</coordinates>
                </Point>
            </Placemark>
            <Placemark id="786">
                <name>St. Nikolaus</name>
                <description>                    category  : church building &lt;br&gt;   
                    sitelinks : 2.0 &lt;br&gt;   
                    articleEN :  &lt;br&gt;             
                    articleDE : https://de.wikipedia.org/wiki/St._Nikolaus_(Kornburg) &lt;br&gt;              
                    wikidata_link : http://www.wikidata.org/entity/Q41411294</description>
                <styleUrl>#34</styleUrl>
                <Point id="785">
                    <coordinates>11.09983,49.35521,0.0</coordinates>
                </Point>
            </Placemark>
            <Placemark id="788">
                <name>Q41411279</name>
                <description>                    category  : house &lt;br&gt;   
                    sitelinks : 2.0 &lt;br&gt;   
                    articleEN :  &lt;br&gt;             
                    articleDE : https://de.wikipedia.org/wiki/Seckendorff-Eggloffstein%E2%80%99sches_Freihaus &lt;br&gt;              
                    wikidata_link : http://www.wikidata.org/entity/Q41411279</description>
                <styleUrl>#34</styleUrl>
                <Point id="787">
                    <coordinates>11.098691,49.356053,0.0</coordinates>
                </Point>
            </Placemark>
            <Placemark id="790">
                <name>Bielingplatz</name>
                <description>                    category  : Q28538792 &lt;br&gt;   
                    sitelinks : 2.0 &lt;br&gt;   
                    articleEN :  &lt;br&gt;             
                    articleDE : https://de.wikipedia.org/wiki/Bielingplatz_(N%C3%BCrnberg) &lt;br&gt;              
                    wikidata_link : http://www.wikidata.org/entity/Q19962066</description>
                <styleUrl>#34</styleUrl>
                <Point id="789">
                    <coordinates>11.06397,49.464739,0.0</coordinates>
                </Point>
            </Placemark>
            <Placemark id="792">
                <name>Altenfurt Nord</name>
                <description>                    category  : Q28538792 &lt;br&gt;   
                    sitelinks : 2.0 &lt;br&gt;   
                    articleEN :  &lt;br&gt;             
                    articleDE : https://de.wikipedia.org/wiki/Altenfurt_Nord &lt;br&gt;              
                    wikidata_link : http://www.wikidata.org/entity/Q19962023</description>
                <styleUrl>#34</styleUrl>
                <Point id="791">
                    <coordinates>11.167578,49.411553,0.0</coordinates>
                </Point>
            </Placemark>
            <Placemark id="794">
                <name>Pellerschloss</name>
                <description>                    category  : timber-framed house &lt;br&gt;   
                    sitelinks : 2.0 &lt;br&gt;   
                    articleEN :  &lt;br&gt;             
                    articleDE : https://de.wikipedia.org/wiki/Pellerschloss &lt;br&gt;              
                    wikidata_link : http://www.wikidata.org/entity/Q19819007</description>
                <styleUrl>#34</styleUrl>
                <Point id="793">
                    <coordinates>11.192177922602,49.421034517341,0.0</coordinates>
                </Point>
            </Placemark>
            <Placemark id="796">
                <name>Q19787600</name>
                <description>                    category  : architectural structure &lt;br&gt;   
                    sitelinks : 2.0 &lt;br&gt;   
                    articleEN :  &lt;br&gt;             
                    articleDE : https://de.wikipedia.org/wiki/Kleingeschaidt_33 &lt;br&gt;              
                    wikidata_link : http://www.wikidata.org/entity/Q19787600</description>
                <styleUrl>#34</styleUrl>
                <Point id="795">
                    <coordinates>11.18301964,49.55776978,0.0</coordinates>
                </Point>
            </Placemark>
            <Placemark id="798">
                <name>Kirchenzentrum Langwasser</name>
                <description>                    category  : organization &lt;br&gt;   
                    sitelinks : 2.0 &lt;br&gt;   
                    articleEN :  &lt;br&gt;             
                    articleDE : https://de.wikipedia.org/wiki/Kirchenzentrum_Langwasser &lt;br&gt;              
                    wikidata_link : http://www.wikidata.org/entity/Q19756076</description>
                <styleUrl>#34</styleUrl>
                <Point id="797">
                    <coordinates>11.127801,49.413722,0.0</coordinates>
                </Point>
            </Placemark>
            <Placemark id="800">
                <name>Musikzentrale</name>
                <description>                    category  : officially recognised youth welfare service &lt;br&gt;   
                    sitelinks : 2.0 &lt;br&gt;   
                    articleEN :  &lt;br&gt;             
                    articleDE : https://de.wikipedia.org/wiki/Musikzentrale_(N%C3%BCrnberg) &lt;br&gt;              
                    wikidata_link : http://www.wikidata.org/entity/Q19594825</description>
                <styleUrl>#34</styleUrl>
                <Point id="799">
                    <coordinates>11.05578041,49.45051956,0.0</coordinates>
                </Point>
            </Placemark>
            <Placemark id="802">
                <name>Trümmerbahn Nürnberg</name>
                <description>                    category  : railway line &lt;br&gt;   
                    sitelinks : 2.0 &lt;br&gt;   
                    articleEN :  &lt;br&gt;             
                    articleDE : https://de.wikipedia.org/wiki/Tr%C3%BCmmerbahn_N%C3%BCrnberg &lt;br&gt;              
                    wikidata_link : http://www.wikidata.org/entity/Q19310215</description>
                <styleUrl>#34</styleUrl>
                <Point id="801">
                    <coordinates>11.15785,49.429961111111,0.0</coordinates>
                </Point>
            </Placemark>
            <Placemark id="804">
                <name>Schwarzach bei Schwabach</name>
                <description>                    category  : Ortsteil &lt;br&gt;   
                    sitelinks : 2.0 &lt;br&gt;   
                    articleEN :  &lt;br&gt;             
                    articleDE : https://de.wikipedia.org/wiki/Schwarzach_bei_Schwabach &lt;br&gt;              
                    wikidata_link : http://www.wikidata.org/entity/Q19308844</description>
                <styleUrl>#34</styleUrl>
                <Point id="803">
                    <coordinates>11.06700039,49.33300018,0.0</coordinates>
                </Point>
            </Placemark>
            <Placemark id="806">
                <name>Russenwiese</name>
                <description>                    category  : meadow &lt;br&gt;   
                    sitelinks : 2.0 &lt;br&gt;   
                    articleEN :  &lt;br&gt;             
                    articleDE : https://de.wikipedia.org/wiki/Russenwiese &lt;br&gt;              
                    wikidata_link : http://www.wikidata.org/entity/Q19299497</description>
                <styleUrl>#34</styleUrl>
                <Point id="805">
                    <coordinates>11.14634,49.43181,0.0</coordinates>
                </Point>
            </Placemark>
            <Placemark id="808">
                <name>Neuses</name>
                <description>                    category  : Ortsteil &lt;br&gt;   
                    sitelinks : 2.0 &lt;br&gt;   
                    articleEN :  &lt;br&gt;             
                    articleDE : https://de.wikipedia.org/wiki/Neuses_(Wendelstein) &lt;br&gt;              
                    wikidata_link : http://www.wikidata.org/entity/Q19297212</description>
                <styleUrl>#34</styleUrl>
                <Point id="807">
                    <coordinates>11.08849,49.33494,0.0</coordinates>
                </Point>
            </Placemark>
            <Placemark id="810">
                <name>Königshammer</name>
                <description>                    category  : Ortsteil &lt;br&gt;   
                    sitelinks : 2.0 &lt;br&gt;   
                    articleEN :  &lt;br&gt;             
                    articleDE : https://de.wikipedia.org/wiki/K%C3%B6nigshammer &lt;br&gt;              
                    wikidata_link : http://www.wikidata.org/entity/Q19288617</description>
                <styleUrl>#34</styleUrl>
                <Point id="809">
                    <coordinates>11.10453,49.33906,0.0</coordinates>
                </Point>
            </Placemark>
            <Placemark id="812">
                <name>Kleinschwarzenlohe</name>
                <description>                    category  : Ortsteil &lt;br&gt;   
                    sitelinks : 2.0 &lt;br&gt;   
                    articleEN :  &lt;br&gt;             
                    articleDE : https://de.wikipedia.org/wiki/Kleinschwarzenlohe &lt;br&gt;              
                    wikidata_link : http://www.wikidata.org/entity/Q19288048</description>
                <styleUrl>#34</styleUrl>
                <Point id="811">
                    <coordinates>11.10825,49.34752,0.0</coordinates>
                </Point>
            </Placemark>
            <Placemark id="814">
                <name>Gugelstraße</name>
                <description>                    category  : Q28538792 &lt;br&gt;   
                    sitelinks : 2.0 &lt;br&gt;   
                    articleEN :  &lt;br&gt;             
                    articleDE : https://de.wikipedia.org/wiki/Gugelstra%C3%9Fe &lt;br&gt;              
                    wikidata_link : http://www.wikidata.org/entity/Q19284460</description>
                <styleUrl>#34</styleUrl>
                <Point id="813">
                    <coordinates>11.07600021,49.43470001,0.0</coordinates>
                </Point>
            </Placemark>
            <Placemark id="816">
                <name>Gugelhammer</name>
                <description>                    category  : Ortsteil &lt;br&gt;   
                    sitelinks : 2.0 &lt;br&gt;   
                    articleEN :  &lt;br&gt;             
                    articleDE : https://de.wikipedia.org/wiki/Gugelhammer &lt;br&gt;              
                    wikidata_link : http://www.wikidata.org/entity/Q19284459</description>
                <styleUrl>#34</styleUrl>
                <Point id="815">
                    <coordinates>11.18055556,49.36333333,0.0</coordinates>
                </Point>
            </Placemark>
            <Placemark id="818">
                <name>Erichmühle</name>
                <description>                    category  : Ortsteil &lt;br&gt;   
                    sitelinks : 2.0 &lt;br&gt;   
                    articleEN :  &lt;br&gt;             
                    articleDE : https://de.wikipedia.org/wiki/Erichm%C3%BChle &lt;br&gt;              
                    wikidata_link : http://www.wikidata.org/entity/Q19279236</description>
                <styleUrl>#34</styleUrl>
                <Point id="817">
                    <coordinates>11.11061954,49.34284973,0.0</coordinates>
                </Point>
            </Placemark>
            <Placemark id="820">
                <name>Villa Chillingworth</name>
                <description>                    category  : building &lt;br&gt;   
                    sitelinks : 2.0 &lt;br&gt;   
                    articleEN :  &lt;br&gt;             
                    articleDE : https://de.wikipedia.org/wiki/Villa_Chillingworth &lt;br&gt;              
                    wikidata_link : http://www.wikidata.org/entity/Q19245404</description>
                <styleUrl>#34</styleUrl>
                <Point id="819">
                    <coordinates>11.091959,49.452377,0.0</coordinates>
                </Point>
            </Placemark>
            <Placemark id="822">
                <name>Nerreth</name>
                <description>                    category  : Ortsteil &lt;br&gt;   
                    sitelinks : 2.0 &lt;br&gt;   
                    articleEN :  &lt;br&gt;             
                    articleDE : https://de.wikipedia.org/wiki/Nerreth &lt;br&gt;              
                    wikidata_link : http://www.wikidata.org/entity/Q18816441</description>
                <styleUrl>#34</styleUrl>
                <Point id="821">
                    <coordinates>11.197273,49.352086,0.0</coordinates>
                </Point>
            </Placemark>
            <Placemark id="824">
                <name>Sandberg</name>
                <description>                    category  : Q28538792 &lt;br&gt;   
                    sitelinks : 2.0 &lt;br&gt;   
                    articleEN :  &lt;br&gt;             
                    articleDE : https://de.wikipedia.org/wiki/Sandberg_(N%C3%BCrnberg) &lt;br&gt;              
                    wikidata_link : http://www.wikidata.org/entity/Q18630456</description>
                <styleUrl>#34</styleUrl>
                <Point id="823">
                    <coordinates>11.05435,49.46,0.0</coordinates>
                </Point>
            </Placemark>
            <Placemark id="826">
                <name>Pirckheimerstraße</name>
                <description>                    category  : Q28538792 &lt;br&gt;   
                    sitelinks : 2.0 &lt;br&gt;   
                    articleEN :  &lt;br&gt;             
                    articleDE : https://de.wikipedia.org/wiki/Pirckheimerstra%C3%9Fe &lt;br&gt;              
                    wikidata_link : http://www.wikidata.org/entity/Q18629892</description>
                <styleUrl>#34</styleUrl>
                <Point id="825">
                    <coordinates>11.07820988,49.46030045,0.0</coordinates>
                </Point>
            </Placemark>
            <Placemark id="828">
                <name>Marienvorstadt</name>
                <description>                    category  : Q28538792 &lt;br&gt;   
                    sitelinks : 2.0 &lt;br&gt;   
                    articleEN :  &lt;br&gt;             
                    articleDE : https://de.wikipedia.org/wiki/Marienvorstadt &lt;br&gt;              
                    wikidata_link : http://www.wikidata.org/entity/Q18628989</description>
                <styleUrl>#34</styleUrl>
                <Point id="827">
                    <coordinates>11.0906,49.4485,0.0</coordinates>
                </Point>
            </Placemark>
            <Placemark id="830">
                <name>Stone crosses in Nuremberg</name>
                <description>                    category  : Wikimedia list article &lt;br&gt;   
                    sitelinks : 2.0 &lt;br&gt;   
                    articleEN :  &lt;br&gt;             
                    articleDE : https://de.wikipedia.org/wiki/Liste_der_Steinkreuze_in_der_Stadt_N%C3%BCrnberg &lt;br&gt;              
                    wikidata_link : http://www.wikidata.org/entity/Q18628691</description>
                <styleUrl>#34</styleUrl>
                <Point id="829">
                    <coordinates>11.13535,49.43053,0.0</coordinates>
                </Point>
            </Placemark>
            <Placemark id="832">
                <name>Feldbahn-Museum 500</name>
                <description>                    category  : railway museum &lt;br&gt;   
                    sitelinks : 2.0 &lt;br&gt;   
                    articleEN :  &lt;br&gt;             
                    articleDE : https://de.wikipedia.org/wiki/Feldbahn-Museum_500 &lt;br&gt;              
                    wikidata_link : http://www.wikidata.org/entity/Q18508816</description>
                <styleUrl>#34</styleUrl>
                <Point id="831">
                    <coordinates>11.023374,49.386138,0.0</coordinates>
                </Point>
            </Placemark>
            <Placemark id="834">
                <name>Westpark (Nürnberg)</name>
                <description>                    category  : park &lt;br&gt;   
                    sitelinks : 2.0 &lt;br&gt;   
                    articleEN :  &lt;br&gt;             
                    articleDE : https://de.wikipedia.org/wiki/Westpark_(N%C3%BCrnberg) &lt;br&gt;              
                    wikidata_link : http://www.wikidata.org/entity/Q18202273</description>
                <styleUrl>#34</styleUrl>
                <Point id="833">
                    <coordinates>11.037,49.4452,0.0</coordinates>
                </Point>
            </Placemark>
            <Placemark id="836">
                <name>Pillenreuth</name>
                <description>                    category  : Ortsteil &lt;br&gt;   
                    sitelinks : 2.0 &lt;br&gt;   
                    articleEN :  &lt;br&gt;             
                    articleDE : https://de.wikipedia.org/wiki/Pillenreuth_(N%C3%BCrnberg) &lt;br&gt;              
                    wikidata_link : http://www.wikidata.org/entity/Q18026943</description>
                <styleUrl>#34</styleUrl>
                <Point id="835">
                    <coordinates>11.07412,49.37937,0.0</coordinates>
                </Point>
            </Placemark>
            <Placemark id="838">
                <name>Herboldshof</name>
                <description>                    category  : Ortsteil &lt;br&gt;   
                    sitelinks : 2.0 &lt;br&gt;   
                    articleEN :  &lt;br&gt;             
                    articleDE : https://de.wikipedia.org/wiki/Herboldshof_(F%C3%BCrth) &lt;br&gt;              
                    wikidata_link : http://www.wikidata.org/entity/Q18020866</description>
                <styleUrl>#34</styleUrl>
                <Point id="837">
                    <coordinates>10.9901,49.5211,0.0</coordinates>
                </Point>
            </Placemark>
            <Placemark id="840">
                <name>Steinbrüchlein</name>
                <description>                    category  : Ortsteil &lt;br&gt;   
                    sitelinks : 2.0 &lt;br&gt;   
                    articleEN :  &lt;br&gt;             
                    articleDE : https://de.wikipedia.org/wiki/Steinbr%C3%BCchlein &lt;br&gt;              
                    wikidata_link : http://www.wikidata.org/entity/Q18019721</description>
                <styleUrl>#34</styleUrl>
                <Point id="839">
                    <coordinates>11.1109,49.39123,0.0</coordinates>
                </Point>
            </Placemark>
            <Placemark id="842">
                <name>Volkach</name>
                <description>                    category  : stream &lt;br&gt;   
                    sitelinks : 2.0 &lt;br&gt;   
                    articleEN :  &lt;br&gt;             
                    articleDE : https://de.wikipedia.org/wiki/Volkach_(Schwabach) &lt;br&gt;              
                    wikidata_link : http://www.wikidata.org/entity/Q17326827</description>
                <styleUrl>#34</styleUrl>
                <Point id="841">
                    <coordinates>10.99378333,49.331525,0.0</coordinates>
                </Point>
            </Placemark>
            <Placemark id="844">
                <name>Sandgruben am Föhrenbuck</name>
                <description>                    category  : protected area &lt;br&gt;   
                    sitelinks : 2.0 &lt;br&gt;   
                    articleEN :  &lt;br&gt;             
                    articleDE : https://de.wikipedia.org/wiki/Sandgruben_am_F%C3%B6hrenbuck &lt;br&gt;              
                    wikidata_link : http://www.wikidata.org/entity/Q17326037</description>
                <styleUrl>#34</styleUrl>
                <Point id="843">
                    <coordinates>11.072777777778,49.387222222222,0.0</coordinates>
                </Point>
            </Placemark>
            <Placemark id="846">
                <name>Fünf-Flüsse-Radweg</name>
                <description>                    category  : long-distance cycling route &lt;br&gt;   
                    sitelinks : 2.0 &lt;br&gt;   
                    articleEN :  &lt;br&gt;             
                    articleDE : https://de.wikipedia.org/wiki/F%C3%BCnf-Fl%C3%BCsse-Radweg &lt;br&gt;              
                    wikidata_link : http://www.wikidata.org/entity/Q16548583</description>
                <styleUrl>#34</styleUrl>
                <Point id="845">
                    <coordinates>11.0977237,49.4485222,0.0</coordinates>
                </Point>
            </Placemark>
            <Placemark id="848">
                <name>Teufelsbadstube</name>
                <description>                    category  : geotope &lt;br&gt;   
                    sitelinks : 2.0 &lt;br&gt;   
                    articleEN :  &lt;br&gt;             
                    articleDE : https://de.wikipedia.org/wiki/Teufelsbadstube &lt;br&gt;              
                    wikidata_link : http://www.wikidata.org/entity/Q16294981</description>
                <styleUrl>#34</styleUrl>
                <Point id="847">
                    <coordinates>11.118,49.549,0.0</coordinates>
                </Point>
            </Placemark>
            <Placemark id="850">
                <name>Bildstock in Großschwarzenlohe</name>
                <description>                    category  : wayside shrine &lt;br&gt;   
                    sitelinks : 2.0 &lt;br&gt;   
                    articleEN :  &lt;br&gt;             
                    articleDE : https://de.wikipedia.org/wiki/Bildstock_in_Gro%C3%9Fschwarzenlohe &lt;br&gt;              
                    wikidata_link : http://www.wikidata.org/entity/Q41373246</description>
                <styleUrl>#34</styleUrl>
                <Point id="849">
                    <coordinates>11.1100563948,49.338736052048,0.0</coordinates>
                </Point>
            </Placemark>
            <Placemark id="852">
                <name>St. Georg</name>
                <description>                    category  : church building &lt;br&gt;   
                    sitelinks : 2.0 &lt;br&gt;   
                    articleEN :  &lt;br&gt;             
                    articleDE : https://de.wikipedia.org/wiki/St._Georg_(N%C3%BCrnberg-Kraftshof) &lt;br&gt;              
                    wikidata_link : http://www.wikidata.org/entity/Q41410968</description>
                <styleUrl>#34</styleUrl>
                <Point id="851">
                    <coordinates>11.04989,49.51206,0.0</coordinates>
                </Point>
            </Placemark>
            <Placemark id="854">
                <name>Steinbrüche im Fürther Stadtwald</name>
                <description>                    category  : stone quarry &lt;br&gt;   
                    sitelinks : 2.0 &lt;br&gt;   
                    articleEN :  &lt;br&gt;             
                    articleDE : https://de.wikipedia.org/wiki/Steinbr%C3%BCche_im_F%C3%BCrther_Stadtwald &lt;br&gt;              
                    wikidata_link : http://www.wikidata.org/entity/Q15849064</description>
                <styleUrl>#34</styleUrl>
                <Point id="853">
                    <coordinates>10.917,49.474,0.0</coordinates>
                </Point>
            </Placemark>
            <Placemark id="856">
                <name>Rote Bühne</name>
                <description>                    category  : theatre building &lt;br&gt;   
                    sitelinks : 2.0 &lt;br&gt;   
                    articleEN :  &lt;br&gt;             
                    articleDE : https://de.wikipedia.org/wiki/Theater_rote_B%C3%BChne &lt;br&gt;              
                    wikidata_link : http://www.wikidata.org/entity/Q15843074</description>
                <styleUrl>#34</styleUrl>
                <Point id="855">
                    <coordinates>11.1019001,49.44758987,0.0</coordinates>
                </Point>
            </Placemark>
            <Placemark id="858">
                <name>Heizkraftwerk Sandreuth</name>
                <description>                    category  : combined cycle power station &lt;br&gt;   
                    sitelinks : 2.0 &lt;br&gt;   
                    articleEN :  &lt;br&gt;             
                    articleDE : https://de.wikipedia.org/wiki/Heizkraftwerk_Sandreuth &lt;br&gt;              
                    wikidata_link : http://www.wikidata.org/entity/Q15814995</description>
                <styleUrl>#34</styleUrl>
                <Point id="857">
                    <coordinates>11.06055556,49.43861111,0.0</coordinates>
                </Point>
            </Placemark>
            <Placemark id="860">
                <name>Q15812944</name>
                <description>                    category  : architectural structure &lt;br&gt;   
                    sitelinks : 2.0 &lt;br&gt;   
                    articleEN :  &lt;br&gt;             
                    articleDE : https://de.wikipedia.org/wiki/Gro%C3%9Fer_Saal_(Altes_Rathaus_N%C3%BCrnberg) &lt;br&gt;              
                    wikidata_link : http://www.wikidata.org/entity/Q15812944</description>
                <styleUrl>#34</styleUrl>
                <Point id="859">
                    <coordinates>11.0774803,49.4549655,0.0</coordinates>
                </Point>
            </Placemark>
            <Placemark id="862">
                <name>Q15391909</name>
                <description>                    category  : rescue helicopter &lt;br&gt;   
                    sitelinks : 2.0 &lt;br&gt;   
                    articleEN :  &lt;br&gt;             
                    articleDE : https://de.wikipedia.org/wiki/Christoph_27 &lt;br&gt;              
                    wikidata_link : http://www.wikidata.org/entity/Q15391909</description>
                <styleUrl>#34</styleUrl>
                <Point id="861">
                    <coordinates>11.0727,49.4958,0.0</coordinates>
                </Point>
            </Placemark>
            <Placemark id="864">
                <name>Synagogengasse 6 (Schwabach)</name>
                <description>                    category  : synagogue &lt;br&gt;   
                    sitelinks : 2.0 &lt;br&gt;   
                    articleEN :  &lt;br&gt;             
                    articleDE : https://de.wikipedia.org/wiki/Synagoge_(Schwabach) &lt;br&gt;              
                    wikidata_link : http://www.wikidata.org/entity/Q15131092</description>
                <styleUrl>#34</styleUrl>
                <Point id="863">
                    <coordinates>11.022703,49.331055,0.0</coordinates>
                </Point>
            </Placemark>
            <Placemark id="866">
                <name>Raubersried</name>
                <description>                    category  : Ortsteil &lt;br&gt;   
                    sitelinks : 2.0 &lt;br&gt;   
                    articleEN :  &lt;br&gt;             
                    articleDE : https://de.wikipedia.org/wiki/Raubersried_(Wendelstein) &lt;br&gt;              
                    wikidata_link : http://www.wikidata.org/entity/Q15125908</description>
                <styleUrl>#34</styleUrl>
                <Point id="865">
                    <coordinates>11.14679,49.34281,0.0</coordinates>
                </Point>
            </Placemark>
            <Placemark id="868">
                <name>Burggrafenburg</name>
                <description>                    category  : castle &lt;br&gt;   
                    sitelinks : 2.0 &lt;br&gt;   
                    articleEN :  &lt;br&gt;             
                    articleDE : https://de.wikipedia.org/wiki/Burggrafenburg_(N%C3%BCrnberg) &lt;br&gt;              
                    wikidata_link : http://www.wikidata.org/entity/Q15108323</description>
                <styleUrl>#34</styleUrl>
                <Point id="867">
                    <coordinates>11.07708333,49.45819444,0.0</coordinates>
                </Point>
            </Placemark>
            <Placemark id="870">
                <name>Synagogue</name>
                <description>                    category  : former synagogue &lt;br&gt;   
                    sitelinks : 2.0 &lt;br&gt;   
                    articleEN :  &lt;br&gt;             
                    articleDE : https://de.wikipedia.org/wiki/Synagoge_(Bruck) &lt;br&gt;              
                    wikidata_link : http://www.wikidata.org/entity/Q14916818</description>
                <styleUrl>#34</styleUrl>
                <Point id="869">
                    <coordinates>10.9878,49.5747,0.0</coordinates>
                </Point>
            </Placemark>
            <Placemark id="872">
                <name>Wernloch</name>
                <description>                    category  : stone quarry &lt;br&gt;   
                    sitelinks : 2.0 &lt;br&gt;   
                    articleEN :  &lt;br&gt;             
                    articleDE : https://de.wikipedia.org/wiki/Wernloch &lt;br&gt;              
                    wikidata_link : http://www.wikidata.org/entity/Q14912276</description>
                <styleUrl>#34</styleUrl>
                <Point id="871">
                    <coordinates>11.134,49.364,0.0</coordinates>
                </Point>
            </Placemark>
            <Placemark id="874">
                <name>Hauptpost</name>
                <description>                    category  : building &lt;br&gt;   
                    sitelinks : 2.0 &lt;br&gt;   
                    articleEN :  &lt;br&gt;             
                    articleDE : https://de.wikipedia.org/wiki/Hauptpost_(N%C3%BCrnberg) &lt;br&gt;              
                    wikidata_link : http://www.wikidata.org/entity/Q14548873</description>
                <styleUrl>#34</styleUrl>
                <Point id="873">
                    <coordinates>11.0832,49.4469,0.0</coordinates>
                </Point>
            </Placemark>
            <Placemark id="876">
                <name>Steinkreuz bei Frauenaurach</name>
                <description>                    category  : conciliation cross &lt;br&gt;   
                    sitelinks : 2.0 &lt;br&gt;   
                    articleEN :  &lt;br&gt;             
                    articleDE : https://de.wikipedia.org/wiki/Steinkreuz_bei_Frauenaurach &lt;br&gt;              
                    wikidata_link : http://www.wikidata.org/entity/Q14548845</description>
                <styleUrl>#34</styleUrl>
                <Point id="875">
                    <coordinates>10.9566,49.5625,0.0</coordinates>
                </Point>
            </Placemark>
            <Placemark id="878">
                <name>Fuhrmannsstein</name>
                <description>                    category  : conciliation cross &lt;br&gt;   
                    sitelinks : 2.0 &lt;br&gt;   
                    articleEN :  &lt;br&gt;             
                    articleDE : https://de.wikipedia.org/wiki/Fuhrmannsstein &lt;br&gt;              
                    wikidata_link : http://www.wikidata.org/entity/Q14546968</description>
                <styleUrl>#34</styleUrl>
                <Point id="877">
                    <coordinates>11.0363,49.5388,0.0</coordinates>
                </Point>
            </Placemark>
            <Placemark id="880">
                <name>Siebenstein im Forst Tennenlohe</name>
                <description>                    category  : conciliation cross &lt;br&gt;   
                    sitelinks : 2.0 &lt;br&gt;   
                    articleEN :  &lt;br&gt;             
                    articleDE : https://de.wikipedia.org/wiki/Siebenstein_(Forst_Tennenlohe) &lt;br&gt;              
                    wikidata_link : http://www.wikidata.org/entity/Q14546970</description>
                <styleUrl>#34</styleUrl>
                <Point id="879">
                    <coordinates>11.0527,49.5544,0.0</coordinates>
                </Point>
            </Placemark>
            <Placemark id="882">
                <name>Keltschensteine</name>
                <description>                    category  : conciliation cross &lt;br&gt;   
                    sitelinks : 2.0 &lt;br&gt;   
                    articleEN :  &lt;br&gt;             
                    articleDE : https://de.wikipedia.org/wiki/Keltschensteine &lt;br&gt;              
                    wikidata_link : http://www.wikidata.org/entity/Q14544518</description>
                <styleUrl>#34</styleUrl>
                <Point id="881">
                    <coordinates>10.9844,49.569,0.0</coordinates>
                </Point>
            </Placemark>
            <Placemark id="884">
                <name>Egidienstein (Eltersdorf)</name>
                <description>                    category  : conciliation cross &lt;br&gt;   
                    sitelinks : 2.0 &lt;br&gt;   
                    articleEN :  &lt;br&gt;             
                    articleDE : https://de.wikipedia.org/wiki/Egidienstein &lt;br&gt;              
                    wikidata_link : http://www.wikidata.org/entity/Q14544461</description>
                <styleUrl>#34</styleUrl>
                <Point id="883">
                    <coordinates>10.994,49.5485,0.0</coordinates>
                </Point>
            </Placemark>
            <Placemark id="886">
                <name>Ruhstein</name>
                <description>                    category  : resting stone &lt;br&gt;   
                    sitelinks : 2.0 &lt;br&gt;   
                    articleEN :  &lt;br&gt;             
                    articleDE : https://de.wikipedia.org/wiki/Ruhstein_bei_H%C3%BCttendorf &lt;br&gt;              
                    wikidata_link : http://www.wikidata.org/entity/Q14544421</description>
                <styleUrl>#34</styleUrl>
                <Point id="885">
                    <coordinates>10.9713,49.5447,0.0</coordinates>
                </Point>
            </Placemark>
            <Placemark id="888">
                <name>Steinkreuz</name>
                <description>                    category  : conciliation cross &lt;br&gt;   
                    sitelinks : 2.0 &lt;br&gt;   
                    articleEN :  &lt;br&gt;             
                    articleDE : https://de.wikipedia.org/wiki/Steinkreuz_in_Stadeln &lt;br&gt;              
                    wikidata_link : http://www.wikidata.org/entity/Q14544337</description>
                <styleUrl>#34</styleUrl>
                <Point id="887">
                    <coordinates>10.9811,49.5084,0.0</coordinates>
                </Point>
            </Placemark>
            <Placemark id="890">
                <name>Römisch-katholische St. Peter und Paul</name>
                <description>                    category  : parish church &lt;br&gt;   
                    sitelinks : 2.0 &lt;br&gt;   
                    articleEN :  &lt;br&gt;             
                    articleDE : https://de.wikipedia.org/wiki/Katholische_Kirche_St._Peter_und_Paul_(Erlangen-Bruck) &lt;br&gt;              
                    wikidata_link : http://www.wikidata.org/entity/Q11722094</description>
                <styleUrl>#34</styleUrl>
                <Point id="889">
                    <coordinates>10.9885,49.5719,0.0</coordinates>
                </Point>
            </Placemark>
            <Placemark id="892">
                <name>Library of the Germanisches Nationalmuseum</name>
                <description>                    category  : library &lt;br&gt;   
                    sitelinks : 2.0 &lt;br&gt;   
                    articleEN :  &lt;br&gt;             
                    articleDE : https://de.wikipedia.org/wiki/Bibliothek_des_Germanischen_Nationalmuseums &lt;br&gt;              
                    wikidata_link : http://www.wikidata.org/entity/Q2793980</description>
                <styleUrl>#34</styleUrl>
                <Point id="891">
                    <coordinates>11.0755,49.4482,0.0</coordinates>
                </Point>
            </Placemark>
            <Placemark id="894">
                <name>Bahnhöfe in Feucht</name>
                <description>                    category  : Wikimedia list article &lt;br&gt;   
                    sitelinks : 2.0 &lt;br&gt;   
                    articleEN :  &lt;br&gt;             
                    articleDE : https://de.wikipedia.org/wiki/Bahnh%C3%B6fe_in_Feucht &lt;br&gt;              
                    wikidata_link : http://www.wikidata.org/entity/Q2657895</description>
                <styleUrl>#34</styleUrl>
                <Point id="893">
                    <coordinates>11.203684,49.382111,0.0</coordinates>
                </Point>
            </Placemark>
            <Placemark id="896">
                <name>Wöhrder See</name>
                <description>                    category  : reservoir &lt;br&gt;   
                    sitelinks : 2.0 &lt;br&gt;   
                    articleEN :  &lt;br&gt;             
                    articleDE : https://de.wikipedia.org/wiki/W%C3%B6hrder_See &lt;br&gt;              
                    wikidata_link : http://www.wikidata.org/entity/Q2596362</description>
                <styleUrl>#34</styleUrl>
                <Point id="895">
                    <coordinates>11.1019,49.4525,0.0</coordinates>
                </Point>
            </Placemark>
            <Placemark id="898">
                <name>Wöhrd</name>
                <description>                    category  : Q28538792 &lt;br&gt;   
                    sitelinks : 2.0 &lt;br&gt;   
                    articleEN :  &lt;br&gt;             
                    articleDE : https://de.wikipedia.org/wiki/W%C3%B6hrd &lt;br&gt;              
                    wikidata_link : http://www.wikidata.org/entity/Q2596359</description>
                <styleUrl>#34</styleUrl>
                <Point id="897">
                    <coordinates>11.0958,49.4541,0.0</coordinates>
                </Point>
            </Placemark>
            <Placemark id="900">
                <name>Innerer Laufer Platz 11, Willstätter-Gymnasium</name>
                <description>                    category  : gymnasium &lt;br&gt;   
                    sitelinks : 2.0 &lt;br&gt;   
                    articleEN :  &lt;br&gt;             
                    articleDE : https://de.wikipedia.org/wiki/Willst%C3%A4tter-Gymnasium_N%C3%BCrnberg &lt;br&gt;              
                    wikidata_link : http://www.wikidata.org/entity/Q2581791</description>
                <styleUrl>#34</styleUrl>
                <Point id="899">
                    <coordinates>11.083,49.4566,0.0</coordinates>
                </Point>
            </Placemark>
            <Placemark id="902">
                <name>Wetzendorf</name>
                <description>                    category  : Q28538792 &lt;br&gt;   
                    sitelinks : 2.0 &lt;br&gt;   
                    articleEN :  &lt;br&gt;             
                    articleDE : https://de.wikipedia.org/wiki/Wetzendorf_(N%C3%BCrnberg) &lt;br&gt;              
                    wikidata_link : http://www.wikidata.org/entity/Q2566189</description>
                <styleUrl>#34</styleUrl>
                <Point id="901">
                    <coordinates>11.0406,49.4705,0.0</coordinates>
                </Point>
            </Placemark>
            <Placemark id="904">
                <name>Q2565679</name>
                <description>                    category  : architectural structure &lt;br&gt;   
                    sitelinks : 2.0 &lt;br&gt;   
                    articleEN :  &lt;br&gt;             
                    articleDE : https://de.wikipedia.org/wiki/Westtor &lt;br&gt;              
                    wikidata_link : http://www.wikidata.org/entity/Q2565679</description>
                <styleUrl>#34</styleUrl>
                <Point id="903">
                    <coordinates>11.0698,49.4526,0.0</coordinates>
                </Point>
            </Placemark>
            <Placemark id="906">
                <name>Weißes Kreuz</name>
                <description>                    category  : conciliation cross &lt;br&gt;   
                    sitelinks : 2.0 &lt;br&gt;   
                    articleEN :  &lt;br&gt;             
                    articleDE : https://de.wikipedia.org/wiki/Wei%C3%9Fes_Kreuz_(Forst_Tennenlohe) &lt;br&gt;              
                    wikidata_link : http://www.wikidata.org/entity/Q2557168</description>
                <styleUrl>#34</styleUrl>
                <Point id="905">
                    <coordinates>11.0548,49.5585,0.0</coordinates>
                </Point>
            </Placemark>
            <Placemark id="908">
                <name>Weikershof</name>
                <description>                    category  : Ortsteil &lt;br&gt;   
                    sitelinks : 2.0 &lt;br&gt;   
                    articleEN :  &lt;br&gt;             
                    articleDE : https://de.wikipedia.org/wiki/Weikershof &lt;br&gt;              
                    wikidata_link : http://www.wikidata.org/entity/Q2555545</description>
                <styleUrl>#34</styleUrl>
                <Point id="907">
                    <coordinates>10.9869,49.4456,0.0</coordinates>
                </Point>
            </Placemark>
            <Placemark id="910">
                <name>Weiherhaus (Nürnberg)</name>
                <description>                    category  : Ortsteil &lt;br&gt;   
                    sitelinks : 2.0 &lt;br&gt;   
                    articleEN :  &lt;br&gt;             
                    articleDE : https://de.wikipedia.org/wiki/Weiherhaus_(N%C3%BCrnberg) &lt;br&gt;              
                    wikidata_link : http://www.wikidata.org/entity/Q2555362</description>
                <styleUrl>#34</styleUrl>
                <Point id="909">
                    <coordinates>11.0789,49.3714,0.0</coordinates>
                </Point>
            </Placemark>
            <Placemark id="912">
                <name>Wachendorf</name>
                <description>                    category  : Ortsteil &lt;br&gt;   
                    sitelinks : 2.0 &lt;br&gt;   
                    articleEN :  &lt;br&gt;             
                    articleDE : https://de.wikipedia.org/wiki/Wachendorf_(Cadolzburg) &lt;br&gt;              
                    wikidata_link : http://www.wikidata.org/entity/Q2538341</description>
                <styleUrl>#34</styleUrl>
                <Point id="911">
                    <coordinates>10.8889,49.4583,0.0</coordinates>
                </Point>
            </Placemark>
            <Placemark id="914">
                <name>Q41392623</name>
                <description>                    category  : church building &lt;br&gt;   
                    sitelinks : 2.0 &lt;br&gt;   
                    articleEN :  &lt;br&gt;             
                    articleDE : https://de.wikipedia.org/wiki/St._Georg_(R%C3%BCckersdorf) &lt;br&gt;              
                    wikidata_link : http://www.wikidata.org/entity/Q41392623</description>
                <styleUrl>#34</styleUrl>
                <Point id="913">
                    <coordinates>11.242725106491,49.493529352161,0.0</coordinates>
                </Point>
            </Placemark>
            <Placemark id="916">
                <name>Hardhöhe</name>
                <description>                    category  : Ortsteil &lt;br&gt;   
                    sitelinks : 2.0 &lt;br&gt;   
                    articleEN :  &lt;br&gt;             
                    articleDE : https://de.wikipedia.org/wiki/Hardh%C3%B6he &lt;br&gt;              
                    wikidata_link : http://www.wikidata.org/entity/Q1585106</description>
                <styleUrl>#34</styleUrl>
                <Point id="915">
                    <coordinates>10.9561,49.4803,0.0</coordinates>
                </Point>
            </Placemark>
            <Placemark id="918">
                <name>Hardenberg-Gymnasium Fürth</name>
                <description>                    category  : Gymnasium (Bavaria) &lt;br&gt;   
                    sitelinks : 2.0 &lt;br&gt;   
                    articleEN :  &lt;br&gt;             
                    articleDE : https://de.wikipedia.org/wiki/Hardenberg-Gymnasium_F%C3%BCrth &lt;br&gt;              
                    wikidata_link : http://www.wikidata.org/entity/Q1585070</description>
                <styleUrl>#34</styleUrl>
                <Point id="917">
                    <coordinates>10.9957,49.4635,0.0</coordinates>
                </Point>
            </Placemark>
            <Placemark id="920">
                <name>St. Martin (Großreuth hinter der Veste)</name>
                <description>                    category  : parish church &lt;br&gt;   
                    sitelinks : 2.0 &lt;br&gt;   
                    articleEN :  &lt;br&gt;             
                    articleDE : https://de.wikipedia.org/wiki/St._Martin_(N%C3%BCrnberg) &lt;br&gt;              
                    wikidata_link : http://www.wikidata.org/entity/Q1579046</description>
                <styleUrl>#34</styleUrl>
                <Point id="919">
                    <coordinates>11.0814,49.4655,0.0</coordinates>
                </Point>
            </Placemark>
            <Placemark id="922">
                <name>Hans-Sachs-Gymnasium (Nuremberg-Gärten hinter der Veste)</name>
                <description>                    category  : school building &lt;br&gt;   
                    sitelinks : 2.0 &lt;br&gt;   
                    articleEN :  &lt;br&gt;             
                    articleDE : https://de.wikipedia.org/wiki/Hans-Sachs-Gymnasium_N%C3%BCrnberg &lt;br&gt;              
                    wikidata_link : http://www.wikidata.org/entity/Q1578192</description>
                <styleUrl>#34</styleUrl>
                <Point id="921">
                    <coordinates>11.085429711804,49.462651970232,0.0</coordinates>
                </Point>
            </Placemark>
            <Placemark id="924">
                <name>Handwerkerhäuser Kühnertsgasse</name>
                <description>                    category  : architectural ensemble &lt;br&gt;   
                    sitelinks : 2.0 &lt;br&gt;   
                    articleEN :  &lt;br&gt;             
                    articleDE : https://de.wikipedia.org/wiki/Handwerkerh%C3%A4user_K%C3%BChnertsgasse &lt;br&gt;              
                    wikidata_link : http://www.wikidata.org/entity/Q1575249</description>
                <styleUrl>#34</styleUrl>
                <Point id="923">
                    <coordinates>11.082448348607,49.450355417256,0.0</coordinates>
                </Point>
            </Placemark>
            <Placemark id="926">
                <name>Q1575248</name>
                <description>                    category  : courtyard &lt;br&gt;   
                    sitelinks : 2.0 &lt;br&gt;   
                    articleEN :  &lt;br&gt;             
                    articleDE : https://de.wikipedia.org/wiki/Handwerkerhof_N%C3%BCrnberg &lt;br&gt;              
                    wikidata_link : http://www.wikidata.org/entity/Q1575248</description>
                <styleUrl>#34</styleUrl>
                <Point id="925">
                    <coordinates>11.0811,49.4474,0.0</coordinates>
                </Point>
            </Placemark>
            <Placemark id="928">
                <name>Nuremberg Rbf</name>
                <description>                    category  : classification yard &lt;br&gt;   
                    sitelinks : 2.0 &lt;br&gt;   
                    articleEN :  &lt;br&gt;             
                    articleDE : https://de.wikipedia.org/wiki/N%C3%BCrnberg_Rangierbahnhof &lt;br&gt;              
                    wikidata_link : http://www.wikidata.org/entity/Q1567950</description>
                <styleUrl>#34</styleUrl>
                <Point id="927">
                    <coordinates>11.083246,49.417711,0.0</coordinates>
                </Point>
            </Placemark>
            <Placemark id="930">
                <name>Guntherstraße (Nürnberg)</name>
                <description>                    category  : street &lt;br&gt;   
                    sitelinks : 2.0 &lt;br&gt;   
                    articleEN :  &lt;br&gt;             
                    articleDE : https://de.wikipedia.org/wiki/Guntherstra%C3%9Fe &lt;br&gt;              
                    wikidata_link : http://www.wikidata.org/entity/Q1554944</description>
                <styleUrl>#34</styleUrl>
                <Point id="929">
                    <coordinates>11.098775,49.435132,0.0</coordinates>
                </Point>
            </Placemark>
            <Placemark id="932">
                <name>Schindlerhof</name>
                <description>                    category  : business &lt;br&gt;   
                    sitelinks : 2.0 &lt;br&gt;   
                    articleEN :  &lt;br&gt;             
                    articleDE : https://de.wikipedia.org/wiki/Schindlerhof_Klaus_Kobjoll &lt;br&gt;              
                    wikidata_link : http://www.wikidata.org/entity/Q1554873</description>
                <styleUrl>#34</styleUrl>
                <Point id="931">
                    <coordinates>11.023646,49.51619,0.0</coordinates>
                </Point>
            </Placemark>
            <Placemark id="934">
                <name>Großgeschaidt</name>
                <description>                    category  : Ortsteil &lt;br&gt;   
                    sitelinks : 2.0 &lt;br&gt;   
                    articleEN :  &lt;br&gt;             
                    articleDE : https://de.wikipedia.org/wiki/Gro%C3%9Fgeschaidt &lt;br&gt;              
                    wikidata_link : http://www.wikidata.org/entity/Q1549261</description>
                <styleUrl>#34</styleUrl>
                <Point id="933">
                    <coordinates>11.1753,49.5626,0.0</coordinates>
                </Point>
            </Placemark>
            <Placemark id="936">
                <name>Graphic Art Collection of the City of Nuremberg</name>
                <description>                    category  : art museum &lt;br&gt;   
                    sitelinks : 2.0 &lt;br&gt;   
                    articleEN :  &lt;br&gt;             
                    articleDE : https://de.wikipedia.org/wiki/Graphische_Sammlung_der_Stadt_N%C3%BCrnberg &lt;br&gt;              
                    wikidata_link : http://www.wikidata.org/entity/Q1543340</description>
                <styleUrl>#34</styleUrl>
                <Point id="935">
                    <coordinates>11.1115,49.4613,0.0</coordinates>
                </Point>
            </Placemark>
            <Placemark id="938">
                <name>Q1464370</name>
                <description>                    category  : island &lt;br&gt;   
                    sitelinks : 2.0 &lt;br&gt;   
                    articleEN :  &lt;br&gt;             
                    articleDE : https://de.wikipedia.org/wiki/Insel_Sch%C3%BCtt &lt;br&gt;              
                    wikidata_link : http://www.wikidata.org/entity/Q1464370</description>
                <styleUrl>#34</styleUrl>
                <Point id="937">
                    <coordinates>11.0833,49.4528,0.0</coordinates>
                </Point>
            </Placemark>
            <Placemark id="940">
                <name>Himmelgarten</name>
                <description>                    category  : Ortsteil &lt;br&gt;   
                    sitelinks : 2.0 &lt;br&gt;   
                    articleEN :  &lt;br&gt;             
                    articleDE : https://de.wikipedia.org/wiki/Himmelgarten_(R%C3%B6thenbach_an_der_Pegnitz) &lt;br&gt;              
                    wikidata_link : http://www.wikidata.org/entity/Q1462766</description>
                <styleUrl>#34</styleUrl>
                <Point id="939">
                    <coordinates>11.2746,49.4806,0.0</coordinates>
                </Point>
            </Placemark>
            <Placemark id="942">
                <name>Siebenbogenbrücke</name>
                <description>                    category  : arch bridge &lt;br&gt;   
                    sitelinks : 2.0 &lt;br&gt;   
                    articleEN :  &lt;br&gt;             
                    articleDE : https://de.wikipedia.org/wiki/Siebenbogenbr%C3%BCcke_(F%C3%BCrth) &lt;br&gt;              
                    wikidata_link : http://www.wikidata.org/entity/Q1461949</description>
                <styleUrl>#34</styleUrl>
                <Point id="941">
                    <coordinates>10.9811,49.4713,0.0</coordinates>
                </Point>
            </Placemark>
            <Placemark id="944">
                <name>Friedrich-Ebert-Platz</name>
                <description>                    category  : square &lt;br&gt;   
                    sitelinks : 2.0 &lt;br&gt;   
                    articleEN :  &lt;br&gt;             
                    articleDE : https://de.wikipedia.org/wiki/Friedrich-Ebert-Platz_(N%C3%BCrnberg) &lt;br&gt;              
                    wikidata_link : http://www.wikidata.org/entity/Q1457725</description>
                <styleUrl>#34</styleUrl>
                <Point id="943">
                    <coordinates>11.0711,49.4626,0.0</coordinates>
                </Point>
            </Placemark>
            <Placemark id="946">
                <name>Q1456860</name>
                <description>                    category  : peace museum &lt;br&gt;   
                    sitelinks : 2.0 &lt;br&gt;   
                    articleEN :  &lt;br&gt;             
                    articleDE : https://de.wikipedia.org/wiki/Friedensmuseum_N%C3%BCrnberg &lt;br&gt;              
                    wikidata_link : http://www.wikidata.org/entity/Q1456860</description>
                <styleUrl>#34</styleUrl>
                <Point id="945">
                    <coordinates>11.0776,49.4612,0.0</coordinates>
                </Point>
            </Placemark>
            <Placemark id="948">
                <name>Friedenskirche</name>
                <description>                    category  : church building &lt;br&gt;   
                    sitelinks : 2.0 &lt;br&gt;   
                    articleEN :  &lt;br&gt;             
                    articleDE : https://de.wikipedia.org/wiki/Friedenskirche_(N%C3%BCrnberg) &lt;br&gt;              
                    wikidata_link : http://www.wikidata.org/entity/Q1456819</description>
                <styleUrl>#34</styleUrl>
                <Point id="947">
                    <coordinates>11.065305555556,49.459780555556,0.0</coordinates>
                </Point>
            </Placemark>
            <Placemark id="950">
                <name>French Church of Schwabach</name>
                <description>                    category  : church building &lt;br&gt;   
                    sitelinks : 2.0 &lt;br&gt;   
                    articleEN :  &lt;br&gt;             
                    articleDE : https://de.wikipedia.org/wiki/Franzosenkirche_(Schwabach) &lt;br&gt;              
                    wikidata_link : http://www.wikidata.org/entity/Q1450452</description>
                <styleUrl>#34</styleUrl>
                <Point id="949">
                    <coordinates>11.017,49.3295,0.0</coordinates>
                </Point>
            </Placemark>
            <Placemark id="952">
                <name>Konrad-Adenauer-Brücke</name>
                <description>                    category  : road bridge &lt;br&gt;   
                    sitelinks : 2.0 &lt;br&gt;   
                    articleEN :  &lt;br&gt;             
                    articleDE : https://de.wikipedia.org/wiki/Konrad-Adenauer-Br%C3%BCcke_(N%C3%BCrnberg) &lt;br&gt;              
                    wikidata_link : http://www.wikidata.org/entity/Q1441092</description>
                <styleUrl>#34</styleUrl>
                <Point id="951">
                    <coordinates>11.0973,49.4509,0.0</coordinates>
                </Point>
            </Placemark>
            <Placemark id="954">
                <name>Penzendorf</name>
                <description>                    category  : Ortsteil &lt;br&gt;   
                    sitelinks : 2.0 &lt;br&gt;   
                    articleEN :  &lt;br&gt;             
                    articleDE : https://de.wikipedia.org/wiki/Penzendorf_(Schwabach) &lt;br&gt;              
                    wikidata_link : http://www.wikidata.org/entity/Q1425604</description>
                <styleUrl>#34</styleUrl>
                <Point id="953">
                    <coordinates>11.0631,49.3269,0.0</coordinates>
                </Point>
            </Placemark>
            <Placemark id="956">
                <name>Museum of Industrial Culture</name>
                <description>                    category  : museum &lt;br&gt;   
                    sitelinks : 2.0 &lt;br&gt;   
                    articleEN :  &lt;br&gt;             
                    articleDE : https://de.wikipedia.org/wiki/Museum_Industriekultur_(N%C3%BCrnberg) &lt;br&gt;              
                    wikidata_link : http://www.wikidata.org/entity/Q1423672</description>
                <styleUrl>#34</styleUrl>
                <Point id="955">
                    <coordinates>11.1108,49.4611,0.0</coordinates>
                </Point>
            </Placemark>
            <Placemark id="958">
                <name>Kleinweidenmühle</name>
                <description>                    category  : Ortsteil &lt;br&gt;   
                    sitelinks : 2.0 &lt;br&gt;   
                    articleEN :  &lt;br&gt;             
                    articleDE : https://de.wikipedia.org/wiki/Kleinweidenm%C3%BChle &lt;br&gt;              
                    wikidata_link : http://www.wikidata.org/entity/Q1421175</description>
                <styleUrl>#34</styleUrl>
                <Point id="957">
                    <coordinates>11.0638,49.4558,0.0</coordinates>
                </Point>
            </Placemark>
            <Placemark id="960">
                <name>Q1138775</name>
                <description>                    category  : park &lt;br&gt;   
                    sitelinks : 2.0 &lt;br&gt;   
                    articleEN :  &lt;br&gt;             
                    articleDE : https://de.wikipedia.org/wiki/Cramer-Klett-Park &lt;br&gt;              
                    wikidata_link : http://www.wikidata.org/entity/Q1138775</description>
                <styleUrl>#34</styleUrl>
                <Point id="959">
                    <coordinates>11.0909,49.4548,0.0</coordinates>
                </Point>
            </Placemark>
            <Placemark id="962">
                <name>Cinecittà Nürnberg</name>
                <description>                    category  : multiplex &lt;br&gt;   
                    sitelinks : 2.0 &lt;br&gt;   
                    articleEN :  &lt;br&gt;             
                    articleDE : https://de.wikipedia.org/wiki/Cinecitta%E2%80%99_Multiplexkino_N%C3%BCrnberg &lt;br&gt;              
                    wikidata_link : http://www.wikidata.org/entity/Q1092370</description>
                <styleUrl>#34</styleUrl>
                <Point id="961">
                    <coordinates>11.08333333,49.45194444,0.0</coordinates>
                </Point>
            </Placemark>
            <Placemark id="964">
                <name>Bundesstraße 4f</name>
                <description>                    category  : proposed building or structure &lt;br&gt;   
                    sitelinks : 2.0 &lt;br&gt;   
                    articleEN :  &lt;br&gt;             
                    articleDE : https://de.wikipedia.org/wiki/Bundesstra%C3%9Fe_4f &lt;br&gt;              
                    wikidata_link : http://www.wikidata.org/entity/Q1007235</description>
                <styleUrl>#34</styleUrl>
                <Point id="963">
                    <coordinates>11.0990648,49.5114986,0.0</coordinates>
                </Point>
            </Placemark>
            <Placemark id="966">
                <name>Brucker Lache</name>
                <description>                    category  : Naturschutzgebiet &lt;br&gt;   
                    sitelinks : 2.0 &lt;br&gt;   
                    articleEN :  &lt;br&gt;             
                    articleDE : https://de.wikipedia.org/wiki/Brucker_Lache &lt;br&gt;              
                    wikidata_link : http://www.wikidata.org/entity/Q992091</description>
                <styleUrl>#34</styleUrl>
                <Point id="965">
                    <coordinates>11.0205,49.5636,0.0</coordinates>
                </Point>
            </Placemark>
            <Placemark id="968">
                <name>Bruck</name>
                <description>                    category  : Ortsteil &lt;br&gt;   
                    sitelinks : 2.0 &lt;br&gt;   
                    articleEN :  &lt;br&gt;             
                    articleDE : https://de.wikipedia.org/wiki/Bruck_(Erlangen) &lt;br&gt;              
                    wikidata_link : http://www.wikidata.org/entity/Q992071</description>
                <styleUrl>#34</styleUrl>
                <Point id="967">
                    <coordinates>10.9969,49.5692,0.0</coordinates>
                </Point>
            </Placemark>
            <Placemark id="970">
                <name>Braunsbach (Fürth)</name>
                <description>                    category  : Ortsteil &lt;br&gt;   
                    sitelinks : 2.0 &lt;br&gt;   
                    articleEN :  &lt;br&gt;             
                    articleDE : https://de.wikipedia.org/wiki/Braunsbach_(F%C3%BCrth) &lt;br&gt;              
                    wikidata_link : http://www.wikidata.org/entity/Q901767</description>
                <styleUrl>#34</styleUrl>
                <Point id="969">
                    <coordinates>11.0194,49.5,0.0</coordinates>
                </Point>
            </Placemark>
            <Placemark id="972">
                <name>Q28735005</name>
                <description>                    category  : archive &lt;br&gt;   
                    sitelinks : 2.0 &lt;br&gt;   
                    articleEN :  &lt;br&gt;             
                    articleDE : https://de.wikipedia.org/wiki/Landeskirchliches_Archiv_der_Evangelisch-Lutherischen_Kirche_in_Bayern &lt;br&gt;              
                    wikidata_link : http://www.wikidata.org/entity/Q28735005</description>
                <styleUrl>#34</styleUrl>
                <Point id="971">
                    <coordinates>11.1038,49.45758,0.0</coordinates>
                </Point>
            </Placemark>
            <Placemark id="974">
                <name>Apollo-Theater</name>
                <description>                    category  : theatre building &lt;br&gt;   
                    sitelinks : 2.0 &lt;br&gt;   
                    articleEN :  &lt;br&gt;             
                    articleDE : https://de.wikipedia.org/wiki/Apollo-Theater_(N%C3%BCrnberg) &lt;br&gt;              
                    wikidata_link : http://www.wikidata.org/entity/Q28657264</description>
                <styleUrl>#34</styleUrl>
                <Point id="973">
                    <coordinates>11.0775,49.4495,0.0</coordinates>
                </Point>
            </Placemark>
            <Placemark id="976">
                <name>Dürerquelle</name>
                <description>                    category  : spring &lt;br&gt;   
                    sitelinks : 2.0 &lt;br&gt;   
                    articleEN :  &lt;br&gt;             
                    articleDE : https://de.wikipedia.org/wiki/D%C3%BCrerquelle &lt;br&gt;              
                    wikidata_link : http://www.wikidata.org/entity/Q28255272</description>
                <styleUrl>#34</styleUrl>
                <Point id="975">
                    <coordinates>11.11605,49.561080555556,0.0</coordinates>
                </Point>
            </Placemark>
            <Placemark id="978">
                <name>Nuremberg Bunker</name>
                <description>                    category  : bunker &lt;br&gt;   
                    sitelinks : 2.0 &lt;br&gt;   
                    articleEN :  &lt;br&gt;             
                    articleDE : https://de.wikipedia.org/wiki/Tucherkeller_(N%C3%BCrnberg) &lt;br&gt;              
                    wikidata_link : http://www.wikidata.org/entity/Q28038711</description>
                <styleUrl>#34</styleUrl>
                <Point id="977">
                    <coordinates>11.08463,49.45815,0.0</coordinates>
                </Point>
            </Placemark>
            <Placemark id="980">
                <name>Bismarckschule</name>
                <description>                    category  : school building &lt;br&gt;   
                    sitelinks : 2.0 &lt;br&gt;   
                    articleEN :  &lt;br&gt;             
                    articleDE : https://de.wikipedia.org/wiki/Bismarckschule_(N%C3%BCrnberg) &lt;br&gt;              
                    wikidata_link : http://www.wikidata.org/entity/Q27842214</description>
                <styleUrl>#34</styleUrl>
                <Point id="979">
                    <coordinates>11.10277778,49.46361111,0.0</coordinates>
                </Point>
            </Placemark>
            <Placemark id="982">
                <name>Krugsweiher</name>
                <description>                    category  : still waters &lt;br&gt;   
                    sitelinks : 2.0 &lt;br&gt;   
                    articleEN :  &lt;br&gt;             
                    articleDE : https://de.wikipedia.org/wiki/Krugsweiher &lt;br&gt;              
                    wikidata_link : http://www.wikidata.org/entity/Q26226430</description>
                <styleUrl>#34</styleUrl>
                <Point id="981">
                    <coordinates>11.18879,49.36929,0.0</coordinates>
                </Point>
            </Placemark>
            <Placemark id="984">
                <name>Hubertusbrunnen (Feucht)</name>
                <description>                    category  : spring &lt;br&gt;   
                    sitelinks : 2.0 &lt;br&gt;   
                    articleEN :  &lt;br&gt;             
                    articleDE : https://de.wikipedia.org/wiki/Hubertusbrunnen_bei_Feucht &lt;br&gt;              
                    wikidata_link : http://www.wikidata.org/entity/Q26207174</description>
                <styleUrl>#34</styleUrl>
                <Point id="983">
                    <coordinates>11.24249,49.39483,0.0</coordinates>
                </Point>
            </Placemark>
            <Placemark id="986">
                <name>Laufamholz</name>
                <description>                    category  : Ortsteil &lt;br&gt;   
                    sitelinks : 2.0 &lt;br&gt;   
                    articleEN :  &lt;br&gt;             
                    articleDE : https://de.wikipedia.org/wiki/Laufamholz_(Happurger_Str.) &lt;br&gt;              
                    wikidata_link : http://www.wikidata.org/entity/Q25392626</description>
                <styleUrl>#34</styleUrl>
                <Point id="985">
                    <coordinates>11.157627,49.464818,0.0</coordinates>
                </Point>
            </Placemark>
            <Placemark id="988">
                <name>Die Camera</name>
                <description>                    category  : music venue &lt;br&gt;   
                    sitelinks : 2.0 &lt;br&gt;   
                    articleEN :  &lt;br&gt;             
                    articleDE : https://de.wikipedia.org/wiki/Die_Camera_(F%C3%BCrth) &lt;br&gt;              
                    wikidata_link : http://www.wikidata.org/entity/Q25089842</description>
                <styleUrl>#34</styleUrl>
                <Point id="987">
                    <coordinates>10.986492,49.463409,0.0</coordinates>
                </Point>
            </Placemark>
            <Placemark id="990">
                <name>Orpheum</name>
                <description>                    category  : multi-purpose hall &lt;br&gt;   
                    sitelinks : 2.0 &lt;br&gt;   
                    articleEN :  &lt;br&gt;             
                    articleDE : https://de.wikipedia.org/wiki/Orpheum_(N%C3%BCrnberg) &lt;br&gt;              
                    wikidata_link : http://www.wikidata.org/entity/Q25089828</description>
                <styleUrl>#34</styleUrl>
                <Point id="989">
                    <coordinates>11.066475,49.458146,0.0</coordinates>
                </Point>
            </Placemark>
            <Placemark id="992">
                <name>Lokschuppen</name>
                <description>                    category  : engine shed &lt;br&gt;   
                    sitelinks : 2.0 &lt;br&gt;   
                    articleEN :  &lt;br&gt;             
                    articleDE : https://de.wikipedia.org/wiki/Lokschuppen_F%C3%BCrth &lt;br&gt;              
                    wikidata_link : http://www.wikidata.org/entity/Q25089203</description>
                <styleUrl>#34</styleUrl>
                <Point id="991">
                    <coordinates>11.009537,49.46563,0.0</coordinates>
                </Point>
            </Placemark>
            <Placemark id="994">
                <name>Library of the Technische Hochschule Nuremberg Georg Simon Ohm</name>
                <description>                    category  : university library &lt;br&gt;   
                    sitelinks : 2.0 &lt;br&gt;   
                    articleEN :  &lt;br&gt;             
                    articleDE : https://de.wikipedia.org/wiki/Bibliothek_der_Technischen_Hochschule_N%C3%BCrnberg_Georg_Simon_Ohm &lt;br&gt;              
                    wikidata_link : http://www.wikidata.org/entity/Q24422295</description>
                <styleUrl>#34</styleUrl>
                <Point id="993">
                    <coordinates>11.09251,49.45257,0.0</coordinates>
                </Point>
            </Placemark>
            <Placemark id="996">
                <name>Gustav-Adolf-Gedächtniskirche (Nürnberg)</name>
                <description>                    category  : church building &lt;br&gt;   
                    sitelinks : 2.0 &lt;br&gt;   
                    articleEN :  &lt;br&gt;             
                    articleDE : https://de.wikipedia.org/wiki/Gustav-Adolf-Ged%C3%A4chtniskirche_(N%C3%BCrnberg) &lt;br&gt;              
                    wikidata_link : http://www.wikidata.org/entity/Q23796888</description>
                <styleUrl>#34</styleUrl>
                <Point id="995">
                    <coordinates>11.08956,49.43786,0.0</coordinates>
                </Point>
            </Placemark>
            <Placemark id="998">
                <name>Wilhelm-Löhe-Schule</name>
                <description>                    category  : architectural structure &lt;br&gt;   
                    sitelinks : 2.0 &lt;br&gt;   
                    articleEN :  &lt;br&gt;             
                    articleDE : https://de.wikipedia.org/wiki/Wilhelm-L%C3%B6he-Schule &lt;br&gt;              
                    wikidata_link : http://www.wikidata.org/entity/Q23786271</description>
                <styleUrl>#34</styleUrl>
                <Point id="997">
                    <coordinates>11.06252,49.4545,0.0</coordinates>
                </Point>
            </Placemark>
            <Placemark id="1000">
                <name>Kopernikusplatz</name>
                <description>                    category  : square &lt;br&gt;   
                    sitelinks : 2.0 &lt;br&gt;   
                    articleEN :  &lt;br&gt;             
                    articleDE : https://de.wikipedia.org/wiki/Kopernikusplatz_(N%C3%BCrnberg) &lt;br&gt;              
                    wikidata_link : http://www.wikidata.org/entity/Q23649547</description>
                <styleUrl>#34</styleUrl>
                <Point id="999">
                    <coordinates>11.08122,49.43916,0.0</coordinates>
                </Point>
            </Placemark>
            <Placemark id="1002">
                <name>Fürth municipal museum</name>
                <description>                    category  : city museum &lt;br&gt;   
                    sitelinks : 2.0 &lt;br&gt;   
                    articleEN :  &lt;br&gt;             
                    articleDE : https://de.wikipedia.org/wiki/Stadtmuseum_F%C3%BCrth &lt;br&gt;              
                    wikidata_link : http://www.wikidata.org/entity/Q2327651</description>
                <styleUrl>#34</styleUrl>
                <Point id="1001">
                    <coordinates>10.987108333333,49.473886111111,0.0</coordinates>
                </Point>
            </Placemark>
            <Placemark id="1004">
                <name>Nuremberg City Library</name>
                <description>                    category  : municipal library &lt;br&gt;   
                    sitelinks : 2.0 &lt;br&gt;   
                    articleEN :  &lt;br&gt;             
                    articleDE : https://de.wikipedia.org/wiki/Stadtbibliothek_N%C3%BCrnberg &lt;br&gt;              
                    wikidata_link : http://www.wikidata.org/entity/Q2326885</description>
                <styleUrl>#34</styleUrl>
                <Point id="1003">
                    <coordinates>11.081,49.4569,0.0</coordinates>
                </Point>
            </Placemark>
            <Placemark id="1006">
                <name>Stadtarchiv Nürnberg</name>
                <description>                    category  : municipal archive &lt;br&gt;   
                    sitelinks : 2.0 &lt;br&gt;   
                    articleEN :  &lt;br&gt;             
                    articleDE : https://de.wikipedia.org/wiki/Stadtarchiv_N%C3%BCrnberg &lt;br&gt;              
                    wikidata_link : http://www.wikidata.org/entity/Q2326574</description>
                <styleUrl>#34</styleUrl>
                <Point id="1005">
                    <coordinates>11.08442,49.45154,0.0</coordinates>
                </Point>
            </Placemark>
            <Placemark id="1008">
                <name>Stadeln</name>
                <description>                    category  : Ortsteil &lt;br&gt;   
                    sitelinks : 2.0 &lt;br&gt;   
                    articleEN :  &lt;br&gt;             
                    articleDE : https://de.wikipedia.org/wiki/Stadeln_(F%C3%BCrth) &lt;br&gt;              
                    wikidata_link : http://www.wikidata.org/entity/Q2325970</description>
                <styleUrl>#34</styleUrl>
                <Point id="1007">
                    <coordinates>10.9758,49.5125,0.0</coordinates>
                </Point>
            </Placemark>
            <Placemark id="1010">
                <name>Bayerisches Staatsarchiv Nürnberg</name>
                <description>                    category  : archive &lt;br&gt;   
                    sitelinks : 2.0 &lt;br&gt;   
                    articleEN :  &lt;br&gt;             
                    articleDE : https://de.wikipedia.org/wiki/Staatsarchiv_N%C3%BCrnberg &lt;br&gt;              
                    wikidata_link : http://www.wikidata.org/entity/Q2324736</description>
                <styleUrl>#34</styleUrl>
                <Point id="1009">
                    <coordinates>11.0743,49.4627,0.0</coordinates>
                </Point>
            </Placemark>
            <Placemark id="1012">
                <name>St. Leonhard</name>
                <description>                    category  : Q28538792 &lt;br&gt;   
                    sitelinks : 2.0 &lt;br&gt;   
                    articleEN :  &lt;br&gt;             
                    articleDE : https://de.wikipedia.org/wiki/St._Leonhard_(N%C3%BCrnberg) &lt;br&gt;              
                    wikidata_link : http://www.wikidata.org/entity/Q2320268</description>
                <styleUrl>#34</styleUrl>
                <Point id="1011">
                    <coordinates>11.052,49.4398,0.0</coordinates>
                </Point>
            </Placemark>
            <Placemark id="1014">
                <name>St. Andreas</name>
                <description>                    category  : church building &lt;br&gt;   
                    sitelinks : 2.0 &lt;br&gt;   
                    articleEN :  &lt;br&gt;             
                    articleDE : https://de.wikipedia.org/wiki/St._Andreas_(N%C3%BCrnberg) &lt;br&gt;              
                    wikidata_link : http://www.wikidata.org/entity/Q2317007</description>
                <styleUrl>#34</styleUrl>
                <Point id="1013">
                    <coordinates>11.0709,49.4718,0.0</coordinates>
                </Point>
            </Placemark>
            <Placemark id="1016">
                <name>Sportanlage Langenau</name>
                <description>                    category  : association football venue &lt;br&gt;   
                    sitelinks : 2.0 &lt;br&gt;   
                    articleEN :  &lt;br&gt;             
                    articleDE : https://de.wikipedia.org/wiki/Sportanlage_Langenau &lt;br&gt;              
                    wikidata_link : http://www.wikidata.org/entity/Q2312370</description>
                <styleUrl>#34</styleUrl>
                <Point id="1015">
                    <coordinates>10.9947,49.5557,0.0</coordinates>
                </Point>
            </Placemark>
            <Placemark id="1018">
                <name>Q2311413</name>
                <description>                    category  : tower &lt;br&gt;   
                    sitelinks : 2.0 &lt;br&gt;   
                    articleEN :  &lt;br&gt;             
                    articleDE : https://de.wikipedia.org/wiki/Spittlertor &lt;br&gt;              
                    wikidata_link : http://www.wikidata.org/entity/Q2311413</description>
                <styleUrl>#34</styleUrl>
                <Point id="1017">
                    <coordinates>11.0668,49.4483,0.0</coordinates>
                </Point>
            </Placemark>
            <Placemark id="1020">
                <name>Spitalkirche</name>
                <description>                    category  : church building &lt;br&gt;   
                    sitelinks : 2.0 &lt;br&gt;   
                    articleEN :  &lt;br&gt;             
                    articleDE : https://de.wikipedia.org/wiki/Spitalkirche_(Schwabach) &lt;br&gt;              
                    wikidata_link : http://www.wikidata.org/entity/Q2311296</description>
                <styleUrl>#34</styleUrl>
                <Point id="1019">
                    <coordinates>11.0191,49.3301,0.0</coordinates>
                </Point>
            </Placemark>
            <Placemark id="1022">
                <name>Spitalhof (Nürnberg)</name>
                <description>                    category  : street &lt;br&gt;   
                    sitelinks : 2.0 &lt;br&gt;   
                    articleEN :  &lt;br&gt;             
                    articleDE : https://de.wikipedia.org/wiki/Spitalhof_(N%C3%BCrnberg) &lt;br&gt;              
                    wikidata_link : http://www.wikidata.org/entity/Q2311268</description>
                <styleUrl>#34</styleUrl>
                <Point id="1021">
                    <coordinates>11.120833333333,49.473888888889,0.0</coordinates>
                </Point>
            </Placemark>
            <Placemark id="1024">
                <name>Q2284924</name>
                <description>                    category  : gymnasium &lt;br&gt;   
                    sitelinks : 2.0 &lt;br&gt;   
                    articleEN :  &lt;br&gt;             
                    articleDE : https://de.wikipedia.org/wiki/Schulzentrum_S%C3%BCdwest_N%C3%BCrnberg &lt;br&gt;              
                    wikidata_link : http://www.wikidata.org/entity/Q2284924</description>
                <styleUrl>#34</styleUrl>
                <Point id="1023">
                    <coordinates>11.0436,49.4118,0.0</coordinates>
                </Point>
            </Placemark>
            <Placemark id="1026">
                <name>Siedlung Nordostbahnhof</name>
                <description>                    category  : quarter &lt;br&gt;   
                    sitelinks : 2.0 &lt;br&gt;   
                    articleEN :  &lt;br&gt;             
                    articleDE : https://de.wikipedia.org/wiki/Siedlung_Nordostbahnhof &lt;br&gt;              
                    wikidata_link : http://www.wikidata.org/entity/Q2282656</description>
                <styleUrl>#34</styleUrl>
                <Point id="1025">
                    <coordinates>11.1052,49.4721,0.0</coordinates>
                </Point>
            </Placemark>
            <Placemark id="1028">
                <name>Schweinau</name>
                <description>                    category  : Q28538792 &lt;br&gt;   
                    sitelinks : 2.0 &lt;br&gt;   
                    articleEN :  &lt;br&gt;             
                    articleDE : https://de.wikipedia.org/wiki/Schweinau &lt;br&gt;              
                    wikidata_link : http://www.wikidata.org/entity/Q2255611</description>
                <styleUrl>#34</styleUrl>
                <Point id="1027">
                    <coordinates>11.0453,49.4352,0.0</coordinates>
                </Point>
            </Placemark>
            <Placemark id="1030">
                <name>Schoppershof</name>
                <description>                    category  : Q28538792 &lt;br&gt;   
                    sitelinks : 2.0 &lt;br&gt;   
                    articleEN :  &lt;br&gt;             
                    articleDE : https://de.wikipedia.org/wiki/Schoppershof &lt;br&gt;              
                    wikidata_link : http://www.wikidata.org/entity/Q2248941</description>
                <styleUrl>#34</styleUrl>
                <Point id="1029">
                    <coordinates>11.1097,49.4694,0.0</coordinates>
                </Point>
            </Placemark>
            <Placemark id="1032">
                <name>Schniegling</name>
                <description>                    category  : Q28538792 &lt;br&gt;   
                    sitelinks : 2.0 &lt;br&gt;   
                    articleEN :  &lt;br&gt;             
                    articleDE : https://de.wikipedia.org/wiki/Schniegling &lt;br&gt;              
                    wikidata_link : http://www.wikidata.org/entity/Q2247979</description>
                <styleUrl>#34</styleUrl>
                <Point id="1031">
                    <coordinates>11.0284,49.4695,0.0</coordinates>
                </Point>
            </Placemark>
            <Placemark id="1034">
                <name>Malmsbach Castle</name>
                <description>                    category  : water castle &lt;br&gt;   
                    sitelinks : 2.0 &lt;br&gt;   
                    articleEN :  &lt;br&gt;             
                    articleDE : https://de.wikipedia.org/wiki/Schloss_Malmsbach &lt;br&gt;              
                    wikidata_link : http://www.wikidata.org/entity/Q2242335</description>
                <styleUrl>#34</styleUrl>
                <Point id="1033">
                    <coordinates>11.18549,49.47389,0.0</coordinates>
                </Point>
            </Placemark>
            <Placemark id="1036">
                <name>Schleifweg</name>
                <description>                    category  : Q28538792 &lt;br&gt;   
                    sitelinks : 2.0 &lt;br&gt;   
                    articleEN :  &lt;br&gt;             
                    articleDE : https://de.wikipedia.org/wiki/Schleifweg_(N%C3%BCrnberg) &lt;br&gt;              
                    wikidata_link : http://www.wikidata.org/entity/Q2238924</description>
                <styleUrl>#34</styleUrl>
                <Point id="1035">
                    <coordinates>11.0912,49.4714,0.0</coordinates>
                </Point>
            </Placemark>
            <Placemark id="1038">
                <name>Sack</name>
                <description>                    category  : Ortsteil &lt;br&gt;   
                    sitelinks : 2.0 &lt;br&gt;   
                    articleEN :  &lt;br&gt;             
                    articleDE : https://de.wikipedia.org/wiki/Sack_(F%C3%BCrth) &lt;br&gt;              
                    wikidata_link : http://www.wikidata.org/entity/Q2210767</description>
                <styleUrl>#34</styleUrl>
                <Point id="1037">
                    <coordinates>11.0125,49.5033,0.0</coordinates>
                </Point>
            </Placemark>
            <Placemark id="1040">
                <name>SS-Kaserne</name>
                <description>                    category  : building &lt;br&gt;   
                    sitelinks : 2.0 &lt;br&gt;   
                    articleEN :  &lt;br&gt;             
                    articleDE : https://de.wikipedia.org/wiki/SS-Kaserne_(N%C3%BCrnberg) &lt;br&gt;              
                    wikidata_link : http://www.wikidata.org/entity/Q2207774</description>
                <styleUrl>#34</styleUrl>
                <Point id="1039">
                    <coordinates>11.097575,49.430417,0.0</coordinates>
                </Point>
            </Placemark>
            <Placemark id="1042">
                <name>Röthenbach bei Schweinau</name>
                <description>                    category  : quarter &lt;br&gt;   
                    sitelinks : 2.0 &lt;br&gt;   
                    articleEN :  &lt;br&gt;             
                    articleDE : https://de.wikipedia.org/wiki/R%C3%B6thenbach_bei_Schweinau &lt;br&gt;              
                    wikidata_link : http://www.wikidata.org/entity/Q2202922</description>
                <styleUrl>#34</styleUrl>
                <Point id="1041">
                    <coordinates>11.0367,49.4172,0.0</coordinates>
                </Point>
            </Placemark>
            <Placemark id="1044">
                <name>Röthenbach bei Sankt Wolfgang</name>
                <description>                    category  : Ortsteil &lt;br&gt;   
                    sitelinks : 2.0 &lt;br&gt;   
                    articleEN :  &lt;br&gt;             
                    articleDE : https://de.wikipedia.org/wiki/R%C3%B6thenbach_bei_Sankt_Wolfgang &lt;br&gt;              
                    wikidata_link : http://www.wikidata.org/entity/Q2202919</description>
                <styleUrl>#34</styleUrl>
                <Point id="1043">
                    <coordinates>11.1697,49.3631,0.0</coordinates>
                </Point>
            </Placemark>
            <Placemark id="1046">
                <name>Röckenhof</name>
                <description>                    category  : Ortsteil &lt;br&gt;   
                    sitelinks : 2.0 &lt;br&gt;   
                    articleEN :  &lt;br&gt;             
                    articleDE : https://de.wikipedia.org/wiki/R%C3%B6ckenhof &lt;br&gt;              
                    wikidata_link : http://www.wikidata.org/entity/Q2179279</description>
                <styleUrl>#34</styleUrl>
                <Point id="1045">
                    <coordinates>11.1478,49.5664,0.0</coordinates>
                </Point>
            </Placemark>
            <Placemark id="1048">
                <name>Archivpark Nürnberg</name>
                <description>                    category  : park &lt;br&gt;   
                    sitelinks : 2.0 &lt;br&gt;   
                    articleEN :  &lt;br&gt;             
                    articleDE : https://de.wikipedia.org/wiki/Archivpark &lt;br&gt;              
                    wikidata_link : http://www.wikidata.org/entity/Q635978</description>
                <styleUrl>#34</styleUrl>
                <Point id="1047">
                    <coordinates>11.0737,49.4618,0.0</coordinates>
                </Point>
            </Placemark>
            <Placemark id="1050">
                <name>Arbeitsgericht Nürnberg</name>
                <description>                    category  : labor court &lt;br&gt;   
                    sitelinks : 2.0 &lt;br&gt;   
                    articleEN :  &lt;br&gt;             
                    articleDE : https://de.wikipedia.org/wiki/Arbeitsgericht_N%C3%BCrnberg &lt;br&gt;              
                    wikidata_link : http://www.wikidata.org/entity/Q627894</description>
                <styleUrl>#34</styleUrl>
                <Point id="1049">
                    <coordinates>11.059305555556,49.4535,0.0</coordinates>
                </Point>
            </Placemark>
            <Placemark id="1052">
                <name>Allerheiligenkirche</name>
                <description>                    category  : church building &lt;br&gt;   
                    sitelinks : 2.0 &lt;br&gt;   
                    articleEN :  &lt;br&gt;             
                    articleDE : https://de.wikipedia.org/wiki/Allerheiligenkirche_(Kleinschwarzenlohe) &lt;br&gt;              
                    wikidata_link : http://www.wikidata.org/entity/Q33104742</description>
                <styleUrl>#34</styleUrl>
                <Point id="1051">
                    <coordinates>11.109144,49.345181,0.0</coordinates>
                </Point>
            </Placemark>
            <Placemark id="1054">
                <name>Föhrenbuck</name>
                <description>                    category  : hill &lt;br&gt;   
                    sitelinks : 2.0 &lt;br&gt;   
                    articleEN :  &lt;br&gt;             
                    articleDE : https://de.wikipedia.org/wiki/F%C3%B6hrenbuck &lt;br&gt;              
                    wikidata_link : http://www.wikidata.org/entity/Q32843543</description>
                <styleUrl>#34</styleUrl>
                <Point id="1053">
                    <coordinates>11.07014,49.3944,0.0</coordinates>
                </Point>
            </Placemark>
            <Placemark id="1056">
                <name>Veilhof</name>
                <description>                    category  : Q28538792 &lt;br&gt;   
                    sitelinks : 2.0 &lt;br&gt;   
                    articleEN :  &lt;br&gt;             
                    articleDE : https://de.wikipedia.org/wiki/Veilhof &lt;br&gt;              
                    wikidata_link : http://www.wikidata.org/entity/Q2512011</description>
                <styleUrl>#34</styleUrl>
                <Point id="1055">
                    <coordinates>11.1286,49.4106,0.0</coordinates>
                </Point>
            </Placemark>
            <Placemark id="1058">
                <name>Untermichelbach (Obermichelbach)</name>
                <description>                    category  : Ortsteil &lt;br&gt;   
                    sitelinks : 2.0 &lt;br&gt;   
                    articleEN :  &lt;br&gt;             
                    articleDE : https://de.wikipedia.org/wiki/Untermichelbach_(Obermichelbach) &lt;br&gt;              
                    wikidata_link : http://www.wikidata.org/entity/Q2498082</description>
                <styleUrl>#34</styleUrl>
                <Point id="1057">
                    <coordinates>10.9222,49.5311,0.0</coordinates>
                </Point>
            </Placemark>
            <Placemark id="1060">
                <name>Unterfarrnbach</name>
                <description>                    category  : Ortsteil &lt;br&gt;   
                    sitelinks : 2.0 &lt;br&gt;   
                    articleEN :  &lt;br&gt;             
                    articleDE : https://de.wikipedia.org/wiki/Unterfarrnbach &lt;br&gt;              
                    wikidata_link : http://www.wikidata.org/entity/Q2497521</description>
                <styleUrl>#34</styleUrl>
                <Point id="1059">
                    <coordinates>10.95166667,49.49055556,0.0</coordinates>
                </Point>
            </Placemark>
            <Placemark id="1062">
                <name>Karl Gebhardt watch collection</name>
                <description>                    category  : collection &lt;br&gt;   
                    sitelinks : 2.0 &lt;br&gt;   
                    articleEN :  &lt;br&gt;             
                    articleDE : https://de.wikipedia.org/wiki/Uhrensammlung_Karl_Gebhardt &lt;br&gt;              
                    wikidata_link : http://www.wikidata.org/entity/Q2474193</description>
                <styleUrl>#34</styleUrl>
                <Point id="1061">
                    <coordinates>11.0833,49.4517,0.0</coordinates>
                </Point>
            </Placemark>
            <Placemark id="1064">
                <name>Trödelmarkt</name>
                <description>                    category  : square &lt;br&gt;   
                    sitelinks : 2.0 &lt;br&gt;   
                    articleEN :  &lt;br&gt;             
                    articleDE : https://de.wikipedia.org/wiki/Tr%C3%B6delmarkt_(N%C3%BCrnberg) &lt;br&gt;              
                    wikidata_link : http://www.wikidata.org/entity/Q2457151</description>
                <styleUrl>#34</styleUrl>
                <Point id="1063">
                    <coordinates>11.0744,49.4531,0.0</coordinates>
                </Point>
            </Placemark>
            <Placemark id="1066">
                <name>Thon, Nuremberg</name>
                <description>                    category  : Q28538792 &lt;br&gt;   
                    sitelinks : 2.0 &lt;br&gt;   
                    articleEN :  &lt;br&gt;             
                    articleDE : https://de.wikipedia.org/wiki/Thon_(N%C3%BCrnberg) &lt;br&gt;              
                    wikidata_link : http://www.wikidata.org/entity/Q2428744</description>
                <styleUrl>#34</styleUrl>
                <Point id="1065">
                    <coordinates>11.0583,49.4783,0.0</coordinates>
                </Point>
            </Placemark>
            <Placemark id="1068">
                <name>Theater Pfütze</name>
                <description>                    category  : theatre company &lt;br&gt;   
                    sitelinks : 2.0 &lt;br&gt;   
                    articleEN :  &lt;br&gt;             
                    articleDE : https://de.wikipedia.org/wiki/Theater_Pf%C3%BCtze &lt;br&gt;              
                    wikidata_link : http://www.wikidata.org/entity/Q2415919</description>
                <styleUrl>#34</styleUrl>
                <Point id="1067">
                    <coordinates>11.08773,49.4566,0.0</coordinates>
                </Point>
            </Placemark>
            <Placemark id="1070">
                <name>Teufelsbrünnlein</name>
                <description>                    category  : water well &lt;br&gt;   
                    sitelinks : 2.0 &lt;br&gt;   
                    articleEN :  &lt;br&gt;             
                    articleDE : https://de.wikipedia.org/wiki/Teufelsbr%C3%BCnnlein &lt;br&gt;              
                    wikidata_link : http://www.wikidata.org/entity/Q2407015</description>
                <styleUrl>#34</styleUrl>
                <Point id="1069">
                    <coordinates>11.078,49.4512,0.0</coordinates>
                </Point>
            </Placemark>
            <Placemark id="1072">
                <name>Tennenloher Forst</name>
                <description>                    category  : protected area &lt;br&gt;   
                    sitelinks : 2.0 &lt;br&gt;   
                    articleEN :  &lt;br&gt;             
                    articleDE : https://de.wikipedia.org/wiki/Tennenloher_Forst &lt;br&gt;              
                    wikidata_link : http://www.wikidata.org/entity/Q2403583</description>
                <styleUrl>#34</styleUrl>
                <Point id="1071">
                    <coordinates>11.0508,49.5592,0.0</coordinates>
                </Point>
            </Placemark>
            <Placemark id="1074">
                <name>Sündersbühl</name>
                <description>                    category  : Q28538792 &lt;br&gt;   
                    sitelinks : 2.0 &lt;br&gt;   
                    articleEN :  &lt;br&gt;             
                    articleDE : https://de.wikipedia.org/wiki/S%C3%BCndersb%C3%BChl &lt;br&gt;              
                    wikidata_link : http://www.wikidata.org/entity/Q2382147</description>
                <styleUrl>#34</styleUrl>
                <Point id="1073">
                    <coordinates>11.0417,49.4444,0.0</coordinates>
                </Point>
            </Placemark>
            <Placemark id="1076">
                <name>Südwestpark</name>
                <description>                    category  : business park &lt;br&gt;   
                    sitelinks : 2.0 &lt;br&gt;   
                    articleEN :  &lt;br&gt;             
                    articleDE : https://de.wikipedia.org/wiki/S%C3%BCdwestpark &lt;br&gt;              
                    wikidata_link : http://www.wikidata.org/entity/Q2381794</description>
                <styleUrl>#34</styleUrl>
                <Point id="1075">
                    <coordinates>11.0197,49.4286,0.0</coordinates>
                </Point>
            </Placemark>
            <Placemark id="1078">
                <name>Südstadtpark</name>
                <description>                    category  : park &lt;br&gt;   
                    sitelinks : 2.0 &lt;br&gt;   
                    articleEN :  &lt;br&gt;             
                    articleDE : https://de.wikipedia.org/wiki/S%C3%BCdstadtpark_(N%C3%BCrnberg) &lt;br&gt;              
                    wikidata_link : http://www.wikidata.org/entity/Q2381523</description>
                <styleUrl>#34</styleUrl>
                <Point id="1077">
                    <coordinates>11.0781,49.4441,0.0</coordinates>
                </Point>
            </Placemark>
            <Placemark id="1080">
                <name>Autobahndreieck Nürnberg/Feucht</name>
                <description>                    category  : interchange &lt;br&gt;   
                    sitelinks : 2.0 &lt;br&gt;   
                    articleEN :  &lt;br&gt;             
                    articleDE : https://de.wikipedia.org/wiki/Autobahndreieck_N%C3%BCrnberg/Feucht &lt;br&gt;              
                    wikidata_link : http://www.wikidata.org/entity/Q785585</description>
                <styleUrl>#34</styleUrl>
                <Point id="1079">
                    <coordinates>11.2036,49.3494,0.0</coordinates>
                </Point>
            </Placemark>
            <Placemark id="1082">
                <name>Augustinerkloster Nürnberg</name>
                <description>                    category  : religious community &lt;br&gt;   
                    sitelinks : 2.0 &lt;br&gt;   
                    articleEN :  &lt;br&gt;             
                    articleDE : https://de.wikipedia.org/wiki/Augustinerkloster_N%C3%BCrnberg &lt;br&gt;              
                    wikidata_link : http://www.wikidata.org/entity/Q768527</description>
                <styleUrl>#34</styleUrl>
                <Point id="1081">
                    <coordinates>11.0753,49.4542,0.0</coordinates>
                </Point>
            </Placemark>
            <Placemark id="1084">
                <name>Atzenhof</name>
                <description>                    category  : Ortsteil &lt;br&gt;   
                    sitelinks : 2.0 &lt;br&gt;   
                    articleEN :  &lt;br&gt;             
                    articleDE : https://de.wikipedia.org/wiki/Atzenhof_(F%C3%BCrth) &lt;br&gt;              
                    wikidata_link : http://www.wikidata.org/entity/Q758328</description>
                <styleUrl>#34</styleUrl>
                <Point id="1083">
                    <coordinates>10.9528,49.5042,0.0</coordinates>
                </Point>
            </Placemark>
            <Placemark id="1086">
                <name>Schafhof</name>
                <description>                    category  : Q28538792 &lt;br&gt;   
                    sitelinks : 2.0 &lt;br&gt;   
                    articleEN :  &lt;br&gt;             
                    articleDE : https://de.wikipedia.org/wiki/Schafhof_(N%C3%BCrnberg) &lt;br&gt;              
                    wikidata_link : http://www.wikidata.org/entity/Q1524469</description>
                <styleUrl>#34</styleUrl>
                <Point id="1085">
                    <coordinates>11.118333333333,49.480083333333,0.0</coordinates>
                </Point>
            </Placemark>
            <Placemark id="1088">
                <name>Heeresmunitionsanstalt Feucht</name>
                <description>                    category  : German armed forces munitions plant &lt;br&gt;   
                    sitelinks : 2.0 &lt;br&gt;   
                    articleEN :  &lt;br&gt;             
                    articleDE : https://de.wikipedia.org/wiki/Heeresmunitionsanstalt_Feucht &lt;br&gt;              
                    wikidata_link : http://www.wikidata.org/entity/Q1524103</description>
                <styleUrl>#34</styleUrl>
                <Point id="1087">
                    <coordinates>11.18138889,49.38138889,0.0</coordinates>
                </Point>
            </Placemark>
            <Placemark id="1090">
                <name>Geschäftshaus Theresienstraße 11, Nürnberg</name>
                <description>                    category  : architectural structure &lt;br&gt;   
                    sitelinks : 2.0 &lt;br&gt;   
                    articleEN :  &lt;br&gt;             
                    articleDE : https://de.wikipedia.org/wiki/Gesch%C3%A4ftshaus_Theresienstra%C3%9Fe_11_(N%C3%BCrnberg) &lt;br&gt;              
                    wikidata_link : http://www.wikidata.org/entity/Q1518174</description>
                <styleUrl>#34</styleUrl>
                <Point id="1089">
                    <coordinates>11.0793,49.4558,0.0</coordinates>
                </Point>
            </Placemark>
            <Placemark id="1092">
                <name>Künstlerhaus Nürnberg</name>
                <description>                    category  : artist's house &lt;br&gt;   
                    sitelinks : 2.0 &lt;br&gt;   
                    articleEN :  &lt;br&gt;             
                    articleDE : https://de.wikipedia.org/wiki/K%C3%BCnstlerhaus_N%C3%BCrnberg &lt;br&gt;              
                    wikidata_link : http://www.wikidata.org/entity/Q1517025</description>
                <styleUrl>#34</styleUrl>
                <Point id="1091">
                    <coordinates>11.0818,49.4484,0.0</coordinates>
                </Point>
            </Placemark>
            <Placemark id="1094">
                <name>Schüsselstein bei Fischbach</name>
                <description>                    category  : geotope &lt;br&gt;   
                    sitelinks : 2.0 &lt;br&gt;   
                    articleEN :  &lt;br&gt;             
                    articleDE : https://de.wikipedia.org/wiki/Sch%C3%BCsselstein_bei_Fischbach &lt;br&gt;              
                    wikidata_link : http://www.wikidata.org/entity/Q1514111</description>
                <styleUrl>#34</styleUrl>
                <Point id="1093">
                    <coordinates>11.1887,49.4383,0.0</coordinates>
                </Point>
            </Placemark>
            <Placemark id="1096">
                <name>Poststadt Nürnberg</name>
                <description>                    category  : architectural structure &lt;br&gt;   
                    sitelinks : 2.0 &lt;br&gt;   
                    articleEN :  &lt;br&gt;             
                    articleDE : https://de.wikipedia.org/wiki/Poststadt &lt;br&gt;              
                    wikidata_link : http://www.wikidata.org/entity/Q1510695</description>
                <styleUrl>#34</styleUrl>
                <Point id="1095">
                    <coordinates>11.091332927536,49.436011468753,0.0</coordinates>
                </Point>
            </Placemark>
            <Placemark id="1098">
                <name>Mittelmühle</name>
                <description>                    category  : building &lt;br&gt;   
                    sitelinks : 2.0 &lt;br&gt;   
                    articleEN :  &lt;br&gt;             
                    articleDE : https://de.wikipedia.org/wiki/Mittelm%C3%BChle_(N%C3%BCrnberg) &lt;br&gt;              
                    wikidata_link : http://www.wikidata.org/entity/Q1508327</description>
                <styleUrl>#34</styleUrl>
                <Point id="1097">
                    <coordinates>10.998,49.5345,0.0</coordinates>
                </Point>
            </Placemark>
            <Placemark id="1100">
                <name>Q1503692</name>
                <description>                    category  : business &lt;br&gt;   
                    sitelinks : 2.0 &lt;br&gt;   
                    articleEN :  &lt;br&gt;             
                    articleDE : https://de.wikipedia.org/wiki/Tafelwerk_N%C3%BCrnberg &lt;br&gt;              
                    wikidata_link : http://www.wikidata.org/entity/Q1503692</description>
                <styleUrl>#34</styleUrl>
                <Point id="1099">
                    <coordinates>11.11083333,49.46111111,0.0</coordinates>
                </Point>
            </Placemark>
            <Placemark id="1102">
                <name>Gefütterter Graben bei Ungelstetten</name>
                <description>                    category  : graben &lt;br&gt;   
                    sitelinks : 2.0 &lt;br&gt;   
                    articleEN :  &lt;br&gt;             
                    articleDE : https://de.wikipedia.org/wiki/Gef%C3%BCtterter_Graben_bei_Ungelstetten &lt;br&gt;              
                    wikidata_link : http://www.wikidata.org/entity/Q1498210</description>
                <styleUrl>#34</styleUrl>
                <Point id="1101">
                    <coordinates>11.2698,49.4248,0.0</coordinates>
                </Point>
            </Placemark>
            <Placemark id="1104">
                <name>Gaulnhofen</name>
                <description>                    category  : Ortsteil &lt;br&gt;   
                    sitelinks : 2.0 &lt;br&gt;   
                    articleEN :  &lt;br&gt;             
                    articleDE : https://de.wikipedia.org/wiki/Gaulnhofen &lt;br&gt;              
                    wikidata_link : http://www.wikidata.org/entity/Q1496219</description>
                <styleUrl>#34</styleUrl>
                <Point id="1103">
                    <coordinates>11.0756,49.3639,0.0</coordinates>
                </Point>
            </Placemark>
            <Placemark id="1106">
                <name>Gartenstadt</name>
                <description>                    category  : Q28538792 &lt;br&gt;   
                    sitelinks : 2.0 &lt;br&gt;   
                    articleEN :  &lt;br&gt;             
                    articleDE : https://de.wikipedia.org/wiki/Gartenstadt_(N%C3%BCrnberg) &lt;br&gt;              
                    wikidata_link : http://www.wikidata.org/entity/Q1494690</description>
                <styleUrl>#34</styleUrl>
                <Point id="1105">
                    <coordinates>11.0783,49.4134,0.0</coordinates>
                </Point>
            </Placemark>
            <Placemark id="1108">
                <name>Galgenhof</name>
                <description>                    category  : Q28538792 &lt;br&gt;   
                    sitelinks : 2.0 &lt;br&gt;   
                    articleEN :  &lt;br&gt;             
                    articleDE : https://de.wikipedia.org/wiki/Galgenhof &lt;br&gt;              
                    wikidata_link : http://www.wikidata.org/entity/Q1492027</description>
                <styleUrl>#34</styleUrl>
                <Point id="1107">
                    <coordinates>11.0822,49.4392,0.0</coordinates>
                </Point>
            </Placemark>
            <Placemark id="1110">
                <name>Gaismannshof</name>
                <description>                    category  : Q28538792 &lt;br&gt;   
                    sitelinks : 2.0 &lt;br&gt;   
                    articleEN :  &lt;br&gt;             
                    articleDE : https://de.wikipedia.org/wiki/Gaismannshof &lt;br&gt;              
                    wikidata_link : http://www.wikidata.org/entity/Q1491375</description>
                <styleUrl>#34</styleUrl>
                <Point id="1109">
                    <coordinates>11.0253,49.4479,0.0</coordinates>
                </Point>
            </Placemark>
            <Placemark id="1112">
                <name>Neukatzwang</name>
                <description>                    category  : Ortsteil &lt;br&gt;   
                    sitelinks : 2.0 &lt;br&gt;   
                    articleEN :  &lt;br&gt;             
                    articleDE : https://de.wikipedia.org/wiki/Neukatzwang &lt;br&gt;              
                    wikidata_link : http://www.wikidata.org/entity/Q1491084</description>
                <styleUrl>#34</styleUrl>
                <Point id="1111">
                    <coordinates>11.05358,49.3613,0.0</coordinates>
                </Point>
            </Placemark>
            <Placemark id="1114">
                <name>Großschwarzenlohe</name>
                <description>                    category  : Ortsteil &lt;br&gt;   
                    sitelinks : 2.0 &lt;br&gt;   
                    articleEN :  &lt;br&gt;             
                    articleDE : https://de.wikipedia.org/wiki/Gro%C3%9Fschwarzenlohe &lt;br&gt;              
                    wikidata_link : http://www.wikidata.org/entity/Q1485573</description>
                <styleUrl>#34</styleUrl>
                <Point id="1113">
                    <coordinates>11.1131,49.3397,0.0</coordinates>
                </Point>
            </Placemark>
            <Placemark id="1116">
                <name>Fürther Straße (Nürnberg)</name>
                <description>                    category  : street &lt;br&gt;   
                    sitelinks : 2.0 &lt;br&gt;   
                    articleEN :  &lt;br&gt;             
                    articleDE : https://de.wikipedia.org/wiki/F%C3%BCrther_Stra%C3%9Fe &lt;br&gt;              
                    wikidata_link : http://www.wikidata.org/entity/Q1483724</description>
                <styleUrl>#34</styleUrl>
                <Point id="1115">
                    <coordinates>11.0409,49.4558,0.0</coordinates>
                </Point>
            </Placemark>
            <Placemark id="1118">
                <name>Rundfunkmuseum Fürth</name>
                <description>                    category  : museum of broadcasting &lt;br&gt;   
                    sitelinks : 2.0 &lt;br&gt;   
                    articleEN :  &lt;br&gt;             
                    articleDE : https://de.wikipedia.org/wiki/Rundfunkmuseum_F%C3%BCrth &lt;br&gt;              
                    wikidata_link : http://www.wikidata.org/entity/Q1474539</description>
                <styleUrl>#34</styleUrl>
                <Point id="1117">
                    <coordinates>11.0127,49.4687,0.0</coordinates>
                </Point>
            </Placemark>
            <Placemark id="1120">
                <name>Fürther Tor</name>
                <description>                    category  : city gate &lt;br&gt;   
                    sitelinks : 2.0 &lt;br&gt;   
                    articleEN :  &lt;br&gt;             
                    articleDE : https://de.wikipedia.org/wiki/F%C3%BCrther_Tor &lt;br&gt;              
                    wikidata_link : http://www.wikidata.org/entity/Q1466366</description>
                <styleUrl>#34</styleUrl>
                <Point id="1119">
                    <coordinates>11.0664,49.4497,0.0</coordinates>
                </Point>
            </Placemark>
            <Placemark id="1122">
                <name>Finanzgericht Nürnberg</name>
                <description>                    category  : Finance Court &lt;br&gt;   
                    sitelinks : 2.0 &lt;br&gt;   
                    articleEN :  &lt;br&gt;             
                    articleDE : https://de.wikipedia.org/wiki/Finanzgericht_N%C3%BCrnberg &lt;br&gt;              
                    wikidata_link : http://www.wikidata.org/entity/Q1416350</description>
                <styleUrl>#34</styleUrl>
                <Point id="1121">
                    <coordinates>11.0639,49.454,0.0</coordinates>
                </Point>
            </Placemark>
            <Placemark id="1124">
                <name>Feuerwehrmuseum Nürnberg</name>
                <description>                    category  : firefighting museum &lt;br&gt;   
                    sitelinks : 2.0 &lt;br&gt;   
                    articleEN :  &lt;br&gt;             
                    articleDE : https://de.wikipedia.org/wiki/Feuerwehrmuseum_N%C3%BCrnberg &lt;br&gt;              
                    wikidata_link : http://www.wikidata.org/entity/Q1410049</description>
                <styleUrl>#34</styleUrl>
                <Point id="1123">
                    <coordinates>11.0875,49.4483,0.0</coordinates>
                </Point>
            </Placemark>
            <Placemark id="1126">
                <name>Feuerwache West</name>
                <description>                    category  : building &lt;br&gt;   
                    sitelinks : 2.0 &lt;br&gt;   
                    articleEN :  &lt;br&gt;             
                    articleDE : https://de.wikipedia.org/wiki/Feuerwache_West_(N%C3%BCrnberg) &lt;br&gt;              
                    wikidata_link : http://www.wikidata.org/entity/Q1409783</description>
                <styleUrl>#34</styleUrl>
                <Point id="1125">
                    <coordinates>11.0569,49.4536,0.0</coordinates>
                </Point>
            </Placemark>
            <Placemark id="1128">
                <name>Luitpoldhain</name>
                <description>                    category  : park &lt;br&gt;   
                    sitelinks : 2.0 &lt;br&gt;   
                    articleEN :  &lt;br&gt;             
                    articleDE : https://de.wikipedia.org/wiki/Luitpoldhain_(N%C3%BCrnberg) &lt;br&gt;              
                    wikidata_link : http://www.wikidata.org/entity/Q1406575</description>
                <styleUrl>#34</styleUrl>
                <Point id="1127">
                    <coordinates>11.1063,49.4345,0.0</coordinates>
                </Point>
            </Placemark>
            <Placemark id="1130">
                <name>Villa Spaeth</name>
                <description>                    category  : building &lt;br&gt;   
                    sitelinks : 2.0 &lt;br&gt;   
                    articleEN :  &lt;br&gt;             
                    articleDE : https://de.wikipedia.org/wiki/Villa_Spaeth &lt;br&gt;              
                    wikidata_link : http://www.wikidata.org/entity/Q1394380</description>
                <styleUrl>#34</styleUrl>
                <Point id="1129">
                    <coordinates>11.1142,49.4371,0.0</coordinates>
                </Point>
            </Placemark>
            <Placemark id="1132">
                <name>Wolfsfelden</name>
                <description>                    category  : abandoned village &lt;br&gt;   
                    sitelinks : 2.0 &lt;br&gt;   
                    articleEN :  &lt;br&gt;             
                    articleDE : https://de.wikipedia.org/wiki/Wolfsfelden &lt;br&gt;              
                    wikidata_link : http://www.wikidata.org/entity/Q1386711</description>
                <styleUrl>#34</styleUrl>
                <Point id="1131">
                    <coordinates>11.1053,49.5453,0.0</coordinates>
                </Point>
            </Placemark>
            <Placemark id="1134">
                <name>Evangelisch-Lutherisches Dekanat Nürnberg</name>
                <description>                    category  : deanery &lt;br&gt;   
                    sitelinks : 2.0 &lt;br&gt;   
                    articleEN :  &lt;br&gt;             
                    articleDE : https://de.wikipedia.org/wiki/Evangelisch-Lutherisches_Dekanat_N%C3%BCrnberg &lt;br&gt;              
                    wikidata_link : http://www.wikidata.org/entity/Q1379994</description>
                <styleUrl>#34</styleUrl>
                <Point id="1133">
                    <coordinates>11.07705,49.45594,0.0</coordinates>
                </Point>
            </Placemark>
            <Placemark id="1136">
                <name>Schmalau</name>
                <description>                    category  : quarter &lt;br&gt;   
                    sitelinks : 2.0 &lt;br&gt;   
                    articleEN :  &lt;br&gt;             
                    articleDE : https://de.wikipedia.org/wiki/Schmalau_(N%C3%BCrnberg) &lt;br&gt;              
                    wikidata_link : http://www.wikidata.org/entity/Q1374314</description>
                <styleUrl>#34</styleUrl>
                <Point id="1135">
                    <coordinates>11.0887,49.426,0.0</coordinates>
                </Point>
            </Placemark>
            <Placemark id="1138">
                <name>Sorg</name>
                <description>                    category  : Ortsteil &lt;br&gt;   
                    sitelinks : 2.0 &lt;br&gt;   
                    articleEN :  &lt;br&gt;             
                    articleDE : https://de.wikipedia.org/wiki/Sorg_(Wendelstein) &lt;br&gt;              
                    wikidata_link : http://www.wikidata.org/entity/Q1365198</description>
                <styleUrl>#34</styleUrl>
                <Point id="1137">
                    <coordinates>11.1267,49.3469,0.0</coordinates>
                </Point>
            </Placemark>
            <Placemark id="1140">
                <name>Hirsvogelsaal</name>
                <description>                    category  : architectural structure &lt;br&gt;   
                    sitelinks : 2.0 &lt;br&gt;   
                    articleEN :  &lt;br&gt;             
                    articleDE : https://de.wikipedia.org/wiki/Hirsvogelsaal &lt;br&gt;              
                    wikidata_link : http://www.wikidata.org/entity/Q1347640</description>
                <styleUrl>#34</styleUrl>
                <Point id="1139">
                    <coordinates>11.0841,49.4579,0.0</coordinates>
                </Point>
            </Placemark>
            <Placemark id="1142">
                <name>Rennweg</name>
                <description>                    category  : quarter &lt;br&gt;   
                    sitelinks : 2.0 &lt;br&gt;   
                    articleEN :  &lt;br&gt;             
                    articleDE : https://de.wikipedia.org/wiki/Rennweg_(N%C3%BCrnberg) &lt;br&gt;              
                    wikidata_link : http://www.wikidata.org/entity/Q1340515</description>
                <styleUrl>#34</styleUrl>
                <Point id="1141">
                    <coordinates>11.0975,49.4626,0.0</coordinates>
                </Point>
            </Placemark>
            <Placemark id="1144">
                <name>Herpersdorf</name>
                <description>                    category  : Ortsteil &lt;br&gt;   
                    sitelinks : 2.0 &lt;br&gt;   
                    articleEN :  &lt;br&gt;             
                    articleDE : https://de.wikipedia.org/wiki/Herpersdorf_(N%C3%BCrnberg) &lt;br&gt;              
                    wikidata_link : http://www.wikidata.org/entity/Q1334155</description>
                <styleUrl>#34</styleUrl>
                <Point id="1143">
                    <coordinates>11.0858,49.3703,0.0</coordinates>
                </Point>
            </Placemark>
            <Placemark id="1146">
                <name>Eltersdorf</name>
                <description>                    category  : Ortsteil &lt;br&gt;   
                    sitelinks : 2.0 &lt;br&gt;   
                    articleEN :  &lt;br&gt;             
                    articleDE : https://de.wikipedia.org/wiki/Eltersdorf &lt;br&gt;              
                    wikidata_link : http://www.wikidata.org/entity/Q1334111</description>
                <styleUrl>#34</styleUrl>
                <Point id="1145">
                    <coordinates>10.9888,49.5531,0.0</coordinates>
                </Point>
            </Placemark>
            <Placemark id="1148">
                <name>Klarissenkloster St. Klara (Nürnberg)</name>
                <description>                    category  : former monastery &lt;br&gt;   
                    sitelinks : 2.0 &lt;br&gt;   
                    articleEN :  &lt;br&gt;             
                    articleDE : https://de.wikipedia.org/wiki/Klarissenkloster_St._Klara_(N%C3%BCrnberg) &lt;br&gt;              
                    wikidata_link : http://www.wikidata.org/entity/Q1316166</description>
                <styleUrl>#34</styleUrl>
                <Point id="1147">
                    <coordinates>11.0794,49.4486,0.0</coordinates>
                </Point>
            </Placemark>
            <Placemark id="1150">
                <name>Felsenkeller bei Fischbach</name>
                <description>                    category  : rock cellar &lt;br&gt;   
                    sitelinks : 2.0 &lt;br&gt;   
                    articleEN :  &lt;br&gt;             
                    articleDE : https://de.wikipedia.org/wiki/Felsenkeller_bei_Fischbach_bei_N%C3%BCrnberg &lt;br&gt;              
                    wikidata_link : http://www.wikidata.org/entity/Q1310787</description>
                <styleUrl>#34</styleUrl>
                <Point id="1149">
                    <coordinates>11.1965,49.428,0.0</coordinates>
                </Point>
            </Placemark>
            <Placemark id="1152">
                <name>Helene-Lange-Gymnasium</name>
                <description>                    category  : architectural heritage monument &lt;br&gt;   
                    sitelinks : 2.0 &lt;br&gt;   
                    articleEN :  &lt;br&gt;             
                    articleDE : https://de.wikipedia.org/wiki/Helene-Lange-Gymnasium_F%C3%BCrth &lt;br&gt;              
                    wikidata_link : http://www.wikidata.org/entity/Q1303212</description>
                <styleUrl>#34</styleUrl>
                <Point id="1151">
                    <coordinates>11.001663976627,49.471297320563,0.0</coordinates>
                </Point>
            </Placemark>
            <Placemark id="1154">
                <name>Q1302127</name>
                <description>                    category  : road bridge &lt;br&gt;   
                    sitelinks : 2.0 &lt;br&gt;   
                    articleEN :  &lt;br&gt;             
                    articleDE : https://de.wikipedia.org/wiki/Steubenbr%C3%BCcke &lt;br&gt;              
                    wikidata_link : http://www.wikidata.org/entity/Q1302127</description>
                <styleUrl>#34</styleUrl>
                <Point id="1153">
                    <coordinates>11.0858,49.4522,0.0</coordinates>
                </Point>
            </Placemark>
            <Placemark id="1156">
                <name>Q394815</name>
                <description>                    category  : road bridge &lt;br&gt;   
                    sitelinks : 2.0 &lt;br&gt;   
                    articleEN :  &lt;br&gt;             
                    articleDE : https://de.wikipedia.org/wiki/Agnesbr%C3%BCcke_(N%C3%BCrnberg) &lt;br&gt;              
                    wikidata_link : http://www.wikidata.org/entity/Q394815</description>
                <styleUrl>#34</styleUrl>
                <Point id="1155">
                    <coordinates>11.0847,49.4523,0.0</coordinates>
                </Point>
            </Placemark>
            <Placemark id="1158">
                <name>Melanchthon-Gymnasium Nürnberg</name>
                <description>                    category  : gymnasium &lt;br&gt;   
                    sitelinks : 2.0 &lt;br&gt;   
                    articleEN :  &lt;br&gt;             
                    articleDE : https://de.wikipedia.org/wiki/Melanchthon-Gymnasium_N%C3%BCrnberg &lt;br&gt;              
                    wikidata_link : http://www.wikidata.org/entity/Q380588</description>
                <styleUrl>#34</styleUrl>
                <Point id="1157">
                    <coordinates>11.09413,49.45793,0.0</coordinates>
                </Point>
            </Placemark>
            <Placemark id="1160">
                <name>Q348373</name>
                <description>                    category  : gymnasium &lt;br&gt;   
                    sitelinks : 2.0 &lt;br&gt;   
                    articleEN :  &lt;br&gt;             
                    articleDE : https://de.wikipedia.org/wiki/Adam-Kraft-Gymnasium_(Schwabach) &lt;br&gt;              
                    wikidata_link : http://www.wikidata.org/entity/Q348373</description>
                <styleUrl>#34</styleUrl>
                <Point id="1159">
                    <coordinates>11.0189,49.3267,0.0</coordinates>
                </Point>
            </Placemark>
            <Placemark id="1162">
                <name>Hainberg</name>
                <description>                    category  : Naturschutzgebiet &lt;br&gt;   
                    sitelinks : 2.0 &lt;br&gt;   
                    articleEN :  &lt;br&gt;             
                    articleDE : https://de.wikipedia.org/wiki/Naturschutzgebiet_Hainberg &lt;br&gt;              
                    wikidata_link : http://www.wikidata.org/entity/Q1971021</description>
                <styleUrl>#34</styleUrl>
                <Point id="1161">
                    <coordinates>10.9925,49.4258,0.0</coordinates>
                </Point>
            </Placemark>
            <Placemark id="1164">
                <name>Museum für historische Wehrtechnik</name>
                <description>                    category  : museum &lt;br&gt;   
                    sitelinks : 2.0 &lt;br&gt;   
                    articleEN :  &lt;br&gt;             
                    articleDE : https://de.wikipedia.org/wiki/Museum_f%C3%BCr_historische_Wehrtechnik &lt;br&gt;              
                    wikidata_link : http://www.wikidata.org/entity/Q1954627</description>
                <styleUrl>#34</styleUrl>
                <Point id="1163">
                    <coordinates>11.2208,49.4765,0.0</coordinates>
                </Point>
            </Placemark>
            <Placemark id="1166">
                <name>Muggenhof</name>
                <description>                    category  : Q28538792 &lt;br&gt;   
                    sitelinks : 2.0 &lt;br&gt;   
                    articleEN :  &lt;br&gt;             
                    articleDE : https://de.wikipedia.org/wiki/Muggenhof &lt;br&gt;              
                    wikidata_link : http://www.wikidata.org/entity/Q1951778</description>
                <styleUrl>#34</styleUrl>
                <Point id="1165">
                    <coordinates>11.0214,49.4622,0.0</coordinates>
                </Point>
            </Placemark>
            <Placemark id="1168">
                <name>Milchhof</name>
                <description>                    category  : building &lt;br&gt;   
                    sitelinks : 2.0 &lt;br&gt;   
                    articleEN :  &lt;br&gt;             
                    articleDE : https://de.wikipedia.org/wiki/Milchhof_N%C3%BCrnberg &lt;br&gt;              
                    wikidata_link : http://www.wikidata.org/entity/Q1934412</description>
                <styleUrl>#34</styleUrl>
                <Point id="1167">
                    <coordinates>11.098144,49.449714,0.0</coordinates>
                </Point>
            </Placemark>
            <Placemark id="1170">
                <name>Memorium Nürnberger Prozesse</name>
                <description>                    category  : museum &lt;br&gt;   
                    sitelinks : 2.0 &lt;br&gt;   
                    articleEN :  &lt;br&gt;             
                    articleDE : https://de.wikipedia.org/wiki/Memorium_N%C3%BCrnberger_Prozesse &lt;br&gt;              
                    wikidata_link : http://www.wikidata.org/entity/Q1920112</description>
                <styleUrl>#34</styleUrl>
                <Point id="1169">
                    <coordinates>11.0480624,49.4544391,0.0</coordinates>
                </Point>
            </Placemark>
            <Placemark id="1172">
                <name>Maxtor</name>
                <description>                    category  : architectural structure &lt;br&gt;   
                    sitelinks : 2.0 &lt;br&gt;   
                    articleEN :  &lt;br&gt;             
                    articleDE : https://de.wikipedia.org/wiki/Maxtor_(N%C3%BCrnberg) &lt;br&gt;              
                    wikidata_link : http://www.wikidata.org/entity/Q1914298</description>
                <styleUrl>#34</styleUrl>
                <Point id="1171">
                    <coordinates>11.0827,49.4589,0.0</coordinates>
                </Point>
            </Placemark>
            <Placemark id="1174">
                <name>Maxfeld</name>
                <description>                    category  : Q28538792 &lt;br&gt;   
                    sitelinks : 2.0 &lt;br&gt;   
                    articleEN :  &lt;br&gt;             
                    articleDE : https://de.wikipedia.org/wiki/Maxfeld_(N%C3%BCrnberg) &lt;br&gt;              
                    wikidata_link : http://www.wikidata.org/entity/Q1913766</description>
                <styleUrl>#34</styleUrl>
                <Point id="1173">
                    <coordinates>11.0897,49.465,0.0</coordinates>
                </Point>
            </Placemark>
            <Placemark id="1176">
                <name>St. Matthäus (Großreuth hinter der Veste)</name>
                <description>                    category  : church building &lt;br&gt;   
                    sitelinks : 2.0 &lt;br&gt;   
                    articleEN :  &lt;br&gt;             
                    articleDE : https://de.wikipedia.org/wiki/Matth%C3%A4uskirche_(N%C3%BCrnberg) &lt;br&gt;              
                    wikidata_link : http://www.wikidata.org/entity/Q1910590</description>
                <styleUrl>#34</styleUrl>
                <Point id="1175">
                    <coordinates>11.082,49.4667,0.0</coordinates>
                </Point>
            </Placemark>
            <Placemark id="1178">
                <name>Mannhof</name>
                <description>                    category  : Ortsteil &lt;br&gt;   
                    sitelinks : 2.0 &lt;br&gt;   
                    articleEN :  &lt;br&gt;             
                    articleDE : https://de.wikipedia.org/wiki/Mannhof_(F%C3%BCrth) &lt;br&gt;              
                    wikidata_link : http://www.wikidata.org/entity/Q1890723</description>
                <styleUrl>#34</styleUrl>
                <Point id="1177">
                    <coordinates>10.97608,49.52394,0.0</coordinates>
                </Point>
            </Placemark>
            <Placemark id="1180">
                <name>Maiach</name>
                <description>                    category  : Q28538792 &lt;br&gt;   
                    sitelinks : 2.0 &lt;br&gt;   
                    articleEN :  &lt;br&gt;             
                    articleDE : https://de.wikipedia.org/wiki/Maiach &lt;br&gt;              
                    wikidata_link : http://www.wikidata.org/entity/Q1885114</description>
                <styleUrl>#34</styleUrl>
                <Point id="1179">
                    <coordinates>11.0582,49.4045,0.0</coordinates>
                </Point>
            </Placemark>
            <Placemark id="1182">
                <name>Bislohe</name>
                <description>                    category  : quarter &lt;br&gt;   
                    sitelinks : 2.0 &lt;br&gt;   
                    articleEN :  &lt;br&gt;             
                    articleDE : https://de.wikipedia.org/wiki/Bislohe &lt;br&gt;              
                    wikidata_link : http://www.wikidata.org/entity/Q866396</description>
                <styleUrl>#34</styleUrl>
                <Point id="1181">
                    <coordinates>11.0083,49.5106,0.0</coordinates>
                </Point>
            </Placemark>
            <Placemark id="1184">
                <name>Birnthon</name>
                <description>                    category  : Ortsteil &lt;br&gt;   
                    sitelinks : 2.0 &lt;br&gt;   
                    articleEN :  &lt;br&gt;             
                    articleDE : https://de.wikipedia.org/wiki/Birnthon &lt;br&gt;              
                    wikidata_link : http://www.wikidata.org/entity/Q865816</description>
                <styleUrl>#34</styleUrl>
                <Point id="1183">
                    <coordinates>11.2622,49.4122,0.0</coordinates>
                </Point>
            </Placemark>
            <Placemark id="1186">
                <name>Bildungszentrum Nürnberg</name>
                <description>                    category  : Volkshochschule &lt;br&gt;   
                    sitelinks : 2.0 &lt;br&gt;   
                    articleEN :  &lt;br&gt;             
                    articleDE : https://de.wikipedia.org/wiki/Bildungszentrum_N%C3%BCrnberg &lt;br&gt;              
                    wikidata_link : http://www.wikidata.org/entity/Q861648</description>
                <styleUrl>#34</styleUrl>
                <Point id="1185">
                    <coordinates>11.0836,49.4517,0.0</coordinates>
                </Point>
            </Placemark>
            <Placemark id="1188">
                <name>Bertolt-Brecht-Schule Nürnberg</name>
                <description>                    category  : school center &lt;br&gt;   
                    sitelinks : 2.0 &lt;br&gt;   
                    articleEN :  &lt;br&gt;             
                    articleDE : https://de.wikipedia.org/wiki/Bertolt-Brecht-Schule_N%C3%BCrnberg &lt;br&gt;              
                    wikidata_link : http://www.wikidata.org/entity/Q828380</description>
                <styleUrl>#34</styleUrl>
                <Point id="1187">
                    <coordinates>11.126283953023,49.418295848005,0.0</coordinates>
                </Point>
            </Placemark>
            <Placemark id="1190">
                <name>Behringersdorf</name>
                <description>                    category  : Ortsteil &lt;br&gt;   
                    sitelinks : 2.0 &lt;br&gt;   
                    articleEN :  &lt;br&gt;             
                    articleDE : https://de.wikipedia.org/wiki/Behringersdorf &lt;br&gt;              
                    wikidata_link : http://www.wikidata.org/entity/Q814569</description>
                <styleUrl>#34</styleUrl>
                <Point id="1189">
                    <coordinates>11.1989,49.4722,0.0</coordinates>
                </Point>
            </Placemark>
            <Placemark id="1192">
                <name>Beerbach</name>
                <description>                    category  : Ortsteil &lt;br&gt;   
                    sitelinks : 2.0 &lt;br&gt;   
                    articleEN :  &lt;br&gt;             
                    articleDE : https://de.wikipedia.org/wiki/Beerbach_(Lauf_an_der_Pegnitz) &lt;br&gt;              
                    wikidata_link : http://www.wikidata.org/entity/Q814077</description>
                <styleUrl>#34</styleUrl>
                <Point id="1191">
                    <coordinates>11.2031,49.5567,0.0</coordinates>
                </Point>
            </Placemark>
            <Placemark id="1194">
                <name>Bayernhafen Nürnberg</name>
                <description>                    category  : inland port &lt;br&gt;   
                    sitelinks : 2.0 &lt;br&gt;   
                    articleEN :  &lt;br&gt;             
                    articleDE : https://de.wikipedia.org/wiki/Hafen_N%C3%BCrnberg &lt;br&gt;              
                    wikidata_link : http://www.wikidata.org/entity/Q812502</description>
                <styleUrl>#34</styleUrl>
                <Point id="1193">
                    <coordinates>11.0619,49.3922,0.0</coordinates>
                </Point>
            </Placemark>
            <Placemark id="1196">
                <name>Bavarian State Office for Statistics and Data</name>
                <description>                    category  : statistical office of German states &lt;br&gt;   
                    sitelinks : 2.0 &lt;br&gt;   
                    articleEN :  &lt;br&gt;             
                    articleDE : https://de.wikipedia.org/wiki/Bayerisches_Landesamt_f%C3%BCr_Statistik &lt;br&gt;              
                    wikidata_link : http://www.wikidata.org/entity/Q812420</description>
                <styleUrl>#34</styleUrl>
                <Point id="1195">
                    <coordinates>11.005,49.468333,0.0</coordinates>
                </Point>
            </Placemark>
            <Placemark id="1198">
                <name>Bahnbetriebswerk Nürnberg West</name>
                <description>                    category  : motive power depot &lt;br&gt;   
                    sitelinks : 2.0 &lt;br&gt;   
                    articleEN :  &lt;br&gt;             
                    articleDE : https://de.wikipedia.org/wiki/Bahnbetriebswerk_N%C3%BCrnberg_West &lt;br&gt;              
                    wikidata_link : http://www.wikidata.org/entity/Q800320</description>
                <styleUrl>#34</styleUrl>
                <Point id="1197">
                    <coordinates>11.0408,49.4519,0.0</coordinates>
                </Point>
            </Placemark>
            <Placemark id="1200">
                <name>Kleinreuth hinter der Veste</name>
                <description>                    category  : Ortsteil &lt;br&gt;   
                    sitelinks : 2.0 &lt;br&gt;   
                    articleEN :  &lt;br&gt;             
                    articleDE : https://de.wikipedia.org/wiki/Kleinreuth_hinter_der_Veste &lt;br&gt;              
                    wikidata_link : http://www.wikidata.org/entity/Q1747003</description>
                <styleUrl>#34</styleUrl>
                <Point id="1199">
                    <coordinates>11.0743,49.477,0.0</coordinates>
                </Point>
            </Placemark>
            <Placemark id="1202">
                <name>Kleingründlach</name>
                <description>                    category  : Ortsteil &lt;br&gt;   
                    sitelinks : 2.0 &lt;br&gt;   
                    articleEN :  &lt;br&gt;             
                    articleDE : https://de.wikipedia.org/wiki/Kleingr%C3%BCndlach &lt;br&gt;              
                    wikidata_link : http://www.wikidata.org/entity/Q1746817</description>
                <styleUrl>#34</styleUrl>
                <Point id="1201">
                    <coordinates>10.99914,49.53487,0.0</coordinates>
                </Point>
            </Placemark>
            <Placemark id="1204">
                <name>Steinach (Fürth)</name>
                <description>                    category  : Ortsteil &lt;br&gt;   
                    sitelinks : 2.0 &lt;br&gt;   
                    articleEN :  &lt;br&gt;             
                    articleDE : https://de.wikipedia.org/wiki/Steinach_(F%C3%BCrth) &lt;br&gt;              
                    wikidata_link : http://www.wikidata.org/entity/Q1741871</description>
                <styleUrl>#34</styleUrl>
                <Point id="1203">
                    <coordinates>10.995,49.515,0.0</coordinates>
                </Point>
            </Placemark>
            <Placemark id="1206">
                <name>Karmelitenkloster Nürnberg</name>
                <description>                    category  : religious community &lt;br&gt;   
                    sitelinks : 2.0 &lt;br&gt;   
                    articleEN :  &lt;br&gt;             
                    articleDE : https://de.wikipedia.org/wiki/Karmelitenkloster_N%C3%BCrnberg &lt;br&gt;              
                    wikidata_link : http://www.wikidata.org/entity/Q1734051</description>
                <styleUrl>#34</styleUrl>
                <Point id="1205">
                    <coordinates>11.0742,49.4514,0.0</coordinates>
                </Point>
            </Placemark>
            <Placemark id="1208">
                <name>Jägersee</name>
                <description>                    category  : still waters &lt;br&gt;   
                    sitelinks : 2.0 &lt;br&gt;   
                    articleEN :  &lt;br&gt;             
                    articleDE : https://de.wikipedia.org/wiki/J%C3%A4gersee_bei_Feucht &lt;br&gt;              
                    wikidata_link : http://www.wikidata.org/entity/Q1714896</description>
                <styleUrl>#34</styleUrl>
                <Point id="1207">
                    <coordinates>11.1916,49.3723,0.0</coordinates>
                </Point>
            </Placemark>
            <Placemark id="1210">
                <name>Justizvollzugsanstalt Nürnberg</name>
                <description>                    category  : correctional facility &lt;br&gt;   
                    sitelinks : 2.0 &lt;br&gt;   
                    articleEN :  &lt;br&gt;             
                    articleDE : https://de.wikipedia.org/wiki/Justizvollzugsanstalt_N%C3%BCrnberg &lt;br&gt;              
                    wikidata_link : http://www.wikidata.org/entity/Q1714428</description>
                <styleUrl>#34</styleUrl>
                <Point id="1209">
                    <coordinates>11.048,49.4557,0.0</coordinates>
                </Point>
            </Placemark>
            <Placemark id="1212">
                <name>Seeleinsbühl</name>
                <description>                    category  : quarter &lt;br&gt;   
                    sitelinks : 2.0 &lt;br&gt;   
                    articleEN :  &lt;br&gt;             
                    articleDE : https://de.wikipedia.org/wiki/Seeleinsb%C3%BChl &lt;br&gt;              
                    wikidata_link : http://www.wikidata.org/entity/Q1697999</description>
                <styleUrl>#34</styleUrl>
                <Point id="1211">
                    <coordinates>11.0589,49.4467,0.0</coordinates>
                </Point>
            </Placemark>
            <Placemark id="1214">
                <name>Q1697123</name>
                <description>                    category  : gymnasium &lt;br&gt;   
                    sitelinks : 2.0 &lt;br&gt;   
                    articleEN :  &lt;br&gt;             
                    articleDE : https://de.wikipedia.org/wiki/Johannes-Scharrer-Gymnasium_(N%C3%BCrnberg) &lt;br&gt;              
                    wikidata_link : http://www.wikidata.org/entity/Q1697123</description>
                <styleUrl>#34</styleUrl>
                <Point id="1213">
                    <coordinates>11.0811,49.4575,0.0</coordinates>
                </Point>
            </Placemark>
            <Placemark id="1216">
                <name>Lutherkirche</name>
                <description>                    category  : church building &lt;br&gt;   
                    sitelinks : 2.0 &lt;br&gt;   
                    articleEN :  &lt;br&gt;             
                    articleDE : https://de.wikipedia.org/wiki/Lutherkirche_(N%C3%BCrnberg) &lt;br&gt;              
                    wikidata_link : http://www.wikidata.org/entity/Q1689641</description>
                <styleUrl>#34</styleUrl>
                <Point id="1215">
                    <coordinates>11.0891,49.4261,0.0</coordinates>
                </Point>
            </Placemark>
            <Placemark id="1218">
                <name>Steinkreuz bei Kriegenbrunn</name>
                <description>                    category  : conciliation cross &lt;br&gt;   
                    sitelinks : 2.0 &lt;br&gt;   
                    articleEN :  &lt;br&gt;             
                    articleDE : https://de.wikipedia.org/wiki/Steinkreuz_bei_Kriegenbrunn &lt;br&gt;              
                    wikidata_link : http://www.wikidata.org/entity/Q1687484</description>
                <styleUrl>#34</styleUrl>
                <Point id="1217">
                    <coordinates>10.971358029406,49.558046162626,0.0</coordinates>
                </Point>
            </Placemark>
            <Placemark id="1220">
                <name>Institut für Arbeitsmarkt- und Berufsforschung</name>
                <description>                    category  : research institute &lt;br&gt;   
                    sitelinks : 2.0 &lt;br&gt;   
                    articleEN :  &lt;br&gt;             
                    articleDE : https://de.wikipedia.org/wiki/Institut_f%C3%BCr_Arbeitsmarkt-_und_Berufsforschung &lt;br&gt;              
                    wikidata_link : http://www.wikidata.org/entity/Q1664805</description>
                <styleUrl>#34</styleUrl>
                <Point id="1219">
                    <coordinates>11.10486290189,49.442106864801,0.0</coordinates>
                </Point>
            </Placemark>
            <Placemark id="1222">
                <name>Ronhof</name>
                <description>                    category  : Ortsteil &lt;br&gt;   
                    sitelinks : 2.0 &lt;br&gt;   
                    articleEN :  &lt;br&gt;             
                    articleDE : https://de.wikipedia.org/wiki/Ronhof &lt;br&gt;              
                    wikidata_link : http://www.wikidata.org/entity/Q1663687</description>
                <styleUrl>#34</styleUrl>
                <Point id="1221">
                    <coordinates>11.0069,49.4967,0.0</coordinates>
                </Point>
            </Placemark>
            <Placemark id="1224">
                <name>Hüttendorf</name>
                <description>                    category  : Ortsteil &lt;br&gt;   
                    sitelinks : 2.0 &lt;br&gt;   
                    articleEN :  &lt;br&gt;             
                    articleDE : https://de.wikipedia.org/wiki/H%C3%BCttendorf_(Erlangen) &lt;br&gt;              
                    wikidata_link : http://www.wikidata.org/entity/Q1652575</description>
                <styleUrl>#34</styleUrl>
                <Point id="1223">
                    <coordinates>10.9615,49.5407,0.0</coordinates>
                </Point>
            </Placemark>
            <Placemark id="1226">
                <name>Hummelstein</name>
                <description>                    category  : Q28538792 &lt;br&gt;   
                    sitelinks : 2.0 &lt;br&gt;   
                    articleEN :  &lt;br&gt;             
                    articleDE : https://de.wikipedia.org/wiki/Hummelstein &lt;br&gt;              
                    wikidata_link : http://www.wikidata.org/entity/Q1637148</description>
                <styleUrl>#34</styleUrl>
                <Point id="1225">
                    <coordinates>11.0864,49.4333,0.0</coordinates>
                </Point>
            </Placemark>
            <Placemark id="1228">
                <name>Spielwarenmesse eG</name>
                <description>                    category  : cooperative &lt;br&gt;   
                    sitelinks : 2.0 &lt;br&gt;   
                    articleEN : https://en.wikipedia.org/wiki/Spielwarenmesse_eG &lt;br&gt;             
                    articleDE : https://de.wikipedia.org/wiki/Spielwarenmesse_eG &lt;br&gt;              
                    wikidata_link : http://www.wikidata.org/entity/Q203429</description>
                <styleUrl>#34</styleUrl>
                <Point id="1227">
                    <coordinates>11.01797,49.47048,0.0</coordinates>
                </Point>
            </Placemark>
            <Placemark id="1230">
                <name>Ziegelstein</name>
                <description>                    category  : quarter &lt;br&gt;   
                    sitelinks : 2.0 &lt;br&gt;   
                    articleEN :  &lt;br&gt;             
                    articleDE : https://de.wikipedia.org/wiki/Ziegelstein_(N%C3%BCrnberg) &lt;br&gt;              
                    wikidata_link : http://www.wikidata.org/entity/Q198730</description>
                <styleUrl>#34</styleUrl>
                <Point id="1229">
                    <coordinates>11.1036,49.49,0.0</coordinates>
                </Point>
            </Placemark>
            <Placemark id="1232">
                <name>Nuremberg Court Prison</name>
                <description>                    category  : workplace &lt;br&gt;   
                    sitelinks : 2.0 &lt;br&gt;   
                    articleEN :  &lt;br&gt;             
                    articleDE : https://de.wikipedia.org/wiki/Zellengef%C3%A4ngnis_N%C3%BCrnberg &lt;br&gt;              
                    wikidata_link : http://www.wikidata.org/entity/Q187725</description>
                <styleUrl>#34</styleUrl>
                <Point id="1231">
                    <coordinates>11.046388888889,49.454694444444,0.0</coordinates>
                </Point>
            </Placemark>
            <Placemark id="1234">
                <name>Zeidlerschloss</name>
                <description>                    category  : château &lt;br&gt;   
                    sitelinks : 2.0 &lt;br&gt;   
                    articleEN :  &lt;br&gt;             
                    articleDE : https://de.wikipedia.org/wiki/Zeidlerschloss &lt;br&gt;              
                    wikidata_link : http://www.wikidata.org/entity/Q184804</description>
                <styleUrl>#34</styleUrl>
                <Point id="1233">
                    <coordinates>11.213904404501,49.37644022373,0.0</coordinates>
                </Point>
            </Placemark>
            <Placemark id="1236">
                <name>Oberfürberg</name>
                <description>                    category  : Ortsteil &lt;br&gt;   
                    sitelinks : 2.0 &lt;br&gt;   
                    articleEN :  &lt;br&gt;             
                    articleDE : https://de.wikipedia.org/wiki/Oberf%C3%BCrberg &lt;br&gt;              
                    wikidata_link : http://www.wikidata.org/entity/Q1301254</description>
                <styleUrl>#34</styleUrl>
                <Point id="1235">
                    <coordinates>10.9415,49.4714,0.0</coordinates>
                </Point>
            </Placemark>
            <Placemark id="1238">
                <name>Q1300717</name>
                <description>                    category  : enterprise &lt;br&gt;   
                    sitelinks : 2.0 &lt;br&gt;   
                    articleEN :  &lt;br&gt;             
                    articleDE : https://de.wikipedia.org/wiki/E._Otto_Schmidt &lt;br&gt;              
                    wikidata_link : http://www.wikidata.org/entity/Q1300717</description>
                <styleUrl>#34</styleUrl>
                <Point id="1237">
                    <coordinates>11.11902778,49.40104167,0.0</coordinates>
                </Point>
            </Placemark>
            <Placemark id="1240">
                <name>Volkspark Marienberg</name>
                <description>                    category  : park &lt;br&gt;   
                    sitelinks : 2.0 &lt;br&gt;   
                    articleEN :  &lt;br&gt;             
                    articleDE : https://de.wikipedia.org/wiki/Volkspark_Marienberg &lt;br&gt;              
                    wikidata_link : http://www.wikidata.org/entity/Q1299505</description>
                <styleUrl>#34</styleUrl>
                <Point id="1239">
                    <coordinates>11.0913,49.4803,0.0</coordinates>
                </Point>
            </Placemark>
            <Placemark id="1242">
                <name>Q1295981</name>
                <description>                    category  : bathing lake &lt;br&gt;   
                    sitelinks : 2.0 &lt;br&gt;   
                    articleEN :  &lt;br&gt;             
                    articleDE : https://de.wikipedia.org/wiki/Langsee_(N%C3%BCrnberg) &lt;br&gt;              
                    wikidata_link : http://www.wikidata.org/entity/Q1295981</description>
                <styleUrl>#34</styleUrl>
                <Point id="1241">
                    <coordinates>11.1378,49.4703,0.0</coordinates>
                </Point>
            </Placemark>
            <Placemark id="1244">
                <name>Nürnberger Reichswald</name>
                <description>                    category  : forest &lt;br&gt;   
                    sitelinks : 2.0 &lt;br&gt;   
                    articleEN :  &lt;br&gt;             
                    articleDE : https://de.wikipedia.org/wiki/N%C3%BCrnberger_Reichswald &lt;br&gt;              
                    wikidata_link : http://www.wikidata.org/entity/Q1291788</description>
                <styleUrl>#34</styleUrl>
                <Point id="1243">
                    <coordinates>11.1848,49.4971,0.0</coordinates>
                </Point>
            </Placemark>
            <Placemark id="1246">
                <name>Q1291207</name>
                <description>                    category  : architectural structure &lt;br&gt;   
                    sitelinks : 2.0 &lt;br&gt;   
                    articleEN :  &lt;br&gt;             
                    articleDE : https://de.wikipedia.org/wiki/Handwerkerh%C3%A4uschen &lt;br&gt;              
                    wikidata_link : http://www.wikidata.org/entity/Q1291207</description>
                <styleUrl>#34</styleUrl>
                <Point id="1245">
                    <coordinates>11.0755,49.4575,0.0</coordinates>
                </Point>
            </Placemark>
            <Placemark id="1248">
                <name>Eberhardshof</name>
                <description>                    category  : Q28538792 &lt;br&gt;   
                    sitelinks : 2.0 &lt;br&gt;   
                    articleEN :  &lt;br&gt;             
                    articleDE : https://de.wikipedia.org/wiki/Eberhardshof &lt;br&gt;              
                    wikidata_link : http://www.wikidata.org/entity/Q1279659</description>
                <styleUrl>#34</styleUrl>
                <Point id="1247">
                    <coordinates>11.0278,49.4578,0.0</coordinates>
                </Point>
            </Placemark>
            <Placemark id="1250">
                <name>Polizeipräsidium Mittelfranken</name>
                <description>                    category  : Polizeipräsidium &lt;br&gt;   
                    sitelinks : 2.0 &lt;br&gt;   
                    articleEN :  &lt;br&gt;             
                    articleDE : https://de.wikipedia.org/wiki/Polizeipr%C3%A4sidium_Mittelfranken &lt;br&gt;              
                    wikidata_link : http://www.wikidata.org/entity/Q1277794</description>
                <styleUrl>#34</styleUrl>
                <Point id="1249">
                    <coordinates>11.0688,49.4498,0.0</coordinates>
                </Point>
            </Placemark>
            <Placemark id="1252">
                <name>Färbertor</name>
                <description>                    category  : city gate &lt;br&gt;   
                    sitelinks : 2.0 &lt;br&gt;   
                    articleEN :  &lt;br&gt;             
                    articleDE : https://de.wikipedia.org/wiki/F%C3%A4rbertor_(N%C3%BCrnberg) &lt;br&gt;              
                    wikidata_link : http://www.wikidata.org/entity/Q1272678</description>
                <styleUrl>#34</styleUrl>
                <Point id="1251">
                    <coordinates>11.0718,49.4474,0.0</coordinates>
                </Point>
            </Placemark>
            <Placemark id="1254">
                <name>Q1272025</name>
                <description>                    category  : gymnasium &lt;br&gt;   
                    sitelinks : 2.0 &lt;br&gt;   
                    articleEN :  &lt;br&gt;             
                    articleDE : https://de.wikipedia.org/wiki/D%C3%BCrer-Gymnasium_N%C3%BCrnberg &lt;br&gt;              
                    wikidata_link : http://www.wikidata.org/entity/Q1272025</description>
                <styleUrl>#34</styleUrl>
                <Point id="1253">
                    <coordinates>11.051179800506,49.455496801874,0.0</coordinates>
                </Point>
            </Placemark>
            <Placemark id="1256">
                <name>Glockenhof</name>
                <description>                    category  : Q28538792 &lt;br&gt;   
                    sitelinks : 2.0 &lt;br&gt;   
                    articleEN :  &lt;br&gt;             
                    articleDE : https://de.wikipedia.org/wiki/Glockenhof &lt;br&gt;              
                    wikidata_link : http://www.wikidata.org/entity/Q1265708</description>
                <styleUrl>#34</styleUrl>
                <Point id="1255">
                    <coordinates>11.0496,49.4529,0.0</coordinates>
                </Point>
            </Placemark>
            <Placemark id="1258">
                <name>Frankenhalle</name>
                <description>                    category  : building &lt;br&gt;   
                    sitelinks : 2.0 &lt;br&gt;   
                    articleEN : https://en.wikipedia.org/wiki/Frankenhalle &lt;br&gt;             
                    articleDE : https://de.wikipedia.org/wiki/Frankenhalle &lt;br&gt;              
                    wikidata_link : http://www.wikidata.org/entity/Q1249092</description>
                <styleUrl>#34</styleUrl>
                <Point id="1257">
                    <coordinates>11.1132,49.4174,0.0</coordinates>
                </Point>
            </Placemark>
            <Placemark id="1260">
                <name>Dominikanerkloster Nürnberg</name>
                <description>                    category  : religious community &lt;br&gt;   
                    sitelinks : 2.0 &lt;br&gt;   
                    articleEN :  &lt;br&gt;             
                    articleDE : https://de.wikipedia.org/wiki/Dominikanerkloster_N%C3%BCrnberg &lt;br&gt;              
                    wikidata_link : http://www.wikidata.org/entity/Q1237992</description>
                <styleUrl>#34</styleUrl>
                <Point id="1259">
                    <coordinates>11.077777777778,49.455833333333,0.0</coordinates>
                </Point>
            </Placemark>
            <Placemark id="1262">
                <name>Town Hall of Fürth</name>
                <description>                    category  : Rathaus &lt;br&gt;   
                    sitelinks : 2.0 &lt;br&gt;   
                    articleEN :  &lt;br&gt;             
                    articleDE : https://de.wikipedia.org/wiki/Rathaus_(F%C3%BCrth) &lt;br&gt;              
                    wikidata_link : http://www.wikidata.org/entity/Q1229754</description>
                <styleUrl>#34</styleUrl>
                <Point id="1261">
                    <coordinates>10.98908441084,49.47722070392,0.0</coordinates>
                </Point>
            </Placemark>
            <Placemark id="1264">
                <name>Dietersdorf (Schwabach)</name>
                <description>                    category  : Ortsteil &lt;br&gt;   
                    sitelinks : 2.0 &lt;br&gt;   
                    articleEN :  &lt;br&gt;             
                    articleDE : https://de.wikipedia.org/wiki/Dietersdorf_(Schwabach) &lt;br&gt;              
                    wikidata_link : http://www.wikidata.org/entity/Q1223116</description>
                <styleUrl>#34</styleUrl>
                <Point id="1263">
                    <coordinates>11.00026,49.36762,0.0</coordinates>
                </Point>
            </Placemark>
            <Placemark id="1266">
                <name>Deutschordenskommende Nürnberg</name>
                <description>                    category  : In commendam &lt;br&gt;   
                    sitelinks : 2.0 &lt;br&gt;   
                    articleEN :  &lt;br&gt;             
                    articleDE : https://de.wikipedia.org/wiki/Deutschordenskommende_N%C3%BCrnberg &lt;br&gt;              
                    wikidata_link : http://www.wikidata.org/entity/Q1206450</description>
                <styleUrl>#34</styleUrl>
                <Point id="1265">
                    <coordinates>11.069,49.4499,0.0</coordinates>
                </Point>
            </Placemark>
            <Placemark id="1268">
                <name>Deutsches Spielearchiv Nürnberg</name>
                <description>                    category  : archive &lt;br&gt;   
                    sitelinks : 2.0 &lt;br&gt;   
                    articleEN :  &lt;br&gt;             
                    articleDE : https://de.wikipedia.org/wiki/Deutsches_Spielearchiv_N%C3%BCrnberg &lt;br&gt;              
                    wikidata_link : http://www.wikidata.org/entity/Q1205987</description>
                <styleUrl>#34</styleUrl>
                <Point id="1267">
                    <coordinates>11.080956,49.456947,0.0</coordinates>
                </Point>
            </Placemark>
            <Placemark id="1270">
                <name>Dambach</name>
                <description>                    category  : Ortsteil &lt;br&gt;   
                    sitelinks : 2.0 &lt;br&gt;   
                    articleEN :  &lt;br&gt;             
                    articleDE : https://de.wikipedia.org/wiki/Dambach_(F%C3%BCrth) &lt;br&gt;              
                    wikidata_link : http://www.wikidata.org/entity/Q1158292</description>
                <styleUrl>#34</styleUrl>
                <Point id="1269">
                    <coordinates>10.9727,49.4626,0.0</coordinates>
                </Point>
            </Placemark>
            <Placemark id="1272">
                <name>Q1146088</name>
                <description>                    category  : children's museum &lt;br&gt;   
                    sitelinks : 2.0 &lt;br&gt;   
                    articleEN :  &lt;br&gt;             
                    articleDE : https://de.wikipedia.org/wiki/Museum_im_Koffer &lt;br&gt;              
                    wikidata_link : http://www.wikidata.org/entity/Q1146088</description>
                <styleUrl>#34</styleUrl>
                <Point id="1271">
                    <coordinates>11.05214,49.44283,0.0</coordinates>
                </Point>
            </Placemark>
            <Placemark id="1274">
                <name>Oflag XIII-A</name>
                <description>                    category  : prisoner-of-war camp &lt;br&gt;   
                    sitelinks : 3.0 &lt;br&gt;   
                    articleEN : https://en.wikipedia.org/wiki/Oflag_XIII-A &lt;br&gt;             
                    articleDE :  &lt;br&gt;              
                    wikidata_link : http://www.wikidata.org/entity/Q7079752</description>
                <styleUrl>#34</styleUrl>
                <Point id="1273">
                    <coordinates>11.123,49.4276,0.0</coordinates>
                </Point>
            </Placemark>
            <Placemark id="1276">
                <name>Zeppelinhaupttribüne</name>
                <description>                    category  : bleacher &lt;br&gt;   
                    sitelinks : 3.0 &lt;br&gt;   
                    articleEN :  &lt;br&gt;             
                    articleDE : https://de.wikipedia.org/wiki/Zeppelintrib%C3%BCne &lt;br&gt;              
                    wikidata_link : http://www.wikidata.org/entity/Q49006263</description>
                <styleUrl>#34</styleUrl>
                <Point id="1275">
                    <coordinates>11.12508,49.43158,0.0</coordinates>
                </Point>
            </Placemark>
            <Placemark id="1278">
                <name>Q48689281</name>
                <description>                    category  : forest &lt;br&gt;   
                    sitelinks : 3.0 &lt;br&gt;   
                    articleEN :  &lt;br&gt;             
                    articleDE : https://de.wikipedia.org/wiki/Zirndorfer_Stadtwald &lt;br&gt;              
                    wikidata_link : http://www.wikidata.org/entity/Q48689281</description>
                <styleUrl>#34</styleUrl>
                <Point id="1277">
                    <coordinates>10.9562,49.4534,0.0</coordinates>
                </Point>
            </Placemark>
            <Placemark id="1280">
                <name>Rieterschloss</name>
                <description>                    category  : water castle &lt;br&gt;   
                    sitelinks : 3.0 &lt;br&gt;   
                    articleEN :  &lt;br&gt;             
                    articleDE : https://de.wikipedia.org/wiki/Rieterschloss &lt;br&gt;              
                    wikidata_link : http://www.wikidata.org/entity/Q98608243</description>
                <styleUrl>#34</styleUrl>
                <Point id="1279">
                    <coordinates>11.098496661477,49.355343209222,0.0</coordinates>
                </Point>
            </Placemark>
            <Placemark id="1282">
                <name>Kunstvilla</name>
                <description>                    category  : villa &lt;br&gt;   
                    sitelinks : 3.0 &lt;br&gt;   
                    articleEN :  &lt;br&gt;             
                    articleDE : https://de.wikipedia.org/wiki/Kunstvilla_N%C3%BCrnberg &lt;br&gt;              
                    wikidata_link : http://www.wikidata.org/entity/Q59163428</description>
                <styleUrl>#34</styleUrl>
                <Point id="1281">
                    <coordinates>11.08703,49.44999,0.0</coordinates>
                </Point>
            </Placemark>
            <Placemark id="1284">
                <name>Rosenau</name>
                <description>                    category  : park &lt;br&gt;   
                    sitelinks : 3.0 &lt;br&gt;   
                    articleEN :  &lt;br&gt;             
                    articleDE : https://de.wikipedia.org/wiki/Rosenaupark &lt;br&gt;              
                    wikidata_link : http://www.wikidata.org/entity/Q2166988</description>
                <styleUrl>#34</styleUrl>
                <Point id="1283">
                    <coordinates>11.0639,49.4511,0.0</coordinates>
                </Point>
            </Placemark>
            <Placemark id="1286">
                <name>Rechenberg</name>
                <description>                    category  : quarter &lt;br&gt;   
                    sitelinks : 3.0 &lt;br&gt;   
                    articleEN :  &lt;br&gt;             
                    articleDE : https://de.wikipedia.org/wiki/Rechenberg_(N%C3%BCrnberg) &lt;br&gt;              
                    wikidata_link : http://www.wikidata.org/entity/Q2135230</description>
                <styleUrl>#34</styleUrl>
                <Point id="1285">
                    <coordinates>11.1108,49.4636,0.0</coordinates>
                </Point>
            </Placemark>
            <Placemark id="1288">
                <name>Poppenreuth</name>
                <description>                    category  : Ortsteil &lt;br&gt;   
                    sitelinks : 3.0 &lt;br&gt;   
                    articleEN :  &lt;br&gt;             
                    articleDE : https://de.wikipedia.org/wiki/Poppenreuth_(F%C3%BCrth) &lt;br&gt;              
                    wikidata_link : http://www.wikidata.org/entity/Q2104231</description>
                <styleUrl>#34</styleUrl>
                <Point id="1287">
                    <coordinates>11.0144,49.4822,0.0</coordinates>
                </Point>
            </Placemark>
            <Placemark id="1290">
                <name>Plärrerhochhaus</name>
                <description>                    category  : architectural structure &lt;br&gt;   
                    sitelinks : 3.0 &lt;br&gt;   
                    articleEN :  &lt;br&gt;             
                    articleDE : https://de.wikipedia.org/wiki/Pl%C3%A4rrerhochhaus &lt;br&gt;              
                    wikidata_link : http://www.wikidata.org/entity/Q2099898</description>
                <styleUrl>#34</styleUrl>
                <Point id="1289">
                    <coordinates>11.062289382421,49.448474029347,0.0</coordinates>
                </Point>
            </Placemark>
            <Placemark id="1292">
                <name>St. Heinrich</name>
                <description>                    category  : parish church &lt;br&gt;   
                    sitelinks : 3.0 &lt;br&gt;   
                    articleEN :  &lt;br&gt;             
                    articleDE : https://de.wikipedia.org/wiki/St._Heinrich_(F%C3%BCrth) &lt;br&gt;              
                    wikidata_link : http://www.wikidata.org/entity/Q41420035</description>
                <styleUrl>#34</styleUrl>
                <Point id="1291">
                    <coordinates>10.996719,49.464213,0.0</coordinates>
                </Point>
            </Placemark>
            <Placemark id="1294">
                <name>Pfarrkirche</name>
                <description>                    category  : parish church &lt;br&gt;   
                    sitelinks : 3.0 &lt;br&gt;   
                    articleEN :  &lt;br&gt;             
                    articleDE : https://de.wikipedia.org/wiki/St._Rochus_(Zirndorf) &lt;br&gt;              
                    wikidata_link : http://www.wikidata.org/entity/Q98608482</description>
                <styleUrl>#34</styleUrl>
                <Point id="1293">
                    <coordinates>10.955241625113,49.442480178583,0.0</coordinates>
                </Point>
            </Placemark>
            <Placemark id="1296">
                <name>Pfinzingschloss</name>
                <description>                    category  : manor house &lt;br&gt;   
                    sitelinks : 3.0 &lt;br&gt;   
                    articleEN : https://en.wikipedia.org/wiki/Pfinzing_Castle &lt;br&gt;             
                    articleDE : https://de.wikipedia.org/wiki/Pfinzingschloss &lt;br&gt;              
                    wikidata_link : http://www.wikidata.org/entity/Q2083838</description>
                <styleUrl>#34</styleUrl>
                <Point id="1295">
                    <coordinates>11.211690564755,49.375174708789,0.0</coordinates>
                </Point>
            </Placemark>
            <Placemark id="1298">
                <name>Peter-Henlein-Brunnen (Nürnberg)</name>
                <description>                    category  : water well &lt;br&gt;   
                    sitelinks : 3.0 &lt;br&gt;   
                    articleEN :  &lt;br&gt;             
                    articleDE : https://de.wikipedia.org/wiki/Peter-Henlein-Brunnen_(N%C3%BCrnberg) &lt;br&gt;              
                    wikidata_link : http://www.wikidata.org/entity/Q2073419</description>
                <styleUrl>#34</styleUrl>
                <Point id="1297">
                    <coordinates>11.0731,49.4508,0.0</coordinates>
                </Point>
            </Placemark>
            <Placemark id="1300">
                <name>Nürnberger Kreuzweg</name>
                <description>                    category  : stations of the Cross &lt;br&gt;   
                    sitelinks : 3.0 &lt;br&gt;   
                    articleEN :  &lt;br&gt;             
                    articleDE : https://de.wikipedia.org/wiki/N%C3%BCrnberger_Kreuzweg &lt;br&gt;              
                    wikidata_link : http://www.wikidata.org/entity/Q2007078</description>
                <styleUrl>#34</styleUrl>
                <Point id="1299">
                    <coordinates>11.072,49.4578,0.0</coordinates>
                </Point>
            </Placemark>
            <Placemark id="1302">
                <name>Nicolaus-Copernicus-Planetarium</name>
                <description>                    category  : planetarium &lt;br&gt;   
                    sitelinks : 3.0 &lt;br&gt;   
                    articleEN :  &lt;br&gt;             
                    articleDE : https://de.wikipedia.org/wiki/Nicolaus-Copernicus-Planetarium &lt;br&gt;              
                    wikidata_link : http://www.wikidata.org/entity/Q1986741</description>
                <styleUrl>#34</styleUrl>
                <Point id="1301">
                    <coordinates>11.062870547962,49.447917801946,0.0</coordinates>
                </Point>
            </Placemark>
            <Placemark id="1304">
                <name>Neutor (Nürnberg)</name>
                <description>                    category  : tower &lt;br&gt;   
                    sitelinks : 3.0 &lt;br&gt;   
                    articleEN :  &lt;br&gt;             
                    articleDE : https://de.wikipedia.org/wiki/Neutor_(N%C3%BCrnberg) &lt;br&gt;              
                    wikidata_link : http://www.wikidata.org/entity/Q1981845</description>
                <styleUrl>#34</styleUrl>
                <Point id="1303">
                    <coordinates>11.0717,49.4564,0.0</coordinates>
                </Point>
            </Placemark>
            <Placemark id="1306">
                <name>Neuer Jüdischer Friedhof</name>
                <description>                    category  : Jewish cemetery &lt;br&gt;   
                    sitelinks : 3.0 &lt;br&gt;   
                    articleEN :  &lt;br&gt;             
                    articleDE : https://de.wikipedia.org/wiki/Neuer_J%C3%BCdischer_Friedhof_(N%C3%BCrnberg) &lt;br&gt;              
                    wikidata_link : http://www.wikidata.org/entity/Q1980166</description>
                <styleUrl>#34</styleUrl>
                <Point id="1305">
                    <coordinates>11.03759,49.46607,0.0</coordinates>
                </Point>
            </Placemark>
            <Placemark id="1308">
                <name>Neuer Jüdischer Friedhof Fürth</name>
                <description>                    category  : Jewish cemetery &lt;br&gt;   
                    sitelinks : 3.0 &lt;br&gt;   
                    articleEN :  &lt;br&gt;             
                    articleDE : https://de.wikipedia.org/wiki/Neuer_J%C3%BCdischer_Friedhof_(F%C3%BCrth) &lt;br&gt;              
                    wikidata_link : http://www.wikidata.org/entity/Q1980159</description>
                <styleUrl>#34</styleUrl>
                <Point id="1307">
                    <coordinates>10.993396562895,49.487531643847,0.0</coordinates>
                </Point>
            </Placemark>
            <Placemark id="1310">
                <name>Lind (Zirndorf)</name>
                <description>                    category  : Ortsteil &lt;br&gt;   
                    sitelinks : 3.0 &lt;br&gt;   
                    articleEN :  &lt;br&gt;             
                    articleDE : https://de.wikipedia.org/wiki/Lind_(Zirndorf) &lt;br&gt;              
                    wikidata_link : http://www.wikidata.org/entity/Q1825810</description>
                <styleUrl>#34</styleUrl>
                <Point id="1309">
                    <coordinates>10.9369,49.4222,0.0</coordinates>
                </Point>
            </Placemark>
            <Placemark id="1312">
                <name>Leichendorfermühle</name>
                <description>                    category  : Ortsteil &lt;br&gt;   
                    sitelinks : 3.0 &lt;br&gt;   
                    articleEN :  &lt;br&gt;             
                    articleDE : https://de.wikipedia.org/wiki/Leichendorferm%C3%BChle &lt;br&gt;              
                    wikidata_link : http://www.wikidata.org/entity/Q1813906</description>
                <styleUrl>#34</styleUrl>
                <Point id="1311">
                    <coordinates>10.925277777778,49.431666666667,0.0</coordinates>
                </Point>
            </Placemark>
            <Placemark id="1314">
                <name>Leichendorf</name>
                <description>                    category  : Ortsteil &lt;br&gt;   
                    sitelinks : 3.0 &lt;br&gt;   
                    articleEN :  &lt;br&gt;             
                    articleDE : https://de.wikipedia.org/wiki/Leichendorf &lt;br&gt;              
                    wikidata_link : http://www.wikidata.org/entity/Q1813902</description>
                <styleUrl>#34</styleUrl>
                <Point id="1313">
                    <coordinates>10.934722222222,49.432222222222,0.0</coordinates>
                </Point>
            </Placemark>
            <Placemark id="1316">
                <name>Innerer Laufer Platz 3a, Inneres Laufer Tor (Nuremberg-Sankt Sebald)</name>
                <description>                    category  : tower &lt;br&gt;   
                    sitelinks : 3.0 &lt;br&gt;   
                    articleEN :  &lt;br&gt;             
                    articleDE : https://de.wikipedia.org/wiki/Laufer_Schlagturm &lt;br&gt;              
                    wikidata_link : http://www.wikidata.org/entity/Q1807440</description>
                <styleUrl>#34</styleUrl>
                <Point id="1315">
                    <coordinates>11.0836,49.4561,0.0</coordinates>
                </Point>
            </Placemark>
            <Placemark id="1318">
                <name>Martin-Behaim-Denkmal (Nuremberg)</name>
                <description>                    category  : statue &lt;br&gt;   
                    sitelinks : 3.0 &lt;br&gt;   
                    articleEN :  &lt;br&gt;             
                    articleDE : https://de.wikipedia.org/wiki/Martin-Behaim-Denkmal &lt;br&gt;              
                    wikidata_link : http://www.wikidata.org/entity/Q1800440</description>
                <styleUrl>#34</styleUrl>
                <Point id="1317">
                    <coordinates>11.0804,49.4557,0.0</coordinates>
                </Point>
            </Placemark>
            <Placemark id="1320">
                <name>Königstor</name>
                <description>                    category  : city gate &lt;br&gt;   
                    sitelinks : 3.0 &lt;br&gt;   
                    articleEN :  &lt;br&gt;             
                    articleDE : https://de.wikipedia.org/wiki/K%C3%B6nigstor_(N%C3%BCrnberg) &lt;br&gt;              
                    wikidata_link : http://www.wikidata.org/entity/Q1796489</description>
                <styleUrl>#34</styleUrl>
                <Point id="1319">
                    <coordinates>11.0815,49.4479,0.0</coordinates>
                </Point>
            </Placemark>
            <Placemark id="1322">
                <name>Kornburg</name>
                <description>                    category  : Ortsteil &lt;br&gt;   
                    sitelinks : 3.0 &lt;br&gt;   
                    articleEN :  &lt;br&gt;             
                    articleDE : https://de.wikipedia.org/wiki/Kornburg &lt;br&gt;              
                    wikidata_link : http://www.wikidata.org/entity/Q1784501</description>
                <styleUrl>#34</styleUrl>
                <Point id="1321">
                    <coordinates>11.099444444444,49.355833333333,0.0</coordinates>
                </Point>
            </Placemark>
            <Placemark id="1324">
                <name>Kontumazgarten</name>
                <description>                    category  : park &lt;br&gt;   
                    sitelinks : 3.0 &lt;br&gt;   
                    articleEN :  &lt;br&gt;             
                    articleDE : https://de.wikipedia.org/wiki/Kontumazgarten &lt;br&gt;              
                    wikidata_link : http://www.wikidata.org/entity/Q1783382</description>
                <styleUrl>#34</styleUrl>
                <Point id="1323">
                    <coordinates>11.0675,49.4544,0.0</coordinates>
                </Point>
            </Placemark>
            <Placemark id="1326">
                <name>Augustinerchorfrauenstift Pillenreuth</name>
                <description>                    category  : religious community &lt;br&gt;   
                    sitelinks : 3.0 &lt;br&gt;   
                    articleEN :  &lt;br&gt;             
                    articleDE : https://de.wikipedia.org/wiki/Kloster_Pillenreuth &lt;br&gt;              
                    wikidata_link : http://www.wikidata.org/entity/Q1775797</description>
                <styleUrl>#34</styleUrl>
                <Point id="1325">
                    <coordinates>11.0781,49.3792,0.0</coordinates>
                </Point>
            </Placemark>
            <Placemark id="1328">
                <name>Heubrücke (Nürnberg)</name>
                <description>                    category  : road bridge &lt;br&gt;   
                    sitelinks : 3.0 &lt;br&gt;   
                    articleEN :  &lt;br&gt;             
                    articleDE : https://de.wikipedia.org/wiki/Heubr%C3%BCcke_(N%C3%BCrnberg) &lt;br&gt;              
                    wikidata_link : http://www.wikidata.org/entity/Q1616398</description>
                <styleUrl>#34</styleUrl>
                <Point id="1327">
                    <coordinates>11.0808,49.4525,0.0</coordinates>
                </Point>
            </Placemark>
            <Placemark id="1330">
                <name>Hermann Oberth Space Travel Museum</name>
                <description>                    category  : astronautical museum &lt;br&gt;   
                    sitelinks : 3.0 &lt;br&gt;   
                    articleEN : https://en.wikipedia.org/wiki/Hermann_Oberth_Space_Travel_Museum &lt;br&gt;             
                    articleDE : https://de.wikipedia.org/wiki/Hermann-Oberth-Raumfahrt-Museum &lt;br&gt;              
                    wikidata_link : http://www.wikidata.org/entity/Q1610464</description>
                <styleUrl>#34</styleUrl>
                <Point id="1329">
                    <coordinates>11.211666666667,49.375,0.0</coordinates>
                </Point>
            </Placemark>
            <Placemark id="1332">
                <name>Ludwig-Eisenbahn-Denkmal</name>
                <description>                    category  : water well &lt;br&gt;   
                    sitelinks : 3.0 &lt;br&gt;   
                    articleEN :  &lt;br&gt;             
                    articleDE : https://de.wikipedia.org/wiki/Ludwig-Eisenbahn-Denkmal &lt;br&gt;              
                    wikidata_link : http://www.wikidata.org/entity/Q1605372</description>
                <styleUrl>#34</styleUrl>
                <Point id="1331">
                    <coordinates>11.0523,49.4521,0.0</coordinates>
                </Point>
            </Placemark>
            <Placemark id="1334">
                <name>Wolfgangshof</name>
                <description>                    category  : Ortsteil &lt;br&gt;   
                    sitelinks : 3.0 &lt;br&gt;   
                    articleEN :  &lt;br&gt;             
                    articleDE : https://de.wikipedia.org/wiki/Wolfgangshof &lt;br&gt;              
                    wikidata_link : http://www.wikidata.org/entity/Q517038</description>
                <styleUrl>#34</styleUrl>
                <Point id="1333">
                    <coordinates>10.924839167919,49.407354519186,0.0</coordinates>
                </Point>
            </Placemark>
            <Placemark id="1336">
                <name>Local Court Fürth</name>
                <description>                    category  : Local court (Germany) &lt;br&gt;   
                    sitelinks : 3.0 &lt;br&gt;   
                    articleEN :  &lt;br&gt;             
                    articleDE : https://de.wikipedia.org/wiki/Amtsgericht_F%C3%BCrth_(Bayern) &lt;br&gt;              
                    wikidata_link : http://www.wikidata.org/entity/Q480686</description>
                <styleUrl>#34</styleUrl>
                <Point id="1335">
                    <coordinates>10.99149,49.47458,0.0</coordinates>
                </Point>
            </Placemark>
            <Placemark id="1338">
                <name>Stadtmuseum Schwabach</name>
                <description>                    category  : museum &lt;br&gt;   
                    sitelinks : 3.0 &lt;br&gt;   
                    articleEN :  &lt;br&gt;             
                    articleDE : https://de.wikipedia.org/wiki/Stadtmuseum_Schwabach &lt;br&gt;              
                    wikidata_link : http://www.wikidata.org/entity/Q29944158</description>
                <styleUrl>#34</styleUrl>
                <Point id="1337">
                    <coordinates>11.0183,49.336952,0.0</coordinates>
                </Point>
            </Placemark>
            <Placemark id="1340">
                <name>Franken I power station</name>
                <description>                    category  : natural gas-fired power station &lt;br&gt;   
                    sitelinks : 3.0 &lt;br&gt;   
                    articleEN :  &lt;br&gt;             
                    articleDE : https://de.wikipedia.org/wiki/Kraftwerk_Franken_I &lt;br&gt;              
                    wikidata_link : http://www.wikidata.org/entity/Q685443</description>
                <styleUrl>#34</styleUrl>
                <Point id="1339">
                    <coordinates>11.0088,49.4208,0.0</coordinates>
                </Point>
            </Placemark>
            <Placemark id="1342">
                <name>Armbrustschützenbrunnen</name>
                <description>                    category  : water well &lt;br&gt;   
                    sitelinks : 3.0 &lt;br&gt;   
                    articleEN :  &lt;br&gt;             
                    articleDE : https://de.wikipedia.org/wiki/Armbrustsch%C3%BCtzenbrunnen &lt;br&gt;              
                    wikidata_link : http://www.wikidata.org/entity/Q680489</description>
                <styleUrl>#34</styleUrl>
                <Point id="1341">
                    <coordinates>11.0682,49.4554,0.0</coordinates>
                </Point>
            </Placemark>
            <Placemark id="1344">
                <name>Moorenbrunn</name>
                <description>                    category  : Ortsteil &lt;br&gt;   
                    sitelinks : 3.0 &lt;br&gt;   
                    articleEN :  &lt;br&gt;             
                    articleDE : https://de.wikipedia.org/wiki/Moorenbrunn &lt;br&gt;              
                    wikidata_link : http://www.wikidata.org/entity/Q664042</description>
                <styleUrl>#34</styleUrl>
                <Point id="1343">
                    <coordinates>11.1722,49.3964,0.0</coordinates>
                </Point>
            </Placemark>
            <Placemark id="1346">
                <name>Reichelsdorf</name>
                <description>                    category  : Q28538792 &lt;br&gt;   
                    sitelinks : 3.0 &lt;br&gt;   
                    articleEN :  &lt;br&gt;             
                    articleDE : https://de.wikipedia.org/wiki/Reichelsdorf &lt;br&gt;              
                    wikidata_link : http://www.wikidata.org/entity/Q661021</description>
                <styleUrl>#34</styleUrl>
                <Point id="1345">
                    <coordinates>11.033888888889,49.381666666667,0.0</coordinates>
                </Point>
            </Placemark>
            <Placemark id="1348">
                <name>Schloß Burgfarrnbach</name>
                <description>                    category  : château &lt;br&gt;   
                    sitelinks : 3.0 &lt;br&gt;   
                    articleEN :  &lt;br&gt;             
                    articleDE : https://de.wikipedia.org/wiki/Schloss_Burgfarrnbach &lt;br&gt;              
                    wikidata_link : http://www.wikidata.org/entity/Q41419548</description>
                <styleUrl>#34</styleUrl>
                <Point id="1347">
                    <coordinates>10.927475,49.485975,0.0</coordinates>
                </Point>
            </Placemark>
            <Placemark id="1350">
                <name>St. Johannis (Burgfarrnbach)</name>
                <description>                    category  : church building &lt;br&gt;   
                    sitelinks : 3.0 &lt;br&gt;   
                    articleEN :  &lt;br&gt;             
                    articleDE : https://de.wikipedia.org/wiki/St._Johannes_der_T%C3%A4ufer_(Burgfarrnbach) &lt;br&gt;              
                    wikidata_link : http://www.wikidata.org/entity/Q41419541</description>
                <styleUrl>#34</styleUrl>
                <Point id="1349">
                    <coordinates>10.925345,49.487862,0.0</coordinates>
                </Point>
            </Placemark>
            <Placemark id="1352">
                <name>St. Karl Borromäus</name>
                <description>                    category  : parish church &lt;br&gt;   
                    sitelinks : 3.0 &lt;br&gt;   
                    articleEN :  &lt;br&gt;             
                    articleDE : https://de.wikipedia.org/wiki/St._Karl_Borrom%C3%A4us_(N%C3%BCrnberg) &lt;br&gt;              
                    wikidata_link : http://www.wikidata.org/entity/Q41410669</description>
                <styleUrl>#34</styleUrl>
                <Point id="1351">
                    <coordinates>11.125199549039,49.457086232648,0.0</coordinates>
                </Point>
            </Placemark>
            <Placemark id="1354">
                <name>Tiefgraben</name>
                <description>                    category  : river &lt;br&gt;   
                    sitelinks : 3.0 &lt;br&gt;   
                    articleEN :  &lt;br&gt;             
                    articleDE : https://de.wikipedia.org/wiki/Tiefgraben_(Pegnitz) &lt;br&gt;              
                    wikidata_link : http://www.wikidata.org/entity/Q20819398</description>
                <styleUrl>#34</styleUrl>
                <Point id="1353">
                    <coordinates>11.13816,49.47112,0.0</coordinates>
                </Point>
            </Placemark>
            <Placemark id="1356">
                <name>Hirschsprunggraben</name>
                <description>                    category  : river &lt;br&gt;   
                    sitelinks : 3.0 &lt;br&gt;   
                    articleEN :  &lt;br&gt;             
                    articleDE : https://de.wikipedia.org/wiki/Hirschsprunggraben &lt;br&gt;              
                    wikidata_link : http://www.wikidata.org/entity/Q20819376</description>
                <styleUrl>#34</styleUrl>
                <Point id="1355">
                    <coordinates>11.09642982,49.48917007,0.0</coordinates>
                </Point>
            </Placemark>
            <Placemark id="1358">
                <name>Ludergraben</name>
                <description>                    category  : watercourse &lt;br&gt;   
                    sitelinks : 3.0 &lt;br&gt;   
                    articleEN :  &lt;br&gt;             
                    articleDE : https://de.wikipedia.org/wiki/Ludergraben_(R%C3%B6thenbach) &lt;br&gt;              
                    wikidata_link : http://www.wikidata.org/entity/Q20184645</description>
                <styleUrl>#34</styleUrl>
                <Point id="1357">
                    <coordinates>11.27271,49.43657,0.0</coordinates>
                </Point>
            </Placemark>
            <Placemark id="1360">
                <name>Langwassergraben</name>
                <description>                    category  : watercourse &lt;br&gt;   
                    sitelinks : 3.0 &lt;br&gt;   
                    articleEN :  &lt;br&gt;             
                    articleDE : https://de.wikipedia.org/wiki/Langwassergraben_(Pegnitz) &lt;br&gt;              
                    wikidata_link : http://www.wikidata.org/entity/Q20180560</description>
                <styleUrl>#34</styleUrl>
                <Point id="1359">
                    <coordinates>11.15575,49.47058,0.0</coordinates>
                </Point>
            </Placemark>
            <Placemark id="1362">
                <name>Hülzlgraben</name>
                <description>                    category  : watercourse &lt;br&gt;   
                    sitelinks : 3.0 &lt;br&gt;   
                    articleEN :  &lt;br&gt;             
                    articleDE : https://de.wikipedia.org/wiki/H%C3%BClzlgraben_(Pegnitz) &lt;br&gt;              
                    wikidata_link : http://www.wikidata.org/entity/Q20180499</description>
                <styleUrl>#34</styleUrl>
                <Point id="1361">
                    <coordinates>11.17675972,49.47002029,0.0</coordinates>
                </Point>
            </Placemark>
            <Placemark id="1364">
                <name>Haidelbach (Röthenbach)</name>
                <description>                    category  : watercourse &lt;br&gt;   
                    sitelinks : 3.0 &lt;br&gt;   
                    articleEN :  &lt;br&gt;             
                    articleDE : https://de.wikipedia.org/wiki/Haidelbach_(R%C3%B6thenbach) &lt;br&gt;              
                    wikidata_link : http://www.wikidata.org/entity/Q20058325</description>
                <styleUrl>#34</styleUrl>
                <Point id="1363">
                    <coordinates>11.27095,49.44758,0.0</coordinates>
                </Point>
            </Placemark>
            <Placemark id="1366">
                <name>Schneidersbach</name>
                <description>                    category  : river &lt;br&gt;   
                    sitelinks : 3.0 &lt;br&gt;   
                    articleEN :  &lt;br&gt;             
                    articleDE : https://de.wikipedia.org/wiki/Schneidersbach_(Pegnitz) &lt;br&gt;              
                    wikidata_link : http://www.wikidata.org/entity/Q19964615</description>
                <styleUrl>#34</styleUrl>
                <Point id="1365">
                    <coordinates>11.17938995,49.47249985,0.0</coordinates>
                </Point>
            </Placemark>
            <Placemark id="1368">
                <name>Lettensturz</name>
                <description>                    category  : stone quarry &lt;br&gt;   
                    sitelinks : 3.0 &lt;br&gt;   
                    articleEN :  &lt;br&gt;             
                    articleDE : https://de.wikipedia.org/wiki/Lettensturz &lt;br&gt;              
                    wikidata_link : http://www.wikidata.org/entity/Q19963839</description>
                <styleUrl>#34</styleUrl>
                <Point id="1367">
                    <coordinates>11.233333333333,49.383333333333,0.0</coordinates>
                </Point>
            </Placemark>
            <Placemark id="1370">
                <name>Bitterbach</name>
                <description>                    category  : watercourse &lt;br&gt;   
                    sitelinks : 3.0 &lt;br&gt;   
                    articleEN :  &lt;br&gt;             
                    articleDE : https://de.wikipedia.org/wiki/Bitterbach &lt;br&gt;              
                    wikidata_link : http://www.wikidata.org/entity/Q19962068</description>
                <styleUrl>#34</styleUrl>
                <Point id="1369">
                    <coordinates>11.26542222,49.50218056,0.0</coordinates>
                </Point>
            </Placemark>
            <Placemark id="1372">
                <name>Auferstehungskirche</name>
                <description>                    category  : Lutheran church &lt;br&gt;   
                    sitelinks : 3.0 &lt;br&gt;   
                    articleEN :  &lt;br&gt;             
                    articleDE : https://de.wikipedia.org/wiki/Auferstehungskirche_(F%C3%BCrth) &lt;br&gt;              
                    wikidata_link : http://www.wikidata.org/entity/Q19570231</description>
                <styleUrl>#34</styleUrl>
                <Point id="1371">
                    <coordinates>10.995685,49.47191,0.0</coordinates>
                </Point>
            </Placemark>
            <Placemark id="1374">
                <name>Lohbach</name>
                <description>                    category  : stream &lt;br&gt;   
                    sitelinks : 3.0 &lt;br&gt;   
                    articleEN :  &lt;br&gt;             
                    articleDE : https://de.wikipedia.org/wiki/Lohbach_(Schwarzach) &lt;br&gt;              
                    wikidata_link : http://www.wikidata.org/entity/Q19294951</description>
                <styleUrl>#34</styleUrl>
                <Point id="1373">
                    <coordinates>11.10907222,49.34201389,0.0</coordinates>
                </Point>
            </Placemark>
            <Placemark id="1376">
                <name>Westfriedhof (Nürnberg)</name>
                <description>                    category  : Q28538792 &lt;br&gt;   
                    sitelinks : 3.0 &lt;br&gt;   
                    articleEN :  &lt;br&gt;             
                    articleDE : https://de.wikipedia.org/wiki/Westfriedhof_(N%C3%BCrnberg) &lt;br&gt;              
                    wikidata_link : http://www.wikidata.org/entity/Q18589555</description>
                <styleUrl>#34</styleUrl>
                <Point id="1375">
                    <coordinates>11.04547,49.46343,0.0</coordinates>
                </Point>
            </Placemark>
            <Placemark id="1378">
                <name>Ritzmannshof</name>
                <description>                    category  : Ortsteil &lt;br&gt;   
                    sitelinks : 3.0 &lt;br&gt;   
                    articleEN :  &lt;br&gt;             
                    articleDE : https://de.wikipedia.org/wiki/Ritzmannshof_(F%C3%BCrth) &lt;br&gt;              
                    wikidata_link : http://www.wikidata.org/entity/Q18027409</description>
                <styleUrl>#34</styleUrl>
                <Point id="1377">
                    <coordinates>10.9384,49.5085,0.0</coordinates>
                </Point>
            </Placemark>
            <Placemark id="1380">
                <name>Kronach</name>
                <description>                    category  : Ortsteil &lt;br&gt;   
                    sitelinks : 3.0 &lt;br&gt;   
                    articleEN :  &lt;br&gt;             
                    articleDE : https://de.wikipedia.org/wiki/Kronach_(F%C3%BCrth) &lt;br&gt;              
                    wikidata_link : http://www.wikidata.org/entity/Q18022571</description>
                <styleUrl>#34</styleUrl>
                <Point id="1379">
                    <coordinates>10.999007,49.500146,0.0</coordinates>
                </Point>
            </Placemark>
            <Placemark id="1382">
                <name>Flexdorf</name>
                <description>                    category  : Ortsteil &lt;br&gt;   
                    sitelinks : 3.0 &lt;br&gt;   
                    articleEN :  &lt;br&gt;             
                    articleDE : https://de.wikipedia.org/wiki/Flexdorf &lt;br&gt;              
                    wikidata_link : http://www.wikidata.org/entity/Q18020172</description>
                <styleUrl>#34</styleUrl>
                <Point id="1381">
                    <coordinates>10.9552,49.5118,0.0</coordinates>
                </Point>
            </Placemark>
            <Placemark id="1384">
                <name>Kicker Statue</name>
                <description>                    category  : statue &lt;br&gt;   
                    sitelinks : 3.0 &lt;br&gt;   
                    articleEN : https://en.wikipedia.org/wiki/Kicker_Statue &lt;br&gt;             
                    articleDE : https://de.wikipedia.org/wiki/Kicker-Statue &lt;br&gt;              
                    wikidata_link : http://www.wikidata.org/entity/Q17124049</description>
                <styleUrl>#34</styleUrl>
                <Point id="1383">
                    <coordinates>11.087033,49.44909,0.0</coordinates>
                </Point>
            </Placemark>
            <Placemark id="1386">
                <name>Schloss Tennenlohe</name>
                <description>                    category  : château &lt;br&gt;   
                    sitelinks : 3.0 &lt;br&gt;   
                    articleEN :  &lt;br&gt;             
                    articleDE : https://de.wikipedia.org/wiki/Schloss_Tennenlohe &lt;br&gt;              
                    wikidata_link : http://www.wikidata.org/entity/Q15127841</description>
                <styleUrl>#34</styleUrl>
                <Point id="1385">
                    <coordinates>11.028864,49.548511,0.0</coordinates>
                </Point>
            </Placemark>
            <Placemark id="1388">
                <name>Our Lady's Church, Fürth</name>
                <description>                    category  : parish church &lt;br&gt;   
                    sitelinks : 3.0 &lt;br&gt;   
                    articleEN :  &lt;br&gt;             
                    articleDE : https://de.wikipedia.org/wiki/Unsere_Liebe_Frau_(F%C3%BCrth) &lt;br&gt;              
                    wikidata_link : http://www.wikidata.org/entity/Q13683145</description>
                <styleUrl>#34</styleUrl>
                <Point id="1387">
                    <coordinates>10.9921,49.4742,0.0</coordinates>
                </Point>
            </Placemark>
            <Placemark id="1390">
                <name>Evangelisch-lutherische St. Peter und Paul</name>
                <description>                    category  : church building &lt;br&gt;   
                    sitelinks : 3.0 &lt;br&gt;   
                    articleEN :  &lt;br&gt;             
                    articleDE : https://de.wikipedia.org/wiki/St._Peter_und_Paul_(Erlangen-Bruck) &lt;br&gt;              
                    wikidata_link : http://www.wikidata.org/entity/Q11722093</description>
                <styleUrl>#34</styleUrl>
                <Point id="1389">
                    <coordinates>10.9854,49.5728,0.0</coordinates>
                </Point>
            </Placemark>
            <Placemark id="1392">
                <name>Nürnberg-Fürth Industry Airfield</name>
                <description>                    category  : international airport &lt;br&gt;   
                    sitelinks : 3.0 &lt;br&gt;   
                    articleEN : https://en.wikipedia.org/wiki/F%C3%BCrth_Airfield &lt;br&gt;             
                    articleDE : https://de.wikipedia.org/wiki/Industrieflughafen_N%C3%BCrnberg-F%C3%BCrth &lt;br&gt;              
                    wikidata_link : http://www.wikidata.org/entity/Q5511766</description>
                <styleUrl>#34</styleUrl>
                <Point id="1391">
                    <coordinates>10.953333333333,49.481666666667,0.0</coordinates>
                </Point>
            </Placemark>
            <Placemark id="1394">
                <name>Wintersdorf (Zirndorf)</name>
                <description>                    category  : Ortsteil &lt;br&gt;   
                    sitelinks : 3.0 &lt;br&gt;   
                    articleEN :  &lt;br&gt;             
                    articleDE : https://de.wikipedia.org/wiki/Wintersdorf_(Zirndorf) &lt;br&gt;              
                    wikidata_link : http://www.wikidata.org/entity/Q2585122</description>
                <styleUrl>#34</styleUrl>
                <Point id="1393">
                    <coordinates>10.9125,49.4275,0.0</coordinates>
                </Point>
            </Placemark>
            <Placemark id="1396">
                <name>Weiherhof (Zirndorf)</name>
                <description>                    category  : Ortsteil &lt;br&gt;   
                    sitelinks : 3.0 &lt;br&gt;   
                    articleEN :  &lt;br&gt;             
                    articleDE : https://de.wikipedia.org/wiki/Weiherhof_(Zirndorf) &lt;br&gt;              
                    wikidata_link : http://www.wikidata.org/entity/Q2555386</description>
                <styleUrl>#34</styleUrl>
                <Point id="1395">
                    <coordinates>10.9289,49.4592,0.0</coordinates>
                </Point>
            </Placemark>
            <Placemark id="1398">
                <name>Wasserturm (Nürnberg)</name>
                <description>                    category  : tower &lt;br&gt;   
                    sitelinks : 3.0 &lt;br&gt;   
                    articleEN :  &lt;br&gt;             
                    articleDE : https://de.wikipedia.org/wiki/Wasserturm_(N%C3%BCrnberg) &lt;br&gt;              
                    wikidata_link : http://www.wikidata.org/entity/Q2551672</description>
                <styleUrl>#34</styleUrl>
                <Point id="1397">
                    <coordinates>11.0734,49.4535,0.0</coordinates>
                </Point>
            </Placemark>
            <Placemark id="1400">
                <name>Hansa-Haus</name>
                <description>                    category  : residential and commercial building &lt;br&gt;   
                    sitelinks : 3.0 &lt;br&gt;   
                    articleEN :  &lt;br&gt;             
                    articleDE : https://de.wikipedia.org/wiki/Hansa-Haus_(N%C3%BCrnberg) &lt;br&gt;              
                    wikidata_link : http://www.wikidata.org/entity/Q1583596</description>
                <styleUrl>#34</styleUrl>
                <Point id="1399">
                    <coordinates>11.064354,49.449433,0.0</coordinates>
                </Point>
            </Placemark>
            <Placemark id="1402">
                <name>Hallerwiese</name>
                <description>                    category  : park &lt;br&gt;   
                    sitelinks : 3.0 &lt;br&gt;   
                    articleEN :  &lt;br&gt;             
                    articleDE : https://de.wikipedia.org/wiki/Hallerwiese &lt;br&gt;              
                    wikidata_link : http://www.wikidata.org/entity/Q1571636</description>
                <styleUrl>#34</styleUrl>
                <Point id="1401">
                    <coordinates>11.0672,49.4555,0.0</coordinates>
                </Point>
            </Placemark>
            <Placemark id="1404">
                <name>Regiomontanus-Sternwarte</name>
                <description>                    category  : public observatory &lt;br&gt;   
                    sitelinks : 3.0 &lt;br&gt;   
                    articleEN :  &lt;br&gt;             
                    articleDE : https://de.wikipedia.org/wiki/Regiomontanus-Sternwarte &lt;br&gt;              
                    wikidata_link : http://www.wikidata.org/entity/Q1560402</description>
                <styleUrl>#34</styleUrl>
                <Point id="1403">
                    <coordinates>11.110215139934,49.464459773783,0.0</coordinates>
                </Point>
            </Placemark>
            <Placemark id="1406">
                <name>Großreuth bei Schweinau</name>
                <description>                    category  : Q28538792 &lt;br&gt;   
                    sitelinks : 3.0 &lt;br&gt;   
                    articleEN :  &lt;br&gt;             
                    articleDE : https://de.wikipedia.org/wiki/Gro%C3%9Freuth_bei_Schweinau &lt;br&gt;              
                    wikidata_link : http://www.wikidata.org/entity/Q1549532</description>
                <styleUrl>#34</styleUrl>
                <Point id="1405">
                    <coordinates>11.0251,49.4332,0.0</coordinates>
                </Point>
            </Placemark>
            <Placemark id="1408">
                <name>Hallertorbrücke (Nürnberg)</name>
                <description>                    category  : arch bridge &lt;br&gt;   
                    sitelinks : 3.0 &lt;br&gt;   
                    articleEN :  &lt;br&gt;             
                    articleDE : https://de.wikipedia.org/wiki/Hallertorbr%C3%BCcke &lt;br&gt;              
                    wikidata_link : http://www.wikidata.org/entity/Q1453651</description>
                <styleUrl>#34</styleUrl>
                <Point id="1407">
                    <coordinates>11.0707,49.4542,0.0</coordinates>
                </Point>
            </Placemark>
            <Placemark id="1410">
                <name>Frauentor</name>
                <description>                    category  : tower &lt;br&gt;   
                    sitelinks : 3.0 &lt;br&gt;   
                    articleEN :  &lt;br&gt;             
                    articleDE : https://de.wikipedia.org/wiki/Frauentor_(N%C3%BCrnberg) &lt;br&gt;              
                    wikidata_link : http://www.wikidata.org/entity/Q1451897</description>
                <styleUrl>#34</styleUrl>
                <Point id="1409">
                    <coordinates>11.0811,49.4472,0.0</coordinates>
                </Point>
            </Placemark>
            <Placemark id="1412">
                <name>Comödie Fürth</name>
                <description>                    category  : theatre company &lt;br&gt;   
                    sitelinks : 3.0 &lt;br&gt;   
                    articleEN : https://en.wikipedia.org/wiki/Com%C3%B6die_F%C3%BCrth &lt;br&gt;             
                    articleDE : https://de.wikipedia.org/wiki/Com%C3%B6die_F%C3%BCrth &lt;br&gt;              
                    wikidata_link : http://www.wikidata.org/entity/Q1123338</description>
                <styleUrl>#34</styleUrl>
                <Point id="1411">
                    <coordinates>10.9872,49.4711,0.0</coordinates>
                </Point>
            </Placemark>
            <Placemark id="1414">
                <name>Burgschmietbrunnen</name>
                <description>                    category  : heritage site &lt;br&gt;   
                    sitelinks : 3.0 &lt;br&gt;   
                    articleEN :  &lt;br&gt;             
                    articleDE : https://de.wikipedia.org/wiki/Burgschmietbrunnen &lt;br&gt;              
                    wikidata_link : http://www.wikidata.org/entity/Q1015623</description>
                <styleUrl>#34</styleUrl>
                <Point id="1413">
                    <coordinates>11.0722,49.4576,0.0</coordinates>
                </Point>
            </Placemark>
            <Placemark id="1416">
                <name>Burgbasteien</name>
                <description>                    category  : roundel bastion &lt;br&gt;   
                    sitelinks : 3.0 &lt;br&gt;   
                    articleEN :  &lt;br&gt;             
                    articleDE : https://de.wikipedia.org/wiki/Burgbasteien &lt;br&gt;              
                    wikidata_link : http://www.wikidata.org/entity/Q1014793</description>
                <styleUrl>#34</styleUrl>
                <Point id="1415">
                    <coordinates>11.074770408526,49.458374557631,0.0</coordinates>
                </Point>
            </Placemark>
            <Placemark id="1418">
                <name>Buchenbühl</name>
                <description>                    category  : quarter &lt;br&gt;   
                    sitelinks : 3.0 &lt;br&gt;   
                    articleEN :  &lt;br&gt;             
                    articleDE : https://de.wikipedia.org/wiki/Buchenb%C3%BChl &lt;br&gt;              
                    wikidata_link : http://www.wikidata.org/entity/Q998277</description>
                <styleUrl>#34</styleUrl>
                <Point id="1417">
                    <coordinates>11.11,49.504166666667,0.0</coordinates>
                </Point>
            </Placemark>
            <Placemark id="1420">
                <name>Kleingeschaidt</name>
                <description>                    category  : Ortsteil &lt;br&gt;   
                    sitelinks : 3.0 &lt;br&gt;   
                    articleEN :  &lt;br&gt;             
                    articleDE : https://de.wikipedia.org/wiki/Kleingeschaidt &lt;br&gt;              
                    wikidata_link : http://www.wikidata.org/entity/Q977524</description>
                <styleUrl>#34</styleUrl>
                <Point id="1419">
                    <coordinates>11.181641666667,49.557727777778,0.0</coordinates>
                </Point>
            </Placemark>
            <Placemark id="1422">
                <name>Brunn</name>
                <description>                    category  : Ortsteil &lt;br&gt;   
                    sitelinks : 3.0 &lt;br&gt;   
                    articleEN :  &lt;br&gt;             
                    articleDE : https://de.wikipedia.org/wiki/Brunn_(N%C3%BCrnberg) &lt;br&gt;              
                    wikidata_link : http://www.wikidata.org/entity/Q977244</description>
                <styleUrl>#34</styleUrl>
                <Point id="1421">
                    <coordinates>11.2528,49.4358,0.0</coordinates>
                </Point>
            </Placemark>
            <Placemark id="1424">
                <name>Laufamholz</name>
                <description>                    category  : Q28538792 &lt;br&gt;   
                    sitelinks : 3.0 &lt;br&gt;   
                    articleEN :  &lt;br&gt;             
                    articleDE : https://de.wikipedia.org/wiki/Laufamholz &lt;br&gt;              
                    wikidata_link : http://www.wikidata.org/entity/Q943001</description>
                <styleUrl>#34</styleUrl>
                <Point id="1423">
                    <coordinates>11.162777777778,49.466527777778,0.0</coordinates>
                </Point>
            </Placemark>
            <Placemark id="1426">
                <name>Boxdorf</name>
                <description>                    category  : Ortsteil &lt;br&gt;   
                    sitelinks : 3.0 &lt;br&gt;   
                    articleEN :  &lt;br&gt;             
                    articleDE : https://de.wikipedia.org/wiki/Boxdorf_(N%C3%BCrnberg) &lt;br&gt;              
                    wikidata_link : http://www.wikidata.org/entity/Q895568</description>
                <styleUrl>#34</styleUrl>
                <Point id="1425">
                    <coordinates>11.0247,49.5164,0.0</coordinates>
                </Point>
            </Placemark>
            <Placemark id="1428">
                <name>Almoshof</name>
                <description>                    category  : Q28538792 &lt;br&gt;   
                    sitelinks : 3.0 &lt;br&gt;   
                    articleEN :  &lt;br&gt;             
                    articleDE : https://de.wikipedia.org/wiki/Almoshof &lt;br&gt;              
                    wikidata_link : http://www.wikidata.org/entity/Q474615</description>
                <styleUrl>#34</styleUrl>
                <Point id="1427">
                    <coordinates>11.061388888889,49.491388888889,0.0</coordinates>
                </Point>
            </Placemark>
            <Placemark id="1430">
                <name>Alter Jüdischer Friedhof</name>
                <description>                    category  : Jewish cemetery &lt;br&gt;   
                    sitelinks : 3.0 &lt;br&gt;   
                    articleEN :  &lt;br&gt;             
                    articleDE : https://de.wikipedia.org/wiki/Alter_J%C3%BCdischer_Friedhof_(N%C3%BCrnberg) &lt;br&gt;              
                    wikidata_link : http://www.wikidata.org/entity/Q437999</description>
                <styleUrl>#34</styleUrl>
                <Point id="1429">
                    <coordinates>11.0537,49.4538,0.0</coordinates>
                </Point>
            </Placemark>
            <Placemark id="1432">
                <name>Alter Jüdischer Friedhof Fürth</name>
                <description>                    category  : Jewish cemetery &lt;br&gt;   
                    sitelinks : 3.0 &lt;br&gt;   
                    articleEN :  &lt;br&gt;             
                    articleDE : https://de.wikipedia.org/wiki/Alter_J%C3%BCdischer_Friedhof_(F%C3%BCrth) &lt;br&gt;              
                    wikidata_link : http://www.wikidata.org/entity/Q437991</description>
                <styleUrl>#34</styleUrl>
                <Point id="1431">
                    <coordinates>10.982326809465,49.477191870821,0.0</coordinates>
                </Point>
            </Placemark>
            <Placemark id="1434">
                <name>Altenfurt</name>
                <description>                    category  : Ortsteil &lt;br&gt;   
                    sitelinks : 3.0 &lt;br&gt;   
                    articleEN :  &lt;br&gt;             
                    articleDE : https://de.wikipedia.org/wiki/Altenfurt &lt;br&gt;              
                    wikidata_link : http://www.wikidata.org/entity/Q437063</description>
                <styleUrl>#34</styleUrl>
                <Point id="1433">
                    <coordinates>11.174166666667,49.406388888889,0.0</coordinates>
                </Point>
            </Placemark>
            <Placemark id="1436">
                <name>Pfarrkirche zu Unserer Lieben Frau</name>
                <description>                    category  : church building &lt;br&gt;   
                    sitelinks : 3.0 &lt;br&gt;   
                    articleEN :  &lt;br&gt;             
                    articleDE : https://de.wikipedia.org/wiki/Wehrkirche_Katzwang &lt;br&gt;              
                    wikidata_link : http://www.wikidata.org/entity/Q27729242</description>
                <styleUrl>#34</styleUrl>
                <Point id="1435">
                    <coordinates>11.05509,49.34955,0.0</coordinates>
                </Point>
            </Placemark>
            <Placemark id="1438">
                <name>Spitalbrücke (Nürnberg)</name>
                <description>                    category  : bridge over valley &lt;br&gt;   
                    sitelinks : 3.0 &lt;br&gt;   
                    articleEN :  &lt;br&gt;             
                    articleDE : https://de.wikipedia.org/wiki/Spitalbr%C3%BCcke_(N%C3%BCrnberg) &lt;br&gt;              
                    wikidata_link : http://www.wikidata.org/entity/Q2311245</description>
                <styleUrl>#34</styleUrl>
                <Point id="1437">
                    <coordinates>11.0807,49.4531,0.0</coordinates>
                </Point>
            </Placemark>
            <Placemark id="1440">
                <name>Sebalder Reichswald</name>
                <description>                    category  : forest &lt;br&gt;   
                    sitelinks : 3.0 &lt;br&gt;   
                    articleEN :  &lt;br&gt;             
                    articleDE : https://de.wikipedia.org/wiki/Sebalder_Reichswald &lt;br&gt;              
                    wikidata_link : http://www.wikidata.org/entity/Q2262501</description>
                <styleUrl>#34</styleUrl>
                <Point id="1439">
                    <coordinates>11.1,49.5355,0.0</coordinates>
                </Point>
            </Placemark>
            <Placemark id="1442">
                <name>Sebald</name>
                <description>                    category  : Q28538792 &lt;br&gt;   
                    sitelinks : 3.0 &lt;br&gt;   
                    articleEN :  &lt;br&gt;             
                    articleDE : https://de.wikipedia.org/wiki/Sebald_(N%C3%BCrnberg) &lt;br&gt;              
                    wikidata_link : http://www.wikidata.org/entity/Q2262489</description>
                <styleUrl>#34</styleUrl>
                <Point id="1441">
                    <coordinates>11.0795,49.455,0.0</coordinates>
                </Point>
            </Placemark>
            <Placemark id="1444">
                <name>Schloss Neunhof</name>
                <description>                    category  : château &lt;br&gt;   
                    sitelinks : 3.0 &lt;br&gt;   
                    articleEN :  &lt;br&gt;             
                    articleDE : https://de.wikipedia.org/wiki/Schloss_Neunhof &lt;br&gt;              
                    wikidata_link : http://www.wikidata.org/entity/Q2242659</description>
                <styleUrl>#34</styleUrl>
                <Point id="1443">
                    <coordinates>11.0508,49.5186,0.0</coordinates>
                </Point>
            </Placemark>
            <Placemark id="1446">
                <name>Schleifersteg (Nürnberg)</name>
                <description>                    category  : footbridge &lt;br&gt;   
                    sitelinks : 3.0 &lt;br&gt;   
                    articleEN :  &lt;br&gt;             
                    articleDE : https://de.wikipedia.org/wiki/Schleifersteg &lt;br&gt;              
                    wikidata_link : http://www.wikidata.org/entity/Q2238837</description>
                <styleUrl>#34</styleUrl>
                <Point id="1445">
                    <coordinates>11.0755,49.4531,0.0</coordinates>
                </Point>
            </Placemark>
            <Placemark id="1448">
                <name>Anwanden (Zirndorf)</name>
                <description>                    category  : Ortsteil &lt;br&gt;   
                    sitelinks : 3.0 &lt;br&gt;   
                    articleEN :  &lt;br&gt;             
                    articleDE : https://de.wikipedia.org/wiki/Anwanden_(Zirndorf) &lt;br&gt;              
                    wikidata_link : http://www.wikidata.org/entity/Q613158</description>
                <styleUrl>#34</styleUrl>
                <Point id="1447">
                    <coordinates>10.9311,49.4086,0.0</coordinates>
                </Point>
            </Placemark>
            <Placemark id="1450">
                <name>Bronnamberg</name>
                <description>                    category  : Ortsteil &lt;br&gt;   
                    sitelinks : 3.0 &lt;br&gt;   
                    articleEN :  &lt;br&gt;             
                    articleDE : https://de.wikipedia.org/wiki/Bronnamberg &lt;br&gt;              
                    wikidata_link : http://www.wikidata.org/entity/Q573371</description>
                <styleUrl>#34</styleUrl>
                <Point id="1449">
                    <coordinates>10.909444444444,49.438611111111,0.0</coordinates>
                </Point>
            </Placemark>
            <Placemark id="1452">
                <name>Gleisshammer</name>
                <description>                    category  : Q28538792 &lt;br&gt;   
                    sitelinks : 3.0 &lt;br&gt;   
                    articleEN :  &lt;br&gt;             
                    articleDE : https://de.wikipedia.org/wiki/Glei%C3%9Fhammer &lt;br&gt;              
                    wikidata_link : http://www.wikidata.org/entity/Q569270</description>
                <styleUrl>#34</styleUrl>
                <Point id="1451">
                    <coordinates>11.116666666667,49.446111111111,0.0</coordinates>
                </Point>
            </Placemark>
            <Placemark id="1454">
                <name>Volksbad (Nuremberg-Gostenhof)</name>
                <description>                    category  : indoor swimming pool &lt;br&gt;   
                    sitelinks : 3.0 &lt;br&gt;   
                    articleEN :  &lt;br&gt;             
                    articleDE : https://de.wikipedia.org/wiki/Volksbad_N%C3%BCrnberg &lt;br&gt;              
                    wikidata_link : http://www.wikidata.org/entity/Q2531625</description>
                <styleUrl>#34</styleUrl>
                <Point id="1453">
                    <coordinates>11.062244444444,49.447719444444,0.0</coordinates>
                </Point>
            </Placemark>
            <Placemark id="1456">
                <name>Turm der Sinne</name>
                <description>                    category  : museum &lt;br&gt;   
                    sitelinks : 3.0 &lt;br&gt;   
                    articleEN :  &lt;br&gt;             
                    articleDE : https://de.wikipedia.org/wiki/Turm_der_Sinne &lt;br&gt;              
                    wikidata_link : http://www.wikidata.org/entity/Q2460905</description>
                <styleUrl>#34</styleUrl>
                <Point id="1455">
                    <coordinates>11.06951952,49.45221056,0.0</coordinates>
                </Point>
            </Placemark>
            <Placemark id="1458">
                <name>Tucherschloss in Feucht</name>
                <description>                    category  : château &lt;br&gt;   
                    sitelinks : 3.0 &lt;br&gt;   
                    articleEN :  &lt;br&gt;             
                    articleDE : https://de.wikipedia.org/wiki/Tucherschloss_(Feucht) &lt;br&gt;              
                    wikidata_link : http://www.wikidata.org/entity/Q2459077</description>
                <styleUrl>#34</styleUrl>
                <Point id="1457">
                    <coordinates>11.213705416989,49.374187192757,0.0</coordinates>
                </Point>
            </Placemark>
            <Placemark id="1460">
                <name>Toplerhaus (Nürnberg)</name>
                <description>                    category  : building &lt;br&gt;   
                    sitelinks : 3.0 &lt;br&gt;   
                    articleEN : https://en.wikipedia.org/wiki/Toplerhaus &lt;br&gt;             
                    articleDE : https://de.wikipedia.org/wiki/Toplerhaus_(N%C3%BCrnberg) &lt;br&gt;              
                    wikidata_link : http://www.wikidata.org/entity/Q2443316</description>
                <styleUrl>#34</styleUrl>
                <Point id="1459">
                    <coordinates>11.079,49.4581,0.0</coordinates>
                </Point>
            </Placemark>
            <Placemark id="1462">
                <name>Tennenlohe</name>
                <description>                    category  : Ortsteil &lt;br&gt;   
                    sitelinks : 3.0 &lt;br&gt;   
                    articleEN : https://en.wikipedia.org/wiki/Tennenlohe &lt;br&gt;             
                    articleDE : https://de.wikipedia.org/wiki/Tennenlohe &lt;br&gt;              
                    wikidata_link : http://www.wikidata.org/entity/Q2403591</description>
                <styleUrl>#34</styleUrl>
                <Point id="1461">
                    <coordinates>11.0283,49.5511,0.0</coordinates>
                </Point>
            </Placemark>
            <Placemark id="1464">
                <name>Sterntor (Nürnberg)</name>
                <description>                    category  : city gate &lt;br&gt;   
                    sitelinks : 3.0 &lt;br&gt;   
                    articleEN :  &lt;br&gt;             
                    articleDE : https://de.wikipedia.org/wiki/Sterntor_(N%C3%BCrnberg) &lt;br&gt;              
                    wikidata_link : http://www.wikidata.org/entity/Q2346008</description>
                <styleUrl>#34</styleUrl>
                <Point id="1463">
                    <coordinates>11.0779,49.447,0.0</coordinates>
                </Point>
            </Placemark>
            <Placemark id="1466">
                <name>Stadttheater Fürth</name>
                <description>                    category  : theatre building &lt;br&gt;   
                    sitelinks : 3.0 &lt;br&gt;   
                    articleEN : https://en.wikipedia.org/wiki/Stadttheater_F%C3%BCrth &lt;br&gt;             
                    articleDE : https://de.wikipedia.org/wiki/Stadttheater_F%C3%BCrth &lt;br&gt;              
                    wikidata_link : http://www.wikidata.org/entity/Q2328218</description>
                <styleUrl>#34</styleUrl>
                <Point id="1465">
                    <coordinates>10.991298074173,49.475506061816,0.0</coordinates>
                </Point>
            </Placemark>
            <Placemark id="1468">
                <name>Q785872</name>
                <description>                    category  : interchange &lt;br&gt;   
                    sitelinks : 3.0 &lt;br&gt;   
                    articleEN :  &lt;br&gt;             
                    articleDE : https://de.wikipedia.org/wiki/Autobahnkreuz_N%C3%BCrnberg-S%C3%BCd &lt;br&gt;              
                    wikidata_link : http://www.wikidata.org/entity/Q785872</description>
                <styleUrl>#34</styleUrl>
                <Point id="1467">
                    <coordinates>11.1365,49.3777,0.0</coordinates>
                </Point>
            </Placemark>
            <Placemark id="1470">
                <name>Q785758</name>
                <description>                    category  : interchange &lt;br&gt;   
                    sitelinks : 3.0 &lt;br&gt;   
                    articleEN :  &lt;br&gt;             
                    articleDE : https://de.wikipedia.org/wiki/Autobahnkreuz_F%C3%BCrth/Erlangen &lt;br&gt;              
                    wikidata_link : http://www.wikidata.org/entity/Q785758</description>
                <styleUrl>#34</styleUrl>
                <Point id="1469">
                    <coordinates>10.992,49.5598,0.0</coordinates>
                </Point>
            </Placemark>
            <Placemark id="1472">
                <name>Gymnasium Fridericianum Erlangen</name>
                <description>                    category  : gymnasium &lt;br&gt;   
                    sitelinks : 3.0 &lt;br&gt;   
                    articleEN :  &lt;br&gt;             
                    articleDE : https://de.wikipedia.org/wiki/Gymnasium_Fridericianum_Erlangen &lt;br&gt;              
                    wikidata_link : http://www.wikidata.org/entity/Q774285</description>
                <styleUrl>#34</styleUrl>
                <Point id="1471">
                    <coordinates>11.0255,49.5822,0.0</coordinates>
                </Point>
            </Placemark>
            <Placemark id="1474">
                <name>Albrecht-Dürer-Denkmal</name>
                <description>                    category  : memorial &lt;br&gt;   
                    sitelinks : 3.0 &lt;br&gt;   
                    articleEN :  &lt;br&gt;             
                    articleDE : https://de.wikipedia.org/wiki/Albrecht-D%C3%BCrer-Denkmal &lt;br&gt;              
                    wikidata_link : http://www.wikidata.org/entity/Q1541045</description>
                <styleUrl>#34</styleUrl>
                <Point id="1473">
                    <coordinates>11.0759,49.4563,0.0</coordinates>
                </Point>
            </Placemark>
            <Placemark id="1476">
                <name>Allerheiligenkapelle (Nuremberg-Sankt Sebald)</name>
                <description>                    category  : church building &lt;br&gt;   
                    sitelinks : 3.0 &lt;br&gt;   
                    articleEN :  &lt;br&gt;             
                    articleDE : https://de.wikipedia.org/wiki/Allerheiligenkapelle_(N%C3%BCrnberg) &lt;br&gt;              
                    wikidata_link : http://www.wikidata.org/entity/Q1538130</description>
                <styleUrl>#34</styleUrl>
                <Point id="1475">
                    <coordinates>11.083786111111,49.456425,0.0</coordinates>
                </Point>
            </Placemark>
            <Placemark id="1478">
                <name>Goldener Saal</name>
                <description>                    category  : hall &lt;br&gt;   
                    sitelinks : 3.0 &lt;br&gt;   
                    articleEN :  &lt;br&gt;             
                    articleDE : https://de.wikipedia.org/wiki/Goldener_Saal_(N%C3%BCrnberg) &lt;br&gt;              
                    wikidata_link : http://www.wikidata.org/entity/Q1535456</description>
                <styleUrl>#34</styleUrl>
                <Point id="1477">
                    <coordinates>11.1246,49.4318,0.0</coordinates>
                </Point>
            </Placemark>
            <Placemark id="1480">
                <name>Gibitzenhof</name>
                <description>                    category  : Q28538792 &lt;br&gt;   
                    sitelinks : 3.0 &lt;br&gt;   
                    articleEN :  &lt;br&gt;             
                    articleDE : https://de.wikipedia.org/wiki/Gibitzenhof &lt;br&gt;              
                    wikidata_link : http://www.wikidata.org/entity/Q1522925</description>
                <styleUrl>#34</styleUrl>
                <Point id="1479">
                    <coordinates>11.065555555556,49.427777777778,0.0</coordinates>
                </Point>
            </Placemark>
            <Placemark id="1482">
                <name>Gewerbemuseum Nürnberg</name>
                <description>                    category  : museum &lt;br&gt;   
                    sitelinks : 3.0 &lt;br&gt;   
                    articleEN :  &lt;br&gt;             
                    articleDE : https://de.wikipedia.org/wiki/Gewerbemuseum_N%C3%BCrnberg &lt;br&gt;              
                    wikidata_link : http://www.wikidata.org/entity/Q1520447</description>
                <styleUrl>#34</styleUrl>
                <Point id="1481">
                    <coordinates>11.083333306989,49.451458826951,0.0</coordinates>
                </Point>
            </Placemark>
            <Placemark id="1484">
                <name>Schnepfenreuth</name>
                <description>                    category  : quarter &lt;br&gt;   
                    sitelinks : 3.0 &lt;br&gt;   
                    articleEN :  &lt;br&gt;             
                    articleDE : https://de.wikipedia.org/wiki/Schnepfenreuth &lt;br&gt;              
                    wikidata_link : http://www.wikidata.org/entity/Q1512850</description>
                <styleUrl>#34</styleUrl>
                <Point id="1483">
                    <coordinates>11.048888888889,49.485277777778,0.0</coordinates>
                </Point>
            </Placemark>
            <Placemark id="1486">
                <name>Gebersdorf</name>
                <description>                    category  : Q28538792 &lt;br&gt;   
                    sitelinks : 3.0 &lt;br&gt;   
                    articleEN :  &lt;br&gt;             
                    articleDE : https://de.wikipedia.org/wiki/Gebersdorf_(N%C3%BCrnberg) &lt;br&gt;              
                    wikidata_link : http://www.wikidata.org/entity/Q1496844</description>
                <styleUrl>#34</styleUrl>
                <Point id="1485">
                    <coordinates>11.0086,49.43,0.0</coordinates>
                </Point>
            </Placemark>
            <Placemark id="1488">
                <name>Gauchsmühle</name>
                <description>                    category  : Ortsteil &lt;br&gt;   
                    sitelinks : 3.0 &lt;br&gt;   
                    articleEN :  &lt;br&gt;             
                    articleDE : https://de.wikipedia.org/wiki/Gauchsm%C3%BChle_(Feucht) &lt;br&gt;              
                    wikidata_link : http://www.wikidata.org/entity/Q1495923</description>
                <styleUrl>#34</styleUrl>
                <Point id="1487">
                    <coordinates>11.2519,49.3873,0.0</coordinates>
                </Point>
            </Placemark>
            <Placemark id="1490">
                <name>St. Johannis</name>
                <description>                    category  : Ortsteil &lt;br&gt;   
                    sitelinks : 3.0 &lt;br&gt;   
                    articleEN :  &lt;br&gt;             
                    articleDE : https://de.wikipedia.org/wiki/St._Johannis_(N%C3%BCrnberg) &lt;br&gt;              
                    wikidata_link : http://www.wikidata.org/entity/Q1478190</description>
                <styleUrl>#34</styleUrl>
                <Point id="1489">
                    <coordinates>11.0603,49.4597,0.0</coordinates>
                </Point>
            </Placemark>
            <Placemark id="1492">
                <name>Felsengänge Nürnberg</name>
                <description>                    category  : rock cellar &lt;br&gt;   
                    sitelinks : 3.0 &lt;br&gt;   
                    articleEN :  &lt;br&gt;             
                    articleDE : https://de.wikipedia.org/wiki/Felseng%C3%A4nge_(N%C3%BCrnberg) &lt;br&gt;              
                    wikidata_link : http://www.wikidata.org/entity/Q1404238</description>
                <styleUrl>#34</styleUrl>
                <Point id="1491">
                    <coordinates>11.075785664393,49.456255215657,0.0</coordinates>
                </Point>
            </Placemark>
            <Placemark id="1494">
                <name>Skulpturengarten Nürnberg</name>
                <description>                    category  : sculpture garden &lt;br&gt;   
                    sitelinks : 3.0 &lt;br&gt;   
                    articleEN :  &lt;br&gt;             
                    articleDE : https://de.wikipedia.org/wiki/Skulpturengarten_am_Neuen_Museum_N%C3%BCrnberg &lt;br&gt;              
                    wikidata_link : http://www.wikidata.org/entity/Q1393860</description>
                <styleUrl>#34</styleUrl>
                <Point id="1493">
                    <coordinates>11.0752,49.447,0.0</coordinates>
                </Point>
            </Placemark>
            <Placemark id="1496">
                <name>Schlayerturm (Nürnberg)</name>
                <description>                    category  : tower &lt;br&gt;   
                    sitelinks : 3.0 &lt;br&gt;   
                    articleEN :  &lt;br&gt;             
                    articleDE : https://de.wikipedia.org/wiki/Schlayerturm &lt;br&gt;              
                    wikidata_link : http://www.wikidata.org/entity/Q1378711</description>
                <styleUrl>#34</styleUrl>
                <Point id="1495">
                    <coordinates>11.0708,49.4543,0.0</coordinates>
                </Point>
            </Placemark>
            <Placemark id="1498">
                <name>Lorenz</name>
                <description>                    category  : Stadtbezirk &lt;br&gt;   
                    sitelinks : 3.0 &lt;br&gt;   
                    articleEN :  &lt;br&gt;             
                    articleDE : https://de.wikipedia.org/wiki/Lorenz_(N%C3%BCrnberg) &lt;br&gt;              
                    wikidata_link : http://www.wikidata.org/entity/Q1376576</description>
                <styleUrl>#34</styleUrl>
                <Point id="1497">
                    <coordinates>11.077,49.45,0.0</coordinates>
                </Point>
            </Placemark>
            <Placemark id="1500">
                <name>Erlenstegen</name>
                <description>                    category  : Q28538792 &lt;br&gt;   
                    sitelinks : 3.0 &lt;br&gt;   
                    articleEN :  &lt;br&gt;             
                    articleDE : https://de.wikipedia.org/wiki/Erlenstegen &lt;br&gt;              
                    wikidata_link : http://www.wikidata.org/entity/Q1355579</description>
                <styleUrl>#34</styleUrl>
                <Point id="1499">
                    <coordinates>11.14,49.474444444444,0.0</coordinates>
                </Point>
            </Placemark>
            <Placemark id="1502">
                <name>Neunhof</name>
                <description>                    category  : Ortsteil &lt;br&gt;   
                    sitelinks : 3.0 &lt;br&gt;   
                    articleEN :  &lt;br&gt;             
                    articleDE : https://de.wikipedia.org/wiki/Neunhof_(N%C3%BCrnberg) &lt;br&gt;              
                    wikidata_link : http://www.wikidata.org/entity/Q1326411</description>
                <styleUrl>#34</styleUrl>
                <Point id="1501">
                    <coordinates>11.05,49.5194,0.0</coordinates>
                </Point>
            </Placemark>
            <Placemark id="1504">
                <name>Vestnertor</name>
                <description>                    category  : architectural structure &lt;br&gt;   
                    sitelinks : 3.0 &lt;br&gt;   
                    articleEN :  &lt;br&gt;             
                    articleDE : https://de.wikipedia.org/wiki/Vestnertor &lt;br&gt;              
                    wikidata_link : http://www.wikidata.org/entity/Q1301543</description>
                <styleUrl>#34</styleUrl>
                <Point id="1503">
                    <coordinates>11.0762,49.4583,0.0</coordinates>
                </Point>
            </Placemark>
            <Placemark id="1506">
                <name>Museumsbrücke (Nürnberg)</name>
                <description>                    category  : arch bridge &lt;br&gt;   
                    sitelinks : 3.0 &lt;br&gt;   
                    articleEN :  &lt;br&gt;             
                    articleDE : https://de.wikipedia.org/wiki/Museumsbr%C3%BCcke &lt;br&gt;              
                    wikidata_link : http://www.wikidata.org/entity/Q1954801</description>
                <styleUrl>#34</styleUrl>
                <Point id="1505">
                    <coordinates>11.0779,49.4527,0.0</coordinates>
                </Point>
            </Placemark>
            <Placemark id="1508">
                <name>Moosbach</name>
                <description>                    category  : Ortsteil &lt;br&gt;   
                    sitelinks : 3.0 &lt;br&gt;   
                    articleEN :  &lt;br&gt;             
                    articleDE : https://de.wikipedia.org/wiki/Moosbach_(Feucht) &lt;br&gt;              
                    wikidata_link : http://www.wikidata.org/entity/Q1946939</description>
                <styleUrl>#34</styleUrl>
                <Point id="1507">
                    <coordinates>11.2606,49.3927,0.0</coordinates>
                </Point>
            </Placemark>
            <Placemark id="1510">
                <name>Maxplatz</name>
                <description>                    category  : street &lt;br&gt;   
                    sitelinks : 3.0 &lt;br&gt;   
                    articleEN :  &lt;br&gt;             
                    articleDE : https://de.wikipedia.org/wiki/Maxplatz_(N%C3%BCrnberg) &lt;br&gt;              
                    wikidata_link : http://www.wikidata.org/entity/Q1914287</description>
                <styleUrl>#34</styleUrl>
                <Point id="1509">
                    <coordinates>11.0725,49.4544,0.0</coordinates>
                </Point>
            </Placemark>
            <Placemark id="1512">
                <name>Lorenzer Reichswald</name>
                <description>                    category  : forest &lt;br&gt;   
                    sitelinks : 3.0 &lt;br&gt;   
                    articleEN :  &lt;br&gt;             
                    articleDE : https://de.wikipedia.org/wiki/Lorenzer_Reichswald &lt;br&gt;              
                    wikidata_link : http://www.wikidata.org/entity/Q1870164</description>
                <styleUrl>#34</styleUrl>
                <Point id="1511">
                    <coordinates>11.0303,49.5842,0.0</coordinates>
                </Point>
            </Placemark>
            <Placemark id="1514">
                <name>Nuremberg-Kleinreuth radio transmitter</name>
                <description>                    category  : tower &lt;br&gt;   
                    sitelinks : 3.0 &lt;br&gt;   
                    articleEN : https://en.wikipedia.org/wiki/Nuremberg-Kleinreuth_radio_transmitter &lt;br&gt;             
                    articleDE : https://de.wikipedia.org/wiki/Sender_N%C3%BCrnberg-Kleinreuth &lt;br&gt;              
                    wikidata_link : http://www.wikidata.org/entity/Q877582</description>
                <styleUrl>#34</styleUrl>
                <Point id="1513">
                    <coordinates>11.0085,49.4438,0.0</coordinates>
                </Point>
            </Placemark>
            <Placemark id="1516">
                <name>Birkensee (Nürnberg)</name>
                <description>                    category  : still waters &lt;br&gt;   
                    sitelinks : 3.0 &lt;br&gt;   
                    articleEN :  &lt;br&gt;             
                    articleDE : https://de.wikipedia.org/wiki/Birkensee_(N%C3%BCrnberger_Land) &lt;br&gt;              
                    wikidata_link : http://www.wikidata.org/entity/Q865601</description>
                <styleUrl>#34</styleUrl>
                <Point id="1515">
                    <coordinates>11.2583,49.4567,0.0</coordinates>
                </Point>
            </Placemark>
            <Placemark id="1518">
                <name>Dutzendteich</name>
                <description>                    category  : artificial pond &lt;br&gt;   
                    sitelinks : 3.0 &lt;br&gt;   
                    articleEN :  &lt;br&gt;             
                    articleDE : https://de.wikipedia.org/wiki/Dutzendteich_(Weiherlandschaft) &lt;br&gt;              
                    wikidata_link : http://www.wikidata.org/entity/Q862605</description>
                <styleUrl>#34</styleUrl>
                <Point id="1517">
                    <coordinates>11.115,49.4308,0.0</coordinates>
                </Point>
            </Placemark>
            <Placemark id="1520">
                <name>Bayerische Staatsbank</name>
                <description>                    category  : bank &lt;br&gt;   
                    sitelinks : 3.0 &lt;br&gt;   
                    articleEN : https://en.wikipedia.org/wiki/Bavarian_State_Bank &lt;br&gt;             
                    articleDE : https://de.wikipedia.org/wiki/Bayerische_Staatsbank &lt;br&gt;              
                    wikidata_link : http://www.wikidata.org/entity/Q812279</description>
                <styleUrl>#34</styleUrl>
                <Point id="1519">
                    <coordinates>11.079185,49.451824,0.0</coordinates>
                </Point>
            </Placemark>
            <Placemark id="1522">
                <name>Nuremberg-Langwasser</name>
                <description>                    category  : goods station &lt;br&gt;   
                    sitelinks : 3.0 &lt;br&gt;   
                    articleEN :  &lt;br&gt;             
                    articleDE : https://de.wikipedia.org/wiki/Bahnhof_N%C3%BCrnberg-Langwasser &lt;br&gt;              
                    wikidata_link : http://www.wikidata.org/entity/Q801273</description>
                <styleUrl>#34</styleUrl>
                <Point id="1521">
                    <coordinates>11.135119,49.4096,0.0</coordinates>
                </Point>
            </Placemark>
            <Placemark id="1524">
                <name>Autobahnkreuz Nürnberg-Ost</name>
                <description>                    category  : interchange &lt;br&gt;   
                    sitelinks : 3.0 &lt;br&gt;   
                    articleEN :  &lt;br&gt;             
                    articleDE : https://de.wikipedia.org/wiki/Autobahnkreuz_N%C3%BCrnberg-Ost &lt;br&gt;              
                    wikidata_link : http://www.wikidata.org/entity/Q785873</description>
                <styleUrl>#34</styleUrl>
                <Point id="1523">
                    <coordinates>11.1999,49.3957,0.0</coordinates>
                </Point>
            </Placemark>
            <Placemark id="1526">
                <name>Meistersingerhalle</name>
                <description>                    category  : concert hall &lt;br&gt;   
                    sitelinks : 3.0 &lt;br&gt;   
                    articleEN : https://en.wikipedia.org/wiki/Meistersingerhalle &lt;br&gt;             
                    articleDE : https://de.wikipedia.org/wiki/Meistersingerhalle &lt;br&gt;              
                    wikidata_link : http://www.wikidata.org/entity/Q1734355</description>
                <styleUrl>#34</styleUrl>
                <Point id="1525">
                    <coordinates>11.10474,49.43732,0.0</coordinates>
                </Point>
            </Placemark>
            <Placemark id="1528">
                <name>Reiterdenkmal Kaiser Wilhelm I.</name>
                <description>                    category  : equestrian statue &lt;br&gt;   
                    sitelinks : 3.0 &lt;br&gt;   
                    articleEN :  &lt;br&gt;             
                    articleDE : https://de.wikipedia.org/wiki/Kaiser-Wilhelm-I.-Denkmal_(N%C3%BCrnberg) &lt;br&gt;              
                    wikidata_link : http://www.wikidata.org/entity/Q1721558</description>
                <styleUrl>#34</styleUrl>
                <Point id="1527">
                    <coordinates>11.081,49.4567,0.0</coordinates>
                </Point>
            </Placemark>
            <Placemark id="1530">
                <name>Jüdisches Museum Franken</name>
                <description>                    category  : Jewish museum &lt;br&gt;   
                    sitelinks : 3.0 &lt;br&gt;   
                    articleEN :  &lt;br&gt;             
                    articleDE : https://de.wikipedia.org/wiki/J%C3%BCdisches_Museum_Franken &lt;br&gt;              
                    wikidata_link : http://www.wikidata.org/entity/Q1716823</description>
                <styleUrl>#34</styleUrl>
                <Point id="1529">
                    <coordinates>10.9903,49.4771,0.0</coordinates>
                </Point>
            </Placemark>
            <Placemark id="1532">
                <name>Reutles</name>
                <description>                    category  : Ortsteil &lt;br&gt;   
                    sitelinks : 3.0 &lt;br&gt;   
                    articleEN :  &lt;br&gt;             
                    articleDE : https://de.wikipedia.org/wiki/Reutles &lt;br&gt;              
                    wikidata_link : http://www.wikidata.org/entity/Q1713923</description>
                <styleUrl>#34</styleUrl>
                <Point id="1531">
                    <coordinates>11.024722222222,49.533888888889,0.0</coordinates>
                </Point>
            </Placemark>
            <Placemark id="1534">
                <name>Vach</name>
                <description>                    category  : Ortsteil &lt;br&gt;   
                    sitelinks : 3.0 &lt;br&gt;   
                    articleEN : https://en.wikipedia.org/wiki/Vach &lt;br&gt;             
                    articleDE : https://de.wikipedia.org/wiki/Vach_(F%C3%BCrth) &lt;br&gt;              
                    wikidata_link : http://www.wikidata.org/entity/Q1710810</description>
                <styleUrl>#34</styleUrl>
                <Point id="1533">
                    <coordinates>10.9653,49.5261,0.0</coordinates>
                </Point>
            </Placemark>
            <Placemark id="1536">
                <name>St. Johannes and St. Martin</name>
                <description>                    category  : church building &lt;br&gt;   
                    sitelinks : 3.0 &lt;br&gt;   
                    articleEN :  &lt;br&gt;             
                    articleDE : https://de.wikipedia.org/wiki/Stadtkirche_St._Johannes_und_St._Martin_(Schwabach) &lt;br&gt;              
                    wikidata_link : http://www.wikidata.org/entity/Q1695202</description>
                <styleUrl>#34</styleUrl>
                <Point id="1535">
                    <coordinates>11.0218,49.3291,0.0</coordinates>
                </Point>
            </Placemark>
            <Placemark id="1538">
                <name>Sandreuth</name>
                <description>                    category  : Q28538792 &lt;br&gt;   
                    sitelinks : 3.0 &lt;br&gt;   
                    articleEN :  &lt;br&gt;             
                    articleDE : https://de.wikipedia.org/wiki/Sandreuth &lt;br&gt;              
                    wikidata_link : http://www.wikidata.org/entity/Q1664795</description>
                <styleUrl>#34</styleUrl>
                <Point id="1537">
                    <coordinates>11.059819444444,49.435075,0.0</coordinates>
                </Point>
            </Placemark>
            <Placemark id="1540">
                <name>Valznerweiher</name>
                <description>                    category  : still waters &lt;br&gt;   
                    sitelinks : 3.0 &lt;br&gt;   
                    articleEN :  &lt;br&gt;             
                    articleDE : https://de.wikipedia.org/wiki/Valznerweiher &lt;br&gt;              
                    wikidata_link : http://www.wikidata.org/entity/Q250914</description>
                <styleUrl>#34</styleUrl>
                <Point id="1539">
                    <coordinates>11.1342,49.4381,0.0</coordinates>
                </Point>
            </Placemark>
            <Placemark id="1542">
                <name>Banderbach</name>
                <description>                    category  : Ortsteil &lt;br&gt;   
                    sitelinks : 3.0 &lt;br&gt;   
                    articleEN :  &lt;br&gt;             
                    articleDE : https://de.wikipedia.org/wiki/Banderbach &lt;br&gt;              
                    wikidata_link : http://www.wikidata.org/entity/Q241556</description>
                <styleUrl>#34</styleUrl>
                <Point id="1541">
                    <coordinates>10.925277777778,49.448333333333,0.0</coordinates>
                </Point>
            </Placemark>
            <Placemark id="1544">
                <name>Buch</name>
                <description>                    category  : Q28538792 &lt;br&gt;   
                    sitelinks : 3.0 &lt;br&gt;   
                    articleEN :  &lt;br&gt;             
                    articleDE : https://de.wikipedia.org/wiki/Buch_(N%C3%BCrnberg) &lt;br&gt;              
                    wikidata_link : http://www.wikidata.org/entity/Q200415</description>
                <styleUrl>#34</styleUrl>
                <Point id="1543">
                    <coordinates>11.0454,49.4968,0.0</coordinates>
                </Point>
            </Placemark>
            <Placemark id="1546">
                <name>Zerzabelshof</name>
                <description>                    category  : Q28538792 &lt;br&gt;   
                    sitelinks : 3.0 &lt;br&gt;   
                    articleEN :  &lt;br&gt;             
                    articleDE : https://de.wikipedia.org/wiki/Zerzabelshof &lt;br&gt;              
                    wikidata_link : http://www.wikidata.org/entity/Q196795</description>
                <styleUrl>#34</styleUrl>
                <Point id="1545">
                    <coordinates>11.128333333333,49.445,0.0</coordinates>
                </Point>
            </Placemark>
            <Placemark id="1548">
                <name>Höfen (Nürnberg)</name>
                <description>                    category  : Q28538792 &lt;br&gt;   
                    sitelinks : 3.0 &lt;br&gt;   
                    articleEN :  &lt;br&gt;             
                    articleDE : https://de.wikipedia.org/wiki/H%C3%B6fen_(N%C3%BCrnberg) &lt;br&gt;              
                    wikidata_link : http://www.wikidata.org/entity/Q182686</description>
                <styleUrl>#34</styleUrl>
                <Point id="1547">
                    <coordinates>11.0097,49.4508,0.0</coordinates>
                </Point>
            </Placemark>
            <Placemark id="1550">
                <name>Eibach</name>
                <description>                    category  : Q28538792 &lt;br&gt;   
                    sitelinks : 3.0 &lt;br&gt;   
                    articleEN :  &lt;br&gt;             
                    articleDE : https://de.wikipedia.org/wiki/Eibach_(N%C3%BCrnberg) &lt;br&gt;              
                    wikidata_link : http://www.wikidata.org/entity/Q1301080</description>
                <styleUrl>#34</styleUrl>
                <Point id="1549">
                    <coordinates>11.0369,49.4042,0.0</coordinates>
                </Point>
            </Placemark>
            <Placemark id="1552">
                <name>Q1297797</name>
                <description>                    category  : religious community &lt;br&gt;   
                    sitelinks : 3.0 &lt;br&gt;   
                    articleEN :  &lt;br&gt;             
                    articleDE : https://de.wikipedia.org/wiki/Egidienkloster_N%C3%BCrnberg &lt;br&gt;              
                    wikidata_link : http://www.wikidata.org/entity/Q1297797</description>
                <styleUrl>#34</styleUrl>
                <Point id="1551">
                    <coordinates>11.0817,49.4564,0.0</coordinates>
                </Point>
            </Placemark>
            <Placemark id="1554">
                <name>Dudelsackpfeiferbrunnen</name>
                <description>                    category  : water well &lt;br&gt;   
                    sitelinks : 3.0 &lt;br&gt;   
                    articleEN :  &lt;br&gt;             
                    articleDE : https://de.wikipedia.org/wiki/Dudelsackpfeiferbrunnen &lt;br&gt;              
                    wikidata_link : http://www.wikidata.org/entity/Q1263653</description>
                <styleUrl>#34</styleUrl>
                <Point id="1553">
                    <coordinates>11.0723,49.4527,0.0</coordinates>
                </Point>
            </Placemark>
            <Placemark id="1556">
                <name>Deutsches Kunstarchiv im Germanischen Nationalmuseum</name>
                <description>                    category  : collection &lt;br&gt;   
                    sitelinks : 3.0 &lt;br&gt;   
                    articleEN : https://en.wikipedia.org/wiki/German_Art_Archive &lt;br&gt;             
                    articleDE : https://de.wikipedia.org/wiki/Deutsches_Kunstarchiv &lt;br&gt;              
                    wikidata_link : http://www.wikidata.org/entity/Q1205799</description>
                <styleUrl>#34</styleUrl>
                <Point id="1555">
                    <coordinates>11.075561111111,49.448330555556,0.0</coordinates>
                </Point>
            </Placemark>
            <Placemark id="1558">
                <name>Silbersee in Nürnberg</name>
                <description>                    category  : landfill &lt;br&gt;   
                    sitelinks : 3.0 &lt;br&gt;   
                    articleEN :  &lt;br&gt;             
                    articleDE : https://de.wikipedia.org/wiki/Silbersee_(N%C3%BCrnberg) &lt;br&gt;              
                    wikidata_link : http://www.wikidata.org/entity/Q1148817</description>
                <styleUrl>#34</styleUrl>
                <Point id="1557">
                    <coordinates>11.1108,49.4219,0.0</coordinates>
                </Point>
            </Placemark>
            <Placemark id="1560">
                <name>Stadthalle Fürth</name>
                <description>                    category  : multi-purpose hall &lt;br&gt;   
                    sitelinks : 4.0 &lt;br&gt;   
                    articleEN : https://en.wikipedia.org/wiki/Stadthalle_F%C3%BCrth &lt;br&gt;             
                    articleDE :  &lt;br&gt;              
                    wikidata_link : http://www.wikidata.org/entity/Q24553360</description>
                <styleUrl>#34</styleUrl>
                <Point id="1559">
                    <coordinates>10.98322,49.47905,0.0</coordinates>
                </Point>
            </Placemark>
            <Placemark id="1562">
                <name>University of Technology Nuremberg</name>
                <description>                    category  : public university &lt;br&gt;   
                    sitelinks : 4.0 &lt;br&gt;   
                    articleEN : https://en.wikipedia.org/wiki/University_of_Technology_Nuremberg &lt;br&gt;             
                    articleDE : https://de.wikipedia.org/wiki/Technische_Universit%C3%A4t_N%C3%BCrnberg &lt;br&gt;              
                    wikidata_link : http://www.wikidata.org/entity/Q56187114</description>
                <styleUrl>#34</styleUrl>
                <Point id="1561">
                    <coordinates>11.104166666667,49.42,0.0</coordinates>
                </Point>
            </Placemark>
            <Placemark id="1564">
                <name>Neunhofer Forst</name>
                <description>                    category  : unincorporated area in Germany &lt;br&gt;   
                    sitelinks : 4.0 &lt;br&gt;   
                    articleEN :  &lt;br&gt;             
                    articleDE : https://de.wikipedia.org/wiki/Neunhofer_Forst &lt;br&gt;              
                    wikidata_link : http://www.wikidata.org/entity/Q1981041</description>
                <styleUrl>#34</styleUrl>
                <Point id="1563">
                    <coordinates>11.0833,49.5333,0.0</coordinates>
                </Point>
            </Placemark>
            <Placemark id="1566">
                <name>Neptunbrunnen (Nuremberg)</name>
                <description>                    category  : water well &lt;br&gt;   
                    sitelinks : 4.0 &lt;br&gt;   
                    articleEN :  &lt;br&gt;             
                    articleDE : https://de.wikipedia.org/wiki/Neptunbrunnen_(N%C3%BCrnberg) &lt;br&gt;              
                    wikidata_link : http://www.wikidata.org/entity/Q1977831</description>
                <styleUrl>#34</styleUrl>
                <Point id="1565">
                    <coordinates>11.0918,49.4645,0.0</coordinates>
                </Point>
            </Placemark>
            <Placemark id="1568">
                <name>Le Méridien Grand Hotel Nürnberg</name>
                <description>                    category  : cultural heritage ensemble &lt;br&gt;   
                    sitelinks : 4.0 &lt;br&gt;   
                    articleEN :  &lt;br&gt;             
                    articleDE : https://de.wikipedia.org/wiki/Le_M%C3%A9ridien_Grand_Hotel_N%C3%BCrnberg &lt;br&gt;              
                    wikidata_link : http://www.wikidata.org/entity/Q1810013</description>
                <styleUrl>#34</styleUrl>
                <Point id="1567">
                    <coordinates>11.08269,49.44775,0.0</coordinates>
                </Point>
            </Placemark>
            <Placemark id="1570">
                <name>Kunsthalle Nürnberg</name>
                <description>                    category  : kunsthalle &lt;br&gt;   
                    sitelinks : 4.0 &lt;br&gt;   
                    articleEN : https://en.wikipedia.org/wiki/Kunsthalle_N%C3%BCrnberg &lt;br&gt;             
                    articleDE : https://de.wikipedia.org/wiki/Kunsthalle_N%C3%BCrnberg &lt;br&gt;              
                    wikidata_link : http://www.wikidata.org/entity/Q1792415</description>
                <styleUrl>#34</styleUrl>
                <Point id="1569">
                    <coordinates>11.082580976581,49.449606772044,0.0</coordinates>
                </Point>
            </Placemark>
            <Placemark id="1572">
                <name>Kraftshof</name>
                <description>                    category  : Q28538792 &lt;br&gt;   
                    sitelinks : 4.0 &lt;br&gt;   
                    articleEN :  &lt;br&gt;             
                    articleDE : https://de.wikipedia.org/wiki/Kraftshof &lt;br&gt;              
                    wikidata_link : http://www.wikidata.org/entity/Q1786001</description>
                <styleUrl>#34</styleUrl>
                <Point id="1571">
                    <coordinates>11.046666666667,49.5125,0.0</coordinates>
                </Point>
            </Placemark>
            <Placemark id="1574">
                <name>Nuremberg University of Music</name>
                <description>                    category  : conservatory &lt;br&gt;   
                    sitelinks : 4.0 &lt;br&gt;   
                    articleEN : https://en.wikipedia.org/wiki/Hochschule_f%C3%BCr_Musik_N%C3%BCrnberg &lt;br&gt;             
                    articleDE : https://de.wikipedia.org/wiki/Hochschule_f%C3%BCr_Musik_N%C3%BCrnberg &lt;br&gt;              
                    wikidata_link : http://www.wikidata.org/entity/Q1622205</description>
                <styleUrl>#34</styleUrl>
                <Point id="1573">
                    <coordinates>11.10868056,49.45861111,0.0</coordinates>
                </Point>
            </Placemark>
            <Placemark id="1576">
                <name>Historischer Kunstbunker</name>
                <description>                    category  : bunker &lt;br&gt;   
                    sitelinks : 4.0 &lt;br&gt;   
                    articleEN : https://en.wikipedia.org/wiki/Historischer_Kunstbunker &lt;br&gt;             
                    articleDE : https://de.wikipedia.org/wiki/Historischer_Kunstbunker &lt;br&gt;              
                    wikidata_link : http://www.wikidata.org/entity/Q1620940</description>
                <styleUrl>#34</styleUrl>
                <Point id="1575">
                    <coordinates>11.0754,49.4568,0.0</coordinates>
                </Point>
            </Placemark>
            <Placemark id="1578">
                <name>Henkerturm</name>
                <description>                    category  : cultural heritage ensemble &lt;br&gt;   
                    sitelinks : 4.0 &lt;br&gt;   
                    articleEN :  &lt;br&gt;             
                    articleDE : https://de.wikipedia.org/wiki/Henkerturm_(N%C3%BCrnberg) &lt;br&gt;              
                    wikidata_link : http://www.wikidata.org/entity/Q1605295</description>
                <styleUrl>#34</styleUrl>
                <Point id="1577">
                    <coordinates>11.073289792455,49.453239070092,0.0</coordinates>
                </Point>
            </Placemark>
            <Placemark id="1580">
                <name>Unschlitthaus (Nuremberg-St. Lorenz)</name>
                <description>                    category  : building &lt;br&gt;   
                    sitelinks : 4.0 &lt;br&gt;   
                    articleEN :  &lt;br&gt;             
                    articleDE : https://de.wikipedia.org/wiki/Unschlitthaus &lt;br&gt;              
                    wikidata_link : http://www.wikidata.org/entity/Q1604544</description>
                <styleUrl>#34</styleUrl>
                <Point id="1579">
                    <coordinates>11.072737199106,49.452724243772,0.0</coordinates>
                </Point>
            </Placemark>
            <Placemark id="1582">
                <name>Playmobil FunPark in Germany</name>
                <description>                    category  : Playmobil FunPark &lt;br&gt;   
                    sitelinks : 4.0 &lt;br&gt;   
                    articleEN :  &lt;br&gt;             
                    articleDE : https://de.wikipedia.org/wiki/Playmobil_FunPark &lt;br&gt;              
                    wikidata_link : http://www.wikidata.org/entity/Q60643610</description>
                <styleUrl>#34</styleUrl>
                <Point id="1581">
                    <coordinates>10.942111,49.430722,0.0</coordinates>
                </Point>
            </Placemark>
            <Placemark id="1584">
                <name>Synagoge Adass Jisroel (Nürnberg)</name>
                <description>                    category  : synagogue &lt;br&gt;   
                    sitelinks : 4.0 &lt;br&gt;   
                    articleEN :  &lt;br&gt;             
                    articleDE : https://de.wikipedia.org/wiki/Synagoge_Adass_Jisroel_(N%C3%BCrnberg) &lt;br&gt;              
                    wikidata_link : http://www.wikidata.org/entity/Q16678427</description>
                <styleUrl>#34</styleUrl>
                <Point id="1583">
                    <coordinates>11.07281,49.44597,0.0</coordinates>
                </Point>
            </Placemark>
            <Placemark id="1586">
                <name>Röthenbach</name>
                <description>                    category  : watercourse &lt;br&gt;   
                    sitelinks : 4.0 &lt;br&gt;   
                    articleEN :  &lt;br&gt;             
                    articleDE : https://de.wikipedia.org/wiki/R%C3%B6thenbach_(Pegnitz) &lt;br&gt;              
                    wikidata_link : http://www.wikidata.org/entity/Q16293227</description>
                <styleUrl>#34</styleUrl>
                <Point id="1585">
                    <coordinates>11.234444444444,49.486944444444,0.0</coordinates>
                </Point>
            </Placemark>
            <Placemark id="1588">
                <name>Willy Brandt Memorial</name>
                <description>                    category  : sculpture &lt;br&gt;   
                    sitelinks : 4.0 &lt;br&gt;   
                    articleEN : https://en.wikipedia.org/wiki/Willy_Brandt_Memorial_(Nuremberg) &lt;br&gt;             
                    articleDE : https://de.wikipedia.org/wiki/Willy-Brandt-Denkmal_(N%C3%BCrnberg) &lt;br&gt;              
                    wikidata_link : http://www.wikidata.org/entity/Q2581799</description>
                <styleUrl>#34</styleUrl>
                <Point id="1587">
                    <coordinates>11.0865,49.4483,0.0</coordinates>
                </Point>
            </Placemark>
            <Placemark id="1590">
                <name>Weinzierlein</name>
                <description>                    category  : Ortsteil &lt;br&gt;   
                    sitelinks : 4.0 &lt;br&gt;   
                    articleEN : https://en.wikipedia.org/wiki/Weinzierlein &lt;br&gt;             
                    articleDE : https://de.wikipedia.org/wiki/Weinzierlein &lt;br&gt;              
                    wikidata_link : http://www.wikidata.org/entity/Q2556325</description>
                <styleUrl>#34</styleUrl>
                <Point id="1589">
                    <coordinates>10.899166666667,49.424444444444,0.0</coordinates>
                </Point>
            </Placemark>
            <Placemark id="1592">
                <name>Hans-Sachs-Denkmal (Nürnberg)</name>
                <description>                    category  : monument &lt;br&gt;   
                    sitelinks : 4.0 &lt;br&gt;   
                    articleEN :  &lt;br&gt;             
                    articleDE : https://de.wikipedia.org/wiki/Hans-Sachs-Denkmal &lt;br&gt;              
                    wikidata_link : http://www.wikidata.org/entity/Q1578188</description>
                <styleUrl>#34</styleUrl>
                <Point id="1591">
                    <coordinates>11.0801,49.4537,0.0</coordinates>
                </Point>
            </Placemark>
            <Placemark id="1594">
                <name>Hallertürlein (Nürnberg)</name>
                <description>                    category  : architectural structure &lt;br&gt;   
                    sitelinks : 4.0 &lt;br&gt;   
                    articleEN :  &lt;br&gt;             
                    articleDE : https://de.wikipedia.org/wiki/Hallert%C3%BCrlein &lt;br&gt;              
                    wikidata_link : http://www.wikidata.org/entity/Q1571634</description>
                <styleUrl>#34</styleUrl>
                <Point id="1593">
                    <coordinates>11.071,49.4547,0.0</coordinates>
                </Point>
            </Placemark>
            <Placemark id="1596">
                <name>Gänsemännchenbrunnen</name>
                <description>                    category  : water well &lt;br&gt;   
                    sitelinks : 4.0 &lt;br&gt;   
                    articleEN :  &lt;br&gt;             
                    articleDE : https://de.wikipedia.org/wiki/G%C3%A4nsem%C3%A4nnchenbrunnen_(N%C3%BCrnberg) &lt;br&gt;              
                    wikidata_link : http://www.wikidata.org/entity/Q1558805</description>
                <styleUrl>#34</styleUrl>
                <Point id="1595">
                    <coordinates>11.0777,49.4547,0.0</coordinates>
                </Point>
            </Placemark>
            <Placemark id="1598">
                <name>Synagogenmahnmal</name>
                <description>                    category  : monument &lt;br&gt;   
                    sitelinks : 4.0 &lt;br&gt;   
                    articleEN :  &lt;br&gt;             
                    articleDE : https://de.wikipedia.org/wiki/Synagogendenkmal_(N%C3%BCrnberg) &lt;br&gt;              
                    wikidata_link : http://www.wikidata.org/entity/Q1451375</description>
                <styleUrl>#34</styleUrl>
                <Point id="1597">
                    <coordinates>11.0807,49.4533,0.0</coordinates>
                </Point>
            </Placemark>
            <Placemark id="1600">
                <name>Klarakirche (Nuremberg)</name>
                <description>                    category  : church building &lt;br&gt;   
                    sitelinks : 4.0 &lt;br&gt;   
                    articleEN :  &lt;br&gt;             
                    articleDE : https://de.wikipedia.org/wiki/St._Klara_(N%C3%BCrnberg) &lt;br&gt;              
                    wikidata_link : http://www.wikidata.org/entity/Q1439511</description>
                <styleUrl>#34</styleUrl>
                <Point id="1599">
                    <coordinates>11.0797,49.4485,0.0</coordinates>
                </Point>
            </Placemark>
            <Placemark id="1602">
                <name>Burgfarrnbach</name>
                <description>                    category  : Ortsteil &lt;br&gt;   
                    sitelinks : 4.0 &lt;br&gt;   
                    articleEN :  &lt;br&gt;             
                    articleDE : https://de.wikipedia.org/wiki/Burgfarrnbach &lt;br&gt;              
                    wikidata_link : http://www.wikidata.org/entity/Q1014921</description>
                <styleUrl>#34</styleUrl>
                <Point id="1601">
                    <coordinates>10.925,49.4883,0.0</coordinates>
                </Point>
            </Placemark>
            <Placemark id="1604">
                <name>Buckenhofer Forst</name>
                <description>                    category  : unincorporated area in Germany &lt;br&gt;   
                    sitelinks : 4.0 &lt;br&gt;   
                    articleEN :  &lt;br&gt;             
                    articleDE : https://de.wikipedia.org/wiki/Buckenhofer_Forst &lt;br&gt;              
                    wikidata_link : http://www.wikidata.org/entity/Q999499</description>
                <styleUrl>#34</styleUrl>
                <Point id="1603">
                    <coordinates>11.0608,49.5819,0.0</coordinates>
                </Point>
            </Placemark>
            <Placemark id="1606">
                <name>Faber Park</name>
                <description>                    category  : forest &lt;br&gt;   
                    sitelinks : 4.0 &lt;br&gt;   
                    articleEN :  &lt;br&gt;             
                    articleDE : https://de.wikipedia.org/wiki/Faberpark &lt;br&gt;              
                    wikidata_link : http://www.wikidata.org/entity/Q935026</description>
                <styleUrl>#34</styleUrl>
                <Point id="1605">
                    <coordinates>11.025893268648,49.413769618432,0.0</coordinates>
                </Point>
            </Placemark>
            <Placemark id="1608">
                <name>Großgründlach</name>
                <description>                    category  : Ortsteil &lt;br&gt;   
                    sitelinks : 4.0 &lt;br&gt;   
                    articleEN :  &lt;br&gt;             
                    articleDE : https://de.wikipedia.org/wiki/Gro%C3%9Fgr%C3%BCndlach &lt;br&gt;              
                    wikidata_link : http://www.wikidata.org/entity/Q896486</description>
                <styleUrl>#34</styleUrl>
                <Point id="1607">
                    <coordinates>11.008333333333,49.527222222222,0.0</coordinates>
                </Point>
            </Placemark>
            <Placemark id="1610">
                <name>Nuremberg Exhibition Centre</name>
                <description>                    category  : event venue &lt;br&gt;   
                    sitelinks : 4.0 &lt;br&gt;   
                    articleEN :  &lt;br&gt;             
                    articleDE : https://de.wikipedia.org/wiki/N%C3%BCrnberg_Messe &lt;br&gt;              
                    wikidata_link : http://www.wikidata.org/entity/Q895956</description>
                <styleUrl>#34</styleUrl>
                <Point id="1609">
                    <coordinates>11.115,49.417222,0.0</coordinates>
                </Point>
            </Placemark>
            <Placemark id="1612">
                <name>Lutheran University of Applied Sciences Nuremberg</name>
                <description>                    category  : university of applied sciences &lt;br&gt;   
                    sitelinks : 4.0 &lt;br&gt;   
                    articleEN : https://en.wikipedia.org/wiki/Lutheran_University_of_Applied_Sciences_Nuremberg &lt;br&gt;             
                    articleDE : https://de.wikipedia.org/wiki/Evangelische_Hochschule_N%C3%BCrnberg &lt;br&gt;              
                    wikidata_link : http://www.wikidata.org/entity/Q475312</description>
                <styleUrl>#34</styleUrl>
                <Point id="1611">
                    <coordinates>11.060323,49.450809,0.0</coordinates>
                </Point>
            </Placemark>
            <Placemark id="1614">
                <name>Alte Veste</name>
                <description>                    category  : castle &lt;br&gt;   
                    sitelinks : 4.0 &lt;br&gt;   
                    articleEN :  &lt;br&gt;             
                    articleDE : https://de.wikipedia.org/wiki/Alte_Veste &lt;br&gt;              
                    wikidata_link : http://www.wikidata.org/entity/Q436352</description>
                <styleUrl>#34</styleUrl>
                <Point id="1613">
                    <coordinates>10.9661,49.4532,0.0</coordinates>
                </Point>
            </Placemark>
            <Placemark id="1616">
                <name>Fürther Stadtwald</name>
                <description>                    category  : forest &lt;br&gt;   
                    sitelinks : 4.0 &lt;br&gt;   
                    articleEN :  &lt;br&gt;             
                    articleDE : https://de.wikipedia.org/wiki/F%C3%BCrther_Stadtwald &lt;br&gt;              
                    wikidata_link : http://www.wikidata.org/entity/Q27926530</description>
                <styleUrl>#34</styleUrl>
                <Point id="1615">
                    <coordinates>10.93122,49.46451,0.0</coordinates>
                </Point>
            </Placemark>
            <Placemark id="1618">
                <name>St. Michael (Fürth)</name>
                <description>                    category  : parish church &lt;br&gt;   
                    sitelinks : 4.0 &lt;br&gt;   
                    articleEN : https://en.wikipedia.org/wiki/St._Michael,_F%C3%BCrth &lt;br&gt;             
                    articleDE : https://de.wikipedia.org/wiki/St._Michael_(F%C3%BCrth) &lt;br&gt;              
                    wikidata_link : http://www.wikidata.org/entity/Q27836093</description>
                <styleUrl>#34</styleUrl>
                <Point id="1617">
                    <coordinates>10.9885,49.480055555556,0.0</coordinates>
                </Point>
            </Placemark>
            <Placemark id="1620">
                <name>Stadtpark Nürnberg</name>
                <description>                    category  : park &lt;br&gt;   
                    sitelinks : 4.0 &lt;br&gt;   
                    articleEN :  &lt;br&gt;             
                    articleDE : https://de.wikipedia.org/wiki/Stadtpark_N%C3%BCrnberg &lt;br&gt;              
                    wikidata_link : http://www.wikidata.org/entity/Q2327771</description>
                <styleUrl>#34</styleUrl>
                <Point id="1619">
                    <coordinates>11.0925,49.465,0.0</coordinates>
                </Point>
            </Placemark>
            <Placemark id="1622">
                <name>Stadtmuseum Fembohaus</name>
                <description>                    category  : city museum &lt;br&gt;   
                    sitelinks : 4.0 &lt;br&gt;   
                    articleEN :  &lt;br&gt;             
                    articleDE : https://de.wikipedia.org/wiki/Stadtmuseum_Fembohaus &lt;br&gt;              
                    wikidata_link : http://www.wikidata.org/entity/Q2327648</description>
                <styleUrl>#34</styleUrl>
                <Point id="1621">
                    <coordinates>11.077170977427,49.456549168857,0.0</coordinates>
                </Point>
            </Placemark>
            <Placemark id="1624">
                <name>Verwaltungsgemeinschaft Obermichelbach-Tuchenbach</name>
                <description>                    category  : administrative community of Bavaria &lt;br&gt;   
                    sitelinks : 4.0 &lt;br&gt;   
                    articleEN :  &lt;br&gt;             
                    articleDE : https://de.wikipedia.org/wiki/Verwaltungsgemeinschaft_Obermichelbach-Tuchenbach &lt;br&gt;              
                    wikidata_link : http://www.wikidata.org/entity/Q586580</description>
                <styleUrl>#34</styleUrl>
                <Point id="1623">
                    <coordinates>10.91,49.5308,0.0</coordinates>
                </Point>
            </Placemark>
            <Placemark id="1626">
                <name>Tucherschloss</name>
                <description>                    category  : château &lt;br&gt;   
                    sitelinks : 4.0 &lt;br&gt;   
                    articleEN :  &lt;br&gt;             
                    articleDE : https://de.wikipedia.org/wiki/Tucherschloss &lt;br&gt;              
                    wikidata_link : http://www.wikidata.org/entity/Q2459075</description>
                <styleUrl>#34</styleUrl>
                <Point id="1625">
                    <coordinates>11.0842,49.4575,0.0</coordinates>
                </Point>
            </Placemark>
            <Placemark id="1628">
                <name>Tritonbrunnen</name>
                <description>                    category  : water well &lt;br&gt;   
                    sitelinks : 4.0 &lt;br&gt;   
                    articleEN :  &lt;br&gt;             
                    articleDE : https://de.wikipedia.org/wiki/Tritonbrunnen_(N%C3%BCrnberg) &lt;br&gt;              
                    wikidata_link : http://www.wikidata.org/entity/Q2454326</description>
                <styleUrl>#34</styleUrl>
                <Point id="1627">
                    <coordinates>11.0724,49.4544,0.0</coordinates>
                </Point>
            </Placemark>
            <Placemark id="1630">
                <name>Nürnberg South Cemetery</name>
                <description>                    category  : cemetery &lt;br&gt;   
                    sitelinks : 4.0 &lt;br&gt;   
                    articleEN :  &lt;br&gt;             
                    articleDE : https://de.wikipedia.org/wiki/S%C3%BCdfriedhof_(N%C3%BCrnberg) &lt;br&gt;              
                    wikidata_link : http://www.wikidata.org/entity/Q2380753</description>
                <styleUrl>#34</styleUrl>
                <Point id="1629">
                    <coordinates>11.08876097252,49.409930212964,0.0</coordinates>
                </Point>
            </Placemark>
            <Placemark id="1632">
                <name>Kreuz Nürnberg</name>
                <description>                    category  : interchange &lt;br&gt;   
                    sitelinks : 4.0 &lt;br&gt;   
                    articleEN :  &lt;br&gt;             
                    articleDE : https://de.wikipedia.org/wiki/Autobahnkreuz_N%C3%BCrnberg &lt;br&gt;              
                    wikidata_link : http://www.wikidata.org/entity/Q785859</description>
                <styleUrl>#34</styleUrl>
                <Point id="1631">
                    <coordinates>11.2438,49.4587,0.0</coordinates>
                </Point>
            </Placemark>
            <Placemark id="1634">
                <name>Gostenhof</name>
                <description>                    category  : Q28538792 &lt;br&gt;   
                    sitelinks : 4.0 &lt;br&gt;   
                    articleEN :  &lt;br&gt;             
                    articleDE : https://de.wikipedia.org/wiki/Gostenhof &lt;br&gt;              
                    wikidata_link : http://www.wikidata.org/entity/Q1538632</description>
                <styleUrl>#34</styleUrl>
                <Point id="1633">
                    <coordinates>11.058888888889,49.446666666667,0.0</coordinates>
                </Point>
            </Placemark>
            <Placemark id="1636">
                <name>Schmausenbuck</name>
                <description>                    category  : hill &lt;br&gt;   
                    sitelinks : 4.0 &lt;br&gt;   
                    articleEN : https://en.wikipedia.org/wiki/Schmausenbuck &lt;br&gt;             
                    articleDE : https://de.wikipedia.org/wiki/Schmausenbuck &lt;br&gt;              
                    wikidata_link : http://www.wikidata.org/entity/Q1534162</description>
                <styleUrl>#34</styleUrl>
                <Point id="1635">
                    <coordinates>11.14891,49.44934,0.0</coordinates>
                </Point>
            </Placemark>
            <Placemark id="1638">
                <name>Geschaidt</name>
                <description>                    category  : unincorporated area in Germany &lt;br&gt;   
                    sitelinks : 4.0 &lt;br&gt;   
                    articleEN :  &lt;br&gt;             
                    articleDE : https://de.wikipedia.org/wiki/Geschaidt &lt;br&gt;              
                    wikidata_link : http://www.wikidata.org/entity/Q1516261</description>
                <styleUrl>#34</styleUrl>
                <Point id="1637">
                    <coordinates>11.1828,49.5381,0.0</coordinates>
                </Point>
            </Placemark>
            <Placemark id="1640">
                <name>Erlenstegener Forst</name>
                <description>                    category  : unincorporated area in Germany &lt;br&gt;   
                    sitelinks : 4.0 &lt;br&gt;   
                    articleEN :  &lt;br&gt;             
                    articleDE : https://de.wikipedia.org/wiki/Erlenstegener_Forst &lt;br&gt;              
                    wikidata_link : http://www.wikidata.org/entity/Q1355575</description>
                <styleUrl>#34</styleUrl>
                <Point id="1639">
                    <coordinates>11.1583,49.4889,0.0</coordinates>
                </Point>
            </Placemark>
            <Placemark id="1642">
                <name>Museum of Communication Nuremberg</name>
                <description>                    category  : museum &lt;br&gt;   
                    sitelinks : 4.0 &lt;br&gt;   
                    articleEN : https://en.wikipedia.org/wiki/Museum_of_Communication,_Nuremberg,_Germany &lt;br&gt;             
                    articleDE : https://de.wikipedia.org/wiki/Museum_f%C3%BCr_Kommunikation_N%C3%BCrnberg &lt;br&gt;              
                    wikidata_link : http://www.wikidata.org/entity/Q1954644</description>
                <styleUrl>#34</styleUrl>
                <Point id="1641">
                    <coordinates>11.07444444,49.44555556,0.0</coordinates>
                </Point>
            </Placemark>
            <Placemark id="1644">
                <name>Max Planck Institute for the Science of Light</name>
                <description>                    category  : Max Planck Institute &lt;br&gt;   
                    sitelinks : 4.0 &lt;br&gt;   
                    articleEN : https://en.wikipedia.org/wiki/Max_Planck_Institute_for_the_Science_of_Light &lt;br&gt;             
                    articleDE : https://de.wikipedia.org/wiki/Max-Planck-Institut_f%C3%BCr_die_Physik_des_Lichts &lt;br&gt;              
                    wikidata_link : http://www.wikidata.org/entity/Q1912109</description>
                <styleUrl>#34</styleUrl>
                <Point id="1643">
                    <coordinates>11.005556,49.576667,0.0</coordinates>
                </Point>
            </Placemark>
            <Placemark id="1646">
                <name>Mögeldorf</name>
                <description>                    category  : Q28538792 &lt;br&gt;   
                    sitelinks : 4.0 &lt;br&gt;   
                    articleEN :  &lt;br&gt;             
                    articleDE : https://de.wikipedia.org/wiki/M%C3%B6geldorf &lt;br&gt;              
                    wikidata_link : http://www.wikidata.org/entity/Q1875426</description>
                <styleUrl>#34</styleUrl>
                <Point id="1645">
                    <coordinates>11.131944444444,49.459444444444,0.0</coordinates>
                </Point>
            </Placemark>
            <Placemark id="1648">
                <name>Katzwang</name>
                <description>                    category  : Ortsteil &lt;br&gt;   
                    sitelinks : 4.0 &lt;br&gt;   
                    articleEN : https://en.wikipedia.org/wiki/Katzwang &lt;br&gt;             
                    articleDE : https://de.wikipedia.org/wiki/Katzwang &lt;br&gt;              
                    wikidata_link : http://www.wikidata.org/entity/Q878008</description>
                <styleUrl>#34</styleUrl>
                <Point id="1647">
                    <coordinates>11.05,49.35,0.0</coordinates>
                </Point>
            </Placemark>
            <Placemark id="1650">
                <name>Eichenwaldgraben</name>
                <description>                    category  : river &lt;br&gt;   
                    sitelinks : 4.0 &lt;br&gt;   
                    articleEN : https://en.wikipedia.org/wiki/Eichenwaldgraben &lt;br&gt;             
                    articleDE : https://de.wikipedia.org/wiki/Eichenwaldgraben &lt;br&gt;              
                    wikidata_link : http://www.wikidata.org/entity/Q827256</description>
                <styleUrl>#34</styleUrl>
                <Point id="1649">
                    <coordinates>11.0286,49.3961,0.0</coordinates>
                </Point>
            </Placemark>
            <Placemark id="1652">
                <name>Q1760098</name>
                <description>                    category  : metropolis &lt;br&gt;   
                    sitelinks : 4.0 &lt;br&gt;   
                    articleEN :  &lt;br&gt;             
                    articleDE : https://de.wikipedia.org/wiki/Rum%C3%A4nische_Orthodoxe_Metropolie_f%C3%BCr_Deutschland,_Zentral-_und_Nordeuropa &lt;br&gt;              
                    wikidata_link : http://www.wikidata.org/entity/Q1760098</description>
                <styleUrl>#34</styleUrl>
                <Point id="1651">
                    <coordinates>11.03967222,49.45682778,0.0</coordinates>
                </Point>
            </Placemark>
            <Placemark id="1654">
                <name>Kalchreuther Forst</name>
                <description>                    category  : unincorporated area in Germany &lt;br&gt;   
                    sitelinks : 4.0 &lt;br&gt;   
                    articleEN :  &lt;br&gt;             
                    articleDE : https://de.wikipedia.org/wiki/Kalchreuther_Forst &lt;br&gt;              
                    wikidata_link : http://www.wikidata.org/entity/Q1722095</description>
                <styleUrl>#34</styleUrl>
                <Point id="1653">
                    <coordinates>11.1156,49.5333,0.0</coordinates>
                </Point>
            </Placemark>
            <Placemark id="1656">
                <name>Irrhain</name>
                <description>                    category  : park &lt;br&gt;   
                    sitelinks : 4.0 &lt;br&gt;   
                    articleEN : https://en.wikipedia.org/wiki/Irrhain &lt;br&gt;             
                    articleDE : https://de.wikipedia.org/wiki/Irrhain &lt;br&gt;              
                    wikidata_link : http://www.wikidata.org/entity/Q1668088</description>
                <styleUrl>#34</styleUrl>
                <Point id="1655">
                    <coordinates>11.0603575393,49.51465854564,0.0</coordinates>
                </Point>
            </Placemark>
            <Placemark id="1658">
                <name>Fischbach bei Nürnberg</name>
                <description>                    category  : Ortsteil &lt;br&gt;   
                    sitelinks : 4.0 &lt;br&gt;   
                    articleEN : https://en.wikipedia.org/wiki/Fischbach_(Nuremberg) &lt;br&gt;             
                    articleDE : https://de.wikipedia.org/wiki/Fischbach_bei_N%C3%BCrnberg &lt;br&gt;              
                    wikidata_link : http://www.wikidata.org/entity/Q1289877</description>
                <styleUrl>#34</styleUrl>
                <Point id="1657">
                    <coordinates>11.193611111111,49.421111111111,0.0</coordinates>
                </Point>
            </Placemark>
            <Placemark id="1660">
                <name>Dürer-Pirckheimer-Brunnen</name>
                <description>                    category  : water well &lt;br&gt;   
                    sitelinks : 4.0 &lt;br&gt;   
                    articleEN :  &lt;br&gt;             
                    articleDE : https://de.wikipedia.org/wiki/D%C3%BCrer-Pirckheimer-Brunnen &lt;br&gt;              
                    wikidata_link : http://www.wikidata.org/entity/Q1272032</description>
                <styleUrl>#34</styleUrl>
                <Point id="1659">
                    <coordinates>11.0732,49.4541,0.0</coordinates>
                </Point>
            </Placemark>
            <Placemark id="1662">
                <name>Laufer Tor</name>
                <description>                    category  : gate &lt;br&gt;   
                    sitelinks : 4.0 &lt;br&gt;   
                    articleEN :  &lt;br&gt;             
                    articleDE : https://de.wikipedia.org/wiki/Laufer_Tor &lt;br&gt;              
                    wikidata_link : http://www.wikidata.org/entity/Q1254235</description>
                <styleUrl>#34</styleUrl>
                <Point id="1661">
                    <coordinates>11.08806,49.45755,0.0</coordinates>
                </Point>
            </Placemark>
        </Folder>
        <Folder id="17">
            <name>S</name>
            <Placemark id="1844">
                <name>St. Sebaldus</name>
                <description>                    category  : church building &lt;br&gt;   
                    sitelinks : 21.0 &lt;br&gt;   
                    articleEN : https://en.wikipedia.org/wiki/St._Sebaldus_Church,_Nuremberg &lt;br&gt;             
                    articleDE : https://de.wikipedia.org/wiki/St._Sebald_(N%C3%BCrnberg) &lt;br&gt;              
                    wikidata_link : http://www.wikidata.org/entity/Q368576</description>
                <styleUrl>#icon-1739-FF0000</styleUrl>
                <Point id="1843">
                    <coordinates>11.076475,49.455314,0.0</coordinates>
                </Point>
            </Placemark>
            <Placemark id="1846">
                <name>Trolli Arena</name>
                <description>                    category  : association football venue &lt;br&gt;   
                    sitelinks : 22.0 &lt;br&gt;   
                    articleEN : https://en.wikipedia.org/wiki/Sportpark_Ronhof_Thomas_Sommer &lt;br&gt;             
                    articleDE : https://de.wikipedia.org/wiki/Sportpark_Ronhof &lt;br&gt;              
                    wikidata_link : http://www.wikidata.org/entity/Q684301</description>
                <styleUrl>#icon-1739-FF0000</styleUrl>
                <Point id="1845">
                    <coordinates>10.999167,49.486944,0.0</coordinates>
                </Point>
            </Placemark>
            <Placemark id="1848">
                <name>Nazi party rally grounds</name>
                <description>                    category  : building complex &lt;br&gt;   
                    sitelinks : 24.0 &lt;br&gt;   
                    articleEN : https://en.wikipedia.org/wiki/Nazi_Party_rally_grounds &lt;br&gt;             
                    articleDE : https://de.wikipedia.org/wiki/Reichsparteitagsgel%C3%A4nde &lt;br&gt;              
                    wikidata_link : http://www.wikidata.org/entity/Q819439</description>
                <styleUrl>#icon-1739-FF0000</styleUrl>
                <Point id="1847">
                    <coordinates>11.117530086817,49.426632775011,0.0</coordinates>
                </Point>
            </Placemark>
            <Placemark id="1850">
                <name>Germanisches Nationalmuseum</name>
                <description>                    category  : nonprofit organization &lt;br&gt;   
                    sitelinks : 25.0 &lt;br&gt;   
                    articleEN : https://en.wikipedia.org/wiki/Germanisches_Nationalmuseum &lt;br&gt;             
                    articleDE : https://de.wikipedia.org/wiki/Germanisches_Nationalmuseum &lt;br&gt;              
                    wikidata_link : http://www.wikidata.org/entity/Q478695</description>
                <styleUrl>#icon-1739-FF0000</styleUrl>
                <Point id="1849">
                    <coordinates>11.075556,49.448333,0.0</coordinates>
                </Point>
            </Placemark>
            <Placemark id="1852">
                <name>Rednitz</name>
                <description>                    category  : river &lt;br&gt;   
                    sitelinks : 25.0 &lt;br&gt;   
                    articleEN : https://en.wikipedia.org/wiki/Rednitz &lt;br&gt;             
                    articleDE : https://de.wikipedia.org/wiki/Rednitz &lt;br&gt;              
                    wikidata_link : http://www.wikidata.org/entity/Q694389</description>
                <styleUrl>#icon-1739-FF0000</styleUrl>
                <Point id="1851">
                    <coordinates>11.0222,49.1881,0.0</coordinates>
                </Point>
            </Placemark>
            <Placemark id="1854">
                <name>Nuremberg Castle</name>
                <description>                    category  : castle &lt;br&gt;   
                    sitelinks : 30.0 &lt;br&gt;   
                    articleEN : https://en.wikipedia.org/wiki/Nuremberg_Castle &lt;br&gt;             
                    articleDE : https://de.wikipedia.org/wiki/N%C3%BCrnberger_Burg &lt;br&gt;              
                    wikidata_link : http://www.wikidata.org/entity/Q707396</description>
                <styleUrl>#icon-1739-FF0000</styleUrl>
                <Point id="1853">
                    <coordinates>11.0759,49.4579,0.0</coordinates>
                </Point>
            </Placemark>
            <Placemark id="1856">
                <name>Regnitz</name>
                <description>                    category  : river &lt;br&gt;   
                    sitelinks : 32.0 &lt;br&gt;   
                    articleEN : https://en.wikipedia.org/wiki/Regnitz &lt;br&gt;             
                    articleDE : https://de.wikipedia.org/wiki/Regnitz &lt;br&gt;              
                    wikidata_link : http://www.wikidata.org/entity/Q643525</description>
                <styleUrl>#icon-1739-FF0000</styleUrl>
                <Point id="1855">
                    <coordinates>10.8303,49.9144,0.0</coordinates>
                </Point>
            </Placemark>
            <Placemark id="1858">
                <name>Schwaig bei Nürnberg</name>
                <description>                    category  : municipality without town privileges in Germany &lt;br&gt;   
                    sitelinks : 35.0 &lt;br&gt;   
                    articleEN : https://en.wikipedia.org/wiki/Schwaig &lt;br&gt;             
                    articleDE : https://de.wikipedia.org/wiki/Schwaig_bei_N%C3%BCrnberg &lt;br&gt;              
                    wikidata_link : http://www.wikidata.org/entity/Q508122</description>
                <styleUrl>#icon-1739-FF0000</styleUrl>
                <Point id="1857">
                    <coordinates>11.200833333333,49.469166666667,0.0</coordinates>
                </Point>
            </Placemark>
            <Placemark id="1860">
                <name>Kalchreuth</name>
                <description>                    category  : municipality without town privileges in Germany &lt;br&gt;   
                    sitelinks : 35.0 &lt;br&gt;   
                    articleEN : https://en.wikipedia.org/wiki/Kalchreuth &lt;br&gt;             
                    articleDE : https://de.wikipedia.org/wiki/Kalchreuth &lt;br&gt;              
                    wikidata_link : http://www.wikidata.org/entity/Q507773</description>
                <styleUrl>#icon-1739-FF0000</styleUrl>
                <Point id="1859">
                    <coordinates>11.133333333333,49.566666666667,0.0</coordinates>
                </Point>
            </Placemark>
            <Placemark id="1862">
                <name>Rückersdorf</name>
                <description>                    category  : municipality without town privileges in Germany &lt;br&gt;   
                    sitelinks : 35.0 &lt;br&gt;   
                    articleEN : https://en.wikipedia.org/wiki/R%C3%BCckersdorf,_Bavaria &lt;br&gt;             
                    articleDE : https://de.wikipedia.org/wiki/R%C3%BCckersdorf_(Mittelfranken) &lt;br&gt;              
                    wikidata_link : http://www.wikidata.org/entity/Q529947</description>
                <styleUrl>#icon-1739-FF0000</styleUrl>
                <Point id="1861">
                    <coordinates>11.25,49.5,0.0</coordinates>
                </Point>
            </Placemark>
            <Placemark id="1864">
                <name>Nuremberg Medical Trial</name>
                <description>                    category  : war crimes trial &lt;br&gt;   
                    sitelinks : 35.0 &lt;br&gt;   
                    articleEN : https://en.wikipedia.org/wiki/Doctors%27_Trial &lt;br&gt;             
                    articleDE : https://de.wikipedia.org/wiki/N%C3%BCrnberger_%C3%84rzteprozess &lt;br&gt;              
                    wikidata_link : http://www.wikidata.org/entity/Q160721</description>
                <styleUrl>#icon-1739-FF0000</styleUrl>
                <Point id="1863">
                    <coordinates>11.0485,49.4543,0.0</coordinates>
                </Point>
            </Placemark>
            <Placemark id="1866">
                <name>Pegnitz</name>
                <description>                    category  : watercourse &lt;br&gt;   
                    sitelinks : 36.0 &lt;br&gt;   
                    articleEN : https://en.wikipedia.org/wiki/Pegnitz_(river) &lt;br&gt;             
                    articleDE : https://de.wikipedia.org/wiki/Pegnitz_(Fluss) &lt;br&gt;              
                    wikidata_link : http://www.wikidata.org/entity/Q163880</description>
                <styleUrl>#icon-1739-FF0000</styleUrl>
                <Point id="1865">
                    <coordinates>11.5377,49.7582,0.0</coordinates>
                </Point>
            </Placemark>
            <Placemark id="1868">
                <name>Nuremberg Airport</name>
                <description>                    category  : commercial airport &lt;br&gt;   
                    sitelinks : 36.0 &lt;br&gt;   
                    articleEN : https://en.wikipedia.org/wiki/Nuremberg_Airport &lt;br&gt;             
                    articleDE : https://de.wikipedia.org/wiki/Flughafen_N%C3%BCrnberg &lt;br&gt;              
                    wikidata_link : http://www.wikidata.org/entity/Q265994</description>
                <styleUrl>#icon-1739-FF0000</styleUrl>
                <Point id="1867">
                    <coordinates>11.078008333333,49.4987,0.0</coordinates>
                </Point>
            </Placemark>
            <Placemark id="1870">
                <name>Obermichelbach</name>
                <description>                    category  : municipality without town privileges in Germany &lt;br&gt;   
                    sitelinks : 37.0 &lt;br&gt;   
                    articleEN : https://en.wikipedia.org/wiki/Obermichelbach &lt;br&gt;             
                    articleDE : https://de.wikipedia.org/wiki/Obermichelbach &lt;br&gt;              
                    wikidata_link : http://www.wikidata.org/entity/Q521007</description>
                <styleUrl>#icon-1739-FF0000</styleUrl>
                <Point id="1869">
                    <coordinates>10.91,49.530833333333,0.0</coordinates>
                </Point>
            </Placemark>
            <Placemark id="1872">
                <name>Veitsbronn</name>
                <description>                    category  : municipality without town privileges in Germany &lt;br&gt;   
                    sitelinks : 37.0 &lt;br&gt;   
                    articleEN : https://en.wikipedia.org/wiki/Veitsbronn &lt;br&gt;             
                    articleDE : https://de.wikipedia.org/wiki/Veitsbronn &lt;br&gt;              
                    wikidata_link : http://www.wikidata.org/entity/Q524234</description>
                <styleUrl>#icon-1739-FF0000</styleUrl>
                <Point id="1871">
                    <coordinates>10.889444444444,49.510833333333,0.0</coordinates>
                </Point>
            </Placemark>
            <Placemark id="1874">
                <name>Heroldsberg</name>
                <description>                    category  : market municipality of Germany &lt;br&gt;   
                    sitelinks : 37.0 &lt;br&gt;   
                    articleEN : https://en.wikipedia.org/wiki/Heroldsberg &lt;br&gt;             
                    articleDE : https://de.wikipedia.org/wiki/Heroldsberg &lt;br&gt;              
                    wikidata_link : http://www.wikidata.org/entity/Q73542</description>
                <styleUrl>#icon-1739-FF0000</styleUrl>
                <Point id="1873">
                    <coordinates>11.15,49.533333333333,0.0</coordinates>
                </Point>
            </Placemark>
            <Placemark id="1876">
                <name>Wendelstein</name>
                <description>                    category  : market municipality of Germany &lt;br&gt;   
                    sitelinks : 38.0 &lt;br&gt;   
                    articleEN : https://en.wikipedia.org/wiki/Wendelstein,_Bavaria &lt;br&gt;             
                    articleDE : https://de.wikipedia.org/wiki/Wendelstein_(Mittelfranken) &lt;br&gt;              
                    wikidata_link : http://www.wikidata.org/entity/Q522236</description>
                <styleUrl>#icon-1739-FF0000</styleUrl>
                <Point id="1875">
                    <coordinates>11.148333333333,49.353611111111,0.0</coordinates>
                </Point>
            </Placemark>
            <Placemark id="1878">
                <name>Feucht</name>
                <description>                    category  : market municipality of Germany &lt;br&gt;   
                    sitelinks : 41.0 &lt;br&gt;   
                    articleEN : https://en.wikipedia.org/wiki/Feucht &lt;br&gt;             
                    articleDE : https://de.wikipedia.org/wiki/Feucht_(Mittelfranken) &lt;br&gt;              
                    wikidata_link : http://www.wikidata.org/entity/Q512293</description>
                <styleUrl>#icon-1739-FF0000</styleUrl>
                <Point id="1877">
                    <coordinates>11.213055555556,49.375833333333,0.0</coordinates>
                </Point>
            </Placemark>
            <Placemark id="1880">
                <name>Max-Morlock-Stadion</name>
                <description>                    category  : association football venue &lt;br&gt;   
                    sitelinks : 41.0 &lt;br&gt;   
                    articleEN : https://en.wikipedia.org/wiki/Max-Morlock-Stadion &lt;br&gt;             
                    articleDE : https://de.wikipedia.org/wiki/Max-Morlock-Stadion &lt;br&gt;              
                    wikidata_link : http://www.wikidata.org/entity/Q152599</description>
                <styleUrl>#icon-1739-FF0000</styleUrl>
                <Point id="1879">
                    <coordinates>11.125617009146,49.42624062489,0.0</coordinates>
                </Point>
            </Placemark>
            <Placemark id="1882">
                <name>Zirndorf</name>
                <description>                    category  : district capital &lt;br&gt;   
                    sitelinks : 45.0 &lt;br&gt;   
                    articleEN : https://en.wikipedia.org/wiki/Zirndorf &lt;br&gt;             
                    articleDE : https://de.wikipedia.org/wiki/Zirndorf &lt;br&gt;              
                    wikidata_link : http://www.wikidata.org/entity/Q72977</description>
                <styleUrl>#icon-1739-FF0000</styleUrl>
                <Point id="1881">
                    <coordinates>10.95,49.45,0.0</coordinates>
                </Point>
            </Placemark>
            <Placemark id="1884">
                <name>Nuremberg trials</name>
                <description>                    category  : war crimes trial &lt;br&gt;   
                    sitelinks : 88.0 &lt;br&gt;   
                    articleEN : https://en.wikipedia.org/wiki/Nuremberg_trials &lt;br&gt;             
                    articleDE : https://de.wikipedia.org/wiki/N%C3%BCrnberger_Prozess_gegen_die_Hauptkriegsverbrecher &lt;br&gt;              
                    wikidata_link : http://www.wikidata.org/entity/Q80130</description>
                <styleUrl>#icon-1739-FF0000</styleUrl>
                <Point id="1883">
                    <coordinates>11.048333333333,49.454444444444,0.0</coordinates>
                </Point>
            </Placemark>
            <Placemark id="1886">
                <name>Fürth</name>
                <description>                    category  : major regional center &lt;br&gt;   
                    sitelinks : 96.0 &lt;br&gt;   
                    articleEN : https://en.wikipedia.org/wiki/F%C3%BCrth &lt;br&gt;             
                    articleDE : https://de.wikipedia.org/wiki/F%C3%BCrth &lt;br&gt;              
                    wikidata_link : http://www.wikidata.org/entity/Q3075</description>
                <styleUrl>#icon-1739-FF0000</styleUrl>
                <Point id="1885">
                    <coordinates>10.990277777778,49.478333333333,0.0</coordinates>
                </Point>
            </Placemark>
        </Folder>
        <Placemark id="184">
            <styleUrl>#182</styleUrl>
            <Point id="183">
                <coordinates>0.0, 0.0, 0.0</coordinates>
            </Point>
        </Placemark>
    </Document>
</kml>
